job_name,company_name,salary,work_area,city,education,work_year,issue_date,source,skill_requirements,tech_tags,job_url
产品经理,电子/半导体/集成电路1000-2000人,12-18k·13薪,厦门,厦门,本科,3-5年,今日更新,liepin,"岗位职责
1、市场与需求支持 ：
1）维护和管理灯具/电源/应急照明产品线的需求，进行初步的需求优先级评估。
2）收集并整理竞品信息，进行基础功能对比分析。
2、产品定义与开发支持 ：
1）撰写产品需求文档 (PRD) 中的功能描述、用户故事、验收标准等具体细节。
2）创建和维护产品原型、流程图等设计辅助材料。
3）参与研发团队日常沟通，跟踪开发进度，识别并初步协调解决开发过程中的小问题或阻碍。
4）进行产品功能验收测试 (UAT)，执行测试用例，记录Bug并与研发沟通修复。
3、产品资料与推广支持 ：
1）负责制作、维护灯具/电源/应急照明产品线的市场推广材料，包括：产品说明书、宣传单页、产品目录、画册、PPT演示文稿、网站产品描述、基础宣传文案等。
2）负责输出和维护电源/应急照明产品线的技术文档，如Datasheet、用户手册（初稿）、安装指南等（与研发/技术支持协作）。
4、上市与生命周期管理：
1）制定和执行灯具/电源/应急照明产品的上市计划（Go-to-Market Plan）中的具体任务。
2）协调内部资源（如市场、销售、技术支持）确保产品顺利上市。
3）监控灯具/电源/应急照明产品的市场表现（销售数据、用户反馈等），进行基础数据分析并制作报告。
5、跨部门协作：作为灯具/电源/应急照明产品线的接口人，与研发、测试、市场、销售、技术支持等部门进行日常沟通协调。

岗位要求
1、本科以上学历，3~5年左右相关产品工作经验；
2、电子相关行业灯具/电源/应急照明产品经验优先。",Go 测试用例 市场推广 技术文档 技术支持 数据分析 跨部门协作,https://www.liepin.com/job/1983749395.shtml
电机驱动软件工程师,深圳星灿智能机器人有限公司,18-35k·13薪,深圳-南山区,深圳,统招本科,5年以上,7月30日更新,liepin,"岗位职责：
1、需求分析与方案设计：深度参与轮椅/机器人电机驱动项目，与硬件团队、产品经理协同，精准把握电机驱动控制需求（尤其载人场景下的安全性与平顺性），制定软件架构与开发方案，确保软件功能满足电机性能指标，如转速精度、扭矩控制精度、响应时间等。
2、算法开发与优化：主导电机控制算法的开发与优化，包括有感FOC（基于霍尔/编码器）、无感FOC、PID控制等，提升电机运行效率、稳定性与动态响应性能，降低电机运行时的振动和噪声，优化运动控制的平顺性（尤其关注起步/停止/加减速的平滑过渡）。
3、代码编写与调试：运用C、C++等编程语言，编写高可靠性电机驱动软件代码，完成电机启动、调速、制动等功能的编程实现，利用调试工具对代码进行全面调试，解决软件运行中的各类问题，确保载人场景下的软件鲁棒性。
4、硬件协同开发：与硬件工程师紧密协作，参与硬件选型评估（含电机选型、MOSFET/IGBT选型、电流采样方案等），依据硬件特性开展软件设计与优化，确保硬件与软件协同良好，实现电机高效、安全驱动控制。
5、测试与验证：制定软件测试计划，执行单元测试、集成测试、系统测试（含载人安全场景验证），对电机驱动软件功能、性能、可靠性进行全面验证，依据测试结果优化软件，保障软件质量与载人安全性。
6、技术文档撰写：编写详细技术文档，如需求规格说明书、设计文档、测试报告等，保证技术知识传承与共享，方便团队成员后续维护与升级。
任职要求：
1、本科及以上学历，自动化、电气工程及其自动化、电子信息工程等相关专业，5年以上电机驱动软件开发经验。
2、精通C、C++语言编程，具备扎实的数据结构和算法基础，有良好的代码规范与工程化能力。
3、精通有感无感FOC控制算法，深入理解电机数学模型（如PMSM、BLDC），具备在工程项目中使用霍尔传感器和编码器传感器完成有感FOC的实战经验。（刚性要求）
4、具备电机参数辨识、观测器设计、死区补偿、弱磁控制等高级算法开发经验，能独立完成电流环、速度环、位置环的建模与调优。
5、熟悉电机驱动硬件电路，精通功率器件（MOSFET/IGBT）工作原理与选型逻辑，能协同硬件工程师完成驱动电路设计与优化。
6、掌握CAN、SPI、UART等通信协议及PWM控制，熟悉载人设备对电机控制的安全要求（如冗余保护、故障诊断、防溜坡、缓启动/缓停止等）。
7、具备优秀的跨团队沟通能力与系统级思考能力，能独立与硬件、算法、产品团队进行技术决策。
8、具备良好问题解决能力，能熟练使用示波器、逻辑分析仪等工具进行硬件调试与软件故障排查。",C++ CAN SPI UART 需求分析 方案设计 测试计划 技术文档 故障排查,https://www.liepin.com/job/1981326865.shtml
C端产品经理（学习硬件）,在线教育D轮及以上500-999人,15-25k,成都,成都,本科,经验不限,7月23日更新,liepin,"岗位职责：
1、负责百词斩核心学习硬件内的C端产品从规划到上线全流程；
2、基于数据、用户反馈及产品思考，深度洞察英语学习场景下的痛点与需求，并将其转化为具体的产品功能与设计；
3、与ID设计、供应链等项目组沟通协作，推动需求完成上线。

任职要求
1、本科及以上学历，3 年左右 C 端产品经验，有教育类或消费硬件类产品经验者优先。
2、能独立梳理产品逻辑与业务流程，具备较强的逻辑思维和用户需求洞察能力，善于将用户需求转化为产品设计，且有优秀的产品落地执行能力。
3、有良好的用户思维与学习能力，能快速学习硬件业内新知识、新趋势。",供应链 产品设计,https://www.liepin.com/job/1984358223.shtml
硬件产品经理,某大型知名通信设备公司,35-45k,杭州,杭州,统招本科,3-5年,7月2日更新,liepin,"工作职责
1. 负责机器人硬件产品的硬件拓展规划，制定拓展硬件规格和技术路线图。
2. 深入调研市场需求，结合产品定位，设计硬件功能和性能指标。
3. 新硬件技术/模组发掘，硬件交互体验设计，成本控制等。
4. 机器人硬件产品的质测、入库等交付流程及其他商用落地全流程工作支撑，包括技术规格书、认证资料梳理等；
5. 协助研发团队理解产品需求内容和交互使用，全程跟进产品研发，推动产品按时推出。
6、行业前沿创新硬件调研，定期输出专业调研报告。

任职资格
1. 教育背景：本科及以上学历，电子工程、计算机、机械工程等相关专业。
2. 工作经验：3年以上硬件产品管理经验，熟悉机器人或智能硬件行业。
3. 技能要求：熟悉硬件开发流程，具备工业设计、结构设计、电子硬件等协同设计流程概念；了解供应链管理，具备供应商评估和成本控制能力；
4. 个人素质：具备良好的项目管理和沟通协调能力；关注细节，能够从客户体验角度把控产品质量；具备较强的学习能力，对机器人领域有浓厚兴趣，能够适应快节奏的工作环境。
5. 有协作机器人、服务机器人、人形机器人、四足机器人、机器人核心零部件相关工作经验者优先。
",成本控制 供应链 项目管理,https://www.liepin.com/a/75420317.shtml
硬件产品经理（耳机）,某深圳知名公司,25-35k·13薪,深圳-宝安区,深圳,硕士,1年以上,今日更新,liepin,"岗    位：硬件产品经理
工作地点：深圳宝安区
年薪范围：25-45万人民币
岗位描述
1.参与硬件产品总体规划设计，通过分析市场需求、用户购买旅程、技术趋势、竞品和竞争环境等因素，为产品组合的规划成功提供输入；
2.制定产品系列路线图，对产品最终表现力、竞争力和用户体验负责；
3.深入洞察市场和销售需求，结合公司技术路线图和发展趋势，输出产品定义，并负责全生命周期管理和持续迭代，确保产品竞争优势和用户体验；
4.与营销、设计、开发和供应链团队紧密合作，领导团队按时保质保量满足产品交付需求，支撑公司业务快速增长。

任职要求
1.35 岁以下，硕士及以上学历，力学、声学、机械、电子、材料等相关理工科专业，有扎实的数理基础；
2.至少有1年以上硬件产品经理相关经验；有开放式耳机/音频设备/智能硬件行业经验，熟悉骨传导技术或定向声场技术优先；
3.热爱产品，对3C产品有浓厚的兴趣爱好，善于发现新事物，接受新思维，能深度思考，对产品追求极致；
4.有较强的逻辑思维能力、有责任感有担当、能有效决策，承受较大的工作压力；
5.有硬件产品从预研、定义、开发到上市全流程经验者优先；有项目管理经验者优先。硬件产品经理相关经验，有完整的硬件产品生命周期管理经验
汇报对象：产品总监
下属人数：个人贡献者为主，可带实习生或初级产品经理
岗位性质：从0到1创造产品，对产品全生命周期负责
招聘原因：新品线爆发（运动/通勤/游泳/医疗），缺懂骨传导/开放式音频的专业硬件产品经理，需要做下一代开放式耳机、骨传导穿戴、音频硬件
负责板块：
(1)负责耳机/运动线/耳夹线/耳挂线/通讯线，新形态的耳机和一些可穿戴类的产品
(2)主导0到1新品开发：定音质、漏音、佩戴、续航、蓝牙、结构、ID等核心指标
(3)对接声学/结构/电子/算法/供应链，解决硬件关键问题，推动量产
9.板块目标：打造下一代全球爆款开放式耳机
目标行业/公司及岗位（供参考）
1.耳机/音频巨头：万魔（1MORE）、漫步者、森海塞尔（中国）、Bose（中国）、JBL（中国）、铁三角、索尼（音频线）、歌尔股份、佳禾智能、国光电器、奋达科技、瑞声科技
2.穿戴/运动硬件：华为（穿戴/音频）、小米（耳机事业部）、OPPO（Enco）、vivo（TWS）、荣耀、一加、安克创新、倍思、绿联、漫步者、公牛数码
3.骨传导/开放式音频同行：南卡、逸鸥、木六、伯朗、飞利浦骨传导线
4.硬件ODM/OEM大厂：立讯精密、领益智造、华勤、龙旗、闻泰、光弘、德赛西威
核心业务
核心业务：开放式耳机（Open-ear headphones）的研发、设计、生产和销售。主要产品系列：OpenFit（舒适佩戴）、OpenRun（运动系列）、OpenSwim（游泳系列）、OpenMove（入门系列）等。",供应链 项目管理 Bose JBL OPPO Enco TWS Open-ear,https://www.liepin.com/a/76560835.shtml
智能硬件产品经理,某北京智能硬件/消费电子公司,40-60k·14薪,北京,北京,学历不限,5年以上,今日更新,liepin,"一、核心职责
1.产品规划与需求管理：调研国内高端智能硬件市场趋势、用户需求及竞品动态，结合公司战略，制定硬件产品规划与路线图；梳理需求优先级，输出清晰的产品需求文档（PRD）、硬件规格书，联动研发团队明确技术实现路径，确保产品贴合国内用户需求与高端定位。
2.产品全流程落地：主导硬件产品从立项、研发、打样、测试到量产、上市的全流程推进，协调研发、生产、供应链、测试等跨部门资源，解决项目推进中的核心问题，把控产品质量、进度与成本，确保产品按时按质落地。
3.XR相关产品联动：依托对XR行业的高兴趣及基础认知，探索XR（VR/AR/MR）与公司智能硬件的融合场景，参与XR相关硬件产品的需求挖掘、方案研讨，推动XR+智能硬件的产品创新与落地试点。
4.市场与迭代优化：联动国内市场、销售团队，配合产品上市推广、用户反馈收集；跟踪产品上市后的市场表现与用户口碑，分析产品数据，输出迭代方案，持续优化产品体验，提升产品市场竞争力；兼顾全球市场适配性，同步优化产品规格以满足海外拓展需求。
5.供应链与合规管理：对接供应链资源，参与供应商筛选、评估与管理，优化供应链成本与交付效率；了解国内高端电子消费品行业合规要求（如3C认证、环保标准），确保产品符合国内合规规范，同时兼顾全球主要市场合规适配。

二、任职要求
1.教育背景：本科及以上学历，电子工程、机械设计、工业设计、产品管理等相关专业优先。
2.工作经验：3-8年硬件产品经理相关工作经验，必须具备高端电子消费品、智能硬件行业从业经历，有完整的硬件产品全流程落地经验；熟悉国内智能硬件市场，有XR相关硬件产品经验者加分。
3.行业认知：深入了解高端智能硬件产品研发流程、硬件技术原理（如传感器、芯片、结构设计）及供应链管理；对XR行业抱有极高兴趣，具备基础行业认知，愿意探索XR与智能硬件的融合创新。
4.技能与素养：具备优秀的需求分析、文档撰写、跨部门沟通协调能力；熟练使用产品工具（如Axure、Visio、CAD），能清晰输出产品规格与需求文档；具备较强的问题解决能力、抗压能力与执行力，细节严谨，有高端产品思维。
5.其他要求：了解国内智能硬件合规要求，有供应链管理经验者优先；英语流利者加分，能对接海外业务相关需求。

三、优先条件
1.有国内高端智能硬件品牌产品经理工作经验，主导过至少1款硬件产品从0到1落地上市。
2.具备XR行业相关硬件产品经验，参与过XR设备或XR+智能硬件融合产品的规划与落地。
3.熟悉智能硬件供应链管理、量产流程及国内合规认证（3C、RoHS等），有成本控制经验。
4.具备全球化产品思维，有海外硬件产品适配或推广经验，能兼顾国内与全球市场需求。",产品规划 供应链 合规 需求分析 成本控制 PRD VR AR,https://www.liepin.com/a/78120657.shtml
智能硬件产品经理-外企氛围-完全不加班-高薪,某知名公司,30-55k·16薪,深圳,深圳,本科,2-10年,7月19日更新,liepin,"1、智能硬件产品经理，to c电子消费品方向
2、对标安克创新（anker）、 智岩（govee）、小米、大疆（dji）、影石（insta360）等公司，做过爆款产品的 硬件产品经理",Go to anker,https://www.liepin.com/a/78039405.shtml
硬件产品经理（耳机）,某深圳知名公司,20-35k·13薪,深圳-宝安区,深圳,硕士,1年以上,今日更新,liepin,"岗 位： 硬件产品经理
工作地点：深圳宝安区
年薪范围：25-45万人民币
岗位描述
1. 参与硬件产品总体规划设计，通过分析市场需求、用户购买旅程、技术趋势、竞品和竞争环境等因素，为产品组合的规划成功提供输入；
2. 制定产品系列路线图，对产品最终表现力、竞争力和用户体验负责；
3. 深入洞察市场和销售需求，结合公司技术路线图和发展趋势，输出产品定义，并负责全生命周期管理和持续迭代，确保产品竞争优势和用户体验；
4. 与营销、设计、开发和供应链团队紧密合作，领导团队按时保质保量满足产品交付需求，支撑公司业务快速增长。

任职要求
1. 硕士及以上学历，力学、声学、机械、电子、材料等相关理工科专业，有扎实的数理基础；
2. 有1~3年硬件产品经理相关经验；
3. 热爱产品，对3C产品有浓厚的兴趣爱好，善于发现新事物，接受新思维，能深度思考，对产品追求极致；
4. 有较强的逻辑思维能力、有责任感有担当、能有效决策，承受较大的工作压力；
5. 有硬件产品从预研、定义、开发到上市全流程经验者优先；有项目管理经验者优先。
岗位性质：从0到1创造产品，对产品全生命周期负责
8. 负责板块：
(1) 负责开放式/骨传导耳机硬件产品全生命周期，从调研到上市，打造爆品
(2) 主导0到1新品开发：定音质、漏音、佩戴、续航、蓝牙、结构、ID等核心指标
(3) 对接声学/结构/电子/算法/供应链，解决硬件关键问题，推动量产
9. 板块目标：打造下一代全球爆款开放式耳机
硬性要求
1. 学历：硕士
2. 行业：消费电子/智能硬件/音频设备
3. 年龄：35岁以下
4. 经验：硬件产品经理相关经验，有完整的硬件产品生命周期管理经验
5. 核心门槛：硬件全流程、声学常识、结构/电子基础
加分项
1. 行业：有开放式耳机/音频设备/智能硬件行业经验，熟悉骨传导技术或定向声场技术
2. 经历：0到1爆款产品、海外上市、全球市场经验
3. 技能：声学仿真、结构设计、蓝牙协议、元器件选型
4. 资源：有供应链资源、ODM/OEM厂商资源，可加速产品落地
对标公司：
1. 耳机/音频巨头：万魔（1MORE）、漫步者、森海塞尔（中国）、Bose（中国）、JBL（中国）、铁三角、索尼（音频线）、歌尔股份、佳禾智能、国光电器、奋达科技、瑞声科技
2. 穿戴/运动硬件：华为（穿戴/音频）、小米（耳机事业部）、OPPO（Enco）、vivo（TWS）、荣耀、一加、安克创新、倍思、绿联、漫步者、公牛数码
3. 骨传导/开放式音频同行：南卡、逸鸥、木六、伯朗、飞利浦骨传导线
4. 硬件ODM/OEM大厂：立讯精密、领益智造、华勤、龙旗、闻泰、光弘、德赛西威

核心产品
1. OpenFit系列：舒适佩戴的开放式蓝牙耳机，适合日常通勤和运动
2. OpenRun系列：专业运动耳机，轻便、防汗、续航长
3. OpenSwim系列：游泳专用MP3耳机，骨传导技术，无需蓝牙
4. OpenMove系列：入门级开放式耳机，性价比高
5. 未来产品：骨传导助听器、智能可穿戴设备等（在研）

应用场景
1. 运动健身：跑步、骑行、健身等场景，开放式设计安全舒适
2. 日常通勤：上下班、出行等场景，兼顾环境音感知和安全
3. 办公会议：在线会议、视频通话等场景，舒适佩戴长时间使用
4. 游泳运动：游泳专用，IP68级防水，MP3存储",供应链 项目管理 ODM Bose JBL OPPO Enco TWS,https://www.liepin.com/a/75981771.shtml
新增硬件产品经理,某成都计算机软件公司,20-40k,成都,成都,学历不限,5-10年,7月30日更新,liepin,"新增硬件产品经理 薪酬open
岗位职责：
1. 产品规划与定义 
● 市场需求、行业动态调研，竞对分析，输出市场、产品需求等文档。 
● 硬件产品规格定义，含六性通用质量要求等，平衡技术可行性与成本。 
● 产品标准化资料包编写，为销售、解决方案输送炮弹。
 2. 开发过程管理 
● 熟练掌握硬件设计、开发、生产与服务流程。
● 编制产研计划，协调电路、layout、逻辑、软件、结构与工艺、调试生产工程师开展工作，并主导硬件方案评审。 
● 跟踪产品进度，组织解决开发、生产与售后技术风险。
 3. 跨部门协作 
● 与销售、市场团队制定产品上市策略及定价模型。
 ● 协助供应链完成供应商评估、元器件选型及产能规划。 
4. 产品生命周期管理 
● 推动产品认证及量产交付，跟进售后问题并分析。 
● 根据市场反馈迭代产品版本，规划EOL策略。 
5. 数据驱动优化 
● 监控竞品动态，评估与调整产品路线图。
● 分析产品良率、返修率等数据，持续改进。
任职资格:
1. 教育背景 
● 本科及以上学历，计算机硬件、自动化、电子信息工程、通信工程等相关专业。 
2. 专业知识 
● 掌握计算机原理、系统架构、数字电路等技术，了解常见接口及协议。
● 了解行业趋势（如无人系统、通信、AIoT、边缘计算等）及相关技术标准。 
3. 经验要求
● 有无人系统、一体机、工业控制、高可靠计算机等数字系统硬件其中之一背景者优先。 
● 3年以上硬件产品开发、或硬件产品经理经验，主导过至少三款硬件产品研制、生产完整流程。 
4. 核心能力 
● 市场分析：能通过竞品分析、用户调研定义产品差异化卖点。 
● 流程管理：熟悉敏捷开发或IPD流程，较好的团队协能力。 
● 供应链整理与成本控制：具备供应链资源整合与成本控制能力。 
● 沟通能力：能清晰传递技术需求给研发，并向非技术部门解释产品价值。
5. 知识技能补充说明: 
● 有无人系统开发研制成功案例者优先。
● 有技术方案商业化成功案例者优先。",产品规划 跨部门协作 供应链 竞品分析 用户调研 成本控制 技术方案,https://www.liepin.com/a/76172327.shtml
硬件产品经理/高级经理/负责人,某深圳智能硬件/消费电子公司,30-50k,深圳-南山区,深圳,统招本科,5-10年,今日更新,liepin,"职位描述
我们正在寻找一位能够“定义产品，并推动其落地”的硬件产品经理。
你将负责智能可穿戴设备的硬件功能规划与参数定义，从用户需求、技术约束与成本结构出发，做出关键产品决策，并推动研发、供应链等多方协作，确保产品按预期交付。
这是一个需要同时具备产品判断力与项目推进能力的角色：不仅要想清楚“做什么”，还要确保“真的做出来”。
工作职责：
-  负责智能可穿戴硬件产品的功能规划与参数定义（如传感器选型、性能指标、功耗、尺寸等）； 
-  从用户需求与使用场景出发，拆解为可落地的硬件方案，并平衡体验、成本与技术可行性； 
-  主导产品从立项到量产的全流程推进（EVT / DVT / PVT 等阶段）； 
-  协调硬件研发、ID、结构、算法、供应链等多方资源，推动项目按节点推进； 
-  管理项目进度与风险，识别关键问题并推动解决； 
-  与 App / AI / 设计团队协作，确保软硬件体验一致，形成完整产品闭环； 
-  持续跟踪行业与技术趋势，优化产品方案与下一代规划。 
任职要求
-  本科及以上学历，电子工程、通信、工业设计或相关专业优先； 
-  5 年硬件产品经理或相关经验，有完整硬件项目经验（从定义到量产）； 
-  理解硬件开发流程（如 EVT / DVT / PVT），熟悉可穿戴或消费电子产品开发优先； 
-  具备基础的硬件认知（传感器、功耗、连接方式、结构限制等），能与工程团队高效沟通； 
-  具备良好的项目管理能力，能推动多团队协作并按时交付； 
-  有产品思维，能够在体验、成本、风险之间做合理取舍； 
-  具备较强的责任心与执行力，能在不确定性中持续推进。",供应链 项目管理 EVT DVT PVT ID App AI,https://www.liepin.com/a/76300621.shtml
硬件产品经理 35岁以下 手机、耳机、穿戴产品,某深圳大型电子/半导体/集成电路公司,25-50k,深圳,深圳,硕士,3-7年,6月23日更新,liepin,"韶音 硬件产品经理 35岁以下
硬件产品经理岗位需求，3-6年经验，硕士学历，手环手表/耳机/可穿戴产品/其他硬件整机产品经理经验的人选，深圳南山区

岗位要求:
1.硕士及以上学历，力学、声学、机械、电子、材料等相关理工科专业，有扎实的数理基础;2.有3年以上硬件产品经理相关经验;
3.热爱产品，对3C产品有浓厚的兴趣爱好，善于发现新事物，接受新思维，能深度思考，对产品追求极致;4.有较强的逻辑思维能力、有责任感有担当、能有效决策，承受较大的工作压力;
5.有硬件产品从预研、定义、开发到上市全流程经验者优先;有项目管理经验者优先。
第一学历985211，3-6年经验，需要年轻化的，手环手表/耳机/可穿戴产品/其他硬件整机产品经理的经验。
	
地点:深圳南山
岗位职责:
1.参与硬件产品总体规划设计，通过分析市场需求、用户购买旅程、技术趋势、竞品和竞争环境等因素，为产品组合的规划成功提供输入;
2.制定产品系列路线图，对产品最终表现力、竞争力和用户体验负责;3.深入洞察市场和销售需求，结合公司技术路线图和发展趋势，输出产品定义，并负责全生命周期管理和持续迭代，确保产品竞争优势和用户体验;
4.与营销、设计、开发和供应链团队紧密合作，领导团队按时保质保量满足产品交付需求，支撑公司业务快速增长。

35岁以内，3-6年经验，按照毕业后不超过7年吧，月薪可以参照25-50k",项目管理 供应链,https://www.liepin.com/a/77054759.shtml
硬件产品经理（咨询背景),电子/半导体/集成电路2000-5000人,25-55k·16薪,深圳-南山区,深圳,本科,5-10年,7月23日更新,liepin,"硬件产品经理（偏能力建设方向）

岗位描述
作为硬件产品能力建设团队核心成员，围绕硬件产品研发全链路，推动多维度系统化能力建设，当前以 AI 能力与变革为主线：

流程：梳理硬件产品IPD研发全链路流程（需求 → 设计 → 开发 → 验证 → 量产），识别关键阶段、角色、交付物、质量标准，推动流程标准化与智能化改造。
方法：沉淀硬件产品最优实践与核心能力方法体系，输出标准作业程序（SOP）、白皮书、课程内容（例如硬件产品入门课程、产品基础培训）。
工具与智能体：推动硬件产品工具链建设，当前重点为 AI 相关工具（如 AI 助手、自动化流程、技能模块等），并在公司范围内全面推广工具应用，推动从人工驱动向智能体驱动转型，提升硬件产品工作效率与质量。
数据：定义硬件产品关键数据对象（系统数据与业务数据），打通与项目管理、质量、研发等领域的数据流转，确保数据可被广泛调用与复用。
实践：深入一线业务识别痛点，推动硬件产品系统能力建设在业务上应用，并跟踪落地效果，积累最佳实践案例与项目复盘，持续迭代优化。
组织：协同硬件研发、测试、质量、项目管理等团队推动变革落地，参与专项攻坚、跨项目协同等跨组织协作。
人才：赋能一线产品经理掌握 AI 化工作方法，设计培训模块与评审标准，培养业务专家的 AI 评审与验证能力，以教练角色协助团队能力跃迁。

任职要求

本科及以上学历，电子信息、自动化、机械工程、计算机、工业工程等相关专业优先。
具备硬件产品经理或项目管理实际经验，熟悉硬件产品从定义、研发、测试到量产的完整流程，能从一线业务视角识别真实痛点。
具备流程分析与抽象设计能力，能将硬件研发流程拆解为可编排的活动结构与数据对象，输出结构化方案文档。
具备 AI 工具应用能力，能使用 AI 智能体平台或低代码平台进行自动化流程、智能助手、技能模块等的搭建与调试。
好奇心强，有关键问题识别和质疑能力，逻辑清晰，具备跨团队沟通与变革推动能力，面对阻力有韧性和策略。
主动性强，拥抱 AI 智能体、智能硬件、自动化测试等方向，能在模糊环境中持续推进。

加分项

有消费电子、智能家居、储能、机器人等硬件品类的产品或项目管理经验。
熟悉 IPD 体系，了解技术评审（TR）、决策评审（DCP）、设计失效模式分析（DFMEA）、质量策划等流程要素。
熟悉 AI 能力建设，有变革管理、精益/敏捷（Scrum/SAFe）实践经验。",培训 项目管理 自动化测试 AI SOP IPD TR DCP,https://www.liepin.com/job/1984355945.shtml
硬件产品经理/总监（具身&智能硬件，多公司多岗位）,某人工智能公司,45-75k·16薪,深圳,深圳,统招本科,3年以上,6月24日更新,liepin,"一、整机硬件/软件产品经理（头部具身机器人独角兽）
薪资：面议
地点：深圳
硬件产品经理要求：具备硬件产品（如智能电子硬件、ID设计、结构设计、芯片开发等）多模块业务经验，熟悉供应链、软硬件集成、空间运营、项目管理及智能硬件全栈能力。
软件产品经理要求：熟悉运动控制、定位和导航、空间感知、相机影像、图像传输技术中的一项或几项。
有机器人、无人机、XR/VR/AR、AIoT等复杂软硬件系统经验，或智能硬件公司产品经验者。

二、整机硬件产品经理/总监（头部灵巧手公司）
薪资：面议
地点：深圳
要求：3年以上具备智能、机器人、AIoT整机产品经验，有0-1量产案例，熟悉硬件开发全流程，了解传感器、执行器核心技术。

三、硬件产品经理（物理AI助手，桌面智能硬件初创公司）
薪资：60-120万
地点：深圳
要求：5年以上消费电子/智能硬件产品经验，至少主导过一款从0到1的量产产品；具备与研发、ID/MD、供应链协作并实现落地的能力。
加分项：有AI硬件经验（如MiniPC/户外电源/车载盒子/3D打印机主控台等消费产品或Kickstarter/Indiegogo众筹产品）的成功经验。

四、产品经理/总监（智能穿戴初创公司 / 智能穿戴小而美公司）
薪资：60-150万
地点：深圳
要求：具备耳机、眼镜、手环、手表等智能穿戴产品0-1开发及量产经验，有团队管理经验，软硬件背景均可。

五、高级产品工程师（E-bike，头部外设E-bike公司）
薪资：40-70万
地点：杭州/深圳
要求：5年以上消费电子（手机/无人机/手持云台）或智能出行（E-bike/滑板车/汽车硬件）产品开发经验，熟悉硬件开发流程。

六、硬件产品经理（智能小家电，智能小家电出海初创公司）
地点：深圳
要求：5年以上智能硬件产品开发经验，优先考虑有扫地机器人、3D打印机、咖啡机等复杂硬件产品经验，有欧美品牌产品全流程项目经验。

七、硬件产品负责人（AI运动，出海消费电子初创公司）
薪资：80-200万
地点：深圳
要求：5年以上智能硬件产品开发经验，具备硬件产品开发到落地的完整经验，优先考虑3D打印机、运动相机、电动自行车、AR眼镜等新兴品类相关经验人才。",Go 供应链 项目管理 团队管理 XR VR AR ID,https://www.liepin.com/a/75834985.shtml
智能硬件产品经理,某深圳人工智能公司,30-60k·13薪,深圳,深圳,本科,5-10年,7月12日更新,liepin,"影像/硬件产品经理：

职位描述
1. 参与和负责产品业务软件功能的竞品分析、需求分析、产品设计，并按版本有规划的迭代产品；
2. 负责对公司产品业务需求进行技术需求分解，并将业务需求其转化为明确的技术需求和规格定义；
3. 参与评估研发团队提供的技术方案的可行性和可实施性，确保技术方案能够满足产品功能和性能的要求；
4. 持续跟踪技术的发展趋势，关注相关技术领域的最新进展，并根据业务需求提出相应的技术创新建议；
5. 负责交付的产品功能的技术方案的评审和验收，确保技术方案符合规格定义和产品需求，确保产品按时、按质量交付。
职位要求
1. 本科以上学历，具备3年以上智能硬件产品经理工作经验；
2. 有影像产品、机器人、智能硬件公司的软件产品设计工作经验优先；
3. 熟悉智能影像产品、摄影设备、运动相机、全景相机等；
4.具备良好的沟通能力和产品能力，思维活跃，学习能力强，对AI智能硬件技术有敏锐度；
5.有大型的智能硬件产品开发和量产经验者优先。",竞品分析 需求分析 产品设计 技术方案 合规,https://www.liepin.com/a/77781445.shtml
机器人硬件产品经理（A169671）,深圳逐际动力科技股份有限公司,20-40k·15薪,深圳-南山区,深圳,统招本科,3年以上,7月14日更新,liepin,"职位描述
1．负责人形机器人相关产品工作，包括市场调研、需求分析、功能设计、产品验收等；
2．机器人整机的交互逻辑、动作行为等产品功能定义； 
3．跟踪产品效果，包括用户体验、满意度等指标，确保产品符合需求定义；
4.  负责完成项目周期内的文档，提供相关的产品培训资料，提供产品策略和运营建议。
5.  协助上级推动产品管理流程的不断优化。
职位要求
1．计算机、电子通信、机械、电气、自动化类本科及以上学历；
2．3年以上软、硬件产品经理相关工作经验，有机器人行业相关工作经验者优先；
3．具备项目端到端交付和技术研究的成功经验，能积极推动并快速实现方案的整合和落地；
4．熟悉机器人产品或智能硬件产品整体实现过程，包括从需求分析到产品发布，有成功的产品设计经验；
5．出色的逻辑思维能力、业务抽象能力，可以在复杂业务场景下完成产品解决方案设计；
6．对机器人发展有基本了解和自己的想法，喜欢尝试新产品和新服务，研究新技术。",市场调研 需求分析 培训 产品设计 方案设计,https://www.liepin.com/job/1984131933.shtml
宠物硬件产品经理,互联网其他2000-5000人,30-60k·15薪,深圳-南山区,深圳,本科,3-5年,7月13日更新,liepin,"岗位描述：
负责宠物定位器产品产品经理相关的全流程工作，涵盖市场调研/用户需求挖掘到产品定义/研发落地、上市推广等。协同硬件、软件、测试团队推进项目落地。

核心要求：
1、本科及以上学历，电子工程、物联网、市场营销、计算机等相关专业，3-5 年消费级智能硬件产品经理经验，有宠物定位器、智能穿戴设备（海外市场）相关经验者优先。
2、深入理解宠物定位器核心技术（多模定位、低功耗优化、无线通信），能独立与研发团队沟通技术实现方案，平衡功能需求与技术可行性。
3、具备敏锐的用户洞察力与数据分析能力，熟练使用 Axure、Mockplus 等原型工具，能通过用户访谈、数据复盘精准定位产品痛点并提出优化方案。
4、熟悉海外智能硬件合规体系（如 CE-RED、FCC-ID、电池安全认证），有亚马逊、Temu 等跨境电商平台产品上市经验者优先。
5、具备优秀的跨部门协作与项目管理能力，能高效协调硬件、软件、市场等团队资源，推动复杂项目落地，抗压能力强。
6、对宠物行业有浓厚兴趣，了解养宠用户行为习惯，具备良好的逻辑思维、沟通表达与文档撰写能力。

 
岗位职责：
1、主导宠物定位器全生命周期管理，从市场调研、用户需求挖掘到产品定义、研发落地、上市推广及迭代优化，聚焦 “精准定位、长续航、防丢安全” 核心场景，打造符合海内外用户需求的产品。
2、深度分析宠物主人核心痛点（如定位偏差、续航焦虑、防拆需求），结合行业技术趋势（GPS /北斗多模定位、低功耗算法），输出产品功能定义、原型设计及需求文档（PRD）。
3、横向协同硬件、嵌入式软件、APP 开发、算法、测试团队，制定项目里程碑计划，推进软硬件一体化落地，解决研发过程中的跨部门协作问题，确保产品按时按质交付。
4、负责竞品分析与市场洞察，跟踪国内外主流宠物定位器品牌（如 Pawfit、佳明）动态，提炼产品差异化优势，制定产品路线图与迭代策略。
5、主导海外市场产品适配，熟悉欧盟 CE-RED、美国 FCC-ID 等无线设备认证要求，确保产品符合目标市场合规标准，优化海外用户 APP 交互与本地化功能。
6、监控产品上市后的数据表现（定位准确率、续航达标率、用户留存），收集用户反馈与售后问题，驱动产品持续迭代，提升市场份额与用户满意度。

加分项：
1、有宠物智能硬件从 0 到 1 量产落地经验，或主导过海外爆款定位器产品迭代。
2、熟悉宠物定位器核心功能（电子围栏、轨迹回放、防拆报警、健康监测）的产品逻辑。
3、具备基础的蜂窝射频、通信协议知识，能参与基带与定位模块的方案选型讨论。",GPS 市场调研 数据分析 合规 跨部门协作 项目管理 原型设计 竞品分析 产品迭代,https://www.liepin.com/job/1984051329.shtml
硬件产品经理-2026,韶音科技,25-50k·16薪,深圳-南山区,深圳,硕士,2-6年,5月11日更新,liepin,"韶音科技是一家智能硬件公司，主要产品是开放式耳机。公司集研发、生产制造和营销于一身，在这里你将带领团队从0到1创造产品，让人类生活更美好；

你需要：
1. 参与硬件产品总体规划设计，通过分析市场需求、用户购买旅程、技术趋势、竞品和竞争环境等因素，为产品组合的规划成功提供输入；
2. 制定产品系列路线图，对产品最终表现力、竞争力和用户体验负责；
3. 深入洞察市场和销售需求，结合公司技术路线图和发展趋势，输出产品定义，并负责全生命周期管理和持续迭代，确保产品竞争优势和用户体验；
4. 与营销、设计、开发和供应链团队紧密合作，领导团队按时保质保量满足产品交付需求，支撑公司业务快速增长。

我们希望你：
1. 硕士及以上学历，力学、声学、机械、电子、材料等相关理工科专业，有扎实的数理基础；
2. 有2~6年硬件产品经理相关经验；
3. 热爱产品，对3C产品有浓厚的兴趣爱好，善于发现新事物，接受新思维，能深度思考，对产品追求极致；
4. 有较强的逻辑思维能力、有责任感有担当、能有效决策，承受较大的工作压力；
5. 有硬件产品从预研、定义、开发到上市全流程经验者优先；有项目管理经验者优先。",供应链 项目管理,https://www.liepin.com/job/1979533175.shtml
智能硬件产品经理,互联网已上市10000人以上,30-50k·20薪,上海-宝山区,上海,本科,5年以上,7月15日更新,liepin,"岗位职责
1、负责智能硬件产品全生命周期管理，从市场调研、用户需求挖掘、产品规划，到产品定义、PRD撰写、落地推进及迭代优化，全程主导产品落地；
2、结合AI技术趋势与硬件行业痛点，制定产品路线图，明确产品核心功能与差异化优势，支撑公司业务目标达成；
3、跟踪产品市场反馈、竞品动态，持续优化产品体验，提升产品市场占有率与用户满意度；配合市场、销售团队，提供产品相关支持；
4、梳理产品需求优先级，协调资源分配，平衡产品体验、技术可行性、成本控制与量产难度；
5、对产品商业成功负责。

任职要求
1、本科及以上学历，理工科专业，5年以上智能硬件产品经理经验；
2、熟悉智能硬件产品研发流程，了解AI芯片、传感器等相关技术，能清晰衔接AI算法与硬件落地；
3、具备较强的市场洞察力、需求分析能力与逻辑思维，能独立完成产品规划与需求文档撰写，精准把握产品定位；
4、具备优秀的跨部门沟通协调能力、项目推动能力，抗压性强，能高效应对项目中的突发问题，推动目标达成；
5、对AI硬件行业有浓厚兴趣，关注行业技术趋势，具备创新意识与商业思维，有量产型硬件产品经验者优先。",市场调研 产品规划 成本控制 需求分析,https://www.liepin.com/job/1984161371.shtml
硬件产品经理（无人机、无人车、、应急通信设备、户外特种设备、机器人）,某合肥货运/物流/仓储公司,30-40k,合肥-高新区,合肥,本科,5-10年,7月17日更新,liepin,"工作职责
1. 负责硬件产品需求分析与产品定义，深入理解客户需求、业务场景和现场使用环境，转化为清晰的功能需求、性能指标、应用边界和验收标准。

2. 参与核心硬件产品从 0 到 1 的规划与落地，推动产品完成方案评审、研发打样、测试验证、小批量试产、量产导入及客户交付。

3. 结合产品应用场景，制定外观结构、硬件配置、接口规范、通信方式、安装方式、环境适应性、可靠性、安全性和可维护性等设计要求。

4. 协同硬件、结构、嵌入式软件、测试、采购、生产、质量等团队，推进产品开发计划，跟踪关键节点、问题清单、版本状态和交付风险。

5. 牵头制定产品测试、验证与阶段性验收要求，覆盖功能、性能、稳定性、环境适应性、可靠性、安装调试、现场试用、试产和量产导入等环节。

6. 支持小批量试产、生产导入和量产前技术转移，协同完善工艺文件、测试工装、生产资料、产品规格说明书及相关技术文档。

7. 收集客户反馈、测试问题、生产异常和现场使用问题，组织产品复盘，推动产品功能、结构、性能、成本和可维护性持续优化。

任职要求：

1. 本科及以上学历，电子信息、自动化、通信工程、机械电子、计算机、交通工程等理工科相关专业优先。

2. 具备 3 年以上硬件产品经理、智能硬件产品经理、产品项目管理或研发项目管理相关经验，5 年以上经验优先。

3. 有完整参与硬件产品从需求定义、研发打样、测试验证到试产或量产交付的项目经验。

4. 熟悉硬件产品开发流程，了解电子硬件、结构设计、嵌入式软件、通信接口、测试验证、试产导入和量产交付等关键环节，能够与研发团队高效沟通。

5. 具备较强的产品定义能力，能够将客户场景和业务需求转化为清晰的功能需求、性能指标、设计要求、测试内容和验收标准。

6. 具备良好的项目推进能力，能够协调研发、测试、采购、生产、质量等团队，共同推动产品按计划交付。

7. 具备较强的结构化表达和文档输出能力，能够独立完成产品需求文档、产品规格说明书、测试需求、验收标准、产品方案、评审材料及项目汇报材料。

8. 具备一定成本意识和可制造性意识，能够在产品功能、性能、成本、交期和量产可行性之间进行合理取舍。

9. 具备良好的沟通协调能力、问题分析能力和责任心，能够适应多部门协作和项目型产品交付场景。



加分项

1. 有智慧交通、公路交通安全、车路协同、智能安防、工业物联网、边缘计算设备、智能终端、传感器、通信设备、路侧设备等相关产品经验。

2. 有硬件产品试产、量产导入、供应链协同或外协厂商管理经验。

3. 有 To B 客户需求沟通、现场调研、解决方案输出、售前支持或项目交付经验。

4. 有制定硬件产品测试方案、验收标准、产品规格说明书或量产导入资料的经验。



 岗位亮点：

1. 不只是需求传递，而是深度参与核心硬件产品从定义、验证到规模化交付的完整过程。

2. 面向智慧交通、工业物联网、智能终端等真实业务场景，推动产品落地到客户现场并持续迭代。

3. 与研发、测试、生产、供应链、质量和客户侧团队紧密协作，积累完整的硬件产品全生命周期经验。

4. 参与产品标准化、平台化和量产交付体系建设，推动产品从项目交付走向规模化复制。",需求分析 采购 技术文档 项目管理 供应链 To,https://www.liepin.com/a/77989091.shtml
智能硬件产品经理/产品Leader,某深圳大型电子商务公司,40-70k·16薪,深圳-南山区,深圳,统招本科,5年以上,7月7日更新,liepin,"【岗位使命】
承接公司战略，全面负责所辖产品线（如婴儿监护、智能安抚、健康监测等）的商业成功。主导品类的长期规划、产品定义与团队管理，带领产品经理团队协同跨职能力量，确保产品从概念到上市的全链路落地，达成市场份额与利润目标。
【核心职责】
1. 品类战略与产品规划
1)	负责所属品类的中长期产品路线图（Roadmap）与矩阵规划，明确各产品的市场定位、目标人群及差异化竞争力。
2)	基于市场洞察与技术趋势，制定品类的技术演进路径（如智能化升级、核心模组平台化），确保产品迭代的前瞻性与连续性。
3)	对所负责品类的商业结果（营收、毛利、市场份额）负责，平衡短期爆款与长期布局。
2. 产品定义与创新驱动
1)	深入洞察目标用户场景（如母婴、育儿、家居等），挖掘用户痛点，主导核心产品的从0到1定义（输出PRD），兼顾体验与商业可行性。
2)	推动平台化与模块化设计，提升零部件复用率，降低研发成本，缩短开发周期。
3)	持续追踪全球竞品与行业动态，输出机会点分析，将创新技术转化为产品卖点。
3. 团队管理与项目推进
1)	直接管理所属品类的智能硬件产品经理团队，负责任务分配、工作指导、绩效评估与人才培养。
2)	作为品类的核心指挥官，领导研发、结构、供应链、市场等跨职能团队，主持关键节点评审。
3)	把控项目节奏，在用户体验、技术实现、成本控制、交付周期之间做出关键权衡，确保产品按时高质量上市。
4. 全生命周期与商业化运营
1)	制定并执行产品的上市策略（GTM），协同市场与销售部门，确保产品成功推向市场。
2)	建立产品上市后的数据反馈闭环，跟踪销售表现、用户评价及退货数据，驱动产品迭代优化与问题解决。

【任职要求】
1. 基本条件
1)	学历：统招本科及以上学历。
2)	经验：5年以上硬件/智能硬件产品经理经验，3年以上特定品类（如母婴、家电、消费电子）的产品线管理或深度规划经验。
3)	背景：智能穿戴、小家电、智能监视器、健康护理电器等行业背景者优先。
2. 核心能力
1)	规划能力：具备清晰的产品矩阵思维，能制定差异化的产品路线，而非仅关注单点功能。
2)	用户洞察：深刻理解目标用户（如新手父母）的情感诉求与使用场景，能转化为具体的产品定义。
3)	技术理解：具备扎实的硬件基础，能与结构、电子、固件团队高效沟通（熟悉电机驱动、传感器应用、结构设计者加分）。
4)	商业意识：具备强烈的结果导向，懂得平衡用户体验与BOM成本、利润之间的关系。
5)	领导力：具备带团队经验或潜质，善于跨部门沟通协调，在复杂项目中推动决策与执行。
3. 优先条件（加分项）
1)	有过以下任一品类经验：婴儿监护（BBM）、婴儿床/摇椅/安抚类（Swing/Playard）、智能穿戴、环境电器。
2)	有出海产品经验，熟悉欧美等目标市场的法规标准与用户偏好。
",团队管理 产品规划 产品迭代 供应链 成本控制 Roadmap GTM BBM,https://www.liepin.com/a/76424859.shtml
硬件产品经理,贵州飞翼未来科技有限公司,8-13k,贵阳-观山湖区,贵阳,本科,5年以上,7月6日更新,liepin,"岗位职责：
1.洞察行业发展趋势，深入研究和分析市场，发现行业痛点，挖局用户潜在需求，为产品规划提供依据；
2.结合公司战略制定产品矩阵，明确产品定位、目标客户群体；
3.负责无人机整机的产品定义、方案输出、元器件选型、研发过程评审，物料供应商管理等；
4.跟踪低空经济政策与标准法规，适航标准，确保产品设计的合规性和认证要求；
5.负责研发过程全流程推进，进度、成本、风险管控；输出产品手册、产品卖点，为前端提供支撑。

学历与经验
1.拥有政企（ToG/ToB）相关的工作经验优先；
2.具备良好的沟通表达能力、思辨能力、人际交往能力；
3.熟悉无人机完整硬件系统：飞控、动力、电源、结构、感知、图传、载荷等；
4.能够独立完成需求调研、产品定义，输出 MRD/PRD、硬件规格、方案评审、竞品、成本等全套文档；
5.至少5年及以上硬件产品经理工作经验，熟悉IPD研发流程，了解结构、硬件、嵌入式等，具备从产品概念到量产落地的全流程实战经验。

综合素质
1.具备扎实的文档功底，能够完成从需求到方案的全链路输出；
2.具备较强的责任心与抗压能力，能够适应快节奏的工作及短期出差;
3.具备团队协作精神，能够与市场、研发、运营等团队紧密配合，完成目标;
4.积极主动，学习能力强，乐于接受新事物、新挑战，不断提升专业素养。",产品规划 产品设计 合规 ToG ToB MRD PRD,https://www.liepin.com/job/1983938569.shtml
硬件产品经理/高级经理/负责人,某深圳智能硬件/消费电子公司,30-50k·14薪,深圳-南山区,深圳,本科,5-10年,7月24日更新,liepin,"主要职责
-  负责智能可穿戴硬件产品的功能规划与参数定义（如传感器选型、性能指标、功耗、尺寸等）； 
-  从用户需求与使用场景出发，拆解为可落地的硬件方案，并平衡体验、成本与技术可行性； 
-  主导产品从立项到量产的全流程推进（EVT / DVT / PVT 等阶段）； 
-  协调硬件研发、ID、结构、算法、供应链等多方资源，推动项目按节点推进； 
-  管理项目进度与风险，识别关键问题并推动解决； 
-  与 App / AI / 设计团队协作，确保软硬件体验一致，形成完整产品闭环； 
-  持续跟踪行业与技术趋势，优化产品方案与下一代规划。 
  本科及以上学历，电子工程、通信、工业设计或相关专业优先； 
-  5 年硬件产品经理或相关经验，有完整硬件项目经验（从定义到量产）； 
-  理解硬件开发流程（如 EVT / DVT / PVT），熟悉可穿戴或消费电子产品开发优先； 
-  具备基础的硬件认知（传感器、功耗、连接方式、结构限制等），能与工程团队高效沟通； 
-  具备良好的项目管理能力，能推动多团队协作并按时交付； 
-  有产品思维，能够在体验、成本、风险之间做合理取舍； 
-  具备较强的责任心与执行力，能在不确定性中持续推进。",供应链 项目管理 EVT DVT PVT ID App AI,https://www.liepin.com/a/76281241.shtml
智能硬件产品经理,某上海医疗器械公司,40-50k,上海-徐汇区,上海,本科,5-10年,7月23日更新,liepin,"产品定义与立项
- 负责用户研究、场景分析与竞品拆解，主导产品立项评审
- 将需求转化为产品规格：撰写PRD、交互流程与产品原型，定义软硬件一体的完整用户体验
- 制定产品路线图，管理产品从定义、开发、量产、上市到迭代的全生命周期
二、硬件产品落地
- 与硬件工程师协作，平衡用户体验、BOM成本与可制造性（DFM）
- 跟进各个硬件研发阶段的验证、准入和准出，把控上市节奏与交付、品质风险
- 负责产品认证规划与宣称合规审核，确保产品定义与宣传符合消费健康类产品的合规要求
三、APP开发管理
- 作为软件团队的产品接口人，输出完整软件PRD、交互文档与验收用例，负责交付验收
- 管理软件开发节奏与质量，主导APP版本迭代规划

主要素质要求及任职资格JOB SPECICATION：
- 工业设计、电子工程、计算机或相关专业本科及以上学历
- 5年以上消费硬件产品经理经验，独立完整主导过至少一款消费硬件从立项到量产上市（0→1）
- 做过「硬件+配套APP」联动产品，有软硬件开发团队的管理经验
- 能独立产出完整产品交付物：PRD、交互流程、原型图、验收用例、项目管理文档等

硬技能（加分）

- 穿戴/个护健康品类经验（头戴设备、指环、手环、睡眠仪、按摩理疗仪、健康监测穿戴等）
- 熟悉消费健康类产品宣称合规边界
- 有健康类目国内电商或者海外独立站、众筹经验

软技能

- 用户驱动：用用户和场景说话，而非单纯技术驱动- 主动性强：能在0→1的模糊环境中自己定义问题、搭建流程，推动软、硬件开发团队高效协同",合规 项目管理 DFM SPECICATION PRD,https://www.liepin.com/a/78213889.shtml
冲牙器硬件产品经理（个护类产品经验8年以上）,某天津医疗器械上市公司,18-25k,天津-南开区,天津,统招本科,5-10年,今日更新,liepin,"产品经理
岗位职责：
1、负责冲牙器产品线产品规划。
2、定义核心卖点并完成验证闭环：基于用户洞察与竞品研究，输出清晰可验证的卖点，制定指标体系与测试方案，推动卖点落地并支撑上市传播。
3、负责新品上市流程管理：从立项、需求定义、评审、打样验证、试产量产到上市准备与复盘迭代，保证节奏与关键里程碑达成。
4、协同PDT开发团队推进交付：与研发/结构/电子/供应链/品质/市场/渠道等跨团队协作，推动关键决策落地，确保质量、成本、交期与交付结果。
任职要求：
3-8年硬件产品经理经验（小家电/个护/口腔护理相关优先），有从0-1到量产上市的完整闭环。
强商业敏感度，具备结果导向与复盘能力。
熟悉硬件研发与量产流程，对结构/水路/电机泵/可靠性测试等有基本理解（无需深度研发但能沟通与决策）。
加分项：创业经历/操盘过类目增长，做过复购模型。

冲牙器继续开始，这个岗位就两个方向
1、冲牙器这个产品干过，且有5年及以上的工作经验【一家公司5年】
2、如果没有这个产品的经验，在小米生态链的同一家公司工作8年左右的产品经理，也可以推。【带APP的例如门锁类、血压计、吹风机、个护类的，不要大产品例如彩电、冰箱、空调这种】

工作地点：天津；深圳【深圳的肯定要出差，多三个月得有一半多在天津，往后稳定了，会逐步减少",产品规划 供应链,https://www.liepin.com/a/76585309.shtml
高级硬件产品经理,滴普科技,30-50k,北京-海淀区,北京,本科,5年以上,7月7日更新,liepin,"工作职责
1、需求转化与产品定义： 负责对接公司内部业务团队，将业务场景和软硬件一体化需求，转化为严谨的硬件产品定义（PRD）和技术规格书（TRS），并输出核心系统架构方案（如板卡总线、接口、算力拓扑、功耗指标等）。
2、供应商与外包管理： 负责对接硬件OEM/ODM厂商及技术外包团队。推进从方案评估、技术交底、合同技术条款拟定、到开模、打样、测试的全流程。
3、技术把关与质量控制： 作为技术评审人（Gatekeeper），严格审核外包/OEM厂商提供的硬件原理图、PCB Layout、BOM表及结构设计；制定测试用例，把控EVT/DVT/PVT各阶段的交付质量，确保硬件性能、散热、电磁兼容（EMC）达标。
4、项目进度与成本管控： 协调外部资源，解决开发过程中的技术攻关与供应链瓶颈，把控项目各里程碑节点，优化硬件BOM成本。

任职资格
1、教育背景： 电子、通信、计算机、自动化等相关专业本科及以上学历。
2、工作经验： 5年以上硬件研发或硬件产品经理经验。有高性能计算服务器、工业主板（PCBA）、复杂嵌入式系统、边缘计算设备或AI硬件开发经验者优先。

核心技术能力：
1、精通硬件开发流程，具备扎实的模拟/数字电路基础，理解高速信号完整性（SI/PI）、热设计、结构设计及电源管理。
2、能够独立审查原理图、PCB设计（如使用Altium Designer, Cadence Allegro等工具），具备极强的技术审计与把关能力。
3、熟悉常见的总线与接口协议（如 PCIe Gen4/Gen5, USB, Ethernet, I2C/SPI 等），对多GPU/大功耗板卡设计逻辑有深刻认知。
4、外包与供应链经验： 具备丰富的ODM/OEM厂商合作、商务技术谈判、外包团队管理经验，熟悉电子产业链及元器件市场者大加分。
5、软性素质： 具备极强的逻辑思维与跨界沟通能力，能够准确、强势地管理外部供应商，抗压能力强，结果导向。",PCIe I2C SPI 测试用例 供应链 审计 团队管理,https://www.liepin.com/job/1983966565.shtml
硬件产品经理（无人系统、一体机、工业控制等数字系统硬件）,某成都计算机软件公司,25-40k,成都,成都,统招本科,5-10年,6月2日更新,liepin,"硬件产品经理 薪酬open
岗位职责：
1. 产品规划与定义
● 市场需求、行业动态调研，竞对分析，输出市场、产品需求等文档。
● 硬件产品规格定义，含六性通用质量要求等，平衡技术可行性与成本。
● 产品标准化资料包编写，为销售、解决方案输送炮弹。
2. 开发过程管理
● 熟练掌握硬件设计、开发、生产与服务流程。
● 编制产研计划，协调电路、layout、逻辑、软件、结构与工艺、调试生产工程师开展工作，并主导硬件方案评审。
● 跟踪产品进度，组织解决开发、生产与售后技术风险。
3. 跨部门协作
● 与销售、市场团队制定产品上市策略及定价模型。
● 协助供应链完成供应商评估、元器件选型及产能规划。
4. 产品生命周期管理
● 推动产品认证及量产交付，跟进售后问题并分析。
● 根据市场反馈迭代产品版本，规划EOL策略。
5. 数据驱动优化
● 监控竞品动态，评估与调整产品路线图。
● 分析产品良率、返修率等数据，持续改进。
任职资格:
1. 教育背景
● 本科及以上学历，计算机硬件、自动化、电子信息工程、通信工程等相关专业。
2. 专业知识
● 掌握计算机原理、系统架构、数字电路等技术，了解常见接口及协议。
● 了解行业趋势（如无人系统、通信、AIoT、边缘计算等）及相关技术标准。
3. 经验要求
● 有无人系统、一体机、工业控制、高可靠计算机等数字系统硬件其中之一背景者优先。
● 3年以上硬件产品开发、或硬件产品经理经验，主导过至少三款硬件产品研制、生产完整流程。
4. 核心能力
● 市场分析：能通过竞品分析、用户调研定义产品差异化卖点。
● 流程管理：熟悉敏捷开发或IPD流程，较好的团队协能力。
● 供应链整理与成本控制：具备供应链资源整合与成本控制能力。
● 沟通能力：能清晰传递技术需求给研发，并向非技术部门解释产品价值。
5. 知识技能补充说明:
● 有无人系统开发研制成功案例者优先。
● 有技术方案商业化成功案例者优先。",产品规划 跨部门协作 供应链 竞品分析 用户调研 成本控制 技术方案,https://www.liepin.com/a/76302783.shtml
硬件产品经理（北京/深圳）,某大型智能硬件/消费电子公司,20-40k·14薪,北京,北京,本科,3-5年,7月28日更新,liepin,"岗位职责：
1. 产品规划与定义：机器人核心硬件的产品规划，制定产品路线图，明确各版本功能定位与迭代节奏。
2. 需求管理：深入调研具身智能场景下灵巧操作的实际需求，梳理用户痛点，输出产品需求文档。
3. 全流程跟进：主导产品从概念定义、方案设计、研发推进到量产交付的全生命周期管理，协调硬件、算法、软件等团队高效协同。
4. 研发细节把控：深度参与硬件选型、结构设计、电机驱动等关键技术评审，确保产品定义在研发环节精准落地，减少因需求不清晰导致的返工。
5. 竞品与技术跟踪：持续跟踪灵巧手、末端执行器行业的竞品动态与技术趋势，保持产品竞争力。

任职要求：
1. 本科及以上学历，机械、自动化、机电一体化、电子工程等相关专业。
2. 3年以上硬件产品经理经验，有灵巧手、机械臂、机器人末端执行器或相关智能硬件产品经验者优先。
3. 熟悉硬件产品开发全流程，具备从0到1的产品量产经验。
4. 具备良好的技术理解力，能与研发团队就结构、电机控制、传感器等细节有效沟通。
5. 逻辑清晰，推动力强，能主动发现并解决产品规划与研发落地之间的gap。",产品规划 方案设计,https://www.liepin.com/a/77786389.shtml
硬件产品经理（机器人）,某知名公司,30-60k,深圳,深圳,统招本科,5年以上,5月27日更新,liepin,"我们能提供：
1.薪       资：薪资OPEN可谈，提供有竞争力的市场化薪资；
2.股权分配：表现优秀者，进行股权分配；
3.工作时间：早10点，晚19:30，午休90分钟，周末双休；
4.五险一金：入职当月即购买五险一金；
5.办公环境：独立研发基地，开放的办公环境，配备食堂；
6.多项补贴：差旅补贴、晚餐补贴、交通补贴等；
7.员工活动：每周定期下午茶活动及聚餐、打球等；
8.带薪年假：员工享受国家法定年休假；
9.领       导：国际性团队，创始人均为留学生，扁平化管理。

工作岗位：硬件产品经理（核心产品交付和量产）

岗位职责： 
1. 产品定义与研发推进。
- 负责机器人整机或核心硬件模块的产品定义，输出PRD、产品规格书及可行性分析。
- 主导硬件设计方案评审，把控关键技术选型、可靠性设计、可制造性等关键节点。
- 推动样机试制与功能验证，确保产品设计符合量产要求。

2. NPI导入与量产交付（核心）
- 主导NPI全流程，组织EVT/DVT/PVT各阶段试产，协调解决工艺、物料、测试等问题。
 - 确保产品按时交付及交付稳定性。

3. 成本与供应链管理
- 制定并跟踪产品成本目标。
 - 参与关键物料选型与供应商评审，监控长交期物料及产能瓶颈。

4. 产品生命周期管理
- 跟踪生产后的质量数据与反馈，推动产品迭代优化与降本增效。


任职要求：
1.硬性条件
- 全日制本科及以上学历，电子、自动化、机械、计算机等理工科专业。
- 5年以上硬件产品经理或相关技术管理经验。
- 至少主导过1款完整硬件产品的量产交付，且B端产品交付规模≥100台或C端产品交付规模≥1000台（请在简历中明确体现产品名称、交付数量及个人角色）。

2.专业能力
- 熟悉硬件开发全流程：方案评估、器件选型、原理图/PCB、结构设计、模具开发、测试验证。
- 精通NPI导入流程、DFM评审、FMEA等量产管控方法。
能看懂电路原理图、结构图纸，具备与研发工程师高效技术对话的能力。
- 有BOM成本拆解、对比分析与优化的实战经验。

3.综合素质
-结果导向，具备极强的交付意识与执行力。
-出色的跨部门沟通与协调能力（研发、供应链、生产、品质等）。
-对物料缺货、良率波动等风险有预判能力，能提前制定应对方案。

4.行业背景
-有清洗机器人、割草机器人、泳池机器人、AGV行业经验者优先。
-PMP认证或硬件研发背景优先。",产品设计 供应链 产品迭代 DVT PCB,https://www.liepin.com/a/76133621.shtml
硬件产品经理,某成都计算机软件公司,20-40k,成都,成都,学历不限,5-10年,7月30日更新,liepin,"硬件产品经理 薪酬open
岗位职责：
1. 产品规划与定义
● 市场需求、行业动态调研，竞对分析，输出市场、产品需求等文档。
● 硬件产品规格定义，含六性通用质量要求等，平衡技术可行性与成本。
● 产品标准化资料包编写，为销售、解决方案输送炮弹。
2. 开发过程管理
● 熟练掌握硬件设计、开发、生产与服务流程。
● 编制产研计划，协调电路、layout、逻辑、软件、结构与工艺、调试生产工程师开展工作，并主导硬件方案评审。
● 跟踪产品进度，组织解决开发、生产与售后技术风险。
3. 跨部门协作
● 与销售、市场团队制定产品上市策略及定价模型。
● 协助供应链完成供应商评估、元器件选型及产能规划。
4. 产品生命周期管理
● 推动产品认证及量产交付，跟进售后问题并分析。
● 根据市场反馈迭代产品版本，规划EOL策略。
5. 数据驱动优化
● 监控竞品动态，评估与调整产品路线图。
● 分析产品良率、返修率等数据，持续改进。
任职资格:
1. 教育背景
● 本科及以上学历，计算机硬件、自动化、电子信息工程、通信工程等相关专业。
2. 专业知识
● 掌握计算机原理、系统架构、数字电路等技术，了解常见接口及协议。
● 了解行业趋势（如无人系统、通信、AIoT、边缘计算等）及相关技术标准。
3. 经验要求
● 有无人系统、一体机、工业控制、高可靠计算机等数字系统硬件其中之一背景者优先。
● 3年以上硬件产品开发、或硬件产品经理经验，主导过至少三款硬件产品研制、生产完整流程。
4. 核心能力
● 市场分析：能通过竞品分析、用户调研定义产品差异化卖点。
● 流程管理：熟悉敏捷开发或IPD流程，较好的团队协能力。
● 供应链整理与成本控制：具备供应链资源整合与成本控制能力。
● 沟通能力：能清晰传递技术需求给研发，并向非技术部门解释产品价值。
5. 知识技能补充说明:
● 有无人系统开发研制成功案例者优先。
● 有技术方案商业化成功案例者优先。",产品规划 跨部门协作 供应链 竞品分析 用户调研 成本控制 技术方案,https://www.liepin.com/a/77301555.shtml
机器人硬件产品经理,某国内机械/设备上市公司,40-45k·13薪,杭州,杭州,本科,3-5年,5月28日更新,liepin,"职位亮点
• 核心硬件产品线，操盘通用AMR底盘平台 + 人形机器人移动模块
• 完整经历从立项、量产到全球出海的全生命周期
• 深度参与CE、UL、FCC、UKCA、METI等海外认证，技术壁垒高
• 公司内多位核心成员来自海康、大华、蓝星，技术氛围硬核，决策扁平
岗位职责
1. 产品战略与平台规划
o 制定智能移动底盘（通用AMR平台、仓储专用底盘、人形机器人移动模块）的产品路线图与平台化策略。
o 结合行业趋势与客户场景，输出年度产品规划报告，明确分代节奏与差异化定位。
2. 需求工程与硬件规格定义
o 深度对接人形机器人整机厂、仓储物流集成商及终端客户，系统梳理负载能力、运动半径、续航、定位精度、防护等级（IP）、通信接口（CAN/Ethernet/RS485）等关键参数。
o 将客户场景需求转化为可量化的硬件需求规格文件（HRS/SRS），在客户期望与工程边界间做出有效取舍。
3. 硬件研发协同与量产推进
o 主导硬件全流程协同，拉通结构机械、电子硬件、电机驱动、感知算法、嵌入式软件及供应链团队。
o 负责设计冻结与BOM锁定评审，基于量产目标管控成本、工艺与可制造性，确保产品成功转入量产阶段。
4. 全球市场准入与海外认证
o 全面负责AMR底盘出海认证，包括欧盟CE（MD/EMC/RED）、北美UL/FCC、英国UKCA、日本METI/TELEC等。
o 主导对接公告机构与测试实验室，跟踪测试进度，推动不符合项整改，确保产品按时取得目标市场准入资质。
5. 竞品洞察与定价决策
o 持续追踪竞品技术规格、发布节奏与定价策略，结合展会、行业报告与客户反馈，输出季度竞品分析报告。
o 为产品配置定义、定价与市场切入策略提供决策依据。
6. 销售赋能与售后闭环
o 输出产品白皮书、技术规格书及选型指南，支撑售前技术方案评审与POC测试。
o 建立量产后的现场问题收集-分析-闭环机制，驱动硬件迭代与持续改进。
任职要求
• 机械、电子、自动化、机电一体化等工科专业，本科及以上学历。
• 5年以上硬件产品经理经验，拥有AGV/AMR、移动机器人或工业移动设备的完整产品经历。
• 理解差速/全向底盘运动学，熟悉LiDAR/IMU感知、SLAM导航及多机调度基本原理。
• 能独立阅读机械装配图与电气原理图，具备硬件规格的量化分析与参数拆解能力。
• 具备完整的量产验证阶段硬件项目管理经验，熟悉从EVT、DVT到PVT的管控要点。
• 拥有机器人/AGV/AMR产品海外认证实操经历，熟悉CE、UL/FCC等认证流程，有直接对接公告机构与测试实验室的经验。
• 出色的跨职能协作能力，能在硬件研发的高不确定性环境中推动复杂项目落地。
加分项
• 有人形机器人整机或移动底盘模块的产品定义/项目管理经验。
• 持有PMP证书，或完成过系统性IPD专项培训。
• 曾在海康机器人、大华股份（华睿科技）、蓝芯科技（蓝星）等企业负责AMR/AGV底盘硬件产品者优先考虑。
岗位标签
机器人底盘 / AMR / AGV / 硬件产品经理 / 海外认证 / 量产经验 / 人形机器人
",CAN LiDAR SLAM 产品规划 供应链 竞品分析 技术方案 项目管理 培训,https://www.liepin.com/a/76178069.shtml
硬件产品经理（激光雷达产品方向）,某北京IT服务公司,20-40k,北京-海淀区,北京,统招本科,3-5年,7月23日更新,liepin,"硬件产品经理（机载激光雷达传感器+视觉相机产品方向）
职位描述:
1.负责机载激光雷达产品的规划、设计、开发、推广和销售支持，以满足市场需求和客户期望。
2.与技术团队紧密合作，确保产品技术性能满足设计要求，并不断优化以提升竞争力。
3.深入了解行业动态和市场趋势，进行产品定位和市场分析，制定并执行有效的产品策略。
4.与销售团队紧密合作，提供产品培训和销售支持，确保销售目标的达成。
5.负责与客户的沟通，收集并处理客户反馈，持续提升产品质量和客户满意度。
职位要求:
1.本科及以上学历，电子工程、计算机科学、测绘遥感专业等相关专业。
2.3年以上相关产品经理工作经验，熟悉机载激光雷达领域者优先。
3.优秀的市场分析、产品规划和项目管理能力。
4.精通产品设计和开发流程，具备良好的跨部门沟通协调能力。
5.对新技术充满热情，具备快速学习和适应变化的能力。",培训 产品规划 项目管理 产品设计,https://www.liepin.com/a/78219343.shtml
智能硬件产品经理,某上海医疗器械公司,30-55k·13薪,上海,上海,学历不限,5-10年,7月23日更新,liepin,"产品定义与立项 
一、负责用户研究、场景分析与竞品拆解，主导产品立项评审 将需求转化为产品规格：撰写PRD、交互流程与产品原型，定义软硬件一体的完整用户体验 制定产品路线图，管理产品从定义、开发、量产、上市到迭代的全生命周期
 二、硬件产品落地 与硬件工程师协作，平衡用户体验、BOM成本与可制造性（DFM） 跟进各个硬件研发阶段的验证、准入和准出，把控上市节奏与交付、品质风险 负责产品认证规划与宣称合规审核，确保产品定义与宣传符合消费健康类产品的合规要求 
三、APP开发管理 作为软件团队的产品接口人，输出完整软件PRD、交互文档与验收用例，负责交付验收 管理软件开发节奏与质量，主导APP版本迭代规划 
主要素质要求及任职资格JOB SPECICATION： 
1.工业设计、电子工程、计算机或相关专业本科及以上学历 
2.5年以上消费硬件产品经理经验，独立完整主导过至少一款消费硬件从立项到量产上市（0→1） 
3.做过「硬件+配套APP」联动产品，有软硬件开发团队的管理经验 
4.能独立产出完整产品交付物：PRD、交互流程、原型图、验收用例、项目管理文档等
 硬技能（加分） 
1.穿戴/个护健康品类经验（头戴设备、指环、手环、睡眠仪、按摩理疗仪、健康监测穿戴等） 
2.熟悉消费健康类产品宣称合规边界 有健康类目国内电商或者海外独立站、众筹经验 
软技能 
1.用户驱动：用用户和场景说话，而非单纯技术驱动- 主动性强：能在0→1的模糊环境中自己定义问题、搭建流程，推动软、硬件开发团队高效协同",合规 项目管理 DFM SPECICATION PRD,https://www.liepin.com/a/78226793.shtml
硬件产品经理（机器人智能移动底盘）,某国内机械/设备上市公司,40-50k·13薪,杭州,杭州,本科,3-5年,5月28日更新,liepin,"职位亮点
•	核心硬件产品线，操盘通用AMR底盘平台 + 人形机器人移动模块
•	完整经历从立项、量产到全球出海的全生命周期
•	深度参与CE、UL、FCC、UKCA、METI等海外认证，技术壁垒高
•	公司内多位核心成员来自海康、大华、蓝星，技术氛围硬核，决策扁平
岗位职责
1.	产品战略与平台规划
o	制定智能移动底盘（通用AMR平台、仓储专用底盘、人形机器人移动模块）的产品路线图与平台化策略。
o	结合行业趋势与客户场景，输出年度产品规划报告，明确分代节奏与差异化定位。
2.	需求工程与硬件规格定义
o	深度对接人形机器人整机厂、仓储物流集成商及终端客户，系统梳理负载能力、运动半径、续航、定位精度、防护等级（IP）、通信接口（CAN/Ethernet/RS485）等关键参数。
o	将客户场景需求转化为可量化的硬件需求规格文件（HRS/SRS），在客户期望与工程边界间做出有效取舍。
3.	硬件研发协同与量产推进
o	主导硬件全流程协同，拉通结构机械、电子硬件、电机驱动、感知算法、嵌入式软件及供应链团队。
o	负责设计冻结与BOM锁定评审，基于量产目标管控成本、工艺与可制造性，确保产品成功转入量产阶段。
4.	全球市场准入与海外认证
o	全面负责AMR底盘出海认证，包括欧盟CE（MD/EMC/RED）、北美UL/FCC、英国UKCA、日本METI/TELEC等。
o	主导对接公告机构与测试实验室，跟踪测试进度，推动不符合项整改，确保产品按时取得目标市场准入资质。
5.	竞品洞察与定价决策
o	持续追踪竞品技术规格、发布节奏与定价策略，结合展会、行业报告与客户反馈，输出季度竞品分析报告。
o	为产品配置定义、定价与市场切入策略提供决策依据。
6.	销售赋能与售后闭环
o	输出产品白皮书、技术规格书及选型指南，支撑售前技术方案评审与POC测试。
o	建立量产后的现场问题收集-分析-闭环机制，驱动硬件迭代与持续改进。
任职要求
•	机械、电子、自动化、机电一体化等工科专业，本科及以上学历。
•	5年以上硬件产品经理经验，拥有AGV/AMR、移动机器人或工业移动设备的完整产品经历。
•	理解差速/全向底盘运动学，熟悉LiDAR/IMU感知、SLAM导航及多机调度基本原理。
•	能独立阅读机械装配图与电气原理图，具备硬件规格的量化分析与参数拆解能力。
•	具备完整的量产验证阶段硬件项目管理经验，熟悉从EVT、DVT到PVT的管控要点。
•	拥有机器人/AGV/AMR产品海外认证实操经历，熟悉CE、UL/FCC等认证流程，有直接对接公告机构与测试实验室的经验。
•	出色的跨职能协作能力，能在硬件研发的高不确定性环境中推动复杂项目落地。
加分项
•	有人形机器人整机或移动底盘模块的产品定义/项目管理经验。
•	持有PMP证书，或完成过系统性IPD专项培训。
•	曾在海康机器人、大华股份（华睿科技）、蓝芯科技（蓝星）等企业负责AMR/AGV底盘硬件产品者优先考虑。
岗位标签
机器人底盘 / AMR / AGV / 硬件产品经理 / 海外认证 / 量产经验 / 人形机器人

",CAN LiDAR SLAM 产品规划 供应链 竞品分析 技术方案 项目管理 培训,https://www.liepin.com/a/76170161.shtml
硬件产品经理 北京/深圳,某科技推广服务公司,40-65k,深圳,深圳,统招本科,5-10年,6月22日更新,liepin,"硬件产品经理-消费级家庭机器人方向
岗位职责

主导家庭机器人产品从概念到量产的全流程，负责硬件架构、ID方向及BOM成本定义；

协调结构、电子、算法、供应链等团队，解决研发卡点，确保交付节奏；

追踪传感器、伺服电机等机器人前沿技术，推动产品软硬体验一体化迭代。

任职要求

本科及以上，电子/自动化/机械等理工科背景，5年以上智能硬件PM经验；

至少1款消费级机器人或复杂智能硬件从0到1完整量产经历；

熟悉嵌入式基础、模具工艺及安规认证流程，能与研发高效对话；

强推动力与抗压能力，兼具用户共情与商业判断力。",供应链,https://www.liepin.com/a/76973889.shtml
智能硬件产品经理,某北京大型智能硬件/消费电子公司,20-40k·14薪,深圳,深圳,学历不限,经验不限,7月14日更新,liepin,"1. 配件产品规划：负责整机以外各类配件（如充电配件、连接线材、结构件、防护配件、生态周边等）的产品规划与定义。

2. 需求响应与定义：快速响应市场需求，进行需求细分与方案定义，输出产品规格书。

3. 全生命周期管理：负责配件产品从概念、开发到量产的全流程管理，跟进开发落地与交付质量。

4. 成本与品质管控：精通配件类产品的成本结构，参与供应商评估与物料选型，在保证品质的前提下优化成本。

5. 跨部门协同：与整机团队、供应链、生产部门紧密配合，确保配件与整机的兼容性与配套上市节奏。



任职要求：

1. 本科及以上学历，电子、机械、工业设计、材料等相关专业优先。

2. 3年以上硬件产品经理经验，有消费电子/机器人配件、3C周边产品经验者优先。

3. 熟悉配件类产品的开发流程、模具开发及供应链管理。

4. 具备较强的成本意识和供应商管理能力。

5. 执行力强，沟通协调能力突出，能高效推进跨团队协作。",产品规划 供应链,https://www.liepin.com/a/77872951.shtml
高级硬件产品经理（视觉产品）,某深圳智能硬件/消费电子公司,35-55k·18薪,深圳-龙岗区,深圳,学历不限,5-10年,5月13日更新,liepin,"职位描述:
1、负责智能硬件产品规划，对产品及产品线完整生命周期负责
2、负责市场调研与分析，制定产品线策略，完成产品规划和定义及输出MRD及PRD
3、负责产品研发过程中的关键点管控，组织产品发布及协助市场推广
4、负责产品推广过程中的运营，制定价格推广策略，对接大型项目需求
5、协助供应链对上，下游供应商进行筛选整合并维护好各类资源的关系维护职位要求

岗位要求:
1、5以上年硬件产品经理经验，参与过完整产品项目周期，对行业发展趋势敏感，熟悉智能硬件行业状况及发展方向，并能提出自己的个人解，具备光学/视觉类产品经验优先
2、对智能硬件行业项目对接的技术原理有深入的认识
3、有完整的产品思维，熟悉硬件产品的完整流程
4、能够主导市场调研、用户调研、竞品分析，有较强的决策能力，对结果负责
5、对产品有渴望和激情，敢于挑战未知
6、有良好的沟通能力，可胜任集团内部跨部门沟通、项目跨公司沟通，有良好的商务意识立即沟通",产品规划 市场调研 市场推广 供应链 用户调研 竞品分析,https://www.liepin.com/a/75630443.shtml
硬件产品经理（灵巧手、机械臂）,某北京大型智能硬件/消费电子公司,50-70k·15薪,北京,北京,统招本科,3-5年,7月16日更新,liepin,"岗位职责：
1. 配件产品规划：负责整机以外各类配件（如充电配件、连接线材、结构件、防护配件、生态周边等）的产品规划与定义。
2. 需求响应与定义：快速响应市场需求，进行需求细分与方案定义，输出产品规格书。
3. 全生命周期管理：负责配件产品从概念、开发到量产的全流程管理，跟进开发落地与交付质量。
4. 成本与品质管控：精通配件类产品的成本结构，参与供应商评估与物料选型，在保证品质的前提下优化成本。
5. 跨部门协同：与整机团队、供应链、生产部门紧密配合，确保配件与整机的兼容性与配套上市节奏。
任职要求：
1. 本科及以上学历，电子、机械、工业设计、材料等相关专业优先。
2. 3年以上硬件产品经理经验，有消费电子/机器人配件、3C周边产品经验者优先。
3. 熟悉配件类产品的开发流程、模具开发及供应链管理。
4. 具备较强的成本意识和供应商管理能力。
5. 执行力强，沟通协调能力突出，能高效推进跨团队协作。",产品规划 供应链,https://www.liepin.com/a/77985619.shtml
硬件产品经理(J10094),医疗机构B轮100-499人,20-40k,深圳-南山区,深圳,统招本科,5年以上,7月7日更新,liepin,"职责描述：
1. 产品定义与需求规划：独立负责AI医疗/可穿戴硬件产品的市场调研、竞品分析与用户痛点挖掘。结合公司战略规划与AI技术能力，完成产品可行性评估，独立输出高质量的产品需求文档（PRD）与产品规格书。
2. 全流程项目驱动：作为产品的核心驱动者，主导智能硬件从概念到量产（0-1）的全生命周期管理。深入参与并把控立项、ID/MD设计、软硬件研发开发、EVT/DVT/PVT打样测试验证阶段，对项目的进度、成本（BOM）及质量目标负责。
3. 跨团队协同与资源整合：主导跨部门协作，统筹协调工业设计（ID/UI）、软硬件研发、算法团队、质量及供应链（采购/工厂）团队，有效拉齐各方目标，敏锐识别并解决项目推进中的技术阻碍与资源冲突，确保按节点交付。
4. 生命周期管理与体验闭环：搭建产品体验追踪体系，跟进样机测试与上市后用户反馈（包含客诉与使用数据）；协同商业化及售后团队推动问题闭环，规划产品迭代演进路线（Roadmap），持续提升产品竞争力。
任职要求：
1. 本科及以上学历，生物医学工程、电子信息、自动化、机械结构、工业设计等相关专业优先；
2. 具备3年以上智能硬件产品经理经验，必须有至少1款智能硬件产品从0到1成功量产（MP）上市的完整项目经历；
3. 熟悉智能硬件底层开发逻辑与供应链体系，对传感器应用、ID/MD工艺堆叠、软硬互联（APP+设备）有深入理解，能与研发团队就技术实现方案进行深度探讨与权衡；
4. 具备优秀的逻辑思维与商业敏锐度，能将复杂的技术语言转化为用户价值；
5. 具备极强的责任心、抗压能力与主人翁意识（Ownership），在模糊或高压环境下能独立推进复杂问题解决。

加分项：
具备AI医疗设备、健康监测类可穿戴硬件（如智能手表/手环、心率/血氧/脑电监测设备等）实操经验者优先；",市场调研 竞品分析 跨部门协作 供应链 采购 产品迭代,https://www.liepin.com/job/1981609755.shtml
硬件产品经理(J10524),华曦达科技,22-35k·14薪,深圳-南山区,深圳,本科,5年以上,7月24日更新,liepin,"职责描述：
1.负责 AI智能交互屏系列产品的全生命周期管理，包括产品定义、硬件规格、软件体验、上市策略及迭代规划。
2.主导屏幕交互类产品的整机定义（尺寸、触控、语音、摄像头、传感器、处理器、无线连接等硬件方案选型与成本把控）。
3.深入家庭用户场景（日程协同、任务管理、儿童成长、家庭沟通等），提炼核心需求，输出高质量 PRD，并协调设计、研发、测试团队落地。
4.管理产品开发全流程：从概念、立项、EVT/DVT/PVT、试产、量产到上市后的用户反馈与迭代，确保产品按时、按质、按成本交付。
5.研究竞品，输出竞争分析及差异化策略，持续优化产品竞争力。
6.配合市场及销售团队完成产品卖点提炼、上市资料、渠道培训及用户运营策略制定。
7.跟踪产品上市后的用户数据、NPS、退货率等指标，驱动产品持续改进。
任职要求：
1.本科及以上学历，5 年以上智能硬件产品经理经验，至少主导过 2 款完整生命周期的消费电子产品（从定义到量产上市）。
2.有屏幕类智能硬件产品经验，如智能学习机、智能日历屏、智能中控屏、平板电脑、电子相框、智能音箱（带屏版）等。
3.熟悉整机硬件开发流程，包括 ID 设计、结构堆叠、硬件选型、固件开发、软件系统集成、认证测试、试产爬坡等。
4.具备敏锐的用户洞察能力，能通过用户研究、数据分析挖掘家庭场景痛点，并转化为可落地的产品方案。
5.优秀的跨部门协作能力，能高效推动研发、设计、供应链、品质、市场团队共同达成目标。
6.具备良好的商业 sense，能进行产品成本分析、定价策略、毛利测算及产品线经营规划。
7.英语读写流利，能阅读海外用户反馈、竞品资料及技术文档。",培训 数据分析 跨部门协作 供应链 技术文档 PRD EVT DVT,https://www.liepin.com/job/1984376385.shtml
高级硬件产品经理,人工智能C轮50-99人,20-25k,北京-大兴区,北京,统招本科,5-10年,6月2日更新,liepin,"岗位职责：
1、负责产品的用户需求调研、需求分析、新功能设计、确定硬件产品需求和技术标准；
2、负责设计产品的交互界面、流程原型、产品定义、技术需求规格书及跟进产品ID设计；
3、新产品的研发实施工作跟踪确认，协助解决研发中出现的相关问题，保障研发进度的完成；
4、分析竞争对手动态和市场动态，研究同类产品现状，完成相应产品线的策略研究或评估报告；
5、跟踪上线产品的市场效果，用户反馈，收集和挖掘改进需求，改进和优化产品，提升用户体验。
任职要求：
1、重点本科及以上学历，计算机、电子或通信类理工科相关专业；
2、专业的相机厂商硬件产品经理工作经验优先考虑，深入相机成像原理，对图片视频压缩处理技术有一定理解；
3、热爱互联网，熟悉智能硬件，具备强大的学习能力，对新领域和产品能够快速熟悉并沉淀经验。
4、3年以上智能硬件类产品项目开发或产品经理经验；
5、熟悉完整的产品规划过程、软硬件研发流程、良好的文档工作能力。
优先条件：
1、专业的AR/手机厂商硬件产品经理工作经验（有过成熟产品的案例经验）；
2、具有硬件研发出身背景；
3、科技发烧友，硬件极客。
",需求分析 产品规划,https://www.liepin.com/job/1961851007.shtml
硬件产品经理,某知名公司,40-50k·14薪,深圳,深圳,统招本科,5-10年,7月17日更新,liepin,"岗位职责：
1、负责IoT智能硬件产品的产品规划、市场调研、竞品分析等，；
2、负责IoT智能硬件产品的功能设计，并进行迭代优化；
3、负责产品整个生命周期管理，并与第三方公司（ODM厂商、供应商等）紧密合作，按项目计划和质量标准量产交付；
任职要求：
1、5年以上硬件产品开发或产品经理经验，熟悉智能硬件行业的现状和发展趋势；
2、对互联网+智能硬件行业充满热情，具备敏锐的产品洞察能力；
3、熟悉软硬一体化产品的设计方法，具备较强的产品规划、项目管控和跨团队协调推动能力；",产品规划 市场调研 竞品分析,https://www.liepin.com/a/78017493.shtml
硬件产品经理,某深圳大型电子/半导体/集成电路公司,25-50k,深圳,深圳,硕士,3-5年,6月23日更新,liepin,"岗位:硬件产品经理
地点:深圳南山
岗位职责:
1.参与硬件产品总体规划设计，通过分析市场需求、用户购买旅程、技术趋势、竞品和竞争环境等因素，为产品组合的规划成功提供输入;
2.制定产品系列路线图，对产品最终表现力、竞争力和用户体验负责;3.深入洞察市场和销售需求，结合公司技术路线图和发展趋势，输出产品定义，并负责全生命周期管理和持续迭代，确保产品竞争优势和用户体验;
4.与营销、设计、开发和供应链团队紧密合作，领导团队按时保质保量满足产品交付需求，支撑公司业务快速增长。
岗位要求:
1.硕士及以上学历，力学、声学、机械、电子、材料等相关理工科专业，有扎实的数理基础;2.有3年以上硬件产品经理相关经验;
3.热爱产品，对3C产品有浓厚的兴趣爱好，善于发现新事物，接受新思维，能深度思考，对产品追求极致;4.有较强的逻辑思维能力、有责任感有担当、能有效决策，承受较大的工作压力;
5.有硬件产品从预研、定义、开发到上市全流程经验者优先;有项目管理经验者优先。
 
第一学历985211，3-6年经验，需要年轻化的，手环手表/耳机/可穿戴产品/其他硬件整机产品经理的经验。",供应链 项目管理,https://www.liepin.com/a/77058213.shtml
智能硬件产品经理,湖南肆玖科技股份有限公司,15-25k,长沙-岳麓区,长沙,本科,5-10年,7月28日更新,liepin,"职位描述：
1、负责刻字机、打印机及 DIY 创作设备相关产品的市场调研、竞品分析和用户需求分析；
2、根据公司产品战略和渠道需求，参与产品线规划、产品机会判断和新品立项；
3、负责输出 MRD/PRD、产品定义文档、竞品分析、SKU/价格建议、产品卖点和上市输入资料；
4、协同研发、结构、硬件、软件、供应链、品质、项目、营销、销售等部门，推进产品从立项、开发、样机、测试、试产到上市；
5、负责产品开发过程中的需求拆解、方案评审、样机验证、风险管控、成本管控和问题闭环；
6、负责新品上市前的产品资料、包装信息、卖点证据、培训资料和产品事实库输入；
7、跟踪产品上市后的销售、评价、退货、客诉和竞品变化，推动产品持续优化、降本、迭代或退市；
8、结合海外 Amazon、DTC 及国内天猫、京东等渠道特点，提出不同渠道、国家、客群下的产品优化建议；

职位要求：
1、本科及以上学历，机械、电子、自动化、工业设计、计算机、市场营销等相关专业优先；
2、3 年以上硬件产品经理、智能硬件产品经理、产品开发或产品企划相关经验；
3、熟悉硬件产品开发流程，了解结构、电子、软件、供应链、品质、试产、量产等基本环节；
4、具备市场调研、竞品分析、用户需求分析和产品定义能力；
5、能独立输出 MRD/PRD、产品定义、竞品分析、立项材料或产品复盘报告；
6、具备较强的数据收集和分析能力，能从销售、评价、退货、客诉、竞品变化中发现产品问题；
7、逻辑清晰，沟通表达能力强，能推动跨部门协作和问题闭环；
8、具备较强责任心、学习能力和抗压能力。

优先条件：
1、有刻字机、喷墨打印机、标签机、热转印、DTF、UV 打印、DIY 创作设备经验优先；
2、有智能硬件、消费电子、物联网、小家电、桌面设备类产品成功上市经验优先；
3、有海外电商、Amazon、DTC 产品经验优先；
4、有供应商方案评估、BOM 拆解、样机验证、成本优化经验优先；
5、英文阅读能力较好，能阅读海外竞品页面、用户评价和行业资料者优先。",市场调研 竞品分析 需求分析 供应链 培训 跨部门协作,https://www.liepin.com/job/1984214441.shtml
硬件产品经理（家庭机器人）,某杭州智能硬件/消费电子公司,35-50k·13薪,杭州-萧山区,杭州,统招本科,3-5年,7月7日更新,liepin,"一、岗位职责
1、负责情感陪伴机器人硬件产品整体规划与生命周期管理，涵盖整机结构、语音模组、传感交互、续航、蓝牙/联网等IoT硬件相关功能迭代与优化。
2、挖掘用户硬件使用场景需求，输出硬件产品方案、规格定义、交互硬件逻辑，配合结构、电子、固件团队完成产品落地。
3、跟进硬件选型、样机调试、试产、量产及迭代优化，解决生产与用户使用中的硬件体验、稳定性、适配性问题。
4、负责软硬件联调配合，打通APP、AI算法与硬件交互逻辑，保障语音互动、情绪感知、智能陪伴等功能流畅联动。
5、跟进竞品硬件方案与行业IoT硬件趋势，持续优化产品硬件体验、成本与品质，提升产品竞争力。
二、任职要求
1、2年以上IoT硬件产品经理经验，有智能机器人、智能音箱、陪伴类智能硬件整机项目落地经验优先。
2、熟悉智能硬件开发流程，了解整机结构、音频模组、传感器、联网通信、电池续航等硬件基础原理与选型逻辑。
3、具备软硬件协同思维，可独立完成硬件需求梳理、方案输出、版本迭代及问题闭环。
4、熟悉硬件项目流程，能够对接研发、供应链、工厂，保障产品顺利试产与量产落地。
5、逻辑清晰、执行力强，具备良好的跨部门沟通与项目推进能力，对硬件体验和品质有严格把控意识。
6、加分项：有AI情感陪伴机器人硬件项目经验、熟悉软硬件联调、具备成本优化与量产落地经验。",供应链,https://www.liepin.com/a/76717443.shtml
硬件产品经理（机器人）,某北京大型智能硬件/消费电子公司,50-70k·15薪,深圳,深圳,统招本科,3-5年,7月16日更新,liepin,"岗位职责：
1. 配件产品规划：负责整机以外各类配件（如充电配件、连接线材、结构件、防护配件、生态周边等）的产品规划与定义。
2. 需求响应与定义：快速响应市场需求，进行需求细分与方案定义，输出产品规格书。
3. 全生命周期管理：负责配件产品从概念、开发到量产的全流程管理，跟进开发落地与交付质量。
4. 成本与品质管控：精通配件类产品的成本结构，参与供应商评估与物料选型，在保证品质的前提下优化成本。
5. 跨部门协同：与整机团队、供应链、生产部门紧密配合，确保配件与整机的兼容性与配套上市节奏。
任职要求：
1. 本科及以上学历，电子、机械、工业设计、材料等相关专业优先。
2. 3年以上硬件产品经理经验，有消费电子/机器人配件、3C周边产品经验者优先。
3. 熟悉配件类产品的开发流程、模具开发及供应链管理。
4. 具备较强的成本意识和供应商管理能力。
5. 执行力强，沟通协调能力突出，能高效推进跨团队协作。",产品规划 供应链,https://www.liepin.com/a/77985637.shtml
智能硬件产品经理,某深圳具身智能与机器人公司,40-70k,深圳,深圳,统招本科,5-10年,7月9日更新,liepin,"岗位职责:
1、负责探索分析具身智能机器人(轮臂机器人)行业与技术，制定产品技术路线，制定产品规划，定义产品规输出PRD;
2、组织并推进研发技术团队形成产品技术方案，制定产品开发计划及生命周期管理计划，制定产品验收指标;
3、负责产品研发过程中的关键点管控，组织产品发布，与品牌、营销协同做好产品推广;
4、负责管理产品成本，管理关键器件及供应商选择，管理人工智能技术合作与导入;
5、负责产品整体运营，管理产品迭代(软硬件升级、降本)，管理损益经营;

岗位要求
1、3年以上智能硬件产品经理经验，对行业发展趋势敏感，熟悉人工智能、机器人行业状况及发展方向;
2、具备厚实的人工智能、机器人相关技术知识，有人形、四足、机械臂产品经验者优先;
3、熟悉硬件产品开发流程，具备大型软硬件系统集成产品经验者优先;
4、对机器人行业有渴望和激情，敢于挑战末知;作为产品Owner有较强的決策能力，对结果负责;
5、具备较强的沟通能力，资源协调能力，有较强的经营管理意识;
6、最好对于软硬件和系统集成有了解（加分项）",产品规划 技术方案 产品迭代 资源协调,https://www.liepin.com/a/77708467.shtml
智能硬件产品经理,某深圳电子/半导体/集成电路公司,50-80k·16薪,深圳,深圳,硕士,2年以上,7月23日更新,liepin,"你需要：
1.参与硬件产品总体规划设计，通过分析市场需求、用户购买旅程、技术趋势、竞品和竞争环境等因素，为产品组合的规划成功提供输入；
2.制定产品系列路线图，对产品最终表现力、竞争力和用户体验负责；
3.深入洞察市场和销售需求，结合公司技术路线图和发展趋势，输出产品定义，并负责全生命周期管理和持续迭代，确保产品竞争优势和用
户体验 ；
4.与营销、设计、开发和供应链团队紧密合作，领导团队按时保质保量满足产品交付需求，支撑公司业务快速增长。

我们希望你：
1.硕士及以上学历，力学、声学、机械、电子、材料等相关理工科专业，有扎实的数理基础；
2.有2~6年硬件产品经理相关经验；
3.热爱产品，对3C产品有浓厚的兴趣爱好，善于发现新事物，接受新思维，能深度思考，对产品追求极致；
4.有较强的逻辑思维能力、有责任感有担当、能有效决策，承受较大的工作压力；
5.有硬件产品从预研、定义、开发到上市全流程经验者优先；有项目管理经验者优先。",供应链 项目管理,https://www.liepin.com/a/75593935.shtml
硬件产品经理（扫描产品）,某上海人工智能公司,25-50k·14薪,上海-浦东新区,上海,统招本科,5-10年,7月9日更新,liepin,"企业主做手持扫描产品及具身数据服务 。创始团队机器人及人工智能领域博士，团队开放。

岗位base上海浦东新区，五险一金、周末双休。

岗位职责
1. 负责公司智能扫描设备及相关软件产品的整体规划与生命周期管理，包括需求分析、产品定义、版本迭代及商业化落地。
2. 深入理解三维数字化、空间建模、点云采集、SLAM定位、三维重建等核心业务场景，挖掘用户需求并转化为产品方案。
3. 与硬件、嵌入式、SLAM算法、3DGS算法、客户端软件及渲染团队紧密协作，推动产品从概念验证到量产落地的全过程。
4. 编写PRD文档，明确功能定义、业务流程、技术边界及产品指标，协调研发、测试、供应链及交付团队推进产品开发。
5. 参与扫描链路设计，包括： 数据采集 、 点云生成 、 SLAM建图 、Mesh重建 、3DGS生成 、数据渲染展示 ，持续优化产品整体体验与效率。
6. 跟踪行业趋势及竞品动态，包括： 三维扫描设备 、空间数字化 、数字孪生 、 SLAM 、Gaussian Splatting 、 智能感知设备，提升产品竞争力。
7. 参与产品测试、验证、交付及客户需求对接，推动产品在工业、测绘、建筑、数字孪生等场景的应用落地。
8. 协同销售与市场团队，支持产品推广、解决方案输出及重点客户沟通。
9. 负责硬件产品全生命周期项目管理，从项目立项、需求确认、方案评审，到 EVT / DVT / PVT / 量产，全流程统筹推进，确保项目按计划交付。
10. 建立项目风险管控机制，主动识别研发、测试、供应链及量产过程中的潜在风险，制定应对预案，降低延期及质量风险。

职位要求
1. 本科及以上学历，计算机、电子信息、自动化、机器人、测绘工程、工业设计等相关专业优先。
2. 具备3年以上智能硬件产品经理经验，有以下方向经验优先： 扫描仪 、 相机 、激光雷达 、机器人 、 三维重建 、测绘设备 、工业视觉设备 。
3. 熟悉硬件产品研发全流程，包括： 需求定义 、 EVT 、DVT 、 PVT 、 量产交付 。
4. 对以下技术有一定理解（至少2项）： SLAM 、 点云 、 三维重建 、 SfM 、Mesh 、 3DGS 、计算机视觉 、多传感器融合
5. 能理解硬件、嵌入式、算法及客户端开发逻辑，能够与研发团队高效协作。
6. 熟悉产品全生命周期管理，具备独立需求分析、产品规划及跨团队推进能力。
7. 具备较强的逻辑能力、沟通能力和执行力，推动复杂项目落地。
",SLAM 计算机视觉 需求分析 供应链 数据采集 客户沟通 项目管理 产品规划,https://www.liepin.com/a/77707867.shtml
硬件产品经理（仿生硬件方向） (MJ000096),浙江强脑科技有限公司,25-50k,深圳-南山区,深圳,本科,经验不限,7月20日更新,liepin,"【岗位职责】
1. 产品规划与上市（GTM）


上市策略制定： 负责下肢仿生产品（智能膝关节、脚踝等）的上市规划，制定产品上市节奏、定价策略、渠道铺排及推广方案。协调市场、销售、售后团队，确保产品成功上市并达成商业目标（销量、营收、毛利）。
全生命周期管理： 统筹管理产品从立项、开发、试产、上市到退市的全过程，监控产品健康度，根据市场反馈制定迭代计划。

2. 需求转化与文档管理
战略解码： 深刻理解产线负责人及公司高层的战略意图，参与年度产品线规划。将领导层的商业目标、技术愿景及模糊需求，通过系统化分析，转化为清晰、可执行的《产品需求文档》（PRD）和《规格说明书》。
跨部门协作： 主导研发、工业设计、供应链等部门的协同工作，确保PRD中的功能定义、性能指标、成本结构被准确理解和执行，对产品交付结果负责。

3. 市场与商业洞察
市场敏感性： 密切关注康复辅具、假肢行业动态、竞品动态及医保/集采政策，定期输出市场分析报告。通过数据分析挖掘用户痛点与未满足需求，寻找差异化竞争机会。
用户研究： 深入临床（康复科/假肢矫形器师）与终端用户场景，建立用户画像，验证产品假设，确保产品设计的真实有效性和临床价值。

4. 工程与技术衔接


技术可行性把控： 利用对工程硬件的理解（如机电一体化、结构设计、传感器应用等），在研发过程中协助判断技术方案的可行性，平衡“理想功能”与“硬件实现成本/可靠性”之间的冲突，降低研发返工风险。


【任职资格】
1. 经验要求
统招本科及以上学历，生物医学工程、机械电子工程、自动化、市场营销等相关专业背景。
3-5年以上硬件产品经理经验，具备智能硬件、医疗器械（二类/三类）、康复机器人或精密机电设备行业经验者优先。
必须具有至少1个完整的产品从0到1上市（GTM）的成功案例。

2. 核心能力
商业GTM能力： 具备成熟的商业思维，熟悉产品定价、渠道管理、营销卖点提炼等商业环节，能够对产品的最终商业表现负责。
需求转化能力： 极强的逻辑思维与文档撰写能力，能够将抽象的领导意图、散乱的市场需求，高效转化为结构严谨的PRD（包含功能逻辑、交互原型、数据指标等）。
硬件工程认知： 对硬件开发流程有基本认知，了解机械结构、嵌入式软件、电子电气的基本原理及研发难点。不求亲自画图，但需具备与技术团队“讲道理”的能力，能有效管理研发进度与风险。
市场敏感度： 对新技术、新商业模式敏感，具备优秀的数据分析能力，能从数据中发现问题并驱动决策。

3. 软性素质
抗压能力与推动力： 具备极强的责任心，在复杂的跨部门协作中能主动推动团队前进，确保项目节点按时达成。
逻辑与沟通： 具备优秀的向上沟通能力，能高效向产线负责人汇报；同时具备同理心，能妥善协调研发与市场部门的资源冲突。",产品规划 跨部门协作 供应链 数据分析 产品设计 技术方案,https://www.liepin.com/job/1984250959.shtml
硬件产品经理-机器人方向,某北京科技推广服务公司,50-80k,北京-海淀区,北京,统招本科,2年以上,今日更新,liepin,"北京某机器人公司，base地：北京
硬件产品经理-消费级家庭机器人方向
-有爆款消费级产品量产经验者优先，必须有消费电子+AI双重背景
岗位职责：
-负责消费级家庭机器人全生命周期管理，主导从需求挖掘、产品定义到量产上市、迭代优化的核心决策；
-深入C端家庭场景（陪伴/家务/交互），通过用户调研与数据分析输出需求报告，指导功能设计；
-平衡AI技术（CV/语音/运动控制）与硬件成本，制定产品Roadmap，推动跨部门协同，确保按时量产；
-跟踪上市反馈与竞品动态，持续优化体验，打造爆款；
-配合市场销售输出产品卖点及物料，支撑商业化。",用户调研 数据分析 CV,https://www.liepin.com/a/77781661.shtml
智能硬件产品经理,某人工智能公司,25-45k·14薪,深圳,深圳,本科,经验不限,7月14日更新,liepin,"岗位职责：承接产品策略落地为硬件规格；采集能力落地；在续航 / 体积 / 防水 / 成本约束下做模块级方案比选；对接 ODM / 供应商；推进量产全周期；管理功耗与续航；配合推进可靠性与防水落地；跨团队协作
任职要求：2年以上硬件产品经理经验，至少独立带过 1 款穿戴式设备完整量产周期；熟悉穿戴硬件核心模块规格定义与选型；具备完整需求定义能力；熟悉穿戴产品特有挑战；有 ODM 端到端对接经验；优先有健康 / 生理监测类硬件经验、多模态生理信号链路经验等",ODM,https://www.liepin.com/a/77888903.shtml
硬件产品经理 机械电气专业 农业智能设备,某深圳机械/设备公司,25-40k,上海,上海,本科,2-4年,7月15日更新,liepin,"觉物科技 硬件产品经理 机械电气等专业
上海：30w-50w/年（15-16薪）
西安：25w-40w/年（15-16薪）-
职位要求：
1.全日制统招一本本科，理工科专业，机械相关专业；30岁以下
2.2年以上工作经验；有农业智能设备的优先；
3.具备较强的团队协作和沟通能力，思维活跃，学习能力、适应能力强；
4.责任心强，能承受一定的工作压力。

-工作职责：
1.深刻理解项目总体业务战略，洞察场景和目标用户，推进项目产品规划、产品审议、过程管理等工作；
2.以产品为核心，进行客户调研、数据统计、市场分析工作，并据此制定清晰的产品发展策略和产品技术方案；
3.协同设计、技术等相关资源，不断迭代用户体验，推进产品开发流程，确保按时且高质量完成功能开发；
4.深度挖掘分析用户需求，能从用户的表面需求分析出用户深层次的实际需求，并提出相应的改进方案。
-SHRD：上海徐汇区华鑫中心1号楼205
XARD：西安雁塔区西安软件新城2期A10栋5层-COO创始人",产品规划 技术方案 需求分析 SHRD XARD,https://www.liepin.com/a/77238629.shtml
智能硬件产品经理,某深圳智能硬件/消费电子公司,40-50k,深圳,深圳,本科,5-10年,6月4日更新,liepin,"主要职责
-  负责智能可穿戴硬件产品的功能规划与参数定义（如传感器选型、性能指标、功耗、尺寸等）； 
-  从用户需求与使用场景出发，拆解为可落地的硬件方案，并平衡体验、成本与技术可行性； 
-  主导产品从立项到量产的全流程推进（EVT / DVT / PVT 等阶段）； 
-  协调硬件研发、ID、结构、算法、供应链等多方资源，推动项目按节点推进； 
-  管理项目进度与风险，识别关键问题并推动解决； 
-  与 App / AI / 设计团队协作，确保软硬件体验一致，形成完整产品闭环； 
-  持续跟踪行业与技术趋势，优化产品方案与下一代规划。 

---
任职要求
-  本科及以上学历，电子工程、通信、工业设计或相关专业优先； 
-  5 年以上硬件产品经理或相关经验，有完整硬件项目经验（从定义到量产）； 
-  理解硬件开发流程（如 EVT / DVT / PVT），熟悉可穿戴或消费电子产品开发优先； 
-  具备基础的硬件认知（传感器、功耗、连接方式、结构限制等），能与工程团队高效沟通； 
-  具备良好的项目管理能力，能推动多团队协作并按时交付； 
-  有产品思维，能够在体验、成本、风险之间做合理取舍； 
-  具备较强的责任心与执行力，能在不确定性中持续推进。 

---
加分项
-  有可穿戴设备（手表 / 手环等）或健康类硬件产品经验； 
-  有传感器相关经验（如心率、血氧、温度等）； 
-  熟悉蓝牙（BLE）、低功耗设计或嵌入式系统； 
-  有 0-1 量产经验，对成本与交付有实际认知； 
-  有跨软硬件协同经验（与 App / 算法 / AI 团队合作）。
",供应链 项目管理 EVT DVT PVT ID App AI,https://www.liepin.com/a/75770369.shtml
智能硬件产品经理,深亚达科技,15-25k,深圳-龙华区,深圳,学历不限,3-5年,7月15日更新,liepin,"岗位职责：
1.负责智慧养殖方向智能硬件产品的全生命周期管理，包括需求调研、产品定义、方案设计、开发跟进、测试验收及量产交付。
2.深入养殖一线，调研养殖户及规模化养殖企业的痛点与需求，将业务场景转化为可落地的智能硬件产品方案。
3.主导产品需求文档（PRD）撰写，明确硬件功能规格、通信协议、数据接口、环境适应性等关键指标。
4.协同嵌入式硬件工程师、固件开发、结构设计、供应链等团队，推动产品按计划研发和交付。
5.关注行业竞品及前沿技术趋势（如物联网、边缘计算、AI感知等），持续优化产品竞争力。
6.参与制定产品路线图，规划短中长期产品迭代节奏，支撑公司智慧养殖业务的整体战略。
7.配合市场与销售团队完成产品上市推广，输出产品卖点梳理、培训材料及售前技术支持。
8.跟进产品上线后的用户反馈和运维数据，推动产品持续优化迭代。""
任职要求：
1.本科及以上学历，电子工程、自动化、通信、计算机、农业工程等相关专业优先。
2.有3-5年智能硬件产品经理工作经验，有完整的硬件产品从0到1落地经历。
3.有物联网（IoT）、智慧农业、智慧养殖、环境监测等相关行业经验者优先。
4.熟悉智能硬件产品开发流程，了解嵌入式系统、传感器选型、通信模组（Wi-Fi/4G/LoRa/NB-IoT等）、云平台对接等基础知识。
5.具备较强的需求分析、产品规划和文档撰写能力，能独立完成PRD及竞品分析报告。同时具备将复杂业务场景抽象为产品方案的能力。
6.良好的跨部门沟通协调能力和项目推动能力，能在资源有限的情况下推动事情落地。
7.具备数据分析思维，能从用户行为和设备数据中发现问题、驱动产品优化。
8.适应一定频率出差，愿意深入养殖场等一线场景了解真实需求。""
加分项：
1.有畜牧/水产养殖行业从业经验或相关领域研究背景。
2.有AIoT（人工智能物联网）产品经验，熟悉端侧AI推理、图像/声音识别等技术应用。
3.了解主流IoT云平台（如AWS IoT、阿里云IoT、华为IoT等）的接入与管理。
4.有B端产品或政企项目交付经验。""
",4G AWS 阿里云 方案设计 供应链 产品迭代 培训 技术支持 需求分析 产品规划 竞品分析 数据分析,https://www.liepin.com/job/1983984227.shtml
科大讯飞-高级硬件产品经理,互联网已上市10000人以上,18-35k·16薪,上海-长宁区,上海,本科,5年以上,7月30日更新,liepin,"【岗位职责】
1、负责行业专用智能硬件新品机会的规划（含选品）、立项与全生命周期管理，确保产品符合业务需求、合规与成本要求。
2、熟悉行业硬件产品的业务特点，有敏锐的行业嗅觉，具备深度调研目标市场用户需求、竞品动态、供应链能力、渠道特点，输出硬件新品建议、产品定位、用户痛点；跟踪行业政策导向与建设规范。
3、协同硬件研发、供应链推进硬件产品从 0→1 落地，支撑业务快速完成市场和目标用户的验证；牵头全流程：需求评审 → ID/结构/电子方案 → 固件/驱动 → 音视频子系统联调 → 试产 → 量产，把控里程碑、成本与质量。
4、负责收集客户、用户反馈，形成产品迭代 roadmap，持续优化体验、成本与竞争力；跟进试点、验收、复购全流程，配合售前、交付团队输出产品白皮书、培训材料与投标支撑材料。
5、参与新品机会挖掘，对 AI 音视频硬件、多模态交互终端、一体机设备等做可行性分析与商业论证；具备系统级解决方案思维，能设计""端—边—云""协同架构，对接业务平台与数据中台。
【任职要求】
1、本科及以上，电子、自动化、计算机、工业设计、机械、通信等相关专业。
2、3 年及以上智能硬件产品经理经验，有政务/安防/专网等行业硬件产品3、从 0 到 1 落地或选品/商业化经验优先；了解行业业务流程与建设框架者优先。
4、熟悉硬件开发流程：ID/MD/电子/模具/供应链/量产/认证全环节；具备音视频产品基础认知（编解码、传输协议、存储与回放、降噪、AI 识别），能定义硬件与音视频子系统的对接规格。
5、具备较强的市场分析、竞品分析、用户需求洞察能力，能独立输出产品方案；懂系统级解决方案，能理解硬件、软件平台、网络与安全之间的协同关系。
6、优秀的跨部门推动与项目管理能力，结果导向，抗压能力强；能在多方（研发、供应链、客户、监管）之间高效协同，能承受驻场调研与项目攻坚压力。
7、有专网/涉密项目经验、熟悉国产化适配（信创：国产芯片、操作系统、数据库）、有 To G/To B 招投标与解决方案编写经验优先。
工作地在合肥，接受者优先",合规 供应链 产品迭代 培训 投标 竞品分析 项目管理 招投标,https://www.liepin.com/job/1981007083.shtml
硬件产品经理（视觉检测设备方向）,房地产开发经营5000-10000人,20-35k·13薪,深圳-宝安区,深圳,统招本科,5-10年,7月23日更新,liepin,"1、岗位名称：
硬件产品经理（视觉检测设备方向）

2、公司简介：
我司专注于智能视觉检测设备的研发、生产、销售与一体化服务，深耕工业视觉检测赛道，聚焦工业产品缺陷检测、尺寸测量、外观分拣、智能识别等核心场景，产品广泛应用于PCBA、半导体、光模块等多个精密制造领域。公司现有员工100余人，正处于高速发展扩张期，拥有成熟的软硬件研发团队。为匹配公司新品研发、产品线拓展及业务规模化落地需求，现诚聘具备行业洞察力的硬件产品经理，负责产品定义与全生命周期管理。

3、薪酬范围：
20K-33K（月薪*12+年终奖）

4、工作地点：
深圳市宝安区

5、岗位职责：
（1）产品规划与定义： 负责AOI视觉检测设备的产品路线图规划。深入调研PCBA、半导体、光模块等目标应用领域的检测需求、工艺痛点及竞品动态，输出产品需求文档，明确设备需达成的功能、性能指标及整体规格。
（2）产品全生命周期管理： 主导产品从概念、立项、研发、试产到上市退市的全流程管理。协同算法、软件、光学、结构、硬件及生产供应链等资源，把控项目关键节点，确保产品按时、按质交付。
（3）需求管理与产品设计： 将客户侧碎片化的检测需求，高效转化为研发可执行的技术参数与功能描述。主导定义产品的整机形态、光学成像方案、运动控制逻辑、人机交互及工业设计需求，确保产品竞争力、易用性与可制造性。
（4）市场导入与支持： 提炼产品核心价值与卖点，输出产品资料包，协同市场与销售团队完成产品发布与推广。深度参与重大项目售前支持，为客户定制化方案提供产品侧评估，并持续收集一线反馈驱动产品迭代。
（5）产品经营与优化： 对产品的市场表现和最终利润负责。持续监控量产成本、良率及客户满意度，通过BOM成本优化、通用化/模块化设计等手段，持续提升产品综合竞争力。

6、任职要求：
（1）学历专业： 本科及以上学历，机械、自动化、光电、计算机、电子信息等相关专业。
（2）工作经验： 5年及以上硬件产品相关经验，其中至少3年在直接领域（AOI视觉检测设备、自动光学检测设备）或相邻领域（精密测量仪器、半导体设备、激光设备等），从事产品经理、项目经理或系统工程师岗位。有从0到1主导整机设备成功上市案例者优先。
（3）核心专业能力：具备扎实的硬件产品思维，深刻理解AOI设备的核心构成，能贯通光学成像（相机、镜头、光源）、机械结构（整机框架、运动平台）、电气控制等子系统之间的关联与约束。能独立完成竞品分析、BOM成本拆解与产品功能定义，具备将检测工艺痛点准确转化为设备硬件规格的能力。
（4）产品化能力： 具备优秀的项目管理和跨部门资源协调能力，能高效驱动算法、软件、光学、结构、硬件等跨职能团队协同工作。深刻理解产品从样机到量产的工程转化过程，对可制造性设计、产品可靠性、成本控制有实操经验。
（5）综合素质： 拥有极强的逻辑分析、商业洞察和客户同理心，能从复杂的现场需求中精准提炼核心痛点与产品价值。出色的沟通表达与抗压能力，结果导向，能适应项目节奏。",产品规划 供应链 产品设计 产品迭代 竞品分析 项目管理 资源协调 成本控制,https://www.liepin.com/job/1984338199.shtml
硬件产品经理（大厂需求，薪资Open）,某深圳人工智能公司,50-80k·18薪,深圳,深圳,学历不限,5-7年,5月12日更新,liepin,"需求方向多，智能硬件方向都可以。例如：手持云台，相机，扫地机，E-Bike、无人机、消费电子产品。
岗位职责：
1、负责产品线的全生命周期管理，制定产品战略、市场定位及商业化路径，确保产品竞争力与市场份额持续提升；
2、通过用户调研、数据分析等手段，驱动产品创新迭代，挖掘消费者痛点及行业趋势，主导新产品机会的探索与孵化，拓展增量市场（如新兴个护品类），推动产品线多元化布局；
3、具备生意全局视角，负责产品的市场表现、利润目标及ROI分析，协同供应链、销售、营销团队达成商业目标，监控竞品动态及市场数据，快速调整产品策略，优化定价、渠道策略及促销方案；
4、联动研发、设计、供应链团队，推动产品从需求定义到量产落地，确保产品体验与成本平衡，协同市场部制定品牌传播策略，提升产品声量及用户粘性。
任职要求：
1、本科及以上学历，5年及以上硬件产品经理经验，有消费电子行业背景优先；
2、主导过产品0-1上市及商业化闭环，能独立完成竞品分析、用户画像及市场规模测算等；
3、有过出海的产品经验、具有GTM等更全视角、更高的商业敏感度优先；
4、出色的跨部门协调能力，能同时应对研发、设计、市场等多方需求；
5、抗压能力强、具有很好的创新能力、积极拥抱组织变化。",用户调研 数据分析 供应链 竞品分析 E-Bike,https://www.liepin.com/a/75557855.shtml
智能硬件产品经理,某杭州批发/零售公司,17-25k·13薪,杭州-余杭区,杭州,统招本科,3-5年,7月17日更新,liepin,"岗位职责：
1. 负责电竞桌、电竞椅、人体工学办公椅等产品线的规划与全生命周期管理，包括市场洞察、产品定义、立项、开发、量产上市及上市后迭代。
2. 开展用户研究、市场分析和竞品分析，识别目标用户、核心使用场景及差异化机会，输出产品需求文档、产品规格及商业可行性分析。
3. 制定产品路线图、年度产品计划及版本迭代计划，对产品定位、用户体验、目标成本、上市时间及商业表现负责。
4. 协同工业设计、结构研发、电子研发、供应链、质量、市场及销售团队，推动关键决策落地及开发过程中的问题闭环。
5. 主导产品样机评审、打样、人体工学体验、可靠性测试、试产及量产验证，确保产品达到体验、质量、成本和交付目标。
6. 参与材料、结构、工艺及供应商方案评审，推进BOM成本优化，平衡产品体验、品质、成本与量产可行性。
7. 跟踪产品上市后的销售数据、用户评价、售后问题及渠道反馈，组织产品复盘并推动持续改进。
8. 面向海外市场，协同相关团队推进产品认证、合规、本地化及上市准备工作。

任职要求：
1. 本科及以上学历，工业设计、机械工程、材料工程、产品设计等相关专业优先。
2. 具有5年以上消费硬件、家具或相关产品工作经验，其中3年以上硬件产品经理经验。
3. 主导过至少1款消费硬件产品从市场调研、产品立项到量产上市的完整0到1项目
4. 具备较强的用户洞察、产品定义、商业分析和数据分析能力，能够基于用户需求及业务目标进行产品决策。
5. 具备必要的硬件专业基础，能够阅读和评审产品结构图纸、材料、工艺及BOM方案；熟悉Axure、CAD、SolidWorks或同类工具者优先。
6. 有以下经验者优先：  
  - 电竞椅、人体工学办公椅、升降桌、游戏家具或相关耐用消费品经验；  
  - 海外品牌或出海产品经验，英语可作为工作语言；  
  - 熟悉欧美市场用户需求、认证及合规要求。",竞品分析 供应链 合规 产品设计 市场调研 数据分析,https://www.liepin.com/a/78024005.shtml
海外智能硬件产品经理（行业龙头公司）,智点汇融科技发展(北京)有限公司,23-40k,上海-浦东新区,上海,统招本科,5-10年,今日更新,liepin,"公司：智能零售出海行业龙头公司
岗位：海外智能硬件产品经理（行业龙头公司）

 工作内容：
1、全面负责公司美国和欧洲智能货柜业务C 端智能硬件产品从 0 到 1、从 1 到 N 的全生命周期管理，包括产品规划、需求定义、研发落地、上市推广及迭代优化。
2、深度洞察目标用户需求、消费趋势、竞品动态与行业技术方向，制定中长期产品战略与年度 roadmap，确保产品竞争力与商业目标达成。
3、牵头跨部门协同（研发、工业设计、供应链、生产、营销、销售、客服等），推动产品按时高质量交付，管控项目进度、成本与风险。
4、负责产品定义与体验设计，统筹 ID/MD 设计、功能规格、交互逻辑、软硬件适配，打造极好的用户体验与差异化卖点。
5、对接供应链与生产制造，参与核心供应商选型、打样、试产、量产管控，保障品质稳定、交付可靠与成本节约。
6、制定产品定价、渠道策略与上市营销方案，联动市场与销售完成销量、毛利、复购等核心经营指标。
7、持续跟踪产品数据与用户反馈，驱动版本迭代、体验升级与产品线矩阵拓展，提升市场份额与品牌口碑。
8、搭建并管理产品团队，培养产品经理、项目经理梯队，建立高效的产品流程与决策机制。

任职要求
1、至少5 年及以上美国或者欧洲 C 端消费硬件产品操盘经验，有成功爆款硬件产品完整操盘案例者优先（如智能穿戴、智能家居、个护健康、白色家电、智能家电等）。
2、精通 海外硬件产品全流程：用户研究→产品定义→ID/MD→研发调试→供应链→试产量产→上市运营→数据迭代。
3、具备出色的用户洞察、需求拆解与产品定义能力，能基于数据与场景做出关键决策。
4、熟悉硬件开发原理、结构设计、电子物料、模具、供应链管理与品质管控，具备量产落地经验。
5、有从 0 到 1 新品孵化或成熟产品线规模化增长经验，对成本、毛利、销量有清晰经营意识。
6、具备良好的产品管理与人才培养能力，能带团队打硬仗。",产品规划 供应链 roadmap ID MD,https://www.liepin.com/job/1982671837.shtml
科大讯飞-高级硬件产品经理,互联网已上市10000人以上,18-35k·16薪,深圳-南山区,深圳,统招本科,5年以上,7月30日更新,liepin,"【岗位职责】
1、负责行业专用智能硬件新品机会的规划（含选品）、立项与全生命周期管理，确保产品符合业务需求、合规与成本要求。
2、熟悉行业硬件产品的业务特点，有敏锐的行业嗅觉，具备深度调研目标市场用户需求、竞品动态、供应链能力、渠道特点，输出硬件新品建议、产品定位、用户痛点；跟踪行业政策导向与建设规范。
3、协同硬件研发、供应链推进硬件产品从 0→1 落地，支撑业务快速完成市场和目标用户的验证；牵头全流程：需求评审 → ID/结构/电子方案 → 固件/驱动 → 音视频子系统联调 → 试产 → 量产，把控里程碑、成本与质量。
4、负责收集客户、用户反馈，形成产品迭代 roadmap，持续优化体验、成本与竞争力；跟进试点、验收、复购全流程，配合售前、交付团队输出产品白皮书、培训材料与投标支撑材料。
5、参与新品机会挖掘，对 AI 音视频硬件、多模态交互终端、一体机设备等做可行性分析与商业论证；具备系统级解决方案思维，能设计""端—边—云""协同架构，对接业务平台与数据中台。
【任职要求】
1、本科及以上，电子、自动化、计算机、工业设计、机械、通信等相关专业。
2、3 年及以上智能硬件产品经理经验，有政务/安防/专网等行业硬件产品3、从 0 到 1 落地或选品/商业化经验优先；了解行业业务流程与建设框架者优先。
4、熟悉硬件开发流程：ID/MD/电子/模具/供应链/量产/认证全环节；具备音视频产品基础认知（编解码、传输协议、存储与回放、降噪、AI 识别），能定义硬件与音视频子系统的对接规格。
5、具备较强的市场分析、竞品分析、用户需求洞察能力，能独立输出产品方案；懂系统级解决方案，能理解硬件、软件平台、网络与安全之间的协同关系。
6、优秀的跨部门推动与项目管理能力，结果导向，抗压能力强；能在多方（研发、供应链、客户、监管）之间高效协同，能承受驻场调研与项目攻坚压力。
7、有专网/涉密项目经验、熟悉国产化适配（信创：国产芯片、操作系统、数据库）、有 To G/To B 招投标与解决方案编写经验优先。
工作地在安徽合肥，接受者优先。",合规 供应链 产品迭代 培训 投标 竞品分析 项目管理 招投标,https://www.liepin.com/job/1981227759.shtml
硬件产品经理（硬件选品或新品方向）,互联网已上市10000人以上,30-60k·14薪,深圳-南山区,深圳,统招本科,3年以上,90天前更新,liepin,"【岗位职责】
1. 负责公司智能硬件新品机会的规划（含选品）、立项与全生命周期管理，确保产品符合业务需求、合规与成本要求。
2. 熟悉硬件产品的行业，有敏锐的商业嗅觉，具备深度调研目标市场（含海外）用户需求、竞品动态、供应链能力、渠道特点，输出硬件新品建议、产品定位、用户痛点。
3. 协同硬件研发、供应链推进硬件产品从0→1 落地，支撑业务快速完成市场和目标用户的验证
4. 负责收集客户、用户反馈，形成产品迭代 roadmap，持续优化体验、成本与竞争力。
5. 参与新品机会挖掘，对AI 硬件多模态交互、IoT、穿戴、智能家居等做可行性分析与商业论证。
【任职要求】
1. 本科及以上，电子、自动化、计算机、工业设计、机械等相关专业。
2. 3 年及以上智能硬件产品经理经验，有海外硬件产品从 0 到 1 落地或选品 / 商业化经验优先。
3. 熟悉硬件开发流程：ID/MD/ 电子 / 模具 / 供应链 / 量产 / 认证全环节。
4. 具备较强的市场分析、竞品分析、用户需求洞察能力，能独立输出产品方案。
5. 优秀的跨部门推动与项目管理能力，结果导向，抗压能力强。
6. 有 AI 硬件、多模态交互、IoT、穿戴、智能家居等领域经验优先。
【你能获得】
1. 上市公司平台，AI 赛道高速成长机会。
2. 主导硬件从 0 到 1 打造，直接影响产品成败与全球销量。
3. 与强AI 算法、软硬件团队协作，更大的产品成功概率。",合规 供应链 产品迭代 竞品分析 项目管理 IoT ID MD,https://www.liepin.com/job/1980929199.shtml
具身智能硬件产品经理,某南京电气机械/器材公司,50-70k·14薪,南京,南京,统招本科,5-10年,今日更新,liepin,"岗位名称：具身智能硬件产品经理

岗位职责

负责EGO/UMI数据采集设备及灵巧手等核心硬件产品需求调研与分析，输出PRD及市场洞察报告；

主导产品立项，协同研发、供应链推进IPD流程（TR评审、PVT验证、量产导入）；

持续跟踪竞品动态，输出分析报告并提出差异化建议；

协同铁三角推进项目进度，配合营销团队（IPMS）完成产品上市及卖点提炼；

跟踪上市后客户反馈，推动产品迭代与生命周期管理。

任职要求

统招本科及以上，机械/电子/自动化/计算机/机器人等专业优先；

3年以上硬件产品经验，有智能硬件/机器人/传感器完整立项到量产经历；

熟悉IPD流程及关键节点，了解IPMS流程者优先；

具备市场调研、竞品分析及PRD撰写能力；

熟练使用产品设计与管理工具；

出色的跨部门沟通与推动能力；

加分项：具身智能/灵巧手/数据采集设备经验，了解EGO/UMI方案或传感器选型。",Go 数据采集 供应链 产品迭代 市场调研 竞品分析 产品设计,https://www.liepin.com/a/77838131.shtml
硬件产品经理（G端、B端）,某合肥互联网上市公司,20-30k·17薪,合肥,合肥,学历不限,3-5年,7月22日更新,liepin,"【岗位职责】
1、负责行业专用智能硬件新品机会的规划（含选品）、立项与全生命周期管理，确保产品符合业务需求、合规与成本要求。
2、熟悉行业硬件产品的业务特点，有敏锐的行业嗅觉，具备深度调研目标市场用户需求、竞品动态、供应链能力、渠道特点，输出硬件新品建议、产品定位、用户痛点；跟踪行业政策导向与建设规范。
3、协同硬件研发、供应链推进硬件产品从 0→1 落地，支撑业务快速完成市场和目标用户的验证；牵头全流程：需求评审 → ID/结构/电子方案 → 固件/驱动 → 音视频子系统联调 → 试产 → 量产，把控里程碑、成本与质量。
4、负责收集客户、用户反馈，形成产品迭代 roadmap，持续优化体验、成本与竞争力；跟进试点、验收、复购全流程，配合售前、交付团队输出产品白皮书、培训材料与投标支撑材料。
5、参与新品机会挖掘，对 AI 音视频硬件、多模态交互终端、一体机设备等做可行性分析与商业论证；具备系统级解决方案思维，能设计""端—边—云""协同架构，对接业务平台与数据中台。
【任职要求】
1、本科及以上，电子、自动化、计算机、工业设计、机械、通信等相关专业。
2、3 年及以上智能硬件产品经理经验，有政务/安防/专网等行业硬件产品、从 0 到 1 落地或选品/商业化经验优先；了解行业业务流程与建设框架者优先。
4、熟悉硬件开发流程：ID/MD/电子/模具/供应链/量产/认证全环节；具备音视频产品基础认知（编解码、传输协议、存储与回放、降噪、AI 识别），能定义硬件与音视频子系统的对接规格。
5、具备较强的市场分析、竞品分析、用户需求洞察能力，能独立输出产品方案；懂系统级解决方案，能理解硬件、软件平台、网络与安全之间的协同关系。
6、优秀的跨部门推动与项目管理能力，结果导向，抗压能力强；能在多方（研发、供应链、客户、监管）之间高效协同，能承受驻场调研与项目攻坚压力。
7、有专网/涉密项目经验、熟悉国产化适配（信创：国产芯片、操作系统、数据库）、有 To G/To B 招投标与解决方案编写经验优先。",合规 供应链 产品迭代 培训 投标 竞品分析 项目管理 招投标,https://www.liepin.com/a/78146329.shtml
智能硬件产品经理,国医科技,15-30k·13薪,合肥-高新区,合肥,统招本科,5-10年,90天前更新,liepin,"岗位职责：
1.聚焦医院物资仓储、物流供应链全场景，涵盖物资验收、上架、拣货、分拣、搬运、运输、盘点等全流程，牵头完成各类智能硬件产品的全生命周期管理，从硬件需求调研、需求分析、产品规划，到硬件性能指标定义、功能设计，全程主导并落地。
2.负责医院仓储物流供应链各场景相关智能硬件产品的需求挖掘与设计，包括但不限于：AMR运输机器人、自动赋码，贴码类机器人、拣货机器人、分拣机器人、搬运机器人，以及搭载六轴机械手、机械臂的具身智能机器人，适配医院验收、上架、拣货、分拣、物资转运等各类场景需求。
3.深入调研医院各核心场景（门诊、住院部、手术室、检验科、药房、仓储库房等）的硬件使用痛点、合规要求（医疗行业相关标准），结合医院物资仓储物流供应链流程，输出贴合实际需求的硬件需求文档（PRD）、硬件性能指标说明书，明确各类智能硬件的功能适配性、场景兼容性要求。
4.主导各类智能硬件产品规划设计，结合医院场景特殊性（如空间狭窄、多障碍物、无菌要求、24小时连续运行、物资安全管控等），协同硬件研发、结构设计、电气工程师、机械手/机械臂研发团队，确定激光雷达方案及各类硬件选型（传感器、底盘、电机、电源、六轴机械手、机械臂等）、硬件架构，确保硬件设计满足医院仓储物流供应链全场景使用需求。
5.推动各类智能硬件产品落地研发，跟进研发进度，协调解决研发过程中硬件相关的技术难题、场景适配问题（如机械手拣货精度、机械臂作业稳定性、多类型机器人协同等），把控硬件产品的性能、可靠性、安全性及成本，确保产品符合医疗场景使用标准。
6.协同测试、生产、市场等部门，完成各类智能硬件产品的测试验证、小批量试产及市场落地，收集医院用户（库房管理人员、物流人员、医护人员等）反馈，持续优化硬件产品性能和功能，推动产品迭代升级，适配医院仓储物流供应链场景的动态需求。
7.关注医疗行业智能硬件技术趋势、具身智能、机械手/机械臂相关技术发展、竞品动态及医院政策变化，结合公司技术优势，提出硬件产品创新建议，拓展医院仓储物流供应链场景的智能硬件产品矩阵，提升产品核心竞争力。
8.配合销售、售前团队，提供各类智能硬件产品相关的技术支持，解读产品硬件优势、性能指标、场景适配性，助力市场推广和客户对接；协助完成客户需求对接，输出定制化硬件解决方案思路。
任职要求：
1.本科及以上学历，电子工程、机械电子、自动化、硬件工程、机械设计等相关专业，有硕士学历者优先。
2. 有医疗设备/医院场景硬件产品、AMR机器人、仓储物流智能硬件、机械手/机械臂相关硬件产品工作经验者优先，熟悉医院物资仓储物流供应链流程、医疗行业硬件合规要求者优先。
3.3年及以上硬件产品经理工作经验，具备完整的智能硬件产品（至少1类机器人或机械手/机械臂相关）从需求调研、规划设计到落地研发的全流程经验。
4. 熟悉AMR机器人、仓储物流类机器人（拣货、分拣、搬运等）硬件架构，了解激光雷达、传感器、底盘驱动、电机控制、电源管理等相关硬件知识；了解六轴机械手、机械臂的基本结构、硬件选型及应用场景，能独立定义各类智能硬件的性能指标、完成硬件功能设计。
5. 有医院场景产品设计、医疗设备硬件研发、仓储物流智能硬件产品经理经验者，或有机械手/机械臂相关硬件产品经验者，可放宽部分年限要求。",供应链 需求分析 产品规划 合规 产品迭代 技术支持 市场推广 产品设计,https://www.liepin.com/job/1981780475.shtml
硬件产品经理（母婴线）,电子/半导体/集成电路2000-5000人,20-40k·14薪,深圳-宝安区,深圳,统招本科,3年以上,7月6日更新,liepin,"【岗位职责】
产品战略与规划
负责智能母婴品类的规划与布局，制定产品路线图。
基于用户痛点与市场趋势，确定产品定位与差异化竞争策略。
市场与用户洞察
深入开展市场调研、用户访谈与竞品分析，提炼核心需求与创新机会点。
注母婴行业趋势、智能家电技术演进，敏锐捕捉潜在增长机会。
使用数据与用户反馈驱动决策，持续优化产品功能与体验。
产品定义与项目落地
输出高质量的产品需求文档，明确产品功能、硬件规格及体验目标。
推动跨团队协作（研发、设计、供应链、质量、运营等），把控关键节点风险，确保项目按期高质量交付。
产品上市与运营增长
参与制定新品上市操盘策略，协同市场与渠道团队开展产品推广，助力达成商业目标
持续监测产品表现与用户反馈，进行产品生命周期管理，为后续迭代与新产品开发提供输入。

【任职要求】
5年以上消费类智能硬件产品经理经验，参与过完整产品开发周期。
具备优秀的市场分析、用户洞察和产品创新能力；
强沟通、问题解决与推动力，能高效推动跨部门协。
对母婴产品及智能生活充满热情，有创造力与责任感。",市场调研 竞品分析 供应链,https://www.liepin.com/job/1983934235.shtml
智能硬件产品经理,某合肥IT服务上市公司,30-60k·15薪,南京,南京,学历不限,3-5年,今日更新,liepin,"职位：智能硬件产品经理（机器人方向）
岗位职责:
1、负责机器人应用场景市场洞察、客户需求分析、竞争对手分析调研等，输出有竞争力的行业场景解决方案和产品规划定义，并主导IPD流程DCP节点管控；
2、负责巡检机器人整体解决方案的打造，产品生态能力集成，产品上市市场推广策划，早期市场项目状态管控与样板打造；
3、负责产品组合生命周期管理，包括产品竞争力提升规划，产品组合与场景化解决方案能力持续提升，产品上市与退市管理。

岗位要求：
1、计算机、自动化、电气、通信工程等相关专业统招本科及以上学历，3-5年产品管理经验，了解常用通信协议、信号处理等专业知识，有嵌入式软件或硬件开发经验优先；
2、了解电力、冶金、煤炭、水泥等工业行业场景，有工业五感、巡检机器人、电气监测等产品经验优先；
3、拥有良好的逻辑思维和沟通能力，能够很好的与客户和内部沟通，熟悉IPD产品开发流程，有NPDP产品经理证书优先；
4、关注结果和产出，自驱力强，能够有效地组织和推进跨职能，跨团队的合作项目，有过从0-1的新产品开发经验，取得商业成功者优先。",需求分析 产品规划 市场推广,https://www.liepin.com/a/75527417.shtml
硬件产品经理(加湿器）,某深圳智能硬件/消费电子公司,30-45k·15薪,深圳,深圳,学历不限,4年以上,5月8日更新,liepin,"90M0148400 硬件产品经理(加湿器）
职位描述：
1.负责进行市场分析、用户调研、和产品分析，根据用户需求，提炼负责加湿器等产品定位和开发需求，纳入产品路线图；
2.负责梳理和确定产品线中长期目标和产品规划方向；
3.负责梳理并输出产品路线图中各产品定义；
4.监控产品方案执行和落地，确保产品项目按路线图达成；
5.负责根据用户需求和产品定位、产品定义梳理销售卖点，为销售布局提供产品端的支持；
6.深入分析用户对产品的评价和反馈，创造良好的用户体验。

职位要求：
1.本科及以上学历，具备5年以上智能硬件的产品经理、产品企划或开发工作经验；
2.熟悉美国、欧洲等家电市场，对市场趋势、行业格局、用户需求等有一定了解 ；
3.具有较强的市场分析、用户分析能力；
4.熟悉产品规划及开发流程，对产品结构、技术有一定的了解，具有较强的产品落地能力；
5.思维活跃，沟通能力好，善于总结和发现问题；
6.坚守诚信，拥有良好的团队合作精神，具有较好的抗压能力。
",用户调研 产品规划,https://www.liepin.com/a/75427541.shtml
科大讯飞-高级硬件产品经理,互联网已上市10000人以上,18-35k·16薪,南京-建邺区,南京,统招本科,5年以上,7月30日更新,liepin,"【岗位职责】
1、负责行业专用智能硬件新品机会的规划（含选品）、立项与全生命周期管理，确保产品符合业务需求、合规与成本要求。
2、熟悉行业硬件产品的业务特点，有敏锐的行业嗅觉，具备深度调研目标市场用户需求、竞品动态、供应链能力、渠道特点，输出硬件新品建议、产品定位、用户痛点；跟踪行业政策导向与建设规范。
3、协同硬件研发、供应链推进硬件产品从 0→1 落地，支撑业务快速完成市场和目标用户的验证；牵头全流程：需求评审 → ID/结构/电子方案 → 固件/驱动 → 音视频子系统联调 → 试产 → 量产，把控里程碑、成本与质量。
4、负责收集客户、用户反馈，形成产品迭代 roadmap，持续优化体验、成本与竞争力；跟进试点、验收、复购全流程，配合售前、交付团队输出产品白皮书、培训材料与投标支撑材料。
5、参与新品机会挖掘，对 AI 音视频硬件、多模态交互终端、一体机设备等做可行性分析与商业论证；具备系统级解决方案思维，能设计""端—边—云""协同架构，对接业务平台与数据中台。
【任职要求】
1、本科及以上，电子、自动化、计算机、工业设计、机械、通信等相关专业。
2、3 年及以上智能硬件产品经理经验，有政务/安防/专网等行业硬件产品3、从 0 到 1 落地或选品/商业化经验优先；了解行业业务流程与建设框架者优先。
4、熟悉硬件开发流程：ID/MD/电子/模具/供应链/量产/认证全环节；具备音视频产品基础认知（编解码、传输协议、存储与回放、降噪、AI 识别），能定义硬件与音视频子系统的对接规格。
5、具备较强的市场分析、竞品分析、用户需求洞察能力，能独立输出产品方案；懂系统级解决方案，能理解硬件、软件平台、网络与安全之间的协同关系。
6、优秀的跨部门推动与项目管理能力，结果导向，抗压能力强；能在多方（研发、供应链、客户、监管）之间高效协同，能承受驻场调研与项目攻坚压力。
7、有专网/涉密项目经验、熟悉国产化适配（信创：国产芯片、操作系统、数据库）、有 To G/To B 招投标与解决方案编写经验优先。
工作地在合肥，接受者优先",合规 供应链 产品迭代 培训 投标 竞品分析 项目管理 招投标,https://www.liepin.com/job/1984310755.shtml
智能硬件产品经理,青鸟智慧控制科技股份有限公司,30-60k,北京,北京,统招本科,5-10年,90天前更新,liepin,"工作职责:
1. 对接市场的中长期需求，进行详细的市场洞察和竞争对手分析，制定部门产品路标规划；
2. 紧跟图像型火灾探测产品行业和市场变化，深入市场一线，挖掘行业机会，并将其转化为产品和技术需求，持续打造产品竞争力，助力销售成功；
3. 深入用户需求现场，挖掘用户痛点，设计产品解决方案，完成图像型火灾探测新产品的定义和立项工作，与研发一起，打造产品的核心竞争力，为产品的市场成功负责；
4. 负责产品的品牌设计和上市计划输出，与市场部紧密协作，制定产品的营销和推广策略，保证产品的顺利上市。
任职资格:
1. 本科以上学历，3年以上硬件产品经理工作经验；
2. 做过B端硬件产品的市场分析、市场洞察工作，有做过B端硬件产品海外市场分析工作者优先考虑；
3. 熟悉安防、消防市场，或具有丰富相关产品调试经验、产品经理工作经验者优先考虑；
4. 敏锐的市场洞察和产品规划能力，能够把握市场机会，能够独立完成从0到1新产品的定义和立项工作；
5. 良好的逻辑思维和判断能力，具有良好的项目管理意识和主动闭环意

加分项：

1、工作经历是硬件产品经理，互联网类的候选人无需投递简历。
2、一定要做过B端硬件产品市场分析的，需要有相关分析资料。
3、华为、联想、小米、霍尼韦尔、海尔、美的、格力、三一重工、海康、大华、天地伟业、中兴等优先考虑",产品规划 项目管理,https://www.liepin.com/job/1969294775.shtml
智能硬件产品经理,某深圳专业技术服务公司,28-55k,深圳-南山区,深圳,本科,3年以上,7月30日更新,liepin,"1、基于市场分析、技术动态和用户研究，洞察用户需求和痛点，发现市场机会并负责产品规划和产品定义的输出工作；
2、负责高品质产品线的规划和落地，制定产品路线图，撰写产品需求，与研发团队配合，定义产品规格。，对经营结果负责；
3、跟进包括ID、研发、供应链的产品实现过程，关注项目关键节点，把控产品实现质量，确保产品实现符合产品定义，对商业结果和用户口碑负责；
4、挖掘产品核心卖点，参与产品GTM过程，协助制定产品定价、营销和渠道等策略；
对产品全生命周期进行跟踪和管理，以市场和用户数据反馈产品升级或退出方案，保证产品组合的持续竞争力。

1、本科及以上学历，产品企划、工业设计、市场营销、工科工程类等相关专业背景，有用户研究经验优先；
2、3年以上硬件产品经理经验，独立负责过产品线全流程工作，智能硬件、消费电子行业经验优先；
3、创新思维能力强，对数据敏感，善于学习及洞察问题，解决问题；
4、工作积极主动，责任心强，具有良好的沟通能力及团队合作精神；
了解欧美市场和用户环境，英语可作为工作语言者优先。
",产品规划 供应链,https://www.liepin.com/a/76094425.shtml
硬件产品经理-收银方向,湖南鸣鸣很忙商业连锁股份有限公司,20-30k·14薪,长沙-雨花区,长沙,本科,7年以上,今日更新,liepin,"长沙和上海均可base，优先长沙；

岗位职责
1、负责连锁门店收银场景硬件创新产品的整体规划与落地，聚焦移动 POS、自助收银终端、新型结算设备等硬件的产品定义、方案选型与量产导入；
2、主导硬件创新项目的全流程管理，包括用户需求调研、竞品分析、产品规格定义、供应商对接、方案验证、试产及门店规模化落地；
3、深度参与硬件方案设计评审，协同结构、电子、供应商团队，把控设备的成本、性能、稳定性及用户体验，推动收银硬件的迭代升级与创新突破；
4、协同软件、支付、供应商团队，完成软硬件联调，确保设备与收银系统、支付通道、对账系统的无缝对接，保障门店端稳定运行；
5、沉淀硬件产品方法论，建立收银设备的标准化选型、测试与运维规范，支撑全国门店的快速复制与扩张。

任职要求
1、本科及以上学历，7 年及以上硬件产品经理经验，有零售 / IoT / 消费电子终端产品从 0 到 1 落地经验；
2、精通收银 / 支付类硬件产品全流程，熟悉移动 POS、自助收银机、扫码设备、称重设备、小票打印机等终端的方案、供应链与成本结构；
3、对门店用户、店员动线有一定了解，能结合动线优化来设计、铺设设备；
4、了解硬件设计原理（电子、结构、固件），能独立输出产品需求文档、规格书，有效对接供应商和研发团队，把控项目风险；
5、优秀的跨团队协作、项目统筹与抗压能力，能独立负责复杂硬件产品线，推动全国门店规模化落地。",竞品分析 方案设计 供应链 POS IoT,https://www.liepin.com/job/1983447081.shtml
硬件产品经理-消费家庭机器人方向,某北京科技推广服务公司,50-55k,北京,北京,本科,5-10年,今日更新,liepin,"职位描述
1、负责消费级家庭机器人全生命周期管理，从市场调研、用户需求分析、产品规划、功能定义，到迭代优化、量产落地，全程主导产品核心决策；
2、深入挖掘C端用户家庭场景需求（如陪伴、家务辅助、智能交互等），通过用户访谈、数据分析等方式，输出精准的用户画像与需求报告，指导产品功能设计；
3、结合消费电子产品逻辑与AI技术特性（如计算机视觉、语音交互、运动控制等），平衡产品体验、技术可行性与成本控制，制定合理的产品 roadmap；
4、协同研发、硬件、生产、市场等跨部门团队，推动产品研发进度，解决项目推进中的跨部门协同问题，确保产品按时量产、顺利上市；
5、跟踪产品上市后的市场反馈、用户口碑及竞品动态，持续优化产品功能与体验，提升产品市场竞争力，助力打造爆款产品；
6、参与产品商业化相关工作，配合市场、销售团队输出产品卖点、使用手册等物料，支撑产品推广与销售转化。
职位要求
1、本科及以上学历，2年及以上消费领域产品经理经验，具备消费电子+AI双重背景（核心要求），有家庭智能设备、消费级机器人相关经验者优先；
2、精通C端用户分析方法与市场调研流程，能够独立完成用户需求挖掘、竞品分析、市场趋势判断，具备敏锐的用户洞察力和产品嗅觉；
3、熟悉消费电子产品研发、生产全流程，了解硬件产品特性（如传感器、机械结构等），能有效协调硬件与AI算法团队，推动技术落地；
4、具备清晰的逻辑思维、较强的沟通协调能力和项目管理能力，能在创业节奏下高效推进工作，抗压性强；
5、对具身智能、家庭机器人领域有浓厚兴趣，愿意投身创业公司，接受快速迭代、多角色协作的工作模式。

加分项
1、有爆款消费级产品量产经验者优先；
2、有家庭机器人、智能音箱、扫地机器人等消费级智能硬件产品经理经验，熟悉家庭场景产品设计逻辑；
3、具备AI相关技术认知（如大模型应用、计算机视觉、语音交互等），有AI产品落地经验，能清晰界定AI功能的产品价值；
4、有创业公司产品经理经验，能够独立负责产品从0到1的落地，具备灵活解决问题的能力；
5、熟悉产品量产流程，能对接供应链、生产环节，有效控制产品成本与品控；
6、具备良好的产品文档撰写能力，能独立输出PRD、MRD、产品说明书等各类文档。",计算机视觉 大模型 市场调研 需求分析 产品规划 数据分析 成本控制 竞品分析 项目管理 产品设计 供应链 产品文档,https://www.liepin.com/a/76553947.shtml
硬件产品经理实习生,深圳感官智能科技有限公司,150-200元/天,深圳-龙岗区,深圳,本科,,90天前更新,liepin,"岗位职责
1.硬件用户体验追踪
组织对应用户对硬件样机进行佩戴、手感、交互等可用性测试，通过深度访谈、问卷、观察法收集用户对材质、重量、配色、佩戴舒适度、充电便利性等维度的情绪反馈，输出《硬件体验报告》；
2.社群情绪洞察与运营
潜入对应硬件社群（如智能手环、潮玩周边、美护仪器等）及乙女游戏、三坑（汉服/JK/Lolita）等圈层，挖掘年轻女性对“好看又好用”的硬件的真实诉求与晒单动机；运营自有用户社群，设计轻量化互动（如“你最想要什么颜色”“晒出你的搭配”），收集产品灵感；
3.竞品拆解与趋势分析
持续追踪海内外女性向智能穿戴/潮玩硬件（如Oura Ring、Casio Baby-G、POP MART发光公仔、智能手链等），从外观设计、佩戴体验、社交玩法等维度做对比分析，定期输出“女性硬件情绪洞察周报”；
4.产品优化建议落地
将用户对硬件（如灯效、震动反馈、可换壳结构）的情绪反馈转化为可执行的产品建议，推动硬件PM、ID设计师、结构工程师进行细节优化；协同运营团队设计“隐藏款解锁任务”“打卡换装饰壳”等玩法，提升用户粘性；
5.上市后口碑监控
监测电商评论、小红书笔记、微博超话中用户对硬件的真实评价（特别是关于颜值、佩戴感受、社交分享意愿），提炼高频词与情绪曲线，协助产品经理定义下一代硬件迭代方向。

任职要求
1.本科及以上在校生，专业不限，心理学、工业设计、市场营销、传媒等相关专业优先；
2.深度女性向产品用户：玩过乙女游戏、关注潮玩、或使用过硬件（如智能手环、美颜仪、发光饰品），能清晰说出让你“心动/失望”的设计细节；
3.AI产品重度用户：日常使用ChatGPT、Character.ai等对话类AI产品，或AI绘画/视频工具，乐于探索新技术如何与硬件结合；
4.有“产品+运营”双重敏感度：既愿意拆解硬件材质参数，又喜欢泡社群、写能引发共鸣的帖子。

加分项：
备基础数据分析能力或能制作简单的产品渲染图/笔记配图；
性格外向，擅长与用户聊天，能快速拉近距离获取真实想法。
核心能力：
极强的共情与观察力：能捕捉到“女生说‘这个粉色有点土’背后的真实审美偏好”；
逻辑与感性并存：既能写感性的用户故事，又能结构化输出改进点；
主动自驱：喜欢主动找用户聊、拆竞品、刷评价，不等着任务分配。

截止日期：2027年04月29日
招聘人数：1人",GPT 数据分析 JK Lolita Ring Casio Baby-G POP,https://www.liepin.com/lptjob/82202351
硬件产品经理（26届校招）,TCL实业控股股份有限公司,10-15k·15薪,惠州-惠城区,惠州,硕士,应届,7月30日更新,liepin,"岗位职责
1. 聚焦 TV、显示器、商显等产品领域，协助开展行业、用户及竞品调研，精准挖掘需求痛点，输出结构化需求文档与分析报告。
2. 配合资深产品经理参与产品全流程规划，负责功能设计、原型梳理，跨部门对接研发、测试、运营团队，推进产品方案落地与迭代。
3. 基于产品运营数据进行拆解分析，定位优化方向，制定迭代策略，持续提升产品核心指标与用户体验。
4. 依托国际化视野，跟踪海外产品前沿动态，结合海外市场需求，参与产品国际化规划与落地支撑工作。

任职要求
1. 学历与专业：2026届硕士应届毕业生，理工科专业背景（自动化、电子科技与技术、机械等相关专业优先），有海外学习复合背景优先。
2. 语言能力：英语听说读写能力优异，可无障碍阅读海外行业报告、参与英文沟通，具备海外学习/实习经历者加分。
3. 核心能力：逻辑思维清晰，具备较强的数据分析与问题拆解能力；对科技产品有浓厚兴趣，具备敏锐的产品感知力与执行力。
4. 综合素质：沟通协同能力突出，抗压性强，能快速适应快节奏工作；学习能力优异，敢于创新，有产品相关实习/项目经验者优先。

截止日期：2027年06月02日
招聘人数：3人",数据分析 TV,https://www.liepin.com/lptjob/81315897
智能硬件产品经理,筠之科技,150-300元/天,北京-朝阳区,北京,硕士,,90天前更新,liepin,"初创公司，创业团队，C端产品

岗位职责：
1.负责公司ai智能产品的需求分析和产品定义，参与交互功能设计；
2.负责协助产品、交互设计、研发各部门，推进与外部资源联合的智能硬件外观设计、结构设计、电子设计、模具制作、试产和量产等各环节；
3.负责生命周期内的产品管理，资料提交，成品交付，协调市场、销售等部门、合作伙伴推动产品的推广营销，并收集分析客户反馈信息；
4.规划产品的改进和优化，制定产品更新迭代计划；
5.全面负责产品的硬件、软件和结构的设计及方向、开发、测试，以及试产、量产等过程的监控，确保产品顺利按时，保质保量地完成；
6.完成公司以及项目组交代的其他事宜。
职位要求：
1.电子、通信、机械设计等相关专业统招研究生及以上学历；
2.具有互联网思维，注重用户体验，在智能硬件产品领域有至少5年的产品经理经验；
3.了解结构设计、硬件电路、嵌入式软件、智能终端App、云端服务的基本设计方法；
4.对移动互联网、物联网等新兴市场有深入的理解，熟悉建立客户需求分析、客户体验、产品规划、产品设计、产品修正、营销及效果分析；
5.精通互联网、智能硬件、机器人产业状况及

截止日期：2027年02月01日
招聘人数：1人",需求分析 产品规划 产品设计,https://www.liepin.com/lptjob/74086641
硬件产品经理,人工智能融资未公开1-49人,8-12k·13薪,南京-江宁区,南京,本科,应届,90天前更新,liepin,"毕业时间：2026
1、负责硬件产品的方案设计、原理图绘制、PCB 布局与调试，主导从需求对接、样机制作到量产落地的全流程硬件开发工作； 
2、配合团队完成硬件与安卓系统的联调，解决驱动适配、硬件兼容性、接口通信等跨领域技术问题； 
参与产品可靠性测试、故障定位分析与迭代优化，输出完整的硬件开发过程文档； 
3、负责编写产品硬件设计文档、硬件测试大纲及测试报告，确保文档规范、可追溯； 
参与硬件产品的 EMC 测试工作，针对测试问题进行整改优化，提升产品电磁兼容性。 
任职要求：
1、本科及以上学历，电子信息工程、自动化、计算机硬件、通信工程等相关专业； 
2、至少熟练使用一种 EDA 电子设计软件，熟练掌握 Cadence OrCAD 与 Allegro 者优先；熟悉单片机、ARM、DSP、FPGA 等处理器的工作原理及应用； 
3、应届生可投递，或具备 1-3 年安卓操作系统开发经验，有硬件相关项目实践经验者优先； 
4、大学期间参加过电子设计大赛、智能车竞赛、物联网大赛等硬件类竞赛，熟悉常用电子元器件特性，能熟练使用硬件调试工具。

截止日期：2027年03月17日
招聘人数：1人",单片机 ARM DSP FPGA 方案设计 PCB EMC EDA,https://www.liepin.com/lptjob/81000131
硬件产品实习生,上海大裂谷智能科技有限公司,200-400元/天,上海-长宁区,上海,硕士,,7月23日更新,liepin,"一、岗位职责
1. 产品需求与定义
协助完成商用 / 服务机器人竞品拆解、硬件参数对标，输出竞品分析报告，挖掘用户硬件痛点与产品差异化机会；
参与整机硬件需求梳理，协助撰写硬件规格书、PRD、BOM 清单，明确结构、电机、传感器、电控等硬件指标；
跟进样机体验测试，收集研发、测试、市场端反馈，整理迭代需求，输出版本优化方案。
2. 跨部门项目推进与项目管理
跟进机器人硬件项目全流程，维护项目里程碑，拆解结构、电子、软件、测试任务，同步进度台账；
组织周同步评审会，拉通机械、电子、测试、供应链多方对齐方案，识别零件延期、结构干涉、调试故障等风险并输出应对方案；
统筹样机打样、测试、试产环节，整理测试数据、问题闭环记录、项目复盘文档，保障项目按期落地。
3. 硬件落地支撑
依托机电专业基础，协助评审结构三维模型、硬件选型方案，看懂图纸、电路基础，高效和研发沟通技术可行性；
参与整机样机装配、整机联调，记录硬件故障，同步推动研发整改；
整理产品标准化文档：硬件设计规范、测试标准、零部件选型库，沉淀团队资产。
4. 行业与市场辅助
跟踪机器人硬件行业新技术、供应链元器件行情，输出行业简报；
配合市场输出产品硬件卖点、参数手册，支撑产品落地推广。
二、任职要求
硬性基础
硕士在读，机械电子工程、机械设计、电气工程、机器人工程复合专业背景；
可稳定实习 3 个月以上，每周 5 天到岗，26/27 届优先，有长期从事硬件产品经理职业规划。
核心经历要求
拥有完整机器人整机设计 / 科创竞赛经历：全国大学生机器人大赛、电子设计竞赛、机电创新项目等，独立负责硬件结构、电控集成；
完整走完机器人从需求 - 建模 - 选型 - 样机调试全流程，具备实体样机落地经验，能独立输出项目文档；
具备小型团队统筹经验，有项目分工、进度管控、跨组员协调经历，可独立承担基础项目管理工作。
专业能力
机械：熟练使用 SolidWorks/Fusion360 三维建模，懂装配、材料、加工工艺，能完成基础干涉校核；
电子：掌握电路基础、电机 / 传感器选型、硬件整机调试，看得懂原理图、BOM；
工具：XMind、飞书项目 、 数据复盘加分。
软实力 & 求职动机（重点筛选）
坚定深耕硬件产品经理赛道，对机器人硬件产品有极强热情，清晰认知产品全生命周期工作，目标长期走产品路线；
优秀跨职能沟通能力，既能听懂研发技术语言，又能落地用户需求，逻辑清晰、文档输出能力强；
强项目推进意识，擅长任务拆解、风险预判、问题闭环，抗压能力强，愿意跟进样机反复迭代；
自驱力强，主动挖掘产品优化点，做事严谨细致，具备工程思维 + 用户产品双视角。
三、加分项
有人形 / 轮式商用服务机器人整机开发经验；
具备 NPI 试产、供应链对接基础经验；
有硬件产品相关实习、独立输出 PRD、竞品分析案例；
英语读写流利加分。

截止日期：2027年07月23日
招聘人数：1人",竞品分析 项目管理 供应链 PRD BOM SolidWorks Fusion360 XMind,https://www.liepin.com/lptjob/84371613
3D打印硬件产品实习生(J10341),polymaker,180-250元/天,上海-长宁区,上海,本科,,7月3日更新,liepin,"职责描述：
1、协助进行硬件产品的功能测试（如线材干燥测试，温度测试、噪声测试等）。记录实验数据，整理测试报告，并提出改进建议。
2、协助跟进产品开发流程，协调结构、电子、固件、供应链等团队推进项目落地
3、协助搭建和维护产品文档、测试记录及项目进度管理
4、协助处理用户反馈及售后问题，整理常见问题
5、协助参与其他相关硬件及3D打印问题的解决。
6、协助参与其他日常性工作。
任职要求：
1、本科及以上在读，工业设计、机械、电子、自动化、材料、产品管理等相关专业优先
2、对智能硬件、消费电子或 3D 打印行业有浓厚兴趣
3、有较强的逻辑思维、沟通协作和推动执行能力
4、具备基础的数据整理与分析能力，能够独立完成信息收集与文档输出
5、熟练使用 Office、Excel 等办公工具
6、有责任心，学习能力强，能够适应多线程项目协作
加分项
1、有硬件产品、消费电子或智能设备相关实习经历
2、接触过 3D 打印设备、耗材或相关社区

截止日期：2027年07月03日
招聘人数：1人",功能测试 供应链 产品文档 进度管理 Excel,https://www.liepin.com/lptjob/83884219
产品经理实习生,极萃创新(深圳)科技有限公司,200-300元/天,深圳-南山区,深圳,本科,,6月11日更新,liepin,"岗位职责:
1、理解目标用户需求与痛点，通过用户访谈、调研、数据分析等方式持续挖掘机会；协助分析市场趋势、竟品动态，识别产品差异化定位和增长机会；
2、全程跟进产品研发，协调组织设计、研发、测试等资源，并推动产品按质量按时间进行交付;
3、参与产品功能设计，撰写产品需求文档、绘制原型图、相关用户文档、营销材料;
4、深入理解用户需求，收集市场信息，运营效果分析，跟踪用户行为，促进产品体验;
5、负责与研发、测试、运营等保持有效对接，推动跨部门合作，保证高效高质执行;
任职要求:
1、具备良好的逻辑思维和沟通能力，能够快速理解业务需求;
2、熟练使用产品设计工具，如Axure、Sketch、墨刀等;
3、具备基础的数据分析能力，能通过数据发现问题并提出解决方案;
4、对智能硬件产品有浓厚兴趣，注重细节，具备较强的学习能力和责任心。
加分项：最好能进行英语调研和访谈

截止日期：2027年06月11日
招聘人数：1人",数据分析 产品设计 Sketch,https://www.liepin.com/lptjob/83379517
实习产品助理（硬件）,江苏慧禾融智信息技术有限公司,180-250元/天,南京-建邺区,南京,硕士,,7月31日更新,liepin,"Base: 南京 
岗位类型：全职应届岗
加入我们，用科技点亮现代农业  
公司简介：金禾天成致力于农业物联网硬件的创新与落地，通过智能硬件赋能农业数字化转型。在这里，你将亲身参与病虫害监测、作物环境感知等前沿产品的全程打造，从田间到云端，见证科技如何改变传统农业。
一、为什么选择这个岗位？ 
高成长赛道：农业科技正迎来政策与市场双红利，硬件产品是产业数字化的关键入口；  
体系化培养：配备业务导师+产品双导师制，系统学习产品从规划到上市的全流程方法；  
转正保障：表现优秀者毕业后可直接转正，开启硬件产品经理职业通道；  
实战赋能：深入农田一线，理解真实用户场景，积累硬件产品独有的领域know-how。
二、你将参与的工作
1、辅助产品规划：收集农业硬件市场信息、用户场景与竞品动态，支撑产品差异化策略；  
2、协助产品落地：参与需求分析、文档整理，协同研发测试，准备产品上市材料；  
3、支持生命周期管理：跟踪销售数据、竞品动态与用户反馈，协助产品迭代决策；  
4、参与市场研究：跟随团队田间调研，记录行业趋势，辅助输出市场分析报告；  
5、跨部门协同：协助对接研发、供应链、市场等部门，传递信息，推动项目进展。
三、我们希望您
1、2027届硕士学历，电子工程、物联网、自动化、农业工程、工业设计等相关专业；  
2、具备基础逻辑思维与沟通能力，能清晰表达、协同协作；  
3、对硬件产品有热情，愿意深入农业场景，能接受偶尔田间调研与短期出差；  
4、责任心强，主动好学，具备抗压能力与团队精神。

截止日期：2027年05月07日
招聘人数：1人",产品规划 需求分析 产品迭代 供应链 Base,https://www.liepin.com/lptjob/82316379
（2026届）市场产品工程师 (MJ000732),电子/半导体/集成电路500-999人,薪资面议,上海-浦东新区,上海,硕士,应届,90天前更新,liepin,"1. 深入掌握已经量产的产品的技术特点和竞争优势，制定市场策略，定位目标市场，拜访头部客户，驱动销售团队推广，协助供应链制定生产计划，完成短期的生意增长目标。
2. 总结已有产品在市场的竞争力，根据客户需求和竞争对手能力，提出新产品规划，包括市场分析，客户需求，竞争分析，新产品优势，新产品需求规格等，完成中期的生意增长目标。
3. 根据市场需求情况，提出全新品类的产品规划，括市场分析，客户需求，竞争分析，产品路线图等，为长期的生意增长奠定基础。
4. 线性产品包括各类放大器，比较器，模拟开关，针对垂直应用的模拟前端等。

能力要求：
1. 通过市场推广策略，或头部客户突破，或新产品定义等方式带来生意增长的结果。
2. 愿意拜访客户，能和客户研发和供应链建立良好人际关系。
3. 有敏锐的商业视觉，能果断地做出商业决策。
4. 有极强的判断力，在多个任务中可以抓住重点任务优先处理。
5. 逻辑思维能力突出，可以安排多部门协作完成任务。
6. 熟悉模拟电路分析，能够和客户端研发和产品研发讨论应用，并理解产品在应用中的优劣势。
7. 产品端熟悉传感器（磁传感器，温度，湿度，气体等）更佳。

截止日期：2027年03月09日
招聘人数：1人",供应链 产品规划 市场推广,https://www.liepin.com/lptjob/80747977
硬件产品实习生（小充）,本科,薪资面议,深圳,深圳,实习,3个月,90天前更新,liepin,"工作职责
1. 协助产品经理进行产品规划、设计、开发和推广等工作，执行市场调研和用户需求分析，为产品设计提供支持；
2. 负责产品竞品分析，分析市场趋势和竞争对手策略，为产品销售策略提供支持，收集市场反馈并提出改进意见；
3. 负责与供应商、工厂等合作伙伴沟通协调，确保产品的生产进度和质量；
4. 协助产品经理进行产品培训和推广活动，提高客户对产品的认知度和满意度；
5. 负责更新产品文档，包括产品说明书、丝印、技术文档等，确保文档与产品的最新版本保持一致；
6. 参与公司内部会议和外部展会等活动，代表公司与客户、合作伙伴进行沟通和交流；
7. 协助团队内部沟通协作，与不同部门和团队进行有效沟通和协调，协助管理团队的日常工作。
任职资格
1. 本科及以上学历，电子、通信、计算机等相关专业；
2. 具备良好的市场分析和竞品分析意识，能够执行市场调研和用户需求分析，为产品设计提供支持，能够分析市场趋势和竞争对手策略，收集市场反馈并提出改进意见；
3. 具备较强的沟通协调能力和团队合作精神，能够与不同部门和合作伙伴进行有效沟通；
4. 具备较强的文档编写和维护能力，熟练掌握Office等办公软件，能够更新产品文档，确保文档与产品的最新版本保持一致；
5. 具备良好的英语听说读写能力，能够进行英文邮件和电话沟通；
6. 具备较强的自我学习和创新能力，能够不断提升自身技能和知识水平；
7. 一周至少在岗四天，实习半年，表现优秀者可提供转正式校招生机会；

截止日期：2027年02月26日
招聘人数：1人

职位来源：该职位来自第三方企业官网",产品规划 市场调研 需求分析 产品设计 竞品分析 培训 产品文档 技术文档 文档编写,https://www.liepin.com/lptjob/80441597
产品经理(J44532),家电2000-5000人,15-25k,苏州-吴中区,苏州,硕士,应届,90天前更新,liepin,"职责描述：
市场与用户研究： 深入分析目标市场、行业趋势和竞争对手，通过用户访谈、调研等方式挖掘用户潜在需求，并为产品方向提供决策依据。

产品定义与规划： 参与撰写详细的产品需求文档（PRD），清晰定义产品的功能、性能、外观及用户体验要求，特别是硬件规格、ID（工业设计）和MD（结构设计）需求。

项目协同与推进： 协助推动项目进展，跟踪硬件开发、测试、试产、量产等关键环节，与工程师紧密合作，确保产品按时、按质、按量完成。

跨部门沟通： 成为项目的信息枢纽，高效协调设计、研发、供应链、质量、营销等多个团队，确保信息对齐，目标一致。

产品上市与迭代： 参与制定产品上市策略，跟踪产品上市后的市场表现和用户反馈，收集数据并进行分析，为产品的持续迭代优化提供建议。
任职要求：
任职要求：

学历专业： 2025、2026届应届毕业生，硕士及以上学历，工业设计、电子工程、计算机、机械工程、人机交互等相关专业优先。

实习经验： 必须具备智能硬件、消费电子、IoT或其他实体产品公司的产品相关实习经验。 有完整项目经历者优先。

硬件思维： 对硬件产品开发流程（如ID、MD、电子、开模、试产、量产）有基本认知，了解硬件产品的独特挑战（如供应链、成本、良品率）。

用户洞察与数据分析： 具备强烈的用户同理心和好奇心，能通过定性/定量的方式挖掘需求，并基于数据做出决策。

沟通与协同能力： 出色的沟通表达和团队协作能力，能够清晰、准确地在技术和非技术团队之间传递信息。

学习与抗压能力： 对科技和硬件充满热情，学习能力强，能快速适应快节奏的工作环境，具备出色的解决问题和抗压能力。

截止日期：2026年09月19日
招聘人数：1人",供应链 数据分析 PRD ID MD,https://www.liepin.com/lptjob/77362269
管培生（实体产品经理）,深圳礼意久久网络科技有限公司,13-20k,深圳-光明区,深圳,本科,应届,90天前更新,liepin,"岗位亮点​
我们坚信，真正优秀的产品经理必须扎根用户痛点。为此，本岗位设置专属3-12个月的产品顾问岗培养期（类似客服岗实践）及产品体验官培养期，让你直面用户询单与反馈，深度体悟用户的 “切肤之痛”。唯有与用户同频，方能跳出 “自我感觉良好” 的误区，最终成长为能让用户真心叫好的产品主导者。​
岗位职责​
产品顾问岗培养期：​
1.承接用户全渠道询单（含咨询、投诉、建议等），耐心倾听并记录用户诉求；​
2.深度挖掘每一条询单背后的隐藏需求，形成结构化用户反馈报告；​
3.定期参与用户痛点复盘会，提炼共性问题，为产品优化提供原始依据。​
产品体验官培养期：
1.进行做用户研究，理解和确认目标用户群体、需求、痛点、期望，以及完整的使用场景。
2.对待销售的产品进行体验和测试，输出槽点；

产品经理进阶期：​
1.基于培养期积累的用户洞察，主导或参与产品从 0 到 1 的全流程设计；​
2.开展老品管理工作：梳理老品生命周期数据，结合用户反馈制定迭代优先级，评估老品退市风险并输出迭代方案；​
3.建立品质管理机制：联动品控、供应链部门搭建用户反馈 - 品质改进闭环，推动跨部门解决批次性品质问题；​
4.开展行业市场调研，结合用户反馈与竞品分析，输出包含新品规划与老品优化的综合产品方案；​
5.牵头跨部门沟通，推动产品落地、迭代及老品维护，确保品质标准与老品体验持续达标；​
6.建立需求变更与老品迭代管理机制，根据用户反馈数据持续优化全生命周期产品，最大化提升用户体验与品质口碑。
任职要求​
1.本科及以上学历，25、26应届毕业生，理工科专业（产品设计、工业设计及机械工程类等专业）优先，海内外院校不限；​
2.对用户需求有极强敏感度，能从碎片化反馈中捕捉核心痛点；​
3.拥有良好的逻辑思维、创新意识及自驱力，能主动推进问题解决， 清晰拆解复杂问题，平衡用户需求与商业可行性；​
4.对数据敏感，能通过用户反馈数据反推产品优化方向，且在高危情景下能保持冷静应对。​
培养路径​
产品顾问岗（3-12 个月）→ 单品产品经理 （1-3年）→ 产品类目负责人​
（全程配备导师带教，结合用户反馈案例进行实战化培养）

截止日期：2026年08月27日
招聘人数：1人",供应链 市场调研 竞品分析 产品设计,https://www.liepin.com/lptjob/76780025
产品经理实习生,中国电子科技南湖研究院,120-200元/天,北京-海淀区,北京,硕士,,90天前更新,liepin,"职位详情
接受实习／在校生投递
工作内容：
实验室有大量机器人相关渠道资源，需要协助团队进行挖掘：
1、对接机器人方面需求，协助完成相关需求收集；2、协助完成产品规划、初步方案设计，形成相关材料；
3、针对产品方案，探索相关合作单位，进行合作方洽谈和技术选型；
4、完成其他领导交办的任务。
任职要求：
1、机器人相关专业硕士及以上学历，有仿真环境使用或研究经历者优先；
2、文档撰写尤其是 PPT 撰写能力优秀者优先；
3、沟通能力强，热爱机器人，有意长期从事机器人行业者优先。

招聘人数：3人",产品规划 方案设计 PPT,https://www.liepin.com/lptjob/71131173
电力助理工程师,山东安信源信息技术有限公司,4-6k,山东,,学历不限,应届,90天前更新,liepin,"岗位职责：
1、进行产品展示和技术交流，对客户的需求分析和研究；
2、提供产品技术支持、进行应用方案设计等售前工作；
3、协助产品经理完成相关工作；
4、有电力系统自动化技术商务技术支持、售前技术支持、实施服务类似工作经验优先。
根据个人能力和发展定位，发展方向为：需求分析、产品设计、产品经理、软硬件研发、产品测试调试、实施维护、技术支持等岗位工作。

任职要求：
1、本科及以上学历要求，电气工程及其自动化等相关专业毕业，学过电力系统分析，继电保护原理，电力拖动专业课程；
2、能适应短期出差；
3、能吃苦耐劳、有团队精神、沟通表达能力强；
4、了解C或C++，对电气系统应用有浓厚兴趣。

招聘人数：5人",C++ 需求分析 技术支持 方案设计 产品设计,https://www.liepin.com/lptjob/20189623
数通/IT售前实习生,神州数码(中国)有限公司,120-150元/天,深圳-南山区,深圳,大专,,7月30日更新,liepin,"数通售前实习生
岗位职责：
1、负责与华为原厂产品经理沟通，维护好与厂商产品经理的关系，配合产品经理和客户经理进行网络产品（交换机、路由器、安全、WLAN方向）的项目客户交流、测试、产品选型报价、参数引导、方案制作、招投标工作。
2、 负责对代理商进行网络产品进行技术培训，指导分析网络产品与其他友商如：H3C、锐捷、思科、迈普、天融信、绿盟的竞争要点。
3、负责完成原厂对该区域售前人员考核所需的工作，关于网络产品线分析以及执行技术层面相应的计划以及策略。
任职要求：
1、大专或本科学历
2、如果有网络厂商认证证书或售后、售前经验者优先考虑。
3、技能：对主流网络厂商的产品和解决方案有基本的了解，如华三、锐捷、思科、迈普等。

IT售前实习生
岗位职责：
1、负责与原厂产品经理沟通，维护好与厂商产品经理的关系，配合产品经理和客户经理进行IT硬件产品（如服务器、存储器等）的项目客户交流、测试、产品选型报价、参数引导、方案制作、招投标工作。
2、 负责对代理商进行网络产品进行技术培训，指导分析IT硬件产品与其他友商如：H3C、锐捷、思科、迈普、天融信、绿盟的竞争要点。
3、负责完成原厂对该区域售前人员考核所需的工作，关于IT硬件产品线分析以及执行技术层面相应的计划以及策略。
任职要求：
1、大专或本科学历
2、如果有厂商认证证书或售后、售前经验者优先考虑。
3、技能：对主流IT硬件厂商的产品和解决方案有基本的了解，如华三、锐捷、思科、迈普等。

截止日期：2027年07月30日
招聘人数：1人",招投标 培训 H3C,https://www.liepin.com/lptjob/84535287
硬件产品经理（base 深圳）,百词斩,15-25k,深圳-南山区,深圳,学生可投,3-5年,7月7日更新,liepin,"你将负责：
主导学习硬件的全流程推进：用户定义 → 产品定义 → ID/工业设计 → 供应链/量产 → 上市 → 售后迭代；
做扎实的用户研究与消费者洞察，并把洞察转化为功能取舍、价格段与核心卖点；
协同供应链 / ID / 研发 / 运营、市场 / 教研，把控成本、良率与上市节奏；
结合教研内容打磨产品体验（背单词训练、游戏化激励等），让""学习效果""真正落到硬件上；

我们希望你具备：
【真实的用户调研 / 消费者洞察功力】：能讲清""问题怎么定义、样本怎么选、结论怎么影响决策""，而不是堆数字
【市场 / 竞品分析 + 结构化思考】：能把模糊需求拆成清晰的产品判断
【对消费电子的认知与热爱】：愿意琢磨硬件、对好产品有感觉
【成长性、开放度与反思力】：能复盘自己被证明错的判断，清楚自己最想补什么，认同教育的专业性，愿意从教研视角思考产品

加分项：
有 ID / 工业设计能力或相关经验
有消费电子、智能硬件、教育/学习类产品的从业背景
有从 0 到 1 把硬件产品带到量产、上市的完整经历
具备供应链 sense（水位 / 成本 / 良率 / 清货 / 量产节奏）",供应链 用户调研 竞品分析 ID,https://www.liepin.com/job/1983958687.shtml
硬件产品经理,浙江华昱欣科技有限公司,20-40k·14薪,杭州-滨江区,杭州,学生可投,2年以上,6月27日更新,liepin,"岗位职责：
1.负责公司新能源光储产品的需求分析和产品定义，参与产品交互功能设计；
2.负责协助产品、交互设计、研发各部门，推进与外部资源联合的智能硬件外观设计、结构设计、电子设计、模具制作、试产和量产等各环节；
3.负责生命周期内的产品管理，资料提交，成品交付，协调市场、销售等部门、合作伙伴推动产品的推广营销，并收集分析客户反馈信息；
4.规划产品的改进和优化，制定产品更新迭代计划；
5.全面负责产品的硬件、软件和结构的设计及方向、开发、测试，以及试产、量产等过程的监控，确保产品顺利按时，保质保量地完成；
6.完成公司以及项目组交代的其他事宜。
职位要求：
1.电子、通信、机械设计等相关专业统招本科及以上学历；
2.具有互联网思维，注重用户体验，在智能硬件产品领域有至少2年的产品经理经验；
3.了解结构设计、硬件电路、嵌入式软件、智能终端App、云端服务的基本设计方法；
4.对移动互联网、物联网等新兴市场有深入的理解，熟悉建立客户需求分析、客户体验、产品规划、产品设计、产品修正、营销及效果分析；
5.精通互联网、智能硬件、新能源光储行业状况及",需求分析 产品规划 产品设计,https://www.liepin.com/job/1983744027.shtml
硬件产品经理,同心智医科技(北京)有限公司,10-15k,雄安新区-容城县,,学生可投,1-3年,7月3日更新,liepin,"岗位职责：  
1、负责非侵入脑机接口运动恢复医疗器械的产品设计、研发及迭代优化；  
2、参与产品全生命周期管理，包括需求分析、方案设计、原型开发及测试验证；  
3、在销售过程中提供售前技术支持，协助客户沟通与技术方案讲解；  
4、参与行业布道活动，推广产品技术优势与应用场景；  
5、协调跨部门资源，推动产品从研发到落地的全流程执行；  
6、跟踪市场动态与竞品分析，为产品策略提供数据支持。  

岗位要求：  
1、本科及以上学历，理工科背景优先（如电子工程、生物医学工程、计算机等）；  
2、1-3年硬件产品经理或相关岗位工作经验，熟悉硬件产品开发流程；  
3、具备职业化素养，逻辑清晰，沟通能力强，能灵活应对多任务场景；  
4、有脑机接口、医疗器械或硬件产品相关经验者优先；  
5、能适应售前支持、技术布道等对外协作工作；  
6、对医疗健康或康复科技领域有热情者加分。",产品设计 需求分析 方案设计 技术支持 客户沟通 技术方案 竞品分析,https://www.liepin.com/job/1983879419.shtml
智能硬件产品经理,成都万创科技股份有限公司,19-25k,成都-武侯区,成都,学生可投,3年以上,90天前更新,liepin,"硬件产品经理-岗位职责
1. 配合公司战略，负责公司边缘智能硬件，包含嵌入式主板，核心板等相关产品的设计和方案落地。了解不同厂商SoC，如瑞芯微、NXP、MTK的产品方案，不局限于硬件，还应对操作系统，软件功能，系统服务有深入了解。
2. 能够站在客户，使用者的角度上，深度挖掘客户的需求，并提出合适的解决方案。能够整合公司已有技术实力形成行业的解决方案。
3. 能够进行行业调研，从行业需求出发迸发产品的提议和定义。撰写高质量的需求文档，能够和研发流畅的评审产品规格，客户需求。并有能力和研发团队评审沟通设计方案。
4. 具备项目管理能力，按照市场要求，保证产品按时高质量的完成。并配合市场完成产品的发布与推广，包含产品资料的准备，内部用户的培训，销售的支持等。
5. 完成公司安排的其他工作。

任职要求
1. 本科及以上学历。985/211学校毕业生优先，有海外留学经验者优先。
3. 需要有技术背景者，在校期间专业为工程学科。
4. 学习能力强，求知欲高，能够主动了解行业动态，提出创新性产品提议。
5. 性格开朗，沟通能力强，能够积极配合销售完成售前工作，配合市场完成宣传工作。
6. 英语能力优秀，听书读写流利，有海外留学背景者优先。",项目管理 培训 NXP,https://www.liepin.com/job/1977594595.shtml
硬件产品经理（软硬结合）,完美世界,25-45k,北京-朝阳区,北京,学生可投,经验不限,90天前更新,liepin,"工作职责：
（1）硬件产品软件产品相关功能定义：主导新产品定义&软件功能定义，全程主导产品市场调研、需求调研、产品立项、产品硬件规格定义、功能需求文档（prd为完整的产品需求描述和产品原型）、产品开发管理及产品上市。
（2）产品管理及项目管理：对内与开发、UI/UE、内容教研等团队紧密沟通，管理产品功能开发、内容生产进度；对外需要与方案商深度沟通，管理方案商硬件研发进度，深度参与硬件研发的各个阶段，包括但不限于：方案商及代工厂的方案评估和审厂，硬件研发在EVT/DVT/PVT各个阶段验收评审，研发周期的全流程管控。
（3）产品GTM上市拉通：作为产品owner，产品上市前主导或配合进行产品GTM上市准备，包括产品定价策略、产品销售策略、产品市场策略的制定，产品卖点培训，产品售后培训等；
（4）认真完成领导安排的其他工作。

岗位要求：
（1）至少3年工作经验，教育硬件产品经理优先，有至少主导过一款0到1教育硬件产品（启蒙硬件、K12学习硬件）经验优先
（2）熟悉硬件行业，能独立定义一款硬件产品的硬件规格，有比较丰富的方案商资源，能独立评估方案商硬件方案的合理性和成本。
（3）能独立产出产品功能需求文档（含原型输出）
（4）211/985本科以上学历优先
（5）用户思维强，有同理心，对教育产品抱有敬畏之心",市场调研 项目管理 培训 UI UE DVT,https://www.liepin.com/job/1972896261.shtml
硬件产品经理（海外ODM定制）,矽递科技,20-30k,深圳-南山区,深圳,学生可投,经验不限,90天前更新,liepin,"我们正在寻找对嵌入式AI领域充满激情的产品经理，负责与专注科技的前沿初创企业及世界500强公司合作，对接海外ODM客户需求，提供专业的项目咨询与定制化解决方案。你将主导产品从需求沟通到交付的全流程，推动创新技术落地。

【工作职责】
1.对接海外ODM客户，深入沟通并系统整理客户需求；
2.为客户提供产品方案选型、技术咨询及定制建议；
3.撰写清晰完整的产品需求文档（PRD）；
4.跟进ODM项目产品全生命周期。

【任职资格】
1.全日制本科及以上，电子信息相关背景，至少一年硬件产品经理工作经验，优秀者可放宽工作年限；
2.具备以下一个或多个领域的技术背景或项目经验者优先：
   开源硬件（如Arduino、乐鑫ESP32、Home Assistant等）
   AIOT传感器（如户外传感器、网关、LoRa、4G、蓝牙/GPS定位等）
   AI BOX工控机、AI摄像头（如熟悉树莓派、瑞芯微Rockchip、海思等）
3.热爱技术，对科技创新有浓厚兴趣，电子爱好者优先
4.沟通能力强，善于洞察客户需求，能顺畅协调跨部门资源
5.有项目管理经验，熟悉产品开发流程及供应链管理
6.英文流利，能够独立与海外客户进行商务沟通

【我们提供】
1.与全球创新活力的科技企业合作的机会；
2.参与多样化的高科技产品定制项目；
3.开放、协作的团队氛围与职业成长空间。",4G GPS 技术咨询 项目管理 供应链 PRD Home LoRa,https://www.liepin.com/job/1978900709.shtml
智能硬件产品经理,舞肌科技,30-60k·15薪,深圳-宝安区,深圳,学生可投,3年以上,5月5日更新,liepin,"岗位职责

- 负责具身智能整机产品（灵巧手、人形机器人、扫地机、无人机、或其它服务/工业具身设备等）全生命周期管理，核心聚焦产品定义与创新，主导从需求挖掘、产品定位到量产落地、迭代优化的全流程，对产品商业价值与用户体验负责。

- 调研行业趋势、竞品动态及用户痛点，结合技术可行性，主导产品功能定义、核心性能指标设定及创新方案设计，输出高质量PRD及产品规格文档，推动技术能力向创新产品价值转化。

- 统筹整机系统级设计，协调硬件、软件、结构等模块协同，平衡产品性能、成本与可制造性，解决跨模块技术冲突，保障创新设计落地。

- 协同跨部门团队推进产品从原型到量产的高效落地，把控项目进度与质量，收集用户反馈，通过持续创新迭代优化产品，提升市场竞争力。

- 参与产品商业化落地，提炼产品创新卖点，推动前沿技术预研成果产品化，构建产品创新竞争壁垒；优化产品开发流程，推动产品平台化建设。

任职要求

- 本科及以上学历，机器人工程、自动化、电子工程、人工智能等相关专业，硕士优先。

- 3年及以上工作经验，有具身智能、无人机、扫地机等复杂机器人整机系统的产品经理经验，有0-1整机量产案例，具备优秀的产品定义与创新实践经验者优先。

- 深入理解具身智能核心技术，熟悉机器人硬件开发流程及ROS/ROS2框架，了解传感器、执行器核心原理，具备较强技术理解力，能支撑创新方案落地。

- 具备出色的需求分析、产品定义与创新设计能力，熟练使用产品工具，能独立完成PRD撰写与需求拆解，具备系统级产品思维与商业化思维。

- 具备极强跨部门沟通协调能力，能清晰传递产品创新理念与技术边界，推动跨团队协作落地。

- 对具身智能行业有高度热情，具备敏锐的创新思维、逻辑思维与问题解决能力，学习能力强，结果导向，能适应行业快速迭代节奏。

- 责任心强、抗压性好，具备团队合作精神，善于独立思考，追求产品体验与创新突破。


 ",ROS 方案设计 需求分析,https://www.liepin.com/job/1982252601.shtml
硬件产品经理（智能音频）(A135953),安克创新,30-60k·16薪,深圳-宝安区,深圳,学生可投,经验不限,90天前更新,liepin,"职位描述：
职位描述：
   产品经理，规划所负责品类的产品路线图，推动新品交付和上市，管理产品生命周期，最终驱动团队达成业绩目标。产品经理是连接产品开发团队与我们的最终用户的桥梁，是用户价值的核心创造者。
   高级产品经理，还将负责产品业务单元的战略制定、资源规划和落地执行，为Anker战略目标的实现承担责任。
   如果你睿智、勤勉、富于领导力、善于在纷繁海量的信息中发掘机会、对新技术新产品充满热情、对用户和市场有深刻洞察，那么欢迎你，Anker将是你的舞台。
   
   岗位描述：
   1、通过完整深入的市场调研、用户和竞争分析、技术和成本评估，定义产品业务单元的战略，并完成产品路线图的规划。
   2、在设计和开发团队的支持下，完成产品的概念设计（PRD）。其中包括用户购买和使用行为的分析、需求挖掘和权衡、头脑风暴及创新、可行性评估以及最终的概念定义交付。
   3、协助产品开发团队完成新产品交付，确保功能、品质、时间和成本目标达成。
   4、和各个渠道团队一起，策划和驱动营销活动，支持客户服务，最终达成用户满意度和销售目标。

职位要求：
1、在个人消费类电子产品领域至少6年的产品经理经验，有耳机或音频优先 
   2、在品牌公司管理全球产品线超过3年
   3、出众的商业判断能力、逻辑和数据分析能力
   4、对产品热情执着，通过设计和技术创新不断提升体验
   5、主导并出色地完成从产品定义到上市的全过程、并在市场上取得成功的记录
   6、流畅的英文水平，985/211本科及以上学历，有项目管理经验优先
   
   简历筛选：
   1.有做过复杂项目的产品规划和交互设计
   2.有做过用户调研和市场分析
   3.有一定的技术理解能力，有不错的逻辑分析能力
   4.有很强的沟通能力
   5.对新东西有浓厚兴趣，有很强的学习能力
   6.有耳机，智能穿戴，智能硬件，语音识别者优先",语音识别 市场调研 客户服务 数据分析 项目管理 产品规划 用户调研,https://www.liepin.com/job/1980538251.shtml
智能硬件产品经理,乐心医疗,18-25k·14薪,中山,中山,学生可投,5年以上,7月29日更新,liepin,"岗位职责：
●基于市场分析和用户研究，发现市场机会并负责产品/解决方案规划，输出相关需求文档；
●负责产品概念定义、市场需求确认，负责用户反馈收集与分析，确保规格定义符合市场需求；
●与项目经理合作，关注包括ID、研发、供应链的产品实现过程，关注项目关键节点，把控产品实现质量，确保产品实现符合产品定义，对产品竞争力和市场口碑负责；
●与市场宣传组合作，挖掘产品&解决方案核心卖点，参与GTM过程，协助制定产品定价、营销和渠道等策略；
●对产品全生命周期进行跟踪和管理，以市场和用户数据反馈产品升级或退出方案，保证产品在全生命周期内的持续竞争力。

任职要求：
●5年以上智能硬件产品规划经验，具备良好的系统方案规划设计能力，具备系统思维、数据思维、逻辑思维和决策能力；
●具备电子、结构、ID设计、供应链等硬件产品相关的基础知识储备；
●熟悉硬件产品从产品规划、产品定义、开发、生产、品控等流程；
●良好的英文书写与听说能力；
●有医疗设备行业从业经验佳，尤其是心脏健康类产品（血压计，心电仪，穿戴设备等）；
●必须有IoT物联网设备（Wifi、4G、蓝牙、Lora等）相关经验；",WiFi 4G 供应链 产品规划 Wifi,https://www.liepin.com/job/1979598113.shtml
高级硬件产品经理 (MJ005799),九号公司,30-50k·14薪,北京-海淀区,北京,学生可投,经验不限,90天前更新,liepin,"1. 电子工程、自动化、计算机等相关专业本科及以上学历；
2. 8年以上汽车座舱、仪表或人机交互产品研发经验，有规模化量产经验者优先；
3. 熟悉相关产品的规划、设计、质量、量产和售后全过程；
4. 具备优秀的平台化产品规划和跨部门沟通协调能力；
5. 具备良好的创新思维和问题解决能力，能够完成产品规划和推进商业落地。


工作职责具备全局产品和行业视角，能从需求、市场、技术等角度，综合考虑智能仪表类产品的关键点和竞争力等，准确分析形成并迭代产品路线和商业模式；


2. 有系统工程思维、经营和成本意识，能以平台思维制定对应产品和平台的路线图；

3. 持续跟踪分析市场、用户需求和行业动态，关注行业HMI等相关产品的创新点，以及行业发展动向，持续优化产品人机交互，以及创新点的竞争力；

4. 拥有丰富的规模化量产实操经验，能与项目、研发、UIUX等团队紧密合作，推动产品和方案级交付，实现与客户的商业共赢；",产品规划,https://www.liepin.com/job/1978693679.shtml
具身机器人硬件产品经理,安克创新,35-65k·16薪,深圳-南山区,深圳,学生可投,5年以上,90天前更新,liepin,"【产品经理】
职位描述：
负责具身智能机器人产品的立项、定义、规划、和开发，确保产品上市与商业成功；
行业洞察和产品定义：深入洞察用户、市场、行业、技术、竞争等多个维度的趋势，找到产品成功的第一性，输出关键的产品需求包，定义核心的产品规格和体验标准。
生命周期管理：包括产品立项、研发、测试、上线、运营和迭代等各个环节，确保产品按时按质交付，同时做好经营管理；
组织协同：作为产品代表，与研发、设计、品牌、销售、质量和售后团队紧密合作，确保产品上市后的产品质量、销量与口碑多方面的表现；
持续迭代：定期整理产品的表现、用户voc的反馈以及市场趋势变化，并针对趋势调整或提升产品力。
职位要求：
本科或以上学历，有5年以上相关领域或其他智能产品的工作经验；
具有机器人产品或复杂智能产品管理经验，熟悉市场和竞争对手；
具备产品规划、设计和开发的能力，熟悉产品开发流程；
具有良好的沟通和团队合作能力，能够与不同部门的人合作；
具有创新思维和解决问题的能力；
具有良好的英语口语和写作能力。",产品规划,https://www.liepin.com/job/1975222103.shtml
教育BG-硬件产品经理-合肥,科大讯飞,20-35k·14薪,合肥-高新区,合肥,学生可投,3年以上,90天前更新,liepin,"岗位职责：
1、负责中小学人工智能教育系列教具（如AI实验套件、智能传感器模块）、学具（如可编程硬件、实践操作器材）的硬件产品规划，包括产品形态、核心参数、功能定义及迭代路线，确保贴合K12教学场景与学生认知水平；
2、主导硬件产品的需求拆解与方案设计，统筹硬件产品全生命周期管理，涵盖需求调研、方案评审、原型打样、测试验证（含可靠性、安全性、教育适配性测试）、量产落地及迭代优化全流程，严格管控项目周期与量产进度；
3、负责硬件与软件的协同适配设计，联动软件产品团队确保硬件设备与AI教学平台、课程软件的无缝对接，保障软硬件一体化教学体验的一致性与稳定性；
4、对接供应链管理体系，包括供应商筛选、资质审核、产能评估及品质管控，推进供应链采购谈判与合同履约管理，防范供应链风险，确保硬件产品稳定供货；
5、协同教研团队将AI教育课程目标转化为硬件产品功能需求，联动运营、销售团队制定硬件产品推广及落地服务方案，为内部团队及合作伙伴提供硬件产品专业赋能支持；
6、负责硬件产品合规性管理，确保产品符合中小学教育装备相关标准、国家3C认证及环保、安全等相关法规要求。
任职要求：
1、3年以上硬件产品设计与管理经验，具备消费电子、教育硬件或智能硬件产品从0到1策划、研发及规模化量产落地经验，熟悉硬件产品开发全流程（结构、电子、供应链、量产）；
2、拥有教育行业硬件产品相关经验，深入了解中小学教育装备采购流程、K12师生教学场景及使用习惯，熟悉人工智能教育教具/学具相关产品者优先；
3、具备扎实的硬件专业知识，了解电子电路、结构设计、材料选型、可靠性测试等核心环节，能独立主导硬件产品方案评审与技术问题攻坚；
4、熟练掌握用户调研方法论，能针对师生、学校等不同用户群体开展定性/定量调研，精准提炼教育场景下的硬件产品需求，转化为可落地的产品方案；
5、具备较强的系统思维、成本意识与风险管控能力，善于协调解决硬件开发、供应链管理、量产交付中的复杂问题；
6、结果导向型，具备优秀的跨部门协同能力（能高效联动软件、研发、供应链、教研、销售等团队），可精准将教育教学需求转化为硬件技术语言；
7、熟悉教育硬件相关合规标准与认证流程（如3C认证、教育装备检测标准），具备中小学人工智能教育、STEM教育等相关行业从业背景，或主导过教育类智能硬件产品规模化落地项目者优先，硬件产品质量管控与供应链优化经验者优先；",产品规划 方案设计 供应链 采购 合规 产品设计 用户调研,https://www.liepin.com/job/1981748891.shtml
硬件产品经理,量子数科科技有限公司,20-40k,北京-朝阳区,北京,学生可投,经验不限,6月18日更新,liepin,"职位描述：
1、负责 AI 消费电子硬件产品（AI 眼镜 / AI 耳机 / 智能桌宠 / 情感机器人等）定义与从 0 到 1 全链路闭环，产品方向不设限，有好想法都可以落地，从 0 到 1 定义产品，全流程闭环。

任职要求：
1、成功打造过至少一款 AI 硬件 / 智能硬件 / 消费电子产品的完整 0-1
2、对 AI 原生产品有深刻理解 ——AI 是产品的核心交互形态，不是功能点缀
3、经验要求：不限工作年限，但必须有 AI 硬件 / 消费电子完整 0-1 经验，有机器人、情感交互、儿童 / 教育智能硬件经验者优先
4、理解 AI 硬件关键环节（端侧 AI、传感器融合、边缘推理、多模态交互），能跟算法 / 硬件 / 软件团队深度对齐
5、结果导向，强自驱力，对 AI 硬件充满激情，有强烈好奇心和动手验证精神",AI,https://www.liepin.com/job/1983565323.shtml
硬件产品经理（存储方向）,绿联科技,30-50k·15薪,深圳-龙华区,深圳,学生可投,5年以上,90天前更新,liepin,"岗位职责：
1、负责公司存储品类（SSD、硬盘盒等）的产品规划和落地，贯穿品类产品的完整生命周期，对产品线的市场成功和竞争力负责 ；
2、负责市场、用户、行业、技术应用的调研与分析，确定产品配置和定义，制定产品线策略。并协同产研开发团队，把控过程中的关键节点和关键决策，确保产品定义项目按时按质交付；
3、与销售团队、营销团队、客服团队、售后团队紧密合作，协助推动产品上市，确保产品销售目标达成，确保产品上市后的质量表现；
4、协助供应链和研发团队，对上下游供应商和方案资源等进行筛选整合，并持续做好各类资源的关系维护；
5、负责相关团队的管理工作，能给予团队切实可行的指导建议和工具方法，带领团队不断进步、创造价值并成就彼此。


任职资格：
1、本科及以上学历，5年以上相关工作经验；
2、有电子数码行业/存储类产品/电商行业相关的产品工作经验者优先，有针对海外市场产品开发经验优先；
3、具备化繁为简、洞察本质的能力，具备强烈的用户同理心、较好的商业敏锐度，能良好沟通并高效执行；
4、有自驱力，有创新能力，喜欢探索新产品新事物，对电子数码产品有热情；
5、积极主动，敢于挑战，有较强的责任心。

公司福利：
1、食宿便利：内设食堂提供免费中餐、住房补贴（200元/月）、员工宿舍（应届生提供2年住宿）、公租房名额----上班舒心，家人放心！
2、生活保障：六险一金（五险一金+友邦商业保险）、免费年度体检、办理深圳人才引进业务、小孩教育基金----给予妥妥的安全感~
3、绿豆专属：精致入职礼包、转正礼品、产品内购折扣通道----体验满满的仪式感！
4、节假关怀：入职即享有带薪年假、生日会、节假日定制精美礼盒----收获美好与心意~
5、八大协会：登山户外/桌游/足球/羽毛球/篮球协会、宠物星球、美食俱乐部、live发烧友----与志同道合伙伴一起玩耍~
6、休闲娱乐：丰富下午茶、部门聚餐团建、年度旅行----适时充电保持满格电量！
7、激励发展：一年2次调薪机会、丰厚的年终奖、双通道晋升制度----快速实现自我价值提升!
8、培训体系：1v1导师制、新星计划、绿联达人课堂、在线绿联学堂、育龙/潜龙/磐石人才培养计划----学无止境，持续精进~
 ",产品规划 供应链 培训 SSD,https://www.liepin.com/job/1975980903.shtml
智能硬件产品经理,青岛海顺中星供应链管理有限公司,10-25k,青岛-李沧区,青岛,学生可投,经验不限,5月29日更新,liepin,"①主导产品定义（产品功能、交互设计），协调ID、研发（软/硬/结构/算法）、供应链、售后、质量团队，平衡技术可行性与公司战略，推动产品从概念到量产落地，输出需求文档，确保关键节点（需求冻结、样机测试、量产交付）达成；
②深度参与技术方案评审，主导产品的优先级决策，把控用户体验一致性，确保产品满足市场准入要求（如安全认证、行业标准）；
③掌握产品生命周期管理流程，具备敏捷开发与跨部门协同经验，沟通供应商资源与维护外协团队，推动各方资源协同；
④协助市场团队制定GTM策略，支持销售/售后团队输出技术方案；
⑤平面设计对接，协助营销确保对外形象一致性，包括ID、包装箱、说明书、铭牌、条码、贴纸及其他营销物料（宣传页、POP、产品手册等）
⑥专利申请流程推进",供应链 技术方案 专利 POP,https://www.liepin.com/job/1982969427.shtml
硬件产品经理（机器人本体）​(A169748),北京机科未来科技有限公司,25-50k·15薪,深圳-宝安区,深圳,学生可投,经验不限,90天前更新,liepin,"职位描述：
- 职位亮点​：负责机器人硬件产品的整体规划与生命周期管理，主导从概念到量产的全流程
- 岗位职责​：
  1. 深入市场与客户调研，分析机器人行业技术趋势，制定硬件产品规划、技术路线图及产品规格（PRD）
  2. 组织研发团队形成产品技术方案，制定开发计划、生命周期管理计划及产品验收指标
  3. 负责产品研发过程中的关键节点管控，协调资源解决关键问题，管理产品成本、关键器件选型及供应商
  4. 主导产品试产、量产导入与发布，与供应链、生产、品管等部门协作，确保产品顺利交付
  5. 负责产品上市后的运营、迭代（软硬件升级、降本）及损益经营，持续提升产品竞争力

职位要求：
  1. 机械工程、自动化、电子信息等相关专业本科及以上学历，3年以上智能硬件或机器人硬件产品经验
  2. 熟悉机器人硬件结构、驱动、传感等关键技术，熟悉硬件产品开发流程及供应链管理，有人形机器人、无人驾驶汽车、移动机器人(AGV)、其他消费类智能硬件等产品经验者优先
  3. 具备较强的市场需求挖掘、分析能力，能将场景任务转化为可测试的硬件规格
  4. 出色的项目管理、内外部沟通协调能力，能够推动跨部门合作，对结果负责
  5. （加分项）有硬件产品0到1开发及量产经验，熟悉DFX（可制造性、可装配性设计）、可靠性与环境测试方法者优先",产品规划 技术方案 供应链 项目管理 PRD AGV,https://www.liepin.com/job/1978971109.shtml
智能硬件产品经理,深圳市永康成医疗器械有限公司,18-28k·14薪,深圳,深圳,学生可投,经验不限,90天前更新,liepin,"岗位职责：
1、负责智能硬件产品的规划与设计，确保产品符合市场需求及公司战略；
2、主导健康相关硬件产品的研发工作，推动产品从概念到市场的全过程；
3、组织并指导产品研发和项目团队的工作，确保项目按时高质量完成；
4、带领团队进行市场调研，收集用户反馈，持续优化产品性能和用户体验；
5、与跨部门团队紧密合作，协调资源，确保产品顺利上市。

岗位要求：
1、本科及以上学历，电子工程、计算机科学或相关专业优先；
2、具备复杂产品从设计到量产的丰富经验，特别是在健康和运动领域的产品开发经验；
3、对运动健康领域有浓厚兴趣，能够引领产品发展方向，并推动创新；
4、具有良好的团队领导能力，能够有效管理并激励团队成员；
5、具备出色的沟通能力和项目管理技能，能够协调不同部门之间的合作；
6、拥有良好的问题解决能力，能够在面对挑战时提出创新解决方案。",市场调研 项目管理,https://www.liepin.com/job/1974836751.shtml
供应链硬件产品经理,深圳市埃克思科技有限公司,13-17k·13薪,深圳-龙岗区,深圳,学生可投,5年以上,90天前更新,liepin,"任职要求（硬性指标，量产能力优先）
必须项：
1. 专业背景：  
    电子工程、自动化、机械工程（懂结构工艺）本科及以上。  
   5年以上消费电子/智能硬件行业经验，其中至少3年专注量产管理。  

2. 核心能力认证：
    主导过≥2款产品的成功量产爬坡。  
   深度代工厂（OEM/ODM）合作经验：  
     熟悉工厂生产流程（SMT、组装、测试、包装）。  
     能独立驻厂跟进生产、解决突发问题。  
     有与国内主流消费电子代工厂合作经历者优先。  
   供应链危机处理能力 
     *有解决过重大量产事故（如停线、批量召回）的实战案例。  
     *熟悉供应链备料策略（安全库存、MOQ管理）。  
   质量工具精通：  
     熟练运用8D报告、FMEA、CPK、GR&R等工具推动问题闭环。    

3. 技术理解深度：
   *能看懂PCB设计、BOM清单、装配图，理解硬件故障的根本原因（非要求设计，但需懂原理）。  
   熟悉关键量产工艺风险点（如焊接虚焊、ESD损伤、结构干涉、射频性能漂移）。  

加分项
有安卓智能硬件（中控屏/手机/平板）量产经验，熟悉MTK平台。  
 有遥控器类产品经验（熟悉RF射频测试、电池可靠性）。  
* 具备成本分析能力，参与过VAVE项目。  
*熟悉海外客户定制项目（如CE/FCC认证）。  ",供应链 OEM ODM SMT FMEA CPK GR,https://www.liepin.com/job/1976230185.shtml
【消费者BG】智能硬件产品经理,科大讯飞,18-35k·14薪,合肥-高新区,合肥,学生可投,经验不限,90天前更新,liepin,"职位描述：
1. 负责智能可穿戴设备相关的产品规划、，保障产品用户价值实现，包括用户需求分析、市场分析、产品功能的设计等；
2. 负责协调资源推动产品功能实施，跟进项目的进度，与内外部团队有效沟通，提高项目整体质量；
3. 负责产品上线后的跟踪优化和运营数据工作，持续推进产品优化。

任职资格：
1. 本科及以上学历，重点大学学历优先。3年以上产品经理经验，了解人工智能技术，有智能穿戴设备产品经验优先；
2. 对智能硬件行业充满热情，能够深度解析产品，以用户体验和场景为核心，能够结合资源，打造尽可能简单而好用的用户体验。
3. 熟悉优秀的产品设计方法及文档撰写能力；
4. 具备优秀的沟通表达能力，能够很好的和技术工程师、设计师、用户、市场等协调沟通；
5. 自我驱动力强，对于产品有执着追求，具备高度责任心和承压能力。",产品规划 需求分析 产品设计,https://www.liepin.com/job/1962798937.shtml
智能硬件产品经理,深圳佰晖企业管理有限公司,20-50k·14薪,深圳-南山区,深圳,学生可投,经验不限,90天前更新,liepin,"岗位职责：
1、对公网手持终端产品进行规划、开发、推广和退市等产品生命周期管理;
2、负责公网手持终端产品的市场分析，竞品信息收集，上游资源探索，协调开发团队或外部资源一起完成新产品的规划、开发及量产上市，保质保量的完成开发任务；
3、研究公专融合市场发展趋势，为公司年度规划提供决策依据，关注用户的产品反馈，分析并提供应对方案，对产品进行持续优化；
4、定期对销售人员和市场部门进行产品相关的培训，并提供专业、及时的技术支持，协助市场和销售部门完成产品推广方案、市场资料以及公司制定的销售目标；
5、协助管理整个产品团队的日常事务。
任职要求：
1、本科及以上学历，5年以上手机/移动摄影类产品经理相关工作经验，电子、通讯、计算机或工业设计等专业优先；
2、熟练智能硬件产品设计到落地全流程，包括技术路线、ID设计、IC选型、制程、产品发布等流程；
3、具有较强的前瞻性、用户思维、工作协调能力和良好的敬业精神，团队意识强，能快速融入团队，对新领域和产品能够快速熟悉并沉淀经验；
4、对项目开发过程中涉及的结构、硬件、软件等有相关的框架知识储备和过程沟通控制经验，在上下游交互中能理解业务并做合理的判断和推进工作。",培训 技术支持 产品设计,https://www.liepin.com/job/1971542101.shtml
智能硬件产品经理,希沃,18-30k·13薪,广州-黄埔区,广州,学生可投,经验不限,90天前更新,liepin,"岗位职责：
1、根据竞品和市场分析调研，制定面向高校市场的硬件产品规划并推动执行
2、承担高校市场相关硬件产品的市场推广和产品管理工作
3、整理并输出产品规格、卖点、参数及其它相关资料
4、主导面向高校客户的整体解决方案的设计及落地
岗位要求：
1、了解光学显示、电视方案、触控交互等行业情况及趋势
2、具备独立的从产品规划到上市发布的完整产品管理经验
3、有高教市场相关产品规划、运营经验者优先",产品规划 市场推广,https://www.liepin.com/job/1945647945.shtml
智能硬件产品经理,中国移动在线营销服务中心,13-25k·13薪,郑州-高新区,郑州,学生可投,经验不限,90天前更新,liepin,"岗位职责：
1.根据公司的发展战略与规划，负责公司拾音器等智能硬件产品全过程管理，包括但不限于用户/客户需求、市场调研、竞品分析，产品规划、设计产品功能等工作；
2.负责根据具体应用场景进行相关产品和技术方案的需求分析，产品/方案规划设计以及落地；
3.调研、选型与整合合适的产品供应商，协调硬件研发，推进与外部资源合作的产品开发、测试、试产和量产进程；
4.把控和推动产品量产相关的供应链、品质管理环节，解决量产中的问题；
5.对市场需求和业务需求进行调研分析，并完成产品设计、流程设计和原型设计，同时输出专利交底文档；
6.定期对竞品进行行业跟踪分析，及时掌握行业动态，提出建设性的产品创意提案；
7.收集用户意见，持续优化产品用户体验，制定产品改进迭代路线。
职位要求：
1.统招本科及以上学历；
2.3年以上工作经验，有音视频相关硬件产品项目经验，主导过相关产品设计，实际参与过产品的全生命周期管理；
4.熟悉智能硬件产品的研发、生产流程，熟悉硬件产品设计流程工具，了解结构设计、硬件电路和嵌入式软件的基本设计方法；
5.具备较强的逻辑思维能力、创新能力、数据分析能力和语言表达能力；
6.良好的沟通协调技巧和团队合作意识，善于跨部门组织、沟通和协调资源；
8.对工作充满激情，有高度的责任心和团队协作意识，能在较大压力下保持良好的工作状态。",市场调研 竞品分析 产品规划 技术方案 需求分析 供应链 产品设计 原型设计 专利 数据分析,https://www.liepin.com/job/1967401857.shtml
IOT硬件产品经理,涂鸦智能,18-30k·14薪,深圳-南山区,深圳,学历不限,经验不限,90天前更新,liepin,"岗位职责：
1、负责智能硬件产品规划，制定产品需求文档、DEMO原型、项目计划等；
2、负责产品的硬件、软件和结构的设计、开发、测试、试产和量产等过程监控，确保产品顺利按时，保质保量完成；
3、把控产品全流程，预知项目风险，及时组织解决项目研发和生产过程中遇到的问题；
4、负责产品上线后的跟踪优化和产品分析，制定版本优化计划并跟进实施；
5、定期对自身产品及行业、竞争对手等进行分析，评估、优化产品体验和方向。

岗位要求：
1、5年以上硬件产品工作经验，至少主要负责过2-3款产品的从立项研发到发布的过程；
2、熟悉电工照明整机产品的项目管理流程、生产流程、质量控制方法、风险控制技术、相关认证知识；
3、熟悉电工行业，了解国内外电工照明产品最新发展趋势，有海外市场产品经验优先，有全球产品类目管理经验优先；
4、有产品sense，关注细节，苛求完美，具备良好的沟通能力，协作能力，抗压能力。
",产品规划 项目管理,https://www.liepin.com/job/1957719389.shtml
智能硬件产品经理,深圳市多亲科技有限公司,15-20k,深圳-宝安区,深圳,学生可投,经验不限,90天前更新,liepin,"岗位职责： 负责抢码设备、图像识别等智能硬件产品项目管理。
1、负责智能硬件项目的全过程管理和控制。包括立项、开发、试产、批量、售后等产品全生命周期的管理，制定项目管理流程，项目计划，并监督执行。
2、负责项目内部协调工作，包括资源需求配置、进度协调、质量控制及人员协调等；
3、根据项目推进情况，负责相关部门之间的协调，包括资源需求及人员调配等；
4、定期向公司相关决策人通报项目进展，识别风险点，做好相应预案；
5、负责协调组织开展项目各种会议，推动项目进展过程中各种问题及时得到解决。
任职资格：
1、本科及以上学历；3年以上的智能硬件项目管理经验者优先；
2、具备丰富的图像识别终端的项目经验，对技术专业领域有一定的了解和专业能力者优化；
3、熟悉智能硬件的项目管理流程、生产流程、质量控制方法、风险控制技术、相关认证知识；
4、逻辑性强，能有效的收集整理，分析归纳出核心内容，并组织资源快速解决；
5、良好的计划和执行能力、协调能力和人际沟通能力，具有高度的责任心与团队协作精神，能够承受较强的工作压力；
6、可以主动的开展工作，具有持续学习的韧性和成长潜力。",项目管理,https://www.liepin.com/job/1948629161.shtml
智能硬件产品经理,温州灵运感知智能科技有限公司,7-13k,北京-西城区,北京,学生可投,经验不限,90天前更新,liepin,"职责描述：
1. 负责硬件产品的硬件研发工作，重点负责可穿戴传感器的电路设计、人机交互系统和无线通信系统的设计、调试、改进等工作；
2. 负责硬件产品的嵌入式程序研发工作，重点负责嵌入式程序设计、开发、驱动、固件代码实现、维护等工作；
3. 为其他团队成员提供相关帮助。

任职要求：
1. 扎实的模拟电路、数字电路基础，具有较强的电路设计、电路分析与电路调试能力；
2. 扎实的嵌入式程序开发基础，熟悉软件开发流程，设计模式，体系结构，精通C/C++编程语言并有良好的编程习惯，熟悉常用的汇编语言，可以根据指令集编写汇编语言程序；
3. 丰富的电路设计经验，要求能够熟练使用Altium Designer或Cadence等EDA设计工具进行原理图绘制与仿真和PCB布局；
4. 丰富的嵌入式软件开发经验，要求能熟练使用Keil、IAR、Eclipse等编译调试环境，掌握编程、仿真和调试流程；
5. 过硬的硬件电路调试能力，要求能熟练使用各种常用电子线路分析测试仪器进行电路功能测试及故障排查；
6. 熟悉当前常用的Nordic、Atmel、TI、Arduino等嵌入式开发平台，具有一定的Linux操作系统移植能力；
7. 具有较强的团队协作能力，能够与其他团队成员完成多样化的协同合作。
",C++ 汇编 IPS Linux 功能测试 故障排查,https://www.liepin.com/job/1952550003.shtml
硬件产品经理,百词斩,15-25k,成都,成都,学生可投,经验不限,6月29日更新,liepin,"你将负责：
主导学习硬件的全流程推进：用户定义 → 产品定义 → ID/工业设计 → 供应链/量产 → 上市 → 售后迭代做扎实的用户研究与消费者洞察，并把洞察转化为功能取舍、价格段与核心卖点协同供应链 / ID / 研发 / 运营、市场 / 教研，把控成本、良率与上市节奏结合教研内容打磨产品体验（背单词训练、游戏化激励等），让""学习效果""真正落到硬件上。

我们希望你具备：
真实的用户调研 / 消费者洞察功力：能讲清""问题怎么定义、样本怎么选、结论怎么影响决策""，而不是堆数字市场 / 竞品分析 + 结构化思考：能把模糊需求拆成清晰的产品判断对消费电子的认知与热爱：愿意琢磨硬件、对好产品有感觉成长性、开放度与反思力：能复盘自己被证明错的判断，清楚自己最想补什么认同教育的专业性，愿意从教研视角思考产品

加分项:
有 ID / 工业设计能力或相关经验
有消费电子、智能硬件、教育/学习类产品的从业背景
有从 0 到 1 把硬件产品带到量产、上市的完整经历
具备供应链 sense（水位 / 成本 / 良率 / 清货 / 量产节奏）",供应链 用户调研 竞品分析 ID,https://www.liepin.com/job/1983750911.shtml
硬件产品经理,同心智医科技(北京)有限公司,10-20k,北京,北京,学生可投,2年以上,7月2日更新,liepin,"1、专业产品宣讲： 深入理解公司神经康复产品的技术内核，面向医院康复科、神经内/外科等核心科室的主任及专家，进行高水平的产品功能、技术原理与临床价值宣讲。
2、方案设计与演示： 结合临床康复痛点，为医院客户定制高匹配度的脑机接口康复科室解决方案，并现场演示设备的实操与康复训练流程。
3、学术交流与客情维系： 解答临床医生在脑电信号、康复机制、算法原理等方面的专业疑问，建立并维护良好的公司专业形象。
4、需求梳理与调研： 深入一线临床，调研医院在神经康复（如卒中后运动功能障碍）方面的最新需求，整理并输出规范的需求分析文档，反馈至研发团队。
5、数据采集与预处理： 根据公司安排，在医院或实验室环境下熟练进行脑电数据（特别是运动想象相关信号）的采集、标定与质量跟进。
6、产品测试与迭代： 辅助完成康复闭环系统（如脑机接口结合外骨骼/电刺激/VR等）的系统测试与联调，推动产品体验的持续优化。

任职要求
1、资历要求： 具备 2年以上整体工作经验，其中包含 1年以上脑电（EEG）或脑机接口（BCI）行业从业/科研经验；接受专业对口的应届毕业生，要求具备1年以上脑机接口研究和实验操作经验。
2、教育背景： 本科及以上学历，生物医学工程、神经科学、康复工程、计算机、自动化等相关专业（硕士及以上学历优先）。
3、核心技能（优先项）： 熟悉运动想象（Motor Imagery, MI）范式，了解其脑电特征及在神经康复中的应用者优先。
4、沟通与呈现： 具备优秀的商务沟通与演讲能力，能将复杂的脑电、算法等工程语言转化为临床医生易懂的语言，同理心强。
5、实操功底： 具备扎实的动手能力，能熟练操作脑电设备（佩戴湿电极/干电极、阻抗调节、信号检查等），理论扎实且注重实操。",方案设计 需求分析 数据采集 EEG BCI Motor Imagery MI,https://www.liepin.com/job/1983868155.shtml
硬件产品经理,视源股份,25-45k·13薪,广州-黄埔区,广州,学生可投,1-3年,5月29日更新,liepin,"岗位职责
1、协助负责商用计算机（台式机、笔记本）、交互智能平板、数字标牌、小间距LED、音视频硬件等全品类硬件产品的规划辅助工作，配合完成产品需求梳理、方案落地跟进；
2、协助开展目标市场、用户及竞争对手研究，收集行业AI硬件应用相关信息，辅助输出市场分析报告，助力提升产品竞争力；
3、 配合制定产品成本目标，协助推进成本优化相关工作，参与成本沟通对接，积累成本管理基础经验；
4、协助完成产品上市相关资料整理、上市培训支持工作，配合提炼产品核心卖点（含AI相关卖点），助力产品顺利上市；
5、 配合产品经理对接研发、营销等部门，推进产品开发及上市流程，学习产品全生命周期管理，积累AI与硬件结合的产品落地经验。

任职要求
1、1-2年硬件产品相关工作经验，有计算机、交互智能平板、音视频硬件等相关产品经验更佳，接受优秀应届生投递；
2.、对产品管理有基础认知，愿意学习产品方法论，具备一定的总结提炼能力，能够快速吸收过往产品经验；
3、对硬件产品成本有基础了解，愿意学习成本沟通及降本相关工作，配合推进成本优化；
4、关注AI技术在硬件产品中的应用（如AI交互、AI画质优化、AI智能控制等），有相关学习或实践经验者更佳；
5、具备良好的沟通协作能力和执行力，工作积极主动，能够高效配合团队完成各项工作任务。",培训,https://www.liepin.com/job/1981748061.shtml
硬件产品经理,北京镭测科技有限公司,10-16k·13薪,北京-朝阳区,北京,学生可投,2年以上,6月3日更新,liepin,"岗位职责：
1.主导产品的市场调研、竞品分析及行业趋势研究，制定产品发展战略、路线图及版本迭代计划；
2.深度挖掘并分析客户需求，撰写详尽的产品需求文档（PRD），明确产品功能、性能指标及技术规格，确保产品定义精准匹配市场与公司战略；
3.协调并驱动研发、制管、生产、市场、销售等跨部门团队，跟进产品开发的各个环节，确保项目高质量按时交付，对产品从概念到退市的整个生命周期负责 。
4.制定产品上市策略和推广计划，协同市场销售团队完成产品发布、市场宣传、销售工具包制作及关键客户的技术交流 。
5.跟踪产品上市后的市场表现、销售数据及用户反馈，进行数据分析，持续推动产品的优化迭代与竞争力提升 。
任职要求：
1.硕士及以上学历，光学工程、光电技术、精密仪器、物理、机械电子、自动化、测控技术与仪器等相关专业；
2.2年以上高科技仪器、高端装备或复杂ToB硬件产品领域的产品管理或相关经验，拥有激光测量、光学仪器（如激光干涉仪、激光雷达、激光传感器等）相关产品经验者优先考虑，能力特别突出的应届硕士或博士毕业生也可考虑；
3.熟悉产品管理全流程，具备出色需求分析、逻辑思维、项目管理及跨部门沟通协调能力；
4.具备较强的技术理解能力，能够与光学、软件、硬件等研发团队进行高效沟通。
5.对技术和产品有热情，具备出色的市场洞察力、用户思维、创新意识、强烈的责任心和结果导向，能够承受压力并驱动项目达成目标。",市场调研 竞品分析 数据分析 需求分析 项目管理 PRD,https://www.liepin.com/job/1983107131.shtml
硬件产品经理,北京德塔源创智能科技有限公司,30-60k·15薪,北京-海淀区,北京,学生可投,经验不限,5月29日更新,liepin,"1.负责机器人硬件产品（人形机器人本体、遥操作数据采集设备、末端执行器等）的全生命周期管理，从前期市场调研、需求定义到研发追踪、量产导入的完整闭环。
2.负责产品研发前期的用户需求调研：深入目标行业与应用场景，开展用户访谈、竞品分析与市场研究，挖掘真实痛点与潜在需求，形成清晰的产品需求文档（PRD）与功能优先级排序。
3.负责产品定义与规划：基于市场洞察和技术可行性，定义产品形态、核心规格、功能边界与差异化卖点，制定产品路线图（Roadmap）。
4.负责研发过程追踪与项目推进：作为研发团队的核心枢纽，协调机械、嵌入式、系统、工业设计等团队，跟踪开发进度、把控关键里程碑（EVT/DVT/PVT），及时识别并推动解决跨团队阻塞问题。
5.负责需求传递与变更管理：将用户需求准确翻译为工程语言，与工程团队对齐技术方案；管理需求变更，平衡用户价值、研发成本与交付周期。
6.负责样机评审与产品验证：参与原型评审与用户试用测试，收集真实反馈，推动产品快速迭代，确保最终产品符合市场预期。
7.负责产品上市支持与持续优化：协助制定产品定位、卖点提炼与上市策略，收集量产后的用户反馈，驱动产品持续改进。
8.负责竞品与行业动态跟踪：持续关注具身智能行业趋势、竞品进展与前沿技术，为产品决策提供依据。
职位要求
任职要求
1.本科及以上学历，2-4年以上硬件产品（智能硬件、机器人、消费电子或相关复杂机电产品）的产品经理经验。
2.具备扎实的用户需求调研能力，熟悉用户访谈、场景分析、竞品研究等方法，能将模糊需求提炼为清晰、可落地的产品定义。
3.具备完整的硬件产品研发流程经验，理解从概念、研发到量产（EVT/DVT/PVT）的各阶段关键节点与协作方式。
4.具备较强的跨团队协作与项目推进能力，能够协调机械、硬件、软件、工业设计等多个职能团队，推动项目按节奏闭环交付。
5.具备良好的产品思维与逻辑能力，能够在用户价值、技术可行性、成本与交付之间找到平衡。
6.优秀的沟通表达与文档能力，能独立输出高质量的 PRD、产品规划与项目文档。
7.对机器人、具身智能及前沿科技产品有强烈兴趣，学习能力强、节奏快、愿意深入一线。

加分项
1.具备具身智能、人形机器人、四足机器人、机械臂或相关机器人行业的产品工作经验。
2.具备智能硬件或消费电子产品从 0 到 1 以及成功量产落地的完整项目经验。
3.理解机器人本体结构、传感器、执行器、控制系统等基础技术原理，能与工程团队高效对话。
4.具备数据采集设备、遥操作系统或科研平台类产品的相关经验。
5.有一定的数据分析能力，能基于数据驱动产品决策。

工作方式
1.强用户导向：产品经理不是闭门写需求，而是要深入真实场景，把用户的痛点真正听清楚、想明白。
2.强闭环推进：需求不是提完就结束，而是要追踪到研发落地、追踪到产品跑通、追踪到用户满意。
3.强跨团队协同：你是连接市场与研发的核心桥梁，需要在工程团队之间高频博弈，推动产品从想法变成可交付的成熟产品。
4.我们希望你年轻、有冲劲、对机器人行业充满热情，愿意和团队一起把前沿技术打磨成真正打动用户的产品。",数据采集 市场调研 竞品分析 技术方案 产品规划 数据分析,https://www.liepin.com/job/1982993913.shtml
硬件产品经理,矽递科技,20-30k,深圳-南山区,深圳,学生可投,2年以下,90天前更新,liepin,"【AIOT硬件产品业务介绍】
      我们团队已经具有成熟的智能网关及传感器产品，涵盖从便于开发者快速验证概念的模块产品，到为系统集成商设计的开箱即用设备。主要涉及环境监测、定位追踪、无线采集和传输、工业传感器、AIoT创新硬件等多个品类。
      如果你心中有对技术改变世界的梦想，有兴趣探索传感器技术和AI硬件的领域，别犹豫，快来加入我们的探险队伍吧，一起来玩吧！


【岗位职责】
1.负责市场调研，尤其是海外市场，深挖需求，商业论证，行业分析，竞品分析，找到机会点；
2.做产品定位，细分产品区域市场，定义roadmap，并规划产品矩阵迎合市场需求；
3.负责编写产品需求书，定义产品形态、功能、包装、成本、指标；
4.负责产品开发过程中的平衡取舍，验收产品功能；
5.管理产品生命周期：驱动产品升级、替换、退市等生命周期行为；
6.和市场销售部分一起制定产品上市计划，定价，需要管理产品业绩和利润。
    
【任职资格】
1.本科及以上学历，电子、物联网、通信或者工业设计等交叉领域新工科背景，英语作为工作语言；
2.两年以上AIOT、智能硬件行业工作经验，熟悉海外市场，熟悉产品生命周期管理，能够从概念到市场推出完整的产品开发流程；
3.熟悉主流的嵌入式开发平台如esp32、arduino、stm32等，熟悉产品开发过程，有成功的智能硬件从0-1的落地产品经验；
4.热爱产品，勤于动手，思维活跃，对科技有敏锐洞察力。
   
【加分项】
1.开源社区资深用户，热衷动手创造、交流分享；
2.具有LoRa，GPS定位器，物联网传感器，网关、智能家居相关产品等经验；
3.海外留学或者工作背景，熟悉海外科技生态。

加分项
有以下行业经验：物联网·通信/网络设备·计算机硬件",STM32 GPS 市场调研 竞品分析,https://www.liepin.com/job/1977771451.shtml
硬件产品经理,拓维信息,7-10k·13薪,长沙-岳麓区,长沙,学生可投,1-3年,6月18日更新,liepin,"岗位职责：
1、协助产品经理收集和分析服务器、边端侧硬件（如服务器、边缘计算盒子等）的市场趋势、竞品动态和用户反馈；
2、参与市场需求调研，撰写产品需求文档（PRD），定义产品功能、性能指标等；
3、参与市场项目对接，根据用户需求整理并输出产品需求技术文档；
4、负责撰写和维护更新产品相关的技术文档、市场营销和培训文档；
5、参与产品项目管理，负者产品成本管控、成本利润分析；

岗位要求：
1、本科以上学历（24届/25届/26届），计算机科学、电子信息工程、自动化、人工智能、物联网工程等相关专业；
2、拥有良好的文字功底和文案撰写能力，领悟力高、思路清晰、逻辑性强；
3、了解计算机设备、AI芯片的基本概念，对AI硬件有基础认知；
4、关注AI、芯片、物联网等领域的最新动态，对未来技术发展有自己的见解和热情；",技术文档 培训 项目管理 PRD,https://www.liepin.com/job/1983557593.shtml
硬件产品经理,快仓智能,25-40k,上海-宝山区,上海,学生可投,经验不限,90天前更新,liepin,"岗位职责
1、AGV硬件产品创新与设计、产品定义与价值分析、竞品分析与产品改善
2、追踪产品研发测试进度、确定硬件验收标准、产品验收与发布、产品使用问题收集与分析；
3、维护和管理产品清单
4、维护和管理产品规格书、使用说明书、备品清单等硬件产品资料
5、维护和管理产品使用工况、能力、详细性能参数
6、维护和管理产品认证资料与产品投放地区
7、分析竞对产品、提炼产品卖点、管理控标项
8、面向售前、销售、渠道的培训与答疑

岗位要求
1.有箱式AGV、潜伏AGV、堆垛机、miniload、多穿、高位叉车等产品技术经验；
2.熟练掌握硬件产品设计工具；
3.有智能硬件、工业机器人行业的产品设计经验；
4.善于发现问题，并能提出解决方案，具有强力执行的能力；
5.本科及以上学历，机械、电气、自动化等相关专业；
6.英语可作为工作语言，口语流利；

其他补充：
1.参与机器人产品预研，跟踪主流技术进展、市场需求、产品动态，建立良好的渠道，做好储备；
2.了解工业机器人行业动向，研究分析竞品动态，并提出相应的产品策略；
3.参与产品生命周期，包括产品概念，开发设计，测试验证，新产品导入、发布、售后等工作；
4.管理用户和公司内部的业务需求，对产品进行需求分析和产品定义；
5.负责产品部署交付全过程跟踪优化和运营数据收集提炼整理，持续推进产品优化。",竞品分析 培训 产品设计 需求分析,https://www.liepin.com/job/1978390653.shtml
硬件产品经理,烟台睿创微纳技术股份有限公司,15-25k,烟台,烟台,学生可投,5年以上,90天前更新,liepin,"岗位职责：
1.根据市场调研反馈进行硬件相关产品需求分析、产品规划、概念定义、功能设计，完成产品设计说明书；
2.了解行业动向，及时准确地研究、分析竞争对手动态，并提出相应的策略，收户需求，制订产品优化方案，实现产品持续优化
3.负责与第三方合作供应商深度沟通，保证产品质量、工厂品控等重要环节和指标
4.搭建并管理团队，提高团队专业能力和工作效率；
5.配合和协助其他部门工作。向市场、客服、外协工厂等相关部门提供技术支持
6.硬件产品的质量管理，包括产品样品测试故障、批量生产故障和市场问题的收集、协调并跟踪问题的解决；
职位要求：
1.本科及以上学历，5年以上硬件产品设计及开发经验,3年以上团队管理经验；
2.熟悉智能摄像头、触控一体机领域产品及供应链，具有相关方案商资源；
3.具备优秀的产品设计方法及文档撰写能力，独立项目实操能力，优秀的项目管理能力，跨团队项目推进能力；
4.具备优秀的沟通协调和商务谈判能力；
5.有汽车后市场行业工作经验优先。",市场调研 需求分析 产品规划 产品设计 技术支持 团队管理 供应链 项目管理 商务谈判,https://www.liepin.com/job/1978205193.shtml
硬件产品经理,创鑫激光,50-70k,深圳-宝安区,深圳,学生可投,经验不限,90天前更新,liepin,"负责手持激光焊系列产品的规划、设计、开发及上市，对产品开发的最终结果负责。
1、擅长光学、结构、硬件、软件的1-2个专业模块（相关专业背景尤佳）；
2、有相关产品（光学、机械、电气、电子设备产品）开发成功经验（从产品规划到上市的全过程，并在市场上取得成功）
3、组织协调、推动及问题解决能力强；
4、有较强的狼性和成就动机，热衷于产品开发、设计及迭代工作；
5、具备丰富的c端智能硬件产品管理经验，具备敏锐的市场需求洞察和判断能力。",产品规划,https://www.liepin.com/job/1979598915.shtml
硬件产品经理,歌尔丹拿科技有限公司,7-13k,潍坊-奎文区,潍坊,学生可投,3年以上,6月23日更新,liepin,"岗位职责
- 音频产品定义与规格制定：负责音频产品线的需求定义与功能规划。撰写硬件产品PRD，明确声学参数（频响曲线、THD、SNR、灵敏度等）、蓝牙规格（编解码器支持、多点连接）、续航与充电等核心规格，并统筹软硬件交互体验（触控/压感/语音唤醒等）的定义。
- 设计-工程协同落地：作为设计与工程团队之间的“翻译官”与粘合剂。参与ID（工业设计）评审，评估CMF（色彩、材料、表面处理）方案对声学腔体、天线性能的影响；参与ME（结构工程）评审，在音质、防水、结构强度之间做出合理取舍与优先级判断。
- 声学与用户体验调优：深度参与产品的主客观音质评价，联合声学工程师制定调音目标，参与听音测试与盲测，确保产品音质风格契合目标用户偏好与品牌调性。将客观测量数据与主观听感反馈转化为可执行的产品改进方案。
- 市场与竞品技术分析：持续追踪音频行业动态，包括蓝牙音频技术（LE Audio、LC3）、空间音频、头部追踪、AI降噪/通话抗噪等前沿方向。定期完成竞品拆解报告（含硬件用料、声学架构、ID设计、交互体验等维度），为产品差异化策略提供输入。
- 全生命周期管理：参与产品从EVT（工程验证）到DVT（设计验证）、PVT（小批量验证）直至MP（量产）的完整开发流程，协调声学、硬件、软件、供应链、品质等团队，识别各阶段关键风险并推动解决，确保项目按时按质交付。
- 用户需求与使用场景研究：深入理解音频产品在运动、通勤、办公、游戏等多元场景下的真实需求，将场景洞察转化为产品功能与体验设计，提升用户满意度与复购率。

任职要求
- 本科及以上学历，声学、电子工程、机械工程、工业设计、物理、音频技术或相关专业优先。
- 3年以上硬件产品相关工作经验（含实习/校招后正式工作），有音频类产品（耳机、音箱、麦克风等）经验者优先。
- 理解音频产品的基本技术原理，包括但不限于：扬声器/动圈/动铁单元类型、ANC/ENC降噪原理、蓝牙编解码器（SBC/AAC/LDAC/LC3）、频响曲线解读等。
- 具备跨学科沟通能力，能理解ID设计师的造型语言与工程团队的结构/电子限制，并在冲突中给出兼顾多方诉求的解决方案。
- 具备良好的文档能力，能清晰撰写硬件PRD、测试用例、竞品拆解报告等技术文档。
- 对产品开发流程（NPI/IPD）有基本认知，了解EVT/DVT/PVT各阶段目标与交付物。
- 面试时请携带过往产品项目案例或作品集（含课程项目、毕业设计、参赛作品、实习产出等）。

加分项
- 对音频产品有真实的热爱与钻研：自己会研究不同耳机/音箱的单元配置、腔体设计、调音风格，甚至拆解过产品来分析内部堆叠与声学结构；对“听感”有自己的判断体系，不盲从参数也不迷信玄学。
- 具备动手能力：能使用基础测试设备（如人工耳、示波器、音频分析仪）进行简单测量，或能使用CAD/SolidWorks等工具进行简单的结构修改与出图，能使用电烙铁进行基础焊接或硬件调试。
- 主动拥抱AI工具：日常使用AI工具（Claude、ChatGPT、Gemini等）辅助竞品调研、文档撰写或数据分析，并能客观评估其能力边界。
- 关注前沿音频技术：对空间音频（Spatial Audio）、头部追踪（Head Tracking）、AI通话降噪、UWB无损传输、骨传导/定向声场等方向保持好奇，并有自己的见解或探索实践。
- 具备“金耳朵”潜质：能分辨不同编解码器、EQ调音方案下的音质差异，或有乐器演奏、录音混音、播客制作等相关经验。
- 具备设计审美：能理解产品造型语言与CMF质感对用户决策的影响，有过工业设计/交互设计相关实践或课程训练。
- 特质：能在“主观听感”与“客观数据”之间灵活切换思维，在信息不全时敢于基于假设做决策并快速验证；能接受量产过程中反复取舍的常态，保持耐心与韧性。",GPT 供应链 测试用例 技术文档 数据分析 THD SNR LE,https://www.liepin.com/job/1983619977.shtml
硬件产品经理,功夫豆科技,8-12k,南京,南京,学生可投,经验不限,5月25日更新,liepin,"岗位职责：
1.根据公司的发展战略与规划，负责公司IOT、车联网等智能硬件产品全过程管理，包括但不限于用户/客户需求、市场调研、竞品分析，产品规划、设计产品功能等工作；
2.负责根据具体应用场景进行相关物联网、北斗产品和技术方案的需求分析，产品/方案规划设计以及落地；
3.调研、选型与整合合适的产品供应商，协调硬件研发，推进与外部资源合作的产品开发、测试、试产和量产进程；
4.把控和推动产品量产相关的供应链、品质管理环节，解决量产中的问题；
5.对市场需求和业务需求进行调研分析，并完成产品设计、流程设计和原型设计，同时输出专利交底文档；
6.定期对竞品进行行业跟踪分析，及时掌握行业动态，提出建设性的产品创意提案；
7.收集用户意见，持续优化产品用户体验，制定产品改进迭代路线。
职位要求：
1.统招本科及以上学历；
2.5年以上工作经验，有物联网、车联网、导航定位终端、测绘产品项目经验，主导过相关产品PRD设计，实际参与过产品的全生命周期管理；
4.熟悉物联网的行业规范，了解MQTT、JTT808.JTT794.NB-IOT，传感器，工业物联网技术等优先；
5.熟悉智能硬件产品的研发、生产流程，熟悉硬件产品设计流程工具，了解结构设计、硬件电路和嵌入式软件的基本设计方法；
6.具备较强的逻辑思维能力、创新能力、数据分析能力和语言表达能力；
7.良好的沟通协调技巧和团队合作意识，善于跨部门组织、沟通和协调资源；
8.对工作充满激情，有高度的责任心和团队协作意识，能在较大压力下保持良好的工作状态。",MQTT 市场调研 竞品分析 产品规划 技术方案 需求分析 供应链 产品设计 原型设计 专利 数据分析,https://www.liepin.com/job/1982850767.shtml
硬件产品经理,进迭时空,15-30k·16薪,珠海-香洲区,珠海,学生可投,经验不限,90天前更新,liepin,"岗位职责：
负责RISC-V笔记本产品线规划及运营，独立完成笔记本产品包定义，指导完成整机系统设计；
负责完成市场需求到产品包需求的转化，并对跟踪研发各个交付节点完成情况；
负责笔记本产品线项目立项及项目日常管理，如市场环境分析、竞争力分析、ROI、风险管控等；
主导产品线相关竞争力分析，负责输出产品市场进攻计划；

岗位要求：
1. 电子信息、通讯、计算机科学或相关领域本科或以上学历；
2. 具备笔记本系统硬件研发经验，熟悉微型计算机原理、x86系统框架等相关知识；
3. 具备较强的团队协作和沟通能力，能够与系统工程师等进行紧密配合；
4. 对新技术和新领域有较强的学习和探索能力，能够快速适应不同的技术和工作场景；
5. 有市场分析、产品规划及运营经验，有芯片技术背景，熟悉芯片或整机产品开发优先；",产品规划 ROI,https://www.liepin.com/job/1959693637.shtml
硬件产品经理,星海钢琴,15-20k·13薪,北京-通州区,北京,学生可投,1-3年,90天前更新,liepin,"1.负责智能乐器硬件产品的开发，从0-1的产品生命周期跟进及管理。
2.市场数据调研，用户人群调研，产品定义过程的跟进；输出产品PRD文档。
 3.跟进ID/MD/手板至量产阶段及软件交互端的交互设计及优化维护。
4.对接ODM/OEM工厂；保障产品落地细节的品质要求。
5.配合研发与供应链部门，对现有产品线的迭代升级与管理。",供应链 MD,https://www.liepin.com/job/1973647329.shtml
硬件产品经理,医准智能,15-35k,北京-海淀区,北京,学生可投,经验不限,90天前更新,liepin,"1、具备超声设备相关产品经验；
2、结合科室需求、消费者洞察及变化趋势，制定产品规划；
3、具备全流程项目管理经验；
4、英语可作为工作语言。
 ",产品规划 项目管理,https://www.liepin.com/job/1969957151.shtml
硬件产品经理,浙江湃启科技有限公司,5-8k,杭州-上城区,杭州,学生可投,经验不限,90天前更新,liepin,"我们正在寻找一位对智能硬件充满热情的实习生，加入我们的产品项目组。作为产品研究员助理，你将协助团队进行市场调研、竞品分析、用户需求挖掘以及产品原型测试，为下一代智能硬件产品的开发提供数据支持和创新建议。主要职责：协助调研智能硬件行业趋势、技术动态及用户需求，整理分析报告；参与竞品分析，对比功能、价格、用户体验等维度，输出结构化结论；配合团队进行用户访谈、问卷设计及数据分析，提炼产品优化方向；协助撰写产品需求文档（PRD）及演示材料；参与产品原型测试，记录反馈并提出改进建议；完成团队交办的其他与研究相关的支持性工作。任职要求学历专业：本科或研究生在读，工业设计、电子工程、计算机科学、心理学、市场营销等相关专业优先；技能要求：对智能硬件（如AI 硬件、IoT设备、可穿戴设备、家居科技等）有浓厚兴趣；具备基础市场调研或数据分析能力，熟练使用Excel/PPT，会Python/SQL者加分；逻辑清晰，擅长信息整理与结构化表达；英语能力良好，能阅读海外科技资讯或行业报告；熟悉常用的AI 工具和软件。加分项：有硬件产品实习、创业项目或用户研究经验；熟悉设计工具（如Figma）、基础电路知识或3D建模。个人特质：好奇心强、学习主动、注重细节，能适应快节奏协作。

我们提供
深入了解智能硬件从研发到市场的全流程；与资深产品团队零距离学习的机会；灵活的工作环境与转正可能性；有竞争力的实习津贴。",Python SQL 市场调研 竞品分析 数据分析 PRD PPT,https://www.liepin.com/job/1975121687.shtml
分析仪器智能硬件产品经理,石化盈科信息技术有限责任公司,15-25k·15薪,北京-大兴区,北京,学生可投,经验不限,90天前更新,liepin,"1、负责分析仪器类新产品行业分析、客户需求调研、市场规模调研、竞品分析等；
2、产品管理：负责分析仪器类产品全生命周期管理，包括市场分析、产品规划、产品投产、质量控制、设备调试、现场部署及技术支持；
3、产品推广：负责配合销售部门开展市场推广，对接客户需求，编制推广方案、市场报价、部署及运维实施方案；
4、产品交付：负责产品按期交付、产品现场调试及项目进度管理
5、产品售后：负责产品售后技术支持，优化升级方案，确保客户满意度；
任职资格：
1.化学工程，化学工艺等相关专业或相关领域；
2.本科及以上学历；
3.了解石油化工生产化工原理、化学反应工程等相关理论知识；
4.具有良好的计划与执行、人际沟通、协调组织能力；工作积极主动，具有高度的责任心，能够承受较强的工作压力.
5.具有水质、油品等相关分析仪器工作经验者优先；
6.适应出差工作。",竞品分析 产品规划 技术支持 市场推广 进度管理,https://www.liepin.com/job/1965301227.shtml
硬件产品经理,江阴旺达电子有限公司,5-7k,无锡-江阴,无锡,学生可投,经验不限,90天前更新,liepin,"1.负责项目从立项、规划到交付的全流程管控，包括制定项目计划、分解目标、监控进度、控制成本与质量，并确保项目按客户要求完成
2.作为客户与内部团队的主要接口，需及时反馈客户的技术、质量或交付问题，组织跨部门会议（如：研发、生产、采购）推动解决方案，并跟踪闭环
3.熟悉电子制造工艺（如PCB组装、电源模块设计），了解LED驱动器/USB充电器的行业优先，有一定的英语沟通能力优先。",采购,https://www.liepin.com/job/1974090871.shtml
硬件产品经理,千岸科技,6-10k·13薪,金华-义乌,金华,学生可投,经验不限,90天前更新,liepin,"1、跟踪和掌握户外品线的欧美市场动态，搜集、筛选欧美热点产品（公司目标市场为欧美市场）；
2、新产品的信息分析、汇总及考察评估，控制新产品的质量风险； 
3、评估、管理和提升供应商的表现，优化供应商组合，以及开发新的供应商； 
4、与销售及采购，客服等部门进行沟通，提炼及挖掘需求，建立稳定的采购渠道，寻找充足的货源，分配库存商品，避免缺货； 
5、及时跟踪所负责产品的市场应用状况，并作出应对，保证产品的可持续发展。

薪资：底薪+提成（看个人能力，不设上限）

职位要求：1、本科以上学历， 英语四级及以上，专业不限（国外学习工作经验、理工科专业优先，应届毕业生也可）。
2、有一定的组织协调能力，熟悉产品开发管理流程，并能灵活运用。 
3、了解和熟悉欧美客户消费习惯，有敏锐的市场洞察力。 
4、性格开朗，正直，有很强的自我约束力，高度的工作热情，良好的团队合作精神；思维灵活且有逻辑性，敏锐的市场分析能力，善于解决各种业务问题。
5、需要本身对电子商务形式比较感兴趣",采购,https://www.liepin.com/job/1967996031.shtml
硬件产品项目经理,杭州九链网络科技有限公司,7-8k,杭州,杭州,学生可投,经验不限,90天前更新,liepin,"岗位职责：
1.硬件产品生产全流程跟进
2.全面管理供应链管制，成本核算和计划核查。
3.负责供应计划管控中心的日常管理。
职位要求：
1.熟悉电子行业的生产流程和原材料的供应渠道；熟悉生产规程以及质量标准。
2.良好的生产经营管理理念，有一定财务与法律知识；
3.具备很强的计划、判断、统筹能力和组织管理能力，有高度责任感。
4.具备优秀的领导、沟通能力、分析能力及决策能力。
5.熟练使用办公软件，具备基本的网络知识。
6.协助生产公司供应计划管控方面的管理决策，参与制定公司发展战略。
7.领导制定中心工作计划。",供应链,https://www.liepin.com/job/1948445695.shtml
硬件产品经理,涂鸦智能,15-30k·15薪,杭州,杭州,学生可投,经验不限,90天前更新,liepin,"岗位职责
1、负责智能硬件产品设计和规划，落地需求;
2、了解分析全球市场趋向，提炼规划优势竞争力产品方案；
3、跟踪掌握行业发展趋势及竞品情况，进行数据的整理、分析和挖掘以及竞品的剖析；
4、负责产品的软硬件的设计、开发、测试、试产和量产等过程监控及有效推进;
5、支持业务市场推广，负责产品上线跟踪分析，制定产品迭代优化创新计划，并对业绩负责。

任职资格
1、具有丰富的智能硬件产品工作经验，至少主导过1-2款产品的从立项研发到发布的过程;
2、懂产品懂业务，具有红外/射频类产品的落地推广经验优先; 
3、熟悉智能遥控器/sub-1G小无线产品行业，了解国内外行业产品最新发展趋势，有全球市场产品经验优先;
4、产品感觉敏锐，有创新意识，关注细节，苛求完美，具备良好的对内对外沟通能力，协作能力，且抗压能力强；
5、对户外、智慧农业及智能家居等行业领域或其中之一有一定了解。",产品设计 市场推广 产品迭代,https://www.liepin.com/job/1936278493.shtml
硬件产品经理,浙江爱客智能科技有限责任公司,20-35k,杭州-上城区,杭州,学历不限,经验不限,90天前更新,liepin,"岗位职责：
1、	收集、整理业务需求，开展可行性分析，输出需求文档；
2、	收集与分析竞争产品、行业产品、用户体验等相关信息，不断挖掘创新点；
3、	负责产品生命周期管理，分析客户行业需求和趋势，挖掘用户需求，制定产品发展战略；
4、	确立产品的阶段目标、把控开发流程、协调供应链和友商合作进度、分析运营数据和制定改进方案。

任职要求：
1、	大学本科以上学历，理工科背景；
2、	熟悉智能终端或新能源方向系列产品，熟悉硬件，有同行业相关经验；
3、	具备产品策划能力、逻辑分析能力和文档能力。

有两个产品经理职位：分别是智能硬件方向和新能源方向。",供应链,https://www.liepin.com/job/1968050261.shtml
