job_name,company_name,salary,work_area,city,education,work_year,issue_date,source,skill_requirements,tech_tags,job_url
Data Analyst Intern,大众汽车(安徽)数字化销售服务有限公司,150-180元/天,合肥-包河区,合肥,本科,,90天前更新,liepin,"Position: Data Analyst Intern
Division/Department: CDO  Data service/AI center    
 Location: Hefei 
Main goals and objectives:
Assist in Data service/AI center team for data analysis and projects management.
Your Responsibilities:
	Support the project manager in various tasks related to data analysis, project coordination and process management.
	Internal management of projects: Assist in building, operation and maintenance systems.
	Follow up, produce and clean data for related projects.
	Consolidate and preparation of daily and weekly reports.
	Assist in building data analysis dashboards for BUs.
	Team assistant and meeting organization.
Our Requirements:
	Currently enrolled in a Master/Bachelor program with a focus on Statistics, Mathematics, Business Management, Automotive, German/English or related field.
	Ability to multi-task and work effectively in a fast-paced environment.
	Excellent organizational skills and attention to detail.
	Strong analytical and problem-solving abilities
	Good English skills (German is a plus)
	Proficient in Microsoft office software, especially in Excel and PowerPoint.
	Proficient in Python, R, SQL is a plus.

What we offer:
	Strong brands, excellent products and image
	Good management, team work, open communication & feedback
	Official internship certification
	Professional career development & qualification
	International working environment & global network
	Attractive work, health programs & work-life balance
 

. .	Join us and become a part of the Volkswagen Family - We are looking forward to welcome you on board!

Please send your application in English to: shi.************************.cn with subject “channel name (where you find this job posting) - applicant name - current company - current position- applied position”. 



招聘人数：1人",Go ROS Python SQL CAN Data Analyst Intern,https://www.liepin.com/lptjob/64459617
Data Analyst Intern,布雷博(南京)制动系统有限公司,150元/天,上海-静安区,上海,本科,,7月30日更新,liepin,"Key Responsibilities
•	Structure and organize data using knowledge frameworks.
•	Maintain data reports and visualization dashboards, providing automated monitoring solutions.
•	Support various business departments with data statistics and analytical support.
•	Assist analysts in data construction, attribution summary, and efficiency improvement tasks.
Requirements
•	Familiarity with Python, or Excel VBA is preferred.
•	Experience with data visualization tools such as QuickBI is a plus.
•	Agile thinking, clear logic, attention to detail, and a responsible work attitude.
•	Strong communication, self-learning, and teamwork abilities.
•	Preferred majors: Statistics, Computer Science, or related fields (Bachelor’s degree or above preferred)
Additional Insights from Related Roles
•	Deep dive into business data to extract valuable information for decision-making.
•	Design and implement data analysis projects, including data collection, cleaning, transformation, modeling, and analysis.
•	Use statistical methods, data mining, and machine learning algorithms to uncover patterns and trends.
•	Proficiency in data analysis tools (Python, SQL) and visualization tools (Power BI) is highly valued.
•	Prepare clear and accurate data analysis reports for non-technical stakeholders.

截止日期：2027年02月01日
招聘人数：1人",Python Go SQL Key Responsibilities Structure Maintain Assist,https://www.liepin.com/lptjob/79689063
行业数据分析师,苏州数链纵横信息科技有限公司,180-250元/天,苏州-姑苏区,苏州,本科,,90天前更新,liepin,"1、招聘兼职/全职产业数据分析师，可以远程办公

2、产业数据分析师分为初级、中级、高级。
     初级产业数据分析师负责搜集行业、公司等公开、合法信息，分析后形成产业条目，录入系统
     中级产业数据分析师负责审核录入信息，并定期参与行业研究项目
     高级产业数据分析师负责组织行业研究项目展开，并通过实地调研，不定展开重点行业研究项目

3、初级产业数据分析师平均月薪3000-5000元
     中级产业数据分析师平均月薪7000-9000元
     高级产业数据分析师平均月薪13000-15000元，
     高级产业数据分析师有绩效工资、激励机制，薪酬税前25万起，上不封顶

4、由于后续产业分析难度较大
     因此要求最好有行业研究经验
   

5、要求本科学历，在校学生也可。
     实习期间表现优秀的，可毕业后签订劳动合同入职
     远程兼职/实习岗位仅开放初、中级产业数据分析师，高级产业数据分析师仅对全职工作人员开放。

招聘人数：10人",数据分析,https://www.liepin.com/lptjob/78780265
电力数据分析师,北京序辰科技有限公司,6-10k,西安,西安,本科,应届,6月17日更新,liepin,"
电力数据分析师（应届生培养岗）

工作地点：西安市
薪资范围：6000-10000元/月
学历要求：统招本科及以上
经验要求：应届生可投，无行业经验要求
【岗位亮点】

✅ 纯技术数据岗，无销售/业绩压力
✅ 数学、统计、计算机专业高度对口
✅ 公司提供系统化带薪培训，带你快速上手
✅ 稳定赛道+透明晋升，越做越有价值
【岗位职责】

1. 负责电力市场相关数据（电价、负荷、电量等）的日常整理、清洗、校验与统计复盘，搭建标准化数据台账。

2. 运用统计学方法、数据分析工具，对电价趋势、峰谷价差、用户负荷进行建模分析与预判，输出专业分析报告。

3. 协助业务团队完成中长期电量匹配、交易数据校验、结算数据核对等支撑性工作。

4. 跟踪电力市场政策与规则更新，协助迭代数据分析模型，优化业务决策依据。

5. 负责日常数据报表制作、数据可视化呈现，为业务团队提供数据支持。
【任职要求】

1. 统招本科及以上应届生，数学、应用数学、统计学、大数据、计算机、数据科学等相关专业。

2. 对数字敏感，逻辑思维清晰，具备良好的数据分析、趋势复盘与数理建模潜力。

3. 熟练使用Excel函数、数据透视表，掌握Python、SQL或其他数据分析工具者优先。

4. 工作认真细致、责任心强，愿意长期深耕电力能源行业。

5. 无需电力行业经验，公司提供完整的岗前培训与业务带教。
【薪资福利】

1. 试用期：3个月，固定薪资3000元/月（带薪学习，无业绩压力）

2. 转正薪资：综合薪资6000-10000元/月（由底薪+绩效构成）

3. 业务激励：根据数据分析成果、模型优化贡献，发放项目奖金/绩效提成，上不封顶

4. 福利保障：入职缴纳北京五险一金、年终奖、节日福利、定期团建、完善的晋升体系
【晋升路径】

数据分析师 → 高级数据分析师 → 数据策略专员 → 业务负责人



截止日期：2027年05月19日
招聘人数：5人",Python SQL 数据分析 培训,https://www.liepin.com/lptjob/82659125
数据分析师实习生,中云开源数据技术(上海)有限公司,120000元/月,上海-浦东新区,上海,学历不限,,90天前更新,liepin,"职责描述：
1.根据公司及部门的实际业务要求，进行相关互联网开放数据的收集、整理、分类等。
2.协助公司数据分析师完成相关数据的处理、分析、可视化以及数据分析报告的撰写。

任职要求：
1.工作态度积极主动，并有良好的沟通能力；
2.思维严谨，有较好的写作能力优先考虑；
3.可以熟练使用Excel等办公软件优先考虑；
4.会使用python语言的优先考虑；
5.表现优秀者可留用。

招聘人数：1人",Python 数据分析,https://www.liepin.com/lptjob/23304859
【2027校招】-AI增强型数据分析师,同道猎聘集团,18-22k·15薪,北京,北京,本科,应届,7月1日更新,liepin,"【岗位定位】
不是 ＂SQL Boy/Girl＂，而是 ＂AI Native 数据分析师＂。我们不要求你有丰富的业务经验，但希望你带着好奇心和对 AI 工具的天然亲近感，和我们一起释放数据价值。

【核心职责】
1. 数据产品化交付（占比 40%）：在导师指导下参与 BI 看板搭建与指标体系设计，学习并参与数据口径对齐与标准化工作，协助维护和优化现有数据产品。
2. AI 工具应用与提效（占比 30%）：主动探索 AI 工具在数据分析场景中的应用，尝试用 AI 加速分析流程，沉淀可复用的分析方法论，关注 AI 前沿动态，将新技术引入团队工作流。
3. 专题研究与策略支持（占比 30%）：在导师带领下参与业务专题分析，学习从数据中提炼洞察，逐步形成自己的分析框架，参与客户画像、业务诊断等分析项目。

【硬性要求】
技术基础：
1. SQL 基础扎实，熟练运用多表关联、子查询、窗口函数
2. 了解至少一种 BI 工具（Tableau / PowerBI / FineBI 等），有课程项目或竞赛经验即可
3. 了解 Python 基础（数据处理、简单 API 调用），有实际使用经验
AI能力：
1. AI Native：日常使用 AI 工具辅助学习和工作，不是＂听说过＂而是＂离不开＂
2. 理解 Prompt Engineering 基本逻辑，能写出高质量的 Skill、Agent
3. 对 AI 工具有探索热情，不满足于＂能用＂，追求＂用好＂

【软性素质】
思维能力：
1. 好奇心驱动：对数据背后的业务逻辑有天然的好奇，不满足于 ＂数据长什么样＂，更想知道 ＂数据为什么长这样＂
2. 第一性原理思考：不只是执行，而是理解 ＂为什么要做这个分析＂
3. 批判性思维：敢于质疑数据的合理性，主动发现异常和口径问题
工作方式：
1. 自驱力：主动学习，不等待被安排。看到问题就想解决，看到工具就想尝试
2. 成长型心态：不害怕犯错，且能从错误中快速学习
3. 交付质量：对自己的产出有要求，追求 ＂拿得出手＂ 的交付标准
4. 协作能力：愿意沟通，能清晰表达自己的分析思路

【加分项】
1. 有 AI + 数据分析的实践尝试：例如用 AI 辅助完成课程项目、竞赛分析、个人 side project，能说出AI在哪个环节帮到了你
2. 有数据相关的项目 / 竞赛经历：Kaggle、数学建模、数据分析竞赛等，不要求名次，但希望你能讲清楚分析思路
3. 有技术广度意识：了解数仓基本概念，对数据工程、数据产品有兴趣
4. 对招聘/HR Tech行业有兴趣：不是必须，但如果你对这个赛道有认知和热情，会很加分

截止日期：2026年08月31日
招聘人数：1人

职位来源：该职位来自第三方企业官网",SQL Python Gin 数据分析 Boy Girl AI Native,https://www.liepin.com/lptjob/83836331
数据分析师实习生,上海墨非信息技术有限公司,100-200元/天,上海-徐汇区,上海,本科,,90天前更新,liepin,"岗位职责:
1.参与数据分析师对线下建模过程进行分析
2.参与线上对linux实时服务器进行业务跟进
3.将分析师分析过程与线上java业务相结合
职位要求：
1.本科及以上学历
2.具有一定python基础
3.具有一定数学建模功底基础
3.对机器学习、大数据分析有一定兴趣
4.具备良好的沟通能力和团队合作能力
5.薪资面议

招聘人数：1人",Linux Java Python 机器学习 数据分析,https://www.liepin.com/lptjob/53885375
27届校招-数据分析师(J14409),合合信息,12-17k·16薪,上海-静安区,上海,本科,应届,7月28日更新,liepin,"职责描述：
1.负责启信宝核心业务指标体系建设与数据治理，梳理核心业务数据流，统一指标口径定义；
2.开展版本迭代分析、AB 实验效果评估与核心指标异动归因，独立完成核心链路的归因拆解，协同业务方输出落地优化方案；
3.围绕产品功能、用户增长、留存转化、客户生命周期、客户价值分层等方向开展专题诊断分析，结合启信宝业务特性输出高价值洞察结论，推动产品与运营策略优化落地；
4.沉淀标准化业务报表与可视化数据看板，覆盖产品、运营、商业化等核心场景，提升团队数据自助查询效率与决策效率；
5.参与产品埋点体系梳理与方案落地，保障用户行为数据采集的完整性、一致性与准确性，支撑后续数据分析需求。
任职要求：
1.2027届本科及以上学历，数据科学、统计学、数学、计算机、大数据等相关专业优先，数理基础扎实，具备良好的数据敏感度与逻辑分析能力；
2.精通 SQL；熟练使用 Excel、PPT、Python、Tableau、FineBI 等数据分析与可视化工具；
3.数据分析基本功扎实，熟悉主流分析模型（漏斗、归因、留存、分群、AB 实验等），有数据驱动业务提升的成功案例者优先；
4.自驱力强，逻辑清晰，沟通顺畅，能独立负责完整分析项目；
5.能熟练借助 AI 工具提升数据分析与数据治理效率者优先。

截止日期：2026年10月31日
招聘人数：1人",SQL Python 数据治理 数据采集 数据分析 AB Excel PPT,https://www.liepin.com/lptjob/84438169
期货数据分析师,晋江和铭资产管理有限公司,8-10k,上海-青浦区,上海,本科,应届,今日更新,liepin,"岗位职责：
1、期货行业数据的分析整理，了解和掌握行业基本知识；
2、配合投资经理研发新的策略；
3、对现有的策略和基本面点位数据，进行编程跟踪 。

 任职要求：
1、2026届本硕应届毕业生，数理统计或计算机编程相关专业；
2、有较好的编程能力，掌握Python、MySQL等编程工具。

本岗位归属于母集团供应链板块的上海期货团队【融汇通供应链】，投资方向覆盖石油化工、煤炭、轻烃等大宗商品。

截止日期：2027年07月27日
招聘人数：1人",Python MySQL 供应链,https://www.liepin.com/lptjob/84434467
拼多多出海电商/PDD-数据分析师,拼多多集团-PDD,25-50k·16薪,上海-长宁区,上海,本科,应届,7月21日更新,liepin,"岗位职责
1、分析业务数据，通过深度挖掘数据，帮助各部门发现、分析和解决问题、优化产品需求；
2、监控和跟踪数据异常波动情况，进行探索分析和问题定位；
3、设计实验方案，评估业务策略的效果，提出改进建议；
4、负责业务相关日常报表的整理分析，对业务进行阶段性总结归纳；
5、深入理解业务，发现业务特征和潜在机会给出有效的行动建议。

任职要求
1、2027届毕业生，本科及以上学历，计算机/数学/统计学等相关专业，热爱计算机科学和互联网技术；
2、熟练使用 sql/python 语言等，掌握数理统计、数据挖掘等常用理论知识；
3、对分析感兴趣，喜欢从数据中发现规律，探索本质；
4、对 Hadoop，Spark 的原理熟练掌握，并有一定的使用经验者优先；
5、善于沟通，逻辑思维能力较强，善于学习新知识。


具体薪资需要面试后洽谈

截止日期：2027年07月15日
招聘人数：10人",SQL Python Hadoop Spark,https://www.liepin.com/lptjob/84288191
【福利待遇好】数据分析师-拼多多集团27提前批,拼多多集团-PDD,20-40k·16薪,上海-长宁区,上海,本科,应届,7月17日更新,liepin,"【岗位职责】
1、分析业务数据，通过深度挖掘数据，帮助各部门发现、分析和解决问题、优化产品需求；
2、监控和跟踪数据异常波动情况，进行探索分析和问题定位；
3、设计实验方案，评估业务策略的效果，提出改进建议；
4、负责业务相关日常报表的整理分析，对业务进行阶段性总结归纳；
5、深入理解业务，发现业务特征和潜在机会给出有效的行动建议。
【任职要求】
1、2027届毕业生，本科及以上学历，计算机/数学/统计学等相关专业，热爱计算机科学和互联网技术；
2、熟练使用 sql/python 语言等，掌握数理统计、数据挖掘等常用理论知识；
3、对分析感兴趣，喜欢从数据中发现规律，探索本质；
4、对 Hadoop，Spark 的原理熟练掌握，并有一定的使用经验者优先；
5、善于沟通，逻辑思维能力较强，善于学习新知识。
简历投递

截止日期：2027年07月17日
招聘人数：999人",SQL Python Hadoop Spark,https://www.liepin.com/lptjob/84209969
数据分析师（2027届校招）,拼多多集团-PDD,18-40k,上海-长宁区,上海,本科,应届,7月8日更新,liepin,"岗位职责
1、分析业务数据，通过深度挖掘数据，帮助各部门发现、分析和解决问题、优化产品需求；
2、监控和跟踪数据异常波动情况，进行探索分析和问题定位；
3、设计实验方案，评估业务策略的效果，提出改进建议；
4、负责业务相关日常报表的整理分析，对业务进行阶段性总结归纳；
5、深入理解业务，发现业务特征和潜在机会给出有效的行动建议。
任职要求
1、2027届毕业生，本科及以上学历，计算机/数学/统计学等相关专业，热爱计算机科学和互联网技术；
2、熟练使用 sql/python 语言等，掌握数理统计、数据挖掘等常用理论知识；
3、对分析感兴趣，喜欢从数据中发现规律，探索本质；
4、对 Hadoop，Spark 的原理熟练掌握，并有一定的使用经验者优先；
5、善于沟通，逻辑思维能力较强，善于学习新知识。

截止日期：2027年04月30日
招聘人数：999人",SQL Python Hadoop Spark,https://www.liepin.com/lptjob/83992369
数据分析师（27届提前批）,拼多多集团-PDD,20-40k·16薪,上海-长宁区,上海,本科,应届,7月26日更新,liepin,"27届研发提前批招聘中！不影响秋招正式批投递

互联网大厂，具有竞争力的起薪，HC多，流程推进速度快，项目实践机会多！

【岗位职责】
1、分析业务数据，通过深度挖掘数据，帮助各部门发现、分析和解决问题、优化产品需求；
2、监控和跟踪数据异常波动情况，进行探索分析和问题定位；
3、设计实验方案，评估业务策略的效果，提出改进建议；
4、负责业务相关日常报表的整理分析，对业务进行阶段性总结归纳；
5、深入理解业务，发现业务特征和潜在机会给出有效的行动建议。

【任职要求】
1、2027届毕业生，本科及以上学历，计算机/数学/统计学等相关专业，热爱计算机科学和互联网技术；
2、熟练使用 sql/python 语言等，掌握数理统计、数据挖掘等常用理论知识；
3、对分析感兴趣，喜欢从数据中发现规律，探索本质；
4、对 Hadoop，Spark 的原理熟练掌握，并有一定的使用经验者优先；
5、善于沟通，逻辑思维能力较强，善于学习新知识。

截止日期：2027年07月06日
招聘人数：100人",SQL Python Hadoop Spark,https://www.liepin.com/lptjob/83924635
数据分析师（谷歌出海）,互联网融资未公开50-99人,10-15k·15薪,深圳-南山区,深圳,硕士,应届,6月8日更新,liepin,"岗位职责：
1、参与企业出海业务的数据体系建设，协助搭建用户行为、营销转化及业务经营相关指标体系，推动数据标准化与分析体系完善；
2、基于 GA4、GTM 等工具搭建用户行为与营销数据监测体系，参与网站 / APP / 小程序等业务场景的数据埋点方案设计（Tracking Plan）、数据采集及数据质量验证工作；
3、
通过 GA4、Data Studio、 GMP等工具完成数据提取、分析及可视化看板搭建，对用户行为路径、转化漏斗、营销效果及关键数据波动进行分析，能够从数据层面进行问题归因与业务拆解，并输出业务优化建议；
4、参与数据项目交付、分析报告输出及跨团队沟通协作，推动数据分析结果在实际业务中的落地应用；
5、持续关注海外营销、用户增长、数据分析及 AI 工具等方向的发展，不断优化分析方法与工作流程，提升数据分析效率与业务支持能力。

 任职要求：
1、硕士及以上学历，统计学、商业分析、市场营销等相关专业优先；
2、具备一定的数据分析基础，熟悉 SQL / Python 等数据处理工具，有 GA4、Google Tag Manager、Looker Studio 等相关经验优先；
3、英语能力优秀，具备良好的英文读写与沟通能力，能够独立阅读英文文档、参与海外业务沟通，另懂粤语者优先；
4、对互联网产品、用户行为分析、数字营销或海外增长方向有浓厚兴趣，对数据变化具备敏感度，并能够从业务角度理解问题；
5、具备较强的逻辑思维能力，能够对异常数据、转化波动或营销结果进行归因分析与问题拆解；
6、具备较强的自驱力与学习能力，能够主动发现问题、推动问题解决，不依赖长期手把手培养；
7、能够适应较快节奏与一定工作压力，责任心强，执行力好，有良好的跨团队沟通能力。

我们希望你是这样的人：
* 不只是“看数据”，而是愿意通过数据理解业务、解决业务问题；
* 有自己的思考和判断，愿意主动学习新工具、新方法；
* 面对问题能够主动推进，而不是等待安排；
* 希望在数据分析、海外增长、营销分析方向长期发展。

截止日期：2027年06月08日
招聘人数：1人",SQL Python Go 方案设计 数据采集 数据分析,https://www.liepin.com/lptjob/83243791
初级数据分析师,济南盈德智诚信息技术有限公司,4-6k,济南-市中区,济南,本科,应届,6月4日更新,liepin,"1.能够基于历史数据分析得到数据运行的规律和影响因素，对未来的发展趋势进行预测，为客户提供合理建议;
2.配合公司开展业务需求分析，通过走访、***检索、人工智能大模型等方式编制专题分析报告
3.协助完成数据整理、分析与利用，及时为客户提供支持方面的工作;
4.领导安排的其他工作。

截止日期：2027年06月04日
招聘人数：2人",大模型 数据分析 需求分析,https://www.liepin.com/lptjob/83143829
数据分析师-校招 / 实习转正（--J14768）,电子商务D轮及以上2000-5000人,10-15k,北京-海淀区,北京,本科,应届,90天前更新,liepin,"职责描述：
【公司亮点】
1、业务定位：专注ToB业务，以云计算SaaS模式，提供电商ERP、WMS等一体化智能零售解决方案，助力零售企业数字化升级、提升运营效率。
2、规模布局：2011 年成立，员工3000 人，130 + 网点覆盖 400 + 城市及海外；对接 400 + 平台，融资超 4.52 亿美元，创国内 SaaS 行业单笔融资纪录。
3、行业实力：服务 70 万 + 电商企业，含 80 + 世界 500 强、500 + 上市公司；连续 5 年胡润独角兽，市场份额庞大，获多项行业荣誉。

【岗位亮点】
1、业务实战：参与电商企业级软件核心业务，直面日处理 1.38 亿单的真实业务场景，在高价值、高复杂度业务中快速沉淀 ToB 产品、运营与数据综合能力。
2、学习成长：拥有系统化学习体系与 1V1 导师带教，定制阶梯式学习计划，搭配高潜培养与开放交流环境，助力快速成长、学以致用。
3、发展空间：晋升标准清晰，每年 2 次晋升窗口，提供专业与管理双路径；支持转岗轮岗，新人 1–1.5 年可晋升，发展透明高效。
4、福利保障：提供完善福利，为符合条件人才提供北京落户支持；设有长期激励与破格晋升机制，实现付出与回报同频，个人与公司共同成长。

【岗位职责】
1、开展电商业务相关的行业研究，了解市场发展趋势，判断未来发展方向。
2、通过数据分析支持业务发展，发现增长点，为业务、数据、产品提供深度洞见，帮助核心业务增长。
3、有机会转岗产品经理发展。
任职要求：
1、数学/统计类专业，对数据相关工作有充分的好奇心与钻研欲望，有一定数据分析基础，熟悉SQL、Python、R等统计软件优先，校招/实习均有hc。
2、逻辑思维缜密，擅长将复杂问题结构化，有足够的数据敏感性。
3、独立思考能力强，有独到业务见解者加分。
4、对互联网行业有热情，有商业分析、数据分析等实习经验者优先。

截止日期：2027年03月31日
招聘人数：1人",SQL Python 数据分析 SaaS ToB,https://www.liepin.com/lptjob/81386955
数据分析师-校招 / 实习转正（J14768）,电子商务D轮及以上2000-5000人,10-15k,北京-海淀区,北京,本科,应届,90天前更新,liepin,"【公司亮点】
1、业务定位：专注ToB业务，以云计算SaaS模式，提供电商ERP、WMS等一体化智能零售解决方案，助力零售企业数字化升级、提升运营效率。
2、规模布局：2011 年成立，员工3000 人，130 + 网点覆盖 400 + 城市及海外；对接 400 + 平台，融资超 4.52 亿美元，创国内 SaaS 行业单笔融资纪录。
3、行业实力：服务 70 万 + 电商企业，含 80 + 世界 500 强、500 + 上市公司；连续 5 年胡润独角兽，市场份额庞大，获多项行业荣誉。

【岗位亮点】
1、业务实战：深度参与电商企业级软件核心业务，直面日处理 1.38 亿单、支撑 1/3 线上交易履约的真实场景，在高复杂度、高价值业务中快速沉淀 ToB 产品、设计、运营与数据综合能力。
2、发展空间：晋升标准清晰量化，每年2次高频晋升窗口，提供专业与管理双发展路径；从基层、中层到高层管理者、专业专家，发展机会充足，年度新干部晋升率达40%，发展灵活透明。

【岗位职责】
1、承接各部门数据获取需求，通过SQL提取数据。
2、使用BI工具搭建可视化数据报表。
3、日常数据治理，提升公司数据质量。
4、梳理业务指标，不断丰富公司指标体系。

【岗位要求】
1、本科学历及以上，计算机、统计、数学、理工相关专业优先。
2、1-3年数据分析处理相关经验，接受优秀应届生。
3、熟练使用Excel、Word、PPT等办公软件，能够使用SQL语言进行基本查询。
4、热爱数据，对数据产品有较强的理解和认识，较强的逻辑思考能力和归纳总结能力。

 

截止日期：2027年02月13日
招聘人数：1人",SQL 数据治理 数据分析 SaaS ToB Word,https://www.liepin.com/lptjob/80330967
数据分析师-校招 / 实习转正（J14768）,电子商务D轮及以上2000-5000人,10-15k,北京-海淀区,北京,本科,应届,7月30日更新,liepin,"【公司亮点】
1、业务定位：专注ToB业务，以云计算SaaS模式，提供电商ERP、WMS等一体化智能零售解决方案，助力零售企业数字化升级、提升运营效率。
2、规模布局：2011 年成立，员工3000 人，130 + 网点覆盖 400 + 城市及海外；对接 400 + 平台，融资超 4.52 亿美元，创国内 SaaS 行业单笔融资纪录。
3、行业实力：服务 70 万 + 电商企业，含 80 + 世界 500 强、500 + 上市公司；连续 5 年胡润独角兽，市场份额庞大，获多项行业荣誉。

【岗位亮点】
1、业务实战：参与电商企业级软件核心业务，直面日处理 1.38 亿单的真实业务场景，在高价值、高复杂度业务中快速沉淀 ToB 产品、运营与数据综合能力。
2、学习成长：拥有系统化学习体系与 1V1 导师带教，定制阶梯式学习计划，搭配高潜培养与开放交流环境，助力快速成长、学以致用。
3、发展空间：晋升标准清晰，每年 2 次晋升窗口，提供专业与管理双路径；支持转岗轮岗，新人 1–1.5 年可晋升，发展透明高效。
4、福利保障：提供完善福利，为符合条件人才提供北京落户支持；设有长期激励与破格晋升机制，实现付出与回报同频，个人与公司共同成长。

【岗位职责】
1、开展电商业务相关的行业研究，了解市场发展趋势，判断未来发展方向。
2、通过数据分析支持业务发展，发现增长点，为业务、数据、产品提供深度洞见，帮助核心业务增长。
3、有机会转岗产品经理发展。

【岗位要求】
1、数学/统计类专业，对数据相关工作有充分的好奇心与钻研欲望，有一定数据分析基础，熟悉SQL、Python、R等统计软件优先，校招/实习均有hc。
2、逻辑思维缜密，擅长将复杂问题结构化，有足够的数据敏感性。
3、独立思考能力强，有独到业务见解者加分。
4、对互联网行业有热情，有商业分析、数据分析等实习经验者优先。

截止日期：2027年02月12日
招聘人数：1人",SQL Python 数据分析 SaaS ToB,https://www.liepin.com/lptjob/80306047
数据分析师-校招 / 实习转正（J14768）,电子商务D轮及以上2000-5000人,10-15k·13薪,北京-海淀区,北京,本科,应届,7月28日更新,liepin,"【公司亮点】
1、业务定位：专注ToB业务，以云计算SaaS模式，提供电商ERP、WMS等一体化智能零售解决方案，助力零售企业数字化升级、提升运营效率。
2、规模布局：2011 年成立，员工3000 人，130 + 网点覆盖 400 + 城市及海外；对接 400 + 平台，融资超 4.52 亿美元，创国内 SaaS 行业单笔融资纪录。
3、行业实力：服务 70 万 + 电商企业，含 80 + 世界 500 强、500 + 上市公司；连续 5 年胡润独角兽，市场份额庞大，获多项行业荣誉。

【岗位亮点】
1、业务实战：参与电商企业级软件核心业务，直面日处理 1.38 亿单的真实业务场景，在高价值、高复杂度业务中快速沉淀 ToB 产品、运营与数据综合能力。
2、学习成长：拥有系统化学习体系与 1V1 导师带教，定制阶梯式学习计划，搭配高潜培养与开放交流环境，助力快速成长、学以致用。
3、发展空间：晋升标准清晰，每年 2 次晋升窗口，提供专业与管理双路径；支持转岗轮岗，新人 1–1.5 年可晋升，发展透明高效。
4、福利保障：提供完善福利，为符合条件人才提供北京落户支持；设有长期激励与破格晋升机制，实现付出与回报同频，个人与公司共同成长。

【岗位职责】
1、开展电商业务相关的行业研究，了解市场发展趋势，判断未来发展方向。
2、通过数据分析支持业务发展，发现增长点，为业务、数据、产品提供深度洞见，帮助核心业务增长。
3、有机会转岗产品经理发展。

【岗位要求】
1、数学/统计类专业，对数据相关工作有充分的好奇心与钻研欲望，有一定数据分析基础，熟悉SQL、Python、R等统计软件优先，校招/实习均有hc。
2、逻辑思维缜密，擅长将复杂问题结构化，有足够的数据敏感性。
3、独立思考能力强，有独到业务见解者加分。
4、对互联网行业有热情，有商业分析、数据分析等实习经验者优先。

截止日期：2027年02月09日
招聘人数：1人",SQL Python 数据分析 SaaS ToB,https://www.liepin.com/lptjob/80262115
数据分析师-校招 / 实习转正（J14768）,电子商务D轮及以上2000-5000人,10-15k·13薪,北京-海淀区,北京,本科,应届,90天前更新,liepin,"【公司亮点】
1、业务定位：专注ToB业务，以云计算SaaS模式，提供电商ERP、WMS等一体化智能零售解决方案，助力零售企业数字化升级、提升运营效率。
2、规模布局：2011 年成立，员工3000 人，130 + 网点覆盖 400 + 城市及海外；对接 400 + 平台，融资超 4.52 亿美元，创国内 SaaS 行业单笔融资纪录。
3、行业实力：服务 70 万 + 电商企业，含 80 + 世界 500 强、500 + 上市公司；连续 5 年胡润独角兽，市场份额庞大，获多项行业荣誉。

【岗位亮点】
1、业务实战：参与电商企业级软件核心业务，直面日处理 1.38 亿单的真实业务场景，在高价值、高复杂度业务中快速沉淀 ToB 产品、运营与数据综合能力。
2、学习成长：拥有系统化学习体系与 1V1 导师带教，定制阶梯式学习计划，搭配高潜培养与开放交流环境，助力快速成长、学以致用。
3、发展空间：晋升标准清晰，每年 2 次晋升窗口，提供专业与管理双路径；支持转岗轮岗，新人 1–1.5 年可晋升，发展透明高效。
4、福利保障：提供完善福利，为符合条件人才提供北京落户支持；设有长期激励与破格晋升机制，实现付出与回报同频，个人与公司共同成长。

【岗位职责】
1、开展电商业务相关的行业研究，了解市场发展趋势，判断未来发展方向。
2、通过数据分析支持业务发展，发现增长点，为业务、数据、产品提供深度洞见，帮助核心业务增长。
3、有机会转岗产品经理发展。

【岗位要求】
1、数学/统计类专业，对数据相关工作有充分的好奇心与钻研欲望，有一定数据分析基础，熟悉SQL、Python、R等统计软件优先，校招/实习均有hc。
2、逻辑思维缜密，擅长将复杂问题结构化，有足够的数据敏感性。
3、独立思考能力强，有独到业务见解者加分。
4、对互联网行业有热情，有商业分析、数据分析等实习经验者优先。
 

截止日期：2027年02月04日
招聘人数：1人",SQL Python 数据分析 SaaS ToB,https://www.liepin.com/lptjob/80172303
数据分析师-校招 / 实习转正（J14768）,电子商务D轮及以上2000-5000人,10-15k·13薪,北京-海淀区,北京,本科,应届,90天前更新,liepin,"【公司亮点】
1、业务定位：专注ToB业务，以云计算SaaS模式，提供电商ERP、WMS等一体化智能零售解决方案，助力零售企业数字化升级、提升运营效率。
2、规模布局：2011 年成立，员工3000 人，130 + 网点覆盖 400 + 城市及海外；对接 400 + 平台，融资超 4.52 亿美元，创国内 SaaS 行业单笔融资纪录。
3、行业实力：服务 70 万 + 电商企业，含 80 + 世界 500 强、500 + 上市公司；连续 5 年胡润独角兽，市场份额庞大，获多项行业荣誉。

【岗位亮点】
1、业务实战：参与电商企业级软件核心业务，直面日处理 1.38 亿单的真实业务场景，在高价值、高复杂度业务中快速沉淀 ToB 产品、运营与数据综合能力。
2、学习成长：拥有系统化学习体系与 1V1 导师带教，定制阶梯式学习计划，搭配高潜培养与开放交流环境，助力快速成长、学以致用。
3、发展空间：晋升标准清晰，每年 2 次晋升窗口，提供专业与管理双路径；支持转岗轮岗，新人 1–1.5 年可晋升，发展透明高效。
4、福利保障：提供完善福利，为符合条件人才提供北京落户支持；设有长期激励与破格晋升机制，实现付出与回报同频，个人与公司共同成长。

【岗位职责】
1、开展电商业务相关的行业研究，了解市场发展趋势，判断未来发展方向。
2、通过数据分析支持业务发展，发现增长点，为业务、数据、产品提供深度洞见，帮助核心业务增长。
3、有机会转岗产品经理发展。

【岗位要求】
1、数学/统计类专业，对数据相关工作有充分的好奇心与钻研欲望，有一定数据分析基础，熟悉SQL、Python、R等统计软件优先，校招/实习均有hc。
2、逻辑思维缜密，擅长将复杂问题结构化，有足够的数据敏感性。
3、独立思考能力强，有独到业务见解者加分。
4、对互联网行业有热情，有商业分析、数据分析等实习经验者优先。
 

截止日期：2027年02月04日
招聘人数：1人",SQL Python 数据分析 SaaS ToB,https://www.liepin.com/lptjob/80169921
AI数据分析师,北京水木分子生物科技有限公司,150-200元/天,北京-海淀区,北京,本科,,90天前更新,liepin,"岗位职责：
1.负责药品、靶点、疾病、公司、临床、市场、专利等医药数据库的搭建和维护；
2.撰写需求文档、数据处理标准规范等工作所需文件；
3. 分析医药领域相关数据。

任职条件：
1.医药相关专业, 熟悉医药领域常见网站和数据库；
2.具有较强专业英语能力，能够不借助字典阅读英文文献；
3.积极拥抱大模型，熟练使用Kimi、豆包等大模型产品，熟悉python编程者优先；
4.具有团队合作意识，并且学习能力强，对自己负责的工作有强主人翁心态；
5.可以实习3个月以上，每周实习时间不低于20小时；
6.实习薪酬：150-200/天。

招聘人数：1人",大模型 Python 专利,https://www.liepin.com/lptjob/78975241
数据分析师实习生,同道猎聘集团,200元/天,北京-朝阳区,北京,硕士,,90天前更新,liepin,"岗位职责：  
1.负责日常业务数据的收集、清洗与分析，确保数据准确率≥99%  
2.使用SQL/Python完成数据处理、模型搭建，参数调优  
3.协助搭建数据看板，监控核心业务指标波动（如转化率、留存率等）  
4.其他交待的工作

任职要求：  
1.统计学/计算机/数学等相关专业本科及以上学历  
2.掌握SQL基础语法，熟悉Python数据处理库（Pandas/Numpy）  
3.每周到岗≥4天，实习期不少于3个月  
4.具备数据敏感度，逻辑清晰，有数学建模竞赛经验者、数据建模实习经历优先

招聘人数：1人",SQL Python Pandas Numpy,https://www.liepin.com/lptjob/76851093
舆情数据分析师,上海钧正网络科技有限公司,200-250元/天,上海-闵行区,上海,本科,,90天前更新,liepin,"工作内容
1、参与客服部体验、风险舆情类相关问题的分析工作，从中发现问题并参与解决问题。
2、参与客服部体验、风险风险类相关指标的的设计，并参与搭建相关的数据体系。
3、支持各业务部门的数据统计、可视化看板搭建及维护工作。

任职要求
1、本科/研究生在读，计算机、统计、数学相关专业优先。
2、一周至少实习4天，实习期3个月以上。
3、熟悉SQL、Excel等相关分析工具。
4、对数据分析工作有热情，思维灵活，逻辑能力强，善于通过数据分析发现问题。

招聘人数：1人",SQL 数据分析,https://www.liepin.com/lptjob/70690683
大数据分析师（实习）,国研大数据研究院,100-150元/天,北京-东城区,北京,硕士,,90天前更新,liepin,"一、岗位描述：
1、参与执行研究院大数据研究项目，参与项目对接、设计、推进、维护，对接大数据支持技术团队，有效推进数据与研究整合。
2、参与研究院大数据产品开发、迭代升级和推广应用。
3、围绕研究院大数据产品和业务，开展常规性数据分析，参与撰写相关研究报告。

二、任职要求:
1、 数学统计、管理科学与工程、经济学相关硕士及以上学历；
2、较强的数据收集、整理、研究分析和写作能力，具有一定数据清洗、数据挖掘、机器学习、数据分析经验；
3、 具备一定编程能力，熟悉掌握python、R或SQL等一项主流编程语言，最好了解机器学习算法原理，调用深度学习框架；
4、 思维严谨，逻辑性强，踏实细心，具有良好的研究分析能力和文字功底，可独立撰写各种研究分析报告；
5、良好的团队合作精神和沟通能力，性格开朗，工作认真、踏实、责任感强；
6、 每周至少出勤实习3-4天；提供实习证明和实习补贴。

招聘人数：2人",机器学习 Python SQL 深度学习 数据分析,https://www.liepin.com/lptjob/67617315
产业研究数据分析师(实习),成都智库二八六一信息技术有限公司,100-150元/天,成都-高新区,成都,大专,,90天前更新,liepin,"本岗位希望同学见习时间每周保证4天以上工作，每天须8小时，需要尽快入职。

任职要求：

1. 对待工作认真负责，细致踏实，注重细节。

2. 大专、本科及硕士以上学历，专业不限。

岗位职责：

1.产业知识库建设和数据管理。

2.产业知识图谱制作和维护。
 

招聘人数：3人",知识库,https://www.liepin.com/lptjob/66056839
数据分析师（数据模型）,中国经济信息社有限公司,11-13k,北京,北京,硕士,应届,90天前更新,liepin,"岗位职责：
1.根据项目需求，构建数据模型；

2.使用数据分析工具进行数据获取、清洗、挖掘、模型构建、计算与预测；
3.根据数据分析结果，提炼主要观点，撰写数据分析报告；
4.数据可视化图表绘制；
5.参与行业调研，撰写行业研究报告；
6.完成领导交办的其他工作。
任职资格：
1.硕士学术类研究生上及以上学历，数量经济学、统计学相关专业；
   2026年应届毕业生
2.能熟练使用EXCEL、R、SAS、SPSS等统计分析工具；
3.熟悉常用数据挖掘方法和模型；

截止日期：2026年09月24日
招聘人数：1人",数据分析 SAS,https://www.liepin.com/lptjob/65015605
风险数据分析师（实习可留用）,算话信息科技(上海)有限公司,150-200元/天,上海-闵行区,上海,本科,,90天前更新,liepin,"工作内容：
1、 根据业务需求，参与评分卡及其它机器学习模型的数据处理、模型建立、模型评价、模型输出的全流程；
2、 跟踪现有客户审批风险策略效果，分析相关风险指标，并挖掘沉淀风险数据价值，用于现有风险策略迭代优化；
3、 参与风险策略制定，包括准入、反欺诈、信用、催收等策略模块；
4、 对现有客户数据进行提取、清洗、汇总、分析，制定业务所需的报表逻辑，并协助后台部门进行上线落地；

岗位要求：
1、本科及以上学历，统计、金融、数学、理工科专业优先；
2、熟练运用SQL或其他数据库语言，有数据分析经验优先；
3、对数据敏感，具备优秀的逻辑分析和归纳总结能力，善于沟通表达，有较强的团队合作意识；

招聘人数：2人",机器学习 SQL 数据分析,https://www.liepin.com/lptjob/58954649
数据分析师线上实习,南京拓尔思智能系统有限公司,0-50元/天,北京-石景山区,北京,本科,,90天前更新,liepin,"岗位要求：
1、对目标企业所涉及各类营销获客漏斗分析，了解从流量、到获客、到订单转化的流程分析，可撰写出有针对性的活动分析报告；
2、了解金融/政府行业，善于收集、处理并分析相关数据；
3、负责指标数据优化和跟踪分析，对模型的构建和优化进行深度分析并提出解决方案。
任职要求：
1、年级不限、统招本科及以上学历，计算机、统计学、数学、计量经济学、金融学等相关专业；
2、熟悉SAS、SPSS 等统计软件；
3、善于沟通和逻辑表达，能够清晰、准确地表达自己的思路和方法；
4、具有较强的学习能力和分析解决问题的能力；

招聘人数：1人",SPSS,https://www.liepin.com/lptjob/56770171
大数据分析师,通信设备10000人以上,18-30k·16薪,上海,上海,本科,应届,90天前更新,liepin,"通用软件开发工程师、安卓应用软件开发工程师、大数据开发工程师：
【岗位职责】
1、通用软件开发工程师:
从事IT应用层软件、互联网软件、自动化测试工具等的设计开发，从测试能力与测试工具等维度提升旗舰机自动化与智能化测试效率。
2、安卓应用软件开发工程师:
1)参与手机创新业务IDEA定期交流、讨论，根据提炼的IDEA，设计并实现IDEA;
2)从事手机特性系统方案的设计开发工作，完成方案的开发、测试、验证，并落地产品。
3、安卓应用软件开发工程师:
从事安卓/新系统应用层机制研究与用例自动化测试、人因实验APK工具(如表情识别apk等)设计开发工作，深入挖掘各特性应用层问题与根因，提升测试能力与效率。
4、大数据开发工程师:
从事基于大数据的应用场景与用户行为分析工作，通过运用数据挖掘、统计学的理论和方法，对海量数据进行分析并挖掘有价值的信息，以推进产品质量和用户体验改进。

AI工程师
【专业要求】
计算机科学、机器学习、统计学、应用数学等专业;
【岗位意向】
自然语言处理/语音语义、机器学习、计算机视觉、决策推理、推荐搜索;
【岗位职责】
从事旗舰手机智能化测试能力开发工作，基于自然语言处理、机器学习、计算机视觉、决策推理、搜索推荐等技术开展如舆情观点分类、AI自动化打游戏、UI目标检测、版本测试风险预警、海量日志自动化分析挖掘等工作，深入挖掘人工低感知问题，提升智能化测试效率。

招聘人数：1人",机器学习 自然语言处理 计算机视觉 自动化测试,https://www.liepin.com/lptjob/45626643
数据分析师,北京京东世纪信息技术有限公司,250元/天,北京-通州区,北京,北京京东世纪信息技术有限公司,,90天前更新,liepin,"【岗位工作】
1、参与京东物流运营数据中台建设，涵盖全链路质量、仓、拣、揽、运、派的各环节运营数据体系的梳理、搭建、整合、迭代、开发、应用及EasyBI报表制作
2、担任数据分析师的角色，承担质量、库存、预测、指挥调度层各角度的数据分析报告需求
3、在各业务部门推广运营数据中台的指标体系宣贯、推行、迭代、复盘

【任职要求】
1、精通Excel、PPT等Office办公软件，熟悉SQL/Python/VBA，有一定的数据分析基础、开发基础、海量数据处理经验
2、对数据敏感，工作认真负责，思维缜密，探索能力强，喜欢研究和分解问题，找到关键点；
3、大学本科及以上学历，物流、供应链、CS、统计学相关专业优先；
4、研究生优先，能够全职实习者优先，1周4天以上，持续6个月以上优先

【来这里你可以获得】
1、俯瞰视角了解业务全链路，从数据看流程，从口径看管理，真正看懂、搞懂京东物流的全部业务
2、基于数据对全部业务建立足够的业务直觉，对所有业务的效率、体验有直观的认知，为以后承接更大业务打好基础
3、加入物流中台队伍，业务发展前景巨大，优秀京东管培生师兄亲自指导、带队

【工作地点】
北京市亦庄经济开发区银和港C座京东职场

【福利待遇】
互联网大厂实习证明，团队颜值高氛围好，mentor 90后，乐意教。加班餐、加班打车、健身房等福利应有尽有

招聘人数：1人",SQL Python 数据分析 供应链 VBA CS,https://www.liepin.com/lptjob/44238779
2022年校招-数据分析师,北京乐信圣文科技有限责任公司,17-21k,北京-海淀区,北京,本科,应届,90天前更新,liepin,"岗位职责：
1、负责公司游戏的各项业务指标监控及数据分析；
2、负责从数据中发现游戏的增长点，并与其他同学一起验证。
任职要求：
1、喜欢数据，喜欢游戏，喜欢探索；
2、有一定的基础知识和技能：计算机、数学、统计、经济、金融、物理、通信工程等相关专业，本科及以上学历；熟练掌握SQL/Excel；加分项：熟练掌握Python/R语言；
3、强基础能力：学习能力、逻辑能力、沟通能力；
4、坦诚，进取，渴望成长，能吃苦--是个靠谱的，不满足现状的人。


招聘人数：1人",SQL Python R语言 数据分析 Excel,https://www.liepin.com/lptjob/42626249
数据分析师实习生,北京小桔科技集团有限公司,260元/天,北京,北京,北京小桔科技集团有限公司,,90天前更新,liepin,"职责描述：
1）基于公司大数据平台海量用户数据，运用数据挖掘的理论方法，准确、快速处理数据；  
2）深入理解业务部门提出的数据分析需求，支持面向业务的数据服务；  
3）基于对业务的深度理解，能在指导下建立数据商业模型。

任职要求：
1、了解互联网，并认同互联网行业；
2、熟练使用office办公软件（Excel、PPT）；
3、了解数据挖掘算法，熟悉SQL、Python者优先；
4、逻辑性强，结构化思维；工作认真、耐心，责任心强，能够对自己输出的结果负责；
5、希望你能够实习6个月以上，每周保证4-5天到岗；
6、理工科本科及以上学历，数学、统计学、计算机专业优先（大三、研二学生优先）；

招聘人数：1人",SQL Python 数据分析 Excel PPT,https://www.liepin.com/lptjob/42349681
数据分析师,拼多多集团-PDD,25-40k·18薪,上海-长宁区,上海,本科,应届,7月26日更新,liepin,"岗位职责
1、分析业务数据，通过深度挖掘数据，帮助各部门发现、分析和解决问题、优化产品需求；
2、监控和跟踪数据异常波动情况，进行探索分析和问题定位；
3、设计实验方案，评估业务策略的效果，提出改进建议；
4、负责业务相关日常报表的整理分析，对业务进行阶段性总结归纳；
5、深入理解业务，发现业务特征和潜在机会给出有效的行动建议。
任职要求
1、2027届毕业生，本科及以上学历，计算机/数学/统计学等相关专业，热爱计算机科学和互联网技术；
2、熟练使用 sql/python 语言等，掌握数理统计、数据挖掘等常用理论知识；
3、对分析感兴趣，喜欢从数据中发现规律，探索本质；
4、对 Hadoop，Spark 的原理熟练掌握，并有一定的使用经验者优先；
5、善于沟通，逻辑思维能力较强，善于学习新知识。

截止日期：2027年07月26日
招聘人数：10人",SQL Python Hadoop Spark,https://www.liepin.com/lptjob/84407389
数据分析师,拼多多集团-PDD,25-40k·16薪,上海-长宁区,上海,硕士,应届,7月23日更新,liepin,"岗位职责：(pdd27届校招)
1. 分析业务数据，通过深度挖掘数据，帮助各部门发现、分析和解决问题、优化产品需求； 
2. 监控和跟踪数据异常波动情况，进行探索分析和问题定位；
3. 设计实验方案，评估业务策略的效果，提出改进建议；
4. 负责业务相关日常报表的整理分析，对业务进行阶段性总结归纳； 
5. 深入理解业务，发现业务特征和潜在机会，给出有效的行动建议。
岗位要求：
1. 2027届毕业生，本科及以上学历，计算机/数学/统计学等相关专业，热爱计算机科学和互联网技术； 
2. 熟练使用 sql/python 语言等，掌握数理统计、数据挖掘等常用理论知识； 
3. 对分析感兴趣，喜欢从数据中发现规律，探索本质；
4. 对 Hadoop, Spark 的原理熟练掌握，并有一定的使用经验者优先； 
5. 善于沟通，逻辑思维能力较强，善于学习新知识。

截止日期：2027年07月22日
招聘人数：5人",SQL Python Hadoop Spark,https://www.liepin.com/lptjob/84337251
数据分析师,物联网100-499人,9-12k,苏州,苏州,本科,应届,7月22日更新,liepin,"岗位职责：  
1.负责AI智能体相关数据的收集、清洗与预处理工作  
2.执行AI数据分析任务，挖掘数据价值并输出分析报告  
3.参与数据驱动建模项目，完成模型训练与优化工作  
4.协助团队完成AI应用场景的落地实施与效果评估  

任职要求：  
1.计算机、统计学、数学等相关专业应届毕业生  
2.掌握Python/R等数据分析工具，熟悉SQL查询  
3.具备机器学习基础知识，了解常见建模方法  
4.对AI技术落地有浓厚兴趣，具备良好的逻辑思维能力

截止日期：2027年07月22日
招聘人数：1人",Python SQL 机器学习 数据分析,https://www.liepin.com/lptjob/84307175
数据分析师,旭东海普,150元/天,上海-浦东新区,上海,本科,,7月20日更新,liepin,"岗位职责
负责人事数据看板搭建、迭代与日常维护，对接 HR 各模块（招聘、薪酬、绩效、员工、考勤、培训等）提取标准化数据；
梳理人事各业务数据口径，统一指标定义，清洗、校验员工、招聘、流失、编制、试用期等各类人事原始数据，保障数据准确；
使用可视化工具搭建 / 更新人力看板，输出人力健康度、招聘进度、人员结构、离职分析、编制利用率等可视化图表；
配合 HRBP / 人力资源负责人，根据管理需求迭代看板维度，新增分析报表、数据预警模块；
定期输出人力数据简报，同步看板异常数据，辅助管理层人力决策；
完成人力资源部交办的其他数据统计、报表整理、行政辅助类工作。
任职要求
学历专业：本科及以上在读，人力资源管理、统计学、计算机、大数据、数据分析、信息管理等相关专业；
必备经验：有人事 / 人力数据看板搭建实操经验，独立或参与过人力可视化看板制作；
技能要求
（1）熟练 Excel（数据透视表、Vlookup、Power Query、函数、动态图表）；
（2）掌握至少一款可视化工具：Tableau、Power BI、FineBI、简道云、飞书多维表格 / 看板等其一；
（3）具备基础数据逻辑，能梳理业务指标、统一数据统计口径；
能力素质：细心严谨，对数字敏感，逻辑清晰，沟通顺畅，能对接各模块 HR 收集业务需求；
时间要求：每周全勤到岗，实习 3 个月，近期可到岗优先；
加分项：了解人力资源六大模块基础业务、熟悉企业 HR 系统（HRIS）、会基础 SQL 取数。

截止日期：2027年07月15日
招聘人数：1人",SQL 培训 数据分析 HR HRBP Excel Vlookup Power,https://www.liepin.com/lptjob/84237937
数据分析师,拼多多集团-PDD,25-45k·16薪,上海-长宁区,上海,本科,应届,7月17日更新,liepin,"岗位职责
1、分析业务数据，通过深度挖掘数据，帮助各部门发现、分析和解决问题、优化产品需求；
2、监控和跟踪数据异常波动情况，进行探索分析和问题定位；
3、设计实验方案，评估业务策略的效果，提出改进建议；
4、负责业务相关日常报表的整理分析，对业务进行阶段性总结归纳；
5、深入理解业务，发现业务特征和潜在机会给出有效的行动建议。

任职要求
1、2027届毕业生，本科及以上学历，计算机/数学/统计学等相关专业，热爱计算机科学和互联网技术；
2、熟练使用 sql/python 语言等，掌握数理统计、数据挖掘等常用理论知识；
3、对分析感兴趣，喜欢从数据中发现规律，探索本质；
4、对 Hadoop，Spark 的原理熟练掌握，并有一定的使用经验者优先；
5、善于沟通，逻辑思维能力较强，善于学习新知识。

截止日期：2027年04月30日
招聘人数：60人",SQL Python Hadoop Spark,https://www.liepin.com/lptjob/84211453
数据分析师,杭州蒜粒科技有限公司,19-28k,杭州,杭州,本科,应届,7月16日更新,liepin,"岗位职责：
1.根据行业特性和电商属性，利用大数据搭建商业研究体系和咨询类产品模块。了解电商企业需求，对其提供基于数据的咨询服务，内容包括但不限于：
1.品牌竞争力、美誉度分析；
2.品牌渠道策略分析；
3.品牌/店铺竞争格局、竞争对手识别与预警；
4.店铺竞争力、运营策略、顾客结构分析；
5.消费行为：消费路径，购物行为，消费偏好分析。
2.研究行业发展趋势和电家实际经营中主要痛点，主导生产具有一定深度和洞察力的报告或数据产品，支持品牌或店铺的运营决策，内容包括但不限于：
1.分析行业现状和发展趋势，挖掘行业机会点；
2.分析商品流行趋势，指导商家商品企划；
3.消费者洞察：用户画像、消费偏好、购物习惯、购物篮；
4.商家运营策略研究，如上新清仓、广告投放、节点营销；
3.报告撰写、优化、解读，通过现场演讲客户交流等形式解读并演绎报告内容。
职位要求：
1.充分熟悉电商行业，了解平台规则和趋势，有电商运营或TP公司工作经验者优先。
2.充分熟悉服装/美妆/母婴/家居行业，有相关行业分析工作经验者优先，有相关行业品牌方工作经验者优先，有相关行业企划类工作经验者优先。
3.有较强的数据意识，对数据所反应的商业问题有高度的敏感性；有较强的文字功底和表达能力，优秀的信息搜集、整合、分析能力。
4.熟悉MSOFFICE，尤其PPT及Excel；对大数据分析有兴趣，掌握或者愿意学习常规数据分析软件，如SQL。
5.自我驱动，有强烈的好奇心与责任心，追求结果导向，有抗压能力，能在截止日期下工作，能同时处理多个项目。

截止日期：2026年08月16日
招聘人数：1人",SQL 数据分析,https://www.liepin.com/lptjob/84193943
数据分析师,拼多多集团-PDD,20-40k·16薪,上海-长宁区,上海,本科,应届,7月16日更新,liepin,"【岗位职责】
1、分析业务数据，通过深度挖掘数据，帮助各部门发现、分析和解决问题、优化产品需求；
2、监控和跟踪数据异常波动情况，进行探索分析和问题定位；
3、设计实验方案，评估业务策略的效果，提出改进建议；
4、负责业务相关日常报表的整理分析，对业务进行阶段性总结归纳；
5、深入理解业务，发现业务特征和潜在机会给出有效的行动建议。
【任职要求】
1、2027届毕业生，本科及以上学历，计算机/数学/统计学等相关专业，热爱计算机科学和互联网技术；
2、熟练使用 sql/python 语言等，掌握数理统计、数据挖掘等常用理论知识；
3、对分析感兴趣，喜欢从数据中发现规律，探索本质；
4、对 Hadoop，Spark 的原理熟练掌握，并有一定的使用经验者优先；
5、善于沟通，逻辑思维能力较强，善于学习新知识。
 

截止日期：2026年08月23日
招聘人数：1人",SQL Python Hadoop Spark,https://www.liepin.com/lptjob/84190463
数据分析师,拼多多集团-PDD,20-40k·16薪,上海-长宁区,上海,本科,应届,7月16日更新,liepin,"【岗位职责】
1、分析业务数据，通过深度挖掘数据，帮助各部门发现、分析和解决问题、优化产品需求；
2、监控和跟踪数据异常波动情况，进行探索分析和问题定位；
3、设计实验方案，评估业务策略的效果，提出改进建议；
4、负责业务相关日常报表的整理分析，对业务进行阶段性总结归纳；
5、深入理解业务，发现业务特征和潜在机会给出有效的行动建议。

【任职要求】
1、2027届毕业生，本科及以上学历，计算机/数学/统计学等相关专业，热爱计算机科学和互联网技术；
2、熟练使用 sql/python 语言等，掌握数理统计、数据挖掘等常用理论知识；
3、对分析感兴趣，喜欢从数据中发现规律，探索本质；
4、对 Hadoop，Spark 的原理熟练掌握，并有一定的使用经验者优先；
5、善于沟通，逻辑思维能力较强，善于学习新知识。
 

截止日期：2027年07月16日
招聘人数：200人",SQL Python Hadoop Spark,https://www.liepin.com/lptjob/84190435
数据分析师,拼多多集团-PDD,20-40k,上海-长宁区,上海,本科,应届,7月9日更新,liepin,"岗位职责
1、分析业务数据，通过深度挖掘数据，帮助各部门发现、分析和解决问题、优化产品需求；
2、监控和跟踪数据异常波动情况，进行探索分析和问题定位；
3、设计实验方案，评估业务策略的效果，提出改进建议；
4、负责业务相关日常报表的整理分析，对业务进行阶段性总结归纳；
5、深入理解业务，发现业务特征和潜在机会给出有效的行动建议。
任职要求
1、2027届毕业生，本科及以上学历，计算机/数学/统计学等相关专业，热爱计算机科学和互联网技术；
2、熟练使用 sql/python 语言等，掌握数理统计、数据挖掘等常用理论知识；
3、对分析感兴趣，喜欢从数据中发现规律，探索本质；
4、对 Hadoop，Spark 的原理熟练掌握，并有一定的使用经验者优先；
5、善于沟通，逻辑思维能力较强，善于学习新知识。

截止日期：2027年07月09日
招聘人数：10人",SQL Python Hadoop Spark,https://www.liepin.com/lptjob/84010287
数据分析师,拼多多集团-PDD,20-40k·14薪,上海-长宁区,上海,本科,应届,7月8日更新,liepin,"岗位职责
1、分析业务数据，通过深度挖掘数据，帮助各部门发现、分析和解决问题、优化产品需求；
2、监控和跟踪数据异常波动情况，进行探索分析和问题定位；
3、设计实验方案，评估业务策略的效果，提出改进建议；
4、负责业务相关日常报表的整理分析，对业务进行阶段性总结归纳；
5、深入理解业务，发现业务特征和潜在机会给出有效的行动建议。

任职要求
1、2027届毕业生，本科及以上学历，计算机/数学/统计学等相关专业，热爱计算机科学和互联网技术；
2、熟练使用 sql/python 语言等，掌握数理统计、数据挖掘等常用理论知识；
3、对分析感兴趣，喜欢从数据中发现规律，探索本质；
4、对 Hadoop，Spark 的原理熟练掌握，并有一定的使用经验者优先；
5、善于沟通，逻辑思维能力较强，善于学习新知识。

截止日期：2027年07月08日
招聘人数：100人",SQL Python Hadoop Spark,https://www.liepin.com/lptjob/83991373
数据分析师,科技金融美股上市2000-5000人,8-14k·16薪,深圳-南山区,深圳,本科,应届,7月8日更新,liepin,"岗位职责：
1.数据体系建设与经营分析：牵头梳理重点业务及战略项目的数据链路，围绕重点工作建立经营分析框架、核心指标体系及数据口径标准；定期输出经营分析、专项复盘及预测测算，为管理层提供数据支持与经营建议。
2.战略项目数据支持：深度参与战略项目及创新项目推进，结合业务场景开展数据梳理、过程监测、效果评估及专题分析，支持项目从方案设计、试点验证到规模推广的全过程管理。
3.数据建模与策略优化：基于业务发展需要，运用统计分析、机器学习等方法开展客户分层、转化分析、供需匹配、风险识别、经营预测等建模工作，推动模型在业务策略优化、资源配置、运营提效等场景中的实际应用。
4.业财协同与流程优化：推动业务、财务、运营等多部门数据协同，促进经营数据、业务数据与财务数据的统一衔接；结合项目推进需要，协助优化重点业务流程、指标监控机制及分析看板建设，提升数据准确性、及时性和管理穿透力。
5.创新研究与专项推动：关注汽车后市场、保险生态、供应链及数字化服务等领域发展趋势，结合创配实际开展专题研究，支持创新项目孵化、经营策略研究及领导交办的专项分析工作。
任职资格：
 1.学历背景：本科及以上学历，统计学、数学、经济学、金融学、管理学、计算机、数据科学等相关专业优先。
2.专业技能：具备较强的数据分析、经营分析及结构化思维能力，能够独立完成数据提取、整理、分析、建模及汇报输出；熟练使用Excel、SQL、Python、PPT等办公及分析工具，掌握回归分析、分类预测、聚类分析、A/B测试、机器学习等方法者优先。
3.资质经验：3年以上数据分析、策略分析、经营分析或商业分析相关经验；有互联网平台、金融科技、保险、汽车后市场、供应链、电商等行业经验者优先；有战略项目分析支持、数据体系搭建、模型落地应用经验者优先。
4.综合素质：逻辑清晰，责任心强，具备较好的跨部门沟通协调能力和项目推动能力；能够深入理解业务场景，善于从复杂问题中提炼关键矛盾并提出解决方案；具备较强的抗压能力、自驱意识及创新意识，能够适应快速变化和多项目并行的工作节奏。

截止日期：2027年07月08日
招聘人数：1人",机器学习 SQL Python 方案设计 流程优化 供应链 数据分析,https://www.liepin.com/lptjob/83979159
数据分析师,拼多多集团-PDD,20-40k·16薪,上海-长宁区,上海,本科,应届,今日更新,liepin,"岗位职责
1、分析业务数据，通过深度挖掘数据，帮助各部门发现、分析和解决问题、优化产品需求；
2、监控和跟踪数据异常波动情况，进行探索分析和问题定位；
3、设计实验方案，评估业务策略的效果，提出改进建议；
4、负责业务相关日常报表的整理分析，对业务进行阶段性总结归纳；
5、深入理解业务，发现业务特征和潜在机会给出有效的行动建议。

任职要求
1、2027届毕业生，本科及以上学历，计算机/数学/统计学等相关专业，热爱计算机科学和互联网技术；
2、熟练使用 sql/python 语言等，掌握数理统计、数据挖掘等常用理论知识；
3、对分析感兴趣，喜欢从数据中发现规律，探索本质；
4、对 Hadoop，Spark 的原理熟练掌握，并有一定的使用经验者优先；
5、善于沟通，逻辑思维能力较强，善于学习新知识。

截止日期：2027年07月07日
招聘人数：1人",SQL Python Hadoop Spark,https://www.liepin.com/lptjob/83961365
数据分析师实习生（业务方向）,基金/证券/期货1-49人,80-150元/天,西安-雁塔区,西安,本科,,7月7日更新,liepin,"岗位职责：
1.负责公司核心业务指标的日常监控与分析，及时发现数据异常并定位原因；
2.深入业务场景，针对用户增长、转化、留存等关键环节开展专题分析；
3.搭建业务数据看板，输出周 / 月度经营分析报告，为管理层决策提供数据支持；
4.与产品、运营、市场等部门紧密配合，通过数据分析驱动业务优化；
5.参与数据中台建设，协助梳理数据指标体系与数据规范。

任职要求：
1.本科及以上学历在读，专业不限，对数据分析有强烈兴趣；
2.熟练使用 SQL 进行数据提取与分析，掌握 Excel 高级功能（数据透视表 / VBA 等）；
3.熟悉至少一种数据分析工具（Python/R/Tableau/Power BI）；
4.具备良好的商业敏感度和逻辑思维，能将业务问题转化为数据分析方案；
5.有互联网、金融、咨询行业数据分析实习经历者优先；
6.每周实习 4 天及以上，可持续 3 个月以上

截止日期：2027年07月07日
招聘人数：5人",SQL Python 数据分析 Excel VBA Tableau Power BI,https://www.liepin.com/lptjob/83939659
数据分析师,深圳藤云网络科技有限公司,15-18k,杭州-萧山区,杭州,本科,应届,7月1日更新,liepin,"岗位职责：
1.深入了解互联网业务，建立基于业务场景的数据分析需求，解决各类数据分析问题；
2.基于客户各业务部门的分析监控需求，搭建指标体系；
3.熟悉用户增长的框架和分析方法，针对拉新、留存、转化优化等进行深入的专题分析；
4.充分利用各种GrowingIO产品/服务，与客户合作制定出的数据分析策略；
5.根据客户分析咨询项目，结合用户调研、第三方研究等，提炼面向行业场景的共性分析需求，提炼规模化、产品化解决方案；
6.基于数据分析，与客户销售、服务、产品管理、工程团队以及其他主要相关方开展跨职能协作，助力相关产品/服务取得成功；
7.与团队内其他成员共同设计数据分析平台，建立数据分析的流程，规范和方法。
职位要求：
1.本科以上学历，经济学、统计学、计算机等和数据处理高度相关专业，互联网公司数据分析工作经验；
2.具备杰出的定量分析能力，在推动业务/产品运营优化方面拥有丰富的经验；
3.具有优秀的商业敏感度和突出的分析能力，能够灵活利用数据，设计分析方案解决复杂的商业问题；
4.擅长与内部及外部合作团队交流沟通，具有优秀的报告讲解及沟通能力，能够独立的分析和解决问题；
5.有数据建模实践经验熟悉Hive，熟练使用SQL等数据库查询语言；
6.熟练使用至少一门编程语言者优先；
7.具有较强结构化思维、逻辑思维能力，对数据敏感，具备优秀的信息整合和分析能力，能够形成清晰的业务观点和前瞻判断；
8.熟悉GrowingIO或其他数据分析产品者优先；
9.有数据产品经理相关经验者优先。

截止日期：2027年07月01日
招聘人数：1人",Hive SQL 数据分析 用户调研,https://www.liepin.com/lptjob/83829195
数据分析师,中鹏(丽水)科技有限公司,80-120元/天,湛江-遂溪县,,大专,,6月27日更新,liepin,"岗位职责：
1.  负责各类数据的采集、整理、录入，重点审核数据准确性、完整性，遗漏、重复。
2.  审核原始数据格式与规范，对不达标数据进行审核，确保数据合规可用。


任职要求： 
1.大专及以上学历，会基础办公软件
2. 对工作细致认真，有较强的责任心。
3.完成领导安排的日常事务

截止日期：2027年06月27日
招聘人数：10人",合规,https://www.liepin.com/lptjob/83743081
数据分析师,龙岩市百佳纸箱制造有限公司,11-18k·13薪,深圳-福田区,深圳,本科,应届,今日更新,liepin,"### 岗位职责：  
1、负责公司业务数据的收集、清洗、整理和分析工作；  
2、运用数据分析工具和方法，挖掘数据价值，为业务决策提供支持；  
3、协助开发和优化数据分析模型，提升数据分析和预测的准确性；  
4、定期生成数据分析报告，向团队和管理层汇报分析结果；  
5、参与数据可视化工具的开发和维护，提升数据展示效果；  
6、与其他部门协作，理解业务需求，提供数据驱动的解决方案；  
7、参与数据相关项目的规划和实施，确保项目按时高质量完成。  

### 岗位要求：  
1、本科及以上学历，统计学、数学、计算机科学、经济学等相关专业优先；  
2、熟练掌握Excel、SQL等数据分析工具，了解Python或R等编程语言者优先；  
3、具备良好的逻辑思维能力和数据敏感度，能够从数据中发现问题和机会；  
4、具备较强的学习能力和团队合作精神，能够快速适应新环境和新任务；  
5、良好的沟通能力，能够清晰表达分析结果和建议；  
6、对纸箱行业或相关领域有了解或兴趣者优先；  
7、应届毕业生或在校生（实习转正机会）均可申请。

截止日期：2027年06月10日
招聘人数：2人",SQL Python 数据分析,https://www.liepin.com/lptjob/83682351
数据分析师,互联网不需要融资100-499人,10-15k·14薪,北京-海淀区,北京,本科,应届,6月4日更新,liepin,"岗位职责：
1.深入了解互联网业务，建立基于业务场景的数据分析需求，解决各类数据分析问题；
2.基于客户各业务部门的分析监控需求，搭建指标体系；
3.熟悉用户增长的框架和分析方法，针对拉新、留存、转化优化等进行深入的专题分析；
4.根据客户分析咨询项目，结合用户调研、第三方研究等，提炼面向行业场景的共性分析需求，提炼规模化、产品化解决方案；
5.基于数据分析，与客户销售、服务、产品管理、工程团队以及其他主要相关方开展跨职能协作，助力相关产品/服务取得成功；
6.与团队内其他成员共同设计数据分析平台，建立数据分析的流程，规范和方法。
职位要求：
1.本科以上学历，经济学、统计学、计算机等和数据处理高度相关专业
2.具备杰出的定量分析能力，在推动业务/产品运营优化方面有经验；
3.具有优秀的商业敏感度和突出的分析能力，能够灵活利用数据，设计分析方案解决复杂的商业问题；
4.擅长与内部及外部合作团队交流沟通，具有优秀的报告讲解及沟通能力，能够独立的分析和解决问题；
5.有数据建模实践经验者优先，熟练使用SQL等数据库查询语言；
6.熟练使用至少一门编程语言者优先；
7.具有较强结构化思维、逻辑思维能力，对数据敏感，具备优秀的信息整合和分析能力，能够形成清晰的业务观点和前瞻判断；

截止日期：2027年06月04日
招聘人数：5人",SQL 数据分析 用户调研,https://www.liepin.com/lptjob/83167181
金融科技类：AI算法工程师、数据挖掘分析师,北京京管泰富基金管理有限责任公司,10-30k,北京-西城区,北京,硕士,应届,6月4日更新,liepin,"岗位职责：
运用前沿科技理论和先进技术开展系统研发、数据服务及信息系统建设等工作，提升投资研究、客户服务、风控管理、基金运营的数字化智能化水平。
任职要求：
1. 应届毕业生，研究生学历，计算机、人工智能、软件工程、数学、统计、金融工程等相关专业；
2.具备扎实的编程能力，熟悉Python、SQL等主流编程语言；
3.对AI大模型、智能体等前沿技术有一定理解或实践探索，具备创新思维能力；
4.有金融领域项目开发经验或相关经历者优先。

截止日期：2027年06月04日
招聘人数：5人",Python SQL 大模型 客户服务,https://www.liepin.com/lptjob/83133811
数据分析师实习生,上海荆意教育科技有限公司,200-400元/天,上海-长宁区,上海,本科,,7月23日更新,liepin,"岗位职责：
1.院校数据录入： 配合项目组，对系统采集的全球院校专业信息（包括专业信息、申请要求等）进行人工核实与修正，确保数据符合录入标准。
2.该岗位对任务完成量有一定要求，工作中可合理使用AI插件工具辅助提升效率。

任职资格：
1.背景要求： 大专及本科以上学历，专业不限。有英、美、澳留学背景或留学行业数据处理经验者优先。
2.语言能力： 具备良好的英语阅读能力，持有大学英语四级（CET-4）证书，六级（CET-6）为加分项；或具备雅思（IELTS）6.5分、托福（TOEFL）90分的成绩。
3.素质要求： 极度的细致与耐心，能够接受高频、重复的数据核对工作；具备基础的Excel操作能力。
4.设备要求： 需自备电脑
5.【线下到岗】
工作地点：上海长宁
定期到岗：每周至少3天

截止日期：2026年10月01日
招聘人数：20人",CET-4 CET-6 IELTS TOEFL,https://www.liepin.com/lptjob/82944231
数据分析师,物腾联创公司,200-250元/天,北京,北京,本科,,7月24日更新,liepin,"公司：猎聘

岗位职责
1.负责业务 BI 可视化看板搭建、数据指标梳理与页面优化，完成数据可视化落地
2.熟练运用各类 AI 工具赋能工作，借助 AI 完成数据分析、数据挖掘及业务洞察输出，提升整体工作效率
3.承接日常各类业务数据查询、取数、统计分析需求，按时输出准确数据结果与简易分析报告
4.配合团队完成数据整理、数据核对、报表维护等基础数据相关工作

任职要求
1.实习时间稳定，每周可到岗 4-5 天，能长期实习优先
2.具备互联网行业相关实习经历者优先考虑
3.掌握基础 SQL 语法，熟练日常数据查询、多表关联取数等实操能力
4.学习能力强，乐于尝试各类 AI 办公、数据分析工具，上手速度快
5.细心严谨，具备基础数据逻辑思维，沟通配合顺畅

 

截止日期：2027年05月18日
招聘人数：1人",SQL 数据分析 BI AI,https://www.liepin.com/lptjob/82628675
数据分析师,神龙汽车有限公司,120-150元/天,武汉-蔡甸区,武汉,本科,,5月12日更新,liepin,"1.协助进行营销数据、用户数据、线索数据、投放数据等数据整理和分析。      
2.参与日报、周报、月报及专项分析报告的数据处理和图表制作。            
3.协助搭建和维护数据看板，支持业务团队进行数据监测和效果评估。      
4.对品牌、车型、渠道、活动等维度的数据进行拆解，输出基础分析结论。      
5.协助完成数据清洗、字段核对、口径梳理、异常数据检查等工作。

文化程度：本科及以上

素质要求
1.熟练使用 Excel，掌握数据透视表、函数、图表制作等能力。
2. 具备基础数据分析能力，能够从数据中发现问题并形成分析结论。
3. 逻辑清晰、细心负责，对数字敏感。

截止日期：2026年07月31日
招聘人数：1人",数据分析 Excel,https://www.liepin.com/lptjob/82445115
数据分析师,互联网融资未公开100-499人,10-16k,上海-静安区,上海,本科,应届,5月18日更新,liepin,"岗位职责：
1. 编写 SQL 脚本用于房地产、家装业务数据抽取、清洗；
2. 使用 Python 进行数据预处理、特征构建、结果落地等分析准备；
3. 参与轻量级机器学习建模任务（如分类、预测等），协助完成特征筛选与模型调优；
4. 将建模结果封装为可复用的脚本模块，协助部署上线（joblib、定时任务等）；
5. 参与模型调度、预测结果监控与异常反馈，撰写模型说明文档。

任职要求：
核心能力：
• SQL 熟练：能完成复杂数据查询、窗口函数处理；
• Python 扎实：熟练掌握 pandas、sklearn、joblib、sqlalchemy 等；
• 建模经验：使用过至少一种机器学习算法（如逻辑回归、XGBoost、CatBoost等），有调参与验证经验；
• 部署意识：理解模型保存与调用流程，有通过脚本定时运行模型预测的实战经验；
• 结构清晰、逻辑严谨：注重代码规范、能输出结构化文档、具备良好协作意识。

加分项：
• 有过实战项目，如意向识别、价格预测、客户分群等；
• 熟悉 SHAP、特征重要性解释等模型可解释性工具；
• 熟悉 Excel/PowerPoint 报告呈现，有结果展示能力。

背景要求：
1. 本科及以上学历
2. 专业背景在数学、统计、数据科学、计算机等相关领域

截止日期：2027年04月07日
招聘人数：1人",SQL Python 机器学习 XGBoost 部署上线 SHAP Excel PowerPoint,https://www.liepin.com/lptjob/81525165
数据分析师,拼多多集团-PDD,20-50k·18薪,上海-长宁区,上海,本科,应届,7月26日更新,liepin,"【岗位职责】
1、分析业务数据,通过深度挖掘数据,帮助各部门发现、分析和解决问题、优化产品需求;
2、监控和跟踪数据异常波动情况，进行探索分析和问题定位;
3、设计实验方案,评估业务策略的效果，提出改进建议;
4、负责业务相关日常报表的整理分析，对业务进行阶段性总结归纳;
5、深入理解业务，发现业务特征和潜在机会给出有效的行动建议。
【任职要求】
1、2027届毕业生、本科及以上学历、计算机/数学/统计学等相关专业、热爱计算机科学和互联网技术:
2、熟练使用 sql/python 语言等，掌握数理统计、数据挖掘等常用理论知识;
3、对分析感兴趣，喜欢从数据中发现规律，探索本质;
4、对 Hadoop,Spark 的原理熟练掌握，并有一定的使用经验者优先;
5、善于沟通，逻辑思维能力较强，善于学习新知识。

截止日期：2027年02月28日
招聘人数：100人",SQL Python Hadoop Spark,https://www.liepin.com/lptjob/80788229
数据分析师,山东锐泓嘉科技信息有限公司,300-500元/天,深圳,深圳,本科,,90天前更新,liepin,"岗位职责:
1.负责收集和分析数据,  确保数据的准确性和时效
性。
2.使用统计软件进行数据处理和分析，提出数据趋势
和模式。
3.参与设计数据分析方案，优化数据处理流程。
任职要求:
1.熟练掌握SPSS、Stata R或Python等统计软件。
2.熟悉数据分析和统计模型，具备良好的统计知识。
3.能够独立进行数据分析，提出数据见解

截止日期：2027年03月11日
招聘人数：1人",Python 数据分析 Stata,https://www.liepin.com/lptjob/80475283
数据分析师,上海墨泊可士科技有限公司,200-400元/天,上海-浦东新区,上海,本科,,今日更新,liepin,"岗位职责：
1、有效挖掘客户需求，大量制作高价值或高使用频次模型，并将价值模型制作成模型报告及ppt向领导汇报
2、经营、服务客户，沟通能力强，与客户能够处理好关系，收集产品建议、痛点问题
3、将优质模型推广给其他试点、引进其他试点的优质模型并优化应用
4、将公司产品的功能优化点、最新的模型及成果案例及时分享用户，培训用户使用系统
5、结合用户需求和工作任务，完成上级领导安排的其他临时事务
任职要求：
1、数学、计算机、统计等相关专业，本科生（统招本科，学信网可查），其他院校优秀本科生可适当放宽
2、熟练使用SQL等工具，精通excel数据处理函数

招聘人数：5人",SQL 培训,https://www.liepin.com/lptjob/80023685
数据分析师,生活服务港股上市10000人以上,200-250元/天,北京-朝阳区,北京,本科,,90天前更新,liepin,"一、岗位职责（非校招岗位）：
1. 结合特定业务问题，应用SQL对用户行为数据数据进行探查分析，编写分析报告。
2. 参与公司级营销补贴数据体系建设，以及营销补贴分析提效、LTV等模型的升级完善，支持业务探索营销补贴提效的策略迭代和项目落地。
3. 参与部门内部AI项目，包括AI智能分析应用建设、使用AI智能体撰写行研分析文章等并投稿推送等。
4. 参与内部项目管理、资料收集等工作，辅助开展项目推进及落地。
二、岗位要求：
1. 本科学历及以上，数学、统计等相关专业优先，能够保证至少4个月的实习期，每周5天的工作时间；
2. 对产品开发流程有基本了解，具备良好的逻辑思维能力和数据分析能力，有一定的需求分析和产品设计能力；
3. 具备良好的沟通能力和团队合作精神，能够有效地与团队成员和用户进行沟通；
4. 对AI、大数据等新兴技术有浓厚兴趣，愿意接受挑战，有强烈的学习和进步意愿；

招聘人数：1人",SQL 项目管理 数据分析 需求分析 产品设计,https://www.liepin.com/lptjob/79838623
数据分析师,中电建商业保理有限公司,120元/天,北京-海淀区,北京,本科,,90天前更新,liepin,"•协助完成供应链金融业务相关数据的采集、清洗、整理工作，确保数据的准确性、完整性和时效性，支撑业务数据化运营需求。
•参与构建基础数据指标体系，协助编制日常数据报表，包括但不限于业务交易数据、风险监控数据、系统运营数据等，为业务决策提供基础数据支持。
•在指导下开展简单的数据挖掘与分析工作，运用数据分析工具探索数据背后的业务规律，针对供应链金融场景中的典型问题形成初步分析结论。
•协助完成数据分析报告的撰写与可视化呈现，将分析结果转化为清晰易懂的图表或文字内容，配合团队进行成果汇报。
•参与数据安全与合规管理工作，严格遵守公司数据使用规范，确保数据操作符合央企数据管理及金融行业监管要求。
•配合团队完成其他数据相关辅助工作，积极参与跨部门数据需求沟通，协助衔接业务端与技术端的数据对接。

招聘人数：2人",供应链 数据分析 合规,https://www.liepin.com/lptjob/78526279
数据分析师,中财进宝(北京)科技有限公司,100-150元/天,北京-海淀区,北京,本科,,90天前更新,liepin,"岗位职责：
1. 负责从数据库、数据平台等多种渠道提取和整合数据；运用SQL、Python等工具进行数据清洗、校验和深度分析；
2. 使用FineBI、Tableau等数据可视化工具，将分析结果转化为直观的图表、仪表盘和分析报告；
3. 深入理解业务逻辑，主动诊断业务问题，并通过数据洞察提供优化方向与解决方案；
岗位要求：
1．统招本科及以上学历，统计学、数学、计算机科学、经济学、信息技术等相关专业优先；
2．熟练掌握python、excel、sql，有过数据统计及分析经验的优先； 
3.  具备严密的逻辑思维能力和优秀的数据敏感度；
4.  熟练使用至少一种数据可视化工具，如 Tableau, Power BI, FineBI 等，能够独立制作数据看板；


招聘人数：1人",SQL Python excel Tableau Power BI FineBI,https://www.liepin.com/lptjob/77783481
数据分析师,BenHealth Consulting,150-180元/天,上海-徐汇区,上海,本科,,今日更新,liepin,"岗位职责：
1. 数据洞察与支持：协助咨询团队完成医疗行业研究及咨询项目中的数据清洗、整合与分析工作，并利用可视化工具呈现数据洞察，为决策提供支持。
2. 模型开发与优化：参与公司数据挖掘与分析模型的构建、测试及优化流程，将算法模型应用于实际的业务场景。
3. 效率工具构建：参与内部自动化数据工具或流程的开发，提升数据处理与研究效率。

职位要求：
1. 计算机科学、数据科学、统计学或相关专业的在校本科/硕士生。
2. 熟练掌握 Python 进行数据分析，熟悉numpy、pandas，具备扎实的数据结构基础。
3. 加分项：具有自然语言处理（NLP）相关项目或研究经验者优先。
4. 可每周至少3天全职实地实习，持续3个月以上。
 

招聘人数：1人",Python 自然语言处理 数据分析 NLP,https://www.liepin.com/lptjob/77759569
数据分析师,汽车零部件及配件科创板上市5000-10000人,10-20k,北京-朝阳区,北京,硕士,应届,90天前更新,liepin,"工作职责：

1.  从多方面呈现业务经营表现和车辆状态，对业务状态有综合判断，提供有效的车辆或零部件故障/寿命预警和产品优化方案；
2.  在完善数仓建设和治理的基础上，完善业务运营分析指标体系，实现业务变化趋势的常规化洞察；
3.  通过专题分析，对业务和车辆问题进行深入分析，为业务策略和车辆优化方向提供数据支持；

任职资格：
a) 熟练掌握常用的数理统计方法，具备扎实的数学基础
b) 熟练运用Python、SQL，能够独立完成相应的开发工作
c) 具有机器学习项目经验，对机器学习算法有深入了解
d) 对车辆、交通、物流等领域有浓厚兴趣，愿意在该领域深入学习和实践，如有相关背景，为加分项
e) 熟练使用各办公软件和数据可视化工具，包括但不限于EXCEL、PPT、Echarts、Tableau等，能够高效地进行数据处理和展示
f) 具备良好的沟通能力、团队协作能力和自驱动的学习能力
g) 工作认真细致，具备高度的责任心和敬业精神。
h) 擅于在工作中使用AI工具提升工作效率

截止日期：2026年10月13日
招聘人数：1人",Python SQL 机器学习 PPT Echarts,https://www.liepin.com/lptjob/77712613
数据分析师,通信设备10000人以上,25-40k·15薪,上海-青浦区,上海,本科,应届,90天前更新,liepin,"岗位职责
1、数据处理与优化：负责数据采集、清洗、标注、增强等数据处理，并支持多源异构数据的融合与标准化；
2、数据集构建与管理：设计和构建AI模型训练/推理所需的数据集，并监控数据质量，建立自动化异常检测与修复机制；
3、模型训练与创新：基于业务需求，构建适配不同业务场景的数据关系、知识图谱，协同算法工程师提升模型准确率；
4、数据辅助用户挖掘：利用全域异构数据资产构建场景化、动态化画像标签体系，支持用户增长与营销科学等场景；协同搜广推算法工程师进行用户特征挖掘；辅助流量变现等业务实现归因、诊断。
BASE：上海 北京 成都 合肥 济南 东莞 深圳 南京 苏州 杭州 武汉 长沙 西安
岗位要求
1、计算机、软件、人工智能、数据科学与大数据、数学等相关专业；具备机器学习和深度学习实践经验，了解机器学习和深度学习基本概念、算法和模型，熟悉大模型架构和原理；
2、熟悉主流 Agent 框架（如 LangChain、AutoGPT 等），能够实现数据的自动化处理、分析和交互；
3、熟悉主流数据建模、数据分析方法，掌握主流数据处理工具和框架，如 Spark、Flink 等，能高效处理大规模数据；
4、熟练掌握SQL、Python等编程语言，具备扎实编程基础。

截止日期：2026年09月11日
招聘人数：1人",机器学习 深度学习 大模型 GPT Spark Flink SQL Python 数据采集 数据分析,https://www.liepin.com/lptjob/77157355
数据分析师,拼多多集团-PDD,30-60k·18薪,上海-长宁区,上海,本科,应届,7月19日更新,liepin,"岗位职责
1、分析业务数据，通过深度挖掘数据，帮助各部门发现、分析和解决问题、优化产品需求；
2、监控和跟踪数据异常波动情况，进行探索分析和问题定位；
3、设计实验方案，评估业务策略的效果，提出改进建议；
4、负责业务相关日常报表的整理分析，对业务进行阶段性总结归纳；
5、深入理解业务，发现业务特征和潜在机会给出有效的行动建议。
任职要求
1、2027届毕业生，本科及以上学历，计算机/数学/统计学等相关专业，热爱计算机科学和互联网技术；
2、熟练使用 sql/python 语言等，掌握数理统计、数据挖掘等常用理论知识；
3、对分析感兴趣，喜欢从数据中发现规律，探索本质；
4、对 Hadoop，Spark 的原理熟练掌握，并有一定的使用经验者优先；
5、善于沟通，逻辑思维能力较强，善于学习新知识。

截止日期：2027年06月30日
招聘人数：20人",SQL Python Hadoop Spark,https://www.liepin.com/lptjob/77034453
数据分析师,经纬恒润,150-300元/天,天津-西青区,天津,本科,,90天前更新,liepin,"工作职责：

1.  从多方面呈现业务经营表现和车辆状态，对业务状态有综合判断，提供有效的车辆或零部件故障/寿命预警和产品优化方案；
2.  在完善数仓建设和治理的基础上，完善业务运营分析指标体系，实现业务变化趋势的常规化洞察；
3.  通过专题分析，对业务和车辆问题进行深入分析，为业务策略和车辆优化方向提供数据支持；

任职资格：
a) 熟练掌握常用的数理统计方法，具备扎实的数学基础
b) 熟练运用Python、SQL，能够独立完成相应的开发工作
c) 具有机器学习项目经验，对机器学习算法有深入了解
d) 对车辆、交通、物流等领域有浓厚兴趣，愿意在该领域深入学习和实践，如有相关背景，为加分项
e) 熟练使用各办公软件和数据可视化工具，包括但不限于EXCEL、PPT、Echarts、Tableau等，能够高效地进行数据处理和展示
f) 具备良好的沟通能力、团队协作能力和自驱动的学习能力
g) 工作认真细致，具备高度的责任心和敬业精神。
h) 擅于在工作中使用AI工具提升工作效率

招聘人数：2人",Python SQL 机器学习 PPT Echarts,https://www.liepin.com/lptjob/75861189
数据分析师,拼多多集团-PDD,40-60k·16薪,上海-长宁区,上海,本科,应届,90天前更新,liepin," 
岗位职责
1. 分析业务数据，通过深度挖掘数据，帮助各部门发现、分析和解决问题、优化产品需求； 
2. 监控和跟踪数据异常波动情况，进行探索分析和问题定位；
3. 设计实验方案，评估业务策略的效果，提出改进建议；
4. 负责业务相关日常报表的整理分析，对业务进行阶段性总结归纳； 
5. 深入理解业务，发现业务特征和潜在机会，给出有效的行动建议。
任职要求
1. 2026届毕业生，本科及以上学历，计算机/数学/统计学等相关专业，热爱计算机科学和互联网技术； 
2. 熟练使用 sql/python 语言等，掌握数理统计、数据挖掘等常用理论知识； 
3. 对分析感兴趣，喜欢从数据中发现规律，探索本质； 
4. 对 Hadoop, Spark 的原理熟练掌握，并有一定的使用经验者优先； 
5. 善于沟通，逻辑思维能力较强，善于学习新知识。

截止日期：2026年08月19日
招聘人数：1人",SQL Python Hadoop Spark,https://www.liepin.com/lptjob/75823481
数据分析师,从首而一科技有限公司,150-250元/天,南京-建邺区,南京,本科,,90天前更新,liepin,"岗位职责：
1、编写脚本或程序，抓取区块链相关数据。
2、对获取的数据进行清洗、整理，并确保其准确性。
3、使用可视化工具或代码库生成图表，展示链上数据和趋势。
4、与团队协作，根据需求定制数据分析报告和实时监控仪表盘。
5、研究和优化抓取与处理流程，提高效率。

岗位要求：
1、技术能力
1.1、熟练掌握一种或多种编程语言（如Python、Node.js、Go、matlab），尤其是用于爬取数据的工具库（如BeautifulSoup、Scrapy、Pandas等）。
1.2、熟悉或可以迅速掌握区块链数据结构与API接口。
1.3、掌握数据可视化工具或框架，具备良好的图表设计能力。
2、专业经验
2.1、应届毕业生、实习生均可，具有区块链或金融行业相关经验优先。
2.2、有独立完成数据抓取和分析项目的经历。
2.3、对金融感兴趣的优先。
3、软技能
3.1、具备较强的分析和逻辑思维能力。
3.2、善于沟通，能够理解业务需求并转化为技术方案。
4、附加加分项
4.1、熟悉数据库（如MySQL、PostgreSQL）或NoSQL（如MongoDB）。
4.2、了解链上数据分析工具。
4.3、有数据科学背景或了解机器学习方法。
4.4、了解区块链知识，有交易经验。

薪资范围与福利
薪资：根据经验与能力面议。

招聘人数：1人",Python Node.js Go MATLAB MySQL PostgreSQL SQL MongoDB 机器学习 数据分析 技术方案,https://www.liepin.com/lptjob/75407991
国际新闻传播项目数据分析师,中国环球广播电视有限公司,9-15k,北京-朝阳区,北京,统招本科,经验不限,6月25日更新,liepin,"岗位职责：
1.参与建立并优化国际传播效果评估的数据管理流程，负责海外社交媒体平台传播数据的处理与分析，具备多语种数据处理经验者优先。
2.定期开展国际新闻传播效果分析，完成内容包括传播趋势、用户反馈、舆情演化等方面的研究报告，为领导策略提供支持。
3.具备跨平台数据整合与分析能力，能够结合流量特点与内容生态，输出可落地的业务建议。能够开发并维护数据可视化看板。
4.关注AI与大模型在新闻业务中的应用，能够结合实际场景，提升工作效率。
5.准确落实完成领导交办的其他各项工作。
岗位要求:
1.拥护和遵守中华人民共和国宪法和法律，拥护中国共产党领导和社会主义制度。
2.具有大学本科及以上学历和相应学位，数学、计算机、数据科学、人工智能等相关专业优先。
3.英语六级及以上，能够将英语作为工作语言。
4.具备3年以上数据分析相关经验，有互联网、内容平台或国际传播领域经验者优先。
5.熟练掌握SQL及至少一种数据分析工具（如Python、R），能够运用统计方法支持业务决策。
6.对AI工具有基本了解，具备在新闻业务中应用Prompt工程等实践经验者优先，注重实际场景中的工具落地。
7.思维活跃、视野开阔，沟通能力、责任心、执行力强，能够沉着、冷静应对压力和紧急任务，并具有协调沟通能力和团队合作精神。",大模型 SQL Python 数据分析,https://www.liepin.com/job/1979258493.shtml
Senior Data Analyst 高级数据分析师,整车制造其他10000人以上,40-45k,上海-杨浦区,上海,本科,5-10年,7月23日更新,liepin,"As a member of ET(IT) MSS & data team, need dive deep into vast business and engineering datasets to uncover insights that drive operational excellence and decision-making. will partner closely with marketing and sales & service for Ford and Lincoln brand.
work closely with system product manager, data engineering, business subject matter experts, joint venture partners, etc to apply advanced data analyst skill and rich visualizations
Main job and goals to lead a small data analysis team to drive advance business team in digital transformation, data democratization and efficiency saving, the ability to learn, adopt, apply AI skill is a must


Responsibilities
1. Design and implement end-to-end data analyst pipelines, extracting raw data from internal system,
cleansing and loading into the BI tool.
2. Develop and maintain interactive BI dashboards (e.g., Power BI, Tableau, ABI) and routine management
reports to surface actionable insights for executives and business stakeholders.
3. Collaborate with cross-functional teams (Product, Marketing, Sales, After-sales) to translate data
insights into concrete business initiatives and process improvements.
4. Contribute to defining mid- and long-term data strategy, best practices, and analytic frameworks to boost
efficiency and delivery quality.
5. Coach and mentor junior and mid-level data analysts, fostering data literacy, technical skill development
and a culture of continuous learning.
6. Operate and maintain the CDP product, including but not limited to: permission management, account
management, product support, usage research, product promotion.
7. leverage the latest LLM, VLA, omini AI models to use data apply on the current business process and help business drive the AI transformations


Qualifications


Education Qualification Master’s in Statistics, Applied Mathematics, Computer Science, Data Science or a related field. For candidates with extensive experience, professional requirements may be appropriately relaxed.
No. of Years of Experience 5 yrs + total experience and at least 4 yrs related experience to data analysis.
Professional Exposure
(Technical Skills) Advanced SQL skills with strong relational database design experience; Experience with ETL tools (Informatica, Talend, Azure Data Factory) or building custom data pipelines; Advanced proficiency in a BI platform (Tableau, Power BI, ABI or similar); Know in at least one scripting language (Python or R) and familiar with core data science libraries (Pandas, NumPy, scikit-learn, etc.).
Preferred previous
experiences Proficient in Phyton or R is a plus; Experience with CDP, ABI, GMP is a plus; Experience with Azure Databricks is a plus.",Gin Go Git ROS RAG LLM CAN SQL Azure Python Scikit-learn,https://www.liepin.com/job/1980005817.shtml
数据分析师（Data Analyst）,上海镁睿科技有限公司,15-25k·14薪,上海-浦东新区,上海,统招本科,2-5年,6月18日更新,liepin,"岗位职责
1. 深入理解业务场景，结合业务目标建立数据分析体系，为业务决策提供数据支持；
2. 负责业务指标体系设计、监控及维护，建立核心 KPI 看板，持续跟踪业务运行情况；
3. 基于 SQL、Python 等工具进行数据提取、清洗、统计分析及可视化展示，形成分析报告；
5. 建立数据模型，对业务流程、实验数据等进行多维度分析，挖掘数据价值；
6. 与产品、研发、运营等部门紧密协作，推动数据驱动业务优化及策略落地；
7. 持续完善数据分析方法、分析模型及数据质量管理，提高分析效率和数据准确性；
8. 参与数据仓库、BI 平台及数据资产建设，推动数据标准化及规范化；

任职要求
1. 扎实的统计学基础，有增长分析、用户画像、漏斗分析、留存分析等经验；
2. 熟悉 Python（Pandas、NumPy、Matplotlib 等），能够完成数据处理及自动化分析；
3. 具备良好的数据敏感度，能够从数据中发现问题并提出可落地的解决方案；
4. 熟练使用vibe coding，了解AI agent开发；
5. 良好的沟通表达能力及跨部门协作能力；
6. 加分项：了解 Hive、Spark、Flink、Kafka、Doris、ClickHouse 等大数据技术；熟悉机器学习、预测模型或 AI 数据分析相关经验。",SQL Python Hive Spark Flink Kafka Doris ClickHouse 机器学习 数据分析 跨部门协作,https://www.liepin.com/job/1983558853.shtml
数据分析师 Data Analyst（第三方合同）,食品/饮料/酒水2000-5000人,20-25k,广州-番禺区,广州,本科,3年以上,7月27日更新,liepin,"I. JOB DESCRIPTION
Overall Scope & Purpose:	Business Analytics
Job Title:	数据分析师  Data Analyst
(Contractor under employment by a third party)
Reporting Relationships	:	Associate Director - Business Analytics & Insights
Responsible for	:	Business Analytics

Duties & Responsibilities: 
线下零售&餐饮方向
•	分析不同地域 x 线下零售（业态）和餐饮（档次/赛道）的市场份额与分销覆盖表现，结合内部SFA / Sell-out 数据定期复盘，发现渠道增长机会点。
•	结合地域 x 渠道 x 品（品类趋势，产品偏好，分销，价格等）分析，提出可落地的销售执行与渠道优化建议。
•	整合统计局宏观经济、行研、财报及桌面研究数据，并与内外部渠道数据有效结合，形成全局视角。
•	分析不同地域 × 线下零售（业态）或 餐饮（档次 / 赛道）的市场份额与分销覆盖表现，结合内部 SFA / Sell-out 数据进行定期复盘，识别渠道增长机会。
•	结合地域 × 渠道 × 产品维度，围绕品类趋势、产品偏好、分销及价格等开展分析，并提出可落地的销售执行与渠道优化建议。
•	数据治理及结构化：尼尔森数据源、Sell in sell out数据打标、映射等，用于AI数据接入
•	基于月报业务逻辑及预期AI产品蓝图，撰写数据分析流的标准文档，用于第三方搭建AI产品方案的业务逻辑输入

Education & Experience: 
•	3 年及以上快消品行业经验，有调味品行业经验者优先。
•	其中，具备 2 年及以上线下渠道内/外部数据运营经验，熟悉 Nielsen、SFA、Sell-in / Sell-out 等数据，能够有效整合多元信息。

Requirements & Skills:
•	了解销售渠道经营及 Go-to-Market 链路，具备一定调味品产品知识者优先。
•	具备较强的数据分析能力，能够基于数据搭建分析框架、并识别机会点；能初步AI输出洞察的结论的合理性，用提出调优建议。
•	抗压能力强，能够适应数据刷新周期快速响应及交付产出，并具备主动探索精神。

 ",IPS Go 数据分析 数据治理 DESCRIPTION Overall Scope Purpose,https://www.liepin.com/job/1984395295.shtml
Staff Specialist Data Analyst 员工专家数据分析师,某上海机械/设备上市公司,25-35k·15薪,上海-浦东新区,上海,统招本科,5-10年,7月8日更新,liepin,"Key responsibilities in your new role

•,,Understand data strategy & data flow of Greater China digital Go to Market ecosystem, enable and sustain 360 Customer profile for marketing automation & Leads management.
•,,Develop data synchronization job to enable connections between local solution and global system.
•,,Collaborate with stakeholders to understand business requirements and translate them into technical solutions for web analytics data collection and processing.
•,,Implement and optimize SQL queries or sync job for data extraction, transformation, and loading (ETL) processes to support data analytics initiatives.
•,,Implement and manage analytics tools (e.g., Google Analytics, Baidu Analytics, WeChat Integration) to collect relevant data.
•,,Utilize Python, SQL and PySpark to design, develop, and maintain scalable data pipelines for web data processing and analysis.
•,,Monitor and analyze competitors' online activities to identify industry trends and benchmark our performance.
•,,Stay current with industry trends and best practices in web analytics, data engineering, and data science to drive continuous improvement in data processing and analysis.

Your Profile

Qualifications and skills to help you succeed
,,Master’s degree in computer science, engineering, or relatedtechnical field, or equivalent practical experience.
,,1-3 years of relevant industry experience in either data engineering,business intelligence, data science, or related field with experience inmanipulating, processing, and extracting value from complex datasets.
,,Strong business understanding on WeChat ecosystem or similarecosystem
,,Proven experience as a data analyst or in a similar role & practicalexperience with sql DB, no-sql DB and Bigdata.
,,Understanding of basic website knowledge, including familiarity withweb page structure and user behavior tracking.
,,Have independent experience in completing end-to-end requirementsanalysis to project delivery",Git Go SQL Python Spark Scala Gin,https://www.liepin.com/a/77645559.shtml
资深数据分析师- Sr Data Analyst(J20069),长鑫存储技术有限公司,20-35k·16薪,合肥-蜀山区,合肥,本科,5年以上,7月7日更新,liepin,"职责描述：
1. 业务模型构建与优化：主导半导体制造场景下的经营预测模型（需求/销量预测）、成本模型（制造成本分摊与优化）、产能模型（设备利用率分析）及产出模型（排产计划与产出）的开发、验证与迭代，将模型成果直接应用于产能规划、成本节约和产出效率提升等实际业务场景；
2. 数据驱动决策支持：基于半导体制造流程（晶圆加工、封装测试、设备维护保养、自动化搬运等）数据，识别生产瓶颈、成本异常或效率洼地，输出可执行优化方案，并通过构建自动化分析看板（Tableau/Power BI/帆软BI）向管理层及跨部门团队提供数据洞察；
3. 跨领域协同与数据治理：协同数据治理组及IT其他部门，优化数据架构，确保制造端、设备端及财务系统数据的整合与质量治理，并向业务部门提供数据赋能培训，推动数据文化在制造体系的渗透。
任职要求：
1. 教育背景与专业知识：本科及以上学历，统计学、工业工程、计算机、半导体材料或器件相关专业；
2. 专业技能与资格：精通Python/R/SQL，能使用机器学习框架（Scikit-learn/XGBoost/LightGBM/Pytorch）完成实际项目落地与工程实施；掌握时序预测（Prophet/ARIMA/SARIMA/TST）及优化算法（LP/IP/COP），能定期阅读论文并分享前沿发展方向；熟练使用BI工具（Tableau/Power BI）及数据工程栈（Spark/Hadoop）；具备大语言模型（LLM）落地经验，能使用LangChain/LangGraph开发自定义智能体；
3. 行业与专业经验：5年以上制造业数据分析经验，具备至少一项实战成果：开发并落地经营预测模型（需求预测准确率≥85%）、构建成本模型实现制造成本降低、设计产能/产出模型推动产能利用率提升或良率优化（需提供量化收益证明）；具有半导体行业经验者优先（包括Fab厂运作、探针卡测试流程、Wafer加工流程、成本分析与降本管理、综合排产和计划管理等场景）；
4. 项目/任务成果：能提供过往模型落地案例及量化收益证明（面试需提交案例简述）；
5. 其他要求：具有强逻辑推理能力，能将复杂的制造业务问题转化为数据解决方案；结果导向；具有优秀的跨部门沟通能力，能适应制造业快节奏环境。",Python SQL 机器学习 Scikit-learn XGBoost LightGBM PyTorch Spark Hadoop LLM 数据治理 培训,https://www.liepin.com/job/1983965365.shtml
Data Analyst数据分析师,某知名公司,25-50k·15薪,深圳,深圳,统招本科,5-10年,5月12日更新,liepin,"We are passionate about alternative data. As a Data Analyst, you’ll work with our Investment Analysts and Data Team to uncover insights about companies, industries, and the broader economy through deep fundamental research and applying data science and engineering techniques to alternative data sets.
Preferred Profile
- Strong experience in Python, SQL or another language.
- Strong organization, communication and interpersonal skills.
- Strong business intuition and a solution orientated, methodological approach to problem solving.
- Attention to detail and a love of process.
- Strong oral and written communication skills
- Ability to multitask and prioritize assignments
- 2+ years of relevant experience in Data Analyst or related field
- Native mandarin
- MBA degree, Computer Science or Statistics background a plus

Your Added Value
- Identifying potential Alternative Data sources.
- Engaging with vendors to understand characteristics of datasets. Assist with collecting and maintaining overviews and vendor content offering.
- Assist with data questions and requests from Investment Teams. Assist Investment Team with manual data processing as required.
- Coordinate with compliance team on new vendor trial/subscription process.
- Building processes and technology tools to ingest, tag and clean datasets. Setting up feed download and monitor check in database. Monitoring automated data collection and cleansing infrastructure.
- Analysis of datasets to generate descriptive statistics and propose potential applications of data.
- Research of potential “alpha signals” from alternative data.
- Research on new technologies for improved data management and efficient retrieval.
- Build and support visualization and exploration capabilities around our alternative data sets.
- Maintain Triata Data Wiki contents.
- Role will be based in Shenzhen

Python 技术面可扩展能力要强（CS background 有NLP / AI / 全端开发等技能）",LTE Gin Python SQL We As Data Analyst,https://www.liepin.com/a/75579243.shtml
Data Analyst 数据分析师,某国内大型电子/半导体/集成电路公司,20-25k·13薪,南通-通州区,南通,硕士,1-3年,7月28日更新,liepin,"岗位职责 / Responsibilities：
收集、清洗和处理生产及运营数据，提供可视化报告；
运用统计学方法分析数据趋势，支持决策；
与工程、质量和生产团队协作，优化流程；

任职要求 / Requirements：
硕士学历（应届或毕业1-3年内），且为海外院校毕业；
专业方向：通信工程、数据科学、统计学或相关领域；
具备良好的数据分析工具使用能力（如Python、SQL、Excel等）；
学习能力强，能快速响应业务需求，积极主动，富有工作热情；
",Python SQL 数据分析 Responsibilities Requirements,https://www.liepin.com/a/77736117.shtml
Data Analyst 数据分析师,上海前绣实业有限公司,28-35k·13薪,上海-浦东新区,上海,统招本科,5-10年,7月9日更新,liepin,"关于团队 
我们是创造者。我们需要您的加入。
我们是创造者——用心营造让生活、工作与自然蓬勃共生的活力社区。我们立足于深厚的历史根基，在互相信任与尊重的文化凝聚下，勇于挑战宏大的构想，并以深思熟虑、并肩协作的态度，带着对我们所服务社区的关怀，将蓝图化为现实。员工是成就这一切的核心：在这里，每个人都能展现真我、致力成就非凡，在并肩同行中互相启发。通过一砖一瓦，我们构建出充满活力、多元包容且历久弥新的空间——因为真正的进步，始于笃行。

工作职责
1. ETL 开发与数仓建设(离线+实时)
负责各业务数据的抽取、清洗、入库流程设计与开发，涵盖离线数仓与实时数仓的建设。
基于阿里云数仓搭建及维护数据仓库的分层架构，进行数据建模、调度，确保数据的准确性、安全性与及时性。
对接多家供应商的外部数据源，编写自动化脚本或程序，调用API接口将数据抓取并同步至内部数仓。
2. 数据指标体系管理
对接业务需求，定义核心指标口径，构建标准化的业务指标体系。
编写 SQL 逻辑以支持多维度的业务查询需求，优化查询性能。
3. 业务分析与可视化
开发并维护自动化 BI 看板，实现业务数据的多维度监控和可视化展示。
支持管理层和业务部门做日常运营、活动复盘等场景的数据分析洞察，为业务增长提供数据决策。
推进手工报表的自动化，通过技术手段替代传统的人工统计流程，提升报表效率与准确性。

任职要求
计算机、软件工程、数学等相关专业本科及以上学历。5年以上数据平台开发经验。
1. 数仓与大数据技术
离线数仓：精通 Hive/Spark SQL，有扎实的数仓建模理论及实战经验。
实时数仓：熟悉 Kafka 消息队列的数据接入，掌握实时数据清洗和入库。
性能调优：具备SQL 优化能力，能独立排查和解决计算任务的性能瓶颈。
2. 编程与采集能力 
编程语言：精通 Python (推荐) 或 Java，能够熟练编写脚本调用 HTTP/HTTPS 接口。
接口处理：理解 HTTP 协议，熟练处理接***互逻辑。
数据解析：熟练处理复杂的 JSON 嵌套结构及 数据格式。
加密算法：熟悉常用的数据安全算法，能够独立实现接口对接中常见的加解密逻辑。

行为能力
决策质量：能及时和果断地做出明确的决策。
培育创新：勇于创新和变革，能提出全新和更好的想法，帮助公司迈向成功
商业敏锐度：拥有娴熟的商业、财务和市场知识，能够做出正确的商业决策，推动达成公司目标。
追求结果：有自我推动力、冲劲和进取心，以结果为导向，即使在艰难的情境下也能达成目标。
确保承担责任：拥有强烈的责任心和使命感，能制定清晰的职责和指标来衡量工作成果
优化工作流程：能建立有效和可持续的工作流程，帮助完成部门工作。
协作：能与其他人建立合作伙伴和协作关系，一起实现共同目标。
有效沟通：拥有优秀的沟通技巧，能够清晰和有效地与不同受众沟通。
情景适应能力：能快速和主动地应对工作要求和情境的变化。

为何选择我们
我们： 
于2023、2024和2025年连续三年荣获HRoot卓越雇主，此前亦于2021年获此殊荣
荣获HRflag极帜奖-2025最佳人力资源管理项目
荣获HRoot 2024卓越社会企业

加入我们
把握机会！ 
作为一家提供平等机会的雇主，上海前绣实业有限公司致力于培养多元化的员工队伍和包容的工作环境，让每一位员工都能得到成长。若您在招聘过程中的任何阶段，包括在线申请及/或选拔的过程中，需要特殊协助和便利安排，请随时通过电子邮件与我们联系。
在职位申请过程中收集的所有个人数据将在招聘流程结束后被保留12个月，之后将被销毁。所有信息只作招聘和聘任用途。上海前绣实业有限公司将根据当地法律保密处理所有个人数据。

关于外部推荐
上海前绣实业有限公司不接受任何猎头机构未经委托主动提供的简历。若在未签订服务协议的情况下，由猎头机构提交的候选人被录用，相关服务费用将不予支付。此类候选人简历将被视为上海前绣实业有限公司所有。

隐私政策
您向上海前绣实业有限公司（以下简称“我们”）投递简历信息即代表您授权我们根据《太古地产（中国）招聘隐私政策》（“隐私政策”）处理您提交的个人信息。我们承诺对您所提供个人信息的处理将严格限定在您的授权范围内，并根据适用的法律的规定采取合理措施保障信息安全。在此次招聘活动结束后，我们将按照该隐私政策及中国内地相关法律法规要求对上述信息予以处理。若欲完整了解我们的个人隐私保护政策，请登录招聘官网，查看《太古地产（中国）招聘隐私政策》。",阿里云 SQL Hive Spark Kafka Python Java 加密 数据分析,https://www.liepin.com/job/1979748451.shtml
Data Analyst 数据分析师,某上海互联网公司,50-70k,上海,上海,本科,3-5年,7月20日更新,liepin,"关于 Goodnotes
Goodnotes 是总部位于伦敦的科技独角兽公司，2024 年 iPad 付费应用全年全球下载榜第一，营收强劲。我们正在上海组建中国区创始团队，致力于打造基于 Canvas 与手写场景的最佳 AI 解决方案，提升用户的记录、学习与协作体验。

为什么加入我们
- 精锐团队：从 0 到 1 参与策略定义，决策链条短，产品判断不会被多层稀释。
- 资深团队，AI Native 运作：成员主要来自字节等一线互联网公司，提供最佳模型与无限 Token。
- 品牌势能：全球头部笔记品牌，用户覆盖数千万，用户心智强，拥有丰富的全球渠道合作
- 稳健发展：营收稳健并维持高增速，无融资压力
- 开放文化：鼓励探索、容许试错，权责对等，任务有挑战也有充足支持
- 薪酬与环境：对标一线大厂薪酬，没有无意义的加班；办公地点位于徐汇滨江，毗邻腾讯、阿里、网易

职位要求
任职要求
- 5 年及以上互联网产品数据分析经验，具备独当一面的数据分析能力
- 数据驱动，擅长基于数据与 AB 实验驱动的产品决策
- 扎实的数据分析全流程能力，从埋点体系，看板监控到深度业务分析
- 扎实的 AB 实验经验，熟悉分桶/分流机制、实验设计、显著性校验等，能独立实现设计到回收全流程
- 擅长通过数据与 AB 实验挖掘业务增长点与关键机遇
- 熟练掌握 SQL, Python/R 等数据分析工具
- 具备良好的产品思维和业务意识，数据分析严谨中立
- 对产品与技术实现有较深理解，能与产研团队高效沟通

加分项
- 有意愿有能力跨界 PM 角色，对于深信的业务机遇展开独立探索包括撰写 PRD，推动实验上线 （重要加分项）
- 3 年以上字节核心业务的数据分析背景（重要加分项）
- 具备移动端或桌面端产品的数据分析经验，尤其是效率类 / 协作类应用
- 熟练使用 AI 工具（Claude Code、Codex、Cursor 等），并对工具如何融入数据分析工作流有理解与方法论
- 英语流利，能胜任跨团队协作与英文用户访谈",Go CAN SQL Python 数据分析 Goodnotes Canvas AI,https://www.liepin.com/a/77871935.shtml
数据分析师|Data analyst(J18127),长鑫存储技术有限公司,15-30k·15薪,合肥-蜀山区,合肥,本科,3年以上,90天前更新,liepin,"职责描述：
1. ABP系统搭建与开发： 参与规划并负责开发ABP经营管理系统的数据看板（Dashboard），涵盖营收、产出、研发、成本、新业务等核心模块。
2. 数据整合与治理： 负责从财务、生产、销售、研发等业务系统中提取、清洗和整合数据，致力于打破数据孤岛，构建统一、可信的数据仓库。
3. 数据模型与算法开发： 设计并开发用于收入预测、风险预警、产能优化等场景的数据模型；探索并落地AI/机器学习算法，用于大数据分析与决策支持。
4. 可视化与工具开发： 将复杂的数据分析结果通过Power BI、Tableau等BI工具转化为直观的可视化报表，为管理层提供“一目了然”的经营洞察。
5. 数据技术支持： 为经营分析经理和业务协同经理提供专项数据分析支持，解决临时、紧急的数据测算与分析需求。
任职要求：
1. 学历与经验： 统招本科及以上学历，计算机、统计、数学、数据科学等相关专业优先；3年以上数据分析/商业智能（BI）相关工作经验。
2. 硬核技能：
  - 必备工具： 精通SQL进行数据查询与提取，熟练使用Python或R进行数据清洗、分析和建模。
  - BI工具： 精通至少一款主流BI工具，如Power BI、Tableau或FineBI，有独立开发复杂报表的经验。
  - 数据思维： 对数据有极强的敏感性，具备扎实的统计学知识，能够独立设计和评估分析模型。
3. 核心素质：
  - 技术极客精神： 对数据技术和工具有浓厚的兴趣，乐于学习并探索最新的大数据与AI技术。
  - 严谨与责任心： 对数据和代码有极高的严谨性，对产出物的准确性和稳定性负责。
  - 团队协作： 具备良好的沟通能力，能清晰地向非技术背景的同事解释数据逻辑和分析结果。",机器学习 SQL Python 数据分析 技术支持 Dashboard BI,https://www.liepin.com/job/1978600039.shtml
Data Analyst / 数据分析师,基金/证券/期货100-499人,薪资面议,杭州-滨江区,杭州,本科,1-3年,7月7日更新,liepin,"Job Duties:
 •	As a part of Asia Equity Quants team, you will analyze large data sets and create exhibits (charts, tables etc.) that can be used to present the results of analysis (Python/SAS/Excel) for research papers published by the team
•	Create and maintain databases using data from different sources 
•	Provide seamless support on ad hoc data and analytics related requests
•	Identify and exploit new patterns in data using various techniques like machine learning 
•	Conduct analysis, draw insights and present findings to clients

Skills Required:
 •	Good Programming skills: Python (must)/SAS (good to have)
•	Data manipulation-financial engineering using python packages like pandas, NumPy
•	Bloomberg and/or FactSet experience is a plus
•	Basic investment industry knowledge is desirable
•	Advanced Excel skills and VBA, including the ability to work with large and complex databases
•	Excellent attention to detail
•	Proactive, organized, and able to work with various teams
•	Possess broad understanding of data research, collection, and aggregation
•	Strong communication skills with proven ability to interact with global clients
•	Good problem-solving skills and should be able to resolve issues with little input
•	Producing well-formatted exhibits like charts and tables, based on the results of analysis, in an efficient and automated manner
•	Diligence and hard work
•	Good English Skill


Qualification:
 PG degree in Engineering / Analytics / Statistics / CFA ",CAN Python Go Gin Duties As Asia Equity,https://www.liepin.com/job/1976669715.shtml
高级数据分析师Sr. Data Analyst,安客诚信息服务（上海）有限公司,20-25k,上海-徐汇区,上海,本科,3-5年,90天前更新,liepin,"职责描述：
•	通过与客户深入沟通了解客户需求及潜在需求，开展营销需求咨询，挖掘商业痛点并形成数据分析需求
•	通过深入的消费者洞察，熟练运用各种分析工具为客户定制高度个性化的市场线上营销活动提供数据依据，以帮助客户更有效地与其顾客进行沟通
•	以实现业务目标为导向，支持产品运营日常数据分析需要；深入分析挖掘数据，应用数据分析方法为eCRM运营以及广告投放策略提供方案与建议，跟踪执行效果
•	为eCRM业务提供解决方案，基于我们应用正确方法框架进行基于数据的洞察，能够引导eCRM团队
•	关注跟踪电商平台运营及市场营销领域的新玩法和技术发展趋势，跟踪竞争对手动态，分析对标竞争对手的产品组织市场策略等

任职要求
•	教育背景：大学本科及以上学历，数学、统计、计算机等专业毕业
•	工作经验：三年以上商业数据分析、数据管理经验，丰富的电商平台知识体系工作经验（从事过美妆、母婴奶粉、快消零售等行业数据分析、数据挖掘建模分析经验者优先）
•	必备技能：对数据具有足够的敏感性和洞察力， 具备良好的学习能力、逻辑思维能力，愿意在数据分析领域深入钻研
•	沟通能力：优秀的沟通能力，对外能深入了解客户需求，对内能高效沟通协调解决问题
•	语言能力：熟练的英文读写能力，良好的英文听说能力
•	计算机能力：熟练使用windows系统以及office等基础应用软件，精通Excel 以及熟练使用PPT
•	职业素养：对大数据行业有热情，有数据好奇心，优秀的团队协作能力和执行力；能够在压力下完成工作，善于与人沟通交流，良好的亲和力，灵活的处理问题能力，以及高效的办事风格。
",数据分析,https://www.liepin.com/job/1951590359.shtml
数据分析产品经理/数据分析师（Product Manager/Data Analyst）,IT服务不需要融资10000人以上,10-20k,广州-荔湾区,广州,本科,5年以上,6月23日更新,liepin,"岗位职责：
一、数据产品规划与设计
1.负责数据分析产品的整体规划与路线图制定，包括数据看板（Dashboard）、自助分析平台、用户行为分析工具、标签体系、预警系统等
2.深入理解电商及数字化业务场景，主动挖掘业务痛点与数据机会，将业务需求转化为清晰的数据产品 PRD（产品需求文档）
3.设计核心分析场景的产品化解决方案，涵盖但不限于：转化漏斗、用户旅程分析、留存分析、归因分析、用户分群、实时监控大盘等
4.定义数据产品的核心指标体系（KPI ），确保指标口径统一、业务含义清晰
二、数据需求管理与埋点协同
1.作为业务侧与埋点团队之间的需求翻译层，将产品、运营、市场等部门的分析诉求转化为结构化的埋点需求
2.与埋点策略负责人紧密协作，参与埋点方案评审，确保数据采集方案能完整支撑下游分析场景
3.建立规范的数据需求管理流程，包括需求收集、优先级排序、排期跟踪、验收交付的全链路管理
4.维护业务指标与埋点事件的映射关系文档，确保数据从采集到消费的全链路可追溯
三、数据产品落地与项目推进
1.主导数据产品从需求到上线的全生命周期管理，协调数据开发、前端、后端、BI 等多个团队高效协作
2.撰写详细的产品需求文档（PRD），包括数据逻辑、交互原型、异常处理规则、权限设计等
3.制定数据产品的上线验收标准，确保数据准确性、展示逻辑正确性和用户体验质量

岗位要求：
1、5年以上数据产品经理、数据分析或商业分析相关工作经验。
2、有电商平台（尤其是私域电商、社交电商）数据产品经验，有成功落地数据看板、分析平台或用户行为分析系统的案例
3、深刻理解电商或互联网业务，熟悉用户行为分析方法论（漏斗分析、留存分析、路径分析、归因模型、RFM 模型等）
4、出色的PRD 撰写能力，能产出逻辑严密、细节完整、研发可直接执行的产品文档
5、优秀的跨部门沟通与项目推进能力，能有效协调产品、研发、数据、业务多方团队
6、具备较强的逻辑思维与结构化表达能力，善于将复杂业务问题拆解为可量化、可衡量的数据需求
7、普通话流利；具备英语读写能力

加分项：具备 Python / R 数据分析能力者优先
有直销、零售、快消行业数字化经验者优先",Python 产品规划 数据分析 数据采集 产品文档 Dashboard PRD KPI,https://www.liepin.com/job/1983642775.shtml
人力资源数据分析师（HR Data Analyst） 或SSC,珠海三友环境技术有限公司,8-12k·13薪,珠海-香洲区,珠海,本科,2年以上,90天前更新,liepin,"岗位职责： 
1. 负责薪酬、绩效模块的数据统计、分析与建模，输出定期报告及优化建议，支持业务决策；  
2. 开展人力成本测算与分析（含薪资、福利、编制等），监控成本波动并提出管控方案； 
3. 搭建人效数据分析体系（如人均产值、人力成本投入产出比等），挖掘效能提升点； 
4. 支持SSC日常数据运营，优化数据流程，确保薪酬绩效数据的准确性与时效性； 
5. 对接业务部门及HRBP，提供数据洞察，辅助人力资源策略制定；  

任职要求： 
1.2年以上HR数据分析经验，有SSC（共享服务中心）薪酬/绩效运营实操经验；  
2.精通Excel（函数、透视表等）、熟练使用Power BI/Tableau等可视化工具，具备SQL或Python基础者优先； 
3.擅长人力成本结构分析及测算逻辑（如薪资总额预测、离职率对成本影响等）；  
4.对人效指标（如元均效益、人力成本占比等）有独立分析经验，能结合业务痛点输出见解； 
5.数据敏感度高，逻辑清晰，能通过数据发现业务问题，能将专业分析转化为业务语言；  ",SQL Python 数据分析 BI,https://www.liepin.com/job/1975293977.shtml
Data Analyst - LLM agentic AI（J10949）,深圳市万邑通信息科技有限公司,25-50k,深圳,深圳,本科,5-10年,90天前更新,liepin,"
We are currently seeking a Data Analyst to join our team focused on developing scalable agentic analytics and solution automation toolkits and libraries. This position offers the opportunity to work at the intersection of analytics and engineering, helping build agent-driven platforms that accelerate the development and deployment of intelligent, data-informed solutions at scale for operations optimization and business insights at WINIT.

In this role, you will collaborate with cross-functional teams of engineers, analysts, and business stakeholders to create cutting-edge infrastructure and reusable components that will be leveraged across numerous analytics use cases. You will also have the chance to explore and apply state-of-the-art agentic techniques and LLM capabilities from both academia and industry.

Job Description:

## What You’ll Do

- Design and prototype agent-assisted analytics solutions that enhance the analysis development lifecycle (ADLC), automation, and large-scale analytics enablement.
- Apply statistical analysis, data mining, and experimentation to solve high-impact, system-level problems with real-world constraints in logistics operations and business processes.
- Explore and integrate emerging trends in agentic AI and LLMs into intelligent assistants, toolkits, or reasoning systems that support internal analytics use cases (e.g., anomaly detection, root-cause analysis, KPI monitoring, forecasting support).
- Develop methodologies for scalable decision-making, tool orchestration, and memory-based reasoning in agentic workflows.
- Collaborate with data engineering, platform engineering, and product/operations teams to translate prototypes into reusable components and frameworks (dashboards, metrics layers, alerting/monitoring).
- Stay up to date with academic and industry research and help shape the adoption of cutting-edge agentic and analytics techniques into WINIT’s ecosystem.

## About You

- 2+ years of industry experience as a Data Analyst, Analytics Engineer, or in a similar applied role.
- Solid understanding of analytics concepts, statistical techniques, and tooling (e.g., SQL, Python/pandas, statistics; familiarity with BI tools such as Tableau/Power BI; knowledge of ML libraries like scikit-learn/XGBoost is a plus).
- Familiarity with agent frameworks or agentic system design (e.g., ReAct, AutoGPT, OpenAgents, RAG), including use of tools, memory, and planning components.
- Familiar with LLM and agentic system performance evaluation.
- Proficient in SQL and Python, with experience building reliable analytics assets using sound software engineering principles (data models, metrics definitions, dashboards, and automation scripts).
- Curious and passionate about staying up to date with the latest analytics/AI research and best practices.
- Strong problem-solving and communication skills, with a collaborative mindset.
- Experience in multi-team or cross-functional collaboration is a plus.
- Bachelor’s degree in Statistics, Mathematics, Computer Science, Engineering, or a related field (or equivalent industry experience).
- Overseas study experience preferred.",Scala Gin ROS RAG LLM SQL Python Scikit-learn XGBoost React GPT,https://www.liepin.com/job/1977949675.shtml
数据分析师,某上海大型日化公司,15-25k·15薪,苏州-工业园区,苏州,本科,3-5年,7月22日更新,liepin,"SUPPLY CHAIN SR. EXECUTIVE, PHYSICAL DISTRIBUTION

Job Description: 
1. Provide digital solutions to cross-functional teams 
2. Build PBI based on database or system such as SAP/WMS/OMS 
3. Design the detailed digital process based on requirements from business 
4. Develop and implement 1) databases, 2) data collection systems, 3) data analysis reports, 4) other 
improvement digital solution 
5. Provide supply chain analytics for business decision  
Skill & capability required: 
1. Bachelor’s degree, Computer Science or logistics background preferred 
2. 3+ years’ experience in a Sr. Data Analyst or Sr. Data Engineer role 
3. Experience with building Data Warehouse, developing ETL pipelines 
4. Programming skills in Python，Java/C #/C ++ is plus. 
5. API development experience 
6. Proficiency with relational databases and data modelling (ability to write and read complex T-SQL) 
7. Experience in Power Bi DAX coding 
8. Open mind and quick learner 
9. Positive working attitude and do well under pressure 

供应链高级专员（实物分销方向） 
岗位职责：
1.为跨职能团队提供数字化解决方案支持；
2.基于SAP、WMS、OMS等系统或数据库搭建Power BI（PBI）可视化报表；
3.根据业务需求，设计并细化数字化业务流程；
4.开发并落地实施：1）数据库建设，2）数据采集系统，3）数据分析报告，4）其他改进类数字化解决方案；
5.为业务决策提供供应链数据分析支持。
任职要求：
1.本科以上学历，计算机科学或物流相关专业优先；
2.3年以上高级数据分析师或高级数据工程师相关工作经验；
3.具备数据仓库搭建及ETL管道开发经验；
4.掌握Python编程语言，具备Java/C#/C++开发经验者优先；
5.有API接口开发经验；
6.精通关系型数据库及数据建模，能够熟练编写及阅读复杂的T-SQL语句；
7.熟练掌握Power BI DAX公式编写；
8.思维开放，学习能力强；
9.工作态度积极，能在压力环境下良好开展工作。",Git ROS Gin Python Java SQL C# C++ 供应链 数据采集 数据分析,https://www.liepin.com/a/77796879.shtml
Data Analyst,咨询服务50-99人,8-15k,上海,上海,统招本科,1-3年,7月28日更新,liepin,"We are seeking an experienced and highly motivated Data Analyst to join our team in an individual contributor capacity. The ideal candidate will play a key role in managing and implementing global digital products in the market of HSE, RISK Management and OPEX markets for both internal and external clients. This position requires a strong data analytical mindset, excellent communication skills, and the ability to collaborate effectively across global time zones.


Key Responsibilities


· Manage and implement global digital products and solutions for clients, ensuring successful delivery and adoption.
· Identify opportunities for automation and process standardization across modules, providing recommendations and implementation approaches. Automation and AI knowledge to be implemented as a disruptive accelerator and quality improver is a must.
· Collaborate with cross-functional and geographically distributed teams with a proactive approach toward customer delivery.
· Prepare documentation, reports, and client presentations using PowerPoint and other relevant tools.
· Provide product configuration and delivery training to global team members.
· Interact directly with customers to ensure best practices in customer management and deployment.
· Leverage AI tools for multilingual configuration and customer delivery support.
· Apply strong attention to detail and data storytelling capabilities to communicate insights effectively.
· Stay updated with current technology trends and demonstrate adaptability in a dynamic environment.
· By accustomed to working with Agility tools and SQUADs.
· Perform Unit tests and Quality Assurance to products and projects.
· Lead by example and support continuous process and technology improvement initiatives.
· Personal profile and mindset of working collaboratively, in a multinational team, with the will to improve and discovery new ways for delivering through usage of technology and AI.


Required Skills


· Database Technologies: Databricks, MongoDB, SQL
· Business Intelligence Tools: Power BI, Tableau, e-charts
· Other Tools: PowerPoint, Excel, Power Query, JIRA
· Strong communication skills and ability to present insights clearly.
· Familiarity with ETL processes and basic machine learning concepts.
· Write and use AI prompts, to help perform your tasks.


Minimum Eligibility Criteria
· Minimum 6 years of overall work experience.
· At least 3 years of consulting experience in a consulting organization.
· Completed Bachelor’s degree in Computer Science, Information Technology, or related field.
· Ability to work from Beijing/Shanghai/Shenzhen, on hybrid work regime.",CAN Gin Git ROS RAG MongoDB SQL,https://www.liepin.com/job/1983785385.shtml
数据分析师,某上海专业技术服务公司,13-17k,成都-高新区,成都,学历不限,经验不限,7月20日更新,liepin,"岗位名称：数据分析师（Data Analyst）
工作地点：成都 高新区
岗位职责：

1.业务需求梳理与数据分析
与业务方紧密协作，主动澄清业务需求，将模糊的业务问题转化为可执行的数据分析方案，深入理解业务场景，通过数据探查和分析，为业务决策提供清晰、可落地的数据支撑。

2.数据提取与报表开发
基于SQL从数据仓库/数据库提取、清洗和加工数据，高效响应业务取数需求，使用Excel、Dashboard工具（如Power BI/Tableau等）搭建可视化看板，实现业务指标的自动化追踪与监控。

3.AI项目支撑与探索
结合业务场景，探索AI/大模型技术在数据分析、报表自动生成、异常预警等方向的应用落地，与算法团队协作，为AI项目提供数据准备、特征工程和结果验证支持。

任职要求
1.本科及以上学历，5年以上数据分相关工作经验。
2.精通SQL：具备复杂查询、多表关联、性能优化的实战能力
3.熟练使用Excel：精通高级函数、数据透视表等数据分析功能
4.熟悉数据可视化工具：熟练使用Power BI、Tableau或同类工具搭建Dashboard
5.了解Python：具备基本的Python数据处理能力
6.了解AI/大模型：对AI技术在数据分析领域的应用有基本认知或实操项目经验
软性要求：
1.专注细心：对数据有敏感的洞察力，能在海量数据中快速发现异常，具备较强的问题排查和解决能力
2.业务理解力：能主动理解业务逻辑，在业务需求不清晰时能主动沟通、引导和澄清
3.沟通能力：能与业务方、产品、技术团队顺畅沟通，清晰表达分析结论和方案建议
4.学习热情：对AI/大模型技术有持续学习的热情，愿意将新技术应用到实际工作中",SQL 大模型 Python 数据分析 Data Analyst BI,https://www.liepin.com/a/78040249.shtml
Senior Data Analyst - Asia Data Office,计算机软件1000-2000人,15-30k·14薪,成都-高新区,成都,本科,5-10年,6月17日更新,liepin,"Responsibilities
The Asia Data Office is looking for an experienced Senior Data Analyst to join our team to support our regional partners. If you have passion for data and a desire to drive quality data solutions within a data driven culture, then read on to learn more about this opportunity!

This role is critical to executing our data strategy by strengthening our Enterprise Data Lake (EDL) capabilities and enabling trusted, scalable data products and analytics for regional stakeholders.

We are looking for the right individual who would be interested in the opportunity to support and enhance our data capabilities, has strong willingness to learn and build delivery skills through team collaboration, desire to drive and execute on our data strategy, willing to help mature our delivery practices, and is looking for an opportunity to embrace technical, operational, and team lead responsibilities.
Duties

•	Play team lead role for the delivery of data projects for various businesses and functions.
• 	Lead data modeling activities (conceptual, logical, and physical) to deliver trusted, reusable datasets and semantic models that support reporting and analytics.
•	Engage senior stakeholders and ensure alignment on priorities and roadmap.
•	Collect business requirements from stakeholders including business owner, business user, product owner, etc. 
•	Prepare project plan and subsidiary plan (communication, training plan etc) and project registers (risk, issues, actions, decisions)
•	Direct the day-to-day project activities and manage the team towards project objectives.
•	Lead the team to deliver required ETL and other data applications via Cloud-based Enterprise Data Lake (EDL) platform.
•	Lead the team to execute data gathering and cleansing to ensure data accuracy and reliability, data transformation and integration into suitable format for analysis, developing charts/graphs and dashboards to present data insights to stakeholders through compelling narratives supported by visualizations.
•	Provide regular updates to senior stakeholders and seek guidance.
•	Handle problem resolution and escalate issues/risks to sponsors / steering committee as required.
•	Contribute to automation processes for faster deployment.
•	Contribute to standardization of testing, validation, acceptance, and monitoring processes for greater user confidence.
•	Contribute to establishment of project delivery standards that ensure reusability and scalability.
•	Contribute to centralized library of best practices that balances oversight with protection of our data.

Skills and Qualifications
•	Proficient written and oral communication skills in the English language, including the ability to communicate effectively with senior stakeholders and translate between business and technical users.
•	Proficiency in tools such as SQL, Power BI, Python, Spark, and Excel for data querying, manipulation, analysis, and visualization.
•	Experience with cloud and big data tools such as ADLS, Data Factory, DataBricks and delivering ETL and data applications on an Enterprise Data Lake (EDL) platform
•	Strong expertise in data modeling and schema design for analytics, including designing reusable and scalable datasets and semantic models.
•	Team lead and delivery leadership experience, including stakeholder alignment, requirements gathering, planning, risk/issue management, and driving teams toward outcomes. 
•	Self-sufficient and self-motivated
•	Strong analytical and problem solving skills

Education and experience
•	Bachelor's degree preferably in Statistics, Mathematics, Computer Science,  or Data Analytics related courses
•	10+ years in one or more of the following
•	Data Analyst
•	BI Analyst
•	Team lead or project management experience
•	Experience in insurance and/or financial industry, knowledge in health data is a plus
 ",Rust Scala SQL Python Spark Responsibilities Asia Data,https://www.liepin.com/job/1982430469.shtml
数据分析师（有 D365 或 SAP 经验优先）,上海康朗企业管理咨询有限公司,25-35k,上海-浦东新区,上海,本科,1年以下,7月30日更新,liepin,"D365 FO Data Analyst
Location: Shanghai, China
Work Model: Onsite 5 days per week
Language Requirement: Fluent Mandarin Chinese and English

Engagement Type: 6-month  expert consulting Contract / Fixed Term with a possibility to be extended as the project requires

Role Overview
We are seeking a D365 FO Data Analyst to support data migration, validation, reconciliation, and reporting for the Shanghai implementation. This role will embed within the business to understand data structures and ownership, then drive cleansing, transformation, and reconciliation processes.

Key Responsibilities
Data Discovery & Cleansing
•	Analyse legacy system data structures.
•	Work with business teams to cleanse and validate master and transactional data.
•	Support data mapping to D365 FO structures.
Migration Support
•	Collaborate with Hitachi technical consultants on migration cycles.
•	Validate migration outputs and conduct reconciliation checks.
•	Track data quality issues and resolution.
Reconciliation & Validation
•	Perform financial and operational data reconciliation.
•	Support inventory, open AR/AP, and production order validation.
•	Prepare data readiness reports for go-live approval.
Reporting & Governance
•	Develop data validation dashboards and tracking tools.
•	Ensure strong data governance practices are implemented.
Required Experience
•	3–5+ years experience in D365 FO data migration or data analysis roles.
•	Strong Excel and data manipulation skills (Power Query, SQL preferred).
•	Experience supporting ERP data migration cycles.
•	Understanding of Finance and/or Manufacturing data structures.
Skills
•	Strong analytical ability.
•	Attention to detail.
•	Fluent Mandarin and English.
•	Ability to work cross-functionally with Finance and Operations.

 
 ",Go SQL ROS D365 FO Data Analyst Location,https://www.liepin.com/job/1984528023.shtml
Data Analyst - Market Data & Alternative Data,大獭科技,20-40k·15薪,上海-浦东新区,上海,统招本科,1-3年,7月28日更新,liepin,"Role Overview
Otterix is looking for a Data Analyst to support the onboarding, integration, and validation of global market, reference, and alternative datasets. You will work closely with data engineers, vendors, and researchers to transform fragmented data into reliable, standardized datasets for quantitative research and trading.
 
Key Responsibilities
- Integrate market, reference, and alternative datasets from multiple global sources. 
- Map securities using identifiers such as ticker, MIC, exchange codes, and internal IDs. 
- Validate data quality, investigate discrepancies, and prepare QA reports. 
- Document dataset coverage, schemas, transformation logic, and known limitations. 
- Collaborate with vendors and internal research teams to support new dataset onboarding and delivery. 
 
Requirements
- 1–3 years of experience in financial data, data analysis, or quantitative research support. 
- Strong Python and SQL skills. 
- Experience with data integration, mapping, reconciliation, and quality assurance. 
- Understanding of financial instruments, market data, reference data, and security master concepts. 
- Strong analytical skills, attention to detail, and good communication abilities. 
 
Preferred
- Familiarity with Order Book Reconstruction (OBR) using MBO/MBP or tick-level market data. 
- Experience working with alternative datasets across multiple asset classes. 
- Knowledge of market microstructure, corporate actions, or point-in-time data. 
- Professional proficiency in English.",LTE Gin RAG IDS Python SQL Go ROS,https://www.liepin.com/job/1984465441.shtml
Data Analyst - WZ010007,某知名公司,15-30k,上海,上海,本科,经验不限,7月23日更新,liepin,"Key accountabilities
1. Synthesize raw data into actionable insights to drive business results, identify key trends and 
opportunities for business teams on platform operation & marketing and report the findings 
in a simple, compelling way. 
2. Collaborate with internal teams to perform regular data analysis of ShenZhou platform, 
diversified business model and bpxj JV. 
3. Generate platform report for daily, weekly, monthly, and all reporting needs. 
4. Champion the closed-loop feedback - callback survey, onsite survey online survey follows up 
& analysis. 
5. Monthly customer insights report base on the closed-loop feedback. 
6. Marketing activities effectiveness analysis - WeChat, Ali, loyalty & other channels. 
7. Performa ad hoc single site daily/weekly/monthly data analysis.
8. Closely collaborate with data engineer to optimize the data input. 


Essential experience and job requirements
• Significant hands-on experience carrying out analytics, data visualization and product 
analytics in complex, fast-paced environments.
• Applied knowledge of data & analytics tools (e.g., business intelligence applications, cloud 
platforms) and approaches across all data lifecycle stages.
• Experience in using tools such as PowerBI, Splunk and Tableau to visualise data. 
• Good Excel and database skills.
• Basic understanding of underlying mathematical foundations of statistics, including 
knowledge of experimental design and analysis and causal inference from observational data.
• Strong business acumen.
• Customer-centric and pragmatic mindset. Focus on value delivery and swift execution, while 
maintaining attention to detail.
",Gin CAN ROS Go RAG Swift,https://www.liepin.com/a/78196761.shtml
Data Analyst,某上海大型服装/纺织/皮革公司,30-40k·14薪,上海-浦东新区,上海,本科,5-10年,7月7日更新,liepin,"工作描述
1. 负责以下一个或跨领域的数据分析：全渠道零售、商品与品类管理、CRM与营销、
供应链
2. 在业务场景下设计商业调研与数据分析框架。
3. 评估所有数据可视化及报告需求，搭建BI看板，为各类仪表盘与报告解决方案制定
长期策略。
4. 确定合适的数据源，并提取用于分析的精准数据。
5. 运用分析工具生成洞察，为关键业务决策提供支撑。
6. 理解各业务职能团队的需求，将数据转化为具备可执行方案的洞察，并推动关键相
关方落实解决方案。
7. 主动分析数据，以了解客户行为与偏好、全渠道零售成效、运动产品表现、诊断客户体验并挖掘潜在机会，衡量业务举措的实施效果。
8. 参与数据验证与质量保证测试；与数据团队其他职能写作，评估现有数据源，明确系统化的数据收集、存储及分析理念。

任职资格
1. 拥有商业分析、经济学、数学、商学、信息系统或其他相关专业的学士及以上学位。
2. 具备以下至少一个领域的知识与分析项目经验：全渠道零售、商品与品类管理、
CRM与营销、供应链等
3. 初级分析师岗位需具备 2 年及以上数据分析与BI相关经验；高级分析师岗位需具备
5 年及以上管理数据分析与BI项目的经验，且有成功项目案例。
4. 熟练掌握数据分析工具，能够使用数据库语言（SQL熟练是必须项）提取数据。
5. 熟练掌握数据可视化工具（熟练使用 Tableau是必须项）；具备敏捷BI（Agile BI）、对话式BI（Chat BI）等高级 BI 工具使用经验者优先。
6. 具备编程语言（Python）使用能力者优先。
7. 了解数据治理、数据处理、预测建模及洞察生成相关知识。
8. 具备项目管理能力，能与项目关键合作方及上下游进行良好的沟通，主动推进项目
进程并把控交付结果。
9. 逻辑思维能力与商业敏感度强，能够提炼关键洞察并传递核心信息。
10.具备出色的能力，可将分析洞察转化为可执行的商业计划。
11. 口头与书面沟通能力强，英语流利。",SQL Python 数据分析 供应链 质量保证 数据治理 项目管理,https://www.liepin.com/a/77623665.shtml
Data Analyst,某专业技术服务公司,20-23k,上海-静安区,上海,本科,3年以上,7月22日更新,liepin,"主要职责

· 使用流利英语进行日常沟通，支持全球用户
· 为Power BI和Tableau用户提供开发问题支持与基础管理协助
· 准备并交付中英文双语培训材料及课程（Power BI / Tableau）
· 参与全球Power BI团队、Tableau团队及EDP入职支持团队的协作会议，反馈本地需求
· 协助本地团队完成其他相关支持任务
· 处理用户入职流程、平台操作疑问、事件响应及启用活动
· 在需要升级或澄清时，与平台产品团队协调沟通

---

职位要求

· 英语流利，可用于日常工作会议及邮件沟通
· 约3年Power BI开发经验，同时具备Tableau开发经验
· 熟悉Power BI Service 和 Tableau Server 环境
· 有能力处理用户开发问题及基础平台管理问题（尤其擅长Power BI）
· 具备中英文培训设计与交付能力
· 性格随和、耐心、以用户为中心，乐于学习新技术与流程",培训 Power BI Tableau Server,https://www.liepin.com/a/78161831.shtml
"Data Analyst (Procure to Pay, Contractor)",服装/纺织/皮革战略融资500-999人,8-13k,上海-黄浦区,上海,统招本科,1-3年,7月22日更新,liepin,"KeyResponsibilities


•中国区订单入仓数据创建和维护。
CreateandmaintainASNdataindifferentsystems.
•供应商货款资金计划和付款申请执行。
Createmonthlyfundingplanandexecutepaymenttovendors.
•合格证吊牌数据创建和维护。
Create,maintainandexecuteGBhangtagandotherpackagingitem.
•其他交办事项。
Otheradhocassignments.

Top 3 urgencies or challenges that you need to solve in probation.
•能在狼爪品牌快速发展的环境中，适应压力，交付出满意的答卷
Be able to deliver results under fast growing pace and pressure within Jack Wolfskin brand
•良好的沟通及表达能力、计划与协调能力、分析判断逻辑思维强
Strong communication, planning and orchestration,Strong logical thinking and with business acumen.
•细致严谨，善于分析，精于报告与问题拆解，熟练Office及SAP
Detail oriented,Analytical mindset with strong reporting and problem-solving skills,Office and SAP skill


Key Competencies/Attribute
Must Have:
•熟悉运用及掌握SAP,Excel等相关系统工具
流畅的英语书面和口语能力
Fluent in written and spoken English
诚信、正直
Honest and integrity

Nice to Have:
•本科及以上学历，财务、物流、供应链等相关专业背景优先
Bachelor’s degree or above;majors in Finance, Logistics,Supply Chain and related fields are preferred.
•2年以上供应链管理方面的经验，具有跨国企业及服装企业工作经历优先。
Over 2 years of working experience in supply chain management;candidates with experience in multinational corporations and apparel enterprises are preferred.
 ",Gin Git CAN 供应链 KeyResponsibilities CreateandmaintainASNdataindifferentsystems Createmonthlyfundingplanandexecutepaymenttovendors Create,https://www.liepin.com/job/1984326013.shtml
Data Analyst,某北京保险公司,25-45k·15薪,北京-朝阳区,北京,本科,5-10年,5月9日更新,liepin,"Team Leadership
• Lead and directly manage a team of 2–3 Data Analysts, providing day-to-day  guidance, technical oversight, and structured feedback to ensure high-quality and  timely delivery.
• Plan, prioritize, and allocate workload across the team, ensuring effective resource utilization and clear accountability.
• Review analyses and deliverables to maintain accuracy, consistency, and adherence to agreed standards.
• Coach and develop team members through hands-on support, knowledge sharing, and continuous performance feedback.
• Foster a collaborative, solution-oriented team environment focused on delivery 
excellence and continuous improvement.

Data Analysis
• Lead the design, mapping, coding, and testing client dataset on-boarding to ensure accurate and efficient integration into internal systems.
• Perform robust data quality controls during ingestion, ensuring data is fit for purpose and minimizes downstream adjustments.
• Conduct structured data analysis to address business questions, support new 
initiatives, and generate actionable insights.
• Collaborate with cross-functional stakeholders to optimize processes and improve 
overall data quality and operational efficiency.
• Act as a key liaison between Experience Studies and Technical Accounting, ensuring alignment between upstream data ingestion and downstream consumption needs.
• Establish and maintain an effective feedback mechanism with Technical Accounting to support continuous improvement in data validation and quality.
• Apply understanding of underlying product features to ensure accurate mapping and data interpretation.

About You:
• Bachelor of Science degree with 3–5 years of experience in data analysis, including hands-on technical expertise.
• Experience leading a small team, aligning team objectives with business priorities, ensuring effective resource utilization, and promoting a culture of accountability and continuous improvement.
• Strong proficiency in SQL and Python, with practical experience in coding, querying, and data manipulation.",ROS SQL Python Leadership Lead Data Analysts Plan,https://www.liepin.com/a/75479447.shtml
Data Analyst-外资食品,某知名公司,14-28k,上海,上海,统招本科,5-10年,7月17日更新,liepin,"岗位职责
1.BI商业智能：基于 Power BI​ 独立完成销售、渠道及MKT模块的数据建模（DAX）与可视化报表开发；搭建管理层驾驶舱（Dashboard），实现业绩、库存、动销等关键指标的实时监控。
2.云端数据开发：熟练运用 阿里云DataWorks​ 进行数据集成、清洗与转换（ETL）；3.负责数据仓库的维护、性能优化及数据质量监控，保障数据准确与时效。
4.业务数据洞察：深入快消业务一线，理解经销商管理、餐饮渠道及电商逻辑；通过数据挖掘为销售策略及市场活动提供有力的数据支撑。
5.系统协同：配合CRM/DMS等前台业务系统的迭代，从数据分析角度提出优化建议，提升全员数据化运营意识。

任职资格
1.学历背景：本科及以上学历，计算机、统计学、数学、信息技术或相关专业优先。
2.行业经验：5年以上数据分析或相关IT管理经验，具备快消品（FMCG）/零售/食品行业背景。
3.专业技能：精通Power BI和阿里云 Works，熟悉 CRM、DMS 或 ERP 系统逻辑。
4.综合素质：逻辑思维能力极强，对数据敏感，具备优秀的业务理解力与跨部门沟通能力；
5.具备良好的英语读写能力；
6.自驱力强，能适应快节奏的快消业务环境。",阿里云 数据分析 Power BI DAX Dashboard ETL FMCG,https://www.liepin.com/a/78005063.shtml
Junior Data Analyst,某上海大型制药公司,19-21k·13薪,大连,大连,统招本科,3-5年,7月2日更新,liepin,"Key Responsibilities:

Material Master Maintenance:
1.       Oversee the creation and modification of material master records in SAP.

2.       Ensure data integrity, accuracy, and compliance with organizational standards and procedures.

3.       Participate and support projects

Issue Resolution:
1.       Act as the primary point of contact for material data-related issues.

2.       Troubleshoot and resolve problems efficiently, collaborating with internal stakeholders as necessary.

3.       Provide guidance and support in daily operations, ensuring team members have the resources they need to succeed.

 

Qualifications:

Bachelor’s degree in Supply Chain Management, Information Technology, Business Administration, or a related field.
Strong understanding of VBA for process automation.
Experience with SAP MM Module
Excellent command of the Japanese language, both written and verbal, is a must.日语是必须项，口语流利
Excellent problem-solving skills and attention to detail.
Effective communication and interpersonal skills.
 

Preferred Skills:

Knowledge of supply chain processes and best practices.
Familiarity with data analysis tools and techniques.",Key Responsibilities Material Master Maintenance Oversee SAP Ensure,https://www.liepin.com/a/77360069.shtml
Data Analyst & Team Lead,某世界知名保险公司,40-45k·15薪,北京-朝阳区,北京,学历不限,8年以上,7月6日更新,liepin,"Team Leadership
 Lead and directly manage a team of 2–3 Data Analysts, providing day-to-day guidance,
technical oversight, and structured feedback to ensure high-quality and timely delivery.  Plan, prioritize, and allocate workload across the team, ensuring effective resource
utilization and clear accountability.  Review analyses and deliverables to maintain accuracy, consistency, and adherence to
agreed standards.  Coach and develop team members through hands-on support, knowledge sharing, and
continuous performance feedback.  Foster a collaborative, solution-oriented team environment focused on delivery excellence
and continuous improvement. Data Analysis
 Lead the design, mapping, coding, and testing client dataset onboarding to ensure
accurate and efficient integration into internal systems.  Perform robust data quality controls during ingestion, ensuring data is fit for purpose and
minimizes downstream adjustments.  Conduct structured data analysis to address business questions, support new initiatives, and generate actionable insights.  Identify and evaluate solutions to business challenges, including process improvements, system enhancements, and user enablement where required.  Collaborate with cross-functional stakeholders to optimize processes and improve overall
data quality and operational efficiency.  Continuously enhance BDX data validation frameworks to ensure suitability for Experience
Studies, including driving greater standardization of data formats.  Strengthen end-to-end validation processes by embedding Experience Studies
requirements earlier in the data lifecycle.  Act as a key liaison between Experience Studies and Technical Accounting, ensuring
alignment between upstream data ingestion and downstream consumption needs.  Establish and maintain an effective feedback mechanism with Technical Accounting to
support continuous improvement in data validation and quality.  Apply understanding of underlying product features to ensure accurate mapping and data
interpretation.

About You:
Bachelor of Science degree with 8 years of experience in data analysis, including hands-on
technical expertise
 Experience leading a small team, aligning team objectives with business priorities, ensuring effective resource utilization, and promoting a culture of accountability and
continuous improvement.  Strong proficiency in SQL and Python, with practical experience in coding, querying, and
data manipulation.  Solid experience in data mapping, ETL processes, and end-to-end data integration.  Working knowledge of database systems such as SQL Server, MySQL, PostgreSQL, and/or Oracle.  Familiarity with OSS (Open-Source Software), DataWorks, MaxCompute, and other
Alibaba Cloud products is preferred.  Strong strategic, analytical, and conceptual thinking skills, with the ability to translate
complex data into meaningful business insights.  Effective communication skills, with the ability to clearly and concisely present technical
concepts and analytical findings to both technical and non-technical stakeholders.  Fluency in English and Mandarin Chinese is required.",ROS SQL Python SQL Server MySQL PostgreSQL Oracle,https://www.liepin.com/a/77526119.shtml
Senior Data Analyst (DBU),某大型科技金融公司,120-140k·14薪,香港,,本科,5-10年,7月3日更新,liepin,"数据分析师 —— 期权及传统金融交易业务

Location：香港（需候选人有香港高才优才等签证）

核心工作职责
-全生命周期分析期权与传统金融交易用户行为，覆盖用户入驻开户、首次交易、日常交易行为、产品使用渗透程度及用户流失信号
-搭建并维护可视化看板与自动化报表，跟踪期权、传统金融类产品业务表现，指标包含成交量、未平仓持仓、手续费收入、名义价值，以及激活率、留存率、单用户创收等核心用户指标
-对期权产品开展深度拆解分析：按到期周期、行权价、看涨 / 看跌品类拆分成交量，跟踪隐含波动率走势、希腊值风险敞口分布、权利金资金流向及用户交易策略特征
-针对股票、股指、贵金属、大宗商品、外汇等传统金融永续品类开展同维度分析，包含跨品类成交量归因、各产品线手续费贡献、交易者分层行为划分
-挖掘高价值用户分层，搭建用户交易生命周期价值与参与深度模型，输出数据导向优化建议，支撑产品设计、手续费体系优化、做市业务策略制定
-监控交易系统、用户全链路数据质量与数据完整性，识别并修正指标偏差、数据异常问题
-承接业务、产品、风控团队临时性数据需求，开展 A/B 测试分析，评估新产品上线、功能更新、交易营销活动的业务影响
-搭建并维护期权、传统金融业务及用户相关数据集的数据模型与 ETL 数据处理流程
-协同产品、风控、财务、合规等跨职能协作方，统一指标口径、对齐数据定义、标准化报表输出规范
-基于数据分析结论输出可落地业务建议，助力用户增长、交易规模提升与产品商业化变现策略落地


任职要求
-中英文听说读写流利
-5 年及以上数据分析、商业智能或相关分析类岗位工作经验
-拥有期权交易、衍生品或传统金融产品相关从业背景
-熟练掌握 SQL，精通 Python、R 至少一门数据分析编程语言
-具备 Tableau、Looker、Power BI 或同类商业智能可视化工具使用经验
-扎实掌握期权核心机制：收益结构、Delta/Gamma/Vega/Theta 希腊值、隐含波动率、未平仓持仓、到期行情变动逻辑
-熟悉股票、股指、贵金属、大宗商品、外汇等传统金融资产，以及对应永续合约品类
-优秀逻辑分析能力，可将复杂交易数据提炼为清晰、可落地的业务洞察
-极强细节把控力，严格保障数据精准度
-能够适配跨时区协同办公


优先条件
-熟悉保证金期权、波动率曲面搭建、去中心化金融期权协议相关业务逻辑
-具备交易流分析、市场微观结构、成交质量指标相关实操经验
-拥有衍生品、多资产交易场景下统计分析、业务预测、量化建模相关经验
-有综合交易平台或经营衍生品、多资产业务的传统券商从业经历
-了解期权做市、对冲操作流程或机构交易者行为逻辑",SQL Python 数据分析 产品设计 合规 Location ETL Tableau,https://www.liepin.com/a/77476305.shtml
Senior Data Analyst.,大连恒馨科技有限公司,25-35k·14薪,大连-甘井子区,大连,本科,7年以上,7月7日更新,liepin," responsibilities
•	Develop new datasets which link supplier spend to operational costs and revenues to support customer-centric business decisioning regarding cost reduction initiatives
•	Support development of Total Cost of Ownership models which allow management to make fact-based business decisions with full visibility of the impact on customers and revenue.
•	Involve frequent liaison with a large range of stakeholders including:
•	Key leadership roles across Cost Management
•	Category managers and Buyers in Procurement
•	Other Analytics teams in Procurement and Global Operations
•	Work collaboratively as a team of data experts to ensure that the teams objectives are met
•	Provide the leadership team with data that gives confidence in the delivery of quality and service in line with Cost Management commitments and obligations
•	Identifies opportunities to continuously improve and optimize the capabilities of the Cost Management program by extensively reviewing and improving existing processes
•	Review of analysis, MI and reporting. Drawing out key themes, trends or risks that could both positively or negatively affect the achievement of HSBC's organizational objectives
•	Leads and manages initiatives to embed and maintain a culture where good data management and quality practices prevail
•	Ensure data practices comply with regulations of all locations
•	Ensure good practices in the management of data tools, standards, frameworks and templates
•	Track adherence to policies, frameworks and tooling associated to Data Governance and Data Quality
•	Govern relationships between data elements across different systems

Requirements
•	7+ years of hands-on analytics experience solving complex business problems using data and the communication of such to business and senior stakeholders is desirable
•	Prior experience in identifying and creating a framework for continuous technical learning
•	Prior Cost Management experience related with a financial institution or at a regulatory agency or major consulting firm is desirable
•	A good understanding and experience of the Global Businesses and Global Functions within a Bank.
•	Prior experience of working across 1 or more Risk Domains is desirable (providing support and guidance to business functions);
•	Ability to accurately determine customer needs & offer appropriate support
•	Experienced in preparing and interpreting Management Information (MI) reports
•	Excellent numerical skills and attention to detail combined with a strong delivery focus and ability to meet timeframes while producing quality results
•	Project Management – ability to develop and deliver a plan to deliver project outcomes on time, with limited supervision
•	Demonstrates up to date industry knowledge of analytics best practices, tools and trends
Key Technical skills required:
•	Experience in Relational databases, SQL, Python.
•	Excellent Data crunching, Insight generation, Storytelling, Problem solving and Presentation skills
What additional skills will be good to have?
•	Advanced knowledge of MS Office: Excel, Word, Powerpoint
•	Data visualization skills in Qliksense, Tableau, Power BI would be highly beneficial
•	Proven experience in building dashboards for senior management
•	Strong foundation in machine learning (e.g regression, tree-based models, clustering) with hands on experience of applying ML techniques to real business problems
•	Familiarity with Generative AI concepts and experience supporting or contributing to AI-enabled tools for business use cases
 ",ROS Go IPS SQL Python Develop Total Cost,https://www.liepin.com/job/1983958263.shtml
数据分析师(J14119),制药港股上市5000-10000人,13-20k,深圳-南山区,深圳,统招本科,1年以上,90天前更新,liepin,"职责描述：
1、协助执行业务指标集的收集、定义及调整流程。
2、参与完善业务指标数据的标准化集成流程。
3、基于业务需求，整合数据库现有资源，独立完成经营数据的定期生成及输出。
4、基于业务部门的填报需求，独立完成需求沟通，原型设计，开发与运维工作。
5、根据业务指标的预警输出，协同业务部门开展预警反馈流程数据闭环管理。
6、协同建立关键业务指标的BI可视化看板，帮助管理层了解业务进展，从而快速识别问题和机会点。
7、协助通过Ai赋能业务分析与管理，实现AI自助查询分析的应用，提高运营效率和决策质量。

任职要求：
1、本科及以上学历，应用数学、统计学、计算机、信息或工程管理、企业或卫生管理等相关专业。
2、一年以上数据分析师岗位工作经验。
3、熟练使用sql server、SPSS、MATLAB、Python等，熟练掌握帆软、永洪等BI软件；熟悉各种数据库管理与分析工具。
4、拥有较强的数据分析能力和判断力、保密意识和逻辑思维等。",SQL Server MATLAB Python 原型设计 数据分析 SPSS,https://www.liepin.com/job/1973921911.shtml
数据分析师,某知名公司,30-50k,上海-徐汇区,上海,统招本科,5-10年,7月20日更新,liepin,"Goodnotes Data Analyst 数据分析师
关于 Goodnotes
Goodnotes 是总部位于伦敦的科技独角兽公司，2024 年 iPad 付费应用全年全球下载榜No 1，营收强劲。我们正在上海组建中国区创始团队，致力于打造基于 Canvas 与手写场景的best  AI 解决方案，提升用户的记录、学习与协作体验。

为什么加入我们
•	精锐团队：从 0 到 1 参与策略定义，决策链条短，产品判断不会被多层稀释。
•	资深团队，AI Native 运作：成员主要来自字节等一线互联网公司，提供最 佳 模型与无限 Token。
•	品牌势能：全球头部笔记品牌，用户覆盖数千万，用户心智强，拥有丰富的全球渠道合作
•	稳健发展：营收稳健并维持高增速，无融资压力
•	开放文化：鼓励探索、容许试错，权责对等，任务有挑战也有充足支持
•	薪酬与环境：对标一线大厂薪酬，没有无意义的加班；办公地点位于徐汇滨江，毗邻腾讯、阿里、网易

任职要求
•	5 年及以上互联网产品数据分析经验，具备独当一面的数据分析能力 
•	数据驱动，擅长基于数据与 AB 实验驱动的产品决策 
•	扎实的数据分析全流程能力，从埋点体系，看板监控到深度业务分析
•	扎实的 AB 实验经验，熟悉分桶/分流机制、实验设计、显著性校验等，能独立实现设计到回收全流程
•	擅长通过数据与 AB 实验挖掘业务增长点与关键机遇 
•	熟练掌握 SQL, Python/R 等数据分析工具
•	具备良好的产品思维和业务意识，数据分析严谨中立 
•	对产品与技术实现有较深理解，能与产研团队高效沟通 

加分项
•	有意愿有能力跨界 PM 角色，对于深信的业务机遇展开独立探索包括撰写 PRD，推动实验上线 （重要加分项）
•	3 年以上字节核心业务的数据分析背景（重要加分项）
•	具备移动端或桌面端产品的数据分析经验，尤其是效率类 / 协作类应用
•	熟练使用 AI 工具（Claude Code、Codex、Cursor 等），并对工具如何融入数据分析工作流有理解与方法论
•	英语流利，能胜任跨团队协作与英文用户访谈
",Go CAN SQL Python 数据分析 Goodnotes Data Analyst,https://www.liepin.com/a/75832405.shtml
数据分析师/数据运营岗（J10429）,湘财证券,薪资面议,上海-浦东新区,上海,本科,3年以上,7月21日更新,liepin,"职责描述：
1、从业务各流程挖掘业务数据，通过用户行为、业务转化数据的深度分析，对业务实施提出合理的优化建议、辅助运营决策；
2、建立和完善数据分析体系，包括KPI指标体系、报表体系等，对接业务团队不断优化数据监测维度和数据精度；
3、负责业务部门数据系统的需求分析、设计、落地，完善数据维度，实现业务数据产品化；
4、统筹管理分支机构业务数据，支持各分支机构业务数据的统计汇总及分发；
5、领导交办的其他工作及临时性数据处理工作。
任职要求：
1、全日制本科及以上学历；
2、精通SQL,excel ,ppt , 熟练掌握常用统计分析方法，会使用Python等分析软件优先；
3、3年以上数据分析相关经验，熟悉掌握统计学相关知识，有商业数据分析经验的优先；
4、具有金融从业背景，了解投顾业务的有限；
5、有良好的数据敏感度、具备较强的数据分析能力、逻辑思维能力、沟通能力，能够跨部门协调，有效整合资源推动业务发展；
6、思路清晰，工作严谨，产出高效，能从海量数据提炼核心结果并用简洁明了的语言描述产出，并且通过个人的分析结果获得业务方的认同以推动策略落地及迭代，得到相应的收益和效果。",SQL Python 数据分析 需求分析,https://www.liepin.com/job/1968961289.shtml
AI数据分析师（AI大数据 上市公司）,某上海大型人工智能公司,30-40k·18薪,上海-静安区,上海,统招本科,3-5年,7月31日更新,liepin,"岗位职责：
1. 负责业务线（营收 / 活跃 / 留存 / 投放 ROI / 续费率等）的数据分析与异动归因，定位根因并给出可落地的业务结论。
2. 主导 A/B 实验设计、埋点评审、跑数与结论判定（分层正交、AA 校验、显著性检验），保障实验科学可信。
3. 沉淀分析方法与指标口径到团队知识库，参与交叉评审与纠错，持续提升数据资产质量。
4. 参与建设或深度使用 AI Agent 基建：RAG 知识检索、Multi-Agent 归因编排、Skill / MCP 工具开发与 Prompt 工程。
5. 搭建或参与 AI 能力评测体系（Evals）：评测集、Rubrics、LLM-as-a-Judge，让「新版 Agent 比上一版好多少」可量化。
6. 推动 AI 工具链工程化或提出迭代需求：版本管理、自动升级、回归测试、质量门禁与可观测性；将高频可复用的分析套路抽象为工程化能力。 任职要求：
必备项
1. 3 年以上数据 / BI 分析经验，具备扎实的业务 sense 与文档沟通能力；
2. 熟悉大模型能力边界：理解 LLM / Agent / RAG 原理，能区分 RAG、微调与 Prompt 优化的适用场景；有至少一个 RAG / Agent / LLM 应用 / 模型评测的真实落地项目（线上或可演示），能讲清解决的业务问题、个人贡献、踩坑与效果验证；
3. 会写 Python（脚本开发、调用 LLM API）+ 会写 SQL（复杂取数、多表关联、指标拆解）；
4. 具备四类实战经验：数据可视化、数据排异与归因、A/B 实验报告、埋点设计；
5. 重度使用 Claude / ChatGPT / Cursor / Codex 等 AI 工具解决真实工作。 加分项
1. 掌握模型评测方法论（Rubrics / LLM-as-a-Judge / GSB / 离线评测集）—— 团队最看重
2. 有 Agent / RAG 工程深度经验（MCP、向量数据库 sqlite-vec / FAISS / Milvus、Embedding、Multi-Agent 编排）；
3. 了解模型微调（SFT / DPO / LoRA）；
4. 熟悉大数据栈（Presto / Trino / Spark / Hive / ClickHouse）；
5. 对 AI 有真实热情与持续探索精神。",RAG LLM 大模型 Python SQL GPT SQLite Presto Trino Spark Hive ClickHouse,https://www.liepin.com/a/76615513.shtml
Data Analyst,某知名公司,14-27k,上海,上海,统招本科,5-10年,7月17日更新,liepin,"岗位职责
1.BI商业智能：基于 Power BI​ 独立完成销售、渠道及MKT模块的数据建模（DAX）与可视化报表开发；搭建管理层驾驶舱（Dashboard），实现业绩、库存、动销等关键指标的实时监控。
2.云端数据开发：熟练运用 阿里云DataWorks​ 进行数据集成、清洗与转换（ETL）；3.负责数据仓库的维护、性能优化及数据质量监控，保障数据准确与时效。
4.业务数据洞察：深入快消业务一线，理解经销商管理、餐饮渠道及电商逻辑；通过数据挖掘为销售策略及市场活动提供有力的数据支撑。
5.系统协同：配合CRM/DMS等前台业务系统的迭代，从数据分析角度提出优化建议，提升全员数据化运营意识。

任职资格
1.学历背景：本科及以上学历，计算机、统计学、数学、信息技术或相关专业优先。
2.行业经验：5年以上数据分析或相关IT管理经验，具备快消品（FMCG）/零售/食品行业背景。
3.专业技能：精通Power BI和阿里云 Works，熟悉 CRM、DMS 或 ERP 系统逻辑。
4.综合素质：逻辑思维能力极强，对数据敏感，具备优秀的业务理解力与跨部门沟通能力；
5.具备良好的英语读写能力；
6.自驱力强，能适应快节奏的快消业务环境。",阿里云 数据分析 Power BI DAX Dashboard ETL FMCG,https://www.liepin.com/a/78005013.shtml
Data Analyst,曼合普(上海)管理咨询有限公司,薪资面议,上海-浦东新区,上海,统招本科,1-3年,90天前更新,liepin,"Job Overview: We are seeking a meticulous and insightful Data Analyst to join our dynamic team. This role is pivotal in supporting our model-based project, aimed at enhancing the business of a luxury auto OEM in China. The successful candidate will be instrumental in analyzing complex data sets to extract meaningful insights, thereby influencing strategic decisions and contributing to our client’s sustained leadership in the luxury automotive space.



Responsibilities:



Collaborate with cross-functional teams to define data requirements for use cases, ensuring alignment with project objectives.

与跨职能团队合作，定义用例的数据需求，确保与项目目标保持一致。

Collect, clean, and preprocess data from diverse sources, ensuring its reliability and accuracy for analysis.

从不同来源收集、清理和预处理数据，确保其可靠性和准确性以进行分析。

Apply statistical analysis and data mining techniques to uncover trends, patterns, and insights.

应用统计分析和数据挖掘技术，揭示趋势、模式和见解。

Create visualizations and reports to communicate findings and recommendations to stakeholders, supporting data-driven decision-making.

创建可视化和报告，向利益相关者传达发现和建议，支持数据驱动的决策。

Monitor and evaluate the effectiveness of model-based strategies, providing actionable feedback for continuous improvement.

监控和评估基于模型的策略的有效性，提供可操作的反馈以实现持续改进。

Stay abreast of industry trends, market changes, and emerging technologies in data analytics to maintain a competitive edge.

关注行业趋势、市场变化和数据分析领域的新兴技术，以保持竞争优势。



Qualifications:



Bachelor’s or Master’s degree in Data Science, Statistics, Computer Science, Economics, or a related field.

数据科学、统计学、计算机科学、经济学或相关领域的学士或硕士学位。

Proven experience as a Data Analyst, with a strong portfolio showcasing expertise in data modeling and analysis.

作为数据分析师的丰富经验，拥有展示数据建模和分析专长的强大作品集。

Proficiency in data analysis tools and programming languages, such as SQL, Python, R, and relevant data visualization software (e.g., Tableau, Power BI).

精通数据分析工具和编程语言，如SQL、Python、R以及相关的数据可视化软件（例如，Tableau、Power BI）。

Solid understanding of the luxury auto market in China, including consumer behavior, market dynamics, and regulatory environment.

对中国豪华汽车市场有深入了解，包括消费者行为、市场动态和监管环境。

Exceptional analytical and problem-solving skills, with a keen eye for detail.

出色的分析和解决问题的能力，注重细节。

Excellent communication and presentation abilities, capable of conveying complex data insights in a clear and compelling manner.

优秀的沟通和演示能力，能够以清晰、引人注目的方式传达复杂数据见解。

Fluent in Mandarin and English, to effectively navigate the nuances of the Chinese market and collaborate with global teams.

普通话和英语流利，能够有效应对中国市场的细微差别并与全球团队合作。",CAN ROS Gin SQL Python 数据分析,https://www.liepin.com/job/1968299171.shtml
高级数据分析师,某国内机械/设备公司,15-20k·13薪,常州,常州,本科,3-10年,7月28日更新,liepin,"Principal Accountabilities:
1、Analyze point cloud information of coatings to obtain accurate data on the condition of the 
equipment, project maintenance dates, and define key operational parameters, which will then be 
transferred to detailed reports on the condition of the analyzed equipment.
分析涂层点云信息，获取设备状态、项目维护日期等精确数据，并定义关键运行参数，这些
信息随后将转化为被分析设备的详细状态报告。
2、Analyze coating performance information to compare with competitor products, propose 
improvements, gather testimonials, and keep superiors informed.
分析涂层性能数据，与竞争对手产品进行对比，提出改进方案，收集用户反馈，并及时向上
级汇报。
3、Interpret key monitoring KPIs, such as tonnage, days of operation, rotation speed, fill levels, 
and others, and cross-reference them with the processed point cloud information to obtain results 
on the performance of the company's coatings.
解读关键监测指标（如吨位、运行天数、转速、填充水平等），并与处理后的点云信息交叉
比对，从而获取公司涂料性能的相关评估结果。
4、Develop solution proposals that add value to the product and service to the client.
制定解决方案提案，为客户的产品与服务创造附加价值。
5、Prepare monthly summary of work performed on accounts for monthly billing purposes.
编制每月账户工作总结，用于月度计费。
6、Interpret plans and perform 3D modeling, converting product plans into 3D models and 
generating a better understanding of the coating.
解读设计图纸并执行三维建模，将产品方案转化为三维模型，从而更深入地理解涂层特性。
7、Execute reverse engineering projects and special projects based on laser scanning technology.
执行基于激光扫描技术的逆向工程项目和专项项目。
8、Support and guide data analysts in resolving issues generated in their reports.
Position Title: Senior Data Analyst 高级数据分析师
Department：Digital Service 数据服务
Functional Reporting to 职能汇报: Digital Service Leader 数字服务负责人
Administrative Reporting to 行政汇报: Technical Department Director 技术总监
Updated Date: June. 2026
2
支持并指导数据分析师解决其报告中出现的问题。
9、Analyze, evaluate, and control the performance of processes that impact the organization's 
Quality, Safety, Environment, and Energy management systems.
Design and propose technical solutions for process improvement, energy efficiency, and risk 
control.
分析、评估并控制影响组织质量、安全、环境及能源管理体系的流程绩效。
设计并提出流程改进、能源效率提升及风险控制的技术解决方案。
10、Other tasks assigned by the leader.
领导安排的其他工作。

Position Requirements: 
Education: 
Engineer (mining-mechanical-metallurgical-industrial or similar) 工程师（采矿/机械/冶金/工业
或类似）
Knowledge:
- Advanced English 高级英语水平
- Intermediate knowledge of parametric software (Inventor, Autocad, etc). 精通参数化软件
（Inventor、AutoCAD 等）
- Office Suite 熟悉 Office 办公软件
- Knowledge of mechanical operation of mining equipment 采矿设备机械操作原理
- Reverse engineering (is a plus) 逆向工程（优先考虑）
- Mineral grinding processes (is a plus) 矿物研磨工艺（优先考虑）
- Wear mechanisms in comminution processes (is a plus) 破碎过程中的磨损机制（优先考虑）
Experience:
- 3 to 5 years of experience developing similar functions (for example, mechanical designer, data 
analyst). 3 至 5 年开发类似职能的经验（例如机械设计师、数据分析师）。
- At least 2 years leading teams 至少 2 年领导团队经验
",ROS Gin CAN Git 数据分析 Principal Accountabilities Analyze,https://www.liepin.com/a/77096767.shtml
BI数据分析师（商业智能分析师）,互联网500-999人,10-20k·14薪,杭州-余杭区,杭州,统招本科,1-3年,7月31日更新,liepin,"岗位职责
1. 数据可视化与报表搭建：负责公司BI数据看板、可视化报表的设计、开发与迭代，覆盖业务运营、用户增长、财务等核心场景，搭建标准化、常态化的数据监控体系，替代传统手工报表，提升业务数据查看效率。
2. 业务数据需求落地：对接运营、风控、财务等各业务部门，深度挖掘业务数据需求，梳理需求逻辑、拆解指标体系，输出合理的BI可视化解决方案，落地数据查询、统计、分析需求，支撑业务日常复盘与决策。
3. 数据指标体系搭建与维护：梳理公司核心业务指标，统一指标口径、定义、计算逻辑，搭建规范的BI指标体系，持续优化指标维度，修正数据偏差，保障业务数据的准确性、一致性、时效性。
4. 数据分析与业务赋能：基于BI看板数据进行常态化数据分析，监控业务数据波动，精准定位数据异常原因、业务痛点及增长机会，输出数据分析报告、业务优化建议，为业务迭代、策略调整、经营决策提供数据支撑。
5. 数据复盘与沉淀：定期开展业务数据复盘，沉淀数据分析方法、报表模板、指标规范，推动数据标准化落地，协助业务部门建立数据驱动的工作模式。
任职要求
1. 学历专业：本科及以上学历，统计学、数据分析、计算机、数学等相关专业优先，1-2年BI数据分析相关工作经验，优秀应届生可放宽条件。
2. 核心技能：熟练掌握SQL，精通各类数据查询、统计、聚合、复杂关联查询，能独立完成数据取数与清洗；熟练使用主流BI工具（如FineBI、Tableau、Power BI），可独立完成看板搭建、可视化设计、数据联动配置。
3. 业务能力：具备良好的业务理解能力和数据敏感度，能够快速对接业务需求，精准拆解需求、梳理指标逻辑，独立完成从需求对接、数据处理到可视化落地、分析输出的全流程工作。
4. 基础能力：熟悉基础的数据仓库理论、数据分层逻辑，了解数据清洗、数据建模基本流程；掌握Excel高级功能（数据透视表、函数、图表），具备独立撰写数据分析报告的能力。
5. 综合素质：逻辑思维清晰，细心严谨、责任心强，具备良好的沟通协调能力和团队协作意识，抗压能力良好，具备主动思考、自主优化的工作意识。",SQL 数据分析 Tableau Power BI,https://www.liepin.com/job/1984344671.shtml
数据挖掘分析师,中恒国际租赁有限公司,10-15k·13薪,北京-大兴区,北京,本科,2年以上,7月14日更新,liepin,"1. 立足工程机械融资租赁业务场景，负责客户、资产、行业等数据挖掘与分析，为公司全面风险评估、资产风险管控、经营决策提供数据支撑。
2. 围绕工程机械核心业务，开展专项数据挖掘，搭建客户、风控、资产等模型输出风险洞察及专项分析报告，前置防范业务风险。
3. 负责公司风控指标、资产质量指标、监管合规指标的日常监测、统计，跟踪逾期、不良、回购、设备处置等数据波动，快速定位异常成因，建立数据预警与复盘机制。
4. 负责各类数据分析需求，配合完成风险复盘、专项自查、体系优化、项目落地等工作，沉淀风控数据分析方法论，赋能风控精细化管理。

任职要求
1.本科及以上学历，经济、金融、数学、计算机等相关专业；
2.两年以上数据分析、风控相关工作经验，有金融行业从业背景的优先；
3.具备良好的统计分析能力和数据建模能力，熟悉Python、SAS等数据分析工具，并能结合不同的业务场景使用；
4.具备良好的沟通协调能力，逻辑严谨，文档撰写能力良好,熟练掌握常用的办公软件。",Python 合规 数据分析,https://www.liepin.com/job/1983187727.shtml
Pipeline_Varian_Data Analyst_数据分析师,医疗器械5000-10000人,薪资面议,上海-浦东新区,上海,统招本科,5-10年,7月15日更新,liepin,"Job DescriptionMission/Position Headline:

 ● Deeply manage sales data, support decision-making to improve operational efficiency and achieve sales targets;
 ● Lead or participate in business optimization projects, drive the full project cycle with data, and promote business optimization.
Areas of Responsibilties:

 ● Maintain the end-to-end sales database to ensure data accuracy, completeness and timeliness;
 ● Design and manage data visualization solutions, optimize database logic, achieve automation of analysis reports, and improve data delivery efficiency;
 ● Respond to cross-departmental data needs, provide customized data analysis support, deliver reports and refine actionable optimization suggestions;
 ● Integrate multi-source internal data, develop and maintain robust performance tracking and forecasting models to improve the accuracy of sales forecasting and resource allocation;
 ● Lead end-to-end data support for incentive projects, align with business objectives and issue timely data alerts;
 ● Support the evaluation of external data service providers, and track service quality and delivery progress;
 ● Develop data usage guidelines, conduct tool and process training in line with business scenarios, and enhance the team’s data application capabilities;
 ● Coordinate with relevant functional team to implement the tasks from headquarters and ensure timely delivery of information or data.
 ● Perform tasks assigned by line manager.

Education and Experience

 ● 10+ years data analysis experience, proficient in end-to-end sales database management & data visualization (e.g., SQL, Power BI/Tableau); medical/healthcare experience preferred.
 ● Over 3years in supporting sales operation or Business Excellence projects is a plus.
 ● Cross-departmental coordination or external data service experience is a plus.
 ● Bachelor's degree or above

",ROS UART SQL DescriptionMission Headline Deeply Lead Areas,https://www.liepin.com/job/1982005915.shtml
数据分析师（广告业务）,互联网其他10000人以上,15-30k·15薪,上海-徐汇区,上海,本科,1年以上,7月31日更新,liepin,"职位描述
1、主导并执行广告业务的数据基础建设及分析支持工作，保证底层数据的准确及口径统一；
2、关注业务指标波动，分析日常波动原因定位业务问题，并定期进行复盘及相关预估；
3、基于数据的分析积累，主动进行多维度的数据探索与挖掘，并与相关协同团队有效沟通以推动相关策略落地；
4、结合实际业务场景，支持各协同团队的数据及项目诉求，优化提升数据效率，并为业务决策提供支撑。

职位要求
1、本科及以上学历，数学、统计学、计算机科学专业优先；
2、1年以上数据分析经验，对数据具有敏感性，精通SQL，具备Python或其他编程语言的经验优先，熟悉常用数据统计和分析方法进行分析，能够独立撰写专业的分析报告；
3、有探索并落地AI（大模型、Agent等）在业务分析、文本挖掘、归因分析、预测分析、自动化报告生成等场景中的应用经验优先
4、数据敏感、逻辑清晰、业务理解力强、耐心仔细，并具备自我驱动的工作规划能力和探寻意识；
5、具备出色的沟通能力、理解能力、责任心和团队协作精神，能在跨部门环境中有效工作；
6、工作认真细致、勤奋踏实、反应灵敏，有良好的团队合作精神、责任意识和数据安全及保密意识。",SQL Python 大模型 数据分析,https://www.liepin.com/job/1984384539.shtml
数据分析师（央企）,某知名公司,25-50k,深圳,深圳,统招本科,2-10年,7月22日更新,liepin,"岗位职责
1、全流程数据驱动业务：深入理解业务逻辑，独立负责从问题定义、数据提取到分析建模的全流程工作，通过数据挖掘形成深度洞察，识别潜在业务优化点，为关键决策提供可靠的数据支持。
2、深度诊断与策略落地：运用探索性数据分析与统计建模方法，精准诊断影响核心业务指标的关键因素，并能推动数据见解转化为可行的解决方案与业务行动。
3、建模与算法应用：应用并优化统计模型与机器学习算法，构建用户行为预测、价值分层等数据模型。
4、科学度量与效果评估：设计并实施科学的业务度量体系，包括A/B测试、多触点归因模型和媒体混频建模等，全面、客观地评估营销活动与产品迭代的效益。
5、协同推动数据产品化：与产品、推荐、研发等团队协同合作，参与数据产品的需求对接、模型部署与效果复盘，推动分析成果的系统化、产品化，提升数据应用效率。
任职要求
1、应用数学、统计学、计算机科学、计量经济学或相关专业本科及以上学历，211/双一流/985院校，金融行业背景优先。
2、具备 2年以上10年以下工作经验，有数据科学或商业分析相关工作经验，能熟练运用 SQL 与 Python/R 完成复杂数据处理、特征工程与建模任务。
3、具备扎实的数据科学理论基础，熟练掌握回归、聚类、时间序列等常用统计与机器学习方法，并具备在真实业务场景中完成模型落地与迭代的完整经验。
4、具有设计、实施及解读A/B测试的实战经验，熟悉多渠道归因、媒体混频模型等营销量化方法论。
5、具备出色的逻辑思维、业务洞察力和跨团队沟通协作能力，能清晰阐述分析结果并推动决策。",机器学习 SQL Python 数据分析 产品迭代,https://www.liepin.com/a/78162859.shtml
数据分析师,某知名公司,11-16k·13薪,深圳,深圳,学历不限,经验不限,7月19日更新,liepin,"【岗位职责】
1. 负责数据分析师相关日常工作推进，保证任务按时、准确完成；
2. 协同上下游团队处理资料、流程、台账和问题反馈；
3. 持续优化工作方法，提升执行效率和交付质量。

【任职要求】
1. 工作认真细致，具备良好的沟通协调能力；
2. 责任心强，能稳定推进岗位相关事项；
3. 熟悉办公软件及基础业务流程者优先。",数据分析,https://www.liepin.com/a/78038121.shtml
高级数据分析师,浙江新兔科技有限公司,12-20k,杭州,杭州,本科,5年以上,7月31日更新,liepin,"一、岗位职责
1. 搭建业务数据分析体系，制定分析模型、数据标准，产出数据报告、BI报表等标准化数据产品；
2. 独立开展业务专题数据分析，深度挖掘数据价值，输出高质量分析报告与可落地决策建议；
3. 联动业务团队开展数据洞察，基于数据输出业务优化方案，持续跟进推动方案落地并追踪业务结果；
4. 承接业务需求，完成需求拆解，将业务诉求转化为完整的数据分析方案。
二、任职要求
1. 全日制本科及以上学历，5年及以上数据分析相关工作经验；
2. 精通Excel，熟练使用SQL进行数据提取与处理；精通至少一款BI可视化工具，优先Power BI；
3. 拥有跨境电商（亚马逊优先）、国内电商（阿里/京东）或零售供应链相关行业经验；
4. 具备完整数据策略项目经验，全程参与从业务调研、数据分析到可视化落地全流程；
5. 拥有优秀的需求拆解、业务方案转化、数据方案设计能力；具备较强业务洞察力，透过数据定位业务核心问题，驱动业务优化；
6. 优秀跨部门沟通协调能力，能够对接业务、研发多方协作，推动项目落地。
三、福利待遇：
1.股权激励：全员参与股权激励计划；
2.保险待遇：为每位员工入职就提供社会保险；
3.休假政策：按国家法定休假；
4.工 作 餐：为每位员工提供营养搭配的工作餐；
5.假日福利：为每位员工提供传统节假日礼品；
6.体检待遇：每年定期对员工进行体检；
7.团建活动：定期组织各类团建活动；
8.晋升空间：为每位员工制定个性化的职业发展通道。
该岗位下半年会搬迁到杭州办公，现阶段工作地点在温州办公。
",SQL 数据分析 供应链 方案设计 BI,https://www.liepin.com/job/1984361129.shtml
业务数据分析师,友邦资讯科技(广州)有限公司,10-16k,广州-海珠区,广州,统招本科,3-5年,6月30日更新,liepin,"Position Objective:	To complete relevant company reports timely and accurately.
Roles and Responsibilities:	
•	Prepare and ensure timely, accurate reporting on Corporate Solutions businesses, including but not limited to daily production, KPI progress, contest/convention, monthly targets, operation reports, customer claim usage etc. as well as management reports
•	Prepare and generate regular or ad-hoc KPI/activity reports in a timely manner
•	Collaborate and support ad-hoc reporting to distribution team (i.e. Agency and Partnership Distribution) to monitor sales-driven business activities
•	Prepare, maintain and update documented procedures and functional specifications 
•	Coordinate users’ requirement for report/data generation or maintenance requests, as well as work closely with IT and Hong Kong team on implementation 
•	Conduct on-the-job coaching/training to junior/new staff 
•	Hold in-house briefings to the teammates regularly
•	Handle staff problem promptly and properly, report on results with efficient and proactive way 
•	Maintain positive relationship with internal and external customer
Financial and Non-Financial Measures:

•	Efficiency and effectiveness
•	Accuracy, timeliness and completeness of work produced
•	Timely completion of assigned tasks 
•	Internal & External Audit 
•	Interpersonal skill
Communication Requirements
Internal 

External	Internal 
Communication among the team on reports/data preparation and analysis
Communicate with managers or above on ad hoc projects 
External 
Liaise Service Recipients
Minimum Job Requirements:	
Education & Experience
•University graduate from Business school professional qualification or major in Data Science/Big Data
•2-3 years of relevant experience in data processing
Language Skill
•English, Cantonese, Mandarin
Certifications/licenses
•Industry certifications and practitioners’ licenses
Special Skill
•Cooperative, responsible detail minded person with a positive attitude, able to manage stress and work in a fast-paced environment
•Effective communication and interpersonal skills
•Self-motivated and be able to work under tight schedule and pressure
•Proficient data handling skills. Familiar with Microsoft office applications (especially Excel and PowerPoint), Python and PowerBI
•Sensitive to numbers and with good data analysis ability
 ",Perl CAN ROS Python Go Objective To Roles,https://www.liepin.com/job/1983084055.shtml
海外数据分析师,掌阅科技股份有限公司,30-50k·14薪,北京,北京,统招本科,5-10年,7月24日更新,liepin,"职位描述：
1.深入分析用户行为数据，构建用户画像，挖掘用户生命周期价值（LTV），为内容制作和运营策略提供数据支持。
2.对海外短剧市场的热门题材、用户偏好进行追踪和分析，为内容采购和自制提供方向性建议。
3.负责海外广告投放（如Facebook, TikTok等渠道）的数据监控、分析和复盘，诊断投放问题，提出优化策略，提升买量效率和 ROI。
4.负责海外支付链路（如Google Play, App Store, 以及当地主流支付方式）的分析。
监控用户充值行为，搭建充值漏斗模型，定位流失环节，协同技术、产品团队提升付费转化率和ARPU值。
研究不同地区、不同用户群的付费意愿和偏好，为定价策略和促销活动提供数据依据。
5.善于抽象沉淀业务数据需求，开发自动化监控看板，提升数据化运营效率。

职位要求：
1.全日制本科及以上学历，数学、统计学、计算机、经济学等相关专业优先。
2.3年以上数据分析相关工作经验，具备海外市场数据分析经验，对海外文化、用户3.习惯和互联网生态有基本了解。
3.精通SQL，熟悉Python/R等数据分析语言进行数据清洗、分析和建模。
4.熟练使用至少一种数据可视化工具（如风神、Tableau等）。
5.具备扎实的数据分析基础，熟悉常见的统计分析方法和数据挖掘模型。
6.出色的逻辑思维能力、业务洞察力和沟通表达能力，能够独立撰写分析报告并推动业务落地。",Go SQL Python 采购 数据分析 LTV ROI Play,https://www.liepin.com/job/1978574657.shtml
数据分析师,某知名公司,11-16k·13薪,天津,天津,学历不限,经验不限,7月18日更新,liepin,"【岗位职责】
1. 负责数据分析师相关日常工作推进，保证任务按时、准确完成；
2. 协同上下游团队处理资料、流程、台账和问题反馈；
3. 持续优化工作方法，提升执行效率和交付质量。

【任职要求】
1. 工作认真细致，具备良好的沟通协调能力；
2. 责任心强，能稳定推进岗位相关事项；
3. 熟悉办公软件及基础业务流程者优先。",数据分析,https://www.liepin.com/a/78028769.shtml
数据分析师,某知名公司,11-16k·13薪,青岛,青岛,学历不限,经验不限,7月15日更新,liepin,"【岗位职责】
1. 负责数据分析师相关日常工作推进，保证任务按时、准确完成；
2. 协同上下游团队处理资料、流程、台账和问题反馈；
3. 持续优化工作方法，提升执行效率和交付质量。

【任职要求】
1. 工作认真细致，具备良好的沟通协调能力；
2. 责任心强，能稳定推进岗位相关事项；
3. 熟悉办公软件及基础业务流程者优先。",数据分析,https://www.liepin.com/a/77938453.shtml
数据分析师,某知名公司,11-16k·13薪,西安,西安,学历不限,经验不限,7月13日更新,liepin,"【岗位职责】
1. 负责数据分析师相关日常工作推进，保证任务按时、准确完成；
2. 协同上下游团队处理资料、流程、台账和问题反馈；
3. 持续优化工作方法，提升执行效率和交付质量。

【任职要求】
1. 工作认真细致，具备良好的沟通协调能力；
2. 责任心强，能稳定推进岗位相关事项；
3. 熟悉办公软件及基础业务流程者优先。",数据分析,https://www.liepin.com/a/77839071.shtml
数据分析师,某知名公司,11-16k·13薪,广州,广州,学历不限,经验不限,7月13日更新,liepin,"【岗位职责】
1. 负责数据分析师相关日常工作推进，保证任务按时、准确完成；
2. 协同上下游团队处理资料、流程、台账和问题反馈；
3. 持续优化工作方法，提升执行效率和交付质量。

【任职要求】
1. 工作认真细致，具备良好的沟通协调能力；
2. 责任心强，能稳定推进岗位相关事项；
3. 熟悉办公软件及基础业务流程者优先。",数据分析,https://www.liepin.com/a/77835965.shtml
高级数据分析师（数据 BP）(A102877),计算机硬件科创板上市2000-5000人,20-40k·15薪,深圳-宝安区,深圳,统招本科,3-5年,7月30日更新,liepin,"职位描述：
1.在产品侧，作为数据BP，直接助力业务成功和用户满意。
2.负责分析产品数据、业务数据、网页数据等，制作可视化报表，撰写分析报告，为团队赋能。
3.负责统筹产品内所负责模块埋点数据。
4.与研发同事一起,负责产品内部各项数据化驱动业务的的开发。

职位要求：
1.知名院校背景，理工科、统计学专业背景,逻辑分析能力优秀。
2.对数据敏感,拥有数据洞察的能力。具备业务数据分享经验,熟练使用常用数据工具。
3.具备数据统计和分析背景,至少掌握一门数据分析语言。
4.熟悉AB实验平台，有较丰富的AB实验经验。",数据分析,https://www.liepin.com/job/1977832107.shtml
数据分析师,某知名公司,11-16k·13薪,郑州,郑州,学历不限,经验不限,7月18日更新,liepin,"【岗位职责】
1. 负责数据分析师相关日常工作推进，保证任务按时、准确完成；
2. 协同上下游团队处理资料、流程、台账和问题反馈；
3. 持续优化工作方法，提升执行效率和交付质量。

【任职要求】
1. 工作认真细致，具备良好的沟通协调能力；
2. 责任心强，能稳定推进岗位相关事项；
3. 熟悉办公软件及基础业务流程者优先。",数据分析,https://www.liepin.com/a/78029037.shtml
数据分析师,某知名公司,11-16k·13薪,苏州,苏州,学历不限,经验不限,7月10日更新,liepin,"【岗位职责】
1. 负责数据分析师相关日常工作推进，保证任务按时、准确完成；
2. 协同上下游团队处理资料、流程、台账和问题反馈；
3. 持续优化工作方法，提升执行效率和交付质量。

【任职要求】
1. 工作认真细致，具备良好的沟通协调能力；
2. 责任心强，能稳定推进岗位相关事项；
3. 熟悉办公软件及基础业务流程者优先。",数据分析,https://www.liepin.com/a/77751899.shtml
大数据分析师,厦门枫霖速创科技有限公司,10-15k,北京-朝阳区,北京,大专,1年以下,7月17日更新,liepin,"岗位职责：
1、负责公司业务数据的收集、清洗与整理，确保数据质量；
2、利用数据分析工具对业务数据进行基础分析与可视化呈现；
3、协助团队完成常规数据报表的制作与维护，支持业务决策；
4、参与大数据分析相关项目的辅助工作，学习并应用数据分析方法；
5、根据业务需求，进行简单的数据探查和趋势分析。

岗位要求：
1、大专及以上学历，计算机、统计、数学等相关专业优先；
2、1年以下数据分析或相关工作经验，优秀应届生亦可考虑；
3、具备基本的数据处理和分析能力，了解SQL或Excel等基础工具；
4、对大数据分析有浓厚兴趣，具备良好的学习能力和团队协作精神；
5、工作认真负责，沟通表达清晰，能适应快节奏的工作环境。",SQL 数据分析,https://www.liepin.com/job/1984213923.shtml
数据分析师（经营分析方向）,计算机软件科创板上市1000-2000人,15-25k·15薪,广州-天河区,广州,本科,经验不限,7月9日更新,liepin,"一、岗位职责
1、经营分析体系搭建与输出：围绕公司经营目标（收入、费用、利润等），搭建并持续优化经营分析框架及指标体系，定期输出经营分析报告，开展差异分析与专项分析，为管理层决策提供数据支持与业务建议。
2、经营数据监控与分析支持：跟踪核心经营指标执行情况，识别关键变化及驱动因素，针对异常波动进行归因分析，并推动分析结果在业务中的落地应用。 
3、BI 报表与分析看板建设：基于业务需求设计并搭建经营分析看板，明确指标口径与展示逻辑，提升数据可视化与决策支持效率。 
4、数据治理与口径管理：梳理并统一经营分析相关数据口径，推动数据标准化建设，保障跨部门数据一致性与分析结果可比性。 
5、数据分析支撑与方法沉淀：支持业务及管理层数据分析需求，沉淀分析模型与方法，提升分析工作的标准化与复用能力。

二、任职要求
1、本科及以上学历，数学、统计学、财务管理、会计学等相关专业优先；
2、2-5年数据分析、经营分析或财务分析相关经验，具备独立输出经营分析报告经验者优先；
3、具备数据分析与工具能力：
--熟练使用 Excel 或 BI 工具（如 Power BI、Tableau、FineBI/FineReport 等）进行数据处理与可视化分析；
--掌握至少一种数据分析工具或语言（如  SQL、Python等），或具备预测模型、预算管理等经验者优先；
4、具备经营分析能力：
--能够进行指标拆解、归因分析及偏差分析；
--理解收入、费用、利润等核心指标逻辑，并输出业务判断与改进建议；
5、具备良好的综合素质：逻辑清晰，具备业务理解能力与沟通能力，能够推动分析结果在业务中的落地；工作严谨细致，责任心强，具备一定抗压能力。",SQL Python 数据治理 数据分析 BI Excel Power Tableau,https://www.liepin.com/job/1981431103.shtml
跨境独立站数据分析师,好盈科技,15-20k·13薪,深圳-福田区,深圳,本科,1-3年,7月30日更新,liepin,"1. 品牌DTC独立站全渠道流量数据复盘与监控：负责跨境独立站全渠道流量数据统计与复盘，统一业务数据指标口径；搭建数据看板与日常报表，监控搜索引擎自然点击、Google SEM广告、Facebook/Instagram/TikTok/LinkedIn 社媒等渠道的曝光、点击、CTR、CPC、获客成本 CAC 等核心指标。
2. 转化漏斗与用户行为分析：拆解网站「访问→加购→结算→下单→复购」完整转化漏斗，定位各环节流量流失节点；结合 GA4 分析用户站内行为（页面停留、跳出率、购物车放弃率等），输出落地页优化、投放策略调整的可落地建议。
3. 订单与销售业务数据分析：拆解独立站后台订单核心数据，涵盖销售额、客单价、转化率、退款率、区域市场销量；统计复购率、回购周期，输出用户运营的数据支撑建议。
4. 销售团队数据支撑对接销售团队，定期输出标准化订单报表；针对订单大幅波动完成归因分析，定位投放、活动、市场环境等影响因素，支撑销售备货与客户运营策略制定。
5. 专题分析报告输出：输出渠道投放 ROAS 复盘、月度经营营收复盘、区域市场潜力分析、大促活动效果复盘等专题分析报告。
6. 跨部门数据支持与异常预警：对接投放、SEO 运营、销售团队，响应日常数据查询与定制化分析需求；监控异常数据，第一时间预警并给出排查方向与初步业务判断。

 
任职要求：
7. 本科及以上学历，电子商务、国际经济与贸易、市场营销等专业优先；统计学、计算机相关专业需具备跨境电商独立站业务分析实操经验。
8. 3 年及以上跨境DTC品牌独立站 / 海外ToC电商网站运营、数据分析经验，熟悉Shopify等SaaS建站或自研代码站的全站数据逻辑。
9. 熟练使用Google GA4、Google Search Console、Ahrefs、Semrush、Looker Studio等工具分析网站流量与用户行为，可统筹自然流量与付费投放的全链路数据复盘。
10. 具备独立站订单、付费投放、社媒流量全链路分析实操经验，理解 ROAS、CAC、LTV等跨境电商核心指标的业务含义。
11. 有欧美、东南亚、中东等海外多国家/区域市场数据分析经验优先。
12. 熟练使用Excel办公软件，独立制作自动化业务报表。
13. 具备完整的业务分析思维：能够通过数据定位业务问题，输出可落地的优化建议。

加分项：
具备 Google Tag Manager（GTM）基础认知，了解网站事件埋点逻辑。
 ",Go 数据分析 Google Facebook Instagram TikTok LinkedIn CTR,https://www.liepin.com/job/1984196571.shtml
北美电商业务数据分析师,韶音科技,15-20k·16薪,深圳-南山区,深圳,统招本科,1-3年,90天前更新,liepin,"【岗位职责】
1、全链路业务洞察：深入理解品牌电商经营逻辑（选品、流量、转化、复购），针对品牌全渠道（站内+站外）进行经营性分析与专项复盘。
2、数据底层支撑：参与品牌数据中台的底层逻辑构建，协助梳理业务指标体系，确保从原始日志到业务指标的数据链路准确、高效。
3、数据模型与归因：负责搭建科学的业务评估模型（如：用户生命周期模型、全渠道归因模型、库存预测模型等），辅助业务解决复杂的决策场景。
4、数据分析报告：定期产出高质量深度专题分析，不只反馈结果，更要基于数据发现业务痛点，提出具备可执行性的优化建议。
5、BI与自动化建设：负责BI看板的设计与迭代，通过 Python/SQL 实现日常分析工作的自动化，提升团队整体决策效率。
6、AI 创新实践：探索 AI 工具（如 LLM、机器学习模型）在电商场景下的落地，利用新技术提升数据清洗效率与预测准确性。


【任职要求】
1、行业背景：1-3年品牌零售或电商领域经验，对品牌生意链路有全盘意识，理解 D2C 或渠道经营的底层逻辑。
2、硬核技术力：
1）精通 SQL，具备处理大规模、复杂数据关系的底层经验。
2）熟练使用 Python，能够进行数据清洗、统计分析及自动化脚本编写。
3）具备数据建模意识，理解数据仓库基本原理，能参与底层数据治理。
3、业务洞察力：对业务敏感，能理解“业务动作-数据波动-底层逻辑”的对应关系，具备较强的独立思考与问题拆解能力。
4、AI 实践背景：有 AI 辅助办公、编程或利用 AI 模型解决业务问题的实操经验，保持对前沿技术的敏感度。
5、综合素质：
1）主观能动性极强，不被动等待需求，能主动发现数据背后的商业机会。
2）逻辑严密，沟通表达高效，能将复杂的技术方案转化为易懂的业务策略。",Python SQL LLM 机器学习 数据分析 数据治理 技术方案,https://www.liepin.com/job/1981656855.shtml
数据分析师-欧美大厂,某大型世界500强银行公司,14-18k,广州,广州,学历不限,3-5年,7月22日更新,liepin,"至少具备3年数据/业务分析经验
领域：银行/金融
具备扎实的业务/数据分析能力，涵盖需求收集、需求提取、差距分析、数据分析等技能，能够将高层数据或业务需求转化为可行的解决方案，独立设计并实施数据映射和数据治理工作，作为业务与技术团队之间的联络人，有效弥合双方沟通障碍，协助业务团队和技术团队顺利完成项目交付。

岗位要求：
1.能够用英语与商务团队沟通，以澄清不明确的事项。
2.具备强大的逻辑思维和解决问题的能力
3.对数据属性有一定的理解。
4.擅长SQL编写，能够支持大规模数据的数据分析工作。
5.有Tableau / Power BI / FineBI经验；",SQL 数据分析 数据治理 Power BI,https://www.liepin.com/a/78126247.shtml
BI数据分析师,迪阿股份有限公司,16-22k,深圳-南山区,深圳,统招本科,3年以上,7月24日更新,liepin,"工作职责:
1. 负责数据仓库整体数据模型的规划与设计，完成ETL开发，建立数据质量监控机制与校验规则，保障数据链路稳定性、准确性及可追溯性。
2. 深入理解零售、电商、用户增长、营销投放、库存及供应链等业务场景，结合公司战略目标与运营规划框架，构建指标体系，深入洞察分析，设计并搭建面向业务的自服务 BI报表（如 Power BI、FineBI、Tableau等）。
3.与产品、零售、市场、供应链等跨部门紧密协作，将业务问题转化为数据问题，并通过量化分析推动问题解决与策略落地。

任职资格:
1. 本科及以上学历，计算机、数理统计相关专业。
2. 三年以上数据仓库、BI开发和自服务报表工作经验，有供应链、零售行业工作经验优先。
3. 精通SQL，有一定SQL性能优化经验，熟练使用Hive、MySQL等，熟悉Hadoop、Spark、Flink生态相关技术。
4. 会使用JAVA语言，能够完成指标的接口输出。
5. 良好的数据敏感度、逻辑思维和分析能力，能从海量数据提炼核心结果。
6. 优秀的跨团队合作和沟通能力，较强的学习能力，能承担一定的工作压力。",SQL Hive MySQL Hadoop Spark Flink Java 供应链,https://www.liepin.com/job/1984396971.shtml
汽车数据分析师（scania/口语/如皋）,阿科德斯(上海)技术工程有限公司,18-22k,上海-静安区,上海,本科,3-5年,7月27日更新,liepin,"车辆软件刷写 → 车端软件/诊断/刷写工具相关（BMS、VCU等软件刷写）
Mlog数据处理 → 实车日志/RTM数据清洗、解析、特征计算
数据可视化展示 → Flask+ECharts、监控周报、html5页面开发
岗位职责
负责新能源汽车车载软件刷写、版本管理与现场数据采集。
负责车辆Mlog/RTM等运行数据的解析、清洗、处理与指标计算。
基于Python、SQL、Spark进行数据开发，实现车辆状态、电池、电控等数据的自动化分析。
使用ECharts/Flask等工具搭建数据可视化平台，输出报表、看板与分析报告。
支撑车辆问题定位、故障诊断、性能分析与数据合规输出。
协同研发、测试、售后完成数据支持与问题闭环。
任职要求
本科及以上，车辆工程、自动化、计算机、大数据相关专业。
熟悉车载数据格式（Mlog/日志/RTM），能进行数据解析与处理。
熟练使用Python、SQL、PySpark，有数据处理与可视化经验。
了解车载软件刷写、诊断、BMS基本原理优先。
有Zeppelin/Spark/Hive/ClickHouse任一使用经验优先。
具备ECharts、Flask等网页可视化开发经验优先。

英语口语良好者优先",Flask HTML5 Python SQL Spark Hive ClickHouse 版本管理 数据采集 合规,https://www.liepin.com/job/1984414057.shtml
安全数据分析师,货运/物流/仓储10000人以上,11-20k,上海-青浦区,上海,统招本科,5-10年,7月20日更新,liepin,"职位描述
1.熟悉监控系统开发流程,了解系统开发各节点交付节奏,完成系统前期开发梳理、中期系统测试、后期系统验收等工作;
2.能够通过线上数据库、多维表格进行大数据模型分析,搭建自有车队安全BI工具;
3.熟悉车队安全体系搭建,完善车队安全管理制度搭建、根据车队定制化安全解决方案并督导执行;
4.分析两客一危(政府运输平台)通报数据,数据来源、违规原因核实督促问题车队按期整改;
5.对""区域监控员干预""、""区域监控员数据处理准确性""、""区域监控员上班违规行为等，通过监控设备核查记录,发现问题需输出调查报告与改善
建议;
6.制作和维护业务部门所需的日常/周期性数据报表、看板,通过图表等形式清晰呈现业务核心指标(KPI)的完成情况及趋势;
7.构建风险数据驱动的风险画像,根据系统数据定期输出运输安全风险报告、趋势预警,并为风险管控规则的优化提供数据转前入。

职位要求
1.本科及以上学历,计算机科学、信息安全、数据分析、统计学等相关专业;
2.2-5年产品经理、系统开发、数据分析、数据挖掘或相关领域经验。有物流、快递、总部项目管理经验者优先;
3.对数据敏感,具备极强的逻辑推理能力和好奇心,能主动独立完完成分内工作;
4.熟练掌握Excel的常用函数、数据透视表、图表制作,会熟练使使用Python等工具
5.具备良好的沟通能力,能理解业务部门的需求,并能将数据结果清晰地传达给区域车队、监控中心;",Python 数据分析 项目管理 KPI,https://www.liepin.com/job/1984169943.shtml
高级数据分析师,货运/物流/仓储10000人以上,18-30k,深圳-宝安区,深圳,统招本科,2年以上,6月16日更新,liepin,"职位描述
1、搭建销售数据分析体系，负责公司整体及各区域、团队、个人的销售业绩数据、回款数据、客户成交数据、为销售策略调整、资源倾斜、目标制定提供核心数据支撑。
2、主导销售绩效考核体系、提成核算机制、业绩激励规则的搭建，结合业务发展阶段，优化考核指标（结果指标+过程指标）、权重配比、阶梯激励方案，最大化驱动销售团队产能释放；
3、建立销售全流程数据监控模型，开展专项复盘分析，输出问题清单、改进方案及落地跟进计划，推动销售过程标准化、规范化、数据化。
4、负责全员销售业绩、提成、奖金的精准核算、校验、核对工作，建立核算台账与复核机制，杜绝数据误差。同步对接财务、销售、人事部门，完成数据对账、公示、答疑工作，形成数据采集-分析应用-核算落地-复盘优化的完整业务闭环。
5. 数据工具搭建与报表迭代。
任职要求：
1、本科及以上学历，统计学、数据分析、工商管理、市场营销、财务等相关专业优先；2年以上销售绩效、业务数据分析、销售运营相关工作经验
2、具备极强的业务思维+数据思维，透过数据发现业务痛点，熟悉销售全业务流程，精通销售绩效考核、提成激励、业绩核算全流程逻辑。
3、具备优秀的复盘总结、公文撰写、汇报表达能力，可独立输出高质量数据洞察报告；擅长跨部门沟通协同，高效推进问题落地整改。
4、有大型企业销售绩效体系从零搭建经验、熟练掌握Python数据分析、具备销售管理策略优化成功案例者优先。",Python 数据分析 数据采集,https://www.liepin.com/job/1983479213.shtml
数据分析师（业务方向）,某知名公司,14-24k,上海-徐汇区,上海,本科,1-3年,7月31日更新,liepin,"岗位职责：
1.负责推进公司业务的行业分析和战略分析研究工作；
2.探索和评估公司战略级的新业务、新模式，并负责推动新业务、新模式的开展工作；
3.深入洞察行业动态与资讯、分析行业发展趋势，收集、整理和分析有关的政策、动态和趋势等；
4.运用商业分析和战略规划等方法，
职位要求：
1.统招本科及以上，管理、经济、数学、统计、计算机等相关专业优先，能熟练阅读外文文献资料；
2.具备出色的数据分析、商业分析能力，熟悉常用办公工具，熟悉战略分析、规划等研究工具，并可以熟练应用于战略、行业研究之中；
3.参于过互联网行业的行业研究、企业战略研究、市场分析等；具备行业、战略研究分析经验或咨询公司经历优先；
4.优秀的商业分析能力、逻辑思考能力，具备结构化思维及敏锐的商业嗅觉；
5.具备较强的自我驱动力、独立思考能力和创新思维能力。",数据分析,https://www.liepin.com/a/75276045.shtml
数据分析师-用增（海外金融）,Finture科技,20-35k·14薪,上海-徐汇区,上海,统招本科,3-5年,7月20日更新,liepin,"工作内容
1. 负责核心业务基础数据的日常维护，包括埋点、指标口径与标签支持，并建立核心指标监控与数据异常告警，保障数据稳定可用；
2. 支持用户的行为与交易分析，输出用户分层与留存、活跃、交易变化分析，支撑用户运营策略优化；
3. 支持获客与营销效果分析，包括渠道转化、活动评估与复盘，协助营销团队提升获客效率与预算使用效果；
4. 支持备用金、分期等核心收入模块的数据分析，结合成本与 ROI 分析，为收入增长与资源分配提供数据依据；
5. 跨部门与外部支持，为客服、战略、合规及投融资等团队提供数据支持，协助对外数据口径梳理与问题排查；

岗位要求
1. 本科及以上学历，统计学、数学、计算机、信息管理、数据科学等相关专业优先；
2. 3-5年左右数据分析或相关岗位经验，有互联网、金融等行业经验者优先；
3. 熟练使用 SQL 进行数据查询与分析，能够独立完成复杂取数需求；
4. 有数据看板或报表维护经验者优先（如 Tableau、Power BI、Superset 等）；
5. 熟悉常见数据分析方法（如对比分析、趋势分析、分层分析等）；
6. 有 Hive / Spark 等数据仓库使用经验者优先，但非必；
7. 有支持业务团队（日常分析、复盘、看板、指标解释）的实际经验；
8. 能够理解业务问题，并将其拆解为清晰的数据分析需求；",SQL Hive Spark 数据分析 合规 ROI Tableau Power,https://www.liepin.com/job/1984247605.shtml
高级数据分析师（销售）,通信设备科创板上市10000人以上,15-20k,深圳-南山区,深圳,本科,5年以上,7月17日更新,liepin,"工作职责
1、定期编制日报、周报、月报及各类销售分析报表。
2、对销售数据进行深入分析，识别销售趋势和潜在问题。
3、提供基于数据分析的业务改进建议和策略。
4、与销售团队合作，提升销售效率和效果。

任职要求
1、5年以上销售数据分析相关工作经验，有财经分析经验优先。
2、强大的数据分析和报告制作能力。
3、良好的沟通技巧，能够清晰地向团队传达分析结果和建议。",数据分析,https://www.liepin.com/job/1984214325.shtml
数据分析师（五险一金）,某上海专业技术服务公司,14-15k,北京-海淀区,北京,统招本科,1-3年,7月24日更新,liepin,"职位描述

1、负责快手搜索广告商业化数据分析工作，深入理解业务需求，通过分析报告形式，对问题进行深入分析，为系统机制、流量认知、供给拓展等方向上的业务决策提供数据和分析支撑，输出分析建议，协助达成业务效率提升
2、快速响应业务需求，完成对业务现状看清，周期性回顾等分析工作，并不断主动思考、反馈数据发现的各类业务问题，推进解决优化；
任职要求
1、有数据分析经验，熟练使用SQL进行数据提取，熟练使用EXCEL进行数据整理；
2、逻辑思维和量化思维强，数据敏感度高；
3、最好有商业化相关实习或认知，学习能力强；
4、有主人翁意识，执行力强，具备良好的内外部协作能力、表达能力和抗压能力。",SQL 数据分析,https://www.liepin.com/a/76626811.shtml
数据分析师 (MJ002745),食品/饮料/酒水5000-10000人,15-25k·13薪,杭州-萧山区,杭州,本科,经验不限,6月4日更新,liepin,"	工作职责
1、业务策略支持：全流程跟进业务策略，策略前期完成数据探索分析、策略数值测算、业绩影响测算等，输出分析报告、测算结果；策略落地期跟进策略方案迭代和落地节奏，规划及搭建策略看板、提供周期性监控数据；策略中后期规划、完成策略效果复盘，提出策略优化建议同步业务方跟进策略迭代
2、经营分析：定期撰写经营分析报告（周报/月报），监控核心指标变化及进行归因分析，梳理沉淀分析框架，协同AI进行分析提效
3、数据提效：搭建、迭代所负责业务线核心看板，跟进、解决内部及外部数据问题，保障看板数据准确性、提升看板可读性、分析性


任职要求：
1、本科及以上学历，2年及以上数据分析经验，有茶饮、零售等相关行业经验者优先
2、具备优秀的数据处理（精通SQL、PYTHON、主流BI搭建）与分析能力（具备很强的业务理解能力、数据洞察能力、逻辑性，能将业务问题数据化）
3、自我驱动力强，对业务有好奇心，工作细致，具备优秀的沟通协调能力及团队合作精神",SQL Python 数据分析 PYTHON,https://www.liepin.com/job/1983142971.shtml
数据分析师（食品/快消行业）,某上海大型食品/饮料/酒水公司,25-30k,上海,上海,统招本科,5-10年,7月28日更新,liepin,"数据分析工作职责:
1.数据收集与整理:通过各种渠道收集数据，并进行筛选、清洗和整理，确保稽查数据的准确性和完整性,2.数据分析:运用各种数据分析工具和方法，对收集到的数据进行深入分析，发现数据中的规律和趋势，为决策提供依据;3.报告撰写:根据分析结果，撰写各种形式的数据分析报告，包括但不限于表格、图表和文字描述，以清晰、准确地传达信
息;
4.需求调研与反馈:向上级反馈稽査过程中的异常问题及工作建议，完成领导交办的其他工作。任职资格:
1.基本要求:本科及以上学历，*****:
2.数据分析工具:熟练掌握数据分析工具，掌握SQL等数据库査询语言，能够高效地选择合适工具进行数据处理和分析;3.数据可视化:掌握数据可视化技术，如Excel图表等，能够将数据分析结果以图表形式呈现，使数据更易理解;4.逻辑思维与分析能力:具备逻辑思维能力，具备分析能力，能够通过数据分析发现问题，5.沟通与协作:沟通表达与协作能力较强;
6.需要偶尔全国范围内出差，须有较好的身体素质及心理素质,",SQL 数据分析,https://www.liepin.com/a/76516935.shtml
数据分析师,四维图新,200-250元/天,北京-海淀区,北京,硕士,,90天前更新,liepin,"岗位职责:
1.协助团队进行日常数据收集、整理和分析工作。
2.使用数据分析工具对数据进行清洗、转换和分析，以提取有价值的信息。
3.参与数据报告的制作，以清晰直观的方式呈现数据分析结果。

任职要求：
1.熟悉Excel、PPT等数据处理和分析工具。
2.具备良好的沟通能力和团队协作精神，能够快速适应新环境和新任务。
3.对数据分析有浓厚兴趣，能够独立进行数据收集和分析。
4.熟悉prompt编写，能够使用大模型对非结构化文件进行处理

招聘人数：1人",大模型 数据分析,https://www.liepin.com/lptjob/74565173
