job_name,company_name,salary,work_area,city,education,work_year,issue_date,source,skill_requirements,tech_tags,job_url
系统集成实习生,春风动力,120-150元/天,杭州-临平区,杭州,本科,,7月27日更新,liepin,"岗位职责
1、协助研究院开展内部各系统（动力、电子电气、新能源等）整车集成开发工作，整理集成方案与性能目标拆解相关资料，支撑整车性能开发。 
2、配合完成系统接口、性能匹配验证工作，收集试制研发阶段集成问题，协同跨部门跟进问题整改，保障项目节点推进。
3、 协助编制、跟踪系统开发计划，汇总项目进度信息，整理技术与进度风险台账，跟进应对措施落实。
4、参与开发规范资料梳理，负责试验数据、问题案例的收集归档，沉淀集成开发资料。 
协助调研行业前沿技术及竞品集成方案，整理对标数据，输出基础分析材料与优化参考建议。 
任职条件
 1、27届本科及以上在读，车辆工程、机械设计制造及其自动化等相关专业；了解整车系统、零部件、动力开发相关基础知识优先。 
2、具备良好逻辑思维，能够协助跟进项目计划，配合梳理集成相关风险信息。 
3、拥有较好沟通协作、问题整理能力，具备较强执行力与抗压能力。 
4、能够熟练使用 Office 办公软件；能使用CATIA、UG 三维软件、具备基础技术文档撰写、数据整理能力优先。
有整车项目、系统集成相关课题或实践经历优先 。

截止日期：2027年07月27日
招聘人数：3人",技术文档 UG,https://www.liepin.com/lptjob/84438457
系统集成网络工程师,上海瀛宇通信有限公司,150-200元/天,上海-浦东新区,上海,本科,,90天前更新,liepin,"职位要求：
1、热爱硬件与系统集成工作，并喜欢动手制作
2、有明确的专业喜好，如计算机系统，网络等，并有自己的见解
3、有基础的计算机软件基础，能进行简单编程
4、有团队合作精神，能胜任出差实施任务（包括香港、澳门）
 5、独立阅读英语文档、资料
技术要求：
1.计算机/服务器硬件
熟悉计算机/服务器硬件组成，熟知最新最前沿的计算机/服务器硬件的技术参数，独立进行计算机组装，计算机/服务器故障排查与维修。
2.Windows操作系统
熟练使用Windows操作系统，通过多种方式安装操作系统。
熟练运用各种Windows组件，如：注册表，CMD，PowerShell等指令。
3.Windows Server 操作系统
可以独立搭建各种Windows服务；如：域服务，邮件服务，IIS服务，VPN服务，证书服务等。
熟练掌握各种Windows服务的配置，如：AD，DHCP，DNS，组策略。
4.Android操作系统
熟练掌握ADB调试命令。
5.计算机网络
熟练掌握计算及网络及其相关知识，可以独立搭建三级以上拓扑结构的局域网，熟悉交换机、路由器、防火墙等网络设备的配置。
6.数据库
熟练掌握MS SQL Server / MySQL 的安装与配置
熟练使用SQL查询语句。
7.云平台
了解市场上主流的云平台服务商以及各个平台提供的云服务。 

招聘人数：5人",Shell 防火墙 SQL Server MySQL SQL 故障排查,https://www.liepin.com/lptjob/76353197
新能源系统集成实习生,浙江吉利控股集团,150-200元/天,宁波-慈溪,宁波,硕士,,6月18日更新,liepin,"岗位描述
1.负责新能源及动力集成整体业务的交付管理，包含新能源动力系统集成、新能源高压架构、新能源三电系统、动力域/新能源域/热管理域功能及控制器、能量管理/动力性/驾驶性/排放/充电性能/高压安全等属性业务的交付管理工作；
2.负责承接各车型项目需求，包括需求承接、任务分解、计划管理和结果交付；
3.负责新能源及动力集成中心动力平台规划、平台方案设计、系统选型，包含能量管理/动力性/驾驶性/排放/充电性能/高压安全等属性业务的开发，对新能源动力平台竞争力负责；
4.负责新能源及动力集成中心在研质量和售后质量管理工作；
5.负责推进中心技术开发流程体系建设和体系落地工作；
任职资格
1.具有系统思维和分析能力；
2.掌握基本的新能源及动力集成管理理论和新能源动力方向专业知识；
3.有良好的语言表达和组织能力。
4.了解和熟悉集团各业务的基本过程；
5.善于对实践成果进行理论化总结，形成方法论；
6.27届硕士及以上学历，机械设计及自动化专业、电气、机电、车辆工程、新能源等专业优先

截止日期：2027年06月18日
招聘人数：10人",方案设计,https://www.liepin.com/lptjob/83543159
客户系统集成测试工程师（应届及2年内经验）,电子/半导体/集成电路10000人以上,10-20k·13薪,上海-浦东新区,上海,本科,应届,6月16日更新,liepin,"工作职责：
1. 负责公司产品在客户系统环境中的集成测试与验证工作，包括功能验证、性能表征以及在实际应用场景下的质量评估。
2. 参与新产品、新技术相关测试平台、测试方法及验证方案的开发与优化。
3. 执行产品生命周期各阶段的验证工作，包括产品开发阶段和质量验证阶段的相关测试活动。
4. 维护测试追踪表及相关记录的准确性，确保项目状态、目标日期及关键节点信息及时更新。
5. 支持产品在认证、客户集成及现场应用阶段的问题分析与失效调查。
6. 对测试过程中发现的问题进行分析、总结和汇报，并及时向相关利益方沟通风险及改进建议。
7. 与研发、质量及跨职能团队协作，分享测试经验、方法和实践，持续提升验证效率和测试质量。
职位要求：
1. 电子工程、计算机科学、机电工程、自动化、测控技术或相关专业，本科及以上学历。
2. 具有0-2年系统集成测试、产品验证、服务器测试或相关领域经验。欢迎具备相关实习或项目经验的应届毕业生投递 。
3. 熟悉 SATA、SAS 或其他相关接口/协议者优先。
4. 具备服务器及服务器测试相关经验者优先。
5. 具备 Shell、Python 或类似工具的基础脚本编写或编程能力者优先。
6. 具备 HDD 测试与支持相关经验者优先。
7. 具备良好的组织协调能力、沟通能力和分析能力，关注细节，并具有较强的数据敏感度。
8. 学习能力强，具备良好的团队合作意识，能够在跨职能团队环境中高效开展工作。

截止日期：2026年09月30日
招聘人数：1人",Shell Python SATA SAS HDD,https://www.liepin.com/lptjob/83509147
机器人嵌入式/系统集成实习生（灵巧手项目）,进化论(北京)机器人科技有限公司,150-300元/天,北京-海淀区,北京,本科,,6月4日更新,liepin,"机器人嵌入式/系统集成实习生
 
岗位职责
 
1. 协助工程师开展机器人嵌入式Linux（Ubuntu）环境搭建、编译调试、系统简易裁剪，配合机器人灵巧手、柔性感知硬件平台适配，辅助优化开机速度、内存占用、系统实时性，协助定位系统运行故障。

2. 参与软硬件集成工作，负责灵巧手本体、触觉/力控传感器、IMU、关节执行器的硬件对接、驱动调试与联调，保证感知与驱动模块通讯稳定。

3. 协助系统进程维护，基于ROS/ROS2、IPC完成任务间通讯调试，排查灵巧手多路传感器同步采集、多任务并发运行异常，保障控制链路可靠运行。

4. 协助嵌入式SDK模块调试，整理CAN、EtherCAT、ROS2通讯协议测试文档，配合灵巧手感知控制系统迭代优化。

5. 负责多维力传感器、触觉传感器的数据采集、滤波处理、参数标定，协助集成基础运动控制程序，调试灵巧手抓取、触觉交互功能。

6. 跟进嵌入式Linux与机器人控制相关技术学习，协助项目版本更新、整机测试、问题复盘及各类技术文档编撰。
 
任职要求
 
1. 自动化、电子信息、计算机、机器人工程、测控等相关专业在读，本科及以上，硕本均可，能长期稳定实习优先。

2. 掌握C/C++基础，熟悉Linux常用指令，会简单Shell、Python脚本编写，了解嵌入式开发流程。

3. 掌握ROS/ROS2基础操作，有硬件调试、机器人集成相关实操经历优先。

4. 了解Linux进程、文件系统、基础IPC通讯，能够独立处理简单系统故障。

5. 熟悉UART/I2C/SPI/CAN/网口等硬件总线，接触过STM32、RK3588、Orin任一平台优先。

6. 了解EtherCAT/CANopen基础，有伺服电机、关节驱动、运动控制相关学习经历加分。

7. 学习主动性强，做事严谨，擅长团队协作，可适应研发现场调试工作。

8. 熟练使用Git管理代码，拥有科创比赛、课程项目、自研项目经历优先。
 
优先录用条件
 
1. 有机器人灵巧手整机调试、嵌入式集成项目经验优先；

2. 实操过柔性触觉传感器、分布式力感知采集校准人员优先录用；

3. 做过多维力传感数据处理、灵巧手抓取控制、ROS2手部设备驱动适配优先。
 
实习福利&优势
 
1. 深度参与灵巧手、柔性感知控制系统研发，积累前沿项目履历，提升求职竞争力。

2. 全程跟进产品从硬件适配、系统移植到感知调试全流程，积累可落地的项目经验，简历成果丰富。

3. 表现优异可转正，统一开具实习证明、求职推荐信，助力校招与升学。
 
实习要求
 
每周出勤≥4天，连续实习3个月及以上，到岗时间面议

截止日期：2027年06月01日
招聘人数：1人",嵌入式Linux ROS CAN C++ Linux Shell Python UART I2C SPI STM32 Git,https://www.liepin.com/lptjob/83172475
系统集成工程师（应届）,深圳市新凯来技术有限公司,17-40k·15薪,深圳-龙岗区,深圳,学历不限,应届,7月24日更新,liepin,"1、负责高精密装备系统方案设计和模型仿真，分解性能指标；
2、负责整机系统性能的测试方案设计和集成验证，完成系统和子系统实验数据建模分析，诊断和优化系统性能；
3、负责半导体设备系统的集成工作，收集并反馈现场集成问题，排除设备故障，参与半导体设备测试平台和半导体软件的升级活动；
4、负责执行高精密装备的功能和性能调试、装备验收、装备故障诊断和问题闭环。****************
 

截止日期：2027年03月18日
招聘人数：1人",方案设计,https://www.liepin.com/lptjob/81058727
系统集成工程师（AI应用方向）,航空/航天设备,12-14k,孝感,,硕士,应届,90天前更新,liepin,"岗位职责：
1.负责AI基础设施的建设。主要包括本地化部署（包括国产化适配）环境搭建、开源模型部署、私有知识库搭建等；
2.负责培训产品AI功能开发、集成、测试与部署优化。主要包括AI助教（教材开发、课件制作、数字人授课、作业批改、出卷、效果评估、学员画像、学习路径推荐）等；
3.负责AI技术在产品研发中的应用。主要包括AI配音、AI编程、AI建模、AI制作脚本、AI制作动画等。
4.负责AI技术在日常办公、管理中的应用。主要包括数字员工、AI辅助生成会议纪要、AI辅助工作记录等。
任职要求：
1.计算机、人工智能、大数据、数学、软件工程等相关专业硕士学历；
2.精通至少一种Python/C++/Java编程语言，熟悉Linux开发环境；
3.熟悉AI应用部署框架；
4.有良好的文字功底、学习能力、分析问题和解决问题的能力，具备团队合作精神。

截止日期：2027年03月02日
招聘人数：1人

职位来源：该职位来自第三方企业官网",Python C++ Java Linux 知识库 培训,https://www.liepin.com/lptjob/80564117
系统集成工程师-应届,深圳市新凯来技术有限公司,15-35k·16薪,深圳-龙岗区,深圳,本科,应届,90天前更新,liepin,"岗位职责：
1、负责高精密装备系统设备、工艺、工具集成，分解性能指标；
2、负责高精密装备系统性能的集成和验证方案设计，开展实验验证，完成系统和子系统实验数据建模分析，诊断和优化系统性能；
3、负责高精密装备系统的集成工作，收集并反馈现场集成问题，排除设备故障，参与测试平台和软件的升级活动；
4、负责执行高精密装备的功能和性能测试、设备验证、设备故障排查和问题闭环。

岗位要求：
1、光学、电气工程、物理学、机械工程、控制工程、计量科学、仪器仪表、计算机、软件、材料工程、工程数学、统计分析、工业工程、安全工程、环境工程等相关专业，掌握相关理论知识；
2、熟悉Linux/unix/C++/Python/Shell；
3、熟悉SVN/GIT版本管理工具，熟悉GitLab/Jira/Jenkins等持续集成工具；
4、具备良好的沟通与协作能力，主动性强，好奇心强，能够快速学习多个工程学科，善于发现和解决问题；
5、有系统设计和仿真软件、制造工艺优化软件工具使用或软件测试经验优先
6、熟悉专业相关标准、规范及技术规范，具备应急处理能力，责任心强。

截止日期：2026年11月11日
招聘人数：1人",Linux Unix C++ Python Shell SVN Git Jenkins 方案设计 性能测试 故障排查 版本管理,https://www.liepin.com/lptjob/78371387
系统集成实习生(主动安全),长城汽车技术中心,300-400元/天,北京-海淀区,北京,硕士,,90天前更新,liepin,"岗位要求：
1. 参与智驾软件集成和适配工作，包括代码编写、单元测试、问题定位等。 
2. 保证智驾功软件能够在不同平台和应用场景下稳定运行；
3. 对新需求进行技术可实现性评估，并参与技术方案选型。

任职资格：
1. 本科以上教育经历在读，计算机、电子和自动化等嵌入式软硬件开发相关专业在读；
2. 熟悉常用算法和数据结构，熟悉面向对象设计，熟悉 C/C++，Python； 
3. 熟悉Linux或Unix系统编程；
4. 熟练掌握shell/Git/CMake等开发工具和编译配置语言；
5. 有较好的逻辑思维能力、沟通能力和较强的责任心。
6. 熟悉业界主流车载中间件的特性和接口，如ROS/ROS2、Apollo等对Linux内核有深入理解者优先；

招聘人数：1人",C++ Python Linux Unix Shell Git CMake ROS 技术方案,https://www.liepin.com/lptjob/75810395
系统集成工程师,重庆数智盛通科技有限公司,100元/天,重庆-渝北区,重庆,大专,,90天前更新,liepin,"岗位职责：
1、负责项目的技术对接和现场勘察，熟悉产品业务和了解客户需求；
2、负责项目集成方案的设计，完成集成方案的编制；
3、负责项目集成方案的修改和确认，满足客户要求；
4、负责项目现场实施，完成项目集成部分的工作任务；
5、配合公司完成招投标工作。

岗位要求：
1、计算机、自动化、电子工程等相关专业，本科及以上学历；
2、熟悉计算机软硬件知识，具有较强的信息技术应用能力；
3、了解系统集成项目的技术方案设计、现场实施等工作环节；
4、具有良好的沟通能力、团队协作精神和学习能力；
5、熟练掌握CAD制图、Office、Visio、Project等软件。


招聘人数：1人",招投标 技术方案 Visio,https://www.liepin.com/lptjob/72693811
新能源系统集成工程师,浙江吉利控股集团,15-18k,宁波-慈溪,宁波,硕士,应届,6月17日更新,liepin,"岗位描述
1.负责新能源及动力集成整体业务的交付管理，包含新能源动力系统集成、新能源高压架构、新能源三电系统、动力域/新能源域/热管理域功能及控制器、能量管理/动力性/驾驶性/排放/充电性能/高压安全等属性业务的交付管理工作；
2.负责承接各车型项目需求，包括需求承接、任务分解、计划管理和结果交付；
3.负责新能源及动力集成中心动力平台规划、平台方案设计、系统选型，包含能量管理/动力性/驾驶性/排放/充电性能/高压安全等属性业务的开发，对新能源动力平台竞争力负责；
4.负责新能源及动力集成中心在研质量和售后质量管理工作；
5.负责推进中心技术开发流程体系建设和体系落地工作；
任职资格
1.具有系统思维和分析能力；
2.掌握基本的新能源及动力集成管理理论和新能源动力方向专业知识；
3.有良好的语言表达和组织能力。
4.了解和熟悉集团各业务的基本过程；
5.善于对实践成果进行理论化总结，形成方法论；
6.硕士及以上学历，机械设计及自动化专业、电气、机电、车辆工程、新能源等专业优先

截止日期：2027年06月01日
招聘人数：1人",方案设计,https://www.liepin.com/lptjob/72069397
系统集成工程师,武汉方图智能科技有限公司,4-6k,武汉-江汉区,武汉,学历不限,应届,90天前更新,liepin,"技能要求：
云计算，多媒体集成，分布式，音响系统，视听系统，

工作内容：
1.负责会议系统集成，电话系统、背景音响及紧急广播系统等弱电系统。
2.负责设备的布线、安装、调试及维护。

任职要求：
1.通信、电子工程、自动化、计算机等相关专业毕业，本科以上学历，学历低于要求，请不要投递简历。2，具有良好的现场安全意识及自我安全防范意识。
3，本岗位根据项目地点走，大部分在武汉市，其余基本在湖北省内，要求能够适应出差。
4，具有良好的人品，责任心强，吃苦耐劳，良好的团队意识和学习能力。

招聘人数：15人",分布式,https://www.liepin.com/lptjob/29013163
1-C14助理研究员:系统集成与联合试验,通信设备1000-2000人,薪资面议,杭州-西湖区,杭州,博士,应届,6月22日更新,liepin,"岗位职责描述：
1.参与本领域顶层需求捕获、任务分解、任务规划等；
2.参与复杂试验验证方案研究及制定；
3.参与组织复杂试验验证系统研制、集成与试验实施；                             
4.主持或作为重要成员参与相关领域国家级重点或重大科研项目；
5.负责或作为重要成员参与制定本研究领域的建设和发展规划；
6.参与本领域科学研究相关的科研条件建设。
任职要求:
1.取得国内外博士学位，年龄不超过35周岁（特别优秀者，可适当放宽）；
2.具有雷达探测、侦察与对抗、信号与信息处理、复杂电磁系统联合试验等相关领域科研与工程经验者优先；
3.取得丰富的科研成果，在国内外知名期刊发表高质量论文或相关专利；
4.具有良好的沟通能力、表达能力、团队协作能力；
5.能够独立开展科研工作。


截止日期：2027年06月22日
招聘人数：1人",专利,https://www.liepin.com/lptjob/83611055
系统集成工程师,深圳市新凯来技术有限公司,17-25k·14薪,深圳-龙岗区,深圳,本科,应届,90天前更新,liepin,"岗位职责：
1、负责高精密装备系统方案设计和模型仿真，分解性能指标；
2、负责整机系统性能的测试方案设计和集成验证，完成系统和子系统实验数据建模分析，诊断和优化系统性能；
3、负责高精密装备系统的集成工作，收集并反馈现场集成问题，排除设备故障，参与测试平台和软件的升级活动；
4、负责执行高精密装备的功能和性能调试、装备验收、装备故障诊断和问题闭环。

岗位要求：
1、光学、电气工程、物理学、机械工程、控制工程、计量科学、仪器仪表、材料工程、工程数学、统计分析、工业工程、安全工程、环境工程等相关专业，掌握等相关理论知识；
2、熟悉软件开发流程，熟练掌握Linux命令和Shell/Python脚本；
熟悉SVN/GIT等配置管理工具，熟悉UCI、Jenkins等持续集成工具；
具有良好的沟通与合作能力，主动性强，好奇心强，能够快速学习多个工程学科，善于发现和解决问题；
3、熟悉安全相关法规，标准及技术规范，具备应急管理能力，责任心强。

截止日期：2026年12月01日
招聘人数：1人",Linux Shell Python SVN Git Jenkins 方案设计,https://www.liepin.com/lptjob/78818217
智控系统集成员,中国第一汽车股份有限公司,薪资面议,长春,长春,本科,应届,90天前更新,liepin,"工作职责
1、负责车辆域控制器软件策略开发、模型及代码实现、功能验证
2、负责车辆域控制器软件软件集成、集成测试、测试问题的分析处理
3、负责传动电控系统软件开发、产品认可及生产、市场问题分析处理
任职要求
能力要求：
1、机械电子工程、计算机、自动控制、车辆工程、自动化相关专业
2、熟悉C、C++嵌入式系统开发、Matlab Simulink建模仿真
基本条件：
1、国家统招本科及以上学历的应届毕业生
2、专业对口，在校期间表现良好，无处分
3、按规定学制如期取得毕业证和学位证书，且英语通过国家四级
4、成绩优秀，身体健康

截止日期：2026年09月01日
招聘人数：1人

职位来源：该职位来自第三方企业官网",C++ MATLAB Matlab,https://www.liepin.com/lptjob/77505507
系统集成工程师,积成电子股份有限公司,5-7k·14薪,济南-高新区,济南,本科,应届,90天前更新,liepin,"职责描述：
负责电力系统自动化装置类产品的系统总成、现场实施、维护及客户培训工作。
任职要求：
1、电气工程及其自动化、电子、自动化、应用物理等相关专业，本科学历；
2、具备良好的沟通协调能力、团队合作精神，能长期出差；
3、熟悉模拟、数字电路，以及嵌入式设计的基本概念，熟练应用Protel等设计工具。


招聘人数：1人",培训,https://www.liepin.com/lptjob/33964315
北方华创微电子-电气工程师（博士）-2027校园招聘(J15895),电子/半导体/集成电路10000人以上,20-35k,北京-大兴区,北京,博士,应届,7月9日更新,liepin,"职责描述：
方向一：控制算法分析
1.数据模型与算法研究，涵盖故障预测和健康管理(PHM)、故障检测和分类(FDC)、预测性维护(PdM)、先进过程控制(APC)；
2.多物理场仿真与数据科学融合研究，包括数据动的CFD模型优化及基于物理信息神经网络(PINN)的CFD求解优化；
3.数据项目全流程开发，从数据收集到模型部署，提供针对不同数据规模的定制解决方案；
4.数据科学工具链的研究与评估，持续改进现有模型和方法论。

方向二：嵌入式系统硬件开发
1.嵌入式系统硬件架构设计与实现，包括原理图设计、PCB布局及关键元器件选型；
2.嵌入式固件开发与系统集成，实现底层驱动开发及基于RTOS的任务调度；
3.系统级测试验证，包括电气测试、功能测试和环境可靠性测试。

方向三：电气工程
1.半导体装备电气系统架构设计与开发，包括电气控制方案制定和关键供应商开发；
2.复杂电气工程问题的分析与解决，开展实验验证并开发创新解决方案；
3.电气工程组件设计、选型与工程分析，完成电图纸设计和产品规格制定。

方向四：电气工程-系统集成
1.复杂电气系统架构设计与开发，包括系统级解决方案验证和工程文档编制；
2.电气系统测试验证与性能优化，利用实验室设备进行系统性能表征；
3.数据驱动的系统设计改进，通过数据分析推动产品研发创新。

方向五：电力电子
1.电源系统及功率器件控制架构的全流程设计与可行性验证；
2.电气元件选型与技术指导，供应商培训与技术支持；
3.现场技术问题诊断与解决方案制定，为客户提供专业技术支持。

方向六：供配电技术
1.半导体设备交直流配电系统设计与控制方案开发；
2.软硬件系统集成验证与OEM部件选型成本分析；
3.电气图纸绘制与技术文档编制，包括原理图、接线图及设备手册等；
4.现场技术问题诊断与解决方案实施。

方向七：电磁兼容与屏蔽
1.半导体装备电磁兼容设计与解决方案开发，涵盖整机/模块/单板各级电磁兼容设计；
2.电磁屏蔽与吸波材料设计与测试，开展电磁材料仿真建模研究；
3.电磁兼容与静电放电等先进技术研究，支撑测试与仿真平台建设；
4.电磁材料(吸波/屏蔽/超材料)的性能测试与应用研究。

方向八：热工自动控制和热工结构设计
1.热功率计算、多输入多输出耦合加热系统建模及温度控制算法设计；
2.进行热工实验平台的设计与搭建，热工控制系统设计开发经验（辐射加热、风冷降温），如热工控制算法设计（PID或先进控制算法）的开发和调试；
3.材料选型及成型加工工艺研究（适用于高温加热的电阻丝、隔热保温材料等）。

方向九：运动控制平台开发
1.运动控制平台设计如机械手研究（轨迹规划、运动插补、自动示教）；
2.多轴协同运动控制算法设计开发，对于运动控制的末端抖动、不同负载适配研究开发；
3.根据机器视觉或者雷达信息进行多传感器信息融合处理机械手位姿确认和偏差分析；
4.研究机械手相关的智能控制、实时通讯或者结构设计。
任职要求：
方向一：控制算法分析
1.应用数学、统计学、自动化、计算机工程、电气工程、微电子工程等相关专业；
2.熟练掌握统计学习和机器学习模型，精通时间序列模型、回归和分类模型，以及神经网络(LSTM、RNN、AutoEncoder等)；
3.熟悉数据处理和特征工程，掌握PCA、LDA、ICA等数据降维方法，精通特征筛选、构造和融合技术；
4.精通Python/Matlab/C/C++/R中至少一种编程语言，熟悉Scipy、Sklearn等科学计算库，了解Pytorch/Tensorflow/Keras等深度学习框架；
5.具备PHM/FDC/半导体相关项目经验；
6.拥有数据项目全流程开发经验，能够独立设计和实现高效模型；
7.曾在数据科学会议/期刊发表论文；
8.特别优秀者可放宽要求。

方向二：嵌入式系统硬件开发
1.电气工程、自动化等相关专业；
2.精通模拟和数字电路设计，掌握电源管理、信号完整性和热管理设计；
3.熟练使用Solidworks Electrical、Eplan等EDA设计工具；
4.精通C/C++编程，具备RTOS应用经验；
5.熟悉SPI、I2C、UART、以太网和EtherCAT等通信协议；
6.具备出色的分析和故障排查能力；
7.具备ARM/DSP开发或高精度运动系统项目经验；
8.具备复杂系统嵌入式开发及跨团队协作项目经历；
9.特别优秀者可放宽要求。

方向三：电气工程
1.电气工程、自动化等相关专业；
2.精通Solidworks Electrical、Eplan等EDA软件，具备完整的电气系统设计能力；
3.熟练掌握倍福、汇川、欧姆龙等主流PLC编程与系统集成；
4.具备强大的工程分析能力，能够解析电气数据并开发创新解决方案；
5.掌握电气布线、控制柜设计规范及低压电气标准；
6.具备优秀的批判性思维和问题解决能力；
7.具备半导体装备产品开发生命周期经验；
8.特别优秀者可放宽要求。

方向四：电气工程-系统集成
1.电气工程等相关专业；
2.具备电气架构和系统集成的系统级理解，掌握电源与控制技术的自动化应用；
3.精通5-why、8D、fishbones等故障分析工具熟练使用DVM、示波器、协议分析仪等测试设备；
4.拥有出色的技术沟通能力，能够与跨职能团队有效协作；
5.具备半导体领域调度/嵌入式/电气系统成功案例；
6.具备OEM系统组件设计和跨职能团队合作经历；
7.特别优秀者可放宽要求。

方向五：电力电子
1.电气工程、自动化等相关专业；
2.熟悉电源常见拓扑结构，具备完整的电气图纸设计与技术文档编制能力；
3.掌握CAN、EtherCAT、Modbus等电源常用通讯协议；
4.精通IGBT、MOSFET、SCR等功率器件的驱动设计及MCU、DSP、FPGA控制系统设计验证；
5.熟练掌握电力电子计算方法，熟悉电源相关国家标准；
6.熟练使用Solidworks Electrical、EPlan等电气设计士具及Matlab、PSpice等仿真软件；
7.具备数字电源或变频电源项目研发经历；
8.具备完整的电源产品开发全流程实践经验；
9.特别优秀者可放宽要求。

方向六：供配电技术
1.电气工程、自动化等相关专业；
2.具备扎实的自动化、电力驱动及动力电气专业知识，善于实践；
3.精通交直流配电系统:(1000VAC以下)设计计算，熟悉国家标准规范；
4.熟练使用EPlan、Solidworks Electrical等电气设计工具；
5.具备优秀的抗压能力和自我管理能力；
6.拥有良好的中英文沟通协调能力；
7.具备半导体设备供配电项目经历；
8.具备完整的电气系统设计经验；
9.特别优秀者可放宽要求。

方向七：电磁兼容与屏蔽
1.物理、电气工程、机械电子工程、电磁场与微波技术、仪器仪表等相关专业；
2.具备解决半导体装备电磁兼容问题的能力，能通过设计提升装备抗干扰性能；
3.掌握扎实的电气工程和物理基础知识，包括模拟电路、光电子设计、电磁理论等；
4.熟悉电磁场与电磁波技术，能进行电磁仿真或高性能磁屏蔽防护设计；
5.具备电磁材料测试与仿真建模能力；
6.具有电磁场、电磁兼容、静电放电等相关项目经验；
7.具备电磁兼容测试与仿真平台建设经验；
8.特别优秀者可放宽要求。

方向八：热工自动控制和热工结构设计
1.工程热物理、自动控制、材料成型与加工、机械工程等相关专业；
2.具有热工自动化，热传类（辐射、对流、导热）研究基础背景；
3.自动控制类需掌握C语言编程或者PLC编程和COMSOL、MATLAB/Simulink仿真以及Python数据处理分析、AI类算法应用等；
4.具有辐射、对流、传热类仿真，并计算其热功率和热设计的项目开发经历或具有参与搭建实验热工实验平台或完成复杂仪器自动化控制的项目经历；
5.特别优秀者可放宽要求。

方向九：运动控制平台开发
1.自动控制、机电一体化、机械工程、计算机、人工智能等相关专业；
2.掌握嵌入式C语言编程或者运动控制板卡编程和MATLAB/Simulink仿真以及Python数据处理分析及AI类算法应用等；
3.参与过高精密运动控制平台项目或完成涉及复杂运动的装备自动化控制的项目者优先；
4.特别优秀者可放宽要求。

截止日期：2027年07月09日
招聘人数：20人",RTOS 机器学习 Python MATLAB C++ PyTorch TensorFlow Keras 深度学习 SPI I2C UART,https://www.liepin.com/lptjob/84021747
业务员,广州特宇信息科技有限公司,100-150元/天,广州-天河区,广州,大专,,90天前更新,liepin,"一、岗位职责
1.从事公司系统集成业务的销售和市场拓展工作，根据实际情况，制定不同的销售计划，开发销售市场，跟踪销售机会
2.与客户保持良好的沟通，实时把握客户需求；积极挖掘客户潜在需求，进行业务咨询、引导、跟进、合同签订、交付项目并回款；
3.维护老客户，挖掘客户潜力，并建立长期友好合作关系；
4.负责客户的售前培训、方案讲解，产品演示。
二、任职要求：
1.大专以上学历，有亲和力，语言表达能力强，具有较强的沟通能力和交际技巧。
2.对行业销售有强烈的激情，能够承受较大压力，稳定的心理素质和职业规范；
3.了解IT系统集成所涉及的各种软硬件设备厂商、主流产品及关键技术；熟悉服务器、存储、网络及网络安全、安防、远程医疗系统等基础系统；
4.了解系统集成项目；
5.了解各政府、国企、企业行业市场，具有较强市场开拓能力和综合协调能力，有良好的团队合作精神；
6.了解系统集成项目的招投标流程以及工程、政府采购项目运作操作技巧。
三、福利待遇
1.薪资待遇：底薪+提成（具体需与老板面议）
2.工作时间：朝九晚六双休
3.国家规定法定节假日
4.购买社保

招聘人数：1人",培训 招投标 采购,https://www.liepin.com/lptjob/55716729
AI应用工程师（接受应届生）,电子/半导体/集成电路10000人以上,7-12k,苏州-昆山,苏州,本科,应届,7月28日更新,liepin,"岗位职责：  
1.负责智能安防、AI应用及系统集成类项目的开发、实施与优化  
2.参与AI相关算法研发、系统集成及测试工作  
3.协助项目管理，确保项目按时交付并满足客户需求  
4.跟踪行业技术动态，推动技术创新与应用  

任职要求：  
1.计算机、人工智能、安防等相关专业本科及以上学历  
2.2年以上相关工作经验，优秀应届生亦可考虑  
3.在校期间参与过AI相关开发或项目管理经验者优先  
4.熟悉智能安防、AI应用领域，具备系统集成能力

截止日期：2027年07月28日
招聘人数：1人",项目管理,https://www.liepin.com/lptjob/84476227
数通工程师,陕西启创智建工程有限公司,3-6k,西安-灞桥区,西安,大专,应届,7月2日更新,liepin,"一、岗位职责
1、协助资深工程师完成弱电智能化、机房建设、网络集成类项目的现场实施、设备安装、系统部署与调试工作，学习项目全流程落地规范。
2、配合完成综合布线、设备上架、接线整理、系统基础配置、设备通电测试、联调辅助等基础现场工作，做好现场施工记录。
3、协助整理项目资料，包括实施方案、测试记录、竣工文档、验收资料等，配合完成项目对接、验收归档工作。
4、跟随团队进行项目巡检、售后运维、故障排查辅助工作，及时记录系统问题，学习问题处理方法。
5、配合售前及项目团队完成现场勘测、需求记录、技术资料整理，主动学习行业设备、系统集成相关技术与规范。
6、服从项目安排，配合完成公司各类集成项目的技术落地、现场配合及后续维护工作。
二、专业技能（零基础可培养）
（1）了解计算机网络、系统集成、弱电工程基础理论知识，熟悉基本网络概念、TCP/IP协议、局域网架构优先。
（2）熟悉Windows系统基本操作，了解Linux系统基础命令、虚拟机基础使用者优先，无实操经验可带薪培训。
（3）了解交换机、路由器、防火墙、服务器、监控、会议系统等常见集成设备基础认知即可，无需独立调试经验。
（4）具备基本的办公文档整理能力，会使用Office办公软件，会简单CAD绘图者优先。
（5）学习能力强，愿意深耕系统集成、网络工程、智能化项目技术岗位，能接受新技术学习与实操落地。
3、综合素质
（1）工作踏实认真、责任心强，服从团队安排，有良好的沟通能力和团队协作意识。
（2）能接受省内短期项目出差、现场驻场，适应工程类岗位工作节奏。
（3）心态积极，愿意从基层实操做起，吃苦耐劳，有长期稳定发展的求职意向。
（4）持有计算机等级证书、弱电相关证书者优先，无证书可入职后统一培养考证。
必要条件：有驾照，会开车

截止日期：2027年07月02日
招聘人数：3人",TCP/IP Linux 防火墙 故障排查 培训 TCP,https://www.liepin.com/lptjob/83860505
应用工程师,北京九壹测控技术有限公司,6-8k,北京-丰台区,北京,本科,应届,6月23日更新,liepin,"岗位名称：应用工程师（测控系统集成方向）
工作职责：以项目支持与客户服务为核心，参与测控系统的集成、调试、维护及技术支持。
专业需求：测控技术与仪器、自动化、电子信息工程、计算机科学与技术等相关专业。
关键技能：电路与信号基础、软件/调试工具使用能力、文档撰写与沟通协作能力。
个人特质：强烈的学习与钻研精神、客户服务意识、团队协作精神和抗压能力。
一、我们寻找这样的你：岗位具体要求
1. 教育与专业背景
学历：本科及以上学历，2025届或2026届毕业生。
专业：测控技术与仪器、自动化、电子信息工程、电气工程及其自动化、计算机科学与技术、软件工程等相关专业。有扎实的测控系统基础理论知识。
外语：大学英语四级（CET-4）或同等水平及以上。能够阅读英文技术文档。
2. 专业技能与知识
技术基础：掌握模拟/数字电路、信号与系统、传感器与检测技术等专业基础。了解常见工业总线（如CAN、Profibus、EtherCAT等）和通讯协议。
软件与工具：
熟悉一种或多种编程语言（如C/C++、C#、Python或LabVIEW），有实际项目或课程设计经验者优先。
能熟练使用一种电路设计（如Altium Designer）或仿真软件（如Multisim）。
了解数据库（如SQL Server, MySQL）的基本操作。
能使用万用表、示波器等常用测试仪器。
系统思维：理解系统集成项目的基本流程，能从整体角度思考问题。
3. 综合能力与素质
学习与解决问题的能力：对新技术有好奇心，能通过自学和钻研，独立或在指导下解决现场技术问题。
沟通与客户服务意识：具备良好的表达和沟通能力，能清晰地向客户或同事解释技术问题。愿意并能够提供优质的现场技术支持。
团队协作与抗压能力：有团队精神，能积极与项目组成员协作。能适应一定的项目压力和工作弹性。
文档能力：能规范地撰写调试记录、测试报告、简单的技术说明等文档。
二、加入我们，你将获得什么：职业发展与公司支持
作为一家创业7年进入稳定发展期的公司，我们深知人才是核心。对于应用工程师岗位，我们提供：
1. 清晰的职业发展路径
技术专家路线：应用工程师 → 高级/资深应用工程师 → 系统架构师/技术专家。
市场管理路线：应用工程师 → 市场经理 → 市场总监。
2. 全面的培养与支持体系
“双导师”制：入职后将配备一位业务导师（资深工程师）和一位成长导师（HR或部门经理），帮助你在专业技能和职场适应上快速成长。
系统性培训：包括公司产品与技术体系培训、项目实施流程培训、软技能（沟通、呈现）培训等。
项目实战机会：你将有机会在导师指导下，快速参与真实的客户项目，在实践中学习和提升。
3.高于行业水平的福利待遇。
三、应聘与入职流程
投递简历：请将个人简历、成绩单及相关证明材料发送至公司招聘邮箱。
初筛与测评：通过简历筛选后，可能进行在线综合能力测评。
面试环节：通常包括技术面试（考察专业基础与解决问题的能力）和综合面试（考察职业素养、文化匹配度等）。
录用与实习：发放录用通知后，鼓励提前入职实习，熟悉团队与环境。
四、关于我们
我们是一家在测控行业深耕多年的国家高新技术企业，核心业务是为工业领域提供专业的测控系统集成解决方案和成熟产品。七年创业，我们积累了丰富的行业经验和一批稳定的客户，正处于从“活下来”到“强起来”的关键阶段。我们期待充满热情、渴望成长的你加入，共同打造更加辉煌的未来。

截止日期：2027年05月19日
招聘人数：4人",CAN C++ C# Python SQL Server MySQL 客户服务 技术支持 技术文档 培训,https://www.liepin.com/lptjob/80403399
项目专员/助理,武汉数洪云通科技有限公司,3-6k,武汉-武昌区,武汉,本科,应届,90天前更新,liepin,"职责描述：
1、负责系统集成项目的管理、实施和技术支持工作。详细落实项目范围，制定系统集成项目和工程实施计划，进行控制和跟踪，并负责项目进度管理、质量管理、成本管理、资源管理、风险管理等。项目进展中协调与客户、公司内部、外包商、其他协作单位之间的关系，响应客户的售后服务请求，对服务满意度负责，以保证项目的顺利实施；
2、负责系统集成项目团队管理，协调配备项目运行所需的资源；
3、完成上级交办的其它事务。
任职要求：
1.统招本科以上学历，计算机、电子工程、自动化、信息技术等相关专业；
2.工作认真负责、积极主动、有责任心；
3.有无经验均可。
福利待遇：
1.入职可享受五险一金，周末双休；
2.公司为员工搭建培训平台，提高各种职业技能，帮助员工规划适合自身发展的职业生涯；
3.公司提供舒适的办公环境，有竞争力的薪酬，畅通的晋升通道；
4.享受公司各项福利：如国家法定节假日带薪休假、带薪年假、年终奖、丧假、陪产假等；不定期团队活动（旅游拓展、团队聚餐、员工交流会、年会等）

招聘人数：1人",技术支持 进度管理 风险管理 团队管理 培训,https://www.liepin.com/lptjob/42860153
项目专员/助理,电子/半导体/集成电路10000人以上,8-12k,苏州-昆山,苏州,本科,应届,7月25日更新,liepin,"岗位职责

1.	跟踪行业AI安防新技术（视频结构化分析、边缘计算、机器人巡检等），组织供应商POC测试，输出技术评估报告
2.	项目落地与优化：参与安防智能化项目（如机器人巡检、AI出货检测、智慧园区指挥中心等）的方案设计、实施跟进、效果调优（如误报率／漏报率优化）
3.	数据与算法效果监控：对已上线AI系统的识别准确率、响应速度等关键指标进行持续跟踪，推动迭代优化
4.	跨部门协同：对接IT／网络安全、设备供应商、产线部门，确保AI安防系统与现有基础设施兼容
5.	标准化与文档沉淀：建立AI安防项目的实施标准、验收标准、复盘机制（PDCA）
6.	向上汇报支持：协助准备管理层汇报材料，将技术方案转化为可决策的业务语言
任职要求
基本条件
•	本科及以上学历，计算机、自动化、电子信息、人工智能、安全工程等相关专业优先
•	2年以上相关工作经验（安防行业、系统集成或AI应用项目经验均可）；或优秀应届毕业生（在校期间有AI相关竞赛获奖、论文、实习或落地项目经验者优先考虑）
硬技能
•	对主流AI安防技术方向有基本认知（视频结构化、人脸／行为识别、边缘计算设备等），不要求具备模型开发能力，但需理解算法原理、能判断供应商方案可行性
•	具备基础数据分析能力，能用数据支撑优化建议（如误报率、覆盖率、投入产出测算等）
•	熟练使用Office／PPT等办公软件，能独立完成方案文档与汇报材料撰写
软实力（对应“优化思维”）
•	具备结构化问题分析能力，能从现状诊断到方案设计形成闭环
•	具有较强的学习能力和主动性，愿意在实践中快速补齐AI应用相关知识
•	良好的项目协调能力，能同时跟进多个供应商／多条技术路线
•	较强的书面表达和沟通汇报能力
加分项
•	有AI相关竞赛、开源项目、课程设计或实习项目经验
•	有制造业／园区安防、弱电系统集成背景
•	持有安全工程师、信息系统项目管理师（PMP／软考）等相关证书
 

截止日期：2027年07月25日
招聘人数：1人",方案设计 技术方案 数据分析 项目管理 PDCA PMP,https://www.liepin.com/lptjob/84404915
系统研发实习生,臻驱科技,150元/天,柳州-柳北区,,硕士,,7月20日更新,liepin,"工作职责：
1、负责新产品导入项目系统部分的执行，包括：客户需求的对接/分析/分解，系统能力评估，系统架构设计，系统失效/安全分析，软硬件集成及系统集成测试规范制定，测试结果及其与需求对应的审核）等；
2、负责新产品导入项目的系统相关问题分析、解决及措施延展；
3、牵头进行新产品导入项目中涉及跨部门的问题分析、解决和措施延展；
4、负责商务拓展项目的技术支持，包括：客户需求澄清及评估、技术方案生成及客户沟通、报价支持、立项支持；
5、对系统部内部流程、研发及公司跨部门流程/职责分工等提出合理性建议；
6、负责完成分配的流程改善性任务（如作业指导书、开发文件模板、改善性流程等); 
职位要求
1. 硕士及以上学历，电力电子、电气、自动化、车辆工程、控制工程等专业在读；
2. 有良好的电力电子、电机控制、可靠性、功能安全等相关领域理论、实践基础和系统观； 
3. 熟悉电控产品的设计验证及规范；
4.主动积极、有良好的学习能力、沟通能力和团队合作意识；
5.熟悉电控产品的设计开发与验证流程（如V模型），对系统集成、测试规范制定有基本认知或项目实操经历。

截止日期：2027年07月20日
招聘人数：2人",技术支持 技术方案 客户沟通,https://www.liepin.com/lptjob/84255843
技术支持经理,越疆科技,15-30k,深圳-南山区,深圳,本科,应届,7月18日更新,liepin,"一、岗位职责

【技术应用开发】
1. 基于公司的产品进行集成开发，输出面向职校、本科的具身智能、人工智能、机械/自动化等相关教学实训案例及课程资源包。
2. 负责机器人整体方案架构设计及系统集成，确保平台具备高扩展性、稳定性与可靠性，满足机器人在不同场景下的复杂应用需求。
3. 针对客户定制化需求，提供从“感知-决策-执行”的完整技术验证（POC），完成复合机器人、集成工作站、具身智能产品、上位机控制及数采平台的综合应用场景的搭建与调试。
4. 定制智能制造产线项目的技术验证/调试/落地，实现多系统（工业视觉、机器人、机器狗、机械臂、加工中心、总控柜、立库、集成工作站等）的通讯匹配和功能实现，在完成程序控制编程的同时同步实现后台数据交互和前端显示。
5. 职业技能竞赛、科技创新赛等赛事的技术方案开发和验证，输出赛事技术资料。

【项目技术支持与赋能】
1. 负责公司产品（四轴/六轴协作机器人、人形机器人、机械狗、智能制造生产线）在客户现场的安装、调试、验收、故障排查。
2. 面向职业院校及本科高校的教师和学生，开展产品使用、二次开发及竞赛技能的技术培训。
3. 负责竞赛全周期的技术支撑：赛前参与规则制定与赛题验证，赛中保障设备联调与应急排故，赛后完成赛题到教学案例的转化。
4. 收集职校/本科在人工智能与机器人交叉学科（如嵌入式AI、具身智能体开发）中的真实痛点，反馈至研发与产品部门，推动产品在教育侧的功能迭代。

【售前技术支持】
1. 需求沟通与技术评审：配合销售完成客户（职校、本科为主，少量K12）的售前技术交流，深入挖掘学校在智能制造、具身智能、机器人工程等方向的教学与竞赛需求；参与项目技术评审，对客户需求进行引导、整理、优化，协助输出可行的技术解决方案。
2. 技术宣讲与赋能培训：面向客户及渠道合作伙伴，开展公司产品（机械臂、人形机器人、机械狗、PLC集成平台等）技术方案的技术宣讲、产品演示与答疑工作，提升客户对具身智能教育方案的理解。
3. 招投标技术支持：支持售前招投标工作，如配合完成技术方案调试演示、输出技术资料（方案说明、技术参数、配置清单、系统架构图等），提升项目中标率。

二、任职能力要求

【基础通用能力】
1. 熟悉至少一种主流机器人编程环境（如 URScript、ABB RAPID、KUKA KRL 或越疆 DobotScript），具备实际调试能力。
2. 具备PLC（西门子/汇川/三菱等） 编程基础，熟悉人机界面（HMI）与机械臂的IO交互逻辑，能完成集成综合项目的调试。
3. 具备 C++/Python基础编程能力，有基于 ROS/ROS2 的实际项目开发经验。
4. 具备基于市场成熟视觉软件（如海康、基恩士）的应用开发能力，如视觉识别（分类/检测/OCR）、视觉检测（缺陷/尺寸）等任务配置。
5. 具备手眼标定、视觉引导的静态/动态抓取及传送带跟踪抓取的工程落地能力。
6. 了解至少一种深度学习框架（PyTorch/TensorFlow），能对视觉和图像处理模型进行简单部署与调优。
7. 理解感知、规划、语音交互、大模型等系统方案设计及集成。

【加分技能】
1. 有人形机器人或机械狗的实际二次开发经验者优先。
2. 了解机器人操作系统与仿真（Gazebo、MoveIt、RViz），具备运动规划算法的仿真验证经验。
3. 了解OpenCV、PCL等开源视觉库的使用，有基于这些库的二次开发经验。
4. 具有较强的C/C++/Python语言编程能力，熟悉linux操作系统为基础的二次开发，如多硬件平台的数据、通讯整合经验。
5. 具备多种传感器原理及驱动开发，有高频传感器处理经验优先。
6. 熟悉路径规划等导航技术，具备基于多传感器融合的避障或AGV的二开发经验。

【经验与背景】
1. 本科及以上学历，自动化、机器人工程、计算机、电子信息、机械电子工程等相关专业。
2. 3年以上机器人/自动化行业FAE、研发或测试经验优先；
3. 有职业院校技能大赛、高校创新赛（如机器人系统集成、人工智能、具身智能等赛项）技术支持或参赛经验者优先。
4. 具备强烈的自驱力与主动性，拥有优秀的技术沟通与表达能力，具备跨部门协作意识，能高效联动销售、研发、产品等内部团队。
5. 抗压能力强，能接受高频次短期出差，服务于高校项目建设、赛事、展会活动等。

截止日期：2027年07月18日
招聘人数：1人",C++ Python ROS 深度学习 PyTorch TensorFlow 大模型 OpenCV Linux 技术方案 技术支持 故障排查,https://www.liepin.com/lptjob/84228891
建筑工程管理/项目经理,上海老港固废综合开发有限公司,11-12k,上海-浦东新区,上海,硕士,应届,7月15日更新,liepin,"工作职责：
1、协助项目前期工艺系统集成、工艺流程设计及工艺设备选型；
2、协助监督现场工艺设备安装、系统集成等工作；
3、协助负责项目施工进度、质量、安全及成本控制等相关事务；
4、参与协调设计、施工、监理等单位，协助推进现场施工；
5、协助监督现场文明施工，参与定期安全检查；
6、配合项目前期立项及证照办理等辅助性工作，协助确保项目按计划推进；
7、根据公司其他部门需求，在团队协作中完成配合性工作；
8、积极完成上级交办的其他基础性工作任务。

任职资格：
1、2026届应届毕业生，研究生及以上学历，机械、建筑工程、电气自动化、机电等相关专业；
2、有驾照，可以适应驻场施工环境，执行力强，团队协作意识突出，具备良好的沟通协调能力和抗压能力。

截止日期：2026年07月31日
招聘人数：1人",成本控制,https://www.liepin.com/lptjob/84158951
FDE管培生,北京飞渡科技有限公司,7-10k,武汉-江夏区,武汉,本科,应届,7月9日更新,liepin,"岗位职责：
1、深入理解客户业务场景，与客户、产品、研发及交付团队紧密协作，参与需求沟通、方案设计与项目落地。
2、基于公司产品和技术平台，协助完成客户侧的数据接入、系统配置、功能验证、问题排查及交付支持工作。
3、使用英语参与日常工作沟通，包括会议交流、需求确认、技术文档阅读与撰写、客户邮件及项目材料整理等。
4、协助分析客户在项目使用过程中的问题和需求，进行结构化整理，并推动内部产品优化和技术方案迭代。
5、参与项目交付全过程，包括前期调研、方案准备、现场支持、用户培训、交付验收及项目复盘。
6、在资深工程师指导下，参与数据分析、系统集成、AI 应用、自动化工具、行业解决方案等方向的技术实践。

任职要求：
1.学历背景：本科及以上学历，2025届或2026届毕业生。留学生优先考虑。
2.专业：计算机科学、软件工程、人工智能、数据科学、信息管理、自动化、数学等相关专业优先。
3.具备良好的计算机基础，了解至少一种编程语言，如 Python、Java、JavaScript、C++ 等；有项目开发、数据分析、系统集成或 AI 应用实践经验者优先。
4.（必备）能够将英语作为工作语言，完成日常沟通、会议交流、技术文档阅读及书面表达。
5.性格开放外向，沟通表达能力强，愿意与客户和跨职能团队协作，能够主动理解问题并推动解决。
6.具备较强的学习能力、逻辑思维能力和问题拆解能力，对新技术、新业务和复杂场景有好奇心。
7.责任心强，执行力好，能够适应项目制工作节奏，愿意在真实客户场景中快速成长。
8.对 FDE、技术咨询、解决方案工程师、产品交付、企业级软件、AI 应用落地等方向感兴趣。

截止日期：2027年07月07日
招聘人数：5人",Python Java JavaScript C++ 方案设计 技术文档 技术方案 培训 数据分析 技术咨询,https://www.liepin.com/lptjob/83958723
FDE管培生,北京飞渡科技有限公司,7-10k,深圳-南山区,深圳,本科,应届,7月9日更新,liepin,"岗位职责：
1、深入理解客户业务场景，与客户、产品、研发及交付团队紧密协作，参与需求沟通、方案设计与项目落地。
2、基于公司产品和技术平台，协助完成客户侧的数据接入、系统配置、功能验证、问题排查及交付支持工作。
3、使用英语参与日常工作沟通，包括会议交流、需求确认、技术文档阅读与撰写、客户邮件及项目材料整理等。
4、协助分析客户在项目使用过程中的问题和需求，进行结构化整理，并推动内部产品优化和技术方案迭代。
5、参与项目交付全过程，包括前期调研、方案准备、现场支持、用户培训、交付验收及项目复盘。
6、在资深工程师指导下，参与数据分析、系统集成、AI 应用、自动化工具、行业解决方案等方向的技术实践。

任职要求：
1.学历背景：本科及以上学历，2025届或2026届毕业生。留学生优先考虑。
2.专业：计算机科学、软件工程、人工智能、数据科学、信息管理、自动化、数学等相关专业优先。
3.具备良好的计算机基础，了解至少一种编程语言，如 Python、Java、JavaScript、C++ 等；有项目开发、数据分析、系统集成或 AI 应用实践经验者优先。
4.（必备）能够将英语作为工作语言，完成日常沟通、会议交流、技术文档阅读及书面表达。
5.性格开放外向，沟通表达能力强，愿意与客户和跨职能团队协作，能够主动理解问题并推动解决。
6.具备较强的学习能力、逻辑思维能力和问题拆解能力，对新技术、新业务和复杂场景有好奇心。
7.责任心强，执行力好，能够适应项目制工作节奏，愿意在真实客户场景中快速成长。
8.对 FDE、技术咨询、解决方案工程师、产品交付、企业级软件、AI 应用落地等方向感兴趣。

截止日期：2027年07月07日
招聘人数：5人",Python Java JavaScript C++ 方案设计 技术文档 技术方案 培训 数据分析 技术咨询,https://www.liepin.com/lptjob/83958711
FDE管培生,北京飞渡科技有限公司,7-10k,北京-海淀区,北京,本科,应届,7月9日更新,liepin,"岗位职责：
1、深入理解客户业务场景，与客户、产品、研发及交付团队紧密协作，参与需求沟通、方案设计与项目落地。
2、基于公司产品和技术平台，协助完成客户侧的数据接入、系统配置、功能验证、问题排查及交付支持工作。
3、使用英语参与日常工作沟通，包括会议交流、需求确认、技术文档阅读与撰写、客户邮件及项目材料整理等。
4、协助分析客户在项目使用过程中的问题和需求，进行结构化整理，并推动内部产品优化和技术方案迭代。
5、参与项目交付全过程，包括前期调研、方案准备、现场支持、用户培训、交付验收及项目复盘。
6、在资深工程师指导下，参与数据分析、系统集成、AI 应用、自动化工具、行业解决方案等方向的技术实践。

任职要求：
1.学历背景：本科及以上学历，2025届或2026届毕业生。留学生优先考虑。
2.专业：计算机科学、软件工程、人工智能、数据科学、信息管理、自动化、数学等相关专业优先。
3.具备良好的计算机基础，了解至少一种编程语言，如 Python、Java、JavaScript、C++ 等；有项目开发、数据分析、系统集成或 AI 应用实践经验者优先。
4.（必备）能够将英语作为工作语言，完成日常沟通、会议交流、技术文档阅读及书面表达。
5.性格开放外向，沟通表达能力强，愿意与客户和跨职能团队协作，能够主动理解问题并推动解决。
6.具备较强的学习能力、逻辑思维能力和问题拆解能力，对新技术、新业务和复杂场景有好奇心。
7.责任心强，执行力好，能够适应项目制工作节奏，愿意在真实客户场景中快速成长。
8.对 FDE、技术咨询、解决方案工程师、产品交付、企业级软件、AI 应用落地等方向感兴趣。

截止日期：2027年07月07日
招聘人数：5人",Python Java JavaScript C++ 方案设计 技术文档 技术方案 培训 数据分析 技术咨询,https://www.liepin.com/lptjob/83958677
FDE管培生（英语流利）,北京飞渡科技有限公司,7-10k,深圳-南山区,深圳,本科,应届,7月8日更新,liepin,"岗位职责：
1、深入理解客户业务场景，与客户、产品、研发及交付团队紧密协作，参与需求沟通、方案设计与项目落地。
2、基于公司产品和技术平台，协助完成客户侧的数据接入、系统配置、功能验证、问题排查及交付支持工作。
3、使用英语参与日常工作沟通，包括会议交流、需求确认、技术文档阅读与撰写、客户邮件及项目材料整理等。
4、协助分析客户在项目使用过程中的问题和需求，进行结构化整理，并推动内部产品优化和技术方案迭代。
5、参与项目交付全过程，包括前期调研、方案准备、现场支持、用户培训、交付验收及项目复盘。
6、在资深工程师指导下，参与数据分析、系统集成、AI 应用、自动化工具、行业解决方案等方向的技术实践。

任职要求：
1、本科及以上学历在读或应届毕业生，计算机、软件工程、人工智能、数据科学、信息管理、自动化等相关专业优先。具备良好的计算机基础，了解至少一种编程语言，如 Python、Java、JavaScript、C++ 等；有项目开发、数据分析、系统集成或 AI 应用实践经验者优先。
2、能够将英语作为工作语言，完成日常沟通、会议交流、技术文档阅读及书面表达。
3、性格开放外向，沟通表达能力强，愿意与客户和跨职能团队协作，能够主动理解问题并推动解决。
4、具备较强的学习能力、逻辑思维能力和问题拆解能力，对新技术、新业务和复杂场景有好奇心。
5、责任心强，执行力好，能够适应项目制工作节奏，愿意在真实客户场景中快速成长。
6、对 FDE、技术咨询、解决方案工程师、产品交付、企业级软件、AI 应用落地等方向感兴趣。

截止日期：2027年07月01日
招聘人数：1人",Python Java JavaScript C++ 方案设计 技术文档 技术方案 培训 数据分析 技术咨询,https://www.liepin.com/lptjob/83836679
FDE管培生（英语流利）,北京飞渡科技有限公司,7-10k,深圳-南山区,深圳,本科,应届,6月30日更新,liepin,"岗位职责：
1、深入理解客户业务场景，与客户、产品、研发及交付团队紧密协作，参与需求沟通、方案设计与项目落地。
2、基于公司产品和技术平台，协助完成客户侧的数据接入、系统配置、功能验证、问题排查及交付支持工作。
3、使用英语参与日常工作沟通，包括会议交流、需求确认、技术文档阅读与撰写、客户邮件及项目材料整理等。
4、协助分析客户在项目使用过程中的问题和需求，进行结构化整理，并推动内部产品优化和技术方案迭代。
5、参与项目交付全过程，包括前期调研、方案准备、现场支持、用户培训、交付验收及项目复盘。
6、在资深工程师指导下，参与数据分析、系统集成、AI 应用、自动化工具、行业解决方案等方向的技术实践。

任职要求：
1、本科及以上学历在读或应届毕业生，计算机、软件工程、人工智能、数据科学、信息管理、自动化等相关专业优先。具备良好的计算机基础，了解至少一种编程语言，如 Python、Java、JavaScript、C++ 等；有项目开发、数据分析、系统集成或 AI 应用实践经验者优先。
2、能够将英语作为工作语言，完成日常沟通、会议交流、技术文档阅读及书面表达。
3、性格开放外向，沟通表达能力强，愿意与客户和跨职能团队协作，能够主动理解问题并推动解决。
4、具备较强的学习能力、逻辑思维能力和问题拆解能力，对新技术、新业务和复杂场景有好奇心。
5、责任心强，执行力好，能够适应项目制工作节奏，愿意在真实客户场景中快速成长。
6、对 FDE、技术咨询、解决方案工程师、产品交付、企业级软件、AI 应用落地等方向感兴趣。

截止日期：2027年06月30日
招聘人数：1人",Python Java JavaScript C++ 方案设计 技术文档 技术方案 培训 数据分析 技术咨询,https://www.liepin.com/lptjob/83778999
FDE管培生（英语流利）,北京飞渡科技有限公司,7-10k,北京-海淀区,北京,本科,应届,6月30日更新,liepin,"岗位职责：
1、深入理解客户业务场景，与客户、产品、研发及交付团队紧密协作，参与需求沟通、方案设计与项目落地。
2、基于公司产品和技术平台，协助完成客户侧的数据接入、系统配置、功能验证、问题排查及交付支持工作。
3、使用英语参与日常工作沟通，包括会议交流、需求确认、技术文档阅读与撰写、客户邮件及项目材料整理等。
4、协助分析客户在项目使用过程中的问题和需求，进行结构化整理，并推动内部产品优化和技术方案迭代。
5、参与项目交付全过程，包括前期调研、方案准备、现场支持、用户培训、交付验收及项目复盘。
6、在资深工程师指导下，参与数据分析、系统集成、AI 应用、自动化工具、行业解决方案等方向的技术实践。

任职要求：
1、本科及以上学历在读或应届毕业生，计算机、软件工程、人工智能、数据科学、信息管理、自动化等相关专业优先。具备良好的计算机基础，了解至少一种编程语言，如 Python、Java、JavaScript、C++ 等；有项目开发、数据分析、系统集成或 AI 应用实践经验者优先。
2、能够将英语作为工作语言，完成日常沟通、会议交流、技术文档阅读及书面表达。
3、性格开放外向，沟通表达能力强，愿意与客户和跨职能团队协作，能够主动理解问题并推动解决。
4、具备较强的学习能力、逻辑思维能力和问题拆解能力，对新技术、新业务和复杂场景有好奇心。
5、责任心强，执行力好，能够适应项目制工作节奏，愿意在真实客户场景中快速成长。
6、对 FDE、技术咨询、解决方案工程师、产品交付、企业级软件、AI 应用落地等方向感兴趣。

截止日期：2027年06月30日
招聘人数：1人",Python Java JavaScript C++ 方案设计 技术文档 技术方案 培训 数据分析 技术咨询,https://www.liepin.com/lptjob/83778831
大客户销售,广东丰德科技有限公司,6-10k,广州-天河区,广州,本科,应届,7月7日更新,liepin,"岗位职责：
1.搜集线索商机，了解行业客户需求，建立和维护良好的客户关系，签订合同/订单，做好服务，完成应收款；
2.完成经理下达各项销售任务，主责销售业绩目标的达成，协调各部门服务好客户。
3.行业客户包括但不局限于运营商、制造业、金融、政府、医疗、交通、能源、中小企业等等；销售内容包括IT产品代理及系统集成、IT服务、软件开发等，及向客户推广新产品和市场活动。

任职要求：
1.A)应届生：统招本科及以上学历，计算机/信息管理/电子应用相关专业；熟悉IT基本常识，具备计算机基础知识框架。
B)非应届生：有IT行业从业经验，有大客户经验，熟悉系统集成、运维服务业务。
2. 敬岗爱业，对销售工作具有强烈热情，立志成为优秀销售和长期主义者；对赚钱、业绩和成就感具有强烈的渴望。
3.乐于挑战新事物，善于思考，具有自我发展的主观愿望和自主学习能力；责任心强，积极正面，善于沟通，善于承压，
4.有以下优势之一，优先考虑：①有IT销售经验或大客户资源。②在校成绩好，特别是数学与语文类。
5.有其他销售优势者，以上条件可放宽。

资源支持：
1.公司为销售提供必要的技术、商务、资金平台；
2.丰富的案例和技术工程师，为售前和售后保驾护航；
3.提供培训和一对一的从业指导。

截止日期：2027年06月26日
招聘人数：5人",培训,https://www.liepin.com/lptjob/83731057
DataAgent 业务线-DataQ&A数问电商版研发部- FDE Delta 实习生,数花智算,300-400元/天,上海-浦东新区,上海,本科,,6月18日更新,liepin,"岗位定位
偏 开发 + 架构师，是方案落地的「技术引擎」与「系统集成专家」。

核心职责
基于 DataQ&A 产品底座，快速搭建电商预测类 AI 应用原型，验证技术可行性。

参与预测模型的工程化落地，包括数据 pipeline、特征工程、模型服务化及前后端开发。

对接客户现有业务系统（ERP、OMS、WMS、电商平台等），完成数据接入与系统打通。

根据客户场景设计可扩展的技术架构，支持私有化部署

解决现场交付中的技术难题，保障系统稳定性与性能

任职要求
计算机、软件工程、人工智能等相关专业本科及以上在读

扎实的编程基础，熟练掌握 Python / Java / Go 中至少一门语言

了解机器学习基础概念，有实际项目或竞赛经验者优先

熟悉 Linux 环境，了解数据库、API 开发、Git 协作等基本技能

每周至少到岗 4 天，实习周期 3 个月以上

你将获得
参与真实企业级 AI 项目交付，接触数据 pipeline、模型工程化与系统集成的全流程

世界500强企业前AI架构师担当导师的直接指导，快速建立 AI 工程化实战能力

表现优异者有优先转正为正式 FDE（Delta 方向）的机会

截止日期：2027年06月18日
招聘人数：1人",Python Java Go 机器学习 Linux Git,https://www.liepin.com/lptjob/83551583
机器视觉,深圳精智达技术股份有限公司,18-30k·13薪,深圳-龙华区,深圳,博士,应届,6月4日更新,liepin,"岗位职责：
1. 算法研究与实现：设计、开发并优化基于位置（PBVS）、图像（IBVS）和混合的视觉伺服控制算法，针对不同应用场景（对位、补偿等）设计视觉误差模型。
2. 视觉与运动系统建模：熟悉相机成像模型与标定模型（单目 / 双目 / 多目）、机器人或运动平台的运动学模型，处理坐标系统一与转换问题（相机坐标、产品坐标、世界坐标、运动轴坐标）。
3. 系统集成与工程落地：将视觉伺服算法部署至实际系统，与机械、电气、软件团队协同完成系统集成，参与现场调试，解决实际生产环境中的稳定性与鲁棒性问题。
4 性能优化与测试：设计自动化测试流程，包括仿真测试和实物验证，优化算法的实时性等。
5. 技术文档与算法沉淀：编写算法设计文档、调试报告与实验数据分析，形成技术标准与代码模块库。
任职资格：
1.学历要求 ：博士，计算机视觉、机器人、控制工程、自动化等相关专业。
2.知识技能：熟悉相机成像原理、畸变模型、相机标定方法；熟悉常见控制算法（PID、自适应控制、前馈补偿、MPC等）；熟悉刚体运动、坐标变换、齐次变换矩阵，理解多轴运动系统（XYZ / XYθ / 六自由度平台）控制逻辑。
3.编程能力：熟悉至少一种控制仿真语言：MATLAB 或 Python；熟悉C/C++、C#等用于控制系统开发的语言；具备基本的嵌入式系统开发经验者优先。
4.综合素质：逻辑清晰，具备系统性分析问题的能力；学习能力强，愿意深入控制与视觉交叉领域；具有良好的团队沟通和实验数据记录习惯。
5.加分项：有以下项目经验之一：工业机器人视觉引导、精密对位（半导体/显示）、视觉补偿运动控制。

截止日期：2027年06月04日
招聘人数：1人",计算机视觉 MATLAB Python C++ C# 自动化测试 技术文档 数据分析,https://www.liepin.com/lptjob/83168187
AI应用工程师,杰瑞股份,8-15k,烟台-莱山区,烟台,本科,应届,6月2日更新,liepin,"一、职位描述  
我们正在寻找热爱AI技术、擅长场景落地的你，结合集团业务实际，挖掘AI技术在企业内部的应用价值，构建集团专属的AI应用技术体系，具体工作包括：  
1. AI Agent体系设计与开发：负责集团全业务线AI Agent体系的整体设计与开发，覆盖研发设计、生产制造、设备运维、供应链管理、行政办公、人力财务、销售、售后等核心业务场景，实现意图理解、工具调用、任务规划、记忆管理、反思迭代等核心能力，打通各业务环节的智能衔接。  
- 面向研发生产：开发AI辅助油气装备研发设计、生产工艺优化、设备故障智能诊断等，助力研发提质、生产提效，降低生产损耗；  
- 面向供销服：基于大模型调度多领域智能体，实现采购寻源、库存优化、订单管理、客户服务、设备运维服务等全链路提效，保障产业链稳定运转，提升客户服务体验；  
- 面向财务领域：打造财务数据智能分析、费用自动审核、报表智能生成等AI应用，简化财务核算流程，提升财务决策效率与准确性；  
- 面向职能办公：开发智能问答、流程自动化、文档智能处理、人力考勤与招聘辅助等AI工具，简化行政、人力等办公流程，全面提升全员办公体验。  
2. 业务系统打通与价值落地：对接集团现有业务系统（ERP、MES、BI、CRM、SRM、IOT等），完成AI Agent与业务数据、业务工具的深度打通；精准捕捉各业务领域痛点，将痛点转化为AI应用能力，落地可量化的业务价值（如提升办公效率、简化业务流程、降低运营成本、优化决策效率）。  
3、协同产品经理及业务专家完成AI智能体能力测评、功能优化迭代及上线运维支持；  
4. 技术迭代与前沿探索：负责AI应用的Prompt工程、工具封装、流程编排、效果评估与持续优化；跟踪业界AI Agent、AIGC等前沿技术进展，引入RAG、Function Calling、多Agent协作等先进方案，结合油气制造行业特性，推动AI新技术在集团业务场景的应用边界拓展，构建可持续迭代的AI技术体系。  
二、岗位要求  
（一）基础要求  
1. 学历与专业：硕士及以上学历，计算机科学与技术、软件工程、人工智能、大数据等相关专业优先；  
2. 开发能力：熟练掌握至少一种后端编程语言（Python/Java），具备扎实的算法与数据结构基础，以及良好的工程开发、接口开发和代码调试能力；  
3. 大模型应用能力：熟悉主流大模型API（GPT、文心一言、通义千问、豆包等），有大模型应用落地项目经验，能够灵活运用大模型解决实际业务问题；  
4. 软技能：具备问题导向、价值驱动的探索精神，拥有优秀的问题解决能力、业务抽象能力与项目推进能力；对AI技术充满热情，具备快速学习能力，持续关注AIGC、AI Agent等前沿技术研究，能快速适配油气制造行业业务需求。  
（二）核心专业要求  
1. Agent开发经验：具备AI Agent系统开发经验，深刻理解Agent的规划、记忆、工具调用、反思机制；掌握LangChain/LLamaIndex/AutoGen等相关框架及实现原理，能够设计高可用、高扩展性的大模型/Agent工程架构，有完整AI Agent项目上线经验者优先；  
2. AI应用关键技术：熟练掌握Prompt工程、RAG、Tool Calling、Context Engineering等核心技术；了解向量数据库、工作流编排相关技术，有相关框架实践经验者优先；  
3. 工具与系统集成：具备较强的工具集成能力，掌握OpenAPI、RPC、MCP等协议实现方案；熟悉MES、ERP、设备管理系统等企业级业务系统开放接口，有企业内部系统集成经验者优先；  
4. 机器学习基础：了解PyTorch/TensorFlow等机器学习/深度学习框架，有Transformer等模型实战经验，具备一定的模型调优能力者优先。  
（三）业务与加分项  
1. 业务认知：有制造业、油气行业、大型企业职能办公领域业务理解或项目经验，对油气设备制造、供应链管理、设备运维等环节有深刻认知者优先；  
2. 工程与产品化：独立搭建过从0到1的AI Agent系统或企业级AI应用，并产生明确业务收益；有AI应用产品化、平台化、多Agent协作经验者优先；  
3. 进阶能力：有数据工程、大模型微调/后训练、模型评测经验者优先；具备良好的沟通协调能力，能跨部门对接业务需求、推进项目落地者优先。  
三、核心价值总结  
你将成为集团数智化的核心推动者，立足传统油气设备制造行业，用AI技术重构企业办公与业务流程，赋能研发、生产、供应、销售、售后服务、运维、职能办公全领域提效。在这里，你将拥有广阔的技术实践平台，对接集团核心业务资源，实现AI技术与传统制造业的深度融合，在推动企业高质量发展的同时，完成个人技术能力与职业价值的双重提升，与集团共赴智能未来。

截止日期：2027年06月02日
招聘人数：10人",大模型 AIGC RAG Python Java GPT 高可用 Gin 机器学习 PyTorch TensorFlow 深度学习,https://www.liepin.com/lptjob/83054069
上汽通用/泛亚2027届暑期实习-工程研发类,上汽通用汽车有限公司,150元/天,上海-浦东新区,上海,本科,,90天前更新,liepin,"职责描述：
公司：泛亚汽车技术中心有限公司
工作地点：上海市浦东新区巨峰路2199号
部门：整车工程部、前期车辆开发与整车集成部、驱动系统部

整车工程部：整车工程部是打造产品的核心力量，主导车身、底盘、内外饰及空调系统研发。我们以创新设计和精密工程为核心，致力于提升车辆的安全性、舒适性与驾控体验。结合前沿技术与用户需求，融合工程与美学，提供整车解决方案，助力智慧出行新时代。
岗位：
仪表板工程师
侧围饰件工程师
内饰声学饰件工程师
内饰安全件工程师
侧门系统工程师
外饰饰件工程师
照明系统工程师
智能悬架控制工程师
底盘主动安全控制工程师
动力总成集成与振动控制系统工程师
驱动及电池冷却系统工程师
整车热管理工程师
前舱结构工程师

前期车辆开发与整车集成部：主要负责公司技术规划、前期工程、整车集成及虚拟技术开发。涵盖行业趋势分析、竞品对标、前瞻技术预研及落地转化，统筹整车架构、性能优化、能耗管理、安全集成、操控稳定性、振动噪声控制等领域。通过仿真分析、测试验证及用户体验优化，确保整车产品的技术市场竞争力，推动新技术工程化应用，实现整车性能平衡与集成。
岗位：
虚拟分析CAE工程师
舱室集成工程师
振动噪声开发工程师
体验集成工程师
安全集成工程师
车辆动力学工程师
整车能耗工程师

驱动系统部：主要负责储能系统、发动机、驱动单元、控制系统、电力电子等系统的先进技术预研、产品设计开发及验证、软件及标定开发、驱动系统集成及整车应用开发，为客户提供高品价、高体验的驱动系统产品与三电云服务。
岗位：
驱动系统测试运营工程师
驱动系统集成工程师
驱动单元设计开发工程师
发动机设计发布工程师
电力逆变设计开发工程师
高压架构及电源系统设计开发工程师
电机开发工程师
驱动系统热管理设计开发工程师
电池结构设计工程师
电池总成开发工程师
驱动系统软件集成工程师
驱动模式与车辆动力学控制工程师
能量传输与高压模式控制工程师
驱动系统基础软件开发工程师
域控平台及基础软件需求开发工程师
电驱系统控制开发工程师
电池智控算法开发工程师
任职要求：
1.毕业时间：2027年1月1日至12月31日毕业的国内及海外应届生
2.学历要求：本科及以上
3.专业要求：汽车类、机械类、材料类、电气类、软件类、经济类、信息类、管理类、机械电子类

截止日期：2026年07月31日
招聘人数：20人",产品设计,https://www.liepin.com/lptjob/82144941
硬件工程师,通信设备10000人以上,300-400元/天,北京-海淀区,北京,本科,,90天前更新,liepin,"常住地：北京、南京、东莞
硬件开发岗位职责：
1、担任硬件Owner，完成需求分析和硬件规格定义、系统架构设计、关键器件选型、详细设计（硬件原理图设计等）与实现、调试、验证与完整系统的集成；
2、负责高端硬件平台建设，探索并孵化通信硬件领域最前沿的技术，主导高复杂硬件系统等核心能力的孵化与开发实现，交付有竞争力的硬件平台，构建业界领先通信产品能力；
岗位要求：
1、电路基础知识扎实，熟练掌握数字/模拟电路设计方法，熟悉硬件开发设计、调试流程，能够独立完成原理图设计，熟练掌握一种以上原理图设计工具；
2、掌握信号完整性、电源完整性知识，有大型高速数字电路设计经验，熟悉电源、时钟、MCU、存储器、高速、可靠性等知识，了解结构、电源、散热、Layout、生产、硬件测试等相关知识；
3、熟悉大规模可编程阵列FPGA/CPLD,具备一定可编程能力；
4、具有良好的沟通能力，刻苦、敬业、有上进心，有良好的团队合作精神；对技术有激情，喜欢钻研，能快速接受和掌握新技术，有较强的独立、主动的学习能力。
硬件测试岗位职责：
1、负责单板软硬件结合的系统集成测试，负责单板测试计划制定，管理测试进度，能进行部分测试策略和测试用例的撰写。
2、路由器产品单板原理图检视，PCB检视，器件降额分析，WCCA，FMEA分析，电路信号质量测试等。
3、光模块导入测试工作和光器件导入测试工作，主要涉及参数验证，系统集成验证，光指标测试等验证工作
4、负责单板硬件生产装备测试、可靠性测试、认证测试（EMC/安规/环境机械）、系统功能验证、FIT测试、补丁测试等
任职要求：
1、电子信息、自动化、通信、软件等对口专业
2、熟悉单板硬件相关原理知识
3、熟悉数字电路、模拟电路、电源或逻辑设计等
4、至少通过英语4级
5、具有良好的沟通能力、团队协作能力

截止日期：2027年03月26日
招聘人数：1人",MCU FPGA 需求分析 测试计划 测试用例 Layout CPLD WCCA,https://www.liepin.com/lptjob/81274683
测试实习生,鱼跃医疗,150-200元/天,深圳-宝安区,深圳,本科,,90天前更新,liepin,"岗位职责： 
1、产品功能测试：协助执行医疗设备产品的功能测试用例，验证产品功能与需求规格的一致性，准确记录测试结果并反馈问题。
2、缺陷跟踪与闭环管理：使用缺陷管理工具（如 Jira / 禅道）协助记录、分类测试发现的缺陷，跟进开发修复进度，参与缺陷验证与闭环确认。
3、测试文档与合规输出：协助整理测试用例、测试报告、测试记录等文档，确保文档符合医疗设备行业合规要求，支撑产品注册与合规交付。
4、测试工具与环境搭建：协助搭建、维护测试硬件 / 软件环境，学习使用基础测试工具（如自动化测试工具、日志分析工具），保障测试执行的稳定性。
5、可靠性与安规测试：协助参与可靠性测试（如老化测试、环境适应性测试）、安规测试的辅助执行，记录测试数据，整理测试结果，支撑产品可靠性与安规验证。
6、系统集成与兼容性测试：协助完成多模块、多设备的系统集成测试，验证不同组件、版本间的兼容性，记录集成测试问题并同步跟进。
7、跨部门协同与项目支持：配合研发、项目管理、法规等部门，参与项目同步会议，同步测试进展，协助推进问题解决，保障项目按节点交付。


任职资格:
1. 本科及以上学历在读，计算机科学与技术、软件工程、电子信息工程、生物医学工程、自动化等相关专业，大三 / 研一 / 研二学生优先。
2. 了解软件测试基础理论，熟悉功能测试、黑盒测试基本方法，能理解简单业务需求并编写基础测试用例；
3.熟练使用 Office 办公软件（Excel、Word、PowerPoint），能高效整理测试数据、撰写测试文档；
4.对医疗设备、嵌入式系统测试有基础认知者优先，了解 NMPA、MDR 等医疗行业法规者优先；
5.有使用缺陷管理工具（Jira / 禅道）、测试管理工具（TestLink 等）经验者优先。
6.细心严谨、责任心强，对测试工作有浓厚兴趣，能耐心细致地完成重复的测试执行与数据记录工作；
7.良好的沟通表达与跨部门协作能力，能清晰反馈问题、同步进展；
8.学习能力突出，愿意主动学习医疗设备测试知识与行业规范；
9.逻辑清晰，能快速理解业务场景与测试目标，具备基本的问题分析能力。
10.可稳定实习3 个月及以上，每周到岗4 天及以上，能配合项目节奏调整工作安排。

截止日期：2027年03月19日
招聘人数：1人",功能测试 缺陷管理 合规 测试用例 自动化测试 日志分析 项目管理 跨部门协作,https://www.liepin.com/lptjob/81090861
大功率电源变换系统设计实习生,东昇聚变(上海)技术有限公司,300-500元/天,上海-杨浦区,上海,博士,,90天前更新,liepin,"岗位职责：
1.­	负责装置磁体单套供电统设计仿真与分析；
2.­	磁体供电系统集成仿真与分析；
3.­	提供采购文件技术要求书等分析支持及支撑报告；
4.­	执行与本岗位相关的其它领导交办任务。

任职要求：
­1.	电力电子类、电气工程类、自动化相关专业硕士/博士研究生二年级在读；
2.­	 熟悉技术文档编制基本常识，流畅呈现与汇报分析结果。
­3.	具备较强沟通能力、团队协同能力、自我管理意识，对待工作积极主动；
4.­	 能快速适应不同工作环境。
5.­	 具有聚变装置供电系统设计经验优先。


 专业技能要求：
­1.	熟悉大容量电力电子系统建模与暂稳态仿真分析（PSCAD、MATLAB/Simulink等）；
2.­	具备大功率电能变换器（大于5MW、10kA）仿真与设计经验；
­3.    具备大功率电力电子系统集成仿真与分析经验；
4.­	熟悉电力电子技术、高电压技术、自动控制技术等。
 

截止日期：2027年03月12日
招聘人数：2人",MATLAB 采购 技术文档 PSCAD,https://www.liepin.com/lptjob/80891795
硬件测试工程师（医疗影像方向）,专业技术服务100-499人,8-12k,上海-徐汇区,上海,本科,应届,5月26日更新,liepin,"岗位职责
负责智能系统硬件设计的全流程测试验证，包括原型机调试、硬件模块测试、整机集成测试及量产前可靠性验证，确保硬件性能、稳定性和可生产性。
1.	硬件单元测试
1)	根据硬件设计方案，制定单板及模块测试计划与用例，完成电源、时钟、接口（MIPI/USB/I2C/SPI等）、传感器等关键模块的功能测试和性能评估。
2)	使用示波器、逻辑分析仪、万用表等仪器进行信号完整性测试，协助硬件工程师定位并解决问题。
2.	系统集成测试
1)	参与整机硬件系统集成测试，验证各模块（图像采集、主控SoC、通信接口、电源管理）协同工作的稳定性和兼容性。
2)	配合嵌入式软件团队完成驱动与底层固件的联调测试，确保软硬件交互的可靠性。
3.	环境与可靠性测试
1)	按照医疗设备相关标准，设计并执行环境适应性测试（高低温、湿度、振动、EMC等），验证硬件在预期使用环境下的性能和寿命。
2)	记录测试数据，编写测试报告，跟踪问题闭环，为硬件迭代提供依据。
4.	量产导入支持
1)	参与试产阶段的首件验证和抽检，协助产线搭建测试工位，编写量产测试指导文档。
2)	分析量产过程中出现的硬件不良问题，协同研发和品质团队进行根因分析并推动改善。
________________________________________
任职要求
1.	教育背景
1)	电子工程、通信工程、自动化、生物医学工程等相关专业本科及以上学历（优秀应届生可投递）。
2.	专业技能
1)	熟悉模拟/数字电路基础知识，能看懂原理图和PCB设计。
2)	了解常用硬件接口（I2C、SPI、UART、USB、MIPI等）及其测试方法。
3)	熟练使用示波器、信号发生器、万用表等常用测试仪器。
4)	掌握基本的焊接技能，能够完成样板的手工焊接与调试。
3.	项目经验（应届生可包含实验室/竞赛/毕业设计）
1)	有硬件设计或测试相关项目经验，参与过单片机/嵌入式系统开发或调试者优先。
2)	有传感器（图像传感器、温度传感器等）调试经验者优先。
3)	了解EMC测试标准或有相关实验室经历者加分。
4.	综合素质
1)	细心、耐心，具备良好的问题分析和定位能力。
2)	有较强的学习意愿，能够快速掌握新工具和新方法。
3)	良好的沟通能力和团队协作意识，能与硬件、软件工程师有效配合。
4)	具备一定的文档编写能力，能清晰记录测试过程和结果。
________________________________________
加分项
•	有医疗器械硬件测试实习经验，了解ISO13485或IEC60601相关标准。
•	熟悉Python或LabVIEW，可编写自动化测试脚本。
•	参与过电子设计竞赛（如全国大学生电子设计竞赛）并获奖。
•	了解信号完整性基础知识，有高速信号测试经验。

 

截止日期：2027年03月11日
招聘人数：1人",I2C SPI UART 单片机 Python 测试计划 功能测试 文档编写 自动化测试,https://www.liepin.com/lptjob/80833881
X射线研发工程师（校招生）,拉普拉斯新能源科技股份有限公司,14-22k·14薪,深圳-坪山区,深圳,硕士,应届,90天前更新,liepin,"所属部门： X射线产品事业部 - 研发中心
工作地点： 深圳
汇报对象： 项目经理
岗位职责
1.搭建X射线机台测试体系，协助建立光路、机械、电气及软件系统的测试方法与评估标准。
2.执行关键测试任务并输出规范的测试结果，包括但不限于X光路校准、光路应用性能及稳定性测试。
3.协助设计并优化测试流程，编写标准操作程序（SOP）及测试文档，推动测试方法的持续验证与改进。
4.系统化记录测试数据，分析问题根本原因，协助团队定位产品缺陷，并跟踪问题闭环。
5.参与跨组协作（机械、电气、软件、算法），在系统集成阶段提供测试支持，确保产品交付质量符合设计目标。
任职要求
1.学历专业：
①2026届应届毕业生，研究生及以上学历；
②专业方向：物理学、精密仪器、材料科学与工程（侧重表征方向）、光学工程等相关领域。
2.知识背景：
①熟悉X射线量测常见技术和基本原理、仪器结构或常见表征方法（如XRD、XRF等），有X射线相关实验、项目或课程设计经验者优先；
②了解精密仪器开发流程，对机械、电气、软件系统集成有基本认知。
3.能力素质：
①对仪器软硬件开发有浓厚兴趣，具备快速学习能力，能灵活适应从理论到实操的转换；
②具备较强的逻辑思维与问题分析能力，能系统化梳理复杂问题，推动解决方案落地；
③熟练掌握常用办公软件，注重细节，具备良好的文档编写习惯和数据整理能力；
④情绪稳定，具备团队协作精神，沟通表达清晰，能承受一定工作压力和加班需求。
4.加分项：
①有实验室科学测量仪器操作、测试系统搭建或科研项目实践经验；
②熟悉Python/Matlab等工具用于数据采集或自动化测试；
③了解ISO/IEC标准或测试质量管理流程。


~我们会给您提供：
1.参与国产高端科学仪器“从0到1”研发的全流程机会，助力打破进口垄断；
2.与行业资深工程师、跨领域专家紧密协作的成长环境；
3.系统的应届生培养计划与专业技术发展通道；
4.具备竞争力的薪酬待遇与福利体系。
5.提供免费食宿。
       欢迎有志于投身高端X射线科学仪器研发、用扎实工作推动产业创新的同学加入我们！
 

截止日期：2027年02月05日
招聘人数：1人",Python MATLAB 文档编写 数据采集 自动化测试 SOP,https://www.liepin.com/lptjob/80192537
2026校园招聘-研发类,机械/设备10000人以上,9-13k,青岛-崂山区,青岛,本科,应届,90天前更新,liepin,"职位1：新能源动力系统集成工程师 地点：青岛
职位2：新能源零部件设计工程师 地点：青岛
职位3：机械电子设计工程师（新能源热管理） 地点：青岛
职位4：传动系统设计工程师 地点：青岛
职位5：结构设计工程师 地点：青岛
职位6：ACE(自动化，大数据，电动化)工程师 地点：青岛
职位7：机械液压设计工程师 地点：青岛

注：请您在简历上标明意向地点和职位名称。

职位1：新能源动力系统集成工程师 地点：青岛

This position will work in Caterpillar China R&D Center Electrification & Energy Solutions China team based in Wuxi or Qingdao, electrification is one of Caterpillar’s strategic technologies, and Caterpillar is accelerating electrification solution development in construction machinery, mining equipment and energy & transportation business. The electrification team in Caterpillar R&D center is part of Caterpillar global electrification team and responsible for e-powertrain system architecture development, system integration, battery design, motor and power electronics components design and charging solution development.

Responsibility:
The job will be related with following but not limited to
• E-powertrain requirements development based on machine performance requirements
基于整车的性能需求制定电驱动动力系统的需求
• E-powertrain system architecture concept design and evaluation
电驱动动力系统架构概念设计方案和评估
• Collaborate with battery, motor, power electronics team to define components requirements
与电池，电机和电力电子零部件工程师一起制订零部件的需求
• Collaborate with machine team for components on machine integration and installation design
与整车团队协作完成电驱动系统的零部件的集成和安装设计
• Develop e-powertrain system level lab and on machine validation plan
制订系统及相关零部件的实验室和样车测试计划
• Support machine test bed and pilot build
支持整车的样机的建造和小批量生产
• NPI issue resolution
开发过程中技术问题的分析解决

Job Requirements:
• 2026 Master or Bachelor graduate, majoring in Electrical / Mechatronics/Electronics Engineering
2026届硕士或者本科，电气工程，机械电子，电子通信工程相关专业
• Familiar with electric powertrain systems, motor design or power electronics solution design
熟悉电驱动动力系统，电机设计或者电力电子产品设计
• Good at Pro/E, ANSYS and related tools for motor design
熟练使用Pro/E, ANSYS 等相关的设计软件
• Good English skills and team player, Interested in new technology and self-motivated
有较好的英语能力， 乐于团队协作，主动积极，对新技术感兴趣
• Experience in electric drive systems or related component design are preferred
有电驱动系统或者相关零部件设计经验者优先
• Ability to effectively communicate in English in work environment, CET-6 preferred
良好的英语沟通能力，CET-6优先
• Good communication and project management skills
有较好的沟通能力和项目管理能力
• Strong initiative, communication, interpersonal, teamwork，learning skills
积极主动，良好的沟通，团队，学习能力

职位2：新能源零部件设计工程师 地点：青岛

This position will work in Caterpillar China R&D Center Electrification & Energy Solutions China team based in Qingdao or Wuxi, electrification is one of Caterpillar’s strategic technologies, and Caterpillar is accelerating electrification solution development in construction machinery, mining equipment and energy & transportation business. The electrification team in Caterpillar R&D center is part of Caterpillar global electrification team and responsible for e-powertrain system architecture development, system integration, battery design, motor and power electronics components design and charging solution development.

Responsibility:
The job will be related with following but not limited to
• This position will work on battery pack, motor and power electronics components design and development used on Caterpillar electrification solutions.
该职位主要负责卡特彼勒电动化解决方案所需的电池，电机和电子电子产品的设计和开发
• Work with system engineer and machine technical lead to define system and component requirements
与整车技术负责人和系统工程师一起定义系统和零部件的的功能需求
• Specification development, concept design and concept selection,
定义产品的详细技术需求，完成概念设计和概念选择
• Complete mechanical and electrical system or components detail design and prototype part build
完成机械和电气系统或者零部件的详细设计和样件试制
• Develop lab testing and on machine validation plan
制定实验室测试和车上测试验证计划
• Technical documentation development, drawing release
图纸发布和技术文件归档
• NPI issue resolutions
开发过程中问题的解决

Job Requirements:
• 2026 Master or Bachelor graduate, majoring in Power Electronics/Electrical /Control/Mechatronics engineering or other equivalent ones
2026届硕士或者本科，电力电子, 电气工程，控制工程，机械电子，或相关专业
• Familiar with Lithium Battery, Electric Motor or Power Electronics products design, have project experience in relative product mechanical or electrical system design
熟悉动力锂电池，电机或者电力电子产品设计，有相关产品的机械或者电气系统设计项目经验
• Skilled at using test equipment, strong technical issue fix capability
熟练使用常用的测试设备，有较强的问题分析和解决能力
• Ability to effectively communicate in English in work environment, CET-6 preferred
良好的英语沟通能力，CET-6优先
• Good communication and project management skills
有较好的沟通能力和项目管理能力
• Strong initiative, communication, interpersonal, teamwork，learning skills
积极主动，良好的沟通，团队，学习能力

职位3：机械电子设计工程师（新能源热管理） 地点：青岛

职位概述:

作为卡特彼勒的机电一体化设计工程师（热管理方向），你将负责开发电池热管理系统（BTMS）和整机热管理系统（MTMS）的电动部件及系统，为电动机器的研发提供支持。职责范围包括 BTMS/MTMS 电动部件的设计、CPPD、制造和测试；具体涉及在试验台和机器环境中进行部件控制器及机械零件的需求开发与验证，以及故障排查和系统缺陷处理。

我们拥有一支优秀的团队，在卡特彼勒从事着一些最令人兴奋的工作，我们迫不及待地期待你的加入！
在这个岗位上，你将通过新技术导入（NTI）和新产品导入（NPI），成功为一系列 BTMS 开发冷却部件。候选人需要与全球团队紧密合作，包括应用工程师、热管理负责人和整机产品团队，以理解应用需求，开发一流的产品。

工程师必须自主管理自身的发展，通过经验不断学习，并及时了解技术变革。学习重点包括应用于工程职能的方法、流程和系统、关键工程技能、理论的实际应用、沟通能力，以及构建对卡特彼勒产品、供应商和客户的认知。

该岗位人员必须具备良好的沟通能力，以便与各个产品开发团队有效协作，在充满挑战的电气化项目交付中，按时提供经过验证的设计解决方案。

工作职责:

制定电气部件（电子风扇、电子泵、电子压缩机、电子膨胀阀、PTC 加热器等）及热管理系统的产品技术规范。
进行 DFMEA（设计失效模式及影响分析）、DVP&R（设计验证计划与报告），并按项目计划按时执行设计验证计划。
确保在部件设计与开发过程中完全遵循 APQP（产品质量先期策划）流程。
为解决质量问题提供工程解决方案，例如 myNPI、生产质量、ADQ（验收质量）和 CPI（持续过程改进）问题。
为部件成本降低和重新采购提供工程解决方案。
作为系统 / 部件设计工程师，为跨职能团队和客户提出的工程问题提供建议和解答，频繁与供应商开发工程师、采购人员、应用工程师、产品团队以及销售和市场部门协作。
执行供应商战略，确保供应商的技术和质量准备就绪。
教育背景:

要求拥有机械电子工程、电气工程、制冷工程或热能与动力工程专业的硕士学位。
所需技能:

技术卓越:

深入掌握电动机器的运行和应用特性。
凭借多技术能力，为常规功能性挑战提供有效的技术解决方案，有效分析事件和问题的影响。
高效完成技术工作，不断积累知识并紧跟技术发展。
基于所交付产品、技术和服务的卓越性，应用技术操作和项目标准。
引领全球技术能力提升。
帮助他人解决技术或流程方面的问题。
软件开发:

使用 Python 或专有工具开发脚本以实现测试自动化。
需求分析:

遵循用于确定功能和信息需求的政策、实践和标准。
确认与需求分析相关的可交付成果。
与客户和用户沟通，获取和收集客户需求。
参与详细文档和需求的编制。
系统测试:

使用 CANalyzer、卡特彼勒电子技师或 Lauterbach 调试器等工具定义有意义的数据模式。
支持项目负责人制定和执行系统测试计划。
执行测试用例，分析测试结果并定期报告发现。
参与测试系统从硬件或软件故障中恢复的能力。
技术故障排查:

发现、分析并解决在试验台、实验室、试验场、现场和工厂中识别出的硬件、软件或应用问题。
使用专有和第三方诊断工具。
数据敏感以及较强的数据分析能力
分析故障代码、日志和通信协议，作为高级故障排查的一部分。
记录并报告已解决的特定技术问题、解决过程和所使用的工具。
补充信息:
该职位需要少于 10% 的出差。

职位4：传动系统设计工程师 地点：青岛

职位描述：

负责传动系统集成如变速箱驱动桥，以及零部件的开发，工艺及试验的技术支持，
了解客户需求，定义技术要求，制定及评估设计方案， 完成复杂技术项目的可行性分析
设计3D/2D模型并进行分析，跟踪建造，试验并进行设计改进
与生产，采购，供应链合作满足产品成本目标
运用质量先期策划，失效模式分析等产品开发流程解决新产品导入、持续改进及降成本中遇到的问题
主持系统及零部件的设计评审
支持供应商，零件的开发及质量控制
跟踪支持现有产品的工艺优化，审核，故障诊断及改进
跟踪支持NPI，CPI及降成本项目
制定项目计划并实施
教育背景：

机械工程，车辆工程，材料科学相关专业研究生及以上学历。

技能要求：

捕捉信息
标准操作流程
分析性思维
有效沟通
产品测试
技术故障排除


职位5：结构设计工程师 地点：青岛

职位概要：
作为结构设计工程师，您将负责工程机械产品结构系统的设计和开发。在结构设计方面，您将负责结构相关的零部件开发，例如机器底盘、油箱、发动机罩、工作工具、驾驶室等。我们拥有一支出色的团队，他们在 Caterpillar 从事一些最令人兴奋的工作，我们迫不及待地希望您加入团队！

您将做什么：
• 通过性能计算和分析, 开发多个设计概念方案，执行 DFMEA（失效模式分析），制定技术规范，开发 3D（三维） 建模并管理发布 2D（二维） 图纸。
• 与跨职能团队合作开展 CPPD（合作开发） 和 APQP（先期产品质量计划） 活动，以确保设计能够满足产品和项目的PQVC （产品, 质量, 速度, 成本）要求。
• 设计、分析、测试和验证相关的项目规划和管理。
• 支持当前在制产品的维护和持续改进。

教育要求：
• 机械工程相关的学士或硕士。

必备技能：

技术卓越：
• 了解车辆/机械系统：结构件底盘、薄板件、工作工具、驾驶室等系统。
• 了解机械设计和应力分析。
• 了解材料和机械性能。
• 了解产品设计的流程、方法、工具和技术；能够将客户和市场需求转化为产品设计。
• 了解产品制造和加工技术。
• 需要了解工程机械相关知识。

软件：使用 三维软件，例如Creo 开发 3D 模型 和2D 图纸的知识和技能。熟练使用 Word、Excel、PowerPoint 和其他办公软件。

分析性思维：了解促进有效分析的技术和工具；能够确定技术问题的根本原因并创建解决这些问题的替代解决方案。

决策和批判性思维：了解决策过程和相关工具和技术；能够准确分析情况并根据明智的判断做出有效的决策。

有效沟通：出色的英语沟通技巧。了解有效沟通的概念、工具和技巧；通过应用适当的沟通行为，有效地传递、接收和准确解释想法、信息和需求的能力。

诊断和解决问题：了解排除故障的方法、工具和技术；预测、检测和解决机器环境中的技术问题的能力。

职位6：ACE(自动化，大数据，电动化)工程师 地点：青岛

工作摘要：

ACE包括自动化，大数据，电动化。您可能会专注于其中某一个领域。 作为一名ACE设计工程师，您将执行整机和系统的电动化、自动化的设计研发，或者机器相关数据的分析与管理，来支持工程师的设计和研发。对于电动化机器和系统开发，您将进行包括但不限于电池和充电器选择、电池安装、BDU开发、HV架构和控制开发、CAN矩阵管理、故障代码管理、L4/L5/L6机器/系统控制策略开发，并与软件工程师合作进行机器/系统调优以实现机器性能目标等。对于自动化器和系统开发，您将进行机器智能化功能开发，例如智能装载，称重系统，自动找平系统，碰撞缓解系统等，还包括机器远程控制，L3 / L4自动驾驶。对于大数据，您将执行现有的数据分析以支持工程产品开发。 我们拥有一支出色的团队，他们在卡特彼勒从事一些最激动人心的工作，我们迫不及待地想让您加入这个团队！

你会做什么：

通过性能计算和分析, 开发多个设计概念方案，执行 DFMEA（失效模式分析），制定技术规范，开发 3D（三维） 建模并管理发布 2D（二维） 图纸。
与跨职能团队合作开展 CPPD（合作开发） 和 APQP（先期产品质量计划） 活动，以确保设计能够满足产品和计划 PQVC （产品, 质量，速度，成本）要求。
设计、分析、测试和验证相关的项目规划和管理。
支持当前在产产品的维护和持续改进。
学历要求： 电气及自动化工程硕士、机械设计及自动化工程硕士。

所需技能：
技术卓越：具备ACE 相关的技术背景和应用场景的经验 ;有能力开发和提供重大技术挑战的解决方案。

使用结构化方法分析和解决技术问题。
寻求持续学习的机会，以保持技术能力，追求技术卓越。
分析思维：了解促进有效分析的技术和工具; 确定 组织问题的根本原因，并创建解决这些问题的替代解决方案。

说出可用于支持分析思维过程的特定工具或技术。
描述用于业务分析的特定软件应用程序或产品。
举例说明如何使用分析思维来解决问题。
帮助其他人研究并了解有关业务分析工具和应用程序的更多信息。
有效沟通：理解有效的沟通概念、工具和技巧;能够 通过应用有效地传递、接收和准确解释想法、信息和需求 适当的沟通行为。

提供有用的反馈，重点关注行为，而不会冒犯接收者。
不带防御性地倾听反馈，并将其用于提高自己的沟通效率。
进行口头报告并撰写自己工作所需的报告。
在不适当时避免使用技术术语。
寻找并考虑来自个人和群体的非语言线索。
管理多个优先事项：了解有效的自我管理实践;能够管理多个 并发目标、项目、组或活动，对优先级和时间做出有效判断 分配。

解释时间和优先级管理的基本概念。
在发现和解决优先级冲突方面寻求指导。
描述团队或单位的优先级。


职位7：机械液压设计工程师 地点：青岛

职位概要：

作为机械液压设计工程师，您将负责设计和研发工程机械液压系统/液压安装方案或发动机系统/冷却系统的安装方案。对于液压系统方向，您将负责液压原理图开发，液压零件开发以及相应的管路和零件安装方案开发，对于发动机安装方向，您将负责支持发动机性能需求开发、与发动机供应商对接同步开发及发动机和冷却系统安装设计 。我们拥有一支出色的团队，他们在 Caterpillar 从事一些最令人兴奋的工作，我们迫不及待地希望您加入团队！！

您将做什么：

• 通过性能计算和分析, 开发、优选设计概念方案，执行 DFMEA（失效模式分析），制定技术规范，开发 3D（三维） 建模并管理发布 2D（二维） 图纸。

• 与跨职能团队合作开展 CPPD（协同开发） 和 APQP（先期产品质量活动） 活动，以确保设计能够满足产品的PQVC （产品，质量，速度，成本）要求。

• 支持验证计划开发和建造认证活动；

• 支持系统和零件设计评审；

• 支持当前在产产品的维护和持续改进。

教育要求：

• 机械工程相关的学士或硕士。

必备技能：

技术卓越

• 熟悉车辆/机械设备各系统如液压系统、发动机系统、冷却系统的功能及原理；

• 掌握机械设计基本原理和相关应力分析方法；

• 熟悉金属材料及其机械性能；

• 了解产品设计的流程、方法、工具和技术；能够将客户和市场需求转化为产品设计。

• 了解产品制造和加工技术。

• 需要了解土方机器知识。

软件：使用 三维软件，例如Creo 开发 3D 模型 、2D 图纸的知识和技能。熟练使用 Word、Excel、PowerPoint 和其他办公软件。

分析性思维：了解促进有效分析的技术和工具；能够确定技术问题的根本原因并创建解决这些问题的替代解决方案。

决策和批判性思维：了解决策过程和相关工具和技术；能够准确分析情况并根据明智的判断做出有效的决策。

有效沟通：出色的英语沟通技巧。了解有效沟通的概念、工具和技巧；通过应用适当的沟通行为，有效地传递、接收和准确解释想法、信息和需求的能力。

诊断和解决问题：了解排除故障的方法、工具和技术；预测、检测和解决机器环境中的技术问题的能力。

截止日期：2026年08月29日
招聘人数：1人",Electron Gin Go Python CAN 测试计划 产品设计 项目管理 故障排查 采购 需求分析 测试用例,https://www.liepin.com/lptjob/76837467
技术支持（实习）,武汉冠华天视数码科技有限公司,100-200元/天,武汉-洪山区,武汉,本科,,90天前更新,liepin,"1.配合系统集成工程师完成技术资料的整理。
2.配合系统集成工程师完成项目具体实施。
3.完成用户单位的设备使用日常巡检、运维工作，作息时间遵循用户单位安排时间。
4.负责保障运维设备的正常运行，出现故障即使处理。配合其他运维单位协同工作。
5.公司提供技术工程师的学习培训，有互联网技术基础知识者优先考虑。

招聘人数：5人",培训,https://www.liepin.com/lptjob/72701455
信息化项目专员,佛山鑫联科技有限公司,100-150元/天,佛山-禅城区,佛山,本科,,90天前更新,liepin,"岗位职责
1.主要职责为信息化系统集成方向（5G、物联网、数字化技术）的项目专员；
2.对网络工程技术、嵌入式开发，JAVA开发以及前端开发的某一种技术熟练掌握；
2.信息化方向的项目管理；
3.信息化系统集成项目的技术实施；
管理职责：
1.经营信息收集，包括招标信息及客户信息；
2.渠道客户的基本接洽与沟通，协助起草合同并跟进合同流程；
3.配合公司其他日常市场工作；

任职资格：
1.电子与计算机等相关理工科的实习生，有非常强的学习能力，在校担任过学生组织工作的优先考虑。
2.具有较强的技术实施能力与学习能力；
3.具有较强的市场客户维护的能力；
4.性格乐观，善于钻研，做事稳重细心，注重细节，能独立分析与解决问题，有较强的人际关系处理能力；

职位诱惑：面对新一代信息技术先入为主，提供广阔的发展平台
福利待遇：五险一金，带薪年假，团队旅游，节日福利，销售提成（正式入职后）
工作地点：佛山禅城
薪资范围：2.5K （实习培养期半年，不提供住宿，包餐补与交通补助）
转正4.5-8K起

公司HR:   王先生
专业负责人：   杨先生    

招聘人数：6人",5G Java 项目管理,https://www.liepin.com/lptjob/52595081
弱电工程师,广西兰图科技有限公司,100元/天,桂林,,广西兰图科技有限公司,,90天前更新,liepin,"工作内容:
1、协助公司电单车充电桩/新能源充电桩设备的安装、调试、维护；
2、协助弱电系统集成项目、音视频系统、安防监控系统、楼宇自控、综合布线、网络、机房、视频会议、大屏幕显示系统、会议等智能化系统的安装调试维护；
3、协助道闸、门禁对讲系统等实施过程中的主要设备测试、安装、调试、网络与综合布线、故障排除等工作；
要求:
1、专科及以上学历，一年以上弱电系统经验（主要是综合布线、智能系统、安防系统安装/调试等）；应届生实习生可以放宽要求，无经验限制。
2、具有扎实的网络基础，熟悉TCP/IP及各种路由交换协议、IT系统集成所涉及的各种软件；
3、熟练使用办公软件office或制图绘图软件CAD，PS等

招聘人数：1人",TCP/IP,https://www.liepin.com/lptjob/44092693
实习生(广电行业应用解决方案提供商）,IT服务港股上市50-99人,薪资面议,北京,北京,学历不限,世纪睿科系统技术北京,90天前更新,liepin,"招聘对象：
高校广播电视工程、通信工程、电子信息工程、自动化、计算机等相关专业在校大四本科生

实习要求：
每周出勤不得少于三天

工作职责：
项目现场系统集成实施，系统设备联合调试、维护等助理性操作工作

发展方向：
待毕业后正式入职时，可根据实习情况定岗，岗位包括工程师或销售代表
1）工程师工作包括：
售前部分：新产品培训，售前方案整理、客户交流沟通，定制系统解决方案，投标文件制作，展览会和交流会预备等
售后部分：系统集成项目实施，设备检修、维修记录和处理，系统维护和技术保障等
2）销售代表工作包括：收集项目信息，客户项目沟通，新客户开发拓展、老客户关系维护等

招聘人数：3人",培训 投标,https://www.liepin.com/lptjob/18414735
27届校招-HyCAN开发工程师-南京,电子/半导体/集成电路科创板上市500-999人,25-35k,南京-江宁区,南京,硕士,应届,7月30日更新,liepin,"岗位职责：
1.负责数字前端设计流程中的RTL编码与仿真验证，完成至少3个模块的IP核开发
2.参与SoC芯片系统集成与FPGA原型验证，支持2个以上项目流片前数字前端工作
3.使用UVM方法学搭建验证环境，提升模块级验证覆盖率至95%以上
4.编写综合约束脚本与形式验证文档，确保设计符合时序与功能规范

任职要求：
1.2027届应届硕士毕业生，微电子、集成电路、电子工程等相关专业
2.熟练掌握SystemVerilog硬件描述语言，具备数字电路设计基础
3.了解ASIC设计流程，熟悉UVM验证方法学或相关EDA工具者优先
4.具备良好的英语文献阅读能力和创新思维，能独立承担技术模块开发

截止日期：2027年07月30日
招聘人数：10人",FPGA Verilog,https://www.liepin.com/lptjob/84536761
高级激光研发工程师-校招,极光瞬源(北京)科技有限公司,15-30k·14薪,北京-海淀区,北京,硕士,应届,7月30日更新,liepin,"岗位职责：
1. 主导超快激光器（掺钛蓝宝石固体激光器或掺镱光纤激光器）以及相关超快激光技术（超快激光诊断、非线性光学等）的研发，覆盖或聚焦振荡器、展宽器、放大器、压缩器及非线性压缩器等关键模块的设计与优化。
2. 解决研发过程中遇到的关键技术难题，排查光机电复杂故障，解决样机向产品转化过程中的工程化难题（如热效应、环境稳定性、可靠性等）。
3. 完成公司激光器产品的搭建与调试，以及在用户方的安装与维护。

必要任职要求：
1. 硕士及以上学历（光学工程、物理学、激光技术等相关专业)。
2. 了解超快激光原理，主要包括锁模、锁相、调Q、CPA、脉冲展宽压缩、再生放大、多通放大、MOPA、倍频、光参量放大、非线性压缩等，精通上述技术之一。
3. 具备独立解决复杂技术问题的能力，能够独立开展技术调研、方案设计、实验搭建、参数优化等工作。

满足以下条件者优先考虑：
1. 熟练使用Zemax/COMSOL/ANSYS/LASCAD/MATLAB等数值模拟工具，能够进行超快激光相关光学需求的建模与数值仿真。
2. 精通光纤器件选型与系统集成，熟练操作光纤切割机、熔接机等专业设备。
3. 熟练使用自相关仪/FROG/光谱仪/能量计/功率计/CCD等测量设备，以及后续的数据处理和分析。
4. 具有光纤相干合束（CBC）领域的工作/研究经验。

公司福利：
视工作情况，优秀者三年内可考虑解决北京户口。
 

截止日期：2027年07月30日
招聘人数：3人",MATLAB 方案设计 CPA MOPA COMSOL ANSYS LASCAD FROG,https://www.liepin.com/lptjob/84534201
实习生岗（运筹优化）,镁伽科技,200-250元/天,上海-徐汇区,上海,硕士,,7月30日更新,liepin,"【岗位职责】
1. 核心算法开发:
   - 负责高通量实验室自动化设备（如机械臂、液体处理系统、检测仪器）的任务排程与动态调度算法设计，优化实验流程效率与资源利用率；  
   - 构建基于运筹学（如混合整数规划、动态规划）、强化学习或启发式算法（遗传算法、模拟退火）的智能排程模型，解决多目标约束下的NP-hard问题；  
   - 开发实时调度系统，支持实验流程的动态调整（如设备故障、任务优先级变化）。  
2. 系统集成与优化: 
   - 与软件及硬件团队协作，实现算法与自动化设备的低延迟通信与控制；  
   - 设计仿真测试框架，验证算法在复杂场景下的鲁棒性与扩展性。  
3. 技术前瞻性研究：
   - 跟踪实验室自动化领域（如Automata、Tecan等）及工业调度领域（如半导体制造、物流仓储）的新技术，推动算法创新。  


【任职要求】 
1. 教育背景：自动化、运筹学、应用数学等相关专业硕士及以上学历；  
2. 技术能力：  
    - 精通Python/C++，熟悉常用优化工具（CPLEX、Gurobi）或强化学习框架（Ray、RLlib）；  
    - 具备复杂调度系统开发经验，熟悉DAG任务调度、资源分配、多目标优化等场景； 
    - 熟练掌握各类优化算法，如精确算法（列生成、benders分解等）、启发式算法（遗传算法、邻域搜索等），并具备丰富的落地实现能力 
    - 熟悉时序数据库、实时系统设计者优先。  
3. 行业经验：  
    - 3年以上算法开发经验，有实验室自动化设备（如机械臂调度、微孔板处理）或工业机器人调度项目经验者优先；  
    - 熟悉生命科学实验流程（如基因测序、药物筛选）者加分。  
4. 软性素质：  
    - 具备极强的逻辑抽象与数学建模能力，能将业务问题转化为可计算的优化问题；  
    - 对技术细节有较高追求，能独立攻克算法性能瓶颈（如降低计算复杂度、提升实时性）；  
    - 良好的跨团队协作能力，能与生物学家、硬件工程师高效沟通。  
5. 加分项：
    - 发表过调度算法、运筹学相关顶会论文（如AAAI、ICAPS）；  
    - 熟悉实验室信息管理系统（LIMS）或自动化控制协议（如SERIAL、MODBUS）。

截止日期：2027年07月30日
招聘人数：1人",CAN Python C++ Modbus CPLEX Gurobi Ray RLlib,https://www.liepin.com/lptjob/84525693
储能系统工程师,整车制造10000人以上,8-9k·14薪,芜湖-弋江区,,硕士,应届,7月29日更新,liepin,"【工作内容】
1、负责储能系统架构设计，完成电池包选型、BMS 策略制定及热管理方案开发；
2、主导储能系统样件试制与测试验证，分析实验数据并优化系统性能与安全性；
3、协同整车研发部门进行系统集成匹配，解决装车过程中的技术接口与兼容性问题；
4、编制储能系统技术规范书、测试报告及相关技术文档，推动项目按时交付量产。

【任职要求】
1、硕士及以上学历，车辆工程、能源动力或电气自动化相关专业
2、精通锂电池特性及 BMS 控制逻辑，熟悉 ISO 26262 功能安全标准及国标测试规范；
3、熟练掌握 CAD、Matlab/Simulink 等仿真工具，具备独立开展系统级设计与验证能力；
4、具备良好的跨部门沟通协作能力，抗压性强，能适应项目节点要求及出差需求。

截止日期：2027年07月29日
招聘人数：1人",MATLAB 技术文档 BMS ISO CAD Matlab Simulink,https://www.liepin.com/lptjob/84504169
Full Stack Product Engineer Intern,上海又为健康科技有限公司,300-400元/天,上海-徐汇区,上海,本科,,7月29日更新,liepin,"关于我们
我们是一家由VC支持的创新初创公司，致力于通过突破性的产品和服务颠覆听力解决方案市场。我们的使命是改善人们的生活，开发先进的听力设备——从先进的助听器开始，但不仅限于此——将个性化验配、垄断技术与简洁、以人为本的体验相结合。我们在美国、中国大陆和香港均有运营。

工作职责：
1. 在开发工作流中运用 AI 工具和代码代理，加速调试、文档编写及迭代实施。
2. 参与产品功能的端到端工作，从需求理解到开发发布，以及后续迭代。
3. 构建并优化 Orka 核心产品的前端体验和后端服务。
4. 与产品、设计及工程部门跨职能协作，将不断演变的需求转化为切实可行且高质量的解决方案。
5. 协助设计和维护面向客户的产品及内部工具的 API、数据模型和系统集成。
6. 编写易于维护的代码，参与测试和代码审查，并支持工程优化工作流。

职位要求：
1. 对全栈产品工程有浓厚兴趣，并具备构建实际应用的实践项目经验。
2. 习惯使用人工智能工具和自动化脚本，以提升开发速度和质量。
3. 熟悉使用 React/TypeScript 或类似技术进行前端开发。
4. 熟悉至少一种后端技术栈，例如 Node.js、Python、Go 或 Java。
5. 具备良好的问题解决能力、强烈的主人翁意识，并愿意努力工作以解决问题。
6. 具备良好的沟通能力和团队合作精神。

截止日期：2027年07月29日
招聘人数：1人",React TypeScript Node.js Python Go Java 文档编写,https://www.liepin.com/lptjob/84491237
嵌入式软件工程师,矩阵感知(上海)技术有限公司,10-11k,上海-浦东新区,上海,本科,应届,7月28日更新,liepin,"职位介绍
关于我们

矩阵感知（上海）技术有限公司是一家专注于高精度SAR雷达的硬科技初创企业。我们的雷达产品聚焦地表形变沉降监测、结构健康监测等真实场景。团队核心成员在雷达系统、信号处理、嵌入式系统方向有深厚积累。

岗位职责

1. 基于高性能嵌入式 Linux 平台，完成多类型外设的用户态驱动开发与系统集成
2. 将现有前后端服务部署至边缘端设备，搭建本地局域网数据访问环境
3. 参与传感器数据预处理、标定及简单融合算法的工程实现

任职要求

硬性条件：
· 电子工程、电子信息、自动化、计算机、通信工程等相关专业在校本科生或研究生，2026 年暑假可在上海线下工作
· 曾带队参加全国大学生嵌入式芯片与系统设计竞赛并获奖（或同级别嵌入式系统竞赛，如 Intel 杯、ARM 相关赛事等）
· 熟练使用 Linux 用户态编程，掌握常用外设接口编程
· 具有良好的 C/C++ 编程能力

加分项：
· 独立搭建过嵌入式 Linux + 多外设的系统级项目
· 了解多传感器标定或数据融合的基本方法
· 熟悉 Docker 或类似容器化部署工具
· 在日常开发中熟练使用 AI 编程助手（如 Claude Code、Cursor、Copilot 等）
· 有边缘计算或物联网相关项目经验

为什么选择我们

独立负责：你不是来打杂的，你会直接负责一个完整的嵌入式模块，从方案到落地
技术密度：嵌入式 Linux + 多传感器 + 边缘计算，一次实习接触全栈嵌入式
直接带教：创始团队直接指导，你的问题就是公司的问题

工作信息
地点：上海
类型：全职
薪资：面议
福利：五险一金+补充公积金+年终奖
招聘截止日期2027年07月16日

招聘人数1人

截止日期：2027年07月28日
招聘人数：1人",Linux ARM C++ Docker 容器化 Intel AI Claude,https://www.liepin.com/lptjob/84475503
Java后端开发,上海艾哲智网络科技有限公司,300-400元/天,上海-普陀区,上海,本科,,7月28日更新,liepin,"岗位职责：  
1. 参与Java后端系统需求分析与设计，负责核心模块开发与代码实现。  
2. 根据业务需求完成功能开发，编写高质量代码并完成单元测试。  
3. 参与系统性能优化，解决开发过程中的技术问题，保障系统稳定性。  
4. 协助完成系统集成测试与联调，修复缺陷并优化代码结构。  
5. 学习并遵循团队开发规范，参与代码评审与技术分享。  

任职要求：  
基础能力：  
1. 本科及以上；每周可实习≥4天，能稳定实习3个月以上。  
2. 熟悉Java语言基础，掌握面向对象编程思想与常用设计模式。  
3. 了解Spring Boot/Spring Cloud等框架，熟悉MySQL数据库操作与SQL优化。  
4. 具备基础调试能力，能使用IDEA等工具定位并解决代码问题。  
5. 学习能力强，责任心强，具备良好的沟通与团队协作意识。  

技术能力（重点）：  
1. 熟悉微服务架构设计，能独立完成模块开发与接口对接。  
2. 有分布式系统开发经验或了解缓存、消息队列等技术者优先。  

加分项：  
1. 有实际项目开发经验（课程项目、竞赛、实习均可），能说明承担的技术角色。  
2. 熟悉Linux基本操作，了解Docker容器化部署基础。  
3. 掌握Git版本控制工具，能规范使用分支管理与代码合并流程。

截止日期：2026年08月31日
招聘人数：3人",Java Spring Boot Spring Cloud MySQL SQL 微服务 分布式 Linux Docker 容器化 Git 需求分析,https://www.liepin.com/lptjob/84460013
系统研发实习生（可转正）,臻驱科技,150-200元/天,重庆,重庆,硕士,,7月28日更新,liepin,"须知：
1. 请投递的同学备注好：目前base地+实习时长+一周到岗天数
2. 表现优秀，有转正机会，实习期间有项目平台实践和学习机会
3. 需要现场面试

工作职责：
1.  负责新产品导入项目系统部分的执行，包括：客户需求的对接/分析/分解，系统能力评估，系统架构设计，系统失效/安全分析，软硬件集成及系统集成测试规范制定，测试结果及其与需求对应的审核等；
2.  负责新产品导入项目的系统相关问题分析、解决及措施延展；
3.  协助进行新产品导入项目中涉及跨部门的问题分析、解决和措施延展；
4.  负责新技术导入项目的系统开发任务， 包括：由系统部主导的公司平台级新技术导入项目，系统部其他新技术导入项目（例如新功能开发、工具链开发等）的相关任务；
5.  负责商务拓展项目的技术支持，包括：客户需求澄清及评估、技术方案生成及客户沟通、报价支持、立项支持；
6.  对系统部内部流程、研发及公司跨部门流程/职责分工等提出合理性建议；
7.  负责完成分配的流程改善性任务（如作业指导书、开发文件模板、改善性流程等);
8.  上级交付的其他工作。

任职资格：
1.  2027届，硕士学历，电力电子、电气工程、电子信息工程、自动化等相关专业；
2.  有良好的电力电子、电气、自动控制、电机控制、可靠性等相关领域理论基础及系统观；
3.  熟练使用Matlab/Simulink，有ANSYS及其他仿真软件应用经验的优先；
4.  熟悉ISO 26262功能安全相关标准，熟悉ASPICE；
5.  有良好的中英文文档撰写能力及沟通能力；
6. 具备良好的沟通能力、团队协调能力，组织能力和执行力，愿意自我学习；
7 .具备信息安全意识。

截止日期：2027年07月28日
招聘人数：1人",MATLAB SPI 技术支持 技术方案 客户沟通 Simulink,https://www.liepin.com/lptjob/84442911
IC数字开发（一致性总线）,电子/半导体/集成电路战略融资2000-5000人,30-50k,西安-高新区,西安,本科,应届,7月27日更新,liepin,"工作职责：
1、根据架构撰写系统方案、设计文档，定义模块接口与功能；
2、负责模块微架构设计和代码实现，编写RTL代码；
3、负责代码质量检测和模块级综合，根据时序、面积、性能、功耗要求优化RTL设计；
4、SOC前端设计与系统集成交付，支持后端工程师完成时序收敛；
5、配合验证工程师一起验证逻辑功能的正确性。
6、使用EDA工具进行Timing/Power/Area等方面的分析；
任职要求：
1、电子工程、微电子或相关专业，硕士及以上学历；
2、深入理解数字集成电路原理；
3、熟悉Verilog、SV编程，具有一定的RTL开发经验。熟悉perl/python等脚本语言；
4、 具备以下任一经验者尤佳：熟悉计算机体系结构相关知识、熟悉CPU 或GPU 软硬件系统架构、熟悉低功耗设计，熟悉AMBA总线，具有PCIE,Serdes 等方面经验；
5、 熟练使用后端相关EDA工具，如DC/Formality/PrimeTime/ICC等。

截止日期：2027年07月23日
招聘人数：1人",Verilog Perl Python PCIe Power Serdes Formality PrimeTime,https://www.liepin.com/lptjob/84433631
IC数字开发（一致性总线）,电子/半导体/集成电路战略融资2000-5000人,30-50k,成都-高新区,成都,本科,应届,7月27日更新,liepin,"工作职责：
1、根据架构撰写系统方案、设计文档，定义模块接口与功能；
2、负责模块微架构设计和代码实现，编写RTL代码；
3、负责代码质量检测和模块级综合，根据时序、面积、性能、功耗要求优化RTL设计；
4、SOC前端设计与系统集成交付，支持后端工程师完成时序收敛；
5、配合验证工程师一起验证逻辑功能的正确性。
6、使用EDA工具进行Timing/Power/Area等方面的分析；
任职要求：
1、电子工程、微电子或相关专业，硕士及以上学历；
2、深入理解数字集成电路原理；
3、熟悉Verilog、SV编程，具有一定的RTL开发经验。熟悉perl/python等脚本语言；
4、 具备以下任一经验者尤佳：熟悉计算机体系结构相关知识、熟悉CPU 或GPU 软硬件系统架构、熟悉低功耗设计，熟悉AMBA总线，具有PCIE,Serdes 等方面经验；
5、 熟练使用后端相关EDA工具，如DC/Formality/PrimeTime/ICC等。

截止日期：2027年07月23日
招聘人数：1人",Verilog Perl Python PCIe Power Serdes Formality PrimeTime,https://www.liepin.com/lptjob/84433599
系统工程师,深圳市科信通信技术股份有限公司,12-18k,深圳-龙岗区,深圳,本科,应届,7月27日更新,liepin,"岗位职责：
1、负责定制类通信电源产品开发，包括AC/DC，DC/DC以及DC/AC等电源模块
2、对海外客户需求进行分析，负责产品的结构，安规，硬件及软件等整体系统方案设计，以及关键技术分析验证
3、负责项目跟进，对产品研发过程中的关键点进行跟踪、组织可行性分析评审，编写需求说明书和规格说明书；
4、负责产品关键技术研究，提高产品竞争力
5、负责对项目组成员及其它部门相关人员进行产品技术培训。

任职要求：
1、本科以上学历，电气、自动化、电子电力相关专业
2、海外留学背景
3、英语可作为工作语言

截止日期：2027年07月27日
招聘人数：2人",方案设计 培训 DC,https://www.liepin.com/lptjob/84431629
热技术研究员,美的集团中央研究院,25-35k·15薪,上海-青浦区,上海,博士,应届,7月24日更新,liepin,"岗位职责： 
1. 对热泵系统和核心部件的进行机理性测试、分析与优化
2. 负责翅片管式换热器、压缩机等核心部件的优化设计与系统集成匹配优化工作；
3.负责多联机和热泵产品重大技术研究项目攻关，确保项目按计划推进并达成性能目标； 
4. 运用AimSim、CoilDesigner或自研仿真软件对多联机系统性能进行建模与仿真分析
5. 分析并解决突破性技术研究过程中的关键技术难题 

任职要求： 
1. 制冷、暖通、动力工程及工程热物理、流体力学等相关专业背景
2. 了解热泵系统，包括翅片管式换热器设计、压缩机及系统优化。
3. 精通Matlab、AimSim、CoilDesigner、Dymola等仿真软件，具备扎实的仿真分析与实验验证能力
4. 了解多联机系统及核心部件功能、性能、可靠性测试评价方法


截止日期：2027年07月24日
招聘人数：2人",MATLAB AimSim CoilDesigner,https://www.liepin.com/lptjob/84376045
热技术研究员,美的集团中央研究院,25-35k·15薪,佛山-顺德区,佛山,博士,应届,7月24日更新,liepin,"岗位职责： 
1. 对热泵系统和核心部件的进行机理性测试、分析与优化
2. 负责翅片管式换热器、压缩机等核心部件的优化设计与系统集成匹配优化工作；
3.负责多联机和热泵产品重大技术研究项目攻关，确保项目按计划推进并达成性能目标； 
4. 运用AimSim、CoilDesigner或自研仿真软件对多联机系统性能进行建模与仿真分析
5. 分析并解决突破性技术研究过程中的关键技术难题 

任职要求： 
1. 制冷、暖通、动力工程及工程热物理、流体力学等相关专业背景
2. 了解热泵系统，包括翅片管式换热器设计、压缩机及系统优化。
3. 精通Matlab、AimSim、CoilDesigner、Dymola等仿真软件，具备扎实的仿真分析与实验验证能力
4. 了解多联机系统及核心部件功能、性能、可靠性测试评价方法


截止日期：2027年07月24日
招聘人数：2人",MATLAB AimSim CoilDesigner,https://www.liepin.com/lptjob/84376043
一致性总线开发工程师,电子/半导体/集成电路战略融资2000-5000人,30-50k,成都-高新区,成都,本科,应届,7月23日更新,liepin,"工作职责：
1、根据架构撰写系统方案、设计文档，定义模块接口与功能；
2、负责模块微架构设计和代码实现，编写RTL代码；
3、负责代码质量检测和模块级综合，根据时序、面积、性能、功耗要求优化RTL设计；
4、SOC前端设计与系统集成交付，支持后端工程师完成时序收敛；
5、配合验证工程师一起验证逻辑功能的正确性。
6、使用EDA工具进行Timing/Power/Area等方面的分析；
任职要求：
1、电子工程、微电子或相关专业，硕士及以上学历；
2、深入理解数字集成电路原理；
3、熟悉Verilog、SV编程，具有一定的RTL开发经验。熟悉perl/python等脚本语言；
4、 具备以下任一经验者尤佳：熟悉计算机体系结构相关知识、熟悉CPU 或GPU 软硬件系统架构、熟悉低功耗设计，熟悉AMBA总线，具有PCIE,Serdes 等方面经验；
5、 熟练使用后端相关EDA工具，如DC/Formality/PrimeTime/ICC等。

截止日期：2027年07月23日
招聘人数：1人",Verilog Perl Python PCIe Power Serdes Formality PrimeTime,https://www.liepin.com/lptjob/84367251
一致性总线开发工程师,电子/半导体/集成电路战略融资2000-5000人,30-50k,西安-高新区,西安,本科,应届,7月27日更新,liepin,"工作职责：
1、根据架构撰写系统方案、设计文档，定义模块接口与功能；
2、负责模块微架构设计和代码实现，编写RTL代码；
3、负责代码质量检测和模块级综合，根据时序、面积、性能、功耗要求优化RTL设计；
4、SOC前端设计与系统集成交付，支持后端工程师完成时序收敛；
5、配合验证工程师一起验证逻辑功能的正确性。
6、使用EDA工具进行Timing/Power/Area等方面的分析；
任职要求：
1、电子工程、微电子或相关专业，硕士及以上学历；
2、深入理解数字集成电路原理；
3、熟悉Verilog、SV编程，具有一定的RTL开发经验。熟悉perl/python等脚本语言；
4、 具备以下任一经验者尤佳：熟悉计算机体系结构相关知识、熟悉CPU 或GPU 软硬件系统架构、熟悉低功耗设计，熟悉AMBA总线，具有PCIE,Serdes 等方面经验；
5、 熟练使用后端相关EDA工具，如DC/Formality/PrimeTime/ICC等。

截止日期：2027年07月23日
招聘人数：1人",Verilog Perl Python PCIe Power Serdes Formality PrimeTime,https://www.liepin.com/lptjob/84367249
电气控制系统工程师（实习 2027博士）,上海芯上微装科技,200-300元/天,上海-浦东新区,上海,博士,,7月23日更新,liepin,"岗位目标：全面负责半导体设备整机控制系统的架构搭建、核心控制算法开发、运动轨迹规划及复杂工艺逻辑的编程实现；通过构建高实时性、高精度、高稳定性的控制系统，确保设备在纳米级运动控制与复杂工艺流程中的性能；同时主导控制系统与上位机（EAP/SECS-GEM）的通讯对接及底层故障诊断，为公司高端半导体装备的智能化与自动化提供坚实的核心软件与算法保障。
岗位职责：
一、控制系统架构与程序开发
1. 根据设备工艺需求，主导整机控制系统的软硬件架构设计，负责嵌入式控制器（如DSP、ARM、PPC）的核心程序编写、模块化封装与逻辑优化。
2. 负责复杂运动控制算法的实现（如龙门同步、电子凸轮、多轴插补、振动抑制等），通过精密的轨迹规划与PID参数整定，确保设备运动的高精度与高动态响应。
3. 负责多分系统同步的架构开发及方案设计。
二、高速通讯与系统集成
1. 负责控制系统与各类子系统（如真空计、温控模块、机器视觉等）的高速总线通讯开发（如EtherCAT、Profinet、Ethernet/IP、Modbus TCP等），确保数据交互的实时性与准确性。
2. 配合电气设计工程师完成硬件选型与系统联调，从控制视角提出硬件优化建议，确保软硬件系统的无缝兼容与高效协同。
三、系统调试、优化与故障诊断
1. 负责设备样机的控制系统调试，解决调试过程中出现的运动超调、通讯丢包、逻辑死锁及工艺时序偏差等底层控制问题。
2. 运用专业的数据分析工具对控制系统运行数据进行采集与深度分析，持续优化控制算法与系统参数，提升设备的可靠性。
3. 建立控制系统故障诊断与预警机制，开发底层异常捕获与日志记录功能，协助现场工程师快速定位并解决系统级故障。

任职要求：
1、	博士学历，自动化、电气工程、控制科学与工程、机电一体化等相关专业。
2、	具备跨学科（如现代控制理论、信号处理、计算机科学）的宏观视野，能深度解构“工艺-控制-机械”的底层制约关系，对半导体设备控制技术格局重构有前瞻性预判。
3、	精通控制软件数智化转型、模型化设计（MBD）及功能安全（IEC 61508）合规要求。

截止日期：2027年07月23日
招聘人数：1人",DSP ARM Modbus 方案设计 数据分析 合规,https://www.liepin.com/lptjob/84358573
DFT 工程师 - IP开发与集成方向(J11767),豪威集团,20-30k,上海-浦东新区,上海,硕士,应届,7月30日更新,liepin,"职责描述：
1.  RTL 设计与文档 —— 使用 Verilog/SystemVerilog 开发可综合 RTL，实现片上测试、监控与诊断模块——测试控制器、时序控制逻辑、测量与比对逻辑、故障检测与报告逻辑，并撰写相应设计文档。
2.  寄存器与总线接口设计 —— 构建结构清晰的寄存器组及总线接口（APB / AHB / AXI-Lite），支持固件配置 IP 并回读状态。
3.  验证与调试 —— 制定模块级验证计划，搭建含断言与检查器的测试平台，执行仿真，分析覆盖率，并通过波形分析定位问题。
4.  设计流程与协作 —— 参与逻辑综合、静态时序分析与形式验证；与模拟/混合信号、DFT 及 SoC 集成团队协作，将模拟故障模式转化为数字检测逻辑。

任职要求：
1.  教育背景 —— 电气工程、微电子、计算机工程或相关专业本科及以上学历，2026 / 2027 届毕业生。
2.  数字基础与 RTL —— 具备扎实的数字设计基础（状态机设计、数据通路设计、建立/保持时序、复位策略、时钟域）；熟练掌握 Verilog/SystemVerilog 及常用仿真工具。
3.  流程与协议 —— 熟悉 ASIC 设计流程，理解逻辑综合、静态时序分析与形式验证的基本概念；至少理解 APB / AHB / AXI-Lite 之一的信号与时序细节。
4.  编程与素质 —— 熟练掌握 C/C++，能使用 C 对硬件建模并进行协同仿真；学习能力强，技术表达清晰。

截止日期：2027年07月23日
招聘人数：2人",Verilog C++ RTL SystemVerilog APB AHB AXI-Lite IP,https://www.liepin.com/lptjob/84357551
北方华创微电子-算法工程师（博士）-2027校园招聘(J16417),电子/半导体/集成电路10000人以上,25-35k,北京-大兴区,北京,博士,应届,7月22日更新,liepin,"职责描述：
1.机理建模与算法研发：面向工业复杂过程，构建高精度机理模型、激励响应模型等，完成过程机理抽象与偏微分方程（PDE）建模；
2.智能仿真与快速求解：研究并实现多物理场耦合PDE的快速求解、参数化预测、降阶建模与实时仿真；探索数据-机理融合的技术方法在工业仿真、控制、优化等领域的前沿应用场景储备；
3.工程交付与边缘部署：完成模型轻量化、推理加速与边缘部署，支撑工业在线仿真、前馈控制、工艺优化与智能决策；支持算法模型在工业为主的具体应用场景中的可靠交付落地；
4.平台开发与产品思维：参与机器学习/深度学习方法在科学计算方向的计算引擎及平台开发；具备一定的产品抽象思维和研发经历，推动算法成果向可复用、可扩展的平台能力转化；
5.调度算法与系统开发：参与半导体制造等设备调度需求分析，设计调度算法及系统模块架构；负责调度系统功能开发与维护，包括代码编写、系统集成及性能调优，提升系统响应速度和资源利用率；执行系统测试、缺陷修复，保障系统稳定运行，并撰写开发文档、用户手册及技术报告。
任职要求：
1.人工智能、运筹学、流体力学、应用数学、计算数学、计算机、自动化等相关专业，博士研究生学历应届毕业生；
2.扎实掌握偏微分方程（PDE）、数值解法、计算流体力学、传热传质学基础，具备工业过程机理建模能力；
3.熟练掌握PINN及其变体、FNO/神经算子方法，具备高维动态场预测、超分辨率重构、快速仿真经验；同时具备多物理场耦合建模与仿真经验，熟悉CFD/传热/传质/相变等仿真流程，能完成模型对标与误差分析；
4.熟练使用PyTorch/TensorFlow，掌握自动微分、梯度优化、数据集构建、模型训练与调试全流程；有工业过程建模+PINN/FNO实际项目落地经验，具备降阶模型、实时仿真、工业控制闭环经验者优先；
5.熟练掌握C#、Python、C++、Java中至少一种语言，编程基础扎实，代码规范良好；对设备调度系统有一定认知或浓厚兴趣，了解半导体制造基本流程及常见工艺设备者优先；
6.具备优秀的科研能力、算法抽象能力与工程化落地能力；良好的沟通协作能力，能独立分析并解决问题，乐于学习新技术，适应快速变化的技术环境；
7.特别优秀者，可适当放宽条件。

截止日期：2027年07月22日
招聘人数：10人",机器学习 深度学习 PyTorch TensorFlow C# Python C++ Java 需求分析,https://www.liepin.com/lptjob/84304141
软件工程师,新能源汽车已上市10000人以上,10-30k,深圳-坪山区,深圳,本科,应届,7月20日更新,liepin,"1. 负责全球化售后诊断系统项目系统核心功能迭代，开发海外本地化设计。
2. 专项优化系统性能、数据稳定性与网络安全防护。
3. 海外相关专项开发落地，保障海外售后市场的工具保障。
4. 法规专项设计，保障海外业务规格化。
5. 负责全球化售后诊断系统项目产品海外运维工作，包括产品维修、海外专项问题对接和开发、法规本地化运维。
6.负责排查、解决CAN\以太网诊断相关通信问题。
7.其他全球化售后诊断系统项目业务综合工作。

截止日期：2027年07月20日
招聘人数：25人",CAN,https://www.liepin.com/lptjob/84248495
2027应届生-多模态 VLA 算法工程师,互联网2000-5000人,20-30k,苏州,苏州,硕士,应届,7月16日更新,liepin,"职责描述:
1.	前沿模型研发与落地： 负责基于端到端学习的具身智能大模型（VLA / VA / WA）的算法设计、训练与调优，推动多模态大模型在多轴机械臂复杂操作任务中的落地。
2.	强化学习策略开发： 运用深度强化学习（DRL）与模仿学习（IL）算法，解决机械臂在非结构化环境下的灵巧操作、动态抓取、柔性装配等核心难题。
3.	仿真构建与 Sim2Real： 搭建并维护高保真的物理仿真环境（如 Isaac Sim, MuJoCo），设计合理的 Reward 机制与 Domain Randomization 策略，主导算法从仿真环境到真实机械臂的零样本/少样本迁移（Sim-to-Real）。
4.	数据流水线与飞轮建设： 协助搭建高效的机器人遥操作数据采集平台，设计高质量的数据处理和清洗 Pipeline，闭环提升动作生成模型的泛化能力。
5.	系统集成与部署： 将算法模型部署于边缘计算平台，优化模型推理效率，保障机械臂动作的实时性与安全性。 

任职资格:
1.	教育背景： 计算机、机器人、自动化、人工智能等相关专业硕士及以上学历。
2.	具身模型经验： 深入理解并有实战经验于 VA/VLA/WA 架构（如熟悉 RT-1/RT-2、OpenVLA、ACT、Diffusion Policy、World Models 等主流端到端操作模型）。
3.	强化学习功底： 具备扎实的强化学习理论基础，熟练掌握 PPO、SAC、TD3 等主流算法，有处理连续控制空间问题的丰富经验。
4.	代码与工程能力： 熟练掌握 PyTorch / JAX 等深度学习框架，具备优秀的 Python 和 C++ 编程能力；熟悉常用的机器人中间件（如 ROS/ROS2）。
5.	仿真与真机经验： 熟练使用至少一种主流机器人仿真器（Isaac Gym/Sim, MuJoCo, PyBullet, Sapiens 等）；有真实多轴协作机械臂（如 UR, Franka, xArm 等）的调试与 Sim2Real 成功部署经验。
6.	机器人学基础： 了解多轴机械臂的基础运动学（正逆解）、动力学以及轨迹规划算法。
加分项 
•	在机器人或AI领域会议（如 CoRL, ICRA, IROS, CVPR, NeurIPS, RSS）以第一作者发表过相关论文。
•	在开源社区（GitHub）有高 Star 的具身智能/强化学习相关开源项目贡献。
•	有灵巧手（Dexterous Hand）结合多轴机械臂的操作算法开发经验。
•	熟悉视觉基础模型（如 SAM, DINOv2）及其在机器人感知中的应用。""

截止日期：2027年07月16日
招聘人数：1人",大模型 Diffusion PyTorch 深度学习 Python C++ ROS ARM IPS Git 数据采集,https://www.liepin.com/lptjob/84194667
科学智能体开发工程师(J10625),人工智能2000-5000人,13-25k,北京-海淀区,北京,硕士,应届,7月16日更新,liepin,"职责描述：
1.负责科学智能体相关算法与系统的研发和工程实现； 
2.参与科研项目中的智能体应用开发、模型部署及迭代优化； 
3.跟踪人工智能和智能体领域前沿技术，开展技术调研与方案验证； 
4.参与科研项目实施，撰写技术报告、项目文档及汇报材料。 
任职要求：
1.计算机、人工智能、高能物理等相关专业硕士及以上学历，开发经验丰富者可适度放宽；
2.熟悉C/C++/Python任意一种语言、PyTorch等主流深度学习框架，具备较强的算法实现能力和数据结构功底；
3.熟悉各类Agent开发框架，具备AI Agent开发基础或相关项目经验者优先；
4.具备大模型应用开发、模型部署或系统集成经验者优先；
5.对AI for Science方向具有浓厚兴趣，具备相关研究或项目基础者优先；
6.具备自主查阅英文文献和资料的能力，具备良好的文字材料和PPT撰写能力；
7.责任心强，积极主动，有良好的沟通能力和团队合作能力。

截止日期：2027年07月16日
招聘人数：1人",C++ Python PyTorch 深度学习 大模型,https://www.liepin.com/lptjob/84189665
嵌入式系统工程师（在校兼职/实习）,矩阵感知(上海)技术有限公司,200-400元/天,上海-浦东新区,上海,本科,,7月16日更新,liepin,"关于我们

矩阵感知（上海）技术有限公司是一家专注于高精度SAR雷达的硬科技初创企业。我们的雷达产品聚焦地表形变沉降监测、结构健康监测等真实场景。团队核心成员在雷达系统、信号处理、嵌入式系统方向有深厚积累。

岗位职责

1. 基于高性能嵌入式 Linux 平台，完成多类型外设的用户态驱动开发与系统集成
2. 将现有前后端服务部署至边缘端设备，搭建本地局域网数据访问环境
3. 参与传感器数据预处理、标定及简单融合算法的工程实现

任职要求

硬性条件：
· 电子工程、电子信息、自动化、计算机、通信工程等相关专业在校本科生或研究生，2026 年暑假可在上海线下工作
· 曾带队参加全国大学生嵌入式芯片与系统设计竞赛并获奖（或同级别嵌入式系统竞赛，如 Intel 杯、ARM 相关赛事等）
· 熟练使用 Linux 用户态编程，掌握常用外设接口编程
· 具有良好的 C/C++ 编程能力

加分项：
· 独立搭建过嵌入式 Linux + 多外设的系统级项目
· 了解多传感器标定或数据融合的基本方法
· 熟悉 Docker 或类似容器化部署工具
· 在日常开发中熟练使用 AI 编程助手（如 Claude Code、Cursor、Copilot 等）
· 有边缘计算或物联网相关项目经验

为什么选择我们

独立负责：你不是来打杂的，你会直接负责一个完整的嵌入式模块，从方案到落地
技术密度：嵌入式 Linux + 多传感器 + 边缘计算，一次实习接触全栈嵌入式
直接带教：创始团队直接指导，你的问题就是公司的问题

工作信息
地点：上海（暑假优先线下）
类型：兼职/实习，每周至少 3 天
薪资：面议
福利：提供午餐补助；非上海高校学生提供住宿补贴


截止日期：2027年07月16日
招聘人数：1人",Linux ARM C++ Docker 容器化 Intel AI Claude,https://www.liepin.com/lptjob/84184337
RV核开发工程师,电子/半导体/集成电路战略融资2000-5000人,30-60k,武汉-江夏区,武汉,学历不限,应届,7月16日更新,liepin,"工作职责：
1、负责RISC-V处理器微架构的设计与实现‌：主导RV Core的微架构定义，包括流水线设计、分支预测、乱序执行、多核一致性等关键模块的RTL设计与优化，并编写相关的设计文档；
2、负责AI处理器核的微架构设计与RTL实现‌：主导或参与AI Core（NPU/TPU等）的计算单元、存储体系、指令集及控制单元的微架构定义、关键模块划分及RTL代码开发，以满足目标性能与功耗要求；
3、跟踪并预研下一代AI计算架构与指令集‌：密切关注稀疏计算、混合精度、动态形状、存内计算等前沿技术，评估其在AI Core设计中的应用潜力，参与新架构的原型设计与技术储备；
4、跟踪并研究RISC-V生态与前沿技术‌：密切关注RISC-V国际基金会的最新指令集扩展（如向量扩展RVV、虚拟化、安全扩展等）、开源项目（如C910、BOOM）及行业应用趋势，评估并引入先进技术；
5、负责性能与功耗的协同优化‌：对处理器核心进行性能分析、功耗建模与优化，在满足PPA（性能、功耗、面积）目标的前提下，持续提升能效比；
6、支持SoC系统集成与系统软件栈开发‌：协助完成RV Core在SoC中的集成，与系统软件团队协作，支持启动引导程序（Bootloader）、操作系统移植及工具链（如GCC/LLVM）的适配与优化。
任职要求：
1、在业界顶配专家导师团队的指导下，参与核心智算产品和无线产品自研芯片的设计、开发及交付全流程；
2、负责 RV  core IP产品的业界调研与竞争力分析，跟踪业界前沿 技术；
3、负责架构方案设计、RTL 代码设计、验证及硬件调试；
4、协助系统工程师完成需求分析和系统设计。

截止日期：2027年07月16日
招聘人数：1人",原型设计 方案设计 需求分析 Core NPU BOOM Bootloader LLVM,https://www.liepin.com/lptjob/84183569
TPS(RPS/GPS/PSE/FSE) 研发工程师,电子/半导体/集成电路D轮及以上1000-2000人,10-30k,无锡-梁溪区,无锡,本科,应届,7月31日更新,liepin,"本司（SGS盛吉盛）为国内知名具有竞争力的半导体设备公司：
诚聘设备公司（设备研发）核心岗位 TPS(RPS/GPS/PSE/FSE) 工程师
主要工作地点：无锡、绍兴、宁波等，根据公司需求会适当出差。

核心职责：
      作为研发-设计-制造-客户端的桥梁，进行设备产品从研发到客户端应用的全流程技术支持和协助。

· 设备早期研发协助：运用丰富的应用经验以及现场积累，参与新项目研发，协助优化设备设计/参数等。
· 客户端现场支持：对现场提供设备调试、故障排除、维修等技术支持，收集并反馈推动改进CIP。
· 参与工艺与系统测试、CIP项目、Demo项目DOE：支持实验室&工艺部门调试开发、系统集成测试及新产品特性测试、CIP、Demo相关测试。
· 文档与知识沉淀：支持编撰和完善产品手册、标准作业程序（SOP）等技术文档。
· 用专业和敬业等属性获得客户认可以及信任，以公司利益为根本，客户满意为目标，找寻到公司和客户都可接受的平衡点。

招聘需求：
1 、教育背景及专业要求： 
①. 主流院校本科及以上（不含专升本）。
②. 微电子、物理、机械、电气、化工、材料等半导体芯片相关理工科专业。

2、工作经验及专业知识要求：
①. 优秀应届生，或3~5年主流半导体Fab薄膜/刻蚀部 设备/工艺经验，或主流薄膜/刻蚀设备厂商 设备/工艺经验。
②. 优先项：AMAT 8寸薄膜设备/工艺经验，或主流薄膜/刻蚀设备厂商TPS工作经历。
③. 作为甲方或乙方深度参与过设备安装-调试-交付-维保项目，熟悉Fab工厂流程；熟悉新设备导入Fab工厂流程。
④. 熟悉设备真空系统/射频系统/水电气系统以及辅机系统/厂务系统等，丰富的研发&量产设备现场Trouble-shooting经验。
⑤. 丰富的文档处理经验：one page report / 8D report等撰写；SOP / Manual等撰写。
⑥. 有参与过工艺与系统测试、CIP项目、Demo项目DOE等。
⑦. 具备岗位需求的英文能力。

3、通用能力要求：
①. 基础知识扎实，动手能力强，热衷技术，有原生的探索欲，能在解决问题中找寻到乐趣以及成就感。
②. 优秀的沟通能力和意愿，能够通过共情和共赢等途径帮助团队实现目标。
③. 有一定抗压能力，面对困难和挑战，表现出沉稳乐观自信并且积极应对。
④. 如果团队需要，愿意适当加班或者出差。
⑤. 忠诚、正直，勇敢并且行有所止。


 

截止日期：2027年07月29日
招聘人数：3人",GPS 技术支持 技术文档 TPS RPS PSE FSE CIP,https://www.liepin.com/lptjob/84550041
项目经理实习,江苏澄微知著智能科技有限公司,100-150元/天,无锡-梁溪区,无锡,本科,,7月16日更新,liepin,"1、协助项目经理跟进各类信息化、计算机软件、系统集成、数字化改造等 IT 项目全流程，配合完成项目启动、执行、落地、验收全周期管理工作。
2、负责项目日常资料整理归档，包括项目方案、需求文档、进度报表、会议纪要、验收资料等，搭建规范的项目资料体系。
3、跟进项目开发进度，对接技术开发、测试、产品及客户多方人员，同步项目进度、反馈问题、协调基础工作，保障项目有序推进。
4、协助开展项目需求梳理、需求核对工作，整理用户需求，配合完成需求评审、方案落地对接，记录项目过程中的问题及整改情况。
5、负责项目日常数据统计、进度更新，定期输出项目周报、月报，汇总项目执行情况、风险点及推进计划。
6、协助完成项目招投标材料、立项材料、汇报材料的整理与编制，配合完成客户对接、项目验收、复盘总结等工作。
7、完成项目经理交办的其他信息化项目相关辅助工作。

截止日期：2027年07月16日
招聘人数：1人",招投标 IT,https://www.liepin.com/lptjob/84178377
设计实习生,天津瑞渤自动化设备有限公司,200-250元/天,天津-滨海新区,天津,本科,,7月16日更新,liepin,"一、 职位概述

职位名称： 设计实习生（视觉与三维方向）

工作地点： 天津

工作性质： 全职实习（每周至少4天），实习期6-12个月

转正机会： 表现优异者可获正式录用Offer

二、 公司简介

天津瑞渤自动化设备有限公司是一家专注于楼宇自控设备研发、生产与系统集成的科技型企业。公司深耕行业多年，产品及解决方案主要面向生物医药研发企业、制药生产企业、电子洁净厂房等对生产环境有严格要求的客户群体，致力于为客户提供高精度、高稳定性的环境控制与监测设备。

公司设计部门承担产品外观形象、品牌视觉传达及市场宣传材料的创意输出工作，目前正处在视觉体系升级阶段，可为实习生提供从概念创意到商业落地的完整实践机会。团队氛围务实、开放。

三、 岗位职责

平面设计支持： 协助完成公司产品宣传册、技术白皮书配图、展会海报、社交媒体推广图等平面物料的设计与排版工作。

三维渲染协助： 在导师指导下，对公司楼宇自控设备（如控制器、传感器、操作面板等）进行三维建模与场景渲染，输出用于产品手册和网站展示的效果图。

视频内容辅助： 协助完成产品介绍视频、安装演示动画的素材整理、粗剪、字幕添加及基础包装制作。

设计规范维护： 协助整理与更新公司设计素材库，包括产品模型资产、图标库及宣传模板归档，提升团队协作效率。

项目跟单与复盘： 参与项目从需求沟通到成稿交付的全流程，协助完成意见收集与修改记录整理。

四、 任职要求

（一） 技能基础

平面/视觉基础：熟练掌握Photoshop、Illustrator等基础设计工具，具备良好的版式构图与色彩搭配能力。

三维软件基础： 掌握Rihno, Cinema 4D或其他相关软件的基本操作（建模、材质、灯光、渲染）。

视频处理基础： 掌握至少一种视频处理软件的基本操作，能完成简单的剪辑、转场及文字包装。

（二） 专业与学历要求（满足其一即可）

在读本科或研究生，专业方向包括但不限于：

工业设计（产品外观/结构可视化方向）

视觉传达 / 平面设计

数字媒体设计 / 交互设计

动画 / 影视后期相关专业

能够保证6-12个月的连续实习时间，每周到岗不少于4天。2026年及以后毕业者优先，应届毕业生亦可考虑（需确保实习期间能全职到岗）。

（三） 综合素质

具备较强的学习能力与自驱力，愿意主动钻研新工具与设计趋势。

做事细致、有责任心，能按时完成导师布置的任务并及时反馈进度。

善于沟通，能够清晰表达设计想法，虚心接受修改建议。

投递时必须附上个人作品集（课程作业、个人练习、社团项目均可，重在展示审美与软件操作熟练度）。

五、 加分项

有工业设备、科技产品类设计经验或相关练习作品。

有使用Midjourney / Stable Diffusion等AIGC工具辅助创意发想的经验。

具备手绘或板绘基础，能快速输出创意草图。

了解楼宇自动化或工业控制领域基础知识者优先。

六、 实习收获

深度项目历练： 6-12个月的长期实习，将完整参与品牌视觉升级从0到1的全过程，积累丰富的商业作品集素材。

产品设计经验： 公司有专业的产品设计分工及团队组员，可体验沉浸式产品开发过程，体验产品立项到落地全过程。

实习待遇： 日工资200起（技能丰富着可增加） + 餐补/交通补贴。

转正通道： 实习期满且考核通过者，可提前锁定正式岗位。

截止日期：2026年12月31日
招聘人数：1人",Diffusion AIGC 产品设计 Cinema Stable,https://www.liepin.com/lptjob/84175505
VLA研究员（博士后研究员）(J10101),浙江有鹿机器人科技有限公司,30-50k·14薪,杭州,杭州,博士,应届,7月16日更新,liepin,"职责描述：
岗位定位
本岗位面向末端配送、社区服务等真实开放场景中的机器人接触作业需求，聚焦具身智能、人机共融、力觉遥操作与共享自治等关键技术，开展从硬件系统、力觉映射、控制算法到真实机器人部署验证的全链路研究。
研究目标是构建面向开放场景的安全、可学习、可演化的遥操作-自主融合系统，使机器人不仅能够“看见环境”，更能够“安全接触世界”，并通过人在环数据持续提升自主能力。
岗位职责
开展具身智能、机器人遥操作、力觉反馈、人机共融等方向的前沿研究；
设计并实现双边控制、力觉映射、共享自治、人在环学习等核心算法；
基于公司双臂移动机器人平台完成真实场景系统集成和实验验证；
建设具备科研价值和工程复用价值的数据集、工具链或原型系统；
发表高水平论文，申请发明专利，参与博士后基金、浙江省项目及企业联合项目申报；
与高校、实验室及公司工程团队协同推进技术落地和产品迭代。
任职要求：
基本条件：
已获得或即将获得计算机、自动化、机器人、机械电子、人工智能等相关专业博士学位；
具备机器人系统、具身智能、控制算法、机器学习或多模态感知相关研究基础；
熟练掌握C++/Python，具备良好的算法实现、系统调试和实验设计能力；
能够独立开展科研工作，完成从问题定义、算法设计、系统实现到论文撰写的完整闭环。
优先条件：
有机器人遥操作、双边控制、力觉反馈、Haptic Device、ROS2、dVRK等开发经验；
熟悉模仿学习、强化学习、VLA模型、多模态策略学习或人在环学习；
具备六维力传感器融合、接触动力学建模、力控或阻抗控制经验；
有真实机器人平台部署、嵌入式实时控制或机器人中间件开发经验；
在RSS、CoRL、ICRA、IROS、T-RO、IJRR、CHI等会议或期刊发表过相关论文者优先。
平台支持
提供真实双臂移动机器人平台、力觉传感系统、实验场地和边缘计算资源；
支持申报中国博士后科学基金、浙江省博士后择优资助、国家博新计划等；
支持国际顶会投稿、差旅交流、专利申请和成果转化；
出站优秀者可优先进入公司核心技术岗位、技术负责人通道或联合实验室科研岗位；
对具备产业化潜力的成果，提供产品落地、转化奖励和孵化支持。

截止日期：2027年07月16日
招聘人数：2人",机器学习 C++ Python ROS 专利 产品迭代,https://www.liepin.com/lptjob/84170923
运动规控算法工程师（应届）,人工智能100-499人,13-18k,合肥-包河区,合肥,硕士,应届,7月30日更新,liepin,"岗位职责：
1、负责机器人运动控制算法的研发与优化，包括多轴轨迹规划、强化学习、力控算法设计等；
2、针对多自由度的机器人控制系统，设计高精度、高实时性的运动控制方案，并实现算法代码的工程化落地；
3、研究机器人运动学与动力学建模方法，结合传感器实现闭环控制；
4、系统集成与部署
4.1基于ROS/ROS2搭建机械臂控制软件框架,完成算法在仿真环境(Gazebo、Isaac Sim、MuJoCo等)与真实硬件平台的部署验证;
4.2协同硬件、嵌入式及感知团队，完成控制系统与视觉伺服、力觉反馈的融合调试,解决Sim2Real落地问题;
5.跟踪并落地先进控制算法(如MPC、ADRC、自适应控制)或AI驱动控制(深度强化学习PPO/SAC等),持续提升系统性能;

任职资格：
1. 硕士及以上学历，计算机、自动化、人工智能、控制工程等相关专业；优秀应届毕业生亦可；
2. 具备扎实的算法基础；



关键词：运动控制、强化学习




截止日期：2027年07月01日
招聘人数：2人",ROS Gazebo Isaac Sim ADRC,https://www.liepin.com/lptjob/84170117
全球采购中心-海外采购中心校招补录26届,整车制造10000人以上,6-10k·13薪,芜湖-鸠江区,,本科,应届,7月15日更新,liepin,"岗位职责：
1、专业采购方向：底盘/车身/内饰/外饰/动力总成/系统集成/数字化/电子电器/新能源采购模块
①乘用车车身部件品类零部件的采购及商务工作；
②供应商资源的开发导入、布点定点、样件资源跟进、成本分析及管理、资源保障拉动等工作；
③开展年度商务谈判、推进VAVE成本结构改善、资源保障、供应商日常管理等；
④核心配套体系建立及资源规划，优化供应商体系及资源库，与供应商建立良好合作伙伴关系；
⑤协同质量部门对重点零部件进行质量改进、降低0KM PPM、IPTV、索赔和质量成本等工作；参与供应商绩效考核及供应商淘汰等。
2、采购管理方向：供应商管理/资源管理/体系运营
①供应链体系流程梳理及优化、向采购数字化转型；
②合理安排每日工作计划，能和生产部门、物流部门、销售部门紧密沟通，保障零部件资源的准时和合理交付；
③负责与采购专业模块对接，评估供应商产能风险，并推动管理改善等
3、国际项目采购：在专业采购&采购管理轮岗培养成熟后，未来会给予外派机会，负责海外本地化采购管理工作

专业要求：
机械设计制造及自动化、电气工程及其自动化、车辆工程、电子、材料成型及控制工程、自动化、软件工程、法语、西班牙语、阿拉伯语、葡萄牙语等

截止日期：2027年07月15日
招聘人数：10人",采购 商务谈判 供应链 PPM IPTV,https://www.liepin.com/lptjob/84155355
磁共振系统工程师实习生,美的医疗,150-200元/天,苏州-虎丘区,苏州,本科,,7月15日更新,liepin,"【工作内容】
1.MRI BAY管理（包含：BAY使用管理、BAY基础校准/安装，BAY 5S）
2.协助系统工程师进行新产品开发阶段系统集成
3.协助系统工程师执行部分测试验证，测试数据分析
4.协助系统工程师执行部分产品问题调研

【任职要求】
1.学习过电路、模拟电路、数字电路等基础知识
2.学习过电磁场，对电磁场有基本认识
3.有matlab或AI使用经验优先
4.工作勤恳认真

【学历及专业要求】
本科大三及以上，理工类专业，生物医学工程/电子科学与技术/电气自动化等专业优先
 

截止日期：2027年07月15日
招聘人数：1人",MATLAB 数据分析 MRI BAY,https://www.liepin.com/lptjob/84139107
医学影像销售管培生,上海影禾医脉智能科技有限公司,4-6k,南昌-高新区,南昌,本科,应届,7月14日更新,liepin,"岗位介绍（南昌、西安）
本岗位为公司核心销售管培生培养岗，定向面向应届生招募，无需医疗行业经验、无需现成客户资源。公司提供全套带薪培训+一对一资深销售带教，从零培养AI医学影像赛道销售人才。培养期内以学习、协助、落地实战为主，循序渐进掌握医院客户开发、AI影像平台、数据集成、云胶片创新业务模式，考核达标后转正为正式销售，独立负责区域业务，拥有清晰晋升通道。
岗位职责
1. 学习深耕AI智慧医学影像赛道，系统掌握公司核心产品：以数据能力为核心、AI基础建设为支撑的医院影像集成平台、AI研发工具等产品体系，理解医院影像数字化、智能化升级的业务价值与落地场景。
2. 跟随带教导师参与区域目标医院、合作渠道的拜访与对接，协助维护客户关系，学习精准挖掘医院影像数据治理、AI辅助诊断、系统集成、数字化转型等核心需求。
3. 学习掌握云胶片、创新耗材等轻量化创新付费业务模式，协助团队完成商务沟通、方案对接、资料输出、项目跟进等全流程工作，配合团队完成销售、验收、回款等核心目标。
4. 负责收集整理医院客户使用反馈、产品痛点、行业动态及竞品信息，同步销售与研发团队，助力产品迭代和服务优化；定期做好个人工作复盘，快速沉淀行业与销售能力。
5. 参与公司销售培训、产品培训、行业知识培训，阶段性承接基础销售工作，逐步实现从协助执行到独立对接客户、运作小型项目的成长过渡。
任职要求
1. 本科及以上学历，2026应届毕业生，医学影像、生物医学工程、医疗器械、计算机、市场营销、工商管理等相关专业优先，专业优秀者可放宽。
2. 对医疗AI、智慧医疗、医学影像信息化赛道有浓厚兴趣，愿意长期深耕ToB医疗销售领域。
3. 沟通表达清晰、逻辑思维良好，具备较强的学习能力、执行力、抗压能力和责任心。
4. 心态踏实积极，善于复盘总结、正视工作挫折，遇到问题主动沟通、主动寻求解决方案。
5. 可接受区域短期出差、客户外勤拜访，无销售经验、无渠道资源均可培养。
6. 有医疗行业实习、政企学生干部经历、校园社团经验者优先。
 

截止日期：2027年07月14日
招聘人数：2人",培训 数据治理 产品迭代,https://www.liepin.com/lptjob/84123315
激光器种子源研发实习生,险峰(K2VC),250-300元/天,上海-闵行区,上海,硕士,,7月14日更新,liepin,"*险峰投资的头部量子计算创业企业，由带教老师指导参与窄线宽光纤激光器种子源研发工作。面向2027年毕业生，需要每周出勤5天，持续实习3个月以上。

岗位名称：光学工程师
所属部门：研发部
汇报对象：首席工程师
工作地点：上海

一、岗位核心定位
参与超窄线宽（KHZ级别）、单频、多波段（1.5um、1.9um等）光纤激光器种子源的研发、设计、测试及产品化落地，参与基于DFBG（分布式光纤布拉格光栅）为主或环形腔的技术方案研发，对标频准等行业标杆单位，聚焦产品化实现，确保研发成果可转化、可量产，支撑公司光纤激光器核心产品竞争力提升。

二、核心岗位职责
· 参与超窄线宽（KHZ级别）、单频光纤激光器种子源的全流程研发工作，重点攻克1.5um、1.9um等多波段种子源的技术难点，明确技术路线，完成方案设计、光学建模、样品制作及性能优化。
· 聚焦产品化导向，优先采用DFBG技术方案，兼顾环形腔方案的可行性研究与优化，确保研发方案符合量产需求，平衡性能、成本、可靠性及工艺可实现性。
· 对标频准等单位的种子源技术水平，开展技术对标分析，吸收先进技术经验，优化产品方案，提升产品核心指标。
· 参与种子源相关光学器件（如DFBG光栅、耦合器、隔离器等）的选型、测试与验证，搭建光学测试平台，完成线宽、功率、波长稳定性、噪声等核心参数的测试与标定，输出测试报告并推动设计迭代。
· 参与种子源研发成果的产品化转化，配合工艺、生产部门完成量产工艺制定、生产线调试及量产过程中的技术支持，解决量产过程中的技术难题。
· 参与撰写种子源相关技术文档、专利、研发报告，跟踪光纤激光器种子源领域前沿技术（如窄线宽压窄技术、多波段拓展技术等），开展技术预研与创新。
· 配合跨部门（电子、机械、工艺）协作，参与光纤激光器系统集成相关技术对接，确保种子源与系统其他模块的适配性；参与技术交流、客户需求对接，提供种子源相关技术支持。

三、任职要求
（一）学历与专业
1. 2027年毕业，硕士及以上在读学生，光学工程、光信息科学与技术、光电信息工程、物理（光学方向）、电子科学与技术等相关专业，硕士及以上学历优先。
2. 具备扎实的光纤光学、激光原理、非线性光学、光纤光栅（DFBG）等相关专业知识，熟悉单频、窄线宽激光器的工作原理及技术要点。

（二）工作经验
1. 有激光器种子源研发项目/实习经验，有超窄线宽（KHZ级别）、单频种子源研发经验者优先，有DFBG或环形腔方案研发经验者重点考虑（偏向产品化）。
2. 有产品化导向研发经验思维，参与过种子源从研发到量产转化过程者优先；了解频准、瀚宇等单位种子源产品，或熟悉相关产品化技术路线者优先。
3. 具备相关方向（窄线宽激光器）课题研究、实习经验，有扎实的理论基础和实践能力。

（三）专业技能
1. 熟练掌握光纤激光器种子源的设计方法，能够独立完成选型或制备DFBG方案/环形腔方案的设计等、仿真与优化，熟悉多波段（1.5um、1.9um等）种子源的技术难点及解决方案。
2. 熟练使用至少1-2种光学仿真软件（如Zemax、RSoft、OptiSystem、RP Fiber Power等），能够完成光学建模、性能仿真及参数优化。
3. 具备扎实的实验操作能力，能够搭建光学测试平台，熟练操作光谱仪、OTDR、光功率计、偏振分析仪、相位噪声分析仪等测试设备，完成种子源核心参数的测试与分析。
4. 了解光纤器件（DFBG光栅、耦合器、隔离器等）的选型标准及应用场景，熟悉种子源量产工艺要点者优先。
5. 具备一定的编程能力（Matlab/Python优先），能够完成数据处理、仿真脚本编写及测试自动化相关工作者优先。

四、薪酬福利
福利：优秀的科研工作环境（公司研发人员有国外/国内头部院校团队）、五险一金、实习宿舍、带薪年假、节日福利、定期体检、研发补贴、带薪培训、员工团建等；

截止日期：2027年07月14日
招聘人数：1人",分布式 MATLAB Python 技术方案 方案设计 技术支持 技术文档 专利 培训,https://www.liepin.com/lptjob/84122071
嵌入式软件开发（23-25届应届可投）,电子/半导体/集成电路2000-5000人,20-30k·16薪,深圳-宝安区,深圳,本科,应届,7月22日更新,liepin,"岗位职责
1. 无线音频系统开发（BT/BLE/WIFI）
基于主流三方蓝牙芯片平台（恒玄BES/矩芯/物奇/瑞昱Realtek等）进行系统架构设计与开发
负责蓝牙音频SoC的BSP层开发，包括芯片Bring-up、外设驱动、电源管理、低功耗优化
实现BT/BLE双模产品的无线连接管理，包括TWS主从切换、多设备连接、跨协议共存策略
开发WIFI音频产品（WiFi音箱/睡眠音箱）的网络协议栈适配，实现AirPlay/DLNA/QPlay等流媒体协议集成
负责OTA升级方案设计与实现，保障无线音频产品的持续迭代能力

2. 音频系统架构与体验优化
设计端到端音频Pipeline，优化采集-处理-播放全链路的延迟与功耗
基于芯片原厂提供的协议栈接口，实现A2DP/AVRCP/HFP/LE Audio等Profile的应用层开发与体验调优
开发音频路由、混音、声道管理框架，支持TWS/OWS/头戴/助听等多形态产品的差异化音频需求
与声学团队协作完成ANC主动降噪、ENC通话降噪、空间音频等算法的系统集成与效果优化
负责睡眠监测算法的嵌入式开发与优化，包括体动检测、睡眠分期（清醒/浅睡/深睡/REM）、呼吸监测

3. DFX与可服务性设计
设计并实现DFX系统，包括离线日志系统、异常监控、关键路径追踪，支撑量产问题的快速定位
开发调试诊断工具链，支持工厂产测、售后问题复现与远程诊断
建立软件版本管理与可追溯机制，保障多项目并行交付的质量可控

4. 产品化交付与技术沉淀
与ODM/IDH团队协作，完成基于三方芯片方案的软件集成与质量把控
建立无线音频领域的软件checklist与验收标准，推动跨项目技术复用
参与芯片平台选型评估，从技术可行性、交付风险、供应商能力等维度输出决策依据

任职要求
1.本科及以上学历，计算机/电子/通信等相关专业，（2023-2025届应届大学生可投递）
2.精通C/C++，具备扎实的嵌入式系统架构设计能力，有TWS/OWS/头戴耳机/音箱等量产项目经验。

截止日期：2027年07月13日
招聘人数：10人",WiFi LTE C++ 方案设计 版本管理 BT BLE WIFI,https://www.liepin.com/lptjob/84092235
AI芯片设计工程师,数智起点(上海)科技有限公司,10-25k,成都-高新区,成都,本科,应届,7月13日更新,liepin,"岗位职责
1. 参与AI芯片整体总线架构、算力阵列互联架构的需求梳理、方案评估与架构设计，结合AI推理/训练场景优化芯片片上互联体系。
2. 负责AI芯片片上总线、算力模块互联微架构设计，完成架构方案迭代、模块功能定义，输出完整、规范的芯片设计文档、技术方案文档。
3. 主导AI芯片总线IP、算力互联IP的参数配置、RTL代码实现、前端设计自查、预综合、模块集成与系统集成工作，全程支撑芯片功能验证、联调与问题调试，保障模块功能合规、时序稳定。
4. 负责AI芯片全阶段性能评估与优化分析，涵盖ESL系统建模仿真、EDA功能与时序仿真、FPGA原型验证等场景，针对AI算力吞吐、延迟、带宽、功耗等核心指标进行分析，精准定位设计瓶颈与各类技术问题并推动闭环解决。
岗位要求
1. 本科及以上学历，计算机、微电子、电子工程、集成电路、人工智能等相关专业。
2. 熟悉AI芯片架构、计算机体系结构，精通AMBA系列总线协议（APB/AHB/AXI/ACE/CHI），熟悉AI芯片片上互联、算力阵列调度、数据流转机制。
3. 具备主流商用总线IP或AI芯片互联IP开发、集成经验，熟练使用Arteris FlexNoC、ARM NIC/NI700/CMN等任意一种及以上商用IP，有AI芯片量产或流片项目经验者优先。
4. 具备扎实的数字IC设计功底，拥有完整的AI芯片或高端SOC芯片项目开发经验，熟练掌握Lint、CDC、VCS、Verdi、SYN、STA等全套EDA设计与仿真工具，熟悉芯片前端设计、时序收敛、缺陷排查全流程。
5. 具备优秀的自主学习能力、问题分析与攻坚能力，工作严谨负责，拥有良好的跨部门沟通能力、团队协作意识，能高效推进项目迭代落地。
6. 具备AI芯片性能建模、总线带宽优化、ESL性能仿真、AI算力系统性能分析相关经验者优先。

截止日期：2027年07月13日
招聘人数：1人",FPGA ARM 技术方案 合规 APB AHB AXI ACE,https://www.liepin.com/lptjob/84088431
网络工程师实习生（27届）,安硕星华(上海)信息技术有限公司,100-150元/天,泰州-海陵区,泰州,本科,,7月10日更新,liepin,"接受27届网络工程、通信工程相关专业实习生
职位描述
1、负责产品的技术支持工作；
2、为渠道和客户提供产品培训；
3、根据客户的需求，编写测试方案和技术方案；
4、支持销售人员配置产品；
5、独立完成客户的PoC测试，并完成测试报告；
任职要求：
1、有网络相关技术支持工作经验，网络工程、通信工程相关专业优先，金融项目实施经验优先，接受应届毕业生；
2、有数据通信领域从事通信产品营销、售前技术支持、方案规划等工作经验；有重大项目规划及支持经验者优先；
3、熟悉主流的网络产品，如路由和交换，防火墙、VPN，代理服务器、广域网加速等；
4、良好的思维能力、表达能力、信息收集及分析能力、资料撰写能力，良好的成就导向、组织策划、协调推动能力；
5、具备网络知识和网络通信协议（主要是TCP/IP）基础；熟悉系统集成技术和常用网络设备。
6、具备抗压能力和适应能力，使用互联网企业文化，能够对快速变化的环境进行合理应对；
7、能够适应出差和高强度工作。

截止日期：2027年07月09日
招聘人数：1人",防火墙 TCP/IP 技术支持 培训 技术方案 VPN IP,https://www.liepin.com/lptjob/84032907
无人机系统工程师（实习）(J11406),广州极飞科技股份有限公司,180-200元/天,广州-天河区,广州,本科,,7月9日更新,liepin,"职责描述：
1. 协助开展无人机产品研发阶段的设计验证、系统集成、试产落地推进等研发类技术实施工作；
2. 搭建、维护产品设计验证流程闭环，通过各类试验验证完成产品设计校验，落地研发闭环管理；
3. 配合研发团队完成样机调试、装配测试及相关技术文档整理；
4. 完成上级工程师交办的其他研发辅助类工作。
任职要求：
1. 理工科相关专业，掌握空气动力学、飞行器结构、力学强度、自动控制、电气电路等专业基础知识；
2. 具备基础无人机实操经验，熟悉无人机整机装配、地面调试及飞行测试流程；
3. 逻辑清晰，具备良好的沟通表达、倾听理解能力，能高效跨团队协同配合；
4. 做事严谨负责，愿意深耕无人机系统研发方向，能稳定出勤实习优先。

截止日期：2027年07月09日
招聘人数：2人",产品设计 技术文档,https://www.liepin.com/lptjob/84030417
北方华创微电子-机械工程师（博士）-2027校园招聘(J15892),电子/半导体/集成电路10000人以上,20-35k,北京-大兴区,北京,博士,应届,7月9日更新,liepin,"职责描述：
聚焦半导体精密装备核心机械系统研发，专注精密结构设计、多物理场仿真优化及配套材料适配研发，保障设备高精度、高稳定性运行，核心职责如下：
1. 精密传输与减振结构研发：负责半导体设备高精度传输系统、减振结构的方案设计、力学仿真、结构优化及落地验证，匹配半导体精密制程的超高精度、高稳定性工况要求；
2. 流体多场耦合仿真分析：针对设备运行工况，开展气、液、热多场耦合下的流场建模、仿真分析与结构优化，为结构迭代提供数据与理论支撑；
3. 半导体设备整机结构研发：独立完成半导体精密设备整机结构设计、模块化搭建、系统集成与性能测试，完成研发平台搭建与调试，实现设备结构精密化、集成化升级；
4. 配套材料应用研发：根据设备核心零部件使用场景，针对性开展树脂、金属、非金属材料的选型、性能优化与工艺适配，通过材料改良提升机械结构的耐用性、精密性与环境适应性。
任职要求：
1.机械工程、流体力学、材料工程等相关专业，具备精密机械、装备仿真相关扎实理论基础；
2. 具备完整的精密机械结构正向研发项目经验，精通CAD、SolidWorks、Ansys等设计与仿真软件，可独立完成复杂精密机械系统的设计、仿真、优化与落地；
3. 拥有精密传输系统设计、半导体设备整机平台搭建相关项目经历，熟悉精密装备结构设计逻辑与行业技术标准；
4. 具备气/液/热多场耦合仿真实战经验，可将仿真技术与设备机械结构设计、工况优化深度结合；
5. 有树脂、金属及非金属材料机械适配、性能改性与工程应用研发经验，可结合结构需求完成材料优化落地；
6. 严谨细致、精益求精，具备较强的技术创新、问题攻坚能力与持续学习意识，深耕精密机械研发领域；
7. 特别优秀者可放宽要求。

截止日期：2027年07月09日
招聘人数：1人",方案设计 性能测试 SolidWorks,https://www.liepin.com/lptjob/84021385
硬件工程师,信而泰科技,10-15k,北京-海淀区,北京,硕士,应届,7月7日更新,liepin,"岗位职责：
1、根据产品需求和系统规格，主力参与硬件系统方案和需求规格设计分解，整机结构、热、供电、单板、控制等子系统设计划分；
2、主导模数混合类复杂单板关键器件选型论证、硬件详细设计和原理图开发，并对板级结构、热、PCB设计开发进行把关；
3、负责协同软件、逻辑等领域，组织硬件系统调试、单元测试、专业实验验证，主导疑难硬件问题分析解决；
4、负责单板BOM设计，组织协同物料采购、单板试制、整机试装、小批量加工、系统集成验证、认证计量等硬件相关工作；
任职安全：
1、本科及以上学历；电子、通信工程、计算机、测控仪器、集成电路等相关专业；
2、模数混合产品硬件开发经验，熟悉FPGA、ADC/DAC、时钟、CPU、DDR、电源、高速Serdes、网络接口、触摸屏等电路设计，并具有量产成功经验；
3、熟悉硬件整机结构、热、电源设计要求，具备模拟和高速信号完整性设计、EMC/安规、可测试性设计把关的能力；
4、具有丰富的单板硬件调测经验和跨硬件、软件、逻辑领域复杂问题解决能力的优先；
5、具有射频微波电路设计、链路仿真、微组装工程等设计开发调测经验的优先；
6、具有信号源、频谱仪、网络分析仪、示波器、误码仪、AWG等仪器仪表产品研发经验的优先；
7、具备较强的组织管理能力和硬件端到端跨领域协作能力，具备较好的抗压能力；

截止日期：2027年07月06日
招聘人数：1人",FPGA 采购 ADC DAC CPU DDR EMC,https://www.liepin.com/lptjob/83933261
AI工程师－实习生,机械/设备100-499人,5-6k,苏州-工业园区,苏州,本科,应届,7月13日更新,liepin,"岗位关键工作职责 Key tasks/responsibilities of the position

1. AI模型研发与优化：负责机器视觉及机器学习等算法研究、设计与开发，解决生产中具体问题，如缺陷检测；

2. 算法落地与系统集成：将训练好的AI模型部署到工业现场，与现有的生产线、PLC、SCADA或MES系统对接，确保算法稳定高效运行；

3. 数据处理与特征工程：负责处理工厂的多源数据，包括设备实时数据、图像数据等；

4. 全周期项目管理：主导AI项目从需求分析、技术方案设计、开发测试到最终上线部署的全过程，并对最终的业务效果负责；

5. 跨部门协作与支持：与生产、设备、工艺，HSE,项目等部门的工程师紧密合作，理解业务痛点，提供技术支持，并将AI技术的应用效果反馈给业务团队。

岗位要求（如教育，专业知识背景，工作经验等）Education/professional/knowledge/working experience

1. 擅长软件编码，熟练掌握Python、HTML等语言；

2. 具有一定的AI经验，使用Pytorch或类似工具建模和训练模型；

3. 具有构建生产级可扩展系统的经验；

4. 有机器视觉经验；

5. 可以解决硬件部分（如：相机，光，光学）的机器视觉解决方案；

6. 需要在生产现场来设置机器视觉系统并优化AI检测；

7. 有AI项目设计开发及实施的工作经验；有比较好的项目管理能力以及协作沟通能力；

8. 能够熟练掌握英语的听说读写能力，需要独立和外籍同事进行英文沟通。

9. 硕士或有丰富实习经验的本科生
 

截止日期：2026年12月31日
招聘人数：1人",机器学习 Python PyTorch 项目管理 需求分析 技术方案 跨部门协作 技术支持,https://www.liepin.com/lptjob/83928617
AI工程师,海德鲁太仓,200-300元/天,苏州-工业园区,苏州,本科,,7月13日更新,liepin,"岗位关键工作职责 Key tasks/responsibilities of the position

1. AI模型研发与优化：负责机器视觉及机器学习等算法研究、设计与开发，解决生产中具体问题，如缺陷检测；

2. 算法落地与系统集成：将训练好的AI模型部署到工业现场，与现有的生产线、PLC、SCADA或MES系统对接，确保算法稳定高效运行；

3. 数据处理与特征工程：负责处理工厂的多源数据，包括设备实时数据、图像数据等；

4. 全周期项目管理：主导AI项目从需求分析、技术方案设计、开发测试到最终上线部署的全过程，并对最终的业务效果负责；

5. 跨部门协作与支持：与生产、设备、工艺，HSE,项目等部门的工程师紧密合作，理解业务痛点，提供技术支持，并将AI技术的应用效果反馈给业务团队。

岗位要求（如教育，专业知识背景，工作经验等）Education/professional/knowledge/working experience

1. 擅长软件编码，熟练掌握Python、HTML等语言；

2. 具有一定的AI经验，使用Pytorch或类似工具建模和训练模型；

3. 具有构建生产级可扩展系统的经验；

4. 有机器视觉经验；

5. 可以解决硬件部分（如：相机，光，光学）的机器视觉解决方案；

6. 需要在生产现场来设置机器视觉系统并优化AI检测；

7. 有AI项目设计开发及实施的工作经验；有比较好的项目管理能力以及协作沟通能力；

8. 能够熟练掌握英语的听说读写能力，需要独立和外籍同事进行英文沟通。

9. 硕士或有丰富实习经验的本科生
 

截止日期：2026年12月31日
招聘人数：1人",机器学习 Python PyTorch 项目管理 需求分析 技术方案 跨部门协作 技术支持,https://www.liepin.com/lptjob/83928373
光学精密机械设计工程师,上海滴水微光科技有限公司,17-20k·16薪,上海-浦东新区,上海,硕士,应届,7月6日更新,liepin,"1.光机系统设计与优化​ 
o负责精密光学系统或光电测量系统的光机结构方案设计，包括光路布局、安装调节机构、封装结构等，确保光学性能与机械结构的协同优化。 
o完成光学元件（如透镜、反射镜、光纤头等）的固定方式设计，制定装调工艺规范，指导生产装配与现场调试。 
o进行结构刚度、模态、热效应分析，优化设计以提升稳定性（如使用有限元分析工具）。 
2.跨部门协作与技术落地​ 
o与光学、电气、控制团队协作，完成光机系统集成与整机调试，解决装配中的结构配合问题。 
o跟踪加工制造与供应链，优化图纸工艺性（可制造性、成本控制），参与供应商评审与样件确认。 
3.测试验证与迭代改进​ 
o搭建光机性能测试平台，验证结构精度、抗振性等指标，分析测试数据并推动设计改进。 
o对在用产品进行结构问题诊断，提出可靠性提升方案（如防尘、防振设计优化）。

3.测试验证与迭代改进​ 
o搭建光机性能测试平台，验证光机结构精度、稳定性等指标，分析测试数据并进行设计改进。 
o对在用产品进行结构问题诊断，提出提升方案。

截止日期：2027年07月06日
招聘人数：2人",方案设计 跨部门协作 供应链 成本控制 性能测试,https://www.liepin.com/lptjob/83918765
CRM产品分析师（管培生）,夏致云计算(上海)有限公司,150-250元/天,上海-浦东新区,上海,本科,,7月22日更新,liepin,"夏智（“XIAZHI”）成立于2015年2月，总部位于 上海·陆家嘴，是一家经国家市监总局批准设立，提供销售及运营 软件技术。拥有 2 个产品线 Leanx 和 Diglink，致力于通过创新的的云原生AI技术，全面赋能 销售和运营管理体系。主营业务范围是 销售 云软件许可证、BI软件许可证，提供 CRM实施与支持服务、系统集成服务、软件咨询服务，解决方案涵盖 CRM数据平台、营销自动化、销售自动化、产供销协同、专业服务自动化、销售绩效管理、企业数据与洞察。

岗位职责:  
1. 参与CRM产品需求分析与流程设计，支持系统优化与迭代  
2. 协同团队完成数据整理、用户行为分析及业务场景梳理  
3. 与产品资深专家、市场营销协作，共同推动新产品增长。

任职要求：  
1. 善于沟通、按时完成上级交给的工作  
2. 拥有良好的团队合作精神，能迅速融入团队  
3. 具备良好的学习能力，能够不断改进工作方法
4. 接受IT软件类、对市场营销类、外经贸类、人工智能类、市场营销类、国际贸易类及MBA相关专业。
5.英语口语流利优先考虑。

发展规划：经过公司统一培训和考核后，进入 品牌营销团队、业务开发团队 或 客户服务团队。

截止日期：2027年07月01日
招聘人数：3人",云原生 需求分析 培训 客户服务 XIAZHI Leanx Diglink,https://www.liepin.com/lptjob/83838439
网络工程师,长汀雅美达文化产业有限公司,12-17k·13薪,龙岩,,学历不限,应届,7月1日更新,liepin,"岗位职责：
1.负责数据中心业务生产网络运维；
2.负责新业务生产集成建设项目，对新业务相关的生产网络和主机系统的需求分析、项目可行性分析、方案规划设计、项目管理和实施，包括设备安装、网络系统集成调试和验收工作；
3.负责业务生产网络的中型以上的变更，以及对于网络系统维护过程中相关技术文档的编写和技术培训工作；
4.数据中心日常技术支持工作，包括问题分析解决、新技术研究测试、需求分析、项目可行性分析、方案规划设计等；
5.协同数据中心运维工程师改进运维质量和客户满意度，包括ISO20000.ISO27001等的流程的推进。
职位要求：
1.计算机或通讯相关专业；
2.3年以上相关工作经验，具有大型网络系统集成和运维经验，负责过大型网络建设项目设计与工程实施经验，并具有相关的成功案例者优先考虑；
3.熟悉CISCO，JUNIPER等主流的各类网络设备的集成和命令配置；
4.熟悉SNMP、SYSLOG、SNIFFER、NETFLOW等主流网络管理协议和网络管理配置工具平台，有关键性业务网络的分析设计和实施维护能力；
5.熟悉Linux操作系统，了解python或shell脚本，能够使用简单脚本进行简单的自动运行工作；
6.熟练使用各种网络维护相关的指令与熟练使用服务器管理分析工具，能独立配置与维护管理；
7.具备阅读及理解计算机领域的英文资料的能力；
8.具备CCNP以上或同等水平的网络经验技术能力；
9.英语4级及以上，能阅读相关英语专业文档，能用英语进行日常交流。

截止日期：2027年06月06日
招聘人数：3人",Linux Python Shell 需求分析 项目管理 技术文档 培训 技术支持,https://www.liepin.com/lptjob/83818865
营销工程师（缅语）,海康威视,200-250元/天,杭州-滨江区,杭州,本科,,6月30日更新,liepin,"1、负责海康威视及下属八大创新业务的产品或解决方案售前推广、产品及项目方案销售、或项目售中售后技术支持工作；
2、通过市场洞察分析，进行业务规划和策略制定，运用各种销售工具开发客户并和客户建立长期而稳定的合作关系，营销平台数据日常维护、功能优化需求收集及数据分析，完成销售指标和实现增长率不断提升；
3、通过需求收集分析、竞品分析、产品营销策划推广及培训等工作开展产品营销，提炼产品卖点及价值点、提升产品竞争力和客户满意度；
4、主导方案设计、可行性研究、技术标书编写以及系统集成&协议输出等，并进行方案宣讲与演示，相应客户的技术咨询；
5、产品与系统的交付及维护工作，受理并解决客户技术问题，配合市场部门提供产品技术支持服务，完成现场交付和实施，确保验收通过；
6、根据所属业务特性以及候选人能力特点会优先进行营销或技术支持的初步定岗，6个月转正后每年有机会参与横向转岗评估，获得岗位发展通道：解决方案售前、销售、产品市场等。

职位要求
1、本科及以上学历
2、了解行业应用及IT相关技术，具备智能物联网行业、智能制造行业、物流电商行业或其他科技类行业销售、解决方案售前类岗位实习实践或校园推广宣传活动实践经验优先；
3、具备较强的客户服务意识和产品意识，有较强的学习能力和钻研精神，以及较好的沟通能力和演说技能，具备良好PPT材料制作能力、图片/视频编辑能力者优先；
4、语言听说读写熟练，可作为工作语言（包括但不限于邮件/电话交流、产品资料开发与培训宣讲等），有海外留学或交换背景优先；
 

截止日期：2027年06月30日
招聘人数：1人",技术支持 数据分析 竞品分析 培训 方案设计 技术咨询 客户服务,https://www.liepin.com/lptjob/83788545
机器人结构设计工程师,广州华睿智普人工智能科技有限公司,200-300元/天,上海-松江区,上海,硕士,,7月29日更新,liepin,"核心职责:
1.整机结构设计:负责人形机器人整机机械系统开发，包括躯干、四肢、关节、机械臂、灵巧手等核心部件的概念设计、详细设计与工程实现。
2.驱动与传动系统集成:主导关节驱动单元设计，完成电机、减速器、传感器等关键部件的选型、定制、集成与优化，确保高功率密度、高响应速度与动态性能。
3.仿真与验证:运用有限元分析、运动学与动力学仿真等先进手段，对结构强度、刚度、疲劳寿命及运动精度进行前瞻性验证与迭代优化，规避设计风险。
4.产品开发与迭代:统筹产品的加工、装配与测试全过程，制定测试方案，精准定位并解决技术问题，推动设计快速迭代与性能提升。
5.跨部门协同:与电控、软件、感知算法团队紧密协作，确保机械系统与其它模块的无缝集成，共同解决系统级技术挑战。
6.技术文档编写:编制专业、完整的技术文档，包括设计图纸、BOM表、装配指南及测试报告，构建扎实的技术资料。

任职要求:
1.学历专业:硕士及以上学历，机械工程、机器人工程、机电一体化等相关专业。
2.技术能力:精通SolidWorks等三维设计软件，具备复杂系统建模与模块化设计能力熟练使用ANSYS、Abaqus等进行结构仿真分析，有ADAMS或其他运动仿真经验者优先
3.知识体系:扎实的机器人学基础，深入理解运动学、动力学与结构设计理论。精通伺服电机、谐波行星减速器、轴承、丝杠、同步带等传动元件的选型、应用与失效分析。
4.项目经验:具备人形机器人、高性能机械臂、灵巧手或同类精密传动系统开发经验者优先有从概念设计到产品落地全流程项目经验的候选人优先
5.动手能力:熟悉常见的机械加工与成型工艺(如CNC、3D打印、注塑/吸塑工艺等、开模)，具备强烈的动手意愿和能力，能独立指导或参与样机装配与调试。
6.个人能力:具备出色的沟通能力、团队协作精神和抗压能力，对机器人技术充满热情，拥有良好的创新思维和自主学习能力。

截止日期：2027年06月30日
招聘人数：1人",技术文档,https://www.liepin.com/lptjob/83786553
SLAM算法工程师,武汉紫道弘益科技有限公司,120-200元/天,武汉-洪山区,武汉,本科,,6月29日更新,liepin,"岗位职责：
1.负责基于多传感器（相机、激光雷达、IMU等）的SLAM算法开发，实现高精度的实时定位与三维地图构建；
2.设计面向复杂场景的地图构建、更新、存储与优化的算法，在自动驾驶系统中实现；
3.集成前沿的SLAM技术，持续改进优化算法，提升鲁棒性与精度；
4.与其他模块的工程师协作，完成系统集成与性能优化。
5.公司安排的其他工作

职位要求：
1.计算机、机器人、自动化、测绘、车辆工程、数学等专业本科及以上学历；
2.具有1年以上在自动驾驶、机器人导航领域的实际开发经验（含在校重点项目或实习经验）；
3.掌握SLAM、多视图几何、状态估计、非线性优化等基础理论；
4.精通C/C++编程，具备良好的数据结构和算法基础。熟练使用Python进行算法验证与数据处理;熟悉至少一种主流 SLAM框架（如ORB-SLAM系列、VINS、LIO-SAM、Cartographer等）的原理与实现。熟悉常用的计算机视觉与点云处理库（如OpenCV、PCL、Eigen、g2o/Ceres）。熟悉多传感器融合的基本概念与方法（如滤波、优化融合）;
5.具备Linux /ROS 环境下进行开发、调试、性能优化及解决实际工程问题的能力;
6.良好的学习能力、沟通表达能力和团队合作意识。

截止日期：2027年06月29日
招聘人数：2人",SLAM C++ Python 计算机视觉 OpenCV Linux ROS,https://www.liepin.com/lptjob/83768647
硬件工程师（应届生）,广东纳睿雷达科技股份有限公司,15-20k·14薪,珠海,珠海,硕士,应届,6月26日更新,liepin,"岗位职责：
1、高速数字电路设计（FPGA、AD/DA、交换机、CPU、ARM等），组件级方案设计、器件选型、原理图设计、Layout设计指导；
2、模数混合电路设计；
3、高速信号完整性仿真；
4、参与系统集成；
5、技术文档编写，产品生产导入。

任职要求：
1、硕士及以上学历，电子信息、通信工程、计算机、自动化、电气工程相关专业；
2、有Xilinx FPGA/SOC设计经验者优先；
3、专业基础扎实，英语阅读能力良好；
4、具备良好的沟通能力与团队合作精神，责任心强。

截止日期：2027年06月25日
招聘人数：3人",FPGA ARM 方案设计 技术文档 AD DA CPU,https://www.liepin.com/lptjob/83706229
管培生（电力方向）,新能源科创板上市1000-2000人,8-15k,苏州-昆山,苏州,本科,应届,7月5日更新,liepin,"投递前仔细观看岗位JD 英语口语要好 英语要过六级才可以投递
职位介绍
招聘人数:1人
1.参与公司在储能、新能源、微电网领域的电力电子相关技术工作。
2.配合软件、结构、热设计、系统集成等团队,推进产品工程化落地与项目交付。
3.参与电力电子新技术在储能、新能源、微电网场景中的应用研究与技术预研。
4.协助完成系统需求分析、技术方案评估、关键元器件选型及调试测试工作。
5.跟踪行业技术动态与标准规范,参与仿真建模及技术文档编写。
任职要求:
1. 学历与院校:本科及以上学历。
2. 专业:电力电子与电力传动、电气工程、自动化、
控制工程、电子信息等相关专业。
3.语言能力:英语听说读写流利，可做工作语言。
4.能力素质:具备电路、模电、数电及自动控制理论基础，有电源类竞赛、课题或实习经验(储能/新能源/微电网相关更佳)者优先。

截止日期：2027年06月25日
招聘人数：1人",需求分析 技术方案 技术文档,https://www.liepin.com/lptjob/83705117
驻奇瑞研发中心！热管理零部件开发岗（外包派驻/实习生）,奇瑞汽车,80-150元/天,芜湖-鸠江区,,大专,,6月24日更新,liepin,"🔥 背靠主机厂研发资源，直面整车项目核心！多路径入职通道开启！ 🔥
岗位职责
1. 驻场奇瑞汽车研发中心热管理模块，深度参与整车核心车型研发项目，牵头负责水管、空调管、导风板、海绵堵块等关键热管理零部件的全生命周期开发，从方案架构设计、工艺路径优化到样件性能验证全流程统筹推进。
2. 深度协同奇瑞研发技术团队，开展零部件性能精准校核、技术参数迭代优化及现场技术瓶颈攻关，确保产品完全匹配热管理系统集成标准，夯实整车热管理性能的核心技术底座。
3. 联动对接团队与奇瑞各业务部门高效协同，输出高标准技术文档，统筹推进项目节点落地，助力提升整车研发项目的整体推进效率。
任职要求
路径一：外包派驻岗
1. 专业要求：车辆工程、机械设计制造及其自动化、材料成型及控制工程等相关专业。
2. 经验技能：具备1年以上汽车零部件设计或研发相关工作经验，熟练操作CATIA三维/二维设计软件，熟悉汽车零部件结构设计、工艺选型等基础流程。
3. 能力要求：具备良好的沟通协调能力，能快速融入主机厂研发节奏，可独立完成分配的零部件设计任务，对技术细节严谨负责，抗压性强。
4. 合同与工作地点：劳动合同与奇瑞指定外包公司签订，薪酬福利由外包公司统一发放；工作地点为奇瑞汽车研发中心，全程驻场参与项目。
路径二：奇瑞研发实习生岗
1. 专业要求：车辆工程、热能与动力工程、制冷及低温工程等相关专业。
2. 经验技能：掌握CATIA等三维设计软件基础操作，了解汽车热管理系统工作原理，有相关课程设计或科研项目经验者优先。
3. 实习要求：保证连续实习半年及以上，每周出勤不少于5天，请假＜1个月，能全程参与整车热管理零部件研发项目的阶段性工作。
4. 培养与发展：入职后由奇瑞研发中心资深工程师一对一带教，深度参与方案评审、技术升级、整车热平衡测试等核心环节；实习表现优异者，可获得后续与供应商或外包公司签约的优先推荐资格。
岗位亮点
✅ 主机厂研发一线实战，积累整车核心项目经验快人一步
✅ 团队技术氛围浓厚，与行业资深工程师并肩作战，学习成长机会多
✅ 多路径入职选择，适配不同求职需求与职业规划
✅ 项目资源优质，接触前沿技术，职业成长路径清晰可见

截止日期：2027年06月24日
招聘人数：10人",技术文档,https://www.liepin.com/lptjob/83665465
算法开发工程师,常州第六元素材料科技股份有限公司,15-30k,常州-武进区,常州,硕士,应届,6月23日更新,liepin,"招聘岗位：视觉算法开发工程师
（1）岗位职责
1.开发优化图像识别、目标检测等 AI 视觉算法，提升准确性与效率；
2.预处理分析数据，改进增强方法，为算法训练提供高质量数据；
3.将算法应用于工业检测等实际项目，参与全流程解决问题；
4.跟踪前沿技术，探索新型神经网络架构的实际应用；
5.与团队协作，实现算法与软硬件系统集成。
（2）任职要求
1.数学、计算机等相关专业硕士及以上学历，优秀应届生优先；
2.精通 Python、C++，熟悉 TensorFlow/PyTorch，掌握 YOLO、U-Net 等模型；
3.有 AI 视觉算法项目经验，能独立完成算法设计与调试；
4.熟悉 Linux，掌握 OpenCV 等计算机视觉库；
5.具备快速学习与团队协作能力，善于沟通技术观点。

截止日期：2027年02月01日
招聘人数：2人",Python C++ TensorFlow PyTorch Linux OpenCV 计算机视觉,https://www.liepin.com/lptjob/83620915
1-C15助理研究员:先进测试与验证评估,通信设备1000-2000人,薪资面议,杭州-西湖区,杭州,博士,应届,6月22日更新,liepin,"岗位职责描述：
1.参与本领域顶层需求捕获、任务分解、任务规划等；
2.参与复杂系统测试与评估研究及方案制定；
3.参与组织复杂系统试验实施，对试验结果进行分析评估； 
4.主持或作为重要成员参与相关领域国家级重点或重大科研项目；
5.负责或作为重要成员参与制定本研究领域的建设和发展规划；
6.参与本领域科学研究相关的科研条件建设。
任职要求:
1.取得国内外博士学位，年龄不超过35周岁（特别优秀者，可适当放宽）；
2.具有系统集成、雷达探测、侦察与对抗、信号与信息处理、复杂电磁系统测试评估等相关领域科研与工程经验者优先；
3.取得丰富的科研成果，在国内外知名期刊发表高质量论文或相关专利；
4.具有良好的沟通能力、表达能力、团队协作能力；
5.能够独立开展科研工作。


截止日期：2027年06月22日
招聘人数：1人",专利,https://www.liepin.com/lptjob/83611061
FAE现场应用工程师,计算机软件1000-2000人,12-16k·15薪,深圳-南山区,深圳,大专,应届,6月22日更新,liepin,"岗位职责
 1.负责机器视觉产品（工业相机、镜头、采集卡、光源、线缆等）的技术支持与客户服务
2.处理客户咨询、需求沟通、技术问题解答及故障排查
3.配合销售团队进行售前技术方案支持与售后技术服务
4.负责客户现场安装调试、系统集成指导及技术培训
5.编写产品技术文档、操作手册及常见问题解决方案
6.收集客户反馈，为产品改进提供技术支持

任职要求
专科及以上学历，工业自动化、电气工程、计算机科学、光电工程、机械电子等相关专业

截止日期：2027年06月22日
招聘人数：1人",技术支持 客户服务 故障排查 技术方案 培训 技术文档,https://www.liepin.com/lptjob/83594971
技术工程师,精雕科技集团股份有限公司,8-13k,北京-门头沟区,北京,本科,应届,7月16日更新,liepin,"职责描述:
1.售前技术支持：参与数控系统客户需求调研，提供可行性评估支持；配合数控销售部门开展产品演示、技术宣讲，解答客户售前技术疑问；进行数控系统相关产品的售前调试工作；
2.客户现场项目实施：负责数控系统相关产品在客户现场的安装、调试及系统集成等工作；
3.售后技术支持：响应客户售后技术问题，通过远程或现场支持完成故障处理，保障设备、系统稳定运行；
4.上级交办的其他工作。

任职条件：
1.统招本科及以上学历，2026年应届生优先；有数控机床售前/售后技术相关工作经验或实习经验优先；
2.能看懂数控机床电气原理图，能排查数控机床简单的电气集成相关的故障；
3.能进行数控系统的参数适配、PLC调试、伺服参数适配。

截止日期：2027年06月22日
招聘人数：8人",技术支持,https://www.liepin.com/lptjob/83590589
研发（AI方向）,科技金融美股上市2000-5000人,8-14k·16薪,深圳-福田区,深圳,本科,应届,6月22日更新,liepin,"岗位职责
1. 参与业务相关项目，根据BA提供的业务需求进行开发，参与软件系统设计，编写编码和单元测试案例，代码评审。  
2. 参与系统集成联调，并及时解决联调过程中的问题。
3. 自我驱动学习能力强，有好奇心，按时按质完成开发任务。
4. 按规范输出代码与文档，逐步具备独立承接业务模块的能力。
5. 在导师指导下，合理使用 AI 工具开发、调试与问题分析。

任职要求
1. 教育背景：计算机科学、信息技术、人工智能，数学等相关专业本科及以上学历。 
2. 学习能力：具备快速学习和适应新知识的能力，对保险科技、金融科技、汽车后市场领域有浓厚兴趣。对AI技术在软件开发中的应（如智能编程、代码生成、自动化测试）有兴趣与探索欲。
3. 沟通能力：具备良好的沟通表达与逻辑思维能力，能清晰传达问题与解决思路。
4. 团队合作：具备良好的团队协作精神，能够与跨部门团队高效合作。
5. 技术能力：熟悉Java语言，熟悉常用数据结构和算法，熟悉常用微服务常用框架和设计模式或者设计原则。对AI软件开发工具或相关技术有所了解或愿意学习探索。

截止日期：2027年06月22日
招聘人数：1人",Java 微服务 自动化测试 AI,https://www.liepin.com/lptjob/83588901
机器人算法工程师,无锡隆盛科技股份有限公司,薪资面议,无锡-滨湖区,无锡,硕士,应届,6月22日更新,liepin,"江苏隆盛唯睿具身智能机器人创新中心有限公司是人形机器人核心部件产业联盟理事单位，由无锡隆盛科技、无锡蔚瀚智能、江苏大德重工、无锡市产研院共同出资设立，已引入上海博原资本、无锡数据集团为创新中心提供高端场景验证平台及大数据模型应用。目前公司已入选江苏省具身智能机器人创新中心项目。创新中心专注于人形机器人技术开发与应用，在机器人灵巧手、旋转关节模组、电子皮肤等方向均有布局，自研的“兰森”系列人形机器人，目前已经过两轮技术迭代，已用于公司内部产线生产、质检，2025年4月，“兰森二代”机器人参加无锡市惠山区首届具身智能机器人运动会，并于6月惊艳亮相央视世界机器人技能大赛。现面向社会公开招聘优秀人才，诚邀怀揣梦想、勇于挑战的你加入，与公司共成长、同发展。

工作地点：无锡或西安均可
公司地址：无锡滨湖区蠡太路118号（江苏天圣达科技创新中心）


方向：移动双臂机器人

## 岗位职责
- 参与机器人感知、规划、控制算法开发
- 参与机器人系统集成与实机调试
- 参与机器人真实场景任务开发与优化

## 任职要求
- 硕士及以上学历
- 机器人、自动化、计算机、人工智能相关专业
- 熟悉以下任意方向：
  - ROS/ROS2
  - 机器人学
  - 机械臂
  - 机器视觉
  - SLAM
  - 强化学习
  - 自动驾驶相关技术
- 熟悉Python或C++

## 加分项
- 实验室项目经验
- RoboMaster、机器人竞赛经历
- 开源项目或论文成果


截止日期：2027年06月22日
招聘人数：1人",ROS SLAM Python C++ ROS2 RoboMaster,https://www.liepin.com/lptjob/83583125
【实习】电子硬件工程师 - 上海(J19277),上海联影,250元/天,上海-嘉定区,上海,硕士,,6月18日更新,liepin,"职责描述：
1. 参与医疗设备中电子电路相关的技术和产品开发，负责下列至少一项工作：
高速信号传输/机电控制/人机交互/弱信号采集/数模转换/可编程器件的开发、调试及系统集成等；
2.了解电子行业发展动态，参与或主导新技术的预研工作； 
3.根据系统需求，分解并完成电子相关的方案设计、详细设计，以及电子物料跟踪，按照项目节点完成文档输出；
4.根据公司产品的开发流程，推动部门经验与技术的总结和重复应用；
5.解决单板或系统的技术问题，注重团队合作，从设计上考虑改善手段，提高产品的可靠性。
任职要求：
1.硕士及以上学历，通信工程/电子信息/光通信/电力电子/核电子学/机械工程与自动化/计算机/生物医学工程等相关专业，本科学历优秀者亦可；
2.熟悉以下至少一种工具软件：Cadence/Allegro/Protel 99SE/AD等；
3.熟悉以下至少一种通信接口：I2C/SPI/RS485/RS232/PCIe/HDMI/MIPI/SDI/DDR等，有EMC设计或整改经验者优先；
4.熟悉常用的电子元器件，对数字电路、模拟电路有深刻理解，具有相关设计和调试经验者优先； 
5.熟悉常用的调试类设备：示波器/信号源/频谱仪等，对信号完整性设计有较深理解者优先；
6.思路清晰、拥有良好的沟通和协作能力。

截止日期：2027年06月18日
招聘人数：1人",I2C SPI PCIe 方案设计 Cadence Allegro Protel RS485,https://www.liepin.com/lptjob/83561471
机器人开发（实习生）,希夕智能,200-250元/天,上海-徐汇区,上海,本科,,6月18日更新,liepin,"岗位职责：
1、负责配合自适应机器人在食品加工行业不同应用的应用实现方案；
2、根据客户或产品需求，负责解决方案中机器人应用部分的设计思路；
3、利用已有机器人应用软件或编程语言完成机器人应用开发；
4、根据方案需求，负责实现内外部系统的对接通讯、AI或其他模块的系统集成；

任职资格：
1、熟悉机器人系统、自动化平台相关的软件开发；
2、掌握C/C++，Python，Matlab等语言者优先；
3、具备结构化思维、快速学习能力、开放的心态、优秀的沟通能力，并且热爱高科技行业。

截止日期：2027年06月18日
招聘人数：2人",C++ Python MATLAB,https://www.liepin.com/lptjob/83544455
【实习】软件开发工程师（嵌入式方向） - 上海(J19283),上海联影,250元/天,上海-嘉定区,上海,硕士,,6月17日更新,liepin,"职责描述：
参与联影产品嵌入式软件开发工作，负责下列至少一项工作：
1.根据公司产品开发流程，完成嵌入式应用软件的需求分析、概念设计、详细设计、部件验证、系统集成与测试等工作；
2.基于处理器的控制程序、应用程序和驱动模块开发；
3.设计优化和质量持续改进。
任职要求：
1.硕士及以上学历，自动化/测控技术与仪器/计算机技术/电子技术/机械设计/电力电子与电机驱动/电子工程/生物医学工程等相关专业；
2.熟悉掌握C/C++任意一种语言；
3.熟悉Linux，VxWorks、QNX等嵌入式操作系统的移植，驱动程序编写与应用程序开发；
4.熟悉至少一种CPU、MCU、DSP系列处理器固件开发；
5.熟练掌握Ethernet、CAN、I2C、SPI、UART、PCIe、EtherCAT等通讯接口开发；
6.熟悉电机、驱动、控制等基础控制理论。

截止日期：2027年06月17日
招聘人数：1人",C++ Linux MCU DSP CAN I2C SPI UART PCIe 需求分析,https://www.liepin.com/lptjob/83538461
【实习】软件开发工程师 - 上海(J19284),上海联影,250元/天,上海-嘉定区,上海,硕士,,6月17日更新,liepin,"职责描述：
参与产品嵌入式软件开发工作，负责下列至少一项工作：
1.根据公司产品开发流程，完成嵌入式应用软件的需求分析、概念设计、详细设计、部件验证、系统集成与测试等工作；
2.基于处理器的控制程序、应用程序和驱动模块开发；
3.设计优化和质量持续改进。
任职要求：
1.硕士及以上学历，优秀本科亦可，自动化/测控技术与仪器/计算机技术/电子技术/机械设计/电力电子与电机驱动/电子工程等相关专业；
2.熟悉掌握C/C++任意一种语言；
3.熟悉RTOS或Linux嵌入式操作系统的移植，驱动程序编写与应用程序开发；
4.熟悉至少一种MCU、DSP、CPU系列处理器固件开发；
5.熟练掌握Ethernet、CAN、I2C、SPI、UART、PCIe、EtherCAT等通讯接口开发；
6.熟悉电机、驱动、控制等基础控制理论。

截止日期：2027年06月17日
招聘人数：1人",C++ RTOS Linux MCU DSP CAN I2C SPI UART PCIe 需求分析,https://www.liepin.com/lptjob/83538289
【实习】软件开发工程师（嵌入式方向）L - 武汉(J19285),上海联影,250元/天,武汉-江夏区,武汉,硕士,,6月17日更新,liepin,"职责描述：
参与产品嵌入式软件开发工作，负责下列至少一项工作：
1.根据公司产品开发流程，完成嵌入式应用软件的需求分析、概念设计、详细设计、部件验证、系统集成与测试等工作；
2.基于处理器的控制程序、应用程序和驱动模块开发；
3.设计优化和质量持续改进。
任职要求：
1.硕士及以上学历，优秀本科亦可，自动化/测控技术与仪器/计算机技术/电子技术/机械设计/电力电子与电机驱动/电子工程等相关专业；
2.熟悉掌握C/C++任意一种语言；
3.熟悉RTOS或Linux嵌入式操作系统的移植，驱动程序编写与应用程序开发；
4.熟悉至少一种MCU、DSP、CPU系列处理器固件开发；
5.熟练掌握Ethernet、CAN、I2C、SPI、UART、PCIe、EtherCAT等通讯接口开发；
6.熟悉电机、驱动、控制等基础控制理论。

截止日期：2027年06月17日
招聘人数：1人",C++ RTOS Linux MCU DSP CAN I2C SPI UART PCIe 需求分析,https://www.liepin.com/lptjob/83538099
IMU姿态融合算法工程师（应届）,新能源50-99人,10-17k,深圳-南山区,深圳,本科,应届,6月17日更新,liepin,"岗位职责：
1.IMU传感器数据处理
·负责IMU（惯性测量单元）传感器数据采集与预处理
·处理陀螺仪、加速度计、磁力计等传感器数据
·进行传感器标定、误差补偿和噪声滤波
2.姿态融合算法研发
·设计和开发姿态估计算法（互补滤波、卡尔曼滤波等）
·实现姿态解算，计算船舶的横滚角、俯仰角、航向角
·优化算法精度和动态响应性能
3.导航定位系统开发
·参与船舶导航定位系统的算法设计
·集成GPS、IMU等多传感器数据，实现高精度定位
·开发运动状态估计和轨迹平滑算法
4.系统集成与优化
·负责IMU算法与船机中控系统、电子转向系统的集成
·优化算法在嵌入式平台的运行效率
·解决算法在复杂海况下的稳定性问题
5.算法验证与测试
·在真实海况下进行算法测试和性能验证
·分析测试数据，持续优化算法性能
·编写测试报告和技术文档
 任职要求：
•学历与专业
1.本科及以上学历，导航制导与控制、自动化、电子信息工程、计算机科学、数学等相关专业，硕士学历优先
2.工作经验
·3年以上IMU、传感器融合或姿态估计算法开发经验
·有船舶、无人机、机器人等领域姿态控制经验者优先
·有实际产品落地经验者优先
3.专业技能
·深入理解惯性导航理论，熟悉坐标系转换和旋转矩阵
·精通姿态融合算法（互补滤波、扩展卡尔曼滤波EKF、无迹卡尔曼滤波UKF等）
·熟悉IMU传感器（陀螺仪、加速度计、磁力计）的工作原理和数据处理方法
·熟练掌握MATLAB/Simulink进行算法建模与仿真
·精通C/C++编程，有嵌入式开发经验（STM32、ARM、DSP等）
·熟悉滤波算法、信号处理技术
·了解GPS/北斗定位系统和GNSS/IMU组合导航技术
4.综合素质
·具备扎实的数学、物理和控制理论基础
·有较强的算法实现能力和工程化落地能力
·良好的英文文献阅读能力
·具备逻辑思维能力和问题分析解决能力
·具备团队合作精神和沟通能力
·对船舶导航和传感器融合技术有浓厚兴趣
5.加分项
·有船舶姿态控制、电子海图系统开发经验
·熟悉ROS（机器人操作系统）
·发表过相关学术论文或申请过相关专利
·了解海洋环境对传感器的影响及补偿方法

截止日期：2027年06月17日
招聘人数：1人",GPS MATLAB C++ STM32 ARM DSP ROS 数据采集 技术文档 专利,https://www.liepin.com/lptjob/83515683
博士（位移测量）,武汉正源高理光学有限公司,30-40k,武汉-江夏区,武汉,博士,应届,7月29日更新,liepin,"岗位职责：
1、负责光栅尺的产品选型、测试工作；
2、参与产品开发的全过程，确保产品的技术指标符合预期；
3、与团队成员紧密合作，解决研发过程中遇到的技术问题。

岗位要求：
1、材料/光电/物理/化学/或相关专业博士及以上学历，接受应届生，博士课题须为光栅尺、光电编码器、精密位移测量或激光干涉测量方向；
2、具备光栅尺实际项目经验，熟悉光栅制造、信号处理或系统集成
精通光学设计软件（Zemax/Code V）、MATLAB/Python信号处理，具有扎实的机械原理和机械设计基础，熟悉光栅尺的工作原理和技术；
3、具备良好的沟通能力和团队协作精神，能够独立开展工作并有效解决问题；
4、熟悉机械加工工艺，了解机械零部件制造流程；


截止日期：2027年06月17日
招聘人数：1人",MATLAB Python Zemax Code,https://www.liepin.com/lptjob/83515409
SAP财务实施顾问管培生,IT服务港股上市1000-2000人,10-15k·14薪,上海-浦东新区,上海,本科,应届,7月21日更新,liepin,"工作内容
系统实施与优化：参与SAP FICO模块及相关模块（SD/MM/PS）的日常运维、配置调整及功能优化；

智慧财务场景落地：在导师指导下，梳理业务部门对智慧财务的实际需求，参与技术方案的设计与文档撰写；

系统集成实践：接触并参与SAP系统与外部数据平台、AI工具或智能应用之间的接口设计与联调测试；

数据分析与展示：利用SQL、帆软报表等工具，协助完成财务数据的提取、清洗与可视化呈现。

任职资格
 2026届本科及以上学历，计算机科学、软件工程、信息管理、数学、统计学、财务管理、会计学等相关专业；

对ERP系统与企业数字化管理有浓厚兴趣，渴望在SAP生态中建立长期职业发展路径；

具备基础的编程思维或数据库概念（如熟悉Java、Python、SQL或学过相关课程者优先）；

逻辑清晰，善于从复杂信息中提炼关键点，具备良好的书面与口头表达能力；

拥有较强的英语读写能力，能流畅阅读英文技术文档。

截止日期：2027年06月17日
招聘人数：1人",SQL Java Python 技术方案 数据分析 技术文档,https://www.liepin.com/lptjob/83514843
4-C14助理研究员:新体制雷达技术,通信设备1000-2000人,薪资面议,杭州-西湖区,杭州,博士,应届,6月16日更新,liepin,"岗位职责描述
1.负责超宽带雷达、多功能一体化感知探测以及系统集成设计等相关技术研究工作；
2.开展重要系统和样机的研制工作；
3.申请和主持本领域的省部级或国家级科研项目；
4.参与重点或重大科研项目研究； 
5.参与本领域的科研条件建设和发展规划制定。
任职要求:
1.取得国内外博士学位，年龄不超过35周岁（特别优秀者，可适当放宽）；
2.具有电磁场与微波技术、高频电路设计、微波光子学、新体制相控阵感知探测雷达等相关领域扎实的科研基础，和优秀的科研能力；
3.有一定的科研成果，在国内外知名期刊发表高质量论文或相关专利；
4.具有良好的沟通能力、表达能力、团队协作能力；
5.能够独立开展科研工作。

截止日期：2027年06月16日
招聘人数：1人",专利,https://www.liepin.com/lptjob/83509051
推进设计测试研究助理,中国科学院微小卫星创新研究院,100-200元/天,上海-浦东新区,上海,硕士,,7月27日更新,liepin,"一、团队介绍
本团队深耕空间推进技术领域，承担多项省部级以上重点科研项目，科研经费充足，配套部件加工、仿真分析、真空试验等全流程研发条件，覆盖核心部件研发、系统集成到在轨验证的完整技术链条，可为实习生提供体系化的航天工程科研实践环境，支持专利申报、学术论文撰写与工程能力成长。
团队由两名具备海内外航天院校背景、拥有战略级航天任务与商业航天整星研发经验的博士牵头，可全程指导实习生开展科研与工程实践。

二、岗位职责      核心方向：推进系统研发 | 机械结构设计・传热分析・电路电子・组装集成・真空系统测试
1. 负责推力室、贮箱、阀架等零部件三维建模与二维工程图绘制，跟进外协加工进度，完成来料尺寸与形位公差复验；
2. 协助开展传热有限元仿真，参与热防护层与冷却流道方案设计；搭建传感器采集链路，完成传感器标定与信号调试；
3. 承担推进系统部组件装配与气密性检测工作，操作真空机组完成环境搭建，执行冷流测试与热试车试验，测试数据整理与后处理；
4. 配合推进系统整机调试、产品落地全流程试验技术工作。

三、岗位要求
1. 机械工程、动力工程、航空航天、精密仪器、自动化等相关专业，本科大三及以上在读理工科学生；
2. 熟练使用 SolidWorks 建模出图，且满足以下至少两项：掌握 ANSYS/COMSOL 传热仿真、能看懂电路原理图并使用常规测试仪表、熟悉传感器与数据采集卡应用、掌握密封装配与力矩控制工艺；
3. 具备高压、高低温工况安全意识，有责任心与工程隐患预判意识；
4. 可稳定实习6个月以上，每周到岗不少于3天。
5. 有推进系统相关项目经历、持有低压电工证、会使用 Python、MATLAB 、Simulink等数据处理工具，具有CFD 软件操作基础；具备计算机开发技术、有Robomaster比赛经验者优先。

四、实习待遇
1. 单位实习补贴：本科800元/月，硕士生1000元/月，博士生1200元/月。
2. 临港专项实习补贴：可依托单位申请临港大学生实习补贴，专科1000元/月，本科2000元/月，硕士生3000元/月，博士5000元/月；临港外院校额外发放通勤补贴1000元/月；实习期间发放50%补贴，在临港就业后发放剩余50%补贴。
3. 实习凭证：实习结束后统一颁发官方实习证明。
4. 留用发展：实习表现优秀者可获得转正录用机会，深度参与团队核心科研工作。
5. 科研赋能：可参与战略级航天科研项目，协助发表学术论文、申报发明专利。

截止日期：2027年06月16日
招聘人数：1人",Python MATLAB 专利 方案设计 数据采集 SolidWorks ANSYS COMSOL,https://www.liepin.com/lptjob/83503665
等离子体推进研究助理,中国科学院微小卫星创新研究院,100-200元/天,上海-浦东新区,上海,硕士,,7月27日更新,liepin,"一、平台与团队介绍
本团队依托中科院微小卫星创新研究院，团队深耕空间推进技术领域，承担多项省部级以上重点科研项目，科研经费充足，配套部件加工、仿真分析、真空试验等全流程研发条件，覆盖核心部件研发、系统集成到在轨验证的完整技术链条，可为实习生提供体系化的航天工程科研实践环境，支持专利申报、学术论文撰写与工程能力成长。
团队由两名具备海内外航天院校背景、拥有战略级航天任务与商业航天整星研发经验的博士牵头，可全程指导实习生开展科研与工程实践。

二、岗位职责        核心方向：电推进研发 | 等离子体仿真与实验
1. 负责等离子体电推进真空实验台日常运维、设备巡检与实验记录；在指导下完成推力器设计、装配、检漏及实验气路、电路搭建。
2. 开展等离子体相关实验测试，操作专业仪器采集电推进运行各类实验数据。
3. 使用数据软件整理、处理等离子体实验数据，配合团队分析实验规律。
4. 管理实验室实验耗材与配件，协助完成等离子电推进相关文献、技术调研，严格遵守实验室高压设备安全操作规范。

三、岗位要求
1. 机械工程、电气工程、航空宇航推进、等离子体物理、核科学等相关专业，本科大三及以上在读理工科学生，了解等离子体、电推进基础理论优先；
2. 会使用 Python、MATLAB 、Simulink等数据处理工具，具有CFD 软件操作基础；具备计算机开发技术、有Robomaster比赛经验者优先。
3.实习结束后统一颁发官方实习证明。
4. 留用发展：实习表现优秀者可获得转正录用机会，深度参与团队核心科研工作。
5. 科研赋能：可参与战略级航天科研项目，协助发表学术论文、申报发明专利。

截止日期：2027年06月16日
招聘人数：1人",Python MATLAB 专利,https://www.liepin.com/lptjob/83503297
软件工程师（优才计划）,专业技术服务A轮50-99人,14-25k·14薪,上海-浦东新区,上海,硕士,应届,6月16日更新,liepin,"软件工程师（优才计划）

岗位职责
1.ROS 系统开发
a.基于 ROS(机器人操作系统)进行机器人运动控制软件的设计与开发，实现机器人的导航、定位、路径规划等核心功能.
b.负责 ROS 节点的开发、调试与优化，确保各节点间的高效通信与协同工作，提升系统的实时性和稳定性。
2.嵌入式软件开发
a.开发嵌入式系统上的运动控制软件，与硬件紧密配合，实现对机器人电机、传感器等设备的精确控制。
b.进行嵌入式系统的底层驱动开发，优化代码以提高系统性能和资源利用率
3.算法实现与优化
a.将运动控制算法(如 PID 控制、卡尔曼滤波等)在 ROS 和嵌入式系统中实现，并进行优化以适应不同的机器人应用场景。
b.利用 ROS 工具进行算法的仿真和验证，确保算法在实际机器人上的有效性。
4.系统集成与测试
a.负责机器人运动控制系统的集成工作，将软件、硬件和算法进行整合，进行全面的系统测试
b.分析和解决测试过程中出现的问题，不断优化系统性能，确保机器人能够稳定、可靠地运行。
5.技术文档编写
a.编写详细的技术文档，包括软件设计文档、算法说明、测试报告等，为后续的系统维护和升级提供支持。
任职要求
1.教育背景
a.硕士及以上学历，学历背景好，计算机科学、软件工程、自动化、电子工程等相关专业。成绩排名年级前10%；优先25、26届毕业生；，
2.专业技能
a、熟练掌握 ROS 开发，熟悉 ROS的核心概念、通信机制和常用工具，熟悉机器人运动控制接口和协议，如 EtherCAT、CANopen 等，有实际项目开发经验者优先。
b.具备扎实的嵌入式软件开发能力，熟悉至少一种嵌入式开发平台(如 ARM、STM32 等)，掌握 C/C++ 编程语言，有 Linux 编程经验。
c.了解运动控制算法和传感器原理，能够独立完成算法的实现和调试。
d.掌握常用的版本控制工具(如 Git)，具备良好的代码管理和团队协作能力。
3.其他能力
a:具有较强的问题解决能力和调试能力，能够快速定位和解决系统中的软件故障，
b.有良好的沟通能力和团队合作精神，能够与机械、硬件等团队有效协作。
c.对机器人技术有浓厚的兴趣，有创新意识和学习能力，能够跟踪行业最新技术动态。

截止日期：2027年04月17日
招聘人数：3人",ROS CAN ARM STM32 C++ Linux Git 技术文档,https://www.liepin.com/lptjob/83497031
联合培养博士生招生-光学方向,苏州智聚芯联微电子有限公司,2-5k,苏州-工业园区,苏州,硕士,应届,6月16日更新,liepin,"研究方向简介：
本课题组长期致力于光场 / 多视点 3D 显示主板的核心技术研发，主要聚焦于突破 “高分辨率、宽视角、低串扰、实时交互” 四大瓶颈，构建从3D 图像信号处理、高速接口传输、光学模组驱动、智能交互控制到系统集成优化的完整主板技术体系，支撑裸眼 3D 显示在高端消费电子、医疗影像、工业可视化、教育展示等领域的规模化应用。
欢迎对RTK，MTK AML芯片架构，SOC主板开发&FPGA开发有浓厚兴趣的同学加入。

招生要求：
1. 学历要求： 已获得或即将获得国内外电子信息工程，电气工程及其自动化，微电子科学与工程，自动化（控制工程），电子信息与通信工程等相关专业的学士学位及以上。
2. 核心技能：
熟悉RTK，MTK AML芯片方案架构，有SOC主板开发&FPGA开发；
熟悉TV及显示产品的生产工艺，兼容性测试和可靠度测试要求；
熟悉主板开发流程，熟悉电子元件特征；
3. 加分项：
对前沿技术敏感，能独立检索英文文献并快速复现，有顶会论文发表经验者优先；
有显示产品主板开发经验，TV经验优先；
有嵌入式开发经验者优先；

截止日期：2027年06月16日
招聘人数：1人",FPGA MTK,https://www.liepin.com/lptjob/83490999
联合培养博士生招生-3D主板方向,苏州智聚芯联微电子有限公司,2-5k,苏州-工业园区,苏州,本科,应届,6月16日更新,liepin,"研究方向简介：
本课题组长期致力于光场 / 多视点 3D 显示主板的核心技术研发，主要聚焦于突破 “高分辨率、宽视角、低串扰、实时交互” 四大瓶颈，构建从3D 图像信号处理、高速接口传输、光学模组驱动、智能交互控制到系统集成优化的完整主板技术体系，支撑裸眼 3D 显示在高端消费电子、医疗影像、工业可视化、教育展示等领域的规模化应用。
欢迎对RTK，MTK AML芯片架构，SOC主板开发&FPGA开发有浓厚兴趣的同学加入。

招生要求：
1. 学历要求： 已获得或即将获得国内外电子信息工程，电气工程及其自动化，微电子科学与工程，自动化（控制工程），电子信息与通信工程等相关专业的学士学位及以上。
2. 核心技能：
熟悉RTK，MTK AML芯片方案架构，有SOC主板开发&FPGA开发；
熟悉TV及显示产品的生产工艺，兼容性测试和可靠度测试要求；
熟悉主板开发流程，熟悉电子元件特征；
3. 加分项：
对前沿技术敏感，能独立检索英文文献并快速复现，有顶会论文发表经验者优先；
有显示产品主板开发经验，TV经验优先；
有嵌入式开发经验者优先；

截止日期：2027年06月16日
招聘人数：1人",FPGA MTK,https://www.liepin.com/lptjob/83490821
实习生-车辆工程/机械专业,飞沃达(上海)科技有限公司,150-200元/天,杭州-余杭区,杭州,本科,,7月24日更新,liepin,"

实习生-车辆工程/机械专业
工作地点： 中国，杭州
公司： 飞沃达（上海）科技有限公司
到岗时间： 尽快


关于我们：

飞沃达（上海）科技有限公司（Forward Engineering）致力于为未来出行提供前瞻性的工程解决方案。我们专注于整体与可持续性的产品开发，重点布局创新材料、先进制造工艺与多材料系统集成。

团队在纤维增强复合材料、功能性轻量化结构设计以及基于 CAE 的多材料优化开发方面拥有深厚的技术积累。依托我们在汽车与航空航天领域建立的全球网络——涵盖材料供应商、技术提供商、主机厂（OEM）及一级供应商（Tier 1）——我们持续推动资源高效、技术先进且具备商业可行性的移动出行解决方案落地。


实习内容
1、负责汽车或其他行业的技术信息收集整理工作，确保数据准确、完整
2、协助制作PPT演示材料，完成相关文档的翻译工作（以英语为主）
3、开展简易3D数据制作工作，同时能发布相应2D图纸
4、配合其他同事完成其他相关辅助工作，助力项目顺利开展
5、工作时间：8:30-17:30，时间相对灵活，不做严格卡点要求，能适应偶尔出差要求
6、工作地点：杭州市余杭区

任职要求：
1、学历要求：本科及以上学历，在读硕士学生优先
2、专业要求：机械工程、车辆工程或相关汽车、机械类专业背景
3、语言能力：英语熟练，能流畅完成文档翻译、基础沟通工作
4、技能要求：熟练使用PPT等办公软件，具备基本的文档整理、数据统计能力,对CAD软件有一定使用能力
5、素质要求：工作认真负责、积极主动，逻辑清晰，具备良好的学习能力和协作意识
6、工作时间：能保证长时间实习者优先
7、薪酬方式：3000元/月

我们为您提供的平台：
1、在创新且高度国际化的工作环境中承担关键职责，与飞沃达全球工程团队及国际客户紧密协作
2、系统化、结构清晰的入职培训与持续支持，同时赋予高度的个人责任与技术自主权
3、扁平化、以项目为导向的组织架构，沟通直接，高效决策
4、灵活的工作时间与地点（支持居家办公），注重工作与生活的良好平衡。

我们期待收到您的申请。
所需材料：简历、证书

Forward Engineering Shanghai Co.,Ltd.


 

截止日期：2027年02月10日
招聘人数：2人",Gin 培训 Forward CAE OEM Tier Shanghai Co,https://www.liepin.com/lptjob/83488131
网络工程师实习生,安硕星华(上海)信息技术有限公司,100-150元/天,重庆,重庆,本科,,7月10日更新,liepin,"接受27届网络工程、通信工程相关专业实习生和26届应届生
职位描述
1、负责产品的技术支持工作；
2、为渠道和客户提供产品培训；
3、根据客户的需求，编写测试方案和技术方案；
4、支持销售人员配置产品；
5、独立完成客户的PoC测试，并完成测试报告；
任职要求：
1、有网络相关技术支持工作经验，网络工程、通信工程相关专业优先，金融项目实施经验优先，接受应届毕业生；
2、有数据通信领域从事通信产品营销、售前技术支持、方案规划等工作经验；有重大项目规划及支持经验者优先；
3、熟悉主流的网络产品，如路由和交换，防火墙、VPN，代理服务器、广域网加速等；
4、良好的思维能力、表达能力、信息收集及分析能力、资料撰写能力，良好的成就导向、组织策划、协调推动能力；
5、具备网络知识和网络通信协议（主要是TCP/IP）基础；熟悉系统集成技术和常用网络设备。
6、具备抗压能力和适应能力，使用互联网企业文化，能够对快速变化的环境进行合理应对；
7、能够适应出差和高强度工作。

截止日期：2027年06月16日
招聘人数：5人",防火墙 TCP/IP 技术支持 培训 技术方案 VPN IP,https://www.liepin.com/lptjob/83476983
智能建造实习生,中信数智(武汉)科技有限公司,100-150元/天,武汉-江岸区,武汉,本科,,6月15日更新,liepin,"一、岗位职责
1、BIM建模与数字化平台支持
在项目负责人指导下，使用Revit等BIM软件创建建筑、结构、机电等专业三维模型，确保模型准确性与完整性。
参与BIM平台的搭建与维护，协助进行模型数据的标准化管理与平台功能测试。
2、AI与智能体应用开发
协助开发和测试基于AI的智能体（Agent），如安全方案审核Agent、巡线规划Agent、巡检任务执行Agent等。
参与AI视觉算法的数据标注、模型训练与效果验证，支持施工现场的安全、质量、进度识别。
3、智能设备与巡检系统集成
协助部署与调试智能巡检设备（如机器狗、无人机、无人车、360全景安全帽等），参与巡检路径规划与任务执行。
参与智能装备与数字孪生平台的对接，支持设备数据采集、分析与可视化展示。
4、数字孪生与可视化展示
参与数字孪生场景的构建与展示制作，包括BIM模型与现场影像的融合、漫游动画、效果图等。
协助制作项目汇报、展厅展示所需的数字化内容，提升项目展示与沟通效果。
5、项目文档与数据管理
协助整理BIM项目文档、模型文件、属性信息、报表生成等，确保资料规范、完整、可追溯。
参与数据资产的梳理与归档，支持后续项目运维与数据分析。

二、任职要求
本科及以上学历在读，建筑、结构、机电等工程相关专业优先。
熟悉Revit等BIM软件基本操作，具备一定的建模能力；对BIM平台开发、AI、智能硬件有兴趣者优先。
对人工智能、智能体、数字孪生、物联网等技术有一定了解，愿意深入学习并在实际项目中应用。
具备良好的学习能力和创新意识，能快速掌握新工具、新方法，积极探索智能建造的创新场景。
具备团队协作与沟通能力，能与不同专业成员高效配合，推动项目进展。
责任心强，能承受一定工作压力，主动解决问题，保证任务按时高质量完成。


截止日期：2027年06月15日
招聘人数：1人",功能测试 数据采集 数据分析 Agent AI,https://www.liepin.com/lptjob/83468489
嵌入式软件工程师,汽车零部件及配件科创板上市5000-10000人,12-22k·15薪,深圳-福田区,深圳,本科,应届,6月15日更新,liepin,"工作职责：
1. 汽车电子和车载智能网联产品的软件需求分析和设计；
2. 嵌入式软件系统方案和架构设计；
3. 软件编码实现和软件调试；
4. 整合集成基础软件，包括驱动、网络通信、网络管理、协议栈、诊断、Bootloader等；
5. 系统集成调试；
6. 软件代码产品化。
任职要求：
1. 电子、自动化、车辆工程、计算机、仪器类本科以上学历；
2. 熟悉嵌入式C/C++等开发语言，了解汇编语言；
3. 熟悉两种以上的单片机结构与应用原理；
4. 熟悉嵌入式软件开发流程及开发规范；
5. 熟悉电子电路基本知识；
6. 有嵌入式软件开发经验。

截止日期：2027年06月15日
招聘人数：2人",C++ 汇编 单片机 需求分析,https://www.liepin.com/lptjob/83457973
嵌入式软件工程师,汽车零部件及配件科创板上市5000-10000人,12-22k·15薪,深圳-福田区,深圳,本科,应届,6月15日更新,liepin,"工作职责：
1. 汽车电子和车载智能网联产品的软件需求分析和设计；
2. 嵌入式软件系统方案和架构设计；
3. 软件编码实现和软件调试；
4. 整合集成基础软件，包括驱动、网络通信、网络管理、协议栈、诊断、Bootloader等；
5. 系统集成调试；
6. 软件代码产品化。
任职要求：
1. 电子、自动化、车辆工程、计算机、仪器类本科以上学历；
2. 熟悉嵌入式C/C++等开发语言，了解汇编语言；
3. 熟悉两种以上的单片机结构与应用原理；
4. 熟悉嵌入式软件开发流程及开发规范；
5. 熟悉电子电路基本知识；
6. 有嵌入式软件开发经验。

截止日期：2027年06月15日
招聘人数：1人",C++ 汇编 单片机 需求分析,https://www.liepin.com/lptjob/83456321
管培生（电力方向）,新能源科创板上市1000-2000人,8-15k,苏州-昆山,苏州,本科,应届,6月15日更新,liepin,"1. 参与公司在储能、新能源、微电网领域的电力电子相关技术工作。
2. 配合软件、结构、热设计、系统集成等团队，推进产品工程化落地与项目交付。
3. 参与电力电子新技术在储能、新能源、微电网场景中的应用研究与技术预研。
4. 协助完成系统需求分析、技术方案评估、关键元器件选型及调试测试工作。
5. 跟踪行业技术动态与标准规范，参与仿真建模及技术文档编写。

任职要求：
1.        学历与院校： 本科及以上学历。
2.        专业： 电力电子与电力传动、电气工程、自动化、控制工程、电子信息等相关专业。
3.        语言能力： 英语听说读写流利，可做工作语言。
4.        能力素质： 具备电路、模电、数电及自动控制理论基础，有电源类竞赛、课题或实习经验（储能/新能源/微电网相关更佳）者优先。

截止日期：2027年06月15日
招聘人数：1人",需求分析 技术方案 技术文档,https://www.liepin.com/lptjob/83449971
AI技术管培生,IT服务港股上市1000-2000人,15-17k·14薪,上海-浦东新区,上海,本科,应届,7月21日更新,liepin,"本计划旨在选拔具备技术天赋与领导潜力的应届毕业生。你将加入AI技术团队，在AI基础设施（Infra）、系统集成开发、DevOps等多个关键领域进行为期12-18个月的实战。通过双导师制（技术导师+管理导师）的培养，目标是在2-3年内成长为团队的技术骨干或全能型架构师。

在正式定岗前，你将有机会深度参与以下挑战：
1.	AI 底座构建： 参与公司级大模型基础设施的设计和研发，有机会获取到推理引擎的运行机制、研发和优化。
2.	全栈系统开发： 基于大模型（LLM）构建企业级Agent（如：RAG系统、个人助手）。
3.	智能运维演进： 探索利用AI技术实现系统的故障自愈、资源自动化调度与效能监控。

我们在寻找这样的你
1.	硬核技术背景： 计算机、软件工程、电子信息、数据科学等相关专业，本科及以上学历，硕士优先
2.	极客精神： 至少精通 Python、C++、Go、Java等编程语言中的一种，对底层原理（操作系统、网络协议、内存管理）有近乎偏执的理解。
3.	全栈潜力： 不给自己设限。既能上手写业务逻辑（前端和后端），还能部署运维自己开发的系统。
4.	学习敏锐度： 拥有极强的快速学习能力，能够在短时间理解业务诉求切换到对方的视角高效沟通。
5.	解决问题能力： 面对模糊、不确定的难题时，能展现出强大的逻辑分析能力和抗压执行力。

加分项
1.	在 GitHub 上有高质量开源项目贡献，或在 ACM、各类 AI 挑战赛中获得优异成绩。
2.	有实习经验，接触过真实的生产环境或大规模分布式系统。
3.	对大模型生态有实操经验。

你将获得
1.	全栈视野：你将有机会了解到从底层算力到上层应用的所有技术。
2.	真实场景：拒绝纸上谈兵，面对真需求、真挑战、真压力。
3.	双导师： 技术和管理双重技能训练，在实战中学会把理论转换成成果。
 

截止日期：2027年06月12日
招聘人数：2人",DevOps 大模型 LLM RAG Python C++ Go Java Git 分布式,https://www.liepin.com/lptjob/83412889
【实习】物理算法工程师（机器人方向） - 深圳(J19300),上海联影,250元/天,深圳-福田区,深圳,硕士,,6月12日更新,liepin,"职责描述：
负责影像/3D内窥镜引导手术机器人的系统物理设计-算法优化-性能闭环 ，主导以下 至少一项核心工作：
1. 机器人物理系统与AI控制
· 手术机器人构型设计、动力学建模与物理参数优化（刚度/惯量）
· 高精度伺服控制算法（自适应/阻抗控制）
· AI驱动的智能避障、轨迹规划及自主运动（强化学习/模仿学习）
· 数字孪生构建与虚拟调试（覆盖物理-控制全链路）
2. 内窥镜图像全链路调优
· 光学系统设计（光源/镜头/传感器）与 硬件级图像优化（畸变校正/景深扩展）
· ISP图像链路调优（降噪/HDR/低延迟处理）
· AI图像增强算法（超分/去模糊）
· 图像质量评价体系构建（MTF/SNR/畸变量化）
3. 3D视觉-物理融合导航
· 亚毫米级视觉定位（器械/组织空间映射）
· 视觉伺服控制（闭环策略/力-视觉混合控制）
· 场景语义分割生成安全边界（如Organ-at-Risk识别）
任职要求：
1.硕士及以上学历（博士优先），专业包括但不限于：机器人学/计算机视觉/光学工程/生物医学工程/自动化
2.核心能力（需同时满足2项+，带★为重点项）：
1)★ 机器人物理系统能力，机器人动力学建模、伺服控制（阻抗/力控）、实时系统开发经验
2)★ 内窥镜图像技术栈，
3)光学设计（Zemax/OpticStudio）或 ISP优化（降噪/畸变校正）
4)传统+深度学习图像处理（超分/去模糊/分割）
5)★ 3D视觉-机器人融合
6)视觉伺服、手眼标定、亚毫米级术中导航、多模态配准
7)AI算法工程化能力
8)深度学习模型开发（PyTorch/TensorFlow）
9)医疗场景模型部署优化（TensorRT/ONNX/量化加速）
10)跨系统集成能力
11)精通C++/Python、ROS/ROS2、OpenCV、MATLAB
12)光-机-电-算协同开发与问题闭环经验
3.以下医疗行业相关经验为加分项：
1)熟悉医疗设备开发流程（IEC 60601/ISO 13485）
2)具备手术机器人安全设计意识（无菌/电磁兼容/急停机制）
3)有动物实验/临床反馈迭代经验

截止日期：2027年06月12日
招聘人数：1人",计算机视觉 深度学习 PyTorch TensorFlow ONNX C++ Python ROS OpenCV MATLAB,https://www.liepin.com/lptjob/83396365
【实习】物理算法工程师（机器人方向） - 武汉(J19301),上海联影,250元/天,武汉-江夏区,武汉,硕士,,6月12日更新,liepin,"职责描述：
负责影像/3D内窥镜引导手术机器人的系统物理设计-算法优化-性能闭环 ，主导以下 至少一项核心工作：
1. 机器人物理系统与AI控制
· 手术机器人构型设计、动力学建模与物理参数优化（刚度/惯量）
· 高精度伺服控制算法（自适应/阻抗控制）
· AI驱动的智能避障、轨迹规划及自主运动（强化学习/模仿学习）
· 数字孪生构建与虚拟调试（覆盖物理-控制全链路）
2. 内窥镜图像全链路调优
· 光学系统设计（光源/镜头/传感器）与 硬件级图像优化（畸变校正/景深扩展）
· ISP图像链路调优（降噪/HDR/低延迟处理）
· AI图像增强算法（超分/去模糊）
· 图像质量评价体系构建（MTF/SNR/畸变量化）
3. 3D视觉-物理融合导航
· 亚毫米级视觉定位（器械/组织空间映射）
· 视觉伺服控制（闭环策略/力-视觉混合控制）
· 场景语义分割生成安全边界（如Organ-at-Risk识别）
任职要求：
1.硕士及以上学历（博士优先），专业包括但不限于：机器人学/计算机视觉/光学工程/生物医学工程/自动化
2.核心能力（需同时满足2项+，带★为重点项）：
1)★ 机器人物理系统能力，机器人动力学建模、伺服控制（阻抗/力控）、实时系统开发经验
2)★ 内窥镜图像技术栈，
3)光学设计（Zemax/OpticStudio）或 ISP优化（降噪/畸变校正）
4)传统+深度学习图像处理（超分/去模糊/分割）
5)★ 3D视觉-机器人融合
6)视觉伺服、手眼标定、亚毫米级术中导航、多模态配准
7)AI算法工程化能力
8)深度学习模型开发（PyTorch/TensorFlow）
9)医疗场景模型部署优化（TensorRT/ONNX/量化加速）
10)跨系统集成能力
11)精通C++/Python、ROS/ROS2、OpenCV、MATLAB
12)光-机-电-算协同开发与问题闭环经验
3.以下医疗行业相关经验为加分项：
1)熟悉医疗设备开发流程（IEC 60601/ISO 13485）
2)具备手术机器人安全设计意识（无菌/电磁兼容/急停机制）
3)有动物实验/临床反馈迭代经验

截止日期：2027年06月12日
招聘人数：1人",计算机视觉 深度学习 PyTorch TensorFlow ONNX C++ Python ROS OpenCV MATLAB,https://www.liepin.com/lptjob/83396189
算法工程师（光学项目）,上海万业元创科技有限公司,20-30k·13薪,上海-浦东新区,上海,硕士,应届,6月11日更新,liepin,"岗位职责：
1、负责半导体缺陷检测算法研发，包括但不限于图像预处理、特征提取、缺陷分类与定位等模块。
2、开发基于深度学习或传统图像处理的检测算法，优化模型精度与实时性。
3、针对复杂场景（如暗场散射、显微成像）设计鲁棒性算法，解决噪声干扰、光照不均等问题。
4、优化算法性能（如内存占用、计算效率），将算法部署至工业设备，适配GPU/CUDA加速或FPGA异构计算平台，确保实时性（如毫秒级处理）。
5、与光学、机械、硬件团队协作，完成系统集成与设备调试，提供技术解决方案。
6、为客户提供现场技术支持，快速响应设备故障与算法调优需求。
7、编写算法设计文档、测试报告及专利材料，参与技术评审与迭代优化。8、跟踪行业前沿技术，探索创新应用场景。

任职要求：
1、计算机视觉、模式识别、自动化、人工智能、计算机、数学、统计学等相关专业硕士及以上学历；2026届毕业生
2、较好的编程能力，精通C++/C#/Python编程，熟悉OpenCV等图像处理库，掌握PyTorch/TensorFlow框架。
3、熟悉数字图像处理，深度神经网络模型，异构并行计算等；
4、数学基础扎实，熟悉线性代数、概率统计等相关理论。
5、掌握前沿的缺陷识别/分类的深度学习模型，并可根据具体数据和检测需求进行参数调优和算法优化。
6、具有深度学习算法的实际部署和维护的经验者优先。
7、对半导体检测，工业缺陷识别和分类有经验者优先；
8、对新技术充满好奇心，能够接受难题的挑战，善于提出新的思路并能快速动手验证。

 

截止日期：2027年06月11日
招聘人数：1人",深度学习 FPGA 计算机视觉 C++ C# Python OpenCV PyTorch TensorFlow 技术支持 专利,https://www.liepin.com/lptjob/83376989
电池系统开发（研二实习生）,FEV,180-200元/天,廊坊-三河,廊坊,本科,,6月9日更新,liepin,"职责
电池系统开发，负责电池包集成、系统架构设计及需求制定

协助分析并优化电池系统的能量、功率、热性能及耐久表现，参与电池包结构设计与评估

开发并验证SOx估算方法，制定电芯至整车级测试方案，负责测试规范、验证计划及问题分析

保障电池相关法规合规，对接客户与供应商，支撑技术沟通及项目交付

【要求】

本科及以上学历，电气、车辆、材料、机械等相关专业

熟悉电池架构、工作原理、电化学基础；掌握机械结构、系统集成、SOx估算、电池算法中的至少一项

熟悉测试标准与DV、PV流程；熟悉MATLAB、Python、CAN工具；了解BMS架构及ISO/IEC/UN标准

良好的团队合作能力和沟通能力

【地点】

上海 / 燕郊 / 北京 / 天津
实习要求

截止日期：2027年06月09日
招聘人数：1人",MATLAB Python CAN 合规 IEC,https://www.liepin.com/lptjob/83291919
电池系统开发（研二实习生）,FEV,180-200元/天,天津-河东区,天津,本科,,6月9日更新,liepin,"职责
电池系统开发，负责电池包集成、系统架构设计及需求制定

协助分析并优化电池系统的能量、功率、热性能及耐久表现，参与电池包结构设计与评估

开发并验证SOx估算方法，制定电芯至整车级测试方案，负责测试规范、验证计划及问题分析

保障电池相关法规合规，对接客户与供应商，支撑技术沟通及项目交付

【要求】

本科及以上学历，电气、车辆、材料、机械等相关专业

熟悉电池架构、工作原理、电化学基础；掌握机械结构、系统集成、SOx估算、电池算法中的至少一项

熟悉测试标准与DV、PV流程；熟悉MATLAB、Python、CAN工具；了解BMS架构及ISO/IEC/UN标准

良好的团队合作能力和沟通能力

【地点】

上海 / 燕郊 / 北京 / 天津
实习要求

截止日期：2027年06月09日
招聘人数：1人",MATLAB Python CAN 合规 IEC,https://www.liepin.com/lptjob/83291917
电池系统开发（研二实习生）,FEV,180-200元/天,上海-嘉定区,上海,本科,,6月9日更新,liepin,"职责
电池系统开发，负责电池包集成、系统架构设计及需求制定

协助分析并优化电池系统的能量、功率、热性能及耐久表现，参与电池包结构设计与评估

开发并验证SOx估算方法，制定电芯至整车级测试方案，负责测试规范、验证计划及问题分析

保障电池相关法规合规，对接客户与供应商，支撑技术沟通及项目交付

【要求】

本科及以上学历，电气、车辆、材料、机械等相关专业

熟悉电池架构、工作原理、电化学基础；掌握机械结构、系统集成、SOx估算、电池算法中的至少一项

熟悉测试标准与DV、PV流程；熟悉MATLAB、Python、CAN工具；了解BMS架构及ISO/IEC/UN标准

良好的团队合作能力和沟通能力

【地点】

上海 / 燕郊 / 北京 / 天津
实习要求

截止日期：2027年06月09日
招聘人数：1人",MATLAB Python CAN 合规 IEC,https://www.liepin.com/lptjob/83291915
Agent开发工程师（后端方向）,上汽云计算中心,150-300元/天,南京-浦口区,南京,本科,,7月20日更新,liepin,"1、工业 Agent 后端能力开发
参与工业 Agent 后端服务开发
协助实现 Agent 的任务调度、工具调用、状态管理等核心能力
2、大模型与系统集成
参与大语言模型（LLM）在工业系统中的接入与调用
协助实现 Prompt、Function / Tool 调用、简单 Workflow
3、制造业务逻辑实现
学习并参与生产计划、生产执行等制造业务逻辑开发
将业务规则转化为可执行的系统逻辑
4、接口开发与系统协作
参与后端 API、数据处理、日志与异常机制开发
协助完成前后端联调与功能测试
5、技术调研与工程支持
参与 Agent、多智能体、工业 AI 相关技术调研
编写技术说明、实验报告或 Demo 文档
任职资格
基本要求
本科 / 硕士在读，计算机、软件工程、自动化、人工智能等相关专业
掌握至少一门后端语言（Python / Java / Go 等）
了解基础数据结构、算法与计算机基础知识
具备良好的逻辑能力和问题分析能力
加分项
使用过 FastAPI / Flask / Spring Boot 等后端框架
接触过 LLM、Agent、RAG 或 AI 项目
了解 APS / MES / ERP / 工业互联网相关概念
有数据库、消息队列或微服务基础

截止日期：2027年06月08日
招聘人数：1人",大模型 LLM Python Java Go FastAPI Flask Spring Boot RAG 微服务 功能测试,https://www.liepin.com/lptjob/83234751
机械工程师,三一集团,13-17k·13薪,苏州-昆山,苏州,硕士,应届,6月8日更新,liepin,"工作职责
1. 负责专用设备变速箱的结构设计与优化，输出满足性能要求的工程图纸及技术规范文档。
2. 主导变速箱与电控系统的集成方案设计，完成动力传递链路的匹配验证与调试。
3. 运用CAE工具对变速箱关键部件进行强度、模态分析，确保结构可靠性与运行稳定性。
4. 参与电控系统的功能需求分析，协同电气团队完成动力系统的联调与性能优化。
5. 跟踪变速箱与电控系统的生产制造过程，解决装配、测试阶段的技术问题。
任职要求
1. 硕士及以上学历，机械工程、车辆工程或自动化相关专业。
2. 具备3年以上机械设计经验，熟悉变速箱（如齿轮箱、液压变速箱）的结构原理与设计规范。
3. 掌握CAD（SolidWorks/UG）、CAE（ANSYS/Abaqus）等设计与仿真工具，能独立完成有限元分析。
4. 了解电控系统基本原理，具备机械与电控系统集成的项目经验优先。
5. 具备较强的问题解决能力，能快速定位并解决动力系统设计与调试中的技术难题。

截止日期：2027年06月08日
招聘人数：5人",方案设计 需求分析 SolidWorks UG CAE ANSYS Abaqus,https://www.liepin.com/lptjob/83231491
ros机器人工程师（实习岗，可转正）,安徽省具身因赛科技有限公司,120-150元/天,合肥-高新区,合肥,本科,,6月17日更新,liepin,"毕业时间：不限
应届+实习都可
岗位职责
ROS 机器人系统开发与集成
基于 ROS（Robot Operating System）进行机器人应用软件的开发、调试和优化，确保系统稳定性和性能。
负责将算法工程师开发的感知、规划、控制等模块集成到 ROS 系统中，并进行系统级测试与验证。
通信与中间件开发
熟悉 ROS 通信机制（Topic/Service/Action 等），优化节点间数据传输效率，解决多节点通信中的延迟和同步问题。
熟悉 ROS 与外部系统（如嵌入式设备、上位机、云平台）的通信接口开发（如 ROS-Industrial、ROS2 等）。
机器人功能测试与验证
搭建机器人仿真环境（如 Gazebo、Rviz），配合算法团队进行算法验证与性能调优。
设计并执行机器人系统的功能测试、性能测试及可靠性测试，输出测试报告。
跨团队协作
与算法工程师、硬件工程师协作，参与机器人系统的需求分析、方案设计及问题排查。
编写技术文档，包括设计文档、接口文档、用户手册等。
任职要求（技能）
必备技能
ROS 开发经验
熟练掌握 ROS1/ROS2 框架，具备实际的 ROS 项目开发经验，熟悉常用工具（catkin、colcon、roslaunch 等）。
熟悉 ROS 常用功能包（如 Navigation、Movelt、TF 等）及仿真工具（Gazebo、Rviz）。
编程能力
精通 C++ 和 Python，熟悉面向对象编程、多线程编程及性能优化。
熟悉 Linux 开发环境，掌握 Shell 脚本、CMake 等工具。
机器人基础知识
了解机器人学基础概念（如运动学、传感器融合、SLAM、路径规划等）。
熟悉机器人常见传感器（如激光雷达、IMU、摄像头）的 ROS 驱动集成。
通信与系统集成
熟悉 ROS 通信机制及网络协议（TCP/UDP/DDS），有跨平台通信开发经验者优先。
了解实时系统（RTOS）或嵌入式开发（如 STM32、ROS-on-ARM）者优先。
加分项
有机器人产品（如 AGV、服务机器人、工业机械臂）量产落地经验。
熟悉 Docker 容器化部署或 ROS 集群管理。
熟悉机器学习 / 深度学习算法在 ROS 中的部署（如 TensorRT、OpenCV）。
教育背景与经验
本科及以上学历，计算机、自动化、机器人、电子信息等相关专业。
2 年以上 ROS 开发经验，有完整机器人项目开发经历者优先。
公司是初创明星企业，院士股东，上市公司原班人马。我们需要长期陪跑的同志加入，该岗位每年一次调薪，平均 30% 左右

截止日期：2027年06月08日
招聘人数：1人",ROS C++ Python Linux Shell CMake SLAM RTOS STM32 ARM Docker 容器化,https://www.liepin.com/lptjob/83231099
自控助理工程师,制药科创板上市1000-2000人,6-7k,苏州-昆山,苏州,本科,应届,7月24日更新,liepin,"岗位职责：
1. 参与工厂内自控系统（PLC/BMS/EMS/DCS/SCADA）设计、维护并持续优化符合GMP、数据完整性及工业安全要求，确保数据真实可靠，并提升生产运营的智能化与合规水平。
2. 负责全厂自控系统的日常监控、维护及故障应急处理。
3. 执行系统变更控制流程，负责自控程序、画面的小幅修改与测试。
4. 参与新建、改造项目的自控方案设计，编制或审核技术规格书（URS）、功能设计说明（FDS）、详细设计说明（DDS）。
5. 负责自控系统的编程组态（遵循ISA S88/S95标准）、硬件配置、安装指导及系统集成调试。
6. 管理自控项目相关的软件、图纸、手册等技术文档。
7. 协调并监督供应商及集成商的工作质量与进度。
8. 分析自控系统运行数据，优化控制逻辑、联锁保护及报警管理，提升工艺控制精度与生产效率。
9. 负责自控系统软硬件的定期升级与生命周期管理规划。
10. 负责自控系统使用人员的培训工作。



任职要求：
1. 本科，自动化、仪器仪表、电气工程、计算机或相关专业。
2. 一年以上制药、生物制品、医疗器械等相关行业自控系统设计、运维或验证经验，优秀应届生亦可。
3. 理解并熟悉GMP、GAMP5、21 CFR Part 11 等制药行业核心法规与指南。
4. 完整参与过至少1个中大型自控系统（BMS、EMS、DCS或PLC-SCADA）的选型、实施、调试及验证全过程。
5. 精通过程控制原理（PID、顺序控制、批量控制），深入理解工业网络与通信协议。
6. 熟练使用AutoCAD或EPLAN绘制/阅读P&ID、仪表回路图、控制系统架构图。
7. 熟练使用办公软件，并能运用高级功能处理数据。
8. 动手能力强，执行能力强，责任心强，诚实敬业，能主动承受工作压力。

截止日期：2027年05月11日
招聘人数：1人",合规 方案设计 技术文档 培训 PLC BMS EMS DCS,https://www.liepin.com/lptjob/83200469
运维工程师,安东石油技术(集团)有限公司,13-14k,巴音郭楞-库尔勒,,硕士,应届,6月13日更新,liepin,"主要职责分类
一、系统与平台管理
1、负责Microsoft 365（O365）平台的配置、管理及日常维护，确保系统的稳定性与安全性。
2、参与Azure云平台的管理与优化，支持混合云架构的集成。
3、协助部署与维护企业级邮件系统（如Exchange Online），并确保系统符合数据合规性要求。
4、配置和管理Microsoft Defender for Endpoint，确保终端设备的安全。
5、根据业务需求和技术架构，参与系统和平台的优化和升级工作。
用户培训与支持，提供Teams及其他O365工具的用户培训，帮助员工提升工具使用效率。
6、提供全公司范围内的技术支持，解答用户在使用各类系统时遇到的技术问题。编写和维护操作手册、技术文档和培训材料。
二、基础设施支持
1、配合团队进行网络、服务器硬件的安装、配置及故障排除工作。
2、配合项目进行系统集成、故障排除和日常维护，确保系统可靠运行。
三、业务系统支持
提供OA系统及其他业务系统（如邮件系统、协作工具等）的支持，确保业务流程的顺畅。

四、职位要求分类

学历与经验
计算机科学、信息技术或相关专业硕士以上学历。
至少两年在IT支持或工程相关领域的工作经验。
技术能力
熟悉Microsoft 365、Teams、Exchange Online等O365工具的配置与管理。
具备Azure云服务的管理经验，能够实施和优化云基础架构。
熟悉网络、服务器、操作系统（如Windows 10/11）的安装、配置及故障排除。
能够进行多业务系统（如OA系统、邮件系统等）的支持与维护。
沟通与培训能力
优秀的沟通能力，能够进行用户培训并解答技术问题。
能够编写清晰的操作手册和培训材料。
证书与加分项
持有Microsoft相关认证（如MCSA、MCSE、Microsoft Certified: Azure Fundamentals等）者优先。
有IT项目管理经验者（ITIL/PMP证书）优先。
熟悉PowerShell脚本编写和自动化管理。
具备Microsoft Intune、Defender for Endpoint等安全管理工具的操作经验。
有跨部门协作和项目管理经验，能有效推动项目落地。
学习与发展
具备较强的学习能力，能够快速掌握新技术并应用到实际工作中。

截止日期：2027年06月04日
招聘人数：1人",ROS Azure Shell 合规 培训 技术支持 技术文档 项目管理 跨部门协作,https://www.liepin.com/lptjob/83133033
