job_name,company_name,salary,work_area,city,education,work_year,issue_date,source,skill_requirements,tech_tags,job_url
网络安全工程师/Cyber Security Engineer,卫德亿检测技术（上海）有限公司苏州,1.2-2万,苏州·苏州工业园区,苏州,本科,2年及以上,2026-08-06 10:19:01,job51,"职位描述：
1. 根据 EN303645、GSMA 和 NIST SP 出版物等行业安全标准进行网络安全测试
2. 负责产品安全测试研究和能力构建，如白盒安全测试、Fuzz测试等，提升实验室安全测试能力；
3. 跨多种平台和技术进行物联网渗透测试、风险评估和漏洞评估；
4. 独立完成信息安全合规评价，测试，审核工作，并编辑输出项目报告和证书；
5. 能够独立处理项目中客户的疑问，为客户提供法规合规培训咨询服务，确保客户熟悉法规和标准要求，输出必要的文档和流程，支持项目开展；
6. 拟定测试标准指导文件，并运用到日常检测、审核业务流程中。

岗位要求：
1. 网络安全、计算机科学、信息安全、或通讯相关领域毕业，本科及以上学历；
2. 掌握各种渗透测试工具并且对其原理有深入了解，可独立开展安全漏洞挖掘与测试；
3. 熟悉脚本语言 (Python、JavaScript、Shell等)。可以开发测试脚本；
4. 对用于支持和管理业务的各种信息技术领域(即网络、网络、数据库、云、电话、移动应用程序等)有广泛的了解，并在至少两个相关领域有深入的经验技术且能熟练使用 Unix/Linux、移动平台操作系统；
5. 熟悉Wi-Fi、蓝牙、Zigbee/Matter/Thread 等无线安全；
6. 英语CET-6级，能够看懂中英文版标准和客户文件，或以上者优先。",渗透测试 Python JavaScript Shell Unix Linux 安全合规 合规 培训,https://jobs.51job.com/suzhou-gyyq/158771012.html?s=sou_sou_soulb&t=0_0&req=a52f48475c609dcad80730f1f760eb93
网络安全管理岗-R6464G,华润江苏医药,8千-1.5万,苏州·吴中区,苏州,本科,3-5年,2026-07-30 14:23:17,job51,"工作职责：
1、负责制定区域本部整体网络技术架构规划、中长期发展战略及迭代方案，结合公司业务发展、数字化转型需求，统筹总部、各分子公司、分支机构及数据中心、云平台的网络整体架构设计。涵盖局域网、广域网、骨干网、园区网、数据中心网络、混合云网络、远程办公网络等全场景架构，搭建统一、标准化、集约化的集团网络技术体系，规避架构冗余、性能瓶颈及扩展性不足等问题。
2、负责企业办公网、园区网、机房网络日常运维、监控，保障全网稳定运行； 负责交换机、路由器、防火墙、AC/AP、VPN等设备配置、调试、变更及割接； 
3、快速处理网络卡顿、断网、环路、访问异常等各类故障，输出复盘优化； 
4、保障系统自身业务安全、运维安全、网络安全、数据安全、主机安全等； 
5、更新拓扑、IP台账、设备配置备份，配合等保、安全整改及项目落地；
6、负责安全告警监测、日志分析、异常终端溯源和应急处置，落实集团网络安全检查要求并推动问题整改；
7、负责区域及下属公司的网络规划、架构设计。
任职资格：
1、本科及以上学历，计算机、网络工程、通信工程、信息技术等相关专业，3年以上大型集团企业总部网络架构设计相关工作经验，35岁以下。
2、精通TCP/IP、路由交换原理，熟练掌握VLAN、OSPF、NAT、ACL、VPN等技术； 
3、精通主流厂商设备调试，具备独立排错、现场实施能力； 
4、 熟练运用各类网络安全设备（防火墙、IDS/IPS、WAF、堡垒机等）、渗透测试工具、漏洞扫描工具，具备丰富的实战经验，能快速定位并解决复杂网络安全疑难问题。 
5、熟悉攻防技术，能够处理突发性安全事件； 
6、工作认真负责，具有良好的沟通能力和文档撰写能力，能够适应较大的工作压力。",防火墙 TCP/IP IDS IPS 渗透测试 漏洞扫描 日志分析,https://jobs.51job.com/suzhou-wzq/173098743.html?s=sou_sou_soulb&t=0_0&req=a52f48475c609dcad80730f1f760eb93
网络安全标准解读（高级安规工程师）,固德威技术,1.5-2.5万·14薪,苏州,苏州,本科,3年及以上,2026-06-10 16:55:45,job51,"岗位职责:
岗位职责：
1. 公司网络安全的外部接口人和必要的流程归口人； 
2. 拉通各部门建立统一的网络安全规范，制定统一的网络安全开发流程； 
3. 监控和跟踪全球网络安全法规，并进行解读，提炼对公司体系和产品的安全需求，及时宣贯，使产品符合相关网络安全法规要求； 
4. 关注最新的安全资讯，包括漏洞、攻击事件、数据泄露、友商网络安全等相关信息，结合公司体系和产品进行分析，提供防范方案，保证公司产品网络安全合规； 
5. 负责公司内网络安全相关的安规认证工作，掌握认证进度，达成认证目标； 
6. 负责跨部门拉通、协调，对PCS、EMS、PCS等部门进行网络安全合规性宣贯； 
7. 参与网络安全相关的法律法规或项目/客户要求的答疑、交流，对网络安全的落地方案、测试、验证进行指导和评审；
岗位要求：
1. 大学本科及以上学历，计算机、网络工程、自动化、电子信息、通信等相关专业，3年以上网络安全相关工作经验； 
2. 熟悉网络安全认证流程；
3. 熟悉并理解IEC 62443-4-1/2标准、EN 303645、 CRA、GDPR 、NIS2等法规标准。
4. 掌握 TCP/IP 、HTTP/HTTPS、DNS 等网络协议，及 Windows/Linux 系统架构、权限管理，理解网络通信与系统运行机制；
5. 熟悉对称加密(AES、DES)、非对称加密(RSA、ECC )、哈希算法( SHA-256MD5 )等基础知识，理解密码学基础理论，了解安全策略制定、风险评估方法；
6. 具备CISSP、CISP、CEH等安全认证者优先；
7. 英语水平良好者优先；",TCP/IP Linux 加密 安全合规 EMS EN CRA GDPR,https://jobs.51job.com/suzhou/172502257.html?s=sou_sou_soulb&t=0_0&req=a52f48475c609dcad80730f1f760eb93
信息网络安全工程师（沪利微电）,沪士电子,1-1.5万·13薪,昆山,苏州,本科,2年及以上,2026-07-08 10:17:09,job51,"工作职责：
1.负责公司信息安全建设，包括网络安全、数据安全、办公安全、供应商安全等；
2. 协助进行安全事件的分析与处理，及时响应潜在威胁；
3.支持网络安全演练及合规性检查工作；
4.需要出差协助分公司工作
工作要求：
1.了解典型的安全防护系统，文件加解密、水印技术F、防病毒系统和运维堡垒机等
2.数据防泄漏产品架构及原理，能进行安全策略配置及异常分析
3.精通信息安全技术和相关产品知识；有较强的技术基础，具有分析网络、主机、数据库、应用系统的安全漏洞的能力；",合规,https://jobs.51job.com/kunshan/170755272.html?s=sou_sou_soulb&t=0_0&req=a52f48475c609dcad80730f1f760eb93
网络安全测试工程师,中国汽车工程研究院,7千-1.2万,苏州·虎丘区,苏州,本科,1-5年,2026-07-29 09:18:11,job51,"岗位职责:
1、依据 GB44495、GB44496、GB/T44464等国家强制性/推荐性标准，对车机及车载相关系统开展网络安全、数据安全摸底测试与合规验证工作，参与测试全流程，输出规范测试报告
2跟踪标准更新与行业合规要求，优化测试方法、用例库及测试流程，提出自动化测试需求以提高效率
 3、深入理解客户需求，为市场拓展团队提供技术支持和解决方案建议;参与客户交流会议，展示测试能力和技术水平，增强客户信任;跟踪行业动态，协助市场拓展团队了解竞争对手的技术动态和市场趋势。
岗位要求：
1.本科及以上学历，计算机、网络工程、信息安全、车辆工程、电子信息等相关专业。熟悉 GB 44495、GB 44496、GB/T 44464 等汽车网络安全、数据安全国家标准，有相关合规测试 / 摸底经验优先。
2. 了解车载系统架构、车机、车载网络、OTA、TSP / 车云通信基本原理。- 掌握基础网络安全测试方法：端口扫描、漏洞验证、抓包分析、权限测试、日志审计等。
3. 熟悉数据安全测试要点：数据加密、传输安全、存储安全、访问控制、隐私合规等。能独立编写测试方案、测试用例、测试报告，逻辑清晰，文档规范。具备良好的沟通协作、问题定位与推动闭环能力，责任心强，能承受项目节点节奏。",加密 合规 自动化测试 技术支持 审计 测试用例,https://jobs.51job.com/suzhou-hq/173075537.html?s=sou_sou_soulb&t=0_0&req=a52f48475c609dcad80730f1f760eb93
信息安全工程师(J10161),苏州纽威阀门,9千-1.6万·13薪,苏州·虎丘区,苏州,本科,3年及以上,2026-07-24 14:15:43,job51,"工作职责:
一、安全架构与防护：
1、参与设计和优化又死网络、系统及云环境的安全架构。
2、部署、配置和管理各类安全防护设备与工具（如防火墙、WAF、IDS/IPS、SIEM、端点防护等）
3、实施和维护身份认证与访问控制（IAM）策略
二、安全运维与监控：
1、负责安全系统的日常监控、巡检、策略调优与故障处理
2、分析安全日志和告警，调查潜在的安全事件或异常活动
3、建立并执行难定期的安全漏洞扫描、评估和渗透测试，并跟踪修复闭环。
三、安全响应与处置：
1、作为安全事件应急响应团队的关键成员，负责安全事件的检测、分析、遏制、根除和恢复。
2、撰写安全事件分析报告，并推动后续整改措施落实。
四、合规与风险管理：
1、协助进行安全风险评估，制定并落实风险处置计划。
2、支持满足等级保护、ISO27001、GDPR等相关法律法规及合规要求。
五、安全意识与培训：
1、参与制定和开展员工安全意识培训计划
2、编写和维护信息安全管理制度、流程和技术文档。
任职资格:
1、计算机科学、信息安全或相关专业本科及以上学历。
2、3年以上信息安全相关工作经验，具备扎实的网络安全、系统安全基础知识。
3、熟悉常见的网络协议、操作系统（Windows/Linux）和网络设备。
4、熟悉OWASP Top 10等常见Web安全漏洞原理及防护方法。
5、具备至少一种主流云服务平台（如AWS, Azure, 阿里云，腾讯云）的安全实践经验。
6、熟悉至少一种脚本语言（如Python, PowerShell, Bash），能用于自动化安全任务。
7、良好的逻辑思维能力、问题分析和解决能力，能承担压力。
8、出色的沟通能力和团队协作精神。",防火墙 IDS IPS 漏洞扫描 渗透测试 Linux AWS Azure 阿里云 腾讯云 Python Shell 应急响应 合规 风险管理 培训 技术文档,https://jobs.51job.com/suzhou-hq/169969611.html?s=sou_sou_soulb&t=0_0&req=a52f48475c609dcad80730f1f760eb93
信息安全工程师,昆山日月同芯半导体,7千-1万,昆山,苏州,本科,2年及以上,2026-07-28 14:03:59,job51,"【工作内容】
1、根据公司信息安全计划的安排，完成相关工作；
2、主导服务器、终端及数据库的安全加固，定期开展渗透测试与应急响应演练；
3、监控安全日志与异常流量，快速响应并处置各类网络安全事件，输出分析报告；
4、解决公司数据中心日常网络问题及电脑设备的安全防毒等相关工作；
5、制定并优化信息安全管理制度，组织全员安全意识培训与合规性自查。

【任职要求】
1、计算机、网络安全或相关专业本科及以上学历，持有CISSP/CISP等证书者优先；
2、精通TCP/IP协议，熟悉防火墙、WAF、IDS/IPS等主流安全设备配置与调优；
3、具备2年以上电子或互联网行业安全运维经验，熟悉Linux/Windows系统安全加固；
4、掌握常见Web漏洞原理及防御手段，具备独立编写安全脚本及自动化运维能力；
5、具备良好的逻辑分析能力与抗压素质，对新技术敏感，拥有强烈的责任心。",渗透测试 TCP/IP 防火墙 IDS IPS Linux 应急响应 培训 合规,https://jobs.51job.com/kunshan/173066642.html?s=sou_sou_soulb&t=0_0&req=a52f48475c609dcad80730f1f760eb93
网络信息安全工程师,亿恩科化工新材料（苏州）,1.2-1.8万,张家港,苏州,本科,5年及以上,2026-06-25 15:28:01,job51,"工作目标：
1、构建并持续优化以客户审核为核心的信息安全制度体系；
2、完善信息安全基础设施与技术管控，保障业务连续性与数据安全；
3、实现信息资产全生命周期管控与重点项目数据保密管理；
4、建立内审与整改闭环机制，提升全员信息安全意识，确保通过客户信息安全审核。

主要职责：
1、修订信息安全保护规定，完善奖惩、保密、数据外发、项目代号定义等制度，确保贴合客户需求及公司实际。
2、明确各岗位安全职责，推动制度受控管理、全员公布及执行检查，定期检查执行情况并整改偏差。
3、推进防火墙、VPN、堡垒机、日志审计平台等部署，协调设备采购、安装、调试，满足审核及防护需求。
4、建设专属存储、异地实时备份、关键系统冷备等机制，定期检查备份有效性，保障数据安全及业务连续性。
5、排查操作系统版本版权，推动正版软件系统采购及安装，强化全员版权意识。
6、落实密码复杂度要求，完善账号权限申请流程，配置数据读写增删改查权限，实行项目组内部加密域管控。
7、定期组织内审，跟踪整改落实情况，形成内审报告，督促各部门完成自审。
8、落实文控中心专职人员及专用房间，明确职责；制定年度信息安全培训计划，覆盖全员及重点项目专项培训，保存记录。
9、协助人事部门识别关键岗位，落实背景调查、保密及竞业限制协议签署；开展信息安全宣传教育，落实奖惩机制及领导连带责任。
10、协调各部门落实供应商信息安全管控要求，跟踪物流GPS等专项进度，建立应急响应机制，定期排查隐患并整改，完成管理层交办的其他任务

岗位要求：
1、本科及以上学历，信息安全、计算机、网络工程等相关专业；熟悉信息安全管理体系（如ISO27001），持有CISP、CISSP、CISA等相关信息安全认证者优先。
2、5年以上信息安全相关工作经验，具有制造业信息安全管理、客户信息安全审核对接经验者优先；
3、有信息安全体系搭建、制度完善、基础设施部署（防火墙、堡垒机、备份系统等）相关实操经验，能独立统筹整改项目落地；
4、具有涉密项目管理、信息资产分级分类、数据安全管控相关经验，熟悉保密协议、竞业限制相关管理要求；
5、具备极强的保密意识和责任心，以及跨部门沟通协调能力，能高效对接人事、IT、C项目组等各部门，推动信息安全工作协同落地
6、优待事项：韩语能通者（信息安全、计算机领域）",防火墙 加密 GPS 审计 采购 培训 应急响应 项目管理,https://jobs.51job.com/zhangjiagang/171114277.html?s=sou_sou_soulb&t=0_0&req=a52f48475c609dcad80730f1f760eb93
云安全工程师-[350037],安德烈斯蒂尔动力工具（青岛）,1.5-3万·14薪,苏州·苏州工业园区,苏州,本科,5年及以上,2026-07-27 10:14:25,job51,"Job Summary
Responsible for the architecture design, operations, and security governance of AWS and Volcano-based cloud platforms, ensuring high availability, performance, and compliance for enterprise and AI/ML workloads.
________________________________________
Key Responsibilities
1. Architecture Design（架构设计）
•	Design and optimize AWS cloud architecture (EC2, VPC, IAM, S3, EKS, etc.)
•	Design Kubernetes / Volcano platform for AI, batch, and HPC workloads
•	Define cloud and container platform standards aligned with AWS and CNCF best practices
•	Support cloud onboarding for enterprise applications and R&amp;D teams
________________________________________
2. Operations &amp; Support（运维管理）
•	Operate and support AWS and Kubernetes platforms (L2/L3 support)
•	Monitor system performance, availability, and capacity planning
•	Troubleshoot cloud, container, and scheduling issues (Pod, Job, Cluster)
•	Support AI/ML workloads (e.g., PyTorch, TensorFlow, Spark)
•	Automate operations using Infrastructure as Code (Terraform, CloudFormation)
________________________________________
3. Security &amp; Compliance（安全审计）
•	Implement and manage cloud security controls: 
o	IAM (least privilege) + SSO integration
o	Network security (VPC, Security Groups, NACLs)
o	Encryption (KMS, TLS)
•	Operate security services (CloudTrail, GuardDuty, Security Hub, WAF)
•	Enforce Kubernetes security policies (RBAC, network policies)
•	Support security audits and compliance (ISO 27001, SOC, internal standards)
•	Perform incident response, RCA, and risk assessment
•	Support vulnerability management and OSS compliance
(Experience with Black Duck is preferred)
________________________________________
Required Qualifications
Technical
•	Solid AWS experience (EC2, VPC, IAM, EKS)
•	Hands-on Kubernetes operations experience
•	Understanding of cloud and container security
Experience
•	3–8 years in Cloud / DevOps / SRE / Platform Engineering
•	Experience in enterprise or production environments
•	Experience in OSS compliance audit (Black-Duck Tools)
Soft Skills
•	Strong problem-solving skills
•	Ability to handle incidents under pressure
•	Good English communication skills",Go AWS CAN Kubernetes PyTorch TensorFlow Spark Terraform DiT DevOps Gin 审计,https://jobs.51job.com/suzhou-gyyq/173045852.html?s=sou_sou_soulb&t=0_0&req=a52f48475c609dcad80730f1f760eb93
信息安全主任工程师,绿能起源科技（江苏）,1.8-3.5万·14薪,苏州·吴江区,苏州,本科,6年及以上,2026-07-02 13:20:01,job51,"岗位职责
1. 网络安全架构：负责全球网络安全架构的设计、部署与运维，排查网络安全隐患，制定并落地全球网络安全基线标准。
2. 多云安全管控：主导AWS、阿里云等主流云平台的网络架构规划，落地混合云、多云安全方案，落实云权限、加密、监控等安全策略及风险整改。
3. 安全运营落地：运维防火墙、EDR、SIEM、DLP等各类安全设备，开展漏洞评估、渗透测试、安全事件处置，搭建各类安全运维及应急文档体系。
4. 合规与海外项目：主导海外安全项目落地，全权负责ISO27001、TISAX等安全认证及审计工作，对接外部审计机构，统筹合规整改。
5. 制度体系建设：起草、更新双语版全球信息安全政策、流程及规范，贴合NIST、TISAX等行业标准，输出可落地的安全管理制度。
6. 协同与项目管理：跨部门联动业务、研发、法务等团队，开展安全培训与风险评审；统筹外部供应商、审计机构合作，独立落地各类安全项目。
核心任职资格
1. 学历与经验：计算机、网络安全等相关专业本科及以上学历，6年以上网络+信息安全复合经验，含3年以上安全架构/运营实操经验。
2. 网络与安全能力：精通TCP/IP、路由交换等网络协议，熟练操作Palo Alto、Fortinet等主流安全设备，掌握各类安全系统部署运维。
3. 云安全能力：精通至少一种主流云平台（AWS/Azure/阿里云），具备VPC设计、IAM权限管控、云安全配置落地实操经验。
4. 项目与合规经验：有跨国企业海外安全项目主导经验，熟悉ISO27001、TISAX审计认证全流程，可独立对接外部审核工作。
5. 综合能力：具备双语文档撰写、跨部门沟通、供应商管理及独立项目交付能力，可精准转化技术需求适配业务场景。
6. 语言与其他：英语口语流利，可无障碍对接海外团队与外部机构；能接受全球项目出差，抗压能力及问题排查能力优秀。
优先条件：持有CISSP、CCNP、AWS安全专项、PMP等认证，懂安全自动化、OT/ICS工业安全、锂电制造行业经验者优先",AWS 阿里云 加密 防火墙 渗透测试 TCP/IP Azure 合规 审计 项目管理 培训,https://jobs.51job.com/suzhou-wjq/172769136.html?s=sou_sou_soulb&t=0_0&req=a52f48475c609dcad80730f1f760eb93
Regional OT Security Expert ID213673,马勒机电技术（苏州）,2-3万,常熟,苏州,本科,5年及以上,2026-07-27 15:15:19,job51,"Your Contribution
As a Regional OT Security Expert, you will be responsible for implementing of OT security standards, tools, and initiatives within the whole China region, and supporting India and East Asia regions, ensuring alignment with global governance and regulatory requirements. Lead or support new project development according customer’s application &amp;requirements
Compliance Verification
- Assess gaps against MAHLE Group OT-IT security policies and audit requirements (especially in TISAX 6.0 control requirements)
- Visit plants regularly to verify that OT security controls are genuinely implemented

Training and Capability Building
- Deliver OT security training to plant personnel on MAHLE Group tools, policies, and best practices
- Build awareness and competence at the operational level so plants can manage OT security independently
- Coach local teams on recognizing and responding to OT security risks (e.g., unauthorized USB devices, remote maintenance risks, unusual machine behavior)

Network Segmentation and Connectivity Support
- Collaborate with IT and plants to define and implement appropriate OT-IT network segmentation (zone-and-conduit model, DMZ, etc.)
- Provide technical support on OT connectivity issues related to machine integration, remote maintenance access, and industrial network architecture
- Review proposed changes to OT network topology and provide security guidance

Incident Awareness and Policy Application
- Help plants understand and apply released MAHLE OT security policies and procedures in real production scenarios
- Support plants in identifying practical, workable solutions when they face barriers to policy compliance
- Escalate systemic or critical issues to the regional OT security lead with structured reporting

Stakeholder Collaboration
- Act as the primary technical contact between China plants, local IT, and the Group OT security team
- Provide structured feedback from plant experience to help improve Group-level policies and solutions

Your Experience &amp; Qualifications
- Bachelor or Master, degree in computer science, electrical engineering, business informatics or a comparable degree
- 5-8 years’ work experience in related domain (ideally in automotive area)
- Extensive expertise in OT security standards, security frameworks
- Willing to travel

Closing date for applications is 31st Dec. 2026
Our Offering:
We will provide a collaborative environment working on exciting assignments, along with ongoing personal &amp; career development opportunities.
We encourage you to apply even if you don't meet every single requirement. You may just be the right candidate for this or other roles!
After receiving your online application, the interview process will typically be, a screening call followed by Personal Interview(s).
For more information about MAHLE and what a career with us looks like for you, click here. and to learn more about our foundation owned technology group click here.

#TeamMAHLE is diverse – and we see that as a great advantage! We welcome applications with diverse experiences, backgrounds, and identities.",Go DiT CAN Scala Gin RAG,https://mahle.51job.com/jobdetail.html?jobid=173053146
机器人系统软件工程师,苏州镁伽科技,2.5-3.5万·16薪,苏州·苏州工业园区,苏州,本科,5年及以上,2026-08-07 16:08:47,job51,"工作职责:
1、负责机器人系统软件架构设计、核心模块开发与集成。
2、主导机器人操作系统(比如ROS 2、RTOS)、中间件(比如实时主站)、驱动及硬件抽象层的开发与优化。
3、与硬件、嵌入式、算法等团队协作，实现传感器数据流、运动控制、任务调度等系统模块的高效实时处理，优化系统整体性能。
4、保障系统稳定性、安全性与性能，解决底层关键技术难题。
5、编写核心代码、技术文档，主导代码审查，推动团队工程能力提升。
任职资格:
1、计算机、自动化、机器人等相关专业本科及以上学历，5年以上系统软件开发经验，需有机器人行业工作经验。
2、精通C++，熟悉Python，具备扎实的Linux系统、多线程/进程、网络编程能力。
3、熟悉机器人操作系统（ROS 2、RTOS），熟悉实时主站，有完整的机器人产品系统开发与部署经验。
4、熟悉常见的传感器、执行器通信与驱动开发（如EtherCAT、CAN等）。
5、具备嵌入式系统、实时系统或高性能计算优化经验者优先。
6、具备优秀的系统调试、性能分析与解决问题能力，能独立主导技术模块。",ROS RTOS C++ Python Linux CAN 技术文档,https://jobs.51job.com/suzhou-gyyq/173193686.html?s=sou_sou_soulb&t=0_0&req=a52f48475c609dcad80730f1f760eb93
软件安全检查专员（昆山）,江苏网进科技,8千-1.2万,昆山,苏州,本科,1年及以上,2026-07-06 14:44:36,job51,"【岗位职责】
1、漏洞扫描与渗透测试:定期对Web应用、移动App、小程序、API接口及后端系统进行自动化漏洞扫描和人工渗透测试，识别SQL注入、XSS、越权访问等常见安全漏洞。
2 、代码审计:参与软件开发过程中的代码安全审查，检查源代码中的安全缺陷、逻辑漏洞，从源头降低安全风险。
3、配置核查:检查服务器、数据库、中间件及安全设备的配置是否符合安全基线要求，防止因配置不当导致的安全隐患。
4、实时追踪最新的软件漏洞，更新公司漏洞知识库和检查事项。
5、其他相关工作。

【任职要求】
1、计算机、网络工程或信息安全相关专业本科及以上学历，持有CISP、CISSP等证书者优先。
2、具备1年以上软件安全测试或渗透测试经验，熟悉主流安全工具（如Burp、AWVS）的使用。
3、工作严谨细致，对数据安全高度敏感，拥有良好的职业道德及团队协作精神。

本公司只认可学信网学历。",漏洞扫描 渗透测试 SQL 审计 知识库 XSS AWVS,https://jobs.51job.com/kunshan/172806886.html?s=sou_sou_soulb&t=0_0&req=a52f48475c609dcad80730f1f760eb93
Cyber Security Analyst,维益烘焙产品（天津）,2.5-2.6万,苏州·苏州工业园区,苏州,本科,5-10年,2026-07-06 17:22:59,job51,"Position Summary:
The Senior Cyber Security Analyst will play a critical role in advancing Rich’s cybersecurity posture, supporting Security Operations (SOC), incident response, and enterprise risk management. This role is responsible for threat detection, analysis, response, and continuous improvement of security controls aligned with ISO 27001, NIST CSF, and internal Cyber Security policies.


Key Responsibilities:
- Monitor, triage, and respond to security alerts from SOC, SIEM, and EDR platforms (e.g., CrowdStrike, GreyMatter).
- Conduct incident investigations, root cause analysis, containment, eradication, and recovery.
- Ensure adherence to SLA, case tracking, and documentation standards within ServiceNow.
- Perform threat hunting, vulnerability analysis, and proactive risk identification.
- Support governance, risk, and compliance (GRC) activities (risk assessments, audits, policy alignment).
- Collaborate with global teams (SOC, IT, Legal) for incident response and regulatory alignment.
- Support data protection initiatives including DLP, encryption, and classification controls.
- Participate in improvement of playbooks, detection rules, and automation.
- Contribute to APAC, especially China-specific cybersecurity and regulatory compliance (e.g., PIPL, data localization).


Required Qualifications:
- 5+ years in cybersecurity operations / incident response.
- Hands-on experience with SIEM, EDR, XDR, and threat intelligence tools.
- Strong knowledge of security frameworks (ISO 27001, NIST CSF).
- Experience in vulnerability management, IAM/PAM, and cloud security.
- Good understanding of network, endpoint, and cloud architectures.
- Strong analytical and problem-solving skills.


Preferred Qualifications:
- Certifications: CISSP or CISP is preferred.
- Experience in multinational/global environments.
- Familiarity with data privacy regulations (PIPL, GDPR, etc.).


Key Competencies:
- Fluent English Speaking/Writing
- Accountability and ownership
- Clear communication and stakeholder engagement
- Continuous improvement mindset
- Ability to work under pressure and manage incidents effectively



职位概述： 
高级网络安全分析师将在提升 Rich 的网络安全态势方面发挥关键作用，为安全运营中心 (SOC)、事件响应和企业风险管理提供支持。该职位负责威胁检测、分析、响应以及持续改进符合 ISO 27001、NIST CSF 和内部网络安全政策的安全控制措施。 

主要职责： 
- 监控、分类并响应来自 SOC、SIEM 和 EDR 平台（例如 CrowdStrike、GreyMatter）的安全警报。 
- 进行事件调查、根本原因分析、遏制、清除和恢复。 
- 确保遵守 ServiceNow 中的 SLA、案例跟踪和文档标准。 
- 执行威胁狩猎、漏洞分析和主动风险识别。 
- 支持治理、风险和合规 (GRC) 活动（风险评估、审计、政策协调）。 
- 与全球团队（SOC、IT、法务）协作，进行事件响应和合规性协调。 
- 支持数据保护计划，包括 DLP、加密和分类控制。 
- 参与改进剧本、检测规则和自动化流程。 
- 为亚太地区，特别是中国地区的网络安全和合规性工作（例如 PIPL、数据本地化）做出贡献。 


任职资格： 
- 5 年以上网络安全运营/事件响应经验。 
- 具备 SIEM、EDR、XDR 和威胁情报工具的实际操作经验。 
- 精通安全框架（ISO 27001、NIST CSF）。 
- 拥有漏洞管理、IAM/PAM 和云安全方面的经验。 
- 深入理解网络、终端和云架构。 
- 具备强大的分析和解决问题的能力。 

 
优先资质： 
- 认证：持有 CISSP 或 CISP 认证者优先。 
- 拥有跨国/全球环境工作经验。 
- 熟悉数据隐私法规（PIPL、GDPR 等）。 


关键能力： 
- 流利的英语口语和写作能力 
- 责任心强，勇于担当 
- 沟通能力强，善于与利益相关者互动 
- 持续改进的思维模式 
- 能够在压力下工作并有效管理事件",Go DiT 加密 风险管理 合规 审计,https://jobs.51job.com/suzhou-gyyq/172811554.html?s=sou_sou_soulb&t=0_0&req=a52f48475c609dcad80730f1f760eb93
信息安全与系统实施工程师,三浦工业（中国）,6-8千,苏州·苏州工业园区,苏州,大专,2年及以上,2026-07-09 13:43:24,job51,"岗位职责：
1. 负责公司信息安全体系建设及日常安全管理工作。
2. 负责服务器、终端、网络及云平台的安全配置和风险排查。
3. 负责EDR、防病毒、防火墙、VPN等安全系统的日常管理和监控。
4. 跟踪国内外网络安全法律法规及集团信息安全要求，协助推进合规工作。
5.参与系统迁移项目的信息安全评估、风险分析及安全方案制定。
6.参与全繁盛迁移、CRM导入、钉钉集成等信息化项目实施工作。
7.负责用户权限管理、数据安全管理及敏感信息保护工作。
8.开展信息安全培训，提高员工安全意识。
9.建立并完善安全事件响应机制，负责安全事件调查和整改跟踪。

任职要求：
1.大专及以上学历，计算机、信息安全、网络工程、软件工程等相关专业；
2.参与过ERP、CRM、OA等大型系统实施或迁移项目；
3.具有2年以上IT运维、信息安全或系统实施相关经验；
4.熟悉Windows、网络、安全产品及企业IT架构；
5.了解网络安全、数据安全及信息保护相关法规要求；
6.具备较强的分析能力、风险意识以及文档编写能力；
7.具备日语沟通能力；
8.工作积极主动，责任心强。",防火墙 合规 培训 文档编写 CRM,https://jobs.51job.com/suzhou-gyyq/172852923.html?s=sou_sou_soulb&t=0_0&req=a52f48475c609dcad80730f1f760eb93
网络运维工程师（沪利微电）,沪士电子,9千-1.3万,昆山,苏州,本科,3年及以上,2026-07-15 10:18:44,job51,"工作职责：
1.负责公司信息安全建设，包括网络安全、数据安全、办公安全、供应商安全等；
2. 协助进行安全事件的分析与处理，及时响应潜在威胁；
3.支持网络安全演练及合规性检查工作；
4.需要出差协助分公司工作
工作要求：
1.了解典型的安全防护系统，文件加解密、水印技术F、防病毒系统和运维堡垒机等
2.数据防泄漏产品架构及原理，能进行安全策略配置及异常分析
3.精通信息安全技术和相关产品知识；有较强的技术基础，具有分析网络、主机、数据库、应用系统的安全漏洞的能力；",合规,https://jobs.51job.com/kunshan/172914790.html?s=sou_sou_soulb&t=0_0&req=a52f48475c609dcad80730f1f760eb93
网络资讯工程师（沪利微电）,沪士电子,9千-1.3万,昆山,苏州,本科,3年及以上,2026-07-14 13:10:17,job51,"工作职责：
1.负责公司信息安全建设，包括网络安全、数据安全、办公安全、供应商安全等；
2. 协助进行安全事件的分析与处理，及时响应潜在威胁；
3.支持网络安全演练及合规性检查工作；
4.需要出差协助分公司工作
工作要求：
1.了解典型的安全防护系统，文件加解密、水印技术F、防病毒系统和运维堡垒机等
2.数据防泄漏产品架构及原理，能进行安全策略配置及异常分析
3.精通信息安全技术和相关产品知识；有较强的技术基础，具有分析网络、主机、数据库、应用系统的安全漏洞的能力；",合规,https://jobs.51job.com/kunshan/172902237.html?s=sou_sou_soulb&t=0_0&req=a52f48475c609dcad80730f1f760eb93
网络工程师,苏州恒力智能科技,1.2-1.8万·13薪,苏州·吴江区,苏州,本科,2年及以上,2026-08-03 15:36:37,job51,"岗位职责：
1.负责集团网络规划、部署、监控、维护与优化，确保高可用性、高性能和网络安全；
2.推进集团网络相关项目的集成实施，完成网络架构设计搭建；
3.管理防火墙、路由器、交换机、无线控制器等网络设备的配置、升级及故障处理；
4.管理机房设备进场与上下架操作，管理机房基础设施设备完好运行；
5.处理集团日常网络故障、保障集团公司IT基础设施平稳持续运行；
6.撰写日常操作及技术文档，统计整理运维数据，负责公司IT资产管理；
7.快速响应各地公司网络故障，及时处理问题，对集团各分子公司网络管理员进行技术培训分享；
8. 接受并完成公司安排的工作任务，配合部门其他同事协助解决相关技术问题。

任职要求：
1、计算机网络及相关专业毕业，全日制本科以上学历；2年以上网络实施运维工作经验
2、熟悉网络相关知识，精通路由交换技术，精通主流交换机，防火墙，无线等网络设备的配置，持续优化现有网络；
3、具备网络规划、故障排查和优化能力，具备大型集团公司网络设计、部署、实施经验优先；具备一定的网络安全知识经验
4、具有CCIE、HCIE-RS、H3CIE-RS+及同等技术能力证书，具有CISP或同等技术能力者优先；
5、有较强的学习能力，有良好的职业道德，工作认真负责，抗压能力强，有良好的沟通技巧及团队协作精神；
6、工作地点:苏州市吴江区盛泽镇，可适应全国中长期出差；",高可用 防火墙 技术文档 培训 故障排查 HCIE-RS H3CIE-RS+,https://jobs.51job.com/suzhou-wjq/170704572.html?s=sou_sou_soulb&t=0_0&req=a52f48475c609dcad80730f1f760eb93
网络工程师,苏州比迩泽科技,1-2万,苏州·吴中区,苏州,本科,5年及以上,2026-06-12 11:25:56,job51,"岗位职责： 
1、负责企业整体网络架构规划、设计、优化与落地，保障核心网络高可用、高性能、高安全。 
2、主导核心交换机、路由器、防火墙、负载均衡、VPN、无线 AC/AP、行为管理、堡垒机等设备的策略制定、配置调试、故障深度排查。 
3、负责网络安全体系建设：策略优化、漏洞排查、攻击防护、日志审计、等保合规、应急响应。 
4、主导重大网络项目：机房改造、设备割接、专线扩容、跨区域组网、云网融合实施。 
5、制定网络运维规范、巡检制度、配置备份、变更流程、应急预案，输出技术文档与方案。 
6、指导用户工程师工作，解决复杂网络故障，对接厂商、运营商、集成商推进项目。 
7、监控网络性能、带宽利用率、流量分析，持续优化网络架构与成本。


任职要求： 
1、本科及以上学历，计算机、网络、通信相关专业。 
2、5 年以上网络工程师经验，2 年以上高级/骨干工程师经验。 
3、精通华为/ H3C /思科主流设备，熟练掌握 OSPF/BGP、VLAN、ACL、NAT、VRRP、策略路由、IPSec/SSL VPN、高可用集群。 
4、具备防火墙、负载均衡、入侵防御、无线优化、核心网络排障能力，能独立处理复杂故障。 
5、熟悉网络安全、运维管理体系，具备项目方案编写与交付能力。 
6、需持证：HCIE / CCIE / H3CIE，有数据中心、政企、金融、园区大型项目经验优先。 
7、抗压能力强，能处理紧急割接与突发事件，具备良好沟通与团队协作能力。 薪资： 面议 
8、福利： 双休、带薪年假、节日福利、晋升空间、技能培训",高可用 防火墙 IPS 审计 合规 应急响应 技术文档 培训,https://jobs.51job.com/suzhou-wzq/172529610.html?s=sou_sou_soulb&t=0_0&req=a52f48475c609dcad80730f1f760eb93
网络运维工程师,烟台睿创微纳技术,8千-1.5万,苏州·虎丘区,苏州,本科,5年及以上,2026-07-28 15:03:57,job51,"工作职责
职位定位：
作为公司网络架构的核心技术专家，负责规划、构建与维护全公司稳定、安全、高性能的网络体系。通过架构设计、自动化运维与深度技术攻关，为业务发展提供坚实的网络基础。
主要职责：
1、负责公司全球园区网、数据中心网络、云网络及无线网络的架构设计、持续优化与稳定性保障；
2、主导网络与安全项目的技术规划与实施（如SD-WAN、零信任架构、自动化运维体系建设）；
3、负责核心网络设备及安全设备（防火墙、负载均衡、WAF等）的配置策略、性能监控与安全加固；
4、建立公司级网络标准化运维体系，包括技术规范、运维流程与知识文档，并推动落地；
5、作为网络领域最终技术支撑点，解决复杂网络故障，并指导其他团队成员。
任职资格
1、本科及以上学历，计算机、通信相关专业，5年以上中大型企业网络规划与运维经验；
2、精通网络协议与技术（如TCP/IP, BGP, OSPF, VXLAN/EVPN），具备全栈网络故障排查能力；
3、熟练掌握主流网络及安全设备（如Cisco, H3C, Palo Alto, F5）的配置与管理；
4、具备优秀的沟通能力、技术方案设计能力和项目推动力；
5、能够适应偶尔的出差。
优先考虑：
1、有主导公司级网络重构或重大项目（如SD-WAN部署、多云网络互联）的成功经验；
2、持有CCIE/HCIE等高级网络认证或CISSP等安全认证；
3、具备云网络（阿里云、AWS、Azure等）或网络自动化（Ansible, Python）的实践经验。",零信任 防火墙 TCP/IP 阿里云 AWS Azure Ansible Python 故障排查 技术方案,https://jobs.51job.com/suzhou-hq/173068477.html?s=sou_sou_soulb&t=0_0&req=046b97d8e5b936062469fbe72e8bc57c
网络主任工程师(J10894),苏州东山精密制造,1.5-2.5万,苏州,苏州,本科,5年,2026-07-07 17:24:24,job51,"工作职责:
1.负责事业部各子公司的网络规划、部署、监控、维护与优化，确保高可用性、高性能和网络安全;
2.推进事业部网络相关项目的集成实施，完成网络架构设计搭建;
3.管理事业部所有子公司防火墙、路由器、交换机、无线控制器等网络设备的配置、升级及故障处理;
4.管理各机房设备进场与上下架操作，管理机房基础设施设备完好运行;
5.处理事业部日常网络故障、保障各子公司IT基础设施平稳持续运行;
6.撰写日常操作及技术文档，统计整理运维数据，负责公司IT资产管理;
7.快速响应各子公司网络故障，及时处理问题，对事业部各分子公司网络管理员进行技术培训分享;
8.接受并完成上级安排的工作任务，包括桌面运维和基础服务器运维，配合部门其他同事协助解决相关技术问题。
任职资格:
1、计算机网络及相关专业毕业，本科以上学历优先，英语可以作为工作语言;
2、5年以上网络运维工作经验；
3、熟悉网络相关知识，精通路由交换技术，精通主流交换机，防火墙，无线等网络设备的配置，持续优化现有网络;
4、具备网络规划、故障排查和优化能力，具备大型集团公司网络设计、部署、实施经验优先，具备一定的网络安全知识经验；
5、具有CCNP 或 CCIE及同等技术能力证书优先;
6、有较强的学习能力，有良好的职业道德，工作认真负责，抗压能力强，有良好的沟通技巧及团队协作精神。",高可用 防火墙 技术文档 培训 故障排查,https://jobs.51job.com/suzhou/172828311.html?s=sou_sou_soulb&t=0_0&req=046b97d8e5b936062469fbe72e8bc57c
网络工程师,昆山爱光科技集团,1-2万,昆山,苏州,本科,5年及以上,2026-07-28 09:08:20,job51,"岗位职责
1. 负责企业交换机、无线AP、RF枪、车载终端等网络设备的日常维护、巡检与故障处理。
2. 负责AGV/AMR设备WiFi/5G信号覆盖、漫游切换测试与优化，解决移动设备断连、切换异常问题。
3. 负责局域网VLAN划分、网段规划、网络安全策略配置与维护，保障网络规范、安全、稳定。
4. 监控网络运行状态，分析网络延迟、丢包、掉线等问题，快速定位并闭环解决网络故障。
任职要求
1. 本科及以上学历，计算机、网络工程、通信等相关专业。
2. 熟悉局域网架构，精通交换机、无线AP等网络设备的配置、运维与故障排查。
3. 熟悉无线漫游机制，具备AGV/AMR设备WiFi/5G信号优化、漫游切换调试经验。
4. 熟练掌握VLAN划分、网段隔离、网络安全策略配置等常用网络运维技能。
5. 可快速排查网络延迟、丢包、断网等故障，具备独立分析和解决网络问题的能力。
6. 责任心强、逻辑清晰，具备良好的现场问题处理能力与团队协作意识。",WiFi 5G 故障排查,https://jobs.51job.com/kunshan/173059685.html?s=sou_sou_soulb&t=0_0&req=046b97d8e5b936062469fbe72e8bc57c
工业网络/物联网运维工程师,昆山爱光科技集团,1-2万,昆山,苏州,本科,5年及以上,2026-07-28 14:09:35,job51,"岗位职责
1. 负责企业交换机、无线AP、无线终端（RF枪、车载终端）等网络设备的日常维护、巡检与故障处理。
2. 负责AGV/AMR设备WiFi/5G信号覆盖、漫游切换测试与优化，解决移动设备断连、切换异常问题。
3. 负责局域网VLAN划分、网段规划、网络安全策略配置与维护，保障网络规范、安全、稳定。
4. 监控网络运行状态，分析网络延迟、丢包、掉线等问题，快速定位并闭环解决网络故障。
任职要求
1. 本科及以上学历，计算机、网络工程、通信等相关专业。
2. 精通TCP/IP协议，熟悉华为、H3C等主流工业交换机配置；
3. 具备无线网络规划与优化经验，了解5G专网者优先；
4. 熟练掌握VLAN划分、网段隔离、网络安全策略配置等常用网络运维技能。
5. 可快速排查网络延迟、丢包、断网等故障，具备独立分析和解决网络问题的能力。
6. 责任心强、逻辑清晰，具备良好的现场问题处理能力与团队协作意识。",WiFi 5G TCP/IP,https://jobs.51job.com/kunshan/173066823.html?s=sou_sou_soulb&t=0_0&req=046b97d8e5b936062469fbe72e8bc57c
网络工程师,赫盾数（上海）信息科技,9千-1万,苏州·苏州工业园区,苏州,本科,3年及以上,2026-07-07 14:32:52,job51,"岗位职责：
1.负责全集团的网络架构规划及落地实施
a)global各site间的主干网络架构，MPLS/SD-WAN/VPN等
b)单site内部的网络架构：各种应用(办公室PC、机房服务器、生产设备、供应商&amp;客户远程调机(生产设备)、CCTV、门禁、电话)的网络架构和策略、各网络区域规划及相互间的连通及隔离策略、WIFI的架构和策略及global各site统一ssid无感认证和接入策略
c)各site的internet接入架构和策略。
d)网络安全架构和策略，site间、不同网络区域间、防火墙架构及策略等。
负责现有网络的运维、问题解决和持续优化。


任职能力要求：
1.计算机或相关专业本科以上学历，具有3年以上系统集成项目实施相关工作经验，掌握各种网络环境搭建，具有扎实的网络理论基础和技术工作经验；
2.有制造型生产企业完整的网络规划和实施经验。
3.有国际网络实施经验，熟悉MPLS、SD-WAN、VPN等。 
4.精通华三、思科等主流厂商网络设备的安装、调试、配置和管理。 
5.具备大规模的IDC、骨干网络建设和运营项目经验优先；
6.具有Cisco、华三、Huawei相关认证者优先考虑。
7.有良好的沟通协调能力、逻辑思维能力和执行力，责任心强。",WiFi 防火墙 MPLS SD-WAN CCTV,https://jobs.51job.com/suzhou-gyyq/172823175.html?s=sou_sou_soulb&t=0_0&req=046b97d8e5b936062469fbe72e8bc57c
高级网络工程师,江苏怡有合顺智能科技,1-1.5万,苏州,苏州,本科,5年及以上,2026-06-22 15:07:24,job51,"【工作内容】
1、负责企业级网络架构的规划、设计与优化，确保核心业务系统的高可用性与稳定性；
2、主导网络设备（路由器、交换机、防火墙等）的配置调试、故障排查及日常运维管理；
3、制定并执行网络安全策略，定期开展漏洞扫描与风险评估，构建纵深防御体系；
4、负责网络监控系统的建设与维护，实时分析流量数据，快速响应并解决突发网络异常；
5、协同开发团队进行云网融合部署，编写技术文档并指导初级工程师提升专业技能。

【任职要求】
1、计算机、通信或相关专业本科及以上学历，持有CCNP/HCIP及以上认证者优先；
2、具备五年以上大型企业网络建设经验，精通TCP/IP协议及主流厂商设备配置；
3、熟练掌握Linux操作系统基础命令，熟悉SDN、虚拟化技术及常见安全攻防原理；
4、拥有极强的逻辑思维能力与抗压能力，能独立承担复杂网络项目的实施与交付；
5、具备良好的沟通协调能力与团队合作精神，工作严谨细致，对新技术保持敏锐度。",高可用 防火墙 漏洞扫描 TCP/IP Linux 故障排查 技术文档,https://jobs.51job.com/suzhou/172636704.html?s=sou_sou_soulb&t=0_0&req=046b97d8e5b936062469fbe72e8bc57c
网络工程师,江苏易瑞达智能装备,6-8千,苏州·吴中区,苏州,大专,3年及以上,2026-07-28 16:16:33,job51,"一、薪资：5天8小时，底薪6-8k，入职缴纳五险，周末加班双倍薪资，节假日正常休息，如果加班三倍薪资，2660加班基数

二、岗位职责
1.网络文档编制 — 根据项目需求，完成网络拓扑架构设计、IP 地址规划、VLAN 划分及路由策略制定，输出网络实施方案与相关技术文档
2.项目实施与部署 — 负责交换机、路由器、防火墙、负载均衡、无线 AP/AC 等网络设备的安装调试与上线交付，保障项目按计划推进
3.网络运维与保障 — 承担已交付网络的日常运维工作，包括设备巡检、配置备份、故障排查与应急响应，确保网络系统 7×24 小时稳定运行
4.安全策略管理 — 协同安全团队落实网络安全策略，包括访问控制列表（ACL）配置、VPN 搭建、入侵检测/防御策略调整，配合等保测评与安全审计
5.其他事项 — 完成上级交办的其他网络技术支持工作

三、任职要求
必备条件：
持有 C1/C2 驾照，熟练驾驶并适应短期外出或现场支援
熟悉 TCP/IP 协议栈，掌握 OSPF、BGP、VLAN、STP、链路聚合等主流网络协议与技术
熟练操作主流厂商（华为/华三/锐捷/思科）交换机与路由器，具备中大型局域网或园区网、政府专用网实施经验
熟悉防火墙、VPN、上网行为管理、负载均衡等安全设备的配置与管理
具备独立排查和处理复杂网络故障的能力，逻辑清晰，动手能力强
工作积极主动、责任心强，具备良好的沟通协调能力和文档编写能力

加分项（非必须但优先）：
有政府、公安、智慧城市类项目实施经验
持有 HCIP / H3CSE / CCNP 及以上认证，或同等级网络资格认证
熟悉国产化网络设备（华为/新华三信创系列）及信创环境部署",防火墙 TCP/IP 技术文档 故障排查 应急响应 审计 技术支持 文档编写,https://jobs.51job.com/suzhou-wzq/172681797.html?s=sou_sou_soulb&t=0_0&req=046b97d8e5b936062469fbe72e8bc57c
IT安全运维工程师,普源精电科技,1.2-2万·14薪,苏州·高新区,苏州,本科,2年及以上,2026-06-18 14:23:55,job51,"【岗位职责】
1、识别公司重要的信息资产，评估和管理信息系统和网络的风险，制定相应的应对措施；
2、根据公司安全制度的要求，对操作系统、应用系统与网络设备进行安全配置与管理，实施安全策略；及时获取安全情报信息，应用安全补丁，确保系统和网络安全运行；
3、监控系统日志，定期进行漏洞扫描和内部渗透测试，分析扫描和测试的结果，监测网络流量，识别潜在的网络攻击，并采取相应的措施进行防护；及时响应安全事件，迅速隔离和解决安全问题；
4、管理用户身份验证和授权，确保合适的访问权限，定期组织对用户账号权限进行复核；
5、参与信息安全相关制度的制定，参与制定、更新与实施灾难恢复计划，确保系统在遇到问题时能够迅速恢复正常运行；参与制定和推广信息安全意识培训的计划，提供用户信息安全培训；

【任职要求】
1、统招本科以上学历与学位，计算机科学与技术、计算机应用、信息系统与网络工程等相关专业毕业；
2、至少有2年在信息与网络安全领域的相关安全运维工作经验，熟悉信息安全相关制度、策略、规范、标准和流程；
3、熟悉操作系统（Windows、Linux等）、主流数据库、网络设备（路由器、交换机、无线网络设备）、应用系统平台等的安全配置和管理；
4、掌握网络协议和网络安全领域相关标准的知识，熟悉网络安全技术，包括终端安全管理、加密系统、防火墙、入侵防御系统（IPS）、漏洞扫描检测等，有相关信息安全系统项目实施与运维经验；
5、熟悉脆弱性评估和渗透测试技术，有承担或参与此类任务执行的经验；
6、了解风险管理的概念和实践，有评估系统和网络的风险，并提供相应的解决方案的经验；",漏洞扫描 渗透测试 Linux 加密 防火墙 IPS 培训 风险管理,https://jobs.51job.com/suzhou-gxq/172611618.html?s=sou_sou_soulb&t=0_0&req=046b97d8e5b936062469fbe72e8bc57c
网络管理员,江苏鼎茂半导体,8千-1.2万·13薪,苏州·苏州工业园区,苏州,本科,3年及以上,2026-07-29 11:32:51,job51,"【工作内容】
1、负责企业局域网及服务器系统的日常运维，保障网络稳定运行与数据安全；
2、执行硬件设备（交换机、路由器、防火墙）的配置调试、故障排查及定期巡检；
3、响应内部员工网络报修，解决终端接入、系统漏洞修复及软件安装等技术问题；
4、制定并优化网络安全策略，监控异常流量，落实数据备份与灾难恢复预案；
5、负责公司计算机硬件的维护、采购；
6、负责对公司其它办公电子设备的日常维护和管理；
7、机房日常管理及台帐维护；
8、领导安排的其他工作安排。

【任职要求】
1、计算机、通信或相关专业本科及以上学历；
2、熟悉主流网络设备配置命令，掌握TCP/IP协议原理及常见网络故障处理流程；
3、具备3年以上企业级网络管理经验，了解电子行业生产环境网络架构特点；
4、具备良好的文档编写能力与沟通协作意识，能独立承担项目交付与应急任务；
5、会驾驶机动车。",防火墙 TCP/IP 故障排查 采购 文档编写,https://jobs.51job.com/suzhou-gyyq/173079983.html?s=sou_sou_soulb&t=0_0&req=046b97d8e5b936062469fbe72e8bc57c
Infra工程师（昆山）(J10560),日月新半导体（苏州）,8千-1万,苏州,苏州,本科,3年,2026-07-03 16:51:55,job51,"工作职责:
1、负责机房、服务器、存储等硬件资源的规划、部署、运维，保障基础设施高可用；
2、负责基础应用得到搭建和运维，保障基础应用高效运行，快速排除故障；
3、信息安全相关策略落地实践、确保公司数据安全；
4、主管交办的其他任务。
任职资格:
1、熟悉IT基础架构的管理与运维，对数据机房、服务器、存储、虚拟化等有实际管理运维经验；
2、对IT基础应用有较深了解，熟悉Windows、Linux操作系统及AD、邮箱、FTP、文件共享、备份系统运维；
3、了解信息安全策略，包括终端安全、数据备份和灾难恢复等。",高可用 Linux 系统运维 FTP,https://jobs.51job.com/suzhou/172789527.html?s=sou_sou_soulb&t=0_0&req=046b97d8e5b936062469fbe72e8bc57c
IT工程师（IT Infra Engineer）,耐创科技（昆山）,7-8千·14薪,昆山,苏州,本科,1-3年,2026-08-03 16:53:37,job51,"【职位概述】
负责企业IT基础设施的日常运维、故障排查、安全管控及项目落地实施，涵盖服务器系统、域服务、邮件系统、终端安全、网络架构、备份容灾等核心模块。保障厂区及办公网络7×24小时稳定运行，支撑生产、办公、研发全业务场景，满足企业内控管理及信息安全稽核合规要求。
【主要工作职责】
1. 服务器与系统运维 
•负责企业网络架构，熟练H3C交换机、路由器调试、VLAN规划、链路聚合、网络优化与故障排查
•负责Fortinet飞塔防火墙策略配置、ACL访问控制、NAT映射、安全规则优化、日志审计与风险封堵
•负责AD域、DNS、DHCP、NAS文件服务器等的运维管控，保障企业基础网络服务稳定。
•负责VMware虚拟化（VM）、RedHat Linux、Windows Server服务器的部署、补丁更新、性能调优、容量评估与日常监控，保障虚拟化平台及服务器系统稳定运行
•负责Microsoft 365租户全流程运维，账号管理、权限管控及安全策略配置。 
•负责ESET企业安全防护平台部署与日常运维，统筹终端杀毒、主机防护，规范终端安全管理，落实终端合规准入、病毒查杀、风险管控机制 
•负责企业系统备份策略落地执行，定期校验备份有效性，开展容灾演练，保障企业核心数据安全可恢复。
•梳理完善IT运维SOP规范、资产备案台账、变更管理流程，留存完整运维日志与技术文档，支撑内外部信息安全稽核。
•快速响应各类IT基础设施故障，定位问题根因，完成故障修复，提供基础设施技术支撑，保障业务高效运转，制定优化方案并落地闭环，杜绝同类问题重复发生。
•负责FAB区资安管理政策实施落实。
•负责其他主管交办事宜。
【任职要求】
1. 学历与经验
•计算机、信息技术、网络工程等相关专业，本科及以上学历。
•具备1-3年企业/工厂IT基础设施运维相关工作经验，有制造业厂区运维经验优先。
2. 专业技能
•精通企业网络架构，熟练H3C交换机、路由器调试、VLAN规划、链路聚合、网络优化与故障排查；
•熟练Fortinet飞塔防火墙策略配置、ACL访问控制、NAT映射、安全规则优化、日志审计与风险封堵；
•熟练HPE服务器整机部署、RAID配置、BIOS调试、系统装机与硬件运维；
•精通各类服务器基础配置、参数调优与日常运维，了解数据备份与容灾体系搭建及运维逻辑；
•熟练掌握RedHat Linux、Windows Server服务器运维，精通AD域、系统补丁、账号权限管理。
•熟悉Microsoft 365租户运维，掌握云端邮件安全、云应用权限管控等相关技能。
•熟悉企业终端安全体系，有ESET企业安全平台运维经验者优先，具备终端安全策略配置、风险处置能力。
•熟悉企业局域网架构，掌握VLAN、路由交换基础配置与故障排查，了解数据备份与容灾体系搭建及运维逻辑。
3. 综合素质
•具备良好的标准化运维意识，严格遵守运维SOP、变更管控及合规稽核要求。
•逻辑思维清晰，具备独立排查系统、网络、终端各类基础设施故障的能力。
•沟通协作能力良好，可高效对接生产、研发、行政等业务部门及厂商团队。
•工作认真负责，具备较强的问题复盘能力和主动优化意识，抗压能力良好。
【优先条件】
1. 有FAB厂区、半导体工厂IT运维、设备安装管控、厂区入网合规管理经验者优先。
2. 熟悉Fortinet，H3C交换机，VMware虚拟化运维、红帽授权资产管理、M365安全策略优化与运维者优先。",防火墙 Linux ROS 故障排查 合规 系统运维 审计 技术文档,https://jobs.51job.com/kunshan/173134046.html?s=sou_sou_soulb&t=0_0&req=046b97d8e5b936062469fbe72e8bc57c
网络工程师（兼职）,江苏新图机械,3千及以下,苏州·吴江区,苏州,大专,5-8年,2026-07-22 11:01:39,job51,"【工作内容】
- 负责Windows PC软硬件维护、打印机、电话等办公设备的日常运维与故障处理；
- 负责服务器共享盘权限配置，保障数据安全与访问效率；
- 处理VMware vSphere虚拟化平台相关问题，确保虚拟环境稳定运行；
- 维护监控及门禁系统，保障企业安防体系正常运作；
- 负责ERP、钉钉等企业应用系统的日常维护与问题处理；
- 调整与维护文件加密策略，确保数据安全合规；
- 提出并协助实施IT相关固定资产的管理建议，提升资产使用效率。
【任职要求】
- 大专及以上学历，计算机相关专业；
- 5-8年及以上IT运维或网络工程相关工作经验；
- 熟悉Windows系统及常见办公设备维护；
- 具备VMware vSphere虚拟化平台运维经验；
- 熟悉监控、门禁系统及ERP、钉钉等企业应用的维护；
- 具备良好的沟通能力和责任心，能够适应兼职工作模式。",加密 安全合规,https://jobs.51job.com/suzhou-wjq/168781417.html?s=sou_sou_soulb&t=0_0&req=046b97d8e5b936062469fbe72e8bc57c
it工程师,苏州茁耀新材料科技,7千-1.2万,苏州·吴江区,苏州,本科,2年及以上,2026-07-03 09:13:00,job51,"岗位职责：
1、负责公司内部 IT 基础设施的日常维护与管理，包括服务器、网络设备、办公电脑等硬件设备的故障排查与修复，确保系统稳定运行。
2、管理公司内部软件系统的日常运维，包括用户权限管理、流程配置优化、数据备份与恢复等，保障系统高效、安全运行。
3、及时响应并解决员工在使用 IT 设备及软件系统过程中遇到的问题，提供技术支持与培训，提升用户体验。
4、定期对公司 IT 系统进行安全检查与漏洞修复，确保信息安全，防范网络攻击与数据泄露风险。
5、协助完成公司 IT 项目的实施与部署工作，包括新系统上线、设备升级、网络优化等，确保项目顺利推进。

任职要求：
1、教育背景：计算机相关专业，本科及以上学历。
2、工作经验：具备 2 年及以上 IT 运维工作经验。
3、熟练掌握 Windows Server、Linux 等主流操作系统的基本操作与维护。
4、熟悉网络基础知识，能够进行简单的网络故障排查与配置。
5、具备一定的故障排查与问题解决能力，能够快速定位并解决常见 IT 问题。
6、熟悉常用办公软件（如 Office 套件）的安装、配置与故障处理。

其他要求：
1、具备良好的沟通能力与服务意识，能够与各部门员工进行有效沟通，及时响应并解决 IT 需求。
2、工作认真负责，具备较强的抗压能力与团队合作精神，能够适应快节奏的工作环境。
3、有较强的学习能力，能够快速掌握新技术与新工具，不断提升自身专业技能。
4、可接受出差(短暂性支援—半个月内）",Linux 故障排查 技术支持 培训 IT Windows Server,https://jobs.51job.com/suzhou-wjq/169664366.html?s=sou_sou_soulb&t=0_0&req=046b97d8e5b936062469fbe72e8bc57c
IT主管,苏州聚晟太阳能科技,9千-1.3万,苏州,苏州,本科,5-10年,2026-06-12 09:33:07,job51,"一、岗位职责：
1. 信息化建设：搭建企业信息化架构，负责建设方案的落地执行；
2. 办公设备与耗材管理：统筹办公电脑、打印机等设备的请购评估与电子台账搭建；制定耗材领用标准与管控流程，避免资源浪费；跟踪设备全生命周期，提出老旧设备更新/报废建议；负责新员工设备配置及离职员工设备回收与数据清除；
3. IT硬件运维：负责办公硬件（电脑、服务器、打印机等）、网络硬件（路由器、交换机、防火墙、无线AP等）的日常巡检与故障维修；建立故障分级响应机制；维护硬件管理台账，确保设备状态、维修记录与实物一致；
4. 系统、软件与数据库管理：
（1）运维企业邮箱、钉钉、U9系统、保密软件、正版化软件与公司电话，高效处理员工报修需求；定期检查软件正版化情况并督促合规；
（2）负责基础数据库运维：执行每日增量备份与每周全量备份，管理数据库用户权限，优化简单SQL查询语句，排查数据读取/写入异常。
5. 网络与数据安全管控：排查网络线路故障，使用Ping/Traceroute等工具定位问题节点；监控网络设备运行状态，优先保障数据库、U9系统等核心服务带宽；协助落实数据安全要求，管控敏感数据（如业务数据、客户信息）的传输权限，避免非授权访问；
6. 低代码平台应用开发：基于主流低代码平台，开发贴合业务需求的应用：如搭建客户信息管理表单、项目进度跟踪看板、跨部门协同自动化流程等；收集业务部门需求，迭代优化低代码应用功能，降低人工操作成本；
7. IT费用与支持协作：编制IT预算，每月跟踪预算执行进度，分析收支差异，优化成本；协助会议现场IT保障。

二、任职要求：
1. 学历与专业：本科及以上学历，计算机科学与技术、软件工程等相关专业；具备计算机体系结构、操作系统、数据库原理、编程等基础理论知识；
2. 工作经验：5-10年以上企业IT运维经验，有OA/ERP等系统的运维经验；具备主流低代码平台应用开发经验，或MySQL等关系型数据库基础运维经验者优先；有制造业IT服务经验者优先；
3. 专业技能：
（1）掌握TCP/IP、DHCP、DNS网络协议，能使用Wireshark等工具排查网络故障；
（2）熟悉Windows/Linux操作系统运维（用户管理、系统备份与恢复、服务启停配置等）；
（3）掌握MySQL基础运维：能独立完成数据库备份/恢复、用户权限配置，具备简单SQL语句编写与优化能力；
（4）熟悉低代码模块开发：能独立搭建多维表格、配置审批流程、设置自动化规则（如表单提交后触发邮件通知），可基于业务需求设计数据看板。
4. 综合素质：细心负责，具备较强的问题分析与解决能力；善于跨部门沟通，能将业务需求转化为低代码应用方案；有成本意识与数据安全意识，了解IT服务管理（ITSM）基础理念，具备低代码工具与数据库技术的自主学习能力。",防火墙 SQL MySQL TCP/IP Linux 合规 系统运维,https://jobs.51job.com/suzhou/168694485.html?s=sou_sou_soulb&t=0_0&req=046b97d8e5b936062469fbe72e8bc57c
IT工程师,苏州鼎芯光电科技,1-1.8万·13薪,苏州·吴江区,苏州,本科,3年及以上,2026-08-06 11:23:56,job51,"岗位职责
三大主要方向：数据库（SQL Server：微软出品，Windows 生态、传统企业常用）、微软 AD、信息安全管理等；必须满足以上的工作要求方可投递，至少5年以上经验，有0-1的信息安全搭建经验
1、负责企业AD域环境搭建、日常运维、账号权限管理、组策略管理、域安全管控，支持企业域账号体系落地、员工账号生命周期管理、自助密码运维、SSO权限体系建设。
2、负责SQL Server数据库日常运维，包含完整/差异备份、数据恢复、日志清理、索引优化、慢查询调优、死锁排查、容量与性能监控，保障业务数据稳定、可追溯、可恢复。
3、负责公司核心业务系统运维管理，包括ERP、MES、PLM等系统日常监控、问题排查、权限配置、账号管理、系统对接配合、故障处理，保障生产业务系统稳定运行。
4、负责企业信息化工具运维：企业杀毒安全平台、运维监控系统、IT资产台账管理系统、企业即时通讯平台等日常维护、告警处理、版本更新、故障排查。
5、负责企业IT安全管理：账号安全、密码策略、权限分级、内网安全、访问控制、日志审计、终端安全合规、服务器安全加固。
6、负责公司文件共享、内网权限体系、VPN域账号认证、业务系统访问权限统一管控。
7、负责信息化问题日常响应、故障处理、运维文档更新、系统变更管理、配合相关部门完成信息化支撑工作。
任职要求
1、本科及以上学历，计算机、信息化、网络、软件工程相关专业，5年企业信息化运维经验，制造业IT经验优先。
2、精通微软AD域整套体系：熟练部署AD域、组策略、OU管理、权限分级、LDAP/LDAPS配置、域账号密码策略、域账号自助运维、域环境故障排查，具备企业域体系落地经验。
3、精通SQL Server运维：熟练掌握数据库备份、恢复、定时任务、索引优化、语句调优、性能排查、数据迁移、日志维护，能独立处理数据库慢卡、锁表、异常报错等问题。
4、熟悉制造业信息化系统运维，有ERP、PLM、MES系统运维经验优先，能够独立处理业务系统日常故障、账号权限、数据问题。
5、熟练使用主流IT运维工具：终端杀毒平台、运维监控系统、IT资产管理系统、企业即时通讯软件等，具备日常监控、告警分析、故障处理能力。
6、具备扎实的IT安全意识，熟悉企业内网安全、账号安全、权限管控、服务器安全加固、访问安全策略管理。
7、熟悉Windows服务器运维、内网服务部署、权限管理、报表服务（SSRS）、文件服务器共享权限管理优先。
8、工作细心、责任心强，具备良好的问题排查能力、文档整理能力、跨部门沟通能力，能支撑企业信息系统稳定运行。
福利
六险一金、工作餐、加班费、年终奖、节日福利、年度体检、生日礼物等",SQL Server 系统运维 故障排查 审计 安全合规 SQL Server Windows,https://jobs.51job.com/suzhou-wjq/149592554.html?s=sou_sou_soulb&t=0_0&req=046b97d8e5b936062469fbe72e8bc57c
IT专员,辰星电子（苏州）,6千-1万·13薪,苏州·高新区,苏州,本科,2年及以上,2026-06-29 10:31:18,job51,"【工作内容】
1、负责企业内部网络架构的日常维护与故障排查，保障办公系统稳定运行；
2、管理服务器及存储设备，执行数据备份策略，确保核心业务数据安全；
3、协助推进汽车电子产线信息化项目，完成软硬件部署及系统集成测试；
4、响应员工IT需求，解决终端设备故障，提供高效的技术支持与培训；
5、优化信息安全管理制度，定期开展漏洞扫描并落实网络安全防护措施。

【任职要求】
1、计算机、电子信息或相关专业本科及以上学历，具备扎实的网络基础；
2、懂python语言和数据库，有ERP上线经验优先；
3、拥有2年以上企业IT运维经验，有汽车制造或半导体行业背景者加分；
4、具备良好的逻辑思维能力，能独立分析复杂问题并输出解决方案；
5、工作严谨负责，抗压能力强，适应快节奏环境及必要的现场支持。",漏洞扫描 Python 故障排查 技术支持 培训,https://jobs.51job.com/suzhou-gxq/172230994.html?s=sou_sou_soulb&t=0_0&req=046b97d8e5b936062469fbe72e8bc57c
it工程师,威格科技（苏州）,9千-1.6万·13薪,苏州·苏州工业园区,苏州,本科,3年及以上,2026-07-08 16:59:29,job51,"【工作内容】
- 负责公司电脑、网络及杀毒软件的日常维护与故障处理；
- 管理和维护服务器系统，网络拓扑，网络流量控制，防火墙，杀毒，加密等确保其稳定运行；
- 重点维护EPR、PDM、OA等业务系统，保障系统正常运作；
-全栈系统工程师
- 参与协助厂商进行ERP系统的导入与实施工作。
【任职要求】
- 本科及以上学历，211计算机相关专业优先；学习能力强
- 具备3年以上IT运维相关工作经验，有企业级系统维护经验者优先；
- 熟悉Windows操作系统、网络设备及常见安全软件；
- 具备良好的沟通能力和团队协作精神，能适应一定的加班需求。",防火墙 加密 PDM,https://jobs.51job.com/suzhou-gyyq/171528928.html?s=sou_sou_soulb&t=0_0&req=046b97d8e5b936062469fbe72e8bc57c
IT主管,苏州茁耀新材料科技,1.2-1.6万,苏州·吴江区,苏州,本科,5年及以上,2026-07-03 09:12:14,job51,"【工作内容】
1、负责统筹公司IT基础设施规划，主导服务器、网络及终端设备的日常运维与故障处理；
2、管理核心业务系统（ERP/MES）的部署优化，确保电子制造数据的安全存储与高效流转；
3、制定并执行网络安全策略，定期开展漏洞扫描与应急演练，保障生产环境零重大事故；
4、协调供应商进行硬件采购与软件升级，控制IT预算成本，提升整体资源利用效率；
5、指导团队解决复杂技术难题，推动数字化转型项目落地，支撑半导体产线智能化需求。

【任职要求】
1、计算机或相关专业本科及以上学历，5年以上IT管理经验，有电子/半导体行业背景优先；
2、精通Windows/Linux服务器架构、网络协议及安全加固，熟悉主流数据库及虚拟化技术；
3、具备大型制造业信息化项目实施经验，能独立主导系统选型、实施及后期维护工作；
4、持有PMP、CCIE或CISSP等认证者优先，拥有优秀的跨部门沟通与突发事件处置能力；
5、工作严谨负责，抗压能力强，能适应工厂现场环境及必要的非工作时间应急响应。",漏洞扫描 Linux 采购 应急响应 ERP MES,https://jobs.51job.com/suzhou-wjq/172670530.html?s=sou_sou_soulb&t=0_0&req=046b97d8e5b936062469fbe72e8bc57c
it,优泰科（苏州）密封技术,7-8千,苏州,苏州,本科,3-5年,2026-07-27 09:40:57,job51,"1、负责公司办公电脑、计算机桌面管理、电话软件、打印机、手机邮件APP等故障处理；
2、负责公司服务器、网络设备、安全设备、监控设备等调试运维服务管理；
3、负责公司内部网络的信息发布；
4、公司ERP、WMS、OA、内外部网站等相关信息系统的上线支持及日常管理维护；
5、负责员工入离职，相关软硬件（电脑、邮箱，电话，门禁）的及时处理；
6、信息安全管理，负责公司信息化管理的建设和升级，保证网络和数据的安全；
7、完成领导交办的其他工作。",WMS OA,https://jobs.51job.com/suzhou/170681413.html?s=sou_sou_soulb&t=0_0&req=046b97d8e5b936062469fbe72e8bc57c
IT工程师,昆山清元电子科技,8千-1.5万·13薪,昆山,苏州,本科,3年及以上,2026-06-15 14:25:23,job51,"一、岗位职责
1. IT基础架构运维
①负责公司办公网络、服务器、机房设备的日常运维、故障排查与性能优化；
②维护公司IT设备（电脑、打印机、会议设备、扫码设备等）的软硬件正常运转，支持各部门IT类故障需求；
③负责弱电系统、安防监控系统、门禁系统的日常巡检与维护。
2. 生产管理系统建设与运维（重点）
①主导或深度参与制造执行系统（MES）、高级计划排程系统（APS）、仓库管理系统（WMS）等生产管理系统的选型、实施、二次开发及日常运维；
②结合公司电子陶瓷粉体及电容器生产流程（粉体制备、成型、烧结、测试等），推动MES系统与ERP、设备的集成，实现生产数据实时采集与追溯；
③协同PMC、生产、仓储等部门，利用系统/软件/表格优化排产逻辑、物料及成品库存管理，提升整体运营效率；
④负责上述系统的用户培训、权限分配、流程配置及持续优化，及时响应用户问题并推动解决。
3. 协同办公及飞书管理
①负责公司飞书（Lark/Feishu）后台的整体配置与管理，包括组织架构维护、权限角色设定、审批流程搭建、会议日程、文档及知识库管理等；
②结合公司管理流程，利用飞书多维表格、自动化工作流、机器人通知等功能，提升内部协作效率；
③负责飞书与其他业务系统（ERP、MES等）的集成对接，实现统一身份认证及消息推送；
④制定飞书使用规范，定期组织内部培训，解答员工在使用过程中的技术问题。
4. 其他信息系统建设
①参与公司ERP系统的实施与运维，重点支持PMC、采购、仓储、财务等模块；
②根据公司发展需求，规划和导入OA、文档管理、数据分析等信息化工具。
5.数据安全与合规管理
①负责公司信息安全管理，制定备份、灾难恢复及信息安全制度；
②定期进行系统安全检查与漏洞评估，防范信息泄露与网络攻击风险。
6. 数字化转型支持
①配合公司业务扩张及新产品线建设，参与信息化战略制定；
②关注工业互联网、低代码平台等新技术，提出持续改进建议。

二、任职要求
1. 学历与专业
本科及以上学历，计算机科学与技术、软件工程、信息管理与信息系统、网络工程等相关专业。
2. 经验要求
IT主管岗： 3年以上制造型企业IT工作经验，1年以上IT管理或系统实施项目管理经验；
IT工程师岗： 1年以上IT运维或技术支持经验；
必须具有制造型企业MES、APS、WMS等生产管理系统中至少一个系统的完整或部分实施/运维经验，熟悉此类系统的业务逻辑与数据流转；
有电子元器件、新材料或半导体行业IT经验者优先。
3. 技能要求
①熟悉飞书（Lark/Feishu）后台管理，包括组织架构、审批流程、多维表格、自动化工作流等配置能力；
②熟悉企业网络架构，具备网络故障独立排查能力，了解华为/思科等主流网络设备的基础配置；
③熟悉Windows/Linux服务器系统的日常运维与管理；
④熟悉至少一种主流ERP系统（金蝶、用友等）的运维流程，有SQL数据库管理及查询能力者优先；
⑤掌握至少一种编程语言（C#、Java、Python等）或有低代码开发经验者优先。
4. 素质要求
①逻辑思维清晰，系统思维能力强，具备良好的问题分析与解决能力；
②良好的跨部门沟通协作能力，能够与生产、PMC、仓储等业务部门有效沟通需求并推动落地；
③责任心强，能够快速响应突发的系统故障，具备较强的抗压能力。

三、加分项
同时具备MES、APS、WMS多种系统的实施经验；
熟悉云服务、飞书的部署与管理；
了解ISO27001信息安全管理体系或等保合规要求；
具备ITIL或相关IT认证证书。",Linux SQL C# Java Python 故障排查 培训 知识库 采购 数据分析 合规 项目管理 技术支持,https://jobs.51job.com/kunshan/172557813.html?s=sou_sou_soulb&t=0_0&req=10aba5dbfe943c888554fe4b73b1c1de
IT工程师,苏州朗高电机科技,1-1.5万,苏州·吴中区,苏州,本科,3年及以上,2026-08-06 09:55:21,job51,"任职要求：
1.三年及以上企业网络运维和服务器/系统运维工作经验；
2.熟悉企业常规信息系统与计算机办公操作系统、软硬件安装与维护；
3.编程能力：熟练掌握Java/python/c++等编程语言，熟练使用SQL语句；
4.根据公司需求能进行定制化开发以及数据报表等功能，能够发现并消除存在于企业信息化系统中的信息孤岛；
5.强烈的责任心与服务意识，良好的沟通协作能力。
岗位职责：
1.公司数字化信息系统的规划、建设、支持，公司OA/ERP/MES等信息系统日常维护；
2.协助公司网络基础设施规划、部署与维护，包括公司IT安全策略；
3.负责计算机办公操作系统，软硬件安装与维护；
4.信息系统数据日常备份；
5.领导安排的其他任务。",Java Python C++ SQL 系统运维 ERP,https://jobs.51job.com/suzhou-wzq/165430687.html?s=sou_sou_soulb&t=0_0&req=10aba5dbfe943c888554fe4b73b1c1de
it工程师,苏州晴朗工业科技,3千及以下,苏州·苏州工业园区,苏州,大专,3年及以上,2026-07-10 16:30:25,job51,"岗位名称：兼职IT支持工程师 / IT运维顾问
岗位性质： 兼职（每周到岗1天，或按项目结算）
一、岗位职责
1.网络与硬件维护： 负责公司内部局域网、路由器、交换机、打印机、门禁系统的日常维护与故障排除。
2.员工技术支持： 为公司员工提供桌面端技术支持（Windows/Mac），解决日常办公软件、邮件系统、共享文件夹等常见问题。
3.数据安全与备份： 协助建立公司重要数据的本地/云端备份机制，防范数据丢失风险（针对你们生产型企业的关键数据）。
4.弱电与信息化建设：定期巡检公司监控系统、考勤系统、ERP客户端维护等。
5.供应商对接： 在需要更换硬件或网络运营商时，协助评估外部供应商方案，替公司把关报价。

二、任职要求（明确门槛，挡掉不靠谱的人）
1.教育背景： 大专及以上学历，计算机、网络工程相关专业优先。
2.工作经验： 3年以上企业IT运维经验，有制造业或生产型公司经验者优先。
3.专业技能：
a.熟悉常见网络设备（华为/思科交换机、路由器）的配置与故障排查；
b.能独立处理Windows Server、Active Directory、文件服务器权限设置；
c.了解基础的网络安全防护措施；
d.能看懂弱电布线图纸，具备综合布线基础经验。",技术支持 故障排查 Windows Mac Server Active Directory,https://jobs.51job.com/suzhou-gyyq/172871323.html?s=sou_sou_soulb&t=0_0&req=10aba5dbfe943c888554fe4b73b1c1de
IT信息安全主管（日语）,上海盛誉信息技术,8-8.5千·14薪,苏州·苏州工业园区,苏州,大专,3年及以上,2026-07-16 13:57:14,job51,"岗位职责
负责公司信息安全体系建设及日常安全管理工作。
负责服务器、终端、网络及云平台的安全配置和风险排查。
负责 EDR、防病毒、防火墙、VPN 等安全系统的日常管理和监控。
跟踪国内外网络安全法律法规及集团信息安全要求，协助推进合规工作。
参与系统迁移项目的信息安全评估、风险分析及安全方案制定。
参与全繁盛迁移、CRM 导入、钉钉集成等信息化项目实施工作。
负责用户权限管理、数据安全管理及敏感信息保护工作。
开展信息安全培训，提高员工安全意识。
建立并完善安全事件响应机制，负责安全事件调查和整改跟踪。

任职要求
大专及以上学历，计算机、信息安全、网络工程、软件工程等相关专业；
参与过 ERP、CRM、OA 等大型系统实施或迁移项目；
具有 2 年以上 IT 运维、信息安全或系统实施相关经验；
熟悉 Windows、网络、安全产品及企业 IT 架构；
了解网络安全、数据安全及信息保护相关法规要求；
具备较强的分析能力；风险意识以及文档编写能力；
具备日语沟通能力；
工作积极主动，责任心强。",防火墙 合规 培训 文档编写 EDR VPN CRM ERP,https://jobs.51job.com/suzhou-gyyq/172934508.html?s=sou_sou_soulb&t=0_0&req=10aba5dbfe943c888554fe4b73b1c1de
汽车功能安全认证商务拓展专员,通标标准技术服务有限公司苏州,1.5-1.8万,苏州·苏州工业园区,苏州,本科,3年及以上,2026-06-11 13:51:10,job51,"看看你的工作内容：
1. 负责华东区域整车厂、汽车Tier1、车规芯片厂商、智能驾驶企业的开发与维护，挖掘汽车安全认证相关业务需求，搭建稳定的区域客户合作体系；
2. 基于ISO 26262、ISO 21434、ISO 21448、ISO 8800等汽车高阶安全标准，对接客户功能安全、网络安全、预期功能安全、车载AI安全的咨询、认证等业务，负责主导商务洽谈、报价签约等工作；
3. 熟悉华东市场汽车、车载芯片行业动态，梳理区域客户分布、产业特点及竞品情况，制定适配的区域拓展策略，完善区域资源布局；
4. 联动公司技术及后台团队跟进项目落地，协调解决项目问题，保障项目顺利交付，提升客户留存与复购；
5. 定期整理区域业务数据、客户痛点及行业标准动态，输出市场分析内容，优化拓展模式，推动区域业务规模化增长；
6.其他上级主管安排的任务。
我们希望你：
1. 本科及以上学历，车辆工程、电子信息、软件工程等相关专业优先，有三年以上相关行业工作经验；
2. 熟悉四大汽车高阶安全标准商业化模式及落地场景，可精准匹配客户合规需求；
3. 深耕华东汽车产业，熟悉区域整车厂、Tier1、车载芯片企业分布、业务特点及合作模式，有优质本地客户资源者优先；
4. 熟悉汽车电子、智能驾驶及车载芯片产业链，了解汽车安全合规、技术咨询行业商业模式与项目落地流程；
5. 具备优秀的商务谈判、需求挖掘及客户维系能力，市场敏感度高、抗压性强，有汽车行业BD经验者优先；
6. 可适应华东区域短期出差，沟通能力良好，具备团队协作意识与职业素养。",合规 安全合规 技术咨询 商务谈判 ISO Tier1,http://sgs.51job.com/jobDetail.html?id=172514541
软件安全检查专员,江苏网进科技,8千-1.2万,昆山,苏州,本科,1年及以上,2026-07-02 09:24:51,job51,"【岗位职责】
1、漏洞扫描与渗透测试:定期对Web应用、移动App、小程序、API接口及后端系统进行自动化漏洞扫描和人工渗透测试，识别SQL注入、XSS、越权访问等常见安全漏洞。
2 、代码审计:参与软件开发过程中的代码安全审查，检查源代码中的安全缺陷、逻辑漏洞，从源头降低安全风险。
3、配置核查:检查服务器、数据库、中间件及安全设备的配置是否符合安全基线要求，防止因配置不当导致的安全隐患。
4、实时追踪最新的软件漏洞，更新公司漏洞知识库和检查事项。
5、其他相关工作。

【任职要求】
1、计算机、网络工程或信息安全相关专业本科及以上学历，持有CISP、CISSP等证书者优先。
2、具备1年以上软件安全测试或渗透测试经验，熟悉主流安全工具（如Burp、AWVS）的使用。
3、工作严谨细致，对数据安全高度敏感，拥有良好的职业道德及团队协作精神。

本公司只认可学信网学历。",漏洞扫描 渗透测试 SQL 审计 知识库 XSS AWVS,https://jobs.51job.com/kunshan/172763488.html?s=sou_sou_soulb&t=0_0&req=10aba5dbfe943c888554fe4b73b1c1de
渗透测试工程师,申浪信息科技（江苏）,1-1.5万·13薪,苏州·姑苏区,苏州,本科,1-3年,2026-07-10 13:05:12,job51,"岗位职责：
1、负责公司网络、应用系统（Web、APP、小程序等）的渗透测试工作，挖掘系统安全漏洞，输出详细测试报告及修复建议，跟踪漏洞修复进度并进行复测。
2、搭建渗透测试环境，制定测试方案、测试用例，依据行业标准及安全规范，完成全面的安全检测工作，保障系统安全合规。
3、关注国内外最新安全漏洞、攻击技术及防御手段，定期开展安全技术研究和演练，提升公司整体安全防护能力。
4、配合安全应急响应工作，参与安全事件的排查、分析与处置。
5、协助完善公司安全管理制度、规范及流程，开展内部安全技术培训。

任职要求：
1、本科及以上学历，计算机、网络安全、信息安全等相关专业，1-3年及以上渗透测试相关工作经验；优秀应届生可放宽经验要求。
2、持有CISP、CEH、OSCP、CISAW等安全相关认证者优先。
3、了解网络协议（TCP/IP、HTTP/HTTPS等），熟悉路由器、防火墙、WAF等网络设备的配置及安全防护原理，能排查网络层面安全问题。
4、掌握至少一种编程语言（Python、Java、PHP等），能编写渗透测试脚本、工具，辅助完成测试工作。
5、有大型企业、互联网公司渗透测试经验，或参与过重大安全项目、应急响应事件者优先。",渗透测试 TCP/IP 防火墙 Python Java PHP 测试用例 安全合规 应急响应 培训,https://jobs.51job.com/suzhou-gsq/171607337.html?s=sou_sou_soulb&t=0_0&req=10aba5dbfe943c888554fe4b73b1c1de
昆山 云平台运维,重庆软维科技,9千-1万,昆山,苏州,本科,3年及以上,2026-07-17 17:22:00,job51,"职位详情
一、职位描述
1、负责整个云平台交换机、防火墙、路由器、SDN、等网络设备的日常运维、配置及故障处理。 
2、负责与租户的沟通，响应租户的相关需求，处理租户提出的问题。 
3、负责云平台WAF、云防火墙、态势感知等安全组件的的事件处理、相关配置等 
4、负责文档和相关方案的撰写。
 二、任职要求：
1、精通TCP/IP协议、精通路由、交换等网络知识。 
2、精通主流厂商路由器、交换设备、防火墙、SDN等的配置和维护工作，熟悉云安全产品，是进行产品配置，并对安全事件进行处置。 
3、熟悉云环境网络，能够及时定位网络运行过程中的故障，并且故障能够迅速处理。 
4、可熟练编写网络系统实施和变更方案、运维操作规范、故障报告等各类技术文档。
 5、有比较娴熟的沟通技巧，能够很好的跟客户沟通。 
6、有H3CSE、HCIP或其他同等以及以上证书。 
7、（自学）本科及以上学历，2年以上网络运维经验。",防火墙 TCP/IP 技术文档 客户沟通 SDN,https://jobs.51job.com/kunshan/172955092.html?s=sou_sou_soulb&t=0_0&req=10aba5dbfe943c888554fe4b73b1c1de
系统工程师,华迅工业（苏州）,8千-1.6万,昆山,苏州,本科,3年及以上,2026-07-31 15:30:05,job51,"负责集团国内外工厂及办公室的服务器、网络、存储等IT基础设施的日常运维、监控、故障排查与持续优化。
维护企业目录（AD）、网络服务（DNS/DHCP）、访问权限、邮件与协作平台等基础环境，确保系统稳定、安全及合规。
负责计算机网络管理，包括网络连接、无线接入、远程访问、广域网、动态路由、流量控制及网络性能优化。
负责服务器（Windows/Linux）及虚拟化平台（VMware/Hyper-V）的日常管理、性能调优与容量规划。
负责关键系统备份、恢复、灾难恢复计划及定期演练，持续优化恢复流程、策略及记录。
参与信息安全日常工作，包括安全事件响应、安全监控、日志审查、漏洞评估、补丁跟进、权限审查及邮件安全。
支持业务系统基础环境、用户问题协调、系统整合及集团IT项目落地，配合SAP系统推行实施（客户端配置、网络连通性调试等） 。
关注AI及自动化工具发展，协助推动合规应用，提升IT运维、信息安全及部门办公效率。
编写及维护技术文档、系统配置、资产记录、操作指引、演练记录及审计支持资料。
能够接受国内外出差安排，到国内外工厂进行项目实施、用户培训及系统支持。

学历要求：
全日制本科及以上学历，计算机、信息技术、网络工程、信息管理、人工智能应用或相关专业。（经验丰富者可适当放宽）

工作经验
具备 3年及以上 企业IT基础设施、系统运维、网络管理或技术支持经验。
具备制造业、多地点或跨区域IT支持经验者优先。
熟悉服务器、操作系统、目录服务、存储、虚拟化、网络、安全、备份恢复及云环境基础运维。

专业技能：
服务器管理：精通Windows Server（AD域控、组策略、DHCP/DNS）及Linux系统管理，熟悉VMware/Hyper-V虚拟化平台。
网络管理：具备网络排障、链路质量分析、容量监控、流量分析、访问控制及性能优化能力，熟悉主流厂商（华为/思科/深信服等）网络设备配置。
熟悉安全事件处理、漏洞管理、补丁管理、日志审查、权限审计、访问控制及信息安全管理要求。
具备关键系统备份恢复、灾难恢复演练及恢复目标管理经验者优先。
了解AI工具在办公效率、IT运维、信息安全、知识管理及流程自动化方面的应用。
具备良好的问题分析、文档编写、项目跟进、跨部门沟通及供应商协调能力。

语言能力
具备英文技术文档阅读能力；口语方面敢于开口进行基础技术沟通（公司给予锻炼机会），能配合翻译工具与海外团队协同工作。

加分项：
有多工厂/多分支机构网络整合、内网合并或企业并购（M&amp;A）后IT整合项目经验；
有参与SAP ERP上线项目基础环境支持经验。",Linux 故障排查 合规 技术文档 审计 培训 系统运维 技术支持 文档编写,https://jobs.51job.com/kunshan/173109869.html?s=sou_sou_soulb&t=0_0&req=10aba5dbfe943c888554fe4b73b1c1de
资深IT工程师,江苏特思达电子科技,1.3-1.8万,昆山,苏州,本科,5年及以上,2026-07-29 14:46:39,job51,"岗位职责：
1、负责公司网络安全体系搭建与运维，防范网络攻击、数据泄露等安全风险，定期开展网络安全巡检、漏洞扫描、渗透测试；
2、负责安全设备（防火墙、入侵检测/防御系统等）的配置、调试与日常维护，监控网络安全状态，处理安全事件并复盘优化；
3、根据公司业务需求，负责小型IT系统、工具或脚本的开发、优化与维护，可结合AI技术优化支撑模式，提升支撑效率；
4、跟踪IT行业前沿技术（网络安全、运维工具、开发框架、AI技术等）。
岗位要求：
1、全日制本科及以上学历，计算机科学与技术、网络工程、信息安全、软件工程等相关专业；
2、5年及以上IT相关工作经验，其中至少3年网络安全+运维相关工作经验，有小型系统开发经验者优先；
3、有企业级网络安全搭建、运维及安全事件处理经验，熟悉常见安全漏洞及防御手段；
4、开发能力：掌握至少一种开发语言（如Python、Java、Shell等），能独立完成小型工具、脚本或简单系统的开发与优化；熟悉数据库（MySQL、SQL Server等）的基本操作与维护；
5、具备AI工具运用能力，若能独立搭建或优化公司内部智能体，助力提升工作自动化水平更佳。",漏洞扫描 渗透测试 防火墙 Python Java Shell MySQL SQL Server,https://jobs.51job.com/kunshan/171351873.html?s=sou_sou_soulb&t=0_0&req=10aba5dbfe943c888554fe4b73b1c1de
网络工程师,苏州冠鸿智能装备,6千-1.2万·13薪,苏州·相城区,苏州,本科,2年,2026-07-10 10:35:02,job51,"岗位目标：
能够根据项目需求完成现场整个网络拓扑的搭建（包含 AGV 网络，IO 模块网络，主机设备网络，与客户 MES 等系统对接网络），能够及时分析排查现场网络异常问题，能够给现有现场的网络给出优化跟改进方案。 
本岗位的基本要求：
熟悉网络知识如 ip 分配子网掩码划分等基础知识，了解常见工业 AP的配置，具备快速学习新产品的配置等，了解常见的工业通讯协议如 Modbus tcp 等。 
职责范围：
1、适应短期出差需要去项目督促检查供应商的网络部署施工情况。
2、项目网络部署施工前根据图纸或者现场考察给出网络拓扑图已经 AP 的点位部署图。
3、需要及时排查现场网络的异常情况。
4、可以对已经进场的现场网络给出优化与改进方案。
5、协助进行一些模块的测试与调试工作。",Modbus AGV IO MES AP,https://jobs.51job.com/suzhou-xcq/149792411.html?s=sou_sou_soulb&t=0_0&req=10aba5dbfe943c888554fe4b73b1c1de
高级AI应用工程师(J10493),苏州苏纳光电,2-3.5万,苏州·苏州工业园区,苏州,本科,6年及以上,2026-07-14 16:30:59,job51,"工作职责:
1. 高效能场景攻坚：​ 梳理业务高频痛点，搭建知识检索、辅助分析等AI工具。负责评估应用所需的网络带宽、时延及算力资源，提出基础设施优化需求。
2. 安全环境构建与配置：
网络层：​ 配合运维团队配置AI服务所需的VPC、子网及安全组规则，实施网络隔离，杜绝未授权访问。
应用层：​ 负责大模型API的安全调用（密钥轮换、流量限制），配置Web应用防火墙（WAF）规则以拦截Prompt注入攻击。
数据层：​ 实施知识库访问权限的精细化控制（RBAC），确保敏感数据（如DFS）仅对授权Agent可见。
3. 知识库治理与加密传输：​ 执行知识资产的清洗、分段与向量化，确保所有数据传输过程加密，静态数据加密存储，定期审查访问日志。
4. 运维监控与应急响应：​ 部署监控探针，跟踪AI服务的可用性、响应速度及异常流量。参与信息安全事件应急响应，针对AI特有的泄露风险制定应急预案。
任职资格:
1. 技术栈广度与深度：
必须：​ Python/Node.js开发能力，熟练调用RESTful API。
AI侧：精通大模型应用全链路（Prompt/Agent/RAG），熟练使用主流开发框架。
网络侧：熟悉TCP/IP协议栈、VPN、SD-WAN及负载均衡技术；了解高性能网络（如RDMA）在分布式训练中的应用。
安全侧：精通防火墙策略、IDS/IPS、WAF配置及零信任架构（ZTNA）设计；熟悉OAuth2.0/SAML等认证协议。
加分：​ 熟悉Nginx反向代理配置、iptables/firewalld防火墙规则；了解HashiCorp Vault等密钥管理服务；有Docker/K8s网络插件（CNI）使用经验。
2. 安全意识敏锐：​ 了解OWASP Top 10及大模型特有的安全风险（如数据投毒、模型窃取）。在开发过程中能自觉规避硬编码密码、暴露敏感端口等行为。
深刻理解《网络安全法》、数据安全相关要求及ISO27001标准，具备制造业OT环境安全规划经验者优先。
3. 制造业背景：​ 熟悉工厂网络架构（如车间Mesh网络、SCADA系统隔离）者优先，了解如何在封闭网络环境下部署AI应用。
4. 落地思维：​ 不追求完美理论，但在给定的网络与安全约束下，能快速找到技术实现的“***公约数”，推动项目上线。
具备极强的跨部门推动力，能与基础设施（Infra）、安全（Sec）团队无缝协作，在保障核心资产安全的前提下驱动业务敏捷创新。",大模型 防火墙 Prompt Agent 加密 Python Node.js RAG TCP/IP 分布式 IDS IPS 零信任 SAM Nginx Docker K8s 知识库 应急响应,https://jobs.51job.com/suzhou-gyyq/172907330.html?s=sou_sou_soulb&t=0_0&req=10aba5dbfe943c888554fe4b73b1c1de
System Engineer II,昆山杜克大学,8千-1.2万,苏州,苏州,本科,3年及以上,2026-07-14 09:59:23,job51,"Position Overview:
Duke Kunshan University is a world-class liberal arts university offering high-quality, interdisciplinary undergraduate and graduate programs. The Infrastructure, Systems &amp; Web Services unit within the DKU Office of Information Technology manages the university data centers, works with Duke University’s Office of Information Technology to support network infrastructure and systems platforms, provisions system services for education, research, and application environments, and manages web services in support of the university’s branding and communication. The Systems Engineer II positon is expected to work closely with campus users, peer teams, and extrnal servie providers and carry out a wide range of operational duties in infrastructure &amp; systems management as well as security &amp; compliance activities.

Reports to:
Manager of Infrastructure, Systems &amp; Web Services

Essential Duties:
•	Maintain the daily operation of the university’s IT infrastructure, including servers, networks, storage systems, and other critical platforms to ensure stability and availability.
•	Use monitoring platforms (Zabbix + Prometheus) to monitor network devices, servers, storage, and core systems; handle alerts and analyze system status to identify and diagnose issues promptly.
•	Assist with routine network operations, including device installation, inspections, link verification, troubleshooting, and issue follow up to ensure a stable and reliable network environment.
•	Manage and maintain Cisco UCS server platforms, including firmware upgrades, resource allocation, and hardware monitoring.
•	Maintain EMC Unity, NAS, and other enterprise storage systems to ensure data performance and reliability.
•	Install, configure, optimize, and troubleshoot Linux servers to ensure system security and business continuity.
•	Support daily IT operations such as backup and recovery, access control, and security hardening. Be ready to respond to serious system issues outside normal working hours.
•	Prepare and maintain operational documentation, inspection reports, runbooks, and change records to ensure standardized IT operations, security and compliance.
•	Perform other duties as assigned. 
•	Job responsibilities may expand in scope and complexity as the University grows.

Required Qualifications:
•	Minimum 3 years of experience in system administration or network operations preferred.
•	Prior experience in a higher education, research insititutions, or multinational environments preferred.
•	Full-time bachelor’s degree or above, major in information technology, computer science, or a related field preferred.
•	Familiarity with enterprise level IT infrastructure with experience in system and network operations.
•	Knowledge of CCNA level networking concepts, including TCP/IP, switching, routing, VPN, and basic network security.
•	Understanding of switches, routers, firewalls, and related technologies; familiarity with VLAN, DHCP, DNS, NAT, ACL, and other common enterprise network technologies.
•	Ability to perform basic network troubleshooting, including diagnosing IP conflicts, DNS resolution issues, DHCP allocation problems, VLAN misconfigurations, routing or path issues, and firewall policy restrictions.
•	Understanding of enterprise wireless network architecture and the 802.11 standard, with the ability to analyze issues such as coverage gaps, roaming problems, channel interference, and authentication failures.
•	Proficiency in Linux system administration such as Almalinux / RHEL / Ubuntu, including configuration, optimization, and troubleshooting.
•	Familiarity with and mainstream server and storage platforms, preferrabky Cisco UCS, EMC Unity and NAS.
•	Detail oriented, responsible, and proactive in identifying and addressing system or network anomalies to ensure business continuity.
•	Strong communication skills, customer service mindset, and the ability to collaborate effectively with network, system, and operations teams.
•	Proficient in oral and wirtten communication in both English and Chinese.

Preferred Qualifications:
•	Experience in enterprise or campus network operations.
•	Experience managing GPU servers.
•	Experience in Databases and middleware.

How to Apply:
Please be advised the salary is commensurate with experience.
Please submit your formal application by searching the position on DKU recruitment portal.",Gin RAG Prometheus Prompt Linux TCP/IP,https://jobs.51job.com/suzhou/171177746.html?s=sou_sou_soulb&t=0_0&req=10aba5dbfe943c888554fe4b73b1c1de
资深IT工程师,苏州云格致智能科技,1-1.5万,苏州·苏州工业园区,苏州,大专,5年及以上,2026-07-13 17:11:19,job51,"【岗位定位】
全面负责公司基础网络、硬件服务器及项目现场IT环境的稳定运行，保障公司各项业务（含海外）的有效运转。

【岗位职责】
1、基础架构与网络运维：全面负责公司总部及分支机构（含海外子公司）的网络架构规划、配置与日常运维，保障网络系统的高可用性与安全性。
2、负责公司机房管理、服务器（含虚拟化环境）评估、部署与性能调优，保障OA、ERP等核心业务系统的底层运行环境稳定。
3、负责公司防火墙、VPN、上网行为管理及绿盾加密软件等安全策略的配置与巡检。
4、项目现场IT部署支持：参与公司智能仓储等业务项目的前期IT规划，负责项目现场的弱电网络布线规划、网络设备配置与调试。
5、评估项目所需的服务器资源与网络架构，保障项目交付阶段的IT环境顺利搭建与验收。
6、资产与配置管理：负责IT固定资产（电脑、服务器、网络设备等）及软件资产的台账管理、盘点与寿命周期管理。
7、规范IT软硬件采购标准，提供选型建议与成本把控。
8、团队赋能与流程建设：基于现有团队人员（如系统管理员、软件运维人员）的技术短板，提供网络层、硬件层的技术指导与培训，提升团队整体技术水位。
9、梳理并沉淀IT基础运维SOP（标准作业程序），建立故障响应机制，降低对单一人员的依赖。

【任职要求】
1、学历与经验： 大专及以上学历，计算机科学、网络工程或相关专业；5年以上中大型企业IT运维或网络工程师经验，有制造业或智能仓储项目IT部署经验者优先。
2、硬性技术门槛（必须独立实操过）：
——网络侧：精通路由器、交换机、防火墙的配置与管理（熟悉华为、深信服等主流品牌）；能独立规划VLAN、路由协议及VPN组网。
——系统与硬件侧：精通Windows Server/Linux系统管理；熟练掌握VMware等虚拟化技术的部署与运维；熟悉机房动环、存储设备的日常维护。
3、业务理解力： 熟悉制造业或科技企业的日常IT运作流程，了解致远OA、ERP等企业级应用软件的网络及服务器部署要求。
4、综合素质：
——极强的排障能力和应急响应能力，能在高压下快速定位并解决网络/服务器突发故障。
——具备一定的沟通协调能力，能跨部门对接业务需求，并耐心指导内部初级IT人员。
——接受项目现场的短期出差支持。

【加分项】
1、持有CCNP/CCIE、HCIP/HCIE或同等网络高级认证。
2、有海外网络节点组建与运维经验，熟悉跨国组网及合规要求。
3、有弱电施工、仓储自动化项目现场网络调试经验。",高可用 防火墙 加密 Linux 采购 培训 应急响应 合规,https://jobs.51job.com/suzhou-gyyq/172892793.html?s=sou_sou_soulb&t=0_0&req=10aba5dbfe943c888554fe4b73b1c1de
信创架构工程师,江苏益展研创智能科技,6.5-8.5千,苏州·姑苏区,苏州,本科,1年及以上,2026-07-13 16:09:32,job51,"岗位职责
1.熟悉银河麒麟、统信UOS 国产操作系统部署、故障排查与系统维护；
2.管理堡垒机权限、维护 VPN 远程接入系统；
3.基础网络、防火墙日常运维，处理网络及系统故障；
4.落实日常安全巡检，配合信创、网络安全相关工作。
任职要求
1.计算机、网络、信息安全相关专业，有运维相关经验；
2.熟练使用麒麟 / 统信UOS国产操作系统，掌握常用命令与适配调试；
3.熟悉堡垒机权限管理、日志审计，能独立配置维护 VPN；
4.了解基础 TCP/IP 网络、防火墙策略，具备故障排查能力。",防火墙 TCP/IP 故障排查 审计 VPN TCP IP,https://jobs.51job.com/suzhou-gsq/172890931.html?s=sou_sou_soulb&t=0_0&req=10aba5dbfe943c888554fe4b73b1c1de
基础架构工程师 (MJ000567),苏州艾博生物科技,6千-1万,苏州·苏州工业园区,苏州,本科,1-3年,2026-08-06 10:36:07,job51,"岗位职责：
1. 负责企业本地Linux服务器、计算集群及云平台（虚拟机、存储、网络）的部署、配置与日常运维工作；
2. 常态化监控研发系统运行状态、性能与资源容量，快速排查和解决系统故障、性能卡顿、服务中断等各类运维问题；
3. 负责ELN电子实验记录本、LIMS实验室信息管理系统日常运维，包含账号开通、权限配置、系统参数维护，联动供应商解决系统问题；
4. 协助完成实验室仪器与ELN/LIMS系统的对接集成，保障业务系统与实验设备数据互通、稳定运行；
5. 运维管理文件服务器、对象存储、数据库等数据存储资源，维护各业务间数据流转链路，落实数据备份、留存与基础数据质量校验工作；
6. 配合完成系统补丁更新、容灾恢复、基础安全加固，落地IaC自动化运维思路，持续完善运维流程与技术文档。


任职要求：
1. 计算机、信息系统、工程相关专业，本科及以上学历；
2. 1-3年IT运维、系统管理、DevOps相关工作经验；
3. 熟练掌握Linux系统运维核心技能，具备扎实的网络基础知识（DNS、DHCP、VPN、防火墙等）；
4. 掌握Python、Bash等任意一种脚本语言，可独立完成自动化运维、故障排查相关脚本编写；
5. 接触过AWS、Azure、GCP等主流云平台，了解云基础架构；
6. 具备优秀的故障排查能力，能够独立处理复杂、模糊的技术问题；
7. 文字表达清晰、善于沟通，可高效对接非技术岗位科研人员，完成需求对接与问题答疑。",Linux DevOps 防火墙 Python AWS Azure 技术文档 系统运维 故障排查,https://jobs.51job.com/suzhou-gyyq/173171562.html?s=sou_sou_soulb&t=0_0&req=10aba5dbfe943c888554fe4b73b1c1de
资讯员（泰）,三积瑞科技（苏州）,8千-1.2万,苏州·苏州工业园区,苏州,大专,3年及以上,2026-07-02 10:14:10,job51,"1、负责公司内部网络架构的日常维护与优化，保障服务器及终端设备稳定运行；
2、负责公司相关硬件设备的日常维护、异常处理；；
3、执行网络安全策略部署，定期进行漏洞扫描、数据备份及系统补丁更新工作；
任职要求
1、计算机、通信工程或相关专业大专及以上学历，持有网络工程师相关证书优先；
2、具备优秀的故障排查能力与抗压能力，能适应突发紧急状况下的快速响应需求；
3、工作严谨细致，具备良好的服务意识、团队协作精神及较强的沟通协调能力。
4、英语熟练，能配合长期派驻出差",漏洞扫描 故障排查,https://jobs.51job.com/suzhou-gyyq/172763699.html?s=sou_sou_soulb&t=0_0&req=10aba5dbfe943c888554fe4b73b1c1de
苏州区域IT,烟台睿创微纳技术,1-2万,苏州·虎丘区,苏州,本科,3年及以上,2026-07-28 14:51:09,job51,"工作职责
1、负责公司网络、服务器及桌面系统的日常运行维护，快速定位并解决各类软硬件故障；
2、负责业务服务器的配置、部署、监控、性能调优及故障排查；
3、负责桌面计算机及周边设备（计算机、显示器、电话、网络设施、打印机、扫描仪等）的安装、配置、升级与日常维护；
4、负责网络设备、服务器、安全系统的运行监控与管理，以及公司综合布线系统的维护；
5、负责虚拟化平台（VMware / KVM 等）的规划、部署、维护与优化，包括虚拟机生命周期管理、资源调度、高可用配置及故障排查；
6、负责数据中心机房的管理，包括动环监控、UPS、空调、网络及服务器存储等基础设施的监控系统搭建与维护；
7、撰写运维技术文档，整理并分析运维数据，持续提升运维质量。
任职资格
1、本科及以上学历，计算机相关专业优先；
2、具有3年以上运维或IT支持相关工作经验；
3、具备扎实的计算机软硬件知识，能快速判断并处理常见软硬件故障，能指导用户正确使用主流软硬件；
4、具备良好的服务意识和职业素养，沟通表达能力强，有团队协作精神；
5、熟悉主流服务器及网络设备的故障诊断、维护与故障处理，了解网络基础知识及综合布线；
6、熟悉Windows、Linux操作系统的安装、配置、故障处理，具备企业桌面系统部署经验；
7、熟悉AD域管理，包括设备加域、员工信息登记、桌面安全策略配置等；
8、熟悉虚拟化平台（VMware/KVM等）的基本管理与维护；
9、了解至少一种监控系统（如Zabbix、Prometheus、Cacti等），具备搭建或维护经验者优先。
加分项（非必需）：
1、有数据中心机房动环监控系统搭建经验；
2、熟悉存储设备（SAN/NAS）基础管理；
3、具备网络认证（如CCNA/HCIA）或虚拟化认证（VCP等）；
4、有良好的文档撰写习惯，能输出规范的运维文档。",高可用 Linux Prometheus 故障排查 技术文档 VMware KVM UPS,https://jobs.51job.com/suzhou-hq/173068056.html?s=sou_sou_soulb&t=0_0&req=10aba5dbfe943c888554fe4b73b1c1de
IT运维工程师,苏州铠策微机械科技,1-1.5万,昆山,苏州,本科,3年及以上,2026-08-01 17:16:01,job51,"职责：
1、根据集团IT现状及发展规划制定基础架构规划及实施；
2、主导技术架构项目选型，作为项目经理管理专项基础架构项目，包括：新工厂弱电系统集成、网络架构、服务器虚拟化、集群部署、超融合部署、Docker、K8s，以及安全及容灾等；
3、对终端、操作系统、网络、服务器等进行管理维护，确保其安全、可靠、高效运行；
4、主导优化已有IT基础设施架构，以及IT基础设施、信息安全等相关流程并执行；
5、管理IT基础设施团队，为用户提供及时且高质量的服务。


任职要求：
1、具有3年以上IT基础设施团队管理经验；
2、精通主流IT基础设施相关技术，对终端、操作系统、网络、数据库、服务器虚拟化、备份容灾等领域有深入理解和实操经验，并对新技术有研究兴趣；
3、具有大型制造业IT基础设施整体规划以及平台架构能力者优先；
4、具有跨国集团IT基础设施运维管理、且英语能作为工作语言沟通者优先；
5、具有良好的服务意识、自驱力强，及丰富的项目管理经验。",Docker K8s 团队管理 项目管理,https://jobs.51job.com/kunshan/173120113.html?s=sou_sou_soulb&t=0_0&req=48baff267fd2b4270747c7032f6a3ff8
it运维工程师,江苏镭创高科光电科技,9千-1.2万,苏州·虎丘区,苏州,本科,3-5年,2026-07-29 15:19:31,job51,"一、岗位职责：
（一）基础运维：
1.全面负责公司IT基础设施（网络、服务器、数据库）的架构规划与安全稳定，能确保各部门的网络隔离与互通；
2.负责公司内部网络、服务器、路由器等设备的日常监控、维护及故障排查；
3.处理员工电脑软硬件故障（Windows系统安装、ERP软件安装、打印机配置等）；
（二）权限管理
1.负责公司企业邮箱、内部加密系统的账号管理；
（三）信息安全
1.制定并落地IT管理制度、应急预案及数据容灾策略、编写运维操作文档；
2.统筹公司信息安全体系建设，防范数据泄露，负责服务器数据备份、病毒防范及基础信息安全合规检查。
（四）资产管理
1.管理IT资产（电脑、服务器、网络设备等）的采购验收、台账盘点及报废处置；
（五） 部门对接
对接业务部门需求，负责与软件实施团队沟通OA、ERP、MES、PLM等业务系统的日常维护与二次开发；
二、任职要求：
1. 全日制本科及以上学历，计算机相关专业，3-5年以上企业IT运维经验； 
2. 熟悉企业内部局域网整体架构规划与实施（包括无线覆盖优化方案），能主导网络设备（核心交换机、防火墙）策略配置，针对ERP/PLM等关键业务系统能制定策略保障带宽优先级，并定期输出网络性能评估报告。
3. 具备企业信息化项目从0到1的落地经验为加分项；
4. 精通主流操作系统及常见办公软件的排错；
5. 逻辑清晰，具备优秀的跨部门沟通和资源协调能力。",加密 防火墙 故障排查 安全合规 采购 资源协调,https://jobs.51job.com/suzhou-hq/173084859.html?s=sou_sou_soulb&t=0_0&req=48baff267fd2b4270747c7032f6a3ff8
网络工程师,苏州易开迪新能源技术,7-9千·13薪,常熟,苏州,大专,3年及以上,2026-07-10 09:51:38,job51,"工作内容
1.负责数据中心服务器、交换机、动力环境等日常维护巡检
2.对数据中心服务器设备上下架，进行安装、硬件维护、硬件故障处理等工作;
3.负责数据中心设备迁移,服务器系统安装调试,如Wind ows/Linux系统等;
4.协助对Linux系统排错，定位解决故障，有问题及时反馈;
5.对数据中心网络设备、交换机故障排查及解决，如交换机替换链路故障等;
6.日常问题及突发事件的及时响应反馈并解决跟进故障处理;
任职要求
熟悉业界主流厂家服务器、存储的原理、操作;
具有扎实的专业经验,特别是动手操作能力,具备独立解决服务器、系统故障的能力。
熟悉Windows、Linux系统。
熟悉掌握OFFICE等办公软件。",Linux 故障排查 ows,https://jobs.51job.com/changshu/172862778.html?s=sou_sou_soulb&t=0_0&req=48baff267fd2b4270747c7032f6a3ff8
基础运维工程师(J10644),苏州天孚光通信,8千-1.4万·13薪,苏州·高新区,苏州,本科,3年及以上,2026-07-25 15:07:00,job51,"工作职责:
1.对桌面用户电脑使用负责
1.1 负责桌面用户的支援，及时解决桌面用户电脑系统软件故障；
1.2 负责系统硬件故障时，对无法排除的硬件故障，向用户提出明确解决方
案；
1.3 负责检查桌面用户电脑防毒软件是否正常运行；
1.4 负责桌面用户标准软件之外的软件需求安装；
1.5 负责桌面用户电脑运行效能评估；
1.6 负责桌面用户电脑使用效能降低时，电脑替代，资料备份
2.对各安防系统、会议室正常运行负责
2.1负责监控系统点检工作，对录象有效期、角度、清晰度负责
2.2 负责门禁系统点检工作，对门禁有效闭合、可控通行负责
2.3 负责会议室各系统点检工作，对会议室正常投入使用负责。
2.4 负责监控系统新增时的施工评估，协调参与监控新增时的安装工作
2.5 负责门禁系统新增时的施工评估，协调参与门禁新增时的安装工作
3.对资讯列管资产负责
3.1 负责对资讯列管资产（电脑、打印机等）进行验收
3.2 负责对资讯列管资产进行及时、准确资产登记
3.3、负责对租用打印机每季度读数登记
4. 对入职员工电脑交付负责
4.1 负责入职员工电脑系统、应用软件安装
4.2 负责入职员工电脑帐号的正确配置，网络盘映射
4.3 负责入职员工电脑打印机的正确安装（A4、三联纸）
4.4 负责入职员工电脑移交过程中的各系统密码交付
4.5 负责电脑交付确认单回函确认
任职资格:
1.全日制本科及以上、3年及以上企业桌面运维工作经验
2.熟悉桌面运维常见问题及处置方法
3.熟悉网络问题处理方法
4.有良好的沟通能力",A4,https://campus.51job.com/tfcsz/jobinfo.html?jobid=173040764
IT Engineer,西交利物浦大学,8千-1.4万,苏州·苏州工业园区,苏州,本科,2年及以上,2026-07-27 13:39:00,job51,"Roles &amp; Responsibilities:




1. Provide IT support and services for staff and students, including but not 
limited to computer software and hardware, peripheral printers, networks, 
application systems, etc
2. Provide rapid response and maintenance services for various IT systems and 
IT equipment on the XEC campus.
3. Maintain Data Center, including security audits, system backup procedures, 
and other recovery processes in accordance with disaster recovery and business 
continuity strategies.
4. Monitor network and intelligent facility performance and troubleshoot 
problem areas.
5. Support various offline and online teaching, meetings, and activities.
6. Other tasks assigned by superiors.

Qualifications:




1. Bachelor's degree in computer science or related field;
2. At least two years of relevant work experience.

Required Competencies and Skills:




1. Experience in maintaining, managing, installing, and configuring user 
computers;
2. Fluent English ability, CET-6 or IELTS 5.5 or above;
3. Good interpersonal and communication skills;
4. Team-working, transparency spirit, patience, and interest in learning new 
technologies;
5. Willingness to learn and work in an international campus environment.",DiT Gin Go SPI Roles Responsibilities Provide IT,https://jobs.51job.com/suzhou-gyyq/153103733.html?s=sou_sou_soulb&t=0_0&req=48baff267fd2b4270747c7032f6a3ff8
Network工程师,矽品科技（苏州）,6-8千·13薪,苏州·苏州工业园区,苏州,本科,1年及以上,2026-07-08 14:48:37,job51,"职位描述：
1.网络系统维运管理与异常排除；
2.网络相关设备(如:Router、Switch、Wireless、Firewall...等)之建制安装、需求设定、设备调试与维护；
3.网络系统运作点检&amp;监控与设定管理,熟练使用熟练使用网络监控和管理工具（例如 Wireshark、SolarWinds）
4.网络电话/仿真电话及综合布线等弱电系统维护管理
5.机房及固定资产维护管理
任职要求：
1. 本科学历，计算器/通信/网络等相关专业；
2. 熟悉Cisco，Huawei，H3C，Fortinet，Paloalto，F5等主流厂商设备；
3. 思维敏捷，工作有责任心和服务精神，具有良好的团队合作精神
4. 持有CCNA/HCIA/H3CNE或以上级别认证者优先考虑",Router Switch Wireless Firewall... Wireshark SolarWinds Huawei H3C,https://jobs.51job.com/suzhou-gyyq/172139150.html?s=sou_sou_soulb&t=0_0&req=48baff267fd2b4270747c7032f6a3ff8
IT支持与基础设施协调员,苏州思迈尔电子设备,1.5-2万,苏州·苏州工业园区,苏州,本科,5年及以上,2026-07-29 11:47:33,job51,"职位概述
CMR正在为其苏州工厂寻求一名IT支持与基础设施协调员，作为该工厂的IT主要联络人。该职位结合了实操性用户支持、本地基础设施管理、供应商协调、网络安全支持以及集团IT标准的执行。
成功的候选人将作为全球IT组织的本地代表，确保工厂的IT环境保持可运行、安全、合规，并与集团政策和流程保持一致。
该职位要求具备IT支持和基础设施管理方面的初级专业经验，同时具备在国际环境中使用英语进行有效沟通的能力。
职能汇报线： 集团基础设施经理（法国）
________________________________________
主要职责
用户支持与服务交付
•	为本地用户提供一级和二级IT支持。
•	排查并解决硬件、软件、网络及Microsoft环境相关问题。
•	支持员工入职和离职相关活动，包括工作站部署和本地用户账户管理。
•	协助用户使用Microsoft操作系统、Microsoft 365应用程序及业务软件。
•	为用户提供指导并推广IT***实践。
基础设施运维
•	维护并监控工作站、服务器、网络设备、打印机及相关基础设施。
•	执行日常维护、升级和故障排查活动。
•	支持集团IT项目在本地工厂的实施。
•	在集团管控下完成网络布线作业。
•	参与备份验证及业务连续性相关活动。
供应商与本地服务协调
•	协调本地IT服务提供商和承包商。
•	监督外包IT活动并确保服务质量。
•	跟进干预措施、维护操作及本地项目。
•	在需要时向集团IT团队升级问题并协调行动。
安全与合规
•	确保符合网络安全、内部控制及IT治理要求。
•	执行网络安全经理分配的任务。
•	支持漏洞修复、终端防护、补丁管理及安全意识推广活动。
•	报告安全事件并参与纠正行动计划。
与全球IT团队协作
•	应用并监督集团IT政策、标准和流程的执行。
•	定期参加集团IT团队会议。
•	通报本地IT项目、风险及运营挑战。
•	为IT服务和流程的持续改进做出贡献。
________________________________________
任职要求
学历
•	信息技术、计算机科学、信息系统或相关专业本科学历。
经验
•	2至3年IT支持、系统管理或基础设施运维经验。
•	具有工业或国际环境经验者优先。
•	具有与外部服务供应商合作经验者优先。
技术技能
熟悉以下领域：
•	Microsoft Windows桌面和服务器环境
•	Active Directory（活动目录）
•	Microsoft 365
•	网络基础设施（交换机、VLAN、TCP/IP、Wi-Fi）
•	终端管理和安全解决方案
•	备份和恢复解决方案
•	硬件故障排查与维护
语言能力
•	中文流利
•	英语听说读写能力良好（必须）
个人素质
•	强烈的客户服务意识
•	能够独立工作，同时与远程团队保持联系
•	良好的沟通和协调能力
•	工作有条理、有组织性
•	具备解决问题的态度
•	能够执行标准和流程
•	强烈的责任感",ROS TCP/IP 合规 故障排查 客户服务 Microsoft Active Directory,https://jobs.51job.com/suzhou-gyyq/173080408.html?s=sou_sou_soulb&t=0_0&req=48baff267fd2b4270747c7032f6a3ff8
IT Engineer,芯成半导体（上海）,,苏州·吴中区,苏州,本科,2年及以上,2026-08-07 11:03:29,job51,"岗位职责（Key Responsibilities）
1.	IT基础设施维护
•	负责公司内部网络、服务器及硬件设备的日常维护与管理（含PC、打印机、会议设备等） 
•	保障办公网络稳定运行，包括LAN/WAN、VPN、防火墙等 
2.	系统与账号管理
•	负责Windows AD域环境管理、账号权限分配及策略维护 
•	维护企业邮件系统（Exchange/M365）及相关IT系统
3.	用户支持（Helpdesk）
•	提供日常IT支持，快速响应用户问题，处理故障（硬件/软件/网络） 
•	支持办公软件、VPN、远程访问等问题
4.	跨区域IT支持
•	为ISSI苏州及Lumissil苏州办公室提供技术支持 
5.	IT项目与优化
•	参与公司IT基础设施升级及项目实施（如办公室搬迁、网络改造等）
•	提出系统与流程优化建议，提高IT服务效率

任职要求（Requirements）
基本要求
•	计算机相关专业，本科及以上学历 
•	2年以上IT支持或系统管理相关工作经验 
•	有良好的服务意识和责任心

专业技能要求
•	熟悉网络基础（TCP/IP、VPN、防火墙、负载均衡、安全加密等） 
•	熟悉Windows系统（Win10/11、Server）及AD管理 
•	熟悉Exchange或Microsoft 365环境优先
•	掌握基本服务器维护、网络排障能力
•	具备硬件故障判断和处理能力

加分项
•	有多办公室IT支持经验
•	熟悉虚拟化（VMware/Hyper-V）或云环境
•	有基础脚本能力（PowerShell / Python）
•	有IT项目实施经验（网络升级、机房建设等）

语言能力
•	良好的英语读写能力，能处理英文邮件
•	能进行基本英语沟通优先 
个人素质（Soft Skills）
•	良好的沟通能力和团队合作精神 
•	主动性强，具备问题分析与解决能力
•	能承受一定工作压力",防火墙 TCP/IP 加密 ROS Shell Python 技术支持 流程优化,https://jobs.51job.com/suzhou-wzq/172425907.html?s=sou_sou_soulb&t=0_0&req=48baff267fd2b4270747c7032f6a3ff8
IT工程师(J11473),苏州航盛新能源,1-1.5万,苏州,苏州,本科,5年,2026-07-21 09:27:13,job51,"工作职责:
1.按流程对公司电脑硬件及其周边设备购置、验收、登记、发放、安装、维护、调配和管理；
2.负责公司办公电脑、打印机、复印机、扫描仪等硬件设备的日常维护和故障排除。
3.负责新员工办公设备的安装、配置和调试，确保新员工能够及时、正常地开展工作。同时，对离职员工的设备进行回收、检查和处理。
4.安装、配置和维护操作系统、办公软件、专业软件等各类软件系统，确保软件的正常运行和版本的及时更新。
5.解决员工在使用软件过程中遇到的问题，如软件崩溃、兼容性问题等。为员工提供软件使用方面的技术支持和培训，提高员工的软件使用水平。
6.协助其他部门解决与信息技术相关的问题，提供技术支持和建议。。
7.对公司信息类固定资产进行管理，配合计划财务部进行盘点。
8.根据流程对信息系统用户进行管理和权限的控制；
9.保障Intranet和Internet网络的安全性和稳定性；
10.确保重大数据安全事故发生率为0(不超过一天信息数据丢失)。
11.负责制定信息系统安全策略，制定信息系统安全等级、开发实施和运行维护安全管理标准。
12.负责组织信息系统安全风险分析，组织制定信息系统灾难恢复计划，组织应急方案的定期演练。
13.负责监督信息系统开发实施安全标准的落实，参与信息系统项目的安全需求分析和设计，参与信息系统项目的安全测试和验收。
14.负责信息系统用户的统一管理，负责制定操作系统、数据库、应用系统、网络设备等的安全参数标准。
15.负责监督信息系统运行维护安全标准的落实，组织对操作系统安全、数据库安全、应用系统
安全、网络安全、防病毒和物理安全的预防性巡检。
16.负责信息系统安全事件管理，制定安全事件处理流程，对安全事件和重大故障进行响应和调度。
17.负责跟踪信息系统的安全漏洞、补丁信息和病毒信息，提出安全防护措施并定期发布安全公告。
18.负责展厅、会议室音视频、投影、灯光、网络、办公终端等设施设备的日常巡检、运维保障与故障处理，保障会议、接待及展示工作正常开展。
任职资格:
1）能独立完成SAP/OA等系统的安装、配置；
2）具备企业网络组建与运维能力；
3）掌握网络安全防御技术；
4）熟练实施数据安全方案（备份策略制定、FTP/知识库权限管控）；
5）能快速响应系统故障，制定应急预案并优化系统性能。
6）熟练掌握 Windows 系统的域环境管理，包括用户和计算机账户的创建、管理和权限分配；
7）能够快速诊断和解决桌面系统出现的各种软件故障，如系统崩溃、软件冲突、病毒感染等；
8）握企业级软件的部署方法，如通过组策略、脚本等方式实现软件的批量安装和配置；
9）了解软件版本控制、升级和卸载等操作，确保软件的稳定运行和合规使用；
10）能够配置和管理企业级杀毒软件，进行病毒防护和恶意软件查杀",技术支持 培训 需求分析 知识库 合规 FTP Windows,https://jobs.51job.com/suzhou/172979173.html?s=sou_sou_soulb&t=0_0&req=48baff267fd2b4270747c7032f6a3ff8
IT助理工程师（桌面/基础架构方向）,旭川化学（苏州）,7-9千,苏州,苏州,本科,2-3年,2026-07-22 09:26:49,job51,"1、IT服务支持：响应员工各类IT报修，排查电脑软硬件、网络、打印机、门禁、会议视频设备故障；开展终端巡检，落实设备标准化配置，保障日常办公顺畅；
2、服务器与网络运维：协同团队维护Windows/Linux服务器，执行配置、补丁、数据备份；协助排查办公网络、交换机、防火墙故障，管理内网IP与终端接入；
3、IT资产与台账管理：完成软硬件资产登记、定期盘点，规范设备领用、变更、报废流程，确保台账完整清晰；
4、标准化落地与问题复盘：整理故障解决方案，沉淀运维流程；跟进工单闭环，复盘疑难问题，减少同类故障重复发生；
5、合规与运维保障：配合开展等保自查、备案支撑，落实运维安全相关规范。

任职要求：
1、本科及以上，计算机、网络、信息技术相关专业；
2、2-3年制造业桌面IT运维经验，能适应厂区环境，有化工企业运维经历优先；
3、熟练Windows、主流Linux系统部署排障，精通PC硬件检修，熟悉办公外设调试；掌握服务器基础运维、基础网络排查，了解IP规划，有VMware虚拟化经验优先；
4、熟悉AD域、企业邮箱、OA，可独立处理绝大多数终端故障；了解ERP/MES/SRM，知晓DCS、PLC、工控网络概念者优先；
5、能够整理运维文档、资产台账，完成巡检与临时性保障任务；
6、具备良好服务意识与沟通能力，问题闭环意识强，响应及时细致；
7、工作主动严谨，善于按时推进工作，重大问题及时升级汇报。",Linux 防火墙 合规 OA MES SRM PLC,https://jobs.51job.com/suzhou/172995711.html?s=sou_sou_soulb&t=0_0&req=48baff267fd2b4270747c7032f6a3ff8
IT工程师,牧东光电科技,1-1.2万,苏州·吴中区,苏州,本科,3年及以上,2026-07-21 14:37:56,job51,"主要职责
1. 桌面支持：客户端支持服务，包括邮件，系统，应用软件，打印机等的故障排除工作，解决用户提出的问题
2. 弱电管理：监控、门禁、网络布线等相关运维工作
3. 体系文件：根据27001体系，参与制定标准的规范文件、策略、管理办法等
4. 配置管理：企业内的网络设备，包括防火墙，核心等进行相关配置，定期进行日志查阅审核，解决网络安全隐患
5. 资产管理：IT固定资产的统计及更新工作
6. 机房管理：能够运维服务器，对机房环境及线路布局规划
7. 服从管理：服从工作安排，包括应急影响处理等
任职要求：
1. 本科及以上学历，计算机相关专业毕业，3年以上工作经验
2. 基础协议与架构：进行网络拓扑设计、设备选择和网络布局规划，具备综合布线基础知识
3. 网络规划与安全：具备中小型网络拓扑设计能力，熟悉防火墙、ACL、NAT、VPN及安全策略部署，定期进行安全审计和日志管理，发现和解决安全隐患
4. 系统与环境：掌握Linux/Windows服务器基础配置，熟悉 DNS、DHCP、HTTP 等服务原理； 
5. 设备操作能力：精通飞塔、华三 (H3C)、思科 (Cisco) 等主流厂商交换机、路由器、防火墙的命令行配置、调试与故障排查
6. 应急响应：具备应急故障响应能力（1小时内到厂），能制定 SOP/EOP 并主导重大故障复盘
7. 文档与沟通：能独立编写网络拓扑图、配置规范、运维手册，且符合27001的认证要求，具备良好的跨部门协作及沟通能力
8. 证书及语言：拥有CCNP或同等以上证书优先，韩语熟练优先",防火墙 Linux 审计 故障排查 应急响应 跨部门协作,https://jobs.51job.com/suzhou-wzq/172986611.html?s=sou_sou_soulb&t=0_0&req=48baff267fd2b4270747c7032f6a3ff8
IT运维高级工程师,绿能起源科技（江苏）,1.5-2.5万·14薪,苏州·吴江区,苏州,本科,5-7年,2026-07-02 13:21:19,job51,"岗位职责
1. 高阶运维排障：承担L2/L3级高阶技术支持，处理网络、服务器、终端、M365等复杂故障，完成重大事故根因分析、复盘及预防优化，同时提供高管VIP运维支持。
2. 基础设施运维：负责LAN/WAN、Wi-Fi、防火墙、VPN等网络设施，以及Windows服务器、虚拟化、存储系统的运维优化，保障机房稳定、系统高可用及容灾就绪。
3. M365架构管理：全权负责M365全系组件（Exchange、Teams、SharePoint、Entra ID）运维治理，落地合规策略，主导迁移、集成等专项项目，处理各类复杂平台故障。
4. 容灾与备份管理：搭建并落地企业数据备份与灾难恢复体系，常态化监控备份任务、开展恢复测试，突发故障时主导数据恢复，完善容灾运维文档。
5. 资产标准化与制度建设：统筹IT资产全生命周期管理及CMDB维护，制定落地IT运维、资产、服务流程规范，编写运维知识库、用户操作手册等各类技术文档。
6. 海外项目与团队赋能：主导海外站点IT部署、迁移、运维落地，推广全球IT标准；指导初级运维人员，组织技术分享，提升团队整体运维能力。

任职资格
1. 学历与经验：计算机、信息技术等相关专业本科及以上学历，5-7年企业级IT运维、基础设施支持或Helpdesk高阶运维经验。
2. 基础设施能力：精通TCP/IP、路由交换、防火墙、VPN、Wi-Fi等网络技术，熟练掌握Windows Server、AD、组策略、DNS/DHCP等服务器运维技能。
3. 云与运维能力：具备成熟的Microsoft 365全模块管理经验，熟悉企业备份容灾、视频会议系统运维，精通IT资产及CMDB管理。
4. 文档与统筹能力：具备优秀的中文文档撰写能力，可独立编制运维制度、技术手册及用户指南，擅长多任务统筹，可承压推进各项运维工作。
5. 语言与项目能力：具备良好的英文读写能力，可对接全球团队、查阅外文技术资料；拥有项目协调能力。
6. 其他要求：接受短期海外项目出差，适配全球化多站点运维工作模式。

优先条件：持有ITIL、M365、CCNA等认证；掌握PowerShell/Python自动化脚本；熟悉ServiceNow运维平台，有新能源/制造业全球化企业运维经验优先",防火墙 高可用 TCP/IP ROS Shell Python 技术支持 合规 知识库 技术文档 系统运维,https://jobs.51job.com/suzhou-wjq/172769165.html?s=sou_sou_soulb&t=0_0&req=48baff267fd2b4270747c7032f6a3ff8
资深IT工程师(J11667),北京百普赛斯生物科技,1.5-1.8万,苏州,苏州,本科,5年及以上,2026-07-09 14:14:15,job51,"工作职责:
1.	负责企业互联网、局域网的运维，确保企业网络健康运行；
2.	负责企业各信息系统运行维护，确保系统稳定高效运行；
3.	负责数据管理、权限管控、数据备份、灾难恢复等安全管理；
4.	负责企业超融合服务器维护、管理，各部门资源管理、公司软硬件维护，系统安全维护；
5.	负责企业防护墙、核心交换、上网管理、交换机、网络等网络安全设备的管理及维护；
6.	负责公司门禁、打印机、监控、桌面等设备维护工作；
7.	负责系统升级、维护、优化及排错，保证系统安全、稳定与高效运行；
8.	负责弱电相关事项跟进、协调、事项安排等工作；
9.	负责本部门及跨部门信息化系统建设。需求收集、沟通、立项等。
10.	日常监控和维护管理包括但不仅限于网络巡检、故障响应与修复、应急预案执行、以及各项表报信息统计等；
11.	领导交代的其它工作。
任职资格:
1. 计算机或相关专业本科及以上学历；5年以上网络设备、服务器运维经验；具备桌面运维和信息化系统建设经验；
2. 熟悉系统、网络、存储、安全等基本原理，有实操经验；
3. 熟悉信息化系统实施流程、能够独立完成培训及运维体系建设，了解GMP管理体系优先；
4. 熟悉企业IT体系结构和基础设施，具备IT领域的综合性知识，了解IT基础架构，对新技术和新应用发展比较敏感；
5. 具有高度的责任心、较强的团队合作精神、良好的文字表达和沟通能力；有良好的自我调节能力和抗压能力。",培训,https://jobs.51job.com/suzhou/172853831.html?s=sou_sou_soulb&t=0_0&req=48baff267fd2b4270747c7032f6a3ff8
IDC运维工程师,兰笺（苏州）科技,8千-1.2万,苏州·苏州工业园区,苏州,本科,3年及以上,2026-07-14 15:38:18,job51,"岗位职责：
1、负责公司产品线上服务器的日常运行维护，包括健康检查、性能监控、告警响应与故障处理，保障业务稳定运行；
2、负责服务器硬件维护及基础系统维护，能够定位和处理硬件故障，确保服务器生命周期管理规范有序；
3、负责公司软件及服务的自动化发布、升级、回滚，制定变更流程，降低上线风险；
4、规划和优化服务器上架、操作系统安装流程，持续改进装机系统，提升交付效率；
5、负责公司内部ID系统（如账号、权限、认证平台）的日常维护与优化；
6、编写自动化脚本与运维工具，推动运维效率提升，降低人工操作比例；
7、参与规划、上架、装机、交付、运维等平台的搭建与开发，推动运维体系标准化建设。
职位要求：
1、统招本科及以上学历，通信、计算机、电子工程等相关专业，具备扎实的计算机硬件基础知识；
2、3年以上IT运维或运维开发相关工作经验，熟练掌握Linux/Unix系统管理、Shell、Python、SQL等工具；
3、熟悉服务器硬件架构，能够独立定位和处理硬件故障，有较强的分析与解决问题能力；
4、熟悉自动化运维技术与工具，有实际自动化发布、监控告警体系建设经验者优先；
5、抗压能力强，能承担较高工作压力；学习能力强，对新技术保持敏感；责任心强，工作积极主动；
6、具备良好的沟通能力和团队合作精神，能够独立推进工作并完成交付。",Linux Unix Shell Python SQL 监控告警,https://jobs.51job.com/suzhou-gyyq/172906513.html?s=sou_sou_soulb&t=0_0&req=48baff267fd2b4270747c7032f6a3ff8
中高级IT支持,苏州云格致智能科技,1-1.8万,苏州·苏州工业园区,苏州,本科,3年及以上,2026-07-08 10:02:47,job51,"主要职责
1. 信息系统管理与优化：
--全面负责公司ERP系统、OA办公自动化系统及其他核心业务系统的日常运维、用户支持、权限管理和性能优化。
--主导或参与公司内部系统的选型、升级、二次开发及新模块的上线项目实施，确保项目按时、按质、按预算完成。
--深入理解业务需求，推动ERP、OA系统与业务流程的深度融合，提出系统优化方案，提升运营效率。
--建立和完善系统操作规范、运维流程及知识库。
2. 信息安全管理：
--建立、实施并维护公司信息安全管理体系，制定和执行信息安全策略、制度与流程。
--负责网络、服务器、数据及应用系统的安全防护，定期进行安全风险评估、漏洞扫描和渗透测试，并组织整改。
--管理和监控网络安全设备（防火墙、WAF、IDS/IPS等），处理信息安全突发事件，主导安全事件的应急响应与调查。
--组织开展员工信息安全意识培训，提升全员安全防范水平。
3. 团队管理与建设：
--领导IT团队，包括系统管理员、网络工程师、技术支持等岗位，负责团队成员的日常工作安排、绩效考核、技能培训和人才发展。
--建立高效的团队协作机制，提升团队技术能力和服务水平。
--管理与协调外部供应商及服务商，确保其服务质量和合作效率。
4. IT基础设施与日常运维：
--负责公司机房、网络、服务器、存储等IT基础设施的规划与管理，确保其稳定、可靠。
--管理公司电脑、打印机、电话会议等办公设备的软硬件支持。
--编制和管理部门预算，控制IT成本。
任职资格要求
必备条件：
1.本科及以上学历，计算机科学、信息管理等相关专业。
2.至少5年以上IT工作经验，其中3年以上IT团队管理经验，具备清晰的团队管理思路和成功的管理实践。
3.具有丰富的ERP系统（如金蝶、用友、SAP、Oracle等）和OA系统的项目实施或运维管理经验，深刻理解企业业务流程。
4.具备扎实的信息安全知识和管理经验，熟悉网络安全、数据安全、应用安全等领域，对常见的安全威胁和防护措施有深入理解。
5.出色的项目管理和沟通协调能力，能够有效管理内外部资源，推动项目落地。
6.具备强烈的责任心、服务意识和抗压能力。

优先考虑：
1.持有PMP、CISSP、CISA、ITIL等相关认证者优先。
2.有从0到1主导或核心参与过ERP/OA系统上线项目经验者优先。
3.熟悉国家网络安全法律法规（如网络安全法、数据安全法）者优先。",漏洞扫描 渗透测试 防火墙 IDS IPS Oracle 知识库 应急响应 培训 团队管理 技术支持 项目管理,https://jobs.51job.com/suzhou-gyyq/172832953.html?s=sou_sou_soulb&t=0_0&req=48baff267fd2b4270747c7032f6a3ff8
系统运维技术员,苏州恒力智能科技,5-7千·13薪,苏州·吴江区,苏州,本科,1年及以上,2026-08-05 17:23:58,job51,"岗位需求：网络技术方向1名
岗位职责：
1、负责公司网络、服务器等系统管理维护及监控，保障系统安全平稳运行；
2、负责提供安全、稳定、可靠的IaaS服务，协助开发进行系统上线、实施和持续改进；
3、参与集团内各公司网络服务器系统项目现场实施部署；
4、撰写日常操作及技术文档，统计整理运维数据，负责公司IT资产管理；
5、完成公司安排的工作。

任职要求：
1、1年以上工作经验，应届生也可，计算机科学与技术相关专业，本科及以上学历；
2、熟练使用和管理Windows操作系统，具备Linux操作系统相关经验者更佳；
3、具备一定网络基础知识，熟悉主流防火墙、交换机等网络设备的配置者优先；
4、具有RHCE、VCP、HCIA、HCIP等主流证书者优先；
5、具备良好的沟通能力和合作精神、工作主动性强、耐心细致、责任心强，具有吃苦耐劳精神，无不良行为记录；
6、抗压能力强、高度责任心、对工作有认同感，良好的服务意识；
7、工作地点：吴江盛泽，适应全国各地出差。",Linux 防火墙 技术文档 VCP HCIA,https://jobs.51job.com/suzhou-wjq/158775305.html?s=sou_sou_soulb&t=0_0&req=48baff267fd2b4270747c7032f6a3ff8
网络工程师,扬洋体育用品（苏州）,6.5千-1万,苏州·吴江区,苏州,大专,8年及以上,2026-07-15 16:38:06,job51,"一、岗位工作内容
1. 网络与服务器运维：负责公司网络、交换机、防火墙、无线设备日常运维；公司服务器运行监控、巡检、故障处理、备份维护，保障网络与服务器稳定可用。
2. 终端桌面运维：全厂电脑、打印机、外设故障排查、装机调试、日常维护；月度打印机耗材统计、申领、更换管理。
3. 应用系统基础运维：负责 ERP、钉钉、邮箱 等系统账号开通、权限配置、角色分配、用户问题受理，配合 IT 经理完成系统日常运维。
4. 行政 IT 流程支撑：承接各部门 IT 请购、设备领用、报废、流程跟进、台账更新等日常 IT 事务。
5. 日常巡检与问题处理：厂区 IT 问题响应、故障闭环、资产台账管理、机房整洁与设备巡检。
6. 配合 IT 经理完成信息化项目落地、系统优化、数据核对、日常运维支撑工作。
二、岗位任职要求
1. 熟悉企业局域网、交换机、防火墙、无线架构，具备独立排障能力；
2. 熟悉 Windows/ Linux服务器基础运维、备份、系统基础维护；
3. 熟练电脑、打印机、办公外设故障处理，能独立处理桌面运维工作；
4. 有企业 ERP/OA 系统权限运维经验优先，会基础账号权限管理；
5. 有台账意识、执行力强，能承接日常 IT 琐事及部门对接工作；
6. 服从安排，配合完成信息化项目及临时运维工作。",防火墙 Linux 故障排查 ERP IT Windows OA,https://jobs.51job.com/suzhou-wjq/172924047.html?s=sou_sou_soulb&t=0_0&req=48baff267fd2b4270747c7032f6a3ff8
硬件测试交付工程师,苏州麦迪斯顿医疗科技,8千-1.3万,苏州,苏州,本科,3年及以上,2026-08-05 16:09:24,job51,"（中级/独立交付）
岗位职责
1、独立项目交付：负责AI一体机、服务器、工作站等产品的独立现场安装、上架、综合调试及系统部署，对项目交付的质量和进度负责。
2、深度测试与调优：依据技术文档执行整机功能测试及兼容性测试；负责3、服务器BIOS/BMC配置、RAID划分及性能调优，确保硬件处于***运行状态。
4、故障定位与解决：主导解决交付过程中的复杂技术问题，包括硬件故障（死机/蓝屏/掉盘）的根因分析，以及Linux/Windows系统安装过程中的驱动适配和网络连通性问题。
5、环境搭建与维护：负责搭建并维护研发或生产所需的测试环境，管理测试工具与仪表，确保测试数据的准确性。
6、客户支持与培训：作为现场技术接口人，响应客户关于硬件及底层系统的技术咨询；负责对初级装配人员进行技术指导和操作规范培训。

任职资格
1、学历与经验：本科及以上学历，计算机、通信、电子相关专业；具备3年以上服务器或存储设备的安装、调试及维护经验。
2、硬件专家能力：精通x86服务器架构，熟悉主流厂商（如浪潮、华为、戴尔、联想等）硬件特性；能熟练使用万用表等工具进行板级或部件级故障排查。
3、系统与网络技能（核心加分项）：
a、操作系统：熟练掌握Linux (CentOS/Ubuntu/麒麟等) 及 Windows Server 的安装、配置及常用命令，能处理基本的系统报错。
b、网络技术：熟悉TCP/IP协议，理解并能配置STP、OSPF、BGP、VXLAN等数据中心网络技术，具备主流厂家服务器、交换机、路由器、安全相关产品维护经验。
c、项目交付能力：有中大型数据中心或政企信息化项目的独立交付经验，熟悉机房强弱电规范及服务器上架流程。
d、综合素质：具备优秀的文档撰写能力（能输出高质量的交付报告）；抗压能力强，能接受中短期频繁出差；具备良好的客户服务意识和逻辑思维能力。",Linux TCP/IP 技术文档 功能测试 培训 技术咨询 故障排查 客户服务,https://jobs.51job.com/suzhou/173163845.html?s=sou_sou_soulb&t=0_0&req=48baff267fd2b4270747c7032f6a3ff8
IT技术支持,苏州康钛检测科技,8千-1.5万·13薪,苏州·苏州工业园区,苏州,本科,5年及以上,2026-06-26 09:50:42,job51,"岗位职责：
一线技术支持（L1）： 为终端用户提供IT服务台支持，解决硬件、软件及外设相关问题。
桌面/终端运维： 负责 Windows 操作系统、Microsoft 365/Office 及标准业务软件的桌面端技术支持。
用户账号管理： 负责日常用户账号管理，包括密码重置、账号解锁及权限维护。
网络故障排查： 处理基础的网络与连接故障，包括局域网（LAN）、Wi-Fi、VPN 接入及打印机配置等。
工单管理： 通过IT服务台系统准确记录、跟踪工单，并按流程进行问题升级。
本地IT运营： 协调本地IT资产管理，协助办理员工入职/离职的IT相关流程，并负责与本地IT供应商的日常对接。
合规与监管对接： 作为本地IT联系人，确保各项IT工作符合中国本地的IT监管及数据合规要求
其他：上级领导分配的其他工作
任职要求：
工作经验： 具备至少5年IT服务台（Help Desk）或桌面运维相关工作经验。
语言能力： 英语良好，能够作为工作语言与全球IT团队进行顺畅沟通与协作。
专业技能： 熟练掌握 Windows 10/11、Microsoft Office、Microsoft 365 及 Active Directory（活动目录），具备扎实的终端故障排查能力。
网络基础： 具备基础的网络知识，熟悉 TCP/IP、VPN 及 Wi-Fi 技术，了解 MPLS 网络专线。
合规意识： 了解中国本地的IT合规要求及数据隐私相关法规。
综合素质： 具备较强的独立工作能力，能够配合时差在远程指导与汇报机制下高效开展工作。",ROS TCP/IP 技术支持 故障排查 合规 L1 Windows Microsoft,https://jobs.51job.com/suzhou-gyyq/172697479.html?s=sou_sou_soulb&t=0_0&req=94a7ba80064ea4a6990fca5225314784
IT技术支持工程师,苏州高迈药业,7千-1.2万,苏州·苏州工业园区,苏州,本科,3年及以上,2026-07-31 14:10:59,job51,"岗位职责：
1、负责IT设备的维护.管理.故障排除等日常工作，确保日常的正常运作；
2、负责公司办公环境的软硬件和桌面系统的日常维护；同时为其他部门提供软硬件技术支持；
3、维护和监控公司局域网.VPN，保证其正常运行，确保局域网.VPN在工作期间内安全稳定运行；
4、维护系统数据，对数据库进行有效优化和数据检核；
5、完成仪器设备的计算机化系统验证（CSV)工作。
6、负责部分仓库出入库工作；
7、紧跟市场变化，应用AI工具高效完成工作，有AI思维逻辑；
8、领导交办的其它任务。
任职资格：
1.通信.电子工程.自动化.计算机等相关专业，本科或以上学历，3年以上网格系统与IT系统维护工作经验；
2.熟悉和掌握各种计算机软硬件，可独立进行安装.调试及故障排除；
3.精通局域网的维护及网络安全知识，可熟练进行局域网的搭建和网络设备的基本维护和故障处理；
4.熟练运用WINDOWS2003/2008,AD域的维护与管理。
5.工作主动性强，耐心细致，有责任心，具备团队合作精神。
6.有医药研发公司运维经验。",技术支持 VPN CSV,https://jobs.51job.com/suzhou-gyyq/154097396.html?s=sou_sou_soulb&t=0_0&req=94a7ba80064ea4a6990fca5225314784
运维工程师,苏州银橡智能科技,8千-1.2万,苏州·苏州工业园区,苏州,本科,3年及以上,2026-08-06 10:12:00,job51,"岗位名称：运维工程师（智能柜/物联网交付方向）
（注：岗位需要去客户现场运维支持，不考虑单纯中间件和线上运维，请大家提前关注下哈）
岗位简介：
1. 负责公司智能柜、物联网平台等自研产品的软件交付实施，包括现场安装、环境配置、系统部署、功能调试、集成测试及用户培训；
2. 根据项目交付清单，核验软件功能点及系统运行状态，配合完成项目验收，确保交付质量和进度；
3. 快速响应客户现场软硬件问题，独立完成问题定位、故障排查和初步解决，必要时协调研发团队进行技术支持，推动问题闭环；
4. 独立搭建软硬件测试环境，模拟客户现场运行环境，复现、分析并定位问题，为研发优化和产品迭代提供支持；
5. 持续优化交付流程、部署脚本和标准化配置模板，提高项目交付效率和产品部署质量；
6. 收集并反馈客户使用过程中的产品问题和改进建议，协助推动产品持续优化。

任职要求：
1. 全日制统招本科及以上学历，计算机、软件工程、电子信息、网络工程等相关专业优先；
2. 具备至少两年以上业务软件的交付经验，包括：用户现场的业务需求跟进，第三方软件的系统对接、现场业务软件实施和部署、现场技术培训等；
3. 优秀的沟通表达能力和闭环意识，能够准确理解并传递业务需求，与客户、项目经理及研发团队高效协同，推动问题从发现、分析到解决的全过程闭环；
4. 具备良好的交付意识和跨部门资源协调能力，抗压能力强，能够快速适应项目交付需求；
5. 具备 Linux 系统部署与运维能力，熟悉常见Linux 发行版的安装、配置、服务管理及故障排查；
6. 熟悉 MySQL、PostgreSQL 等关系型数据库的部署、配置、备份恢复及基础运维；掌握 TCP/IP 网络基础，具备网络连通性分析及数据通信问题定位能力；
7. 能适应中短时间（1~2个月）的出差及客户现场驻场支持。

优先/加分条件：
1. 具备复杂网络环境下物联网系统交付经验，熟悉公网、专网、局域网、弱网、离线等场景下的设备接入、服务部署、数据同步及远程运维；
2. 具备智能硬件、物联网平台、工业互联网、边缘计算或软硬件一体化项目交付经验者优先；
3. 有智能柜、POS、物流柜、智慧零售、工业设备等相关行业项目交付经验；
4. 具备技术方案、部署手册、运维文档编写及客户培训经验。
5. 熟悉容器化技术体系，能够使用 Docker、Docker Compose 完成应用部署、配置管理、版本升级和故障排查；了解 Kubernetes（K8s）、K3s 等容器编排技术；",Linux MySQL PostgreSQL TCP/IP 容器化 Docker Kubernetes K8s 培训 故障排查 技术支持 产品迭代 资源协调 技术方案 文档编写,https://jobs.51job.com/suzhou-gyyq/173170813.html?s=sou_sou_soulb&t=0_0&req=94a7ba80064ea4a6990fca5225314784
电子安防专员,苏州天脉导热科技,8千-1.1万,苏州,苏州,本科,8年及以上,2026-06-18 11:26:15,job51,"电子安防管理：
(1)设计并维护NPI环境网络物理/逻辑隔离架构，禁用远程访问，编制并更新设计网络与NPI网络架构图；实施双因素认证、强密码策略，同步账号权限与项目披露清单，定期稽核客户账号异常登录行为。
(2)主导漏洞管理与终端防护工作，负责操作系统镜像部署、补丁更新、防病毒软件安装，确保7天内完成漏洞修复；通过MDM管理移动设备描述文件，结合IP-Guard开展监控记录工作。
设计文档管控：
(1)监督关键设计电子文档全生命周期管理，覆盖下载、脱敏、打印、销毁全流程，部署Color&nbsp;Bar、屏幕浮水印技术，留存完整文件操作日志。
(2)稽核DCC敏感信息打印、铝箔塑封完整性，监督含敏感信息介质的销毁流程；管控移动存储设备使用，严禁未授权设备接入。
相关安防系统管理：
(1)负责监控系统运维，保障关键区域24小时无死角覆盖，确保监控数据完整存储、可正常回放。
(2)管理门禁权限，定期稽核人员访问记录，确保仅授权人员可进入NPI敏感区域。
&nbsp;审计与培训：
(1)主导内外部审计工作，推动NPI区域安防措施符合客户评分标准。
(2)组织开展NPI人员保密培训，提升全员安防与保密意识。
跨部门协作：
(1)&nbsp;统筹电子管控与物理管控的衔接工作，联合相关部门审核NPI区域安防合规性。
(2)与IT部门协同部署网络防御措施，定期评估系统安全风险。
(3)对接DCC部门，优化设计文档传输流程，确保文档传输加密合规、操作日志完整留存。",加密 系统运维 审计 培训 跨部门协作 合规,https://jobs.51job.com/suzhou/172608692.html?s=sou_sou_soulb&t=0_0&req=94a7ba80064ea4a6990fca5225314784
it运维工程师,苏州绿控传动科技,9千-1.4万·14薪,苏州·吴江区,苏州,本科,3年及以上,2026-08-03 15:06:57,job51,"一、基础设施运维
负责公司网络、交换机、防火墙、VPN日常维护
负责 Windows/Linux 服务器运维
负责 AD 域、文件服务器、打印服务等维护
负责 VMware 虚拟化平台维护
负责备份、监控、权限管理
二、业务系统运维
负责 ERP/WMS/PLM 系统日常维护
配合业务部门处理系统异常
负责账号权限、基础数据维护
配合供应商进行系统升级、接口联调
协助排查数据库、接口、日志问题",防火墙 Linux 系统运维 Windows AD VMware ERP WMS,https://jobs.51job.com/suzhou-wjq/173131104.html?s=sou_sou_soulb&t=0_0&req=94a7ba80064ea4a6990fca5225314784
IT工程师,苏州工业园区代尔塔电机技术,8千-1.2万,苏州·苏州工业园区,苏州,本科,5年及以上,2026-07-29 10:37:21,job51,"岗位职责：
1、负责公司ERP系统、CRM等系统的日常运维、用户权限管理、流程配置优化及后端支持；
2、负责公司员工桌面计算机（软硬件）、办公设备（如打印机、扫描仪等）的安装、配置、故障诊断与维修，确保日常工作顺畅进行；
3、负责公司服务器、网络设备、存储设备的日常监控、维护、备份及性能优化；负责数据中心机房的日常管理与维护；
4、负责公司加密系统的部署、策略配置、用户支持与日常运维，确保公司数据资产的安全与合规性；
5、负责公司电子资产以及办公设备等方面的安装、管理、维护，包括操作系统、应用软件、邮件客户端、打印系统、网络、电话系统，监控系统，门禁系统，电力保障，防火防盗，应急报警等；
6、负责公司全线IT硬件、软件资产的采购申请、登记、分发、报废等全生命周期管理；
7、参与公司IT系统规划设计，优化升级，持续提升公司运维自动化能力；
8、上级领导交办的其他工作。


任职要求：
1.全日制统招本科及以上学历，计算机科学与技术、软件工程、信息安全等相关专业；
2.有5年以上IT相关工作经验，有互联网、制造等行业背景优先；
3.有ERP系统后台运维经验，熟悉常见业务模块的配置与问题排查，有金蝶系统支持经验者优先考虑；
4.具备扎实的服务器、网络及桌面端维护能力，熟悉数据中心机房标准、配置及管理优先；熟悉SQL数据库查询及脚本编写能力优先；
5.具备良好的问题分析与解决能力，有较强的沟通协调能力和团队协作精神，能快速响应业务需求",加密 SQL 合规 采购,https://jobs.51job.com/suzhou-gyyq/168765188.html?s=sou_sou_soulb&t=0_0&req=94a7ba80064ea4a6990fca5225314784
电力通信协议开发工程师（主站方向）,苏州银蕨电力科技,1.6-3万·13薪,苏州·苏州工业园区,苏州,本科,3年及以上,2026-07-21 13:10:06,job51,"岗位职责：
1.通信协议实现与架构集成：
在终端设备（PMU/FTU/DTU/FCI/Sensor 等）及通信管理机上，负责 IEC 60870-5-101/104、DNP3.0、IEC 61850（MMS/GOOSE/SV）等规约的开发、移植与调试 。
实现电力终端数据通过 MQTT 等物联网协议安全接入云平台，参与协议栈的集成与性能优化 。
2.系统级联调与对点：
主导终端设备在实验室及现场与各级配网/调度/监控主站的接入联调 。
负责“四遥”信息的标准化工作，确保带时间标签采样数据的准确传输与验证。
3.技术攻坚与支持：
针对现场通信中断、数据异常等复杂问题进行根因分析（RCA），并利用工具进行深度报文分析 。
编写接入调试文档与运维手册，为客户及工程团队提供技术赋能 。

任职要求：
1. 本科及以上学历，电力系统、电气工程、计算机或软件工程相关专业 ；
2. 精通 IEC 104、IEC 61850 等至少一种核心规约的报文结构与流程 ；
3. 精通 TCP/IP 网络通信，具备 Socket 编程经验，能熟练使用 Wireshark 分析网络故障 ；
4. 熟练掌握 C/C++（嵌入式方向必备），或熟悉 Python/Go 等后端语言 ；
5. 具备严密的逻辑思维，能适应短期出差，具备独立解决现场突发问题的能力 ；
6. 3 年以上电力自动化领域经验，有终端厂家主站接入或协议库开发经验者优先 。",Go MQTT TCP/IP C++ Python PMU FTU DTU,https://jobs.51job.com/suzhou-gyyq/171782232.html?s=sou_sou_soulb&t=0_0&req=94a7ba80064ea4a6990fca5225314784
IT运维工程师,昆山鑫泰利智能科技,1-1.5万,苏州,苏州,大专,5年及以上,2026-07-29 10:20:01,job51,"工作职责：
1、 数据中心与系统运维：负责机房超融合服务器、存储、网络设备 7×24 巡检监控与故障应急，承担 Windows / Linux / VMware 等基础架构的安装、调优与故障处理。
2、 网络与公有云运维：负责交换机、路由器、防火墙、负载均衡等设备配置与排障；管理阿里云 / AWS 资源，主导云上部署、迁移与高可用方案落地。
3、数据库 DBA 运维：负责SQL Server/ MySQL / Oracle /Redis / MongoDB 等数据库的部署、备份、性能调优与主从 / 集群 / 双活等高可用方案维护。
4、 自动化与监控：落地 Zabbix / Prometheus / Ansible 等监控与自动化运维工具，编写 Shell / Python 脚本提升运维效率。
5、流程与文档：制定运维 SOP、应急预案与故障手册，按时输出巡检、容量、复盘报告。

任职资格：
1、学历与经验：专科及以上学历，计算机 / 信息管理 / 信息技术等相关专业；5 年及以上 IT 运维工作经验。
2、数据中心 / 系统 / 网络 / 公有云：具备机房服务器、存储、网络设备实际运维经验；精通 Linux（CentOS / Ubuntu / RHEL）与 Windows Server；熟悉 TCP/IP、OSPF、BGP、VLAN、华为 / H3C / 思科等设备配置；具备阿里云 / 腾讯云 / 华为云 / AWS 等至少一个公有云平台运维经验。
3、数据库 DBA：具备 MySQL / Oracle / PG / SQL Server / Redis / MongoDB 等数据库的部署、备份、性能调优与高可用方案维护经验。
4、自动化与综合素质：有 Ansible / Zabbix / Prometheus / Shell / Python 等自动化 / 监控工具落地经验；良好的文档、沟通与团队协作能力，能承受 7×24 轮班及突发故障压力。",Linux 防火墙 阿里云 AWS 高可用 SQL Server MySQL Oracle Redis MongoDB Prometheus Ansible Shell Python TCP/IP 腾讯云 华为云 系统运维,https://jobs.51job.com/suzhou/173077552.html?s=sou_sou_soulb&t=0_0&req=94a7ba80064ea4a6990fca5225314784
云计算工程师(J10212),吴江市东吴机械,9千-1.8万·13薪,苏州·虎丘区,苏州,本科,3年,2026-07-30 14:15:16,job51,"工作职责:
1、负责云平台建设与维护，设计业务上云规划与后期运维；
2、实施多区域高可用与灾备架构，保障业务连续性；
3、对云资源使用与效率进行监控与维护，保障云系统稳定与资源合理；
4、构建敏捷开发流程体系，与开发运维进行联动合作。
任职资格:
1、熟悉主流公有云平台（AWS，阿里云，Azure等）具备云资源管理与优化经验；
2、熟悉CI/CD工作流以及相关工具使用（如Jenkins，Gitlab，ArgoCD等）；
3、熟悉容器化（Docker，Kubernetes）；
4、对网络、安全、负载均衡与微服务概念有深度理解；
5、有从事公有云工作经验优先。",高可用 AWS 阿里云 Azure CI/CD Jenkins Git Go 容器化 Docker Kubernetes 微服务,https://jobs.51job.com/suzhou-hq/173098535.html?s=sou_sou_soulb&t=0_0&req=94a7ba80064ea4a6990fca5225314784
IT经理,苏州溯驭技术,1-1.5万·13薪,苏州·吴江区,苏州,本科,3-5年,2026-07-03 17:40:16,job51,"岗位职责
1、统筹内部用户全链路 IT 技术支撑工作，统筹团队处理硬件故障、网络异常、业务系统及办公软件使用等各类技术咨询与故障排查，规范一线问题响应、处理闭环标准，提升整体用户服务体验。
2、负责公司服务器、网络设备、终端电脑等全部 IT 基础设施的运维管理体系搭建与落地，制定日常巡检、维保、故障应急预案，定期开展设备状态核查，保障全公司信息系统稳定、安全、持续运行。
3、统筹汇总各部门用户使用反馈，深度挖掘业务数字化需求，跟进行业新技术、新工具迭代趋势，牵头输出 IT 服务、系统、设备优化升级方案，推动运维服务标准化、高效化迭代。
4、统筹运维团队日常工作分配、进度管控，监督工作质量，梳理运维台账，复盘高频故障，优化处理流程，统筹跨部门协同事项，保障整体运维工作落地达成目标。
任职资格
1、精通计算机硬件、主流操作系统、局域网网络架构、基础信息安全等专业知识，具备独立排查复杂软硬件、网络故障的实操能力，拥有一线运维实操及问题统筹处理经验。
2、具备优秀对内对外沟通协调能力，具备客户服务管理思维，可搭建标准化服务话术、服务流程，把控整体服务质量，妥善协调各类技术诉求冲突。
3、具备较强自主学习与技术钻研能力，主动跟进软硬件、数字化新技术，能够带领团队同步更新技术储备，持续提升团队整体技术与服务能力。
4、优秀团队管理与协作意识，擅长工作统筹分配，注重细节管控与结果导向，具备较强执行力、复盘优化能力，可带领团队高效完成各项运维保障任务。
5、有 IT 运维团队管理、机房 / 办公网络运维统筹相关工作经验优先。",技术咨询 故障排查 客户服务 团队管理 IT,https://jobs.51job.com/suzhou-wjq/172790731.html?s=sou_sou_soulb&t=0_0&req=94a7ba80064ea4a6990fca5225314784
IT工程师,苏州道维自动化科技,8千-1.5万·13薪,苏州·苏州工业园区,苏州,本科,2年及以上,2026-07-20 11:07:52,job51,"岗位职责：
1.负责公司网络、服务器、电脑等硬件设备的日常维护与管理，诊断并排除硬件及系统故障；管理USB口权限、软件安装权限，确保终端安全合规使用；
2. 负责ERP、PLM等核心业务系统的日常运维（异常处理、权限管理、基础数据维护），监控系统运行状态，定期备份服务器数据，制定应急预案；
3.根据业务部门需求，在ERP、PLM等平台上进行二次开发或低代码开发（如报表优化、审批流调整、数据归集工具等），参与需求调研并输出技术方案；
4. 参与PLM等新系统的技术实施，负责系统环境搭建、权限配置、跨系统接口集成及数据迁移技术支持；协助业务部门梳理系统操作流程与规范，并提供培训支持；
5．①&nbsp;识别并落地AI技术在业务流程中的应用场景，利用AI工具开发内部提效工具，替代手工统计、核对、报表制作等重复性工作；
②负责AI应用的技术选型、接口对接、测试部署及后期迭代优化；
③&nbsp; 推动公司从“信息化”向“智能化”升级，定期向管理层汇报AI应用进展与效果评估；
6.完成上级交办的其他临时任务。

任职要求：
1.本科及以上学历，计算机科学与技术、软件工程、信息管理等相关专业
2年以上制造业IT运维或系统开发经验（应届生可适当放宽，需有较强的学习能力）；
2. 掌握至少一门开发语言（Java、C#、Python等），熟悉SQL Server/MySQL数据库操作；
3. 熟悉Linux/Windows服务器管理与维护，了解网络架构及硬件故障诊断；
4. 逻辑清晰，能将业务需求转化为技术方案并落地实施；
5. 了解AI基础原理，熟悉至少一种AI应用方式（如调用大语言模型API、使用低代码AI平台、Python自动化处理等），具备将业务场景转化为AI落地项目的技术判断力。

特殊要求：
对AI技术有浓厚兴趣与主动实践意愿，持续关注AI工具发展，能够独立完成AI应用从选型、开发到上线的全过程；具备主动服务意识和团队协作精神。",Java C# Python SQL Server MySQL Linux 安全合规 技术方案 技术支持 培训,https://jobs.51job.com/suzhou-gyyq/172967466.html?s=sou_sou_soulb&t=0_0&req=94a7ba80064ea4a6990fca5225314784
IT行政专员,盛红晔半导体科技（上海）,6千-1万·16薪,常熟,苏州,大专,3年及以上,2026-06-29 09:51:56,job51,"岗位职责：
1、	负责公司IT基础设施建设，包括网络、服务器、路由器等设备的配置运维与管理；
2、	负责公司金蝶等系统的日常维护、权限管理及用户支持，协助业务部门梳理金蝶ERP流程，根据需求优化系统配置，确保系统与业务逻辑匹配；
3、	负责公司电脑软硬件、办公设备的日常维护安装和管理，提供IT相关咨询、培训与服务支持；
4、	负责公司客户端加密数据资产的信息安全工作任务，建立和维护公司数据资产的客户端信息安全保障管理制度，采取有效的安全技术措施，保障公司IT信息安全；
5、	依据业务部门需求负责IT设备选型，控制预算成本，负责公司IT资产管理工作；
6、	优化IT信息化管理相关规定，包括IT机房管理、IT设备使用规范等；
7、行政综合管理，统筹办公环境、资产、用品及日常行政服务，控制运营成本。组织会议、活动及接待，优化行政流程与制度。
8、	完成上级交办的其他事宜。

任职资格：
1、	3年以上IT运维经验，专科及以上学历，计算机、信息技术或相关专业优先；
2、	熟悉IT基础设施的建设和维护，能独立完成路由器、交换机、防火墙的配置与排障；
3、	具备服务器、虚拟化环境及终端设备的部署与维护能力；
4、	熟悉信息安全策略和措施，有网络安全管理的经验；
5、	熟悉金蝶ERP系统业务逻辑，有金蝶项目实施或运维经验者优先；
6、	责任心强，具备良好的沟通能力及团队协作精神。",加密 防火墙 培训,https://jobs.51job.com/changshu/170510224.html?s=sou_sou_soulb&t=0_0&req=94a7ba80064ea4a6990fca5225314784
IT技术支持,新航涂布科技（苏州）,8千-1.2万,苏州·苏州工业园区,苏州,本科,5年及以上,2026-07-31 14:44:01,job51,"岗位职责
1、负责公司泛微 OA 系统的日常运维、流程配置、表单搭建、权限管理、系统优化及问题处理。 
2、负责用友 U9 系统运维支持，涵盖财务、供应链、生产、成本等模块，处理日常业务异常、数据核对及后台调整。 
3、参与 OA 与 U9 及其他业务系统的接口开发、集成对接、联调测试，实现数据互通与流程闭环。 
4、负责需求调研、方案设计、系统实施、用户培训、操作文档编写及上线后持续优化。 
5、负责公司电脑、网络、服务器等软硬件故障处理，保障系统稳定运行，及时排查故障、处理应急问题，配合完成系统升级与安全管理等。 

任职要求
1、本科及以上学历，计算机、理工科等相关专业，23年以上 OA 或及ERP 相关搭建/实施 / 运维经验。 
2、精通泛微 OA，能独立完成流程设计、表单建模、门户配置、权限体系及简单二次开发。 
3、熟悉用友 U9整体架构及核心模块，具备 U9 运维或项目实施经验者优先。 
4、能独立编写复杂查询、存储过程，进行数据处理与问题定位。 
5、有制造业信息化经验、同时掌握泛微 OA + 用友 U9 者优先录用",系统运维 供应链 方案设计 培训 文档编写 OA U9,https://jobs.51job.com/suzhou-gyyq/172923831.html?s=sou_sou_soulb&t=0_0&req=94a7ba80064ea4a6990fca5225314784
it运维工程师,上海启佳信息科技,1-1.4万,常熟,苏州,本科,1年及以上,2026-08-04 17:45:39,job51,"【工作内容】
- 负责公司服务器、网络设备及各类系统的日常维护与监控；
- 处理日常IT技术支持问题，保障系统稳定运行；
- 配合完成系统部署、更新及优化工作；
- 协助制定和执行IT运维相关流程与规范。
【任职要求】
- 本科及以上学历，计算机相关专业优先；
- 对IT运维工作有浓厚兴趣，愿意学习并接受新知识；
- 具备良好的沟通能力和团队协作精神；
- 有责任心，能适应一定的加班需求。",技术支持,https://jobs.51job.com/changshu/173151043.html?s=sou_sou_soulb&t=0_0&req=94a7ba80064ea4a6990fca5225314784
AI智算售前技术经理,苏州麦迪斯顿医疗科技,1.5-2万,苏州,苏州,本科,3年及以上,2026-08-05 16:08:24,job51,"岗位职责
1、技术赋能销售：作为销售团队的核心技术搭档，独立负责AI服务器、智算中心、大数据及信创等领域的项目，主导客户技术交流、需求挖掘与引导，提供专业解决方案以促成业绩达成。
2、方案设计与呈现：独立完成从需求分析、产品选型、方案编写到PPT制作的全过程，并能面向客户进行高质量的方案宣讲与演示，精准传递产品价值。
3、招投标全流程负责：独立主导投标项目，负责技术方案撰写、产品配置与询价、标书整合及现场述标答疑，对中标率负责。
4、项目全周期管理：承担售前项目经理角色，协调内外部资源，推动项目从售前支持到中标交付的有序进行，确保项目顺利转化。
5、行业知识沉淀：建立并持续更新所负责领域的售前技术资料库、典型案例和标准化方案，提升团队整体作战能力。
任职资格
1、经验要求：本科及以上学历，计算机、通信、人工智能等相关专业；具备3年以上IT行业售前工作经验，有中科曙光、华为、新华三、浪潮等主流厂商背景者优先。
2、技术能力：
a、硬件基础：精通AI服务器（GPU/NPU）、存储、交换机等硬件产品技术体系。
b、架构视野：熟悉超算/智算中心整体架构（计算/存储/网络/安全/管理），了解AI大模型训练/推理的算力配置与集群方案。
c、信创专家：深刻理解国产化（信创）生态，熟悉海光、鲲鹏、飞腾等CPU及麒麟、统信等操作系统。
3、核心素质：
a、独立作战：具备极强的自驱力和独立工作能力，能同时支持多个销售项目并高效推进。
b、沟通表达：拥有出色的方案撰写能力（PPT/Word）和现场演讲能力，能与客户各级别人员进行有效沟通。
c、流程精通：熟悉招投标及政府采购流程，有从0到1支持项目中标的成功案例。",大模型 方案设计 需求分析 招投标 投标 技术方案 采购,https://jobs.51job.com/suzhou/173163801.html?s=sou_sou_soulb&t=0_0&req=94a7ba80064ea4a6990fca5225314784
"Manager of Infrastructure, Systems & Web Services",昆山杜克大学,1.2-2万,苏州,苏州,本科,5-7年,2026-08-06 14:59:38,job51,"Position Overview:
Duke Kunshan University (DKU) is a world-class liberal arts university offering high-quality, interdisciplinary undergraduate and graduate programs. The Infrastructure, Systems &amp; Web Services (ISW) unit within the DKU Office of Information Technology plays a critical role in achieving the University’s mission and supporting faculty and students from around the world. This unit manages the university data centers, works with Duke University’s Office of Information Technology to support network infrastructure and systems platforms, provisions system services for education, research, and application environments, and manages web services in support of the university’s branding and communication.
The manager for ISW provides leadership for strategic planning and operational execution of the unit. The incumbent is expected to partner with diverse customer base to optimize resource investment, enhance enterprise architecture, and drive digital transformation while ensuring the delivery of efficient and reliable services to user communities.

Reports to:
Senior Director of Information Technology

Essential Duties:
1.	Partner with the diverse academic, research, and business communities to understand university operations, anticipate needs, and develop appropriate solutions.
2.	Collaborate with customers, other IT units, and university leadership to explore innovative transformations and contribute to strategic IT investments.
3.	Develop technology road maps, lead the unit’s capacity and budget planning, and exercise fiscal oversight.
4.	Provide technical leadership and expertise to deliver resilient platforms, reliable education, research, and application computing support, and robust web services.
5.	Collaborate with Duke University’s Office of Information Technology and DKU IT Security to secure infrastructure, ensure data protection, respond to incidents, and address vulnerabilities to maintain service availability.
6.	Lead governance, architecture, and security strategy for the university’s web ecosystem, including CMS platforms, site lifecycle management, accessibility compliance, and vulnerability management. 
7.	Improve operational efficiency and effectiveness through continuous review and process optimization.
8.	Develop and promote essential policies, procedures, standards, and best practices to enhance the maturity of operations.
9.	Establish disaster recovery and business continuity plans and coordinate with campus units to conduct regular testing.
10.	Build a high-performing team, foster staff growth, promote collaboration, address performance issues, and cultivate a strong and inclusive working environment.
11.	Perform other duties as assigned.
12.	University employees' job responsibilities will continue to expand in scope and depth as the University grows in size and complexity in its programs.

Required Qualifications:
1.	Full-time bachelor’s degree or above, major in information technology, computer science, or a related field preferred.
2.	At least five to seven years of relevant experience with people management skills.
3.	Strong ability to collaborate and build consensus across diverse academic, research, and technology communities, with proven skill in negotiating priorities, managing risks, resolving conflicts, coaching staff, and building performing teams.
4.	Broad expertise in leading technology planning, project prioritization, and service delivery in alignment with institutional goals with resource constraints.
5.	Extensive experience in enterprise architecture, network infrastructure, system services, web services, information security, and academic, research, and administrative computing environments.
6.	Hands-on skills in multiple areas of ISW services, such as data center management, networking, servers, storage, virtualization, cloud technologies, service automation and monitoring, HPC and GPU clustering, web site structure design and website deployment, vulnerability management, and disaster recovery.
7.	Excellent oral, written, and interpersonal communication skills in both English and Chinese.

Preferred Qualifications:
1.	Broad knowledge in network architecture design, regional Internet access policies, and operational management using CISCO technologies, including firewalls, core networks, and wireless coverage.
2.	Hands-on skills in system administration and virtualization utilizing CISCO UCS, Microsoft Hyper-V, AWS cloud, Windows &amp; Linux platforms, and Dell &amp; Synology storages.
3.	Extensive experience with databases and middleware, preferably with hands-on expertise in Oracle, MySQL, PostgreSQL, Redis, and holding 1–2 relevant certifications. Strong skills in the configuration and performance optimization of NGINX, Apache, Tomcat, etc.
4.	Familiar with interactive computing and educational systems, including JupyterHub, JupyterLab, nbgrader, WebWork, and online judging (OJ) platforms.
5.	Proficient with NVIDIA GPU containerization technologies with Kubernetes (NVIDIA Container Toolkit, TensorFlow/PyTorch cluster GPU acceleration setup, CUDA/cuDNN, GPU virtualization), capable of ensuring efficient multi-user, multi-job GPU resource allocation and isolation.
6.	Proficient in RAG and Agent architectures, with a deep understanding of LLM framework principles (e.g., LangChain, LlamaIndex), capable of custom development and optimization, experienced with vector databases and embedding tuning, and preferably with experience designing large-scale knowledge base or Q&amp;A systems and hands-on work with open-source Agent projects.
7.	Strong proficiency in configuration management and system automation, using common platform and scripting languages such as Ansible/Puppet/Chocolatey/PowerShell, and Python.
8.	Firsthand CMS experience in web design and support, especially using WordPress, tuning for geographical performance, and combating critical vulnerabilities.
9.	Comprehensive understanding of information security frameworks, capable of carrying out systems hardening, incident response, and business continuity planning.
10.	Demonstrated capability in vendor management, licensing oversight, and contract negotiation to ensure effective use of external resources.
11.	Relevant professional certifications (e.g., CCNP, LFCS, AWS SAP, CISSP, PMP).
12.	At least 3 years of direct staff supervisory experience.
13.	At least 3 years of experience working in a global organization or company.
14.	At least 3 years of experience working in a higher education environment.

How to Apply:
Please be advised the salary is commensurate with experience.
Please submit your formal application by searching the position on DKU recruitment portal.",Git Go ROS Gin RAG AWS Linux Oracle MySQL PostgreSQL Redis Nginx Tomcat Kubernetes TensorFlow PyTorch Agent LLM LangChain Embedding Ansible Shell Python GAN,https://jobs.51job.com/suzhou/171262433.html?s=sou_sou_soulb&t=0_0&req=94a7ba80064ea4a6990fca5225314784
高级开发运维工程师（DevOps）,苏州联讯仪器,1.5-2.5万·14薪,苏州·高新区,苏州,本科,5年及以上,2026-06-12 19:01:14,job51,"岗位职责:
1. 负责服务器、存储、容器平台和 Kubernetes 集群的规划、建设、升级及日常运维。
2. 部署并维护 Kafka、PostgreSQL、Redis、对象存储等基础中间件和数据组件。
3. 建设开发、测试和生产环境，以及 CI/CD、自动化部署、配置管理和版本发布流程。
4. 建设日志、监控、告警、链路追踪和运行看板，持续跟踪系统容量、性能和稳定性。
5. 制定并执行数据备份、恢复验证、高可用、容灾和故障响应方案。
6. 负责网络访问、域名、证书、防火墙、环境隔离、密钥和基础安全配置。
7. 负责 AI 网关、Agent 平台、数据服务及具体 Agent 产品的环境部署和运行保障。
8. 建设客户内网和离线环境的标准化安装包、部署脚本、升级流程及问题排查能力。
9. 与 AI 架构工程师协作制定基础设施架构、容量规划、部署规范和运行标准。
10. 与应用、数据及现有 IT 团队协作处理发布、性能、故障和生产环境问题。

任职要求:
1. 计算机/网络工程/软件或相关本科及以上学历，5 年以上 DevOps、SRE、云平台或基础设施运维经验。
2. 具备从零建设并实际运维生产级 Kubernetes 集群的经验，而不只是使用已有 Kubernetes 环境。
3. 熟悉 Docker、Helm、Kubernetes 网络、存储、权限和常见故障排查。
4. 熟悉 Kafka、PostgreSQL、Redis、对象存储等组件的部署、监控、备份和故障恢复。
5. 熟悉 Jenkins、GitLab CI、GitHub Actions、Argo CD 等 CI/CD 和自动化发布工具。
6. 熟悉 Prometheus、Grafana、ELK、Loki、OpenTelemetry 等日志监控和链路追踪体系。
7. 熟悉 Linux、网络、域名、证书、防火墙、负载均衡和基础安全配置。
8. 具备生产故障处理、性能分析、容量规划、备份恢复和高可用建设经验。
9. 能够编写 Shell、Python 或其他自动化脚本，减少重复部署和人工运维工作。
0. 能够独立推进基础设施建设，并与研发、现有 IT 和信息安全团队协作。

优先条件
- 有 AI 平台、模型服务、数据平台或企业级 SaaS 基础设施建设经验。
- 有 GPU 服务器、推理服务、本地模型或异构计算资源运维经验。
- 有客户内网、私有化部署、完全离线环境或边缘环境交付经验。
- 熟悉 Terraform、Ansible 等基础设施即代码和自动化配置工具。
- 有多集群管理、零停机升级、容灾演练和复杂生产故障处理经验。",Kubernetes Kafka PostgreSQL Redis CI/CD 高可用 防火墙 Agent DevOps Docker Helm Jenkins GitLab CI Git Go Prometheus Grafana Linux Shell Python Terraform Ansible 故障排查,https://jobs.51job.com/suzhou-gxq/172539730.html?s=sou_sou_soulb&t=0_0&req=94a7ba80064ea4a6990fca5225314784
AI开发工程师,苏州西恩科技,1-2万,苏州·高新区,苏州,本科,3年及以上,2026-07-29 18:04:02,job51,"工作内容：
1.能完成AI本地部署及后续训练的相关工作；
2.根据测试部的要求，用相关程序测试指标（目前公司是拿手操作，希望后期可以用AI模型实现）；
3.通过AI在研发层面的运用，通过AI实现代码编写及硬件方案的设计。
4.负责新员工电脑，如装软件，网络维护等（公司后期会做到防火墙和数据安全）；
5.通过AI在日常办公行政方面的应用；
6.总经办涉及的一些行政工作；

岗位要求：
1.本科及以上学历（本科***是211），计算机，电子信息化等专业；
2.拥有3年左右相关经验；
3.细心做事稳妥的，不排斥做行政。",防火墙,https://jobs.51job.com/suzhou-gxq/173089176.html?s=sou_sou_soulb&t=0_0&req=94a7ba80064ea4a6990fca5225314784
DevOps工程师,苏州天脉导热科技,1-1.5万,苏州,苏州,本科,3年及以上,2026-06-26 11:15:15,job51,"岗位职责
1. 容器化基础设施架设与运维（K8s &amp; Docker）

负责生产环境Kubernetes集群的架构设计、部署实施、版本升级及生命周期管理，涵盖Node、Pod、Namespace、ConfigMap等核心资源的配置与优化。
负责Docker容器化环境的建设与维护，包括容器镜像的构建优化、镜像仓库（Harbor/ACR）的管理以及容器运行时（Runtime）的性能调优。
解决K8s集群在生产环境中的常见疑难杂症（如Pod Pending、Node NotReady、网络异常、存储挂载失败等），建立完善的故障应急响应机制。
2. 持续集成与持续交付（CI/CD Pipeline）

基于Jenkins、GitLab CI或ArgoCD等工具，设计并搭建符合开发流程的自动化构建、测试与部署流水线，实现代码提交到生产环境的一键发布。
结合容器化技术，优化发布策略（如滚动更新、蓝绿部署），完善自动化门禁（代码扫描、单元测试、安全合规检查），提升交付效率与质量。
3. 系统稳定性与可观测性建设

搭建并维护基于Prometheus + Grafana的监控告警体系，以及基于ELK/EFK的日志分析平台，实现集群、应用及中间件层面的指标采集与可视化。
负责微服务治理组件（如Nacos、Consul）、消息中间件（Kafka/RabbitMQ）及数据库（MySQL/Redis）在生产环境中的部署、高可用配置与性能调优。
4. 运维自动化与基础设施即代码（IaC）

熟练运用Shell、Python或Go编写自动化运维脚本，替代重复性人工操作。
探索并实践基础设施即代码理念，利用Ansible/Terraform进行自动化资源编排与环境一致性管理。

任职要求
硬性条件（必备）

学历经验： 全日制本科及以上学历，计算机相关专业优先，具备3年及以上Linux运维或DevOps实战经验。
容器与编排： 深入理解Docker容器技术原理，具备Kubernetes（K8s）生产级集群的架设、运维及排障经验
CI/CD流水线： 熟练掌握Jenkins、GitLab CI等工具的配置与Pipeline脚本编写，有从零搭建CI/CD流程的落地经验。
操作系统与网络： 精通Linux操作系统（CentOS/Ubuntu），熟悉TCP/IP、DNS、负载均衡及防火墙策略配置。",容器化 K8s Docker Kubernetes CI/CD Jenkins GitLab CI Go Prometheus Grafana 微服务 Kafka RabbitMQ MySQL Redis 高可用 Shell Python Ansible Terraform Linux DevOps TCP/IP 防火墙 应急响应 安全合规 监控告警 日志分析,https://jobs.51job.com/suzhou/172700042.html?s=sou_sou_soulb&t=0_0&req=94a7ba80064ea4a6990fca5225314784
市场助理/网络美工,昆山莫博安全防护用品,6-8万/年,昆山,昆山,大专,2年,2026-06-29 07:50:50,job51,"职位信息
1、独立完成公司品牌、产品（护肤品和化妆品）的的创意平面设计，包括logo、海报、网店和网页等；
2、广告或活动相关的平面设计支持；
3、负责公司各项线上推广工作，包括微信公众号运营、官网维护等策划、执行及效果评估与持续优化；
4、负责公司各项宣传资料及对外宣传PPT策划及文案撰写；
5、上级安排的其它市场推广及平面设计相关工作。

任职要求：
1、具有广告策划、平面设计相关知识，会熟练使用制图软件；
2、熟练运用电脑，擅长使用Word，Excel、PPT软件和电子邮件
3、具备具备一定文案能力，对数据敏感，擅长数据分析和总结。
4、具备较强沟通能力和组织能力，独立组织参与过展会、论坛、发布会等活动优先；
5、做事有耐心，责任感强、服务意识强、性格开朗、有亲和力，注重细节，对国内房车市场感兴趣。
6、有网络营销经验优先。",Go 市场推广 数据分析 Excel,https://jobs.51job.com/kunshan/133491142.html?s=sou_sou_soulb&t=0_0&req=e2d65191daf9b13cf02e5e8f1695cec2
IT系统桌面应用开发工程师,昆山元崧电子科技,7千-1.2万,昆山,昆山,大专,3年及以上,2026-07-24 14:25:34,job51,"工作内容：
1.负责公司内部 Windows 桌面应用程序 (WinForms) 的开发、维护、效能优化与故障排除。
2.使用 C# (.NET Framework / .NET Core/ .NET 5+) 和 Delphi 进行新功能开发及现有系统的改造与升级。
3.设计、开发与优化与 Oracle 数据库 的互动逻辑，编写高效、安全的数据库操作程序码。
4.使用 SQL*Plus 或其他工具进行数据库查询、资料验证、脚本执行与基本管理操作。
5.撰写SQL 语句、预存程序 (Stored Procedures)、函数 (Functions) 以及 PL/SQL 程序码。
6.进行需求分析、系统设计、编写技术文件（规格书、API文件、数据库设计文件等）。
7.与业务分析师、测试工程师及其他团队成员紧密合作，确保系统符合需求与质量标准。
8.解决开发过程中和上线后遇到的技术问题，提供技术支援。

职位要求：
1.学历： 信息工程、计算机科学、软件工程或相关领域之学士学位。
2.开发经验：
&gt;&gt;具备 3 年以上 商业级 Windows 桌面应用程序 (WinForms) 开发经验。
&gt;&gt;精通 C#： 熟悉 .NET Framework (4.x+) 或 .NET Core / .NET 5+，具备扎实的物件导向程序设计 (OOP) 能力，熟悉 WinForms 控制项、事件处理、多执行绪、异步程序设计 (async/await) 等。
&gt;&gt;具备 Delphi (WinForms/VCL) 开发经验： 熟悉 Delphi IDE，理解 VCL 框架，具备使用 Delphi 开发或维护实际项目的经验。
&gt;&gt;熟悉 Windows 桌面应用程序的部署与更新机制。
3.数据库技能：
&gt;&gt;精通 Oracle 数据库： 具备实际开发与维护连接 Oracle 数据库应用程序的经验。
&gt;&gt;熟练掌握 SQL 和 PL/SQL： 能独立编写高效、复杂的查询语句 (SELECT, JOIN, Subquery, Aggregation)、资料操作语言 (DML - INSERT, UPDATE, DELETE)、资料定义语言 (DDL - CREATE, ALTER, DROP)。
&gt;&gt;熟练使用 SQL*Plus： 具备使用 SQL*Plus 连接数据库、执行脚本、格式化查询结果、除错等实务操作能力。
&gt;&gt;熟悉 Oracle 预存程序 (Stored Procedures)、函数 (Functions)、触发器 (Triggers)、套件 (Packages) 的开发与调用。
&gt;&gt;理解基本的数据库设计原则（正规化、索引、约束等）。
4.工具与技术：
&gt;&gt;熟悉版本控制系统 (如 Git, SVN)。
&gt;&gt;熟悉至少一种 Issue Tracking 或项目管理工具 (如 Jira, Azure DevOps, TFS)。
&gt;&gt;具备基本的除错与效能分析能力。
5.个人特质：
&gt;&gt;优秀的逻辑思考与问题解决能力。
&gt;&gt;注重程序码质量、可维护性与效能。
&gt;&gt;良好的沟通与团队合作精神。
&gt;&gt;主动学习意愿强，能适应技术演进。
&gt;&gt;细心、负责，能有效管理时间与任务。
加分技能 (具备以下条件者优先考虑)
1.具备将 Delphi 应用迁移或整合到 .NET (C#) 平台的经验。
2.熟悉 .NET 的 ORM 框架 (如 Entity Framework, Dapper) 与 Oracle 的整合应用。
3.具备 WPF 开发经验 (虽以 WinForms 为主，但 WPF 知识是加分)。
4.具备多层式架构 (n-tier) 或 MVC/MVVM 设计模式应用经验。
5.具备基本的网络通讯知识 (如 HTTP, RESTful API) 及相关开发经验。
6.熟悉 Oracle 数据库效能调校基础概念。
7.具备其他数据库 (如 SQL Server, MySQL, PostgreSQL) 的使用经验。
8.有开发特定行业（如制造、物流、金融）内部系统的经验。",C# Oracle SQL LTE Git SVN Azure DevOps SQL Server MySQL PostgreSQL 需求分析 项目管理,https://jobs.51job.com/kunshan/167318309.html?s=sou_sou_soulb&t=0_0&req=e2d65191daf9b13cf02e5e8f1695cec2
运维技术员,江苏凯成智能科技,5-7千,昆山,昆山,大专,1年及以上,2026-08-04 13:15:25,job51,"一、岗位职责：
1.&nbsp;负责监控摄像头、NVR录像机、交换机、显示器、门禁、网络布线日常巡检、故障排查、维修；
2.&nbsp;监控设备安装、调试、点位整改、线路整理、硬盘更换；
3.&nbsp;处理监控无图像、卡顿、掉线、录像异常、夜视故障等问题；
4.&nbsp;定期巡检，做好维保记录，整理设备台账；
5.&nbsp;配合甲方调试监控平台，简单网络排查，熔接网线/光纤优先加分；
6.&nbsp;服从安排，外勤上门维修，及时响应故障报修。
 
二、任职要求：
1.&nbsp;年龄22–45周岁；
2.&nbsp;必备基础：认识模拟/网络摄像头，会排查监控不通、不通电、无画面故障，熟悉录像机基础操作；
3.&nbsp;了解网线、POE供电、交换机基础网络知识，能独立布线、水晶头压制；
4.&nbsp;有弱电、安防监控、网络施工维修经验优先；
5.&nbsp;持有登高证、电工证优先（高空检修摄像头需要）；
6.&nbsp;动手能力强，能爬梯高空作业，无恐高症；
7.&nbsp;有驾驶证、自备交通工具优先；
8.&nbsp;责任心强，沟通良好，能接受偶尔应急加班；
9.&nbsp;无违法犯罪记录。

工作时间：一般为常白班，应急抢修时需轮值。",故障排查 nbsp,https://jobs.51job.com/kunshan/130059941.html?s=sou_sou_soulb&t=0_0&req=e2d65191daf9b13cf02e5e8f1695cec2
EHS工程师,庆虹电子（苏州）,9千-1.2万,昆山,昆山,大专,5年及以上,2026-07-10 15:56:11,job51,"工作职责：
1、协助建立、推行、维护、完善安全生产标准化，符合工厂安全管理程序。
2、展开各项安全培训，包括员工三级安全教育，承包商、相关方的安全教育培训。
3、深入现场安全检查，纠正违章作业，及时发现隐患，追踪整改措施落实情况，直至闭环。
4、工伤事故、安全事件的预防、调查、分析，确认事故根本原因，按照四不放过原则进行总结。
5、许可作业（登高、动火等）前的现场审核、批准，作业中的监护，作业后的验收。
6、按照紧急应变计划要求展开各项应急演练、现场处置方案演练。
7、设备设施的变更管理，确保设备设施的安全运行。

任职资格：
1、大专及以上学历，安全、环境等相关专业；
2、工作经验：5年以上工贸、机械、制造业EHS工作经验；
3、其他：具有安全管理员证书，工作积极主动，有责任心。",培训,https://jobs.51job.com/kunshan/166063197.html?s=sou_sou_soulb&t=0_0&req=e2d65191daf9b13cf02e5e8f1695cec2
ERP高级工程师,昆山华阳新材料,1.2-1.8万,昆山,昆山,本科,3-5年,2026-07-15 10:32:59,job51,"1.	系统开发与优化：主导非标ERP系统的二次开发工作，根据业务需求设计并实现系统功能，注重代码质量与可维护性；持续优化项目框架，协调部门开发方式、流程与规范，全面提升开发效率。
	2.	数据库管理：熟练运用SQL SERVER数据库，负责数据提取、报表统计与数据分析工作，为企业决策提供数据支持；定期维护数据库，确保数据的准确性、完整性和安全性。
	3.	OA系统及设备运维：负责企业微信、邮箱、钉钉等OA系统的日常维护与管理，保障系统稳定运行；同时，承担桌面运维工作，维护管理用户电脑、网络及打印机等周边设备，及时解决设备故障和网络问题。
	4.	团队协作与沟通：与各部门紧密合作，深入了解业务需求，将其转化为技术方案并有效实施；积极参与团队讨论，分享技术经验，协助解决开发过程中遇到的问题。
	5.	数据备份与容灾：制定并执行容灾措施，每周进行异地备份并定期更新，将数据备份至其他服务器及本地管理员电脑，确保数据在意外情况下的安全性和可恢复性。

任职要求
	1.	专业技能：具有非标ERP二次开发经验者优先；熟练掌握SQL SERVER数据库操作，具备良好的编码风格和开发习惯；能够独立完成SQL server数据提取、报表统计及数据分析任务。
	2.	能力素质：拥有较强的自学能力和问题分析能力，能够快速掌握新技术、解决复杂问题；具备良好的沟通协助能力，能够与不同部门的人员进行有效沟通和协作；自我驱动，执行力强，能够主动推进工作并按时完成任务。
	3.	其他要求：熟悉OA系统及桌面运维工作，能够熟练维护用户电脑、网络及打印机等设备；对数据安全有高度的重视，严格遵守数据备份和容灾制度。",SQL Server 数据分析 技术方案,https://jobs.51job.com/kunshan/167877876.html?s=sou_sou_soulb&t=0_0&req=e2d65191daf9b13cf02e5e8f1695cec2
资深厂务工程师,庆虹电子（苏州）,8千-1.1万,昆山,昆山,大专,5年及以上,2026-07-30 14:50:35,job51,"1.电力系统，日常保养落实、相关工程执行如期完工，提升设备系统运转效能、稳定设备运转可靠度，确保24/7电力供应稳定，编制设备维护SOP（标准作业程序）及备件采购计划，配合环保要求，推动绿色电力方案落地；
2.消防系统，日常保养落实、消防系统运维，及相关工程执行如期完工；确保消防设备功能正常可靠，保障系统100%通过消防部门检查，违规项整改率100%；建立消防设备生命周期档案，预测性更换老旧部件；
3.空调系统，日常保养落实、相关工程执行如期完工，提升设备系统运转效能、稳定设备运转可靠度；保障空调系统全年无故障运行时间≥99.9%，制定预防性维护计划（如更换HEPA滤网、清洗表冷器），参与新厂区空调系统设计，确保节能性与可靠性；
4.空压系统、各类设备，日常保养落实、相关工程执行如期完工，提升设备系统运转效能、稳定设备运转可靠度；确保压缩空气供应压力稳定，全年无重大中断，制定耗材更换计划（如空滤、油滤、润滑油），推动无油空压机、智慧空压站等新技术应用；
5.制程排气系统，日常保养落实、相关工程执行如期完工，提升设备系统运转效能、稳定设备运转可靠度；确保排气系统风量、风速达标，定期更换滤材（如PP棉、活性炭）、清理风管积污，配合环评验收，提供排放检测数据；
6.负责工厂生产机台进厂后、相关管线二次配工程执行，并如期完工以达符合工厂生产机台运转所需之供应质量及生产时间需求；
7.特种设备管理，（压力容器、电梯、起重机械、锅炉等）的登记、定期检验及报废处理，建立设备技术档案，对接市场监管局完成年检，配合第三方检测机构，确保符合《特种设备安全法》。

1、大专及以上学历，机械或环安等相关专业，5年以上工厂厂务相关工作经验；
2、具备厂务工程相关证照：消防设备操作员证，高、低压电工证，特种设备安全管理及操作人员证；
3、具有电力系统、消防系统、空气系统、制程排 气系统、二次配、特种设备等管理实际操作及系统化程序文件制定经验；
4、有能源体系搭建平台经验者优先，需要配合加班。",采购 系统运维,https://jobs.51job.com/kunshan/165909165.html?s=sou_sou_soulb&t=0_0&req=e2d65191daf9b13cf02e5e8f1695cec2
电气工程师（初级）(J10283),卓越（昆山）自动化技术,9千-1.5万,昆山,昆山,本科,2-5年,2026-07-16 15:39:20,job51,"工作职责:
1. 主导电气部门小型项目PLC程序设计和调试工作，使用各种PLC软件及各种编程语言，按照工艺流程和客户要求输出PLC程序；					
2. 处理跨部门合作事宜，以及与客户的沟通；					
3. 做好项目任务分配和规划，提前排除项目部分风险，有困难及时寻找支持；					
4. 准确识别问题，分析问题，高效的解决问题，并防止问题的再发生；					
5. 熟练使用常用元器件，遇到异常情况要积极想办法解决；					
6. 熟练使用伺服，扫码枪，RFID，视觉，机器人，焊接机，点胶机，螺丝枪，压机等第三方设备的软件基本操作并做好参数备份；				
7. 熟悉MES系统的对接工作；					
8. 要有管控成本意识，发现不合理现象及时指出，严格执行标准；		
 9. 及时高效使用标准化成果，并向标准化反馈好的思路方法，发现标准化的问题及时反馈。


任职资格:
1.掌握基本的数据类型，数制转换，常用运算量，常用语句等计算机基础；				
2.掌握气动元器件，电气原理，安全知识，以及各传感器、仪器仪表工作原理；				
3.深入了解通讯和网络，并快速应用；				
4.掌握各种工业自动化标准，如IEC 61131-3，ISO 13849；				
5.掌握基本术语，OEE，CT，TA，CPK，CMK；				
6.具备基本的机械设计知识，能进行机械结构调整；				
7.掌握伺服、压机、相机、RFID、扫码枪、拧紧机构的工作原理；				
8.熟悉自动化控制原理，传感器、执行器、控制器和通信网络之间的逻辑关系，常用的控制模式，PID调节原理；				
9.掌握机器人工作原理以及点位间坐标转换。熟练使用机器人指令，多品牌机器人使用方法；				
10.掌握非标设备PLC调试流程。",RFID ISO OEE CT TA CPK CMK,https://jobs.51job.com/kunshan/169766842.html?s=sou_sou_soulb&t=0_0&req=e2d65191daf9b13cf02e5e8f1695cec2
电气工程师（中级）(J10279),卓越（昆山）自动化技术,1.5-2万,昆山,昆山,本科,5年,2026-07-31 08:30:06,job51,"工作职责:
1.主导电气部门中、小型项目PLC程序设计和调试工作，使用各种PLC软件及各种编程语言，按照工艺流程和客户要求输出PLC程序；				
2.处理跨部门合作事宜，并及时跟客户保持良好的沟通；					
3.每年至少完成1300万的项目，做好项目任务分配和规划，提前排除项目风险；					
4.准确识别问题，分析问题，高效的解决问题，并防止问题的再发生；					
5.熟练使用常用元器件，解决调试中的异常；					
6.熟练使用伺服，扫码枪，RFID，视觉，机器人，焊接机，点胶机，螺丝枪，压机等第三方设备并做好参数备份；					
7.熟练完成MES系统的对接工作；					
8.提出建设性意见，合理分配工作，管控成本；					
9.及时高效使用标准化成果，并向标准化反馈好的思路方法，发现标准化的问题及时反馈；					
10.总结经验并分享经验模板。

任职资格:
1.掌握基本的数据类型，数制转换，常用运算量，常用语句等计算机基础；				
2.掌握气动元器件，电气原理，安全知识，以及各传感器、仪器仪表工作原理；				
3.深入了解通讯和网络，并快速应用；				
4.掌握各种工业自动化标准，如IEC 61131-3，ISO 13849；				
5.掌握基本术语，OEE，CT，TA，CPK，CMK；				
6.具备基本的机械设计知识，能进行机械结构调整；				
7.掌握伺服、压机、相机、RFID、扫码枪、拧紧机构的工作原理；				
8.熟悉自动化控制原理，传感器、执行器、控制器和通信网络之间的逻辑关系，常用的控制模式，PID调节原理；				
9.掌握机器人工作原理以及点位间坐标转换。熟练使用机器人指令，多品牌机器人使用方法；				
10.掌握非标设备PLC调试流程。",RFID ISO OEE CT TA CPK CMK,https://jobs.51job.com/kunshan/169130779.html?s=sou_sou_soulb&t=0_0&req=e2d65191daf9b13cf02e5e8f1695cec2
生产主管,海盈电子科技（昆山）,1-1.8万,昆山,昆山,大专,5年及以上,2026-08-08 10:35:02,job51,"工作内容：
公司主要生产电脑周边连接用线，产品包含HDMI、USB、VGA等高清数据线，光伏接线盒、连接器、现招车间生产主管一名，主要负责公司生产线的整体规划和管理，确保生产过程的顺利运行。关注生产成本，优化生产效率，提高产品质量。推动团队合作，制定并执行生产计划，达成生产目标。
主要职责：
- 负责制定和实施公司的生产计划，确保生产目标的达成。
- 负责管理生产团队，协调生产活动，确保生产过程的有效运行。
- 负责制定并执行生产成本控制计划，降低生产成本，提高利润率。
- 负责监督和指导生产过程中的各项操作，确保生产工艺的执行。
- 负责制定并执行产品质量控制计划，确保产品的质量符合标准要求。
- 负责制定并实施公司的设备维护计划，确保设备处于良好的运行状态。
- 负责组织公司的培训和技能提升计划，提高员工的技能水平。
- 负责制定和执行公司的安全管理制度，确保生产过程的安全性和有效性。
职位要求：
- 具有5年及以上生产主管工作经验，熟悉生产管理流程和技术。
- 大专及以上学历，具备一定的管理和技术背景。
- 35-45岁，具备较强的沟通能力和团队合作精神。
- 具备数据分析和决策能力，能够对数据进行解读和利用。
具体薪资面议",成本控制 培训 数据分析 USB,https://jobs.51job.com/kunshan/156195783.html?s=sou_sou_soulb&t=0_0&req=e2d65191daf9b13cf02e5e8f1695cec2
电气工程师（高级）(J10280),卓越（昆山）自动化技术,2-2.8万,昆山,昆山,本科,7年,2026-07-31 08:30:06,job51,"工作职责:
1.主导电气部中、大型项目PLC程序设计和调试工作，使用各种PLC软件及各种编程语言，按照工艺流程和客户要求输出PLC程序。能够总结规律，高效解决问题；				
2.处理跨部门合作事宜，引导客户与我们方向保持一致；			
3.每年至少完成1500万的项目，做好项目任务分配和规划，提前排除项目风险；					
4.准确识别问题，分析问题，高效的解决问题，并防止问题的再发生；					
5.熟练使用常用元器件，解决调试中的异常；					
6.调试伺服，扫码枪，RFID，视觉，机器人，焊接机，点胶机，螺丝枪，压机等第三方设备并做好参数备份；					
7.熟练完成MES系统的对接工作；					
8.提出建设性意见，合理分配工作,减少隐形浪费,管控成本；					
9.及时高效使用标准化成果，并向标准化反馈好的思路方法，发现标准化的问题及时反馈并提供方案；				
10.总结经验并分享经验模板。

任职资格:
1.掌握基本的数据类型，数制转换，常用运算量，常用语句等计算机基础；				
2.掌握气动元器件，电气原理，安全知识，以及各传感器、仪器仪表工作原理；				
3.深入了解通讯和网络，并快速应用；				
4.掌握各种工业自动化标准，如IEC 61131-3，ISO 13849；				
5.掌握基本术语，OEE，CT，TA，CPK，CMK；				
6.具备基本的机械设计知识，能进行机械结构调整；				
7.掌握伺服、压机、相机、RFID、扫码枪、拧紧机构的工作原理；				
8.熟悉自动化控制原理，传感器、执行器、控制器和通信网络之间的逻辑关系，常用的控制模式，PID调节原理；				
9.掌握机器人工作原理以及点位间坐标转换。熟练使用机器人指令，多品牌机器人使用方法；				
10.掌握非标设备PLC调试流程。",RFID ISO OEE CT TA CPK CMK,https://jobs.51job.com/kunshan/169131307.html?s=sou_sou_soulb&t=0_0&req=e2d65191daf9b13cf02e5e8f1695cec2
生技技术员,庆虹电子（苏州）,9.5千-1.1万,昆山,昆山,中技/中专,2年及以上,2026-06-30 18:40:52,job51,"【工作内容】
- 负责自动化设备的日常运行维护与故障排查，确保设备稳定高效运转；
- 协助生产部门处理制程中出现的异常问题，提供技术支持和解决方案；
- 执行生产设备的定期保养与清洁工作，提升设备使用寿命和运行效率；
- 落实并保持工作区域的5S管理标准，营造整洁、有序、安全的作业环境；
- 配合工程师完成新设备的安装调试及试运行工作，确保设备顺利投入使用。
【任职要求】
- 具备2年及以上自动化设备维修或保养相关工作经验，熟悉非标设备操作与维护流程；
- 学历要求为中技/中专及以上，具备良好的机械或电气基础知识；
- 年龄在22至45岁之间，身体健康，能够适应两班倒的工作安排；
- 有消费电子连接器行业经验者优先，熟悉插针机、铆压机、裁切机、CCD检测机、HB焊、激光焊、电阻焊、镭射切割、锡球焊接等设备操作者优先考虑。
【薪酬福利】
- 提供具有竞争力的薪资待遇，具体面议； 
- 享受五险一金、带薪年假、节日福利等完善的员工保障体系； 
- 提供良好的职业发展空间和技能培训机会。",故障排查 技术支持 培训,https://jobs.51job.com/kunshan/163145855.html?s=sou_sou_soulb&t=0_0&req=e2d65191daf9b13cf02e5e8f1695cec2
IT系统工程师,昆山怡家居纺织,1.2-1.5万,昆山,昆山,大专,3-5年,2026-08-03 15:20:18,job51,"岗位职责：
1.制定和执行企业信息化数字化战略：根据企业发展需求，制定公司的信息化发展战略，并负责执行，确保信息化战略与企业发展要求一致，为企业提供支持和指导。
2.全面负责企业系统的运营和管理（OA,ERP,MES,SRM,邮件系统等）。
3.对现有的信息系统和业务系统进行持续优化，根据本部门的优化计划和其他部门的需求及目标，制定相应的调整，改进，程序修正和分析报告，达成改进目标。
4.负责公司的基础网络规划，建设和维护管理工作。
5.负责公司基础设备，服务器设备，监控设备的日常维护和安全访问管理。
6.负责公司信息系统的功能开发，二次开发，报表开发和数据整理工作。
7.信息相关供应商的管理和联络。
8.信息部的部门管理工作。
任职要求：
1.本科及以上计算机相关专业的学历，8年以上IT工作经验，3年以上信息部管理经验。
2.熟练掌握网络设备配置，网络安全，服务器运维和桌面运维的知识。
3.熟练掌握MSSQL数据库的删查改，备份和索引优化策略。
4.熟悉金蝶星空云的BOS开发，报表开发。
5.熟悉工业制造业MES系统，有MES系统运维和管理经验。",SQL 系统运维 OA ERP MES SRM,https://jobs.51job.com/kunshan/153553281.html?s=sou_sou_soulb&t=0_0&req=d6b68b215cc030bbe16f4050bc8ec0d3
IT专员,昆山三川面料科技,1.2-1.5万,昆山,昆山,本科,5年及以上,2026-06-13 08:55:50,job51,"学历：全日制一类本科，211优先，计算机相关专业
经验：5年及以上制造业IT相关经验
岗位职责:
1. 负责服务器日常运维、监控、故障排查与基础管理，保障设备稳定运行。
2. 承担ERP及各类业务系统搭建、实施、运维，及时处理系统故障。
3. 参与业务软件开发、功能迭代与版本优化，配合完成软件落地工作。
4. 负责系统账号创建、权限分配、调整及日常管控。
5. 对接各部门，响应IT需求，做好沟通与技术支撑。
6. 执行网络、数据安全防护工作，完成日常安全巡检。
7. 负责公司官网日常运营、技术维护与内容更新。
任职要求:
1. 熟悉服务器、软件管理工作，有多系统搭建实施经验，掌握基础软件开发技能。
2. 能独立完成系统权限全流程管理工作。
3. 具备较强安全意识，熟练运用基础安全防护手段。
4. 有官网运营、维护相关实操经验。",故障排查,https://jobs.51job.com/kunshan/172541262.html?s=sou_sou_soulb&t=0_0&req=d6b68b215cc030bbe16f4050bc8ec0d3
it运维工程师,上海尖点精密工具,5-8千·13薪,昆山,昆山,大专,2年及以上,2026-07-21 18:08:47,job51,"岗位职责
1. 负责服务器、数据库、局域网/广域网、存储设备搭建运维，做好主机数据备份与信息安全管理；
2. 负责电脑软硬件安装维护、系统账号管理，处理设备报修，统筹信息设备资产与采购事宜；
3. 维护OA、ERP、MES办公业务系统，独立完成简易程序、数据报表、可视化看板二次开发；
4. 协助公司信息化电脑项目落地，完成上级交办的其他相关工作。
 
任职要求
1. 大专及以上学历，计算机、电子、信息、通信、互联网相关专业；
2. 熟悉DC、SQL、VM服务器搭建，掌握NAS存储、Veeam、Veritas备份系统运维；
3. 了解数据库、局域网、广域网及网络安全相关知识。",SQL 采购 系统运维 ERP Veeam,https://jobs.51job.com/kunshan/172992686.html?s=sou_sou_soulb&t=0_0&req=d6b68b215cc030bbe16f4050bc8ec0d3
it运维,南京宇烽信息技术,7-8千,昆山,昆山,大专,3年及以上,2026-08-05 13:52:19,job51,"1、会议技术支持：会议室大屏、电脑、会议系统、音视频系统等故障问题及时处理解决，重要会议现场保障；重要会议的设备前期调试演练；会议专用设备管理及优化升级；
2、负责公司员工桌面终端（电脑）、一体机、打印机、电话等的日常维护、故障排查及技术支持
3、负责部分信息安全、网络安全等排查工作，推进相关人员整改
4、日常设备巡检
5、领导交办的其他日常运维任务",技术支持 故障排查,https://jobs.51job.com/kunshan/173160035.html?s=sou_sou_soulb&t=0_0&req=d6b68b215cc030bbe16f4050bc8ec0d3
IT运维工程师,迪亚姆展示设备（昆山）,8千-1.2万,昆山,昆山,大专,2年及以上,2026-07-31 11:39:31,job51,"【工作内容】
1、负责企业内部网络、服务器及办公终端的日常巡检与维护，确保系统稳定运行；
2、响应并处理员工软硬件故障报修，快速解决打印机、会议设备及网络接入问题；
3、负责金蝶云星空ERP系统日常运维，账号权限、单据异常，组织员工操作培训。
5、优化IT服务流程，编写操作手册，提升内部技术支持效率与用户满意度。

【任职要求】
1、计算机、通信或相关专业大专及以上学历，具备2年以上企业IT运维经验；
2、精通Windows/Linux操作系统维护，熟悉TCP/IP协议及常见网络设备配置；
3、掌握主流ERP系统基础操作，有金蝶云星空ERP运维，熟悉供应链、生产模块。
4、具备良好的服务意识与沟通协调能力，能独立排查复杂故障并撰写报告；
5、责任心强，抗压能力佳，能适应汽车零部件行业节奏及必要的现场支持。",Linux TCP/IP 培训 技术支持 供应链,https://jobs.51job.com/kunshan/173109660.html?s=sou_sou_soulb&t=0_0&req=d6b68b215cc030bbe16f4050bc8ec0d3
it运维工程师,立讯精密工业,8千-1.3万,昆山,昆山,大专,2年及以上,2026-08-08 09:01:57,job51,"职位介绍
岗位职责:
1、负责软硬件维护、包括计算机周边等
2、系统标准化安装、日常办公系统维护
3、打印机办公设备、局域网及外网维护
4、保障生产办公室、IT设施的正常运行
5、各异常处理跟进、主导网络弱电维护
6、各用户权限管理，如门禁、网络等等


任职要求:资深桌面/网络/资安运维
1、熟练掌握软硬件安装维护知识，具有良好的独立问题诊
断解决能力;
2、热衷IT技术有较强的学习与分析能力，能熟练应用知识
库解决问题:
3、工作态度积极责任心强，优秀的职业素养，良好的沟通
与表达能力:
4、有很强的自我管理能力，高度的工作热情，良好的团队
与合作精神;
5、精通网络架构，熟练操作思科交换、路由、防火墙等设
备配置命令:
6、负责网络设备的安装配置、故障处理，新厂房网络需求
建置及运维:
7、大专及以上学历，计算机、通信相关专业，两年以上相
关工作经验",防火墙,https://jobs.51job.com/kunshan/172902174.html?s=sou_sou_soulb&t=0_0&req=d6b68b215cc030bbe16f4050bc8ec0d3
(昆山)系统运维工程师,广州天诚伟业通信科技,6.7-9.7千,昆山,昆山,大专,2年及以上,2026-07-23 10:13:00,job51,1、 负责Linux\unix\Windows服务器环境的日常维护 2、 负责服务器运维相关工作，主要包括故障诊断、故障处理、硬件配置等 3、 负责生产系统运行状态监控，主要包括服务器状态、应用运行状态等 4、 负责操作系统内版本升级、故障排错、系统配置、应用配置、应用发布等。 5、在运维工作中主动发现问题，提出合理化建议和优化手段 6、负责数据备份运维、策略优化、故障处置、恢复演练及灾备其他相关工作。 任职要求： 1、大专及以上学历，计算机相关专业； 2、熟练进行基于Linux/Windows操作系统常用软件的安装配置优化及故障处理 3、能够进行常用服务（如sftp/ftp，httpd，ntp，nfs）的安装配置优化及问题处理 4、熟悉负载均衡（如nginx，haproxy，keepalived，lvs）的安装配置优化及问题处理 5、熟悉常用中间件（如tomcat，rabbitmq，redis，ELK，Jenkins）的安装配置优化及问题处理 6、熟悉ansible/saltstack等自动化工具得使用配置 7、熟悉shell/python脚本、熟悉zabbix/Prometheus等监控工具 8、熟悉主流备份设备与备份软件、具备备份工作及故障排查、灾备方案撰写能力 9、必须要有系统相关证书,Linux Unix Nginx HAProxy Tomcat RabbitMQ Redis Jenkins Ansible Shell Python Prometheus 故障排查,https://jobs.51job.com/kunshan/173012764.html?s=sou_sou_soulb&t=0_0&req=d6b68b215cc030bbe16f4050bc8ec0d3
IT技术支持,昆山锦悦电子,6-7千·13薪,昆山,昆山,本科,1年及以上,2026-07-29 09:19:02,job51,"工作职责:
1. 负责企业互联网、局域网的运维，确保企业网络健康运行；
2. 负责企业各信息系统运行维护，确保系统稳定高效运行；
3. 负责数据管理、权限管控、数据备份、灾难恢复等安全管理；
4. 负责企业超融合服务器维护、管理，各部门资源管理、公司软硬件维护，系统安全维护；
5. 负责企业防护墙、核心交换、上网管理、交换机、网络等网络安全设备的管理及维护；
6. 负责公司门禁、打印机、监控、桌面等设备维护工作；
7. 负责系统升级、维护、优化及排错，保证系统安全、稳定与高效运行；
8. 负责弱电相关事项跟进、协调、事项安排等工作；
9. 负责本部门及跨部门信息化系统建设。需求收集、沟通、立项等。
10. 日常监控和维护管理包括但不仅限于网络巡检、故障响应与修复、应急预案执行、以及各项表报信息统计等；
11. 领导交代的其它工作。
任职资格:
1. 计算机或相关专业本科及以上学历；1年以上网络设备、服务器运维经验；具备桌面运维和信息化系统建设经验；
2. 熟悉系统、网络、存储、安全等基本原理，有实操经验；
3. 熟悉信息化系统实施流程、能够独立完成培训及运维体系建设，了解GMP管理体系优先；
4. 熟悉企业IT体系结构和基础设施，具备IT领域的综合性知识，了解IT基础架构，对新技术和新应用发展比较敏感；
5. 具有高度的责任心、较强的团队合作精神、良好的文字表达和沟通能力；有良好的自我调节能力和抗压能力。
职能类别：IT技术支持",培训 技术支持,https://jobs.51job.com/kunshan/172884055.html?s=sou_sou_soulb&t=0_0&req=d6b68b215cc030bbe16f4050bc8ec0d3
桌面运维工程师,苏州恒铭达电子科技,6千-1万,昆山,昆山,大专,1年及以上,2026-06-26 14:08:00,job51,"【工作内容】
1、负责办公电脑、打印机及网络设备的日常安装、调试与维护，确保终端设备稳定运行；
2、快速响应并处理员工提出的软硬件故障，提供远程或现场技术支持，保障业务连续性；
3、定期巡检印刷及包装产线相关工控机与网络设备，排查隐患并执行系统补丁更新；
4、管理公司资产台账，规范账号权限分配，协助完成新员工入职IT环境配置及离职交接；
5、优化内部网络架构，配合上级完成信息安全策略落地及数据备份恢复演练工作。

【任职要求】
1、计算机、通信或相关专业大专及以上学历，具备1年以上企业桌面运维实战经验；
2、精通Windows/Mac操作系统维护，熟悉主流办公软件、打印机驱动及常见外设故障排查；
3、掌握基础网络知识，能独立配置交换机、路由器及无线AP，了解TCP/IP协议原理；
4、具备良好的服务意识与沟通协调能力，责任心强，能适应突发故障的紧急处理需求；
5、有印刷行业ERP系统或工控设备维护经验者优先，持有网络工程师证书者加分。",TCP/IP 技术支持 故障排查,https://jobs.51job.com/kunshan/172082390.html?s=sou_sou_soulb&t=0_0&req=d6b68b215cc030bbe16f4050bc8ec0d3
IT 数字化专员,苏州徕卡节能电气技术,8千-1.3万,苏州,昆山,大专,1年及以上,2026-06-24 15:54:01,job51,"岗位职责：
1、全权负责公司飞书后台搭建、流程配置、多维表格自动化，实现周报协助事项自动分派、任务跟踪；
2、落地简道云代码平台，搭建业务表单、数据看板，打通飞书消息联动；
3、梳理各部门数字化需求，输出分阶段落地计划，组织培训、沉淀操作文档；
4、每周落地追踪，主动优化协同流程，解决全员系统使用问题；
5、基础办公 IT 设备运维支持；
6、上级主管交办的其他工作；

任职要求：
1、大专以上学历，1 年以上独立飞书管理员实操经验，精通多维表格、自动化、审批流搭建；
2、做过「业务周报协同事项自动分配负责人」同类自动化场景优先；
3、有简道云搭建经验，或快速学习能力强，具备系统化落地思维；
4、优秀的跨部门沟通能力，能听懂业务需求并转化为数字化方案，可独立组织员工培训，解答解决各岗位系统使用问题；
5、主动推进、逻辑清晰，能输出阶段性落地方案，沟通对接各部门。",培训 IT,https://jobs.51job.com/suzhou/172674364.html?s=sou_sou_soulb&t=0_1&req=d6b68b215cc030bbe16f4050bc8ec0d3
技术员,苏州涌睿管理咨询,5-6千·13薪,昆山,昆山,大专,无需经验,2026-08-07 15:29:18,job51,"【工作内容】
1、负责车间的日常巡检、故障排查及维护，确保生产数据实时稳定传输；
2、执行 通信系统的升级与改造，配合完成新产线网络架构的部署与调试；
3、监控工业控制网络运行状态，及时处理断网、丢包等异常，保障关键工艺环节通讯畅通；
4、编制设备维护记录与技术文档，定期输出网络分析报告，协助优化系统安全策略；

【任职要求】
1、大专及以上学历，电子信息、通信技术、通信工程或自动化相关专业；
3、有相关行业经验，应届生或者愿意实习的也可以；
4、具备较强的现场故障诊断能力，能熟练使用网络测试仪器及常用配置工具；
5、工作严谨细致，责任心强，具备良好的团队协作意识。",故障排查 技术文档,https://jobs.51job.com/kunshan/173192671.html?s=sou_sou_soulb&t=0_0&req=aea72daf6834b4ab5667f56599fc379d
软件工程师（系统软件）,迈胜医疗设备,1-1.5万·15薪,昆山,昆山,本科,3年及以上,2026-07-31 16:10:10,job51,"工作职责
1.践行企业文化，严格遵守公司各项规章制度，主动学习文化标杆案例，持
续提升自身行为标准；
2. 严格遵守安全生产规范和质量管理体系要求，配合执行相关规范，发现异
常及时反馈并改进；
3. 负责医疗器械控制系统软件的核心研发工作，涵盖需求分析、方案设计、
编码开发、集成调试等全流程；
4. 在 Linux 上用 C++ 开发后台服务或桌面程序；
5. 参与业务后台服务的新建或改造（流程控制、状态查询、多客户端对接
等）；
6. 参与操作员工作站或人机界面类软件的功能开发与改造；
7. 完成不同程序之间的网络通信开发与联调；
8. 编写接口说明，配合其它模块做集成；
9. 完成领导交办的其它工作。
任职要求：
1. 计算机科学、软件工程、生物医学、电子工程等相关专业，本科及以上；
2. 3 年以上 C++ 经验；
3. 熟悉 Linux 开发环境；
4. 有客户端/服务端或桌面应用项目经验；
5. 有 Socket、RPC、消息队列等进程间/网络通信经验者优先；
6. 英语读写能力良好。",Linux C++ 需求分析 方案设计 Socket RPC,https://jobs.51job.com/kunshan/173114252.html?s=sou_sou_soulb&t=0_0&req=aea72daf6834b4ab5667f56599fc379d
汽车电子测试开发工程师,环鸿电子（昆山）,1-2万·16薪,昆山,昆山,本科,2年及以上,2026-08-05 15:35:30,job51,"工作职责:
1. 测试方案制定与用例设计
· 负责公司汽车电子产品（智能驾驶、网联、新能源、底盘、座舱和车身控制等）各类ECU的需求评审，制定测试计划、测试策略和测试标准
· 根据内外部的需求，编写并维护详细的测试规范、测试方案及测试用例，覆盖功能、网络、性能、可靠性、安全等多维度
2. 测试环境搭建与维护
· 搭建桌面级BSW测试环境，制作测试线束、负载箱等测试工装
· 搭建、维护并优化测试环境，包括仿真平台、HIL测试台架、数据采集系统及相关软硬件
· 负责汽车电子功能测试系统的开发、集成、调试及日常维护
3. 测试执行与缺陷管理
· 执行台架测试、硬件在环（HIL）测试、网络测试、实车测试及白盒测试，采集并分析测试数据，撰写测试报告
· 针对MCU特定外设（ADC/CAN/SPI等）执行底层驱动测试并评估测试报告
· 精准定位缺陷，推动问题的复现、分析与解决，建立有效的问题跟踪与验证闭环
· 利用缺陷管理系统跟踪、登记、验证和关闭bug，协同开发团队定位并验证问题修复效果
4. 自动化测试开发
· 根据测试用例类型开发自动化测试脚本（Python/，C#, LabVIEW等），提升测试效率与覆盖率
· 构建和维护自动化测试框架及测试用例库
5. 协作与持续改进
· 与系统负责人、开发工程师协作，理解需求和设计，负责测试场景构建和测试用例评审工作
· 引入、评估并推进测试相关的改进措施和效率提升方案
· 参与软件发布流程，与策划、开发和项目管理团队紧密协作，确保软件版本按时、高质量交付

任职资格:
1. 教育背景
· 本科及以上学历，电子信息工程、车辆工程、自动化、计算机科学与技术、测控技术与仪器等相关专业
2. 工作经验
· 2年以上嵌入式系统或汽车电子产品的系统测试/软件开发或测试经验
· 有汽车电子（MCU、VCU、BMS等）HIL集成测试经验者优先
3. 专业技能
· 编程语言：熟练掌握C/C++、Python, LabVIEW等编程语言，具备自动化测试脚本开发能力
· 汽车通信协议：熟悉CAN、LIN、Ethernet等车载通信协议及UDS诊断协议
· 测试工具：熟练使用CANoe、CANalyzer、INCA等测试工具；能够使用Lauterbach或UDE调试器调试代码
· 测试方法论：熟悉软件测试流程和方法，了解黑盒测试、白盒测试基础知识；熟悉ASPICE测试相关要求者优先
· 硬件基础：具备嵌入式硬件电路、芯片、操作系统、底层软件等相关知识，能看懂电路原理图等
4. 综合素质
· 具备优秀的问题分解与根因分析能力，善于在复杂的软硬件交织环境中定位问题
· 学***动性强，具备系统化的问题分析和解决能力
· 良好的沟通协作能力和团队合作精神
· 良好的英文读写能力，能够流畅阅读英文技术资料",MCU CAN SPI Python C# C++ 测试计划 测试用例 数据采集 功能测试 缺陷管理 自动化测试 项目管理,https://jobs.51job.com/kunshan/173162831.html?s=sou_sou_soulb&t=0_0&req=aea72daf6834b4ab5667f56599fc379d
监控维护技术员,江苏凯成智能科技,5.5-7.5千,昆山,昆山,大专,1年及以上,2026-08-06 14:13:19,job51,"一、岗位职责：
1.&nbsp;负责监控摄像头、NVR录像机、交换机、显示器、门禁、网络布线日常巡检、故障排查、维修；
2.&nbsp;监控设备安装、调试、点位整改、线路整理、硬盘更换；
3.&nbsp;处理监控无图像、卡顿、掉线、录像异常、夜视故障等问题；
4.&nbsp;定期巡检，做好维保记录，整理设备台账；
5.&nbsp;配合甲方调试监控平台，简单网络排查，熔接网线/光纤优先加分；
6.&nbsp;服从安排，外勤上门维修，及时响应故障报修。
 
二、任职要求：
1.&nbsp;年龄22–45周岁；
2.&nbsp;必备基础：认识模拟/网络摄像头，会排查监控不通、不通电、无画面故障，熟悉录像机基础操作；
3.&nbsp;了解网线、POE供电、交换机基础网络知识，能独立布线、水晶头压制；
4.&nbsp;有弱电、安防监控、网络施工维修经验优先；
5.&nbsp;持有登高证、电工证优先（高空检修摄像头需要）；
6.&nbsp;动手能力强，能爬梯高空作业，无恐高症；
7.&nbsp;有驾驶证、自备交通工具优先；
8.&nbsp;责任心强，沟通良好，能接受偶尔应急加班；
9.&nbsp;无违法犯罪记录。

工作时间：一般为常白班，应急抢修时需轮值。",故障排查 nbsp,https://jobs.51job.com/kunshan/173176043.html?s=sou_sou_soulb&t=0_0&req=aea72daf6834b4ab5667f56599fc379d
电源设计工程师,昆山华恒机器人,1-2万,昆山,昆山,本科,3年及以上,2026-06-25 10:43:24,job51,"一、核心工作内容

1. 主拓扑电路设计：选择并设计高效的逆变拓扑（如全桥、半桥、LLC等），将工频交流电或直流电转换为高频交流电，再整流滤波得到焊接所需的直流或脉冲输出。
2. 功率器件选型与应用：熟练选择和应用 IGBT、MOSFET、SiC（碳化硅） 等功率开关器件，设计其驱动、保护和缓冲电路。
3. 高频磁性元件设计：设计关键的高频变压器、电抗器（电感），这是逆变机芯的核心和难点，涉及磁芯选型、绕组计算、损耗与温升分析。
4. 控制电路与算法设计：
 · 模拟/数字控制电路设计。
 · DSP/MCU 编程，实现焊接过程的闭环控制（恒流、恒压、脉冲等）。
 · 开发引弧、稳弧、熔滴过渡控制等专用焊接算法。
5. 仿真与验证：使用 PSPICE, Saber, PLECS, MATLAB/Simulink 等工具进行电路仿真、热仿真和磁场仿真。
6. PCB设计：绘制高压、大电流、高干扰环境下的功率板和控制板，考虑EMC（电磁兼容）、安规、散热与可靠性。
7. 样机调试与测试：搭建样机，进行全面的功能、性能、可靠性、安全及EMC测试，解决调试中的问题。
8. 技术文档编写：输出设计图纸、BOM、计算书、测试报告、工艺文件等。

二、必备知识与技能

1. 扎实的理论基础：
 · 电力电子学：精通各种变换器拓扑、软开关技术、PWM控制等。
 · 模拟与数字电路：具备深厚的电路分析和设计能力。
 · 自动控制原理：理解反馈系统、PID控制及现代控制理论在电源中的应用。
 · 电磁学：精通磁性材料特性、磁路设计、涡流损耗、邻近效应等。
2. 丰富的专业经验：
 · 焊接工艺理解：了解手工电弧焊（SMAW）、氩弧焊（GTAW/TIG）、气体保护焊（GMAW/MIG/MAG） 等不同工艺对电源外特性（陡降、平特性）、动态响应和波形的特殊要求。
 · 安规与标准：熟悉IEC/EN 60974、GB 15579等焊接设备安全标准。
 · EMC设计与整改：经验至关重要，能解决传导发射、辐射发射等问题。
3. 熟练的工具使用：
 · 设计软件：Altium Designer/Cadence等PCB设计工具。
 · 仿真软件：如前所述。
 · 开发工具：C语言、汇编语言，熟悉TI C2000系列DSP或类似平台者优先。
 · 测试仪器：示波器、功率分析仪、网络分析仪、EMC测试设备等。

4、教育背景：本科及以上学历，电子、电气类专业
5、工作经验：3年以上焊接电源行业经验",DSP MCU SPI MATLAB C语言 汇编 技术文档,https://jobs.51job.com/kunshan/172683358.html?s=sou_sou_soulb&t=0_0&req=aea72daf6834b4ab5667f56599fc379d
ME制程工程师,庆虹电子（苏州）,1.3-1.8万,昆山,昆山,大专,3年及以上,2026-08-03 16:38:37,job51,"岗位职责：
1、量产工艺流程管理与优化:负责零部件量产组装全流程的工艺参数设定，监控与优化分析生产数据，识别关键瓶颈与浪费点，主导工艺优化，持续提升设备综合效率OEE与关键良率;
2、制程质量管控与不良分析:跟踪生产过程中的质量数据，针对组装，检测和焊接异常等关键不良类型，运用FMEA、SPC、8D等工具进行系统失效分析和根本原因追湖，协同质量与研发部门制定并验证改善措施，推动根本性改善方案的落地执行，确保产品良率达成量产指标，确保质量风险全面受控;
3、量产爬坡与产能达成:主导新产品或新工艺由试产阶段向满负荷量产阶段的爬坡导入，结合工艺设计优化、快速换型技改、瓶颈工位改善等手段，制定并执行详细的产能爬坡计划，确保产线按时达成交付指标;
4、技术文档与人员培训:负麦制定并持续更新组装量产相关工艺文件，包括工艺流程图、作业指导书SOP、防错管控计划等。主导组织开展新员工和多能工的岗前技能培训与作业考核。确保产线操作全面符合工艺标准、质量要求及EHS安全规范;
5、跨部门协作;紧密协同前端研发、质量、供应链及设备等部门，推进可制造性设计评审落地及物料适配性验证。定期整理良率、产能等报告，向领导汇报制程状态与改善进展。

能力要求：
1、大专及以上学历，机械、机电一体化等相关工科专业;
2、熟悉连接器或线缆行业及相关工艺优先，熟悉产线异常数据问题分析与解决;
3、具备极强的表任心、组织协调与抗压能力，适应快节类且高标准的制造工作环境；",技术文档 培训 跨部门协作 供应链 SPC,https://jobs.51job.com/kunshan/173131019.html?s=sou_sou_soulb&t=0_0&req=aea72daf6834b4ab5667f56599fc379d
物控专员,上海博瀛通信科技,7-8千·13薪,昆山,昆山,大专,2年及以上,2026-07-14 16:27:52,job51,"工作职责：
1.熟悉ERP运算逻辑，负责金蝶系统MRP（物料需求计划）运算，确保物料需求准确性和及时性。
2.编制采购需求计划并下达采购订单申请，确保采购计划与生产计划、库存状况相匹配。
3.跟踪设计变更（ECN/ECR），及时同步调整物料需求及库存控制策略。
4.与采购、生产、仓库等部门协同沟通，确保物料供应顺畅，避免缺料或呆滞库存。
5.定期分析物料供需数据，优化库存周转率，提出改善建议。
制作物料管控相关报表（如欠料跟踪表，库存分析等），熟练运用Excel、PPT进行数据整理与汇报。
任职要求：
1.2年以上物控/计划相关工作经验，熟悉制造业MRP逻辑及实操。
2.大专及以上学历，有金蝶云星空ERP实施交付经验优先。
3.精通Excel公式（如VLOOKUP、SUMIF、数据透视表等）及PPT制作，能独立完成数据分析与汇报。
4.具备良好的跨部门沟通能力，亲和力强，能高效协调采购、生产等部门需求。
工作细致、责任心强，能适应快节奏工作环境。
职位内容： 
1、每周MRP&nbsp;运行，每天公司内部小程序核料，分料； 
2、负责采购订单信息的分析和处理； 
3、负责供应商交付物料风险识别，预警并制定可行性方案； 
4、负责长周期物料的管控政策，储备计划； 
5、负责采购件安全库存的监控和管理； 
6、负责主生产计划的物料齐套； 
7、负责紧急物料的追踪，升级机制，保证紧急物料按计划到厂； 
8、负责超计划用料的追踪，升级机制，保证紧急物料按计划到厂； 
9、管理TCN变更，新老物料切换&nbsp;。产品切换的过程，降低呆滞料。 
任职要求： 
1、熟练使用办公软件及系统；&nbsp;&nbsp;&nbsp;&nbsp; 
2、具有良好的沟通、协调管理能力及团队协作精神，具有较强的抗压力与执行力；&nbsp;&nbsp;&nbsp;&nbsp; 
3、有电子行业物控/采购助理相关工作经验者优先； 
4、能够积极主动完成上级分配的其他任务。",采购 数据分析 ECN ECR SUMIF,https://jobs.51job.com/kunshan/172908006.html?s=sou_sou_soulb&t=0_0&req=aea72daf6834b4ab5667f56599fc379d
IT运维助理工程师,苏州盛芯精密科技,4.5-6千·13薪,昆山,昆山,大专,2年及以上,2026-07-27 10:53:00,job51,"【工作内容】
1、公司电脑、打印机、会议设备日常故障处理，新机标准化部署，处理员工各类IT故障；
2、域账号、邮箱、ERP/OA系统权限管理。员工入职离职IT对接；
3、内网交换机、无线运维，保障网络稳定；
4、机房UPS、硬件巡检，处理服务器宕机、网络中断等突发故障；
5、IT资产盘点、耗材管理、运维文档与故障工单记录；
6、Windows/Linux服务器、VMware虚拟化日常巡检、数据备份；
7、配合业务部门保障系统稳定运行，完成领导安排的其他IT相关工作。

【任职要求】
1、熟悉Windows/Linux操作系统及常见网络设备配置，了解TCP/IP协议原理；
2、持有网络工程师相关证书或具备半年以上IT运维实习/工作经验者优先考虑；
3、具备良好的服务意识与沟通协调能力，能耐心解答用户技术疑问；
4、工作严谨细致，责任心强，能适应偶尔的紧急故障响应。",Linux TCP/IP ERP Windows,https://jobs.51job.com/kunshan/173047088.html?s=sou_sou_soulb&t=0_0&req=aea72daf6834b4ab5667f56599fc379d
IT技术支持,江苏古田自动化,6千-1.2万,昆山,昆山,本科,1-3年,2026-06-17 09:44:45,job51,"岗位职责：
1.负责鼎捷 E10 ERP、I 人事系统日常运维、故障排查与账号权限管理，保障核心业务系统稳定运行；
2.维护公司网络、服务器及电脑、打印机等办公设备，快速处理各类软硬件故障；
3.依据采购、生产、物控、品质等部门需求，运用 VB、帆软开发定制化报表与数据可视化工具；
4.使用 Python/Java 编写自动化脚本，提升运维及数据处理效率。
5.计算机相关专业，2-5 年IT经验；熟悉鼎捷E10、I 人事系统，掌握 VB、帆软及 Python/Java，具备系统排障与桌面运维能力。
6.完成上级交办的其他IT相关事务性工作。

任职要求：
1.1–3年IT支持/运维相关工作经验；
2.优秀应届毕业生（有IT运维实习经历者优先）
3.责任心强，服务意识好，能承受一定工作压力；
4.具备团队协作精神，做事细致有条理。",Python Java 故障排查 采购 E10 ERP VB,https://jobs.51job.com/kunshan/171189569.html?s=sou_sou_soulb&t=0_0&req=aea72daf6834b4ab5667f56599fc379d
总务专员（安保队长）,庆虹电子（苏州）,6-9千,昆山,昆山,中技/中专,3年及以上,2026-08-06 14:39:10,job51,"岗位职责：
1、建立健全的安保及安防体系、应急处置机制，保障厂区宿舍区人员及财产安全。
2、安全体系建立与维护：-
 -制定安保规章制度，如门禁管理、巡逻流程/检查等，并监督执行；
 -风险评估与预防，定期排查安全隐患（如监控盲区），提出整改方案；
 -降低安全风险维护监控系统、报警装置、门禁系统等设备的正常运行，确保技术防护有效；
3、团队管理、工作分配、与培训：
 -安排安保人员值班、巡逻，确保24小时无空岗；检查工作表现，定期考核；
 -处理团队违规行为，确保安保人员着装规范、执勤纪律严明；
 -组织演习、防暴训练、急救培训等，提升保安团队应急能力；
4、日常安全管理：
 -监督人员、车辆进出登记（如访客管理、货物查验），防止未授权进入；
 -制定巡逻路线和频次，检查重点区域（如机房、仓库、财务室）的安全状况；
 -处理盗窃、冲突等事件，启动应急预案，及时上报并配合警方部门；
 -管理钥匙、门禁等权限，确保重要区域（如机房、仓库）的安全；
5、应急与突发事件处理：
 -应急预案制定及响应，针对自然灾害、暴力事件等制定预案，明确疏散流程和责任人；处理打架斗殴、盗窃等紧急情况；
 -现场指挥，突发事件中协调内外部资源（如医疗、警方、消防），减少损失；
 -事故调查与报告：记录事件经过，分析原因，完善防范措施，避免重复发生；
6、访客系统优化、物品放行机制优化、人员出厂机制优化、安防系统搭建。

任职要求：
1、三年以上工厂安保管理经验。
2、退伍军人或警校背景优先。
3、熟悉安防设备操作,具备较强的沟通与领导能力。
4、无犯罪记录，责任心强，能承受高压工作。",团队管理 培训,https://jobs.51job.com/kunshan/173176899.html?s=sou_sou_soulb&t=0_0&req=aea72daf6834b4ab5667f56599fc379d
厂务技术员,庆虹电子（苏州）,5-6.5千,昆山,昆山,高中,5年及以上,2026-07-07 14:14:17,job51,"岗位职责：
1.负责低压电气设备的安装、调试及日常维护工作
2.按照规范进行电路检查与故障排查，确保设备安全运行
3.定期对电气系统进行巡检，记录运行数据并及时反馈问题
4.依计划执行电气系统中之配管配线及照明开关插座之安装和一般维修与保养
5.负责厂内基础设施、设备日常维修、保养工作
6.负责宿舍楼公共水电设施（门、床、灯等）维修维护
7.电气机房之环境清洁维护

任职要求：
1、五年以上厂务设备维护、水电气维修等工作经验
2、具备良好的责任心和团队协作精神
3、熟悉电气系统原理和接线方式",故障排查,https://jobs.51job.com/kunshan/172822613.html?s=sou_sou_soulb&t=0_0&req=56e4695a903946cb5fa092351c786e9c
c#软件开发工程师,苏州赛腾精密电子,1.2-2万,昆山,昆山,大专,3年及以上,2026-07-02 16:12:18,job51,"工作职责：
1、负责项目中工控、运控及视觉等硬件选型验证，方案验证, 关键点排查，疑难问题题解决；
2、协助项目中电气部件选型确认,电气图纸确认，协助机构设计流程优化改进；
3、负责项目的软体设计编写、软件调试、项目总结，软件资料归档及相关培训；
4、负责项目设备样机调试，协助机构电气改善优化设备；
5、协助项目量产设备问题的分析，OPL跟进及解决；
6、确保研发过程符合安全规范（如设备防护、电气安全、，落实质量管理体系要求；
7、配合样机DOE验证，维护现场客户关系
8、每天向上级汇报工作内容；
任职要求：
1、 电气自动化、自动化控制、计算机专业或相关专业大学专科以上学历, 工作经验至少3年以上；
2、 熟练使用Labview、C#语言编程，熟悉多线程设计，界面设计；
3、 熟悉伺服，运动控制卡，串口通讯及网络通讯应用；
4、 熟悉常见四六轴机器人编程，如EPSON,汇川,三菱机器人等优先；
5、熟悉图像处理(海康，基恩士，康耐视等视觉方案、，熟悉相机，光源，镜头搭配选型；
6、工作有责任心，敢于挑战难题，抗压能力强；
7、 吃苦耐劳，适应出差，较强责任感，善于与人沟通和合作；
8、 能够快速了解熟悉公司产品，对新产品能够快速了解上手。",C# 流程优化 培训,https://jobs.51job.com/kunshan/165191014.html?s=sou_sou_soulb&t=0_0&req=56e4695a903946cb5fa092351c786e9c
电工,昆山瑞盛美电子科技,7-9千·13薪,昆山,昆山,高中,3-5年,2026-08-03 17:13:47,job51,"岗位职责
1.负责公司厂区、车间及办公楼的日常基础电工事务，包括电路巡检、设备接线、故障排查与维修，确保电力系统安全稳定运行。
2.操作与维护公司门禁系统、网络监控系统，定期进行设备检查、功能调试，及时处理系统运行异常，保障门禁与监控的正常使用。
3.参与公司电气设备的安装、调试与改造工作，配合生产部门完成设备相关的电力配套需求。
4.遵守公司安全管理制度，落实电气安全防护措施，排查并消除用电安全隐患。
任职要求
1.学历与资质：高中及以上学历，必须持有高低压电工证，具备电工从业资格；有焊接操作经验者优先，持有焊接相关资质证书更佳。
技能要求：
1.精通基础电工事务，熟练掌握电路原理、配电设备操作与维修；能独立操作门禁系统、网络监控系统的安装、调试与维护；
2.具备焊接基础，能独立完成简易焊接工作。
经验要求：有 3-5 年及以上工厂电工工作经验，熟悉注塑成型制造业生产环境者优先。
职业素养：工作认真负责，细心严谨，具备较强的问题解决能力与应急处理能力；严格遵守安全操作规程，有良好的安全意识。
其他要求：能适应制造业工厂的工作节奏，服从公司合理的工作安排，具备团队协作精神。",故障排查,https://jobs.51job.com/kunshan/171102866.html?s=sou_sou_soulb&t=0_0&req=56e4695a903946cb5fa092351c786e9c
包装间班长,庆虹电子（苏州）,7-8.5千,昆山,昆山,中技/中专,2年及以上,2026-08-06 15:59:04,job51,"岗位职责：
1.负责包装间生产日常管理
2.新员工上岗培训及岗位技能考核，落实安全操作规程
任职要求：
1.2年以上相关经验，熟悉射出流程
2.会2D量测
3.能配合加班",培训,https://jobs.51job.com/kunshan/172483235.html?s=sou_sou_soulb&t=0_0&req=56e4695a903946cb5fa092351c786e9c
物控主管,上海博瀛通信科技,1-1.2万·13薪,昆山,昆山,本科,5年及以上,2026-07-14 16:25:18,job51,"职位内容：
1. 需求分析与计划编制：根据中短期生产计划，对工业交换机生产所需的各类 物料进行详细的需求分析。主导编制物料需求计划，统筹所有材料的申购计划， 审批材料申购请求，确保物料的种类、数量和到货时间与生产计划相匹配。
2. 订单评审：参与订单评审会议，与业务、项目管理（PM）、研发等部门沟通， 确认物料到料时间，审核业务、PM、研发的备料需求， 评估订单生产的物料可行 性，及时发现潜在的物料供应问题并协调解决。
3. 库存管理：建立工厂物料的安全库存水位线，综合考虑生产需求、采购周期、 市场波动等因素，合理规划库存水位。通过有效的库存控制措施， 降低物料周转 天数，定期对库存进行盘点和分析，及时处理呆滞、报废和不良物料， 减少库存 积压和资金占用。
4. 工单物料齐套管理：输出物料需求计划报表，明确各工单所需物料的清单和 交付时间。监控采购物料的交期达成情况， 与采购部门紧密合作，确保物料及时 齐套，满足生产线的连续生产需求，避免因物料短缺导致生产线停工或延误订单 交付。
5. 异常处理：负责进料异常处理，当物料在检验、入库等环节出现质量问题、 数量不符等异常情况时，及时与计划、采购、质量等部门沟通协调， 制定解决方 案，确保进料异常得到快速处理，保证生产计划的顺畅进行。同时， 对生产线欠 料情况进行分析，找出欠料原因，采取预防措施，杜绝欠料的再次发生。
6. 流程优化与系统管理：参与供应链流程建设，对物控工作流程和制度进行持 续优化，提高物控工作的效率和准确性。主导企业资源计划（ERP）系统的优化， 确保系统数据的准确性和及时性，为物控决策提供有效的信息支持。

任职要求：
1 、专业背景：物流管理、供应链管理、工业工程等相关专业，系统掌握物料计 划、库存管理等专业知识。
2 、工作经验：具备 5 年以上物控相关工作经验，3 年以上团队管理经验，熟悉 工业交换机或制造业生产物料管理流程，能独立主导物料需求计划编制与订 单评审工作。
3 、技能要求：熟练操作金蝶 ERP 系统，擅长通过数据分析优化库存控制和物控 流程；具备优秀的采购交期监控和工单物料齐套管理能力，能有效处理进料 异常和生产线欠料问题。
4 、能力素质：拥有出色的跨部门沟通协调能力，可与业务、研发等多部门高效 协作；具备较强的问题分析与解决能力，能快速制定异常情况解决方案；拥 有良好的统筹规划能力，确保物料供应与生产计划高度匹配。",需求分析 项目管理 采购 流程优化 供应链 团队管理 数据分析,https://jobs.51job.com/kunshan/172907925.html?s=sou_sou_soulb&t=0_0&req=56e4695a903946cb5fa092351c786e9c
产线班长,庆虹电子（苏州）,6-7千·13薪,昆山,昆山,中技/中专,2年及以上,2026-08-06 15:58:31,job51,"1. 女，中专以上学历，基本常白班，偶你会上夜班。2年以上带团队经验，会SIP及2D/2.5D。
2.负责成型包装间生产日常管理
3.负责新员工上岗培训及岗位技能考核，落实安全操作规程
4.具有良好的沟通能力和团队管理意识，有责任心，能够吃苦耐劳",培训 团队管理,https://jobs.51job.com/kunshan/170628005.html?s=sou_sou_soulb&t=0_0&req=56e4695a903946cb5fa092351c786e9c
物料控制计划,庆虹电子（苏州）,1-1.5万·13薪,昆山,昆山,大专,3年及以上,2026-07-23 11:13:35,job51,"【岗位职责】
根据销售订单/生产计划及BOM（线材/端子/胶壳），核算物料需求，下达请购/采购订单；
跟进供应商交期，排查缺料/错料，预警异常，保障产线不停工待料；
管控原材料/辅料库存，设置安全库存，定期盘点，处理呆滞料；
维护ERP系统物料主数据（提前期/安全库存/MRP参数），制作物料报表；
对接采购、仓库、生产、品质，处理ECN变更及物料异常。
【任职要求】
大专及以上学历，3年及以上连接器/线束/电子制造MC或PMC经验优先；
熟悉线束物料（线材/端子/胶壳/护套）及BOM结构，了解注塑/压接工艺优先；
熟练使用Excel（VLOOKUP/透视表）及ERP系统（SAP/金蝶/用友均可）；
数据敏感，沟通能力强，能配合产线节奏、接受适量加班。",采购 VLOOKUP SAP,https://jobs.51job.com/kunshan/173014554.html?s=sou_sou_soulb&t=0_0&req=56e4695a903946cb5fa092351c786e9c
会计主管/总账会计,昆山百澜电子,7千-1万,昆山,昆山,本科,5年及以上,2026-08-01 08:36:14,job51,"工作地点：江苏昆山花桥
岗位职责：
1、负责完善公司财务管理制度、报销制度、成本核算制度、资金管理制度等相关规章制度；监督财务制度落地执行，规范财务工作流程，梳理财务工作漏洞，持续优化财务工作体系，保障财务工作标准化、规范化运转。
2、负责公司应收、应付账款统筹管理，定期核对往来账务，跟进应收账款回款进度，督促业务部门回款；审核资金收支单据，做好资金管控、资金流水核对工作，编制资金报表，把控公司资金流转安全。
3、负责公司全盘账务核算工作，各类原始凭证、记账凭证，确保账务处理真实、准确、合规；负责月末、年末结账工作，核对总账、明细账、往来账，保证账账相符、账实相符、账证相符，规范公司账务处理流程。。
4、统筹公司成本核算、费用审核工作，严格把控各项费用报销、支出审核流程，规范费用标准；监控成本异常情况，有效控制公司运营成本，提升企业盈利空间。
5、熟悉国家税收政策，负责公司日常税务申报、税款缴纳、发票管理、税务核销等全盘税务工作；精准核算增值税、企业所得税、附加税等各类税种，按时完成纳税申报、汇算清缴工作；合理进行税务筹划，规避税务风险，对接税务局完成各项税务核查、资料报送工作。
6、负责办理现金收付、银行转账、支票结算等日常资金业务，严格执行现金管理条例。
7、审核员工报销单据（如差旅费、办公费、业务招待费），确保票据合规、流程完整、工资核算。
8、审核采购发票、入库单、合同等原始凭证，核对采购金额与数量，登记应付账款明细账。
9、审核销售单据、合同，开具增值税发票，登记应收账款明细账。
10、保管库存现金、银行票据、财务印章、空白支票等重要物品，按规定使用印章。
11、熟悉工商税务相关政策法规及办事流程，根据国家和地方相关法律及企业规定，配合做好财务各项工作。
任职要求:
1. 本科及以上学历，财务、会计、财务管理、税务等相关专业，持有初级会计职称优先。
2. 5年及以上全盘会计工作经验；熟悉中小企业财务全流程运作，有商贸、电商、机电施工项目行业经验者优先，能够独立完成全盘账务及税务统筹工作。
3. 精通企业会计准则、各类税收政策，熟练掌握全盘账务处理、税务申报、成本核算、报表编制工作；熟练使用金蝶、用友等财务软件及Office办公软件，擅长Excel数据统计、函数运用、财务报表制作；具备独立税务筹划、税务风险规避、成本管控能力。
4. 具备良好的数据分析能力、沟通协调能力，严谨细致，责任心强。",合规 采购 数据分析,https://jobs.51job.com/kunshan/173017438.html?s=sou_sou_soulb&t=0_0&req=56e4695a903946cb5fa092351c786e9c
食堂厨师长,庆虹电子（苏州）,9千-1.1万,昆山,昆山,高中,5年及以上,2026-06-23 14:58:49,job51,"1.	全面负责公司员工食堂的日常运营管理。
2.	严格执行《食品安全法》及餐饮行业规范，落实食材验收、储存、加工、留样、清洗消毒全流程管控。
3.	结合就餐人数、菜谱、库存，精准提报每日食材采购计划，避免积压、浪费、缺货。
4.	参与食材入库验收，核对数量、重量、品质、价格，杜绝缺斤短两、以次充好。
5.	推行精细化管控，合理利用边角料，严控水、电、燃气、粮油、调料消耗，降低后厨运营成本。
6.	根据员工口味、季节变化、营养搭配，制定每日/每周菜谱，做到菜式多样、荤素均衡、口味稳定，杜绝菜品单一、变质、口味偏差。
7.	严格把控菜品色、香、味、形、温度、分量，餐前试餐、餐中巡检，及时整改出品问题，处理员工就餐投诉与意见。
8.	负责后厨所有厨具、灶具、制冷设备、排烟系统、清洗设备的日常巡检、保养、报修，保证设备正常运转。
9.	统筹各餐高峰期现场调度，合理分工、流线作业，维持后厨秩序，保障供餐顺畅。
10.	及时处置突发情况：食材短缺、设备故障、人员临时缺勤、就餐人流暴增、员工投诉、食品安全异常等，***时间应急处理并上报上级。
11.	配合行政等部门完成食堂迎检、专项检查、参观接待等工作。

任职要求：
1. 需要持有有效健康证、厨师证、营养师证，具备3000人以上大型企业及5年以上食堂厨师长同岗经验，熟悉团餐运营模式。
2. 精通大众菜品、大锅菜制作，充分了解营养搭配、菜谱规划，具备较强出品把控能力、有特色餐引入、铺开渠道。
3. 熟悉食品安全法规、6S管理、食堂消杀、食品留样等全套规范流程。
4. 具备团队管理、人员调度、成本控制、应急处理能力，能适应食堂早班、轮班、节假日值守。
5. 责任心强、执行力强，吃苦耐劳，严格遵守公司各项管理制度。",采购 团队管理 成本控制,https://jobs.51job.com/kunshan/172654500.html?s=sou_sou_soulb&t=0_0&req=56e4695a903946cb5fa092351c786e9c
行政主管-食堂&宿舍,百通赫思曼工业（苏州）,1.2-1.5万,昆山,昆山,本科,8年及以上,2026-08-07 11:23:56,job51,"职位概要
该岗位负责公司食堂与宿舍的日常运营管理，确保餐饮与住宿服务符合健康、安全及员工满意度要求。该岗位需与负责保安、清洁、绿化及办公室行政的另一位主管紧密协作，共同推进现场项目、应急响应与资源共享，保障园区运营顺畅。

岗位职责
1）食堂与餐饮运营管理
负责菜单规划、供餐质量与分量控制，提升员工满意度
管理餐饮供应商（合同履约、服务评估、成本与费用结算）
落实食品安全与卫生要求，定期检查厨房/仓储并推动整改
管理库存、设备维护及能耗，确保在预算内运行
2）宿舍运营与住宿服务管理
负责入住/退宿、房间分配、入住率与台账管理
保障宿舍环境整洁、安全、设施完好；组织查房、虫害防治与维修协调
执行宿舍管理规定，处理投诉、纠纷及违规问题
输出月度入住与费用相关报表
3) 跨部门协作
联合组织园区活动与应急演练
共同承担值班与突发事件处理（如火灾、医疗事件）
互相支援：请假顶岗、旺季资源调配，共同参与预算规划与资源分配
4) 一般行政支持
起草/修订食堂与宿舍制度并推动落实
监督废料/报废资产在指定点位的现场处置，符合公司流程
维护台账、报表与相关记录
协调采购食堂/宿舍用品并控制预算
管理、培训与排班相关支持人员（厨师、宿舍清洁、宿舍管理员等）
确保合规（公司制度与当地法规）及完成交办事项

任职要求
学历：本科及以上学历（酒店管理/工商管理等相关专业优先）；大专学历若工作丰富经验可考虑
经验：8年以上食堂/餐饮或宿舍/公寓管理经验；制造业/园区型环境优先
能力：有较强的预算与成本控制、沟通协调、冲突处理能力
证书：食品安全/卫生证优先；熟悉急救/CPR加分
其他：有制度编写及废料处置流程经验优先；可配合弹性工时与应急；责任心强、服务意识好",应急响应 跨部门协作 采购 培训 合规 成本控制,https://jobs.51job.com/kunshan/172740100.html?s=sou_sou_soulb&t=0_0&req=56e4695a903946cb5fa092351c786e9c
仓库管理,庆虹电子（苏州）,7-9千,昆山,昆山,中技/中专,5年及以上,2026-07-04 10:46:42,job51,"【工作内容】
1、负责仓库日常物料的出入库，物料上架，物料管理及仓库区域5S管理工作；
2、严格执行出库复核流程，确保发货数量准确、包装规范并；
3、每月所负责仓库物料的自行盘点工作，确保库存帐与ERP系统帐一致；
4、维护库区环境安全，落实防火防潮措施，保障存储质量与完好率；
5、有成品出货经验及保税区仓库管理经验优先；

【任职要求】
1、中专及以上学历，物流管理、供应链管理或相关专业优先；
2、具备ERP软件使用经验，精通Excel数据处理；
3、拥有两年以上电子通讯行业或精密设备仓储管理经验；
4、具备极强的责任心与安全意识，能适应快节奏作业及加班；
5、性格沉稳细致，具备良好的沟通协调能力和团队合作精神。",供应链,https://jobs.51job.com/kunshan/172793343.html?s=sou_sou_soulb&t=0_0&req=56e4695a903946cb5fa092351c786e9c
生技工程师,庆虹电子（苏州）,1-1.5万,昆山,昆山,大专,5年及以上,2026-07-08 13:39:18,job51,"1.具备5年以上3C连接器设备维修管理工作经验。特别是自动机，半自动机，裁切机，插针机、电测机、包装机等
2. 负责生技组内事务管理
3. 制订设备维修及保养策略，确保设备安全，降低维修成本，减少故障率，提高客户满意度。
4. 建立设备维修档案，对设备定期检查保养
5. 协调部门设备维修工作，确保设备维修工作顺利进行，以达成生产交货
6. 协助产线分析制程异常减低报废，提升获利
7. 承接自动化新设备新料号设备维护，确保顺利投产, 工件发包与管控
8. 具备设备治具维护及开发改善
9. 制订并执行设备维修培训计划，提高维修人员的专业技能和维修水平
10. 其他主管交办的事项。",培训,https://jobs.51job.com/kunshan/170628084.html?s=sou_sou_soulb&t=0_0&req=56e4695a903946cb5fa092351c786e9c
人事行政专员,华承（江苏）精密智造,6-7.5千·13薪,昆山,昆山,本科,1-4年,2026-07-26 01:07:12,job51,"岗位职责
 
1.&nbsp;负责一线员工招聘、面试邀约、入职转正、调岗离职全流程，签订劳动合同，完善员工档案管理。
2.&nbsp;统计全厂员工考勤、加班、夜班及休假数据，核对考勤异常，配合完成薪资核算、社保公积金办理。
3.&nbsp;开展新员工入职、安全生产及厂区规章制度培训，维护员工关系，调解日常员工矛盾，规避用工风险。
4.&nbsp;统筹厂区后勤管理：宿舍入住退宿、食堂日常管控、劳保用品发放、办公物资采购领用与盘点。
5.&nbsp;落实厂区6S管理、消防安全巡查、厂区环境维护，做好会议安排、来访接待、公文通知发布。
6.&nbsp;组织员工团建、节日福利、文体活动，完成人事行政各类数据报表整理上报。
 
任职要求
 
1.&nbsp;本科及以上学历，人力资源、行政管理相关专业优先，有工厂同岗位经验优先。
2.&nbsp;熟悉制造业考勤制度、加班核算、社保流程及基础劳动法规。
3.&nbsp;熟练使用Office办公软件，擅长数据整理与表格制作。
4.&nbsp;吃苦耐劳，沟通协调能力强，执行力强，能适应厂区办公节奏。
5.&nbsp;做事细心稳重，有服务意识，抗压能力良好，服从日常工作安排。",培训 采购 nbsp,https://jobs.51job.com/kunshan/172131104.html?s=sou_sou_soulb&t=0_0&req=56e4695a903946cb5fa092351c786e9c
成型车间班长,庆虹电子（苏州）,8.5千-1.1万·13薪,苏州·高新区,昆山,中技/中专,2年及以上,2026-07-07 16:37:11,job51,"【工作内容】
1、负责成型车间生产计划的具体执行与调度，管控立式、卧式注塑机量产工作；
2、统筹班组人员排班管理，监督员工严格执行标准化作业流程及安全规范；
3、主导生产现场异常处理，协调解决设备故障、物料短缺等突发问题；
4、负责产品质量首检与巡检工作，落实不良品分析与改进措施，降低损耗率；
5、负责临时工岗前操作、安全培训及在岗考核，规范车间5S现场管理，处理班组纪律问题与员工矛盾，维护团队稳定，完成生产数据统计及交接班工作。

【任职要求】
1、中专及以上学历，2年及以上线束、消费电子连接器注塑成型车间班长经验优先；
2、精通精益生产理念，熟悉立式、卧式注塑机操作及线束包胶、预埋成型工艺，了解车间安全生产及品质管控规范；
3、具备优秀的现场协调能力与突发事件处置能力，责任心强，抗压性好；
4、具备临时工班组管理、人员调配及现场问题处理能力，沟通协调能力良好。",培训,https://jobs.51job.com/suzhou-gxq/172826965.html?s=sou_sou_soulb&t=0_1&req=56e4695a903946cb5fa092351c786e9c
管培生,昆山鸣朋纸业,6-8千,昆山,昆山,大专,无需经验,2026-07-10 13:43:55,job51,"昆山鸣朋纸业——未来接班人计划 · 管培生招聘
昆山鸣朋纸业，2008年成立，扎根张浦17年，年产值近7个亿。江苏省工业互联网标杆工厂、国家高新技术企业。智能生产线、智能立体仓库都已建成，现在就缺一批靠谱的年轻人，跟着老师傅把手艺学到手，把担子接过去。


· 大专及以上学历，应届生或毕业三年以内，机电一体化、计算机网络、AI应用相关专业优先；
· 愿意扎进车间，有制造业、仓储物流相关经验优先，没经验但肯学肯干我们更欢迎；
· 想清楚了不想坐办公室，愿意在实体经济里扎扎实实干出点名堂。
不是让你打杂跑腿，是正儿八经学本事、练手艺学管理改善。

跟着车间骨干、仓储主管从零学起：生产流程怎么跑、设备怎么操作、工艺怎么把控、仓储怎么调度、现场怎么管理——样样亲手干，关关亲自过。

从进厂***天起，就按未来的班组长、主管方向培养。我们会把知道的都教给你，但也请你做好准备：前半年到一年，需要在车间和仓库里踏踏实实沉下来，把手弄脏、脚磨出泡，才算真正入行。

我们不搞空降兵，管理岗位优先从内部提。你来的时候是新人，但三到五年后，要能扛起一条线、一个班组、一个部门。
公司正在做梯队建设，这批人就是冲着未来三到五年的班组长、主管、部门负责人去培养的。他们成长起来，我们这边工作压力也小，咱们团队实力更强，大家一起轻松愉悦高效创造未来。

【薪资待遇】

· 综合月薪：6000-8000元
· 五险一金入职即缴，包吃包住，生活零成本
· 节日福利、生日红包、定期团建
· 培训期间表现优秀，立即正享津贴",培训,https://jobs.51job.com/kunshan/172867211.html?s=sou_sou_soulb&t=0_0&req=56e4695a903946cb5fa092351c786e9c
运营总监,昆山品田电子科技,1.5-2万·13薪,昆山,昆山,中技/中专,10年及以上,2026-08-07 04:11:25,job51,"岗位职责：
1、制定年度运营计划，拆解经营目标，依据原料行情、订单变化动态调整运营策略，保障业绩落地。
2、优化注塑生产、质检、仓储、出货全流程，搭建标准化运营体系，提升产能与生产效率。
3、管控良品率、交期、生产成本、能耗损耗等核心指标，数据分析复盘，落地降本整改方案。
4、统筹生产、采购、品质、业务跨部门协同，解决排产、物料、品质、交付等运营瓶颈。
5、搭建生产管理团队，开展培训、绩效考核，搭建管理人才梯队，稳定骨干人员。
6、统筹全厂运营预算，严控原料、设备维保、水电辅料成本，优化资源配置与边角料回收利用。
7、把控安全生产、环保合规、供应链断供、客诉等风险，制定应急处置方案。
8、紧跟注塑行业趋势，推进工艺改良、自动化升级、新材料应用，拓展代工品类与合作模式。
任职要求
1、45 岁以下，学历大专及以上。条件优异者可放宽至高中/中专。
2、10年以上注塑厂全盘运营管理经验，有高层管理经验。
3、精通注塑车间运营、排产交付、数据复盘，擅长产能优化与订单统筹。
4、熟悉塑胶供应链、模具管理、成本管控、车间现场管理。
5、具备战略拆解、预算管控、商务谈判、项目落地能力。
6、领导力强，擅长跨部门协调、生产突发危机处理。",数据分析 采购 培训 合规 供应链 商务谈判,https://jobs.51job.com/kunshan/173179959.html?s=sou_sou_soulb&t=0_0&req=56e4695a903946cb5fa092351c786e9c
电子厂普工,上海劳联信息科技,6.5-7.5千,苏州,昆山,初中及以下,无需经验,2026-07-02 09:27:33,job51,"好消息，附近8公里内找活，以下长期要人！

您可以直接（+ v）或者《拨打电话》详细了解
——————————————
#可以提供食宿
①服装加工中心；男女18-48岁
1-辅助工普通岗位，2-缝纫工岗位，

②化妆品厂商，能够接受无尘服流水线，干活简单轻松。

③保温杯厂商，简单工服、直接上班、带好水杯就行。

以上简单易上手，
长白班+不体检+直接上班+加班多，效益好，工时稳定

④电商仓库男女18-48岁
长白班，不用体检，报名后直接上班，日新220/260
主要是分拣扫描打包等简单岗位，中途能够预支

⑤食品加工男女18-55岁以内
大龄工，只要身体健康，持有效健康证，冬暖夏凉，接受无尘服。日新240/280
手工包装、生产加工、配货挑拣、开机员、等等岗位

⑥电子科技男女18-45岁以内
坐班+空调车间，活儿简单，时薪20-22起，另有补贴绩效，夏天好去处。
正式工也要，想要缴纳五险一金（或者有社保要求也可以安排）

⑦汽车配件男女18-45岁以内
能够接受站班倒班，时薪保底24元起，加班多效益稳定

⑧#技术工种
钳工、电工、焊工、油漆、打砂、cnc、数控车床、巡检、行车
物料、维修、缝纫，泥瓦；月薪在9k/1.2以上（根据岗位来定）

⑨#文员客服
网络招聘专员、售前售后客服、电话顾问、代理兼职、轻松岗位

⑩连锁门店汽车美容、各大品牌骑手、随机就近分配。
——————————————
①新材料，男女45岁以内
岗位有普通操作工、巡检、ipqc、fqc、调机师傅、磨床调机师傅、时薪白班22夜班25起

②轴承加工、机械加工、男女18-45岁以内
普通操作工、叉车数控油漆焊工巡检统统都要，刷架焊锡年龄放宽到18岁起
时薪20起，技术工种时薪在24-29-32等几个范围，个别岗位有长白班、坐班
长期做稳定下来如有需要可以交社保
——————————————
#昆山千灯范围
①机械、布料、五金、电子、汽配、男女55岁以内
普通操作工、冲压cnc注塑组装质检焊工叉车统统都要，时薪在19-21元
个别岗位有长白班、坐班；长期做稳定下来如有需要可以交社保
——————————————
①新能源男女18-45岁有大龄人员50岁左右储备中，大量招工
时薪20-22元起；长期做稳定下来如有需要可以交社保。

入职快，面试当天安排住宿，第二天即可报道上班！

有意者请直接（+ v）或者《拨打电话》详细了解！！！可优先安排！！！

【长期诚邀代理合作共赢】
——————————————",cnc ipqc fqc,https://jobs.51job.com/suzhou/172763556.html?s=sou_sou_soulb&t=0_1&req=66463037a678d2e655a355d61a2ac4e7
公司出车您出人，招募网约车驾驶员,苏州佑佐通出行服务,8千-1.4万,昆山,昆山,,无需经验,2026-07-04 10:48:07,job51,"【工作内容】
1、驾驶公司提供的合规网约车，按照平台订单指派路线安全完成乘客接送服务；
2、严格遵守交通法规及平台运营规范，确保车辆行驶平稳，保障乘客乘车体验；
3、负责出车前车辆外观检查、基础清洁维护及车内设施完好性确认工作；
4、协助处理行程中突发状况，及时响应乘客诉求并配合平台进行客诉协调。

【任职要求】
1、持有C1及以上机动车驾驶证，驾龄满3年且无重大交通事故记录；
2、熟悉本地城市道路网络及常用导航软件操作，具备优秀驾驶安全意识；
3、年龄21-60周岁，身体健康，无犯罪记录，具备良好的服务意识与沟通能力；
4、能适应轮班制工作安排，服从调度管理，能独立解决行车途中常见问题。",合规,https://jobs.51job.com/kunshan/172793392.html?s=sou_sou_soulb&t=0_0&req=66463037a678d2e655a355d61a2ac4e7
网络工程师,苏州市贝特利高分子材料,6千-1万,常熟,常熟,本科,2年及以上,2026-07-21 16:53:48,job51,"工作内容：
1、负责工厂网络方面运维工作，进行网络规划、故障分析、核心设备调试；
2、负责公司核心机房设备管理维护；
3、负责公司IT设备资产管理、电脑打印办公设备的日常运维和维保。
4、负责运维常用的信息化系统如ERP、OA等
5、负责公司网络安全、信息安全等维护
工作经验：
1、2年以上工作经验，本科及以上学历；
2、了解或能基本配置Cisco、H3C、华为、锐捷、等设备；
3、对网络、系统、计算机体系结构方面的知识有一定的了解；
4、具备一定技术敏感度和故障排查经验，能主动发现问题并改善；
5、有过大型工厂网络拓扑规划和运维工作经验优先",故障排查 H3C,https://jobs.51job.com/changshu/143471278.html?s=sou_sou_soulb&t=0_0&req=a88cd00643f3192415d1fbe7496b0cc5
IT 工程师（MES方向）,领科汇智科技,1-1.5万·14薪,常熟,常熟,本科,3年及以上,2026-07-03 08:37:11,job51,"一、MES 系统开发与实施
需求分析与方案设计：对接生产、工艺等部门，梳理 MES 系统的功能需求（如工单管理、设备监控、质量追溯），转化为技术实现方案。
设计 MES 系统架构，规划数据流程、接口规范（与 ERP、PLC、SCADA、Lab view等系统集成），确保符合制造业生产逻辑。
系统开发与定制：基于 MES 平台进行二次开发，实现功能定制（如工单自动化派发、报表自定义）。
开发数据接口程序，通过工业协议（OPC UA、Modbus）或 API 对接设备层与管理层系统，确保数据实时同步。
二、MES 系统维护与优化
日常运维与故障处理：监控 MES 系统运行状态，及时解决数据异常、接口中断、服务器性能瓶颈等问题，保障生产连续性。
定期进行系统巡检、数据备份与恢复，制定应急预案以应对突发故障。
功能迭代与性能优化：根据生产需求迭代系统功能，如优化排产算法、新增移动端报工模块，提升操作效率。
优化数据库查询效率、缓存机制，调整系统参数以适应高并发生产场景（如多产线数据采集）。
三、系统集成与数据管理
跨系统集成开发：主导 MES 与 ERP、PLM、WMS、PLC，Labview上位机等系统的集成，开发数据交互接口（如生产计划同步、物料消耗数据回传），确保业务流程闭环。
对接工业物联网（IoT）设备，开发数据采集模块，实现设备状态、工艺参数的实时监控与上传。
数据治理与分析：设计 MES 数据模型，规范数据存储结构（如生产工单、质量记录、设备日志），确保数据完整性与可追溯性。
开发数据可视化工具（如 BI 报表、看板），基于生产数据（OEE、产能、良率）提供趋势分析，辅助管理层决策。
四、技术支持与项目协作
用户培训与技术支持：为产线工人、管理人员提供 MES 系统操作培训（如工单报工、数据录入），编制操作手册与故障处理指南。
响应一线用户的技术咨询，收集需求反馈并推动系统改进。
项目管理与跨部门协作：参与 MES 相关数字化转型项目（如智能工厂建设），制定技术实施计划，协调开发、测试、部署进度。
与 IT 部门（网络、安全）、工艺部门、设备供应商协作，解决系统集成中的技术冲突（如网络权限、数据安全合规）。
五、技术研究与创新
跟进智能制造标准（如工业 4.0、数字孪生），探索 MES 与新技术的融合方案。
合规性与安全性保障：依据行业规范（如汽车 IATF 16949、信息化ISO27001）优化 MES 系统功能，确保数据可审计、可追溯。
部署系统安全策略（如权限管控、数据加密），防范数据泄露与恶意攻击。
六、任职技术要求
专业技能：计算机科学与技术，信息化管理本科专业，熟悉至少 1 种主流 MES 平台的开发与配置，掌握 Java/.NET 开发、SQL 数据库（Oracle/MySQL）、工业通信协议（OPC UA、MQTT）。
熟悉用友U8，PLM的基本业务流程和用户支持技能。
业数融合：了解制造业生产流程（离散型 / 流程型制造），具备 PLC 编程（如西门子、欧姆龙）或 SCADA 系统对接经验优先。
熟悉计算机网络和电脑硬件，打印机，扫描枪等基本知识，能够解决生产线和办公室用户的日常桌面问题。
沟通技能：具备逻辑分析与系统思维，能将业务需求转化为技术方案；良好的跨部门沟通能力，适应制造业现场协作场景。
岗位核心价值
偏向 MES 的 IT 工程师是制造业数字化转型的技术桥梁，通过 IT 技术赋能生产管理，实现 “计划 - 执行 - 数据” 的闭环管理，提升生产效率、降低成本，并为智能工厂建设提供技术支撑。",Modbus 高并发 加密 Java SQL Oracle MySQL MQTT 需求分析 方案设计 数据采集 数据治理 技术支持 培训 技术咨询 项目管理 跨部门协作 安全合规 合规 审计 技术方案,https://jobs.51job.com/changshu/166305957.html?s=sou_sou_soulb&t=0_0&req=a88cd00643f3192415d1fbe7496b0cc5
高薪诚聘网约车司机时间自由,苏州司荣汽车服务,7千-1.2万,常熟,常熟,,3年及以上,2026-07-24 09:55:06,job51,"公司提供车
任职资格:
1、驾龄:具有3年及以上驾驶经历
2、驾照:至少有A1、A2、A3、B1、B2、C1、C2的一种
3、无犯罪记录:无酒后驾驶、交通肇事罪、吸毒、暴力犯罪等记录
4、违章记录:近3个记分周期无记满12分记录;申请之日前一年内无驾驶机动车发生5次以上道路交通安全违法行为，从事过巡游车服务的，未被列入出租汽车严重违法信息库
5、户籍:户籍及居住时长符合当地网约车资格证报考要求
6、其他:报名条件符合当地政府驾驶网络预约出租车相关规定，部分平台要求先取得:网络预约出租汽车驾驶员证
年龄要求：21-60岁职能类别：网约车司机关键字：C1驾照1年驾龄时间自由多劳多得",A2 A3 B1 B2 C1,https://jobs.51job.com/changshu/167938961.html?s=sou_sou_soulb&t=0_0&req=a88cd00643f3192415d1fbe7496b0cc5
外贸销售(口语流利）,常熟市德晟光电,8千-1.5万,常熟,常熟,本科,3年及以上,2026-06-29 13:30:13,job51,"岗位职责：
1、接待公司渠道（谷歌独立站、外贸快车推广、国内外展会等）转化的海外客户询盘，沟通客户需求，结合公司产品情况会同研发技术人员给出定制化方案，并进行报价；
2、通过谷歌、海关数据、社媒等其他渠道寻找海外客户，找到对应联系人，发开发信或者打电话沟通；
3、负责与客户的谈判,协助客户完成项目付款；
4、收集业务信息，掌握市场动态，及时向领导汇报行情；
5、协助业务跟单做好客户服务工作。
公司优势：
细分领域，行业竞争小，客户回购率达95%以上，销售额稳定增长；
自主研发，工贸一体，价格优势，质量和出货周期可控；
外贸网络平***善，网络及展会等全面覆盖，有机会国外参展。
任职要求：
1、本科以上学历，英语4级及以上且可以用英语完成基本日常和商务交流，工科、国际贸易、商务英语类相关专业优先。
2、有三年及以上出口操作经验，独立取得过订单
3、熟悉外贸业务流程及各个环节；了解外贸合同签订注意事项与外贸风险防控方法，确保应收款安全、及时回收；
4、有TOB工业外贸经验（纺织/服装外贸优秀人才转岗也欢迎），有自主开发客户能力（谷歌/海关数据/领英/社交媒体），
5、有强烈的赚钱欲望，具备较好的沟通、协调及执行能力，工作踏实认真、应对快捷敏锐，责任心强。
薪资结构：底薪8-10K+前三个月保底提成2-3K/实际提成（二者就高）
福利待遇：底薪+业务提成+五险一金+工作餐+工作手机+团队聚餐+生日蛋糕礼物+旅游；
上班时间：上午8:30-下午5:30 双休，法定节假日按照国家规定执行",客户服务,https://jobs.51job.com/changshu/149291712.html?s=sou_sou_soulb&t=0_0&req=a88cd00643f3192415d1fbe7496b0cc5
能源管理師（常熟二厂）,苏州金像电子,6-8千,常熟,常熟,本科,无需经验,2026-07-17 09:20:59,job51,"任职要求】
- 拥有暖通、工安、环境、能源管理或相关领域的统招本科及以上学历，有相关证照和从事过ESG相关经历者优先考虑；
-从事过PCB行业相关经历者优先考虑；
-从事过公用设施或能源管理经历者优先考虑；
-主导规划并实施过年效益超过50万及以上的节能降耗项目达2件及以上，确实有节能理论专业的优秀人员，条件要求可放宽；
- 具备良好的沟通协调能力和团队合作精神；
- 熟悉能源管理系统及相关法律法规，了解最新的能源技术和趋势；
- 具备较强的问题解决能力，能够独立分析和处理复杂的技术问题；
- 优秀的组织和计划能力，能够有效管理多个项目同时推进。
【工作内容】
- 负责公司能源系统的日常监控、运行和维护，确保能源供应的安全、稳定和高效；
- 制定并执行能源管理系统相关的规章制度和操作流程，提高能源使用效率，降低运营成本；
- 对能源设备进行定期巡检，及时发现并处理潜在问题，预防故障发生；
-定期对厂区进行巡检，稽查现场浪费能源问题，追踪改善进度；
- 分析能源消耗资料，识别节能机会，并提出改进建议；
- 建立与政府能源管理单位、同行、节能公司等组织的联系通道，通过书籍、网络等途径搜索节能降耗技术，并主导节能技术在公司得以实施；
- 制定本公司新购设备的节能技术指标，符合经济效益要求；
- 培训团队成员，提升其专业技能和安全意识；
- 与政府机构和其他外部合作伙伴保持良好沟通，确保公司遵守相关法规和标准。",培训,https://jobs.51job.com/changshu/165800046.html?s=sou_sou_soulb&t=0_0&req=a88cd00643f3192415d1fbe7496b0cc5
电气助理工程师,霍谊华电气（上海）,5-8千·13薪,常熟,常熟,本科,无需经验,2026-06-16 10:13:33,job51,"岗位职责 
1. 协助电气工程师完成自动化控制设备的装配、接线、组装工作，严格按照图纸、工艺标准及安全规范操作，保证设备装配质量。
2.配合工程师开展设备调试、试运行工作，记录调试数据、参数，及时反馈调试过程中出现的问题，协助排查整改。
3.协助进行设备故障分析、检修与维护，定位电气线路、元器件、控制系统故障，配合完成维修更换工作。
4.熟悉基础电气知识与网络知识，能看懂电气原理图、接线图、装配图纸，协助完成简单的线路检测与网络连通测试。
5.整理技术资料、调试报告、等日常辅助工作。
 
任职要求 
 - 机电一体化、计算机，自动化、机械工程等专业大专及以上学历 
1.具备基础网络知识，了解网络布线、IP设置、网络连通检测等基础操作，能配合完成设备网络通讯调试。
 2、能熟练使用万用表、剥线钳、螺丝刀等常用电气工具，具备基础电路检测、故障排查能力。
3、 熟悉AutoCAD或EPLAN者优先。",故障排查,https://jobs.51job.com/changshu/163689839.html?s=sou_sou_soulb&t=0_0&req=a88cd00643f3192415d1fbe7496b0cc5
行政文员,正雄（常熟）动力系统,5-6千,常熟,常熟,大专,2年及以上,2026-07-23 12:47:43,job51,"1.1 25~35岁，大专以上学历，专业不限，计算机操作娴熟，行政工作经验2年以上，从事业务工作经验1年以上，从事过大型生产制造企业经验优先考虑。
1.2 能独立而顺利地处理公司的日常行政事务，合理安排交代工作事项
1.3工作仔细认真、责任心强，有良好沟通能力，具有较强 的书面的口头表达能力要求。
2）岗位职责
2.1-负责处理公司日常运行中的行政事务及后勤保障，包括办公设备及用品的配置、管理。外来人员的接待，办公区域及环境的日常维护等；
2.2-负责公司内部办公网络的建设、管理；
2.3-负责与集团公司日常往来文件的传递、取送，管理公司印信、文印。
2.4 负责协调安监、、环保、疾控、公安等相关政府机构的外部业务。
2.5 协助/协调、监督各部门开展安全管理工作，包括：部门安全管理体系建立，作业指导书安全审核，制定/完善各类安全管理制度；
2.6 建立安全隐患台账、调查、汇总安全事故，分析安全形势，拟定安全工作计划
2.7兼职采购文员工作",采购,https://jobs.51job.com/changshu/157228687.html?s=sou_sou_soulb&t=0_0&req=a88cd00643f3192415d1fbe7496b0cc5
抖音娱乐主播,苏州赤藤文化传媒,5-8千,苏州,常熟,,无需经验,2026-08-08 04:12:17,job51,"关于我们：
我们是深耕抖音平台的正规传媒公司，专注快速变现直播内容，线下提供优质住宿直播一体单身公寓、专业直播设备+调试教学+美颜支持、全国近百名主播长期合作，现在苏州大市范围面向18-35岁大朋友诚招娱乐主播！（办公地点在常熟）无论你是想赚零花钱的大学生、想搞副业的上班族，还是想利用暑假赚一笔的在校生——这里都有属于你的舞台。

工作内容：
 在抖音平台上进行娱乐直播，内容丰富多彩——聊天互动、分享日常、唠家常、互动小游戏……你想播什么就播什么。只需保持直播间活跃氛围，与观众积极互动，展现你的个人魅力即可。
 公司提供专业运营一对一指导，从直播技巧到内容策划全程陪跑，新手也能快速上手（学习时间一周左右即可）。

职位要求：
 年满18周岁，性格开朗大方；爱聊天、敢表达、愿意学习，敢于在镜头前展现自己。；无不良嗜好，拒绝低俗，愿意做优质正能量内容
 能配合运营的孵化节奏：&nbsp;新人起步有方法。
 我们会教你账号搭建、直播节奏、粉丝互动和维护。
 希望你能虚心学习并付诸实践，而不是只听不做。&nbsp;这不叫限制，是帮你少走弯路的专业指导，尽快让你变现。
 有契约精神和长期规划：&nbsp;我们投入人力和资源，是希望找到能长期同行的事业伙伴。抱着“试一天就提现走人”心态的，可能不适合我们。

工作时间：
 每天直播3-7小时，时间自己安排
 接受兼职、暑假工，不影响学业和主业
 可居家直播，也可到公司直播间，自由选择

薪资待遇：
 我们能为你提供的是真实收入结构：&nbsp;保底工资（5000-8000元/月）&nbsp;+ 音浪提成。保底是新人起步的保护伞，会与你的直播时长和基础表现挂钩，我们共同完成目标。工资按时发放，绝不无故拖欠。（每月10号发放工资，也可接受日结，无后顾之忧）。
补充：全国近百名主播每月收入水平基本保持在1.5w以上，真实的收入数据可以在视频面试时提供展示，确保真实性。
 灵活的兑现与结算：&nbsp;礼物收益后台自提，兼职主播可灵活处理。在符合平台规则和公司结算周期的前提下，我们尽力保障你的用款需求。
 我们坚持签约全凭自愿，退会无门槛，合同里不设任何违约金。（一家公会如果只能靠高额违约金来拴住主播，那说明它本身就没有能力为主播创造价值。我们没有任何违约金，如果你觉得没有价值，随时可以走，强留对双方都是消耗。所以，我们只用实力吸引，绝不用合同强留。）

工作后自由的直播生活场景：
线上直播：&nbsp;随时随地，在家开播。
 线下直播（推荐）：&nbsp;公司提供安全、舒适、设备齐全的优质直播间的单人公寓，可拎包入住。对于符合条件、愿意来线下共同发展的外地主播，我们给予免费入住。
 异地直播：通过视频面试后，我们同样可以提供1000元的租房补贴。
 时间弹性：&nbsp;开播时段由你和运营根据流量情况共同商定，兼顾效果与你的个人生活。

你会得到什么成长：
 新人期1对1运营跟播指导，实时调整。
 学会如何在镜头前自然表达，这是一项受益终身的社交技能。
 明确的晋升路径：独立主播 人气主播 团队管理 / 合伙人。

特别说明：
 承诺所有待遇均有法律保障，不收取任何押金费用。
 如果你有一颗想赚钱、敢表现的心，请向我投递一份简历，我们聊聊，坦诚相待!",团队管理 nbsp,https://jobs.51job.com/suzhou/173182654.html?s=sou_sou_soulb&t=0_1&req=a88cd00643f3192415d1fbe7496b0cc5
IT,苏州复茂国际货运代理,6-8千,常熟,常熟,本科,1年及以上,2026-08-05 11:10:18,job51,"岗位要求
1.熟悉网络信息安全知识、常用文件服务器
2.有较强的计划和执行能力以及逻辑思维能力
3.计算机相关专业毕业，熟练操作Office办公软件,熟悉主流的ERP、OA系统维护，熟练对各类网络设备进行安装、配置与维护
4.1年以上企业IT岗位工作经验优先考虑
工作内容：
1.学习公司各软件平台的操作，使用、掌握日常维护相关技能；负责员工对IT相关问题技术咨询与求助
2.负责公司平台网络系统、办公区域电脑及打印机的日常管理维护工作
3.指导公司人员进行网络安全维护
4.负责公司其他设备使用技术支持（包括视频、电话会议系统，会议室投影设备，会议现场技术支持,各类办公软件培训）
5.领导安排的其他工作。",技术咨询 技术支持 培训,https://jobs.51job.com/changshu/173157436.html?s=sou_sou_soulb&t=0_0&req=a88cd00643f3192415d1fbe7496b0cc5
IT技术支持,挚行电子（苏州）,6千-1.2万,常熟,常熟,本科,1-3年,2026-08-03 15:28:03,job51,"岗位职责

1.全面负责企业内部大量计算机设备、办公软件及网络的日常维护工作，有一定的轻代码使用能力，保障企业 IT 系统稳定运行。

2.及时响应并快速解决各类突发 IT 问题，***限度减少对业务开展的影响。

3.自主完成主流操作系统 Windows、macOS、Linux 的安装、配置、维护及故障排除任务。

4.负责办公软件 Office365 等的安装与常见问题处理，确保员工正常使用。承担打印机、投影仪、扫描仪等办公设备的安装、调试和维护工作，保障设备高效运转。

5.能够对网络、服务器等进行基础管理。

任职要求

1.具有 1- 3 年 IT 相关工作经验，条件优秀者可适当放宽年限要求。

2.技能要求：了解掌握企业内部计算机设备、办公软件及网络日常维护，具备突发问题快速处理能力。

3.了解 Windows、macOS、Linux 主流操作系统安装、配置、维护及故障排除。

4.具备 AD 域管理、组策略配置经验、有一定的轻代码开发能力。

5.需具备较强学习能力，快速掌握新知识、新技术，适应不断变化的工作需求。",Linux IT Windows Office365 AD,https://jobs.51job.com/changshu/173131632.html?s=sou_sou_soulb&t=0_0&req=a88cd00643f3192415d1fbe7496b0cc5
技术支持/维护工程师,迪格瑞医疗科技（苏州）,4-5千,苏州,常熟,大专,2年及以上,2026-08-08 04:03:54,job51,"【工作内容】
- 负责公司内部办公设备及信息系统的日常运维支持，包括电脑、打印机、网络设备等软硬件故障排查与修复；
- 协助部署、配置和维护企业级IT基础设施，如服务器、域控、邮件系统及VPN等；
- 快速响应并处理员工提交的技术问题，提供远程或现场支持，确保业务连续性；
- 参与公司信息系统升级、补丁更新及安全策略实施，保障系统稳定与数据安全；
- 编写标准化操作手册和技术文档，定期开展员工基础IT技能培训；
- 配合项目团队完成新系统上线前的测试、环境搭建及用户培训工作。
【任职要求】
- 大专及以上学历，计算机相关专业，2年以上IT技术支持或系统维护工作经验；
- 熟悉Windows/Linux操作系统、Active Directory、TCP/IP网络协议及常见办公软件应用；
- 具备较强的故障诊断能力，能独立解决复杂软硬件问题；
- 持有微软认证（如MCSE、MCSA）或华为/思科等网络类证书者优先；
- 具备良好的沟通表达能力和客户服务意识，工作细致认真，具备抗压能力与团队协作精神。",Linux TCP/IP 故障排查 技术文档 培训 技术支持 客户服务,https://jobs.51job.com/suzhou/172948781.html?s=sou_sou_soulb&t=0_1&req=a88cd00643f3192415d1fbe7496b0cc5
弱电工程师,普洛斯投资（上海）,1.2-1.4万·13薪,苏州,常熟,大专,3年及以上,2026-07-07 10:07:39,job51,"1.负责数据中心网络及相关设备的运行维护管理工作；
2.编制弱电专业全年度维护保养计划.维护标准，并监督.协调维保单位实施相关维护内容；
3.负责弱电专业系统及设备的日常巡检及保养，并完成相关表单.台账的建立及维护
4.负责弱电系统及设备的故障处理，隐患排查及后续处理工作；
5.制定弱电专业培训计划，定期对团队成员及代维团队进行技术指导与培训考核
6.执行落本专业设施安全质量.运行管理制度，编写.优化相关操作作业流程文件；",培训,https://jobs.51job.com/suzhou/171182581.html?s=sou_sou_soulb&t=0_1&req=a88cd00643f3192415d1fbe7496b0cc5
自控工程师,智享生物（苏州）,1-1.5万,常熟,常熟,本科,5年及以上,2026-06-22 16:06:32,job51,"一、系统运维
• 负责BMS/EMS/FMS等自控系统日常运行与维护，确保安全稳定连续运行
• 制定点检与预防性维护计划，及时排查隐患、处置故障，保障生产环境受控
二、GMP合规
• 起草修订自控系统GMP文件与记录，确保符合法规及质量、EHS要求
• 管理变更、偏差、CAPA全流程，推动审计缺陷项整改闭环
三、项目与验证
• 参与新建/改造项目自控系统的方案评审、安装督导、调试与验收
• 配合完成IQ/OQ/PQ及CSV计算机化系统验证
四、审计配合
• 配合内审、客户审计及监管检查，提供技术支持与资料
• 完成上级交办的其他工作",系统运维 合规 审计 技术支持 EMS OQ,https://jobs.51job.com/changshu/172638515.html?s=sou_sou_soulb&t=0_0&req=a88cd00643f3192415d1fbe7496b0cc5
海外社媒运营,常熟市恒达纺织品,6-8千,常熟,常熟,大专,1年及以上,2026-07-27 11:54:10,job51,"【工作内容】
1.在常见海外社媒如：TikTok、YouTube、Instagram、Facebook、Twitter、LinkedIn、WhatsApp及相关网站如：公司官网或独立站，阿里巴巴国际站，Google等平台全英文发布公司相关产品和信息；并对客户的询盘进行初步的交流和沟通；
2.负责公司产品宣传册的编辑和制作；
3.负责海外社媒账号矩阵日常运维，明确账号定位、人设风格、内容赛道，制定日/周/月内容发布计划，稳定更新节奏，完成账号养号、权重维护、矩阵布局工作。
4.紧跟海外目标市场热点、平台流行玩法、热门BGM及话题标签，结合产品卖点、用户偏好，独立完成选题策划、脚本撰写、画面拍摄、剪辑包装、字幕配音全流程工作，输出高质量带货短视频。
5.数据优化迭代：每日监控视频播放量、完播率、点赞、评论、转发、涨粉、商品点击、转化率等核心数据，复盘爆款逻辑、低流量视频问题，持续优化选题、脚本、画面、发布时段，提升内容自然流量与转化效率。
6.市场与合规把控：深入调研美国目标市场用户习俗、审美偏好，规避平台违规规则、隐私合规风险（GDPR），保障账号安全稳定运营，无限流、封禁问题。
7.素材沉淀与复盘：搭建品类选题池、爆款素材库、脚本模板库，定期输出内容运营复盘报告，总结爆款规律，沉淀可复用的内容SOP，提升团队内容产出效率。

【任职要求】
1.大专及以上学历，1年以上的工作经验，有一年以上海外网络推广/新媒体推广和运营相关实操工作经验；
2.具有一定的社交媒体推广/网络推广/新媒体推广/品牌推广/专业知识，了解各种网络渠道的传播特征；
3.能熟练运用各海外新媒体平台的推广和涨粉手段，擅长通过各种方式制造话题引发流量爆点；
4.熟悉海外社交媒体，新媒体和短视频平台；
5.有良好的的英语写作能力；
6.熟练剪辑工具，可独立完成短视频拍摄、剪辑、调色、配音，具备优秀的网感和审美能力，能快速捕捉海外热点；
7.性格活泼开朗，工作认真负责，有一定的耐心和创造力；",Go 合规 TikTok YouTube Instagram Facebook Twitter LinkedIn,https://jobs.51job.com/changshu/173049042.html?s=sou_sou_soulb&t=0_0&req=a88cd00643f3192415d1fbe7496b0cc5
行政专员,盛红晔半导体设备（无锡）,5-8千·16薪,常熟,常熟,大专,3年及以上,2026-06-29 09:51:56,job51,"岗位职责：
1、负责日常办公用品的库存管控、采购实施、费用结算等工作，做好费用汇总及分析；
2、负责和IT供应商对接办公室IT相关工作，包括网络，打印机，Microsoft等其他硬件和软件支持；
3、负责公司办公费用的付款、报销以及固定资产与易耗品定期及不定期盘点及处置申报等工作；
4、负责公司工商变更、投融资等相关事宜的处理；
5、负责组织筹备各项会议和商务接待，包含但不限于信息对接、预定、茶水、宴请等安排；
6、负责公司文体活动、节庆活动等的组织策划与落地执行；
7、负责办公环境的环境卫生及安全监督检查工作；
8、领导交办的其他行政事务。

任职要求：
1、3年左右行政类工作经验；
2、熟练掌握Excel，Word，PPT等办公软件；
3、具备良好的沟通协调能力和学习能力、创新意识及落地能力、较强的责任心和服务意识。",ROS 采购 Word,https://jobs.51job.com/changshu/170431438.html?s=sou_sou_soulb&t=0_0&req=f49d555982cf8b408261e0eed1d3716b
注塑上下模,太仓维高模塑,7-9千,太仓,太仓,高中,无需经验,2026-08-07 09:47:13,job51,"【工作内容】
- 负责注塑机的上下模操作，确保模具安装与拆卸的准确性与安全性；
- 协助完成注塑设备的日常维护与检查，保障生产流程的顺利进行；
- 学习并掌握注塑工艺的基本原理及操作流程，逐步提升专业技能；
- 配合生产线其他岗位人员完成产品调试、试产及生产任务；
- 在导师指导下学习注塑模具的结构特点及使用规范，为后续独立操作打下基础；
- 记录生产过程中的异常情况，并及时反馈给相关负责人；
- 参与车间现场管理，保持工作区域整洁有序，符合安全生产标准。
【任职要求】
- 具备高中及以上学历，对注塑行业有浓厚兴趣，愿意长期发展；
- 无需相关工作经验，接受从零开始的学习与培训；
- 具备良好的学习能力与责任心，能够吃苦耐劳，适应轮班工作制；
- 年龄不限，身体健康，具备基本的沟通能力和团队协作精神。
【薪酬福利】
- 提供具有竞争力的薪资待遇，具体面议； 
- 享受五险一金、带薪年假等法定福利； 
- 提供完善的技能培训体系和职业晋升通道。",培训,https://jobs.51job.com/taicang/156108691.html?s=sou_sou_soulb&t=0_0&req=00941f1ae795fb14c09d9e3b1c44580e
IT专员,亚新科双歌驱动技术（苏州）,8千-1.5万,太仓,太仓,大专,2年及以上,2026-06-10 18:59:15,job51,"【岗位职责】
1、负责公司 IT 基础设施运维：服务器、网络设备、电脑、打印机、监控系统、电话系统日常管理、故障排除与维护；
2、ERP/MES 系统运维：系统账号管理、权限配置、日常问题处理、数据备份与恢复，保障系统稳定运行；
3、网络与信息安全：网络架构维护、防火墙策略、病毒防护、数据安全管理、账号安全管控，防范网络攻击与数据泄露；
4、桌面支持：员工电脑软硬件故障处理、办公软件安装调试、IT 问题咨询与培训，提升员工办公效率；
5、IT 资产与采购：IT 设备台账管理、资产盘点、设备采购申请、验收与报废管理；
6、系统与数据管理：定期数据备份、日志审计、系统性能监控，输出 IT 运维报表；
7、协助 IT 项目推进：新系统上线、系统升级、数字化项目实施，配合供应商完成技术对接；
8、有效地完成公司及分管领导安排的其他工作。
【任职要求】
1、大专及以上，计算机 / 信息管理 / 网络工程相关专业；
2、2 年以上制造业 IT 运维经验，汽车零部件行业优先；
3、熟悉 Windows/Linux 服务器、网络设备（交换机 / 路由器）、ERP/MES 系统运维；
4、精通电脑软硬件故障排查、办公软件应用，具备良好问题解决能力；
5、了解网络安全、数据备份与恢复，持有 HCIA/CompTIA A + 等证书优先。",防火墙 Linux 系统运维 培训 采购 审计 故障排查,https://jobs.51job.com/taicang/172504635.html?s=sou_sou_soulb&t=0_0&req=00941f1ae795fb14c09d9e3b1c44580e
IT经理,江苏普洛泰生物科技,1.8-2.3万·13薪,太仓,太仓,本科,5年及以上,2026-07-07 11:00:35,job51,"岗位职责
1.	ERP系统搭建与运维：负责公司ERP系统部署搭建、流程配置、数据初始化、上线实施及日常运维；梳理各部门业务流程，优化系统功能，解决进销存、生产、财务等模块问题，保障系统稳定运行。
2.	服务器及机房管理：负责公司服务器、虚拟化、数据库、机房设备的日常维护、监控、备份、故障排查与安全加固，保障业务系统、数据安全稳定。
3.	负责公司整体网络、办公系统、软硬件设备的运维管理，处理日常IT故障、权限管理、网络优化。
4.	统筹公司信息化建设，根据业务需求推进系统升级、流程优化、数字化改造，完善IT管理制度。

任职要求
1.	5年以上企业IT主管经验，具备独立ERP搭建、实施、运维经验，熟练主流ERP；
2.	精通服务器部署、维护、数据备份、故障处理，熟悉虚拟化、数据库基础运维；
3.	熟悉企业局域网、网络架构、软硬件运维，能独立排查各类IT问题；
4.	具备良好的沟通协调能力，能对接各部门需求，独立推进信息化项目落地；
5.	执行力强、责任心强，有制造业、生物科技行业经验优先。",故障排查 流程优化,https://jobs.51job.com/taicang/172818515.html?s=sou_sou_soulb&t=0_0&req=00941f1ae795fb14c09d9e3b1c44580e
IT工程师,科欧瑞新材料技术（苏州）,9千-1.1万,太仓,太仓,大专,3年及以上,2026-07-23 16:29:09,job51,"职位要求：
1. 独立完成厂区全域IT信息化建设与运维工作。
2. IT基础设施运维：负责服务器、网络设备及终端（PC/打印机/监控/门禁/广播/电话）的全生命周期管理，执行日常巡检、故障诊断与预防性维护，保障业务连续性。
3. 业务系统支撑：主导ERP/MES系统的日常运维，涵盖账号权限体系管理、二次开发（C#/JAVAPHP）流程配置及异常处理；制定数据备份与容灾策略，确保核心系统高可用。
4. 网络安全管控：构建并维护网络安全防御体系，管理防火墙策略与终端杀毒；落实数据安全合规要求，定期开展漏洞扫描与风险评估，防范信息泄露。
5. 终端桌面服务：提供高效的Helpdesk桌面支持，解决软硬件及办公软件故障；编写IT操作指引，开展员工数字化培训，提升整体办公效率。
6. 资产与采购管理：统筹IT资产台账，执行定期盘点；负责设备采购需求梳理、到货验收及报废处置，优化资产配置，控制采购成本。
7. 数据治理与监控：建立系统性能监控机制，执行日志审计与分析；定期输出IT运维分析报告，为管理层决策提供数据支持。
8. 项目协同落地：主导数字化项目（系统上线/升级）的实施，负责需求调研与技术对接，协调供应商资源，确保项目按期交付。
9. 综合事务执行：高效完成上级交办的其他信息化专项任务，具备良好的跨部门沟通与协作能力。",C# Java PHP 高可用 防火墙 漏洞扫描 安全合规 培训 采购 数据治理 审计,https://jobs.51job.com/taicang/173021715.html?s=sou_sou_soulb&t=0_0&req=00941f1ae795fb14c09d9e3b1c44580e
IT信息化专员,知行机器人科技（苏州）,1-2万,太仓,太仓,本科,6-8年,2026-08-04 14:19:49,job51,"岗位职责：
1.信息化规划
统筹 ERP、低代码、费控等核心系统建设与集成，规划数据中台与 AI 应用，适配业务流程优化。
2.数据管理
负责产品数据规范、数据治理与 BI 分析，用数据支撑经营决策。
3.系统运维
处理系统缺陷与故障，对接厂商解决问题，指导业务部门使用。
4.安全与权限
管理账号权限，建立信息安全制度，保障网络、数据与 AI 应用安全合规。
5.硬件与网络
负责电脑、打印机、服务器、网络设备运维与故障排查，定期数据备份。
岗位要求：
1.基本条件
本科及以上，计算机相关专业；6-8 年信息化管理经验，有项目管理证书优先。
2.专业能力
熟悉 ERP/OA/ 低代码 / BI 等系统，具备多系统集成、数据治理、AI 落地能力；掌握网络与硬件运维，了解等保与数据合规。
3.综合素质
战略思维、跨部门推动能力强，能快速学习新技术。
4.加分项
非标制造 / 集团企业信息化经验；ERP+MES 实施经验；持有 PMP/CISP 等证书；有 AI+RPA 落地实践。",流程优化 数据治理 系统运维 安全合规 故障排查 项目管理 合规,https://jobs.51job.com/taicang/171559615.html?s=sou_sou_soulb&t=0_0&req=00941f1ae795fb14c09d9e3b1c44580e
人事主管（偏招聘员工关系方向）,苏州金江电子科技,8千-1.2万,太仓,太仓,本科,5年及以上,2026-08-03 19:51:55,job51,"一、岗位定位：核心工作为招聘及全流程员工关系管理、配套培训、绩效等其他人事行政相关日常工作。
二、岗位职责 
1. 招聘配置与人才储备
负责核心岗位（技术研发、生产管理、质量控制等）与基层岗位（操作工、技术员等）的招聘统筹，建立多渠道招聘网络，优化招聘流程，缩短招聘周期；针对合金材料行业人才特点，构建关键岗位人才储备库，满足公司产能扩张与人才梯队建设需求。 
2. 薪酬绩效与激励管理
强化绩效结果与薪酬、晋升的挂钩机制。 
3. 培训发展与人才培养
结合制造企业岗位需求，制定分层分类培训计划：针对新员工开展入职引导与安全培训，针对生产员工开展技能提升培训，针对管理人员开展领导力培训；建立内部培训师体系与技能传承机制，推动技术经验沉淀，提升团队整体专业能力与安全生产意识。 
4. 员工关系与合规管理
主导员工关系全流程管理，包括劳动合同签订、入职/离职手续办理、社保公积金缴纳、员工沟通机制搭建（含车间一线员工诉求响应）；熟悉《劳动合同法》《安全生产法》等相关法律法规，处理劳动纠纷与工伤事故善后工作，降低用工风险；组织员工关怀活动，提升生产型团队的归属感与稳定性，营造积极和谐的工作氛围。 
5、绩效等其他人事行政相关日常工作及领导安排的工作任务。
三、岗位要求 
1. 硬性要求 
学历专业：全日制本科及以上学历，人力资源管理、工商管理、劳动与社会保障等相关专业优先，持有人力资源管理师（二级及以上）证书优先。 
工作经验：5年以上人力资源工作经验，其中3年以上制造业（优先合金材料、金属加工、机械制造等相关行业）人力资源管理经验，熟悉生产型企业的人力资源管理痛点与实操流程。 
专业能力：精通招聘配置、薪酬绩效、员工关系等核心模块，具备独立搭建人力资源体系的能力；熟悉国家及本地劳动法律法规，有处理劳动纠纷、工伤事故的实操经验。 
工具技能：熟练使用Office办公软件（Excel数据处理、PPT汇报），
2. 软性要求 
职业素养：具备强烈的责任心与结果导向意识，原则性强且富有同理心，能平衡公司利益与员工诉求。 
沟通能力：具备优秀的跨部门沟通协调能力，能高效对接生产、技术、销售等多团队，善于倾听并响应一线员工需求。 
抗压能力：能适应制造企业的工作节奏，面对人员流动、政策调整等突发情况时，具备快速解决问题的能力。",培训 合规,https://jobs.51job.com/taicang/170910770.html?s=sou_sou_soulb&t=0_0&req=00941f1ae795fb14c09d9e3b1c44580e
气体 销售工程师,苏州华业气体制造,5千-1万,太仓,太仓,,2年及以上,2026-08-03 09:51:12,job51,"【工作内容】
1、负责工业气体，实验室气体及化工产品的市场推广，开发新客户并维护现有客户关系；
2、深入分析客户用气需求，提供定制化气体供应方案及价格策略；
3、主导商务谈判与合同签订，协调物流、技术部门确保产品安全交付；
4、跟踪行业动态及竞品信息，定期输出市场分析报告以优化销售策略；
5、处理客户投诉与技术咨询，建立长期稳定的合作渠道与信任关系。

【任职要求】
1、具备化工行业背景优先；
2、熟悉气体特性及化工市场运作模式，有相关资源者佳；
3、拥有2年以上化工产品销售经验，具备优秀的商务谈判能力与抗压能力；",市场推广 商务谈判 技术咨询,https://jobs.51job.com/taicang/173124223.html?s=sou_sou_soulb&t=0_0&req=00941f1ae795fb14c09d9e3b1c44580e
光机工程师,江苏集萃激光智能装备,1.2-1.5万,太仓,太仓,本科,2年及以上,2026-06-25 10:41:09,job51,"岗位职责

1、负责医用激光及精密光学设备的光机系统原型开发与集成，主导整机调试与性能优化。

2、主导精密机械结构、光学组件及运动控制模组的设计、选型与装配工艺规划。

3、负责原型机的快速打样与试制跟进，解决装配、调试过程中的关键技术问题。

4、执行设备现场安装支持与故障排查，提供快速有效的技术解决方案。

5、编写与光机系统相关的设计文档、测试报告及技术手册。

任职要求

1、机械工程、电子工程、光学工程或相关专业本科及以上学历。

2、2年以上光机硬件产品开发经验，有医用激光或精密光学设备开发经历者优先。

3、精通精密机械设计，熟悉光学装调、运动控制，掌握CAD等设计工具。

4、具备电子电器和激光产品开发经验，了解相关安全规范与测试标准。

5、动手能力强，能独立完成系统调试与问题定位，具备快速打样及现场排故能力。

工作地点：江苏太仓与广东东莞均可",故障排查,https://jobs.51job.com/taicang/170151659.html?s=sou_sou_soulb&t=0_0&req=00941f1ae795fb14c09d9e3b1c44580e
网络工程师,上海吉龙运动休闲用品,4-6千,宿迁,宿迁,大专,1-2年,2026-07-03 08:57:25,job51,"1、负责公司网络系统的规划、建设与日常维护，保障网络高效稳定运行； 
2、参与网络架构优化及技术升级，提升整体网络性能与可靠性； 
3、及时响应并处理网络故障，进行问题排查与修复； 
4、协助实施网络安全策略，配合完成安全防护相关工作；
5、熟系数据库的维护 

任职要求： 
1、具备扎实的网络基础知识和实际操作能力，熟悉主流网络设备配置与管理； 
2、了解TCP/IP协议、路由交换技术及网络安全机制； 
3、具备较强的故障分析与解决能力，能独立处理常见网络问题； 
4、具有良好的沟通协作能力，工作认真负责，具备较强的责任心；
5、接受应届生。",TCP/IP,https://jobs.51job.com/suqian/171744746.html?s=sou_sou_soulb&t=0_0&req=0f8ec9910bd7533bc87296d2fa64fc29
网络驻场运维,江苏基久网络科技有限公司业务运营,4.5-5千,宿迁,宿迁,大专,无需经验,2026-06-30 10:26:45,job51,"岗位职责：
1.机房（含精密空调、灭火装置、环境监控系统、门禁系统）、监控室（包含所有监控头）、UPS 配电间、弱电间等硬件设备进行巡查、检修；
2.每天下班后对中心大厅（灯、电）进行巡检；
3.对各楼层的弱电间设备进行统一管理；
4.对中心大楼内办公计算机、电话、打印机日常使用的维护和网络的保障；
5.对机房现有的服务器、存储、防火墙、交换机的日常巡检、故障维修；
6.完成安排的与信息化建设方面相关的其他工作任务，并且能够积极的响应，完成后要将结果进行反馈；
7.做好中心日常接待及假期值班大厅保障工作；
8.完成安排的其他相关工作。
任职要求：
1.计算机相关专业，大专及以上学历；
2.35周岁以下，踏实肯干，具备相关运维经验。",防火墙 UPS,https://jobs.51job.com/suqian/172735194.html?s=sou_sou_soulb&t=0_0&req=0f8ec9910bd7533bc87296d2fa64fc29
项目施工交付工程师,江苏基久网络科技有限公司业务运营,4-8千,宿迁,宿迁,中技/中专,3年及以上,2026-07-27 09:12:55,job51,"一、任职要求
1.学历：中专及以上，通信工程、机电一体化、楼宇智能化、弱电相关专业；
2.工作经验：3 年以上通信、智能化弱电项目施工实操经验，做过综合布线、机房建设、安防监控、FTTR、园区信息化、系统集成类落地项目，熟手成熟人员，不招学徒；
3.年龄：35周岁以下
4.持证要求：持有登高作业证和低压电工证优先录取，有安全员证、通信施工上岗证额外加分。
5.熟知通信、弱电施工安全规范，严格落实登高、用电安全操作规程；
6.服从项目调度，能配合项目阶段性加班；
7.无重大安全事故、无不良用工记录，动手能力强，故障排查效率高；
8.沟通顺畅，可对接甲方、监理、设计对接现场变更。
二、岗位职责
1.精通综合布线：网线、光纤熔接、机柜理线、跳线制作、链路测试，熟练使用光功率计、熔接机、寻线仪等工具；
2.智能化施工：监控、门禁、道闸、楼宇对讲、无线 AP、机房 UPS、弱电桥架管线铺设、设备安装调试；
3.通信配套施工：弱电桥架、穿管预埋、室外管线开挖、立杆、设备上电调试，看懂弱电 / 通信施工图纸；
4.能独立带队小班组作业，按图纸完成现场施工、点位整改、故障排查；
5.能看懂施工图纸、工程量清单，按工期落实现场施工；
6.做好隐蔽工程记录、设备进场清点、施工台账，配合监理验收、竣工报验；7.现场材料管控，合理用料，减少耗材浪费，现场文明施工。
8.熟悉智能化系统如数据机房、云平台、指挥中心、无线WIFI、网络传输、视频监控、紧急求助、公共广播、火灾监控、能源管理、信息发布、车辆管理、人行闸机、门禁、电子巡更、环境监测、智慧灯杆、智慧厕所、智慧垃圾桶、音视频会议、综合布线等等各子系统施工流程及技术要求；
9.对智能化工程的技术把控负责，向实施工人进行技术交底
三、薪酬待遇
1.结合项目实际工作量和个人工作表现，4000-8000元；多劳多得。
2.五险一金。",WiFi 故障排查 FTTR AP UPS,https://jobs.51job.com/suqian/172488186.html?s=sou_sou_soulb&t=0_0&req=0f8ec9910bd7533bc87296d2fa64fc29
