job_name,company_name,salary,work_area,city,education,work_year,issue_date,source,skill_requirements,tech_tags,job_url
功率器件可靠性工程师,上海微谱检测科技集团,6-9千·13薪,苏州·吴江区,苏州,大专,1年,2026-08-07 11:38:49,job51,"岗位职责：
1. 熟悉功率器件静态参数（B1506A机台），动态参数，热阻等特性参数测试并完成数据整理分析（T3ster），熟悉使用功率器件可靠性设备，例如功率循环试验机（杭可、Mentor机台），HTRB、HTGB、H3TRB等等设备。
2. 熟悉功率器件芯片（Si、IGBT、SiC MOSFET）测试方案（双脉冲，短路，浪涌等），具有丰富的功率器件测试及PCB设计和调试经验；
3. 熟练使用直流电源，示波器信号源、功率分析仪，电子负载电压及电流探头等功率测试仪器设备，进行功率器件电学特性测试（B1506A机台）；
4. 可根据客户提供的样品，利用相关测量仪器进行datasheet的测试和编制。
5. 熟悉Mosfet、IGBT、SiC、GaN等功率器件工作原理；
6. 熟悉车规芯片的AEC Q101和AQG324测试标准，且对可靠性部分测试和设备有丰富的经验。",GAN T3ster HTRB HTGB Si IGBT SiC MOSFET,https://jobs.51job.com/suzhou-wjq/173188565.html?s=sou_sou_soulb&t=0_0&req=6749efddb9299b33d1ad530d786b443f
技术工程师,东昇电磁兼容技术（深圳）有限公司苏州,5-8千·13薪,苏州·虎丘区,苏州,本科,2-3年,2026-08-09 12:13:57,job51,"岗位职责：
1、负责公司项目安装调试交付；
2、负责公司项目售前售后支持；
3、学习并解读国际、国内EMC标准；
4、积极配合公司各部门之间项目运转，提供技术支持；

任职要求：
1、本科或以上学历电子技术或电气专业，2-3年工作经验；
2、熟练掌握office办公软件，具有良好的英语读写能力；
3、熟悉EMC测试标准；掌握接收机、信号源、功率计、示波器等仪器的使用；
4、具有良好的时间管理能力和沟通技巧;具备独立工作与团队协作能力;具备独立解决问题及问题总结的能力;具备执行主管或经理安排的多项任务的能力。

福利待遇:
1、试用期即缴纳五险一金
2、过节福利、定期体检、年底双薪、年终奖金
3、周末双休、国家法定节假日
4、满一年享有10天带薪年假，往后累计***可享17天带薪年假
5、每年薪资普调
6、其他各类员工活动，包括但不限于员工旅行、下午茶、年饭抽奖等......

上班地点：苏州
工资：面议",技术支持,https://jobs.51job.com/suzhou-hq/173172584.html?s=sou_sou_soulb&t=0_0&req=6749efddb9299b33d1ad530d786b443f
电气开发工程师,立臻科技（昆山）,1-2万,昆山,苏州,大专,3年及以上,2026-08-07 14:37:39,job51,"【工作内容】
1、负责集成电路或电子产品的电气原理图设计、PCB布局及电路仿真验证；
2、主导核心模块的硬件开发，完成元器件选型、电路调试及功能测试工作；
3、协同软件与结构团队解决系统级电磁兼容问题，优化产品电气性能指标；
4、编写并维护详细的技术文档，包括设计规范、测试报告及生产作业指导书；
5、跟进样机试产过程，分析并闭环解决量产阶段出现的电气异常与可靠性问题。

【任职要求】
1、大专及以上学历，电子信息工程、微电子或相关专业，具备扎实电路理论基础；
2、精通模拟/数字电路设计，熟练掌握Altium Designer等EDA工具及常用测试仪器；
3、拥有3年以上电子行业硬件开发经验，熟悉半导体工艺特性及信号完整性处理；
4、具备良好的逻辑思维能力与问题分析能力，能独立承担项目模块攻关任务；
5、工作严谨细致，责任心强，具备良好的跨部门沟通协作能力及抗压素质。",功能测试 技术文档,https://jobs.51job.com/kunshan/173191380.html?s=sou_sou_soulb&t=0_0&req=6749efddb9299b33d1ad530d786b443f
硬件开发工程师,苏州弘远电气,1.5-2.5万·15薪,苏州·吴江区,苏州,本科,3年及以上,2026-08-07 11:53:59,job51,"岗位职责：
1、负责控制类硬件开发 
2、按照产品需求与规格书制定硬件设计方案，完成器件选型与计算，电路设计与调试 
3、根据规格书及技术方案，完成原理图设计 
4、配合结构、PCB工程师等完成产品结构及PCB设计 
5、进行产品的测试与调试，保证其能够按照设计正常运行 
岗位要求：
1、本科以上 电力电子、自动化等相关专业 
2、能够独立完成硬件原理图设计及计算，熟悉使用PADS等绘图软件；
3、积极向上，团队合作能力、沟通能力、执行力强，能够独立解决产品的市场应用问题.",技术方案,https://jobs.51job.com/suzhou-wjq/173188899.html?s=sou_sou_soulb&t=0_0&req=6749efddb9299b33d1ad530d786b443f
硬件研发工程师（电源方向）,苏州矽凯力科技,3-3.5万·14薪,苏州·苏州工业园区,苏州,本科,6年及以上,2026-08-07 17:07:18,job51,"【工作内容】
1、负责硬件电路原理图设计、PCB布局及元器件选型，确保方案满足性能与成本指标；
2、主导样机调试与测试，解决信号完整性、EMC等关键技术问题并优化产品稳定性；
3、编写硬件设计文档、测试报告及技术规范，配合软件团队完成系统联调与交付；
4、跟进量产导入过程，协同供应链处理物料异常，持续改进生产工艺以提升良率。

【任职要求】
1、电子工程、通信或相关专业本科及以上学历，具备扎实的模拟/数字电路理论基础；
2、精通Altium Designer或Cadence等EDA工具，熟悉高速电路设计及常用芯片应用；
3、拥有6年以上硬件研发经验，有半导体或消费电子项目落地成功案例者优先；
4、具备良好的逻辑分析能力与问题解决技巧，工作严谨细致，能适应项目节点压力。",供应链,https://jobs.51job.com/suzhou-gyyq/173195217.html?s=sou_sou_soulb&t=0_0&req=6749efddb9299b33d1ad530d786b443f
ECD工程师,信创智能科技（苏州）,1-1.5万,昆山,苏州,大专,2年及以上,2026-08-07 16:26:08,job51,"岗位职责：
1、负责电梯电气控制系统（ECD）的硬件设计，包括电气原理图绘制、电气部件选型及系统配置。
2、参与电梯控制器的嵌入式软硬件开发，熟悉基于C/C++的程序设计及电路板设计流程。
3、负责电梯产品的可靠性分析、电气故障排查与现场调试支持。
4、制定电气产品标准，优化系统设计，确保现有产品稳定运行。
5、编写产品规格说明书、技术文档及接线指导文件。
任职要求：
1、大专及以上学历，电气自动化、机电一体化、电子信息等相关专业。
2、2年以上电梯行业电气设计或调试经验，熟悉电梯控制技术及行业标准。
3、熟练使用CAD等电气绘图软件，能独立完成电气图纸设计。
4、了解嵌入式系统（如EV-ECD01控制系统）基本原理，具备C/C++基础者优先。
5、熟悉各品牌电梯控制技术，具备现场故障分析与处理能力。
加分项：
1、有电梯控制器（如ECD控制器）实际开发或调试经验。
2、熟悉串行通信系统（SCL）及变频控制技术",C++ 故障排查 技术文档 ECD SCL,https://jobs.51job.com/kunshan/173194159.html?s=sou_sou_soulb&t=0_0&req=6749efddb9299b33d1ad530d786b443f
DIP工程师,江苏凯能宏光电子,8千-1万,苏州·吴江区,苏州,大专,2年及以上,2026-08-07 09:42:39,job51,"【工作内容】
1、负责DIP自动化产线的设备调试、参数优化及日常运行维护，确保生产效率达标；
2、主导SMT与DIP制程的异常分析，快速定位并解决焊点质量、元件贴装等工艺问题；
3、协同研发与品质部门导入新产品，完成试产验证、BOM核对及作业指导书编制；
4、持续监控产线良率数据，实施防错机制，推动工艺流程改进以提升直通率；
5、管理备品备件库存，定期执行设备预防性保养计划，保障设备稼动率稳定。

【任职要求】
1、大专及以上学历，电子工程、自动化或机械相关专业，具备两年以上PCBA制造经验；
2、精通DIP波峰焊、选择性焊接工艺，熟悉SPI、AOI等检测设备原理及操作规范；
3、熟练掌握常用办公软件，能独立编写工艺文件，具备基础的数据分析与报告能力；
4、具备良好的现场问题解决能力，抗压性强，能适应倒班工作制及生产紧急需求；
5、持有IPC-A-610或相关电子组装认证者优先，具有团队协作精神及良好沟通素养。
6、精通三防和测试设备调试",SPI 数据分析 A-,https://jobs.51job.com/suzhou-wjq/173185386.html?s=sou_sou_soulb&t=0_0&req=6749efddb9299b33d1ad530d786b443f
pcb layout工程师,上海文洲信息科技,8千-1.2万,苏州·苏州工业园区,苏州,大专,3年及以上,2026-08-07 10:55:35,job51,"【工作内容】
1、负责机械及重工设备控制系统的PCB原理图审核与Layout设计，确保信号完整性；
2、独立完成多层板布局布线，优化电源分配网络（PDN）并解决电磁兼容（EMC）问题；
3、协同硬件工程师进行样机调试，分析并解决高频干扰、散热及结构干涉等工程问题；
4、输出规范的Gerber文件、BOM表及生产资料，跟进PCB打样及量产过程中的工艺对接。

【任职要求】
1、电子类相关专业大专及以上学历，具备3年以上工业控制或高功率设备Layout经验；
2、精通Altium Designer或Cadence等EDA工具，熟悉高速电路设计及阻抗匹配原则；
3、深入理解安规标准与EMC设计规范，能独立处理复杂电磁干扰及热管理方案；
4、具备良好的文档编写能力与跨部门协作意识，能适应项目节点压力及现场技术支持。",文档编写 跨部门协作 技术支持 PDN EMC,https://jobs.51job.com/suzhou-gyyq/173187431.html?s=sou_sou_soulb&t=0_0&req=6749efddb9299b33d1ad530d786b443f
嵌入式软件工程师,苏州市悠越电子,1.2-2.4万,苏州·高新区,苏州,本科,5年及以上,2026-08-07 13:39:12,job51,"负责汽车氛围灯控制系统的核心软件开发，确保产品与车辆网络无缝集成。具体工作包括： 
1、嵌入式软件开发：基于MCU（微控制器）平台，使用C语言进行氛围灯控制软件的设计、编码和调试。 
2、总线通信集成：实现CAN和LIN总线通信协议，负责氛围灯与车辆ECU（电子控制单元）的数据交换和命令处理。 
3、系统架构设计：参与软件架构规划，优化代码性能、功耗和可靠性，确保符合汽车行业标准（如AUTOSAR或功能安全要求）。 
4、测试与验证：进行单元测试、集成测试和实车测试，排查软硬件问题，确保产品稳定性和安全性。 
5、跨团队协作：与硬件工程师、测试工程师紧密合作，完成软硬件联调和技术文档编写。 
6、技术升级：跟踪汽车电子新技术，持续改进氛围灯功能（如动态效果、OTA升级等）。

要求：
1、 有单片机开发经验，偏软件，熟悉常用的开发工具，有一定的单片机编程经验；
2、 熟练掌握汇编语言和C语言；
3、5年以上相关经验。",MCU C语言 CAN 单片机 汇编 技术文档,https://jobs.51job.com/suzhou-gxq/173189877.html?s=sou_sou_soulb&t=0_0&req=6749efddb9299b33d1ad530d786b443f
嵌入式软件工程师（苏州）,铭剑电子（南昌）,1.2-2万·13薪,苏州·苏州工业园区,苏州,本科,3年及以上,2026-08-07 13:08:09,job51,"岗位职责
1）根据系统或产品功能要求，负责嵌入式程序开发；
2）负责上位机软件开发和自动测试程序；
3）协助系统整体调试、测试。
任职要求
1）统招本科及以上学历，电子、通信、测控、控制、软件、自动化等相关专业；
2）熟悉嵌入式系统，3年以上嵌入式软件开发经验；
3）具备FPGA/硬件电路设计/软件开发能力者优先；
4）熟悉测试系统软件开发者优先。
本岗位需要配合客户项目出差提供技术支持。",FPGA 技术支持,https://jobs.51job.com/suzhou-gyyq/173189472.html?s=sou_sou_soulb&t=0_0&req=6749efddb9299b33d1ad530d786b443f
电子电器产品国际认证项目经理,通标标准技术服务有限公司苏州,1.2-2万,苏州,苏州,本科,3年及以上,2026-08-07 11:28:18,job51,"看看你的工作内容：
1、熟悉电子电器产品安规、EMC、能效产品全球市场准入认证的法规及标准要求；
2、负责与客户高效对接，精准输出符合客户需求的认证方案，并全程统筹认证项目的推进与管理，确保项目有序开展；
3、协调内部及外部合作方资源，搭建高效协作机制，保障认证项目严格按照计划推进；
4、及时协调并解决项目执行过程中的各类问题，确保项目如期交付，提升客户满意度；
5、持续追踪海外电子电气产品相关法规动态，深入研究法规更新内容并进行专业解读与梳理，为公司业务开展及客户服务提供合规支持。


我们希望你是：
1、本科及以上学历，理工科相关专业优先；
2、3年及以上工作经验，具备第三方电子电器多国准入相关岗位工作经验或电子电器制造商合规岗位工作经验者优先考虑。
3、CET-6及以上，具备良好的英语听说读写能力，能熟练处理英文法规资料及客户沟通事宜；
4、具备优秀的项目统筹与协调能力，具备较强的问题分析和解决能力；
5、具备良好的沟通能力、执行能力和抗压能力，工作严谨负责；
6、具备良好的客户服务意识和团队合作精神。",客户服务 合规 客户沟通 EMC CET-,http://sgs.51job.com/jobDetail.html?id=173188295
电子工程师,迈胜医疗设备,1.2-1.8万·15薪,昆山,苏州,本科,2年及以上,2026-07-20 14:30:14,job51,"1.	负责产品中PCBA的原理图设计、元器件选型与PCB Layout设计；完成电路板的调试与性能测试，输出测试报告，确保设计满足功能、可靠性与电磁兼容（EMC）要求。
2.	维护现有系统中电子物料（BOM、原理图、PCB文件、Gerber等）及相关系统技术资料；执行设计变更流程，进行技术文件的升版、发布与归档。
3.	处理PCBA外协生产及元器件采购过程中的技术问题；与供应商沟通，解决试产及量产中的工艺、测试、失效分析等问题。
4.	对系统运行中出现的电子相关故障进行快速定位、分析原因并给出解决方案；必要时前往客户现场或生产现场提供技术支持。
5.	参与新产品/新技术的预研工作，完成概念验证电路设计、搭建实验平台并输出评估报告。
6.	完成领导交办的其他工作事项。

岗位要求
1.	全日制本科及以上学历，电子工程、自动化、生物医学工程（电子方向）或相关专业。
2.	2年以上PCBA设计开发经验，有完整的产品生命周期经验（从原理图到量产）。具备医疗设备、质子/放疗设备、大型影像设备或高可靠性工业设备开发经验者优先；
3.	熟悉PCB制造工艺、SMT组装流程及常见失效模式，具备可制造性（DFM）设计意识。
4.	熟悉主流ARM、DSP、FPGA芯片，熟练掌握cadence、altium等主流EDA 软件的使用；
5.	熟练使用示波器、万用表、频谱分析仪、信号发生器等测试仪器，具备独立调试和故障定位能力，了解电磁兼容（EMC）与安规设计基础。
6.	良好的技术文档编写习惯，具备良好的跨部门沟通能力，具有较强的责任心与抗压能力。",ARM DSP FPGA 性能测试 采购 技术支持 技术文档,https://jobs.51job.com/kunshan/172971124.html?s=sou_sou_soulb&t=0_0&req=6749efddb9299b33d1ad530d786b443f
电子工程师,苏州硕贝德通讯技术,1.2-1.8万,苏州·相城区,苏州,本科,3年及以上,2026-07-30 13:23:23,job51,"工作地点：可按意愿选惠州或苏州
【岗位职责】
1、负责电子产品硬件方案设计，原理图绘制、PCB Layout 设计，器件选型、BOM 编制与物料评估；
2、开展硬件样机调试、电气性能测试、可靠性验证，输出硬件测试报告，定位电路故障；
3、主导硬件相关评审：原理图评审、PCB DFM 评审、EMC/安规预评估；
4、能够看懂底层寄存器、通信协议，配合解决软硬件交互问题；
5、跟进NPI样机问题整改，分析硬件失效根因，输出改善方案；
6、对接结构、采购、测试团队，支撑产品迭代、ECN 变更评估；
7、搭建硬件测试平台，使用各类仪器完成电源、信号、通信等指标测试。

【任职要求】
1、本科及以上，电子信息、电气工程、自动化等相关专业；
2、3 年以上电子产品硬件研发经验，独立完成完整项目硬件开发；
3、熟练使用 AD/PADS/Cadence 等软件进行原理图、PCB 设计；掌握模拟 / 数字电路基础；
4、熟练使用示波器、信号源、电源、万用表等仪器，具备独立硬件调试与故障分析能力；
5、具备整机硬件测试方案设计能力，熟悉硬件可靠性、电气性能测试方法；
6、基础软件能力：能看懂 C 语言、了解 MCU 基础原理、UART/I2C/SPI 等通信协议，可以配合软件开展软硬件联调（无需独立开发复杂固件）；
7、了解 EMC、安规基础知识；具备良好文档输出与跨部门沟通能力。",MCU UART I2C SPI 方案设计 性能测试 采购 产品迭代,https://jobs.51job.com/suzhou-xcq/170363499.html?s=sou_sou_soulb&t=0_0&req=6749efddb9299b33d1ad530d786b443f
电子工程师,贸联电子（昆山）,1-1.8万,昆山,苏州,本科,3-8年,2026-06-30 10:33:48,job51,"1. 学历：本科 or 以上 电子/电气/计算机
2. 经历：3~8 年经验
3. 专长：
a.熟悉NB or 拓展坞 or Type C Charger 硬件设计
b. 熟悉Type C USB/DP HDMI RJ45高频设计以及规范，有USB4 &amp; Thunderbolt 3/4/5设计经验尤佳
c. 熟悉电子器件 选/运用，有实际产品Cost Down经验尤佳
d. 熟悉UL/EMC安规.
e. 良好的沟通能力以及撰写报告能力，以及团队精神",or a. Type Charger USB DP HDMI Thunderbolt,https://jobs.51job.com/kunshan/170092498.html?s=sou_sou_soulb&t=0_0&req=6749efddb9299b33d1ad530d786b443f
电子工程师,苏州世纪福智能装备,1-1.8万·13薪,苏州·高新区,苏州,本科,2年及以上,2026-07-22 15:13:55,job51,"1. 根据客户的测试要求和公司制定的测试方案，选型和推荐电子元器件、测试仪器、电子线路设计，经过批准后负责设计电子线路板设计、元器件采购、生产和质量控制等有关工作的技术管理，及时解决和上报电子及相关的技术问题，分析根本原因并提出预防改善建议。
2. 负责按时保质在预算范围内完成设计，执行ECN流程，项目设计相关资料及时更新和归档。
任职条件
1. 全日制本科及以上学历，电子、通信工程，计算机硬件及相关专业, 2年以上硬件设计开发经验；
2. 掌握数字电路设计，有信号采集,放大,滤波,整形,ADC,DAC,Buck-Boost等常用电路设计经验优先。
3. 使用过STM32等ARM嵌入式系统及外围电路的设计和调试，如I2C, UART, USB, SPI, Ethernet等总线，熟练使用示波器等常用测量仪器设备；
4. 掌握一种电路设计软件包括Layout，如Cadence, Mentor, AD,Pads Pro等， Cadence 优先；
5. 学习能力强优先。",STM32 ARM I2C UART SPI 采购,https://jobs.51job.com/suzhou-gxq/158458069.html?s=sou_sou_soulb&t=0_0&req=6749efddb9299b33d1ad530d786b443f
电子工程师,苏州宝之成电器,1-1.5万·13薪,苏州·吴中区,苏州,大专,3年及以上,2026-06-25 15:43:13,job51,"1. 产品硬件开发
负责厨房家电（如电饭煲、电磁炉、破壁机、烤箱、洗碗机等）的硬件方案设计，包括数模电路原理图绘制、元器件选型、PCB Layout，需重点考虑成本控制、空间布局适配性以及厨房高温、高湿、电磁干扰等特殊环境的稳定性。
完成样机制作与硬件调试，解决上电、功能、稳定性等测试中出现的故障，保障产品满足安全与性能标准。
2. 嵌入式固件开发与联调
针对厨房家电的核心功能（如温度控制、功率调节、程序运行逻辑、触控/按键交互）编写嵌入式固件程序，完成MCU/单片机底层驱动、应用层逻辑开发。
开展软硬件联调工作，配合软件、结构团队验证产品功能，确保触控灵敏度、温控精度、运行时序等指标达标。
3. 安全与合规测试
主导厨房家电的安规测试、EMC测试、可靠性测试，需符合GB 4706.1（家用电器安全标准）等国家/行业标准要求。
针对测试中出现的漏电、电磁干扰、高温保护失效等问题，制定整改方案并推动落地，输出合格的测试报告。
4. 量产支持与问题解决
配合生产部门完成产品试产与量产，输出BOM清单、生产工艺指导书、测试工装方案，优化产线测试流程，提升生产良率。
快速响应量产及售后环节的电子类故障（如死机、功能失灵、部件烧毁等），分析根因并提供有效的解决方案。
5. 文档与技术协作
编写并归档产品硬件设计文档、固件版本说明、测试报告等技术资料，确保可追溯性。
与结构、工业设计、采购、品控等跨部门协作，同步技术需求，解决设计冲突，保障项目按进度交付。
6. 技术迭代与优化
跟踪厨房家电领域的新技术、新元器件（如节能芯片、智能传感器、无线通信模块），推动现有产品的性能升级、功耗优化或功能拓展。",MCU 单片机 方案设计 成本控制 合规 采购 跨部门协作,https://jobs.51job.com/suzhou-wzq/172690110.html?s=sou_sou_soulb&t=0_0&req=6749efddb9299b33d1ad530d786b443f
电子工程师,苏州嘉励自动化科技,1.2-1.7万·13薪,昆山,苏州,本科,3年及以上,2026-08-06 14:26:08,job51,"岗位职责：
1、负责产品原理图及PCB Layout设计、元器件选型、PCBA打样与电气性能验证；
2、负责STM32等主流单片机平台的嵌入式软件开发、调试及外设驱动开发；
3、负责产品开发阶段的软硬件联调与测试验证，解决研发及量产过程中的电子相关问题；
4、编制产品相关技术文档（原理图、配线图、BOM、Gerber文件等）；
5、协同生产、品质等部门完成量产导入、测试工艺优化及电子检验规范制定；
6、参与行业前沿电子技术调研与预研，推动产品硬件升级与技术创新。
任职要求：
1、35岁以内，本科及以上学历，电子、自动化等相关专业；
2、3年以上电子工程相关工作经验，能独立完成产品开发；
3、精通模电、数电，具备复杂电路设计能力；
4、熟练使用Altium Designer等PCB设计软件，掌握PCB Layout及信号完整性知识；
5、精通STM32单片机及外设开发，熟练使用Keil、IAR，掌握C语言；
6、具备软硬件联调能力，了解EMC/安规设计规范；
7、有机器视觉、光源控制器、传感器相关产品开发经验者优先。",STM32 单片机 C语言 技术文档 BOM IAR,https://jobs.51job.com/kunshan/173176480.html?s=sou_sou_soulb&t=0_0&req=6749efddb9299b33d1ad530d786b443f
电子工程师,昆山联滔电子,1-1.5万,昆山,苏州,大专,3年及以上,2026-07-29 08:49:13,job51,"岗位职责 ：
1.日常MP电子产品失效分析&amp;改善；
2.产品DOE验证
2.新专案NPI产品性能改善；
3.NPI日常不良品分析以及提供英文报告；
4.A客户报告整理及输出；
5.测试工装软硬件开发；

任职资格：
 1.大专及以上学历；
2.电子应用相关专业；
3.具备电路硬件分析相关工作经验，有A产品经验者优先；
4.有硬件开发能力优先；
5.具备英语读写能力；
6.沟通能力较强；
7.接受集团内国内外出差；",amp,https://jobs.51job.com/kunshan/172991864.html?s=sou_sou_soulb&t=0_0&req=6749efddb9299b33d1ad530d786b443f
电子工程师,苏州微清医疗器械,1-2万·13薪,苏州·苏州工业园区,苏州,本科,3-4年,2026-07-13 08:11:05,job51,"岗位职责：
1. 负责电子相关元器件选型，产品PCB原理图开发设计以及具体电路设计和仿真分析；
2. 负责系统结构设计，电气安规,EMC整改；
3. 负责电路中信号放大逻辑设计、噪声分析处理；
4. 参与撰写产品手册等相关技术文档。
任职要求：
1. 统招本科及以上学历，电子信息科学专业相关；
2. 具有至少3年以上工作经验，具有医疗器械背景，有实际参与医疗器械检验经验为佳；
3. 熟练掌握电路的调试工具的使用，如示波器，频谱仪，网络分析仪等；
4. 熟悉FPGA开发流程和原理，并进行硬件电路的设计和优化；
5. 能熟练使用Altium designer，MultiSIM等常用软件；
6. 了解系统结构设计，具有质量和流程开发意识，产品寿命，可靠性，环境测试，老化实验等整改；
7. 有较强的责任心及良好的团队协作能力、沟通能力，善于学习。",FPGA 技术文档 designer,https://jobs.51job.com/suzhou-gyyq/120884503.html?s=sou_sou_soulb&t=0_0&req=7d67ed4774eed58a3182abb3379e360f
硬件电子工程师,苏州市英硕精密电子,1-1.6万,常熟,苏州,本科,5年及以上,2026-06-16 08:59:10,job51,"1、新项目评估阶段，协助PM对客户提出的电气部分的功能实现，进行可行性评估，并给出建议;
2、根据客户功能输入及CAS输入，与光学工程师、研发工程师沟通配合，初步确定电子电路部分的设计方案;设计电路原理图、初步确定各电子元器件电器参数、整理初步BOM表、依据PCB尺寸图，进行PCBLayout，对电路进行CAE仿真、热力学部分CAE模拟，产出CAE模拟报告;
3、根据客户功能输入及CAS输入，解读新项目要求的汽车电子电路部分的行业标准、初步规划本项目涉及的(包括在第三方)进行的具体检测检验项目内容，并将其安规要求在设计电路时综合考虑进去，完善产品性能，确保产品符合安规标准要求;
4、负责新项目PCBA样品制作与性能测试验证，并整理成报告;
5、根据客户功能输入，完成产品(通讯)程序部分所需功能的嵌入式开发、功能验证与优化;文件及程式及时归档;
6、完成上级主管交代的日常事务。",性能测试,https://jobs.51job.com/changshu/172567324.html?s=sou_sou_soulb&t=0_0&req=7d67ed4774eed58a3182abb3379e360f
电子工程师,苏州欧畅医疗科技,8千-1.6万,苏州·高新区,苏州,本科,3年及以上,2026-07-30 14:29:32,job51,"岗位职责：
1、基于TwinCAT2/TwinCAT3 的软件调试和开发，了解EhterCAT、ADS通讯协议；
2、嵌入式系统开发：基于STM32单片机等平台进行固件编程，实现产品功能；
3、负责项目的电控方案评估、电气图纸设计、电器元器件选型、电气BOM表、I/O表的制定和调试等工作；
4、负责设备所用运动控制卡/器和伺服马达调试、与项目团队成员配合实现设备工艺调试应用；
5、负责新研发设备的电气工艺相关的装配工艺文件编写、培训、改善及效果跟踪确认；
6、负责产品电气维护与持续改善，产品开发过程中相关文档资料的制作、整理、归档；
7、与供应商、采购、计划、生产等相关人员的技术及进度沟通；
8、编写生产工艺文件，指导生产线完成产品组装与调试。
9、解决生产中的技术问题，优化工艺流程，提高生产效率。

任职要求：
1、本科及以上学历，机械电子工程、电子工程、自动化、通信工程等相关专业。
技能要求
2、硬件技能：精通模拟电路、数字电路设计，熟悉PCB设计规范，具备EMC/EMI设计经验。
3、软件技能：熟练掌握C/C++/ST语言，熟悉单片机开发（如STM32、51系列）。
4、经验要求
①2年以上硬件开发经验，有医疗行业项目经验者优先。
②熟悉硬件开发流程，具备从需求分析到产品量产的全流程经验。
③问题解决能力：能够快速定位并解决硬件设计、生产中的问题。
④学习能力：跟踪电子技术发展趋势，持续学习新技术、新工具。
⑤沟通能力：具备良好的团队协作精神，能够与跨部门团队有效沟通。
责任心：对产品质量负责，注重细节，确保设计符合规范与标准。
5、其他要求
①熟悉13485等质量管理体系者优先。",STM32 单片机 C++ 培训 采购 需求分析 合规,https://jobs.51job.com/suzhou-gxq/170529378.html?s=sou_sou_soulb&t=0_0&req=7d67ed4774eed58a3182abb3379e360f
电子工程师(J10039),天臣国际医疗科技,1.5-2万·14薪,苏州·苏州工业园区,苏州,本科,3年及以上,2026-07-08 16:56:40,job51,"工作职责:
1. 根据项目开发计划和进度节点要求，配合部门负责人或高级工程师完成工作输出；
2. 按照设计开发控制程序要求，负责产品电子部分的设计风险分析、方案设计、原理图、Layout、调试、验证工作；
 1) 负责设计与开发技术资料的编制（包括PCBA开发、子系统开发，BOM表、贴片工艺制定等）；
 2) 负责产品开发过程中电子部分DHF文件编制，并配合完成型检、注册资料的准备以及审评补正的整改材料等；
 3) 负责产品设计电子部分PCBA打样，调试，测试，解决异常和问题；
 4) 负责产品电子部分产品质量改善和稳定，并完成物料承认；
 5) 实施产品电子部分手板、实验室样品、硬件性能等各阶段测试验证，撰写测试方案，完成测试并形成报告；
 6) 参与对供应商能力和交付的评估，协助确定供应商；
 7) 协助电子部分设计风险分析和产品实现全过程的风险管理活动；
3. 研究周边和竞品的专利，实施模块性创新方案，完成专利布局，参加内部分享及创新创意讨论和输出；
4. 负责重要已上市产品的电子部分的维护和质量稳定工作；
5. 严格遵守公司设计开发相关管理及操作规程，满足与质量和环境管理体系相关的工作要求；
6. 完成上级交办的其他事务；
任职资格:
1. 本科及以上学历，电子工程、自动化等相关专业（硕士优先）
2. 3年以上硬件/控制板开发经验，有医疗产品开发或编程能力者优先
3. 具备进度管理、文档编写能力，英语听说读写良好，学习能力强
4. 专业技能：
 1) 掌握PCBA设计、MCU选型、电机驱动设计、电源设计、EMC及电气安全设计
 2) 熟练使用主流EDA设计软件，以及焊接设备、示波器、逻辑分析仪、频谱仪等工具
 3) 有独立完成硬件开发并成功上市的经验
 4) 了解锂电池特性、电机驱动（如TI DRV系列）、ADC/DAC精密电路及各类MCU处理器",MCU 方案设计 产品设计 风险管理 专利 进度管理 文档编写,https://jobs.51job.com/suzhou-gyyq/172136018.html?s=sou_sou_soulb&t=0_0&req=7d67ed4774eed58a3182abb3379e360f
电子工程师,苏州雷格特智能设备,1.8-2.5万,苏州·吴中区,苏州,本科,3年及以上,2026-07-16 12:37:46,job51,"一、岗位职责：
1、完成电路原理图设计，电路标准化执行，PCB Layout 设计及评审。
2、负责或参与物料选型，执行物料设计标准化，提高设计可靠性，实现成本最优设计。
3、硬件电路调试，及时解决项目设计缺陷问题，配合软件工程师进行调试或设计方案改进。
4、负责项目推进，跟进产品打样，试产，量产及解决生产制造问题和客户端反馈问题。
5、负责SOC周边扩展模块的设计（数字电路扩展和模拟电路采样）。
6、负责拟制和审核项目开发过程相关文件。

二、任职要求：
1、大专及以上学历，电子信息工程，工业自动化及相关专业，能够熟练使用 PADS 或Allegro 进行高速PCB走线设计。
2、熟练掌握数字，模拟电路设计，三年以上 嵌入式硬件原理图设计和高速PCB设计经验，熟练掌握高速信号（DDR,EMMC,USB,摄像头接口）等电路PCB设计，并能解决电路中的干扰问题。具备EMC电路知识，能够解决板级EMC问题。
3、熟悉RK、NXP、全志等品牌的SOC解决方案，熟悉SOC和摄像头电路设计，有过视觉产品硬件开发经验优先考虑。
4、熟练使用常用的测量工具如万用表，示波器，逻辑分析仪，频谱分析仪，并能够通过示波器，逻辑分析仪测量信号，并能够根据测量结果分析设计缺陷。
5、具备良好的学习，专研能力，技术文档归类和写作能力，善于沟通交流。
6、具有智能硬件行业经验者优先。",技术文档 PCB Layout PADS DDR EMMC USB NXP,https://jobs.51job.com/suzhou-wzq/172933348.html?s=sou_sou_soulb&t=0_0&req=7d67ed4774eed58a3182abb3379e360f
电子工程师,科诺美（北京）科技有限公司苏州,1.5-2.5万,苏州·吴江区,苏州,本科,3年及以上,2026-07-27 09:41:18,job51,"专业及学历：电子、仪器仪表、自动化等相关专业本科及以上学历

3年以上相关工作经验


1. 熟悉ARM、DSP等相关嵌入式软硬件开发设计；

2. 熟练使用各类嵌入式软硬件开发工具；

3. 精通C语言；

4. 积极、乐观，具有团队精神，具有良好的沟通能力和抗压能力。


岗位职责：

1. 产品的硬件方案设计，原理图和PCB设计，嵌入式软件设计；

2. 产品开发过程中的电路及嵌入式软件调试；

3. 撰写相关设计文档，编制产品的电路调试及检验工艺；",ARM DSP C语言 方案设计,https://jobs.51job.com/suzhou-wjq/171145983.html?s=sou_sou_soulb&t=0_0&req=7d67ed4774eed58a3182abb3379e360f
电子工程师,苏州汶颢微流控技术,1.3-1.5万,苏州·苏州工业园区,苏州,本科,2年及以上,2026-07-30 09:39:52,job51,"【工作职责】
1.负责电子产品硬件电路设计与开发，包括原理图绘制、PCB布局及元器件选型负责分析检测类仪器的电路控制系统的设计方案规划，并执行开发；
2.负责硬件设计，芯片选型，原理图设计以及PCB加工跟踪以及硬件调试，参与嵌入式系统调试与测试，完成产品功能验证及性能优化；
3.负责样机试制阶段所有工作，包括样机物料采购，制作，实验测试，样机评审等工作，负责小批试产前的技术资料准备工作，包括产品电路原理图，BOM，PCB板图，关键元器件检验方法，生产工艺指导（测试）等；
4.配合软件团队进行软硬件联调，解决技术问题并撰写相关文档；
5.根据项目需求完成样机制作、批量生产技术支持及后期维护；
6.跟踪行业新技术动态，参与研发创新方案的设计与实施。
【任职要求】
1.本科及以上学历，电子工程、自动化、通信等相关专业优先；
2.熟悉模拟/数字电路基础理论，掌握Altium Designer/Cadence等至少一种EDA工具；
3.熟悉单片机原理与开发、电路原理和PCB的设计分析、嵌入式系统软件编写调试，具备单片机（如STM32/MSP430）或ARM平台开发经验者优先考虑；
4.有弱信号高速测量与数据处理经验或医疗器械诊断设备开发经验者优先聘用，掌握C语言编程能力，了解RTOS/Linux系统开发流程；
5.具备良好的电路分析能力，能独立进行数字电路及模数混合电路的设计，拥有良好的逻辑思维与动手能力，能独立分析并解决问题；
6.工作细致严谨，具备较强的学习能力和团队协作意识；
【薪资待遇】
1、薪资结构：底薪（面议）+提成+奖金+期权；
2、享受社会保障（五险一金）；
3、享受法定带薪假期（婚假、生育、陪产、丧假、年休假）；
4、定期举办各种活动（春游、年会等）
5、享受各种津贴、补贴、节日慰问金、福利品；
6、政府优租房保障。
职位福利：五险一金、绩效奖金、包吃、带薪年假、弹性工作、员工旅游、节日福利",单片机 STM32 ARM C语言 RTOS Linux 采购 技术支持,https://jobs.51job.com/suzhou-gyyq/170100447.html?s=sou_sou_soulb&t=0_0&req=7d67ed4774eed58a3182abb3379e360f
电子工程师,苏州雅睿生物技术,1.2-2万,苏州·苏州工业园区,苏州,本科,3年及以上,2026-07-13 14:10:20,job51,"岗位职责
1.独立完成产品硬件电路原理图、PCB设计，调试和验证工作;
2.负责高精度多通道温控模块（Peltier 驱动）、多光谱荧光信号采集电路（光电二极管 / APD、AFE、高速 ADC）、电机 / 液路驱动、电源管理模块的原理图设计、器件选型与 BOM 编制；
3.PCB 工程实现：完成 PCB 布局布线，兼顾模拟 / 数字隔离、信号完整性（SI）、电源完整性（PI）及热设计，输出 Gerber 文件，把控多层高速板设计质量；
4.调试与验证：搭建硬件测试方案，开展功能、性能、可靠性（高低温、振动、湿热）、EMC/EMI 及安规（IEC 60601-1）测试，输出测试报告并完成问题整改；
5.编写开发文件，整理归档;
6.领导交代的其他事宜。

任职要求
1.本科及以上学历，电子电路、电气自动化、通讯类相关专业;
2.3年以上电路设计开发经验，有 IVD 医疗设备、qPCR 仪、分子诊断设备开发经验者优先;
3.具备完整产品从研发到量产的全流程经验，有从 0 到 1 开发案例者优先；
3.精通模拟 / 数字电路设计，具备微弱荧光信号（μV/nA 级）放大、采集电路设计经验，掌握精密运放、高速 ADC/DAC、PWM 控制等技术;
4.熟练使用 Altium Designer、Cadence、PADS 等 EDA 工具，能独立完成原理图设计、PCB Layout 及电路仿真（LTspice 等）;
5.熟悉医疗设备安规标准（GB 4793-2024、GB/T 42125.1-2024、GB/T 42125.2-2024及YY 0648-2008）、EMC/EMC 设计与整改流程，具备相关测试经验。",SPI Peltier APD AFE ADC BOM PCB SI,https://jobs.51job.com/suzhou-gyyq/172887227.html?s=sou_sou_soulb&t=0_0&req=7d67ed4774eed58a3182abb3379e360f
电子工程师,翌胜电子（苏州）,7千-1.3万,苏州·苏州工业园区,苏州,大专,3年及以上,2026-07-17 09:59:57,job51,"【工作内容】
1、负责电源产品设计与开发，包括电路原理图设计、PCB布局及性能优化；
2、 新机种研发，线路图制作，BOM制作，电气特性调试；
3、老机种维护，产线异常处理，重工指示确认，BOM确认，安规报告确认；
4、业务与客户资料和问题回复；
5、代用料的测试确认整改；
6、上级交办的其他事项。
【任职要求】
- 电子工程、电气工程或相关专业专科及以上学历；
- 熟悉模拟电路、数字电路设计，具备基本的电源知识；
- 有良好的逻辑思维能力与问题解决能力，具备团队协作精神；
- 对新技术有较强的学习兴趣，能适应快节奏的工作环境。",产品设计,https://jobs.51job.com/suzhou-gyyq/172944837.html?s=sou_sou_soulb&t=0_0&req=7d67ed4774eed58a3182abb3379e360f
电子工程师,东南大学苏州医疗器械研究院,1.5-2.5万·14薪,苏州,苏州,本科,3年及以上,2026-07-21 15:27:49,job51,"岗位职责：
1、理解项目需求，设计电路方案；
2、设计电路原理图及PCB；
3、硬件电路的测试及调试；
4、提出电路控制程序的需求，配合嵌入式软件工程师进行程序的调试和测试；
5、编写相关的测试报告文档；
6、完成上级交办的其他工作。
任职要求：
1、机电工程、自动化等相关专业；
2、本科以上学历，3年及以上工作经验，或硕士以上学历，1年及以上工作经验；
3、具备良好的硬件调试测试基础，能够独立解决硬件开发中的问题；
4、熟悉数字电路设计基本原理，熟悉基于ARM架构下的MCU硬件开发；
5、熟练使用Cadence、DXP、Altium Designer、Protel 99se等EDA工具；
6、熟练使用示波器等测试设备；
7、具有较好的英语阅读能力，能够阅读相关的英文资料； 
8、具有良好的团队合作意识和沟通能力，以及文档编辑能力；
9、有医疗器械EMC整改经验优先。",ARM MCU DXP Altium Designer Protel,https://jobs.51job.com/suzhou/172988218.html?s=sou_sou_soulb&t=0_0&req=7d67ed4774eed58a3182abb3379e360f
中级电子工程师,耀视（苏州）医疗科技,1.5-2万·13薪,苏州·虎丘区,苏州,本科,1-2年,2026-06-16 09:39:01,job51,"岗位职责	
1.负责产品硬件方案设计、原理图设计、PCB 设计，完成器件选型、BOM 编制与成本优化。
2.完成电路仿真、样机调试、测试验证，解决硬件开发中的信号、电源、EMC/EMI 等问题。
3.参与产品需求评审、方案评审、试产跟进，对接生产、质量等部门，保障量产稳定性。
4.对样品进行性能测试，使其性能满足设计要求。
5.关注最新的产品技术发展方向，进行专利规避。
6.产品试生产，量产，售后出现的各种电子相关问题进行处理。
7.电子系统设计，测试方案，技术文档撰写等工作。
8.配合机械，光学，软件等其他领域的工程师共同开发产品。
9.根据医疗器械设计相关法规，根据法规要求实现产品的电子系统设计。
10.负责产品量产化工作，制定量产化工艺标准，协助量产产品顺利进入生产轨道。
任职资格	
1.统招本科及以上学历，985/211理工科院校。电子、通信、自动化、电气等相关专业。
2. 1-2年以上同岗位工作经验。
3.熟悉模拟电路、数字电路、电源电路设计，能独立完成原理图与 PCB 设计。
4.熟练使用至少一种 EDA 工具：Altium Designer/Cadence/PADS/KiCad 等。
5.熟悉常用接口：UART、I2C、SPI、CAN、USB、以太网等，具备调试能力。
6.有量产产品开发经验、EMC / 安规设计、电源设计经验等。
7.工作认真，积极主动解决问题。
8.具备良好的文档习惯、问题分析与解决能力、团队沟通与协作能力。",UART I2C SPI CAN 方案设计 性能测试 专利 技术文档,https://jobs.51job.com/suzhou-hq/170899585.html?s=sou_sou_soulb&t=0_0&req=7d67ed4774eed58a3182abb3379e360f
QE工程师,苏州丹鹤自动化科技,6-8千,苏州·高新区,苏州,大专,3年及以上,2026-08-07 14:37:42,job51,"岗位职责
1、质量管理体系维护：负责 ISO9001/IATF16949 体系日常维护，完成内部审核、客户审核、第三方审核对接，跟进不符合项整改闭环，更新检验规范、控制计划等质量文件。
2、全流程质量管控：负责来料 IQC、制程 IPQC、成品 OQC 质量管控；监督首件、巡检、末件执行；处置来料、生产现场质量异常，做好不合格品隔离、评审、处置，避免批量质量事故。
3、质量问题改善：主导内部异常、客户投诉、客退问题处理；运用 8D、5Why、QC 七大手法做根因分析，制定纠正预防措施，跟进改善落地，完成问题闭环；输出 8D 改善报告给到客户。
4、质量数据分析：统计良率、不良率、报废、客诉等质量数据，编制质量周报 / 月报，识别质量风险，推动持续改善，降低不良与客诉率。
5、供应商质量协同：协助采购开展供应商质量评估、来料异常推动供应商整改，必要时参与供应商现场稽核。
6、新品质量跟进：参与新产品试产，识别质量风险，输出质量相关要求，跟踪试产问题整改，支撑产品顺利转量产。
7、质量培训宣导：对检验员、生产人员开展质量标准培训，提升全员质量意识，完成上级交办其他工作。

【任职要求】
1、大专及以上学历，机械、自动化、电子或计算机相关专业，具备扎实理论基础；
2、熟悉ISO9001体系及SPC、FMEA等质量管理工具，拥有3年以上相关岗位经验；
3、具备相关制造业（如3C消费电子、汽车电子、半导体、机械等）的质量管理或测试工作经验；
4、具备优秀的跨部门沟通协调能力，能够推动研发、生产、采购等部门协同解决复杂质量问题；
5、工作严谨细致，责任心强，具备敏锐的质量风险意识和抗压能力；
6、具备良好的文字表达能力，能独立撰写高质量的质量分析报告及体系文件。",数据分析 采购 培训 ISO9001 IATF16949 IQC IPQC OQC,https://jobs.51job.com/suzhou-gxq/173191381.html?s=sou_sou_soulb&t=0_0&req=7d67ed4774eed58a3182abb3379e360f
SQE工程师,苏州汉瑞森光电科技,1-1.5万,苏州,苏州,本科,3年及以上,2026-08-08 13:22:05,job51,"【工作内容】
1、负责电子/半导体供应链来料质量管控，主导供应商制程审核与现场异常处理；
2、执行 IQC 进料检验标准制定，针对批量不良发起 8D 报告并追踪整改闭环；
3、协同研发与采购部门，推动新供应商导入评估及现有供应商年度绩效改进；
4、监控产线物料质量数据，分析良率波动原因，输出专项改善方案并落地实施。

【任职要求】
1、本科及以上学历，电子工程、材料科学或相关专业，具备 3 年以上 SQE 经验；
2、精通 ISO9001/IATF16949 体系，熟练掌握 8D、SPC、MSA、FMEA 等质量工具；
3、熟悉半导体封装测试或电子元器件特性，能独立解读图纸与技术规格书；
4、具备优秀的跨部门沟通协调能力，抗压性强，适应快节奏项目交付环境。",供应链 采购 IQC SQE ISO9001 IATF16949 SPC MSA,https://jobs.51job.com/suzhou/173199215.html?s=sou_sou_soulb&t=0_0&req=7d67ed4774eed58a3182abb3379e360f
热管工程师,昆山进达科技,1-1.2万,昆山,苏州,大专,3年及以上,2026-08-07 15:11:40,job51,"1.有3年以上热管工程师工作经验
2.熟悉sop、bom、样品、承认书
3.能配合公司加班,按公司要求与主管要求完成工作；
4.大学专科或以上电子专业毕业者为佳；

职位福利：绩效奖金、节日福利",bom,https://jobs.51job.com/kunshan/173192239.html?s=sou_sou_soulb&t=0_0&req=7d67ed4774eed58a3182abb3379e360f
IE工程师,苏州华之杰电讯,20-25万,苏州·吴中区,苏州,大专,5年及以上,2026-08-07 11:23:54,job51,"岗位职责
1.主导新产品可制造性设计评审，过程风险识别，产品工艺
过程设计，组织团队进行产品过程设计评审，识别过程风险
并制定预防管控措施，完成产品工艺策划;
2.主导制程异常问题处理，工艺变更管控，推动制程工艺优
化和持续改善，提升生产品质与效率;
3.基于项目进度，准备产品所需生产资料(文件/工治具等),
试产异常问题收集与分析处理，主导试产总结会议召开，追
踪并推动试产问题点的改善闭环;
4.参与或主导新工艺、新材料、新设备、新客户、新产品、新供应商的导入，及后续需求的推动与执行
5.参与新产品报价，主导效率达成，UPPH提升

岗位要求
1.5年以上PCBA行业经验，精通DIP，组装工艺
2.精通NPI导入流程，主导NPI导入，并对NPI问题点进行总
结及跟进直至问题的关闭
3.有工艺创新、制程品质改善相关工作经验，主导制程异
常、QA批退异常、客户端异常等异常的分析与改善
4.有较强的责任心，沟通能力及团队精神，有较强的压力承
受能力
5.大专以上学历，英语可作为工作语言
6.熟悉 ISO9001.IATF16949标准
7.熟练使用IE七大手法、八大浪费、5W1H、PDCA
SPC、FMEA、QCP、MSA、APQP等工具",ISO9001. PDCA SPC FMEA QCP MSA,https://jobs.51job.com/suzhou-wzq/173188180.html?s=sou_sou_soulb&t=0_0&req=7d67ed4774eed58a3182abb3379e360f
pcb设计工程师,苏州绿的谐波传动科技,1-1.5万,苏州·吴中区,苏州,本科,3-5年,2026-08-08 16:22:16,job51,"岗位职责
1.负责伺服驱动器控制板、功率板、PCB全流程设计；协同硬件工程师、进行设计评审，确保PCB满足电气性能、散热及可靠性要求；解决PCB设计中EMI/EMC问题，针对Layout导致的性能缺陷进行整改与提升。

任职要求
精通Altium Designer等EDA设计工具，具备6层板 设计能力，有变频器、逆变器、电源等产品设计并量产经验者优先。",产品设计,https://jobs.51job.com/suzhou-wzq/173200205.html?s=sou_sou_soulb&t=0_0&req=7d67ed4774eed58a3182abb3379e360f
项目工程师（线束）,苏州恒美电子科技,1.2-1.8万,苏州·吴江区,苏州,大专,5年及以上,2026-08-08 15:57:52,job51,"岗位职责：
1、负责汽车线束新项目全生命周期管理，包含项目立项、开发、样件、试产、量产、项目关闭，按照 APQP 五大阶段推进项目落地，制定项目计划、节点管控、风险跟踪。
2、具备出色的项目规划、组织、协调与执行能力，能够制定详细的项目计划，合理分配资源，确保项目按时、高质量交付。熟练使用项目管理工具，如 MS Project等，善于运用项目管理软件进行项目进度跟踪、风险管理及资源调配，定期输出精准的项目报告，为项目决策提供有力依据。
3、具备良好的沟通能力，与客户、供应商、跨部门团队（研发、生产、质量、售后等）保持高效沟通，协调各方需求，推动项目进展。
4、 直接对接主机厂客户，澄清技术需求、对接技术评审、响应客户问题，高效维护客户关系，完成客户各项认可审核。
5、持有 PMP（项目管理专业人士资格认证）证书，熟练掌握项目管理知识体系，能将 PMP 理念与项目实践紧密结合，保障项目管理的规范性与科学性。

任职要求：
1、大专及以上学历，电气工程、电子信息工程、机械工程、材料科学等相关专业；
2、5年以上汽车线束项目管理经验，具备完整的新项目从立项到SOP量产落地经验，有完整的项目周期管理经历，从项目启动、规划、执行、监控到收尾；
3、熟悉汽车行业的开发流程，如 APQP、PPAP 等，精通 APQP 等质量管理工具的运用，了解 IATF16949 质量管理体系在项目中的应用。对汽车零部件的集成、测试、验证等环节有深入理解和实践经验；
4、具有深厚的汽车行业背景优先，熟悉主流汽车品牌的供应链体系、生产制造模式以及市场竞争格局，有新能源汽车高低压线束项目经验，熟悉主流主机厂（比亚迪、吉利、小鹏、理想、新势力等）体系者优先。",项目管理 风险管理 供应链 APQP MS PMP PPAP IATF16949,https://jobs.51job.com/suzhou-wjq/173200056.html?s=sou_sou_soulb&t=0_0&req=e49b4aa449c86e621c6861b923983cb9
采购工程师,苏州泰科贝尔科技,7-9千,苏州·吴中区,苏州,大专,3年及以上,2026-08-08 16:54:01,job51,"职位职责描述：
1，负责机大理石和电子料品类采购订单的全流程跟踪（包括议价，订单追踪，异常处理等），确保物料按时交付。
2，根据公司业务以及市场环境的变化及时调整供应商和物料管理策略，分析、优化供应平台，总结问题点，保障供应。
3，协助品质部门处理重大品质异常
4，与其他相关业务部门的沟通、协调事项
完成上级安排的其他采购工作

人员条件需求：
1，大专以上学历，22-35岁，机械制造业，自动化行业；
2，熟练使用office 软件，熟悉采购流程&amp;ERP系统操作
3，具备良好的沟通、协调能力；",采购 amp,https://jobs.51job.com/suzhou-wzq/173200378.html?s=sou_sou_soulb&t=0_0&req=e49b4aa449c86e621c6861b923983cb9
电子工程师(科研仪器研发）,苏州华萃仪器,8千-1.5万·13薪,苏州·相城区,苏州,本科,5年及以上,2026-08-05 10:12:31,job51,"岗位职责
硬件研发与设计：负责公司分析仪器（XPS/UPS/AES 等）电子控制系统、模电 / 数电板卡的方案设计、原理图绘制、元器件选型与 BOM 维护。
PCB 与工艺对接：独立完成 PCB 布局指导 / 审核，兼顾信号完整性、EMC 与量产工艺；对接产线解决焊接、装配、测试相关技术问题。
样机试制与调试：配合研发完成样板制作、焊接、调试与性能验证；使用示波器、万用表、信号发生器等仪器独立排查硬件故障。
NPI 与量产导入：主导新品从样机→小试→量产的技术导入；编写 / 优化 SOP、测试规范与工艺文件，跟进试产、解决量产异常。
质量与技术支持：负责产品电子部分的可靠性测试、不良品分析与设计优化；为生产、测试、售后提供技术支持，推动直通率与稳定性提升。
文档与协同：规范整理设计资料、测试报告、变更记录；与机械、软件、测试团队高效协作，保障项目节点交付。
任职要求
学历专业：本科及以上学历，电子信息工程、电气工程、自动化、机电一体化等相关专业；5 年及以上电子硬件研发 / 调试 / NPI 经验。
专业技能：
精通模拟电路、数字电路基础，能独立完成常用功能电路设计与调试；
熟练使用 Altium Designer/Cadence 等工具，能独立绘制原理图、PCB Layout；
熟悉常用电子元器件特性、选型与替代，了解 SMT / 波峰焊工艺；
熟练使用示波器、万用表、电源、逻辑分析仪等调试工具，动手能力强。
经验加分：
有分析仪器、医疗设备、工业控制、测试测量仪器硬件经验优先；
有激光 / 光学仪器、精密仪器电子控制经验优先；
具备完整NPI 新品导入、工艺优化、量产问题攻关经验优先。
综合素养：工作严谨细致、责任心强，具备良好的问题分析与解决能力；沟通协作顺畅，能适应项目节奏。
公司福利
五险一金、带薪年假、法定节假日、节日福利、年度体检；
研发氛围纯粹，技术导向，重视人才培养与内部晋升；
团队稳定、办公环境良好，直接参与高端分析仪器国产化项目。",方案设计 技术支持 XPS UPS AES BOM PCB EMC,https://jobs.51job.com/suzhou-xcq/172337896.html?s=sou_sou_soulb&t=0_0&req=e49b4aa449c86e621c6861b923983cb9
研发—电子工程师,苏州博印芯科技,1.5-2.5万·13薪,苏州·苏州工业园区,苏州,本科,5-10年,2026-08-05 10:34:51,job51,"岗位职责：
1. 负责公司相关产品（聚焦压电喷墨打印相关）硬件方案的设计、开发与优化，包括原理图设计、PCB Layout、元器件选型等核心工作；
2. 独立完成4层及以上PCB板的设计、调试、验证工作，确保PCB板的性能、可靠性及可生产性；
3. 熟悉压电喷墨打印头驱动架构，负责打印头驱动电路的设计、调试，解决驱动过程中的硬件技术问题；
4. 负责电源电路、打印机数据接口（如USB、以太网等）的硬件选型、设计与调试，保障接口稳定性和电源供电可靠性；
5. 配合软件、测试等相关部门，完成产品硬件集成测试、性能优化及问题排查，推进产品迭代升级；
6. 整理硬件设计文档、测试报告、BOM清单等，规范设计流程，保障设计成果的可追溯性；
7. 关注行业硬件技术动态，引入新技术、新器件，提升产品硬件性能和竞争力。

任职要求：
1. 学历要求：本科及以上学历，硕士优先，电子信息工程、通信工程、微电子、自动化等相关专业；
2. 工作经验：本科5-10年，硕士3-5年硬件研发相关工作经验，有压电喷墨打印设备相关硬件设计经验者优先；
3. 核心技能：能独立完成4层及以上PCB板设计，精通Altium Designer等PCB设计工具，熟悉压电喷墨打印头驱动架构优先；
4. 专业能力：精通电源电路（线性电源、开关电源等）、数据接口的硬件选型、设计与调试，具备扎实的模拟电路、数字电路、STM32单片机开发基础；
5. 综合素质：具备较强的问题分析和解决能力，工作严谨细致，有良好的沟通协调能力和团队协作精神，能承受一定的工作压力；
6. 其他：熟悉硬件测试流程和方法，能独立完成硬件样品调试和性能验证者优先。",STM32 单片机 产品迭代 PCB Layout,https://jobs.51job.com/suzhou-gyyq/173156352.html?s=sou_sou_soulb&t=0_0&req=e49b4aa449c86e621c6861b923983cb9
电子工程师,苏州锦联星科技,1.5-2.5万,苏州·苏州工业园区,苏州,本科,5年及以上,2026-08-06 08:20:37,job51,"工作职责：
1、根据客户需求，跟客户确定硬件方案，完成前期评估；
2、根据项目开发节点，完成硬件相关的开发计划编制；
3、负责电子元器件的选型，原理图设计，仿真，PCB layout Gerber等文档输出；
4、样件的制作、测试、整改；
5、主导完成EMC等相关电子实验；
6、制定电子模块部分的BOM表和DFMA；
7、配合项目经理，商务对客户的技术支持工作；
任职资格
1、	教育背景：本科及以上
2、	工作经历：5年以上电子相关工作经验，其中至少2年以上汽车灯具电子经验；
3、	业务与知识要求：熟悉IATF16949相关流程，熟悉本专业相关基础知识
4、	能力素质要求：能胜任公司和客户交给的任务，并与内部项目小组成员共同协作，完成内外部客户的要求。并对本专业又较强的认知，丰富的知识储备，能查找并解决专业相关问题。需要时出差解决问题。
5、	计算机技能：Word Excel等常用工具，电子软件Altium Designer、Cadence、Eagle等",技术支持 PCB layout Word Designer Cadence,https://jobs.51job.com/suzhou-gyyq/167260598.html?s=sou_sou_soulb&t=0_0&req=e49b4aa449c86e621c6861b923983cb9
高级电子工程师,顺达电子科技（苏州）,1-1.2万,苏州·吴江区,苏州,大专,5年及以上,2026-07-08 09:52:20,job51,"任职要求：
1、大专及以上学历，应用电子相关专业，5年以上工作经验；
2、熟悉Pack制造行业，具备产品开发、制程设计及生产经验者优先；
3、具备电子电路及单片机设计经验者优先；
4、熟练使用Protel、Altium Designer、SOLIDWORKS、Office等软件；
5、掌握DOE 、Minitab 、SPC、FMEA等分析工具。

工作内容：
1、开发与验证新产品制造工艺，分析失效样品、提升产品质量和生产效能；
2、负责新产品设备选型及工装夹具工艺验证；
3、解决PACK生产中的技术及质量问题，提出指导和改善方案；
4、焊接/Hot bar制程的设计；
5、有意向配合泰国短期出差更佳。",单片机 Altium Designer SOLIDWORKS Minitab SPC Hot,https://jobs.51job.com/suzhou-wjq/172832542.html?s=sou_sou_soulb&t=0_0&req=e49b4aa449c86e621c6861b923983cb9
电子工程师,光彩芯辰（浙江）科技,1-1.5万,苏州·虎丘区,苏州,本科,1年及以上,2026-08-06 15:34:55,job51,"岗位职责
1. 硬件方案调试与测试
（1）总体与详细调试和测试： 负责高速光模块（如100G/400G/800G等）的模块测试和调试计。
（2）PCBA级别的调试：在资深电子工程师的知道下，进行PCBA级的电路调试，替代料验证测试。
（3）器件选型与评估： 负责光器件及相关IC的评估、选型，并输出详细的验证报告。
2. 调试、测试与验证
（1）样机调试： 在高级硬件工程师的指导下并完成样机的硬件电路调试、软硬件联调以及整机调试。
（2）验证方案制定： 执行验证方案，执行验证用例，整理验证分析报告。
（3）仪器使用： 熟悉使用各类高速仪器仪表进行相关测试。
3. 项目推进与量产支持
（1）新产品导入（NPI）： 为新产品的设计验证（DVT）、生产验证（PVT）等阶段提供技术保障，确保产品具备可制造性。
（2）转产与维护： 为新产品转产及后期生产制造提供必要的技术支撑，持续改进产品工艺。
4. 技术攻关与问题解决
（1）技术评审： 参与关键项目评审，检查电路方案设计。
（2）问题排查： 辅助产品在研发、试生产及客户端出现的技术问题，进行失效分析、定位并推动解决。
5. 文档与规范建设
文档输出： 审核并编写项目相关的技术文档、产品规格书、验证报告等。

岗位要求：
1. 学历与专业背景
学历要求： 通常要求本科及以上学历
专业要求： 电子工程、光电信息工程、通信工程、物理、微电子、自动化等相关专业。
2. 工作经验
（1）年限要求： 一般要求具备1年以上相关工作经验或优秀的应届毕业生
（2）项目经验： 具备高速光模块（如100G/400G/800G/1.6T等）的硬件设计、量产开发及成功交付经验；有主导高技术含量项目或大厂送样验证经验者优先。
3. 核心专业技能
（1）电路与硬件设计： 全面掌握高速数字电路、高频模拟电路、数模混合电路及电源（DC/DC、激光器驱动等）设计原理；具备丰富的EMC/EMI兼容性设计及可靠性设计经验。
（2）EDA与仿真工具： 熟练使用主流PCB设计软件（如Cadence、Altium Designer、Protel等）进行原理图及Layout设计；掌握信号完整性（SI）和电源完整性（PI）原理，有仿真经验者优先。
（3）协议与规范： 熟悉光模块相关协议（如SFF-8472、SFF-8636、MSA等）及光通信协议（如IEEE 802.3等）。
测试与调试： 熟练掌握示波器、误码仪、光谱仪、频谱仪等专业高频测试仪器的使用，具备复杂环境下的系统调试、失效分析及优化能。
语言能力： 能够熟练阅读英文技术资料及文献，具备良好的英文读写能力。
4. 综合素质与软技能
（1）问题解决能力： 具备高超的独立解决问题能力，能对研发、试产及客户端出现的重大技术问题提供专业意见和根本改善措施。
（2）沟通与团队协作： 具备优秀的跨部门沟通协调能力，能推动项目进度；有指导初中级工程师、技术培训及团队建设经验者优先。
（3）抗压与责任心： 工作结果导向，具备极强的责任心，能够适应高强度、快节奏的工作环境。",方案设计 技术文档 培训 NPI DVT PVT DC Altium,https://jobs.51job.com/suzhou-hq/173178543.html?s=sou_sou_soulb&t=0_0&req=e49b4aa449c86e621c6861b923983cb9
硬件电子工程师,苏州人旺企业管理咨询,1.5-2.5万·15薪,苏州,苏州,本科,5年及以上,2026-06-30 11:11:47,job51,"工作内容：
1.负责产品硬件开发（电路设计、器件选型、电路原理图、PCB Layout制作）
2.负责产品的功能评价
3.负责产品问题解析及处理
4.负责项目推进
5.负责相关部门的沟通协作
岗位要求：
1.全日制本科以上学历，通信、电子相关专业，精通模电数电，能独立进行产品设计
2.5年以上年电子产品硬件研发经验，有传感器、PLC等产品设计经验优先
3.精通硬件设计软件，有原理图、多层PCB设计经验",产品设计 PCB,https://jobs.51job.com/suzhou/167915933.html?s=sou_sou_soulb&t=0_0&req=e49b4aa449c86e621c6861b923983cb9
电子工程师,苏州格润德电气,2-3万·13薪,苏州·相城区,苏州,本科,5年及以上,2026-07-25 09:40:25,job51,"岗位职责:
1、参与新产品方案设计，进行产品可行性分析
2、确认电控设计可靠性
3、评审定电子方案，检查审核供应商产品是否符合公司需求
职位要求:
1、本科及以上学历
2、软件及硬件
3、熟悉认证标准，如IEC、UL、3C、BS等
4、小家电、清洁家电经验优先
5、有EMC认证经验优先",方案设计 UL,https://jobs.51job.com/suzhou-xcq/172663153.html?s=sou_sou_soulb&t=0_0&req=e49b4aa449c86e621c6861b923983cb9
电子工程师,苏州欧圣电气,1.5-2.5万·15薪,苏州·吴江区,苏州,本科,4年及以上,2026-06-29 16:29:03,job51,"岗位职责：
1、根据新产品设计意向，制定新产品电子方面开发计划等；
2、负责新产品的预研并组织评估评审，确定研发项目，制订研发方案；
3、根据产品的项目要求，负责新产品电子部分的硬件设计，对核心技术和关键工序进行技术关；主动积极将新技术、新器件、新方案引入新产品设计，并完成样机制作； 
4、负责研发项目的实施和过程分析，对样机、试制、小批量、量产全过程的质量和进度进行管控；
5、亲自参与产品试用并深入产品试用一线，掌握产品的首用试用信息，通过改进设计方案、降本等措施，实现产品的持续优化；
6、负责电子元器件选型，电路图、PCB等的设计、绘制、调试、更改、发放、回收、存档等工作；负责BOM、规格书等资料的建立、审核、输出、更改及通知；负责开模前评估，试模检讨以及试产和模具验收； 
7、参与生产订单的评审与BOM审核；
8、负责产品维护，分析、解决生产过程中出现的技术问题，并做好相关分析报告；处理生产异常及模具异常，准确迅速的分析问题并解决，与其他部门沟通顺畅。


任职要求：
1、本科以上学历，4年以上电子产品开发经验； 
2、掌握电子产品设计的基本知识与技能，有过整机设计方面的经验，从事吸尘器或园林工具产品相关工作者优先； 
3、熟悉电路设计、生产、品质控制等方面知识，熟练使用Altium等软件绘制原理图和PCBLayout； 
4、具备模数电路、电子元器件基础知识，熟悉各电子元件的性能、选型依据等；
5、了解EMC与电子设计安规的基本要求、了解电子生产相关测试要求；
6、熟悉新产品设计流程。熟悉ISO9001质量管理体系的相关知识，有过医疗产品风险评估和管理经验，了解ISO13485或QSR820医疗产品质量管理体系者优先；
7、拥有嵌入式编程经验、熟练使用C语言；熟悉RENESAS单片机者优先;
8、积极向上，正能量，做事执着，抗压能力强，不轻言放弃；具有团队合作精神。",C语言 单片机 产品设计,https://jobs.51job.com/suzhou-wjq/172728252.html?s=sou_sou_soulb&t=0_0&req=e49b4aa449c86e621c6861b923983cb9
高级电子工程师,苏州世纪福智能装备,1.5-2.5万·13薪,苏州·高新区,苏州,本科,5年及以上,2026-07-22 15:14:02,job51,"岗位职责
1、独立负责电子电路原理图设计和PCB Layout，包括模拟/数字电路、信号采集、放大、滤波、整形、ADC/DAC、Buck-Boost、电源管理等复杂电路设计。
2、设计并调试STM32/ARM等嵌入式系统及外围电路（I2C、UART、USB、SPI、Ethernet），具备底层固件开发和调试能力优先。
3、参与公司内部标准测试平台的研发，能够独立提出电路优化和改进方案。
4、对电路可测试性、可靠性和信号完整性有深入理解，并能在设计中实现。
任职要求
1、本科及以上学历，电子、通信或相关专业，5年以上硬件设计经验，有复杂项目经验优先。
2、熟悉电子电路设计和嵌入式系统开发，多层PCB设计、信号完整性、电源管理经验加分。
3、熟练使用常用电子测试仪器（示波器、逻辑分析仪、信号源等）。
4、有功能测试电路设计、仪器研发经验者优先。
5、英文读写能力良好，具备分析和解决复杂技术问题的能力。",STM32 ARM I2C UART SPI 功能测试,https://jobs.51job.com/suzhou-gxq/151408315.html?s=sou_sou_soulb&t=0_0&req=e49b4aa449c86e621c6861b923983cb9
电子工程师/电气生产工程师,苏州贝林激光,7千-1.2万,苏州,苏州,本科,2年及以上,2026-07-03 10:58:30,job51,"岗位职责：
1、根据生产计划，完成激光器控制单元的生产，测试；
2、电路控制部分故障处理；
3、参与电子元器件替代选型验证、样品测试及供应商技术对接;
4、编制电子相关技术文档、生产工艺文件及检验标准协助其它部门提供电气技术支持；
5、解决产品生产、售后环节的电子类技术问题
6、配合研发人员完成研发项目分配任务；
7、上级交办的其他任务。

任职要求：
1、熟悉模拟和数字电路相关知识；
2、熟悉常用电子元器件使用规范；
3、熟练使用万用表、示波器、函数信号发生器等测试仪器；
4、熟练使用工作时用到的烙铁、剥线钳、压线钳等工具，生产技能优秀；
5、需熟练使用办公软件，喜欢6S整理，擅长沟通，做事细心，有耐心，重视团队合作。",技术文档 技术支持,https://jobs.51job.com/suzhou/172782229.html?s=sou_sou_soulb&t=0_0&req=e49b4aa449c86e621c6861b923983cb9
电子工程师,沃弗（大连）人力资源,2-4万·14薪,苏州,苏州,本科,5年及以上,2026-06-25 15:10:39,job51,"大型上市企业 正式岗位，免费食宿 
1.电子类、计算机类、自动化类及其它相关专业，有电路设计经验优先
2.设计Debug方法，熟练结合原理图推理分析异常点
3.熟悉电子产品功能测试和可靠性测试，了解SMT等生产流程
熟练DMM,Oscilloscope,LCR,AP,Logic Analysis等电子仪器4.
5.熟悉Xray，CT，Lapping，De-cup，SAT，CSA，LIT等微观分析方法",功能测试 Oscilloscope LCR AP Logic CT Lapping De-cup,https://jobs.51job.com/suzhou/172689129.html?s=sou_sou_soulb&t=0_0&req=e49b4aa449c86e621c6861b923983cb9
电子工程师,顺达电子科技（苏州）,1-1.2万,苏州·吴江区,苏州,大专,5年及以上,2026-07-22 11:43:55,job51,"任职要求：
1、大专及以上学历，5年以上电子电路相关工作经验；
2、具备扎实的电子电路理论基础，可独立完成电路分析与故障排查；
3、熟练使用电子设计相关软件及 Office 办公软件。

工作内容：
1、客户规格书确认与反馈；
2、线路及布线确认；
3、G-IC 及 P-IC参数设定及确认；
4、电池保护板不良分析；
5、试产不良品分析确认；
6、电子料件选型及验证；
7、参与产品试产及找出潜在会造成电池不良的因素；
8、跨部门合作与技术讨论。",故障排查 G-IC P-,https://jobs.51job.com/suzhou-wjq/173000174.html?s=sou_sou_soulb&t=0_0&req=e49b4aa449c86e621c6861b923983cb9
高级电子工程师,苏州联讯仪器,1.5-2.5万·13薪,苏州·高新区,苏州,本科,5年及以上,2026-07-16 15:29:33,job51,"工作职责
1)负责产品硬件电路设计（偏模拟DC电源类）工作及产品的硬件调试及相关测试鉴定工作；
2)编写产品开发需求、技术方案；
3)根据产品设计要求，负责电路方案可行性分析及验证，器件选型，原理图和PCB绘制；
4)帮助客户解决实际使用过程中的各类问题。

任职资格
1）大学本科以上学历，电子相关专业，5年以上硬件开发经验，能独立设计及调试，具备半导体老化测试经验者优先；
2）能够熟练使用Cadence/Pads等工具进行原理图和PCB设计；
3）熟练运用ST MCU，精通低噪放、运放横流源、高精度电压电流数据采集等模拟电路设计，具备系统仿真和电路仿真能力；
4）熟练使用、示波器、信号源、网络分析仪等仪器仪表；
5）具备较强的动手能力，能独立搭建测试环境。",MCU 技术方案 产品设计 数据采集,https://jobs.51job.com/suzhou-gxq/172937228.html?s=sou_sou_soulb&t=0_0&req=e49b4aa449c86e621c6861b923983cb9
电子工程师,均创人力资源（常州）,2.2-4万,常熟,苏州,本科,5年及以上,2026-06-15 13:37:33,job51,"工作职责：
1. 分析系统需求、硬件需求、客户技术需求，确定项目的可行性；686868
2. 独立自主设计电路系统，绘制电路原理图，PCB layout,BOM release
3. 独立分析分析电路参数，元器件选型
4. 熟悉NXP,ST,Infineon等的MCU芯片及其端口配置
5. 编写产品技术规范，WCCA, DFMEA，硬件设计说明，功能规范等技术文档
6. 协助EMC工程师编制EMC测试计划，整改问题，改善产品性能
7. 独立编制Work Instruction (WI)等
8. 协调及沟通内外的技术问题
9. 作为Leader，独立带领团队完成项目的开发设计
任职要求：
1.懂嵌入式系统设计经验
2.懂电气工程布图、pcb设计和电路仿真设备知识
3.懂二维码图纸
4.有汽车行业的工作经验。
工作地：常熟或者上海",MCU 技术文档 测试计划 PCB BOM ST WCCA DFMEA,https://jobs.51job.com/changshu/158798554.html?s=sou_sou_soulb&t=0_0&req=e49b4aa449c86e621c6861b923983cb9
PCBA 电子工程师,苏州三文电子科技,1-1.5万,苏州·吴江区,苏州,大专,3年及以上,2026-07-31 08:42:50,job51,"工作内容：
一、负责硬件电路设计、原理图、BOM、器件选型、样品调试、问题分析，对接生产，解决产品电子相关异常，支持新产品导入、工程变更。
 1、输出生产测试文件，编写硬件测试指导、维修指引。
 2、跟进试产，处理SMT、组装过程中电子类不良，分析失效根因。
 3、对制造、品质做技术交底，解答产线硬件技术疑问。
二、工程变更ECR/ECO
 1、发起、评审工程变更，评估变更对功能、成本、库存、生产的影响。
 2、 维护BOM版本，更新图纸，确保版本受控，跟踪变更落地执行。
 3、 现场问题与客诉技术支持
 4、分析产线不良、售后退回机器硬件故障，定位根本原因，输出8D分析报告。
 5、 处理客户端反馈的硬件类问题，提供技术对策与改善方案。
三、文档与资料管理
 1、 归档原理图、BOM、测试报告、变更记录、维修手册，保证技术资料完整。
 2、 收集行业器件信息，维护器件库，规避停产、缺货器件风险。
 3、 试产硬件问题重复发生率
 4、 ECO变更出错率（BOM/图纸错误次数）
 5、产线硬件不良下降率
四、技术文档完整率

任职要求：
 1、电子工程、通信或相关专业大专及以上学历，具备3年以上PCBA设计经验；
 2、熟悉模拟、数字电路，会使用示波器、万用表、电源等测试仪器；
 3、看得懂原理图，会BOM整理，了解PCB基础；
 4、了解PCBA生产工艺优先；
 5、 会写测试报告、问题分析报告。",技术支持 技术文档 BOM ECO,https://jobs.51job.com/suzhou-wjq/173105666.html?s=sou_sou_soulb&t=0_0&req=e49b4aa449c86e621c6861b923983cb9
电子工程师,苏州创瑞光学科技,1-1.5万,苏州·苏州工业园区,苏州,大专,3年及以上,2026-07-17 11:09:11,job51,"岗位职责
-负责摄像头模组的结构制作，镜头选型号，Layout工作；
-协助工程分析各种性能异常；
-完成领导安排的其他任务。
岗位要求
-熟练PADS、AD、CAD等绘图软件；
-至少3年以上摄像头模组或相关行业的工作经验；
-具备良好的数据分析能力，能够使用统计工具进行数据分析；
-良好的沟通能力和团队合作精神；
-对技术创新充满热情，能够独立解决问题。",数据分析 AD,https://jobs.51job.com/suzhou-gyyq/172059036.html?s=sou_sou_soulb&t=0_0&req=e49b4aa449c86e621c6861b923983cb9
电子工程师,苏州雅睿生物技术,2-3万·13薪,苏州·苏州工业园区,苏州,本科,3年及以上,2026-07-06 10:33:01,job51,"1.独立完成产品硬件电路原理图、PCB设计，调试和验证工作;
2.负责高精度多通道温控模块（Peltier 驱动）、多光谱荧光信号采集电路（光电二极管 / APD、AFE、高速 ADC）、电机 / 液路驱动、电源管理模块的原理图设计、器件选型与 BOM 编制；
3.PCB 工程实现：完成 PCB 布局布线，兼顾模拟 / 数字隔离、信号完整性（SI）、电源完整性（PI）及热设计，输出 Gerber 文件，把控多层高速板设计质量；
4.调试与验证：搭建硬件测试方案，开展功能、性能、可靠性（高低温、振动、湿热）、EMC/EMI 及安规（IEC 60601-1）测试，输出测试报告并完成问题整改。
5.编写开发文件，整理归档;
6.领导交代的其他事宜。
1.本科及以上学历，电子电路、电气自动化、通讯类相关专业;
2.3年以上电路设计开发经验，有 IVD 医疗设备、qPCR 仪、分子诊断设备开发经验者优先;
3.具备完整产品从研发到量产的全流程经验，有从 0 到 1 开发案例者优先；
3.精通模拟 / 数字电路设计，具备微弱荧光信号（μV/nA 级）放大、采集电路设计经验，掌握精密运放、高速 ADC/DAC、PWM 控制等技术;
4.熟练使用 Altium Designer、Cadence、PADS 等 EDA 工具，能独立完成原理图设计、PCB Layout 及电路仿真（LTspice 等）;
5.熟悉医疗设备安规标准（GB 4793-2024、GB/T 42125.1-2024、GB/T 42125.2-2024及YY 0648-
2008）、EMC/EMC 设计与整改流程，具备相关测试经验。",SPI Peltier APD AFE ADC BOM PCB SI,https://jobs.51job.com/suzhou-gyyq/171682205.html?s=sou_sou_soulb&t=0_0&req=e49b4aa449c86e621c6861b923983cb9
电子工程师,江苏芯长征微电子集团,2-3.5万·14薪,苏州,苏州,本科,5年及以上,2026-07-10 10:01:04,job51,"1、负责VCSEL测试机整机电气架构规划、电气方案设计、控制逻辑定义、原理图绘制、电气器件选型与BOM整理；统筹整机强弱电布局、电气布线规范、工控系统与运动控制系统适配设计，输出完整的电气设计方案、图纸规范与调试方案，支撑设备整机电气系统标准化落地。
2、独立主导ns级窄脉冲大电流源核心模块硬件开发与性能迭代，负责脉冲发生电路、高速驱动电路、大电流输出电路方案设计、仿真验证、样机调试与参数优化。
3、负责IV电流电压高精度采集模块电路设计、信号调理、采样逻辑开发与精度校准；针对VCSEL晶圆微光、小信号、高精度测试场景，优化信号降噪、差分采集、阻抗匹配、高速采样电路，解决采集漂移、数据抖动、线性度偏差等问题，保障LIV测试参数的准确性、一致性与可溯源性。
4、专项负责设备ESD/EOS防护模块整体设计与整机电气防护体系搭建，针对晶圆测试、探针接触、高速电路、精密器件场景，制定静电防护、过压过流防护、浪涌抑制、电气抗干扰方案。
5、牵头整机电气系统装配调试、上电验证、模块联调、光机电软跨系统协同调试，输出电气问题复盘报告与规避规范，保障设备长期稳定运行。
6、负责建立设备电气设计标准、器件选型规范、防护设计规范与调试标准；参与整机系统方案、电气方案、硬件改版评审，把控电气方案的可行性、稳定性、安全性与成本合理性，提前规避电气架构缺陷与量产风险。
7、可独立统筹电气模块开发进度、技术难点攻坚，指导初级电气工程师开展设计与调试工作，协助负责人完成团队技术沉淀、项目推进与技术管理工作。

任职要求：
1、本科及以上学历，电气工程、电子信息、自动化、测控技术等相关专业；
2、5年以上半导体设备、精密光电测试设备电气硬件开发经验，有VCSEL/光芯片测试设备电气开发经验优先。
3、具备ns级窄脉冲大电流源、高精度IV采集、ESD/EOS防护三大核心模块独立开发经验；熟悉高速脉冲电路特性、微弱小信号采集降噪技术、静电与过电应力防护设计逻辑，能够针对性解决高精度光电测试场景下的电气精度与稳定性难题。
4、熟悉精密自动化设备、半导体测试设备整机电气架构与调试逻辑，具备优秀的电气问题排查、故障分析、性能优化能力；可高效对接光学、结构、系统、软件团队完成整机联调，保障系统协同稳定运行。
逻辑清晰、严谨细致、结果导向，具备良好的项目推进与跨部门沟通能力；具备电气小组带队、技术评审、团队管理经验者优先。",方案设计 团队管理 ESD,https://jobs.51job.com/suzhou/172863097.html?s=sou_sou_soulb&t=0_0&req=a63e793d03637c2cf6d153ef6295c374
研发电子工程师,苏州未来电器,1-2万,苏州·相城区,苏州,本科,3年及以上,2026-06-26 13:56:57,job51,"岗位职责：
1.完成功能代码编写及软硬件调试；
2.开发规范与流程独立完成模块的设计、编码、测试以及相关文档；
3.熟悉数字电路、模拟电路基本原理；
4.有独立的软件编程能力，熟悉STM32等平台开发；
5.熟悉UART、I2C、SPI等多种通讯方式；
6.视觉检测相关设备的开发设计及编程的。
职位要求：
1.本科学历，通讯类、电子类、自动化类、机电类相关专业毕业；
2.熟悉单片机原理及底层应用开发，熟悉数字电路，模拟电路基本原理；
3.熟悉至少一种语言（C/C++/C#）的开发环境，有一定单片机软件/固件设计经验者优先；
4.具备规范的编程习惯与文档编写能力；
5.具备良好的沟通协调能力，工作细心、踏实，责任心强；",STM32 UART I2C SPI 单片机 C++ C# 文档编写,https://jobs.51job.com/suzhou-xcq/172702567.html?s=sou_sou_soulb&t=0_0&req=a63e793d03637c2cf6d153ef6295c374
高级电子工程师（医疗器械）,常熟英格玛企业管理服务,1-2万,常熟,苏州,本科,3年及以上,2026-08-07 13:58:42,job51,"一、产品设计与开发
1.为HD Machine产品设计并开发电子元件，包括PCBA、传感器、摄像头、无线模块、电缆等核心部件；
2.根据系统需求及相关标准（如IEC 60601），独立完成电子电路设计，包括： 
1.原理图设计
2.PCB布局设计
3.物料清单（BOM）编制
4.工程测试与验证
5.制造工艺制定
6.调试及优化改进
3.为产品设计提供或选择技术方案，确保方案满足功能需求与合规要求；
4.根据测试与制造要求，设计并开发专用夹具及工装。
二、开发流程管理
1.参与整个产品开发流程，涵盖： 
7.设计规范制定
8.设计评审
9.设计审查
10.测试与检验方法制定
11.设计移交
12.OEM协调
2.负责专业设计文件的编制与评审，确保文档完整、规范；
3.在EDA系统中创建并维护电子元件库及其引脚布局，保障设计基础数据准确。
三、团队协作与能力建设
1.支持直线经理（LM）提升电子团队整体技术技能水平；
2.支撑项目电子团队，按时保质完成各项开发任务；
3.搭建并维护电子开发环境，包括工具与设备管理，如EDA系统（Pulsonix、ORCAD、Altium Designer等）。
任职要求
学历与专业
2.电子工程、电气工程、自动化或相关专业本科及以上学历。
专业技能
1.熟悉嵌入式C/C++编程；
2.具备数字与模拟信号处理经验；
3.具有高端数字处理器（如基于ARM架构的芯片，如Cortex-A9）相关开发经验；
4.具有医疗系统中人机界面（电阻式/电容式触控系统）的应用经验；
5.熟悉EDA设计工具，包括Pulsonix、ORCAD、Altium Designer等；
6.了解医疗器械相关标准（如IEC 60601）。
经验要求
1.具有EMS服务提供商（如Jabil、Plexus等）合作或管理经验者优先；
2.具有医疗器械行业电子研发经验者优先。
综合素质
1.具备独立承担电子电路设计全流程的能力；
2.具有良好的跨部门沟通协调能力；
3.具备团队合作精神，能够有效支持团队技术能力提升；
4.工作态度严谨，注重设计质量与合规性。

薪资待遇：5天8小时，五险一金，按照工资全额交，带薪年假，节日福利",C++ ARM 产品设计 技术方案 合规 BOM LM Pulsonix,https://jobs.51job.com/changshu/173190304.html?s=sou_sou_soulb&t=0_0&req=a63e793d03637c2cf6d153ef6295c374
高级电子工程师,奥英光电（苏州）,1.5-2.5万,苏州·苏州工业园区,苏州,大专,7年及以上,2026-08-05 14:15:08,job51,"一、岗位职责
1.独立完成电子方案搭配，样品制样及测试；
2.解决新品试流中出现的电子问题，确保新品按时量产；
3.新品BOM及图纸整理与发行；
4.新产品技术文件的建立以及管理；
5.新项目阶段客户以及供应商沟通；
6.新项目管理与进度推进；
7.量产项目电子方案改进和降本方案的评估及设计；
8.二元化电子部品评估测试；
9.新技术的研究与应用；
二、任职资格
1.辅助现有厂商以提升生产和新技术能力；
2.熟练使用office、Power Logic，PowerPCB CAD、Protel等软件；
6.熟悉显示产品电子方案搭配与调试；
7.熟悉显示产品搭载软件应用；
8. 熟悉显示产品喇叭，摄像头等相关电子部件的特性及应用。",项目管理 Power Logic PowerPCB CAD,https://jobs.51job.com/suzhou-gyyq/162616556.html?s=sou_sou_soulb&t=0_0&req=a63e793d03637c2cf6d153ef6295c374
电子工程师R10424,迈胜医疗设备,1-1.5万·15薪,昆山,苏州,本科,2年及以上,2026-06-23 11:26:20,job51,"工作职责
1.负责产品中 PCBA 的原理图设计、元器件选型与 PCB Layout 设计；完成电路板的调试与性能测试，输出测试报告，确保设计满足功能、可靠性与电磁兼容（EMC）要求。
2. 维护现有系统中电子物料（BOM、原理图、PCB 文件、Gerber 等）及相关系统技术资料；执行设计变更流程，进行技术文件的升版、发布与归档。
3. 处理 PCBA 外协生产及元器件采购过程中的技术问题；与供应商沟通，解决试产及量产中的工艺、测试、失效分析等问题。
4. 对系统运行中出现的电子相关故障进行快速定位、分析原因并给出解决方案；必要时前往客户现场或生产现场提供技术支持。
5. 参与新产品/新技术的预研工作，完成概念验证电路设计、搭建实验平台并输出评估报告。
6. 完成领导交办的其他工作事项。
任职要求
1.全日制本科及以上学历，电子工程、自动化、生物医学工程（电子方向）或相关专业。
2. 2 年以上 PCBA 设计开发经验，有完整的产品生命周期经验（从原理图到量产）。具备医疗设备、质子/放疗设备、大型影像设备或高可靠性工业设备开发经验者优先；
3. 熟悉 PCB 制造工艺、SMT 组装流程及常见失效模式，具备可制造性（DFM）设计意识。
4. 熟悉主流 ARM、DSP、FPGA 芯片，熟练掌握 cadence、altium 等主流 EDA 软件的使用；
5. 熟练使用示波器、万用表、频谱分析仪、信号发生器等测试仪器，具备独立调试和故障定位能力，了解电磁兼容（EMC）与安规设计基础。
6. 良好的技术文档编写习惯，具备良好的跨部门沟通能力，具有较强的责任心与抗压能力。",ARM DSP FPGA 性能测试 采购 技术支持 技术文档,https://jobs.51job.com/kunshan/172649622.html?s=sou_sou_soulb&t=0_0&req=a63e793d03637c2cf6d153ef6295c374
资深电子工程师(J10151),儒拉玛特自动化技术（苏州）,1.5-3万·13薪,苏州·苏州工业园区,苏州,本科,5年及以上,2026-07-01 13:43:39,job51,"工作职责:
1.	系统设计与方案制定： 参与产品需求分析，负责硬件系统架构设计，制定详细的设计方案，包括元器件选型、电路设计和PCB布局规划。
2.	高速数字电路设计： 主导基于Serdes技术的高速通讯板卡设计，精通LVDS及PCIe， Ethernet， SATA等高速协议之一或多个。负责信号完整性、电源完整性的仿真与分析，确保设计一次成功。
3.	高精度模拟电路设计： 负责高精度电池模拟器的硬件开发，包括高精度DAC/ADC电路、功率放大电路、负载模拟电路的设计与优化，确保输出电压/电流的精度、稳定度和动态响应性能。
4.	BMS测试板卡设计： 开发用于BMS测试的专用通讯板卡，支持主流动力电池BMS的AFE，包括ADI，TI，NXP等。
5.	PCB设计与指导： 使用Cadence/Allegro， Altium Designer等工具进行复杂多层板（通常8层以上）的PCB设计，严格遵循高速、高功率和混合信号的设计规范。
6.	硬件调试与验证： 负责板级的bring-up、功能调试、性能测试和系统验证。熟练使用示波器、逻辑分析仪、频谱分析仪、电源等测试设备。
7.	技术文档编写： 编写详细的设计文档、测试报告和生产指导文件。
8.	团队协作： 与嵌入式软件、机械结构和测试团队紧密合作，解决跨领域技术问题，推动产品顺利量产。
任职资格:
61	必需经验：
o	5年以上高速数字电路或高精度模拟电路设计经验。
o	拥有完整的、已量产的Serdes高速板卡（如LVDS，PCIe，10G/25G Ethernet）或高精度源/模拟器硬件开发经验。
o	精通信号完整性/电源完整性理论基础，能熟练使用ADS，HyperLynx等工具进行仿真。
o	丰富的多层PCB设计经验，深刻理解EMC/EMI设计规则。
o	熟悉汽车电子相关芯片如ADI、TI、MAX等，熟悉BMS通讯解析板卡原理。
61	核心技术能力：
o	高速数字： 深刻理解差分信号、传输线理论、阻抗匹配、时序分析。
o	高精度模拟： 精通运算放大器、ADC/DAC的应用，低噪声、低温漂设计，反馈控制理论。
o	电源设计： 熟悉LDO，DC-DC，PMIC等电源架构设计。
o	EMC：对EMC测试标准有深入了解；
o	熟悉各模块工作原理和设计：MCU系统，线性电源、开关电源、ETH/USB/CAN/LIN接口模块，LCD/TFT屏驱动，异常检测等；
o	Worst Case：了解电路的最坏情况分析，并能对结果进行合理评估。
61	BMS相关知识： 熟悉电池管理系统的基本原理和测试需求，了解相关通讯协议者优先。
61	工具使用：
o	 精通至少一种主流EDA工具（Altium Designer优先，Cadence/Allegro亦可）
o	熟练使用万用表，示波器，频谱仪，信号发生器，电子负载等硬件测试仪器。",PCIe 5G Perl MCU CAN 需求分析 性能测试 技术文档,https://jobs.51job.com/suzhou-gyyq/170079447.html?s=sou_sou_soulb&t=0_0&req=a63e793d03637c2cf6d153ef6295c374
嵌入式研发电子工程师,苏州未来电器,1-2万,苏州·相城区,苏州,本科,2年及以上,2026-07-17 10:48:31,job51,"一、岗位职责
1.嵌入式软件设计与独立开发
1）独立完成产品功能模块的代码编写、软硬件联调与系统集成，对代码质量、性能指标及交付进度负责。
2）基于STM32等主流MCU平台，深入完成底层驱动、通信协议栈、应用层逻辑的全流程开发，具备从需求分析到量产维护的闭环能力。
2.硬件协同与全流程把控
1）深度参与原理图评审、PCB布局优化，基于数字/模拟电路基础，独立提出降噪、功耗、热管理、信号完整性等改进方案，并推动落地。
2）配合硬件工程师完成关键器件选型、接口定义、电源树设计及时序约束验证，确保软硬件设计的协调性与可制造性。
3.产线协同与量产支持
1）主导产线试产及量产阶段的软件相关支持，包括：烧录工装设计、产线测试程序（如ICT/FCT）开发、不良品分析及快速修复。
2）与生产工程、质量、工艺部门协同，解决产线上突发的软硬件耦合问题（如通信不稳定、功耗异常、静电干扰等），输出根因分析报告及改进措施。
4.全流程开发规范与文档管理
严格执行编码规范及开发流程，独立完成模块设计文档、接口说明、单元测试报告、集成测试报告、生产指导文件等的撰写，确保技术资料可追溯、可复用、可交接。
5.多协议通信开发与调试
独立完成UART、I2C、SPI、CAN、以太网等多种通信接口的驱动开发与协议调试，具备使用逻辑分析仪、示波器分析总线时序的能力。
6.视觉检测系统开发（具备此项能力者优先）
1）负责视觉检测相关设备的嵌入式算法集成与开发，如相机选型、图像采集接口驱动（OpenMV、OpenCV嵌入式移植）、图像处理算法优化。
2）协调硬件实现稳定的成像与照明结构，确保检测精度与可靠性，并能独立完成产线视觉工装的调试与维护。
二、职位要求
1.学历专业：本科及以上学历，通信、电子、自动化、机电、计算机等相关专业。
2.核心技能
1）精通单片机原理及底层驱动开发，熟悉数字电路、模拟电路基本原理，能独立阅读原理图并调试硬件。
2）熟练掌握C/C++语言，至少熟悉一种MCU开发环境（Keil、IAR、STM32CubeIDE等），有STM32/GD32等ARM Cortex-M系列平台实际项目经验（至少主导过2个以上量产项目）。
3）熟悉UART、I2C、SPI、CAN等常见通信接口，能独立完成驱动调试与总线时序分析，具备定位通信异常的能力。
4）产线协同能力
具备与生产、工艺、质量部门高效协同的经验，能独立处理产线试产/量产中的软硬件问题，并推动形成标准化流程。
5）文档与规范：具备规范的编码习惯和优秀的文档编写能力，能独立输出高质量的设计、测试及故障分析文档。
3.其他
1）逻辑清晰、善于分析，能独立解决软硬耦合的疑难问题。
2）优秀的沟通协作与跨部门推动能力，能与硬件、结构、测试、生产等团队高效配合。
3）工作细致、踏实，有责任心，对产品可靠性有追求，能独当一面。",STM32 MCU UART I2C SPI CAN OpenCV 单片机 C++ ARM 需求分析 文档编写,https://jobs.51job.com/suzhou-xcq/172946173.html?s=sou_sou_soulb&t=0_0&req=a63e793d03637c2cf6d153ef6295c374
电子工程师,苏州立禾生物医学工程,8千-1.3万,苏州·苏州工业园区,苏州,本科,1-3年,2026-07-08 10:44:54,job51,"1 : 负责仪器产品电路设计及电路调试和优化。
2：负责研发样机的接线，通电调试等；
3：负责研发过程中的相关设计文件输出。
职位要求：
1：能够熟练使用电路设计相关软件AD等，有原理图设计，PCB设计经验。
2：了解光电传感器，霍尔传感器，温度传感器，步进电机，直流电机，伺服电机者优先。
3：有相关步进电机控制设计经验，直流伺服控制器设计经验优先。
4：熟悉EMC,EMI,安规等相关医疗规范优先。
5：电子相关专业，1-3年，全日制本科",EMI,https://jobs.51job.com/suzhou-gyyq/154466358.html?s=sou_sou_soulb&t=0_0&req=a63e793d03637c2cf6d153ef6295c374
EE电子工程师 (base 昆山),友达光电（苏州）,1.4-2.5万·13薪,昆山,苏州,本科,5年及以上,2026-07-20 10:15:18,job51,"岗位职责：
1.电路设计与优化：负责液晶显示模组、触控屏电子部件、测试系统之评估、电路设计、问题解决及改善；新材料开发验证等
2.元件选型与验证：液晶显示模组、触控屏产品电子部件的元件选型、电路设计。
3.测试系统开发：设计液晶显示模组驱动测试板及测试仪器的电路及程序设计。
4.客户与供应商技术支持：新产品样品性能测试及设计问题解决，新产品阶段客户设计、供应商技术问题沟通与支持
5.跨部门协作与文档管理：参与和发起部内/外部门的技术讨论和沟通，新产品开发流程文件及技术文档的制作和更新。
6.创新与专利开发：电子件新厂商、新材料之开发验证及导入，专利提案发想及撰写。


任职要求：
1.5年以上面板业EE工作经验
2.具备电子电路提案/设计/验证/分析能力，熟悉高速信号产品设计验证(MIPI/eDP/LVDS/HDMI)。
3.熟悉电路发包：电路供应商洗板打件流程
4.熟悉面板模块绑定：COF、COF、FOB、COB。
5.熟悉高速讯号产品设计验证：MIPI/eDP/LVDS/HDMI
6.熟练设计硬件，OrCAD电路原理图、Allegro Layouut
7.熟练C语言编程、I2C、SPI等通信协议
8.熟练操作焊接，电烙铁、热风枪
9.熟练操作示波器、电压表、电流表、CA310、差分讯号眼图频宽
10.熟悉可靠性验证，RA、EMI、ESD、audiobo noise
11.熟悉电子产品等级，车规、消费规、工控规、AECQ100
12.熟悉驱动IC半导体，制程、封装，测试，验证",C语言 I2C SPI 技术支持 性能测试 跨部门协作 技术文档 专利 产品设计,https://jobs.51job.com/kunshan/172965829.html?s=sou_sou_soulb&t=0_0&req=a63e793d03637c2cf6d153ef6295c374
电子工程师,昆山捷丰电子,7千-1万,昆山,苏州,大专,1年,2026-07-23 18:21:27,job51,"【工作内容】
1、负责在线测试仪(ICT)和功能测试机（FCT）售前和售后工作；
2、售前工作主要制定检测方案和评估；
3、售后工作主要培训和架线；
4、配合业务做技术交流。

【任职要求】
1、大专及以上学历，电子信息工程、自动化或相关专业，具备扎实的模拟/数字电路理论基础；
2、具有ICT/FCT工作经验优先；
3、具有售后工作经验优先；
4、具备良好的逻辑思维能力与沟通协作精神，责任心强，能适应短期出差或现场技术支持；
5、享受五险一金、年终奖金、定期体检、通讯补贴及专业培训等完善福利体系。",功能测试 培训 技术支持 ICT FCT,https://jobs.51job.com/kunshan/173024117.html?s=sou_sou_soulb&t=0_0&req=a63e793d03637c2cf6d153ef6295c374
电子工程师   (电感式接近开关方向),苏州德信立传感科技,15-20万/年,苏州·吴中区,苏州,本科,5年及以上,2026-08-06 15:27:55,job51,"1、全流程独立开发：
主导电感式接近开关的电路架构设计，包括高频振荡电路、信号处理电路（放大/滤波/解调）、抗干扰设计及功耗优化。
独立完成关键部件（如电感线圈、PCB布局、EMC防护）的仿真、设计与参数调优。
主导DFM（可制造性设计）和DFT（可测试性设计），确保产品量产可行性。
2、深度技术攻关：
解决产品开发中的核心问题（如温度漂移、金属异物干扰、不同检测距离的稳定性优化）。
制定严格的可靠性测试方案（如工业环境下的长期老化测试）。
3、技术领导力：
指导初级工程师，输出设计规范和技术文档（如《电感式传感器设计指南》）。
参与供应链技术对接，协助关键元器件（如专用IC、磁芯材料）的选型与供应商审核。
任职资格
1、须具有5年电感式接近开关产品的独立开发经验，完整主导过至少1-2款产品从需求分析、设计到量产的全程。
2、需提供实际项目佐证（如原理图、测试报告等）（脱敏处理）。
3、5年专注电感式接近开关开发，熟悉行业主流方案（如德国倍加福、日本欧姆龙的技术路线）
独立完成过以下至少两项：
高频LC振荡电路（100kHz~1MHz）设计与稳定性优化；
高灵敏度信号调理电路（uA级电流检测）；
金属环境下抗干扰解决方案；
4、精通主流EDA设计软件；
5、掌握ANSYS Maxwell/COMSOL仿真线圈磁场分布（需提供案例）优先；
6、熟悉工业传感器标准（如IEC 60947-5-2）及汽车电子可靠性要求（如AEC-Q100）优先；
7、电子、电气、测控及自动化相关专业本科以上学历（需经验匹配）；",技术文档 供应链 需求分析 Maxwell Q100,https://jobs.51job.com/suzhou-wzq/173178193.html?s=sou_sou_soulb&t=0_0&req=a63e793d03637c2cf6d153ef6295c374
嵌入式系统电子工程师,苏州贝茵科技,9千-1.2万,昆山,苏州,本科,2年及以上,2026-07-16 15:41:33,job51,"岗位职责
1.硬件开发
嵌入式硬件系统设计，包括需求分析、方案选型、电路原理图设计及PCB布局。
硬件调试及问题解决，使用示波器、逻辑分析仪等工具验证信号完整性及系统稳定性。
2.软件开发与交互
熟悉ARM内核MCU开发，RTOS系统移植及应用。
应用层功能开发（如PID控制算法）。
3.系统集成与文档
编写设计文档、测试报告及专利技术方案。
配合生产部门完成量产问题分析及工艺优化。

任职要求
1.基础条件
本科及以上学历，电子工程、自动化、通信、计算机等相关专业。
2年以上嵌入式系统开发经验，具备独立完成硬件项目及软件模块开发能力。
2.硬件技能
精通模拟/数字电路设计。
掌握PCB设计工具及仿真软件。
3.软件技能
熟练使用C/C++语言。
熟悉RTOS系统开发。
4.综合能力
熟悉通信协议（Modbus），CAN、SPI总线等。
具备跨部门协作能力。",ARM MCU RTOS C++ Modbus CAN SPI 需求分析 专利 技术方案 跨部门协作,https://jobs.51job.com/kunshan/172937591.html?s=sou_sou_soulb&t=0_0&req=a63e793d03637c2cf6d153ef6295c374
高级电子工程师,苏州微清医疗器械,2.5-5万·13薪,苏州·苏州工业园区,苏州,本科,3-4年,2026-07-24 08:13:22,job51,"1.负责产品电子相关元器件选型，原理图以及PCB开发设计；
2.负责整机硬件系统设计、调试工作。
3.负责模拟电路模块的规格制定和可行性分析，以及具体电路设计和仿真分析；
4.负责复杂大规模数字电路设计及部分模拟前端电路设计；
5.参与撰写产品硬件设计相关技术文档。
任职要求：
1.统招本科及以上学历，微电子或相关电子信息科学专业；
2.具有至少3年以上工作经验，有实际参与医疗器械检验经验为佳；
3.熟练使用各种调试工具，如万用表、烙铁、示波器等；
4.熟悉FPGA硬件开发流程，如PCIE、DDR、ADC、DAC等模块的硬件设计；
5.至少能熟练使用Altium02designer，candence等常用软件；
6.有较强的责任心及良好的团队协作能力、沟通能力，善于学习。",FPGA PCIe CAN 技术文档 DDR ADC,https://jobs.51job.com/suzhou-gyyq/119177576.html?s=sou_sou_soulb&t=0_0&req=a63e793d03637c2cf6d153ef6295c374
烟雾报警器电子工程师,江苏佰瑞普智能科技,1.5-3万,张家港,苏州,本科,3年及以上,2026-07-06 16:28:40,job51,"负责光电/离子式烟雾报警器硬件电路设计，包括红外发射接收、信号调理、低功耗MCU、电源管理及无线模块（NB-IoT / LoRa / Zigbee / WiFi）集成；
独立完成PCB设计、打样、焊接与调试，解决EMC/EMI、抗干扰、低功耗等关键技术问题
配合光学结构进行烟室（迷宫）设计与调试，优化探测灵敏度，降低误报率；
编写技术文档（规格书、BOM、原理图、Gerber、测试用例等）；
主导或参与CCCF / UL / EN14604 / CE等国内外消防认证，处理认证整改；
协同结构、软件与生产部门，推动产品从研发到量产全流程落地。
任职要求
本科及以上学历，电子、自动化、通信、光电等相关专业，3年以上烟雾报警器或消防电子产品开发经验；
熟练使用Altium Designer / Cadence等EDA工具，能独立完成原理图与PCB设计；
熟悉低功耗设计，有电池供电产品经验，能将待机电流优化至μA级；
了解光电烟雾探测原理，有红外对管选型、信号处理、烟室调试经验者优先；
熟悉EMC/EMI设计规范，有静电、浪涌、群脉冲等整改经验；
有CCCF / UL / EN14604认证经验者优先；
动手能力强，能独立焊接0402/QFN器件，具备问题分析解决能力。
熟悉UL 217第8版或EN 14604标准，有海外认证项目经验。",MCU LoRA WiFi 技术文档 测试用例 NB-IoT LoRa Zigbee,https://jobs.51job.com/zhangjiagang/172809899.html?s=sou_sou_soulb&t=0_0&req=a63e793d03637c2cf6d153ef6295c374
Senior Electronics Engineer 高级电子工程师,江苏费森尤斯医药用品,1-2万·13薪,苏州,苏州,本科,5-7年,2026-07-21 17:14:46,job51,"At Fresenius Medical Care, we are the global leader in kidney care, committed 
to improving the lives of patients with chronic kidney disease. Our mission is 
to deliver high-quality, innovative products, services, and care across the 
entire healthcare journey. Guided by our vision—“Creating a future worth 
living. For patients. Worldwide. Every day.”—we work with purpose and 
compassion, supported by a global team of over 112,000 employees.
 
Within our Care Enablement segment, we develop and provide life-sustaining 
medical products, digital health solutions, and therapies that empower clinical 
teams and improve patient outcomes. Our FME Reignite strategy drives 
transformation through innovation, efficiency, and sustainable growth. Our 
values guide how we work:
• We Care for our patients, each other, and our communities 
• We Connect across teams and borders to deliver excellence together 
• We Commit to doing things the right way— growing with purpose and leading 
kidney care with integrity and innovation
• 
Information about plant:

At our Changshu plant in China, we specialize in the manufacturing of 
essential products for dialysis therapy, including dialyzers, Sterile 
Solutions, bloodline sets, HD machines, injection and extrusion components. 
With a skilled team of 800 employees, our Plant operates key production 
technologies such as injection molding and extrusion, Dialysis and auto 
assembly etc. This site plays a vital role in Fresenius Medical Care’s 
commitment to enhancing patient care worldwide. Join our passionate team and be 
part of this global impact!



Job Responsibilities:

Main Tasks
1.Design and develop electronics parts (PCBA, sensor, camera, wireless, cable, 
etc.) for HD Machine products2.Perform in the whole development process 
including design specifications, design evaluation, design reviews, test and 
inspection methods, design transfer and OEM co-ordination. Professional design 
documents creation and review.3.Provide/select technical solution for product 
design; Make electronics design based on system requirements and relevant 
standards (e.g. IEC-60601) independently, including schematics design, layout 
design, bills of materials, engineering testing, manufacturing processes, 
debugging and improvement.4.implement design and other engineering activities 
during projects &amp; routine EE tasks, like create and maintain components and 
footprint in electronics library in EDA system5.Design and develop jigs and 
fixtures per testing and manufacturing requirements
Team and Project
1.Support Line Manager to develop the technical skills of the electronic team2.
Support project electronic team - complete the development tasks3.Setting up 
and maintaining an electronics development environment(tools and devices, like 
EDA systems (e.g. PULSONIX, ORCAD* Altium Designer), etc)Job Requirements:1.Be 
familiar with programming in embedded C/C++2.Experience with digital and analog 
signal processing3.Experience with high-end digital processor (e.g. ARM based 
chip, like C01tex-A9)4.Experience with Human Machine Interfaces 
(resistive/capacitive touch systems) in medical systems5.Experience with EMS 
provider (Jabil, Plexus, etc.)6.Fluent in both spoken and written English and 
Chinese and excellent communication skills
8. Minimum Bachelor Degree in electronics engineering or related degree

9. 5 years of experience in electronics design.",ROS Git Electron Gin C++ ARM,https://jobs.51job.com/suzhou/172669669.html?s=sou_sou_soulb&t=0_0&req=a63e793d03637c2cf6d153ef6295c374
电子工程师（硬件）,北京雷泰腾飞医疗科技,1-1.5万,苏州·苏州工业园区,苏州,本科,1年及以上,2026-07-30 16:11:45,job51,"岗位要求：
1.电子、电气，自动化、测控相关专业；本科及以上学历；
2.掌握STM32、ARM单片机，至少熟悉一到两款伺服控制器、驱动器、电机的应用；
3.掌握PCB绘图，熟悉各类通讯接口，具有电子产品常见硬件故障分析能力，独立解决问题。
4.有1年以上相关工作经验；
5.较强的动手能力、系统思考、分析判断、学习和应变能力。

岗位职责：
1.负责整机以及各部件的安装与调试（电路调试，问题分析，问题解决），并配合分析解决整机产品的各种质量问题。
2.负责已有产品改进与升级以及功能扩展。
3.确认电气部品或电路设计可靠性，生产可行性，零部件选用合理性。
4.负责生产或试验中的产品及售后产品质量问题。
5.负责根据需求进行实验设计、其中包含边缘条件和极限故障条件设计，并预准备保护电路及保护系统设计。
6.对其他部门进行配合与支持，完成上级领导交代与安排的其他工作",STM32 ARM 单片机,https://jobs.51job.com/suzhou-gyyq/173101670.html?s=sou_sou_soulb&t=0_0&req=a63e793d03637c2cf6d153ef6295c374
资深电子工程师,光彩芯辰（浙江）科技,1.5-3万,苏州·虎丘区,苏州,本科,3年及以上,2026-08-06 15:11:33,job51,"岗位职责：
1. 硬件方案设计与开发
（1）总体与详细设计： 负责高速光模块（如100G/400G/800G等）的总体方案设计、详细设计及原理图设计；
（2）PCB设计与仿真： 负责PCB Layout设计、仿真，并对布局布线提出指导性意见；
（3）器件选型与评估： 负责光器件及相关IC的评估、选型，并输出详细的验证报告。
2. 调试、测试与验证
（1)样机调试： 指导并完成样机的硬件电路调试、软硬件联调以及整机调试。
验证方案制定： 规划验证方案，设计并执行验证用例，完成验证分析报告。
仪器使用： 熟练使用各类高速仪器仪表进行相关测试。
3. 项目推进与量产支持
(1)全生命周期管理： 对项目全生命周期负责，协调各部门资源，推动项目实施，确保按时、高质量完成开发计划;
(2)新产品导入（NPI）： 为新产品的设计验证（DVT）、生产验证（PVT）等阶段提供技术保障，确保产品具备可制造性;
(3)转产与维护： 为新产品转产及后期生产制造提供必要的技术支撑，持续改进产品工艺。
4. 技术攻关与问题解决
(1)技术评审： 参与关键项目评审，审核硬件方案设计，对PCB Layout、软件设计、结构设计等提出专业意见。
(2)问题排查： 负责产品在研发、试生产及客户端出现的技术问题，进行失效分析、定位并推动解决。
(3)技术攻关： 针对项目中的重大技术难题组织攻关，提供专业解决方案。
5. 文档与规范建设
(1)文档输出： 审核并编写项目相关的技术文档、产品规格书、验证报告等。
(2)专利与标准： 审核技术专利，参与产品规格书的制定与评审。

岗位要求：
1. 学历与专业背景
学历要求： 本科及以上学历
专业要求： 电子工程、光电信息工程、通信工程、物理、微电子、自动化等相关专业。
2. 工作经验
（1）年限要求： 具备3年以上相关工作经验；
（2）项目经验： 具备高速光模块（如100G/400G/800G/1.6T等）的硬件设计、量产开发及成功交付经验；有主导高技术含量项目或大厂送样验证经验者优先。
3. 核心专业技能
（1）电路与硬件设计： 全面掌握高速数字电路、高频模拟电路、数模混合电路及电源（DC/DC、激光器驱动等）设计原理；具备丰富的EMC/EMI兼容性设计及可靠性设计经验；
（2）EDA与仿真工具： 熟练使用主流PCB设计软件（如Cadence、Altium Designer、Protel等）进行原理图及Layout设计；掌握信号完整性（SI）和电源完整性（PI）原理，有仿真经验者优先。
（3）协议与规范： 熟悉光模块相关协议（如SFF-8472、SFF-8636、MSA等）及光通信协议（如IEEE 802.3等）。
（4）测试与调试： 熟练掌握示波器、误码仪、光谱仪、频谱仪等专业高频测试仪器的使用，具备复杂环境下的系统调试、失效分析及优化能。
（5）语言能力： 能够熟练阅读英文技术资料及文献，具备良好的英文读写能力。
4. 综合素质与软技能
（1）问题解决能力： 具备高超的独立解决问题能力，能对研发、试产及客户端出现的重大技术问题提供专业意见和根本改善措施。
（2）沟通与团队协作： 具备优秀的跨部门沟通协调能力，能推动项目进度；有指导初中级工程师、技术培训及团队建设经验者优先。
（3）抗压与责任心： 工作结果导向，具备极强的责任心，能够适应高强度、快节奏的工作环境。",方案设计 技术文档 专利 培训 NPI DVT PVT Layout,https://jobs.51job.com/suzhou-hq/173177828.html?s=sou_sou_soulb&t=0_0&req=a63e793d03637c2cf6d153ef6295c374
电子工程师,苏州市立普医疗科技,1.5-3万,苏州·虎丘区,苏州,本科,5年及以上,2026-07-13 10:37:03,job51,"岗位职责
1.负责有源医疗器械硬件电路原理图、PCB 设计，元器件选型、EMC / 安规设计；
2.完成电机驱动、运动控制电路开发、调试，适配医用精密执行机构；
3.嵌入式底层软件开发，单片机 / MCU 程序编写、功能调试；
4.整机电气性能、可靠性、电磁兼容测试调试，解决电路干扰、电机控制异常等问题；
5.按照 ISO13485 体系输出电子设计开发文档，配合注册、质量完成电气风险分析、电气安全验证。

任职要求
1.本科及以上电子信息、自动化、测控、电气工程专业，5 年及以上医疗器械电子开发经验；
2.熟练硬件电路设计、PCB Layout，掌握模拟 / 数字电路，有直流无刷 / 步进电机驱动控制开发实战经验；
3.精通 C 语言嵌入式软件开发，熟悉 STM32 等主流 MCU，独立完成整机控制逻辑开发；
4.熟悉有源医疗器械电气安全标准、EMC 测试要求，参与过医疗器械电气设计开发全流程；
5.了解 ISO13485 设计开发管控，GB9706等标准，软硬件设计文档编制；
6.有便携式医疗设备、电动微创器械、医用运动控制设备开发经验优先。",单片机 MCU STM32 PCB EMC ISO13485 Layout,https://jobs.51job.com/suzhou-hq/172882927.html?s=sou_sou_soulb&t=0_0&req=a63e793d03637c2cf6d153ef6295c374
电子工程师,苏州中科医疗器械产业发展,5-8千·13薪,苏州·高新区,苏州,本科,无需经验,2026-07-28 10:35:40,job51,"中国科学院苏州生物医学工程技术研究所-工程装备室孙海旋课题组委托苏州中科医疗器械产业发展有限公司招聘电子工程师，拟招聘1人。

一、团队介绍
孙海旋课题组长期从事辅助生殖、生物制造及凝血检测相关的应用基础研究和仪器装备研发。团队承担了国家重点研发计划项目、国家重大科研装备研制项目任务、中国科学院战略先导专项项目、中国科学院装备研制项目、中国科学院重点部署项目课题、省市、企业横向等科研项目；完成血栓弹力图仪及配套试剂、embryo时差监测培养系统的成果转移转化，相关成果取得二类医疗器械注册证12项；发表SCI论文30余篇；授权发明专利70余项，实现专利转让或授权30 项。

二、岗位职责
1. 负责项目的硬件开发，包括需求分析、器件选型、原理图设计、电路版图设计；
2. 负责项目相关底层嵌入式软件开发；
3. 负责单板硬件、软件调试，参与系统联调；
4. 负责项目相关硬件、软件开发文档的整理和归档。

三、任职要求
1. 电子信息、自动化、仪器类专业，本科及以上学历；
2. 掌握电磁场与波、电子线路、计算机结构与逻辑设计、信号与系统、数据结构与算法等专业基础知识；
3. 掌握基本模拟电路设计，如前置放大电路、模拟滤波器、功率放大电路等；
4. 掌握单片机、微处理器常见外围电路设计，如信号采集、数据存储、通讯接口等电路；
5. 掌握C、C++编程语言；
6. 掌握常见EDA软件的使用，如PADS、CADENCE、ALTIUM DESIGNER等；
7. 掌握常见嵌入式开发工具的使用，如IAR、KEIL、VIVADO等；
8. 掌握有源医疗仪器相关电气安全、电磁兼容标准者优先。

四、薪资待遇
1.劳务派遣制、五险一金、5000-8000元；
2.其他福利包括但不限于工会福利、职工健身中心、职工食堂、年度体检、集中休假等。

五、工作地点
苏州。",单片机 C++ 专利 需求分析 CADENCE ALTIUM KEIL,https://jobs.51job.com/suzhou-gxq/173062382.html?s=sou_sou_soulb&t=0_0&req=a63e793d03637c2cf6d153ef6295c374
电子工程师（园林工具）,浙江中坚科技,1.5-3万·13薪,苏州·苏州工业园区,苏州,本科,5年及以上,2026-06-29 21:41:09,job51,"（1）负责电子benchmark分析，主导电子概念设计；
（2） 服务整机，满足整机需求；
（3） 主导园林工具产品电子方案设计，原理图、PCB评审；
（4） 编制测试大纲，并按要求完成电子件的测试验证；
（5）负责产品开发阶段的技术问题分析解决等；
要求：
（1）本科及以上学历，5年以上工作经验；
（2） 有电动工具、园林工具、电动车、小家电开发经验者优先；
（3） 熟悉直流有刷、直流无刷电机控制等相关技术；
（4） 熟练掌握产品开发流程，熟练使用AD等绘图软件；
（5） 熟练使用各种电子仪器设备，具备良好的样板的焊接调试能力；
（6）良好的沟通及问题分析能力。",方案设计,https://jobs.51job.com/suzhou-gyyq/171919404.html?s=sou_sou_soulb&t=0_0&req=02c155e1ad9f9fb3f5d802e4dd2cc088
电子工程师,前锦网络信息技术（上海）有限公司武汉,5千-1万,苏州,苏州,本科,1年及以上,2026-06-25 09:48:29,job51,"职位描述
竞争力分析微信分享
有转正机会
实习证明
周末双休
弹性工作
【工作内容】
- 负责电子产品的电路设计、原理图绘制及PCB布局；
- 参与产品开发全过程，包括方案设计、样机制作与测试；
- 与硬件、软件团队协作，完成系统集成与调试；
- 编写技术文档，确保产品符合相关标准和规范。
【任职要求】
- 本科及以上学历，电子工程、通信工程或相关专业；
- 熟悉模拟/数字电路设计，具备良好的电路分析能力；
- 熟练使用EDA工具（如Altium Designer、Cadence，嘉立创，等）；
- 具备良好的沟通能力和团队合作精神，有责任心",方案设计 技术文档 Designer Cadence,https://jobs.51job.com/suzhou/172681527.html?s=sou_sou_soulb&t=0_0&req=02c155e1ad9f9fb3f5d802e4dd2cc088
电子工程师（张家港）,苏州领冠新能源科技,6千-1.2万·13薪,苏州,苏州,本科,2年及以上,2026-08-04 09:50:30,job51,"职责：
1.对客户提供的电池测试数据结果，进行数据整理分析和输出报告； 
2.跟进研发新项目试产并解决试产中出现的电子问题；
3.按照项目开发进度进行产品电子设计输出中所有文件资料的按时输出，以保证及时、有效、准确； 
4.负责产线不良品与售后不良品的分析，与硬件和软件协同解决问题；
5.负责测试组对接工作及产线技术支持； 
6.编写技术文档和总结报告，记录产品开发过程中的经验和教训；
7.协助研发部门进行需求调研和分析，推动新产品的开发和市场推广。 
要求: 
1.本科及以上学历，机械类、新能源等理工科类专业， 有过BMS或相关产品测试工作经验优先 ；
2.了解电池的基本原理，特别是对锂电池的正极材料、负极材料、电解质等有深入的理解； 
3.具备电子电路设计、信号处理、电力电子等方面的知识，能够设计电池管理系统（BMS）、保护电路等； 
4.熟悉锂电池的测试设备和方法，能够进行电池的性能测试、安全性能测试等，并对测试数据进行整理和分析；
5.熟悉电池的电路设计、测试方法和研发流程，能够熟练使用电路设计工具和办公软件。",技术支持 技术文档 市场推广 性能测试 BMS,https://jobs.51job.com/suzhou/170357023.html?s=sou_sou_soulb&t=0_0&req=02c155e1ad9f9fb3f5d802e4dd2cc088
PC软件工程师,苏州欣华锐电子,8千-1万,苏州·苏州工业园区,苏州,本科,3年及以上,2026-08-07 17:34:59,job51,"1.架构设计：负责 PC 端应用软件的整体架构设计，包括分层架构规划、模块划分、接口定义、数据流设计，搭建可扩展、可维护的软件架构。
2. 上位机通信开发：负责 PC 端与设备之间的通信协议设计与开发，精通网口（Ethernet/TCP/IP）、Type-C、USB 等主流通信接口的驱动开发与数据交互。
3. 设备控制软件：开发设备控制与数据采集上位机软件，实现设备状态监控、参数配置、数据上传下载、固件升级等功能。
4. 驱动开发：完成 USB 设备驱动、WinUSB/libusb 通用驱动封装、Type-C PD 协议交互、网口通信协议栈（Modbus TCP/UDP/自定义协议）的开发与调试。
5. 界面开发：负责 PC 端图形界面（GUI）设计与开发，提供直观、易用的设备控制与数据可视化界面。
6. 跨平台适配：完成软件在 Windows 与 Linux 双平台的编译与运行适配，维护跨平台构建脚本与 CI/CD 流程。
7. 调试与测试：使用主流开发工具进行代码调试、性能分析与单元测试，使用 Wireshark、USBlyzer 等协议分析工具进行通信报文抓包与问题定位。
8. 技术文档：编写软件架构设计文档、接口协议文档、调试手册及用户手册，其中含英文技术文档编写。
9. 跨团队协作：与嵌入式软件工程师、硬件工程师协作，对接设备固件协议、驱动接口与硬件寄存器映射，推动产品联调闭环。
10. 技术预研：跟踪 PC 端技术发展趋势，评估新技术方案（如微服务架构、跨平台框架、高性能通信等），完成技术调研与原型验证。",TCP/IP Modbus Linux CI/CD 微服务 数据采集 技术文档 技术方案,https://jobs.51job.com/suzhou-gyyq/173195865.html?s=sou_sou_soulb&t=0_0&req=02c155e1ad9f9fb3f5d802e4dd2cc088
PE电子工程师（汽车电子-急招）,仁宝信息技术（昆山）,7千-1.2万,昆山,苏州,本科,无需经验,2026-07-10 17:03:54,job51,"招募要求：
1. 本科（含）以上，CET-6，电子类/计算机类相关专业。
2. 良好的英文听说读写的能力，E-mail处理能力，英文技术档案阅读。
3. 有两年以上相关工作经验佳。2026届无经验亦可应征。
4. 良好的沟通能力，能够和各部门进行良性的沟通和解决问题

岗位职责：
1. 识别客戶及RD 输出的相关文件,与客戶/RD做技术沟通, 传递信息至相关单位，满足产品开发及客户特殊要求
2. 阶段性产出APQP相关文件
3. 撰写流程图, 主导PFEMA开发, 及PFMEA软体的应用
4.熟悉VDA、APQP、PPAP 体系规范及要求
5. 主导变更管理, 管理变更追踪, 并识别变更风险
6. 产线WI及标准性文件制作
7. 电子线路分析，熟悉电子元器件的工作原理，及其失效分析方法,掌握电子分析设备的使用
8. 处理SMT PCBA生产，系统组装流程，及设备的作业逻辑或过程",CET-6 E- APQP PPAP,https://jobs.51job.com/kunshan/172872163.html?s=sou_sou_soulb&t=0_0&req=02c155e1ad9f9fb3f5d802e4dd2cc088
测试开发电子工程师,捷鹏威电子（苏州）,1.2-1.8万·13薪,常熟,苏州,本科,3年及以上,2026-07-29 12:55:17,job51,"As a TD engineer, you'll need to: 
Develop test system electronics and electrical in test development projects （在测试开发项目中开发测试系统电子和电气方面） 
•	Design test fixtures and equipment, including electronics and electrical（设计测试夹具和设备，包括电子和电气方面）
•	Design test fixture electronics circuits based on test specifications or requirements with software tools such as Altium. （使用软件工具（如Altium）根据测试规范或要求设计测试夹具电子电路）
•	Design needed cables for the test fixture. （设计测试夹具所需的电缆）
•	BOM creation, ECN and maintain. （BOM的创建，ECN的维护）
•	Document the design work including the needed manufacturing documents.（编制设计工作文件，包括所需的制造文件）
Work closely with a project team and customers.（与项目团队和客户紧密合作）
•	Write test specifications and technical reports.（编写测试规范和技术报告）
•	Participate and organize reviews and verifications. （参与和组织评审和验证）
•	Discuss proposals with clients.（与客户讨论建议）
Test prototypes （测试原型）
•	Make sure the test fixture or test system meets the requirements and specifications. (确保测试夹具或测试系统符合要求和规范)
Verify the design work 
• Verify that the test fixture or test system meets the requirements and is suitable for the intended use. (验证测试夹具或测试系统符合要求并适合预定用途。)

Required know how and skills:
学历： 本科及以上
工作经验：3年以上电子电气设计，以及电子产品的电性能测试工作经验。
项目经验：独立的、从头到尾的、完成过5个以上FCT测试系统的电子电气部分的设计、调试工作。
英文水平：英语4级及以上。
设计工具：熟练使用Altium Designer。
原理图设计：可以根据Test Spec,PCBA文件或者实物，选择测试点，熟练设计测试使用的通讯电路、ADC采样电路、DIO控制电路、继电器电路、测试转接电路板等各类电路板。
PCB Layout: 可以独立的熟练完成2层和4层板的Layout。
不良品分析：可以根据Test Spec、PCBA原理图、测试系统接线图、测试不良项等相关资料，分析出测试不良的根本原因。",Gin Electron GAN 性能测试 As TD Develop Altium,https://jobs.51job.com/changshu/172810136.html?s=sou_sou_soulb&t=0_0&req=02c155e1ad9f9fb3f5d802e4dd2cc088
仿真设计工程师,苏州亿麦矽半导体技术,1-2万,苏州·吴中区,苏州,本科,3年及以上,2026-08-07 14:56:21,job51,"1.负责IC载板的翘曲、应力、可靠性等力学性能分析。
2.负责项目力学建模、仿直报告编写与输出，参与载板项目方案选型，提供材料选型、结构设计优化、支撑产品交付。
3. 建立并维护载板应力仿真Signoff流程，基于AI辅助开发自动化仿真工具或脚本，提高仿真效率。
4. 先进封装技术关联的载板前沿力学仿真方法研究，推动仿真方法的创新与应用。
5. 与载板设计、NPI、工艺等多团队紧密配合，推动仿真驱动的载板设计流程落地。

岗位要求：
1.学历要求：本科(含)以上，机械工程、材料科学、微电子、工程力学、电子封装技术等相关专业。
2.3年以上封装厂或载板厂工艺，产品，研发,新产品导入等相关工作经验，有大客户新产品导入开发经验更优。
3.精通结构力学仿真工具如Ansys Mechanical、Abaqus、Altair HyperMesh等，能够独立主导复杂封装力学仿真项目。
4. 掌握Solidworks、Spaceclaim、Proe等三维建模软件
5.具有较强的团队协作和组织能力, 在团队内能有效的引导、强化服务（内/外部）客户和品质意识。
6.有较强自我驱动力、执行力、责任心，情绪稳定，抗压力强。
7.善于分析问题、判断问题和解决问题，善于多边沟通，并驱动团队进行改善。",NPI Mechanical Abaqus Altair Spaceclaim,https://jobs.51job.com/suzhou-wzq/173191876.html?s=sou_sou_soulb&t=0_0&req=02c155e1ad9f9fb3f5d802e4dd2cc088
工艺工程师,上海爵企电子科技,1.2-1.5万·13薪,苏州·苏州工业园区,苏州,本科,5年及以上,2026-08-07 13:41:07,job51,"任职资格
 
1、本科及以上学历，机械设计制造及其自动化、材料成型及控制工程相关专业
2、5年左右机械加工工艺或NPI工艺相关经验
3、有半导体封装/测试设备部件（焊线、固晶治具、吸嘴等）高精度产品工艺经验者优先。
4、熟悉机加工（车、铣、磨、钻、EMD、慢走丝等）、热处理、表处理（电镀、氧化、PVD涂层）等工艺。
5、能独立完成工件的数控编程和加工试制
 
岗位职责
 
参与半导体封装/测试设备配件及耗材的新产品导入全过程。核心职责涵盖从设计阶段的DFM评审，到样件阶段的工艺规划、数控编程及试制生产，再到量产阶段的工艺标准化、量产移交培训及变更管理。确保新产品从图纸转化为稳定、高效、低成本量产实现的工艺技术方案设计与详图输出。
1、设计DFM分析与评审:
参与新产品设计，依据工艺能力对设计图纸进行可制造性分析，优化图纸结构与公差。向设计工程师提出修改建议，平衡产品性能与制造可行性。测算生产制造成本
2、样件工艺制定与试制:
制定样件加工工艺路线，独立编写CNC机加工程序（CAM），主导样件试制。负责加工流程中的加工定位、装夹方案及加工参数的制定；跟踪样件制作全过程，记录加工难点与实测数据，解决试制过程中的技术异常
3、量产工艺标准化:
编制量产SOP、工艺规范及PFMEA、CP文件，建立生产技术标准。负责产能规划与分析，制定标准产能和工时；对生产工艺路线及生产成本进行优化。
4、初期量产管理与移交
负责量产初期“护航”，主导生产培训与工艺移交评审。快速响应并解决产线出现的工艺波动。组织量产移交评审会议，向生产部门正式移交工艺文件、工装夹具及技术参数。
5、量产后的工艺变更管理
负责量产后的工艺变更（ECN）管理，包括变更的发起、评估、验证与实施。基于量产数据，持续优化工艺，提升效率和降低生产成本。针对量产中出现的重复性质量问题，主导工艺层面的根因分析以及纠正预防措施的制定和验证。
 
应具备的知识
 
1、精通至少一种CAM软件（如Mastercam，UG CAM等），熟练掌握FANUC、Brother等主流CNC三轴、五轴加工设备的编程和操机
2、熟练使用SolidWorks/UG/Creo等3D设计软件及AutoCAD。
3、熟练使用千分尺、高度规、投影仪、二次元等精密测量设备。
4、精通金属切削原理、刀具应用、夹具设计、GD&amp;T及公差分析。
5、熟悉ISO9001质量管理体系，了解APQP、PPAP、FMEA、CP等工具
6、具备较强的逻辑思维能力和现场异常分析处理能力；能有效与设计、质量、生产及供应商进行沟通；
7、吃苦耐劳，责任心极强。严谨细致，对工艺参数和产品质量有高度的",培训 技术方案 产品设计 EMD CAM ECN UG GD,https://jobs.51job.com/suzhou-gyyq/173189919.html?s=sou_sou_soulb&t=0_0&req=02c155e1ad9f9fb3f5d802e4dd2cc088
资深电气工程师,苏州光斯奥光电科技,1.5-2.2万,苏州·相城区,苏州,大专,3年及以上,2026-08-07 09:45:08,job51,"职位要求：
1、电气工程、自动化工程或相关专业；
2、至少3年以上的电气控制系统设计工作经验，有液晶面板、汽车电子行业经验者优先考虑；
3、团队协作意识强，能吃苦耐劳，有相关团队管理经验者更佳；
4、良好的语言表达和沟通协调能力；
5、能独立承担电气设计任务，能承受工作压力，做事认真、踏实，富有进取心；
6、能熟练使用三菱（Q系列/R系列）、汇川（Easy系列/AC系列）、基恩士（KVX系列）西门子1500系列PLC编程，熟练使用ST语言编程者优先；
7、熟练使用EPLAN制图；常用电气元件的选型；
8、熟练使用Proface触摸屏、威纶通触摸屏、三菱触摸屏；
9、熟练使用安川/汇川/EPSON机械手臂；
10、熟练EtherCAT,CANOPEN、CC-LinK,ModbusTCP/RTU,RS232,RS485等通讯。
11、能适应出差
工作内容：
1、参与设计评审，负责前期方案的电气支持和电气方案的制定。
2、负责电气BOM选型。
3、负责电气控制程序的设计、调试，出具电气调试计划。
4、设计电气控制电路图纸，指导电工进行电气柜配线及布线。
5、负责系统的电气调试过程中问题点反馈与追踪。
6、输出设备软件使用说明书，输出电气易损件清单。
7、配合售后人员处理设备运行中发现的问题。",CAN Modbus 团队管理 CANOPEN CC-LinK ModbusTCP RTU RS232,https://jobs.51job.com/suzhou-xcq/173185447.html?s=sou_sou_soulb&t=0_0&req=02c155e1ad9f9fb3f5d802e4dd2cc088
TOWA封装设备工程师,苏州晋佳电子科技,8千-1.6万·14薪,苏州·吴中区,苏州,大专,5年及以上,2026-08-07 11:52:39,job51,"核心工作是将客户现场服役多年的TOWA老机型（Y1/Y1E/Y1R/YPM系列等）通过加装传感器、改造控制系统、接入工业互联网平台等方式，实现设备状态透明化、工艺参数可追溯、维护预测智能化。
岗位职责：
1. 设备改造方案设计与实施，针对TOWA全系列塑封设备（重点为Y1/Y1E/Y1R等老机型，兼顾YPM/CPM/PMC系列）；
2. 跨专业技术协作，参与系统级联调，确保改造后的设备在MES/SCADA/工业互联网平台侧的数据完整性及控制指令下发的可靠性；
3. 技术文档与标准化沉淀，编制改造项目的技术交付文档，总结不同机型的标准化改造模板，提炼复制，降低后续交付成本；
4. 客户技术对接与培训
任职资格（5年以上·硬性筛选标准）
1.大专及以上学历，机械工程、自动化控制、电气工程、机电一体化、电子封装等相关专业，本科优先，但大专+丰富老机型改造实战者同等对待；
2.5年以上半导体封装Molding设备相关经验，熟悉TOWA新老机型
3.具备现场技术评估能力，能快速判断一台TOWA设备改造的技术可行性、难点及风险点
4.有项目时间管理意识，能配合项目经理把控客户产线停机窗口与交付节点。
5.能适应客户现场短期出差。
能力优异者，薪资可面议",方案设计 技术文档 培训 Y1 Y1E Y1R CPM SCADA,https://jobs.51job.com/suzhou-wzq/173188883.html?s=sou_sou_soulb&t=0_0&req=02c155e1ad9f9fb3f5d802e4dd2cc088
CT工艺工程师,万东百胜（苏州）医疗科技,1.3-2万,苏州·高新区,苏州,本科,3年及以上,2026-08-07 14:13:28,job51,"主要职责：
1：负责CT新产品导入项目管理；
2：负责CT新产品设计转换，编写DHF和DMR等文档；
3：负责CT新品和量产品的工艺流程设计及优化；
4：负责产品工艺管理，BOM维护、图纸维护、SOP维护、变更管理、工艺验证，物料验证等；
5：负责产品技术故障分析、排查与解决；
6：负责开发或引进自动化设备、辅助工装设备等提高生产效率、保证产品质量；

任职要求：
1：本科及以上学历，生物医学工程、医学影像、电子电气、计算机、核工程、应用物理、实验物理、光电等相关专业；
2：3年以上CT设转及工艺工作经验；
3：熟悉医疗器械生产企业相关法律法规及体系，有ISO 13485培训证书者优先；
4：熟练使用CREO等3D绘图软件，CAD软件，AI绘图软件；
5：良好的英语听、说、读、写能力；
6：熟练使用SAP，PLM，MES等系统；
7：工作态度积极主动，独立工作能力强，善于沟通，有较强的团队意识；",项目管理 产品设计 培训 PLM,https://jobs.51job.com/suzhou-gxq/173190721.html?s=sou_sou_soulb&t=0_0&req=02c155e1ad9f9fb3f5d802e4dd2cc088
PMC应用工程师,上海培风图南半导体,1.7-3万,苏州·苏州工业园区,苏州,硕士,2年及以上,2026-08-09 03:00:07,job51,"1、为用户提供等离子仿真软件的技术支持，包括安装、使用、模型搭建、结果分析等。
2、收集并分析用户在实际工程中的物理需求，转化为产品功能需求。
3、设计仿真与实验/文献数据的对比方案，评估软件中等离子体模型的准确性。
4、跟踪并解决用户在使用过程中遇到的问题，必要时与研发团队协同定位软件缺陷或性能瓶颈。
5、基于典型工业或科研场景，开发标准仿真案例与教程，编写用户文档，提升软件易用性与推广效果。

职位要求：
1、硕士及以上学历，等离子体物理、电气工程、物理电子、微电子、机械工程等相关专业。
2、等离子体物理基础、理解低温等离子体中的基本过程。
3、熟练、使用以下一种或多种等离子仿真工具：COMSOL、VSim / VSimPD、PICMC / XPDP1、CST Particle Studio、ANSYS Maxwell。
4、有多物理场耦合（电磁+等离子体+热+化学反应）经验者优先。
5、了解PIC、流体模型等基本数值方法，能使用Python / MATLAB进行数据处理、曲线拟合或简单模型开发。
6、有半导体刻蚀/沉积工艺或等离子体设备（如ICP刻蚀机、PECVD）使用经验优先。",Python MATLAB 技术支持 COMSOL VSim VSimPD PICMC XPDP1,https://jobs.51job.com/suzhou-gyyq/173200996.html?s=sou_sou_soulb&t=0_0&req=02c155e1ad9f9fb3f5d802e4dd2cc088
机械结构设计工程师,嘉兴博源电子科技,1.5-2万·13薪,苏州,苏州,大专,3年及以上,2026-08-07 09:04:42,job51,"主要负责非标自动化设备的机械设计，能力优秀者提供竞争力待遇，按照项目提成奖金。
工作内容:
1、负责非标自动化测试设备的结构设计;
2、熟练应用Solidwords，CAD等设计软件;可以根据产品工艺要求，独立设计相关的机械结构和设备的3D图;根据装配工业和机加工艺，制作正确的2D工程图纸;
3、熟练钣金、机架、机械传统结构设计，可以根据方案技术要求，设计相关需求的设备、系统;
4、具有较强的动手能力，创造能力。
岗位职责:
1、非标自动化相关结构设计 经验3年以上，
2、拟定项目实施计划，编制项目设计方案，预估项目成本、绘制项目设计图纸，出具项目设计详细BOM、归集项目过程文件，总结和分享项目经验;
3、设计和改进自动化机械系统，包括机械结构和传动装置等;
4、进行可行性研究和技术评估，确保设计的可行性和可用性，
5、协助解决生产中的技术问题和故障排除;
6、与电气/电子工程师和其他团队成员合作，确保设计符合项目需求;
7、机械设计制造及自动化、机电一体化等相关专业;",自动化测试,https://jobs.51job.com/suzhou/173184527.html?s=sou_sou_soulb&t=0_0&req=02c155e1ad9f9fb3f5d802e4dd2cc088
机械工程师,嘉兴博源电子科技,1.5-2万·13薪,苏州,苏州,大专,3年及以上,2026-08-07 10:12:16,job51,"主要负责非标自动化设备的机械设计，能力优秀者提供竞争力待遇，按照项目提成奖金。
工作内容:
1、负责非标自动化测试设备的结构设计;
2、熟练应用Solidwords，CAD等设计软件;可以根据产品工艺要求，独立设计相关的机械结构和设备的3D图;根据装配工业和机加工艺，制作正确的2D工程图纸;
3、熟练钣金、机架、机械传统结构设计，可以根据方案技术要求，设计相关需求的设备、系统;
4、具有较强的动手能力，创造能力。
岗位职责:
1、非标自动化相关结构设计 经验3年以上，
2、拟定项目实施计划，编制项目设计方案，预估项目成本、绘制项目设计图纸，出具项目设计详细BOM、归集项目过程文件，总结和分享项目经验;
3、设计和改进自动化机械系统，包括机械结构和传动装置等;
4、进行可行性研究和技术评估，确保设计的可行性和可用性，
5、协助解决生产中的技术问题和故障排除;
6、与电气/电子工程师和其他团队成员合作，确保设计符合项目需求;
7、机械设计制造及自动化、机电一体化等相关专业;",自动化测试,https://jobs.51job.com/suzhou/173186280.html?s=sou_sou_soulb&t=0_0&req=02c155e1ad9f9fb3f5d802e4dd2cc088
高级软件工程师,苏州博众仪器科技,1.5-2.5万·13薪,苏州·吴江区,苏州,本科,5年及以上,2026-08-07 11:34:24,job51,"岗位职责：
1、负责工控设备上位机软件的UI与交互模块开发（WPF/Windows桌面）；
2、设计并实现上位机图形UI交互功能；
3、负责图像与坐标系统的设计与实现，自定义用户控件的开发；
4、参与UI架构设计（MVVM/组件化/插件化）；
5、协同编制研发过程中控制系统相关的设计文件、技术文档、操作手册等。
任职要求：
1、电子信息技术、计算机科学与技术、自动化等相关专业； 
2、拥有5年以上工控设备上位机开发相关工作经验，本科及以上学历；
3、精通C#编程语言、熟悉.Net桌面开发、熟悉Web API开发；
4、熟练使用WPF主流UI开发框架、熟悉Mvvm设计模式及依赖注入；
5、熟悉运动控制，网络通信和串口通信；
6、工作认真负责，有较强的持续学习能力，同时具有较高的保密意识和团队合作能力；
7、有电子显微镜、精密光学仪器、自动化设备等工作经验者优先。",C# 技术文档 WPF MVVM,https://jobs.51job.com/suzhou-wjq/173188477.html?s=sou_sou_soulb&t=0_0&req=02c155e1ad9f9fb3f5d802e4dd2cc088
电子工程师,昆山瑞弘测控自动化设备,2.5-3.5万,昆山,昆山,大专,5年及以上,2026-07-16 10:16:46,job51,"岗位职责：
1、负责电子产品硬件方案设计、元器件选型、原理图及 PCB 设计；
2、完成硬件样机调试、性能验证、故障分析与整改；
3、制定硬件测试方案，开展可靠性、EMC、电气性能相关测试；
4、输出 BOM、硬件设计文档、测试报告及版本变更资料；
5、配合嵌入式、结构、生产团队开展软硬件联调、试产跟进，解决量产硬件问题；
6、持续优化硬件方案，控制物料成本，跟进物料替代与供应链技术对接。

任职要求：
1、掌握模拟电路、数字电路基础；熟悉电源电路、运放、各类总线外围电路；
2、熟练使用至少一款 PCB 设计软件；
3、能熟练使用示波器、万用表等测试仪器；
4、了解 EMC、安规基础、可靠性设计优先；
5、看得懂英文芯片 datasheet；
6、精通单片机软件设计，精通C语言，有一定嵌入式软件开发经验更优；

如能力强，薪资可面议！",单片机 C语言 方案设计 供应链 PCB EMC BOM,https://jobs.51job.com/kunshan/168301493.html?s=sou_sou_soulb&t=0_0&req=53b928df6acf784fbbaeac6e9ea75652
电子工程师（EE）,富士康电子工业发展（昆山）,9千-1.6万·13薪,昆山,昆山,本科,3-4年,2026-08-07 16:40:07,job51,"分析客戶需求規格書
完成產品電路板的原理圖及PCB設計開發，嵌入式類的程序設計開發，調試測試性能
完成產品測試類系統開發
編寫產品設計開發相關文檔
任職要求:
5年以上電子設計經驗；
有英語读写能力，有一定的口语能力优先
满足如下条件至少两条：
1.熟悉并掌握至少一种嵌入式平台固件程序開發（ST/TI/MICROCHIP）
2.能夠獨立設計電子產品原理圖，掌握电源，基带，射频，音频，UI，外设设计之中三种以上
3.熟悉并掌握至少一種Layout軟件（PADS/Cadence/AD）,熟知摆件及走线规则，高速数字信号完整性，阻抗匹配，安规，射频，音频信号等要求
4.熟悉并掌握至少一种PC类软件开发环境（Windows or MAC OS）
5.熟悉并掌握至少一种移动终端类APP软件开发环境（Android or IOS）
6.熟悉并掌握电子类产品测试，能够搭建测试系统，开发测试硬件和软件，包括被動元件，耗电，功能，程序烧写，音频，射频等",ST TI MICROCHIP UI PADS Cadence AD Windows,https://jobs.51job.com/kunshan/53641305.html?s=sou_sou_soulb&t=0_0&req=53b928df6acf784fbbaeac6e9ea75652
研发工程师(电子工程师),贸联电子（昆山）,25-35万/年,昆山,昆山,大专,5年及以上,2026-06-30 10:36:34,job51,"学历：大专以上
专业：电子相关专业
工作经验和技能：
1.熟悉模电、数电，电源电路，高速讯号PCB设计
2.熟悉使用Orcad，Allegro，Office（Word，Excell，PPT）
3.熟练使用示波器，E-Load，电源供应器，温度记录器
4.需有5年以上电子硬件设计相关经验
5.有笔记本电脑，Type C扩展坞经验者尤佳
6.责任感强，逻辑性好",Allegro Word Excell PPT E-Load Type,https://jobs.51job.com/kunshan/166109116.html?s=sou_sou_soulb&t=0_0&req=53b928df6acf784fbbaeac6e9ea75652
电子工程师（硬件）,昆山硕通电子,8千-1.5万,昆山,昆山,大专,3年及以上,2026-07-28 15:22:45,job51,"工作内容：
1、 负责公司产品电子硬件部分的设计，原理图的绘制，PCB板layout；
2、器件的选型及产品测试认证，与相关部门沟通配合，保证项目顺利完成；
3、参与新项目的评估，确认项目在技术方面的可实现性；
4、在产品设计开发阶段配合制造、品管等相关部门一起评估产品的可生产性；
5、上级主管安排的其他工作


技能及经验：
1、大专以上学历，应用电子、电子信息、计算机相关专业；
2、2年以上电源、充电器或相关行业电子产品设计与开发经验，同等电子工程师岗位3年以上工作经验；
3、对电子类产品的安规、EMC有一定的整改经验；
4、精通拟电路的设计、熟悉各类电子元器件性能及设计；
5、熟练操作Altuim Designer、Autocad等设计开发软件；
6、熟悉电源类产品的测试，熟练使用电源类产品的测试仪器。
个性：
1、性格开朗，思路活跃，追求创新，敢于承担；
2、有缜密的逻辑分析能力，有较强的团队配合意识；
3、具有较好的沟通能力；",产品设计 Designer,https://jobs.51job.com/kunshan/115314300.html?s=sou_sou_soulb&t=0_0&req=53b928df6acf784fbbaeac6e9ea75652
电子工程师--TSC,富士康电子工业发展（昆山）,8千-1.3万·13薪,昆山,昆山,大专,2年及以上,2026-08-07 16:40:07,job51,"工作描述:
1. 协助机构工程师,共同完成产品的设计及开发
2. 产品相关硬件开发数据的发行及维护
3. 电子硬件的设计开发,包括完成原理图、电子线路图的设计、器件选型及功能实现
4. 电子料评估及导入
5. 元器件库的建立与审查
6. 跨部门提供电子方面的技术支持
 职位要求:
1. 了解数字电路和仿真电路相关知识
2. 熟练使用万用表、示波器、power supply等仪器
3. 对主动与被动原件的原理和使用较为熟悉
4. 大专以上学历,电子信息工程相关专业
5. 具有一定的电子分析能力,可对电路故障进行失效分析",技术支持 power,https://jobs.51job.com/kunshan/152533943.html?s=sou_sou_soulb&t=0_0&req=53b928df6acf784fbbaeac6e9ea75652
电子硬件工程师,上海辰仪测量技术,1.2-2.2万,昆山,昆山,本科,3年及以上,2026-08-03 18:19:52,job51,"岗位职责：
1.主要负责传感器检测电路、信号变送器、测量仪器的电路设计 ，主要包括低频模拟电路，数字电子，嵌入式硬件等；
2.负责硬件选型(包括OPA、ADC、DAC、 MCU等)；
3.负责硬件原理图设计、PCB layout设计、硬件调试；
4.参与或负责嵌入式软件硬件驱动部分的设计或调试。
任职要求：
1.本科及以上学历，测控技术与仪器、电子信息工程、电子科学与技术、仪器仪表工程、自动化、机电一体化、物联网工程（传感器方向）等相关专业；
2.三年以上嵌入式/单片机开发经验，熟悉一种或以上常用单片机的的硬件设计
3.熟悉常用模拟电路，如运算放大电路、I/V 等等；擅长惠更斯电桥或微弱信号放大的优先；
4.有工业智能传感器或信号变送器设计的优先考虑
5.有EMC或信号完整性设计经验的优先考虑；
6.熟练使用办公软件AD\candence等绘图软件；
7.工作积极主动，身体健康；沟通协调能力较好；",MCU 单片机 CAN ADC DAC PCB,https://jobs.51job.com/kunshan/155812726.html?s=sou_sou_soulb&t=0_0&req=53b928df6acf784fbbaeac6e9ea75652
电子硬件工程师,卡图电子（昆山）,1-1.5万·13薪,昆山,昆山,本科,3-5年,2026-06-29 09:13:53,job51,"1.负责公司嵌入式硬件技术开发，承担产品的硬件电路设计器件选型、PCB绘制;
2.制定硬件相关的设计指导或规范;
3.项目中产品的总体设计和新器件选型,关键电路设计认证,设计评审，负责样机验证，主导产品性能如安全、电磁兼容性等测试;
4.提供产品生产和维护相关的技术支持,指导硬件工程师工作;
5.开发文件编制;进行技术可行性分析和产品规划;
6.负责公司产品整体硬件方案设计;
7.配合进行硬件设计调试、验证、测试等工作;
8.编写硬件相关文档:如设计报告、实验报告、验收报告等
任职要求:
1.本科及以上学历;
2.2年以上嵌入式硬件开发经验，精通模拟电路和数字电路;可独立开发项目能力，具有一定的项目管理和执行能力，具有软件背景经验者优先;
3.动手能力强，会焊接;
4.会英语读写能力;
5.有项目管理及团队建设经验者优先，
6.熟练使用各类电子测试仪表，如:示波器、万用表等
熟悉电子电路的调试工艺:
7.熟悉电子电路的原理设计、PCB设计，需要熟悉EMCAD或EDA绘图软件，熟悉IIC、SPI串口等通讯协议。
8.要求会C++，有3-5年相关软件工作经验",SPI C++ 技术支持 产品规划 方案设计 项目管理,https://jobs.51job.com/kunshan/169906240.html?s=sou_sou_soulb&t=0_0&req=53b928df6acf784fbbaeac6e9ea75652
电子产品工程师,斯沃博达汽车电子（昆山）,1.2-1.5万·14薪,昆山,昆山,大专,3年及以上,2026-08-07 09:36:23,job51,"Main responsibilities主要职责:
 
Responsible for design and system integration of automotive sensor part设计研发集成汽车传感器部件
Development of product and EOL test specification制定产品技术和EOL测试规格书
Schematic and PCB layout design, components selection according to customer specification根据客户规格需求进行元器件选型，设计原理图和PCB布局
Support DFMEA engineer complete DFMEA analysis and document支持DFMEA工程师完成设计失效分析和DFMEA文件。
Communication between internal departments and technical cooperation with German development department内部各部门之间的沟通交流以及与德国开发部门的技术沟通与交流。
Report work progress to supervisor regularly 定期向主管汇报工作进展
Archiving of design and development documents设计与开发文件的归档
Front-end study for new technology and methodology of automotive electronic product test/design and manufacture前期调研汽车电子产品方面的新技术
Open mind to share with other team members the research result愿意分享研究成果给团队其他成员
Support sales to do technical communication with customer and new product promotion支持销售部门与客户做技术交流和新产品推广
Responsible for EMC and electrical performance test and write EMC test plan。Analysis the test fail sample and provide solution。负责EMC和电性能测试, 编写EMC测试计划。对测试失败产品分析并给解决方案。
Support quality engineer to analysis the fail series product支持质量工程师对量产产品问题分析



 
Qualification Requirement任职资格要求： 
Electronic Engineering college and above 电子信息工程或相关专科或以上学历 
3 years or above electronic design experience is required for this position 3年以上电子设计工作经验
Working experience in automotive electronics industry is preferred具有汽车电子行业工作经验优先。
Good skill in using ALTIUM designer(or comparable tool) for designing circuit boards 熟练使用Altium designer(或类似工具)设计电路板。
Working experience in ECU development is preferred 具有控制器产品开发经验优先。
Good comprehension, self-learning ability, good communication skill 具有良好的理解力，自学习能力，良好的沟通能力。
Good problem analysis and problem solving ability 具有良好的分析问题和解决问题能力。
CET-4 certificate desirable英语四级证书
Proven ability to work independently in a dynamic work environment and to strive for solid results by collaboration with colleagues from different background能够独立完成日常工作，并和不同背景的同事有效合作，取得工作成果。
 Honesty, integrity and teamwork 诚实、正直和团队合作。",Gin Electron SAM Go 性能测试 测试计划,https://jobs.51job.com/kunshan/137671552.html?s=sou_sou_soulb&t=0_0&req=53b928df6acf784fbbaeac6e9ea75652
电子回路设计,伟时电子,8千-1.6万,昆山,昆山,大专,5年及以上,2026-06-11 11:06:08,job51,"岗位职责： 
1、直下BL的驱动回路设计、基板设计、电气部品的选定；
2、点灯治具的点灯回路和基板设计 ；
3、点灯治具的程序设计（Python,C++)不做要求，会的话更好 ；
4、产品＆点灯治具故障时的确认、修正/改善、验证等 ；
5、和相关部门一起推进项目到量产 。
任职要求：
1、学历：大专以上； 
2、懂电气部品的原理以及相关知识、以及 能看懂理解部；品的说明书（date sheet）进行回路设计和部品选定；
3、有液晶的驱动回路的知识的话，更好；
4、有5年以上相关经验；
5、日语或者英语不做要求，会的话，更好 。",Python C++ sheet,https://jobs.51job.com/kunshan/137944110.html?s=sou_sou_soulb&t=0_0&req=53b928df6acf784fbbaeac6e9ea75652
電子開發工程師--TSC,富士康电子工业发展（昆山）,9千-1.5万·13薪,昆山,昆山,大专,3年及以上,2026-08-07 16:40:07,job51,"未來工作內容描述:
1.主導汽車Sensor, HV WH及Charging Cable自製電子開發專案.
2.依APQP及DR系統管制新產品開發進度.
3.確保PCBA及電子2/3D零件至成品Data(試模到量產移轉).
4.確保線上組裝至測試模檢夾治具開發Data進度.
5.確保線上NPI及SOP人員訓練狀況.
6.確保產線稼動及異常問題點分析及排除.
工作經歷專業技能要求:
1.具汽車電子及ICCPD設計開發經驗.
2.2/3D車用及電機PCBA製圖能力.
3.具汽車電子及電機電路設計開發背景.
4.工控儲能, 汽車電池高壓及充電系統電子電機開發背景.
4.具強烈責任心及抗壓能力.
5.熟悉TS16949及車用規範, APQP開發流程.",Gin HV,https://jobs.51job.com/kunshan/153564215.html?s=sou_sou_soulb&t=0_0&req=53b928df6acf784fbbaeac6e9ea75652
PACK电子设计工程师,昆山兴能能源科技,8.5千-1.1万·13薪,昆山,昆山,大专,2年及以上,2026-07-13 11:11:18,job51,"岗位职责
1.负责无人机电池组、手持式终端类电池组PCM设计、审查、验证、承认；
2.电池组产品的规格书等文件制定；
3.电池组电性方面的设计确效；
4.量产前性能问题失效分析；
5.协助业务技术支持。

任职要求
1.大专及以上学历；
2.电子相关专业；
3.英语说读写；
4.有电池组PCM设计经验，有无人机电池组电子设计经验更佳；
5.能独立完成电池组保护板电子线路设计、Layout；
6.懂电池组测试，利用相关电子设备对电池性能测试；
7.熟练使用AD软件。",技术支持 性能测试 Layout,https://jobs.51job.com/kunshan/146463952.html?s=sou_sou_soulb&t=0_0&req=53b928df6acf784fbbaeac6e9ea75652
电子工艺工程师,昆山隆中麦士格瑞汽车部件,8千-1.5万,昆山,昆山,大专,3年及以上,2026-07-23 10:54:08,job51,"【工作内容】
- 负责电子产品的工艺流程设计与优化，提升生产效率和产品质量；
- 参与新产品导入（NPI）过程，协助完成工艺验证与量产准备；
- 协调与研发、生产、质量等部门的沟通协作，确保工艺方案顺利实施；
- 编制和维护工艺文件，确保符合行业标准及客户要求。
【任职要求】
-本科以上学历，电子工程、电子信息、自动化等相关专业；
- 对电子制造工艺有基本了解，具备良好的学习能力和责任心；
- 具备良好的沟通协调能力，能适应团队合作的工作环境；
- 有相关实习或项目经验者优先，但不限工作经验。",NPI,https://jobs.51job.com/kunshan/168294992.html?s=sou_sou_soulb&t=0_0&req=53b928df6acf784fbbaeac6e9ea75652
EE工程师-APS,富士康电子工业发展（昆山）,8千-1.6万·13薪,昆山,昆山,大专,3年及以上,2026-06-22 08:52:49,job51,"1.基于客户或市场需求分析，尋找合適的IC方案，完成产品的前期评估及报价。
2.按照产品要求，完成电路的设计，仿真，并生成报告。
3.负责样品制作，以满足产品功能及客户要求。
4.电路设计过程中相关文件的编制、并完成硬件调试、测试。
5.培训内部相关人员使其具备电路设计知识及熟练相关设计软件。
6.试量产项目的异常维护、支持故障件的分析。
低階：
 整理 BOM：填料號、規格、廠商、替代料，不做方案決策
庫管、建零件庫、整理圖檔
協助焊接、打樣、基本量測（萬用表、電源、示波器基礎）
按測試流程跑測試、記錄數據、寫報告
中階：
 PCB Layout + BOM 全流程
負責一個或多個功能模塊（電源、介面、主控、驅動…）
BOM 能自己选型、做成本優化、替代料方案
高階: 
硬體架構設計
關鍵技術攻關
BOM 策略：料件平台化、供應商策略、成本 &amp; 交期平衡、風險控管
Layout 規範制定
帶團隊、做技術評審、解決量產重大問題、對客戶 / 高層做技術匯報
工作經歷專業技能要求
1.大专及以上学历，电子工程等相关专业背景。
2. 了解Dongle/Docking類IC方案，有實際產品經驗優先。有wall charger&amp;無線充電實際產品經驗優先。至少3年類似產品的工作經驗。
3. 具备电路原理图/PCB设计能力。
4. 熟练掌握OrCAD/altium designer/cadence软件。
5. 熟練掌握电子部件（电感，电容，二极管，MOSFET等）的屬性，能夠正確選型。
6. 责任心强，沟通能力优秀，逻辑思维清晰，认真细致，抗压能力强。
7. 能夠配合國內外出差。
8. 英文讀寫熟練，聽說能力可與客戶進行簡單溝通。",需求分析 培训 BOM PCB Layout,https://jobs.51job.com/kunshan/157208553.html?s=sou_sou_soulb&t=0_0&req=53b928df6acf784fbbaeac6e9ea75652
硬件工程师,天通精电新科技,1.8-2.5万,嘉兴·南湖区,昆山,本科,3年及以上,2026-08-03 10:27:47,job51,"岗位职责：
1、熟悉新能源行业关键元器件特性并能熟练应用，熟悉了解系统UL/CE等系统认证; 
2、有过硬嵌入式设计理论知识、精通模拟、数字等电子基础知识，掌握信号完整性原理，掌握各种电源变换电路 ；
3、熟练运用Altium Designer 、PROTEL、CANDANE、PADS中的一种或其他软件绘制原理图
和电路板布线；熟悉常见通信协议、总线、外设驱动开发, 如SMBUS，I2C，CANBUS，SPI，UART，RS485，RS232，PD3.0等,有具体的调试经验。；
4、能独立设计原理图和制作BOM; 掌握C编程语言及常用单片机开发，熟悉Keil uVision5、STM32CubeMX、Codeworriror、Source insight IDE，Matlab Simlink等代码编写与测试工具，具有一定的嵌入式开发能力；熟练掌握万用表、示波器和电子负载等常用仪器的使用，有软硬件联调Debug经验；
任职资格：
1、电子信息类，机械电子类或其他电子类相关专业本科及以上学历，优秀人士不限学历；
2、3年以上电力电子设计经验，有5年以上新能源产品的电子开发经验，大功率（3kW以上）优先；
3、熟悉汽车电子开发流程，熟悉电力电子软硬件开发，具有设计规划能力；
4、责任心强，具有全局观，工作严谨负责，积极主动，具有良好的沟通能力和团队合作精神，能承受工作压力；
5、具有较强的动手能力，能够根据设计独立进行系统电路调试；
6、具备良好的职业道德和职业习惯。",CAN I2C SPI UART 单片机 STM32 MATLAB,https://jobs.51job.com/jiaxing-nhq/166406965.html?s=sou_sou_soulb&t=0_1&req=53b928df6acf784fbbaeac6e9ea75652
硬件开发工程师（高级）,天通精电新科技,1.5-2.5万,嘉兴·南湖区,昆山,本科,3-5年,2026-08-03 10:27:38,job51,"岗位职责:
1.负责工控、汽车电子相关产品整体设计，方案和关键电路选型；
2.重点负责产品的关键技术、核心技术创新和攻关，实现产品的量产和生命周期维护。
3. 负责产品规格制定、具体方案定型、电路设计、可靠性设计、可制造性设计。负责项目调试测试及验证。确保产品满足性能、质量及成本要求。
4．负责产品研发过程中的技术文件管理、评审过程管理。确保产品设计周期开发及技术资料交付完备性。
5. 参与资源整合，引进技术，服务客户，完善开发平台。
任职要求:
1.电子、通信、计算机类相关专业，硕士或本科5年以上。
2.至少3-5年以上工业控制、汽车电子等电子产品硬件开发经验，有物联网和嵌入式开发设计经验。
3.熟练掌握原理图设计工具(Allegro,ORCAD,ProteDXP)，能Layout，熟悉ARM等处理器总线及性能，熟练使用示波器等仪器仪表。
4.具备丰富的高速PCB设计经验及EMC可靠性设计经验。
5.扎实的电子电路和数据通信理论知识，能够熟练阅读和理解英文资料。
6.良好的沟通表达能力，学习创新能力强，有一定的抗压能力。
7.富于团队精神有宽广的视野，有上下游资源整合和客户服务能力。",ARM 产品设计 客户服务 Allegro ORCAD ProteDXP,https://jobs.51job.com/jiaxing-nhq/166407027.html?s=sou_sou_soulb&t=0_1&req=53b928df6acf784fbbaeac6e9ea75652
Electronic System Engineer,苏州安通林汽车内饰,1.6-2.4万·14薪,昆山,昆山,本科,4年及以上,2026-07-08 16:04:20,job51,"1- Perform the tasks of the electronic product life cycle with main focus on AUTOMOTIVE SPICE SYS processes.
2- Deep knowledge of SYS/SW/HW requirements management.
3- Manage project respecting key milestones &amp; financial index.
4- Follow the processes and standards defined in the Grupo Antolin Development Procedure.
5- In particular, follow the Automotive SPICE / ISO 26262 methodologies as define in process P-16X.
6- Achieve all the deliveries as define in the project timing.
7- Provide the system documentation to the projects as define in process P-16X.
8- In collaboration with other functional teams in projects
9- Other tasks assigned by management

Requirement:
Electronics / Telecommunication / Computer Engineering Academic background.	
Experience in the automotive electronics hardware or software development more than 2 years + experience in automotive electronics system development more than 1 years
Experience in development respecting A-SPICE and ISO26262.
Experience in DFMEA, FTA, DFA		
Person used to work under pressure and oriented to the fulfillment of deadlines and objectives
Communication skills 
Competencies: Flexibility (which can adapt to continuous changes), Proactivity, Thoroughness, Analysis Ability, Independence, Teamwork.",Electron SPI Gin LLM CAN Perform AUTOMOTIVE SPICE,https://jobs.51job.com/kunshan/152538313.html?s=sou_sou_soulb&t=0_0&req=53b928df6acf784fbbaeac6e9ea75652
硬件工程师（数字信号处理）,天通精电新科技,1.5-2万,嘉兴·南湖区,昆山,硕士,3年及以上,2026-08-03 10:27:38,job51,"岗位主责： 
1. 参与系统方案设计和技术路线论证，协助系统工程师进行硬件需求分解和硬件方案设计； 
2. 独立完成硬件总体方案，硬件原理图设计、器件选型，产品性能设计及测试如EMC、安规、稳定性等；独立进行硬件单元开发和测试工作； 
3. 根据硬件方案拟定测试计划和方案，并参与整机功能测试和性能测试； 
4. 故障定位和分析，推动相关人员进行测试验证和整改优化；
5. 参与硬件转产工作；
6. 设备维护和工程故障跟踪。 
任职资格： 
1. 全日制硕士研究生3年及以上经验，计算机、通信、电子、自动化等相关专业；
2. 有通信、自动化、工业控制、仪器仪表等行业经验为佳；
3. 扎实的电力电子技术、数字电路和模拟电路基础，有独立的开发能力和参与完整项目的经验；
4. 熟练掌握Cadence或AD等常规设计工具软件，具有ARM、x86、FPGA平台6层板以上Layout经验； 
5. 熟练掌握高精度万用表、示波器、频谱仪等常用测试仪表； 
6. 熟悉嵌入式设计、低噪声设计、FPGA设计、高速设计、功率分配和驱动等其中一个或多个方向者尤佳； 
7. 熟悉EMC和安规设计和测试整改； 
8. 善于沟通和团队合作，良好的文档能力和动手能力。",ARM FPGA 方案设计 测试计划 功能测试 性能测试,https://jobs.51job.com/jiaxing-nhq/166406989.html?s=sou_sou_soulb&t=0_1&req=02118acfc60961b3dca403f91b55ba73
电源高级开发工程师(电源工控类),天通精电新科技,1.5-2万,嘉兴·南湖区,昆山,本科,5年及以上,2026-08-03 10:27:38,job51,"岗位职责:
1.	负责工控汽车电子品电源部分的设计，方案和关键器件选型；
2.	完全负责300~2000W级各砖类电源产品的选型和开发。
3.	负责产品规格制定、方案选型、电路设计、可靠性设计、可制造性设计。负责项目调试测试及验证。确保产品满足性能、质量及成本要求。
4.	负责电源产品研发过程中的技术文件管理、评审过程管理。确保产品设计周期开发及技术资料交付完备性。
5.	参与制定砖类产品线产品及技术规划，整合资源引进技术，服务客户，完善开发平台。
任职要求:
1.电力电子相关专业，硕士或本科5年以上中大功率ACDC产品设计调试经验。
2.熟练掌握大功率产品功率变换电路的拓扑（PFC 、LLC、半桥、全桥等）。有数字电源开发经验者优先。
3.有300W以上高效率，高功率密度ACDC电源产品设计经验，能独立进行电感/变压器设计以及优化，有EMC整改经验。
4.有扎实的电力电子技术基础，良好的电路分析能力，较强的动手能力。能独立进行电源相关技术问题的分析及应对。
5.熟练掌握产品开发工具（如：MathCad MATLAB计算、仿真、原理图绘制等软件）对产品理论设计有良好的设计过程经历。
6.富于团队精神，有精益求精的设计习惯。有良好的计划性，能按时达成任务的交付。
7. 有宽广的视野，有上下游资源整合和客户服务能力。",MATLAB 产品设计 客户服务 PFC LLC MathCad,https://jobs.51job.com/jiaxing-nhq/166406614.html?s=sou_sou_soulb&t=0_1&req=02118acfc60961b3dca403f91b55ba73
高级电源软件工程师（电源工控类）,天通精电新科技,1.5-2万,嘉兴·南湖区,昆山,本科,3年及以上,2026-08-03 10:27:38,job51,"岗位职责:
1.负责工控汽车电子电源类产品的软件功能需求分解、规格参数拟定及关键方案设计验证；
2.负责工控汽车电子电源类产品软件开发，电力电子控制理论和算法策略研究，完成业务逻辑驱动框架的整体设计；
3.负责新技术市场调研和关键技术要素识别，完成新技术工程化验证设计；
4.负责分析和解决产品在设计、生产、市场应用过程中的技术疑难问题。
5.负责软件产品研发过程中的技术文件管理、评审过程管理、代码仓库管理、确保产品设计周期开发及技术资料交付完备性。
任职要求:
1．本科及以上学历，电力电子、电子信息自动化等相关专业，至少3年以上工业变频器,、逆变器、UPS、AC-DC等电源产品软件开发经验；
2．	熟悉掌握C/C++语言，精通ST、TI C2000等32位MCU程序开发平台，并且具备产品量产实现能力，有TI C2000系列DSP开发经验优先；
3. 熟练掌握I2C、SPI、RS232、RS485、CAN、WIFI、BLE等通信总线及工作原理，具有较强的分析和解决数据通信疑难问题的能力；
4．熟悉常见的电源拓扑、控制原理，如LLC，全桥逆变，PFC，反激，BUCK，BOOST等；熟练掌握MPPT、SPWM等驱动调制算法和控制原理，有大功率逆变器
、PFC，BMS等量产调试经验者优先；
5. 工作严谨、思路清晰，具备良好的沟通能力、良好的团队合作精神和较强的责任心，具备较强的自我学习和提升能力，有一定的抗压能力。
6.有宽广的视野，有上下游资源整合和客户服务能力。",C++ MCU DSP I2C SPI CAN WiFi 方案设计 市场调研 产品设计 客户服务,https://jobs.51job.com/jiaxing-nhq/166406634.html?s=sou_sou_soulb&t=0_1&req=02118acfc60961b3dca403f91b55ba73
产品工程师（急招）,昆山福保精密电子,8千-1.2万·13薪,昆山,昆山,大专,3年及以上,2026-07-28 13:43:21,job51,"1.大专及以上学历,英语 CET-4（含）以上；
2.有线束制造业工作经验者3年以上(产品如：汽车线束、工业工控、机器人 电子通讯行业线束等）；
3.熟悉办公软件，熟练运用Auto CAD；
4.熟悉线束的评估设计，报价，打样及制程设计及量产主导工作经验等.；
5.有责任心，工作细心，能配合加班；",CET-4 CAD,https://jobs.51job.com/kunshan/134169105.html?s=sou_sou_soulb&t=0_0&req=02118acfc60961b3dca403f91b55ba73
电子元器件销售（昆山）,深圳市鹏源电子,8千-1.5万,昆山,昆山,大专,2年,2026-07-29 09:05:18,job51,"1、负责公司代理产品线及方案的推广销售；
2、学习并掌握公司产品线内容，了解市场动态、收集市场信息；
3、找准目标客户积极拜访，开拓新客户，实现从Design in到Design win；

任职要求：
1、专科学历，电子技术、电力电子、自动化、机电等理工背景相关专业优先；
2、具有一年以上电子元器件销售经验；
3、善于与客户沟通，为人真诚靠谱，勇于挑战；
4、喜欢从事销售工作；",客户沟通 win,https://jobs.51job.com/kunshan/142761730.html?s=sou_sou_soulb&t=0_0&req=02118acfc60961b3dca403f91b55ba73
电子元器件销售业务员,深圳市子锦年科技,6千-1.2万,昆山,昆山,,无需经验,2026-07-24 17:13:59,job51,"工作内容：
负责公司的电子元器件销售业务，包括市场开发、客户维护和销售。
主要职责：
- 市场开发：通过各种渠道了解客户需求，了解市场动态，拓展销售业务，达成销售目标。
- 客户维护：与客户保持密切联系，提供技术支持，解答疑问，建立良好的合作关系。
- 销售：积极拓展销售业务，了解客户需求，制定销售计划，完成销售目标。
- 团队协作：与公司其他部门合作，共同推进销售业务，提高公司整体业绩。
职位要求：
- 不限工作经验，有电子元器件销售行业工作经验者优先。
- 良好的沟通能力，具备较强的业务拓展和沟通能力。
- 熟练掌握电子元器件知识，对电子元器件产品有深入了解。
- 具备基本的商务谈判和销售技巧，能够独立完成销售业务。
- 适应销售行业，对市场动态有敏锐感知能力。
- 有团队合作精神，能够与公司其他部门协同工作，共同推进销售业务。",技术支持 商务谈判,https://jobs.51job.com/kunshan/159549445.html?s=sou_sou_soulb&t=0_0&req=02118acfc60961b3dca403f91b55ba73
电控开发工程师,富士康电子工业发展（昆山）,8千-1.6万·13薪,昆山,昆山,本科,3年及以上,2026-08-07 16:40:07,job51,"未来工作描述：新产品自动机电控开发
工作经历专业技能要求：
1.从事自动化电控开发3年以上，熟练使用奥姆龙，三菱PLC，
2.能够独立开发检测设备
3.能够现场负责电气方面设备的安装和调试及电气故障处理
4.会机械手，智能CCD，工控等技能者优先
福利待遇：
1.按照全薪基数缴纳五险一金
2.优秀员工享受股票期权奖励
3.完善的用人机制及公平的晋升平台
4.较强的地区薪资竞争力，年终发放年终奖+绩效奖
5.根据岗位素质要求，提供全面的技能培训，通畅的职业发展路径
6.丰富的娱乐设施（健身房、台球厅、乒乓球室、羽毛球场地、图书馆、咖啡馆等）",培训,https://jobs.51job.com/kunshan/75141599.html?s=sou_sou_soulb&t=0_0&req=02118acfc60961b3dca403f91b55ba73
EMC电磁兼容工程师(J10508),研华科技（中国）,1-1.5万·15薪,苏州,昆山,本科,3年,2026-07-20 15:04:01,job51,"工作职责:
1、参与产品开发过程，负责产品EMC总体设计，为产品提供EMC设计支持和解决方案；
2、负责完成产品EMC仿真；
3、参与产品研发各阶段的评审，依照EMC设计原理对产品进行EMC审核；负责产品的EMC设计；
4、负责完成产品的EMC设计规范及指导文件，包含了各研发阶段流程； 
5、协助客户解决注册过程中的EMC问题；

任职资格:
1、熟悉电磁兼容的理论知识和应用技能，能应用电磁仿真软件，如CST、FEKO、ANSYS； 
2、熟悉电子产品和通信设备的EMC设计技术和方法；
3、具有良好的沟通能力和协调能力，有一定的抗压能力；
4、熟悉医疗器械注册流程，有实际项目经验者优先。",FEKO ANSYS,https://jobs.51job.com/suzhou/165191115.html?s=sou_sou_soulb&t=0_1&req=02118acfc60961b3dca403f91b55ba73
产品开发工程师-EMS,富士康电子工业发展（昆山）,8千-1.6万·13薪,昆山,昆山,本科,2年及以上,2026-08-07 16:40:07,job51,"职位描述
1.Connector新产品/客制品设计开发；
2.标准品扩充开发; 
3.量产品制程分析/验证/改善.

工作经历专业技能要求：
1.有连接器设计相关工作经验2年以上或者211/985院校相关专业应届毕业生
2.熟练使用机械制图软件，如：Auto-cad，Solidworks，Pro-E
3.熟悉连接器相关的冲压/成型/电镀等工艺流程
4.有高速连接器类产品相关工作经验优先.",Auto-cad Solidworks Pro-E,https://jobs.51job.com/kunshan/150819120.html?s=sou_sou_soulb&t=0_0&req=02118acfc60961b3dca403f91b55ba73
销售工程师（昆山）,上海皋德电子科技,5千-1万·13薪,昆山,昆山,本科,2年,2026-08-07 16:42:42,job51,"岗位职责： 
1、推广销售公司代理的电子元器件产品和自主生产的超级电容产品，积极开发新客户，达成销售目标； 
2、熟悉公司产品，根据客户需求推广销售公司优势产品，从而达成销售任务;
3、定期出差拜访客户，按时完成出差报告，销售月报等； 
4、督促销售助理及时发货，及时收款； 
5、独立开发新客户，服务好老客户； 
6、完成公司交办的其它临时性工作任务。 
7、以芯片类销售为主，主要是电源芯片、计量芯片、隔离芯片、超级电容等等。

任职资格： 
1、本科学历，电子类相关专业，有电表、汽车、工控行业从业经验者优先。 
2、性格外向开朗，喜欢与人沟通；有强烈的求知欲和进取心，勇于担当，吃苦耐劳； 
3、半导体或电子零件通路商销售经验优先，有行业客户者并能独立开发客户优先； 
4、熟悉MS Office相关软件(Excel, Powerpoint...)。",Excel Powerpoint,https://jobs.51job.com/kunshan/149350625.html?s=sou_sou_soulb&t=0_0&req=02118acfc60961b3dca403f91b55ba73
有源射频工程师,江苏骅盛车用电子,1-1.8万,昆山,昆山,大专,3年及以上,2026-06-23 16:13:49,job51,"岗位要求：
1，专科及以上学历，电子信息或通信工程相关专业。
2，熟练使用AD/PADS设计导航、收音等高频LNA原理图/PCB，懂HFSS/CST更佳。有三年以上独立开发导航有源经验。
3，会使用网分、噪声仪器、频谱分析仪解决设计、生产、售后出现的问题，懂高频原理和相关电子元件的选型和应用，熟悉处理EMC问题。
4，对车载射频天线有自主开发LNA的设计能力，能独立设计车载射频LNA电路。
5，英语邮件及文件阅读能力。

职位描述：
1，负责车载射频天线的仿真，硬件设计开发。
2，运用相关软件开发车载导航天线、收音等天线LNA线路。
3，制作相关产品设计验证的技术资料和程序文件。
4，制定物料清单(BOM)。
5，负责新产品软件开发调试。
6，样品/样品承认书制作。
7，能接受经常出差，协助解决客户端出现的问题。


备注：
公司地址：昆山市张浦镇俱巷路186号，交五险一金，有工作餐，不提供住宿，如能接受再投递简历，谢谢。",产品设计 PCB BOM,https://jobs.51job.com/kunshan/155854018.html?s=sou_sou_soulb&t=0_0&req=02118acfc60961b3dca403f91b55ba73
嵌入式软件工程师,上海辰仪测量技术,1-1.5万·13薪,昆山,昆山,本科,3年及以上,2026-07-30 17:20:33,job51,"岗位职责：
1.负责现有产品嵌入式软件的日常维护、产线问题处理及客户端Bug修复工作；
2.负责产品软件的版本迭代升级，包括功能模块的优化与改进；
3.根据需求完成软件功能模块的代码编写、自测及联调，配合硬件工程师完成软硬件协同调试；
4.参与量产阶段问题分析、缺陷修复及版本管理，保障产品稳定运行；
5.编写和维护软件设计文档、调试记录和使用说明等技术文档
任职要求：
1.本科及以上学历，计算机科学与技术、电子信息工程、自动化、软件工程、测控技术与仪器等相关专业；本岗位可以接受优秀应届生
2.熟悉C语言开发，具备良好的代码编写习惯和模块化编程能力；
3.有MCU项目经验，熟悉至少一种主流单片机平台，了解常用外设接口和通信协议；
4.能使用常用调试工具进行问题定位，具备基本的软硬件联调能力；
5.具有良好的编码习惯、责任心和学习能力，能独立完成模块开发和维护工作；
6.有FreeRTOS等嵌入式实时操作系统使用经验或量产维护经验者优先；
7.具备良好的团队协作意识和沟通能力，能与硬件、测试等岗位有效配合。",C语言 MCU 单片机 RTOS 版本管理 技术文档,https://jobs.51job.com/kunshan/165247451.html?s=sou_sou_soulb&t=0_0&req=02118acfc60961b3dca403f91b55ba73
PCB layout工程師,沪士电子,1.2-2万,昆山,昆山,本科,2年及以上,2026-07-08 07:51:51,job51,"岗位需求：
1.主要负责高速PCB Layout,了解pcb，懂数字信号领域仿真 ，知道信号完整性分析
2.熟练使用SI9000,具备Ansys HFSS仿真能力更佳
3.对高速信号完整性传输领域有丰富经验优先
4.具有PCB设计经验
5.具备良好的沟通能力
任职资格：
电子信息科学与技术、微电子与固体电子学、集成电路、通信工程、电磁场与微波技术、电子信息工程等相关专业",Layout,https://jobs.51job.com/kunshan/168729738.html?s=sou_sou_soulb&t=0_0&req=02118acfc60961b3dca403f91b55ba73
产品开发工程师,太平洋电子（昆山）,8千-1.5万,昆山,昆山,本科,3年及以上,2026-08-05 08:47:54,job51,"1.熟悉应用开发流程,熟悉制作技术标准文件（BOM, SOP等）
2.熟悉新产品开发流程（APQP, DFMEA 等）
3.熟练2D/3D/PRO-E绘图软件.有较强的逻辑分析能力.
4.有汽车空调系统，家电行业经验优先.
5.本岗位可接受优秀应届毕业生(机械电子相关专业)",BOM APQP DFMEA PRO-,https://jobs.51job.com/kunshan/113274768.html?s=sou_sou_soulb&t=0_0&req=02118acfc60961b3dca403f91b55ba73
研发工程师,昆山旭发电子,5-8千,昆山,昆山,大专,2年及以上,2026-07-08 08:11:43,job51,"工作内容：
负责新产品试产前期导入生产时项目状态的确认和资料的准备工作；生产过程随线追踪生产状况安排、生产和工程人员的沟通协调，保证项目试产的顺利进行；试产结束总结，以及首次量产状态追踪
职位要求：
1、 大专或以上学历，计算机、电子工程、自动化控制等相关专业；
2、2 年以上 PCB 样品工程师经验
3、 熟悉 PCB 设计的相关知识和技能
4、熟练掌握 PCB 样品制作的整个过程，如制作 PCB 样品、制作测试样品的测试等",PCB,https://jobs.51job.com/kunshan/160590850.html?s=sou_sou_soulb&t=0_0&req=02118acfc60961b3dca403f91b55ba73
电子测试工程师,昆山和霖光电高科,6-8千·13薪,昆山,昆山,大专,1年及以上,2026-07-28 13:42:29,job51,"岗位要求：
1.能分析原理图，会看元件的Datasheet，熟悉模拟电路、数字电路。
2.熟悉TFT-LCD驱动原理优先。
3.TFT-LCD测试治具维护，保证生产顺利进行。
4. 配合生产需求，完成电测治具的新增。
5. 能配合白夜班转班，配合部门加班，可穿无尘服。
6.大专及以上学历,电子相关专业。需线下面试
福利待遇：
1.住宿：4人间，有空调，独立卫生间，洗澡间，阳台，公共区配有全自动洗衣机，吹风机等；
2.用餐：提供员工餐，设有员工餐厅，膳食兼具南北风味；
3.交五险一金，每位员工可享生日礼品等各项工会福利；
4.员工享有带薪年假、婚假、生育假、陪产假等；
5.工作时间周一至周五8:00-17:00（夜班20:00-05:00），加班有加班费；",TFT-,https://jobs.51job.com/kunshan/165392460.html?s=sou_sou_soulb&t=0_0&req=02118acfc60961b3dca403f91b55ba73
汽车电子测试工程师,昆山利斯特自动化科技,1-2万·14薪,昆山,昆山,本科,3-4年,2026-06-26 11:23:42,job51,"岗位职责：
1、能根据产品规范编独立测试计划、测试用例和测试报告；
2、进行产品功能、性能和兼容性等测试，完成对产品的集成测试与系统测试，并对BUG进行跟踪分析与报告、推动发现的问题及时合理的解决；
3、通过对产品的测试、保证产品质量达到指定质量目标、能提出对产品质量目标的进一步改进的要求并依照执行；
4、完成领导安排的其他工作。
岗位要求：
1. 本科以上学历
2. 电子，计算机，自动化相关专业
3. 英语四级
4. 电子，自动化相关专业需要熟练使用示波器，直流电源，万用表，电子负载等设备. 能看懂原理图，PCB图，熟悉NI Labview 和Testand
5.计算机相关专业需要熟悉C#语言，熟悉.Net框架，熟练使用VS 2017/2019
6. 能阅读英文版器件data sheet, 标准文档等",C# 测试计划 测试用例 Labview,https://jobs.51job.com/kunshan/145805085.html?s=sou_sou_soulb&t=0_0&req=869b658386b1c0b848537463a07a9bd9
射频研发工程师,昆山普尚电子科技,2-4万,昆山,昆山,本科,3年及以上,2026-07-28 13:12:40,job51,"【工作内容】
- 设计、开发和测试基于PLL（锁相环）、DDS（直接数字频率合成）以及收发链路的微波射频系统；
- 根据项目需求，进行PLL、DDS和收发链路的设计，包括但不限于频率规划、调制解调、功率分配等；
- 使用仿真工具进行PLL和DDS模块的性能仿真，并优化设计方案；
- 负责射频系统的整体集成和测试，确保其符合设计指标和行业标准；
- 配合硬件和软件工程师，解决射频系统在集成过程中的技术难题；
- 编写技术文档，记录设计过程和测试结果，以便于团队成员理解和使用；
- 跟踪PLL、DDS和收发链路领域的新技术和新产品，为公司技术创新提供支持。
【任职要求】
- 拥有电子工程、通信工程或相关专业的本科及以上学历，硕士优先；
- 至少3年PLL、DDS或射频收发链路设计经验，有相关项目经历者优先；
- 熟练掌握PLL、DDS的原理及其设计方法，具备丰富的实际设计经验；
- 精通射频电路设计，熟悉射频前端电路的结构和特性；
- 熟练使用HFSS、CST、ADS等仿真工具，能够独立完成PLL、DDS及收发链路的仿真；
- 熟悉射频测试设备，如矢量网络分析仪、频谱仪、信号发生器等，并能够进行有效的性能测试；
- 具备良好的沟通能力、团队合作精神，能够在高压环境下高效工作；
- 英语良好，能够阅读和编写英文技术文档。",技术文档 性能测试 DDS CST,https://jobs.51job.com/kunshan/114556989.html?s=sou_sou_soulb&t=0_0&req=869b658386b1c0b848537463a07a9bd9
Module&PCBA 类新产品开发工程师-ACE,富士康电子工业发展（昆山）,1-1.8万·13薪,昆山,昆山,本科,5-7年,2026-08-07 16:40:07,job51,"必要技能: 
1.英语听说读写流利
2.熟悉SMT及模块类组装相关产品开发流程及自动化生产
3.熟练使用3D设计软件/CAM350&amp;Autocad 等工程设计软件运用精通
4.熟悉 IATF16949 标准及相关要求
5.具备主导DFMEA&amp;PFMEA制作能力
6.新物料评估/包装方式设计及评估/信赖性验证 规划
7.车业模块类含PCBA 新产品开发",CAM350 amp Autocad IATF16949,https://jobs.51job.com/kunshan/148761843.html?s=sou_sou_soulb&t=0_0&req=869b658386b1c0b848537463a07a9bd9
产品推广工程师(苏州铌劢),昆山西交创新中心管理,7-8千,昆山,昆山,大专,1-3年,2026-07-24 17:28:44,job51,"岗位职责：
1、根据公司经营的产品定位目标客户并与客户相关人员尤其研发人员对接；
2、给目标客户介绍本公司经营的芯片及各类模组产品；
3、定期拜访价值客户维护客勤关系，达成公司营销目标；
4、通过对客户市场需求的了解，提出合适的新产品定义(NPI)；

任职要求：
1、大专及以上学历，电子、自动化及通信等相关专业；
2、对模电数电传感器等电路基本原理及单片机编程有基本的了解；
3、较好的语言表达能力，能从专业角度讲述公司经营产品的电性能特点及卖点；
4、有单片机及传感器外围电路设计实战经验的优先考虑；
5、有IT系统维护经验者优先；
6、有能力基于市场应用端情况编写相应应用技术文档及专利文件的候选人优先；
7、1-3年相关工作经验；有培养潜力的应届毕业生可以考虑。

岗位预算：基本工资7-8K，另加季度性绩效奖及年终奖

工作地点：昆山花桥(亚太广场：近兆丰路地铁站)

公司简介：
初创公司，专注于传感信号调理类芯片的技术开发与公司芯片及内封模组相关产品的推广。",单片机 技术文档 专利 NPI,https://jobs.51job.com/kunshan/164136696.html?s=sou_sou_soulb&t=0_0&req=869b658386b1c0b848537463a07a9bd9
射频系统工程师,普罗斯通信技术（苏州）,1-2万,昆山,昆山,本科,2年及以上,2026-08-05 09:48:23,job51,"1. 负责对DAS、MDAS、RRU等产品总体需求分解、系统架构设计、软硬件功能分解； 
2. 负责系统总体方案设计，样机的调试和测试验证，编制输出研发设计文件； 
3. 负责带头组织协调项目团队进行技术攻关； 
4. 负责处理产线和工程问题，优化产品设计； 
5. 负责产品相关认证(CE、UL、FCC等）； 
6. 负责协助市场推广，支持招投标样机试点及工程应用。

任职要求：
1. 本科及以上学历，电子、通信、信号处理、软件、计算机等专业； 
2. 拥有2年及以上通信系统射频收发链路、功放、数字电路等设计经验； 
3. 熟悉Cadence、ADS等相关设计仿真软件； 
4. 熟悉3GPP相关标准； 
5. 有较强的执行力、乐于学习、具有团队合作精神。",方案设计 产品设计 市场推广 招投标 MDAS CE UL,https://jobs.51job.com/kunshan/164896636.html?s=sou_sou_soulb&t=0_0&req=869b658386b1c0b848537463a07a9bd9
研发工程师（沪利微电）,沪士电子,1-1.5万,昆山,昆山,本科,2年及以上,2026-07-06 17:01:33,job51,"1. 本科及以上学历，英语CTE-4及以上，5年以上PCB生产或工艺经验。（2年以上mSAP工艺，产品相关经验）
2. 年龄在40岁以下，可以接受工作地点常驻常州金坛区。
3. 熟悉mSAP工艺和产品，对机械，镭射，压合，电镀，影像，防焊，成型，表面处理（其中之一即可）等相关制程设备，参数精通。
4. 有mSAP大厂（如周边AT&amp;S, AMK, Unimicron等）制程，研发岗位经验优先。
5. 思维清晰，表达有逻辑和条理。有mSAP设备/参数认证经验优先。",amp AMK,https://jobs.51job.com/kunshan/157589039.html?s=sou_sou_soulb&t=0_0&req=869b658386b1c0b848537463a07a9bd9
研发工程师(射频连接器工程师),昆山百澜电子,1-1.5万,昆山,昆山,大专,3年及以上,2026-08-06 09:00:00,job51,"1、熟练使用CAD、SW画图软件或者Creo软件都可以的
2、熟悉天线、端子连接器，同轴射频连接器，SMA, SMB,MCX 等
3、熟练同轴连接器及天线S参数，网络分析仪设置


工作内容：
1、转换客户图纸成公司内部加工的受控文件
2、配合业务部门，评估加工时对外报价
3、指导工程样品打样，及生产线提供技术支持，分析在线及客诉不良品原因。制作标准作业指导书SOP等
4、对接客户及供应商技术沟通。",技术支持 SMA SMB MCX,https://jobs.51job.com/kunshan/166747914.html?s=sou_sou_soulb&t=0_0&req=869b658386b1c0b848537463a07a9bd9
产品制造工程师,富士康电子工业发展（昆山）,8千-1.5万·13薪,昆山,昆山,本科,3年及以上,2026-08-07 16:40:07,job51,"职责范围：
1. 车载ECU连接器产品开发，专利调查与回避设计及布局
2）车载ADAS连接器产品开发，专利调查与回避设计及布局
3）车载CIM连接器产品开发，专利调查与回避设计及布局
4）车载IVI产品开发，专利调查与回避设计及布局
5）上级主管分派的相关任务执行
必备任职要求：
1. 具備3年以上車用連接器產品設計工作經驗;
2. 车用产业元器件产品开发经验 
3. 熟練運用proe/solidworks/autocad等繪圖軟件，进行產品設計
4. 有主良好的沟通协调能力，能够带动PDT团队推动产品开发
5. 有良好的主题报告撰写与上台演讲的能力。
6. 能够配合差，就产品开发与前期需求与客户相关人员进行技术沟通
优选任职要求：
1.	有车用线端连接器开发经验者优先
2.	有在知名连接器厂的工作经者优先（如TE,Amphenol，Molex等）
3．英语听说读写能力俱佳者优选。",专利 solidworks Amphenol,https://jobs.51job.com/kunshan/141580797.html?s=sou_sou_soulb&t=0_0&req=869b658386b1c0b848537463a07a9bd9
Software Application Engineer,斯沃博达汽车电子（昆山）,1.5-2万·14薪,昆山,昆山,本科,3年及以上,2026-08-07 09:36:23,job51,"Goal resp. short summary of field of action简述目标:
1. Software system and safety design
2. System configuration
3. Translate customer needs in software requirements and documentation
4. Maintain relation with internal and external customer engineers working on the product design
5. Interprets client’s needs (project) and establishes requirements for project delivery
6. Perform the encoding in C or C++, according to component requirements. Possible use of other software languages and tools, according to requirements
7. Validates software at module and system levels
8. Perform necessary calculations and verifications
Main responsibilities主要职责:
1. Design and adapt firmware, as part of the system design. 
2. Work with the electronic designer to design integrated circuits, participate in start-up, evaluation and ensure maintenance of the software component and of electronic equipment. 
3. Enables you to work on complex projects with embedded systems and knowledge of electronic material . 
4. Prepare software quotes for electronic products, establish product proposals and ensure product development, technical drawings, functional diagrams, write or adapt the code, prepare documentation, establishes plans and functional / qualification test procedures for the software. 
5. Support and/or participates in the actual testing and approval of the reports.
6. Fulfill design based on basic knowledge of quality policy and quality manual. Working closely with the software R&amp;D team in Germany.
Qualification Requirement任职资格要求：
Must have:
1. MSc / BSc Engineering degree or similar
2. More than three years’ firmware design experience, including some experience on safety critical design and testing
3. In-depth knowledge of at least with one or two product lines of Motorola, Siemens, ST, Microchip, Freescale/NXP, Atmel, PSoC, Infineon, etc., microcontrollers
4. Knowledge of algorithm development for electronic component recognition and modeling of their interconnections
5. Experience with serial communication like SPI, I05C
6. Knowledge of programming software, including C, C++ 
7. Advanced level of English in spoken and written.
Nice to have/ideally:
1. Experience with CAN, LIN, PSI5 or SENT
2. Experience with communication layers
3. Knowledge of AutoSar",Go Gin C++ Electron SPI CAN,https://jobs.51job.com/kunshan/166063933.html?s=sou_sou_soulb&t=0_0&req=869b658386b1c0b848537463a07a9bd9
TDL工程師--AEC,富士康电子工业发展（昆山）,1-2万·13薪,昆山,昆山,本科,5年及以上,2026-08-06 10:32:40,job51,"1.统筹主导所有NPI/MP项目，主要职责是作为对接Apple HWTE/OpsTE的窗口，将客户的测试需求传达给厂内团队成员，为客户提供测试方案，以满足客户的需求。
2.制定项目每个阶段的schedule，在schedule内完成tester的制作，EIH，debug，调试，验收，上线测试，产品出货等动作，将每个环节breakdown，向客户daily汇报项目进度，确保项目follow schedule至顺利结束； 
3. NPI build期间主持与美国客户各个function team的daily online English meeting，将调试和生产中遇到的issue实时记录并在会议上反馈给客户，与客户及时确认并共同商讨解决方案； 
4. 测试软件硬件调试OK，test sequence/limits确认好后，执行蓝膜，应力，loop test GR&amp;R的验收流程，最终拿到客户的approve，tester正式上线使用； 
5. 追踪并改善上线使用后的retest rate，利用insight/OPP/data360/JMP等工具分析test data，制作CPK，distribution，correlation，GRR报告，以数据为支撑，做DOE改善重测率； 
6. Build结束后：Yield/RTR report、Lesson learn、Yield bridge 等报告整理汇报，阶段总结； 7.MP机种的insight良率监控，RTR降低，test policy监控，以及对A-Ops Team的需求处理。",HWTE EIH debug NPI English GR OPP Yield,https://jobs.51job.com/kunshan/158181388.html?s=sou_sou_soulb&t=0_0&req=869b658386b1c0b848537463a07a9bd9
电气工程师,江苏雷硕智能科技,8千-1.5万,昆山,昆山,大专,5年及以上,2026-08-06 17:53:20,job51,"江苏雷硕智能科技有限公司是一家以PLC 视觉系统 触摸屏 伺服电机 闭环电机 步进电机为主业的高新运动控制企业。公司为广大电子设备，纺织设备，包装设备等设备制造商提供系统开发方案。公司提供良好培训 薪酬 和晋升空间。公司可为员工提供上海或者苏州的社保。

工作职责：
1、精通三菱FX3G、FX3U、FX1N、FX1S等系列的PLC。.熟悉CODESYS平台编程。能根据技术协议需要架构整个工程所需要的各种模块的选型和使用；
2、根据产品的设计要求提出系统的设计方案，原理图设计，PCB布线；
3、负责系统样机的调试、测试及改进；
4、对伺服马达和驱动器有一定的了解；
5、能够撰写相关的技术文档。

岗位要求：
1、电子技术、自动化、机电一体化相关专业，大专及以上学历；
2、5年以上相关工作经历，有较强的责任心和团队合作意识。
3、熟悉相关开发工具、设计软件和电路仿真软件。
4、有电机驱动、运动控制系统设计等研发经验者优先。
5、有自动检测设备经验者优先；",培训 技术文档 FX3U FX1N,https://jobs.51job.com/kunshan/154687931.html?s=sou_sou_soulb&t=0_0&req=869b658386b1c0b848537463a07a9bd9
电气工程师,江苏集萃精凯高端装备技术,1-1.8万,昆山,昆山,本科,2年及以上,2026-07-31 08:52:09,job51,"职位描述
1、根据客户售前需求评估方案和输出成本评估；
2、负责项目电气方案制作、评审、优化，电气控制系统设计，电气原理图等相关文件及相关BOM
清单的制作，负责电气线缆选型，电气元件等选型；
3、负责公司新产品的测试项目输出相应的测试报告；
4、负责电气故障分析，提出解决方案并解决相关问题。
任职要求：
1、了解PLC、运控原理，熟悉运动控制，有独立完成电气自动化控制的经验；
2、熟悉伺服驱动器、光栅尺，对ACS、固高、高创、雷赛、Elmo等驱动器了解，熟悉
ACS、固高优先；
3、有较强的学习能力，通过培训能够快速掌握新知识及应用，有一定的研发能力。
4、本科及以上学历，自动化，电气工程及自动化，机电一体化，电子信息工程等，2年以上工作经验。",培训 ACS,https://jobs.51job.com/kunshan/152814027.html?s=sou_sou_soulb&t=0_0&req=869b658386b1c0b848537463a07a9bd9
产品研发工程师产品设计工程师,富士康电子工业发展（昆山）,9千-1.8万·13薪,昆山,昆山,本科,3-4年,2026-08-07 16:40:07,job51,"未来工作内容描述： 
1.新产品开发、专利布局及专利价值化 
2.产品Cost Down工作持续推展，成本最优化 
3.USB/TYPEC/HDMI等连接器，cable产品开发及量产品维护

工作经验专业技能要求： 
1.至少二年產品設計開發經歷;
2.可以獨立對應國內外客戶，將客戶的要求轉化成產品設計.
3.熟練使用Solidwork/ AutoCAD 或Proe軟件.
4.責任心強﹐有較強的團隊合作意識.
5.有一定的抗壓能力.
6. 英文要求CET6或同等水平.

福利待遇： 
1.按照全薪基数缴纳五险一金 
2.优秀员工享受股票期权奖励 
3.完善的用人机制及公平的晋升平台 
4.较强的地区薪资竞争力，年终发放年终奖+绩效奖 
5.为全员提供学历深造的机会（高额的奖学金、人才培养奖金） 
6.根据岗位素质要求，提供全面的技能培训，通畅的职业发展路径 
7.丰富的娱乐设施（健身房、台球厅、乒乓球室、羽毛球场地、图书馆、咖啡馆等）",专利 培训 USB TYPEC AutoCAD,https://jobs.51job.com/kunshan/56959164.html?s=sou_sou_soulb&t=0_0&req=869b658386b1c0b848537463a07a9bd9
主板修护工程师,凯博电脑（昆山）,6-8千,昆山,昆山,中技/中专,1年及以上,2026-08-07 11:03:24,job51,"【工作内容】
- 负责产线不良主板的故障分析与维修，确保产品性能符合标准；
- 熟练使用电烙铁、示波器、万用表等维修工具进行电路板检测与修复；
- 根据电路图对主板进行功能测试与问题定位，提供有效的维修方案；
- 协助生产部门优化主板生产工艺，减少不良率并提升整体效率；
- 定期整理维修记录，形成技术文档，为后续问题排查提供依据；
- 参与新产品试产阶段的主板调试与问题反馈，协助研发团队改进设计。
【任职要求】
- 具备1年以上主板维修相关工作经验，熟悉常见主板结构及电路原理；
- 学历要求为中技/中专及以上，电子工程、电气自动化等相关专业优先；
- 年龄在20至40岁之间，身体健康，具备良好的沟通能力和团队协作精神；
- 熟悉主板维修流程，能够独立完成常见故障的诊断与修复工作；
- 具备较强的学习能力，能适应快节奏的工作环境，并接受一定的加班安排。
【薪酬福利】
- 提供具有竞争力的薪资待遇，具体面议； 
- 五险一金齐全，享受国家法定节假日及带薪年假； 
- 提供员工培训机会，助力职业成长与发展。",功能测试 技术文档 培训,https://jobs.51job.com/kunshan/133372484.html?s=sou_sou_soulb&t=0_0&req=869b658386b1c0b848537463a07a9bd9
电子元器件销售业务员,昆山友纶商贸,6-9千·13薪,昆山,昆山,大专,1-3年,2026-08-07 13:42:55,job51,"工作职责：
1、负责公司电子元器件（TOCOS电位器/MOS 管等）的销售推广；
2、负责客户关系管理与维护，帮助客户解决问题，跟踪客户投拆处理，提升客户满意度；
3、开发电子元器件市场新的客户资源，增加销售额；
4、处理客户询价，报价，出货，样品、谈判、合同及货款回收；
5、完成公司要求日常业务工作；
6、根据公司销售任务，完成业绩指标。

任职资格：
1、年龄22-30岁，大专及以上学历，熟练基础电脑操作；
2、1-3年以上电子元器件销售行业工作经验优先；有一定的客户资源优先；
3、具备一定的市场分析及判断能力，良好的客户服务意；
4、表达能力强，具有较强的沟通能力及交际技巧；工作踏实认真、执行力强，有责任心；
5、持有驾驶证，能够适应外勤跑业务，长期稳定从事岗位；

福利待遇:
1、薪资结构：底薪+绩效奖金+业务提成+年终奖金；
2、工作时间：5天8小时
3、节日假期：享有法定节假日、年休假；
4、其他福利：入职即缴纳五险一金、公司聚餐、下午茶、公司年会等。",客户服务 MOS,https://jobs.51job.com/kunshan/153862179.html?s=sou_sou_soulb&t=0_0&req=dbb7615b2e2ccc4feff4b6f3489c9110
线束工程师,昆山宏致电子,9千-1.2万,昆山,昆山,本科,5年及以上,2026-08-07 08:22:07,job51,"1.有CABLE厂工作经验，熟悉HUB&amp;DONGLE&amp;HDMI&amp;TYPE C等外部线产品
2.有3D设计能力
3.熟悉成型件/金件成型及外观工艺
4.有试产到量产异常处理分析能力。
5.有承认书制作经验(PPAP&amp;APQP等)
专业要求：
机械电子及相关专业，有电子厂产品设计工作经验优先
五年以上线束工程师工作经验",产品设计 amp DONGLE HDMI TYPE PPAP,https://jobs.51job.com/kunshan/167654516.html?s=sou_sou_soulb&t=0_0&req=dbb7615b2e2ccc4feff4b6f3489c9110
单片机硬件开发师（电机控制）,苏州一卓工业技术,1.5-3万·15薪,昆山,昆山,大专,3年及以上,2026-07-14 22:07:41,job51,"岗位职责：

负责电机控制系统的研发、测试和维护，熟练掌握嵌入式单片机及电机驱动的硬件或软件技术，熟悉电机控制算法； 
1、嵌入式单片机硬件方案设计，控制主板及驱动版的开发；

2、负责公司单片机软件相关开发工作，有做过Linux端开发优先； 

2、嵌入式软件的开发，裸板驱动程序，上位机菜单界面编程，编制使用说明文件；

3、有电机控制方面开发经验者优先


任职要求：
- 专科或以上学历，电机控制或相关专业；
- 3年以上单片机开发经验，熟悉各种电机驱动技术，会原理图设计、PCB布板、BOM表制作
- 熟悉电机控制算法，如PWM控制、矢量控制等；
- 熟练掌握C语言、Python等编程语言；
- 熟悉电路板设计，具有较强的电路设计与调试能力；
-熟悉通讯协议，TCP/IP，modbus等
- 具备一定的项目管理经验，熟悉敏捷开发流程； - 具备良好的沟通能力和团队合作精神，敢于挑战、敢于创新。",单片机 Linux C语言 Python TCP/IP Modbus 方案设计 项目管理,https://jobs.51job.com/kunshan/160916156.html?s=sou_sou_soulb&t=0_0&req=dbb7615b2e2ccc4feff4b6f3489c9110
线束工程师,铖杏电气系统江苏,6千-1.2万,昆山,昆山,大专,3年及以上,2026-07-16 14:55:06,job51,"岗位职责：
1.根据客户要求或者提供的样品，设计线束图纸，整理BOM清单；
2.负责线材、连接器等线束材料的选型；
3.负责线束生产工艺的设计，制作详细的工艺文件，解决生产技术问题；
4.负责收集并整理反馈线束加工产品的使用信息，及时评价质量状态，对线束工艺设计持续改进并对存在问题提出整改方案，以提高产品质量稳定性；
5.参与不合格品的评审，提出确实可行的改进措施和解决方法；
6.主导新产品、新工艺、试验工作，提供技术支持；
7.完成上级领导交办的其他工作。

任职要求：
1.大专及以上学历，电气自动化等相关专业优先。
2.3年以上工控行业、汽车行业线束相关经验；
3.熟悉线束行业设计标准和质量管理体系；
4.较强的独立工作能力和主观能动性，以及分析问题和解决问题的能力；
5.具有良好的沟通表达能力、责任心和团队合作精神，吃苦耐劳，肯专研；


注：
1.工作地点：江苏南通如皋。
2.经验丰富者，薪资可面议！",技术支持,https://jobs.51job.com/kunshan/169771986.html?s=sou_sou_soulb&t=0_0&req=dbb7615b2e2ccc4feff4b6f3489c9110
设备工程师,武汉埃创科技,9千-1.1万,昆山,昆山,大专,8年及以上,2026-06-17 10:46:18,job51,"1.精通松下NPM系列贴片机，设备维修，新机种参数调试，抛料率/良率跟踪，提升设备稼动率，提升产品品质
2.德森/MPM/正实印刷机程式制作，设备调试及维修
3.ERSA/Sonic/浩宝等回流焊，炉温曲线设定调试，机器异常故障维修
4.线体辅助设备吸板机，翻板机，传输轨道，缓存机等，换线，维修等
5.凯斯泰克分板机，新机种程式制作，调试，设备异常维修等
任职要求
1.工作5年以上设备维修经验，精通印刷机，贴片机，回流焊设备工作原理。
2.全日制大专以上学历，8年以上工作经验。",MPM ERSA Sonic,https://jobs.51job.com/kunshan/169060699.html?s=sou_sou_soulb&t=0_0&req=dbb7615b2e2ccc4feff4b6f3489c9110
电气硬件工程师,德鑫隆（苏州）智能装备,8千-1.5万·13薪,昆山,昆山,本科,3-5年,2026-08-05 14:09:05,job51,"岗位职责：
1,依据项目需求与技术规范，负责电气系统的设计与布局，使用EPLAN软件完成原理图绘制及文档编制;
2,参与项目需求分析，配合团队完成电气方案设计与优化:
3,设备选型、参数配置及技术方案的制定;
4,整理图纸模版和客户确认；
5,BOM下发，及EPLAN图的绘制，整理和归档全套电气设计文档，包括原理图、BOM、操作手册等；
6,与机械、软件等多部门协作，确保项目顺利推进。
任职要求：
1,本科及以上学历，电气工程、自动化或相关专业;
2,熟悉 EPLAN软件操作，具备良好的电气图纸绘制能力;
3,了解西门子，汇川等品牌的通讯协议；
3,具备较强的学习能力和沟通协调能力，适应团队合作;
4,对电气系统设计有浓厚兴趣，能接受一定强度的工作压力。",需求分析 方案设计 技术方案 BOM,https://jobs.51job.com/kunshan/168829857.html?s=sou_sou_soulb&t=0_0&req=dbb7615b2e2ccc4feff4b6f3489c9110
SMT Technician/SMT技术员,彼欧光电系统（昆山）,5-8千·13薪,昆山,昆山,大专,1年及以上,2026-07-30 10:07:05,job51,"Your Tasks:
1.配合SMT 产线设备的正常生产运行及维护保养
2.确保SMT产线产品品质达标，降低SMT设备Downtime和贴片机抛料率
3.实时优化提升AOI FPY（直通率），减少误判及不良品的漏失
4.定期反馈总结产线设备故障和产品质量问题，并提供相应改善措施
5.协助完成工程师安排的其他工作

Your Requirement:
1, 大专学历；
2, 有SMT设备维护经验",Tasks FPY,https://plasticomnium-lighting.51job.com/job_show.html#jobid=153329910&poscode=1
线束工程师,苏州宏广星电子科技,1.5-2.5万,昆山,昆山,大专,8年及以上,2026-07-14 08:23:46,job51,"1、整车线束系统的布局，设计；
2、制作整车线束安装指导图；
3、线束产品BOM建立，并协助采购进行零件询价 &amp; 协助工艺工程师进行工艺分析；
4、整理汇总产品成本并协助业务报价；
5、线束相关零件的技术规范定义；
6、主导与客户的技术讨论、产品图纸发行 &amp; 变更、BOM发行 &amp; 变更；
7、主导产品相关的测试 &amp; 客户承认；
8、协助品质处理厂内异常 &amp; 客户投诉；
9、其它线束产品相关的临时事项；

岗位要求：
1、机电类相关大专学历，8年以上汽车线束工作经验；
2、线束类产品从业经验；
3、独立完成英文图纸的解读；
4、性格开朗且抗压能力强；",采购 amp,https://jobs.51job.com/kunshan/140553569.html?s=sou_sou_soulb&t=0_0&req=dbb7615b2e2ccc4feff4b6f3489c9110
SMT技术员,昆山萃谦电子科技,6千-1万,昆山,昆山,高中,2年,2026-07-13 16:38:59,job51,"任职要求：
1.两年以上SMT操机工作经验以上，熟悉JUKI机、NPM尤佳；
2.做事认真负责，积极主动。
3.能独立操作贴片机，印刷机，spi。

岗位职责：
1.负责SMT车间操机等工作事项；
2.完成上级交办的事项。",SPI spi,https://jobs.51job.com/kunshan/141069820.html?s=sou_sou_soulb&t=0_0&req=dbb7615b2e2ccc4feff4b6f3489c9110
PCB工程师,苏州瑞驱电动科技,1.2-2万·13薪,昆山,昆山,大专,5年及以上,2026-06-22 11:03:59,job51,"工作内容：
1、封装库新建和维护；
2、根据电子工程师和结构工程师的输入资料，结合相关知识进行有效的PCB板设计；
3、PCB gerber等相关资料的释放与该工程问题点处理；
4、PCB 设计规范的建立和维护；
5、 负责组织及参与PCB Layout设计技术评审，处理与PCB相关的其他技术性事务；
6、原理图、PCB封装库、器件信息库、规格书资料的维护及更新。

招聘条件：
1、大专及以上学历，电子、电气、自动化及相关专业；
2、具有5年以上PCB设计经验，具备一定电子电路知识，熟练使用常用PCB设计工具软件，优先熟练使用Allegro的PCB设计工具软件；熟悉cam350，GERBER底片制作；
3、了解EMC布线规范，对于PCB板上的EMC对策有一定的认识和理解；
4、掌握PCB和原理图封装建库、掌握IEEE有关封装、布线的规范；了解常用元器件性能、封装特点；了解PCB及PCBA制作、焊接相关工艺流程；
5、具备电源电路、数字电路、数模混合的PCB Layout经验，具备大电流、高电压、高功率的PCB Layout经验、AC-DC、DC-DC、DC-AC等电源产品的PCB Layout设计经验者优先；
6、拥有良好的团队沟通能力及团队合作精神；具有创新精神，勇于挑战，具有主动沟通意识，对待工作踏实、认真、细致，性格开朗。",PCB AC-DC DC-DC DC-,https://jobs.51job.com/kunshan/153702384.html?s=sou_sou_soulb&t=0_0&req=dbb7615b2e2ccc4feff4b6f3489c9110
电机控制嵌入式软件工程师,苏州一卓工业技术,1.6-2.5万·15薪,昆山,昆山,大专,2年及以上,2026-07-14 22:08:14,job51,"岗位职责

1、参与产品需求分析、方案设计，制定产品软件开发计划;

2、负责产品软件功能开发及软硬件联调工作，具备独立解决项目软件问题的能力;

3、负责产品测试用例编写及维护、测试文档编写;

4、参与项目需求分析，软件架构设计，规范化代码编写;

5、负责持续优化产品软件性能，完善软件安全策略，提升用户使用体验:

6、参与解决项目软件问题，分析问题原因，制定解决方案，并完成优化软件功能;

7、编写软件设计和实现的相关文档。
岗位要求:

1、机械电子、自动等专业专科或以上学历，且从事嵌入式软件开发2年或以上;

2、精通编程语言，熟悉常用的数据结构和算法，有良好的编程风格;

3、熟悉MCU，单片机嵌入系统和GPIO、UART、ADC等常用外设驱动开发，有丰富的RTOS系统及内存管理经验，具备较强的WINDOWS或Linux或RTOS开发经验;

4、熟悉TCP/IP、ProfiNet、EtherCat、Modbus协议 等主流PLC总线通讯协议

5、有伺服电机控制方面系统软件产品成功案例者优先，工作内容是拧紧轴的扭矩控制单片机的开发，拧紧工具控制单片机的开发。

6、有创业精神，出色解决问题的能力，严谨的归纳能力及应变能力，具有很高的工作热情及良好的抗压能力者优先。",MCU 单片机 UART RTOS Linux TCP/IP Modbus 需求分析 方案设计 测试用例 文档编写,https://jobs.51job.com/kunshan/160916665.html?s=sou_sou_soulb&t=0_0&req=dbb7615b2e2ccc4feff4b6f3489c9110
SMT质量工程师,卓能电子（太仓）,8千-1.2万·14薪,太仓,昆山,大专,5-7年,2026-06-23 09:22:18,job51,"1.Identify and understand customer quality requirements with regards to products and process, especially for CC/SC. 
2. Track findings about FAI/EVT from customer and follow up improvement actions. 
3.Handle customer complaint (both internal and external) - Error analysis, complaint reports, 8D report and follow-up actions. 
4. Handle RMA process including failure analysis for returns and track the orders to close in SAP. 
5. Lead team to create and regularly maintain FMEA to identify the risks of new product launch based on flow chart and customer requirements. 
6. Create and regularly maintain quality plan throughout the whole production flow to assure process and product quality. 
7. Implement internal FAI/EVT and prepare related documentation to ensure the products and process meet customer requirements. 
8. Create in-process and out-going inspection plan and train the inspectors. 
9. Plan and implement internal product and process audits. 
10. Lead and support external audits as customer audits, certification audits and inspections. 
11. Follow up improvement actions for findings of audits. 
12. Handle nonconforming or suspect parts and CAPA process, lead the concession process. 
13. Create incoming inspection plan in SAP for drawing parts and train the inspectors. 
14.Involve ECN with regards to quality impact on product and process. 
15. Regular 6S checking for workshop and drive improving. 
16. Other assignments by Quality leader. 
Qualification:
1. Bachelor Degree or above, major in Electronics/mechanical Engineering or related technical areas;
 2. 3 years’+ experience as quality control engineer in automotive/mechanical/electronic manufacturing companies.
 3. Fluent English is must.
 4. Familiar with quality tools as APQP, PPAP, MSA, FMEA, SPC, problem solving tools as Ishikawa, 5W, and quality management system IATF16949; 
 5. Familiar with automotive CSR &amp; contingency plan ;
 6. Independent working, pressure taking, team player. 
 7. Excellent communication and problem solving skill
 8. Familiar with SAP, MES.",Go DiT Electron Gin Identify CC SC Track,https://jobs.51job.com/taicang/137140031.html?s=sou_sou_soulb&t=0_1&req=dbb7615b2e2ccc4feff4b6f3489c9110
ATE测试工程师,芯睿微电子（昆山）,1-2万,昆山,昆山,大专,2年及以上,2026-06-22 14:44:20,job51,"岗位职责:
1、 分析芯片测试需求，制定ATE测试方案及规范；根据芯片的开发计划，制定ATE测试系统的开发计划；
2、 设计CP、FT测试电路，与供应商合作制作Probe Card、Load Board、Socket、胶木块、Handler Kit等测试硬件，搭建ATE测试系统；
3、 开发、调试测试程序，完成芯片开发各个阶段实验室及OSAT的ATE测试系统部署及验收；
4、 全流程负责芯片FT开发及维护，对测试程序、测试数据、ATE测试系统进行不断分析与优化，确保ATE测试达到预期目标；
5、 负责解决产线的测试异常，与其它相关部门进行沟通和互动，以达到保证产品质量，降低制造成本的目标；
6、 负责委外测试项目的需求下发、数据审核、结果验收和程序版本管理等工作；
7、 负责实验室ATE测试系统的维护及使用。

任职资格:
1、大专及以上学历，电子、自动化、机械电子、测控技术等相关专业，2年以上ATE测试或相关经验；
2、熟练使用常用测试仪器（如万用表、信号源、示波器、频谱仪、网络分析仪等），熟悉ATE量产测试流程和半导体测试基本方法和理论；
3、优先考虑具有Switch、LNA、PA等射频芯片ATE测试经验者；
4、具有测试过程中排查问题的能力，包括测试系统中的软硬件问题；
5、执行力强：能够有效推进测试工作的开展，能够识别测试风险，善于发现问题，有效进行问题管理；
6、具备良好的沟通和协作能力，工作责任心强，有进取精神；
7、有Cohu /NI等射频芯片测试平台使用经验者更佳 。",版本管理 Card Load Board Socket Handler LNA,https://jobs.51job.com/kunshan/169928205.html?s=sou_sou_soulb&t=0_0&req=dbb7615b2e2ccc4feff4b6f3489c9110
SMT產品開發工程師(NPI),富士康电子工业发展（昆山）,1-1.5万,昆山,昆山,本科,3-4年,2026-08-07 16:40:07,job51,"未來工作內容描述：
1.消費類電子PCBA 新產品NPI主導

2.SMT產品生產流程及工藝要求參數制定
 
3.SMT 電子零件/包裝方式 評估及承認
 
4.製程良率及效率改善提升

崗位要求：
1.大學以上通訊電子&amp;機電一體化相關系所或SMT 產品開發3年以上經驗
2.專業: 通訊電子&amp;機電一體化相關系所
3.必要技能:英語流利/SMT 產品開發生產流程熟悉/AutoCAD&amp;CAM350精通

福利待遇：
 
1.按照全薪基数缴纳五险一金
 
2.优秀员工享受股票期权奖励
 
3.完善的用人机制及公平的晋升平台
 
4.较强的地区薪资竞争力，年终发放年终奖+绩效奖
 
5.根据岗位素质要求，提供全面的技能培训，通畅的职业发展路径
 
6.丰富的娱乐设施（健身房、台球厅、乒乓球室、羽毛球场地、图书馆、咖啡馆等）",培训 SMT amp AutoCAD,https://jobs.51job.com/kunshan/118738518.html?s=sou_sou_soulb&t=0_0&req=dbb7615b2e2ccc4feff4b6f3489c9110
焊接高级工程师（SMT 锡焊),昆山联滔电子,1.5-2.2万,昆山,昆山,本科,5年及以上,2026-08-07 08:14:39,job51,"工作内容：
1、 负责SMT生产线焊接工艺技术开发与优化，主导回流焊、波峰焊等关键设备参数调试及工艺验证；
2、 分析焊接缺陷（如虚焊、桥连）成因，制定改进方案并推动实施，提升产品良率至98%以上；
3、 编制焊接作业指导书、检验标准及质量控制流程文件，确保生产过程可追溯性；
4、 协同工程和设备团队完成新材料/新器件焊接适配测试，解决高温合金、高密度PCB等复杂场景焊接难题；
5、对接客户技术需求，提供焊接工艺支持，参与新产品导入（NPI）阶段的技术评审与问题攻关；
5、定期维护保养焊接设备，监控能耗与效率指标，提出降本增效改进建议。
岗位要求：
1、 本科及以上学历，电子工程、材料科学或机械自动化相关专业；
2、3年以上SMT焊接工艺经验； 对主流回流焊炉的硬件和工艺比较熟悉，比如JT, Sonic, BTU，Ersa, Heller等；
3、对垂直炉，UV炉的硬件和工艺比较熟悉；
4、对测温板的制作和炉温曲线的调试富有经验；
5、对以上焊接工艺有成功的降本改善的案例；
6、逻辑清晰，能积极寻找改善点，推进标准化；
7、具备跨部门协作能力，能适应高强度现场技术支持及突发问题响应压力；
8、愿意配合项目要求加班。",跨部门协作 技术支持 NPI Sonic BTU Ersa,https://jobs.51job.com/kunshan/169130683.html?s=sou_sou_soulb&t=0_0&req=dbb7615b2e2ccc4feff4b6f3489c9110
电气工程师,苏州盟萤电子科技,1.5-1.8万,昆山,昆山,大专,3-5年,2026-06-25 08:36:06,job51,"岗位职责：
1. 负责非标设备电气设计；
2.负责电气元件选型、电气原理图绘制、PLC及HMI等程序设计工作；
3. 设备现场调试、培训及手册编制相关工作；
4. 设备生产期间异常、宕机故障处理；
5. 设备不良分析并提供改善解决方案.
任职要求：
1. 有独立的PLC、HMI程序设计能力；
2. 熟练应用CAD进行设备电气图纸设计；
3. 具备电气元器件选型经验；
4. 非标自动化设备PLC程序设计、HMI程序设计经验；
5. 熟练掌握应用三菱、西门子等主流PLC程序；熟练应用三菱Q PLC优先；
6. 熟练掌握应用PLC定位、网络、A/D&amp;D/A等智能功能模块；
7. 电气理论知识扎实，对伺服电机、现场总线、机器视觉、机器人有实际应用经验；
8.有LCD平板显示、半导体、STK、EFEM、AGV工作经验优先；
9. 工作认真负责，严谨细致，有良好团队意识和交流沟通能力。",培训 amp STK EFEM,https://jobs.51job.com/kunshan/157063313.html?s=sou_sou_soulb&t=0_0&req=dbb7615b2e2ccc4feff4b6f3489c9110
QE工程师,昆山维开安电子科技,8千-1.5万·13薪,昆山,昆山,本科,5年及以上,2026-07-09 09:05:08,job51,"岗位职责：
1.负责产品品质标准拟定与审核工作，推动品质标准化，并符合所属行业要求；
2.负责产品制程异常及客诉处理；
3.负责本部门与其他部门沟通协调，并参与客户评签及品质稽核；
4.配合推动QA的各种品质活动及项目；
5.负责本部门的日常管理、监督及KPI绩效考核；
6.降低公司品质管理及品质损失成本，推行持续性的品质改善计划。

任职要求：
1.本科以上学历，电子、机械或管理专业。
2.ISO9001、IATF16949、QC080000、VDA6.3、等相关体系内审员资格证书。
3.五年以上品管经验，含3年主管经验。
4.品质管理工具(如：品管七手法、SPC、8D或5C等)、接受过品质体系管理培训并取得资格证书(IATF16949优先)；
5.熟悉相应公司产品类型、行业标准，以及品质管理体系建立与维护（IATF16949）
6.具有较强的心理承受力、良好的团队精神，原则性强、为人正直。",培训 ISO9001 IATF16949 QC080000 VDA6.3 SPC,https://jobs.51job.com/kunshan/141626916.html?s=sou_sou_soulb&t=0_0&req=dbb7615b2e2ccc4feff4b6f3489c9110
CQE客户质量工程师（昆山千灯）,唯丞精密电子（昆山）,1.5-2万,昆山,昆山,本科,3年及以上,2026-07-24 15:46:26,job51,"(一）岗位职责
1.负责客户质量问题管理，包括提单记录、原因分析、纠正预防措施制定与跟踪验证；
2.组织处理客户投诉抱怨，及时响应客户需求，制定解决方案，确保问题有效解决；
3.开展客户质量审核与产品质量巡检，收集质量数据，分析质量趋势，识别质量风险；
4.参与新产品开发阶段的质量策划，制定质量检验标准与测试方案；
5.推动质量改进项目，运用QC工具（如鱼骨图、柏拉图等）分析质量问题，提升产品质量；
6 编写质量报告，定期向管理层汇报客户质量状况及改进成果；
7.与研发、生产、采购等部门协作，解决跨部门质量问题，建立良好的质量协作机制；
8.培训员工质量意识，推广质量管理理念，提升团队整体质量水平。

（二）任职要求
1.本科及以上学历，质量管理、机械工程、电子工程等相关专业；
2.三年以上制造业质量工作经验，有连接器行业CQE工作经验者优先，熟悉板对板（B2B）、浮动板对板连接器产品；
3.熟悉质量管理体系（如ISO9001、IATF16949），掌握质量工具与方法，具备质量问题分析与解决能力；
4.了解连接器产品检验标准、测试方法及行业质量要求，能独立制定质量管控方案；
5.具备良好的沟通表达能力和客户服务意识，能有效协调内外部资源解决质量问题；
6.工作严谨负责，具备较强的抗压能力和团队合作精神。",采购 培训 客户服务 B2B IATF16949,https://jobs.51job.com/kunshan/162879094.html?s=sou_sou_soulb&t=0_0&req=dbb7615b2e2ccc4feff4b6f3489c9110
电气工程师,昆山汇之胜电子科技,1.3-2万·13薪,昆山,昆山,大专,3-4年,2026-08-05 09:38:19,job51,"职位要求:
1、大专或以上学历，电气或自动化相关专业，3年以上自动化设备行业经验。
2、至少熟练使用三菱3U,5U,等系列，欧姆龙CP1H等系列，松下AFPXH-C60T等系列三家品牌其中一款PLC。
 有过中大型PLC基恩士(KV8000/7500),三菱Q,R系列编程经验，独立设计编程调试中大型非标设备（列如15个轴以上使用EtherCAT通讯连接轴）优先考虑。
3、熟练使用昆仑通态，威纶通等触摸屏。
4、熟悉汇川、松下等伺服电机，上银、松下等直线电机，步进等等电气元件。
5、至少熟练掌握一种电气画图软件EPLAN/AUTOCAD。
6、熟悉串口通讯协议（RS485/232）、EtherNet/IP,EtherCAT等现场总线控制。
7、具备正确的价值观和较强的责任心，善于团队合作，沟通能力强，且有较强的抗压能力，能配合加班，适量的出差。
8、具备正确的价值观和较强的责任心，善于团队合作，沟通能力强，且有较强的抗压能力；",KV8000 AUTOCAD RS485 EtherNet IP,https://jobs.51job.com/kunshan/131777137.html?s=sou_sou_soulb&t=0_0&req=dbb7615b2e2ccc4feff4b6f3489c9110
技术工程师,铭凯益电子（昆山）,5-8千·14薪,昆山,昆山,本科,1年及以上,2026-07-10 11:24:05,job51,"职位描述
主要工作职责：
1）指导和解决车间各工段出现的技术问题及客户端反馈异常品分析和改善；
2) 负责目前自动化设备稳定化运行、问题点的改善及开发新的自动化设备等
3）参与制定、修订并在车间内部指导实施有关技术、工艺等方面的规程和文件；
4）有焊线技术经验者优先；
4) 上级安排的其他工作任务等。

教育：
本科学历
金属材料/自动化/机械/电子类相关专业毕业

工作经验：
应届毕业生或1年工作经验

工作知识/技能：
办公软件熟练（PPT/Excel/Word）

语言要求：
英语听读写良好，韩语熟练者优先",PPT Excel Word,https://jobs.51job.com/kunshan/140527571.html?s=sou_sou_soulb&t=0_0&req=3e1849afbe3b63b0136fd5b83ef3b6a6
测试工程师,天通精电新科技,1-1.5万,昆山,昆山,大专,3年及以上,2026-08-03 10:27:29,job51,"职责：
1、负责电子产品的PCBA ICT/FCT测试,测试设备的维护；
2、按照产品标准进行操作，严格保证质量；
3、总结组装和测试过程中出现的异常问题；

要求：
1，大专以上学历，有3年以上工作经验。
2.熟悉LABVIEW平台搭建的测试机柜原理及其平台语言。
3.会有组装电子、变频器产品组装相关经验者优先；
4.了解产品结构、工艺、品质相关知识，并具有相关经验者优先；
5.有责任感，工作自觉，工作效率高。",ICT,https://jobs.51job.com/kunshan/166987729.html?s=sou_sou_soulb&t=0_0&req=3e1849afbe3b63b0136fd5b83ef3b6a6
測試工程師,昆山宏致电子,6-8千,昆山,昆山,本科,2年及以上,2026-08-07 08:22:07,job51,"1.熟悉CNAS实验室管理药企，了解试验方法
2.测试规范解读“对3C/车用产品的规范进行解读并输出资料
3.功能测试：操作插拔力机、温湿度箱等设备，对连接器进行机械
环境测试
4.测试完成后，整合测试结果形成测试报告并上传。",功能测试,https://jobs.51job.com/kunshan/134352995.html?s=sou_sou_soulb&t=0_0&req=3e1849afbe3b63b0136fd5b83ef3b6a6
PQE工程师,昆山联滔电子,1-1.6万,昆山,昆山,本科,3-5年,2026-08-06 16:07:44,job51,"岗位职责：
1.负责QC检验不良品的复判、相关测试信息、组件信息的查询。
2.针对制程异常，追踪相关单位给出分析报告及对策，验证追踪直至结案。
3.对原材料来料异常进行快速反馈，要求SQE部门督促供应商提供有效的纠正预防措施及监控成效。
4.协调内部资源，对生产中质量问题进行处理，通过失效分析，找出失效点，与设计，生产，测试部门合作，找出解决方案，并验证其有效性。
5.对客诉品、客退品进行确认，分析失效原因，督促相关单位提出有效的改善对策，并跟踪效果，达成客户满意。
6.负责日常生产线的产品质量管理，及时处理与产品质量有关的过程问题，保证产品和服务质量，满足甚至超越客户的需求。
7.制定产品质量方面的检验和控制文件，并对相关人员进行岗位培训和考核。
8.收集并汇总质量数据，按所确定的周期汇报并制定改进方案。
任职要求：
1.本科及以上学历
2.会做报告和数据分析，呈现&amp;解说较好
3.具有3-5年相关工作经验者均可
4.可以独立负责某一段工作
5.英语书写流利/口语较好
6.会用逻辑方法去分析/解决问题，具有良好的沟通协调能力，有较强的团队合作精神",培训 数据分析 amp,https://jobs.51job.com/kunshan/168689876.html?s=sou_sou_soulb&t=0_0&req=3e1849afbe3b63b0136fd5b83ef3b6a6
QE工程師,永驰电子（昆山）,7千-1.2万,昆山,昆山,大专,3年及以上,2026-07-03 09:53:19,job51,"1、負責品質部各項文件，報表，記錄（IQC/IPQC/QA/異常）的審核批准。
2、負責產品品質規格，檢驗標準，檢驗規範（作業指導書/生產樣品確認）審察及執行監督。
3、負責品質相關的異常狀況的處理跟進及呈報。
4、負責客戶對品質事宜投訴的處理，並督促各部門的執行，跟蹤結果。
5、負責公司各部門之間的品質爭議，主導公司不良品質的跟蹤及確認。
6、負責所屬部門人員的考核，培訓，及作業素質提升。
7、主導公司品質方針及目標的制定。
8、參與供應商資格評審，為公司選擇合格供應商。
9、清楚質量/HSPM/環境/職業健康安全/IATF1694等管理體系要求,主导永馳最新環境有害物质管理規範要求制定。
10、完成上級交代的其它任務。",IQC IPQC QA HSPM,https://jobs.51job.com/kunshan/157333102.html?s=sou_sou_soulb&t=0_0&req=3e1849afbe3b63b0136fd5b83ef3b6a6
SMT工程师（制程）,同致电子科技（昆山）,1-1.5万,昆山,昆山,本科,3-5年,2026-07-29 10:55:50,job51,"工作内容：
1.新项目工艺评估，流程制定，完成SMT可行性评估并协助报价；
2.SMT生产机种，流程图，PFMEA SOP等工艺文件制作更新，确保生产标准文件为最新状态；
3.NPI试做机种跟踪，SMT段贴片不良原因分析及改善（含量产机种）；
4.优化制程和治工具，导入新材料和新技术，降低生产成本；
5.负责参与试做，对作业人员进行生产作业培训，并能跨部门沟通，确保产品争产生产。
任职要求：
1.大学本科以上学历，电子/机械专业，3-5年以上工作经验；
2.熟悉SMT制造工艺及各站关键工艺管控点
3.对质量工具制程能力分析，PFMEA等有一定了解。",培训 PFMEA,https://jobs.51job.com/kunshan/160151222.html?s=sou_sou_soulb&t=0_0&req=3e1849afbe3b63b0136fd5b83ef3b6a6
QE工程师,昆山合兴源电子,1-1.5万,昆山,昆山,大专,3年及以上,2026-07-16 08:29:31,job51,"任职要求：
1、3年以上制造业QE经验，有声学模切/冲压产品质量管控经验尤佳
2、保障ISO9001、IATF16949等体系在声学模切/冲压生产中有效运行，开展内审、过程审核与管理评审，推动体系优化
3、监控模切、冲压等关键工序，用SPC分析过程能力，识别变异并推动改进，稳定生产质量。
4、制定成品检验标准，响应客户质量投诉，主导8D报告编制与整改闭环，提升客户满意度。
5、牵头质量改进项目，运用六西格玛、PDCA等工具，跨部门协作降低不良率、提升产品一致性。
6、开展质量培训，提升全员质量意识，参与质量文化建设",跨部门协作 培训,https://jobs.51job.com/kunshan/163840304.html?s=sou_sou_soulb&t=0_0&req=3e1849afbe3b63b0136fd5b83ef3b6a6
产品开发工程师,昆山宏致电子,1.2-1.5万,昆山,昆山,本科,2年及以上,2026-08-07 08:22:08,job51,"工作内容】
- 负责新型连接器产品的结构设计及工艺优化，主导从概念设计到量产落地的全流程开发工作
- 独立完成产品三维建模、二维图纸绘制及技术文档编制，确保设计规范符合ISO9001质量管理体系要求
- 针对机加工设备特性进行模具选型分析，制定注塑成型/冲压加工的技术方案并推动试产验证
- 建立产品BOM清单及DFM评审机制，持续改进生产工艺以提升良品率至98%以上
- 编制FMEA失效模式分析报告，针对潜在风险点提出预防措施并跟踪闭环整改效果
- 组织跨部门技术交流会议，协同采购、生产等部门解决制造端实施难题
【任职要求】
- 大专及以上学历，机械工程/材料科学等相关专业毕业，年龄24-32周岁
- 具备2年以上精密连接器研发经验，掌握冲压模具设计原理及注塑成型工艺知识体系
- 精通AutoCAD（含参数化设计模块）、Pro/E三维建模软件的操作应用
- 英语CET-4及以上水平
- 熟练运用Office办公套件进行项目管理",技术文档 技术方案 采购 项目管理 Pro,https://jobs.51job.com/kunshan/116438982.html?s=sou_sou_soulb&t=0_0&req=3e1849afbe3b63b0136fd5b83ef3b6a6
PQE过程质量工程师,昆山安费诺正日电子,1-1.6万·13薪,昆山,昆山,大专,3年及以上,2026-06-29 08:02:13,job51,"工作职责：
1、监控产品质量表现，跟进纠正和预防措施，确保产品符合质量标准和客户要求；
2、制定、修订和维护质量控制、检验、测试标准；
3、参与新产品试制过程，对试制产品进行质量检验；
4、对操作员、IPQC和检验员进行检验要求培训。
5、计划和实施产品审核，参与内部流程审核，并支持外部审核。
6、协助CQE处理因生产过程引起的客户投诉，分析投诉原因，找出产品质量问题，并采取改进措施；
7、对质量数据进行分析，了解产品质量状况和趋势，为质量管理决策提供依据
任职条件

任职要求：
1、全日制大专及以上学历，电子或工科专业
2、3年以上制造业品质工程师经验，有连接器行业品质工作经验优先；
3、熟悉ISO9001体系、8D及QC七大工具。
4、具有良好的问题分析能力、沟通能力和团队合作意识。逻辑清晰，能灵活处理质量问题，善于数据分析。

公司提供早晚往返市区的通勤班车！！",培训 数据分析,https://jobs.51job.com/kunshan/154420761.html?s=sou_sou_soulb&t=0_0&req=3e1849afbe3b63b0136fd5b83ef3b6a6
emc测试工程师,倍科质量技术服务（昆山）,6千-1万,昆山,昆山,本科,1年及以上,2026-07-01 11:23:04,job51,"岗位职责：
1、熟悉EMC实验室测试仪器和测试原理，负责各种消费类电子电气产品的EMC测试；
2、了解电磁兼容测试标准（如CCC/CE/FCC/IC/RCM/VCCI/KC/NCC等测试标准），依据测试程序和测试计划完成EMC试验项目的测试；
3、负责电磁兼容试验项目的执行，观察测试现象，判定测试结论并做好原始数据记录；
4、负责测试仪器设备、场地设施的日常管理维护，确保场地正常运行；
5、负责测试区域的5S管理和日常安全管理工作；
6、协助项目工程师搭建测试用例，并独立完成测试工作；
7、主动配合领导和项目工程师完成其他工作。
任职资格
1、统招本科学历、电子、通信、电气、光电、自动化、机电、机械等相关理工类专业；
2、有IT产品，手机，电动工具，灯具，小家电，医疗产品，车载电子等相关测试经验佳；
3、具有良好的英文读写能力；
4、如熟悉EMC的基本测试项目及测试过程，能操作基本的EMC测试设备优先；
5、能配合加班及中班（16:30-00:30）安排，勤奋上进，具有团队合作精神；
6、思路清晰，可较快的接受新事物；
7、良好的沟通能力及抗压能力。",测试计划 测试用例 CE FCC IC RCM VCCI KC,https://jobs.51job.com/kunshan/160912204.html?s=sou_sou_soulb&t=0_0&req=3e1849afbe3b63b0136fd5b83ef3b6a6
QA工程师,昆山新至升塑胶电子,8千-1.4万·13薪,昆山,昆山,大专,3年及以上,2026-07-22 16:41:48,job51,"【工作内容】
- 负责客户投诉的调查、分析与回复，并跟进改善措施的实施与验证，确保问题闭环处理；
- 参与新品转量产会议，收集并整理新品相关的信息及质量标准，协助制定量产阶段的质量控制方案；
- 负责客户标准的持续跟进与更新，及时掌握客户对产品质量、流程及交付要求的变化，并将相关信息传达至各工站；
- 熟练运用质量工具（如8D、FMEA、SPC等）进行数据分析和问题解决，提升产品一致性与稳定性；
- 使用Office办公软件（如Excel、Word、PPT等）进行数据整理、报告撰写及跨部门沟通，确保信息准确传递；
- 协助制定并优化质量保证（QA）流程，推动质量管理体系的有效运行，保障消费电子产品符合客户及行业标准。
【任职要求】
- 大专及以上学历，专业不限，有3年及以上质量保证（QA）相关工作经验，熟悉消费电子产品的质量控制流程；
- 熟悉常用质量工具的应用，具备较强的数据分析能力和问题解决能力；
- 熟练使用Office办公软件，能够独立完成数据处理、报告编制及演示工作；
- 具备良好的沟通协调能力，责任心强，能适应多任务并行的工作环境。
-有对应A客户及亚马逊客户经验
【薪酬福利】
- 提供具有竞争力的薪资待遇，具体面议； 
- 五险一金齐全，享受国家法定节假日及带薪年假； 
- 定期组织员工培训与职业发展机会，助力个人成长。",数据分析 质量保证 培训 FMEA Word QA,https://jobs.51job.com/kunshan/148037783.html?s=sou_sou_soulb&t=0_0&req=3e1849afbe3b63b0136fd5b83ef3b6a6
品质辅导工程师,沪士电子,1-1.8万·14薪,昆山,昆山,本科,2年及以上,2026-08-03 13:17:18,job51,"岗位职责：
1.独立策划并完成各类品质项目辅导，并输出专项报告，能推动专案项目直至闭环；
2.对厂内重大品质变异或客户抱怨能独立展开深度调查；，主导识别生产过程与拦截系统存在的漏洞与不足，并串联推动与辅导各部门改善，阻止高风险行为或产品流出，降低内外部品质损失；
3.结合本课的观察发现，提升员工执行力；
4.培训组长和辅导员的工作技能，品质辅导方法与技巧。

任职资格：
1.本科及以上学历；
2.有PCB背景优先；
3.有良好的内外部沟通协调能力。",培训,https://jobs.51job.com/kunshan/159511175.html?s=sou_sou_soulb&t=0_0&req=3e1849afbe3b63b0136fd5b83ef3b6a6
LEAN工程师,环鸿电子（昆山）,8千-1.3万·15薪,昆山,昆山,本科,2年及以上,2026-07-15 10:37:14,job51,"岗位职责：
1.产品Operator Balance优化和layout调整
2.主导推动现场改善：SQDC
3.标准化推动，梳理LSSI相关流程、人力、异常
4. OEE/TPM/换线/工站优化/混线生产等指标的追踪
5. 产品价值流分析，推动团队消除浪费
6.实施DL/IDL精益生产培训和指导
7.对接LEAN客户，达成年度精益指标
任职要求：
1.本科（含）以上学历，精益生产2年以上经验
2.积极主动，良好的沟通与协调能力，责任心强
3.熟练使用VSM/IE改善手法
4.英文口语流畅",培训 SQDC OEE TPM,https://jobs.51job.com/kunshan/165214641.html?s=sou_sou_soulb&t=0_0&req=3e1849afbe3b63b0136fd5b83ef3b6a6
电子工程师,常熟精元电脑,6千-1万,常熟,常熟,大专,2年及以上,2026-07-16 14:47:55,job51,"任职要求
1、大专及以上学历，电子/光电/机电等相关专业；
2、具备2年及以上电子产品硬件开发经验，熟悉模拟与数字电路设计；
3、具备良好的沟通能力和团队协作精神，能适应高强度工作节奏。
工作内容
1、参与键盘背光系统的设计与优化，确保产品性能稳定、功耗合理；
2、承担皮套键盘触摸板的电子模块研发任务，完成从方案设计到样品测试的全流程工作；
3、 配合团队进行产品功能验证与问题分析，提出改进建议并推动落地实施；",方案设计,https://jobs.51job.com/changshu/167790944.html?s=sou_sou_soulb&t=0_0&req=34efcb2c20779aa896bca2b30031bf80
电子工程师,苏州三泰测控技术,6.5千-1.2万·13薪,常熟,常熟,本科,1年及以上,2026-06-26 16:11:58,job51,"【工作内容】
- 参与电子产品的设计、开发及测试工作，确保产品符合技术规范；
- 协助完成电路设计、PCB布局及样品调试；
- 与团队协作，解决产品在研发和生产过程中出现的技术问题；
- 编写相关技术文档，支持产品认证与量产准备。
【任职要求】
- 电子测控工程、通信工程或相关专业本科及以上学历；
- 熟悉模拟/数字电路设计，具备基本的硬件调试能力；
- 了解常用电子元器件特性及应用；
- 具备良好的沟通能力和团队合作精神，能适应快节奏的工作环境；
- 1年以上工作经验。",技术文档,https://jobs.51job.com/changshu/167379108.html?s=sou_sou_soulb&t=0_0&req=34efcb2c20779aa896bca2b30031bf80
资深研发工程师,瑞电士（常熟）传感器,1.8-2.5万·13薪,常熟,常熟,本科,5年及以上,2026-07-29 09:15:03,job51,"外资企业，有英语要求
职责：
1.开发新产品，改进现有产品，开发生产测试仪器；
2.测试评估新产品；
3.编辑开发测试报告等文档；
4.解决生产或客户应用产生的问题；
5其他临时交办的任务或项目。
技能：
1.英语听说必须流利
2.熟悉STM32主流单片机应用
3.熟练使用C语言编程语言
4.熟练的软件调试和测试能力
5. 熟练应用万用表，示波器等分析仪器
6. 有PCB layout 绘图能力更佳",STM32 单片机 C语言,https://jobs.51job.com/changshu/166960993.html?s=sou_sou_soulb&t=0_0&req=34efcb2c20779aa896bca2b30031bf80
伺服驱动器软件开发工程师,苏州特点电子科技,2-3万,常熟,常熟,本科,5年及以上,2026-07-24 08:51:06,job51,"关于您的职位描述：
1、 负责伺服驱动器控制软件功能开发和完善；
2、 负责伺服驱动器整机应用测试；
3、 负责客户技术支持及客户培训。

我们期待的您：
1、5年以上相关工作经验；
2、有伺服驱动软件开发经验者优先；具备交流伺服驱动、电机控制等相关理论知识；熟悉DSP\FPGA等芯片的基本架构和编程知识；
3、能配合加班及出差，具良好的团队合作意识；
4、本科及以上学历，电气工程及其自动化、电子信息工程、计算机等相关专业。

您将拥有：
1. 广阔的发展前景；
2. 完善的薪酬体系；
3. 畅通的晋升渠道；
4. 良好的福利待遇；
5. 优美的工作环境；
6. 融洽的工作氛围。

苏州特点电子科技有限公司期待您的加入！",DSP FPGA 技术支持 培训,https://jobs.51job.com/changshu/139711427.html?s=sou_sou_soulb&t=0_0&req=34efcb2c20779aa896bca2b30031bf80
嵌入式软件工程师（常熟）,昆山兴威联电气,1.2-2万,常熟,常熟,本科,2年及以上,2026-06-24 16:30:10,job51,"1：2年以上嵌入式软件开发经验，良好的代码编写风格
2：开发过Linux系统驱动或应用程序
2：熟练运用C语言，单片机STM32，ARM，DSP等常见MCU软件开发
3：熟悉profinetProfibus Ethernet/IP EtherCAT等常用现场总线通讯协议者优先录取
4：本科以上学历，电子、自动化、计算机科学与技术等专业",Linux C语言 单片机 STM32 ARM DSP MCU,https://jobs.51job.com/changshu/160032226.html?s=sou_sou_soulb&t=0_0&req=34efcb2c20779aa896bca2b30031bf80
DIP技术员,苏州爱情之音科技,8千-1.1万·15薪,常熟,常熟,中技/中专,3年及以上,2026-08-05 11:05:04,job51,"【工作内容】
- 负责DIP段相关技术的日常操作与维护；
- 协助完成图像处理流程的优化与调试；
- 配合团队进行项目开发和技术支持；
- 完成上级交办的其他相关工作。
【任职要求】
- 中专及以上学历
- 对DIP技术有基本了解，具备良好的学习能力；
- 具备较强的责任心和团队协作精神；
三年以上相关工作经验",技术支持,https://jobs.51job.com/changshu/169231450.html?s=sou_sou_soulb&t=0_0&req=34efcb2c20779aa896bca2b30031bf80
PCB设计工程师（常熟一厂）,苏州金像电子,8千-1万,常熟,常熟,本科,无需经验,2026-07-21 16:43:35,job51,"要求：
1.本科学历,不限专业;英语四级或以上;
2.具有1年以上PCB设计工作经验（非硬性要求，可接受应届生）;
3.吃苦耐劳，有团队精神，需要配合上夜班（3个月白班，1个月夜班）

工作内容：
1.工单设计数据制作、复检、MECN修改等
2.将客户Gerber input至Genesis系统
3.执行DRC(Design Rule Check)分析并完成DRC报告, 针对客户原稿Gerber设计提出工程问题
4.接受8:00-20:00，上六休一工作时间",Rule Check,https://jobs.51job.com/changshu/157590901.html?s=sou_sou_soulb&t=0_0&req=34efcb2c20779aa896bca2b30031bf80
线束研发工程师,苏州力安捷连接技术,8千-1.2万,常熟,常熟,本科,1-3年,2026-07-13 09:55:33,job51,"【工作内容】
- 负责工业设备线束产品的设计与开发，确保满足客户及行业标准；
- 参与线束方案的制定、图纸绘制及技术文档编写；
- 与生产、采购及质量部门协作，推动产品顺利量产；
- 解决线束研发过程中出现的技术问题，优化产品性能与成本。
【任职要求】
- 本科及以上学历，电子、电气、机械等相关专业；
- 3年及以上线束研发或相关工作经验；
- 熟悉线束设计规范及行业标准，具备良好的沟通协调能力；
- 熟练使用3D画图，具备较强的问题分析与解决能力。",技术文档 采购,https://jobs.51job.com/changshu/168519370.html?s=sou_sou_soulb&t=0_0&req=34efcb2c20779aa896bca2b30031bf80
智慧制造工程师（常熟二厂）,苏州金像电子,6-8千,常熟,常熟,本科,1年及以上,2026-08-04 08:20:59,job51,"1. 推动工厂自动化智能化生产，与自动化需求单位讨论需求及撰写规格书
2. 寻找资源以完成自动化需求，包含厂内资源及厂外资源
3. 机台链接自动化专案导入监工，并随时收集单位反馈的意见并与系统开发单位沟通
4. 确认自动化专案导入的有效性并向需求单位做教育训练
5. 数据分析及自动化程式撰写维护
6. 自动化专案导入后，要配合执行单位排除异常以确认问题发生根本原因后防止问题再发生
7. lot物联网架设
8. 67主管交办之事项",数据分析,https://jobs.51job.com/changshu/162468628.html?s=sou_sou_soulb&t=0_0&req=34efcb2c20779aa896bca2b30031bf80
产品设计工程师,敬鹏（常熟）电子,5-8千,常熟,常熟,本科,无需经验,2026-06-26 11:02:01,job51,"1. 依客人所提供之数据，设计为符合厂内生产条件。
2. 客户变更设计所需的相对应变更作业。
3. 设计PCB之生产流程。
4. 工程设计相关文件之撰写与归档
5. CAM、生产线所反应之回题回复。
6. 工单数据文件之建立。
7. 设计质量持续改善

有PDE经验薪资面议",CAM,https://jobs.51job.com/changshu/90855659.html?s=sou_sou_soulb&t=0_0&req=34efcb2c20779aa896bca2b30031bf80
PACK测试工程师,江苏正力新能电池技术,7千-1.4万·14薪,常熟,常熟,本科,2年及以上,2026-06-29 09:16:03,job51,"岗位职责:
1、负责公司模组线、PACK线EOL测试设备、DCIR测试设备等测试机台软件、硬件维护，
2、负责配合工艺编写测试规范、测试程序建立，维护，测试类设变更新，
3、联络测试厂家对设备进行检修、软硬件升级，备件准备等，对制造部门展开培训、联络说明，
4、配合产线生产任务，以及售后问题测试、解析，熟悉容量测试业务，
5、负责新测试项目导入，测试平台搭建与测试条件评估分析，参与项目创建与生产，
6、新员工培训，积极培训新员工，做好自身经验总结及传帮带工作。
任职要求:
1、本科及以上学历，2年及以上相关工作经验，
2、熟悉主流高压充放电测试设备，具有实际操作、编辑、维护能力，
3、具备电子电路分析能力，熟悉电子元器件、测试设备内部元器件等基本测试设备构造及测试原理。具有DBC文件读取，报文解析能力，
4、能够在供应商配合下完成测试台架搭建和测试验证，具备测试项目创建经验，参与过测试项目导入与生产。",培训,https://jobs.51job.com/changshu/163629488.html?s=sou_sou_soulb&t=0_0&req=34efcb2c20779aa896bca2b30031bf80
