job_name,company_name,salary,work_area,city,education,work_year,issue_date,source,skill_requirements,tech_tags,job_url
芯片测试开发工程师-苏州,胜达克半导体科技（上海）,9千-1.8万·13薪,苏州·姑苏区,苏州,本科,2年及以上,2026-08-06 10:15:33,job51,"【岗位职责】
1.负责新项目测试验证，以及量产测试程序开发和调试;测试数据分析以及Adaptstar平台软硬件性能的优化与验证；
2.对客户的产品相关ATE硬件开发参与全程沟通，对客户进行Adaptstar平台的使用与测试程序开发培训；
3.收集市场信息并反馈给公司以供决策参考，包括用户对公司平台软硬件使用的反馈与改善建议，潜在的销售机会，以及竞品信息的收集；
4.跨部门沟通与协作;
5.客户关系的维护；
6.其他上级交办事项。

【任职资格】
1.本科及以上学历，微电子、电科、自动化以及其他电子相关专业，需要有模数电相关知识以及C/C++编程基础；
2.优秀应届毕业生，或者两年以内工作经验，有较强的学习能力，具备主动做事的态度以及较强的人际交往能力；；
3.有较好的自我管理能力，主动学习善于总结，及时汇报项目进度与问题；
4.能适应短期中短途出差；
5.具备良好的沟通能力和团队合作精神，对客户基础问题的支持。",C++ 数据分析 培训,https://jobs.51job.com/suzhou-gsq/173170911.html?s=sou_sou_soulb&t=0_0&req=e9e16eaf7bb7a9bf2d13b394b4e14665
产品工程师（芯片方向）,江苏多维科技,7千-1.3万·13薪,张家港,苏州,本科,1年及以上,2026-08-06 16:59:20,job51,"为芯片生产提供可靠、高效、稳定、可执行的技术方案
【岗位职责】
1、芯片各参数数据间相关性发掘及分析，以量化良率提升所需参数调整方向及幅度
2、识别晶圆/芯片生产流程优选路径，协助保障产出物及时交付
3、与以上工作内容相关的辅助系统工具操作
4、 统计报表及分析报告撰写
5、异常样本准确及时提交至检验团队，检验结果分析归档
【任职资格】
1、本科及以上，微电子、自动化、工业工程、材料、物理等专业；
2、1-2年磁性材料、数理统计、电路设计相关背景优先；
3、英文文件阅读能力，准确理解JEDEC，AEC等组织相关英文标准文件内容。",技术方案,https://jobs.51job.com/zhangjiagang/173179716.html?s=sou_sou_soulb&t=0_0&req=e9e16eaf7bb7a9bf2d13b394b4e14665
芯片测试工程师(J10521),苏州苏纳光电,1.8-2.8万·16薪,苏州·苏州工业园区,苏州,本科,3年及以上,2026-07-09 10:50:06,job51,"工作职责:
1）	根据测试规范编写测试程序并进行工程验证、调试，完成相关测试报告的编写与归档；
2）	配合芯片设计工程师实施芯片的可测性设计；
3）	根据测试需求完成竞品测试，与研发人员共同制定全面可行的测试计划与方案；
4）	支撑公司芯片测试单板硬件方案设计，物料选型原理图与PCB版图设计以及调试工作。

任职资格:
1)	学历：本科及以上，微电子、机电、光电、自动化等相关专业
2)	年龄：无
3)	经验：3年以上芯片测试相关工作经验
4)	具备模拟电路/数字电路理论基础，具有FPGA和单板硬件设计经验者优先
5)	熟练使用示波器、频率计、相噪仪等仪器，具有丰富的仪器测试自动化开发经验。熟练掌握仪器自动化编程语言，具备一定的Python/C/C#/Matlab脚本编程技能;
6)	综合能力：优秀的团队合作、跨部门沟通和解决问题的能力；较强的项目管理和时间管理能力，确保各项任务按时完成",FPGA Python C# MATLAB 测试计划 方案设计 项目管理,https://jobs.51job.com/suzhou-gyyq/172849997.html?s=sou_sou_soulb&t=0_0&req=e9e16eaf7bb7a9bf2d13b394b4e14665
FAE/芯片应用工程师（ASIC方向）,苏州赛米德半导体科技,1.5-2.5万·14薪,苏州·苏州工业园区,苏州,本科,1年及以上,2026-07-07 15:37:26,job51,"职位亮点： 
1、深度参与产品定义：你将直接切入芯片产品的核心定义与落地环节，你不只是支持，将从技术前端就参与决策，帮助客户提升其产品的竞争力。
2、全流程能力锻造：能贯通从市场分析、设计链、供应链到客户支持的全链条，快速成长为行业稀缺的“芯片全栈型”人才。
3、核心窗口，价值凸显：你将直接面对客户与合作伙伴（EDA/IP/Design House），成为连接技术、产品与市场的关键桥梁，个人价值清晰可见。 
4、洞察前沿技术动态：持续跟进最新工艺、IP与行业趋势，不断拓宽个人技术视野。
你将负责： 
1、技术规划与决策：主导ASIC芯片的竞品分析与技术可行性研究，为项目立项提供核心依据；负责芯片的工艺选择、关键IP选型及PPA目标制定。 
2、项目全流程管控：牵头芯片项目的封测方案、Schedule（时间线）管控与风险协调，确保项目按既定目标推进。 
3、客户技术合作：作为核心技术接口，建立并维护客户关系，全程跟踪项目从预研、实施到量产及后续Debug的技术支持，保障客户成功。 
4、竞争力与生态建设：分析预研产品的市场竞争力；与主流EDA/IP/Design House厂商保持紧密互动，构建技术生态网络，洞察行业最新动态。 
我们希望你： 
必备条件： 
1、集成电路、微电子等相关专业本科及以上学历。 
2、熟悉IC设计/生产全流程，对SerDes、PCIe、DDR、USB等常见IP的关键规格有基本了解。 
3、具备出色的沟通协调能力、项目管理能力与复杂问题解决能力。 
4、拥有强烈的自驱力和好奇心，乐于追踪芯片行业的新技术与新应用。 
优先考虑（加分项）： 
1、拥有1年及以上半导体行业经验，有FAE、芯片设计、Foundry厂客户工程（CE）或研发经验者优先。 
2、研究生学历。 
3、具备优秀的英文技术交流能力。 
工作地点： 上海莘庄商务区（日常工作地）。本岗位需根据项目情况出差。",PCIe 供应链 竞品分析 技术支持 项目管理 EDA IP House,https://jobs.51job.com/suzhou-gyyq/172824988.html?s=sou_sou_soulb&t=0_0&req=e9e16eaf7bb7a9bf2d13b394b4e14665
芯片产品工程师,上海觉鑫智能科技,1.5-3万·13薪,苏州,苏州,本科,2年及以上,2026-07-23 16:35:58,job51,"岗位职责
- 负责芯片后硅（Post-Silicon）特性测试，评估性能、功耗、电压、频率及良率。
- 分析测试数据，确定产品性能边界、工作范围及量产可行性。
- 支持产品定义，包括工作点（Operating Point）及Bin策略制定。
- 分析并定位性能、良率、质量及制造相关问题。
- 与设计、固件、验证及制造团队协作，推动问题解决及产品量产。
- 支持产品Bring-up、认证、量产导入及后续维护。
- 开发自动化工具及数据分析方案，提升测试效率和工程生产力。

任职要求
- 3年以上半导体产品工程、芯片特性测试（Characterization）、验证、产品定义或相关经验。
- 熟悉芯片性能、功耗、良率及可靠性数据分析。
- 具备良好的数据分析及问题解决能力。
- 熟练使用Python进行自动化开发、数据分析及工程工具开发。
- 良好的中英文沟通能力。
- 电子工程、计算机工程、计算机科学或相关专业本科及以上学历。",Python 数据分析 Post-Silicon Operating Point Characterization,https://jobs.51job.com/suzhou/173021906.html?s=sou_sou_soulb&t=0_0&req=e9e16eaf7bb7a9bf2d13b394b4e14665
光芯片测试工程师,前锦网络信息技术（上海）,1-2万,苏州·吴江区,苏州,本科,2年及以上,2026-07-01 16:40:37,job51,"岗位职责
1. 负责bar 测试平台、COC 测试平台、可靠性老化台的日常维护与状态保障，确保测试稳定准确。
2. 承接研发阶段芯片性能测试 + 可靠性测试，辅助设计与工艺收敛，输出研发测试报告。
3. 制定可靠性策略，执行可靠性实验，计算 FIT 率、搭建可靠性模型，完成 Qualification 认证与 Certification 方案。
4. 负责量产阶段芯片测试与可靠性验证，分析量产数据并预警异常，输出量产测试与 Certification 报告。

任职要求
1. 本科及以上，物理 / 微电子 / 材料 / 自动化 / 电气 / 半导体 / 光电子相关专业。
2. 2 年以上光芯片 / 半导体测试相关经验。
3. 熟悉芯片性能测试、可靠性测试流程，逻辑与数据分析能力强：
1)熟悉 Bar 测试、COC 测试 操作与平台维护
2)掌握光芯片性能测试、可靠性测试全流程
3)能执行可靠性实验、计算 FIT 率、建立可靠性模型
4)会撰写 Qualification/Certification 报告
5)熟练进行数据处理、异常分析与风险预警",性能测试 数据分析 COC FIT Qualification Certification Bar,https://jobs.51job.com/suzhou-wjq/172758598.html?s=sou_sou_soulb&t=0_0&req=e9e16eaf7bb7a9bf2d13b394b4e14665
芯片测试工程师,苏州明皜传感科技,1-2万·13薪,苏州·苏州工业园区,苏州,本科,5年及以上,2026-07-20 12:10:58,job51,"岗位职责：
1、负责MEMS加速度计产品测试项目(CP/FT)，支持研发团队调试并搭建用于产品测试系统，以满足生产需求；
2、分析MEMS加速度计产品良率问题，推动产品质量持续改进的专项；
3、为MEMS加速度计产品提供技术支持，维护测试设备处于良好状态并负责故障排除，减少停机时间；
4、新产品测试方案开发与量产导入；
5、管理测试文件与测试loadbarod等相关图纸。

任职要求：
1、5年以上半导体测试程序开发/测试设备工程师工作经验；
2、需严谨熟练Labview编程环境、C++语言； 
3、需熟练使用各种仪器仪表(PXI,電表,示波器..等)，熟悉各类数据库的操作，可独立完成自动化测试程序开发；
4、具有良好的数电、模电和电子线路基础，掌握IC产品测试的相关知识，有传感器测试经历优先；
5、熟悉测试版的设计及制作，熟练使用PCB制作的相关软件。",C++ 技术支持 自动化测试 CP FT PXI,https://jobs.51job.com/suzhou-gyyq/172968961.html?s=sou_sou_soulb&t=0_0&req=e9e16eaf7bb7a9bf2d13b394b4e14665
可靠性工程师（芯片研发验证）,苏州鼎芯光电科技,8千-1万·13薪,苏州·吴江区,苏州,本科,无需经验,2026-06-23 16:26:32,job51,"应届生专投

【工作内容】
- 负责芯片产品在不同环境下的可靠性测试与分析，确保产品符合行业标准和客户要求；
- 参与制定并执行芯片可靠性验证方案，优化测试流程和方法；
- 分析测试数据，撰写测试报告，并提出改进建议以提升产品稳定性；
- 与设计、工艺及测试团队协作，推动产品可靠性问题的解决与改进。
【具体工作】
1. 芯片研发阶段可靠性验证（核心）
- 承接公司光芯片（VCSEL、DFB激光器等）研发全流程可靠性验证需求，深度对接芯片设计、流片、晶圆工艺等核心团队，明确验证标准、范围及时间节点，确保验证工作与研发进度同频，保障芯片研发质量，助力实验室成果向量产转化。

- 辅助完成光芯片设计及工艺收敛，基于HTOL、TC、ESD、电迁移等核心验证数据，结合公司IDM全流程管控要求，输出精准优化建议，提升芯片设计可靠性及流片良率，降低研发成本，助力打破国外技术垄断。

- 独立主导光芯片研发阶段可靠性实验，规范实验操作流程，精准记录、分析实验数据，确保实验过程可追溯、数据真实有效，解决实验过程中的各类技术难题，适配5G通信、数据中心、AI算力等核心应用场景芯片的可靠性需求。

- 计算光芯片FIT率，搭建芯片可靠性模型，运用Weibull分析、FTA故障树分析等工具预测产品寿命，识别关键失效风险点，为芯片设计优化、工艺改进提供核心数据支撑；独立撰写研发可靠性验证报告、Qualification报告，确认Certification认证方案，满足行业认证及项目验收要求。

- 结合AEC-Q100、JEDEC、ISO 16750等芯片行业核心标准及公司光芯片业务需求，制定芯片产品可靠性策略，搭建标准化研发阶段可靠性验证体系，同步对接国际规范，提升产品核心竞争力。

2. 芯片量产阶段可靠性管理

- 负责公司光芯片量产阶段可靠性数据的整理、深度分析，监控芯片良率、失效率等关键指标波动，及时识别潜在风险并发出预警，推动研发、生产、质量等跨部门协同闭环解决，保障量产芯片稳定性。

- 执行量产阶段可靠性验证实验，验证量产光芯片可靠性水平，适配公司化合物半导体产线量产需求，保障芯片批量生产稳定性，降低量产损耗，助力公司实现年产能7000万颗高速光模块配套芯片的目标。

- 撰写量产可靠性测试报告、Certification认证报告，配合完成芯片批量上市认证，确保产品符合行业标准及头部光模块客户核心需求，助力产品进入批量供货阶段。

- 联动生产、质量部门，同步量产阶段光芯片可靠性问题，主导现场失效件的根因分析（8D/RCA），推动生产工艺优化，持续提升量产芯片可靠性及一致性，支撑公司光芯片在5G、AI算力等场景的规模化应用。
【任职要求】
- 本科及以上学历，电子工程、微电子、材料科学等相关专业；
- 对芯片可靠性原理有基本了解，具备良好的逻辑思维和数据分析能力；
- 具备较强的学习能力和责任心，能适应快节奏的工作环境；
- 有相关实习或项目经验者优先，不限工作经验。",5G 数据分析 VCSEL TC ESD Q100 JEDEC ISO,https://jobs.51job.com/suzhou-wjq/171448417.html?s=sou_sou_soulb&t=0_0&req=e9e16eaf7bb7a9bf2d13b394b4e14665
测试工程师（芯片量产）,苏州四方杰芯电子科技,8千-1.5万·13薪,苏州·苏州工业园区,苏州,本科,2-5年,2026-07-27 16:02:12,job51,"岗位职责：
1.按照产品设计要求，制定产品测试规范；
2.根据产品测试规范，评估测试平台，制作测试治具；
3.根据产品测试规范，在测试平台上开发测试程序；
4.在工厂导入测试方案 ，并制定合适的管控和预警机制；
5.维护量产产品良率，及时处理产线异常，保证生产顺利进行；
6.改善量产良率，提升量产效率；
7.配合公司内其他部门进行测试相关工作。

岗位要求：
1.学历及专业： 本科，微电子，电子或通信相关专业
2.年龄：不限
3.工作经验： 2-5年工作经验
4.知识技能： 精通电子电路相关知识，有一定的数字电路和模拟电路基础；熟悉C或者C++等计算机编程语言；有一定的PCB软件绘图能力；
5.素质能力： 有测试开发经验，有工厂工作经验优先
6.语言能力： 英语熟练",C++ 产品设计,https://jobs.51job.com/suzhou-gyyq/173054502.html?s=sou_sou_soulb&t=0_0&req=e9e16eaf7bb7a9bf2d13b394b4e14665
芯片测试工程师-ATE,中国汽车工程研究院,1.5-3万·15薪,苏州·虎丘区,苏州,本科,3年及以上,2026-07-24 16:29:43,job51,"岗位职责
1.编写指定芯片testplan， 参与测试硬件例如loadboard，HTOL板等的设计，评审和调试。
2.根据项目进度要求，完成芯片的FT测试软件开发和调试。
3.负责与上下游相关方就技术方案和问题进行沟通，推动项目按进度完成。
4.编写各类测试文档，及时输出和归档，测试程序版本管控。
岗位要求
1.大学统招本科及以上学历，微电子，电子工程，通信工程，自动化，电力电子等相关专业
2.熟练使用各种调试仪表，定位和分析问题，有PCB设计经验。具有车规芯片ATE测试开发和调试成功经历。
3. 有较强的模电，数电，射频基础知识，具有C/C++等编程能力，熟悉主流ATE测试平台，具有ATE测试开发至少3年工作经验。
4.工作积极主动，能吃苦，有较强的沟通能力，分析和独立解决技术问题能力",C++ 技术方案,https://jobs.51job.com/suzhou-hq/173035350.html?s=sou_sou_soulb&t=0_0&req=e9e16eaf7bb7a9bf2d13b394b4e14665
功能安全工程师（芯片测试）,中国汽车工程研究院,2-3.5万·14薪,苏州·虎丘区,苏州,本科,5年及以上,2026-07-28 18:45:12,job51,"岗位职责
1. 基于功能安全标准（如ISO 26262或GB/T 34590），分析和定义芯片的安全需求。
2. 识别芯片可能的故障模式，并分析它们对系统安全的影响。
3. 验证芯片设计是否满足安全需求，包括硬件和软件的验证。
4. 设计故障注入测试，通过模拟故障条件来测试芯片的反应，确保它能够正确地检测和响应故障。
5. 根据项目需求，完成测试试验，并编写报告。
岗位要求
1. 本科及以上学历，微电子、电子信息、单片机、嵌入式开发或相关专业，具备扎实的专业知识。
2. 具有较好的电子电路基础和数学基础，具有一定的数学建模和数据分析能力。
3. 具有快速学习的能力，高效的文献搜集能力和方案设计能力。
4. .熟悉ISO 26262和GB/T 34590.7-2022标准，以及SEooC开发的安全目标或者安全需求定义的ASIL等级要求。
5.熟悉并了解汽车上所用的芯片种类及常用的MCU芯片型号。
6. 了解车规级MCU种类及工作原理，掌握一些故障输入软件系统，如Verdi，VectorCAST；AUTOSAR OS；IAR Embedded Workbench；ChipGenius等芯片仿真及故障输入软件。
7. 可以区分清故障种类（FMEDA），算出故障率，并对硬件指标计算的相关步骤进行解释。
8.有ATE设备操作经验者优先。",单片机 MCU 数据分析 方案设计 VectorCAST AUTOSAR OS IAR,https://jobs.51job.com/suzhou-hq/173073546.html?s=sou_sou_soulb&t=0_0&req=e9e16eaf7bb7a9bf2d13b394b4e14665
芯片封装测试工程师,芯旸微（苏州）电子,1.5-2万·13薪,苏州·相城区,苏州,本科,5年及以上,2026-08-03 15:51:03,job51,"岗位职责
测试方案开发：负责芯片CP（晶圆探针测试）及FT（成品测试）方案的开发与验证，编写测试程序（Test Program），设计Loadboard/Probe Card硬件需求；
产品导入：主导新产品的NPI（新产品导入）流程，负责测试硬件（Socket、Probe Card）的选型、评估与验收，确保测试覆盖率与良率达标；
良率提升：监控量产测试数据，运用统计学方法分析低良率原因（Low Yield Analysis），通过优化测试程序或硬件参数提升产品良率；
失效分析：配合研发与封测厂（OSAT）进行失效芯片的根本原因分析，定位是晶圆制程、封装工艺还是测试系统的问题，并推动解决；
可靠性验证：制定并执行芯片可靠性测试计划（如HTOL、ESD、Latch-up等），确保产品符合JEDEC等工业标准；
文档管理：撰写测试规范、作业指导书及测试报告，维护BOM表及测试设备清单。
任职要求
学历背景：本科及以上学历，微电子、电子工程、物理学、材料科学或自动化等相关专业；
经验要求：5年以上半导体封测或ATE测试经验，熟悉主流测试机台（如Advantest、Teradyne、Chroma等）的操作与编程；
专业技能：
熟悉半导体封装工艺流程（Wire Bonding, Flip Chip, BGA等）及晶圆制造工艺基础；
掌握C/C++或VB等编程语言，具备独立开发或维护测试程序的能力；
熟练使用JMP、Excel等数据分析工具，具备良好的数理统计基础；
仪器操作：熟悉示波器、万用表、半导体参数分析仪等常用实验室仪器的使用；
综合素质：具备较强的问题分析与解决能力，工作严谨负责，能适应跨部门沟通与协作，具备一定的英语读写能力（能阅读英文Datasheet及Spec）。
加分项
有数模混合信号、射频或功率器件测试经验者优先；
熟悉Python或LabVIEW，具备自动化测试脚本开发能力者优先；
有大型封测厂工作经验者优先。
福利待遇
薪酬激励：提供具备竞争力的基本薪资；
全面保障：入职即缴纳五险一金；
作息休假：周末双休，弹性工作制，严格执行国家法定节假日及带薪年假政策；
生活关怀：提供午餐津贴及加班餐补；",C++ Python 测试计划 数据分析 自动化测试 Test Program Probe,https://jobs.51job.com/suzhou-xcq/173132280.html?s=sou_sou_soulb&t=0_0&req=e9e16eaf7bb7a9bf2d13b394b4e14665
芯片测试工程师-功率模块老化测试,中国汽车工程研究院,1.5-2.5万·14薪,苏州·虎丘区,苏州,硕士,2-5年,2026-07-24 14:48:36,job51,"岗位职责：
1、负责功率器件老化设备操作测试、夹具定制、方案制定、客户对接、报告编制；
2、负责功率模块相关测试规范和体系文件编制。
3、从事车规级芯片功率模块/器件（MOS,IGBT）的测试（电学参数，热参数），开发工承担课题的研究，可靠性测试等。
任职要求：
1、硕士以上学历，微电子、集成电路、材料科学或相关专业，具备扎实的专业知识，工作过经验丰富可适当放宽学历要求。
2、2-3年以上工作经验，具备功率模块/EMC/可靠性相关经验。
3、具备科研项目或课题研究经历。",MOS IGBT EMC,https://jobs.51job.com/suzhou-hq/173032804.html?s=sou_sou_soulb&t=0_0&req=e9e16eaf7bb7a9bf2d13b394b4e14665
芯片测试工程师,矽力杰半导体技术（杭州）,1.5-3万·14薪,苏州·苏州工业园区,苏州,本科,3年及以上,2026-06-24 18:11:06,job51,"主要职责
1、与设计工程师合作，完成IC测试程序的开发及产品的失效分析工作； 
2、配合产品应用工程师，完成测试程序的优化工作；
3、配合测试代工厂，完成产品的测试加工工作； 
4、熟悉IC产品的QA架构，完成产品的QA工作。
主要要求
1、本科及以上，电气工程，电力电子，微电子，自动化，计算机
2. 半导体IC测试行业3年以上经验, 了解电源管理相关器件的工作原理，有充电/BMS相关产品调试经验优先。
3. 熟练掌握ACCO 8200/8300, ETS88/364等主流测试机台，能独立开发测试板/测试程序。
4. 至少熟练掌握一种主流PCB Layout软件的
5. 熟练掌握C/C++编程.",C++ ETS88,https://jobs.51job.com/suzhou-gyyq/172677895.html?s=sou_sou_soulb&t=0_0&req=e9e16eaf7bb7a9bf2d13b394b4e14665
IMU芯片AE及可靠性工程师,迈德斯企业管理（上海）,2-3.5万·16薪,苏州·苏州工业园区,苏州,本科,3年及以上,2026-07-01 16:42:27,job51,"职位描述：
1、与IMU芯片设计团队协同进行芯片的验证 
2、对竞品功能及性能层面的测试及分析
3、提供测试工程师所需的软件开发
4、撰写系统测试用例
5、撰写可靠性测试大纲，主导可靠性测试
6、对芯片不良进行分析
7、提供应用支持，撰写芯片数据手册、应用笔记、用户指南、设计规范
职位要求：
1、熟悉IMU原理，精通IMU指标
2、具有基本的硬件调试方法和技巧，协调设备工程师，硬件工程师，测试工程师的工作
3、熟悉Cortex M0+,M3软件接口标准，熟悉ARM核MCU底开发
4、熟悉芯片架构，了解时钟树、低功耗策略、代码运行策略、芯片之间交互策略、通信策略等""",ARM MCU 测试用例 M0,https://jobs.51job.com/suzhou-gyyq/172758650.html?s=sou_sou_soulb&t=0_0&req=e9e16eaf7bb7a9bf2d13b394b4e14665
ESD/TVS芯片研发工程师,苏州矽航半导体,1.5-2万·13薪,苏州·高新区,苏州,本科,3年及以上,2026-07-07 14:41:27,job51,"1. 负责公司ESD/TVS等分立保护器件的晶圆级产品研发，包括器件结构设计、版图设计、工艺流程设计及流片方案制定。

2. 根据产品规格要求，完成TVS/ESD器件的电性目标定义、结构方案设计、版图实现及工艺可行性评估，包括VBR、IR、VC、IPP、Cj、ESD能力等关键参数设计。

3. 负责与晶圆代工厂对接流片开发工作，包括工艺流程确认、版图规则沟通、DOE实验设计、Mask方案制定、工程批跟进、异常分析及流片结果验收。

4. 负责晶圆CP测试及样品验证数据分析，结合测试结果进行器件结构、版图及工艺方案优化，推动产品从研发样品到量产导入。

5. 负责ESD/TVS产品开发过程中的失效分析、可靠性验证、工艺异常分析及改善方案制定。

6. 负责整理研发过程中的实验数据、技术报告、设计规范及工艺文件，并将研发成果转化为新产品、专利或其他知识产权。

7. 配合销售、品质、封装测试及客户应用团队，提供产品选型、技术资料、客户问题分析及必要的技术支持。

 任职要求

1. 本科及以上学历，微电子、半导体器件、电子工程、集成电路、材料等相关专业。

2. 具有3年以上半导体器件设计、工艺开发、晶圆制造或分立器件研发相关经验；具备ESD、TVS、稳压二极管、肖特基、功率器件等相关经验者优先。

3. 熟悉半导体器件基本原理及晶圆制造流程，了解扩散、离子注入、外延、氧化、刻蚀、金属化、钝化、减薄及背面金属等关键工艺。

4. 具备实际器件结构设计、版图设计或流片开发经验，能够独立或主导完成产品从方案设计、版图实现、DOE设计到流片验证的开发过程。

5. 熟悉ESD/TVS器件关键电性参数及测试方法，包括击穿电压、漏电流、钳位电压、电容、浪涌能力、ESD能力及可靠性验证等。

6. 熟悉至少一种版图或器件仿真工具者优先，例如KLayout、Cadence、L-Edit、Silvaco、Sentaurus、Medici等。

7. 具备良好的数据分析能力和工程问题解决能力，能够根据测试结果判断器件结构、版图或工艺问题，并提出改善方案。

8. 具备良好的沟通协调能力，能够与晶圆厂、封装厂、测试厂及客户进行技术沟通。

9. 英语读写能力良好，能够阅读英文规格书、工艺资料、技术文献及客户技术文件。

 优先条件

1. 有TVS/ESD芯片独立设计及成功流片经验者优先。

2. 有晶圆代工厂对接、MPW/工程批/量产导入经验者优先。

3. 熟悉低电容ESD、高浪涌TVS、汽车级保护器件或高速接口保护器件开发者优先。

4. 有专利撰写、技术论文、产品规格书或客户技术报告撰写经验者优先。

岗位亮点

1. 公司专注于ESD/TVS等半导体保护器件研发，岗位直接参与核心产品定义、设计、流片及量产导入。

2. 可深度参与器件结构、工艺DOE、版图设计、晶圆厂协同开发及客户应用验证，研发参与度高。

3. 对有实际流片经验、希望从器件设计走向产品负责人方向发展的工程师，有较大发展空间。",DiT 方案设计 数据分析 专利 知识产权 技术支持,https://jobs.51job.com/suzhou-gxq/159377005.html?s=sou_sou_soulb&t=0_0&req=e9e16eaf7bb7a9bf2d13b394b4e14665
芯片测试工程师,苏州明皜传感科技,2.5-3万·13薪,苏州·苏州工业园区,苏州,本科,8年及以上,2026-07-20 11:45:01,job51,"岗位职责：

一、早期研发参与与 DFT 设计 (Early R&amp;D Involvement &amp; DFT)
1.深度参与 MEMS 加速度计的早期研发阶段，与 IC 设计和 MEMS 工艺团队紧密配合，评估并制定产品的测试可行性方案（Test Feasibility Study）。
2.负责定义产品的可测试性设计（DFT）与可制造性设计（DFM）需求，确保产品设计利于后续高效量产。
二、测试方案与系统开发 (Test Strategy &amp; System Development - 从0到1)
1.负责 MEMS 加速度计/力度喘感器等测试方案的架构设计，包括定制化测试算法开发、测试程序（Test Program）编写以及实验室/ ATE 测试系统的搭建。
2.主导测试硬件的设计开发，负责测试负载板（Loadboard/ socket board）、探针卡（Probe card）及微机械激励/标定治具的方案开发与验证。
三、产品验证与芯片特性分析 (Characterization &amp; Silicon Validation)
1.负责新芯片的实验室特性验证（Characterization），全面评估温度、电压、频率及物理加速度等全维度的参数边界，主导撰写产品特性分析报告（Qual/Characterization Report）。
2.支持研发团队进行系统级调试（Debug）与失效分析（FA），从测试数据角度提供关键物理/电学异常定位。
四、量产准备与技术转移 (Production Transfer &amp; Yield Maturation)
1.负责新产品测试方案（CP/FT）的标准化、工程验证及量产转移。
2.制定早期的良率提升（Yield Ramp-up）技术路线，主导早期低良率
五、技术资产管理与团队指导 (Mentorship &amp; Knowledge Management)
1.负责测试规范、测试标准流程（SOP）等核心技术文档的建立与版本控制。
2.指导和培训初级测试/产品工程师，提升团队整体技术攻坚能力。

任职要求：
1、本科及以上学历，理工科专业，8年以上半导体测试程序开发/测试设备工程师工作经验。
2、熟练Labview编程环境。
3、熟练使用C++语言。
4、需熟练使用各种仪器仪表(PXI,電表,示波器..等)，熟悉各类数据库的操作，可独立完成自动化测试程序开发。
5、具有良好的数电、模电和电子线路基础，掌握IC产品测试的相关知识，有传感器测试经历优先
6、熟悉测试版的设计及制作，熟练使用PCB制作的相关软件。",C++ 产品设计 技术文档 培训 自动化测试 DFT Early Involvement,https://jobs.51job.com/suzhou-gyyq/172848536.html?s=sou_sou_soulb&t=0_0&req=e9e16eaf7bb7a9bf2d13b394b4e14665
FC设备工程师,苏州通富超威半导体,1-1.5万·13薪,苏州,苏州,大专,5-7年,2026-08-07 08:45:52,job51,"1.熟悉FC封装相关设备，datacon8800,2200。
2.领导项目管理，确保处理器功能测试设备的开发或改进满足所有要求。
3.确保设备操作程序和维护程序到位。
4.确保新产品或工艺的开发和确认的及时执行。在及时执行任务方面体现纪律。
5.确保设备和硬件的培训和故障排除程序到位。
6.确保设备在生产中顺利实施。
7.确保产量，质量，利用率和成本降低的预期一致。
8.主管安排的其他工作。
任职要求：
1. 5-7年相关半导体封装设备工作经验，1-3年datacon8800,2200设备经验。
2. 熟悉封装设备的故障排除。
3. 基本设备操作和维护。
4. 熟悉封装设备的布局、搬迁和安装。
5.大专及以上学历，机械、电气、电子、机电一体化专业",项目管理 功能测试 培训,https://jobs.51job.com/suzhou/150743220.html?s=sou_sou_soulb&t=0_0&req=b37ea956d499864b1b49c35472c2b8c7
设备副工程师,和舰芯片制造（苏州）,7-8千·13薪,苏州,苏州,本科,无需经验,2026-07-27 14:04:38,job51,"【岗位职责】
1.轮值处理生产设备异常，执行保养、维修及运行参数管理；
2.进行设备零件组装、校正及性能调试，确保设备稳定运行；
3.处理SPC相关异常，分析并排除机况问题；
4.协助工程师完成改善项目及日常工作任务。

【任职要求】
1.全日制统招本科（不限经验），理工类相关专业；
2.了解基础系统及元件，简易电路及机台系统管线Trace能力，熟悉SPC观念及手法；
3.稳重踏实，责任心强，学习能力强，逻辑清晰，具备一定的数据分析能力；
4.能接受“四二夜班”轮值（上班两天休两天）。",数据分析,https://jobs.51job.com/suzhou/172215881.html?s=sou_sou_soulb&t=0_0&req=b37ea956d499864b1b49c35472c2b8c7
光学工艺-耦合,贸联电子（昆山）,9千-1.5万,昆山,苏州,大专,1年及以上,2026-08-03 09:05:57,job51,"耦合岗位
岗位内容：
1.负责 Micro LED模块光学耦合工艺开发和优化，包括透镜耦合和光纤耦合；
2.制定耦合工艺参数和操作流程，确保高精度耦合（如 ±0.5μm）；
3.使用主动对准设备 (AA) 进行光学耦合，监控耦合质量和稳定性；
4.解决耦合过程中的问题，分析失效原因并提出改进方案；
5.参与耦合设备选型和验收，优化设备参数；
6.光模块耦合工艺经验，熟悉高速光模块耦合技术。

岗位要求：
1本科及以上学历，光电、测试技术、通信、机械等相关专业",Micro AA,https://jobs.51job.com/kunshan/173123272.html?s=sou_sou_soulb&t=0_0&req=b37ea956d499864b1b49c35472c2b8c7
外延助理工程师,苏州立琻半导体,6千-1万·14薪,苏州,苏州,本科,无需经验,2026-06-29 10:45:31,job51,"职责描述：
1.负责AlGaN基深紫外LED材料外延生长；
2.负责AlGaN基深紫外LED材料外延研发团队建设和芯片研发团队的工作对接；
3.负责外延产线测试表征的各项数据跟踪与总结；
4.负责MOCVD的日常生产、研发、测试维护的数据记录汇总并及时跟踪芯片反馈数据,总结、客观分析各项参数；
5 配合研发团队推进AlGaN基深紫外LED项目的外延研究进展及工作总结报告；
4.了解和研究国内外行业UV-LED现状和发展趋势；
5.协助紫外LED技术、工艺研发工作；
6.完成上级领导交办的其他任务。 



任职要求：
1.具有理学或工学学士学位及以上；
2.具有化合物半导体材料外延生长、光电子或功率电子器件的研究背景；
3.了解相关领域国内外最新研究进展，具有扎实的专业基础知识和实验技能、及很强的英语读写能力；
4.具有很强的团队合作精神、责任心和独立开展工作的能力，动手能力强，认真细心，踏实肯干，善于沟通，有意长期从事氮化物半导体材料与光电子器件的研发及产业化工作；
5.具有AlGaN基深紫外LED材料MOCVD外延生长研发经验者优先考虑；
6.工作积极、负责、认真，服从上级主管的安排；
7.欢迎优秀应届毕业生投递。",GAN,https://jobs.51job.com/suzhou/172044390.html?s=sou_sou_soulb&t=0_0&req=b37ea956d499864b1b49c35472c2b8c7
FAE现场应用工程师,旺矽科技（苏州）,8千-1.2万·14薪,苏州·苏州工业园区,苏州,本科,1-2年,2026-06-29 09:10:02,job51,"岗位职责：
1. 负责新产品前期导入晶圆探针卡在测试过程中的技术支持，与R&amp;D就PCB设计/工艺/物料等优化方案的确认；
2. 负责量产前客户端信息与厂内对接，量产过程中探针卡测试异常等与客户沟通，改善测试方案并整合实施；
3. 追踪与专案处理；
4. 电源完整性、电性完整性；
5. 完成上级交办的其他任务。
任职要求：
1. 本科及以上学历，电子/信息工程/应用物理等专业；
2. 具备1-2年以上半导体IC测试经验或硬件电路设计经验；
3. 积极、正向、愿意学习；
4. 责任感强、抗压性高，具有良好团队合作精神；
5. 配合公司需求出差，自有交通工具优先。",技术支持 客户沟通 amp,https://jobs.51job.com/suzhou-gyyq/169103532.html?s=sou_sou_soulb&t=0_0&req=b37ea956d499864b1b49c35472c2b8c7
硬件工程师,苏州聚晟太阳能科技,1.5-3万,苏州,苏州,本科,5年及以上,2026-07-16 15:05:47,job51,"一、岗位职责
1.硬件方案与详细设计
负责电控系统硬件的模块级方案设计，独立完成原理图绘制、PCB Layout（至少4层板）、关键器件选型与BOM整理输出，确保设计满足功能、性能与成本目标。
2.样机调试与测试验证
主导样机硬件调试，执行功能、电气性能、环境适应性及可靠性测试，针对问题进行分析定位并推动整改，保障产品按节点进入试产阶段。
3.量产导入与制程支持
协同生产、工艺团队完成NPI导入，跟踪试产过程，分析并解决制程中暴露的硬件相关不良问题，参与提出可制造性优化与降本方案。
认证测试配合与资料输出
4.配合工程师完成IEC、UL等国际认证测试，参与EMC、安规、环境类问题的现场整改，输出认证所需的硬件技术文档与测试报告。
5.户外工况可靠性优化
针对宽温、高湿、强干扰、雷击浪涌等户外极端工作环境，参与电源防护、通信抗扰、驱动保护等关键电路的设计评审与优化验证。
6.技术文档与问题闭环
按流程输出设计说明、测试报告、DFMEA等标准化文档，针对现场或售后反馈的硬件问题，独立完成根因分析并推动整改方案落地。
7.技术预研与迭代支持
跟踪行业新技术（如新型通信方案、功率器件、电源架构），参与新一代产品硬件方案预研，为技术迭代提供可行性评估与实验数据。
8.完成上级交办的专项技术任务或临时支持工作。

二、任职要求
1.学历专业
全日制本科及以上学历，自动化、电气工程、电子信息工程、通信工程等相关专业，985/211院校优先。
2.工作经验
5年及以上电子电气产品硬件开发经验，具备完整参与至少1个量产项目的全流程经历（从原理设计到小批量爬坡）。
有光伏跟踪支架、逆变器、储能变流器、新能源电控或户外工业控制类产品经验者优先。
3.专业技能
熟练使用Altium Designer进行原理图与PCB设计，能够独立完成多路电源、通信接口、I/O驱动等常规电路设计，有STM32系列MCU外围硬件设计经验者优先；
熟悉UART、RS485、SPI、IIC等常用有线通信接口设计，了解LoRa/Zigbee等无线方案的基本应用，对信号完整性（串扰、反射）有基本认知，能配合EMC整改；
掌握电源（DCDC/LDO）、时钟、复位、存储（FLASH/EEPROM）等基础电路设计，了解直流有刷/无刷电机驱动原理，能参与驱动级硬件选型与调试；
具备独立调试与故障分析能力（能使用示波器、频谱仪、逻辑分析仪等工具定位问题），熟悉硬件开发流程与文档规范，有国际认证（CE/UL/IEC）配合经验者加分。
4.综合素质
责任心强，做事严谨，有良好的文档习惯；
善于跨部门沟通，能与软件、结构、测试、生产等团队高效协作；
英语阅读能力良好，能无障碍阅读芯片手册及技术文献，书面英语可用于撰写测试报告、认证资料，口语可基础工作交流者优先。",STM32 MCU UART SPI LoRA 方案设计 技术文档,https://jobs.51job.com/suzhou/172936512.html?s=sou_sou_soulb&t=0_0&req=b37ea956d499864b1b49c35472c2b8c7
销售经理（功率器件）,厦门市向高电子,2-3万,苏州·高新区,苏州,本科,3年及以上,2026-07-21 09:39:09,job51,"岗位职责：
1、负责自主联系开发潜在客户，开拓区域市场,扩大产品销售范围，熟悉电子市场行业；
2、对接客户端及原厂端的项目需求，做好跟进服务工作；
3、负责电子元器件产品的销售工作，完成团队销售目标；
4、维护及增进已有客户关系，了解和发掘客户需求及购买愿望；

岗位要求：
1、全日制本科及以上学历，3年及以上电子元器件同行工作经验;
2、有GD MCU 或 功率器件 销售经验优先；
3、熟悉主动器件销售经验优先；
4、有敏锐的市场洞察力，强烈上进心、责任心和积极的工作态度；
5、有做过科华业务，优先考虑。
（工作地点：厦门）",MCU,https://jobs.51job.com/suzhou-gxq/172979498.html?s=sou_sou_soulb&t=0_0&req=b37ea956d499864b1b49c35472c2b8c7
封装工艺工程师,立芯精密智造（昆山）,1-2万·14薪,苏州,苏州,本科,1年及以上,2026-06-16 11:33:20,job51,"公司：500强制造业，业务稳定
行业：消费电子
产品：半导体先进封装
地点：昆山锦溪

涉及工站：molding、saw、sputter、laser、刻蚀、mark、smt等

【工作内容】
- 负责电子产品的封装工艺设计与优化，提升产品性能和可靠性；
- 参与新产品导入（NPI）过程中的工艺开发与验证工作；
- 协调生产部门，确保封装工艺顺利实施并满足质量标准；
- 分析和解决封装过程中出现的技术问题，持续改进生产工艺。
【任职要求】
- 本科及以上学历，材料科学、电子工程、机械工程等相关专业；
- 对封装工艺流程有一定了解，具备良好的学习能力和问题解决能力；
- 具备良好的沟通协调能力，能与多部门协作完成项目任务；
- 有相关行业经验者优先，但不限工作经验。",molding saw sputter NPI,https://jobs.51job.com/suzhou/171735205.html?s=sou_sou_soulb&t=0_0&req=b37ea956d499864b1b49c35472c2b8c7
半导体自动化测试设备设计工程师,鸾起科技（苏州）,1.2-2.4万·14薪,苏州,苏州,本科,1年及以上,2026-07-20 16:03:37,job51,"工作职责：
1.参与新产品开发全流程：方案设计、3D结构设计、BOM建立、设计验证与迭代改进
2.输出BOM表、装配图纸、操作说明书、技术文档及专利申请
3.与采购、生产、电气团队协作，确保设计与制造、装配的衔接
4.与客户对接技术需求，评估机构设计可行性，提供解决方案
5.跟进样机组装调试，分析故障原因，持续优化设计

专业技能要求：
1. 精通CAD设计软件，熟悉3D建模、装配设计及2D工程图绘制
2. 熟悉自动化设备关键部件选型与计算（精密传动部件/气动元件/传感器/电机等）
3. 熟悉机械原理、机械加工工艺（CNC、钣金等）及表面处理工艺，具备公差分析、应力分析、结构优化能力，熟悉材料选型及热处理方法
4. 熟悉电气控制原理，能与电气工程师协作
5. 有平移式（Pick &amp; Place） 或转塔式（Turret） Handler开发经验，具备高速高精度（μm级） 平台设计经验优先
6. 熟悉半导体存储芯片测试分选/FT测试分选工艺，有半导体存储自动化设备交付或维护经验者优先

学历与专业背景：
学历 本科及以上学历
专业 机械工程、机电一体化、自动化等相关专业",方案设计 技术文档 专利 采购 CNC Pick Place Turret,https://jobs.51job.com/suzhou/172973731.html?s=sou_sou_soulb&t=0_0&req=b37ea956d499864b1b49c35472c2b8c7
资深设备工程师(J10359),苏州苏纳光电,1.8-2.8万,苏州·苏州工业园区,苏州,本科,8年及以上,2026-07-28 10:39:30,job51,"工作职责:
1. 设备复杂异常处理及改造 
1.1. 全工段设备复杂异常处理，指定解决方案并指导实施 
1.2. 主导设备改造项目，提升设备性能，拓宽工艺边界 
1.3. 调动内外部资源，并协调工艺工程师解决设备与工艺匹配问题 
2. 设备管理优化 
2.1. 优化目前设备管理流程，建立完善设备技术档案，制定合理的预防性保养计划 
2.2. 主导设备效率提升，优化设备备件库管理 
2.3. 协同IT推进设备数字化管理系统落地 
3. 设备资源落地 
3.1. 主导设备需求调研选型、采购、入厂前预验收等工作 
3.2. 主导并协调设备到厂后的安装、调试及验收等工作 
4. 团队协作及培训 
4.1. 指导初级中级设备工程师，组织技术及设备管理培训 
4.2. 推动跨部门工作推进（设备/工艺优化、设备相关流程优化等）

任职资格:
1.熟悉全工段半导体设备结构及原理
2.精通某一核心工段维保、异常处理、性能及结构优化
3.熟悉半导体制造流程，精通半导体设备管理
4.主导过3-5个设备导入或重大优化项目经验
5.熟悉使用设备分析工具及数据分析软件
6.有头部FAB工作经验者优先
8年及以上相关工作经验",采购 培训 流程优化 数据分析,https://jobs.51job.com/suzhou-gyyq/173062509.html?s=sou_sou_soulb&t=0_0&req=b37ea956d499864b1b49c35472c2b8c7
资深机械工程师-半导体,深圳市中基自动化,1.8-2.8万,苏州·苏州工业园区,苏州,本科,3-10年,2026-07-27 09:51:02,job51,"岗位职责：
1、参与客户需求收集及方案的制作，根据要求进行产品方案设计；
2、处理工作中各类物料BOM表、整理并归档；
3、负责结构三维、二维图纸、作业指导书的绘制、上传、归档；
4、非标自动化设备的设计与开发、协助指导整机的装配、及设备日常管理、发机跟进；
5、逻辑思维敏捷，具备良好的语言组织能力、善于沟通，积极配合完成领导安排的相关工作事项。

任职资格：
1、统招本科及以上学历，机械设计制造及其自动化等相关专业，优秀者可适当放宽；
2、至少熟练使用一种及以上三维软件，熟练使用相关软件；
3、3年及以上非标自动化设备开发经验，有独立非标设备开发经验、半导体设备经验者优先；尤其倾向于芯片分选设备，转塔测试分选类设备，平移式分选类设备，固晶类设备，TCB/MCP等键合类设备。
4、具备机械设计，机械制造工艺，模具设计，机械制图，互换性与测量技术，机械物理原理，材料力学，金属材料及热处理等基础知识；
5、熟练掌握各类公差分析方法、轴向和径向尺寸链分析；
6、熟练掌握气动部件、标准机械传动部件、电机驱动部件，视觉相机等的选型基础；
7、熟练使用至少一类受力分析软件工具，并掌握一定的材料加工工艺基础。",方案设计 TCB,https://jobs.51job.com/suzhou-gyyq/173045125.html?s=sou_sou_soulb&t=0_0&req=b37ea956d499864b1b49c35472c2b8c7
嵌入式工程师,爱克斯瑞真空技术（苏州）,2-2.5万,苏州·高新区,苏州,本科,3年及以上,2026-08-06 10:48:41,job51,"岗位职责：
1.根据产品要求负责嵌入式固件设计
2.配合软硬件联调
3.其它领导安排的事项

任职要求：
1.有芯片移植经历
2.熟悉Xilinx Zynq-7000/Zynq MPSoC
3.熟悉 ARMCortex-M/A 系列或其他主流单片机/微处理器架构
(如 STM32、NXP、GD32等)。

公司福利：
元旦、劳动节、国庆节:每个节日发放福利现金200元
端午节、中秋节:每个节日发放福利礼品或者现金100元
提供停车位",ARM 单片机 STM32 Zynq-7000 Zynq MPSoC ARMCortex-M NXP,https://jobs.51job.com/suzhou-gxq/173171913.html?s=sou_sou_soulb&t=0_0&req=b37ea956d499864b1b49c35472c2b8c7
硬件设计技术专家 工作地上海(J10506),日月新半导体（苏州）,2.5-3万,苏州,苏州,本科,5年,2026-08-05 10:41:23,job51,"工作职责:
1.深度理解半导体测试相关理论知识，相关硬件基础，以及测试原理图等；
2.熟悉主流ATE，如93K，J750，Accotest，Chroma，长川等；
3.具备较强的问题分析与定位能力，能快速解决硬件与结构协同故障；
4.具备项目管理能力，能带领团队完成复杂项目；
5.PCBA/ATE 测试硬件开发经验，参与过完整项目设计与调试；
6.扎实的模电 / 数电基础，精通模拟 / 混合信号电路设计，熟练使用Cadence 等 EDA 软件；
7.工作严谨、责任心强，具备良好的团队协作与跨部门沟通能力以及解决问题能力。
任职资格:
1.测试硬件设计工作经验5+年；
2.理工科专业；
3.本科及以上学历。",项目管理 J750 Accotest Chroma PCBA ATE EDA,https://jobs.51job.com/suzhou/173156537.html?s=sou_sou_soulb&t=0_0&req=b37ea956d499864b1b49c35472c2b8c7
Charge 驱动工程师,圣邦微电子（北京）,1.8-2.8万·15薪,苏州·苏州工业园区,苏州,本科,3年及以上,2026-06-22 16:52:34,job51,"岗位：软件AE
1、负责Android、Linux等系统下电源类芯片的驱动开发和验证；
2、从软件层面独立解决客户在产品开发、量产过程中遇到的各种技术问题，保证产品的顺利推广；
3、系统开发中整理相关技术文档；

任职要求：
1、全日制统招本科学历，计算机、自动化或电子相关专业；
2、1~3年手机、平板等电子产品行业相关驱动开发工作经验；
3.、精通C语言，熟练掌握Keil、Android等集成开发环境；
4、精通charge、pump等充电原理；
5、熟练使用SVN、Git等代码管理工具
6、熟悉常见通讯接口，如UART、USB等通讯接口以及I2C、SPI等BUS总线者优先；
7、熟悉ARM、RISC-V架构、USB TYPE-C,USB-PD以及QC/SCP/FCP/UFCS/AFC/VOOC快充协议其中的一种或几种，有PD认证、充电器，移动电源，手机，PC等电源产品开发经验者优先；
8、具有一定的硬件基础，能够看懂硬件电路设计及分析；",Linux C语言 SVN Git UART I2C SPI ARM 技术文档,https://jobs.51job.com/suzhou-gyyq/172639901.html?s=sou_sou_soulb&t=0_0&req=b37ea956d499864b1b49c35472c2b8c7
嵌入式软件开发工程师（电源方向）,苏州矽凯力科技,2-2.3万·14薪,苏州·苏州工业园区,苏州,本科,5年及以上,2026-08-06 16:01:57,job51,"【工作内容】
1、负责电源管理芯片或模块的嵌入式软件架构设计与核心算法实现；
2、主导电源系统驱动开发，完成硬件初始化、控制环路及保护机制编写；
3、配合硬件团队进行样机调试，解决电磁兼容、效率优化等关键问题；
4、撰写技术规格书、测试报告及用户手册，确保交付文档完整规范；
5、跟踪行业前沿技术，持续优化代码性能并推动产品迭代升级。

【任职要求】
1、本科及以上学历，电子工程、自动化或计算机相关专业，精通C语言；
2、熟悉MCU（如ARM Cortex-M系列）架构，掌握RTOS实时操作系统原理；
3、具备电源拓扑结构知识，有DC-DC、AC-DC等电源项目开发经验优先；
4、熟练使用示波器、逻辑分析仪等工具，具备扎实的电路分析与调试能力；
5、具备良好的逻辑思维与沟通协作能力，能适应高强度研发工作节奏。",C语言 MCU ARM RTOS 产品迭代 Cortex- DC AC-,https://jobs.51job.com/suzhou-gyyq/173179432.html?s=sou_sou_soulb&t=0_0&req=b37ea956d499864b1b49c35472c2b8c7
苏州 销售及服务工程师,香港电子器材有限公司上海代表处,6千-1.2万,苏州·苏州工业园区,苏州,大专,2年,2026-08-07 11:47:51,job51,"苏州销售及服务工程师
总部设在香港的跨国公司，在中国大陆设有多个办事处，(包括北京、成都、上海、深圳、苏州、天津、武汉、无锡、厦门和西安等)，现于国内招聘上述职位，负责其代理的半导体 / SMT 设备及原材料的相关工作。

职位要求
1.本科以上学历
2.工科专业技术背景, 有芯片制造, 材料, 生物, 物理等相关专业为佳
3.有仪器 / 设备销售或服务工作经验优先
4.可接受出差
5.能看懂英文产品操作手册
6.动手能力强, 可安装且维修设备
7.学习能力强, 对新产品知识接受能力快, 能够有效的针对客户的应用进行产品推广
8.有责任心, 负责, 性格开朗大方
工作地点: 苏州
请将简历并注明薪资要求通过邮件或信件发送到下列地址。并请注明申请加入的办事处。所有申请人提供的资料将会被保密处理。
Teltec Semiconductor Pacific Ltd
2802 Wing On House, 71 Des Voeux Road, Central, Hong Kong",LTE SMT Teltec Semiconductor Pacific Ltd Wing On,https://jobs.51job.com/suzhou-gyyq/133268847.html?s=sou_sou_soulb&t=0_0&req=b37ea956d499864b1b49c35472c2b8c7
AUTOSAR开发工程师,苏州天准科技,2-3.3万·15薪,苏州·虎丘区,苏州,本科,3年及以上,2026-07-29 10:35:11,job51,"岗位职责：
1.负责智驾控制器软件需求分析及需求规范编写。
2.开发AUTOSAR BSW基础软件模块，熟练使用ETAS工具链。
开发操作系统（OS），确保任务调度与实时性能满足系统需求。
开发CAN通信协议栈，保证车辆内部网络的可靠通信。
开发以太网通信协议栈，实现高速数据传输与网络通信，熟悉SOMEIP/DOIP。
开发存储协议栈（如EEPROM、Flash等），确保数据的可靠存储与管理。
开发功能安全模块，确保系统符合ISO 26262等功能安全标准。开发信息安全模块，确保通信数据的完整性与安全性。
重点负责存储协议栈（如EEPROM、Flash等）和诊断协议栈（如UDS）的配置和集成。
参与主导Bootloader开发，确保系统的安全启动与软件升级功能的实现。
3.编写软件测试用例，执行单元测试与集成测试。
根据功能需求编写详细的测试计划和测试用例，确保覆盖所有软件需求。
使用测试工具执行测试，并记录测试结果和问题，确保软件的稳定性和功能符合预期。
分析测试中发现的问题，协助开发人员进行问题定位和修复。
4.排查和分析软件问题，优化软件性能。
使用调试工具（如Trace32等）进行问题排查，快速定位软件故障点。
分析软件瓶颈，进行代码优化和内存管理，以提高系统性能。
制定并实施性能测试策略，确保软件在不同运行条件下的高效性和可靠性。
任职要求：
1.熟练掌握C/C++编程，具备较强的代码编写能力。
2.全日制本科及以上学历，计算机、电子工程、自动化、机电或软件工程相关专业。
3.熟练AUTOSAR软件架构，熟练使用ETAS AUTOSAR配置工具进行BSW开发，熟练MCAL相关技术栈。
4.具备较强的问题排查能力，能够快速分析和解决复杂的软件问题。
5.2年以上汽车行业嵌入式软件开发经验。
6.具有汽车电子MCU开发经验，如Tricore、RH850、E3640、J6等，能够独立实现Tricore系列芯片AUTOSAR软件全模块量产项目软件应用（MCAL+BSW部分功能模块）
7.具备良好的团队合作、沟通及学习能力。",CAN C++ MCU 需求分析 测试用例 测试计划 性能测试,https://jobs.51job.com/suzhou-hq/173078037.html?s=sou_sou_soulb&t=0_0&req=b37ea956d499864b1b49c35472c2b8c7
供应商质量管理工程师,前锦网络信息技术（上海）,1.7-3万,苏州·苏州工业园区,苏州,本科,2年及以上,2026-08-06 15:09:19,job51,"【工作职责】
1、负责新供应商导入的质量管理工作；
2、负责封装测试供应商量产质量管理，包括良率提升，生产质量管控持续改善等；
3、生产线异常处理，hold lot风险评估验证；
4、客户RMA异常处理，负责调查异常原因和改善跟踪；
5、负责供应商审核及客户审核；
6、内外部量产流程梳理，大客户量产质量监控；
7、供应商封测大数据分析，设置卡控要素，封测良率持续改善；
8、新产品导入转量产质量管控，hold lot rate降低和优化；
【任职要求】
1、本科及以上学历，理工科专业；
2、具有2年以上集成电路制造及管理相关工作经验，熟悉封装制造工艺及测试流程，有半导体封装工艺工程，测试工程或客户质量服务相关工作经验者优先；
3、半导体芯片设计公司供应商管理相关经验更优；
4、了解芯片失效模式及分析方法；
5、具备较强的组织协调能力、沟通能力；
6、有一定的数据分析、报告编写经验
7、熟悉质量管理体系，QC工具，AI应用。


福利待遇：固定13薪+2个月的绩效；七险一金，12%公积金，全额缴纳；朝九晚六；薪资范围有一定可谈空间

本科学历，32以内，一定要做过供应商对接工作；需要对接国际供应商，要求英语口语流利
工作地点：苏州市工业园区东长路88号2.5产业园N1栋，兆易",数据分析 hold lot,https://jobs.51job.com/suzhou-gyyq/173177762.html?s=sou_sou_soulb&t=0_0&req=b37ea956d499864b1b49c35472c2b8c7
热设计工程师/主管,豪杰时代（北京）咨询,1.5-2.5万,苏州·相城区,苏州,本科,5年及以上,2026-07-12 09:40:21,job51,"岗位职责：
1、流道设计：负责液冷板、微通道、歧管等流道结构设计，优化流体流动路径，提高散热效率。 使用CFD（计算流体力学）软件（如Fluent、ANSYS Icepak、COMSOL）模拟流道性能，分析压降、流速分布、温度场等。 结合材料特性（如铝合金、铜、复合材料）和制造工艺（如钎焊、3D打印、CNC加工）进行流道设计。 
2、热仿真分析：建立热-流耦合模型，评估散热系统性能（如芯片、电池、电机冷却）。 优化流道参数（如宽度、深度、间距、弯曲角度），减少流动阻力，提高换热效率。 分析流道在不同工况（如高低温、变流量）下的热稳定性。 
3、实验验证：设计并执行流道散热测试（如风洞实验、水冷测试），验证仿真结果。 分析测试数据（如温度分布、压降、流量），优化流道设计。 
4、跨部门协作：与结构工程师、制造团队协作，确保流道设计符合产品需求。 参与新产品开发，提供热管理产品的测试、生产方案（如板式换热器，相变储能板等）。 
5、技术文档：编写流道设计规范、仿真报告、测试报告。 申请相关专利（如新型流道结构、高效散热方案）
6、协助热管理市场的技术沟通、客户对接。
岗位要求：
1、学历要求：本科及以上（工程热物理、流体力学、机械工程、能源与动力工程等专业）。熟悉常见散热方式（如风冷、液冷、相变冷却）及适用场景。
2、技能要求 CFD仿真能力： 熟练使用Fluent、ANSYS Icepak、COMSOL等仿真软件。 能独立完成流道建模、网格划分、边界条件设置及结果分析。 流道设计能力： 掌握流道优化方法。 熟悉常见流道结构。 实验能力：能搭建散热测试平台。 熟悉数据采集与分析。软技能 问题解决能力：能快速定位散热瓶颈（如局部热点、流动死区）并提出优化方案。 团队协作：与结构、电子、制造团队高效沟通。 创新意识：关注新型散热技术（如均温板、热管、相变材料）。
3、行业经验：有军工行业（航空航天、卫星等）热设计经验者5年以上， 熟悉3D打印、钎焊、注塑等流道制造工艺者。 参与过热管理相关专利或论文发表者优先。",跨部门协作 技术文档 专利 数据采集 ANSYS Icepak COMSOL,https://jobs.51job.com/suzhou-xcq/172878451.html?s=sou_sou_soulb&t=0_0&req=b37ea956d499864b1b49c35472c2b8c7
高级机械工程师（分选机/固晶机）、,东莞市众合智创智能科技,2.5-3.5万·14薪,苏州·相城区,苏州,本科,5年及以上,2026-08-07 09:27:44,job51,"任职资格：
1、统招本科及以上学历，机械设计制造及其自动化等相关专业，年龄不超过40岁；
2、至少熟练使用SolidWorks，UG等一种三维软件，熟练使用Autodesk CAD；
3、7年及以上非标自动化设备开发经验，至少5有半导体封装设备开发经验，至少3年芯片分选设备(平移式）、固晶键合(diebond)经验。
4、具备机械设计，机械制造工艺，模具设计，机械制图，互换性与测量技术，机械物理原理，材料力学，金属材料及热处理等基础知识；
5、熟练掌握气动部件、标准机械传动部件、电机驱动部件，视觉相机等的选型及计算方法；
6、能独立完成机械自动化设备的总装图及部件图设计；有较强的动手能力及良好的机械测绘、装配能力，能独立分析设备异常原因。
7、熟练使用至少一类受力分析软件工具，并掌握一定的材料加工工艺基础。

岗位职责：
1、主导客户需求收集及方案的制作，根据要求进行产品设计；
2、处理工作中各类物料BOM表、整理并归档；
3、负责结构三维、二维图纸、作业指导书的绘制、上传、归档；
4、半导体先进封装设备的设计与开发、协助指导整机的装配、及设备日常管理、发机跟进；
5、逻辑思维敏捷，具备良好的语言组织能力、善于沟通，积极配合完成领导安排的相关工作事项。",产品设计 CAD diebond,https://jobs.51job.com/suzhou-xcq/173184995.html?s=sou_sou_soulb&t=0_0&req=a45fb40d4c3e86a6987762986c654da8
机械设计工程师（芯片测试插座）,苏州擎星骐骥科技,1-2万·13薪,苏州·苏州工业园区,苏州,本科,3年及以上,2026-08-08 21:52:43,job51,"岗位职责：

1. 负责芯片测试插座/手测盖的总体方案设计；

2. 在成本和时间目标下执行产品的详细机械设计及出图；

3. 负责相关产品技术文件和BOM搭建，及维护；

4. 解决装配、调试、生产等过程中的技术问题；

5. 与供应商和客户进行产品的技术沟通；

6. 对不良品及客诉品进行分析改善。

任职要求： 

1、3年以上芯片测试插座设计经验（必须同行经验）；

2、英语四级以上；

3、熟练使用Pro/E 或 Solidworks等设计软件；

4、良好的沟通与学习能力，有团队协作精神。",方案设计,https://jobs.51job.com/suzhou-gyyq/169857754.html?s=sou_sou_soulb&t=0_0&req=a45fb40d4c3e86a6987762986c654da8
芯片设备工程师,苏州汉骅半导体,8千-1.5万,苏州·苏州工业园区,苏州,本科,3年及以上,2026-07-29 09:39:55,job51,"岗位职责：
1.设备维护与管理：负责芯片制造设备（黄光、刻蚀、湿法等）的日常维护、保养与巡检，制定并执行详细的维护计划，确保设备的稳定运行，降低设备故障率，保障生产线的高效运转。及时处理设备故障，进行故障诊断与分析，提出有效的解决方案并迅速实施，减少设备停机时间对生产造成的影响。同时，建立和完善设备维护档案，记录设备的维护历史、故障信息及维修措施，为设备的长期管理提供数据支持。
2.设备安装与调试：参与新设备的选型评估，根据公司的生产需求和技术要求，提供专业的意见和建议。负责新设备的安装、调试工作，确保设备安装符合工艺标准和安全规范。在设备调试过程中，与设备供应商紧密合作，协同解决技术问题，使设备能够顺利投入生产。对设备的初始性能进行测试和验证，确保设备达到预期的生产效率和产品质量标准。
3.工艺优化与改进：与工艺工程师密切合作，针对芯片制造工艺，通过对设备参数的调整和优化，提高产品的良率和生产效率。参与工艺改进项目，运用设备工程的专业知识，为工艺创新提供技术支持。对生产过程中出现的设备相关工艺问题进行深入分析，提出切实可行的改进方案，并跟踪方案的实施效果，不断优化生产工艺。
4.文件编制与培训：编写设备操作规程、维护手册等相关技术文件，确保设备操作和维护的标准化、规范化。制定针对生产部门人员的设备操作培训计划，组织开展培训活动，提高操作人员对设备的正确使用和维护意识，减少因人为操作不当导致的设备故障。同时，对新入职的设备工程师进行岗位培训和技术指导，帮助其快速熟悉工作环境和业务流程。
5.参与设备升级与改造：关注行业技术发展动态，结合公司生产需求，提出设备升级改造的合理化建议。参与设备升级改造项目的策划与实施，负责项目中的设备工程部分，确保改造后的设备能够满足新工艺、新技术的要求，提升公司的核心竞争力。在项目实施过程中，严格控制项目进度、质量和成本，保障项目的顺利推进。


任职要求
1.教育背景：本科及以上学历，电子科学与技术、微电子学与固体电子学、机械工程、自动化等相关专业,优先考虑。
3.工作经验：具有3年以上芯片设备工程师相关工作经验，熟悉芯片制造工艺和设备，如光刻机、刻蚀机、CVD 设备、PVD 设备等。有半导体行业大型企业工作经验者优先。
4. 专业技能：掌握设备维护与故障诊断的基本方法和技巧，能够熟练运用相关工具和仪器进行设备维修。熟悉设备安装调试流程，具备良好的动手能力和问题解决能力。了解芯片制造工艺原理，能够根据工艺要求对设备进行参数调整和优化。具备一定的机械设计和电气控制知识，能够对设备进行简单的改造和升级。熟练使用办公软件和相关专业软件，如 AutoCAD、SolidWorks 等。
4.沟通协作能力：具备良好的团队合作精神，能够与不同部门的人员进行有效的沟通和协作，共同完成工作任务。能够清晰准确地表达自己的想法和观点，倾听他人的意见和建议，协调各方资源解决问题。具备较强的组织协调能力，能够在项目中发挥主导作用，推动项目的顺利进行。
5.学习创新能力：对新技术、新知识有强烈的好奇心和学习欲望，能够快速掌握行业最新动态和技术发展趋势。具备创新思维，能够在工作中提出新颖的解决方案和改进措施，不断提升工作效率和质量。具有较强的自我驱动力和学习能力，能够在工作中不断积累经验，提升自己的专业技能和综合素质。
6.其他要求：工作认真负责，严谨细致，具备较强的责任心和抗压能力。能够适应加班工作，确保生产线设备的正常运行。",技术支持 培训 CVD PVD AutoCAD SolidWorks,https://jobs.51job.com/suzhou-gyyq/165740819.html?s=sou_sou_soulb&t=0_0&req=a45fb40d4c3e86a6987762986c654da8
芯片验证负责人-上海工作地,苏州启智自动化,5-10万·15薪,苏州·吴中区,苏州,硕士,5年及以上,2026-07-16 16:58:46,job51,"【工作内容】
1、主导芯片验证整体策略制定，规划验证环境搭建方案并统筹项目全周期交付；
2、负责构建基于UVM/SystemVerilog的验证平台，完成功能仿真与形式验证核心任务；
3、组织跨部门技术评审，协调设计团队解决复杂逻辑缺陷，确保芯片流片质量；
4、建立自动化回归测试体系，优化验证覆盖率指标，提升问题定位与修复效率；
5、指导初级工程师成长，沉淀验证方法论与技术文档，推动团队技术能力升级。

【任职要求】
1、电子工程、微电子或相关专业硕士及以上学历，具备5年以上数字芯片验证经验；
2、精通SystemVerilog/UVM验证方法学，熟悉主流EDA工具及脚本语言（Python/Perl）；
3、有大型SoC或专用芯片从架构定义到Tape-out全流程成功交付案例者优先；
4、具备极强的逻辑分析能力与抗压能力，能独立主导复杂模块的验证攻关工作；
5、拥有良好的团队协作精神及技术文档撰写能力，对新技术保持高度敏感度。",Verilog Python Perl 技术文档,https://jobs.51job.com/suzhou-wzq/172939865.html?s=sou_sou_soulb&t=0_0&req=a45fb40d4c3e86a6987762986c654da8
芯片热仿真高级专家（光电子/光通信方向）,苏州北楼科技,3-6万·15薪,苏州·苏州工业园区,苏州,博士,5年及以上,2026-06-26 14:01:51,job51,"岗位职责
1.&nbsp;芯片高精度热建模与仿真
负责TFLN、硅光高速光电子芯片（MZI/MRM调制器、相干收发芯片）三维有限元热仿真建模；结合芯片波导、加热器、电极结构及COB、Flip-chip、TOSA/ROSA封装形式，精准配置换热系数、接触热阻、材料热导率等边界条件，搭建芯片-封装-系统级热级联模型，支撑CPO/NPO共封装产品开发。
2.&nbsp;电热协同耦合仿真分析
开展光电器件电热双向耦合仿真，分析热光效应对芯片折射率、波长漂移的影响；评估多通道并行工作下的热串扰问题，研判其对眼图、消光比、光学性能的负面影响；结合TEC制冷模型，完成温控系统稳态、瞬态仿真，优化温控功耗与响应带宽。
3.&nbsp;热可靠性分析与失效根因定位
针对芯片高功率、高低温、高湿工况，仿真分析器件热应力分布与热疲劳寿命；针对波长漂移、消光比劣化、芯片烧毁、TEC失效等问题做仿真RCA根因分析；支撑HTOL、TCT、EOL等全流程可靠性测试的热学仿真验证。
4.&nbsp;散热方案设计与工艺版图协同优化
负责系统散热架构设计，对比AlN、SiC等基板材料导热与热膨胀匹配性能；完成热界面材料、均热板、散热结构选型仿真评估；输出芯片版图热学优化方案，合理排布发热单元，降低通道热串扰；联动工艺团队，分析光刻、键合、薄膜工艺对芯片热阻网络的影响。
5.&nbsp;仿真体系搭建与自动化迭代
建立公司标准化热仿真SOP、材料参数库与网格验证体系；基于Python/MATLAB实现仿真参数化扫描、DOE实验设计与蒙特卡洛分析，完成仿真流程自动化；跟进行业AI仿真、数字孪生等前沿技术，持续优化仿真方法与工具。
 
任职要求
1.&nbsp;硕士及以上学历，博士优先，工程热物理、光学工程、微电子、物理电子、材料、机械传热等相关专业；
2.&nbsp;5年以上半导体/光电子行业热仿真经验，有TFLN、硅光、InP光芯片热设计经验者优先；
3.&nbsp;扎实的传热学功底，精通热传导、对流、辐射原理，熟悉接触热阻、TEC热电制冷、相变传热机制；熟练掌握一款及以上主流热仿真软件；
4.&nbsp;熟悉Si、铌酸锂、SiC等芯片基材及陶瓷、可伐合金、环氧等封装材料的热物性参数；
5.&nbsp;掌握热光效应、电光效应等光芯片核心物理机制，理解温度对波导折射率、光学性能的影响逻辑；
6.&nbsp;熟练使用Python/MATLAB/Origin完成仿真数据处理、拟合与可视化；
7.&nbsp;具备脚本开发能力，可通过软件API实现仿真自动化、参数化迭代优化。",ROS Python MATLAB Gin 方案设计 MZI Flip-chip TOSA,https://jobs.51job.com/suzhou-gyyq/172702796.html?s=sou_sou_soulb&t=0_0&req=a45fb40d4c3e86a6987762986c654da8
银浆处理工艺专家-半导体/芯片行业,上海骐沃电子科技,50-80万/年,苏州,苏州,硕士,5年及以上,2026-08-09 06:05:40,job51,"岗位职责：
1、大功率SIC模块新项目获取前期制造方案分析；
2、参与新生产线技术方案讨论，带领并组织涉及“银浆处理”关键及核心技术讨论，直至形成最终方案；
3、带领团队优化大功率SIC模块“银浆处理”工艺链，含银浆处理工艺以及后道关联工艺链：银浆印刷/银膜贴片以及芯片贴片工艺，银浆预干工艺，SPI 检测，银烧结工艺，Plasma清洁，超声波清洁，超声波键合，过程控制（超声波检测、X光检测和光学检测）；
4、带领分析大功率SiC模块的失效分析技术：大功率SiC模块的银浆处理工艺相关的的分析测试，测试概念和规范/测试设备;
5、指导工艺小组编写“基于标准设备的定制化”技术方案，评估工艺小组编写的非标设备方案。

任职要求：
1、硕士及以上学历，半导体材料专业，微电子专业亦可；
2、5年以上大功率IGBT 或者1年以上SiC模块制造技术经验；
3、熟悉半导体/芯片的银浆处理(印刷，预干，贴片等原理以及主流设备的设备原理，典型结构以及设备关键参数以及控制点；
4、熟悉大功率SiC或者IGBT模块封装相关生产流程及测试流程；
6、良好的SiC或者IGBT生产的质量控制意识，熟悉质量控制五大工具；
7、良好的领导技能、沟通技能及组织技能，责任心及团队合作。",SPI 技术方案,https://jobs.51job.com/suzhou/172895267.html?s=sou_sou_soulb&t=0_0&req=a45fb40d4c3e86a6987762986c654da8
SOC首席设计工程师-上海办公,苏州启智自动化,8-15万·15薪,苏州·吴中区,苏州,硕士,10年及以上,2026-07-21 09:11:38,job51,"SOC首席设计工程师-上海浦东张江办公
薪资open，预算充足，有期权，弹性工作制

岗位职责：
1.参与 SoC 芯片前端设计及全流程研发工作，负责从架构理解、模块设计、RTL 编码到综合、时序收敛支持及流片交付相关工作。 
2.负责 SoC 关键模块的设计实现，包括但不限于 CPU/GPU/NPU 子系统、高速接口、存储子系统、总线互联、时钟复位、低功耗设计等方向。 
3.根据芯片系统架构要求，完成模块划分、接口定义、功能规格制定、RTL 设计、代码维护及设计文档编写。 
4.配合架构、验证、DFT、后端、固件及软件团队开展协同开发，确保芯片方案可实现、可验证、可量产。 
5.参与性能、功耗、面积，即 PPA 目标分析与优化，推动设计方案在功能、时序、功耗和面积之间取得合理平衡。 
6.参与设计规范、交付标准、代码质量管控及问题闭环，提升设计效率和芯片可靠性。

任职要求：
1.硕士及以上学历，微电子、电子工程、集成电路、计算机、通信等相关专业。 
2.具备 10年以上芯片前端设计或 SoC 设计经验，有完整芯片项目流片经验者优先。 
3.熟练掌握 Verilog/SystemVerilog，具备扎实的数字电路、计算机体系结构和 SoC 系统设计基础。 
4.熟悉 SoC 设计流程，理解 RTL 设计、仿真验证、综合、STA、CDC/RDC、低功耗设计等关键环节。 
5.熟悉 AMBA 总线协议，如 AXI/AHB/APB，具备高速接口、存储控制器、片上互联、时钟复位或低功耗模块设计经验者优先。 
6.具备良好的代码规范意识、问题定位能力和工程交付能力，能够独立承担复杂模块设计任务。 
7.具备良好的沟通协作能力，能够与架构、验证、后端、软件、固件等团队高效配合。 
8.有团队协作或技术指导经验，能够推动问题闭环和项目节点达成。
加分项：
有NPU，GPU，AI 芯片项目经验。 
熟悉低功耗设计流程，如 UPF、Clock Gating、Power Domain 等。 
熟悉 Linux、脚本语言 Perl/Python/Tcl，能够提升自动化设计和调试效率。 
有多次成功流片及量产经验者优先。",Verilog Linux Perl Python 文档编写 SoC RTL CPU,https://jobs.51job.com/suzhou-wzq/172978813.html?s=sou_sou_soulb&t=0_0&req=a45fb40d4c3e86a6987762986c654da8
DFT工程师,北京华大九天科技,2-4万,苏州,苏州,硕士,5年及以上,2026-06-24 18:17:16,job51,"职位描述:

主导制定测试芯片的全栈DFT(Scan ATPG、MBIST、Boundary Scan、Logic BIST)方案, 与合作伙伴或外包DFT 团队合作，制定合作技术方案或SOW, 为工艺评估构建可诊断性架构

任职要求:

1.	5年以上DFT经验，主导过28nm及以下工艺芯片的完整DFT流片
2.	精通Synopsys DFT Compiler/TetraMAX 或 Mentor Tessent Shell 等DFT 工具
3.	了解先进工艺方面的DFT挑战，有一定 FinFET先进工艺经验
有脚本开发能力能够使用Tcl/Python等语言实现DFT流程自动化",CAN Shell Python 技术方案 Scan ATPG MBIST Boundary,https://jobs.51job.com/suzhou/170599351.html?s=sou_sou_soulb&t=0_0&req=a45fb40d4c3e86a6987762986c654da8
芯片封测面阵工艺技术员,奕瑞影像科技（太仓）,9千-1.2万,太仓,苏州,大专,1年及以上,2026-08-07 09:54:59,job51,"1、熟练掌握CMOS拼接、闪烁体贴合、半成品测试工艺，能独立完成大尺寸CMOS拼接贴合产品的生产制作测试；
2、配合工程师完成新产品和新工艺的开发，参与技术和工艺流程的改进，以及程序的优化，以提升效率、良率等。
3、负责产线异常分析，解决问题的思路清晰，负责完成异常分析报告等；
4、负责培训生产员工，监督生产执行，对产品品质、良率负责；
5、负责产线生产数据、异常数据统计收集。
6、上级交办的其他工作。

要求：
1、2年以上半导体拼接、贴合、测试相关工作经验；
2、对液态、固态胶水软贴硬、硬贴硬工艺1年以上相关工作经验；
3、有半导体、3C行业从业经验者优先；
4、适应无尘室工作环境。",培训,https://jobs.51job.com/taicang/171278638.html?s=sou_sou_soulb&t=0_0&req=a45fb40d4c3e86a6987762986c654da8
Trim Form测试工程师,苏州纳希微半导体,1.2-2.2万,苏州·相城区,苏州,本科,3年及以上,2026-06-30 15:12:16,job51,"【工作内容】
1.新产品工程阶段评估以及作业性确认，解决技术难点，确保新产品顺利量产
2.直材cost以及2nd source评估
3.制定以及更新当站相关文件（control plan,FMEA,SOP,OCAP）
4.提高当站制程能力以及管控手段，从系统面制定措施防止异常发生
5.维护量产产品，持续优化参数，Tooling等相关条件，达到改善良率目的
6.处理相关异常以及客户抱怨相关事项
7.熟悉GMM和UIM 机台维修保养
8.其他工作：完成领导交办的其他工作事项。

【任职要求】
1.本科及以上学历， 电子、自动化、机械等相关理工科专业
2.拥有3年及以上半导体行业封装工程师工作经验，至少3年Trim form岗位工作经验
3.较好的逻辑思维能力及工程分析问题能力；
4.英语CET-4及以上水平；
5.有Trim form模具相关设计&amp;改进经验者优先
6.熟练掌握SAT",control plan FMEA SOP OCAP,https://jobs.51job.com/suzhou-xcq/172741543.html?s=sou_sou_soulb&t=0_0&req=a45fb40d4c3e86a6987762986c654da8
硅光测试工程师,苏州迈时光电,2-3万·14薪,苏州·虎丘区,苏州,本科,3年及以上,2026-07-10 09:40:12,job51,"岗位职责： 
1、负责硅光芯片全流程测试方案设计与优化（研发级/量产级）相关经验 
2、主导400G/800G高速光模块测试机台选型与参数配置 
3、建立测试标准操作程序（SOP）与良率分析模型 
4、设计并执行HTOL/ESD/高低温循环等可靠性测试方案 
5、主导硅光芯片批次可靠性验证与失效分析 
6、建立FMEA风险分析体系，识别潜在失效模式 
7、开发Python自动化测试数据分析工具 
8、通过大数据分析定位测试异常根因 
9、推动工艺优化，持续提升测试效率与良率 
10、能配合团队完成 项目关键问题分析、技术改进推动，同时承接上级临时交办任务，灵活响应业务变化 

任职资格： 
1、物理学、电子工程、光电子技术等相关专业本科及以上学历 
2、3年以上芯片测试经验，有硅光芯片或高速光模块测试经验者优先 
3、熟悉电磁场理论、微波电子学、光电子技术等核心课程 
4、熟练运用COMSOL、HFSS、Matlab、Python、MySQL、办公工具..等",Python MATLAB MySQL 方案设计 自动化测试 数据分析,https://jobs.51job.com/suzhou-hq/172862478.html?s=sou_sou_soulb&t=0_0&req=a45fb40d4c3e86a6987762986c654da8
ATE测试电路设计工程师,苏州和林微纳科技,2-3万,苏州·虎丘区,苏州,硕士,3年及以上,2026-08-03 09:22:51,job51,"具体要求：
1.具备电路，模数电，信号处理等硬件设计知识，具备SI/PI信号完整性分析经验;
2.具有电子通信/通信/微电子/自动化等专业硕士及以上学历，具有3年以上的IC测试硬件开发或者同领域的行业经验;
3.具有原理图和PCB设计经验，原理图审查，PCB布局审查，元器件选型有一定了解;
4.有ATE probe card/load board 设计经验，有高同测数/高速probe card设计经验优先;
5.至少熟悉一种ATE测试平台硬件框架和通道特性，熟悉Advantest、Teradyne测试平台者优先;
6.有FPGA软硬件设计开发经验者优先;
7.严谨细心，具有良好的逻辑思维和沟通能力。
工作职责：
1.根据客户需求，设计probe card板电路和方案;
2.高同测数probe card设计评估，高速probe card 电路设计评估;
3.Probe card高同测方案原型设计，原理图设计，验证方案设计，回板测试并优化;
4.根据电路设计将信号的逻辑控制程序化，与客户测试工程师协同调通信号共享测试程序，满足channel share 测试方案，实现量产测试需求。",FPGA 原型设计 方案设计 Probe,https://jobs.51job.com/suzhou-hq/172987141.html?s=sou_sou_soulb&t=0_0&req=a45fb40d4c3e86a6987762986c654da8
晶圆（CP）测试工程师,苏州通富超威半导体,1-1.8万·13薪,苏州,苏州,本科,5年及以上,2026-08-07 08:45:53,job51,"岗位描述
1.维护CP测试所有设备处于良好状态，负责晶圆在封装前的电性测试，确保产品符合设计规格；100% 满足日常生产预期。
2.优化方法以实现每日设备设置和转换目标。
3.进行良率分析并提供与设备相关的改进计划。
4.向内部团队或客户提供新程序发布或硬件验收报告。
5.对生产线技术人员进行培训，提高其理论和实践能力，减少停机时间和质量问题。
6. 确保设备有效利用率，推动 OEE、MTBF、MTTR达到 KPI 目标。
7. 监控弹簧针插入、探针卡触地，确保使用寿命达到目标，执行有效的预防性维护并降低成本。

岗位要求
教育背景： 电子电气工程 / 机械/机电/自动化本科及以上学历
1.至少 3-5 年在OSAT（外包半导体半导体封装测试服务提供商）或半导体行业的工作经验。
2.熟悉V93K 测试机、TEL PRECIO XL、PREXA、TSK UF3000EXe 探针台的故障排除。
3.具备设备改造和功能改进的技能。
4.了解测试设备布局、迁移和安装知识。
5.有效的沟通能力、团队合作和跨部门协作能力。
6.具备新设备验证或验收能力。
7.能够提升或培养团队成员技能，以保持设备良好状态，预防质量问题。",培训 跨部门协作 OEE MTBF KPI TEL PRECIO XL,https://jobs.51job.com/suzhou/169095078.html?s=sou_sou_soulb&t=0_0&req=a45fb40d4c3e86a6987762986c654da8
ate测试工程师,苏州佐言企业管理咨询,2-4万·13薪,苏州,苏州,硕士,3年及以上,2026-07-21 10:45:46,job51,"具备电路，模数电，信号处理等硬件设计知识，具备SI/PI信号完整性分析经验;具有电子通信/通信/微电子/自动化等专业硕士及以上学历，具有3年以上的IC测试硬件开发建立系纷或者同领域的行业经验;.用AutoC具有原理图和PCB设计经验，原理图审查，PCB布局审查，元器件选型有一定了解;有ATE probe card/load board 设计经验，有高同测数/高速probe card设计经验优先:支持生具体要求监管外至少熟悉一种ATE测试平台硬件框架和通道特性，熟悉Advantest、Teradyne测试平台者优
·工作职责
有FPGA软硬件设计开发经验者优先:严谨细心，具有良好的逻辑思维和沟通能力。
根据客户需求，设计probe card板级电路和方案;2.高同测数probe card设计评估，高速probe card电路设计评估;3.Probecard高同测方案原型设计，原理图设计，验证方案设计，回板测试并优化;4.根据电路设计将信号的逻辑控制程序化，与客户测试工程师协同调通信号共享测试程序，满足channel share 测试方案，实现量产测试需求。",FPGA 原型设计 方案设计,https://jobs.51job.com/suzhou/172981670.html?s=sou_sou_soulb&t=0_0&req=a45fb40d4c3e86a6987762986c654da8
ATE工程师,上海觉鑫智能科技,1.5-3万·13薪,苏州,苏州,本科,3年及以上,2026-07-22 17:23:23,job51,"工作职责：
1.根据芯片设计规范和可测试性设计（DFT）要求，制定全面、高效的CP/FT量产测试方案，并编写测试规范。
2.负责ATE测试程序的开发与调试（基于93K、UltraFLEX等主流平台），并准备相关测试向量。
3.主导或参与ATE测试硬件（如Load Board、Probe Card、Socket）的设计、评审及供应商管理工作。
4.支持新产品导入与工程验证
5.在NPI阶段，负责开发特性分析（CHAR）、可靠性测试（如HTOL）等工程验证程序，为设计团队提供关键的测试数据支持。
6.主导新产品从工程样品到工厂量产的测试导入，确保测试流程的稳定与高效。
7.负责量产维护与良率提升
8.监控量产测试数据，分析测试良率，主导解决量产中出现的低良率或测试稳定性问题。
9.持续优化测试方案，目标在保证测试覆盖率和产品质量的前提下，降低测试成本（Cost Down）与测试时间。
10.与芯片设计、产品工程、封装及质量部门保持高效沟通，在测试可行性方面提供专业建议；编写和维护清晰、完整的测试文档，参与制定和优化部门测试流程。

技术要求：
1.本科及以上学历，微电子、电子工程、集成电路、自动化等相关专业。
2.三年以上半导体行业ATE测试开发经验，熟悉完整的芯片开发及量产流程。
3.精通至少一种主流ATE测试平台（如Advantest 93K， Teradyne UltraFLEX）的测试程序开发，并有成功量产经验。
4.具备扎实的模拟/混合信号电路基础，能够理解运算放大器、数据转换器（ADC/DAC）、电源管理芯片等产品的测试原理。
5.熟练使用C/C++/VB等编程语言进行测试开发，具备良好的代码能力。
优先考虑：
有高性能模拟/混合信号芯片测试经验者。
具备测试硬件（Loadboard）设计经验，熟悉Cadence等EDA工具。
了解半导体制造、封装及失效分析（FA）基础知识。
具备良好的英文技术文档读写能力。",C++ 技术文档 DFT Board Probe Card Socket CHAR,https://jobs.51job.com/suzhou/173008119.html?s=sou_sou_soulb&t=0_0&req=a45fb40d4c3e86a6987762986c654da8
CP产品工程师,杭州芯云海半导体,8千-1.6万·13薪,苏州·苏州工业园区,苏州,本科,2年及以上,2026-08-04 16:23:23,job51,"工作职责:
1、负责测试程序的开发与维护，确保测试流程的稳定性及可靠性
2、负责测试环境搭建、测试参数设定、测试数据收集及分析
3、负责产品良率的持续改进工作
4、负责制定并执行OCAP
5、负责新产品导入过程中的异常分析与解决，量产产品异常分析与解决
任职资格:
1、本科及以上学历 
2、2年及以上晶圆测试ATE/PTE工作经验
3、良好的数据分析能力，逻辑表达能力
4、责任心强，能够适应高强度的工作",数据分析,https://jobs.51job.com/suzhou-gyyq/172074025.html?s=sou_sou_soulb&t=0_0&req=a45fb40d4c3e86a6987762986c654da8
DFT工程师,苏州赛米德半导体科技,1.3-2.6万·14薪,苏州·苏州工业园区,苏州,本科,1-4年,2026-08-03 16:27:23,job51,"岗位职责：
1、参与制定完整的SoC/ASIC芯片DFT测试方案；
2、完成DFT电路设计的实现与验证，包括Scan、Mbist、Bscan、ATPG和测试向量生成等；
3、完成相关Analog IP/MSD IP 的DFT整合与验证；
4、完成DFT模式的时序约束，协助P&amp;R完成DFT STA/Power Signoff；
5、完成DFT电路的功能验证；
6、生成相关测试向量，协助ATE完成芯片测试、patten debug等；
7、参与芯片的良率提升以及故障分析。

任职要求：
1、本科及以上学历，集成电路、微电子、计算机、通信等相关专业；
2、熟悉DFT电路结构，包括Scan.Mbit.Bcan.Lbit；
3、熟悉Verilog、DFT理论和方法，熟悉综合和STA等ASIC实现流程；
4、熟练使用Mentor或Synopsys 的DFT EDA工具使用；
5、能够熟练使用 Perl（Python）、Tcl 和 Shell 脚本优先考虑；
6、具有分析、追踪和解决覆盖率损失、ATE测试失效等问题的能力，有过支持ATE良率分析工作经验优先考虑；
7、具有良好的沟通协调能力和团队配合精神。",CAN Verilog Perl Python Shell Mbist Bscan IP,https://jobs.51job.com/suzhou-gyyq/150061240.html?s=sou_sou_soulb&t=0_0&req=fb1828da63693a840c764d3d2b34dc4f
资深DFT工程师,上海道之科技,3.5-6万·14薪,苏州·高新区,苏州,本科,3年及以上,2026-06-29 09:53:13,job51,"上海道之科技有限公司是斯达半导体股份有限公司的全资子公司，是专业从事功率半导体元器件尤其是新能源汽车用IGBT芯片和模块研发及生产的***高新技术企业。

岗位职责：
1.负责MCU芯片的DFT架构的定义和相关设计的规划和实现
2.负责MCU芯片的DFT 计划和实现，包括测试控制模块的设计， SCAN， JTAG， MBIST， LBIST， 模拟测试 以及测试向量的生成和验证等
3.负责IP和SOC测试覆盖率的分析和提升 以满足测试覆盖率的要求
4.参与建立和完善DFT流程， 方法 以提升测试质量， 降低测试成本
5.负责测试模式的时序约束并与后端团队配合完成测试模式时序的收敛
6.与测试工程师配合完成测试向量的生成， 支持回片测试调试以及良率分析和提升。

任职要求：
1.电子相关专业本科以上学历， 3年以上SOC DFT经验， 有车规MCU DFT经验者优先
2.对通用DFT方法、工具和流程有较丰富经验， 包括但不局限于SCAN， MBIST， LBIST， 模拟测试方法， ATPG， failure diagnose， 良率提升等。
3.具有较强的逻辑设计和验证背景和经验， 有STA相关知识
4.熟悉MCU架构和设计者优先。
5.熟悉脚本语言（TCL，Perl，Python， etc.)
6.具有较强的分析问题解决问题能力，能狗解决复杂SOC DFT问题， 包括但不局限于时钟， 复位， IR drop， 良率等问题。
良好的团队精神。",MCU CAN Perl Python SCAN JTAG MBIST LBIST,https://jobs.51job.com/suzhou-gxq/172718221.html?s=sou_sou_soulb&t=0_0&req=fb1828da63693a840c764d3d2b34dc4f
模拟设计工程师,苏州云芯微电子科技,30-40万/年,昆山,苏州,硕士,3年及以上,2026-06-25 15:39:26,job51,"岗位职责：
1、参与模拟IC集成电路规格的制定； 
2、 负责模拟集成电路的设计，模块和整体芯片的仿真和验证； 
3、 与版图工程师合作完成版图设计； 
4、 协助测试工程师完成模拟IC工程样片的测试； 
5、 参与撰写产品手册等相关技术文档； 
6、 基于CMOS/BCD工艺完成NVM、AD&amp;DA、Amplifier、Sensor、Clk、Power等SoC模拟电路设计。
任职要求：
1、3年以上模拟/混合IC设计工作经验，具有DAC/ADC设计经验者优先；
2、熟悉模拟/混合信号芯片设计流程及工具，包括Candence、Synopsys、Mentor等；
3、具备扎实的模拟电路设计理论基础，具有良好的学习、分析和创新能力，在电子电路方面有良好的悟性；
4、良好的英文读、写能力；
5、具有良好的人际沟通能力、主动性及团队合作精神；
6、资质良好的应届硕士也可以考虑。",CAN 技术文档 AD DA Amplifier Sensor Clk Synopsys,https://jobs.51job.com/kunshan/171118234.html?s=sou_sou_soulb&t=0_0&req=fb1828da63693a840c764d3d2b34dc4f
资深模拟工程师（栅极驱动）,苏州东微半导体,2.5-5万·13薪,苏州·苏州工业园区,苏州,本科,5年及以上,2026-08-05 11:07:35,job51,"工作职责：
1. 深度理解芯片整体电路架构及各局部模块的性能与功能指标，评估并权衡电路架构方案，完成栅极驱动芯片的电路设计、分析及仿真验证，编制相关设计文档。 
2. 主导或参与版图设计督导、设计规则检查 / 版图与原理图一致性检查（DRC/LVS）评审及流片验证工作。 
3. 与封装工程师、系统工程师协作，针对性能、电磁干扰（EMI）及散热约束条件开展优化设计。 
4. 对接测试工程师，协助制定测试方案，并开展失效分析工作。
5. 对接系统应用团队，满足客户定制化设计需求。


任职资格：
1. 本科及以上学历，电子信息工程、微电子相关专业，硕士优先；
2. 5 年及以上模拟或数模混合信号集成电路设计经验；
3. 精通高低压模拟电路、隔离驱动（容耦 / 磁耦）、高压电平位移、半桥 / 全桥驱动架构设计，熟悉高压 BCD 工艺；
4. 熟练掌握 Cadence Virtuoso、Spectre 等 IC 设计与仿真工具，具备噪声、时序、可靠性仿真能力；
5. 深刻理解 SiC/GaN/IGBT 器件开关特性，精通CMTI、米勒效应、栅极振荡、dv/dt、杂散电感抑制设计方法；
6. 熟练设计各类保护逻辑：欠压锁定 UVLO、短路保护、DESAT 去饱和检测、软关断、故障上报、死区防直通；
7. 具备较强的沟通协调能力、责任心、执行力及抗压能力、良好的学习能力、团队协作意识强，有驱动产品流片量产落地经验者优先。",GAN DRC LVS EMI BCD Cadence Virtuoso Spectre,https://jobs.51job.com/suzhou-gyyq/172195451.html?s=sou_sou_soulb&t=0_0&req=fb1828da63693a840c764d3d2b34dc4f
高级模拟IC设计工程师,景昱医疗科技（苏州）,5-7万·14薪,苏州·苏州工业园区,苏州,硕士,5年及以上,2026-07-10 11:05:43,job51,"岗位定位：
本岗位为项目芯片开发技术总负责人，核心承担两大职责：
1）参与整颗数模混合ASIC顶层系统架构定义，主导全系统方案、指标拆解、风险管控；
2）独立完成全芯片模拟模块需求分解、电路设计、仿真收敛、版图指导、流片评审与回片调试。
岗位职责：
1、芯片顶层系统与模拟架构定义，主导芯片需求规格定义与芯片整体系统架构设计评审，主导模拟域顶层架构、模块划分、电源域规划、地网规划、数模接口定义；牵头跨团队技术评审，对齐数字、验证、测试、系统整机团队的技术边界与指标约束；
2、全链路模拟电路设计与开发，独立负责模拟模块前端设计、仿真优化、性能收敛，包括：高压刺激输出（电流源/电压源）、可编程高压模拟开关阵列、低噪声神经信号采集AFE链路：全差分仪表放大器、可编程增益PGA、ADC。电源管理系统：DC-DC、多域低噪声LDO、电荷泵、轻载效率优化；端口安全防护；
3、仿真、验证与版图质量管控，负责模块级/系统级DC/AC/瞬态/噪声/蒙特卡洛/PVT工艺角仿真，噪声、精度、纹波、温漂、长期漂移等关键指标验证优化；指导版图工程师完成数模物理隔离、高压区域隔离、器件匹配、保护环、屏蔽走线、电源地布局；主导DRC/LVS/ERC审查；
4、流片、测试、回片调试与量产支撑，参与芯片流片后的测试、失效分析，针对模拟模块性能问题进行设计迭代优化;，编写模拟模块设计文档、仿真报告，参与技术评审，配合数字工程师完成数模混合系统的协同仿真与集成。
任职要求：
1、学历：微电子、集成电路、电子科学与技术、电子工程等相关专业，硕士及以上；
2、经验：5年及以上模拟IC设计经验，具备完整数模混合ASIC「需求-设计-仿真-流片-回片调试」全流程经验；
3、精通混合信号芯片模拟顶层架构设计，熟练电源域分割、数模噪声隔离、SI/PI规划、全链路指标预算拆解；
4、精通低噪声AFE+高精度ADC（Σ-Δ/SAR）微弱信号采集；数控电压源电流源；电荷泵/DC-DC/LDO电源三项中的两项；
5、熟练掌握熟悉主流EDA设计工具(Cadence、Synopsys系列)；
6、具备神经刺激芯片研发，高压BCD、低噪声AFE、医疗级电源管理背景优先；有SIP（系统级封装）经验优先。具备长寿命可靠性设计经验，熟悉HTOL、温循、器件漂移老化优化；
7、沟通高效，可跨团队协同数字、验证、整机、临床团队推进项目里程碑。",ADC DC-DC AC LVS SI SAR Cadence,https://jobs.51job.com/suzhou-gyyq/172865023.html?s=sou_sou_soulb&t=0_0&req=fb1828da63693a840c764d3d2b34dc4f
模拟电路设计工程师,苏州赛可为信息科技,2-4万,苏州·苏州工业园区,苏州,本科,2年及以上,2026-08-03 09:14:15,job51,"base北京，可远程
职位描述：
1、根据芯片需求以及现有电路spec，完成模拟电路及外围电路设计和仿真，完成前仿与后仿设计报告；
2、完成芯片功能和性能验证，指导和配合版图工程师的设计工作；

岗位职能要求：
1、熟练使用IC设计相关的EDA工具，如常用设计软件VIRTUOSO 及仿真工具hspice,spectre等；
2、有常用模拟电路的设计经验，有电荷泵、带隙基准、小信号读出放大器、ADC、高速比较器，振荡器，读写电路，LDO等设计经验，对新型存储器如 PCRAM/MRAM/RRAM/FeRAM等了解者极佳；
3、熟悉集成电路开发流程及 CMOS工艺，有实际流片成功经验
4、有与阵列，数字设计相关cowork 经验",SPI ADC PCRAM MRAM RRAM,https://jobs.51job.com/suzhou-gyyq/173123408.html?s=sou_sou_soulb&t=0_0&req=fb1828da63693a840c764d3d2b34dc4f
半导体激光器测试工程师,前锦网络信息技术（上海）,1-2万·13薪,苏州·吴江区,苏州,本科,2年及以上,2026-07-02 17:33:38,job51,"任职要求
1.&nbsp;学历专业：本科及以上，光学、半导体相关专业
2.&nbsp;行业经验：2年及以上化合物半导体行业经验，跳槽2次以内，有半导体激光器开发经验优先
3.&nbsp;能力工具：熟练Python、JMP数据处理分析；具备良好沟通、问题分析与执行能力
 
岗位职责
1.&nbsp;负责半导体激光器量产良率监控、数据统计与异常分析，每周输出良率报表
2.&nbsp;主导产品失效分析根因定位，推进产品优化改善
3.&nbsp;牵头处置生产重大异常，制定长效改善方案，提升产品良率",Python nbsp,https://jobs.51job.com/suzhou-wjq/172776387.html?s=sou_sou_soulb&t=0_0&req=fb1828da63693a840c764d3d2b34dc4f
封装测试工程师（IC TE）,恒诺微电子（嘉兴）,8千-1.5万·14薪,苏州·吴江区,苏州,本科,3年及以上,2026-06-17 15:46:37,job51,"岗位职责：
1.Key contact for line issues during odd hours and weekend
2. Work with production, PMC, TS, PE, to resolve line issue
3. Work on solution and drive fixes on all daily operation meeting line issues
4. Communicate speedy on customer line issue
5.Able to develop test program and debug, analyze of test program with fixes for improvement
岗位要求：
1.Min Bachelors Degree in Electronics Engineering or equivalent experience.
2.Min 3 years experience in semiconductor assembly and test area..
3.Good oral and written communication skills, both English and Chinese.
4.Preferable and added advantage with experience in Test product engineering and test program development
Able to develop test program, familiar on C++ and other programming language is advantage, also has experience in Test product engineering job related",Electron Gin Go C++ Key PMC TS PE,https://jobs.51job.com/suzhou-wjq/172598224.html?s=sou_sou_soulb&t=0_0&req=fb1828da63693a840c764d3d2b34dc4f
资深模拟设计工程师,上海道之科技,3.5-6.5万·14薪,苏州·高新区,苏州,本科,5年及以上,2026-06-29 10:08:44,job51,"上海道之科技有限公司是斯达半导体股份有限公司的全资子公司，是专业从事功率半导体元器件尤其是新能源汽车用IGBT芯片和模块研发及生产的***高新技术企业。

岗位职责
1.负责MCU芯片模拟电路设计和仿真，
2.参与模拟IP可行性评估， 负责模拟电路的设计和仿真
3.规划模拟版图布局，并指导和协助layout工程师完成版图设计， 确保版图达到电路设计要求
4.与数字设计和测试工程师讨论制定模拟测试方法，实现高质量和高效模拟测试，支持芯片回片测试， 分析和解决相关测试问题

任职要求
1.电子相关专业本科以上学历，　5年以上模拟设计相关工作经验
2.熟练掌握混合信号电路设计流程和方法以及相关设计工具
3.熟悉LDO，OPA，OSC、PLL， ADC、DAC、 IO等IP的设计
4.具有custom layout经验， 能狗指导layout工程师设计
5.了解半导体器件物理与工艺相关知识， 熟悉可靠性设计， 对ESD和latchup 设计有丰富经验者优先
6.有车规MCU设计经验者优先
7.具有良好的沟通能力和团队意识",MCU OPA OSC PLL ADC DAC,https://jobs.51job.com/suzhou-gxq/172718788.html?s=sou_sou_soulb&t=0_0&req=fb1828da63693a840c764d3d2b34dc4f
DFT可测设计工程师-上海办公,苏州启智自动化,5-8万·15薪,苏州·吴中区,苏州,本科,8年及以上,2026-07-20 19:10:43,job51,"DFT可测性设计工程师-上海办公
岗位职责：
1.负责DFT的设计规划工作，如Scan、MBIST、LBIST、BSD以及IP Test等。
2.负责自动测试向量的生成，完成DFT仿真验证工作和Debug相关工作。
3.负责DFT相关的SDC的集成和验证工作，支持完成时序收敛工作。
4.配合完成数字前端设计流程，如RTL修改、Syn、FV、STA、功耗分析等。
5.支持测试和产品团队，完成ATE test工作，良率分析，量产测试诊断相关工作。
任职资格要求：
1.本科或硕士以上学历，数字电路相关专业毕业，8年以上的DFT设计经验。
2.精通DFT设计（MBIST/SCAN/BSD/LBIST），仿真和测试流程，掌握和理解DFT的理论知识。
3.熟悉RTL代码，数字电路设计，综合，静态时序分析等。
4.掌握主流DFT设计验证工具，熟练掌握shell/tcl/python等脚本。",CAN Shell Python MBIST LBIST Syn FV STA,https://jobs.51job.com/suzhou-wzq/172977272.html?s=sou_sou_soulb&t=0_0&req=fb1828da63693a840c764d3d2b34dc4f
老化测试工程师,前锦网络信息技术（上海）,1.5-2万·14薪,苏州·吴中区,苏州,本科,5年及以上,2026-07-06 12:06:19,job51,"工作内容
1、负责参与对接研发新产品、新工艺、新技术，推动顺利转产；
2、负责芯片可靠性老化测试方案制定，根据芯片规格书及行业标准确定测试温度、电压、时长、应力条件等核心参数；
3、负责老化测试平台搭建、测试夹具及老化板调试，解决测试过程中接触不良、掉电、信号异常、测试不稳定等问题；
4、针对老化测试过程中出现的芯片失效、性能衰减等问题，开展失效定位与根因分析，优化芯片设计与工艺短板，提升产品可靠性与量产良率；
5、出差国外与国内其他工厂，频率每年2~3次，每次2月；
任职要求
1、本科及以上学历，微电子、集成电路、电子信息、自动化、半导体物理等相关专业；
2、5年半导体芯片老化、可靠性测试相关工作经验，熟悉芯片封测、可靠性测试完整流程；
3、CET-4及以上，能够熟练阅读英文芯片手册、行业标准规范，具备基础英文文档读写能力；
4、掌握半导体器件基础原理，熟悉数字、模拟、混合信号芯片基本架构，了解TDDB、NBTI、HCI等常见芯片失效机理；
5、具备扎实的模电、数电基础，可独立看懂硬件原理图，熟悉PCB基础常识，能独立完成老化测试系统调试与异常排查；
6、熟练操作高低温老化箱、湿热箱、温度循环箱、精密电源、示波器等测试设备，有ATE测试设备操作经验者优先；
7、掌握Python/LabVIEW/C语言任意一种，可编写简易自动化测试脚本，熟练使用Excel、Matlab完成数据统计、寿命拟合分析；
8、具备独立问题排查和攻坚能力，能够快速定位测试异常及芯片失效问题；
9、具备良好的跨部门沟通、团队协作能力，对接研发、工艺、量产、质量等团队；",Python C语言 MATLAB 自动化测试 CET- NBTI LabVIEW,https://jobs.51job.com/suzhou-wzq/172803887.html?s=sou_sou_soulb&t=0_0&req=fb1828da63693a840c764d3d2b34dc4f
混合信号测试开发工程师,斯贝亚（苏州）自动化检测设备,1-2万·13薪,苏州·苏州工业园区,苏州,本科,3年及以上,2026-07-15 10:27:18,job51,"日常工作
售前：
-提供技术支持，分析客户需求，帮助解答客户技术问题。针对客户产品，运用现有软件，按照标准流程生成测试程序，完成测试报告。
-接待客户，和客户进行技术交流，和客户一起进行测试调试。
-做测试演示，和客户近距离交流，使客户在技术上认可我司设备能力。
售后：
-对新客户进行培训，针对客户产品，运用现有软件，按照标准流程和客户一起生成测试程序使客户掌握我司程序开发的过程。
-解决客户日常使用中碰到的问题，做好问题的follow up，提升客户使用体验。
-与我司意大利总部工程师保持密切沟通，反馈遇到的问题，并追踪进展。
任职要求：
本科及以上学历，电子信息/电气工程/微电子等相关专业；
精通模拟/数字混合信号测试原理；
熟悉主流ATE平台操作，有快速学习的能力和意愿；
熟悉运用C++, C# and Visual Studio
（优选）英语应用能力：口语和书面能力良好.
具有高度的责任心，吃苦耐劳，具备现场工作抗压能力",C++ C# 技术支持 培训 Visual Studio,https://jobs.51job.com/suzhou-gyyq/172730926.html?s=sou_sou_soulb&t=0_0&req=fb1828da63693a840c764d3d2b34dc4f
MEMS测试工程师,苏州跃芯微传感技术,8千-1.6万·13薪,苏州·苏州工业园区,苏州,本科,1年,2026-07-03 20:49:04,job51,"一、岗位描述及主要职责
1.负责传感器测试，电性测试，数据收集；
2.负责测试系统的搭建，软硬件维护，日常点检；
3.负责测试SOP的编写；
4.负责与团队一起解决测试相关问题，优化测试程序；
5.负责生产线的管理，设备维护，人员培训等。
6.负责产品异常分析和debug

二、岗位要求
1.学历要求：本科及以上学历；
2.专业要求：理工科专业背景；
3.经验要求：3年以上相关工作经验；
4.其他要求：熟悉office软件操作，认可创业公司文化，勤奋肯钻研，有责任心，愿意适当加班。",培训,https://jobs.51job.com/suzhou-gyyq/139011238.html?s=sou_sou_soulb&t=0_0&req=fb1828da63693a840c764d3d2b34dc4f
首席半导体产品工程师 - GaN,苏州鹏海科技,3-5万·14薪,苏州·苏州工业园区,苏州,本科,8年及以上,2026-07-21 13:51:01,job51,"Requirements
• Bachelor’s degree or above, major in Power Electronics, Electrical Engineering, Automation or related fields;
• 8+ years of highpower topoloties experience such as halfbridge, LLC, totempole PFC, highvoltage Buck/Boost.
• Debug peripheral circuits: DESAT shortcircuit protection, OTP thermal protection, UVLO undervoltage lockout, fault reporting, bootstrap circuit, dv/dt slewrate control, etc
• Proficient in highfrequency power topologies; skilled in oscilloscopes, doublepulse testing, power analyzers and other test equipment; capable of debugging gate drive and fullchain protection logic independently
• Familiar with Acco, ETS, powertech tester platform
• Able to read English datasheets; strong handson ability to troubleshoot hardware issues including device breakdown, oscillation and false triggering.
Job Role
The successful candidate will have strong interpersonal and communication skills, a team player who is able to work in a cross-functional, cross time-zone semiconductor environment.
• Technical project leader for the development &amp; release of new products
• Participate in new product technical specification definition
• Responsible for planning and execution of committed product engineering key deliverables such as
o Final test plan content relevant to customer and internal quality control requirements
o Support prototype, customer samples, and qualification material build
o Support product characterization, failure analysis, and reliability request
o Product electrical parametric data analysis and yield enhancement
o Trouble -shooting peripheral circuits: DESAT shortcircuit protection, OTP thermal protection, UVLO undervoltage lockout, fault reporting, bootstrap circuit, dv/dt slewrate control
• Basic data setup for new products in manufacturing system
• Support manufacturing review and approval for new product release
• Responsibility to handover completed projects to relevant sustaining engineering team members",Electron Gin CAN ROS SAM Requirements Bachelor Power,https://jobs.51job.com/suzhou-gyyq/172984160.html?s=sou_sou_soulb&t=0_0&req=fb1828da63693a840c764d3d2b34dc4f
产品测试工程师 (MJ000474),思瑞浦微电子科技（苏州）,1.5-2万,苏州·苏州工业园区,苏州,本科,3-10年,2026-07-03 10:29:14,job51,"工作职责：
1.与芯片研发工程师/应用工程师等技术人员评估芯片测试需求和测试规范，并评估测试平台以及具体的测试方案
2.负责相关产品的ATE程序验证、调试，从工程直至导入量产
3.与硬件设计人员合作设计并制作Load Board、Probe Card、Socket等测试硬件，并对测试硬件进行验证
4.对测试程序进行分析与优化，确保测试覆盖率、测试稳定性、一致性以及测试时间达到预期目标
5.整理测试报告，编写测试生产规范的相关文档；
6.对客户反馈的问题进行分析验证、排查量产测试问题；
职位要求：
1. 微电子、电子工程等相关专业本科及以上学历
2. 两年及以上芯片测试开发工作经验
3. 较好的中英文沟通交流及报告能力
4. 有数字或模拟芯片的ATE测试经验
5. 熟悉示波器，信号源，频谱仪等实验室测试仪器
6. 有AccoTest, NI, V93K, J750测试机经验者优先",Board Probe Card NI V93K,https://jobs.51job.com/suzhou-gyyq/153130965.html?s=sou_sou_soulb&t=0_0&req=fb1828da63693a840c764d3d2b34dc4f
高级测试工程师,纳微达斯半导体（上海）,2-3万·13薪,苏州·苏州工业园区,苏州,本科,5年及以上,2026-06-22 14:18:18,job51,"Key Responsibilities and Duties:
•	Monitor production yield and for production yield improvement, productivity improvement and cost reduction
•	Gate the NPI DR3 into production status, working with the Product Engineering Team
•	New test site/tester function qualified and production
•	Monitoring the CP, Assembly and FT Yield performance and highlight/track key issue and close loop with Test Sustaining Engineer and Product Engineering for yield improvement and correction action.
•	Manage the CP/FT hold lot/problem lot status and follow up with disposition accordingly, if any lot with SYL/SBL alarm, work with team with quick disposition and control the hold lot/eng lot in each stage with good cycle time and support operation
•	Support Operation cycle time and improve all test cycle time
•	Work with Product Engineering team to assist NPI and Eng lot activities.
Knowledge, Skills, Abilities, and Other Characteristics (KSAO’s)
•	Familiar with IC fabrication / IC Testing / CMOS process and Transistor concept 
•	Familiar with IC circuits of Analog power application
•	Knowledge of SPC &amp; other semiconductor Yield Enhancement and analytical methods.
•	Experience with JMP or other statistical tools for data analysis
•	Experience with Analog power IC &amp; power MOSFET device level 
•	Strong team player, supporting and good working habits 
•	Self-self-motivated who can accomplish assigned tasks with minimal supervision
•	Excellent communication and interpersonal skills
•	Understanding of package assembly technology.
Required Qualifications
•	BSEE or Equivalent such as Physics with Product Engineering Experience
•	5+years of relevant experience",Gin ARM Go CAN Key Responsibilities Duties Monitor,https://jobs.51job.com/suzhou-gyyq/172631063.html?s=sou_sou_soulb&t=0_0&req=fb1828da63693a840c764d3d2b34dc4f
器件可靠性测试工程师,上海微谱检测科技集团,5-9千·13薪,苏州·吴江区,苏州,大专,2年及以上,2026-07-23 17:48:47,job51,"岗位职责
1.独立完成器件实验室可靠性测试项目实操，包含 PC 功率循环、HTGB、HTRB、H3TRB、IOL、集成电路老化试验，并完成测试数据整理与检测报告编制；
2.严格依照检测规范、SOP 作业指导书标准化开展试验操作，保证测试过程合规、数据真实有效；
3.完成上级安排的其他实验室辅助及临时性工作。
任职要求
1.学历不限，大专及以上即可，电子、理工类相关专业优先考虑；
2.品行端正诚实，性格外向开朗，吃苦耐劳，具备良好沟通协作能力；
3.工作细致严谨、责任心强，可适应实验室工作强度与压力，服从班组及领导工作调配。",合规 PC HTGB HTRB H3TRB IOL SOP,https://jobs.51job.com/suzhou-wjq/173023718.html?s=sou_sou_soulb&t=0_0&req=fb1828da63693a840c764d3d2b34dc4f
半导体测试工程师,快捷半导体（苏州）,8千-1.2万·14薪,苏州·苏州工业园区,苏州,硕士,无需经验,2026-07-29 11:57:06,job51,"我们正在寻找优秀的应届毕业生加入我们的测试工程团队！

您将负责先进功率器件的测试工艺开发与维护，参与测试程序优化、设备验证及良率提升项目。该岗位将为您提供丰富的现场实践机会，帮助您快速成长为行业专家。

如果您对工程充满热情，渴望学习并希望在快速发展的科技公司中发挥影响力，我们期待您的加入！

岗位职责
1. 维护并持续提升测试工艺能力、良率，降低缺陷 PPM，优化操作规范并为操作人员提供培训。
2. 与不同职能团队合作，完成测试机/搬运机/后段设备的采购、安装、验证，确保满足新产品导入要求和进度。
3. 测试及后段工艺的建立、维护和优化；参与成本降低活动。
4. 维护测试板和测试程序，管理并保持测试程序，包括程序清理、审核和验证，缩短测试时间。
5, 产品良率和质量提升，分析并处理异常或低良率物料。

岗位要求
1. 25/26届硕士毕业生，电子工程、微电子、自动控制或相关专业。
2. 熟悉功率器件：BJT、MOSFET、IGBT、二极管，多芯片功能模块，模拟开关，PWM，电源转换 IC 等
3. 熟悉 C 或 C++ 编程语言。
4. CET 6良好的英语沟通能力，包括口语和书面表达。
5. 具备团队合作精神，良好的人际沟通能力，能够高效与跨部门、跨地区的多职能团队协作。",C++ 培训 采购 PPM BJT MOSFET IGBT PWM,https://jobs.51job.com/suzhou-gyyq/173080613.html?s=sou_sou_soulb&t=0_0&req=fb1828da63693a840c764d3d2b34dc4f
老化测试工程师,苏州旭创科技,1.5-2.2万·15薪,苏州·苏州工业园区,苏州,本科,3年及以上,2026-07-06 11:19:21,job51,"岗位职责：
1、新产品可量产性评估，包括产品规划、工程设计、工艺开发、生产制造、质量控制和产能提升等
2、新产品试产跟进，针对问题分析推动改善落实，包括和设计、可制造性、材料、工艺参数等，保证产品按期保质转产；
3、新产品试产阶段，评估产品的制造工艺、成本效益、质量和技术要求等；
4、激光器老化有效性验证，相关可靠性及DOE数据完善，新工艺承接优化；
5、出差国外与国内其他工厂，频率每年1~2次，每次2月；

任职资格：
1、微电子、材料、电子工程、通信工程、光电子学相关专业本科及以上学历
2、具有全面的可靠性理论基础，熟悉半导体器件失效模式和分析方法，半导体激光器、光模块行业2年以上的可靠性测试工作经验
3、具备芯片、COC老化测试方案制定能力，且具备相关经验3年以上
4、具有较强的实验设计(DOE)能力和较强的人际沟通能力
5、具备芯片封装测试经验，且具备光学独立设计、失效分析能力
6、英语4级及以上，能客户进行口语交流；能泰语表达及读写者优先
7、熟练掌握数据分析方法，对数据有一定分析整合能力
8、熟练使用labview编程语言者优先
9、人品端正，责任心强，沟通、学习能力强，思维敏捷，有一定抗压能力",产品规划 数据分析 DOE,https://jobs.51job.com/suzhou-gyyq/170678748.html?s=sou_sou_soulb&t=0_0&req=fb1828da63693a840c764d3d2b34dc4f
PCB销售工程师珠三角,旺矽科技（苏州）,8千-1.2万·14薪,,苏州,本科,1年及以上,2026-07-22 14:02:27,job51,"职位描述：
1. 负责区域内PCB板厂、半导体厂设备推广。
2. 发掘、跟踪客户需求，完成订单过程及销售目标。
3. 洞察、收集市场讯息，制定区域销售方案。
4. 协同售后服务部门，完成设备验收工作。
5. 参加展会，定期拜访客户，维护客户关系。
任职要求：
1. 本科及以上学历，理工科专业背景。
2. 具备是德仪器仪表销售经验优先。
3. 具备1年以上PCB设备、仪器仪表设备销售经验。
4. 具备客户需求分析能力及沟通能力。 
5. 英语四级，能适应出差（珠三角地区）。",需求分析,https://jobs.51job.com/all/173002304.html?s=sou_sou_soulb&t=0_0&req=85d15813f31f3ab2cba174af8b24b091
销售工程师（设计服务）,苏州四方杰芯电子科技,5千-1万·13薪,苏州·苏州工业园区,苏州,本科,1-2年,2026-07-20 13:20:19,job51,"岗位目标：维护和开发芯片设计服务客户
工作职责：
1.	熟悉芯片设计，制造，IP 等半导体行业的业务流程
2.	维护公司引入设计服务老客户客户（芯片定制，设计外包，版图外包等）
3.	开发新客户
4. 参与公司项目竞标、制作标书等。
岗位要求：
1.	学历及专业：本科，半导体相关专业。
2.	年龄：20-25，1-2年经验，优秀应届生亦可
3.	知识技能：微电子专业或了解芯片设计流程
4.	素质能力：较强的人际交往、沟通能力，以客户为中心
5.	语言能力：英语4级以上
6.	其他：无",IP,https://jobs.51job.com/suzhou-gyyq/172969410.html?s=sou_sou_soulb&t=0_0&req=85d15813f31f3ab2cba174af8b24b091
测试开发工程师,苏州通富超威半导体,1-1.4万·13薪,苏州,苏州,本科,3-4年,2026-08-07 08:45:52,job51,"岗位描述
1．Open/short测试站新产品导入，配置新程序，程序管控。
2．Open/short测试站测试异常分析。
3．OS测试数据和FT测试数据匹配。
4．CP测试93K测试机的安装调试。
岗位要求
1. 本科及以上学历，有测试设备工作经验，工作经验1年以上。
2. 会软件编程或有测试程序开发经验优先。
3. 有数据分析能力和工程汇报能力。",数据分析 Open,https://jobs.51job.com/suzhou/143899005.html?s=sou_sou_soulb&t=0_0&req=85d15813f31f3ab2cba174af8b24b091
销售工程师PC2026,瑞晟微电子（苏州）,9千-1.8万,苏州,苏州,本科,2年及以上,2026-06-24 11:19:14,job51,"岗位职责：
1、负责安防市场客户管理及新合作机会的开发；
2、负责安防芯片，及音频类等芯片的销售工作；
3、与内部产品及技术同事紧密合作，一起合作推广新产品；
4、与代理商合作，管理好合作的项目及物流事宜。

职位要求：
1、有2年及以上销售工作经验，熟悉商务谈判技巧，有电子信息工程背景优先；
2、对安防市场及半导体市场熟悉者优先；
3、对现有客户进行分析，发现客户潜在需求并开发出合作机会；
4、独立开发新的客户机会，根据客户需求，为客户提供优质解决方案；
5、具有团队合作精神，能与各单位同事合作，协调好内部资源；
6、良好的沟通协调能力，及良好的学习能力和心理素质；
7、工作需要频繁出差；
8、熟悉并灵活运用基本的办公软件如excel,word,ppt。",商务谈判 word ppt,https://jobs.51job.com/suzhou/172667552.html?s=sou_sou_soulb&t=0_0&req=85d15813f31f3ab2cba174af8b24b091
销售工程师,北京晶川电子技术发展,1-2万,苏州·吴江区,苏州,本科,3-4年,2026-08-05 10:21:31,job51,"工作职责：
1 服务所在城市的战略客户。
作为晶川公司同战略客户采购部门的直接接口人。
2 拜访客户采购，研发部门，获得客户***手研发，生产信息。并发现机会，推广晶川公司的方案和产品。最终实现销售。
3 定期以邮件，报告的形势向公司总部，相关部门通报客户最新信息，以及新项目研发项目情况。
4 跟踪客户订单的落实情况（合同签订、交货、货款回收等）
5 协调公司物流，技术，财务团队解决客户供货过程中发生的突发事件
6 收集信息（价格，产品，人员），给总公司提出竞争策略建议。
7 服务战略客户之余，在所在城市以及周边地区开发中小新客户
8 销售功率MOS，IGBT，SiC MOS

工作要求：
1、本科以上学历，电子类相关专业；
2、三年以上销售工作经验，有电力电子元器件行业销售经验者优先；
3、熟悉功率MOS、IGBT、Sic MOS等功率器件销售经验者优先；
4、善于沟通与交流，工作积极主动，乐于开发新市场；
5、能承受一定的工作压力，能接受出差；
6. 有大客户，战略客户服务经验者优先
7. 良好的协调能力，语言表达和沟通能力",采购 客户服务 IGBT SiC MOS Sic,https://jobs.51job.com/suzhou-wjq/140385932.html?s=sou_sou_soulb&t=0_0&req=85d15813f31f3ab2cba174af8b24b091
销售工程师（电子元器件）,深圳市四方联达科技,1.5-3万,苏州,苏州,本科,1年及以上,2026-06-30 15:45:43,job51,"存储需求暴增，我们有存货，只要你有客户，欢迎投递！！！
岗位要求
1.开发维护电子制造业客户，对接全球厂商 / 贸易商，拓展采购合作
2.跟进全流程：需求、报价、订单、交货、回款
3.维护老客户、挖掘潜力，开发新客户，完成销售目标
任职要求
1.大专及以上，2年以上销售经验优先，有进口IC或者存储芯片行业经验者优先；
2.沟通 / 谈判能力强，能独立开拓市场
3.积极主动、责任心强，敢冲高薪、能抗压
福利待遇
1.入职即缴一档社保+公积金
2.周末双休，7.5 小时 / 天（朝九晚六），法定带薪假齐全
3.每月充足团建经费，季度聚餐 / 拓展 / 娱乐",采购,https://jobs.51job.com/suzhou/170398675.html?s=sou_sou_soulb&t=0_0&req=85d15813f31f3ab2cba174af8b24b091
销售工程师（电子元器件）,深圳市四方联达科技,1.5-3万,苏州,苏州,本科,1年及以上,2026-07-28 16:19:52,job51,"存储需求暴增，我们有存货，只要你有客户，欢迎投递！！！
岗位要求
1.开发维护电子制造业客户，对接全球厂商 / 贸易商，拓展采购合作
2.跟进全流程：需求、报价、订单、交货、回款
3.维护老客户、挖掘潜力，开发新客户，完成销售目标
任职要求
1.大专及以上，2年以上销售经验优先，有进口IC或者存储芯片行业经验者优先；
2.沟通 / 谈判能力强，能独立开拓市场
3.积极主动、责任心强，敢冲高薪、能抗压
福利待遇
1.入职即缴一档社保+公积金
2.周末双休，7.5 小时 / 天（朝九晚六），法定带薪假齐全
3.每月充足团建经费，季度聚餐 / 拓展 / 娱乐",采购,https://jobs.51job.com/suzhou/173070714.html?s=sou_sou_soulb&t=0_0&req=85d15813f31f3ab2cba174af8b24b091
半导体材料测试评价工程师,苏州赛伍应用技术,8千-1.5万,苏州·吴江区,苏州,本科,3年及以上,2026-07-02 14:00:33,job51,"【工作内容】
- 负责半导体材料的性能测试与数据分析，确保材料符合产品规格要求；
- 参与制定和优化材料测试流程及标准，提升测试效率与准确性；
- 协助研发团队进行材料评估与选型，支持新产品开发；
- 撰写测试报告并提供技术支持，协助解决生产中的相关问题。
【任职要求】
- 本科及以上学历，材料科学、电子工程、物理或相关专业背景；
- 具备良好的逻辑思维能力和数据分析能力；
- 对半导体材料有基本了解者优先，无经验可提供培训；
- 工作认真细致，具备良好的沟通能力和团队合作精神。",性能测试 数据分析 技术支持 培训,https://jobs.51job.com/suzhou-wjq/169191801.html?s=sou_sou_soulb&t=0_0&req=85d15813f31f3ab2cba174af8b24b091
模拟芯片设计工程师(ASIC),苏州苏纳光电,3-6万,苏州·苏州工业园区,苏州,硕士,5年及以上,2026-07-09 10:58:03,job51,"工作职责:
1）	根据项目需求，承担相关模拟电路（以PLL，ADC，LDO等为主)设计与优化，参与方案评估；
2）	与版图设计工程师讨论确定版图规划，并协助检查版图设计，确保前仿/后仿性能一致；
3）	参与制定芯片回片测试方案，协助完成芯片测试、debug和改版工作；
4）	参与产品定义以及可行性评估，团队内部任务分解与技术评审，沉淀设计规范与IP库；

任职资格:
1)	硕士及以上学历，集成电路、微电子或电子工程等相关专业
2)	5年以上模拟芯片设计工作经验
3)	扎实的模拟电路理论知识
4)	有实际模拟集成电路设计经验和成功流片经验，有数模混合芯片或传感器芯片设计经验优先综合能力：
5)	优秀的团队合作、跨部门沟通和解决问题的能力；较强的项目管理和时间管理能力，确保各项任务按时完成。",项目管理 ADC,https://jobs.51job.com/suzhou-gyyq/172850236.html?s=sou_sou_soulb&t=0_0&req=85d15813f31f3ab2cba174af8b24b091
模拟IC设计工程师（芯片项目）,昆山玛冀电子,3.2-4.3万,昆山,苏州,硕士,3-5年,2026-07-31 17:48:44,job51,"3～5年经验，模拟IC设计工程师（芯片项目）
模拟 IC 设计经验， 32K～43K +奖金
工作职责：
1、参与产品规格定义，根据系统需求分解模拟子模块指标，针对不同应用场景选择合适的架构（如SAR, Sigma-Delta, DAC,Pipeline ADC等）；
2、完成电路设计、仿真验证、版图指导及后仿真验证，设计测试方案，分析测试数据并指导量产测试；
3、建立并完善模拟电路设计流程、IP复用体系及设计文档规范；
4、带领开发项目，并指导初级工程师工作并管理项目进程。
任职资格：
1、硕士及以上学历985／211／双一流背景，微电子、集成电路、电子信息工程等相关专业；
2、3年及以上模拟IC设计经验，ADC/DAC或AFE相关芯片的量产经验；
3、精通模拟电路设计，深入掌握运算放大器、比较器、带隙基准、电源管理电路等基础模块设计；
4、熟练掌握Cadence Virtuoso、Spectre、Hspice等EDA工具，具备MATLAB/Simulink系统级建模能力；
5、了解半导体工艺（CMOS、BCD、BiCMOS），具备版图设计指导经验，熟悉寄生效应分析与匹配技术；
6、具备数模混合信号仿真经验，熟悉Verilog-AMS或SystemVerilog建模；
7、具备良好的沟通能力与跨团队协作能力。
其他信息
语言要求：英语、普通话
行业要求：电子/半导体/集成电路
所属部门：研发",SPI MATLAB Verilog IC Sigma-Delta DAC Pipeline ADC,https://jobs.51job.com/kunshan/173116269.html?s=sou_sou_soulb&t=0_0&req=85d15813f31f3ab2cba174af8b24b091
资深射频芯片设计工程师(J10497),苏州苏纳光电,1.5-2.5万,苏州·苏州工业园区,苏州,硕士,3年及以上,2026-06-30 09:05:09,job51,"工作职责:
工作职责
1.负责射频（RF）器件及射频集成电路的预言与设计验证、高频电路的性能优化与评估。
2.研究高频电路的寄生效应及阻抗匹配问题，提供针对不同频段（如毫米波、微波）优化的设计方案，确保器件性能达到目标要求。
3.根据项目需求，进行射频器件和电路的工艺调研，选用合适的材料、封装和制造工艺，确保电路性能和可制造性。
4.提升仿真效率和精度，优化射频电路中器件的寄生参数（如寄生电感、电容）以及电磁干扰（EMI）等问题。
5.与产品、工艺、测试团队合作，进行射频器件的设计验证，支持产品量产，确保产品的稳定性和一致性。
6.开展射频电路仿真技术的调研与新技术跟踪，确保仿真方法及工具保持行业领先水平。
7.根据客户实际应用场景，进行射频器件的实际应用仿真与优化（如信号完整性、电源完整性、S参数等），给客户提供可靠的应用方案。
任职资格:
任职资格
1. 精通射频电路的仿真工具（HFSS、ADS、CST）以及高频电路的设计与优化方法；
2. 精通射频无源器件或射频前端芯片的工作原理与设计流程，具备毫米波、微波电路仿真经验；
3. 精通电磁仿真、阻抗匹配、寄生分析、S参数分析等射频电路的关键仿真技术，熟悉先进封装与封装仿真，能够处理信号完整性（SI）、电源完成性（PI）问题；
4. 3年以上射频电路产品开发与仿真经验，具备独立完成射频电路设计验证的能力，硕士学历；
5. 具备优秀的沟通和团队协作能力，能够与多部门合作，支持产品从设计到量产的全流程开发；
6. 良好的英文听说读写能力",RF EMI HFSS ADS CST SI PI,https://jobs.51job.com/suzhou-gyyq/172732787.html?s=sou_sou_soulb&t=0_0&req=85d15813f31f3ab2cba174af8b24b091
测控工程师,仁宝信息技术（昆山）,6千-1万,昆山,苏州,大专,2年及以上,2026-07-23 11:42:36,job51,"岗位职责:
1.笔记本主板测试设备和治具维护（AOI tam/ATE team/FT team）
2.新机种导入程序编写和治具开发及发包制作
3.设备和治具备品库存管理
4.新设备评估和新技术导入
5.协助产线制造达成每日产能目标

岗位要求:
1.本科学历，大专需要2年及以上相关工作经验
2.计算机/测控/自动化/电子等相关专业
3.了解笔记本电脑基本架构,应届毕业生优先
4.配合倒班",AOI tam ATE FT,https://jobs.51job.com/kunshan/173015184.html?s=sou_sou_soulb&t=0_0&req=85d15813f31f3ab2cba174af8b24b091
ATE测试工程师,芯睿微电子（昆山）,1-2万,昆山,昆山,大专,2年及以上,2026-06-22 14:44:20,job51,"岗位职责:
1、 分析芯片测试需求，制定ATE测试方案及规范；根据芯片的开发计划，制定ATE测试系统的开发计划；
2、 设计CP、FT测试电路，与供应商合作制作Probe Card、Load Board、Socket、胶木块、Handler Kit等测试硬件，搭建ATE测试系统；
3、 开发、调试测试程序，完成芯片开发各个阶段实验室及OSAT的ATE测试系统部署及验收；
4、 全流程负责芯片FT开发及维护，对测试程序、测试数据、ATE测试系统进行不断分析与优化，确保ATE测试达到预期目标；
5、 负责解决产线的测试异常，与其它相关部门进行沟通和互动，以达到保证产品质量，降低制造成本的目标；
6、 负责委外测试项目的需求下发、数据审核、结果验收和程序版本管理等工作；
7、 负责实验室ATE测试系统的维护及使用。

任职资格:
1、大专及以上学历，电子、自动化、机械电子、测控技术等相关专业，2年以上ATE测试或相关经验；
2、熟练使用常用测试仪器（如万用表、信号源、示波器、频谱仪、网络分析仪等），熟悉ATE量产测试流程和半导体测试基本方法和理论；
3、优先考虑具有Switch、LNA、PA等射频芯片ATE测试经验者；
4、具有测试过程中排查问题的能力，包括测试系统中的软硬件问题；
5、执行力强：能够有效推进测试工作的开展，能够识别测试风险，善于发现问题，有效进行问题管理；
6、具备良好的沟通和协作能力，工作责任心强，有进取精神；
7、有Cohu /NI等射频芯片测试平台使用经验者更佳 。",版本管理 Card Load Board Socket Handler LNA,https://jobs.51job.com/kunshan/169928205.html?s=sou_sou_soulb&t=0_0&req=13f175b5e53a0d04db1882d336380604
电子元器件销售（昆山）,深圳市鹏源电子,8千-1.5万,昆山,昆山,大专,2年,2026-07-29 09:05:18,job51,"1、负责公司代理产品线及方案的推广销售；
2、学习并掌握公司产品线内容，了解市场动态、收集市场信息；
3、找准目标客户积极拜访，开拓新客户，实现从Design in到Design win；

任职要求：
1、专科学历，电子技术、电力电子、自动化、机电等理工背景相关专业优先；
2、具有一年以上电子元器件销售经验；
3、善于与客户沟通，为人真诚靠谱，勇于挑战；
4、喜欢从事销售工作；",客户沟通 win,https://jobs.51job.com/kunshan/142761730.html?s=sou_sou_soulb&t=0_0&req=13f175b5e53a0d04db1882d336380604
产品推广工程师(苏州铌劢),昆山西交创新中心管理,7-8千,昆山,昆山,大专,1-3年,2026-07-24 17:28:44,job51,"岗位职责：
1、根据公司经营的产品定位目标客户并与客户相关人员尤其研发人员对接；
2、给目标客户介绍本公司经营的芯片及各类模组产品；
3、定期拜访价值客户维护客勤关系，达成公司营销目标；
4、通过对客户市场需求的了解，提出合适的新产品定义(NPI)；

任职要求：
1、大专及以上学历，电子、自动化及通信等相关专业；
2、对模电数电传感器等电路基本原理及单片机编程有基本的了解；
3、较好的语言表达能力，能从专业角度讲述公司经营产品的电性能特点及卖点；
4、有单片机及传感器外围电路设计实战经验的优先考虑；
5、有IT系统维护经验者优先；
6、有能力基于市场应用端情况编写相应应用技术文档及专利文件的候选人优先；
7、1-3年相关工作经验；有培养潜力的应届毕业生可以考虑。

岗位预算：基本工资7-8K，另加季度性绩效奖及年终奖

工作地点：昆山花桥(亚太广场：近兆丰路地铁站)

公司简介：
初创公司，专注于传感信号调理类芯片的技术开发与公司芯片及内封模组相关产品的推广。",单片机 技术文档 专利 NPI,https://jobs.51job.com/kunshan/164136696.html?s=sou_sou_soulb&t=0_0&req=13f175b5e53a0d04db1882d336380604
电子工程师,昆山瑞弘测控自动化设备,2.5-3.5万,昆山,昆山,大专,5年及以上,2026-07-16 10:16:46,job51,"岗位职责：
1、负责电子产品硬件方案设计、元器件选型、原理图及 PCB 设计；
2、完成硬件样机调试、性能验证、故障分析与整改；
3、制定硬件测试方案，开展可靠性、EMC、电气性能相关测试；
4、输出 BOM、硬件设计文档、测试报告及版本变更资料；
5、配合嵌入式、结构、生产团队开展软硬件联调、试产跟进，解决量产硬件问题；
6、持续优化硬件方案，控制物料成本，跟进物料替代与供应链技术对接。

任职要求：
1、掌握模拟电路、数字电路基础；熟悉电源电路、运放、各类总线外围电路；
2、熟练使用至少一款 PCB 设计软件；
3、能熟练使用示波器、万用表等测试仪器；
4、了解 EMC、安规基础、可靠性设计优先；
5、看得懂英文芯片 datasheet；
6、精通单片机软件设计，精通C语言，有一定嵌入式软件开发经验更优；

如能力强，薪资可面议！",单片机 C语言 方案设计 供应链 PCB EMC BOM,https://jobs.51job.com/kunshan/168301493.html?s=sou_sou_soulb&t=0_0&req=13f175b5e53a0d04db1882d336380604
销售工程师（昆山）,上海皋德电子科技,5千-1万·13薪,昆山,昆山,本科,2年,2026-08-07 16:42:42,job51,"岗位职责： 
1、推广销售公司代理的电子元器件产品和自主生产的超级电容产品，积极开发新客户，达成销售目标； 
2、熟悉公司产品，根据客户需求推广销售公司优势产品，从而达成销售任务;
3、定期出差拜访客户，按时完成出差报告，销售月报等； 
4、督促销售助理及时发货，及时收款； 
5、独立开发新客户，服务好老客户； 
6、完成公司交办的其它临时性工作任务。 
7、以芯片类销售为主，主要是电源芯片、计量芯片、隔离芯片、超级电容等等。

任职资格： 
1、本科学历，电子类相关专业，有电表、汽车、工控行业从业经验者优先。 
2、性格外向开朗，喜欢与人沟通；有强烈的求知欲和进取心，勇于担当，吃苦耐劳； 
3、半导体或电子零件通路商销售经验优先，有行业客户者并能独立开发客户优先； 
4、熟悉MS Office相关软件(Excel, Powerpoint...)。",Excel Powerpoint,https://jobs.51job.com/kunshan/149350625.html?s=sou_sou_soulb&t=0_0&req=13f175b5e53a0d04db1882d336380604
光学sensor高级设计工程师,立讯电子科技（昆山）,3-5.5万,昆山,昆山,本科,5年及以上,2026-06-16 19:58:04,job51,"1.负责对消费级光学Sensor产品光学系统和结构的建立和优化，并提供系统的光学解决方案；
2.负责独立对项目所使用的光学IC芯片、封装结构、封装材料进行选型和光学设计；
3.负责对接生产中遇到的相关光学问题，并能结合光学仿真对生产中遇到的问题进行跟踪，确保问题得到解决；
4.负责对光学产品封装工艺进行定义和优化；
5.输出DFMEA和相关光学设计资料；
6.负责相关专利的输出；
任职资格：
1、本科及以上学历，熟悉光学原理，加工工艺，特效 要求，基础知识扎实，思路清晰，对产品开发流程熟悉；
3、有DTOF和LED SENSOR 等Sensor类产品的光学设计和仿真经验，可以对光学芯片进行选型和光学模拟；
4、熟悉光电行业，具有光学基础知识，如高斯光学、激光光学、物理光学、几何光学、成像光学等，对光学Sensor主流工艺和封装技术有较深刻的认识
5、能熟练使用Lightools 等仿真工具；
6、具备良好的执行力和分析能力，有团队协作精神，遇到难题积极主动去解决；
7、英语口语流利者优先；",专利 SENSOR,https://jobs.51job.com/kunshan/158622634.html?s=sou_sou_soulb&t=0_0&req=13f175b5e53a0d04db1882d336380604
产品测试工程师(J10196),日月新半导体（苏州）,8千-1万,昆山,昆山,本科,2年,2026-06-12 15:36:11,job51,"工作职责:
1、负责新客户，新产品的评估及导入
2、主导测试程式验证及Debug 
3、测试良率跟踪及改善
4、在线异常case处理
5、客户提供的Load board等tooling验证
6、可靠性测试
7、会同QE部门对客退品分析并对异常进行改善
8、其他指派的日常工作执行与改善
任职资格:
1、掌握半导体测试基础知识，熟悉chroma, acco test, V50等测试机
2、可以对程式debug，有良好的分析和异常处理工程技能",acco test,https://jobs.51job.com/kunshan/163105542.html?s=sou_sou_soulb&t=0_0&req=13f175b5e53a0d04db1882d336380604
销售工程师,上海领鑫电子科技,8千-1.6万·14薪,昆山,昆山,大专,3年及以上,2026-06-12 18:12:02,job51,"【工作内容】
- 负责公司汽车、工业智能、消费电子等领域的市场产品推广与销售工作，具备较强的客户开发能力；
- 针对To B（企业/机构）客户进行深度沟通与需求分析，推动项目落地并维护长期合作关系；
- 负责老客户的项目跟进与服务支持，确保客户需求得到及时响应与有效解决；
- 根据公司业务发展需要，配合团队完成区域市场拓展任务，具备较强的工作区域调动意愿和适应能力；
- 需频繁出差，适应较高强度的外勤工作，持有C驾照者优先考虑；
- 熟悉电子/半导体/集成电路行业背景，能够结合技术知识为客户提供专业解决方案。
【任职要求】
- 大专及以上学历，电子、通信、自动化等相关专业优先；
- 具备3年及以上相关行业工作经验，有模拟器件、MCU、数模混合芯片及各类被动器件的D/I经验者优先；
- 具备良好的客户开发能力，熟悉面销/陌拜及地推流程，能独立开展市场拓展工作；
- 具备较强的责任心与抗压能力，适应较多出差及工作区域调动安排；
- 年龄不限，欢迎有志于电子/半导体行业的优秀人才加入。
【薪酬福利】
- 提供具有竞争力的薪资待遇，具体面议； 
- 享受国家法定节假日及双休制度； 
- 完善的绩效激励机制与职业发展通道。",MCU 需求分析,https://jobs.51job.com/kunshan/163591965.html?s=sou_sou_soulb&t=0_0&req=13f175b5e53a0d04db1882d336380604
FT设备技术员,上海共进微电子技术,7千-1.2万,太仓,昆山,高中,1年,2026-07-16 09:32:24,job51,"岗位职责：
1. 测试机台的日常维修、改配置、校准；
2. 测试机台的年度保养；
3. 协助工程师完成机台Set up、工程借机等;
4. 协助设备工程师 完成机台异常处理；
任职资格：
1、高中及以上学历，机械设计、机电一体化或相关专业优先；
2、有Handler、Tester或prober 等有CP/FT测试经验优先；
3、善于沟通，有良好的团队意识和合作精神，能吃苦耐劳；
有夜班，可提供住宿，欢迎理工科类应届毕业生应聘。",up,https://jobs.51job.com/taicang/150087568.html?s=sou_sou_soulb&t=0_1&req=13f175b5e53a0d04db1882d336380604
光学材料资深工程师,昆山丘钛微电子科技,2.5-2.8万,昆山,昆山,本科,3年及以上,2026-06-11 17:26:58,job51,"任职要求：
（一）学历与经验
1.本科及以上学历，光学工程、光电信息科学与工程、精密仪器等相关专业；本科及以上学历。
2.3年及以上光机（Micro LED、LCOS、DLP其中一种，优先Micro LED）光学设计相关工作经验，有完整光机项目从设计到量产落地经验者优先。
（二）专业技能
1.精通几何光学，深入了解Micor LED、LCOS、DLP光机成像机制，能独立完成光机光学系统设计、仿真与优化（成像或者照明两部分设计工作之一）。
2.熟练掌握至少1种主流光学设计软件（ZEMAX、Code V、Lighttools等），能完成（成像或者照明）光路建模仿真、像差分析、照明分析、杂散机鬼像分析、控制优化及公差分析。
3.熟悉光学元件（透镜、棱镜、光源等）选型与特性，了解光学元件加工工艺。
4.具备较强的技术问题解决能力，能快速定位光学设计、调试中的核心问题，制定可行解决方案
岗位职责：
1.承担光机光学系统设计任务（成像设计或者照明设计），包括光源、显示芯片选型、光路规划、成像优化、杂散光及鬼像控制等，输出光学设计方案，确保光学性能满足客户对产品指标的要求。
2.输出学元件（透镜、棱镜、光源等）关键特性规格，能协同部件工程师对接供应商完成元件测试与验收。
3.协助NPI,PE解决在产品导入或者量产阶段发现的光学相关问题，提供设计仿真层面的技术支持，如排查光路偏差、像差、亮度等问题，保障产品顺利交付、光学性能达标。
4.跟踪光机光学领域前沿技术，结合产品规划提出技术创新建议，参与技术预研，保持公司光学设计技术的竞争力。
5.输出光学相关技术文档，配合专利申报，梳理光学设计创新点，完成专利相关文档撰写与技术传承。",技术支持 产品规划 技术文档 专利 Micro LED LCOS ZEMAX,https://jobs.51job.com/kunshan/167748776.html?s=sou_sou_soulb&t=0_0&req=13f175b5e53a0d04db1882d336380604
研发工程师（沪利微电）,沪士电子,1-1.5万,昆山,昆山,本科,2年及以上,2026-07-06 17:01:33,job51,"1. 本科及以上学历，英语CTE-4及以上，5年以上PCB生产或工艺经验。（2年以上mSAP工艺，产品相关经验）
2. 年龄在40岁以下，可以接受工作地点常驻常州金坛区。
3. 熟悉mSAP工艺和产品，对机械，镭射，压合，电镀，影像，防焊，成型，表面处理（其中之一即可）等相关制程设备，参数精通。
4. 有mSAP大厂（如周边AT&amp;S, AMK, Unimicron等）制程，研发岗位经验优先。
5. 思维清晰，表达有逻辑和条理。有mSAP设备/参数认证经验优先。",amp AMK,https://jobs.51job.com/kunshan/157589039.html?s=sou_sou_soulb&t=0_0&req=13f175b5e53a0d04db1882d336380604
资深塑胶模具设计工程师,健大电业制品（昆山）,1.5-2.5万·13薪,昆山,昆山,大专,5年及以上,2026-06-13 08:15:24,job51,"【岗位职责】
1、负责完成模具全3D设计，以及模具零件2D出图及BOM、图纸发行及管理；
2、独立制作新产品前期的DFM分析报告和改善对策；
3、能根据客户图纸要求确认模具方案，及时处理报价分析；
4、解决模具试模后产生的问题及缺陷点，以及日常修模时的图纸修改和方案制定。 

【任职要求】
1、大专以上学历，5年以上的实际模具设计工作经验；；
2、能够熟练使用CAD、UG绘图软件和office办公软件； 
3、有3C和工业精密产品类塑胶模具设计经验，包含芯片插座、minispeaker、光学产品塑胶模具设计经验优先；
4、具备独立完成一个案件从前期评估、DFM报告制作、全3D设计、3D出零件图、试模后案件问题的解决方案整个过程的能力；
5、能熟练使用UG8.5等软件(我司UG全3D设计出图)；
6、英语读写能力,有英语CET-4(包含)以上等级证书为佳
7、工作有责任心，服从安排能积极主动配合完成任务，具有团队合作的精神。

【其他信息】
行业要求：汽车、消费电子塑胶制品

【福利待遇】
吃：三餐免费自助餐，荤素搭配，营养均衡；
住：免费提供住宿，空调,WIFI,洗衣房，独立卫生间。
保障：缴纳五险一金；
 享受带薪年休假，育儿假；
 生日及重要节日礼金、年终奖；",WiFi minispeaker WIFI,https://jobs.51job.com/kunshan/140968842.html?s=sou_sou_soulb&t=0_0&req=13f175b5e53a0d04db1882d336380604
销售工程师,倍科质量技术服务（昆山）,1-2万,昆山,昆山,本科,1年及以上,2026-07-06 15:55:29,job51,"职位描述: 
1、负责消费类电子产品,照明、新能源充电桩、汽车电子，芯片的认证的销售工作，涉及电子电器类，芯片，具身智能产品，无人机、机器人、AI产品、无线通讯类、手机、手表，家用商用电器，消费及家用音视频电子产品，信息技术类，电源类，光源，灯具，镇流器类，电动工具，半导体光器件，光纤通讯类通讯类、小家电、LED、汽车电子等 
2、独立完成询价、报价方案，完成商务合同的签订，监控项目顺利进行并完成合同回款； 
3、依托电话和客户拜访的方式开发华东市场，促成新客户合作； 
4、有效执行公司的销售计划并达成既定的销售目标
5、维护和开拓新的销售渠道，开发新的客户，自主开发以及拓展客户的上下游，做到不断的裂变客户； 
6、负责部分老客户的维护与拓展；建立并维护与客户的密切关系并拓展与客户合作领域，维护长期合作关系； 
7、根据客户需求与工程部门协调跟进案件的进展。处理客户对测试程序、进度、结果、收费的查询;与各部门进行内部沟通，处理客户反馈的问题，保证整个项目案件的顺利完成 
任职要求： 
1、本科学历，25-38岁；
2、开发B端客户的销售经验优先；
3、丰富的营销管理经验和优秀的实战业绩，较强的市场开拓能力和运作能力；
4、具备较强的人际沟通、协调能力，分析和解决问题的能力； 
5、有较强的事业心。",LED,https://jobs.51job.com/kunshan/119783081.html?s=sou_sou_soulb&t=0_0&req=13f175b5e53a0d04db1882d336380604
模具设计（塑胶模）,健大电业制品（昆山）,1.5-2.3万·13薪,昆山,昆山,大专,5年及以上,2026-07-11 09:36:59,job51,"【岗位职责】
1、负责完成模具全3D设计，以及模具零件2D出图及BOM、图纸发行及管理；
2、独立制作新产品前期的DFM分析报告和改善对策；
3、能根据客户图纸要求确认模具方案，及时处理报价分析；
4、解决模具试模后产生的问题及缺陷点，以及日常修模时的图纸修改和方案制定。 

【任职要求】
1、大专以上学历，5年以上的实际模具设计工作经验；；
2、能够熟练使用CAD、UG绘图软件和office办公软件； 
3、有3C和工业精密产品类塑胶模具设计经验，包含芯片插座、minispeaker、光学产品塑胶模具设计经验优先；
4、具备独立完成一个案件从前期评估、DFM报告制作、全3D设计、3D出零件图、试模后案件问题的解决方案整个过程的能力；
5、能熟练使用UG8.5等软件(我司UG全3D设计出图)；
6、英语读写能力,有英语CET-4(包含)以上等级证书为佳
7、工作有责任心，服从安排能积极主动配合完成任务，具有团队合作的精神。

【其他信息】
行业要求：汽车、消费电子塑胶制品

【福利待遇】
吃：三餐免费自助餐，荤素搭配，营养均衡；
住：免费提供住宿，空调,WIFI,洗衣房，独立卫生间。
保障：缴纳五险一金；
 享受带薪年休假，育儿假；
 生日及重要节日礼金、年终奖；",WiFi minispeaker WIFI,https://jobs.51job.com/kunshan/130004106.html?s=sou_sou_soulb&t=0_0&req=13f175b5e53a0d04db1882d336380604
生产计划工程师,立芯精密智造（昆山）,1-1.5万·15薪,昆山,昆山,本科,2年及以上,2026-08-06 14:36:52,job51,"公司：世界500强制造业
业务：半导体芯片封装
行业：消费类电子
地点：苏州昆山锦溪

【工作内容】
1、依据销售订单及产能负荷，编制并下达月度、周度生产计划，确保交付节点达成；
2、监控生产进度与物料齐套情况，协调解决缺料、设备异常等突发问题，保障产线连续运行；
3、负责产销协同会议组织，平衡库存水位与交付需求，优化排程逻辑以提升生产效率；
4、统计分析生产数据，输出日报、周报及异常分析报告，为管理层决策提供数据支持。

【任职要求】
1、本科及以上学历，工业工程、机械电子或相关专业，具备电子/半导体行业背景优先；
2、熟悉ERP/MRP系统操作，精通Excel数据分析，掌握APS排程逻辑者优先；
3、拥有2年以上制造业生产计划经验，了解SMT、DIP等电子制程工艺流程优先；
4、具备优秀的跨部门沟通协调能力，抗压性强，能适应倒班或紧急插单工作节奏。
5、英语书面熟练，具备四六级证书",数据分析,https://jobs.51job.com/kunshan/168329997.html?s=sou_sou_soulb&t=0_0&req=13f175b5e53a0d04db1882d336380604
半导体销售工程师,昆山协多利洁净系统,1-1.5万·14薪,昆山,昆山,大专,3年及以上,2026-06-18 14:30:15,job51,"岗位职责
1、销售推广：专注电子半导体行业，负责公司洁净室材料及工程的销售与市场拓展。
2、指标达成：按部门年度、季度、月度计划，完成销售任务，定期复盘调整策略。
3、市场开拓：凭借行业洞察，独立开发新市场、新客户，扩大市场份额。
4、信息收集：配合公司收集行业动态、政策、技术等信息，分析竞争对手情况。
5、活动执行：参与策划销售活动，负责活动落地执行，实现销售目标。
6、项目管理：负责项目报价、合同签订、下单发货及账款回收流程。

任职资格
1、学历：大专及以上学历，电子、营销等相关专业优先。
2、资源：在电子半导体行业有丰富洁净设备材料资源。
3、经验：3 年以上半导体洁净材料及设备销售经验，有项目案例。
4、专业：深入了解行业工艺、技术、标准，能提供专业方案。
5、业务：市场开拓、开发及客户关系维护能力强。
6、素质：有责任心、团队协作强，能适应出差。",项目管理,https://jobs.51job.com/kunshan/157608249.html?s=sou_sou_soulb&t=0_0&req=13f175b5e53a0d04db1882d336380604
测试工程师,天通精电新科技,1-1.5万,昆山,昆山,大专,3年及以上,2026-08-03 10:27:29,job51,"职责：
1、负责电子产品的PCBA ICT/FCT测试,测试设备的维护；
2、按照产品标准进行操作，严格保证质量；
3、总结组装和测试过程中出现的异常问题；

要求：
1，大专以上学历，有3年以上工作经验。
2.熟悉LABVIEW平台搭建的测试机柜原理及其平台语言。
3.会有组装电子、变频器产品组装相关经验者优先；
4.了解产品结构、工艺、品质相关知识，并具有相关经验者优先；
5.有责任感，工作自觉，工作效率高。",ICT,https://jobs.51job.com/kunshan/166987729.html?s=sou_sou_soulb&t=0_0&req=13f175b5e53a0d04db1882d336380604
电子测试工程师,昆山和霖光电高科,6-8千·13薪,昆山,昆山,大专,1年及以上,2026-07-28 13:42:29,job51,"岗位要求：
1.能分析原理图，会看元件的Datasheet，熟悉模拟电路、数字电路。
2.熟悉TFT-LCD驱动原理优先。
3.TFT-LCD测试治具维护，保证生产顺利进行。
4. 配合生产需求，完成电测治具的新增。
5. 能配合白夜班转班，配合部门加班，可穿无尘服。
6.大专及以上学历,电子相关专业。需线下面试
福利待遇：
1.住宿：4人间，有空调，独立卫生间，洗澡间，阳台，公共区配有全自动洗衣机，吹风机等；
2.用餐：提供员工餐，设有员工餐厅，膳食兼具南北风味；
3.交五险一金，每位员工可享生日礼品等各项工会福利；
4.员工享有带薪年假、婚假、生育假、陪产假等；
5.工作时间周一至周五8:00-17:00（夜班20:00-05:00），加班有加班费；",TFT-,https://jobs.51job.com/kunshan/165392460.html?s=sou_sou_soulb&t=0_0&req=1092619c6616890dab52429464473a32
Test Technician/测试技术员,彼欧光电系统（昆山）,5-8千·13薪,昆山,昆山,大专,1年及以上,2026-07-31 16:49:06,job51,"Job Responsibilities:
1, 负责测试的程序更新；
2，进行测试设备的维护保养；
3，协助工程师解决制造过程中的测试程序及设备问题，保障测试的覆盖率


Job Requirement:
1, 大专学历，电子信息相关专业
2, 较强的学习能力；
3, 良好的团队合作能力;
4, 良好的书面英语能力；",Responsibilities,https://plasticomnium-lighting.51job.com/job_show.html#jobid=169919020&poscode=1
电子工艺工程师,昆山隆中麦士格瑞汽车部件,8千-1.5万,昆山,昆山,大专,3年及以上,2026-07-23 10:54:08,job51,"【工作内容】
- 负责电子产品的工艺流程设计与优化，提升生产效率和产品质量；
- 参与新产品导入（NPI）过程，协助完成工艺验证与量产准备；
- 协调与研发、生产、质量等部门的沟通协作，确保工艺方案顺利实施；
- 编制和维护工艺文件，确保符合行业标准及客户要求。
【任职要求】
-本科以上学历，电子工程、电子信息、自动化等相关专业；
- 对电子制造工艺有基本了解，具备良好的学习能力和责任心；
- 具备良好的沟通协调能力，能适应团队合作的工作环境；
- 有相关实习或项目经验者优先，但不限工作经验。",NPI,https://jobs.51job.com/kunshan/168294992.html?s=sou_sou_soulb&t=0_0&req=1092619c6616890dab52429464473a32
客户支持工程师,铭凯益电子（昆山）,5-8千·14薪,昆山,昆山,大专,1年及以上,2026-07-09 08:57:39,job51,"主要责任
1.主要负责内部打线分析，数据收集汇总；
2.能熟练使用分析室各种设备进行生产及客户端不良品的分析和改善，并进行技术支持；
3.会同产品生产部门完成试生产，处理试生产中的生产问题；
4.上级交代的重要样品生产跟踪及打线测试；
5. 做好领导安排的其它技术相关工作。


职位要求:
1）大专及以上学历，金属材料/机械/电子等工科类专业毕业生，应届生
 可接受。
2）半导体行业工作经验及熟练操作各种打线设备者优先 。
 (KNS,ASM,UTC等)",技术支持 KNS ASM,https://jobs.51job.com/kunshan/154122670.html?s=sou_sou_soulb&t=0_0&req=1092619c6616890dab52429464473a32
生产技术员（普工）,淳华科技（昆山）,5-6千,昆山,昆山,,无需经验,2026-07-08 11:05:37,job51,"岗位职责：
1.按照产线主管安排，按时按量完成生产任务，完成当日当月生产任务；
2.按工艺SOP要求进行生产操作；
3.完成领导交办的临时工作等。

岗位要求：
1.初中以上学历，会读写26个英文字母；
2.能接受两班倒工作时间，遵守公司规章制度。

如有意向，可以直接到公司面试：
面试时间：周一到周五 13:00-14:00
面试地点：汉浦路1399号
招募V：flexiumHR02",flexiumHR02,https://jobs.51job.com/kunshan/167443474.html?s=sou_sou_soulb&t=0_0&req=1092619c6616890dab52429464473a32
SMT Technician/SMT技术员,彼欧光电系统（昆山）,5-8千·13薪,昆山,昆山,大专,1年及以上,2026-07-30 10:07:05,job51,"Your Tasks:
1.配合SMT 产线设备的正常生产运行及维护保养
2.确保SMT产线产品品质达标，降低SMT设备Downtime和贴片机抛料率
3.实时优化提升AOI FPY（直通率），减少误判及不良品的漏失
4.定期反馈总结产线设备故障和产品质量问题，并提供相应改善措施
5.协助完成工程师安排的其他工作

Your Requirement:
1, 大专学历；
2, 有SMT设备维护经验",Tasks FPY,https://plasticomnium-lighting.51job.com/job_show.html#jobid=153329910&poscode=1
主板修护工程师,凯博电脑（昆山）,6-8千,昆山,昆山,中技/中专,1年及以上,2026-08-07 11:03:24,job51,"【工作内容】
- 负责产线不良主板的故障分析与维修，确保产品性能符合标准；
- 熟练使用电烙铁、示波器、万用表等维修工具进行电路板检测与修复；
- 根据电路图对主板进行功能测试与问题定位，提供有效的维修方案；
- 协助生产部门优化主板生产工艺，减少不良率并提升整体效率；
- 定期整理维修记录，形成技术文档，为后续问题排查提供依据；
- 参与新产品试产阶段的主板调试与问题反馈，协助研发团队改进设计。
【任职要求】
- 具备1年以上主板维修相关工作经验，熟悉常见主板结构及电路原理；
- 学历要求为中技/中专及以上，电子工程、电气自动化等相关专业优先；
- 年龄在20至40岁之间，身体健康，具备良好的沟通能力和团队协作精神；
- 熟悉主板维修流程，能够独立完成常见故障的诊断与修复工作；
- 具备较强的学习能力，能适应快节奏的工作环境，并接受一定的加班安排。
【薪酬福利】
- 提供具有竞争力的薪资待遇，具体面议； 
- 五险一金齐全，享受国家法定节假日及带薪年假； 
- 提供员工培训机会，助力职业成长与发展。",功能测试 技术文档 培训,https://jobs.51job.com/kunshan/133372484.html?s=sou_sou_soulb&t=0_0&req=1092619c6616890dab52429464473a32
IPQC工程師（沪利微电）,沪士电子,1-1.5万,昆山,昆山,本科,1年及以上,2026-07-08 07:51:50,job51,"1.本科（含）以上学历；
2.熟悉电路板生产流程；
3.有较强的逻辑思维，沟通能力，团队协作能力；
4.熟悉SPC,APQP,PPAP相关方面的问题解决；
5.有电路板品管经验的优先",APQP,https://jobs.51job.com/kunshan/156122167.html?s=sou_sou_soulb&t=0_0&req=1092619c6616890dab52429464473a32
硬件工程师（可接受应届生）,实耐宝工具仪器（昆山）,250元/天,昆山,昆山,硕士,在校生/应届生,2026-06-16 19:04:35,job51,"61	熟练掌握PADS或者CADENCE等绘图软件。
	PADS or CADENCE skills based, experience of schematic and PCB design
61	具备2-3年电子电路硬件设计开发的工作经验
	Above 2-3 years experience of embedded product design and development
61	熟悉ARM Cortex单片机的硬件开发，熟悉NXP LPC系列MCU系统设计和调试者优先
	Experience of ARM Cortex, NXP LCP/i.MX MCU is plus 
61	诚实正直，善思考和创造，并有很好的团队合作精神
Proactive, good team work, creativeness,honest, customer-oriented and result-deliverable.
61	能承受大的工作压力，积极完成公司交付的各项任务
	Ability to work under high pressure, and work hard to achieve company targets. 
61	中英文良好
	Good English in written and verbal communications is a plus.
61	负责产品硬件方案设计，文档编写，原理图设计，PCB设计和元器件选型
	Product feasibility assessment, idea proposal, schematic, PCB layout, component select etc. 
61	BOM和料号的生成和维护
	Part number and BOM maintaiance
61	调试硬件板基本功能，测试性能和硬件方案优化，EMC/EMI电磁兼容设计与测试
	Design verification, performance test and design optimization, especially EMC/EMI related. 
61	编写相关的硬件设计文档，转产维护和技术支持
	Prepare and release hardware design document, product build support
61	产品后续跟踪改善；
	Reponsible for quality improvment, project planning and follow up
61	负责产品设计变更
	Coordinate ECO's/ECR's.",ARM 单片机 MCU Go 方案设计 文档编写 技术支持 产品设计,https://jobs.51job.com/kunshan/130290593.html?s=sou_sou_soulb&t=0_0&req=1092619c6616890dab52429464473a32
模拟IC版图设计工程师（芯片项目）,昆山玛冀电子,1.7-2.7万,昆山,昆山,本科,3-5年,2026-07-31 17:46:49,job51,"3~5年经验，模拟IC版图设计工程师（芯片项目），
模拟 IC 设计经验 17K～27K +奖金
职位描述：
1. 负责全定制物理版图设计的需求、分析和确认；
2. 为产品模块定制版图设计；
3. 物理版图的验证；
4. 对Foundry提供的设计文件和工艺文件进行验证。
职位要求：
1. 本科或以上学历，微电子、电子等相关专业；
2. 了解CMOS、BCD工艺原理；
3. 熟悉掌握集成电路版图设计的基本方法；
4. 熟悉使用各类设计和验证工具，了解集成电路设计规则并能熟练进行验证及修改；
5. 具备成功的全定制电路版图设计经验；
6. 具有良好的沟通协调能力，责任心强，正直诚恳，勤奋敬业；
7. 有电源产品（如开关电源，LDO等）及各类封装产品经验者优先。
其他信息
行业要求：电子/半导体/集成电路
所属部门：研发",IC,https://jobs.51job.com/kunshan/173116244.html?s=sou_sou_soulb&t=0_0&req=1c3e7ddebb0208eb60c371eab59bd2bf
工艺工程师（半导体封装）,立芯精密智造（昆山）,1-2万·14薪,苏州,昆山,本科,2年及以上,2026-06-16 11:33:20,job51,"公司：世界500强制造业
业务：半导体芯片封装
地点：苏州昆山锦溪

工作内容：
1. 负责新产品的导入（NPI）和量产（MP）工作
2. 编写SOP，耗材，备品等清单
2. DOE 验证数据收集整理，异常反馈并提出改善意见
3. 生产过程中停线，不良等异常问题记录反馈并提出改善意见

岗位要求：
1. 本科及以上学历
2. 2年以上电子行业工作经验
3. 具备良好的问题分析和解决能力",NPI MP DOE,https://jobs.51job.com/suzhou/167162309.html?s=sou_sou_soulb&t=0_1&req=1c3e7ddebb0208eb60c371eab59bd2bf
嵌入式硬件工程师（FPGA开发）,昆山捷嵘发测控设备,1.5-3万,昆山,昆山,本科,5年及以上,2026-07-09 15:04:34,job51,"【关于我们】
我司是一家拥有15年发展历史的成熟科技企业，与国内多所高校建立深度合作，并与腾讯达成战略合作关系，是市、镇两级政府重点扶持的企业之一。

【我们为您提供】
- 发展平台：依托公司官方认定的工程技术中心，与优秀伙伴共事，技术氛围浓厚。
- 人才待遇：为重点科技人才提供10万元购房助力、股权激励，并协助解决子女入学与配偶工作问题。
- 安家保障：提供别墅作为过渡住房，距苏州南站仅10分钟车程，半小时可达华为练秋湖研发基地等核心产业区。
- 薪酬福利：五险一金，完善的薪酬体系，优秀员工年薪可达15薪以上，并享有健康体检、团建等全面福利。

【岗位职责】 
1、负责项目整体硬件方案设计、器件选型、原理图绘制、PCB Layout，涵盖激光管驱动电路、光电接收采样电路、信号调理电路、STM32主控电路、FPGA外围电路、电源电路、工业通讯及防护电路设计。
2、负责激光模组适配开发，完成激光发射、光电接收模块的硬件调试、光路匹配调试，解决激光信号噪声、信号失真、采样不稳定等硬件问题。
3、负责FPGA、STM32硬件电路调试，包括高速数据采集、差分信号、模拟信号调理、接地、抗干扰、EMC整改，保障设备工业环境稳定运行。
4、负责样机调试、可靠性测试、高低温测试、振动测试，输出硬件测试报告、整改方案，完成硬件版本迭代优化。
5、配合软件工程师完成软硬件联调，对接上位机、通讯协议，配合生产部门完成量产工艺优化、BOM整理、生产指导。
6、跟进行业精密检测设备硬件技术，优化硬件方案，降低成本、提升设备测量精度与稳定性。

【任职要求】 
1、核心硬件基础：精通模拟电路、数字电路，熟练掌握运放调理、滤波电路、差分信号处理、高精度AD/DA采样电路设计，熟悉工业设备抗干扰、EMC、安规设计规范。
2、主控硬件开发：熟练STM32全系硬件设计，精通STM32外围电路（串口、SPI、I2C、CAN、ADC、DMA等）设计与调试。
3、FPGA硬件适配：熟悉FPGA外围硬件电路设计，掌握FPGA与STM32、AD采集芯片、光电传感器的硬件对接与布线规范，懂高速信号布线、阻抗匹配。
4、激光模组硬件开发：熟悉激光二极管（激光管）驱动电路、恒功率/恒流驱动设计，掌握光电接收传感器、CCD/CMOS成像采样电路设计与调试，有光学检测设备硬件开发经验优先。
5、工具与实操能力：熟练使用Altium Designer等PCB设计软件，精通示波器、信号发生器、万用表、频谱仪等测试仪器，可独立完成硬件故障排查与整改。
6、工业通讯能力：熟悉RS485、MODBUS、以太网、USB等常用工业通讯接口硬件设计。",STM32 FPGA SPI I2C CAN Modbus 方案设计 数据采集 故障排查,https://jobs.51job.com/kunshan/172855307.html?s=sou_sou_soulb&t=0_0&req=1c3e7ddebb0208eb60c371eab59bd2bf
光模块固件工程师,前锦网络信息技术（上海）,20-25万/年,昆山,昆山,本科,3年及以上,2026-07-01 16:49:29,job51,"【上市公司·光模块】固件工程师（CMIS/SFF-8636/STM32）	年薪20-25W	苏州

A股主板上市公司旗下全资子公司，专注于高速硅光芯片设计及高端光模块的研发与制造，已推出400G/800G/1.6T全系列硅光模块产品，部分产品已向海外客户批量出货。公司拥有完整的硅光芯片设计与模块制造能力，是国内少数具备从PIC设计到模块封装测试全链条能力的厂商之一。目前处于团队扩张期，技术大牛带队，成长空间巨大。
岗位核心卖点：深度参与高速光模块产品从0到1的研发过程，技术栈可随产品迭代同步升级

岗位职责
o 负责公司高速光模块产品(400G/800G/1.6T)固件系列设计与开发；
o 协同硬件工程师完成 MCU 相关的原理设计以及产品功能调试，确保产品达
到设计需求；
o 编写高效、稳定的固件代码，完成 OE 模块底层驱动程序及通信协议的开发。
o 根据固件性能及特点，协助测试工程师制定测试计划，组织实施测试工作，
确保测试工作的计划性与规范性，协调解决测试测量软件的现场使用问题；
o 组织固件开发产品评审，完成项目固件开发、用户使用、系统技术文档的编
写、完善、归档工作；
o 负责固件的修复、升级、维护及异常情况的处理工作，保持产品稳定性；
o 负责对产品提供必要售后支持服务。

任职要求
o 电子信息工程、通信工程、计算机科学等相关专业,本科及以上学历；
o 3 年以上光模块固件开发经验，有高速光模块（400G/800G）项目经验者优
先；
o 精通 C/C++语言，具备扎实的嵌入式系统开发及软件编程能力；
o 熟悉 ARM、STM32 等主流 MCU 架构，掌握内外资源配置方案，熟练使用
Keil、IAR 等开发工具；熟练掌握示波器、逻辑分析仪等 Debug 设备；
o 理解光模块相关协议（如 SFF-8024、SFF-8636、SFF-8679、MSA、CIMS 等光
模块协议等）；
o 熟悉 I2C、SPI、UART、JTAG、MDIO 等通信接口开发；
o 熟悉电子电路原理，有硅光通信模块开发并有实际开发经验者优先考虑；
o 具备良好的问题分析与解决能力，能独立完成模块调试与故障定位；
o 良好的团队合作精神，沟通顺畅，责任心。",STM32 MCU C++ ARM I2C SPI UART 产品迭代 测试计划 技术文档,https://jobs.51job.com/kunshan/172758833.html?s=sou_sou_soulb&t=0_0&req=1c3e7ddebb0208eb60c371eab59bd2bf
高速光模块硬件工程师,前锦网络信息技术（上海）,60-80万/年,昆山,昆山,本科,8年及以上,2026-07-01 14:24:21,job51,"【上市公司·核心岗】高速光模块硬件工程师（800G/1.6T/DSP调测）	年薪60-80W	苏州

A股主板上市公司旗下全资子公司，专注于高速硅光芯片设计及高端光模块的研发与制造，已推出400G/800G/1.6T全系列硅光模块产品，部分产品已向海外客户批量出货。公司拥有完整的硅光芯片设计与模块制造能力，是国内少数具备从PIC设计到模块封装测试全链条能力的厂商之一。目前处于团队扩张期，技术大牛带队，成长空间巨大。
岗位核心卖点：主导800G/1.6T硅光模块硬件方案设计，直接参与产品定义与DSP选型调测

岗位职责：
1.负责公司硬件产品的整体设计与开发，包括原理图设计、PCB 设计等，确保硬件系统的可靠性、稳定性和高性能。
2.参与新产品的需求分析和技术方案制定，与其他部门协作完成产品从概念设计到量产的整个过程。
3.对现有硬件产品进行持续优化和改进，解决生产过程中出现的硬件相关问题，提高产品质量和生产效率。
4.配合软件工程师完成硬件与软件的联调工作，提供必要的硬件技术支持，确保产品整体功能的实现。
5.负责硬件开发文档的编写和整理，包括设计文档、测试报告、使用手册等，为后续产品维护和升级提供依据。
6.响应上级临时交办工作，对项目中关键问题进行分析并推动改进。

任职资格：
1.本科及以上学历，电子工程、自动化、通信工程等相关专业，具有8年以上高速光模块(400G、800G以上)硬件开发工作经验。
2.精通模拟电路、数字电路原理，熟练使用至少一种 EDA 设计工具，如 Altium Designer、Cadence 等进行原理图和 PCB 设计。
3.熟悉常用的微控制器（如 ARM、FPGA 等）的架构和应用开发，有实际项目经验。
4.熟悉DSP芯片调试，比如Broadcom、Marvell、MaxLinear..等知名DSP厂家。
5.具备扎实的硬件调试技能，能够熟练使用示波器、逻辑分析仪等测试仪器解决硬件问题。
6.有良好的团队协作精神和沟通能力，能够承受一定的工作压力，具备较强的问题解决能力和创新思维。
7.有光模块硬件开发经验或相关通信产品硬件开发经验者优先考虑。",DSP ARM FPGA 方案设计 需求分析 技术方案 技术支持,https://jobs.51job.com/kunshan/172754668.html?s=sou_sou_soulb&t=0_0&req=1c3e7ddebb0208eb60c371eab59bd2bf
电子工程师R10424,迈胜医疗设备,1-1.5万·15薪,昆山,昆山,本科,2年及以上,2026-06-23 11:26:20,job51,"工作职责
1.负责产品中 PCBA 的原理图设计、元器件选型与 PCB Layout 设计；完成电路板的调试与性能测试，输出测试报告，确保设计满足功能、可靠性与电磁兼容（EMC）要求。
2. 维护现有系统中电子物料（BOM、原理图、PCB 文件、Gerber 等）及相关系统技术资料；执行设计变更流程，进行技术文件的升版、发布与归档。
3. 处理 PCBA 外协生产及元器件采购过程中的技术问题；与供应商沟通，解决试产及量产中的工艺、测试、失效分析等问题。
4. 对系统运行中出现的电子相关故障进行快速定位、分析原因并给出解决方案；必要时前往客户现场或生产现场提供技术支持。
5. 参与新产品/新技术的预研工作，完成概念验证电路设计、搭建实验平台并输出评估报告。
6. 完成领导交办的其他工作事项。
任职要求
1.全日制本科及以上学历，电子工程、自动化、生物医学工程（电子方向）或相关专业。
2. 2 年以上 PCBA 设计开发经验，有完整的产品生命周期经验（从原理图到量产）。具备医疗设备、质子/放疗设备、大型影像设备或高可靠性工业设备开发经验者优先；
3. 熟悉 PCB 制造工艺、SMT 组装流程及常见失效模式，具备可制造性（DFM）设计意识。
4. 熟悉主流 ARM、DSP、FPGA 芯片，熟练掌握 cadence、altium 等主流 EDA 软件的使用；
5. 熟练使用示波器、万用表、频谱分析仪、信号发生器等测试仪器，具备独立调试和故障定位能力，了解电磁兼容（EMC）与安规设计基础。
6. 良好的技术文档编写习惯，具备良好的跨部门沟通能力，具有较强的责任心与抗压能力。",ARM DSP FPGA 性能测试 采购 技术支持 技术文档,https://jobs.51job.com/kunshan/172649622.html?s=sou_sou_soulb&t=0_0&req=1c3e7ddebb0208eb60c371eab59bd2bf
电子工程师,迈胜医疗设备,1.2-1.8万·15薪,昆山,昆山,本科,2年及以上,2026-07-20 14:30:14,job51,"1.	负责产品中PCBA的原理图设计、元器件选型与PCB Layout设计；完成电路板的调试与性能测试，输出测试报告，确保设计满足功能、可靠性与电磁兼容（EMC）要求。
2.	维护现有系统中电子物料（BOM、原理图、PCB文件、Gerber等）及相关系统技术资料；执行设计变更流程，进行技术文件的升版、发布与归档。
3.	处理PCBA外协生产及元器件采购过程中的技术问题；与供应商沟通，解决试产及量产中的工艺、测试、失效分析等问题。
4.	对系统运行中出现的电子相关故障进行快速定位、分析原因并给出解决方案；必要时前往客户现场或生产现场提供技术支持。
5.	参与新产品/新技术的预研工作，完成概念验证电路设计、搭建实验平台并输出评估报告。
6.	完成领导交办的其他工作事项。

岗位要求
1.	全日制本科及以上学历，电子工程、自动化、生物医学工程（电子方向）或相关专业。
2.	2年以上PCBA设计开发经验，有完整的产品生命周期经验（从原理图到量产）。具备医疗设备、质子/放疗设备、大型影像设备或高可靠性工业设备开发经验者优先；
3.	熟悉PCB制造工艺、SMT组装流程及常见失效模式，具备可制造性（DFM）设计意识。
4.	熟悉主流ARM、DSP、FPGA芯片，熟练掌握cadence、altium等主流EDA 软件的使用；
5.	熟练使用示波器、万用表、频谱分析仪、信号发生器等测试仪器，具备独立调试和故障定位能力，了解电磁兼容（EMC）与安规设计基础。
6.	良好的技术文档编写习惯，具备良好的跨部门沟通能力，具有较强的责任心与抗压能力。",ARM DSP FPGA 性能测试 采购 技术支持 技术文档,https://jobs.51job.com/kunshan/172971124.html?s=sou_sou_soulb&t=0_0&req=1c3e7ddebb0208eb60c371eab59bd2bf
硬件开发工程师(J10938),苏州东山精密制造,1-2万,昆山,昆山,本科,3年,2026-07-28 15:56:46,job51,"工作职责:
1.硬件方案与原理图设计：负责BMS硬件方案设计与原理图绘制，涵盖AFE采样、均衡电路、隔离通信、高压检测、绝缘监测及电源/驱动电路等模块；
2.PCB layout指导与评审：指导PCB工程师完成布局布线，评审高速信号、功率回路、隔离间距及热设计，确保信号完整性与EMC性能；
3.器件选型与认证：负责AFE、MCU、隔离芯片、电源芯片、采样电阻等关键器件选型评估与替代认证；
4.样机调试与测试支持：负责硬件样机调试，支持DV/PV测试中的硬件问题分析（电压精度、功耗、绝缘、环境可靠性等）；
5.EMC设计与整改：参与EMC设计（滤波、屏蔽、接地）及测试整改，满足CISPR 25、ISO 11452等标准；
6.生产与EOL支持：协同制定硬件测试规范（ICT、FCT、老化），支持试产与量产过程中的硬件异常分析。
任职资格:
1.全日制本科及以上学历优先，电力电子、电气工程、自动化、电子信息等相关专业；
2.本科3年以上BMS或汽车电子硬件开发经验，至少1个完整量产项目经历；
3.熟悉模拟/数字电路设计，了解主流AFE/MCU平台及均衡、隔离通信设计；
4.熟练使用原理图及PCB layout工具，具备高压/大电流PCB设计经验；
5.了解ISO 26262功能安全及EMC设计基础，熟悉CISPR 25等标准；
6.熟练使用示波器、频谱仪、电子负载等测试设备，具备硬件调试与故障分析能力。",MCU 方案设计 PCB ISO ICT FCT,https://jobs.51job.com/kunshan/173069971.html?s=sou_sou_soulb&t=0_0&req=1c3e7ddebb0208eb60c371eab59bd2bf
元器件测试认证工程师（昆山）(J12853),曙光信息产业,1-2万,昆山,昆山,本科,5年及以上,2026-06-23 17:33:55,job51,"工作职责:
1. 主导完成元器件实验室能力建设工作；
2. 完成元器件可靠性测试工作；
3. 完成元器件失效分析与问题解决工作；
4. 完成供应商协同与质量管控工作；
5. 完成公司或部门其他临时性指派的重要任务。

任职资格:
1. 本科，计算机、电子工程、材料科学、可靠性工程等相关专业,有一定的英语基础。
2. 本科5年以上元器件可靠性测试经验，硕士3年以上相关工作经验；
3. 有国产半导体/被动器件（如CPU、存储、电容等）测试经验者优先，熟悉国产供应链生态；
4. 主导过实验室搭建或认证项目者优先，熟悉可靠性测试设备操作及维护；
5. 掌握服务器主板核心器件（如CPU Socket、电阻、电容、电感、电源模块、高速连接器等）的可靠性测试方法，例如：CPU Socket：接触阻抗测试、插拔寿命测试、高温下的接触稳定性验证；
6. 熟悉服务器主板高密度设计带来的可靠性问题等；
7. 了解国产化替代技术难点，如了解国产CPU的Socket可靠性测试；掌握国产存储芯片、功率器件的寿命加速测试方法与失效模式。
福利：",供应链 Socket CPU,https://jobs.51job.com/kunshan/172659411.html?s=sou_sou_soulb&t=0_0&req=1c3e7ddebb0208eb60c371eab59bd2bf
光模块产品工程师,前锦网络信息技术（上海）,12-20万/年,昆山,昆山,本科,3年及以上,2026-07-15 15:36:51,job51,"【上市公司】光模块产品工程师（400G/800G/1.6T全系列硅光模块产品）	
年薪12-20W	
2人
苏州

工作时间：双休，8：00-17：00。研发目前加班不多，如有加班，可调休。

A股主板上市公司旗下全资子公司，专注于高速硅光芯片设计及高端光模块的研发与制造，已推出400G/800G/1.6T全系列硅光模块产品，部分产品已向海外客户批量出货。公司拥有完整的硅光芯片设计与模块制造能力，是国内少数具备从PIC设计到模块封装测试全链条能力的厂商之一。目前处于团队扩张期，技术大牛带队，成长空间巨大。
岗位核心卖点：深度参与高速光模块产品从0到1的研发过程，技术栈可随产品迭代同步升级

岗位职责：
1、负责光模块产品研发线技术转移项目、新产品的导入、试产的安排和现场异常问题的排除，参与产品开发阶段的设计评审和可制造性（DFM）评估，从生产角度提出优化建议；
2、和设计单位沟通新工艺的研发要求并落实制程开发方案，根据产品需求制定工艺标准及规范，完善产品图纸和相关文档；
3、根据产品需求及制程规范建立新产品工艺流程及维护制程良率和可靠性；
4、整合各工艺部门对产线工艺持续优化，提高工艺稳定度，降低成本；
5、监控产线测试数据及终测电性数据，及时发现产线异常，维护产线稳定；
6、通过对低良率产品进行分析，找到低良率根本原因，并制定对应的良率改善计划及实施，实现产品质量满足客户要求并完成工作任务；；
7、投产在线良率跟踪，现场异常问题处理，能对生产项目提出良率、效率优化建议；
8、带领工程人员不断提高设备能力、成品率，降低坏品率及内外部客户投诉
9、负责产品MES、PLM、SAP系统信息的维护修正，实施产品的制造策略及更改切换策略；
10、完成上级交办的其他测试或跨部门协作任务。

任职资格：
1、全日制本科及以上学历，电子工程、通信工程、光电子、机械设计、理学等相关专业；
2、有光模块400G以上担任过产品工程师角色经验；
3、熟悉光模块产品架构和工作原理，了解光器件（TOSA/ROSA）、DSP芯片、驱动电路等关键环节；熟悉产品开发和工艺改善流程，了解光模块封装工艺（COB/BOX等）；熟练使用光模块测试相关仪表设备，具备数据分析能力；
4、 具备较强的理解、沟通、协调能力，能与研发、生产、质量等部门高效协作；具备一定的电路、光路、软件知识，能独立分析产品质量问题；工作认真细致，具有较强责任心，善于学习，务实创新。",ROS DSP 产品迭代 跨部门协作 数据分析 DFM PLM TOSA,https://jobs.51job.com/kunshan/172922299.html?s=sou_sou_soulb&t=0_0&req=1c3e7ddebb0208eb60c371eab59bd2bf
高级嵌入式硬件工程师,苏州世航智能科技,2.5-4.5万·13薪,昆山,昆山,本科,3-5年,2026-07-17 10:58:29,job51,"嵌入式开发技能
1.硬件设计与底层驱动
￮电路设计： 精通常规EDA软件，能独立完成多层板原理图设计与Layout，具备信号完整性、EMC/EMI设计经验。
￮微控制器与架构： 主流嵌入式架构，精通各类单片机外围电路设计。
￮调试能力： 熟练使用示波器、逻辑分析仪、频谱仪查找硬件问题，能读懂芯片数据手册，解决总线竞争或信号干扰等深层次硬件故障。
￮焊接与样板试制： 具备精细焊接能力（如QFN封装），熟悉样板从贴片到调试的全流程。

2.嵌入式软件与系统开发
￮底层驱动： 精通BSP开发，熟练IDE自动生成代码，能根据芯片手册手写底层寄存器配置（GPIO、DMA、CAN、Ethernet等）。
￮实时操作系统： 深入掌握至少一种RTOS，理解任务调度、内存管理、中断嵌套机制。
￮通信协议栈： 熟悉物理层到应用层的协议，如物联网相关的TCP/IP、LwIP、MQTT、CoAP、Bluetooth（BLE）、Zigbee、LoRa等。
￮高级语言： 精通C语言（必备），熟悉C++/Python，了解lua语言。
￮代码管理： 熟练使用Git，具备良好的编码规范与文档习惯。

3.系统联调与生产
￮具备整机调优经验。
￮熟悉产品量产导入流程，能配合生产部门搭建测试工装，解决产线良率问题。

思维模式
1.具备一定的系统级思维能力，能预判硬件性能和成本；设计硬件时，能为软件调试预留接口。具备“软硬件协同设计”的能力。
2.具备独立解决问题能力， 面对故障时，能快速定位问题，准确判断并修复。
3.具备抗压与Owner意识，需要独立负责某个核心模块或整个产品，对项目交付有极强的责任心。
4.具备沟通协调能力，在团队中作为技术核心，需要向上汇报进度，横向协调采购、结构、测试等资源。

背景经验
1.年限： 需要 3-5年 以上的实际项目经验。
2.学历： 本科及以上，电子信息、机械电子、自动化、计算机等相关专业。",单片机 CAN RTOS TCP/IP MQTT CoAP Bluetooth LoRA C语言 C++ Python Git 采购,https://jobs.51job.com/kunshan/172946448.html?s=sou_sou_soulb&t=0_0&req=1c3e7ddebb0208eb60c371eab59bd2bf
服务器BMC测试专家/BMC资深测试工程师,立讯精密工业,2-3万·14薪,苏州,昆山,本科,5年及以上,2026-07-31 09:53:56,job51,"岗位职责：
1. 负责制定、迭代服务器BMC固件整体测试策略、测试模型、质量准入/准出标准；针对BMC模块，建立完整测试覆盖方案，识别测试盲区与质量短板，持续推进测试加固与能力补齐；
2.全程跟踪上游开发商BMC研发测试过程，主导测试策略、测试计划、测试用例、自动化方案、回归策略的对齐评审；监督厂商测试执行完整性、有效性、充分性，杜绝漏测、少测、无效测试，把控每轮迭代版本的测试质量与交付进度；
3.基于服务器硬件架构、BMC固件逻辑、芯片交互链路，提前识别版本风险、架构风险、兼容性风险、稳定性风险；对薄弱环节制定加固测试、压力测试、长稳测试策略，推动问题从发现、定位、修复、回归全流程闭环；
4.负责每轮BMC迭代版本、交付版本的质量评估与准入准出判定；
5.熟悉BMC Redfish/IPMI自动化脚本框架，能够评审厂商自动化覆盖度，推动自动化补齐、场景自动化落地；持续优化测试流程、提升迭代效率，降低版本回归风险。

任职要求：
1.自动化/计算机科学/电子信息工程/通信工程/信息管理等计算机类相关专业，本科以上学历;
2. 5年以上服务器BMC固件测试经验，深入理解BMC工作原理、服务器硬件架构（CPU/内存/存储/PCIe/GPU）及协同机制。熟悉IPMI、Redfish等管理协议，精通BMC各核心模块测试；
3.具备测试策略设计、测试方案评审、质量风险把控能力；
4.掌握Python/Shell脚本开发，能编写或修改自动化测试脚本者优先；
5.具备互联网大厂（如腾讯、字节跳动）或服务器厂商（新华三、浪潮、超聚变）测试经验者优先。",PCIe Python Shell 测试计划 测试用例 自动化测试,https://jobs.51job.com/suzhou/173107123.html?s=sou_sou_soulb&t=0_1&req=1c3e7ddebb0208eb60c371eab59bd2bf
光模块产品工程师,可川光子技术（苏州）,1-1.7万,昆山,昆山,本科,1-3年,2026-07-07 13:30:19,job51,"岗位职责：
1、负责光模块产品研发线技术转移项目、新产品的导入、试产的安排和现场异常问题的排除，参与产品开发阶段的设计评审和可制造性（DFM）评估，从生产角度提出优化建议；
2、和设计单位沟通新工艺的研发要求并落实制程开发方案，根据产品需求制定工艺标准及规范，完善产品图纸和相关文档；
3、根据产品需求及制程规范建立新产品工艺流程及维护制程良率和可靠性；
4、整合各工艺部门对产线工艺持续优化，提高工艺稳定度，降低成本；
5、监控产线测试数据及终测电性数据，及时发现产线异常，维护产线稳定；
6、通过对低良率产品进行分析，找到低良率根本原因，并制定对应的良率改善计划及实施，实现产品质量满足客户要求并完成工作任务；；
7、投产在线良率跟踪，现场异常问题处理，能对生产项目提出良率、效率优化建议；
8、带领工程人员不断提高设备能力、成品率，降低坏品率及内外部客户投诉
9、负责产品MES、PLM、SAP系统信息的维护修正，实施产品的制造策略及更改切换策略；
10、完成上级交办的其他测试或跨部门协作任务。
任职资格：
1、全日制本科及以上学历，电子工程、通信工程、光电子、机械设计、理学等相关专业；
2、有光模块400G以上担任过产品工程师角色经验；
3、熟悉光模块产品架构和工作原理，了解光器件（TOSA/ROSA）、DSP芯片、驱动电路等关键环节；熟悉产品开发和工艺改善流程，了解光模块封装工艺（COB/BOX等）；熟练使用光模块测试相关仪表设备，具备数据分析能力；
4、 具备较强的理解、沟通、协调能力，能与研发、生产、质量等部门高效协作；具备一定的电路、光路、软件知识，能独立分析产品质量问题；工作认真细致，具有较强责任心，善于学习，务实创新",ROS DSP 跨部门协作 数据分析 DFM PLM TOSA ROSA,https://jobs.51job.com/kunshan/172821354.html?s=sou_sou_soulb&t=0_0&req=1c3e7ddebb0208eb60c371eab59bd2bf
COB制程工艺工程师,可川光子技术（苏州）,1-2万,昆山,昆山,本科,3年及以上,2026-07-16 13:50:45,job51,"岗位职责：
1、熟悉光模块COB全制程工艺及可靠性标准
2、具备工艺失效分析（PFMEA）及良率改进策略制定能力（如将PIC破损率从8%降至0%，固件下载良率提至99%）
3、具备自动化设备导入及视觉算法模型开发经验（AOI模型、自动COC转料ST:7S）
4、具备DOE验证及工艺参数优化能力
5、深度参与过400G、800G或1.6T等高速光模块及光引擎项目的NPI导入与转产
6、具备完整的COC测试老化从0-1导入经验及硅光芯片平台搭建能力，能打通从研发验证到规模化量产的全链路
7、拥有400G、800G等高速项目研发、新机台验证及新平台搭建能力，熟悉DVT/EVT阶段工艺问题跟踪与系统化解决
8、能迅速处理产品异常分析并提出解决对策，擅长通过工艺优化（如参数调整、胶水研证、设备硬件改造）显著提高良率（历史项目转产良率可达98.7%~99%）
9、具备体系化思维，能独立编制工艺SOP/WI，建立设备点检手册、夹具质量管控体系及人员培训考核机制
10、 具备良好的沟通能力与资源调配能力，能协同光学、结构专家及PIC团队高效推进项目转产
11、完成上级交办的其他测试或跨部门协作任务
任职资格：
1、本科及以上学历，光电、微电子、机械自动化、通信等理工科相关学历
2、有三年以上光通讯行业COB独立工艺及测试经验；能优化单工序参数并运用DOE提升良率
3、熟悉MES系统数据链路对接与追溯开发
4、具备设备程序编写、耦合机程序编写及测试机台搭建能力
5、熟练编制SOP/WI及深度数据分析报告",培训 跨部门协作 数据分析 PFMEA WI,https://jobs.51job.com/kunshan/172934329.html?s=sou_sou_soulb&t=0_0&req=1c3e7ddebb0208eb60c371eab59bd2bf
汽车MCU FAE,昆山市正耀电子科技,1.2-2万,昆山,昆山,大专,2年及以上,2026-07-17 09:37:50,job51,"1. 服务客户,协助销售进行 MCU FLASH的推广,完成产品线从Design in到Design win,最终达成销售业绩；
2. 与公司PM及原厂技术沟通和对接，负责客户端技术培训，技术沟通拜访等工作
3. 解决客户在开发及使用产品过程中碰到的技术问题，协助客户进行软件调试;

岗位要求：
1. 具备较强的学习能力和与人沟通能力, 能够准确分析问题和解决问题能力; 积极主动, 乐观开朗, 敬业负责; 良好的团队合作精神;能适应出差；
2.具有MCU、ARM(STM32/GD32)相关项目开发经验，掌握其中一种芯片开发环境，具备较强的软件设计和调试能力;
3.熟练使用keil，iar等开发环境，示波器、万用表、逻辑分析仪等工具;
4.专科及以上学历，电子工程、通信工程、自动化等相关专业。",MCU ARM STM32 培训 GD32,https://jobs.51job.com/kunshan/170941792.html?s=sou_sou_soulb&t=0_0&req=1c3e7ddebb0208eb60c371eab59bd2bf
电机类应用工程师(FAE)（苏州铌劢）,昆山西交创新中心管理,1.2-1.5万,昆山,昆山,本科,3年及以上,2026-07-24 17:28:36,job51,"岗位职责：
负责公司电机驱动类芯片的应用技术支持，包括：
1、基于本公司驱动芯片和常用微控制芯片开发功能演示板；
2、为芯片设计工程师功能仿真提供协助，验证芯片参数；
3、反馈测试验证中发现的问题，为改进芯片设计提供支持；
4、协助公司市场销售人员为目标客户提供应用技术支持，达成大客户销售目标
需要不定期出差访客。

资质要求：
1、机电、电子及自动化等相关专业本科及以上学历，3年以上电机控制类项目开发经验，尤其需要步进电机、直流电机类控制系统开发调试经验；
2、消费类电机控制系统软硬件开发实战经验，熟悉嵌入式系统及编程，熟练应用相关EDA工具，能发现项目开发调试中暴露的问题并找到合理的解决方法；
3、有IOT云台、安防监控类设备多维电机控制系统开发经验者优先考虑。

薪资待遇：12K-15K

志同道合者引入公司Co-founder及股权激励",技术支持,https://jobs.51job.com/kunshan/172811109.html?s=sou_sou_soulb&t=0_0&req=1c3e7ddebb0208eb60c371eab59bd2bf
Sputter PE(J10584),日月新半导体（苏州）,9千-1.6万,苏州,昆山,大专,4年,2026-07-28 17:54:18,job51,"工作职责:
1、	主导Strip grinding/Plating/de-flash/Sputter loader/unloader建立及新产品Risk评估；
2、	推动相关人员制定相关产品的设计规则/规范/标准，并标准化到内部的文件（FMEA/CP/SOP）
任职资格:
1、	大专及以上学历；
2、	具备Strip grinding/Plating/de-flash/Sputter loader/unloader相关经验；
3、	熟炼掌握DFMEA\PFMEA\DOE\Control Plan；
4、	熟练掌握可靠度工程及进阶失效不良原因分析；
5、	具备与客户沟通协调之能力。",客户沟通 grinding Plating Sputter FMEA CP SOP PFMEA,https://jobs.51job.com/suzhou/173072969.html?s=sou_sou_soulb&t=0_1&req=6099da84b6334c8f7d7d5f88fb350db5
设计研发工程师,昆山古鳌电子机械,1.5-1.8万,昆山,昆山,本科,3-5年,2026-08-04 10:41:18,job51,"专业技能：
1.熟练掌握C/C++程序设计语言和数据结构，能够进行简单的嵌入式应用软件架构设计；
2.了解单片机、ARM(STM32)、DSP、（TI28系列芯片）相关项目开发，掌握其中一种芯片开发环境，具备较强的软件设计和调试能力；
3.掌握SPI、CAN、485、USB口、I2C等接口协议开发；
4.具备相关硬件电路调试能力；
5.熟悉软件技术文档的编写，具备良好的文档编制习惯和代码书写规范。
其他要求：
负责设计、开发、测试及维护嵌入式系统，确保功能实现与性能优化。",C++ 单片机 ARM STM32 DSP SPI CAN I2C 技术文档,https://jobs.51job.com/kunshan/171311464.html?s=sou_sou_soulb&t=0_0&req=6099da84b6334c8f7d7d5f88fb350db5
封装工程师,芯睿微电子（昆山）,1.2-2.4万,昆山,昆山,本科,2年及以上,2026-07-12 10:53:10,job51,"岗位职责：
1.根据产品的规划要求，确定器件的封装形式；
2.在晶圆设计阶段，参与产品开发，提供封装的要求及建议，实现设计出来的晶圆具有封装的量产性；
3.制定产品的封装开发计划，按计划完成评估、开发、量产导入；
4.产品量产维护，封测厂量产过程中问题及事项的解决处理；
5.负责产品封装的良率，全流程参与开发过程，确保封装良率符合产品的要求；
6.产品在客户的封装问题处理及解决；
7.配合产品完成封装可靠性测试，根据可靠性测试计划完成封装相关的测试及验证；
8.产品的封装规范文件建立、更新及维护；
9.协助完成新封装厂、基板厂/框架厂、bumping工厂的导入；

任职要求：
1.本科及以上学历，封装、材料、高分子、电子工程等理工类专业，2年以上半导体封装NPI/PE工作经验；
2.熟悉封装新产品导入流程，具备NPI异常处理能力
3.熟悉封装相关的国际标准，如JEDEC、AECQ等
4.熟悉LF/LGA/BGA/WLCSP等封装工艺，能独立设计DOE评估方案
5.了解封装可靠性测试、及其失效机理和FA方法
6.有基板设计/电路仿真/射频器件封装经验者优先",测试计划 LGA BGA,https://jobs.51job.com/kunshan/171559272.html?s=sou_sou_soulb&t=0_0&req=6099da84b6334c8f7d7d5f88fb350db5
客户工程师,苏州能讯高能半导体,6千-1万·13薪,昆山,昆山,本科,1-3年,2026-06-18 16:42:30,job51,"作为客户与代工厂工程团队的接口，协调解决客户设计阶段和晶圆代工过程中工程技术相关的需求和问题，提高客户对公司代工服务的综合满意度。
岗位职责：
1. 负责协调客户新项目及量产品的工程技术相关的需求满足和问题解决，推动代工厂各部门间的协作（TD/PDE/PIE等）以达成客户需求；
2. 对接和推动解决客户设计阶段的 PDK 问题，
3. 对接和推动客户GDS ｉｎ 之后的tape out 工作；
4. 对接客户流片需求，跟进流片进展，流片相关报告及数据支持等，流片后客户反馈异常/问题对接处理等；
5. 支持销售接待或拜访客户，推广能讯Foundry。
任职要求：
1. 学历：本科以上；
2. 专业要求：电子类理工科专业，半导体、微电子、电子科学与技术等专业优先，；
3. 资历与经验要求：有半导体晶圆厂 客户支持(CE)相关工作经验优先； 有半导体晶圆厂 工艺开发(PIE/PE)、技术开发(RD)、质量管理(PQE/DQE/SQE)等 相关工作经验优先；",TD PDE PDK CE PIE PE RD PQE,https://jobs.51job.com/kunshan/172615457.html?s=sou_sou_soulb&t=0_0&req=6099da84b6334c8f7d7d5f88fb350db5
嵌入式软件工程师,上海古鳌电子科技,1.5-1.8万,昆山,昆山,本科,3-4年,2026-06-15 15:01:12,job51,"此岗位包食宿
工作职责:
1、负责公司产品嵌入式软件部分研发；
2、使用C/C++语言进行嵌入式产品开发，参与嵌入式软件需求开发、设计、修改工作；
3、按照操作流程进行软件整体设计、详细设计和编码；
4、按照需求进行软件修改；与售后进行沟通，协助售后解决产品中出现的问题。
岗位要求：
1、本科、硕士学历，计算机、电子、控制或相关专业；
2、熟练掌握C/C++程序设计语言和数据结构，能够进行简单的嵌入式应用软件架构设计；
3、了解单片机、ARM(STM32)、DSP (TI28系列芯片)相关项目开发，掌握其中一种芯片
开发环境，具备较强的软件设计和调试能力优先考虑；
4、掌握SPI、CAN、485、USB口、I2C等接口协议开发；
5、具备相关硬件电路调试能力；
6、熟悉软件技术文档的编写；具备良好的文档编制习惯和代码书写规范；",C++ 单片机 ARM STM32 DSP SPI CAN I2C 技术文档,https://jobs.51job.com/kunshan/171321403.html?s=sou_sou_soulb&t=0_0&req=6099da84b6334c8f7d7d5f88fb350db5
ET测试工程师（沪利微电）,沪士电子,9千-1.2万,昆山,昆山,本科,3年及以上,2026-08-04 15:00:47,job51,"【工作内容】
1、负责ET测试机台的日常操作、参数设定及程序调试，确保测试流程稳定运行；
2、执行功能与性能验证，分析测试失败数据并定位根本原因，输出详细分析报告；
3、协同研发与工艺团队优化测试方案，提升测试覆盖率及生产效率，降低不良率；
4、维护测试设备状态，参与故障排查与预防性维护，保障产线连续化作业安全。

【任职要求】
1、电子工程等相关专业本科及以上学历，熟悉pcb测试工艺流程；
2、掌握ATE测试原理，具备J750/860等主流机台操作经验，了解EDT测试技术者优先；
3、工作严谨细致，具备良好的抗压能力与团队协作精神，能适应倒班工作制。",故障排查,https://jobs.51job.com/kunshan/173146473.html?s=sou_sou_soulb&t=0_0&req=6099da84b6334c8f7d7d5f88fb350db5
先进封装设备资深工程师(J10547),日月新半导体（苏州）,1-2万,昆山,昆山,本科,5年及以上,2026-06-12 15:37:07,job51,"工作职责:
（一）先进封装设备导入与调试验证
（二）量产设备运维与故障攻关
（三）车间Layout
（四）设备能力提升与良率改善
（五）设备成本管控与备件管理
任职资格:
1. 5年以上半导体封装测试设备运维经验，3年以上先进封装设备资深工程师经验，熟悉先进封装整条制程设备原理与运维逻辑。
2. 熟悉半导体产线设备管理体系、预防性保养机制，有大型封测量产工厂工作经验者优先。
3.具备丰富的新机导入、DOE实验、参数优化、设备能力验证经验，能够独立主导NPI阶段设备适配与稳定性打通。
4.具备良好的跨部门沟通协同能力，可高效联动工艺、生产、品质、供应链推进设备改善与问题闭环。",供应链,https://jobs.51job.com/kunshan/172535321.html?s=sou_sou_soulb&t=0_0&req=6099da84b6334c8f7d7d5f88fb350db5
PCB研发工程师（沪利微电）,沪士电子,1-1.5万,昆山,昆山,本科,2年及以上,2026-07-06 17:01:33,job51,"1. 本科及以上学历，英语CTE-4及以上，5年以上PCB生产或工艺经验。（2年以上mSAP工艺，产品相关经验）
2. 熟悉mSAP工艺和产品，对机械，镭射，压合，电镀，影像，防焊，成型，表面处理（其中之一即可）等相关制程设备，参数精通。
3. 有mSAP大厂（如周边AT&amp;S, AMK, Unimicron等）制程，研发岗位经验优先。
4. 思维清晰，表达有逻辑和条理。有mSAP设备/参数认证经验优先。
5.有兴趣从研发转到其他部门的也可投递细聊",amp AMK,https://jobs.51job.com/kunshan/171022069.html?s=sou_sou_soulb&t=0_0&req=6099da84b6334c8f7d7d5f88fb350db5
saw工艺工程师,立芯精密智造（昆山）,1.5-2.3万,昆山,昆山,本科,3-5年,2026-06-16 19:58:04,job51,"岗位职责：
1.负责后道制程中saw 工艺技术支持与持续优化，确保生产良率，效率和产品可靠性，
2.熟悉Jigsaw/Tape saw设备操作，分析并解决saw制程中出现的异常问题，持续改进并提出异常预防方案；
3.负责NPI新产品导入，设计新产品验证流程，对新产品工装治具设计/验收；
4.对Jigsaw材料（刀片/胶膜）进行优化评估，降低公司成本；
任职需求：
1.本科及以上学历，微电子/材料学科/机械工程/电子工程等理工专业；
2.3～5年以上半导体封装或后道制程工作经验，具备JIgsaw /Tape saw 工作实际经验，熟悉Hanmi /Disco 主流切割设备经验者优先；
3.具备一定数据分析能力，能熟练使用分析工具，如：Minitab /JMP",技术支持 数据分析 Tape Disco Minitab JMP,https://jobs.51job.com/kunshan/171385463.html?s=sou_sou_soulb&t=0_0&req=6099da84b6334c8f7d7d5f88fb350db5
汽车电子测试开发工程师,环鸿电子（昆山）,1-2万·16薪,昆山,昆山,本科,2年及以上,2026-08-05 15:35:30,job51,"工作职责:
1. 测试方案制定与用例设计
· 负责公司汽车电子产品（智能驾驶、网联、新能源、底盘、座舱和车身控制等）各类ECU的需求评审，制定测试计划、测试策略和测试标准
· 根据内外部的需求，编写并维护详细的测试规范、测试方案及测试用例，覆盖功能、网络、性能、可靠性、安全等多维度
2. 测试环境搭建与维护
· 搭建桌面级BSW测试环境，制作测试线束、负载箱等测试工装
· 搭建、维护并优化测试环境，包括仿真平台、HIL测试台架、数据采集系统及相关软硬件
· 负责汽车电子功能测试系统的开发、集成、调试及日常维护
3. 测试执行与缺陷管理
· 执行台架测试、硬件在环（HIL）测试、网络测试、实车测试及白盒测试，采集并分析测试数据，撰写测试报告
· 针对MCU特定外设（ADC/CAN/SPI等）执行底层驱动测试并评估测试报告
· 精准定位缺陷，推动问题的复现、分析与解决，建立有效的问题跟踪与验证闭环
· 利用缺陷管理系统跟踪、登记、验证和关闭bug，协同开发团队定位并验证问题修复效果
4. 自动化测试开发
· 根据测试用例类型开发自动化测试脚本（Python/，C#, LabVIEW等），提升测试效率与覆盖率
· 构建和维护自动化测试框架及测试用例库
5. 协作与持续改进
· 与系统负责人、开发工程师协作，理解需求和设计，负责测试场景构建和测试用例评审工作
· 引入、评估并推进测试相关的改进措施和效率提升方案
· 参与软件发布流程，与策划、开发和项目管理团队紧密协作，确保软件版本按时、高质量交付

任职资格:
1. 教育背景
· 本科及以上学历，电子信息工程、车辆工程、自动化、计算机科学与技术、测控技术与仪器等相关专业
2. 工作经验
· 2年以上嵌入式系统或汽车电子产品的系统测试/软件开发或测试经验
· 有汽车电子（MCU、VCU、BMS等）HIL集成测试经验者优先
3. 专业技能
· 编程语言：熟练掌握C/C++、Python, LabVIEW等编程语言，具备自动化测试脚本开发能力
· 汽车通信协议：熟悉CAN、LIN、Ethernet等车载通信协议及UDS诊断协议
· 测试工具：熟练使用CANoe、CANalyzer、INCA等测试工具；能够使用Lauterbach或UDE调试器调试代码
· 测试方法论：熟悉软件测试流程和方法，了解黑盒测试、白盒测试基础知识；熟悉ASPICE测试相关要求者优先
· 硬件基础：具备嵌入式硬件电路、芯片、操作系统、底层软件等相关知识，能看懂电路原理图等
4. 综合素质
· 具备优秀的问题分解与根因分析能力，善于在复杂的软硬件交织环境中定位问题
· 学***动性强，具备系统化的问题分析和解决能力
· 良好的沟通协作能力和团队合作精神
· 良好的英文读写能力，能够流畅阅读英文技术资料",MCU CAN SPI Python C# C++ 测试计划 测试用例 数据采集 功能测试 缺陷管理 自动化测试 项目管理,https://jobs.51job.com/kunshan/173162831.html?s=sou_sou_soulb&t=0_0&req=6099da84b6334c8f7d7d5f88fb350db5
生产计划工程师,云英谷科技,8千-1.6万·14薪,昆山,昆山,本科,3年及以上,2026-07-28 19:18:39,job51,"岗位职责：
1、根据销售订单及需求预测，结合工厂产能、设备状况与工艺流程，编制并下达月/周/日生产计划，合理安排各工序投料顺序与工单；
2、制定主生产计划（MPS） ，平衡订单需求与产能资源，确保计划的可执行性；
3、跟踪订单自投料至入库出货的全流程进度，监控实际产出与计划达成率
4、监控各工序在制品（WIP） 数量与流转状态，控制在制品水位，避免工序间积压或断料
5、针对缺料、设备异常、品质判退、产能瓶颈等状况，快速召集相关部门制定应对方案；
岗位需求：
1、本科及以上学历，供应链管理、微电子、机械、电子等相关专业优先；
2、3年以上生产计划/生产控制（PMC）相关工作经验，熟悉供应链管理流程，掌握MPS/MRP运算逻辑，具备S&amp;OP运作经验者优先；
3、有芯片厂、晶圆制造或封装测试厂实际PP（Production Planning）或PC（Production Control）工作经验者优先；",供应链 MPS WIP PMC Control,https://jobs.51job.com/kunshan/173073731.html?s=sou_sou_soulb&t=0_0&req=6099da84b6334c8f7d7d5f88fb350db5
PE工艺工程师,立芯精密智造（昆山）,1-2万·14薪,苏州,昆山,大专,2年及以上,2026-06-16 11:33:20,job51,"公司：世界500强制造业
行业：消费类电子
业务：半导体芯片封装、SMT贴片

【工作内容】
- 负责P关工艺流程的设计与优化，提升生产效率和产品质量；
- 协助解决生产过程中出现的工艺技术问题，确保生产顺利进行；
- 参与新产品开发中的工艺验证与试产工作，提供技术支持；
- 编制和维护工艺文件，确保符合行业标准和公司规范。

【任职要求】
- 大专及以上学历，材料工程、高分子材料、化学工程等相关专业；
- 具备较强的责任心和沟通协调能力，能够适应团队合作；
- 有相关岗位实习或项目经验者优先，但不限工作经验。",技术支持,https://jobs.51job.com/suzhou/166221213.html?s=sou_sou_soulb&t=0_1&req=6099da84b6334c8f7d7d5f88fb350db5
光模块质量工程师,可川光子技术（苏州）,1-2万,昆山,昆山,本科,3年及以上,2026-07-16 13:45:33,job51,"岗位职责：
一、设计质量保证（DQA）
1. 参与光模块新产品研发（NPI）阶段质量评审，把控设计源头质量
2. 制定测试计划与检验标准，主导EVT/DVT阶段可靠性测试验证
3. 研发流程质量管控，确保设计输出优于业界水平&gt;10%
4. 参与客诉及设计缺陷根因分析并推动闭环改善
二、产品质量保证（PQA）
1. 负责生产制程（IPQC/OQC）质量管控与异常处理
2. 统计分析批次质量数据，推动良率提升与防呆防错改善
3. 主导客诉（RMA）异常分析，跟进8D报告落实与效果验证
4. 维护与优化质量管理体系（ISO等），应对内外审
三、供应商质量保证（SQE）
1. 负责光器件/芯片供应商导入审核、资质评估与定期绩效考核
2. 处理来料（IQC）质量异常，跟进供应商改善对策（8D）落实
3. 协同采购优化供应链，控制来料品质批次合格率
4. 建立供应商风险管理与应对预案（质量、交期、资质风险）
四、其他
1.深入了解光模块结构、性能、原理及行业标准
2.熟悉 SPC、六西格玛、FMEA、QC 七大手法等工具
3.能用统计方法分析质量数据并预警风险
4.良好跨部门沟通与协调能力
5.具备良好沟通能力与持续改进意识强
6.完成上级交办的其他测试或跨部门协作任务
任职资格：
1、本科及以上学历，光电/通信/电子/质量管理相关专业优先
2、 三年以上光模块或光通信产品的设计质量保证、产品质量保证、供应商质量保证等经验
3、熟悉生产工艺与测试验证与可靠性验证方法
4、逻辑清晰，分析与解决问题能力强，细致严谨，责任心强，具备团队精神
5、使用统计分析软件（基于QC七大手法的数据处理工具）
6、熟悉ERP/SAP等企业资源计划系统中的来料检验模块及OA审批流程
7、熟悉自动化测试平台及数据分析脚本（Python、SQL 等）",Python SQL 质量保证 测试计划 采购 供应链 风险管理 跨部门协作 自动化测试 数据分析,https://jobs.51job.com/kunshan/172934220.html?s=sou_sou_soulb&t=0_0&req=6099da84b6334c8f7d7d5f88fb350db5
服务器一次电源工程师,立讯精密工业,2-3.5万·14薪,苏州,昆山,本科,5年及以上,2026-07-02 18:03:23,job51,"岗位职责：
1.	服务器HVDC800供电架构评估，相关电路选型，设计。
2.	调查评估各方案厂商，模块厂商技术方案能力，优劣对比，行业站位。
3.	指导测试工程师进行产品功能验证，问题分析处理。
4.	客户设计方案对齐，相关设计资料整理输出，以及测试方案和报告评审；
5.	跟系统架构师配合，依照系统配置，确定一次电源的选型设计策略，包括功率等级，输入输出范围，产品尺寸，效率等级，控制接口协议，主备控制方式等等。
6.	对外购PSU产品，综合考虑可靠性,性能，效率，空间，成本等几个方面，选择合适的PSU 型号和方案。
7.	支持其它团队成员研发过程中提出的一次电源相关问题和需求。

任职要求：
1.	5年以上大功率交流转直流服务器电源研发或测试经验。
2.	电力电子专业***，电子，通信或计算机相关专业也可。
3.	有AC/DC PSU电源或OBC研发或测试经验***。
4.	有下面几家工作经历***，如台达(Delta),光宝(Liteon),Artesyn,群光(Chicony)，康舒(Acbel), 全汉(FSP)，长城(Greatwall),雷能,阳光电源等。
5.	掌握电源常用的拓扑结构，如Flyback，Forward，LLC，PSFB(移相全桥)等。
6.	熟悉磁性元件设计，熟悉环路分析，熟悉功率元件特性分析，熟悉传导和辐射EMI抑制方法等。
7.	熟悉电源相关的元件，如芯片，MOSFET，磁性元件，电容，二极管，三极管， 保险丝等。
8.	熟悉电源的相关测试项目，对开关电源各种常见问题能够迅速找出对策。
9.	熟悉开关电源的布局，有电源EMC整改经验。
10.	了解与电源相关的安全规范和相关测试项目。
11.	对PSU的生产有所了解，懂得PSU品质质量管控的要点。
12.	掌握电源测试设备的使用方法，如电烙铁，示波器，环路测试设备，负载器，直流电源，交流电源，功率计等。
13.	性格开朗，团队意识强，沟通能力强。",技术方案 DC Delta Liteon Artesyn Chicony Acbel FSP,https://jobs.51job.com/suzhou/172776937.html?s=sou_sou_soulb&t=0_1&req=6099da84b6334c8f7d7d5f88fb350db5
市场经理 (内存/封装/载板/半导体),台光电子材料（昆山）,25-40万/年,昆山,昆山,本科,5年及以上,2026-06-26 11:36:16,job51,"base 昆山or中山

【工作内容】
1. 内存/封装测试/载板/半导体/光模块市场终端客户开发与维护
2. 终端客户追踪 (材料推广/design-in、 NPI追踪、量产FCST取得)
3. 终端客户展开 (相关厂区PCB行动项目追踪, 跨厂区工作协调)
4. 产品生产的各工序进度进行动态跟踪，确保产品的生产符合进度计划


【任职要求】
1.全日制本科以上学历
2.5 年以上 CCL或PCB行业相关销售经验 ，其中3 年以上载板/封测/内存客戶开发相关经验
3.沟通表达能力优，逻辑思维强，PPT能力佳
4.能独立思考，创新思维并随时积极思考可能的商业开发策略",base design-in,https://jobs.51job.com/kunshan/172700685.html?s=sou_sou_soulb&t=0_0&req=6099da84b6334c8f7d7d5f88fb350db5
光模块测试工程师,可川光子技术（苏州）,1-2万,昆山,昆山,大专,1-3年,2026-07-16 13:40:04,job51,"岗位职责：
1、 测试方案与用例设计：独立设计400G、800G、1.6T单模/硅光光模块的功能、性能及可靠性测试用例，确保覆盖80%以上业务场景
2、系统测试与验证：主导高并发系统测试方案设计，开展光模块EVT/DVT阶段的性能测试（如眼图、消光比、灵敏度等）、安全测试及高低温环境验证
3、自动化测试搭建：协助或主导搭建自动化测试框架（如接口自动化、性能测试脚本），推动测试左移（在需求阶段介入测试分析）
4、缺陷定位与分析：记录并追踪测试缺陷，协助研发团队定位光路/电路异常问题（如硅光芯片耦合损耗、单模光纤对接异常等），输出专业测试报告
5、 测试平台与标准建设：参与或负责公司级测试数据管理平台搭建，制定光模块性能指标与安全合规标准，解决海量数据测试、高可用测试等难点
6、具备体系化思维，能独立编制工艺SOP/WI，建立设备点检手册、夹具质量管控体系及人员培训考核机制
7、具备良好的沟通能力与资源调配能力，能协同光学、结构专家及PIC团队高效推进项目转产
8、完成上级交办的其他测试或跨部门协作任务
任职资格：
1、光学、光通信、电子、电机等相关专业，大专及以上学历
2、光通信测试基础：精通光模块测试基础理论，熟悉400G、800G、1.6T单模及硅光产品的性能指标及行业可靠性标准
3、仪表操作与系统联调：熟练使用通信仪器仪表、光谱仪、误码仪（BERT）等
4、自动化与工具运用：掌握接口测试工具及自动化测试基础框架；精通性能测试工具及安全测试工具
5、具备一定的测试开发能力（如Python/Java开发测试工具）
6、熟悉MES系统测试数据链路对接，熟练使用Microsoft Office进行深度数据统计分析与测试报告撰写",高并发 高可用 BERT Python Java ROS 测试用例 方案设计 性能测试 自动化测试 安全合规 培训 跨部门协作,https://jobs.51job.com/kunshan/172934067.html?s=sou_sou_soulb&t=0_0&req=6099da84b6334c8f7d7d5f88fb350db5
嵌入式软件工程师（昆山）,净能科技（嘉兴）,1.5-3万·13薪,昆山,昆山,本科,3年及以上,2026-07-03 08:50:14,job51,"岗位职责：
1、 负责储能系统中嵌入式软件的开发与优化，确保系统稳定运行；
2、参与整个产品开发周期，包括需求分析、系统设计、代码、测试和技术文档编写；
3、 与硬件团队协作，进行软硬件联调与问题定位；
4、 编写技术文档，支持产品交付与后续维护。

任职要求：
1、全日制本科及以上学历，电子工程、计算机科学或相关专业；
2、 3年及以上嵌入式软件开发经验，熟悉C/C++语言；
3、精通STM32系列芯片嵌入式软件开发，熟练USB、UART、SPI、I2C等底层驱动开发，熟悉RTOS、Linux等操作系统，实现传感器数据采集、处理、无线传输（LoRa、WiFi）。
4、能独立完成上位机界面开发者优先。
5、具备储能系统或电力电子相关项目经验者优先；
6、具备良好的逻辑思维和问题解决能力。
7、具备良好的沟通能力和团队合作精神。",C++ STM32 UART SPI I2C RTOS Linux LoRA WiFi 需求分析 技术文档 数据采集,https://jobs.51job.com/kunshan/169695184.html?s=sou_sou_soulb&t=0_0&req=6099da84b6334c8f7d7d5f88fb350db5
嵌入式硬件工程师,腾飞科技,1-1.5万,昆山,昆山,本科,1年及以上,2026-06-15 16:48:55,job51,"1. 独立完成电路原理图设计、PCB Layout（2-4层板），熟练对接嘉立创等供应链平台，跟进PCB打样、SMT贴片及焊接测试全流程。
2. 软硬联调与优化：负责软硬件联调，解决信号干扰、功耗优化及生产一致性等问题，确保产品性能达标。
3. 技术协作：与结构工程师紧密配合，将电子元器件集成到智能服装中，参与产品定义与技术评审。

学历背景：本科及以上学历，电子、通信、自动化、微电子等相关专业。
经验要求：1年以上硬件开发经验，有实际量产或原型机开发经验者优先。
精通 STM32/ESP32 系列芯片PCB设计，熟悉常用的通信外设（I2C, SPI, UART, ADC）。
熟练使用嘉立创EDA、Altium Designer等设计工具，能独立进行PCB设计及BOM整理。
具备扎实的模电数电基础，熟悉常用电子元器件的特性与选型。
具备良好的文档编写习惯，沟通顺畅，具备较强的动手焊接和调试能力。
有智能服装、柔性传感、智能可穿戴项目经验。
熟悉心率（PPG）、心电（ECG）、肌电（EMG）等生物信号采集电路的设计与噪声抑制者优先。",STM32 I2C SPI UART 供应链 文档编写,https://jobs.51job.com/kunshan/172562814.html?s=sou_sou_soulb&t=0_0&req=6099da84b6334c8f7d7d5f88fb350db5
可靠性测试工程师,立芯精密智造（昆山）,7千-1.3万,昆山,昆山,本科,2-4年,2026-06-16 19:58:04,job51,"工作职责：
1.负责切片/推拉力等测试；
2.负责染色的实验操作；
3.负责X-RAY/CT设备的操作；
4. 熟悉各种光学显微镜以及SEM&amp;EDS的操作；
5.熟练处理各类De-cap等；


任职资格
1.2~4年电子类失效分析相关工作经验。
2.熟悉切片流程，可以快速上手切片测试，
3.了解染色/推拉力测试流程，可以单独作业，
4.会操作CT/SEM&amp;EDS/SAT等测试设备，处理UG软件
5.有责任心，积极进取心",RAY amp SEM EDS,https://jobs.51job.com/kunshan/171390056.html?s=sou_sou_soulb&t=0_0&req=7050b6ea36f2ee74a25c8153ba5becda
TCB工程师,立芯精密智造（昆山）,1.8-2.5万,昆山,昆山,大专,3年及以上,2026-07-29 19:57:02,job51,"【工作内容】
1、负责TCB（热压键合）设备的日常操作、参数设置及工艺调试，确保键合质量符合标准；
2、执行晶圆或芯片的精密对准与键合作业，实时监控设备运行状态并记录关键数据；
3、协助工程师进行良率分析，针对异常失效案例提供基础数据支持并参与根因排查；
4、严格遵守无尘室洁净规范，完成设备点检、保养及现场5S管理，保障产线安全高效。

【任职要求】
1、大专及以上学历，电子工程、半导体、材料科学或相关专业背景优先；
2、熟悉半导体封装工艺流程，了解TCB技术原理，有相关产线实习或工作经验者优先；
3、具备较强的动手能力和数据分析能力，能熟练使用Office软件处理生产报表；
4、工作严谨细致，责任心强，能适应无尘室环境及两班倒轮班工作制。",数据分析,https://jobs.51job.com/kunshan/173090011.html?s=sou_sou_soulb&t=0_0&req=7050b6ea36f2ee74a25c8153ba5becda
COB工艺工程师（武汉）,富士康电子工业发展（昆山）,1.5-3万·13薪,昆山,昆山,本科,3年及以上,2026-07-29 08:09:38,job51,"1. 熟练掌握高速光模块COB工艺，熟悉COB制程各类胶水特性，精通COB DIE bonding、wire bonding和耦合设备机台的制程，能够根据光引擎异常快速展开分析定位和解决问题；
2. 工作认真负责，良好的沟通能力及团队协作能力；
3. 有光学设计经验，熟悉光学系统设计的关键参数者；
4. 对通信类光器件有一定了解，熟悉器件相关性能参数；
5. 精通自由空间光学设计、光学部件设计及光路容差分析；
6. 具有独立设计能力，熟练运用Zemax或其他光学软件进行整体光路设计。
岗位职责：
1. 负责200G/400G/800G/1.6T COB的工艺档输出；
2. 负责COB样品调机制作和DOE；
3. 负责COB工艺改善和FA（Failure Analysis）。",DIE bonding wire Failure,https://jobs.51job.com/kunshan/171137812.html?s=sou_sou_soulb&t=0_0&req=7050b6ea36f2ee74a25c8153ba5becda
FA工程师,立讯精密工业,8千-1.5万·14薪,昆山,昆山,大专,3年及以上,2026-07-28 13:53:38,job51,"岗位职责：
1、跨部门协作，紧密配合CQE、研发，完成FAR交付达成；
2、协同FAE确认客户RMA申请合理性；
3、受理并主导客户FA需求，协调内部TE、RD、TQC资源对FA问题深入刨析和定位；
4、跟踪FAR闭环，包括设计问题、物料问题、客户问题、制程问题等；
5、对不同产品FA问题进行归纳总结；
6、对客户提出的问题点做快速反应并提出有效改善措施 ；

任职资格：
1、具备三年及以上制造行业工作经验，熟悉FA或TE或RE兼具沟通和协调能力；
2、熟悉Excel、Word、PPT等相关办公软件的操作； 3、能制定SOP/SIP；
4、能协调资源，沟通各项目工作开展；
5、熟悉使用万用表、示波器、热风枪、烙铁等维修工具；
6、能看懂原理图、并使用电路图能定位故障；
7、3年以上PCBA/FATP维修经验，有笔记本或服务器维修经验优先；
8、能配合加班；
9、能输出FAR报告，定期整理输出案例；
10、有X86服务器测试经验优先；
11、了解测试网络架构，IP分配\IP租期\PXE启动,了解ipmitool、dmidecode等工具常用方法优先。
8. 熟悉CPU\内存\硬盘\网卡的基本测试方法优先",跨部门协作 RD Word SIP,https://jobs.51job.com/kunshan/173066291.html?s=sou_sou_soulb&t=0_0&req=7050b6ea36f2ee74a25c8153ba5becda
PCB样品工程师（沪利微电）,沪士电子,1-1.7万,昆山,昆山,本科,3年及以上,2026-07-08 07:51:51,job51,"【工作内容】
- 负责PCB考试版及样品的制作与调试，确保符合设计要求；
- 协助完成样品测试及性能评估，提供优化建议；
- 与研发团队沟通协作，推动样品快速落地；
- 编制相关技术文档，确保流程规范、记录完整。
【任职要求】
- 本科及以上学历，电子工程、材料科学或相关专业背景；
- 熟悉PCB制造流程及样品制作工艺，具备基本的电路知识；
- 具备良好的沟通能力和团队协作精神；
- 对工作认真负责，有较强的学习能力和责任心。",技术文档,https://jobs.51job.com/kunshan/171728738.html?s=sou_sou_soulb&t=0_0&req=7050b6ea36f2ee74a25c8153ba5becda
飞针测试工程师,昆山格威测电子,6-8.5千,昆山,昆山,大专,3年及以上,2026-08-04 16:30:47,job51,"【工作内容】
1、负责飞针测试设备的日常操作、程序导入及参数优化，确保测试覆盖率与精度达标；
2、执行 PCB 板及元器件的电气性能测试，精准分析开路、短路等失效数据并输出报告；
3、协同研发与工艺部门进行新产品导入（NPI），参与测试方案制定及治具开发验证；
4、维护测试设备运行状态，定期校准仪器，排查并解决产线测试过程中的异常问题。

【任职要求】
1、大专及以上学历，电子工程、自动化或相关专业，熟悉 PCB 电路原理及测试标准；
2、3年以上飞针测试经验，熟练操作HIOKI飞针设备
3、熟悉测试各项参数设置、具备不良分析与异常处理能力
4、负责操作员作业指导、技能培训、制定测试相关作业规范，沟通协调能力良好。",性能测试 培训 PCB NPI,https://jobs.51job.com/kunshan/173148981.html?s=sou_sou_soulb&t=0_0&req=7050b6ea36f2ee74a25c8153ba5becda
磁悬浮硬件经理,江苏烽禾升智能科技,3-6万,昆山,昆山,本科,10年及以上,2026-07-18 11:43:41,job51,"1.	规划硬件架构的定义和设计，包括产生设计文档，输出测试要求文档；
2.	规划硬件子模块的详细设计和原理图设计；
3.	主导子模块的PCB layout, 物料跟踪，焊接，测试/调试等入库等工作；
4.	配合机械结构，软件部门共同完善产品。
职责要求
1.	理工科专业背景，至少10年以上硬件设计相关工作经验；
2.	熟悉模拟电路设计，在运放设计，模拟走线/屏蔽，模拟数字供地和干扰问题解决方面有相关经验；
3.	熟悉基本的基于芯片的数字电路设计经验，如DSP/FPGA/ARM。有过高速电路设计的会优先考虑(板上频率50M以上)；
4.	熟悉功率电路的设计，如MOSFET, IGBT, IPM等。在消除开关噪声，共模/差模干扰屏蔽有相关经验；
5.	具有扎实的模拟电路理论功底，可以进行电路的误差分析，精度计算等理论分析，并具备电路的仿真能力；
6.	熟悉Cadence或者AD设计工具；
7.	熟悉硬件开发流程；
8.	了解FPGA的应用开发技术；
9.	责任心强，具备良好的沟通表达能力和团队合作意识；
10.	具备一定的技术领导力。",DSP FPGA ARM IGBT,https://jobs.51job.com/kunshan/172959183.html?s=sou_sou_soulb&t=0_0&req=7050b6ea36f2ee74a25c8153ba5becda
研发工程师（沪利微电）,沪士电子,1.2-1.6万,昆山,昆山,本科,5年及以上,2026-07-06 17:01:33,job51,"【工作内容】
- 参与公司新产品开发与技术研究，推动产品性能优化与创新；
- 协助完成产品设计、测试及调试工作，确保项目按计划推进；
- 与团队协作，进行技术方案的讨论与实施，提升整体研发效率；
- PCB行业大厂五年工作经验；熟悉高多层PCB,HDI产品的工艺流程。
- 具备PCB产品研发经验，或者表面处理、影像制程的工艺经验
【任职要求】
- 本科及以上学历，电子工程、微电子、计算机等相关专业；
- 对半导体、集成电路或相关领域有浓厚兴趣，具备良好的学习能力；
- 具备良好的沟通能力和团队合作精神，责任心强；
- 拥有较强的问题分析与解决能力，能独立完成任务。",产品设计 技术方案,https://jobs.51job.com/kunshan/170251154.html?s=sou_sou_soulb&t=0_0&req=7050b6ea36f2ee74a25c8153ba5becda
采购工程师,苏州易为联科电子科技,7-9千·13薪,昆山,昆山,本科,3-5年,2026-07-17 16:49:02,job51,"岗位职责：
1、开发供应商、管理、评价供应商
2、下采购订单、跟进物料到货
3、跟踪各品类电子料市场趋势、行业动态、定期总结输出报告、计算PCBA的成本以及线束的成本，完成年度降本
4、针对风险物料能及时提供解决方案，避免断线和缺料风险
5、对供应商定期进行绩效评估，引入和优化系统内供应商资源
6、领导安排的其他工作
任职要求：
1、本科及以上学历， 专业不限
2、3-5年电子料采购经验
3、负责电子料资源的开发和采购，对电子料市场有一定的了解
4、能够识别物料状态，对电子料（主被动芯片、MCU、IC、CPU、FLASH、晶振、模块、阻容感等）具有一定的专业性和资源，配合研发共同完成器件方案的选型、成本及供应评估，保证后续批量物料的正常交付和降本工作，同时主动寻找降本机会并推动落地
5、熟悉线束区域的电线、端子、插件等",MCU 采购 IC CPU FLASH,https://jobs.51job.com/kunshan/172954221.html?s=sou_sou_soulb&t=0_0&req=7050b6ea36f2ee74a25c8153ba5becda
pcb硬件测试工程师,沪士电子,1.3-1.5万·13薪,昆山,昆山,本科,无需经验,2026-07-08 14:04:21,job51,"1.测试芯片性能、功能是否完好，进行电路板信赖性测试
制定S.O.P，控制计划等标准作业规范,评估新机台，新物料，新流程，提升制程能力
2.CAM数据处理,模具测试数据制作,审核.模具制作软件认可与二次开发.
工作要求：
1.本科以上学历，计算机或理工类相关专业，CET-6，应届生也可。",O.P CET-6,https://jobs.51job.com/kunshan/172838097.html?s=sou_sou_soulb&t=0_0&req=7050b6ea36f2ee74a25c8153ba5becda
销售工程师（技术型B端销售）,倍科质量技术服务（昆山）,10-20万/年,昆山,昆山,本科,1年及以上,2026-07-01 18:13:30,job51,"职位描述: 
1、负责消费类电子产品,照明、新能源充电桩、汽车电子、芯片的认证的销售工作，涉及电子电器类，芯片，具身智能产品，无人机、机器人、AI产品、无线通讯类、手机、手表，家用商用电器，消费及家用音视频电子产品，信息技术类，电源类，光源，灯具，镇流器类，电动工具，半导体光器件，光纤通讯类通讯类、小家电、LED、汽车电子等 
2、独立完成询价、报价方案，完成商务合同的签订，监控项目顺利进行并完成合同回款； 
3、依托电话和客户拜访的方式开发华东市场，促成新客户合作； 
4、有效执行公司的销售计划并达成既定的销售目标
5、维护和开拓新的销售渠道，开发新的客户，自主开发以及拓展客户的上下游，做到不断的裂变客户； 
6、负责部分老客户的维护与拓展；建立并维护与客户的密切关系并拓展与客户合作领域，维护长期合作关系； 
7、根据客户需求与工程部门协调跟进案件的进展。处理客户对测试程序、进度、结果、收费的查询;与各部门进行内部沟通，处理客户反馈的问题，保证整个项目案件的顺利完成 

任职要求： 
1、本科学历。
2、开发B端客户的销售经验优先；
3、丰富的营销经验和优秀的实战业绩，较强的市场开拓能力和运作能力；
4、具备较强的人际沟通、协调能力，分析和解决问题的能力； 
5、有较强的事业心。",LED,https://jobs.51job.com/kunshan/172760764.html?s=sou_sou_soulb&t=0_0&req=7050b6ea36f2ee74a25c8153ba5becda
相机与深度系统工艺工程师,利优科技资讯服务（深圳）,3.5-7万,昆山,昆山,,7年及以上,2026-07-20 17:55:57,job51,"Camera and Depth Systems Process Engineer
英文: 流利溝通
Description
The Meta Camera and Depth focuses on developing and building the state-of-art cameras for MR, AR and wearable products, which gives people the power to build community and bring the world closer together. The camera and depth systems productization team is responsible for end-to-end module delivery and execution, process technology development and maturation, design, novel manufacturing processes and system integration of all Meta Camera and Depth products.
The team is looking for an experienced and self driven Camera Module Process Engineer. The engineer will work with cross functional teams on E2E module delivery and execution at Module Integrator/Factory, process technology validation and process bring-up, lead the development, qualification, failure analysis, corrective actions and implementation of the technology in Meta’s Camera and Depth modules. The Employee is accountable for the entire lifecycle of the module, from initial concept through to production, with a strong emphasis on aligning design and simulation with actual build data, ensuring the module is delivered to specifications.

Responsibilities
●	Technical leadership and ownership, serving as the primary point of contact for all technical aspects of the camera and depth module assembly process.
●	Lead end-to-end module process delivery and execution as per module engineering requirements and specifications.
●	Work with internal cross-functional teams and contract manufacturer camera module integrators on DFM and camera module assembly NPI bring-up.
●	Lead failure analysis and corrective actions in camera module NPI builds, troubleshoot /debug assembly, process and manufacturing issues, and yield improvement.
●	Analyze NPI build data, prepare and summarize NPI build reports, end-to-end IQC-OQC correlation studies utilizing advanced data analysis tools such as JMP, Python.
●	Regularly report on progress, challenges/escalations, and successes to leadership and other stakeholders.
●	Drive novel camera and depth NTI technologies with suppliers and implement them in mass production.
●	Up to 50% travel to vendors required. 



Minimum qualifications
●	BS degree in Materials Science, Manufacturing Engineering, Mechanical Engineering, Physics or a related technical discipline, or equivalent experience.
●	5+ years of experience in camera module engineering, manufacturing, active alignment, metrology, testing to verify imaging component, assembly and system level performance.
●	Experience with high-volume consumer electronics manufacturing, partnering with offshore suppliers and contract manufacturers.
●	Effective communication and cross-functional collaboration skills.
●	Ability to travel both domestically up to 50% time.
●	Demonstrated solving engineering problems capability.
●	Knowledge of data analysis techniques.


Preferred qualifications
●	MS degree in Materials Science, Manufacturing Engineering, Mechanical Engineering, Physics or a related technical discipline, or equivalent experience.
●	5-7 yrs experience in camera systems and processes. Deep knowledge in process engineering, Packaging, Electroless plating, Painting, SMT, COB, FC, Molding, Adhesives, Coatings, Optics and Systems engineering experience is a plus. 
●	Camera module manufacturing processes and production testing 
●	Mechanical tolerance analysis experience
●	Proficiency in advanced statistical data analysis using Minitab or JMP.
●	Understanding of FACA and chemical and physical characterization techniques (SEM/EDX, Raman, FTIR, XRF, ICP-MS, GC-MS)

相机与深度系统工艺工程师
需求待定描述
Meta 相机与深度技术专注于为混合现实（MR）、增强现实（AR）和可穿戴产品开发和制造***的相机，这使人们能够建立社区，并让世界更加紧密地联系在一起。相机和深度系统产品化团队负责所有 Meta 相机和深度产品的端到端模块交付和执行、工艺技术开发和成熟度提升、设计、新颖的制造工艺以及系统集成。
该团队正在寻找一位经验丰富且具有自我驱动力的相机模块工艺工程师。该工程师将与跨职能团队合作，在模块集成商/工厂进行端到端模块交付和执行，进行工艺技术验证和工艺引入，领导 Meta 相机和深度模块技术的开发、验证、故障分析、纠正措施和实施。员工负责模块的整个生命周期，从初始概念到生产，特别强调将设计和模拟与实际构建数据相匹配，确保模块符合规格要求。
职责
● 技术领导与负责权，作为相机及深度模块组装流程中所有技术方面的主要联络点。
● 按照模块工程要求和规范，负责整个模块流程的交付与执行。
● 与内部跨职能团队以及合同制造商的相机模块集成商合作，进行设计验证与相机模块量产启动工作。
● 在相机模块量产过程中领导故障分析及纠正措施，解决/调试组装、工艺和制造问题，并提高良率。
● 分析量产数据，准备并总结量产报告，利用诸如 JMP、Python 等高级数据分析工具进行端到端的首件检验-最终检验关联研究。
● 定期向领导层和其他利益相关者汇报进度、挑战/升级情况以及成功经验。
● 与供应商合作推动新颖的相机和深度 NTI 技术，并将其应用于大规模生产。
● 至少 50% 的时间需前往供应商处工作。


最低任职要求：
● 拥有材料科学、制造工程、机械工程、物理学或相关技术领域的学士学位，或具有同等工作经验。
● 至少 5 年的相机模块工程、制造、主动对准、测量、测试（以验证成像组件、组装及系统级性能）方面的经验。
● 有大规模消费电子产品制造经验，能够与海外供应商和合同制造商合作。
● 具备有效的沟通和跨职能协作能力。
● 能够在国内出差，出差时间占比达 50%。
● 具备解决工程问题的能力。
● 熟悉数据分析技术。

优先条件
● 拥有材料科学、制造工程、机械工程、物理学或相关技术学科的硕士学位，或具有同等工作经验。
● 拥有 5 至 7 年的相机系统及工艺方面的经验。在工艺工程、包装、化学镀、喷漆、表面贴装技术、芯片级封装、光纤连接、注塑、胶粘剂、涂层、光学和系统工程方面拥有深厚的知识经验者优先。
● 相机模块制造工艺及生产测试
● 机械公差分析经验
● 熟练掌握使用 Minitab 或 JMP 进行高级统计数据分析。
● 理解 FACA 及化学和物理表征技术（扫描电子显微镜/能谱仪、拉曼光谱、傅里叶变换红外光谱、X 射线荧光光谱、电感耦合等离子体质谱、气相色谱质谱）",Gin ROS Python Scala Electron 合规 数据分析,https://jobs.51job.com/kunshan/172976592.html?s=sou_sou_soulb&t=0_0&req=7050b6ea36f2ee74a25c8153ba5becda
自动化工程师（500强制造业）,立芯精密智造（昆山）,1.2-2.4万·14薪,昆山,昆山,本科,3年及以上,2026-06-16 11:33:20,job51,"公司：世界500强制造业
行业：消费电子
产品：SMT贴片、芯片封装
地点：昆山淀山湖

【工作内容】
- 负责非标自动化设备的方案设计、开发与调试；
- 参与SMT设备的选型、安装及优化，提升生产效率；
- 编写和维护PLC程序，确保设备稳定运行；
- 与团队协作完成项目需求分析、技术方案制定及现场实施；
- 提供技术支持，解决设备运行中的技术问题。
【任职要求】
- 本科及以上学历，自动化、电气工程或相关专业；
- 3年以上非标自动化设备开发经验，熟悉SMT设备原理与应用；
- 精通PLC编程（如西门子、三菱等），具备良好的逻辑思维能力；
- 具备较强的学习能力和团队协作精神，能适应出差；
- 有相关行业经验者优先，能独立完成项目者优先。",方案设计 需求分析 技术方案 技术支持,https://jobs.51job.com/kunshan/171336442.html?s=sou_sou_soulb&t=0_0&req=7050b6ea36f2ee74a25c8153ba5becda
质量工程师 (MJ000818),思特威（上海）电子科技,1.5-2.5万,昆山,昆山,本科,3年及以上,2026-07-03 10:33:11,job51,"岗位职责：
1.对接客户质量诉求、客诉处理，按时输出整改报告
2.负责过程检验中异常产品的根因分析、风险评估及全流程管控，输出异常分析报告并推动闭环；
3.主导来料异常跟进、内部质量稽核、制程审核、推动问题整改及体系持续优化
4.负责全流程制程质量监控，建立制程质量控制点、控制计划，主导良率管控、低良率异常跟进提升
5.主导产线批量异常、制程不良、工艺变异问题排查、根因分析与闭环改善
6.推行 IATF16949车规相关质量要求，维护制程质量体系文件
7.配合客户第三方审核、厂内稽核准备与问题整改闭环
8.建立质量知识库，沉淀典型失效案例、改善对策，标准化预防，重复问题归零管控


岗位要求：
1.全日制本科及以上学历，微电子、半导体、电子工程等相关专业优先
2.三年以上半导体 / 电子行业质量经验；有晶圆厂（FAB）、封测、芯片设计公司 PQE/PIE/SQE经验优先。
3.熟悉IATF16949体系、熟练使用各类质量管理工具（包括Control plan,FMEA, MSA, 8D，5why等），具备失效分析，可靠性测试等相关技能
4.熟悉车规产品质量标准、FT测试流程及常见质量问题分析方法",知识库 FAB PQE PIE FMEA MSA,https://jobs.51job.com/kunshan/171931415.html?s=sou_sou_soulb&t=0_0&req=7050b6ea36f2ee74a25c8153ba5becda
嵌入式软件开发工程师,江苏依珂诺汽车科技,7千-1.3万,昆山,昆山,本科,1年及以上,2026-06-25 13:27:43,job51,"【工作内容】
1. 负责汽车电子、电机驱动、蓝牙智能类产品的单片机软件开发，完成需求分析、方案设计、代码编写、调试测试、优化维护全流程工作；
2. 负责电机控制算法的设计、实现与调试，包括BDC/BLDC电机的PID控制、无感控制、闭环控制等，完成电机驱动程序的开发与优化；
3. 负责蓝牙通信功能的开发，包括蓝牙BLE/经典蓝牙的协议栈移植、应用层开发、数据透传、OTA升级、低功耗优化等功能的实现与调试；
4. 负责汽车级产品的软件开发，包括车载MCU的外设驱动、CAN/LIN总线通信、车载功能安全相关的软件设计与开发，符合汽车电子行业标准；
5. 负责产品的硬件与软件联调，配合硬件工程师完成硬件方案的验证与优化，解决产品开发过程中的各类软硬件协同问题；
6. 负责产品的测试与问题修复，配合测试工程师完成单元测试、集成测试、系统测试，快速定位并解决测试过程中发现的软件问题；
7. 负责技术文档的编写与维护，包括需求规格说明书、软件设计文档、代码注释、测试报告、用户手册等，确保文档的完整性与准确性；
8. 对接客户与供应商，完成技术方案的沟通、需求对接、技术支持，解决客户现场的技术问题，配合供应商完成芯片、器件的选型与验证；
9. 跟踪行业前沿技术，包括单片机、电机控制、蓝牙、汽车电子相关的新技术、新方案，完成技术预研与产品升级优化；
10. 完成上级交办的其他研发相关工作任务。
【经验要求】
有实习/1年左右单片机软件开发相关工作经验、学校参加过电赛开发经验者优先；有电机控制、蓝牙通信、汽车电子行业开发经验者优先；有完整的车载电子产品、电机驱动产品、蓝牙智能产品开发落地经验者优先。
【任职要求】
1. 精通C/C++编程语言，熟练使用keil，具备良好的代码规范与编程习惯，能独立完成复杂嵌入式系统的代码开发与调试；
2. 精通主流单片机的外设驱动开发，包括GPIO、UART、SPI、I2C、ADC、PWM、定时器等，能快速完成芯片级驱动移植与开发；
3. 具备扎实的电机控制理论基础，能独立完成BDC/BLDC电机的控制算法设计、仿真、实现与调试，解决电机运行过程中的异响、抖动、效率等问题；
4. 精通蓝牙协议栈架构，能独立完成蓝牙应用层开发、功能调试，解决蓝牙通信过程中的连接稳定性、数据传输、功耗等问题；
5. 熟悉汽车电子开发流程，有车载MCU开发、CAN/LIN总线开发、车载功能安全开发经验，能独立完成汽车级产品的软件需求分析、设计、实现与验证；
6. 具备良好的问题排查与解决能力，能快速定位并解决软件开发、调试、测试过程中的各类技术问题；
7. 具备良好的文档编写能力，能独立完成需求规格说明书、设计文档、测试报告、用户手册等技术文档的编写；
8. 具备良好的沟通协调能力，能对接客户、硬件、测试、生产等部门，完成项目全流程的技术对接与落地。
9.积极主动，责任心强，工作踏实，有较好的抗压能力；具备良好的逻辑思维能力、问题排查能力，对嵌入式开发有浓厚的兴趣，具备良好的团队协作能力。",单片机 MCU CAN C++ UART SPI I2C 需求分析 方案设计 技术文档 技术方案 技术支持 文档编写,https://jobs.51job.com/kunshan/172686366.html?s=sou_sou_soulb&t=0_0&req=7050b6ea36f2ee74a25c8153ba5becda
销售工程师（灯具、新能源）,倍科质量技术服务（昆山）,10-20万/年,昆山,昆山,本科,1年及以上,2026-07-01 18:03:34,job51,"职位描述: 
1、负责消费类电子产品,照明、新能源充电桩、汽车电子、芯片的认证的销售工作，涉及电子电器类，芯片，具身智能产品，无人机、机器人、AI产品、无线通讯类、手机、手表，家用商用电器，消费及家用音视频电子产品，信息技术类，电源类，光源，灯具，镇流器类，电动工具，半导体光器件，光纤通讯类通讯类、小家电、LED、汽车电子等 
2、独立完成询价、报价方案，完成商务合同的签订，监控项目顺利进行并完成合同回款； 
3、依托电话和客户拜访的方式开发华东市场，促成新客户合作； 
4、有效执行公司的销售计划并达成既定的销售目标
5、维护和开拓新的销售渠道，开发新的客户，自主开发以及拓展客户的上下游，做到不断的裂变客户； 
6、负责部分老客户的维护与拓展；建立并维护与客户的密切关系并拓展与客户合作领域，维护长期合作关系； 
7、根据客户需求与工程部门协调跟进案件的进展。处理客户对测试程序、进度、结果、收费的查询;与各部门进行内部沟通，处理客户反馈的问题，保证整个项目案件的顺利完成 

任职要求： 
1、本科学历。
2、开发B端客户的销售经验优先；
3、丰富的营销经验和优秀的实战业绩，较强的市场开拓能力和运作能力；
4、具备较强的人际沟通、协调能力，分析和解决问题的能力； 
5、有较强的事业心。",LED,https://jobs.51job.com/kunshan/172760620.html?s=sou_sou_soulb&t=0_0&req=7050b6ea36f2ee74a25c8153ba5becda
检测销售（昆山）,北京远大创新科技,6千-1万,昆山,昆山,大专,1-3年,2026-07-21 14:13:27,job51,"岗位职责：
1、负责创芯检测推广（芯片检测、可靠性测试、DPA检测、产品测试等测试）的市场销售与推广工作，开拓新客户、维护老客户，完成公司下达的销售业绩指标。
2、对接终端企业、贴片工厂、科研院所、芯片原厂等目标客户群体，挖掘客户检测项目需求，提供适配的检测客户测试解决方案。
3、负责销售全流程跟进，包括客户洽谈、产品报价、合同签订、订单跟进、回款落地，协调售前售后团队解决客户问题，保障客户合作体验。
4、收集行业市场动态、竞品信息、客户需求变化，定期反馈市场数据，协助公司优化产品推广策略与销售方案。
5、维护长期稳定的客户合作关系，深耕存量客户，挖掘复购、增购及转介绍资源，搭建区域行业客户资源体系。
6、配合公司展会、线上推广、渠道招商等营销活动，完成产品宣讲、客户接待、意向客户转化等工作。

任职要求：
1、大专及以上学历，电子、通信、自动化等相关专业；
2、形象气质良好，沟通表达流畅，可接受适度出差；
3、有检测行业销售经验，终端客户销售经验、电子行业等相关客户资源、渠道资源者优先；
3、有优秀的销售业绩记录，过往有设备类销售、To B端销售成功案例者优先；
4、诚实敬业，有强烈的抗压性和责任心，团队精神佳。",To,https://jobs.51job.com/kunshan/172985840.html?s=sou_sou_soulb&t=0_0&req=7050b6ea36f2ee74a25c8153ba5becda
伺服驱动器软件开发工程师,苏州特点电子科技,2-3万,常熟,常熟,本科,5年及以上,2026-07-24 08:51:06,job51,"关于您的职位描述：
1、 负责伺服驱动器控制软件功能开发和完善；
2、 负责伺服驱动器整机应用测试；
3、 负责客户技术支持及客户培训。

我们期待的您：
1、5年以上相关工作经验；
2、有伺服驱动软件开发经验者优先；具备交流伺服驱动、电机控制等相关理论知识；熟悉DSP\FPGA等芯片的基本架构和编程知识；
3、能配合加班及出差，具良好的团队合作意识；
4、本科及以上学历，电气工程及其自动化、电子信息工程、计算机等相关专业。

您将拥有：
1. 广阔的发展前景；
2. 完善的薪酬体系；
3. 畅通的晋升渠道；
4. 良好的福利待遇；
5. 优美的工作环境；
6. 融洽的工作氛围。

苏州特点电子科技有限公司期待您的加入！",DSP FPGA 技术支持 培训,https://jobs.51job.com/changshu/139711427.html?s=sou_sou_soulb&t=0_0&req=c12de8753ebc8fb498364140460a0db0
ATE测试工程师,弘润半导体（苏州）,1-1.8万·13薪,常熟,常熟,本科,1年及以上,2026-07-08 11:13:43,job51,"岗位职责：
职责一：测试方案开发与实现
1）独立完成基于ATE（如Teradyne J750，Chroma3380/3360P，ACCOSTS8200/8300等）的测试程序开发、调试与验证；
2）负责测试接口板（Loadboard,
Probe Card）的原理图设计和PCB布局检查，并能独立完成硬件调试和故障分析；
3）制定和完善测试规范（TestPlan）和标准操作流程（SOP）；
职责二：数据分析
1）主导新产品的初测（***
Silicon Bring-up）和良率评估工作；
2）运用数据分析工具（如Excel, SA_StdfAnalyzer、Minitab等）进行深度数据挖掘，完成统计性分析（如相关性分析、CPK计算、Guard-band设置）；
职责三：量产支持与效率提升
1） 监控量产测试良率，快速响应并解决产线出现的测试异常和良率问题；
2）持续优化测试程序，提升测试效率（UPH）、降低测试成本（Cost Down）；
3）与生产团队和供应商密切合作，确保测试环境的稳定性和测试数据的一致性；
职责四：跨部门协作与沟通
1）与测试设备、测试工程、计划等团队高效协作；
2）支持客户相关的技术问题，提供必要的测试数据和技术解释。
岗位要求：
1. 电子工程、微电子、通信、自动化、机电等相关专业；
2. 熟悉Perl, VB, C，C++，.Net等语言，能够独立完成程序开发； 熟悉数字、混合信号或RF芯片的测试原理和方法；
3. 1年以上集成电路测试方案开发经验，熟练掌握至少一种主流ATE平台（Advantest 93K 或
Teradyne J750/ Chroma 3380/3360P，ACCO STS8200/8300 优先）的编程和调试；
4. 具备英语阅读能力，可以看懂英文技术文档；
5. 良好的职业操守及团队合作精神，有带领团队能力者优先。
职位福利：五险一金、上五休二、年底双薪、带薪年假、免费工作餐、定期体检、员工旅游、生日福利、节日福利等",Perl C++ 数据分析 跨部门协作 技术文档 J750 Chroma3380 ACCOSTS8200,https://jobs.51job.com/changshu/167717717.html?s=sou_sou_soulb&t=0_0&req=c12de8753ebc8fb498364140460a0db0
CP测试设备工程师,弘润半导体（苏州）,9千-1.5万·13薪,常熟,常熟,大专,3年及以上,2026-07-15 13:12:45,job51,"岗位职责：
1、建立并完善设备管理体系，建立设备档案，对设备管理体系的执行效果负责；
2、负责设备的安装、调试、验收，制订操作规程和维护保养指导书，培训操作人员；
3、制订设备年度保养计划，做好设备预防性周期维护保养及故障维修工作，对执行效果负责；
4、对设备的停机率进行分析，制订改善计划，有效提高设备利用率，制订备件备品的清单，对新设备选型提供有效的建议；
5、上级领导安排的其他任务。

岗位要求：
1、大专及以上学历，机电自动化等相关专业优先；
2、有CP测试设备（TEL等）维修经验三年以上；
3、长白班，上五休二。

职位福利：五险一金、年底双薪、免费工作餐、带薪年假、定期体检、员工旅游、节日福利等",培训,https://jobs.51job.com/changshu/162718618.html?s=sou_sou_soulb&t=0_0&req=c12de8753ebc8fb498364140460a0db0
电子工程师,苏州三泰测控技术,6.5千-1.2万·13薪,常熟,常熟,本科,1年及以上,2026-06-26 16:11:58,job51,"【工作内容】
- 参与电子产品的设计、开发及测试工作，确保产品符合技术规范；
- 协助完成电路设计、PCB布局及样品调试；
- 与团队协作，解决产品在研发和生产过程中出现的技术问题；
- 编写相关技术文档，支持产品认证与量产准备。
【任职要求】
- 电子测控工程、通信工程或相关专业本科及以上学历；
- 熟悉模拟/数字电路设计，具备基本的硬件调试能力；
- 了解常用电子元器件特性及应用；
- 具备良好的沟通能力和团队合作精神，能适应快节奏的工作环境；
- 1年以上工作经验。",技术文档,https://jobs.51job.com/changshu/167379108.html?s=sou_sou_soulb&t=0_0&req=c12de8753ebc8fb498364140460a0db0
设备工程师（光刻）,苏州臻芯微电子,8千-1.5万·13薪,常熟,常熟,本科,3年及以上,2026-07-20 14:20:13,job51,"岗位职责：
1.负责黄光区光刻工艺相关设备的日常维护保养及相关SOP的建立；
2.负责黄光区设备的日常维护保养、异常处理；
3.维护所属设备运行稳定性，减少工艺缺陷，减少报废率；
4.通过设备的硬件及软件改善，持续提高UT；
5.负责助理工程师设备维修保养培训等工作；
任职要求：
1.本科以上学历，自动化等相关专业；
2.三年及以上相关行业经验，有Nikon光刻机维修保养经验优先；
3.具备一定的英语听说、读、写能力，自主学习和创新能力较强；
4.熟悉办公软件的应用。",培训,https://jobs.51job.com/changshu/157285764.html?s=sou_sou_soulb&t=0_0&req=c12de8753ebc8fb498364140460a0db0
PCB设计工程师（常熟一厂）,苏州金像电子,8千-1万,常熟,常熟,本科,无需经验,2026-07-21 16:43:35,job51,"要求：
1.本科学历,不限专业;英语四级或以上;
2.具有1年以上PCB设计工作经验（非硬性要求，可接受应届生）;
3.吃苦耐劳，有团队精神，需要配合上夜班（3个月白班，1个月夜班）

工作内容：
1.工单设计数据制作、复检、MECN修改等
2.将客户Gerber input至Genesis系统
3.执行DRC(Design Rule Check)分析并完成DRC报告, 针对客户原稿Gerber设计提出工程问题
4.接受8:00-20:00，上六休一工作时间",Rule Check,https://jobs.51job.com/changshu/157590901.html?s=sou_sou_soulb&t=0_0&req=c12de8753ebc8fb498364140460a0db0
实验室测试工程师,新世电子（常熟）,5-8.5千,常熟,常熟,大专,1年及以上,2026-07-03 11:33:53,job51,"工作内容：
1.负责电池cycle life循环寿命测试或者ORT可靠性测试
2.test plan解读、测试⼿法沟通以及转化为实验室内部测试⽂件、负责测试执⾏与数据分析
3.周报编制和FA报告整理，以及应对每周客户稽核
任职要求：
1.细心、态度积极
2.良好的英⽂读写能⼒，CET4及以上优先
3.具有电⽓类相关专业或⼯作背景
4. 具有良好的沟通协调能力
5.可配合加班",数据分析 test,https://jobs.51job.com/changshu/147796348.html?s=sou_sou_soulb&t=0_0&req=c12de8753ebc8fb498364140460a0db0
作业员,苏州臻芯微电子,6.5-8千·13薪,常熟,常熟,中技/中专,1年,2026-06-16 16:37:57,job51,"1、服从生产管理，严格按照培训内容操作机台；
2、能够对生产异常及时有效通报；
3、完成生产线每日的产能目标；
4、负责其区域的6S管理。
岗位要求：
1、中专以上学历，专业不限；
2、能适应两班倒及无尘室工作环境、会半导体机台操作；
3、有较强的学习能力和抗压能力，勤奋踏实，诚信敬业，有团队精神，有较长的责任心及执行力；
4、大型制造型企业工作经验，1年以上LCD行业或微电子、半导体行业工作经验。",培训,https://jobs.51job.com/changshu/149769435.html?s=sou_sou_soulb&t=0_0&req=c12de8753ebc8fb498364140460a0db0
电子工程师,均创人力资源（常州）,2.2-4万,常熟,常熟,本科,5年及以上,2026-06-15 13:37:33,job51,"工作职责：
1. 分析系统需求、硬件需求、客户技术需求，确定项目的可行性；686868
2. 独立自主设计电路系统，绘制电路原理图，PCB layout,BOM release
3. 独立分析分析电路参数，元器件选型
4. 熟悉NXP,ST,Infineon等的MCU芯片及其端口配置
5. 编写产品技术规范，WCCA, DFMEA，硬件设计说明，功能规范等技术文档
6. 协助EMC工程师编制EMC测试计划，整改问题，改善产品性能
7. 独立编制Work Instruction (WI)等
8. 协调及沟通内外的技术问题
9. 作为Leader，独立带领团队完成项目的开发设计
任职要求：
1.懂嵌入式系统设计经验
2.懂电气工程布图、pcb设计和电路仿真设备知识
3.懂二维码图纸
4.有汽车行业的工作经验。
工作地：常熟或者上海",MCU 技术文档 测试计划 PCB BOM ST WCCA DFMEA,https://jobs.51job.com/changshu/158798554.html?s=sou_sou_soulb&t=0_0&req=c12de8753ebc8fb498364140460a0db0
Senior Electronics Engineer 高级电子工程师,江苏费森尤斯医药用品,1-2万·13薪,苏州,常熟,本科,5-7年,2026-07-21 17:14:46,job51,"At Fresenius Medical Care, we are the global leader in kidney care, committed 
to improving the lives of patients with chronic kidney disease. Our mission is 
to deliver high-quality, innovative products, services, and care across the 
entire healthcare journey. Guided by our vision—“Creating a future worth 
living. For patients. Worldwide. Every day.”—we work with purpose and 
compassion, supported by a global team of over 112,000 employees.
 
Within our Care Enablement segment, we develop and provide life-sustaining 
medical products, digital health solutions, and therapies that empower clinical 
teams and improve patient outcomes. Our FME Reignite strategy drives 
transformation through innovation, efficiency, and sustainable growth. Our 
values guide how we work:
• We Care for our patients, each other, and our communities 
• We Connect across teams and borders to deliver excellence together 
• We Commit to doing things the right way— growing with purpose and leading 
kidney care with integrity and innovation
• 
Information about plant:

At our Changshu plant in China, we specialize in the manufacturing of 
essential products for dialysis therapy, including dialyzers, Sterile 
Solutions, bloodline sets, HD machines, injection and extrusion components. 
With a skilled team of 800 employees, our Plant operates key production 
technologies such as injection molding and extrusion, Dialysis and auto 
assembly etc. This site plays a vital role in Fresenius Medical Care’s 
commitment to enhancing patient care worldwide. Join our passionate team and be 
part of this global impact!



Job Responsibilities:

Main Tasks
1.Design and develop electronics parts (PCBA, sensor, camera, wireless, cable, 
etc.) for HD Machine products2.Perform in the whole development process 
including design specifications, design evaluation, design reviews, test and 
inspection methods, design transfer and OEM co-ordination. Professional design 
documents creation and review.3.Provide/select technical solution for product 
design; Make electronics design based on system requirements and relevant 
standards (e.g. IEC-60601) independently, including schematics design, layout 
design, bills of materials, engineering testing, manufacturing processes, 
debugging and improvement.4.implement design and other engineering activities 
during projects &amp; routine EE tasks, like create and maintain components and 
footprint in electronics library in EDA system5.Design and develop jigs and 
fixtures per testing and manufacturing requirements
Team and Project
1.Support Line Manager to develop the technical skills of the electronic team2.
Support project electronic team - complete the development tasks3.Setting up 
and maintaining an electronics development environment(tools and devices, like 
EDA systems (e.g. PULSONIX, ORCAD* Altium Designer), etc)Job Requirements:1.Be 
familiar with programming in embedded C/C++2.Experience with digital and analog 
signal processing3.Experience with high-end digital processor (e.g. ARM based 
chip, like C01tex-A9)4.Experience with Human Machine Interfaces 
(resistive/capacitive touch systems) in medical systems5.Experience with EMS 
provider (Jabil, Plexus, etc.)6.Fluent in both spoken and written English and 
Chinese and excellent communication skills
8. Minimum Bachelor Degree in electronics engineering or related degree

9. 5 years of experience in electronics design.",ROS Git Electron Gin C++ ARM,https://jobs.51job.com/suzhou/172669669.html?s=sou_sou_soulb&t=0_1&req=c12de8753ebc8fb498364140460a0db0
高级电子工程师（医疗器械）,常熟英格玛企业管理服务,1-2万,常熟,常熟,本科,3年及以上,2026-08-07 13:58:42,job51,"一、产品设计与开发
1.为HD Machine产品设计并开发电子元件，包括PCBA、传感器、摄像头、无线模块、电缆等核心部件；
2.根据系统需求及相关标准（如IEC 60601），独立完成电子电路设计，包括： 
1.原理图设计
2.PCB布局设计
3.物料清单（BOM）编制
4.工程测试与验证
5.制造工艺制定
6.调试及优化改进
3.为产品设计提供或选择技术方案，确保方案满足功能需求与合规要求；
4.根据测试与制造要求，设计并开发专用夹具及工装。
二、开发流程管理
1.参与整个产品开发流程，涵盖： 
7.设计规范制定
8.设计评审
9.设计审查
10.测试与检验方法制定
11.设计移交
12.OEM协调
2.负责专业设计文件的编制与评审，确保文档完整、规范；
3.在EDA系统中创建并维护电子元件库及其引脚布局，保障设计基础数据准确。
三、团队协作与能力建设
1.支持直线经理（LM）提升电子团队整体技术技能水平；
2.支撑项目电子团队，按时保质完成各项开发任务；
3.搭建并维护电子开发环境，包括工具与设备管理，如EDA系统（Pulsonix、ORCAD、Altium Designer等）。
任职要求
学历与专业
2.电子工程、电气工程、自动化或相关专业本科及以上学历。
专业技能
1.熟悉嵌入式C/C++编程；
2.具备数字与模拟信号处理经验；
3.具有高端数字处理器（如基于ARM架构的芯片，如Cortex-A9）相关开发经验；
4.具有医疗系统中人机界面（电阻式/电容式触控系统）的应用经验；
5.熟悉EDA设计工具，包括Pulsonix、ORCAD、Altium Designer等；
6.了解医疗器械相关标准（如IEC 60601）。
经验要求
1.具有EMS服务提供商（如Jabil、Plexus等）合作或管理经验者优先；
2.具有医疗器械行业电子研发经验者优先。
综合素质
1.具备独立承担电子电路设计全流程的能力；
2.具有良好的跨部门沟通协调能力；
3.具备团队合作精神，能够有效支持团队技术能力提升；
4.工作态度严谨，注重设计质量与合规性。

薪资待遇：5天8小时，五险一金，按照工资全额交，带薪年假，节日福利",C++ ARM 产品设计 技术方案 合规 BOM LM Pulsonix,https://jobs.51job.com/changshu/173190304.html?s=sou_sou_soulb&t=0_0&req=c12de8753ebc8fb498364140460a0db0
