job_name,company_name,salary,work_area,city,education,work_year,issue_date,source,skill_requirements,tech_tags,job_url
产品经理,菲托斯三维科技（苏州）,1.5-3万·13薪,苏州·吴中区,苏州,本科,3年及以上,2026-08-07 16:50:11,job51,"一、岗位职责：
1. 市场调研与产品规划
深耕FDM 3D打印市场，挖掘DIY创客、商用、工业级用户对高性能挤出系统的核心需求；完成竞品对标，制定产品差异化路线；结合主流软硬件架构，规划模块化产品及改装套件方案；
2. 需求定义与产品设计
定义产品核心技术参数，兼顾产品散热、安全防烫、便捷维护等使用体验；联动结构、流体、材料等技术团队，完成产品概念设计到可量产设计的全流程评审；
3. 全流程项目管理
主导NPD新品全生命周期管理，统筹研发、供应链、品控、国内外销售团队协同推进；搭建专业产品测试体系，跟进用户及核心KOC测评反馈，快速迭代优化产品问题；
4. 市场落地与生态合作
对接主机厂、开源社区、材料厂商，推进联合开发、品牌合作与技术对接；输出产品白皮书、教程、参数对比等营销物料，赋能国内外市场推广；
二、任职要求：
1. 学历与经验
本科及以上学历，机械、自动化、材料、工业设计等相关专业优先；3年以上硬件产品经理经验，有3D打印整机、热端、挤出机等相关行业经验优先，资深3D打印极客/改装玩家可放宽条件；
2. 专业硬技能
熟悉CNC、MIM、表面涂层、精密热处理等硬件加工工艺及装配公差控制；可看懂3D CAD图纸，熟悉Marlin、Klipper固件参数配置与调校；
3. 综合软实力
熟悉海外3D打印开源社区，具备良好的英文沟通、文档撰写能力；有极客精神，对产品性能、外观质感、细节品质有高标准追求；
三、加分项：
1. 精通Klipper/Marlin调优，有Voron、RatRig打印机组装、改装或自制经验；
2. 具备工业级FDM、PEEK/碳纤维工程塑料高阶打印套件开发经验；",市场调研 产品规划 产品设计 项目管理 供应链 市场推广,https://jobs.51job.com/suzhou-wzq/173194752.html?s=sou_sou_soulb&t=0_0&req=b43f9bfedb2a30a9dcd136e10069dd05
Sr. Product Manager,上海利韬电子,60-85万/年,昆山,苏州,本科,10年及以上,2026-07-16 13:51:12,job51,"The Sr. Product Manager for PSA solutions is responsible for the profitable growth for a product portfolio through share gain, driving content growth, and expanding technology applications for our core products. This person will partner with engineering and operations resources within and across business units to develop innovative solutions for key customers and work with our global sales team to drive continued success with key customers. This role will require high ownership of the future trajectory of this product portfolio, reporting to the Sr. Business Line Director of ASP and PSA Products.

About the Job
Revenue Growth &amp; Strategic and Product management Leadership (50%)
•Provide global leadership for assigned Product Line, defining and executing on a strategy to achieve growth goals in line with top-line business unit growth
•Collaborate with and drive cross-functional teams—including engineering, sales, marketing, and operations to deliver on revenue/product related goals.
•Serve as the primary decision-maker for product direction, prioritization, and trade-offs.
Product Roadmap &amp; Market Insight (20%)
•Develop and maintain a forward-looking product roadmap based on market trends, customer feedback, and competitive analysis.
•Conduct market research and customer interviews to identify unmet needs and growth opportunities.
•Translate insights into actionable product initiatives that differentiate offerings and expand market share.
Financial Planning &amp; Lifecycle Management (20%)
•Own financial planning for assigned product lines/region, including pricing strategy, forecasting, and budgeting.
•Manage the full product lifecycle—from ideation through launch, growth, and sunset—ensuring alignment with financial targets and customer value.
Execution &amp; Business Case Development (10%)
•Resolve product-related issues swiftly to maintain momentum and stakeholder confidence.
•Prepare and present compelling business cases for new product initiatives, ensuring readiness within scope, timeline, and budget.

About You
•Bachelors or University Degree in Engineering, Business, or related field
•Proven experience managing, developing, and leading a team to achieve global, cross-functional outcomes
•10 years of experience in product management, marketing, sales, or related roles, 2-3 years in leader role
•Background in translating product and technologies to customer solutions
•Experience working in/with global manufacturing environments
•Strong leadership capability with the ability to influence across functions
•Excellent verbal and written communication skills
•Strong analytical mindset with high attention to detail
•Demonstrated ability to translate data into actionable insights
•Proficiency in Microsoft Excel (e.g., VLOOKUPs, pivot tables), PowerPoint, and Word
•Experience with SAP and Power BI
•Strong collaboration and teamwork skills
•Execution and results oriented, with a proven ability to drive initiatives to completion and deliver measurable business outcomes
•Fluent in English (written &amp; spoken)

高级产品经理（Polyswitch Automotive）负责所辖产品组合的盈利性增长，通过提升市场份额、推动产品内容增长以及拓展核心产品的技术应用来实现业务目标。该职位需要与公司内外部工程、运营等跨职能团队紧密合作，为重点客户开发创新解决方案，并与全球销售团队协同推动关键客户业务持续增长。

该岗位需要对产品组合的未来发展方向承担高度责任，汇报给 全球ASP &amp; PSA 产品业务线高级总监（Sr. Business Line Director, Locate in US）。

主要职责
一、营收增长、战略规划及产品管理领导（50%）
为所负责产品线提供全球业务领导，制定并执行产品战略，实现与事业部整体增长目标一致的业务增长。
跨部门协作并推动工程、销售、市场和运营团队共同达成营收及产品目标。
作为产品方向、优先级及资源取舍决策的核心负责人。
二、产品路线图与市场洞察（20%）
基于市场趋势、客户反馈及竞争分析，制定并维护产品发展路线图（Product Roadmap）。
通过市场调研和客户访谈挖掘未被满足的需求和业务增长机会。
将市场洞察转化为可执行的产品项目，提升产品差异化竞争优势并扩大市场份额。
三、财务规划与产品生命周期管理（20%）
负责产品线或区域的财务规划，包括：
定价策略（Pricing Strategy）
销售预测（Forecasting）
预算管理（Budgeting）
管理产品全生命周期：
产品概念形成（Ideation）
产品开发与上市（Launch）
成长阶段（Growth）
退市管理（Sunset）
确保产品与财务目标及客户价值保持一致。
四、项目执行与商业案例开发（10%）
快速解决产品相关问题，确保项目进度和利益相关方信心。
为新产品项目制定并汇报商业案例（Business Case），确保项目在预算、时间和范围内顺利推进。

任职要求
教育背景: 工程类、商业管理类或相关专业本科及以上学历。
工作经验
具有带领团队并推动全球跨职能项目成功落地的经验。
10年以上领域经验：
产品管理（Product Management）
市场营销（Marketing）
销售（Sales）
或相关岗位经验
具备将产品和技术转化为客户解决方案的经验。
有全球制造业环境工作经验。

能力要求
优秀的领导能力，能够影响和推动跨部门合作。
出色的书面和口头沟通能力。
较强的数据分析能力及细节管理能力。
能够将数据转化为可执行的业务洞察。
精通 Microsoft Office：
Excel（VLOOKUP、数据透视表等）,PowerPoint,Word, 
熟悉：SAP,Power BI
良好的团队合作和协同能力。
结果导向，能够推动项目从计划到落地并取得可量化的业务成果。
英语听说读写流利。",Gin ROS Go Swift 跨部门协作 市场调研 数据分析,https://jobs.51job.com/kunshan/172934348.html?s=sou_sou_soulb&t=0_0&req=b43f9bfedb2a30a9dcd136e10069dd05
"Asst. Product Manager, Durable",艾利丹尼森思创（广州）电子标签,25-35万/年,昆山,苏州,本科,3-4年,2026-06-12 16:09:52,job51,"Job Description：
 ● Develop strategic and annual operating plans and lead efforts of a cross-functional team to meet evolving customer and market needs.
 ● Execute an assigned PLT or Sub-PLT portfolio management approach to optimize growth and profitability incorporating a global approach where logical.
 ● Lead customer and internal communication strategy and implementation including advertising, promotions, selling tools, e-marketing campaigns, and lead generation tools.
 ● Lead execution of multi-generation product plans including: new product introductions and line extensions, product re-engineering and cost out, product promotions, data sheets, selling sheets, training and other sales tools and communication of product and service program changes.
 ● Develop &amp; execute strategies to expand into new market segments using current and new product platforms.
 ● Develop &amp; implement pricing strategies to maximize product line growth &amp; profitability.
 ● Collaborate with sales force and segment development managers to support growth and/or product development initiatives.
 ● Collaborate with Supply Chain and Sales in the development/implementation of service strategies &amp; programs for assigned product line
Qualifications：
 ● 3+ years related experience
 ● Product Management related experience
 ● Experience in electronics, industrial or automotive, electronics experience is a plus 
 ● Cross functional communication, influencing skills
 ● Good English
 ● About 30% Travel",ROS Gin Electron Go Description Develop Execute PLT,https://jobs.51job.com/kunshan/172535567.html?s=sou_sou_soulb&t=0_0&req=b43f9bfedb2a30a9dcd136e10069dd05
"Sr. Manager, Business Dev. & Product Mgmt",肖特玻璃科技（苏州）,3-6万·15薪,苏州·高新区,苏州,本科,10年及以上,2026-06-12 15:56:23,job51,"Your tasks:
1. Business Development
 Is globally responsible for business development of the respective BU/SBF. Oversees and manages a dedicated team responsible for market 
launch of new products with clearly defined value proposition. Focuses on new markets and products and specific projects. Challenges new 
opportunities and corresponding business plans for decisions and steers the process of a product launch until the final market launch. 


2. Market Analysis
 Identifies new Business Development Opportunities derived from the strategic planning process of the BU/SBF. Proposes new growth opportunities based on market/competitor/technology observations and analysis.

 
3. Evaluation of New Business Development Opportunities
 Evaluates opportunities in detail with regard to market, technology, competitors, product requirements, new sales channels, etc. Determines 
market/customer requirements and demands. Works out business plans and recommendation to the decision makers and prepares and 
coordinates the management decision-making process.


4. Implementation of New Business Development projects
 Prepares implementation plan and sets up project teams. Drives product development, customer acquisition process and ramp up of production 
 processes. Takes over product management tasks for the specific projects – on request and synchronized with product management (“interim product manager”). Takes over responsibility for investments, budget and dedicated resources (project team). Leads projects according to project plan, budget and project targets.
 

5. Supervision
 Leads, promotes, and motivates the employees within his/her area of responsibility, especially performance appraisal and goal setting agreement, successor and representative planning, personnel development and training measures.

Your profile:
1. &gt; 10 years of business dev/product management/development experience in semi-con, optics, glass ceramic related industries.
2. Master or PhD Degree in Science or Engineering, additional education in economics will be a plus.
3. Strong leadership with experience to develop a team will be a plus.
4. Excellent command of the English language, CRM.",Go Gin DiT Business Is BU SBF Oversees,https://jobs.51job.com/suzhou-gxq/172535946.html?s=sou_sou_soulb&t=0_0&req=b43f9bfedb2a30a9dcd136e10069dd05
Export Product Manager,亚萨合莱自动门系统（上海）,3-3.5万·13薪,常熟,苏州,本科,5-10年,2026-07-21 13:44:09,job51,"Responsibilities
1. Product Strategy &amp; Market Insights
•	Develop product strategies and portfolio plans for ASSA ABLOY Entrance Systems China export markets, with a focus on Emerging Markets.
•	Partner closely with regional sales organizations and operating companies to understand market requirements, customer needs, and competitive dynamics.
•	Identify opportunities for China-developed and China-sourced products to support growth across international markets.
•	Define and maintain product roadmaps aligned with regional business priorities.

2. Product Development &amp; Localization
•	Define product requirements and drive development execution with R&amp;D teams.
•	Lead product localization initiatives, including cost optimization, certification compliance, and specification adaptation.
•	Balance market needs, technical feasibility, and cost competitiveness to deliver successful products.

3. Product Launch &amp; Sales Support
•	Drive Go-to-Market (GTM) activities, including value proposition development and pricing strategy.
•	Support sales teams in customer engagements and key projects.
•	Provide product training and sales tools to enhance commercial effectiveness.

4. Product Lifecycle Management
•	Monitor product sales performance, profitability, and customer feedback.
•	Drive continuous product improvements, upgrades, and cost-reduction initiatives.
•	Manage the product portfolio, including product introduction and phase-out decisions, to strengthen overall competitiveness.

5. Cross-Functional &amp; Regional Collaboration
•	Act as the key interface between China-based functions and international sales organizations.
•	Drive alignment among stakeholders to ensure timely product delivery and successful market launches.

6. Compliance &amp; Export Support
•	Ensure products comply with applicable regulations, standards, and certification requirements in target countries.
•	Support export delivery processes and related operational activities.

Requirements:
•	Bachelor’s degree or above, preferably in Engineering or a related field. 
•	5–10 years of product management experience, familiarity with product localization for international markets.
•	Strong business acumen with a good understanding of pricing, cost management, and profitability. 
•	Demonstrated ability to influence stakeholders without direct authority.
•	Experience working in a multinational matrix organization.
•	Experience supporting regional sales organizations, distributors, or internal business units across multiple countries.
•	Fluent English communication skills 
•	Willingness to travel internationally as required.",Gin GAN ROS Go Responsibilities Strategy Market Insights,https://jobs.51job.com/changshu/172891069.html?s=sou_sou_soulb&t=0_0&req=b43f9bfedb2a30a9dcd136e10069dd05
五金外贸技术员/项目工程师,江苏泰盛电子科技,1.2-1.5万·13薪,张家港,苏州,大专,3年及以上,2026-08-07 14:46:36,job51,"1.1、与外贸业务员配合，确认五金件/塑料件 /结构件规格、图纸、技术要求；
2.2、联系供应商报价，同时负责开发新的供应商 
3.3、全程跟进产品开发过程包括，样品打样、质量参数、客户承认；
4.4、客户订单核对型号 / 数量 / 交期 / 图纸版本，下达供应商；
岗位要求：
1.1、工科大专及以上机械、五金,材料，模具等相关专业；
2.2 三年以上五金/冲压/塑料件/钣金等相关零部件实操经验，熟悉工厂工艺流程；
3.3.英语读写熟练者优先，可独立看懂英文产品图纸、海外客户质量标准（通过翻译软件）；
4.4.掌握冲压、电镀、注塑基础工艺，能识别基础结构尺寸类问题；能独立绘制CAD和熟悉3D工程图纸
5.做事稳定细心有条理，有项目管理经验者优先",项目管理,https://jobs.51job.com/zhangjiagang/173191624.html?s=sou_sou_soulb&t=0_0&req=b43f9bfedb2a30a9dcd136e10069dd05
Product Manager,中国法国工商会,1.3-1.5万,昆山,苏州,本科,5年及以上,2026-07-15 16:07:11,job51,"Mission:
工作内容

Responsible for gaining deep insights into Asian market trends, customer needs, and competitive landscapes; defining product strategies, positioning, and roadmaps adapted to regional requirements. Acting as a cross-functional coordinator, the Product Manager will lead collaboration between global product manager, marketing, sales, R&amp;D, QC, production and other stakeholders to ensure successful product localization, launch, and lifecycle management. The role will drive product growth and commercial success by optimizing product value proposition, market adoption, and customer satisfaction across Asian markets.
负责深入洞察亚洲市场趋势、客户需求及竞争格局，制定符合区域市场需求的产品战略、产品定位及产品路线图。作为跨职能协调者，产品经理将主导全球产品经理、市场、销售、研发、质量、生产等相关部门之间的协作，确保产品本地化、上市及全生命周期管理顺利实施。该岗位将通过持续优化产品价值主张、提升市场采纳率和客户满意度，推动产品在亚洲市场的业务增长和商业成功。


Key Responsibilities: 
主要职责

Market Insights &amp; Product Strategy
市场洞察与产品战略

•	Conduct market research and competitive analysis to identify customer needs, market trends, industry opportunities, and emerging applications across Asian markets.
开展市场调研及竞争分析，识别亚洲市场的客户需求、市场趋势、行业机会及新兴应用。
•	Collect and analyze feedback from customers, distributors, and sales teams to identify product improvement opportunities.
收集并分析客户、经销商及销售团队的反馈，识别产品优化和改进机会。 
•	Define regional product strategies, positioning, and value propositions aligned with market requirements and business objectives.
制定符合市场需求及公司业务目标的区域产品战略、产品定位及价值主张。
•	Develop and maintain Asia product roadmaps, including product enhancements, localization requirements, and new product opportunities. 
制定并维护亚洲地区产品路线图，包括产品升级、本地化需求及新产品机会规划。

Product Lifecycle Management
产品生命周期管理

•	Manage the complete product lifecycle from market research, concept definition, localization, launch, to product performance optimization.
•	负责产品全生命周期管理，包括市场调研、产品概念定义、本地化、产品上市及上市后的产品优化。 
•	Coordinate product adaptation and localization projects based on regional regulations, customer expectations, and market conditions.
根据区域法规、客户需求及市场环境，协调产品适配及本地化项目。 
•	Work closely with global product teams to ensure alignment between global product strategies and Asian market needs.
与全球产品团队紧密合作，确保全球产品战略与亚洲市场需求保持一致。 
•	Monitor product performance, adoption, profitability, and customer feedback, and recommend improvement actions. 
持续跟踪产品市场表现、客户采用情况、盈利能力及客户反馈，并提出优化建议。

Product Launch &amp; Go-to-Market Strategy
产品上市与市场推广策略

•	Develop and execute regional product launch plans in collaboration with marketing and sales teams.
与市场及销售团队协作，制定并执行区域产品上市计划。
•	Define product positioning, key messages, sales tools, and marketing materials to support market penetration.
制定产品定位、核心传播信息、销售工具及市场推广资料，支持市场拓展。 
•	Provide product training and technical support to sales teams and distributors.
为销售团队及经销商提供产品培训和技术支持。 
•	Support customer-facing activities, including product presentations, exhibitions, seminars, and key account engagements.
支持客户交流活动，包括产品演示、展会、技术研讨会及重点客户拜访等。 
Cross-functional Collaboration
跨部门协作

•	Act as the key interface between Asia markets and global teams, ensuring effective communication and project execution. 
作为亚洲市场与全球团队之间的重要沟通桥梁，确保信息高效传递及项目顺利推进。 
•	Coordinate with R&amp;D, marketing, quality, production, supply chain, and sales teams to drive product development and localization projects. 
协调研发、市场、质量、生产、供应链及销售等部门，共同推进产品开发及本地化项目。 
•	Manage product-related requests from regional stakeholders and prioritize them based on business impact and market potential. 
统筹区域各方提出的产品相关需求，并根据业务价值及市场潜力进行优先级管理。 
•	Facilitate decision-making by providing market insights, business analysis, and customer feedback. 
通过提供市场洞察、业务分析及客户反馈，为产品决策提供支持。 
Product Performance &amp; Business Growth
产品绩效与业务增长

•	Establish product performance indicators and monitor key metrics, including sales growth, market penetration, product mix, and customer adoption. 
建立产品绩效指标，并持续监控销售增长、市场渗透率、产品组合及客户采用率等关键指标。 
•	Analyze product profitability and market performance to identify growth opportunities. 
分析产品盈利能力及市场表现，挖掘业务增长机会。 
•	Recommend pricing strategies, portfolio optimization, and commercial actions based on market data. 
基于市场数据提出定价策略、产品组合优化及商业化建议。 
•	Prepare regular product performance reports and provide strategic recommendations. 
定期编制产品绩效分析报告，并提出战略性改进建议。 

Qualifications:
任职要求

•	Bachelor’s degree or above in Marketing, Chemical, Life Sciences, or related fields. 
市场营销、化学、生命科学或相关专业本科及以上学历。 
•	Experience in product management, product marketing, or technical marketing, preferably in laboratory equipment, life sciences, industrial equipment, or related industries. 
具有产品管理、产品营销或技术营销相关经验，具备实验室设备、生命科学、工业设备或相关行业经验者优先。 
•	Strong understanding of Asian markets, customer requirements, and B2B business models. 
深刻理解亚洲市场、客户需求及B2B业务模式。 
•	Ability to translate customer needs and market insights into actionable product strategies. 
能够将客户需求和市场洞察转化为可落地的产品策略。 
•	Strong project management and cross-functional coordination skills. 
具备优秀的项目管理能力及跨部门协调能力。 
•	Analytical mindset with the ability to use market data to support decision-making. 
具备较强的数据分析能力，能够基于市场数据支持业务决策。 
•	Excellent communication skills with the ability to work effectively with international teams. 
具备良好的沟通协调能力，能够与国际团队高效合作。 
•	Fluent English communication skills.
英语听说读写流利，能够作为工作语言进行沟通。 

Core competencies
核心能力

•	Customer &amp; market oriented 
以客户和市场为导向 
•	Strategic thinking and business awareness 
战略思维与商业敏锐度 
•	Strong ownership and execution capability 
强烈的主人翁意识及执行能力 
•	Cross-cultural communication skills 
跨文化沟通能力 
•	Data-driven decision making 
数据驱动的决策能力 
•	Product lifecycle management expertise
产品全生命周期管理能力",ROS Gin DiT Go 市场调研 市场推广 培训 技术支持 跨部门协作 供应链 项目管理 数据分析,https://jobs.51job.com/kunshan/172922892.html?s=sou_sou_soulb&t=0_0&req=b43f9bfedb2a30a9dcd136e10069dd05
Product Line Manager,哈金森工业橡胶制品（苏州）,2-3万·15薪,苏州·苏州工业园区,苏州,本科,5年及以上,2026-08-06 15:53:45,job51,"Activities
1.	Product Line strategy &amp; planning, develop mid-to-long-term product line strategy and market positioning in collaboration with technical and commercial teams, annual implementation plans and iteration roadmaps, insight customer demand and policy assessment, regularly deliver industry research, competitive benchmarking and product review reports
2.	Continuously monitor market feedback with new product lines, sales performance and further customer pain points, analyze gaps and optimize product portfolio based on market performance.
3.	Identify, evaluate and develop strategic partnerships, technologies or external solutions to complement the product portfolio and accelerate business growth.
4.	Be the main point of contact for Marketing to support marketing materials creation including product selling points, proposal PPTs, etc.
5.	Support the full lifecycle management of assigned product lines, including concept development, business validation, launch, growth
acceleration, and portfolio optimization.
6.	Train and support sales teams/ distributors on new product knowledge &amp; positioning with engineering.

Requirements:
1. 3+ years of product experience, 2+ years of business development or commercial product operation experience.
2. Strong market insight to accurately capture industry opportunities, customer pain points and competitor weaknesses.
3. Solid commercial mindset with proficiency, result-oriented mindset.
4. Familiar with business logic, capable of independently delivering solutions, supporting bidding and empowering sales expansion. 
5. Resilient under pressure, logical thinking, with strong communication and teamwork skills.",IPS Gin Activities Line Continuously Identify Be PPTs,https://jobs.51job.com/suzhou-gyyq/173179080.html?s=sou_sou_soulb&t=0_0&req=b43f9bfedb2a30a9dcd136e10069dd05
(Senior) Innovation Manager,安通林汽车配件制造（上海）,2.5-4万·15薪,苏州,苏州,硕士,5年及以上,2026-07-07 13:38:51,job51,"Responsibility: 

•	Most important contact person for the customer, in RFI up to the RFQ. 
•	Planning, organization, coordination and control of the RFI project, taking into account all customer-specific and internal process specifications.
•	Management of the international innovation project team (development, process, validation, purchasing, etc.) including technical, organizational and methodological support.
•	Responsibility for the technical definition of the product, including electronic systems, and bringing validated solutions to answer accurately to customer RFQs. 
•	Support costing and product definition teams during RFQ phase. 
•	Interface to internal and external suppliers regarding project management.
•	Ensuring a continuous flow of information in all relevant directions.

Qualification:

•	Engineering or Science/master’s degree will be a must. Open minded to innovative solutions, proactive in new technology proposals to achieve customer expectations Personal skills to manage functional organization.
•	Technical knowledge in opto-electronics (system level), HMI and lighting product development in automotive. Also, Design, Colour &amp; Trim and/or Advanced Materials for automotive interior components are an important plus.
•	At least 3 / 7 years (depends for Senior or Non-senior position) of experience in Project management in automotive. Understanding of the OEMs’ innovation orientations, especially on long term. Good knowledge of the automotive field and the Grupo Antolin environment. Ideally with an automotive experience Advanced Engineering in OEMs.
•	Open minded to innovative solutions, proactive in new technology proposals to achieve customer expectations. 
•	Independent way of working combined with the basic attitude of achieving the project goal together in a team.
•	Chinese speaker, excellent English skills",GAN Electron Gin Go Most RFI RFQ RFQs,https://jobs.51job.com/suzhou/172821538.html?s=sou_sou_soulb&t=0_0&req=b43f9bfedb2a30a9dcd136e10069dd05
"Manager, Product Management",哈曼汽车电子系统（苏州）,3-4.5万,苏州,苏州,本科,10年及以上,2026-07-20 14:08:40,job51,"A Career at HARMAN Automotive
	We’re a global, multi-disciplinary team that’s putting the innovative power of technology to work and transforming tomorrow. At HARMAN Automotive, we give you the keys to fast-track your career.
	* 
	Engineer audio systems and integrated technology platforms that augment the driving experience
	* 
	Combine ingenuity, in-depth research, and a spirit of collaboration with design and engineering excellence
	* 
	Advance in-vehicle infotainment, safety, efficiency, and enjoyment
	About the Role
	As the Manager, Product Management, Amplifiers, you will be responsible for driving product management activities for HARMANs automotive amplifier platforms, with a focus on supporting customer pursuits, platform competitiveness, and successful deployment across global programs.
	You will work closely with Engineering, Sales, and Customer Project Teams to ensure amplifier platforms meet customer needs while maximizing platform reuse, reducing complexity, and improving business performance through effective product ownership and lifecycle management.
	What You Will Do
	* 
	Lead product management processes and discipline for amplifier platforms.
	* 
	Define and maintain platform positioning, value proposition, feature content, and roadmap direction for Amplifier platforms.
	* 
	Support RFQ pursuits by aligning platform capabilities with customer requirements and competitive market needs.
	* 
	Drive platform reuse across customer programs and identify opportunities to improve leverage of platform investments.
	* 
	Develop and maintain MRDs, PRDs, and related product management documentation.
	* 
	Conduct market, customer, and competitive analysis to identify trends, opportunities, and gaps in the portfolio.
	* 
	Partner with Sales, Customer Project Teams, and Engineering to ensure alignment between platform strategy and program execution.
	* 
	Evaluate platform trade-offs related to performance, cost, complexity, timing, and customer requirements.
	* 
	Support platform lifecycle management, including roadmap planning, feature prioritization, and business case development.
	* 
	Identify opportunities to improve platform competitiveness, customer value, and business performance.
	What You Need to Be Successful
	* 
	Bachelor’s degree in Engineering (B.Eng) or a related technical field.
	* 
	5 years of experience in Automotive Product Management.
	* 
	Strong business acumen, knowledge of business case development, and financial metrics.
	* 
	Experience in Automotive electronic hardware and/or software architectures.
	* 
	Experience working in a global organization and on global products.
	* 
	Strong skills in communication, presentation, and problem-solving (both customer and internal).
	* 
	Experience with documentation and ticket management tools such as Aha!, Jira, and Confluence.
	Bonus Points if You Have 
	* 
	Master’s in Business Administration (MBA).
	* 
	Understanding in any of the following areas: hardware and software development processes, embedded DSP and MCU platforms, and automotive audio systems.
	What Makes You Eligible
	* 
	Be willing to travel up to 10%, domestic and international travel.
	* 
	Be willing to work in an office
	What We Offer 
	* 
	Flexible work environment
	* 
	Access to employee discounts on world-class Harman (JBL, HARMAN Kardon, AKG, etc.)
	* 
	Extensive training opportunities through our own HARMAN University
	* 
	Competitive wellness benefits
	* 
	Access to HARMAN Campus Fitness Center and Cafeteria
	* 
	""Be Brilliant"" employee recognition and rewards program
	* 
	An inclusive and diverse work environment that fosters and encourages professional and personal development",ARM Gin SPI ROS RAG Electron GAN DSP MCU,https://minisite.51job.com/HARMAN/page2.html?jobid=172966846
产品经理，汽车行业G00390,富乐胶投资管理（上海）,2.5-3.5万·13薪,苏州·吴中区,苏州,本科,3年及以上,2026-07-28 11:34:32,job51,"Job Overview:
The Product Manager will collaborate closely with Commercial, Sales, R&amp;D and Supply Chain teams to drive the short-term and long-term strategic priorities of the Automotive market in APAC. Leveraging professional product and project management skills and extensive market expertise, you will lead targeted, strategic, and impact projects in automotive market segments, including Exterior Trim, Lighting, Powertrain, etc., to support business growth and strategic goals.

Key Responsibilities:
- Support the implementation of product portfolio strategy in APAC.
- Expand automotive market share, explore new business opportunities and application scenarios, develop targeted strategies for segmented markets, and promote the implementation of proposed strategies.
- Develop and execute product strategies and road maps to enhance profitability and achieve revenue targets, covering the entire project life cycle from initiation, definition, planning, execution to closure.
- Manage the full product life cycle, including supporting product launches and sampling, leading product changes, product classification, and ensuring product compliance.
- Lead product complexity management and profitability improvement initiatives; collaborate with R&amp;D, Operations, Supply Chain, Purchasing and Product Regulatory teams to support business growth with lower costs, and promptly report all potential risks.

Requirements:
- Bachelor’s degree or above in Automotive Engineering, Mechanical Engineering or related fields.
- 3-5 years of product management experience in the automotive or adhesive industry, with familiarity with automotive market segments (Exterior Trim, Lighting, Powertrain, EV related preferred).
- Proficient in product and project management processes, with strong strategic thinking and execution ability.
- Excellent cross-functional collaboration, communication, and stakeholder management skills.
- Fluent in English (both written and spoken).",RAG Go SAM Prompt Gin ROS,https://jobs.51job.com/suzhou-wzq/173064218.html?s=sou_sou_soulb&t=0_0&req=b43f9bfedb2a30a9dcd136e10069dd05
产品经理，欧洲家电,上海学珍企业管理咨询事务所,3.5-4万,苏州·苏州工业园区,苏州,本科,5年及以上,2026-08-08 21:34:01,job51,"Key Responsibilities 
•	Lead the project team End-to-End on an innovation project including planning, execution, monitoring, and completion, to ensure projects are delivered on time, on budget, in full, at targeted quality level, until 6/8 months post NPI launch.
•	Accountable for the project outputs and documentation, she/he reports project progress pre-launch and product performance post launch, until project is officially handed over to LCM team.
•	Facilitate regular project reviews and post-launch evaluations, implementing lessons learned for continuous improvement in project delivery.
•	Foster a culture of accountability and transparency within his/her functional project team
•	During LCM, lead corrective actions plan for product quality issues (by design) 

Requirements:
•	Strong communication and influencing skills in English, with the ability to effectively bridge China and global teams
•	Leadership skills with a strong sense of ownership and accountability
•	Proven experience leading complex innovation, NPI, or product development projects within a multinational environment
•	Industry experience required, ideally within SDA and preferably within Floor Care or related consumer products categories
•	Strong project management capabilities across planning, risk management, execution, stakeholder management, and delivery
•	Ability to lead cross-functional teams and drive execution across R&amp;D, Procurement, Quality, Manufacturing, and Supply Chain functions
•	Experience working in a global matrix organization and managing collaboration across regions, functions, and cultures
•	Strong understanding of China-based development, sourcing, and manufacturing ecosystems
•	Comfortable navigating ambiguity, resolving escalations, and proactively identifying opportunities to improve project outcomes and ways of working",Go ROS GAN Gin Scala Key Responsibilities Lead,https://jobs.51job.com/suzhou-gyyq/172590757.html?s=sou_sou_soulb&t=0_0&req=b43f9bfedb2a30a9dcd136e10069dd05
高级产品经理,硅谷数模（上海）半导体,3.5-6万,苏州,苏州,本科,10年及以上,2026-07-13 14:05:46,job51,"Key Responsibilities

Business Development

Engage major OEMs, ODMs, contract manufacturers, and channel partners to identify opportunities, build pipeline, and drive revenue growth.
Develop and execute strategic account plans to expand adoption of Analogix PCIe products in China.
Build and maintain relationships with engineering, procurement, product planning, and executive stakeholders at target accounts.
Identify customer requirements, platform needs, and competitive dynamics across storage, data center, AI, and edge computing applications.
Drive design-win activity in close collaboration with Sales, FAEs, and Product Managers.
Track customer opportunities, project status, decision timelines, and revenue potential.
Product Marketing

Translate customer and market requirements into clear product input for roadmap planning, feature definition, positioning, and NPI execution.
Collaborate with OEM Product Groups and System Architects to define product requirements and improve product-market fit.
Develop market analysis, customer segmentation, application mapping, and competitive positioning for PCIe Gen 4/5/6 switches and repeaters.
Prepare customer-facing collateral, presentations, product briefs, competitive comparisons, and field training materials.
Monitor technology trends, market dynamics, and competitor activity in China infrastructure markets.
Support product launch planning and go-to-market execution for the China region.
Qualifications

Proven experience in semiconductor marketing, business development, product marketing, technical sales, or field applications.
Strong understanding of PCI Express technology, high-speed interconnects, storage, servers, data center infrastructure, AI systems, or edge computing platforms.
Demonstrated success working with China-based OEMs, ODMs, contract manufacturers, or infrastructure customers.
Ability to engage both technical and business audiences, from engineering teams to senior decision makers.
Strong analytical skills, with the ability to assess markets, customers, competitors, and product requirements.
Excellent communication and presentation skills.
Ability to work cross-functionally across Sales, FAEs, Product Management, Engineering, and executive leadership.
Fluency in Mandarin and strong English communication skills preferred.
Preferred Experience

Experience with PCIe switches, retimers, repeaters, signal integrity, high-speed SerDes, or related connectivity products.
Existing relationships in China storage, server, data center, AI infrastructure, or edge computing markets.
Experience launching a new semiconductor product line or expanding a product into a new regional market.
Familiarity with customer qualification cycles, design-in processes, and platform-level architecture decisions.
Success In This Role Looks Like

Building a qualified customer pipeline for Analogix PCIe products in China.
Securing strategic design wins with target infrastructure customers.
Providing clear market and customer input that influences product roadmap and NPI priorities.
Creating effective positioning, collateral, and competitive analysis for customer and field engagement.
Helping establish Analogix as a credible PCIe solution provider in China infrastructure markets",PCIe IPS Gin ROS RAG Go Express,https://jobs.51job.com/suzhou/172887098.html?s=sou_sou_soulb&t=0_0&req=b43f9bfedb2a30a9dcd136e10069dd05
产品经理 - 母排,昆山莫莱克斯母线,2-3万·13薪,昆山,苏州,本科,8年及以上,2026-06-23 16:35:43,job51,"DUTIES &amp; RESPONSIBILITIES:
1.Customer &amp; Market Engagement
1)Maintain partnerships with core OEM/ODM customers and global clients, promptly communicating their feedback and needs regarding busbar products. 
2)Support the global sales and customer teams, assisting in identifying project opportunities, facilitating technical communication, and ensuring project success. 
3)Conduct customer visits, technical communications, product presentations, and industry-related exchange activities to understand actual customer needs. 
4)Monitor busbar-related market dynamics, competitor activities, and technological changes, collecting information and providing feedback to the internal team.
2.Product Management
1)Collaborate with the team to develop busbar product plans, proposing product optimization and new product development suggestions based on market and customer needs.
2)Participate in the entire busbar product management process, from requirements gathering and development coordination to mass production, ensuring products meet customer and company requirements. 
3)Collaborate with the team to achieve revenue, profit, and other financial performance targets, contributing to business growth. 
4)Liaise with the supply chain and suppliers to clarify product timelines, costs, and quality requirements, monitor contract fulfilment, and ensure stable product supply.
5)Coordinate with internal R&amp;D, sales, and operations teams to advance busbar product-related projects and resolve any obstacles encountered during project implementation. 
6)Provide internal teams with basic training and documentation related to busbar products and support their sales efforts. 
7)Adhere to company-approved policies and procedures, support the company's total quality management efforts, and drive continuous improvement in product quality.
EDUCATION:
REQUIRED:	
•Bachelors degree in in Engineering (Electrical, Mechanical).
WORK EXPERIENCE:
REQUIRED:	
•3 years of experience in Product management, Product marketing, Sales development, or Application engineering related to manufacturing.
•Direct experience working with Global OEMs in Servers, Data center or EV
PREFERRED:	
•Experience with Busbar, connectors, Cable Assembly or electrical components is highly preferred.",IPS Prompt Gin DUTIES RESPONSIBILITIES Market Engagement Maintain,http://koch.51job.com/jobdetail.html?jobid=172653973
工程高级经理（统筹产品NPI）,信德管理顾问（大连）,3.5-4.5万·13薪,常熟,苏州,本科,7年及以上,2026-07-30 11:08:37,job51,"一.团队建设
1. 根据工作规划动态及时调整组织架构，制定各职能人员工作目标
2. 规划组织各主管工作胜任度，制定考核绩效
3. 依据组织架构制定招聘计划及本单位教育培训计划，季规划团队活动, 增强团队凝聚力
二. NPI 管理
1. 请求报价, 进行成本、净利分析, 设立净利目标, 案件投入、规划须以净利为目标展开, 同时调查了解对手相关信息
2. 制作项目启动会议报告, 并举行项目启动会议, 跟团队达成所有信息和要求
3. 统筹案件的材料、工艺、治工具、设备、自动化、智能化开发
4. 检讨客户所需的文件、报告、客人的相关指令和要求
5. 检讨每个案件的费用，确保案件可控且具备运行条件
6.各个职能产生问题的汇总、分析, 推动改善
7. NPI各阶段进行竞品分析，及时检讨成本及报价，量产规划及动态调整
任职位要求
1.本科及以上学历，英语可以作为工作语言
2.具有电子制造各模块团队管理经验，熟悉所负责项目的所有主要工艺",培训 竞品分析 团队管理 NPI,https://jobs.51job.com/changshu/173095324.html?s=sou_sou_soulb&t=0_0&req=b43f9bfedb2a30a9dcd136e10069dd05
氮化镓产品经理,快捷半导体（苏州）,3-4.5万·14薪,苏州·苏州工业园区,苏州,本科,10年及以上,2026-07-01 13:02:10,job51,"onsemi is currently seeking an experienced Product Engineer to develop and optimize Integrated-Driver GaN HEMT devices. This person will utilize her/his knowledge, skills, and most importantly energy and willingness to learn, to take on challenges to support onsemi’s technology and operations teams to improve the reliability and manufacturability of our GaN power device products.

Responsibilities 
The successful candidate will have strong interpersonal and communication skills, a team player who is able to work in a cross-functional, cross time-zone semiconductor environment. 
1. Technical project leader for the development &amp; release of new products
2. Participate in new product technical specification definition 
3. Responsible for planning and execution of committed product engineering key deliverables such as
1）Final test plan content relevant to customer and internal quality control requirements
2）Support prototype, customer samples, and qualification material build
3）Support product characterization, failure analysis, and reliability request
4）Product electrical parametric data analysis and yield enhancement
5）Trouble -shooting peripheral circuits: DESAT short‑circuit protection, OTP thermal protection, UVLO under‑voltage lockout, fault reporting, bootstrap circuit, dv/dt slew‑rate control
4. Basic data setup for new products in manufacturing system
5. Support manufacturing review and approval for new product release
6. Responsibility to handover completed projects to relevant sustaining engineering team members

Requirements
1. Bachelor’s degree or above, major in Power Electronics, Electrical Engineering, Automation or related fields; 
2. 3+ years of high‑power topoloties experience such as half‑bridge, LLC, totem‑pole PFC, high‑voltage Buck/Boost. 
3. Debug peripheral circuits: DESAT short‑circuit protection, OTP thermal protection, UVLO under‑voltage lockout, fault reporting, bootstrap circuit, dv/dt slew‑rate control, etc
4. Proficient in high‑frequency power topologies; skilled in oscilloscopes, double‑pulse testing, power analyzers and other test equipment; capable of debugging gate drive and full‑chain protection logic independently 
5. Familiar with Acco, ETS, powertech tester platform
6. Able to read English datasheets; strong hands‑on ability to troubleshoot hardware issues including device breakdown, oscillation and false triggering.",Gin GAN CAN ROS SAM Electron,https://jobs.51job.com/suzhou-gyyq/172752994.html?s=sou_sou_soulb&t=0_0&req=b43f9bfedb2a30a9dcd136e10069dd05
海外电机产品经理/总监,苏州朗高电机科技,4-5万,苏州·吴中区,苏州,硕士,5年及以上,2026-07-14 13:44:56,job51,"任职要求：
1. 硕士及以上，电机、电气、机械等相关专业。5年以上电机行业经验，其中2年以上直接面向海外市场。
2. 精通电机电磁原理、制造工艺及材料特性，熟悉温升、效率MAP等核心指标。
熟悉海外能效标准及安规认证（UL、CE等）。具备成本核算能力，能基于BOM快速估价。
3. 英语流利，能直接与海外客户进行技术谈判及商务交流（有二外者优先）。
具备跨文化沟通能力，擅长远程协作与现场推进。
4. 熟练使用Office/Project；熟练运用3D/电磁仿真软件者优先。抗压能力强，能接受应客户或项目需要的海外差旅。
5. 有海外留学/外派背景，熟悉IPD流程，有主导海外定制电机量产成功案例者优先。
岗位职责：
1. 海外市场调研与产品规划
调研海外电机应用场景及工况，收集当地能效标准与环保法规。
对标海外标杆及友商，分析其技术路线、性能、材料成本及定价策略。
制定海外产品规划方案（含成本目标）及型谱，明确主推平台，定期更新并向销售团队宣贯引导。
2. 客户技术对接与需求转化
与海外客户技术对接，评估预研项目在温升、电流、外形尺寸等方面的可实现性。
对不合理需求提出优化建议，经客户确认后修改《客户需求调查表》。
现有平台派生项目：协调输出电气参数、MAP图及产品图纸；新开平台项目：评估设备、模具、人工等投入及材料用量，为市场端提供报价依据。
3. 产品研发、试制与验证
制定重大新技术/平台产品的技术指标、里程碑进度及成本目标（细化至材料用量与制造费用）。
审核/批准《电磁方案》《技术协议》《试验大纲》及总装图、部件图。
负责验证结果的总结分析与改进闭环。
4. 产品上市跟踪与全生命周期管理
跟踪海外项目应用情况，主导重大质量问题分析与解决。
推动材料替代、工艺优化等降本措施；评估海外市场竞争力，制定产品迭代升级计划。
5. 其他：完成上级交办的其他工作。",市场调研 产品规划 产品迭代 UL Project,https://jobs.51job.com/suzhou-wzq/172902948.html?s=sou_sou_soulb&t=0_0&req=b43f9bfedb2a30a9dcd136e10069dd05
产品经理(J10619),苏州苏纳光电,1.8-3.6万·16薪,苏州·苏州工业园区,苏州,硕士,5年,2026-08-06 15:19:15,job51,"工作职责:
1、	市场研究
1.1建立血糖检测在智能穿戴应用中的情报收集体系：包含潜在需求、潜在客户、产品反馈、竞品信息等；
1.2组织市场调研，做好可行性研究，客户满意度调查。
2、	产品规划
2.1新产品项目的可行性分析、战略规划、技术路线规划；
2.2制定产品业务计划、产品开发需求，提出产品改进和升级建议。
3、产品开发的监督和指导
 3.1指导开发人员理解客户需求和产品需求，协助解决开发过程中的问题；
 3.2控制开发进度，做好进度表的监控。
4、产品营销管理与支持
 4.1和销售部共同制定产品营销目标和实施计划；
 4.2支持销售人员工作，协助制定解决方案、产品培训、价格建议等；
4.3监控产品营销绩效，发现问题并提出对策和建议。
1、	市场研究
1.1建立血糖检测在智能穿戴应用中的情报收集体系：包含潜在需求、潜在客户、产品反馈、竞品信息等；
1.2组织市场调研，做好可行性研究，客户满意度调查。
2、	产品规划
2.1新产品项目的可行性分析、战略规划、技术路线规划；
2.2制定产品业务计划、产品开发需求，提出产品改进和升级建议。
3、产品开发的监督和指导
 3.1指导开发人员理解客户需求和产品需求，协助解决开发过程中的问题；
 3.2控制开发进度，做好进度表的监控。
4、产品营销管理与支持
 4.1和销售部共同制定产品营销目标和实施计划；
 4.2支持销售人员工作，协助制定解决方案、产品培训、价格建议等；
4.3监控产品营销绩效，发现问题并提出对策和建议。

任职资格:
a)	硕士及以上学历
b)	具备消费/医疗电子市场工作经验，有与大型消费电子芯片企业合作经历***
c)	英文支持日常交流
d)	掌握大客户接待礼仪
e)	产品理解力，敢于想象
f)	清晰的表达逻辑与能力
g)	适应海内外出差",市场调研 产品规划 培训,https://jobs.51job.com/suzhou-gyyq/173177894.html?s=sou_sou_soulb&t=0_0&req=b43f9bfedb2a30a9dcd136e10069dd05
产品经理(J11013),苏州联讯仪器,2-3.5万·15薪,苏州·高新区,苏州,本科,7年,2026-06-30 10:59:08,job51,"工作职责:
1.客户对接与需求挖掘：主导客户需求调研，聚焦先进封装设备机械产品，输出精准需求说明与规划依据。
2.产品全流程管控：负责产品从规划到应用的全生命周期管理，制定roadmap，协调跨部门推进落地，满足客户量产与质量要求。
3.协助产品组与竞品研判：跟踪行业技术与政策动态，分析竞品优劣势，提出差异化产品策略与创新方向。
4.跨部门协同保障：联动研发、生产、销售团队，提供技术支持、解决量产问题，助力客户交流与投标成功。
5.专业文档输出：编制产品手册、技术规范等文档，参与行业标准研讨，提升产品认可度。
任职资格:
1.本科及以上，机械工程等相关专业985,211学历优先，3-5年半导体设备产品经验。
2.熟悉芯片封装工艺优先或者芯片测试工艺。
3.有机械类产品从0到1规划上市或市场突破的成功案例。擅长将客户模糊需求转化为清晰产品指标，推动技术落地。
4.具备优秀沟通协调、商务谈判及项目管理能力，高效联动内外部资源。
5.市场敏感度与数据分析能力强，能依据反馈优化产品策略。",技术支持 投标 商务谈判 项目管理 数据分析,https://jobs.51job.com/suzhou-gxq/172733079.html?s=sou_sou_soulb&t=0_0&req=b43f9bfedb2a30a9dcd136e10069dd05
工业产品经理,江苏宋和宋智能科技,2-2.5万,苏州·苏州工业园区,苏州,本科,3年及以上,2026-07-28 10:20:15,job51,"本岗位负责公司机械工业设备/整机产品全生命周期、全链路产品规划与管理工作，贯穿市场调研、产品分析、定位规划、方案落地、迭代优化全流程，联动研发、生产、销售、售后各部门，推动产品市场化、商业化落地，提升产品市场竞争力与盈利水平。核心职责如下：
1. 市场调研与行业分析：持续深耕机械制造、智能制造行业市场，调研行业发展趋势、上下游产业链动态、政策导向及技术迭代方向；精准分析竞品产品参数、功能亮点、定价体系、销售策略及优缺点，定期输出行业调研报告、竞品分析报告，为产品决策提供数据支撑。
2. 用户需求挖掘与梳理：对接经销商、终端工厂客户、销售及售后团队，深度挖掘工业设备终端使用场景、客户核心痛点、功能需求及定制化需求；对需求进行分类、筛选、研判、优先级排序，搭建标准化需求管理体系，避免无效研发与资源浪费。
3. 产品定位与规划：结合市场趋势、竞品优势、客户需求及公司技术、生产资源，负责新品产品定位、市场定位、价格定位及差异化优势打造；制定产品短期迭代计划、中长期产品布局规划，明确产品核心卖点、目标客群及市场切入策略。
4. 全链路产品落地管理：主导新品从立项、方案设计、研发评审、样机测试、试产验证到批量上市的全流程跟进，输出产品立项报告、需求规格说明书、产品方案文档；协调研发、工艺、生产、供应链等部门，解决产品落地过程中的各类问题，保障项目按时落地。
5. 产品市场化与迭代优化：产品上市后，联动销售、市场团队输出产品推广资料、卖点手册、技术宣讲素材；持续跟踪产品市场销量、客户反馈、使用差评、故障问题，复盘产品市场表现，制定产品迭代、优化、升级方案，持续优化产品体验与产品竞争力。
6. 产品生命周期管理：负责现有产品线的规整、优化与迭代，梳理产品矩阵，淘汰落后、低效、无市场产品，优化产品结构；统筹产品标准化、系列化规划，提升产品通用性、兼容性，降低生产与研发成本。
六、任职要求
1. 学历专业：本科及以上学历，机械设计制造、机电一体化、智能制造、工业工程等相关理工科专业优先。
2. 工作经验：3年及以上机械制造/工业设备/智能制造行业产品经理工作经验，熟悉工业整机、机械设备、自动化设备类产品全链路开发与管理，有成熟新品从0到1落地经验者优先。
3. 核心能力：具备扎实的市场调研、竞品分析、需求拆解、产品定位能力，能够独立完成产品规划、立项及全流程推进；熟悉机械产品研发、生产、测试流程，了解工业设备核心结构、技术原理及行业主流工艺。
4. 职业技能：熟练输出产品调研报告、竞品分析、立项方案、产品规格书等各类产品文档；具备良好的跨部门沟通协调能力、项目推进能力、逻辑思维能力和市场敏感度，能够精准捕捉行业机会与客户痛点。
5. 综合素质：具备较强的目标感、责任心和抗压能力，拥有工业品商业化思维、成本思维和用户思维，熟悉To B工业产品销售逻辑与市场规则。
6. 优先条件：有工程机械、自动化设备、通用机械、智能装备等相关行业从业经验者优先；具备研发转产品、技术型产品经理经验者优先。",产品规划 市场调研 竞品分析 方案设计 供应链 产品迭代 产品文档,https://jobs.51job.com/suzhou-gyyq/173061872.html?s=sou_sou_soulb&t=0_0&req=bfa341efaa7da6bf983b2bec8878ee3b
产品经理/主管,苏州无界妙控科技,2-3万·15薪,苏州·吴中区,苏州,本科,5年及以上,2026-06-30 10:27:11,job51,"【工作内容】
1、负责产品的全生命周期规划，制定产品路线图及功能定义；
2、深入调研用户需求与竞品动态，输出高质量的产品需求文档（PRD）及原型设计；
3、协同研发、测试及供应链团队推进项目落地，确保产品按时按质交付并符合车规标准；
4、监控产品上市后的市场表现与用户反馈，持续优化迭代以提升产品竞争力。

【任职要求】
1、本科及以上学历，机械、电子、计算机或汽车工程相关专业，具备5年以上产品经验；
2、精通产品开发流程，熟悉ASPICE、IPD等管理体系，掌握Axure、Visio等工具；
3、具备优秀的逻辑思维能力与跨部门沟通协调能力，能独立主导复杂项目推进；
4、对智能驾驶、车联网技术有深刻理解，抗压能力强，能适应出差及弹性工作节奏。",SPI 原型设计 供应链 PRD,https://jobs.51job.com/suzhou-wzq/172735207.html?s=sou_sou_soulb&t=0_0&req=bfa341efaa7da6bf983b2bec8878ee3b
海外内窥镜产品经理,飞依诺科技,1.8-2.2万·13薪,苏州·苏州工业园区,苏州,本科,3-8年,2026-07-27 09:59:37,job51,"工作地点： 中国 · 苏州
部门归属： 海外市场部
岗位性质： 全职

【岗位概述】
作为公司内窥镜业务拓展的核心岗位，该职位将全面负责公司内窥镜产品在海外市场的市场定位、产品推广、临床专家网络建设与活动营销。候选人需结合临床趋势、用户需求与竞争格局，制定产品的市场策略，驱动新品上市（NPI）流程，提升海外市场产品竞争力与品牌影响力。

【岗位职责】
1.负责公司内窥镜产品在海外市场的整体市场规划、产品定位与推广策略制定，并组织实施年度行动计划。
2.主导新产品上市流程（NPI），协调上游产品、研发、销售等多方资源，推动新产品在重点区域成功落地。
3.撰写内窥镜产品相关的销售工具包（含产品资料、产品PPT、临床卖点话术、培训课件等），并为海外销售团队及相关人员提供系统化培训。
4.建设和维护国际临床专家网络，推动专家背书与本地化学术合作。
5.负责内窥镜学术会议、学术推广活动的组织工作，提升品牌专业形象与产品认知度。
6.跟踪并分析全球市场动态、学术前沿、竞品布局与用户反馈，为产品优化升级与战略调整提供支持。
7.支持海外重点市场的项目申报、渠道需求调研、注册策略协同与销售辅助材料准备。
8.同时承担超声产品的部分产品营销工作，具备多产品线的整合与支持能力。

【任职资格】
1.医学、生物医学工程、市场营销等相关专业本科及以上学历。
2.具备临床医疗行业，产品完整的市场策划经验，有内窥镜或腔镜类产品经验者优先。
3.熟悉市场调研、竞品分析与用户画像构建流程，具备独立思考与战略制定能力。
4.英语听说读写能力优秀，能够胜任演讲与培训；有海外学习/工作经验者优先。
5.拥有良好的跨文化沟通能力、项目推动能力与团队合作意识，
6.可接受各区域的海外出差。",培训 市场调研 竞品分析 NPI,https://jobs.51job.com/suzhou-gyyq/166530428.html?s=sou_sou_soulb&t=0_0&req=bfa341efaa7da6bf983b2bec8878ee3b
低空经济产品经理,深圳市汇川技术,4-8万·15薪,苏州,苏州,硕士,8年及以上,2026-07-22 10:52:24,job51,"岗位职责
行业与市场战略规划
深度调研低空经济赛道（载人 eVTOL、重载工业无人机、通航飞行器）市场需求、空域政策、国内外竞品格局，跟踪航空电推进、高压机载驱动、多电机协同控制前沿技术趋势；结合公司电力电子、伺服电机核心优势，输出低空动力产品线中长期产品规划，制定完整 Roadmap，明确新品预研、迭代升级、存量优化、退市全周期计划。
产品定位与差异化策略制定
定义机载高压变频驱动器、航空永磁同步推进电机、整机动力总成产品定位、目标客户（飞行器主机厂、航空院所、物流 / 巡检无人机企业），打造轻量化、高可靠、冗余安全、高功率密度国产电推进差异化竞争方案；输出完整市场价值主张、行业落地解决方案。
新产品全流程定义与落地
独立完成 MRD/PRD 撰写，主导 0-1 新一代低空动力总成产品立项评审、指标定义；联动硬件、软件、电机、测试、工艺研发团队，全程监控开发进度、成本、质量，把控航空级环境、EMC、功能安全设计标准，保障产品按时完成台架验证、整机适配、批量上市。
存量产品生命周期运营
负责在售无人机 / 飞行器动力电控、电机产品持续迭代优化，覆盖性能提升、轻量化降本、散热 / 绝缘可靠性改进、多场景工况拓展；跟踪产品市场销量、客户反馈、故障数据，动态调整产品迭代与市场推广策略。
竞争分析与行业技术预研
持续对标海外航空动力厂商、国内头部 eVTOL 企业动力方案，拆解竞品拓扑、控制架构、热管理、适航设计优缺点；牵头前沿技术预研（SiC 机载高压平台、多电机分布式冗余、航空高效冷却拓扑），攻克行业动力系统卡脖子痛点；同步跟进民航适航相关标准，保障产品合规落地。
跨部门协同与商业化支撑
对接销售、售前团队输出行业方案、技术宣讲材料；协同供应链完成航空级器件选型与成本管控；统筹行业展会、客户技术交流，收集一线客户工艺与工况需求，反向驱动产品迭代。
任职要求
学历专业：硕士及以上，电力电子、电机与电器、航空航天、自动化、控制工程相关专业；
从业年限：8 年以上低空 /eVTOL/ 航空动力、车载电驱、大功率伺服传动产品经理完整经验，五级专家定位要求具备完整动力总成产品线全盘规划经验；
行业硬性经验（满足其一）
① eVTOL 企业动力系统 / 机载电控产品负责人；
② 614 所、608 所、航空工业等航发院所伺服控制、航空动力系统项目 / 产品主管；
③ 头部新能源车企电驱产品线产品经理，有大功率多电机协同、高压电控集成规划经验；
④ ABB、西门子、汇川等工控大厂大功率伺服 / 高压变频产品经理，有移动重载多轴驱动产品规划落地经验；
专业能力
精通机载推进电机、高压变频器、多电机同步控制、动力冗余安全、轻量化热管理设计；能独立输出产品路线图、MRD/PRD、竞品深度分析报告；熟悉 CCAR 适航、DO-160 航空环境标准、功能安全基础规范；具备从 0 到 1 定义整机动力平***整项目经验；
综合能力
极强跨部门推动能力，可统筹多研发团队落地长期预研项目；具备顶层技术路线判断能力，能自主规划前沿技术落地；具备行业资源、客户资源优先；抗压性强，可独立完成行业 Mapping、客户深度技术交流。",分布式 产品规划 产品迭代 市场推广 合规 供应链,https://jobs.51job.com/suzhou/172998568.html?s=sou_sou_soulb&t=0_0&req=bfa341efaa7da6bf983b2bec8878ee3b
产品部经理,浙江白马科技,3.5-6.5万·13薪,苏州·吴中区,苏州,本科,8年及以上,2026-07-09 15:23:36,job51,"（工作地点：可选上海或苏州）

一、岗位职责 

1. 战略规划与市场洞察 
(1) 行业研判：深入研究欧美及全球庭院机器人市场，分析竞品动态、技术路线及用户痛点。
(2) 产品路线图：制定3年的产品路标规划，明确产品矩阵，平衡技术创新与成本结构。

2. 全生命周期管理 (PLM) 
(1) 需求定义：主导用户调研与VOC（客户声音）分析，将模糊的市场需求转化为清晰的PRD文档及技术规格书。
(2) 研发协同：带领团队与结构工程、电子工程、算法（SLAM/路径规划）、APP开发团队紧密协作，确保产品按节点交付。
(3) 上市发布 ：协同营销、销售团队制定上市策略，定义核心卖点（USP），定价策略及渠道政策。
(4) 生命周期运营：监控上市后产品表现（退货率、NPS评分、故障率），驱动软件OTA升级与硬件改版迭代。

3. 团队管理与能力建设 
(1) 团队搭建：招募并培养资深产品经理，建立梯队化人才队伍。
(2) 跨部门协调：协调供应链、质量、售后等部门资源，解决项目推进中的重大阻碍。

4. 技术与供应链把控 
(1) 关键技术决策：参与核心传感器选型、芯片平台选型及底盘结构设计评审。
(2) 成本管理：协同采购与供应链，持续优化BOM成本，达成公司毛利目标。

 
二、任职要求

1. 本科及以上学历，机械工程、自动化、计算机科学、电子信息等相关专业优先。
2. 8年以上智能硬件产品经理经验，拥有团队管理经验。
3. 具有智能割草机、扫地机器人、商用清洁机器人或无人机等移动机器人产品经验优先。
4. 熟悉IPD产品开发管理体系、移动机器人技术和数据分析。
5. 完整经历过至少一款智能硬件产品从0到1，再从1到N的规模化量产过程。
6. 熟悉欧美用户产品需求与生活习惯，英语听说读写可作为工作语言。",SLAM 用户调研 团队管理 供应链 采购 数据分析,https://jobs.51job.com/suzhou-wzq/172855768.html?s=sou_sou_soulb&t=0_0&req=bfa341efaa7da6bf983b2bec8878ee3b
产品经理（塑料行业）,江苏海侑企业服务,2-3.5万·13薪,苏州,苏州,本科,5年及以上,2026-07-22 11:59:13,job51,"岗位职责:
1、建立产品数据库：掌握牌号核心性能，建立标准化产品性能数据库，明确各牌号下游应用场景适配标准。
2、开展市场与需求调研：调研竞争环境，市场主要玩家及直接竞对/产品动态；产品需求分布、价格敏感度及竞品替代情况，输出产品需求分析报告；同步反馈至生产、研发部门，指导工艺优化及研发方向适配。
3、建立客户反馈收集机制：全面收集产品及方案使用反馈，梳理核心改进需求并转化为研发、生产优化建议；结合市场趋势提出产品升级及衍生产品开发建议，推动产品价值延伸。
4、新产品策划与产品管线制定：基于市场需求、竞争分析及公司战略，牵头制定产品短中长期规划，明确迭代方向、升级重点及市场拓展路径，***化产品生命周期价值。
5、产品生命周期管理，对于新旧产品的上市与退市负责：明确产品市场定位，策略，提升市场竞争力。
6、市场调研与竞品分析：系统开展所负责产品全维度调研，覆盖公司航道相关行业等下游领域发展趋势与技术革新方向，输出定期市场调研报告支撑战略决策；聚焦国内外主流竞品，分析其性能优势与技术壁垒，输出竞品分析报告，明确公司产品差异化定位以支撑市场策略制定。
7、对销售的月度、季度，全年销售指标对应的产品指标负责和跟进解决实际问题。
8、领导交给的任务及公司的一些横向项目参与和管理。

任职资格：
1、本科以上，化工背景学历
2、5年以上相关行业经验
3、做过产品全生命周期管理，有产品落地经验
4、较强的逻辑思维能力及场面掌控力，可以协同研发、销售、供应链、客服等部门，推动从寻找资源到交付的全流程；
5、态度积极，能适应高强度的快节奏的工作环境。",需求分析 市场调研 竞品分析 供应链,https://jobs.51job.com/suzhou/173000610.html?s=sou_sou_soulb&t=0_0&req=bfa341efaa7da6bf983b2bec8878ee3b
（海外岗位）产品经理,江苏芯梦半导体设备,1.5-2.5万,,苏州,本科,2年及以上,2026-06-11 10:31:47,job51,"工作内容：
1、根据业务提供的客户需求，组织项目方案实施评审，负责项目技术方案PPT编写及介绍讲解;根据客户需求，进行机台配置/RFQ的撰写和对接;
2、根据海外客户需求，负责常规机台材料成本预估，为业务提供招标资料填写支持;
3、根据项目RFQ及客户需求，负责厂内项目启动;
4、负责海外机台出货后的成本二次核算;
5、负责协助销售进行客户其他技术需求对接;

任职条件：
1、英语可作为工作语言，本科及以上学历，机械/自动化/材料/化学/流体等相关专业为佳（海归优先）
2、有2年以上设备/工艺/项目管理工作经验者优先
3、具有半导体(晶圆制造/集成电路/先进封装)行业、光伏、液晶面板行业湿法行业优先熟练使用二维(AutoCAD)和三维(So1idworks)绘图软件，熟练使用Exce1、Word、PPT等办公软件
4、熟悉设计标推，熟悉常用金属与非金属材料性能，熟悉焊接、加工、表面处理、装配等工艺
5、具有良好的沟通能力、责任心、敬业精神和团队合作精神，工作积极主动、认真仔细",技术方案 项目管理 AutoCAD So1idworks Word,https://jobs.51job.com/all/172509826.html?s=sou_sou_soulb&t=0_0&req=bfa341efaa7da6bf983b2bec8878ee3b
产品经理/主管,苏州州伊信息科技,1.5-3万,苏州·高新区,苏州,大专,3年及以上,2026-07-26 16:52:04,job51,"【工作内容】
1、负责汽车电子或零部件产品的全生命周期管理，制定产品规划与迭代路线图；
2、深入分析行业趋势及竞品动态，挖掘用户痛点，输出高质量的产品需求文档；
3、协调研发、测试、供应链等多部门资源，推动项目按时保质交付并解决技术难题；
4、主导产品上市后的市场反馈收集与数据分析，持续优化产品功能以提升竞争力；
5、参与制定产品定价策略及营销方案，配合销售团队完成客户技术交流与商务支持。

【任职要求】
1、大专及以上学历，机械、车辆工程、自动化或计算机相关专业，具备3年以上汽车行业经验，屏幕类，汽车显示屏类优先；
2、精通产品管理方法论，熟悉汽车研发流程（IPD）及APQP等质量管理工具；
3、具备优秀的逻辑思维与数据分析能力，能熟练运用Axure、Visio、XMind等工具；
4、拥有良好的跨部门沟通协调能力及抗压能力，能适应高强度项目推进节奏；
5、对新能源汽车、智能驾驶或核心零部件领域有深刻洞察者优先，持有PMP证书加分。",产品规划 供应链 数据分析 IPD Visio,https://jobs.51job.com/suzhou-gxq/173042891.html?s=sou_sou_soulb&t=0_0&req=bfa341efaa7da6bf983b2bec8878ee3b
产品经理,浙江孔辉汽车科技,2-3万,苏州·虎丘区,苏州,本科,3年及以上,2026-06-26 09:04:41,job51,"岗位职责：
1、对接整车厂或海外客户，收集相关需求；
2、组织内部研发（结构、硬件、软件、测试）协同工作；
3、输出产品需求、技术方案要求，跟进开发与验证进度；
4、协调资源，管控项目节点与交付质量；
任职要求：
1、3年以上产品/项目经验，有汽车零部件或悬架系统相关经验优先考虑；
2、了解空气弹簧、减振器、稳定杆等基本原理，能和技术团队讨论方案可行性；
3、英语可作为工作语言。",技术方案,https://jobs.51job.com/suzhou-hq/172696302.html?s=sou_sou_soulb&t=0_0&req=bfa341efaa7da6bf983b2bec8878ee3b
产品经理/主管,星工聚将（苏州）智能科技,2-4万·15薪,苏州·吴中区,苏州,本科,3年及以上,2026-07-08 17:15:01,job51,"工作职责：
1. 负责协作机器人/N轴机械臂/感知系统产品的市场调研分析，持续关注硬件行业动态、技术趋势和竞争对手产品；
2. 负责产品规划与定义，深入调研目标客户需求、使用场景和痛点，制定硬件产品的规划和路线图；
3. 负责撰写详细的产品需求文档，包括产品功能描述、用户界面设计、技术规格、性能指标、成本策略等；
4. 负责跟进研发团队的产品设计和开发过程，确保符合需求和质量标准，并主持后续产品的改进和优化。
任职要求：
1. 本科及以上学历，3年以上硬件产品管理经验，有成功的硬件产品上市案例，有机器人，关键零部件产品经验优先；
2. 具备较强的市场洞察力和创新能力，能够准确把握市场需求和趋势，有成熟客户资源者优先；
3. 熟悉硬件产品开发流程，包括电子、机械、软件等，具备良好的技术背景，了解电子电路、嵌入式系统、结构设计等知识；
4. 熟练掌握产品管理工具和方法，如需求分析、项目管理、市场调研等；
5. 必须具备丰富的ODM合作经验或优质上游资源。""",市场调研 产品规划 产品设计 需求分析 项目管理,https://jobs.51job.com/suzhou-wzq/172843578.html?s=sou_sou_soulb&t=0_0&req=bfa341efaa7da6bf983b2bec8878ee3b
产品经理,苏州纬旭智能装备,2-2.7万,苏州·吴江区,苏州,本科,5年及以上,2026-08-07 17:25:42,job51,"岗位职责： 
1.负责半导体设备产品的全生命周期管理，包括需求分析、产品规划、设计开发及迭代优化 
2.协调研发、生产、销售等部门，推动半导体设备产品项目落地并监控执行进度 
3.分析市场动态及竞品信息，制定半导体设备产品的差异化竞争策略 
4.收集客户反馈，持续改进产品性能与用户体验 

任职要求： 
1.本科及以上学历，半导体、机械、电子等相关专业优先 
2.5年以上半导体设备行业经验，熟悉产品开发流程及行业技术标准 
3.具备跨部门协作能力，能高效推动项目进展并解决技术问题 
4.对半导体设备市场趋势有敏锐洞察力，能独立制定产品策略",需求分析 产品规划 跨部门协作,https://jobs.51job.com/suzhou-wjq/170694850.html?s=sou_sou_soulb&t=0_0&req=bfa341efaa7da6bf983b2bec8878ee3b
半导体产品经理/Marketing,扬州扬杰电子科技,1.3-2万·13薪,苏州·吴中区,苏州,本科,3年及以上,2026-07-20 15:22:47,job51,"1.作为品牌愿景/战略目标/品牌定位及品牌建设者，制定品牌传播策略，帮助公司建立品牌认知，信任，认同感，推动战略品牌落地。
2.通过对产品生命周期的管理，协调运营和销售团队，促进产品的成功上市、销售、退市，对产品的经营结果负责。
3.通过制订市场调研方案并实施，研究行业市场，为公司发展、产品策略提供支持。
4.获取产品定制需求，评估、统筹并推动需求达成
5.拉通研发端和市场端的项目进度，发现问题并推动解决问题。",市场调研,https://jobs.51job.com/suzhou-wzq/172972542.html?s=sou_sou_soulb&t=0_0&req=bfa341efaa7da6bf983b2bec8878ee3b
高级产品经理,南京生命智树企业管理咨询,30-60万/年,苏州·吴中区,苏州,本科,3年及以上,2026-06-15 10:29:35,job51,"一、岗位职责：
1.市场与用户洞察：
深入进行市场研究、用户访谈和竞品分析，持续追踪全球消费级3D打印市场趋势；定义用户画像，并基于此构建清晰的产品路线图（Product Roadmap）。
2.产品规划与定义：
负责产品从概念到上市的全生命周期管理；主导产品定义，包括硬件规格（如运动系统、耗材兼容性）、软件功能（切片算法、用户界面）和云服务特性的设计。
3.项目推进与跨部门协作：
作为项目的核心驱动者，协同硬件、软件、固件、算法和设计团队，确保产品开发按计划进行；分析产品销售数据、用户反馈和产品表现，持续迭代优化产品，规划后续版本功能。

二、任职要求：
1、本科及以上学历，工程、计算机、工业设计等相关专业优先。
2、三年以上硬件产品经理工作经验，拥有智能硬件、消费电子产品、机器人或相关领域的成功产品案例。
3、有负责涉及硬件、软件和云服务一体化的复杂产品经验，或者有从0到1或从1到10打造成功硬件产品的完整经历，或者具备国际视野，有面向全球市场的产品规划经验",竞品分析 产品规划 跨部门协作 Roadmap,https://jobs.51job.com/suzhou-wzq/172552065.html?s=sou_sou_soulb&t=0_0&req=bfa341efaa7da6bf983b2bec8878ee3b
产品经理（复材+汽车）,江苏亨睿碳纤维科技,2-3万·13薪,苏州,苏州,本科,8年及以上,2026-08-06 08:41:33,job51,"岗位职责： 
1、在项目过程开发中，对于技术团队成员的管理，合理安排工作和提升效率；
2、根据客户的输入，制定新项目的先期方案策划与方案编制；
3、配合销售部，根据客户需求和输入，对新项目进行成本核算；
4、主导产品过程开发的工检模评审、材料选择、DVP实验、产品试做、外观质量和性能认可等开发工作。与客户协商确定相关技术要求并组织相关人员讨论评审，制定产品标准及其他技术文件；
5、主导产品开发和试产过程中的开发问题改善；
6、开发过程中，合理的控制开发成本；
7、在产品开发过程中，根据项目计划，组织人员完成研发类APQP相关文件，协助项目经理达到APQP时间节点。
岗位要求：
1、本科及以上学历，能力和经验特别突出者可适当放宽。
2、复合材料、高分子材料或相关专业，8年以上复合材料制品技术开发和项目管理经验，有碳纤维汽车零部件经验优先。
3、熟悉各类复合材料制造工艺，熟悉复合材料开发过程中的模具设计、工装设计、产品设计，熟悉产品过程开发程序，对复合材料材料选材，铺层设计、连接设计，装配制造等特性知识有较深认识。
4、具有较强的项目开发综合管理能力，能够合理协调和分配各类资源，善于进行技术和商务沟通。能积极主动领导团队进行合作开发，具有良好的问题分析能力和解决能力。熟练使用英语进行工作交流和沟通者优先。
5、熟悉汽车体系IATF16949相关开发流程和内容。
6、熟练掌握office各类办公软件。熟悉CATIA，能阅读相关图纸，了解fibersim铺层设计软件。了解复合材料性能仿真知识。",项目管理 产品设计,https://jobs.51job.com/suzhou/173168518.html?s=sou_sou_soulb&t=0_0&req=bfa341efaa7da6bf983b2bec8878ee3b
产品GTM经理,苏州和林微纳科技,1.5-2.5万,苏州·虎丘区,苏州,本科,5年及以上,2026-06-23 09:35:46,job51,"具体要求：
熟悉公司产品及相关产品的行业市场信息；
较强的沟通对接能力及敏锐地市场信息捕捉和项目统筹能力 至少5年以上机械设备类或制造类项目管理经验或者半导体相关行业经验优先
态度坦诚，自信，高度的工作热情；
独立工作能力及团队合作的精神； 具有较强的英语及Microsoft和CRM软件应用能力
岗位职责：
- 主导产品策略制定，结合行业技术趋势、市场需求及公司技术优势，与研发部一起合作规划产品线布局、明确产品定位与差异化路径，输出产品中长期战略与年度规划。
- 统筹此产品相关全链路市场营销工作，包括产品市场分析、消费者洞察、概念测试、卖点提
炼、定价策略及上市节奏把控，有效的市场内容搭建并获取客户线索。
- 深入研究半导体或相关上下游行业趋势、竞品动态及消费者行为变化，挖掘高潜力的细分赛道；针对目标用户，输出精准的用户画像和产品需求报告
- 承担技术与市场协同职责，传递市场需求、解读产品技术亮点，管控市场预算，联动各部门推动公司业务增长",ROS 项目管理,https://jobs.51job.com/suzhou-hq/171224750.html?s=sou_sou_soulb&t=0_0&req=bfa341efaa7da6bf983b2bec8878ee3b
产品经理,墨光新能科技（苏州）,1.8-2.5万,苏州·高新区,苏州,本科,5年及以上,2026-07-30 14:12:13,job51,"岗位职责
1．根据公司产品技术规划，负责降温材料产品全生命周期管理，包括但不限于：市场/客户需求分析、产品方案制定、客户认证、新产品上市支持等；
2． 收集整理产品用户与终端客户痛点，分析市场趋势与竞品动态，挖掘产品优化与创新点；
3．主持编制产品文件包，包括但不限于：技术说明书、安全说明书、性能与规格文件等；
4．开展内外部产品培训，包括但不限于：营销团队、渠道与代理商、客户等；
5．支持营销团队推动客户项目进展并支持市场推广。

岗位要求
1．大学本科及以上学历，化学、化工、材料等相关专业；
2．具有5年以上的涂料及相关行业产品管理工作经验，参与过新产品商业化全流程，；
3、具有良好的人际沟通能力，有主动学习和独立思考能力；
4、具有主持新产品上市全流程经验者优先，熟悉项目管理方法与工具者优先。",需求分析 培训 市场推广 项目管理,https://jobs.51job.com/suzhou-gxq/173098443.html?s=sou_sou_soulb&t=0_0&req=bfa341efaa7da6bf983b2bec8878ee3b
资深产品经理（Agent方向）,江苏哈森工业智能装备,1.8-3.5万,太仓,苏州,本科,5年及以上,2026-06-25 11:26:11,job51,"岗位职责

负责AI工业软件产品规划与落地，深入制造业业务场景，推动AI技术与研发设计、工艺管理、生产制造流程深度融合。

主要工作包括：

负责AI工业产品整体规划、需求分析及产品设计
深入理解制造业研发、工艺、生产、供应链等业务流程
梳理并沉淀企业知识体系、业务规则及核心流程
推动AI Agent、知识库、自动化工作流在制造业场景落地
与研发团队共同设计AI自动建模、工艺匹配、BOM生成等核心能力
输出高质量PRD、原型设计、业务流程图及产品方案
协调研发、业务、管理层资源，推动项目交付与持续优化
利用AI工具提升产品分析、设计及项目推进效率

任职要求

本科及以上学历
5年以上产品经理经验
具备制造业软件产品经验（ERP、MES、PLM、WMS、SRM、APS等至少一个领域）
具备复杂业务系统设计经验
熟悉制造业业务流程及管理模式
熟练使用Axure、Figma、墨刀等产品设计工具
熟悉主流AI产品及大模型应用能力
能独立完成需求分析、原型设计、产品规划及项目推动",AI Agent 大模型 产品规划 需求分析 产品设计 供应链 知识库 原型设计,https://jobs.51job.com/taicang/172684850.html?s=sou_sou_soulb&t=0_0&req=bfa341efaa7da6bf983b2bec8878ee3b
产品经理,江苏康众数字医疗科技,2-3万·14薪,苏州·苏州工业园区,苏州,硕士,3年及以上,2026-07-30 17:42:49,job51,"岗位职责 
1，产品规划与管理：负责公司产品线的市场调研、产品规划及生命周期管理。 收集并分析国内外市场需求、行业趋势及竞争产品信息，制定产品路线图和产品策略。 根据客户需求、市场机会及技术发展方向，完成产品定义及需求管理。 
2. 产品需求与方案设计：深入理解X射线影像设备系统架构，包括X射线源、探测器、图像采集、重建与软件系统。 输出产品需求文档（PRD）、产品规格说明书及功能定义文件。 组织需求评审，推动需求转化为研发方案。 
3.研发项目管理：协调研发团队（算法、软件、嵌入式、电子硬件、机械设计、系统工程等）完成产品开发。 跟踪产品开发全过程，推动项目按计划完成各阶段目标。 组织产品设计评审、技术评审及阶段验收。 
4.产品验证与上市支持：参与产品验证及客户试用，收集反馈并推动产品优化。 支持法规注册、临床/工业评价及产品认证工作。 编写产品培训资料、竞品分析报告及市场推广材料。 支持销售团队、技术支持团队及重点客户项目。 5.国际业务协同：与海外客户、合作伙伴及供应商进行技术和产品沟通。 跟踪国际X射线影像行业发展趋势。 能够使用英语进行会议交流、技术讨论及商务沟通。

任职要求
1.教育背景：硕士及以上学历；医疗器械、医学影像、生物医学工程、电子信息工程、自动化、机械工程、物理等相关专业优先。 
2.工作经验：3年以上医疗/工业X射线影像设备产品管理经验，优秀者可放宽至2年左右相关经历。 
3.有以下产品经验之一优先： DR / 平板探测器 CT / CBCT 工业X射线检测设备 医疗影像软件/整机系统研发经验 。
4.技能与能力：熟悉X射线影像设备系统组成及原理。 
具备需求分析能力和产品规划能力。 
具备跨部门项目协调能力。
英语流利，能够与海外客户、供应商及合作伙伴进行口头和书面沟通。",产品规划 市场调研 方案设计 项目管理 产品设计 培训 竞品分析 市场推广 技术支持 需求分析,https://jobs.51job.com/suzhou-gyyq/173103886.html?s=sou_sou_soulb&t=0_0&req=bfa341efaa7da6bf983b2bec8878ee3b
自动化产品经理,江苏杰士德精密工业,2.5-4万,昆山,苏州,大专,6年及以上,2026-06-24 09:00:02,job51,"目前该岗位有机械设计/软件应用两个方向可选，岗位职责如下：
产品规划阶段：
1、痛点 / 机会识别：承接需求管理流程（需求规划部）分发的市场需求、客户痛点，结合 MTL 流程的市场细分、组合分析结果，挖掘细分市场的产品机会点。
2、市场 / 竞争分析：开展目标市场规模、增长趋势、客户画像分析，完成细分市场的机会优先级排序对标竞品，分析行业标杆产品的优劣势、技术路线、定价策略，明确自身产品的差异化定位。
3、卖点设计	：基于市场痛点与竞争分析，设计产品核心卖点、价值主张与客户价值方案输出产品的差异化竞争力设计，支撑后续销售转化。
4、产品规划输出：制定产品路标规划、版本规划与业务策略输出产品规划文档、立项需求，为产品开发流程提供输入。

产品开发阶段：
1、概念阶段：承接产品规划流程的立项需求，开展产品概念设计、可行性分析
2、计划阶段：制定开发项目产品开发全流程项目计划、资源计划、质量计划与里程碑计划完成产品详细设计方案、技术方案评审，明确开发交付物与验收标准。
3、开发阶段：主导产品开发执行，统筹研发、测试、供应链等跨团队协同
跟踪开发进度、质量与风险，解决开发过程中的技术 / 业务问题开展阶段性评审，确保开发符合需求与设计要求。
4、验证阶段：组织产品测试（功能、性能、可靠性、兼容性等）、用户验证完成试产、小批量验证，解决验证阶段的缺陷与问题。
5、发布阶段：主导产品上市发布全流程，联动营销、销售、服务团队完成上市推广、渠道铺货、客户交付产品生命周期管理	""持续跟踪产品的市场表现、客户需求变化，主导产品的迭代规划、版本更新开展产品生命周期评估，制定产品的升级、退市策略，衔接下一轮产品规划。

任职资格：
1、全日制大专及以上学历、6年以上机械设计开发/软件开发经验，其中1年以上产品经理经验优先；或4年以上机械设计开发/软件开发经验，2年以上项目管理经验；
2、. 熟练使用solid works 软件、PLM系统等；
3、对数据分析具有一定的敏感性，会使用数据发现设备问题 ，如设备的工装动静态数据\CPK\GRR\Correlation 等；
4、需求洞察与分析能力：精准拆解市场需求、挖掘客户痛点，结合市场细分、组合分析识别产品机会点。
5、市场与竞品分析能力：测算市场规模、研判增长趋势、梳理客户画像；对标竞品分析优劣势、技术路线、定价，制定差异化定位。
6、产品策划与卖点打造能力：提炼产品核心卖点、价值主张，设计客户价值方案与差异化竞争力。
7、规划能力：独立制定产品路标、版本规划、业务策略，撰写产品规划文档、立项材料。",产品规划 技术方案 供应链 项目管理 数据分析 竞品分析,https://jobs.51job.com/kunshan/172662535.html?s=sou_sou_soulb&t=0_0&req=bfa341efaa7da6bf983b2bec8878ee3b
热管理产品经理,中绿空间液态金属科技（江苏）,2-3万,昆山,苏州,本科,5年及以上,2026-06-24 10:39:20,job51,"岗位职责：
1.负责数据中心、储能、军工等领域热管理产品的规划，并完成实验到市场论证工作；
 2.负责市场、行业调研分析，能够把握产品市场方向和趋势，并规划产品方向；
 3.负责市场分析论证、产品需求论证，以及产品拓展和推广的分析论证工作；
 4.负责产品实现，与研发团队紧密配合，完成产品设计、方案、用户方案、推广策略等工作； 
5.完善产品、市场、研发团队的配合工作，完善产品推广策略，引导技术与产品从研发端到市场端的转化。
 任职条件：
 1本科及以上学历，5年及以上相关工作经验；
 2.熟悉热管理相关产品设计开发流程，曾主导产品全生命周期工作； 3.熟悉水、油等流体换热回路，管壳式、板翅式换热器，制冷系统等常见散热相关产品的设计与开发；
 4.熟练应用SW三维建模软件，制作工程图纸；
 5.具备良好的沟通协调能力，及统筹产品相关经验；
 6.熟悉数据中心、储能、军工等领域的热管理需求及热管理产品。",产品设计,https://jobs.51job.com/kunshan/161237406.html?s=sou_sou_soulb&t=0_0&req=5a4a8c949b60a55c1250ab0511cf9542
产品经理（技术支持）,科瑞工业自动化系统（苏州）,1.2-2.4万·13薪,苏州·吴中区,苏州,本科,5年及以上,2026-07-16 10:59:22,job51,"岗位职责： 
1）负责客户应用选型，实验及培训； 
2）组织客户和销售工程师产品知识的培训； 
3）负责客户的售前、售后服务，产品调试等； 
4）负责新产品的导入，产品资料的编写。 


任职资格： 
1）全日制统招本科及以上学历，自动化、电子、电气、机械、测控等相关专业； 
2）5年以上工控自动化技术应用及传感器相关行业经验；
3）熟悉传感器或相关工控产品的原理及应用，具有扎实的理论和应用知识； 
4）较强的市场开发能力和行业拓展、及产品管理能力； 
5）具有较强的表达沟通能力，能独立完成产品培训及应用讲座； 
6）英语熟练，CET-4，能够独立编写相关英文技术文档和产品资料，和国外专家进行技术沟通； 
7）能够承受较强的工作压力，能经常出差。",培训 技术文档 CET-4,https://jobs.51job.com/suzhou-wzq/58060163.html?s=sou_sou_soulb&t=0_0&req=5a4a8c949b60a55c1250ab0511cf9542
国际产品经理（IVD）,江苏宏微特斯医药科技,1.7-2万·13薪,苏州·高新区,苏州,硕士,3年及以上,2026-07-29 08:53:03,job51,"岗位职责：
1. 市场调研:依据公司国际市场产品布局规划，调研全球IVD市场动态(如竞品情况、法规变化、市场及客户需求等)，输出调研报告;
2. 产品管理:负责国际市场产品上市后管理，包括产品销售工具包制作、产品推广支持、产品上市后销售数据监测以及产品迭代和优化需求管理等;
3. 会议管理:根据公司国际市场产品布局规划，主导国际展会的产品推广策略(制定各地区展会推广主题和策略);
4. 客户管理:协助海外销售团队建立并维护代理商和特定终端，收集用户反馈，为产品优化、迭代和新增提供支持。
任职要求
1. 3年以上国际市场产品管理经验，具有分子诊断产品管理经验为佳;
2. 熟悉***检测产品主流技术和应用场景，熟悉分子诊断技术(PCR、NGS等)优先;
3. 英语流利，可独立进行商务谈判及英文演讲。",市场调研 产品迭代 商务谈判 PCR,https://jobs.51job.com/suzhou-gxq/168677853.html?s=sou_sou_soulb&t=0_0&req=5a4a8c949b60a55c1250ab0511cf9542
APeC Datacenter Technical Marketing,意法半导体（中国）投资,3-4万·13薪,苏州,苏州,本科,6年及以上,2026-07-02 13:42:54,job51,"12514 - APeC Datacenter Technical Marketing Senior Engineer
Responsibilities and Qualifications for Internal Candidates	
Who we are 
APeC Datacenter Organization's mission is to expand ST business in applications related to AI datacenters and to cover all APMS and MDRF products, with a focus on discrete, analog, and microcontrollers.
We are seeking a highly motivated Technical Marketing Engineer to drive the demand creation, design-win pipeline, and market share growth for our Power and Discrete semiconductor portfolio across the Key *** account located in China. This role will be dedicated to the booming AI and Data Center infrastructure segment. 
In this role, you will adapt global product strategies to fit regional dynamics, enable local sales/distributors, and interface directly with the key regional accounts to secure high-value design-ins for our advanced MOSFETs (both LV and HV), Wide Bandgap (GaN/SiC) devices, SiC and Si Rectifiers as well as ESD protections. This role defines how ST hardware supports the next generation of AI server power supply units.
 
Key Responsibilities
As a Technical Marketing Senior Engineer, your job is to drive the Power and Discrete demand creation focusing on the AI Datacenter, design-in our key components, driving the market penetration of the new product, and represents the customer voice within the organization.
The role works closely with field application engineers (FAEs) to provide full technical support and expertise, and with commercial marketing, sales, and division teams to develop and execute strategies that support key business objectives.
•	***-Line Technical Marketing Support: Accompany sales teams to customer accounts, delivering compelling technical value propositions, ensure correct positioning of all the technologies and products to be taken care of.
•	Demand creation: Identify and map regional opportunities related to the AI server ecosystem, create targeted promotion plans, and ensure continuous follow-up.
•	Competitor tracking: Monitor competitor pricing, positioning, and technical value propositions, and provide critical feedback to the division to maintain a competitive edge
•	Liaise with local distributions to ensure the key accounts penetration of Power and Discrete product and keep the distributors DFAEs and sales engaged and driven on ST product promotion 
•	Collaborate with sales and commercial marketing teams to ensure proper demand visibility and anticipate market and customer demand
•	Demonstrate a strong sense of urgency and leadership in addressing critical business challenges.
 
YOUR SKILLS &amp; EXPERIENCES
•	Bachelor or master’s in Electronic Engineering or a related field
•	6+ years of experience working in semiconductor or power electronics industries supporting OEMs or system integrators in semiconductor industry 
•	Good knowledge of power electronics topologies, power semiconductors characteristics and new trending Widebandgap-based technologies for AI Datacenter. 
•	Regional Market Knowledge: Established understanding of the regional data center supply chain, hardware manufacturing hubs, and hyperscaler network. 
•	Communication &amp; Influence: Exceptional communication skills with the ability to influence cross-functional global teams and regional customers. 
•	Language Proficiency: Fluency in English to ensure effective communication with overseas divisions and stakeholders",Gin CAN GAN ROS Electron Go,https://jobs.51job.com/suzhou/172768325.html?s=sou_sou_soulb&t=0_0&req=5a4a8c949b60a55c1250ab0511cf9542
NPD Product Engineer (Driver GAN),快捷半导体（苏州）,3-4.5万·14薪,苏州·苏州工业园区,苏州,本科,10年及以上,2026-06-29 16:54:50,job51,"onsemi is currently seeking an experienced Product Engineer to develop and optimize Integrated-Driver GaN HEMT devices. This person will utilize her/his knowledge, skills, and most importantly energy and willingness to learn, to take on challenges to support onsemi’s technology and operations teams to improve the reliability and manufacturability of our GaN power device products.
Responsibilities 
The successful candidate will have strong interpersonal and communication skills, a team player who is able to work in a cross-functional, cross time-zone semiconductor environment. 
1. Technical project leader for the development &amp; release of new products
2. Participate in new product technical specification definition 
3. Responsible for planning and execution of committed product engineering key deliverables such as
1）Final test plan content relevant to customer and internal quality control requirements
2）Support prototype, customer samples, and qualification material build
3）Support product characterization, failure analysis, and reliability request
4）Product electrical parametric data analysis and yield enhancement
5）Trouble -shooting peripheral circuits: DESAT short‑circuit protection, OTP thermal protection, UVLO under‑voltage lockout, fault reporting, bootstrap circuit, dv/dt slew‑rate control
4. Basic data setup for new products in manufacturing system
5. Support manufacturing review and approval for new product release
6. Responsibility to handover completed projects to relevant sustaining engineering team members
Requirements
1. Bachelor’s degree or above, major in Power Electronics, Electrical Engineering, Automation or related fields; 
2. 3+ years of high‑power topoloties experience such as half‑bridge, LLC, totem‑pole PFC, high‑voltage Buck/Boost. 
3. Debug peripheral circuits: DESAT short‑circuit protection, OTP thermal protection, UVLO under‑voltage lockout, fault reporting, bootstrap circuit, dv/dt slew‑rate control, etc
4. Proficient in high‑frequency power topologies; skilled in oscilloscopes, double‑pulse testing, power analyzers and other test equipment; capable of debugging gate drive and full‑chain protection logic independently 
5. Familiar with Acco, ETS, powertech tester platform
6. Able to read English datasheets; strong hands‑on ability to troubleshoot hardware issues including device breakdown, oscillation and false triggering.",Gin GAN CAN ROS SAM Electron,https://jobs.51job.com/suzhou-gyyq/172726960.html?s=sou_sou_soulb&t=0_0&req=5a4a8c949b60a55c1250ab0511cf9542
产品主管Product Supervisor,昆山依拉勃无管过滤系统,1.2-1.5万,昆山,苏州,本科,3年及以上,2026-07-13 17:29:47,job51,"Key Responsibilities
1. Market Insights &amp; Product Strategy
•	Conduct market research and competitive analysis to identify customer needs, market trends, industry opportunities, and emerging applications across Asian markets. 
•	Collect and analyze feedback from customers, distributors, and sales teams to identify product improvement opportunities. 
•	Define regional product strategies, positioning, and value propositions aligned with market requirements and business objectives. 
•	Develop and maintain Asia product roadmaps, including product enhancements, localization requirements, and new product opportunities. 

2. Product Lifecycle Management
•	Manage the complete product lifecycle from market research, concept definition, localization, launch, to product performance optimization. 
•	Coordinate product adaptation and localization projects based on regional regulations, customer expectations, and market conditions. 
•	Work closely with global product teams to ensure alignment between global product strategies and Asian market needs. 
•	Monitor product performance, adoption, profitability, and customer feedback, and recommend improvement actions. 

3. Product Launch &amp; Go-to-Market Strategy
•	Develop and execute regional product launch plans in collaboration with marketing and sales teams. 
•	Define product positioning, key messages, sales tools, and marketing materials to support market penetration. 
•	Provide product training and technical support to sales teams and distributors. 
•	Support customer-facing activities, including product presentations, exhibitions, seminars, and key account engagements. 

4. Cross-functional Collaboration
•	Act as the key interface between Asia markets and Asia teams, ensuring effective communication and project execution. 
•	Coordinate with R&amp;D, marketing, quality, production, supply chain, and sales teams to drive product development and localization projects. 
•	Manage product-related requests from regional stakeholders and prioritize them based on business impact and market potential. 
•	Facilitate decision-making by providing market insights, business analysis, and customer feedback. 

5. Product Performance &amp; Business Growth
•	Establish product performance indicators and monitor key metrics, including sales growth, market penetration, product mix, and customer adoption. 
•	Analyze product profitability and market performance to identify growth opportunities. 
•	Recommend pricing strategies, portfolio optimization, and commercial actions based on market data. 
•	Prepare regular product performance reports and provide strategic recommendations. 

Qualifications &amp; Skills
•	Bachelor’s degree or above in Marketing, Chemical, Life Sciences, or related fields. 
•	Experience in product management, product marketing, or technical marketing, preferably in laboratory equipment, life sciences, industrial equipment, or related industries. 
•	Strong understanding of Asian markets, customer requirements, and B2B business models. 
•	Ability to translate customer needs and market insights into actionable product strategies. 
•	Strong project management and cross-functional coordination skills. 
•	Analytical mindset with the ability to use market data to support decision-making. 
•	Excellent communication skills with the ability to work effectively with international teams. 
•	Fluent English communication skills.

Key Competencies
•	Customer &amp; market oriented 
•	Strategic thinking and business awareness 
•	Strong ownership and execution capability 
•	Cross-cultural communication skills 
•	Data-driven decision making 
•	Product lifecycle management expertise",Gin ROS DiT Go Key Responsibilities Market Insights,https://jobs.51job.com/kunshan/172893296.html?s=sou_sou_soulb&t=0_0&req=5a4a8c949b60a55c1250ab0511cf9542
"Application Manager, BWMS",代斯米泵业技术（苏州）,2-3万,苏州·苏州工业园区,苏州,本科,8年及以上,2026-07-09 14:19:36,job51,"Applications: Ballast water systems and automation associated with the functionality of the systems. 

Responsibilities:


Application management 
-	Establish transparency and be lead on application roadmap for improvement existing and developing new products.
-	Participate in innovation and product board.
-	Lead on prioritized applications being launched via sales.
-	Product application expert – and a “go to” person.
-	In cooperation with marketing prepare material – and introduce/train sales.
-	Train relevant colleagues in products &amp; applications.
-	Support R&amp;D with product &amp; application development.

Customer and Sales support
-	Provide application specific expertise and on-site customer consultations.
-	Co visits with external sales
-	Provide technical assistance with configurations and applications.

Product development 
-	Prioritize and drive product development in accordance with DESMI product life cycle stage gate model. 
-	Present business case for new and existing products for innovation and application board. 
-	Supplier and partnership relation management for product improvement and collaboration.

Business intelligence 
-	Manage technical support and implementing of solutions to optimize business related activities.
-	Analysis of current sales footprint to develop new markets. 
-	Systematic market approach (in close cooperation with sales).
-	Follow market and competitor trends &amp; update internal relevant systems etc.
-	Support marketing with activities for developing existing and new product documentation. 

Success criteria:

-	Positive development of the business in terms of improved market position / increased market share. 
-	New and existing product launches successfully implemented in accordance with approved business case.",Go Applications Ballast Responsibilities Application Establish Participate Lead,https://jobs.51job.com/suzhou-gyyq/172853997.html?s=sou_sou_soulb&t=0_0&req=5a4a8c949b60a55c1250ab0511cf9542
PD经理/高级经理,信德管理顾问（大连）,3-4.2万·13薪,常熟,苏州,本科,7年及以上,2026-07-30 11:27:36,job51,"一. 团队管理
1. 主导产品设计团队梯队建设，根据岗位要求，落实人才招募及培养计划；
2. 根据项目进度及工作量及时调整人员分工，辅导并监督各项工作的完成，保证工作交付的质量与时效性；
3. 每个Build结束后review 团队成员工作输出，辅助团队成员能力提升，淘汰不能胜任的团队成员日常事务；
4. 每日厂内/客户邮件review，追踪厂内/客户需求事项执行状况；
5. 与专案及其他function 主管daily meeting，review 产品生产过程中的issue，总结lesson learn，并内部开展学习及改善；
6. 参加/主导专案对外meeting，掌握并及时反馈客户在会上需求及问题；
7. DFM制作过程对相关单位召集/意见收集及报告发出前的品质审核；
8. 各阶段build开始前制程/物料数据统一review
9. Build 开始后各config及物料制程水准review/检讨，对外FACA的审核
10. 组织技术人员深入生产，试制，及时处理客户投诉并适时现场技术支持
11. 组织对设计缺陷，客户投诉，质量问题进行收集，学习以持续改善
12. 组织技术人员对专利的研究及规避，专利申请
13. 负责技术团队建设，组织本部门人员的培训、技术指导以及技术难点突破工作
14. 了解行业相关法规政策，新技术状况及行来动态，为新产品开发提供参考
15. 领导实施新产品开发和产品技术改良，对新产品开发的技术可行性论证
客户满意度
16. 收集客户对产品在厂内开发阶段给出的意见(产品品质/反馈速度/人员工程能力等)，并与EPM及高阶主管一起商讨改进对策
17. 负责客户技术文件的提交，参与客户审核；
18. 负责开发期间的客户投诉处理，8D报告的提交，客户现场的技术支持；
任职要求
1. 理工科专业本科及以上学历，具有7年及以上相关行业工作经验，有工程团队管理经验者优先
2. CET4级及以上（CET6择优），有较为熟练的英文口语能力
3. 有Apple供应链相关工作经验及客户应对经验者优先
4. 敏感性强，有较强的风险识别能力
5. 执行力强，并有主动承担的意识
6. 有较强的沟通能力和跨部门协调能力
7. 有主管的责任心与担当
8. 有较强成本管控意识",团队管理 产品设计 技术支持 专利 培训 供应链,https://jobs.51job.com/changshu/173095893.html?s=sou_sou_soulb&t=0_0&req=5a4a8c949b60a55c1250ab0511cf9542
Global Product Cost Expert(J102z89),普尔世电源产品（苏州）,25-40万/年,苏州,苏州,本科,8年及以上,2026-07-13 09:26:40,job51,"岗位职责
1. 产品成本核算
a) 与本地及全球研发项目团队紧密合作，持续监控并更新系列产品及新产品导入的总产品成本（物料及制造成本）
b) 对比评估不同产品家族的物料成本，识别高性价比方案
c) 从产品初期规划阶段到最终量产，与项目团队协作评估成本影响
d) 识别并推荐优化产品成本的方案，确保不***质量与性能
e) 与品类经理合作，确保具有竞争力的供应商定价
f) 深入分析产品设计及制造环节的成本动因，提出成本节约策略
2. 商业案例分析
a) 支持产品管理部门，计算新产品开发及产品变更的盈利能力，为决策提供数据驱动的洞察
b) 协助销售团队准备客户报价，提供准确的成本分解及利润预测
c) 与运营团队合作，对标全球各PULS及EMS工厂的成本结构，提出成本改善建议
d) 开展与成本相关的可行性研究和风险评估，确保产品方案符合财务目标
3. 成本管理平台与流程建设
a) 主导成本管理平台的建设，包括相关流程、工具和方法的创建
b) 持续优化平台与工具，提升产品成本管理及报告能力
c) 与跨职能团队紧密合作，推动公司内部成本节约新举措及新技术的应用

任职资格
a) 工程或相关专业本科及以上学历
b) 10年以上电子产品相关工作经验（涵盖产品设计、NPI、生产、测试或相关工程岗位），深刻理解产品全生命周期流程
c) 具备产品开发或制造环境中的成本计算与分析经验
d) 深刻理解产品成本结构，包括物料、制造工艺、人工及间接成本
e) 熟悉各类制造工艺（电子元器件、塑料、钣金、接线端子及型材等）及其成本构成
f) 熟悉产品开发全流程（从初始设计到最终量产）
g) 具备跨部门协作能力，能与产品管理、销售、运营及外部供应商高效配合
h) 出色的沟通能力，能够向技术及非技术人员清晰呈现复杂成本数据
i) 具备项目管理能力，能有效推动跨部门协同
j) CET6及以上，英语口语流利
k) 具备电源行业工作经验者优先
l) 有类似成本分析或产品管理岗位经验者优先
m) 熟练使用数据分析工具，如Excel高级功能（公式、数据透视表、数据分析）及成本建模软件者优先",产品设计 跨部门协作 项目管理 数据分析 NPI,https://jobs.51job.com/suzhou/172881076.html?s=sou_sou_soulb&t=0_0&req=5a4a8c949b60a55c1250ab0511cf9542
PD高级经理,立讯智造科技（常熟）,3.5-5万,常熟,苏州,本科,7年及以上,2026-07-28 15:02:52,job51,"岗位职责：
一. 团队管理
1. 主导产品设计团队梯队建设，根据岗位要求，落实人才招募及培养计划
2. 根据项目进度及工作量及时调整人员分工，辅导并监督各项工作的完成，保证工作交付的质量与时效性
3. 每个Build结束后review 团队成员工作输出，辅助团队成员能力提升，淘汰不能胜任的团队成员
日常事务
4. 每日厂内/客户邮件review，追踪厂内/客户需求事项执行状况
5. 与专案及其他function 主管daily meeting，review 产品生产过程中的issue，总结lesson learn，并内部开展学习及改善
6. 参加/主导专案对外meeting，掌握并及时反馈客户在会上需求及问题
7. DFM制作过程对相关单位召集/意见收集及报告发出前的品质审核
8. 各阶段build开始前制程/物料数据统一review
9. Build 开始后各config及物料制程水准review/检讨，对外FACA的审核
10. 组织技术人员深入生产，试制，及时处理客户投诉并适时现场技术支持
11. 组织对设计缺陷，客户投诉，质量问题进行收集，学习以持续改善
12. 组织技术人员对专利的研究及规避，专利申请
13. 负责技术团队建设，组织本部门人员的培训、技术指导以及技术难点突破工作
14. 了解行业相关法规政策，新技术状况及行来动态，为新产品开发提供参考
15. 领导实施新产品开发和产品技术改良，对新产品开发的技术可行性论证
客户满意度
16. 收集客户对产品在厂内开发阶段给出的意见(产品品质/反馈速度/人员工程能力等)，并与EPM及高阶主管一起商讨改进对策
17. 负责客户技术文件的提交，参与客户审核
18. 负责开发期间的客户投诉处理，8D报告的提交，客户现场的技术支持
任职要求：
1. 理工科专业本科及以上学历，具有7年及以上相关行业工作经验，有工程团队管理经验者优先
2. CET4级及以上（CET6择优），有较为熟练的英文口语能力
3. 有Apple供应链相关工作经验及客户应对经验者优先
4. 敏感性强，有较强的风险识别能力
5. 执行力强，并有主动承担的意识
6. 有较强的沟通能力和跨部门协调能力
7. 有主管的责任心与担当
8. 有较强成本管控意识",团队管理 产品设计 技术支持 专利 培训 供应链,https://jobs.51job.com/changshu/171852554.html?s=sou_sou_soulb&t=0_0&req=5a4a8c949b60a55c1250ab0511cf9542
研发代表(J10435),苏州苏纳光电,2.5-4.5万·15薪,苏州·苏州工业园区,苏州,本科,3年及以上,2026-07-02 16:42:04,job51,"工作职责:
1.产品开发管理
1.1 制定详细的产品开发和交付计划，包括时间表、里程碑、资源分配和预算；
1.2 负责产品开发的整体管理，包括开发计划、资源协调、风险管理以及确保项目按时按质完成；
1.3 确保所有必要的文档和记录得到妥善管理和更新，以支持产品交付和后续的维护工作。
2. 产品交付保障
2.1识别和管理产品开发过程中的潜在风险，制定风险缓解策略，确保产品交付的顺利进行；
2.2收集和整合客户反馈，确保产品交付满足市场需求，并为未来的产品迭代提供输入。
3. 产品成功上市
3.1通过对产品开发、生产工艺和供应链管理优化，确保产品从开发阶段转到可量产生产阶段；
3.2 与产品经理配合完成新产品前三单销售，确保产品无质量问题。 
4. 协助客诉解决
4.1按照ITR流程需求，迅速响应客户的投诉，确保客户的声音被及时听取和处理；
4.2深入分析问题产生的原因，制定有效的解决方案并执行；
4.3基于客诉分析，识别潜在的风险点，制定预防措施，减少未来类似问题的发生。
5. 流程执行
5.1参与制定或优化产品开发相关流程，并对团队成员进行流程培训；
5.2监督团队成员按照既定流程执行工作，确保每个步骤都得到正确执行。
6. 上级主管交代的其他事项
任职资格:
1.本科及以上，电子类、半导体类等工科专业；
2.3年以上工艺整合经验，有电容类产品经验优先",资源协调 风险管理 产品迭代 供应链 培训,https://jobs.51job.com/suzhou-gyyq/172774912.html?s=sou_sou_soulb&t=0_0&req=5a4a8c949b60a55c1250ab0511cf9542
PD经理,苏州鑫捷顺精密科技,2-3.5万,苏州·苏州工业园区,苏州,大专,5年及以上,2026-07-20 14:36:40,job51,"该职位有英语要求，口语不好***哦，谢谢

岗位职责：
1.新产品评估开发主导及客户对接
2.PD团队管理与能力建设
3.技术开发与跨部门协调
4.新产品报价评估及DFM制作
5.领导交办的其它事项

任职要求：
1.大专以上学历、英文口语熟练，能直接跟国外客户会议报告沟通
2.有机械加工行业PD经理任职经验（有加工行业项目经理任职经验，英文能力好也可）
3.有良好的沟通与理解能力、执行力和责任感，有较强的抗压能力，具备较强的问题分析、解决能力及团队合作意识",团队管理,https://jobs.51job.com/suzhou-gyyq/172971301.html?s=sou_sou_soulb&t=0_0&req=5a4a8c949b60a55c1250ab0511cf9542
District Sales Manager 地区销售经理 - 苏州,马斯达（上海）企业管理咨询,1.2-1.5万·13薪,苏州·苏州工业园区,苏州,大专,3年及以上,2026-08-05 15:34:47,job51,"ILLUSTRATIVE DUTIES:
岗位职责：
1. Active sale of MFS products and services (MFS excellence features) 
积极销售MFS产品及服务 (MFS卓越特色)。
2. Complete the Monthly sell out report with high quality &amp; in time reporting.
按时按质完成每月销售报告。
3. New customer acquisition and maintenance of customer base, further build-up and development of customer contacts &amp; networking.
新客户开发，客户基础的维护及进一步建立和发展客户联系、网络。
4. Gathering customer information and updating customer details, include but not limited to corporate structure, organization, demand, potential, decision makers, culture, problem areas, etc.
收集客户信息，更新客户详细信息，包括且不限于公司结构、组织、需求、潜力、决策者、文化、问题领域等。
5. Sales and price negotiations and follow-up.
销售和价格谈判及跟进。
6. Arranging targets with customers: planning and implementation of turnover.
为客户设定目标：营业额的计划和执行。
7. Bringing in line with customer’s and MFS’s interests. 
维护客户和MFS的利益。
8. Professional complaint management. Communicate with customers for the explanation of the report for the complaint to improve customer satisfaction. 
管理客户投诉，及时与客户沟通解释客户投诉报告，从而提高客户满意度。
9. Market analysis and reporting: trend spotting, price development, competitors (the strengths and weaknesses of products / services) etc. 
市场分析和报告：趋势分析，价格发展，竞争对手（产品/服务的优势和劣势）等。
10. Acquisition and on-going improvement of knowledge about product portfolios: catalogues, prices, discounts etc. 
获取并持续改进有关产品组合的知识：目录、价格、折扣等。
11. Support the product manager for new product development and launch of new products and services. 
协助产品经理进行新产品开发，及新产品的投放与服务。
12. Customer-focused technical advice, problem solving, efficient employment of MFS FSE team and other MFS specialists.
以客户为中心的技术咨询，解决问题，高效地使用MFS FSE团队和其他MFS专家。 
13. Cooperate with other colleagues of the functional departments to properly achieve the target.
与各职能部门的其他同事合作，妥善完成工作目标。
14. Any other duties as may be assigned from time to time.
任何其他可能被分配的任务。

Soft Skills 软技能
1. Valid college’s degree with engineering background or business administration.
专科学历，工程或工商管理相关专业。
2. This position requires travel, often overnight, and requires international travel.
能够接受频繁出差及国外出差，加班。
3. Proactive, energetic and have high potential to win the business.
积极主动，精力充沛，有很大的潜力赢得业务。
4. Enthusiasm, positive personality and Integrity. 
热情、正直。
5. Strong Interpersonal skills &amp; Assertiveness (“Success-Seeker”) Perceptiveness and decision-Making.
良好的人际交往能力，自信(“成功追寻者”)、洞察力和决断力。
6. Good Personal style, manners and appearance.
良好的性格和仪容仪态。
7. Ability to accept criticism, learning motivation and Team spirit. 
能接受批评，有学习动力和团队精神。
8. Good command of English both in oral and written
良好的英语口语和书写能力。
9. Complies with the Corporation’s policies in respect to travel, expenses and all reporting functions.
遵守公司关于差旅、费用和所有报告职能的政策。
10. Ability to work under big pressure.
能承受较大的工作压力。
11. Must work within the strong ethical and moral standards of the company.
必须在公司严格的道德标准下工作。

Salesperson Qualities 销售任职资格
1. Three or more years’ experience in channel or direct sales in Metalworking Fluids/Chemical, Lubricant, Machine, or Tool Industrials.
3年或以上金属加工液/化工、润滑、机床或刀具等行业的渠道销售或直销经验。
2. Above 3 years B2B sales experience in related industry.
3年以上B2B相关行业销售经验。
3. Sensitive with market challenges and have the ability to identify and qualify new business opportunities/new customer and distributor opportunities in the marketplace.
对市场机遇具有敏感性。有能力在市场上发现并评估新商机/新客户和新经销商的机会。
4. Value selling skill.
价值销售技能

 Technical Knowledge 技术知识
1. Strong Technical knowledge combined with C-article products selling skills. 
具备较强的技术知识和销售技巧。
2. Ability to explain technical products with focus on machining and technical customer support. 
能够讲解技术产品，特别是机加工和技术客户支持。
3. Knowledge of Standard Workflow: Order processing (internal/external), organizational and operational structure.
了解标准工作流程：订单处理(内部/外部)，组织和运营结构。
4. Proficiency in OFFICE software includes but is not limited to CRM Module, Word, Excel, PowerPoint and e-business knowledge.
熟悉办公软件，包括且不限于CRM模块、Word、 Excel、 PowerPoint、电子商务知识。
5. Basic cost analysis knowledge.
成本分析的基本知识。",GAN Go Gin Perl SPI IDS CAN 客户沟通 技术咨询,https://jobs.51job.com/suzhou-gyyq/167956335.html?s=sou_sou_soulb&t=0_0&req=5a4a8c949b60a55c1250ab0511cf9542
产品主管,江苏纳通能源技术,1.5-2.5万,苏州·高新区,苏州,本科,3年及以上,2026-07-02 16:35:59,job51,"岗位职责：
1、负责日常用户反馈、问题收集、竞品信息整理，输出基础分析内容，支撑产品迭代优化；
2、跟进产品开发迭代全流程，协同研发、测试、运营和销售等部门，保障产品顺利落地；
3、对接客户需求侧，主导需求沟通与确认，把控交付质量；
4、撰写产品相关文档及阶段性总结报告，完成项目复盘、问题沉淀和优化落地；
5、整理会议纪要、评审记录及需求台账，跟进各项待办事项落地，完成产品相关辅助工作。
任职要求：
1、本科及以上学历优先，电气、自动化等工科专业优先；
2、至少3年以上产品/项目管理经验，整机产品类行业经验优先；
3、较强的沟通协调能力，能有效推动内部问题闭环，完成客户预期；
4、较强的逻辑归纳与文字表达能力，能独立完成相关报告材料撰写；
5、英语可作为基础工作语言（日常邮件往来、会议沟通），口语流利者更佳。",产品迭代 项目管理,https://jobs.51job.com/suzhou-gxq/172774743.html?s=sou_sou_soulb&t=0_0&req=5a4a8c949b60a55c1250ab0511cf9542
化妆品新品开发经理,江苏美爱斯化妆品,1.5-2万·14薪,苏州·吴江区,苏州,本科,5年及以上,2026-08-05 15:17:22,job51,"1、作为海外客户项目的主接口人，负责从需求对接、配方打样、包材选型、备案测试到量产上市的全流程沟通与协调；
2、英语可作为工作语言，独立完成英文会议、邮件、报告及客户提案。
3、统筹公司所有NPD项目（护肤/彩妆/洗护，含ODM/OEM及自有品牌），协调研发、采购、生产、质量、法规等跨部门资源，确保项目按时、按质、按预算交付；
4、带领8-10人NPD团队，负责工作分配、绩效管理、能力培养与梯队建设；

【任职要求】
1、学历与经验：5年以上化妆品NPD/项目管理经验，3年以上团队管理经验；
2、语言能力：英语听说读写流利，可直接对接海外客户；
3、专业能力：熟悉化妆品开发全流程及相关法规（国内/欧盟/FDA等）；具备基本的配方、包材、工艺知识；
4、管理能力：具备多项目统筹能力，擅长跨部门推动与协调，有流程搭建或优化经验；",采购 项目管理 团队管理,https://jobs.51job.com/suzhou-wjq/172480779.html?s=sou_sou_soulb&t=0_0&req=5a4a8c949b60a55c1250ab0511cf9542
行业经理（CPO/光模块）,希盟科技（山东）,2.4-3.5万,苏州,苏州,本科,6年及以上,2026-06-26 13:29:17,job51,"学历：本科及以上学历；
专业：自动化、软件、机械等理工科相关专业，工艺技术背景优先
背景：工艺经理/主管

行业规划：收集整合行业上下游周边、终端、竞品等工艺信息、技术信息、市场信息，为行业规划提供具体数据支持。
行业分析：负责捕捉行业信息，及时在市场信息机动会通报；完成每季度的行业分析报告并在销售季度会上分享

新品寻源 ：
1、负责已有行业中短周期新品机会的寻源与调研；
2、负责已有行业战略客户处长周期重点新产品的需求挖崛；
3、与市场经理一起完成战略长周期产品的调研。
每季度提供符合公司要求的行业内新品有效线索

产品立项 ：
1、推动中短周期/长周期战略产品达到每年可立项数。
2、推动各既定预发布/规划中产品在既定时间前达成可销售状态""
产品资料：协同产品经理、品牌经理完成产品的资料准备、产品名录、产品宣传等工作。
产品力：协助产品力、工艺包的改善计划，提供有效行业信息、技术信息、竞对信息、客户反馈等参考因素。
业绩规划：规划新品全年业绩目标并制定具体行动计划,对新品全年业绩目标达成负责。

客户关系：协助区域线、KA线人员拓展新品落地过程中的客户关系。
人员管理：输出并沉淀新品相关的视频、音频、文本等资料，并对销售进行定期培训。",培训,https://jobs.51job.com/suzhou/172701929.html?s=sou_sou_soulb&t=0_0&req=5a4a8c949b60a55c1250ab0511cf9542
机器人产品与技术负责人,领世（苏州）机器人,4-6万·14薪,苏州·吴中区,苏州,本科,10年及以上,2026-07-17 15:29:24,job51,"岗位职责：
1.负责多形态机器人的市场调研、竞品分析、用户场景定义，制定产品路线图、需求文档与商业模式规划。
2.主导整机系统架构设计、关键技术选型与攻关，确保产品在性能、成本、可靠性等方面具备竞争优势。
3.负责产品从概念到量产的全生命周期管理，包括立项、开发、测试、上市、迭代与退市。
4.搭建与管理产品与研发团队，制定技术路线、研发流程与质量标准，推动跨部门协作与项目交付。
5.制定产品定价策略、营销材料与销售赋能方案，支持客户交付、项目落地与持续迭代。
6.推动技术预研与标准化建设，跟踪行业趋势与技术发展，保持产品技术前瞻性。
7.与客户、供应商、合作伙伴等外部资源紧密协作，推动产品在场景中的深度应用与优化。

任职资格：
 1、本科及以上学历，10年以上工业机器人、巡检机器人等相关行业经验
2、对机器人行业有深刻理解，具备技术趋势洞察与战略规划能力
3、具备极强的系统思维、逻辑思维与商业判断力，能适应快节奏、多项目并行的环境",市场调研 竞品分析 跨部门协作,https://jobs.51job.com/suzhou-wzq/171495482.html?s=sou_sou_soulb&t=0_0&req=5a4a8c949b60a55c1250ab0511cf9542
资深产品经理（Agent方向）,江苏哈森工业智能装备,1.5-2.5万,昆山,苏州,本科,5年及以上,2026-06-24 19:10:58,job51,"岗位职责

负责AI工业软件产品规划与落地，深入制造业业务场景，推动AI技术与研发设计、工艺管理、生产制造流程深度融合。

主要工作包括：

负责AI工业产品整体规划、需求分析及产品设计
深入理解制造业研发、工艺、生产、供应链等业务流程
梳理并沉淀企业知识体系、业务规则及核心流程
推动AI Agent、知识库、自动化工作流在制造业场景落地
与研发团队共同设计AI自动建模、工艺匹配、BOM生成等核心能力
输出高质量PRD、原型设计、业务流程图及产品方案
协调研发、业务、管理层资源，推动项目交付与持续优化
利用AI工具提升产品分析、设计及项目推进效率

任职要求

本科及以上学历
5年以上产品经理经验
具备制造业软件产品经验（ERP、MES、PLM、WMS、SRM、APS等至少一个领域）
具备复杂业务系统设计经验
熟悉制造业业务流程及管理模式
熟练使用Axure、Figma、墨刀等产品设计工具
熟悉主流AI产品及大模型应用能力
能独立完成需求分析、原型设计、产品规划及项目推动",AI Agent 大模型 产品规划 需求分析 产品设计 供应链 知识库 原型设计,https://jobs.51job.com/kunshan/172678387.html?s=sou_sou_soulb&t=0_0&req=48a1714267e141bc2146e6d2f5b6715a
产品经理（工业相机） (MJ001413),凌云光技术,2-3万,苏州·吴中区,苏州,本科,3年及以上,2026-07-22 09:34:59,job51,"岗位要求：
1、参与产品规划与路线图制定，负责标准器件/相机(2D 、3D、智能相机和读码器等)标准产品线的整体规划与发展方向，明确产品定位、性能指标及差异化竞争策略，制定产品 Roadmap。
2. 调研行业信息，汇总竞争分析，完成市场推广策略；深入理解 3C 电子、锂电制造、汽车零部件等行业中的标准器件应用与痛点，抽象共性需求，转化为标准化产品功能与性能指标。
3. 市场推广与业务赋能，与业务侧紧密协作，为 标准硬件相机产品线的营收与市场占有率负责。输出行业解决方案、应用手册、产品白皮书及推广资料。支持销售与渠道团队进行客户培训与技术宣讲，提升产品认知与应用渗透。
4. 数据与商业管理；跟踪产品销售数据、客户反馈与市场表现，评估产品生命周期。结合市场反馈与竞争动态，提出迭代与优化建议，持续提升产品竞争力。


任职要求：
学历与专业背景：本科及以上学历，光电信息、自动化、测控技术、机械工程、计算机等相关专业。
行业经验与产品知识：3 年以上机器视觉或工业自动化领域经验，熟悉测量类 2D/3D相机，读码器和智能相机产品优先。
产品规划能力：具备较强的产品规划与市场分析能力，能独立制定产品路线图与竞争策略。
沟通与协作能力：具备良好的沟通协调与跨部门推动能力，能在技术与业务之间高效衔接。
前瞻性思维：对工业视觉技术发展趋势敏感，具备技术前瞻性与商业思维。",产品规划 市场推广 培训 Roadmap,https://jobs.51job.com/suzhou-wzq/172598996.html?s=sou_sou_soulb&t=0_0&req=48a1714267e141bc2146e6d2f5b6715a
产品经理（市场推广）,科瑞工业自动化系统（苏州）,1.2-2.4万,苏州·吴中区,苏州,本科,5-7年,2026-07-16 10:59:22,job51,"岗位职责： 
1）负责提升公司和产品的品牌和认知，***程度树立公司各类产品品牌形象； 
2）负责完成公司新产品宣传及推广，制定和实施市场营销推广方针，参与策划有关公司产品的发布、展会等活动； 
3）负责收集、分析市场信息，行业发展动态及竞争产品信息； 
4）负责在展会说明会等各种场合提供产品演示及支持； 
5）负责产品技术交流讲座，协同销售工程师进行大客户攻关； 
6）负责产品应用案例分析。 

任职资格： 
1）***统招本科，机电一体化、自动化等相关专业，***/***院校优先； 
2）3年以上工控自动化技术应用及传感器、电容、超声波、安全光栅、光幕、继电器等相关产品市场推广经验； 
3）有大型项目的市场拓展和销售工作经验及商务谈判经验优先。 
4）有敏锐的市场嗅觉，可以较准确地分析判断市场发展趋势，清楚了解客户需求，深层次挖掘客户需求； 
5）具备良好的客户服务意识、良好的品牌及营销策划能力、具备较强的组织推广、宣传活动能力； 
6）良好的沟通及语言表达能力，具有较强的内外部资源整合和应用能力； 
7）精通各种办公软件的使用，并有较强的文字功底； 
8）优秀的中/英文读、写、表达能力， CET-4； 
9）富于敬业精神及工作热情，工作严谨，能够承受较强的工作压力，能经常出差。",市场推广 商务谈判 客户服务 CET-4,https://jobs.51job.com/suzhou-wzq/58060145.html?s=sou_sou_soulb&t=0_0&req=48a1714267e141bc2146e6d2f5b6715a
需求分析师,广州深晓科技,1-1.6万,苏州·苏州工业园区,苏州,本科,2年及以上,2026-08-09 17:50:38,job51,"【工作内容】
1、负责业务需求的全生命周期管理，主导需求调研、访谈与分析，输出高质量需求规格说明书；
2、深入理解业务流程，将模糊的业务目标转化为清晰的功能逻辑，绘制流程图与原型图；
3、协调产品、开发及测试团队，确保需求准确传达，全程跟进需求落地与验收交付；
4、持续跟踪系统上线后的运行数据，收集用户反馈并迭代优化，提升产品体验与业务价值。

【任职要求】
1、本科及以上学历，计算机、信息管理或相关专业背景，具备扎实的业务分析理论基础；
2、拥有2年以上需求分析或产品经理经验，熟悉敏捷开发流程，能熟练使用Axure、Visio等工具；
3、具备优秀的逻辑思维与沟通协调能力，能独立撰写文档并有效推动跨部门协作；
4、工作严谨细致，责任心强，具备良好的抗压能力，能适应快节奏的项目交付环境。",需求分析 跨部门协作,https://jobs.51job.com/suzhou-gyyq/173202342.html?s=sou_sou_soulb&t=0_0&req=0471d13008fd777c40d1d55ce0caba21
产品资深工程师（半导体设备）,源卓微纳科技（苏州）,2.5-4万,苏州·苏州工业园区,苏州,硕士,3年及以上,2026-06-23 11:33:03,job51,"岗位职责
1. 全流程产品管理：负责产品从概念设计、需求分析到量产的全流程开发，制定roadmap，协调跨部门推进落地；
2. 客户对接与需求挖掘：主导客户需求调研，聚焦半导体设备产品客户，输出精准需求说明与规划依据；
3. 跨部门协作：联动研发、生产、销售团队，对接供应商，助力客户交流与投标成功；
4. 专业文档输出：主导编制产品手册等文档，参与行业标准研讨，提升产品认可度；
5. 协助产品团队与竞品研判：跟踪行业技术与政策动态，分析竞品优劣势，提出差异化产品策略与创新方向。
岗位要求
1. 学历专业：硕士及以上，光学、自动化、物理等相关专业；
2. 经验：3年以上产品经验，熟悉集成电路或先进封装工艺流程，特别黄光制程；
3. 对高精密设备系统有概念，数理功底好；
4. 优秀的跨部门沟通和管理能力，责任心强，具备系统思维。",需求分析 跨部门协作 投标,https://jobs.51job.com/suzhou-gyyq/172647975.html?s=sou_sou_soulb&t=0_0&req=0471d13008fd777c40d1d55ce0caba21
产品经理-机械设计/软件应用,江苏杰士德精密工业,2-3.5万,苏州,苏州,大专,6年及以上,2026-06-22 13:47:06,job51,"产品规划阶段：
痛点 / 机会识别：承接需求管理流程（需求规划部）分发的市场需求、客户痛点，结合 MTL 流程的市场细分、组合分析结果，挖掘细分市场的产品机会点
。
市场 / 竞争分析：开展目标市场规模、增长趋势、客户画像分析，完成细分市场的机会优先级排序
对标竞品，分析行业标杆产品的优劣势、技术路线、定价策略，明确自身产品的差异化定位。
卖点设计	：基于市场痛点与竞争分析，设计产品核心卖点、价值主张与客户价值方案
输出产品的差异化竞争力设计，支撑后续销售转化。
产品规划输出：制定产品路标规划、版本规划与业务策略
输出产品规划文档、立项需求，为产品开发流程提供输入。
产品开发阶段：
概念阶段：承接产品规划流程的立项需求，开展产品概念设计、可行性分析
计划阶段：制定开发项目产品开发全流程项目计划、资源计划、质量计划与里程碑计划
完成产品详细设计方案、技术方案评审，明确开发交付物与验收标准。
开发阶段：主导产品开发执行，统筹研发、测试、供应链等跨团队协同
跟踪开发进度、质量与风险，解决开发过程中的技术 / 业务问题
开展阶段性评审，确保开发符合需求与设计要求。
验证阶段：组织产品测试（功能、性能、可靠性、兼容性等）、用户验证
完成试产、小批量验证，解决验证阶段的缺陷与问题。
发布阶段：主导产品上市发布全流程，联动营销、销售、服务团队完成上市推广、渠道铺货、客户交付
产品生命周期管理	""""持续跟踪产品的市场表现、客户需求变化，主导产品的迭代规划、版本更新
开展产品生命周期评估，制定产品的升级、退市策略，衔接下一轮产品规划。",产品规划 技术方案 供应链 MTL,https://jobs.51job.com/suzhou/172634091.html?s=sou_sou_soulb&t=0_0&req=0471d13008fd777c40d1d55ce0caba21
集团电缆产品经理,上海福尔欣线缆,1.5-3万·14薪,上海·松江区,苏州,本科,3年及以上,2026-06-11 10:10:44,job51,"岗位概述：电缆产品经理负责电缆产品的推广、新产品管理以及项目跟进等工作，需与客户保持良好沟通，解决产品相关问题，确保项目顺利推进，推动公司电缆业务的持续发展。

工作职责与任务
（一）产品推广与客户沟通
编制并落实产品推广计划，向客户详细介绍电缆产品的特点、优势和应用场景。
维护与客户的公共关系、深层关系及其他关系，及时了解客户需求和反馈，提升客户满意度。
（二）新产品管理
负责新产品规格书的编制，组织合同评审，准确掌握客户要求、产品特性参数和特殊控制要求。
跟踪新产品试制过程，进行调试指导，监控过程参数，记录工艺记录，完善控制要求。
（三）项目跟踪与协调
收集电缆项目产品推广的信息，与技术团队进行对接，协调各方资源，确保项目顺利进行。
对负责的项目进度进行全程跟踪，及时处理项目中出现的问题，并向相关人员汇报处理结果。
（四）问题解决与质量保障
参与产品质量问题的解决，深入现场进行问题排查和处理，制定有效的解决方案，确保产品质量符合标准。
（五）其他
完成上级领导交办的其他任务，积极参与团队协作，共同推动公司业务发展。

任职资格
（一）教育背景：大学本科学历，电缆方向、绝缘方向、电气自动化方向、高分子方向专业优先。
（二）年龄要求：24- 36周岁
（三）工作态度：工作积极主动，态度认真负责，踏实肯干，具备良好的团队合作精神和沟通能力。

工作环境与条件
工作环境：办公室与生产现场相结合，需经常与客户和团队成员进行沟通交流。
工作条件：需要使用办公软件和相关专业工具，可能需要出差进行客户拜访和项目跟进。

职业发展路径：电缆产品经理 - 高级电缆产品经理 - 产品总监",客户沟通,https://jobs.51job.com/shanghai-sjq/165365513.html?s=sou_sou_soulb&t=0_1&req=0471d13008fd777c40d1d55ce0caba21
医学产品经理,诺一迈尔（苏州）医学科技,2-3万,苏州·虎丘区,苏州,硕士,5年及以上,2026-08-05 16:32:37,job51,"岗位职责：
1、新产品临床终端调研，上市策略调研；
2、新产品研发过程中的产品确认及优化策略建议；
3、新产品上市前的市场准入、学术证据和KOL网络搭建；
4、竞品动态监控：分析竞品研发方向、市场推广策略等。

任职资格：
1、能独立承担新产品市场调研和上市工作，有多产品管理经验优先；
2、出色的产品临床转化和跨部门沟通能力；
3、熟悉新材料领域研发，有创新医疗器械上市经验优先；
4、医学相关专业优先，硕士及以上学历，有一定学术能力优先。",市场推广 市场调研,https://jobs.51job.com/suzhou-hq/173164474.html?s=sou_sou_soulb&t=0_0&req=0471d13008fd777c40d1d55ce0caba21
产品经理,立讯电子科技（昆山）,1.5-3万·13薪,昆山,苏州,本科,8年及以上,2026-08-06 20:28:19,job51,"【岗位职责】
1.端到端产品规划： 主导硬件产品全生命周期管理，基于市场洞察与竞品分析，挖掘用户需求，输出高质量的 MRD 与 PRD。
2.全链路研发推进： 协同 ID、结构（MD）、硬件、嵌入式及供应链团队，严格把控产品从概念到量产（EVT/DVT/PVT/MP）的各阶段里程碑。
3.成本与质量管理： 深度参与 BOM 成本核算与产品定价，平衡性能与商业目标；跟进并推动解决 NPI（新产品导入）及生产过程中的工艺与质量异常。
4.GTM 与市场赋能： 提炼核心卖点，协同营销与销售团队制定 GTM（走向市场）策略，并基于市场反馈驱动产品持续迭代。
5.供应链协同： 协助评估与管理 ODM/OEM 厂商，把控核心元器件选型，保障产品定义的高质量落地。

【任职要求】
1.背景与经验： 理工科（电子、自动化、机械、通信等）本科及以上学历；8年以上硬件产品管理经验，具备完整的从0到1量产上市成功案例。
2.领域深耕： 拥有个护或生活家电（如吹风机、美容仪、脱毛仪、按摩仪、吸尘器等）实操经验者优先。
3.技术与业务理解： * 精通硬件开发及 NPI 流程，熟悉模具开发与制造工艺。
4.具备跨界沟通能力，能无障碍阅读基础电路原理图或结构堆叠图。
5.熟练掌握 Visio、Axure、XMind 等工具，文档撰写能力强。
6.语言能力： 英语可作为工作语言，听说读写精通。
7.加分项： 持有 PMP 证书；熟悉 IoT 平台对接逻辑；或具备智能穿戴/医疗器械行业经验。",产品规划 竞品分析 供应链 MRD PRD ID MD EVT,https://jobs.51job.com/kunshan/172359037.html?s=sou_sou_soulb&t=0_0&req=0471d13008fd777c40d1d55ce0caba21
四足机器人产品经理,江苏旷博智能技术,1.5-2.5万,苏州,苏州,本科,5年及以上,2026-07-09 13:47:51,job51,"岗位职责：
1.负责四足机器人产品全生命周期管理，主导从0到1的产品规划、需求分析、开发落地及迭代优化；
2.深入理解行业场景（如电力、能源、轨交、工业等），挖掘客户痛点，定义产品功能、技术路线及性能指标；
3.协调硬件、软件、算法、结构等多团队协作，推动产品原型开发、测试验证及量产落地；
4.制定产品开发计划，把控关键节点（如需求评审、样机测试、交付验收等），确保项目按时高质量交付；
5.跟踪市场动态与竞品分析，制定产品差异化竞争策略及迭代规划；
6.支持销售与客户团队，提供技术方案、产品文档及市场推广材料。
任职要求：
1.5年以上机器人行业从业经验，完整主导或深度参与过至少一款机器人产品（四足/服务/工业类机器人优先）从0到1的开发及商业化落地；
2.机器人工程、机械电子工程、自动化、计算机科学、人工智能等相关专业本科及以上学历；
3.具备扎实的机器人学、运动控制、传感器技术等专业知识。
4.熟悉机器人产品开发全流程，包括需求分析、硬件选型、算法集成、测试验证及量产交付。
5.熟悉机器人核心技术（如SLAM导航、运动控制、多传感器融合、ROS系统等），能与技术团队高效沟通；
6.具备硬件与软件结合的产品思维，能平衡技术可行性、成本控制与市场需求；
7.熟练使用Axure、JIRA、CAD等工具进行原型设计及项目管理。
8.优秀的市场洞察力与用户需求分析能力，能精准提炼产品核心价值；
9.出色的跨部门协作与资源整合能力，抗压性强，适应快节奏开发环境；
10.具备技术文档撰写能力及客户方案宣讲经验。",SLAM ROS 产品规划 需求分析 竞品分析 技术方案 产品文档 市场推广 成本控制 原型设计 项目管理 跨部门协作 技术文档,https://jobs.51job.com/suzhou/172853052.html?s=sou_sou_soulb&t=0_0&req=0471d13008fd777c40d1d55ce0caba21
产品经理-电动夹爪,知行机器人科技（苏州）,1.5-3万,太仓,苏州,本科,5年及以上,2026-07-27 11:17:20,job51,"【岗位说明】
1.产品规划与定义：基于市场动态、用户需求以及公司规划，发现市场机会、判断需求并负责产品规划、产品定义及迭代、方案设计、选型支持及场景测试。与研发、市场、销售等多部门协作，明确产品概念与详细规格，撰写产品需求文档（PRD），推动产品立项与开发进程。
2.市场调研与分析：深入研究电动夹爪应用行业，跟踪竞争对手动态和产品用户反馈及需求变化，为产品规划提供依据，对产品保持持续竞争力负责。
3.项目管理与推进：主导电动夹爪产品开发项目，跟进产品实现过程，关注项目关键节点，把控产品实现质量，组织项目会议、沟通协调会，及时汇报进展。
4.产品生命周期管理：负责电动夹爪产品全生命周期管理，包括产品导入、上市、运营、迭代与退市。挖掘产品核心卖点，参与产品上市过程，协助制定产品定价、营销等策略。
5.流程与赋能：依据行业***实践与公司现状，持续优化新产品开发流程，提出针对性改进措施并推动实施。编制产品规格书、使用说明书，负责新产品资料的导入与培训。
6.技术研究与创新：关注电动夹爪相关技术发展趋势，对接第三方硬件供应商、合作商资源，完成相关资源导入。
7.领导安排的其他工作。
【任职资格】
1.教育背景：本科及以上学历，机械工程、自动化、机电一体化、工业工程等相关专业优先考虑。
2.工作经验：具有5年以上产品管理工作经验，有电动夹爪、其他类末端执行器、机器人等相关产品管理经验者优先。
3.熟悉产品开发流程、生命周期管理，具备NPDP证书者优先。
4.具备良好项目管理能力，具备PMP证书者优先。
5.有市场分析、沟通协调、文档撰写与数据分析能力。
6.对电动夹爪工作原理、结构设计、控制系统、驱动技术等专业知识熟悉者优先考虑。
7.拥有良好沟通协调能力与团队合作精神，能够与不同部门人员有效沟通协作，共同推动产品目标实现。",产品规划 方案设计 市场调研 项目管理 培训 数据分析,https://jobs.51job.com/taicang/173048052.html?s=sou_sou_soulb&t=0_0&req=0471d13008fd777c40d1d55ce0caba21
产品经理（园林工具）(J10791),江苏大艺科技,1.2-2.4万,苏州·苏州工业园区,苏州,本科,5年及以上,2026-07-02 09:45:47,job51,"工作职责:
1、负责园林工具品类的产品路标与业务计划制定，结合公司战略、用户场景和渠道需求，输出有竞争力的产品系列布局；
2、从产业、宏观、竞争、用户、自身五个维度开展市场调研，识别细分市场机会，输出市场洞察与差距分析报告；
3、主导复杂产品的定义，制定产品规格、配置、功能、风格等详细要求，组织团队完成Charter开发并推动立项；
4、全程跟进产品开发过程，负责需求传递、样机外送测试及问题闭环监督，确保产品按定义实现；
5、基于成本与竞争态势制定产品价格体系（出厂价、批发价、毛利率），主导上市资料（卖点、培训、样机、详情页等）并组织营销策略落地；
6、持续监控销售与售后数据，分析业绩与机会差距，提出降本、升级、退市等生命周期管理建议并推动执行；
7、搭建或优化产品开发、评审、立项、退市等流程制度，组织产品培训与用户画像分享，提升团队产品决策与落地能力。
任职资格:
1、本科及以上，理工科（机械、电子、自动化）或市场营销相关专业；
2、5年以上产品管理经验，其中至少3年园林工具、电动工具或户外动力设备（OPE）行业经验；
3、熟悉园林工具品类（割草机、链锯、绿篱机、吹吸机、锂电平台等）的技术原理、电池系统、防水防尘、安全标准；了解用户使用场景（家庭庭院、市政园林、农业）
4、市场调研与数据分析、产品定义与Charter开发、定价模型、生命周期管理、流程设计、跨部门协调；
5、主导过至少2款园林工具从0到1的产品定义与上市全过程；经历过产品生命周期管理（如降本、退市）并取得商业成果；曾参与或主导产品流程制度优化项目；
6、战略思维、商业敏感度、逻辑分析、沟通协调、项目管理、决策判断；
7、结果导向、抗压能力强、对用户场景有同理心、善于推动他人。",市场调研 培训 数据分析 项目管理 OPE,https://jobs.51job.com/suzhou-gyyq/172763374.html?s=sou_sou_soulb&t=0_0&req=0471d13008fd777c40d1d55ce0caba21
产品经理（医疗设备）,艾信智慧科技发展（苏州）,1.5-2.2万,苏州·吴中区,苏州,本科,3年及以上,2026-07-23 09:50:27,job51,"职位描述：
1、负责产品市场调研，市场趋势、分析竞争对手动态，识别并理解客户需求，提出产品需求方案；
2、负责产品定义及设计，包括产品的内容规划，功能设计和交互设计，撰写详细的产品设计文档和原型设计文档；
3、管理跨部门团队，从概念设计到产品上市的全过程管理，确保产品研发进度和质量，协调相关部门对产品进行开发，并将开发中取得的文档资料进行整理；
4、收集并分析用户反馈，持续优化产品功能和用户体验，推动产品迭代升级，提升客户满意度和市场份额；
5、负责产品的宣介，对客户进行产品宣讲，参加路演、发布会、推广会等活动，宣传公司产品；
6、负责公司人员对产品知识所需的培训。

任职资格：
1、本科及以上学历，机械、电控等相关专业。
2、至少有3年以上产品的设计或全流程项目管理工作经验，有成功案例；
3、有医疗设备、医疗环境相关设备开发或全流程项目管理经验优先；
4、具备较好的逻辑思维与分析能力，能够对自有产品提出整改计划； 
5、能够很好的规划和设计产品功能、使用流程与交互体验； 
6、具有良好的审美观念，较强的演示及沟通能力。",市场调研 产品设计 原型设计 产品迭代 培训 项目管理,https://jobs.51job.com/suzhou-wzq/173012032.html?s=sou_sou_soulb&t=0_0&req=0471d13008fd777c40d1d55ce0caba21
产品经理,苏州科美信息技术,1.8-2.5万,苏州·姑苏区,苏州,本科,5年及以上,2026-07-30 14:13:11,job51,"岗位职责:
1、负责公司存储品类(SSD、内存条等)的产品规划和落地，贯穿品类产品的完整生命周期，对产品线的市场成功和竞争力负责;
2、负责市场、用户、行业、技术应用的调研与分析，确定产品配置和定义，制定产品线策略。并协同产研开发团队，把控过程中的关键节点和关键决策，确保产品定义项目按时按质交付;
3、与销售团队、营销团队、客服团队、售后团队紧密合作，协助推动产品上市，确保产品销售目标达成，确保产品上市后的质量表现;
4、协助供应链和研发团队，对上下游供应商和方案资源等进行筛选整合，并持续做好各类资源的关系维护。
任职资格:
1、本科及以上学历，5年以上相关工作经验;
2、有电子数码行业/存储类产品/电商行业相关的产品工作经验者优先。
3、具备化繁为简、洞察本质的能力，具备强烈的用户同理心、较好的商业敏锐度，能良好沟通并高效执行;
4、有自驱力，有创新能力，喜欢探索新产品新事物，对电子数码产品有热情;
5、积极主动，敢于挑战，有较强的责任心。",产品规划 供应链 SSD,https://jobs.51job.com/suzhou-gsq/171571245.html?s=sou_sou_soulb&t=0_0&req=0471d13008fd777c40d1d55ce0caba21
产品经理,苏州森丸电子技术,2.5-5万,苏州·相城区,苏州,本科,3年及以上,2026-07-24 15:59:22,job51,"岗位职责：
1. 负责硅电容（含MIM/MOS/沟槽结构）及集成无源器件（IPD）的产品研发与设计，包括器件结构开发、仿真建模、版图设计及性能验证方案制定。
2. 负责硅电容相关工艺开发与优化，对接工艺产线完成介质层、金属电极沉积及刻蚀等关键工艺的DOE实验，推进量产导入与良率提升。
3. 负责硅电容产品的性能测试与失效分析，针对高频特性（ESR/ESL、自谐振频率）、稳定性（温度/偏压影响）等核心指标开展验证，解决研发及量产过程中的技术问题。
4. 对接客户需求，提供硅电容在高频通信、高性能计算、汽车电子等场景的应用解决方案。
5. 编制产品技术文档，包括 datasheet、研发报告、工艺规范、测试标准等，推动产品标准化落地。
6. 跟踪行业技术趋势，调研硅电容等集成无源器件相关新技术、新工艺，主导产品迭代与技术创新。

任职资格：
1. 本科及以上学历，微电子科学与工程、电子信息工程等相关专业；硕士学历优先，有3年以上相关工作经验者可放宽学历要求。
2. 具备以下任一核心经验：① 硅基电容（MIM/MOS）、集成无源器件（IPD）研发设计经验；② MLCC/薄膜电容等无源器件研发经验+半导体工艺背景；③ 具备晶圆厂Trench，炉管，Lpcvd等工艺开发经验。
3. 掌握高频器件仿真工具和版图设计工具，具备扎实的半导体工艺、电容工作原理等知识。
4. 熟悉高频器件测试方法，能操作VNA（矢量网络分析仪）、示波器、LCR测试仪等设备，具备失效分析（FA）相关经验者优先。
5. 了解汽车电子、光通信、高性能计算等领域的无源应用需求，有相关行业产品经验者优先。
6. 具备良好的沟通协调能力、问题解决能力，能承受一定工作压力，有团队协作精神。",性能测试 技术文档 产品迭代 MOS IPD ESR ESL MIM,https://jobs.51job.com/suzhou-xcq/172198926.html?s=sou_sou_soulb&t=0_0&req=0471d13008fd777c40d1d55ce0caba21
C端产品经理（智能硬件）,坦途创新智能科技（苏州）,2-4万·15薪,苏州·吴中区,苏州,本科,5年及以上,2026-07-02 17:06:38,job51,"工作职责:
1、针对目标市场进行市市场特点、用户与客户需求、竞争对手情况进行定期信息收集和分析输出； 
2、进行产线产品规划，组织需求调研及产品设计、组织产品可行性分析及设计，进行产品定义、立项、推进产品开发和导入上市等产品全生命周期管理工作； 
3、负责组织策划新产品用户测试，分析用户问题及痛点，输出测试报告； 
4、负责对接全球各区域销售和市场，推进产品上市发布相关工作；

任职资格:
1、本科以上学历，5年以上产品经理/产品设计经验，熟悉智能硬件产品定义、开发，管理流程，有独立负责产品并投入市场中取得一定销量经验； 
2、对产品、市场数据敏感度高，善用数据分析，收集用户意见反馈，持续优化产品； 
3、善于洞察用户需求，会玩爱表达，有敏锐的商业嗅觉和分析思路、创新意识； 
4、具有出行类智能硬件类产品经验者优先，有大公司任职经历者优先； 
具有较强的组织协调能力、判断能力、决策能力和执行能力。",产品规划 产品设计 数据分析,https://jobs.51job.com/suzhou-wzq/166364333.html?s=sou_sou_soulb&t=0_0&req=0471d13008fd777c40d1d55ce0caba21
非标自动化产品经理,苏州诺亚智造科技,1-2万,苏州·吴中区,苏州,本科,3年及以上,2026-06-25 16:34:43,job51,"岗位职责：
1.海外客户对接：全程英文对接海外客户，负责需求沟通、需求拆解、技术答疑、方案汇报及进度跟进，保障海外项目高效推进;
2.方案统筹落地：主导非标自动化设备/整线方案规划、需求评审、方案设计与输出，联动研发、工艺、生产团队，把控方案可行性、成本及交付周期;
3.方案质量管控：深耕行业工艺，持续优化产品方案，沉淀标准化方案库，同步辅导研发输出高质量可落地方案，提升项目落地效率与客户满意度;
4.项目全流程跟进：全程跟进项目进度，及时处理现场技术与生产问题，配合业务维护海外客户关系，深度挖掘客户潜在合作需求;
5.海外现场支持：配合项目进度，接受印度、德国、保加利亚、墨西哥等国家短期海外出差，完成现场对接、方案落地及问题闭环;
6.其他相关事宜。

任职要求:
1.本科及以上学历，英语为硬性必备能力，口语、书面流利，可独立完成海外客户商务及技术对接，无障碍汇报方案、解答技术问题；
2.具备非标自动化产品经理从业三年及以上经验，熟悉非标项目开发与方案落地全流程，有ODM工艺、非标设备开发经验者优先；
3.必须具备以下任一领域工艺/设备经验：汽车域控制器组装、汽车零部件组装、激光焊接与电性能测试、服务器(电脑)整机组装、车载屏幕组装测试；
4.熟悉汽车或服务器领域自动化组装、测试类非标设备结构与工艺逻辑，具备优秀的需求拆解、方案输出及跨部门统筹能力；
5.逻辑清晰、执行力强，能适配短期海外出差节奏，抗压能力强，可独立跟进海外非标项目。",方案设计 性能测试,https://jobs.51job.com/suzhou-wzq/172691751.html?s=sou_sou_soulb&t=0_0&req=0471d13008fd777c40d1d55ce0caba21
半导体器件产品线经理（需产品选型技术背景）,苏州工业园区精电电子,14-25万/年,苏州·苏州工业园区,苏州,本科,5年及以上,2026-08-06 09:24:51,job51,"岗位职责：
1、分析市场趋势，识别目标客户群，制定并实施产品推广计划并落地。
2、管控所负责品牌产品线产品价格、库存，对产品线利润负责。
3、协助销售团队制定销售策略和渠道拓展计划，包括宣传资料和市场活动，提升产品知名度。
4、提供产品技术支持，协助销售与客户研发技术人员对接，为客户产品选型提供建议，挖掘销售机会，提升客户满意度；
5、负责产品线产品培训，丰富销售人员产品知识，提升销售技能；
6、定期分析销售数据、市场数据和客户数据，提供分析报告。
7、与原厂保持良好关系，争取资源支持，提升公司市场份额。
任职要求：
1、本科及以上学历，电气电子等理工专业背景。
2、拥有汽车三电及电子行业技术研发或技术支持等工作经验，对电子电气零部件，特别是半导体芯片、保险丝、继电器、连接器等主被动元器件有深入了解和实战经验；
3、能独立完成客户产品选型，有产品推广或相关管理经验，有成功案例者优先；
4、具备出色的沟通协调能力，能够清晰地向不同层级的客户及合作伙伴传达产品价值，准确理解和判断客户需求，挖掘销售机会点。
5、能够接受出差，有效覆盖并管理区域。",渠道拓展 技术支持 培训,https://jobs.51job.com/suzhou-gyyq/159829737.html?s=sou_sou_soulb&t=0_0&req=0471d13008fd777c40d1d55ce0caba21
产品经理,江苏佑诚至信机电设备,1.5-2万,昆山,苏州,本科,3年及以上,2026-06-15 10:14:56,job51,"岗位职责 ：
 1.收集汇总各部门产品需求，组织需求评审
2.制定标品技术参数、质量标准、包装标准
3.非标需求可行性初审
4.输出完整产品文件（图纸/BOM/工艺要求）
5.根据市场反馈推进产品迭代升级
6.维护产品数据库

输出 ：
 产品文件包（图纸+BOM+工艺+检验标准）
需求评审纪要
产品标准文件
非标评审",产品迭代 BOM BOM+,https://jobs.51job.com/kunshan/172551598.html?s=sou_sou_soulb&t=0_0&req=0471d13008fd777c40d1d55ce0caba21
综合布线产品经理（英文可作为工作语言）,普罗斯通信技术（苏州）,1-2万,昆山,苏州,本科,5年及以上,2026-07-24 11:00:25,job51,"岗位职责：
1. 负责数据中心及智能楼宇布线产品线的整体规划、生命周期管理及市场策略制定。
2. 深入了解海外布线市场趋势、竞争格局及客户需求，制定产品路线图（Product Roadmap）
3. 对现有布线产品（如铜缆、光纤、模块、配线架、机柜布线组件等）进行技术管理，包括规格参数、测试标准和认证要求。
4. 与海外销售团队与客户，提供产品培训、技术解答及客户交流，推动行业项目落地。
5. 对行业标准（如TIA/EIA、ISO/IEC、IEEE 等）保持更新，确保产品设计与合规要求一致。
6. 负责产品成本分析、供应商沟通以及持续的优化改善。
7. 能够熟悉机柜、冷通道、集装箱数据中心、UPS 等基础设施，在政企、互联网客户的整体方案中，提供专业的布线配置与接口建议更佳。
8. 布线解决方案的撰写与市场口碑宣传。

专业能力
1. 熟悉布线产品的技术参数、行业标准、测试方法及认证流程。
2. 熟悉国内外布线成本
3. 市场差异化分析及指定产品优势
4. 熟悉数据中心基础设施相关产品（如机柜、冷通道、集装箱式数据中心、UPS 等），并能够与客户或内部团队进行配置沟通者优",培训 产品设计 合规 Roadmap EIA ISO IEC IEEE,https://jobs.51job.com/kunshan/173028806.html?s=sou_sou_soulb&t=0_0&req=0471d13008fd777c40d1d55ce0caba21
产品经理（硬质合金）,嘉兴明扬供应链,1.8-3.5万·13薪,昆山,苏州,本科,3年及以上,2026-07-20 20:29:12,job51,"负责车削项目（铸铁，钢件，不锈钢 高温合金），铣削项目（通用，高硬），切断切槽以及钻削项目，小零件加工项目，高温合金等5个项目。
工作内容；
1.负责项目整体统筹规划，推进跨部门推进新品开发与量产落地；
2.负责产品生命周期管理，及时了解竞争对手产品特点，对相关产品进行迭代；
3.跟踪客户测试，制定产品切削参数，为客户提供技术支持。
工作要求：
1.本科以上学历，机械或材料专业；
2.3年以上头部企业数控刀片开发经验。",技术支持,https://jobs.51job.com/kunshan/172977527.html?s=sou_sou_soulb&t=0_0&req=0471d13008fd777c40d1d55ce0caba21
高级数智化产品经理-机加工方向,博众精工科技,2-3.5万,苏州·吴江区,苏州,本科,5年及以上,2026-07-31 10:25:17,job51,"岗位职责
1.负责机加工领域数智化产品整体规划、版本迭代、项目落地与标准化管控，搭建行业一体化数字化解决方案体系。 
2.深入机加工生产、工艺、排程、质量、仓储、设备管理等全业务场景，深度调研并挖掘底层需求，输出落地解决方案，跟进需求全流程闭环，持续优化产品适配性。 
3.结合 AI、大数据等前沿技术设计智能化应用场景，推进 AI 相关功能落地、数据监控与迭代优化，打造数智化产品核心能力。
4.对接业务部门、技术团队及管理层，排查系统问题、开展培训赋能，沉淀标杆案例，解决落地卡点，助力机加工降本增效与精细化管理，打造核心竞争力。

任职要求
1.本科及以上学历，计算机、软件工程、机械制造、工业工程等相关专业；
2.5 年以上头部软件企业机加工行业产品、售前、项目实施相关经验，精通机加工全业务流程与整套解决方案； 
3.拥有互联网、科技企业相关岗位工作履历，行业视野开阔，具备优秀的需求洞察、方案输出及跨方沟通对接能力； 
4.执行力与落地推进能力强，可平衡产品标准化与业务个性化需求，高效解决项目及一线业务问题；
5.具备成熟 AI 产品思维，熟悉 AI 技术在工业制造场景的应用逻辑，有相关落地经验者优先。",培训 AI,https://jobs.51job.com/suzhou-wjq/173107881.html?s=sou_sou_soulb&t=0_0&req=0471d13008fd777c40d1d55ce0caba21
产品经理（传感器）,科瑞工业自动化系统（苏州）,1.2-2.4万,苏州·吴中区,苏州,本科,5-7年,2026-07-16 10:59:22,job51,"职位描述：
1）深入研究传感器类产品，组织协调与产品市场销售相关的工作，开发实现产品的市场目标；
2）负责组织对行业信息、对公司传感器类产品做相关信息做市场调研、行业分析，为公司总体战略提供依据；
3）策划、组织市场宣传推广活动及反馈总结市场信息，包括：计划制定、实施、广告创意、宣传文章的撰写及活动的策划、实施。
4）负责该类产品的售前、售后技术支持与现场服务；


任职资格： 
1）***统招本科，机电一体化、自动化等相关专业； 
2）2年以上工控自动化技术应用及传感器等相关产品拓展推广经验； 
3）有大型项目的市场拓展和销售工作经验及商务谈判经验优先；
4）较强的市场开发能力和行业拓展、及产品管理能力； 
5）具备良好的客户服务意识、良好的品牌及营销策划能力、具备较强的组织推广、宣传活动能力； 
6）良好英文技术资料的读写能力； 
7）具有敬业精神和较强的人际交往能力。愿意从事挑战性工作并由此获得极大成就感。

民办本科（三本、独立学院）、专升本、自考本科请放弃，感谢！",市场调研 技术支持 商务谈判 客户服务,https://jobs.51job.com/suzhou-wzq/110593584.html?s=sou_sou_soulb&t=0_0&req=0471d13008fd777c40d1d55ce0caba21
产品经理（工业连接器or汽车连接器）,昆山安费诺正日电子,40-60万/年,昆山,昆山,本科,6年及以上,2026-07-27 13:59:30,job51,"该岗位必须要有连接器行业经验，且英语口语流利！

任职要求：
1、本科及以上学历，电气、机械工程、材料，工业工程等相关专业优先。
2、连接器行业经验，熟悉需求管理，产品线路图，评审与发布，变更与管理。
3、具备产品全生命周期管理经验，至少主导过1-2款连接器产品从立项到量产的完整流程。
4、逻辑清晰，具备市场敏感度和数据分析能力。
5、优秀的跨部门协作与沟通能力，能适应快节奏工作。
6、英语口语流利，可作为工作语言。

岗位职责：
1、产品需求与趋势归纳
(1)参与建立并维护需求库，（来自客户、市场、技术）推动需求登记、去重。合并与可追溯
(2)定期从需求库归纳产品与技术趋势，为路线图产品及评审机制提供依据
识别可复用的相似概念，推动既有产品或设计的复用，降低重复立项与平衡开发
2、制定产品基线
 将公司定义的主导产品形态。核心竞争力、技术演进方向，并在评审中落实为一直结论。包括能力域对齐。形态与平台对齐，产品规格对齐。
3、制定产品线路
(1)制定并维护中长期产品路线图与年度季度发布节奏：理清各阶段目标与安排，并与两条路径上的里程碑、认证与发布对齐（路径A需求驱动：路径B路径驱动）
4、市场推广支持
(1)协助市场部制定产品宣传资料，参与行业展会及技术研讨会。
5、产品生命周期管控
(1)明确产品在定制/路线图/标准品各阶段的准入，收敛与退出规则（何时，和条件，客制品可沉淀为标准品；路标产品何时视为成熟并转入标准品维护策略）。
（2）在生命各阶段推动文档，互配表，应用说明与实物状态同步；组织变更通知与替代关系管理。",数据分析 跨部门协作 市场推广,https://jobs.51job.com/kunshan/166443494.html?s=sou_sou_soulb&t=0_0&req=c2b58be0a9d6a6bd81130a1cd62c078d
产品经理（智慧零售）(J10616),研华科技（中国）,1.5-2.5万,昆山,昆山,本科,3年及以上,2026-06-23 00:01:45,job51,"工作概要Job Purpose：
负责中国区智慧零售项目的产品研发专案管理，负责追踪、协调、解决项目实施过程中出现的问题，确保项目执行质量，推动产品上市。

工作任务Task：
（1）智慧零售项目产品开发, 包括项目团队建立, 新产品研发及客制化标准建立；
（2）新产品市场调研, 成本分析, 技术可行性分析及风险管理；
（3）负责整体项目schedule制定和资源协调, 负责研发部门及各部门间的沟通协调. 解决开发过程中出现的问题, 保证产品导入计划按时达成；
（4）拜访客户, 洽谈产品规格, 协助客户解决产品问题, 为客户提供解决方案, 提升客户满意度；
（5）产品报价及成本管理。

专业知识与技能Professional Knowledge and skill：
（1）熟悉电子硬件的专业知识，例如电脑、服务器、安卓平板、POS等；
（2）掌控产品开发流程；
（3）具备x86/ARM主板与系统架构能力，或机构结构热处理等知识；
（4）良好的Presentation技巧及沟通能力。
（5）若有相关嵌入式系统产品（Android POS/手持/边缘网关）经验及产品外包经验更佳；",ARM 市场调研 风险管理 资源协调 Purpose Knowledge Android POS,https://jobs.51job.com/kunshan/168532370.html?s=sou_sou_soulb&t=0_0&req=c2b58be0a9d6a6bd81130a1cd62c078d
产品工程经理,深圳市华科精密工业股份有限公司昆山,2-2.5万,昆山,昆山,大专,8年及以上,2026-07-24 15:42:29,job51,"岗位职责：
1.部门年度规划、KPI制定、预算、人事管理、教育训练及绩效考核的计划识别重点项目,精准服务, 涉入项目开发,推进整体进度, 协调资源,做出有利项目进度的决策。
2.工程开发体系和流程的建立完善、改进及推动部属工作指导及异常问题协助创新技术与工艺改善的推动。
3.公司内、外部沟通协调以促进项目的顺利完成。
4.团队目标与规划。技术标准与工作规范建立, 工作指导,团队技术能力提升, 团队凝聚力打造
5.上级主管临时安排的事项的执行，主动及时反馈工作进度。
任职要求：
1.工科电子专业本科或以上学历，大专学历，经验丰富者亦可;
2.受过企业管理、项目管理、财务管理、ISO9000、14000等培训;
3.至少八年以上连接器行业相关工作经验，其中三年以上工程开发部门管理经验;
4.可制订并推动工程部管理体系;
5.能全面掌握新产品开发专案；
6.对塑胶、五金、电镀有较深刻认识；
7.对连接器产品及市场有较深刻认识；
8.熟练使用绘图软件；
9.熟悉ISO9000、ISO14000体系及Rohs管控要求，有内审经验并可推动相关管控措施;
10.敏锐分析、判断能力、出色的项目管理能力、极强的业务指导能力、善于沟通协调、亲和力强;
11.勇于承担责任、良好的职业操守、认真仔细、思维敏捷、有创新意识、具有团队协作精神。",项目管理 培训 ISO9000,https://jobs.51job.com/kunshan/162792198.html?s=sou_sou_soulb&t=0_0&req=c2b58be0a9d6a6bd81130a1cd62c078d
产品工程部经理,昆山富田技研精密零组件,1.9-2.2万,昆山,昆山,大专,5年及以上,2026-07-04 10:35:11,job51,"任职要求：大专以上学历，从事产品设计和开发工作5年以上（汽车件优先），可熟悉操作3D绘图软件；
主要工作：
1.任职产品开发经理，负责产品工程部日常事务管理，；
2.产品工程师的工作分配和工作进度追踪、绩效考核；
3.产品的成本分析、报价，新产品开发和实现、产品生产工艺策划、降本；
4.主导专案改善；
5.主导与客户之间的技术讨论和标准制定；
6.主导手工样品的制作；
7.协助特殊工艺的资源开发；
8.协助质量处理品质异常的投诉和制程质量问题的分析；",产品设计,https://jobs.51job.com/kunshan/144959065.html?s=sou_sou_soulb&t=0_0&req=c2b58be0a9d6a6bd81130a1cd62c078d
District Sales Manager 地区销售经理 - 昆山,马斯达（上海）企业管理咨询,1.2-1.5万·13薪,昆山,昆山,大专,3年及以上,2026-08-05 15:34:47,job51,"ILLUSTRATIVE DUTIES:
岗位职责：
1. Active sale of MFS products and services (MFS excellence features) 
积极销售MFS产品及服务 (MFS卓越特色)。
2. Complete the Monthly sell out report with high quality &amp; in time reporting.
按时按质完成每月销售报告。
3. New customer acquisition and maintenance of customer base, further build-up and development of customer contacts &amp; networking.
新客户开发，客户基础的维护及进一步建立和发展客户联系、网络。
4. Gathering customer information and updating customer details, include but not limited to corporate structure, organization, demand, potential, decision makers, culture, problem areas, etc.
收集客户信息，更新客户详细信息，包括且不限于公司结构、组织、需求、潜力、决策者、文化、问题领域等。
5. Sales and price negotiations and follow-up.
销售和价格谈判及跟进。
6. Arranging targets with customers: planning and implementation of turnover.
为客户设定目标：营业额的计划和执行。
7. Bringing in line with customer’s and MFS’s interests. 
维护客户和MFS的利益。
8. Professional complaint management. Communicate with customers for the explanation of the report for the complaint to improve customer satisfaction. 
管理客户投诉，及时与客户沟通解释客户投诉报告，从而提高客户满意度。
9. Market analysis and reporting: trend spotting, price development, competitors (the strengths and weaknesses of products / services) etc. 
市场分析和报告：趋势分析，价格发展，竞争对手（产品/服务的优势和劣势）等。
10. Acquisition and on-going improvement of knowledge about product portfolios: catalogues, prices, discounts etc. 
获取并持续改进有关产品组合的知识：目录、价格、折扣等。
11. Support the product manager for new product development and launch of new products and services. 
协助产品经理进行新产品开发，及新产品的投放与服务。
12. Customer-focused technical advice, problem solving, efficient employment of MFS FSE team and other MFS specialists.
以客户为中心的技术咨询，解决问题，高效地使用MFS FSE团队和其他MFS专家。 
13. Cooperate with other colleagues of the functional departments to properly achieve the target.
与各职能部门的其他同事合作，妥善完成工作目标。
14. Any other duties as may be assigned from time to time.
任何其他可能被分配的任务。

Soft Skills 软技能
1. Valid college’s degree with engineering background or business administration.
专科学历，工程或工商管理相关专业。
2. This position requires travel, often overnight, and requires international travel.
能够接受频繁出差及国外出差，加班。
3. Proactive, energetic and have high potential to win the business.
积极主动，精力充沛，有很大的潜力赢得业务。
4. Enthusiasm, positive personality and Integrity. 
热情、正直。
5. Strong Interpersonal skills &amp; Assertiveness (“Success-Seeker”) Perceptiveness and decision-Making.
良好的人际交往能力，自信(“成功追寻者”)、洞察力和决断力。
6. Good Personal style, manners and appearance.
良好的性格和仪容仪态。
7. Ability to accept criticism, learning motivation and Team spirit. 
能接受批评，有学习动力和团队精神。
8. Good command of English both in oral and written
良好的英语口语和书写能力。
9. Complies with the Corporation’s policies in respect to travel, expenses and all reporting functions.
遵守公司关于差旅、费用和所有报告职能的政策。
10. Ability to work under big pressure.
能承受较大的工作压力。
11. Must work within the strong ethical and moral standards of the company.
必须在公司严格的道德标准下工作。

Salesperson Qualities 销售任职资格
1. Three or more years’ experience in channel or direct sales in Metalworking Fluids/Chemical, Lubricant, Machine, or Tool Industrials.
3年或以上金属加工液/化工、润滑、机床或刀具等行业的渠道销售或直销经验。
2. Above 3 years B2B sales experience in related industry.
3年以上B2B相关行业销售经验。
3. Sensitive with market challenges and have the ability to identify and qualify new business opportunities/new customer and distributor opportunities in the marketplace.
对市场机遇具有敏感性。有能力在市场上发现并评估新商机/新客户和新经销商的机会。
4. Value selling skill.
价值销售技能

 Technical Knowledge 技术知识
1. Strong Technical knowledge combined with C-article products selling skills. 
具备较强的技术知识和销售技巧。
2. Ability to explain technical products with focus on machining and technical customer support. 
能够讲解技术产品，特别是机加工和技术客户支持。
3. Knowledge of Standard Workflow: Order processing (internal/external), organizational and operational structure.
了解标准工作流程：订单处理(内部/外部)，组织和运营结构。
4. Proficiency in OFFICE software includes but is not limited to CRM Module, Word, Excel, PowerPoint and e-business knowledge.
熟悉办公软件，包括且不限于CRM模块、Word、 Excel、 PowerPoint、电子商务知识。
5. Basic cost analysis knowledge.
成本分析的基本知识。",GAN Go Gin Perl SPI IDS CAN 客户沟通 技术咨询,https://jobs.51job.com/kunshan/167621336.html?s=sou_sou_soulb&t=0_0&req=c2b58be0a9d6a6bd81130a1cd62c078d
软件开发经理,伟尔泰克智造科技（苏州）,1.8-2.8万·13薪,昆山,昆山,本科,8年及以上,2026-08-07 08:22:26,job51,"岗位职责：
1. 与产品经理对接，负责需求文档编写及开发方案的制定； 
2. 统筹部门开发工作的技术指导，进行系统架构框架设计；
3. 对迭代版本的开发进度及版本质量管控；
4. 对开发过程中遇到的疑难问题组织攻关；

任职资格：
1.全日制本科及以上学历，计算机、软件工程相关专业；
2. 从事Java开发8年以上，有Saas平台经验，做过CRM、ERP系统开发经验者优先，有多个开发过0到1的项目经验；
3.精通java基本编程和多线程编程、设计模式和组件技术，有良好的编程思维及习惯；
4.精通springBoot框架、mybatis框架，熟悉微服务架构，了解Redis；
5.熟悉掌握主流数据库，熟练编写SQL语句及性能优化；
6.熟悉手机APP及WEB前端开发流程，有Flutter、Vue开发经验者优先。",Java Spring MyBatis 微服务 Redis SQL Flutter Vue 文档编写,https://jobs.51job.com/kunshan/157080044.html?s=sou_sou_soulb&t=0_0&req=c2b58be0a9d6a6bd81130a1cd62c078d
WEB开发工程师,伟尔泰克智造科技（苏州）,1.2-2万,昆山,昆山,本科,1年及以上,2026-08-07 08:22:49,job51,"职位描述：
1. 与产品经理及后端开发人员对接，负责公司产品前端功能的详设文档编写及开发工作；
2. 负责前端界面的前端构建，各类交互设计与实现；
3. 前端样式和脚本的模块设计及优化；
4. 持续优化前端体验和页面响应速度，并保证兼容性和执行效率；
5. 遵守开发规范，完成开发计划，并确保代码质量。

任职资格：
1. 全日制本科及以上学历，计算机、软件工程相关专业；
2. 至少1年以上WEB前端相关实际工作经验；
3. 熟练掌握Vue2/Vue3/ElementUI的使用；
4. 熟练掌握Linux系统并能够用Nginx部署；
5. 精通html/xhtml、css，熟悉WEB加载优化和页面性能优化；了解浏览器的工作原理、缓存机制；
6. 熟悉HTML5、CSS3、ES6语法；
7. 有微信端小程序前端的开发，手机APP Flutter开发经验者优先。",Vue Linux Nginx HTML5 CSS3 Flutter 文档编写,https://jobs.51job.com/kunshan/162239542.html?s=sou_sou_soulb&t=0_0&req=c2b58be0a9d6a6bd81130a1cd62c078d
APP开发工程师,伟尔泰克智造科技（苏州）,1-1.6万,昆山,昆山,本科,1年及以上,2026-08-07 08:22:41,job51,"职位描述：
1. 与产品经理及后端开发人员对接，负责公司产品手机APP功能的详设文档编写及开发工作；
2. 负责开发 Flutter 应用的前端组件，包括主应用以及各个子应用；
3. 根据项目需求，进行 Flutter 应用的性能优化；
4. 遵守开发规范，完成开发计划，并确保代码质量。
任职资格：
1. 全日制本科及以上学历，计算机、软件工程相关专业；
2. 至少一年以上手机APP相关实际工作经验；
3. 熟练掌握Flutter框架，熟悉Android和ios原生API；
4. 熟悉Dark语言，熟悉Android Studio和Xcode IDE工具；
5. 熟悉 Widget 体系，包括多种树，事件机制，渲染刷新机制，重绘机制，动画机制等；
6. 有原生APP、Vue开发经验者优先。",Flutter Vue 文档编写 Widget,https://jobs.51job.com/kunshan/162238078.html?s=sou_sou_soulb&t=0_0&req=c2b58be0a9d6a6bd81130a1cd62c078d
品保工程,昆山市正行电子科技,8千-1.2万,昆山,昆山,大专,3年及以上,2026-06-24 16:24:58,job51,"工作内容：
负责公司产品的质量监督和管理，确保产品符合法律法规、行业标准和客户需求。
主要职责：
- 负责公司内部和外部质量审计，并对发现的问题进行根本原因分析并提出解决方案
- 负责制定并实施质量控制计划，以保证产品质量和客户满意度；
- 负责建立和维护相关质量记录和资料，并进行数据分析，协助公司进行质量改进；
- 负责与公司的生产、研发、采购、仓储等环节对接，确保产品质量控制的有效性；
- 协助项目经理和产品经理完成项目质量相关的其他工作。

职位要求：
- 大专及以上学历，3年以上质量管理工作经验；
- 熟悉ISO 9001质量管理体系，或等同于ISO 9001的其它管理体系；
- 熟悉质量管理六西格玛、 SPC统计等方法；
- 具备良好的沟通能力和团队合作意识，能有效地与公司内部和外部进行沟通；
- 具备良好的问题解决能力和抗压能力，能迅速应对和解决质量问题；
- 熟练掌握办公软件（如Word、Excel、PowerPoint等）。",审计 数据分析 采购 Excel,https://jobs.51job.com/kunshan/148796755.html?s=sou_sou_soulb&t=0_0&req=c2b58be0a9d6a6bd81130a1cd62c078d
QE,昆山市正行电子科技,8千-1.2万,昆山,昆山,大专,3年及以上,2026-07-17 16:49:18,job51,"工作内容：
负责公司产品的质量监督和管理，确保产品符合法律法规、行业标准和客户需求。
主要职责：
- 负责公司内部和外部质量审计，并对发现的问题进行根本原因分析并提出解决方案
- 负责制定并实施质量控制计划，以保证产品质量和客户满意度；
- 负责建立和维护相关质量记录和资料，并进行数据分析，协助公司进行质量改进；
- 负责与公司的生产、研发、采购、仓储等环节对接，确保产品质量控制的有效性；
- 协助项目经理和产品经理完成项目质量相关的其他工作。

职位要求：
- 大专及以上学历，3年以上质量管理工作经验；
- 熟悉ISO 9001质量管理体系，或等同于ISO 9001的其它管理体系；
- 熟悉质量管理六西格玛、 SPC统计等方法；
- 具备良好的沟通能力和团队合作意识，能有效地与公司内部和外部进行沟通；
- 具备良好的问题解决能力和抗压能力，能迅速应对和解决质量问题；
- 熟练掌握办公软件（如Word、Excel、PowerPoint等）。",审计 数据分析 采购 Excel,https://jobs.51job.com/kunshan/155829405.html?s=sou_sou_soulb&t=0_0&req=c2b58be0a9d6a6bd81130a1cd62c078d
产品经理,昆山诚翔工业自动化科技,1.5-2.8万,昆山,昆山,本科,3年及以上,2026-08-06 13:45:41,job51,"职位描述：
负责果昔机产品的全生命周期管理，通过市场洞察、用户需求挖掘、产品规划与迭代优化，
推动产品竞争力提升与市场份额增长。具体职责包括但不限于:
1.市场与用户研究:挖掘潜在需求，形成市场报告;
2.产品规划与定义:规划新品开发、功能迭代及优化方向:输出清晰的产品需求文档(PRD)
定义产品功能、性能参数、用户体验、成本及定价策略。
3.项目推进与跨部门协作:协调各部门，确保项目按时交付;跟进产品开发进度，解决可
能出现的问题，把控产品质量与成本。
4.用户体验优化:关注用户使用场景，优化产品设计细节;验证产品改进效果，持续提升
用户满意度。
5.市场推广支持:协助市场部门提炼产品卖点，输出产品手册、宣传文案及培训资料;
参与制定营销策略。
6.数据驱动决策:通过销售数据、用户评价、售后服务数据等，监测产品表现，识别改进
机会;定期复盘产品生命周期各阶段的表现，优化迭代策略。
7.合规与行业标准:确保产品符合食品安全、电器安全等相关法规及认证要求(如CCC、CE等)。

任职要求:
1.教育背景:本科及以上学历，工业设计、机械工程、市场营销、食品工程或相关专业优
2.工作经验:
-3年以上小家电/厨房电器/健康消费品产品经理经验，有果昔机、破壁机、榨汁机等品类
经验者优先;
熟悉产品开发全流程(从概念到量产)，有成功案例者优先。
3.核心技能:
敏锐的市场洞察力与用户需求分析能力;
良好的项目管理能力，能高效协调跨部门资源;
数据驱动思维，熟练使用Excel、SPSS、SQL等数据分析工具者优先;
熟悉小家电产品开发流程、供应链管理及成本控制逻辑;
了解食品加工设备相关标准及认证流程。
4.软性能力:
创新思维与问题解决能力，能平衡用户需求、技术实现与商业目标;
优秀的沟通协调、谈判及推动力;
抗压能力强，能适应快节奏工作环境;
对健康生活方式、厨房电器趋势有浓厚兴趣。
5.加分项:
熟悉线上(如天猫、京东、抖音)及线下渠道运营逻辑;
有PMP项目管理认证或工业设计背景者优先;",SQL 产品规划 跨部门协作 产品设计 市场推广 培训 合规 需求分析 项目管理 数据分析 供应链 成本控制,https://jobs.51job.com/kunshan/173175159.html?s=sou_sou_soulb&t=0_0&req=c2b58be0a9d6a6bd81130a1cd62c078d
数据中心产品经理（英语作为工作语言）,普罗斯通信技术（苏州）,1-2万,昆山,昆山,本科,5年及以上,2026-07-24 10:57:53,job51,"岗位职责：
1. 从数据中心整体架构与应用场景出发，负责电力与制冷类产品的整体规划与产品布局，打造具备市场竞争力的产品组合与系统解决方案。
2. 重点推进 UPS、精密空调、STS/ATS、整流器等关键基础设施产品 在 东南亚及中东市场的产品导入、方案落地与业务增长。
3. 持续优化相关产品在数据中心端到端整体解决方案中的适配性与系统协同能力，提升产品综合竞争优势与差异化价值。
4. 基于市场需求、客户反馈及行业趋势，主导产品需求定义、规格制定及产品生命周期管理，推动产品持续演进与优化。
5. 与研发、供应链、质量、售前、销售及交付等团队紧密协作，确保产品方案具备可实施性与商业可行性。
6. 组织并实施系统化产品培训与赋能，持续提升销售团队、技术支持团队及渠道合作伙伴对电力与制冷类产品及解决方案的理解与推广能力。
7. 支持重点客户及重大项目，在解决方案设计、技术交流及产品选型过程中提供专业支持。

任职要求：
1. 本科及以上学历，电气工程、自动化、暖通空调、能源工程或相关专业背景优先。
2. 有国际/海外背景公司工作经验优先，英文可作为工作语言
3. 五年以上数据中心电力或制冷产品经理经验，有两者经验者更佳，海外工作经历或跨国团队协作经验优先
4. 熟悉数据中心电力与制冷技术参数、行业标准、测试方法及认证流程。
5. 熟悉国内外数据中心电力与制冷设备等成本
6. 市场差异化分析及PROSE产品定位
7. 熟悉数据中心基础设施相关产品（如机柜、冷通道、集装箱式数据中心、UPS 等），并能够与客户或内部团队进行配置沟通者优先
8. 有PMP等相关证书优先",ROS 供应链 培训 技术支持 方案设计 UPS STS ATS,https://jobs.51job.com/kunshan/173028682.html?s=sou_sou_soulb&t=0_0&req=c2b58be0a9d6a6bd81130a1cd62c078d
产品经理（塑料行业）,昆山科信高分子材料,20-40万/年,昆山,昆山,本科,5年及以上,2026-06-16 11:27:25,job51,"岗位职责:
1、建立产品数据库：掌握牌号核心性能，建立标准化产品性能数据库，明确各牌号下游应用场景适配标准。 
2、开展市场与需求调研：调研竞争环境，市场主要玩家及直接竞对/产品动态；产品需求分布、价格敏感度及竞品替代情况，输出产品需求分析报告；同步反馈至生产、研发部门，指导工艺优化及研发方向适配。 
3、建立客户反馈收集机制：全面收集产品及方案使用反馈，梳理核心改进需求并转化为研发、生产优化建议；结合市场趋势提出产品升级及衍生产品开发建议，推动产品价值延伸。 
4、新产品策划与产品管线制定：基于市场需求、竞争分析及公司战略，牵头制定产品短中长期规划，明确迭代方向、升级重点及市场拓展路径，***化产品生命周期价值。 
5、产品生命周期管理，对于新旧产品的上市与退市负责：明确产品市场定位，策略，提升市场竞争力。 
6、市场调研与竞品分析：系统开展所负责产品全维度调研，覆盖公司航道相关行业等下游领域发展趋势与技术革新方向，输出定期市场调研报告支撑战略决策；聚焦国内外主流竞品，分析其性能优势与技术壁垒，输出竞品分析报告，明确公司产品差异化定位以支撑市场策略制定。 
7、对销售的月度、季度，全年销售指标对应的产品指标负责和跟进解决实际问题。
8、领导交给的任务及公司的一些横向项目参与和管理。

任职资格：
1、本科以上，化工背景学历
2、5年以上相关行业经验
3、做过产品全生命周期管理，有产品落地经验
4、较强的逻辑思维能力及场面掌控力，可以协同研发、销售、供应链、客服等部门，推动从寻找资源到交付的全流程； 
5、态度积极，能适应高强度的快节奏的工作环境。",需求分析 市场调研 竞品分析 供应链,https://jobs.51job.com/kunshan/172572664.html?s=sou_sou_soulb&t=0_0&req=c2b58be0a9d6a6bd81130a1cd62c078d
Cable产品开发经理(J10132),昆山德朋电子科技,1.5-2.8万·14薪,昆山,昆山,大专,5年及以上,2026-08-08 13:30:10,job51,"工作职责:
1. 负责Cable产品开发部门的规划与管理 
2. 主导新产品的设计开发评估与审查 

任职资格:
1.大专及以上学历，理工科专业；
2.Cable产品 5年以上开发经验, 有团队管理经验 ；
2. 熟悉LVDS, Type C Cable 等相关产品的开发, 熟悉IPC620等相关标准

我司在张浦、市区城北、城南、城东、城西均有班车乘坐点！",团队管理 Type Cable,https://jobs.51job.com/kunshan/169354014.html?s=sou_sou_soulb&t=0_0&req=c2b58be0a9d6a6bd81130a1cd62c078d
产品经理,昆山怡家居纺织,1.4-2.2万·13薪,昆山,昆山,本科,5年及以上,2026-06-26 15:29:45,job51,"1.负责产品趋势的调研、分析、消费者需求，为产品规划提供数据支持和决策依据；
2.负责产品设计、工艺设计、产品质量、产品优化和改进；
3.负责新产品开发过程中的技术支持、技术文件的收集、整理、存档；
4.负责新材料、新工艺的开发；
5.负责公司专利的提案、申请和维护；
6.负责项目立项、制定项目计划，跟踪项目进度、协调项目资源，确保产品开发项目按时、按质完成；
7.负责项目信息的输出，CBD制作，工艺文件的审核、项目评审、验收等工作；
8.负责项目成员的产品知识培训；
9.负责相关部门之间沟通、协作事宜的协调与组织；
10.负责项目组成员的日常工作安排，组员的绩效考核；
11.负责分析同行业材料、工艺、技术、价格等，进一步分析本企业的竞争优势和劣势；
12.参与新供应商资质审核与供应链优化；
13.完成领导交给的其他工作和临时性工作。",产品规划 产品设计 技术支持 专利 培训 供应链,https://jobs.51job.com/kunshan/172705105.html?s=sou_sou_soulb&t=0_0&req=864eec052d0502564426964468ba1a1b
资深产品经理（Agent方向）,江苏哈森智造科技,1.5-3万,昆山,昆山,本科,5年及以上,2026-06-24 20:01:16,job51,"岗位职责
负责AI工业软件产品规划与落地，深入制造业业务场景，推动AI技术与研发设计、工艺管理、生产制造流程深度融合。
主要工作包括：
1、负责AI工业产品整体规划、需求分析及产品设计
2、深入理解制造业研发、工艺、生产、供应链等业务流程
3、梳理并沉淀企业知识体系、业务规则及核心流程
4、推动AI Agent、知识库、自动化工作流在制造业场景落地
5、与研发团队共同设计AI自动建模、工艺匹配、BOM生成等核心能力
6、输出高质量PRD、原型设计、业务流程图及产品方案
7、协调研发、业务、管理层资源，推动项目交付与持续优化
8、利用AI工具提升产品分析、设计及项目推进效率
二、任职要求
1、本科及以上学历
2、5年以上产品经理经验
具备制造业软件产品经验（ERP、MES、PLM、WMS、SRM、APS等至少一个领域）
3、具备复杂业务系统设计经验
4、熟悉制造业业务流程及管理模式
5、熟练使用Axure、Figma、墨刀等产品设计工具
6、熟悉主流AI产品及大模型应用能力
7、能独立完成需求分析、原型设计、产品规划及项目推动",AI Agent 大模型 产品规划 需求分析 产品设计 供应链 知识库 原型设计,https://jobs.51job.com/kunshan/172678691.html?s=sou_sou_soulb&t=0_0&req=864eec052d0502564426964468ba1a1b
产品经理（机器人）,苏州博特勒机器人,1.5-3万,昆山,昆山,本科,3年及以上,2026-07-06 09:27:59,job51,"核心定位：统筹智能机器人全生命周期产品管理，打通市场需求、客户诉求与公司自研全链条（硬件、软件、算法、制造、测试、销售），打造贴合市场、性能达标、客户认可的智能机器人产品。

岗位职责：
1、尝试调研机器人行业市场趋势、竞品动态、技术发展方向，挖掘行业潜在需求；对接公司现有客户资源，深度访谈、梳理客户真实使用场景、功能诉求，性能指标与痛点问题，形成标准化需求分析报告；
2、将市场及客户需求转化为公司内部可落地的产品需求，输出完整的产品需求文档、产品规格书、核心参数标准，明确机器人硬件、软件、算法的设计方向和功能要求，同步对接硬件设计组开展研发工作。
3、全程管控机器人从硬件设计-软件系统开发-生产制造-产品测试的全流程，跟进各环节进度与质量，核对产品最终性能、功能、参数是否匹配前期需求档准，确保研发与生产不偏离市场与客户诉求；
4、基于产品测试、场景使用、客户反馈的各类数据、梳理产品的优化方向，推动硬件、软件、算法、制造等环节持续迭代升组，不断提升产品性能、稳定性与客户满意度。
5、作为产品核心对接人，协同各部门打通沟通壁垒，解决产品研发、生产、落地过程中的各类问题，保障产品顺利推进与市场化。
6、领导临时安排的其它任务。

岗位要求：
1、全日制本科及以上学历，机器人工程、自动化、电子信息、计算机、机械设计等相关专业优先；
2、3年以上机器人、自动化设备、智能硬件产品经理相关工作经验，有管理复杂产品从概念到上市的全流程经验优先；
3、具备扎实的需求调研，分析与转化能力，能独立输出产品需求文档；熟悉机器人产品研发、生产、测试全流程把控产品核心参数与质量；；
4、具有良好的团队沟通交流、项目推进与问题解决能力；
5、对机器人行业有浓厚兴趣，具备较强的市场洞察力，逻辑思维能力与产品迭代思维，工作严禁负责，执行力强。",需求分析 产品迭代,https://jobs.51job.com/kunshan/169983482.html?s=sou_sou_soulb&t=0_0&req=864eec052d0502564426964468ba1a1b
产品经理 PM （半导体行业）,深圳市鹏源电子,1-2万·13薪,昆山,昆山,大专,3-6年,2026-06-18 15:06:11,job51,"岗位职责：
1、负责公司代理产品线的市场推广及管理；
2、对接原厂，维护原厂关系；
3、撰写相关技术文档，对内部销售人员及客户进行产品培训和技术交流；


职位要求：
1、专科或以上学历，有自动化/电子/计算机等理工类背景；
2、有IGBT MOSFET等功率器件PM或者销售经验优先。",市场推广 技术文档 培训,https://jobs.51job.com/kunshan/172612955.html?s=sou_sou_soulb&t=0_0&req=864eec052d0502564426964468ba1a1b
产品经理/主管,江苏中正检测,1.5-3万,昆山,昆山,本科,3年及以上,2026-07-10 10:21:15,job51,"【工作内容】
1、负责防溺水系统产品全生命周期规划，制定产品路线图及功能迭代策略；
2、主导需求调研与分析，结合AI算法与物联网技术，设计智能预警与救援方案；
3、协调研发、测试及算法团队推进项目开发，确保核心功能按时高质量交付；
4、对接检测认证机构，推动产品通过行业安全标准认证并优化合规性流程；
5、收集用户反馈与市场数据，持续优化产品体验，提升系统在实战中的可靠性。

【任职要求】
1、本科及以上学历，计算机、电子信息或相关专业，具备3年以上智能硬件或安防产品经验；
2、熟悉人工智能、物联网技术应用，有涉水安全监测或预警类产品成功案例者优先；
3、精通产品管理工具，具备优秀的跨部门沟通协调能力及项目统筹管理能力；
4、对水安全领域有深刻认知，了解相关检测认证标准，具备较强的数据分析能力；
5、责任心强，抗压能力强，能适应快节奏工作环境，具备良好的职业素养与创新思维。",合规 数据分析,https://jobs.51job.com/kunshan/172863619.html?s=sou_sou_soulb&t=0_0&req=864eec052d0502564426964468ba1a1b
产品推广主管（载板）,台光电子材料（昆山）,2.5-3万,昆山,昆山,本科,3年及以上,2026-07-02 10:44:01,job51,"岗位职责：
1. 向Design houe/封测厂推介载板材料认证，解决认证中技术问题；
2. 为客户提供SI和可靠性数据，争取NPI并展开到追踪PCB进度与品质；
3. 收集行业资讯及未来产品技术发展趋势；

岗位要求：
1. 本科及以上学历，理工科专业；
2. 熟悉封装制程/载板制程；
3. 2年以上对Design House/OSAT客户；
4.适应出差，沟通协调能力佳。",houe House,https://jobs.51job.com/kunshan/172766041.html?s=sou_sou_soulb&t=0_0&req=864eec052d0502564426964468ba1a1b
方案主管,江苏拓米洛高端装备,1.8-2.5万·14薪,昆山,昆山,本科,5年及以上,2026-07-27 16:23:18,job51,"岗位职责：																
1.围绕行业的综合解决方案支持和管理支撑；针对行业（大的，新的）业务特点和规律提供创新、差异化、领先的解决方案。并不断的提升公司的行业竞争力和客户满意度；	
2.产品规划的规范化与流程建设；			
3.统筹安排售前团队项目支持工作；		
4.负责日常生产单/意向单评估，提升专业知识；
5.管理团队协助公司销售进行客户技术交流、洞察客户真实需求、讲解产品解决方案；
6.管理团队根据销售提供的项目需求，转换为设计语言，进行综合评估。提供给销售有创新、差异化、领先的解决方案；	
岗位要求：
1.营销能力，对用户需求的分析决策有成熟的方法论，且有实战经验；
2.独立带过完整的项目并成功交付，从前期与客户的技术交流/中期生产制造/后期现场交付验收；
3.机械、暖通、制冷背景5以上年工作经验；
4.团队管理经验不低于2年，团队人员3人以上；",产品规划 团队管理,https://jobs.51job.com/kunshan/173055084.html?s=sou_sou_soulb&t=0_0&req=864eec052d0502564426964468ba1a1b
产品工程课长,康信达科技（苏州）,1.8-2.5万,昆山,昆山,本科,8年及以上,2026-07-17 08:53:55,job51,"岗位职责：
1.负责工程部门的整体运作和管理，产品技术管理参与工程前期的规划、设计和方案制定工作，从技术角度提供专业意见和建议，确保工程方案的可行性和合理性。
2.负责对工程样品、图纸、工艺流程、技术参数等进行审核和确认，保证工程技术标准符合要求。
3.生产过程，及时解决出现的技术问题，对工艺或生产流程进行指导和监督，确保工程质量和生产效率。负责项目的全程管理。
任职要求：
1.本科及以上学历，8年以上新能源电池、汽车配件等行业在产品工程或相关领域工作经验。
2.专业技能：熟练掌握二维、三维设计软件，如AutoCAD、SolidWorks、Rhino、C4D等。
3.精通产品工程管理知识，具备项目管理、质量管理、成本控制等方面的能力。
4.了解APQP， PPAP体系。",项目管理 成本控制 SolidWorks Rhino,https://jobs.51job.com/kunshan/172943182.html?s=sou_sou_soulb&t=0_0&req=864eec052d0502564426964468ba1a1b
产品经理,腾飞科技,1-2万,昆山,昆山,本科,5年及以上,2026-06-27 17:12:41,job51,"一、岗位职责
1. 技术推广落地：精通公司核心创新技术，结合行业及客户需求，独立制作定制化推广PPT，开展品牌及客户一对一技术推广，传递产品技术优势，提升品牌市场认可度。
2. 产品市场化运营：负责技术产品的规划、开发、打磨与迭代，制定产品年度发展方案，提炼产品核心卖点，沉淀产品手册、案例、推广话术等标准化素材；配合销售开展客户宣讲、技术答疑、方案对接，助力项目成交落地。
3. 爆款产品企划：开展市场及用户需求调研，分析行业发展趋势，结合公司技术优势，负责爆款产品的企划、研发、迭代及全流程市场化推广，制定销售与推广策略，完成年度产品销售及市场目标。
4. 客户需求对接落地：配合销售拜访客户，精准挖掘、拆解客户需求，推进产品定制适配与优化；根据市场及客户反馈持续迭代产品，提升产品适配度与客户体验，维护客户关系，提升客户复购与合作粘性，助力团队业绩目标达成。
二、岗位要求
1. 学历专业：本科及以上学历，设计、服装相关专业优先，熟悉对应行业产品逻辑、市场趋势及客户需求。
2. 核心能力：具备优秀的产品企划、方案撰写、PPT制作能力，可独立完成产品包装、卖点提炼及爆款产品规划落地；擅长商务沟通、方案宣讲，能通俗化、场景化输出技术及产品优势。
3. 团队协作：具备良好的跨部门协作能力，可高效联动销售、技术团队开展工作，执行力强，乐于协同分享，适配团队工作模式。
4. 综合素质：目标感强、工作细致负责，具备优秀的问题解决能力、抗压能力和持续学习能力，可快速适配行业与产品迭代变化。",产品规划 跨部门协作 产品迭代,https://jobs.51job.com/kunshan/172713226.html?s=sou_sou_soulb&t=0_0&req=864eec052d0502564426964468ba1a1b
高级产品经理,平生医疗科技（昆山）,1.5-2.5万·13薪,昆山,昆山,本科,3年及以上,2026-07-27 09:53:43,job51,"一、职责与任务：
1、负责客户需求沟通与技术交流，具备独立完成PPT演讲和交流能力，逻辑清晰、表达专业。
2、全力配合销售团队市场拓展、客户洽谈和项目跟进工作，具备极强的奉献精神，能够适应多线任务制，随时响应处理销售突发问题，保障项目顺利推进和客户高效对接。
3、具备优秀商务思维，独立负责销售端各类推广资料、解决方案、宣传素材的制作与更新，熟练完成各类招投标标书的编撰、审核、优化工作，协助确定产品市场推广方向与销售策略。
4、常态化开展市场调研工作，收集整理Micro CT、Micro PET、SPECT等同类产品的参数、功能、价格、应用方案、市场布局、竞品策略等信息，梳理市场趋势、用户需求、行业政策，输出调研分析报告，为产品迭代、市场推广、销售策略制定提供数据支撑。

二、岗位要求：
1、学历：硕士研究生及以上学历，有相关医疗器械、医学影像设备工作经验者可放宽至本科；
2、专业：生命科学相关专业，医学影像相关专业，临床应用相关专业；
3、经验：有微CT、PET、核磁、荧光成像应用经验和相关图像处理经验者优先；
4、具备独立开展工作的能力，工作主动性强、执行力高，态度端正、责任心极强，具备良好的问题分析与解决能力；
5、在苏州（昆山）和上海长期稳定发展者优先考虑。",招投标 市场推广 市场调研 产品迭代 CT Micro PET,https://jobs.51job.com/kunshan/161405209.html?s=sou_sou_soulb&t=0_0&req=864eec052d0502564426964468ba1a1b
PM产品经理（主控芯片）,昆山市正耀电子科技,1.5-2.5万,昆山,昆山,本科,5年及以上,2026-06-26 11:24:38,job51,"岗位职责：
1、负责MCU产品线市场推广、达成年销售额和利润目标，争取原厂端的产品资源及价格支持；
2、建立并维护原厂关系，定期与原厂沟通，获取并理解原厂的市场策略，为制定相应的销售策略提供信息及建议；完成公司和事业部制定的产品线业绩计划；
3、制定市场推广策略，对所负责产品线的重点客户进行跟进，推动公司内部sales的推广/Din工作；拓展行业新应用，挖掘行业大客户，配合销售端完成业务开发；
4、负责产品线的日常报价、库存管理、订单备货等日常工作。

任职要求：
1、电子相关专业大专及以上学历；
2、具备MCU产品销售,FAE或PM工作经验3年以上；
3、具备数电、模电基础知识，了解电子产品设计、生产、测试等基础知识；
4、态度积极、努力勤奋、具有良好的团队协作精神、谈判能力、沟通协调能力及抗压能力。
5、能适应出差。",MCU 市场推广 产品设计,https://jobs.51job.com/kunshan/170644728.html?s=sou_sou_soulb&t=0_0&req=b5d957301cde112450ba77a1b7318e50
产品经理-机械设计,江苏杰士德精密工业,2-4万,昆山,昆山,大专,6年及以上,2026-06-24 19:37:56,job51,"岗位职责：
1.产品规划阶段：
①痛点 / 机会识别：承接需求管理流程（需求规划部）分发的市场需求、客户痛点，结合 MTL 流程的市场细分、组合分析结果，挖掘细分市场的产品机会点
。
②市场 / 竞争分析：开展目标市场规模、增长趋势、客户画像分析，完成细分市场的机会优先级排序，对标竞品，分析行业标杆产品的优劣势、技术路线、定价策略，明确自身产品的差异化定位。
③卖点设计	：基于市场痛点与竞争分析，设计产品核心卖点、价值主张与客户价值方案，输出产品的差异化竞争力设计，支撑后续销售转化。
④产品规划输出：制定产品路标规划、版本规划与业务策略，输出产品规划文档、立项需求，为产品开发流程提供输入。
2.产品开发阶段：
①概念阶段：承接产品规划流程的立项需求，开展产品概念设计、可行性分析；
②计划阶段：制定开发项目产品开发全流程项目计划、资源计划、质量计划与里程碑计划，完成产品详细设计方案、技术方案评审，明确开发交付物与验收标准；
③开发阶段：主导产品开发执行，统筹研发、测试、供应链等跨团队协同，跟踪开发进度、质量与风险，解决开发过程中的技术 / 业务问题，开展阶段性评审，确保开发符合需求与设计要求；
④验证阶段：组织产品测试（功能、性能、可靠性、兼容性等）、用户验证，完成试产、小批量验证，解决验证阶段的缺陷与问题；
⑤发布阶段：主导产品上市发布全流程，联动营销、销售、服务团队完成上市推广、渠道铺货、客户交付，产品生命周期管理，持续跟踪产品的市场表现、客户需求变化，主导产品的迭代规划、版本更新，开展产品生命周期评估，制定产品的升级、退市策略，衔接下一轮产品规划。
任职要求：
1、6年以上机械设计开发经验，其中1年以上产品经理经验优先；
2、或4年以上机械设计开发经验，2年以上项目管理经验；
3、熟练使用solid works 软件、PLM系统等；
4、对数据分析具有一定的敏感性，会使用数据发现设备问题 ，如设备的工装动静态数据\CPK\GRR\Correlation 等；
5、需求洞察与分析能力：精准拆解市场需求、挖掘客户痛点，结合市场细分、组合分析识别产品机会点。
6、市场与竞品分析能力：测算市场规模、研判增长趋势、梳理客户画像；对标竞品分析优劣势、技术路线、定价，制定差异化定位。
7、产品策划与卖点打造能力：提炼产品核心卖点、价值主张，设计客户价值方案与差异化竞争力。
8、规划能力：独立制定产品路标、版本规划、业务策略，撰写产品规划文档、立项材料。",产品规划 技术方案 供应链 项目管理 数据分析 竞品分析,https://jobs.51job.com/kunshan/172678551.html?s=sou_sou_soulb&t=0_0&req=b5d957301cde112450ba77a1b7318e50
产品经理（工控机）,苏州桦汉科技,9千-1.4万·13薪,昆山,昆山,本科,2年及以上,2026-06-12 09:38:27,job51,"岗位职责
1、负责产品从开发到量产的全流程管理，制定计划、把控进度、预算与质量；
2、开展市场 / 竞品分析，参与产品线规划与创新，推动项目落地。
3、跟进各产品线业绩与利润目标达成，提升 RFQ（含 DTOS 项目）成功率。
跨部门协作与关系维护
4、协调研发、生产、业务等部门资源，解决项目问题，保障客户、代理商及内部部门满意度。
5、执行公司制度，持续提升专业能力，保障团队高效协作。
任职要求
1、本科及以上学历，理工科背景优先；
2、有2 年以上产品开发 / 项目管理经验，熟悉产品从开发到量产流程；
3、具备良好的项目统筹、跨部门沟通与问题解决能力，有业绩导向意识。",竞品分析 跨部门协作 项目管理 RFQ DTOS,https://jobs.51job.com/kunshan/172526175.html?s=sou_sou_soulb&t=0_0&req=b5d957301cde112450ba77a1b7318e50
产品经理（光源/机器视觉）,苏州嘉励自动化科技,2-3万·13薪,昆山,昆山,本科,3年及以上,2026-06-29 09:46:54,job51,"岗位职责：
1.开展行业趋势、竞品动态、客户需求的调研与分析，深入客户现场了解应用场景与未满足需求，输出需求洞察报告。
2.基于市场调研与客户需求输入，参与产品路线图制定；负责产品需求定义，输出PRD文档，明确产品功能、性能、用户体验及目标成本。
3.参与新品立项论证，从市场与客户视角评估项目可行性。
4.作为产品方向的客户对接窗口，负责重点客户的日常产品技术沟通；收集客户定制化需求与改进诉求，导入内部评估并推动落地。
5.负责客户现场产品应用需求的调研与需求转化，跟踪需求在开发过程中的落实进度，确保客户诉求准确传递。
6.协同市场部策划产品推广方案，准备产品卖点、技术资料及培训材料；参与行业展会，负责产品现场讲解与技术答疑。
7.为销售团队提供产品培训与技术支持，参与售前客户技术交流，协助完成产品方案推荐。
8.收集产品上市后的客户反馈与市场表现，识别改进机会；推动产品迭代与版本升级，持续优化产品竞争力。
任职要求：
1.年龄38岁以内，本科及以上学历，市场营销/光学/电子等专业。
2.3年以上产品管理、产品市场或相关工作经验，有光源/照明/自动化设备行业经验者优先。
3.熟悉产品管理全流程，具备市场调研、需求分析与产品定义能力，适应高频出差，能深入客户现场开展工作。",市场调研 培训 技术支持 产品迭代 需求分析,https://jobs.51job.com/kunshan/172718007.html?s=sou_sou_soulb&t=0_0&req=b5d957301cde112450ba77a1b7318e50
矿山软件产品经理,三一重工,1.3-2.5万,昆山,昆山,本科,5年及以上,2026-07-24 17:37:58,job51,"1. 产品规划与设计
- (1) 负责矿山软件平台产品的市场调研与用户需求分析，深入理解露天矿/井工矿采、运、排等典型作业场景，分析矿区生产流程、调度模式及安全合规要求，完成产品规划与版本管理。
- (2) 负责产品核心功能模块的定义与设计，涵盖地质保障系统、综合管控平台、露天矿无人驾驶调度系统、智能调度等关键方向，编写高质量的产品需求文档（PRD）及原型设计，协同研发、测试、UI设计团队，推动产品功能高效落地。
- (3) 跟踪产品上线后的用户反馈和数据表现，结合矿区一线作业人员与管理人员的真实使用反馈，持续进行产品迭代优化，提升产品在矿山场景下的适配性、易用性与稳定性。
2. 需求分析与方案落地
- (1) 深入矿山业务场景，聚焦矿山企业在生产效率、安全管理、成本控制、合规监管等方面的核心痛点，定期赴矿山现场走访，与矿长、生产负责人、设备管理人员等关键角色深度沟通，收集需求反馈并输出结构化需求调研报告。
- (2) 主导智慧矿山工业软件套件、综合管控平台、露天矿无人驾驶调度系统、地质保障系统等产品的需求分析与设计工作，将复杂的矿山业务流程转化为可落地的产品解决方案。
- (3) 跨部门协作与项目管理，协调算法、车端软件、云平台、硬件、测试、运维等跨职能团队，确保产品需求与自动驾驶技术方案一致，制定项目风险管理机制，定期输出项目进度报告。
- (4) 与解决方案、交付等团队紧密配合，协助支撑市场开发工作；对大客户项目产品交付负责，推动产品在真实矿区长期稳定运行。
3. 市场推广与生态建设
制定矿山软件产品的市场推广策略，利用行业展会、技术交流会等渠道，提炼产品核心卖点并输出培训材料；联合行业专家资源，提升产品在矿山数字化领域的品牌形象与市场占有率。
4. 按时完成上级领导交办的其他工作任务
任职要求
1. 本科及以上学历，采矿工程、矿物加工工程、计算机、自动化、软件工程等相关专业优先，5年以上软件产品经理工作经验，具有矿山行业软件解决方案经验者优先。
2. 精通矿山生产全流程（采矿方法、核心设备类型、运输调度模式），深入了解矿山安全监管、环保合规等政策要求，具备智慧矿山工业软件、综合管控平台、无人驾驶调度系统等产品从0到1完整落地经验者优先。
3. 熟悉露天矿无人驾驶作业场景，掌握无人驾驶技术原理、生产调度逻辑及云边端协同系统架构，深刻理解矿卡/工程车辆自动驾驶能力、智能调度与车路协同、生产效率与安全监控等核心业务逻辑。
4. 具备强烈的用户思维与行业敏感度，能够深刻理解矿山客户在“降本增效”及“安全合规”方面的核心诉求，具备优秀的逻辑思维、数据分析与文档撰写能力。
5. 对AI大模型技术、数字孪生、物联网、5G等新技术在矿山领域的应用有浓厚兴趣，能够作为桥梁沟通业务、技术与算法团队。
6. 具备优秀的产品设计与原型能力，精通Axure、Figma、墨刀等设计工具，可独立完成PRD及高保真原型设计；理解自动驾驶或相关技术背景（感知、规划控制、系统集成），可与算法及工程团队高效沟通。
7. 能适应矿山行业特性，接受短期出差及矿区驻场，具备较强的执行力和问题解决能力，能主动推动产品优化迭代与项目顺利落地。",大模型 5G 产品规划 市场调研 需求分析 安全合规 版本管理 原型设计 产品迭代 成本控制 合规 跨部门协作 项目管理 技术方案 风险管理 市场推广 培训 数据分析 产品设计,https://jobs.51job.com/kunshan/173036882.html?s=sou_sou_soulb&t=0_0&req=b5d957301cde112450ba77a1b7318e50
资深软件产品经理,通祐电梯,1-1.5万,昆山,昆山,本科,5年及以上,2026-07-16 10:52:44,job51,"岗位职责
1、负责公司信息化系统的需求管理、功能规划与迭代落地，推动系统推广与持续优化，助力商业目标达成。
2、分析和收集业务流程痛点，提供信息系统产品解决方案，输出PRD、原型、流程图、产品路线图等高质量产品文档。
3、关注物联网、云计算、大数据及AI技术趋势，将其融入公司业务场景，持续优化产品特性。
4、负责跨部门协作，推进产品需求确认，跟踪研发进度，确保产品高质量交付。
5、完成领导交办的其他产品相关任务。

任职要求
1、计算机科学、软件工程、自动化或相关专业本科及以上学历。
2、5年以上产品管理经验，具备制造业信息化系统（如MES、WMS、ERP等）建设与落地经验。
3、熟悉 AI Agent、LLM 等前沿技术在工业场景的应用，并能熟练运用 AI 辅助工具提升工作效率。
4、熟悉敏捷开发流程，具备极强的跨部门协调能力，擅长独立解决障碍与挑战。
5、具备优秀的文档撰写能力，能清晰表达产品架构意图，精准控制系统需求边界，熟练输出产品/技术方案。
6、具备物联网产品从0到1经验者优先。",AI Agent LLM 产品文档 跨部门协作 技术方案 WMS AI Agent,https://jobs.51job.com/kunshan/172417442.html?s=sou_sou_soulb&t=0_0&req=b5d957301cde112450ba77a1b7318e50
产品工程师（储备主管）,苏州怡合达自动化科技,1.4-2万·14薪,昆山,昆山,本科,3年及以上,2026-06-16 13:49:20,job51,"岗位职责
1. 客户需求对接：对接客户梳理零件需求，结合产品使用工况，输出技术方案、参数标准及报价依据。
2. 产品开发设计：负责零件新品开发、结构优化及旧品升级，完成图纸设计、工艺制定、样品打样跟进，解决设计与加工过程核心技术问题。
3. 产品验证优化：开展产品可靠性测试，分析终端使用失效问题，优化产品结构、材料及工艺，提升产品工况适配性与使用寿命。
4. 技术支持与迭代：为销售及客户提供技术咨询，收集市场使用反馈，持续迭代优化产品，沉淀材料选型与产品开发技术资料。

任职要求
1. 学历专业：本科及以上学历，材料工程、机械设计等相关专业优先。
2. 从业经验：3年以上，熟悉工业零部件开发流程者优先",技术方案 技术支持 技术咨询,https://jobs.51job.com/kunshan/172575280.html?s=sou_sou_soulb&t=0_0&req=b5d957301cde112450ba77a1b7318e50
AI工程师,神讯电脑（昆山）,1-2万,昆山,昆山,本科,1-3年,2026-08-03 09:42:58,job51,"岗位职责：
1. 与生产、工程、品质团队紧密协作，挖掘真实业务痛点，将AI技术转化为可量化的生产价值。
2. 独立完成面向工厂场景的AI Agent设计与开发，覆盖业务流程、生产流程、品质管理和产品管理等核心业务，打造可落地的工业智能体解决方案。
3. 持续监控 AI 工具运行效果，收集用户反馈，重点优化 RAG 检索准确率及模型响应速度，完善AI功能优化用户体验。
4. 在公司内部推广 AI应用，提供相应的技术培训与支持。
5. 跟进AI Agent***，搭建适配全生产流程的智能体协同体系，持续迭代优化。
任职要求:
1. 本科及以上学历，计算机、人工智能等相关专业，1-3年AI应用开发经验。
2. Python 编程与工程化：精通 Python 编程，熟练掌握Web API 服务开发，具备良好的代码规范与工程化落地能力。
3. AI 开发框架掌握：熟练掌握 LangChain生态系统，深刻理解并能运用 Chain、Agent、Memory 等核心概念。
4. 向量数据库技术：精通 Vector Database (如 Milvus/Pinecone/Chroma) 的搭建、索引优化以及数据清洗入库流程。
5. 实战经验：具备实际的 AI Agent (智能体) 开发经验，能设计复杂的任务规划与工具调用逻辑。
6. 独立解决问题能力和项目管理能力，能清晰汇报进度；对新技术敏感，能主动提出利用 AI 解决业务痛点的创新方案。",AI Agent RAG Python LangChain Agent 向量数据库 培训 项目管理,https://jobs.51job.com/kunshan/173124007.html?s=sou_sou_soulb&t=0_0&req=b5d957301cde112450ba77a1b7318e50
PD工程师,福立旺精密机电（中国）,1.4-1.7万,昆山,昆山,本科,5年及以上,2026-07-22 14:36:24,job51,"岗位职责
1、主导新专案产品开发进度，对接客户PD:
2、主导产品Design review,按时完成Design proposal,NUDD,DFEMA,asembly part TA, checking point, design change list等
工程文件
3、主导产品规格定义，按时完成厂内工程蓝图及零件2D图面制作;
主导产品零件DFM review检讨，按时完成零部件样品验证与承认;
主导产品设计DOE，制定DOE Plan;
主导NPI线上及客诉产品尺寸、功能、外观问题FACA，制定FA SOP，协调并推动相关部门改善,
负责指导、管理、监督部门人员的工作，并负责部门员工的培训、考核等工作:
8、主导材料成本Cost Down验证导入。
任职资格:
任职要求:
1、本科及以上学历，机械相关专业，五年以上消费类电子产品设计工作经验，五年以上团队管理经验，有CM厂经验优先;
出色的沟通能力，英语熟练者优先考虑:
2、
3、
工作责任心强，并且有较强的抗压能力。
其他说明:
1、熟悉冲压/CNC/MIM工艺，有经验优先;
2、
条件优秀者薪资可谈。",产品设计 培训 团队管理 NUDD DFEMA TA Plan SOP,https://jobs.51job.com/kunshan/173003148.html?s=sou_sou_soulb&t=0_0&req=b5d957301cde112450ba77a1b7318e50
项目经理(J10862),苏州东山精密制造,2.5-3.5万,苏州,昆山,大专,8年,2026-07-06 14:10:42,job51,"工作职责:
1.负责精密事业部IT项目（软件/硬件/系统集成等）从立项、需求分析、设计、开发、测试到交付上线的全过程管理，确保项目按时、按质、按预算完成。
2.制定详细的项目计划（WBS、里程碑、资源分配），跟踪任务进度，识别偏差并采取纠正措施，定期输出进度报告。
3.协同产品经理/业务方明确项目范围与需求，管理需求变更，评估变更影响并控制范围蔓延。
4.组建并领导跨职能团队（开发、测试、运维、UI等），分配任务，协调内外部资源，解决沟通瓶颈，提升团队效率。
5.主动识别项目风险，制定应对策略并监控风险状态，建立问题升级机制。
6.对接内部管理层、业务部门及外部客户/合作伙伴，组织项目会议（评审、日站、复盘），确保信息透明。
7.推动代码审查、测试流程，确保项目交付成果符合质量标准和验收条件，组织UAT及上线部署。
8.编制项目预算，跟踪实际支出，控制资源浪费。
任职资格:
1.熟悉企业信息化建设、具有MES（制造执行系统）、WMS（仓储管理系统）、QMS（质量管理系统）、APS（高级计划与排程）、ERP（企业资源管理系统）、SPC（统计过程控制）等生产系统的实施经验；
2.带领10人以上团队完成项目（如MES/APS/WMS 系统上线）的经验，能独立负责项目全生命周期管理。
3.具备扎实的IT基础知识和项目管理规范，能制定清晰的项目计划、管控进度与风险，推动跨部门协作，达成项目目标。
4.思路清晰，有较强的组织协调能力；
5.有较强的团队意识、善于沟通、能够灵活应对各种突发事件，具备计划、组织、协调、实施、控制能力；
6.较好的文字功底，能独立撰写解决方案、需求规格说明书和立项报告；
7.有较好的英语交流与书写能力，能与海外团队工作交流
8.能适应按项目节点要求的国内外出差
9.熟悉西门子工业软件系统优先",需求分析 项目管理 跨部门协作 WBS WMS QMS APS ERP,https://jobs.51job.com/suzhou/172805931.html?s=sou_sou_soulb&t=0_1&req=b5d957301cde112450ba77a1b7318e50
产品工程师（铰链、AR&VR）,昆山玮硕恒基智能科技,1.2-2万·13薪,昆山,昆山,本科,3年及以上,2026-07-20 18:50:22,job51,"工作内容：
1、AR / XR产品转轴设计；
2、3C电子产品运动关节铰链设计；
3、负责设计方案等资料编写、样品制作及工厂试产过程中问题的指导解决；
4、负责产品开发阶段的技术问题分析解决；
5、其他相关工作安排。
任职要求：
1. 机械设计、车辆工程、机电一体化、材料力学相关专业，本科及以上学历；
2. 三年以上3C电子产品结构设计经验（有铰链设计经验或AR&amp;VR产品设计经验优先，铰链产品设计经验***）；
3. 设计能力：
精通齿轮，连杆传动，了解MIM、压铸、塑胶冲压工艺，熟练使用三维设计软件：SolidWorks、Creo等，掌握CAE仿真工具：ANSYS、ABAQUS、ADAMS等；",产品设计 AR amp SolidWorks ANSYS ABAQUS,https://jobs.51job.com/kunshan/172977017.html?s=sou_sou_soulb&t=0_0&req=b5d957301cde112450ba77a1b7318e50
产品总监,江苏拓米洛高端装备,40-60万/年,昆山,昆山,本科,8年及以上,2026-07-09 11:40:14,job51,"工作内容：
主要负责产品的市场研究、产品规划、产品开发、产品上市、生命周期管理：
1.负责产品的规划接口，研发牵引、驱动与协同； 
2.市场调研：市场以了解客户需求、竞争状况及市场状况，最终目标是发现创新或改进产品的潜在机会； 
3.负责产品全生命周期管理，产品竞争力构建； 做好市场调研，需求分析，竞品分析；
4.负责产品的规划，研发牵引、驱动与协同；
5.要有Tob端的经验；

任职要求：
1.本科及以上学历，8年以上设备类企业研发/产品/项目/方案等工作经验，必须从事过研发工作；
2.机械、自动化、制冷等相关专业，技术背景。
3.必须有跨职能团队管理经验",产品规划 市场调研 需求分析 竞品分析 团队管理,https://jobs.51job.com/kunshan/172851439.html?s=sou_sou_soulb&t=0_0&req=b5d957301cde112450ba77a1b7318e50
管培生,昆山鸿志德电子科技,6-8千,昆山,昆山,本科,无需经验,2026-07-23 15:40:01,job51,"岗位方向：产品结构设计、产品组件设计、视觉设计、PLC设计、治具设计、机构设计、信号仿真、品质管理、业务开发、项目管理；
1-从事产品结构设计、产品组件设计及治工具设计等研发中心岗位，业务中心、销售项目岗位；
2-喜欢钻研，热爱设计、开发、有创新精神；
3-学习并掌握相关设计软件及工具，提升专业能力；
4-提供专业的岗位培训及成长规划；
5-乐观有自驱力，对数据敏感及流利的英语口语交流能力；（销售项目岗位）
【任职要求】
1-本科及以上学历，电子信息工程、通信工程、机械设计制造及其自动化、材料成型及控制工程、工业设计、工业工程、机电一体化；
业务和项目英语熟练优先，英语、市场营销 项目管理；
2-熟悉Solid Works软件；
3-熟练的英文读写能力，CET 4/CET 6；
4-具备较强的责任心和团队合作精神，能够适应块节奏的工作环境，有一定的抗压能力；
【投递流程】
简历投递 → 简历筛选 → 笔试/测评 → 面试（2-3轮） → 录用意向 → 发放Offer",项目管理 培训 CET,https://jobs.51job.com/kunshan/173019190.html?s=sou_sou_soulb&t=0_0&req=b5d957301cde112450ba77a1b7318e50
产品总监,四川中讯数智科技,2.6-4万,苏州·苏州工业园区,昆山,本科,5-10年,2026-07-08 13:52:34,job51,"岗位职责：
1.统筹全部产品的全生命周期，跟进与推动产品开发进度，把控开发方向、质量，与相关部门协同产研计划和节奏，提成产品运营效率。

2.组织开展需求调研、分析，并对需求文档进行审核，确保需求的真实性、可行性。

3.参与需求、版本评审，统筹各系统产品的需求池管理和版本管理。

4.审核产品上线计划、排期计划，协调资源、处理冲突、解决全生命周期过程中出现的问题和突发状况，确保产品按时交付、高质量上线与交付。

5.指导产品经理制定产品路线图与迭代计划，协调公司技术、财务、市场等资源，保障产品开发与运营顺利推进。

6.统筹组织产品内测、公测及正式发布；组织收集产品上线后的用户反馈与数据，分析产品运营效果，规划产品迭代版本，持续优化产品功能与用户体验。67

7.组织产品验收，确保产品符合要求。

8.定期组织产品复盘会议，提出产品优化与创新方向，推动产品持续迭代升级。

9.建立有效的沟通机制，定期组织产品例会与汇报会议，向公司管理层汇报项目进展情况，同时向项目团队传达公司战略与决策，确保信息畅通。

10.定期组织召开产品研讨会，与公司高层及相关部门协同，根据公司发展需求、客户需求，及时调整产品战略、规划、设计，确保产品与客户要求或公司整体战略一致。

任职要求：
1. 教育背景：
61 本科及以上学历，计算机、软件工程等相关专业优先。
2. 工作经验：
61 10年以上产品经理工作经验，3年以上同岗位工作经验；
61 有成功的商城产品策划和运营案例优先，熟悉电商行业业务流程和用户需求。
具备互联网、软件、硬件或相关行业丰富的产品管理经验，熟悉行业产品发展趋势与用户需求特点。
有至少3个以上大型项目成功的产品全生命周期管理案例。67
3. 业务理解能力：
61 具备较强的市场洞察力，能够从客户角度出发，设计出满足市场需求的产品。
4. 产品抽象能力：
61 熟练掌握产品设计工具（如XMind、Figma、墨刀等），能够独立完成产品原型设计。
5. 其他能力：
61 具备较强的项目管理能力，能够协调多方资源，推动项目按时交付。
61 优秀的沟通能力、团队协作能力和抗压能力，能够快速适应复杂的工作环境。
加分项：
61 拥有工业自动化、AI、智能制造系统的设计与实施经验。
61 在AI领域有创新性的产品案例，能够展示对新技术的敏感度和应用能力。",版本管理 产品迭代 产品设计 原型设计 项目管理 Figma AI,https://jobs.51job.com/suzhou-gyyq/167383605.html?s=sou_sou_soulb&t=0_1&req=b5d957301cde112450ba77a1b7318e50
Supply Chain Analyst-产品数据管理,泰科电子（昆山）,7-8千·13薪,昆山,昆山,本科,无需经验,2026-06-29 13:41:35,job51,"Position Summary
The Product Data Management Analyst supports the accuracy, completeness, and maintenance of product master data across SAP/ PLM, and related systems. This role works closely with Engineering, Manufacturing, Supply Chain, and Global Product Data teams to ensure product data is correctly created, updated, and maintained to support daily operations and new product introductions (NPI).
 
Key Responsibilities
Product Data Maintenance &amp; Support
•	Create, update, and validate product master data in SAP / PLM systems, including:
o	Material master data
o	BOM
o	Routing, work center and basic production parameters
•	Perform data checks to ensure completeness, accuracy, and compliance with standards
•	Support execution of Engineering Change Requests (ECR/ECN) by updating system data and tracking status
Operational &amp; Regional Support
•	Support APAC plants with product data requests and and daily execution needs
•	Assist in data preparation for NPI builds, pilot runs, and production ramp ups
•	Coordinate with Manufacturing, PM, Quality, Sourcing, Finance and Supply Chain teams to resolve data related issues
•	Participate in UAT, data validation, or system change support as assigned
•	Annual re-costing support
Process &amp; Improvement Support
•	Follow global product data governance rules, templates, and work instructions
•	Support data clean up activities, audits, and reporting
•	Assist in process improvement, standardization, and automation initiatives
 
Qualifications &amp; Experience
•	Bachelor’s degree or above with an engineering or technical background
•	0–3 years of experience (fresh graduates welcome)
•	Internship or exposure to manufacturing, supply chain, or ERP systems is a plus
•	Strong Excel skills preferred
•	Good collaboration and communication skills
•	Analytical mindset with focus on data accuracy and consistency
 
Language &amp; Work Requirements
•	Fluent Mandarin required
•	Fluent English is mandatory (daily use in meetings, emails, documentation, and collaboration with global teams)
•	Ability to work effectively with global stakeholders across multiple time zones
 
职位简介
产品数据管理分析员负责支持 SAP、PLM 及相关系统中产品主数据的准确性、完整性和日常维护工作。该岗位将与工程、生产、供应链及全球产品数据团队紧密合作，确保产品数据被正确创建、更新和维护，以支持日常运营及新产品导入。
 
主要职责
产品数据维护与支持
•	在 SAP / PLM 系统中创建、更新及校验产品主数据，包括：
o	物料主数据
o	物料清单（BOM）
o	工艺、工作中心及基础生产参数
•	执行数据检查，确保数据的完整性、准确性及符合相关标准
•	支持工程变更请求（ECR/ECN）的执行，完成系统数据更新并跟踪变更状态
运营与区域支持
•	支持 APAC 工厂的产品数据需求及日常执行工作
•	协助新产品导入（NPI）的数据准备工作
•	与制造、产品经理、质量、采购、财务及供应链团队协作，解决与产品数据相关的问题
•	按要求参与系统测试、数据验证及系统变更支持（如 UAT）
•	支持年度产品重新成本核算相关的数据工作
流程与改进支持
•	遵循全球产品数据管理规则、模板及操作规范
•	支持数据清理、审计及相关报表工作
•	协助流程优化、标准化及自动化改进项目
 
任职资格与经验
•	本科及以上学历，工程或技术背景
•	0–3 年相关工作经验（欢迎优秀应届毕业生）
•	有制造业、供应链或 ERP 系统相关实习 / 项目经验者优先
•	熟练使用 Excel，具备良好的数据处理能力
•	具备良好的沟通与协作能力
•	具备分析思维，注重数据的准确性和一致性
 
语言及工作要求（Language &amp; Work Requirements）
•	普通话流利
•	英语必须流利，能够在日常会议、邮件、文档及与全球团队协作中熟练使用
•	能够适应跨时区与全球团队相关方协同工作的环境",ROS Gin Go DiT 供应链 采购 审计 流程优化,http://te.51job.com/show_job_detail.html?jobid=171595009
机械设计专家,江苏杰士德精密工业,2-4万,昆山,昆山,大专,6年及以上,2026-06-27 15:56:02,job51,"产品规划阶段：
痛点 / 机会识别：承接需求管理流程（需求规划部）分发的市场需求、客户痛点，结合 MTL 流程的市场细分、组合分析结果，挖掘细分市场的产品机会点
。
市场 / 竞争分析：开展目标市场规模、增长趋势、客户画像分析，完成细分市场的机会优先级排序
对标竞品，分析行业标杆产品的优劣势、技术路线、定价策略，明确自身产品的差异化定位。
卖点设计	：基于市场痛点与竞争分析，设计产品核心卖点、价值主张与客户价值方案
输出产品的差异化竞争力设计，支撑后续销售转化。
产品规划输出：制定产品路标规划、版本规划与业务策略
输出产品规划文档、立项需求，为产品开发流程提供输入。
产品开发阶段：
概念阶段：承接产品规划流程的立项需求，开展产品概念设计、可行性分析
计划阶段：制定开发项目产品开发全流程项目计划、资源计划、质量计划与里程碑计划
完成产品详细设计方案、技术方案评审，明确开发交付物与验收标准。
开发阶段：主导产品开发执行，统筹研发、测试、供应链等跨团队协同
跟踪开发进度、质量与风险，解决开发过程中的技术 / 业务问题
开展阶段性评审，确保开发符合需求与设计要求。
验证阶段：组织产品测试（功能、性能、可靠性、兼容性等）、用户验证
完成试产、小批量验证，解决验证阶段的缺陷与问题。
发布阶段：主导产品上市发布全流程，联动营销、销售、服务团队完成上市推广、渠道铺货、客户交付
产品生命周期管理	""持续跟踪产品的市场表现、客户需求变化，主导产品的迭代规划、版本更新
开展产品生命周期评估，制定产品的升级、退市策略，衔接下一轮产品规划。
年龄：30-40
学历：全日制大专及以上学历
工作经验：6年以上机械设计开发经验，其中1年以上产品经理经验优先；
2、或4年以上机械设计开发经验，2年以上项目管理经验；
技能要求：
1. 熟练使用solid works 软件、PLM系统等；
2. 对数据分析具有一定的敏感性，会使用数据发现设备问题 ，如设备的工装动静态数据\CPK\GRR\Correlation 等；
3.需求洞察与分析能力：精准拆解市场需求、挖掘客户痛点，结合市场细分、组合分析识别产品机会点。
4.市场与竞品分析能力：测算市场规模、研判增长趋势、梳理客户画像；对标竞品分析优劣势、技术路线、定价，制定差异化定位。
5.产品策划与卖点打造能力：提炼产品核心卖点、价值主张，设计客户价值方案与差异化竞争力。
6.规划能力：独立制定产品路标、版本规划、业务策略，撰写产品规划文档、立项材料。",产品规划 技术方案 供应链 项目管理 数据分析 竞品分析,https://jobs.51job.com/kunshan/172712687.html?s=sou_sou_soulb&t=0_0&req=b5d957301cde112450ba77a1b7318e50
软件项目经理(SPM),立讯电子科技（昆山）,1.2-2.4万·13薪,昆山,昆山,本科,3年及以上,2026-08-06 20:28:19,job51,"【工作内容】
1、统筹消费电子及通信项目全生命周期管理，制定详细实施计划并监控关键节点交付；
2、协调研发、测试及供应链等多部门资源，解决跨团队技术瓶颈与协作冲突；
3、负责项目需求分析、范围界定及变更控制，确保产品功能符合客户规格书要求；
4、主导项目风险评估与应对策略制定，定期汇报进度、成本及质量状态给管理层；
5、组织项目复盘会议，沉淀标准化流程文档，持续优化软件交付效率与产品质量。

【任职要求】
1、计算机、通信工程或相关专业本科及以上学历，拥有3年以上软件项目管理经验；
2、精通PMP等项目管理方法论，熟悉敏捷开发流程及DevOps工具链；
3、具备消费电子或网络设备行业背景，能独立编写高质量技术方案与项目报告；
4、持有PMP证书者优先，英语可作为工作语言，具备良好的沟通协调能力；
5、抗压能力强，结果导向，能适应快节奏环境及短期出差，对技术细节有敏锐度。",DevOps 供应链 需求分析 项目管理 技术方案,https://jobs.51job.com/kunshan/172409673.html?s=sou_sou_soulb&t=0_0&req=83cbd3fa71e33f85dec08b5fcd78902f
"Product Manager, Electronics, PTAP",艾利丹尼森（中国）,2-3万·13薪,昆山,昆山,本科,5-7年,2026-07-03 19:21:12,job51,"Job Description：
ABOUT YOUR ROLE:
A combination of technical marketing and market development role in marketing organization, as the bridge between customer (brand owner, module makers, component maker, converter &amp; distributor) and internal team (R&amp;D, ATS, production, quality, commercial &amp; marcom) to speed up the new market scoping, customer needs clarification and product launch. Improve customer experience and shorten trouble shooting cycle.
YOUR RESPONSIBILITIES WILL INCLUDE:

 1. 
Develop and execute overall business strategy for Electronics (Consumer Electronics, Auto Electronics, Display, Semiconductor and Data Center, Electronics Components etc) business in APAC region. 
 2. 
Investigate and summarize market dynamic/trend, value chain, competitor landscape, customer segmentation. Defines product solution value proposition 
 3. 
Deep understanding of product management including the ability to connect business and product line strategy in order to drive meaningful business growth via solid new product roadmap development 
 4. 
P&amp;L ownership for Electronics related product family including portfolio management, pricing strategy, product commercialization
 5. 
Drive business growth and profitability with cross functional work including commercial teams and other supporting teams. 
 6. 
Work with other business divisions as one Avery Dennison global approach for the electronics industry.

Qualifications：
WHAT WE WILL BE LOOKING FOR IN YOU:

 1. 
Master with 5+ years’ experience or Bachelor with 7+years’ experience related to electronics &amp; product marketing
 2. 
Deep understanding for all electronics and electrical industry, experience of material solution or PSA &amp; adhesive application will be a plus 
 3. 
Familiar with electronics value chain, process flow and customer qualification process 
 4. 
Good cross functional/regional communication and customer interaction skill
 5. 
Good written and spoken English",GAN Electron ROS Go Description ABOUT ATS Improve,https://jobs.51job.com/kunshan/172791103.html?s=sou_sou_soulb&t=0_0&req=83cbd3fa71e33f85dec08b5fcd78902f
市场专员,京西智行（上海）汽车科技,8千-1.5万·15薪,昆山,昆山,本科,1年及以上,2026-07-28 10:34:08,job51,"1.统筹公司品牌宣传工作，负责线上线下品牌物料制作、宣传素材更新、品牌形象统一落地；
2.全年规划、组织、落地各类行业展销展会，包含展位搭建、展品筹备、人员安排、现场接待、会后复盘；
3.策划、统筹全国 / 区域经销商会议、新品发布会、渠道推广会，完成方案、物料、现场执行全流程；
4.制作品牌宣传物料：海报、画册、短视频、公众号图文、产品宣传推文；
5.配合销售团队开展区域品牌推广活动，提供活动物料、宣传支持；
6.整理展会、经销商会议客户线索，同步对应销售跟进；
7.跟踪行业竞品品牌宣传、展会活动、营销打法，整理市场宣传信息；
8.配合产品经理更新产品宣传资料、培训课件配套视觉素材；
9.管理宣传物料库存、采购、分发，控制市场活动预算；
10.遵守公司市场、财务、行政各项管理制度；
11.完成领导安排的品牌、展会、活动相关其他市场工作。
任职要求：
1.本科及以上学历，市场营销、广告、新媒体相关专业优先；
2.1 年以上汽车后市场展会、线下会议、品牌宣传执行经验；
3.熟悉汽配行业展会、经销商大会全流程策划落地，懂物料设计与活动执行；
4.具备品牌宣传思维，能够独立策划线上线下宣传推广方案；
5.可独立出差跟进展会、线下经销商会议，现场统筹协调能力强；
6.优秀文案、沟通协调能力，擅长对接广告供应商、展会主办方；
7.熟练使用 Office、PS 基础修图，可独立制作活动方案、宣传图文；
8.团队协作意识强，主动配合产品、销售团队完成市场支撑工作；
9.执行力强、细心抗压，擅长多活动并行统筹，活泼外向，擅长现场接待",培训 采购 PS,https://jobs.51job.com/kunshan/173062330.html?s=sou_sou_soulb&t=0_0&req=83cbd3fa71e33f85dec08b5fcd78902f
市场专员,京西智行（上海）汽车科技,8千-1.2万·15薪,昆山,昆山,本科,1年及以上,2026-07-27 16:39:55,job51,"1.统筹公司品牌宣传工作，负责线上线下品牌物料制作、宣传素材更新、品牌形象统一落地；
2.全年规划、组织、落地各类行业展销展会，包含展位搭建、展品筹备、人员安排、现场接待、会后复盘；
3.策划、统筹全国 / 区域经销商会议、新品发布会、渠道推广会，完成方案、物料、现场执行全流程；
4.制作品牌宣传物料：海报、画册、短视频、公众号图文、产品宣传推文；
5.配合销售团队开展区域品牌推广活动，提供活动物料、宣传支持；
6.整理展会、经销商会议客户线索，同步对应销售跟进；
7.跟踪行业竞品品牌宣传、展会活动、营销打法，整理市场宣传信息；
8.配合产品经理更新产品宣传资料、培训课件配套视觉素材；
9.管理宣传物料库存、采购、分发，控制市场活动预算；
10.遵守公司市场、财务、行政各项管理制度；
11.完成领导安排的品牌、展会、活动相关其他市场工作。
任职要求：
1.本科及以上学历，市场营销、广告、新媒体相关专业优先；
2.1 年以上汽车后市场展会、线下会议、品牌宣传执行经验；
3.熟悉汽配行业展会、经销商大会全流程策划落地，懂物料设计与活动执行；
4.具备品牌宣传思维，能够独立策划线上线下宣传推广方案；
5.可独立出差跟进展会、线下经销商会议，现场统筹协调能力强；
6.优秀文案、沟通协调能力，擅长对接广告供应商、展会主办方；
7.熟练使用 Office、PS 基础修图，可独立制作活动方案、宣传图文；
8.团队协作意识强，主动配合产品、销售团队完成市场支撑工作；
9.执行力强、细心抗压，擅长多活动并行统筹，活泼外向，擅长现场接待",培训 采购 PS,https://jobs.51job.com/kunshan/173055588.html?s=sou_sou_soulb&t=0_0&req=83cbd3fa71e33f85dec08b5fcd78902f
前端开发工程师,宾科精密部件（中国）,1.5-2万,昆山,昆山,本科,8年及以上,2026-07-21 18:06:36,job51,"工作内容：
1.核心系统开发：负责MES、WMS, PDA扫码终端等工业级B/S架构系统的前端模块设计、开发与维护，确保系统在复杂业务场景下的高可用性与高性能。
2.组件库建设：基于业务需求，抽象并封装通用的工业级UI组件（如：动态表单、复杂数据表格、设备状态看板、扫码交互组件等），提升团队整体开发效率。
3.性能优化：针对工业现场可能存在的弱网环境、大数据量渲染（如：万级数据表格、实时设备监控图表）进行专项性能优化，确保流畅的用户体验。
4.跨团队协作：与产品经理、UI/UX设计师、后端工程师（Java/.NET）及业务部门（生产、仓储）紧密配合，准确理解业务需求，提供技术可行性建议并落地。
5.代码质量与规范：遵循美资企业工程化标准，编写高质量、可维护的代码，参与Code Review，编写单元测试及前端技术文档。
6.技术预研：关注前端前沿技术（如WebAssembly、WebGL/3D可视化、PWA等），探索其在工业场景下的应用可能性。
7.终端兼容适配开发，处理工业设备多分辨率、断网离线缓存、车间弱网数据补偿场景问题。

工作要求：
1.学历与经验：本科及以上学历，计算机相关专业； 8年以上前端开发经验，有企业级后台管理系统或MES/WMS/ERP/SCADA等工业软件开发经验者优先。
2.技术栈要求：
o精通 TypeScript、HTML5、CSS3、ES6+；
o熟练掌握 React 或 Vue.js（推荐React，美资企业常用）全家桶，理解其底层原理及性能优化策略；
o熟悉至少一种状态管理方案（Redux, Zustand, Pinia等）及路由配置；
o熟悉 Ant Design / Material UI / Element Plus 等主流组件库，有二次开发或主题定制经验。
3.工程化能力：熟练使用 Webpack / Vite / Rollup 等构建工具，了解前端自动化测试（Jest/Cypress）及CI/CD流程（Jenkins/GitLab CI）。
4.业务理解力：具备良好的逻辑思维，能快速理解复杂的业务流程（如：工单流转、库存扣减、BOM结构、质检流程等），不局限于“切图仔”思维。
5.语言能力：具备良好的英语读写能力，能流畅阅读英文技术文档，能使用英语进行邮件沟通及编写技术文档（口语可作为加分项）。
6.软性素质：结果导向，注重代码规范与工程质量，具备良好的跨部门沟通能力和团队协作精神。

加分项
1.有 MES/WMS/PLM 等制造业信息化系统实际项目落地经验；
2.熟悉 WebSocket、MQTT 等实时通信技术，有设备数据采集前端展示经验；
3.了解 WebGL / Three.js / ECharts / D3.js，有数字孪生或数据可视化大屏开发经验；
4.有 Node.js (NestJS/Express) 全栈开发经验，能独立处理简单的BFF层逻辑；
5.熟悉 Docker 容器化部署及 Nginx 配置。
6. 可独立排查、解决工业场景大数据、高频实时数据流、车间弱网离线同步等复杂性能疑难问题。",高可用 Java TypeScript HTML5 CSS3 React Vue Webpack Vite CI/CD Jenkins GitLab CI WebSocket MQTT Node.js Express Docker 容器化 Nginx 技术文档 自动化测试 数据采集,https://jobs.51job.com/kunshan/172992649.html?s=sou_sou_soulb&t=0_0&req=83cbd3fa71e33f85dec08b5fcd78902f
资深H5前端开发工程师,通祐电梯,1-1.5万,昆山,昆山,本科,5年及以上,2026-07-16 10:52:22,job51,"岗位职责：
1、负责公司产品的前端架构与开发，完成页面功能与公共组件的封装。
2、主导PC端、移动端开发，确保多端兼容性与交互一致性。
3、通过AI辅助编程提升代码编写、代码质量及排查速度，基于AI将公司业务场景在前端应用并落地。
4、与UX/UI设计师、产品经理紧密配合，从技术角度优化用户体验，持续进行前端性能调优。
5、负责前端工程化建设，封装高复用组件，优化底层框架，推动前端模块化与标准化进程。
6、与后端工程师高效协作，完成接口定义、数据交互及前后端联调，确保业务逻辑的准确实现。
7、完成领导交办的其他技术或团队协作任务。
岗位要求：
1、统招本科及以上学历，5年及以上前端开发经验，具备扎实的PC端及移动端大型项目开发、性能优化经验。
2、具备良好的AI素养，精通开发中使用AI工具辅助编码、生成单元测试或优化代码逻辑，能利用AI显著提升研发效能。
3、精通HTML5、CSS3底层原理，熟练掌握原生JavaScript，具备扎实的原生代码编写与调试能力。
4、深度掌握Vue3或React框架，熟悉其核心原理及全生命周期开发技巧；熟练使用TypeScript、Node.js以及02Element/AntD02等主流UI框架。
5、熟练掌握Git代码管理，精通Webpack、Vite等前端构建工具，熟练操作CI/CD自动化工具。
6、有物联网（IoT）相关项目开发经验者优先考虑。
7、具备一定的UI设计能力或审美素养，能独立进行简单的界面调整与优化者优先。",HTML5 CSS3 JavaScript Vue React TypeScript Node.js Git Webpack Vite CI/CD,https://jobs.51job.com/kunshan/172417788.html?s=sou_sou_soulb&t=0_0&req=83cbd3fa71e33f85dec08b5fcd78902f
AI数据标注员（周末双休）,苏州博视精工智能装备科技,5-7千,昆山,昆山,大专,1年及以上,2026-07-29 09:43:51,job51,"一、岗位职责
1、负责数据准备与标注：
（1）收集和整理PCB图像数据，确保数据量足够且具有代表性。
（2）使用专业的标注工具对PCB图像进行精确标注，以准确标识出缺陷的位置和类型（如划伤、氧化、线路不良等）。
2、负责标注规则制定与优化：
（1）与算法工程师、产品经理沟通协作，理解模型训练需求，共同制定合理的标注规则。
（2）根据模型反馈不断调整和完善标注标准，确保标注数据能够满足AI模型训练的需求，并提高模型性能。
3、负责质量控制：
（1）对已完成的数据标注进行审核，保证标注的准确性和一致性。
（2）分析标注过程中出现的问题，提出改进建议，优化标注流程，提升整体工作效率。
4、负责沟通协调：
（1）与其他团队成员保持良好沟通，及时反馈工作中遇到的问题，寻求解决方案。
（2）协助解决跨部门间的协作问题，促进项目顺利推进。
5、负责文档记录：
（1）记录工作中的关键步骤、遇到的问题及解决办法，形成文档资料，为后续工作提供参考依据。
（2）总结标注过程中的经验教训，分享给团队其他成员，促进团队整体能力提升。
6、负责对客服同事进行数据类型培训。

二、任职资格
1、性别不限、20岁以上、大专及以上文化程度、计算机科学、电子工程、自动化等相关专业 。 
2、专业要求：
（1）熟悉PCB制造工艺流程及常见缺陷特征，能够准确识别并标注出各种类型的缺陷者优先；
（2）熟悉PS软件者优先；
（3）了解图像处理基本原理，熟悉至少一种编程语言（如Python），用于简单的数据分析和脚本编写者优先。
3、工作经验要求：
（1）有数据标注经验，尤其是AI训练数据标注经验者优先考虑。
（2）具有电子制造业或类似行业背景，特别是有过PCB生产经验优先考虑。
4、学习能力强，理解能力强，有责任心，细心，执行能力强，善于沟通。

三、我们的福利
1、五险一金，带薪年假；
2、各种工作补贴：交通补贴、通讯补贴、出差补贴等；
2、员工福利关怀：结婚及生育礼金、伤病慰问、生日礼物、协会及部门活动经费、节日礼品、法定节假日等；
3、人性化的考勤管理制度，提供行业极具竞争力的薪酬，根据公司运营情况并结合个人工作绩效发放丰厚的年终奖金；",Python 培训 数据分析,https://jobs.51job.com/kunshan/169369686.html?s=sou_sou_soulb&t=0_0&req=83cbd3fa71e33f85dec08b5fcd78902f
产品专员,更加好食品（江苏）,6-8千,昆山,昆山,大专,2年及以上,2026-08-07 08:50:37,job51,"岗位职责：
1.协助产品经理整理产品需求，记录需求要点，整理产品相关文档、表格资料
2.跟进产品落地进度，追踪产品细节情况，以及产品日常迭代进度，对接沟通各部门，同步工作信息
3.协助完成产品相关活动对接、日常事务跟进，协助产品经理分析产品
4.协助产品经理提升产品品质，追踪现销产品的上架表现，进行产品周期管理、市场反馈
5.协助协调与产品相关的各项工作

任职要求：
1.大专及以上学历
2.具备良好的逻辑思维能力和信息整理能力
3.熟悉快销品行业，有冷冻食品、速食品行业经验优先
4.熟练使用EXCEL，WORD，PPT等办公软件",WORD,https://jobs.51job.com/kunshan/173184283.html?s=sou_sou_soulb&t=0_0&req=83cbd3fa71e33f85dec08b5fcd78902f
产品专员,中诺凯琳医药发展（苏州）,6-8千,常熟,常熟,本科,1年及以上,2026-06-14 08:51:11,job51,"工作内容：
配合产品经理针对产品特性进行挖掘及市场分析，跟进与执行所负责产品的产品策略，推广思路等，配合合作伙伴完成区域市场活动，参与合作伙伴培训工作。
主要职责：
1.查找所负责产品的如临床试验、文献发表等，并将挖掘到产品特性的新论点、新文献提供产品经理
2.市场分析、销售统计分析、竞争对手分析工作
3.配合市场部经理制定本岗位年度工作计划及产品策略，跟进并执行
4.对负责产品的销售计划、市场推广计划的完成进展情况进行监督
5.配合产品经理制定包装设计、产品资料编写
6.配合团队进行会务工作的开展，如展台摆放、卫星会联系等
7.配合合作伙伴完成区域市场活动，参与合作伙伴培训工作
职位要求：
1.药学、中药学相关专业
2.善于沟通，具备一定分析判断能力；
3.具有良好的表达能力，演讲能力；
4.良好的逻辑思维能力，良好的观察能力和应变能力；
5.擅长与人交往，富有亲和力和较强的沟通能力；
6.能熟练使用Office软件、英语6级",培训 市场推广,https://jobs.51job.com/changshu/168635258.html?s=sou_sou_soulb&t=0_0&req=db847fe6ba6bcb957ff0c28aafbb3588
建筑模板产品经理(J10156),江苏亨睿碳纤维科技,1.5-2万,苏州,常熟,本科,5年及以上,2026-07-13 16:41:45,job51,"工作职责:
1. 需求调研与分析：深入水电、桥隧等重大工程施工一线，挖掘客户在模板施工中的核心需求与痛点，建立需求评价体系，形成产品需求清单。
2. 产品规划与设计：基于市场及竞品分析，制定产品开发方案与路线图，分析技术可行性，主导爬模、液压模板等产品的结构设计与开发工作。
3. 全流程项目管理：协调研发、生产、质检等部门，跟进产品从概念设计、样品试制到量产落地的全过程，确保产品高质量交付。
4.技术支持与迭代：编制产品说明书、操作指导书，为客户提供现场技术培训与支持。结合施工反馈持续优化产品性能，推动迭代升级。
5. 标准化建设：参与公司模板产品技术标准、工艺规范的制定与完善。

任职资格:
1. 本科及以上学历，土木工程、机械设计、工程管理等相关专业；
2. 5 年以上模板行业工作经验，熟悉爬模及水利水电、能源工程建筑模板的施工工艺与技术标准；
3. 具备出色的跨部门沟通协调能力与项目管理能力；
4. 能适应短期出差，深入施工现场开展工作。",产品规划 竞品分析 项目管理 技术支持 培训,https://jobs.51job.com/suzhou/172891934.html?s=sou_sou_soulb&t=0_1&req=db847fe6ba6bcb957ff0c28aafbb3588
产品经理,中诺凯琳医药发展（苏州）,1.5-2万·13薪,常熟,常熟,本科,3年及以上,2026-07-16 08:44:45,job51,"岗位职责： 
1.负责医药产品市场调研，出具专业竞品分析报告； 
2.负责公司内部人员的产品知识培训，提升大家对产品的认知程度； 
3.建立专家库体系，定期组织或参加行业内的会议，如防痨协会、医学会等组织会议； 
4.撰写和完善产品报告，积极跟踪国内外最新的行业动态，发掘新的产品优势；
5。根据年度的区域销售目标，协助销售部做好推广活动策划和实施，提升产品品牌度；
5.协助市场部经历做好日常人员管理工作。
任职要求：
1、本科及以上学历，医学、药学及相关专业；
2、3年以上医药学术或产品岗位工作经验，其中2年以上同职位工作经验；
3、能适应经常性出差，具备较强的独立工作能力、良好的语言表达和交流沟通能力；
4、具备较好的演讲能力；
5、具备很强的创新思维、学习能力，分析问题及独立解决问题的能力；
6、具备良好的沟通技巧、跨部门协作能力和执行力。",市场调研 竞品分析 培训 跨部门协作,https://jobs.51job.com/changshu/170460806.html?s=sou_sou_soulb&t=0_0&req=db847fe6ba6bcb957ff0c28aafbb3588
商品技术经理,苏州爱情之音科技,2-2.6万·15薪,常熟,常熟,本科,8年及以上,2026-07-16 15:30:29,job51,"岗位：商品技术经理
岗位职责：
1、推动质量问题的快速解决并主导重大、批量问题的快速落实； 
2、负责FAE团队管理及不良问题分析业务推进工作，保证问题处理的及时性和有效性
3、协助部长对部门工作计划、项目计划进行分解，制定科室内工作计划
4、统筹工厂功能性不良问题分析管理，定期总结，查找规律，为产线品质波动提供预警机制，推动品质改善提升
5、项目前期介入，与研发团队协调沟通，识别产品功能，保证量产阶段GP12检验测试环境的落地实施
6、搭建科室内管理人才梯队、员工技能提升等人才培养工作。
7、建立健全顾客满意，以顾客为关注焦点，推动顾客问题解决；
8、解决并落实质量问题，发掘潜在风险及失效；从源头上预防问题；
9、负责技术售后相关管理工作的推进

岗位要求：
学历：本科
专业：机械类、汽车类、电气机电类、自动化类、显示屏类、电子类
年龄：40以内

技能要求：
1、通过质量方法、质量工具的应用与使用，开展对开发及设变的系统审核
2、掌握产品及质量管理流程，支撑业务开展
3、掌握供应商管理流程，支撑业务开展
4、能够熟练应用“8D”、“QC工具”等方法，推动质量问题解决",团队管理,https://jobs.51job.com/changshu/172937251.html?s=sou_sou_soulb&t=0_0&req=db847fe6ba6bcb957ff0c28aafbb3588
跨境电商产品经理,常熟通润汽车零部件,1-1.5万,常熟,常熟,本科,5年及以上,2026-07-09 17:39:36,job51,"岗位职责
1. 负责跨境电商全平台产品体系规划，深度调研海外目标市场用户需求、消费习惯及竞品动态，制定产品中长期发展战略与迭代规划，推动产品从0到1、从1到N的落地与优化，提升产品市场竞争力与用户转化率。
2. 统筹跨境电商产品的全生命周期管理，协调研发、设计、运营、采购等跨部门团队，推进产品开发、测试、上线及后续迭代优化，保障产品项目按时高质量交付
3、负责跨境电商平台产品功能优化与体验升级，解决用户使用痛点，提升用户留存率、复购率及平台整体GMV

任职资格
1. 本科及以上学历，市场营销、电子商务、国际贸易、计算机相关专业优先，拥有3年及以上跨境电商平台产品开发工作经验，熟悉亚马逊、沃尔玛、ebay、独立站等跨境电商平台运营逻辑与产品规则。
2、有五金工具类、汽配类产品开发经验者优先
3、具备较强的数据分析能力，有较强的平台竞品分析能力，能熟练运用Excel、SQL、数据看板等工具进行用户数据、业务数据拆解分析
4、熟悉跨境电商开品流程，包括选品、供应链、包装、售后等环节，具备敏锐的海外市场洞察力，能精准把握海外用户需求，具备良好的跨部门沟通协调能力与项目推进能力。",SQL 采购 数据分析 竞品分析 供应链,https://jobs.51job.com/changshu/171304617.html?s=sou_sou_soulb&t=0_0&req=db847fe6ba6bcb957ff0c28aafbb3588
AI产品经理,中诺凯琳医药发展（苏州）,1.8-2.5万·13薪,常熟,常熟,本科,2年及以上,2026-07-10 11:48:26,job51,"【工作内容】
- 负责AI产品从概念到上线的全流程管理，包括需求分析、功能设计及项目推进；
- 分析用户需求与市场趋势，制定产品策略并持续迭代产品功能。
- 根据技术迭代，及公司应用场景的变化，不断优化AI产品。
【任职要求】
- 对人工智能领域有浓厚兴趣，具备良好的逻辑思维和数据分析能力；
- 拥有较强的学习能力和沟通协调能力，能独立完成产品规划与文档撰写；
- 有相关项目经验者优先，有AI产品经理至少2年以上经验；
- 良好的沟通表达能力，熟练使用JAVA或Python 设计语言。",Java Python 需求分析 数据分析 产品规划,https://jobs.51job.com/changshu/171768823.html?s=sou_sou_soulb&t=0_0&req=db847fe6ba6bcb957ff0c28aafbb3588
机床标准化工程师（产品经理）,昆山台功精密机械,1-1.5万,常熟,常熟,大专,8年及以上,2026-06-15 11:46:48,job51,"岗位职责
 
负责公司加工中心/龙门/五轴机床全流程标准化搭建与持续迭代更新；覆盖图纸标准化审核、零部件通用化梳理、加工图/装配/现场安装工艺规范编制落地；收集生产、安装、售后质量问题，反向优化技术标准，从全链路完善整机产品的一致性，稳定性，减少故障率；搭建标准件库、模块化组件库，推进技术沉淀与全员标准落地培训。
 
任职要求
 
8年以上机床设计/装配/工艺经验，熟悉机床整机图纸、装配与安装流程，会CAD/SolidWorks，能独立编写技术标准，具备现场问题改善与跨部门推动能力。",培训 SolidWorks,https://jobs.51job.com/changshu/172554765.html?s=sou_sou_soulb&t=0_0&req=db847fe6ba6bcb957ff0c28aafbb3588
Product Engineer,捷鹏威电子（苏州）,8千-1.1万·13薪,常熟,常熟,本科,3年及以上,2026-07-29 12:55:34,job51,"AS a PE, you'll need to: 
1、Maintain BOM and AVL being updated.（维护BOM和AVL的更新。）
2、Accurately interpret products’ requirements to process team.（准确地向工艺团队解释产品需求）
3、Lead ECNs implemented timely and correctly.（及时、正确地领导ecn的实施。）
4、Act as coordinator to make NPIs run successfully.（作为协调者，使新产品导入项目顺利运行。）
5、Maintain product flow chart and PFMA being updated.（保持产品流程图和PFMA的更新。）
6、Pro-active to convince customers to re-design based on DFM report.（根据DFM报告，主动说服客户重新设计。）
7、Provide customers with pilot report and follow up customers until NPI is approved.（向客户提供试制报告并跟踪客户直至新产品导入批准。）
8、Be active to lead to solve all issues.（积极主动地领导解决所有问题。）

Required know how and skills:
1、Bachelor degree in electronics or equivalent.（电子或相关专业本科学历。）
2、Over 3 years’ experience in EMS manufacturing.（3年以上EMS制造经验。）
3、Having 3-year experience in PE is preferred.（有3年以上产品工程师相关工作经验者优先。）
4、Good knowledge of MS office.（熟悉办公软件）
5、good reading and writing English.（良好的英语读写能力。）
6、Have a strong sense of responsibility.（有很强的责任心）
7、Be active to work with cross function team.（积极与跨职能团队合作）
8、Be aggressive to solve issues.（积极解决问题）",Electron Go ROS AS PE Maintain BOM AVL,https://jobs.51job.com/changshu/173036035.html?s=sou_sou_soulb&t=0_0&req=db847fe6ba6bcb957ff0c28aafbb3588
工业设计师（机器人外观方向）,恒工装备科技（苏州）,1.5-1.8万,苏州,常熟,本科,3-5年,2026-07-30 14:49:50,job51,"岗位职责
1.负责服务人形机器人、机器狗整机及附属件外观工业设计，包含造型方案创意、形态推敲、色彩、材质、表面工艺（CMF）整体设计；
2.参与产品前期需求调研、竞品分析、用户场景分析，输出设计策略、概念草图、设计推演方案；
3.使用 Rhino、Keyshot、PS、AI 等工具完成三维建模、效果图渲染、展板、设计汇报文件输出；
4.配合结构工程师开展外观与内部结构的协同设计，完成外观冻结，解决外观与装配、壳体开模冲突问题；
5.跟进手板制作、样机评审，参与手板打样、外观缺陷整改，持续优化造型、缝隙、分型线、拔模角度等工艺细节；
6.制定产品 CMF 规范，选定外壳材质、喷涂、阳极、纹理、印刷、双色注塑等工艺，对接供应商评估工艺可行性与成本；
7.输出完整设计资料：草图、3D 外观模型、渲染图、外观 BOM、工艺说明、设计变更文件；
8.跟踪模具阶段外观落地，协同供应链解决量产外观品质问题，保障设计方案高质量量产落地；
9.持续跟踪国内外机器人行业设计趋势、新材料新工艺，沉淀机器人外观设计规范与设计资产；
10.兼职部分产品经理职责，协助研发团队及生产团队产品落地。
任职要求
1.工业设计本科及以上学历，2 年及以上机器人 / 智能硬件 / 智能终端外观工业设计经验，有商用机器人、巡检机器人、配送机器人、人形机器人整机案例优先；
2.熟练掌握 Rhino 建模，Keyshot 渲染，精通 PS/AI 视觉表达；掌握 Grasshopper、Blender、SolidWorks 者加分；
3.熟悉塑胶壳体、钣金、铝合金外壳加工工艺，了解注塑、吸塑、冲压、阳极氧化、喷涂、纹理、镭雕等量产工艺；懂壳体拔模、分模、装配间隙基础结构常识；
4.具备完整从概念→手板→量产落地的整机外观项目经验，能够独立承担整机外观设计；
5.审美良好，具备系统造型能力，理性平衡美观、成本、工艺、人机交互、防护需求；
6.良好跨部门沟通能力，能和结构、电子、供应链高效协作；
投递简历必须附带作品集（机器人相关项目优先展示）。",竞品分析 供应链 CMF Rhino Keyshot PS AI BOM,https://jobs.51job.com/suzhou/173099530.html?s=sou_sou_soulb&t=0_1&req=db847fe6ba6bcb957ff0c28aafbb3588
包装工程师(J10283),苏州聚复科技,8千-1.5万·13薪,常熟,常熟,本科,3年及以上,2026-07-01 09:37:40,job51,"工作职责:
1.根据客户需求&amp;内部各部门需求，负责包装设计，跟进包装开发项目。
2.支持产品经理进行新产品包装方案设计，并负责包装方案的评审，包装物料开发和测试，包括绘制包材图纸，包装物料打样、测试，物流打托计算，包材辅料料号申请与维护，样品签样，金样制作等，并对接供应商，评估包材辅料的性能特点和成本；
3.根据新产品开发项目计划，负责提供新产品包装BOM，维护新产品包装相关信息，并完成生产相关的包装知道文件制作和培训
4.根据包装要求，使用Bartender软件制作标签模板，并负责后期的标签模板维护与管理。
5.接收与评审产品经理的包装变更需求，协助产品经理评估包装变更的对于后端各部门的影响，判断包装变更方式，并负责包装变更技术资料的制作、BOM变更的制作；
6.深度参与产品开发与生产落地环节，优化各环节包装部分的流程，提升产品包装效率。
7.负责建立和优化包装标准，维护和管理所有包材辅料图纸与料号
8.其它与包装相关的工作。
任职资格:
1.本科及以上学历，包装工程、工业设计相关专业
2.3年以上包装工程师的相关经验，能独立承接包装设计的项目；
3.熟悉各种包装材质、印刷工艺、结构设计，了解包装结构创新、结构优化、创意策划、成本控制，自动化包装等方面；
4.可以熟练使用Adobe AI，AutoCAD，Office办公软件，熟悉Bartender/犀牛等软件。
5.良好的跨部门协调沟通能力，执行力强。
6.快速的软件学习能力，乐于接受新事物
7.具备一定英文读写能力。
8.加分项：了解国标和亚马逊的包装测试规范和标准、运输安全性要求以及环保要求；",方案设计 培训 成本控制 AI AutoCAD,https://jobs.51job.com/changshu/170347753.html?s=sou_sou_soulb&t=0_0&req=db847fe6ba6bcb957ff0c28aafbb3588
数字政府业务部软件需求工程师,江苏江南商贸集团,8.5千-1.2万,常熟,常熟,本科,1年,2026-07-23 13:16:16,job51,"此岗位为江南集团下属常信公司招聘。
（一）岗位职责 
1.负责数字政府信息化项目对接与业务调研，梳理业务流程与应用场景，形成清晰、可执行的功能性与非功能性需求，优化需求管理体系；
2.编制需求规格说明书、流程图、用例图、原型等产出物，组织多方需求评审，统一各方认知，明确需求范围与需求细节；
3.统筹项目需求迭代管理，完成需求分级、优先级规划与版本管控，规范需求变更并评估影响，平衡项目进度、成本与业务价值；
4.挖掘数字政府智能应用场景，基于大模型、智能体等技术制定AI落地方案，联动研发团队推进智能功能落地；
5.运用各类AI工具赋能业务调研、需求梳理、文档编制、问题复盘等工作，沉淀标准化工具使用规范，持续提升工作效能与交付质量；
6.全程跟进研发、测试、验收全流程，及时解决实施堵点，收集用户反馈迭代优化需求，沉淀可复用的需求与项目管理经验。
（二）任职要求
1.统招本科及以上学历；
2.年龄要求在45周岁及以下（1981年1月1日以后出生）； 
3.具有政府投资信息化项目建设、管理经验，熟悉招投标流程及苏采云平台、数字底座架构、软件国产化要求、政务数据和政务云资源申请流程；
4.熟练使用思维导图、Visio、墨刀等工具；
5.具备良好的沟通表达能力、组织协调能力、文档编写能力；
6.具备高度的责任心、进取心和主动性；
7.计算机类相关专业优先。",大模型 项目管理 招投标 文档编写 Visio,https://jobs.51job.com/changshu/173016311.html?s=sou_sou_soulb&t=0_0&req=db847fe6ba6bcb957ff0c28aafbb3588
高级产品经理/DPM,太仓市同维电子,1.2-2.2万,太仓,太仓,本科,3年及以上,2026-07-22 11:49:54,job51,"任职资格：
1．本科学历，有3年以上通信行业工作经验，熟悉ODM/JDM/OEM 项目管理和工厂操作流程。
2．具有较强的团队合作意识，较好的协调沟通能力和抗压能力，强烈的责任心和推动力。 
3. 书面英语熟练，口语流利者更佳。
职责描述
1.前端支持：协助销售对客户需求收集和整理，组织团队进行RFQ评估分析，提供给客户最优解决方案。
2.项目管理：组织研发团队完成新产品开发交付，确保功能、品质、进度和成本达成既定目标。
3.后端支持：负责产品的整个生命周期管理，包括试产支持，批量异常支持，ECN维护和数据发布，产品迭代等。",项目管理 产品迭代 JDM OEM,https://jobs.51job.com/taicang/158219227.html?s=sou_sou_soulb&t=0_0&req=375e78ea86d0a1023ea75e900af9bc11
海外项目经理/产品经理,太仓市同维电子,1.4-2.2万·13薪,太仓,太仓,本科,3-5年,2026-08-04 14:50:38,job51,"岗位职责：
1、负责项目从前端的市场接洽到产品EOL的全生命周期管理；
2、与销售部、市场部、研发部一起做好客户前期的项目沟通及产品推广工作；
3、监控和跟进新项目kickoff后的研发进度和问题点，确保研发样机按照计划的时间、成本、质量交付；
4、协助中试部做好试产；协调解决量产中各种订单资料、物料、技术等影响生产的问题，以及现网问题的跟进和解决； 
5、维护良好的客户关系,不发生客户投诉等情况； 
6、准确掌握forecast、主芯片和套料备料等信息；配合成本科做项目的Costdown工作等。 

任职要求： 
1、本科及以上学历，通信及电子等相关专业，优秀者可放宽限制； 
2、三年以上通信、IT、电子制造领域相关工作经验，具备PON/AP/DSL/Switch产品经验者优先； 
3、丰富的大型电子制造厂工作经验，能够准确理解工厂各部门职责，处理好各种人际关系； 
4、熟悉客户关系维护。
5、英语可做为工作语言。",IT AP DSL,https://jobs.51job.com/taicang/168799684.html?s=sou_sou_soulb&t=0_0&req=375e78ea86d0a1023ea75e900af9bc11
产品经理,太仓展新胶粘材料,7千-1万·14薪,太仓,太仓,本科,2年及以上,2026-06-16 09:17:20,job51,"岗位职责：
1、主导客户端设计评审，提出设计缺陷风险项与客户进行沟通；
2、输出厂内各工序图纸、模具图纸、BOM、工艺流程设计图及DFMEA（设计失效模式分析）等；
3、对客户提出的产品设计变更需求进行评估与确认，并传达至厂内相关部门；
4、负责材料选型，新项目特性规格书拟定、起草、编制及签核；
5、负责与设计开发有关情报资料的收集、整理、归档。

任职要求：
1、全日制本科及以上学历；
2、CAD画图熟练；
3、沟通能力强，需要偶尔出差。",产品设计 BOM,https://jobs.51job.com/taicang/172567825.html?s=sou_sou_soulb&t=0_0&req=375e78ea86d0a1023ea75e900af9bc11
产品经理,新大洲本田摩托（苏州）,8千-1.2万·13薪,苏州,太仓,本科,3-5年,2026-07-28 09:13:57,job51,"一、岗位职责
1.把握市场动向和行业态势,参与制定中长期产品战略计划；
2.开发中机种企划推进(各评价节点资料作成、报告、并获得承认)；
3.作成产品企划书和企划资料,召开企划会议,协调各相关部门工作；
4.收集、分析竞争对手的产品信息和发展动态，研究市场发展变化趋势；
5.根据市场变化和用户需求，开发新产品，及时对现有产品做出改进；
6.跟踪产品入市表现，及时对营销策略的调整提出建议；
7.组织用户调研并分析结果。

二、招聘要求
1.本科及以上学历 (摩托车爱好者可放宽)，具备相关岗位3年以上工作经验，有市场一线工作经验者优先；
2.具有较好的归纳、整理、逻辑分析能力，能够结合客观事实进行现状分析及将来预测；
3.精通Office软件，擅长沟通及表达，能够很好的进行信息传递。

职位福利：包吃包住、六险一金、绩效奖金、带薪年假、员工旅游、节日福利、周末双休",用户调研,https://jobs.51job.com/suzhou/157718360.html?s=sou_sou_soulb&t=0_1&req=375e78ea86d0a1023ea75e900af9bc11
产品经理,艾牛士肉业（江苏）,6-8千,太仓,太仓,大专,2年及以上,2026-06-12 16:17:18,job51,"1、负责冷鲜牛羊肉全系列产品规划、产品迭代、规格分级、包装设计、定价体系、新品开发、渠道适配，打造适配商超、社区团购、经销商、预制菜工厂、餐饮连锁等多渠道冷鲜肉产品矩阵。
2、梳理爆款、长尾滞销品；搭建常规流通款、商超专供款、餐饮定制款、节日礼盒款四大产品体系。
3、 根据市场行情、竞品价格、消费趋势，规划年度、季度新品开发计划，如腌制调理牛羊肉、切块分装、涮烤组合套装、家庭小份装等迭代升级。
4、 牛羊肉行情周期性波动时，动态调整报价体系，锁定渠道订单利润，规避原料涨价亏损风险。
5、主导设计冷鲜肉外包装、贴体盒、真空袋版式，确定净含量、产地、排酸时长、储存温度、保质期、溯源码、清真标识（如需）等标签内容；
6、 针对经销商、连锁超市、社区团购、餐饮后厨、线上电商不同渠道定制专属规格：餐饮大整块原料、商超定量分装、电商独立小份；
7、 输出产品卖点手册、部位介绍、烹饪建议、摆盘效果图，给销售团队做产品培训，协助业务员对接大客户样品寄送、规格确认；
8、 跟踪终端客诉，品相、重量、肉质、包装问题分类汇总，同步生产端整改，降低售后损耗。
9、跟踪消费趋势：家庭小包装、涮烤食材、预制菜原料、原切无调理等需求变化，提前布局迭代产品；
10、策划中秋、春节牛羊肉礼盒组合方案，搭配不同价位礼盒套餐，制定礼盒装配标准与定价。

专业能力要求

1. 精通冷鲜肉供应链逻辑：活畜采购—屠宰排酸—分割加工—冷链仓储—终端分销全链路成本构成；
2. 熟悉食品安规、商超进场审核、食药监抽检要求，能独立完成产品送检、资料申报；
3. 具备样品管理、打样跟进能力，能清晰给车间下达标准化生产指令，跨部门沟通执行力强；

加分项

1. 有盒马、永辉、大润发、本地连锁生鲜超市、美团优选、多多买菜等渠道生鲜产品对接落地经验；
2. 具备礼盒策划、节日生鲜爆品打造成功案例；
3. 持有食品工程师、食品安全管理员相关证书；

1.大专及以上学历，食品科学、农产品加工、市场营销、供应链管理等相关专业优先；
2.熟练Excel做产品毛利测算、规格对比、渠道报价表，会基础PPT方案撰写，能独立输出产品规划方案。
3.2年及以上冷鲜牛羊肉、生鲜猪肉等肉品加工企业产品经理/产品企划/品类管理工作经验；
4.熟知牛、羊胴体分割标准、部位细分（里脊、外脊、牛腩、牛腱、羊排、羊腿、羊蝎子等）；",产品规划 产品迭代 培训 供应链 采购,https://jobs.51job.com/taicang/172536646.html?s=sou_sou_soulb&t=0_0&req=375e78ea86d0a1023ea75e900af9bc11
产品经理（TMS运输管理系统）,广东宏川集团,1-2万,太仓,太仓,本科,3年及以上,2026-08-04 09:43:46,job51,"工作职责:
1. 负责TMS运输管理系统功能规划设计，衔接运输业务与技术团队，落地数字化运输方案，搭建运输业务数据看板。
2. 深度对接物流运输、车队、调度业务端，梳理运输全流程业务痛点，输出系统落地解决方案。
3. 统筹TMS项目推进，协调开发、测试资源，保障运输系统按时上线、持续迭代。
4. 输出运输业务操作规范、系统使用手册，赋能调度、车队人员高效使用系统。
任职资格:
1. 本科及以上学历，物流管理、供应链、计算机、信息管理相关专业
2. 3年及以上物流TMS运输系统产品/ITBP落地经验，完整交付运输数字化项目，熟悉干线、调度业务优先
3. 具备成熟TMS运输系统完整项目落地实施经验
4. 熟悉整车、零担、调度、计费、在途跟踪等运输全流程业务逻辑
5. 优秀需求拆解、方案撰写、跨部门协同能力，可独立输出PRD、业务方案
6. 物流运输行业TMS实施、运维经验者优先",供应链,https://jobs.51job.com/taicang/173138763.html?s=sou_sou_soulb&t=0_0&req=375e78ea86d0a1023ea75e900af9bc11
体外诊断试剂医学产品经理,苏州海苗生物科技,1-2万·13薪,太仓,太仓,本科,3年及以上,2026-08-07 13:24:34,job51,"职位描述
1. 开展市场及用户调研，发现并掌握目标市场和用户需求的变化趋势，了解竞品情况；
2. 参与产品规划及设计，为产品定位提供医学相关支持，明确新产品推出或产品迭代的目的和产品特色；
3. 产品培训及答疑，对销售、经销商进行产品培训；
4. 产品市场推广，进行产品宣讲；
5. 会议的物料准备，包括海报文案、推送文案、协助展会等。



任职要求
1. 本科以上学历，医学检验、生物学、生物工程等相关背景者优先；
2. 具备良好的英语读写能力和语言表达能力，责任心强，逻辑清晰，沟通能力强；
3. 熟练使用办公软件以及PPT制作；
4. 能够阅读、整理基因、生物医药相关专业英文文献；",用户调研 产品规划 产品迭代 培训 市场推广,https://jobs.51job.com/taicang/172635240.html?s=sou_sou_soulb&t=0_0&req=375e78ea86d0a1023ea75e900af9bc11
AI工程师（高分子化学）,江苏皇冠新材料科技,1.5-2.5万,太仓,太仓,本科,1-3年,2026-07-16 14:53:15,job51,"岗位职责
1、整合公司内部研发数据及外部专利、文献、化学数据库等多源信息，参与构建胶粘领域向量数据库与知识图谱，打造AI知识底座。
2、设计并执行AI模型评测方案，构建自动化评估数据集，输出可量化指标，为产品迭代提供依据。
3、与开发团队协作，参与AI应用逻辑优化（如提示词优化、思维链优化等），根据研发人员反馈持续提升产品性能。
4、配合团队完成领导交办的其他相关工作。

任职要求
1、本科及以上学历，高分子材料、化学、材料科学与工程等相关专业。
2、了解材料研发流程及痛点，能识别AI可介入的研发环节；具备AI基础认知，了解其在材料领域的典型应用。
3、具备初步编程能力（如数据处理、脚本编写），对学习更深入的技术工具有强烈意愿。
4、了解AI应用开发基本流程，能与开发团队高效协作；具备良好的沟通表达能力，英语良好者优先。",向量数据库 专利 产品迭代,https://jobs.51job.com/taicang/172935898.html?s=sou_sou_soulb&t=0_0&req=375e78ea86d0a1023ea75e900af9bc11
产品工程师-线束,仕驰汽车配套部件（上海）,1-1.3万·13薪,太仓,太仓,大专,2-3年,2026-07-21 16:53:10,job51,"一、岗位概述 / Job Description
•	本岗位主要作为客户技术沟通窗口，并负责内部报价、样品及工程变更（ECN）流程推进。
The job is mainly to be the window to customer technical communication and run the internal quotation and sample and ECN process.
二、主要工作职责 / Key Responsibilities
•	负责电气方案制定及详细设计
Responsible for the electric solution and detail design
•	精通箱体布局、电气布局及 EMC 要求
Good at the box layout and electric layout and EMC requirement
•	擅长电气元器件选型及测试要求制定
Good at electrical component selection and test requirement
•	参与供应商技术沟通，支持供应商报价谈判
Involve with supplier technical communication and support supplier quotation negotiation
•	解析图纸需求，与客户进行技术沟通
Analysis the drawing requirement and make technical communication with customer
•	客户设备装配期间，提供现场技术支持
Make machine on site technical support during the customer machine assembly
•	分析并识别客户布局图纸中的风险与问题
Analysis and identity the risks and issues on the drawing of the customer layout
三、技能与经验要求（按优先级排序）/ Skill &amp; Experience Required (by priority)
•	至少 2-3 年线束行业经验；具备新能源行业（电网系统、储能、PCS）经验者优先
2-3 years experience in wire harness industrial will be at least. New energy industrial including power grid system and power storage, PCS will be plus.
•	熟练使用电气设计软件，熟悉电气图纸及线束图纸
Good at electrical design software and familiar with the electrical drawing and wire harness drawing.
•	熟悉 APQP 流程及产品开发流程
Familiar with APQP process and product development process.
•	熟悉元器件选型（线缆、端子、保护器件、PLC 等）
Familiar with the component type (cable, terminal, protection components and PLC) selection.
•	具备 T-box（配电、PDU 或同类）集成系统设计经验者优先
T-box (Power distribution, PDU or similar) combination system design and working experience will be preferred.
•	具备良好团队合作精神，乐观、积极主动、沟通能力良好
Good team work spirit and optimistic, proactive and good communication skill.
四、学历背景 / Education background
•	电气自动化、工业自动化专业本科
Bachelor degree in electrical automation and industrial automation",SAM Go RAG SPI 技术支持 Description ECN Key,https://jobs.51job.com/taicang/172989710.html?s=sou_sou_soulb&t=0_0&req=375e78ea86d0a1023ea75e900af9bc11
erp实施工程师-新能源上市集团,天顺风能（苏州）,1.4-1.7万·14薪,太仓,太仓,本科,5年及以上,2026-07-08 09:17:56,job51,"一、岗位职责：
1 支持配合产品经理从产品需求调研到立项开发相关工作；
2 主导系统架构设计、技术栈选型（前后端、数据库）及标准制定；
3 建立代码管理规范（版本控制、分支策略）及技术文档体系（开发文档、部署手册、接口定义），确保高质量开发交付及后续系统部署和升级；
4 负责产品集成测试（SIT），确保产品功能完全支撑需求实现；
5 支持用户验收测试（UAT），确保业务需求得到充分验证；
6 组织新系统运维交接评审，接入运维资产库与监控系统；
7 配合产品的多场景推广、实施，确保用户有效使用，达成业务目标；
8 制定用户培训手册、Q&amp;A清单、运营工单等产品运营交付物，并组织基于业务场景的产品用户培训；
9 管理产品日常迭代与版本更新，收集用户反馈，形成运营需求与问题清单；
10 建立并管理服务台及服务级别协议（SLA），确保用户问题得到及时响应与处理；
11 建立产品运营指标体系（如：用户活跃度、业务效率提升等），并持续跟踪、分析与改善；
12 负责定期开展系统健康巡检、版本升级、补丁管理计划；


二、任职资格：
1、 统招本科及以上学历，计算机相关专业优先；
2 、5年以上工作经验，其中2年以上软件开发或者财务系统的产品实施经验；
3、熟悉市面上至少一种及以上主流erp系统（如用友，金蝶，SAP,浪潮等）；
4、思路逻辑清晰，具备一定的项目管理能力。",技术文档 系统运维 培训 项目管理 SIT UAT SLA SAP,https://jobs.51job.com/taicang/169375684.html?s=sou_sou_soulb&t=0_0&req=375e78ea86d0a1023ea75e900af9bc11
PM总监（沭阳）,瑞声声学科技（深圳）,4.5-6万,宿迁·沭阳县,宿迁,本科,8年及以上,2026-07-03 11:32:09,job51,"岗位职责： 
1. 洞察3C行业趋势与技术演进，制定产品路线图，将市场机会转化为可落地的产品方案。 
2. 主导用户研究与市场分析，精准定义痛点，输出有竞争力的产品解决方案。 
3. 建立数据指标体系，通过数据分析评估产品表现，驱动迭代优化和业务决策。 
4. 具备技术理解力，与研发团队高效沟通，合理评估实现复杂度与成本，平衡体验与投入。 
5. 推行敏捷开发流程，统筹跨部门资源，确保项目按时高质量交付。 

任职要求： 
1. 本科及以上，8年以上3C产品经理经验，其中至少3年产品团队管理经验。 
2. 有从0到1成功打造产品并实现规模化增长的完整经历，具备产品线协同推广能力（能整合资源带动关联产品销售）。 
3. 擅长团队激励与绩效管理，具备优秀的领导力、跨部门沟通影响力，能在复杂环境下果断决策。 
4. 适应高强度快节奏工作，保持冷静、专注，推动目标达成。",数据分析 团队管理,https://jobs.51job.com/suqian-syx/172783115.html?s=sou_sou_soulb&t=0_0&req=8f39d874995f139e8447a39494d5f708
