job_name,company_name,salary,work_area,city,education,work_year,issue_date,source,skill_requirements,tech_tags,job_url
技术工程师,东昇电磁兼容技术（深圳）有限公司苏州,5-8千·13薪,苏州·虎丘区,苏州,本科,2-3年,2026-08-09 12:13:57,job51,"岗位职责：
1、负责公司项目安装调试交付；
2、负责公司项目售前售后支持；
3、学习并解读国际、国内EMC标准；
4、积极配合公司各部门之间项目运转，提供技术支持；

任职要求：
1、本科或以上学历电子技术或电气专业，2-3年工作经验；
2、熟练掌握office办公软件，具有良好的英语读写能力；
3、熟悉EMC测试标准；掌握接收机、信号源、功率计、示波器等仪器的使用；
4、具有良好的时间管理能力和沟通技巧;具备独立工作与团队协作能力;具备独立解决问题及问题总结的能力;具备执行主管或经理安排的多项任务的能力。

福利待遇:
1、试用期即缴纳五险一金
2、过节福利、定期体检、年底双薪、年终奖金
3、周末双休、国家法定节假日
4、满一年享有10天带薪年假，往后累计***可享17天带薪年假
5、每年薪资普调
6、其他各类员工活动，包括但不限于员工旅行、下午茶、年饭抽奖等......

上班地点：苏州
工资：面议",技术支持,https://jobs.51job.com/suzhou-hq/173172584.html?s=sou_sou_soulb&t=0_0&req=ba0f28e71cde98f7a5e839731d8c37c7
厂内售前调试（责任制）,苏州杰锐思智能科技,1-1.5万,苏州·吴中区,苏州,大专,5年及以上,2026-08-07 14:44:21,job51,"工作职责:
1、负责设备售前调试：锂电池电芯中段设备，包括卷绕机、叠片机等；
2、厂内电气接线，机械调试，机械装配等工作策应支持；
3、负责机台出货前的安装、培训、维护工作; （机械落位安装调试，电气接线调试）；
任职资格:
1、技能要求：电气接线，机械调试，机械装配等；
2、善于语言表达，具备自动化设备装配，调试及电气方面的知识和技能；
3、有团队意识，热爱本职工作，能吃苦耐劳，待人诚恳；服从公司安排 ，对售后服务有兴趣，有良好的服务意识；",培训,https://jobs.51job.com/suzhou-wzq/173191568.html?s=sou_sou_soulb&t=0_0&req=ba0f28e71cde98f7a5e839731d8c37c7
售后技术支持工程师,苏州市宏精电磁技术,8千-1万·13薪,苏州,苏州,大专,3年及以上,2026-07-23 11:10:42,job51,"岗位职责：
1.熟练掌握公司相关设备的操作及调试方法；
2.及时接收客户的异常问题反馈，有效的时间内，通过合理、专业的解决方案处理问题；
3.售后产品维修及配件更换，根据客户提供信息对已过期产品进行报价申请并维修；
4.为客户提供必要的产品使用、日常维护及简单故障排除的培训，提升客户的自我服务能力；
5.收集并分析客户反馈，识别产品或服务中的不足，形成报告，落实改进方案；
6.详细记录每一次服务活动，包括问题描述、解决步骤等，便于后续跟踪；
7.在服务过程中严格遵守公司政策、行业标准及安全规定，确保个人、公司及客户财产的安全；
8.完成上级交办的其它工作。
任职资格：
1.大专及以上学历，机械相关专业；
2.有设备制造类行业售后维护工作经验者优先；
3.具备较强的观察和应变能力，优秀的分析和解决问题的能力；
4.工作积极主动，具有强烈的责任心，且能够适应异地出差工作；
5.能够熟练使用Office办公软件Word，Excel，PPT等。",培训 Excel,https://jobs.51job.com/suzhou/173014462.html?s=sou_sou_soulb&t=0_0&req=ba0f28e71cde98f7a5e839731d8c37c7
售后技术支持工程师,深圳市速程精密科技,7千-1.3万,昆山,苏州,大专,3年及以上,2026-07-14 15:06:46,job51,"一、岗位职责：
1、负责公司核心产品--ZR机械手的技术支持，快速响应与解决客户技术问题，远程/现场故障诊断、技术排查及解决方案制定;请登录公司官网了解核心产品介绍；
2、重点负责伺服驱动器及电机相关的调试、测试及客户技术支持；
3、新产品性能指标测试，项目测试资料记录、归纳；
4、对客户提供产品应用指导与使用培训；
5、完成上级临时交待的工作任务。

二、任职要求：
1、全日制大专及其以上学历，电气、自动化、机电一体化或相关专业；
2、具备3年以上伺服电机、直线电机、PLC、运动控制卡应用调试经验；
3、精通电机原理、运动控制卡、驱动控制及伺服系统，能独立使用示波器、万用表等工具进行深度故障分析;
4、有高创、固高、相石、汇川、埃莫、松下、三菱等主流驱动器应用调试经验的优先录取。
5、能适应不定时短期出差

福利待遇：五险一金+年假+全勤奖+定期体检+商业意外险+年度旅游+法定节假日等",技术支持 培训 PLC,https://jobs.51job.com/kunshan/172905608.html?s=sou_sou_soulb&t=0_0&req=ba0f28e71cde98f7a5e839731d8c37c7
售后技术支持工程师,苏州广林达电子科技,8千-1.3万,苏州·相城区,苏州,大专,3年及以上,2026-07-01 16:43:47,job51,"岗位职责：
1.负责公司超声检测、面板检测等设备出货前调试，进行IO确认、气路确认、单轴动作调试、拆分动作调试、协助自动化部门整设备运行调试工作，软硬件联调等工作。
2.负责设备出货后的现场调试运行，设备交付。能够发现提出并解决设备问题，及时改善优化，满足生产需求。
3.收集整理客户需求，反馈并跟进改善进度，及时结案。推进项目验收。
4.为客户进行设备培训、编写操作SOP。汇总记录设备问题点，做好复盘优化。

任职要求：
1.熟悉PLC、电气控制、机械传动等相关技术。能够阅读和理解设备的技术文档、图纸和手册。
2.对自动化、半自动设备的工作原理、控制系统、传感器和执行器等有深入的了解。能够安装、调试、优化设备。
3.能够快速准确地定位自动化设备故障的原因，制定并实施有效的故障解决方案，恢复设备的正常运行。
4.具备良好的客户服务意识，沟通能力，能够与客户建立良好的合作关系。善于倾听客户的需求和反馈，提供针对性的支持和建议。
5.工作认真积极，具有责任心，适应出差任务。
6.熟悉面板、超声等检测设备者优先。",培训 技术文档 客户服务,https://jobs.51job.com/suzhou-xcq/172758689.html?s=sou_sou_soulb&t=0_0&req=ba0f28e71cde98f7a5e839731d8c37c7
售后技术支持,中国机械总院集团海西（福建）分院,8千-1.2万,苏州·苏州工业园区,苏州,大专,3年及以上,2026-06-16 17:18:41,job51,"岗位职责
1．根据需要完成样品的打样及工艺测试任务并撰写相关实验测试打样报告；
2．跟进设备的生产进度及工艺调试，应用；
3．客户现场对设备进行调试，工艺验证及对客户进行理论培训；
4．能配合业务部人员对客户需求进行归纳整理，并提出适当的解决方案。
5．跟进现场设备的培训验收，能适应长期出差。
任职资格
1．熟悉基础机械和电气相关原理；
2．有从事半导体晶圆切割设备相关调试经验者优先；
3．沟通能力强，能适应长期出差。",培训,https://jobs.51job.com/suzhou-gyyq/172582843.html?s=sou_sou_soulb&t=0_0&req=ba0f28e71cde98f7a5e839731d8c37c7
售后技术支持工程师,苏州迪泰奇自动化科技,6千-1万,苏州·苏州工业园区,苏州,大专,1年及以上,2026-07-16 11:46:21,job51,"岗位职责：
1、负责客户端自动化涂胶设备的安装、调试及异常问题处理
2、负责对客户端员工进行技术培训
3、协助客户端现场设备的维护与保养
4、现场设备改善总结、汇报，提供改善建议
5、依客户端所在地与任务地点，受派至各地区任务执行
6、协助客户端设备的验收工作
任职资格：
1、3年以上设备安装、调试经验，大专及以上学历，机电一体化、机械自动化专业毕业
2、有较强的沟通总结能力和优秀的服务意识
3、抗压力强，责任心强和良好的团队合作精神",培训,https://jobs.51job.com/suzhou-gyyq/169668327.html?s=sou_sou_soulb&t=0_0&req=ba0f28e71cde98f7a5e839731d8c37c7
售后技术支持工程师,江苏立讯机器人,1.1-1.3万,常熟,苏州,大专,1-2年,2026-07-03 15:32:03,job51,"【工作内容】
1、负责机械设备及自动化仪表产品的现场安装指导、调试运行及技术参数校准；
2、响应客户售后诉求，快速诊断设备故障原因，提供远程或现场解决方案并修复问题；
3、定期巡检重点客户设备状态，收集运行数据，输出技术分析报告以优化产品性能；
4、协助销售团队进行售前技术支持，参与招投标方案的技术答疑及演示讲解工作；
5、整理典型故障案例库，编制标准化操作手册，并对内部人员进行技术培训。

【任职要求】
1、机械自动化、仪器仪表或机电一体化相关专业大专及以上学历，具备扎实理论基础；
2、熟悉PLC控制逻辑、液压气动原理及常用传感器应用，能独立阅读电气图纸；
3、拥有1～2年以上自动化行业售后经验，能适应长期出差及高强度现场作业；
4、具备良好的沟通协调能力与抗压能力，性格沉稳，对解决复杂技术问题有热情；
5、持有电工证或相关职业资格证书者优先，熟练使用Office办公软件及绘图工具。",技术支持 招投标 培训,https://jobs.51job.com/changshu/172787444.html?s=sou_sou_soulb&t=0_0&req=ba0f28e71cde98f7a5e839731d8c37c7
售后技术支持工程师,深圳市同川科技,8千-1.5万,昆山,苏州,本科,2年及以上,2026-06-11 11:06:16,job51,"（谐波减速器及机电一体化方向）

岗位职责：
1. 负责谐波减速器及机电一体化产品的售后技术支持，通过现场、电话或远程方式，及时响应并解决客户在产品使用过程中遇到的技术问题；
2. 负责客户投诉问题的根本原因分析、改善对策的追踪与验证，并定期完成客诉问题的分类、汇总及报告输出；
3. 协助客户完成产品升级、调试及优化工作，提供现场或远程技术指导与培训，提升客户使用体验与满意度；
4. 深入掌握公司全系列产品技术特点，主动收集与分析客户需求，协助销售团队制定针对性技术解决方案，并进行方案讲解、演示及技术交流。

任职要求：
1. 全日制本科及以上学历，自动化、机械工程、电气工程、机电一体化等相关专业优先；
2. 具备机械传动基础，了解谐波减速器或精密传动部件者优先，熟悉伺服控制系统调试及常用工业通讯协议（如EtherCAT、CanFD、Modbus等）；
3. 具备较强的客户需求理解与分析能力，能够独立编写技术报告、问题反馈及解决方案文档；
4. 具有良好的沟通能力和服务意识，能适应高频次短期出差，为客户提供及时现场支持。",CAN Modbus 技术支持 培训 CanFD,https://jobs.51job.com/kunshan/172021154.html?s=sou_sou_soulb&t=0_0&req=ba0f28e71cde98f7a5e839731d8c37c7
非标设备售后技术支持工程师,苏州汶楠自动化,7千-1.2万,苏州·高新区,苏州,本科,5年及以上,2026-07-16 09:02:13,job51,"【工作内容】
- 负责非标自动化设备在客户现场的安装调试、故障排查与维修，确保设备稳定运行；
- 针对客户反馈的技术问题，提供及时有效的解决方案，撰写技术处理报告并跟踪闭环；
- 与研发、生产及销售团队协同，推动产品改进与技术优化，提升客户满意度；
- 编制和更新设备操作手册、维护指南等技术文档，支持客户培训与后期运维；
- 定期进行客户回访，收集使用反馈，识别潜在风险并提出预防性维护建议。
【任职要求】
- 本科及以上学历，机械工程、自动化、电气工程或相关专业；
- 具备2年以上非标设备或工业自动化领域售后技术支持经验，熟悉PLC、伺服系统、气动控制等核心技术；
- 熟练掌握常见工业设备故障诊断方法，具备较强的动手能力与独立解决问题的能力；
- 能适应频繁出差，具备良好的沟通表达能力和客户服务意识；
- 能够在压力下高效工作，具备责任心与团队协作精神。",故障排查 技术文档 培训 技术支持 客户服务,https://jobs.51job.com/suzhou-gxq/172928103.html?s=sou_sou_soulb&t=0_0&req=ba0f28e71cde98f7a5e839731d8c37c7
售后技术支持工程师,苏州智慧谷激光智能装备,7千-1.2万,苏州·相城区,苏州,中技/中专,3年及以上,2026-07-20 15:26:29,job51,"岗位职责：
主要负责大型非标自动化光伏设备-串焊机、组装、调试、故障排查及客户现场维护等工作。
任职资格：
1、熟悉工业自动化设备（如流水线、非标设备）的组装与调试流程；
2、具备较强的动手能力与问题分析能力，能快速定位并解决设备故障
良好的沟通表达能力，可清晰向客户提供技术支持与操作培训；
3、具备较强的责任心与抗压能力，能适应出差及现场作业需求；
4、严格遵守安全操作规范，具备安全生产意识。
此岗位需长期出差，并有夜班排班。
上班时间：工时制6天10小时；
薪资结构：底薪+加班费+出差补贴/餐补",故障排查 技术支持 培训,https://jobs.51job.com/suzhou-xcq/172972670.html?s=sou_sou_soulb&t=0_0&req=ba0f28e71cde98f7a5e839731d8c37c7
售后技术支持工程师,雅科贝思精密机电（上海）,1.5-2.5万,苏州·苏州工业园区,苏州,本科,3-5年,2026-07-09 15:55:46,job51,"工作职责：

工作职责：
1. 售前技术支持配合：配合销售完成客户技术对接、需求确认、方案答疑、样品测试、现场技术交流，支撑项目落地与回款。

2. 现场交付与调试：负责客户现场设备安装、调试、上线、试产跟进，保障设备顺利量产交付。

3. 售后故障处理与抢修：承接客户日常技术问题、产线异常、设备故障，快速远程/现场排查、定位根因、完成修复，保障客户产线稳定运行，处理各类紧急停机、异常报错问题。

4. 负责运动控制系统的调试，通过驱动器和控制卡进行电机运动响应调试；
任职要求：

1. 本科及以上学历，电气控制、自动化、机电一体化、电气工程相关专业；

2. 3-5年相关经验，有扎实的伺服原理知识，理解运动控制系统原理，理解各类控制方法的特点；

3. 熟练掌握各主流品牌伺服驱动器/运动控制器调试方法，能够独立分析并解决控制系统应用中出现的问题（熟悉三菱、ACS、Copley、Servotronix调试优先）；

4. 熟悉直线电机、伺服电机、音圈电机、DD马达控制原理和应用，了解加速度计、编码器等传感器优先；

5. 具备较强的学习、动手及分析能力，能快速掌握新技术；

6. 有较强的责任心、执行力，具备较好的抗压能力、良好的沟通能力及团队合作精神。",技术支持 ACS Copley,https://jobs.51job.com/suzhou-gyyq/172856699.html?s=sou_sou_soulb&t=0_0&req=ba0f28e71cde98f7a5e839731d8c37c7
售后技术支持工程师,昆山迈开特精密设备,7千-1.4万·13薪,昆山,苏州,大专,1年及以上,2026-06-20 16:12:37,job51,"【工作内容】
1、负责机械设备及自动化仪表产品的现场安装指导、调试运行及故障排查处理；
2、响应客户技术咨询与售后报修，提供远程或现场技术支持，确保设备稳定运行；
3、深入分析产品故障原因，输出技术分析报告，协同研发部门优化产品性能与质量；
4、整理并归档售后服务记录，建立客户设备档案，定期回访以收集改进建议。

【任职要求】
1、机械自动化、仪器仪表或相关专业大专及以上学历，具备扎实的专业理论基础；
2、熟悉PLC编程、电气原理图识读及常见传感器应用，有相关设备维护经验者优先；
3、具备良好的沟通协调能力与抗压能力，能适应短期出差及现场作业环境；
4、工作严谨负责，具有强烈的客户服务意识及解决复杂技术问题的实战经验。",故障排查 技术咨询 技术支持 客户服务,https://jobs.51job.com/kunshan/172622347.html?s=sou_sou_soulb&t=0_0&req=ba0f28e71cde98f7a5e839731d8c37c7
售后技术支持工程师,立仲数控装备（苏州）,1-1.5万,昆山,苏州,大专,3年及以上,2026-07-23 15:46:09,job51,"岗位职责：
【工作内容】
- 负责车床类数控机床的现场安装、调试及精度校准，确保设备达到出厂标准并稳定运行；
- 独立完成数控机床的系统参数设置、刀具补偿、坐标系设定等调机工作，具备独立解决复杂故障的能力；
- 针对客户实际生产需求，开展操作人员的技术培训，涵盖FANUC控制系统的基本操作、简易编程方法及日常维护要点；
- 承担机床售后维护保养任务，定期巡检设备运行状态，及时发现并处理潜在故障隐患，保障设备长期高效运转；
岗位要求：
1、大专及以上学历;
2、数控机电或者电气自动化相关专业;
3、3年以上数控机床安装调试维修经验，有大型设备安装经验优先;
4、熟悉FANUC控制系统操作我我简易编程优先;
5、能够服从工作安排，并能适应经常性出差。
6、C1驾驶证，驾龄2年以上",培训,https://jobs.51job.com/kunshan/173020338.html?s=sou_sou_soulb&t=0_0&req=ba0f28e71cde98f7a5e839731d8c37c7
售前售后技术支持工程师 (苏州),伟特测试系统（苏州）,6千-1.2万,苏州·苏州工业园区,苏州,大专,1-3年,2026-07-28 11:10:59,job51,"职位主要职责:- 

*负责视检机器测试/评估/技术支持 
*为客户/潜在客户展示视检机器
*对客户提出的技术支持问题做出及时回馈，并给与解决方案
*了解同类产品及竞争对手的情况和特点
*对客户需求进行分析及报告
*与研发部协调新的软件发布

职位要求:- 

*机电或电子工程大专以上学历
*至少1-3年的技术支持经验 (以半导体封装/检测相关行业为优先考量) [3D AOI光学检测机台/3D AXI射线检测机台]
*熟练的英文书写与阅读能力，基本的英文沟通即可
*具备优秀的沟通能力，服务意识和客户关系处理能力
*具有良好的抗压能力和团队合作精神
*个性开朗；较强的快速学习能力，并能独立完成任务
*有进取心、上进心和良好的时间管理习惯",技术支持,https://jobs.51job.com/suzhou-gyyq/149892372.html?s=sou_sou_soulb&t=0_0&req=ba0f28e71cde98f7a5e839731d8c37c7
售后技术支持工程师,苏州哈啰瓦酷企业管理咨询,1.3-1.5万·14薪,苏州·苏州工业园区,苏州,本科,3年及以上,2026-08-07 15:05:16,job51,"工作内容：
客户支持
1. 回应有关测试座的各类技术问询。
2. 从现场应用的角度为设计工程团队提供见解，以协助原型设计。
3. 在客户营业场所支持测试座的认证/评估工作。
4. 响应质量问题，并在必要时支持解决所有客户投诉。
5.在客户营业场所提供与测试座相关的技术支持和故障排除。
6.提供创造性的解决方案，在现场控制问题，防止客户生产线停线。
信息管理与报告
1.与其他部门、其他工厂及其他子公司的工作人员协调各种信息，以建立并履行职责。
2.收集、解释、评估和总结信息，以便向高级管理层报告，协助决策过程。
3.计划、协调并准备与部门工作活动相关的常规及特殊要求的报告、调查、研究信息和演示文稿。
4.向经理报告所有重要的业务决策，并按需提供更新；同时响应其他经理的请求。
其他
1. 响应质量、工程、生产和销售部门的请求与问询。
2. 执行管理层指派的特列项目及其他杂项职责。
3. 将所有异常问题报告给现场应用工程经理以寻求解决。

岗位要求：
1、本科及以上学历，工科毕业
2、3年以上精密机构、连接器、治具、自动化组件的售后技术支持经验；
3、日语或英语能作为工作语言",原型设计 技术支持,https://jobs.51job.com/suzhou-gyyq/172459079.html?s=sou_sou_soulb&t=0_0&req=ba0f28e71cde98f7a5e839731d8c37c7
售后技术支持工程师,旺矽科技（苏州）,6千-1万·14薪,,苏州,大专,1年及以上,2026-07-10 11:58:16,job51,"岗位职责：
1. 负责公司PCB设备进行现场维护，安装调试，操作培训。
2. 负责跟踪设备运行状况，收集客户反馈的相关技术信息，定期提供报告。
3. 根据客户需求提供售后技术支持，解决技术方面的疑难问题。
4. 负责客户残件追踪、验收和尾款跟催。
5. 发展维护良好的客户关系，主导客户端相关事务。
任职要求：
1. 大专及以上学历，1年及以上设备安装操作维护使用经验。
2. 有半导体行业相关工作经验者优先。
3. 有较强的沟通协调能力和团队服务意识。
4. 熟练运用办公软件。
5. 配合公司需求性出差。",培训 技术支持,https://jobs.51job.com/all/172866184.html?s=sou_sou_soulb&t=0_0&req=ba0f28e71cde98f7a5e839731d8c37c7
售后技术支持工程师,旺矽科技（苏州）,6千-1万·14薪,,苏州,大专,1年及以上,2026-07-14 17:02:43,job51,"岗位职责：
1. 负责公司PCB设备进行现场维护，安装调试，操作培训。
2. 负责跟踪设备运行状况，收集客户反馈的相关技术信息，定期提供报告。
3. 根据客户需求提供售后技术支持，解决技术方面的疑难问题。
4. 负责客户残件追踪、验收和尾款跟催。
5. 发展维护良好的客户关系，主导客户端相关事务。
任职要求：
1. 大专及以上学历，1年及以上设备安装操作维护使用经验。
2. 有半导体行业相关工作经验者优先。
3. 有较强的沟通协调能力和团队服务意识。
4. 熟练运用办公软件。
5. 配合公司需求性出差（长三角和珠三角）。",培训 技术支持,https://jobs.51job.com/all/172909057.html?s=sou_sou_soulb&t=0_0&req=ba0f28e71cde98f7a5e839731d8c37c7
售后技术支持工程师,苏州欣华锐电子,8千-1.5万,苏州·苏州工业园区,苏州,大专,无需经验,2026-06-30 11:29:29,job51,"【工作内容】
（技术售后+产品验证）
【售后工作内容】
1、负责半导体烧录设备的现场安装、调试与故障排查，确保设备稳定运行；
2、响应客户技术诉求，提供远程或现场支持，解决产品使用过程中的异常问题及操作疑问；
3、收集并分析设备运行数据，撰写售后技术报告，协助研发团队优化产品性能及改进设计方案；
4、和商务一起配合，从技术角度完成客户烧录方案制定，将需求转成订单。
【验证工作内容】
1、在研产品的验证测试，包括PC软件验证，烧录算法验证，SKB验证，运控软件验证，老化设备验证，BIB板验证，老化socket验证。
2、收集验证数据，撰写验证报告。
3、收集验证样品，整理样品库存。

【任职要求】
1、电子工程、自动化或相关专业专科及以上学历，具备扎实的电路理论基础；
2、熟悉常用仪器设备（如示波器、万用表等，工业自动化设备）的使用，了解半导体封装测试流程者优先；
3、具备良好的逻辑分析能力与沟通技巧，能适应短期出差及应对紧急技术故障处理；
4、工作严谨细致，责任心强，具有优秀的团队协作精神及抗压能力，认同公司价值观。
5，有驾照，能开车，不定期出差到客户现场解决问题。",故障排查,https://jobs.51job.com/suzhou-gyyq/172737242.html?s=sou_sou_soulb&t=0_0&req=73eab9b4e3c4d7ae16b3f83f544db0ad
海外售后技术支持（智能割草机）苏州/上海,江苏东成机电工具,1.5-2.5万·14薪,苏州·吴中区,苏州,本科,3年及以上,2026-07-31 13:00:59,job51,"岗位职责
1、为海外经销商服务团队提供远程技术支持，解决产品使用过程中遇到的技术问题，提供合理的解决方案；
2、产品问题的收集、质量分析，与质量部门合作，及时反馈产品缺陷和改进建议，并追踪问题闭环；
3、编写和维护技术文档/视频，包括故障排查指南、操作手册、保养手册，备件清单及用户FAQ；
4、管理客户关系，提升客户满意度和粘合度。

任职要求：
1、本科以上学历，机械、电子、自动化、计算机、机器人等相关专业优先；
2、3年左右海外售后技术支持工作，具备智能硬件/消费电子/机器人产品相关工作经验加分；
3、英语可作为工作语言，能流利进行邮件沟通、电话会议及英文文档撰写；
4、具备优秀的逻辑分析和问题排查能力，熟练掌握常规维修技能，动手能力强；
5、具备吃苦而耐劳精神和一定的适应能力，良好的沟通技巧和客户服务意识；
6、有海外留学或工作背景，熟悉欧美市场用户沟通习惯及售后流程者优先。",技术支持 技术文档 故障排查 客户服务,https://jobs.51job.com/suzhou-wzq/173110460.html?s=sou_sou_soulb&t=0_0&req=73eab9b4e3c4d7ae16b3f83f544db0ad
售后技术支持工程师（华东区）,深圳泰德激光技术,1-1.5万,苏州·姑苏区,苏州,大专,5年及以上,2026-08-04 11:57:57,job51,"岗位职责：
1.多年3C客户工厂的工艺，打标、焊接(包括融锡焊，喷锡球）切割经验，能够独立完成设备测试、验证和导入
2.对制程工艺问题点分析处理；参与标准及非标自动化设备调试和指导培训；
3.结合现场的工艺验证；参与到前期方案评估及选型；
4.负责测试类项目的报告撰写和复盘记录；
5.参与售前、售后技术支持工作，并对客户需求做出详细讲解，支持订单的达成；
6.日常打样、客户接待、培训，工艺资料的编写、整理归档等；
7.配合领导安排的其他工作；
8.有同行业或代工厂相关工作经验。

任职资格：
1.大专及以上学历，光学、物理、材料、机械、自动化、机电一体等专业；有一定的机械、电气基础 会使用万用表、示波器、功率计等相关工具；
2. 5年以上样品测试、3C类客户工厂或同岗位工作经验，在设备行业从事过售后服务或者参与过设备的开发测试、工艺验证等，理解激光工艺、材料特性及具备激光相关工作；熟悉激光3C行业全流程基本工艺制成；
3.具有一定的报告撰写能力（如8D分析报告），熟练使用CAD等作图软件；
4、具有良好的学习能力，逻辑思维能力，能分析解决设备故障及提出改善方案等；善于沟通，能承受压力；可驻厂且责任心强，工作积极主动，能适应一定程度的出差。",培训 技术支持,https://jobs.51job.com/suzhou-gsq/170890764.html?s=sou_sou_soulb&t=0_0&req=73eab9b4e3c4d7ae16b3f83f544db0ad
售后技术支持工程师,江苏汇起云企业咨询,9千-1.1万,苏州,苏州,大专,1年及以上,2026-07-17 10:23:14,job51,"岗位职责
1、负责咖啡机维修，故障分析、故障问题统计及持续改善，提升用户满意度。2、售后技术资料制作与管理，包括:产品常见问题产品维修手册、产品知识等备件计划与管理，售后备件 BOM 整理。负责售后备件的进销存统计、月度配件盘点，确保维修备件的及时供应。
3、为售后服务商和客服提供技术支持和售后培训，
任职要求
1、大专及以上学历，机械、机气相关专业;
2、一年以上家电行业技术支持或产品维修工作经验，能接受临时短期出差
3、熟练使用 Office 软件、具备良好的服务意识和沟通能力，以及出色的动手能力
工作时间：
8:30-17:00双休
薪资范围：9000-11000，具体面试定薪，五险一金",技术支持 培训 BOM,https://jobs.51job.com/suzhou/163195026.html?s=sou_sou_soulb&t=0_0&req=73eab9b4e3c4d7ae16b3f83f544db0ad
售后技术支持,奥茵绅智能装备（苏州）,6-8千,苏州·虎丘区,苏州,本科,1年及以上,2026-07-30 14:44:04,job51,"岗位职责:
1、负责电机售后问题对接处理，处理相关项目方案落实及相关信息反馈；
2、负责配合电机现场的安装调试工作：包括安装进度、客户沟通、问题处理、相关信息反馈等；
3、负责提供客户相关技术支持，协助客户处理现场问题；
4、负责电机现场日常维护及巡检工作；
5、完成主管交代的其他工作。

任职要求:
1、本科及以上学历，机电一体化、电气自动化等相关专业。
2、1年以上工作经验，懂电气知识，有设备维修基础，动手能力强，优秀的应届毕业生亦可。
3、有驱动器调试经验，熟悉高创/松下/繁易驱动器的优先考虑；
4、具备吃苦耐劳的精神，良好的沟通表达、协调及执行能力，责任心强能够接受频繁外出和出差。",客户沟通 技术支持,https://jobs.51job.com/suzhou-hq/170295717.html?s=sou_sou_soulb&t=0_0&req=73eab9b4e3c4d7ae16b3f83f544db0ad
售前/售后技术支持,苏州华辰生物科技,8千-1.5万,苏州·苏州工业园区,苏州,硕士,3年及以上,2026-07-18 23:23:41,job51,"岗位职责
1、提供干细胞无血清培养基、NK/T 细胞试剂盒培养基、3D可降解微载体、ipsc培养基、冻存液等细胞治疗相关产品的专业的售前技术支持；
2、与客户进行线上、线下现场技术沟通交流，介绍公司产品，解答客户疑问；
3、帮助销售团队理解客户需求，制定解决方案。
4、跟进客户产品使用情况，负责售后技术支持，解决客户在使用产品过程中遇到的技术问题。
5、与产品开发团队合作，反馈客户反馈和市场需求，以优化产品性能。
6、协助制定和执行客户服务策略，提高客户满意度。
7、熟知公司的产品和服务内容，有相关实验或操作经验的优先。

职位要求
1.教育背景：硕士研究生及以上学历，生物医学、药学、生物工程或相关领域。
2.工作经验：至少3年及以上在细胞基因治疗行业（干细胞、免疫细胞）的售前/售后技术支持经验。
3.专业技能：熟悉干细胞培养基等产品和相关技术，具备良好的产品知识。
4.沟通能力：出色的沟通技巧，能够与客户和跨部门团队有效沟通。
5.能适应一定程度的出差，与客户线下交流。",IPS 技术支持 客户服务 NK,https://jobs.51job.com/suzhou-gyyq/156156453.html?s=sou_sou_soulb&t=0_0&req=73eab9b4e3c4d7ae16b3f83f544db0ad
售后技术支持工程师（逆变器）,阿特斯阳光电力集团,1.4-1.8万·14薪,苏州·高新区,苏州,本科,3年及以上,2026-08-06 13:24:00,job51,"主要工作职责：
1、技术支持：远程支持光伏逆变器设备在海外的安装、调试及试运行，向客户提供技术指导；
2、故障处理：快速响应客户反映的设备故障，远程诊断并提供检修意见；
3、问题反馈：收集并整理现场售后问题和客户反馈，及时传递给CQE和公司内部，推动产品改进；
4、数据分析：分析统计售后故障数据，提出合理化建议，协调质量和研发改善产品；
5、故障预警：通过远程监控平台、日志、波形等方式进行运行状态分析，配合现场运维团队进行问题预警、趋势分析和风险评估；
6、备件管理：负责故障件的退回（RMA）及新件的发运，必要时补充备件库存；
7、文档编写：负责售后维护手册、故障处理指南等售后文件资料的编写和整理；
8、客户关系维护：维护客户关系，减少客户抱怨；
9、临时任务：按时完成公司领导交办的其他工作事项。

相关经验和资质要求：
1、本科及以上学历，电力电子、电气、自动化等相关专业；
2、至少3 年以上工作经验，其中2年以上逆变器售后或技术服务工作经验；
3、熟悉强电、弱电系统，能够熟练阅读和理解电气原理图和接线图；
4、英语听书读写熟练。",技术支持 数据分析 文档编写 RMA,https://jobs.51job.com/suzhou-gxq/173174627.html?s=sou_sou_soulb&t=0_0&req=73eab9b4e3c4d7ae16b3f83f544db0ad
售后技术支持经理/主管,纳谱分析技术（苏州）,1.6-2万·13薪,苏州·苏州工业园区,苏州,本科,3-5年,2026-07-23 11:16:47,job51,"工作内容：
1、售后技术支持
a)	为客户提供液相色谱柱相关的技术支持与问题解决方案；
b)	分析客户在使用过程中遇到的各类问题并提出优化建议；
c)	处理客户投诉与异常案例，推动问题闭环。
2、客户沟通与关系维护
a)	与客户保持高效沟通，提升客户满意度与信任度；
b)	对重点客户进行技术回访与支持；
c)	协助销售团队提升客户粘性。
3、技术培训与支持体系建设
a)	为客户及内部销售人员提供液相色谱相关培训；
b)	编写技术文档（如FAQ等）；
c)	建立和优化售后技术支持流程。
4、参与团队管理
a)	参与技术支持团队的日常管理与能力提升；
b)	指导团队成员解决复杂技术问题。
5、跨部门协作
a)	与研发、市场及销售团队协作，反馈客户需求与产品改进建议；
b)	参与新产品应用测试与推广支持。

岗位要求：
1、本科及以上学历，化学、分析化学、药学等专业，3-5年液相色谱相关工作经验（应用、技术支持等）；
2、具备扎实的液相色谱理论基础，熟悉生物大分子和小分子的液相色谱分析技术；
3、有液相色谱柱和相关耗材技术支持或客户服务经验者优先；
4、逻辑清晰，具有较强的问题分析能力，能独立分析和解决复杂的色谱问题；
5、优秀的客户沟通与问题处理能力；
6、责任心强，具备良好的服务意识；
7、能适应一定程度的出差。",技术支持 客户沟通 培训 技术文档 团队管理 跨部门协作 客户服务,https://jobs.51job.com/suzhou-gyyq/173014644.html?s=sou_sou_soulb&t=0_0&req=73eab9b4e3c4d7ae16b3f83f544db0ad
安防产品售后技术支持,赛科斯信息技术（上海）,4-5千,常熟,苏州,大专,无需经验,2026-08-03 15:50:48,job51,"纯售后，不带任何销售性质，做五休二 月休八天 法定节假日休息！
（入职购买五险一金、提供免费住宿）
工作地点：常熟市紫晶创意广场紫晶城V4栋4楼；
上班时间：9:00-18:00/10:30-20:00/13:00-22:00，
轮班轮休，做五休二，包住

职位描述：
-接听用户来电，为最终客户提供专业全面的技术支持与客户服务
-通过电话和网络解决客户软件/硬件的技术问题及售前售后咨询服务，并做好详细记录

薪资福利：
1、固定底薪+月度奖金；
2 、舒适的工作环境+每周组织员工活动+不定期举办各种活动，工作也可以多姿多彩！
3、入职即购买五险一金，享有各种带薪假期：带薪年假，病假，婚假，陪产假等~
4、全面化、体系化的培训，如：入职培训、在职培训、晋升培训，为员工提供通畅的晋升通道，就等你来！",技术支持 客户服务 培训,https://jobs.51job.com/changshu/173132273.html?s=sou_sou_soulb&t=0_0&req=73eab9b4e3c4d7ae16b3f83f544db0ad
NGS/单细胞售前售后技术支持,苏州金唯智生物科技,1.2-2.4万·13薪,苏州·苏州工业园区,苏州,硕士,3年及以上,2026-06-25 10:03:00,job51,"【工作内容】
1、负责NGS及单细胞测序产品的售前技术支持，解答客户技术疑问并制定定制化实验方案；
2、处理售后技术投诉，针对异常数据提供深度归因分析，输出专业解决方案并闭环问题；
3、基于项目经验推进现有产品的优化和新产品的开发；
4、协助销售团队进行产品培训与技术宣讲，挖掘客户需求，推动市场应用。
 
【任职要求】
1、硕士及以上学历，分子生物学、生物信息学或相关专业背景，熟悉二代/单细胞测序/空间转录组原理；
2、拥有3年以上生物医药行业技术支持经验，有NGS技术支持或生信分析实战经验者优先；
3、具备良好的沟通协调能力与抗压能力，能接受短期出差，对新技术保持敏锐的学习热情。",技术支持 培训,https://jobs.51job.com/suzhou-gyyq/172681987.html?s=sou_sou_soulb&t=0_0&req=73eab9b4e3c4d7ae16b3f83f544db0ad
售后技术支持,苏州茗泰科技,8千-1.3万·13薪,苏州,苏州,大专,5年及以上,2026-08-06 04:06:25,job51,"【工作内容】
- 主要负责设备类型为Datacon 8800/2200系列
-负责处理客户在使用产品过程中遇到的技术问题，提供及时有效的解决方案；
- 协助客户进行产品安装、调试及日常维护，确保客户正常使用；
- 记录并跟踪客户反馈问题，定期整理分析常见问题并提出优化建议；
- 与研发、销售等部门协作，推动问题闭环解决，提升客户满意度。
【任职要求】
- 大专及以上学历，计算机、电子工程、通信等相关专业优先；
- 具备良好的沟通能力和客户服务意识，能耐心倾听客户需求；
- 熟悉常见办公软件及操作系统，具备基础的网络知识；
- 有相关行业售后技术支持经验者优先，能适应一定频率的出差。",客户服务 技术支持,https://jobs.51job.com/suzhou/172505550.html?s=sou_sou_soulb&t=0_0&req=73eab9b4e3c4d7ae16b3f83f544db0ad
苏州售后技术工程师,星精机械（上海）,6-8千·14薪,苏州·高新区,苏州,中技/中专,3年及以上,2026-06-30 10:19:16,job51,"【工作内容】
- 负责客户设备的安装、调试及日常维护，确保设备正常运行；
- 处理客户在使用过程中遇到的技术问题，提供及时有效的解决方案；
- 与客户沟通，收集并反馈产品使用情况及改进建议；
- 协助完成售后技术支持文档的编写与更新。
【任职要求】
- 具备良好的沟通能力和客户服务意识，能够耐心倾听客户需求；
- 对电子、机械或相关领域有一定了解，有学习能力；
- 工作认真负责，具备较强的责任心和团队协作精神；
- 有较强的问题分析与解决能力，能独立处理常见技术问题。",客户沟通 技术支持 客户服务,https://jobs.51job.com/suzhou-gxq/172531907.html?s=sou_sou_soulb&t=0_0&req=73eab9b4e3c4d7ae16b3f83f544db0ad
售后技术服务工程师,莱斯特瑞兹机械（太仓）,6千-1.2万,太仓,苏州,大专,5年及以上,2026-08-08 14:45:12,job51,"工作职责：
1.遵守公司和部门各项规章制度，配合各部门完成各项相关工作。
Abide by the rules and regulations of the company and the department.
2.设备调试，问题诊断，维修与协助，并制作维修报告。
Equipment commissioning, trouble shooting, maintenance and making analyzing report.
3.新设备装配、配合、调试。
New equipment assembling, integration and commissioning.
4.向客户提供优质服务支持并保持良好的合作关系。
Providing quality service support and maintaining a good relationship for customers.
5.协助工厂实验台测试工作。
Assist experimenting for test center and laboratory.
6.能根据领导安排协助工厂泵项目的组装。
Fit supporting for pump project.
7.负责完成领导交办的其它工作。
Complete other tasks assigned by leaders.

任职资格：
1.大学专科及以上学历，机械相关专业，有机械设备维修和现场服务经验者优先
Junior college education or above, major in Mechanical Electrical engineering.
2.5年以上机械设备现场服务或维修工作经验。
At least 5 years of experience in electrical-mechanical engineering
3.能看懂基本的，机械图纸。
Able to read and understand electrical drawing and mechanical drawing.
4.掌握基本的办公软件操作。
Basic knowledge and skill in Microsoft Office (PPT, EXCEL, Word).
5.良好的沟通能力，有团队精神以及自我提升意愿。
Good communication skills, strong team spirit, self-driven.
6.沟通能力强，逻辑清晰，并能承担压力，能接受经常出差的任务。
Good communication skills, logical thinking, able to work under pressure.
7.工作积极主动，踏实细心，有责任心。
Proactive, work carefully, and have strong sense of responsibility.
8.需与德国同事沟通，具备看懂英文用户手册，有英文读写能力者优先。",Go Gin ROS SPI Abide Equipment New Providing,https://jobs.51job.com/taicang/171255300.html?s=sou_sou_soulb&t=0_0&req=a2c08b68f0a2b3e3c6f763e684fd3471
售后技术工程师,苏州邦器生物技术,6-8千,苏州·相城区,苏州,本科,3年及以上,2026-07-10 18:46:43,job51,"岗位职责：
1、负责区域内客户的售后维护工作，处理客户使用过程中的问题和投诉；
2、检验仪器安装和维修，仪器的日常维护和保养；
3、负责完成区域内公司设备的安装、培训和日常维护；
4、收集分析客户信息与需求，了解IVD行业相关信息，促进客户上量；
5、对销售团队提供技术支持，为客户提供及时高效的优质服务；
6、参与公司开展的展会及各类活动，与客户交流相关技术问题。
任职资格:
1、生物、医学检验、机电一体化、自动化等相关专业本科及以上学历；
2、有临床检验或临床各类仪器应用实习经验优先；
3、学习能力强，能够快速掌握相关新技术；
4、有积极主动的工作态度，良好的客户服务意识，能适应经常出差。",培训 技术支持 客户服务,https://jobs.51job.com/suzhou-xcq/171374026.html?s=sou_sou_soulb&t=0_0&req=a2c08b68f0a2b3e3c6f763e684fd3471
售前售后技术员,苏州敏之匠智能科技,8千-1.3万·13薪,苏州·吴中区,苏州,高中,1年及以上,2026-07-07 09:11:59,job51,"岗位职责：
1. 负责设备现场安装、调试、验收及日常运维保障；
2. 快速排查设备机构与产品异常，制定解决方案并处理；
3. 为客户提供设备操作指导与基础技术培训；
4. 记录售后维修数据，整理异常分析报告与技术文档；
5. 协同内部团队反馈设备问题，协助优化产品性能；
6. 配合完成客户现场应急处理，保障设备稳定运行。
任职要求：
1. 专业要求：中专以上学历机械自动化相关专业；
2. 经验要求：5年及以上机械设备组装经验；有连接器、线束类行业经验优先；
3. 技能要求：能独立完成设备机构、产品异常分析与快速判断处理；
4. 职业素养：工作踏实稳定，吃苦耐劳，具备较强责任心与执行力；
5. 协助能力：团队协作意识强，沟通顺畅，具备良好抗压能力；
6. 其他要求：反应敏捷，具备优秀的现场异常判断与应急处理能力。",培训 技术文档,https://jobs.51job.com/suzhou-wzq/166962743.html?s=sou_sou_soulb&t=0_0&req=a2c08b68f0a2b3e3c6f763e684fd3471
售后技术服务员,苏州成科自控设备,6-8千,苏州·相城区,苏州,大专,2年及以上,2026-08-04 13:36:32,job51,"负责公司产品售后技术支持、设备安装调试、故障排查维修、客户技术答疑与使用指导，做好售后工单记录与客户维护。工作踏实、沟通良好，能适应现场上门及出差。公司提供系统培训、晋升稳定、福利齐全。
培训期2个月，工资6000，试用期2个月，工资7000，转正后正式员工8000+奖金，奖金根据贡献大小决定。
大专以上学历，2年以上工作经验，能配合加班，电子类专业偏硬件方面。",技术支持 故障排查 培训,https://jobs.51job.com/suzhou-xcq/173143909.html?s=sou_sou_soulb&t=0_0&req=a2c08b68f0a2b3e3c6f763e684fd3471
储备生产主管,苏州晓洋智能科技,5-8千,苏州·吴中区,苏州,本科,2年及以上,2026-08-08 13:28:59,job51,"岗位职责：
1. 根据公司生产计划，协调人员、物料和生产进度，带领团队按时完成电动自行车装配任务；
2. 参与整车装配、调试和基础质量检查，及时发现并反馈生产过程中的异常问题；
3. 安排车间每日工作任务，跟进生产进度、装配质量及任务完成情况；
4. 负责车间日常现场管理，规范工具、物料和作业区域的摆放，保持车间整洁有序；
5. 协助新员工学习装配操作、安全规范及质量要求；
6. 协助仓库完成库存盘点、物料核对及生产物料异常反馈；
7. 协助售后团队开展产品使用、装配、调试及故障排查等技术指导，收集并反馈产品问题；
8. 配合公司持续改善装配流程，提高生产效率和产品质量；
9. 完成公司安排的其他合理工作任务。
任职要求：
1. 本科及以上学历，机械、电气、车辆工程、工业工程或生产管理等相关专业优先；
2. 工作认真负责，执行力强，能够服从公司合理的工作安排；
3. 学习能力强，深入学习产品结构和装配工艺；
4. 具备良好的沟通协调能力、团队合作意识和现场问题处理能力；
5. 能够熟练使用 Word、Excel 等常用办公软件；
6. 有电动自行车、机械装配、生产管理、质量检验或售后技术支持经验者优先；
培养及晋升方向：
公司将根据个人能力及工作表现，提供以下发展机会：
学习整车零部件制造和装配工艺流程；
参与生产工艺优化及质量改善；
逐步参与新车型样车试制、测试及开发设计；
向生产主管、生产经理或产品技术岗位发展。",故障排查 技术支持 Word Excel,https://jobs.51job.com/suzhou-wzq/173199243.html?s=sou_sou_soulb&t=0_0&req=a2c08b68f0a2b3e3c6f763e684fd3471
技术支持工程师,苏州华工自动化技术,8千-1.5万·13薪,苏州·高新区,苏州,大专,2年及以上,2026-07-13 15:46:08,job51,"任职要求
1. 大专及以上学历，机械/电气/计算机/机电一体化/通信工程/自动控制等相关专业；
2. 2年以上非标自动化设备调试经验；
3. 至少熟悉一种主流PLC软件操作，能看懂电气、机械图纸，能修改PLC程序；
4. 熟悉非标机器调试要求，会编写调试SOP，能按照设计要求独立调试机构及电气元器件；
5. 熟悉新能源工艺或3C行业精密组装调试人员优先；
6. 有责任心和团队意识，抗压性强，能适应经常加班、出差。

岗位职责
1.完成对设备的调试，包括机构、电气的调试，对项目调试结果负责；
2.看懂电气图纸，解决组装过程中电气问题；
3.完成对现场设备异常处理及售后维护；
4.做好安装调试记录，对调试过程中出现的问题能够有效总结和解决；
5.配合设计工程师做相关项目验证；
6.负责对客户进行设备使用维修保养等培训。",培训,https://jobs.51job.com/suzhou-gxq/147997660.html?s=sou_sou_soulb&t=0_0&req=a2c08b68f0a2b3e3c6f763e684fd3471
售后技术工程师,苏州市泰裕企业管理,8千-1.2万·13薪,常熟,苏州,大专,1-3年,2026-08-06 10:47:39,job51,"【工作内容】
- 负责汽车地毯发泡生产中工业机器人的程序编写、现场调试及维护工作；
- 为客户提供技术支持和故障排查，确保设备正常运行；
- 协助客户解决技术问题，提供操作指导与培训；
- 配合公司完成售后服务流程，提升客户满意度；
- 根据需要进行全国范围内的出差支持。
【任职要求】
- 大专及以上学历，机械、自动化或电气工程等相关专业优先；
- 熟悉工业机器人编程，具备ABB或FANUC机器人操作经验；
- 具备1-3年设备调试或相关工作经验，有汽车行业背景者优先；
- 熟悉地毯发泡工艺或相关技术者优先考虑；
- 具备良好的沟通能力与客户服务意识，能适应全国范围出差。",技术支持 故障排查 培训 客户服务,https://jobs.51job.com/changshu/170283360.html?s=sou_sou_soulb&t=0_0&req=a2c08b68f0a2b3e3c6f763e684fd3471
技术支持工程师,微著半导体科技（苏州）,6千-1.2万,苏州·苏州工业园区,苏州,本科,2年及以上,2026-07-31 08:38:15,job51,"岗位职能
1、	提供产品现场端的安装调试，技术支持, 售后服务等，包括咨询解答、产品培训、现场技术指导、故障分析和排除等
2、	收集客户对产品的意见及建议，及时反馈给公司内部，进行合理化分析及改进升级
3、	制定相关设备的操作说明书，常见故障分析等技术文件
4、	负责设备技术的文档编撰与整理工作
5、	做部分售前的支持工作

岗位要求

1、	本科及以上学历，物理，材料，微电子，机电等专业
2、	2年以上半导体行业设备或工艺工作经验，熟悉外延器件等材料工艺者优先
3、	较强的动手能力和系统分析能力
4、	具有半导体材料及器件制程检测及量测设备经验者优先
5、	良好的英文写作能力,熟练常用办公软件
6、	良好的沟通及表达能力,以服务客户为导向
7、	接受出差，须具备吃苦耐劳，团队合作的精神
8、	良好的学习能力及团队精神

公司福利:

1、	工作时间：做五休二；
2、	公司提供有行业优势的薪酬福利，除基本工资外，公司提供年终奖金，项目奖金等；
3、	公司提供基本薪资外的餐饮补贴，交通补贴，通讯补贴等；
4、	公司为每位员工提供年度体检；
5、	公司可为员工申请相应的租房补贴（按照园区政府规定）；
6、	公司按照政府规定提供五险一金；
7、	按照国定假日提供休假；
8、	员工活动：体育活动，生日会，部门聚餐，旅游团建等。",技术支持 培训,https://jobs.51job.com/suzhou-gyyq/172731324.html?s=sou_sou_soulb&t=0_0&req=a2c08b68f0a2b3e3c6f763e684fd3471
技术支持工程师（苏州）,浙江亿太诺科技,8千-1.5万·13薪,苏州·吴中区,苏州,大专,1-5年,2026-07-28 10:47:04,job51,"岗位职责：
1、负责公司气动产品的技术支持工作，制定并不断完善技术支持方案；
2、与销售、品质配合，做好产品售前培训、售后维护（核心工作），根据客户需求提供技术解决方案；
3、配合研发、品质部门分析并解决各项疑难问题；
4、负责技术资料的整理及内部销售团队的产品培训；
5、关注客户需求、市场竞争动态，处理客户协调工作；
6、配合工作需要进行出差：华东区域为主

任职要求：
1、大专以上学历，电气工程、机械、自动化等相关专业；
2、熟悉机械、电气原理，较强的动手能力；
3、具备较强的技术背景，有元器件售后工作经验者优先考虑；
4、具备较强的实践技能，熟悉售前、售中、售后运营流程，能适应出差，自备车辆以苏南区域为主；
5、有较强的沟通协调和解决困难的能力，有耐心，应变能力强。",技术支持 培训,https://jobs.51job.com/suzhou-wzq/173062733.html?s=sou_sou_soulb&t=0_0&req=a2c08b68f0a2b3e3c6f763e684fd3471
售后技术员,苏州立铭科技,4-6千,苏州·高新区,苏州,大专,3年及以上,2026-08-06 16:36:37,job51,"岗位要求
1.教育背景和工作经验：
有大专及以上学历，理工科专业背景优先。接受应届毕业生，但需要有相关专业的学历背景。
2.技能要求：
沟通能力：良好的语言表达和沟通能力是必备条件，普通话标准，口齿清晰，反应敏捷，能够妥善处理客户投诉和建议。
办公软件操作：熟练使用各种办公软件，如Excel、Word等，打字速度不低于40字/分钟。
驾驶技能：对于某些售后服务代表岗位，持有C1及以上驾照和两年以上（实际驾龄是非必要条件）。
专业技术知识：售后工程师岗位需要具备一定的电力、计算机或机械方面的基础知识，能够分析问题和解决问题。
3.个人品质和能力：
责任心和敬业精神：敬业爱岗，责任心强，有良好的职业素质、合作意识和团队精神。
服务意识：具备良好的服务意识和客户服务意识，能够妥善处理客户投诉和建议。
4.其他要求：
健康状况：身体健康，能够适应出差和周末节假日值班工作。",客户服务,https://jobs.51job.com/suzhou-gxq/171507911.html?s=sou_sou_soulb&t=0_0&req=a2c08b68f0a2b3e3c6f763e684fd3471
技术支持工程师,江苏西格数据科技,6千-1万,苏州·苏州工业园区,苏州,大专,3年及以上,2026-07-16 11:31:21,job51,"岗位职责
1. 负责机床监控物联网设备安装及系统异常处理
2. 负责数控机床过程监控数据分析及监控策略优化
3. 负责项目资料规整，为客户提供后续的技术及优化服务
4. 负责客户现场机加工工艺优化及应用总结报告
5. 负责客户应用培训
6. 上级领导交代的其它任务

任职资格
1、学历背景：机电、数控、机械工程、计算机等相关专业专科或以上学历。
2、工作经验：从事机加工工艺编制、刀具、机床等相关行业的应用服务岗位3年以上工作经验，或者对设备、刀具、工艺等具备一定了解的机加工行业工厂基层管理人员。
3、技能要求：具备一定的机械基础知识，了解初级的电气常识，有电工证者优先；有较强的动手能力， 具备良好的协调能力；会操作办公软件；有驾照且能独自上高速。
4、素质要求：团队协作意识强；敬业、服务意识强；抗压，适应频繁出差。",数据分析 培训,https://jobs.51job.com/suzhou-gyyq/159953914.html?s=sou_sou_soulb&t=0_0&req=a2c08b68f0a2b3e3c6f763e684fd3471
技术支持工程师（HS0674）,大族激光科技产业集团,5千-1万,苏州,苏州,大专,2年及以上,2026-06-11 16:04:54,job51,"岗位职责：
1.严格遵守公司的各项规章制度，负责规定区域的售前、售后工作。
2.认真贯彻公司营销管理办法和细则，提升服务水平。赢得客户的尊重。
3.能积极主动的去完成售前、售后工作，对待客户要有礼有节，处理问题要灵活。
4.负责日常配件的销售，应收款项的跟催。
5．对客户提出的要求和建议要及时的响应和反馈。
6.对公司的产品改善、品质提升、售前售后服务提出合理建议。
7.维护好机器设备，负责客户日常培训。巩固与客户的关系。配合业务经理开拓市场。
8.不得损坏公司的利益换取私利，不得擅自卖配件和介绍客户购买非公司原产配件。
任职要求：
教育背景： 专科或者本科及以上学历 电子、机电一体化相关专业
工作经验： 2年以上设备安装调试维修经验，***是激光及自动化类设备安装调试维修。
知识技能： 具有一定的程序编写基础；熟练运用AUTOCAD或3D绘图软件绘制平面及3D图；具备较强的现场问题处理能力，能够根据现场情况灵活的与客户沟通。
个人素质：工作认真踏实，能吃苦耐劳，上进心强。能承担一定的工作压力。具备较强的身体素质。",培训 客户沟通,https://jobs.51job.com/suzhou/162722005.html?s=sou_sou_soulb&t=0_0&req=a2c08b68f0a2b3e3c6f763e684fd3471
技术支持工程师（HS0471）,大族激光科技产业集团,7千-1.2万,苏州·吴中区,苏州,本科,1年及以上,2026-06-11 18:48:16,job51,"岗位职责：
1、负责在客户现场完成设备相关的工艺、机器视觉、自动化调试与培训工作;
2、负责设备在现场的异常处理，协助推进设备按时交付;
3、负责部门研发项目的实验测试、数据收集、撰写测试报告、技术推广等； 
4、协助国内或海外销售人员完成销售项目中的技术支持工作，包括与用户的技术交流、技术方案编写、技术方案宣讲等；
5、负责服务国内或海外销售人员面向用户进行针对性的技术和产品培训，完成产品和方案的PPT讲解；
6、收集行业信息、竞争对手信息并进行相关分析；
7、完成领导安排的其他相关工作。


任职要求：
教育背景： 本科及以上学历，光学、电气、机械、自动化、机电一体化等学科背景
工作经验： 一年及以上相关工作经验，具有工业激光技术应用经验者优先，具有机器视觉、自动化调试经验者优先。
知识技能：
1、要求具备基础自动化设备调试相关知识，有较强的调试动手能力以及系统性分析问题的能力；
2、熟悉常用矢量作图软件，如CorelDRAW ,AutoCAD等；有matlab等分析软件使用经验者优先考虑，有编程能力者优先考虑。
3、熟悉excel表格，有较强的数据整理和分析能力；较强的PPT报告整理能力；以及对新知识有较强的学习能力，英语水平优秀者优先考虑。
个人素质：
1、性格稳重，有耐心，能静下心来钻研问题，善于沟通和总结，做事有担当；
2、有创新思维，能从多角度思考问题；思路清晰，能把握工作重点和方向；有一定的抗压能力，承担压力的同时也能很好的完成工作任务；
3、能按要求及时汇报工作和主动协调，具备很强的执行能力；有团队协作精神，能和团队成员和谐相处，共同协作完成任务。
其他要求：能适应较长时间的国内各地客户现场出差",MATLAB 培训 技术支持 技术方案,https://jobs.51job.com/suzhou-wzq/171532614.html?s=sou_sou_soulb&t=0_0&req=a2c08b68f0a2b3e3c6f763e684fd3471
售后技术员,宁德新能先锋检测科技,6-9千,昆山,苏州,大专,1年及以上,2026-07-27 09:57:40,job51,"岗位职责:
1. 现场服务：负责公司所销售设备的安装、调试、维修、保养和校准工作。
2. 故障诊断：快速响应客户报修，通过电话或远程工具进行初步诊断，并高效解决现场复杂技术问题。
3. 技术支持：为客户提供设备操作、日常维护的培训和指导，解答技术咨询。
4. 客户关系：维护良好的客户关系，收集客户反馈，提升客户满意度。
5. 报告与记录：准确填写服务报告、维修记录、配件申请单，并将现场信息及时反馈给公司和研发部门。
6 .质量反馈：识别设备潜在的质量问题或改进点，并向产品部门提供***手市场信息。
7.对充放电产品和环境箱产品相关领域的技术有一定基础；优秀的口头表达能力和沟通技巧，善于独立解决问题；适应经常性出差
任职要求:
 1. 大专以上学历
 2. 极强的动手能力和问题解决能力。
 3.优秀的沟通能力和客户服务意识，耐心、有责任心。
 4.能承受工作压力，适应频繁出差。
 5.持有电工证、C1及以上驾照者优先。",技术支持 培训 技术咨询 客户服务,https://jobs.51job.com/kunshan/170948822.html?s=sou_sou_soulb&t=0_0&req=a2c08b68f0a2b3e3c6f763e684fd3471
售后技术工程师,苏州天星能源,7千-1万,昆山,苏州,中技/中专,2年及以上,2026-07-09 15:52:46,job51,"岗位要求
1、C1驾照，能独立开车出行
2、优先登高证、电工证
3、能接受经常出差售后工作。
岗位职责
1.负责公司销售产品的安装，售后服务，产品支持。
2.负责对项目工程的费用估算及成本控制
3.配合营销部开发新市场
4.客户信息反馈的跟踪处理
5.统计维修成本
6.对客户现场进行判断，对项目整体进行评估
7.对负责的服务项目进行跟踪督办，确保项目如期完成
8.持续提升技术能力与服务能力
9.负责产品的定期例行保养工作",成本控制,https://jobs.51job.com/kunshan/172856649.html?s=sou_sou_soulb&t=0_0&req=a2c08b68f0a2b3e3c6f763e684fd3471
售前售后技术工程师,苏州华特迪尔工业技术,7千-1.2万·13薪,苏州·吴中区,苏州,本科,1年及以上,2026-08-03 18:58:46,job51,"【工作内容】
1、负责化工产品销售前的技术方案制定、产品选型及客户现场技术答疑；
2、主导售后技术支持，处理客户现场设备故障排查、工艺优化及应急抢修；
3、协调内部研发与生产部门，针对客户特殊需求提供定制化解决方案；
4、定期回访重点客户，收集产品使用反馈并输出技术分析报告以提升服务；
5、参与行业展会及技术交流会，协助团队进行新产品推广与技术培训。

【任职要求】
1、化学工程、应用化学或相关专业本科及以上学历，具备扎实的理论基础；
2、熟悉化工工艺流程及设备原理，有1年以上化工行业售前售后技术支持经验；
3、精通Office办公软件及CAD绘图工具，能独立编写专业技术方案与报告；
4、具备良好的抗压能力与沟通技巧，能适应短期出差及现场紧急任务；
5、持有相关职业资格证书者优先，具有强烈的服务意识与团队协作精神。
6. 适应一定频次的出差。",技术方案 技术支持 故障排查 培训,https://jobs.51job.com/suzhou-wzq/173136053.html?s=sou_sou_soulb&t=0_0&req=5e8da379a72ef6fd298778c3fc27c5ae
技术支持工程师（HS0674）,大族激光科技产业集团,5千-1万·13薪,苏州,苏州,大专,2年,2026-06-24 16:36:39,job51,"岗位职责：
1.严格遵守公司的各项规章制度，负责规定区域的售前、售后工作。
2.认真贯彻公司营销管理办法和细则，提升服务水平。赢得客户的尊重。
3.能积极主动的去完成售前、售后工作，对待客户要有礼有节，处理问题要灵活。
4.负责日常配件的销售，应收款项的跟催。
5．对客户提出的要求和建议要及时的响应和反馈。
6.对公司的产品改善、品质提升、售前售后服务提出合理建议。
7.维护好机器设备，负责客户日常培训。巩固与客户的关系。配合业务经理开拓市场。
8.不得损坏公司的利益换取私利，不得擅自卖配件和介绍客户购买非公司原产配件。


任职要求：
教育背景： 本科及以上学历 电子、机电一体化相关专业，（可接受2024年应届本科毕业生）
工作经验： 2年以上设备安装调试维修经验，***是激光及自动化类设备安装调试维修。
知识技能： 具有一定的程序编写基础；熟练运用AUTOCAD或3D绘图软件绘制平面及3D图；具备较强的现场问题处理能力，能够根据现场情况灵活的与客户沟通。
个人素质：工作认真踏实，能吃苦耐劳，上进心强。能承担一定的工作压力。具备较强的身体素质。",培训 客户沟通,https://jobs.51job.com/suzhou/172675666.html?s=sou_sou_soulb&t=0_0&req=5e8da379a72ef6fd298778c3fc27c5ae
技术支持工程师,苏州中来光伏新材,6千-1.2万,常熟,苏州,本科,3年及以上,2026-08-03 15:46:15,job51,"一、岗位职责

1. 产品推广与技术营销（45%，核心工作）：协同销售部、市场部面向客户端及终端客户开展技术交流与产品推广，提供技术数据支持并撰写推广报告；参与行业展会、技术论坛及研讨会，宣传公司产品及技术能力，收集行业动态与市场信息，助力市场拓展与品牌建设。
2. 客户端异常处理与技术培训（30%）：协助处理客户端制程、测试过程中的技术异常问题，收集归纳客户端使用及测试异常，输出异常分析改善报告；按计划为内部销售、客服等人员提供产品技术培训，提升团队技术服务能力。
3. 客户信息分析与协议管理（10%）：负责客户端质量技术协议的核查及内部对应数据收集；收集整理客户端使用材料、测试项目与方法、重点性能要求等技术资料，定期形成分析报告；收集客户端非常规测试方法并反馈内部，协调开展相关测试验证。
4. 竞品分析与需求反馈（10%）：负责市场主流竞争对手产品的收集与对标分析，输出竞品分析报告；收集新材料应用趋势及客户端需求信息，及时反馈给研发部门，为产品迭代和技术升级提供市场输入。
5. EHS 与合规管理（5%）：对本岗位 EHS 负直接责任，接受 EHS 教育和培训，贯彻执行部门 EHS 规定与要求，确保出差及现场技术服务符合安全规范。
二、任职要求

1. 专业：材料科学与工程、高分子材料、新能源、化学工程等理工类专业，或市场营销、国际商务等商科背景且具备技术理解力；
2. 学历与经验：
●本科及以上学历，CET-4 及以上英语水平；
●3 年及以上工作经验，其中 2 年以上光伏、新能源材料或高分子材料行业技术支持 / 应用工程师 / 产品工程师相关经验；
●有胶膜、背板等光伏封装材料行业经验者优先。
三、能力要求

1.熟悉光伏封装材料（EVA/POE 胶膜、背板等）的产品性能、应用场景及测试标准，具备扎实的产品技术功底；
2.具备较强的客户技术沟通能力，能独立完成客户技术交流、产品宣讲及异常问题分析处理；
3.熟练掌握 Office 办公软件，具备良好的报告撰写能力和数据呈现能力；
4.具备竞品分析和市场信息敏感度，能从技术角度识别产品优劣势及市场机会；
5.具备良好的跨部门协作能力，能有效对接销售、市场、研发、质量等团队；
6.能适应经常性出差，具备较强的抗压能力和客户服务意识；
7.英语读写熟练，能阅读英文技术文献和资料，具备基本的英文沟通能力者优先。
四、我们能提供

1. 平台：国内头部光伏新材料企业，产品覆盖国内外主流组件客户，接触行业前沿技术与头部客户，平台视野广阔；
2. 成长：专业 + 管理双通道晋升（技术支持工程师→高级工程师→技术支持主管），可横向发展至销售经理、客服主管、测试工程师、质量工程师等多岗位；定期技术培训与行业交流，持续提升专业能力；
3. 激励：年度绩效奖金、项目奖金、客户拓展激励、差旅补贴；
4. 福利：五险一金、带薪年假、年度体检、员工宿舍、免费午餐、节日福利、定期团建、出差补贴等完善福利体系。",培训 竞品分析 产品迭代 合规 技术支持 跨部门协作 客户服务,https://jobs.51job.com/changshu/173132157.html?s=sou_sou_soulb&t=0_0&req=5e8da379a72ef6fd298778c3fc27c5ae
客户技术支持工程师-锂电,凌云光技术,8千-1.5万·14薪,苏州·吴中区,苏州,大专,5年及以上,2026-07-28 11:43:45,job51,"岗位职责：
1、负责锂电设备的安装、调试、培训、验收；
2、 负责锂电设备的维护以及售后问题处理； 
3、 参与售前部分评估工作，为客户方案的确定提供支撑。
任职要求
1、专科及以上学历，5年及以上工作经验，机械、电气自动化、计算机等相关专业；
2、 具备良好的与人沟通的能力，态度积极，能够吃苦耐劳，能适应长期出差；",培训,https://jobs.51job.com/suzhou-wzq/173064484.html?s=sou_sou_soulb&t=0_0&req=5e8da379a72ef6fd298778c3fc27c5ae
海外技术支持工程师,苏州诺亚智造科技,1-1.5万,苏州·吴中区,苏州,大专,5年及以上,2026-06-30 16:57:47,job51,"岗位职责：
1、负责设备调试、改造、维护、保养；
2、负责设备机械手调试，能独立完成Robot的调试，如点位示教、路径优化、程序优化；
3、负责设备视觉类调试，能独立完成视觉定位软件的调试，如标定、模版、参数优化；
4、负责设备机构类调试，能独立完成机构类零件的调整优化工作，并提出改善建议；
5、负责设备电气类调试，能独立完成传感器、伺服、仪器仪表的调试，简单修改三菱PLC程序；
6、负责设备故障处理，能完成设备故障定位，排查及处理问题，分析现场问题的根因。
岗位要求：
1、专科及以上学历，5年以上工作经验；
2、 能适应境内外出差和加班，可英语交流或有美签者优先考虑；
3、掌握两种主流机器人的调试，熟悉 NACHI、Epson、ABB、汇川优先考虑；
4、熟悉视觉原理与应用，有VisonPro视觉引导定位调试经验者优先；
5、能独立完成电气及机构类零件的安装和调整工作；
6、具备较好的分析和解决问题的能力，能够和客户有效沟通，具有团队精神；
7、具备一定的项目现场管理经验，并根据项目排程合理安排工作，具备目标感和现场把控能力。",NACHI Epson ABB,https://jobs.51job.com/suzhou-wzq/172744254.html?s=sou_sou_soulb&t=0_0&req=5e8da379a72ef6fd298778c3fc27c5ae
组装调试售后技术员,苏州城皖自动化科技,9千-1.5万,苏州·吴中区,苏州,大专,5-10年,2026-07-28 09:32:08,job51,"1，熟练2D3D看图，电气图纸，机械装配、电气装配基本功扎实
2，根据设备功能，工艺流程，机构精调，问题排查分析，修改调试，问题反馈解决方案；线路排查，各类传感器参数设定，触摸屏参数调整，伺服驱动器、变频器参数设定，程序的上传下载，会机器人点位示教/视觉参数调整优先
3，吃苦耐劳，配合加班，服从管理
1. 技术专长：拥有深厚的专业知识基础，能迅速精准地解决技术难题，有效掌握新设备操作与维护，确保为客户提供专业可靠的技术支持与创新解决方案。
2. 沟通协调：展现出色的沟通技巧，能与客户建立稳固的合作桥梁，准确把握并满足客户需求，提供高质量的售后服务，确保技术交流的清晰与高效。
3. 客户导向：坚持以客户满意度为核心，积极响应并解决客户问题，重视收集反馈，持续优化服务流程，致力于提升服务品质与客户体验。
4. 团队协作：具有良好的团队合作精神，能与同事紧密配合，共同完成售后服务任务，通过积极参与和贡献个人专长，助力团队达成目标。
5. 持续学习：具备出色的学习能力，主动追踪***动态，不断充实和更新专业知识，追求个人技能与素养的持续提升，以适应行业发展。",技术支持,https://jobs.51job.com/suzhou-wzq/171273846.html?s=sou_sou_soulb&t=0_0&req=5e8da379a72ef6fd298778c3fc27c5ae
技术支持工程师,有因信息科技（上海）,8千-1.2万,苏州,苏州,本科,2年及以上,2026-07-20 17:10:30,job51,"岗位职责：

1、负责解决商家在使用有因系统时遇到的各类技术问题，提升线上问题解决的效率和质量；

2、从线上问题和商家需求出发，推动产品优化，减少线上问题，提升终端用户的服务体验；

3、负责售后相关的知识库内容维护与更新；

4、负责日常直播间巡检，进行平台合规性维护；

5、负责定期产出服务成功案例；

6、负责企业直播相关的售前方案提供。

任职资格：

1、统招本科及以上学历，计算机相关专业毕业，具备两年以上技术支持、售后、客服等相关岗位经验；

2、熟悉互联网基础知识，熟悉 HTTP/DNS协议流程，精通SQL增删改查、并表多表联查，Wireshark/Charles 抓包等常见技术；

3、有较好的口头表达和文档撰写能力，能把复杂的技术语言解释的通俗易懂，易于操作。同时具备跨团队横向沟通能力，有较强的自驱力和推动力。",SQL 知识库 合规 技术支持 HTTP Wireshark Charles,https://jobs.51job.com/suzhou/172975642.html?s=sou_sou_soulb&t=0_0&req=5e8da379a72ef6fd298778c3fc27c5ae
客户技术支持工程师-膜材,凌云光技术,8千-1.5万·14薪,苏州·吴中区,苏州,大专,5年及以上,2026-07-28 13:03:37,job51,"岗位职责：
1、负责锂电膜材设备的安装、调试、培训、验收；
2、 负责设备的维护以及售后问题处理； 
3、 参与售前部分评估工作，为客户方案的确定提供支撑。
任职要求
1、专科及以上学历，5年及以上工作经验，机械、电气自动化、计算机等相关专业；
2、 具备良好的与人沟通的能力，态度积极，能够吃苦耐劳，能适应长期出差；",培训,https://jobs.51job.com/suzhou-wzq/173065368.html?s=sou_sou_soulb&t=0_0&req=5e8da379a72ef6fd298778c3fc27c5ae
技术支持助理工程师,苏州欧普照明,1-1.5万·14薪,苏州·苏州工业园区,苏州,本科,1-3年,2026-08-06 09:50:14,job51,"工作职责：
1、归集服务端典型技术故障，完成问题归类溯源、跨部门方案协同，依托 AI 工具完成 FAQ 梳理，搭建标准化解决方案知识库。
2、面向一线服务团队开展技术赋能培训，制作产品实操教学视频，优化自学查阅路径，整体提升售后人员自主处置效率。
3、统筹智控类项目交付全流程技术实施，提供远程实时技术支撑，快速响应客户技术咨询，严控项目落地交付品质。
任职要求：
1、具备良好的沟通表达能力，能清晰阐述技术知识点与服务标准内容;
2、有协作意识与责任心，能够主动承担任务并推动事项进展;
3、具备基础项目统筹能力，能独立完成任务排期、资料整理及小范围协调。&amp;
1、具备扎实的电气/电子/自动化类专业基础，能够理解服务产品相关技术知识；
2、熟练掌握Office工具，特别是PPT课件制作和Excel数据整理能力;
3、具备较强的逻辑思维能力，能归纳整理典型问题，辅助搭建标准解决方案;
4、具备初步技术支持与问题判断能力，能参与简单问题的归因分析与方案建议。&amp;
1、本科及以上学历，电气工程、自动化、通信、机械等理工类专业优先；
2、应届毕业生或毕业1-2年内，有实习或项目经历者优先;
3、持有低压电工操作证、擅长视频&amp;动画制作优先，或具备意愿在入职后取得相关证书；
4、对售后服务、标准流程或培训体系建设有浓厚兴趣者优先。&amp;
学习意愿强、实干担当、服务意识强",知识库 培训 技术咨询 技术支持 AI FAQ,https://jobs.51job.com/suzhou-gyyq/173170113.html?s=sou_sou_soulb&t=0_0&req=5e8da379a72ef6fd298778c3fc27c5ae
海外技术支持工程师,苏州伟创电气科技,1.5-2.5万·14薪,苏州·吴中区,苏州,本科,5年及以上,2026-07-24 09:47:26,job51,"职位介绍
工作职责：
1. 项目调试与交付：负责储能变流器（PCS）及系统设备的现场调试、功能测试，确保项目按计划顺利交付。
2. 现场项目管理：统筹协调现场各方资源，监督安装质量，管理项目进度与安全，确保项目现场执行符合规范。
3. 区域运营支持：负责区域内已投运储能项目的日常运行监测、定期巡检及性能优化支持。
4. 售后故障处理：快速响应并处理区域内的售后技术问题与故障，进行远程或现场诊断、维修，确保问题闭环。
5. 服务资源开发：协助建设和维护区域内的服务合作网络，包括供应商、合作伙伴及客户技术培训。

任职要求：
1、具备电气工程、自动化、新能源等相关专业基础知识。
2、熟悉储能系统、变流器或相关电力电子设备的调试与运维。
3、能够读懂电气图纸、接线图及相关技术文档。
4、有储能、光伏、风电等新能源项目现场服务经验者优先。
5、能够使用英语进行沟通。",功能测试 项目管理 合规 培训 技术文档 PCS,https://jobs.51job.com/suzhou-wzq/173026179.html?s=sou_sou_soulb&t=0_0&req=5e8da379a72ef6fd298778c3fc27c5ae
技术支持工程师,麦格纳汽车系统（苏州）,1-1.8万·15薪,昆山,苏州,本科,5年及以上,2026-07-27 19:29:57,job51,"职责描述：
1. Technical support for Plant Quality issue analysis and investigation.
工厂端质量问题技术调查支持。
2. Technical support for OKII issue &amp; Warranty return part analysis &amp; On-site investigation.
客户端发生/售后问题调查支持、现场调查。
3. Build Database, FTA, Problem Solving Knowledge Book.
FTA数据库/问题解决指南。
4. Trouble shooting procedure / Maintenance Handbook / Tools Instruction.
故障诊断/维修指导手册/工具使用。
5. Engineering Know-how transfer.
工程经验/技术知识传递。
6. Technical issue deep analysis and NTF reduction.
技术问题的深度分析和NTF降低活动。
7. Attend the PFMEA review from product design point of view.
从产品设计角度参与PFMEA评审。
8. Provide the technical support in Non-conformities handling, verification, Management.
从产品技术角度支持不合格品处理、验证及管理。
9. Maturity check - End of line test, Quality gate review for key failure mode (focus on design and production).
通过检验数据，重点验证关键失效是否被控制住（设计+制造）。
10. ECN, Change management, E-BOM Release, Design Review based on Failure modes (DRBFM).
变更管理，DRBFM风险检查。
11. Maintain, and optimizing the ENG related procedures in the frame of IATF 16949 system.
工程体系维护。

任职要求：							
1.Master/Bachelor degree in Engineering, Mechanical or equivalent.
工程, 机械类硕士/学士学位。							
2. Proficient in MS Office and 3D CAD tools such as CATIA, UG/NX, Creo, and SolidWorks.
熟练使用 MS Office办公软件、CATIA、UG/NX、Creo、SolidWorks等3D数模软件。
3. Familiar with IATF16949, PPAP, SPC, MSA, APQP, FMEA manuals.
熟悉 IATF 16949、PPAP、SPC、MSA、APQP及FMEA 等汽车行业质量管理工具和手册。
4. Familiar with the VAVE (Value Analysis/Value Engineering) process.	
熟悉 VAVE（价值分析/价值工程）流程。
5.Good experience of benchmark process.
具备丰富的标杆分析（Benchmarking）流程经验。
6. Familiar with DRBFM methodology, experienced in product design change and engineering change management.
熟悉DRBFM方法论、具备产品设计变更及工程变更管理经验。
7. Knowledge and practical experience in Design Review activities.
熟悉 设计评审（Design Review）的方法与实施流程。
8. Good understanding of Assembly ,stamping/SMT, Molding process.
熟悉 组装（Assembly)冲压（Stamping）、SMT（表面贴装技术）及注塑成型（Molding）工艺。
9. Strong engineering mindset and problem-solving capability.
具备较强的工程思维和问题解决能力。
10. Good communication skills, team spirit, respond well under high pressure.
具备良好的沟通能力和团队合作精神，能够在高压环境下有效开展工作。
11. Product Engineering experience preferred.
具备产品工程经验者优先。							
12. English: CET-4							
英语CET-4",Gin Go SPI 产品设计 Plant OKII Warranty On-site,http://campus.51job.com/2022magna/details.html?jobid=173058227
技术支持工程师,艾格鲁管道科技（江苏）,6千-1万,常熟,苏州,本科,3年及以上,2026-08-05 09:46:48,job51,"基本职责：

负责公司产品售前与售后技术服务，对接客户高效解决问题；
独立完成产品宣传、方案类 PPT 设计与制作；
担任技术代表出席国内外行业展会，演示产品、技术答疑、对接客户需求；
负责预制加工产品设计，跟进项目全流程，保障项目落地推进；
完成上级安排的其它技术类业务。

要求：

本科及以上学历，机械工程、高分子材料或其他理工科相关专业；
熟练操作AutoCAD及 3D 制图软件，具备独立绘图设计能力；
英语四级及以上，可熟练进行英文交流、商务沟通；
精通PowerPoint、Excel等办公软件，高效完成文档、数据处理；
熟悉机加工设备、工艺，了解高分子材料特性与应用；
性格开朗，沟通表达能力强，爱钻研、善调研，学习能力突出；
能接受国内外出差，适应展会、项目外勤工作节奏。",产品设计 PPT,https://jobs.51job.com/changshu/172374954.html?s=sou_sou_soulb&t=0_0&req=5e8da379a72ef6fd298778c3fc27c5ae
售后技术管培生（外语必须）,苏州百胜动力机器,7千-1.2万,苏州·虎丘区,苏州,本科,无需经验,2026-06-17 08:21:11,job51,"【工作内容】
- 协助处理客户的技术咨询与问题反馈，提供专业解决方案；
- 参与售后服务流程优化，提升客户满意度；
- 跟进产品使用情况，收集用户反馈并整理分析；
- 配合团队完成项目支持及跨部门协作任务。
【任职要求】
- 本科及以上学历，机械电子等相关专业优先；
- 英语或其他外语能力优秀，能熟练进行书面及口语交流；
- 具备良好的沟通能力和学习能力，适应快速成长环境；
- 愿意海外出差，吃苦耐劳，对海外市场和技术有浓厚兴趣，愿意长期发展。",技术咨询 流程优化 跨部门协作,https://jobs.51job.com/suzhou-hq/171652224.html?s=sou_sou_soulb&t=0_0&req=5e8da379a72ef6fd298778c3fc27c5ae
国际技术支持（英语）,鑫君特（苏州）医疗科技,8千-1.5万,苏州·虎丘区,苏州,本科,1年及以上,2026-07-08 17:04:03,job51,"工作职责：
1.负责手术机器人系统安装、维护、校准、培训、升级及故障排查，远程监控系统状态，响应海外客户的故障与停机问题。
2.提供海外医院的术前规划、术中支持与术后复盘支持。给代理商人员及医院医生提供产品相关培训。
3.协助团队收集产品bug、升级需求，收集海外临床反馈。
4.能够对产品进行简单的维护。
任职要求：
1.本科及以上学历，生物医学工程， 骨科 ，语言类相关专业优先。海外留学或具备海外项目协作经验者更佳。
2.熟悉脊柱/关节解剖学、影像学、手术流程，有过骨科医疗器械/手术机器人公司从业经验者优先，亦可考虑优秀应届生做长期培养。
3.英语水平需达到大学英语六级（CET-6）及以上，或雅思（IELTS）总分 6.0 分及以上。能独立与海外客户、团队开展技术会议、撰写英文技术报告；具备跨文化沟通技巧，善于处理不同区域客户的需求与诉求。能掌握多一门外语更佳。
4.能接受高频出差及异国手术室环境。
5.具有较强的独立工作能力和社交技巧，较好的沟通能力、协调能力和团队合作能力。
6.具有独立分析和解决问题的能力。",培训 故障排查 CET-6 IELTS,https://jobs.51job.com/suzhou-hq/172843270.html?s=sou_sou_soulb&t=0_0&req=5e8da379a72ef6fd298778c3fc27c5ae
海外技术支持,苏州百胜动力机器,7.5千-1.5万,苏州,苏州,本科,1年及以上,2026-06-24 19:17:52,job51,"【工作内容】
- 为海外客户提供产品技术咨询与支持，解决客户在使用过程中遇到的问题；
- 协助客户进行产品安装、调试及故障排查，确保客户正常使用；
- 与内部研发及销售团队协作，反馈客户问题并推动解决方案的实施；
- 撰写技术文档及常见问题解答，提升客户自助服务能力。
【任职要求】
- 本科及以上学历，机械电气类等工科相关专业或英语等外语专业，有海外学习或工作经历者优先，优秀的应届生亦可；
- 英语听说读写能力优秀，能够进行日常的英文沟通；
- 具备良好的沟通能力和客户服务意识，能够独立处理复杂问题；
- 对技术有热情，学习能力强，适应快节奏的工作环境。
- 能适应独立海外出差。",技术咨询 故障排查 技术文档 客户服务,https://jobs.51job.com/suzhou/170520377.html?s=sou_sou_soulb&t=0_0&req=5e8da379a72ef6fd298778c3fc27c5ae
磁悬浮泵技术支持,苏州苏磁智能科技,1-1.5万·13薪,苏州,苏州,大专,2年及以上,2026-07-07 13:32:28,job51,"【工作内容】
1. 现场安装与调试
独立完成磁悬浮泵在客户现场的机械安装、电气接线、磁悬浮泵自检及调试。
设定悬浮启停、转速调节、过载保护等参数，确保泵在设计工况下稳定运行。
2. 故障诊断与维修
接收客户报修需求，快速分析报警代码、历史数据曲线，判断故障根源（如磁轴承失稳、传感器漂移、叶轮卡死、控制器损坏）。
执行现场维修：更换磁悬浮泵组件或调整控制参数，协调整泵返厂维修。
针对高频故障，输出典型故障处理案例，并反馈给研发团队改进产品设计。
3. 预防性维护与巡检
制定并执行年度/季度巡检计划。
根据设备运行时长和介质特性，建议客户更换易损件，出具设备健康评估报告。
4. 客户培训与技术支持
为客户操作人员提供现场或远程培训：涵盖磁悬浮泵工作原理、安全操作规范、日常点检流程、常见报警处理方法。
编写并更新售后文档。
通过电话、微信、远程桌面等方式提供7×24小时紧急技术响应。
5. 备件管理与服务闭环
管理区域备件库，合理预测常用维修件的库存水平。
每次服务完成后录入CRM系统，生成技术服务报告，跟踪客户满意度并推动问题闭环。

【任职要求】
一、基本条件
学历：大专及以上（本科优先），机械电子、自动化、流体机械、测控技术、电气工程等相关专业。
经验：2年以上机电设备售后现场服务经验；有磁悬浮轴承、高速永磁电机、离心泵或压缩机售后经验者优先。
二、专业技能
熟悉流体机械基本知识，能看懂泵的性能曲线（扬程-流量、效率、汽蚀余量）。
掌握电气控制原理：能看懂电气原理图、接线图，熟练使用万用表、绝缘电阻表、示波器；了解Modbus、Profibus等通讯协议者加分。
熟练操作PID调试及数据采集软件。
了解洁净室规范或GMP法规（制药行业）者优先。
三、核心能力
故障诊断能力：能依据报警代码、振动频谱、温度曲线快速锁定故障根因。
动手与应变能力：适应频繁出差（每月约10-15天），能在无尘车间（穿洁净服）或防爆区域独立作业。
沟通与文档能力：能用通俗语言向客户解释技术问题；能独立撰写专业、规范的售后服务报告。
英语能力：能阅读英文技术手册，可简单口语交流者优先。
四、加分项
有C1驾驶证。
有半导体厂务、生物制药发酵车间、超纯水系统现场服务经验。
熟悉主流磁悬浮泵品牌（如Levitronix、Pfeiffer、KNF）的维修流程。",Modbus 产品设计 培训 技术支持 数据采集 Pfeiffer KNF,https://jobs.51job.com/suzhou/172821401.html?s=sou_sou_soulb&t=0_0&req=5e8da379a72ef6fd298778c3fc27c5ae
技术支持工程师（现场应用）,苏州元本科技咨询,8千-1.6万,苏州·苏州工业园区,苏州,本科,3年及以上,2026-08-07 10:12:11,job51,"请先看任职要求，急招！金属表面处理技术支持
【工作内容】
-熟练掌握公司技术/产品应用性能，当出现不良问题时，分析原因及采取的对策；
-协助客户解决产品在实际应用中的技术问题，提供专业支持与解决方案;
-其他领导安排的事项。
【任职要求】
-3年以上电镀、磷化、镁铝钝化、铜不锈钢钝化、工业清洗等相关研发应用销售经验;
-化学或材料相关专业本科及以上学历;
-具备良好的沟通能力与客户服务意识;
-拥有较强的问题分析与解决能力，能够独立处理技术难题。
【优先条件】
1.有现场使用过如磷化液、钝化液、硅烷处理剂、除锈剂等经验者优先；
2.具备工业诊断或技术咨询项目经验者优先。
【工作时间】
早9晚6，午休1小时，周末双休，法定节假日正常休息。
【薪资福利】
1.三个月试用期（试用期薪资不打折）；
2.入职即缴纳五险一金；
3.定期团建及节日福利。",技术支持 客户服务 技术咨询,https://jobs.51job.com/suzhou-gyyq/172870711.html?s=sou_sou_soulb&t=0_0&req=5e8da379a72ef6fd298778c3fc27c5ae
IT技术支持,深圳市微恒信科技,8千-1.3万,苏州·姑苏区,苏州,大专,1年及以上,2026-08-09 18:19:32,job51,"【工作内容】
1、负责办公网络、终端设备及软硬件故障的排查与修复，保障日常业务系统稳定运行；
2、响应并处理员工提出的 IT 服务请求，提供远程或现场技术支持，确保问题高效闭环；
3、负责公司服务器、打印机及会议设备的定期巡检与维护，优化系统性能与安全策略；
4、协助搭建新员工入职环境，管理账号权限，配合完成数据备份及信息安全合规工作；
5、编写常见问题操作手册，开展内部 IT 培训，提升全员数字化办公技能与安全意识。

【任职要求】
1、计算机、通信工程或相关专业大专及以上学历，具备扎实的计算机网络基础理论；
2、熟悉 Windows/Linux 操作系统及主流办公软件，掌握常见硬件设备维护与调试技能；
3、拥有 1 年以上企业 IT 运维经验，具备独立解决网络故障及系统部署问题的能力；
4、具备良好的服务意识与沟通协调能力，工作严谨细致，能适应突发状况下的应急处理；
5、持有相关技术认证者优先，认同公司文化，具有强烈的责任心和团队协作精神。",Linux 技术支持 安全合规 培训 IT Windows,https://jobs.51job.com/suzhou-gsq/173202424.html?s=sou_sou_soulb&t=0_0&req=5e8da379a72ef6fd298778c3fc27c5ae
生物技术支持工程师,苏州博特龙免疫技术,7-8千,苏州·相城区,苏州,硕士,无需经验,2026-06-25 12:53:40,job51,"一、岗位职责：
1. 负责产品的售后技术支持及服务；
2. 负责产品的实验测试、质控方案以及相关认证；
3. 负责公司技术资料的编撰、宣传软文发布；
4. 开展产品技术类培训讲座，为客户提供技术指导；
5. 负责市场产品技术信息的搜集分析，协助市场推广活动；
6. 上级领导安排的其他工作。

二、任职要求：
1. 生物学相关专业，硕士研究生学历；
2. 有生物技术支持、市场推广经验者优先；
3. 熟悉抗体制备、蛋白纯化、WB、ELISA、IHC、病毒包装等实验操作，熟悉常见的分子生物学和蛋白实验手段，包括分子克隆、载体构建、原核或真核表达体系建立、产物表达纯化、活性检测等；
4. 良好的沟通表达能力、学习能力、抗压能力及服务意识、团队合作精神。",技术支持 培训 市场推广 WB ELISA IHC,https://jobs.51job.com/suzhou-xcq/172686039.html?s=sou_sou_soulb&t=0_0&req=5e8da379a72ef6fd298778c3fc27c5ae
技术支持工程师,苏州华特迪尔工业技术,7千-1.2万·13薪,苏州·吴中区,苏州,本科,1-4年,2026-08-03 18:56:13,job51,"岗位职责：
1.客户现场技术支持与排障：根据业务需求高频出差，赴客户生产一线处理粘合剂应用过程中的工艺异常（如脱胶、粘接失效、润湿不良等），通过现场排查快速定位问题根源，并指导客户完成参数调整与工艺优化，确保产线恢复正常运行。
2.产品匹配性现场验证：在新客户导入或基材变更时，赴客户现场进行粘合剂与包装基材的上机匹配测试，根据实际生产环境数据提供适配建议与量产方案。
3.试样项目内外协同：对接销售跟进客户试样需求，统筹内部实验室匹配性测试进度，整合测试数据与现场观察结果，向客户输出专业的技术结论及应用指导报告。
4.技术赋能与信息反馈：利用出差机会对客户操作人员进行现场操作规范培训；收集竞品信息及客户潜在需求，定期反馈至内部研发与销售团队。
5.实验室协同支持：配合完成客户送检样品的特殊制样与检测，参与检测标准的优化验证，协助实验室日常运维及5S管理。

任职要求：
1.专业背景：本科及以上学历，化工、材料、高分子、包装工程等相关专业。
2.工作履历：拥有1-4年胶粘剂、涂料、油墨或包装行业技术支持/研发测试经验，有客户现场排障经历者优先。
3.个人特质：能接受高频次出差（预计每月12-18天），吃苦耐劳，适应车间现场作业环境；具备优秀的现场应变能力、沟通协调能力及抗压能力。
4.基础技能：熟练操作常规实验室检测设备，精通Office办公软件（尤其擅长撰写技术报告及数据分析），熟悉金蝶系统者优先。",技术支持 培训 数据分析,https://jobs.51job.com/suzhou-wzq/173136037.html?s=sou_sou_soulb&t=0_0&req=72f8ebd9f845fa671b1f9a32854c8990
海外技术支持主管,苏州咖乐美咖啡机科技,1.8-2.5万,苏州·相城区,苏州,本科,5年及以上,2026-06-24 11:19:03,job51,"岗位职责:
 一、海外售后体系搭建
1. 负责海外家用咖啡机售后服务体系搭建，包括保修政策、维修流程、RMA流程、DOA判定、换修标准及服务响应机制等；
2. 根据不同海外市场特点，制定本地化售后服务方案，包括服务商配置、维修点布局、备件支持及服务响应标准；
3. 建立海外售后服务标准文件和问题升级机制，推动海外售后流程标准化、可复制化、可落地化。
 二、海外服务商与备件管理
1. 负责海外第三方维修服务商的开发、评估、筛选及日常管理，建立服务商准入标准、服务标准及考核机制；
2. 对接海外服务商，推动其维修能力建设、服务质量提升及总部售后服务标准落地执行；
3. 负责海外备件体系建设，包括备件配置建议、备件需求预测、备件申请流程及备件使用跟踪。
 三、维修技术资料与售后培训
1. 负责建立咖啡机核心机型售后技术资料，包括故障排查手册、维修手册、备件清单、爆炸图、维修视频、FAQ及培训课件等；
2. 梳理海外常见故障类型及处理方案，形成标准化故障诊断、维修处理及问题判定流程；
3. 负责对海外经销商、代理商、服务商及内部业务团队开展产品技术、使用维护、故障排查及维修培训。
四、海外技术支持与质量闭环
1. 负责海外客户、经销商及服务商反馈的售后技术问题处理，包括远程诊断、技术答疑及必要的现场支持；
2. 支持海外重点客户、样机测试、首批订单、展会及新品导入过程中的技术服务需求；
3. 收集海外市场产品使用反馈和故障数据，协同研发、品质、产品、供应链及海外业务团队推动重大售后问题、批量故障及产品质量问题闭环改善。

任职资格:
1. 本科及以上学历，机械、电子、电气、自动化、机电一体化等理工科专业优先；
2. 5年以上技术支持、售后技术、维修服务、服务商管理或售后体系搭建相关经验；
3. 有咖啡机、小家电、厨房电器、清洁电器、商用设备或智能硬件行业经验优先；
4.熟悉产品售后维修流程、故障诊断、备件管理、服务商管理及售后培训工作；
5. 具备较强的动手能力和技术判断能力，能够理解产品机械结构、电气结构及常见故障逻辑；
6. 具备较强的流程搭建和文档输出能力，能够编写维修手册、培训资料、故障排查表及服务流程文件；
7. 具备良好的跨部门沟通能力，能够推动研发、品质、产品、供应链、海外业务等部门协同解决问题；
8. 英语具备基本工作沟通能力，能够进行英文邮件沟通、技术资料阅读及基础培训，英语口语良好者优先；
9. 有海外售后、海外经销商技术支持、海外服务商管理经验者优先；
10. 具备良好的客户服务意识、问题解决能力和责任心，能接受国内及海外出差。",培训 故障排查 技术支持 供应链 客户服务,https://jobs.51job.com/suzhou-xcq/172667550.html?s=sou_sou_soulb&t=0_0&req=72f8ebd9f845fa671b1f9a32854c8990
技术支持工程师,江苏西励科技,6-7千,苏州·高新区,苏州,大专,1年及以上,2026-07-14 20:54:47,job51,"岗位职责：
1、对用户人员进行设备的操作、维护培训。
2、如有需要，为客户提供驻厂试运行或陪产服务。
3、配合客户进行设备的验收。
4、负责处理简单的售后，客观的反馈设备问题，及时触发售后支持。

任职要求：
1、大专或本科学历，1年以上工作经历，工科专业优先。
2、 具备一定的表达能力，逻辑清晰。
3、性格随和，良好的沟通能力。
4、具备学习能力和意愿，通过培训，可熟悉掌握设备的相关知识。
5、熟练使用办公软件，可通过协作，独立编制培训计划，客观记录问题清单。
6、具备跨部门协作能力。",培训 跨部门协作,https://jobs.51job.com/suzhou-gxq/172543000.html?s=sou_sou_soulb&t=0_0&req=72f8ebd9f845fa671b1f9a32854c8990
机械工程师（氩弧焊设备/后桥组装）,思灵智能机器人科技（昆山）,1.5-2.8万,昆山,苏州,大专,5年及以上,2026-08-07 17:38:27,job51,"岗位职责：
1、参与项目启动会并收集和机械设计相关的客户项目信息；
2、完成的新项目的方案及布局PPT,完成报价新项目的物料明细；
3、完成已定点项目3D设计，并参与内部设计评审和客户端设计评审；
4、完成标准件清单，3D拆图，加工件清单,负责物料清单的请购及图纸下发制作；
5、完成设备组装装配图，布局图，气路图等技术文件的制作；
6、配合项目和装配完成机械设计相关的任务；
7、配合售后完成对应项目的必要技术支持；
8、领导安排的其他事项。

任职要求：
1、专科以上学历，机械类相关专业毕业；
2、5年以上机械设备设计工作经验，熟悉设备设计制作流程；
3、必须有氩弧焊设备/后桥组装项目设计经验
4、熟悉常用的办公软件和3D绘图软件等；
5、熟悉常用的材料，标准件选型等；
6、要求有团队合作工作意识，有责任心及执行力，能够积极参与公司的各项培训；",技术支持 培训,https://jobs.51job.com/kunshan/173195933.html?s=sou_sou_soulb&t=0_0&req=72f8ebd9f845fa671b1f9a32854c8990
技术支持工程师,斯德宝泵阀（苏州）,9千-1.3万,苏州·吴中区,苏州,本科,3年及以上,2026-06-11 13:47:55,job51,"工作职责：
1.	根据客户现场工况，为客户提供产品选型；
2.	售后处理，包括指导现场工作人员处理故障，现场维修调试，复杂问题组织相关部门分析解决；
3.	为客户提供安装、维护等培训。
Job Responsibilities:
1. Based on the on-site conditions of the customers, provide product selection for them.
2. After-sales handling, including guiding on-site staff to troubleshoot faults, conducting on-site maintenance and debugging, and organizing relevant departments to analyze and solve complex problems.
3. Provide installation and maintenance training for customers. 
任职要求：
1.	统招本科学历及以上，机械等相关专业；
2.	3年及以上技术支持或售后工作经验，熟悉泵阀类产品者优先；
3.	有较好的分析、沟通能力。
Job Requirements:
1. Bachelor's degree or above, major in mechanical or related fields.
2. At least 3 years of experience in technical support or after-sales service, those familiar with pump and valve products are preferred.
3. Possess good analytical and communication skills.",DiT Gin GAN Go 培训 技术支持,https://jobs.51job.com/suzhou-wzq/169735929.html?s=sou_sou_soulb&t=0_0&req=72f8ebd9f845fa671b1f9a32854c8990
技术支持工程师,苏州菲镭泰克激光技术,5千-1万,张家港,苏州,大专,无需经验,2026-06-16 08:43:19,job51,"岗位职责：
1、负责激光工艺测试/开发，编写工艺报告
2、分析、解决客户使用中的软硬件问题，给予解决方案
3、设备维护、维修
任职要求：
1、机械、电子相关专业
2、能使用常见绘图软件，如CAD、SW、Creo等。
3、电气装配有一定了解，熟悉接触器、继电器、光电开关等的原理及使用
4、了解激光行业，有一定激光设备组装、调试、售后经验。
5、善于沟通，自主能力强，工作认真，责任心强。
6、有较强的逻辑思维能力，需要能够独立判断设备使用的问题",SW,https://jobs.51job.com/zhangjiagang/172566975.html?s=sou_sou_soulb&t=0_0&req=72f8ebd9f845fa671b1f9a32854c8990
技术支持工程师,易福门电子（上海）,11-22万/年,苏州·苏州工业园区,苏州,本科,3年及以上,2026-07-15 14:13:38,job51,"1. 负责公司的智能传感器，控制系统，工业总线产品的技术支持工作。
 2. 配合客户进行产品选型，提供系统解决方案，PLC编程调试，IIoT系统及工业总线通讯技术指导，产品售后服务。
 3. 参与公司的产品推广活动，为客户提供产品的技术培训。
 4. 编写技术文档，翻译产品资料，整理产品的应用报告，解答客户产品应用中的技术类问题。
 
任职要求： 
1.个性要求：
 开朗自信，思维敏捷，乐于进取，热爱实践，有钻研精神。 
2.知识要求： 
1）学历要求：全日制本科及以上学历，3年以上工控产品的技术支持经验，且致力于在工控自动化领域深耕。
2）专业要求：电气控制，测控仪器等相关自动控制专业。具备英语技术资料阅读能力。
3）具备以下能力一项优先：软件编程（PLC，SCADA，或高级语言开发），熟悉多种工业通讯协议（IoT，OPC，Modbus，TCP/IP等），工业设备电气控制设计，工厂自动化生产线调试。
4）条理清晰，动手能力强，有团队精神，有责任感，能自我激励和时间/任务管理的能力。",Modbus TCP/IP 技术支持 培训 技术文档 PLC SCADA IoT,https://jobs.51job.com/suzhou-gyyq/161965421.html?s=sou_sou_soulb&t=0_0&req=72f8ebd9f845fa671b1f9a32854c8990
桌面运维工程师,广州深晓科技,8千-1.2万,苏州·苏州工业园区,苏州,大专,1年及以上,2026-08-09 17:48:44,job51,"【工作内容】
1、负责公司桌面终端（PC、笔记本）的日常安装、配置、调试及故障排查，确保设备稳定运行；
2、维护办公网络环境，处理局域网连接、打印机共享及视频会议系统等技术问题；
3、响应并解决员工提出的软硬件报修需求，提供高效的技术支持服务与操作指导；
4、负责办公软件的安装部署、病毒查杀及系统补丁更新，保障信息安全与合规性；
5、管理公司资产台账，配合完成IT设备的采购验收、入库登记及报废处置工作。

【任职要求】
1、大专及以上学历，计算机、电子信息或相关专业背景，具备扎实的网络与硬件基础；
2、熟悉Windows/Mac操作系统及Office等常用办公软件，掌握常见外设驱动安装与维护；
3、了解TCP/IP协议及局域网基本架构，具备独立排查网络连通性及IP冲突问题的能力；
4、拥有1年以上桌面运维或技术支持经验，持有相关技术认证者优先考虑；
5、具备良好的服务意识与沟通协调能力，工作细致耐心，能适应突发故障的紧急处理。",TCP/IP 故障排查 技术支持 合规 采购 PC,https://jobs.51job.com/suzhou-gyyq/173202334.html?s=sou_sou_soulb&t=0_0&req=72f8ebd9f845fa671b1f9a32854c8990
技术支持工程师,广州千野商务服务,1.3-2万·14薪,苏州·苏州工业园区,苏州,本科,3年及以上,2026-07-14 20:46:02,job51,"任职资格（Job Qualifications）：
1，学历学位 (Education Background)：本科及以上学历，或具备同等学历 
2，专业 (Professionals)：化学、仪表自动化或者相关专业 
3，经验/履历 (Working Experience) ：
3年或以上分析仪、流量、温度压力仪表工作经验，色谱分析仪优先，可独立处理大部分工作场景并为他人提供专业建议；具备团队工作协调的基础管理经验 
4，专业技能 (Professional Skills)：
可独立开展工作且能提供技术指导，熟练掌握客户关系深化、服务沟通技巧、客户异议处理、数字化客户沟通、服务转化销售等能力；
能独立制定工作计划、培养客户忠诚度、推进客户导向工作，做好合规管理、计算机操作、IT 测试、政策法规解读、技术支持服务、报告编制审核及技术问题排查。
5，其他如语言计算机能力等(Others such as Language/Computer Skills)

岗位职责描述（Mission and Objectives and Specific Duties of the Position) 
1，接收处理客户产品咨询及投诉，凭借专业技术知识为客户提供全流程技术支持，维护核心客户与销售团队的合作关系，搭建企业与客户的核心沟通桥梁，可对接多品类产品市场业务。 
2，汇总梳理客户高频问题，制定并优化应对策略，针对复杂技术难题完成故障定位与快速解决
3，参与跨团队资源保障交付；为客户沟通设定明确目标，梳理客户核心需求并专业解答，主导核心客户定期回访，确保客户充分发挥产品 / 服务价值。 
4，在服务对接中挖掘销售机会，推介公司其他产品 / 服务；持续参与培训与能力评估，考取专业资质，通过多渠道学习掌握行业技术、监管要求及***实践 
5，可接受全国出差",客户沟通 合规 技术支持 培训 Qualifications Education Background Professionals,https://jobs.51job.com/suzhou-gyyq/171840627.html?s=sou_sou_soulb&t=0_0&req=72f8ebd9f845fa671b1f9a32854c8990
售后工程师,苏州弘瀚自动化科技,7千-1.2万,苏州·高新区,苏州,大专,3年及以上,2026-06-25 10:37:27,job51,"友情提示：公司直招

技能要求：
安装调试，故障处理，售后维修，硬件设备安装维修；懂电
岗位职责：
1、配合技术部的开发人员对新开发设备进行组装和调试；
2、对使用中的设备现场故障进行分析和排除；协助设备开发及客户现场调试，培训，故障处理；
3、对客户进行设备的使用培训和技术指导工作；及时反馈设备问题及客户意见，并做好问题点的跟踪及解决；
4、负责相关服务技术文档的编写和管理；设备数据问题汇总，报告以及维护，保养；
5.公司安排的其他工作事项；
6.可适应国内外出差。
任职要求：
1、电气/自动化等相关专业
2、三年以上非标自动化设备调试经验；
3、具备团队协作能力，处事认真负责，善于沟通；
4、了解PLC，具有电气及机械设计经验者优先；",培训 技术文档,https://jobs.51job.com/suzhou-gxq/171695952.html?s=sou_sou_soulb&t=0_0&req=72f8ebd9f845fa671b1f9a32854c8990
售后工程师,苏州天弘激光,7千-1.4万,苏州,苏州,大专,3年及以上,2026-08-06 08:28:39,job51,"【工作内容】
- 负责设备的装配、调试、维修及售后服务工作；
- 处理客户现场问题，提供技术支持与解决方案；
- 协助完成设备的安装与验收，确保项目顺利推进；
- 持续优化设备性能，提升客户满意度。
【任职要求】
- 大专及以上学历，机电、自动化、汽车等相关专业优先；
- 熟悉电气装配流程，具备一定的售后工作经验；
- 有设备类装配、调试或维修相关经验者优先；
- 具备较强的学习能力，能适应经常性出差；
- 沟通协调能力强，具备良好的应变能力和团队合作精神。
-接受较长时间的出差",技术支持,https://jobs.51job.com/suzhou/171504710.html?s=sou_sou_soulb&t=0_0&req=72f8ebd9f845fa671b1f9a32854c8990
售后服务工程师(J10275),儒拉玛特自动化技术（苏州）,8千-1.2万,苏州·苏州工业园区,苏州,大专,6年及以上,2026-07-21 14:13:13,job51,"工作职责:
岗位概况
本岗位为海 外的现场技术服务岗，主要面向北美大客户提供售后支持。工程师需具备独立处理现场问题的能力，负责机械设备的安装调试与故障排除，精通机械装配调试，且能独立完成弱电的接线。保障产线稳定运行，推动项目验收，提升客户满意度。
核心职责
1. 现场技术实施：负责现场机械设备的安装、调试及问题排查，保障产线稳定运行，推进设备验收进程。
2. 项目协调管理：必要时兼任现场项目经理，制定短期现场工作计划，组织协调现场人员及国内团队协同作业。
3. 客户沟通对接：作为现场主要对接人，负责与客户进行日常技术及事务沟通，定期参与客户周会，跟进问题闭环。
4. 内部信息同步：及时向国内团队反馈现场进度、技术问题及改进建议，促进内部协作。
5. 需求挖掘（辅助）：在与客户日常接触中，了解客户实际诉求，协助发现潜在的业务机会。
任职资格:
基本条件
• 学历专业：大专或本科学历，机械、电气、自动化相关专业。
• 工作经验：6年及以上生产装配或售后服务相关工作经验，具有汽车行业自动化设备或相关领域经验。注：具备独立在海 外开展工作的经验者优先。
• 专业技能：熟悉机械装配调试全流程，能独立分析现场问题根源并提出解决方案；理解产品工艺要求，具备从单机到整线视角的分析能力。
• 语言能力：英语听说读写流利，能独立使用英语完成技术对接、需求确认及问题反馈等全场景沟通。
• 综合素质：责任心强，积极主动，具备良好的团队协作意识与问题解决能力，能适应长期驻场工作。
其他技能（加分项）
• 熟练使用Outlook邮件系统，掌握基础的Excel与PPT操作。
• 会使用博图（TIA Portal）及同类软件、远程调试软件等工具。
备注：能力突出者，上述工作经验要求可适当放宽。",客户沟通 TIA Portal,https://jobs.51job.com/suzhou-gyyq/172985829.html?s=sou_sou_soulb&t=0_0&req=72f8ebd9f845fa671b1f9a32854c8990
售后工程师,苏州精创光学仪器,7千-1.2万,昆山,苏州,大专,2年及以上,2026-08-03 09:52:16,job51,"岗位要求：
1.大专及以上学历，机械、电气自动化相关专业，应届毕业生亦可；
2.可以配合公司要求长期或不定期出差；（长期出差地点于江浙沪，湖南、深圳等地）责任制；
3.服从公司规章制度、踏实努力上进。

岗位职责：
1.客户产品安装调试：负责办事处内公司产品的安装、调试、改装及培训工作，并做好相应记录；
2.维修服务：每日依据客户及市场部需求，进行产品的维修服务及公司产品技术升级；
3.台账记录：每日进行维修记录、出差记录等台账登记，重大或反复出现之问题及时提出并协助解决；
4.培训：定期参与办事处组织的培训及公司总部复训，以提升工作技能；
5.信息收集：收集及掌握客户相关信息，并报告至办事处负责人，统一汇总至公司；
6.产品推介：适时向客户推介公司产品，并将相关信息反馈至办事处负责人，统一汇总至业务部；
7.样机测试：不定期协助研发部门进行新产品样机安装及调试；
8.协助生产组装部、品保部进行产品组装、调试及出货；
9.领导安排的其他工作事项。

福利待遇：
1.公司位于昆山周市，办公环境整洁优美，
2.公司每月补给员工用餐津贴、住房津贴（住宿人员除外）及话费津贴等相关津贴
3.薪酬除外，公司额外增加关爱礼金（如结婚礼金、生育礼金、生日礼金、慰问礼金等）相关福利金
4..公司不定期的组织员工聚餐、旅游拓展等团队活动，营造轻松、和谐的企业文化；",培训,https://jobs.51job.com/kunshan/173124248.html?s=sou_sou_soulb&t=0_0&req=72f8ebd9f845fa671b1f9a32854c8990
售后工程师,苏州嘉诺创新科技,1-1.2万,苏州·吴江区,苏州,本科,5年及以上,2026-08-04 18:05:30,job51,"岗位职责：
1、绞肉斩拌乳化/转鼓涂层成型/冻干烘焙冷冻/剔骨 / 切割自动化混合设备现场安装调试；
2、客户工艺培训、故障处理，出差国内 + 海外项目。
任职要求：
1、2‑3 年食品肉类设备售后；
2、看得懂电气图纸；
3、能够长期出差。。",培训,https://jobs.51job.com/suzhou-wjq/173150459.html?s=sou_sou_soulb&t=0_0&req=72f8ebd9f845fa671b1f9a32854c8990
售后工程师,江苏京创先进电子科技,7千-1.2万,苏州·相城区,苏州,大专,3年及以上,2026-07-29 10:25:08,job51,"工作职责
1、配合好技术支持经理，负责项目的技术支持；
2、负责解答客户关于产品技术性能方面的问题，并提供客户解决方案； 
3、对客户端设备产品进行安装，使用，维护等技术。

任职资格：
1、大专以上学历，机械工程或机电一体化相关工科专业；
2、能看懂电气原理图，对数控系统、气压液压原理、机械传动结构等有一定的了解；
3、熟练掌握Jig saw或tape saw等磨划设备；
4、具备良好的沟通能力、有亲和力；
5、适应长期出差，能独立处理领导安排的工作。
6、该岗位目前base苏州，后期基本以江浙沪为主，五险一金可在苏州缴纳。",技术支持,https://jobs.51job.com/suzhou-xcq/171561841.html?s=sou_sou_soulb&t=0_0&req=72f8ebd9f845fa671b1f9a32854c8990
售后工程师,昆山华致精密模具,1-1.5万,昆山,苏州,大专,2年及以上,2026-07-20 15:36:01,job51,"【工作内容】
1、负责机械设备现场的安装调试、故障排查及维修维护，确保设备正常运行；
2、响应客户售后报修需求，提供远程技术支持或赴现场解决突发技术问题；
3、定期巡检客户设备运行状态，建立并完善设备档案，输出专业维保报告；
4、收集一线技术反馈，协助研发部门优化产品性能，提升售后服务质量；
5、配合销售团队进行客户技术交流，解答产品使用疑问，促进二次合作。

【任职要求】
1、机械自动化、机电一体化等相关专业大专及以上学历，具备扎实理论基础，熟悉铸件的优先考虑；
2、熟悉液压、气动系统及电气控制原理，持有电工证者优先考虑；
3、拥有2年以上重工行业设备安装调试经验，能独立处理常见机械故障；
4、具备良好的沟通协调能力与抗压能力，适应长期出差及弹性工作安排；
5、责任心强，服务意识佳，有团队协作精神，乐于接受专业技术培训。",故障排查 技术支持 培训,https://jobs.51job.com/kunshan/172972945.html?s=sou_sou_soulb&t=0_0&req=72f8ebd9f845fa671b1f9a32854c8990
售后工程师,昆山宙崴机电科技,7-8千,昆山,苏州,本科,2年及以上,2026-06-15 11:06:04,job51,"【工作内容】
1、负责公司销售机械设备及贸易产品的售后安装指导、调试运行及故障排查；
2、响应客户报修需求，快速抵达现场解决设备技术难题，确保业务连续稳定；
3、定期巡检重点客户设备状态，建立维护档案并输出专业检测报告与优化建议；
4、收集一线技术反馈，协同研发部门改进产品缺陷，提升设备整体可靠性；

【任职要求】
1、机械自动化、电气工程或相关专业本科及以上学历，具备扎实理论基础；
2、熟悉机床，电力相关系统原理，持有电工证者优先考虑；
3、拥有2年以上重工或机械设备售后经验，能适应出差及海外驻场；优秀的应届毕业生可培养；
4、具备优秀的现场问题分析能力，英语读写能力优秀者可接涉外服务单的加分；
5、责任心强，服务意识佳，具备良好的抗压能力及跨部门沟通协作技巧。

［工资待遇］
1、入职交社保，三个月试用期结束，考核通过缴纳公积金
2、双休，加班有加班费，节假日有相应的假日补助，出差有餐补，有补充医疗保险
3、年底根据本年度表现，决定年终奖发放，多劳多得",故障排查,https://jobs.51job.com/kunshan/172553047.html?s=sou_sou_soulb&t=0_0&req=72f8ebd9f845fa671b1f9a32854c8990
售后工程师,江苏京创先进电子科技,7千-1.2万,,苏州,大专,3年及以上,2026-07-29 10:25:00,job51,"工作职责
1、配合好技术支持经理，负责项目的技术支持；
2、负责解答客户关于产品技术性能方面的问题，并提供客户解决方案； 
3、对客户端设备产品进行安装，使用，维护等技术。

任职资格：
1、大专以上学历，机械工程或机电一体化相关工科专业；
2、能看懂电气原理图，对数控系统、气压液压原理、机械传动结构等有一定的了解；
3、熟练掌握Jig saw或tape saw等磨划设备；
4、具备良好的沟通能力、有亲和力；
5、适应长期出差，能独立处理领导安排的工作。",技术支持,https://jobs.51job.com/all/171561903.html?s=sou_sou_soulb&t=0_0&req=72f8ebd9f845fa671b1f9a32854c8990
售后技术工程师,金富宝电路板器材（昆山）,8千-1.2万·15薪,昆山,昆山,大专,3年及以上,2026-06-30 15:00:00,job51,"Responsibilities:
- installation of equipment in customers PCB factories 
- onsite services such as maintenance, process tracking, troubleshooting and repair works 
- supporting customers in East and South China 
- short-term business trips in China and internationally 

Requirements:
- College degree or above. 
- Major in mechanical or electronics or engineering. 
- Service experience on machinery in the PCB industry. 
- Reading and writing of simple English language emails.
- Service Engineer in the PCB industry or related experience in the precision machinery industry, ideally for PCB drilling machines of HANS, TA LIANG, VEGA, MITSUBISHI, VIA MECH, Vela, Tongtai, POSALUX, SCHMOLL.

We will offer you:
-Additional allowance if support internationally
-Nice apartment and will cover traffic cost

职责:
-在客户PCB工厂安装钻孔设备
-现场服务，如维护，工艺跟踪，故障排除和维修工作
-支持华东和华南地区的客户
-国内及国际短期出差

要求:
-大专及以上学历。
-机械、电子或工程专业。
-有PCB行业机械维修经验。
-能读写简单的英文邮件。
- PCB行业服务工程师或精密机械行业相关经验，有大族，大量，维嘉，三菱，维亚，达航维拉，东台，瑞士POSALUX，德国SCHMOLL等线路板钻孔机厂商从业经验者优先

我们将为您提供：
-国际支持的额外津贴
-不错的公寓，并将支付交通费用",IPS Electron Gin DiT Responsibilities PCB East South,https://jobs.51job.com/kunshan/161090599.html?s=sou_sou_soulb&t=0_0&req=ca99022ab2e4e930b4bdc50ccf3d8107
售后服务工程师及技术支持（热泵）,博拓（苏州）新能源技术,6-8千,昆山,昆山,大专,2年及以上,2026-06-24 17:37:01,job51,"设备维护与维修：执行热泵机组现场调试及故障诊断，处理电气控制系统、管道焊接等核心部件问题
工程支持：完成项目安装验收，提供设备运行数据监测及系统优化建议
客户服务：响应客户报修，排查故障，最快速度报修解决；同时可以通过视频指导或远程诊断解决常见技术问题
技术支持：工厂内相关技术支持
任职要求：
资质证书：电工证优先
焊工证：铜焊资质优先
经验要求：2年以上热泵/空调设备维修经验，熟悉热泵机组运行原理
特殊技能：C1驾照且实际驾龄≥1年优先",客户服务 技术支持,https://jobs.51job.com/kunshan/161886780.html?s=sou_sou_soulb&t=0_0&req=ca99022ab2e4e930b4bdc50ccf3d8107
热泵服务技术支持工程师,博拓（苏州）新能源技术,6-9千,昆山,昆山,本科,无需经验,2026-06-24 17:36:42,job51,"工作内容：
1.承担热泵，新风机等公司产品的安装服务相关的技术支持工作，并配合优化服务流程及技术标准并跟进流程和标准的推广和落实。
2.为经销商和客户提供技术支持。针对经销商解决不了的问题，判断问题所在并协助给出解决方案。
3.通过物联网，定期巡检已有产品，提醒维保人员配合处理，并做好相关记录。
4.负责公司常规产品的调试与验收。（短期出差，一周以内）
5.收集，记录，跟踪，反馈调试与售后过程中遇到的问题，整理记录并提供给相关部门。
6.配合前期售后仓库的建设。
7.领导安排的其他工作。

任职要求：
1.本科及以上学历，建筑环境类、自动化，制冷设备等相关专业。
2.有一年及以上辐射空调，空气源，水地源热泵，除湿新风机，或其他制冷设备等工作经验***。
3.能够适应故障高发期的频繁短期出差。
4.吃苦耐劳，有责任心，具有良好的沟通协调能力、团队合作精神和客户服务意识。
5.可接受优秀毕业生。",技术支持 客户服务,https://jobs.51job.com/kunshan/162876047.html?s=sou_sou_soulb&t=0_0&req=ca99022ab2e4e930b4bdc50ccf3d8107
技术支持科主管,江苏拓米洛高端装备,8千-1.5万,昆山,昆山,大专,5年及以上,2026-07-07 20:17:06,job51,"岗位职责：
1、制定团队技术培训标准及内容，提供技术培训。
2、制定售后技术规范和标准。
3、跨部门协作，与技术、销售、生产等部门协作，确保厂外售后问题推进。
4、对服务中产品质量数据分析汇总。

任职要求：
1、大专以上学历，5年以上售后服务管理、质量主管、工艺主管工作经验。
2、有制冷行业工作经验者优先考虑。
3、优秀的分析技巧，能够将数字数据转化为可操作的信息。
4、独立、善于沟通，具备良好的交流沟通能力，执行力，有一定抗压能力。",培训 跨部门协作 数据分析,https://jobs.51job.com/kunshan/163478396.html?s=sou_sou_soulb&t=0_0&req=ca99022ab2e4e930b4bdc50ccf3d8107
售前技术支持工程师,道仁（昆山）智能装备,1-2万·16薪,昆山,昆山,大专,3年及以上,2026-07-07 10:40:16,job51,"岗位职责
1、负责项目前期的技术交流，完成前期方案制作，协助销售报价；
2、负责与技术人员和销售人员沟通协作，确保项目顺利推进；
3、根据客户投诉信息，协助提供售后技术支持，确立新的设计解决方案。

任职资格
1、大专以上学历，机械相关专业。
2、非标机械设计经验3年以上
3、拥有食品、医药、日化、新能源、物流行业相关输送方案规划经验优先。
3、熟练使用二维三维软件；
3、具有良好的沟通表达能力、独立问题分析和解决能力；
4、能接受出差（占比30%），会开车。",技术支持,https://jobs.51job.com/kunshan/162594795.html?s=sou_sou_soulb&t=0_0&req=ca99022ab2e4e930b4bdc50ccf3d8107
售后工程师,科羚激光装备（苏州）,7-9千·13薪,昆山,昆山,大专,2-5年,2026-07-30 18:03:31,job51,"1.设备现场安装和调试，解决安装过程中存在的问题，完成项目交付
2.客户端人员操作，技术培训，设备日常维护等
3.销售设备的售后服务，包含但不限于定期巡查，远程技术指导，突发故障现场排除等
4.协助销售进行技术支行，达到验收标准
5.部门主管安排的其它工作
6.对激光焊接设备有接触或者有一定熟悉",培训,https://jobs.51job.com/kunshan/160776493.html?s=sou_sou_soulb&t=0_0&req=ca99022ab2e4e930b4bdc50ccf3d8107
售后工程师,昆山小可智造设备科技,7.5千-1万,昆山,昆山,中技/中专,3年及以上,2026-07-31 16:49:39,job51,"岗位职责：
1：协助现场经理完成非标自动化设备的安装、调试及验收工作；
2：解决设备运行中的技术问题，提供售后技术支持；
3：与客户沟通，了解设备使用情况，及时反馈并处理客户需求；
4：编写设备调试报告、操作手册及售后维护文档； 
5：协助研发团队优化设备设计，提出改进建议；
6：定期对客户进行设备使用培训，提升客户满意度；
7 ：完成上级交办的其他相关工作。
8：懂软板折曲优先。
任职资格：
1：5年以上非标自动化安装调试经验，2年以上3C行业安装调试经验；
2：熟悉机构调试、电气原理图；
3：期待年轻有干劲的年轻人加入；",技术支持 客户沟通 培训,https://jobs.51job.com/kunshan/166230511.html?s=sou_sou_soulb&t=0_0&req=ca99022ab2e4e930b4bdc50ccf3d8107
空调售后服务工程师,博拓（苏州）新能源技术,6-9千,昆山,昆山,大专,1年及以上,2026-06-24 17:36:42,job51,"工作内容：
1.承担空调安装服务的技术支持工作，为经销商，安装团队，客户提供一定的技术支持。
2.负责设备的开机调试，保证新设备按既定要求正常运行。
3.及时处理客户报修，为客户进行故障判断和解决，保障客户现场设备的正常运行。
4.做好相关开机调试、故障处理等信息的记录和整理。
5.维护好客户关系，做好客户培训等其他售后服务工作。
6.领导安排的其他工作。

任职要求：
1.专科及以上学历，建筑环境类、能源动力类、机电、电气等相关专业。
2.有一年以上机房精密空调、户外机柜空调、冷链空调或其他制冷设备售后工作经验。
3.能够适应故障高发期的频繁短期出差。
4.吃苦耐劳，有责任心，具有良好的沟通协调能力、团队合作精神和客户服务意识。",技术支持 培训 客户服务,https://jobs.51job.com/kunshan/162789576.html?s=sou_sou_soulb&t=0_0&req=ca99022ab2e4e930b4bdc50ccf3d8107
售后工程师,深圳市青虹激光科技,7千-1.1万·13薪,昆山,昆山,大专,3年及以上,2026-06-30 17:50:03,job51,"岗位职责：
1、负责设备的安装调试，产品验证，异常问题处理，客户培训，设备验收跟进，上级按排的任务等工作；
2、跟进现场情况，问题处理，物料需求，为研发设计提供信息的必要支持；
3、客户关系维护，维护公司品牌，并与客户保持互通；
4、项目各项资料记录，汇总，定期汇报。
任职资格：
1、大专及以上学历，机电一体化相关专业，3年以上相关工作经验；
2、具备机械安装，电气调试技能，有激光或非标自动化设备调试经验为佳；
3、有较强的逻辑思维，沟通能力，具备一定的文档、数据表格处理能力；
4、能适应出差，有较强的抗压和自我调节能力。
职位福利：六险一金、绩效奖金、年终分红、定期体检、包住、员工旅游、节日福利、年底双薪",培训,https://jobs.51job.com/kunshan/167426759.html?s=sou_sou_soulb&t=0_0&req=ca99022ab2e4e930b4bdc50ccf3d8107
售后服务工程师,金富宝电路板器材（昆山）,9千-1.2万·15薪,昆山,昆山,大专,3年及以上,2026-06-30 15:00:07,job51,"工作职责：
Position Responsibilities,
-负责客户现场的设备安装、调试、保养、维修等售后技术工作；
-Responsible for service technical work such as equipment installation, debugging, maintenance, and repair at the customer's site;
-负责现场与客户在售后工作方面的沟通协调；
-Responsible for on-site communication and coordination with customers in service work;
-及时向上级主管汇报客户现场服务状况及客户反馈；
-Timely report the field service status and customer feedback to the supervisor;
-按上级主管安排，跟进持续***项目，按要求提供阶段性小结报告等； 
-Follow up on ongoing service projects as arranged by supervisors and provide stage summary reports as required;
-需要经常性全国范围内出差，主要集中于华东长三角地区；
-Frequent nationwide business trips are required, mainly concentrated in the region of East China; 
-按上级主管安排，从事可能分配的客户驻厂技术服务工作；
-Handle on-site technical service work that may be assigned according to the arrangement of the supervisor;
-按上级主管安排，处理文字报告等工作；
-Process written reports and other related tasks as arranged by supervisors ;
-按上级主管安排，配合业务销售部门，提供售前技术支持。
-According to the arrangement of the supervisor, cooperate with the business sales department to provide pre-sales technical support.





职位要求：
Job requirements,
-大专及以上学历，自动化，机电一体化或电气等相关专业；
-College degree or above, major in automation, mechatronics or electrical related fields;
-有2年以上工业设备售后技术支持工作经验；
-More than 2 years of experience in after-sales technical support for industrial equipment;
-具有PCB钻孔机维护经验者优先；
-Experience in repair and maintenance of PCB drilling machine is preferred;
-熟练使用电脑及office工具软件等；
-Proficient in using computers and office software tools, etc;
-性格外向，有良好的表达能力；
-Outgoing personality and good communication skills;
-工作认真负责、吃苦耐劳；
-Serious, responsible, and hardworking in work;
-具有一定的英语读写能力。
-Have a certain level of English reading and writing ability.",Gin Go IPS 技术支持 Responsibilities Responsible Timely Follow,https://jobs.51job.com/kunshan/163426375.html?s=sou_sou_soulb&t=0_0&req=ca99022ab2e4e930b4bdc50ccf3d8107
半导体—设备高级工程师（售后）,苏州智程半导体科技,1-2万·13薪,昆山,昆山,本科,5年及以上,2026-07-07 15:49:21,job51,"职位描述：
1、负责现场的设备和服务安装、调试等各种技术支持工作；
2、接受和协助解决客户遇到的各类现场技术问题；
3、相关异常报告、工作日报的撰写；
4、负责共同协调相关资源，保证产品正常使用；
5、对客户端进行操作、保养、维修培训，提升客户对机台的使用技能；
6、设备使用过程中的设备升级、信息反馈等。
任职要求：
1、对电路图、机械图有良好的理解和分析能力；
2、与重要客户保持良好沟通联络，在服务时间、服务内容等方面与客户存在分歧时，在不违反公司行为规范和原则前提下，尽力与客户协商为公司争取利益；
3、具有良好的服务精神，适合团队和独立工作环境；能适应长短期出差，一定频率的加班需求；
4、具有主动乐观的工作态度。
5、需有相关半导体设备经验",技术支持 培训,https://jobs.51job.com/kunshan/156575027.html?s=sou_sou_soulb&t=0_0&req=ca99022ab2e4e930b4bdc50ccf3d8107
工程师（设计，售后，服务，项目）,苏州九易矿机设备,6.5千-1.1万,昆山,昆山,本科,1-3年,2026-08-07 08:15:07,job51,"工作内容：

- 解决客户的问题，包括维修设备、处理维修请求、跟踪项目进度等；
- 协助业务经理进行项目规划和管理，包括制定项目计划、分配任务、协调资源等；
- 根据项目需求，提供技术支持。
- 参与项目的设计和评估，并提出改进建议；
- 参与客户跟踪和回访，了解客户需求，并及时反馈给公司。
职位要求：
- 本科或以上学历，机械设计及自动化等相关专业；
- 1-3年相关工作经验，有售后服务、工程项目或机械制图。
1、2个月试用期，试用期结束具体分配工作方向（机械设计方向，售后服务方向，项目处理方向）。
2、社保、公积金可交在上海总公司。",技术支持,https://jobs.51job.com/kunshan/162495606.html?s=sou_sou_soulb&t=0_0&req=ca99022ab2e4e930b4bdc50ccf3d8107
售后服务工程师,莫帝斯燃烧技术（苏州）,8千-1万·13薪,昆山,昆山,大专,3-4年,2026-07-17 19:02:02,job51,"任职要求：
1、机械制造、机电一体化或者自动化，大专及以上学历，有工作经验者中专学历亦可接受；
2、设备调试或售后同岗位经验3年以上；
3、能够接受长短期出差，愿意接受新知识，有学习的自主性；
4、具备处理电路问题，可看懂PLC测试程序；
5、具备基本的数据分析和异常报告撰写能力；
6、有测试仪器设备调试经验者优先录用。
岗位职责：
1、 快速响应客户问题反馈，现场解决或与研发部门讨论解决方案；
2、 设备日常生产维护；
3、根据客户相关信息联系公司研发、生产、业务部门，服务好客户；
4、回复客户投诉，撰写客诉异常处理报告；
5、有从事过机械、电子、自动化控制相关领域项目工作尤佳；
6、具有较强的抗压能力。
福利待遇：
五险一金，五天八小时，双休，节日福利等",数据分析,https://jobs.51job.com/kunshan/141691306.html?s=sou_sou_soulb&t=0_0&req=ca99022ab2e4e930b4bdc50ccf3d8107
售后工程师,苏科斯（江苏）半导体设备科技,8千-1.2万,昆山,昆山,大专,3年及以上,2026-07-06 11:39:48,job51,"岗位职责
1.负责半导体清洗设备的安装，调试工作；
2.及时处理设备发生的异常问题，以确保生产的正常进行；
3.负责客户沟通，对接，并反馈至公司内部客户的诉求及要求；
4.能适应国内外出差。

任职要求：
1.有FBA无尘室工作经验优先；
2.独立思考，逻辑思维能力强，善于发现问题并解决问题。",客户沟通,https://jobs.51job.com/kunshan/168953350.html?s=sou_sou_soulb&t=0_0&req=ca99022ab2e4e930b4bdc50ccf3d8107
客服工程师,东野精机（昆山）,7千-1.2万,昆山,昆山,大专,3-4年,2026-07-14 15:56:42,job51,"有非标自动化设备的组装及调试经验；

1.负责新项目厂内和厂外调试
2.设备在客户现场的故障处理及分析改善
3.对客户的技术负责人进行相关的培训
4.协调公司内部资源，推动设备验收
5.维护好客户关系",培训,https://jobs.51job.com/kunshan/168573086.html?s=sou_sou_soulb&t=0_0&req=ca99022ab2e4e930b4bdc50ccf3d8107
非标自动化售后工程师,匠为创汽车智能装备科技（苏州）,8千-1.5万,昆山,昆山,大专,2年及以上,2026-08-07 09:27:53,job51,"岗位职责：
1、负责非标自动化设备调试管理工作，组织协调资源完成客户端设备的调试，维护和验收工作。
2、负责与客户沟通客户端设备的调试工作及反馈。
3、完成上级交办的其它任务。
要求：
1.具备管理能力，会使用办公软件
2.具有基本的PLC软件应用能力
3.具有简单的机器人应用操作能力
4.具有快速判断，处理机台调试异常的专业能力
5.接受海外及国内短期、长期出差
6.懂机械设计优先
7.有护照优先",客户沟通,https://jobs.51job.com/kunshan/160148420.html?s=sou_sou_soulb&t=0_0&req=ca99022ab2e4e930b4bdc50ccf3d8107
调试工程师,昆山宸泽测控科技,7千-1.2万,昆山,昆山,大专,5年及以上,2026-06-30 08:41:03,job51,"岗位职责：
1、负责按照项目计划完成非标自动化设备的组装、调试、售后
2、负责主导组装调试售后段设备异常点的分析处理
3、负责设备预验收前进行试产
4、负责客户端的安装调试和客户意见反馈与沟通，客户现场培训，设备现场验收单签核
5、负责总结产品生产过程经验，持续改进产品性能
6、负责客户售后问题主导改善，生产跟进，制定整改措施，并整改闭环
7、严格遵守安全规章制度和相关法规要求，遵守劳动纪律
8.负责上级领导安排的其他任务
任职要求：
1、有5年以上非标设备组装，调试经验
2、稳定性强，能配合加班
3、能看懂2D&amp;3D图纸，能独立组装调试机械设备及后期维护
4、了解各品牌的标准件，会使用机械装配所需的各类工具
5、动手能力强，吃苦耐劳,会驾驶车辆，能配合出差
6、具有良好的团队精神和较强的协调能力，责任心强
7、6天8小时，额外加班另计",培训 amp,https://jobs.51job.com/kunshan/147456458.html?s=sou_sou_soulb&t=0_0&req=7209780d97fbc2dd19b33648fb38d663
设备售服工程师,深圳市展耀科技,9千-1.3万·13薪,济南,昆山,大专,1年,2026-08-05 09:07:47,job51,"本公司于1993年成立，专业销售PCB及半导体行业的设备、材料和零件。代理欧美/日本/台湾等世界知名品牌的设备，同时为客户提供安装、维护、保养等全面售后服务。
本公司待遇优厚，为员工提供培训、学习、发展平台，欢迎广大工程精英应聘。
本职位工作内容：
1.安装调试我司销售的设备
2 维修保养我司销售的设备 。
3 相关设备零配件销售。
4.新设备或新产品测试 。
5.跟进设备验收及售后服务。
本职位要求：
1.相关电子、机械、自动化等专业毕业，具备技术知识和操作能力。
2.有PCB行业设备维修经验优先：曝光机、压膜机、水平线、电镀线等
3.懂软件者优先,
4.会英日语/韩语/英语者优先,
5. 有驾驶经验者优先。
6.工作地点华东（济南、盐城、无锡、南通）或者华南（深圳、广州、珠海）。",培训,https://jobs.51job.com/jinan/149605039.html?s=sou_sou_soulb&t=0_1&req=7209780d97fbc2dd19b33648fb38d663
自动化设备调试工程师,昆山市鸿玛自动化科技,1-2万,昆山,昆山,本科,5年及以上,2026-07-15 14:16:46,job51,"岗位职责：
1、根据设计图纸、技术规范及客户要求，独立主导非标加热烤箱的现场安装与调试工作，制定并执行个性化的调试计划和方案，确保设备各项性能指标达标。
2、调试过程中，凭借清晰的调试逻辑和系统性思维，独立诊断并解决机电、控制、传感、软件等多方面疑难杂症，提出有效的解决方案并组织实施。67
详细记录调试数据、过程及出现的问题与解决方法，编制规范的调试报告，对调试质量负责。
3、与内部跨部门团队（设计、软件、项目、生产）及外部客户进行专业技术沟通，有效协调资源解决问题，反馈调试过程中的信息，协助优化产品设计和生产工艺。
4、为客户提供设备操作、维护方面的技术指导和培训，解答客户相关疑问，提高客户满意度。
任职要求：
1、教育背景：机械工程、电气工程、自动化、机电一体化等相关专业本科及以上学历。
2、工作经验：5 年以上，非标自动化设备现场调试经验，有独立负责复杂项目调试并成功交付的经验。
必备能力：
3、极强的复杂问题分析与独立解决能力：能快速理解复杂系统，运用逻辑思维和工程知识，独立诊断并解决调试中遇到的机电、控制、传感、软件等多方面疑难杂症。
4、拥有独立、清晰的调试思路与方法论：不局限于按部就班执行手册，能根据设备特性和现场情况，主动规划、设计并执行高效的调试流程和测试方案，具备系统性调试思维。
5、扎实的非标自动化设备调试经验：熟悉常见的机械结构、传动方式、气动 / 液压系统、传感器应用、电机及驱动器选型与控制。精通至少一种主流 PLC（如西门子、罗克韦尔、三菱）编程、调试和故障诊断。了解机器视觉、工业机器人（如发那科、库卡、ABB）应用者优先。
6、优秀的沟通协调能力：能够清晰、专业地与内部跨部门团队及外部客户进行技术沟通，有效协调资源解决问题。
强烈的团队合作精神：积极主动分享经验，乐于助人，在团队中发挥建设性作用。
7、高度的工作责任心和严谨细致的工作态度：对调试质量负责，工作认真踏实，注重细节，确保设备稳定可靠运行。
8、适应出差：能适应频繁或长期的客户现场调试工作（如 70% 以上时间在客户现场）。
9、优先考虑：
具备特定行业（如 3C 电子、新能源电池、汽车零部件、半导体、医疗设备等）非标设备调试经验。
熟悉常用工业总线（EtherCAT, Profinet, EtherNet/IP, CANopen 等）。
具备一定的电气图纸（原理图、接线图）和机械图纸阅读能力。
有设备维护或维修经验。
薪资福利 ：
1.项目奖金
2.绩效奖金
3.年终奖金
4.股权激励
5.节日礼物
6.员工旅游
7.团建活动
具体薪资金额同总经理面谈；",CAN 产品设计 培训 PLC ABB EtherCAT Profinet EtherNet,https://jobs.51job.com/kunshan/167261543.html?s=sou_sou_soulb&t=0_0&req=7209780d97fbc2dd19b33648fb38d663
视觉调试工程师,昆山宸泽测控科技,8千-1.5万,昆山,昆山,中技/中专,3年及以上,2026-06-30 08:41:06,job51,"岗位职责：
 (1） 根据项目要求，进行现场设备安装和调试工作；
（2）协助组织客户进行操作、维护、故障维修等培训工作；
 (3) 处理产品保修，分析故障原因，收集案例及时向公司相关部门反馈；
（4）完成设备验收工作；完成上级交办的其他工作。
要求：
 (1）有相关光学检测设备调试优先，能独立安装调试小型设备
（2）VisionPro，VM，In-Sight，Halcon，openCV等其中一种视觉软件基本操作；
（3）熟悉工控机主板结构/操作系统安装及常规异常处理
（4）相机/光源/镜头调试以及检测设备操作说明书制作；
 (5）能接受出差
（6）能制作视觉方案评估报告，与电控机构对接
（7）必须线下面试，上六休一，不能接受或不符合条件者***",OpenCV 培训 VisionPro VM In-Sight Halcon,https://jobs.51job.com/kunshan/155725190.html?s=sou_sou_soulb&t=0_0&req=7209780d97fbc2dd19b33648fb38d663
海外调试工程师,昆山华恒机器人,6-9千·13薪,昆山,昆山,大专,1年及以上,2026-06-18 13:26:46,job51,"调试工程师岗位，有焊接经验佳，或者工业机器人、机电一体化专业及经验佳，能适应长期出差，“以老带新”模式
岗位职责：
1、负责自动化焊接设备的自动焊接工艺调试，对负责的项目进行售前技术支持，产品演示及技术宣讲，完成售前咨询。
2、对负责的项目进行追踪，协调完成设备的交付验收（需要直接面对客户）
3、解决客户抱怨，就设备存在的不足进行反馈
4、开发新焊接工艺，新技术
5、对自动化焊接非标设备焊接工作站等进行安装调试及售后服务
6、负责客户培训工作
要求：
大专及以上学历，焊接类技术专业应届生优先，
1、能适应长短期出差，
2、良好的沟通能力
3、工作认真负责能吃苦
4、英语可正常沟通",技术支持 培训,https://jobs.51job.com/kunshan/157737610.html?s=sou_sou_soulb&t=0_0&req=7209780d97fbc2dd19b33648fb38d663
客户支持工程师,铭凯益电子（昆山）,5-8千·14薪,昆山,昆山,大专,1年及以上,2026-07-09 08:57:39,job51,"主要责任
1.主要负责内部打线分析，数据收集汇总；
2.能熟练使用分析室各种设备进行生产及客户端不良品的分析和改善，并进行技术支持；
3.会同产品生产部门完成试生产，处理试生产中的生产问题；
4.上级交代的重要样品生产跟踪及打线测试；
5. 做好领导安排的其它技术相关工作。


职位要求:
1）大专及以上学历，金属材料/机械/电子等工科类专业毕业生，应届生
 可接受。
2）半导体行业工作经验及熟练操作各种打线设备者优先 。
 (KNS,ASM,UTC等)",技术支持 KNS ASM,https://jobs.51job.com/kunshan/154122670.html?s=sou_sou_soulb&t=0_0&req=7209780d97fbc2dd19b33648fb38d663
电气工程师,江苏康斯特智能装备,9千-1.2万,昆山,昆山,大专,3年及以上,2026-07-24 09:39:12,job51,"【岗位职责】
1、负责电气设计方案书以及其他相关电气文档的编辑和维护；
2、负责新设备机台PLC程序功能块的开发与调试；
3、参与部门电气硬件和软件标准化的开发与制定；
4、积极给予生产和服务部门技术支持；
5、负责非标设备的现场修改、调试的售后服务工作；
6、完成上级领导交办的其他工作任务。
【任职要求】
年龄：25-35周岁
1、大专及以上学历，电气工程及其自动化相关专业；
2、非标自动化设备公司同岗位3年以上工作经验；
3、熟练使用EPLAN绘图软件绘制电路图；
4、熟练运用主流PLC编程软件（汇川、欧姆龙、三菱）；
5、办事沉稳、细致，有较强的团队合作意识以及安全意识，学习能力强。
【福利待遇】
1、入职即缴纳六险；
2、年度体检+员工团建+员工旅游；
3、工作餐补；
4、工龄奖；
5、生日福利+节假日福利；
6、年终奖金+春节路费报销+开门红包；
7、工作制：6天8小时 。",技术支持,https://jobs.51job.com/kunshan/123237331.html?s=sou_sou_soulb&t=0_0&req=7209780d97fbc2dd19b33648fb38d663
技服工程师,松扬电子材料（昆山）,7-9千·14薪,昆山,昆山,大专,2年及以上,2026-07-23 08:36:15,job51,"岗位职责：
 1、提供客户需求资料数据以及技术服务
 2、处理各客户的客诉问题 ，协助推动公司质量改善，减少客诉发生率，降低客诉赔偿
 3、对公司产品做相关性评估测试
 4、收集同行材料信息，供业务和技术单位参考
 5、了解市场动向及客户需求，协助拓展业务
 6、负责完成主管交代的其他工作
工作经验及特殊技能：
1、具备较强的交际沟通能力
 2、有FPC厂工程或研发两年以上工作经验，熟悉FPC产品加工工艺流程，有FCCL厂客服经验有限 
 3、能够独立完成8D报告的书写，有客服工作经验的优先
4、了解品保体系（ISO9001、ISO14000、IATF16949等）基本知识的优先",ISO9001 ISO14000,https://jobs.51job.com/kunshan/154504633.html?s=sou_sou_soulb&t=0_0&req=7209780d97fbc2dd19b33648fb38d663
设备维护工程师,昆山运城塑业,8千-1万,昆山,昆山,大专,无需经验,2026-07-23 15:29:53,job51,"【工作内容】
- 负责公司生产设备的日常检查、维护和故障排除，确保生产过程的连续性和稳定性。
- 制定并执行预防性维护计划，减少设备故障率，提高设备使用效率。
- 对新设备进行安装调试，并对操作人员进行培训，确保其正确使用设备。
- 定期评估设备性能，提出改进措施，优化生产流程。
- 记录维护日志，分析设备运行数据，为管理层提供决策支持。
- 参与设备改造项目，提升设备的技术水平和生产能力。
【任职要求】
- 拥有机械工程、电气工程或相关领域的学历背景，具备基本的设备维护知识。
- 熟悉各类机械设备的工作原理，能够独立完成常见问题的处理。
- 具备良好的动手能力和解决问题的能力，能在复杂环境下迅速定位并解决设备故障。
- 具备一定的沟通协调能力，能够与团队成员及供应商有效合作。
- 工作认真负责，具有较强的安全意识，遵守操作规程，保障自身及他人的安全。
- 本岗位不限工作经验，欢迎应届毕业生加入我们的团队，公司将提供全面的培训和支持。",培训,https://jobs.51job.com/kunshan/165475949.html?s=sou_sou_soulb&t=0_0&req=7209780d97fbc2dd19b33648fb38d663
刀具技术员,苏州浦立特刀具科技,4.5-6.5千·13薪,昆山,昆山,大专,1年及以上,2026-07-17 14:45:07,job51,"1、熟悉机械加工工艺，具有刀具的运用及设计、测试等相关研发加工经验1年以上。
2、机械加工及相关专业专科以上文凭，能够熟练掌握各种刀具的使用范围和加工参数。3、精通机加工工艺、刀具、设备;接触过铝合金材料;熟练读懂图纸，熟悉机加设备操作，熟练使用CAD、3D等绘图软件、熟练使用office办公软件。
4、参与刀具设计与客户沟通分析解决方案;
5、负责刀具使用分析;刀具试切报告绘制;
6、对现场刀具使用过程出现问题找出原因进行分析汇总，落实改进方案实施。
7、工作认真负责、严谨细致，有良好的团队精神和沟通能力;很好的学习能力。
8、刀具销售技术支持.
9、服从公司安排的其他工作。
10.待遇:面谈",客户沟通 技术支持,https://jobs.51job.com/kunshan/160663292.html?s=sou_sou_soulb&t=0_0&req=7209780d97fbc2dd19b33648fb38d663
昆山驻场技术员,达格测试设备（苏州）,7.2-8.2千,昆山,昆山,大专,1年及以上,2026-06-16 10:51:37,job51,"驻厂技术员，报销路费！
学历要求：
大专及以上学历，机械和电子专业，有x-ray经验或者设备维护方面经验，可接受夜班（上班性质是两班制）有相关行业设备服务工作经验，有现场客户服务工作经验和跨国公司工作经验者优先考虑。
薪资待遇：
模式一：28元/小时（含补贴）+全勤200/月，保底260小时（在没有请假，旷工等的情况下），国假三倍工资，工资稳定！
模式二：24/小时+20/夜班津贴+30/班食宿补贴+全勤300元/月，保底260小时（在没有请假，旷工等的情况下），国假三倍工资，工资稳定",客户服务,https://jobs.51job.com/kunshan/168516608.html?s=sou_sou_soulb&t=0_0&req=7209780d97fbc2dd19b33648fb38d663
电气工程师,驰威格自动化设备（苏州）,1.5-2万·13薪,昆山,昆山,大专,3年及以上,2026-07-31 11:52:42,job51,"【工作内容】
- 非标设备电气设计，包括电路图绘制、元器件选型及系统集成；
- 参与现场项目调试（技术支持）工作，确保设备运行稳定并满足客户需求；
- 协助完成电气系统的安装、调试及验收，保障项目按期交付；
- 编制电气设备操作手册和技术文档，提升客户使用体验和售后服务效率；
- 配合项目经理进行技术方案的制定与优化，推动项目顺利实施；
- 负责与客户及供应商的技术沟通，解决现场出现的电气相关问题。
【任职要求】
- 大专及以上学历，具备3年及以上电气设计或现场调试工作经验；
- 熟练掌握西门子、汇川品牌的PLC编程与调试，了解欧姆龙等品牌设备的使用与维护；
- 具备良好的沟通能力与团队协作精神，能够适应工作压力并独立完成任务；
- 能够接受月均1-2次的出差安排，具备较强的责任心和抗压能力。
【薪酬福利】
- 提供具有竞争力的薪资待遇，具体面议； 
- 五险一金齐全，享受国家法定节假日及带薪年假； 
- 定期组织员工培训与职业发展机会，助力个人成长。",技术支持 技术文档 技术方案 培训,https://jobs.51job.com/kunshan/159200782.html?s=sou_sou_soulb&t=0_0&req=7209780d97fbc2dd19b33648fb38d663
电气工程师,北京帝森克罗德技术,6千-1万,昆山,昆山,本科,2年及以上,2026-08-07 09:36:59,job51,"岗位职责
1.熟悉公司相关产品，配合协调售前、售后的技术支持服务，及技术澄清、答疑；
2.组织线下、线上的安装、产品应用、软件应用等指导和培训；
3.负责产品培训材料的编写和更新，配合研发部门的产品开发；
4.负责专项项目的技术攻关，形成经验总结报告；
5.负责相关产品生产SOP以及工艺文件。
任职要求：
1.1年以上相关工作经验（可接受优秀应届毕业生），具有框架断路器、塑壳断路器、小型断路器、微机保护、成套电气类产品售后、售前、研发等岗位经验为佳；
2.性格开朗，善于沟通，有较强的责任心和团队合作意识；
3.学历专科及以上；
4.电气/电力工程及其自动化或相关专业背景；
5.熟悉相关办公软件，制图软件等。",技术支持 培训,https://jobs.51job.com/kunshan/160566917.html?s=sou_sou_soulb&t=0_0&req=7209780d97fbc2dd19b33648fb38d663
销售技术经理,苏州金纬仕高分子材料,1-2万·13薪,昆山,昆山,大专,无需经验,2026-07-08 13:31:43,job51,"职位信息 

技能要求：

售前支持，销售，售后支持

要求年龄： 22-35
要求学历： 大专以上
工作经验： 不限，公司可提培训服务
外语语种： 英语
计算机水平： 熟练
要求专业： 化学类，高分子等专业
招聘要求： 全职求职
工作地区： 苏州昆山

工作职责：
1、负责客户的售前和售后提供服务
2、对客户提出的问题或咨询进行解答
3、及时反馈客户的情况
4、完成上司布置的其它任务

具体条件：
1、大专以上学历，化学类，高分子材料专业类优先。
2、应届生和往届生优先。
3、有较强的动手能力，善于与客户交流.
4、为人正直、诚恳，热爱本职行业，具有高度责任心；
5、适应性强，有亲和力，具有团队协作精神",培训,https://jobs.51job.com/kunshan/154683504.html?s=sou_sou_soulb&t=0_0&req=7209780d97fbc2dd19b33648fb38d663
工控机组装技术员,匠为创汽车智能装备科技（苏州）,5千-1万,昆山,昆山,大专,1年及以上,2026-08-07 09:27:42,job51,"1，计算机相关专业，大专学历， 20—35岁,经验丰富者可以适当放宽年龄限制，优秀应届生毕业生亦可。
2，熟悉计算机操作原理和掌握品牌机、组装机，计算机硬件配置，可独立进行软硬件安装、调试及故障排除；
3，熟练安装工业电脑，工控一体机，服务器（Windows7、Windows8、server2003、linux）等操作系统，
4，熟悉计算机、路由器，交换机网络设置与管理；
5，热爱技术性工作，有较强的学习能力，沟通能力，协作能力，和极强的执行力，具备良好的服务意识。",Linux Windows7 Windows8,https://jobs.51job.com/kunshan/165014244.html?s=sou_sou_soulb&t=0_0&req=7209780d97fbc2dd19b33648fb38d663
销售工程师 出差补贴,广州菱科自动化设备,6千-1万,昆山,昆山,大专,1年及以上,2026-08-05 11:48:47,job51,"岗位职责：
1、负责指定销售区域的市场开拓、客户维护及订单全流程跟进执行工作。
2、制定合理的销售计划与执行方案，确保完成公司下达的销售指标。
3、为客户提供专业的技术支持与售后服务，协助客户按时完成产品签收与验收。
4、参与公司产品调研与分析，及时将市场信息、客户需求反馈至管理层。

任职要求：
1、大专及以上学历，有销售或相关技术背景者优先。
2、1 年及以上销售工程师或相关岗位工作经验。
3、具备良好的市场开拓、商务谈判及沟通表达能力。
4、工作认真负责，耐心细致，能承受一定工作压力，具备良好的团队协作精神。",技术支持 商务谈判,https://jobs.51job.com/kunshan/168536755.html?s=sou_sou_soulb&t=0_0&req=7209780d97fbc2dd19b33648fb38d663
CQE工程师,勤昆科技（昆山）,6-9千·13薪,昆山,昆山,大专,2年,2026-06-30 08:23:05,job51,"工作内容：
1.主导客诉相关事宜(现场确认、sorting、Rework、退货、索赔、8Drepprt/5C回复
2.对接售后及客退品返修问题排查和维修改善方案
3.追踪厂内改善对策执行状况，每天不定时现场稽核确认，确保对策有效执行
4.负责将客诉信息汇总，厂内登记并更新实时进度
5.制程巡线确认改善对策有效执行
6.RMA产品开单申请，维修品判定修复
7.客诉会议召开、临时&amp;长期对策执行
8.客户突发问题及应对及技术支持
9.领导指派的其它工作事项
岗位要求：
1.2年以上客訴工程師或品質工程師相關經驗 
2. 能熟練的運用QC七大手法、8D、PDCA等品管工具
3.較好的人際溝通能力、問題分析能力和解決能力",技术支持 sorting Rework,https://jobs.51job.com/kunshan/132510444.html?s=sou_sou_soulb&t=0_0&req=7209780d97fbc2dd19b33648fb38d663
电气工程师,昆山圣源机械,1-1.5万·13薪,昆山,昆山,本科,3-4年,2026-06-25 14:42:03,job51,"岗位职责: 
1、负责整机电气原理图，整机低压零部件选型和电路设计
2、准备，测试和验证原型机的程序，在现场调试时解决问题 
3、客户自动化项目对接，负责对内对外技术沟通，数据资料收集分析和控制算法方案设计。有独立项目经验者优先
4、给其他部门提供技术支持：
4.1支持生产/售后团队处理技术问题
4.2支持质量部门创建质量标准
4.3支持项目部创建报价和项目计划
任职条件: 
1、具备西门子smart、博途、wincc相关编程工作经验，熟练掌握梯形图、stl编程语言编程能力，能独立完成PLC编程/HMI 界面设计项目工作，具备良好的代码习惯
2、大专以上学历，电气自动化，电气工程，机电一体化或相关专业
3、熟悉工业自动化控制原理，对PID控制、模糊控制原理有实用经验者优先
4、熟练应用CAD制图软件绘制电气原理图，排版图
5、能理解机械动作设计原理、动作流程，配合机械设计部门完成配套电控设计",方案设计 技术支持 HMI,https://jobs.51job.com/kunshan/150585594.html?s=sou_sou_soulb&t=0_0&req=eaf058d49a0e5cf8a6020856f16bda37
销售工程师 （华南区）,博拓（苏州）新能源技术,8千-1.5万,昆山,昆山,本科,2年及以上,2026-06-23 10:26:42,job51,"岗位职责：
1、按照公司要求制订并实施区域内销售计划，完成目标任务；
2、负责区域市场的销售合作伙伴的开发、渠道维护；
3、通过设计院、总包关系及代理商客户项目信息，开发项目，并为客户提供项目解决方案；
4、协调公司内部向销售合作伙伴提供销售、市场、培训、售前方案、售后服务等方面的支持与帮助；
5、协助完成区域的活动计划(如展会、培训会、行业交流会、设计师沙龙等)；
6、负责区域市场及竞争对手信息的收集、整理和分析工作；
5、工作地点：上海/昆山/深圳。
任职要求：
1、本科及以上学历，建筑环境与设备工程、供热通风及空调制冷相关暖通专业优先；
2、具备设备类（热泵、供暖、制冷，尤其是进口品牌）销售经验优先；
3、具备较强业务学习理解能力，较强的市场分析、营销、推广能力和良好的人际沟通、协调能力；
4、英语熟练者优先；
5、年龄25-35岁，具有高度的工作热情，良好的团队合作精神；可适应经常出差要求。",培训,https://jobs.51job.com/kunshan/166113200.html?s=sou_sou_soulb&t=0_0&req=eaf058d49a0e5cf8a6020856f16bda37
机械设计（3C非标自动化设备）,江苏哈森智造科技,1-2万,昆山,昆山,大专,3年及以上,2026-07-31 11:42:53,job51,"任职资格
1、专科及以上学历，机械设计等相关专业；
2、有3年以上3C或汽车零部件行业非标自动化设备设计工作经历；
3、熟悉机构标准件选型、熟悉传感器等选型；
4、有现场实际操作和装配经验；
5、进行过整机和产线设计；
6、熟练使用Solidworks、CAD等绘图软件及办公软件；
7、具有良好的沟通和理解能力。
工作内容：
1.、负责协助业务、项目部与客户进行技术对接，完成客户需求设计，制作DFM方案。
2、负责进行项目成本的核算，为业务、项目部提供相关参考数据。
3、能独立进行项目设计、校核。按时间节点完成任务；
4、按照要求完成设计（工程图的制作，BOM制作及下单，装配图，气路图等制作）
5、负责处理组装调试过程中发现的异常，为生产及售后服务提供技术支持。
6、完成相关技术文档的编制，参与制定技术平台及沉淀技术标准。
7.上班时间6天责任制，能配合加班、出差，介意***，感谢",技术支持 技术文档,https://jobs.51job.com/kunshan/168311750.html?s=sou_sou_soulb&t=0_0&req=eaf058d49a0e5cf8a6020856f16bda37
机械销售工程师,广州菱科自动化设备,6-9千,昆山,昆山,大专,1年及以上,2026-07-02 09:51:13,job51,"1. 负责销售区域内的市场开拓、客户维护及订单执行等工作；
2. 制定销售计划和实施方案，完成销售指标；
3. 提供技术支持与售后服务，并协助客户在规定时间内完成产品接收与验收；
4. 参与公司产品分析、研究，将市场反馈及时传达到公司上层管理层。


1. 大专及以上学历，具有一定的销售或技术背景优先考虑；
2. 一年及以上销售工程师相关工作经验；
3. 具备良好的销售技巧、商务谈判能力、市场开拓能力；
4. 工作耐心细致，能承受一定的工作压力，善于团队合作。",技术支持 商务谈判,https://jobs.51job.com/kunshan/168536625.html?s=sou_sou_soulb&t=0_0&req=eaf058d49a0e5cf8a6020856f16bda37
非标自动化高级机械工程师,昆山捷翔工业设备,2-2.8万,昆山,昆山,大专,5年及以上,2026-07-16 11:29:16,job51,"岗位职责： 
1.负责协助业务、项目部与客户进行技术对接，完成客户需求设计，方案制作； 
2.负责进行项目成本的核算，为业务、项目部提供相关参考数据； 
3.按照要求完成设计（工程图的制作，BOM制作及下单，装配图，气路图等制作）； 
4.提供电气、软件、装配过程所需要的各项技术资料（动作时序图、装配图等）； 
5.负责处理组装调试过程中发现的异常，为生产及售后服务提供技术支持 
6.完成相关技术文档的编制，参与制定技术平台及沉淀技术标准； 
7.协助采购完成工艺、供应商的开发和评估； 
8.领导安排其他事务处理 
任职要求： 
1、大专及以上学历，非标机械设计5年以上工作经验(3C消费电子、新能源、汽车等行业） 
2、熟练使用Solidworks,AutoCAD等设计软件。 
3、非标整线工作经验优先考虑，能够独立负责项目，独立设计研发10种以上不同类型的非标设备。 
4、具备独立项目管控能力
5、非标设备自动化，有做过立讯大客户对接经验优先",技术支持 技术文档 采购,https://jobs.51job.com/kunshan/166143396.html?s=sou_sou_soulb&t=0_0&req=eaf058d49a0e5cf8a6020856f16bda37
工业销售工程师,广州菱科自动化设备,6-9千,昆山,昆山,大专,1年及以上,2026-07-02 09:51:13,job51,"1. 负责销售区域内的市场开拓、客户维护及订单执行等工作；
2. 制定销售计划和实施方案，完成销售指标；
3. 提供技术支持与售后服务，并协助客户在规定时间内完成产品接收与验收；
4. 参与公司产品分析、研究，将市场反馈及时传达到公司上层管理层。


1. 大专及以上学历，具有一定的销售或技术背景优先考虑；
2. 一年及以上销售工程师相关工作经验；
3. 具备良好的销售技巧、商务谈判能力、市场开拓能力；
4. 工作耐心细致，能承受一定的工作压力，善于团队合作。",技术支持 商务谈判,https://jobs.51job.com/kunshan/168536597.html?s=sou_sou_soulb&t=0_0&req=eaf058d49a0e5cf8a6020856f16bda37
销售工程师 高提成,广州菱科自动化设备,6千-1万·13薪,昆山,昆山,大专,1年及以上,2026-07-02 09:51:13,job51,"岗位职责：
1、负责指定销售区域的市场开拓、客户维护及订单全流程跟进执行工作。
2、制定合理的销售计划与执行方案，确保完成公司下达的销售指标。
3、为客户提供专业的技术支持与售后服务，协助客户按时完成产品签收与验收。
4、参与公司产品调研与分析，及时将市场信息、客户需求反馈至管理层。

任职要求：
1、大专及以上学历，有销售或相关技术背景者优先。
2、1 年及以上销售工程师或相关岗位工作经验。
3、具备良好的市场开拓、商务谈判及沟通表达能力。
4、工作认真负责，耐心细致，能承受一定工作压力，具备良好的团队协作精神。",技术支持 商务谈判,https://jobs.51job.com/kunshan/168536720.html?s=sou_sou_soulb&t=0_0&req=eaf058d49a0e5cf8a6020856f16bda37
装配电工主管,伟尔泰克智造科技（苏州）,1.2-1.6万,昆山,昆山,本科,5年及以上,2026-08-07 08:22:33,job51,"职位描述：
1. 目标设定：
 1.1依公司年度经营目标，完成本单位的年度目标设定；
 1.2依目标要求设定具体且有效的执行路径；
2. 团队建设：
 2.1依既定目标完成单位人力规划及组织架构设定；
 2.2完成各职能岗位说明书的制订；
 2.3完成各职能工作目标设定；
 2.4开展下属的定期培训及成果评定；
 2.5发掘优秀人才并给予拓展训练；
 2.6下属绩效评估及考核；
 2.7定期拟定有效的下属激励方案；
 2.8定期开展内部、外部沟通；
3. 作业程序及流程：
 3.1依公司管理系统要求，制定并完善与本单位有关的程序文件、作业流程；
 3.2针对程序文件、作业流程与相关单位沟通并达成共识；
 3.3针对程序文件、作业流程对下属进行培训并确保下属充份理解；
4. 工作承接、安排、监控、确认：
 4.1协助售前支持；
 4.2新方案协助评审；
 4.3结合既定时间及人力状况，作好人员及工作周期评估及安排；
 4.3结合既定时间及人力状况，作好人员及工作周期评估及安排；
 4.4具体工作排程及项目完成进度控制、质量监控.验收前检查工作及发货准备；
 4.5工作安排及项目跟进输出确认及项目装配工时审核；
 4.6根据项目发货.出差人员协调和售后维护调试工作；
 4.7结合每月生产项目.评估月度预算；
5. 资源调配：
 5.1以既定目标为目的，有效对内部资源进行调配，以确保工作高效；
 5.2如需外部资源时，主导外部资源开发并做好内部衔接的调配；
6. 工作支持及问题解决：
 6.1工作安排之后，下属遇到困难后及时提供技术及资源支持，以确保单位工作最终输出的质量；
 6.2单位内所有工作出现的问题***时间应对、主导分析及解决、效果确认；
 6.3公司或其他配合单位工作配合及支持；
7. 装配工艺优化、装配标准化、新产品调试：
 7.1装配工艺持续优化，装配要求精益求精，以保证设备的适用性能；
 7.2持续推进新项目各个工种的加工和装配标准化，设备的精度稳定性等；
 7.3持续进行新项目、新工艺的标准装配.调试工作；
8. 日常管理：
 8.1单位日常5S管理（水、电、门、窗、卫生等）；
 8.2员工形象、出勤、请假、工作纪律监督与管理；
 8.3协助部门经理对整个部门的日常管理；
 8.4部门经理安排之其它项事处理。
任职资格：
1.本科及以上学历，机械、机电、自动化相关专业
2.非标自动化5年以及上工作经验； 有2年以上团队管理经验，3年以上生产管理经验；
3.熟练使用办公软件，2D、3D看图软件
4.有装配质量成本管控意义
5.有电工证、登高证优先
6.有责任心、学习能力强、有抗压能力、计划与执行能力、判断与决策能力、领导能力
7.性格开朗、良好的职业道德。",培训 团队管理,https://jobs.51job.com/kunshan/162214846.html?s=sou_sou_soulb&t=0_0&req=eaf058d49a0e5cf8a6020856f16bda37
销售工程师,昆山日日先精密机械,10-20万/年,昆山,昆山,高中,2年及以上,2026-07-08 11:32:15,job51,"任职要求：
1、有驾照
2、有1-3年的销售经验，有机械设备尤佳
3、具备良好的沟通表达能力、商务谈判能力和客户关系维护能力，
4、性格开朗，积极主动，抗压性强，富有开拓精神和团队合作精神，热爱销售工作，具有强烈的挣钱欲望。
5、日常办公软件熟练（word/office），可接受出差。
6、男女不限，年龄35以内，优秀者可放宽

岗位内容：
1. 负责公司产品推广及销售工作（平面磨及外圆无心磨等产品的市场销售工作。
2. 维护老客户关系，开发新客户，建立并管理潜在客户库。
3. 深入理解客户需求，为客户制定最优的磨削方案。
4. 商务谈判、合同签订及货款回收工作。
5. 协同技术、售后部门，为客户提供全方位的支持，提升客户满意度。

岗位福利: 
1.具有竞争力的薪酬体系：有竞争力的底薪 + 绩效奖+高额提成 +团队奖金+国内外7天带薪旅游，收入上不封顶，优秀者年薪可观。
2.系统的专业培训： 入职提供一对一全面的产品知识、技术应用和销售技巧培训，业务主管亲自带教，全程赋能业务开展助您快速成长为行业专家。
3.广阔的晋升空间： 清晰的职业发展通道（销售精英→销售经理→销售总监→区域总裁）
4.优质的客户资源： 公司提供为主，线下拓客为辅。
5.五险缴纳、生日礼物、不定期红包、孝心金，不定期团建
上班时间8:30-17:30,单休（法定节假日按照国假标准放假）
如果您对精密制造行业充满热情，渴望在一个专业的平台上挑战高薪，我们诚挚邀请您的加入！",商务谈判 培训 word,https://jobs.51job.com/kunshan/168059965.html?s=sou_sou_soulb&t=0_0&req=eaf058d49a0e5cf8a6020856f16bda37
泵工程师,江苏建安泵业制造,15-30万/年,昆山,昆山,本科,2年及以上,2026-06-15 08:19:48,job51,"本公司是为更好的满足客户日益增长的需求，特向社会或科研院校招募更多优秀同仁，共创美好未来。我们务实创新，尊重人才，能为各岗位人才提供良好的职业平台和福利待遇。我们会帮助人才解决落户、买房、买车、结婚、读书、养老等一些关乎切身发展的事宜。让人才无后顾之忧，安心工作，共同为企业创造价值和利益的同时，也获取自身发展的高额薪酬和福利回报，目前企业正处变革高速发展阶段，欢迎各位有志之士加入。
岗位职责： 
1.对现有常规工业泵产品的技术支持，配合生产车间处理制程异常，配合售后人员处理售后维修的技术难题。 
2.非常规工业泵产品的订单设计，按照客户订单参数要求，完成结构设计任务，发行图纸和BOM 表等技术文件。
3.对现有产品的优化改良，新产品设计变更等。 
4.负责客户培训（产品分类、用途、使用、保养和维修等），客户技术咨询。 
5.配合销售部新项目的技术交流，产品选型、技术标书、技术协议和招投标工作，争取成功签单。
6.参与泵产品开发项目的管理和实施，确保项目按照既定的时间表和质量标准顺利完成。 
7.设计和执行泵产品的测试方案，收集和分析测试数据，撰写测试报告，优化测试流程，提高测试效率和准确性。 
8.完成上级交办的其他工作。
任职资格 
1.本科及以上学历，流体机械、能源与动力工程、机械设计制造及其自动化等相关专业。
2.熟悉机械加工工艺、懂机械标准。 
3.至少2年工业泵设计、工艺或技术支持工作经验，能独立完成成套工业介质输送方案的设计与选型优先。 
4.诚实正直，富有责任感、原则性和观察力，具有良好的沟通能力、敬业精神。
5.底薪+绩效奖金+年终奖金，综合收入年薪 15W-30W，每月薪资以工作内容考核结果为准；有能力者，薪资一切皆有可能！ 
6.双通道职业发展：
1）专业方向：初级研发工程师—中高级工程师—资深工程师—总工程师
2）管理方向：初级研发工程师—技术主管—技术经理—研发总监",技术支持 产品设计 培训 技术咨询 招投标,https://jobs.51job.com/kunshan/157388023.html?s=sou_sou_soulb&t=0_0&req=eaf058d49a0e5cf8a6020856f16bda37
泵类产品销售工程师,江苏建安泵业制造,1-2万,昆山,昆山,大专,2年及以上,2026-08-07 08:49:21,job51,"【工作内容】
- 负责泵类产品在医药、冶金、化工、新能源等工业领域的市场推广与销售，完成公司下达的销售目标；
- 与客户进行沟通，了解客户需求，提供专业的技术咨询与解决方案；
- 维护现有客户关系，拓展新客户资源，提升市场占有率；
- 协同技术支持团队，为客户提供售前、售后的技术服务支持。

【任职要求】
- 大专及以上学历，机械、化工、电气等相关专业优先；
- 具备2年及以上泵类产品或相关行业销售经验，有较强业务拓展能力；
- 熟悉泵类产品性能及应用场景，具备一定的技术理解能力；
- 具有良好的沟通能力和客户服务意识，能适应出差；
- 年龄在25至45岁之间，工作积极主动，责任心强。

岗位职责：
1.主要负责公司产品；
2.根据销售规划进行相关的产品宣传，渠道推广；
6.接受公司分配的销售目标、回款目标和费用预算；
3. 开拓新市场，发展新客户，收集、建立客户信息，向潜在客户推介产品；
4.对现有客户资源和渠道进行维护和拓展；
8.负责向本辖区的客户报价、谈判与订约；
9.协调职能部门完成订单，并保证客户的满意度；
10.货款、货运等事宜，保证合同款按期回收；
11.客户投诉处理。",市场推广 技术咨询 技术支持 客户服务,https://jobs.51job.com/kunshan/168120523.html?s=sou_sou_soulb&t=0_0&req=eaf058d49a0e5cf8a6020856f16bda37
机械设计工程师,昆山楷徽自动化科技,1.5-3万,昆山,昆山,大专,3年及以上,2026-07-17 15:20:41,job51,"岗位职责
1、产品开发与设计：
能独立负责非标自动化设备、线体（等的机械结构设计、部件选型及图纸输出，包括3D/2D图纸细化、BOM表制作及技术文档编写。
2.	技术支持与协作：
协助销售部门进行技术交流，参与客户需求调研，提供方案设计及成本分析，并配合生产部门解决加工、装配中的问题。
3.	项目全流程管理：
从方案设计到设备调试、验收全程跟进，主导现场技术指导及售后服务，确保项目进度与质量。
4.	工艺优化与改进：
对现有标准化设备进行改良降本，优化生产线流程，熟悉机械加工工艺及标准件选型（如气缸、丝杠等）。

任职要求
1.学历与专业：大专及以上学历，机械设计、机电一体化或自动化相关专业。
2.技能要求：
3.精通SolidWorks、等设计软件。
4.熟悉机械原理、气动/液压传动、机器人应用、视觉及标准件选型。

工作经验：
1.要求3年以上非标自动化行业经验，需主导参与过完整项目（如自动化产线、定制设备）。
2.软性能力：具备团队协作精神、抗压能力及跨部门沟通经验，能适应出差或紧急项目交付。

其他：能接受短期出差，6天责任制单休",技术文档 技术支持 方案设计,https://jobs.51job.com/kunshan/168813398.html?s=sou_sou_soulb&t=0_0&req=eaf058d49a0e5cf8a6020856f16bda37
装配主管,伟尔泰克智造科技（苏州）,1.2-1.5万,昆山,昆山,本科,5年及以上,2026-08-07 08:22:26,job51,"职位描述：
1. 目标设定：
 1.1依公司年度经营目标，完成本单位的年度目标设定；
 1.2依目标要求设定具体且有效的执行路径；
2. 团队建设：
 2.1依既定目标完成单位人力规划及组织架构设定；
 2.2完成各职能岗位说明书的制订；
 2.3完成各职能工作目标设定；
 2.4开展下属的定期培训及成果评定；
 2.5发掘优秀人才并给予拓展训练；
 2.6下属绩效评估及考核；
 2.7定期拟定有效的下属激励方案；
 2.8定期开展内部、外部沟通；
3. 作业程序及流程：
 3.1依公司管理系统要求，制定并完善与本单位有关的程序文件、作业流程；
 3.2针对程序文件、作业流程与相关单位沟通并达成共识；
 3.3针对程序文件、作业流程对下属进行培训并确保下属充份理解；
4. 工作承接、安排、监控、确认：
 4.1协助售前支持；
 4.2新方案协助评审；
 4.3结合既定时间及人力状况，作好人员及工作周期评估及安排；
 4.4具体工作排程及项目完成进度控制、质量监控.验收前检查工作及发货准备；
 4.5工作安排及项目跟进输出确认及项目装配工时审核；
 4.6根据项目发货.出差人员协调和售后维护调试工作；
 4.7结合每月生产项目.评估月度预算；
5. 资源调配：
 5.1以既定目标为目的，有效对内部资源进行调配，以确保工作高效；
 5.2如需外部资源时，主导外部资源开发并做好内部衔接的调配；
6. 工作支持及问题解决：
 6.1工作安排之后，下属遇到困难后及时提供技术及资源支持，以确保单位工作最终输出的质量；
 6.2单位内所有工作出现的问题***时间应对、主导分析及解决、效果确认；
 6.3公司或其他配合单位工作配合及支持；
7. 装配工艺优化、装配标准化、新产品调试：
 7.1装配工艺持续优化，装配要求精益求精，以保证设备的适用性能；
 7.2持续推进新项目各个工种的加工和装配标准化，设备的精度稳定性等；
 7.3持续进行新项目、新工艺的标准装配.调试工作；
8. 日常管理：
 8.1单位日常5S管理（水、电、门、窗、卫生等）；
 8.2员工形象、出勤、请假、工作纪律监督与管理；
 8.3协助部门经理对整个部门的日常管理；
 8.4部门经理安排之其它项事处理。
任职资格：
1.本科及以上学历，机械、机电、自动化相关专业；
2.非标自动化5年以及上工作经验； 有2年以上团队管理经验，3年以上生产管理经验；
4.熟练使用办公软件，2D、3D看图软件；
5.有装配团队管理经验；
6.有装配质量成本管控意义；
7.有叉车证、登高证优先；
8.有责任心、学习能力强、有抗压能力、计划与执行能力、判断与决策能力、领导能力
9.性格开朗、良好的职业道德。",培训 团队管理,https://jobs.51job.com/kunshan/162209330.html?s=sou_sou_soulb&t=0_0&req=eaf058d49a0e5cf8a6020856f16bda37
机械设计工程师,上海宝羽自动化系统设备,8千-1.5万,昆山,昆山,大专,10年及以上,2026-08-05 11:31:42,job51,"1、根据客户要求设计产品方案，绘制零件图及装配图；
2、负责完成设备或零部件选型与设计，制作选购清单，BOM表等；
3、负责现有产品的性能提升，技术改进及优化；
4、整理编写产品技术设计文档，建立健全技术档案管理；
5、负责产品加工跟踪，与供应商进行技术上的沟通；
6、为销售、售后服务提供技术支持；为采购、生产制造和质量检验提供标准；
7、熟悉机械设计原理、零件加工，了解产品工艺流程及技术标准；
8、完成领导交办的其他工作；
9、要求机电一体化专业，熟悉动力设计，熟练使用AutoCAD等机械设计软件；
10、具有良好的沟通和协调能力及团队合作精神；
11、有驾驶证优先。",技术支持 采购,https://jobs.51job.com/kunshan/144818812.html?s=sou_sou_soulb&t=0_0&req=eaf058d49a0e5cf8a6020856f16bda37
机械工程师,昆山圣泰机电制造,8千-1.5万,昆山,昆山,大专,3-4年,2026-07-06 15:34:55,job51,"主要职责	
1.	负责产品的机械设计及二维出图，满足工艺需求
2.	负责完成图纸的校对、工艺、标准化、审核流程
3.	负责项目设计的输出完整性及资料编写
4.	负责项目采购件的选型、技术协议制定、下单
5.	实施新产品的机械设计工作，完成机械设计过程中的图纸与技术文件
6.	根据产品的总体要求协助相应的工装设计、开发
7.	为公司销售与售后服务提供必要的技术支持
8.	完成领导临时交办的工作
工作经验： 
1. 具备3年以上从事钣金产品相关工作，且熟悉钣金工艺流程，并会编制工艺流程图，SOP等相关文件；
2. 相关独立开发过产品经验，良好的沟通能力
3. 对塑胶产品具有一定的开发经验，熟悉材料特性，工艺制造优先考虑。
 具备能力 
熟知设计规范、常识，熟悉机械加工工艺及设备，熟练掌握和使用AutoCAD、SolidWorks、ProE等设计软件",采购 技术支持 SolidWorks,https://jobs.51job.com/kunshan/104147620.html?s=sou_sou_soulb&t=0_0&req=eaf058d49a0e5cf8a6020856f16bda37
销售经理,江苏集萃精凯高端装备技术,3-3.5万·15薪,昆山,昆山,大专,3-10年,2026-08-07 08:44:39,job51,"职责描述：
1、根据公司的发展规划与年度销售目标，制定销售计划，并确保高质量完成销售业绩；
2、与客户沟通交流产品具体应用，产品特性，应用环境要求；
3、收集、整理、归纳客户和产品售后服务资料并及时反馈到研发和生产等相关部门，对客户群进行需求分析，挖掘成交的机会；
4、和研发配合确认技术方案，为公司寻找行业突破点；
5、加强对地区客户的沟通、拜访及技术支持，保持及增强客户的稳定性，扩大市场及产品份额。
6、承办领导安排的其他工作事项。

任职要求：
1、热爱销售，渴望成功，有拼搏精神，有强烈的进取欲望；
2、沟通表达良好，能独立和客户跟进对接；
3、对高端制造、精密设备、半导体行业有兴趣，有基础佳。",客户沟通 需求分析 技术方案 技术支持,https://jobs.51job.com/kunshan/156029197.html?s=sou_sou_soulb&t=0_0&req=eaf058d49a0e5cf8a6020856f16bda37
运维技术员,江苏凯成智能科技,5-7千,昆山,昆山,大专,1年及以上,2026-08-04 13:15:25,job51,"一、岗位职责：
1.&nbsp;负责监控摄像头、NVR录像机、交换机、显示器、门禁、网络布线日常巡检、故障排查、维修；
2.&nbsp;监控设备安装、调试、点位整改、线路整理、硬盘更换；
3.&nbsp;处理监控无图像、卡顿、掉线、录像异常、夜视故障等问题；
4.&nbsp;定期巡检，做好维保记录，整理设备台账；
5.&nbsp;配合甲方调试监控平台，简单网络排查，熔接网线/光纤优先加分；
6.&nbsp;服从安排，外勤上门维修，及时响应故障报修。
 
二、任职要求：
1.&nbsp;年龄22–45周岁；
2.&nbsp;必备基础：认识模拟/网络摄像头，会排查监控不通、不通电、无画面故障，熟悉录像机基础操作；
3.&nbsp;了解网线、POE供电、交换机基础网络知识，能独立布线、水晶头压制；
4.&nbsp;有弱电、安防监控、网络施工维修经验优先；
5.&nbsp;持有登高证、电工证优先（高空检修摄像头需要）；
6.&nbsp;动手能力强，能爬梯高空作业，无恐高症；
7.&nbsp;有驾驶证、自备交通工具优先；
8.&nbsp;责任心强，沟通良好，能接受偶尔应急加班；
9.&nbsp;无违法犯罪记录。

工作时间：一般为常白班，应急抢修时需轮值。",故障排查 nbsp,https://jobs.51job.com/kunshan/130059941.html?s=sou_sou_soulb&t=0_0&req=eaf058d49a0e5cf8a6020856f16bda37
机构设计工程师,苏州赛腾精密电子,1.5-2.5万,昆山,昆山,大专,3年及以上,2026-07-02 14:35:48,job51,"岗位职责：
1、根据客户，提供技术协议，提供设备方案设计，并实施设备各个机构的详细三维、二维设计。制作图纸Bom清单；
2、制作设备生产过程中需要的各种作业指导书以及技术标准；
3、解决设备生产以及在客户端出现的问题，售前、售后技术支持；
4、设备的持续改进实施，参与各种方案以及技术评审；
5、总结技术经验，定期内部技术交流，培训指导相关部门人员；
6、完成主管安排的其他任务。
任职要求：
1、3年以上3C行业非标自动化设备机械设计经验，机械相关专业，学历大专以上；
2、能够快速了解熟悉公司产品，对新产品能够快速了解上手；
3、熟练使用AutoCAD绘图软件,熟练使用SolidWorks 3D软件；
4、吃苦耐劳，能够配合加班。
5、有团队管理经验尤佳",方案设计 技术支持 培训 团队管理,https://jobs.51job.com/kunshan/163804472.html?s=sou_sou_soulb&t=0_0&req=eaf058d49a0e5cf8a6020856f16bda37
业务,昆山聚达电子,5-8千,昆山,昆山,大专,无需经验,2026-06-22 08:21:04,job51,"【工作内容】
- 负责公司业务的拓展与客户关系维护，协助完成销售目标；
- 与客户联络、沟通、主动热情向客户介绍公司产品，做好售前、售后技术指导及服务；
- 参与市场信息收集与分析，协助制定业务策略，进行市场调查，收集市场信息，发现潜在客户，代表公司与客户洽谈业务，进行商务谈判并能及时收回应收款项；
- 完成上级交办的其他相关业务支持工作。
【任职要求】
- 专科及以上学历，专业不限，应届毕业生或无经验者优先；
- 具备良好的沟通能力和学习能力，适应快节奏工作环境；
- 熟悉办公软件操作，有责任心和团队合作精神；
- 对业务工作有热情，愿意从基层岗位做起，持续成长。",商务谈判,https://jobs.51job.com/kunshan/166928137.html?s=sou_sou_soulb&t=0_0&req=eaf058d49a0e5cf8a6020856f16bda37
俄语翻译,昆山亚动进出口,1-1.5万·13薪,昆山,昆山,本科,3年及以上,2026-06-30 14:02:20,job51,"职位目标 :
负责项目管理，协同业务给予客户技术层面助力，包括项目计划和进度安排，不限于项目计划与管理、
技术沟通、质量控制、资源协调等。 
 岗位职责及职位要求 :
岗位职责： 
1、 在商务谈判、生产现场、会议及客户接待中提供交替传译或同声传译服务； 
2、 协助中外双方沟通，准确传递信息，维护客户关系； 
3、 响应国外客户咨询，跟进订单及售后问题； 
4、 整理会议纪要并归档，跟踪跨部门协作事项； 
5、 负责合同、技术文档、商务文件、会议记录、产品资料等中俄互译，确保译文准确专业且符合行业术语
规范。 
 
职位要求： 
1、 俄语专业八级证书或同等能力证明； 
2、 本科及以上学历，俄语、翻译相关专业优先； 
3、 硕士学历或海外留学背景更具竞争力； 
4、 精通中俄双语互译，笔译需文笔流畅、用词精准；口译需反应敏捷、表达自然； 
5、 能接受出差安排。 
 
沟通关系 :
内部协调 业务部门、供应链部门 
外部协调 客户、供应链厂家 
KPI 关键绩效指标:
技术支持配合度、项目完成进度、客户满意度、项目风险管控、沟通与协调能力 
任职标准: 
教育水平: 本科及以上学历 
工作经验: 3 年以上工作经验 
知识技能 :
有较强的策划、沟通应变、人际交往及组织协调分析能力； 
熟练使用办公软件（如 Office、PPT、projector 等）。",项目管理 资源协调 商务谈判 跨部门协作 技术文档 供应链 技术支持,https://jobs.51job.com/kunshan/148924591.html?s=sou_sou_soulb&t=0_0&req=be21d15a9fc7a48bcbe5e86cdd7e6cf1
业务专员（医疗行业）,东野精机（昆山）,1-1.5万,昆山,昆山,大专,2-3年,2026-08-07 11:40:10,job51,"岗位职责：
1.负责医疗器械及耗材的市场调研，分析客户需求，制定销售策略及计划。
2.推广公司产品，提供专业的产品介绍、技术支持及售后服务，解决客户疑问。
3.完成销售目标，跟踪销售订单，确保货款回收。
4.收集市场反馈，分析竞争对手动态，为公司产品改进和市场策略调整提供依据。
5.参与展会、研讨会等市场推广活动，提升公司品牌知名度。
任职要求：
1.专科及以上学历。
2.具有2-3年医疗器械或耗材行业销售工作经验，熟悉医疗市场及销售渠道。
3.具备良好的沟通能力和谈判技巧，能够有效处理客户关系。
4.具备较强的市场分析能力和问题解决能力，能够独立完成销售任务。
5.具备良好的团队合作精神，能够承受工作压力，适应出差。",市场调研 技术支持 市场推广,https://jobs.51job.com/kunshan/157399901.html?s=sou_sou_soulb&t=0_0&req=be21d15a9fc7a48bcbe5e86cdd7e6cf1
废气环保工程师,江苏永益环保科技,1-1.5万,昆山,昆山,大专,5年及以上,2026-06-26 14:48:03,job51,"支持线下面试，请看清要求再投递简历 谢谢（苏州昆山范围内优先）
岗位要求：
1、大专以上学历，环保类相关专业5年以上工作经验及管理经验；
2、熟悉有机废气，酸碱废气，粉尘等处理工艺；
3、能熟练掌握环保相关技术工艺、能出方案，熟悉各行业废气、粉尘、酸碱废气等治理经验；
4、针对客户实际情况提出治理方案，配合销售做好售前工作，配合报价；
5、勤奋、诚实、守信，具备较强的事业心，工作热情，能承担较大的工作压力 ；
6、熟悉钣金各工序加工工艺流程；CAD、SolidWorks等相关设计软件并能使用；

职位福利：五险、年底奖金、全勤奖、包吃、交通补助、餐补、多次晋升机会",CAD,https://jobs.51job.com/kunshan/165175209.html?s=sou_sou_soulb&t=0_0&req=be21d15a9fc7a48bcbe5e86cdd7e6cf1
业务助理,瑞鼎工业技术（昆山）,5-8千·13薪,苏州,昆山,本科,2年及以上,2026-08-07 10:54:43,job51,"工作内容：
61 订单处理，
 - 接收客户订单，核对订单信息，包括产品型号、数量、价格、交货日期等。
 - 在内部系统中录入订单信息，并及时将订单分发至相关部门（如生产、仓储、物流等）。
61 生产跟进， 
- 跟踪订单的生产进度，确保生产部门按照订单要求的时间表进行生产。
- 解决生产过程中出现的任何问题，并及时与相关部门沟通协调。
61 物流安排，
- 根据客户的交货要求，协调物流部门安排发货。
- 跟进物流过程，确保货物按时、完整地送达客户指定地点。
61 客户沟通，
- 客户更新订单的进展情况。
- 处理客户的变更要求、投诉及其他问题，确保客户满意
61 文件管理， 
- 负责管理与订单相关的所有文件，包括合同、发票、出货单、报关单据等。
- 确保所有文件的准确性和完整性，并按公司要求妥善存档。
61 售后服务支持，
- 跟进订单完成后的客户反馈，处理退货、换货等售后服务事宜。
- 与客户保持联系，收集客户对产品和服务的意见，以便公司改进。
 应收账款管理， 
-客户应付账款记录及维护
-客户对账及开票管理",客户沟通,https://jobs.51job.com/suzhou/159864836.html?s=sou_sou_soulb&t=0_1&req=be21d15a9fc7a48bcbe5e86cdd7e6cf1
产品工程师,江苏科森医疗器械,1.2-1.5万·13薪,昆山,昆山,大专,3年及以上,2026-07-15 14:36:23,job51,"1.新品开发：主导产品报价评估，参与新产品立项会议，依据新产品开发流程主导新产品可行性评估，识别产品特殊特性特征，掌握产品功能用途2.新产品的试制样。制样技术资料的制作，制样材料的承认与申请，制样过程的跟踪，并对制样过程中发现的问题进行改善，满足市场与客户的需求；3.负责设计产品生产工序，工艺装配，工艺标准，编制产品生产相关技术4.根据实际生产状况与工艺进步提出工艺流程改进建议，并组织进行改进5.收集行业内新材料、新技术、新生产工艺信息，并向上级汇报，提出产品改进建议；6.解决生产过程的技术问题，协助解决产品售后的质量问题7.负责向供应商提出生产工艺方面的培训，向供应商提供技术支持8.负责考察供应商的工艺水平，提出评估意见9.上级交代的其他工作
4、推动新技术、新工艺的开发和应用;
5、根据加工和装配特点，提出产品的设计建议，有效支持国产化项目的实施，跟进产品样件的加工
专业要求：
1、具有较强的判断能力，交际能力、沟通能力；2、三年以上工作经验，两年以上工艺设计相关工作经验；3、熟悉本行业技术标准；4、接受过工艺流程与工艺设计等相关培；5、能够熟练使用3D软件（UG）制图、使用2D软件（AutoCAD）制图",培训 技术支持 UG AutoCAD,https://jobs.51job.com/kunshan/154508839.html?s=sou_sou_soulb&t=0_0&req=be21d15a9fc7a48bcbe5e86cdd7e6cf1
物流销售经理,昆山瀚宇国际物流服务,1.2-1.8万,昆山,昆山,本科,3-4年,2026-07-31 11:09:34,job51,"（1）负责宣传并推广仓储业务，项目引进、跟踪并促成项目合同签订，达成各类销售绩效考核；
（2）根据公司指示，负责行业市场和客户的信息搜集、分析、总结等市场调研工作，并撰写市场调查报告；
（3）熟练掌握产品，负责为客户提供专业项目咨询，制定技术方案、商务报价、投标方案等；
（4）负责建立健全客户档案，并协调售前售中售后技术支持资源，为客户提供良好的服务，维护良好关系；
（5）负责通过各种资源寻找潜在客户，开发新客户，制订客户拜访计划并实施，跟踪客户订单的落实情况；
（6）负责在公司的营销战略及目标引导下，能够独立开发客户，严格执行公司的销售政策，定期提交各类业务报表。
岗位要求：
（1）大专以上学历，3年以上三方仓储物流行业的销售经验，有独立的项目案例；
（2）性格开朗、勇于接受挑战，富开拓精神和良好的沟通能力和团队合作精神，抗压能力强，认同公司价值观；
（3）具备良好的职业素养，诚实敬业，责任心和执行力强，忠于公司，有强烈的竞争意识，勇于挑战高薪；
（4）具备优秀的销售技能和商务谈判能力，拥有良好的客户服务态度和沟通能力，能够胜任出差；
（5）熟练运用各类办公、网络等内外沟通软件为销售服务，配合团队完成为客户提供解决方案的制定、实施和跟踪。",市场调研 技术方案 投标 技术支持 商务谈判 客户服务,https://jobs.51job.com/kunshan/144064507.html?s=sou_sou_soulb&t=0_0&req=be21d15a9fc7a48bcbe5e86cdd7e6cf1
材料可靠性检测,亿科检测认证,1.2-1.8万,昆山,昆山,大专,3-5年,2026-07-24 18:03:34,job51,"岗位职责：
1、负责汽车领域的可靠性测试项目，包括不限于环境类，机械类，电性能类的测试工作，熟悉主机厂测试要求""				
2、负责常规检测仪器的日常管理和维护，检查并记录仪器的使用状态""				
3、给销售提供及时，细致的技术支持以满足售前售后的需求""				
4、参与实验室CMA和CNAS新项目开发，以及主机厂审核，并准备相关文件""				
5、按测试任务标准准确、准时完成测试并出具测试报告""				
6、根据主管的要求，可以分配职员与职位类型相关或因公司运作而变得必需的额外任务""
任职要求：
1、专科及以上学历
2、具有3年以上第三方检测机构汽车零部件或消费品检测的工作经验，熟悉汽车零部件产品（可靠性，电性能，机械类）国内外测试				
3、法规和标准，精通材料力学方面的测试与标准要求。具有建材领域工作经验者优先				
4、良好的英语读写能力，能看懂英文资料和标准要求，可以编制英文报告				
5、良好的团队合作精神和服务态度，具有良好的沟通和抗压能力",技术支持,https://jobs.51job.com/kunshan/156085023.html?s=sou_sou_soulb&t=0_0&req=be21d15a9fc7a48bcbe5e86cdd7e6cf1
英语翻译,昆山亚动进出口,1-1.5万,昆山,昆山,本科,3年及以上,2026-06-25 09:39:21,job51,"职位目标 ：
负责项目管理，协同业务给予客户技术层面助力，包括项目计划和进度安排，不限于项目计划与管理、
技术沟通、质量控制、资源协调等。 

 岗位职责及职位要求 
岗位职责： 
1、 在商务谈判、生产现场、会议及客户接待中提供交替传译或同声传译服务； 
2、 协助中外双方沟通，准确传递信息，维护客户关系； 
3、 响应国外客户咨询，跟进订单及售后问题； 
4、 整理会议纪要并归档，跟踪跨部门协作事项； 
5、 负责合同、技术文档、商务文件、会议记录、产品资料等中英互译，确保译文准确专业且符合行业术语规范。 
 
职位要求： 
1、 英语专业八级证书（TEM-8）或同等能力证明（雅思 6.5+/托福 90+）； 
2、 本科及以上学历，英语、翻译相关专业优先； 
3、 硕士学历或海外留学背景更具竞争力； 
4、 精通中英双语互译，笔译需文笔流畅、用词精准；口译需反应敏捷、表达自然； 
5、 能接受出差安排。 
 
沟通关系： 
内部协调 业务部门、供应链部门 
外部协调 客户、供应链厂家 
KPI 关键绩效指标 
技术支持配合度、项目完成进度、客户满意度、项目风险管控、沟通与协调能力 
任职标准 :
教育水平: 本科及以上学历 
工作经验: 3 年以上工作经验 
知识技能 :
有较强的策划、沟通应变、人际交往及组织协调分析能力； 
熟练使用办公软件（如 Office、PPT、projector 等）。",项目管理 资源协调 商务谈判 跨部门协作 技术文档 供应链 技术支持,https://jobs.51job.com/kunshan/166841845.html?s=sou_sou_soulb&t=0_0&req=be21d15a9fc7a48bcbe5e86cdd7e6cf1
技术服务储干（应届校招）,苏州安美润滑科技,7千-1万,昆山,昆山,本科,在校生/应届生,2026-08-05 10:53:12,job51,"工作职责:
主要负责工业油液化学品（润滑油、金属加工液、表面处理液等）产品的应用技术支持包含以下工作内容：
1、售前：了解客户工艺及化学品需求，进行竞品分析，并提出可行的解决方案，为研发团队提供输入；
2、售中：与客户技术部门和生产部门进行确认评定标准，指导试用方式，并协助现场试样；
3、售后：协助客户排查使用产品时遇到的问题，综合分析人机料法环等因素，给出解决方案；
4、培训：编写技术服务案例，行业解决方案书，为业务员进行相关培训。
任职资格:
1、应届毕业生，本科以上学历，化学和化工类专业优先；
2、具有一定的分析和解决问题的能力，能承受较大的工作压力；
3、勤奋好学，能吃耐劳，能适应出差，有时需要驻厂；
4、熟练使用各类办公软件，有较强的团队精神。",技术支持 竞品分析 培训,https://jobs.51job.com/kunshan/168330493.html?s=sou_sou_soulb&t=0_0&req=be21d15a9fc7a48bcbe5e86cdd7e6cf1
售前售后技术支持,上海制菱智能科技,7-8千,昆山,昆山,本科,1年及以上,2026-06-23 14:45:14,job51,"岗位职责：
1、熟悉产品技术、参照各类技术资料，通过电话解决客户的各种技术问题（主要产品包括：PLC、人机界面、网络、变频器、伺服、定位、运动控制器等；
2、负责公司技术培训与技术性沟通交流；
3、协助业务员给予客户技术相关沟通、指导使用、解答等；
4、协助客户解决现场使用过程中遇到的疑惑和客户需求；
5、与其他团队成员保持良好合作与沟通。

任职要求：
1、熟悉三菱等品牌工控产品、电气自动化或有电气技术行业相关经验优先
2、有较强的沟通表达能力和协调能力
3、具有硬件设备类测试经验
4、思路清晰，能独立分析解决问题，承受一定的工作压力
5、工作性稳定",培训 PLC,https://jobs.51job.com/kunshan/172654002.html?s=sou_sou_soulb&t=0_0&req=be21d15a9fc7a48bcbe5e86cdd7e6cf1
售后技术支持工程师,昆山天寰测试科技,6-8.5千,昆山,昆山,本科,1年及以上,2026-08-03 16:04:14,job51,"【工作内容】
1、负责出货产品的售后技术支持，快速响应并解决客户现场遇到的技术故障与异常问题；
2、深入分析产品失效案例，输出专业故障分析报告，协助研发部门优化产品设计与生产工艺；
3、主导或参与客户技术培训工作，编制标准化操作手册及常见问题解答库，提升客户使用体验；
4、协调内部资源处理紧急客诉，跟进项目交付进度，确保客户需求得到及时闭环解决；
5、收集市场反馈信息，定期整理行业技术动态，为新产品开发及市场推广提供数据支持。

【任职要求】
1、电子工程、微电子、集成电路或相关专业大专及以上学历，具备扎实的理论基础；
2、熟悉器件特性及测试流程，掌握常用仪器操作，有相关领域技术支持经验者优先；
3、具备良好的逻辑思维能力与抗压能力，能适应短期出差，拥有优秀的沟通表达技巧；
4、责任心强，服务意识佳，具备团队协作精神，愿意在专业技术领域长期深耕发展。",技术支持 产品设计 培训 市场推广,https://jobs.51job.com/kunshan/173132664.html?s=sou_sou_soulb&t=0_0&req=be21d15a9fc7a48bcbe5e86cdd7e6cf1
自动化设备-售后技术支持主管,昆山迈开特精密设备,7千-1.4万·13薪,昆山,昆山,大专,5年及以上,2026-07-23 21:43:06,job51,"【工作内容】
1、负责自动化设备售后技术团队的日常管理，统筹制定服务计划并监督执行进度；
2、主导重大故障的现场诊断与排除，输出专业维修方案，确保设备快速恢复运行；
3、建立客户技术培训体系，定期开展操作维护培训，提升客户自主解决问题的能力；
4、收集分析设备运行数据与故障案例，协同研发部门优化产品设计与工艺缺陷；
5、协调跨部门资源处理紧急客诉，维护客户关系，提升客户满意度与服务口碑。

【任职要求】
1、机械自动化、电气工程或相关专业，具备五年以上行业经验；
2、精通PLC编程及变频器调试，熟悉主流自动化产线架构，能独立解决复杂故障；
3、拥有三年以上团队管理经验，具备优秀的现场协调能力及突发事件应对能力；
4、持有电工证等特种作业证书，适应频繁出差及高强度现场技术支持工作；
5、具备良好的职业素养与沟通技巧，责任心强，能在压力下保持高效工作状态。",培训 产品设计 团队管理 技术支持,https://jobs.51job.com/kunshan/173024823.html?s=sou_sou_soulb&t=0_0&req=be21d15a9fc7a48bcbe5e86cdd7e6cf1
售后技术员/工程师（叉车维修）,科朗叉车商贸（上海）,6千-1.2万,昆山,昆山,大专,2年,2026-06-25 13:49:48,job51,"1. 在规定范围内，从事叉车的日常售后服务，包括保养、维修
2. 对客户进行基础操作培训及新车的安装
3. 保持和客户的沟通，反馈客户对产品的使用情况的意见和建议
4. 负责配件的日常销售，售后及配件销售货款的回笼，并为叉车销售工作提供必要的支持
5. 保持售后服务工具和服务车始终处于良好的管理下
任职要求：
1. 技校/大专及以上学历，工程机械、机电、自动化相关专业
2. 至少二年以上物流设备/液压设备/叉车现场维修经验，有客户处售后服务经验优先考虑
3. 掌握电气知识和液压知识
4. 能吃苦耐劳，能适应一定强度工作
5. 必须有驾照，有叉车证优先考虑
6. 动手能力强，喜欢钻研
7. 工作地点：太仓/昆山
提供有竞争力的的薪资待遇：
基本工资+加班费+高温津贴+餐补+交通补贴+周末双休",培训,https://jobs.51job.com/kunshan/172203334.html?s=sou_sou_soulb&t=0_0&req=2d50eec61c0e695d4bbdbde44ce251ec
售后工程师,苏州贝茵科技,6-8千,昆山,昆山,大专,2年及以上,2026-07-31 08:50:43,job51,"职位描述
1. 负责设备上门/远程安装调试、故障维修、定期巡检保养
2. 对接客户技术咨询，操作培训，处理售后问题并闭环工单
3. 登记故障信息，反馈产品缺陷，跟进备件领用与返修
4. 维护客户关系，完成售后回访，提升客户满意度
5、-负责售前/售中/售后各平台等前来咨询的设备技术问题；

岗位要求

1. 机电/电子/自动化相关专业，有设备售后经验优先
2. 能独立排查设备故障，看懂基础图纸，会使用维修工具
3. 可接受出差、应急抢修，沟通良好，有服务意识
4. 做事负责，能熟练填写售后单据，学习能力强

偶尔需要出差",技术咨询 培训,https://jobs.51job.com/kunshan/173105780.html?s=sou_sou_soulb&t=0_0&req=2d50eec61c0e695d4bbdbde44ce251ec
售后工程师（FAE）（台湾）,环鸿电子（昆山）,8千-1.5万·15薪,昆山,昆山,大专,1年,2026-07-22 14:17:46,job51,"工作职责:
1、负责非标自动化设备（装配/调试/维护/维修）现场售后、故障排查与问题解决。
2、出差到客户现场进行设备安装、调试，培训客户操作人员。
3、处理设备售后问题，记录故障原因、处理方案，形成售后报告。
4、配合研发、装配部门反馈现场问题，优化设备稳定性。
5、服从现场工作安排。
任职资格:
1、大专及以上学历，机械、电气、自动化等相关专业优先。
2、有自动化设备调试、设备维护、生产技术或相关工作经验者优先，优秀应届生亦可培养。
3、具备基本的机械或电气知识，能够配合现场工作安排。
4、具备良好的沟通能力和服务意识。
5、能接受出差安排。",故障排查 培训,https://jobs.51job.com/kunshan/173001530.html?s=sou_sou_soulb&t=0_0&req=2d50eec61c0e695d4bbdbde44ce251ec
非标售后调试工程师(须会机器视觉调试),昆山曼赫电子科技,7千-1.1万,昆山,昆山,大专,5-10年,2026-07-23 10:57:27,job51,"岗位职责：
1、负责现场设备上线安装至验收；
2、负责售后服务、现场指导,安装调试、技术支持、问题处理、故障排除,系统应用及维护,保证设备在客户端运行稳定；
3、对客户的售后服务请求做到快速响应，及时处理，提高客户满意度，保持良好的客户关系；
4、负责客户现场技术培训。

任职要求：
1、大专及以上学历，机电一体化、机械设计与工业自动化及相关专业，有非标自动化行业经验；
2、有电工基础，能看懂电气原理图，根据电气原理图接线、故障排查；
3、能看懂PLC程序并可以做修改、调试（三菱、汇川、信捷等），且须会机器视觉模块调试；
4、熟悉机械手操作，会示教机器人位置及程序修改（Fanuc、ABB、图灵）；
5、了解工业相机、上位机优先；
6、能适应出差。",技术支持 培训 故障排查 Fanuc ABB,https://jobs.51job.com/kunshan/173014036.html?s=sou_sou_soulb&t=0_0&req=2d50eec61c0e695d4bbdbde44ce251ec
设备售后工程师,深圳市微组半导体科技,7-9千,昆山,昆山,大专,3年及以上,2026-07-21 09:45:02,job51,"年底搬迁至苏州园区高铁站，目前场地装修中，大小周休
工作内容：
优化机械设备，解决生产过程中的问题，并协助相关团队完成项目计划。
主要职责：
1.运维、客户现场售后与技术支持、日常维护、故障排查、配合组装阶段，调试阶段等环节；
2. 负责标准设备的维护治具设计工作，简单的设备升级。
3.负责与其他部门的沟通，协助解决问题，确保项目的顺利进行；
4.需配合华东地区出差（江浙沪安徽等地）

职位要求：
- 大专或以上学历，机械、材料或相近专业；
- 2年以上的机械研发经验，有丰富的项目实施经验优先考虑；
- 熟悉机械设计、制造、装配和调试等环节，具备一定的电气知识；
- 熟悉标准化设备维护升级，受控文档整理管理
- 具备良好的沟通能力和团队合作精神，具备独立思考和解决问题的能力；",技术支持 故障排查,https://jobs.51job.com/kunshan/172979655.html?s=sou_sou_soulb&t=0_0&req=2d50eec61c0e695d4bbdbde44ce251ec
售后服务工程师,博可机械（太仓）,12-18万/年,太仓,常熟,大专,3-4年,2026-08-07 08:53:15,job51,"特别说明：

该岗位为售后服务工程师，工作职责以客户现场新机安装、售后维修维护为主。需频繁出差国内或国外。
（出差期间加班依法计发加班费及出差补贴）
一、岗位职责 Responsibilities of the Position：
1、完成各项现场服务工作，并认真填写工作日志（设备安装、调试及紧急服务等）。
2、根据客户需求制定服务方案，报备服务主管 。
3、服务及备件销售方案支持。
4、收集客户服务需求，反馈设备质量状况 。
5、按公司规定填写各种文档及报告 。
6、服从部门经理、主管的工作安排。
7、现场服务质量管控。
8、QAB 支持 。
9、装机计划支持 。
二、岗位要求 Requirements for the Position：
1、大专及以上学历，机械类或机电类专业。
2、3年以上服务工程师经验，有较好的现场管理经验。
3、良好的抗压能力，工作态度积极，良好的沟通表达能力，有责任心。
4、有海外服务、或项目管理经验责优。
5、英文水平良好，能简单沟通交流
6、能适应经常性的国内、外出差及加班
7、具低压室内登高证、电工证，同时具有钳工证及焊工证等尤佳。",客户服务 项目管理 Responsibilities QAB Requirements,https://jobs.51job.com/taicang/150014772.html?s=sou_sou_soulb&t=0_1&req=0d128b1cbb41dfbe120429c535d21b9d
海外售后,普洛赛斯（苏州）智能装备,1-2万,常熟,常熟,大专,3年及以上,2026-06-17 14:01:58,job51,"工作内容：
负责公司的电气设备的安装、调试、维护及排除故障工作；
负责按照工程进度，完成生产线上各类电气设备的装配、接线、调试、验收及记录工作；
负责对生产线上电气设备的安全性、可靠性负责，确保生产安全及设备正常运行；
参与制定并实施电气设备的操作规程及维护标准；
参与培训，掌握相关的技能和知识，执行现场安全及环保规定；
协助完成其他与电气设备相关的工作任务。
主要职责：
- 具备一定的电气知识，熟悉电气设备的操作流程和维护方法；
- 具备良好的电气安装技能，具备较强的电气安全意识和责任心；
- 具备良好的沟通能力和团队合作精神，能够与不同部门和岗位的同事配合工作；
- 具备良好的职业道德，对工作认真负责，能够按照要求完成工作。
职位要求：
- 大专及以上学历，电气、自动化、机电一体化等相关专业；
- 3年相关工作经验，熟悉电气设备的操作和维护；
-具备良好的英语交流，能适应海外的出差",培训,https://jobs.51job.com/changshu/168950663.html?s=sou_sou_soulb&t=0_0&req=0d128b1cbb41dfbe120429c535d21b9d
数控机床机修售后工工程师,罗威斯数控科技（常熟）,7千-1.2万,常熟,常熟,大专,2年及以上,2026-07-06 17:34:36,job51,"岗位职责：
1、三轴、四轴或五轴加工中心、数控设备的现场维护；
2、售前、售后技术支持；
3、客户现场设备运行状况跟进，客户关系维护。
任职要求：
1、电气、机械、数控等相关专业；
2、有机械设备维修经验，2年以上机床行业售后维修经验优先；
3、能独立完成调试和客户协调工作，客户服务意识强，现场解决问题能力佳；
4、适应长期出差或驻点，服从安排，抗压能力良好，敬业、注重团体协作。
刚毕业数控/数维/机电一体化相关专业，愿意从事售后维修优秀学徒亦可",技术支持 客户服务,https://jobs.51job.com/changshu/163319435.html?s=sou_sou_soulb&t=0_0&req=0d128b1cbb41dfbe120429c535d21b9d
售后电气工程师,炬鼎热能科技（苏州）,1-1.5万,常熟,常熟,大专,2年及以上,2026-08-07 10:37:08,job51,"【工作内容】
- 负责客户设备的安装、调试及故障排查，提供现场技术支持；
- 与客户沟通，了解设备使用情况并解决相关问题；
- 协助制定和优化售后服务流程，提升客户满意度；
- 编写技术文档和操作手册，确保服务标准化。
【任职要求】
- 2年及以上相关行业（如工业自动化、装备制造、电力电气等）的现场调试、售后服务或设备维护经验；大专及以上学历，电气工程及其自动化、机电一体化、电力电子、控制科学与工程等相关专业
-精通电气原理，能快速阅读和理解电气原理图、接线图、布局图；熟练掌握至少一种主流品牌PLC（如 Siemens西门子S7-1200/1500/TIA Portal、三菱Mitsubishi、欧姆龙Omron、）的编程、调试和故障排查。
- 熟悉伺服驱动器（如 Siemens S120, 三菱MR-J4）、变频器的参数设置、调试和优化
- 工作认真负责，能适应出差及灵活的工作安排。",故障排查 技术支持 客户沟通 技术文档 TIA Portal Siemens S120,https://jobs.51job.com/changshu/168204194.html?s=sou_sou_soulb&t=0_0&req=0d128b1cbb41dfbe120429c535d21b9d
海康威视售后客服（双休）,赛科斯信息技术（上海）,3.7-5千,常熟,常熟,大专,无需经验,2026-07-20 10:50:09,job51,"纯售后，不带任何销售性质，做五休二 月休八天 法定节假日休息！
（入职购买五险一金、提供免费住宿）

职位描述：
-接听用户来电，为最终客户提供专业全面的技术支持与客户服务
-通过电话和网络解决客户软件/硬件的技术问题及售前售后咨询服务，并做好详细记录

薪资福利：
1、试用期***个月:底薪3000+500餐补=3500
试用期第二个月:底薪3000+500餐补+200全勤=3700+绩效600(需满足***周接听量25个+第2周接听量33个+第3周接听量43个+第4周接听量50个)=4300元
第三月转正:底薪3000+餐补500+200全勤=3700+绩效400-600(每天超过70个电话量1元/个计件)会随现场指标调节

tips:
1、员工等级:300元(月均65个/电话),400元(月均67个/电话)
2、电话量前四分别是500元.500元.200元.200元
3、电话奖励满70个以上，1元一个电话

工作时间:9:00-18:00;10:30-20:00 (中班补贴20元/次);13:00-22:00(中班补贴20元/次)



工作地点：常熟市紫晶创意广场紫晶城V4栋4楼；",IPS 技术支持 客户服务,https://jobs.51job.com/changshu/160655690.html?s=sou_sou_soulb&t=0_0&req=0d128b1cbb41dfbe120429c535d21b9d
售后客服/双休/朝九晚六,赛科斯信息技术（上海）,3.8-5.5千,常熟,常熟,大专,无需经验,2026-07-14 16:04:21,job51,"纯售后，不带任何销售性质，做五休二 月休八天 法定节假日休息！
（入职购买五险一金、提供免费住宿）

职位描述：
-接听用户来电，为最终客户提供专业全面的技术支持与客户服务
-通过电话和网络解决客户软件/硬件的技术问题及售前售后咨询服务，并做好详细记录

薪资福利：
1、固定底薪+月度奖金；
2 、舒适的工作环境+每周组织员工活动+不定期举办各种活动，工作也可以多姿多彩！
3、入职即购买五险一金，享有各种带薪假期：带薪年假，病假，婚假，陪产假等~
4、全面化、体系化的培训，如：入职培训、在职培训、晋升培训，为员工提供通畅的晋升通道，就等你来！

工作地点：常熟市紫晶创意广场紫晶城V4栋4楼；
上班时间：09:00-18:00 ，做五休二，包住",技术支持 客户服务 培训,https://jobs.51job.com/changshu/156242789.html?s=sou_sou_soulb&t=0_0&req=0d128b1cbb41dfbe120429c535d21b9d
服务工程师-常熟,科尼起重机设备（上海）,6-9千·13薪,常熟,常熟,大专,1年及以上,2026-07-10 13:55:59,job51,"Position Title: Service Engineer 服务工程师 

Principal Responsibilities 岗位职责:
实施起重设备的定期检查，维护保养，抢修以及大修，改造和培训等工作，完成服务报告；
负责与客户进行安全回顾和服务回顾，及时帮助客户分析和解决设备问题；
协助提供备件信息及设备改善方案；
执行安全规程，服从现场管理；
主管安排的其他现场服务工作

Requirements 任职要求:
大专以上学历，电气，机械或自动化相关专业；
有电气维修经验；
良好的环境适应能力，能适应登高作业；
团队精神，动手能力强，能吃苦耐劳。
有电工证和特种设备操作许可证优先；
三年以上设备安装和维护经验，具有起重机安装和维护保养工作经验优先；",Gin 培训 Title Principal Responsibilities Requirements,https://jobs.51job.com/changshu/157059750.html?s=sou_sou_soulb&t=0_0&req=0d128b1cbb41dfbe120429c535d21b9d
销售支持,苏州易开迪新能源技术,8千-1.2万·13薪,常熟,常熟,本科,5年及以上,2026-07-28 10:10:32,job51,"岗位职责
1. 订单处理与项目跟进
接收并审核国外客户的订单需求，制作销售订单、形式发票及相关单据。
主动跟踪订单执行状态，协调内部生产、物流等部门，确保订单按时交付。
定期向客户反馈项目进度，处理订单执行中的异常问题。

2. 报价与客户沟通
及时响应客户询价，准备报价单并提供产品技术、交期等信息的解答。
作为客户与公司内部（技术、生产、质量等部门）的沟通桥梁，确保信息传递准确高效。
协助客户投诉、售后咨询等，提升客户满意度。

3. 客户档案与关系维护
协助海外销售团队建立并更新客户档案，确保信息的完整性与准确性。
定期整理客户往来记录、交易历史及关键人信息，支持销售决策与分析。
参与客户满意度调研，协助维护长期客户关系。

4. 财务对账与收款协助
协助财务部门完成与国外客户的对账工作，定期发送应收账款清单。
跟进客户付款进度，协调处理付款差异或延期情况。

5. 市场与信息支持
收集、整理海外市场反馈动态、客户需求及竞品信息，反馈给销售团队或市场部。
协助处理销售数据统计与报表制作，支持团队绩效分析。

任职要求：
1.学历要求：本科及以上学历。
2.经验要求：有新能源、机械、设备等类产品贸易助理经验者佳。
3.素质要求：细心、责任心、执行力等。",客户沟通,https://jobs.51job.com/changshu/166281275.html?s=sou_sou_soulb&t=0_0&req=0d128b1cbb41dfbe120429c535d21b9d
数控机床应用工艺工程师,罗威斯数控科技（常熟）,1-2万,常熟,常熟,大专,5年及以上,2026-06-23 13:58:56,job51,"一、任职要求
1、熟练使用编程软件（UG、CAD)等办公软件；
2、熟练操作发那科、西门子系统；
3、会三轴、四轴、五轴编程；
4、熟悉常用金属材料、复合材料特性，根据材料特性刀具选型；
5、5年以上数控机床行业经验；
6、具备良好的沟通能力；
7、能适应出差安排；

二、岗位职责：
1、负责新项目工艺方案制定、夹具方案规划、节拍规划及设备选型等设计评估工作；
2、承担新项目的试切、打样、调试等相关工作；
3、 优化在产加工程式，提升生产效率；
4、 提供数控机床售前、售后技术支持，开展终端客户培训工作。",技术支持 培训 UG CAD,https://jobs.51job.com/changshu/165976204.html?s=sou_sou_soulb&t=0_0&req=0d128b1cbb41dfbe120429c535d21b9d
电气工程师,上海欧普泰科技创业,1.5-2.5万,常熟,常熟,大专,6年及以上,2026-06-23 14:58:14,job51,"岗位职责：1.参与项目需求分析，负责治具、自动化设备前期电气方案设计和评估；2.负责电气元件选型，设计BOM清单；3.熟悉电气原理图设计（布局图、原理图、接线图等），优化电气原理图设计；4.独立完成PLC程序开发（如汇川、三菱等品牌）、HMI界面设计及现场调试；5.参与和独立承担项目场内调试、现场调试；6.解决生产及设备运行中的电气技术问题，提供售后技术支持；7.编写技术文档（如操作手册、测试报告、问题分析等）。
任职要求：1，大专及以上学历，电气工程、自动化、机电一体化等相关专业；2，5年以上电气相关工作经验，其中原理图工作经验至少1年，主导或参与过2个完整的自动化设备电气设计开发项目；3，熟悉基础电气元件应用，了解主流PLC、HMI、伺服、变频器、传感器等工控元件应用；4，掌握或了解电气原理图设计软件基本应用，能够识别原理图中问题和提出优化方法；5，熟练掌握PLC编程，熟练ST编程（汇川、三菱等品牌至少精通一种）；6，熟悉主流伺服、变频器、传感器等工控元件应用；7，具备现场设备调试经验，能够根据项目需要出差；8，有信心、有激情、主动积极，有团队协作精神和良好的沟通能力，具备一定的抗压能力。",需求分析 方案设计 技术支持 技术文档 HMI,https://jobs.51job.com/changshu/168918875.html?s=sou_sou_soulb&t=0_0&req=0d128b1cbb41dfbe120429c535d21b9d
销售经理,因达孚先进材料（苏州）,1.5-2万·13薪,常熟,常熟,本科,3年及以上,2026-07-17 13:21:18,job51,"岗位职责

1. 销售策略执行与拓展：全面负责公司半导体产品在B2B领域的销售工作，基于公司战略制定并执行区域销售计划，完成销售目标，开拓新市场与客户，提升产品市场占有率。

2. 客户关系管理：建立并维护与大客户的长期合作关系，深入了解其需求，提供专业解决方案。定期回访，收集反馈，优化产品与服务，确保客户满意度与忠诚度。

3. 市场洞察：密切关注半导体行业动态、竞争对手情况，分析市场趋势与潜在需求，为公司产品研发与营销策略调整提供依据。

4. 团队协作：与技术、售后等部门协同，确保客户需求及时响应，提供技术支持与售后服务，处理客户投诉与问题，保障项目顺利推进。

5. 商务谈判：主导商务谈判，制定销售合同条款，把控风险，确保公司利益***化，完成合同签订与款项回收。

6. 市场活动组织：根据业务需要，主导或参与各类市场活动，包括但不限于行业展会、产品推介会、技术研讨会等。负责活动策划、组织协调、现场执行等工作，有效展示公司产品与品牌形象，吸引潜在客户，提升公司市场影响力 。

任职要求

1. 学历背景：本科及以上学历，电子、通信、市场营销等相关专业优先。

2. 工作经验：3年以上B2B行业销售经验，对三代半导体硅片，硅外延，等静压石墨等行业经验优先具备成功销售案例，有能力开拓新客户与市场。

3. 语言能力：英语、日语、韩语、德语、意大利语其中的一到两门外语。具备良好的听说读写能力，能与国外客户无障碍沟通，可独立进行英文商务谈判与资料撰写。鉴于根据需要可能海外出差，要求候选人能够适应不同国家和地区的商务环境，运用英语有效地开展工作 。

4. 技能素养：较强的沟通、谈判及人际交往能力，能与不同层面客户建立良好关系。具备优秀的自我驱动与自我管理能力，适应高强度工作与频繁出差。目标导向，追求卓越销售业绩，能在压力下完成销售任务。熟练使用办公软件与销售管理工具。

5.薪酬方案：面议满足条件的情况下可以获得期权激励。",技术支持 商务谈判,https://jobs.51job.com/changshu/161082590.html?s=sou_sou_soulb&t=0_0&req=0d128b1cbb41dfbe120429c535d21b9d
智能安防售后技术岗（双休/无销售）,赛科斯信息技术（上海）,4-5千,常熟,常熟,大专,1-3年,2026-07-21 08:21:42,job51,"纯售后，不带任何销售性质，做五休二 月休八天 法定节假日休息！
（入职购买五险一金、提供免费住宿）

职位描述：
-接听用户来电，为最终客户提供专业全面的技术支持与客户服务（接听“400-”的客户服务热线解答客户摄像头的技术问题）
-通过电话和网络解决客户软件/硬件的技术问题及售前售后咨询服务，并做好详细记录

岗位要求：
1.18~35岁，男女不限；
2.大专及以上学历，专业不限；
3.同步录入打字速度40字/分钟以上；
4.普通话标准，无明显口音，口齿清晰；
5.有一定的沟通表达能力；

薪资福利：
1、固定底薪+月度奖金；
2 、舒适的工作环境+每周组织员工活动+不定期举办各种活动，工作也可以多姿多彩！
3、入职即购买五险一金，享有各种带薪假期：带薪年假，病假，婚假，陪产假等~
4、全面化、体系化的培训，如：入职培训、在职培训、晋升培训，为员工提供通畅的晋升通道，就等你来！
5、带薪技术培训：入职后享受3-4周专业的带薪培训

薪资待遇：
试用期***个月：底薪3000+500餐补=3500

试用期第二个月：底薪3000+500餐补+200全勤=3700+绩效600（需满足***周接听量30个+第二周接听量35个+第三周接听量45个+第四周接听量55个）=4300元

转正：底薪3000+餐补500+200全勤=3700+绩效400-2000（每天超过70个电话量3.5元/个计件）

工作时间：9：00-18：00；10：30-20：00（中班补贴20元/次）；13：00-22：00（中班补贴20元/次）

工作地点：常熟市紫晶创意广场紫晶城V4栋4楼；
工作时间：白班：8:00-17:00/9:00-18:00，晚班：10:30-20:00/13:00-22:00，周休2天，做五休二，包住",技术支持 客户服务 培训,https://jobs.51job.com/changshu/172978099.html?s=sou_sou_soulb&t=0_0&req=0d128b1cbb41dfbe120429c535d21b9d
应用技术支持工程师-数控机床,罗威斯数控科技（常熟）,1.2-1.6万,常熟,常熟,大专,2年及以上,2026-07-03 10:18:23,job51,"一）岗位职责
配合销售对接客户，根据客户产品图纸制定龙门三轴 / 四轴 / 五轴机床加工工艺方案、选型方案、工装夹具方案，出具设备加工报价工艺说明；
负责客户产品试样打样，编写三轴 / 四轴 / 五轴加工程序，调试切削参数，完成样品试制，输出试切报告给客户；
精通 FANUC、西门子等数控系统，独立完成机床多轴联动调试、后处理制作、程序优化，解决曲面、箱体、模具类加工工艺难题；
客户新机交付后，现场对客户编程员、操作工开展系统操作、多轴编程、工艺优化、设备日常应用培训；
收集客户加工痛点，持续优化加工工艺、切削参数，降低加工工时、提升工件光洁度与尺寸精度；
配合售后工程师处理现场工艺类故障：过切、震刀、加工尺寸超差、五轴联动干涉、程序报错等；
整理典型加工案例、工艺方案库、标准化培训教材，同步给销售与售后团队；
展会、客户工厂现场演示机床加工能力，配合销售完成技术竞标、技术答疑。
（二）任职要求
硬性基础条件
2 年以上数控机床应用 / 工艺工程师经验，有龙门加工中心、多轴机床应用经验优先；
精通 UG/Mastercam 等 CAM 软件三维建模、三轴 / 四轴 / 五轴联动编程，会定制机床专用后处理；
熟练操作发那科、西门子数控系统，能独立上机调试、优化切削参数，看懂各类机械零件、模具图纸；
熟悉模具、箱体、结构件、精密零部件加工工艺，了解刀具、工装夹具选型；
可接受短期全国出差，独立驻厂完成试切、培训、工艺整改；
能独立编写工艺方案、试切报告、客户培训文档。
机床行业加分项
熟悉龙门大型机床加工，擅长重型工件、大型模具、自动化夹具工艺开发；
精通五轴联动、RTCP、摆头 / 转台机床工艺调试；
有整机设备厂应用支持经验，熟悉机床结构与精度特性；
具备售前技术方案制作、展会设备演示经验；
会测量工件尺寸，能根据成品精度反向优化加工工艺。",培训 技术方案 FANUC UG Mastercam CAM RTCP,https://jobs.51job.com/changshu/172781192.html?s=sou_sou_soulb&t=0_0&req=0d128b1cbb41dfbe120429c535d21b9d
售后工程师（苏州）,星精机械（上海）,6-8千·14薪,苏州·高新区,常熟,中技/中专,3年及以上,2026-06-30 10:09:53,job51,"【工作内容】
- 负责客户设备的安装、调试及日常维护，确保设备正常运行；
- 处理客户在使用过程中遇到的技术问题，提供及时有效的解决方案；
- 与客户沟通，收集并反馈产品使用情况及改进建议；
- 协助完成售后技术支持文档的编写与更新。
【任职要求】
- 具备良好的沟通能力和客户服务意识，能够耐心倾听客户需求；
- 对电子、机械或相关领域有一定了解，有学习能力；
- 工作认真负责，具备较强的责任心和团队协作精神；
- 有较强的问题分析与解决能力，能独立处理常见技术问题。",客户沟通 技术支持 客户服务,https://jobs.51job.com/suzhou-gxq/172734634.html?s=sou_sou_soulb&t=0_1&req=6fb9b78636817b21340962ac6781f398
售后工程师（常熟）,上海北裕分析仪器,6-8千,常熟,常熟,本科,2年及以上,2026-06-26 10:06:55,job51,"工作职责：
1、负责客户现场的设备安装及调试；负责客户培训、技术指导等 ；
2、负责客户现场设备维修，产品质量及客户意见反馈 ；
3、负责所在区域的客户关系维护及回访；
4、工作报表提交 ；
5、参与技术攻关，提升产品质量及用户满意度。
6、部门或者领导安排的其他相关工作。

任职要求：
1、本科及以上学历；化学、环境、仪器等相关专业；
2、2年及以上售后相关工作经验；
3、熟悉分析仪器原理及基本构造；
4、熟练使用各种常规工具，有较强的动手能力；
5、现场应变能力强，善于沟通；
6、能吃苦耐劳，可以适应长期出差；
7、工作地点：无锡及周边地区。",培训,https://jobs.51job.com/changshu/172697983.html?s=sou_sou_soulb&t=0_0&req=6fb9b78636817b21340962ac6781f398
售后服务工程师,罗威斯数控科技（常熟）,7千-1.3万,常熟,常熟,大专,2年及以上,2026-06-27 15:39:05,job51,"岗位职责
1.负责公司数控加工中心的现场安装调试、几何精度校准与客户验收交付,保障设各交付质量与投产效率
2.快速响应客户报修需求,独立排查并解决设备机械、电气、数控系统类故障,跟进问题闭环,降低设备停机时长
3.为客户提供设备提作、日常维保与基础排故的技术培训,响应日常技术咨询,提升客户自主运维能力
4.规范记录服务过程与故障案例,同步反馈现场问题与客户诉求,协同内部推动产品与服务优化
5.服从公司项目统一调度,适应国内长期出差及驻场安排
任职要求
1.大专及以上学历,数控技术、机电一体化、机械 / 电气自动化等相关专业
2.具备2年及以上数控设备售后、装配调试相关工作经验,有龙门/ 五轴设备 服务经验者优先
3.熟练掌握西门子、FANUC数控系统调试、参数配置与故障排查优先 
4. 能独立识读机械装配图、电气原理图,具备设备精度校准、电气回路检测及核 心部件故障诊断能力
5.持有低压电工证,具备 PI.C 基础排查能力者优先 心
6.能适应长期出差,具备良好的客户沟通能力、问题解决能力与高度的工作责任",培训 技术咨询 故障排查 客户沟通 PI.C,https://jobs.51job.com/changshu/172712476.html?s=sou_sou_soulb&t=0_0&req=6fb9b78636817b21340962ac6781f398
技术售后客服（长白班）,赛科斯信息技术（上海）,4-6千,常熟,常熟,大专,无需经验,2026-08-03 15:22:47,job51,"办公环境好，工作氛围轻松，发展空间大（所有管理岗全部内部晋升）。
工作内容为接听/在线处理售后问题，不含销售性质，都是售后问题处理，压力比销售小的多。
接受小白，有1周的带薪系统培训.

岗位职责：
-接听用户来电，为最终客户提供专业全面的技术支持与客户服务
-通过电话和网络解决客户软件/硬件的技术问题及售前售后咨询服务，并做好详细记录

工作时间： 长白班，周休1天，9点-18点，午休1小时，大促会有12点-21点的晚班
工作地点：常熟市东南经济开发区黄浦江路199号紫晶城Ⅴ4栋

任职要求：
-18~35岁，男女不限；
-大专及以上学历，中专学历需有2年以上工作经验，专业不限；
-有一定的计算机基础；
-同步录入打字速度40字/分钟以上；
-普通话标准，无明显口音，口齿清晰；
-有一定的沟通表达能力；

岗位福利：
[试用期内薪金（税前）]：2个月（含培训期），基本工资2660 +单休加班费1000左右+全勤200 +绩效200，综合4000+ ，日均20个算达标
[试用期后薪金（税前）]：基本工资2660+单休加班费1000左右+全勤200+ 绩效达标奖600+绩效提成0-500+，综合税前薪资4400-5000+，
绩效说明：日均25个及以上，绩效200元，
日均30个及以上，绩效400元，
日均35个及以上 ，绩效600元，
超过35 个，5块钱一个奖励（目前员工38-40个+）


福利政策：
[带薪技术培训]：入职后享受2周专业的带薪培训
[其他福利]：节日福利、各种员工活动

职业发展方向：
技术类：技术支持——技术精英/质检/数据分析——培训师——主管——经理——总监
管理类：技术支持——督导——组长——主管——经理——总监",培训 技术支持 客户服务 数据分析,https://jobs.51job.com/changshu/172022587.html?s=sou_sou_soulb&t=0_0&req=6fb9b78636817b21340962ac6781f398
售后工程师（机械调试方向或电气调试方向均可）,苏州艾木自动化设备,5-8千·13薪,常熟,常熟,本科,无需经验,2026-07-20 13:52:26,job51,"【工作内容】
1、负责自动化设备的现场安装、调试与系统联调，确保设备运行参数达标；
2、处理客户反馈的售后故障，快速定位问题根源并实施维修方案，保障生产连续性；
3、对客户操作、维护人员进行培训；
4、工程变更后的零件及模组带回协助退库；
4、其他上司交办的事项。

【任职要求】
1、本科及以上学历，机电一体化、自动化或相关专业，具备扎实的电气与机械基础；
2、具备良好的问题分析能力与动手操作技能，能适应短期出差及现场工作环境；
3、拥有强烈的服务意识与责任心，沟通表达清晰，遵守保密原则。",培训,https://jobs.51job.com/changshu/172970112.html?s=sou_sou_soulb&t=0_0&req=6fb9b78636817b21340962ac6781f398
售后工程师-半导体(J10315),江苏博涛智能热工,1-2万,常熟,常熟,本科,8年及以上,2026-07-01 15:30:58,job51,"工作职责:
1.全权负责 APCVD、LPCVD、ALD、PECVD 等泛半导体镀膜设备业务，涵盖新客户开发、设备升级改造、全周期售后运维、客诉闭环管理，保障客户长期稳定合作；
2.深耕半导体、新型显示赛道开展市场调研，实时收集行业政策、客户需求、竞品动态，输出行业分析报告，挖掘市场增量机会；提供设备及改造一体化解决方案；
3.结合公司产品规划与年度经营指标，独立制定区域 / 行业市场开拓方案，落地执行并跟进业绩达成；
4.统筹国内品牌宣传与市场推广工作，搭建、开发、长期维护国内经销、终端客户等多元化销售渠道；
5.联动研发、生产、工艺团队，复盘售后故障、工艺适配问题，持续优化设备服务方案，提升客户满意度与复购、改造订单转化。
任职资格:
1本科及以上学历，8 年及以上相关从业经验，有半导体、集成电路、新型显示行业完整从业经历优先；
2具备成熟市场推广、项目落地、商务销售实操经验，自带稳定行业终端、渠道资源者优先,有化合物半导体、晶圆厂、面板厂设备销售或售后管理经验优先；
3优秀商务表达与逻辑分析能力，擅长跨部门协同、团队协作，独立统筹项目与客户全生命周期对接；
4 熟练掌握英文听说读写，可独立对接外文资料、海外技术文档；
5 职业素养端正，诚信自律，能接受全国范围内常态化出差。",市场调研 产品规划 市场推广 技术文档 APCVD LPCVD ALD PECVD,https://jobs.51job.com/changshu/172756579.html?s=sou_sou_soulb&t=0_0&req=6fb9b78636817b21340962ac6781f398
售后服务,苏州道斯特机床,1-1.3万,常熟,常熟,中技/中专,3年及以上,2026-06-23 09:50:23,job51,"【工作内容】
1、负责机械及电子设备的售后安装指导，确保设备调试运行符合技术标准；
2、处理客户现场故障报修，快速响应并解决设备技术难题，保障生产连续性；
3、定期回访重点客户，收集产品使用反馈，整理分析数据并输出改进报告；
4、协调内部研发与生产部门，针对共性质量问题制定解决方案并跟踪闭环；
5、管理售后服务档案，规范记录维修过程，协助完成备件申请与库存盘点。

【任职要求】
1、大专及以上学历，机械自动化、电子信息或相关专业背景，具备扎实理论基础；
2、熟悉机械设备结构原理或半导体工艺流程，有相关领域售后技术支持经验优先；
3、掌握常用检测工具使用，具备独立排查故障及撰写技术文档的能力；
4、具备良好的沟通协调能力与客户服务意识，能适应短期出差及现场作业；
5、责任心强，抗压能力好，持有电工证或相关职业资格证书者加分。",技术支持 技术文档 客户服务,https://jobs.51job.com/changshu/172645900.html?s=sou_sou_soulb&t=0_0&req=6fb9b78636817b21340962ac6781f398
售后工程师,苏州西斯派克检测科技,8千-1.5万·13薪,常熟,常熟,本科,1年及以上,2026-07-10 13:28:04,job51,"一、岗位职责：
1、负责设备厂内组装、测试以及验收工作；
2、负责客户现场设备的安装、视觉调试和设备验收；
3、负责对客户进行设备使用和维护培训； 
4、协助销售部门进行销前技术支持和项目可行性研究。 

二、任职要求：
1、本科及以上学历，机械、电气、自动化等专业；
2、英语可作为日常工作语言，有海外工作经验者优先；
3、有非标类机电、视觉设备安装、调试经验；
4、认真负责，吃苦耐劳，善于沟通。

三、公司福利：
1、六险一金
2、年假
3、每年至少一次调薪
4、各类津贴（饭补、通讯补贴、出差补贴等）
5、年终奖
6、节日礼品/购物卡
7、各类团建、旅游活动

四、客户以灌装行业、食品包装行业为主（如可乐、百威、奥利奥等产线）。",培训 技术支持,https://jobs.51job.com/changshu/172866936.html?s=sou_sou_soulb&t=0_0&req=6fb9b78636817b21340962ac6781f398
安防产品售后客服（做五休二）,赛科斯信息技术（上海）,3.7-5千,常熟,常熟,大专,1年及以上,2026-07-14 11:05:33,job51,"不含销售性质，做五休二 月休八天 法定节假日休息！
入职购买五险一金、包住（四人间 上床下桌）


职位描述：
-接听用户来电，为最终客户提供专业全面的技术支持与客户服务
-通过电话和网络解决客户软件/硬件的技术问题及售前售后咨询服务，并做好详细记录

公司福利：
1、固定底薪+月度奖金；
2 、舒适的工作环境+每周组织员工活动+不定期举办各种活动，工作也可以多姿多彩！
3、入职即购买五险一金，享有各种带薪假期：带薪年假，病假，婚假，陪产假等~
4、全面化、体系化的培训，如：入职培训、在职培训、晋升培训，为员工提供通畅的晋升通道，就等你来！


岗位薪资：
试用期***个月:底薪3000+500餐补=3500
试用期第二个月:底薪3000+500餐补+200全勤=3700+绩效600(需满足***周接听量25个+第2周接听量33个+第3周接听量43个+第4周接听量50个)=4300元
第三月转正:底薪3000+餐补500+200全勤=3700+绩效400-600(每天超过70个电话量1元/个计件)会随现场指标调节

工作时间：9：00-18：00；10：30-20：00（中班补贴20元/次）；13：00-22：00（中班补贴20元/次）


工作地点：常熟市紫晶创意广场紫晶城V4栋4楼；",技术支持 客户服务 培训,https://jobs.51job.com/changshu/172508434.html?s=sou_sou_soulb&t=0_0&req=6fb9b78636817b21340962ac6781f398
