job_name,company_name,salary,work_area,city,education,work_year,issue_date,source,skill_requirements,tech_tags,job_url
嵌入式软件工程师,苏州市悠越电子,1.2-2.4万,苏州·高新区,苏州,本科,5年及以上,2026-08-07 13:39:12,job51,"负责汽车氛围灯控制系统的核心软件开发，确保产品与车辆网络无缝集成。具体工作包括： 
1、嵌入式软件开发：基于MCU（微控制器）平台，使用C语言进行氛围灯控制软件的设计、编码和调试。 
2、总线通信集成：实现CAN和LIN总线通信协议，负责氛围灯与车辆ECU（电子控制单元）的数据交换和命令处理。 
3、系统架构设计：参与软件架构规划，优化代码性能、功耗和可靠性，确保符合汽车行业标准（如AUTOSAR或功能安全要求）。 
4、测试与验证：进行单元测试、集成测试和实车测试，排查软硬件问题，确保产品稳定性和安全性。 
5、跨团队协作：与硬件工程师、测试工程师紧密合作，完成软硬件联调和技术文档编写。 
6、技术升级：跟踪汽车电子新技术，持续改进氛围灯功能（如动态效果、OTA升级等）。

要求：
1、 有单片机开发经验，偏软件，熟悉常用的开发工具，有一定的单片机编程经验；
2、 熟练掌握汇编语言和C语言；
3、5年以上相关经验。",MCU C语言 CAN 单片机 汇编 技术文档,https://jobs.51job.com/suzhou-gxq/173189877.html?s=sou_sou_soulb&t=0_0&req=2158c49593c7dc4e158e54b5382f78fb
IC驱动开发工程师,芯鼎微（中山）光电半导体,1.5-2.5万,苏州·苏州工业园区,苏州,本科,3年及以上,2026-06-15 11:20:38,job51,"工作职责：
 1. 负责面板显示驱动IC芯片中ARM/RISC-V等内核的驱动开发、移植、编译与调试工作。 
 2. 深入理解编译器、解释器原理，适配编译器支持自研IC的硬件特性，具备扎实的算法基础，能够将伪代码脚本翻译为指令序列导入内核执行。
 3. 能够独立完成产品模块设计、单元测试、系统集成与验证，确保驱动的稳定性、性能及功耗达到产品设计要求。
 4. 协助硬件、IC团队进行芯片Bring-up、功能验证和问题定位，提供驱动层面的专业支持。

岗位要求：
 1. 学历专业： 计算机、电子、信息、通信等相关专业, 3年以上嵌入式开发调试经验。
 2. 熟练掌握C/C++/Python等编程语言，对汇编有了解。
 3. 熟悉ARM/RISC-V处理器结构，熟练掌握嵌入式交叉编译环境和软件调试工具，具有数电模电基础;
 4. 具有较强逻辑分析能力、学习能力和独立解决问题的能力;
 5. 有良好的英语读写能力，工作态度积极主动，有良好的团队合作精神。",ARM C++ Python 汇编 产品设计 RISC-,https://jobs.51job.com/suzhou-gyyq/172553935.html?s=sou_sou_soulb&t=0_0&req=2158c49593c7dc4e158e54b5382f78fb
机器人系统软件工程师,苏州镁伽科技,2.5-3.5万·16薪,苏州·苏州工业园区,苏州,本科,5年及以上,2026-08-07 16:08:47,job51,"工作职责:
1、负责机器人系统软件架构设计、核心模块开发与集成。
2、主导机器人操作系统(比如ROS 2、RTOS)、中间件(比如实时主站)、驱动及硬件抽象层的开发与优化。
3、与硬件、嵌入式、算法等团队协作，实现传感器数据流、运动控制、任务调度等系统模块的高效实时处理，优化系统整体性能。
4、保障系统稳定性、安全性与性能，解决底层关键技术难题。
5、编写核心代码、技术文档，主导代码审查，推动团队工程能力提升。
任职资格:
1、计算机、自动化、机器人等相关专业本科及以上学历，5年以上系统软件开发经验，需有机器人行业工作经验。
2、精通C++，熟悉Python，具备扎实的Linux系统、多线程/进程、网络编程能力。
3、熟悉机器人操作系统（ROS 2、RTOS），熟悉实时主站，有完整的机器人产品系统开发与部署经验。
4、熟悉常见的传感器、执行器通信与驱动开发（如EtherCAT、CAN等）。
5、具备嵌入式系统、实时系统或高性能计算优化经验者优先。
6、具备优秀的系统调试、性能分析与解决问题能力，能独立主导技术模块。",ROS RTOS C++ Python Linux CAN 技术文档,https://jobs.51job.com/suzhou-gyyq/173193686.html?s=sou_sou_soulb&t=0_0&req=2158c49593c7dc4e158e54b5382f78fb
PC软件工程师,苏州欣华锐电子,8千-1万,苏州·苏州工业园区,苏州,本科,3年及以上,2026-08-07 17:34:59,job51,"1.架构设计：负责 PC 端应用软件的整体架构设计，包括分层架构规划、模块划分、接口定义、数据流设计，搭建可扩展、可维护的软件架构。
2. 上位机通信开发：负责 PC 端与设备之间的通信协议设计与开发，精通网口（Ethernet/TCP/IP）、Type-C、USB 等主流通信接口的驱动开发与数据交互。
3. 设备控制软件：开发设备控制与数据采集上位机软件，实现设备状态监控、参数配置、数据上传下载、固件升级等功能。
4. 驱动开发：完成 USB 设备驱动、WinUSB/libusb 通用驱动封装、Type-C PD 协议交互、网口通信协议栈（Modbus TCP/UDP/自定义协议）的开发与调试。
5. 界面开发：负责 PC 端图形界面（GUI）设计与开发，提供直观、易用的设备控制与数据可视化界面。
6. 跨平台适配：完成软件在 Windows 与 Linux 双平台的编译与运行适配，维护跨平台构建脚本与 CI/CD 流程。
7. 调试与测试：使用主流开发工具进行代码调试、性能分析与单元测试，使用 Wireshark、USBlyzer 等协议分析工具进行通信报文抓包与问题定位。
8. 技术文档：编写软件架构设计文档、接口协议文档、调试手册及用户手册，其中含英文技术文档编写。
9. 跨团队协作：与嵌入式软件工程师、硬件工程师协作，对接设备固件协议、驱动接口与硬件寄存器映射，推动产品联调闭环。
10. 技术预研：跟踪 PC 端技术发展趋势，评估新技术方案（如微服务架构、跨平台框架、高性能通信等），完成技术调研与原型验证。",TCP/IP Modbus Linux CI/CD 微服务 数据采集 技术文档 技术方案,https://jobs.51job.com/suzhou-gyyq/173195865.html?s=sou_sou_soulb&t=0_0&req=2158c49593c7dc4e158e54b5382f78fb
高级ARM软件工程师,固德威技术,2.5-4.5万,苏州,苏州,本科,3年及以上,2026-08-07 14:39:52,job51,"""岗位职责：
1、光伏逆变器产品通信及接口软件设计开发，编写代码，调试，测试以及试产与量产相关工作。
2、在现有产品基础上，进行功能升级，满足客户定制化要求。
任职要求:
1、5年以上新能源物联网行业嵌入式工作经验，精通C语言，熟练使用STM32系列MCU。
2、熟悉UCOS-III、RTThread操作系统
3、熟悉WiFi，GPRS，以太网的TCP/IP网络协议。熟悉各种编程工具以及行业工具的使用，诸如编译工具、调试工具、代码查看工具、代码比较工具、抓包工具、代码管理工具等。
4、能设计外围接口，如:UART、USB、CAN、EARTHNET电路等""",C语言 STM32 MCU WiFi TCP/IP UART CAN,https://jobs.51job.com/suzhou/173191450.html?s=sou_sou_soulb&t=0_0&req=2158c49593c7dc4e158e54b5382f78fb
嵌入式软件工程师（苏州）,铭剑电子（南昌）,1.2-2万·13薪,苏州·苏州工业园区,苏州,本科,3年及以上,2026-08-07 13:08:09,job51,"岗位职责
1）根据系统或产品功能要求，负责嵌入式程序开发；
2）负责上位机软件开发和自动测试程序；
3）协助系统整体调试、测试。
任职要求
1）统招本科及以上学历，电子、通信、测控、控制、软件、自动化等相关专业；
2）熟悉嵌入式系统，3年以上嵌入式软件开发经验；
3）具备FPGA/硬件电路设计/软件开发能力者优先；
4）熟悉测试系统软件开发者优先。
本岗位需要配合客户项目出差提供技术支持。",FPGA 技术支持,https://jobs.51job.com/suzhou-gyyq/173189472.html?s=sou_sou_soulb&t=0_0&req=2158c49593c7dc4e158e54b5382f78fb
嵌入式驱动（BSP开发）工程师,苏州天准科技,1.5-2.7万·15薪,苏州·虎丘区,苏州,本科,3年及以上,2026-07-29 10:37:53,job51,"岗位职责：
1. 根据产品的功能需求，负责嵌入式软件实现方案的设计、系统总体架构设计及详细设计；
2. 负责产品核心模块的详细设计和编码工作；
3. 负责软件模块的单元测试和参与软件的集成测试；
4. 负责软硬件系统的联调、验证及发布和相关开发设计文档、测试文档的编写与整理；
5. 负责嵌入式Linux内核的移植与裁剪，Linux底层驱动的开发与调试；
6. 配合硬件工程师进行硬件和驱动程序的联合调试；
任职要求：
1. 本科及以上学历，CET4以上，计算机、通信或电子工程类相关专业；
2. Linux BSP，内核和驱动开发4年以上相关工作经验；
3. 有配置相机Camera相关的工作经验优先；
4. 精通C/C++语言，精通嵌入式Linux操作系统开发；具备UART、I2C、SPI、SDIO、USB、Ethernet、MIPI、CAN、PCIE及其他相关外围设备驱动开发经验；熟悉网络编程、熟悉Socket开发，熟悉TCP/IP；
5. 具有良好的编程风格与文档习惯，良好的英语读写能力，能阅读大量英文文档；
6. 具备独立的研发能力，良好的沟通能力和较强的学习能力、动手能力及分析能力，能快速掌握新技术；
7. 有较强的责任心、执行力，具备较好的抗压能力、良好的沟通能力及团队合作精神。
8.有芯驰、地平线平台相关开发经验者优先；有ASPICE 经验优先；",嵌入式Linux Linux C++ UART I2C SPI CAN PCIe TCP/IP,https://jobs.51job.com/suzhou-hq/173078127.html?s=sou_sou_soulb&t=0_0&req=2158c49593c7dc4e158e54b5382f78fb
资深IE工程师,苏州卡门哈斯激光技术,1-2万,苏州·苏州工业园区,苏州,本科,5年及以上,2026-08-07 10:39:29,job51,"一、岗位职责
1. 制造系统规划与产能战略
·负责新厂区/新产线的全流程规划（概念至落地），统筹水电气配给、物流通道及洁净度分区，满足激光光学高精度制造要求。
·建立并维护公司级产能模型，精准测算人力、设备及场地需求，为经营决策提供数据支撑。
2. 精益生产体系搭建
·从0到1搭建或优化现有精益生产管理体系（含组织架构、流程制度、考核激励）。
·搭建公司级提案改善平台，营造全员改善文化，定期组织精益主题会。
·主导价值流图分析，重点识别振镜组装与光学调试环节的浪费，制定并实施未来状态图。
3. NPI可制造性导入
·深度介入新产品开发，主导可制造性评审，从工艺、装配效率及成本角度输出优化建议。
·负责NPI阶段产线搭建、工时预置、SOP预审及试产闭环，缩短新品爬坡周期。
4. 运营效率与成本控制
·建立多维度效率监控体系，设定挑战性目标并推动达成。
·主导重大降本增效项目（如自动化ROI评估、线体合并、人机作业优化）。
·运用方法论解决复杂制程变异，提升产品一致性。
5. 标准化与数字化赋能
·建立和维护标准工时数据库，确保数据准确与时效。
·利用大数据进行瓶颈分析与预测性维护。
·编制IE技术培训教材，培养内部工业工程人才梯队。
二、任职要求
1. 学历与背景
·本科及以上学历，工业工程、机械制造、光学工程或相关专业。
·5年以上制造业IE经验，有激光、光通信、精密光学或半导体封装行业背景优先考虑。
2. 专业技能
·精通设施规划，有大型新厂规划或旧厂搬迁成功经验；熟练使用设计及仿真软件。
·精通VSM、SMED、Poka-Yoke、Pull System等工具；持有Lean Six Sigma黑带（BB）证书优先。
·精通MOD法及秒表测时，擅长复杂多人多机作业分析，具备深厚动作经济学理论基础。
·具备PMP或同等项目管理能力，能独立领导跨部门变革项目。
3. 行业认知
·深刻理解光学元器件及激光器件的生产工艺流程。
·熟悉高精度装配对环境（温湿度、洁净度、防微震）的严苛要求，并能融入产线设计。
·了解激光焊接/清洗系统的装配逻辑，能识别关键质控点与效率瓶颈。
4. 软性素质
·具备极强的跨部门沟通及高层汇报能力，能有效推动变革方案落地。
·擅长将IE改善转化为财务语言，理解其对利润的贡献。
·适应制造业快节奏与多变环境，能在压力下驱动项目达成。",成本控制 培训 项目管理 SMED Poka-Yoke Pull Six BB,https://jobs.51job.com/suzhou-gyyq/173186960.html?s=sou_sou_soulb&t=0_0&req=2158c49593c7dc4e158e54b5382f78fb
嵌入式软硬件开发工程师,苏州阿澌特拉科技装备制造,1.5-2万·14薪,苏州,苏州,本科,8年及以上,2026-08-03 16:12:09,job51,"【工作内容】
1、负责机械设备嵌入式硬件电路设计，完成原理图绘制、PCB布局及元器件选型；
2、主导嵌入式软件架构搭建，基于ARM或MCU平台进行底层驱动开发与系统移植；
3、协同机械与电气团队完成设备联调，解决现场运行中的软硬件技术瓶颈问题；
4、编写产品技术文档，包括需求规格书、测试报告及用户操作手册，确保交付质量。

【任职要求】
1、本科及以上学历，电子工程、自动化或计算机相关专业，具备扎实的数电模电基础；
2、精通C/C++语言，熟悉RTOS实时操作系统，有至少3年嵌入式开发实战经验；
3、熟练掌握常用通信协议（如CAN、Modbus、RS485）及主流MCU/ARM芯片开发流程；
4、具备良好的逻辑思维与团队协作能力，能适应项目出差，对工业设备研发充满热情。",ARM MCU C++ RTOS CAN Modbus 技术文档,https://jobs.51job.com/suzhou/173132878.html?s=sou_sou_soulb&t=0_0&req=2158c49593c7dc4e158e54b5382f78fb
嵌入式软硬件开发工程师,菲托斯三维科技（苏州）,1.8-2.8万·13薪,苏州·吴中区,苏州,本科,3年及以上,2026-08-05 17:26:25,job51,"岗位职责：
1、负责3D打印机主板固件开发、修改与维护，基于STM32/GD32等MCU实现裸机/轻量OS开发；
2、优化步进/BLDC电机驱动、运动控制逻辑、切片软件路径算法，保障打印精度与稳定性；
3、完成上位机控制、模拟打印软件及外设驱动开发，对接传感器、显示屏，解析执行G-code指令；
4、 配合硬件完成原理图评审、整机联调，负责设备接线、维护及现场问题定位；

任职要求：
1、本科及以上学历，计算机、电子、自动化等相关专业，3年以上嵌入式开发经验，3D打印相关经验优先；
2、精通C语言，熟悉C++，有Python、Qt开发经验者优先；熟练使用Keil等开发工具；
3、熟悉Marlin等3D打印机固件，掌握步进电机控制、PID温控、ADC采样等相关技术；
4、 能看懂电路原理图，会使用示波器等调试工具，具备软硬件联调及问题排查能力。",STM32 MCU C语言 C++ Python,https://jobs.51job.com/suzhou-wzq/173165916.html?s=sou_sou_soulb&t=0_0&req=2158c49593c7dc4e158e54b5382f78fb
高级嵌入式软件开发工程师,苏州昆鹏智信科技,9千-1.3万,苏州,苏州,本科,3年及以上,2026-07-06 15:04:07,job51,"岗位职责

1、负责直流无刷电机控制器嵌入式软件编写及调试； 
2、负责分析测试电机控制中性能的相关问题，持续优化电机性能； 
3、负责单片机MCU嵌入式软件的其它功能开发；
4、负责产品联调、版本验证。 

任职资格

1、熟悉直流无刷电机原理及软件控制方法;
2、可编写有感方波、无感方波、FOC等底层电机驱动程序，熟练掌握PID、电磁、电压、电流等矢量转换的数学原理；
3、有直流无刷电机控制器MCU嵌入式软件研发3年以上工作经验； 
4、精通C语言程序设计、调试、优化等相关经验;
5、能够独立分析和解决问题;
6、踏实认真，责任心强，良好的团队合作精神；
7、计算机、信息工程、电气自动化等相关专业，本科及以上学历。



招聘关键词：
BLDC无刷电机嵌入式软件、FOC、矢量控制、PID算法

目标公司：
仁洁智能、鸣志电器、部分汽车电子公司、部分机器人公司",单片机 MCU C语言 FOC,https://jobs.51job.com/suzhou/172807450.html?s=sou_sou_soulb&t=0_0&req=2158c49593c7dc4e158e54b5382f78fb
高级嵌入式开发工程师,苏州宏云智能科技,1.5-2.5万,苏州·高新区,苏州,本科,3-5年,2026-07-30 13:25:38,job51,"岗位职责：
1、负责嵌入式系统的开发与设计工作，具有底层开发思维;
2、负责嵌入式软件的代码编写、调试与维护;
3、协同硬件工程师进行产品测试与相应的BUG处理;
4、参与嵌入式产品的规格制定以及相关文档的编写;
任职要求：
1.计算机,通信,电子,自动化领域本科以上学，3-5年以上工作经验;
2.熟练使用C或C++语言;
3.具有Zigbee3.0开发经验，开发过基于泰凌或者芯科芯片的产品；
4.熟悉MCU架构,熟悉单片机嵌入式系统和驱动开发，熟悉I2C、UART、SPI等常规外围接口;
5.拥有GD32、ESP32、STM32等一种以上产品开发经验；
6.具有FreeRTOS/uCOS等一种以上嵌入式系统开发经验，并熟悉Keil/IAR/VS Code等常用开发环境;熟练使用git版本管理工具；
7.了解嵌入式系统中多任务的概念，对于进程、线程有了解，并熟悉多线程/多进程/多任务之间的数据通信与同步方式;
8.具有嵌入式Linux应用或驱动开发经验优先，熟悉交叉编译环境;
9.具备英语读写能力，能够熟练阅读各种英文Datesheet;",C++ MCU 单片机 I2C UART SPI STM32 RTOS Git 嵌入式Linux 版本管理,https://jobs.51job.com/suzhou-gxq/165920686.html?s=sou_sou_soulb&t=0_0&req=2158c49593c7dc4e158e54b5382f78fb
嵌入式软硬件开发工程师,苏州变风量科技,8千-1.5万·13薪,苏州·相城区,苏州,本科,2-5年,2026-07-21 17:19:09,job51,"【工作内容】
1、负责嵌入式软件及硬件系统的架构设计、核心代码编写及功能模块调试；
2、主导硬件原理图设计与PCB布局指导，完成样机制作与电路性能验证；
3、协同供应商进行驱动开发、系统移植及底层算法优化与联调；
4、负责产品全周期技术支持，快速定位并解决研发及量产中的技术难题；
5、撰写详细的技术文档，包括设计规范、测试报告及用户操作手册。

【任职要求】
1、本科及以上学历，电子工程、自动化或计算机相关专业，具备扎实理论基础；
2、精通C/C++语言，熟悉ARM/MCU架构，有RTOS或Linux系统开发经验优先；
3、熟练掌握常用通信协议（modbus/485等）及示波器、逻辑分析仪等工具；
4、具备独立分析电路故障能力，拥有良好的逻辑思维与跨部门协作意识；
5、工作严谨负责，抗压能力强，对新技术保持敏锐度并乐于接受挑战。",C++ ARM MCU RTOS Linux Modbus 技术支持 技术文档 跨部门协作,https://jobs.51job.com/suzhou-xcq/172991678.html?s=sou_sou_soulb&t=0_0&req=2158c49593c7dc4e158e54b5382f78fb
嵌入式底软开发工程师（车载）,辅易航智能科技（苏州）,1-1.5万,苏州·高新区,苏州,本科,3年及以上,2026-06-23 16:44:48,job51,"岗位职责：​
 1. 负责车载 ECU（聚焦超声波雷达/Sensor类）的嵌入式底层软件开发与维护：
 2. sensor固件的量产级开发、功能迭代及问题修复，保障sensor性能符合标准；
 3. 承担车载通讯模块开发(CAN/LIN/以太网)和底层外设驱动的设计、编码与适配，确保硬件-软件的稳定协同。
 4. 主导诊断与刷写功能开发：基于UDS协议设计并实现ECU诊断服务，开发bootloader 刷写功能，保障 ECU 程序的安全、高效更新
 5. 利用Autosar经典平台工具链，完成 BSW 模块的配置、集成与调试。
 6. 遵循ASPICE 流程，完成需求、设计、编码、测试等环节的文档输出与过程追溯。
 7. 依据ISO 26262 标准，参与ECU功能安全目标分解、安全机制设计及验证；
 8. 协同硬件、系统，测试团队解决跨模块问题，保障项目进度与质量。
任职要求：​
 1. 本科及以上学历，电子信息、计算机、自动化等相关专业，1年以上嵌入式底层软件开发经验；
 2. 精通MCU的底层外设驱动开发，掌握驱动调试与性能优化方法；
 3. 熟悉CAN/LIN 协议、车载以太网，能独立使用 CANoe/分析仪完成通讯分析与测试；
 4. 具备UDS诊断、bootloader开发经验，能独立完成诊断服务设计与固件升级功能实现；
 5. 熟悉车载OS，掌握任务调度、内存管理等底层逻辑；
 6. 具备良好的文档编写能力，能独立输出技术文档，可阅读英文技术资料；
 7. 具备良好的跨团队沟通协作能力，能高效推动问题解决；
 8. 有大众项目开发经验优先。",CAN SPI MCU 文档编写 技术文档 ECU LIN BSW,https://jobs.51job.com/suzhou-gxq/172657961.html?s=sou_sou_soulb&t=0_0&req=2158c49593c7dc4e158e54b5382f78fb
嵌入式软件开发工程师-苏州,欧菲光集团,1.5-2万,苏州·相城区,苏州,本科,3年及以上,2026-08-04 15:41:53,job51,"岗位职责：
1.负责将产品软件涉及到的底层驱动MCAL、基础软件BSW、Bootloader、通信、信息安全等进行开发集成
2.承担部分功能模块SWC的需求分析、功能开发
3.负责对各软件模块集成编译、调试以及问题修改
4.软件集成测试，如CPU负载率、FLASH/RAM使用率、堆栈使用率
5.分析排查问题、确定问题根因

任职要求：
1、本科及以上学历，3年以上嵌入式开发经验；
2、能读懂电路原理图；
3、熟悉C语言开发。",C语言 需求分析 Bootloader FLASH,https://jobs.51job.com/suzhou-xcq/173147684.html?s=sou_sou_soulb&t=0_0&req=2158c49593c7dc4e158e54b5382f78fb
底层软件开发工程师,宝时得科技（中国）,2-3.5万,苏州,苏州,本科,5年及以上,2026-06-11 14:18:35,job51,"岗位职责:
1、负责智能驾驶机器人产品的底层驱动开发及维护工作，特别关注传感器接口的高效集成与优化，包括但不限于摄像头、雷达、激光雷达等传感器；
2、负责嵌入式文件系统构建工作，确保系统高效稳定运行，支持快速的数据交换与存储需求；
3、主导嵌入式系统安全工作，特别是在传感器数据的安全传输与加密存储方面。
4、负责嵌入式系统相关技术和解决方法的探索和落地，在传感器融合技术方面的应用；
5、解决产品开发、质量控制等方面的技术问题，并形成报告或相关文件；
6、参与方案、架构、协议及代码评审；
7、参与公司新技术的评估及预研

任职资格:
1、本科及以上学历，计算机、软件工程、电子、自动化或相关专业优先；5年以上底层驱动相关工作经验，其中至少3年专注于传感器技术；
2、精通各种传感器的工作原理和技术细节，例如陀螺仪、加速度计、摄像头、激光雷达等；
3、熟悉Linux内核配置，熟悉内核内部知识（进程调度程序，中断处理，内存管理，并发/同步，内存分配，文件系统缓存）以及网络或存储子系统架构；
4、熟练掌握C或C++编程语言，具备良好的编程习惯和代码优化能力；
5、有实际的传感器驱动开发经验，包括但不限于I2C、SPI、UART等接口的传感器；
6、熟悉buildroot, yocto，debootstrap等构建工具，熟悉dpkg包管理工具， 熟悉docker，qemu，了解工具链生成，熟练使用git及repo；
7、具备良好的沟通能力和团队合作精神，能够承担压力并在紧急情况下迅速解决问题。",加密 Linux C++ I2C SPI UART Docker Git,https://jobs.51job.com/suzhou/172515583.html?s=sou_sou_soulb&t=0_0&req=2158c49593c7dc4e158e54b5382f78fb
嵌入式驱动（BSP开发）,苏州天准科技,1.5-3万,苏州·虎丘区,苏州,本科,4年及以上,2026-07-29 14:07:20,job51,"岗位职责：
1. 根据产品的功能需求，负责嵌入式软件实现方案的设计、系统总体架构设计及详细设计；
2. 负责产品核心模块的详细设计和编码工作；
3. 负责软件模块的单元测试和参与软件的集成测试；
4. 负责软硬件系统的联调、验证及发布和相关开发设计文档、测试文档的编写与整理；
5. 负责嵌入式Linux内核的移植与裁剪，Linux底层驱动的开发与调试；
6. 配合硬件工程师进行硬件和驱动程序的联合调试；
任职要求：
1. 本科及以上学历，CET4以上，计算机、通信或电子工程类相关专业；
2. Linux BSP，内核和驱动开发4年以上相关工作经验；
3. 有配置相机Camera相关的工作经验优先；
4. 精通C/C++语言，精通嵌入式Linux操作系统开发；具备UART、I2C、SPI、SDIO、USB、Ethernet、MIPI、CAN、PCIE及其他相关外围设备驱动开发经验；熟悉网络编程、熟悉Socket开发，熟悉TCP/IP；
5. 具有良好的编程风格与文档习惯，良好的英语读写能力，能阅读大量英文文档；
6. 具备独立的研发能力，良好的沟通能力和较强的学习能力、动手能力及分析能力，能快速掌握新技术；
7. 有较强的责任心、执行力，具备较好的抗压能力、良好的沟通能力及团队合作精神。
8.有芯驰、地平线平台相关开发经验者优先；有ASPICE 经验优先；",嵌入式Linux Linux C++ UART I2C SPI CAN PCIe TCP/IP,https://jobs.51job.com/suzhou-hq/173082394.html?s=sou_sou_soulb&t=0_0&req=2158c49593c7dc4e158e54b5382f78fb
资深硬件开发工程师,苏州弘远电气,2-3万·15薪,苏州·吴江区,苏州,本科,5年及以上,2026-08-07 11:41:48,job51,"职责描述：
1、负责控制类硬件开发；
2、按照产品需求与规格书制定硬件设计方案，完成器件选型与计算，电路设计与调试；
3、根据规格书及技术方案，完成原理图设计；
4、配合结构、PCB工程师等完成产品结构及PCB设计；
5、进行产品的测试与调试，保证其能够按照设计正常运行。
任职资格： 
1、重点本科及以上学历(***学历双一流以上院校)，硕士学历优先，自动控制、电力电子、自动化等相关专业，具有5年以上开关电源、逆变器、UPS、充电桩、光伏等同岗位相关经验，有变频器等驱动产品硬件开发经验优先； 
2、能够独立完成硬件原理图设计及计算，熟悉相关设计软件；
3、积极向上，团队合作能力、沟通能力、执行力强，能够独立解决产品的市场应用问题。",技术方案 UPS,https://jobs.51job.com/suzhou-wjq/173188638.html?s=sou_sou_soulb&t=0_0&req=2158c49593c7dc4e158e54b5382f78fb
嵌入式固件工程师,苏州凯仕德科技,1.3-2.5万,苏州·吴中区,苏州,本科,2-5年,2026-07-09 21:41:42,job51,"急招—嵌入式固件工程师
•到岗时间：7天内
•工作地：苏州市吴中区京东太湖智能制造园
•学历：统招本科及以上
•年龄：38岁以内（如技术扎实，经验丰富可聊）
•岗位/人数：2人（1个主力岗，1个高级岗）
•必备技术：（需满足以下领域80％，这个要求是必须的必须的）
MCU 裸机开发，RTOS，多 MCU 通讯，数字信号处理，实时控制，故障诊断与容错，软件架构，生产固件，调试工具，软硬件联调。


MCU 裸机与 RTOS 开发：基于 ARM Cortex-M 系列（M0/M3/M4/M7）进行裸机及 RTOS（FreeRTOS/RT-Thread）环境下的固件开发，包括任务划分与优先级设计、信号量/消息队列/事件标志管理、死锁检测与优先级反转处理、DMA 配置及中断优先级规划。

有线通讯协议开发：实现 Modbus RTU 主站与从站协议栈（帧同步、CRC-16、功能码处理、多从站轮询调度）；完成 SPI/I2C/UART 多从机通讯设计。

无线通讯协议开发：完成 LoRa/LoRaWAN或 BLE服务/特征值设计；进行无线协议关键参数调优（速率/功耗/距离/连接参数）；实现星型/树型/点对点组网方案。

多 MCU 通讯架构：设计多 MCU 间的 SPI（主从/DMA）/I2C/UART/CAN 总线通讯协议，定义自定义帧格式（帧头/长度/校验/重传），实现双 MCU 心跳检测与故障切换机制。

测量与校准系统开发：实现从物理量到 ADC 采样、工程值换算、多点校准建模到最终输出的完整测量数据链；设计多点校准算法（线性插值/多项式拟合/分段校准）、零点自校与满量程校准策略；开发温漂建模与温度补偿算法；管理校准参数在非易失存储器中的安全存取与版本管理；设计在线校准协议及出厂/现场双模式校准体系。

数字信号处理：设计与实现 FIR/IIR 数字滤波器；应用滑动平均/中值/加权/限幅滤波算法；开发卡尔曼滤波（含扩展卡尔曼 EKF）；

实时控制算法：实现 PID 闭环控制（位置式/增量式/变参数/抗积分饱和）；配置 PWM 生成（死区/中心对齐/互补输出）；开发高压时序控制（软启动/关断序列/缓升缓降）；设计故障检测与快速保护中断。

低功耗设计：配置 MCU 低功耗模式（SLEEP/STOP/STANDBY），管理唤醒源（RTC/EXTI/UART），实施外设时钟门控，优化无线协议功耗至 uA 级，实现电池电量估算。

存储与数据管理：开发 MCU 内部 Flash/外部 EEPROM 模拟方案（磨损均衡），实现参数断电保存与校验（双备份+CRC），管理配置文件系统（LittleFS/SPIFFS）及配置数据版本。

故障诊断与容错设计：配置独立/窗口看门狗，设计故障状态机（检测→保护→记录→恢复），建立错误码体系与日志记录，完成 HardFault 调试与异常分析。

软件架构与代码复用：采用模块化/分层架构设计（HAL→Driver→Service→App），运用状态机（FSM/HSM）与事件驱动框架，推行配置表驱动开发，维护固件版本管理规范，确保代码可复用与可移植。

生产固件与量产支持：开发工厂测试模式（自检+校准+烧录序列号），编写量产烧录脚本与出厂参数配置工具，实现产线测试固件与正式固件切换。

软硬件联调：能读懂原理图，使用示波器/万用表/逻辑分析仪辅助定位硬件问题，与硬件工程师协同调试信号链路，独立排查硬件与固件的根因归属。
任职要求

本科及以上学历，电子工程、计算机科学、自动化等相关专业；

主力岗：2~4 年嵌入式 C 开发经验，独立完成至少 1 个产品固件全流程交付；

高级岗：5 年以上嵌入式开发经验，有传感器/仪器仪表/工业控制背景；

精通 C 语言，熟悉 ARM Cortex-M 系列 MCU 开发及 RTOS 实时操作系统；

能并行推进 2~3 个项目固件开发，具备良好的抗压与多任务协调能力；

具备外协对接能力，能撰写清晰的技术规格文档，执行代码审查与验收；

具备硬件理解力，能读懂原理图并使用仪器辅助调试；

具备良好的文档交付习惯，能输出架构设计文档、通讯协议文档及测试用例。


•主力岗要求：2~4 年嵌入式 C 开发，独立完成 ≥1 个产品固件全流程
•高级岗要求：5 年+，传感器/仪器仪表/工业控制背景。
•薪资：高级，18-25k。主力，10-15k。（如果你有能力，薪资可谈可谈）

☺请认真阅读以上信息，符合要求发我简历，再告诉我，你的求职意向是主力/高级岗？我会及时联系你！谢谢！",MCU RTOS ARM Modbus SPI I2C UART LoRA CAN 版本管理 测试用例,https://jobs.51job.com/suzhou-wzq/172860755.html?s=sou_sou_soulb&t=0_0&req=2158c49593c7dc4e158e54b5382f78fb
高级嵌入式工程师,长三角一体化示范区（苏州吴江）医米基科学技术发展,1-2万,苏州·吴江区,苏州,本科,5年及以上,2026-06-12 17:31:50,job51,"【工作内容】
1、负责工业仪表及自动化控制系统的嵌入式软硬件架构设计与核心代码开发；
2、主导底层驱动移植与优化，完成MCU外设配置、RTOS系统裁剪及通信协议栈实现；
3、负责产品从需求分析到量产的全流程技术攻关，解决硬件调试中的关键疑难问题；
4、协同机械、结构及上位机团队进行联调，确保系统稳定性并按时交付项目节点；
5、编写高质量技术文档，包括设计规格书、测试报告及维护手册，规范研发流程。

【任职要求】
1、本科及以上学历，电子、通信、自动化或计算机相关专业，具备5年以上嵌入式开发经验；
2、精通ARM Cortex-M/R系列架构，熟练掌握C语言编程，熟悉Linux/RTOS实时操作系统；
3、精通I2C、SPI、UART、CAN等常用通信协议，有Modbus、MQTT等工业协议实战经验；
4、具备独立排查硬件故障能力，熟练使用示波器、逻辑分析仪等调试工具；
5、工作严谨负责，具备良好的抗压能力与团队协作精神，适应短期出差现场支持。",MCU RTOS ARM C语言 Linux I2C SPI UART CAN Modbus MQTT 需求分析 技术文档,https://jobs.51job.com/suzhou-wjq/172538635.html?s=sou_sou_soulb&t=0_0&req=2158c49593c7dc4e158e54b5382f78fb
资深嵌入式软件工程师(J10152),儒拉玛特自动化技术（苏州）,1.5-3万·13薪,苏州·苏州工业园区,苏州,本科,5年及以上,2026-07-01 13:43:39,job51,"工作职责:
1.	嵌入式软件架构设计： 参与产品软件需求分析，设计可靠、可扩展的嵌入式软件架构。
2.	底层驱动开发： 负责在PowerPC架构的微处理器上，开发各种外设的底层驱动，如ADC， DAC， PWM， TIMER， Ethernet， PCIe Endpoint/Root Complex等。
3.	实时操作系统应用：具备AUTOSAR架构或者其他RTOS环境下进行多任务、多线程的应用程序开发。
4.	通讯协议栈开发与集成：
o	CAN/CANFD：负责CAN/CANFD通讯协议的制定及软件实现
o	Serdes相关： 负责实现LVDS，PCIe，Ethernet等高速通讯的驱动和协议处理。
o	BMS相关： 开发完整的BMS菊花链通讯的软件协议栈，实现与待测BMS的精确交互和故障模拟。
5.	电池模拟器核心算法开发： 参与或负责电池模拟器的控制算法实现，确保快速、精确的电压/电流输出和动态响应。
6.	系统调试与优化： 使用仿真器、逻辑分析仪等工具进行系统级联调，优化软件性能、解决时序和稳定性问题。
7.	软件测试与维护： 编写单元测试、集成测试用例，并负责后续软件的维护与升级。
8.	团队协作： 与硬件工程师紧密合作，参与硬件设计评审，共同解决软硬件接口问题。
任职资格:
学历与专业：
61	硕士及以上学历，计算机科学、电子工程、软件工程等相关专业。特别优秀的本科生可放宽至5年以上直接相关工作经验。
经验与技能：
61	必需经验：
o	5年以上汽车电子嵌入式软件的C开发经验。
o	精通PowerPC系列芯片架构，有从零搭建或深度定制BSP的经验。
o	具备BMS相关的菊花链通讯协议开发经验，必须至少熟悉ADI, TI, NXP, ST等主流AFE中的一种，或者具备高速接口LVDS的底层驱动开发经验。
o	熟悉SPI、UART、CAN、LIN等外设驱动。
61	核心技术能力：
o	编程语言：精通C语言，熟悉MISRA-C标准。具备良好的编程风格和代码规范。
o	操作系统：深刻理解AUTOSAR软件架构，以及进程/线程、内存管理、中断机制等概念。
o	通讯协议：必须精通BMS相关的菊花链通讯协议，必须至少熟悉ADI, TI, NXP, ST等主流AFE中的一种，或者精通包括但不限于LVDS在内高速接口。
o	调试能力：熟练使用JTAG/SWD仿真器、示波器、逻辑分析仪等进行软硬件协同调试。
o	标准规范：熟悉ISO 14229，GB/T 27930等标准
o	流程意识：具备乘用车汽车电子项目软件开发经验，熟悉汽车电子开发及量产流程。
o	工具使用： 熟练操作万用表和示波器等仪器，熟悉Vector工具链 (VT-System, CANoe, CANdela, CANdiva, CANStress,Tessy等)",PCIe RTOS CAN SPI UART C语言 需求分析 测试用例,https://jobs.51job.com/suzhou-gyyq/170079454.html?s=sou_sou_soulb&t=0_0&req=614fc5c2f477b76e3aa06636900db82f
嵌入式软硬件工程师,江苏超达智能科技,1.8-3万,苏州·吴江区,苏州,本科,3年及以上,2026-06-17 18:08:02,job51,"岗位职责：
1. 基于 Simulink/Stateflow 开发植保机器人 VCU 应用层模型（扭矩/转向/喷洒协同控制），完成 MIL/SIL 仿真验证。
2. 基于 C++ 将模型代码或手写算法移植到嵌入式平台，集成 CAN 通讯、底软驱动及Bootloader。
3. 负责台架与田间实车联调，解决转向抖动、扭矩突变、通讯丢帧等工程问题，确保算法与嵌入式运行等效。
4. 遵循软件架构规范，撰写设计文档，支持 XCP/CCP 标定及实车参数调试。

任职要求：
1. 本科及以上，自动化相关专业，3 年以上嵌入式开发经验，至少 1 年 VCU 或机器人运动控制器项目实战。
2. 精通 C++（C++11/14，多线程、内存管理），同时具备扎实的 C 语言驱动能力。
3. 熟练使用 Simulink/Stateflow 建模，熟悉 CAN/CANFD、DBC 解析及 UDS 诊断，了解功能安全（ISO 26262）基本概念。",C++ CAN Simulink Stateflow VCU MIL SIL XCP,https://jobs.51job.com/suzhou-wjq/172387944.html?s=sou_sou_soulb&t=0_0&req=614fc5c2f477b76e3aa06636900db82f
嵌入式软件工程师,上海寅家电子科技,1.5-3万·13薪,苏州·相城区,苏州,本科,3年及以上,2026-08-06 14:28:18,job51,"一、工作描述	
1. 负责汽车电子软件开发，熟练掌握嵌入式C/C++编程；
2. 负责常见外设复杂驱动开发，包含UART、SPI、I2C、CAN、LIN等；
3. 负责开发蓝牙、Wifi、4G、Lora、Ethernet等模块功能，以及稳定性调试与优化；
4. 负责雷达(超声波雷达、激光雷达）软件开发、调试、系统集成等工作；
5. 负责量产软件的调试、测试、培训等相关工作。

二、任职资格
1. 本科及以上学历，通信、电子、计算机等相关专业，3年以上开发经验；
2. 熟练掌握C/C++编程语言，了解基本的硬件原理；
3. 熟练掌握UART/SPI/I2C/CAN/LIN等总线知识与通信协议，有相关应用；
4. 有嵌入式操作系统的开发经验，包括不限于FreeRTOS、Linux等；
5. 熟悉OTA开发，对通信协议包与分发处理有运用经验；
6. 具备良好的英文读写能力；
7. 乐于接受与挑战新的需求、领域相关工作。
8. 具有C1行驶证。",C++ UART SPI I2C CAN WiFi 4G LoRA RTOS Linux 培训,https://jobs.51job.com/suzhou-xcq/172082368.html?s=sou_sou_soulb&t=0_0&req=614fc5c2f477b76e3aa06636900db82f
高级嵌入式软件研发工程师,邦纳电子（苏州）,2-2.5万·13薪,苏州,苏州,本科,5年及以上,2026-07-23 17:04:14,job51,"主要职能
负责新产品的软件开发。

汇报对象：
苏州工程总监

主要职责
1.将需求/规格转化为控制逻辑/软件，并在规定时间内交付高质量项目。
2.与跨职能团队合作，设计、开发并优化具备认证的功能安全产品。
3.针对基于微控制器的嵌入式系统进行软件设计和优化，以满足严格的功能安全要求。
4.执行仿真和分析，优化产品性能，确保其在各种条件和环境下的可靠性。
5.使用先进的嵌入式工具和实践方法，解决数字产品的复杂问题。
6.提供技术专长和支持，解决生产或现场问题。
7.熟悉 ARM Cortex-A/R/M 系列处理器架构。
8.精通 Verilog/VHDL 硬件描述语言，能够独立完成 FPGA 逻辑设计和时序优化。熟悉 DSP 架构，具有多核调度和中断管理经验。擅长硬件加速算法设计，如 CNN 量化、FFT 流水线处理和实时滤波算法映射。
9.关注新技术概念和市场，采用新方法开发创新且低成本的产品，特别是嵌入式领域的软件技术。
10.创建和维护产品文档。通过 InTouch 为现场和客户提供技术支持。
11.具备良好的团队精神和协作能力。具备良好的沟通技巧，能够清晰表达想法和需求。
12.与跨职能工程团队合作，理解项目需求，并在完全符合要求的情况下交付项目。
13.根据需要与其他部门沟通协作，确保项目成功。
14.能够进行深入研究，并就技术挑战或业务问题提出合理建议。
15.基于公司***利益进行决策。
16.对所负责领域的所有结果负责。
17.可能需要国内和国际出差。
18.完成分配的其他任务。

任职要求
1.电气与电子工程、计算机与电子工程或相关领域本科及以上学历。
2.至少 5 年相关工程经验。
3.扎实的编程能力，熟悉函数式编程语言（如 C）、面向对象设计与编程语言（如 C++、Python），能阅读和理解元器件原理图及数据手册。
4.具备 ARM/Cortex 知识，熟悉 STM32/TI/Microchip 等平台；精通 Verilog/VHDL 硬件描述语言，能够独立完成 FPGA 逻辑设计和时序优化。熟悉 DSP 架构，具有多核调度和中断管理经验；擅长硬件加速算法设计，如 CNN 量化、FFT 流水线处理和实时滤波算法映射。

优先（加分项）
1.具备嵌入式 Linux/FreeRTOS 开发经验；精通 SPI、I2C、Camera Link、USB 3.0 等接口的嵌入式驱动开发，能够实现传感器与处理器之间的高速数据交换。
2.熟悉模拟电路与数字电路。
3.拥有嵌入式设备的实际开发和调试经验。
4.能够并愿意承担责任，适应变化，并在快速变化的工程环境中保持灵活性。
5.自我驱动，积极主动，有团队合作精神，渴望学习，愿意接受挑战。",ARM Verilog VHDL FPGA DSP C++ Python STM32 Linux RTOS SPI I2C 产品文档 技术支持,https://jobs.51job.com/suzhou/167972745.html?s=sou_sou_soulb&t=0_0&req=614fc5c2f477b76e3aa06636900db82f
嵌入式软件工程师,深圳市科沃电气技术,1.2-2万·14薪,苏州·吴江区,苏州,本科,3-5年,2026-08-08 08:06:15,job51,"岗位职责：
1、负责变频器功能软件开发和调试； 
2、根据不同的应用需求完成相关方案的开发和调试； 
3、负责老产品的软件升级；
4、承担部分产品的市场问题解决工作。
任职要求：
1、本科及以上学历，电气工程、电力电子、自动化、电机与电器、控制工程等相关专业；
2、具有变频器、伺服驱动器、逆变器等行业工作经验者优先，优秀应届毕业生也可；
3、精通C语言，熟悉TI的DSP芯片或者ST的ARM芯片应用；
4、责任心强，良好的沟通能力和团队合作精神。",C语言 DSP ARM,https://jobs.51job.com/suzhou-wjq/173132397.html?s=sou_sou_soulb&t=0_0&req=614fc5c2f477b76e3aa06636900db82f
嵌入式软件工程师,普罗斯通信技术（苏州）,1.4-2.4万,昆山,苏州,本科,5年及以上,2026-06-16 14:26:10,job51,"1、承担公司产品中的嵌入式应用软件的开发、调试与维护。
2、承担公司产品中PCBA的底层驱动软件的开发与调试，负责嵌入式硬件的底层驱动程序开发，为硬件工程师提供硬件基本测试代码。
3、指导新员工及组员的嵌入式软件开发工作和解决技术难题及硬件设计和技术难题的解决。
4、参与或起草公司产品中嵌入式软件的设计标准，设计规范通信协议和设计规范的制定与维护。
5、指导软件测试员编写软件测试用例和测试指导书。
6、进行相关工作的专利编写与申请。
7、提交工作日志、汇报总结，开发设计指导书等相关技术文档。

任职要求：
1、学历要求：本科及以上。
2、专业要求：自动化，计算机，电子通信等相关专业。
3、语言要求：熟练的英语读写能力，能阅读专业的英语技术文档。
4、五年以上嵌入式产品方案软件设计经验，熟悉linux应用和底层内核驱动开发。",Linux 测试用例 专利 技术文档,https://jobs.51job.com/kunshan/170872403.html?s=sou_sou_soulb&t=0_0&req=614fc5c2f477b76e3aa06636900db82f
嵌入式软件工程师,苏州贝昂智能科技,1.8-2.3万,苏州·苏州工业园区,苏州,本科,5年及以上,2026-07-08 14:29:40,job51,"岗位职责：
1、跟进委外软件设计业务，负责五恒/新风机组的软件方案设计，包括设备运行逻辑、传感器数据采集与处理、智能控制策略开发等，确保系统功能正常运转；
2、负责产品的软件调试与验证，通过模拟不同使用场景，测试系统稳定性、响应速度及故障自诊断能力，输出测试报告并推动问题整改；
3、配合硬件工程师完成产品的迭代升级，根据硬件性能优化软件代码，提升产品整体兼容性与可靠性；
4、与硬件研发、结构设计等部门紧密协作，确保软件与硬件的无缝对接，共同推进五恒及新风系统产品的研发进度；
5、为生产、销售及售后团队提供技术支持，协助解决产品生产过程中的软件问题。

任职资格：
1、本科及以上学历，电子信息工程、软件工程、自动化、计算机科学与技术等相关专业；
2、具备5年以上嵌入式系统软件开发经验，有五恒系统、新风系统或暖通空调行业软件研发经验者优先；
3、C 语言程序设计，两年及两年以上 C 语言编程经验，掌握单片机外围电路，能够掌握排除单片机、 DSP 外围电路故障；
4、熟悉嵌入式开发流程，具有stm32.GD32.MM32等嵌入式系统开发经验，熟练使用 keil , IAR 等嵌入式开发环境；
5、熟悉 PID 算法，熟悉主流硬件通信协议（如 SPI 、I2C、 UART 、 CAN 等），实现与驱动器、传感器等设备通信掌握电路设计原理及EDA工具（如Protel、Altium Designer），能够读懂硬件原理图，配合硬件工程师完成软硬件联合调试；
6、了解五恒系统、新风系统的工作原理与核心组件，熟悉温湿度传感器、空气质量传感器等设备的软件驱动开发；
7、良好的跨部门协作意识，能与结构、电子、测试、供应链团队高效配合，推进项目进度。",单片机 DSP STM32 SPI I2C UART CAN 方案设计 数据采集 技术支持 跨部门协作 供应链,https://jobs.51job.com/suzhou-gyyq/171331894.html?s=sou_sou_soulb&t=0_0&req=614fc5c2f477b76e3aa06636900db82f
嵌入式软件工程师,山东金帝精密机械科技,2.5-3.5万,昆山,苏州,本科,5年及以上,2026-06-25 16:50:09,job51,"岗位职责
负责机器人关节模组驱动控制单元底层及应用层软件的设计、开发、测试与维护，确保软件功能、性能及可靠性满足产品需求，支持项目顺利量产。
1. 负责控制器底层驱动软件（MCU、外设、通信等）及实时操作系统（AUTOSAR OS， FreeRTOS或类似）的架构设计、编码实现与单元测试。				
2. 负责应用层功能算法软件（如模拟信号采样滤波噪声处理，系统鲁棒性校正和故障诊断动作机制等）的模型设计、代码生成（基于MATLAB/Simulink）、集成与调试。						
3. 负责软件模块的集成、软件单元测试，系统级测试（HIL测试等）及问题分析与解决，支持产品开发过程的软件问题排查。						
4. 负责软件相关设计文档（如软件需求规格、详细设计、测试用例等）的撰写、评审与释放，遵循ASPICE或相关流程规范。						
5. 支持跨部门（如硬件、测试、生产）的协同开发与问题解决，参与DFMEA，并针对软件可测试性、可维护性（DFx）进行设计优化。	
任职要求
1.	年龄范围：不限	
2.	学历&amp;专业：本科及以上，软件工程、计算机科学、电子信息工程、自动化、车辆工程（软件方向）；
3.	工作经验：本科5年以上/硕士3年以上电子嵌入式软件开发经验，具备新能源汽车电子控制器软件正向开发及量产经验优先。	
4.	专业技能：1. 精通C/C++编程，熟悉嵌入式实时操作系统（如AUTOSAR OS， FreeRTOS）；2. 熟练掌握MATLAB/Simulink进行模型设计及代码生成；3. 熟悉汽车电子开发流程（如V模型、ASPICE），及常用工具链（如CANoe， Lauterbach Trace32）。
5.	1. 具备新能源汽车电子系统或相关零部件公司软件开发背景者优先；2. 有功能安全（ISO 26262）项目经验或熟悉AUTOSAR架构者优先；3. 同时具备硬件基础或电机控制理论基础者优先。",MCU RTOS MATLAB SPI C++ CAN 测试用例,https://jobs.51job.com/kunshan/172692403.html?s=sou_sou_soulb&t=0_0&req=614fc5c2f477b76e3aa06636900db82f
嵌入式软件工程师,江苏超达智能科技,1.5-2.5万,苏州·吴江区,苏州,本科,3年及以上,2026-07-20 20:02:12,job51,"岗位职责：
1. 基于 Simulink/Stateflow 开发植保机器人 VCU 应用层模型（扭矩/转向/喷洒协同控制），完成 MIL/SIL 仿真验证。
2. 基于 C++ 将模型代码或手写算法移植到嵌入式平台，集成 CAN 通讯、底软驱动及Bootloader。
3. 负责台架与田间实车联调，解决转向抖动、扭矩突变、通讯丢帧等工程问题，确保算法与嵌入式运行等效。
4. 遵循软件架构规范，撰写设计文档，支持 XCP/CCP 标定及实车参数调试。

任职要求：
1. 本科及以上，3 年以上嵌入式开发经验，至少 1 年 VCU 或机器人运动控制器项目实战。
2. 精通 C++（C++11/14，多线程、内存管理），同时具备扎实的 C 语言驱动能力。
3. 熟练使用 Simulink/Stateflow 建模，熟悉 CAN/CANFD、DBC 解析及 UDS 诊断，了解功能安全（ISO 26262）基本概念。",C++ CAN Simulink Stateflow VCU MIL SIL XCP,https://jobs.51job.com/suzhou-wjq/172977464.html?s=sou_sou_soulb&t=0_0&req=614fc5c2f477b76e3aa06636900db82f
嵌入式软件工程师,科瑞工业自动化系统（苏州）,2-3.5万·14薪,苏州·吴中区,苏州,本科,5-7年,2026-08-04 14:25:59,job51,"岗位职责：
1. 根据编程规范、研发进度和任务分配，开发系统中的功能模块和算法；
2. 按照开发流程和设计要求，完成软件模块的详细设计、代码实现、单元测试；
3. 编写功能模块测试程序，测试或协助测试完成测试工作；
4. 协助硬件工程师完成硬件设计，确保其符合设计要求；
5. 根据公司技术文档规范编写相关的技术文档；
6. 参与项目需求分析，研究项目的技术细节，根据需要进行一定的预研工作；


任职资格：
1. 通信、电子、仪表等相关专业本科及以上学历，5年以上嵌入式软件开发工作经验；
2. 熟悉嵌入式软件开发流程及开发工具；
3. 熟悉单片机、ARM的架构及应用开发；
4. 熟悉硬件电路工作原理；熟悉处理器外围设备接口及驱动程序设计；
5. 熟悉C/ C++语言编程；
6. 熟悉RTOS的驱动程序、系统移植与应用开发；
7. 有良好的编程风格、文档习惯，能够完成详细的设计文档；
8. 有责任心和团队合作意识，工作严谨认真，有良好的学习能力、沟通能力。",单片机 ARM C++ RTOS 技术文档 需求分析,https://jobs.51job.com/suzhou-wzq/140397266.html?s=sou_sou_soulb&t=0_0&req=614fc5c2f477b76e3aa06636900db82f
嵌入式软件工程师（机器人/AMR 底层）,江苏倍川自动化设备,1.5-2.5万·13薪,昆山,苏州,本科,3年及以上,2026-07-07 12:53:07,job51,"核心职责 (Core Responsibilities)：
运动控制与底层固件：基于 MCU（如 STM32）开发高可靠性的底层驱动，实现电机（BLDC/伺服电机）的精确 PID 闭环控制与里程计（Odometry）计算。
传感器集成：开发并优化底层通信协议（SPI, I2C, UART, CAN），稳定读取 IMU、超声波、防撞条、编码器等硬件数据。
系统桥接：实现 MCU 与上位机（IPC）的高效实时通信（如 UART/USB 上的微型串口协议，或 Micro-ROS），确保控制指令和遥测数据的低延迟传输。
安全与电源管理：负责 BMS（电池管理系统）数据解析，编写底层硬件看门狗（Watchdog）与急停（E-Stop）安全逻辑。

任职要求 (Requirements)：
熟练掌握 C/C++，具备扎实的嵌入式系统编程基础。
熟悉 FreeRTOS、RT-Thread 或 Zephyr 等实时操作系统（RTOS）的并发控制与内存管理。
具备良好的硬件基础，能看懂电子原理图，熟练使用万用表、示波器等仪器进行排障（Bring-up）。
了解常见的工业总线与协议（如 CANopen, Modbus）。

加分项：
机械与结构能力：熟练使用 AutoCAD 或 SolidWorks，能够独立查看机械装配图，甚至能够进行简单的钣金、3D 打印结构件修改与设计。
机器人系统经验：熟悉 ROS/ROS2 通信机制，了解底层固件如何与 Nav2 等导航堆栈进行联调。
熟悉飞书 (Lark) 或 Jira 等数字化敏捷开发与协同工具。",MCU STM32 SPI I2C UART CAN ROS C++ RTOS Modbus,https://jobs.51job.com/kunshan/172382019.html?s=sou_sou_soulb&t=0_0&req=614fc5c2f477b76e3aa06636900db82f
高级嵌入式软件工程师,苏州苏磁智能科技,2-3.5万·13薪,苏州,苏州,本科,3年及以上,2026-07-24 10:20:05,job51,"工作内容：
1. 负责控制器软件全流程开发
负责控制器驱动软件开发、悬浮算法软件设计、电机算法软件设计、以及用户接口软件开发
2.底层驱动与控制硬件适配
基于 STM32 系列单片机完成控制器底层驱动开发，包括 PWM 输出、ADC 采样、SPI/UART/CAN 外设驱动、功率电路驱动适配；设计并实现过流、过压、过热、失稳保护等安全逻辑，保障设备高速运行的可靠性。
3.测试验证与问题攻关
配合硬件团队完成控制器软硬件联调，搭建功能与性能测试环境，开展单元测试、集成测试与可靠性测试；定位并解决软件 Bug、算法稳定性问题与量产阶段的批量异常，形成问题闭环。
任职要求：
1.本科及以上学历，自动化、电气工程、控制科学与工程、电子信息等相关专业；
2.3 年以上嵌入式软件开发经验，有电机控制器、工业运动控制类产品开发项目经验；
3.精通 STM32 系列 MCU 开发，熟练使用 C 语言进行嵌入式编程，熟悉 FreeRTOS/RT-Thread 等实时操作系统；
4.精通永磁同步电机 FOC 矢量控制原理，掌握无感 FOC 算法（滑模观测器、扩展卡尔曼滤波等），有实际项目落地与调试经验；
5.掌握自动控制原理，熟悉 PID、超前滞后校正等控制方法，具备环路分析与参数整定能力；
6.熟悉 Modbus、EtherCAT 至少一种工业通信协议，有相关接口开发与联调经验；
7.熟练使用示波器、逻辑分析仪等调试工具，具备独立的软硬件联调与问题定位能力。",STM32 单片机 SPI UART CAN MCU RTOS Modbus 性能测试,https://jobs.51job.com/suzhou/173027650.html?s=sou_sou_soulb&t=0_0&req=614fc5c2f477b76e3aa06636900db82f
嵌入式软件工程师,苏州蓝石新动力,1-1.5万·13薪,苏州·苏州工业园区,苏州,本科,3年及以上,2026-06-30 17:31:17,job51,"岗位职责
1、负责两轮车驱动电机、电机控制器产品的MCU固件软件开发、方案设计、代码开发与调试迭代，独立完成产品软件落地，保障控制器稳定运行；
2、负责电机控制器相关MCU底层驱动、外设适配及业务逻辑开发，熟练完成CAN、UART、SPI、ADC、PWM等接口开发调试，适配两轮车电控系统需求；
3、配合硬件团队完成原理图评审、样机调试、软硬件联调，快速定位解决电机控制器开发、测试及量产过程中的软件BUG、兼容性及稳定性问题；
4、参与产品需求拆解、技术方案评审，输出软件设计文档、测试报告、版本说明等资料，支撑产品批量生产与迭代升级；
5、优化电机控制器软件性能、运行逻辑、功耗及稳定性，跟进解决市场售后软件问题，持续优化产品电控方案。

任职要求
1、本科及以上学历，有电控、电机控制相关项目/经验优先；
2、熟练掌握C语言，精通MCU嵌入式开发，熟悉STM32、GD32等主流单片机，熟练使用Keil、IAR等开发调试工具；
3、有两轮车、电动车电机控制器、驱动电控相关产品完整开发落地经验优先；
4、熟悉电机控制算法、FOC控制、无刷电机驱动开发者优先；
5、熟悉CAN总线协议、整车电控通信逻辑，有车载、工控电控产品开发经验；",MCU CAN UART SPI C语言 STM32 单片机 方案设计 技术方案,https://jobs.51job.com/suzhou-gyyq/172745070.html?s=sou_sou_soulb&t=0_0&req=614fc5c2f477b76e3aa06636900db82f
嵌入式研发电子工程师,苏州未来电器,1-2万,苏州·相城区,苏州,本科,2年及以上,2026-07-17 10:48:31,job51,"一、岗位职责
1.嵌入式软件设计与独立开发
1）独立完成产品功能模块的代码编写、软硬件联调与系统集成，对代码质量、性能指标及交付进度负责。
2）基于STM32等主流MCU平台，深入完成底层驱动、通信协议栈、应用层逻辑的全流程开发，具备从需求分析到量产维护的闭环能力。
2.硬件协同与全流程把控
1）深度参与原理图评审、PCB布局优化，基于数字/模拟电路基础，独立提出降噪、功耗、热管理、信号完整性等改进方案，并推动落地。
2）配合硬件工程师完成关键器件选型、接口定义、电源树设计及时序约束验证，确保软硬件设计的协调性与可制造性。
3.产线协同与量产支持
1）主导产线试产及量产阶段的软件相关支持，包括：烧录工装设计、产线测试程序（如ICT/FCT）开发、不良品分析及快速修复。
2）与生产工程、质量、工艺部门协同，解决产线上突发的软硬件耦合问题（如通信不稳定、功耗异常、静电干扰等），输出根因分析报告及改进措施。
4.全流程开发规范与文档管理
严格执行编码规范及开发流程，独立完成模块设计文档、接口说明、单元测试报告、集成测试报告、生产指导文件等的撰写，确保技术资料可追溯、可复用、可交接。
5.多协议通信开发与调试
独立完成UART、I2C、SPI、CAN、以太网等多种通信接口的驱动开发与协议调试，具备使用逻辑分析仪、示波器分析总线时序的能力。
6.视觉检测系统开发（具备此项能力者优先）
1）负责视觉检测相关设备的嵌入式算法集成与开发，如相机选型、图像采集接口驱动（OpenMV、OpenCV嵌入式移植）、图像处理算法优化。
2）协调硬件实现稳定的成像与照明结构，确保检测精度与可靠性，并能独立完成产线视觉工装的调试与维护。
二、职位要求
1.学历专业：本科及以上学历，通信、电子、自动化、机电、计算机等相关专业。
2.核心技能
1）精通单片机原理及底层驱动开发，熟悉数字电路、模拟电路基本原理，能独立阅读原理图并调试硬件。
2）熟练掌握C/C++语言，至少熟悉一种MCU开发环境（Keil、IAR、STM32CubeIDE等），有STM32/GD32等ARM Cortex-M系列平台实际项目经验（至少主导过2个以上量产项目）。
3）熟悉UART、I2C、SPI、CAN等常见通信接口，能独立完成驱动调试与总线时序分析，具备定位通信异常的能力。
4）产线协同能力
具备与生产、工艺、质量部门高效协同的经验，能独立处理产线试产/量产中的软硬件问题，并推动形成标准化流程。
5）文档与规范：具备规范的编码习惯和优秀的文档编写能力，能独立输出高质量的设计、测试及故障分析文档。
3.其他
1）逻辑清晰、善于分析，能独立解决软硬耦合的疑难问题。
2）优秀的沟通协作与跨部门推动能力，能与硬件、结构、测试、生产等团队高效配合。
3）工作细致、踏实，有责任心，对产品可靠性有追求，能独当一面。",STM32 MCU UART I2C SPI CAN OpenCV 单片机 C++ ARM 需求分析 文档编写,https://jobs.51job.com/suzhou-xcq/172946173.html?s=sou_sou_soulb&t=0_0&req=614fc5c2f477b76e3aa06636900db82f
仿真设计工程师,苏州亿麦矽半导体技术,1-2万,苏州·吴中区,苏州,本科,3年及以上,2026-08-07 14:56:21,job51,"1.负责IC载板的翘曲、应力、可靠性等力学性能分析。
2.负责项目力学建模、仿直报告编写与输出，参与载板项目方案选型，提供材料选型、结构设计优化、支撑产品交付。
3. 建立并维护载板应力仿真Signoff流程，基于AI辅助开发自动化仿真工具或脚本，提高仿真效率。
4. 先进封装技术关联的载板前沿力学仿真方法研究，推动仿真方法的创新与应用。
5. 与载板设计、NPI、工艺等多团队紧密配合，推动仿真驱动的载板设计流程落地。

岗位要求：
1.学历要求：本科(含)以上，机械工程、材料科学、微电子、工程力学、电子封装技术等相关专业。
2.3年以上封装厂或载板厂工艺，产品，研发,新产品导入等相关工作经验，有大客户新产品导入开发经验更优。
3.精通结构力学仿真工具如Ansys Mechanical、Abaqus、Altair HyperMesh等，能够独立主导复杂封装力学仿真项目。
4. 掌握Solidworks、Spaceclaim、Proe等三维建模软件
5.具有较强的团队协作和组织能力, 在团队内能有效的引导、强化服务（内/外部）客户和品质意识。
6.有较强自我驱动力、执行力、责任心，情绪稳定，抗压力强。
7.善于分析问题、判断问题和解决问题，善于多边沟通，并驱动团队进行改善。",NPI Mechanical Abaqus Altair Spaceclaim,https://jobs.51job.com/suzhou-wzq/173191876.html?s=sou_sou_soulb&t=0_0&req=614fc5c2f477b76e3aa06636900db82f
嵌入式软件工程师（昆山）,净能科技（嘉兴）,1.5-3万·13薪,昆山,苏州,本科,3年及以上,2026-07-03 08:50:14,job51,"岗位职责：
1、 负责储能系统中嵌入式软件的开发与优化，确保系统稳定运行；
2、参与整个产品开发周期，包括需求分析、系统设计、代码、测试和技术文档编写；
3、 与硬件团队协作，进行软硬件联调与问题定位；
4、 编写技术文档，支持产品交付与后续维护。

任职要求：
1、全日制本科及以上学历，电子工程、计算机科学或相关专业；
2、 3年及以上嵌入式软件开发经验，熟悉C/C++语言；
3、精通STM32系列芯片嵌入式软件开发，熟练USB、UART、SPI、I2C等底层驱动开发，熟悉RTOS、Linux等操作系统，实现传感器数据采集、处理、无线传输（LoRa、WiFi）。
4、能独立完成上位机界面开发者优先。
5、具备储能系统或电力电子相关项目经验者优先；
6、具备良好的逻辑思维和问题解决能力。
7、具备良好的沟通能力和团队合作精神。",C++ STM32 UART SPI I2C RTOS Linux LoRA WiFi 需求分析 技术文档 数据采集,https://jobs.51job.com/kunshan/169695184.html?s=sou_sou_soulb&t=0_0&req=614fc5c2f477b76e3aa06636900db82f
嵌入式开发,松下汽车电子系统（苏州）,1.5-2.5万·14薪,苏州,苏州,本科,5年及以上,2026-07-14 14:43:24,job51,"【工作内容】
·负责车载产品嵌入式平台（ARM）的Linux内核开发移植与适配，保证操作系统的高效运行和稳定性，并向上层开发提供技术协助
·负责车载硬件平台的linux下驱动开发工作，具有扎实的硬件知识，能够根据芯片手册编写软件驱动程序，USB/I2C/SPI/flash等开发
·与硬件工程师合作，实现硬件设备与操作系统之间的交互，协作完成电路板调试/外设驱动适配/信号处理等
·负责内核适配/中断处理/内存管理/驱动优化等相关，底层接口封装与版本维护工作
·负责整理和撰写开发过程中相关的技术文档（驱动设计文档，明确API调用方式和注意事项）

【经验要求】
・本科以上，软件，计算机，电子通信相关专业
・有检测软件开发经验者
・具备摄像头检测算法相关知识，能根据影像数据定量评估检测性能与可视性影响，具备开发车载摄像头可视性下降检测软件的能力 
（通过影像判定模式与等级并输出对应模式的软件包）
・因为有大数据分析业务内容（数百小时影像数据），需要具备运用AI等技术提升开发效率的能力 
・能编写驱动程序等

*当应聘人员主动将简历发送至我公司时，可视作应聘人员授权我公司在招聘时使用简历中所载明的信息。",ARM Linux I2C SPI 技术文档 数据分析,https://jobs.51job.com/suzhou/172904940.html?s=sou_sou_soulb&t=0_0&req=614fc5c2f477b76e3aa06636900db82f
嵌入式软件开发,苏州联讯仪器,1.5-2.5万·13薪,苏州·高新区,苏州,本科,5年及以上,2026-07-07 11:08:07,job51,"工作职责
1.根据产品需求，设计并开发光模块老化的嵌入式系统；
2.负责项目的方案选型，协议的制定维护，固件开发，资源优化；
3.参与产品原型的设计与制作，解决系统中的疑难问题，包括不限于：稳定性、延时、功耗；
4.配合项目组完成设备的调试交付；

任职资格
1.本科及以上学历，5年以上嵌入式相关工作经验，电子工程、计算机工程、自动化或相关专业；
2.熟悉C语言编程，具有扎实的数字电路、模拟电路、微机原理等嵌入式专业理论基础；
3.熟悉STM32/GD32等ARM 内核开发经验，熟悉SPI，I2C，I2S，UART,ETH等常见接口；
4.熟悉freertos嵌入式系统和应用开发经验
5.熟悉bootloader
6.具有较强的学习沟通能力",C语言 STM32 ARM SPI I2C UART RTOS,https://jobs.51job.com/suzhou-gxq/172818754.html?s=sou_sou_soulb&t=0_0&req=614fc5c2f477b76e3aa06636900db82f
高级机械工程师（分选机/固晶机）、,东莞市众合智创智能科技,2.5-3.5万·14薪,苏州·相城区,苏州,本科,5年及以上,2026-08-07 09:27:44,job51,"任职资格：
1、统招本科及以上学历，机械设计制造及其自动化等相关专业，年龄不超过40岁；
2、至少熟练使用SolidWorks，UG等一种三维软件，熟练使用Autodesk CAD；
3、7年及以上非标自动化设备开发经验，至少5有半导体封装设备开发经验，至少3年芯片分选设备(平移式）、固晶键合(diebond)经验。
4、具备机械设计，机械制造工艺，模具设计，机械制图，互换性与测量技术，机械物理原理，材料力学，金属材料及热处理等基础知识；
5、熟练掌握气动部件、标准机械传动部件、电机驱动部件，视觉相机等的选型及计算方法；
6、能独立完成机械自动化设备的总装图及部件图设计；有较强的动手能力及良好的机械测绘、装配能力，能独立分析设备异常原因。
7、熟练使用至少一类受力分析软件工具，并掌握一定的材料加工工艺基础。

岗位职责：
1、主导客户需求收集及方案的制作，根据要求进行产品设计；
2、处理工作中各类物料BOM表、整理并归档；
3、负责结构三维、二维图纸、作业指导书的绘制、上传、归档；
4、半导体先进封装设备的设计与开发、协助指导整机的装配、及设备日常管理、发机跟进；
5、逻辑思维敏捷，具备良好的语言组织能力、善于沟通，积极配合完成领导安排的相关工作事项。",产品设计 CAD diebond,https://jobs.51job.com/suzhou-xcq/173184995.html?s=sou_sou_soulb&t=0_0&req=614fc5c2f477b76e3aa06636900db82f
ARM软件工程师,江苏科曜能源科技,1.8-2.2万,苏州·吴中区,苏州,本科,5年及以上,2026-07-01 18:33:06,job51,"岗位职责：
1、负责逆变器ARM的代码维护，实现和BMS、EMS、数据平台的数据交互；
2、负责本地EMS的代码维护，实现并机功率分配和指令调度的响应；
3、负责通讯模块的代码维护，实现和其他厂家、数据平台的数据交互；
4、根据软件产品需求分析及可行性分析，进行软件开发过程中所有流程与架构的设计、控制及管理，并解决架构中的技术问题；
5、在软件产品测试阶段或软件制作前，发现和解决系统BUG；
6、配合其他软件工程师的产品开发工作，设计出高品质的软件产品；
7、执行上级交代的其他工作任务。

任职要求：
1、5年及以上相关工作经验，电子、自动化、电气类相关专业本科及以上学历，有ARM软件开发经验者优先；
2、具备逆变器ARM的开发经验，熟悉逆变器的使用场景和数据交互要求；
3、熟练运用CAN、CANFD、Modbus、蓝牙、wifi等通讯方式进行数据交互；
4、良好的代码习惯，工作认真负责、积极主动，学习能力强有创新意识；
5、能承受工作压力，有团队合作意识，良好的沟通理解能力，无违法犯罪记录。",ARM CAN Modbus WiFi 需求分析 EMS CANFD,https://jobs.51job.com/suzhou-wzq/172760984.html?s=sou_sou_soulb&t=0_0&req=614fc5c2f477b76e3aa06636900db82f
嵌入式ARM开发工程师,上能电气,2-3.5万·14薪,苏州·吴中区,苏州,本科,3年及以上,2026-06-16 14:34:43,job51,"职责描述：
1. 熟悉STM和GD芯片及其外设的通信，如IIC,SPI,CAN,UART,FMS，LWIP,LCD,Flash；
2. 熟悉储能逆变器的工作模式和工作逻辑，防逆流控制、需量控制、光储协同，能独立完成相应工作；
3. 熟悉电池自身工作逻辑，及与逆变器配合的工作逻辑；
4.编写和维护相关技术文档，如软件设计说明、测试报告、安规认证资料等；
5.配合硬件、测试工程师完成软硬件联调、问题定位与功能优化。

任职要求：
1. 电气工程、自动化、计算机等相关专业本科及以上学历，3年以上相关嵌入式软件开发经验
2. 精通 C/C++ 语言，具备良好的编码风格和数据结构基础，熟练掌握Keil，IAR等嵌入式编程工程 ，熟练Modbus-RTU， FreeRTOS，touchgfx等UI经验
3. 有良好的团队协议和沟通能力；
4. 可以适当加班和出差。",SPI CAN UART C++ Modbus RTOS 技术文档,https://jobs.51job.com/suzhou-wzq/138657316.html?s=sou_sou_soulb&t=0_0&req=e6b961d06948202c2440e650937c3b0f
固件/嵌入式工程师,苏州工业园区精泰达自动化,1.2-2.2万,苏州·苏州工业园区,苏州,大专,3年及以上,2026-06-18 16:23:54,job51,"岗位职责：
1、协助硬件参与产品方案设计评估、硬件选型等工作；
2、嵌入式软件需求分析、架构设计、编码实现；
3、问题攻关、BUG 定位与修复；
4、软硬件联合调试、功能验证、生产 / 维修指导；
5、编写设计文档、测试报告、维护手册；
6、负责固件迭代优化和维护工作；
7、现场问题支持与客户对接；

任职要求：
1、电子信息、自动化、计算机、通信等相关，本科以上学历；
2、三年以上独立嵌入式开发设计、调试经验，有成功量产产品案例者优先； -
3、精通 C/C++，熟悉 Python/Lua 优先，熟悉 Linux 开发（GCC/Make/Git）或 RTOS（FreeRTOS/RT-Thread）；
4、熟悉 UART/SPI/I2C/CAN/USB/Ethernet；
5、有示波器 / 逻辑分析仪/DMM等仪器仪表的调试和使用经验；
6、有测试设备、工控、FPGA/Zynq 经验优先",C++ Python Linux Git RTOS UART SPI I2C CAN FPGA 方案设计 需求分析,https://jobs.51job.com/suzhou-gyyq/171646690.html?s=sou_sou_soulb&t=0_0&req=e6b961d06948202c2440e650937c3b0f
嵌入式工程师,爱克斯瑞真空技术（苏州）,2-2.5万,苏州·高新区,苏州,本科,3年及以上,2026-08-06 10:48:41,job51,"岗位职责：
1.根据产品要求负责嵌入式固件设计
2.配合软硬件联调
3.其它领导安排的事项

任职要求：
1.有芯片移植经历
2.熟悉Xilinx Zynq-7000/Zynq MPSoC
3.熟悉 ARMCortex-M/A 系列或其他主流单片机/微处理器架构
(如 STM32、NXP、GD32等)。

公司福利：
元旦、劳动节、国庆节:每个节日发放福利现金200元
端午节、中秋节:每个节日发放福利礼品或者现金100元
提供停车位",ARM 单片机 STM32 Zynq-7000 Zynq MPSoC ARMCortex-M NXP,https://jobs.51job.com/suzhou-gxq/173171913.html?s=sou_sou_soulb&t=0_0&req=e6b961d06948202c2440e650937c3b0f
车载底层软件工程师,苏州市悠越电子,1.3-2.5万,苏州·高新区,苏州,大专,5年及以上,2026-08-07 11:04:40,job51,"1. MCU底层BSP驱动开发
完成MCU的底层初始化，GPIO、Timer、PWM、UART、SPI、ADC、看门狗、Flash存储、休眠唤醒等底层驱动编写，适配车规低功耗要求。

2. LED灯效底层时序驱动
负责RGB灯带时序底层开发，精准延时控制，实现呼吸、流水、渐变、律动、分区调光等基础灯效算法，解决花屏、色差、亮度不均问题。

3. 车载总线底层协议开发
LIN/CAN总线底层驱动、帧解析、PID指令处理、校验和、总线休眠唤醒、故障帧容错；对接原车车身控制器，完成总线报文收发与指令映射。

4. Bootloader与OTA底层开发
实现固件升级引导程序，支持在线升级、断点续传、升级校验、防砖机制，保障量产固件迭代安全。

5. 软硬件联调与车规测试
配合硬件工程师调试电源、恒流驱动、EMC电磁兼容；使用示波器、逻辑分析仪抓取时序与总线波形，定位时序偏差、总线丢包、电源压降问题；完成高低温、振动、老化可靠性测试。

6. 功能安全与文档输出
遵循MISRA-C编码规范，编写底层驱动设计文档、接口手册、测试用例；前装项目需满足ISO26262 ASIL-A/B、ASPICE流程要求。",MCU UART SPI CAN 测试用例 GPIO Timer PWM,https://jobs.51job.com/suzhou-gxq/173187695.html?s=sou_sou_soulb&t=0_0&req=e6b961d06948202c2440e650937c3b0f
生物信息分析工程师,苏州金唯智生物科技,1.3-2.3万·13薪,苏州·苏州工业园区,苏州,硕士,2年及以上,2026-08-07 16:29:05,job51,"岗位价值：
 作为研发实验室核心成员，您将参与高通量数据分析处理和科研项目交付，以高质量结果支持全球生命科学客户的创新研究。

主要职责：
1. 负责运用统计学方法、各类生物信息软件和现有流程，对高通量测序产生的数据进行分析。
2. 负责二代、三代高通量测序数据分析流程开发。
3. 负责其他项目相关生物信息数据的采集、整理、挖掘和利用。
4. 负责生物信息学分析流程的文档整理。

任职要求：
必备：
1. 具有生物信息学、分子生物学、计算机或数理学相关专业硕士及以上学历。2年以上相关工作经验。
2. 具有较好的编程能力，熟悉Perl/C++/MATLAB/R/Python中的一种或一种以上。
3. 熟悉Linux操作系统，具有高通量测序数据项目分析经验。
4. 能熟练阅读专业文献，自主查阅相关文献，具有较强的分析解决问题的能力。
5. 自我驱动型，沟通、学习能力强，有良好的团队合作精神。

优先：
1. 有三代Pacbio或ONT测序平台数据分析经验者优先。
2. 熟悉常用生物信息数据库，如UCSC、SwissProt、KEGG、NCBI、EBI，了解生物统计学相关知识者优先。

职业发展机会：
 我们提供技术专家和团队管理双通道职业发展路径。您可通过岗位培训、项目实践和跨团队协作，逐步成长为高级技术人员、实验室主管或专业技术专家。",Perl C++ MATLAB Python Linux 数据分析 团队管理 培训,https://jobs.51job.com/suzhou-gyyq/173194228.html?s=sou_sou_soulb&t=0_0&req=e6b961d06948202c2440e650937c3b0f
高压变频器研发硬件资深工程师,苏州弘远电气,2.5-3.2万,苏州·吴江区,苏州,本科,3年及以上,2026-08-07 11:56:46,job51,"1、负责高压变频器硬件系统整体方案设计、器件选型、原理图设计及PCB评审，统筹功率回路、驱动、采样、保护、主控等全硬件模块开发；
2、主导硬件样机调试、故障排查、性能优化与可靠性验证，解决研发及试产硬件技术难题，保障产品高压工况下的安全性与稳定性；
3、负责高压绝缘设计、EMC电磁兼容、过压过流保护等核心技术攻关，匹配工业高压应用参数与安规标准；
4、编制硬件研发规范、测试标准及技术文档，协同结构、生产团队完成产品落地，持续推进产品迭代优化；
5、跟进行业新技术、新器件，开展技术预研与储备，支撑产品线长期技术迭代。
任职要求：
1、本科（***学历双一流以上院校）及以上学历，电力电子、电气工程、自动化等相关专业，3年及以上高压变频器硬件研发经验，有完整项目落地经验优先；
2、熟悉高压变频器主流拓扑结构，精通IGBT等功率器件应用，掌握高压绝缘、耐压、接地、EMC核心设计规范与工业安规标准；
3、熟练使用各类硬件设计、仿真、测试工具，具备独立方案设计、样机调试与问题攻坚能力；
4、责任心强、逻辑清晰，适配新项目从零研发节奏，具备项目统筹、团队搭建能力者可任职负责人岗位。",方案设计 故障排查 技术文档 产品迭代,https://jobs.51job.com/suzhou-wjq/173188952.html?s=sou_sou_soulb&t=0_0&req=e6b961d06948202c2440e650937c3b0f
UE5开发工程师,苏州镁伽科技,1.5-2.5万·14薪,苏州·苏州工业园区,苏州,本科,3年及以上,2026-08-07 16:06:09,job51,"工作职责:
1、负责UE5数字孪生平台逻辑功能的设计与开发，实现数据驱动的3D场景实时交互与状态同步。
2、对接外部系统（IoT平台、业务管理系统等）数据接口，将实时设备数据、传感器数据、决策结果接入UE5场景，驱动数字孪生体动态行为。
3、负责UE5 Blueprint与C++逻辑模块开发，包括设备状态联动、告警事件响应、场景交互控制等核心功能。
4、与全栈工程师协作，搭建数字孪生管理平台后端接口服务，实现UE5与Web管理系统的数据通路与资产管控。
5、负责Pixel Streaming推流方案的技术落地，保障多用户并发访问的实时性与稳定性。
6、参与性能优化工作，解决大场景渲染、复杂逻辑计算带来的帧率与延迟问题，输出性能调优方案。
任职资格:
1、本科及以上学历，3年以上UE开发经验，有C++和Blueprint混合编程实战经验。
2、完整参与过至少1个UE项目从立项到交付的全周期，承担过核心逻辑开发。
3、熟悉HTTP RESTful API、WebSocket、MQTT等数据通信协议，有实时数据接入UE5场景的落地经验。
4、了解Pixel Streaming架构，熟悉信令服务器、WebRTC推流的基本原理。
5、具备良好的代码规范和工程化习惯，能使用Git进行团队协作开发。

加分项
1、有数字孪生或3D可视化项目落地经验，熟悉农业/工业场景设备状态可视化需求。
2、提供 UE5 项目的演示视频或可运行Demo，能展示数据驱动逻辑的Demo优先。
3、有Blueprint/Material优化经验，熟练使用Unreal Insights等Profiling工具进行性能分析。
4、有C#或.NET后端开发经验，能独立完成UE5与后端系统的接口联调。
5、有 Niagara 粒子系统开发经验，能制作简单流体/烟雾/闪光等特效。",C++ WebSocket MQTT Git C# RESTful API UE5,https://jobs.51job.com/suzhou-gyyq/173193629.html?s=sou_sou_soulb&t=0_0&req=e6b961d06948202c2440e650937c3b0f
底层开发工程师(C/C++)(J10946),研华科技（中国）,1-2万·15薪,苏州,苏州,本科,3-5年,2026-07-27 22:52:32,job51,"工作概要Job Purpose：
负责CODESYS Runtime在Linux平台（含PreemptRT实时扩展）的底层开发与深度定制，包括操作系统移植、驱动开发、硬件适配及性能调优，构建高确定性、低延迟的运动控制运行环境，支撑公司工业控制器产品的技术落地。

工作任务Task： 
(1) 负责Linux PreemptRT实时操作系统的移植与调校，包括内核参数优化、任务调度策略配置、中断延迟测试，确保实时任务满足确定性要求。
(2) 负责硬件外设在Runtime层的驱动接口适配与集成，确保Runtime能够正确识别并访问GPIO、UART、SPI、I2C、CAN、EtherCAT等外设及总线。
(3) 负责系统联调、性能分析（任务抖动、响应延迟、CPU占用等），定位并解决实时任务中的时序问题与稳定性隐患，持续优化系统响应速度与可靠性。
(4) 编写系统移植文档、驱动接口说明、测试报告及用户手册，保障产品可维护性与可交付性。

专业知识与技能Professional Knowledge and skill：
(1) 精通C语言。
(2) 熟悉Linux操作系统原理及实时系统理论。
(3) 具备嵌入式Linux移植、驱动开发或Linux PreemptRT实时调校经验。",Linux UART SPI I2C CAN C语言 嵌入式Linux,https://jobs.51job.com/suzhou/173058673.html?s=sou_sou_soulb&t=0_0&req=e6b961d06948202c2440e650937c3b0f
高级linux驱动工程师,固德威技术,2-3.5万·14薪,苏州·虎丘区,苏州,本科,5年及以上,2026-07-06 13:34:01,job51,"负责基于 SoC 平台的 Linux 系统移植、适配与稳定性优化。
负责设备树 DTS 编写、驱动配置、外设 bring-up 与系统启动链路调试。
负责系统裁剪与定制，包括 kernel、rootfs、启动服务、文件系统、系统组件等。
负责系统启动性能优化，定位并优化 bootloader、kernel、init、应用启动阶段耗时。
负责内存、调度、I/O 等系统性能分析与优化，提升设备运行稳定性和资源利用效率。
配合硬件、驱动、应用、测试团队定位系统级问题，包括死机、卡顿、内存泄漏、I/O 阻塞、异常重启等。
参与产品量产、发版、问题回归与现场问题分析，沉淀系统调试和优化方法。
任职要求
本科及以上学历，计算机、电子、通信、自动化等相关专业。
熟悉 Linux kernel、bootloader、rootfs、设备树、驱动加载与系统启动流程。
熟悉 ARM/Linux 嵌入式平台开发，有实际系统移植、裁剪、优化经验。
熟悉常见外设接口和调试方法，如 I2C、SPI、UART、GPIO、USB、网口、存储等。
熟悉 Linux 性能分析工具和方法，如 top、perf、ftrace、systemd-analyze、vmstat、iostat、dmesg 等。
具备较强的问题定位能力，能够独立分析启动慢、内存高、I/O 卡顿、系统异常等问题。
熟练使用 C、Shell，具备良好的代码阅读和调试能力。
加分项
有 IMX6ULL、STM32MP257 等 SoC 平台经验。
有 Android/Linux BSP、Yocto、Buildroot、Debian/Ubuntu rootfs 定制经验。
有量产产品系统优化、稳定性治理、长期运行问题定位经验。",Linux ARM I2C SPI UART Shell STM32,https://jobs.51job.com/suzhou-hq/172804940.html?s=sou_sou_soulb&t=0_0&req=e6b961d06948202c2440e650937c3b0f
驱动工程师（windows）,长城国际信息技术（深圳）,1.3-2.5万,苏州·虎丘区,苏州,本科,3年及以上,2026-07-06 14:23:01,job51,"岗位职责：
1、负责计算机硬件设备驱动程序的开发、调试与维护工作，确保驱动的稳定性和可靠性；
2、负责分析、设计、编写驱动测试程序，对计算机硬件设备进行测试，以发现和解决问题；
3、针对客户需求，完成驱动版本定制，对不同的硬件设备进行驱动适配；
4、与硬件开发工程师、软件工程师等团队成员紧密配合，完成系统开发的各项工作；
5、积极与硬件工程师、测试工程师沟通，及时解决研发过程中发现的问题。

任职要求：
1、本科及以上学历，计算机等相关专业；
2、3年以上X86系统驱动工作经验；
3、熟悉硬件知识，深入了解主板、显卡、声卡、网卡等硬件设备的工作原理和接口类型；
4、熟悉Windows、Linux等主流操作系统的基本原理和体系架构；
5、掌握C/C++等编程语言基础，能够阅读和理解驱动程序源代码，了解脚本语言（如Python、Shell等）在自动化测试中的应用；
6、工作严谨认真，自驱力强，能及时发现问题和解决问题。",Linux C++ Python Shell 自动化测试,https://jobs.51job.com/suzhou-hq/168792106.html?s=sou_sou_soulb&t=0_0&req=e6b961d06948202c2440e650937c3b0f
UDS嵌入式开发工程师,苏州九驭智控科技,1.5-2.5万,昆山,苏州,本科,2年及以上,2026-08-05 09:16:21,job51,"岗位核心职责：
1、负责汽车电子控制器端UDS诊断协议栈的开发、移植与优化，严格遵循ISO 14229系列国际标准完成功能落地。
2、主导LIN总线通信模块的驱动开发与协议集成，实现节点间可靠的诊断交互与数据传输。
3、完成DTC故障码体系的全链路设计：包括故障逻辑触发、状态存储、快照数据记录、清除与上报流程开发，满足车规级诊断规范要求。
4、对接主机厂与Tier1客户的诊断需求，输出规范的诊断服务文档，完成诊断功能的台架测试与实车联调。
5、跟进车载诊断相关国标、行业标准的更新迭代，持续优化产品的诊断兼容性与合规性。
任职要求：
1、本科及以上学历，电子工程、车辆工程、自动化、计算机等相关专业，2年以上汽车电子嵌入式开发经验。
2、深入理解ISO 14229 UDS诊断协议全体系，熟练掌握常用26种标准诊断服务的实现逻辑与应用场景。
3、精通LIN总线协议（ISO 17987），具备LIN主/从节点的驱动开发、信号调度与诊断功能集成的完整项目经验。
4、熟悉汽车电子DTC故障码设计规范，独立完成过至少1款车载控制器的故障诊断体系开发工作。
5、熟练使用C/C++进行嵌入式代码开发，具备Keil、IAR等主流编译环境调试经验，了解MCU底层外设驱动开发原理。
6、熟悉CAN/LIN总线分析工具（如CANoe、CANalyzer），能够独立完成诊断报文的抓取、分析与问题定位。
7、具备车规级功能安全（ISO 26262）、ASPICE开发流程相关经验者优先，有车载动力域、底盘域、车身域控制器开发经验者优先。",C++ MCU CAN SPI 合规 ISO CANalyzer,https://jobs.51job.com/kunshan/173153881.html?s=sou_sou_soulb&t=0_0&req=e6b961d06948202c2440e650937c3b0f
APP应用软件工程师/嵌入式模型开发工程师,普莱德汽车科技（苏州）,1.5-2.5万,苏州·苏州工业园区,苏州,本科,2年及以上,2026-07-09 10:16:47,job51,"岗位职责：
1.模型架构与策略开发：基于MATLAB/Simulink/Stateflow，负责汽车电子（如BCM、座椅、车窗、热管理、电机控制等）应用层软件建模。设计PID控制、状态机、LIN通信数据处理等核心逻辑模块。
2.模型在环测试：搭建MIL/SIL测试环境，根据需求编写测试用例，保证模型逻辑与需求文档完全对齐。
3.代码生成与集成：熟练配置Embedded Coder或Autosar Blockset，将Simulink模型生成符合MISRA标准的嵌入式C代码。
4.配合底软工程师，将生成的算法代码与MCAL（微控制器抽象层）、RTE（实时运行环境）进行集成。
5.MCU底层适配与调试：能看懂基础的MCU外设驱动代码（如GPIO、ADC、PWM、LIN、UART）。使用调试器（如Lauterbach、J-Link、iSystem）进行在线调试验证，解决模型代码在真实芯片上运行的逻辑异常（如：数据溢出、时序冲突、内存越界）。
任职资质：
1.本科及以上学历，精通MATLAB/Simulink/Stateflow，两年以上项目建模经验。
2.MCU基础：熟悉C语言，能看懂指针、结构体、中断服务函数。
3.了解ADC、PWM、定时器等外设的工作原理（不要求手写驱动）。
4.通讯协议：熟悉至少一种嵌入式通信协议（LIN/CAN）",MATLAB MCU UART C语言 CAN 测试用例,https://jobs.51job.com/suzhou-gyyq/172849018.html?s=sou_sou_soulb&t=0_0&req=e6b961d06948202c2440e650937c3b0f
下位机软件开发工程师（嵌入式）,苏州睿仟科技,2-3万,苏州,苏州,本科,3年及以上,2026-06-18 16:24:08,job51,"一、工作职责：
1.参与整机需求与评审，独立承担下位机研发项目，负责需求梳理、架构设计、模块开发与性能优化（实时性、控制精度等）、接口协议等；
2.独立完成底层驱动开发、多任务的开发、通信协议的开发等保证各模块及设备的实时控制；
3.联动其他专业组（硬件，液路，光学，上位机等）完成产品的联调与测试工作；
4.推进下位机从研发到生产转化，解决转产问题，输出工艺文件（设计文档、测试用例等）
5.完成产品说明书、技术要求（下位机部分）、注册资料等技术文档输出和版本控制；
6.确保设计符合 IVD 行业标准与法规，跟踪新技术并推动产品创新；
7.领导安排的其它工作。

二、任职资格： 全日制本科以上学历，计算机、通信、电子工程、自动化、软件工程等专业，掌握嵌入式系统原理、微控制器架构、电路基础知识及原理等理论基础。

三、工作经验： 
1、有3年以上化学发光仪器或同类仪器下位机软件开发经验；
2、熟练 C/C++/Linux、精通STM32 开发；
3、熟悉硬件接口驱动、RTOS，了解 PID 算法、传感器校准者优先。​
4、看懂硬件原理图、 datasheet，能独立排查IO、时序、模拟电路问题。

四、其他要求：
1. 有良好的沟通能力、表达能力及学习能力；
2. 有良好的团队合作精神，工作认真负责；
3. 热爱软硬件技术开发，有钻研精神。",C++ Linux STM32 RTOS 测试用例 技术文档,https://jobs.51job.com/suzhou/172614938.html?s=sou_sou_soulb&t=0_0&req=e6b961d06948202c2440e650937c3b0f
嵌入式软件开发工程师（ARM Linux / 网关方向）,欧梯恩智能科技（苏州）,2-4万,苏州·姑苏区,苏州,本科,5年及以上,2026-07-01 09:48:44,job51,"岗位职责
1、负责物联网网关产品的嵌入式软件设计、开发与维护

2、负责ARM Linux平台下的驱动开发、系统裁剪、BSP适配及底层优化

3、负责网络通信协议（TCP/IP、MQTT等）的应用开发与调试

4、配合硬件工程师完成板级调试及软硬件联调

5、编写技术文档，参与专利、软著等知识产权申报

任职要求
1、本科及以上学历，计算机、电子、通信或相关专业

2、5年以上嵌入式软件开发经验

3、精通Linux环境下的C/C++编程，熟悉多线程、网络编程

4、熟悉ARM平台（Cortex-A）的嵌入式Linux开发，有驱动或BSP经验

5、熟悉常见外设接口：UART、SPI、I2C、USB、Ethernet等

6、具备硬件调试能力，能看懂原理图，能使用示波器、逻辑分析仪等工具

7、有网关、路由器、CPE等网络通信产品开发经验",ARM Linux TCP/IP MQTT C++ 嵌入式Linux UART SPI I2C 技术文档 专利 知识产权,https://jobs.51job.com/suzhou-gsq/172748787.html?s=sou_sou_soulb&t=0_0&req=e6b961d06948202c2440e650937c3b0f
嵌入式linux软件开发工程师,广东锐博软件科技,1.5-1.9万,昆山,苏州,本科,2年及以上,2026-07-23 10:34:54,job51,"1.负责嵌入式设备的开发和维护，系统的集成调试和产品测试；&nbsp;
&nbsp;2.负责嵌入式Linux平台应用层软件设计与开发；
&nbsp;3.与底层软件开发人员共同制定底层驱动与上层软件接口；
&nbsp;4.根据需求文档，编写概要设计、详细设计，并开发相应模块代码。

任职要求：&nbsp;
&nbsp;1.本科及以上学历，电子、通讯、计算机等相关专业，有3年以上嵌入式开发经验；&nbsp;
&nbsp;2.精通C/C++语言，多线程，多进程，内存共享，网络通信编程技术，熟悉TCP/IP协议和HTTP协议，有嵌入式web后台服务器开发经验；
&nbsp;3.掌握RS232/RS485/RS422、I2C、SPI、SBUS、USB等接口协议；
&nbsp;4.熟悉嵌入式linux相关开发、调试、优化工具。",嵌入式Linux C++ TCP/IP I2C SPI RS485 RS422 SBUS,https://jobs.51job.com/kunshan/173013354.html?s=sou_sou_soulb&t=0_0&req=e6b961d06948202c2440e650937c3b0f
嵌入式软件开发工程师,乐枫科技（苏州）,8千-1.5万·13薪,苏州·吴中区,苏州,本科,2年及以上,2026-07-17 11:20:55,job51,"岗位职责：
1．参与项目需求分析，负责分析产品软件功能的实现方式及性能评估。
2．负责控制系统架构总体设计及各控制模块的详细定义与设计，编写相关开发、测试文档。
3．负责产品的主控系统、驱动系统和通信系统的软件开发及功能调测。
4．负责优化产品软件功能和性能，包括可复用、易移植、易扩展等。
5．负责软件开发相关的其他技术工作。
任职要求：
1．本科以上学历，电子、计算机及相关专业，熟悉C语言编程，有独立的项目经验。
2．精通C／C＋＋语言，熟练使用驱动软件开发环境（如uVision等），熟悉交叉编译方法。
3．熟悉ARM架构、嵌入式Linux操作系统，有独立开发产品以及分析解决问题的经验和能力。
4．熟悉串行通信（Modbus）和TCP／IP等常用通信协议。
5．两年以上主流芯片平台产品的项目经验（如ARM STM32系列），有主导负责或独立进行底层驱动软件开发的经验。
6．具有行业内软件开发者优先。
7．工作责任心强、有上进心，具有良好的沟通及团队协作能力。",C语言 ARM 嵌入式Linux Modbus STM32 需求分析,https://jobs.51job.com/suzhou-wzq/166519892.html?s=sou_sou_soulb&t=0_0&req=e6b961d06948202c2440e650937c3b0f
伺服驱动器固件研发工程师,三菱电机智能制造科技（中国）集团,1.5-3万·15薪,苏州·吴中区,苏州,本科,3年及以上,2026-07-16 16:06:09,job51,"【工作内容】
负责伺服驱动器控制软件及底层固件开发。
主要工作内容包括：
1、负责伺服驱动器底层软件架构设计。
2、负责电流环，速度环，位置环控制算法开发。
3、负责PMSM FOC等控制算法开发与优化。
4、负责自动整定，参数辨识及惯量识别算法开发。
5、负责弱磁控制及高速控制算法优化。
6、负责编码器接口软件开发。
7、负责EtherCAT等工业通信协议开发。
8、负责软件调试，性能优化及故障分析。
9、配合硬件工程师完成产品调试。
10、参与产品验证及量产导入。
11、支持客户现场技术问题分析及持续改善。

【任职要求】
1、本科及以上学历。自动化，控制工程，电气工程，电子信息，计算机等相关专业。
2、3年以上工业自动化控制软件开发经验。具有以下经验者优先：EtherCAT CiA402，STO功能，Motion Control，多轴同步控制，高性能伺服控制算法开发
3、熟悉电机控制理论，自动控制理论，数字控制，DSP等开发，实时操作系统（RTOS）
4、具有以下经验者优先：高性能矢量控制开发，多泵控制，节能控制算法，行业专用变频器开发，多电机控制",DSP RTOS EtherCAT CiA402 Motion Control,https://jobs.51job.com/suzhou-wzq/172938275.html?s=sou_sou_soulb&t=0_0&req=e6b961d06948202c2440e650937c3b0f
高级嵌入式软件开发工程师,光子智构（苏州）科技,1.5-3万,苏州·苏州工业园区,苏州,硕士,3年及以上,2026-06-12 16:23:54,job51,"工作职责
1.	负责医疗器械Linux 设备驱动程序编程/调试，Linux OS 内核裁剪等 ；
2.	参与医疗设备软件平台底层架构设计，代码编写，调试等 ；
3.	负责客户反馈问题解决； 
4.	负责医疗设备认证软件部分文档的编写等； 
5.	参与医疗设备研发管控流程设计，实施 等； 
6.	及时帮助解决组内初级工程师碰到的技术方面问题。 
任职要求 
1.	学历/专业：研究生及以上学历，计算机相关专业，数学相关专业，医疗器械设计相关专业均可。
2.	编程经验：3年以上电机控制（伺服电机和步进电机 等， PLC）编程经验，3年Linux OS 下的上位机编程经验，1年以上Linux 设备驱动程序编写与调试经验，1年以上Linux OS 内核裁剪经验； 
3.	熟悉嵌入式系统开发，如 MCU/SoC 嵌入式开发； 
4.	数据库经验：有3年以上数据编程经验（SQL/mysql）
5.	工作态度认真，负责，为人积极向上，愿意不断学习。有一定的沟通技巧。热心帮助同事。遵守公司和部门的各种规定等。
6.	加分项：
a.	有医疗行业经验（特别是医疗设备研发经验）是一个加分项。 
b.	熟悉医疗设备相关协议（如 DICOM, HL7）, 相关法规（如 IEC 60601）是一个加分项。 
c.	熟悉 python 编程语言是一个加分项。 
d.	熟悉 AI 相关算法/框架，如 Transformer, LSTM, YOLO, 大模型 等一个加分项。 
e.	熟悉图像 AI 算法（特别是医疗图像 AI 算法）是一个加分项。",Linux MCU SQL MySQL Python Transformer 大模型,https://jobs.51job.com/suzhou-gyyq/172536823.html?s=sou_sou_soulb&t=0_0&req=e6b961d06948202c2440e650937c3b0f
嵌入式软件开发工程师,苏州安梦医疗设备,1.5-3万,苏州·吴中区,苏州,本科,3年及以上,2026-06-18 09:44:57,job51,"岗位职责
1.负责医疗产品的嵌入式软件开发维护，持续优化嵌入式操作系统及固件性能；
2.负责软件的集成测试和单元测试及相关文档；
3.负责相关产品的在线新需求实现和故障维护处理。
任职要求
1. 本科及以上学历，电气工程、计算机科学、医疗工程、电子、通讯等相关专业；
2. 具备扎实的 C/C++ 编程能力，编码规范良好，熟悉 Shell 脚本编程；
3. 熟练掌握常用硬件接口（如 I2C、SPI、UART）及传感器设备的驱动开发与调试，能独立阅读数据手册和电路图，具有示波器、协议分析仪等调试工具的实际操作经验；
4. 拥有为嵌入式系统配置与构建 Linux 操作系统的实际经验（如 Yocto 或 Buildroot），熟悉板级支持包、工具链、内核驱动、引导加载程序的定制与配置；
5. 深入理解 Linux 底层编程（内核、驱动、系统级库、POSIX 函数及系统调用），具备面向对象的固件开发经验（C++），对软件的模块化、可移植性有深刻理解；有程序架构设计或库函数开发经验者优先；
6. 具备良好的英语读写能力，能够独立、主动、负责任地推进工作，有较强的责任心与团队协作精神。",C++ Shell I2C SPI UART Linux,https://jobs.51job.com/suzhou-wzq/172551202.html?s=sou_sou_soulb&t=0_0&req=e6b961d06948202c2440e650937c3b0f
嵌入式软件开发工程师（电源方向）,苏州矽凯力科技,2-2.3万·14薪,苏州·苏州工业园区,苏州,本科,5年及以上,2026-08-06 16:01:57,job51,"【工作内容】
1、负责电源管理芯片或模块的嵌入式软件架构设计与核心算法实现；
2、主导电源系统驱动开发，完成硬件初始化、控制环路及保护机制编写；
3、配合硬件团队进行样机调试，解决电磁兼容、效率优化等关键问题；
4、撰写技术规格书、测试报告及用户手册，确保交付文档完整规范；
5、跟踪行业前沿技术，持续优化代码性能并推动产品迭代升级。

【任职要求】
1、本科及以上学历，电子工程、自动化或计算机相关专业，精通C语言；
2、熟悉MCU（如ARM Cortex-M系列）架构，掌握RTOS实时操作系统原理；
3、具备电源拓扑结构知识，有DC-DC、AC-DC等电源项目开发经验优先；
4、熟练使用示波器、逻辑分析仪等工具，具备扎实的电路分析与调试能力；
5、具备良好的逻辑思维与沟通协作能力，能适应高强度研发工作节奏。",C语言 MCU ARM RTOS 产品迭代 Cortex- DC AC-,https://jobs.51job.com/suzhou-gyyq/173179432.html?s=sou_sou_soulb&t=0_0&req=f933535375cea71cab3a0b2037c8eedf
STM32单片机软件开发工程师,欧梯恩智能科技（苏州）,2-3万,苏州·姑苏区,苏州,本科,5年及以上,2026-06-22 09:36:39,job51,"岗位职责：

1、负责基于STM32的嵌入式软件设计、开发与维护

2、负责裸机或RTOS下的驱动开发、业务逻辑实现

3、配合硬件工程师完成板级调试及问题定位

任职要求：

1、本科及以上学历，计算机、电子、通信或相关专业

2、5年以上STM32嵌入式开发经验

3、精通STM32单片机开发，熟悉HAL/LL库、中断、DMA、定时器等

4、熟悉RTOS（FreeRTOS/RT-Thread/ucOS）下的多任务编程

5、熟悉常见接口：UART、SPI、I2C、CAN、ADC、PWM、USB

6、能使用示波器、逻辑分析仪等工具进行硬件调试

加分项：

1、有Linux开发经验

2、有网关、通信类产品开发经验

3、有WiFi、4G、蓝牙等无线模块驱动经验

4、有摄像头、视频处理经验",STM32 RTOS 单片机 UART SPI I2C CAN Linux WiFi 4G,https://jobs.51job.com/suzhou-gsq/172627928.html?s=sou_sou_soulb&t=0_0&req=f933535375cea71cab3a0b2037c8eedf
Charge 驱动工程师,圣邦微电子（北京）,1.8-2.8万·15薪,苏州·苏州工业园区,苏州,本科,3年及以上,2026-06-22 16:52:34,job51,"岗位：软件AE
1、负责Android、Linux等系统下电源类芯片的驱动开发和验证；
2、从软件层面独立解决客户在产品开发、量产过程中遇到的各种技术问题，保证产品的顺利推广；
3、系统开发中整理相关技术文档；

任职要求：
1、全日制统招本科学历，计算机、自动化或电子相关专业；
2、1~3年手机、平板等电子产品行业相关驱动开发工作经验；
3.、精通C语言，熟练掌握Keil、Android等集成开发环境；
4、精通charge、pump等充电原理；
5、熟练使用SVN、Git等代码管理工具
6、熟悉常见通讯接口，如UART、USB等通讯接口以及I2C、SPI等BUS总线者优先；
7、熟悉ARM、RISC-V架构、USB TYPE-C,USB-PD以及QC/SCP/FCP/UFCS/AFC/VOOC快充协议其中的一种或几种，有PD认证、充电器，移动电源，手机，PC等电源产品开发经验者优先；
8、具有一定的硬件基础，能够看懂硬件电路设计及分析；",Linux C语言 SVN Git UART I2C SPI ARM 技术文档,https://jobs.51job.com/suzhou-gyyq/172639901.html?s=sou_sou_soulb&t=0_0&req=f933535375cea71cab3a0b2037c8eedf
电子开发工程师,苏州爱普电器,1.5-2.6万·14薪,苏州·高新区,苏州,本科,5年及以上,2026-07-30 14:39:02,job51,"【岗位描述】
1. 负责基于MCU的产品嵌入式软件设计、开发、调试与维护。
2. 分析产品需求，进行软件架构设计、模块划分及代码实现。
3. 编写、移植和优化底层驱动程序（如GPIO、ADC、UART、I2C、SPI、USB、CAN等）。
4. 配合硬件工程师进行板级调试，解决软硬件协同问题。
5. 进行代码调试、单元测试、集成测试，确保软件稳定性与可靠性。
6. 编写和维护相关的技术文档（设计文档、接口文档、测试报告等）
【岗位要求】
1、计算机科学、电子信息工程、通信工程、自动化、电气工程及其相关专业。5-10年清洁类小家电电器开发经验，有相关预研经验者优先
2. 精通C语言： 深入理解指针、内存管理、数据结构、编程规范及优化技巧。
3. 熟练使用Keil MDK等主流IDE。
4. 单片机架构： 熟悉至少一种主流MCU内核（如ARM Cortex-M系列、RISC-V、8051、AVR、PIC等），了解其体系结构、中断机制、时钟系统、存储器管理。
5. 外设与协议： 熟练掌握常用外设接口和通信协议（UART, I2C, SPI, CAN, USB, ADC, PWM, LCD等）的驱动开发。
6. 调试能力： 熟练使用示波器、逻辑分析仪、万用表等工具进行硬件级调试。精通JTAG/SWD在线调试。
7. 软件工程思想： 具备模块化、面向对象编程思想，代码结构清晰，有良好的编程习惯和文档习惯。
 特定领域经验：
1. 电机控制： 熟悉FOC/BLDC/PMSM电机控制算法，有相关项目经验。
2. 低功耗应用： 有电池供电设备开发经验，精通睡眠、唤醒等功耗优化技术。
3. 图形界面： 有LVGL、TouchGFX等嵌入式GUI开发经验。
4. 温度控制：PID温度调节。",MCU UART I2C SPI CAN C语言 单片机 ARM 技术文档,https://jobs.51job.com/suzhou-gxq/158633156.html?s=sou_sou_soulb&t=0_0&req=f933535375cea71cab3a0b2037c8eedf
IOT嵌入式软件开发工程师,无锡小天鹅电器,2-3万·15薪,苏州,苏州,本科,5年及以上,2026-07-07 16:06:31,job51,"岗位职责：
1、负责扫地机器人IoT项目设备端研发工作
2、负责IoT项目产品需求分析、方案设计、协议制定、开发实现以及相关文档编制
3、负责解决不同场景下使用产品时遇到的网络通信问题，与品质、售后等部门协同，提高产品竞争力
4、负责对相关无线通信技术问题进行攻关，比如提高WiFi/BLE连接稳定性、吞吐率等
5、参与IoT前沿技术的研究，包括对相关领域先进技术和工具的跟踪、学习和应用
任职资格：
1、物联网、计算机、通信、电子信息类本科以上学历，5年以上相关工作经验
2、精通C/C++语言，多线程、多进程、网络通信编程技术，丰富的Linux开发经验
3、熟悉常见网络通讯协议（tcp/udp/http/mqtt等）、802.11、socket编程，熟练掌握wpa_supplicant、hostapd等网络管理和调试工具
4、熟悉BLE协议、Bluetooth Core Specification、bluez蓝牙协议栈，熟悉hcitool、gatttool等蓝牙开发工具
5、有量产物联网产品开发经验
6、工作认真踏实，良好的团队合作精神、沟通能力、学习能力和自我驱动能力",WiFi C++ Linux MQTT CAN Bluetooth 需求分析 方案设计,https://jobs.51job.com/suzhou/172826025.html?s=sou_sou_soulb&t=0_0&req=f933535375cea71cab3a0b2037c8eedf
DSP软件开发工程师,富晟汽车电子（江苏）,2-2.5万·13薪,苏州·苏州工业园区,苏州,本科,3年及以上,2026-06-29 14:58:03,job51,"岗位职责：
1.参与车载功放DSP平台搭建；
2.根据项目需求，完成功放产品DSP相关软件开发和调试；
3.负责软件部门的代码、技术文档编写和整理；
4.参与新硬件的bringup；
5.配合硬件、MCU、调音等各团队进行联通；
6.配合项目经理完成功放项目相关开发任务以及交付；
7.负责领导交办的其他事项

岗位要求：
熟悉C/C++编程语言；熟悉主流DSP如ADI 21565、21569、21593等DSP芯片；熟悉DSP驱动开发；有较强的抗压能力和良好的沟通能力；有功放量产项目开发经验者优先；熟悉环绕、全景声、降噪算法者优先；有参与ASPICE审核并通过者优先",DSP MCU C++ SPI 技术文档,https://jobs.51job.com/suzhou-gyyq/172725672.html?s=sou_sou_soulb&t=0_0&req=f933535375cea71cab3a0b2037c8eedf
软件开发工程师,欧菲光集团,1.5-2.5万,苏州·相城区,苏州,本科,3年及以上,2026-07-21 15:24:51,job51,"岗位职责：
1.负责将产品软件涉及到的底层驱动MCAL、基础软件BSW、Bootloader、通信、信息安全等进行开发集成
2.承担部分功能模块SWC的需求分析、功能开发
3.负责对各软件模块集成编译、调试以及问题修改
4.软件集成测试，如CPU负载率、FLASH/RAM使用率、堆栈使用率
5.分析排查问题、确定问题根因

任职要求
1、本科及以上学历，3年以上嵌入式开发经验；
2、能读懂电路原理图；
3、熟悉C语言开发。",C语言 需求分析 Bootloader FLASH,https://jobs.51job.com/suzhou-xcq/172988097.html?s=sou_sou_soulb&t=0_0&req=f933535375cea71cab3a0b2037c8eedf
嵌入式硬件开发工程师,苏州脉塔智能科技,2-3万,昆山,苏州,本科,5年及以上,2026-07-03 09:51:14,job51,"岗位职责：
1. 负责公司产品及相关硬件设计开发工作，包括原理图和PCB设计；
2. 负责硬件产品的打样制板和样机的测试调试工作；
3. 整理编写样机硬件测试报告；
4. 编写BOM表，整理产品相关文档并做好存档。
5. 编写产品技术文档；
6. 配合结构工程师修改优化产品；
7. 协助软件工程师测试和优化产品；
8. 协助测试部门完善产品测试方案；

任职要求：
1. 本科以上学历，自动控制、电气及自动化、计算机、机器人等相关专业。
2. 五年以上嵌入式硬件开发同岗位工作经验；
3. 具有较强的分析解决问题能力和抗压能力，具备自我驱动和激励的能力，擅长沟通交流，适应创业氛围；
4. 熟悉电机驱动、逆变整流、DC-DC、AD等电路的设计；
5. 熟悉常用硬件设计EDA软件，能够完成设计到制板打样的全流程工作；
6. 熟悉使用各种硬件测试设备如示波器、逻辑分析仪等，有较强动手能力能够修改样板。
具体薪资可面议",技术文档 DC-DC,https://jobs.51job.com/kunshan/172780371.html?s=sou_sou_soulb&t=0_0&req=f933535375cea71cab3a0b2037c8eedf
伺服驱动器硬件研发工程师,三菱电机智能制造科技（中国）集团,1.5-3万·15薪,苏州·吴中区,苏州,本科,3年及以上,2026-07-16 16:03:16,job51,"【工作内容】
负责伺服驱动器产品的硬件设计与开发，参与产品从需求分析，方案设计，样机开发到量产导入的全过程。
主要工作内容包括：
1、负责伺服驱动器控制板，电源板及功率板硬件设计。
2、负责主回路，控制回路，采样回路及保护回路设计。
3、负责MCU/DSP外围接口，电流，电压，温度采样等模拟信号链设计。
4、负责IGBT，SiC MOSFET等功率器件驱动及保护设计。
5、负责辅助电源（Flyback，Buck，LDO等）设计。
6、负责EMC/EMI设计及整改，完成ESD，EFT等测试对应。
7、负责热设计及器件温升分析，与结构工程师共同完成散热优化。
8、负责关键器件选型，BOM优化及国产化替代方案评估。
9、配合PCB Layout工程师完成高速信号，大电流回路及EMC优化设计。
10、配合固件工程师完成系统调试及产品性能优化。
11、参与EVT，DVT，PVT等开发阶段验证工作。
12、支持产品量产导入及市场技术问题分析。

【任职要求】
1、本科及以上学历。自动化，电气工程，电力电子，电子信息，控制工程等相关专业。
2、3年以上工业自动化产品硬件开发经验。具有以下产品开发经验者优先：交流伺服放大器，变频器，Motion Controller，工业机器人驱动器。
3、熟悉以下内容：电力电子技术，模拟电路，数字电路，开关电源，电机驱动，EMC/EMI，热设计，安规设计，DFMEA。
4、具有以下经验者优先：伺服放大器，STO功能开发，高速编码器接口，国产器件替代，平台化开发，CE/UL/CCC认证经验。",MCU DSP 需求分析 方案设计 SiC Flyback Buck DVT,https://jobs.51job.com/suzhou-wzq/172938203.html?s=sou_sou_soulb&t=0_0&req=f933535375cea71cab3a0b2037c8eedf
嵌入式硬件开发工程师-电机控制,苏州兰仕德管理咨询,3-4万·14薪,苏州·苏州工业园区,苏州,本科,5-10年,2026-07-29 10:57:55,job51,"Requirements:
1.Education and Major: Bachelor's degree or above in Automation, Electronic Engineering, Control Theory and Control Engineering, or a related field;
1.学历专业: 本科及以上学历，自动化、电子工程、控制理论与控制工程等相关专业;
2.Professional Experience: 5–10+ years of experience in automotive electronics or robotic motor control development. Experience with mass production of body or robotic actuators is preferred;
2.工作经验: 5~10年以上汽车电子或 机器人电机控制开发经验，有车身或者机器人执行器量产经验者优先;
3. Hardware Skills: Proficient in the design of brushed DC, brushless DC, and stepper motor drive circuits; familiar with servo motor principles; capable of schematic design, 4-layer-or-more PCB layout design, and design reviews;
3.硬件能力:掌握直流有刷/无刷/步进电机驱动电路设计，了解伺服电机原理，具备原理图设计能力、4层以上PCB Layout设计能力及评审能力;
Experience Proficient in power integrity (PI) and signal integrity (SI) PCB design methods, Experience with ARM Cortex-M based MCUs and peripheral circuit design.
具备电源完整性（PI）和信号完整性（SI）PCB设计方法的丰富经验，熟悉基于ARM Cortex-M的微控制器（MCU）及外设电路设计。
Familiar with hardware testing processes and methods; able to support hardware performance and EMC testing, troubleshoot hardware and embedded-software faults, and improve the reliability of product electronic control systems;
熟悉硬件测试流程及方法，能配合完成硬件性能测试、EMC测试，排查硬件及嵌入式程序相关故障，提升产品电控可靠性；
4. Software Skills:
proficient in (embedded) C programming language
精通（嵌入式）C编程语言;
with experience bare-metal platform projects/hardware programming
具备裸机平台项目/硬件编程经验;
&nbsp;Proficient with LIN/CAN-Bus Systems
精通LIN/CAN总线系统
&nbsp;
Familiar with state-machines and UML
熟悉状态机和UML
Proficient with (Unit)-Testing of the SW
精通软件（单元）测试。&nbsp;
5. Tools:
Proficient in using Altium Designer (AD) or Cadence to design schematics and PCBs;
熟练使用AD 或 Candence 软件设计电路图及电路板；&nbsp;
Experience with embedded software IDE like iAR, Keil or VScode
具备使用 iAR、Keil 或 VScode 等嵌入式软件集成开发环境（IDE）的经验;&nbsp;
Proficient in using standard instruments such as multimeters, oscilloscopes,spectrum analyzers, and Soldering Iron;
熟练使用万用表， 示波器，频谱分析仪, 电烙铁等常规仪器；
&nbsp;6. System Skills: Understands motor characteristics and can work with mechanical engineers to complete torque–speed analysis;
6.系统能力:·理解电机本体特性，能配合结构工程师完成扭矩-速度分析;
7. Fluent in English communication, with practical experience in technical engagement with customers;
7. 英语沟通流畅，具备与客户开展技术对接的实战经验；",Electron Gin ARM MCU CAN 性能测试,https://jobs.51job.com/suzhou-gyyq/173078802.html?s=sou_sou_soulb&t=0_0&req=f933535375cea71cab3a0b2037c8eedf
电机控制器硬件开发工程师,东霖智行（苏州）汽车技术,1.5-2.5万,苏州·相城区,苏州,本科,3年及以上,2026-07-21 09:11:38,job51,"核心岗位职责
1. 负责PMSM 电机控制器硬件方案设计，聚焦 FOC 驱动拓扑、功率回路、电流采样、旋变/霍尔位置检测等核心电路设计，输出硬件方案、器件选型报告及安全分析报告；
2. 完成原理图绘制、PCB 布局布线，重点优化功率回路杂散电感、热设计及 EMC 性能，规避 PMSM 开关噪声对传感器信号的干扰，输出 BOM、原理图、PCB 等全套硬件交付物；
3. 负责硬件样机调试、台架验证，以及相关硬件标定，配合标定团队完成传感器底层标定的硬件支撑；
4. 主导控制器 DV/PV 测试、EMC 摸底与整改，解决辐射/传导发射、ESD/EFT 等干扰问题，完成高低温、振动、耐久等可靠性测试，输出测试与整改报告；
5. 遵循 ISO 26262 功能安全标准（ASIL-B/D）完成硬件安全设计，对接供应商、SMT 工厂，处理试产、量产中的硬件工艺问题，推动设计优化与降本；
6. 协同软件、标定、系统团队，完成软硬件联调及整车搭载调试，支撑项目量产落地。
任职资格要求
1. 本科及以上学历，电力电子、电气工程、车辆电子、自动化等相关专业，3年及以上车载电机控制器硬件开发经验；
2. 精通 PMSM 电机 FOC 驱动硬件设计，熟练掌握三相逆变拓扑、单/三电阻电流采样、旋变/霍尔位置检测电路设计，了解 FOC 控制原理及硬件缺陷对电机性能的影响；
3. 熟练使用现有硬件设计工具，具备车规级硬件原理图设计、PCB 布局布线经验，熟悉功率板 EMC、热设计、接地隔离规范；
4. 熟悉车规 AEC-Q100 器件选型，了解 ISO 26262 功能安全开发流程，具备 DFMEA、WCCA 分析能力；
5. 具备车载 PMSM 电机控制器（液压泵/空压机优先）开发经验，有主动悬架、底盘电控相关项目经验者优先；
6. 具备较强的问题排查能力，能独立解决硬件调试、EMC 整改、可靠性测试中的各类问题，具备良好的跨部门协同能力和沟通表达能力；
7. 了解全主动液压悬架系统、压力闭环控制、TPMLA 传感器信号调理相关知识者优先。",方案设计 FOC PCB EMC PMSM BOM DV PV,https://jobs.51job.com/suzhou-xcq/172978816.html?s=sou_sou_soulb&t=0_0&req=f933535375cea71cab3a0b2037c8eedf
电机驱动控制工程师,富尊科技（苏州）,1.8-3.5万,太仓,苏州,本科,3年及以上,2026-07-10 09:48:05,job51,"岗位职责
 
1.&nbsp;负责无铁芯永磁同步电机的驱动控制器开发，包括硬件电路设计、软件算法调试；
2.&nbsp;完成FOC矢量控制、无感驱动、转矩控制等算法开发与优化，匹配电机的低速平顺性、高效率需求；
3.&nbsp;输出驱动板原理图、PCB、控制程序，配合样机调试与性能测试；
4.&nbsp;解决客户应用中的电控匹配问题，完成驱动方案的量产化优化。
 
任职要求
 
1.&nbsp;自动化、电力电子等相关专业，本科及以上学历，3年以上永磁电机驱动开发经验；
2.&nbsp;精通FOC矢量控制算法，熟练使用STM32、DSP等主控芯片，能独立完成驱动软硬件设计；
3.&nbsp;有伺服电机、力矩电机、无刷电机驱动开发经验，了解无铁芯电机特性优先；
4.&nbsp;有车规级驱动、工业伺服量产经验优先。",STM32 DSP 性能测试 PCB,https://jobs.51job.com/taicang/172689785.html?s=sou_sou_soulb&t=0_0&req=f933535375cea71cab3a0b2037c8eedf
硬件开发工程师(J10938),苏州东山精密制造,1-2万,昆山,苏州,本科,3年,2026-07-28 15:56:46,job51,"工作职责:
1.硬件方案与原理图设计：负责BMS硬件方案设计与原理图绘制，涵盖AFE采样、均衡电路、隔离通信、高压检测、绝缘监测及电源/驱动电路等模块；
2.PCB layout指导与评审：指导PCB工程师完成布局布线，评审高速信号、功率回路、隔离间距及热设计，确保信号完整性与EMC性能；
3.器件选型与认证：负责AFE、MCU、隔离芯片、电源芯片、采样电阻等关键器件选型评估与替代认证；
4.样机调试与测试支持：负责硬件样机调试，支持DV/PV测试中的硬件问题分析（电压精度、功耗、绝缘、环境可靠性等）；
5.EMC设计与整改：参与EMC设计（滤波、屏蔽、接地）及测试整改，满足CISPR 25、ISO 11452等标准；
6.生产与EOL支持：协同制定硬件测试规范（ICT、FCT、老化），支持试产与量产过程中的硬件异常分析。
任职资格:
1.全日制本科及以上学历优先，电力电子、电气工程、自动化、电子信息等相关专业；
2.本科3年以上BMS或汽车电子硬件开发经验，至少1个完整量产项目经历；
3.熟悉模拟/数字电路设计，了解主流AFE/MCU平台及均衡、隔离通信设计；
4.熟练使用原理图及PCB layout工具，具备高压/大电流PCB设计经验；
5.了解ISO 26262功能安全及EMC设计基础，熟悉CISPR 25等标准；
6.熟练使用示波器、频谱仪、电子负载等测试设备，具备硬件调试与故障分析能力。",MCU 方案设计 PCB ISO ICT FCT,https://jobs.51job.com/kunshan/173069971.html?s=sou_sou_soulb&t=0_0&req=c1cebb68e4e5f6f11d2dd75792d65031
硬件开发工程师,苏州弘远电气,1.5-3万·15薪,苏州·吴江区,苏州,本科,3-4年,2026-07-28 10:00:25,job51,"职责描述：
1、负责控制类硬件开发；
2、按照产品需求与规格书制定硬件设计方案，完成器件选型与计算，电路设计与调试； 
3、根据规格书及技术方案，完成原理图设计； 
4、配合结构、PCB工程师等完成产品结构及PCB设计； 
5、进行产品的测试与调试，保证其能够按照设计正常运行。 

任职要求：
1、重点本科以上，电力电子、自动化等相关专业，3年以上同岗位相关经验，有变频器等驱动产品硬件开发经验优先；
2、能够独立完成硬件原理图设计及计算，熟悉相关设计软件；
3、积极向上，团队合作能力、沟通能力、执行力强，能够独立解决产品的市场应用问题。",技术方案,https://jobs.51job.com/suzhou-wjq/152300233.html?s=sou_sou_soulb&t=0_0&req=c1cebb68e4e5f6f11d2dd75792d65031
AI ADC开发工程师,苏州通富超威半导体,1.5-2万·13薪,苏州,苏州,硕士,5年及以上,2026-08-07 08:45:52,job51,"一、岗位职责 
1.	技术规划与架构设计
o	负责公司图像缺陷分类与检测领域的技术路线规划，主导前沿技术（如小样本学习、自监督学习、多模态融合）的调研、引入与落地。
o	设计并评审高精度、高鲁棒性、可扩展的视觉算法系统架构，确保其能满足半导体封测等行业在精度、速度与稳定性上的严苛要求。
o	主导核心算法模块与模型的设计，制定相关技术标准与开发规范。
2.	核心算法攻关与研发
o	主导解决缺陷检测中的核心难题，如微小缺陷检测、复杂背景干扰、样本极度不均衡、新缺陷零样本识别等。
o	负责构建持续优化的数据闭环，设计主动学习、难例挖掘、在线学习等策略，驱动模型在产线环境中自主进化，持续压低误杀率与漏检率。
o	主导模型的高效化与工程化研究，包括不限于模型剪枝、量化、蒸馏及专用硬件加速，确保算法在边缘设备上的高效部署。
3.	项目交付与团队赋能
o	作为复杂项目的技术负责人，主导从需求分析、方案设计、算法开发到最终交付的全流程，确保项目技术目标的达成。
o	深度参与与外部供应商的技术对接与评估，主导POC测试方案的制定与技术评审，确保引进技术的先进性与可靠性。
o	负责培养和提升团队整体技术水平，通过技术分享、代码评审、专项培训等方式，赋能算法工程师与开发工程师。
4.	质量保障与技术前瞻
o	建立并完善算法质量评估体系，定义核心指标（如mAP、误杀率、漏检率、推理延迟），并主导模型的效果审计与迭代评估。
o	跟踪计算机视觉与AI领域的最新学术进展与工业应用，评估其与公司业务的结合点，主导创新性技术预研，为业务发展提供长期技术储备。
二、任职要求 
1.	基本条件
o	硕士及以上学历，计算机科学、人工智能、电子工程、自动化等相关专业。
o	5年以上计算机视觉或图像算法研发经验，至少2年担任技术负责人或核心架构师角色，有从0到1主导成功落地工业视觉检测项目的完整经验。
2.	专业知识与技能
o	算法深度：精通深度学习及经典图像处理算法，对目标检测、图像分类、分割等方向有深刻理解和实战经验。熟练掌握PyTorch/TensorFlow等框架。
o	行业理解：深刻理解工业视觉检测（优先半导体、精密制造领域）的业务痛点、核心指标与挑战。熟悉AOI检测流程者优先。
o	工程能力：具备优秀的工程实现能力，熟悉模型优化、部署（TensorRT/OpenVINO等）及高性能C++/Python编程，对算法在真实环境中的表现有深刻认知。
o	系统思维：具备优秀的系统架构设计能力，能将算法、数据、算力、业务逻辑进行一体化设计，构建稳定高效的可交付系统。
3.	综合能力
o	具备出色的分析问题、解决问题能力，能针对复杂、模糊的业务需求，形成清晰的技术方案。
o	具备优秀的沟通协调能力和团队合作精神，能够清晰地向非技术背景的同事阐述技术方案与价值。
o	具备强烈的责任心和自驱力，对技术有热情，乐于接受挑战，追求卓越。",多模态 计算机视觉 深度学习 PyTorch TensorFlow C++ Python 需求分析 方案设计 培训 审计 技术方案,https://jobs.51job.com/suzhou/171376408.html?s=sou_sou_soulb&t=0_0&req=c1cebb68e4e5f6f11d2dd75792d65031
电机驱动算法专家,江苏新安电器,60-100万/年,苏州·相城区,苏州,博士,5年及以上,2026-07-22 14:30:09,job51,"任职基础要求：
1、全日制 985 高校电力电子 / 电机拖动相关专业博士。
2、拥有5年及以上永磁电机驱动算法研发实操经验，有家电DD/DDM/BLDC 电机、车载驱动电机量产项目落地经历者优先；
3、持有电机控制相关发明专利、发表 SCI/EI 电机驱动方向论文、主导过省级 / 市级电力电子科研项目者优先。

任职专业能力要求：
1、理论功底扎实，精通永磁同步电机 FOC 磁场定向控制、无传感器观测算法、弱磁控制、减振降噪、转矩脉动抑制全套控制策略；
2、熟练使用 Matlab/Simulink、PLECS 完成电机系统建模、算法仿真与参数优化；精通 DSP/ARM 电机控制芯片软件开发；
3、可独立完成电机驱动整体方案架构设计、硬件匹配、参数标定、EMC、温升、效率全维度性能优化；
4、具备团队管理能力，可牵头研发小组完成新品预研、量产技术难题攻关、技术迭代升级；
5、能根据市场和客户需求独立输出技术方案、专利交底书、标准化开发规范，对接上下游供应链解决电机匹配问题。

工作方向：负责车载、家电、新能源、工控永磁电机驱动算法核心研发，攻克低噪音、高效率、高可靠性驱动技术瓶颈。",MATLAB DSP ARM 专利 团队管理 技术方案 供应链,https://jobs.51job.com/suzhou-xcq/173003126.html?s=sou_sou_soulb&t=0_0&req=c1cebb68e4e5f6f11d2dd75792d65031
FPGA开发工程师,苏州金橙子激光技术,1.5-3万·13薪,苏州·虎丘区,苏州,硕士,3年及以上,2026-07-01 17:08:19,job51,"1. FPGA全栈设计
 - 负责FPGA方案设计、逻辑开发、仿真验证及硬件调试，独立完成从需求分析到产品落地的全流程工作。
 - 参与系统架构设计，完成关键模块的代码编写（Verilog/VHDL）、综合、布局布线及时序优化。
2. 接口与协议开发
 - 主导高速接口设计（如PCIe、DDR3/4、SerDes、Ethercat等）及通信协议栈（UDP/TCP）开发。
 - 配合硬件团队完成电路调试、器件选型及信号完整性分析。
3. 系统联调与算法加速
 - 支持软硬件协同开发（如Zynq系列ARM+FPGA架构），参与激光加工卡研发；
 - 解决资源优化、时序收敛、功耗控制等关键技术问题。
4. 技术文档与标准化
 - 编写设计文档、测试案例及技术规范，参与构建团队开发流程和测评体系。
5. 运动控制底层相关开发经验。

任职要求
1. 统招一本以上学历，控制科学、自动化、电子等相关专业，硕士尤佳；
2. 3-5年以上相关工作经验；
3. 优秀的自我驱动与协作能力。",FPGA Verilog VHDL PCIe ARM 方案设计 需求分析 技术文档,https://jobs.51job.com/suzhou-hq/170530201.html?s=sou_sou_soulb&t=0_0&req=c1cebb68e4e5f6f11d2dd75792d65031
固件工程师（偏专业开发）,爱森斯（江苏）生物科技,7千-1万,张家港,苏州,本科,3-5年,2026-07-28 13:28:49,job51,"一、岗位职责
•负责血糖仪嵌入式软件全流程开发（需求分析、编码、调试、维护），确保产品符合医疗设备标准及性能要求。
•主导血糖仪核心模块开发，负责血糖检测数据采集、处理、校准及传输，优化检测精度与稳定性，解决复杂技术难题。
•负责底层驱动开发调试（传感器、显示屏等外设），熟练适配SPI/I2C/UART等接口。
•配合硬件、测试工程师完成产品联调与测试，推动问题闭环；规范编写开发文档，做好版本管理。
•关注行业技术与医疗法规，优化产品性能，配合完成产品注册相关软件资料准备。
二、岗位要求
•本科及以上，计算机、电子工程等相关专业，有相关资质证书者优先。
•3-5年嵌入式软件独立开发经验，必须有智能医疗设备开发经验，完整参与过1款及以上医疗设备量产全流程。
•精通C/C++语言，熟悉指针、内存管理等核心特性，熟练使用Keil、IAR等开发工具。
•具备扎实硬件基础，能看懂原理图，熟悉ARM Cortex-M系列MCU，会使用示波器等调试工具排查软硬件问题。
•熟练掌握SPI、I2C等常用接口编程，熟悉USB/蓝牙驱动与协议，有医疗设备数据传输经验者优先。
•能独立承担项目开发，具备需求分析、问题排查能力，有代码重构、性能优化经验者优先。
•了解ISO 13485等医疗法规，熟悉血糖仪工作原理，能配合完成产品注册软件资料准备。",SPI I2C UART C++ ARM MCU 需求分析 数据采集 版本管理,https://jobs.51job.com/zhangjiagang/171392068.html?s=sou_sou_soulb&t=0_0&req=c1cebb68e4e5f6f11d2dd75792d65031
硬件开发工程师（园区）,苏州纵苇科技,1.5-3万·14薪,苏州·苏州工业园区,苏州,本科,3年及以上,2026-07-20 13:33:44,job51,"岗位职责：
1. 负责产品硬件电子电路原理图设计，电力电子等功率电路拓扑方案设计，电气绝缘设计，EMC设计，电路参数计算，热功耗计算，元器件选型，原理设计图纸的审核；
2. 产品硬件电路样板，产品样机的自测方案设计、实施以及自测报告的编写；
3. 配合电气、结构、软件工程师的设计工作；
4. 所负责工作的各种技术文件（设计方案，设计图纸、评测报告、实验测试接线/数据记录等）编制、归档、发放和管理；
5. 负责处理/指导/解决试产过程中的硬件设计问题；
6. 配合解决客户现场所发现的与硬件相关的产品设计问题。

任职要求：
1.电力电子、电子信息等相关专业统招本科以上学历；
2.3年以上电路设计经验。有伺服驱动器、变频器、逆变器的研发工作经验优先；
3.较强的学习能力、创新能力、逻辑分析能力和刻苦钻研的精神；
4.熟练掌握硬件研发流程、各种电子元件的识别和使用方法；熟练使用各种仪器仪表和设备；基本掌握组装辅料的识别和使用方法；
5.扎实的电力电子技术基础知识，较强的多种电子电路设计能力，熟练准确设计计算电路参数；
6. 能熟练阅读英文技术文件或专业文献。",方案设计 产品设计,https://jobs.51job.com/suzhou-gyyq/154213581.html?s=sou_sou_soulb&t=0_0&req=c1cebb68e4e5f6f11d2dd75792d65031
电机驱动相关研究员,江苏新安电器,60-100万/年,苏州·相城区,苏州,博士,3年及以上,2026-07-22 14:34:20,job51,"任职基础要求
1、全日制 985 高校电力电子、电机拖动相关专业博士；出站博士后优先录用；
2、博士课题聚焦电机驱动前沿技术，具备高校实验室或企业研究院预研工作经历；
3、拥有新型电机控制相关学术成果、产学研合作项目经验者优先。 

任任职专业能力要求：
1、深耕高精度电机控制、新型无传感器算法、宽频域抑振、高速电机驱动等前沿技术预研；
2、独立完成前沿技术调研、系统仿真、样机试制、性能验证，梳理技术迭代路线；
3、负责专利挖掘布局、技术白皮书、学术报告撰写，对接高校开展产学研联合课题；
4、配合电机驱动算法专家完成项目技术验证、算法迭代、量产方案落地支撑。

工作方向：电机驱动前沿技术预研、新技术落地验证、产学研项目协同开发。",专利,https://jobs.51job.com/suzhou-xcq/173003243.html?s=sou_sou_soulb&t=0_0&req=c1cebb68e4e5f6f11d2dd75792d65031
嵌入式软件工程师,永联科技（常熟）,1.5-2万,常熟,苏州,本科,3年及以上,2026-06-23 18:35:44,job51,"岗位职责：
1.&nbsp;精通GD32、STM32系列单片机开发，熟练完成底层驱动、外设配置、硬件联调
2.&nbsp;熟练掌握FreeRTOS实时操作系统，能完成任务调度、中断管理、内存管理、多任务开发
3.&nbsp;熟练使用IAR开发环境，完成代码编写、编译、仿真、调试、烧录全流程操作
4.&nbsp;具备C语言扎实编程能力，熟悉嵌入式底层逻辑、硬件通信（串口、CAN、485等）
5.&nbsp;了解充电桩产品功能逻辑、安规要求、电气交互原理，能完成嵌入式软件与电气硬件适配开发
任职要求：
1.全日制本科学历，电子信息工程、电气工程、自动化等相关专业
2.嵌入式软件开发全职工作经验≥2年，具备独立单机开发、调试、迭代全流程经验，社招成熟型人才，无需从零培养",STM32 单片机 RTOS C语言 CAN,https://jobs.51job.com/changshu/171133796.html?s=sou_sou_soulb&t=0_0&req=c1cebb68e4e5f6f11d2dd75792d65031
电驱动总成产品高级工程师,苏州绿控传动科技,1.5-2.5万·14薪,苏州·吴江区,苏州,本科,5年及以上,2026-07-31 14:36:53,job51,"岗位职责：
1. 产品定义与方案输出：负责矿卡、地下铲运全系列产品的市场需求拆解、产品定位、功能参数定义，结合矿山、地下工程特殊作业场景，输出标准化、定制化产品技术方案、立项方案及技术说明书。
2. 客户技术对接：专项对接矿卡、地下装备领域主机厂及终端客户，开展技术答疑、需求调研、方案洽谈、技术交底工作，精准捕捉客户个性化技术需求，同步反馈至研发体系。
3. 全生命周期产品管理：全程跟进产品立项、正向开发、样机试制、台架及整车试验、量产落地、售后技术支持全流程；统筹产品迭代优化，针对产品作业痛点、客户反馈、行业新规完成产品升级改进。
4. 技术协同与问题闭环：联动总体方案组、机械工程师、试验团队，开展矿卡及地下装备前沿技术方案评审，解决产品开发、试制、客户现场应用中的各类技术问题，保障项目落地闭环。
岗位要求：
1. 专业背景：机械设计、车辆工程、工程机械、矿山机械等相关专业，本科及以上学历，熟悉矿卡、地下铲运装备结构原理、作业工况及行业技术标准。
2. 产品研发能力：具备5年及以上矿山工程机械电驱动总成产品定义、方案设计、产品迭代经验，精通矿卡、地下铲运设备的动力系统、传动系统、电机/电控系统及整车架构设计逻辑，可独立完成产品方案输出与立项申报。
3. 客户对接能力：具备成熟的B端客户技术对接经验，能够精准挖掘客户核心需求，熟练输出定制化技术方案、宣讲材料，可独立完成客户技术交流、商务技术答疑工作。
4. 项目管控能力：熟悉工程机械产品全生命周期研发流程，可统筹跟进样机试制、试验验证、量产优化全流程，具备较强的问题排查、技术整改及项目进度管控能力。
5. 行业认知：深度了解矿用工程机械行业发展趋势、主流技术路线、行业安全规范及政策标准，掌握竞品产品核心参数与技术优势，具备产品优化升级的前瞻性思维。
6. 工具技能：熟练使用CAD、SolidWorks等绘图软件，掌握Office、PPT等办公工具，可独立编制技术方案、产品手册、项目报告。",技术方案 技术支持 产品迭代 方案设计,https://jobs.51job.com/suzhou-wjq/173112154.html?s=sou_sou_soulb&t=0_0&req=c1cebb68e4e5f6f11d2dd75792d65031
高级嵌入式软件工程师,苏州苏磁智能科技,2-3.5万·13薪,苏州,苏州,本科,5年及以上,2026-07-24 11:35:33,job51,"目前工作地点在联东U谷双创中心，后续会搬迁至安固精亮先进制造产业园（靠近园区奥体和斜塘老街），能接受者投递！！！
岗位JD
1. 负责分子泵控制器软件全流程开发
---负责分子泵控制器驱动软件开发、悬浮算法软件设计、电机算法软件设计、以及用户接口软件开发
任职要求：
1. 熟悉STM32系列单片机开发，C语言开发
2. 熟悉电机控制foc算法以及无感算法、悬浮控制算法
3. 熟悉自动控制原理与环路分析
4. 熟悉modbus、ethercat 等工业通信接口开发",STM32 单片机 C语言 Modbus,https://jobs.51job.com/suzhou/173029760.html?s=sou_sou_soulb&t=0_0&req=c1cebb68e4e5f6f11d2dd75792d65031
软件测试开发工程师,捷鹏威电子（苏州）,1.6-2.1万·13薪,常熟,苏州,本科,3年及以上,2026-07-27 08:54:28,job51,"As a TD engineer, you'll need to: 
1、Develop test system software in test development projects .
在测试开发项目中开发测试系统软件。
2、Design test software based on test specifications or requirements with software tools such LabView and TestStand. 
根据测试规范或需求，利用LabView、TestStand等软件工具设计测试软件。
3、Design needed VI driver for the test system. 
设计测试系统所需的VI驱动程序。
4、Design needed VI driver to communicate with DUT. 
设计所需的VI驱动程序，与测试设备进行通信。
5、Document the design work including the needed manufacturing documents.
编制设计工作文件，包括所需的制造文件。
6、Write test specifications and technical reports .
编写测试规范和技术报告。
7、Participate and organize reviews and verifications .
参与和组织评审和验证。
8、Discuss proposals with clients.
与客户讨论建议。 
9、Make sure the test software meets the requirements and specifications .
确保测试软件符合要求和规范。
10Verify that the test fixture or test system meets the requirements and is suitable for the intended use. 
验证测试夹具或测试系统符合要求并适合预定用途。

Required know how and skills:
1、电气工程、自动化等相关专业本科及以上；
2、3年以上FCT系统测试软件设计经验。
3、具备LabView，TestStand的使用经验。
4、对电子制造工艺和方法有很好的理解，对电子测试自动化有很好的理解。
5、具备DMM，示波器，函数发生器，直流电源等测试设备的知识。
6、能够与其他工程师一起在多学科团队中工作，能够在快节奏的环境中工作，同时处理多个项目。较强的分析和实际解决问题的能力。
7、英文读写流利。",Gin GAN As TD Develop LabView TestStand VI,https://jobs.51job.com/changshu/172732850.html?s=sou_sou_soulb&t=0_0&req=c1cebb68e4e5f6f11d2dd75792d65031
嵌入式软件工程师,菲托斯三维科技（苏州）,1.8-2.8万·13薪,苏州·吴中区,苏州,本科,5年及以上,2026-08-05 13:22:33,job51,"一、岗位职责
1、独立负责 3D 打印设备嵌入式固件全流程开发与维护，基于 STM32/GD32 / 瑞萨等 MCU，开展裸机 / 轻量 OS（FreeRTOS）开发；
2、主导步进 / BLDC 电机驱动、TMC 驱动器 SPI 控制、加减速曲线、丢步保护、多轴同步运动控制逻辑设计与优化；
3、负责热端温度采集、PID 恒温控制、ADC 采样、滤波算法、异常保护开发，适配高温 / 高性能材料打印场景；
4、完成 UART/SPI/I²C/GPIO/PWM/DMA 等外设驱动开发，独立解析并执行 G-code 指令，对接上位机、触控屏、各类传感器；
5、深度参与硬件设计，独立完成原理图评审、PCB 协同、板级 bring-up、整机联调及现场问题定位；
6、负责固件迭代、参数调校、可靠性测试、技术文档输出，支撑量产交付与客户定制化需求。
任职要求：
1、本科及以上学历，自动化 / 电子 / 测控 / 计算机相关专业，2 年以上嵌入式开发经验，3D 打印 / 运动控制经验优先；
2、精通 C 语言，熟练使用 Keil/IAR 开发环境，精通 STM32/GD32 裸机开发 + 定时器任务调度，熟悉 FreeRTOS；
3、掌握步进 / BLDC 驱动、TMC 控制、运动插补、PID 闭环控制，熟悉 UART/SPI/I²C/PWM/ADC/DMA 等外设；
4、具备硬件基础，能独立看懂原理图、熟练使用示波器 / 逻辑分析仪，独立完成软硬件联调与问题排查；
5、能独立承担项目全流程，抗压性强，可接受现场调试，结果导向，有量产项目经验优先；
6、加分项：有 3D 打印固件、挤出机、热端、运动平台开发经验，熟悉 G-code 解析。",STM32 MCU RTOS SPI UART 技术文档,https://jobs.51job.com/suzhou-wzq/173159371.html?s=sou_sou_soulb&t=0_0&req=c1cebb68e4e5f6f11d2dd75792d65031
嵌入式软件工程师（交换机）,太仓市同维电子,1-2万,苏州,苏州,本科,3年及以上,2026-07-22 11:49:34,job51,"岗位职责：
1、负责交换机产品的软件开发和维护工作。
2、负责交换机开发环境的搭建、SDK的编译以及输出相关说明、指导文档。
3、负责编写软件设计文档，参与需求分析和讨论。
4、与硬件团队协作，进行驱动开发和芯片SDK的集成与适配。
5、负责或参与二层/三层网络协议（如STP、LLDP、ERPS、VLAN等）的开发与实现。
6、负责对软件功能/代码进行调试和验证，设计测试用例，解决技术难题，优化性能。
7、分析和解决产品在测试及现网运行中遇到的复杂技术问题。
8、与团队合作，确保软件按时交付。

岗位要求：
1、计算机科学、电子工程、通信或相关专业本科及以上学历。
2、3年以上网络设备软件开发经验。
3、精通C/C++编程，具有良好的编程风格。
4、熟悉linux操作系统，熟悉嵌入式系统开发和硬件驱动程序开发，
5、熟悉网络基础知识，熟悉TCP-IP协议族、802.11、STP、LLDP、ERPS、VLANP等交换机二层、三层协议。
6、有过交换芯片开发经验者，如broadcom、marvel、realtek、airoha中的一种或多种者优先，有过交换机操作系统项目经验
7、具有良好的沟通和团队协作能力，工作态度积极主动，沟通表达能力较强，抗压能力较强，喜欢接受挑战。
8、能够流利的使用英语（口语和书面）。",C++ Linux LTE 需求分析 测试用例 LLDP ERPS STP,https://jobs.51job.com/suzhou/169270037.html?s=sou_sou_soulb&t=0_0&req=c1cebb68e4e5f6f11d2dd75792d65031
嵌入式软件工程师,苏州比格威医疗科技,1-2万·13薪,苏州·高新区,苏州,本科,3-5年,2026-07-15 10:05:41,job51,"【主要职责】
1、根据产品需求，设计并开发嵌入式软件功能模块；
2、编写底层驱动程序，完成硬件接口及外围设备驱动开发；
3、开展软硬件联调，确保系统稳定性和功能实现；
4、负责嵌入式系统性能优化，提高运行效率和可靠性；
5、编写自动化测试脚本，执行单元测试、功能测试及系统集成测试；
6、对嵌入式系统中的问题进行分析和定位，及时修复问题；
7、撰写技术文档，包括开发说明、测试报告和用户手册。

【资格要求】
硬性要求:
1、硕士毕业，计算机、电子信息工程、通信工程、自动化等相关专业背景；若有相关岗位丰富工作经验，可适当降低学历要求；
2、熟悉 C/C++语言，掌握嵌入式开发工具(如Keil、IAR、VS等)及调试工具(JTAG、ICE等)；
3、了解常见处理器架构(如 ARM、RISC-V等)及实时操作系统(如FreeRTOS、Linux等)；
4、熟悉硬件接口和通信协议(如 UART、SPI、I2CCAN、TCP/IP等)；
5、具有3-5年以上嵌入式开发相关经验，有特定行业项目经验者优先(如物联网、医疗设备、工业控制等)；
6、拥有电机控制经验，如步进电机，BLDC，PMSM等；
7、有 QT开发经验。
软性要求:
1、具备较强的逻辑思维能力和问题解决能力，能独立分析并解决复杂技术问题；
2、善于团队协作，具有良好的沟通能力和跨部门协作经验；
3、具备自我驱动力和学习能力，对新技术充满热情能主动探索和应用前沿技术；
4、工作细致、责任心强，具备良好的时间管理能力能高效完成任务。",C++ ARM RTOS Linux UART SPI I2C CAN TCP/IP 自动化测试 功能测试 技术文档 跨部门协作,https://jobs.51job.com/suzhou-gxq/172914366.html?s=sou_sou_soulb&t=0_0&req=c1cebb68e4e5f6f11d2dd75792d65031
嵌入式硬件开发工程师,苏州脉塔智能科技,2-3.5万,昆山,昆山,本科,5年及以上,2026-06-30 19:05:17,job51,"岗位职责：
1. 负责公司产品及相关硬件设计开发工作，包括原理图和PCB设计；
2. 负责硬件产品的打样制板和样机的测试调试工作；
3. 整理编写样机硬件测试报告；
4. 编写BOM表，整理产品相关文档并做好存档。
5. 编写产品技术文档；
6. 配合结构工程师修改优化产品；
7. 协助软件工程师测试和优化产品；
8. 协助测试部门完善产品测试方案；

任职要求：
1. 本科以上学历，自动控制、电气及自动化、计算机、机器人等相关专业。
2. 五年以上嵌入式硬件开发同岗位工作经验；
3. 具有较强的分析解决问题能力和抗压能力，具备自我驱动和激励的能力，擅长沟通交流，适应创业氛围；
4. 熟悉电机驱动、逆变整流、DC-DC、AD等电路的设计；
5. 熟悉常用硬件设计EDA软件，能够完成设计到制板打样的全流程工作；
6. 熟悉使用各种硬件测试设备如示波器、逻辑分析仪等，有较强动手能力能够修改样板。
具体薪资可面议",技术文档 DC-DC,https://jobs.51job.com/kunshan/156012168.html?s=sou_sou_soulb&t=0_0&req=82cb28e9d7003f6bc242583a7a05b035
嵌入式软件开发,北京帝森克罗德技术,1.3-2万,昆山,昆山,本科,3年及以上,2026-07-22 14:23:23,job51,"1.负责STS,DC/DC，逆变器/储能产品，等产品系统控制软件开发;
2.负责产品的主要算法仿真，独立完成源码设计及协议、逻辑、控制、算法及自测;
3.负责承担相关产品的维护工作;
4.负责产品测试及产品优化设计，编写相关技术文档，技术支持等；
5.同硬件工程师协作，负责设备样机软硬件联调、故障排查和问题解决。",技术文档 技术支持 故障排查 DC,https://jobs.51job.com/kunshan/157826016.html?s=sou_sou_soulb&t=0_0&req=82cb28e9d7003f6bc242583a7a05b035
电机控制嵌入式软件工程师,苏州一卓工业技术,1.6-2.5万·15薪,昆山,昆山,大专,2年及以上,2026-07-14 22:08:14,job51,"岗位职责

1、参与产品需求分析、方案设计，制定产品软件开发计划;

2、负责产品软件功能开发及软硬件联调工作，具备独立解决项目软件问题的能力;

3、负责产品测试用例编写及维护、测试文档编写;

4、参与项目需求分析，软件架构设计，规范化代码编写;

5、负责持续优化产品软件性能，完善软件安全策略，提升用户使用体验:

6、参与解决项目软件问题，分析问题原因，制定解决方案，并完成优化软件功能;

7、编写软件设计和实现的相关文档。
岗位要求:

1、机械电子、自动等专业专科或以上学历，且从事嵌入式软件开发2年或以上;

2、精通编程语言，熟悉常用的数据结构和算法，有良好的编程风格;

3、熟悉MCU，单片机嵌入系统和GPIO、UART、ADC等常用外设驱动开发，有丰富的RTOS系统及内存管理经验，具备较强的WINDOWS或Linux或RTOS开发经验;

4、熟悉TCP/IP、ProfiNet、EtherCat、Modbus协议 等主流PLC总线通讯协议

5、有伺服电机控制方面系统软件产品成功案例者优先，工作内容是拧紧轴的扭矩控制单片机的开发，拧紧工具控制单片机的开发。

6、有创业精神，出色解决问题的能力，严谨的归纳能力及应变能力，具有很高的工作热情及良好的抗压能力者优先。",MCU 单片机 UART RTOS Linux TCP/IP Modbus 需求分析 方案设计 测试用例 文档编写,https://jobs.51job.com/kunshan/160916665.html?s=sou_sou_soulb&t=0_0&req=82cb28e9d7003f6bc242583a7a05b035
嵌入式软硬件工程师,苏州一卓工业技术,1.5-2.5万·15薪,昆山,昆山,本科,3-4年,2026-07-14 22:08:32,job51,"岗位职责：
1、负责实施产品的单片机软件设计和开发工作；
2、编写实现需求的软件代码及相关器件的驱动代码；
3、协同产品开发团队完成技术验证、产品测试、调试及相关工作；
4、撰写相关技术文档。
任职要求：
1、本科以上学历，熟练掌握C/C++，对算法有一定的了解（优先）；
2、熟悉8位、16位、32位 单片机开发流程，熟悉产品集成测试流程；
3、有单片机独立产品经验 如果是团对开发 应作为主要开发者，或者组长；
4、对硬件有一定的了解，熟悉各种接口如 SPI I2C DAC ADC等；
5、有ST单片机开发经验优先、USB开发经验经验者优先考虑；
6、能适应快节奏的开发工作，能吃苦耐劳；
7、有较强的沟通能力，分析能力和问题解决能力，能较好的对问题进行总结；
8、有良好的学习能力，有一定的创新性。",单片机 C++ SPI I2C 技术文档 DAC,https://jobs.51job.com/kunshan/151118732.html?s=sou_sou_soulb&t=0_0&req=82cb28e9d7003f6bc242583a7a05b035
高级电源软件工程师（电源工控类）,天通精电新科技,1.5-2万,嘉兴·南湖区,昆山,本科,3年及以上,2026-08-03 10:27:38,job51,"岗位职责:
1.负责工控汽车电子电源类产品的软件功能需求分解、规格参数拟定及关键方案设计验证；
2.负责工控汽车电子电源类产品软件开发，电力电子控制理论和算法策略研究，完成业务逻辑驱动框架的整体设计；
3.负责新技术市场调研和关键技术要素识别，完成新技术工程化验证设计；
4.负责分析和解决产品在设计、生产、市场应用过程中的技术疑难问题。
5.负责软件产品研发过程中的技术文件管理、评审过程管理、代码仓库管理、确保产品设计周期开发及技术资料交付完备性。
任职要求:
1．本科及以上学历，电力电子、电子信息自动化等相关专业，至少3年以上工业变频器,、逆变器、UPS、AC-DC等电源产品软件开发经验；
2．	熟悉掌握C/C++语言，精通ST、TI C2000等32位MCU程序开发平台，并且具备产品量产实现能力，有TI C2000系列DSP开发经验优先；
3. 熟练掌握I2C、SPI、RS232、RS485、CAN、WIFI、BLE等通信总线及工作原理，具有较强的分析和解决数据通信疑难问题的能力；
4．熟悉常见的电源拓扑、控制原理，如LLC，全桥逆变，PFC，反激，BUCK，BOOST等；熟练掌握MPPT、SPWM等驱动调制算法和控制原理，有大功率逆变器
、PFC，BMS等量产调试经验者优先；
5. 工作严谨、思路清晰，具备良好的沟通能力、良好的团队合作精神和较强的责任心，具备较强的自我学习和提升能力，有一定的抗压能力。
6.有宽广的视野，有上下游资源整合和客户服务能力。",C++ MCU DSP I2C SPI CAN WiFi 方案设计 市场调研 产品设计 客户服务,https://jobs.51job.com/jiaxing-nhq/166406634.html?s=sou_sou_soulb&t=0_1&req=82cb28e9d7003f6bc242583a7a05b035
硬件工程师,天通精电新科技,1.8-2.5万,嘉兴·南湖区,昆山,本科,3年及以上,2026-08-03 10:27:47,job51,"岗位职责：
1、熟悉新能源行业关键元器件特性并能熟练应用，熟悉了解系统UL/CE等系统认证; 
2、有过硬嵌入式设计理论知识、精通模拟、数字等电子基础知识，掌握信号完整性原理，掌握各种电源变换电路 ；
3、熟练运用Altium Designer 、PROTEL、CANDANE、PADS中的一种或其他软件绘制原理图
和电路板布线；熟悉常见通信协议、总线、外设驱动开发, 如SMBUS，I2C，CANBUS，SPI，UART，RS485，RS232，PD3.0等,有具体的调试经验。；
4、能独立设计原理图和制作BOM; 掌握C编程语言及常用单片机开发，熟悉Keil uVision5、STM32CubeMX、Codeworriror、Source insight IDE，Matlab Simlink等代码编写与测试工具，具有一定的嵌入式开发能力；熟练掌握万用表、示波器和电子负载等常用仪器的使用，有软硬件联调Debug经验；
任职资格：
1、电子信息类，机械电子类或其他电子类相关专业本科及以上学历，优秀人士不限学历；
2、3年以上电力电子设计经验，有5年以上新能源产品的电子开发经验，大功率（3kW以上）优先；
3、熟悉汽车电子开发流程，熟悉电力电子软硬件开发，具有设计规划能力；
4、责任心强，具有全局观，工作严谨负责，积极主动，具有良好的沟通能力和团队合作精神，能承受工作压力；
5、具有较强的动手能力，能够根据设计独立进行系统电路调试；
6、具备良好的职业道德和职业习惯。",CAN I2C SPI UART 单片机 STM32 MATLAB,https://jobs.51job.com/jiaxing-nhq/166406965.html?s=sou_sou_soulb&t=0_1&req=82cb28e9d7003f6bc242583a7a05b035
软件高级工程师,昆山华恒机器人,1.2-1.5万,昆山,昆山,本科,2年及以上,2026-07-20 16:17:36,job51,"一、岗位职责
1、Linux 系统开发与维护：
负责 Linux 环境下程序开发，编写脚本实现自动化部署、日志分析及系统运维功能，保障 Linux 系统稳定运行；
Linux 内核修改：基于项目硬件需求，修改 Linux 内核代码（如驱动模块开发、内核参数调优、中断处理优化），完成内核编译、测试及移植，确保硬件设备与内核兼容，满足实时性与稳定性要求；

2、单片机与嵌入式系统开发：
负责单片机（如 STM32、ARM Cortex-M 系列）硬件驱动开发、应用程序编写，基于 FreeRTOS 实时操作系统进行任务调度、进程间通信等设计，实现单片机与上位机、外设的协同工作；

3、运动控制与工业总线开发：
主导运动控制相关功能开发，基于 CANopen、EtherCAT 工业总线协议编写通信程序，实现电机启停、速度调节、位置控制等核心功能；调试总线设备（如伺服驱动器、编码器），优化总线通信实时性与数据传输可靠性，确保运动控制精度满足项目要求（如定位误差、同步性）；

4、项目协作与技术支持：
配合硬件工程师完成设备硬件与软件的联调，参与产品需求分析、技术方案评审；记录开发过程中的技术文档（如设计文档、测试报告、用户手册）；为项目现场提供技术支持，解决设备部署与运行中的软件问题；配合团队完成新产品迭代与旧产品优化；

5、技术研究与优化：
跟踪 Linux 内核、FreeRTOS、工业总线（CANopen/EtherCAT）相关技术动态，引入行业先进开发工具与方法；优化现有运动控制算法与软件架构，提升设备运行效率与稳定性；


二、任职要求
1、学历与经验：
本科及以上学历，计算机科学与技术、电子信息工程、自动化、机械电子工程等相关专业；有 Linux 开发经验，参与过 涉及 Linux 内核修改或工业总线（CANopen/EtherCAT）运动控制的项目，有单片机 + FreeRTOS 开发经验者优先；

2、Linux 技术能力：
熟练掌握 Linux 操作系统，具备独立开发 Linux 服务程序的能力；掌握 Linux 内核编译流程，能独立完成内核驱动模块开发、内核参数修改，理解内核中断、内存管理、进程调度等核心机制；

3、实时系统能力：精通单片机、STM32 等主流单片机的硬件结构与编程，能看懂硬件原理图并进行驱动开发；熟练使用 FreeRTOS 实时操作系统，理解实时操作系统的任务调度原理与资源管理机制;

4、运动控制与总线能力：理解运动控制原理（如总线控制），熟练掌握 CANopen、EtherCAT 工业总线协议的通信机制；具备基于总线协议开发电机控制程序的经验，能独立调试伺服驱动器、总线适配器等设备，确保运动控制功能稳定运行;

5、编程与工具能力：熟练掌握 C/C++ 编程语言，具备良好的代码规范与调试能力；熟悉嵌入式开发工具；

6、综合素养：具备较强的独立分析与解决问题的能力，能快速排查软件运行中的逻辑错误与通信故障；工作严谨细致，有责任心，具备良好的团队协作与沟通能力；能适应项目需求出差，有工业自动化、机器人、智能装备领域开发经验者优先。",Linux 单片机 STM32 ARM RTOS CAN C++ 日志分析 系统运维 技术支持 需求分析 技术方案 技术文档 产品迭代,https://jobs.51job.com/kunshan/168855209.html?s=sou_sou_soulb&t=0_0&req=82cb28e9d7003f6bc242583a7a05b035
硬件工程师（数字信号处理）,天通精电新科技,1.5-2万,嘉兴·南湖区,昆山,硕士,3年及以上,2026-08-03 10:27:38,job51,"岗位主责： 
1. 参与系统方案设计和技术路线论证，协助系统工程师进行硬件需求分解和硬件方案设计； 
2. 独立完成硬件总体方案，硬件原理图设计、器件选型，产品性能设计及测试如EMC、安规、稳定性等；独立进行硬件单元开发和测试工作； 
3. 根据硬件方案拟定测试计划和方案，并参与整机功能测试和性能测试； 
4. 故障定位和分析，推动相关人员进行测试验证和整改优化；
5. 参与硬件转产工作；
6. 设备维护和工程故障跟踪。 
任职资格： 
1. 全日制硕士研究生3年及以上经验，计算机、通信、电子、自动化等相关专业；
2. 有通信、自动化、工业控制、仪器仪表等行业经验为佳；
3. 扎实的电力电子技术、数字电路和模拟电路基础，有独立的开发能力和参与完整项目的经验；
4. 熟练掌握Cadence或AD等常规设计工具软件，具有ARM、x86、FPGA平台6层板以上Layout经验； 
5. 熟练掌握高精度万用表、示波器、频谱仪等常用测试仪表； 
6. 熟悉嵌入式设计、低噪声设计、FPGA设计、高速设计、功率分配和驱动等其中一个或多个方向者尤佳； 
7. 熟悉EMC和安规设计和测试整改； 
8. 善于沟通和团队合作，良好的文档能力和动手能力。",ARM FPGA 方案设计 测试计划 功能测试 性能测试,https://jobs.51job.com/jiaxing-nhq/166406989.html?s=sou_sou_soulb&t=0_1&req=82cb28e9d7003f6bc242583a7a05b035
电子硬件工程师,上海辰仪测量技术,1.2-2.2万,昆山,昆山,本科,3年及以上,2026-08-03 18:19:52,job51,"岗位职责：
1.主要负责传感器检测电路、信号变送器、测量仪器的电路设计 ，主要包括低频模拟电路，数字电子，嵌入式硬件等；
2.负责硬件选型(包括OPA、ADC、DAC、 MCU等)；
3.负责硬件原理图设计、PCB layout设计、硬件调试；
4.参与或负责嵌入式软件硬件驱动部分的设计或调试。
任职要求：
1.本科及以上学历，测控技术与仪器、电子信息工程、电子科学与技术、仪器仪表工程、自动化、机电一体化、物联网工程（传感器方向）等相关专业；
2.三年以上嵌入式/单片机开发经验，熟悉一种或以上常用单片机的的硬件设计
3.熟悉常用模拟电路，如运算放大电路、I/V 等等；擅长惠更斯电桥或微弱信号放大的优先；
4.有工业智能传感器或信号变送器设计的优先考虑
5.有EMC或信号完整性设计经验的优先考虑；
6.熟练使用办公软件AD\candence等绘图软件；
7.工作积极主动，身体健康；沟通协调能力较好；",MCU 单片机 CAN ADC DAC PCB,https://jobs.51job.com/kunshan/155812726.html?s=sou_sou_soulb&t=0_0&req=82cb28e9d7003f6bc242583a7a05b035
运动控制软件工程,匠为创汽车智能装备科技（苏州）,1-1.2万,昆山,昆山,大专,2年及以上,2026-08-06 14:25:00,job51,"岗位职责：
1.负责运动控制软件的全流程开发，包括利用C#/C++编写运动控制卡程序及设备调试，保障系统的精准运行。
2.主导精密运动控制系统的整体方案设计，结合实际需求完成模块选型，制定经济高效的控制策略。
3.对控制系统各模块进行测试、评估与分析，输出专业结论并推动优化迭代。
4.快速定位并解决设计与实施过程中的技术问题，保障项目进度与质量。
5.参与新项目、新技术的预研与开发，探索运动控制领域的前沿应用。

任职要求：
1.大专及以上学历，自动化，电机控制等相关专业背景；
2.精通多轴联动控制、数控插补、加减速控制、小线段拟合、速度前瞻，补偿等核心算 法；
3.至少熟练掌握一种主流运动控制卡（固高、雷赛、研华等）的应用与开发；
4.熟悉C，C#等编程语言；掌握CANopen、EtherCAT、TCP/IP、　SECS/GEM、OPC等工业总线协议；
5.熟悉控制原理，精通共振点分析.稳定带宽分析.位置精度.加减速等特性指标调试；
6.理解PMSM伺服驱动软件硬件原理.PID原理.矢量控制原理；
7.有螺丝机、点胶、插件、多轴高速机床、AOI、半导体加工等设备软件开发经验者优先。",C# C++ CAN TCP/IP 方案设计 EtherCAT TCP IP,https://jobs.51job.com/kunshan/154313664.html?s=sou_sou_soulb&t=0_0&req=82cb28e9d7003f6bc242583a7a05b035
嵌入式软件工程师,苏州九驭智控科技,1.5-2.5万,昆山,昆山,本科,3年及以上,2026-07-28 17:47:18,job51,"工作职责：
1、完成电机控制器产品的软硬件需求分析、架构和模块设计；
2、软件编程、测试、维护和优化等工作；
3、研发、测试相关的技术文档和需求文档的整理和编写；
4、产品功能的调试以及客户现场支持。

岗位要求：
1、精通C/C++语言，ARM、STM32等系列单片机程序设计，熟悉IAR、Keil等开发平台，良好的编程风格和软件开发规范；
2、熟练使用UART、SPI、I2C、CAN、AD等单片机常用外设；
3、熟悉LIN、CAN等通讯协议；
4、有无刷电机控制器软件开发经验优先；
5、良好的文档写作能力、语言表达能力、沟通协调能力，以及团队合作精神。",C++ ARM STM32 单片机 UART SPI I2C CAN 需求分析 技术文档,https://jobs.51job.com/kunshan/161693809.html?s=sou_sou_soulb&t=0_0&req=82cb28e9d7003f6bc242583a7a05b035
嵌入式软件工程师,上海辰仪测量技术,1-1.5万·13薪,昆山,昆山,本科,3年及以上,2026-07-30 17:20:33,job51,"岗位职责：
1.负责现有产品嵌入式软件的日常维护、产线问题处理及客户端Bug修复工作；
2.负责产品软件的版本迭代升级，包括功能模块的优化与改进；
3.根据需求完成软件功能模块的代码编写、自测及联调，配合硬件工程师完成软硬件协同调试；
4.参与量产阶段问题分析、缺陷修复及版本管理，保障产品稳定运行；
5.编写和维护软件设计文档、调试记录和使用说明等技术文档
任职要求：
1.本科及以上学历，计算机科学与技术、电子信息工程、自动化、软件工程、测控技术与仪器等相关专业；本岗位可以接受优秀应届生
2.熟悉C语言开发，具备良好的代码编写习惯和模块化编程能力；
3.有MCU项目经验，熟悉至少一种主流单片机平台，了解常用外设接口和通信协议；
4.能使用常用调试工具进行问题定位，具备基本的软硬件联调能力；
5.具有良好的编码习惯、责任心和学习能力，能独立完成模块开发和维护工作；
6.有FreeRTOS等嵌入式实时操作系统使用经验或量产维护经验者优先；
7.具备良好的团队协作意识和沟通能力，能与硬件、测试等岗位有效配合。",C语言 MCU 单片机 RTOS 版本管理 技术文档,https://jobs.51job.com/kunshan/165247451.html?s=sou_sou_soulb&t=0_0&req=82cb28e9d7003f6bc242583a7a05b035
电气工程师,江苏雷硕智能科技,8千-1.5万,昆山,昆山,大专,5年及以上,2026-08-06 17:53:20,job51,"江苏雷硕智能科技有限公司是一家以PLC 视觉系统 触摸屏 伺服电机 闭环电机 步进电机为主业的高新运动控制企业。公司为广大电子设备，纺织设备，包装设备等设备制造商提供系统开发方案。公司提供良好培训 薪酬 和晋升空间。公司可为员工提供上海或者苏州的社保。

工作职责：
1、精通三菱FX3G、FX3U、FX1N、FX1S等系列的PLC。.熟悉CODESYS平台编程。能根据技术协议需要架构整个工程所需要的各种模块的选型和使用；
2、根据产品的设计要求提出系统的设计方案，原理图设计，PCB布线；
3、负责系统样机的调试、测试及改进；
4、对伺服马达和驱动器有一定的了解；
5、能够撰写相关的技术文档。

岗位要求：
1、电子技术、自动化、机电一体化相关专业，大专及以上学历；
2、5年以上相关工作经历，有较强的责任心和团队合作意识。
3、熟悉相关开发工具、设计软件和电路仿真软件。
4、有电机驱动、运动控制系统设计等研发经验者优先。
5、有自动检测设备经验者优先；",培训 技术文档 FX3U FX1N,https://jobs.51job.com/kunshan/154687931.html?s=sou_sou_soulb&t=0_0&req=82cb28e9d7003f6bc242583a7a05b035
plc电气工程师,江苏雷硕智能科技,1-2万·13薪,昆山,昆山,大专,5年及以上,2026-08-03 09:19:33,job51,"工作职责：
1、精通三菱、西门子等系列的PLC，能熟练使用CODESYS平台开发的PLC编程软件，能根据技术协议需要架构整个工程所需要的各种模块的选型和使用；
2、根据产品的设计要求提出系统的设计方案，原理图设计，PCB布线；
3、负责系统样机的调试、测试及改进；
4、对伺服马达和驱动器有一定的了解；
5、能够撰写相关的技术文档。

岗位要求：
1、电子技术、自动化、机电一体化相关专业，大专及以上学历；
2、5年以上相关工作经历，有较强的责任心和团队合作意识；
3、熟悉相关开发工具、设计软件和电路仿真软件；
4、有电机驱动、运动控制系统设计等研发经验者优先；
5、有自动检测设备经验者优先。
6、能独挡一面。",技术文档,https://jobs.51job.com/kunshan/160570600.html?s=sou_sou_soulb&t=0_0&req=82cb28e9d7003f6bc242583a7a05b035
儿童安全座椅结构设计工程师,好孩子儿童用品,1.8-2.5万,昆山,昆山,大专,5-7年,2026-07-16 17:38:20,job51,"岗位设置目的：
1、负责新产品(儿童安全座椅)开发
2、确保新产品开发所有技术资料的准确性和及时性
3、解决产品开发直到项目关闭阶段所有的技术问题
主要工作职责
新产品开发：1、有独立进行产品研发/结构设计的项目经验，精通Creo3D绘图软件，具有复杂曲面建模的能力
2、英语熟练(必须)，思维逻辑清晰，与国外同事的日常视频会议中能用英语熟练交流
3、掌握塑胶模具的基本知识，熟悉冲乐、注期、机加工结构工艺和特性，熟悉常用金属与塑胶材料的特性
4、负责对设计的产品进行系统公差分析，有熟练运用GD&amp;T经验优先
5、负责对产品进行DFMEA分析及优化，完成相关的技术资料输出
6、跟进产品QR及相关测试，对发生的问题进行根本原因分析并优化改善
7、驱动其它部门在产品开发过程中有效配合协作
8、其它主管交代的任务
产品开发过程中，负责与中国制造内部对接合作：1在开模前与工艺部门对设计资料(图纸，KPC等)进行评审并按时完成设计优化更新
2、与中国制造团队紧密合作，量产前完成图纸与工艺，质量控制等相符事项。
3、产品量产后，协助生产单位解决生产过程中的工程技术难题，提供技术支持，直到项目关闭
负责相关资料的收集整理：1、向主管提供所需信息咨料；2、负责整理保管产品设计相关资料、文件，按规定存放
岗位任职资格：
1、专科及以上学历
2、儿童安全座椅，汽车座，以及家电行业经验优先
3、至少5年塑胶零件设计经验
基本技能：1、Creo Parametric 3D/2D 熟练
2、英语沟通交流(口语和书面)
3、塑胶/金工以及机械方面的基础知识扎实",技术支持 产品设计 amp Creo Parametric,https://jobs.51job.com/kunshan/143728122.html?s=sou_sou_soulb&t=0_0&req=82cb28e9d7003f6bc242583a7a05b035
高级电气工程师,江苏雷硕智能科技,1-2万·13薪,昆山,昆山,大专,5年及以上,2026-07-02 15:11:08,job51,"工作职责：
1、精通三菱、西门子等系列的PLC，能熟练使用CODESYS平台开发的PLC编程软件，能根据技术协议需要架构整个工程所需要的各种模块的选型和使用；
2、根据产品的设计要求提出系统的设计方案，原理图设计，PCB布线；
3、负责系统样机的调试、测试及改进；
4、对伺服马达和驱动器有一定的了解；
5、能够撰写相关的技术文档。

岗位要求：
1、电子技术、自动化、机电一体化相关专业，大专及以上学历；
2、5年以上相关工作经历，有较强的责任心和团队合作意识；
3、熟悉相关开发工具、设计软件和电路仿真软件；
4、有电机驱动、运动控制系统设计等研发经验者优先；
5、有自动检测设备经验者优先。",技术文档,https://jobs.51job.com/kunshan/166510235.html?s=sou_sou_soulb&t=0_0&req=82cb28e9d7003f6bc242583a7a05b035
运动控制上位机软件工程师,江苏雷硕智能科技,6千-1.2万·13薪,昆山,昆山,本科,1-2年,2026-08-03 09:20:24,job51,"岗位职责：
1: 根据客户运动控制需要，配合客户进行运动控制卡 控制器 PLC IO模块 通讯模块 电机驱动等硬产品的选型。
2：解决客户运动控制卡 运动控器 PLC等产品使用过程中的硬件和软件方面问题。
3：配合客户的一些软件方面的要求，进行相关的测试和验证。
4：一些运动控制相关项目的程序编写和调试。
5：伺服电机 步进电机等其他周边配套产品的应用支持。
岗位要求：
1、1-2年运动控制行业应用经验。（可接受优秀应届本科毕业生）；
2、电气自动化 计算机 软件工程 机器人等相关本科毕业；
3、熟练C#语言开发，委托、事件、反射、特性、多线程、Task、泛型等;
4、熟练掌握SOCKET编程及 TCP/IP、UDP通信协议、串口通讯、Modbus协议(RS485、232);
5、掌握WinForm界面开发、使用各种控件设计、熟悉使用GDl+进行自定义控件设计;
6、熟练使用WPF依赖属性、路由事件，常用的MVVM模式，如Prism、CommunityToolkit等框架;
7、具备独立编写技术设计文档，对设计工作讲行总结的能力。

岗位优势:
1、我们属于运动控制的自动化公司。我们的工程师会面对很多不同行业设备客户的不同需求，会接触到各种新的方案，新的技术。（相对于传统的设备公司，我们接触面广，成长速度快，发展空间会更广泛。）
2、我们提供了 良好的学习平台和学习机会，不会的问题，会有专业的师傅在后面指导。对于想往这方面发展的工程师，是非常好的机会。",C# TCP/IP Modbus PLC Task TCP IP RS485,https://jobs.51job.com/kunshan/167299744.html?s=sou_sou_soulb&t=0_0&req=82cb28e9d7003f6bc242583a7a05b035
自动化电气工程师,宝利根（苏州）自动化科技,8千-1.6万,昆山,昆山,大专,3年及以上,2026-07-04 13:44:41,job51,"【工作内容】
- 负责设计、开发和优化自动化设备中的电气控制系统。
- 参与项目的需求分析和技术方案制定，确保项目按时交付。
- 对现有电气系统进行维护和升级，解决生产过程中出现的技术问题。
- 编写技术文档，包括但不限于电路图、接线图和操作手册。
- 与其他团队成员合作，参与跨部门的技术交流与协作。
【任职要求】
- 具备电气工程及其自动化相关专业大专及以上学历。
- 熟练掌握PLC编程、伺服驱动器调试及HMI界面设计等技能。
- 能够进行电气元件选型。
- 良好的逻辑思维能力和问题解决能力。
- 较强的学习意愿和自我驱动力，能够快速适应新技术。
- 具有良好的沟通能力和团队合作精神。",需求分析 技术方案 技术文档,https://jobs.51job.com/kunshan/161772800.html?s=sou_sou_soulb&t=0_0&req=82cb28e9d7003f6bc242583a7a05b035
售前解决方案工程师,德鑫隆（苏州）智能装备,1.5-3万·13薪,昆山,昆山,本科,3-5年,2026-07-28 15:29:20,job51,"岗位职责：
1，负责新项目的售前技术对接，完成产线和设备的总体技术方案规划；
2，售前项目与客户的技术沟通，充分解读客户技术要求，解答客户问题；
3，主导完成产品的可制造性评估，向客户提出产品、工艺方面的改进建议； 4，主导完成和提交方案阶段客户所需的各种技术文件，主要包括工序流程图、平面布局图、方案说明书、设备配置清单、节拍分析表等；
5，协助销售部、成本中心，完成新项目的成本核算；
6，撰写标书，完成投标所需的技术标相关文件，推动客户技术协议签订；
7，支持机械设计部，完成产线、设备的概念设计，确认新设备基本结构；
8、了解行业动态及客户需求，结合公司现状，为公司技术路线发展提供建议。
任职要求：
1、全日制本科及以上学历，工科专业背景；
2、3-5年以上售前方案或产线开发工作经验，至少有主导1条（或参与2条）批量生产线方案规划的经验；
3，熟悉新能源汽车电驱产品、工艺、设备，有扁线电机定子相关经验者优先； 4，熟悉非标自动化设备常用结构、元器件品牌及选型，了解电气控制原理； 5，精通CAD/ SolidWorks等工程软件，精通Office操作，精通主流仿真软件者优化考虑；
6、具备优秀的客户需求洞察力及市场分析判断能力，对于客户及市场需求有较强的敏锐度，能准确把握客户需求和市场动态；
7，拥有良好的沟通表达能力和逻辑思维能力，能够清晰、准确地向客户传递技术信息，有效应对客户的咨询与质疑；能适应项目推进过程中的各种挑战；
8、悟性高，自我驱动，敢于担当，能适应一定程度的加班和出差。",技术方案 投标,https://jobs.51job.com/kunshan/168197526.html?s=sou_sou_soulb&t=0_0&req=82cb28e9d7003f6bc242583a7a05b035
嵌入式软件开发工程师,江苏依珂诺汽车科技,7千-1.3万,昆山,昆山,本科,1年及以上,2026-06-25 13:27:43,job51,"【工作内容】
1. 负责汽车电子、电机驱动、蓝牙智能类产品的单片机软件开发，完成需求分析、方案设计、代码编写、调试测试、优化维护全流程工作；
2. 负责电机控制算法的设计、实现与调试，包括BDC/BLDC电机的PID控制、无感控制、闭环控制等，完成电机驱动程序的开发与优化；
3. 负责蓝牙通信功能的开发，包括蓝牙BLE/经典蓝牙的协议栈移植、应用层开发、数据透传、OTA升级、低功耗优化等功能的实现与调试；
4. 负责汽车级产品的软件开发，包括车载MCU的外设驱动、CAN/LIN总线通信、车载功能安全相关的软件设计与开发，符合汽车电子行业标准；
5. 负责产品的硬件与软件联调，配合硬件工程师完成硬件方案的验证与优化，解决产品开发过程中的各类软硬件协同问题；
6. 负责产品的测试与问题修复，配合测试工程师完成单元测试、集成测试、系统测试，快速定位并解决测试过程中发现的软件问题；
7. 负责技术文档的编写与维护，包括需求规格说明书、软件设计文档、代码注释、测试报告、用户手册等，确保文档的完整性与准确性；
8. 对接客户与供应商，完成技术方案的沟通、需求对接、技术支持，解决客户现场的技术问题，配合供应商完成芯片、器件的选型与验证；
9. 跟踪行业前沿技术，包括单片机、电机控制、蓝牙、汽车电子相关的新技术、新方案，完成技术预研与产品升级优化；
10. 完成上级交办的其他研发相关工作任务。
【经验要求】
有实习/1年左右单片机软件开发相关工作经验、学校参加过电赛开发经验者优先；有电机控制、蓝牙通信、汽车电子行业开发经验者优先；有完整的车载电子产品、电机驱动产品、蓝牙智能产品开发落地经验者优先。
【任职要求】
1. 精通C/C++编程语言，熟练使用keil，具备良好的代码规范与编程习惯，能独立完成复杂嵌入式系统的代码开发与调试；
2. 精通主流单片机的外设驱动开发，包括GPIO、UART、SPI、I2C、ADC、PWM、定时器等，能快速完成芯片级驱动移植与开发；
3. 具备扎实的电机控制理论基础，能独立完成BDC/BLDC电机的控制算法设计、仿真、实现与调试，解决电机运行过程中的异响、抖动、效率等问题；
4. 精通蓝牙协议栈架构，能独立完成蓝牙应用层开发、功能调试，解决蓝牙通信过程中的连接稳定性、数据传输、功耗等问题；
5. 熟悉汽车电子开发流程，有车载MCU开发、CAN/LIN总线开发、车载功能安全开发经验，能独立完成汽车级产品的软件需求分析、设计、实现与验证；
6. 具备良好的问题排查与解决能力，能快速定位并解决软件开发、调试、测试过程中的各类技术问题；
7. 具备良好的文档编写能力，能独立完成需求规格说明书、设计文档、测试报告、用户手册等技术文档的编写；
8. 具备良好的沟通协调能力，能对接客户、硬件、测试、生产等部门，完成项目全流程的技术对接与落地。
9.积极主动，责任心强，工作踏实，有较好的抗压能力；具备良好的逻辑思维能力、问题排查能力，对嵌入式开发有浓厚的兴趣，具备良好的团队协作能力。",单片机 MCU CAN C++ UART SPI I2C 需求分析 方案设计 技术文档 技术方案 技术支持 文档编写,https://jobs.51job.com/kunshan/172686366.html?s=sou_sou_soulb&t=0_0&req=4d018dfdb05410f4000371f5f017781b
汽车电子测试开发工程师,环鸿电子（昆山）,1-2万·16薪,昆山,昆山,本科,2年及以上,2026-08-05 15:35:30,job51,"工作职责:
1. 测试方案制定与用例设计
· 负责公司汽车电子产品（智能驾驶、网联、新能源、底盘、座舱和车身控制等）各类ECU的需求评审，制定测试计划、测试策略和测试标准
· 根据内外部的需求，编写并维护详细的测试规范、测试方案及测试用例，覆盖功能、网络、性能、可靠性、安全等多维度
2. 测试环境搭建与维护
· 搭建桌面级BSW测试环境，制作测试线束、负载箱等测试工装
· 搭建、维护并优化测试环境，包括仿真平台、HIL测试台架、数据采集系统及相关软硬件
· 负责汽车电子功能测试系统的开发、集成、调试及日常维护
3. 测试执行与缺陷管理
· 执行台架测试、硬件在环（HIL）测试、网络测试、实车测试及白盒测试，采集并分析测试数据，撰写测试报告
· 针对MCU特定外设（ADC/CAN/SPI等）执行底层驱动测试并评估测试报告
· 精准定位缺陷，推动问题的复现、分析与解决，建立有效的问题跟踪与验证闭环
· 利用缺陷管理系统跟踪、登记、验证和关闭bug，协同开发团队定位并验证问题修复效果
4. 自动化测试开发
· 根据测试用例类型开发自动化测试脚本（Python/，C#, LabVIEW等），提升测试效率与覆盖率
· 构建和维护自动化测试框架及测试用例库
5. 协作与持续改进
· 与系统负责人、开发工程师协作，理解需求和设计，负责测试场景构建和测试用例评审工作
· 引入、评估并推进测试相关的改进措施和效率提升方案
· 参与软件发布流程，与策划、开发和项目管理团队紧密协作，确保软件版本按时、高质量交付

任职资格:
1. 教育背景
· 本科及以上学历，电子信息工程、车辆工程、自动化、计算机科学与技术、测控技术与仪器等相关专业
2. 工作经验
· 2年以上嵌入式系统或汽车电子产品的系统测试/软件开发或测试经验
· 有汽车电子（MCU、VCU、BMS等）HIL集成测试经验者优先
3. 专业技能
· 编程语言：熟练掌握C/C++、Python, LabVIEW等编程语言，具备自动化测试脚本开发能力
· 汽车通信协议：熟悉CAN、LIN、Ethernet等车载通信协议及UDS诊断协议
· 测试工具：熟练使用CANoe、CANalyzer、INCA等测试工具；能够使用Lauterbach或UDE调试器调试代码
· 测试方法论：熟悉软件测试流程和方法，了解黑盒测试、白盒测试基础知识；熟悉ASPICE测试相关要求者优先
· 硬件基础：具备嵌入式硬件电路、芯片、操作系统、底层软件等相关知识，能看懂电路原理图等
4. 综合素质
· 具备优秀的问题分解与根因分析能力，善于在复杂的软硬件交织环境中定位问题
· 学***动性强，具备系统化的问题分析和解决能力
· 良好的沟通协作能力和团队合作精神
· 良好的英文读写能力，能够流畅阅读英文技术资料",MCU CAN SPI Python C# C++ 测试计划 测试用例 数据采集 功能测试 缺陷管理 自动化测试 项目管理,https://jobs.51job.com/kunshan/173162831.html?s=sou_sou_soulb&t=0_0&req=4d018dfdb05410f4000371f5f017781b
汽车电子电机控制软件工程师,苏州九驭智控科技,1.5-2.5万,昆山,昆山,本科,3年及以上,2026-07-28 17:46:15,job51,"核心职责：
1、 负责永磁同步电机（PMSM）/无刷直流电机（BLDC）的矢量控制（FOC）算法设计、实现与优化。
2、单电阻/三电阻电流采样方案的软件实现，包括相电流重构、ADC采样定时器触发、PWM死区补偿等关键技术点。
3、 开发与优化无位置传感器（Sensorless FOC）控制算法，如滑模观测器（SMO）、龙贝格观测器、高频注入（HFI），等。
4、熟悉电机控制策略，包括弱磁控制、MTPA（最优转矩电流比）、在线参数辨识、抗饱和策略等。
5、编写高质量、高实时性的嵌入式C代码，并完成模块测试、集成测试和软件测试。
6、 编写设计文档、测试报告和技术规范。
必备要求：
1、学历与经验：电子工程、自动化、车辆工程等相关专业本科及以上学历，3年以上汽车行业电机控制软件开发经验。
2、 核心技能：
• 精通C语言编程，具备在ARM Cortex-M主流MCU上进行嵌入式开发的经验。
• 深刻理解电机控制理论基础，精通FOC原理、Clark/Park变换及其反变换、SVPWM调制技术。
• 拥有完整的单电阻FOC或无感FOC项目量产经验，能独立解决相电流重构、转子位置估算等核心难题。
• 熟悉汽车电子开发流程（如ASPICE）及功能安全标准（ISO 26262）。
3、 总线协议：具备汽车CAN/LIN、UDS等通信协议的开发或测试经验。
优先考虑：
1、有新能源汽车主驱电机控制器量产项目经验者。
2、熟练使用MATLAB/Simulink进行控制算法建模和自动代码生成（MBD），CANoe，INCar使用。
3.、熟悉AUTOSAR架构，并有相关开发经验。
4、具备电机参数测量、控制器硬件在环（HIL）测试经验。
5、了解电机硬件知识，如IGBT/SiC驱动、电流采样电路设计等。
综合素质：
• 具备出色的分析问题和解决问题的能力，能应对复杂的技术挑战。
• 拥有良好的团队协作精神和沟通能力。
• 注重代码质量和开发效率。",C语言 ARM MCU SPI CAN MATLAB,https://jobs.51job.com/kunshan/171038930.html?s=sou_sou_soulb&t=0_0&req=4d018dfdb05410f4000371f5f017781b
高级嵌入式软件工程师,苏州欧米洛电子科技,2-4万,昆山,昆山,本科,8年及以上,2026-06-22 13:36:00,job51,"岗位职责
方向一：BLDC 电机控制方向
1、负责无刷直流电机（BLDC）驱动算法设计、实现与优化（方波/正弦 FOC 控制）；
2、基于 MCU（如 STM32、NXP、GD 等）完成电机控制软件开发，包括 PWM、ADC、霍尔/无感采样等；
3、参与电机控制系统的软硬件联调、性能分析与故障诊断；
4、支持产品量产导入，解决产线及客户端电机相关问题。
方向二：无线通信模块方向（非手机基站类）
1、负责蓝牙（BLE/BT Classic）、Wi‑Fi、Zigbee 等无线通信模块的驱动与应用开发；
2、基于物联网场景完成通信协议设计、低功耗优化及稳定性调优；
3、对接云端/APP端通信接口，支撑智能家居、电动工具等产品互联功能；
4、参与无线产品的射频测试、认证支持及相关问题分析。
任职要求
1、精通 C 语言，具备扎实的单片机应用及编程基础；
2、熟悉常用嵌入式外设（UART/SPI/I2C/PWM/ADC/DMA 等）；
3、具备良好的问题分析能力与文档编写能力；
4、有较强责任心，能承受一定项目压力。
5、本科及以上学历，8年以上工作经验；
6、在 BLDC 电机控制​ 或 无线通信模块（蓝牙/Wi‑Fi/IoT）​ 任一方向有深入积累；
7、具备潜在技术管理能力，沟通协调能力突出，可担任软件小组主管角色；
8、能独立负责模块级设计与交付，具备一定跨团队协作能力。",MCU STM32 单片机 UART SPI I2C 文档编写,https://jobs.51job.com/kunshan/172633805.html?s=sou_sou_soulb&t=0_0&req=4d018dfdb05410f4000371f5f017781b
嵌入式硬件工程师（FPGA开发）,昆山捷嵘发测控设备,1.5-3万,昆山,昆山,本科,5年及以上,2026-07-09 15:04:34,job51,"【关于我们】
我司是一家拥有15年发展历史的成熟科技企业，与国内多所高校建立深度合作，并与腾讯达成战略合作关系，是市、镇两级政府重点扶持的企业之一。

【我们为您提供】
- 发展平台：依托公司官方认定的工程技术中心，与优秀伙伴共事，技术氛围浓厚。
- 人才待遇：为重点科技人才提供10万元购房助力、股权激励，并协助解决子女入学与配偶工作问题。
- 安家保障：提供别墅作为过渡住房，距苏州南站仅10分钟车程，半小时可达华为练秋湖研发基地等核心产业区。
- 薪酬福利：五险一金，完善的薪酬体系，优秀员工年薪可达15薪以上，并享有健康体检、团建等全面福利。

【岗位职责】 
1、负责项目整体硬件方案设计、器件选型、原理图绘制、PCB Layout，涵盖激光管驱动电路、光电接收采样电路、信号调理电路、STM32主控电路、FPGA外围电路、电源电路、工业通讯及防护电路设计。
2、负责激光模组适配开发，完成激光发射、光电接收模块的硬件调试、光路匹配调试，解决激光信号噪声、信号失真、采样不稳定等硬件问题。
3、负责FPGA、STM32硬件电路调试，包括高速数据采集、差分信号、模拟信号调理、接地、抗干扰、EMC整改，保障设备工业环境稳定运行。
4、负责样机调试、可靠性测试、高低温测试、振动测试，输出硬件测试报告、整改方案，完成硬件版本迭代优化。
5、配合软件工程师完成软硬件联调，对接上位机、通讯协议，配合生产部门完成量产工艺优化、BOM整理、生产指导。
6、跟进行业精密检测设备硬件技术，优化硬件方案，降低成本、提升设备测量精度与稳定性。

【任职要求】 
1、核心硬件基础：精通模拟电路、数字电路，熟练掌握运放调理、滤波电路、差分信号处理、高精度AD/DA采样电路设计，熟悉工业设备抗干扰、EMC、安规设计规范。
2、主控硬件开发：熟练STM32全系硬件设计，精通STM32外围电路（串口、SPI、I2C、CAN、ADC、DMA等）设计与调试。
3、FPGA硬件适配：熟悉FPGA外围硬件电路设计，掌握FPGA与STM32、AD采集芯片、光电传感器的硬件对接与布线规范，懂高速信号布线、阻抗匹配。
4、激光模组硬件开发：熟悉激光二极管（激光管）驱动电路、恒功率/恒流驱动设计，掌握光电接收传感器、CCD/CMOS成像采样电路设计与调试，有光学检测设备硬件开发经验优先。
5、工具与实操能力：熟练使用Altium Designer等PCB设计软件，精通示波器、信号发生器、万用表、频谱仪等测试仪器，可独立完成硬件故障排查与整改。
6、工业通讯能力：熟悉RS485、MODBUS、以太网、USB等常用工业通讯接口硬件设计。",STM32 FPGA SPI I2C CAN Modbus 方案设计 数据采集 故障排查,https://jobs.51job.com/kunshan/172855307.html?s=sou_sou_soulb&t=0_0&req=4d018dfdb05410f4000371f5f017781b
光模块固件工程师,前锦网络信息技术（上海）,20-25万/年,昆山,昆山,本科,3年及以上,2026-07-01 16:49:29,job51,"【上市公司·光模块】固件工程师（CMIS/SFF-8636/STM32）	年薪20-25W	苏州

A股主板上市公司旗下全资子公司，专注于高速硅光芯片设计及高端光模块的研发与制造，已推出400G/800G/1.6T全系列硅光模块产品，部分产品已向海外客户批量出货。公司拥有完整的硅光芯片设计与模块制造能力，是国内少数具备从PIC设计到模块封装测试全链条能力的厂商之一。目前处于团队扩张期，技术大牛带队，成长空间巨大。
岗位核心卖点：深度参与高速光模块产品从0到1的研发过程，技术栈可随产品迭代同步升级

岗位职责
o 负责公司高速光模块产品(400G/800G/1.6T)固件系列设计与开发；
o 协同硬件工程师完成 MCU 相关的原理设计以及产品功能调试，确保产品达
到设计需求；
o 编写高效、稳定的固件代码，完成 OE 模块底层驱动程序及通信协议的开发。
o 根据固件性能及特点，协助测试工程师制定测试计划，组织实施测试工作，
确保测试工作的计划性与规范性，协调解决测试测量软件的现场使用问题；
o 组织固件开发产品评审，完成项目固件开发、用户使用、系统技术文档的编
写、完善、归档工作；
o 负责固件的修复、升级、维护及异常情况的处理工作，保持产品稳定性；
o 负责对产品提供必要售后支持服务。

任职要求
o 电子信息工程、通信工程、计算机科学等相关专业,本科及以上学历；
o 3 年以上光模块固件开发经验，有高速光模块（400G/800G）项目经验者优
先；
o 精通 C/C++语言，具备扎实的嵌入式系统开发及软件编程能力；
o 熟悉 ARM、STM32 等主流 MCU 架构，掌握内外资源配置方案，熟练使用
Keil、IAR 等开发工具；熟练掌握示波器、逻辑分析仪等 Debug 设备；
o 理解光模块相关协议（如 SFF-8024、SFF-8636、SFF-8679、MSA、CIMS 等光
模块协议等）；
o 熟悉 I2C、SPI、UART、JTAG、MDIO 等通信接口开发；
o 熟悉电子电路原理，有硅光通信模块开发并有实际开发经验者优先考虑；
o 具备良好的问题分析与解决能力，能独立完成模块调试与故障定位；
o 良好的团队合作精神，沟通顺畅，责任心。",STM32 MCU C++ ARM I2C SPI UART 产品迭代 测试计划 技术文档,https://jobs.51job.com/kunshan/172758833.html?s=sou_sou_soulb&t=0_0&req=4d018dfdb05410f4000371f5f017781b
电源设计工程师,昆山华恒机器人,1-2万,昆山,昆山,本科,3年及以上,2026-06-25 10:43:24,job51,"一、核心工作内容

1. 主拓扑电路设计：选择并设计高效的逆变拓扑（如全桥、半桥、LLC等），将工频交流电或直流电转换为高频交流电，再整流滤波得到焊接所需的直流或脉冲输出。
2. 功率器件选型与应用：熟练选择和应用 IGBT、MOSFET、SiC（碳化硅） 等功率开关器件，设计其驱动、保护和缓冲电路。
3. 高频磁性元件设计：设计关键的高频变压器、电抗器（电感），这是逆变机芯的核心和难点，涉及磁芯选型、绕组计算、损耗与温升分析。
4. 控制电路与算法设计：
 · 模拟/数字控制电路设计。
 · DSP/MCU 编程，实现焊接过程的闭环控制（恒流、恒压、脉冲等）。
 · 开发引弧、稳弧、熔滴过渡控制等专用焊接算法。
5. 仿真与验证：使用 PSPICE, Saber, PLECS, MATLAB/Simulink 等工具进行电路仿真、热仿真和磁场仿真。
6. PCB设计：绘制高压、大电流、高干扰环境下的功率板和控制板，考虑EMC（电磁兼容）、安规、散热与可靠性。
7. 样机调试与测试：搭建样机，进行全面的功能、性能、可靠性、安全及EMC测试，解决调试中的问题。
8. 技术文档编写：输出设计图纸、BOM、计算书、测试报告、工艺文件等。

二、必备知识与技能

1. 扎实的理论基础：
 · 电力电子学：精通各种变换器拓扑、软开关技术、PWM控制等。
 · 模拟与数字电路：具备深厚的电路分析和设计能力。
 · 自动控制原理：理解反馈系统、PID控制及现代控制理论在电源中的应用。
 · 电磁学：精通磁性材料特性、磁路设计、涡流损耗、邻近效应等。
2. 丰富的专业经验：
 · 焊接工艺理解：了解手工电弧焊（SMAW）、氩弧焊（GTAW/TIG）、气体保护焊（GMAW/MIG/MAG） 等不同工艺对电源外特性（陡降、平特性）、动态响应和波形的特殊要求。
 · 安规与标准：熟悉IEC/EN 60974、GB 15579等焊接设备安全标准。
 · EMC设计与整改：经验至关重要，能解决传导发射、辐射发射等问题。
3. 熟练的工具使用：
 · 设计软件：Altium Designer/Cadence等PCB设计工具。
 · 仿真软件：如前所述。
 · 开发工具：C语言、汇编语言，熟悉TI C2000系列DSP或类似平台者优先。
 · 测试仪器：示波器、功率分析仪、网络分析仪、EMC测试设备等。

4、教育背景：本科及以上学历，电子、电气类专业
5、工作经验：3年以上焊接电源行业经验",DSP MCU SPI MATLAB C语言 汇编 技术文档,https://jobs.51job.com/kunshan/172683358.html?s=sou_sou_soulb&t=0_0&req=4d018dfdb05410f4000371f5f017781b
嵌入式助理软件工程师（急聘）,艺唯科技,6千-1.1万,昆山,昆山,本科,无需经验,2026-06-17 16:40:27,job51,"岗位职责：
1.参与健身器材控制系统、光伏微型逆变器以及储能产品的嵌入式软件开发（基于ARM平台）；
2.负责底层驱动、通讯协议（如PLC、SUB-1G、CAN、Wi-Fi/4G）、逻辑控制等模块的编码与调试；
3.配合硬件工程师完成整机联调、问题定位与性能优化；
4.编写软件设计文档、测试报告及生产导入支持文件。
任职要求：
1.本科及以上学历，电子、通信、自动化、电气工程等相关专业，
2.熟练掌握C语言，具备良好的编程习惯与文档能力；
3.熟悉至少一种主流MCU（如STM32、GD32）的开发环境及调试方法；
4.了解RTOS（FreeRTOS/RT-Thread）基本原理，有实际移植或应用经验者优先；
5.能阅读英文芯片手册，对数字电路、MCU芯片外设（PWM/UART/SPI/I2C）有一定基础；
6.逻辑清晰，具备独立分析和解决问题的能力，对新能源行业有热情。
加分项（满足其一即可优先）：
有电力电子基础，了解电源相关的各种拓扑架构及转换原理，电解驱动以及控制，具有PWM、AD采样、PID控制等概念；
参加过电子设计竞赛、智能车竞赛或实际项目开发；
熟悉逆变器、BMS、MPPT算法或储能系统架构
可以接受2025/2026届毕业生。",ARM CAN 4G C语言 MCU STM32 RTOS UART SPI I2C,https://jobs.51job.com/kunshan/171749718.html?s=sou_sou_soulb&t=0_0&req=4d018dfdb05410f4000371f5f017781b
AE/研发工程师/硬件方向,昆山市正耀电子科技,1.8-3.5万,昆山,昆山,本科,1年及以上,2026-06-30 14:53:39,job51,"工作职责：
1. 负责电源类相关产品硬件研发及优化
2. 负责硬件电路设计、元器件选型、电路调试与系统联调等
3. 系统调试、故障分析和现场技术支持
4.负责公司新产品开发，规格书编写等

要求：
1. 电力电子专业本科
2. 1年以上工作经验，有新能源汽车、风电、光伏、储能、UPS等电力电子产品开发经验优先
3. 具有模拟电路设计和调试经验，具有AC/DC、DC/DC、DC/AC等电路硬件设计经验 熟悉环路推导优先
4. 熟悉常用电力电子器件（SiC MOSFET，IGBT等）的驱动与保护优先",技术支持 DC SiC MOSFET,https://jobs.51job.com/kunshan/169587549.html?s=sou_sou_soulb&t=0_0&req=4d018dfdb05410f4000371f5f017781b
高级嵌入式硬件工程师,苏州世航智能科技,2.5-4.5万·13薪,昆山,昆山,本科,3-5年,2026-07-17 10:58:29,job51,"嵌入式开发技能
1.硬件设计与底层驱动
￮电路设计： 精通常规EDA软件，能独立完成多层板原理图设计与Layout，具备信号完整性、EMC/EMI设计经验。
￮微控制器与架构： 主流嵌入式架构，精通各类单片机外围电路设计。
￮调试能力： 熟练使用示波器、逻辑分析仪、频谱仪查找硬件问题，能读懂芯片数据手册，解决总线竞争或信号干扰等深层次硬件故障。
￮焊接与样板试制： 具备精细焊接能力（如QFN封装），熟悉样板从贴片到调试的全流程。

2.嵌入式软件与系统开发
￮底层驱动： 精通BSP开发，熟练IDE自动生成代码，能根据芯片手册手写底层寄存器配置（GPIO、DMA、CAN、Ethernet等）。
￮实时操作系统： 深入掌握至少一种RTOS，理解任务调度、内存管理、中断嵌套机制。
￮通信协议栈： 熟悉物理层到应用层的协议，如物联网相关的TCP/IP、LwIP、MQTT、CoAP、Bluetooth（BLE）、Zigbee、LoRa等。
￮高级语言： 精通C语言（必备），熟悉C++/Python，了解lua语言。
￮代码管理： 熟练使用Git，具备良好的编码规范与文档习惯。

3.系统联调与生产
￮具备整机调优经验。
￮熟悉产品量产导入流程，能配合生产部门搭建测试工装，解决产线良率问题。

思维模式
1.具备一定的系统级思维能力，能预判硬件性能和成本；设计硬件时，能为软件调试预留接口。具备“软硬件协同设计”的能力。
2.具备独立解决问题能力， 面对故障时，能快速定位问题，准确判断并修复。
3.具备抗压与Owner意识，需要独立负责某个核心模块或整个产品，对项目交付有极强的责任心。
4.具备沟通协调能力，在团队中作为技术核心，需要向上汇报进度，横向协调采购、结构、测试等资源。

背景经验
1.年限： 需要 3-5年 以上的实际项目经验。
2.学历： 本科及以上，电子信息、机械电子、自动化、计算机等相关专业。",单片机 CAN RTOS TCP/IP MQTT CoAP Bluetooth LoRA C语言 C++ Python Git 采购,https://jobs.51job.com/kunshan/172946448.html?s=sou_sou_soulb&t=0_0&req=4d018dfdb05410f4000371f5f017781b
嵌入式硬件工程师,江苏中正检测,1.5-2.5万,昆山,昆山,本科,2年及以上,2026-07-10 09:49:11,job51,"本岗位负责溺水救援无人船整机硬件电路设计、传感器硬件集成、防水电控系统开发、PCBLayout、量产硬件落地与可靠性整改，适配水上高湿、溅水、电磁干扰、高低温复杂工况。
1. 硬件系统方案设计
负责无人船整机电气架构搭建，包含主控最小系统、传感器采集系统、电源配电系统、电机驱动系统、通信图传系统；完成器件选型、方案评审、强弱电隔离设计、防水电气可靠性设计。
2. 原理图设计与器件评估
完成STM32/ARM主控电路、IMU姿态电路、GPS/RTK定位电路、水声/水深传感器电路、红外摄像头接口、4G/5G数传图传、CAN/串口外设接口设计；完成ESD、浪涌、防反接、过流、过压、短路保护电路设计，保障船载设备长期稳定运行。
3. PCB全流程设计
独立完成多层PCB布局、布线、阻抗匹配、差分走线、电源完整性、地分割设计；熟练处理强弱电分区、模拟数字隔离、高频干扰抑制；结合无人船密封舱结构，适配壳体安装、散热、防水走线布局，输出可量产PCB文件、BOM、坐标文件、工艺文件。
4. 传感器与外设硬件集成调试
负责陀螺仪、罗盘、水深传感器、漏水检测、温度检测、雷达/水声模块、救生执行机构驱动硬件调试；解决传感器噪声、数据漂移、干扰串扰、供电不稳等现场问题。
5. 船载电源系统开发
负责无人船锂电池供电、BMS保护、多路稳压配电、低功耗控制、快充电路设计；适配水上低温、颠簸、长时间续航工况，优化电源稳定性与安全性。
6. 硬件可靠性与防水适配
针对无人船高湿、溅水、雾气、电磁干扰环境，做硬件防护设计；配合结构完成防水接插件选型、线束定义、密封电控舱电气设计；负责整机老化测试、高低温测试、振动测试问题整改。
7. 样机调试与量产落地
独立完成样板焊接、上电调试、功能验证、故障定位；对接生产厂家，跟进PCB打样、贴片、批量生产问题，输出标准化BOM、工艺规范、测试标准，支撑量产交付。
8. 技术文档输出
输出硬件设计方案、原理图、PCB图纸、BOM清单、接口协议、测试报告、硬件改版记录，配合项目验收与专利申报。
要求：1. 学历与专业
本科以上学历：电子信息、电气工程、自动化、测控技术、微电子等相关专业；有无人船/机器人硬件经验可放宽优秀专科。
2. 工作经验分层要求
初级（1-2年）：能独立完成常规单片机硬件、两层/四层PCB、基础传感器电路设计与调试；
中级（3-5年）：独立完成完整机器人/无人船整机硬件项目，熟练多层板、电源系统、抗干扰设计，可独立解决外场硬件故障。
3. 必备技能栈
•熟练使用 Altium Designer / Cadence / PADS 任意一种PCB设计软件；
•精通STM32、ESP32等主控硬件设计，熟悉最小系统、复位、晶振、BOOT电路；
•精通DC-DC、LDO电源架构，熟练多路电源配电、功耗优化、保护电路设计；
•熟悉CAN、RS485、串口、I2C、SPI、以太网等硬件接口设计与抗干扰处理；
•熟悉姿态传感器、GPS、RTK、图像、数传模块硬件集成；
•掌握PCB高速走线、差分、阻抗、电源完整性、EMC/EMI基础设计；
•熟练示波器、万用表、电源、信号发生器，具备独立排错能力。
4. 关键能力（无人船专项重点）
•具备户外防水、高湿、强干扰环境硬件设计经验；
•懂线束设计、航插对接、舱内布线、防短路、防凝露硬件优化；
•能解决传感器漂移、电源纹波、通信丢包、电磁干扰等外场常见问题；
具备机器人、无人车、无人艇、水下设备硬件经验优先",STM32 ARM GPS 4G 5G CAN 单片机 I2C SPI 方案设计 技术文档 专利,https://jobs.51job.com/kunshan/172862718.html?s=sou_sou_soulb&t=0_0&req=4d018dfdb05410f4000371f5f017781b
电机类应用工程师(FAE)（苏州铌劢）,昆山西交创新中心管理,1.2-1.5万,昆山,昆山,本科,3年及以上,2026-07-24 17:28:36,job51,"岗位职责：
负责公司电机驱动类芯片的应用技术支持，包括：
1、基于本公司驱动芯片和常用微控制芯片开发功能演示板；
2、为芯片设计工程师功能仿真提供协助，验证芯片参数；
3、反馈测试验证中发现的问题，为改进芯片设计提供支持；
4、协助公司市场销售人员为目标客户提供应用技术支持，达成大客户销售目标
需要不定期出差访客。

资质要求：
1、机电、电子及自动化等相关专业本科及以上学历，3年以上电机控制类项目开发经验，尤其需要步进电机、直流电机类控制系统开发调试经验；
2、消费类电机控制系统软硬件开发实战经验，熟悉嵌入式系统及编程，熟练应用相关EDA工具，能发现项目开发调试中暴露的问题并找到合理的解决方法；
3、有IOT云台、安防监控类设备多维电机控制系统开发经验者优先考虑。

薪资待遇：12K-15K

志同道合者引入公司Co-founder及股权激励",技术支持,https://jobs.51job.com/kunshan/172811109.html?s=sou_sou_soulb&t=0_0&req=4d018dfdb05410f4000371f5f017781b
硬件工程师,苏州博特勒机器人,1.5-2.5万,昆山,昆山,本科,3年及以上,2026-07-10 11:08:09,job51,"岗位职责：
1、负责机器人产品所需的各类电路板的设计和开发（如，电机驱动器、编码板、采集板等）；								
2、负责各类PCB板元器件的选型、原理图的设计及BOM整理。								
3、制作电子电路的原型，并进行实验和现场测试，以验证设计的有效性。								
4、分析测试数据，识别潜在问题并提出改进建议；								
5、编写详细的电子电路设计文档，包括电路图、原理图和技术报告。								
6、领导安排的其他事项。

岗位要求：
1、本科及以上学历。								
2、三年以上电机驱动器硬件设计经验，具备独立开发的能力。								
3、精通模拟电路，数字电路设计，具备扎实的硬件电路基础。								
4、精通PCB加工工艺和PCBA焊接工艺。								
5、熟练使用示波器，频谱仪，AC,DC source，电子负载，温箱等常用测试设备。								
6、对新兴技术和行业趋势保持敏感，并有持续学习的意愿；								
7、具备良好的团队合作和沟通能力，具备良好的学习和创新能力。",AC DC source,https://jobs.51job.com/kunshan/172865093.html?s=sou_sou_soulb&t=0_0&req=f7e245b9a0509b224086d9884ac3a2b3
算法工程师（研发）,昆山华恒机器人,1.2-1.6万·13薪,昆山,昆山,本科,3年及以上,2026-07-20 16:17:46,job51,"岗位职责：
1.运动算法开发与仿真
负责串并联机器人正 / 逆运动学、动力学、轨迹规划与插补算法的设计、实现与 MATLAB/Python 仿真验证。
完成奇异点规避、阻尼最小二乘、动力学补偿等核心算法的嵌入式化与优化。
2.嵌入式平台移植与集成
将运动算法移植到基于 Linux + FreeRTOS / 实时内核的嵌入式平台，完成代码优化、性能调优与稳定性测试。
负责与 CANopen/EtherCAT 等工业总线、伺服驱动器、编码器等硬件的驱动集成与通信调试。
3.轨迹控制与精度优化
设计并实现直线 / 圆弧 / 样条插补、S 曲线 / 多项式加减速、前瞻预处理等轨迹控制模块。
定位并解决轨迹精度、振动抖动、速度瓶颈、关节超限等工程问题。
4.项目协同与技术支持
参与产品需求分析、方案评审与技术文档编写，配合硬件、应用、测试团队完成项目交付。
为现场调试与客户项目提供算法与运动控制技术支持。
5.技术迭代与平台优化
跟踪串并联机器人、运动控制、实时系统等领域前沿技术，迭代优化现有算法与软件架构。
构建并完善运动算法仿真、测试与验证工具链。

岗位要求：
1、学历与经验
本科及以上学历，计算机科学与技术、电子信息工程、自动化、机械电子工程、机器人工程等相关专业。
3 年以上嵌入式运动控制或机器人算法开发经验；有串并联机器人（Delta、Scara、6 轴等）项目经验者优先。
有 Linux 内核 / 驱动开发、FreeRTOS 实时系统或工业总线（CANopen/EtherCAT）开发经验者优先。
2、机器人与运动控制理论
扎实掌握串并联机器人正 / 逆运动学、雅可比矩阵、奇异点分析、动力学建模等核心理论。
熟练掌握轨迹规划、插补算法、加减速控制等运动控制核心技术。
3、嵌入式与实时系统能力
精通 Linux 操作系统，具备独立开发 Linux 服务程序的能力；熟悉 Linux 内核驱动、内存管理、中断与进程调度等核心机制。
精通单片机 / STM32 等主流单片机的硬件结构与驱动开发；熟悉 FreeRTOS 等实时操作系统的任务调度、资源管理与通信机制。
4、工业总线与集成能力
深入理解CANopen/EtherCAT等工业总线协议，具备独立调试伺服驱动器、编码器等设备的经验。
能独立完成运动控制算法与硬件系统的集成、联调与性能优化。
5、编程与仿真能力
熟练掌握C/C++，具备良好的代码规范与调试能力；熟悉嵌入式开发工具链。
熟练使用MATLAB/Simulink、Python进行运动学 / 动力学建模、轨迹仿真与算法验证。
6、综合素养
具备较强的独立分析与解决问题的能力，能快速排查软件与硬件故障。
工作严谨细致，有责任心，具备良好的团队协作与沟通能力；有工业自动化、机器人、智能装备领域开发经验者优先。",MATLAB Python Linux RTOS CAN 单片机 STM32 C++ 技术支持 需求分析 技术文档,https://jobs.51job.com/kunshan/170893029.html?s=sou_sou_soulb&t=0_0&req=f7e245b9a0509b224086d9884ac3a2b3
软件设计工程师,江苏华羲动能科技,1.2-2.4万,苏州,昆山,本科,3年及以上,2026-07-02 13:50:20,job51,"岗位职责
1、BSP、驱动、应用程序等软件产品研发；
2、参与产品故障诊断、功能和性能验证；
3、编写软件产品用户手册以及各种相关文档；
4、协助技术支持部门进行现场和非现场技术支持、客户培训；
5、维护软件代码库，软件发布记录，版本快照，修订历史等研发文档；
6、及时学习和掌握最新的产品和技术、扩展知识面；
7、与公司内部其他同事积极配合，形成团队作战；
8、及时向上级汇报工作进展，保证研发和技术支持进度顺利进行。


任职要求
1、电子、计算机、通讯或者相关专业大学本科以上学历；
2、3年以上嵌入式软件研发经历；
3、应掌握至少一门主流编程语言，如C/C++、Python等，并熟悉软件工程的基本理论和开发流程，包括但不限于需求分析、系统设计、编码实现、测试验证等环节。此外，对于面向对象编程、设计模式、软件架构等高级概念也应有所了解。
4、有一年以上混合动力系统（或类似复杂系统）的软件开发经验优先录取；
5、应具备处理复杂系统级问题的经验，如系统故障排查、性能优化和安全性提升等。",C++ Python 技术支持 培训 需求分析 故障排查,https://jobs.51job.com/suzhou/170826168.html?s=sou_sou_soulb&t=0_1&req=f7e245b9a0509b224086d9884ac3a2b3
电子工程师,苏州嘉励自动化科技,1.2-1.7万·13薪,昆山,昆山,本科,3年及以上,2026-08-06 14:26:08,job51,"岗位职责：
1、负责产品原理图及PCB Layout设计、元器件选型、PCBA打样与电气性能验证；
2、负责STM32等主流单片机平台的嵌入式软件开发、调试及外设驱动开发；
3、负责产品开发阶段的软硬件联调与测试验证，解决研发及量产过程中的电子相关问题；
4、编制产品相关技术文档（原理图、配线图、BOM、Gerber文件等）；
5、协同生产、品质等部门完成量产导入、测试工艺优化及电子检验规范制定；
6、参与行业前沿电子技术调研与预研，推动产品硬件升级与技术创新。
任职要求：
1、35岁以内，本科及以上学历，电子、自动化等相关专业；
2、3年以上电子工程相关工作经验，能独立完成产品开发；
3、精通模电、数电，具备复杂电路设计能力；
4、熟练使用Altium Designer等PCB设计软件，掌握PCB Layout及信号完整性知识；
5、精通STM32单片机及外设开发，熟练使用Keil、IAR，掌握C语言；
6、具备软硬件联调能力，了解EMC/安规设计规范；
7、有机器视觉、光源控制器、传感器相关产品开发经验者优先。",STM32 单片机 C语言 技术文档 BOM IAR,https://jobs.51job.com/kunshan/173176480.html?s=sou_sou_soulb&t=0_0&req=f7e245b9a0509b224086d9884ac3a2b3
S/W 汽车车灯软件设计工程师,昆山琉明光电,2-4万,昆山,昆山,本科,5年及以上,2026-07-06 14:53:49,job51,"岗位职责:
1.分析车灯产品对MCU的驱动和应用需求，将客户功能列表转为详细需求文档。
2.MCU软件概要设计，详细设计与编码调试、参与软件版本集成、自测试。
3.常见CAN/Uart/I2C/等驱动调试、应用。
4.Bug分析调试解决，输出解决方法说明，严重 bug输出FTA报告;
5.适当修改CAN控制上位机软件，满足软件自测试条件。
6.负责车灯控制器解读需求，根据需求完成车灯控制策略;
7.负责车灯控制器产品软件开发;
8.进行软件集成调试工作;
9.跟踪相关软件的各环节测试工作;
10.编写软件相关说明书
任职要求：
1.本科以上学历，电子计算机相关专业，CET4以上。
2.汽车电子软件经验5年以上。
3.了解ASPICE流程的MCU软件设计，做过车灯产品优先。
4.掌握Autosar系统的驱动和应用软件设计。
5.RENESAS RH850/NXP-S32K/Infineon-TC2x-种或几种MCU软件设计经验。
6、熟悉车灯控制器的功能特点和开发流程，对车灯控制逻辑有深入了解;;
7、具有扎实的汽车电控系统知识，熟练C语言编程和matlab simulink、CANOE、VehicleSPY等设计工具;
8、有主流汽车前大灯项目量产经验者优先
9、有光学设计经验优先",MCU CAN UART I2C SPI C语言 MATLAB,https://jobs.51job.com/kunshan/172807161.html?s=sou_sou_soulb&t=0_0&req=f7e245b9a0509b224086d9884ac3a2b3
硬件工程师,苏州普热斯勒科技集团,1.5-2.5万,昆山,昆山,本科,3年及以上,2026-07-22 12:16:05,job51,"1、负责机器人产品所需的各类电路板的设计和开发（如，电机驱动器、编码器、采集板等）；								
2、负责各类PCB板元器件的造型、原理图的设计及BOM整理。								
3、制作电子电路的原型，并进行实验和现场测试，以验证设计的有效性。								
4、分析测试数据，识别潜在问题并提出改进建议；								
5、编写详细的电子电路设计文档，包括电路图、原理图和技术报告。								
6、领导安排的其他事项。								
								
								
								
1、本科及以上学历。								
2、三年以上电机驱动器硬件设计经验，具备独立开发的能力。								
3、精通模拟电路，数字电路设计，具备扎实的硬件电路基础。								
4、精通PCB加工工艺和PCBA焊接工艺。								
5、熟练使用示波器，频谱仪，AC,DC source，电子负载，温箱等常用测试设备。								
6、对新兴技术和行业趋势保持敏感，并有持续学习的意愿；								
7、具备良好的团队合作和沟通能力，具备良好的学习和创新能力。",AC DC source,https://jobs.51job.com/kunshan/173000853.html?s=sou_sou_soulb&t=0_0&req=f7e245b9a0509b224086d9884ac3a2b3
运控软件工程师（苏州）,深圳市华拓半导体技术,1.3-2.5万,昆山,昆山,本科,3年及以上,2026-08-06 11:22:47,job51,"岗位职责：
1、参与项目需求分析,制定项目所需的运动控制方案；
2、负责基于PCI运动控制卡的算法开发，动作流程和逻辑规划，以及异常机制保护；
3、通过光源控制器或位置比较触发等硬件实施光源和相机的控制，实现高速稳定的相机点拍和飞拍功能；
4、结合机器视觉定位、测高传感器等标定方法，实施精度补偿；
5、应用驱动器、力传感器等方案，实施力/力矩控制和保护功能开发；
6、运控性能测试与优化，以及动作并行流程优化，优化设备的精度、速度和稳定性；
7、指导配合软件测试工程师完成运动控制模块的测试；按规范编写相应的技术文档；
8、客户与售后问题支持。

任职要求：
1、自动化、测控、软件、计算机及其相关专业，本科以上学历。
2、三年以上运动控制软件开发工作经验，精通C#/C++编程语言，精通wxWidgets和Qt库；精通软件项目管理和Git版本管理应用；
3、精通固高、雷赛PCI运动控制卡、IO模组、以及，传感器AD转换模块的应用编程；
4、精通现场总线等网口、RS232和USB等串口通信模块的应用编程和测试；
5、精通伺服电机、直线电机、音圈电机的控制调试等控制应用与开发；
6、精通半导体设备和非标自动化设备的运控开发和相关安全标准；
7、具有优秀的需求分析、风险评估、敏捷项目和实际应用经验；
8、熟悉软件开发、测试和发布流程管理；熟悉软件开发文档的编写规范；
9、工作积极主动，严谨细致，善于沟通，刻苦钻研，思维敏捷，逻辑和创新思维能力强。",C# C++ Git 需求分析 性能测试 流程优化 技术文档 项目管理 版本管理,https://jobs.51job.com/kunshan/172890224.html?s=sou_sou_soulb&t=0_0&req=f7e245b9a0509b224086d9884ac3a2b3
电机控制算法工程师,苏州一卓工业技术,1千/天,昆山,昆山,本科,3年及以上,2026-07-14 22:07:22,job51,"岗位职责:
1、负责无刷电机控制算法和控制器功能方面的软件开发:
2、负责在单片机系统进行开发，能够进行逻辑控制，算法设计，以及可靠性设计:
3、熟悉永磁同步电机控制算法(Field-Oriented Control,FOC)技术进行电机控制;
4、负责扭矩及压力传感器的应用，以实现电机转速和位置的精确控制;
5、参与不同类型电机的软件调试工作，包括后期的测试和认证等,协助电机驱动控制系统的软件性能测试方案的制定，并指导测试部门完成各项测试:
6、熟悉电子电路，能看懂电机驱动控制器硬件原理图。

岗位要求
1、本科及以上学历，电子工程、自动控制、电子控制、电气工程等相关专业，3年以上工作经验，优秀者可放宽:2、了解BLDC电机、永磁同步电机工作原理，有电机驱动开发相关经验
3、具有无感FOC电控系统软件项目开发经验优先
4、熟悉ST、TI、英飞凌等MCU微处理器，熟悉MCU架构及嵌入式系统，熟悉UART、SPI、I2C、DMA等嵌入式系统常用外设
5、熟悉C、Matlab等编程语言和仿真软件。",单片机 MCU UART SPI I2C MATLAB 性能测试,https://jobs.51job.com/kunshan/171970105.html?s=sou_sou_soulb&t=0_0&req=f7e245b9a0509b224086d9884ac3a2b3
高级电子硬件工程师,深圳市思榕科技,3.5-5万,昆山,昆山,大专,8年及以上,2026-06-16 10:31:26,job51,"岗位职责：
1. 具有 8 年以上硬件设计经验，对大客户的3 年以上 OLED 显示屏驱动，测试经验，涉及 Phone, iPad, Watch，Mac 等 多种显示屏的驱动与测试项目; 
2. 具备丰富的硬件设计与团队管理经验，能主导设计前期工作。精准挖掘客户需求，输出满足客户核心诉求的 设计方案与产品方案，保障项目设计方向的准确性；
3. 具备硬件系统搭建与新产品规划实战经验，通过分析与洞察市场需求，主导新产品开发规划及系统架构搭 建，为产品落地与市场拓展提供核心支撑；
4. 拥有高速信号硬件开发实战经验，基于 DP、MIPI 信号的显示屏驱动测试类产品，具备攻克高速信号 相关技术难点的研发设计能力与问题处理能力； 
5. 精通数字与模拟电路设计，熟练掌握 MCU、电源管理、ADC/DAC、运算放大器、串口通讯及网络通讯等核 心模块的电路设计； 
6. 精通 STM32、新唐、华大等品牌 ARM 架构单片机与 FPGA，具备其嵌入式系统及外围电路的设计与调试能 力，可熟练处理 I2C、UART、SPI、网口等接口的通讯开发；
7. 熟练掌握 Altium Designer、Protel 99、Cadence 等主流电路设计软件，能独立完成从原理图绘制到 PCB 布局布线的全流程设计； 
8. 熟练操作示波器、信号发生器、数字万用表等测试测量仪表，可高效完成硬件功能调试与性能验证工作；
9. 熟练使用 SolidWorks 软件，具备基础结构设计能力，可配合硬件需求完成简单结构方案的设计与优化。 

任职要求：
1.统招大专及以上学历，电子专业；
2.八年以上非标行业显示屏驱动测试经验；
3.优先考虑有FPGA驱动、OLED屏幕相关的经历。",MCU STM32 ARM 单片机 FPGA I2C UART SPI 团队管理 产品规划,https://jobs.51job.com/kunshan/172570635.html?s=sou_sou_soulb&t=0_0&req=f7e245b9a0509b224086d9884ac3a2b3
EE电子工程师 (base 昆山),友达光电（苏州）,1.4-2.5万·13薪,昆山,昆山,本科,5年及以上,2026-07-20 10:15:18,job51,"岗位职责：
1.电路设计与优化：负责液晶显示模组、触控屏电子部件、测试系统之评估、电路设计、问题解决及改善；新材料开发验证等
2.元件选型与验证：液晶显示模组、触控屏产品电子部件的元件选型、电路设计。
3.测试系统开发：设计液晶显示模组驱动测试板及测试仪器的电路及程序设计。
4.客户与供应商技术支持：新产品样品性能测试及设计问题解决，新产品阶段客户设计、供应商技术问题沟通与支持
5.跨部门协作与文档管理：参与和发起部内/外部门的技术讨论和沟通，新产品开发流程文件及技术文档的制作和更新。
6.创新与专利开发：电子件新厂商、新材料之开发验证及导入，专利提案发想及撰写。


任职要求：
1.5年以上面板业EE工作经验
2.具备电子电路提案/设计/验证/分析能力，熟悉高速信号产品设计验证(MIPI/eDP/LVDS/HDMI)。
3.熟悉电路发包：电路供应商洗板打件流程
4.熟悉面板模块绑定：COF、COF、FOB、COB。
5.熟悉高速讯号产品设计验证：MIPI/eDP/LVDS/HDMI
6.熟练设计硬件，OrCAD电路原理图、Allegro Layouut
7.熟练C语言编程、I2C、SPI等通信协议
8.熟练操作焊接，电烙铁、热风枪
9.熟练操作示波器、电压表、电流表、CA310、差分讯号眼图频宽
10.熟悉可靠性验证，RA、EMI、ESD、audiobo noise
11.熟悉电子产品等级，车规、消费规、工控规、AECQ100
12.熟悉驱动IC半导体，制程、封装，测试，验证",C语言 I2C SPI 技术支持 性能测试 跨部门协作 技术文档 专利 产品设计,https://jobs.51job.com/kunshan/172965829.html?s=sou_sou_soulb&t=0_0&req=f7e245b9a0509b224086d9884ac3a2b3
变频器-高级硬件工程师,苏州九驭智控科技,1.5-2.5万,昆山,昆山,本科,3年及以上,2026-07-30 16:45:28,job51,"【岗位职责】
1.方案设计：&nbsp;负责380V交流变频器产品的硬件总体方案设计，包括拓扑结构选择、功率器件选型及系统指标评估。
2.电路设计：&nbsp;负责变频器主回路（整流、逆变、制动单元）、控制板及驱动板的原理图设计，包括IGBT/SiC驱动电路、采样电路（电压/电流/温度）、保护电路及DSP/MCU外围电路设计。
3.PCB设计：&nbsp;指导并审核多层PCB Layout设计，特别是对高电压、大电流及高频信号的抗干扰布局和安规走线进行把控。
4.器件选型：&nbsp;负责核心元器件（IGBT、IPM、电解电容、磁元件、传感器等）的评估、选型与降额设计。
5.测试与调试：&nbsp;负责硬件样机的单板调试、系统联调以及型式试验，包括高压测试、温升测试、EMC/EMI测试及安规测试，并主导问题整改。
6.文档编写：&nbsp;编写并归档硬件设计规范、测试报告、BOM表及生产指导文件，协助生产部门完成产品导入（NPI）。
【任职要求】
1.学历背景：&nbsp;电气工程、自动化、电力电子与电力传动等相关专业，本科及以上学历。
2.工作经验：&nbsp;具有3年以上380V变频器、伺服驱动器、UPS或光伏逆变器硬件开发经验，有成功量产项目经验者优先。
3.专业知识：
（1）精通380V等级变频器硬件架构，熟悉三相整流、逆变电路工作原理；
（2）深入理解IGBT/IPM等功率器件的特性、驱动设计要求及死区效应；
（3）熟悉380V系统的安规设计规范（电气间隙、爬电距离、绝缘耐压等）及热设计；
（4）熟悉模拟与数字电路设计，了解电流/电压采样及信号调理电路。
4.工具技能：&nbsp;熟练使用Altium Designer、Cadence或PADS等EDA设计软件；熟练使用示波器、功率分析仪、耐压测试仪等测试设备。
5.综合素质：&nbsp;具备良好的英文阅读能力（能阅读英文元器件数据手册及应用笔记），较强的逻辑分析与动手能力，良好的团队协作精神。",DSP MCU 方案设计 文档编写 IGBT IPM EMC NPI,https://jobs.51job.com/kunshan/173102525.html?s=sou_sou_soulb&t=0_0&req=f7e245b9a0509b224086d9884ac3a2b3
马达工程师,江苏嘉之瑞电子科技,1.5-2.2万,昆山,昆山,本科,3年及以上,2026-06-26 11:09:03,job51,"一、岗位职责
1. 电机本体设计：负责BLDC无刷直流电机（单相、三相，4槽4极、6槽4极等）的本体开发工作，包括电机结构设计、电磁方案设计及电机各性能参数仿真。

2. 电磁仿真与优化：使用电磁仿真软件（如ANSYS Maxwell、JMAG等）进行2D/3D磁路仿真分析，完成电机方案设计、电磁噪音分析及优化。

3. 电机NVH分析与控制：负责电机产品的振动噪声（NVH）评估与优化，通过结构共振分析、电磁力谐波分析等手段，解决电机运行中的噪音与振动问题。

4. 样品测试与验证：负责BLDC电机样机测试、性能数据分析及验证，根据产品要求完成电机性能标定。

5. 量产技术支持：负责解决量产电机中存在的技术问题与改进，跟进产品从设计到量产的全过程。

6. 技术文档与规范：撰写产品开发相关技术文档，维护公司专业技术库。

二、任职要求
1. 学历专业：本科及以上学历，电机与电器、电气工程、机械设计、机电一体化、自动化等相关专业。

2. 工作经验：3年以上BLDC/PMSM等永磁无刷电机设计和开发经验，有散热风扇电机开发及量产项目经验者优先。

3. 电磁设计能力：
精通BLDC电机电磁原理，熟悉定子、转子、漆包线、磁体设计及匹配要求；
熟练使用ANSYS Maxwell等电磁仿真软件进行电机设计与分析。

4. NVH专业能力：
具备电机振动噪声分析的理论基础与实践经验，熟悉噪声源识别和抑制策略；
能通过仿真与测试手段分析和解决电机NVH问题。

5. 结构设计能力：熟练使用SolidWorks、ProE/Creo、CAD等三维设计软件，能独立完成电机结构设计。

6. 控制技术：熟悉BLDC电机方波控制原理，了解电机驱动与控制方案。

7. 行业知识：熟悉散热风扇的空气动力学原理、叶轮设计理论者优先；了解相关行业标准（如UL、CE等）者优先。

8.综合素质：具备良好的沟通能力、团队协作能力及抗压能力，责任心强。",方案设计 数据分析 技术支持 技术文档 Maxwell NVH ProE Creo,https://jobs.51job.com/kunshan/172699862.html?s=sou_sou_soulb&t=0_0&req=f7e245b9a0509b224086d9884ac3a2b3
电源-高级硬件工程师,苏州九驭智控科技,1.5-2.5万,昆山,昆山,本科,5年及以上,2026-07-30 16:50:00,job51,"【岗位职责】
1.方案设计：负责380V AC（三相输入）或高压直流输入的开关电源（如大功率AC/DC电源、整流器、逆变器前级等）的硬件架构设计与方案评估。
2.电路设计：完成开关电源的原理图设计，包括EMI滤波、PFC（功率因数校正）电路、隔离型DC-DC主功率拓扑（如LLC、移相全桥、正激、反激等）的设计。
3.器件选型与计算：负责高压大功率器件（如IGBT、SiC MOSFET、高压电解电容、磁性元件）的选型、参数计算与降额评估；主导高频变压器、电感等磁性元件的设计与打样跟进。
4.PCB审查与指导：指导并审核PCB Layout工程师进行高压大电流电路的布线设计，确保满足高压安规距离、EMC及散热要求。
5.调试与测试：负责样机的单板调试、功率环路测试、保护功能验证（如OVP, OCP, OTP）；主导EMC（传导、辐射）测试与整改，以及热测试与安规测试。
6.文档编写：输出完整的技术文档，包括设计规范、BOM表、测试报告、生产导入文件等，协助生产部门完成转产。
7.前沿预研：跟踪行业最新功率器件（如第三代半导体SiC/GaN）及电源拓扑技术，持续优化产品的效率、功率密度和成本。
【任职要求】
1.学历及专业：全日制本科及以上学历，电力电子、电气工程、自动化、电子信息等相关专业。
2.工作经验：具有5年以上开关电源硬件研发经验，其中至少3年以上380V AC输入或高压大功率开关电源（如3kW以上）独立开发经验。
3.核心技能：
（1）精通三相380V输入开关电源的系统架构，熟练掌握无桥/两电平/三电平PFC及LLC/移相全桥等主流拓扑的工作原理及设计方法。
（2）具备扎实的高压电路设计基础，熟悉高压大功率磁性元件（变压器、电感）的设计与工艺。
（3）熟悉SiC MOSFET或IGBT的驱动设计、特性分析及应用电路。
4.安规与EMC：熟悉国内外高压安规标准（如IEC/EN/UL 62368, IEC 61010等），具备丰富的EMC（传导、辐射、静电、浪涌等）设计与整改实战经验。
5.工具软件：熟练使用Altium Designer/Cadence等EDA设计软件；熟练使用Sabre/PSIM/Matlab等仿真工具进行电路仿真；熟悉示波器、功率分析仪、电子负载等测试仪器的使用。
6.综合素质：具备较强的逻辑分析能力、动手调试能力、团队合作精神及抗压能力。",GAN MATLAB 方案设计 文档编写 技术文档 AC PFC SiC,https://jobs.51job.com/kunshan/173102650.html?s=sou_sou_soulb&t=0_0&req=f7e245b9a0509b224086d9884ac3a2b3
硬件工程师(J10761),苏州东山精密制造,3.5-5万,苏州,昆山,本科,8年,2026-06-23 14:10:05,job51,"工作职责:
1.负责整机或核心模组的硬件架构设计：负责人形机器人的整机电气架构设计，包括关节模组、驱动电路、电源管理系统（BMS）等核心模块的方案设计、器件选型与原理图绘制
2.主导PCB设计与仿真验证：完成高复杂度（如4层及以上）的PCB布局与布线，并进行信号完整性（SI）、电源完整性（PI）及热管理仿真，确保设计满足EMC/EMI等规范要求 
3.负责硬件的测试、调试与问题攻关：制定硬件测试方案，搭建测试环境，完成样机的功能调试、环境可靠性测试及EMC整改，并主导解决开发及生产过程中的硬件故障
任职资格:
1.本科及以上学历优先，电子工程、自动化、机械电子等相关专业。需具备扎实的数字/模拟电路、电力电子等理论基础
2.熟练掌握Altium Designer、Cadence等EDA工具进行原理图和PCB设计，具备丰富的多层板设计经验 
3.熟悉机器人传感器（如激光雷达、IMU、摄像头）的选型与集成，了解热设计，并拥有完整的产品开发到量产的项目经验
4.熟悉ARM（如STM32）、DSP或FPGA等主流处理器的外围电路设计，并掌握UART、I2C、SPI、CAN、EtherCAT等通信协议",ARM STM32 DSP FPGA UART I2C SPI CAN 方案设计,https://jobs.51job.com/suzhou/172652762.html?s=sou_sou_soulb&t=0_1&req=f7e245b9a0509b224086d9884ac3a2b3
系统控制工程师,江苏建安泵业制造,1-2万,昆山,昆山,大专,3年及以上,2026-07-03 15:26:16,job51,"岗位职责：
1.负责水泵成套设备电控系统方案设计、选型开发，配套异步 / 永磁 / 防爆 / 屏蔽电机控制，包含 PLC 程序编写、变频器参数匹配、电机驱动控制方案设计，根据不同泵工况优化启停、调速、保护逻辑。
2.负责电控元器件、变频器、传感器、防爆电气配件选型，参与电控供应商评估审核，编制控制柜接线标准、成套装配工艺、出厂检验规范，把控电控成套全流程质量控制点。
3.解决泵组整机配套电气技术问题，包含柜内接线调试、整机联动调试、现场故障诊断、变频器与电机匹配异常处理，提供厂内及项目现场电气技术支持。
4.跟踪工控、变频、电机驱动行业新技术，开展技术调研优化，推进电控系统节能控制、防爆电控集成、自动化联动方案升级迭代。
5.编制电控全套技术资料：电气原理图、接线图、PLC 程序、控制柜 BOM、调试手册、出厂测试报告、防爆电气验收资料，保证图纸程序完整规范、资料准确可追溯。
任职资格：
1.电气工程、电气自动化、机电一体化等相关专业。
2.专业技能：精通 PLC 编程（西门子 / 三菱 / 汇川等至少一种）、变频器调试与电机匹配控制，熟悉三相异步、永磁同步电机驱动逻辑；能使用 CAD/EPLAN 绘制电气图纸，掌握泵组恒压、变频联动控制方案，懂防爆电气规范优先。
3.经验要求：3 年及以上泵类 / 流体设备电控成套设计调试经验，熟悉电机变频控制系统、防爆电控配套者优先。
4.能力素质：具备独立故障排查、现场调试能力，沟通协调良好，团队协作意识强。
其他要求：熟悉电气国标、防爆电气、低压成套相关标准规范，学习能力强，具备自动化方案创新优化思维。
薪资：10k-20k，每月薪资以工作内容考核结果为准，有能力者薪资皆有可能。",方案设计 技术支持 故障排查 PLC BOM CAD EPLAN,https://jobs.51job.com/kunshan/172773410.html?s=sou_sou_soulb&t=0_0&req=f7e245b9a0509b224086d9884ac3a2b3
测试验证专家-BMS&三电控制器(J10907),苏州东山精密制造,3-5万,昆山,昆山,本科,5年及以上,2026-07-16 09:53:47,job51,"工作职责:
1.测试策略与全链路平台规划：负责BMS及三电控制器测试验证策略制定，涵盖MIL/SIL/HIL全链路测试环境规划（含实验室建设）、测试层级划分（单元/集成/系统）及测试用例架构设计，输出测试方案与计划文档；
2.软件测试验证：负责BMS软件测试验证，包括静态代码分析、单元测试、接口测试、功能逻辑测试、故障注入测试及资源开销测试（CPU负载、堆栈、内存），确保软件质量达标；
3.MIL/SIL/HIL系统集成测试：搭建并维护MIL/SIL/HIL全链路测试环境（含电池模拟器、高压源、负载箱、通信仿真等），执行系统集成测试，覆盖上下电时序、SOX算法、均衡策略、故障保护、通信诊断及功能安全机制等系统级验证；
4.功能安全与EMC测试：按ISO 26262要求执行功能安全测试（安全机制验证、故障注入测试、安全目标覆盖），参与EMC测试（辐射发射/抗扰、传导发射/抗扰、静电放电等）；
5.DV/PV及整车测试支持：负责DV/PV阶段硬件（电压精度、功耗、绝缘、环境可靠性）与软件（通信异常、控制精度、响应延迟）相关问题分析与闭环，支持整车标定及冬季/夏季路试中的测试问题定位；
6.自动化测试平台建设：搭建并维护自动化测试平台（Python/CAPL脚本开发、测试序列编写、CI/CD流水线集成），实现回归测试自动化，提升测试效率与覆盖率；
7.测试DFMEA与可靠性分析：主导测试维度DFMEA，识别测试覆盖缺口与潜在风险，优化测试用例集并建立测试覆盖度度量体系；
8.生产与EOL测试支持：协同工艺与生产部门制定生产测试规范（ICT、FCT、老化、EOL刷写与配置校验），支持试产与量产过程中的测试异常分析
任职资格:
1.本科及以上学历优先，电子、自动化、测控、车辆工程、计算机等相关专业；
2.本科8年以上/硕士5年以上BMS或汽车电子测试验证经验，至少2个完整BMS或域控制器量产项目测试全流程经验；
3.硬件测试能力：精通BMS硬件测试方法（精密测量、示波器/频谱仪/功率分析仪使用、环境可靠性测试、绝缘耐压测试），熟悉电源/采样/通信/驱动等硬件规格验证，具备一定的硬件问题定位分析能力；
4.软件测试能力：精通软件测试方法（静态分析、单元测试、接口测试、功能测试、故障注入），熟练使用QAC/PC-lint、Tessy、VectorCAST等测试工具，具备CAPL/Python/ECUTEST自动化脚本开发能力；
5.全链路测试能力：熟练搭建MIL/SIL/HIL全链路测试环境（dSPACE/NI/ETAS等平台），精通上下电时序、SOX算法、均衡策略、诊断通信、功能安全机制等系统级验证方法，具备实验室规划建设能力；
6.标准与规范：熟悉ISO 26262功能安全测试要求及CISPR 25/ISO 11452等EMC标准；掌握DFMEA分析方法及测试覆盖度评估体系，具备测试策略规划与团队指导能力；
7.具备系统思维与跨部门协作能力，优秀的测试文档编写与问题闭环推动能力；持有ISO 26262功能安全工程师认证、熟悉ASPICE流程、具备CI/CD自动化测试实践经验者优先",Python CI/CD DSP SPI 测试用例 自动化测试 功能测试 跨部门协作 文档编写,https://jobs.51job.com/kunshan/172929304.html?s=sou_sou_soulb&t=0_0&req=f7e245b9a0509b224086d9884ac3a2b3
嵌入式软件开发,腾飞科技,1.2-1.9万,昆山,昆山,本科,1年及以上,2026-06-15 16:50:19,job51,"1. 负责基于 STM32/ESP32 等MCU的嵌入式软件开发，实现传感器数据采集、处理及无线传输（BLE/WiFi）。
2. 软硬联调与优化：负责软硬件联调，解决信号干扰、功耗优化及生产一致性等问题，确保产品性能达标。
3. 技术协作：与全栈工程师紧密配合，定义数据规范和数据协议，参与产品定义与技术评审。

学历背景：本科及以上学历，电子、通信、自动化、微电子等相关专业。
经验要求：1年以上嵌入式软件开发经验，有实际量产或原型机开发经验者优先。
精通 STM32 或 ESP32 系列芯片开发，熟悉ESP-IDF等IDE，能够完成测试软件开发。
具备良好的文档编写习惯。
有智能服装、柔性传感、智能可穿戴项目经验。
熟悉心率（PPG）、心电（ECG）、肌电（EMG）等生物信号采集电路的设计与噪声抑制者优先。",STM32 MCU WiFi 数据采集 文档编写 ESP32 BLE PPG,https://jobs.51job.com/kunshan/172562864.html?s=sou_sou_soulb&t=0_0&req=7c588fc6e607ac90e5c5d3a4f1ae462f
前期质量工程师,绿擎汽车科技（昆山）,1.2-2万,昆山,昆山,大专,3-8年,2026-08-06 11:35:33,job51,"岗位职责：
1.负责汽车电子执行器产品的前期研发质量策划与风险识别
2.主导新产品开发阶段的质量门评审，确保符合APQP、FMEA、PPAP等研发质量管理流程
3.协同研发团队完成设计验证计划与报告，确保关键指标达成率
4.定期参加项目会议，主导质量issuelist会议，并跟踪问题关闭

任职要求：
1.具备3-8年汽车电子执行器、传感器、涡轮增压器、电子水泵或电驱动产品前期研发质量管理经验
2.熟练掌握APQP、FMEA、MSA、SPC、PPAP等核心质量工具与方法
3.拥有主导至少2个完整汽车电子产品项目从设计到量产的质量管理经验
4.大专及以上学历，机械、电子、车辆工程等相关专业，具备良好的跨部门沟通能力",FMEA MSA SPC,https://jobs.51job.com/kunshan/173173340.html?s=sou_sou_soulb&t=0_0&req=7c588fc6e607ac90e5c5d3a4f1ae462f
AI算法工程师,苏州铠策微机械科技,1.5-2万,昆山,昆山,硕士,3年及以上,2026-08-01 17:07:01,job51,"岗位职责：
1. 核心算法开发与优化
1.1. 实现并优化计算机视觉算法，包含球体跟踪、球员标记与跟踪、攻守转换识别（基于行为模式与位置逻辑的实时判断）。
1.2. 设计动作识别模型，包含射门/传球等关键时序动作检测/分类、动作质量评估。
1.3. 实现事件驱动的视频剪辑，包含事件发生的时空定位、自动生成精彩片段（基于事件重要性评分）。
2. 群体行为分析
2.1. 构建攻守阵型识别模型，包含球员位置聚类与阵型模式提取、阵型动态变换检测。
2.2. 开发战术分析工具，包含热点图生成（基于球员移动密度）、战术路径可视化（如传球网络图）。
3. 工程化落地
3.1. 将算法部署至移动端/云端（TensorRT、ONNX优化），及提供安卓/后端开发人员调用接口。
3.2. 设计低延迟处理流水线。

任职要求：
1. 硕士以上学历，软件、计算机、模式识别、深度学习相关专业。
2. 必备基本技能：3年以上AI开发经验，主导过计算机视觉项目，精通Python/C++，熟悉PyTorch/TensorFlow框架；
3. 必备专业技能：掌握目标检测、复杂场景下的多目标跟踪、有时序动作识别经验、熟悉视频处理技术及性能优化。
4. 加分项：有体育视频AI分析经验。
5. 能快速将运动领域需求转化为技术方案，跨团队协作能力（与产品、标注团队配合）。",计算机视觉 ONNX 深度学习 Python C++ PyTorch TensorFlow 技术方案,https://jobs.51job.com/kunshan/173120067.html?s=sou_sou_soulb&t=0_0&req=7c588fc6e607ac90e5c5d3a4f1ae462f
嵌入式助理工程师,江苏埃施朗电气,4.5-9千,昆山,昆山,本科,无需经验,2026-08-03 10:12:35,job51,"岗位职责
1、协助主办工程师自研硬件产品的嵌入式软件开发。
2、配合部门经理参与需求定义和方案讨论。
3、按照项目需求独立完成系统框架设计、代码开发、自测和系统联调工作。
4、负责产品的测试、维护以及协助主办工程师bug修复。
5、根据公司流程输出相关技术文档。
6、完成领导分配的其他任务。
任职要求
1、本科及以上学历，计算机、电子、通信、自动化等相关专业，参加过全国大学生编程竞赛优先考虑。 
2、精通C/C++语言，精通嵌入式linux软件开发，有良好的编程风格和习惯。 
3、精通ARM架构Linux系统软件开发调试方法。 
4、熟悉各种接口协议，如I2C、SPI、USB、UART等。 
5、具备复杂问题的分析能力和组织攻关能力。 
6、具有积极的工作态度、强烈的责任心和团队合作精神，有良好的沟通能力，能适应短期出差。",C++ 嵌入式Linux ARM Linux I2C SPI UART 技术文档,https://jobs.51job.com/kunshan/172776910.html?s=sou_sou_soulb&t=0_0&req=7c588fc6e607ac90e5c5d3a4f1ae462f
agv调度工程师,江苏立讯机器人,1-1.5万,昆山,昆山,本科,3年及以上,2026-08-07 09:51:27,job51,"【岗位职责】
1. 负责RCS（Robot Control System）调度系统核心功能的设计与开发，实现多品牌、多型号AGV/AMR的统一接入、协同调度与运行管理。
2. 负责路径规划、任务分配、交通管制、资源锁定、实时避障、死锁检测与解除等核心调度算法的开发和优化。
3. 基于VDA5050等行业标准协议，开发AGV车队管理及设备接入功能，实现异构机器人协同作业。
4. 负责RCS高并发实时通信、任务异步分发、运行状态管理及分布式服务等后台功能的开发与优化。
5. 参与系统架构设计、数据库设计、接口设计及性能调优，持续提升系统的稳定性、实时性和可扩展性。
6. 负责项目现场的系统部署、地图配置、参数调试、联调测试、性能优化及客户验收，能够适应短期出差。
7. 编写系统架构说明、API接口文档、部署手册、调试指南等技术资料，为项目实施和交付提供支持。
8. 参与调度算法仿真验证、故障分析及系统持续改进，保障项目稳定交付和现场高效运行。
【任职要求】
1. 本科及以上学历，计算机、软件工程、自动化、物流工程、机器人等相关专业，具有3年以上AGV、AMR、RCS或机器人调度系统开发经验。
2. 熟练掌握Go开发语言。
3. 具有高并发、实时系统及多线程开发经验，熟悉常用软件架构、设计模式和分布式系统设计。
4. 熟悉AGV/AMR调度业务，掌握任务分配、路径规划、交通管制、动态避障、资源锁定及死锁预防与解除等核心逻辑。
5. 熟悉A*、Dijkstra、最短路径、拓扑排序、连通性检测等图算法，并能够将其应用于仓储路网建模和动态路径规划。
6. 熟悉VDA5050协议规范；具备基于VDA5050的RCS系统实施经验者优先。
7. 熟悉TCP/IP、UDP、MQTT等通信协议，以及Modbus TCP、OPC UA、S7、PLC通信等工业协议。
8. 熟悉RESTful API、WebSocket等接口开发。
9. 熟悉PostgreSQL、MySQL等关系型数据库的设计与优化，能够完成复合索引设计并处理高频状态更新场景。
10. 熟练使用Redis实现分布式锁、任务队列和实时状态缓存；熟RabbitMQ、Kafka、RocketMQ等消息中间件及事件驱动架构。
11. 掌握Docker、Kubernetes等容器化部署技术，了解微服务架构及CI/CD
流程。
12. 熟悉Linux环境，具备Shell或Python自动化脚本编写、系统部署和基础运维能力。
13. 具备良好的系统分析、问题定位和工程交付能力，能够独立完成部署、调试、联调及客户验收工作。
14. 具备良好的沟通协作能力、责任心和技术文档编写能力，能够适应项目现场短期出差。
15. 具备以下经验者优先：
- 多厂商、多型号AGV/AMR接入及协议适配经验；
- 仓储物流效率优化或智能制造项目经验；
- 调度算法仿真系统开发及性能测试经验；
- 运筹优化、机器学习、强化学习、神经网络或边缘计算相关实践经验",高并发 分布式 Go TCP/IP MQTT Modbus WebSocket PostgreSQL MySQL Redis RabbitMQ Kafka RocketMQ Docker Kubernetes 容器化 微服务 CI/CD Linux Shell Python 机器学习 技术文档 性能测试,https://jobs.51job.com/kunshan/173145968.html?s=sou_sou_soulb&t=0_0&req=7c588fc6e607ac90e5c5d3a4f1ae462f
销售工程师,昆山联滔电子,1.3-1.8万,昆山,昆山,本科,4年及以上,2026-08-08 09:39:09,job51,"岗位职责：
1. 负责欧美头部终端客户开发与长期维护，推广天线、通讯消费电子新技术与新产品；
2. 独立完成客户需求对接、方案报价、商务谈判，全程跟进项目进度、交付及回款全流程；
3. 联动研发、供应链团队快速处理客户各类诉求，提升客户满意度与合作粘性；
4. 完成区域销售业绩指标，持续挖掘客户增量项目，驱动业务稳定增长。
任职要求
1. 本科及以上学历，专业不限；
2.4年以上天线/通讯/消费电子行业销售工程师经验，3年欧美大客户服务经验优先；
3. 英语听说读写流利，可独立作为商务工作语言对接海外客户；
4. 熟练使用Excel、PPT，能独立制作商务简报并面向客户宣讲；
5. 熟悉欧美终端供应链模式，有google ,amazon欧美大客户对接资源优先优先；
6. 目标感强，擅长跨部门协同与商务谈判，可适配海外时差沟通。",Go 商务谈判 供应链 客户服务 PPT,https://jobs.51job.com/kunshan/172882195.html?s=sou_sou_soulb&t=0_0&req=7c588fc6e607ac90e5c5d3a4f1ae462f
销售工程师(昆山）,苏州晶砺至合科技,8千-1.2万,昆山,昆山,大专,2年及以上,2026-06-23 12:06:26,job51,"主要职责：
1、负责霍尼韦尔工业控制及驱动产品的渠道开发和客户销售，并完成任务目标；
2、负责区域内的分销商和客户管理，并与重点客户保持长期联系；
3、跟进相关项目进展并协调公司相关资源执行具体行动方案；
4、遵从公司整体销售政策，完成月度、季度和年度销售目标，并按要求及时汇报工作；
5、专注区域内的包括但不限于市场开发、产品推广等业务，并提供相关技术支持。

职位要求： 
1、2年及以上工业控制、驱动或配电行业销售经验； 
2、较强的自我管理能力、自我激励能力和抗压能力；
3、熟悉华中地区相关工业控制或驱动产品销售渠道者优先； 
4、有相关工作经验者优先。
5、根据个人能力，具体薪酬面议。",技术支持,https://jobs.51job.com/kunshan/172650793.html?s=sou_sou_soulb&t=0_0&req=7c588fc6e607ac90e5c5d3a4f1ae462f
大理石平台机械设计工程师,苏州乔沃自动化科技,1.3-2万·13薪,昆山,昆山,本科,2-3年,2026-07-14 13:12:42,job51,"岗位职责：
1、直线电机产品及组合模组结构设计、组装，图纸定稿及订单BOM；
2、熟悉直线电机产品开发、精通大理石平台设计、方案评估等；
3、各类标准件选型（如驱动器、拖链、光栅、磁栅、电机、丝杆、导轨等），对机械加工工艺有比较深的了解，熟悉零部件加工工艺；
4、负责机械结构设计及使用多种手段优化和评估方案，如有限元分析，误差分配，运动规划等；
5、具备良好的沟通能力及组织协调能力；
6、其他领导安排的工作；
任职资格：
1、本科学历及以上，机械设计、自动化等相关专业；
2、熟练掌握一种以上三维、二维设计工具（如 SolidWorks、CAD等）；
3、拥有2-3年平台或设备设计相关的工作经验，如半导体装备，精密仪器等相关领域；
4、掌握下列技能者从优考虑：
a)理解精密机械设计的基础知识如刚性，控制带宽，震动抑制，运动学等。
b)掌握柔性铰链设计。
c)熟悉导轨，编码器，直线电机等零件。
d)熟悉激光千涉仪，自准直仪，长度尺等仪器的使用和原理。
e)有限元分析
5、掌握基础工程制图知识，GD&amp;T，公差分析；
6、具有较强的工程动手操作能力，和三维空间想象能力。
7、有独立做项目的经验，能主动推进项目进程，直至项目完成。",SolidWorks GD amp,https://jobs.51job.com/kunshan/170705085.html?s=sou_sou_soulb&t=0_0&req=7c588fc6e607ac90e5c5d3a4f1ae462f
数字人表情算法工程师,腾飞科技,1.5-3万,昆山,昆山,本科,1年及以上,2026-06-13 11:17:09,job51,"1. 核心算法研发

◦ 负责人脸检测、跟踪、识别、结构化分析及表情识别等基础算法的研究与优化。
◦ 构建从文本/语音到面部表情的端到端生成模型，实现文本/语音驱动人脸表情生成。
◦ 深入研究语音中的节奏、语调、能量、停顿与情绪状态，并建模其对面部运动的影响。

2. 实时交互与系统落地

◦ 研发低延迟、流式（Streaming）推理方案，满足实时对话数字人/机器人的需求。
◦ 与 TTS、ASR、LLM、VLM 等模块紧密协同，构建完整的实时交互链路，输出可直接驱动数字人、人形仿生机器人或游戏角色的表情参数。
◦ 建立语音、文本、情绪标签与面部动作之间的跨模态对齐机制，持续优化驱动效果。

3. 引擎对接与资产建设

◦ 熟练使用 Blendshape 等虚拟引擎，辅助设计仿生头的表情与动作，并完成算法在引擎中的部署与适配。
◦ 负责建立、维护和迭代数字人表情与动作库，不断完善表情数据集。

4. 业务推动与协作

◦ 将算法成果快速落地到具体业务场景中，负责性能评估与持续优化。
◦ 与产品、硬件等多学科团队配合，完成人机交互相关产品的集成与交付。

任职要求：

1. 学历与经验

◦ 计算机、人工智能、电子信息等相关专业本科及以上学历。
◦ 1年及以上计算机视觉、表情驱动或数字人相关开发工作经验，具备完整项目经验者优先。

2. 技术栈

◦ 精通 Python，熟练使用 PyTorch 等主流深度学习框架，了解 TensorFlow、Keras、OpenCV 等工具。
◦ 精通人脸表征、表情识别与生成相关的算法和模型，对视频画面中的表情动态识别有实践经验者优先。
◦ 熟悉主流生成式模型，如 GAN、Diffusion、NeRF 等。
◦ 深入了解 Blendshape 等面部动画引擎，有实际使用和部署经验
。
3. 专业能力

◦ 具备从语音到面部运动建模的能力，理解 Lip Sync、TTS 与表情之间的协同优化。
◦ 有多模态（语音、图像、视频）联合学习经验者优先。
◦ 数学基础扎实，具备优秀的建模能力、逻辑思维和问题分析能力。

4. 软技能

◦ 出色的沟通与团队协作能力，能够与算法、工程、产品等多角色高效合作。
◦ 对数字人技术充满热情，具备较强的学习能力和执行力，擅长将前沿研究转化为实际应用",TTS ASR LLM 计算机视觉 Python PyTorch 深度学习 TensorFlow Keras OpenCV GAN Diffusion 多模态,https://jobs.51job.com/kunshan/172542650.html?s=sou_sou_soulb&t=0_0&req=7c588fc6e607ac90e5c5d3a4f1ae462f
水泵设计工程师 (MJ000013),昆山新莱洁净应用材料,1-2万,昆山,昆山,本科,3年及以上,2026-07-31 07:58:28,job51,"岗位职责：
1.	负责屏蔽泵、暖通循环泵、新能源电子水泵整机方案设计、水力模型开发、结构设计，输出二维图纸、3D 模型、BOM、设计计算书；
2.	完成水力性能、密封、电机、屏蔽套、壳体、叶轮、泵体等核心零部件选型与仿真分析（CFD 流体仿真、结构强度、温升、振动噪声仿真）；
3.	主导新产品开发全流程：需求拆解、方案评审、样机试制、装机测试、问题整改、设计定型、标准化归档；
4.	搭建水泵性能测试方案，完成流量扬程、效率、汽蚀、耐压、温升、噪音、寿命、耐腐蚀等试验验证，输出测试报告；
5.	解决量产、客户端现场故障，分析泄漏、异响、效率不足、空转损坏、屏蔽套腐蚀、电子水泵电控匹配等失效问题，制定优化整改方案；
6.	对接工艺、模具、采购、品质团队，输出 DFMEA、PFMEA，优化零部件加工、装配工艺，降本减重提升产品可靠性；
7.	跟进行业标准（3A/ASME BPE、暖通国标、汽车电子水泵行业规范），完成产品认证、图纸标准化、技术文档编制；
8.	协同电控工程师完成电子水泵电机、驱动控制匹配开发，优化永磁屏蔽泵、直流无刷电子水泵整机性能。
任职要求
1.	机械工程、流体机械、热能与动力工程、泵及流体工程相关专业，本科及以上学历；
2.	3 年及以上屏蔽泵 / 暖通循环泵 / 新能源电子水泵整机设计开发经验，至少精通其中一类产品，多品类经验优先；
3.	熟练使用 SolidWorks/Creo/UG 三维建模、AutoCAD 出工程图，掌握 CFD 流体仿真、有限元强度仿真工具；
4.	熟悉泵水力设计原理，掌握叶轮、蜗壳、屏蔽腔体、机械密封、静密封结构设计，了解 316L 不锈钢、塑料、铸铁等泵体材质选型；
5.	熟悉水泵全套测试流程，能独立设计性能试验方案，可快速定位水力、结构、电机、密封类失效问题；
6.	有暖通空调循环泵、化工屏蔽泵、储能液冷电子水泵、汽车冷却电子水泵开发经验者优先；
7.	熟悉产品开发 APQP 流程，会编制 DFMEA、设计规范、检验标准等技术文件；
8.	具备良好跨部门沟通能力，逻辑清晰，能独立推进项目落地，有量产项目完整开发经验。
加分项
1.	有 RPC 永磁屏蔽泵、无刷电子水泵、卫生级屏蔽泵（3A/BPE）开发经验；
2.	熟悉新能源储能、IDC 液冷、车载热管理、中央空调暖通系统应用；
3.	掌握电机匹配、电控驱动协同开发，懂泵用无刷电机温升、振动噪声优化；
4.	有泵类专利、新产品量产落地、成本优化成功案例。",方案设计 性能测试 采购 技术文档 专利 BOM CFD DFMEA,https://jobs.51job.com/kunshan/157193286.html?s=sou_sou_soulb&t=0_0&req=7c588fc6e607ac90e5c5d3a4f1ae462f
光模块产品工程师,前锦网络信息技术（上海）,12-20万/年,昆山,昆山,本科,3年及以上,2026-07-15 15:36:51,job51,"【上市公司】光模块产品工程师（400G/800G/1.6T全系列硅光模块产品）	
年薪12-20W	
2人
苏州

工作时间：双休，8：00-17：00。研发目前加班不多，如有加班，可调休。

A股主板上市公司旗下全资子公司，专注于高速硅光芯片设计及高端光模块的研发与制造，已推出400G/800G/1.6T全系列硅光模块产品，部分产品已向海外客户批量出货。公司拥有完整的硅光芯片设计与模块制造能力，是国内少数具备从PIC设计到模块封装测试全链条能力的厂商之一。目前处于团队扩张期，技术大牛带队，成长空间巨大。
岗位核心卖点：深度参与高速光模块产品从0到1的研发过程，技术栈可随产品迭代同步升级

岗位职责：
1、负责光模块产品研发线技术转移项目、新产品的导入、试产的安排和现场异常问题的排除，参与产品开发阶段的设计评审和可制造性（DFM）评估，从生产角度提出优化建议；
2、和设计单位沟通新工艺的研发要求并落实制程开发方案，根据产品需求制定工艺标准及规范，完善产品图纸和相关文档；
3、根据产品需求及制程规范建立新产品工艺流程及维护制程良率和可靠性；
4、整合各工艺部门对产线工艺持续优化，提高工艺稳定度，降低成本；
5、监控产线测试数据及终测电性数据，及时发现产线异常，维护产线稳定；
6、通过对低良率产品进行分析，找到低良率根本原因，并制定对应的良率改善计划及实施，实现产品质量满足客户要求并完成工作任务；；
7、投产在线良率跟踪，现场异常问题处理，能对生产项目提出良率、效率优化建议；
8、带领工程人员不断提高设备能力、成品率，降低坏品率及内外部客户投诉
9、负责产品MES、PLM、SAP系统信息的维护修正，实施产品的制造策略及更改切换策略；
10、完成上级交办的其他测试或跨部门协作任务。

任职资格：
1、全日制本科及以上学历，电子工程、通信工程、光电子、机械设计、理学等相关专业；
2、有光模块400G以上担任过产品工程师角色经验；
3、熟悉光模块产品架构和工作原理，了解光器件（TOSA/ROSA）、DSP芯片、驱动电路等关键环节；熟悉产品开发和工艺改善流程，了解光模块封装工艺（COB/BOX等）；熟练使用光模块测试相关仪表设备，具备数据分析能力；
4、 具备较强的理解、沟通、协调能力，能与研发、生产、质量等部门高效协作；具备一定的电路、光路、软件知识，能独立分析产品质量问题；工作认真细致，具有较强责任心，善于学习，务实创新。",ROS DSP 产品迭代 跨部门协作 数据分析 DFM PLM TOSA,https://jobs.51job.com/kunshan/172922299.html?s=sou_sou_soulb&t=0_0&req=7c588fc6e607ac90e5c5d3a4f1ae462f
营业项目管理工程师/经理,华迅工业（苏州）,1-1.8万,昆山,昆山,大专,3-5年,2026-07-31 11:44:14,job51,"岗位职责：
针对客户对通信线缆/网络产品的技术需求，确认技术参数，提供专业解决方案；
根据客户及市场需求，统筹安排新产品及样品的开发工作。
跟进项目关键工序，识别风险，高效推动项目按时保质落地。
向上级（大客户经理）定期汇报项目进展情况。
与公司内部各部门（研发、生产、品质等）保持密切沟通，协调资源，确保信息畅通，项目推进。

任职资格：
大专及以上学历，工科背景（电子、通信、计算机、材料等相关专业）；
3-5年通信线缆（铜缆/光纤）、通信网络系统、半导体或消费电子行业的相关工作经验优先；
具备产品或项目管理的经验，熟悉线缆项目开发流程优先；
具备英语沟通能力（听、说、读、写），能满足与外国客户进行技术参数沟通和邮件往来的工作需求。英语水平6级或以上。

核心素质：
具备出色的自我驱动能力和时间管理能力，能同时高效处理多项任务。
高效沟通表达能力、协调推动能力和解决问题的能力。
工作积极主动，认真负责，具备良好的客户服务意识和团队合作精神。",项目管理 客户服务,https://jobs.51job.com/kunshan/173109744.html?s=sou_sou_soulb&t=0_0&req=7c588fc6e607ac90e5c5d3a4f1ae462f
机械设计工程师,苏州乔沃自动化科技,8千-1.2万,昆山,昆山,本科,2年及以上,2026-07-16 16:55:58,job51,"岗位职责：
1、直线电机产品及组合模组结构设计、组装，图纸定稿及订单BOM；
2、根据项目要求，负责运动平台类的机械设计，提供解决方案(应用于半导体检测封装设备、医疗设备、光学及三坐标检测设备)；
3、各类标准件选型（如驱动器、拖链、光栅、磁栅、电机、丝杆、导轨等），对机械加工工艺有比较深的了解，熟悉零部件加工工艺；
4、负责机械结构设计及使用多种手段优化和评估方案，如有限元分析，误差分配，运动规划等；
5、具备良好的沟通能力及组织协调能力；
6、其他领导安排的工作；
任职资格：
1、本科学历及以上，机械设计、自动化等相关专业；
2、熟练掌握一种以上三维、二维设计工具（如 SolidWorks、CAD等）；
3、熟悉运动平台开发，熟悉常见平台用部件、传感器等；有高精度装备开发经验更佳；如半导体装备，精密仪器等相关领域；
5、掌握基础工程制图知识，GD&amp;T，公差分析；
6、具有较强的工程动手操作能力，和三维空间想象能力。
7、2年以上工作经验，有独立做项目的经验，能主动推进项目进程，直至项目完成。",SolidWorks GD amp,https://jobs.51job.com/kunshan/172939804.html?s=sou_sou_soulb&t=0_0&req=7c588fc6e607ac90e5c5d3a4f1ae462f
电气/电器工程师,太伯企业管理咨询（上海）,2.5-2.8万·13薪,昆山,昆山,本科,8年及以上,2026-08-05 09:20:38,job51,"企业介绍：
某外资工业制造企业，专注于中高压变电领域及电气成套设备（电柜/开关柜）的研发与生产，在全球电力基础设施领域拥有长期技术积累。昆山基地为亚太区核心运营中心。
Company Profile
An international industrial manufacturer specializing in medium- and high-voltage power transmission and electrical switchgear/cabinet solutions, with a strong global footprint in power infrastructure. The Kunshan site serves as a key APAC operations hub.

岗位介绍：
该岗位全面负责中高压电柜类定制化非标订单的交付管理，从客户技术需求确认到最终出货的全流程统筹，协调内部研发、采购、生产及质量团队，确保项目按时高质交付。
Role Overview
This role leads the end-to-end delivery management of customized, non-standard medium/high-voltage cabinet orders, from technical requirement validation through final shipment, coordinating across engineering, procurement, production, and quality teams to ensure on-time, high-quality project completion.

工作职责 Job Responsibility：

审核客户技术需求，确认售前团队收集的规格参数完整准确，并与客户确认最终技术方案。
Review and validate customer technical requirements, ensure presales-collected specifications are complete and accurate, and secure final customer sign-off on technical solutions.

检查电气图纸及电柜设备清单，确保其完全符合客户要求。
Verify electrical drawings and cabinet equipment lists to ensure full compliance with customer requests.

主导定制化电柜项目的周度进度会议，跟踪关键里程碑，协调内部及客户发起的变更。
Lead weekly progress meetings for customized cabinet projects, track key milestones, and coordinate both internal and customer-initiated changes.

与采购部门协同管理电气元件及结构件等物料的采购交期，与生产/计划部门协调总装排期，与质量部门协作来料检验及出货检验。
Coordinate with purchasing on material lead times (electrical components, structural parts), with production/planning on assembly schedules, and with quality on incoming and outgoing inspections.

负责定制化项目日常问题的快速解决，及时处理技术偏差及供应异常等突发状况。
Provide rapid daily problem-solving for customized projects, addressing technical deviations, supply disruptions, and other emergencies.

参与订单管理流程的优化专项会议，推动定制化业务在效率与质量上的持续改进。
Participate in process optimization meetings for order management, driving continuous improvements in efficiency and quality for customized business.

参与环境因素及职业健康安全风险的识别与排查，针对重大环境因素及危险源制定控制计划和整改措施。
Participate in identification and assessment of environmental factors and OHS risks, and develop control plans and corrective actions for significant environmental aspects and major hazards.

收集并确认适用的环境、职业健康安全法律法规及标准，评估合规性。
Collect and validate applicable environmental, OHS laws, regulations, and standards, and evaluate compliance with legal requirements.

完成上级交办的其他工作任务。
Complete other tasks assigned by the supervisor.

任职条件：
教育背景：

本科及以上学历，电气工程、电力系统或相关专业。
Bachelor’s degree or above in Electrical Engineering, Power Systems, or related field.

持有中级及以上职业职称者优先。
Intermediate or higher professional certification is preferred.

知识与技能：

熟悉中高压变电产品知识及电气成套设备（电柜）的项目管理方法。
Knowledge of medium/high-voltage power products and project management practices for electrical switchgear/cabinets.

了解电柜产品的生产制造工艺流程。
Understanding of manufacturing processes for electrical cabinet products.

能在紧急情况下快速诊断并排除复杂技术故障。
Capable of rapid troubleshooting and resolution of complex technical faults under emergency conditions.

具备很强的计划、组织、分析判断与决策能力。
Strong planning, organizing, analytical, and decision-making capabilities.

具备优秀的人际沟通、协调与团队领导能力。
Excellent interpersonal, communication, and leadership skills.

学习能力强，能快速适应多任务并行的工作环境。
Strong learning ability and adaptability to multi-tasking environments.

个人品质：

积极主动，自我驱动，能独立开展工作。
Proactive, self-motivated, and able to work independently.

具有创新精神，乐于提出改进建议。
Innovative and willing to propose improvement suggestions.

经验要求：

8年以上电气工程领域产品开发或项目交付经验。
8+ years of experience in electrical product development or project delivery.

3年以上团队或跨职能管理经验。
3+ years of team or cross-functional management experience.

语言要求

英语读写流利（需处理英文技术文件及邮件）。
Fluent in written English (required for technical documents and correspondence).

计算机技能

熟练使用Office办公软件（Word, Excel等）。
Proficient in Microsoft Office (Word, Excel, etc.).

其他要求

能承受工作压力，适应时间紧迫的项目交付节奏。
Able to work under pressure and meet tight project deadlines.",ROS Gin Go CAN AWS DiT GAN 采购 技术方案 合规 项目管理,https://jobs.51job.com/kunshan/173154016.html?s=sou_sou_soulb&t=0_0&req=7c588fc6e607ac90e5c5d3a4f1ae462f
非标3c电气工程师 (MJ000029),昆山捷翔工业设备,1-1.7万·13薪,昆山,昆山,大专,3年及以上,2026-07-28 16:10:10,job51,"【工作内容】
1、负责非标3C自动化设备的电气方案设计，完成PLC选型、电气原理图绘制及BOM清单编制；
2、主导设备控制程序开发，包括逻辑编写、功能调试及与机械结构的联调优化工作；
3、负责现场设备安装指导、故障排查及工艺改进，确保项目按期交付并满足客户验收标准；
4、协同结构工程师进行设备布局规划，解决产线节拍瓶颈，提升整体自动化运行效率；
5、整理技术文档，输出标准化作业指导书，持续优化电气模块以提升产品稳定性。

【任职要求】
1、专科及以上学历，电气工程、自动化或相关专业，具备3年以上非标自动化电气设计经验；
2、精通西门子、三菱或欧姆龙等主流PLC编程，熟练掌握EPLAN、AutoCAD等绘图软件；
3、熟悉伺服驱动、变频器及各类传感器应用，具备独立处理复杂电气故障的实战能力；
4、具备良好的逻辑思维与沟通协调能力，能适应短期出差及项目现场的紧张工作节奏；
5、对3C行业工艺有深刻理解，拥有电子组装、检测或包装设备相关项目经验者优先。",方案设计 故障排查 技术文档,https://jobs.51job.com/kunshan/173070416.html?s=sou_sou_soulb&t=0_0&req=7c588fc6e607ac90e5c5d3a4f1ae462f
高级电气工程师,尊芯（上海）半导体科技,2.5-3.5万,苏州,昆山,本科,8年及以上,2026-06-17 12:08:06,job51,"定位：负责AMHS系统（天车）及地面设备的电气全流程开发，主导复杂运动控制系统，指导新人。

岗位职责：
1、负责电气需求分析、方案设计、硬件选型、编程调试全流程；
2、主导多轴运动控制、伺服驱动、总线通信（EtherCAT/Profinet）等系统开发；
3、参与前期技术交流，输出电气方案、图纸（EPLAN）、BOM；
4、指导中级/初级工程师，承担技术把关与新人带教；
5、解决现场疑难问题（干扰、通信中断、运动卡顿等）。
任职资格：
1、8年以上电气设计经验，本科及以上学历；
2、精通三菱，汇川、欧姆龙、基恩士中至少两种PLC，熟练使用EPLAN；
3、有自动化物流、天车（OHT/STK）、半导体设备、机器人立库等项目经验；
4、能独立完成中型以上项目电气方案及落地；
5、有带教经验，沟通能力强；
6、中级职称及以上者优先。",需求分析 方案设计 EtherCAT Profinet EPLAN BOM OHT STK,https://jobs.51job.com/suzhou/172593164.html?s=sou_sou_soulb&t=0_1&req=1b6270d80a827c6e209eda66a75547f4
光模块产品工程师,可川光子技术（苏州）,1-1.7万,昆山,昆山,本科,1-3年,2026-07-07 13:30:19,job51,"岗位职责：
1、负责光模块产品研发线技术转移项目、新产品的导入、试产的安排和现场异常问题的排除，参与产品开发阶段的设计评审和可制造性（DFM）评估，从生产角度提出优化建议；
2、和设计单位沟通新工艺的研发要求并落实制程开发方案，根据产品需求制定工艺标准及规范，完善产品图纸和相关文档；
3、根据产品需求及制程规范建立新产品工艺流程及维护制程良率和可靠性；
4、整合各工艺部门对产线工艺持续优化，提高工艺稳定度，降低成本；
5、监控产线测试数据及终测电性数据，及时发现产线异常，维护产线稳定；
6、通过对低良率产品进行分析，找到低良率根本原因，并制定对应的良率改善计划及实施，实现产品质量满足客户要求并完成工作任务；；
7、投产在线良率跟踪，现场异常问题处理，能对生产项目提出良率、效率优化建议；
8、带领工程人员不断提高设备能力、成品率，降低坏品率及内外部客户投诉
9、负责产品MES、PLM、SAP系统信息的维护修正，实施产品的制造策略及更改切换策略；
10、完成上级交办的其他测试或跨部门协作任务。
任职资格：
1、全日制本科及以上学历，电子工程、通信工程、光电子、机械设计、理学等相关专业；
2、有光模块400G以上担任过产品工程师角色经验；
3、熟悉光模块产品架构和工作原理，了解光器件（TOSA/ROSA）、DSP芯片、驱动电路等关键环节；熟悉产品开发和工艺改善流程，了解光模块封装工艺（COB/BOX等）；熟练使用光模块测试相关仪表设备，具备数据分析能力；
4、 具备较强的理解、沟通、协调能力，能与研发、生产、质量等部门高效协作；具备一定的电路、光路、软件知识，能独立分析产品质量问题；工作认真细致，具有较强责任心，善于学习，务实创新",ROS DSP 跨部门协作 数据分析 DFM PLM TOSA ROSA,https://jobs.51job.com/kunshan/172821354.html?s=sou_sou_soulb&t=0_0&req=1b6270d80a827c6e209eda66a75547f4
非标机械设计工程师,苏州尊恒半导体科技,2-2.5万·14薪,昆山,昆山,大专,3年及以上,2026-06-16 11:03:35,job51,"2人 
岗位职责:
1.负责非标重大研发项目的开发和研制，主要是机械传动类结构设计和开发，完成3D模型、2D工程图设计，零件外发加工的沟通协调;
2.负责机械结构与参数的计算、验证，组件与系统的性能测试;
3.负责机械结构类关键器件的选型、设计及验证;
4.完成设计图纸，准确输出设计BOM;
5.负责制定实验方案，验证结构设计可行性，并不断改进优化;6.具有较强的逻辑思维能力，善于分析研究，有创新思维，善于沟通合作。
任职要求:
1.具备非标自动化生产线设备类机械设计、工装夹具类、机械传动类设计工作经验
2.熟练使用Solidworks、AutoCAD等设计制图软件;
3.熟悉常用标准件选型，如伺服电机、气缸等;
4.掌握几种典型的驱动和传动机构设计，如滚珠丝杠机构、皮带传动机构、齿轮齿条机构等;
5.良好的英语听说读写能力，一定的抗压能力;
6.有非标设备设计背景者，可优先考虑。",性能测试,https://jobs.51job.com/kunshan/171301601.html?s=sou_sou_soulb&t=0_0&req=1b6270d80a827c6e209eda66a75547f4
研发工程师（灯具方向）,苏州徕卡节能电气技术,8千-1.2万,苏州,昆山,大专,3年及以上,2026-07-25 10:12:19,job51,"岗位职责
 
1、负责LED灯具、智能照明新品整机方案设计、需求评审与可行性评估，输出整体开发方案。
2、对接团队完成结构设计，审核3D/2D图纸、BOM清单，把控产品散热、防水、装配及成本风险。
3、负责光源、驱动、透镜、散热器、智能模组等核心器件选型，统筹整机光学、散热、防水、安规匹配设计。
4、跟进样机、手板、模具试制，主导温升、IP防水、老化、安规测试，负责问题分析、整改与闭环。
5、主导新品试产、量产导入，解决生产及市场端产品技术异常，协调供应链与生产端落地改善。
6、开展竞品分析、新材料新工艺评估，负责老产品优化、迭代升级及降本工作。
7、配合各类产品认证技术对接，编制规格书、测试规范、验收标准等全套技术文件。
 
任职要求
 
1、大专及以上学历，机械、机电、光源与照明等相关专业优先。
2、精通灯具整机结构原理，熟悉压铸、型材、塑胶、钣金等结构工艺。
3、熟悉LED光源、驱动、光学配件基础，具备整机匹配与调试能力。
4、掌握灯具安规、测试标准，能独立审图、做BOM及各类技术报告。
5、具备独立项目推进、跨部门沟通及问题分析整改能力。",方案设计 供应链 竞品分析,https://jobs.51job.com/suzhou/173039319.html?s=sou_sou_soulb&t=0_1&req=1b6270d80a827c6e209eda66a75547f4
水泵研发设计,德特兰特（苏州）商务信息咨询,1.4-2.2万·13薪,昆山,昆山,大专,4年及以上,2026-07-07 15:45:30,job51,"岗位职责：
负责屏蔽泵、暖通循环泵、新能源电子水泵整机方案设计、水力模型开发、结构设计，输出二维图纸、3D 模型、BOM、设计计算书；
完成水力性能、密封、电机、屏蔽套、壳体、叶轮、泵体等核心零部件选型与仿真分析（CFD 流体仿真、结构强度、温升、振动噪声仿真）；
主导新产品开发全流程：需求拆解、方案评审、样机试制、装机测试、问题整改、设计定型、标准化归档；
搭建水泵性能测试方案，完成流量扬程、效率、汽蚀、耐压、温升、噪音、寿命、耐腐蚀等试验验证，输出测试报告；
解决量产、客户端现场故障，分析泄漏、异响、效率不足、空转损坏、屏蔽套腐蚀、电子水泵电控匹配等失效问题，制定优化整改方案；
对接工艺、模具、采购、品质团队，输出 DFMEA、PFMEA，优化零部件加工、装配工艺，降本减重提升产品可靠性；
跟进行业标准（3A/ASME BPE、暖通国标、汽车电子水泵行业规范），完成产品认证、图纸标准化、技术文档编制；
协同电控工程师完成电子水泵电机、驱动控制匹配开发，优化永磁屏蔽泵、直流无刷电子水泵整机性能。
任职要求：
机械工程、流体机械、热能与动力工程、泵及流体工程相关专业，本科及以上学历；
3 年及以上屏蔽泵 / 暖通循环泵 / 新能源电子水泵整机设计开发经验，至少精通其中一类产品，多品类经验优先；
熟练使用 SolidWorks/Creo/UG 三维建模、AutoCAD 出工程图，掌握 CFD 流体仿真、有限元强度仿真工具；
熟悉泵水力设计原理，掌握叶轮、蜗壳、屏蔽腔体、机械密封、静密封结构设计，了解 316L 不锈钢、塑料、铸铁等泵体材质选型；
熟悉水泵全套测试流程，能独立设计性能试验方案，可快速定位水力、结构、电机、密封类失效问题；
有暖通空调循环泵、化工屏蔽泵、储能液冷电子水泵、汽车冷却电子水泵开发经验者优先；
熟悉产品开发 APQP 流程，会编制 DFMEA、设计规范、检验标准等技术文件；
具备良好跨部门沟通能力，逻辑清晰，能独立推进项目落地，有量产项目完整开发经验。
加分项
有 RPC 永磁屏蔽泵、无刷电子水泵、卫生级屏蔽泵（3A/BPE）开发经验；
熟悉新能源储能、IDC 液冷、车载热管理、中央空调暖通系统应用；
掌握电机匹配、电控驱动协同开发，懂泵用无刷电机温升、振动噪声优化；
有泵类专利、新产品量产落地、成本优化成功案例。",方案设计 性能测试 采购 技术文档 专利 BOM CFD DFMEA,https://jobs.51job.com/kunshan/172825310.html?s=sou_sou_soulb&t=0_0&req=1b6270d80a827c6e209eda66a75547f4
区域销售-昆山(J16084),震坤行工业超市（上海）,8千-1.3万·18薪,昆山,昆山,本科,1-5年,2026-07-31 15:43:06,job51,"工作职责:
【岗位速览】
我们是一家快速成长的工业品电商平台，专注于服务制造业客户。现需招募一位具备优秀销售特质的业务人员，负责区域内制造业企业的客户开发及销售目标达成。您将开发新客，维护老客深挖需求，推动线上化采购转型，并整合资源提升客户黏性与采购份额。

【核心职责】
1、客户需求挖掘与场景化销售
a. 深入分析负责区域内制造业企业的采购场景，挖掘MRO工业品（备品备件、工具耗材等）需求痛点，提供定制化产品解决方案；
b. 通过客户生产流程调研、设备台账分析等方式，精准定位高价值采购切入点，提升客户黏性与采购份额；
2、中大型客户开发与线上化覆盖
a. 主导区域中大型客户的从0到1开发，利用数字化工具实现线上采购系统对接，推动客户从传统采购向平台化迁移；
b. 制定客户分层覆盖策略，通过“线上询盘+线下拜访”组合模式，快速提升区域内客户渗透率。
3、客户关系管理与资源整合
a. 整合供应链资源（百万级SKU、区域仓配网络），协调技术/运营团队解决客户交付、账期等核心诉求；
b. 定期复盘客户采购数据，针对性优化服务方案，推动重点客户从单品类采购升级为多品类合作。
4、销售目标达成与市场策略落地
a. 执行部门销售策略，完成新客户开拓、老客户复购率及GMV目标；
b. 收集区域市场竞争动态（如价格、服务模式），反馈至产品团队以优化本地化竞争力。
任职资格:
【任职要求】
1、本科及以上学历；
2、1-5年工业品销售经验，熟悉MRO（备件/劳保/工具等）或相关领域，有服务大型客户的成功案例；
3、熟悉区域制造业生态，能快速定位目标客户（如工厂设备部、采购部决策链）；
4、强客户洞察力、资源整合能力、数据驱动思维及高抗压自驱力。

【加分项】
1、机械、电气、自动化等理工科专业；
2、具备B2B电商销售经验者，熟悉线上化采购流程；
3、拥有制造业（如物流行业、汽车、锂电、机械加工等）行业客户资源。

【我们提供】
1、有竞争力的薪资及激励政策；
2、完善的培训体系及职业发展支持。",采购 供应链 培训,https://jobs.51job.com/kunshan/173113669.html?s=sou_sou_soulb&t=0_0&req=1b6270d80a827c6e209eda66a75547f4
自动化电气工程师,亿峯机器人科技（太仓）,8千-1.2万,昆山,昆山,大专,3年及以上,2026-07-31 04:09:38,job51,"【工作内容】
- 负责自动化生产线及设备的电气系统设计、选型与调试，确保系统稳定高效运行；
- 独立完成PLC程序编写、组态设计及现场调试，熟练运用西门子、三菱等主流品牌控制系统；
- 参与项目前期技术评估，提供电气方案建议，配合机械、软件团队完成集成开发；
- 编制电气原理图、接线图、I/O清单等技术文档，并参与标准化建设；
- 解决生产过程中出现的电气故障，主导问题分析与改进，提升设备可靠性与维护效率；
- 跟进新技术应用，推动自动化系统智能化升级，支持智能制造战略落地。
【任职要求】
- 专科及以上学历，电气工程、自动化、机电一体化等相关专业；
- 3年以上自动化电气设计或现场调试经验，熟悉工业控制柜设计与安装规范；
- 精通PLC编程（如S7-1200/1500、FX系列），熟练使用HMI、SCADA系统，具备变频器、伺服驱动器调参能力；
- 熟悉电气安全标准（如IEC 61508、GB/T 5226），能独立完成电气图纸绘制与技术评审；
- 具备良好的沟通协调能力与团队合作精神，能适应长短期出差及现场工作环境；
- 有智能工厂、机器人集成或高端装备行业经验者优先。",技术文档 GB,https://jobs.51job.com/kunshan/173083003.html?s=sou_sou_soulb&t=0_0&req=1b6270d80a827c6e209eda66a75547f4
流程体系专家,昆山鑫泰利智能科技,2-3.5万·15薪,苏州,昆山,本科,8年及以上,2026-07-31 13:19:41,job51,"【岗位职责】
1、体系架构与战略规划（30%）：
· 负责搭建并迭代覆盖研发、采购、制造、交付及售后全生命周期的“大质量”流程管理体系。
· 以国际标准（如ISO 9001:2025、IATF 16949、CMMI或TL 9000，视公司业务属性而定）为蓝本，结合公司战略，制定未来3年流程成熟度提升路线图。
2、流程诊断与优化（40%）：
· 深入业务一线，主导跨部门“流程痛点”调研，运用价值流图、FMEA、因果分析等工具，识别导致质量损失、效率低下的关键瓶颈。
· 推动流程再造（BPR），重点解决“信息孤岛”与“接口断点”问题，设计并推行标准化操作程序（SOP）。
3、质量目标量化与监控（20%）：
· 建立覆盖各环节的质量KPI体系（如首次通过率、客户投诉率、返工成本占比、交付准时率等）。
· 设计并落地流程审计机制，定期输出质量分析报告，为管理层提供数据驱动决策支持。
4、变革管理与赋能（10%）：
· 负责组织流程与质量相关的专项培训，培养公司的“流程文化”。
· 作为内部咨询顾问，指导各事业部独立完成流程梳理与改进项目。
【任职资格】
1、本科及以上学历，质量管理、工业工程、自动化或管理学相关专业优先。
2、 8年以上制造业或大型科技企业流程体系管理经验，其中至少3年主导过公司级质量体系升级项目。
专业认证与知识：
3、精通ISO 9001，并至少熟悉ISO 14001（环境）、ISO 45001（职业健康）或IATF 16949中的1-2个标准。
4、熟练运用流程建模工具（如Visio, ARIS, Signavio）及质量分析工具（如Minitab, JMP）。
5、熟悉ERP（如SAP、Oracle）、PLM或MES系统中关于质量追溯的核心逻辑。
6、极强的跨部门协调与推动力，能顶住业务压力推动“不讨喜”的流程变革。逻辑思维缜密，具备将复杂业务问题结构化、标准化、流程化的能力。
加分项：
· 有智能硬件、家电或汽车零部件行业经验，熟悉IPD（集成产品开发）或LTC（从线索到现金）流程。
· 具备内审员资格或主导过公司通过国际知名客户审计的经验。
· 有企业数字化/信息化转型项目的流程设计经验。",Oracle 采购 审计 培训 IATF FMEA BPR SOP,https://jobs.51job.com/suzhou/173110669.html?s=sou_sou_soulb&t=0_1&req=1b6270d80a827c6e209eda66a75547f4
电子研发工程师,昆山台瀚电子,1-1.5万,昆山,昆山,本科,1-3年,2026-07-10 15:26:46,job51,"岗位职责：
1. 负责产品原理图设计、PCB 布局布线，选型电子元器件，完成硬件方案设计与可行性评估。

2. 开展电路调试、性能测试、故障排查，解决电源、信号、EMC、稳定性等硬件问题。

3. 跟进元器件选型、替代料评估、BOM 整理优化，控制成本，保证批量生产可靠性。

4. 编写调试代码、测试程序，优化产品功耗、响应速度、稳定性。

5. 配合完成单片机、STM8S103 MCU、驱动程序、底层逻辑开发，实现硬件功能匹配。

6. 制定硬件测试方案，开展功能测试、可靠性测试、高低温、静电、老化测试。

7. 输出测试报告，记录问题，迭代优化设计方案，满足行业标准与客户需求。

8. 输出设计文档、规格书、测试报告、维修手册、工艺指导文件。",单片机 MCU 方案设计 性能测试 故障排查 功能测试,https://jobs.51job.com/kunshan/172495382.html?s=sou_sou_soulb&t=0_0&req=1b6270d80a827c6e209eda66a75547f4
电器工程师,昆山台瀚电子,1-1.5万,昆山,昆山,本科,1年及以上,2026-07-10 15:26:38,job51,"岗位职责：
1.&nbsp;家用厨电、生活电器控制板硬件方案开发，电路原理图、PCB评审；

2.&nbsp;单片机/MCU程序开发，电源、温控、电机驱动、触摸、保护电路设计验证；

3.&nbsp;产品安规、EMC测试整改，跟进高低温、老化、可靠性测试；

4.&nbsp;元器件选型、样品确认、替代料评估，降低产品电气故障率；

5.&nbsp;对接结构、模具、生产，解决试产、量产电气不良问题；

6.&nbsp;编制电气规格书、测试报告、BOM、维修手册，跟进认证（3C等）。
制定硬件测试方案，开展功能测试、可靠性测试、高低温、静电、老化测试。

7. 输出测试报告，记录问题，迭代优化设计方案，满足行业标准与客户需求。

8. 输出设计文档、规格书、测试报告、维修手册、工艺指导文件。
 
任职要求
 
1.&nbsp;电气工程、电子信息、机电一体化本科及以上；

2.&nbsp;1年以上小家电/白电硬件研发经验，熟悉开关电源、单片机控制；

3.&nbsp;会使用Altium Designer、万用表、示波器等测试工具；

4.&nbsp;熟悉家电3C安规、EMC标准，具备不良分析整改经验；

5.&nbsp;熟悉电机、加热、温控、传感器电路，有成品量产跟进经验优先。",单片机 MCU 功能测试 BOM Designer,https://jobs.51job.com/kunshan/172517341.html?s=sou_sou_soulb&t=0_0&req=1b6270d80a827c6e209eda66a75547f4
研发硬件实习生,彼欧光电系统（昆山）,4-5千,昆山,昆山,本科,无需经验,2026-07-07 16:12:35,job51,"Job responsibilities:
1, 协助工程师电子硬件的项目开发及测试；
2, 协助工程师完成开发文档

Job Requirements:
1, 本科及以上学历，电子信息工程相关专业",responsibilities Requirements,https://plasticomnium-lighting.51job.com/job_show.html#jobid=172826226&poscode=1
QA总监,江苏烽禾升智能科技,4-5万,昆山,昆山,本科,8年及以上,2026-06-29 19:07:19,job51,"职责一	软件开发流程体系建设	
主导磁悬浮软件开发全生命周期流程的定义、推广、落地与持续优化
基于CMMI模型（重点），建立并完善适配公司业务特点的软件开发流程体系
推动CMMI流程规范执行，提升开发过程的标准化、可视化与可控性
职责二	软件开发过程的规范管理	
制定并推广覆盖需求、设计、开发、测试、发布、维护的全生命周期规范
组织过程审计，监督规范执行，对不符合项进行闭环管理
职责三	软件开发过程质量管理	
建立磁悬浮软件质量管理体系，覆盖需求/设计/开发/测试/发布/维护全过程
制定软件质量度量体系（如过程符合度、评审效率、预防）
组织质量评审与里程碑检查，识别过程风险并推动改进
职责四	 软件测试管理
统筹软件测试体系的建设与管理，包括测试流程、测试策略、测试标准
确保测试活动与开发流程有效衔接，服务于整体软件质量目标
负责测试过程的规范性、有效性和持续改进
职责五	软件开发过程规范存储建立并维护软件开发过程规范资产库
推动规范的版本管理与团队便捷检索使用
职责六	团队管理
负责软件QA团队的组建、培训、考核与能力提升
指导QA工程师开展过程审计、不符合项跟踪、质量报告等工作
协调跨部门质量相关事项
任职要求：
1、本科及以上学历，计算机/软件工程/质量管理相关专业
2、8年以上软件质量/测试领域经验，其中3年以上QA团队管理经验
3、深刻理解软件开发全生命周期（需求、设计、开发、测试、发布、维护）
4、精通CMMI模型，熟悉敏捷与CMMI的结合实践，熟悉软件质量管理体系
5、了解软件测试理论与过程管理，熟悉AUTOSAR标准
6、熟悉软件开发全生命周期，具备过程规范管理与质量度量能力，具备数据分析能力，能用数据驱动质量改进
7、优秀的流程设计与推广能力，能推动研发团队接受并执行规范，良好的数据分析与质量度量能力，较强的跨部门沟通与推动问题解决能力",审计 版本管理 团队管理 培训 数据分析,https://jobs.51job.com/kunshan/172731287.html?s=sou_sou_soulb&t=0_0&req=1b6270d80a827c6e209eda66a75547f4
MES运维工程师（派驻越南）,立讯精密工业,1-1.5万,昆山,昆山,大专,3年及以上,2026-08-08 09:01:57,job51,"岗位职责

1.&nbsp;负责MES系统日常运维、故障排查，快速解决产线系统使用问题，保障系统稳定运行。
2.&nbsp;处理MES系统账号创建、权限分配与回收，完成系统基础配置、数据维护及接口异常处理。
3.&nbsp;协助完成MES系统软硬件对接调试，配合产线、开发团队完成系统优化与版本测试。
4.&nbsp;编写运维SOP及技术知识库，规范运维流程，提升问题处理效率。

任职要求
 
1.&nbsp;大专及以上学历，计算机、自动化相关专业，1-3年MES运维相关工作经验。
2.&nbsp;熟悉MES系统运维流程，能独立处理系统常见故障，熟练掌握Oracle、SQL Server等基础数据库操作。
3.&nbsp;了解工控设备、局域网基础运维，熟悉Windows系统及域控管理优先。
4.&nbsp;具备良好的跨部门沟通能力，能高效对接产线、开发、品质等团队，清晰传递问题、协调解决；工作严谨细致，执行力强，能适应制造业倒班或应急响应需求。",Oracle SQL Server 故障排查 知识库 系统运维 应急响应,https://jobs.51job.com/kunshan/172916026.html?s=sou_sou_soulb&t=0_0&req=1b6270d80a827c6e209eda66a75547f4
嵌入式工程师（2026年校招）,普罗斯通信技术（苏州）,8千-1万,昆山,昆山,本科,在校生/应届生,2026-06-16 14:25:59,job51,"1、负责嵌入式系统软件代码编写、调试与维护。
2、负责嵌入式开发相关技术文档编写、维护，编写总结报告等。
3、负责协助生产工艺文档编写、维护及生产指导。
4、负责各类数字板、控制板、功能板的软硬件调试。
5、负责产品的基本功能性测试，协助可靠性测试。

任职要求：
1、本科学历，电子、自动化、通信类相关专业；
2、熟悉CORTEX-M0/M3/M4和ARM/ZYNQ下位机软件开发，熟悉常用的外设器件的使用和编程；
3、熟悉C/C++/Python语言，有实时嵌入式系统开发经验，了解FreeRTOS，uCos，嵌入式Linux者优先；
4、熟悉各类嵌入式通信接口，如IIC，SPI，串口，网口，485通信接口等等；
5、熟悉模拟电子、数字电子电路分析，了解电路调试；
6、CET6，熟练的英语读写能力，能阅读英语技术文档；口语能交流；
7、有实际嵌入式AI项目经验者优先。",ARM C++ Python RTOS 嵌入式Linux SPI 技术文档 文档编写,https://jobs.51job.com/kunshan/171014803.html?s=sou_sou_soulb&t=0_0&req=1b6270d80a827c6e209eda66a75547f4
2027届本/硕/博应届生储备,华天科技（昆山）电子,7千-1.3万·13薪,昆山,昆山,本科,在校生/应届生,2026-08-04 16:49:42,job51,"一、公司介绍
华天电子集团成立于2003年8月，其前身是成立于1969年的国营永红器材厂（749厂），是中国设计、研制和生产集成电路的企业之一。集团现有总资产280多亿元，员工30000多名，是世界半导体集成电路封装测试行业的知名企业，在全国排名第3，世界排名第6，关键核心封装测试技术达到世界先进水平。集团拥有天水华天科技股份有限公司（上市公司，代码：002185），华天科技（西安）有限公司、华天科技（昆山）电子有限公司、华天科技（南京）有限公司、华羿微电子股份有限公司、等30多家企业，遍及天水、西安、宝鸡、南京、昆山、上海、成都、深圳及美国凤凰城、马来西亚怡保等多个国家地区，已形成了集团化、国际化的产业发展新格局。
华天昆山主要从事超大规模半导体封装、测试及模组生产、拥有六大技术平台：TSV、BUMPING、WL-CSP、Fan-Out、FC、TEST。公司全面布局晶圆级先进封装技术，自主研发了硅基扇出型封装技术，硅基埋入系统及封装技术，3D堆叠技术，汽车电子晶圆级封装技术等多种前沿封装技术，欢迎广大有志之士加入，共创美好明天！

二、公司技术平台
企业技术中心
技术创新示范企业
博士后科研工作站
知识产权优势企业
承担国家科技部重大02专项、国家科技部先进制造“863计划” 
江苏省高新技术企业
江苏省企业技术中心
江苏省工程技术研究中心、苏州市企业研究院等研发平台 
昆山半导体行业协会会长单位 
获得第十届、第十一届、第十二届中国半导体创新产品和技术奖，集成电路战略联盟封测技术创新奖
江苏省重大科技成果转化项目 
国家科学进步奖
三、招聘对象
2027届 /本科/硕士/博士应届生（600位）
招聘专业：半导体、封装、电子信息、微电子、材料、物理、化学、机电、机械、自动化、计算机科学、软件工程、IT类等理工科专业
本科应届生年薪：12-14W、硕士年薪15-20W、博士面议
责任制工作时间：8:30-17:30（周一至周五）
四、招聘岗位;
1、工艺工程师
主要职责：
1)按照工艺文件对流程进行工艺控制，跟踪执行改善问题的措施
2)新工艺导入、制定工艺SOP 
3)评估产品生产工艺，主导新产品、程序及新设备工艺验证，制订工艺参数标准并文件化
2、产品工程师
1)负责新产品导入；
2)新产品系统建立；
3)新产品规格制定；
4)新产品量产导入过程中涉及所有产品的设计安排，客户和内部相关单位的沟通协调管理等事项。
3、测试工程师
1)测试新产品测试程序开发和验证 
2)测试数据分析和收集，数据分析，测试良率提升 
3)解决生产过程中的异常，配合产线完成产出任务
4、设备工程师
1.负责设备故障异常分析和及时处理 ；
2.负责设备的备品备件及安全库存管理 ；
3.设备改造和备件改良项目 ；
4.新设备评估，调试和验收；
5、自动化软件工程师
1、工业自动化，自动控制，软件设计或相关专业；
2、熟练使用C#；
3、熟悉常用通讯协议、运动控制，数据采集和机器视觉；
4、熟悉 SQL/MYSQL/oracle数据库的一种编程。
6、研发工程师
岗位主要职责：
1、先进封装技术开发；
2、晶圆级封装可靠性研究；
3、先进封装制程工艺研究。
基本任职资格：
1、2027年应届硕士毕业生，微电子、光电、化学、物理、半导体、封装、电子、材料等理工科专业；
2、扎实的物理化学基础理论知识，熟悉封装材料性质，结构，应力，散热性和可靠性知识优先；
3、参与集成电路封装项目，有实际封装设计和封装项目开发经验优先；
4、熟练使用office办公软件，会使用常见封装设计软件和仿真软件优先；
5.强烈的工作责任心和快速响应；能够承担较强的工作压力；
7、高级研发工程师
岗位职责
1.先进封装新技术开发：根据公司发展需求进行新产品研发、新工艺研发
2.带领技术团队，解决公司产品技术难题，实现现有封装技术的完善与提升
3.研发项目日常管理：包括调研与评估，实验设计与验证，数据分析与撰写报告，资源协调及项目总结等
4.撰写专利、论文及项目申请书等文件，协助达成公司有关知识产权、论文及项目申报的指标
5.其他领导分配的任务
岗位要求
1.博士学历，微电子、光电、化学、物理、半导体、封装、电子、材料等理工科专业
2.具有扎实的理论基础和专业知识，具有较强的科研能力和敬业精神，能够独立开展课题研究
3.具有良好的逻辑思维、沟通能力、创新能力及团队合作精神，对研发工作有浓厚兴趣
4.具备一定的抗压能力，攻坚能力。适应能力与学习能力强，可以较快适应新环境，掌握新的技能，熟悉新的工作。

五、人才培养： 
依培训考核结果、专业匹配度、个人意愿分配部门和岗位，拥有系统完善的培训体系。

六、薪资福利：
1、薪资构成：工资 +年终奖； 
2、巨大的发展空间：完善的培训机制（企业内训、外聘教师内训、技术交流、外派国外培训）、管理人才培养计划、完善的等级晋升渠道。
3、竞争性激励薪酬制度：能者高薪，依据积分不定时进行调整薪资（不受调薪次数的限制，达到积分的标准即可调薪）各类项目及技术创新奖金、丰厚的年终奖、业绩奖金。
4、一流的管理模式：目标驱动的全面绩效管理、以人为本的管理氛围、持续优化的质量管理体系（引入ISO9001/TS16949/QC080000/TS14001质量认证体系）。
5、完善的保险福利制度（养老保险/医疗保险/工伤保险/失业保险/生育保险/住房公积金等）。
6、多彩的员工业余娱乐活动（歌手大赛、运动会、中秋活动、年终晚会、员工旅游等，生活区设有健身房、专业羽毛球场、电影间、卡拉OK室等）。
7、提供餐补和设备齐全舒适的职工宿舍（4~6人间），另有精装单身公寓供选择。
七、联系方式：
联系电话：扈小姐 
公司地址：江苏省昆山市经济技术开发区龙腾路112号",C# SQL MySQL Oracle 知识产权 数据分析 数据采集 资源协调 专利 培训,https://jobs.51job.com/kunshan/173149570.html?s=sou_sou_soulb&t=0_0&req=1b6270d80a827c6e209eda66a75547f4
伺服驱动器软件开发工程师,苏州特点电子科技,2-3万,常熟,常熟,本科,5年及以上,2026-07-24 08:51:06,job51,"关于您的职位描述：
1、 负责伺服驱动器控制软件功能开发和完善；
2、 负责伺服驱动器整机应用测试；
3、 负责客户技术支持及客户培训。

我们期待的您：
1、5年以上相关工作经验；
2、有伺服驱动软件开发经验者优先；具备交流伺服驱动、电机控制等相关理论知识；熟悉DSP\FPGA等芯片的基本架构和编程知识；
3、能配合加班及出差，具良好的团队合作意识；
4、本科及以上学历，电气工程及其自动化、电子信息工程、计算机等相关专业。

您将拥有：
1. 广阔的发展前景；
2. 完善的薪酬体系；
3. 畅通的晋升渠道；
4. 良好的福利待遇；
5. 优美的工作环境；
6. 融洽的工作氛围。

苏州特点电子科技有限公司期待您的加入！",DSP FPGA 技术支持 培训,https://jobs.51job.com/changshu/139711427.html?s=sou_sou_soulb&t=0_0&req=5fc365601f86ddb32551578d38d12560
嵌入式软件工程师（常熟）,昆山兴威联电气,1.2-2万,常熟,常熟,本科,2年及以上,2026-06-24 16:30:10,job51,"1：2年以上嵌入式软件开发经验，良好的代码编写风格
2：开发过Linux系统驱动或应用程序
2：熟练运用C语言，单片机STM32，ARM，DSP等常见MCU软件开发
3：熟悉profinetProfibus Ethernet/IP EtherCAT等常用现场总线通讯协议者优先录取
4：本科以上学历，电子、自动化、计算机科学与技术等专业",Linux C语言 单片机 STM32 ARM DSP MCU,https://jobs.51job.com/changshu/160032226.html?s=sou_sou_soulb&t=0_0&req=5fc365601f86ddb32551578d38d12560
产品开发工程师——高分子材料,加通汽车内饰（常熟）,8千-1.5万·13薪,常熟,常熟,本科,3年及以上,2026-07-15 17:21:03,job51,"职位设置目的
Purpose of Position:
?开发技术经理指派的新产品。
? Develop new products assigned by Technical Manager.
?这些项目由业务计划通过PBAR(潜在业务分析请求)过程驱动，并使用APQP(前期产品质量计划过程)执行，以满足成本、质量和功能;
?These projects are driven by the Business Plan through the PBAR (Potential Business Analysis Request) process and are executed using an APQP (Advance Product Quality Planning Process) in order to meet cost, quality, and functionality;
?launch计划，制造和规格要求。
?launch schedule, manufacturing and specification requirements.
?执行技术经理指派的成本和产能改进项目。
? Execute projects of cost and capacity improvement as assigned by Technical Manager.
?为生产操作提供技术支持和故障排除。
? Provide technical support and troubleshooting to manufacturing operations.
?为客户提供技术支持和故障排除。
? Provide technical support and troubleshooting to customers.
?遵守健康、安全和环境政策和法律。
? Comply with Health Safety and Environmental policies and legislation.
主要岗位职责:
Principal Accountabilities:
?在汽车业务部门开发和推出产品。
? To develop and launch products in the Automotive business units.
为内部和外部客户提供技术支持。
? Technical support to internal and external customers.
?专业发展。
? Professional Development.
?成本/产品改进。
? Cost / Product Improvement.
创建和维护BOM，工艺规范，控制计划和FMEA。
? Create and maintain BOM, Process Specs, Control Plans, and FMEA’s.
?指导技术人员和工厂员工在试验和测试期间的活动。 
? Direct activity of technicians and plant employees during trials and testing.
 
学历及技能要求
Knowledge and Skill Requirements:
? 工程、科学或相关专业本科学历。
? B Sc. in Engineering, Science or equivalent.
?有能力参与和领导跨职能团队。
? Ability to participate in and lead cross functional teams.
?能够成功地与客户、供应商和管理层沟通概念和想法。
? Ability to successfully communicate concepts and ideas to customers, suppliers, management.
?出色的解决问题能力。
? Excellent problem solving skills.
?全面了解所管理产品和客户应用。
? Thorough knowledge of managed products and customer applications.
?了解健康、安全和环境政策和法律。
? Knowledge of Health Safety and Environmental policies and legislation.
?流利的中英文书写能力。
? Fluent in written Chinese and English.
熟练使用Word和Excel软件。
? Knowledge of MS Word and Excel.",Gin ROS 技术支持 Purpose Develop These Business Plan,https://jobs.51job.com/changshu/143688671.html?s=sou_sou_soulb&t=0_0&req=5fc365601f86ddb32551578d38d12560
嵌入式软件开发,杭州喆芯通信技术,1-1.5万·13薪,常熟,常熟,本科,4年及以上,2026-08-05 13:51:26,job51,"杭州喆芯聚焦于为各细分行业客户提供物联网及智能解决方案。
经数年发展，已先后设立香港喆芯电子、喆芯微（成都）电子、喆芯通信、喆芯智联等子公司，在上海、杭州、苏州、成都、深圳均设有办公点，为客户提供本地化服务。
目前喆芯已完成了完整的IOT市场代理产品线布局，主要代理泰凌、芯海、聚辰、润石、必易微等25+产品线，也是泰凌微等品牌头部代理商和方案商。产业链覆盖IOT芯片，MCU，射频器件、电源模拟信号链、传感器等其他周边器件。
同时，喆芯还搭建了完备的研发技术支持团队，具备快速智能化软硬件方案输出服务能力，助力客户产品快速上市。选择喆芯，合作共赢！

岗位职责
1.根据项目任务，完成所负责项目的嵌入式软件需求拆解、细化和确认;
2.根据详细设计需求，完成嵌入式软件的设计和开发，独立处理和解决所负责任务，包括硬件平台调试、模块测式等;
3.上级交付的其它工作。
职位要求：
-计算机、通信、电子、自动化等相关专业，本科及以上学历；
-熟悉数电模电、微机/单片机原理、数据结构、算法、操作系统、通信原理等基础知识；英语CET4级及以上，能够熟练的阅读英文数据手册和开发资料；
-具有嵌入式系统开发经验，熟练使用C/C++语言编程开发。
-具有BLE相关开发经验，如BLE应用程序、SDK、协议栈等；
-具有以下一项或多项经验者优先：
1、参与过BLE SDK开发；
2、参与过蓝牙/2.4G音频产品开发（如TWS、headset、音响等），熟悉音频性能指标和算法；
3、熟悉Bluetooth、Zigbee、WIFI、Thread、Matter等物联网协议标准，并具有相关软件开发经验；
4、熟悉FreeRTOS、Zephyr、uCOS、liteOS等操作系统，并具有相关软件开发经验，嵌入式软件开发(Linux/单片机/PLC/DSP等)

核心价值：
1.权益深度绑定，共享长远未来
这里不是雇佣，而是邀请你成为“共同创造者”。我们提供具有吸引力的核心股权/期权，你的专业付出与业务成果将与公司的长期价值直接挂钩，真正实现“同风险、共成长”。
2.自主决策，专业获得充分信任
我们尊重专业判断，不设繁琐审批与过度管控。你可以基于目标、数据与专业判断高效决策，在明确的权责边界内，拥有充分的施展空间与资源支持。
3.纯粹做事的环境，回归创造本质
团队由一批务实专注、着眼长远的伙伴组成。我们鼓励坦诚沟通、高效协同，拒绝办公室政治，让精力聚焦于解决问题与创造价值本身。

福利待遇：
1、工作时间：8小时/天，双休，节假日放假按国家规定执行；
2、缴纳五险一金
3、每年组织年度旅游；
4、每年安排员工体检；
5、提供各类补贴（出差通勤补助，餐补，通信补助，出差住宿补助，各类培训补助等等）
6、聘请专业律师提供常年的法律咨询服务，定期开展法律相关讲座；
7、聘请专业医生（博士）提供常年的健康咨询服务，每月开展健康相关讲座；
8、提供各种专业的技能，心态，管理等方面的外训和内训，良好的工作和学习氛围让你不断提升自我，成就自我；
9、传统节假日（春节，端午，中秋，三八）礼品，生日礼物，婚丧津贴发放；
10、定期组织户外露营烧烤，户外骑行徒步，聚餐，K歌，狼人杀等丰富的文体活动；
11、年轻化的工作团队，良好开放的工作氛围，秉承敬业，奋进，利他，包容的我们，欢迎具备优质潜力的您加入我们的队伍！",MCU 单片机 C++ 4G Bluetooth WiFi RTOS Linux DSP 技术支持 培训,https://jobs.51job.com/changshu/168495518.html?s=sou_sou_soulb&t=0_0&req=5fc365601f86ddb32551578d38d12560
软件开发工程师（机器人二次开发方向）,山东恒元智启智能具身,1.2-1.8万,常熟,常熟,本科,3年及以上,2026-06-29 11:42:49,job51,"职位概述
 
基于主流人形机器人、轮式移动机器人及通用机器人开发平台，开展软件系统二次开发与场景化定制工作。负责功能模块开发、外设驱动适配、业务逻辑集成与系统联调，支撑工业制造、物流分拣、商业服务等场景的定制化落地，保障机器人软件系统稳定运行与功能迭代。
 
岗位职责
 
1.&nbsp;平台适配与二次开发
​
- 基于机器人现有软件架构与SDK，根据场景需求完成功能定制与模块扩展，输出可落地的软件二次开发方案
​
- 负责外设与第三方组件的软件开发适配，包括视觉模组、末端执行器、工业传感器、专用作业工具等的驱动开发与接口封装
​
- 完成业务逻辑开发、系统接口对接与协议适配，解决新增功能与原生系统的兼容性、时序匹配问题
​
2.&nbsp;系统集成与联调验证
​
- 统筹软件子系统联调，定位并解决功能异常、通信丢包、性能瓶颈、资源占用过高等系统级问题
​
- 负责定制化功能的单元测试、集成测试与现场验证，输出测试报告与问题整改方案
​
- 配合硬件、算法团队完成整机联调，协同排查软硬件交互、算法落地中的交叉领域问题
​
3.&nbsp;现场交付与技术支持
​
- 支撑客户现场软件部署、参数调试与版本升级，快速排查并解决现场软件故障，保障项目交付进度
​
- 编写软件二次开发技术文档，包括设计说明、接口手册、部署指南、维护规范等
​
- 沉淀标准化软件适配方案与通用组件库，提升二次开发效率与方案复用性
​
4.&nbsp;技术预研与迭代
​
- 跟踪人形机器人软件技术与开源生态发展，评估新型框架、工具、组件的适配可行性
​
- 参与二次开发平台的接口标准化、工具链建设，持续优化开发效率与系统稳定性
 
任职要求
 
基础要求
 
- 本科及以上学历，计算机科学与技术、自动化、软件工程、电子信息等相关专业
​
- 3年及以上软件开发或系统集成经验，有机器人、智能装备、工业自动化相关项目经验优先
​
- 具备独立的问题分析与排查能力，逻辑清晰，动手能力强
 
专业技能
 
- 熟练掌握C++/Python至少一种主流开发语言，具备良好的编码规范与软件工程意识
​
- 熟悉ROS/ROS2系统架构，掌握节点、话题、服务、动作通信机制，有基于ROS的功能开发与调试经验
​
- 熟悉CAN、EtherCAT、TCP/IP、串口等常用通信协议，具备接口调试与协议解析能力
​
- 掌握常用调试与性能分析工具，能独立完成功能验证、问题定位与性能优化
​
- 了解机器人运动控制、导航、感知等核心模块的基本原理与交互逻辑
​
- 具备Linux系统下开发与部署经验，熟悉常用shell命令与环境配置
 
优先条件
 
- 有人形机器人、工业移动机器人平台二次开发或现场部署经验
​
- 有机器视觉、力控、末端执行器驱动开发相关经验
​
- 具备工业产线、物流仓储、商业服务等场景机器人落地项目经验
​
- 熟悉嵌入式软件开发或Qt等上位机界面开发
​
- 具备良好的客户沟通能力与项目推动能力，能独立对接客户技术需求",C++ Python ROS CAN TCP/IP Linux Shell 技术支持 技术文档 客户沟通,https://jobs.51job.com/changshu/172721782.html?s=sou_sou_soulb&t=0_0&req=5fc365601f86ddb32551578d38d12560
硬件系统工程师（机器人二次开发方向）,山东恒元智启智能具身,1.2-1.8万,常熟,常熟,本科,3年及以上,2026-06-29 11:39:33,job51,"职位概述
 
基于主流人形机器人、轮式移动机器人及通用机器人开发平台，开展硬件系统二次开发与场景化适配工作。负责外设集成、接口拓展、电气改造与系统调试，支撑工业制造、物流分拣、商业服务等场景的定制化落地，保障机器人硬件系统在客户现场的稳定运行与功能迭代。
 
岗位职责
 
1.&nbsp;平台适配与二次开发
​
- 基于机器人现有硬件架构（关节模组、算力控制系统、多传感器网络），根据客户场景需求制定硬件二次开发方案，完成功能拓展与性能优化
​
- 负责机器人本体外设集成，包括工业传感器、视觉模组、末端执行器、专用作业工具等的硬件选型、接口设计与电气集成
​
- 开展供电系统、通信总线、线束拓扑的适配改造，解决新增模块与原生系统的兼容性问题
​
2.&nbsp;系统集成与调试验证
​
- 统筹硬件子系统联调，排查供电异常、通信不稳定、信号干扰、EMC/EMI、热可靠性等系统级问题
​
- 负责定制化硬件方案的原型搭建、功能测试、性能验证与可靠性测试，输出测试报告与整改方案
​
- 配合软件、算法团队完成整机联调，定位并解决软硬件接口、时序匹配等交叉领域问题
​
3.&nbsp;现场交付与技术支持
​
- 支撑客户现场部署与硬件调试，快速排查并解决现场硬件故障，保障项目交付进度
​
- 编写硬件二次开发技术文档，包括方案说明、接线定义、调试手册、维护规范等
​
- 沉淀标准化硬件适配方案与组件库，提升二次开发效率与方案复用性
​
4.&nbsp;技术预研与迭代
​
- 跟踪人形机器人硬件技术发展，评估新型传感器、执行器、算力平台的适配可行性
​
- 参与硬件接口标准化、模块化设计，推动二次开发平台的能力建设
 
任职要求
 
基础要求
 
- 本科及以上学历，电子工程、自动化、机电一体化、测控技术等相关专业
​
- 3年及以上硬件开发或系统集成经验，有人形机器人、工业机器人、智能装备相关项目经验优先
​
- 具备独立的硬件问题分析与排查能力，逻辑清晰，动手能力强
 
专业技能
 
- 熟悉复杂机电系统组成，掌握电源、执行器、传感器、嵌入式控制、通信总线等子系统原理
​
- 精通CAN、EtherCAT、RS485、以太网等常用工业总线与接口协议，具备接口调试与问题定位能力
​
- 熟练使用示波器、频谱仪、电子负载、电源等测试仪器，能独立完成硬件功能与性能测试
​
- 掌握原理图与PCB设计基础知识，能读懂硬件电路，完成简单的接口板、适配板设计优先
​
- 了解EMC/EMI设计规范与接地屏蔽技术，具备现场电磁干扰问题整改经验
​
- 具备基本的机械结构认知，能配合结构团队完成硬件安装布局与结构适配
 
优先条件
 
- 有人形机器人、工业机器人平台二次开发或现场部署经验
​
- 熟悉ROS/ROS2系统架构，了解硬件驱动与上层软件交互逻辑
​
- 具备工业产线、物流仓储、商业服务等场景机器人落地项目经验
​
- 有电机驱动、电池管理、力觉/触觉传感器集成相关经验
​
- 具备良好的客户沟通能力与项目推动能力，能独立对接客户技术需求",CAN ROS 功能测试 技术支持 技术文档 性能测试 客户沟通,https://jobs.51job.com/changshu/172721682.html?s=sou_sou_soulb&t=0_0&req=5fc365601f86ddb32551578d38d12560
单片机软件工程师,均创人力资源（常州）,1.5-3万,常熟,常熟,本科,5年及以上,2026-06-15 13:42:26,job51,"工作职责：
1.负责汽车电子模块的嵌入式软件的设计，开发，执行，测试的全方位工作。包括分析需要，根据要求制定详细的软件说明及运算法则，CPU资源分析，设计，编写，发行；
2.根据软件开发程序，保证软件的质量及后续的改进工作；
3.撰写和维护工程文件满足质量体系的要求；
4.评审与发行软件工程文件和报告；
5.参与软件设计评审；
6.为软件验证过程提供支持。评审软件的验证计划；
7.参与标准程序的开发并实行；
8.与客户及电子工程师，机械工程师，项目管理人员，产品验证和生产等内部人员合作；
岗位要求：
1.嵌入式C和汇编语言,CAN和LIN总线，底层CAN驱动器配置，以及内嵌CAN模块应用知识。
2.有意法半导体STM8系统处理器开发经验
3.熟悉软件开发与测试流程
4.本科以上学历，电子信息、通信、软件技术、计算机应用、自动化、车辆工程等专业，5年以上工作经验",汇编 CAN 项目管理,https://jobs.51job.com/changshu/172556445.html?s=sou_sou_soulb&t=0_0&req=5fc365601f86ddb32551578d38d12560
软件工程师（苏州常熟）,上海科泽智慧环境科技,2-3万,常熟,常熟,本科,3-5年,2026-08-05 11:06:50,job51,"岗位职责

1、负责环境分析类仪器、仪表产品的软件开发、维护，并持续优化固件性能；
2、配合产品负责人完成业务算法与流程的实现与优化；
3、使用 Git 管理 STM32 工程、Linux 应用代码，做好版本迭代、变更记录。
4、输出配套文档：通信协议文档、软件设计说明、调试手册、版本更新说明、标定使用说明。
5、配合测试部完成软件测试、BUG 回归，输出测试相关资料；支撑产品批量生产。
6、编写简易出厂校准程序、整机自检程序，满足生产线烧录、自检需求。
7、产品维护与迭代优化。

任职要求

1、本科以上学历，计算机软件、数学、电子、自动化等相关专业;
2、具备扎实的C/C++编程能力，编码规范良好;
3.、熟悉 Linux 常用命令、交叉编译、Linux 下多线程、串口、Socket 网络编程；掌握 Modbus、自定义串口协议，会使用协议分析仪排查通信问题；了解 全志A40i 、NXP i.MX6U5这类 ARM Linux 平台使用，看得懂设备树、能使用飞凌 SDK 建 Ubuntu 交叉编译环境，完成 ARM 平台程序编译、下载、部署、Linux 用户态开发、实现 A40i 与 STM32 的数据交互、业务算法实现、数据存储、网络功能开发、QT 嵌入式触摸屏界面开发、系统配置、根据需求简单修改设备树、配置系统外设资源，看懂原厂驱动 demo；
4、熟练 STM32 开发 + FreeRTOS，熟悉各类常用外设，熟练使用VScode、keil等开发环境，基于 STM32 HAL库开发外设驱动GPIO、ADC、UART/RS485、SPI、I2C、TIM、CAN 等，编写设备底层固件，使用 FreeRTOS 搭建多任务框架，数据采集、总线收发、外设动作控制、故障检测、看门狗防护，实现 Modbus-RTU、自定义串口协议，完成数据打包、CRC 校验、重传、超时容错机制，原始 AD 数据滤波、零点标定、硬件采样数据预处理，配合算法输出原始检测值，固件调试、bug 修复，配合测试完成高低温、电磁兼容相关固件稳定性优化。
5、能看懂基础硬件原理图，会使用基础测量调试仪器；
6、具备良好的英语读写能力，能够独立、主动、负责任地推进工作，有较强的责任心与团队协作精神。有工控、水质分析仪、气体检测仪器类项目开发经验的优先。",Git STM32 Linux C++ Modbus ARM RTOS UART SPI I2C CAN 数据采集,https://jobs.51job.com/changshu/173157339.html?s=sou_sou_soulb&t=0_0&req=5fc365601f86ddb32551578d38d12560
软件工程师,上海科泽智慧环境科技,2-3万,常熟,常熟,本科,3-5年,2026-07-31 15:29:50,job51,"岗位职责

1、负责环境分析类仪器、仪表产品的软件开发、维护，并持续优化固件性能；
2、配合产品负责人完成业务算法与流程的实现与优化；
3、使用 Git 管理 STM32 工程、Linux 应用代码，做好版本迭代、变更记录。
4、输出配套文档：通信协议文档、软件设计说明、调试手册、版本更新说明、标定使用说明。
5、配合测试部完成软件测试、BUG 回归，输出测试相关资料；支撑产品批量生产。
6、编写简易出厂校准程序、整机自检程序，满足生产线烧录、自检需求。
7、产品维护与迭代优化。

任职要求

1、本科以上学历，计算机软件、数学、电子、自动化等相关专业;
2、具备扎实的C/C++编程能力，编码规范良好;
3.、熟悉 Linux 常用命令、交叉编译、Linux 下多线程、串口、Socket 网络编程；掌握 Modbus、自定义串口协议，会使用协议分析仪排查通信问题；了解 全志A40i 、NXP i.MX6U5这类 ARM Linux 平台使用，看得懂设备树、能使用飞凌 SDK 建 Ubuntu 交叉编译环境，完成 ARM 平台程序编译、下载、部署、Linux 用户态开发、实现 A40i 与 STM32 的数据交互、业务算法实现、数据存储、网络功能开发、QT 嵌入式触摸屏界面开发、系统配置、根据需求简单修改设备树、配置系统外设资源，看懂原厂驱动 demo；
4、熟练 STM32 开发 + FreeRTOS，熟悉各类常用外设，熟练使用VScode、keil等开发环境，基于 STM32 HAL库开发外设驱动GPIO、ADC、UART/RS485、SPI、I2C、TIM、CAN 等，编写设备底层固件，使用 FreeRTOS 搭建多任务框架，数据采集、总线收发、外设动作控制、故障检测、看门狗防护，实现 Modbus-RTU、自定义串口协议，完成数据打包、CRC 校验、重传、超时容错机制，原始 AD 数据滤波、零点标定、硬件采样数据预处理，配合算法输出原始检测值，固件调试、bug 修复，配合测试完成高低温、电磁兼容相关固件稳定性优化。
5、能看懂基础硬件原理图，会使用基础测量调试仪器；
6、具备良好的英语读写能力，能够独立、主动、负责任地推进工作，有较强的责任心与团队协作精神。有工控、水质分析仪、气体检测仪器类项目开发经验的优先。",Git STM32 Linux C++ Modbus ARM RTOS UART SPI I2C CAN 数据采集,https://jobs.51job.com/changshu/173113328.html?s=sou_sou_soulb&t=0_0&req=5fc365601f86ddb32551578d38d12560
电气工程师（空压机控制方向）,苏州通润驱动设备,8千-1.5万,常熟,常熟,本科,3年及以上,2026-07-31 20:59:20,job51,"岗位职责
1.负责空压机电气控制系统总体方案、控制架构和安全保护逻辑设计。
2.完成电气原理图、接线图、控制柜设计、元器件选型、电气BOM及技术文件。
3.负责PLC、HM1、变频器、软启动器、传感器及执行器的应用设计和程序调试。
4.负责联锁保护、故障报警、运行控制、通信和远程监控等控制功能的开发与验证。
5.跟进样机装配、整机调试和性能试验，分析电气及控制问题并推动闭环。
6.负责电气设计变更、程序版本、参数配置及标准化资料的维护。
7.为生产、质量、售后和客户现场提供电气技术支持，必要时配合短期出差。
必须具备
1.电气工程、自动化、机电一体化等相关专业，本科及以上学历;项目经验特别匹配者可适当放宽。
2.3年以上工业设备电气设计或自动化控制经验，能够独立完成从方案、电气设计到调试交付的全过程。
3.熟悉低压电气元器件选型、控制柜设计、PLC、HMI、变频器和传感器应用。
4.能够独立绘制电气原理图和接线图，编制电气BOM、控制说明及调试文件。
5.熟悉至少一种主流PLC及HMI开发环境，具备现场调试和故障定位能力。
6.了解Modbus RTU/TCP等常用工业通信方式，能够完成设备间通信调试。",Modbus 技术支持 HM1 PLC HMI RTU,https://jobs.51job.com/changshu/173117076.html?s=sou_sou_soulb&t=0_0&req=5fc365601f86ddb32551578d38d12560
FAA System Engineer,科力梦行汽车系统（常熟）,40-50万/年,常熟,常熟,本科,5年及以上,2026-06-22 17:04:20,job51,"Overview
ClearMotion is seeking a hands-on Systems Engineer to support our actuator manufacturing operations in Changshu, China. This role is focused on technical problem solving on the production line, including root cause analysis of actuator performance issues, investigation of test failures, and continuous improvement of product performance, quality, and cost. The ideal candidate is highly analytical, comfortable working in a fast-paced manufacturing environment, and passionate about using data to uncover and resolve complex problems. The role involves frequent collaboration with engineering teams in the United States, requiring strong English communication skills. The candidate must be able to demonstrate experience with automotive products specifically in the development and production phases. 

Key Responsibilities
•	Lead root cause analysis for actuator issues identified during manufacturing, test, or field evaluation
•	Maintain and improve existing MATLAB tools used to analyze manufacturing and product test data.
•	Develop and release new data analysis MATLAB tools to support troubleshooting, validate design/process changes, and monitor production.
•	Analyze large data sets from production and test systems to identify trends, failure modes, or process deviations
•	Collaborate closely with manufacturing, quality, and design engineering teams to implement corrective actions
•	Interface with OEM engineering teams to collect and process field data from end customers and other tests.
•	Frequently collaborate with U.S. based engineering teams to align on issues, share findings, and implement solutions across sites.
•	Design, plan, and execute experiments to validate hypotheses and drive product enhancements
•	Prepare clear technical reports summarizing findings, conclusions, and recommended corrective actions
•	Support deployment of data-driven solutions and best practices across the production line
Qualifications	
•	Bachelor’s or Master’s degree in Mechanical Engineering, Electrical Engineering, Mechatronics, Systems Engineering, or related field
•	Strong experience using MATLAB for data analysis, visualization, and reporting (required)
•	Demonstrated track record of using data to identify product or process issues (multiple concrete examples expected)
•	Experience in root cause analysis, failure investigation, or reliability engineering within manufacturing or hardware development
•	Familiarity with experimental design, validation testing, and statistical analysis
•	Ability to work on-site in Changshu and interact daily with manufacturing and test operations teams
•	Strong problem-solving mindset with the ability to independently structure investigations and drive issues to closure
•	Excellent written and verbal English communication skills for documenting analyses and presenting findings
Preferred Experience
•	Prior experience in actuator, automotive, motion control, or electromechanical systems manufacturing
•	Knowledge of manufacturing test systems, end-of-line testing, or production quality processes
•	Prior experience in writing technical documents such as engineering requirements, supplier specifications, work instructions, or testing methods. 
•	Knowledge with CAN communication and Labview is desirable
•	Extensive experience with Matlab tools

岗位概述 

科力梦行（ClearMotion）现招聘一名实操型系统工程师，常驻常熟执行器生产工厂，支撑公司执行器量产制造业务。本岗位核心工作聚焦产线技术难题攻关，包含执行器性能故障根因分析、各类测试失效问题排查，同时持续迭代优化产品性能、品质与生产成本。
理想候选人需具备极强数据分析思维，能适应快节奏量产工厂工作环境，擅长依托海量数据挖掘、解决复杂工程问题。岗位需高频与美国总部研发团队协同，因此要求优秀的英语读写、口语沟通能力。候选人必须拥有汽车类产品开发、量产落地阶段完整实战经验。

核心工作职责 

1.牵头对生产、台架测试、终端市场反馈的各类执行器故障开展完整根因分析（RCA）
2.维护、迭代现有用于工厂生产、产品测试数据分析的 MATLAB 工具
3.独立开发并上线全新 MATLAB 数据分析工具，用于故障定位、设计 / 工艺变更验证、全流程量产状态监控
4.解析产线、测试设备输出的海量数据集，挖掘失效规律、典型失效模式、工艺偏移问题
5.紧密协同生产、质量、研发设计团队，落地对应的整改纠正措施
6对接整车厂（OEM）研发团队，采集、处理终端客户实车路试与各类测试反馈数据
7.常态化对接美国研发团队，同步故障信息、共享分析结论，中美两地同步落地统一解决方案
8.自主设计、规划、开展验证试验，验证故障假设，推动产品性能迭代升级
9.输出逻辑清晰、内容完整的专业技术报告，汇总故障现象、分析结论、整改优化建议
10.在全厂范围推广数据驱动的问题解决方案与标准化优化作业流程


硬性任职要求
1.机械工程、电气工程、机电一体化、系统工程等相关专业本科或硕士学历
2.熟练运用 MATLAB 完成数据分析、可视化图表、技术报告输出（必备硬性条件，不可替代）
3.有完整落地项目案例证明：依靠数据定位产品缺陷、工艺问题（面试需提供多个真实项目实例）
4.拥有制造工厂、硬件研发场景下根因分析、失效排查、可靠性工程相关实操经验
5.熟悉试验设计、验证测试、工程统计分析整套方法论
6.可常驻常熟厂区办公，每日对接生产、测试一线作业团队
7.具备主动独立解决问题的思维，可自主搭建完整故障排查流程，全程推动问题闭环
8.优秀英文书面、口语能力，可独立撰写分析文档、线上向美方团队汇报分析结论


优先加分条件 
1.有执行器、整车底盘、运动控制、机电一体化系统量产制造从业经验
熟悉工厂测试设备、下线 EOL 检测、量产全流程质量管控体系
2.具备编写各类技术文档经验：工程需求规范、供应商技术标准、作业指导书、测试方案等
3.掌握 CAN 总线通讯知识、会使用 LabVIEW 者优先
4.具备大量 MATLAB 工具开发、迭代优化实战经验者优先",ARM Gin CAN MATLAB ROS 数据分析 故障排查 技术文档,https://jobs.51job.com/changshu/172640302.html?s=sou_sou_soulb&t=0_0&req=5fc365601f86ddb32551578d38d12560
高级电气程序设计工程师,百世孚（常熟）生物材料,1-2万,常熟,常熟,本科,5年及以上,2026-08-06 11:14:57,job51,"薪资面议
负责非标自动化设备的电气控制系统方案设计，独立完成电气元器件（PLC、伺服驱动器、传感器等）的选型与评估；
熟练使用EPLAN、AutoCAD Electrical等软件绘制电气原理图、接线图、柜内布局图及端子排图，并编制电气BOM清单；
负责PLC程序架构设计与编写（熟练掌握西门子、三菱、欧姆龙等主流品牌），完成HMI人机界面组态开发，实现设备逻辑控制、运动控制及报警管理等功能；
主导设备的厂内联调与测试，优化程序逻辑与运动参数，确保设备按节拍稳定运行；
配合机械、视觉等团队完成整线联动调试，解决调试过程中的电气与程序技术问题；
根据项目需要出差至客户端现场，负责设备的安装指导、现场调试、客户操作培训及售后故障排查，保障设备顺利验收与稳定运行；
编写并归档电气操作手册、维护手册、软件设计说明等技术文档。
任职要求：
本科及以上学历，电气工程及自动化、机电一体化等相关专业；
具备5年以上非标自动化行业电气设计与编程经验，能独立负责项目电气全流程工作；
精通至少一种主流PLC（西门子/三菱/欧姆龙等）的编程与调试，熟练掌握HMI组态及伺服运动控制系统应用；
熟练使用EPLAN、AutoCAD Electrical等电气绘图软件，熟悉电气安全标准与规范；
熟悉工业通信协议（如Modbus、EtherCAT等），有机器视觉、机器人集成调试经验者优先；
具备较强的逻辑思维能力、现场故障排查能力及客户沟通能力；
责任心强，具备良好的团队协作精神，能够适应出差至客户端进行售后技术支持。",Modbus 方案设计 培训 故障排查 技术文档 客户沟通 技术支持,https://jobs.51job.com/changshu/173172772.html?s=sou_sou_soulb&t=0_0&req=5fc365601f86ddb32551578d38d12560
Systems and SW Engineer,科力梦行汽车系统（常熟）,45-50万/年,常熟,常熟,本科,5年及以上,2026-06-11 11:17:36,job51,"Summary
We are looking for a talented Systems and SW Engineer to work on our breakthrough active suspension system for cars. As a member of the FAS (Full Active Suspension) Systems, Software and Vehicle Integration Engineering Group, you will be responsible for FAS system/SW integration into the OEM vehicle network. The successful candidate will be a passionate, confident, organized and driven team player. 
Responsibilities
•	Work within a small team of Systems, SW and Vehicle Integration engineers
•	Work cross-functionally to integrate CM1 SW from multiple modules
•	Work cross-functionally to integrate CM1 FAS system into the vehicle
•	Liaise with Quality and Production teams on warranty issues and line trials
•	Support authoring and executing vehicle-level FAS integration test plans
•	Support with vehicle build-up, reflashing and FAS systems engineering discussions with the customer
•	Support debugging, data logging and reporting any FAS system level issues to core engineering teams
Essential Qualifications and Experience 
•	Automotive Working experience for integrating SW, and bring the project to mass production.
•	Strong understanding of C-Language, Python language.
•	BS or equivalent in a relevant engineering field
•	Minimum of 5 years of Automotive Tier 1/Tier 2 experience/embedded system development
•	Ability to communicate clearly in English and experience of having technical discussions with customers
•	Strong understanding of automotive system development and vehicle integration
•	Experience of developing, maintaining, and debugging real-time embedded systems
•	Experience of working with model-based systems and SW engineering tool set (MATLAB Simulink, Speedgoat system, dSpace MicroAutoBox etc) 
•	Experience in safety-critical system engineering
•	Working knowledge of standard communication protocols (e.g. CAN, FlexRay, SPI, etc.)
•	Working knowledge of vehicle communication and debugging tool set (CANalyser, CANape etc.)
Preferable Qualifications and Experience
•	Understanding of electric drives and power electronics
•	Experience in suspension systems and prototype vehicle build up
•	Experience in vehicle evaluation experience
•	Experience in Functional Safety work products

岗位概述
我们诚聘一名优秀的系统软件工程师，参与公司创新型乘用车全主动悬架项目。您将隶属于全主动悬架（FAS）系统、软件及整车集成工程团队，负责将全主动悬架系统与软件集成至主机厂整车网络。我们期望候选人富有工作热情、自信、条理清晰、执行力强，具备良好团队协作意识。

岗位职责
1.与系统、软件、整车集成小团队协同开展工作
2.跨部门协作，完成 CM1 多模块软件集成工作
3.跨部门协作，将 CM1 全主动悬架系统集成至整车
4.对接质量、生产团队，处理售后质保问题与产线试生产相关事宜
5.协助编制、执行整车层级的悬架集成测试方案
6.参与整车搭建、整车软件刷写，并配合客户开展悬架系统技术对接
7.负责故障排查、数据记录，向核心研发团队同步各类悬架系统级问题
8.能够使用 Python 独立开发 ECU 量产刷写配套工具

必备任职要求与经验
1.拥有汽车行业软件集成相关工作经验，有项目量产交付完整经历
2.精通 C 语言、Python 语言，可基于 Python 独立开发整车 ECU 刷写工具
3.工程相关专业本科及同等学历
4.至少 5 年汽车一级 / 二级供应商从业或嵌入式系统开发经验
5.英语沟通流畅，具备与客户开展技术对接的实战经验
6.精通汽车系统开发流程与整车集成相关知识
7.具备实时嵌入式系统开发、维护、调试经验
8.熟练使用基于模型的系统与软件开发工具链（MATLAB/Simulink、Speedgoat、dSPACE MicroAutoBox 等）
9.拥有功能安全关键系统工程相关项目经验
10.掌握 CAN、FlexRay、SPI 等通用车载通讯协议
11.熟练使用 CANalyser、CANape 等车载总线调试工具

优先加分条件
1.了解电驱动与电力电子相关知识
2.有悬架系统、原型样车搭建相关经验
3.具备整车实车评测经验
4.有功能安全相关交付物编制经验",Gin CAN GAN ROS Python MATLAB Go DSP SPI Electron 跨部门协作 故障排查,https://jobs.51job.com/changshu/172511720.html?s=sou_sou_soulb&t=0_0&req=5fc365601f86ddb32551578d38d12560
高级电气工程师-半导体,云泓（苏州）管理服务,2-4万,常熟,常熟,本科,3年及以上,2026-08-06 15:17:57,job51,"工作职责
1.负责电气图纸设计、电气件选型，电气BOM 制定:
2.参与软件工程系统的设计、开发、测试等工作;
3.协助生产部安装，提供必要的技术支持;
4.相关技术文档的编写，并能完成相关专利的申报等工作:
任职资格
1.本科及以上学历，电气相关专业;
2.3年以上半导体行业电气设计工作经验(必备)；
3.能熟练使用三菱、西门子、倍福等主流 PLC编写程序;
4.熟悉 HMI编程，上位机功能画面组态;
5.了解伺服电机，驱动器，各类传感器等电气产品的选型及应用:
6.熟悉各类通讯技术及软件实现 RS485、TCP/IP、Ethercat等常用现场通讯
7.具有良好的逻辑思维能力、沟通能力及团队合作精神",TCP/IP 技术支持 技术文档 专利 RS485 TCP IP,https://jobs.51job.com/changshu/171467789.html?s=sou_sou_soulb&t=0_0&req=5fc365601f86ddb32551578d38d12560
PQM工程师（电机/油泵类）,苏州相城立讯精工,1.5-2.5万,常熟,常熟,本科,3年及以上,2026-08-03 09:39:25,job51,"核心职责：
1. 产品质量策划（APQP）： 负责电机、冷凝器、油泵等新产品的质量先期策划。主导编制控制计划（CP）、过程流程图（PFC）、FMEA（设计/过程）等核心质量文件，并确保其在生产中的有效执行。
2. 生产质量监控与改进： 监控生产过程的稳定性与产品质量表现，对关键质量特性（CTQ）进行统计分析。主导解决生产中的重大或重复性质量问题，运用8D等方法进行根本原因分析并实施纠正预防措施。
3. 客户接口与投诉处理： 作为主要技术接口，处理客户反馈与投诉，组织内部快速响应，主导分析故障根本原因，制定并验证纠正措施，向客户提交专业报告（8D报告）。
4. 供应商质量管理： 参与新供应商的开发与审核。负责现有供应商（特别是提供电机、冷凝器、油泵相关部件或总成）的质量绩效管理，推动供应商端质量问题的改进与质量能力提升。
5. 质量标准与培训： 制定和更新产品检验标准与作业指导书。对生产、检验等相关人员进行质量要求与工具的培训，提升团队质量意识。
6. 质量数据与系统优化： 收集并分析质量数据，推动基于数据的质量决策。参与质量体系的维护与优化，确保符合IATF 16949等标准要求。

任职要求：
1、本科及以上学历，机械工程、电气工程、车辆工程、质量工程等相关专业。
2、3年以上汽车或高端制造行业PQM/SQE或高级质量工程师经验。
3、必须具备电机（如驱动电机、风扇电机）、冷凝器（如空调系统冷凝器）、油泵（如机油泵、燃油泵、真空泵）中至少两类产品的4、质量管理工作经验，熟悉其工作原理、制造工艺及常见失效模式。
5、具备丰富的客户投诉处理与8D报告撰写经验，熟悉APQP全过程。
6、精通IATF 16949质量管理体系及核心工具（APQP, FMEA, PPAP, MSA, SPC）。
7、熟练掌握质量问题的分析与解决方法（如8D, 5Why, 鱼骨图， DOE）。
8、熟悉电机/泵类性能测试、耐久测试及相关标准。能阅读机械图纸和电路图。
9、具备强烈的责任心、原则性和客户导向意识。拥有出色的逻辑分析能力、沟通协调能力及推动解决问题的能力。能够承受压力，并能在跨部门团队中有效工作。

工作地：第一年常熟，后期相城办公",培训 性能测试 APQP CP PFC FMEA CTQ PPAP,https://jobs.51job.com/changshu/171252196.html?s=sou_sou_soulb&t=0_0&req=5fc365601f86ddb32551578d38d12560
嵌入式系统工程师,苏州西斯派克检测科技,1-1.5万·13薪,常熟,常熟,本科,2年及以上,2026-06-29 17:09:38,job51,"一、岗位职责：
1、基于单片机及ARM平台开发产品；
2、独立完成需求分析、硬件设计、程序编写及调试测试等工作；
3、编写嵌入式相关硬件软件说明，产品手册等技术手册；

二、任职要求：
1、本科及以上学历，具有2年及以上开发经验；
2、电信、计算机等通讯类专业优先，优秀应届生亦可；
3、了解汇编语言，熟练使用C语言编程;.熟练使用Keil、Protel（或PowerPCB）；
4、熟悉单片机原理，至少用做过一种基于单片机的产品；
5、具有英文文档阅读能力优先。",单片机 ARM 汇编 C语言 需求分析 Protel,https://jobs.51job.com/changshu/172729505.html?s=sou_sou_soulb&t=0_0&req=5fc365601f86ddb32551578d38d12560
高级电气工程师,江苏烁范智能装备,1.5-3万,常熟,常熟,大专,5年及以上,2026-07-14 10:25:34,job51,"岗位主要职责：
1.负责薄膜行业的三电（电驱动、电池、电控）非标自动化设备的设计开发；设计过程需要综合考虑成本，交期以及设计质量。
2.非标设备的技术方案，元件选型，成本控制；2D图纸绘图，3D细化及BOM清单整理等。
3.与设备装配、调试部门配合，指导并解决装配过程中的问题，把控好设备的交期以及成本。
岗位要求：
1. 电气及其相关专业本科（或专科优秀者）；专业基础扎实，5年以上非标自动化设计工作经历。
2. 有新能源汽车行业的三电（电驱动、电池、电控）非标自动化设备设计经验优先。
3. 热爱电气设计工作，善于钻研、敢于设计创新。
4.熟悉各种常用传动机构：滚珠丝杠、直线导轨、线性轴承、机械手以及各种非标功能部件，如伺服压机，螺丝枪，涂胶系统等优先考虑。
5. 精通SolidWorks；具备良好的文案编写功底（方案PPT和技术协议）。
6. 工作积极、积极互帮互学，工作认真负责，良好团队精神和创新精神。",技术方案 成本控制,https://jobs.51job.com/changshu/152203255.html?s=sou_sou_soulb&t=0_0&req=5fc365601f86ddb32551578d38d12560
高级硬件工程师,苏州新劢德医疗器械科技,2-3万·14薪,常熟,常熟,本科,5-7年,2026-07-01 10:16:13,job51,"职位名称：电子硬件工程师
部门：BD研发部
一、岗位职责：
-负责全新有源医疗器械的产品技术调研及竞品分析。
-负责有源医疗器械的新产品预研及设计开发，包含产品硬件设计需求收集及定义、样机硬件制备和性能验证。
-负责客户设计需求与规范要求识别，设计方案可行性评估，定义相关技术指标。
-负责硬件可靠性设计和制定EMC测试计划，解决EMC测试相关问题。
-负责主导硬件DFMEA、V&amp;V测试方案及报告、经验教训和知识共享相关文件。
-负责元器件选型和供应商技术对接，支持采购和质量完成PCBA委外SMT询价及供应商审核中技术相关项目，制定PCBA来料验收标准。
-负责支持生产和质量解决产品量产中硬件相关问题。
二、任职要求：
-本科及以上学历，电子及相关专业。
-5年或以上电子设计工作经验；985等优秀大学毕业生可以放宽到3年。
-精通电子硬件和元器件知识，熟悉数模混合电路设计，具备便携式电池的低功耗设计经验，具备 BLE 蓝牙、NFC 等短距无线通信的硬件设计与阻抗匹配调试。
-熟练使用 Altium Designer / Cadence Allegro等进行原理图设计和PCB Layout。
-熟练使用测试仪器，具备独立硬件调试能力。
-严谨细致，责任心强，能自主学习成长，能与协作部门高效沟通和配合。
三、加分项：
-有一段2~3年外资或大公司从业经验。
-有泵或电机驱动相关硬件设计经验。
-有Nordic、TI、Dialog、Silicon Labs等超小封装超低功耗芯片的设计和落地经验。
-具备微弱信号调理、低噪声模拟电路设计经验，有跨阻放大器设计、精密传感器芯片选型和应用、经验电化学传感信号采集项目经验
-有三类有源医疗器械注册证拿证经验，参与过完整的产品注册检验与整改。",竞品分析 测试计划 采购 BLE NFC Altium Designer Cadence,https://jobs.51job.com/changshu/172749626.html?s=sou_sou_soulb&t=0_0&req=d64ea749e4f6b1a1241feae0c2271334
机械结构工程师,苏州新劢德医疗器械科技,2-2.5万·14薪,常熟,常熟,本科,5年及以上,2026-07-21 16:20:49,job51,"归属部门：创新研发部
工作地点：苏州常熟
二、岗位职责：
1，负责精密穿戴式有源医疗器械的结构全流程开发，覆盖方案创新、详细设计、开模试装、设计验证、型检注册到量产落地全生命周期。 创新和解决产品微型化、用户可用设计、精密传动、植入机构、防水密封等核心技术问题。
2、主导风险分析、设计检查、设计仿真、设计验证等系统过程，保证研发设计和最终量产的设计品质、稳定性、可靠性。
3，负责机械设计部分项目管理，协调内部外部资源，完成供应商对接、模具开发、试模整改，内部工艺导入和测试确认，并最终完成设计转换和量产落地。 
4、配合完成合规性确认和医疗器械的型检、临床、注册等过程，完成并输出符合医疗器械注册要求的结构技术文档。技术总结并提交申请专利和进行技术沉淀 。

二、任职要求：
1，机械、材料成型及相关专业。
2，本科学历5年或以上工作经验，硕士学历3年或以上工作经验；985等优秀大学毕业生可以再放宽。有完整产品从设计到量产的整个周期经验。
3，精通精密小型化结构设计；熟悉机械原理、机构设计、密封设计。
4，熟练使用包括CREO、SolidWorks等设计软件，能独立输出规范工程图与公差标注，并能进行仿真分析。
5，熟悉材料（塑料、金属、硅胶）、模具（注塑、钣金）、工艺（组装、连接）。
6，严谨细致，责任心强，能独立思考自主学习，能与协作部门高效沟通和配合。

三、加分项：
1，有胰岛素泵、CGM、输注设备、穿戴式生理监测设备开发量产经验。,
2，有一次性无菌器械、助听器、TWS耳机等超微型可穿戴产品经验。
3，有创新精密驱动机构、微型精密泵阀、精密传动机构 经验。
4，全程参与过三类有源医疗器械注册拿证全流程。 ,",项目管理 合规 技术文档 专利 CGM,https://jobs.51job.com/changshu/172989844.html?s=sou_sou_soulb&t=0_0&req=d64ea749e4f6b1a1241feae0c2271334
AI工程师,苏州艾木自动化设备,7千-1.4万·13薪,常熟,常熟,本科,无需经验,2026-07-27 15:04:53,job51,"岗位职责：
1、负责AI领域的软件工程化实施，设计高可扩展，可靠的AI系统架构；
2、开发AI驱动的应用，将机器学习、深度学习等算法集成到软件系统，自动化设备系统；
3、构建智能监控系统，实时分析日志与性能，自动预警并与自动化设备关联，实现故障自诊断；
4、AI协作推广：培训团队使用AI开发工具，优化协作流程；
5、技术分享：编写技术文档，分享AI/自动化***实践。

任职要求：
1、学历：本科及以上学历，电气工程、自动化相关专业，毕业于985/211工程院校优先；
2、精通python/java/c++，熟悉javascript/typescript；
3、掌握至少一种AI框架（pytorch/tensorflow/keras）；
4、理解机器学习基础算法；脚本编写与任务调度；
5、API设计与继承，服务间通信优化；持续学习新AI技术能力；
6、英语读写、英语水平六级优先；
7、具有出色的逻辑思维、系统性分析问题及解决复杂技术难题的能力；
8、能适应短期出差，对深入一线保持积极态度。

岗位福利：
入职即缴纳五险一金；包吃；年度健康体检/旅游；年节福利；商业保险；年终奖金及绩效奖金",机器学习 深度学习 Python Java C++ JavaScript TypeScript PyTorch TensorFlow Keras 培训 技术文档,https://jobs.51job.com/changshu/170275779.html?s=sou_sou_soulb&t=0_0&req=d64ea749e4f6b1a1241feae0c2271334
项目工艺,法雷奥新能源汽车（常熟）,1-1.4万·13薪,常熟,常熟,大专,3年及以上,2026-07-17 09:24:06,job51,"职位描述
1、负责新能源汽车电源，逆变器，电驱动产品的总装。工艺包括拧紧，激光焊接，涂胶，涂敷，压接等:（涂胶 更侧重于密封、粘接 功能，使用的材料可能是硅胶、环氧胶等，形成有一定厚度和形状的胶条；涂敷 更侧重于导热、绝缘 功能，使用的材料是导热膏/导热硅脂，目标是在界面形成一层尽可能薄而均匀的导热层。）
2、负责分析及指定新项目的CT/OST和人头需求，完成成本评估，产能规划，新产品工艺开发，参与产品设计评审DFM,DFT,负责制造可行性分析
3 、负责产品过程策划，编制前期工艺文件，FLOWCHAT,PFMEA,LAYOUT,WI等
4、主导新设备，新工装开发，确保新设备和工装符合安全，防错，质量，人机工程的要求
5、负责项目阶段工程变更的实施与跟踪

1、统招本科及以上学历，优秀者可放宽志大专
2、汽车零部件相关工作经验3年及以上
3、英语书面读写熟练，可简单口语交流
4、有一定抗压能力",产品设计 DFT FLOWCHAT PFMEA LAYOUT,https://valeo.51job.com/jobinfo.html?jobid=172943809
项目经理（电驱）,立讯智造科技（常熟）,1.5-2.5万,常熟,常熟,本科,3年及以上,2026-07-28 15:02:52,job51,"核心职责：
1、项目全周期管理：您将负责制定详细的项目开发计划与里程碑，并协调软件、硬件、结构等职能部门工程师进行产品开发。核心任务是严格控制项目的时间节点、成本预算和产品质量，确保项目按计划顺利推进，直至成功量产交付（SOP）。
2、跨部门协同与客户对接：作为项目的核心枢纽，您需要建立顺畅的内外部沟通渠道。在内部，您将组织项目例会、评审会，追踪问题落实。对外，您将作为主要接口对接客户，评估项目需求，维护客户关系，并参与部分市场营销和回款工作。
3、风险控制与流程优化：您需要主导项目各阶段的风险识别与分析，并制定预防措施。确保项目管理遵循IATF16949等行业体系标准，熟练运用APQP流程，并定期进行经验总结，为流程优化提供建议。

任职资格：
1、本科及以上学历，机械工程、车辆工程、自动化、电力电子、电子电气等相关工科背景。
2、3年及以上在电驱、电控或汽车零部件行业的项目管理经验。熟悉新能源汽车开发流程和规范。
3、具备英语沟通能力者优先，持有PMP证书也是一个加分项。
4、拥有出色的组织协调和沟通能力，能够驱动团队解决问题。
5、需要强烈的责任心和抗压能力，以及系统的逻辑思维能力和风险管控意识。",流程优化 项目管理 SOP,https://jobs.51job.com/changshu/171509170.html?s=sou_sou_soulb&t=0_0&req=d64ea749e4f6b1a1241feae0c2271334
装配工艺工程师-Assembly Engineer,耐世特汽车系统（常熟）,1.4-1.8万·15薪,常熟,常熟,本科,3年及以上,2026-06-12 15:55:49,job51,"职位总体目的：
持续改进现有生产设备，并根据工厂未来业务计划协助实施新项目。

工作职责：
负责工装 / 设备的试运行、调试与安装。
主导工艺问题解决及根本原因分析。
按时执行持续流程改进（CPI）任务。
遵守内控流程，及时解决不合规问题。
优化生产工艺，以达成设备 uptime（开机率）、初次合格率及换型目标。
实施工艺持续改进项目，降低成本。
维护生产文件，如标准管理程序（SMP）、过程失效模式与影响分析（PFMEA）、操作控制计划（OCP）、工艺流程图（PFD）、作业指导书（W/I）等。
培训操作员执行作业指导书。
评估操作员的技能水平。

任职资格：
要求具备机械工程学士学位。
具备 AutoCAD 能力者优先。
熟悉罗克韦尔、发那科、西门子控制设备者优先。
能够开发生产中使用的标准及专用工艺与工装。
能够理解并应用生产标准与工具，包括持续流程改进（CPI）、过程失效模式与影响分析（PFMEA）、操作控制计划（OCP）、工艺流程图（PFD）、统计过程控制（SPC）等。
能够基本理解工业液压、气动系统及控制装置。
能够向操作员展示合格技能，且愿意在生产现场与操作员一同工作。
自我驱动，对所负责领域承担责任。
能够用英语清晰进行书面及口头沟通。
能够领导相关团队成员（工程、质量、采购、生产部门）。

工作经验：
至少 3 年制造业从业经验。",合规 培训 采购 CPI SMP PFMEA OCP PFD,https://jobs.51job.com/changshu/171660424.html?s=sou_sou_soulb&t=0_0&req=d64ea749e4f6b1a1241feae0c2271334
嵌入式软件工程师,太仓市同维电子,1-1.8万·13薪,太仓,太仓,本科,2年及以上,2026-07-22 11:49:47,job51,"任职资格
1. 精通C语言编程；
2. 熟悉嵌入式Linux操作系统，linux网络编程；
3.熟悉G/EPON相关协议标准T-REC-G.984.4/984. 的标准协议；
4. 熟悉linux下的驱动(如I2C、串口、USB、flash)开发和适配者优先；
5. 熟悉TR069, MQTT等网络协议优先；
6. 通信、计算机或相关专业本科以上, 2年以上PON产品相关开发经验；
职责描述
1. 参与公司GPON/EPON模块的软件开发与调试工作；
2. 参与路由器、网关等通信产品软件开发、文档编写，模块设计，功能实现和维护，性能提升和优化工作
3. 责任心强，具备良好的沟通协调能力及团队协作精神，能承受工作压力，学习能力强，富有进取心。",C语言 嵌入式Linux Linux I2C MQTT 文档编写,https://jobs.51job.com/taicang/157563481.html?s=sou_sou_soulb&t=0_0&req=3d2d471d479758f4cd1f19c8c9dfc8bc
Turning Specialist,福驶特精密零部件（太仓）,1.3-2万·13薪,太仓,太仓,本科,3年及以上,2026-07-23 16:15:00,job51,"关键能力
1. CAD/CAM 编程经验，包括：
o	车削程序开发经验；优先考虑使用 SprutCam（V13/V14）
o	不同产品类型的刀具和夹具选择
o	夹具/固定装置的选择和设计
2. 熟悉操作 Fanuc 31i/32i 控制单元，用于 EMAG VL3/VL3 DUO 车削机
3. 自主负责车削程序的 CAD/CAM 编程（生活工具/驱动工具）以及程序测试和导入原型及批量生产
4. 建立并维护与客户的联系，以解决技术问题
5. CAD 编程（优先考虑 Catia V5），用于基本模型的构建和转换为车削模型（“Step” 数据）
6. 汽车原型制作和批量生产经验，优先考虑压缩机叶轮制造
7. 良好的沟通能力
8. 良好的英语口语和书面沟通能力，以便与国际合作伙伴联系


任务：
1. 开发新项目或产能扩展项目的原型制造流程、设备和夹具，以确保制造过程符合客户要求
2. 选择/设计/优化设备及其流程、夹具和工具
3. 与当地项目和工程管理密切沟通，为特定产品提供/更新合适的标准操作程序（SOP）
4. 提供自开发流程的基本过程文档
5. 持续的过程改进
6. 为生产同事提供铣床控制培训以及新产品程序和流程的培训",培训 CAD CAM SprutCam V13 V14 Fanuc EMAG,https://jobs.51job.com/taicang/167824164.html?s=sou_sou_soulb&t=0_0&req=3d2d471d479758f4cd1f19c8c9dfc8bc
电驱动样件工程师 Prototype Eng. （太仓）,舍弗勒（中国）,1.5-2万,太仓,太仓,本科,3年及以上,2026-07-28 14:01:36,job51,"主要职责
-作为项目接口人，负责与 PM 团队、TPM 团队及设计团队进行需求对接与协调沟通。
-负责制定流程图、装配工艺及作业指导书，并在样件开发阶段完成相关工艺开发工作。
-负责装配工装的设计、评审及发布。
-负责生产现场管理、问题分析及异常排查与解决。
-为装配线概念设计、工艺开发及 RPA 相关工作提供技术支持。

任职要求
-本科及以上学历，汽车工程或相关专业背景。
-具备至少 3年以上 eAxle/DHT 或 AT/DCT 样件开发及装配线搭建经验。
-熟悉装配工艺技术，包括拧紧、压装、泄漏测试等。
-熟悉定子和转子的装配及制造流程。
-具备良好的沟通协调能力，能够根据工作需要接受出差安排。
-英语听说读写流利。",技术支持 PM TPM RPA DHT AT DCT,https://schaeffler.51job.com/jobdetail.html?jobid=173066566
工艺开发工程师（新能源电机）,联合汽车电子有限公司太仓,25-35万/年,太仓,太仓,本科,5年及以上,2026-07-10 13:40:29,job51,"【岗位职责】：
1. 主导新产品APQP工艺开发流程，完成PFMEA/CP/作业指导书编制； 
2. 解决定子绕线整形、转子动平衡、端部焊接等工艺难题 ；
3. 推动工艺降本：年度材料利用率提升，加工效率提升 ；
4. 搭建工艺参数数据库，实现关键尺寸的稳定控制;
5. 对接自动化设备供应商，完成新工艺产线适配验证。 

【任职要求】：
1. 统招本科及以上学历，机械设计/材料成型/车辆工程相关专业; 
2. 5年及以上汽车零部件行业工艺开发经验，完整主导过2个以上量产项目; 
3. 熟练掌握各类工艺文件的编制，能够运用系统的工具分析并解决问题（5Why、8D、DOE、谢宁等）；
4. 具备较强的抗压能力，结果导向明确，擅长内外部沟通；
5. 熟悉IATF16949体系下的工艺管控要求，有新能源电机（驱动电机/起发电机）工艺开发经验优先 。",CP DOE,https://jobs.51job.com/taicang/170840842.html?s=sou_sou_soulb&t=0_0&req=3d2d471d479758f4cd1f19c8c9dfc8bc
数字化程序开发工程师,凯乐金霸智能工业科技（苏州）,1.3-1.6万·13薪,太仓,太仓,本科,2-3年,2026-07-13 13:23:13,job51,"Responsibilities 岗位职责
1.	Design, develop and lead implementation of digital transformation solutions for the end-to-end customer demand forecasting process. Establish and maintain demand forecasting analysis framework based on historical data and customer-provided forecasts to continuously improve the end-to-end response efficiency of the supply chain.
设计、搭建并主导落地面向端到端客户需求预测流程的数字化转型方案。依托历史数据及客户提供的预测数据，搭建并持续维护需求预测分析体系，不断提升供应链端到端响应效率。
2.	Design and build complete data verification logic and quantitative evaluation tools for customer forecasts, systematically verify the accuracy and reliability of customer demand forecast data, and establish industry-specific demand fluctuation early warning mechanisms to avoid customer production line shutdowns caused by stockouts.
设计搭建完整的客户预测数据校验逻辑与量化评估工具，系统化核验客户需求预测数据的准确度与可信度，建立行业特有的需求波动预警机制，防止因缺货导致客户停线。
3.	Dynamically iterate and optimize the underlying logic of forecasting models in combination with seasonal business fluctuations and the procurement cycle characteristics of various customers to steadily improve the accuracy of demand forecasting. Conduct in-depth research on inventory buffer logic under VMI (Vendor Managed Inventory) and JIT (Just-in-Time) modes to provide reliable data support for subsequent material planning and stocking arrangements.
结合业务季节波动、各类客户采购周期特点，动态迭代优化预测模型底层逻辑，稳步提高需求预测准确率；深入研究VMI（供应商管理库存）及JIT（准时制）模式下的库存缓冲逻辑，为后续物料计划、备货规划提供可靠数据支撑。
4.	Leverage MRP-generated data to support supply chain planning, material planning, and inventory management activities. Collaborate with headquarters and cross-functional teams to optimize MRP planning logic and improve planning accuracy. Develop inventory strategies based on domestic and international procurement lead times, supplier delivery performance, and demand patterns. Maintain optimal safety stock levels for critical SKUs to balance inventory turnover, service levels, and production continuity while minimizing stockout risks and enhancing overall supply chain responsiveness.
依托物料需求计划（MRP）生成的数据，支撑供应链计划、物料计划及库存管理相关工作。协同总部及跨职能团队优化 MRP 计划逻辑，提升计划精准度。结合国内外采购前置周期、供应商交付表现以及需求特征制定库存策略。为关键物料 SKU 设置合理的安全库存水平，平衡库存周转、订单服务水平与生产连续性，***限度降低缺货风险，全面提升供应链响应能。
5.	Monitor and continuously optimize inventory health across all product categories by balancing service levels, inventory turnover, working capital requirements, and stock availability. Identify excess inventory, slow-moving materials, and potential stockout risks, and develop corrective actions in collaboration with Supply Chain Planning and Procurement teams.
持续监控并优化全品类库存健康状况，统筹平衡服务水平、库存周转率、营运资金占用与物料保障能力。识别过剩库存、呆滞物料及潜在缺货风险，协同供应链计划与采购团队制定改善举措。
6.	Establish and maintain management reporting for inventory performance, including inventory value, stock development, inventory turnover, coverage days, slow-moving inventory, excess stock, service level, and stockout risks. Provide regular recommendations to management to support inventory optimization and working capital improvement initiatives.
搭建并维护库存绩效管理层报表体系，涵盖库存金额、库存变动趋势、库存周转率、库存周转天数、呆滞库存、过剩库存、服务水平、缺货风险等指标。定期向管理层输出改善建议，支撑库存优化与营运资金改善项目推进。
7.	Define and manage data governance rules related to customer agreements and operational performance requirements. Integrate contractual delivery obligations and demand fluctuation parameters into demand forecast validation processes, and continuously optimize forecasting model validation criteria to improve forecast accuracy and reliability.
制定并管理与客户协议、运营绩效要求相关的数据治理规则。将合同交付义务及需求波动参数纳入需求预测校验流程，并持续优化预测模型校验标准，提升需求预测的准确度与可靠性。

8.	Establish an automated report system covering multi-dimensional core operating indicators for various supply chain business scenarios, replacing manual statistical work and reducing repetitive inefficient labor.
针对供应链各业务场景搭建自动化报表体系，覆盖多维度核心经营指标，替代人工手工统计，减少重复低效工作。
9.	Build real-time supply chain data visualization dashboards with Power BI, configure dynamic monitoring indicators according to business requirements, provide unified and intuitive data decision-making basis for management, and realize visualized management and control of the full supply chain.
使用 Power BI 搭建供应链实时数据可视化看板，按业务需求配置动态监控指标，为管理层提供统一直观的数据决策依据，实现供应链全链路数据可视化管控。
10.	Cooperate with the internal IT team to complete demand research and system configuration of intelligent approval processes on DingTalk / WeCom, convert business approval rules into implementable system workflows, and advance EDI (Electronic Data Interchange) data docking with key customers.
协同内部 IT 团队完成钉钉/企业微信智能审批流程需求调研与系统配置，将业务审批规则转化为可落地的系统流程；推进 EDI（电子数据交换）与重点客户的数据对接。
11.	Research, evaluate, and implement AI-driven and data-centric solutions to support the company's supply chain digital transformation initiatives. Identify cross-functional process bottlenecks and digitalization opportunities, develop practical digital use cases, and drive the transition from manual workflows to automated, data-driven, and collaborative business processes.
研究、评估并落地以人工智能驱动、以数据为核心的解决方案，支撑公司供应链数字化转型项目。识别跨职能流程瓶颈与数字化机会，搭建可落地的数字化应用场景，推动人工工作流程向自动化、数据驱动、协同化业务流程转型。
12.	Follow up and complete other work assigned by superior
跟进并完成上级交付的其他工作
Qualifications 职位要求
1.	Bachelor’s degree or above, major in Computer Science, Data Science, Supply Chain Engineering, Industrial Engineering or other related engineering disciplines. 
本科或以上学历，计算机科学、数据科学、供应链工程、工业工程等相关工程类专业背景。
2.	Minimum 2–3 years of working experience related to supply chain processes, including but not limited to supply chain digital tool development, supply chain data modeling analysis, supply chain planning process optimization and other relevant fields. 
 2-3 年及以上的供应链流程相关工作经验，包括但不限于供应链数字化工具开发、供应链数据建模分析、供应链计划流程优化等相关工作领域。
3.	Proficient in Power BI; expert in advanced data modeling and DAX functions, capable of independently developing multi-dimensional business reports, completing multi-data source docking (e.g. SAP HANA, SQL database), and building full-process reports and visualization dashboards.
熟练使用 Power BI，精通高级数据建模、DAX 函数、多维度业务报表开发，可独立完成多数据源对接（如SAP HANA、SQL 数据库）、报表及可视化看板全流程搭建。 
4.	Skilled in the full suite of Office software; have an in-depth understanding of core modules of SAP system (especially MM, SD or PP modules), master professional supply chain knowledge such as demand forecasting and MRP operation, and be able to implement digital solutions based on business scenarios.
熟练操作 Office 全套办公软件；深入理解 SAP 系统（特别是MM、SD或PP模块）核心模块逻辑，掌握需求预测、MRP 运算等供应链专业知识，可结合业务场景落地数字化解决方案。
5.	Candidates with supply chain digital experience in auto parts (compliant with IATF16949 system) or rail transit industry, or working experience in well-known C-parts management/fastener trading companies are preferred.
有汽车件（符合IATF16949体系）或轨道交通行业供应链数字化经验者，有知名C类物料管理/紧固件贸易公司经验者优先录用。
6.	Fluent oral and written English, able to use English as daily working language (for daily emails in German enterprises, cross-border team collaboration and reading &amp; writing technical documents).
英语听说读写流利，可作为日常工作语言（用于德企日常邮件、跨国团队协作、读写技术文档）。
7.	Clear logical thinking, systematic problem decomposition and analysis capabilities; excellent cross-department communication and coordination skills; self-motivated working attitude and strong pressure resistance.
逻辑清晰，具备系统化问题拆解与分析能力；优秀跨部门沟通协作能力；工作主动自驱，抗压能力强。",Git RAG UART ROS Go Electron Gin SQL CAN 供应链 采购 数据治理 流程优化 技术文档,https://jobs.51job.com/taicang/172884878.html?s=sou_sou_soulb&t=0_0&req=3d2d471d479758f4cd1f19c8c9dfc8bc
资深软件工程师（400G/800G 交换机）,太仓市同维电子,1.5-3万,太仓,太仓,本科,5年及以上,2026-07-28 17:33:50,job51,"岗位职责：
1.高速平台Bringup与驱动开发：
·负责基于主流交换芯片的新平台引导程序（Bootloader）、Linux内核适配及移植工作
·设计与实现底层设备驱动程序，包括但不限于 PCIe、I2C、SPI、MDIO、UART、QSFP-DD/OSFP 光模块控制等，确保硬件外设的稳定可靠运行
·参与新硬件（CPU、PHY、光模块）的Bringup 和调试，协同硬件工程师定位并解决早期原型阶段的问题
2.网络操作系统与协议栈开发：
·集成并优化 L2/L3 网络协议栈，包括 VLAN、MAC、STP、IGMP、OSPF、BGP、EVPN、VxLAN 等，确保协议在各种复杂场景下的快速收敛和稳定性。
·网络特性的软件配置与调优
3.性能调优与故障排查：
·深入分析系统性能瓶颈，针对吞吐量和 CPU 负载进行持续优化
·负责复杂的、跨多层的（从硬件寄存器到用户态应用）系统性问题的定位与解决，确保生产网络的高可用性（SLA）
4.跨团队协作：
·与硬件、测试、结构等团队紧密合作，确保软硬件协同工作，解决兼容性问题

任职要求：
1.编程技能：精通 C语言，具备扎实的数据结构和算法功底，熟悉 Python，能够熟练编写自动化脚本和测试工具
2.操作系统与驱动：
·深入理解 Linux 内核机制，精通内核模块、字符设备、中断处理、内存管理、并发与同步等
·具有丰富的底层硬件调试经验，能够熟练使用示波器、逻辑分析仪等工具进行问题定位
3.能够阅读和理解硬件原理图（Schematics）及 PCB 布局
4.网络协议：
·深刻理解 TCP/IP 协议栈，熟悉二/三层转发原理
·高速交换技术： 熟悉 400G/800G SerDes（PAM4/NRZ）技术，了解信号完整性基础概念
·数据中心网络： 精通 VxLAN/BGP EVPN 等 overlay 技术
·无损网络与RDMA： 精通 RoCEv2 协议，有 PFC/ECN 的配置和调优经验；了解 InfiniBand 或 NVIDIA GPU 集群组网技术者优先
·熟悉交换机 SAI (Switch Abstraction Interface) 接口者优先
·了解容器化技术（Docker）及 Kubernetes 在云原生网络中的应用
5.拥有 AI 数据中心或 HPC 集群网络设计与调优经验者优先",Linux PCIe I2C SPI UART 高可用 C语言 Python TCP/IP 容器化 Docker Kubernetes 云原生 故障排查,https://jobs.51job.com/taicang/173072640.html?s=sou_sou_soulb&t=0_0&req=3d2d471d479758f4cd1f19c8c9dfc8bc
电磁阀研发高级工程师,亚新科双歌驱动技术（苏州）,2-3万,太仓,太仓,本科,5-8年,2026-06-10 16:22:35,job51,"【岗位职责】
1、负责电磁阀产品的设计、开发及优化，提升产品性能与可靠性；
2、参与新产品方案的制定与技术论证，推动产品从概念到量产的全过程；
3、与生产、测试团队协作，解决研发过程中出现的技术问题；
4、跟踪行业技术动态，进行技术调研与创新应用；
5、至少主导或独立完成3项以上电磁阀类产品设计并成功量产的项目经历，了解产品从概念设计到量产交付全流程（需提供项目说明）；
【任职要求】
1、本科及以上学历（条件优秀者可放宽），机械设计及自动化、流体机械、过程装备与控制工程等专业；
2、熟悉电磁阀的工作原理及结构设计、电磁铁设计计算；
3、熟练使用CAE工具（如 Ansys Maxwell、Fluent等）进行电磁、流体仿真；编制各类技术文件，报告和设计说明书；
4、具备良好的沟通能力与团队协作精神，能独立承担项目任务；
5、 对新技术有较强的学习能力和探索精神，责任心强。",产品设计 Ansys Maxwell,https://jobs.51job.com/taicang/172501047.html?s=sou_sou_soulb&t=0_0&req=3d2d471d479758f4cd1f19c8c9dfc8bc
工艺工程师（新能源电机）,联合汽车电子有限公司太仓,20-30万/年,太仓,太仓,本科,5年及以上,2026-08-04 13:49:48,job51,"岗位职责
1、参与新产品开发过程中的工艺评估，制定并实施量产前的工艺验证计划；
2、解决量产过程中的工艺异常问题，运用工具（如5Why、8D）进行根因分析并提出改善方案； 
3、协同质量部门处理相关客诉问题，制定有效的解决方案，确保客户满意；
4、编制并维护工艺相关技术文件（PFMEA、CP、WI），确保工艺文件符合IATF 16949等质量管理体系要求；
5、参与生产设备、工装夹具的选型、验收及维护，推动设备智能化升级； 
6、优化生产节拍，降低制造成本，推动精益生产（Lean Manufacturing）和持续改进.
 
任职资格
1、本科及以上学历，机械工程、车辆工程等相关专业； 
2、5年以上汽车零部件行业量产工艺工作经验，有电机定转子制造工艺经验者优先； 
3、熟悉IATF16949质量管理体系，具备APQP/PPAP经验； 
4、能够独立分析问题，具备较强的逻辑思维能力和问题解决能力； 
5、工作态度积极主动，具有较强的责任心和抗压能力；
6、良好的跨部门沟通能力和团队协作精神。",PFMEA CP WI Lean Manufacturing,https://jobs.51job.com/taicang/163987203.html?s=sou_sou_soulb&t=0_0&req=3d2d471d479758f4cd1f19c8c9dfc8bc
电磁阀研发初中级工程师,亚新科双歌驱动技术（苏州）,1-1.5万,太仓,太仓,本科,2年及以上,2026-06-10 18:30:13,job51,"【岗位职责】
1、负责电磁阀新产品技术研究与方案设计，包括电磁仿真、流体仿真及结构仿真，并进行样件对标分析；
2、参与产品图纸输出、DFMEA分析、样件试制、试验计划制定及试验报告编写，主导问题分析与技术成本优化；
3、参与客户输入评审，根据客户需求设计产品方案，制定参数并完成出图、打样及试验任务；
4、负责产品装配工艺设计，涵盖样件、试生产和量产阶段的工艺文件编制；
5、协助零件供应商开发及技术交流，推动项目顺利推进；
6、有APQP、PPAP、FMEA等工具应用经验者优先。
【任职要求】
1、本科及以上学历，机械设计相关专业背景；
2、熟悉电磁结构设计，具备电磁仿真、流体仿真能力者优先；
3、精通机械设计知识、机械原理、金属材料及机械制图；
4、能熟练使用相关设计与绘图软件；
5、具备2年以上电磁阀类产品研发经验者优先考虑。",方案设计 PPAP,https://jobs.51job.com/taicang/172504396.html?s=sou_sou_soulb&t=0_0&req=3d2d471d479758f4cd1f19c8c9dfc8bc
电磁阀研发初资深工程师,亚新科双歌驱动技术（苏州）,1.2-2万,太仓,太仓,本科,2年及以上,2026-06-11 18:51:59,job51,"【岗位职责】
1、负责电磁阀新产品技术研究与方案设计，包括电磁仿真、流体仿真及结构仿真，并进行样件对标分析；
2、参与产品图纸输出、DFMEA分析、样件试制、试验计划制定及试验报告编写，主导问题分析与技术成本优化；
3、参与客户输入评审，根据客户需求设计产品方案，制定参数并完成出图、打样及试验任务；
4、负责产品装配工艺设计，涵盖样件、试生产和量产阶段的工艺文件编制；
5、协助零件供应商开发及技术交流，推动项目顺利推进；
6、有APQP、PPAP、FMEA等工具应用经验者优先。
【任职要求】
1、本科及以上学历，机械设计相关专业背景；
2、熟悉电磁结构设计，具备电磁仿真、流体仿真能力者优先；
3、精通机械设计知识、机械原理、金属材料及机械制图；
4、能熟练使用相关设计与绘图软件；
5、具备2年以上电磁阀类产品研发经验者优先考虑。",方案设计 PPAP,https://jobs.51job.com/taicang/172522837.html?s=sou_sou_soulb&t=0_0&req=3d2d471d479758f4cd1f19c8c9dfc8bc
Humanoid_软件集成工程师(太仓),舍弗勒（中国）,2-3.5万·14薪,太仓,太仓,本科,5-7年,2026-06-22 22:14:33,job51,"Overview

We're looking for a Software Integration Engineer to join our Systems Integration Team — the bridge between AI, Controls, Firmware, and Hardware. The team ensures that all components work cohesively toward a unified, high-performing robotic system. 
This is a fast-paced, high-impact role focused on execution and iteration. You’ll own core software features end-to-end on our robotic stack, driving them from concept all the way through to delivery. You’ll blend software development, system-level problem solving, and cross-functional collaboration to ensure the robot platform is stable, reliable, and ready for 
rapid AI development and evaluation. 
The ideal candidate is a multi-talented, hands-on engineer who thrives in ambiguity, learns quickly, and takes ownership of problems end-to-end. 
You’ll operate with a ***-principles mindset, constantly finding ways to move the system forward and improve reliability, scalability, and performance across the fleet. 
我们正在寻找一位软件集成工程师，加入系统集成团队——这是AI、控制、固件和硬件之间的桥梁。团队确保所有组件协同工作，实现统一且高性能的机器人系统。这是一个快节奏、高影响力的岗位，专注于执行和迭代。你将全程负责机器人软件核心功能，从概念到交付。你需要融合软件开发、系统级问题解决和跨部门协作，确保机器人平台稳定、可靠，并为AI 开发和评估做好准备。
理想候选人是多才多艺、动手能力强的工程师，能在不确定性中成长，快速学习，并对问题全程负责。你将以***性原理为思维方式，不断推动系统进步，提升可靠性、可扩展性和全体性能。

Responsibilities

 ● Become the go to expert for our robot through hands-on testing and issue triage.
 ● Collaborating with Platform Software, AI, Controls, and Manufacturing teams to resolve software and system bugs and drive architectural improvements that reduce pain points.
 ● Lead and own test plan definition for new software and firmware features. 
 ● Collaborate with developers and manufacturing to improve firmware, diagnostics, and self-tests, using EoL data to speed up robot bring-up. 
 ● Validate software before its released to our internal manufacturing and service teams; assist teams with bring-up and troubleshooting. 
Partner with the Test Infrastructure team to add high-signal automated tests and diagnostics that catch regressions early, improve system reliability. 
 ● 通过动手测试和问题分流，成为机器人领域的专家
 ● 与平台软件、AI、控制和制造团队协作，解决软件和系统缺陷，推动架构改进以减少痛点。
 ● 负责新软件和固件功能的测试计划定义。
 ● 与开发和制造团队协作，改进固件、诊断和自检，利用终端数据加速机器人上线
 ● 在软件发布前为内部制造和服务团队进行验证，并协助上线和故障排查
 ● 与测试基础设施团队合作，增加高信号自动化测试和诊断，及早发现回归问题，提高系统可靠性

Qualifications

 ● Strong ability to debug complex hardware/software systems and identify targeted tests that accelerate regression isolation and root-cause analysis.
 ● Programming experience in C++ and Python.
 ● Experience integrating and validating complex software systems in robotics, mechatronic, or electric vehicle environments.
 ● Bachelor’s or Master’s degree in Computer Science, Mechatronics, Robotics, or related field
 ● Self-sufficient with strong ownership mindset; able to manage multiple high-impact priorities 
 ● 能调试复杂的软硬件系统，并确定加速回归隔离和根因分析的目标测试 
 ● 熟练掌握C++和Python 编程。
 ● 有机器人、机电或电动车环境下复杂软件系统集成和验证经验
 ● 计算机科学、机电一体化、机器人或相关领域的学士或硕士学位
 ● 独立自主，具备强烈的责任心，能管理多项高影响力优先事项",Gin ROS CAN Scala Go C++ Python 跨部门协作 测试计划 故障排查 自动化测试,https://schaeffler.51job.com/jobdetail.html?jobid=172642944
电气中高级工程师,亚新科双歌驱动技术（苏州）,1.5-2.3万·13薪,太仓,太仓,本科,5年及以上,2026-08-06 10:25:51,job51,"一、岗位职责
1、承担中大型规模具有开创性的自动化生产线的售前电气控制部分的方案设计及相关技术支持； 
2、对中大型规模具有开创性的自动化生产线进行电气软件设计、调试及项目管理，根据项目任务书时间表协调机械人员、跟踪项目研发进度； 
3、整体规划大型非标自动化项目的技术工作，制定项目研发计划，对企业内部他人负责的项目进行技术评审和把关； 
4、分析解决项目在研发过程中遇到的问题，并进行技术攻关，持续推动提升公司的电气设计水平，实现标准化、高效化； 
5、服从上级领导的管理，及时、有效地完成公司及上级领导安排的紧急或临时性工作。
二、任职要求
1、电气自动化及相关专业，本科及以上学历，5年以上非标自动化行业经验；
2、精通PLC控制的体系结构和流程，精通西门子PLC或欧姆龙PLC及现场工业总线，熟悉触摸屏组态编程； 
3、 熟悉各种常用传感器及检测技术，熟练掌握伺服、步进、气动元件等电气元件的工作原理、选型及设计； 
4、主持过自动化设备的方案设计、项目开发及现场调试； 
5、有良好的学习能力，快速学习新技术，新理念。 
6、能适应一定程度出差，较强的抗压能力，汽车非标自动化优先。",方案设计 技术支持 项目管理,https://jobs.51job.com/taicang/173171223.html?s=sou_sou_soulb&t=0_0&req=3d2d471d479758f4cd1f19c8c9dfc8bc
