job_name,company_name,salary,work_area,city,education,work_year,issue_date,source,skill_requirements,tech_tags,job_url
5G无线工程师（劳务派遣）,中兴通讯,面议,贵阳·观山湖·金华园,贵阳,本科,经验不限,7月26日,zhilian_direct,岗位职责： 1.负责网络指标优化、设备问题处理，保障网络高质量运行。 2.负责工程项目实施，确保高效交付。 3.组织技术交流活动，协调公司资源，不断提升客户满意度。 任职要求： 1.通信/计算机/电子相关专业本科及以上学历； 2.具有5G等相关工作经验者优先； 3.具备服务意识、合作精神和抗压能力。 职位福利：五险一金、带薪年假、定期团建、交通补助、通讯补助、项目奖金、出差补贴 工作地点 贵阳观山湖区招商银行大厦25楼 以担保或任何理由索要财物，扣押证照，均涉嫌违法。一经发现， 立即举报,5G,http://www.zhaopin.com/jobdetail/CC120146700J40547963502.htm?refcode=4019&srccode=401903&preactionid=02df593f-753d-46c4-98f7-8cb7cb6b5a6d
华为GSC无线工程师,西安长河通讯有限责任公司,7000-11000元,西安·雁塔·丈八沟,西安,大专,3-5年,7月26日,zhilian_direct,岗位职责： 华为无线后台软调，远程对接，西安总部上班，无需出差，提供宿舍。 1、无线常见指标分析、数据采集、日常故障处理配合、lic数据分析与加载，基站站点值守，站点集成； 2、基站风险变更操作流程熟悉、基站风险版本升级与补丁操作实施、批量整改：多制式站点mocn改造，多产品制式设备故障的处理与恢复、维护网络风险识别等工作； 3、熟悉G网C网、对4、5G有所了解。 任职要求： 有一年到三年及以上华为运营商网络无线产品的站点调测/网管调测升级/软件版本升级/license/脚本/控制器调测/变更流程等经验。 工作地点 雁塔区西安软件园汉韵阁C201 以担保或任何理由索要财物，扣押证照，均涉嫌违法。一经发现， 立即举报,"5G,4G,无线网管,无线",http://www.zhaopin.com/jobdetail/CC120717430J40764510413.htm?refcode=4019&srccode=401903&preactionid=02df593f-753d-46c4-98f7-8cb7cb6b5a6d
通信保障支撑 / 无线网络优化工程师,黑龙江省俊驰通信技术有限公司,9000-12000元,北京·海淀·甘家口,北京,本科,1-3年,7月26日,zhilian_direct,岗位职责： 1、负责首都重大活动、突发事件及自然灾害等场景下的应急通信指挥调度与现场技术支撑，确保通信网络安全平稳运行； 2、参与通信保障应急预案与保障方案的编制、修订及优化，定期组织15个分公司应急演练，不断提升应急处置能力与响应效率； 3、与各部门、各分公司、运营商及合作单位保持高效协同，建立良好沟通机制，推动问题快速解决。 任职要求： 1、大学专科及以上学历，通信工程及相关专业；经验丰富、能力突出者可适当放宽学历要求，具备无线网络优化实战经验者及有过中国铁塔工作经验者优先； 2、具备良好的文档撰写能力，能够独立输出详实的专题分析报告、进度汇报等材料，逻辑清晰，善于统筹安排多线程任务； 3、具备较强的数据分析与问题定位能力，能够快速给出建议； 4、具有良好的沟通协调能力，能够与内外部相关方进行清晰、高效的对接； 5、能够熟练使用Office等办公软件的常用功能，尤其能够熟练运用Excel完成数据统计与图表分析； 6、责任心强，工作积极主动，具备较强的抗压能力和奉献精神，能够接受极端天气应急保障期间“24小时值守+24小时轮休”的工作安排； 7、本岗位为坐班制，须在公司指定办公地点全职工作。 职位福利：双休法休、五险一金、部门认定的重保核心技能证书设一次性报销及奖励政策、晚上加班超9点打车费报销、特殊贡献一次性奖金。 工作地点 北京海淀区铁塔大厦 以担保或任何理由索要财物，扣押证照，均涉嫌违法。一经发现， 立即举报,无线网,http://www.zhaopin.com/jobdetail/CC808268520J40923274412.htm?refcode=4019&srccode=401903&preactionid=02df593f-753d-46c4-98f7-8cb7cb6b5a6d
无线测试工程师,重庆蓝思晨科技有限公司,7000-9000元,重庆·沙坪坝·渝碚路,重庆,大专,经验不限,7月26日,zhilian_direct,职位描述 无线测试 功能测试 性能测试 WIFI 智能家居设备测试 ZIGBEE协议测试 蓝牙协议测试 工作职责 1. 负责全屋智能设备（智能音箱、传感器、门锁等）的无线通信协议测试，覆盖Wi-Fi、蓝牙、Zigbee等主流协议的功能与性能验证。 2. 设计场景化测试用例，模拟家庭多设备并发连接、信号干扰等真实环境，验证设备间的互联互通稳定性。 3. 跟踪并定位无线通信相关的缺陷，与研发团队协作推动问题闭环，输出清晰的测试报告与优化建议。 4. 参与测试流程与规范的迭代，沉淀智能家居无线测试的方法论与经验库。 任职要求 1. 大专及以上学历，电子信息、计算机、通信工程等相关专业优先，接受跨行业转行候选人。 2. 了解Wi-Fi、蓝牙、Zigbee等至少一种无线通信协议的基本原理，具备基础的网络知识。 3. 掌握测试用例设计方法，能独立完成测试执行与缺陷跟踪，有自动化测试经验者优先。 4. 具备较强的逻辑分析能力与问题定位思维，学习能力强，能快速掌握智能家居领域的业务知识。 工作地点 重庆沙坪坝区时代星空 以担保或任何理由索要财物，扣押证照，均涉嫌违法。一经发现， 立即举报,"无线测试,功能测试,性能测试,WIFI,智能家居设备测试,ZIGBEE协议测试,蓝牙协议测试",http://www.zhaopin.com/jobdetail/CCL1504338550J41003140302.htm?refcode=4019&srccode=401903&preactionid=02df593f-753d-46c4-98f7-8cb7cb6b5a6d
无线通信工程师,浙江瑞盈通信技术股份有限公司,5000-9000元,北京·丰台·马家堡,北京,大专,1-3年,7月26日,zhilian_direct,职位描述 宏站设计 室分设计 无线通信 1、按照项目负责人要求能独立完成无线室内分布项目的勘察设计工作。 2、一年以上无线宏站勘察设计经验，熟悉北京电信宏站及室分项目勘察设计工作 3、参与过可研、勘察设计、预算、系统流程、文本出版等全流程事务的人员优先。 工作地点 北京丰台区马家堡街道 以担保或任何理由索要财物，扣押证照，均涉嫌违法。一经发现， 立即举报,"宏站设计,室分设计,无线通信",http://www.zhaopin.com/jobdetail/CC414536010J40936373608.htm?refcode=4019&srccode=401903&preactionid=02df593f-753d-46c4-98f7-8cb7cb6b5a6d
无线网络优化工程师,黑龙江省俊驰通信技术有限公司,7000-12000元,北京·海淀·甘家口,北京,大专,1-3年,7月26日,zhilian_direct,岗位职责： 1、负责无线通信网络的性能监控、测试分析、参数调整与优化工作； 2、基于测试数据与性能指标，输出网络优化方案并负责实施，提升网络覆盖、容量与质量； 3、独立撰写无线网络优化报告、技术分析材料、项目周月报及工作总结等文档； 4、具备技术材料撰写经验，能够独立完成项目方案、技术报告、工作总结等材料的编写； 5、与运营商、合作单位及内部团队保持良好沟通，协同推动网络问题解决； 6、熟悉通信行业相关规范标准，确保项目设计符合规范要求。 任职要求： 1、大学专科及以上学历，通信工程相关专业，相关专业如经验丰富者可适当放宽； 2、具备无线网络优化实战经验，熟悉5G/LTE网络架构、关键参数及信令流程； 3、熟练使用常用路测软件； 4、具备技术文档撰写能力，能能独立输出详实的优化方案、专题分析报告及项目汇报材料等； 5、掌握基础的Office办公软件、AutoCAD及相关通信设计或仿真工具功能； 6、具备较强的数据分析与问题定位能力，能根据测试数据快速提出有效优化建议； 7、工作积极主动，具备良好的团队合作精神和沟通协调能力； 8、本岗位为坐班制，需在公司指定办公地点全职工作。 职位福利：五险一金、周末双休 工作地点 北京海淀区电建大厦 以担保或任何理由索要财物，扣押证照，均涉嫌违法。一经发现， 立即举报,无线网,http://www.zhaopin.com/jobdetail/CC808268520J40841966212.htm?refcode=4019&srccode=401903&preactionid=02df593f-753d-46c4-98f7-8cb7cb6b5a6d
无线通讯测试工程师（RF/EMC/SAR）,深圳世标检测认证股份有限公司,5000-10000元,深圳·宝安·石岩,深圳,本科,经验不限,7月26日,zhilian_direct,岗位职责】 1、依据相关标准规范，执行各类RF/EMC/SAR测试，如浪涌抗、射频、电磁辐射等，确保样品符合标准，并撰写测试报告； 2、协助实验室质量管理制度，参与标准培训与内部审核工作； 3、根据客户提供的需求，负责案件的整改工作，协助产品认证流程； 4、配合安全检查与整改工作，维护、核查和保养操作设备并做好相关记录。 【任职要求】 1、本科及以上，通信、电子类专业优先，能读写英文资料，应届生可以培养； 2、熟悉RF/EMC/SAR测试标准和测试流程； 3、掌握RF/EMC/SAR测试仪器（如频谱仪、功率计、信号源等）的操作方法； 4、熟练office电脑基本应用，具备一定的抗压能力。 工作地点 深圳宝安区宝利安工业园B栋（办公楼）401 以担保或任何理由索要财物，扣押证照，均涉嫌违法。一经发现， 立即举报,"无线测试,射频测试,移动通信测试,EMC测试,信号测试,5G,4G,3G,WIFI",http://www.zhaopin.com/jobdetail/CC202309510J40836876705.htm?refcode=4019&srccode=401903&preactionid=02df593f-753d-46c4-98f7-8cb7cb6b5a6d
无线通信协议工程师,北京航天科工世纪卫星科技有限公司,1.5-2.5万,西安·长安·韦曲,西安,本科,5-10年,7月26日,zhilian_direct,岗位职责： 1、负责根据无线电通信产品应用需求定义软件功能，输出设计方案，设计测试用例； 2、负责无线通信协议处理软件框架设计、开发和集成； 3、负责设计和开发无线通信协议软件，并进行软件集成与测试； 4、负责软件测试中相关问题定位并解决测试产生的问题，完成测试验收和向客户交付； 5、对通信协议重大风险点和技术难题攻关，确保业务按时、保质交付； 任职要求： 1、通信、电子、计算机类相关专业统招本科及以上学历，8年以上相关工作经验； 2、熟悉数据链、卫星通信、地面移动通信、物联网等至少一种无线通信系统； 3、熟悉4G/5G、DVB-S2、AdHoc、Wifi、Bluetooth、NB-IoT、Zigbee至少一种无线通信协议； 4、至少精通一种编程语言，有DSP/ARM嵌入式开发经验者优先； 5、熟悉移动通信和数字信号处理原理，熟悉4G/5G标准L2/L3层相关协议并有相关开发经验者优先； 6、学习能力强、有良好的沟通能力和团队合作精神； 工作地点 西安长安区神舟三路 以担保或任何理由索要财物，扣押证照，均涉嫌违法。一经发现， 立即举报,"C语言,VHDL,Verilog,网络交换技术,网络协议,卫星通信,通信算法,5G,通信接口/总线,4G,无线通信",http://www.zhaopin.com/jobdetail/CC120408990J40816333408.htm?refcode=4019&srccode=401903&preactionid=02df593f-753d-46c4-98f7-8cb7cb6b5a6d
无线宏站设计工程师,浙江瑞盈通信技术股份有限公司,5000-9000元,北京·丰台·马家堡,北京,大专,1-3年,7月26日,zhilian_direct,职位描述 宏站设计 室分设计 无线通信 1、按照项目负责人要求能独立完成无线宏站勘察设计工作。 2、一年以上无线宏站勘察设计经验，熟悉北京电信宏站及室分项目勘察设计工作 3、参与过可研、勘察设计、预算、系统流程、文本出版等全流程事务的人员优先。 工作地点 北京丰台区马家堡街道 以担保或任何理由索要财物，扣押证照，均涉嫌违法。一经发现， 立即举报,"宏站设计,室分设计,无线通信",http://www.zhaopin.com/jobdetail/CC414536010J40481778308.htm?refcode=4019&srccode=401903&preactionid=02df593f-753d-46c4-98f7-8cb7cb6b5a6d
无线通信工程师（马来西亚）,北京智讯天成技术有限公司,1.5-3万,北京·朝阳,北京,本科,3-5年,7月26日,zhilian_direct,职位描述 无线通信 5G GSM-R LTE 工作职责： 1、 高铁（海外）建设项目和维护项目中，同业主和合作单位进行技术交流及技术方案处理等； 2、项目现场技术支持，如通信设备调试，设备故障排查及处理； 3、 项目相关文档的准备、制作及递交。 任职要求： 1、熟悉并了解高速铁路无线GSM-R通信系统的相关原理和网络组成，以及相关基本标准； 2、 熟悉HUAWEI GSM、LTE以及5G相关设备，并具备系统组网解决方案的支持能力。同时对相关技术及设备操作具有丰富经验；（能独立开局优先考虑） 3、了解GSM、LTE及5G无线系统的规划及优化工作及流程；（有网优能力及经验的优先考虑） 4、对光纤直放站产品有了解并有技术储备； 5、 对HUAWEI数通产品有一定技术储备，可以提供一定的技术方案能力；（非必要，如有相关华为相关认证，可以优先考虑） 6、 具备一定数据服务器操作能力；（非必要，如有可以优先考虑） 7、 熟悉无线射频设备一般测量用常见仪器仪表的操作； 8、日常英语交流，有编辑文件的能力。 年终分红、驻外补贴、补充医疗保险、定期体检、七险一金 工作地点 北京朝阳区电子城·IT产业园 以担保或任何理由索要财物，扣押证照，均涉嫌违法。一经发现， 立即举报,"无线通信,5G,GSM-R,LTE",http://www.zhaopin.com/jobdetail/CC152235410J40489698311.htm?refcode=4019&srccode=401903&preactionid=02df593f-753d-46c4-98f7-8cb7cb6b5a6d
通信无线设计工程师,胜通和科技有限公司广州分公司,7000-10000元,北京·海淀·甘家口,北京,大专,1-3年,7月26日,zhilian_direct,职位描述 无线通信 招聘需求： 1、基本要求：大专以上学历，有1-2年工作经验。 2、专业需求：熟悉通信概预算及无线工程设计流程，有地铁覆盖工作经验优先 3、其他要求：熟悉办公软件，身体健康，抗压能力强。 4、薪酬：税前8000-10000元； 5、工作地点：北京。 6、工作内容：无线通信网络规划、设计工作，包含宏站、室分、地铁覆盖设计均有 工作地点 北京海淀区国际传播大厦b塔 以担保或任何理由索要财物，扣押证照，均涉嫌违法。一经发现， 立即举报 客户,无线通信,http://www.zhaopin.com/jobdetail/CC702648730J40936221408.htm?refcode=4019&srccode=401903&preactionid=02df593f-753d-46c4-98f7-8cb7cb6b5a6d
无线室分设计工程师,浙江瑞盈通信技术股份有限公司,5000-10000元,北京·丰台·马家堡,北京,大专,1-3年,7月26日,zhilian_direct,职位描述 室分图纸编制 通信室分设计 无线室分设计 项目勘察 移动室分设计 1、熟悉运营商通信无线网、电信800M无线专业优先； 2、熟悉相关无线项目（包括宏蜂窝、微蜂窝）现场勘察工作； 3、熟练应用各种设计软件； 4、熟悉项目流程，配合甲方、工程施工人员等沟通协调、解决工程项目交付中的设计相关问题 ； 5、配合项目经理进行出版文件的编制和工作量统计等后期工作。 工作地点 北京丰台区马家堡街道 以担保或任何理由索要财物，扣押证照，均涉嫌违法。一经发现， 立即举报,"室分图纸编制,通信室分设计,无线室分设计,项目勘察,移动室分设计",http://www.zhaopin.com/jobdetail/CC414536010J40481773608.htm?refcode=4019&srccode=401903&preactionid=02df593f-753d-46c4-98f7-8cb7cb6b5a6d
无线通信软件工程师,富斯科技,1.5-3万,深圳·福田·莲花,深圳,大专,3-5年,7月26日,zhilian_direct,职位描述 C++ C语言 一、基本要求：电子、通信、计算机等相关专业专科及以上学历，3年以上工作经验（优秀应届毕业生均可）； 二、专业技能要求： 1、 逻辑思维清晰、软件基本功扎实、熟悉C/C++； 2、 熟悉STM32单片机程序开发，熟悉常用外设驱动程序开发（Timer、SPI、I2C、UART等） 3、 熟悉ble、zigbee、wifi或者私有无线通信协议（无人机、航模通信）中任一种优先； 4、 熟悉无线产品调试的仪器使用； 5、 了解私有无线协议这块； 6、有RF 收发芯片的底层开发经验。 工作职责： 1、负责相关产品的程序开发和维护； 2、负责相关产品的软件概要设计和其它相关文档编写； 3、负责领导安排的相关工作； 福利：五险一金、全勤奖、工龄奖、员工旅游、节日福利、带薪年假 工作时间:弹性工作时间：上班8:30-9:30 下班18:00-19:00 午休12:00-13:30，双休，法定假日休息。等等。 工作地点 深圳市福田区深南大道6006号华丰大厦16F 以担保或任何理由索要财物，扣押证照，均涉嫌违法。一经发现， 立即举报,"C++,C语言",http://www.zhaopin.com/jobdetail/CZ605787980J00064015307.htm?refcode=4019&srccode=401903&preactionid=02df593f-753d-46c4-98f7-8cb7cb6b5a6d
通信无线设计工程师,胜通和科技有限公司广州分公司,1.2-1.6万,北京·海淀·甘家口,北京,本科,3-5年,7月26日,zhilian_direct,职位描述 无线通信 移动通信 招聘需求： 1、基本要求：通信计算机相关专业本科及以上学历，有通信相关行业工作经验 2、专业需求：精通4G/5G无线通信网络规划/设计/优化，具备数据分析能力/汇报能力，有联通网络滚动规划工作经验尤佳； 3、其他要求：熟悉办公软件，身体健康。 4、具备良好的沟通能力和学习能力，有较强的工作责任心以及团队合作精神； 5、薪酬：税前12000-16000元； 6、工作地点：北京。 工作地点 北京海淀区国际传播大厦b塔 以担保或任何理由索要财物，扣押证照，均涉嫌违法。一经发现， 立即举报 客户,"无线通信,移动通信",http://www.zhaopin.com/jobdetail/CC702648730J40942341308.htm?refcode=4019&srccode=401903&preactionid=02df593f-753d-46c4-98f7-8cb7cb6b5a6d
无线通信工程师—线上一轮面试,软通动力信息技术(集团)股份有限公司,9000-12000元,西安·雁塔·漳浒寨,西安,本科,1-3年,7月26日,zhilian_direct,职位描述 无线测试 移动通信测试 基站测试 自动化测试 系统测试 通信测试 工作职责： 1、参与RRU模块软特性测试； 2、参与RRU模块自动化测试编码与验证； 任职资格： 1、学信网统招本科以上学历，软件、计算机、通信工程、电子等相关专业； 2、系统测试具备脚本自动化编辑能力，了解系统，软件，特性类测试方法以及自动化验证能力； 3、线上面试，周末双休，全额五险一金。 工作地点 雁塔区西安环普国际科技园 以担保或任何理由索要财物，扣押证照，均涉嫌违法。一经发现， 立即举报,"无线测试,移动通信测试,基站测试,自动化测试,系统测试,通信测试",http://www.zhaopin.com/jobdetail/CC000544460J40831001416.htm?refcode=4019&srccode=401903&preactionid=02df593f-753d-46c4-98f7-8cb7cb6b5a6d
无线宏站设计工程师,宁波华讯通信服务有限公司,7000-11000元,上海·浦东·祝桥,上海,大专,1-3年,7月26日,zhilian_direct,职位描述 铁塔设计 宏站设计 无线通信 工作内容： 负责铁塔4G/5G宏站现场勘察、站点规划、天馈参数设计、机房配套设计；出CAD施工图纸、做概预算、报审资料、对接甲方与施工现场，跟进项目落地验收。 岗位要求： 1、通信相关专业，大专及以上，有铁塔宏站配套设计相关工作经验有先； 2、熟练掌握涉及软件和工具，能接受外勤勘察，踏实肯干、沟通顺畅。 工作地点 上海浦东国际机场上海浦东新区全区 以担保或任何理由索要财物，扣押证照，均涉嫌违法。一经发现， 立即举报,"铁塔设计,宏站设计,无线通信",http://www.zhaopin.com/jobdetail/CC405236120J41018151504.htm?refcode=4019&srccode=401903&preactionid=02df593f-753d-46c4-98f7-8cb7cb6b5a6d
嵌入式软件工程师（无线产品）,青鸟智慧控制科技股份有限公司,面议,北京·海淀·燕园,北京,本科,3-5年,7月26日,zhilian_direct,岗位职责： 1. 负责无线产品的软件开发，编写软件设计文档； 2. 编写无线产品应用层、网络层完成协议栈开发工作； 3. 负责射频芯片回片调试、外场测试、解决通讯问题； 4. 协助工厂开发质检设备； 5. 为无线现场优化提供技术支持，对现场工程师提供技术指导。 任职要求： 1. 精通C 语言，有良好编程风格； 2. 精通CPU架构，至少精通GD32、STM8L、STM32、HC32等常见MCU中的一种； 3. 熟悉无线通信组网相关的基本知识，有接触过Wifi、蓝牙、Zigbee等无线技术； 4. 有Lora、Zigbee等自组网协议栈开发经验优先，有智能物联网相关产品开发经历优先； 5. 具有良好的工作沟通能力。 工作地点 中国北京市海淀区成府路207号 以担保或任何理由索要财物，扣押证照，均涉嫌违法。一经发现， 立即举报,"8位单片机,32位单片机,PIC单片机,C语言",http://www.zhaopin.com/jobdetail/CC145846890J40776087506.htm?refcode=4019&srccode=401903&preactionid=02df593f-753d-46c4-98f7-8cb7cb6b5a6d
无线设计工程师,成都山康技术服务有限公司,6000-9000元,郑州·中原·航海西路,郑州,大专,1-3年,7月26日,zhilian_direct,职位描述 室分设计 铁塔设计 天线设计 宏站设计 无线通信 无线站点设计初级工程师岗位要求： ■1年以上无线站点或土建勘查设计经验； ■熟悉操作AutoCAD等各种画图软件以及各种地图软件； ■大专及以上学历， ■工作细致、主动，责任心和服务意识强，保密意识强； ■团队合作性好，有较好的沟通协调能力； 工作地点 郑州中原区升龙金中环财富中心 以担保或任何理由索要财物，扣押证照，均涉嫌违法。一经发现， 立即举报,"室分设计,铁塔设计,天线设计,宏站设计,无线通信",http://www.zhaopin.com/jobdetail/CCL1258186750J40831994610.htm?refcode=4019&srccode=401903&preactionid=02df593f-753d-46c4-98f7-8cb7cb6b5a6d
无线传输工程师,四川广虹霖科技有限公司,5000-7000元,遂宁·船山区·慈音街道,遂宁,大专,3-5年,7月26日,zhilian_direct,职位描述 光通信 铁塔设计 室分设计 工作内容 1、负责铁塔室内分布、5G室分、微站、一体化覆盖等通信项目的现场勘察、方案设计、图纸绘制、预算编制、文本输出全流程工作，确保设计方案符合运营商规范、现场实际场景及项目建设要求。 2、独立对接运营商（移动、联通、电信）、铁塔公司及甲方相关负责人，负责项目前期需求沟通、现场配合答疑、方案汇报、需求确认等工作，精准抓取甲方建设需求、整改要求及验收标准。 跟进项目全流程，包括方案报审、图纸修改、资料汇总、问题整改、竣工资料配合等，协调解决设计、施工、验收过程中的各类对接问题，保障项目顺利推进落地。 3、熟悉运营商及铁塔最新设计规范、建设标准、集采要求，及时更新专业知识，优化设计方案，控制项目建设成本，提升方案通过率。 4、配合公司项目复盘、资料归档、台账统计，完成领导交办的其他相关设计及对接工作。 任职要求 1、专科及以上学历，通信工程、电子信息、机电一体化等相关专业优先，1年及以上铁塔室分、通信覆盖勘察设计相关工作经验。 2、具备独立现场勘察、方案设计、CAD绘图、预算及可研报告编制能力，可独立完成单项目全流程设计工作，熟练使用CAD、天正、网优相关设计软件及办公软件。 3、具备成熟的甲方、运营商对接能力，擅长需求沟通、方案讲解、异议协调，能够高效对接各方人员，妥善处理项目各类问题，有良好的商务沟通、谈判及问题解决能力。 4、熟悉三大运营商、铁塔公司室分建设规范、验收标准及报审流程，了解楼宇室分、隧道、地下室、园区等各类场景覆盖方案设计要点。 5、工作认真负责、责任心强，具备较强的统筹能力、抗压能力和团队协作意识，能适应短途出差、现场驻场工作。 6、有本地运营商、铁塔对接资源或相关项目落地经验者优先录用。 工作地点 遂宁船山区鼎盛国际 以担保或任何理由索要财物，扣押证照，均涉嫌违法。一经发现， 立即举报,"光通信,铁塔设计,室分设计",http://www.zhaopin.com/jobdetail/CC284294930J40791129306.htm?refcode=4019&srccode=401903&preactionid=02df593f-753d-46c4-98f7-8cb7cb6b5a6d
无线/射频通信工程师,企会帮(南京)科技有限公司,6000-12000元,南京·浦口·沿江,南京,本科,1-3年,7月26日,zhilian_direct,职位描述 C++ 网络协议 5G 蓝牙/Wi-Fi 射频设计 射频电路仿真调试 通信协议栈优化 射频模块测试验证 工作职责 1. 负责无线通信产品的射频电路设计、仿真与调试，确保信号传输的稳定性与抗干扰能力。 2. 参与无线通信协议栈的开发与优化，提升数据传输效率与网络覆盖范围。 3. 协同硬件团队完成射频模块的测试验证，解决实际场景中的通信性能问题。 4. 跟踪行业前沿技术动态，将新技术应用于产品迭代，提升产品竞争力。 任职要求 1. 本科及以上学历，电子信息工程、通信工程等相关专业，基础扎实。 2. 精通射频电路设计工具（如ADS、HFSS），熟悉无线通信原理（如LTE、5G、Wi-Fi）。 3. 具备无线通信产品开发经验，能独立完成射频模块的调试与性能优化。 4. 掌握至少一种编程语言（如C/C++），具备一定的软件开发能力。 5. 具备良好的问题分析能力与团队协作精神，能快速定位并解决技术难题。 工作地点 南京市-浦口区-丽景路7号1 以担保或任何理由索要财物，扣押证照，均涉嫌违法。一经发现， 立即举报,"C++,网络协议,5G,蓝牙/Wi-Fi,射频设计,射频电路仿真调试,通信协议栈优化,射频模块测试验证",http://www.zhaopin.com/jobdetail/CCL1391421530J40897059613.htm?refcode=4019&srccode=401903&preactionid=02df593f-753d-46c4-98f7-8cb7cb6b5a6d
网络工程师（实习生-可转正-北京燕郊）,北京泰达信通科技有限公司,138-275元/天,廊坊·三河市,Guangzhou,本科,经验不限,7月25日,zhilian,"职位描述 可转正 实习证明 交换机配置 故障处理 路由器配置 HCIA HCIP 网络运维 思科认证 华为认证 华三认证 HCIE CCIE CCIP 通信/网络设备 产业互联网平台 目录 一、招聘基本要求 二、岗前实训 三、工作时间与薪酬 四、工作地、住宿及出差 五、公司优势 六、任职要求 七、岗位方向 八、专业方向 九、面试问题 十、转正条件 一、招聘基本要求： 1、本科学历 2、2027届应届生，大三可长期实习在校生，为公司储备人才； 3、可以长期实习6个月以上； 4、有意向长期发展优先，考核通过可以转正。 二、岗前实训 1、实训时间：6天； 2、实训有明确的工作任务及完成标准； 3、实训考核合格签订实习协议； 4、实训补助50元/天。 三、工作时间与薪酬 3.1、工作时间： 3.1.1北京：周一~周五，9：00-12：00；13：30-18：00 3.1.2其他地区：周一~周五，8：30-12：00；13：30-18：00 3.2薪酬 3.2.1实习薪酬：起薪3k，HCIP同等级证书+1k，根据出勤绩效有浮动，实习期参与公司项目奖励，北京城区补助50元/天*21.75天/月。实习期前2个月，发放薪酬的80%。 3.2.2转正薪酬：初级工程师起薪7K/月，持有HCIP证书补助1K/月，HCIE证书补贴1.5K/月四、工作地、住宿及出差 4.1 工作地点：以下方地图为准，面试时沟通调整除外 4.2 住宿情况：公司不提供长期住宿。 4.3各地公司附近租房标准： 4.3.1北京燕郊一居1300-1400元； 4.3.2北京通州单间2000-3000元 4.3.3石家庄一居1500-1700元； 4.3.4沧州一居1400-1600元； 4.3.5保定一居1500-1700元。 （单间的价格一般在一居的50%） 4.4出差情况： 4.4.1有出差，河北省内，时间2天到2周不定 4.4.2有宿舍的地市住宿舍，没宿舍的地市住宾馆（按公司费用标准报销） 4.5公司各地地址 4.5.1、北京：通州区富力运河十号 4.5.2、燕郊：廊坊三河市云谷产业园 4.5.3、石家庄：裕华区天山.银河广场 4.5.4、保定：莲池区未来金融港 4.5.5、沧州：京贵中心 五、公司优势 1、公司管理规范，正值发展期，适合学习、成长，长期发展！ 2 、毕业后通过考核可转正，转正后可享受公司年终分红及正式员工福利！ 3 、晋升和发展方向明确！ 4 、实习薪酬与员工薪酬超同行业30%以上！ 5 、正式员工平均薪酬超同行业100%以上！（只要你有能力，绝对满足你对薪酬的预期） 6 、公司在北京、石家庄、保定、廊坊、沧州均设有分公司，转正后可根据自己的实际情况选择社保参保地！ 7、公司可提供实习证明，可转正！ 六、任职要求 1、统招本科学历； 2、具备职位所需要的基础专业技能； 3、做事认真、有责任心、有主动性； 4、有很强的学习提升意愿； 5、有团队意识和合作精神。 七、岗位方向 （一）网络工程师（3人）： 1、网络现场售后：处理网络故障的现场部分；公司产品的现场售后安装、调试； 2、网络接入设计：现场工勘，包括房间布局，弱点间布局，走线架布局，odf架布局；整理分体单元点位设计图，光纤线路设计图，电源线路设计图，分纤箱设计图；汇聚网关设计图；汇聚网关到核心交换机之间的光纤路由设计图；其他产品涉及的设计图； 3、网络设备配置：交换机、分体单元、终端、AP、AC、智慧主机、录播等设备的数据配置； 4、网络工程协调：和涉及施工的区域和人员提前进行沟通，施工零等待； 5、公司交办的其他任务； （二）售前方案设计师（2人,可调北京） 1、售前方案编写； 2、与客户进行技术交流； 八、专业方向（可以选择其中一个方向发展）： 8.1 方向一：无线AP/AC 8.2 方向二：超融合、虚拟化、云服务 8.3 方向三：OLT/ONU 8.4方向四：路由交换 九、面试问题 请提前准备面试的问题，在以下三个方向，选择一个你感兴趣或擅长的方向，面试时回答这个方向下的问题。 方向一： 1、在内置天线情况下，wifi优化涉及的参数都有哪些？每个参数能解决什么问题？ 2、如果一个吸顶AP需要覆盖两个相邻的房间，关键参数怎么设置？AP部署在什么位置，是最佳位置，为什么？ 3、如果一个面板ap覆盖一个房间，AP部署在什么位置，是最佳位置，为什么？ 方向二： 1、策略路由是什么意思？什么场景下应用？如果在华为的NE40路由器上，自己假设默认路由的目的地址，策略路由的目的地址，源地址，做一个策略路由的脚本； 2、100个ip地址，自动ping测工具那个工具比较好？自己找100个网站，做一个ping时延拨测结果表；注明拨测的运营商；（移动，电信，联通，4//5G还是宽带） 3、ping时延，和TCP时","交换机配置,故障处理,路由器配置,HCIA,HCIP,网络运维,思科认证,华为认证,华三认证,HCIE,CCIE,CCIP",http://www.zhaopin.com/jobdetail/CC275375580J40744648215.htm?refcode=4019&srccode=401901&preactionid=e3a51e1d-e818-4b4f-9905-06818f0e03ef
数据通信工程师,企会帮(南京)科技有限公司,5000-8000元,南京·沿江,Guangzhou,本科,经验不限,7月26日,zhilian,岗位职责： 1. 负责通信网络系统的设计、部署、调试与优化，保障数据传输稳定性与安全性 2. 开展5G、光纤通信、无线接入等主流通信技术的方案实施与故障排查 3.编写技术文档、测试报告及运维手册，支持项目交付与客户培训 4. 配合研发与工程团队完成通信设备联调、协议对接及性能验证 5. 跟踪通信行业技术发展，参与新技术试点与标准化 落地 任职要求： 1. 通信工程、电子信息、计算机等相关专业背景，学历不限 2. 熟悉TCP/IP、OSI模型、PTN/OTN、SPN等通信协议与网络架构 3. 具备通信设备（如华为、中兴、烽火等）操作经验者优先 4. 具备良好的逻辑分析能力与跨部门协作意识 5. 持有CCNA、HCIA、PMP或通信类职业资格证书者优先 工作地点 南京市-浦口区-丽景路7号1 以担保或任何理由索要财物，扣押证照，均涉嫌违法。一经发现， 立即举报,通信技术工程师,http://www.zhaopin.com/jobdetail/CCL1391421530J40887231513.htm?refcode=4019&srccode=401901&preactionid=e3a51e1d-e818-4b4f-9905-06818f0e03ef
网络运维工程师,北京中科航天人才服务有限公司,1-1.3万·13薪,北京·大兴,Guangzhou,本科,5-10年,7月24日,zhilian,岗位职责： 1、负责公司整体网络架构的日常运维、监控与优化工作，涵盖路由器、交换机、防火墙、无线AC/AP等网络设备，保障公司网络7×24小时稳定运行。 2、实时监控网络运行状态、流量负载、设备性能及链路质量，及时发现网络卡顿、延迟、丢包、断网等故障，快速定位问题根源并完成应急排查、修复与复盘，输出故障处理报告。 3、负责网络设备的配置调试、版本升级、权限管理、安全策略配置及定期巡检，规范设备台账、配置备份、日志留存等资料管理，定期完成网络运维工作总结。 4、参与公司网络扩容、架构升级、办公网络改造、新网点网络搭建等项目落地，配合完成方案调研、部署实施、测试验收及后期运维支撑。 5、落实网络安全防护工作，定期排查网络安全漏洞，优化访问策略、ACL规则、防火墙策略，防范网络攻击、病毒入侵、违规访问等风险，保障企业网络数据安全。 6、配合公司业务系统、服务器上线及运维工作，提供网络层面技术支撑，对接运营商、第三方技术厂商，协调处理专线、宽带及设备相关问题。 任职要求： 1、大学本科及以上学历，计算机、网络工程、信息技术等相关专业，5年及以上企业网络运维相关工作经验，有中大型企业运维经验者优先。 2、精通TCP/IP协议、路由交换原理，熟练掌握VLAN、STP、OSPF、ACL、端口聚合等常用技术，熟悉华为、华三、锐捷等主流网络设备配置与运维。 3、熟悉防火墙、负载均衡、VPN、无线组网等设备的部署与策略优化，具备独立排查各类网络故障、处理网络突发问题的能力。 4、了解企业网络安全基础知识，具备基础的网络漏洞排查、安全防护能力，熟悉机房网络布线、机柜规划与规范部署。 5、具备良好的问题分析能力、应急处理能力和责任心，工作细致严谨，能接受阶段性值班及突发故障应急响应。 6、持有HCIA/HCIP、CCNA/CCNP等网络认证者优先，熟悉云计算网络、虚拟化网络运维者优先。 7、具有网络安全等级保护体系三级经验。 薪资待遇： 税前10000-13000元/月，具体面议，按实际缴纳五险一金，公积金比例12%；十三薪，节假日福利，年度健康体检。 工作地点 北京大兴区中国火箭大厦 以担保或任何理由索要财物，扣押证照，均涉嫌违法。一经发现， 立即举报,网络运维工程师,http://www.zhaopin.com/jobdetail/CC132807300J40866922007.htm?refcode=4019&srccode=401901&preactionid=e3a51e1d-e818-4b4f-9905-06818f0e03ef
5g网络优化工程师,河南低中空技术服务有限公司,4000-6000元,郑州·管城·城东路,Guangzhou,大专,经验不限,6月29日,zhilian,岗位职责】 1. 参与4G/5G无线网络的日常测试（路测DT、定点测试CQT）及数据采集； 2. 协助分析网络性能指标（如信号覆盖、干扰、切换成功率等），输出优化建议； 3. 支持客户投诉处理，定位网络异常问题并配合解决； 4. 使用测试工具完成基础参数配置与优化； 5.重大活动保障（演唱会、商场活动、重大节假日活动、重要会议等） 6. 整理测试报告及优化文档，协助团队完善网络优化方案。 【任职要求】 1. 学历专业：大专及以上学历，通信工程、电子信息、计算机、网络技术等相关专业； 2. 年龄要求：接受优秀应届毕业生，优秀者可以适当放宽条件； 3. 技能基础： - 熟悉移动通信原理（4G/5G基础知识优先）； - 能熟练使用Office办公软件（Excel、PPT），有MapInfo或地理化分析经验者加分； - 对路测工具（如CDS、Genex Probe等）有基础了解或学习意愿； 4. 综合素质： 适应短期出差或外场工作，吃苦耐劳； - 逻辑清晰，具备基础数据分析能力； 良好的沟通与学习能力 工作地点 郑州管城回族区绿都广场-B栋805 以担保或任何理由索要财物，扣押证照，均涉嫌违法。一经发现， 立即举报,"5G,无线网",http://www.zhaopin.com/jobdetail/CCL1493584610J40804029516.htm?refcode=4019&srccode=401901&preactionid=e3a51e1d-e818-4b4f-9905-06818f0e03ef
5G网络优化工程师,河南汉纳实业有限公司,3000-6000元,郑州·管城·城东路,Guangzhou,大专,经验不限,7月26日,zhilian,岗位职责 1. 负责4G/5G无线网络的规划与全流程运维，提供日常技术支撑，保障河南本地及合作区域网络持续稳定运行，助力省内通信网络高质量发展。 2. 操作网络管理中心（OMC）系统，执行网络参数规划配置、设备参数调整、网络性能优化及设备实时运营监控，保障河南地市运营商网络高效运转。 3. 主导5G网管KPI性能优化工作，统计分析河南区域网络运营大数据，精准挖掘网络性能短板并制定针对性解决方案，提升本地网络服务水平。 4. 负责河南及合作运营商考核指标的后台深度分析与处理，确保各项指标达标，维护良好合作关系。 5. 针对河南运营商无线投诉相关指标，开展分析与优化工作，切实提升本地用户网络使用体验。 二、任职要求 1. 通信工程、计算机科学与技术、电子信息工程等相关理工科专业，专科及以上学历，有意愿在河南长期发展者优先。 2. 具备1-3年无线网络优化相关工作经验，持有华为、中兴等厂商相关认证者优先录用；熟悉河南本地4G/5G网络架构及运营特点者加分。 3. 熟练掌握4G/5G网络原理及信令流程，了解华为/中兴网管系统基础功能，熟悉各类网络平台及指标分析工具，具备运营商考核指标后台分析处理能力；有一定数据库操作能力，有前台工作经验且意愿转后台者可接受 三、薪资待遇 1. 薪酬福利：月薪4000-6000元；河南本地项目提供免费住宿，报销工作相关往返路费（含河南地市间及省外项目往返河南的交通费用），享受国家法定节假日福利及公司专项节日福利。 2. 工作时间：工作作息与河南合作运营商保持同步，保障工作生活平衡。 3. 工作地点：可根据个人意愿及项目需求，优先协调河南本地岗位分配，特殊情况接受外省项目调剂 工作地点 郑州管城回族区绿都广场 以担保或任何理由索要财物，扣押证照，均涉嫌违法。一经发现， 立即举报,"5G协议,通信系统设计",http://www.zhaopin.com/jobdetail/CCL1285360340J40779872816.htm?refcode=4019&srccode=401901&preactionid=e3a51e1d-e818-4b4f-9905-06818f0e03ef
网优工程师,杭州大杰智能传动科技有限公司,1-1.1万,杭州·富阳·富春,Guangzhou,大专,1-3年,7月25日,zhilian,职位描述 无线网 2G 3G 4G GSM LTE 华为 中兴 网络性能优化 网络问题定位 网优方案落地 工作职责 1. 负责移动通信网络（2G/3G/4G/5G）的日常性能监控与优化，提升网络覆盖质量与用户感知。 2. 分析网络指标数据（如掉话率、接通率、切换成功率），定位并解决网络拥塞、干扰等问题。 3. 参与基站参数配置、邻区规划及天馈系统调整，制定针对性优化方案并落地执行。 4. 配合项目团队完成网络优化报告的撰写，输出可落地的改进建议。 任职要求 1. 大专及以上学历，通信工程、电子信息等相关专业优先。 2. 具备1年以上移动通信网络优化经验，熟悉华为、中兴等主流设备厂商的网优工具。 3. 掌握GSM/UMTS/LTE/NR等通信协议原理，能独立完成路测数据分析与问题定位。 4. 具备良好的沟通能力与团队协作精神，能适应短期出差需求。 工作地点 杭州富阳区赛道公园 以担保或任何理由索要财物，扣押证照，均涉嫌违法。一经发现， 立即举报,"无线网,2G,3G,4G,GSM,LTE,华为,中兴,网络性能优化,网络问题定位,网优方案落地",http://www.zhaopin.com/jobdetail/CCL1311193320J40876811009.htm?refcode=4019&srccode=401901&preactionid=e3a51e1d-e818-4b4f-9905-06818f0e03ef
网络工程师,江苏盛永立电子科技有限公司,6000-8000元,镇江·句容市·黄梅街道,Guangzhou,本科,经验不限,7月24日,zhilian,职位描述 网络安全 网络运维 半导体行业经验 7×24小时应急响应 主流网络设备配置管理 工作职责 1. 负责公司办公局域网、WiFi、交换机、防火墙、服务器日常运维，故障排查； 2. 处理员工电脑、打印机、等终端网络问题； 3. 协助完成网络设备巡检、线路整理； 4. 监控网络运行状态，快速定位并解决网络故障，确保关键业务链路的高可用性。 任职要求 1. 本科学历，计算机、网络工程等相关专业， 2. 熟悉Windows系统基础运维，能独立排查电脑网络、IP、DNS故障 3.企业内网整体运维：交换机、AC无线控制器、防火墙、宽带链路日常监控，及时处理断网、卡顿、外网访问异常； 4. 具备网络安全防护经验，熟悉防火墙、入侵检测系统（IDS）、虚拟专用网络（VPN）等安全技术。 5. 无硬性工作经验要求，接纳优秀应届生 工作地点 镇江句容市开发区崇明西路102号壹度科技7号楼 以担保或任何理由索要财物，扣押证照，均涉嫌违法。一经发现， 立即举报,"网络安全,网络运维,半导体行业经验,7×24小时应急响应,主流网络设备配置管理",http://www.zhaopin.com/jobdetail/CCL1308418540J41001108202.htm?refcode=4019&srccode=401901&preactionid=e3a51e1d-e818-4b4f-9905-06818f0e03ef
宽带装维工程师,珠海市明才网络科技有限公司,8000-9000元,珠海·梅华街道,Guangzhou,大专,经验不限,7月22日,zhilian,岗位职责 1.负责片区居民家庭宽带、有线/无线网络、全屋智能终端上门安装、调试与故障维护； 2.跟进用户全流程售后，专业解答网络故障、资费业务咨询，提升客户服务体验； 3.协助机房交换机、计算机软硬件、系统与办公软件安装调试，配合开展网络安全巡检、病毒排查与风险防护。 三、任职要求 1.大专及以上学历，通信、计算机、网络安全、电子信息类专业优先；了解电脑硬件、基础网络知识即可，有无实操经验均可带教； 2.普通话流利，沟通表达顺畅，能通俗讲解网络技术问题，服务心态好、责任心强； 3.愿意外勤上门服务，动手能力强，系统化岗前培训。 四、薪资待遇 面议 工作地点 珠海市-香洲区-香华路210号 以担保或任何理由索要财物，扣押证照，均涉嫌违法。一经发现， 立即举报,"通信设备装维,宽带装维",http://www.zhaopin.com/jobdetail/CCL1526594350J41001089702.htm?refcode=4019&srccode=401901&preactionid=e3a51e1d-e818-4b4f-9905-06818f0e03ef
网优工程师,如谷智算(上海)科技有限公司,1.2-1.4万,上海·浦东·花木,Guangzhou,大专,1-3年,7月26日,zhilian,职位描述 无线网 4G 5G LTE 华为 网络性能优化 故障排查处理 网络规划扩容 工作职责 1. 负责移动通信网络（4G/5G）的日常性能监控与优化，通过KPI分析定位网络瓶颈。 2. 主导网络故障排查与处理，制定针对性优化方案并推动落地，提升网络覆盖与容量。 3. 参与网络规划与扩容项目，输出基站参数配置、邻区优化等技术方案。 4. 与运营商客户对接需求，输出优化报告并提供技术支持。 任职要求 1. 大专及以上学历，通信工程、电子信息等相关专业。 2. 熟悉LTE/5G无线通信原理，掌握路测工具（如TEMS、鼎立）及后台分析软件（如M2000、ENIQ）的操作。 3. 具备2年以上无线网络优化经验，有运营商或设备商项目经验者优先。 4. 能适应短期出差，具备良好的问题分析能力与跨团队沟通能力。 工作地点 上海市浦东新区办公中心 以担保或任何理由索要财物，扣押证照，均涉嫌违法。一经发现， 立即举报,"无线网,4G,5G,LTE,华为,网络性能优化,故障排查处理,网络规划扩容",http://www.zhaopin.com/jobdetail/CCL1505511370J40866207207.htm?refcode=4019&srccode=401901&preactionid=e3a51e1d-e818-4b4f-9905-06818f0e03ef
华为无线网络优化工程师,河南跃千教育科技有限公司,7000-14000元,郑州·中原·石佛,Guangzhou,大专,1-3年,7月25日,zhilian,职位描述 5G协议 4G协议 3GPP VOLTE 1、需能独立指标优化、专项、日常优化经验； 2、熟悉GSM/LTE/NR任一网络制式； 3、具备H/Z厂家中级以上认证、运营商L2/3认证者优先； 4、能独立完成各项指标的优化工作； 5、大学毕业； 6、大专及以上学历； 7、工作踏实、有韧性，对通信行业有一定的兴趣爱好； 福利待遇： 1、专业技能方面的熟练掌握，行业经验的沉淀； 2、每年度进行工程师级别定级，按级别涨薪； 3、工作时间：周末双休+节假日休息+良好的办公环境+年轻化的工作团队； 4、薪资待遇：实习期5-7K，实习期满后7-14K。 5、五险一金，包住，节假日福利，年终奖，定期组织体检等一系列福利； 工作地点 中原区郑州中原国家广告产业园-3号楼 以担保或任何理由索要财物，扣押证照，均涉嫌违法。一经发现， 立即举报,"5G协议,4G协议,3GPP,VOLTE",http://www.zhaopin.com/jobdetail/CCL1520593940J40830247101.htm?refcode=4019&srccode=401901&preactionid=e3a51e1d-e818-4b4f-9905-06818f0e03ef
网络工程师实习生,河南源之点信息技术有限公司,3000-5000元,郑州·中原·枫杨,Guangzhou,大专,经验不限,2月24日,zhilian,岗位职责： （1）维护客户的网络正常运行； （2）负责项目中相关技术文档的撰写； （3）负责路由器、交换机、无线AP、防火墙等相关产品的调试； （4）能够接受短期的出差。 2.任职要求： （1）大专及以上学历，经验不限，具有网络工程师相关证书优先； （2）具有较强的学习能力，沟通能力；能够按时完成岗前培训（一至两周）； （3）有较强的团队意识，服从公司的工作安排。 工作地点 郑州中原区总部企业基地2期68号楼10层 以担保或任何理由索要财物，扣押证照，均涉嫌违法。一经发现， 立即举报,"交换机配置,路由器配置,Linux,网络安全,Cisco",http://www.zhaopin.com/jobdetail/CC483456980J40282894416.htm?refcode=4019&srccode=401901&preactionid=e3a51e1d-e818-4b4f-9905-06818f0e03ef
网优工程师,中首广金(天津)科技有限公司,1-1.1万,天津·东丽·新立,Guangzhou,大专,1-3年,7月26日,zhilian,职位描述 无线网 2G 4G 5G 网络问题定位解决 网络优化报告输出 专项优化任务执行 工作职责 1. 负责移动通信网络（2G/4G/5G）的日常优化工作，包括覆盖测试、参数调整与性能分析。 2. 主导网络问题定位与解决，如弱覆盖、掉话、速率不足等场景的优化方案落地。 3. 输出网络优化报告，跟踪优化效果并形成可复用的技术文档。 4. 配合项目团队完成网络扩容、站点调整等专项优化任务。 任职要求 1. 大专及以上学历，通信工程、电子信息等相关专业。 2. 熟悉移动通信原理，掌握路测工具（如鼎力、华星）及后台分析系统的操作。 3. 具备1年以上无线网络优化经验，有运营商或设备商项目经验者优先。 4. 具备较强的问题分析能力与沟通能力，能独立完成优化任务。 工作地点 天津东丽区二经路 以担保或任何理由索要财物，扣押证照，均涉嫌违法。一经发现， 立即举报,"无线网,2G,4G,5G,网络问题定位解决,网络优化报告输出,专项优化任务执行",http://www.zhaopin.com/jobdetail/CCL1431673450J40875961209.htm?refcode=4019&srccode=401901&preactionid=e3a51e1d-e818-4b4f-9905-06818f0e03ef
通信技术工程师,深圳市正阳网络科技有限公司,5000-9000元,惠州·惠阳区·澳头街道,Guangzhou,本科,经验不限,7月25日,zhilian,职位描述 无线通信 硬件设计 软件维护 网络安全 岗位内容： 1. 设计、测试、维护和优化通信系统的各种硬件和软件组件。 2. 熟悉无线通信、网络安全和互联网协议。 3. 使用模拟和数字仿真工具对设备进行性能评估和验证。 4. 客户支持和问题解决。 任职要求： 1. 本科及以上学历，通信、电子工程等相关专业背景。 2. 熟悉通信产品和系统开发流程。 3. 具有扎实的编程和算法基础，熟悉C/C++或Python等编程语言。 4. 熟练掌握常用电子元器件和仪器的使用方法。 工作地点 惠州惠阳区金华大厦6楼 以担保或任何理由索要财物，扣押证照，均涉嫌违法。一经发现， 立即举报,"无线通信,硬件设计,软件维护,网络安全",http://www.zhaopin.com/jobdetail/CCL1424879980J40923515415.htm?refcode=4019&srccode=401901&preactionid=e3a51e1d-e818-4b4f-9905-06818f0e03ef
天线工程师,北京众辉航测科技有限公司,7000-9000元,北京·昌平·回龙观,Guangzhou,本科,经验不限,7月24日,zhilian,岗位职责 1、负责解决天线开发过程中的关键问题； 2、负责天线新技术研究及新项目立项开发； 3、负责完成研发过程的各类文档及流程； 岗位要求 1、2026届应届毕业生，本科学历，电磁场与微波、电磁场与无线技术、电波传播与天线、通信工程、电子科学与技术、电子信息工程等相关专业； 2、熟悉电磁场基本理论、天线原理、微波网络、微波电子线路等基本理论； 3、最少掌握一种电磁电路仿真软件，如HFSS、CST、ADS、AWR等； 4、工作认真负责，态度端正。 工作地点 北京昌平区中腾建华商务大厦 以担保或任何理由索要财物，扣押证照，均涉嫌违法。一经发现， 立即举报,微波射频,http://www.zhaopin.com/jobdetail/CC856803880J40776597403.htm?refcode=4019&srccode=401901&preactionid=e3a51e1d-e818-4b4f-9905-06818f0e03ef
台州初级网络优化工程师,华信设计,4000-5000元,台州·临海市·古城街道,Guangzhou,大专,经验不限,7月24日,zhilian,职位描述 无线网 移动网 5G 4G 初级无线网络优化工程师，参与台州电信日常协优工作 1. 了解通信基本原理，熟悉路测软件使用 2. 掌握常见路测问题分析与优化措施 3. 有良好的沟通能力 4. 这是个长期项目，至少需要工作半年以上工作经验 工作地点 台州临海市中国电信(巾山中路85号营业厅) 以担保或任何理由索要财物，扣押证照，均涉嫌违法。一经发现， 立即举报,"无线网,移动网,5G,4G",http://www.zhaopin.com/jobdetail/CC121043380J40803576203.htm?refcode=4019&srccode=401901&preactionid=e3a51e1d-e818-4b4f-9905-06818f0e03ef
通信工程师,河北国石节能科技有限公司,6000-8000元,郑州·二七区·淮河路,Guangzhou,本科,经验不限,7月21日,zhilian,职位描述 无线通信 岗位内容： 1. 设计、测试、维护和优化通信系统的各种硬件和软件组件。 2. 熟悉无线通信、网络安全和互联网协议。 3. 使用模拟和数字仿真工具对设备进行性能评估和验证。 4. 客户支持和问题解决。 任职要求： 1. 本科及以上学历，通信、电子工程等相关专业背景。 2. 熟悉通信产品和系统开发流程。 3. 熟练掌握常用电子元器件和仪器的使用方法。 工作地点 郑州市-二七区-嵩山南路183号 以担保或任何理由索要财物，扣押证照，均涉嫌违法。一经发现， 立即举报,无线通信,http://www.zhaopin.com/jobdetail/CC281182780J40876783314.htm?refcode=4019&srccode=401901&preactionid=e3a51e1d-e818-4b4f-9905-06818f0e03ef
网络工程师,山东永恒电子科技有限公司,5000-10000元,泰安·泰山区·泰前街道,Guangzhou,大专,经验不限,7月19日,zhilian,职位描述 网络安全 系统运维 硬件/设备运维 华三认证 华为认证 计算机软件 计算机硬件 通信/网络设备 1、中小型局域网内网络安全设备、路由交换设备、无线网络设备的调试工作； 2、能够在厂家指导下完成常见弱电智能化业务系统的安装、调试工作； 3、网络系统的规划选型、建设实施、监控运维管理以及网络技术咨询等； 4、配合项目经理完成项目全生命周期的管理； 5、负责项目现场的实施方案协调、落地实践。 工作地点 山东省泰安市泰山区国山中心24层 以担保或任何理由索要财物，扣押证照，均涉嫌违法。一经发现， 立即举报,"网络安全,系统运维,硬件/设备运维,华三认证,华为认证",http://www.zhaopin.com/jobdetail/CC527988320J41001295104.htm?refcode=4019&srccode=401901&preactionid=e3a51e1d-e818-4b4f-9905-06818f0e03ef
数通售前网络工程师,郑州雨晨科技有限公司,6000-8000元,郑州·金水·祭城路,Guangzhou,大专,经验不限,7月12日,zhilian,职位描述 数通 1、负责信息化集成项目网络部分实施交付，包含交换机、路由器、防火墙、无线AC/AP等设备上架、调试、配置、上线、割接、故障排查； 2、根据客户需求制作实施方案、IP规划、网络拓扑、配置备份、竣工文档，配合项目完成验收； 3、处理项目后期网络故障、巡检、优化，对接客户进行技术沟通； 4、协助售前进行方案交流、设备测试、现场勘查； 5、服从项目调度，省内/周边短期出差。 任职要求 1、大专及以上，计算机、网络、通信相关专业；1年及以上数通实施经验； 2、扎实TCP/IP基础，熟练VLAN、链路聚合、STP/MSTP、VRRP、ACL、NAT；掌握OSPF、静态路由，了解BGP、VPN优先； 3、熟悉华为AR/S/USG系列设备调试优先；有H3C设备经验亦可； 4、能够独立完成园区网、中小型政企网络项目实施，具备故障排错思路； 5、能接受河南省内短期出差，动手能力强，沟通正常； 6、持有HCIP/HCIA数通证书优先；HCIE加分。 岗位待遇： 六、岗位待遇: （1）薪酬区间：综合月薪6000–8000元 缴纳五险，资深从业者根据过往经验工资可面谈。 （2）工作时间：9:00-12:00，14:00-18:00 实行单双休轮班制，法定节假日带薪休假； 工作安排：配合销售完成省内短途外勤、客户现场方案沟通，偶尔省外出勤，无长期驻外要求。 基础保障：缴纳五险，依托优质通信项目资源，可深耕数通售前赛道，职业发展清晰。 工作地点 郑州市-金水区-商务内环路8号15楼15A 以担保或任何理由索要财物，扣押证照，均涉嫌违法。一经发现， 立即举报,数通,http://www.zhaopin.com/jobdetail/CC713856130J40830110816.htm?refcode=4019&srccode=401901&preactionid=e3a51e1d-e818-4b4f-9905-06818f0e03ef
装维工程师,江苏基久网络科技有限公司第三分公司,5000-10000元,北京·东城·崇文门外,Guangzhou,本科,1-3年,7月21日,zhilian,岗位职责 1、负责宽带、IPTV、语音、乐享专线等业务的高效开通与调试，保障用户端网络稳定运行。 2、执行FTTH光纤穿线、设备安装（ONU/交换机/ODN）及光缆维护主导千兆升（PON口割接、用户端设备更换）等技术改造。 3 、精准管理小区资源及资产设备，保障网络稳定运行。 4、深耕社区宽带业务营销，策划地推活动并完成用户转化，拓展社区周边商机（物业、商超等），推动异业合作与资源整合。 5、维护社区物业、居委会关系，建立长期信任合作网络，为业务落地提供场景支持。 二、任职要求 1、大学本科及以上学历，需持电工证/登高证（无证可接受公司培训）。 2、具备基础网络知识（如综合布线、无线组网），有通讯维护经验者优先。 3.能独立完成装维技术任务， 同时具备主动挖掘社区商机、 促成业务订单的营销意识。 4.普通话流利，擅长与居民、 物业等多角色高效沟通， 具备高情商服务能力。 5.抗压能力强， 能快速响应并解决网络故障与客户投诉， 具备问题闭环能力。 熟悉机房整治、监控安防等ICT项目，或有社区地推、 电信业务推广经验者优先。 补充说明 薪酬福利：五险一金、高温补贴、劳保用品、餐补、带薪年假、节日礼包 成长支持:提供营销话术打磨、客户关系管理实战带教等成长培训 三、工作地址（根据居住地点就近推荐) 北京电信朝阳小街桥营业厅、丰台河西营业厅、朝阳双桥东路营业厅、通州激县营业厅、通州马驹桥营业厅、 顺义新城支局电信营业厅 工作地点 北京市-东城区-崇外大街11号 B座5楼 以担保或任何理由索要财物，扣押证照，均涉嫌违法。一经发现， 立即举报,"宽带装维,网络维护,国企,运营商",http://www.zhaopin.com/jobdetail/CCL1230065090J40865888001.htm?refcode=4019&srccode=401901&preactionid=e3a51e1d-e818-4b4f-9905-06818f0e03ef
5G通信工程师,长沙市臻杰科技有限责任公司,6000-9000元,贵阳·云岩,Guangzhou,大专,经验不限,7月25日,zhilian,岗位职责： 外场优化中级工程师：1、无线网络优化测试及测试分析工作；2、能够完成测试分析报告；3、能够提升移动、联通、电信运营商的4/5G网络指标； 系统优化中级工程师：1、对5G网络各项KPI指标提升及优化；2、处理质差小区；3、熟悉脚本制作及信令流程。4、熟悉网管平台 任职资格：1、大专以上学历（条件好的可放宽到中专学历），可接收实习生及应届毕业生；2、熟悉计算机操作与应用；3、具备适应出差的能力； 工作地点 贵阳云岩区延安东路 以担保或任何理由索要财物，扣押证照，均涉嫌违法。一经发现， 立即举报,"5G通信,无线网优,网络优化",http://www.zhaopin.com/jobdetail/CCL1211384430J40875360608.htm?refcode=4019&srccode=401901&preactionid=e3a51e1d-e818-4b4f-9905-06818f0e03ef
网络工程师,河北索盟科技有限公司,5000-6000元,保定·竞秀·先锋,Guangzhou,大专,经验不限,7月25日,zhilian,岗位职责: 网络运维保障、设备巡检、网络故障处理、备机备件更换、网络变更实施、风险预警、方案设计、文档编写梳理、假日网络保障等。 岗位要求: 1、大学专科及以上学历； 2、在路由交换、网络安全、无线、虚拟化等技术方向有扎实的理论知识； 3、熟悉主流厂商的路由器、交换机、防火墙、VPN、无线等网络及安全产品； 4、优秀的口头表达能力和学习能力，形象、谈吐良好，沟通能力良好； 5、有网络行业技术服务经验，网络驻场运维经验者优先考虑； 6、有相关CCNP、HCIP、H3CSE等中级及以上厂商技术认证者优先考虑。 7、接受偶尔加班 工作地点 保定竞秀区通信大厦 以担保或任何理由索要财物，扣押证照，均涉嫌违法。一经发现， 立即举报,"网络运维,硬件/设备运维,系统运维",http://www.zhaopin.com/jobdetail/CC886716900J40614263812.htm?refcode=4019&srccode=401901&preactionid=62acaecd-4431-4b2b-8f86-a5e11d6ef041
网络工程师实习生/应届毕业生（全职/可转正-石家庄）,北京泰达信通科技有限公司,138-275元/天,石家庄·裕华·太行,Guangzhou,本科,经验不限,5月25日,zhilian,"职位描述 可转正 实习证明 路由 交换 HCIP 目录 一、招聘基本要求 二、岗前实训 三、工作时间与薪酬 四、工作地、住宿及出差 五、公司优势 六、任职要求 七、岗位方向 八、专业方向 九、面试问题 十、转正条件 一、招聘基本要求： 1、本科学历 2、2027届应届生，大三可长期实习在校生，为公司储备人才； 3、可以长期实习6个月以上； 4、有意向长期发展优先，考核通过可以转正。 二、岗前实训 1、实训时间：6天； 2、实训有明确的工作任务及完成标准； 3、实训考核合格签订实习协议； 4、实训补助50元/天。 三、工作时间与薪酬 3.1、工作时间： 3.1.1北京：周一~周五，9：00-12：00；13：30-18：00 3.1.2其他地区：周一~周五，8：30-12：00；13：30-18：00 3.2薪酬 3.2.1实习薪酬：起薪3k，HCIP同等级证书+1k，根据出勤绩效有浮动，实习期参与公司项目奖励，北京城区补助50元/天*21.75天/月。实习期前2个月，发放薪酬的80%。 3.2.2转正薪酬：初级工程师起薪7K/月，持有HCIP证书补助1K/月，HCIE证书补贴1.5K/月四、工作地、住宿及出差 4.1 工作地点：以下方地图为准，面试时沟通调整除外 4.2 住宿情况：公司不提供长期住宿。 4.3各地公司附近租房标准： 4.3.1北京燕郊一居1300-1400元； 4.3.2北京通州单间2000-3000元 4.3.3石家庄一居1500-1700元； 4.3.4沧州一居1400-1600元； 4.3.5保定一居1500-1700元。 （单间的价格一般在一居的50%） 4.4出差情况： 4.4.1有出差，河北省内，时间2天到2周不定 4.4.2有宿舍的地市住宿舍，没宿舍的地市住宾馆（按公司费用标准报销） 4.5公司各地地址 4.5.1、北京：通州区富力运河十号 4.5.2、燕郊：廊坊三河市云谷产业园 4.5.3、石家庄：裕华区天山.银河广场 4.5.4、保定：莲池区未来金融港 4.5.5、沧州：京贵中心 五、公司优势 1、公司管理规范，正值发展期，适合学习、成长，长期发展！ 2 、毕业后通过考核可转正，转正后可享受公司年终分红及正式员工福利！ 3 、晋升和发展方向明确！ 4 、实习薪酬与员工薪酬超同行业30%以上！ 5 、正式员工平均薪酬超同行业100%以上！（只要你有能力，绝对满足你对薪酬的预期） 6 、公司在北京、石家庄、保定、廊坊、沧州均设有分公司，转正后可根据自己的实际情况选择社保参保地！ 7、公司可提供实习证明，可转正！ 六、任职要求 1、统招本科学历； 2、具备职位所需要的基础专业技能； 3、做事认真、有责任心、有主动性； 4、有很强的学习提升意愿； 5、有团队意识和合作精神。 七、岗位方向 （一）网络工程师（3人）： 1、网络现场售后：处理网络故障的现场部分；公司产品的现场售后安装、调试； 2、网络接入设计：现场工勘，包括房间布局，弱点间布局，走线架布局，odf架布局；整理分体单元点位设计图，光纤线路设计图，电源线路设计图，分纤箱设计图；汇聚网关设计图；汇聚网关到核心交换机之间的光纤路由设计图；其他产品涉及的设计图； 3、网络设备配置：交换机、分体单元、终端、AP、AC、智慧主机、录播等设备的数据配置； 4、网络工程协调：和涉及施工的区域和人员提前进行沟通，施工零等待； 5、公司交办的其他任务； （二）售前方案设计师（2人,可调北京） 1、售前方案编写； 2、与客户进行技术交流； 八、专业方向（可以选择其中一个方向发展）： 8.1 方向一：无线AP/AC 8.2 方向二：超融合、虚拟化、云服务 8.3 方向三：OLT/ONU 8.4方向四：路由交换 九、面试问题 请提前准备面试的问题，在以下三个方向，选择一个你感兴趣或擅长的方向，面试时回答这个方向下的问题。 方向一： 1、在内置天线情况下，wifi优化涉及的参数都有哪些？每个参数能解决什么问题？ 2、如果一个吸顶AP需要覆盖两个相邻的房间，关键参数怎么设置？AP部署在什么位置，是最佳位置，为什么？ 3、如果一个面板ap覆盖一个房间，AP部署在什么位置，是最佳位置，为什么？ 方向二： 1、策略路由是什么意思？什么场景下应用？如果在华为的NE40路由器上，自己假设默认路由的目的地址，策略路由的目的地址，源地址，做一个策略路由的脚本； 2、100个ip地址，自动ping测工具那个工具比较好？自己找100个网站，做一个ping时延拨测结果表；注明拨测的运营商；（移动，电信，联通，4//5G还是宽带） 3、ping时延，和TCP时延有什么不同？拨测工具有什么不同？列举2个工具名称 方向三： 1、AAA协议完成的功能是什么？解决什么问题？ 2、radius协议应用","路由,交换,HCIP",http://www.zhaopin.com/jobdetail/CC275375580J40744662015.htm?refcode=4019&srccode=401901&preactionid=62acaecd-4431-4b2b-8f86-a5e11d6ef041
通信工程师助理,重庆蓝思晨科技有限公司,6000-8000元,重庆·沙坪坝·渝碚路,Guangzhou,大专,经验不限,7月26日,zhilian,职位描述 C语言 岗位内容： 1. 协助设计、测试、维护和优化通信系统的各种硬件和软件组件。 2. 熟悉无线通信、网络安全和互联网协议。 3. 学习并熟练使用模拟和数字仿真工具对设备进行性能评估和验证。 4. 客户支持和问题解决。 任职要求： 1. 本科及以上学历，通信、电子工程等相关专业背景。 2. 熟悉通信产品和系统开发流程。 工作地点 重庆沙坪坝区时代星空 以担保或任何理由索要财物，扣押证照，均涉嫌违法。一经发现， 立即举报,C语言,http://www.zhaopin.com/jobdetail/CCL1504338550J40822285602.htm?refcode=4019&srccode=401901&preactionid=62acaecd-4431-4b2b-8f86-a5e11d6ef041
5g通信工程师,河南星诺企业服务有限公司,6000-12000元,郑州·中原·石佛,Guangzhou,大专,经验不限,7月23日,zhilian,职位描述 5G研发 5G网络运维 网络性能优化 故障排查处理 五险一金 工作职责 1. 负责5G通信网络的日常运维与性能监控，保障网络的高可用性与稳定性。 2. 参与5G核心网、无线侧设备的部署与调试，解决网络建设中的技术问题。 3. 分析网络运行数据，优化网络参数配置，提升用户体验与资源利用率。 4. 处理5G网络故障与投诉，快速定位并解决通信质量问题。 任职要求 1. 大专及以上学历，专业不限。 2. 无纹身，无犯罪记录。 3.全国合作单位统筹分配，需服从区域岗位调剂，优先就近安排。 4.本职位是付费技能培训+持证就业安置，不属于企业带薪岗前培训。 工作地点 郑州中原区华中国电集团 以担保或任何理由索要财物，扣押证照，均涉嫌违法。一经发现， 立即举报,"5G研发,5G网络运维,网络性能优化,故障排查处理,五险一金",http://www.zhaopin.com/jobdetail/CCL1512733860J40897553513.htm?refcode=4019&srccode=401901&preactionid=62acaecd-4431-4b2b-8f86-a5e11d6ef041
4g/5g网络优化工程师（接收应届生）,河南低中空技术服务有限公司,4000-6000元,郑州·管城·城东路,Guangzhou,大专,经验不限,6月30日,zhilian,岗位职责】 1. 参与4G/5G无线网络的日常测试（路测DT、定点测试CQT）及数据采集； 2. 协助分析网络性能指标（如信号覆盖、干扰、切换成功率等），输出优化建议； 3. 支持客户投诉处理，定位网络异常问题并配合解决； 4. 使用测试工具完成基础参数配置与优化； 5.重大活动保障（演唱会、商场活动、重大节假日活动、重要会议等） 6. 整理测试报告及优化文档，协助团队完善网络优化方案。 【任职要求】 1. 学历专业：大专及以上学历，通信工程、电子信息、计算机、网络技术等相关专业； 2. 年龄要求：接受优秀应届毕业生，优秀者可以适当放宽条件； 3. 技能基础： - 熟悉移动通信原理（4G/5G基础知识优先）； - 能熟练使用Office办公软件（Excel、PPT），有MapInfo或地理化分析经验者加分； - 对路测工具（如CDS、Genex Probe等）有基础了解或学习意愿； 4. 综合素质： 适应短期出差或外场工作，吃苦耐劳； - 逻辑清晰，具备基础数据分析能力； 良好的沟通与学习能力 工作地点 郑州管城回族区绿都广场-B栋805 以担保或任何理由索要财物，扣押证照，均涉嫌违法。一经发现， 立即举报,"5G,4G,无线网,华为,中兴",http://www.zhaopin.com/jobdetail/CCL1493584610J40827944716.htm?refcode=4019&srccode=401901&preactionid=62acaecd-4431-4b2b-8f86-a5e11d6ef041
ai通信工程师,江西尔鸿网络科技有限公司,6000-9000元,南昌·红谷滩·沙井,Guangzhou,大专,经验不限,7月26日,zhilian,职位描述 研发 运维 测试 软件测试 网络运维 岗位内容： 1. 设计、测试、维护和优化通信系统的各种硬件和软件组件。 2. 熟悉无线通信、网络安全和互联网协议。 3. 使用模拟和数字仿真工具对设备进行性能评估和验证。 4. 客户支持和问题解决。 任职要求： 1. 大专及以上学历，通信、电子工程等相关专业背景。 2. 熟悉通信产品和系统开发流程。 3. 具有扎实的编程和算法基础，熟悉C/C++或Python等编程语言。 4. 熟练掌握常用电子元器件和仪器的使用方法。 工作地点 南昌红谷滩区万达中心B3写字楼 以担保或任何理由索要财物，扣押证照，均涉嫌违法。一经发现， 立即举报,"研发,运维,测试,软件测试,网络运维",http://www.zhaopin.com/jobdetail/CCL1307781140J40711881205.htm?refcode=4019&srccode=401901&preactionid=62acaecd-4431-4b2b-8f86-a5e11d6ef041
网络优化工程师,长春市星禧通信技术服务有限公司,6000-8000元,长春·南关·明珠,Guangzhou,学历不限,经验不限,7月24日,zhilian,岗位职责 1、负责4G/5G无线网络日常优化、指标监控、劣小区整改、KPI维护； 2、做参数优化、邻区、PCI、干扰、弱覆盖、卡顿掉线问题排查； 3、日常测试、问题点位复测、用户感知优化； 4、整理台账、日报周报、专项报告，对接运营商交付。 任职要求 1.接受应届生、转行、零基础（有人带）； 2.会基础电脑操作，踏实稳定。 岗位福利 ✔ 工作轻松稳定 ✔ 五险一金、节日福利、定期晋升 ✔ 团队年轻化，不内卷、氛围好 工作地点 长春南关区幸福街1888号7楼701 以担保或任何理由索要财物，扣押证照，均涉嫌违法。一经发现， 立即举报,"移动网,4G,5G,LTE,MapInfo,网络性能监控,优化方案制定,网络质量投诉处理",http://www.zhaopin.com/jobdetail/CCL1522008880J40926769408.htm?refcode=4019&srccode=401901&preactionid=62acaecd-4431-4b2b-8f86-a5e11d6ef041
无线通信工程师,南京翰华通信技术服务有限公司,6000-7000元,济南·槐荫·张庄路,Guangzhou,学历不限,1-3年,7月25日,zhilian,职位描述 无线通信 熟悉华为开站流程，了解Isdp 工作地点 济南市-槐荫区-日照路1号 以担保或任何理由索要财物，扣押证照，均涉嫌违法。一经发现， 立即举报 公司信息 南京翰华通信技术服务有限公司 未融资 · 500-999人 · 通信工程/技术服务、信息安全、通信/网络设备 已审核 62 个在招职位 公司介绍 南京翰华通信技术服务有限公司，法定代表人魏凌，公司经营范围包括：通讯设备的技术服务；通讯网络系统工程的设计、安装、调试、维护及技术服务；通讯设备产品研究开发、销售；软件开发及销售； 工商信息 企业名称 南京翰华通信技术服务有限公司 企业类型 有限责任公司（自然人投资或控股的法人独资） 法人代表 魏凌 经营状态 存续 成立时间 2018-03-16 注册资本 2000万元 查看全部信息 认证资质 营业执照信息,无线通信,http://www.zhaopin.com/jobdetail/CC811284130J41024515004.htm?refcode=4019&srccode=401901&preactionid=62acaecd-4431-4b2b-8f86-a5e11d6ef041
有线传输工程师,深圳市中兴通讯技术服务有限责任公司,1.5-2.5万·13薪,南京·雨花台·雨花,Guangzhou,本科,3-5年,7月23日,zhilian,职位描述 光通信 光传输 工作内容: 1. 负责波分产品，如OTN/DWDM和SDN等的设备工程安装，开通，调测，升级，巡检，故障处理等工作； 2. 负责波分产品安装，开通，调测，升级，巡检，故障处理等工作； 3. 负责波分相关产品的项目投标，积极协助市场进行应标、投标以及其它市场推广等工作； 4. 负责和本地员工进行培训，知识传递和交流；和客户进行培训，了解客户对公司产品技术、质量问题和服务水平的意见，及时进行澄清。 任职要求: 1、本科及以上，通信工程、IT及相关专业，具备通信相关专业知识背景； 2、技能要求：有波分产品经验，可胜任OTN/DWDM产品维护工作，精通OTN/DWDM/SDH产品制式的网络优化技能，具网络痛点，策划，梳理网优方案的能力； 3、具备良好的沟通能力，团队协作能力，较强的抗压能力，学习能力，适应能力； 4、英语可作为工作语言，有团队管理经验优先； 5、能适应海外短期出差 奖金绩效 年终奖+项目奖+绩效奖 工作地点 南京市-雨花台区-软件大道50号5号楼 以担保或任何理由索要财物，扣押证照，均涉嫌违法。一经发现， 立即举报,"光通信,光传输",http://www.zhaopin.com/jobdetail/CC300982410J40791425806.htm?refcode=4019&srccode=401901&preactionid=62acaecd-4431-4b2b-8f86-a5e11d6ef041
移动通信工程师,福州九州联创通信科技有限公司,7000-9000元,福州·马尾,Guangzhou,大专,1年以下,7月22日,zhilian,职位描述 C语言 C++ 通信协议/软件开发 岗位内容： 1. 基于移动通信领域的需求，进行需求分析、系统设计和架构设计； 2. 参与移动通信系统的软件、硬件设计和实现，编写代码并调试； 3. 主导各种端到端测试工作，准确把握问题根源和优化空间； 4. 解决客户反馈的问题，并在第一时间响应和解决问题，保证服务质量； 5. 技术攻关和平台建设，最大限度推进团队技术成长。 任职要求： 1. 本科及以上学历，通信、电子工程等相关专业背景； 2. 精通C/C++等编程语言，熟悉Python或其他脚本语言； 3. 熟悉LTE、5G等移动通信标准，精通无线通信原理； 4. 有良好的英语和中文读写能力，能够流畅地进行技术交流； 5. 具备项目管理和团队管理经验，有耐心和毅力，追求卓越。 工作地点 福州市-马尾区-江滨东大道170号附近 以担保或任何理由索要财物，扣押证照，均涉嫌违法。一经发现， 立即举报,"C语言,C++,通信协议/软件开发",http://www.zhaopin.com/jobdetail/CCL1520346100J40874585510.htm?refcode=4019&srccode=401901&preactionid=62acaecd-4431-4b2b-8f86-a5e11d6ef041
网络工程师,江苏益捷思信息科技有限公司,8000-10000元,南通·启东·汇龙,Guangzhou,大专,1-3年,7月23日,zhilian,岗位职责： 1. 熟练运用路由、交换、安全等网络技术，为客户提供基础架构项目实施、维护、优化等专业技术； 2. 协助商务人员准确把握客户在网络设备及应用层面的真实需求、并提供可以采用的技术方案； 3.负责和供应商及设备厂商的技术沟通协调，完成客户项目保质按时交付； 任职资格： 1.计算机应用、计算机网络、通信、信息安全等相关专业专科以上学历； 2.熟悉主流交换机、路由器、防火墙、无线设备、VPN、IDC等网络硬件设备及知识； 3. 有志向往项目经理、高级产品经理、技术专家方向发展，并为之不断学习； 4.具有华为（HCIA、HCIP、HCIE）、H3C（H3CNE、H3CSE、H3CIE）、锐捷（RGSA、RGSP、RGSE）、思科（CCIA、CCNP、CCIE）等厂商认证证书或同等能力者优先； 工作地点 南通启东市中国启东生命健康科技城金科路899号 以担保或任何理由索要财物，扣押证照，均涉嫌违法。一经发现， 立即举报,"网络安全,网络管理,网络运维,PMP管理认证",http://www.zhaopin.com/jobdetail/CC295157130J40835889105.htm?refcode=4019&srccode=401901&preactionid=62acaecd-4431-4b2b-8f86-a5e11d6ef041
移动通信工程师,江西晟裕网络科技有限公司,7000-9000元,南昌·青山湖·京东镇,Guangzhou,大专,经验不限,7月25日,zhilian,职位描述 C语言 通信项目管理 移动通信 网络交换技术 5G 物联网 云计算 信息安全 岗位内容： 1. 设计和实现移动通信系统的硬件、软件模块； 2. 对通信协议进行分析和优化，提升系统性能； 3. 研究通信领域新技术，掌握核心算法； 4. 负责系统测试、故障排查和优化； 5. 参与对新产品和解决方案的评估和开发。 任职要求： 1. 大专及以上学历，通信、电子工程等相关专业背景； 2. 精通C/C++等编程语言，熟练掌握Linux/Unix操作系统； 3. 熟悉LTE、5G等移动通信标准，了解无线通信原理； 4. 具备较强的团队合作能力和沟通能力； 5. 有通信系统设计实践经验者优先考虑。 工作地点 南昌青山湖区天幕国际 以担保或任何理由索要财物，扣押证照，均涉嫌违法。一经发现， 立即举报,"C语言,通信项目管理,移动通信,网络交换技术,5G",http://www.zhaopin.com/jobdetail/CCL1285848370J40701670508.htm?refcode=4019&srccode=401901&preactionid=62acaecd-4431-4b2b-8f86-a5e11d6ef041
网络工程师,上海起炬信息科技有限公司,9000-10000元·13薪,上海·合庆,Guangzhou,学历不限,1-3年,7月26日,zhilian,岗位职责 1、网络运维（核心H3C设备） 负责企业局域网运维，H3C交换机、无线AC/AP日常巡检、配置备份、故障排查；独立处理VLAN、端口聚合、STP、静态路由、ACL、IP冲突、环路、网络卡顿、掉线等问题；配合机房跳线、综合布线整改、网络割接。 2、桌面终端运维（协助） 承接公司员工IT报修，台式机、笔记本软硬件故障处理；Windows系统安装、重装、驱动调试、蓝屏/卡顿排查；办公软件安装、账号密码重置、文件共享配置。 3、办公外设维护（协助） 网络打印机、扫描仪、投影仪调试、驱动部署、耗材更换，解决无法打印、扫描异常等问题。 4、其他信息化工作（协助） IT资产台账登记、设备入库盘点；会议室音视频设备会前保障；配合门禁、监控、弱电相关基础排查；整理运维文档、拓扑、故障记录；完成上级安排的其他信息化相关工作。 任职要求 1、计算机/网络相关专业，1-3年IT运维经验； 2、熟练操作H3C交换机命令行调试、故障排查，熟悉基础数通知识（TCP/IP、VLAN、DHCP），有H3C认证优先； 3、精通Windows桌面运维，能独立处理各类终端软硬件故障，有Helpdesk支持经验； 4、了解网络打印机、无线AP、基础弱电常识；会使用ping、tracert等排障工具； 5、具备良好沟通能力，服务意识，能够现场处理员工电脑问题； 6、有园区网、企业驻场运维经验优先。 工作地点 上海市-浦东新区 以担保或任何理由索要财物，扣押证照，均涉嫌违法。一经发现， 立即举报,"网络运维,网络管理,硬件/设备运维,华三认证,H3CSE,H3CNE,H3CNA",http://www.zhaopin.com/jobdetail/CCL1267386640J40876983910.htm?refcode=4019&srccode=401901&preactionid=62acaecd-4431-4b2b-8f86-a5e11d6ef041
网络工程师,贵州智天远教育科技有限公司,5000-10000元,贵阳·南明,Guangzhou,本科,1-3年,7月6日,zhilian,职位描述 华为认证 思科认证 华三认证 网络安全 网络管理 网络运维 信息安全 产业互联网平台 通信/网络设备 职位描述 1、负责企业或高校培训课程的授课； 2、学习ICT行业新技术； 3、解答学员的疑问及需求，持续跟踪学习情况； 4、相关的教学资料（实训大纲、教学PPT、教学案例等）的编写； 5、带领学员进行项目经验提升； 6、能适应一定程度的出差； 7、完成领导交代的其他工作。 岗位要求： 1、本科及以上学历，计算机网络、云计算、信息安全等相关专业的应届、往届毕业生 ； 2、熟悉路由交换、防火墙、无线、Linux、Windows Server、数据库、虚拟化、容器、云平台等技术； 3、具备优秀的沟通表达能力、授课能力（潜力）、团队协作、有责任心； 4、能接受异地出差 5、拥有华三、华为、红帽、VMware等行业技术相关认证资质者优先！ 工作地点 贵阳南明区红星美凯龙全家家居至尊Mall 以担保或任何理由索要财物，扣押证照，均涉嫌违法。一经发现， 立即举报,"华为认证,思科认证,华三认证,网络安全,网络管理,网络运维",http://www.zhaopin.com/jobdetail/CCL1474503850J40653399107.htm?refcode=4019&srccode=401901&preactionid=62acaecd-4431-4b2b-8f86-a5e11d6ef041
无线网络优化工程师,浙江中通文博服务有限公司广西分公司,6000-9000元,南宁·兴宁·民生,Guangzhou,本科,1-3年,7月26日,zhilian,职位描述 4G 5G 无线网 职位描述： 1、负责无线网络（4G/5G）的日常测试、数据采集与优化任务执行； 2、协助制定无线网络优化方案，跟踪实施效果并进行数据分析与报告撰写‌‌。 3、配合处理网络硬件故障、告警排查及覆盖测试，指导RF优化工程师进行网络优化调整工作； 4、独立完成话务报告提取、网络指标分析及基础数据库检查。 任职条件要求： 1、电子、通信、计算机等相关专业，本科及以上学历，熟悉移动通信基本原理，掌握OFFICE办公软件，具备基础网络配置知识，有4/5G优化服务经验优先，无经验者可提供培训机会； 2、诚实守信，吃苦耐劳，具备较强的责任心、执行力与团队协作精神‌‌，自备笔记本电脑； 3、能接受省内调动，学习能力强，工作积极主动。 4、接受县份驻点：天等、大新、宁明、扶绥县城 福利：五险一金、国家法定节假日，过节福利 工作地点 南宁兴宁区广西壮族自治区通信产业服务有限公司技术服务分公司 以担保或任何理由索要财物，扣押证照，均涉嫌违法。一经发现， 立即举报,"4G,5G,无线网",http://www.zhaopin.com/jobdetail/CCL1511348910J41015577404.htm?refcode=4019&srccode=401901&preactionid=62acaecd-4431-4b2b-8f86-a5e11d6ef041
通信无线勘察设计工程师,郑州市豫诚通信服务有限公司,5000-10000元,郑州·中原·三官庙,Guangzhou,学历不限,1-3年,7月24日,zhilian,职位描述 无线勘察设计 室分设计 宏站设计 无线通信 铁塔设计 移动通信 基站查勘设计 天线设计 通信项目管理 1.无线接入网（室内分布&室外站）勘察设计 2.传输线路/传输设备/宽带接入网 勘察设计 3.通信铁塔/土建类勘察设计 4.能服从安排，沟通能力强，能适应长期出差 5.工资待遇每年都有递增 有意向的可以私聊！！！ 工作地点 郑州中原区建设路秦岭路六合幸福门8号楼 以担保或任何理由索要财物，扣押证照，均涉嫌违法。一经发现， 立即举报,"无线勘察设计,室分设计,宏站设计,无线通信,铁塔设计,移动通信,基站查勘设计,天线设计,通信项目管理",http://www.zhaopin.com/jobdetail/CC513679030J40643272515.htm?refcode=4019&srccode=401901&preactionid=62acaecd-4431-4b2b-8f86-a5e11d6ef041
通信技术工程师,西安贝肯瑞讯科技有限公司,3000-6000元,西安·雁塔·杜城,Guangzhou,本科,经验不限,7月23日,zhilian,职位描述 无线通信 C++ 测试 通信测试 5G 岗位内容： 1. 设计、测试、维护和优化通信系统的各种硬件和软件组件。 2. 熟悉无线通信、网络安全和互联网协议。 3. 使用模拟和数字仿真工具对设备进行性能评估和验证。 4. 客户支持和问题解决。 任职要求： 1. 本科及以上学历，通信、电子工程等相关专业背景。 2. 熟悉通信产品和系统开发流程。 3. 具有扎实的编程和算法基础，熟悉C/C++或Python等编程语言。 4. 熟练掌握常用电子元器件和仪器的使用方法。 工作地点 陕西省西安市雁塔区长安南路12号(三爻地铁站A西北口步行260米) 以担保或任何理由索要财物，扣押证照，均涉嫌违法。一经发现， 立即举报,"无线通信,C++,测试,通信测试,5G",http://www.zhaopin.com/jobdetail/CCL1249097760J40847633509.htm?refcode=4019&srccode=401901&preactionid=62acaecd-4431-4b2b-8f86-a5e11d6ef041
5G硬件维修工程师,中赛智联科技(海南)有限公司,8000-15000元·13薪,海口·龙华·城西,Guangzhou,大专,1-3年,7月24日,zhilian,岗位职责 1、负责无线通信设备（含基站、RRU、BBU、传输设备等）的日常故障诊断、拆机检测、维修调试及功能验证。 2、制定设备维修方案，记录维修过程中的故障现象、检测数据、维修步骤及结果，形成标准化维修档案。 3、参与公司维修设备的入库验收、性能测试及质量把控，确保维修后设备符合行业标准及客户要求。 4、遵守8S环境管理，配合主管完成日常工作。 任职要求 1、大专及以上学历，通信工程、电子信息工程、无线电技术等相关专业 2、具备2 年及以上诺基亚/爱立信/华为/大唐无线通信设备维修经验，能够独立完成各类设备的硬件故障排查与维修。 3、熟悉上述品牌设备的架构原理、电路图纸及测试方法，掌握焊接、元器件更换、固件升级等实操技能。 4、熟练使用频谱分析仪、示波器、万用表、网络测试仪等维修测试仪器。 5、了解无线通信行业相关标准（如 3G/4G/5G 技术规范），具备基站设备组网及调试基础。 6、具备较强的问题分析与解决能力，能够快速定位复杂故障并制定有效维修方案。 7、具备快速了解新事物的能力，有良好的团队合作精神和沟通能力，有自我管理意识。 奖金绩效 月薪➕绩效工资➕计件提成➕浮动激励 工作地点 海口市-龙华区-中赛智联 以担保或任何理由索要财物，扣押证照，均涉嫌违法。一经发现， 立即举报,"5G,4G,硬件维修",http://www.zhaopin.com/jobdetail/CCL1486268040J40922316812.htm?refcode=4019&srccode=401901&preactionid=62acaecd-4431-4b2b-8f86-a5e11d6ef041
通信设备工程师,四川晟成机械设备有限公司,8000-14000元,成都·武侯·晋阳,Guangzhou,本科,1-3年,7月26日,zhilian,职位描述 网络交换技术 网络协议 通信设备运维 故障排查 技术支持与培训 工作职责 1. 负责通信设备（含工业交换机、无线传输设备等）的安装、调试与日常维护，确保设备稳定运行。 2. 快速响应设备故障报修，通过现场或远程方式诊断并解决技术问题，降低设备 downtime。 3. 编制设备维护手册与操作规范，为客户及内部团队提供技术培训与支持。 4. 跟踪通信设备技术发展趋势，评估新设备的适配性，为公司采购与升级提供技术建议。 任职要求 1. 本科及以上学历，通信工程、电子信息或相关专业背景。 2. 熟悉通信设备（如交换机、路由器、无线AP）的原理与操作，具备1年以上设备调试或维护经验。 3. 掌握基础网络知识（TCP/IP协议、局域网架构），能独立完成设备配置与故障排查。 4. 具备良好的沟通能力与服务意识，能高效对接客户需求并提供技术解决方案。 工作地点 成都武侯区晋吉西一街66-1栋附117号附近 以担保或任何理由索要财物，扣押证照，均涉嫌违法。一经发现， 立即举报,"网络交换技术,网络协议,通信设备运维,故障排查,技术支持与培训",http://www.zhaopin.com/jobdetail/CCL1512159050J40957022615.htm?refcode=4019&srccode=401901&preactionid=62acaecd-4431-4b2b-8f86-a5e11d6ef041
5G优化系统分析工程师,福建省鸿官通信工程有限公司,6000-8000元,海口·龙华·金贸,Guangzhou,大专,1-3年,7月25日,zhilian,"职位描述 5G 4G LTE 无线网 中兴 无线网优系统分析工程师 基本要求： 1、专科及以上学历，电子、通信、计算机等相关专业； 2、具备中兴、华为等主流移动通信系统优化2年以上工作经验 3、熟悉LTE、5G移动通信网络优化流程，系统参数、内部KPI的产生机制、测量手段等,改善移动通信网络各项无线接口KPI；有5G网优后台分析经验优先。 4、具有良好的团队合作意识，能够适应加班，学习积极性强； 薪资待遇： 提供住宿，缴纳五险，具体薪资根据面试情况而定。 工作地点：海口 工作地点 海口龙华区财富广场滨海大道103号 以担保或任何理由索要财物，扣押证照，均涉嫌违法。一经发现， 立即举报","5G,4G,LTE,无线网,中兴,无线网优系统分析工程师",http://www.zhaopin.com/jobdetail/CC159392412J00375167002.htm?refcode=4019&srccode=401901&preactionid=62acaecd-4431-4b2b-8f86-a5e11d6ef041
网络工程师,垂天(新疆)能源科技有限公司,5000-10000元,石河子市·石河子镇,Guangzhou,本科,3-5年,7月10日,zhilian,职位描述 网络管理 网络安全 网络运维 通信/网络设备 1.负责局域网网络、无线网络、广域网的规划、建设、运维管理，为业务提供网络、信息安全服务保障； 2.负责网络设备监控管理，网络故障分析处理与日常维护； 3.负责网络设备健康巡检、变更升级、性能优化，保障业务连续性； 4.负责新增网络设备上架、入网配置、纳管监控； 5.负责有线、无线终端入网配置； 6.负责网络安全策略开通执行； 7.根据业务需求， 负责服务器、存储规划设计； 8.负责服务器、存储与虚拟化系统安装、配置、故障解决与性能优化、配置信息的备份与恢复，保障业务连续性。 工作地点 石河子市垂天(新疆)能源科技有限公司 以担保或任何理由索要财物，扣押证照，均涉嫌违法。一经发现， 立即举报,"网络管理,网络安全,网络运维",http://www.zhaopin.com/jobdetail/CCL1497558740J40704886406.htm?refcode=4019&srccode=401901&preactionid=87336839-db20-4bda-bab5-f25a5265b236
网络技术工程师,北宸智远运营管理(宜昌)有限公司,7000-10000元,宜昌·夷陵区·龙泉镇,Guangzhou,大专,5-10年,7月25日,zhilian,"岗位职责： 1、五年以上计算机网络和IT系统管理工作经验，了解网络及系统层面的基本原理，熟练排查各种软硬件系统及服务故障，可完成千台网络终端以上的网络规划、网络拓扑、设备选型、系统配置及实施。 2、能够熟练配置华为、华三网络设备、深信服安全等设备，并能对其组网方式有深入理解。 3、熟悉网络准入原理及网络设备的安全特性的应用，优化。 4、熟悉计算机网络协议,ARP欺骗、ACL、STP、VRRP、OSPF、策略路由、ipsecvpn、qos、vxlan、sdwan等；TCP模型与OSI参考模型的区别、各层报文的封装解封装及常用端口。 5、熟悉运营商网络，通过二层数据专线、无线专网互联多分支机构；熟悉设备间VPN互联，熟练配置及排查故障。 6、熟悉机房综合布线系统包括UPS、动环，对网络设备等一体机、网络防火墙、虚拟机系统、交换机、光收机、光收、有深刻了解并能进行故障判断与维修。 7、熟悉虚拟化/超融合系统（esxi、云宏），能够安装配置虚拟系统，了解其原理，如计算、存储、网络虚拟化；各种镜像、快照的制做方式，p2v、v2v、v2p等。 8、熟悉常用品牌服务器的硬件系统组成，如几种存储阵列的优缺点，故障排查及恢复。 9、了解各种弱电终端的组网方式及管理平台，如无线网桥、门禁、视频监控、道闸等。 10、熟悉服务器操作系统的维护与配置，如win server/linux，了解操作系统原理与优化，如磁盘的IO延迟、IO调度策略、CPU调度等 11、熟悉开源软件的安装配置与优化，如gitlab、openvpn、squid、docker、mq、mysql、es、redis、minio、nginx、k8s、jumpserver、zabbix等。 12、熟悉加密系统的原理，策略的部署与优化，问题排查，如IPGUARD。 13、熟悉常用云产品的特性，如阿里域名、ecs、rdb、slb、云安全等。 14、做好运维软件后台的配置，运维方案的录入，对软件系统基本问题进行及时处理。 任职要求： 1、学历与资质：计算机、通信、网络工程等相关专业大专及以上学历。持有CCNA/HCIA、CCNP/HCIP等行业主流认证者优先。 2、专业知识：精通TCP/IP协议栈及主流路由交换技术（OSPF、BGP、VLAN、STP等）。熟悉网络安全、无线网络、主流厂商（华为、思科、锐捷等）设备配置与管理。 3、核心技能：具备独立进行网络规划、设备配置、故障排查与性能优化的能力。熟悉常用监控分析工具（如Wireshark）。 4、综合素质：逻辑思维严谨，责任心强，具备良好的技术文档撰写能力、沟通协作能力及抗压能力，能适应紧急故障处理与值班。 5、经验要求：通常需3年以上企业网络建设或运维相关经验。 本岗位提供食宿，购买五险一金。 工作地点 宜昌夷陵区中国一冶高铁新城建设示范中心 以担保或任何理由索要财物，扣押证照，均涉嫌违法。一经发现， 立即举报","网络运维,系统运维,硬件/设备运维,华为认证,华三认证,CISSP认证证书",http://www.zhaopin.com/jobdetail/CCL1519461480J40883440005.htm?refcode=4019&srccode=401901&preactionid=87336839-db20-4bda-bab5-f25a5265b236
网络工程师（实习生-可转正）,北京泰达信通科技有限公司,230-275元/天,北京·通州·中仓,Guangzhou,本科,经验不限,5月25日,zhilian,"职位描述 可转正 实习证明 交换机配置 故障处理 路由器配置 HCIA HCIP 网络运维 思科认证 华为认证 华三认证 HCIE CCIE CCIP 通信/网络设备 产业互联网平台 目录 一、招聘基本要求 二、岗前实训 三、工作时间与薪酬 四、工作地、住宿及出差 五、公司优势 六、任职要求 七、岗位方向 八、专业方向 九、面试问题 十、转正条件 一、招聘基本要求： 1、本科学历 2、2027届应届生，大三可长期实习在校生，为公司储备人才； 3、可以长期实习6个月以上； 4、有意向长期发展优先，考核通过可以转正。 二、岗前实训 1、实训时间：6天； 2、实训有明确的工作任务及完成标准； 3、实训考核合格签订实习协议； 4、实训补助50元/天。 三、工作时间与薪酬 3.1、工作时间： 3.1.1北京：周一~周五，9：00-12：00；13：30-18：00 3.1.2其他地区：周一~周五，8：30-12：00；13：30-18：00 3.2薪酬 3.2.1实习薪酬：起薪3k，HCIP同等级证书+1k，根据出勤绩效有浮动，实习期参与公司项目奖励，北京城区补助50元/天*21.75天/月。实习期前2个月，发放薪酬的80%。 3.2.2转正薪酬：初级工程师起薪7K/月，持有HCIP证书补助1K/月，HCIE证书补贴1.5K/月，北京城区补助50元/天*21.75天/月。 四、工作地、住宿及出差 4.1 工作地点：以下方地图为准，面试时沟通调整除外 4.2 住宿情况：公司不提供长期住宿，对外地来的同学，公司会提供6天实训期住宿，以及实训通过后一周的过渡期住宿，用于找房安置。 4.3各地公司附近租房标准： 4.3.1北京燕郊一居1300-1400元； 4.3.2北京通州单间2000-3000元 4.3.3石家庄一居1500-1700元； 4.3.4沧州一居1400-1600元； 4.3.5保定一居1500-1700元。 （单间的价格一般在一居的50%） 4.4出差情况： 4.4.1有出差，河北省内，时间2天到2周不定 4.4.2有宿舍的地市住宿舍，没宿舍的地市住宾馆（按公司费用标准报销） 4.5公司各地地址 4.5.1、北京：通州区富力运河十号 4.5.2、燕郊：廊坊三河市云谷产业园 4.5.3、石家庄：裕华区天山.银河广场 4.5.4、保定：莲池区未来金融港 4.5.5、沧州：京贵中心 五、公司优势 1、公司管理规范，正值发展期，适合学习、成长，长期发展！ 2 、毕业后通过考核可转正，转正后可享受公司年终分红及正式员工福利！ 3 、晋升和发展方向明确！ 4 、实习薪酬与员工薪酬超同行业30%以上！ 5 、正式员工平均薪酬超同行业100%以上！（只要你有能力，绝对满足你对薪酬的预期） 6 、公司在北京、石家庄、保定、廊坊、沧州均设有分公司，转正后可根据自己的实际情况选择社保参保地！ 7、公司可提供实习证明，可转正！ 六、任职要求 1、统招本科学历； 2、具备职位所需要的基础专业技能； 3、做事认真、有责任心、有主动性； 4、有很强的学习提升意愿； 5、有团队意识和合作精神。 七、岗位方向 （一）网络工程师（3人）： 1、网络现场售后：处理网络故障的现场部分；公司产品的现场售后安装、调试； 2、网络接入设计：现场工勘，包括房间布局，弱点间布局，走线架布局，odf架布局；整理分体单元点位设计图，光纤线路设计图，电源线路设计图，分纤箱设计图；汇聚网关设计图；汇聚网关到核心交换机之间的光纤路由设计图；其他产品涉及的设计图； 3、网络设备配置：交换机、分体单元、终端、AP、AC、智慧主机、录播等设备的数据配置； 4、网络工程协调：和涉及施工的区域和人员提前进行沟通，施工零等待； 5、公司交办的其他任务； （二）售前方案设计师（2人,可调北京） 1、售前方案编写； 2、与客户进行技术交流； 八、专业方向（可以选择其中一个方向发展）： 8.1 方向一：无线AP/AC 8.2 方向二：超融合、虚拟化、云服务 8.3 方向三：OLT/ONU 8.4方向四：路由交换 九、面试问题 请提前准备面试的问题，在以下三个方向，选择一个你感兴趣或擅长的方向，面试时回答这个方向下的问题。 方向一： 1、在内置天线情况下，wifi优化涉及的参数都有哪些？每个参数能解决什么问题？ 2、如果一个吸顶AP需要覆盖两个相邻的房间，关键参数怎么设置？AP部署在什么位置，是最佳位置，为什么？ 3、如果一个面板ap覆盖一个房间，AP部署在什么位置，是最佳位置，为什么？ 方向二： 1、策略路由是什么意思？什么场景下应用？如果在华为的NE40路由器上，自己假设默认路由的目的地址，策略路由的目的地址，源地址，做一个策略路由的脚本； 2、100个ip地址，自动评测工具那个工具比较好？自己找10","交换机配置,故障处理,路由器配置,HCIA,HCIP,网络运维,思科认证,华为认证,华三认证,HCIE,CCIE,CCIP",http://www.zhaopin.com/jobdetail/CC275375580J40763948315.htm?refcode=4019&srccode=401901&preactionid=87336839-db20-4bda-bab5-f25a5265b236
通信工程师助理,河北国石节能科技有限公司,7000-10000元,邢台·信都区·团结路街道,Guangzhou,本科,经验不限,7月10日,zhilian,职位描述 无线通信 数据通信 卫星通信 C语言 数字电路 模拟电路 岗位内容： 1. 设计、测试、维护和优化通信系统的各种硬件和软件组件。 2. 熟悉无线通信、网络安全和互联网协议。 3. 使用模拟和数字仿真工具对设备进行性能评估和验证。 4. 客户支持和问题解决。 任职要求： 1. 本科及以上学历，通信、电子工程等相关专业背景。 2. 熟悉通信产品和系统开发流程。 3. 熟悉C/C++或Python等编程语言。 4. 熟练掌握常用电子元器件和仪器的使用方法。 工作地点 邢台市-信都区-守敬北路256号 以担保或任何理由索要财物，扣押证照，均涉嫌违法。一经发现， 立即举报,"无线通信,数据通信,卫星通信,C语言,数字电路,模拟电路",http://www.zhaopin.com/jobdetail/CC281182780J40855516514.htm?refcode=4019&srccode=401901&preactionid=87336839-db20-4bda-bab5-f25a5265b236
网络工程师,辽宁三色系统集成服务有限公司,3000-6000元,朝阳·双塔区·长宝营子乡,Guangzhou,大专,1年以下,7月22日,zhilian,岗位职责： 1、负责企业级网络架构的规划、设计与实施，包括核心 / 汇聚 / 接入层交换机、路由器、防火墙、AC/AP、VPN 网关及专线设备的选型、部署与调试。 2、负责网络系统的日常运维，包括设备巡检、配置备份、版本升级、漏洞修复，保障网络高可用性与稳定性。 3、负责网络带宽优化、流量调度与 QoS 策略配置，提升关键业务的网络传输效率与质量。 4、负责网络故障的快速定位与排查，包括链路中断、设备宕机、安全攻击等问题，制定应急预案并组织演练。 5、负责网络安全体系建设，包括防火墙策略、访问控制、入侵检测 / 防御、VPN 接入等，保障数据传输与访问安全。 6、负责专线、SD-WAN 等广域网业务的开通、运维与优化，对接运营商完成链路割接与故障协同。 7、编写网络运维文档、操作手册与应急预案，对团队成员进行技术培训与知识传递。 岗位要求： 1、精通主流网络设备（如华为、H3C、Cisco、锐捷等）的配置与排错，具备至少 3 年以上网络运维或实施经验。 2、熟悉 OSPF、BGP、VLAN、STP、VRRP、ACL、NAT 等网络协议与技术，具备大型网络架构设计与优化能力。 3、熟悉防火墙、WAF、入侵检测 / 防御系统等安全设备，具备网络安全策略制定与攻防对抗经验。 4、熟悉 AC/AP 无线控制器与瘦 AP 架构，具备企业级无线网络规划、部署与优化能力。 5、熟悉 IPSec/SSL VPN、专线、SD-WAN 等广域网技术，具备跨地域网络互联与优化经验。 6、具备较强的故障排查能力，能快速定位并解决复杂网络问题，具备网络监控与性能分析工具（如 Zabbix、SolarWinds）使用经验。 7、具备良好的沟通协调能力与文档编写能力，能对接业务部门与运营商，输出清晰的技术方案与报告。 8、持有 CCIE、HCIE、H3CIE 等行业认证者优先。 我们提供： 有竞争力的薪资 + 绩效奖金 五险、双休及节假日、带薪年假、节日福利、定期团建，人文关怀等 工作地点 朝阳双塔区人民路 以担保或任何理由索要财物，扣押证照，均涉嫌违法。一经发现， 立即举报,"网络安全,网络管理,网络运维",http://www.zhaopin.com/jobdetail/CC297105680J40827351101.htm?refcode=4019&srccode=401901&preactionid=87336839-db20-4bda-bab5-f25a5265b236
网优工程师,天津欣怡浩达科技有限公司,1-1.1万,天津·津南·咸水沽,Guangzhou,大专,1-3年,7月25日,zhilian,职位描述 无线网 2G 4G 5G 网络性能优化 KPI指标提升 网络故障排查 工作职责 1. 负责移动通信网络（2G/4G/5G）的日常性能监控与问题定位，输出针对性优化方案。 2. 主导网络参数调整、邻区规划、干扰排查等核心优化工作，提升网络KPI指标。 3. 撰写优化报告并输出技术文档，为项目决策提供数据支撑。 4. 配合项目团队完成网络验收、割接及应急保障等专项任务。 任职要求 1. 大专及以上学历，通信工程、电子信息等相关专业。 2. 掌握无线通信原理，熟悉至少一种主流网络优化工具（如TEMS、鼎立、华星等）。 3. 具备1年以上移动通信网络优化经验，有运营商项目经验者优先。 4. 具备较强的数据分析能力与问题解决能力，能独立处理复杂网络故障。 5. 适应短期出差，具备良好的团队协作与沟通能力。 工作地点 天津津南区二八路 以担保或任何理由索要财物，扣押证照，均涉嫌违法。一经发现， 立即举报,"无线网,2G,4G,5G,网络性能优化,KPI指标提升,网络故障排查",http://www.zhaopin.com/jobdetail/CCL1526750570J40877721814.htm?refcode=4019&srccode=401901&preactionid=87336839-db20-4bda-bab5-f25a5265b236
网络测试工程师,西安长河通讯有限责任公司,3000-6000元,普洱·思茅区·思茅街道,Guangzhou,大专,经验不限,6月26日,zhilian,"职位描述 无线网 移动网 5G 4G LTE 中兴 华为 1、5G无线网络优化工程师,4G-LTE无线网络优化工程师 2、工作地点：普洱市、红河州、西双版纳 3、具有良好的沟通能力，能够与客户建立良好关系 4、具有良好的学习能力，能够适应长期出差 工程项目需求：无线网优日常优化+工程优化 督导要求：专科及以上学历（接受实习生）吃苦耐劳，能适应长期出差，并服从公司安排； 待遇：社保、员工宿舍、意外伤害险、薪资面议； 职位福利：通讯补助、五险一金、交通补助、绩效奖金、餐补、房补 职位亮点：职等优秀的你来 工作地点 普洱思茅区茗源香居-14幢茗源香居-14幢 以担保或任何理由索要财物，扣押证照，均涉嫌违法。一经发现， 立即举报","无线网,移动网,5G,4G,LTE,中兴,华为",http://www.zhaopin.com/jobdetail/CC120717430J40190700513.htm?refcode=4019&srccode=401901&preactionid=87336839-db20-4bda-bab5-f25a5265b236
通信技术工程师助理,山西清泽源环保科技发展有限公司,3000-4000元,太原·小店·龙城,Guangzhou,本科,1-3年,7月24日,zhilian,岗位职责 1. 协助工程师开展长输管线安全监测系统通信组网方案设计、项目现场勘查、物联网通信设备安装与调试； 2. 协助搭建物联网终端、光纤通信、NB-IoT/LoRa/4G/5G无线传输链路，现场排查野外环境通信中断、信号衰减、电磁干扰等问题，保障管线监测数据稳定回传； 3. 开展通信链路测试、监测点位信号优化，编制实施方案、现场测试记录、竣工验收全套技术文档； 4. 配合施工、运维团队开展现场技术交底，对接设备供应商协同解决通信相关技术故障； 5. 参与管线监测系统通信模块改造升级、故障复盘，持续优化野外管线组网方案。 任职要求 1. 通信工程、电子信息、物联网等相关专业，本科及以上学历；优秀应届生可接纳； 2. 熟悉光纤通信、无线物联网通信基础原理，能够看懂通信图纸，具备基础链路调试、故障排查能力； 3. 有管网监测、野外物联网、工业通信项目经验优先；了解光纤传感管道预警系统者优先； 4. 项目需要短期外出出差，能够适应户外现场勘查、野外设备调试工作； 5. 逻辑思维清晰，善于现场问题排查，具备方案文档撰写、跨部门沟通协作能力。 工作地点：山西太原 出差说明：国内项目外勤为主（天津、武汉、长沙、福州、厦门、广州等城市，后续拓展东南亚项目），差旅标准完善； 薪资：面议；五险一金、项目绩效补贴、出差补助。 工作地点 太原小店区文旅大厦-B座 以担保或任何理由索要财物，扣押证照，均涉嫌违法。一经发现， 立即举报,"物联网通信,管线通信",http://www.zhaopin.com/jobdetail/CCL1289760630J40833476116.htm?refcode=4019&srccode=401901&preactionid=87336839-db20-4bda-bab5-f25a5265b236
网络与信息安全工程师,上海思为系统集成有限公司,6000-8000元,上海·浦东·沪东新村,Guangzhou,本科,1-3年,7月10日,zhilian,岗位职责： 1、 从事计算机网络、信息安全、存储以及计算机基础设施等系统集成工作。 2、 负责网络产品的实施，能够解决常见网络故障； 3、 产品测试、安装、调试、售后培训等。 职位要求： 1、大学本科及其以上学历，网络及信息安全基础知识扎实； 2、熟练操作HUAWEI、深信服、H3C、Juniper、CISCO、NetApp、等知名网络厂商设备者，优先考虑； 3、熟悉网络路由交换、安全设备、无线、存储，负载均衡等产品和技术者，优先考虑； 4、具备JNCIS/JNCIP；HCNP/HCIE；CCNP/CCIE 证书优先考虑； 5、熟练linux、unix、windows操作系统、熟悉常用web安装配置； 6、人品端正，勤奋好学，良好的沟通和协作能力； 7、良好的英语读写能力； 8、具备良好的敬业精神和团队合作精神。 工作地点 上海浦东新区宏南投资大厦1110室 以担保或任何理由索要财物，扣押证照，均涉嫌违法。一经发现， 立即举报,"华为,华三,深信服,CCNA,CCNP,CCIE,HCIA,HCIP,HCIE,H3CNA,H3CNE",http://www.zhaopin.com/jobdetail/CC526713520J40494963709.htm?refcode=4019&srccode=401901&preactionid=87336839-db20-4bda-bab5-f25a5265b236
网络工程师,武汉华工新高理电子有限公司,7000-8000元·14薪,孝感·孝南区,Guangzhou,本科,1-3年,7月24日,zhilian,岗位职责 1、负责企业办公网、生产网、机房网络日常运维、监控，保障全网稳定运行； 2、负责交换机、路由器、防火墙、AC/AP、VPN等设备配置、调试、变更及割接； 3、快速处理网络卡顿、断网、环路、访问异常等各类故障，输出复盘优化； 4、优化网络策略、VLAN、路由、ACL、QoS、无线覆盖，提升网络稳定性与安全性； 5、更新拓扑、IP台账、设备配置备份，配合等保、安全整改及项目落地。 任职要求 1、本科及以上，1-3年网络运维/系统集成经验； 2、精通TCP/IP、路由交换原理，熟练掌握VLAN、OSPF、NAT、ACL、VPN等技术； 3、熟练调试华为/华三设备，具备独立排错、现场实施能力； 4、熟悉防火墙策略、上网行为管理、企业专线、内外网架构； 5、工作认真负责，抗压能力强，有良好的沟通和问题处理能力； 6、有HCIP/CCNP及以上证书、园区网项目经验优先。 工作地点 孝南区孝感华工高理电子有限公司 以担保或任何理由索要财物，扣押证照，均涉嫌违法。一经发现， 立即举报,信息安全,http://www.zhaopin.com/jobdetail/CC202073710J40876129709.htm?refcode=4019&srccode=401901&preactionid=87336839-db20-4bda-bab5-f25a5265b236
网络工程师,广西逸轩智能科技有限公司,4000-8000元,贺州·八步区·八步街道,Guangzhou,大专,1-3年,6月28日,zhilian,岗位职责： 1、安装配置交换机、路由器、防火墙、IPS、负载均衡等设备； 2、规划网络结构，优化网络传输； 3、组建、调试、维护城域网、局域网； 4、设计满足顾客和基础结构带宽、性能要求的网络解决方案； 5、大型无线覆盖网络维护 任职要求： 1计算机网络技术相关专业毕业； 2、熟悉主流路由器交换机（如思科、华为、H3C、迪普、锐捷）防火墙、IPS、负载均衡设备的安装及调试； 3、熟悉网络系统架构技术，能够根据用户需求提出解决方案； 4、具有防火墙、入侵检测、上网行为管理等网络安全产品的安装、配置经验； 5、了解IBM、HP、联想、DELL的服务器产品，掌握服务器集群、数据容灾备份技术； 6、有网络工程师证书、系统集成项目管理工程师、CCNA证书者（有网络规划）、H3CNE证书、服务器架构经验优先考虑； 7、熟悉迪普相关安全设备及交换机、路由器者优先考虑； 8、二年以上相关工作经验； 9、学历要求：应聘者应具备大专及以上学历； 10、薪资区间：4500元-8000元； 上班时间：上午8:00-12:00下午2:30-6:00； 休假：单休+法定节假日 工作地点 贺州八步区城东街道江北中路200号6楼601室 以担保或任何理由索要财物，扣押证照，均涉嫌违法。一经发现， 立即举报,"网络运维,网络安全,系统运维",http://www.zhaopin.com/jobdetail/CC538216130J40696968808.htm?refcode=4019&srccode=401901&preactionid=87336839-db20-4bda-bab5-f25a5265b236
无人机调试/测试工程师，双休,宏源豪实业(深圳)有限公司,8000-12000元·13薪,长沙·岳麓·麓谷,Guangzhou,本科,1-3年,7月26日,zhilian,岗位职责： 1. 负责无人机的调试和测试工作，确保无人机性能满足设计要求。 2. 对无人机进行故障诊断和修复，保证无人机的正常运行。 3. 编写调试和测试报告，记录无人机的性能数据和问题。 4. 参与无人机研发过程中的评审，提供技术支持。 岗位要求： 1. 本科及以上学历，不限专业。 2. 了解无人机系统原理和运行机制。 3. 热爱无人机行业的工作。 4. 有较强的动手能力和问题分析能力。 5. 良好的沟通能力和团队协作精神。 周末双休 公司福利： 提供食宿，带薪年假，假节日福利，五险一金，餐补房补交通补贴，年底双薪，项目奖金 奖金绩效 项目奖金，餐补房补交通补贴，年底双薪 工作地点 长沙岳麓区麓谷信息港 以担保或任何理由索要财物，扣押证照，均涉嫌违法。一经发现， 立即举报,统招本科生,http://www.zhaopin.com/jobdetail/CC832070960J40783809406.htm?refcode=4019&srccode=401901&preactionid=87336839-db20-4bda-bab5-f25a5265b236
通信设计工程师,普天信息工程设计服务有限公司,4000-7000元,鞍山·铁东区,Guangzhou,大专,1-3年,7月26日,zhilian,职位描述 有线 无线 勘察设计 移动有线无线勘察设计，有1-3年相关工作经验优先，具备CAD画图能力优先。 工作地点 鞍山铁东区中国移动(胜利广场营业厅) 以担保或任何理由索要财物，扣押证照，均涉嫌违法。一经发现， 立即举报,"有线,无线,勘察设计",http://www.zhaopin.com/jobdetail/CC120842030J40738237510.htm?refcode=4019&srccode=401901&preactionid=87336839-db20-4bda-bab5-f25a5265b236
无线网优工程师,浙江中通文博服务有限公司广西分公司,3000-5000元,南宁·兴宁·民生,Guangzhou,本科,1-3年,7月25日,zhilian,职位描述 无线通信 无线网优 1.了解4G/5G基础网络架构与RF优化基本知识； 2.独立完成用户投诉、排查与闭环处理； 3.能识别弱覆盖、干扰、掉线等基础射频问题； 4.按要求输出测试报告与数据统计报表。 工作地点 广西壮族自治区南宁市兴宁区民生街道长堽路35-1号中国通信服务广西技术服务公司(技术服务分公司) 以担保或任何理由索要财物，扣押证照，均涉嫌违法。一经发现， 立即举报,"无线通信,无线网优",http://www.zhaopin.com/jobdetail/CCL1511348910J41016271104.htm?refcode=4019&srccode=401901&preactionid=87336839-db20-4bda-bab5-f25a5265b236
通信工程师,江苏微技科技有限公司,8000-9000元,苏州·工业园区,Guangzhou,本科,1-3年,7月26日,zhilian,职位描述 无线通信 系统性能评估 硬件与软件设计 岗位内容： 1. 设计、测试、维护和优化通信系统的各种硬件和软件组件。 2. 熟悉无线通信、网络安全和互联网协议。 3. 使用模拟和数字仿真工具对设备进行性能评估和验证。 4. 客户支持和问题解决。 任职要求： 1. 本科及以上学历，通信、电子工程等相关专业背景。 2. 熟悉通信产品和系统开发流程。 3. 具有扎实的编程和算法基础，熟悉C/C++或Python等编程语言。 4. 熟练掌握常用电子元器件和仪器的使用方法。 工作地点 苏州工业园区星湖街 以担保或任何理由索要财物，扣押证照，均涉嫌违法。一经发现， 立即举报,"无线通信,系统性能评估,硬件与软件设计",http://www.zhaopin.com/jobdetail/CCL1518458130J40838937310.htm?refcode=4019&srccode=401901&preactionid=87336839-db20-4bda-bab5-f25a5265b236
无线电装接工,北京恒盛星空科贸有限责任公司,5000-7000元·13薪,北京·海淀,Guangzhou,学历不限,经验不限,7月15日,zhilian,职位描述 焊接测试工 电路板焊接、电缆制作、整机组装、产品测试 奖金绩效 基本工资、车补饭补、绩效 工作地点 北京市-海淀区-丰慧中路7号 以担保或任何理由索要财物，扣押证照，均涉嫌违法。一经发现， 立即举报,焊接测试工,http://www.zhaopin.com/jobdetail/CCL1500113360J40715095301.htm?refcode=4019&srccode=401901&preactionid=bc0b8b6d-980e-4a02-868d-047064e02b3d
移动通信工程师,郑州利观汽车科技有限公司,6000-8000元·13薪,郑州·二七区·长江路,Guangzhou,大专,经验不限,7月24日,zhilian,职位描述 5G 无线通信 C语言 C++ 车载移动通信系统 V2X技术应用 车载总线协议 工作职责 1. 负责车载移动通信系统的技术方案设计与落地，保障车联网通信链路的稳定性与安全性。 2. 对接上下游团队，完成通信模块的需求分析、功能开发及性能优化。 3. 跟踪5G/V2X等前沿通信技术在汽车领域的应用，推动技术创新与产品升级。 4. 解决车载通信系统在实际场景中的技术问题，输出技术文档与解决方案。 任职要求 1. 通信工程、电子信息等相关专业，基础扎实。 2. 移动通信领域工作经验，精通LTE/5G通信协议栈及无线通信原理。 3. 具备车载通信或智能网联汽车项目经验者优先，熟悉CAN/LIN等车载总线协议更佳。 4. 掌握至少一种编程语言（如C/C++/Python），具备独立分析与解决技术问题的能力。 工作地点 郑州市-二七区-二七万达广场12号楼B座28楼 以担保或任何理由索要财物，扣押证照，均涉嫌违法。一经发现， 立即举报,"5G,无线通信,C语言,C++,车载移动通信系统,V2X技术应用,车载总线协议",http://www.zhaopin.com/jobdetail/CCL1525089850J40856996901.htm?refcode=4019&srccode=401901&preactionid=bc0b8b6d-980e-4a02-868d-047064e02b3d
网络工程师,内蒙古世昂信息科技有限公司,4000-8000元,呼和浩特·赛罕·敕勒川路,Guangzhou,本科,经验不限,7月14日,zhilian,职位描述 华为认证 网络安全 网络运维 硬件/设备运维 CISP认证证书 NISP证书 信息安全 计算机软件 通信/网络设备 职位概要: 负责路由、交换、网络安全产品等设备调试，完成各项目设备调试工作。 工作职责: 1.负责H3C、华为等信息网络产品的售后安装调试工作; 2.解决工程和运维中的一般技术问题，远程支持、现场协助处理其他相关的技术问题; 3.与客户建立和保持良好关系，及时提出解决问题的方法，并为客户提供培训和技术咨询 学历要求: 计算机、通信、网络、电气工程及自动化或相关专业专科及以上学历，本科优先。 经验要求: 无，接受应届毕业生。 知识技能: 1. 有扎实的理论基础和技术工作经验； 2. 能独立进行网络架构和网络优化设计，熟悉主流厂商的路由、交换、无线、防火墙等设备调试和日常维护； 3. 精通TCP/IP协议，熟悉VRRP+MSTP技术、网络虚拟化原理，针对日常网络故障现象能快速定位和解决，熟悉常用路由协议RIP、OSPF等，能独立搭建和维护IPsec VPN、L2TP VPN、SSL VPN等服务，有大型网络项目实施经验者优先； 4. 良好的沟通和表达能力、文档编写能力、优秀的学习能力；有责任心和良好的团队合作意识，能承受压力； 培训经历: 接受过H3C、华为厂家相关IT产品知识等方面的培训。 职业证书： H3CNE、H3CSE、H3CIE 、HCIA、HCIP、HCIE 工作场所：办公室或项目现场 工作时间：5*8小时工作制，要求能接受加班 工作地点 呼和浩特赛罕区绿地集团腾飞大厦F座823室 以担保或任何理由索要财物，扣押证照，均涉嫌违法。一经发现， 立即举报,"华为认证,网络安全,网络运维,硬件/设备运维,CISP认证证书,NISP证书",http://www.zhaopin.com/jobdetail/CCL1369718640J40528224406.htm?refcode=4019&srccode=401901&preactionid=bc0b8b6d-980e-4a02-868d-047064e02b3d
双休5G工程师,沈阳齐达晟信息技术有限公司,5000-8000元,沈阳·沈河·北站,Guangzhou,大专,经验不限,7月25日,zhilian,职位描述 5G研发 3GPP 5G网络规划优化 核心网/无线侧方案设计 网络切片与边缘计算预研 工作职责 1. 负责5G网络的规划设计、部署实施及性能优化，保障网络覆盖与用户体验。 2. 主导5G核心网或无线侧的技术方案制定，解决网络架构中的关键技术问题。 3. 参与5G新技术（如网络切片、边缘计算）的预研与落地，推动技术创新。 4. 协助团队完成5G项目的测试验收与故障排查，输出技术文档与分析报告。 任职要求 1. 大专及以上学历，通信工程、电子信息或计算机相关专业，基础扎实。 2. 2年以上5G网络相关工作经验，熟悉3GPP协议栈（NR/LTE）及5G核心技术原理。 3. 掌握网络规划工具（如Atoll、MapInfo），具备独立进行5G站点规划与参数优化的能力。 薪资待遇: 早九晚六，周末双休，法定节假日休息，带薪年假 试用期底薪三千，转正底薪五千加项目奖金，五险一金 工作地点 沈阳沈河区团结路11-2号C座 以担保或任何理由索要财物，扣押证照，均涉嫌违法。一经发现， 立即举报,"5G研发,3GPP,5G网络规划优化,核心网/无线侧方案设计,网络切片与边缘计算预研",http://www.zhaopin.com/jobdetail/CCL1477585080J40859708801.htm?refcode=4019&srccode=401901&preactionid=bc0b8b6d-980e-4a02-868d-047064e02b3d
中级网络工程师,河北索盟科技有限公司,6000-8000元·13薪,石家庄·桥西·中山,Guangzhou,大专,经验不限,7月25日,zhilian,岗位职责： 方案设计、文档编写梳理、网络运维保障、设备巡检、网络故障处理、备机备件更换、网络变更实施、风险预警等。 岗位要求： 1、大学专科及以上学历 2、在路由交换、网络安全、无线、虚拟化等技术方向有扎实的理论知识； 3、熟悉主流厂商的路由器、交换机、防火墙、VPN、无线等网络及安全产品； 4、优秀的口头表达能力和学习能力，形象、谈吐良好，沟通能力良好； 5、有网络行业技术服务经验，网络驻场运维经验者优先考虑； 6、有相关CCNP、HCIP、H3CSE等中级及以上厂商技术认证者优先考虑。 7、具有较强的文档能力，熟悉网络、安全厂商产品 8、对金融系统网络架构具有一定了解 9、接受公司驻场安排 工作地点 石家庄桥西区盈伴商住大厦B座 以担保或任何理由索要财物，扣押证照，均涉嫌违法。一经发现， 立即举报,"网络运维,硬件/设备运维",http://www.zhaopin.com/jobdetail/CC886716900J40907210212.htm?refcode=4019&srccode=401901&preactionid=bc0b8b6d-980e-4a02-868d-047064e02b3d
网络运维工程师,陕西昊维智联网络科技有限公司,4000-8000元,延安·宝塔区·桥沟街道,Guangzhou,大专,3-5年,7月25日,zhilian,岗位职责 1. 负责公司局域网、广域网、无线网络的日常运维、故障排查与优化，保障网络稳定、高速运行，及时处理网络中断、卡顿、连接异常等问题。 2. 负责网络设备（交换机、路由器、防火墙、行为管理器、AP等）的安装、调试、配置、日常巡检与维护，定期更新设备配置与固件。 3. 负责公司IP地址规划、网络权限分配、网络安全策略部署与维护，防范网络攻击、病毒入侵，保障公司网络数据安全。 4. 负责机房网络环境、服务器网络连接的管理，配合完成机房设备上架、布线、网络调试工作。 5. 监控网络运行状态，分析网络运行数据，及时发现潜在风险并制定优化方案，提升网络运维效率。 6. 协助完成网络相关项目实施，对接网络运营商，处理网络专线、宽带等业务对接与故障报修。 7. 整理网络运维文档，记录设备信息、故障处理流程、网络拓扑结构，完善运维台账。 任职要求 1. 大专及以上学历，计算机、网络工程、通信工程等相关专业，3年及以上网络运维相关工作经验。 2. 熟悉TCP/IP协议、VLAN、OSPF、DHCP、DNS等网络技术，能独立完成网络设备配置与故障排查。 3. 熟练操作华为、华三、思科等主流品牌网络设备，掌握防火墙、无线网络运维基础技能。 4. 具备良好的网络安全意识，能处理常见网络安全问题，熟悉网络监控工具使用。 5. 具备较强的问题分析与解决能力，做事细心负责，有良好的沟通能力与团队协作意识。 6. 持有网络工程师相关证书（如HCIA、HCIP、CCNA等）者优先。 工作地点 延安宝塔区七里铺 以担保或任何理由索要财物，扣押证照，均涉嫌违法。一经发现， 立即举报,系统运维,http://www.zhaopin.com/jobdetail/CCL1508598770J40773732306.htm?refcode=4019&srccode=401901&preactionid=bc0b8b6d-980e-4a02-868d-047064e02b3d
网络售后工程师,福建向导科技有限公司,4000-6000元,福州·鼓楼·水部,Guangzhou,大专,经验不限,7月24日,zhilian,职位描述 网络 网络安全 Cisco 信息安全 1、计算机网络相关专业，大专以上学历； 2、熟悉路由交换原理，熟悉IPv4、IPv6协议；熟悉无线、有线802.1X和Portal认证； 3、熟悉交换机、路由器、防火墙、云桌面等设备的安装配置； 4、需要锐捷RCNP或其他厂商NP及以上证书； 5、工作主动，有较强的学习意识和提升能力的意愿；善于沟通，有良好的团队协作能力； 6、有良好的文档编写能力，能接受出差； 7、军人优先。 职位福利：全勤奖、交通补助、通讯补助、带薪年假、节日福利、五险、绩效奖金 工作地点 福州市鼓楼区五一北路171号新都会花园广场 23 层 以担保或任何理由索要财物，扣押证照，均涉嫌违法。一经发现， 立即举报,"网络,网络安全,Cisco,信息安全",http://www.zhaopin.com/jobdetail/CC374720380J40133794316.htm?refcode=4019&srccode=401901&preactionid=bc0b8b6d-980e-4a02-868d-047064e02b3d
数通工程师,深圳市讯方技术股份有限公司,1-1.5万,北京·门头沟,Guangzhou,大专,1-3年,7月21日,zhilian,岗位职责： 1、负责华为数通相关产品的维护及管理工作，路由交换、安全、无线、数据中心、相关产品的工程项目交付及维护管理工作； 2、承担数通维护工程师职责，从事上述产品维护和故障分析，支撑IT产品的日常维护、故障定位、问题处理和性能优化。 岗位要求： 1、大学专科或本科以上学历，计算机、网络、通信技术相关专业； 2、掌握IP路由交换及网络安全技术；熟悉华为数通或安全产品的配置和问题处理等；熟悉并能够独立完成企业网络规划设计、项目实施； 3、对华为、H3C、锐捷、思科等厂商网络产品有一定了解； 3、具有中大型网络项目实施经验者优先；具有相关行业认证证书HCIE； 4、具有良好的沟通表达能力和高度责任心，具备良好的团队合作精神； 5、具有良好的客户服务意识和敬业精神充分了解满足客户网络需求。 工作地点 北京门头沟区京西智谷人工智能计算中心 以担保或任何理由索要财物，扣押证照，均涉嫌违法。一经发现， 立即举报,"HCIE,HCIP,交付,实施,运维,网络",http://www.zhaopin.com/jobdetail/CC132230560J40160184006.htm?refcode=4019&srccode=401901&preactionid=bc0b8b6d-980e-4a02-868d-047064e02b3d
通信技术工程师（中智）,中兴通讯,面议,贵阳·观山湖·长岭,Guangzhou,本科,经验不限,7月3日,zhilian,岗位职责】 1.负责通信网络指标监控、设备问题维护处理等，保障网络高质量运行； 2.负责工程项目的组织实施，确保高效交付； 3.组织技术交流活动，协调公司资源，不断提升客户满意度。 【任职要求】 1.通信/计算机/电子相关专业本科及以上学历； 2.具有通信行业 数通、承载、5G无线等相关工作经验者优先； 3.具备较强的客户服务意识和沟通表达能力，良好的团队合作精神和抗压能力。 【职位福利】 五险一金、带薪年假、定期团建、交通补助、通讯补助、项目奖金、出差补贴 工作地点 贵阳观山湖区招商银行大厦25楼 以担保或任何理由索要财物，扣押证照，均涉嫌违法。一经发现， 立即举报,"无线通信,数据通信,5G",http://www.zhaopin.com/jobdetail/CC120146700J40509639602.htm?refcode=4019&srccode=401901&preactionid=bc0b8b6d-980e-4a02-868d-047064e02b3d
通信工程师,齐齐哈尔佳讯网络技术服务有限公司,4000-6000元,齐齐哈尔·南航街道,Guangzhou,大专,经验不限,7月21日,zhilian,岗位职责】 · 负责通信网络日常优化工作 · 大型活动应急通信保障 【职位要求】 · 大专及以上学历，无经验也可 · 有45G无线网络优化工作者优先 【工作时间】 08:30-17:30，周末双休 【薪资福利】 · 综合薪资4000-6500元/月 · 五险齐全，周末双休，法定节假日休息 工作地点 齐齐哈尔市-龙沙区-大民街道嵩山街中汇城五金建材城115 以担保或任何理由索要财物，扣押证照，均涉嫌违法。一经发现， 立即举报,"无线通信,测试",http://www.zhaopin.com/jobdetail/CCL1524125060J40881035013.htm?refcode=4019&srccode=401901&preactionid=bc0b8b6d-980e-4a02-868d-047064e02b3d
研发助理工程师,江苏巧思科技有限公司,8000-13000元·13薪,南京·雨花台·铁心桥,Guangzhou,本科,3-5年,7月24日,zhilian,职位描述 硬件开发 电路设计 测试 半导体/芯片 江苏巧思科技(Choice-Tech)有限公司（以下简称“巧思科技”），于2020年3月17日在浙江省杭州市余杭区注册成立，于2022年12月1日迁入中国（南京）软件谷，并更名为江苏巧思科技有限公司，注册资本2000万元，现有办公面积1400平米。 巧思科技是一家专业从事模拟集成电路芯片设计、功率半导体以及高性能传感器相关产品研发、生产制造与销售的高科技企业。企业产品组合涵盖高可靠电源模块、隔离驱动芯片、感应式编码器、微控制器芯片、军用无线充电模块等产品线，应用范围涉及工业控制、医疗检测诊断设备、汽车电子、消费类电子等众多领域。 高档写字楼办公环境，弹性工作时间，研发团队现有博士3名，十余年经验的资深工程师若干名，大牛带队，欢迎你的加入！ 岗位要求： 熟悉电力电子、模电、数电相关知识；熟悉AD等PCB绘制软件；熟练使用示波器等测量设备，可测试电路板并发现问题。有整改电路经验和有电子电气类比赛经历就更好了 专业要求： 1、电气大类以及相关专业 工作内容及成长： 1、产品测试工作 2、研发文档制作 3、焊接、调试等辅助工作 4、和公司新事业部一起成长，晋升为硬件工程师 1、本科 6000～9000元×12月薪+年终奖，南京最高档比例五险一金，酒店式公寓租赁福利 工作地点 南京雨花台区云密城A栋 以担保或任何理由索要财物，扣押证照，均涉嫌违法。一经发现， 立即举报,"硬件开发,电路设计,测试",http://www.zhaopin.com/jobdetail/CCL1463515950J40473912611.htm?refcode=4019&srccode=401901&preactionid=bc0b8b6d-980e-4a02-868d-047064e02b3d
数通工程师,西安长河通讯有限责任公司,6000-7000元,西安·雁塔·漳浒寨,Guangzhou,本科,经验不限,7月9日,zhilian,职位描述 数通 岗位要求： 具有华为HCIP认证 1、26届（西北地区） 专业：通信工程专业； 2、统招一本(华为目标院校)； 3、了解通信相关知识，无线、WIFI，网优，了解TCPIP协议，对通信行业有了解； 4.通过英语四级，专业课排名前30%，沟通好，对通信有一定了解。 4.岗位：数通、无线、网优、核心网、光网络 薪资待遇： 6-7K 1、公司提供系统全面的行业专业知识和业务技能带薪培训，入职后0基础有师傅带。 2、无试用期，入职缴纳五险一金。 3.上班西安，具有华为HCIP或HCIE认证。 工作地点 雁塔区西安环普国际科技园 以担保或任何理由索要财物，扣押证照，均涉嫌违法。一经发现， 立即举报,数通,http://www.zhaopin.com/jobdetail/CC120717430J40892690913.htm?refcode=4019&srccode=401901&preactionid=bc0b8b6d-980e-4a02-868d-047064e02b3d
FPGA工程师,珞光电子,2-3万·15薪,武汉·江夏,Guangzhou,本科,经验不限,7月26日,zhilian,"岗位职责： 1. 负责FPGA及外围设备的软件移植开发，完成FPGA代码开发和交付； 2. 根据项目的需求完成设计方案制定、代码框架规划及文档撰写； 3. 完成FPGA代码的模块级、单板级仿真验证； 4. 完成单板测试和系统测试，参与FPGA在系统中的硬件设计和调试； 5. 主要负责无线产品的开发和通信技术的研究。 任职要求： 1.本科及以上学历，电子通信类专业背景； 2.精通FPGA、通信或雷达算法设计、底层驱动设计,有较强数字模拟电路、AD/DA电路； 3.熟悉射频微波测试仪表、软件无线电技术； 4.具备较强的的人际沟通、协调能力，分析和解决问题的能力； 5.有较强的学习能力、分析能力、沟通能力，有较好的团队合作精神； 薪资福利： 1、富有行业竞争力的薪酬待遇和福利体系； 2、全体员工购买五险一金； 3、月度项目绩效奖金、交通补助、加班餐补等； 4、奖金：年底评估员工表现发放丰厚奖金； 5、除按国家规定享有各类假期外,还享有带薪年假； 6、工作时间：五天工作制 9：00-17：00； 7、丰富的员工活动：篮球、羽毛球活动、生日庆祝、聚餐、户外活动等； 8、舒适的工作环境及和谐的团队氛围； 9、完善的员工培训体系等； 10、高速增长的朝阳产业,活力平等的团队氛围，人性化管理，学习型企业。 工作地址：武汉东湖高新区长城园知源楼4楼 职位福利：五险一金、带薪年假、周末双休、弹性工作、绩效奖金、项目奖金、交通补助、通讯补助 职位亮点：湖北省首批“海创板”挂牌的高速成长型企业 工作地点 武汉江夏区长城创新科技园8号知源楼A座404 以担保或任何理由索要财物，扣押证照，均涉嫌违法。一经发现， 立即举报","FPGA,Zynq,信号处理算法,FPGA算法,通信算法,物理层,数字信号处理,5G",http://www.zhaopin.com/jobdetail/CC367984930J40415871616.htm?refcode=4019&srccode=401901&preactionid=bc0b8b6d-980e-4a02-868d-047064e02b3d
无线通信工程师,成都市莱特美极科技有限公司,5000-7000元,成都·武侯·石羊,Guangzhou,大专,1-3年,7月26日,zhilian,职位描述 无线通信 电力通信 岗位要求: 1.参与通信技术的研究和应用，协助完成通信项目的技术支持； 2.协助制定PON/OLT/ONU等光网络设备、WAPI等无线通信技术和网络交换设备的具体项目方案及实施时间计划，跟进项目进度； 3.协助完成项目文档的编写与技术资料整理； 4.负责完成领导交办的其他工作。 技术要求: 1.通信工程、电子工程或相关专业，需要长居成都； 2.熟悉无源光通信器件、网络交换设备、WAPI等无线通信技术及相关通信专业知识，对通信技术有浓厚兴趣，具备良好的学习能力； 3.服从管理，吃苦耐劳，有良好组织管理和沟通协调能力，工作积极主动，有较强的学习能力和实践能力； 4.具备问题分析和解答能力、阅读理解能力、数据分析能力和文字表达能力； 5.熟悉数据通信优先，有PON和OLT工作经验或相关工作经历优先； 6.熟练使用Word、PPT、Excel等常用办公软件； 7.工作时间：上午8：30--下午17：30，24小时电话在线。 单位福利： 年底绩效奖金+带薪年假+五险一金 工作地点 成都武侯区国家电网-C座 以担保或任何理由索要财物，扣押证照，均涉嫌违法。一经发现， 立即举报,"无线通信,电力通信",http://www.zhaopin.com/jobdetail/CC377374280J40835588814.htm?refcode=4019&srccode=401901&preactionid=bc0b8b6d-980e-4a02-868d-047064e02b3d
初级网络工程师（北京）,河南省长天世纪电子科技有限公司,8000-10000元,北京·西城·德胜,Guangzhou,本科,3-5年,7月14日,zhilian,岗位职责 职责一： 负责网络设备的日常运行和维护工作。保障网络链路的通信畅通，每天实时对网络进行监控检查，对网络流量、网络链路状况、关键设备的资源占用等进行详细检查，填写网络运行日志，对流量异常的用户或设备及时进行处理。 职责二： 每天检查网络设备运行状态，通过监控平台对报警及错误信息进行及时处理。 职责三： 每天检查机房环境，对机房内的物品要分门别类放置整齐，每次进出机房检查机房门窗是否关好，机房内物品是否放置在指定位置及机房日常管理工作 职责四： 每月对网络设备系统日志、账户、配置等数据的定期备份。 职责五： 每季度在虚拟环境下测试备份数据的有效性，并对可能的故障进行故障演练。 职责六： 根据网络系统运行期间的资源或环境变化要求，按照要求审批、操作变更流程，调整网络策略并记录。 职责七： 负责网络链路的通信畅通，机房内各种网络及安全设备安装、运维，根据用户需求和申请开通VPN、调整负载、防火墙等操作，并做好记录。 职责八： 及时制作、更新网络拓扑图、楼层信息点分布图、机房配线表、机房资产、链路表、负载配置表，定期更换设备密码。 职责九： 负责处理用户各类软硬件故障，填写维修登记表，协助系统管理员、数据库管理员和安全管理员做好系统维护工作，共同保障网络正常运行 技能要求 学历：本科及以上学历 工作经验：3年以上数据中心或大型企业网络运维工作经验； 知识要求：至少具备CCNP\H3CSE\HCIP其中一项证书。 技能要求： 1、精通各类网络协议VLAN、OSPF、BGP、STP、堆叠、无线网络等，熟悉主流供应商解决方案； 2、能够熟练的对路由器、交换机、无线、等网络设备进行日常维护、管理； 3、具备网络故障排查能力； 4、有一定网络安全基础； 5、有中大型园区、数据中心网络优先； 6、其他要求：沟通能力强，有一定抗压能力，身心健康，能加班，热爱运维工作，有责任心和主动学习的精神，工作中服从安排。 工作地点 北京市西城区德胜门外大街85号 以担保或任何理由索要财物，扣押证照，均涉嫌违法。一经发现， 立即举报,信息安全,http://www.zhaopin.com/jobdetail/CC269774080J40875344914.htm?refcode=4019&srccode=401901&preactionid=bc0b8b6d-980e-4a02-868d-047064e02b3d
通信设计工程师,福州九州联创通信科技有限公司,7000-10000元,福州·马尾·马尾,Guangzhou,本科,1年以下,7月16日,zhilian,职位描述 运维 测试 通信测试 网络运维 无线通信 C++ 岗位内容： 1. 设计、测试、维护和优化通信系统的各种硬件和软件组件。 2. 熟悉无线通信、网络安全和互联网协议。 3. 使用模拟和数字仿真工具对设备进行性能评估和验证。 4. 客户支持和问题解决。 任职要求： 1. 本科及以上学历，通信、电子工程等相关专业背景。 2. 熟悉通信产品和系统开发流程。 3. 具有扎实的编程和算法基础，熟悉C/C++或Python等编程语言。 4. 熟练掌握常用电子元器件和仪器的使用方法。 工作地点 福州市-马尾区-儒江西路华映显示科技 以担保或任何理由索要财物，扣押证照，均涉嫌违法。一经发现， 立即举报,"运维,测试,通信测试,网络运维,无线通信,C++",http://www.zhaopin.com/jobdetail/CCL1520346100J40875393910.htm?refcode=4019&srccode=401901&preactionid=bc0b8b6d-980e-4a02-868d-047064e02b3d
中级网络技术工程师,安美微客(上海)互联网科技有限公司,3000-5000元,桂林·七星区·七星区街道,Guangzhou,大专,经验不限,6月27日,zhilian,岗位职责： 1、接受技术服务中心统一调度，通过培训和自学快速熟悉公司产品，负责公司产品、其他产品及配套系统的安装、调试、运维及故障处置，并做好项目记录、故障记录和反馈，覆盖项目全生命周期（售前、售中、售后）。 2、了解运营商、酒店行业产品的深厚背景，熟悉行业发展现状和趋势，对产品完成推广、方案撰写、标书编制等工作，并输出区域内的技术文档（如技术方案、技术建议书、服务报告等）。 3、能够经常与酒店集团及酒店的相关负责人进行产品、服务等的沟通，准确理解客户需求并协调内部资源及时响应，并保持全程跟踪与协同。 4、作为项目技术负责人，面向合作伙伴及最终用户提供技术培训，使其熟练掌握我司产品工作原理、日常维护及常见故障处理方法等。 5、与各地技术工程师紧密配合，及时整理并更新相关项目资料，确保信息同步且可追溯。 6、持续收集、整理公司产品运行信息，及时反馈至技术管理团队与研发团队，推动产品改进与知识库更新。 7、现场施工的组织及施工外包，检查、填写及组织收集项目实施文档、培训文档、验收文档或相关文档等并报甲方验收。 8、协助公司相关部门做好用户关怀工作，维护良好客户关系。 9、远程支持方向需参与12小时班次轮值倒班，确保7×24小时服务覆盖；非现场方向侧重办公室远程交付，现场方向则需接受不定期出差。 任职要求： 1、大学专科及以上学历，通信、电子、计算机类相关专业，具备较强的动手和学习能力。 2、具备扎实的底层网络原理知识，熟悉宽带接入网、TCP/IP协议、二/三层交换路由技术，了解VPN、QOS、ARP、VLAN、ACL、STP等常用网络技术，拥有CCNA/HCIP/RHCE或同等能力认证者优先。 3、精通Cisco、华为等主流网络设备的安装、配置、调试与故障排除，对网络交换机、路由器、无线管理器的工作原理深入理解。 4、熟练掌握Linux常用命令与配置，熟悉MySQL等主流数据库及SQL语言，了解常见数据存储技术。 5、熟悉通信或数据网络企业的日常运作流程，特别是产品售前、售后、售中的技术支持相关流程、工作内容。 6、具有酒店宽带认证计费产品的调试、推广、使用经验者优先考虑；熟悉酒店宽带认证计费产品的发展动态和其它竞争对手的发展情况。 7、能主动跟踪网络技术、操作系统、数据库等领域的新兴技术，并将其快速应用于实际工作中。 8、具备独立分析问题（如网络故障）与解决问题的能力，组织协调与沟通表达能力优秀，能够在跨团队协作中发挥积极作用。 9、形象端正，具备良好的职业素养；英语读写能力良好，能熟练阅读英文技术资料，口语可基本交流者优先；有网络维护工作经验者优先；有酒店相关项目或者从业经营者优先。 10、具备强烈的服务意识与团队合作精神，责任心强，能承受一定工作压力，适应倒班或出差安排，并愿意在远程、非现场、现场三种工作模式间灵活切换，服从团队整体任务调配。 上班时间：所有岗位方向培训期间8小时班次（行政班9:00-18:00）。 远程方向—培训结束后12小时班次（白班8:00-20:00；晚班20:00-次日8:00）；上一天白班休息一天，上一天晚班休息两天，四天一轮，依次类推。 非现场、现场方向—培训结束后8小时班次，如有工作调配至远程方向，则按12小时班次，或根据经理安排。 工作地点 七星区合鑫大楼四楼 安美微客（上海）互联网科技有限公司桂林分公司 以担保或任何理由索要财物，扣押证照，均涉嫌违法。一经发现， 立即举报,"网络管理,网络运维,服务器运维,华为认证,思科认证,RHCE",http://www.zhaopin.com/jobdetail/CCL1297902840J40771296914.htm?refcode=4019&srccode=401901&preactionid=bc0b8b6d-980e-4a02-868d-047064e02b3d
测试工程师,华奋达(东莞)科技有限公司,5000-8000元,东莞·寮步镇,Guangzhou,大专,经验不限,6月18日,zhilian,岗位职责： 产品测试规划 1、制定键鼠（键盘、鼠标）产品的测试计划，设计测试用例及测试场景，覆盖功能、性能、兼容性、用户体验等维度。 2、根据产品需求文档（PRD）及设计规范，编写详细的测试方案。 功能与性能测试 1、执行硬件功能测试：根据客户要求对基本功能，按键触发、滚轮灵敏度、无线连接稳定性、多设备切换、灯光、无线性能及功耗、充电及低电压、屏功能、驱动测试等。 2、性能测试：响应延迟、电池续航（无线设备）等。 3、兼容性测试：验证键鼠与不同操作系统（Windows/macOS/Linux）、主板、接口（USB/蓝牙/2.4G）的适配性。 缺陷管理与改进 1、使用工具（如功倍、禅道）提交Bug并跟踪解决进度，协同研发团队复现问题并提出改进建议。 2、输出测试报告，分析故障根因，推动产品迭代优化。 3、根据测试用例报告进行测试，对测试出的问题点及时反馈给对应的人员。 4、当客户提出紧急需求时，需积极配合处理完成。 任职要求: 1、大专及以上学历，计算机、电子工程、自动化等相关专业。 2、两年以上硬件测试经验，有键鼠/外设/消费电子类产品测试经验优先。 3、懂电子电路分析与应用 数字信号处理等 4、熟练掌握 word、excel、PPT 等日常办公软件，熟练使用频谱，网分，程控电源，功率计，示波器等仪器；热风枪，烙铁，万用表。 5、逻辑严谨，具备较强的问题分析及文档编写能力。 6、良好的沟通能力，能高效协同硬件工程师、软件工程师。 岗位福利： 1.上班时间:大小周工作制 早上09:00-12:00下午13:30-18:00 2.购买五险 3.每年为员工提供一次全身体检 4.每月为员工举行生日会、下午茶福利等 5.公司每年有带薪年假、年终奖金 6.缴纳社保，提供安心保障 7.公司设有微波炉、冰箱，公司楼下有餐厅 工作地点 华奋达(东莞)科技有限公司乐创港1栋12楼 以担保或任何理由索要财物，扣押证照，均涉嫌违法。一经发现， 立即举报,半导体/芯片,http://www.zhaopin.com/jobdetail/CCL1231507770J40878592203.htm?refcode=4019&srccode=401901&preactionid=ddaed92b-d8bc-4ce9-b5ab-5a76aea35871
网络工程师,兰州大方电子有限责任公司,8000-16000元,兰州·七里河区·西园街道,Guangzhou,大专,经验不限,7月23日,zhilian,"岗位职责： 1.熟练掌握路由、交换、安全、无线、网管、存储、主机等技术中的至少4项； 2.熟悉业内主流网络产品形态及产品功能，熟悉详细配置，参与过网络割接等项目； 3.具备在原有网络基础之上为其提供网络集成、改造服务能力，熟悉公检法、电力、政府、烟草等行业网络项目的优先； 4.沟通能力强，较强的团队合作意识,能适应出差和加班； 5.具备厂家认证证书者优先。 职位福利：五险一金、通讯补助、带薪年假、交通补助、周末双休、项目奖金、大牛带队、节日福利 工作地点 甘肃省兰州市七里河区南滨河中路1500号三维商城电子商务产业孵化大厦9楼 以担保或任何理由索要财物，扣押证照，均涉嫌违法。一经发现， 立即举报","网络,网络安全,路由交换,OSPF,设备调试,Hive,数据处理,机房运维",http://www.zhaopin.com/jobdetail/CC175373720J40333977513.htm?refcode=4019&srccode=401901&preactionid=ddaed92b-d8bc-4ce9-b5ab-5a76aea35871
网络助理工程师 (承载),润泽科技发展有限公司,4000-8000元,廊坊,Guangzhou,大专,1-3年,7月26日,zhilian,岗位职责： 1、负责润泽园区弱电、路由管道、光纤传输资源管理； 2、负责园区光纤传输整体使用规划； 3、负责园区手机信号覆盖工作； 4、负责园区传输光缆维护、抢修工作； 5、协助开通、调试、维护传输线路； 6、负责协调电信开通、维护客户线路等工作； 7、负责园区座机开通维护工作； 8、做好园区传输资源资料整理； 9、负责润泽园区网络架构的搭建和优化； 10、负责园区无线网络覆盖工作； 11、负责搭建园区基础网路架构； 12、负责协助弱电工程师将弱电各系统(包含不限于以下系统：视频监控系统、进出口管理系统、动力环境监控系统等)接入园区基础网络，为实现智慧园区做好基础工作； 13、负责协助OA系统、巡检系统、固定资产管理系统、接入园区基础网络，为实现智慧园区做好基础工作； 14、负责协助网络服务组完成园区各楼通信工作。 任职要求： 1、大专及以上学历； 2、网络工程、软件工程、信息安全、物联网工程等相关专业； 3、3年以上数据中心行业经验，1年以上管理工作经验： 4、掌握网络专业基础知识，熟悉数据中心网络架构及网络设备原理； 5、具备网络设备配置和调试能力，以及及网络故障排查与问题定位能力； 6、思维条理清晰，善于沟通，具备团队合作意识和认真负责的工作态度； 7、可接受外派，外派地点根据公司业务发展需要统筹分配。 工作地点 廊坊开发区楼庄路9号 以担保或任何理由索要财物，扣押证照，均涉嫌违法。一经发现， 立即举报,网络运维,http://www.zhaopin.com/jobdetail/CC628426520J40857807010.htm?refcode=4019&srccode=401901&preactionid=ddaed92b-d8bc-4ce9-b5ab-5a76aea35871
网优工程师,深圳市金吉通电子科技有限公司,1.1-1.2万,深圳·罗湖·黄贝,Guangzhou,本科,经验不限,7月20日,zhilian,职位描述 无线网 5G LTE 终端网络性能优化 网络问题根因定位 跨团队协作推进 工作职责： 1. 负责消费电子终端（如智能硬件、可穿戴设备）的无线网络性能优化，包括Wi-Fi、蓝牙、蜂窝网络等模块。 2. 分析终端在不同场景下的网络连接问题，通过抓包、日志分析等手段定位根因并输出优化方案。 3. 与硬件、软件团队协作，推动网络性能优化方案的落地与验证，提升产品的网络稳定性与用户体验。 4. 建立网络性能测试标准与评估体系，持续监控产品网络指标，输出性能报告并驱动迭代。 任职要求： 1. 本科及以上学历，通信工程、电子信息、计算机等相关专业。 2. 熟悉无线通信协议（802.11系列、蓝牙、LTE/5G），掌握网络优化的基本原理与方法。 3. 具备终端网络问题分析经验，能熟练使用Wireshark、TCPdump等工具进行抓包分析。 4. 有消费电子/智能硬件行业经验者优先，了解终端射频设计与天线性能者优先。 5. 具备较强的问题解决能力与跨团队协作能力，能独立推进复杂网络问题的解决。 工作地点 深圳罗湖区东湖二路 以担保或任何理由索要财物，扣押证照，均涉嫌违法。一经发现， 立即举报,"无线网,5G,LTE,终端网络性能优化,网络问题根因定位,跨团队协作推进",http://www.zhaopin.com/jobdetail/CC362714310J40875832610.htm?refcode=4019&srccode=401901&preactionid=ddaed92b-d8bc-4ce9-b5ab-5a76aea35871
技术服务工程师（网络方向）,云上(江西)安全技术有限公司,7000-12000元·13薪,南昌·新建·樵舍,Guangzhou,本科,3-5年,7月23日,zhilian,岗位职责： 1、客户现场运维，负责交换机、路由器、防火墙、无线等数通设备日常巡检、监控、故障排查，保障企业网络稳定运行。 2、独立处理网络卡顿、断网、专线故障、VLAN、路由、IP、无线异常等各类现场网络问题，及时闭环工单并做好问题复盘。 3、根据业务需求完成网络配置调整、策略优化、拓扑梳理、带宽调整、冗余优化等工作，提升整体网络稳定性。 4、负责现场网络扩容、设备替换、网络改造、割接升级等项目实施、调试、测试及验收交付。 5、定期备份设备配置、更新拓扑资料、整理运维台账，规范现场运维，保障网络可管可控。 6、对接客户日常技术咨询、运维支撑，配合完成检查、整改及汇报工作。 任职要求 1、本科及以上学历，计算机、网络、通信相关专业，1年以上数通驻场/运维/实施经验。 2、扎实掌握TCP/IP、VLAN、Trunk、STP、链路聚合、DHCP、NAT、ACL、VRRP、OSPF等主流数通技术。 3、熟练使用华为/华三/锐捷/思科设备，可独立完成配置、调试、排障、日常运维。 4、熟悉企业局域网、专线、VPN、无线组网架构，具备网络优化和故障应急处理能力。 5、工作踏实负责，有驻场服务意识，沟通顺畅，能承受现场运维压力，服从现场管理。 加分项 持有HCIP/HCIE、H3CSE/H3CIE等认证；有政企、园区、医院、学校驻场经验；具备网络改造、割接项目经验优先。 工作地点 南昌新建区赣鄱数据湖 以担保或任何理由索要财物，扣押证照，均涉嫌违法。一经发现， 立即举报,"网络运维,华为认证,华三认证,H3CIE,HCIE,H3CSE,HCIP",http://www.zhaopin.com/jobdetail/CCL1368469020J40882491305.htm?refcode=4019&srccode=401901&preactionid=ddaed92b-d8bc-4ce9-b5ab-5a76aea35871
网络工程师,华润万象生活,7000-11000元,厦门·思明·梧村,Guangzhou,本科,经验不限,5月18日,zhilian,岗位职责： 1.根据公司业务发展的需要，负责公司办网络系统的设计，规划和建设； 2.负责办公场所有线、无线网络的日常管理和维护； 3.负责防火墙的配置和维护； 4.负责规划和保障网络安全； 5.负责为公司新业务、新需求提供网络基础设施的规划建议； 6.负责协助业务部门（SIP语音网络）分析判断网络故障； 职位要求： 2.精通路由器、交换机、防火墙等网络及安全设备的工作原理和特性，有语音网关设备维护经验，并能熟练配置H3C、HuaWei、Cisco的网络设备。有相关认证者（CCIE或HCIE证书）优先； 3.有复杂Office网络组网经验，且管理过10+分散办公室网络； 4.精通TCP/IP原理，熟悉网络基本原理和流行的网络技术。精通常见的各种路由交换、有线、无线协议（如：RIP，OSPF，IS-IS，BGP等协议）； 5.具有“标准化”意识，理解“标准化”在运维工作及架构设计中的意义。且具有较强的文档编写能力； 6.熟悉主流网络安全产品。熟悉存储网络配置管理者优先考虑； 7.熟悉UNIX、Linux系统者优先考虑； 8.具有高度的责任心、独立工作的能力，并具备较强的分析、判断和解决问题的能力； 工作地点 厦门思明区华润大厦-A座 以担保或任何理由索要财物，扣押证照，均涉嫌违法。一经发现， 立即举报,"网络管理,网络安全,网络运维",http://www.zhaopin.com/jobdetail/CCL1390225560J40850144601.htm?refcode=4019&srccode=401901&preactionid=ddaed92b-d8bc-4ce9-b5ab-5a76aea35871
通信技术工程师（地铁口 五险一金）,杭州寰悦科技有限公司,8000-10000元,杭州·萧山·城厢,Guangzhou,大专,1-3年,7月26日,zhilian,职位描述 无线通信 研发 系统级项目经验 硬件调试与故障定位 技术文档撰写 工作职责 1. 负责通信系统硬件与软件组件的全流程设计、测试、维护及性能优化，保障系统稳定运行。 2. 基于无线通信、网络安全及互联网协议知识，支撑通信产品的技术方案落地与问题排查。 3. 运用模拟与数字仿真工具完成设备性能评估与验证，输出精准的技术分析报告。 4. 对接客户需求，提供技术支持并高效解决通信系统相关问题，提升客户满意度。 任职要求 1. 大专及以上学历，通信工程、电子信息等相关专业背景。 2. 熟悉通信产品从需求分析到交付的全开发流程，具备系统级项目经验。 3. 掌握扎实的编程与算法基础，熟练使用C/C++或Python进行技术实现。 4. 能独立操作常用电子元器件与测试仪器，具备硬件调试与故障定位能力。 薪资待遇： 1、综合工资8K-10K，年底双薪 2、近地铁口，公司包晚餐 3、一年三节福利，7-12天带薪年假 4、缴纳五险一金 5、每周一次下午茶，每月一次团建，每年2次集体旅游 6、上班时间:早九晚五双休 法定节假日正常休 五险一金包吃住，年底双薪氛围好 工作地点 杭州萧山区紫橙国际商务中心-3号楼1402 以担保或任何理由索要财物，扣押证照，均涉嫌违法。一经发现， 立即举报,"无线通信,研发,系统级项目经验,硬件调试与故障定位,技术文档撰写",http://www.zhaopin.com/jobdetail/CCL1486629010J40845009605.htm?refcode=4019&srccode=401901&preactionid=ddaed92b-d8bc-4ce9-b5ab-5a76aea35871
通信技术工程师,新疆立本无线电科技有限公司,4000-8000元,乌鲁木齐·沙依巴克区·长江路街道,Guangzhou,本科,经验不限,7月3日,zhilian,职位描述 无线通信 无线电 电磁环境 通信工程师 1. 负责电磁环境测试项目现场测试和报告编制工作 2. 负责无线电通信保障； 3. 负责无线电监测、检测设备的维护，巡检，保养； 4. 完成领导交办的其他工作。 5. 配合完成资质资料的归档和管理 任职要求： 1. 通信、电力等相关专业，本科学历。具有通信工程师或计算机技术与软件专业技术资格证书的优先； 2. 有无线电管理局、通信管理局或者通信相关企业工作经验的； 3. 熟悉主流服务器操作系统(Windows、LINUX、UNIX等)和常用软件操作的； 4. 具备驾驶技能，有超过一年的驾龄优先考虑。 5. 具备较强沟通能力，较强的团队意识及工作责任感，有销售经验的优先考虑。 6. 具备自主学习意识， 能快速适应新的工作内容。 7. 有西藏或高原地区旅居经历或长期生活在高原的优先考虑。 满足以上任职要求任一项的，请投递简历到************** 职位福利： 五险一金、绩效奖金、差旅补助、午餐补助、交通补助、通讯补助、节日福利、周末双休。 工作地点 乌鲁木齐沙依巴克区德汇中心E2号楼 以担保或任何理由索要财物，扣押证照，均涉嫌违法。一经发现， 立即举报,"无线通信,无线电,电磁环境,通信工程师",http://www.zhaopin.com/jobdetail/CC826150050J40513514606.htm?refcode=4019&srccode=401901&preactionid=ddaed92b-d8bc-4ce9-b5ab-5a76aea35871
网络工程师,北京通达资产管理集团公司,8000-13000元,北京·丰台·马家堡,Guangzhou,大专,3-5年,7月15日,zhilian,岗位职责： 1、计算机、通信专业大专以上学历，具有3年以上互联网或IT相关技术领域的工作经验者优先； 2、精通IP网络架构，熟悉TCP/IP协议，具备一定的网络规划能力，有网络相关认证证书者优先； 3、熟悉无线通信基础知识，知道当前常用的802.11系列标准； 4、掌握路由器、交换机、防火墙等设备的配置方法； 5、根据需求对网络系统进行分析，及时处理和解决网络问题，加强网络优化等； 6、具有良好的执行力和责任心，工作积极主动，学习能力强及具有与人沟通、交流能力、出色的团队合作精神。 任职要求： 1、熟悉主流交换机、路由器、防火墙、加密机、漏洞扫描等硬件设备，能独立安装配置、维护管理； 2、精通LAN、WAN、VPN等网络技术，持有HCIP以上或同等证书； 3、熟悉华为、H3C、网御、天融信、绿盟、深信服等主流安全设备的配置，实际动手能力强； 4、熟悉TCP/IP协议，OSPF、BGP等常用路由协议，熟悉常用网络技术，如：NAT、VRRP、VLAN、STP、MPLS等相关技术； 5、熟悉基于Linux操作系统的应用与配置，熟练掌握Shell、Python脚本编写。 具备条件： 1.专科及以上学历、 2.三年以上岗位工作经验 3.持有网络工程师初级以上水平技术资格证书 4.需要7*24小时排班，白班夜班倒班 工作地点 丰台区北京燕讯通信技术开发公司 以担保或任何理由索要财物，扣押证照，均涉嫌违法。一经发现， 立即举报,"网络运维,华为认证,华三认证,H3CIE,H3CSE,H3CNE,HCIE,HCIP,HCIA,网络安全",http://www.zhaopin.com/jobdetail/CC266295010J40617745007.htm?refcode=4019&srccode=401901&preactionid=ddaed92b-d8bc-4ce9-b5ab-5a76aea35871
通信网优工程师（太原）,广州瀚信,100-120元/天,太原·迎泽·桥东,Guangzhou,大专,经验不限,7月26日,zhilian,岗位职责】 1、进行道路、干线等测试优化，完成DT/CQT数据采集及分析，并撰写分析报告，提出日常网络优化方案； 2、负责日常的室分测试，场景测试，天线调整等 3、完成投诉工单处理、回复、沟通等工作； 4、在实习过程中掌握GSM、LTE、WCDMA 、5G测试优化技巧，获得大型通信保障经验 【任职要求】 1、大专或以上学历实习生，通信工程、计算机、电子通信等相关专业 2、能在毕业前全职实习，无频繁或长时间请假者 3、能吃苦耐劳，具备良好的沟通及学习能力 4、熟悉计算机操作，熟练运用WORD、EXCEL等软件。 展开该职位详情 最新招聘 热门城市 热门职位 热门公司 开封市祥符区城关镇腾飞口福面馆 章丘市明水辰羲广告部 密山市佳俊货运服务部（个体工商户） 西安丰原赋土石方工程有限公司 杭州麦格包装材料有限公司 新沂市效源租赁服务经营部 鼎三管理顧問股份有限公司 濉溪县城南金峰水果批发部 黄岛区赵万家机械配件铸造厂 三门峡品格装饰装修材料经营有限公司 太原招聘网 > 太原网优工程师招聘 > 广州瀚信网优工程师招聘 职位发布者 邹女士 三日内活跃 HR 立即沟通 公司基本信息 广州瀚信 已审核 D轮及以上 1000-9999人 通信运营商/电信增值服务、通信工程/技术服务、软件/IT服务、通信/网络设备 查看在招职位 关于我们 公司介绍 联系我们 诚聘英才 产品与服务 人才招聘 企业招聘 使用与帮助 账号注销 意见反馈 发票制度 防骗指南 法律协议 资质公示 智联招聘 更懂你的价值 智联app小程序官方微信企业版APP 未经 Zhaopin.com 同意，不得转载本网站之所有招聘信息及作品 智联招聘网版权所有 京ICP备12025925号 京ICP证010207号 京公网安备 11010502059392号 人力资源许可证:1101051996081号 网上有害信息举报专区 违法不良信息举报电话:400-885-9898 关爱未成年举报热线:400-885-9898-3 朝阳区人力资源与社会保障局监督电话 网络110报警服务电子营业执照 暂无内容,"4G,5G,无线网,移动网",http://www.zhaopin.com/jobdetail/CC158446010J40860320814.htm?refcode=4019&srccode=401901&preactionid=ddaed92b-d8bc-4ce9-b5ab-5a76aea35871
通信工程师,北京天枢数通科技有限公司,7000-12000元,石家庄·裕华·长江,Guangzhou,大专,经验不限,7月21日,zhilian,职位描述 信号测试 信号优化 6G 5G 4G 无线通信 通信项目管理 通信设备装维 卫星通信 蓝牙/Wi-Fi 5G、6G 热门战略行业招聘，办公环境优越，待遇优厚，五险一金，可接纳实习生入职！ 一、任职要求： 年龄：大专及以上学历（学信网可查），专业不限，欢迎应届生投递； 素质：责任心强、工作认真，品行端正，无犯罪记录，无明显纹身，具备良好的沟通能力。 二、岗位内容： 网络信号优化工程师 岗位定义：从事移动通信网络测试、性能分析及优化方案实施的技术人员。 主要职责：负责网络规划、基站信号优化及资源调配，通过软件调整基站数据参数，优化网络性能，提升用户体验。 职业发展：可从中级工程师向高级网优工程师、技术专家进阶，成为通信网络核心技术人才。 三、薪资待遇： 薪资：7k-12k / 月（根据岗位与能力定薪） 福利：双休 + 五险一金 + 法定节假日 + 年终奖 + 免费员工公寓 保障：运营商办公大楼内上班，签订正式劳动合同 备注：“天枢” 为北斗核心星，象征通信网络的核心节点，适配卫星通信 / 5G /6G核心业务 工作地点 石家庄裕华区中国联通大厦 以担保或任何理由索要财物，扣押证照，均涉嫌违法。一经发现， 立即举报,"信号测试,信号优化,6G,5G,4G,无线通信,通信项目管理,通信设备装维,卫星通信,蓝牙/Wi-Fi",http://www.zhaopin.com/jobdetail/CCL1525087460J40947510215.htm?refcode=4019&srccode=401901&preactionid=ddaed92b-d8bc-4ce9-b5ab-5a76aea35871
初级网优工程师,八奥(上海)贸易有限公司,1.3-1.4万,上海·嘉定·马陆,Guangzhou,大专,1年以下,7月26日,zhilian,职位描述 无线网 5G GSM LTE 网络性能优化 路测与指标分析 现场项目支撑 工作职责 1. 负责无线网络的日常性能监控，通过路测、后台指标分析定位弱覆盖、掉话等网络问题。 2. 协助完成基站参数调整、邻区优化等基础优化工作，提升网络KPI指标。 3. 整理优化数据与报告，记录问题处理过程，形成可复用的优化经验文档。 4. 配合团队完成网络扩容、割接等项目的现场支撑工作。 任职要求 1. 大专及以上学历，通信工程、电子信息等相关专业优先。 2. 了解GSM/TD-LTE/5G等移动通信网络原理，熟悉常见网优工具（如鼎立、TEMS）的基本操作。 3. 具备基础的数据统计与分析能力，能看懂网络指标报表并提出初步优化建议。 4. 具备良好的沟通能力与团队协作精神，能适应短期出差或现场支撑工作。 展开该职位详情 最新招聘 热门城市 热门职位 热门公司 中山哲景亨百货有限公司 义乌市衡盘电子商务商行（个体工商户） 东营港经济开发区万久烟酒行 山东志荷电源科技有限公司 东宁市东宁镇北河沿村股份经济合作社工会委员会 赣州市章贡区时代药店 宝应县名人刺绣工艺厂 常德市红德机械制造有限公司 广州市番禺区南村耀天水产品档 周口市川汇区亮子美容服务工作室 上海招聘网 > 上海网优工程师招聘 > 八奥(上海)贸易有限公司网优工程师招聘 职位发布者 韩朝 人事经理 立即沟通 公司基本信息 八奥(上海)贸易有限公司 已审核 未融资 20人以下 工业原材料批发/零售/贸易 查看在招职位 关于我们 公司介绍 联系我们 诚聘英才 产品与服务 人才招聘 企业招聘 使用与帮助 账号注销 意见反馈 发票制度 防骗指南 法律协议 资质公示 智联招聘 更懂你的价值 智联app小程序官方微信企业版APP 未经 Zhaopin.com 同意，不得转载本网站之所有招聘信息及作品 智联招聘网版权所有 京ICP备12025925号 京ICP证010207号 京公网安备 11010502059392号 人力资源许可证:1101051996081号 网上有害信息举报专区 违法不良信息举报电话:400-885-9898 关爱未成年举报热线:400-885-9898-3 朝阳区人力资源与社会保障局监督电话 网络110报警服务电子营业执照 暂无内容,"无线网,5G,GSM,LTE,网络性能优化,路测与指标分析,现场项目支撑",http://www.zhaopin.com/jobdetail/CCL1334878510J40871686714.htm?refcode=4019&srccode=401901&preactionid=ddaed92b-d8bc-4ce9-b5ab-5a76aea35871
移动通信工程师,西安乾多聚通信技术有限公司,8000-15000元,西安·未央·张家堡,Guangzhou,本科,1-3年,5月30日,zhilian,职位描述 移动通信 5G 无线通信 网络协议 网络交换技术 数据通信 传输线路设计 基站查勘设计 无线勘察设计 岗位内容： 1. 设计和实现移动通信系统的硬件、软件模块； 2. 对通信协议进行分析和优化，提升系统性能； 3. 研究通信领域新技术，掌握核心算法； 4. 负责系统测试、故障排查和优化； 5. 参与对新产品和解决方案的评估和开发。 任职要求： 1. 本科及以上学历，通信、电子工程等相关专业背景； 2. 精通C/C++等编程语言，熟练掌握Linux/Unix操作系统； 3. 熟悉LTE、5G等移动通信标准，了解无线通信原理； 4. 具备较强的团队合作能力和沟通能力； 5. 有通信系统设计实践经验者优先考虑。 工作地点 西安市-未央区-赛高悦府西北100米(凤城七路北) 以担保或任何理由索要财物，扣押证照，均涉嫌违法。一经发现， 立即举报,"移动通信,5G,无线通信,网络协议,网络交换技术,数据通信,传输线路设计,基站查勘设计,无线勘察设计",http://www.zhaopin.com/jobdetail/CCL1502569850J40863097209.htm?refcode=4019&srccode=401901&preactionid=ddaed92b-d8bc-4ce9-b5ab-5a76aea35871
网络工程师,湖南美湖智造股份有限公司,7000-10000元,衡阳·衡东县·洣水镇,Guangzhou,本科,5-10年,7月23日,zhilian,岗位职责 1.统筹多园区网络架构规划、建设与优化； 2.负责网络日常运维、故障处理、性能调优及安全保障； 3.管理运维团队，制定规范与应急流程； 4.推动网络技术升级，支撑智能制造与数字化。 5.信息安全建设 任职要求 硬技能 1.精通华为/华三/思科设备，SD-WAN/VPN，园区无线部署； 2.熟悉防火墙、VPN、AC、堡垒机等准入控制、等保2.0，具备安全应急能力； 3.掌握Linux/Windows基础服务（AD、DNS、DHCP），了解虚拟化及混合云； 4.能撰写技术方案与运维文档。 软技能 1.3人以上团队管理经验，善于分工与培养； 2.跨部门沟通顺畅，能对接供应商及领导汇报； 3.应急响应迅速，具备系统性思维； 4.持续学习，关注新技术。 学历与经验 1.本科，计算机/网络相关专业； 2.5年以上企业网络运维，2年以上管理/项目主导经验； 3.有制造业背景，主导过2个以上中大型网络项目。 优先条件 985/211；软考/HCIP/CCNP/ITIL/PMP认证至少一种以上。 其他 工作地：湖南衡东，能偶尔出差，抗压力强，适应制造业节奏。 工作地点 衡阳衡东县湖南美湖智造股份有限公司 以担保或任何理由索要财物，扣押证照，均涉嫌违法。一经发现， 立即举报,网络安全,http://www.zhaopin.com/jobdetail/CC148321250J40851284501.htm?refcode=4019&srccode=401901&preactionid=ddaed92b-d8bc-4ce9-b5ab-5a76aea35871
数通工程师（西安26届）有HCIP认证,西安长河通讯有限责任公司,6000-7000元,西安·雁塔·丈八沟,Guangzhou,本科,经验不限,7月22日,zhilian,职位描述 数通 HCIP 通信 数通工程师（西安26届）有HCIP认证 数通工程师 岗位要求： 具有华为HCIP认证 1、26届（西北地区） 专业：通信工程专业； 2、统招一本(华为目标院校)； 3、了解通信相关知识，无线、WIFI，网优，了解TCPIP协议，对通信行业有了解； 4.对通信有一定了解。 4.岗位：数通、无线、网优、核心网、光网络 薪资待遇： 6-7K 1、公司提供系统全面的行业专业知识和业务技能带薪培训，入职后0基础走师傅带。 2、无试用期，入职缴纳五险一金。 3.上班西安，不出差 具有华为HCIP认证 工作地点 西安雁塔区科技二路55 以担保或任何理由索要财物，扣押证照，均涉嫌违法。一经发现， 立即举报,"数通,HCIP,通信",http://www.zhaopin.com/jobdetail/CC120717430J40892540713.htm?refcode=4019&srccode=401901&preactionid=ddaed92b-d8bc-4ce9-b5ab-5a76aea35871
通信技术支持工程师（江西分公司中智编制）,中兴通讯,面议,南昌·红谷滩,Guangzhou,本科,经验不限,7月23日,zhilian,职位描述 运维 网络运维 无线通信 1.负责核心网、数通、传输、无线、ssp等产品调试和开通 2.负责核心网、数通、传输、无线、ssp等产品日常维护和故障处理 3.负责用户的日常沟通和交流 4.对用户和相关技术人员做技术交流、现场培训、问题澄清 任职要求： 1.本科及以上学历，通信、计算机、电子等相关专业 2.有良好的团队协作精神、较强的沟通能力、心态乐观、学习能力强 3.认同中兴通讯企业文化，可在公司内长期发展 工作地点 南昌红谷滩区同心谷商联中心(建设中) 以担保或任何理由索要财物，扣押证照，均涉嫌违法。一经发现， 立即举报,"运维,网络运维,无线通信",http://www.zhaopin.com/jobdetail/CC120146700J40391152502.htm?refcode=4019&srccode=401901&preactionid=ddaed92b-d8bc-4ce9-b5ab-5a76aea35871
中国联通智慧家庭工程师,山东省保时通信息网络有限公司威海分公司,3000-6000元,威海·荣成市·斥山街道,Guangzhou,大专,1-3年,7月17日,zhilian,职位描述 宽带装维 岗位内容： 1. 设计、规划和优化所辖区域内家庭宽带网络，包括有线网络、无线网络。 2. 负责网络故障诊断与解决。 3. 对所辖区域内的家庭宽带网络进行改善和升级，增加网络容量和性能。 4. 配合其他部门进行相关政策的实施。 任职要求： 1. 专科及以上学历。 2. 具备良好的沟通能力。 3. 熟练掌握相关电信网络设备使用和维护方法。 4. 具有较强的创新思维和解决问题的能力。 5. 具有电工证、登高证。 工作地点 威海市-荣成市-黄海中路218号联通公司4楼 以担保或任何理由索要财物，扣押证照，均涉嫌违法。一经发现， 立即举报,宽带装维,http://www.zhaopin.com/jobdetail/CC556392030J40920480708.htm?refcode=4019&srccode=401901&preactionid=ddaed92b-d8bc-4ce9-b5ab-5a76aea35871
网优工程师,长沙捷瑞智能科技有限公司,1.5-1.7万,长沙·岳麓·梅溪湖,广州,大专,1-3年,7月26日,zhilian,职位描述 无线网 2G 4G 5G 华为 中兴 爱立信 网络性能监控优化 故障投诉处理 网优报告输出 工作职责 1. 负责移动通信网络（2G/4G/5G）的日常性能监控与指标分析，识别并定位网络瓶颈。 2. 主导网络优化方案的制定与实施，通过参数调整、天馈优化等手段提升网络覆盖与用户体验。 3. 处理网络投诉与故障，提供快速响应的技术解决方案，降低用户感知问题发生率。 4. 输出网络优化报告，沉淀优化方法论，支撑团队技术能力提升。 任职要求 1. 大专及以上学历，通信工程、计算机等相关专业，基础扎实。 2. 拥有2年以上无线网络优化经验，熟悉主流设备厂商（华为/中兴/爱立信）的网优工具与流程。 3. 掌握路测（DT）、定点测试（CQT）方法，能独立分析信令与性能数据。 4. 具备良好的问题分析能力与沟通能力，能适应短期出差需求。 工作地点 长沙岳麓区梅溪湖路100号金茂苑第30栋1603室 以担保或任何理由索要财物，扣押证照，均涉嫌违法。一经发现， 立即举报,"无线网,2G,4G,5G,华为,中兴,爱立信,网络性能监控优化,故障投诉处理,网优报告输出",http://www.zhaopin.com/jobdetail/CCL1526779510J40864936611.htm?refcode=4019&srccode=401901&preactionid=334a5ae5-1c32-4042-aced-828e09eecd34
5g通信工程师,长沙市臻杰科技有限责任公司,5000-8000元,南昌·红谷滩·沙井,广州,大专,经验不限,7月24日,zhilian,岗位职责： 外场优化中级工程师：1、无线网络优化测试及测试分析工作；2、能够完成测试分析报告；3、能够提升移动、联通、电信运营商的4/5G网络指标； 系统优化中级工程师：1、对5G网络各项KPI指标提升及优化；2、处理质差小区；3、熟悉脚本制作及信令流程。4、熟悉网管平台 任职资格：1、大专以上学历（条件好的可放宽到中专学历），可接收实习生及应届毕业生；2、熟悉计算机操作与应用；3、具备适应出差的能力； 工作地点 红谷滩区中国移动(南昌分公司) 以担保或任何理由索要财物，扣押证照，均涉嫌违法。一经发现， 立即举报,"5G,无线网络优化,5G通信,5G网络优化",http://www.zhaopin.com/jobdetail/CCL1211384430J40874899808.htm?refcode=4019&srccode=401901&preactionid=55ca55a2-3a1c-483e-a4c4-78b5e2a762dc
网络管理中级工程师,跨越速运,7000-9000元,沈阳·铁西·大潘,广州,大专,3-5年,7月25日,zhilian,职位描述 网络管理 网络运维 硬件/设备运维 信息安全 软件/IT服务 计算机硬件 具备技能： 1、大专以上学历，3年以上IT运维、网络工程师、IT技术支持相关工作经验，持HCIA或以上认证优先考虑； 2、精通主流操作系统（Windows/Mac），标准办公软件（如 Office，WPS），各类日常办公软件的安装/故障诊断/排错/性能优化；能独立完成打印机、复印件、扫描仪、监控设备等常见办公设备的安装调试与维修； 3、熟悉中小型网络拓扑，网络机房建设及规划，能独立解决网络故障；熟悉各种主流路由器、三层交换机等设备配置（如：VLAN、DHCP、ACL、OSPF、静态路由等）； 4、熟悉无线网络布局规划、配置及调优，熟悉无线AP性能参数、信道功率优化等； 5、熟悉相关网络安全产品，如防火墙、IDS、IPS、防病毒系统； 6、有弱电工程（网络、监控）项目建设和规划经验者优先； 工作地点 沈阳铁西区大千产业园物流港跨越速运 以担保或任何理由索要财物，扣押证照，均涉嫌违法。一经发现， 立即举报,"网络管理,网络运维,硬件/设备运维",http://www.zhaopin.com/jobdetail/CC574811320J40864037011.htm?refcode=4019&srccode=401901&preactionid=55ca55a2-3a1c-483e-a4c4-78b5e2a762dc
网络技术工程师,北宸智远运营管理(宜昌)有限公司,7000-10000元,宜昌·夷陵区·龙泉镇,广州,大专,3-5年,7月21日,zhilian,"岗位职责： 1、五年以上计算机网络和IT系统管理工作经验，了解网络及系统层面的基本原理，熟练排查各种软硬件系统及服务故障，可完成千台网络终端以上的网络规划、网络拓扑、设备选型、系统配置及实施。 2、能够熟练配置华为、华三网络设备、深信服安全等设备，并能对其组网方式有深入理解。 3、熟悉网络准入原理及网络设备的安全特性的应用，优化。 4、熟悉计算机网络协议,ARP欺骗、ACL、STP、VRRP、OSPF、策略路由、ipsecvpn、qos、vxlan、sdwan等；TCP模型与OSI参考模型的区别、各层报文的封装解封装及常用端口。 5、熟悉运营商网络，通过二层数据专线、无线专网互联多分支机构；熟悉设备间VPN互联，熟练配置及排查故障。 6、熟悉机房综合布线系统包括UPS、动环，对网络设备等一体机、网络防火墙、虚拟机系统、交换机、光收机、光收、有深刻了解并能进行故障判断与维修。 7、熟悉虚拟化/超融合系统（esxi、云宏），能够安装配置虚拟系统，了解其原理，如计算、存储、网络虚拟化；各种镜像、快照的制做方式，p2v、v2v、v2p等。 8、熟悉常用品牌服务器的硬件系统组成，如几种存储阵列的优缺点，故障排查及恢复。 9、了解各种弱电终端的组网方式及管理平台，如无线网桥、门禁、视频监控、道闸等。 10、熟悉服务器操作系统的维护与配置，如win server/linux，了解操作系统原理与优化，如磁盘的IO延迟、IO调度策略、CPU调度等 11、熟悉开源软件的安装配置与优化，如gitlab、openvpn、squid、docker、mq、mysql、es、redis、minio、nginx、k8s、jumpserver、zabbix等。 12、熟悉加密系统的原理，策略的部署与优化，问题排查，如IPGUARD。 13、熟悉常用云产品的特性，如阿里域名、ecs、rdb、slb、云安全等。 14、做好运维软件后台的配置，运维方案的录入，对软件系统基本问题进行及时处理。 任职要求： 1、学历与资质：计算机、通信、网络工程等相关专业大专及以上学历。持有CCNA/HCIA、CCNP/HCIP等行业主流认证者优先。 2、专业知识：精通TCP/IP协议栈及主流路由交换技术（OSPF、BGP、VLAN、STP等）。熟悉网络安全、无线网络、主流厂商（华为、思科、锐捷等）设备配置与管理。 3、核心技能：具备独立进行网络规划、设备配置、故障排查与性能优化的能力。熟悉常用监控分析工具（如Wireshark）。 4、综合素质：逻辑思维严谨，责任心强，具备良好的技术文档撰写能力、沟通协作能力及抗压能力，能适应紧急故障处理与值班。 5、经验要求：通常需3年以上企业网络建设或运维相关经验。 本岗位提供食宿，购买五险一金。 工作地点 夷陵区宜昌北站-站前派出所 以担保或任何理由索要财物，扣押证照，均涉嫌违法。一经发现， 立即举报","网络管理,网络安全,网络运维",http://www.zhaopin.com/jobdetail/CCL1519461480J40844382305.htm?refcode=4019&srccode=401901&preactionid=55ca55a2-3a1c-483e-a4c4-78b5e2a762dc
中高级网优工程师,上海陆瑾科技有限公司,1.2-1.3万,上海·静安·石门二路,广州,本科,3-5年,7月26日,zhilian,职位描述 无线网 2G 4G 5G 华为 中兴 爱立信 网络性能优化 故障定位处理 网络规划扩容 工作职责： 1. 负责移动通信网络（2G/4G/5G）的日常性能监控与优化，输出针对性优化方案。 2. 主导网络故障的定位与解决，包括覆盖、干扰、掉话等问题的分析与处理。 3. 参与网络规划与扩容项目，评估网络容量并提出资源调整建议。 4. 输出网络优化报告，沉淀优化方法论并赋能团队。 任职要求： 1. 本科及以上学历，通信工程、电子信息等相关专业。 2. 3年以上移动通信网络优化经验，熟悉主流设备厂商（华为/中兴/爱立信）的网优工具。 3. 精通网络KPI指标分析，具备独立解决复杂网络问题的能力。 4. 持有通信工程师认证或厂商专项认证者优先。 工作地点 上海静安区嘉禾中心 以担保或任何理由索要财物，扣押证照，均涉嫌违法。一经发现， 立即举报,"无线网,2G,4G,5G,华为,中兴,爱立信,网络性能优化,故障定位处理,网络规划扩容",http://www.zhaopin.com/jobdetail/CCL1236888280J40952521308.htm?refcode=4019&srccode=401901&preactionid=55ca55a2-3a1c-483e-a4c4-78b5e2a762dc
通信工程师,瑞核(郑州)自动化科技有限公司,7000-12000元,石家庄·裕华·槐底,广州,大专,经验不限,12月19日,zhilian,职位描述 无线通信 研发 岗位内容： 1. 设计、测试、维护和优化通信系统的各种硬件和软件组件。 2. 熟悉无线通信、网络安全和互联网协议 3. 客户支持和问题解决。 任职要求： 1. 大专科及以上学历，通信、电子工程等相关专业背景。 2. 熟悉通信产品和系统开发流程。 3. 熟悉常用电子元器件和仪器的使用方法。 4.前期不会有老员工带。 工作地点 石家庄市-裕华区-槐安东路121号 以担保或任何理由索要财物，扣押证照，均涉嫌违法。一经发现， 立即举报,"无线通信,研发",http://www.zhaopin.com/jobdetail/CCL1492905920J40671231509.htm?refcode=4019&srccode=401901&preactionid=da3e04b2-91e0-44b1-b8c3-bd3d3b736907
无线网络优化工程师,河南跃千教育科技有限公司,3000-6000元,郑州·中原·石佛,广州,大专,经验不限,7月25日,zhilian,岗位职责及要求： 1、负责区域投诉信息收集、分析、与客户沟通； 2、现场投诉处理、网格测试分析。 3、干道、高速、高铁优化； 4、测试分析网络中的问题，提出有效的解决方案。 5、公司提供长期技术支撑、岗位分配、岗位晋升、项目平调服务。 6、实习期满三个月，薪资待遇为4200-4500（需取得相关认证）。根据项目考勤及工作熟练度，可逐月申请涨薪，初级薪资范围为4-6K。 7、初级测试工程师可申请公司后台岗位，即系统分析工程师（运营商评级为中/高级），收入范围7000-15000（视项目地而定）。 任职资格： 1、计算机、电子、通信等相关专业专科及以上学历优先（非硬性）； 2、熟练使用WORD、EXCEL、PPT等各类办公软件； 3、可应届生，自带笔记本电脑，接受公司调遣安排。 工作地点 中原区郑州中原国家广告产业园-3号楼 以担保或任何理由索要财物，扣押证照，均涉嫌违法。一经发现， 立即举报,"5G,4G,无线通信",http://www.zhaopin.com/jobdetail/CCL1520593940J40830239401.htm?refcode=4019&srccode=401901&preactionid=da3e04b2-91e0-44b1-b8c3-bd3d3b736907
初级网优工程师,武汉众鑫微云互联科技有限公司,1-1.2万,武汉·江汉·新华街,广州,大专,经验不限,7月25日,zhilian,职位描述 无线网 核心网 2G 4G 5G 网络性能监控 故障排查处理 基站巡检维护 工作职责 1. 协助完成移动通信网络（2G/4G/5G）的日常优化工作，包括参数调整、信号覆盖测试与分析。 2. 负责网络性能指标的监控与数据采集，输出基础优化报告并提出改进建议。 3. 配合团队完成用户投诉处理与网络故障排查，保障网络运行质量。 4. 参与基站设备的日常巡检与维护，确保硬件设备正常运行。 任职要求 1. 大专及以上学历，通信工程、电子信息或计算机相关专业。 2. 熟悉移动通信原理，了解2G/4G/5G网络架构及核心网、无线侧基本原理。 3. 掌握至少一种网络优化工具（如TEMS、鼎力、华星等）的基础操作。 4. 具备良好的学习能力与问题分析能力，能快速适应通信技术迭代。 5. 持有通信工程师证书或相关网络优化项目经验者优先。 工作地点 武汉江汉区江汉路中心广场 以担保或任何理由索要财物，扣押证照，均涉嫌违法。一经发现， 立即举报,"无线网,核心网,2G,4G,5G,网络性能监控,故障排查处理,基站巡检维护",http://www.zhaopin.com/jobdetail/CCL1508180950J41023372404.htm?refcode=4019&srccode=401901&preactionid=da3e04b2-91e0-44b1-b8c3-bd3d3b736907
5G通信工程师,长沙市臻杰科技有限责任公司,5000-8000元,长沙·天心·金盆岭,广州,大专,经验不限,7月24日,zhilian,岗位职责： 外场优化中级工程师：1、无线网络优化测试及测试分析工作；2、能够完成测试分析报告；3、能够提升移动、联通、电信运营商的4/5G网络指标； 系统优化中级工程师：1、对5G网络各项KPI指标提升及优化；2、处理质差小区；3、熟悉脚本制作及信令流程。4、熟悉网管平台 任职资格：1、大专以上学历（条件好的可放宽到中专学历），可接收实习生及应届毕业生；2、熟悉计算机操作与应用；3、具备适应出差的能力； 工作地点 长沙天心区芙蓉蓉苑 以担保或任何理由索要财物，扣押证照，均涉嫌违法。一经发现， 立即举报,"5G通信,无线网优,网络优化",http://www.zhaopin.com/jobdetail/CCL1211384430J40875360508.htm?refcode=4019&srccode=401901&preactionid=da3e04b2-91e0-44b1-b8c3-bd3d3b736907
5g网络优化工程师,河南低中空技术服务有限公司,4000-6000元,郑州·管城·城东路,广州,大专,经验不限,7月26日,zhilian,岗位职责】 1. 参与4G/5G无线网络的日常测试（路测DT、定点测试CQT）及数据采集； 2. 协助分析网络性能指标（如信号覆盖、干扰、切换成功率等），输出优化建议； 3. 支持客户投诉处理，定位网络异常问题并配合解决； 4. 使用测试工具完成基础参数配置与优化； 5.重大活动保障（演唱会、商场活动、重大节假日活动、重要会议等） 6. 整理测试报告及优化文档，协助团队完善网络优化方案。 【任职要求】 1. 学历专业：大专及以上学历，通信工程、电子信息、计算机、网络技术等相关专业； 2. 年龄要求：接受优秀应届毕业生，优秀者可以适当放宽条件； 3. 技能基础： - 熟悉移动通信原理（4G/5G基础知识优先）； - 能熟练使用Office办公软件（Excel、PPT），有MapInfo或地理化分析经验者加分； - 对路测工具（如CDS、Genex Probe等）有基础了解或学习意愿； 4. 综合素质： 适应短期出差或外场工作，吃苦耐劳； - 逻辑清晰，具备基础数据分析能力； 良好的团队沟通与学习能力 工作地点 河南省郑州市管城回族区郑汴路88号附209号 以担保或任何理由索要财物，扣押证照，均涉嫌违法。一经发现， 立即举报,"5G,4G,移动通信测试,网优测试,信号测试",http://www.zhaopin.com/jobdetail/CCL1493584610J40827607616.htm?refcode=4019&srccode=401901&preactionid=da3e04b2-91e0-44b1-b8c3-bd3d3b736907
光通信工程师,北京网信众创科技有限公司,4000-6000元·13薪,北京·朝阳,广州,大专,1-3年,7月24日,zhilian,职位描述 无线通信 运维 工程管理 施工 线路设计 室分设计 网络运维 硬件/设备运维 光纤通信 卫星通信 1. 负责通信网络（传输、数据、无线、专线/基站/机房）日常巡检、监控、故障排查与应急处置，保障全网通信链路、设备7×24小时稳定运行。 2. 负责通信机房、机柜、电源、ODF、光缆、综合布线等基础设施日常维护、整改、验收及台账更新管理。 3. 实时监控网络告警、性能指标，及时处理断网、丢包、时延、基站退服、专线中断等各类故障，形成故障工单、复盘报告。 4. 配合完成通信割接、版本升级、参数优化、网络扩容、线路迁改等运维施工配合与现场督导工作。 5. 负责运维资料、拓扑图、资源台账、巡检记录、故障案例、整改方案的整理归档，完善运维规范与作业流程。 6. 对接甲方/运营商/合作单位日常沟通、问题对接、现场配合、业务开通及故障协同处理。 7. 落实安全生产管理制度，做好现场作业安全管控、隐患排查与整改，杜绝安全事故。 奖金绩效 装维提成，工程管理奖金。 工作地点 北京朝阳区百湾家园 以担保或任何理由索要财物，扣押证照，均涉嫌违法。一经发现， 立即举报,"无线通信,运维,工程管理,施工,线路设计,室分设计,网络运维,硬件/设备运维,光纤通信,卫星通信",http://www.zhaopin.com/jobdetail/CCL1503418360J40860509810.htm?refcode=4019&srccode=401901&preactionid=da3e04b2-91e0-44b1-b8c3-bd3d3b736907
通信工程师,瑞核(郑州)自动化科技有限公司,7000-12000元·13薪,太原·小店·西温庄,广州,大专,经验不限,7月26日,zhilian,职位描述 无线通信 研发 移动通信 岗位内容： 1. 设计、测试、维护和优化通信系统的各种硬件和软件组件。 2. 熟悉无线通信、网络安全和互联网协议 3. 客户支持和问题解决。 任职要求： 1. 大专科及以上学历，通信、电子工程等相关专业背景。 2. 熟悉通信产品和系统开发流程。 3. 熟悉常用电子元器件和仪器的使用方法。 4.前期不会有老员工带。 工作地点 太原市-小店区-开新街6号 以担保或任何理由索要财物，扣押证照，均涉嫌违法。一经发现， 立即举报,"无线通信,研发,移动通信",http://www.zhaopin.com/jobdetail/CCL1492905920J40671241009.htm?refcode=4019&srccode=401901&preactionid=3b8f3694-250b-4dd5-8e85-b48b6c902f74
有线传输工程师,深圳市中兴通讯技术服务有限责任公司,1.5-2.5万·13薪,西安·雁塔·杜城,广州,本科,3-5年,7月25日,zhilian,岗位职责: 1. 负责波分产品OTN/DWDM安装，开通，调测，升级，巡检，故障处理等工作； 2. 负责波分相关产品的项目投标，积极协助市场进行应标、投标以及其它市场推广等工作； 3. 负责和本地员工进行培训，知识传递和交流；和客户进行培训，了解客户对公司产品技术、质量问题和服务水平的意见，及时进行澄清。 任职要求: 1、本科及以上，通信工程、IT及相关专业，具备通信相关专业知识背景； 2、技能要求：有波分产品经验，可胜任OTN/DWDM产品维护工作，精通OTN/DWDM/SDH产品制式的网络优化技能，具网络痛点，策划，梳理网优方案的能力； 3、具备良好的沟通能力，团队协作能力，较强的抗压能力，学习能力，适应能力； 4、英语可作为工作语言，有团队管理经验优先； 5、能接受短期国外出差 奖金绩效 年终奖+项目奖+绩效奖 工作地点 西安市-雁塔区-唐延南路10号L座4楼 以担保或任何理由索要财物，扣押证照，均涉嫌违法。一经发现， 立即举报,"光通信,光传输",http://www.zhaopin.com/jobdetail/CC300982410J40791216706.htm?refcode=4019&srccode=401901&preactionid=3b8f3694-250b-4dd5-8e85-b48b6c902f74
无线基站设计工程师,安徽以诚通信技术有限公司,4000-7000元,合肥·蜀山·五里墩,广州,大专,经验不限,7月15日,zhilian,"岗位职责： 1. 负责站点现场、机房和设备安装定位等勘测工作。 2.负责室外宏站（含2G\3G\4G站点）选点及输出后的设计勘察，设计方案输出。 3. 对方案进行审核，及时落实设计会审过程中的设计方案变更修正。 4. 能与客户进行技术交流，热爱通信事业。 任职要求： 1、通信、电子信息、计算机专业大专及以上学历； 2、良好的专业技术水平和学习能力，能独立进行相关事务的处理；熟练掌握Auto cad，visio软件及其他办公软件； 3、沟通协调能力强，责任心强，具有团队协作精神，性格稳重、有耐心，能承受工作压力； 4. 熟练运用75定额并能独立进行概预算编制,熟悉GSM\TD-SCDMA\WCDMA\CDMA\LTE工作原理及通信工程布线作业优先。 5、能适应出差。 工作地点 合肥市蜀山区潜山路320号新华金融广场办公楼C幢办711室. 以担保或任何理由索要财物，扣押证照，均涉嫌违法。一经发现， 立即举报","宏站设计,5G,4G,室分设计,铁塔设计,天线设计,无线通信,移动通信",http://www.zhaopin.com/jobdetail/CC309521386J90250001000.htm?refcode=4019&srccode=401901&preactionid=3b8f3694-250b-4dd5-8e85-b48b6c902f74
网络技术工程师,北宸智远运营管理(宜昌)有限公司,7000-10000元,宜昌·西陵区·学院街道,广州,大专,5-10年,7月26日,zhilian,"岗位职责： 1、五年以上计算机网络和IT系统管理工作经验，了解网络及系统层面的基本原理，熟练排查各种软硬件系统及服务故障，可完成千台网络终端以上的网络规划、网络拓扑、设备选型、系统配置及实施。 2、能够熟练配置华为、华三网络设备、深信服安全等设备，并能对其组网方式有深入理解。 3、熟悉网络准入原理及网络设备的安全特性的应用，优化。 4、熟悉计算机网络协议,ARP欺骗、ACL、STP、VRRP、OSPF、策略路由、ipsecvpn、qos、vxlan、sdwan等；TCP模型与OSI参考模型的区别、各层报文的封装解封装及常用端口。 5、熟悉运营商网络，通过二层数据专线、无线专网互联多分支机构；熟悉设备间VPN互联，熟练配置及排查故障。 6、熟悉机房综合布线系统包括UPS、动环，对网络设备等一体机、网络防火墙、虚拟机系统、交换机、光收机、光收、有深刻了解并能进行故障判断与维修。 7、熟悉虚拟化/超融合系统（esxi、云宏），能够安装配置虚拟系统，了解其原理，如计算、存储、网络虚拟化；各种镜像、快照的制做方式，p2v、v2v、v2p等。 8、熟悉常用品牌服务器的硬件系统组成，如几种存储阵列的优缺点，故障排查及恢复。 9、了解各种弱电终端的组网方式及管理平台，如无线网桥、门禁、视频监控、道闸等。 10、熟悉服务器操作系统的维护与配置，如win server/linux，了解操作系统原理与优化，如磁盘的IO延迟、IO调度策略、CPU调度等 11、熟悉开源软件的安装配置与优化，如gitlab、openvpn、squid、docker、mq、mysql、es、redis、minio、nginx、k8s、jumpserver、zabbix等。 12、熟悉加密系统的原理，策略的部署与优化，问题排查，如IPGUARD。 13、熟悉常用云产品的特性，如阿里域名、ecs、rdb、slb、云安全等。 14、做好运维软件后台的配置，运维方案的录入，对软件系统基本问题进行及时处理。 任职要求： 1、学历与资质：计算机、通信、网络工程等相关专业大专及以上学历。持有CCNA/HCIA、CCNP/HCIP等行业主流认证者优先。 2、专业知识：精通TCP/IP协议栈及主流路由交换技术（OSPF、BGP、VLAN、STP等）。熟悉网络安全、无线网络、主流厂商（华为、思科、锐捷等）设备配置与管理。 3、核心技能：具备独立进行网络规划、设备配置、故障排查与性能优化的能力。熟悉常用监控分析工具（如Wireshark）。 4、综合素质：逻辑思维严谨，责任心强，具备良好的技术文档撰写能力、沟通协作能力及抗压能力，能适应紧急故障处理与值班。 5、经验要求：通常需3年以上企业网络建设或运维相关经验。 本岗位提供食宿，购买五险一金。 工作地点 宜昌西陵区美岸观邸A区 以担保或任何理由索要财物，扣押证照，均涉嫌违法。一经发现， 立即举报","网络运维,系统运维,服务器运维,华为认证,CISP认证证书,NISP证书",http://www.zhaopin.com/jobdetail/CCL1519461480J40882832005.htm?refcode=4019&srccode=401901&preactionid=3b8f3694-250b-4dd5-8e85-b48b6c902f74
网络工程师,南京爱码哥教育科技有限公司,3000-6000元,南京·玄武·新街口,广州,大专,经验不限,7月11日,zhilian,职位描述 网络安全 安全 IT支持 系统运维 Windows 网络 机房运维 系统管理员 1、大专及以上学历，通信、计算机相关专业； 2、负责项目的实施，设备的安装调试及售后服务； 3、熟悉网络通信原理、局域网和广域网等基础知识； 4、对主机系统和网络系统等有了解； 5、优秀的语言表达能力、沟通能力、应变能力和良好的团队合作意识； 6、熟悉华为思科等主流厂家设备。 公司主要是为客户提供企业网络服务的，包含，网络安全，无线，服务器虚拟化等，前期提供培训，有专业工程师传帮带。要求有自学能力，克服困难解决问题的能力，和客户愉快沟通的能力。 职位福利：五险一金、绩效奖金、交通补助、通讯补助、带薪年假、创业公司、周末双休 职位亮点：每天面对的都是真实的问题，能快速提升自己 工作地点 南京玄武区成贤街50号 以担保或任何理由索要财物，扣押证照，均涉嫌违法。一经发现， 立即举报,"网络安全,安全,IT支持,系统运维,Windows,网络,机房运维,系统管理员",http://www.zhaopin.com/jobdetail/CC389767530J40125682907.htm?refcode=4019&srccode=401901&preactionid=3b8f3694-250b-4dd5-8e85-b48b6c902f74
通讯工程师,杭州锦献科技有限公司,5000-10000元,杭州·余杭·仓前,广州,大专,经验不限,7月25日,zhilian,职位描述 无线通信 运维 硬件/设备运维 岗位内容： 1. 设计、测试、维护和优化通信系统的各种硬件和软件组件。 2. 熟悉无线通信、网络安全和互联网协议。 3. 使用模拟和数字仿真工具对设备进行性能评估和验证。 4. 客户支持和问题解决。 任职要求： 1. 本科及以上学历，通信、电子工程等相关专业背景。 2. 熟悉通信产品和系统开发流程。 3. 具有扎实的编程和算法基础，熟悉C/C++或Python等编程语言。 4. 熟练掌握常用电子元器件和仪器的使用方法。 工作地点 杭州市-余杭区-仓前街道未来科技城海创园龙潭路20号3楼 以担保或任何理由索要财物，扣押证照，均涉嫌违法。一经发现， 立即举报,"无线通信,运维,硬件/设备运维",http://www.zhaopin.com/jobdetail/CCL1524520940J40939714308.htm?refcode=4019&srccode=401901&preactionid=3b8f3694-250b-4dd5-8e85-b48b6c902f74
通信运维工程师,广东南油服务有限公司,1-1.5万,上海·长宁·新泾,广州,本科,经验不限,7月14日,zhilian,职位描述 网络交换技术 岗位职能： 1.负责海上油田无线通信、卫星通信等传输系统的日常维护及巡查； 2.负责协调相关维护资源开展海上油田通信系统日常维修，及时处理各种故障； 3.参与通信系统新建及改造项目管理；参与新产品、新技术的应用测试，对相关测试结论提出合理优化方案； 4.参与通信系统项目的技术投标； 5.完成领导安排的其他任务。 岗位要求： 1.大学本科及以上，通信工程、电子信息工程、电子电气工程等相关专业； 2.具有相关通信设备维修维护工作经验，欢迎2026年优秀应届生投递； 3.能适应短期海上出差； 4.对通信的发展趋势有敏锐的洞察力，对钻研专业技术具有热情，擅长学习新知识、技能； 5.有良好的团队合作精神，能积极主动开展工作，能独立开展工作，具有良好的沟通、谈判及协调能力。 工作地点 上海长宁区中海油大厦 以担保或任何理由索要财物，扣押证照，均涉嫌违法。一经发现， 立即举报,网络交换技术,http://www.zhaopin.com/jobdetail/CC849305050J40865646909.htm?refcode=4019&srccode=401901&preactionid=3b8f3694-250b-4dd5-8e85-b48b6c902f74
无线传输通信设计工程师,呼和浩特市五环信元科技有限公司,3000-5000元,呼和浩特·赛罕·乌兰察布东路,广州,大专,经验不限,7月25日,zhilian,职位描述 5G 移动通信 无线勘察设计 数据通信 铁塔设计 基站查勘设计 工作内容：1、参与无线通信项目前期规划。 2、负责无线通信系统的详细设计提升系统性能。 要求：大专及以上学历，能独立勘察、CAD制图、预算，能适应出差，接受应届生。 福利：五险一金、提供住宿、半年涨薪、带薪休假、节日福利、生日福利、特殊地区补贴。 工作地点 伊泰北巷呼和浩特赛罕区呼和浩特市五环信元科技有限公司一楼人事部 以担保或任何理由索要财物，扣押证照，均涉嫌违法。一经发现， 立即举报,"5G,移动通信,无线勘察设计,数据通信,铁塔设计,基站查勘设计",http://www.zhaopin.com/jobdetail/CC335060530J40864960804.htm?refcode=4019&srccode=401901&preactionid=7b787fc9-c55c-409c-a014-ca04d7eea31b
网优工程师,浙江云瓴科技有限公司,1-1.1万,杭州·上城·湖滨,广州,大专,1-3年,7月23日,zhilian,职位描述 无线网 5G 4G 网络性能优化 网络问题定位 网络规划扩容 工作职责 1. 负责移动通信网络（5G/4G）的日常性能监控与优化，输出精准的网络质量分析报告。 2. 主导网络问题定位与解决，包括覆盖盲区、干扰排查、切换失败等场景的优化方案落地。 3. 参与网络规划与扩容项目，结合业务需求制定合理的参数调整策略。 4. 与运营商客户及跨部门团队协作，推动优化方案的实施与效果验证。 任职要求 1. 大专及以上学历，通信工程、电子信息等相关专业，基础扎实。 2. 熟悉移动通信原理，掌握5G/4G网络优化流程及常用工具（如鼎立、华星等）。 3. 具备1年以上无线网络优化经验，有运营商或设备商项目经验者优先。 4. 具备较强的问题分析能力与沟通能力，能独立完成区域优化任务。 工作地点 杭州上城区浙江特产亿丰贸易有限公司 以担保或任何理由索要财物，扣押证照，均涉嫌违法。一经发现， 立即举报,"无线网,5G,4G,网络性能优化,网络问题定位,网络规划扩容",http://www.zhaopin.com/jobdetail/CC831203410J40911178603.htm?refcode=4019&srccode=401901&preactionid=7b787fc9-c55c-409c-a014-ca04d7eea31b
卫星测试工程师,北京中科航天人才服务有限公司,8000-12000元,文昌·文城镇,广州,本科,3-5年,7月21日,zhilian,岗位职责： 1.负责卫星电性能测试流程的制定与执行，确保测试过程符合相关标准与规范。 2.根据产品需求，编制电测方案，涵盖电路参数测试、信号完整性测试、故障诊断等关键内容，熟练操作有线及无线电测设备，对设备进行日常管理与维护。 3.使用测试数据分析软件对测试数据进行处理与分析，快速定位电路故障、信号异常等问题，提出优化建议。 4.整理测试数据，编写测试报告与技术文档，确保测试过程可追溯、可验证。 任职要求： 1.本科及以上学历，航空航天工程、电子信息工程、通信工程等相关专业。 2. 3年以上卫星电性能测试相关经验，熟悉测试流程与标准。 薪资待遇： 具体面议，有五险一金，补充医疗保险，一日三餐（工作日），高温补贴，劳保补贴，过节费，工作服装年，度体检等。 工作地址：海南文昌。 工作地点 海南文昌国际航天城投资开发有限责任公司 以担保或任何理由索要财物，扣押证照，均涉嫌违法。一经发现， 立即举报,卫星测试,http://www.zhaopin.com/jobdetail/CC132807300J40865935507.htm?refcode=4019&srccode=401901&preactionid=7b787fc9-c55c-409c-a014-ca04d7eea31b
通信技术工程师,天津市帝翼品牌设计有限公司,4000-6000元,天津·南开·万兴,广州,学历不限,1年以下,7月25日,zhilian,职位描述 运维 岗位内容： 1. 设计、测试、维护和优化通信系统的各种硬件和软件组件。 2. 熟悉无线通信、网络安全和互联网协议。 3. 使用模拟和数字仿真工具对设备进行性能评估和验证。 4. 客户支持和问题解决。 工作时间； 1.上班时间 9:30-17:30 六日双休 2. 法定节假日正常休息 3. 午休时间1.5个小时 福利待遇 1. 提供住宿 2.公司有不定期下午茶 公司氛围好 都是90.00后 期待有梦想的你来加入公司 工作地点 天津南开区金融街中心C座 以担保或任何理由索要财物，扣押证照，均涉嫌违法。一经发现， 立即举报,运维,http://www.zhaopin.com/jobdetail/CCL1484996930J40563885904.htm?refcode=4019&srccode=401901&preactionid=7b787fc9-c55c-409c-a014-ca04d7eea31b
无线网络维护（汉阳）,武汉兴智联科技服务有限责任公司,4000-6000元·13薪,武汉·汉阳,广州,大专,1-3年,7月17日,zhilian,岗位职责： 1、确保无线网络设备高效运行，包括无线基站日常巡检、抢修、工程配合、基础资料整理等工作。 2、确保专项应急工作，包括社会大型活动的应急保障、政企等重要单位的应急保障、自然灾害等突发事件的应急保障。 3、确保用户感知持续提升，包括IT系统的接单和回单、现场处理用户投诉等。 4、配合无线网络优化工作，包括日常优化、专项优化、系统性优化工作等。 5、领导交办的其它事项。 工作地点：武汉市汉阳区域 上班时间：8:30-17:30 休息时间 ：轮休 奖金绩效 社保五险、年终奖金、绩效奖金、带薪年假、节日福利、生日福利 工作地点 武汉汉阳区中国电信(汉阳十里铺店)-汉阳大道641号 以担保或任何理由索要财物，扣押证照，均涉嫌违法。一经发现， 立即举报,"塔工,无线网络维护,基站,无线通信,移动通信,4G,5G,雷达信号处理",http://www.zhaopin.com/jobdetail/CC289606080J40790062806.htm?refcode=4019&srccode=401901&preactionid=7b787fc9-c55c-409c-a014-ca04d7eea31b
5G网络优化工程师,河南低中空技术服务有限公司,4000-8000元,郑州·管城·城东路,广州,大专,经验不限,7月21日,zhilian,岗位职责】 1. 参与4G/5G无线网络的日常测试（路测DT、定点测试CQT）及数据采集； 2. 协助分析网络性能指标（如信号覆盖、干扰、切换成功率等），输出优化建议； 3. 支持客户投诉处理，定位网络异常问题并配合解决； 4. 使用测试工具完成基础参数配置与优化； 5.重大活动保障（演唱会、商场活动、重大节假日活动、重要会议等） 6. 整理测试报告及优化文档，协助团队完善网络优化方案。 【任职要求】 1. 学历专业：大专及以上学历，通信工程、电子信息、计算机、网络技术等相关专业； 2. 年龄要求：接受优秀应届毕业生，优秀者可以适当放宽条件； 3. 技能基础： - 熟悉移动通信原理（4G/5G基础知识优先）； - 能熟练使用Office办公软件（Excel、PPT），有MapInfo或地理化分析经验者加分； - 对路测工具（如CDS、Genex Probe等）有基础了解或学习意愿； 4. 综合素质： 适应短期出差或外场工作，吃苦耐劳； - 逻辑清晰，具备基础数据分析能力； 良好的团队沟通与学习能力 工作地点 郑州管城回族区绿都广场B栋802 以担保或任何理由索要财物，扣押证照，均涉嫌违法。一经发现， 立即举报,"通信系统设计,5G协议",http://www.zhaopin.com/jobdetail/CCL1493584610J40808171916.htm?refcode=4019&srccode=401901&preactionid=7b787fc9-c55c-409c-a014-ca04d7eea31b
网络工程师(J10446),海南万加文化有限公司河南分公司,6000-8000元,洛阳·洛龙,广州,本科,3-5年,7月18日,zhilian,岗位职责 1、日常巡检运维 每日检查交换机、路由器、防火墙、无线 AP 等设备运行状态，监控全网带宽、在线状态，定期备份设备配置，提前排查隐患。 2、服务器硬件运维 硬件维护：终端日常清洁、防尘防潮，硬件老化检测，批量设备硬件状态巡检与台账更新。 服务器操作系统运维：windows、linux。 3、机房与弱电相关 设备上架布线、机柜整理、线路整改、机房环境检查；配合监控、门禁、弱电、终端设备的网络接入调试。 4、网络安全管控 设置访问权限、端口防护、上网行为管理，限制违规上网；排查异常流量、病毒攻击、ARP 欺骗，落实网络安全加固。 5、网络规划与改造 根据办公及业务需求，做 IP 规划、网段划分、网络扩容、架构优化、点位新增、机房调整、老旧设备替换升级。 6、项目与对接工作 对接运营商、厂商、施工方，完成专线、宽带、异地组网、分支互联等项目实施、割接、测试与验收内部综合布线类项目工作。 三、福利待遇 1、薪资待遇：综合薪资6000-8000，具体薪资面议； 2、常规福利：节假日福利、生日福利、生育餐补、生育津贴、贺仪礼金等； 3、提供住宿：空调、卫浴、净水机、生活超市等一应俱全，24小时前台服务； 4、保障类：签订劳动合同，依法办理五险； 5、假期类：法定节假日带薪休假、带薪年假、病假、婚假、丧假、产假、陪产假、孕检假。 工作地点 洛龙区洛阳绿业信息中等专业学校 以担保或任何理由索要财物，扣押证照，均涉嫌违法。一经发现， 立即举报,"网络运维,华为认证,HCIP",http://www.zhaopin.com/jobdetail/CCL1503134280J40863724114.htm?refcode=4019&srccode=401901&preactionid=7b787fc9-c55c-409c-a014-ca04d7eea31b
网络运维工程师,四川智服人力资源有限公司,6000-8000元,北京·东城·东直门,广州,大专,1-3年,7月24日,zhilian,职位描述 办公系统 Oracle H3CSE CCNP CCIE 华三 思科 HCIE 计算机软件 软件/IT服务 有HCIP、CCNP 华三 H3CNE证书优先，技术水平扎实，能胜任网络专项建设和运维工作，专业从事网络工作或者有专研真正掌握网络技术的人员 主要工作内容： 1. 负责办公网络及数据中心网络运行维护、项目交付及持续优化。 2. 负责路由器、交换机、VPN、无线网络设备、防火墙等设备日常维护及调试。 3. 负责公司突发网络问题的快速响应及故障排查，保证公司网络正常运行。 4. 负责完善基础网络设备监控、日常巡检工作。 5. 完善网络系统运维的相关文档。. 岗位技能要求： 1.了解TCP/IP相关原理，熟悉路由、交换、网络安全、互联网接入等技术，熟悉网络设备工作原理，熟悉BGP、OSPF等网络协议。 2.基本掌握主流网络厂商（路由器、交换机、防火墙）调试。 3. 具备H3CSE或HCIP证书者优先。 4. 具有一定的吃苦耐劳的精神，团队协作的精神和勇于担当的精神。 工作地点 北京东城区正东国际大厦-A座1 以担保或任何理由索要财物，扣押证照，均涉嫌违法。一经发现， 立即举报 客户,"办公系统,Oracle,H3CSE,CCNP,CCIE,华三,思科,HCIE",http://www.zhaopin.com/jobdetail/CC854626770J40748211402.htm?refcode=4019&srccode=401901&preactionid=7b787fc9-c55c-409c-a014-ca04d7eea31b
通信设计工程师,普天信息工程设计服务有限公司,4000-7000元,盘锦·双台子区·胜利街道,广州,大专,1-3年,7月24日,zhilian,职位描述 有线 无线 勘察设计 移动有线无线勘察设计，有1-3年相关工作经验优先，具备CAD画图能力优先。 工作地点 盘锦双台子区中国移动 以担保或任何理由索要财物，扣押证照，均涉嫌违法。一经发现， 立即举报,"有线,无线,勘察设计",http://www.zhaopin.com/jobdetail/CC120842030J40784291810.htm?refcode=4019&srccode=401901&preactionid=7b787fc9-c55c-409c-a014-ca04d7eea31b
中级网优工程师,天津奥孛科技有限公司,1-1.1万,天津·滨海新区·北塘,广州,大专,1-3年,7月24日,zhilian,职位描述 无线网 2G 4G 5G 华为 中兴 爱立信 移动通信网络优化 网络性能指标分析 网络故障排查 工作职责： 1. 负责移动通信网络（2G/4G/5G）的日常优化，包括参数调整、邻区规划及覆盖优化。 2. 独立完成网络性能指标分析，通过路测数据定位并解决弱覆盖、掉话、切换失败等问题。 3. 输出优化报告并制定改进方案，推动网络KPI指标持续提升。 4. 配合项目团队完成网络验收测试及客户需求响应。 任职要求： 1. 大专及以上学历，通信工程、电子信息等相关专业。 2. 2年以上移动通信网络优化经验，熟悉至少一种主流设备厂商（华为/中兴/爱立信）的操作流程。 3. 掌握路测工具（如TEMS、鼎立）及后台分析软件的使用方法。 4. 具备良好的问题分析能力与沟通能力，能独立处理网络故障。 工作地点 天津滨海新区滨海科技园 以担保或任何理由索要财物，扣押证照，均涉嫌违法。一经发现， 立即举报,"无线网,2G,4G,5G,华为,中兴,爱立信,移动通信网络优化,网络性能指标分析,网络故障排查",http://www.zhaopin.com/jobdetail/CC846696100J40951712308.htm?refcode=4019&srccode=401901&preactionid=7b787fc9-c55c-409c-a014-ca04d7eea31b
数通工程师,深圳市讯方技术股份有限公司,1.1-1.4万,合肥·蜀山·南岗,广州,大专,经验不限,7月16日,zhilian,岗位职责： 1、负责华为数通相关产品的维护及管理工作，路由交换、安全、无线、数据中心、相关产品的工程项目交付及维护管理工作； 2、承担数通维护工程师职责，从事上述产品维护和故障分析，支撑IT产品的日常维护、故障定位、问题处理和性能优化。 岗位要求： 1、大学专科或本科以上学历，计算机、网络、通信技术相关专业； 2、掌握IP路由交换及网络安全技术；熟悉华为数通或安全产品的配置和问题处理等；熟悉并能够独立完成企业网络规划设计、项目实施； 3、对华为、H3C、锐捷、思科等厂商网络产品有一定了解； 3、具有中大型网络项目实施经验者优先；具有相关行业认证证书HCIE/CCIE等； 4、具有良好的沟通表达能力和高度责任心，具备良好的团队合作精神； 5、具有良好的客户服务意识和敬业精神充分了解满足客户网络需求。 工作地点 合肥蜀山区中安创谷科技园-二期 以担保或任何理由索要财物，扣押证照，均涉嫌违法。一经发现， 立即举报,"网络交换技术,Linux,HCIE,CCIE,H3CSE",http://www.zhaopin.com/jobdetail/CC132230560J40776105806.htm?refcode=4019&srccode=401901&preactionid=7b787fc9-c55c-409c-a014-ca04d7eea31b
网络运维工程师（双休法休五险一金）,河北科力远混合储能技术有限公司,4000-6000元,保定·竞秀·大马坊,广州,大专,1-3年,7月24日,zhilian,岗位职责】 一、IT运维类（约60%） 1. 负责公司网络设备（交换机、路由器、无线AP）的日常维护与故障处理，保障网络畅通； 2. 负责监控录像、门禁、音频设备等弱电系统的运行维护； 3. 负责办公电脑、打印机等设备的安装、维修及耗材管理； 4. 负责OA系统的日常运维，包括流程梳理、问题处理及总部IT对接； 5. 负责上网行为管理、网络安全防护及内部局域网规划； 6. 对接联通、移动运营商，建立网络监控预警机制，及时发现并解决网络异常。 二、行政支持类（约40%） 1. 负责固定资产（电脑、打印机等）的台账管理、定期盘点及全流程跟进； 2. 负责来访接待支持、活动拍照记录及影像资料归档； 3. 负责水电管理（含电表抄录及费用核对）； 4. 负责公司车辆及司机调度，保障日常出行需求； 5. 完成上级交办的其他行政事务。 【任职要求】 1. 大专及以上学历，计算机、网络工程、行政管理等相关专业优先； 2. 1年以上IT运维或行政综合相关工作经验； 3. 熟悉网络设备配置及弱电系统维护，具备基础故障排查能力； 4. 服务意识强，工作细致、责任心强，具备良好的沟通协调能力； 5. 持有C1驾照并能熟练驾驶者优先。 工作地点 保定市-竞秀区-乐凯北大街爱迪·硅谷产业园东北侧约220米河北科力远储能创新联合体 以担保或任何理由索要财物，扣押证照，均涉嫌违法。一经发现， 立即举报,"系统运维,数据网运维,局域网运维",http://www.zhaopin.com/jobdetail/CCL1502874760J40877051010.htm?refcode=4019&srccode=401901&preactionid=ff3c31e3-2cb1-4c20-ab94-fbd725e8e69c
天线工程师,苏州立讯技术有限公司,1.8-3万,苏州·郭巷,广州,本科,3-5年,7月26日,zhilian,职位描述 研发 硬件研发 无线通信 1.具备基站天线部件：振子、功分器、移相器、校准网络仿真设计经验 2.需具备以下一款及以上产品设计经验(a.MIMO天线；b.5G电调天线；c.AFU（天线滤波器一体化）) 3.打样、组装、测试、调试与数据分析 4.会运用Matlab对方向图数据进行分析处理 5.可靠性测试、跟踪和改进 6.协同其他部门执行新材料，新工艺认证测 试，SMT工艺改进等 7.数据确认（与客户、产品经理等）以及产品归档 工作地点 苏州市-吴中区-吴中经济开发区徐浜路99号 以担保或任何理由索要财物，扣押证照，均涉嫌违法。一经发现， 立即举报,"研发,硬件研发,无线通信",http://www.zhaopin.com/jobdetail/CCL1446292520J41005718304.htm?refcode=4019&srccode=401901&preactionid=ff3c31e3-2cb1-4c20-ab94-fbd725e8e69c
通信工程师助理,河北砚初科技有限公司,5000-7000元,石家庄·鹿泉·鹿泉经开区,广州,本科,经验不限,7月25日,zhilian,职位描述 移动通信 岗位内容： 1. 设计、测试、维护和优化通信系统的各种硬件和软件组件。 2. 熟悉无线通信、网络安全和互联网协议。 3. 使用模拟和数字仿真工具对设备进行性能评估和验证。 4. 客户支持和问题解决。 任职要求： 1. 本科及以上学历，通信、电子工程等相关专业背景。 2. 熟悉通信产品和系统开发流程。 3. 具有扎实的编程和算法基础，熟悉C/C++或Python等编程语言。 4. 熟练掌握常用电子元器件和仪器的使用方法。 工作地点 鹿泉区石家庄市信息产业基地 以担保或任何理由索要财物，扣押证照，均涉嫌违法。一经发现， 立即举报,移动通信,http://www.zhaopin.com/jobdetail/CCL1514833960J40838396701.htm?refcode=4019&srccode=401901&preactionid=ff3c31e3-2cb1-4c20-ab94-fbd725e8e69c
初级网络工程师,重庆软维科技有限公司,9000-10000元,北京·西城·德胜,广州,本科,3-5年,6月26日,zhilian,岗位职责 职责一： 负责网络设备的日常运行和维护工作。保障网络链路的通信畅通，每天实时对网络进行监控检查，对网络流量、网络链路状况、关键设备的资源占用等进行详细检查，填写网络运行日志，对流量异常的用户或设备及时进行处理。 职责二： 每天检查网络设备运行状态，通过监控平台对报警及错误信息进行及时处理。 职责三： 每天检查机房环境，对机房内的物品要分门别类放置整齐，每次进出机房检查机房门窗是否关好，机房内物品是否放置在指定位置及机房日常管理工作 职责四： 每月对网络设备系统日志、账户、配置等数据的定期备份。 职责五： 每季度在虚拟环境下测试备份数据的有效性，并对可能的故障进行故障演练。 职责六： 根据网络系统运行期间的资源或环境变化要求，按照要求审批、操作变更流程，调整网络策略并记录。 职责七： 负责网络链路的通信畅通，机房内各种网络及安全设备安装、运维，根据用户需求和申请开通VPN、调整负载、防火墙等操作，并做好记录。 职责八： 及时制作、更新网络拓扑图、楼层信息点分布图、机房配线表、机房资产、链路表、负载配置表，定期更换设备密码。 职责九： 负责处理用户各类软硬件故障，填写维修登记表，协助系统管理员、数据库管理员和安全管理员做好系统维护工作，共同保障网络正常运行 二、岗位要求 学历：本科及以上学历 工作经验：3年以上数据中心或大型企业网络运维工作经验； 知识要求：至少具备CCNP\H3CSE\HCIP其中一项证书。 三、技能要求 1、精通各类网络协议VLAN、OSPF、BGP、STP、堆叠、无线网络等，熟悉主流供应商解决方案； 2、能够熟练的对路由器、交换机、无线、等网络设备进行日常维护、管理； 3、具备网络故障排查能力； 4、有一定网络安全基础； 5、有中大型园区、数据中心网络优先； 工作地点 德胜门外大街北京市/北京城区/西城区 德胜门外大街85号 以担保或任何理由索要财物，扣押证照，均涉嫌违法。一经发现， 立即举报,"网络安全,网络运维,华三认证,H3CSE,华为认证,HCIP,思科认证,CCNP",http://www.zhaopin.com/jobdetail/CC447211930J40854883711.htm?refcode=4019&srccode=401901&preactionid=ff3c31e3-2cb1-4c20-ab94-fbd725e8e69c
网优工程师,北移环京(天津)科技有限公司,1-1.1万,天津·宁河·桥北,广州,大专,1-3年,7月21日,zhilian,职位描述 无线网 5G 4G 华为 中兴 网络性能优化 故障应急响应 路测数据分析 工作职责： 1. 负责移动通信网络（含5G/4G）的日常性能监控与指标分析，识别并定位网络瓶颈。 2. 主导网络参数优化与天馈调整，提升用户接入成功率、切换成功率等核心KPI。 3. 参与网络故障应急响应，制定针对性优化方案并推动落地，降低网络投诉率。 4. 输出网络优化报告，沉淀可复用的优化方法论，支撑团队技术能力提升。 任职要求： 1. 大专及以上学历，通信工程、计算机等相关专业优先。 2. 具备1年以上无线网络优化经验，熟悉主流厂商（华为/中兴）设备的操作与参数配置。 3. 掌握网络测试工具（如鼎力/华星）的使用，能独立完成路测数据采集与分析。 4. 具备良好的问题分析能力与跨部门协作意识，可快速响应客户需求。 工作地点 天津宁河区津榆公路609号内10号202 以担保或任何理由索要财物，扣押证照，均涉嫌违法。一经发现， 立即举报,"无线网,5G,4G,华为,中兴,网络性能优化,故障应急响应,路测数据分析",http://www.zhaopin.com/jobdetail/CCL1521121820J40860849301.htm?refcode=4019&srccode=401901&preactionid=ff3c31e3-2cb1-4c20-ab94-fbd725e8e69c
网络工程师,河南众汇企业孵化器有限公司,5000-7000元,郑州·新郑·和庄,广州,本科,3-5年,7月15日,zhilian,职位描述 网络管理 网络安全 网络工程师 华为认证 思科认证 华三认证 H3CIE H3CSE H3CNA HCIE HCIP HCIA 高级网络工程师 厂区网络 通信/网络设备 工业自动化/机器人 厂区诚聘网络工程师，午餐管饭，办公地点在新郑市庆安路219号 核心工作是保障厂区网络稳定，机器人主采集网络正常运行，避免全线停产。排查处理网络故障及机器人网络故障。 工作内容： 1、网络设备部署与配置：负责厂区网络架构维护、交换机、路由器、防火墙、AP、等设备调试配置、VLAN划分、静态路由、端口策略等工作 2、保障机器人采集业务网络的稳定性：实时监控厂区机器人数据链路状态，巡检工业网络，解决传输卡顿、丢包、延迟过高的问题 3、网络故障定位排查：快速定位网络故障问题，断网、端口宕机、IP冲突等问题，处理突发网络瘫痪、大面积掉线等应急时间 4、日常运维：每日巡检机房机柜、工业交换机、无线AP等设备，整理厂区网络拓扑图、设备台账、IP分配表、配置备份等 5、协助服务器、监控、门禁等弱电系统网络调试等 硬性要求： 需要有上百台终端厂区局域网运维经验，批量机器人断网、数据采集上传中断，需要能独立处理并立刻恢复网络。 1、本科及以上学历，汽车、自动化、计算机相关专业，3年以上工作经验； 2、熟练掌握主流品牌（华为、华三、思科、TP-LINK、锐捷）交换机、路由器、无线AP设备运维，可独立完成：设备登录配置、端口调试、VLAN配置、静态/动态路由配置、无线SSID调试、漫游组网、带宽管控；具备极强的网络故障定位、抓包排查、问题闭环能力，能快速排查内网环路、AP干扰、路由转发失败、网络延时高等疑难网络故障； 3、精通TCP/IP协议、局域网组网原理、IP子网划分、DHCP、DNS、NAT网络基础协议，看懂网络拓扑图 4、熟悉Windows/Linux服务器基础操作、业务软件部署、服务运维，会基础脚本运维、日志排查； 工作地点 郑州广东华隧建设集团新郑市大应急产业园及配套基础设施建设项目中部具身产业基地 以担保或任何理由索要财物，扣押证照，均涉嫌违法。一经发现， 立即举报,"网络管理,网络安全,网络工程师,华为认证,思科认证,华三认证,H3CIE,H3CSE,H3CNA,HCIE,HCIP,HCIA,高级网络工程师",http://www.zhaopin.com/jobdetail/CC713916430J40920884312.htm?refcode=4019&srccode=401901&preactionid=ff3c31e3-2cb1-4c20-ab94-fbd725e8e69c
无线网络规划优化工程师,深圳市才硕企业管理顾问有限公司,1-1.6万,西安·长安·郭杜,广州,本科,5-10年,7月8日,zhilian,职位描述 2G 3G 4G 5G LTE GSM WCDMA 无线 网优 网规 一、岗位需求： a、规划专项： 1、要求： 4年以上某厂网规工程经验，熟悉使用相关网规工具进行网络规划及仿真工作；担任过工程项目（新建/搬迁/专项/refarming）的总技术负责工作，具备良好的沟通协调能力和推动执行能力，有单产品复杂技术问题管理能力。 2、工作内容： 1、参数规划，邻区规划、PCI/PRACH/LAC/TAC规划； 2、有过小团队管理经验，涉及项目团队管理工作； 3、英语口语可与海外本地员工进行日常工作交流沟通； b、优化专项： 1、要求：4年以上某厂网络优化维护及工程经验；担任过工程项目（新建/搬迁/专项/refarming）或维护类项目（NPI/NPM/SQI）的总技术负责工作，具备良好的沟通协调能力和推动执行能力，有单产品复杂技术问题管理能力。 2、工作内容： 1、TD/TL角色：DT优化经验、深度信令分析及异常事件分析、常见OSS KPI分析及疑难问题分析、网优基础策略方案设计（多频组网、邻区策略、互操作策略等）、常用特性开通优化 2、有独立网规网优项目团队管理经验（专项网优项目经理）； 3、英语口语可与海外本地员工进行日常工作交流沟通； c、优化专项： 1、要求： 3年以上某厂网络优化维护及工程经验；担任过工程项目（新建/搬迁/专项/refarming）或维护类项目（NPI/NPM/SQI）的模块小组负责工作，能够指导基层员工优化思路及相关优化工具完成具体优化任务。具备良好的沟通协调能力和推动执行能力，有复杂技术问题处理能力。 2、工作内容： 1、TS角色：DT优化经验、基本信令分析及异常事件分析、常见OSS kpi分析及问题分析、常用特性开通优化； 2、有过小团队管理经验，涉及项目团队管理工作； 3、英语口语可与海外本地员工进行日常工作交流沟通； c、适配编排工程师： 1、要求： 4年以上某厂网络优化维护及工程经验；担任过工程项目（新建/搬迁/专项/refarming）或维护类项目（NPI/NPM/SQI）工作，熟悉网规网优交付工作及相应交付件输出，了解网规网优交付流程。 2、工作内容： 1、需要有网规网优经验，同时具备小工具开发能力（Python、SQL、AI）； 2、有过开发工作经验，熟悉网规网优流程及工具澄清，有工具需求分析能力； d、适配编排工程师： 1、要求： 3年以上某厂网络优化维护及工程经验；担任过工程项目（新建/搬迁/专项/refarming）或维护类项目（NPI/NPM/SQI）工作，熟悉网络规划相关工具及实现逻辑。 2、工作内容： 1、需要有网规网优经验，同时具备小工具开发能力（Python、SQL、AI）； 2、有过开发工作经验，具备一定的网规网优交付经验； 工作地点 长安区西安高新区数字经济产业园 以担保或任何理由索要财物，扣押证照，均涉嫌违法。一经发现， 立即举报,"2G,3G,4G,5G,LTE,GSM,WCDMA,无线,网优,网规",http://www.zhaopin.com/jobdetail/CC339711110J40954274515.htm?refcode=4019&srccode=401901&preactionid=ff3c31e3-2cb1-4c20-ab94-fbd725e8e69c
通信工程师,瑞核(郑州)自动化科技有限公司,7000-8000元·13薪,郑州·二七区·淮河路,广州,大专,经验不限,6月12日,zhilian,职位描述 无线通信 研发 移动通信 岗位内容： 1. 设计、测试、维护和优化通信系统的各种硬件和软件组件。 2. 熟悉无线通信、网络安全和互联网协议 3. 客户支持和问题解决。 任职要求： 1. 大专科及以上学历，通信、电子工程等相关专业背景。 2. 熟悉通信产品和系统开发流程。 3. 熟悉常用电子元器件和仪器的使用方法。 4.前期不会有老员工带。 工作地点 郑州市-二七区-嵩山南路198-19号 以担保或任何理由索要财物，扣押证照，均涉嫌违法。一经发现， 立即举报,"无线通信,研发,移动通信",http://www.zhaopin.com/jobdetail/CCL1492905920J40671227409.htm?refcode=4019&srccode=401901&preactionid=ff3c31e3-2cb1-4c20-ab94-fbd725e8e69c
网络工程师,南京基久网络科技有限公司,6000-12000元,北京·东城·崇文门外,广州,中专/中技,1-3年,7月23日,zhilian,职位描述 硬件/设备运维 宽带装维 智家工程师 低压电工证 高空作业证 通信/网络设备 通信运营商/电信增值服务 计算机硬件 一、工作职责 1.负责宽带、IPTV、语音及乐享专线等通信业务的全流程开通与调试，保障用户端网络稳定运行。 2.执行FTTH光纤布线、ONU/交换机/ODN等设备安装与光缆维护，主导千兆网络升级（PON口割接、用户端设备更换）等技术改造。 3.快速响应并解决用户网络故障与投诉，精准管理社区网络资源及资产设备，降低重复故障率。 4.深耕社区场景，策划地推活动完成宽带业务转化，拓展物业、商超等周边合作商机，推动异业资源整合。 5.维护社区物业、居委会等关键关系，建立长期信任合作网络，为业务落地提供场景支持。 二、任职要求 1.大学本科及以上学历，有运营商岗位经验的可以放宽学历要求，需持有电工证/登高证（无证可接受公司培训）。 2.具备基础网络知识（如综合布线、无线组网），有通信行业维护经验者优先。 3.能独立完成装维技术任务，同时具备主动挖掘社区商机、促成业务订单的营销意识。 4.普通话流利，擅长与居民、物业等多角色高效沟通，具备高情商服务能力。 5.抗压能力强，能快速响应并解决网络故障与客户投诉，具备问题闭环能力。 熟悉机房整治、监控安防等ICT项目，或有社区地推、电信业务推广经验者优先。 补充说明 薪酬福利：五险一金、高温补贴、劳保用品、餐补、带薪年假、节日礼包 成长支持：提供营销话术打磨、客户关系管理实战带教等成长培训 三、工作地址（根据居住地点就近推荐） 北京电信朝阳小街桥营业厅、丰台河西营业厅、朝阳双桥东路营业厅、通州潡县营业厅、通州马驹桥营业厅、顺义新城支局电信营业厅 工作地点 东城区北京新成文化大厦-B座崇文门外大街11号B座5层 以担保或任何理由索要财物，扣押证照，均涉嫌违法。一经发现， 立即举报,"硬件/设备运维,宽带装维,智家工程师,低压电工证,高空作业证",http://www.zhaopin.com/jobdetail/CC404260230J41022674804.htm?refcode=4019&srccode=401901&preactionid=ff3c31e3-2cb1-4c20-ab94-fbd725e8e69c
网络工程师,苏州冠鸿智能装备有限公司,5000-9000元·13薪,苏州·相城·黄埭,广州,本科,1-3年,7月16日,zhilian,职位描述 MES 工业自动化/机器人 电气机械/电力设备 仪器仪表 工作技能要求： 1、能够根据项目需求完成现场整个网络拓扑的搭建（包含 AGV 网络，IO 模块网络，主机设备网络，与客户 MES 等系统对接网络）； 2、能够及时分析排查现场网络异常问题，能够给现有现场的网络给出优化跟改进方案； 3、对在投项目的无线/有线方案的技术支持，布点图配置，走线及设备安装； 4、对实施中项目提供无线/有线技术支持，优化整体网络，使现场运行顺畅； 5、配合既有项目处理无线/有线网络故障，网络优化； 6、参与项目实施及项目文件归档工作； 7、协助进行一些模块的测试与调试工作。 本岗位的基本要求： 熟悉网络知识如 ip 分配子网掩码划分等基础知识； 了解常见工业 AP的配置； 具备快速学习新产品的配置等 了解常见的工业通讯协议如 Modbus tcp 等。 责任范围： 1、适应短期出差需要去项目督促检查供应商的网络部署施工情况； 2、项目网络部署施工前根据图纸或者现场考察给出网络拓扑图已经 AP 的点位部署图； 3、需要及时排查现场网络的异常情况； 4、可以对已经进场的现场网络给出优化与改进方案； 5、协助进行一些模块的测试与调试工作。 工作地点 相城区苏州冠鸿智能装备有限公司 以担保或任何理由索要财物，扣押证照，均涉嫌违法。一经发现， 立即举报,MES,http://www.zhaopin.com/jobdetail/CC822131770J40452253403.htm?refcode=4019&srccode=401901&preactionid=ff3c31e3-2cb1-4c20-ab94-fbd725e8e69c
通信技术工程师,可合(福州)科技有限公司,5000-10000元,福州·鼓楼·鼓东,广州,本科,1-3年,5月29日,zhilian,"职位描述 数据通信 光纤通信 ‌岗位名称‌：通信工程师 ‌招聘人数‌：2-3人 ‌工作地点‌：福建省福州市鼓楼区/湖南省 ‌一、基础资质要求‌ ‌学历与专业‌ 通信工程、电子信息、计算机科学等相关专业，本科学历，具备系统专业知识。 2年以上运营商/设备厂商项目经验或优秀应届毕业生均可。 ‌证书要求‌ 具备：华为HCIP、中兴TCP或CCNP等厂商认证证书者优先。 ‌语言能力‌ 英语CET-4级以上，能阅读技术文档。 二、技术能力标准‌ ‌核心技能‌ 熟练掌握以下至少3类技术者优先： 5G基站部署与优化。 光传输技术（PTN/OTN/SDH）。 数通设备配置（路由器/交换机/防火墙）。 无线网络维护（LTE/物联网）。 ‌协议与开发能力‌ 深入理解TCP/IP、路由协议及网络切片技术。 ‌工具应用‌ 熟练使用AUTOCAD/Visio绘制工程图，具备Linux系统运维能力。 ‌三、岗位适配条款‌ ‌工作特性‌ 需适应高频出差及机房轮班制。 接受单休/调休工作模式，无色弱、色盲及严重晕车史。 与客户沟通项目的需求、跟进项目的进展。 售后指导客户软硬件的应用等。 客户的培训和技术支持。 安装调试各类产品软硬件。 ‌素质评估重点‌ 故障排查能力（需提供项目案例佐证）。 抗压能力、团队协作意识及创新优化思维。 其他要求 1、口齿伶俐，有较强的理解、领悟、沟通能力；应变能力强;注重细节,具备良好的团队协作精神。 2、亲和力强，工作态度好，善于处理人际关系。 3、能吃苦耐劳、工作主动积极、好学有上进心。 工作地点 福州鼓楼区恒力创富中心 以担保或任何理由索要财物，扣押证照，均涉嫌违法。一经发现， 立即举报","数据通信,光纤通信",http://www.zhaopin.com/jobdetail/CCL1505023310J40905554315.htm?refcode=4019&srccode=401901&preactionid=ff3c31e3-2cb1-4c20-ab94-fbd725e8e69c
温州初级网络优化工程师,华信设计,3000-5000元,温州·鹿城区·五马街道,广州,大专,经验不限,7月25日,zhilian,职位描述 无线网 5G 4G 无线网络优化工程师，负责温州电信南片区日常协优工作 1.了解通信基本原理 2. 客户投诉处理与网络测试 3. 有良好的沟通能力 4. 有3个月以上的网优经验 工作地点 鹿城区温州市电信局 以担保或任何理由索要财物，扣押证照，均涉嫌违法。一经发现， 立即举报,"无线网,5G,4G",http://www.zhaopin.com/jobdetail/CC121043380J40900064603.htm?refcode=4019&srccode=401901&preactionid=ff3c31e3-2cb1-4c20-ab94-fbd725e8e69c
通信技术工程师助理,山西飞马数据科技有限公司,7000-14000元,武汉·洪山·关山,广州,本科,经验不限,10月20日,zhilian,职位描述 测试 无线通信 C++ 岗位内容： 1. 设计、测试、维护和优化通信系统的各种硬件和软件组件。 2. 熟悉无线通信、网络安全和互联网协议。 3. 使用模拟和数字仿真工具对设备进行性能评估和验证。 4. 客户支持和问题解决。 任职要求： 1. 本科及以上学历，通信、电子工程等相关专业背景。 2. 熟悉通信产品和系统开发流程。 3. 熟悉C/C++或Python等编程语言。 4. 熟练掌握常用电子元器件和仪器的使用方法。 工作地点 武汉市-洪山区-关山街道光谷商圈珞喻路887号 以担保或任何理由索要财物，扣押证照，均涉嫌违法。一经发现， 立即举报,"测试,无线通信,C++",http://www.zhaopin.com/jobdetail/CCL1390472480J40894000408.htm?refcode=4019&srccode=401901&preactionid=ff3c31e3-2cb1-4c20-ab94-fbd725e8e69c
通信设计工程师,普天信息工程设计服务有限公司,4000-7000元,葫芦岛·龙港区·滨海街道,广州,大专,1-3年,7月3日,zhilian,职位描述 有线 无线 勘察设计 移动有线无线勘察设计，有1-3年相关工作经验优先，具备CAD画图能力优先。 工作地点 葫芦岛龙港区中国移动(龙湾大街店) 以担保或任何理由索要财物，扣押证照，均涉嫌违法。一经发现， 立即举报,"有线,无线,勘察设计",http://www.zhaopin.com/jobdetail/CC120842030J40784291710.htm?refcode=4019&srccode=401901&preactionid=ff3c31e3-2cb1-4c20-ab94-fbd725e8e69c
无人机调试/测试工程师，双休,宏源豪实业(深圳)有限公司,8000-12000元·13薪,深圳·福田·沙头,广州,本科,1-3年,7月25日,zhilian,岗位职责： 1. 负责无人机的调试和测试工作，确保无人机性能满足设计要求。 2. 对无人机进行故障诊断和修复，保证无人机的正常运行。 3. 编写调试和测试报告，记录无人机的性能数据和问题。 4. 参与无人机研发过程中的评审，提供技术支持。 岗位要求： 1. 本科及以上学历，不限专业。 2. 了解无人机系统原理和运行机制。 3. 热爱无人机行业的工作。 4. 有较强的动手能力和问题分析能力。 5. 良好的沟通能力和团队协作精神。 周末双休 公司福利： 提供食宿，带薪年假，假节日福利，五险一金，餐补房补交通补贴，年底双薪，项目奖金 奖金绩效 项目奖金，餐补房补交通补贴，年底双薪 工作地点 深圳福田区金润大厦4B 以担保或任何理由索要财物，扣押证照，均涉嫌违法。一经发现， 立即举报,统招本科生,http://www.zhaopin.com/jobdetail/CC832070960J40783814106.htm?refcode=4019&srccode=401901&preactionid=ff3c31e3-2cb1-4c20-ab94-fbd725e8e69c
飞控通信工程师（接受应届生）,上海汇智优才数字科技有限公司,9000-16000元,沈阳·铁西·中朝友谊街,广州,本科,经验不限,7月4日,zhilian,职位描述 无人机设计 无人机研发 无人机测试 无人机控制算法 无人机应用系统 无人机控制系统 无人机飞控系统 船舶/航空/航天/军工 通信/网络设备 人工智能 负责无人机整机飞控系统与无线通信模块联调，包含数传、图传、遥控通信链路调试、故障排查、信号优化，保障飞行器通信稳定、远距离传输无断连； 配合硬件、结构团队完成无人机飞控通信适配开发，对接机载通信、地面站通信设备，完成通信协议对接、数据收发调试工作； 负责飞行测试过程中通信卡顿、干扰、丢星、失联等问题复盘整改，输出通信故障分析报告、优化方案； 协助完成飞控固件基础调试、通信参数标定，整理通信测试数据、归档测试文档； 跟进行业通信新标准，优化机载通信抗干扰能力，适配户外复杂电磁作业环境； 配合试飞团队完成整机试飞、联试，落地飞控+通信一体化优化工作。 工作地点 沈阳铁西区中央大街 以担保或任何理由索要财物，扣押证照，均涉嫌违法。一经发现， 立即举报,"无人机设计,无人机研发,无人机测试,无人机控制算法,无人机应用系统,无人机控制系统,无人机飞控系统",http://www.zhaopin.com/jobdetail/CCL1499401390J40867416709.htm?refcode=4019&srccode=401901&preactionid=ff3c31e3-2cb1-4c20-ab94-fbd725e8e69c
通信技术工程师,河南明和通信技术有限公司,5000-8000元·13薪,郑州·管城·商都路,广州,大专,经验不限,7月26日,zhilian,职位描述 5G 无线通信 1、负责全网华为设备5G（SA）基站参数核查，网络质量KPI分析，语音质量提升，提出优化改进方案； 2、负责各种专项规划和优化问题的处理能力和网络调整，如：小区参数调整，切换参数调整， 功率控制调整，频率规划调整等； 3、熟悉华为U2020的操作，对各级参数有较深的认识，能够对一些参数进行熟练的调整； 4、负责基本统计指标的计算方法和话务统计的分析方法，能够根据话务统计的变化情况分析出网络存在的各种问题； 5、负责路测故障的分析，对天线的各项指标及无线信号的覆盖理论有较深的理解，能够根据无线环境的情况对基站的信号覆盖作出评估并能对天线作合理化调整； 6、把控网络规划和优化团队成员的优化方案的输出质量；通过实施各种形式的技能提升，努力提高团队成员的技术能力和水平；在项目中承担或协助承担项目管理职责。 工作地点 郑州管城回族区文化产业大厦19-23F 以担保或任何理由索要财物，扣押证照，均涉嫌违法。一经发现， 立即举报,"5G,无线通信",http://www.zhaopin.com/jobdetail/CCL1296806610J40474195706.htm?refcode=4019&srccode=401901&preactionid=ff3c31e3-2cb1-4c20-ab94-fbd725e8e69c
通讯技术支持工程师-合肥,中兴通讯,面议,合肥·蜀山·高新区,广州,本科,1-3年,7月22日,zhilian,职位描述 网络维护 工程管理 施工 工作职责： 技术支持岗位包含：无线网络维护、数据中心工程经理等。 无线维护职责： 1、负责业务产品的项目工程开通、调测、升级、排障、网络优化、网络规划等后续维护工作； 2、负责产品所在区域的客户技术培训，了解用户对公司产品技术、质量问题和服务水平的意见； 3、负责产品项目验收、网络优化、开通、运行维护、设备初验、终验等相关工作； 4、做好设备问题的跟踪、反馈及疑难问题的处理、技术信息的收集、整理； 5、负责产品所在区域的外包商管理和技能提升； 6、负责配合售前做好商机挖潜、提升客户满意度； 数据中心工程经理职责： 负责数据中心建设项目的整体规划、设计、实施和交付，确保项目按时、按质、按预算完成。 领导和管理工程团队，包括人员培训、绩效评估和团队建设，确保团队高效运作。 与供应商进行沟通和协调，确保设备和服务的质量和交付时间符合要求。 监控项目成本，进行成本预测和控制，确保项目在预算范围内完成。 识别项目中的潜在风险，并制定相应的风险应对策略。 确保数据中心建设和运营符合相关的法律法规、行业标准和公司政策。 关注行业动态和技术发展，持续优化数据中心的运营效率和性能。 与内部客户或外部客户保持良好的沟通，理解客户需求，提供满意的服务。 经验要求： 具备 3 年以上数据中心建设或运营经验。 熟悉数据中心的供电、制冷、网络、安全等系统的设计和实施。 具备项目管理能力，能够领导和管理工程团队。 具备供应商管理能力，能够与供应商进行有效的沟通和协调。 具备成本控制能力，能够进行成本预测和控制。 具备风险管理能力，能够识别项目中的潜在风险，并制定相应的风险应对策略。 具备合规性意识，了解相关的法律法规、行业标准和公司政策。 具备持续优化意识，关注行业动态和技术发展。 具备良好的沟通能力，能够与内部客户或外部客户保持良好的沟通。 工作地点 合肥蜀山区中兴通讯股份有限公司 以担保或任何理由索要财物，扣押证照，均涉嫌违法。一经发现， 立即举报,"网络维护,工程管理,施工",http://www.zhaopin.com/jobdetail/CC120146700J40468310802.htm?refcode=4019&srccode=401901&preactionid=3fba385f-6742-4317-8e09-5297a2ac32ce
网络工程师(J10446),河南飞创信息科技有限公司,6000-8000元,洛阳·洛龙,广州,本科,3-5年,7月24日,zhilian,岗位职责: 1.日常巡检运维 每日检查交换机、路由器、防火墙、无线 AP 等设备运行状态，监控全网带宽、在线状态，定期备份设备配置，提前排查隐患。 2.服务器硬件运维： 硬件维护：终端日常清洁、防尘防潮，硬件老化检测，批量设备硬件状态巡检与台账更新。服务器操作系统运维：windows、linux。 3.机房与弱电相关 设备上架布线、机柜整理、线路整改、机房环境检查；配合监控、门禁、弱电、终端设备的网络接入调试。 4.网络安全管控 设置访问权限、端口防护、上网行为管理，限制违规上网；排查异常流量、病毒攻击、ARP 欺骗，落实网络安全加固。 5.网络规划与改造 根据办公及业务需求，做 IP 规划、网段划分、网络扩容、架构优化、点位新增、机房调整、老旧设备替换升级。 6.项目与对接工作 对接运营商、厂商、施工方，完成专线、宽带、异地组网、分支互联等项目实施、割接、测试与验收。内部综合布线类项目工作。 二、任职要求: 1. 本科及以上学历，计算机相关专业，有网络集成项目经验； 2. 熟悉TCP/IP协议原理，熟悉网络协议，具备二层和三层网络技术； 3.熟悉知名厂商路由.交换.安全产品，全面掌握配置方式。 4.精通防火墙.VPN.IDS/IPS等主流网络安全产品的部署及配置； 5.熟悉语音电话.IPPBX .VOIP 原理及配置；有弱电项目实施经验； 6.熟悉Windows.Linux下各类常见服务应用如Web.FTP.DNS，Mail.共享服务的搭建与故障处理； 7.了解Dell.IBM的服务器.存储的日常管理与一般操作，及VMware ESXI主流版本使用与管理。 8.具备高度的责任心和敬业精神，能够适应一定强度的工作，及适合在高压力环境下工作； 9 .良好的沟通表达能力.执行力.自学能力.责任感及分析判断能力；能够理解以及处理复杂事务； 三、福利待遇： 1、薪资待遇：综合薪资6000-8000 /月，具体薪资面议； 2、常规福利：节假日福利、生日福利、生育餐补、生育津贴、贺仪礼金等； 3、提供住宿：空调、卫浴、净水机、生活超市等一应俱全，24小时前台服务； 4、保障类：签订劳动合同，依法办理五险； 5、假期类：法定节假日带薪休假、带薪年假、病假、婚假、丧假、产假、陪产假、孕检假。 工作地点 洛龙区洛阳万茗堂电子商务有限公司1 以担保或任何理由索要财物，扣押证照，均涉嫌违法。一经发现， 立即举报,"TCP/IP协议,VLAN,Linux,HCIP",http://www.zhaopin.com/jobdetail/CCL1257180280J40905046212.htm?refcode=4019&srccode=401901&preactionid=3fba385f-6742-4317-8e09-5297a2ac32ce
远动通讯工程师,国研电力,7000-11000元,榆林·靖边县·红墩界镇,广州,大专,3-5年,7月23日,zhilian,职位描述 通信设备装维 通信项目管理 通信接口/总线 数字信号处理 1. 远动系统运维：日常巡检远动终端（RTU/远动装置）、数据采集单元，监控遥测（机组负荷、电压、电流）、遥信（开关状态、故障信号）数据准确性，及时处理数据偏差、信号中断等问题。 2. 调度通讯保障：维护电厂与电网调度的通讯链路（专线、SDH/OTN光传输、4G/5G无线），确保遥控指令（如机组启停、负荷调节）精准执行；配合调度完成数据对点、通道测试与协议调试（如IEC 61850、104规约）。 3. 故障应急处理：快速响应远动通讯故障（如调度数据中断、遥控拒动），30分钟内定位问题（装置故障/链路中断/协议异常），2小时内恢复核心调度业务；参与调度侧事故分析，提供远动数据支撑。 4. 系统管理与合规：负责远动装置的配置备份、软件升级与定值管理；维护远动系统台账、通讯拓扑图及调度协议文档；落实电网调度机构的技术要求，配合完成远动专业安全检查与合规性验收。 5. 协作与支持：配合电气二次、网安岗位，完成远动系统与DCS、SIS的接口调试；为运行人员提供远动操作技术支持；参与新机组并网远动调试或旧系统升级改造。 工作地点 榆林靖边县红墩界镇 以担保或任何理由索要财物，扣押证照，均涉嫌违法。一经发现， 立即举报,"通信设备装维,通信项目管理,通信接口/总线,数字信号处理",http://www.zhaopin.com/jobdetail/CC440001920J40854336001.htm?refcode=4019&srccode=401901&preactionid=3fba385f-6742-4317-8e09-5297a2ac32ce
IT网络工程师（咸阳）,苏州迈时光电股份有限公司,8000-10000元,咸阳·兴平市·阜寨镇,广州,本科,1-3年,7月21日,zhilian,职位描述 网络安全 网络管理 网络运维 信息安全 工作职责: 1.负责厂区打印机，电脑的日常运维工作， 2.负责服务器、监控、门禁、AP、考勤等系统网络连通性保障。 3.负责公司局域网、广域网、无线、防火墙、交换机等设备的日常运维与故障排查。 4.负责网络架构规划、配置、优化、升级，保障网络稳定、高速、安全。 5.负责网络安全策略、访问控制、日志审计、漏洞排查与风险处理。 6.跟进弱电项目施工，负责现场调试与验收 7.编写网络运维文档、应急预案，配合项目实施与验收。 8.完成领导安排的其他 IT 运维与项目工作 任职资格: 1.本科以上学历，计算机、网络相关专业，1年以上网络工程师经验。 2.熟悉华为 / H3C / 深信服等主流网络设备配置。 3.具备 VLAN、路由、VPN、AC、防火墙策略实战经验 4.能独立处理网络故障、环路、广播风暴、带宽占用等问题 5.有弱电工程、AP 覆盖、机房整改、项目验收经验优先 6.掌握 TCP/IP、DNS、DHCP、VLAN、 trunk、OSPF、静态路由等网络技术 7.工作认真负责，动手能力强，具备良好的沟通与抗压能力 工作地点 咸阳兴平市陕西正合芯科光电技术有限公司无 以担保或任何理由索要财物，扣押证照，均涉嫌违法。一经发现， 立即举报,"网络安全,网络管理,网络运维",http://www.zhaopin.com/jobdetail/CCL1520259900J40898418203.htm?refcode=4019&srccode=401901&preactionid=3fba385f-6742-4317-8e09-5297a2ac32ce
无线网优实习生,湖南省邮电规划设计院有限公司,100-200元/天,长沙·芙蓉·东岸,广州,大专,经验不限,7月4日,zhilian,职位描述 可转正 实习证明 无线网 基站调测开通，单站验证，工程优化等 工作地点 湖南省长沙市芙蓉区远大二路236号 以担保或任何理由索要财物，扣押证照，均涉嫌违法。一经发现， 立即举报,无线网,http://www.zhaopin.com/jobdetail/CC475245720J40851316313.htm?refcode=4019&srccode=401901&preactionid=3fba385f-6742-4317-8e09-5297a2ac32ce
通信技术工程师,昆明聚讯科技有限公司,4000-8000元·13薪,昆明·官渡·阿拉,广州,大专,1-3年,7月15日,zhilian,岗位职责： 1. 负责公司通信产品的研发和技术支持。 2. 参与项目需求分析，制定通信技术方案。 3. 负责通信系统的调试和优化，确保系统稳定运行。 岗位要求： 1. 大专及本科以上学历，通信工程或相关专业。 2. 熟悉无线通信原理和通信协议。 3. 具备良好的团队协作精神和沟通能力。 奖金绩效 年度奖金，年度绩效 工作地点 官渡区昆明科技创新园 以担保或任何理由索要财物，扣押证照，均涉嫌违法。一经发现， 立即举报,"无线通信,运维",http://www.zhaopin.com/jobdetail/CC320131910J40794466303.htm?refcode=4019&srccode=401901&preactionid=3fba385f-6742-4317-8e09-5297a2ac32ce
通信技术工程师,深圳市正阳网络科技有限公司,5000-9000元,柳州·城中区·静兰街道,广州,本科,经验不限,7月25日,zhilian,职位描述 无线通信 硬件设计 软件维护 网络安全 岗位内容： 1. 设计、测试、维护和优化通信系统的各种硬件和软件组件。 2. 熟悉无线通信、网络安全和互联网协议。 3. 使用模拟和数字仿真工具对设备进行性能评估和验证。 4. 客户支持和问题解决。 任职要求： 1. 本科及以上学历，通信、电子工程等相关专业背景。 2. 熟悉通信产品和系统开发流程。 3. 具有扎实的编程和算法基础，熟悉C/C++或Python等编程语言。 4. 熟练掌握常用电子元器件和仪器的使用方法。 工作地点 柳州城中区阳光100城市广场6楼 以担保或任何理由索要财物，扣押证照，均涉嫌违法。一经发现， 立即举报,"无线通信,硬件设计,软件维护,网络安全",http://www.zhaopin.com/jobdetail/CCL1424879980J40930438915.htm?refcode=4019&srccode=401901&preactionid=3fba385f-6742-4317-8e09-5297a2ac32ce
通信软件工程师,上海华为,2-4万,上海·青浦·金泽,广州,本科,经验不限,7月23日,zhilian,岗位职责： 1. 参与5.5G与6G通信技术的预研与创新开发工作，推动新型通信技术的理论与应用落地。 2. 完成从客户需求到软件产品定义、架构设计、开发实现，再到上线运营维护等产品生命周期中的各个环节。 3. 负责通信领域关键技术的创新、开发落地及交付，在高速传输、超低时延、超大连接等方面进行技术研发，对毫米波、大规模天线阵列、通感一体化等关键技术进行试验验证与性能优化。 4. 有机会参与业界前沿技术研究和规划，参与开源社区运作，开展与全球通信标准组织（如3GPP）及行业相关技术交流，推动5.5G与6G标准化进程。 岗位要求 1. 了解/掌握/熟悉JAVA/C++/C/Python/Rust/JS/HTML/GO等编程语言中的一种或数种，有良好的编程习惯。 2. 对数据结构、算法等计算机基础知识有一定了解。 3. 具备独立工作能力和解决问题的能力、善于沟通，乐于合作，热衷新技术，善于总结分享，喜欢动手实践。 岗位福利 涉及华为无线基础通信业务，业界TOP1软件交付业务开发，员工入职后技术骨干一对一辅导，全额六险一金，工资20k-40k，14-16薪，试用期薪资不打折，双倍加班费，工作氛围轻松愉快，工作环境现代舒适，弹性打卡，不强制加班，提供团建聚餐，零食下午茶，晚间宵夜 工作地点 上海青浦区青浦华为练秋湖研发中心 以担保或任何理由索要财物，扣押证照，均涉嫌违法。一经发现， 立即举报,"C语言,C++,无线通信,AI,AI AGENT",http://www.zhaopin.com/jobdetail/CC000463020J40957540415.htm?refcode=4019&srccode=401901&preactionid=3fba385f-6742-4317-8e09-5297a2ac32ce
网络运维工程师,河南源之点信息技术有限公司,3000-5000元,郑州·中原·沟赵,广州,大专,经验不限,8月22日,zhilian,岗位职责： 1.数据中心及骨干网项目实施，割接、故障处理和维护 2.了解TCP/IP协议.OSI模型，熟悉常见网络技术BGP.OSPF.ECMP.BFD.ACL.PBR.EVPN.VxLAN.Flow的基本原理 3.熟悉华为.华三、锐捷常见路由交换、无线设备的硬件安装及基础配置 二、任职要求： 1、大专以上学历，计算机相关专业 2、对计算机行业感兴趣，热爱互联网工作，想有长远发展、稳定、有晋升空间的工作； 3.学习能力强，工作热情高，富有责任感，工作认真、细致、敬业，责任心强； 三、福利待遇： 1、底薪+各种补助+年终奖； 2、法定节假日正常休假，带薪年假； 3、完善的绩效考核系统，给员工提供广阔的晋升空间； 4、各种节假日福利礼品，生日礼品； 5、不定期部门聚餐，公司聚餐聚会，丰富的工作文化生活； 6、良好的办公环境 职位福利：绩效奖金、员工旅游、节日福利、带薪年假、全勤奖 职位亮点：年底双薪/带薪休假/节假日福利/员工旅游 工作地点 郑州中原区总部企业基地-二期64号楼8楼 以担保或任何理由索要财物，扣押证照，均涉嫌违法。一经发现， 立即举报,"局域网运维,无线网络运维,机房网络运维,TCP/IP协议,OSPF,DHCP协议",http://www.zhaopin.com/jobdetail/CC483456980J40735737016.htm?refcode=4019&srccode=401901&preactionid=3fba385f-6742-4317-8e09-5297a2ac32ce
通信、机械、电子信息、电气、计算机、自动化专利工程师,北京中博世达专利商标代理有限公司,5000-8000元·13薪,鹤壁·淇滨区·九州路街道,广州,本科,经验不限,7月25日,zhilian,职位描述 专利代理 电气/自动化/通信/计算机/物理 机械类 电学类 软件类 国内专利代理 涉外专利代理 物联网 计算机软件 通信/网络设备 职位要求： 1、统招本科及以上学历，经验不限。 2、计算机科学与技术、通信工程、信息工程、电磁场与无线技术、光电信息科学与工程、自动化、软件工程、物联网工程、信息安全、电子信息科学与技术、电子信息工程、电子科学与技术、物理、应用物理、电子、微电子科学与工程、集成电路设计与集成系统、电气工程及其自动化等理工科专业。（涉外也可考虑生化相关专业、了解生物序列表） 3、能够从事法律及文案工作，性格耐心细致，有良好的沟通协调能力。 4、具备较强的责任感和学习能力。 5、长期稳定在鹤壁发展。 职位描述： 1、第一年在指导老师的带领和指导下，学习并掌握专利代理理论和实务知识。 2、一年后经考评合格者可独立从事专利代理工作，代理北京总公司分配的客户专利案件，为中国知名企业进行专利代理工作（撰写申请文件、答复审查意见等）。 工作地点：河南省鹤壁市淇滨区兴鹤大街与淇滨大道交汇处汇金大厦 工作时间：工作日早上8点—11点45分，下午14点—18点；周末双休、法定节假日均正常休息 简历投递邮箱：shenhao@zhongbo-ip.com； 公司网址：http://cn.zhongbo-ip.com/ 职位福利：五险一金、全勤奖、交通补助、餐补、带薪年假、补充医疗保险、定期体检、节日福利 职位亮点：五险一金 周末双休 节假日放假 奖金绩效 超额绩效奖金、案件奖励，年终奖TUP计划 工作地点 鹤壁淇滨区兴鹤大街与淇滨大道交汇处汇金大厦 以担保或任何理由索要财物，扣押证照，均涉嫌违法。一经发现， 立即举报,"专利代理,电气/自动化/通信/计算机/物理,机械类,电学类,软件类,国内专利代理,涉外专利代理",http://www.zhaopin.com/jobdetail/CC139801890J40339403709.htm?refcode=4019&srccode=401901&preactionid=3fba385f-6742-4317-8e09-5297a2ac32ce
无线/射频通信工程师,呼和浩特市五环信元科技有限公司,3000-5000元,呼和浩特·赛罕·乌兰察布东路,广州,大专,经验不限,7月16日,zhilian,职位描述 5G 通信项目管理 无线通信 基站查勘设计 数据通信 无线勘察设计 工作内容：1、参与无线通信项目前期规划。 2、负责无线通信系统的详细设计提升系统性能。 要求：大专及以上学历，能独立勘察、CAD制图、预算，能适应出差，接受应届生。 福利：五险一金、提供住宿、半年涨薪、带薪休假、节日福利、生日福利、特殊地区补贴。 工作地点 赛罕区呼和浩特市五环信元科技有限公司 以担保或任何理由索要财物，扣押证照，均涉嫌违法。一经发现， 立即举报,"5G,通信项目管理,无线通信,基站查勘设计,数据通信,无线勘察设计",http://www.zhaopin.com/jobdetail/CC335060530J41022034504.htm?refcode=4019&srccode=401901&preactionid=3fba385f-6742-4317-8e09-5297a2ac32ce
无线网络维护（青山区）,武汉兴智联科技服务有限责任公司,4000-6000元·13薪,武汉·武昌,广州,大专,1-3年,7月20日,zhilian,岗位职责： 1、确保无线网络设备高效运行，包括无线基站日常巡检、抢修、工程配合、基础资料整理等工作。 2、确保专项应急工作，包括社会大型活动的应急保障、政企等重要单位的应急保障、自然灾害等突发事件的应急保障。 3、确保用户感知持续提升，包括IT系统的接单和回单、现场处理用户投诉等。 4、配合无线网络优化工作，包括日常优化、专项优化、系统性优化工作等。 5、领导交办的其它事项。 工作地点：武汉市青山区域 上班时间：8:30-17:30 休息时间 ：轮休 奖金绩效 社保五险、年终奖金、绩效奖金、带薪年假、节日福利、生日福利 工作地点 武汉武昌区中国电信(徐东营业厅)-西北门-徐东大街36-38号 以担保或任何理由索要财物，扣押证照，均涉嫌违法。一经发现， 立即举报,"塔工,无线网络维护,基站,无线通信,移动通信,4G,5G,雷达信号处理",http://www.zhaopin.com/jobdetail/CC289606080J40790063206.htm?refcode=4019&srccode=401901&preactionid=3fba385f-6742-4317-8e09-5297a2ac32ce
网络高级工程师,跨越速运,8000-10000元,东莞·大岭山镇,广州,大专,5-10年,11月10日,zhilian,职位描述 网络管理 服务器运维 信息安全 薪酬福利：8000-10000 任职要求： 1、统招大专以上学历，网络通信、计算机等相关专业，5年以上IT运维、网络工程师、IT技术支持相关工作HCIP（华为的数通证书）或以上认证优先考虑； 2、熟悉华为、H3C（新华三）、锐捷（这三个都要之前必须熟悉的品牌）等品牌防火墙、路由、交换设备的配置和排错，包括但不限于基本接口配置、静态VLAN、TRUNK、IPSECVPN（公网私密链接，一种网络连接方式）、NAT、ACL、BGP、OSPF（光模块路由器上的东西）、策略路由、QOS等配置（这些英文都是网络路由相关的）； 3、熟悉深信服、H3C（新华三）、华为（都是品牌，要熟悉）网络安全产品，如防火墙、IDS（服务器防御系统）、IPS（服务器检测系统）、防病毒系统； 4、熟悉Windows server/Linux操作系统，搭建DNS、DHCP、FTP（服务器相关的技术懂得就好）服务器的搭建和维护； 5、熟悉开源网络监监控服务软件Zabbix的基本原理和部署方式（要懂）； 6、熟悉无线网络布局规划、配置及调优，熟悉无线AP性能参数、信道功率优化（更新优化方案）等； 比如说，我们现在有个场地120平左右，用的锐捷的路由器，大概有个100人使用，你要怎么设置这个参数； 7、熟悉各种组网(专线组网、IPSEC VPN、GRE、OPENVPN、MPLSVPN（这些VPN都是IP配置的方式，看到简历里有就可以）等)的产品原理和配置方式;（5 6 7点非常重要，要熟悉组建一个新路由器网络的经验，比如用到什么产品，设置什么参数）。 工作事项: 1.负责各个销售部和分拨站网络系统，解决各类网络突发事件，处理网络的升级和备份 2.负责电脑软、硬件设备维护，PC、打印机、IP电话、AD域、服务400人以上的团队桌面运维 3.负责维护公司网络设备的配置和IT资产管理，包括防火墙、交换机和路由器等保障公司业务正常稳定运行 4.负责对分公司网络运维支持，防火墙配置IPSECvpn接入总部，场地设备巡检，协助解决分公司的网络问题 5.负责公司网络通信设配的调试与故障排除，网络安全设配的策略制定、安全产品的日志分析 6.制定弱电验收标准，场地规划，施工前和施工跟进，事后整改，严格遵守公司要求实施，场地验收 7.腾讯线上视频会议设备搭建，MAXHUB本地设备网络调试以及设备的巡检 8.负责公司网络机房巡检，查看日志分析，防火墙宽带使用率，日常巡检，并流存记录 9.负责公司各类新场地网络规划与搭建，设备选型，网络优化，无线覆盖 10.负责网站平台的更新升级和对用户使用的问题进行解决，服务器日常维护，负责搭建及维护监控平台 11.负责各地分公司IT运维支持，具备远程解决问题的能力 12.分拨站暴力分拣服务器设备维护和正常运行 13.安装监控、安防监控、门禁、网络、通信、交换机、显示屏、道闸等等 工作地点 广东合正智能装备有限公司广东省东莞市大岭山镇石大路大岭山段900号 以担保或任何理由索要财物，扣押证照，均涉嫌违法。一经发现， 立即举报,"网络管理,服务器运维",http://www.zhaopin.com/jobdetail/CC574811320J40772263511.htm?refcode=4019&srccode=401901&preactionid=3fba385f-6742-4317-8e09-5297a2ac32ce
网优工程师实习生,华夏航空控股(深圳)有限公司,1.1-1.2万,深圳·南山·招商,广州,本科,1年以下,7月18日,zhilian,职位描述 无线网 2G 4G 5G 网络优化数据采集分析 网络故障排查 网络性能指标监控 工作职责 1. 协助完成移动通信网络（2G/4G/5G）的日常优化数据采集与分析工作。 2. 参与网络覆盖测试、参数调整及故障排查，输出基础优化报告。 3. 配合团队完成网络性能指标监控，协助提升网络运行质量。 任职要求 1. 通信工程、电子信息、计算机等相关专业在读本科/研究生。 2. 掌握移动通信原理、无线通信技术基础，了解网络优化基本流程。 3. 具备良好的数据分析能力，能熟练使用Excel、PPT等办公软件。 4. 工作态度认真，具备较强的学习能力与团队协作精神。 工作地点 深圳南山区五湾社区89号太子湾商务大厦4栋1103 以担保或任何理由索要财物，扣押证照，均涉嫌违法。一经发现， 立即举报,"无线网,2G,4G,5G,网络优化数据采集分析,网络故障排查,网络性能指标监控",http://www.zhaopin.com/jobdetail/CCL1526345330J40874607709.htm?refcode=4019&srccode=401901&preactionid=3fba385f-6742-4317-8e09-5297a2ac32ce
双休+无线网络优化工程师,河南明和通信技术有限公司,6000-12000元,郑州·金水·祭城路,广州,大专,经验不限,6月2日,zhilian,"职位描述 5G 无线通信 室分设计 4G 传输线路设计 光缆通信 天线设计 C语言 宽带装维 网络维护 薪资待遇： 录用人员转正定级后参考年薪： 1、硕士研究生学历员工9W-12W，五险一金; 2、本科学历员工及普通职位研究生学历员工8W-10W，五险一金; 3、普通职位本科学历员工7W-10W，五险一金; 4、普通职位专科学历员工5W-8W,五险一金 工作职责： 1. 参与5G等前沿新技术、新功能的测试和落地；开展网络无线质量及性能的监测、评估和分析工作； 2. 预测网络发展趋势，参与制订网络规划，提出容量和覆盖规划建议；开展无线网络频率规划工作； 3. 收集无线网络运行数据，分析评估无线网络性能质量，制订网络调整方案； 4. 开展重大活动专项保障工作，处理无线网络质量和覆盖投诉。 专业要求： 计算机、计算机网络技术、计算机科学与技术、计算机应用、软件工程、信息工程、网络工程、电子信息工程、电子科学与技术、通信工程、光通信、微电子、云计算、云计算技术与应用、云计算与数据科学、物联网工程、人工智能、数据科学与大数据技术、大数据采集与管理、数学与应用数学、信息与计算科学、数理基础科学、统计学、概率论与数理统计、大数据处理与高性能计算等IT/DT/CT类专业技术背景。 工作地点 郑州金水区中国移动(商务内环营业厅) 以担保或任何理由索要财物，扣押证照，均涉嫌违法。一经发现， 立即举报","5G,无线通信,室分设计,4G,传输线路设计,光缆通信,天线设计,C语言,宽带装维,网络维护",http://www.zhaopin.com/jobdetail/CCL1296806610J40465814206.htm?refcode=4019&srccode=401901&preactionid=3fba385f-6742-4317-8e09-5297a2ac32ce
5g网优工程师,深圳市讯方技术股份有限公司,4000-7000元,沈阳·浑南·五三,广州,本科,1-3年,7月14日,zhilian,职位描述 5G 4G LTE 华为 我们正在寻找一位专业的网优工程师，负责提升和维护运营商网络性能。 工作内容： 包括网络测试、数据分析、优化策略制定和实施等。 岗位要求： 1. 通信、电子、计算机等相关专业，本科及以上学历； 2. 1年以上网优工程师工作经验； 3. 熟练掌握网络测试和分析工具； 4. 良好的沟通能力和问题解决能力； 5. 对网络优化技术有深入理解，能独立完成工作； 6. 具备较强的责任心和团队精神。 优秀应届生也可以考虑 工作地点 沈阳浑南区华为辽宁代表处 以担保或任何理由索要财物，扣押证照，均涉嫌违法。一经发现， 立即举报,"5G,4G,LTE,华为",http://www.zhaopin.com/jobdetail/CC132230560J40784687706.htm?refcode=4019&srccode=401901&preactionid=631bb57c-3d27-4e40-94c0-a44be232816c
硬件工程师（物联网控制方向）,安徽棁姿安防科技有限公司,6000-8000元,合肥·长丰·双墩,广州,本科,经验不限,7月26日,zhilian,岗位职责】 1. 负责消防物联网终端（如用户信息传输装置、余压监控、电气火灾探测器等）的应用开发。 2. 完成4G/NB-IoT/LoRa等无线通信模块及RS-485/CAN等有线接口的硬件电路应用开发。 3. 负责烟雾、温度、压力等传感器的模拟信号采集电路（运放/ADC）应用开发。 4. 负责电源管理及低功耗应用开发，解决EMC/EMI问题，确保产品通过CCC认证。 5. 输出BOM、Gerber等生产资料，支持试产及量产。 【任职要求】 1. 本科及以上，电子、自动化、通信、物联网等相关专业，3年以上硬件开发经验（有消防/工控背景者可放宽至2年）。 2. 精通模/数电路设计，熟练使用Altium Designer/Cadence/PADS等EDA工具。 3. 熟练使用示波器等调测设备，具备独立焊接与调试能力。 4. 熟悉4G/NB-IoT/Wi-Fi/RS-485/CAN等通信接口设计。 5.可接受动手能力强，有学习发展规划的应届毕业生。 工作地点 合肥市-长丰县-凤亭路与双墩路交口中南高科智能制造产业园31A-101号 以担保或任何理由索要财物，扣押证照，均涉嫌违法。一经发现， 立即举报,"技术支持,硬件测试",http://www.zhaopin.com/jobdetail/CCL1205300690J41007547904.htm?refcode=4019&srccode=401901&preactionid=631bb57c-3d27-4e40-94c0-a44be232816c
网络运维工程师,陕西昊维智联网络科技有限公司,4000-7000元,西安·莲湖·桃园路,广州,大专,3-5年,5月12日,zhilian,岗位职责 1. 负责公司局域网、广域网、无线网络的日常运维、故障排查与优化，保障网络稳定、高速运行，及时处理网络中断、卡顿、连接异常等问题。 2. 负责网络设备（交换机、路由器、防火墙、行为管理器、AP等）的安装、调试、配置、日常巡检与维护，定期更新设备配置与固件。 3. 负责公司IP地址规划、网络权限分配、网络安全策略部署与维护，防范网络攻击、病毒入侵，保障公司网络数据安全。 4. 负责机房网络环境、服务器网络连接的管理，配合完成机房设备上架、布线、网络调试工作。 5. 监控网络运行状态，分析网络运行数据，及时发现潜在风险并制定优化方案，提升网络运维效率。 6. 协助完成网络相关项目实施，对接网络运营商，处理网络专线、宽带等业务对接与故障报修。 7. 整理网络运维文档，记录设备信息、故障处理流程、网络拓扑结构，完善运维台账。 任职要求 1. 大专及以上学历，计算机、网络工程、通信工程等相关专业，3年及以上网络运维相关工作经验。 2. 熟悉TCP/IP协议、VLAN、OSPF、DHCP、DNS等网络技术，能独立完成网络设备配置与故障排查。 3. 熟练操作华为、华三、思科等主流品牌网络设备，掌握防火墙、无线网络运维基础技能。 4. 具备良好的网络安全意识，能处理常见网络安全问题，熟悉网络监控工具使用。 5. 具备较强的问题分析与解决能力，做事细心负责，有良好的沟通能力与团队协作意识。 6. 持有网络工程师相关证书（如HCIA、HCIP、CCNA等）者优先。 工作地点 西安莲湖区大土门开远社区-4号楼1单元905 以担保或任何理由索要财物，扣押证照，均涉嫌违法。一经发现， 立即举报,系统运维,http://www.zhaopin.com/jobdetail/CCL1508598770J40773732206.htm?refcode=4019&srccode=401901&preactionid=631bb57c-3d27-4e40-94c0-a44be232816c
通信网络工程师,重庆恩丰商务信息咨询有限公司,6000-12000元,重庆·沙坪坝·天星桥,广州,学历不限,经验不限,4月9日,zhilian,职位描述 数据通信 岗位内容： 1. 设计、测试、维护和优化通信系统的各种硬件和软件组件。 2. 熟悉无线通信、网络安全和互联网协议。 3. 使用模拟和数字仿真工具对设备进行性能评估和验证。 4. 客户支持和问题解决。 任职要求： 1. 本科及以上学历，通信、电子工程等相关专业背景。 2. 熟悉通信产品和系统开发流程。 3. 具有扎实的编程和算法基础，熟悉C/C++或Python等编程语言。 4. 熟练掌握常用电子元器件和仪器的使用方法。 工作地点 沙坪坝区龙湖重庆金沙天街-5号楼1122 以担保或任何理由索要财物，扣押证照，均涉嫌违法。一经发现， 立即举报,数据通信,http://www.zhaopin.com/jobdetail/CCL1315823270J40932950015.htm?refcode=4019&srccode=401901&preactionid=631bb57c-3d27-4e40-94c0-a44be232816c
无人机调试/测试工程师，双休,宏源豪实业(深圳)有限公司,8000-12000元·13薪,广州·越秀·洪桥,广州,本科,1-3年,7月26日,zhilian,岗位职责： 1. 负责无人机的调试和测试工作，确保无人机性能满足设计要求。 2. 对无人机进行故障诊断和修复，保证无人机的正常运行。 3. 编写调试和测试报告，记录无人机的性能数据和问题。 4. 参与无人机研发过程中的评审，提供技术支持。 岗位要求： 1. 本科及以上学历 2. 了解无人机系统原理和运行机制。 3. 热爱无人机行业的工作。 4. 有较强的动手能力和问题分析能力。 5. 良好的沟通能力和团队协作精神。 周末双休 公司福利： 提供食宿，带薪年假，假节日福利，五险一金，餐补房补交通补贴，年底双薪，项目奖金 奖金绩效 项目奖金，餐补房补交通补贴，年底双薪 工作地点 广州越秀区金安大厦14楼E室 以担保或任何理由索要财物，扣押证照，均涉嫌违法。一经发现， 立即举报,统招本科生,http://www.zhaopin.com/jobdetail/CC832070960J40783814906.htm?refcode=4019&srccode=401901&preactionid=631bb57c-3d27-4e40-94c0-a44be232816c
网络工程师,湖北志铭信息技术有限公司,5000-8000元,武汉·洪山·珞南,广州,学历不限,1-3年,7月14日,zhilian,职位描述 网络安全 网络管理 网络运维 华三认证 华为认证 CISP认证证书 通信/网络设备 信息安全 软件/IT服务 对接渠道客户、销售需求，根据客户网络场景、带宽、点位、安全等需求，完成 H3C 全系列产品选型、清单配置、报价核单，输出标准配置清单、产品方案、拓扑图，规避配置错漏、兼容性问题，保障商务下单准确无误。 协助销售做技术答疑、产品参数解读、方案讲解，配合招投标项目整理技术参数、产品应答、技术偏离表，支撑渠道投标工作。 整理 H3C 产品配置规范、常用场景标准化方案，沉淀配置模板，提升配单效率，定期梳理产品新品、换代、限价、库存相关技术信息。 在公司测试机房完成设备初始化配置、基础功能调试、堆叠、链路聚合、VLAN、连通性、光口兼容性等出厂上电测试，排查硬件故障、版本 BUG，出具设备测试记录表，不合格设备及时走返修流程。 完成设备预配置、版本升级、配置备份、标签整理，打包发货前技术复核，确保发到客户现场设备可直接上线部署。 搭建 POC 测试环境，根据客户需求做功能验证、性能测试、方案演示，支撑重大项目售前测试。 负责湖北省内政企、渠道客户项目现场网络设备安装、上架、布线督导、系统配置、网络调试，包含园区网、局域网、无线网络、广域网、安全策略部署等工作。 现场故障排查、网络优化、割接上线，完成带宽、丢包、延迟、冗余等全项业务测试，保障网络稳定运行，配合客户完成项目竣工验收。 输出实施文档：网络拓扑、设备配置文件、巡检报告、验收文档，对客户运维人员做基础操作培训。 负责已交付项目远程售后技术支持，及时处理客户网络故障、配置优化、版本升级等问题。 对接 H3C 原厂技术支持，处理设备返修、跟进。 维护公司测试机房环境、工具、备品备件管理，定期盘点整理。 完成领导安排的其他售前、售后技术相关工作 工作地点 湖北省武汉市洪山区珞南街道珞喻路95号 以担保或任何理由索要财物，扣押证照，均涉嫌违法。一经发现， 立即举报,"网络安全,网络管理,网络运维,华三认证,华为认证,CISP认证证书",http://www.zhaopin.com/jobdetail/CCL1499484240J40917262112.htm?refcode=4019&srccode=401901&preactionid=631bb57c-3d27-4e40-94c0-a44be232816c
通信技术工程师,中兵智能创新研究院(深圳)有限公司,1.4-2.8万·15薪,深圳·光明·凤凰,广州,本科,经验不限,2月2日,zhilian,职位描述 无线通信 移动通信 【工作职责】 1.负责无人系统内外部的高可靠通信网络设计，涵盖CAN/CANFD、EtherCAT、车载以太网及分布式存储总线，确保各关节执行器与传感器数据的高频、同步传输。 2.开发与优化跨协议转换网关（如CAN转以太网、串行转DDS），解决不同波特率及协议栈下的数据时钟对齐与拥塞控制问题。 3.设计“端-管-云”整体通信方案，包括无线私网、4G/5GuRLLC、卫星链路及多机Mesh组网，优化远距离高动态环境下的通信鲁棒性。 4.针对机载嵌入式环境，对DDS（数据分发服务）进行底层调优，优化零拷贝（Zero-copy）传输及多播抑制，降低端到端通信延迟。 5.配合搭建云控平台、座舱式/操控端远程控制系统内外部通信链路与数据流管理系统。 【任职要求】 1.通信工程、电子信息、自动控制相关专业本科及以上学历，系统修读过《计算机网络》、《无线通信原理》、《嵌入式系统》，理论基础扎实。 2.深入理解DDS/MQTT/Protobuf/CAN协议，具备在弱网环境下优化ROS2通讯质量的经验。 3.熟悉5G-uRLLC、自组网（MANET）或图传协议，具备底层驱动修改或网络协议栈优化能力。 4.熟练使用NS-3等仿真软件，CAN盒、网络分析仪、频谱仪等工具，精通C/C++，具备高效的数据包封包与解析算法编写能力。 5.具备较强的通信可靠性意识，能够预判各种复杂工况下的链路风险，具备跨部门（算法与底层硬件）的协同解决能力。 补充说明：优秀且经验丰富者，可适当放宽任职条件；本岗位可招聘应届毕业生，同时开放实习生岗位，实习生薪资标准为200-380元/天。 工作地点 广东省深圳市光明区光明大道尚智科技园 以担保或任何理由索要财物，扣押证照，均涉嫌违法。一经发现， 立即举报,"无线通信,移动通信",http://www.zhaopin.com/jobdetail/CCL1493360300J40790748016.htm?refcode=4019&srccode=401901&preactionid=631bb57c-3d27-4e40-94c0-a44be232816c
中级网优工程师,上海迦泓水务科技有限公司,1.2-1.4万,上海·奉贤·青村,广州,大专,1-3年,,zhilian,职位描述 无线网 5G LTE 网络故障排查 KPI数据分析 优化方案输出 工作职责 1. 负责LTE/5G无线网络的日常优化工作，包括覆盖、容量、干扰等问题的分析与解决。 2. 运用网络优化工具（如鼎立、华星等）采集与分析KPI数据，输出针对性优化方案。 3. 参与网络故障排查与应急保障，确保网络运行指标达标。 4. 撰写优化报告与技术文档，沉淀优化经验并同步至团队。 任职要求 1. 大专及以上学历，通信工程、电子信息等相关专业。 2. 2年以上无线网络优化经验，熟悉LTE/5G网络原理与协议。 3. 精通至少一种主流网优测试工具，具备独立分析路测数据的能力。 4. 具备良好的问题分析能力与沟通能力，能适应短期出差。 展开该职位详情 最新招聘 热门城市 热门职位 热门公司 深圳市朗淳电子科技有限公司 新昌县丰泰茧丝绸有限公司 罗庄区七行记防护用品商行 北京市仁和德强商店 渝中区智敏服装经营部（个体工商户） 郑州奕和美线缆有限公司第一分公司 福建省诏安县亨利实业有限公司南诏购物广场 廊坊米旺商贸有限公司 三亚海棠荫荣百货店 南京棱镜盾科技有限公司 上海招聘网 > 上海网优工程师招聘 > 上海迦泓水务科技有限公司网优工程师招聘 职位发布者 钟晓辉 刚刚活跃 人事经理 立即沟通 公司基本信息 上海迦泓水务科技有限公司 已审核 未融资 20人以下 软件/IT服务 关于我们 公司介绍 联系我们 诚聘英才 产品与服务 人才招聘 企业招聘 使用与帮助 账号注销 意见反馈 发票制度 防骗指南 法律协议 资质公示 智联招聘 更懂你的价值 智联app小程序官方微信企业版APP 未经 Zhaopin.com 同意，不得转载本网站之所有招聘信息及作品 智联招聘网版权所有 京ICP备12025925号 京ICP证010207号 京公网安备 11010502059392号 人力资源许可证:1101051996081号 网上有害信息举报专区 违法不良信息举报电话:400-885-9898 关爱未成年举报热线:400-885-9898-3 朝阳区人力资源与社会保障局监督电话 网络110报警服务电子营业执照 暂无内容,"无线网,5G,LTE,网络故障排查,KPI数据分析,优化方案输出",http://www.zhaopin.com/jobdetail/CCL1503808680J40832149716.htm?refcode=4019&srccode=401901&preactionid=631bb57c-3d27-4e40-94c0-a44be232816c
广东铁塔无线配套设计,新三科技有限公司,4000-8000元,广州·海珠·琶洲,广州,学历不限,1-3年,7月18日,zhilian,职位描述 无线设计 通信工程 通信工程设计 移动通信技术 无线通信 勘察设计 基站查勘设计 铁塔配套 外电设计 土建设计 系统流转 职位描述 ： 配套无线设计、系统专员、实习生 工作要求： 1、 招聘从事过铁塔相关通信无线设计工作的员工。 2、从事过维护相关设计类的工作优先； 3、具有通信工程设计经验，熟悉CAD或VISIO绘图，或者有意向在区域发展的有志应届毕业生。 一、设计人员 熟悉通信工程的无线勘查、绘制图纸、具备通信无线工程设计1年以上工作经验者，具备独立勘察设计与日常工作。 二、系统立项人员 熟悉铁塔系统立项、销项、相关PMS系统管控造价以及系统操作流程。 三、实习生 希望从事通信行业，所学专业为通信相关，有意向在区域发展的有志应届毕业生。 工作地： 广东韶关地市 薪酬待遇： 待遇根据能力定岗+五险一金+绩效奖金、包住、交通补助、带薪年假、弹性工作、通讯补助、补充医疗保险，工作产生相关费用实报实销。 其他：公司实行人性化管理，原则上逢假必放，由于是服务性单位，所以实际工作时间以完成客户要求为准，有带薪年假。 工作地点 广州海珠区中国铁塔股份有限公司广东省分公司 以担保或任何理由索要财物，扣押证照，均涉嫌违法。一经发现， 立即举报,"无线设计,通信工程,通信工程设计,移动通信技术,无线通信,勘察设计,基站查勘设计,铁塔配套,外电设计,土建设计,系统流转",http://www.zhaopin.com/jobdetail/CC372607880J40776425215.htm?refcode=4019&srccode=401901&preactionid=631bb57c-3d27-4e40-94c0-a44be232816c
无线通信工程师,厦门纵横集团股份有限公司,7000-9000元,安顺·西秀区·东关街道,广州,学历不限,1-3年,7月24日,zhilian,职位描述 5G 要求：做过移动项目单项负责人（懂预算基本知识），对移动PMS系统熟悉，能和客户基本的沟通，能撰写简单汇报材料！ 工作地点 安顺市-西秀区-黄果树大街52号 以担保或任何理由索要财物，扣押证照，均涉嫌违法。一经发现， 立即举报,5G,http://www.zhaopin.com/jobdetail/CC139507410J40802234803.htm?refcode=4019&srccode=401901&preactionid=631bb57c-3d27-4e40-94c0-a44be232816c
通信网络工程师助理,广州禧幻科技有限公司,5000-7000元,广州·天河·新塘,广州,大专,经验不限,3月6日,zhilian,职位描述 移动通信 无线通信 岗位内容： 1. 设计、测试、维护和优化通信系统的各种硬件和软件组件。 2. 熟悉无线通信、网络安全和互联网协议。 3. 使用模拟和数字仿真工具对设备进行性能评估和验证。 4. 客户支持和问题解决。 任职要求： 1.专科及以上学历，通信、电子工程等相关专业背景。 2. 熟悉通信产品和系统开发流程。 3. 具有扎实的编程和算法基础，熟悉C/C++或Python等编程语言。 4. 熟练掌握常用电子元器件和仪器的使用方法。 工作地点 广州天河区天河智慧城 以担保或任何理由索要财物，扣押证照，均涉嫌违法。一经发现， 立即举报,"移动通信,无线通信",http://www.zhaopin.com/jobdetail/CCL1513418510J40837046910.htm?refcode=4019&srccode=401901&preactionid=631bb57c-3d27-4e40-94c0-a44be232816c
通信工程师/早九晚六,瑞腾达(甘肃)科技有限公司,7000-9000元,兰州·城关区·东岗街道,广州,大专,经验不限,7月25日,zhilian,职位描述 数据通信 岗位内容： 1. 设计、测试、维护和优化通信系统的各种硬件和软件组件。 2. 熟悉无线通信、网络安全和互联网协议。 3. 使用模拟和数字仿真工具对设备进行性能评估和验证。 4. 客户支持和问题解决。 任职要求： 1. 专科及以上学历，通信、电子工程等相关专业背景。 2. 熟悉通信产品和系统开发流程。 3. 具有扎实的编程和算法基础，熟悉C/C++或Python等编程语言。 4. 熟练掌握常用电子元器件和仪器的使用方法。 工作地点 城关区兰州科技创新园五层 以担保或任何理由索要财物，扣押证照，均涉嫌违法。一经发现， 立即举报,数据通信,http://www.zhaopin.com/jobdetail/CCL1506901750J40827536105.htm?refcode=4019&srccode=401901&preactionid=631bb57c-3d27-4e40-94c0-a44be232816c
无线宏站设计工程师,宇脉科技,5000-7000元,张掖·甘州区·东街街道,广州,大专,经验不限,7月25日,zhilian,岗位职责： 1.完成无线网络工程设计，设计方案的编制及方案概预算的编制； 2.负责参与运营商网络技术支持和技术交流； 3.负责与甲方、工程施工人员等沟通协调、问题解决； 岗位要求： 大专或以上学历，通信、信息、计算机、电子等相关专业。 熟悉无线通信勘察设计绘图，具有设计院、运营商、厂商等相关工作经验者优先考虑。 熟练运用CAD、office、Google Earth、概预算等软件。 掌握无线通信基础理论知识和专业技术知识。 具有较强的学习能力和沟通表达能力，良好的敬业精神、团队协作和客户服务意识，责任心强。 身体素质良好，能适应出差或加班工作。 工作地点 甘州区中国移动张掖分公司 以担保或任何理由索要财物，扣押证照，均涉嫌违法。一经发现， 立即举报,"无线通信,无线勘察设计,基站查勘设计,室分设计,宏站设计",http://www.zhaopin.com/jobdetail/CC382231620J40538646207.htm?refcode=4019&srccode=401901&preactionid=631bb57c-3d27-4e40-94c0-a44be232816c
无线通信开发工程师 (Zynq/FPGA 方向),上海遨有信息技术有限公司,9000-16000元,上海·长宁·华阳路,广州,本科,经验不限,7月25日,zhilian,职位描述 C语言 C++ VERILOG/VHDL XILINX VIVADO MATLAB/PYTHON SDR linux 核心职责 1. 物理层算法实现：负责 GFSK 接收机的关键模块开发，包括但不限于：信号检测、频偏估计、符号同步、鉴频、同步字匹配等。 2. SoC 系统构建：在 Zynq 平台上完成算法部署，利用 Vivado 进行 FPGA 逻辑设计（PL 端），并实现与 ARM（PS 端）的高效交互。 3. 软硬协同调试：通过 AXI、DMA 等高速接口实现数据搬运，编写 ARM 侧的 C/C++ 控制程序及驱动。 4. 全链路优化：配合射频及软件团队进行整机联调，深入产线和实验室进行硬件功能验证，优化通信灵敏度与误码率。 5. 仿真与预研：利用 MATLAB 或 Python 进行链路仿真，验证算法可行性并指导 RTL 实现。 任职要求 1. 核心技术栈 专业背景：电子、通信、自动化等相关专业，本科及以上学历。 数字通信功底：深刻理解数字信号处理基础（采样定理、数字滤波、星座图、同步机制等）。 FPGA 开发能力：熟练掌握 Verilog/VHDL，具备 Xilinx Vivado 开发经验，了解时序约束与优化。 嵌入式开发：熟悉 ARM 体系架构，具备 C/C++ 编程能力，有 Linux 应用或裸机驱动开发经验。 2. 工程与协作 工具链：能熟练使用示波器、频谱仪、逻辑分析仪等工具观察信号波形，定位硬件隐患。 沟通落地：具备良好的跨部门协作能力，能与硬件工程师讨论原理图，与产线配合进行功能回归测试。 加分项：有 MATLAB/Python 仿真经验者优先；有 SDR（软件无线电）开发经验者优先。 工作地点 上海长宁区长宁路865号 以担保或任何理由索要财物，扣押证照，均涉嫌违法。一经发现， 立即举报,"C语言,C++,VERILOG/VHDL,XILINX VIVADO,MATLAB/PYTHON,SDR,linux",http://www.zhaopin.com/jobdetail/CC673324880J40879667012.htm?refcode=4019&srccode=401901&preactionid=631bb57c-3d27-4e40-94c0-a44be232816c
网络通讯工程师,深圳金富东实业有限公司,9000-13000元·13薪,深圳·罗湖·南湖,广州,本科,1-3年,3月24日,zhilian,职位描述 无线通信 硬件设计 系统优化 客户支持 岗位内容： 1. 设计、测试、维护和优化通信系统的各种硬件和软件组件。 2. 熟悉无线通信、网络安全和互联网协议。 3. 使用模拟和数字仿真工具对设备进行性能评估和验证。 4. 客户支持和问题解决。 任职要求： 1. 通信、电子工程等相关专业背景优先。 2. 熟悉通信产品和系统开发流程。 3. 具有扎实的编程和算法基础，熟悉C/C++或Python等编程语言。 4. 熟练掌握常用电子元器件和仪器的使用方法。 奖金绩效 带薪年假 工作地点 深圳市-罗湖区-建设路2020号 以担保或任何理由索要财物，扣押证照，均涉嫌违法。一经发现， 立即举报,"无线通信,硬件设计,系统优化,客户支持",http://www.zhaopin.com/jobdetail/CCL1506998870J40761230106.htm?refcode=4019&srccode=401901&preactionid=631bb57c-3d27-4e40-94c0-a44be232816c
无线网络优化工程师,武汉虹信技术服务有限责任公司,3000-6000元,淮南·田家庵区·龙泉街道,广州,大专,经验不限,7月7日,zhilian,岗位职责： 1、4/5G无线网前台测试、测试数据分析、问题点优化； 2、移网投诉处理； 3、中兴/华为后台网管操作； 岗位要求： 1、学习能力强，有责任心； 2、有较强的沟通协调能力； 3、有驾照且会机动车驾驶； 工作经验：有无线网络优化或客服经验者优先； 工作地点 田家庵区中国联合网络通信有限公司淮南市分公司 以担保或任何理由索要财物，扣押证照，均涉嫌违法。一经发现， 立即举报,无线网,http://www.zhaopin.com/jobdetail/CC623125420J40563211205.htm?refcode=4019&srccode=401901&preactionid=631bb57c-3d27-4e40-94c0-a44be232816c
通信应用工程师,上海域格信息技术有限公司,1.2-2.4万,深圳·龙岗·吉华,广州,本科,3-5年,7月10日,zhilian,"职位描述 通信工程师 1.有较强的电路分析和设计能力，有较强的调试和问题解决能力 2.熟悉硬件电路的开发流程，并独立承担项目的硬件设计：原理图绘制，PCB layout设计及调试； 3.精通消费电子产品类的4G模组、蓝牙芯片、单片机及传感器外围电路设计。 4.熟悉利尔达、移远、域格、移柯 等4G模组平台，有过相关项目开发经验。 5.熟练使用AD(必备)、pads等EDA电路设计软件； 6.优先考虑：有GPS车载定位以及导航开发经验者优先，有4G芯片级开发者优先； 7.熟练使用射频综测仪(如:Agilent8960、CMW500)、示波器、ESD测试仪、负载仪等信号测试设备 8.素质要求:工作踏实,态度积极,能够承受工作压力,能服从公司项目安排工作任务; 9.需要具备英文技术文档阅读能力 工作地点 深圳龙岗区布澜路137号 以担保或任何理由索要财物，扣押证照，均涉嫌违法。一经发现， 立即举报",通信工程师,http://www.zhaopin.com/jobdetail/CC417170610J40908497202.htm?refcode=4019&srccode=401901&preactionid=4c9dfb33-6279-498a-8597-0b9b88564488
中级网络工程师,湖南迈进信息技术有限公司,5000-7000元,株洲·石峰区·井龙街道,广州,大专,3-5年,7月17日,zhilian,职位描述 网络安全 网络管理 华为认证 思科认证 华三认证 任职要求： 1、对客户的数通，无线、安全设备进行维护工作，包括但不限于设备配置优化整改、安全加固、设备升级、故障处理及技术咨询等； 2、熟悉华三、华为、深信服、绿盟等主流厂家的设备，包括交换机、路由器、无线、防火墙等； 3、具有一定的文档编辑能力 4、三年以上运维工作经验 工作地点：株洲 硬性条件：具有华为、H3C、思科路由交换中级以上认证 工作地点 石峰区中车株洲电力机车研究所有限公司 以担保或任何理由索要财物，扣押证照，均涉嫌违法。一经发现， 立即举报,"网络安全,网络管理,华为认证,思科认证,华三认证",http://www.zhaopin.com/jobdetail/CCL1390025780J40773185509.htm?refcode=4019&srccode=401901&preactionid=4c9dfb33-6279-498a-8597-0b9b88564488
通信讲师,深圳市讯方技术股份有限公司,7000-12000元,石家庄·灵寿·三圣院,广州,本科,3-5年,7月23日,zhilian,岗位职责 1.承担《无线传输技术》《电工电子技术》《电路与电子技术》等课程的理论与实践一体化教学 2.指导学生在不同场景下选择合适的无线通信方式，并完成组网实训 3. 指导指导无线传输相关的综合实训及学生毕业作品。 4.参与科研课题，联合高校教师共同申报教学成果，带领学生开展科学竞赛。 5.协助完成学生日常管理和任课班级教学管理 任职要求 1. 本科及以上，通信工程、自动化、工业工程、电子信息相关专业 2.扎实的电路理论基础，能独立完成基础电路实验指导 2. 能独立无线组网的搭建与调试，熟悉至少两类无线通信技术 5.能结合工业现场场景（如产线数据采集、环境监测）讲解无线组网应用 6.有企业内训或学校授课经验者优先 工作地点 灵寿县石家庄科技信息职业学院(灵寿新校区) 以担保或任何理由索要财物，扣押证照，均涉嫌违法。一经发现， 立即举报,"C语言,C++,网络交换技术,网络协议,通信项目管理,通信接口/总线,5G,华为ICT学院,通信讲师",http://www.zhaopin.com/jobdetail/CC132230560J40787018706.htm?refcode=4019&srccode=401901&preactionid=4c9dfb33-6279-498a-8597-0b9b88564488
天线工程师,北京大华恒威通信技术有限公司石家庄分公司,1.5-2万,石家庄·鹿泉·鹿泉经开区,广州,本科,经验不限,7月18日,zhilian,岗位职责 1. 负责通信天线、阵列天线方案设计、仿真建模、性能优化与落地调试； 2.. 结合信号与系统、通信原理基础，配合射频、通信团队完成系统联调、性能测试与问题整改； 3.. 运用最优化算法开展天线布局优化、阵列综合、波束赋形、参数迭代优化工作； 任职要求 1. 本科及以上学历，电子信息、通信工程、电磁场与微波技术、天线与射频等相关专业； 2. 扎实掌握天线理论与技术、阵列天线、信号与系统、通信原理、最优化算法核心专业知识； 3. 熟悉阵列天线设计、波束成形、天线辐射与散射原理，具备天线仿真设计实操经验； 4. 熟练使用HFSS、CST、ADS等电磁仿真软件，能独立完成天线建模、仿真、参数优化； 5. 了解通信系统架构，熟悉天线各项性能指标测试方法，具备问题分析与独立排查能力； 6. 工作严谨负责，逻辑清晰，具备良好沟通协作能力与项目推进意识，有通信行业天线相关工作经验优先。 岗位福利 五险一金、带薪年假、节日福利、定期团建、技术培训、晋升通道清晰、办公环境稳定。 工作地点 鹿泉区石家庄恒军通信技术有限公司 以担保或任何理由索要财物，扣押证照，均涉嫌违法。一经发现， 立即举报,"天线,仿真",http://www.zhaopin.com/jobdetail/CC569401580J40858483009.htm?refcode=4019&srccode=401901&preactionid=4c9dfb33-6279-498a-8597-0b9b88564488
网络工程师,赛尔网络,6000-8000元,南宁·青秀·中山,广州,本科,1-3年,7月2日,zhilian,岗位职责： 1、负责高校网络、骨干网和数据中心的网络规划、运维及管理，确保网络稳定高效运行； 2、负责路由器、交换机、无线AC/AP等网络设备的安装、配置调试及维护； 3、负责对监测网络进行日常维护，包括网络配置、网络对接、网络优化、故障排查、日常巡检等； 4、负责编写网络相关的升级割接方案、网络优化方案和报告，并完成网络设备升级、网络割接等工作； 5、负责运维全流程文档沉淀，编写网络技术方案、网络变更方案、故障分析报告、应急预案等技术文档； 6、完成公司领导安排的其他相关工作。 任职要求： 1、本科及以上学历，计算机相关专业，持有HCIP、HCIE或网络工程师相关证书者优先； 2、掌握网络技术原理和应用，熟悉网络协议，熟悉网络安全基本知识。 3、能独立完成路由器、交换机等网络设备的安装调试，包括地址规划、VLAN划分、OSPF路由等内容。 4、掌握网络常见故障诊断和解决等技能，具备独立分析、快速排除网络故障的能力。 5、掌握 IPv6 基础原理、地址规划、双栈部署，可完成 IPv6 相关 VLAN、路由配置与故障排查，具备 IPv4/IPv6 混合组网落地能力。 6、具有较好的分析及解决问题的能力，拥有良好的沟通协调能力，能有效与团队协作。 岗位福利： 六险一金、周末双休、餐补、交通补贴、通讯补贴、员工体检等。 工作地点 南宁青秀区广西电化教育馆 以担保或任何理由索要财物，扣押证照，均涉嫌违法。一经发现， 立即举报,"网络安全,网络运维,CISP认证证书,华为认证,HCIP,HCIE",http://www.zhaopin.com/jobdetail/CC000422110J40717315506.htm?refcode=4019&srccode=401901&preactionid=4c9dfb33-6279-498a-8597-0b9b88564488
测试工程师（卫星测试-社招）,航天卫星超级工厂(海南)有限公司,8000-16000元,文昌·文城镇,广州,本科,3-5年,7月17日,zhilian,职位描述 硬件测试 仪器测试 船舶/航空/航天/军工 职位描述： (1)电性能测试流程管理：负责卫星电性能测试流程的制定与执行，确保测试过程符合相关标准与规范。 (2)电测设备操作与维护：熟练操作有线及无线电测设备，对设备进行日常管理与维护。 (3)测试方案编制与实施：根据产品需求，编制电测方案，涵盖电路参数测试、信号完整性测试、故障诊断等关键内容。 (4)测试数据分析与问题定位：使用测试数据分析软件对测试数据进行处理与分析，快速定位电路故障、信号异常等问题，提出优化建议。 (5)电测标准应用：熟悉并应用电测相关标准（如GJB、GB/T等），确保测试工作符合国家、行业及企业标准要求。 (6)测试数据记录与报告编制：整理测试数据，编写测试报告与技术文档，确保测试过程可追溯、可验证。 (7)故障诊断与排除：针对测试中出现的电路异常、信号失真等问题，具备快速诊断与排除能力，保障测试任务的顺利推进。 (8)技术培训与指导：对测试人员进行技术培训，提升整体测试水平，推动测试流程标准化与规范化。 (9)新技术研究与应用：关注行业技术发展，研究并引入先进测试技术与设备，提升测试效率与准确性。 (10)跨部门协作与沟通：与研发、生产、质量等部门高效对接，协调资源，推动电性能测试任务的顺利实施与项目推进。 (11)现场技术支持与监督：在测试现场进行技术指导与监督，确保测试工作按计划、高质量完成。 推动测试流程优化：结合测试实践，持续优化测试流程与方法，提升测试效率与准确性。 职位要求： 1、本科及以上学历，电子信息工程、电气工程及其自动化、自动化、测控技术与仪器等相关专业，3年卫星电性能测试相关经验，熟悉测试流程与标准； 2、熟练操作示波器、万用表、逻辑分析仪等电测仪器，精通电路参数测量、信号完整性测试；掌握测试数据分析软件；熟悉电测标准，能独立编制电测方案，快速定位并解决测试中出现的电路故障、信号异常等问题 3、沟通协调能力强，可推动跨部门协作，保障电性能测试任务高效完成。 工作地点 文昌遥感卫星应用产业综合信息与服务平台3号楼5楼 以担保或任何理由索要财物，扣押证照，均涉嫌违法。一经发现， 立即举报,"硬件测试,仪器测试",http://www.zhaopin.com/jobdetail/CCL1501191000J40760925507.htm?refcode=4019&srccode=401901&preactionid=4c9dfb33-6279-498a-8597-0b9b88564488
通信工程师,石家庄寒凡电子科技有限公司,5000-8000元·13薪,石家庄·桥西·维明,广州,本科,经验不限,6月26日,zhilian,职位描述 测试 工程管理 无线通信 软件测试 通信测试 硬件测试 岗位内容： 1. 设计、测试、维护和优化通信系统的各种硬件和软件组件。 2. 熟悉无线通信、网络安全和互联网协议。 3. 使用模拟和数字仿真工具对设备进行性能评估和验证。 4. 客户支持和问题解决。 任职要求： 1. 本科及以上学历，通信、电子工程等相关专业背景。 2. 熟悉通信产品和系统开发流程。 3. 具有扎实的编程和算法基础，熟悉C/C++或Python等编程语言。 4. 熟练掌握常用电子元器件和仪器的使用方法。 工作地点 石家庄桥西区保艺大厦 以担保或任何理由索要财物，扣押证照，均涉嫌违法。一经发现， 立即举报,"测试,工程管理,无线通信,软件测试,通信测试,硬件测试",http://www.zhaopin.com/jobdetail/CCL1286616590J40785360308.htm?refcode=4019&srccode=401901&preactionid=4c9dfb33-6279-498a-8597-0b9b88564488
无线通信设计工程师,中电科普天科技股份有限公司山东省分公司,4000-8000元,哈尔滨·南岗·荣市,广州,本科,5-10年,1月7日,zhilian,职位描述 无线通信 通信/网络设备 1. 负责通信运营商网络建设项目无线专业设计工作，包括规划、可研和设计等工作； 2. 负责通信运营商网络建设项目无线专业设计相关支撑工作。 3.参与项目实施阶段的技术支撑服务工作，协助完成5G相关研究课题、专利和论文等工作。 4. 本科及以上学历，计算机、电子、通信和信息等相关专业； 5. 具有三年以上无线专业工作经验，具备独立完成规划和全套设计的能力； 6. 沟通能力良好，能适应省内出差，具备较好的团队合作意识； 7. 熟练使用Office、CAD和概预算等工作软件。 职位福利：五险一金、高温补贴、通讯补助、餐补、交通补助、出差补贴、公费差旅 工作地点 哈尔滨南岗区联通大厦1706 以担保或任何理由索要财物，扣押证照，均涉嫌违法。一经发现， 立即举报,无线通信,http://www.zhaopin.com/jobdetail/CCL1430528140J40349822716.htm?refcode=4019&srccode=401901&preactionid=4c9dfb33-6279-498a-8597-0b9b88564488
通信设计工程师,普天信息工程设计服务有限公司,4000-7000元,锦州·古塔区·古城街道,广州,大专,1-3年,7月8日,zhilian,职位描述 有线 无线 勘察设计 移动有线无线勘察设计，有1-3年相关工作经验优先，具备CAD画图能力优先。 工作地点 锦州古塔区中国移动(古塔营业厅) 以担保或任何理由索要财物，扣押证照，均涉嫌违法。一经发现， 立即举报,"有线,无线,勘察设计",http://www.zhaopin.com/jobdetail/CC120842030J40784291610.htm?refcode=4019&srccode=401901&preactionid=4c9dfb33-6279-498a-8597-0b9b88564488
网优工程师,东方通信,100-150元/天,长春·南关·永兴,广州,大专,经验不限,6月30日,zhilian,职位描述 可转正 实习证明 无线网 5G 1、要求通信或计算机专业 2、具备华为中级认证; 3、有过原厂项目交付经验; 4、具备技能如下: 5G低效小区核查并处理(涉及合并小区或减容等操作) 4G长尾小区指标 拆闲补忙(涉及现网减容后硬扩数据处理) 现网站点翻频方案输出并执行(目前只涉及过高校) 告警提取并配合维护处理 配合输出活动保障方案 规划数据输出 活动保障开站(涉及现场设备安装督促>规划数据>无线开站>邻区及参数优化>后台保障 配合维护设备搬迁数据制作、开站、更换主控板等操作 下发的扩容清单核查并扩容优化 现网license调整方案输出 客户临时安排事务 位置在吉林省长春市 具体区域未定 感兴趣先投递 急岗 工作地点 长春南关区启明科技园-A座 以担保或任何理由索要财物，扣押证照，均涉嫌违法。一经发现， 立即举报,"无线网,5G",http://www.zhaopin.com/jobdetail/CC000537240J40870760609.htm?refcode=4019&srccode=401901&preactionid=4c9dfb33-6279-498a-8597-0b9b88564488
通信技术工程师,石家庄瑾乐通信工程有限公司,3000-5000元,石家庄·鹿泉·鹿泉经开区,广州,学历不限,1年以下,7月17日,zhilian,岗位职责： 1、负责通讯线路抢修、维护、专项整治； 2、负责所维护区域的站址、光缆线路、发电操作日常维护、巡检及抢修工作； 3、负责无线机房巡检、故障处理、应急发电等： 4、负责日常网络维护测试抢修，巡检、客户投诉等工作； 5、负责故障处理，紧急抢修，清障，隐患处理，资源拍照，日常巡检等专业技术工作； 职位要求： 1、能吃苦耐劳，动手能力强，服从调配，具有积极向上的心态，认真负责的工作态度，服从领导的安排； 2、做事认真，应届毕业生优先； 3、提供学习平台，晋升空间大 4、单位包吃住 工作地点：河北省石家庄市鹿泉区 工作地点 石家庄鹿泉区和平西路729号 以担保或任何理由索要财物，扣押证照，均涉嫌违法。一经发现， 立即举报,"无线通信,光缆通信",http://www.zhaopin.com/jobdetail/CCL1471340790J40562314012.htm?refcode=4019&srccode=401901&preactionid=4c9dfb33-6279-498a-8597-0b9b88564488
网优工程师,尼克伊桑(北京)科技有限公司,1-1.1万,北京·房山·拱辰,广州,本科,1-3年,6月27日,zhilian,职位描述 无线网 2G 4G 5G 华为 中兴 爱立信 网络性能优化 故障排查 网络规划 工作职责 1. 负责移动通信网络（2G/4G/5G）的日常性能监控与指标分析，定位网络瓶颈并制定优化方案。 2. 主导网络故障的快速排查与解决，确保网络覆盖、容量及质量达到KPI要求。 3. 参与网络规划与优化项目，输出详细的优化报告与技术文档。 4. 与设备厂商、运营商对接，推动网络问题的闭环处理。 任职要求 1. 本科及以上学历，通信工程、电子信息等相关专业，基础扎实。 2. 具备2年以上无线网络优化经验，熟悉主流设备厂商（华为/中兴/爱立信）的网优工具与流程。 3. 精通路测分析、信令跟踪等技术手段，能独立完成DT/CQT测试与数据解读。 4. 掌握网络优化原理，对覆盖、切换、掉话等常见问题有成熟的解决思路。 5. 具备良好的沟通能力与团队协作精神，能适应短期出差。 工作地点 北京房山区知兴西路2号院10号楼9层936 以担保或任何理由索要财物，扣押证照，均涉嫌违法。一经发现， 立即举报,"无线网,2G,4G,5G,华为,中兴,爱立信,网络性能优化,故障排查,网络规划",http://www.zhaopin.com/jobdetail/CC546697030J40870282609.htm?refcode=4019&srccode=401901&preactionid=4c9dfb33-6279-498a-8597-0b9b88564488
网络工程师(J10446),河南飞创信息科技有限公司,6000-8000元,洛阳·洛龙,广州,本科,3-5年,7月24日,zhilian,岗位职责 1、日常巡检运维 每日检查交换机、路由器、防火墙、无线 AP 等设备运行状态，监控全网带宽、在线状态，定期备份设备配置，提前排查隐患。 2、服务器硬件运维 硬件维护：终端日常清洁、防尘防潮，硬件老化检测，批量设备硬件状态巡检与台账更新。 服务器操作系统运维：windows、linux。 3、机房与弱电相关 设备上架布线、机柜整理、线路整改、机房环境检查；配合监控、门禁、弱电、终端设备的网络接入调试。 4、网络安全管控 设置访问权限、端口防护、上网行为管理，限制违规上网；排查异常流量、病毒攻击、ARP 欺骗，落实网络安全加固。 5、网络规划与改造 根据办公及业务需求，做 IP 规划、网段划分、网络扩容、架构优化、点位新增、机房调整、老旧设备替换升级。 6、项目与对接工作 对接运营商、厂商、施工方，完成专线、宽带、异地组网、分支互联等项目实施、割接、测试与验收内部综合布线类项目工作。 三、福利待遇 1、薪资待遇：综合薪资6000-8000，具体薪资面议； 2、常规福利：节假日福利、生日福利、生育餐补、生育津贴、贺仪礼金等； 3、提供住宿：空调、卫浴、净水机、生活超市等一应俱全，24小时前台服务； 4、保障类：签订劳动合同，依法办理五险； 5、假期类：法定节假日带薪休假、带薪年假、病假、婚假、丧假、产假、陪产假、孕检假。 工作地点 洛阳洛龙区玉泉街 以担保或任何理由索要财物，扣押证照，均涉嫌违法。一经发现， 立即举报,"华为认证,思科认证,华三认证,软件运维,网络安全,网络运维",http://www.zhaopin.com/jobdetail/CCL1257180280J40905932312.htm?refcode=4019&srccode=401901&preactionid=4c9dfb33-6279-498a-8597-0b9b88564488
网络工程师,国投东圣生物科技(泰州)有限公司,6000-9000元·13薪,泰州·泰兴市·黄桥镇,广州,本科,3-5年,7月24日,zhilian,"岗位职责】 1. 网络规划与建设 参与公司网络架构的规划、设计和升级方案制定。 负责办公室、数据中心的网络设计与实施（包括有线、无线网络）。 负责网络设备、网络工程的选型、采购验收、配置上线（如路由器、弱电监控、交换机、防火墙、无线控制器/AP、负载均衡等）。 实施网络布线方案的管理与监督。 2、日常运维与监控 对公司网络进行监控，使用监控工具（如Zabbix等）实时掌握网络健康状态（流量、延迟、丢包率、设备性能等）。 执行网络设备的日常配置变更、VLAN划分、路由协议（如OSPF, BGP）维护、ACL策略调整等。 管理公司IP地址空间（IPAM）、DNS和DHCP服务。 负责VPN（如SSL VPN, IPsec VPN）的搭建与维护，保障远程办公和分支机构安全接入 3、故障排查与应急响应 作为一线或二线支持，快速定位并解决各类网络故障和性能问题（如网络中断、延迟大、无法上网等）。 制定应急预案并执行故障演练，在发生重大网络故障时，能迅速响应并恢复业务。 撰写故障分析报告（Post-mortem），提出改进措施以防问题复发。 4、网络安全与合规 管理与维护防火墙（Firewall）策略，控制网络访问权限，隔离安全区域。 防范和处理网络攻击（如DDoS、ARP欺骗等），并与安全团队协作进行安全事件溯源。 确保网络架构和操作符合行业安全规范与公司安全政策。 定期对网络进行安全评估和漏洞扫描。 5、新技术研究与引入 调研并引入新的网络技术（如SD-WAN、自动化运维等），提升网络效率和服务质量。 关注行业动态和网络安全漏洞信息，及时对网络设备进行固件/系统版本升级。 【任职要求】 1、大专及以上学历，计算机、网络相关专业；拥有CCNA/CCNP、HCIA/HCIP等相关认证者优先。 2、精通网络基础知识（深入理解TCP/IP协议栈、VLAN、STP、OSPF、BGP等主流路由交换技术） 3、熟悉主流网络设备（熟悉防火墙工作原理和安全策略配置），有一定的网络安全知识和故障排查能力 4、具备责任心与主动性，有较高的跨部门沟通能力‌ 工作地点 泰兴市国投东圣生物科技(泰州)有限公司 以担保或任何理由索要财物，扣押证照，均涉嫌违法。一经发现， 立即举报","网络运维,硬件/设备运维",http://www.zhaopin.com/jobdetail/CC516923420J40858317911.htm?refcode=4019&srccode=401901&preactionid=4c9dfb33-6279-498a-8597-0b9b88564488
通信技术工程师,广州天奕技术股份有限公司,5000-10000元,广州·黄埔·联和,广州,本科,经验不限,6月29日,zhilian,岗位职责： 1、负责公司产品（无线通信设备）的应用、安装、调试、验收、维护、排障、售后等现场技术支持工作和技术培训； 2、配合公司制定项目的实施方案，包括方案编写、方案审核、图纸绘制等具体工作； 3、负责全国项目的落地实施，包括客户关系的维护，参与客户组织的项目会议，项目各方的沟通协调，制定合理的实施计划等，确保对项目工程的质量、安全、进度及成本控制全方位工作的落实； 4、负责售前投标文件的响应和编制。 二、岗位要求： 1. 通信、计算机、电子工程相关专业，本科及以上学历，有3年以上通信行业项目实施经验者学历要求可适度降低。 2. 专业及技能要求：熟悉通信技术、计算机网络等相关技术知识，具有轨道交通行业、机场行业等工作经验优先； 3. 良好的客户沟通能力，较强的沟通协调能力，与客户关系相处较好，工作认真负责，能吃苦耐劳，服务意识强。具体一定的抗压能力。 三、公司福利 1、社会保险：五险一金，出差补助 ; 2、带薪假期：法定节假日、年假、婚假、产假、陪产假、丧假、工伤假、病假等; 3、奖金：不定期项目奖金、年终奖金等; 5、培训及免费进修：公司为员工提供各类职业技能培训;在职期间考取的与公司业务或者所在岗位相关的证书，公司会有相应的报销或考证奖励等，鼓励大家和公司一起学习进步，做更好的自己; 6、集体活动：一年两次的带薪拓展活动;各部门不定期团建、聚餐等活动； 7、员工体检：定期安排健康体检； 四、其他 每周5天工作制，让你拥有时间来体验和享受生活优雅舒适的办公环境，轻松、人性化的办公氛围让你在快乐中工作； 工作地点 黄埔区广州归谷科技园C2栋 以担保或任何理由索要财物，扣押证照，均涉嫌违法。一经发现， 立即举报,"无线通信,CAD",http://www.zhaopin.com/jobdetail/CCL1439891480J40486976203.htm?refcode=4019&srccode=401901&preactionid=4c9dfb33-6279-498a-8597-0b9b88564488
电子工程师（无线）,深圳市海盈智联实业有限公司,1.6-2.5万,深圳·龙华·大浪,广州,大专,3-5年,7月9日,zhilian,"职位描述 Altium Designer PADS CAD 职位描述： 1.负责产品的硬件开发工作，熟悉物料Datasheet，新品物料选型，评估设计； 2.参与PCB文件评审，熟悉PCB布局走线要求，给出优化建议； 3.跟进新品试产，并优化试产问题点； 4.跟进样品功能调试，测试结果，能独立跟进并解决电子兼容性； 5.参与线材/结构工程师新品立项前评估，输出电子评估报告； 任职资格： 1.大专及以上学历，无线同屏器，wifi 6 、路由器、无线AP、无线网桥，无线CPE, IOT，智能家居等产品开发经验；电子信息，电气等相关专业； 2. 熟悉炬力，全志，瑞芯微，瑞昱rtl8821等方案的开发； 3.熟悉 使用PADS,ORCAD,AD, Allegro，热仿真，AutoCAD Office等办公软件； 4. 有较强的沟通协调能力，扛压能力，有自己主见。 欢迎各位优秀者的加入！公司发展迅速，学习晋升空间极大！ 公司详细地址：深圳市龙华新区大浪街道鹊山路口龙城工业区御安8栋2-5楼（龙华派出所附近）。 乘车路线： 公交站台：龙华村、龙华交管所。多路公交车直达，如：M352、B694、M193等； 附近地铁：6号线元芬站B出口。 工作地点 深圳龙华区龙城高新产业园-8栋 以担保或任何理由索要财物，扣押证照，均涉嫌违法。一经发现， 立即举报","Altium Designer,PADS,CAD",http://www.zhaopin.com/jobdetail/CC364746580J40817944410.htm?refcode=4019&srccode=401901&preactionid=4c9dfb33-6279-498a-8597-0b9b88564488
中级网优工程师,上海谷纬光电科技有限公司,1.2-1.3万,上海·崇明·横沙,广州,本科,1-3年,,zhilian,职位描述 无线网 5G LTE 网络KPI分析 故障投诉处理 优化方案落地 工作职责： 1. 负责LTE/5G无线网络的日常优化，包括覆盖、容量、干扰等问题的定位与解决。 2. 分析网络性能指标（KPI），输出优化方案并推动落地，持续提升网络质量。 3. 参与网络故障处理与投诉分析，快速响应并解决用户感知问题。 4. 输出优化报告与技术文档，沉淀优化经验并支撑团队知识共享。 任职要求： 1. 本科及以上学历，通信工程、电子信息等相关专业。 2. 2年以上无线网络优化经验，熟悉LTE/5G网络原理及协议栈。 3. 精通网络优化工具（如鼎立、华星等），能独立完成路测、后台数据分析。 4. 具备良好的问题分析能力与沟通能力，能适应短期出差。 展开该职位详情 最新招聘 热门城市 热门职位 热门公司 长春市澳彩商贸有限公司 岫岩满族自治县平易粮油店（个体工商户） 东莞市石龙同创电脑软件工程经营部 盘龙区华凤建材经营部 枞阳县曹靖联通代理营业厅 蓝山县葡小萄家庭农场 梅河口市刘英日用品商行 菏泽市经济开发区丹阳街道办事处赵堂社区股份经济合作社 宜昌高新区淮口百货零售商行（个体工商户） 藁城区这儿鞋店 上海招聘网 > 上海网优工程师招聘 > 上海谷纬光电科技有限公司网优工程师招聘 职位发布者 王鹏超 刚刚活跃 人事经理 立即沟通 公司基本信息 上海谷纬光电科技有限公司 已审核 未融资 20人以下 软件/IT服务 关于我们 公司介绍 联系我们 诚聘英才 产品与服务 人才招聘 企业招聘 使用与帮助 账号注销 意见反馈 发票制度 防骗指南 法律协议 资质公示 智联招聘 更懂你的价值 智联app小程序官方微信企业版APP 未经 Zhaopin.com 同意，不得转载本网站之所有招聘信息及作品 智联招聘网版权所有 京ICP备12025925号 京ICP证010207号 京公网安备 11010502059392号 人力资源许可证:1101051996081号 网上有害信息举报专区 违法不良信息举报电话:400-885-9898 关爱未成年举报热线:400-885-9898-3 朝阳区人力资源与社会保障局监督电话 网络110报警服务电子营业执照 暂无内容,"无线网,5G,LTE,网络KPI分析,故障投诉处理,优化方案落地",http://www.zhaopin.com/jobdetail/CCL1255731950J40910272903.htm?refcode=4019&srccode=401901&preactionid=4c9dfb33-6279-498a-8597-0b9b88564488
无线电测试人员,盛航(台州)科技有限公司,5000-8000元,南京·建邺·沙洲,广州,本科,经验不限,7月7日,zhilian,岗位职责： 1、配合反无产品装备测试； 2、负责现场技术支持和处理其他相关技术问题； 3、合理安排测试计划及测试重点，输出测试结果和报告； 4、完成上级领导交办的其他任务； 5、理解产品需求，梳理测试范围，编写测试用例（覆盖功能、界面、兼容性等场景），执行测试用例，记录缺陷并跟踪修复，撰写测试报告，总结缺陷分布、修复率等质量指标。 任职要求： 1、定期完成项目测绘工作； 2、能够熟练使用频谱仪、信号源和示波器等仪器； 4、具备需求理解能力、用例设计能力（如等价类划分、边界值法）、缺陷描述能力、系统架构理解能力、数据分析能力。 5、工作积极认真、态度端正、能吃苦、具有良好的沟通能力、独立工作能力； 6、能接受短期出差； 工作地点 南京建邺区云龙山路3号6栋509室 以担保或任何理由索要财物，扣押证照，均涉嫌违法。一经发现， 立即举报,"无线电硬件研发,无线电检测,无线通信运维",http://www.zhaopin.com/jobdetail/CCL1251882060J40871261410.htm?refcode=4019&srccode=401901&preactionid=4c9dfb33-6279-498a-8597-0b9b88564488
通信无线设计工程师,新三科技有限公司,5000-8000元,聊城·东昌府区·东城街道,北京,大专,1-3年,,zhilian,,"无线勘察设计,无线通信,4G,5G,AutoCAD,Visio,基站查勘设计,通信规划支撑",http://www.zhaopin.com/jobdetail/CC372607880J40959267815.htm?refcode=4019&srccode=401901&preactionid=fd5dbfd0-3da0-4d8d-a3fb-cd9f95f2bd21
无线自组网工程师,成都源创视达科技有限公司,6000-10000元·13薪,成都·金牛·金泉,北京,本科,经验不限,,zhilian,,"C语言,网络协议,网络交换技术,数字信号处理,通信协议/软件开发,数据通信,自组网",http://www.zhaopin.com/jobdetail/CC371029210J40456808805.htm?refcode=4019&srccode=401901&preactionid=fd5dbfd0-3da0-4d8d-a3fb-cd9f95f2bd21
网络工程师,山西三维勘测规划设计工程有限公司,4000-6000元,长治·潞州区·延安南路街道,北京,大专,1-3年,,zhilian,,"网络安全,网络运维,网络管理,华三认证",http://www.zhaopin.com/jobdetail/CCL1411705920J40878335709.htm?refcode=4019&srccode=401901&preactionid=fd5dbfd0-3da0-4d8d-a3fb-cd9f95f2bd21
网络工程师岗,国科智造(滨州)科技发展有限公司,9000-14000元·13薪,滨州·滨城区·杜店街道,北京,本科,经验不限,,zhilian,,网络管理,http://www.zhaopin.com/jobdetail/CCL1292532170J41024876804.htm?refcode=4019&srccode=401901&preactionid=fd5dbfd0-3da0-4d8d-a3fb-cd9f95f2bd21
无线优化网络工程师,四川泰睿通信工程有限公司,4000-5000元,宜宾·叙州区·南岸街道,北京,本科,1-3年,,zhilian,,"5G,4G,无线通信",http://www.zhaopin.com/jobdetail/CCL1323477650J40830541005.htm?refcode=4019&srccode=401901&preactionid=fd5dbfd0-3da0-4d8d-a3fb-cd9f95f2bd21
硬件测试工程师,成都邦飞科技有限公司,4000-6000元,葫芦岛·兴城市·温泉街道,北京,本科,经验不限,,zhilian,,"示波器,频谱分析仪",http://www.zhaopin.com/jobdetail/CC709320920J40954183708.htm?refcode=4019&srccode=401901&preactionid=fd5dbfd0-3da0-4d8d-a3fb-cd9f95f2bd21
网络优化工程师,河南用易通信科技有限公司,6000-9000元,郑州·中原·棉纺路,北京,大专,经验不限,,zhilian,,"LTE,无线网,移动网,5G,4G,Probe,华为,中兴,爱立信",http://www.zhaopin.com/jobdetail/CCL1523393750J40846299001.htm?refcode=4019&srccode=401901&preactionid=9a9b3ee7-4e21-40d3-93e6-e82f48c48ff0
【急招】网络工程师,湖南迈进信息技术有限公司,7000-8000元,株洲·石峰区·井龙街道,北京,大专,1-3年,,zhilian,,"华为认证,HCIP",http://www.zhaopin.com/jobdetail/CCL1390025780J40761996809.htm?refcode=4019&srccode=401901&preactionid=9a9b3ee7-4e21-40d3-93e6-e82f48c48ff0
无线设计通信工程师,宁夏泽鸿新荣电子科技有限公司,6000-8000元,银川·金凤区·长城中路街道,北京,大专,1-3年,,zhilian,,"无线通信,光纤通信,光缆通信",http://www.zhaopin.com/jobdetail/CCL1405740190J40664691712.htm?refcode=4019&srccode=401901&preactionid=9a9b3ee7-4e21-40d3-93e6-e82f48c48ff0
无线网络优化工程师（湖州移动）,浙江宝扬网络科技有限公司,7000-8000元,湖州·吴兴区·龙溪街道,北京,大专,3-5年,,zhilian,,"移动,4G,LTE,华为,L2,爱立信,5G",http://www.zhaopin.com/jobdetail/CC219035620J40796820511.htm?refcode=4019&srccode=401901&preactionid=9a9b3ee7-4e21-40d3-93e6-e82f48c48ff0
通信设计工程师-吉林（无线）,天津市邮电设计院有限责任公司,4000-6000元,长春·南关·自强,北京,大专,3-5年,,zhilian,,"无线通信,无线勘察设计",http://www.zhaopin.com/jobdetail/CC229217610J40830478401.htm?refcode=4019&srccode=401901&preactionid=9a9b3ee7-4e21-40d3-93e6-e82f48c48ff0
通信技术工程师,中兴通讯股份有限公司宁夏分公司,6000-10000元·13薪,银川·金凤区·北京中路街道,北京,本科,1-3年,,zhilian,,通信及网络运维,http://www.zhaopin.com/jobdetail/CC244783830J40800500015.htm?refcode=4019&srccode=401901&preactionid=fb564cc8-08dd-4e82-b6ee-a396c8dca90b
通信工程师（新疆26届）985/211,西安长河通讯有限责任公司,7000-9000元,乌鲁木齐·水磨沟区·六道湾街道,北京,本科,经验不限,,zhilian,,"通信,无线,网优",http://www.zhaopin.com/jobdetail/CC120717430J40899490113.htm?refcode=4019&srccode=401901&preactionid=fb564cc8-08dd-4e82-b6ee-a396c8dca90b
无线网络工程师,深圳市丰沃创新信息技术有限公司,1.1-1.3万,北京·海淀·万寿路,北京,大专,3-5年,,zhilian,,无线IMC,http://www.zhaopin.com/jobdetail/CCL1516866130J40998326002.htm?refcode=4019&srccode=401901&preactionid=fb564cc8-08dd-4e82-b6ee-a396c8dca90b
网优工程师（合肥）,珠海世纪鼎利科技股份有限公司,8000-10000元,合肥·蜀山·五里墩,北京,大专,3-5年,,zhilian,,"4G,5G,无线网",http://www.zhaopin.com/jobdetail/CC180693120J40884058905.htm?refcode=4019&srccode=401901&preactionid=fb564cc8-08dd-4e82-b6ee-a396c8dca90b
无线室分设计工程师,宇脉科技,5000-7000元,平凉·崆峒区,北京,大专,1-3年,,zhilian,,无线室分设计,http://www.zhaopin.com/jobdetail/CC382231620J40563892807.htm?refcode=4019&srccode=401901&preactionid=f8b78775-c628-4e40-b5e9-741b4dbae69a
无线优化工程师,四川泰睿通信工程有限公司,5000-7000元,自贡·自流井区·东兴寺街道,北京,大专,3-5年,,zhilian,,"无线通信,5G,4G",http://www.zhaopin.com/jobdetail/CCL1323477650J40811189705.htm?refcode=4019&srccode=401901&preactionid=f8b78775-c628-4e40-b5e9-741b4dbae69a
无线网设计工程师,浙江瑞盈通信技术股份有限公司,7000-10000元,哈尔滨·南岗·和兴路,北京,大专,3-5年,,zhilian,,无线通信,http://www.zhaopin.com/jobdetail/CC414536010J40951558008.htm?refcode=4019&srccode=401901&preactionid=4b93fa77-a902-49f2-aa02-8fd71a1e3cef
通信技术工程师,北京网宽天地科技有限公司,6000-10000元,北京·麦子店,北京,大专,1-3年,,zhilian,,"通信设计,传输线路设计,无线通信,CCNA,室分设计,有线通信,光缆通信,WIFI",http://www.zhaopin.com/jobdetail/CC120541670J40239042113.htm?refcode=4019&srccode=401901&preactionid=4b93fa77-a902-49f2-aa02-8fd71a1e3cef
无线通信工程师,润建股份,4000-6000元,张家口·桥东区·胜利北路街道,北京,学历不限,1-3年,,zhilian,,"无线通信,移动通信,光缆通信,通信设备装维,通信项目管理,5G",http://www.zhaopin.com/jobdetail/CC202740210J41020604304.htm?refcode=4019&srccode=401901&preactionid=4b93fa77-a902-49f2-aa02-8fd71a1e3cef
通信工程师,天津市贝斯特防爆电器有限公司,8000-10000元,天津·滨海新区·中塘,北京,本科,3-5年,,zhilian,,"运维,硬件/设备运维",http://www.zhaopin.com/jobdetail/CC242387810J40825963903.htm?refcode=4019&srccode=401901&preactionid=4b93fa77-a902-49f2-aa02-8fd71a1e3cef
汽车无线通信工程师,天津市联众伟业劳务派遣有限公司,1.2-2万·14薪,扬州·高邮市·卸甲镇,上海,本科,3-5年,,zhilian,,"卫星通信,蓝牙/Wi-Fi,卫星移动通信,微波射频,天线设计,射频设计,移动通信,无线通信,手机行业,汽车行业,智能网联汽车",http://www.zhaopin.com/jobdetail/CC339687210J40793523807.htm?refcode=4019&srccode=401901&preactionid=40386cfb-92a0-40cf-a3a1-aae6c3db2ae2
网络工程师（深圳）,广州南天电脑系统有限公司,1-1.5万,深圳·南山·粤海,上海,本科,3-5年,,zhilian,,网络运维,http://www.zhaopin.com/jobdetail/CC136558620J40869266614.htm?refcode=4019&srccode=401901&preactionid=40386cfb-92a0-40cf-a3a1-aae6c3db2ae2
移动通信工程师,广州禧幻科技有限公司,7000-9000元,广州·天河·新塘,上海,本科,1-3年,,zhilian,,网络交换技术,http://www.zhaopin.com/jobdetail/CCL1513418510J40836737710.htm?refcode=4019&srccode=401901&preactionid=40386cfb-92a0-40cf-a3a1-aae6c3db2ae2
协优人员（网络优化工程师）,中智(安徽)科技服务有限公司,4000-8000元,铜陵·铜官区,上海,大专,1-3年,,zhilian,,"无线网,5G",http://www.zhaopin.com/jobdetail/CCL1414445340J40899150213.htm?refcode=4019&srccode=401901&preactionid=40386cfb-92a0-40cf-a3a1-aae6c3db2ae2
通信工程师,湖南翔为通用航空有限公司,5000-8000元,株洲·芦淞区·董家段街道,上海,本科,3-5年,,zhilian,,数据通信,http://www.zhaopin.com/jobdetail/CC662397520J40888002413.htm?refcode=4019&srccode=401901&preactionid=40386cfb-92a0-40cf-a3a1-aae6c3db2ae2
通信工程师助理/五险一金/接受应届,瑞腾达(甘肃)科技有限公司,7000-8000元,兰州·城关区·东岗街道,深圳,大专,经验不限,,zhilian,,数据通信,http://www.zhaopin.com/jobdetail/CCL1506901750J40827702205.htm?refcode=4019&srccode=401901&preactionid=f7ee9caf-2e8a-46e2-aa5a-2ceb096aea49
通信工程师,北京京铭宏硕科技有限公司西安分公司,6000-8000元,西安·高陵·泾渭,广州,本科,经验不限,,zhilian,,无线通信,http://www.zhaopin.com/jobdetail/CCL1510200190J40935586508.htm?refcode=4019&srccode=401901&preactionid=255808ec-4adf-4506-a422-53b607433b7c
有线传输工程师,浙江明讯网络技术有限公司,6000-9000元,吕梁·离石区·莲花池街道,广州,学历不限,3-5年,,zhilian,,传输线路设计,http://www.zhaopin.com/jobdetail/CC157375120J40945270115.htm?refcode=4019&srccode=401901&preactionid=b428ebad-433c-4679-baf6-fc8a1d688992
通信工程师,天元瑞信通信技术股份有限公司,6000-8000元·13薪,银川·金凤区·北京中路街道,广州,本科,3-5年,,zhilian,,"5G,通信",http://www.zhaopin.com/jobdetail/CC133058570J40971166602.htm?refcode=4019&srccode=401901&preactionid=f5df12f3-6b16-4754-9bfa-d7b56d085882
无线电专员,民航数据通信有限公司,面议,北京·朝阳,广州,本科,经验不限,,zhilian,,无线通信运维,http://www.zhaopin.com/jobdetail/CC000413350J40891718613.htm?refcode=4019&srccode=401901&preactionid=346792b5-0b52-44a8-b2a5-b48eb3b5ca0e
网络工程师,长沙通视电子科技有限公司,7000-9000元·13薪,长沙·芙蓉·马王堆,广州,本科,3-5年,,zhilian,,"华为认证,华三认证,网络管理,网络运维,系统运维",http://www.zhaopin.com/jobdetail/CC328616430J40607284908.htm?refcode=4019&srccode=401901&preactionid=346792b5-0b52-44a8-b2a5-b48eb3b5ca0e
有线传输通信工程师,山东宏骏通信科技有限公司,8000-10000元,北京·通州·永顺,广州,学历不限,1-3年,,zhilian,,"光传输,传输线路设计,无线通信,移动通信",http://www.zhaopin.com/jobdetail/CCL1235022540J40819069014.htm?refcode=4019&srccode=401901&preactionid=346792b5-0b52-44a8-b2a5-b48eb3b5ca0e
网优后台工程师,成都山康技术服务有限公司,5000-10000元,成都·武侯·桂溪,广州,学历不限,经验不限,,zhilian,,"KPI,TOP小区",http://www.zhaopin.com/jobdetail/CCL1258186750J40729827410.htm?refcode=4019&srccode=401901&preactionid=346792b5-0b52-44a8-b2a5-b48eb3b5ca0e
网络工程师,深圳市时代尖端科技发展有限公司,6000-10000元,深圳·福田·沙头,广州,大专,1-3年,,zhilian,,"网络安全,硬件/设备运维",http://www.zhaopin.com/jobdetail/CC495496820J40950212508.htm?refcode=4019&srccode=401901&preactionid=1db7bb27-e16b-45c6-a6fd-4bb78f89981e
通信工程师,河北电信设计咨询有限公司,4000-6000元,乌鲁木齐·水磨沟区·七道湾街道,广州,大专,经验不限,,zhilian,,"工程管理,线路设计,5G,无线通信,数据通信",http://www.zhaopin.com/jobdetail/CC178197420J40867612405.htm?refcode=4019&srccode=401901&preactionid=1db7bb27-e16b-45c6-a6fd-4bb78f89981e
网络工程师,三一集团有限公司,1-1.5万·13薪,珠海·金湾区·平沙镇,广州,本科,3-5年,,zhilian,,"网络安全,华为认证,思科认证,CISP认证证书,CCNP,CCSP,HCIP,HCIA,HCNP",http://www.zhaopin.com/jobdetail/CC134218700J40876327410.htm?refcode=4019&srccode=401901&preactionid=1db7bb27-e16b-45c6-a6fd-4bb78f89981e
GNSS天线工程师,一丁人力资源(深圳)有限公司,2-4万,深圳·南山·南山,广州,本科,3-5年,,zhilian,,"天线设计,GNSS天线仿真,天线,基站,车联网,智能安防等无线通讯终端,发射机,微波雷达",http://www.zhaopin.com/jobdetail/CCL1469444060J41019148804.htm?refcode=4019&srccode=401901&preactionid=1db7bb27-e16b-45c6-a6fd-4bb78f89981e
电子信息工程工程师,天津滨海高新区东欣光电有限公司,4000-5000元,天津·滨海新区·北塘,广州,本科,经验不限,,zhilian,,"无线通信,测试,数据通信,硬件测试,软件测试",http://www.zhaopin.com/jobdetail/CCL1362720430J40824865116.htm?refcode=4019&srccode=401901&preactionid=1db7bb27-e16b-45c6-a6fd-4bb78f89981e
网络工程师,可利邦,1-1.5万,北京·海淀·八里庄,广州,大专,1-3年,,zhilian,,"网络设备,虚拟化",http://www.zhaopin.com/jobdetail/CC378282510J40867887010.htm?refcode=4019&srccode=401901&preactionid=1db7bb27-e16b-45c6-a6fd-4bb78f89981e
通信工程师,吉林省汇典通信工程有限公司,5000-9000元,长春·南关·曙光,广州,大专,经验不限,,zhilian,,"无线通信,通信系统设计,硬件和软件维护,客户支持",http://www.zhaopin.com/jobdetail/CCL1294421770J40862451705.htm?refcode=4019&srccode=401901&preactionid=1db7bb27-e16b-45c6-a6fd-4bb78f89981e
网络工程师,威讯联合半导体(北京)有限公司,9000-12000元·13薪,北京·大兴·荣华街道,广州,本科,3-5年,,zhilian,,"网络安全,网络管理,网络运维,华为认证,思科认证,华三认证",http://www.zhaopin.com/jobdetail/CC000617560J40808619409.htm?refcode=4019&srccode=401901&preactionid=85990c03-b15d-4793-ad9b-803c3c907b66
网络工程师,安徽创智云融信息科技有限公司,6000-10000元,合肥·稻香村,广州,学历不限,5-10年,,zhilian,,"IPTV,OLT,城域网",http://www.zhaopin.com/jobdetail/CCL1488110560J40874041814.htm?refcode=4019&srccode=401901&preactionid=85990c03-b15d-4793-ad9b-803c3c907b66
物理层DSP开发工程师,海能达,1.1-1.8万·13薪,哈尔滨·松北·松北街道,广州,本科,3-5年,,zhilian,,"C语言,C++,无线通信",http://www.zhaopin.com/jobdetail/CC333074410J40883016902.htm?refcode=4019&srccode=401901&preactionid=85990c03-b15d-4793-ad9b-803c3c907b66
5g网络优化工程师,软通动力信息技术(集团)股份有限公司,7000-10000元,成都·郫都·合作街道,广州,本科,3-5年,,zhilian,,"5G,4G,无线网,LTE,CDMA,华为",http://www.zhaopin.com/jobdetail/CC000544460J40801689216.htm?refcode=4019&srccode=401901&preactionid=85990c03-b15d-4793-ad9b-803c3c907b66
网优投诉工程师（J10178）,南京欣网通信科技股份有限公司,5000-6000元,苏州·吴中·城南,广州,大专,经验不限,,zhilian,,"无线网,4G,5G",http://www.zhaopin.com/jobdetail/CC229117510J40887816213.htm?refcode=4019&srccode=401901&preactionid=85990c03-b15d-4793-ad9b-803c3c907b66
天线工程师--GNSS、RTK、高精度天线,一丁人力资源(深圳)有限公司,2.6-4.5万,深圳·南山·桃源,广州,大专,3-5年,,zhilian,,"天线,天线设计,毫米波雷达,微波雷达,GNSS、RTK天线",http://www.zhaopin.com/jobdetail/CCL1469444060J41019198904.htm?refcode=4019&srccode=401901&preactionid=85990c03-b15d-4793-ad9b-803c3c907b66
资深无线通信算法工程师,新岸线(北京)科技集团有限公司,1.5-3万,北京·清华园,广州,本科,3-5年,,zhilian,,"5G,物理层,无线通信协议,Mac",http://www.zhaopin.com/jobdetail/CCL1206468380J00248923113.htm?refcode=4019&srccode=401901&preactionid=85990c03-b15d-4793-ad9b-803c3c907b66
天线工程师,深圳市飞敏科技有限公司,1.2-2.4万,深圳·宝安·西乡,广州,本科,1-3年,,zhilian,,"工程师,无线,射频,电子,HFSS,天线,天线设计",http://www.zhaopin.com/jobdetail/CC437979310J40582005311.htm?refcode=4019&srccode=401901&preactionid=85990c03-b15d-4793-ad9b-803c3c907b66
无线网络优化工程师-台州铁塔内场,浙江宝扬网络科技有限公司,6000-7000元,台州·椒江区·葭沚街道,广州,大专,3-5年,,zhilian,,"移动,4G,LTE,华为,5G,GSM,后台",http://www.zhaopin.com/jobdetail/CC219035620J40779206811.htm?refcode=4019&srccode=401901&preactionid=85990c03-b15d-4793-ad9b-803c3c907b66
通信工程师,江苏全创电子科技有限公司,8000-12000元,南京·玄武·梅园新村,广州,本科,3-5年,,zhilian,,"无线通信,工程管理,施工,测试,硬件测试,通信测试,软件测试,运维,硬件/设备运维,网络运维,专网",http://www.zhaopin.com/jobdetail/CC651366220J40776171706.htm?refcode=4019&srccode=401901&preactionid=85990c03-b15d-4793-ad9b-803c3c907b66
无线电装接工,天津齐信智达科技有限公司,6000-8000元,西安·长安·韦曲,广州,大专,1-3年,,zhilian,,无线电装,http://www.zhaopin.com/jobdetail/CCL1288981770J40880720505.htm?refcode=4019&srccode=401901&preactionid=1e187745-b7eb-4dc1-863f-3e269178a2fe
通讯测试工程师,吉林省恒津通讯科技有限公司,4000-8000元,长春·朝阳,广州,大专,经验不限,,zhilian,,"5G,Python,C语言,Java,无线测试,数通测试",http://www.zhaopin.com/jobdetail/CCL1502265530J40837883809.htm?refcode=4019&srccode=401901&preactionid=1e187745-b7eb-4dc1-863f-3e269178a2fe
网络工程师,中电智安科技有限公司,7000-11000元,重庆·渝中·石油路,广州,本科,3-5年,,zhilian,,"Redis,Nginx,Tomcat,IP网络架构,CCIE",http://www.zhaopin.com/jobdetail/CC269568510J40316710516.htm?refcode=4019&srccode=401901&preactionid=1e187745-b7eb-4dc1-863f-3e269178a2fe
通信工程师,北京互联新世纪管理咨询有限公司,1.5-3万,北京·朝阳·左家庄,广州,本科,经验不限,,zhilian,,"研发,运维,测试,无线通信,移动通信,数据通信",http://www.zhaopin.com/jobdetail/CCL1315446780J40732564906.htm?refcode=4019&srccode=401901&preactionid=1e187745-b7eb-4dc1-863f-3e269178a2fe
通信工程师,西安信意通科技有限公司,1.8-3.5万,西安·雁塔·丈八沟,广州,中专/中技,经验不限,,zhilian,,"无线通信,移动通信,数据通信,运维",http://www.zhaopin.com/jobdetail/CC220147110J40711876203.htm?refcode=4019&srccode=401901&preactionid=1e187745-b7eb-4dc1-863f-3e269178a2fe
测试工程师,北京助创科技有限公司,5000-7000元,大庆·让胡路区·庆新街道,广州,大专,1-3年,,zhilian,,"性能测试,功能测试,示波器,万用表",http://www.zhaopin.com/jobdetail/CC413155310J40875920703.htm?refcode=4019&srccode=401901&preactionid=1e187745-b7eb-4dc1-863f-3e269178a2fe
网络工程师,武汉中科坤程信息产业有限公司,4000-5000元,乌鲁木齐·水磨沟区·苇湖梁街道,广州,大专,1-3年,,zhilian,,"网络运维,系统运维,软件运维",http://www.zhaopin.com/jobdetail/CCL1481113330J40871460109.htm?refcode=4019&srccode=401901&preactionid=1e187745-b7eb-4dc1-863f-3e269178a2fe
通信研发工程师,昭星实业(深圳)有限公司,1.5-2万,深圳·光明·玉塘,广州,本科,经验不限,,zhilian,,"移动通信,无线通信,传输线路设计,C++,C语言",http://www.zhaopin.com/jobdetail/CC642218330J40870351610.htm?refcode=4019&srccode=401901&preactionid=1e187745-b7eb-4dc1-863f-3e269178a2fe
天线工程师,陕西四菱电子科技股份有限公司,8000-15000元,西安·雁塔·丈八沟,广州,本科,1-3年,,zhilian,,"天线设计,射频测试,射频仿真,相控阵天线,雷达产品,技术文档编写",http://www.zhaopin.com/jobdetail/CCL1228820960J40970926104.htm?refcode=4019&srccode=401901&preactionid=1e187745-b7eb-4dc1-863f-3e269178a2fe
音响系统工程师（上海上班）,瑞通励合(北京)文化传媒有限公司,8000-9000元,上海·青浦·练塘,广州,学历不限,3-5年,,zhilian,,"音视频设备测试,现场调音,音响",http://www.zhaopin.com/jobdetail/CC185674420J40867953910.htm?refcode=4019&srccode=401901&preactionid=1e187745-b7eb-4dc1-863f-3e269178a2fe
通信工程师,沈阳聚源科技有限公司,4000-8000元,沈阳·浑南·五三,广州,本科,1-3年,,zhilian,,"数据通信,光纤通信,电力通信",http://www.zhaopin.com/jobdetail/CC372453230J40845727305.htm?refcode=4019&srccode=401901&preactionid=1e187745-b7eb-4dc1-863f-3e269178a2fe
有线传输设计工程师,宇脉科技,5000-9000元,徐州·云龙区·汉风街道,广州,大专,1-3年,,zhilian,,"移动通信,无线通信,传输线路设计,光路设计",http://www.zhaopin.com/jobdetail/CC382231620J40822007007.htm?refcode=4019&srccode=401901&preactionid=6742a910-026b-4bc2-a63b-a5436fd91212
无线网络优化工程师（4/5G）,中智(安徽)科技服务有限公司,4000-8000元,铜陵·铜官区,广州,大专,1-3年,,zhilian,,无线网络优化工程师中级,http://www.zhaopin.com/jobdetail/CCL1414445340J40899157313.htm?refcode=4019&srccode=401901&preactionid=6742a910-026b-4bc2-a63b-a5436fd91212
网络工程师,民航数据通信有限公司,面议,北京·海淀·花园路,广州,本科,1-3年,,zhilian,,"网络管理,网络运维,华为认证,思科认证,华三认证,LINUX系统运维,运维脚本开发,网络故障排查",http://www.zhaopin.com/jobdetail/CC000413350J40894487213.htm?refcode=4019&srccode=401901&preactionid=6742a910-026b-4bc2-a63b-a5436fd91212
通信技术工程师,大连华缘通信工程有限公司,5000-8000元,大连·金州·站前,广州,本科,经验不限,,zhilian,,"无线通信,C++,运维,测试,工程管理,施工",http://www.zhaopin.com/jobdetail/CCL1210234890J40862726010.htm?refcode=4019&srccode=401901&preactionid=6742a910-026b-4bc2-a63b-a5436fd91212
网络工程师（高级）,杭州吉网通信技术有限公司,1.1-1.7万·13薪,杭州·萧山·盈丰,广州,本科,5-10年,,zhilian,,"网络运维,CCIE,HCIE",http://www.zhaopin.com/jobdetail/CC662552420J40528096808.htm?refcode=4019&srccode=401901&preactionid=6742a910-026b-4bc2-a63b-a5436fd91212
网络优化规划交付工程师,科锐尔人力资源服务(苏州)有限公司,9000-16000元·13薪,西安·雁塔·漳浒寨,广州,本科,5-10年,,zhilian,,"无线网,5G,LTE,华为",http://www.zhaopin.com/jobdetail/CC453635220J40909294403.htm?refcode=4019&srccode=401901&preactionid=6742a910-026b-4bc2-a63b-a5436fd91212
无线网支撑工程师,中国通信建设集团设计院有限公司,6000-10000元,呼和浩特·赛罕·大学西路,广州,本科,3-5年,,zhilian,,无线网,http://www.zhaopin.com/jobdetail/CC237760810J40827649216.htm?refcode=4019&srccode=401901&preactionid=6742a910-026b-4bc2-a63b-a5436fd91212
通信工程师助理,江苏微技科技有限公司,7000-8000元,苏州·工业园区,广州,本科,1-3年,,zhilian,,"无线通信,硬件设计,软件测试,系统优化",http://www.zhaopin.com/jobdetail/CCL1518458130J40840510710.htm?refcode=4019&srccode=401901&preactionid=6742a910-026b-4bc2-a63b-a5436fd91212
无线安装技术工程师,重庆中邮信科集团股份有限公司,1-1.5万,深圳·罗湖·南湖,广州,大专,5-10年,,zhilian,,"通信设备装维,通信项目管理,通信接口/总线",http://www.zhaopin.com/jobdetail/CC120064570J40834895616.htm?refcode=4019&srccode=401901&preactionid=6742a910-026b-4bc2-a63b-a5436fd91212
通信技术工程师,创意嘉(陕西)科技有限公司,3000-6000元,西安·雁塔·杜城,广州,大专,经验不限,,zhilian,,"5G,HCIA,HCIP,卫星通信,数据通信",http://www.zhaopin.com/jobdetail/CCL1522970670J40867686710.htm?refcode=4019&srccode=401901&preactionid=6742a910-026b-4bc2-a63b-a5436fd91212
初级网络工程师,赛尔网络,8000-12000元·13薪,北京·海淀·燕园,广州,本科,3-5年,,zhilian,,"网络运维,华为认证,HCIP",http://www.zhaopin.com/jobdetail/CC000422110J40782624606.htm?refcode=4019&srccode=401901&preactionid=6742a910-026b-4bc2-a63b-a5436fd91212
MBB-产品技术工程师B,河南诚猎人力资源有限公司,1.2-2万·14薪,西安·雁塔·漳浒寨,广州,本科,3-5年,,zhilian,,"无线通信,通信原理,RAN",http://www.zhaopin.com/jobdetail/CCL1483514250J40870526410.htm?refcode=4019&srccode=401901&preactionid=6742a910-026b-4bc2-a63b-a5436fd91212
网络工程师,新疆大道实业投资有限公司,8000-10000元,广州·增城·正果,广州,本科,3-5年,,zhilian,,"网络管理,网络运维,系统运维",http://www.zhaopin.com/jobdetail/CCL1224919580J40868281707.htm?refcode=4019&srccode=401901&preactionid=6742a910-026b-4bc2-a63b-a5436fd91212
天线工程师,希德电子,8000-11000元,西安·长安·韦曲,广州,本科,3-5年,,zhilian,,"抗干扰天线,导航天线,天线设计",http://www.zhaopin.com/jobdetail/CC374299526J90250145000.htm?refcode=4019&srccode=401901&preactionid=b1e5287d-afe2-409d-a9c2-2e78150e5d91
无线室分设计工程师,山东宏骏通信科技有限公司,6000-12000元,北京·通州·永顺,广州,学历不限,3-5年,,zhilian,,无线室分设计,http://www.zhaopin.com/jobdetail/CCL1235022540J40655620914.htm?refcode=4019&srccode=401901&preactionid=b1e5287d-afe2-409d-a9c2-2e78150e5d91
网络工程师,上海兆网电讯科技有限公司,9000-13000元,上海·徐汇·徐家汇,广州,大专,1-3年,,zhilian,,"网络安全,服务器运维,网络运维,华为认证,思科认证,华三认证,H3CIE,H3CSE,H3CNE,CCNP,CCIE,CCNA,HCIE,HCIP,HCIA",http://www.zhaopin.com/jobdetail/CC434668510J40877643312.htm?refcode=4019&srccode=401901&preactionid=b1e5287d-afe2-409d-a9c2-2e78150e5d91
嵌入式工程师,山东瑞迈凯机电股份有限公司,7000-12000元,济宁·邹城市,广州,学历不限,3-5年,,zhilian,,"单片机,ARM处理器",http://www.zhaopin.com/jobdetail/CC837897180J40715089609.htm?refcode=4019&srccode=401901&preactionid=b1e5287d-afe2-409d-a9c2-2e78150e5d91
售后技术支持工程师（本岗位属合作方招聘）,中兴通讯,面议,昆明·西山·前卫,广州,本科,1-3年,,zhilian,,"软件产品,通讯产品",http://www.zhaopin.com/jobdetail/CC120146700J40928598102.htm?refcode=4019&srccode=401901&preactionid=b1e5287d-afe2-409d-a9c2-2e78150e5d91
网络工程师,湖南华埔信息产业有限公司,5000-7000元,湘潭·岳塘区·宝塔街道,广州,大专,3-5年,,zhilian,,"网络安全,服务器运维,网络管理",http://www.zhaopin.com/jobdetail/CC687094780J40754696106.htm?refcode=4019&srccode=401901&preactionid=b1e5287d-afe2-409d-a9c2-2e78150e5d91
无线电产品软件开发工程师,广东雅达电子股份有限公司,1.2-2万,河源·源城区·高埔岗街道,广州,本科,3-5年,,zhilian,,"4G,5G,无线通信运维",http://www.zhaopin.com/jobdetail/CC542469220J40255702005.htm?refcode=4019&srccode=401901&preactionid=b1e5287d-afe2-409d-a9c2-2e78150e5d91
无线电调试工程师,盛航(台州)科技有限公司,4000-5000元,台州·路桥区·蓬街镇,广州,本科,经验不限,,zhilian,,无线通信运维,http://www.zhaopin.com/jobdetail/CCL1251882060J40855473610.htm?refcode=4019&srccode=401901&preactionid=b1e5287d-afe2-409d-a9c2-2e78150e5d91
网络交付工程师,可利邦,1-1.5万,北京·海淀·八里庄,广州,大专,3-5年,,zhilian,,"锐捷,网络",http://www.zhaopin.com/jobdetail/CC378282510J40870921710.htm?refcode=4019&srccode=401901&preactionid=b1e5287d-afe2-409d-a9c2-2e78150e5d91
网络工程师,辽宁众晟科技发展有限责任公司,7000-9000元,沈阳·浑南·白塔,广州,本科,3-5年,,zhilian,,"网络安全,网络运维,华为认证,HCIE,思科认证,CCIE",http://www.zhaopin.com/jobdetail/CC716113580J40866683201.htm?refcode=4019&srccode=401901&preactionid=b1e5287d-afe2-409d-a9c2-2e78150e5d91
网络工程师,山西鑫保科技有限公司,3000-6000元,临汾·尧都区·刘村镇,广州,大专,1-3年,,zhilian,,系统运维,http://www.zhaopin.com/jobdetail/CCL1306778550J40874195010.htm?refcode=4019&srccode=401901&preactionid=b1e5287d-afe2-409d-a9c2-2e78150e5d91
it网络工程师,思创数码,5000-8000元,南昌·青山湖·塘山,广州,本科,3-5年,,zhilian,,"网络工程,系统服务",http://www.zhaopin.com/jobdetail/CC178359120J40868476007.htm?refcode=4019&srccode=401901&preactionid=128ff1a0-14ef-4e27-b543-02bc5d0ac067
中级网络工程师,电旗,1.1-1.4万,北京·朝阳·东湖,广州,大专,3-5年,,zhilian,,"硬件/设备运维,网络管理,网络运维",http://www.zhaopin.com/jobdetail/CC000551470J40833439007.htm?refcode=4019&srccode=401901&preactionid=128ff1a0-14ef-4e27-b543-02bc5d0ac067
天线工程师,济南感知起源信息科技有限公司,1-1.5万·14薪,济南·市中·十六里河,广州,本科,1-3年,,zhilian,,"微波雷达,卫星,天线",http://www.zhaopin.com/jobdetail/CCL1474611160J40871138503.htm?refcode=4019&srccode=401901&preactionid=128ff1a0-14ef-4e27-b543-02bc5d0ac067
现场运维网络工程师,北京富安通达工程技术有限公司,6000-12000元,北京·朝阳,广州,本科,1-3年,,zhilian,,"数据网运维,系统运维,局域网运维",http://www.zhaopin.com/jobdetail/CC551494130J40783904806.htm?refcode=4019&srccode=401901&preactionid=128ff1a0-14ef-4e27-b543-02bc5d0ac067
网络工程师,天津国信达科技有限公司,7000-9000元,天津·津南·双港,广州,本科,1-3年,,zhilian,,"交换机配置,负载均衡,路由器配置,IDC维护,网络规划设计,Linux,Unix,Windows,网络安全,网络运维,服务器运维",http://www.zhaopin.com/jobdetail/CCL1276153640J40376636009.htm?refcode=4019&srccode=401901&preactionid=128ff1a0-14ef-4e27-b543-02bc5d0ac067
无线网络优化中心维护工程师岗,广东邮电人才服务有限公司广州分公司,5000-7000元,广州·越秀·北京街道,广州,大专,1-3年,,zhilian,,无线网,http://www.zhaopin.com/jobdetail/CC267620210J40553712704.htm?refcode=4019&srccode=401901&preactionid=128ff1a0-14ef-4e27-b543-02bc5d0ac067
网络运维工程师,深圳市网度通信有限公司,5000-7000元,北京·通州·台湖,广州,大专,1-3年,,zhilian,,"系统运维,数据网运维,局域网运维,机房网络运维,桌面运维,广域网运维,无线网络运维",http://www.zhaopin.com/jobdetail/CC700302720J40878690914.htm?refcode=4019&srccode=401901&preactionid=128ff1a0-14ef-4e27-b543-02bc5d0ac067
无线通信FPGA工程师,盟讯(广州)电子有限公司,1-2万,广州·天河·冼村,广州,本科,1-3年,,zhilian,,"VHDL,Verilog,FPGA,CPLD",http://www.zhaopin.com/jobdetail/CC132484210J40988673304.htm?refcode=4019&srccode=401901&preactionid=128ff1a0-14ef-4e27-b543-02bc5d0ac067
网络工程师(J10308),合肥欣奕华智能机器股份有限公司,8000-15000元,合肥·瑶海·三十头,广州,本科,3-5年,,zhilian,,"硬件/设备运维,网络安全",http://www.zhaopin.com/jobdetail/CCL1450876770J40913182812.htm?refcode=4019&srccode=401901&preactionid=128ff1a0-14ef-4e27-b543-02bc5d0ac067
通信设计工程师,华信设计,5000-7000元,白银·白银区·人民路街道,广州,大专,1-3年,,zhilian,,"通信设计,通信工程概预算,勘查设计,通信电源,宏站,室分,传输设备",http://www.zhaopin.com/jobdetail/CC121043380J40912438203.htm?refcode=4019&srccode=401901&preactionid=128ff1a0-14ef-4e27-b543-02bc5d0ac067
网络工程师,润和软件,5000-8000元,武汉·洪山·关山,广州,本科,1-3年,,zhilian,,"VPN,网络安全",http://www.zhaopin.com/jobdetail/CC171774410J40868228214.htm?refcode=4019&srccode=401901&preactionid=128ff1a0-14ef-4e27-b543-02bc5d0ac067
网络技术工程师,南京信同诚信息技术有限公司,9000-12000元,南京·玄武·玄武湖,广州,大专,3-5年,,zhilian,,"网络安全,网络运维",http://www.zhaopin.com/jobdetail/CC172671710J40954062315.htm?refcode=4019&srccode=401901&preactionid=128ff1a0-14ef-4e27-b543-02bc5d0ac067
