job_name,company_name,salary,work_area,city,education,work_year,issue_date,source,skill_requirements,tech_tags,job_url
聘造价咨询项目经理（施工单位全过程控制项目）,重庆市以存项目管理有限公司,8000-15000元,重庆·垫江·桂阳,重庆,大专,5-10年,7月26日,zhilian_direct,岗位职责 1、负责团队的搭建与管理、部门会议召开等； 2、全面负责项目的全过程控制，制定造价管控方案与实施计划，确保项目目标按期、保质达成。 3、统筹工作进度，对项目整体质量与成果负责。 4、负责施工单位项目部、业主方、监理单位、设计单位等各方的日常沟通与商务协调。 5、参与施工图纸会审，编制或审核施工图预算、工程量清单，进行成本测算与风险预判，提出优化建议。 6、协助施工方编制投标报价、进行成本分析与报价策略制定。 7、参与成果文件编制与审核，负责各项风险预测与把控，制定风险应对措施。 8、负责项目相关的文件签发与审核。 9、建立完整的造价档案体系，确保所有签证、变更、函件、台账等资料可追溯、闭环管理。 10、完成领导下达的其他任务。 二、任职要求 1、持有一级造价工程师证，工程造价、土木工程、工程管理等相关专业毕业； 2、从事造价咨询工作8年及以上，有施工单位商务经理经验3年及以上(重庆地区工作经验)； 3、精通土建、装饰、市政专业，会房建安装，对公路、水利专业有一定的了解； 4、具备组织协调能力； 5、具备高度责任感和职业素养； 6、接受重庆垫江办公和短期出差。 三、工作时间：8:30-12:00，14:00-18:00 工作地点：重庆市垫江县温州商贸城B2栋111号 薪资：底薪8000+提成 四、面试请带上简历，简历内容需包含过往项目经历（公司有可能会做背调）。 简历接收邮箱：**************** 本公司是造价咨询公司，欢迎符合要求的朋友投递简历。 工作地点 垫江县重庆市以存项目管理有限公司(垫江分公司) 以担保或任何理由索要财物，扣押证照，均涉嫌违法。一经发现， 立即举报,"土建工程,一级注册造价师",http://www.zhaopin.com/jobdetail/CCL1465364980J41024099304.htm?refcode=4019&srccode=401903&preactionid=134667b8-65a7-418b-8585-0e85deeaabfd
招标代理项目经理,沈阳恒晟亿隆项目管理咨询有限公司,7000-10000元,沈阳·皇姑,沈阳,大专,3-5年,7月26日,zhilian_direct,岗位职责 1. 独立负责招标代理全流程工作，包括项目对接、招标文件编制、公告发布、开评标组织、结果公示、档案归档等全流程管控； 2. 对接货物类、服务类、工程类及院校、政府、企事业单位等客户，跟进项目需求，维护客户关系； 3. 严格按照招投标法律法规开展工作，把控项目风险，处理项目过程中的异议、质疑等事宜； 4. 协调业主、评标专家、监督部门及各投标单位，保障项目合法合规、高效推进； 任职要求 1. 大专及以上学历，招投标、工程管理、法学等相关专业优先； 2. 熟悉《招标投标法》《政府采购法》及相关条例、法规，熟悉电子招投标平台操作； 3. 有货物、服务、工程类项目实操经验，拥有院校、政府、企事业单位等客户资源者优先； 4. 工作严谨细致，沟通协调能力强，责任心强，能承受一定工作压力。 5.有辽西地区政企资源优先。 薪资福利 - 薪资：无责底薪+提成+年终奖 - 福利：五险一金、带薪年假、节日福利、团建活动、专业培训、良好晋升空间 -工作时间：8:30-17:30 午休12:00-13:00 周末双休 工作地点 沈阳皇姑区怒江街77号科创工场909 以担保或任何理由索要财物，扣押证照，均涉嫌违法。一经发现， 立即举报,"招标,招标代理,工程招投标项目,采购招投标项目,货物招投标项目",http://www.zhaopin.com/jobdetail/CCL1469813830J40861980805.htm?refcode=4019&srccode=401903&preactionid=134667b8-65a7-418b-8585-0e85deeaabfd
招标代理项目经理,中通服项目管理咨询有限公司,6000-11000元,长沙·芙蓉·东岸,长沙,大专,3-5年,7月26日,zhilian_direct,"岗位职责： 1、熟悉招标代理工作流程;与招标人能够做好良好沟通。 2、能够独立实施招标代理业务工作 3、主持采购文件会审并编写会议纪要、主持开评标工作; 4、编制发售招标文件、组织投标人员踏勘现场及答疑等各项工作; 5、对项目过程中反馈的意见进行收集、整理、 反馈，向业主提出改良意见; 6、管控项目实施并合理规避风险,对项目团队内部项目执行交叉检查; 7、完成其他上级交办和团队协作的各项工作; . 岗位要求： 1、大专及以上学历,有运营商项目经验，有三年及以上招标代理经验； 2、工作地点：长沙 3、责任心强，沟通协同能力良好。 工作地点 长沙芙蓉区湖南通服大楼 以担保或任何理由索要财物，扣押证照，均涉嫌违法。一经发现， 立即举报",通信运营商/电信增值服务,http://www.zhaopin.com/jobdetail/CC654305220J40750618201.htm?refcode=4019&srccode=401903&preactionid=134667b8-65a7-418b-8585-0e85deeaabfd
造价项目经理（土建）,华伦博邦项目管理有限公司,8000-10000元,长沙·芙蓉·韭菜园,长沙,大专,5-10年,7月26日,zhilian_direct,职位描述 土建工程 一级注册造价师 咨询服务 任职资格： 1、至少5年及以上咨询公司造价土建专业工作经验，独立完成项目，对接甲方； 2、专科及以上学历。持有一级造价师证或者二级造价师（优先）； 3、有丰富的房建项目工作经验；有全过程造价咨询工作经验优先； 4、具有良好的沟通能力，有责任心，工作积极主动。 周末双休，带薪年假 工作地点 芙蓉区八一中路383号正东方向130米壹号座品长沙市八一路壹号座品B座10层 以担保或任何理由索要财物，扣押证照，均涉嫌违法。一经发现， 立即举报,"土建工程,一级注册造价师",http://www.zhaopin.com/jobdetail/CC288383180J40802267915.htm?refcode=4019&srccode=401903&preactionid=134667b8-65a7-418b-8585-0e85deeaabfd
安装工程造价项目经理（烟台）,众兴工程项目管理咨询(山东)有限公司,7000-9000元,烟台·芝罘·奇山,烟台,大专,5-10年,7月26日,zhilian_direct,职位描述 电气工程 给排水工程 暖通工程 安装工程 工程技术与设计服务 咨询服务 技能要求： 1.负责安装工程造价，熟悉并掌握常用定额，了解人工费、材料和设备市场价格； 2.熟悉掌握工程量计算规则；熟悉掌握和运用多种计价方式，清单计价、定额计价等方式； 3.负责编制、审核招标清单、招标控制价、工程概（预）算、竣工结算； 4.服从公司对工作的机动安排、完成领导交办的其它工作。 任职要求： 1.大专以上学历，工程造价、工程类相关专业，有注册造价师证者优先考虑； 2.五年以上相关工作经验，有一线地产公司项目经历的优先，能独立完成工程预结算，变更签证等工作； 3.爱岗敬业，责任心强，耐心细致，踏实肯干，具有良好的团队合作意识。 福利待遇： 1. 双休，节假日根据国家规定休息 2. 五险一金，工龄补贴、激励奖金、节假日福利 3.薪资面议 4.能适应短期或阶段性出差 5.一级造价师优先 工作地点 烟台芝罘区莱山区第二实验小学 以担保或任何理由索要财物，扣押证照，均涉嫌违法。一经发现， 立即举报,"电气工程,给排水工程,暖通工程,安装工程",http://www.zhaopin.com/jobdetail/CCL1322803540J40907480403.htm?refcode=4019&srccode=401903&preactionid=134667b8-65a7-418b-8585-0e85deeaabfd
市政项目经理,四川中达旭建设项目管理有限责任公司,1.2-1.5万,泸州·江阳区·华阳街道,泸州,大专,5-10年,7月26日,zhilian_direct,岗位职责 1.负责市政项目（含污水厂项目）的现场施工管理，组织施工班组按图施工； 2.编制施工进度计划，跟踪落实各工序节点，确保工期目标达成； 3.负责现场技术交底、测量放线、质量检查及隐蔽工程验收； 4.协调施工过程中与甲方、监理、设计单位的关系，处理现场技术问题； 5.监督施工安全，落实安全技术措施，排查现场安全隐患； 6.负责施工日志、检验批资料等工程资料的编制与整理； 7.参与材料进场验收、工程量核算及成本控制工作。 任职要求 1.学历要求：大专及以上学历，市政工程、土木工程、给排水等相关专业； 2.证书要求：持有一级建造师（市政公用工程）及以上执业资格证书；持有3.安全员B证（建安B证）；且可注册至公司使用 4.经验要求：3年以上市政项目施工管理经验，有污水厂项目施工经验者优先； 5.技能要求：熟悉市政工程施工规范及验收标准，能熟练使用CAD、测量仪器及办公软件； 6.其他要求：责任心强，具备良好的沟通协调能力和现场应变能力，能适应项目驻场工作 工作地点 泸州市-江阳区-S307(康城路一段)21楼 以担保或任何理由索要财物，扣押证照，均涉嫌违法。一经发现， 立即举报,"施工管理,二级建造师（市政公用）,中级市政工程师职称,安B,主管/经理",http://www.zhaopin.com/jobdetail/CCL1484945800J40862866301.htm?refcode=4019&srccode=401903&preactionid=134667b8-65a7-418b-8585-0e85deeaabfd
招标代理项目经理,中杰齐晟项目管理有限公司,4000-6000元,淄博·张店区·马尚街道,淄博,本科,1-3年,7月26日,zhilian_direct,岗位职责： 1. 独立开展招标代理项目，负责项目的全面管理。 2. 制定项目计划，确保项目按期完成。 3. 负责与客户沟通，准确把握客户需求，提供专业建议。 4. 监督项目执行过程，确保项目质量。 5. 完成项目总结和归档工作。 岗位要求： 1. 具备招标代理相关工作经验，熟悉相关法律法规和操作流程。 2. 具备良好的沟通协调能力和团队协作精神。 3. 具备较强的项目管理能力和解决问题的能力。 4. 有独立开展项目的能力。 工作地点 淄博张店区创业大厦9楼 以担保或任何理由索要财物，扣押证照，均涉嫌违法。一经发现， 立即举报,"工程招投标项目,采购招投标项目,货物招投标项目",http://www.zhaopin.com/jobdetail/CC834368730J40824687116.htm?refcode=4019&srccode=401903&preactionid=134667b8-65a7-418b-8585-0e85deeaabfd
招标项目经理,陕西中诚天和项目管理有限公司,6000-12000元,西安·雁塔·丈八沟,西安,大专,3-5年,7月26日,zhilian_direct,职位描述 招标代理 1、熟悉省内各地市交易中心业务办理流程，能独立开展政府采购类招标工作; 2、负责审核招标公告、投标邀请书，起草、审核和报送招标文件、资格预审文件的等相关资料。负责招标资料的收集和整理，检查审核相关资料是否齐全; 3、负责招标代理业务的受理、按业主要求安排招标时间并推进项目、办理进场、发布公告文件、落实线上线下开评标工作、整理标后资料、归档报送及各环节相关备案工作; 4、负责组织开标、评标工作及现场处理突发状况。审核把关开标结果以及中标通知书的发放; 5、完成上级交办和团队协作的各项工作职位要求; 任职要求 1、大学专科及以上学历；负责招标业务的管理工作 2、具有较强的语言、文字表达能力，能独立编制各项文件等； 3、熟悉招标代理专业知识、相关法律法规及招标流程和交易中心业务办理流程； 4、管理协作经验丰富，表达能力强，思维清晰，擅长沟通，具备良好的职业道德和团队协作精神，外联能力、处理突发问题能力及工作责任心强。 地址:西安市高新区锦业一路宝德云谷国际B座1406-6室 工作地点 陕西省西安市雁塔区南三环雁塔区宝德.云谷国际商务云中心B座(南三环北)14层1408室 以担保或任何理由索要财物，扣押证照，均涉嫌违法。一经发现， 立即举报,招标代理,http://www.zhaopin.com/jobdetail/CCL1465708280J40682580212.htm?refcode=4019&srccode=401903&preactionid=134667b8-65a7-418b-8585-0e85deeaabfd
项目经理,四川中达旭建设项目管理有限责任公司,8000-12000元,泸州·江阳区·华阳街道,泸州,大专,3-5年,7月26日,zhilian_direct,岗位职责 1.项目管理与统筹 全面负责项目施工的组织、协调与管理工作，确保项目按计划推进； 编制项目施工进度计划，合理调配人、材、机等资源，保障工期目标达成。 2.质量与安全管理 严格执行国家及行业质量标准，把控施工质量，组织质量检查与验收； 落实安全生产责任制，监督现场安全文明施工，杜绝安全事故发生。 3.成本控制 配合成控部门做好项目成本管控，审核现场用料计划，控制材料损耗； 配合斗拱云系统完成人、材、机械成本的线上录入与系统化管控。 4.劳务班组管理 负责劳务班组的日常管理与协调，监督班组施工质量与进度； 配合完成劳务班组招采及合同签订工作。 5.对外协调 负责与甲方、监理、设计单位等外部关系的沟通与协调； 处理施工过程中的变更、签证及索赔事宜。 6.资料管理 组织项目施工资料的收集、整理与归档，确保资料完整、准确、及时； 配合完成安全资料、劳资实名资料等管理工作。 二、任职要求 1.学历与专业：大专及以上学历，建筑工程、土木工程、工程管理等相关专业优先； 2.工作经验：3年以上房建装修项目现场管理经验，有完整项目管理经验者，有财政医院项目经验优先； 3.证书要求：持有二级建造师（建筑工程）及以上资格证书优先； 专业技能： 熟悉房建装修施工工艺、流程及验收标准； 熟悉施工图纸，具备较强的现场问题处理能力； 了解斗拱云等工程管理系统操作者优先； 综合素质： 具备较强的组织协调能力和团队管理能力； 责任心强，抗压能力好，能适应项目现场工作节奏； 具备良好的沟通能力和商务谈判能力 工作地点 泸州市-江阳区-S307(康城路一段) 以担保或任何理由索要财物，扣押证照，均涉嫌违法。一经发现， 立即举报,"土建工程,房建工程,二级建造师,医疗建筑",http://www.zhaopin.com/jobdetail/CCL1484945800J40866147201.htm?refcode=4019&srccode=401903&preactionid=134667b8-65a7-418b-8585-0e85deeaabfd
招标项目经理,广东华阳项目管理有限公司,8000-12000元·13薪,广州·越秀·大塘,广州,大专,1-3年,7月26日,zhilian_direct,岗位职责： 1、负责编写招标采购文件，跟进项目从发布公告、开标、评标到项目归档的全过程工作； 2、跟踪、更新和学习与各咨询业务相关的法律法规、政策文件、行业知识； 3、负责与客户联络和协调，准确把握客户需求，为客户决策提供技术咨询等； 4、了解并发掘客户需求，为客户提供详尽、专业的采购代理咨询服务，协同市场人员进行项目洽谈，提供业务支持； 5、掌握招标采购专业领域知识，承接公司采购咨询项目的实施，进行项目全流程服务，包括市场调查、数据搜集与分析、方案编制、报告编制等。 任职要求： 1、大专及以上学历，有2年以上招标代理工作，招标、采购或工程相关专业的优先考虑。 2、熟练运用office办公软件，具有一定的文字处理能力； 3、具有良好的沟通协调能力、抗压能力； 4、从事各行业项目招标经验资历的优秀人才可通过培训指导上岗； 5、熟悉采购项目流程，具有招标师资格证书、政府采购项目和公共资源交易中心项目招标代理工作经验优先考虑。 福利待遇： （1）月薪：面议 （2）上班时间：八小时工作制（双休，法定节假日休息） （3）福利：购买社保、节日福利、年终奖等。 工作地点 广州越秀区东照大厦2805 以担保或任何理由索要财物，扣押证照，均涉嫌违法。一经发现， 立即举报,"招标代理,招标,采购招投标项目,货物招投标项目,技术服务招投标项目",http://www.zhaopin.com/jobdetail/CCL1280283670J40527383411.htm?refcode=4019&srccode=401903&preactionid=134667b8-65a7-418b-8585-0e85deeaabfd
十五五农业农村现代化发展规划项目经理,湖南智信中财项目管理有限公司,7000-12000元,长沙·岳麓·银盆岭,长沙,硕士,5-10年,7月26日,zhilian_direct,职位描述 农业项目 十五五农业农村现代化发展规划 乡村振兴 农/林/牧/渔 咨询服务 学术/科研 《 “十五五” 农业农村现代化规划》要在前期充分深入调研的基础上，对《“十四五”农业农村现代化规划》落实情况进行评估，总结发展成效，凝练发展亮点和经验，分析存在的问题和短板，研判发展形势，科学提出“十五五”期间农业农村现代化发展的总体思路和发展目标，聚焦“三化一融”（农业、农村和农民的现代化，城乡融合发展），提出“十五五”期间需要推进的重大战略任务、重大改革举措、重大工程项目等。规划需要符合娄底市农业农村实际情况、发展方向及发展路径，具有农业农村发展的前瞻性。农业现代化（科技、智慧农业、种业振兴）、农村现代化（供水、人居环境、数字乡村）、农民现代化（培训、增收渠道），城乡融合（要素流动、公共服务均等化） 工作地点 长沙岳麓区毛泽东文学院学海文化楼312 以担保或任何理由索要财物，扣押证照，均涉嫌违法。一经发现， 立即举报,"农业项目,十五五农业农村现代化发展规划,乡村振兴",http://www.zhaopin.com/jobdetail/CCL1488228390J40911986504.htm?refcode=4019&srccode=401903&preactionid=134667b8-65a7-418b-8585-0e85deeaabfd
招标代理项目经理,中宇信达项目管理有限公司,5000-10000元,石家庄·桥西·中山,石家庄,大专,5-10年,7月26日,zhilian_direct,职位描述 招标 1.熟悉招标法 2.了解河北省各市县招标全流程 3.有8年以上招标工作经验 4.接受经常出差 工作地点 石家庄桥西区中山西路108号万象城A座30层 以担保或任何理由索要财物，扣押证照，均涉嫌违法。一经发现， 立即举报,招标,http://www.zhaopin.com/jobdetail/CC810085030J40858307705.htm?refcode=4019&srccode=401903&preactionid=134667b8-65a7-418b-8585-0e85deeaabfd
工程项目经理,上海安鼎合项目管理有限公司,1.5-1.8万,绍兴·诸暨市·暨阳街道,绍兴,本科,10年以上,7月26日,zhilian_direct,职位描述 土建工程 房建工程 办公建筑 工程施工 办公厂房、办公楼项目，招聘现场项目经理，要求：土木工程等专业，中级及以上职称，一级建造，安全B证，做过EPC项目。 工作地点 绍兴诸暨市暨阳街道 以担保或任何理由索要财物，扣押证照，均涉嫌违法。一经发现， 立即举报,"土建工程,房建工程,办公建筑",http://www.zhaopin.com/jobdetail/CCL1481806380J40876515814.htm?refcode=4019&srccode=401903&preactionid=134667b8-65a7-418b-8585-0e85deeaabfd
项目经理（助浴、康复、家政）,中深泰项目管理有限公司,8000-10000元,北京·海淀·甘家口,北京,大专,3-5年,7月26日,zhilian_direct,岗位职责： 1.从事过物业、养老服务及家政行业； 2.与民政、残联、街道有过工作对接，处理过不同渠道的投诉事宜； 3.做好项目监督、定期检查、不定期抽查工作； 4.合理安排工作人员（包括但不限于外聘人员）； 5.有撰写中期与结项报告的能力； 6.有项目成本预算管控能力，并能实时做好外聘人员的工资结算事务； 7.有服务人员的资源或第三方资源； 8.有一定的沟通能力，抗压能力强，会开车。 任职要求 1、有部门统筹及管理能力。 2、有良好的沟通吸协调能力。 3.、有一定抗压能力，有正能量。 4、 5、最好会开车！ 工作地点 北京海淀区紫玉写字楼13层 以担保或任何理由索要财物，扣押证照，均涉嫌违法。一经发现， 立即举报,"其他生活服务,社会团体与公益组织",http://www.zhaopin.com/jobdetail/CC855461110J40857970905.htm?refcode=4019&srccode=401903&preactionid=134667b8-65a7-418b-8585-0e85deeaabfd
市政道路项目经理,河北硕钧工程项目管理有限公司,6000-9000元,廊坊·安次区·光明西道街道,廊坊,大专,5-10年,7月26日,zhilian_direct,职位描述 工程施工 1. 负责**图纸查看、技术交底、现场测量放线** 2. 指导现场施工，把控**施工质量、工序规范** 3. 处理现场技术问题，配合**隐蔽工程、分部分项验收** 4. 整理施工资料、填写施工日志 5. 配合安全、材料管理及工程签证、变更工作 7.项目资料收集 8.项目人员考勤、工资核算 6.有建造师证书 工作地点 河北省廊坊市安次区爱民西道169号广炎供热院内 以担保或任何理由索要财物，扣押证照，均涉嫌违法。一经发现， 立即举报,工程施工,http://www.zhaopin.com/jobdetail/CCL1390848090J40808985816.htm?refcode=4019&srccode=401903&preactionid=134667b8-65a7-418b-8585-0e85deeaabfd
招标项目经理,法正项目管理集团有限公司,5000-10000元,菏泽·牡丹区·丹阳街道,菏泽,大专,3-5年,7月26日,zhilian_direct,职位描述 招标 投标 招标代理 工作职责 1、负责招标代理全流程工作，从立项到资料归档，包括对接招标人明确核心需求，组织开标、评标，处理异议和突发状况，监督工作质量，确保流程合规内容齐全；‌ 2、与业主保持密切联系，沟通需求，维护业务关系，评估并提升客户满意度，挖掘潜在业务； 3、带领团队与资源协调：合理分配成员职责，确保团队成员高效协作。配合公司其他部门，完成跨部门协作任务，并支持业务拓展； 4、‌合规与风险管理：熟悉《招标投标法》《政府采购法》及地方规定，确保流程符合法律法规；管控项目质量，识别潜在风险，并提出应对措施。 5、收集市场信息，分析行业趋势，为业务策略、公司发展提供建议； 6、‌完成领导安排的其他工作。 岗位要求： 1、专科及以上学历； 2、性格开朗、思维活跃，有较强的组织、沟通及协调能力，具备高度的责任心和职业道德，抗压能力强； 3、有3年以上招标代理工作经验，有独立负责大项目招标经历； 4、能熟练运用办公自动化软件； 5、可接受外派； 6、资源丰富、有项目渠道、拓展项目工作经验丰富者，薪酬从优，可面议。 薪酬福利： 1、缴纳五险一金；2、月薪+餐补+驻外补助+证书补助+年终绩效奖金；3、不定期年度旅游、体检或工装福利等；4、可提供住宿；5、传统重大节日发放公司福利。 公司优势：中国招标投标协会常务理事单位，数智招采、招标代理两个专业委员会委员;山东省招标投标协会轮值会长、安徽省招标投标协会常务理事、河南省招标投标协会常务理事;山东省优秀诚信企业、山东省招标投标协会诚信自律建设先进单位等多项荣誉;2025年，公司招标团队更是勇夺省级技能大赛冠军，代表山东征战全国赛场，展现出了过硬实力。我公司连续数年获得山东、河南、安徽、甘肃等省份的优秀招标代理机构荣誉。 工作地点 菏泽牡丹区菏建·数码大厦A座5楼 以担保或任何理由索要财物，扣押证照，均涉嫌违法。一经发现， 立即举报,"招标,投标,招标代理",http://www.zhaopin.com/jobdetail/CC283199680J40920278115.htm?refcode=4019&srccode=401903&preactionid=134667b8-65a7-418b-8585-0e85deeaabfd
空分项目经理,上海法谊工程项目管理有限公司,2.4-3万,哈密·伊州区·石油新城街道,哈密,本科,5-10年,7月26日,zhilian_direct,职位描述 空分项目全生命周期管理 化工 工作职责 1. 全面负责空分项目的全生命周期管理，包括项目策划、进度管控、成本预算与质量安全监督。 2. 主导空分装置的技术方案评审，协调设计、施工、调试等跨部门资源，解决项目中的技术难点与瓶颈问题。 3. 建立项目风险预警机制，及时识别并处理项目执行中的潜在风险，确保项目按计划交付。 4. 负责与业主、供应商及监理单位的沟通协调，维护良好的合作关系，保障项目顺利推进。 任职要求 1. 本科及以上学历，化工、机械或项目管理相关专业，持有PMP或建造师证书者优先。 2. 具备5年以上石油/石化行业空分项目管理经验，熟悉空分装置的工艺原理与建设流程。 3. 具备优秀的跨团队沟通能力与问题解决能力，能有效协调多方资源推动项目落地。 工作地点 伊州区哈密站 以担保或任何理由索要财物，扣押证照，均涉嫌违法。一经发现， 立即举报,空分项目全生命周期管理,http://www.zhaopin.com/jobdetail/CC565839720J40951006915.htm?refcode=4019&srccode=401903&preactionid=134667b8-65a7-418b-8585-0e85deeaabfd
评估公司项目经理,重庆开源工程项目管理有限公司,6000-8000元,重庆·渝北·龙溪,重庆,大专,3-5年,7月26日,zhilian_direct,职位描述 房地产估价师 土地估价师 资产评估师 房地产开发经营 土地/公共设施管理 房地产中介/租赁 1、学历：大学专科及以上学历； 2、工作经验：具有两年以上行业专业经验，能独立操作评估业务； 3、个人能力：能独立带领团队完成大中型整体资产评估、房地产、土地项目评估、项目咨询和筹划；熟悉国家相关评估法规和政策，熟悉评估的工作流程；做事认真仔细，具有较强的表述能力；能熟练运用Office办公软件；具有较强的沟通、组织、协调能力和团队合作精神。 4、职业资格：具有房地产估价师、土地估价师、资产评估师等多个或单个执业资格证书。。 职位福利：餐补、员工旅游、周末双休、项目奖金、出国游、节日福利、高温补贴 工作地点 渝北区重庆市江北区红石路2号东和银都大厦B座7、8楼 以担保或任何理由索要财物，扣押证照，均涉嫌违法。一经发现， 立即举报,"房地产估价师,土地估价师,资产评估师",http://www.zhaopin.com/jobdetail/CC698503320J00016818119.htm?refcode=4019&srccode=401903&preactionid=134667b8-65a7-418b-8585-0e85deeaabfd
招标代理项目经理,广东汇创项目管理有限公司,6000-12000元,海口·秀英·海秀,海口,大专,1-3年,7月26日,zhilian_direct,"职位描述 工程招投标项目 采购招投标项目 招标 工作内容： 负责协助招标人编制招标文件，进行招标活动，协助招标人完成招标过程。 主要职责： - 根据招标人的需求，撰写招标文件，包括招标公告、投标邀请书、评标函等。 - 协助招标人进行招标活动，包括组织招标会、回答投标人问题等。 - 协助招标人联系潜在投标人，进行初步筛选，并对投标人进行资格预审。 - 根据招标人的授权，代表招标人参与评标工作等。 - 协助招标人处理招标过程中的其他事宜，如招标文件澄清、投标文件接收等。 - 对项目过程中反馈的意见进行收集、整理、反馈，向业主提出改良意见； - 积极配合公司其他同事之间的工作,保守公司和客户及供应商的秘密； - 完成其他上级交办和团队协作的各项工作。 任职要求： 1.1年以上招标经验、熟悉招投标流程，具有通信、工程招标代理工作经验优先录取； 2.较强的沟通、组织协调能力； 3.具有较强的工作责任心和服务意识，团队协作意识强；语言表达能力较强，吃苦耐劳，能适应一定强度工作有一定的抗压能力。 4.熟练使用办公软件，具有较强的文字功底。 工作地点 海口秀英区丘海一横路10号 以担保或任何理由索要财物，扣押证照，均涉嫌违法。一经发现， 立即举报","工程招投标项目,采购招投标项目",http://www.zhaopin.com/jobdetail/CCL1231199050J40949357915.htm?refcode=4019&srccode=401903&preactionid=134667b8-65a7-418b-8585-0e85deeaabfd
招标项目经理,经协(黑龙江)项目管理有限公司,5000-7000元,哈尔滨·松北·松北街道,哈尔滨,大专,3-5年,7月26日,zhilian_direct,职位描述 招标 工程招投标项目 咨询服务 工作内容： 工作职责 Ø 有3-5年招标代理、项目经理从业经验，能独立完成政府采购和公共资源以及建设工程项目。 Ø 负责招标全过程业务，包括但不限于拟定招标工作方案、办理招标项目备案； Ø 负责招标公告、招标文件(资格预审文件)的编制和报审、修改与补充； Ø 负责组织开评标活动；熟悉《招标投标法》《政府采购法》及政府采购流程 Ø 入库专家优先。 Ø 必须具备注册类职业资格证书或具备工程相关专业职称证 工作地点 哈尔滨松北区经协(黑龙江)项目管理有限公司 以担保或任何理由索要财物，扣押证照，均涉嫌违法。一经发现， 立即举报,"招标,工程招投标项目",http://www.zhaopin.com/jobdetail/CCL1485450640J40764536610.htm?refcode=4019&srccode=401903&preactionid=134667b8-65a7-418b-8585-0e85deeaabfd
项目经理,湖北昂旭建筑工程有限公司,6000-10000元,黄石·团城山街道,Guangzhou,本科,3-5年,7月24日,zhilian,职位描述 消防项目 工程施工 岗位内容： 1. 负责项目的计划、执行和控制，确保项目按时交付、质量符合要求； 2. 协调各个部门之间的工作，对项目进展情况进行监控和调整； 3. 维护客户关系，准确把握客户需求，及时响应客户问题； 4. 负责项目结算、文件管理、评估和报告撰写等工作。 任职要求： 1. 具备3年以上项目管理相关工作经验，熟悉项目管理流程和常用工具； 2. 能够快速适应新环境和新任务，具有较强的学习能力和分析解决问题的能力； 3. 良好的沟通协调能力和团队合作精神，以客户为中心，注重结果和效率； 4. 熟悉消防安装项目优先，每周双休，交五险不包吃住。 工作地点 黄石湖锦路1号 以担保或任何理由索要财物，扣押证照，均涉嫌违法。一经发现， 立即举报,消防项目,http://www.zhaopin.com/jobdetail/CC666012680J40922660312.htm?refcode=4019&srccode=401901&preactionid=ced2e815-ccc6-4cd2-8c9f-8fd3cf35e6d3
项目经理,中山创鼎机电设备有限公司,7000-12000元,中山·黄圃镇,Guangzhou,学历不限,1-3年,7月24日,zhilian,职位描述 电气机械/电力设备 通用设备制造 专用设备制造 嘿，你！我们正在寻找一位有能力、有热情的项目经理，和我们一起完成公司的重要任务！ 你的工作将是带领团队，确保项目的顺利进行，解决各种问题，并与客户和供应商保持良好的沟通。 如果你满足以下条件，就赶快加入我们吧！ 熟悉设备安装工艺及图纸； 熟悉项目管理工具和方法论； 善于沟通，能处理各种复杂问题； 责任心强，热爱团队工作； 有PMP证书？那太好了，我们更欢迎你！ 期待你的加入，一起创造更多的项目奇迹！ 工作地点 中山市-健愉路30号之一 以担保或任何理由索要财物，扣押证照，均涉嫌违法。一经发现， 立即举报,"电气机械/电力设备,通用设备制造,专用设备制造",http://www.zhaopin.com/jobdetail/CC853096130J40952979108.htm?refcode=4019&srccode=401901&preactionid=ced2e815-ccc6-4cd2-8c9f-8fd3cf35e6d3
项目经理,中湘金鳞甲模块化建筑有限公司,3000-5000元,长沙·天心·黑石铺,Guangzhou,本科,经验不限,7月21日,zhilian,职位描述 安装工程 工业建筑 电力工程 机电 建筑/土木/市政设计 工程施工 一、客户沟通与需求管理 1. 作为客户唯一对接窗口，负责客户关系维护、需求沟通、进度同步、问题反馈。 2. 组织需求调研、需求确认、需求变更评审，避免范围蔓延。 3. 定期向客户汇报项目进展，处理客户投诉与异议，提升客户满意度。 4. 负责项目验收资料准备、验收组织、验收签字，推动项目顺利结案。 二、现场实施与执行管控 1. 负责现场实施部署、安装调试、测试联调、试运行等工作统筹。 2. 协调内部技术、研发、交付、施工等团队，明确分工与协作要求。 3. 管控现场进度、质量、安全、文明施工，及时处理现场突发问题。 4. 审核实施日志、工作日志、变更签证、隐蔽工程记录等过程资料。 三、进度、成本与风险控制 1. 跟踪项目实际进度，对比计划偏差，及时纠偏、调整资源。 2. 控制项目人工成本、差旅成本、外协成本，确保不超预算。 3. 识别项目风险（技术、工期、客户、资源、合同），制定应对措施。 4. 管理项目变更，执行变更流程，评估变更对工期与成本的影响。 四、合同与商务配合 1. 配合商务部门完成合同交底、回款节点跟进、验收回款。 2. 负责项目签证、增项确认、工作量确认，协助结算与收款。 3. 提供项目实施过程资料，支持开票、回款、售后质保等工作。 五、文档管理 1. 负责项目全套文档归档：计划、方案、日志、测试报告、验收报告、竣工资料等。 2. 项目结束后开展复盘总结，沉淀经验、流程与标准。 六、售后与运维衔接 1. 项目验收后，完成向售后 / 运维团队交接，移交资料与问题清单。 2. 负责质保期内问题协调处理，保障项目稳定运行。 工作地点 长沙天心区中湘智能建造有限公司 以担保或任何理由索要财物，扣押证照，均涉嫌违法。一经发现， 立即举报,"安装工程,工业建筑,电力工程",http://www.zhaopin.com/jobdetail/CCL1470156320J40893364312.htm?refcode=4019&srccode=401901&preactionid=ced2e815-ccc6-4cd2-8c9f-8fd3cf35e6d3
项目经理,甘肃珅钛商贸有限公司,8000-10000元,白银·白银区·王岘镇,Guangzhou,大专,1-3年,7月25日,zhilian,职位描述 房建工程 装饰装修工程 安装工程 办公建筑 住宅建筑 商业建筑 二级建造师 施工员证 工程施工 建筑/土木/市政设计 装饰装修 具有建筑工程或者代班负责人的 经验，有建造师证，主要工作地：兰州新区、白银市，能吃苦耐劳，服从安排，吃苦能力强， 工作地点 白银白银区雨虹防水专卖店(兴隆巷祥瑞家园店) 以担保或任何理由索要财物，扣押证照，均涉嫌违法。一经发现， 立即举报,"房建工程,装饰装修工程,安装工程,办公建筑,住宅建筑,商业建筑,二级建造师,施工员证",http://www.zhaopin.com/jobdetail/CCL1258441430J40876880709.htm?refcode=4019&srccode=401901&preactionid=ced2e815-ccc6-4cd2-8c9f-8fd3cf35e6d3
项目经理,震旦(中国)有限公司济南分公司,5000-10000元,青岛·市南·香港中路,Guangzhou,大专,1-3年,7月23日,zhilian,职位描述 办公家具 负责项目全生命周期管控，牵头完成立项规划、需求拆解、进度排期、资源协调与落地交付，确保项目按质量、成本、周期目标顺利结项。 统筹跨部门协作，对接业务、执行、供应商等多方角色，同步项目进度，协调解决推进中的阻塞问题、风险冲突，保障项目链路顺畅。 搭建项目管控机制，定期输出项目周报、里程碑复盘报告，预判潜在风险并制定应急预案，全程把控项目方向与交付标准。 负责项目验收、资料归档与落地复盘，沉淀项目方法论与最佳实践，持续优化内部项目管理流程与协作效率。 对接需求方诉求，梳理需求优先级，管理需求变更节奏，同步项目预期，维护良好的合作与沟通关系。 工作地点 青岛市南区五四广场 以担保或任何理由索要财物，扣押证照，均涉嫌违法。一经发现， 立即举报,办公家具,http://www.zhaopin.com/jobdetail/CC137873690J40866436501.htm?refcode=4019&srccode=401901&preactionid=ced2e815-ccc6-4cd2-8c9f-8fd3cf35e6d3
项目经理,天津新日机电有限公司,9000-14000元,天津·中塘,Guangzhou,大专,1-3年,7月25日,zhilian,岗位职责： 1 负责整车项目开发的总体推动工作 2 针对车型开发过程中各个技术任务，进行项目组范围内的项目分工 3 对项目组员开发过程中的困难进行及时的技术支持 4 负责项目各节点的技术验证，样车装配，问题反馈及整改跟进工作 5 负责整车BOM编制和技术文件编制及系统ECN变更 6 定制车技术验证、技术资料签发 职位福利：五险一金、节日福利 工作地点 天津市大港经济技术开发区西区安和路234号 以担保或任何理由索要财物，扣押证照，均涉嫌违法。一经发现， 立即举报,汽车项目,http://www.zhaopin.com/jobdetail/CC152232510J40409727008.htm?refcode=4019&srccode=401901&preactionid=ced2e815-ccc6-4cd2-8c9f-8fd3cf35e6d3
项目经理,贵州一九能源建设工程有限公司,8000-16000元,贵阳·观山湖,Guangzhou,大专,3-5年,12月16日,zhilian,职位描述 风电项目 光伏项目 电力项目 储能项目 安全员B证 一级建造师 一级造价师 工程施工 电力/水利/热力/燃气 新能源 工作职责 1、统筹现场管理、质量管理、进度管理、成本管理、安全管理，并能够对项目进展中可能发生的各种风险做出预判，并采取合适的应对措施。 2、负责整个工程项目从工程施工准备开始直至验收交工，以及签证结算的全过程施工管理工作。 3、做好图纸会审、施工方案、材料计划等前期准备审核工作，根据施工计划调配施工力量，督促施工单位按图和规范施工，分配具体施工任务，对现场的质量、进度管理以及组织工程验收的整体施工进行把控。 4、负责制定项目管理制度，组织、协调和管理，保证项目按时保质完成。 5、组织项目实施人员进行施工图纸自审、会审，施工组织设计施工方案交底技术解答。 6、严格执行公司财务制度，加强项目预算、成本管理，编制资金需求计划并实施。 7、协调处理好公司与业主、施工单位、监管部门的关系，及时解决施工过程中出现的问题。 8.完成上级领导交代的其他事项。 岗位要求 1、必须有风电工程管理或者光伏工程管理的经验。并担任过至少1个光伏站工程的项目经理(应提供业绩证明材料)，且在确定中标人时不得担任其他在施建设工程项目的项目经理。 2、应具有机电工程专业或建筑工程专业二级注册建造师以上执业资格，同时具有有效的B类安全生产考核合格证（硬性条件，不满足勿扰。待遇从优） 3、大专以上。本科（统招）电气专业优先、持证优先， 4、熟练使用相关的办公软件； 5、具备较强的沟通管理能力，具有强烈的责任心，踏实做实事，做好团队管理； 6、能适应长期出差，工作严谨细致，责任心强，沟通能力．语言表达能力强，具备团队协作精神； 7、能适应短期出差，持有驾照，并能熟练驾驶小车； 8、行业内人脉资源丰富者优先； 职位福利：按时发工资、绩效奖金、节日福利、包食宿、买保险 工作地点 贵阳观山湖区茅台国际商务中心C座14楼6号 以担保或任何理由索要财物，扣押证照，均涉嫌违法。一经发现， 立即举报,"风电项目,光伏项目,电力项目,储能项目,安全员B证,一级建造师,一级造价师",http://www.zhaopin.com/jobdetail/CCL1468898390J40631189402.htm?refcode=4019&srccode=401901&preactionid=ced2e815-ccc6-4cd2-8c9f-8fd3cf35e6d3
项目经理,河南海韵置业集团有限公司,8000-15000元,三亚·天涯区,Guangzhou,学历不限,3-5年,7月24日,zhilian,职位描述 工程施工 工程项目经理，工作地点在三亚及琼中，有工作经验，对工程项目熟悉工作环节、施工工艺等。有二级建筑师证优先 工作地点 天涯区三亚凤凰国际机场 以担保或任何理由索要财物，扣押证照，均涉嫌违法。一经发现， 立即举报,工程施工,http://www.zhaopin.com/jobdetail/CC484603020J40864701111.htm?refcode=4019&srccode=401901&preactionid=ced2e815-ccc6-4cd2-8c9f-8fd3cf35e6d3
项目经理,安徽同和建设工程有限公司,8000-12000元,马鞍山·雨山区·佳山乡,Guangzhou,中专/中技,3-5年,7月24日,zhilian,职位描述 土建工程 市政工程 房建工程 工业建筑 办公建筑 住宅建筑 一级建造师 二级建造师 工程施工 1.精通土建、市政项目从开工、施工、回款到竣工结算全流程 2.熟悉住建、质监、安监等部门对接及现场应急处置 3.统筹项目进度、质量、安全、成本四大核心管控 4.擅长签证变更、工程款申报催收、分包班组管理 5.常驻工地，抗压性强，责任心强 6.有建造师证书、职称证书优先。 工作地点 马鞍山市雨山区雨韵路58号 以担保或任何理由索要财物，扣押证照，均涉嫌违法。一经发现， 立即举报,"土建工程,市政工程,房建工程,工业建筑,办公建筑,住宅建筑,一级建造师,二级建造师",http://www.zhaopin.com/jobdetail/CCL1414140890J40923408212.htm?refcode=4019&srccode=401901&preactionid=ced2e815-ccc6-4cd2-8c9f-8fd3cf35e6d3
项目经理,北京泰盛养老服务有限公司,1.5-3万,北京·朝阳·建外,Guangzhou,大专,1-3年,7月17日,zhilian,岗位职责: 1.统筹规划项目，确保项目目标的实现。 2.与客户保持有效沟通，确保需求得到满足。 3.协调项目团队工作，优化资源配置。 4.监控项目执行情况，确保项目按时完成。 5.组织项目会议，确保项目信息的准确记录和传递。 任职要求： 1.具备出色的组织和协调能力，能够管理项目团队。 2.优秀的沟通技巧，能与客户建立良好的合作关系。 3.具备分析和解决问题的能力，能迅速应对项目挑战。 4.具有团队合作精神，能激励团队达成项目目标。 5.熟悉项目管理工具和方法，能提高项目效率。 工作地点 北京市朝阳区永安东里8号 以担保或任何理由索要财物，扣押证照，均涉嫌违法。一经发现， 立即举报,产业互联网平台,http://www.zhaopin.com/jobdetail/CCL1475049940J40810765209.htm?refcode=4019&srccode=401901&preactionid=ced2e815-ccc6-4cd2-8c9f-8fd3cf35e6d3
项目经理,永康市新晟信息咨询服务部(个体工商户),8000-15000元,杭州·拱墅·拱宸桥,Guangzhou,中专/中技,经验不限,7月22日,zhilian,职位描述 二级建造师 一级建造师 工业建筑 水利工程 土建工程 市政工程 工程施工 持有全国一级建造师，浙江省二级建造师投标中标后驻场。 工作地点 杭州市-拱墅区-拱宸桥台州路1号一栋一单元四楼403 以担保或任何理由索要财物，扣押证照，均涉嫌违法。一经发现， 立即举报,"二级建造师,一级建造师,工业建筑,水利工程,土建工程,市政工程",http://www.zhaopin.com/jobdetail/CCL1514824410J40948786008.htm?refcode=4019&srccode=401901&preactionid=ced2e815-ccc6-4cd2-8c9f-8fd3cf35e6d3
项目经理,天智云(广州)软件开发有限公司,1-1.3万,博尔塔拉·博乐市·达勒特镇,Guangzhou,本科,1-3年,7月24日,zhilian,岗位职责： 1. 主导B&G端IT系统研发项目的全生命周期管理，包括、需求分析、方案制定、资源协调及验收交付。 2. 深度理解客户业务需求，制定技术解决方案并推动落地，平衡项目质量、成本与进度。 3. 协调跨部门资源，识别项目风险并制定应对策略，保障高效交付。 4. 跟踪B&G端行业趋势（如AI的应用），将技术能力转化为客户业务价值。 5. 风险防控与决策，识别项目范围/成本/日程/质量等风险，及时与团队检讨有效对策。 任职要求： 1. 统招本科及以上学历，计算机、信息管理、软件工程等相关专业优先。 2. 1～3年B&G端项目管理经验，可短期出差新疆，base 广州或乌鲁木齐。 3. 出色的业务理解能力和跨部门协作与冲突解决能力。 4. 逻辑清晰，沟通能力强，能编写项目方案、验收文档等交付物。 5. 结果导向，抗压能力强，善于学习和乐于迎接新的挑战。 工作地点 博尔塔拉博乐市市直-7号楼 以担保或任何理由索要财物，扣押证照，均涉嫌违法。一经发现， 立即举报,PMP,http://www.zhaopin.com/jobdetail/CCL1525198020J40876866514.htm?refcode=4019&srccode=401901&preactionid=ced2e815-ccc6-4cd2-8c9f-8fd3cf35e6d3
项目经理,泰一泓数(广州)数字科技有限公司,6000-11000元,惠州·惠城区·惠环街道,Guangzhou,大专,3-5年,7月22日,zhilian,岗位职责 • 负责公司无人机项目整体运营与现场管理，统筹日常飞行作业、外业航拍、巡检、测绘、勘查等各类无人机任务，合理安排人员与设备，保障项目高效落地交付。 • 负责无人机团队日常管理、人员排班、技能培训、作业考核，规范飞行作业流程，提升团队作业效率与服务质量。 • 熟悉无人机航测、航拍、电力/光伏/河道/工地巡检等相关作业流程，能够独立带队完成外业飞行任务，处理现场突发问题，把控作业质量、进度与安全。 • 配合商务与项目对接，根据客户需求制定飞行作业方案、技术方案、工期计划，完成项目验收、资料整理、成果交付等工作。 • 严格遵守民航飞行规范及公司安全管理制度，负责飞行安全管控，排查飞行风险，杜绝违规飞行，落实安全生产要求。 • 持续优化作业流程、沉淀标准化作业规范，协助公司完善无人机业务体系与团队管理制度。 任职要求 • 3年及以上无人机行业从业经验，1年以上团队管理/带队经验，熟悉多旋翼、固定翼无人机飞行作业，熟练掌握航测、航拍、巡检等实操技能。 • 熟悉无人机航测流程，能够熟练使用相关后期处理软件（PIX4D、ContextCapture等），可独立完成数据处理、正射影像、三维模型等成果输出优先。 • 持有CAAC无人机机长证书优先，熟悉空域申请、飞行报备流程者优先。 • 具备较强的现场统筹、人员管理、项目把控能力，能独立带队外出作业，抗压能力强，能适应不定期出差、外勤。 • 做事严谨负责、安全意识极强，具备良好的沟通能力、执行力和团队管理能力，无违规飞行记录。 薪资福利 • 薪资：6000元/月 + 计件提成 • 福利：五险一金、带薪年假、节日福利、定期团建、设备齐全、技术提升空间大、管理岗晋升通道清晰 • 团队年轻化、氛围轻松，业务稳定，可长期稳定发展 工作地点 惠城区LG伊诺特惠州工厂 以担保或任何理由索要财物，扣押证照，均涉嫌违法。一经发现， 立即举报,无人机项目管理,http://www.zhaopin.com/jobdetail/CCL1524570210J40876275710.htm?refcode=4019&srccode=401901&preactionid=ced2e815-ccc6-4cd2-8c9f-8fd3cf35e6d3
项目经理,广东合泰实业科技有限公司,1-1.5万,东莞·寮步镇,Guangzhou,本科,经验不限,3月11日,zhilian,职位描述 政府/公共管理 1、负责询单客户跟进工作，与目标客户接洽，组织项目投标工作，有效开拓市场 ； 2、有路政和梁桥的相关经验 3、负责公司各项目的商务跟进事宜 ； 4、负责与客户开展商务谈判，签订合同 ； 5、负责项目跟进维护及回款催款，协助解决合同执行过程中的问题 ； 6、商务参观接待、演示集宣讲及客情维护 ； 7、商务部业务开拓计划、标准化及流程的制定及完善优化 ； 8、上级领导安排的其它事项。 工作地点 东莞市科技十路4号37 B 以担保或任何理由索要财物，扣押证照，均涉嫌违法。一经发现， 立即举报,政府/公共管理,http://www.zhaopin.com/jobdetail/CCL1469432220J40921648108.htm?refcode=4019&srccode=401901&preactionid=ced2e815-ccc6-4cd2-8c9f-8fd3cf35e6d3
项目经理,吉林省博强建设工程有限公司,8000-10000元,长春·双阳·平湖,Guangzhou,学历不限,10年以上,7月22日,zhilian,职位描述 市政项目 园林景观项目 房建 工程施工 岗位内容： 1. 负责项目规划、组织、实施和监督，确保项目在时间、成本和质量等方面达成预期目标； 2. 合理分配项目资金和资源，并对项目进展情况进行控制和协调； 3. 建立和维护良好的客户关系，有效地处理客户投诉和疑虑； 4. 针对项目中出现的问题，及时提出解决方案并落实； 任职要求： 1. 5年以上项目管理经验，具备较强的组织、协调、沟通、领导和问题解决能力； 2. 熟练掌握项目管理工具和方法，能够快速适应新技术和新环境； 3. 良好的客户服务意识和高度的责任心； 4. 学历不限，相关专业优先。 工作地点 长春市-双阳区-西双阳大街599号 以担保或任何理由索要财物，扣押证照，均涉嫌违法。一经发现， 立即举报,"市政项目,园林景观项目,房建",http://www.zhaopin.com/jobdetail/CCL1293584230J40833039716.htm?refcode=4019&srccode=401901&preactionid=ced2e815-ccc6-4cd2-8c9f-8fd3cf35e6d3
项目经理,德阳联众贸易发展有限公司,7000-14000元,德阳·旌阳区,Guangzhou,高中,1-3年,7月24日,zhilian,职位描述 人身险 意外险 重疾险 医疗险 责任险 理财保险 个人客户（2C） 企业客户（2B） 大客户（KA） 个险 团险 负责保险专项业务对接，具体事项后期沟通 工作地点 德阳市-旌阳区-岷江西路550号 以担保或任何理由索要财物，扣押证照，均涉嫌违法。一经发现， 立即举报,"人身险,意外险,重疾险,医疗险,责任险,理财保险,个人客户（2C）,企业客户（2B）,大客户（KA）,个险,团险",http://www.zhaopin.com/jobdetail/CC145319550J40858067107.htm?refcode=4019&srccode=401901&preactionid=ced2e815-ccc6-4cd2-8c9f-8fd3cf35e6d3
项目经理,西双版纳花卉园景区运营管理有限公司,6000-9000元,西双版纳·景洪市·允景洪街道,Guangzhou,本科,1-3年,7月23日,zhilian,岗位职责 1.项目策划启动 负责项目前期需求调研与分析，独立完成项目策划方案、实施计划及风险评估。 将策略性规划拆解为可落地的执行动作，明确里程碑、交付物与关键节点。 2.项目执行进度管控 能够独立或协助承担项目全周期管理，对项目进度、质量、成本进行有效控制，确保目标达成。 熟练运用项目管理工具（如销项表、倒排表等）进行任务分解、排期和跟踪，及时发现偏差并采取纠偏措施。 主导项目例会，协调内外部资源，解决执行过程中的卡点和冲突，推动项目按计划前进。 3.汇报沟通 定期向上级及关键项目人输出项目进度报告、阶段性复盘，具备高质量的口头与书面汇报能力。1.学历要求 统招本科及以上学历，专业不限（管理类、工程类、市场营销类等相关专业优先）。 （良好的学历背景确保基础综合素质，具备严谨的逻辑思维和优质沟通表达能力）。 2.经验要求 3年及以上独立项目管理经验，有全流程负责并成功交付至少2个完整项目的经历（需在简历中体现具体项目规模与成果）。 有跨部门协作、多任务并行推进的实战经验。（能够证明其落地推进能力） 3.策划能力落地能力 具备一定的项目策划思维，能从目标倒推动作，制定可行方案。 更侧重强落地能力：能把规划转化为具体任务，以身作则推动执行，对结果负责。 4.进度管控汇报能力 对时间、节点高度敏感，具备优秀的进度追踪和风险预警意识。 善于归纳总结，能撰写结构化的汇报材料，向领导层汇报时重点突出、逻辑分明。 5.沟通协调能力 出色的跨层级、跨部门沟通能力，能在无行政权力情况下推动各方协作。 面对项目冲突和压力时能保持专业，寻求并向上沟通出建设性解决方案。 三、薪资结构说明 岗位薪酬结构如下： 底薪6K + 月绩效1-2K + 项目完结奖金：（非本地可提供餐补1k） 项目奖金：结项后分阶段发放，金额从1-3个月月薪不等。季度或半年度发放，与项目进度、交付质量、成本控制挂钩。  能够用简洁清晰的语言，将复杂项目状况同步给不同层级人员，做到问题透明、方案先行。 4.交付复盘 确保项目最终交付符合预期标准，组织项目验收与结项工作。 推动项目复盘，沉淀可复用的项目亮点工作，如流程、工具和经验等，持续提升团队交付能力。1.学历要求 统招本科及以上学历，专业不限（管理类、工程类、市场营销类等相关专业优先）。 （良好的学历背景确保基础综合素质，具备严谨的逻辑思维和优质沟通表达能力）。 2.经验要求 3年及以上独立项目管理经验，有全流程负责并成功交付至少2个完整项目的经历（需在简历中体现具体项目规模与成果）。 有跨部门协作、多任务并行推进的实战经验。（能够证明其落地推进能力） 3.策划能力落地能力 具备一定的项目策划思维，能从目标倒推动作，制定可行方案。 更侧重强落地能力：能把规划转化为具体任务，以身作则推动执行，对结果负责。 4.进度管控汇报能力 对时间、节点高度敏感，具备优秀的进度追踪和风险预警意识。 善于归纳总结，能撰写结构化的汇报材料，向领导层汇报时重点突出、逻辑分明。 5.沟通协调能力 出色的跨层级、跨部门沟通能力，能在无行政权力情况下推动各方协作。 面对项目冲突和压力时能保持专业，寻求并向上沟通出建设性解决方案。 三、薪资结构说明 岗位薪酬结构如下： 底薪6K + 月绩效1-2K + 项目完结奖金：（非本地可提供餐补1k） 项目奖金：结项后分阶段发放，金额从1-3个月月薪不等。季度或半年度发放，与项目进度、交付质量、成本控制挂钩。  工作地点 云南省西双版纳傣族自治州景洪市宣慰大道99号花卉园景区办公楼 以担保或任何理由索要财物，扣押证照，均涉嫌违法。一经发现， 立即举报,"系统集成项目管理工程师,有项目管理经验 市场营销内经验",http://www.zhaopin.com/jobdetail/CCL1525593540J40876288709.htm?refcode=4019&srccode=401901&preactionid=ced2e815-ccc6-4cd2-8c9f-8fd3cf35e6d3
项目经理,北京睿信天成市场调查有限公司,4000-7000元,北京·海淀·紫竹院,Guangzhou,本科,1-3年,5月18日,zhilian,职位描述 咨询服务 岗位内容： 1. 负责项目规划、组织、实施和监督，确保项目在时间、成本和质量等方面达成预期目标； 2. 合理分配项目资金和资源，并对项目进展情况进行控制和协调； 3. 建立和维护良好的客户关系，有效地处理客户投诉和疑虑； 4. 针对项目中出现的问题，及时提出解决方案并落实； 任职要求： 1. 5年以上项目管理经验，具备较强的组织、协调、沟通、领导和问题解决能力； 2. 熟练掌握项目管理工具和方法，能够快速适应新技术和新环境； 3. 良好的客户服务意识和高度的责任心； 4. 学历不限，相关专业优先。 工作地点 北京海淀区引领24h电竞台球棋牌生活馆(紫竹院店) 以担保或任何理由索要财物，扣押证照，均涉嫌违法。一经发现， 立即举报,咨询服务,http://www.zhaopin.com/jobdetail/CCL1344370580J40965793802.htm?refcode=4019&srccode=401901&preactionid=ced2e815-ccc6-4cd2-8c9f-8fd3cf35e6d3
项目经理,珠海市老人与海医疗养老产业有限公司,8000-12000元,洛阳·洛宁,Guangzhou,大专,1-3年,7月6日,zhilian,职位描述 医疗设备/器械/耗材 医院/诊所服务 养老服务 职责描述： 1、负责区域内市场开拓、并维护市场、保证销售指标达成； 2、负责为客户提供项目方案，跟进洽谈、投标、签约、回款等各项工作； 3、负责区域内已落地项目跟进维护，并协助项目福祉、产品等营销工作； 4、负责对客户资料进行整理、对客户的要求及时反馈、跟进处理； 5、负责代理渠道建设，寻找潜力代理商、管理及辅导。 任职要求： 1、专科及以上学历、医学、营销或管理类相关专业，从事医疗销售5年以上，2年以上大型医疗设备或项目型直销经验； 2、有一定的公立医院资源，熟悉并能独立跟进项目建设、维护管理等工作； 3、表达能力强，具有较强的沟通交际能力，抗压力强。 福利待遇： 1、综合薪资：8-12K+业绩提成； 2、五险一金，节日福利。 工作地点 洛阳洛宁县人民医院 以担保或任何理由索要财物，扣押证照，均涉嫌违法。一经发现， 立即举报,"医疗设备/器械/耗材,医院/诊所服务,养老服务",http://www.zhaopin.com/jobdetail/CCL1231686460J40787040606.htm?refcode=4019&srccode=401901&preactionid=884cd1c7-038c-4cdf-823b-38a6d4da446d
项目经理,山东六扇门安防有限公司,8000-15000元,济南·市中·七贤,Guangzhou,大专,经验不限,8月4日,zhilian,岗位职责： 1、负责工程现场各环节的项目从施工准备、竣工验收及签证结算的全过程施工管理工作； 2、执行公司的各项规章制度，编制工程施工计划； 3、负责对项目实施的进度、质量、安全及文明施工等的管理； 4、与建设单位、设计单位、监理单位、总包单位等保持良好的协调关系； 5、负责向监理、建设单位及时办理各种现场签证、工程款项结算工作； 6、负责项目实施过程所有技术性文件和资料完善、报验、移交等工作。 7、负责合同回款。 职位要求： 1、公司主营防盗门防火门工程； 2、较强的沟通、协调能力、吃苦耐劳； 3、有大项目现场施工管理经验者优先； 4、有驾驶证。 薪资福利： 基本工资+全勤奖+交通补助+电话补助+项目管理绩效提成+住宿+五险=1W+ 工作地点 济南市中区山东步阳安防工程有限公司 以担保或任何理由索要财物，扣押证照，均涉嫌违法。一经发现， 立即举报,"项目经理,工程经理",http://www.zhaopin.com/jobdetail/CCL1338958590J40484243314.htm?refcode=4019&srccode=401901&preactionid=884cd1c7-038c-4cdf-823b-38a6d4da446d
项目经理,中国平安人寿保险股份有限公司四川分公司4,1.1-1.2万,成都·青白江·大弯,Guangzhou,大专,经验不限,6月24日,zhilian,岗位职责 **1. 项目拓展与销售达成（核心职责）** - 负责公司分配或自主开拓的企业客户/高价值渠道的项目运营，主攻员工福利保障、车险渠道维护、健康养老规划等综合金融方案。 - 深入理解客户需求，依托公司产品体系，为客户量身定制涵盖寿险、健康险、养老险、车险及理财产品的综合保障方案，完成公司下达的项目销售业绩指标。 - 协助团队完成项目数据整理、活动策划及客户关系维护。 **2. 项目全流程管理与推动** - 负责项目日常基础管理及业务推动，监控项目进度，确保各阶段目标按期达成。 - 配合上级完成日常管理，做好业务指导工作并配合上级完成销售目标。 - 负责项目会议经营及业务分析，定期复盘项目执行情况，针对未达标情况提出改进策略。 **3. 客户关系维护与深度经营** - 负责参保客户的后续客户服务工作，提供持续的专业咨询与服务，确保客户满意度与复购率。 - 依托公司优质客户名单（如高价值车险客户），落实专项服务政策，深度挖掘客户及周边资源。 **4. 团队协作与合规执行** - 参与团队内部经验分享，优化服务流程，协助新人的基础带教与培训。 - 确保营销行为符合保险监管政策及公司合规要求，维护公司品牌形象。 #### 二、任职要求 **1. 基本条件** - 大专及以上学历（本科优先），专业不限（金融、保险、市场营销、医学、法律专业优先）。 **2. 经验与能力** - 具备销售、客户服务或保险从业经验者优先；欢迎学习能力强、勇于挑战的应届生。 - 具备优秀的沟通表达能力与公众演讲能力，形象气质佳，能适应企业驻点或外出拜访工作。 - 具有较强的目标使命感与抗压能力，逻辑清晰，执行力强。 - 熟练应用Office办公软件（PPT、Excel等），具备基本的方案策划与数据分析能力。 #### 三、薪酬福利与职业发展 - **薪酬结构**：提供具有行业竞争力的“底薪/职级津贴 + 业务佣金 + 季度绩效奖 + 各项补贴（养老、医疗等）”弹性薪酬模式，多劳多得。 - **福利保障**：周末双休、节日福利及商业保险（涵盖意外、医疗等）。 - **培训体系**：提供系统化培训，包括产品知识、职域经营模式、健康/养老规划师认证等全链路培训支持。 - **晋升路径**：清晰的职涯规划，表现优异者可向主管**、经理及总监方向晋升，享受更高级别的管理津贴 工作地点 成都市-青白江区-凤凰西二路嘉和世纪城 以担保或任何理由索要财物，扣押证照，均涉嫌违法。一经发现， 立即举报,金融科技/数字金融,http://www.zhaopin.com/jobdetail/CCL1478998570J40784055606.htm?refcode=4019&srccode=401901&preactionid=884cd1c7-038c-4cdf-823b-38a6d4da446d
项目经理,佳瑞企业管理服务(南通)有限公司,8000-13000元,襄阳·襄城区·隆中街道,Guangzhou,本科,经验不限,7月11日,zhilian,岗位职责 独立负责项目开发与维护，负责客户邮件、电话往来口译笔译及全流程项目跟进处理； 负责各类专业资料翻译、现场口译及文件整理归档工作； 可接受一年多次国内及海外出差。 任职要求 本科及以上学历，持有日语 N1 证书，日语口语流利； 工作认真细心、思维灵活、责任心强，具备良好团队协作能力； 有日本留学经历、英语口语流利者优先； 上班时间：周一至周五 8:30-17:30，海外出差按当地作息执行；男女不限。 工作地点 襄阳襄城区609所服务大厅 以担保或任何理由索要财物，扣押证照，均涉嫌违法。一经发现， 立即举报,翻译,http://www.zhaopin.com/jobdetail/CCL1470695750J40848624007.htm?refcode=4019&srccode=401901&preactionid=884cd1c7-038c-4cdf-823b-38a6d4da446d
项目经理,三河邦泽建筑工程有限公司,9000-13000元,北京,Guangzhou,学历不限,1-3年,4月30日,zhilian,职位描述 电力项目 水利项目 电力/水利/热力/燃气 石油/石化 岗位内容： 1. 负责项目从立项到验收的全过程管理，确保项目按时交付、质量达标； 2. 制定项目计划和预算，并监督执行情况，及时解决项目中出现的问题； 3. 协调内部各部门资源，确保项目进度和质量； 4. 与客户沟通协调，及时反馈项目进展和问题。 任职要求： 1. 具备3年以上项目管理经验，能独立承担项目管理任务； 2. 熟悉项目管理流程和项目管理工具； 3. 拥有良好的沟通、协调能力和团队合作精神； 4. 学历不限，相关专业优先考虑。 工作地点 北京市朝阳区康中街与双桥西路交叉路口往南约80米 以担保或任何理由索要财物，扣押证照，均涉嫌违法。一经发现， 立即举报,"电力项目,水利项目",http://www.zhaopin.com/jobdetail/CCL1487699050J40891727003.htm?refcode=4019&srccode=401901&preactionid=884cd1c7-038c-4cdf-823b-38a6d4da446d
高级网络项目经理,内蒙古亨达海天网络技术有限责任公司,7000-9000元,包头·九原区,Guangzhou,大专,5-10年,7月21日,zhilian,职位描述 网络项目经理 高级网络工程师 一、任职要求： 1.专科以上学历； 2.具备5年以上政务专网、行业专用内网、城域骨干网络等 中大型信息化项目完整实战经验； 3.精通路由交换、三层组网、光纤传输、专线对接、VPN组 网、内外网物理&逻辑隔离、防火墙安全策略、上网行为 管理、无线AC+AP全覆盖、机房标准化建设、等保测评、 分级保护、网络故障排查、全网优化运维； 4.熟悉项目规划设计、部署实施等全生命周期管理，可独立 统筹带队项目，入职即可胜任项目经理岗位； 5.能够接受加班、出差、现场驻场，沟通能力良好，责任心 强，抗压能力佳； 6.无纹身、无不良癖好，需提供无犯罪记录证明。 二、待遇说明： 1.试用期：1-3个月考核期，月薪4500元，入职当月缴纳 五险； 2.转正薪酬：基本工资+项目奖金+五险，综合年薪8-10万 元。 工作地点 包头九原区稀土高新区 以担保或任何理由索要财物，扣押证照，均涉嫌违法。一经发现， 立即举报,"网络项目经理,高级网络工程师",http://www.zhaopin.com/jobdetail/CC586357020J40877568805.htm?refcode=4019&srccode=401901&preactionid=884cd1c7-038c-4cdf-823b-38a6d4da446d
项目经理,比亚迪股份有限公司,6000-12000元,深圳·坪山·马峦,Guangzhou,本科,1-3年,7月26日,zhilian,"岗位职责： 1.负责公司充电站项目从项目立项到建设完成整体过程跟进，接收任务订单、供货需求及进度跟进、踏勘进场协调、安装调试、上电直至开站验收等，即时进行项目汇报、审批，确保项目按时完成； 2.制定和实施区域内充电站建设计划,协助编制充电设施建设预算等； 3.参与制定项目的技术方案、施工组织设计和技术交底等文件,并对设计质量进行跟踪与监督； 4.质量保证：确保项目质量符合标准和要求，进行质量自检查和自验收。 4.完成项目报建报装、工程建设及竣工验收工作； 5.沟通协调:与参加各部门项目团队成员，场地方等进行有效沟通，协调各方资源，及时处理过程中可能发生的手续、工程方案等异常情况; 6.风险及问题管理:对场站现场的资源、进度、质量、产品、技术等进行风险和问题识别，初步分析判断，并跟进闭环。 岗位要求： 1.学历专业：电气工程、自动化、土木工程、工程管理、机电工程等相关专业背景； 2.专业技能： （1）持有一级或二级建造师（机电工程或建筑工程专业）资格证书，或具备安全生产考核合格证书（B证）或电气专业背景或相关证书优先。 （2）具备3年以上工程项目管理经验，其中至少1-2年直接负责充电站、光伏电站、变电站、数据中心等类似电力或新能源项目的建设管理经验。 （3）面对施工现场复杂多变的情况，能快速分析问题根源并提出有效解决方案。 3.办公技能：熟练使用Office办公软件（Word、Excel、PPT），能独立完成技术文档编制、数据统计与报表输出。 4.出差要求：能接受全国出差，服从全国范围内工作调配； 5.综合素养：对企业忠诚，对项目负责，能够承受高强度的工作压力，英语可作为交流语言优先。 工作地点 深圳坪山区比亚迪股份有限公司-二期53号厂房二楼 以担保或任何理由索要财物，扣押证照，均涉嫌违法。一经发现， 立即举报","新能源项目建设管理,工程施工",http://www.zhaopin.com/jobdetail/CC132962990J40965127202.htm?refcode=4019&srccode=401901&preactionid=884cd1c7-038c-4cdf-823b-38a6d4da446d
项目经理,用友网络科技股份有限公司厦门分公司,8000-15000元,泉州·丰泽区·城东街道,Guangzhou,本科,1-3年,4月22日,zhilian,岗位职责 1、 负责用友管理软件项目的项目管理与实施工作； 2、 负责项目管理与过程监控，与客户领导层及项目组关键人员交流沟通，保证项目实施效果与质量； 3、 管理项目团队，协调与安排团队成员的工作，保证项目团队工作的效率； 4、 带领实施顾问进行客户需求调研、制定实施方案，保证客户系统上线使用，提供日常业务支持等； 5、 参与部门内部培训、项目管理知识体系建设等相关工作。 岗位要求： 1、大学本科（含）以上学历，财务、企业管理、信息管理相关专业者优先考虑； 2、有3年以上的ERP软件项目管理与实施工作经验； 3、对财务、供应链、生产制造等ERP软件项目实施的相关业务知识有一定了解，能与客户良好沟通，并提供一定程度的业务管理意见与建议； 4、具备良好的团队协作精神、敬业精神，责任心强、工作积极主动； 5、有独立担任项目经理的能力，能够适应区域内出差； 6、具备良好的沟通能力、表达能力、亲和力，并能在一定压力下工作。 工作地点 泉州丰泽区隆恩中心1102-1103室 以担保或任何理由索要财物，扣押证照，均涉嫌违法。一经发现， 立即举报,"ERP软件项目,SAP软件项目,CRM软件项目",http://www.zhaopin.com/jobdetail/CC271575030J40747856007.htm?refcode=4019&srccode=401901&preactionid=884cd1c7-038c-4cdf-823b-38a6d4da446d
项目经理,深圳市丰厘物业服务有限公司郑州分公司,7000-11000元,郑州·金水·文化路,Guangzhou,大专,3-5年,5月12日,zhilian,"岗位职责; 1、根据公司规划全面负责落实项目工作任务和经营指标;授权负责项目管理的整体工作。 2、依据公司标准化管理规范,对所属项目推行并完善管理标准化体系工作流程;对项目管理处的下属部门指导工作,监督检查各专业部门的具体工作。 3、制定项目管理处的年度、季度、月度工作计划上报公司总经理批准后,严格按工作计划完成相关工作等; 4、负责完成项目内的成本计量、统计和节能降耗工作同时做好项目成本、预算的合理有效管控; 5、保持和甲方良好沟通,对甲方提出的意见和建议制定整改措施;负责所管理区域重大事件与客户重大投诉的处理,重大和特别事件需及时上报公司; 6、关注员工动向,维护员工稳定,及时协调维护员工关系,解决处理员工投诉等问题; 岗位要求： 1、学历/专业:接受过物业管理、企业管理课程培训,物业管理等相关专业或持有物业上岗证书者优先。 2、3年以上住宅项目管理经验,同时具有其他各类物业项目管理工作经验优先。 工作地点 郑州金水区SOHO世纪城-西座 以担保或任何理由索要财物，扣押证照，均涉嫌违法。一经发现， 立即举报",住宅地产,http://www.zhaopin.com/jobdetail/CCL1346344590J40273586408.htm?refcode=4019&srccode=401901&preactionid=884cd1c7-038c-4cdf-823b-38a6d4da446d
项目经理,陕西吉泰能源科技有限公司,8000-10000元,渭南·韩城市·新城街道,Guangzhou,大专,1-3年,5月19日,zhilian,职位描述 石油/石化 化工 电气机械/电力设备 1. 项目管理与执行： 全面负责油田现场（或基地）仪器设备维修维保项目的安全、质量、进度和成本管理，确保KPI达成。 制定维修维保计划，协调资源处理高压注水设备、录井仪器、防爆电气等各类石油专用仪器的突发故障。 带领团队完成设备的日常巡检、预防性维护、大修及应急抢修任务。 2. 技术与合规： 持有二级建造师（机电工程或建筑工程专业）证书，负责项目施工组织设计的编制与审核，确保维修维保过程中的安装、拆卸、技改等环节符合建筑/机电安装规范。 对接业主方及监理单位，办理项目开工、变更、验收等必要手续。 3. 成本与经营： 持有造价工程师证书，独立完成项目预结算编制、工程量清单审核及成本核算。 负责维修维保项目的变更签证、索赔及最终结算对账工作，确保项目收益率。 制定项目人、机、料、法的成本控制方案，优化备件库存，减少非必要支出。 4. 团队与客户管理： 管理维修技术团队（电工、钳工、仪表工等），组织技能培训与安全交底。 维护与油田甲方、第三方检测机构的关系，定期汇报项目运营数据。 【任职资格】 1. 证书要求（硬性条件）： 必须持有二级建造师证书（专业：机电工程 或 建筑工程），且能注册至本公司。 必须持有造价工程师证书 工作地点 渭南韩城市巍山北路 以担保或任何理由索要财物，扣押证照，均涉嫌违法。一经发现， 立即举报,"石油/石化,化工,电气机械/电力设备",http://www.zhaopin.com/jobdetail/CC227101480J40882759213.htm?refcode=4019&srccode=401901&preactionid=884cd1c7-038c-4cdf-823b-38a6d4da446d
项目经理,河南悦庄建设工程有限公司,7000-14000元,开封·龙亭区,Guangzhou,大专,3-5年,7月11日,zhilian,职位描述 装饰装修 全权负责家装 / 工装装饰项目全流程管理，从前期对接、现场施工、进度管控到竣工验收、售后交付； 统筹施工班组、材料进场、人工调配，把控施工质量、工期、现场安全及文明施工； 对接业主、设计师、材料商，处理现场变更、增项沟通，定期汇报施工进度； 管控项目成本，核对工程量，跟进项目回款，管理分包工人，协调解决工地各类突发问题； 整理施工图纸、验收资料，完工后完成项目复盘，维护客户口碑。 任职要求 大专及以上学历； 拥有 5 年及以上装饰装修施工现场管理经验； 独立操盘过 2 个及以上大型装饰工程项目，有完整落地交付案例； 熟悉装修全流程工艺、材料、报价、验收标准，看得懂施工图纸； 沟通协调能力强，能驻场盯工地，抗压能力强，有责任心，懂安全管理。 薪资福利 薪资 7000-15000，能力优秀薪资可谈，上不封顶； 项目绩效提成、工地奖金、月度考核奖； 带薪休假、节日福利、工地补助、定期团建； 平台稳定，订单充足，晋升通道清晰。 岗位亮点 急招在岗项目经理，工地资源稳定，不用自己拓客，只专注现场管理，老板好沟通，发放工资准时。 工作地点 开封龙亭区十六大街 以担保或任何理由索要财物，扣押证照，均涉嫌违法。一经发现， 立即举报,装饰装修,http://www.zhaopin.com/jobdetail/CCL1526266350J40873848610.htm?refcode=4019&srccode=401901&preactionid=884cd1c7-038c-4cdf-823b-38a6d4da446d
项目经理,东富龙科技集团股份有限公司,8000-12000元,盐城·东台市·东台镇,Guangzhou,学历不限,经验不限,5月7日,zhilian,岗位职责： 1.项目厂内进度的跟踪，工程资料的收集、整理及管理。 2.承担工程外配单机安装调试协调工作，确保每台外配设备在现场能顺利验收。 3.承担项目现场施工（项目计划、进度、质量、验收、对内对外协调、人员考核、工作报告），确保每条生产线顺利安装、验收合格。 4.司内协助其他部门工作。 岗位要求： 1、食品饮料机械行业2年以上相关工作经验； 2、能接受长期出差； 3、 工作地点 盐城东富龙智能装备制造(江苏)有限公司东台市经济开发区人民路366号 以担保或任何理由索要财物，扣押证照，均涉嫌违法。一经发现， 立即举报,"机械,吹灌旋一体机,吹瓶机",http://www.zhaopin.com/jobdetail/CC130851680J40785752503.htm?refcode=4019&srccode=401901&preactionid=884cd1c7-038c-4cdf-823b-38a6d4da446d
项目经理,沈阳仕瀛建设有限公司,8000-10000元,沈阳·浑南·东湖,Guangzhou,大专,3-5年,7月25日,zhilian,职位描述 装修管理 装饰装修 1、负责装修项目的整体规划、组织实施及全过程管理； 2、统筹协调设计、施工、材料及验收等各环节工作，确保项目有序推进； 3、监督施工现场的安全、质量、进度与成本控制，保障项目按标准交付； 4、对接相关合作单位及内部团队，解决项目执行中的各类问题； 任职要求： 1、具备较强的项目管理能力，能独立推动多任务并行运作； 2、熟悉装修工程流程，掌握施工技术规范及相关行业标准； 3、具备良好的沟通协调能力，能够高效整合内外部资源； 4、责任心强，适应现场工作环境，具备较强的抗压能力和执行力； 5、能接受出差。 工作地点 沈阳浑南区五三街道 以担保或任何理由索要财物，扣押证照，均涉嫌违法。一经发现， 立即举报,装修管理,http://www.zhaopin.com/jobdetail/CCL1526698620J40876767010.htm?refcode=4019&srccode=401901&preactionid=884cd1c7-038c-4cdf-823b-38a6d4da446d
项目经理,杭州今元标矩科技有限公司宁波分公司,1.2-1.7万,杭州·萧山·盈丰,Guangzhou,大专,1-3年,5月21日,zhilian,"职位描述 人力资源 岗位要求 1、主导项目可行性及风险评估，优化和梳理人力资源外包项目标准化流程， 2、带领项目团队执行客户外包员工在客户方的人力资源管理动作，包括但不限于岗前管理、入离职管理、驻场安排、考勤管理、员工薪酬福利核对、员工关怀及纠纷处理等； 3、管理多个项目的执行，带领团队支持所有项目的管理和项目落地工作； 4、解决特殊客户事件及纠纷，维护重要客户服务口碑； 5、深入业务团队,了解员工需求,保证员工的稳定性; 6、组织协调销售线、招聘交付线的工作,合理分配项目资源，保障项目顺利落地开展； 7、总结重点项目经验，传承优秀经验，优化和迭代方案，且将其标准化； 8、管理项目团队成员，负责团队人才搭建和培养。 任职要求： 1、本科学历，熟悉人力资源管理工作和法律法规； 2、有人力资源外包项目管理经验； 3、具备良好的沟通协调能力,组织能力,学习能力； 4、责任心强，独立思考、能独当一面、细心敏感、有亲和力。 工作地点 杭州萧山区浙江商会大厦21-23层 以担保或任何理由索要财物，扣押证照，均涉嫌违法。一经发现， 立即举报",人力资源,http://www.zhaopin.com/jobdetail/CC395634280J40510077302.htm?refcode=4019&srccode=401901&preactionid=884cd1c7-038c-4cdf-823b-38a6d4da446d
项目经理,大连国合东方建设发展有限公司,8000-15000元,大连·西岗·人民广场,Guangzhou,本科,3-5年,12月30日,zhilian,岗位职责： 1、全面负责项目工程进场前人员组织工作和入场后施工现场的管理工作，主持项目部工作。 2、全面完成公司下达给工程项目的各项考核指标，确保工程质量、安全、工期的实现，认真履行施工合同。 3、参加项目施工组织设计的编制和工程预结算的会审，坚持项目过程精品，动态管理。 4、负责主持编制和组织实施施工合同内容的施工进度计划。 5、严格按公司要求实现工程质量目标，负责组织对施工过程中的各种技术、质量、安全、成本等相关工作实施情况的考核。 6、合理统筹安排好项目工程的物资、劳动力、施工技术、设备、后勤、行政、社会治安综合治理、文明施工等的管理工作。 7、负责完成公司授权处理的事宜，定期或不定期将工程现状上报公司，并执行公司的指令。 8、负责与政府相关部门、业主、监理、分包单位的协调工作。 9、定期组织项目部各专业人员进行业务培训。 10、负责本项目工程完工后的工作总结。 任职要求： 1、土木工程相关专业本科学历，3年以上施工项目经理全周期管理经验。 2、有一级建造师证书，工程师及以上职称， 3、熟悉施工工艺和项目管理流程，对工程的安全、质量、成本、进度有全面的掌握能力，熟悉工程验收规范及相关法律法规； 4、具有很强的协调能力、执行力、应变能力以及团队管理组织能力； 5、熟悉运用BIM、CAD等软件， 6、吃苦耐劳，可以出差，能驻外。 工作地点 大连西岗区黄河路219号 以担保或任何理由索要财物，扣押证照，均涉嫌违法。一经发现， 立即举报,一级建造师,http://www.zhaopin.com/jobdetail/CCL1271214010J40821698614.htm?refcode=4019&srccode=401901&preactionid=884cd1c7-038c-4cdf-823b-38a6d4da446d
项目经理,中科微至科技股份有限公司,8000-15000元,成都·武侯·桂溪,Guangzhou,学历不限,经验不限,6月17日,zhilian,岗位职责： 1.负责公司国内项目从实施计划制定后到交付的整体进度管理工作，确保按时、按质完成项目交付； 2.统筹协调项目团队及资源完成设备在客户现场的安装调试，推动设备如期交付生产，直至终验收，协调资源处理现场问题； 3.具备把控现场项目周期及项目实施风险点的能力，具备独立发现及解决现场问题的能力； 4.负责落实总部的项目管理计划，并汇报计划落实情况； 5.负责施工现场管理并落实总部相关管理规范。 岗位要求： 1.本科及以上学历，电气、机械、自动化或工科类相关专业； 2.有至少2年以上大型自动化设备行业项目管理经验，熟悉 PMP项目管理； 3.有带团队的管理经验，可接受全国出差调动； 4.具有较好的思维逻辑能力、沟通协调能力，及一定的抗压能力，善于解决各种业务问题，应变能力强。 工作地点 成都武侯区莱普敦中心 以担保或任何理由索要财物，扣押证照，均涉嫌违法。一经发现， 立即举报,PMP,http://www.zhaopin.com/jobdetail/CC448732730J40913654812.htm?refcode=4019&srccode=401901&preactionid=884cd1c7-038c-4cdf-823b-38a6d4da446d
项目经理,杭州富阳时空建筑装饰有限公司,8000-15000元,杭州·富阳·东洲,Guangzhou,大专,3-5年,8月11日,zhilian,岗位职责 1. 项目全流程管理 2. 业务现场施工管控 3. 客户沟通与关系维护 4. 控制项目成本核算内控，内外部资源协调，保障施工进度与安全质量，项目结算。 5.严格执行国家及地方装修行业规范、安全法规，确保施工现场安全文明施工。确保资料完整归档。 任职资格 1. 学历与专业：大专及以上学历，建筑装饰、土木工程、工程管理等相关专业优先。 2. 工作经验：3年以上建筑工程装修行业项目管理经验，熟悉家装/公装施工流程、工艺标准及材料特性；有独立负责过500万以上项目全流程管理经验者优先。 3. 专业能力：具备施工组织设计、进度管控、质量验收能力，能看懂并理解装修图纸（平面、立面、节点图等）；熟悉装修行业法律法规、施工规范及验收标准（如消防、环保要求）。 4. 软技能：优秀的沟通协调能力，能高效对接客户、施工队及跨部门团队；较强的问题解决能力和抗压能力，能应对施工突发状况（如材料短缺、工期紧张等）；具备成本意识和责任心，做事严谨细致。 5. 其他要求：持有建造师（二级及以上）、施工员等相关资格证书者优先；熟练使用CAD、Project等工程管理软件及办公软件；能适应长期驻场或多地项目出差。 工作地点 杭州市富阳区东洲街道鸡笼山村共享法庭 以担保或任何理由索要财物，扣押证照，均涉嫌违法。一经发现， 立即举报,"装饰装修,工程施工",http://www.zhaopin.com/jobdetail/CC506237580J40811118413.htm?refcode=4019&srccode=401901&preactionid=b1e7d0f4-ff9a-489a-aaed-5c0caa47d2f1
项目经理,山东安悦节能技术有限公司,6000-8000元,济南·市中·七贤,Guangzhou,大专,经验不限,9月8日,zhilian,岗位职责： 1、全面主持和控制建设项目的工期、生产、技术、质量、安全、成本、文明施工等管理工作; 2、根据公司进度要求，负责制定切实可行的施工进度计划并组织实施，及时组织处理过程中遇到的施工和技术难题，根据工程进度进行必要的调整; 3、结合项目的特点，主持项目工程的分项分部安全技术交底，以及开工前对项目工程技术人员、安全员、分包班组、施工员进行安全、技术、质量等方面的全面交底及签字手续; 4、负责落实成本管理，制定实施人员计划、材料计划、成本计划，全面配合公司的预算工作，加强项目成本控制; 5、负责项目现场管理，强化现场文明施工，及时发现和妥善处理突发性事件; 6、负责项目组织协调，处理项目部的内部与外部事项，加强与监理、甲方以及政府职能部门的沟通与协调，确保工程顺利竣工验收; 7、涉及验收后公司负责运维的项目或者合同能源管理项目，要负责项目的投运及运维管理，确保生产顺行并保证运行成本受控。 8、完成公司管理层交办的其他工作。 9、机电相关专业；机电安装工程经历3-5年以上 双休，试用期后缴纳五险，节假日全休，交通补贴，话补。 0531-86125986 职位福利：五险、绩效奖金、加班补助、全勤奖、通讯补助、补充医疗保险、员工旅游、节日福利 工作地点 市中区二环南路6636号济南中海广场写字楼12楼01B单元 以担保或任何理由索要财物，扣押证照，均涉嫌违法。一经发现， 立即举报,"建筑项目,土建监理,医院项目,政府项目,环保项目,电力项目,能源项目,暖通类项目",http://www.zhaopin.com/jobdetail/CC579401128J90250010000.htm?refcode=4019&srccode=401901&preactionid=b1e7d0f4-ff9a-489a-aaed-5c0caa47d2f1
项目经理,成都博森国创科技有限公司,8000-16000元,兰州·城关区·张掖路街道,Guangzhou,学历不限,1-3年,7月10日,zhilian,职位描述 项目管理 咨询服务 技术服务 岗位内容： 1. 负责项目规划、组织、实施和监督，确保项目在时间、成本和质量等方面达成预期目标； 2. 合理分配项目资金和资源，并对项目进展情况进行控制和协调； 3. 建立和维护良好的客户关系，有效地处理客户投诉和疑虑； 4. 针对项目中出现的问题，及时提出解决方案并落实； 任职要求： 1. 1年以上项目管理经验，具备较强的组织、协调、沟通、领导和问题解决能力； 2. 熟练掌握项目管理工具和方法，能够快速适应新技术和新环境； 3. 良好的客户服务意识和高度的责任心； 4. 学历不限，相关专业优先。 注：本职位是在当地进行业务拓展，无需到公司坐班。 工作地点 兰州市-城关区-庆阳路316号4 08 以担保或任何理由索要财物，扣押证照，均涉嫌违法。一经发现， 立即举报,"项目管理,咨询服务,技术服务",http://www.zhaopin.com/jobdetail/CCL1276468400J41020105004.htm?refcode=4019&srccode=401901&preactionid=b1e7d0f4-ff9a-489a-aaed-5c0caa47d2f1
项目经理,武汉杰生润滑科技有限公司,8000-15000元,咸宁·咸安区·官埠桥镇,Guangzhou,硕士,经验不限,6月29日,zhilian,职位描述 项目 教育科技/教育软件 根据公司的整体规划，同目标客户达成初步合作意向，协助技术服务中心最终促成业务的顺利推进，达成长期合作。 工作地点 咸宁咸安区海拓科技 以担保或任何理由索要财物，扣押证照，均涉嫌违法。一经发现， 立即举报,项目,http://www.zhaopin.com/jobdetail/CC195537110J40822840501.htm?refcode=4019&srccode=401901&preactionid=b1e7d0f4-ff9a-489a-aaed-5c0caa47d2f1
项目经理,南京基久网络科技有限公司,5000-6000元·13薪,南京·溧水·永阳,Guangzhou,大专,1-3年,7月23日,zhilian,岗位职责 1. 负责溧水、高淳区域政企信息化、通信专线、渠道集成类项目全流程招投标； 2. 全网抓取政府采购、事业单位招标公告，独立完成商务标、技术标编制、校对、审核； 3. 完成电子招投标平台报名、签章、上传，参与现场开标、答疑、澄清回复； 4. 协同政企、渠道、财务部门，对接合同、开票、业务对账，规避废标风险； 5. 投标资料归档，定期复盘得失，优化投标模板与投标策略，把控招投标合规风险。 任职要求 1. 大专及以上学历，2年及以上招投标实操经验； 2. 熟悉江苏政府采购平台电子投标流程，会全套标书制作； 3. 有电信/通信行业政企项目投标经验、熟悉溧水高淳本地资源优先； 4. 细心严谨，文字功底强，能接受投标节点阶段性加班，沟通协调能力优秀； 5. 熟练使用Office办公软件，了解招投标相关法律法规。 奖金绩效 五险一金、交通补贴、话费补贴、年终绩效等 工作地点 江苏省南京市溧水区大东门商业步行街9号216附近中国电信(大东门街店)溧水和高淳自选 以担保或任何理由索要财物，扣押证照，均涉嫌违法。一经发现， 立即举报,通信项目管理,http://www.zhaopin.com/jobdetail/CC404260230J41024029304.htm?refcode=4019&srccode=401901&preactionid=b1e7d0f4-ff9a-489a-aaed-5c0caa47d2f1
项目经理,安徽崇盛光电科技有限公司,6000-12000元,淮南·田家庵区·三和镇,Guangzhou,大专,3-5年,7月2日,zhilian,岗位职责 1.对新产品项目的立项评审、可行性分析及目标制定（规格、成本、周期、良率、质量），对项目整体交付结果负责； 2.组建跨部门项目团队，制定详细项目计划，统筹协调研发、结构、电子、工艺、品质、采购、生产等资源，确保项目按计划推进，按时按质达成量产目标； 3.主持项目周会、评审会，跟踪项目进度、成本、质量指标，识别偏差与风险，及时协调解决项目过程中的技术瓶颈与跨部门问题； 4.负责客户需求对接与技术规格确认，跟进客户反馈与变更需求，组织内部评审并推动落地，确保产品满足客户规格与品质要求； 5.推动项目组关键技术攻关，包括显示效果（亮度、对比度、色域、响应时间）、触控性能（灵敏度、报点率、抗干扰）、全贴合工艺、可靠性等核心指标的优化与验证； 6.管控项目成本，配合采购、研发部门完成物料选型优化、供应商导入及降本方案实施，达成项目成本目标； 7.识别项目技术、供应、进度、质量等风险，制定风险应对预案并跟踪闭环，定期进行项目复盘与经验总结； 8.组织项目文档输出与归档，包括项目计划书、DFMEA/PFMEA、控制计划、检验标准、转量产报告等，确保项目交付物完整规范； 9.推动量产项目的持续改善，包括良率提升、成本优化、工艺改进等，提升产品竞争力。 二、任职资格： 1.大专及以上学历，电子信息、光电工程、微电子、自动化、机械等理工科相关专业优先； 2，具有3 年及以上液晶显示或触控行业项目管理经验，有 LCM/TP/ 全贴合模组研发或制造项目全流程管理经验者优先； 3.熟悉液晶显示模组（LCD/OLED）与触控面板（CTP/RTP）的结构、工作原理、生产工艺及关键物料（玻璃、偏光片、驱动 IC、背光、FPC、OCA/OCR 等）优先； 4.熟悉显示与触控性能指标及测试方法，了解常见失效模式与改善方向； 5.精通项目管理方法论，掌握 APQP、FMEA、SPC 等质量工具，熟悉 NPI 新产品导入全流程； 6.具备优秀的跨部门沟通协调能力、问题解决能力和抗压能力，能有效推动项目进展； 7.具备较强的成本意识与风险管控能力，有良好的数据思维和逻辑分析能力； 8.熟练使用 Project、Excel、PPT 等办公软件，具备良好的文档撰写与汇报能力； 9.英语 CET-4 及以上，能读写英文技术资料；持有 PMP、IPMP 等项目管理证书者优先； 工作地点 淮南田家庵区安徽崇盛光电科技有限公司 以担保或任何理由索要财物，扣押证照，均涉嫌违法。一经发现， 立即举报,电子电路基础元件/模组,http://www.zhaopin.com/jobdetail/CCL1464818340J40990811502.htm?refcode=4019&srccode=401901&preactionid=b1e7d0f4-ff9a-489a-aaed-5c0caa47d2f1
项目经理,辽宁玫瑰实业集团有限公司,4000-5000元,葫芦岛·龙港区·葫芦岛街道,Guangzhou,大专,1-3年,7月24日,zhilian,职位描述 物业管理资格证书 物业管理从业人员岗位证书 要求：nv，有物业管理经验，政审合格，大专及以上学历 ，懂保洁绿化和垃圾清运优先，工资4000-5000元/月，有保险 具体面议：壹叁贰叁陸陸肆捌叁肆伍 工作地点 葫芦岛龙港区渤海造船厂集团有限公司 以担保或任何理由索要财物，扣押证照，均涉嫌违法。一经发现， 立即举报,"物业管理资格证书,物业管理从业人员岗位证书",http://www.zhaopin.com/jobdetail/CC696077230J40898009713.htm?refcode=4019&srccode=401901&preactionid=b1e7d0f4-ff9a-489a-aaed-5c0caa47d2f1
项目经理,德信盛全物业服务有限公司,9000-11000元,合肥·庐江,Guangzhou,大专,1-3年,7月22日,zhilian,岗位职责 （一）项目整体运营管理 1. 全面负责住宅项目的日常运营管理工作，统筹工程、客服、秩序、环境等各条线工作，确保项目规范高效运营。 2. 根据公司整体下达的年度经营目标和指标，主持项目整体的物业管理工作，保证项目物业管理品质。 3. 制定项目周、月、年度工作计划，沟通、协调内外关系，整合内外资源，按时保质地完成工作计划。 4. 制定并执行物业服务标准和流程，定期检查现场服务品质，确保符合公司与行业规范。 （二）经营管理与成本控制 1. 编制项目年度预算，对项目的收支情况负责，监控日常运营成本，优化资源使用效率。 2. 根据公司年度预算，分解月、季度预算指标，严格执行服务中心预算，确保各项工作控制在预算内。 3. 承担项目经营管理和经济指标的完成责任。 4. 负责物业费等各项费用的收缴工作，探索整合公共收益等资源，提升项目经营效益。 5. 推动节能降耗措施，合理控制外包服务成本。 （三）客户关系与满意度管理 1. 负责项目的客户关系管理，建立并维护与客户的长期良好关系，提升客户满意度。 2. 处理客户投诉及纠纷，制定改进方案并推动落地。 3. 定期组织客户沟通会、满意度调研，收集需求并优化服务流程。 4. 统筹各类社区文化活动，推动社区文化建设，营造小区和谐氛围。 （四）团队管理与建设 1. 领导项目服务团队（客服、工程、安保、环境等），完成公司下达的责任目标。 2. 负责项目人员的组建与培训，参与绩效管理、人才培养、团队建设。 3. 制定绩效考核机制，提升团队专业水平与服务意识。 4. 定期组织专业技能和服务意识培训，培养人才梯队。 5. 对项目各部门工作进行安排，对员工进行考核，并据实进行奖罚。 （五）安全管理与风险管控 1. 制定突发事件应急预案，主导处理消防安全、设备故障、重大投诉等紧急事件。 2. 负责项目重、难点投诉的跟踪、协调、处理，发现识别潜在危机，制定方案措施进行有效预控。 3. 负责项目不合格服务的处理及纠正、预防措施和跟踪。 4. 确保项目合规运营，熟悉物业管理相关法律法规。 （六）对外协调与关系维护 1. 负责与街道、社区、政府相关部门及业务单位（如开发商）的沟通协调工作。 2. 负责项目各类合同的洽谈、签订等。 3. 做好项目外联各项工作。 4.有市场拓展资源更适合。 任职要求 教育背景 大专及以上学历，物业管理、房地产管理、酒店管理、工商管理等相关专业优先。 工作经验 1. 3年以上物业管理经验，其中至少1-2年以上同等岗位管理经验。 2. 具备全程独立管理住宅项目的经验，熟悉前期介入、接管验收、交房日常运营到后期管理的全周期。 3. 有大型、高档住宅项目管理经验者优先。 专业能力 1. 熟悉国家及地方物业管理相关法律法规。 2. 精通物业服务各项工作的具体内容、标准、程序。 3. 熟悉客服管理、工程管理、安全管理等模块的管理和流程。 4. 具备较强的团队管理、目标管理能力，能激发团队积极性和凝聚力。 5. 优秀的沟通协调能力，擅长处理复杂客户关系，具备冲突化解技巧。 资格证书（优先条件） 持有物业管理经理上岗证 工作地点 合肥庐江县美的城物业服务中心 以担保或任何理由索要财物，扣押证照，均涉嫌违法。一经发现， 立即举报,小区,http://www.zhaopin.com/jobdetail/CC292991410J40957238815.htm?refcode=4019&srccode=401901&preactionid=b1e7d0f4-ff9a-489a-aaed-5c0caa47d2f1
项目经理,中云能投(河北)科技有限公司,8000-10000元,石家庄·裕华·裕东,Guangzhou,本科,5-10年,9月28日,zhilian,岗位职责 1、负责项目的安装进度，技术人员调配至相关项目现场完成安装调试工作。 2、跟踪解决项目过程中出现的问题并记录整理项目档案。 3、负责后期竣工验收及各项资料存档。 4、负责项目图纸会审及工程计划的执行工作。参与项目工程招标、技术标评审工作。 5、做好项目施工协调工作，负责施工质量、进度、安全文明施工工作。 6、协调施工、监理单位对产品功能质量的审核、监督与实施的监控管理。 7、对施工现场进行监督管理，做好安全与现场管理工作。 8、建立进度记录和台账，做好与施工单位的设备安装图纸等资料的交接存档工作。 9、对设备安装作业量等相关数据进行统计和报表分析，根据分析数据建议对策并向部门经理反馈。 10、负责公司工程资源的统一协调与调度，包括设备、工具、仪器、材料、工程管理人员，确保各项目的顺利运行和资源优化利用。 11、负责工程管理人员队伍建设工作，组织工程管理人员进行业务知识培训，指导、监督工程管理人员工作并进行业绩考核。 12、负责与业主、监理、设计等的外部协调，将外部因素对施工的干扰降低到最低限度。 13、建立项目管理档案，处理产品售后问题。 14、负责按公司有关管理制度和流程审核、签署公有关工程技术文件和公司其他重大业务文件。 15、参与公司重大合同评审，提出意见和建议。 16、协调好部门员工之间、本部门与其他部门工作协作配合关系。 任职资格： 学历：本科及以上学历，通信、计算机、机电等相关专业 工作年限：5年以上项目管理经验。 岗位要求： 1. 熟悉工程项目前期资料申报和施工证照、工程报建报装等办理工作。 2. 熟悉项目招标和施工监理工作，能够进行图纸审查和协调工作。 3. 熟悉国家相关政策法规，具备与岗位所需的相关专业知识。 4. 熟练使用办公软件和CAD制图软件，具有核算统计技能。 5. 具备项目管理知识，熟悉使用办公软件/CAD软件及工具。 6. 具备良好的组织协调、沟通及管理能力，较强的团队精神。 7. 具有很强的责任心和事业心。 8. 工作态度认真负责、沟通能力较强、语言表达能力良好、分析决策能力强。 工作地点 石家庄裕华区东华国樾府办公楼2幢12层 以担保或任何理由索要财物，扣押证照，均涉嫌违法。一经发现， 立即举报,市政项目,http://www.zhaopin.com/jobdetail/CCL1472015730J40877657715.htm?refcode=4019&srccode=401901&preactionid=b1e7d0f4-ff9a-489a-aaed-5c0caa47d2f1
项目经理,中洁绿能(陕西)环境产业有限公司,8000-11000元,西安·碑林·长安路,Guangzhou,大专,1-3年,9月4日,zhilian,岗位职责： 1.负责公司环卫部的整体经营管理工作。 2.负责与政府主管部门沟通联络，为环卫项目创造良好的运营环境，确保环卫项目稳定运行。 3.负责组织制定环卫部经营管理计划并贯彻执行。 4.负责组织环卫项目信息收集整理，实施有针对性地公关运作，拓展环卫服务业务。 5.负责组织建立和完善环卫服务项目运营管理体系及规章制度，并贯彻落实。 6.负责项目组的组建、人员分工与协调、项目进展的监督与管理。 7.对环卫部整体经营指标负责。 8.协助公司开展其他相关工作。 岗位要求： 1.热爱环卫工作，具有市政环卫保洁管理岗工作1年以上经验者优先。（无市政环卫经验者勿扰） 2.能够合理调配人员以及会使用环卫工作设备器材。 3.可接受公司的岗位调动或因工作原因需加班、有奉献精神。 工作地点 西安碑林区香港宏信国际花园 以担保或任何理由索要财物，扣押证照，均涉嫌违法。一经发现， 立即举报,"环境卫生管理,市政环卫",http://www.zhaopin.com/jobdetail/CCL1498513880J40774179001.htm?refcode=4019&srccode=401901&preactionid=b1e7d0f4-ff9a-489a-aaed-5c0caa47d2f1
项目经理,甘肃忠沃文冠果生态农业发展有限公司,8000-11000元,白银·平川区·水泉镇,Guangzhou,大专,3-5年,7月19日,zhilian,职位描述 市政工程 土建工程 安装工程 工业建筑 一级建造师 二级建造师 一级建筑师 工程施工 工程专业服务 职责：统筹项目全流程，进度、成本、安全管控，内外协调，团队管理 🎯 要求：工程相关专业，3年以上项目管理经验，懂现场施工，项目优先. 工作地点 白银平川区甘肃忠沃文冠果生态农业发展有限公司 以担保或任何理由索要财物，扣押证照，均涉嫌违法。一经发现， 立即举报,"市政工程,土建工程,安装工程,工业建筑,一级建造师,二级建造师,一级建筑师",http://www.zhaopin.com/jobdetail/CCL1468540350J40900091712.htm?refcode=4019&srccode=401901&preactionid=b1e7d0f4-ff9a-489a-aaed-5c0caa47d2f1
项目经理,新疆金方正科技有限公司,6000-10000元,乌鲁木齐·新市区·二工街道,Guangzhou,本科,3-5年,7月26日,zhilian,职位描述 二建机电 通信/网络设备 计算机硬件 工程施工 1、基本要求：本科及以上学历，有驾照会开车，有工作经验，能接受出差，男女不限 2、优先录用： 1）3年以上弱电系统经验（主要是综合布线、通信机房设备安装/调试、计算机网络系统、安防系统等）； 2）熟悉弱电行业的相关规范和标准等，具备较强的项目及团队管理协调能力； 3）工作热情，责任心强，富有创新精神，具有良好的学习能力、分析问题和解决问题的能力； 4）人际沟通能力强，具有良好的团队协作精神； 5）有二建机电优先 3、工作内容：负责公司工程技术工作，设备安调、项目实施；从项目开始到结束，竣工资料的准备，项目过程应收账款的催收，项目内部结算。 展开该职位详情,二建机电,http://www.zhaopin.com/jobdetail/CC174915520J40911470403.htm?refcode=4019&srccode=401901&preactionid=b1e7d0f4-ff9a-489a-aaed-5c0caa47d2f1
项目经理,北京鼎好鑫源科技有限公司,9000-12000元,北京·丰台·太平桥,Guangzhou,本科,经验不限,6月7日,zhilian,职位描述 文档 敏捷 项目管理 需求分析 解决方案 能接受出差 工作职责： 1. 负责组织协调项目团队顺利完成所负责工程项目的具体实施； 2. 全面负责工程项目的进度、成本、技术、物料及质量安全等工作的指导和管理； 3. 负责实时掌握管辖项目的施工进度，管控施工质量，并定期向上级领导进行汇报； 4. 负责与工程有关的对外协调工作，处理项目中的各类突发事件，及时解决客户需求等； 5. 负责所管辖工程项目的竣工验收、技术资料归档工作； 6. 公司及上级领导下达的其他任务。 任职要求： 1.学历资质：本科及以上学历，电力、自动化、计算机等相关专业； 2.项目能力：工作经验不限，欢迎优秀应届生投递；需具备独立统筹、管理项目的能力，能高效推进项目落地。 3.专业素养：具备扎实的文档编写、方案策划、汇报沟通能力，可精准把控需求方向，且拥有快速学习新技术的能力。 4.综合能力：具有强烈的客户服务意识，优秀的团队领导能力、组织协调能力及跨部门协作能力。 5.工作地点：根据项目需求统一分配，服从公司工作安排。 6.身体素质：身体健康、抗压能力强，能适应不定期加班及出差安排。 注：具有一、二级建造师（机电方向）优先。 职位福利：绩效奖金、通讯补助、年终分红、带薪年假、公司重点项目、周末双休、员工旅游、节日福利 工作地点 平安幸福中心B座北京市丰台区丽泽路24号院平安幸福中心B座32层鼎好鑫源 以担保或任何理由索要财物，扣押证照，均涉嫌违法。一经发现， 立即举报,"文档,敏捷,项目管理,需求分析,解决方案,能接受出差",http://www.zhaopin.com/jobdetail/CC891460500J40034388704.htm?refcode=4019&srccode=401901&preactionid=b1e7d0f4-ff9a-489a-aaed-5c0caa47d2f1
项目经理,上海金地物业服务有限公司,1.2-1.5万·14薪,上海·松江·泗泾,Guangzhou,大专,经验不限,7月15日,zhilian,职位描述 小区 职责描述: 1、制定项目年度和月度工作计划并组织实施落实，负责收费率节点管控，确保收费方案分解落地执行; 2、根据城市公司各项经营管理要求，以及服务品质提升和品牌宣传工作，完成各项业务与经营指标; 3、负责项目年度预算编制、物业服务方案编制等工作; 4、负责项目团队搭建、人员日常培训、人才梯队培养; 5、全面处理项目各类重大事情及突发事件，并对处理进展及结果进行整理、分析及复盘工作; 6、与政府各主管部门及公司相关业务部门建立并保持良好关系，确保各项工作顺利开展; 7、负责团队选拔、任用、稳定和梯队建设，做好员工职业发展规划，激发团队潜力形成战斗力; 任职要求: 1、大专及以上学历，有过业委会管理经验优先; 2、具备同时管理物业项目的统筹经历是硬性条件; 3、熟悉物业管理作业流程和较全面物业管理知识; 4、较强的人际沟通和协调能力，善于处理各类投诉和突发事件; 工作地点 上海松江区金地自在城 以担保或任何理由索要财物，扣押证照，均涉嫌违法。一经发现， 立即举报,小区,http://www.zhaopin.com/jobdetail/CC196975320J40955815215.htm?refcode=4019&srccode=401901&preactionid=b1e7d0f4-ff9a-489a-aaed-5c0caa47d2f1
项目经理,中海物业管理广州有限公司长沙分公司,8000-12000元·15薪,长沙·岳麓·岳麓街道,Guangzhou,本科,3-5年,7月24日,zhilian,"岗位职责： 1、负责物业服务中心的全面管理工作； 2、负责小区物业费的收缴工作，充分调动各岗位人员以提高物业费收缴率，了解部门年度经营责任指标情况，对各项工作进行指导和决策，负责本项目年度及月度财务收支预算和控制； 3、负责制订项目工作目标和计划、工作协调，根据公司绩效考核制度，按时完成对本小区人员的绩效考核； 4、建立良好的客户关系，及时妥善处理各类投诉，处理好与业主的关系； 5、对外与政府部门建立良好的公共关系等，维护与房管局、街道、社区、派出所、业主委员会等相关部门的关系； 6、所负责小区多种经营业务的开展，以达成年度业绩指标； 7、积极响应集团及公司号召，完成领导安排的其他工作。 任职要求： 1、 本科及以上学历； 2、三年以上项目经理或同等岗位工作经验，熟悉物业管理作业全流程； 3、 较强的人际沟通和协调能力，善于处理各类投诉和突发事件； 4、 具备先进的物业管理理念及超强的团队管理、关系管理、任务实施能力,较强的客服意识和组织管理能力，团队感召力强。 工作地点 岳麓区中海物业管理有限公司(长沙分公司) 以担保或任何理由索要财物，扣押证照，均涉嫌违法。一经发现， 立即举报",小区,http://www.zhaopin.com/jobdetail/CCL1320928060J40833454816.htm?refcode=4019&srccode=401901&preactionid=b1e7d0f4-ff9a-489a-aaed-5c0caa47d2f1
项目经理,江西彰华环境科技有限公司,8000-15000元,南昌·青山湖·塘山,Guangzhou,大专,3-5年,6月12日,zhilian,职位描述 环保项目 环保 岗位描述： 1.从事环保治理(废水、废气治理)工程方案设计、条件图和工艺施工图设计、施工及安装现场管理，项目统筹管理； 2.组织对已建成的环保治理设施进行整体调试、负责组织培训操作人员，整理并交付相关的竣工资料； 3.系统安排各单项工程进度，协调好各专业之间的配合； 4.统筹规划好部门内部的各项工作安排，充分激发各位员工的工作热情和发挥出团队合作的力量。 岗位要求： 1.遵规守法，品行端正，勤奋敬业，团结合作，有良好的职业素养，有良好的心理素质，身体健康； 2.要求环境工程、给排水专业大专以上学历，从事本专业工作三年以上工作经验，热爱环保产业，能吃苦耐劳，可长期下工地负责，能独立完成工程项目的各项工作； 3.有良好的协调沟通能力和领导能力、对工作认真负责，具有团队协作精神。 职位福利：餐补、房补、弹性工作、节日福利、加班补助、绩效奖金、年终分红、高温补贴 工作地点 青山湖区吾悦广场(南昌高新店)A座1916室 以担保或任何理由索要财物，扣押证照，均涉嫌违法。一经发现， 立即举报,环保项目,http://www.zhaopin.com/jobdetail/CCL1312285790J40218718513.htm?refcode=4019&srccode=401901&preactionid=b1e7d0f4-ff9a-489a-aaed-5c0caa47d2f1
项目经理,聚立科技,8000-10000元,南京·新街口,Guangzhou,大专,3-5年,4月23日,zhilian,职位描述 项目管理 工程施工 建筑设备安装 装饰装修 岗位描述： 1、编制和审批公司项目施工计划，定期总结分析项目施工任务完成情况，及时解决项目施工活动中遇到的问题。 2、全面负责本人所承担的建筑智能化系统工程的一切事务，处理从项目中标之日起，项目经理部的建立直至项目通过竣工验收、免费维护期结束的一切有关项目合同签署、管理、施工、验收、回款、保修等事务。 3、积极改善劳动条件，保证安全措施费用的使用，搞好劳动力、材料、机具的合理安排和使用，保证合同工期的实现。 4、主持所有在施项目的安全管理，在工地管理上尽职尽力，协调好甲方与施工人员的关系。 5、贯彻实施国家技术法规、规范、标准，组织工程项目的报验。 职位要求： 1、具有大专以上学历，智能楼宇、自动化控制、机电、暖通、机械等相关专业毕业。； 2、从事项目经理管理工作3年以上；有大型建筑智能化工程设计和施工管理经验，具备较强的组织领导能力和协调能力。服从出差安排，能创造性地开展工作，有强烈的事业心和工作责任感。 3、具有丰富的相关产品技术知识及相关实践工作经验。 4、能独立地编写施工组织方案和施工计划。 5、具有独立组织、管理大型施工项目的能力。 6、良好的个人素养和语言表达能力。 7、熟练操作CAD等绘图软件绘制施工图纸、熟练使用办公软件。 8、具有一级建造师证书（机电）者优先考虑。 职位福利：五险一金、绩效奖金、交通补助、餐补、通讯补助、员工旅游、高温补贴、节日福利 工作地点 南京市中山路268号汇杰广场16楼 210008 以担保或任何理由索要财物，扣押证照，均涉嫌违法。一经发现， 立即举报,项目管理,http://www.zhaopin.com/jobdetail/CC135519849J90250023000.htm?refcode=4019&srccode=401901&preactionid=b1e7d0f4-ff9a-489a-aaed-5c0caa47d2f1
项目经理,杭州艾塔科技有限公司,1.3-2万,杭州·滨江·长河,Guangzhou,本科,经验不限,7月26日,zhilian,职位描述 软件项目 网络/信息安全项目 系统集成项目 通信/网络设备 产业互联网平台 通信运营商/电信增值服务 负责公司互联网产品/项目的全生命周期管理，领导跨职能团队，确保项目在预定时间、预算和质量要求内成功交付，实现业务目标。 项目规划与执行： 负责项目启动，定义项目范围、目标、成功标准，输出详细项目计划（WBS、时间表、资源计划、预算）。 驱动项目日常执行，监控进度、成本和质量，确保项目按计划推进。 过程与风险管理： 组织每日站会、迭代规划会、评审会等敏捷/混合开发仪式。 系统识别、评估和跟踪项目风险与问题，制定应对预案并推动解决。 管理项目变更流程，评估影响并获取关键干系人批准 团队协作与沟通： 作为项目核心枢纽，高效协调产品、研发、测试、设计、运营等内部团队资源。 建立清晰、透明的沟通机制，定期向管理层及业务方汇报项目状态、里程碑成果和关键数据。 交付与收尾： 把控产品/功能发布的完整流程，组织用户验收测试（UAT）和上线部署。 完成项目结项，总结复盘，沉淀最佳实践和知识资产。 任职要求: 1、统招本科以上学历，通信行业、云平台、质检系统等工作经验优先； 2、熟悉通信（语音类优先）、AI产品，了解语音应用或者企业需求场景； 3、具备良好的沟通、协调和团队协作能力，能够有效地组织和推进跨团队的合作项目； 4、工作积极主动，自信有较强的学习能力，能够独立地分析与解决问题，并具有一定的创新能力； 5、有较强的沟通和交流能力，承受较强的工作压力，强烈的团队合作意识与工作责任心。 工作地点 杭州滨江区中控信息大厦-B座2501室 以担保或任何理由索要财物，扣押证照，均涉嫌违法。一经发现， 立即举报,"软件项目,网络/信息安全项目,系统集成项目",http://www.zhaopin.com/jobdetail/CC378665230J40843398509.htm?refcode=4019&srccode=401901&preactionid=b1e7d0f4-ff9a-489a-aaed-5c0caa47d2f1
项目经理,兰剑智能,8000-12000元·13薪,德州·临邑县·邢侗街道,Guangzhou,大专,3-5年,4月24日,zhilian,岗位职责】: 1.负责项目现场管理，推动人员、物料、工具、计划、进度、质量、安全、6S等一系列管理的落地实施及优化改善 2.负责项目现场人员管理，提高人员工作效率。 3.根据公司下发的计划，合理安排物料、工具、设备、人员入场，确保满足项目实施进度。 4.负责项目现场质量管理，通过有效的措施提前预防质量问题发生和提升质量标准；及时处理项目现场异常问题，并且总结分析，制定改善和预防措施，保证项目合格交付。 5.负责项目现场安全管理；负责现场人员、物料安全要素培训；制定不同措施的安全管理措施和应急预案，保证现场各个环节安全施工，保证项目零事故发生 6.负责项目现场成本控制，杜绝现场正常运行产生不必要的的浪费； 7.负责项目现场6S和项目宿舍6S的管理，保证满足公司6S标准。 8.遵守公司阳光协议 9.保证客户满意度调查，杜绝现场管理及沟通问题造成客户投诉。 10.负责项目现场外包及临时工管理 11.负责项目现场物料到货，卸货，安装及特种作业管理。 【任职要求】: 1.大专及以上学历。项目管理、工商管理、工程技术、等相关专业优先。 2.具备 3年及以上相关行业项目管理工作经验，有独立负责并成功交付中大型项目的完整生命周期的经验 3.能够系统性地识别、分析、评估项目风险，并制定有效的风险应对策略和预案 4.能够激励和领导职能团队，明确目标，分配任务，解决冲突，带领团队朝着共同目标前进。 5.具备出色的口头和书面沟通能力，能够清晰、准确地与客户、上层管理者、团队成员、供应商等各类干系人进行有效沟通和汇报。 6.能接受公司长期出差 工作地点 德州临邑县兰剑智能科技 以担保或任何理由索要财物，扣押证照，均涉嫌违法。一经发现， 立即举报,"6S,沟通能力好,长期出差",http://www.zhaopin.com/jobdetail/CC120752170J40810616316.htm?refcode=4019&srccode=401901&preactionid=b1e7d0f4-ff9a-489a-aaed-5c0caa47d2f1
项目经理,凯盛科技股份有限公司柔性显示材料分公司,7000-14000元·13薪,蚌埠·禹会区·秦集镇,Guangzhou,本科,5-10年,7月23日,zhilian,岗位职责: 1. 负责项目全生命周期的计划制定与执行监控，确保项目按时、按质推进； 2. 协调跨部门资源，组织项目会议并跟踪关键节点与任务落实； 3. 识别项目过程中的风险与问题，推动解决方案落地； 4. 编制项目进度报告，向相关方及时反馈项目状态； 5. 建立并优化项目管理流程，提升团队协作效率。 任职要求： 1. 具备良好的沟通协调能力，能够有效推动多方协作； 2. 拥有较强的计划性和执行力，能应对多任务并行的工作节奏； 3. 熟练使用项目管理工具，具备独立推进项目的能力； 4. 具备较强的风险预判与问题解决能力； 5. 有团队合作精神，适应变化并积极应对挑战。 工作地点 蚌埠禹会区凯盛科技股份有限公司柔性显示材料分公司 以担保或任何理由索要财物，扣押证照，均涉嫌违法。一经发现， 立即举报,"PMP,IPMP",http://www.zhaopin.com/jobdetail/CCL1506234780J40876912410.htm?refcode=4019&srccode=401901&preactionid=ab7d2ade-0a0c-44da-80e9-3183ee382663
项目经理,山东环球软件股份有限公司,8000-10000元,潍坊·新城,Guangzhou,本科,3-5年,8月1日,zhilian,岗位职责： 1、 制定项目计划，并根据各种变化修改项目计划； 2、 组织人员实施项目的管理、开发、质量保证过程，确保项目按时、按质交付； 3、严格执行公司相关项目管理流程。 任职条件： 1、计算机相关专业，熟悉JAVA或.NET开发语言，熟悉SQL、Oracle数据库；1年以上开发经理或团队管理经验； 2、有2年以上软件开发经验，有至少1个软件项目的管理经验； 3、有较强的责任心、沟通协调能力和管理能力； 4、工作地点：济南/潍坊/寿光/临朐。 职位福利：五险一金、绩效奖金、年终分红、股票期权、带薪年假、员工旅游 工作地点 潍坊软件园 以担保或任何理由索要财物，扣押证照，均涉嫌违法。一经发现， 立即举报,"软件项目,IT项目",http://www.zhaopin.com/jobdetail/CZ620486920J00026383305.htm?refcode=4019&srccode=401901&preactionid=ab7d2ade-0a0c-44da-80e9-3183ee382663
项目经理,龙祺精密电子科技(泰州)有限公司,9000-11000元,泰州·姜堰区·罗塘街道,Guangzhou,大专,3-5年,7月2日,zhilian,职位描述 汽车外饰项目 汽车电子电器项目 PMP IPMP 有统筹能力，管控项目 汽车内饰项目 新能源/燃油车零部件 岗位内容： 1. 负责项目从立项到验收的全过程管理，确保项目按时交付、质量达标； 2. 制定项目计划和预算，并监督执行情况，及时解决项目中出现的问题； 3. 协调内部各部门资源，确保项目进度和质量； 4. 与客户沟通协调，及时反馈项目进展和问题。 任职要求： 1. 具备3年以上项目管理经验，能独立承担项目管理任务； 2. 熟悉项目管理流程和项目管理工具； 3. 拥有良好的沟通、协调能力和团队合作精神； 4. 学历不限，相关专业优先考虑。 工作地点 泰州市-姜堰区-兴姜路59号 以担保或任何理由索要财物，扣押证照，均涉嫌违法。一经发现， 立即举报,"汽车外饰项目,汽车电子电器项目,PMP,IPMP,有统筹能力，管控项目,汽车内饰项目",http://www.zhaopin.com/jobdetail/CCL1387211370J40860102411.htm?refcode=4019&srccode=401901&preactionid=ab7d2ade-0a0c-44da-80e9-3183ee382663
项目经理,信息产业电子第十一设计研究院科技工程股份有限公司江西分院,8000-16000元,南昌·红谷滩,Guangzhou,本科,5-10年,6月2日,zhilian,岗位职责： 1.项目现场全面管理。负责光伏电站项目（分布式电站为主）、风电、储能项目的现场施工管理工作，确保项目按计划推进。统筹协调项目质量、安全、进度、成本等各项目标的实现。 2.施工组织与协调。编制并执行施工组织设计和施工方案。协调业主、监理、设计院及各分包单位的工作对接。管理施工队伍，合理安排施工工序和资源配置。 3.工程质量管理。监督施工质量，确保符合设计要求和行业规范。组织质量检查，落实质量整改措施。安全文明施工管理。落实安全生产责任制，组织安全教育培训。定期开展安全检查，消除安全隐患。 4.进度与成本控制。制定施工进度计划并监督执行。控制施工成本，优化资源配置。竣工验收管理。组织工程竣工验收工作。负责竣工资料的收集、整理和移交。 二、任职要求： 1.本科及以上学历，工程类、机电安装、电气工程等相关专业； 2.身体健康，能适应项目现场工作环境； 3.有5年以上电力工程或机电安装工程项目管理经验； 4.有新能源光伏项目、风电、储能项目现场管理经验者优先； 5.熟悉光伏组件、逆变器、支架等设备安装工艺；熟悉光伏电站施工规范和质量标准；能熟练阅读电气图纸和施工图纸；熟练使用AutoCAD、Project等办公软件； 6.持有二级建造师（机电工程专业）及以上证书，持有电工证、安全员证等相关证书者优先； 7.有大型光伏电站项目、风电、储能项目管理经验者、熟悉光伏电站并网流程者、具有EPC总承包项目管理经验者优先； 8.具备较强的组织协调和沟通能力，责任心强，抗压能力强； 9.能适应长期驻项目现场工作。 薪资待遇： 固定月薪+绩效月薪+项目驻场补贴+年终奖金+各项福利（五险一金、绩效奖金、高温补贴、取暖补贴、劳保福利等）。 工作地点 南昌红谷滩区信息产业电子第十一设计研究院科技工程股份有限公司江西分院 以担保或任何理由索要财物，扣押证照，均涉嫌违法。一经发现， 立即举报,"光伏,工程施工",http://www.zhaopin.com/jobdetail/CC644128820J40814730316.htm?refcode=4019&srccode=401901&preactionid=ab7d2ade-0a0c-44da-80e9-3183ee382663
项目经理,福建帝尚建筑工程有限公司,9000-18000元,福州·晋安·新店,Guangzhou,大专,3-5年,7月21日,zhilian,职位描述 工程施工 建筑/土木/市政设计 1. 负责施工现场的日常管理。 2. 监督施工进度和质量。 3. 解决技术和安全问题。 4. 协调各方沟通和合作。 5. 确保工程按时、按质完成。 6. 持续优化施工流程和方法。 感兴趣请联系，欢迎加入我们的团队！ 工作地点 福建省福州市晋安区新店镇坂中路6号4栋1323 以担保或任何理由索要财物，扣押证照，均涉嫌违法。一经发现， 立即举报,"工程施工,建筑/土木/市政设计",http://www.zhaopin.com/jobdetail/CCL1426028460J40917955812.htm?refcode=4019&srccode=401901&preactionid=ab7d2ade-0a0c-44da-80e9-3183ee382663
项目经理,超星集团有限公司,7000-9000元,兰州·安宁区·银滩路街道,Guangzhou,本科,经验不限,4月7日,zhilian,岗位职责】 1、项目售前支持:能够配合市场人员与客户进行技术交流，提供相关的技术支持、技术方案讲解、应用系统演示、招投标方案设计等工作，包括定制类项目和产品化项目。 2、项目跟进及管理:负责收集整理用户需求，把控用户需求并与用户保持良好有效的沟通:能够与市场、开发和设计团队协同合作，从项目维度进行管理，协调相关资源，推进项目进度，控制项目周期、项目成本、项目质量等: 3、项目售后服务:项目落地后对产品有充分理解，熟悉上线产品功能及业务逻辑关系，负责产品的售后培训、维护服务等相关工作; 结合公司发展战略和经营目标，熟悉公司产品 4、为市场和项目提供有利的方案支撑。 【任职资格】 1、本科硕士及以上学历，教育技术、计算机、软件工程、教育学等相关专业优先; 2、有院校业务经验者优先，对开发技术有一定了解，有过教务管理平台，网络教学平台等项目经验、独立进行过院校项目实施交付经验的优先 3、具备较强的文案编写能力、客户需求分析能力和资源整合能力: 4、具备较强的沟通表达能力，能够有条理分明:逻辑清晰地表达 5、具备较强的团队协作能力和抗压能力，能够适应短期出差: 6、具备团队协作意识、良好的敬业精神和追求卓越的精神: 7、热爱教育行业。 工作地点 兰州安宁区众邦国贸中心众邦国贸大厦写字楼8楼 以担保或任何理由索要财物，扣押证照，均涉嫌违法。一经发现， 立即举报,"互联网教育,学校/学历教育",http://www.zhaopin.com/jobdetail/CCL1219635220J40852584403.htm?refcode=4019&srccode=401901&preactionid=ab7d2ade-0a0c-44da-80e9-3183ee382663
项目经理,蜂巢汽车科技集团有限公司,1-2万·15薪,东莞·大岭山镇,Guangzhou,本科,1-3年,7月16日,zhilian,职位描述 汽车研发项目 新能源/燃油整车研发制造 1车载.电源类全生命周期项目管理； 2.依据客户需求，成立项目组织，进行项目QCT指标分解和过程管控，并进行风险及异常处理； 3.协调内外部资源，解决异常问题，确保项目指标的达成； 4、策划VA/VE活动，参与SE活动，并在项目中推行； 5、策划项目试生产、SOP量产评审、移行评审活动，保证项目按时SOP； 6、总结过程问题、梳理各阶段的项目概况，并实施各阶段的知识积累； 1.工作年限及资历：2年以上工作经验 2.必要能力：从事过电源类项目管理1年以上 3.岗位技能：有PMP项目管理证书 4.工具技能：熟练办公软件，尤其是管理软件 工作地点 东莞中集产城数字科技产业园南2三单元B口5层 以担保或任何理由索要财物，扣押证照，均涉嫌违法。一经发现， 立即举报,汽车研发项目,http://www.zhaopin.com/jobdetail/CC813010360J40932962002.htm?refcode=4019&srccode=401901&preactionid=ab7d2ade-0a0c-44da-80e9-3183ee382663
项目经理,江西高佳光电科技有限公司,8000-10000元,上饶·广信区·兴园街道,Guangzhou,大专,3-5年,7月26日,zhilian,职位描述 PMP ACP 制造业 光学行业 仪器仪表 一、基本条件 1、学历要求 大专及以上学历，项目管理、供应链管理、没有光学行业前后工程冷加工工作管理经验勿投!!! 2、工作经验 五年以上项目管理经验，其中三年以上制造业项目统筹经验，有供应商品质体系管理、原辅材料采购管理与产线生产协调相关工作经历者优先。 3、资格证书 持有PMP（项目管理专业人士资格认证）、ACP（敏捷管理专业人士资格认证）或相关行业项目管理证书者优先。 二、能力要求 2.1项目统筹管理 具备全面的项目生命周期管理能力，能够独立负责公司项目全流程统筹工作，确保项目目标按时、按质、按成本要求达成。 擅长制定详细的项目计划，包括项目进度计划、资源分配计划、成本预算计划等，并能根据项目实际情况及时调整计划，有效应对项目中的各种变化。 拥有较强的项目风险管理能力，能够准确识别项目中的潜在风险，制定相应的风险应对措施，降低风险对项目的影响。 2.2供应商管理 熟悉原材料采购流程，能够与供应商进行有效的沟通与谈判，确保原材料的及时供应，满足项目生产需求。 具备供应商评估与管理能力，能够定期对供应商进行绩效评估，建立和维护优质的供应商合作关系，优化供应链体系。 能够及时处理供应商供货过程中出现的问题，如原材料质量问题、供货延迟问题等，确保项目生产不受影响。 2.3产线协调管理 了解产线组装生产流程，能够对产线生产进度进行有效的监控与督导，确保生产任务按时完成。 具备较强的品质管理意识，能够制定并执行严格的品质控制标准，对产线生产过程中的产品质量进行监督检查，及时发现和解决质量问题，保证产品质量符合要求。 能够与生产部门、品质部门等内部相关部门进行良好的沟通与协调，推动各部门之间的协作，提高生产效率。 三、综合素质 沟通协调能力：具备出色的沟通表达能力，能够与公司内部各部门、外部供应商等不同层级的人员进行有效的沟通与协调，解决工作中的各种矛盾和问题。 团队管理能力：能够带领项目团队高效开展工作，合理分配工作任务，激发团队成员的工作积极性和创造力，提升团队整体战斗力。 抗压能力：能够承受较大的工作压力，在项目面临紧急情况或困难时，保持冷静，迅速采取有效的措施解决问题。 数据分析能力：具备一定的数据分析能力，能够通过对项目数据的分析，发现项目管理中的问题，为项目决策提供数据支持。 学习能力：具有较强的学习能力，能够快速掌握新的知识和技能，适应不断变化的工作环境和项目需求 工作地点 江西省上饶市广信区兴业大道7号 以担保或任何理由索要财物，扣押证照，均涉嫌违法。一经发现， 立即举报,"PMP,ACP,制造业,光学行业",http://www.zhaopin.com/jobdetail/CC506777580J40860655909.htm?refcode=4019&srccode=401901&preactionid=ab7d2ade-0a0c-44da-80e9-3183ee382663
项目经理,大连陆晟商贸有限公司,8000-15000元,大连·西岗·人民广场,Guangzhou,大专,1-3年,7月21日,zhilian,职位描述 咨询服务 通信运营商/电信增值服务 互联网医疗 岗位内容： 1. 负责项目规划、组织、实施和监督，确保项目在时间、成本和质量等方面达成预期目标； 2. 合理分配项目资金和资源，并对项目进展情况进行控制和协调； 3. 建立和维护良好的客户关系，有效地处理客户投诉和疑虑； 4. 针对项目中出现的问题，及时提出解决方案并落实； 任职要求： 1. 1年以上项目管理经验，具备较强的组织、协调、沟通、领导和问题解决能力； 2. 熟练掌握项目管理工具和方法，能够快速适应新技术和新环境； 3. 良好的客户服务意识和高度的责任心； 4. 相关专业优先。 工作地点 大连市-西岗区-纪念街与五四路交叉路口往北约120米 以担保或任何理由索要财物，扣押证照，均涉嫌违法。一经发现， 立即举报,"咨询服务,通信运营商/电信增值服务,互联网医疗",http://www.zhaopin.com/jobdetail/CCL1492129850J40773668301.htm?refcode=4019&srccode=401901&preactionid=ab7d2ade-0a0c-44da-80e9-3183ee382663
项目经理,株洲珠华智慧水务科技有限公司,8000-15000元·13薪,株洲·天元区·泰山路街道,Guangzhou,本科,经验不限,2月6日,zhilian,岗位职责： 1、负责公司智慧水务项目的实施推进，包括计划编制、需求调研、方案设计以及方案实施的全项目过程的计划、技术、人员、质量、成本以及安全等方面的管理与协调； 2、负责项目实施前期准备工作和项目验收后的项目服务工作的建立； 3、负责协助公司外部资源管理等，任务跟进和关系维护； 4、负责协助公司智慧水务平台技术路线落地，包括功能设计、测试和软硬件调试； 5、负责完成公司或部门的临时工作安排，如现场踏勘、安装指导、技术培训、客户答疑等现场工作。 6、负责协助部门制定标准化的项目管理、标准化的项目施工要求、标准化的验收标准、标准化的工期核算、标准化的成本核算。 任职要求： 1、具备计算机、物联网、电气自动化、机械设计等相关专业本科学历，工作经验不限。 2、具有较强的学习、文档能力，具备组织、协调、沟通、应变能力。 3、具有掌握一门外语能力者优先。 4、具有项目管理经验者，尤其是智慧领域，如智能制造、智慧城市、智慧水务等。 5、能够外出项目现场配合工作推进，具备吃苦耐劳精神。 6、能够适应临时加班工作，工作认真有耐心。 7、该岗位可接受应届毕业生，要求头脑灵活。 8、具有硬件研发或智能化集成研发经验者优先。 职位福利：五险一金、弹性工作、年底双薪（视公司经营情况而定）、带薪年假、项目奖金（视公司经营情况而定）、员工食堂、年轻化团队 工作地点 天元区株洲南方阀门股份有限公司 以担保或任何理由索要财物，扣押证照，均涉嫌违法。一经发现， 立即举报,智慧水务,http://www.zhaopin.com/jobdetail/CC818194620J40407866702.htm?refcode=4019&srccode=401901&preactionid=ab7d2ade-0a0c-44da-80e9-3183ee382663
项目经理,河北星辉消防工程有限公司,6000-10000元,廊坊·北史家务镇,Guangzhou,大专,3-5年,7月11日,zhilian,岗位职责： 1、负责施工现场管理工作。 2、对施工进度、安全、质量进行监督。 任职要求： 1、3年以上消防等相关工程管理经验，能独立完成施工现场管理，熟悉消防等相关施工及技术 要求。 2、具有较强的团队精神，良好的沟通及现场协调能力。 3、熟练使用办公软件，能够熟练使用CAD制图。 4、有中级职称和一级建造师者优先。 职位福利：交通补助、通讯补助、带薪年假、定期体检、员工旅游、节日福利、五险 工作地点 廊坊市龙河高新区富康道89号慧谷·梦工厂55#（富士康东侧） 以担保或任何理由索要财物，扣押证照，均涉嫌违法。一经发现， 立即举报,消防工程,http://www.zhaopin.com/jobdetail/CC568413220J40115394413.htm?refcode=4019&srccode=401901&preactionid=ab7d2ade-0a0c-44da-80e9-3183ee382663
项目经理,山东优尼亚农业机械有限公司,8000-12000元·13薪,德州·齐河县·晏北街道,Guangzhou,大专,经验不限,7月25日,zhilian,职位描述 建筑设备安装 项目经理10人 1. 学历要求：大专及以上学历，工程管理、机械工程、土木工程等相关专业优先。 2. 经验要求：具备1年及以上粮食烘干装备、筒仓或大型仓储设备现场施工管理经验者优先。 3. 能力要求：具备登高作业（30米左右）能力，持有登高作业证者优先；具备较强的计划协调、问题解决能力及抗压性，能独立统筹项目进度。 4. 其他要求：项目期间需长期出差，能适应驻场工作节奏；具备良好的沟通表达能力及团队协作意识，责任心强。 工作地点 德州齐河县308国道附近山东优尼亚农业机械有限公司 以担保或任何理由索要财物，扣押证照，均涉嫌违法。一经发现， 立即举报,建筑设备安装,http://www.zhaopin.com/jobdetail/CC633518030J40708670814.htm?refcode=4019&srccode=401901&preactionid=ab7d2ade-0a0c-44da-80e9-3183ee382663
项目经理,青岛佳家康医疗管理有限公司,8000-15000元,青岛·李沧·浮山路,Guangzhou,大专,3-5年,12月24日,zhilian,岗位职责 1. 统筹集团鼻炎、贴敷、滴注、中医皮肤等专科业务在各社区医院的落地推广，制定项目执行计划、阶段目标与资源配置方案，确保项目按时间节点达成运营指标。 2. 协调集团职能部门、院区医护团队、外部供应厂商等多方资源，解决项目推进中的场地、物料、人员等问题，保障项目顺畅运转。 3. 负责项目全周期管理，涵盖需求调研、方案设计、试点验证、全面铺展、效果复盘，同步优化项目流程，降低运营成本，提升服务效率。 4. 跟踪项目核心KPI（营收、接诊量、转化率、复购率、客户满意度等），定期输出项目运营报告，数据复盘与策略优化。 5. 配合集团质控部门，落实医疗服务规范，确保项目执行符合行业监管要求与集团质量管理标准，规避医疗风险。 6. 制定项目对内对外的线上线下整合营销推广策略，联动总部资源，统筹宣传物料、投放渠道及推广活动落地；对内做好医护团队的流程培训，对外指导院区社群运营、社区义诊、新媒体推广等方式扩大项目影响力，提升患者认知度与参与度。 7. 负责社区医护团队的专业赋能工作，组织开展项目相关的技能培训、跟诊带教活动；定期组织各类沟通协调会议（如专题研讨会、经验分享会、进度推进会等），收集一线执行反馈、解决项目落地难点、统一服务标准与执行要求。 8. 沉淀项目成功经验，形成可复制的项目操作手册，为后续项目推广提供标准化模板。 工作地点 青岛李沧区中海国际社区佳家康医疗集团 以担保或任何理由索要财物，扣押证照，均涉嫌违法。一经发现， 立即举报,"卫生服务,新媒体,互联网医疗",http://www.zhaopin.com/jobdetail/CCL1342275710J40865699403.htm?refcode=4019&srccode=401901&preactionid=ab7d2ade-0a0c-44da-80e9-3183ee382663
项目经理,新宝电器,1.3-2.6万,佛山·顺德·勒流,Guangzhou,本科,经验不限,4月16日,zhilian,"职位描述 小家电 主要职责： 1.负责客户项目管理团队的搭建。 2.负责组织团队梳理及比较客户的开发流程与新宝产品开发流程的差异，整理重要里程碑的输入和输出信息。 3.负责组织团队梳理及比较客户产品标准与新宝产品标准的差异，并使客供双方达成共识。 4.协助业务推动开发工程师完成新产品报价工作，确保新产品报价的合理性以及新项目顺利引进。 5.负责监督团队按各类客户项目管理作业指导书的要求开展各项目管理工作。 6.负责监督整个项目（重点指外部层面）的质量。 7.负责项目进行过程中和客户进行技术，质量问题沟通工作。 8.负责建立及更新客户信息档案，要求来进行项目管理，维护客户关系，提升客户满意度。 任职资格： 1.参与制定和执行项目管理策略。 2.编制项目的范围、客户要求、测试标准等。 3.组建和管理跨部门项目团队,项目团队成员包括项目经理、产品开发工程师、市场部人员、品质工程人员、产品认证测试人员、采购人员及生产管理人员等。 4.评估项目的风险,失效模式分析的评估。 5.监控项目进度，确保符合客户要求及项目按时交付。 6.监管项目质量,确保项目质量符合客户要求及公司的制造水平。 7.监管项目利润达成情况,确保项目利润符合公司要求。 8.编制客户特殊要求信息表，并监控客户特殊要求的实际执行情况。 工作地点 佛山市-顺德区-龙洲路31-12号 以担保或任何理由索要财物，扣押证照，均涉嫌违法。一经发现， 立即举报",小家电,http://www.zhaopin.com/jobdetail/CC205350810J40730285006.htm?refcode=4019&srccode=401901&preactionid=ab7d2ade-0a0c-44da-80e9-3183ee382663
项目经理,内蒙古良业水务有限责任公司,4000-7000元,乌海·海勃湾区·新华西街道,Guangzhou,本科,1-3年,7月14日,zhilian,岗位职责 1. 商务对接与接待：全权负责公司对外商务洽谈、客户接待工作，维护良好的客户合作关系，保障商务沟通顺畅高效。 2. 项目全流程管理：负责新项目的建设管理工作，统筹项目推进各环节，把控项目进度、质量与安全；同时负责已建成项目的日常运营管理，保障项目稳定运行，及时处理运营过程中的各类问题。 三、任职要求 1. 学历专业：大学本科及以上学历，工科类相关专业毕业 2. 基础技能：持有驾驶证，熟练驾驶车辆 3. 专业知识：精通CAD画图，掌握管路相关知识、基础电工知识，能运用专业知识解决项目建设及运营中的实际问题 4. 个人素养：吃苦耐劳，责任心强，具备良好的沟通协调能力、项目管理能力与问题解决能力，能适应岗位相关工作安排。 四、薪资待遇 薪资结构为基本工资3000元+绩效工资，试用期三个月，有五险，多劳多得，具体薪资可根据个人能力及工作表现面议。 工作地点 乌海市-海勃湾区-车站南路乌海市第五中学西侧约230米 以担保或任何理由索要财物，扣押证照，均涉嫌违法。一经发现， 立即举报,电力/水利/热力/燃气,http://www.zhaopin.com/jobdetail/CCL1515784610J40949051408.htm?refcode=4019&srccode=401901&preactionid=ab7d2ade-0a0c-44da-80e9-3183ee382663
项目经理,天津莫森睿自动化设备有限公司,8000-12000元,天津·武清·南蔡村,Guangzhou,学历不限,经验不限,1月31日,zhilian,职位描述 英语 欧美区域 北美区域 东南亚区域 工业自动化/机器人 专用设备制造 贸易/进出口 1. 负责公司生产线组装自动化设备的海外市场业务拓展。 2. 处理英文技术资料，确保相关文件的翻译、理解与应用。 3. 进行商务沟通，包括与国外客户的邮件往来、合同洽谈等书面沟通。 4. 协助海外客户解决售前、售中、售后技术问题，确保项目顺利实施。 5. 参与国外客户的电话会议及现场对接，确保项目顺利进行。 任职要求： 1. **教育背景**：机械自动化、机电一体化、工程技术或相关专业，学历不限。 2. **工作经验**：具备机械自动化设备相关工作经验，有海外项目经验者优先。 3. **语言能力**：具备良好的英语读写能力，能够阅读并处理英文技术文档；具备英语口语沟通能力，能够应对日常商务沟通与技术交流。 4. **专业技能**：熟悉机械自动化设备的设计和制造流程。参与过出口设备项目经验优先考虑。 工作地点 天津莫森睿自动化设备有限公司天津市武清区南蔡村镇金博开发区福兴道7号 以担保或任何理由索要财物，扣押证照，均涉嫌违法。一经发现， 立即举报,"英语,欧美区域,北美区域,东南亚区域",http://www.zhaopin.com/jobdetail/CC465894110J40586477206.htm?refcode=4019&srccode=401901&preactionid=ab7d2ade-0a0c-44da-80e9-3183ee382663
项目经理,云南卓凌科技有限公司,4000-7000元,昆明·盘龙·鼓楼,Guangzhou,大专,经验不限,7月24日,zhilian,职位描述 工程施工 配合甲方做好弱电智能化现场项目施工及管理 工作地点 昆明盘龙区联盟街道SOHO俊园11栋2单元1717 以担保或任何理由索要财物，扣押证照，均涉嫌违法。一经发现， 立即举报,工程施工,http://www.zhaopin.com/jobdetail/CC360856120J40952480808.htm?refcode=4019&srccode=401901&preactionid=ab7d2ade-0a0c-44da-80e9-3183ee382663
项目经理,河北风淼新能源科技有限公司,5000-10000元,邢台·襄都区·南长街街道,Guangzhou,学历不限,经验不限,7月25日,zhilian,岗位职责 1.熟悉新能源项目全流程落地，负责项目手续报批、项目开发等相关工作。 2.负责外联对接各级电网单位、政府主管部门，推进项目中的各类审批工作。 3.配合项目需求，需要短期出差，完成外勤对接工作。 4.熟练使用办公软件整理报审资料、台账归档。 任职要求 1.具备新能源并网项目跑手续相关经验者优先。 2.沟通协调能力强、具备问题解决能力，逻辑思维清晰。 3.熟练操作电脑及 Office 办公软件。 4.能够适应短期外勤出差，会开车优先。 工作地点 邢台襄都区易购·七熙广场 以担保或任何理由索要财物，扣押证照，均涉嫌违法。一经发现， 立即举报,"新能源,光伏,风电,综合能源",http://www.zhaopin.com/jobdetail/CCL1488279810J40802728407.htm?refcode=4019&srccode=401901&preactionid=ab7d2ade-0a0c-44da-80e9-3183ee382663
项目经理,精诚工科汽车系统有限公司,8000-16000元,保定·顺平·蒲上,Guangzhou,大专,3-5年,7月21日,zhilian,岗位职责: 1. 负责汽车项目全生命周期的统筹规划与进度管理； 2. 组织协调跨部门资源，推动项目关键节点按时交付； 3. 识别并管控项目风险，制定应对措施以确保项目目标达成； 4. 监控项目预算执行情况，优化资源配置以控制成本； 5. 主持项目阶段性评审会议，确保持续改进与质量闭环。 任职要求： 1. 具备优秀的项目管理与统筹协调能力，能高效推进复杂任务； 2. 拥有良好的沟通表达能力，善于解决跨团队协作中的问题； 3. 熟悉汽车行业开发流程，具备敏锐的风险预判与处理能力； 4. 结果导向明确，能在高压环境下保持清晰思路并达成目标； 5. 具备较强的数据分析与决策能力，持续优化项目管理方法。 工作地点 保定顺平县长城汽车股份有限公司(顺平分公司) 以担保或任何理由索要财物，扣押证照，均涉嫌违法。一经发现， 立即举报,压铸,http://www.zhaopin.com/jobdetail/CC811481060J40875185409.htm?refcode=4019&srccode=401901&preactionid=ab7d2ade-0a0c-44da-80e9-3183ee382663
项目经理,济宁恒信工程机械有限公司,9000-18000元,泰安·泰山区·财源街道,Guangzhou,本科,经验不限,5月7日,zhilian,职位描述 英语六级 工程机械维修服务 电气机械/电力设备 金属制品/机加工 专用设备制造 任职要求： 1. 本科及以上学历，机械类相关专业（机械设计、机械工程、机电一体化等），应届毕业生优先； 2. 英语六级，具备基本英语沟通能力，能应对简单商务沟通及文档阅读； 3. 性格外向，善于沟通表达，有较强的责任心、抗压能力和团队协作意识； 4. 愿意接受长期派驻项目部，有清晰的职业规划，愿意往销售管理、项目统筹方向发展。 -薪资：公司在山东济宁，培训期间在广州，食宿公司承担 培训期5000元/月 → 项目部前3个月试用期12000元/月 → 考核合格15000元/月 → 1-2年18000元/月 → 3年以上按能力调薪（无上限） - 休假：半年休假一次，一次休假一个月，休假期间发放基本工资5000元； 基础福利：五险一金、带薪休假、员工培训； 驻外工作期间，公司提供食宿、意外险 工作地点 泰安泰山区旧镇 以担保或任何理由索要财物，扣押证照，均涉嫌违法。一经发现， 立即举报,"英语六级,工程机械维修服务",http://www.zhaopin.com/jobdetail/CC284163180J40893227103.htm?refcode=4019&srccode=401901&preactionid=862f025a-7d98-4f1c-ac1c-26d8db7aeb1c
项目经理,天津友诺文化传媒有限公司,8000-12000元,天津·红桥·邵公庄,Guangzhou,学历不限,1-3年,5月8日,zhilian,职位描述 大型活动 广告/公关/营销 会议/展览/活动 岗位内容： 1. 策划、执行广告和会展项目，包括项目预算、时间表、供应商管理等。 2. 领导项目组成员，协调项目进度，确保项目按要求高质量完成。 3. 维护并与客户保持良好的关系，及时解决客户问题。 4. 分析项目数据，撰写详细报告以便为客户提供建议。 任职要求： 1. 本科以上学历，广告、市场营销或相关专业优先考虑； 2. 5年以上广告或会展项目策划执行经验，具备较强的沟通、领导、协作能力； 3. 熟悉各类广告和会展产品，对行业趋势有敏锐的洞察力； 4. 熟练掌握office 办公软件，熟悉Adobe设计软件者优先考虑； 5.周末双休，每天8小时工作时间。 工作地点 天津红桥区西青道65号金兴科技大厦1405室 以担保或任何理由索要财物，扣押证照，均涉嫌违法。一经发现， 立即举报,大型活动,http://www.zhaopin.com/jobdetail/CC871446330J40683921906.htm?refcode=4019&srccode=401901&preactionid=862f025a-7d98-4f1c-ac1c-26d8db7aeb1c
项目经理,成都伍捌熟地配科技有限公司,7000-10000元,成都·金牛·天回镇,Guangzhou,学历不限,1-3年,7月24日,zhilian,职位描述 装修管理 进度管理 成本管理 全周期项目管控 多方资源协调 流程标准化建设 工作职责 1. 负责房屋装修（家装）项目的全周期管理，从前期需求沟通、方案确认到施工执行、验收交付，确保项目目标达成。 2. 协调设计师、施工团队、供应商等多方资源，解决施工过程中的技术冲突与进度瓶颈，保障工程质量。 3. 实时监控项目成本与进度，识别潜在风险并制定应对方案，定期向客户与公司同步项目进展。 4. 推动装修项目流程标准化，沉淀施工管理经验，提升团队协作效率与交付质量。 工作地点 成都金牛区好饰乐居平台C区14栋1单元602室 以担保或任何理由索要财物，扣押证照，均涉嫌违法。一经发现， 立即举报,"装修管理,进度管理,成本管理,全周期项目管控,多方资源协调,流程标准化建设",http://www.zhaopin.com/jobdetail/CCL1509537690J40852159201.htm?refcode=4019&srccode=401901&preactionid=862f025a-7d98-4f1c-ac1c-26d8db7aeb1c
项目经理,中建新疆建工集团第五建筑工程有限公司,8000-13000元,乌鲁木齐·米东区·卡子湾街道,Guangzhou,本科,5-10年,7月9日,zhilian,职位描述 一级建造师（市政工程） 1.持有市政公用工程专业一级注册建造师证书，证书均无挂靠等异常状态；具备近三年市政项目业绩（施工内容为新建道路，合同额不低于1亿元，业绩资料齐全，且在全国建筑市场监管公共服务平台可查、平台显示竣工）； 2.市政专业类高级工程师职称； 3.安B证书； 4.大学本科学历； 5.可到岗者优先。 工作地点 乌鲁木齐米东区中建新疆建工五建 以担保或任何理由索要财物，扣押证照，均涉嫌违法。一经发现， 立即举报,一级建造师（市政工程）,http://www.zhaopin.com/jobdetail/CC699267220J40902750603.htm?refcode=4019&srccode=401901&preactionid=862f025a-7d98-4f1c-ac1c-26d8db7aeb1c
项目经理,思特奇,1-1.5万,昆明·西山·前卫,Guangzhou,本科,1-3年,7月22日,zhilian,职位描述 PMP 软件项目 云计算 加入思特奇你将： 1.基于客户需求及商务合同要求，制定项目计划，使用公司项目管理的方法和工具，保障项目按期按质的交付，并不断提升客户满意度。 2.与公司内部各产品线与部门建议良好的项目运作机制，通过协调多维度资源，开展定期/不定期的对内/对外活动，来保证项目高质量交付。 3.项目管控过程中，主动识别项目风险及问题，及时管控及解决。风险管理包括且不限于识别/预判风险点，制定风险预案，建立风险响应机制，记录过程风险并沉淀经验等，并形成项目级乃至公司级的项目风险和问题知识库。 4.从项目全生命周期开展交付管理工作，包括但不限于项目交接/启动，需求分析，需求设计，开发/测试/交付，上线验收，项目总结复盘等，其中验收是项目交付的最终目标。 5.协同销售和产品经理进行定期/不定期三方互动，形成良性交互。 6.公司及领导安排的其他相关事务 7.在此岗位，你将收获更多的项目管理专业知识和实践、团队管理等多方面管理经验的提升 如果你是 1.国家正规院校本科及以上学历，计算机或管理相关专业毕业优先； 3.熟悉DevOps和敏捷开发，有两年以上互联网相关研发产品的项目管理经验，有实际运作PMO和PMC经验者优先；熟练掌握MS Office基本软件，包括Project&Visio，熟悉思维导图工具；以结果为导向，具有强烈的目标感和使命感。 4.较强的思维逻辑能力，能很好地拆解工作任务、分辨工作优先级；心理建设良好，有一定的抗压能力，能够自我调节适应变化的工作节奏；沟通能力强，主观意识强，快速建立主人翁意识，主动影响团队积极主动的完成交付工作。 5.取得PMP、ACP、DEVOPS、软考等项目管理相关证书优先 6、能够熟练使用AI工具/模型辅助完成工作，具备借助AI能力提升工作效能的意识与实践经验;有AI模型二次开发或自主构建相关经验者优先; 期待心怀远大理想，不断追求卓越的您加入我们，与思特奇一起用软件改变世界！ 思特奇——成立于1995年的中国信息化建设创领者和信息通信行业的领军企业（股票代码：300608.SZ）； 在这里，我们立足自主可控、研发创新，凭借领先的5G、云、大数据、人工智能、物联网、区块链等新一代信息技术，为政府和企业客户提供全面的数字化转型和智慧运营服务；同时拥有思特奇研究院和未来科技研究院为自主研发和科研创新保驾护航； 【我们的宗旨】 Our Business Purpose 云、大数据、万物互联、人工智能和智慧运营时代，产品、技术、服务、运营的可信赖专家！ 【我们的文化】Our Culture 员工与企业共同成长、企业与社会和谐发展 倡导开放、透明、无等级的沟通、无障碍的交流 谨慎稳健、诚信守诺、经验共享、团结合作 学习 思考 创新 行动 改进 成功 更多信息，请关注思特奇官网：http://www.si-tech.com.cn 欢迎大家投递思特奇，招聘信息认准官方渠道（官网及公众号信息），不要随意下载付费APP，谨防诈骗 工作地点 昆明西山区南悦城-1号楼广福路南悦城1栋1605 以担保或任何理由索要财物，扣押证照，均涉嫌违法。一经发现， 立即举报,"PMP,软件项目",http://www.zhaopin.com/jobdetail/CC120747250J40810874611.htm?refcode=4019&srccode=401901&preactionid=862f025a-7d98-4f1c-ac1c-26d8db7aeb1c
项目经理,方圆标志认证集团江苏有限公司,1.5-2万,南京·鼓楼·挹江门,Guangzhou,本科,经验不限,7月17日,zhilian,岗位职责： 1、负责防爆、充电桩、小功率电动机、电动工具、电焊机、家电、低压电器成套、低压元器件等领域产品认证技术服务项目； 2、对接国内外实验室和技术机构，统筹认证全流程技术沟通、资料整理、不符合项整改跟进； 3、开展认证标准解读、项目方案规划、客户需求调研与市场分析，优化服务方案，提供技术支撑； 4、根据工作安排参与公司各类认证项目、技术服务项目实施。 岗位要求： 1、理工科本科及以上学历，能源、环境、自动化、热动、化工、暖通等相关专业； 2、具有防爆、涉电类产品设计、技术、生产、检测、认证等相关工作经历，有充电桩、小功率电机、电动工具相关工作经历优先； 3、可适应短期出差，熟练操作办公软件，工作自主性强，沟通协调良好，富有团队精神； 4、持有驾驶证者优先。 薪资待遇：年薪20万起，福利体系完善：缴纳五险二金；提供免费工作餐；双休、享有法定节假日、带薪年假；节日福利、通讯及交通补贴；年度员工体检等。 工作地点 南京鼓楼区方圆认证洪庙巷19号 以担保或任何理由索要财物，扣押证照，均涉嫌违法。一经发现， 立即举报,"技术服务,电气机械/电力设备,检测/认证/计量",http://www.zhaopin.com/jobdetail/CC675871720J40956180315.htm?refcode=4019&srccode=401901&preactionid=862f025a-7d98-4f1c-ac1c-26d8db7aeb1c
项目经理,惠州优力纬尔微控电子有限公司,1.5-2.5万·13薪,惠州·龙门县·龙城街道,Guangzhou,本科,1-3年,7月24日,zhilian,职位描述 电子电路基础元件/模组 【工作内容】 1、统筹微信开关（电子机械结构类产品）项目全生命周期管理，制定进度计划并监控关键节点，保质保量完成交付； 2、协调研发、生产及供应链等多部门资源，推动解决技术攻关与产线试产中的跨部门协作问题； 3、负责项目成本预算控制与风险评估，定期输出项目管理分析报告及改进措施； 【任职要求】 1、本科及以上学历，电子工程、机械自动化或相关专业，具备2年以上制造业项目管理行业经验； 2、精通项目管理方法论，持有PMP证书者优先，熟悉电子结构类产品开发流程； 3、熟练掌握PLM等项目管理软件，具备优秀的数据分析能力及复杂问题解决技巧； 4、具备良好的职业操守与抗压能力，责任心强。 5、此岗位包吃住免费，一日三餐，入住高级公寓空调宿舍，家具齐全。 奖金绩效 有 工作地点 惠州龙门县冠泰科技创新产业园 以担保或任何理由索要财物，扣押证照，均涉嫌违法。一经发现， 立即举报,电子电路基础元件/模组,http://www.zhaopin.com/jobdetail/CCL1307145200J40876560409.htm?refcode=4019&srccode=401901&preactionid=862f025a-7d98-4f1c-ac1c-26d8db7aeb1c
项目经理,河北建筑消防设施技术服务中心沧州分中心,7000-8000元,菏泽·牡丹区·沙土镇,Guangzhou,学历不限,经验不限,7月21日,zhilian,职位描述 注册消防工程师资格证书 1.要求持有一级注册消防工程师证件 2.身体健康，无不良嗜好 3.工作认真负责 工作地点 牡丹区华润电力(菏泽)有限公司 以担保或任何理由索要财物，扣押证照，均涉嫌违法。一经发现， 立即举报,注册消防工程师资格证书,http://www.zhaopin.com/jobdetail/CC267878080J40774786506.htm?refcode=4019&srccode=401901&preactionid=862f025a-7d98-4f1c-ac1c-26d8db7aeb1c
项目经理,中船数字信息技术有限公司连云港分公司,8000-13000元,连云港·海州区·花果山街道,Guangzhou,本科,3-5年,7月25日,zhilian,岗位职责： （1）全面负责软件项目的全生命周期管理，包括项目立项、需求调研、计划制定、资源协调、进度管控、质量监督及交付验收等全流程工作。 （2）对接客户，明确项目需求和范围，梳理需求优先级，协调各方资源（人力、物力、财力），确保项目资源充足。 （3）制定详细的项目计划，明确各阶段里程碑及交付物，跟踪项目进度，及时发现并解决项目中出现的风险、问题，确保项目按时、按质、按量交付。 （4）负责项目团队的管理与激励，合理分配工作任务，组织团队例会，同步项目进展，提升团队凝聚力和工作效率；协调解决团队成员工作中的困难。 （5）负责项目质量管控，建立并执行项目质量标准，监督测试、验收环节，确保项目成果符合客户需求和公司质量要求，降低项目返工率。 （6）负责项目成本控制，监控项目预算执行情况，合理控制人力、物料等成本，确保项目在预算范围内完成；做好项目文档归档及复盘工作，总结项目经验。 （7）维护客户关系，及时同步项目进展，响应客户需求变更，协调处理客户反馈的问题，提升客户满意度。 任职资格： （1）学历要求：本科及以上学历，计算机、项目管理、软件工程等相关专业，3-5年及以上软件项目管理经验，有Java相关项目管理经验者优先。 （2）项目管理能力：熟悉项目管理流程（瀑布式、敏捷式），具备扎实的项目计划制定、进度管控、风险管控、成本控制能力，能独立负责中小型软件项目的全流程管理。 （3）专业知识：了解Java开发相关技术（如SpringBoot、数据库等），能理解技术方案和开发流程，能与开发团队高效沟通；熟悉软件需求分析、测试流程者优先。 （4）沟通协调能力：具备较强的沟通表达、谈判及协调能力，能高效对接客户、跨部门团队及项目成员，清晰传递需求和工作要求，解决跨部门协作问题。 （5）其他要求：具备较强的责任心、抗压能力和问题解决能力，逻辑思维清晰，善于统筹规划；具备良好的团队管理和激励能力，能带领团队达成项目目标。 工作地点 连云港海州区船舶重工集团公司中船数字信息技术有限公司 以担保或任何理由索要财物，扣押证照，均涉嫌违法。一经发现， 立即举报,"软件项目,信息化项目",http://www.zhaopin.com/jobdetail/CCL1520906610J40842991310.htm?refcode=4019&srccode=401901&preactionid=862f025a-7d98-4f1c-ac1c-26d8db7aeb1c
项目经理,潍坊众志胜企业管理咨询有限公司,6000-12000元,潍坊·高密·朝阳,Guangzhou,大专,3-5年,7月24日,zhilian,职位描述 蓝领岗位招聘 人力资源 1、渠道搭建与维护 负责线上线下招聘渠道、劳务资源的开发、维护与优化，搭建稳定招聘体系，按需调整渠道策略，保障项目用工供给。 2、招聘项目统筹落地 统筹全流程招聘工作，对接业务用工需求，制定招聘计划，把控招聘质量、到岗时效与人力成本，保障人员稳定到岗留存。 3、团队管理与指标达成 负责招聘团队日常管理、目标拆解、绩效考核与工作复盘，优化招聘流程，赋能团队，带领团队完成各项招聘业绩指标。 4、项目对接与数据运维 对接内外部项目需求，协调解决用工问题，定期整理招聘数据、输出复盘报表，积累项目管理经验。 5、能力沉淀与岗位晋升 主动学习项目全流程管理，参与项目运营、人员管控及风险把控，完成能力转型，达标后晋升项目经理。 工作地点 潍坊三里嘉园高密市利群路三里嘉园北门向西100米8-21号 以担保或任何理由索要财物，扣押证照，均涉嫌违法。一经发现， 立即举报,蓝领岗位招聘,http://www.zhaopin.com/jobdetail/CCL1451971650J40901952603.htm?refcode=4019&srccode=401901&preactionid=862f025a-7d98-4f1c-ac1c-26d8db7aeb1c
项目经理,江苏都诚物业管理集团有限公司,6000-8000元,南京·秦淮·洪武路,Guangzhou,本科,经验不限,7月24日,zhilian,职位描述 物业管理 1.负责项目整体运营。 2.要求：高保证、中级消防监控证、无犯罪记录证明。 工作地点 江苏省南京市秦淮区健康路 以担保或任何理由索要财物，扣押证照，均涉嫌违法。一经发现， 立即举报,物业管理,http://www.zhaopin.com/jobdetail/CCL1480846590J40877518014.htm?refcode=4019&srccode=401901&preactionid=862f025a-7d98-4f1c-ac1c-26d8db7aeb1c
项目经理,成飞集成,7000-10000元,成都·龙泉驿·柏合,Guangzhou,大专,1-3年,7月18日,zhilian,职位描述 新能源/燃油车零部件 从汽车零部件冲焊前期报价阶段开始到立项，协调各部门项目工作，监督各部门项目进度及实施状况，保证项目顺利交付。 职位要求： 1、熟悉沃尔沃，大众，吉利等主机厂项目开发流程； 2、3年以上产品或项目相关工作经验，有车身结构冲焊件项目管理经验优先； 3、具有流利的英语听说读写能力； 4、工程、机械类相关专业大专以上学历； 5、做事认真仔细，能承受较强工作压力； 6、具有较强的团队精神和沟通协调能力； 工作地点 成都四川成飞集成吉文汽车零部件有限公司龙泉驿区合菱西路66号 以担保或任何理由索要财物，扣押证照，均涉嫌违法。一经发现， 立即举报,新能源/燃油车零部件,http://www.zhaopin.com/jobdetail/CC130862720J40866437714.htm?refcode=4019&srccode=401901&preactionid=862f025a-7d98-4f1c-ac1c-26d8db7aeb1c
项目经理,广东省叁启智能科技有限公司,8000-16000元,佛山·三水·西南街道,Guangzhou,大专,3-5年,7月15日,zhilian,岗位职责 1. 项目全生命周期管控：统筹项目立项、需求调研、方案规划、执行落地、过程监控、验收交付、复盘归档全流程，对进度、成本、质量、风险全权负责。 2. 计划与资源管理：拆解WBS工作任务，制定甘特图/里程碑计划；协调研发、销售、采购、生产、外包、客户等内外部资源，解决跨部门冲突。 3. 需求与变更管控：对接客户梳理需求，建立变更流程，评估范围变更对工期、预算、人力的影响，同步各方确认。 4. 风险与问题管理：提前识别进度、技术、交付、合规风险，建立风险台账并制定预案；快速处理项目卡点、客户投诉、突发问题。 二、基础任职硬性要求 1. 学历专业 大专/本科及以上； 2. 工作经验 3-5年项目管理经验，至少2个完整全周期项目操盘经历； 工作地点 佛山市三水区三水创业一路20号 以担保或任何理由索要财物，扣押证照，均涉嫌违法。一经发现， 立即举报,"工业自动化/机器人,电气机械/电力设备",http://www.zhaopin.com/jobdetail/CCL1462133860J40871933905.htm?refcode=4019&srccode=401901&preactionid=862f025a-7d98-4f1c-ac1c-26d8db7aeb1c
项目经理,北京中路华会计师事务所有限责任公司,8000-13000元,呼和浩特·新城·锡林北路,Guangzhou,大专,经验不限,7月9日,zhilian,职位描述 投融资项目 并购项目 会计师事务所 集团公司 会计中级职称 CPA中国注册会计师 财务/审计/税务 1.注册会计师，国内大所工作经验 2.独立承揽业务，带队完成闭环工作 3.熟悉行业制度，法律法规 4.较强的写作能力及沟通表达能力 5.热爱审计事业，有较强的学习能力 6.优秀的组织能力和领导力 7.有进取心，胜任开创性工作 工作地点 呼和浩特新城区丰泰金翡丽广场-B座 以担保或任何理由索要财物，扣押证照，均涉嫌违法。一经发现， 立即举报,"投融资项目,并购项目,会计师事务所,集团公司,会计中级职称,CPA中国注册会计师",http://www.zhaopin.com/jobdetail/CC137044680J41020942404.htm?refcode=4019&srccode=401901&preactionid=862f025a-7d98-4f1c-ac1c-26d8db7aeb1c
项目经理,上海敏竭智能科技有限公司,7000-12000元,上海·嘉定·外冈,Guangzhou,大专,3-5年,7月15日,zhilian,职位描述 汽车研发项目 汽车工艺项目 汽车车身项目 汽配项目 汽车电池项目 汽车底盘项目 新能源/燃油车零部件 新能源/燃油整车研发制造 新产品开发管理（汽车机械零部件） 工作地点 上海市-嘉定区-外冈镇恒乐路95号 以担保或任何理由索要财物，扣押证照，均涉嫌违法。一经发现， 立即举报,"汽车研发项目,汽车工艺项目,汽车车身项目,汽配项目,汽车电池项目,汽车底盘项目",http://www.zhaopin.com/jobdetail/CCL1526421830J40881036705.htm?refcode=4019&srccode=401901&preactionid=862f025a-7d98-4f1c-ac1c-26d8db7aeb1c
项目经理,黑龙江大数据产业发展有限公司,7000-9000元,哈尔滨·香坊·安乐,Guangzhou,本科,1-3年,5月9日,zhilian,岗位职责： 1.负责项目全生命周期管理，制定项目计划并监控执行； 2.协调项目资源，管理项目预算，控制项目成本； 3.管理客户关系，定期汇报项目进展，处理客户变更； 4.识别项目风险，制定应对措施，确保项目按时交付； 5.组织项目评审，完成项目验收及归档； 6.完成领导交办的其他工作。 任职资格： 1.具有IT项目管理经验、系统集成项目管理经验优先； 2.PMP/信息系统项目管理师认证优先； 3.熟悉项目管理工具； 4.优秀的团队管理和客户沟通能力。 工作地点 香坊区联东U谷·哈尔滨香坊科技创新谷48栋 大数据公司 以担保或任何理由索要财物，扣押证照，均涉嫌违法。一经发现， 立即举报,"软件工程,网络工程,管理类等相关工作,信息系统项目管理师",http://www.zhaopin.com/jobdetail/CC531499030J40826722511.htm?refcode=4019&srccode=401901&preactionid=862f025a-7d98-4f1c-ac1c-26d8db7aeb1c
项目经理,广西浩锋信息科技有限公司,8000-11000元,玉林·玉州区·南江街道,Guangzhou,本科,3-5年,7月21日,zhilian,职位描述 软件项目 全生命周期项目管理 跨部门沟通协作 风险与成本管控 工作职责 1. 负责软件项目的全生命周期管理，包括需求调研、计划制定、资源协调、进度跟踪及验收交付。 2. 主导项目团队与客户、研发、测试等跨部门的沟通协作，确保各方目标一致，及时解决项目中的冲突与问题。 3. 识别项目风险并制定应对策略，监控项目成本与质量，推动项目流程优化与效率提升。 4. 定期向客户及内部 stakeholders 汇报项目进展，确保项目成果符合客户预期与公司质量标准。 任职要求 1. 本科及以上学历，计算机、软件工程或项目管理相关专业优先。 2. 3年以上软件/IT服务行业项目管理经验，具备完整的项目交付成功案例。 3. 熟悉项目管理方法论（如敏捷、瀑布），掌握项目管理工具（如Jira、Project）。 4. 具备优秀的沟通协调能力与问题解决能力，能承受项目压力并高效推进工作。 工作地点 玉林玉州区玉柴大厦 以担保或任何理由索要财物，扣押证照，均涉嫌违法。一经发现， 立即举报,"软件项目,全生命周期项目管理,跨部门沟通协作,风险与成本管控",http://www.zhaopin.com/jobdetail/CCL1493809500J40858417101.htm?refcode=4019&srccode=401901&preactionid=862f025a-7d98-4f1c-ac1c-26d8db7aeb1c
项目经理,新疆维吾尔自治区通信产业服务有限公司喀什地区分公司,5000-8000元,喀什·夏马勒巴格镇,广州,大专,1-3年,7月26日,zhilian,岗位职责 负责道路监控、楼宇综合布线、通信光缆等工程项目全流程管理；管控现场施工进度、质量、安全；对接甲方、监理，统筹资料、验收、结算工作。 任职要求 1. 3年以上弱电、通信、安防项目管理经验； 2. 持有通信中级工程师、二建、造价相关证书优先； 3. 熟悉监控立杆、管线敷设、电源接引施工； 4. 能带队管理施工班组，适应乡镇长期驻场。 薪资福利 月薪8K+ 工作地点 西域大道148号喀什地区或克州区域 以担保或任何理由索要财物，扣押证照，均涉嫌违法。一经发现， 立即举报,"信息安全,工程施工",http://www.zhaopin.com/jobdetail/CCL1493655240J40867118207.htm?refcode=4019&srccode=401901&preactionid=9fa74616-1e59-4577-a031-d570305a712d
项目经理,辽宁鑫瑜建设工程有限公司,9000-10000元,沈阳·沈北·虎石台,广州,本科,3-5年,7月26日,zhilian,职位描述 土建工程 装饰装修工程 工业建筑 商业建筑 办公建筑 二级建造师 工程施工 岗位内容： 1. 负责项目从立项到验收的全过程管理，确保项目按时交付、质量达标； 2. 制定项目计划和预算，并监督执行情况，及时解决项目中出现的问题； 3. 协调内部各部门资源，确保项目进度和质量； 4. 与客户沟通协调，及时反馈项目进展和问题。 任职要求： 1. 具备3年以上项目管理经验，能独立承担项目管理任务； 2. 熟悉项目管理流程和项目管理工具； 3. 拥有良好的沟通、协调能力和团队合作精神； 4. 学历不限，相关专业优先考虑。 5、需要二级建造师，安全B证，人到证到，人证合一 工作地点 辽宁省沈阳市沈北新区虎石台街道 以担保或任何理由索要财物，扣押证照，均涉嫌违法。一经发现， 立即举报,"土建工程,装饰装修工程,工业建筑,商业建筑,办公建筑,二级建造师",http://www.zhaopin.com/jobdetail/CCL1494439990J40867098207.htm?refcode=4019&srccode=401901&preactionid=9fa74616-1e59-4577-a031-d570305a712d
项目经理,华润置地,1.4-1.8万·16薪,北京·门头沟,广州,本科,经验不限,7月24日,zhilian,职位描述 平台大 福利好 晋升空间 门头沟、丰台、海淀均有项目 高端住宅，有业委会项目经验优先 工作职责： 1）根据公司整体下达的年初经营目标和指标，主持项目整体的物业管理工作，保证项目物业管理的品质。 2）负责项目人员的管理、组建与培训，参与绩效管理、人才培养、团队建设，组织项目运营会议。 3）负责项目重、难点投诉类报事的跟踪、协调、处理，整改类事务的管控，发现识别潜在危机，制定方案措施，进行有效预控，社区活动策划方案的确定及监督执行，推动社区文化建设，营造小区和谐氛围。 4）负责对项目工作制度、服务标准及流程的检查，并督促责任部门进行修订、改进，合理分配资源，保障项目正常运转。 5）组织制定各类突发事件应急预案，及时处理、控制重大安全事故及突发事件。 6）负责贯彻物业公司的管理方针，落实各项规章制度及工作流程，完成项目的经营目标。 7）负责项目的各类合同的洽谈、签订等。 8）负责与项目区域内业主、业委会及相关政府部门的联络、沟通、信息传递与关系维护，并对项目物业服务质量的最终结果负责。 任职资格： 1）本科及以上 2）熟悉物业前期接管验收、交房（入伙）相关流程。 3）有较强的管理、计划、协调能力和良好的服务理念。 4）结果导向。 工作地点 北京门头沟区润西山B区 以担保或任何理由索要财物，扣押证照，均涉嫌违法。一经发现， 立即举报,"平台大,福利好,晋升空间",http://www.zhaopin.com/jobdetail/CC358101520J40796552205.htm?refcode=4019&srccode=401901&preactionid=9fa74616-1e59-4577-a031-d570305a712d
项目经理,江苏科晶智能科技股份有限公司,8000-10000元,常州·武进·南夏墅,广州,学历不限,经验不限,6月3日,zhilian,职位描述 建筑材料 1.根据公司政策和业务发展，制定销售计划和策略，完成销售目标 2.积极开拓市场及开发新客户，定期拜访客户维护客户关系 3.汇总各类客户信息，及时捕捉市场信息，为公司提供合理化建议 4.销售情况及时汇总、汇报 及财务管理，对账，账款回收。 5.协助处理客户问题，提升满意度 6.完成领导其它工作安排 任职要求 1．专科及以上学历，市场营销，招商管理等相关专业 2．具有良好的市场洞察力，市场分析能力，业务拓展能力 3．具有抗压能力，有责任心，具备较高的人际交往沟通能力 4．诚实守信、勤奋敬业 工作地点 常州武进区科晶电子 以担保或任何理由索要财物，扣押证照，均涉嫌违法。一经发现， 立即举报,建筑材料,http://www.zhaopin.com/jobdetail/CC582809930J40861688609.htm?refcode=4019&srccode=401901&preactionid=9fa74616-1e59-4577-a031-d570305a712d
项目经理,江苏史福特新能源科技有限公司,6000-8000元,扬州·邗江区·城北街道,广州,大专,经验不限,7月24日,zhilian,职位描述 新能源 风电 全生命周期项目管控 电力/水利/热力/燃气 工作职责 1. 负责国央企电厂相关项目的全生命周期管理，从需求对接、方案制定到验收交付的端到端追踪。 2. 统筹协调项目资源（技术、施工、商务等），把控项目进度、成本与质量，及时解决风险与问题。 3. 对接客户（国央企电厂）需求，输出项目报告与阶段性成果，维护良好的客户合作关系。 任职要求 1. 具备项目管理经验，熟悉项目全流程管控方法。 2. 拥有土建工程或弱电系统相关背景，了解能源行业项目实施逻辑者优先。 3. 具备良好的沟通协调能力与跨部门协作经验，能独立推动复杂项目落地。 工作地点 扬州邗江区官河商务中心C栋C栋史福特 以担保或任何理由索要财物，扣押证照，均涉嫌违法。一经发现， 立即举报,"新能源,风电,全生命周期项目管控",http://www.zhaopin.com/jobdetail/CCL1246393700J40873309609.htm?refcode=4019&srccode=401901&preactionid=9fa74616-1e59-4577-a031-d570305a712d
项目经理,宁波安信电器科技有限公司,9000-10000元,宁波·鄞州·姜山,广州,学历不限,1-3年,7月24日,zhilian,职位描述 家具/家居/办公制造 金属制品，木制品，塑料制品皮革包裹 工作地点 宁波市-鄞州区-邦星路与华盾路交叉路口往东南约270米 以担保或任何理由索要财物，扣押证照，均涉嫌违法。一经发现， 立即举报,家具/家居/办公制造,http://www.zhaopin.com/jobdetail/CC848104200J40952769408.htm?refcode=4019&srccode=401901&preactionid=9fa74616-1e59-4577-a031-d570305a712d
项目经理,陕西恒箴瑞企业管理咨询有限公司,8000-12000元,潍坊·奎文·新城,广州,本科,5-10年,7月20日,zhilian,职位描述 电力项目 储能项目 热力项目 物流项目 供应链项目 仓储项目 系统集成项目管理工程师 PMP ACP 咨询服务 货运物流 电力/水利/热力/燃气 我们正在寻找一位经验丰富的项目经理，负责管理与协调公司的重要项目。 工作内容： 1.领导项目团队，确保项目按时、按质、按预算完成； 2.与客户和供应商进行有效沟通，确保项目需求得到满足； 3.制定项目管理计划，监控项目进度，及时解决问题； 4.组织项目会议，进行项目汇报，确保信息的及时传递。 岗位要求： 1.本科及以上学历，5年以上项目管理经验； 2.熟悉项目管理工具和方法论； 3.良好的沟通协调能力，能处理复杂问题； 4.责任心强，具备团队合作精神； 5.有PMP证书者优先。 工作地点 山东省潍坊市奎文区福寿东街新庄家园A栋 3楼 315 以担保或任何理由索要财物，扣押证照，均涉嫌违法。一经发现， 立即举报,"电力项目,储能项目,热力项目,物流项目,供应链项目,仓储项目,系统集成项目管理工程师,PMP,ACP",http://www.zhaopin.com/jobdetail/CCL1525102630J40876537814.htm?refcode=4019&srccode=401901&preactionid=9fa74616-1e59-4577-a031-d570305a712d
项目经理,宁夏亿龙建设工程有限公司,8000-10000元,银川·兴庆区·新华街街道,广州,大专,3-5年,7月25日,zhilian,职位描述 电力工程 工程施工 1、负责工程项目的施工组织设计、技术方案编制及现场技术指导，确保施工过程符合规范要求。主导项目的质量、安全、进度管理，协调解决施工中的技术难题与现场问题。 2、成本控制及竣工验收工作，保障项目合规交付。 配合团队完成技术资料归档、工程变更签证等相关工作，维护项目技术档案完整性。 3、拥有3至5年以上工程现场管理经验，熟悉施工流程、质量验收标准及安全规范。具备较强的技术问题解决能力，能独立处理施工中的技术难点与突发状况。良好的沟通协调能力，能有效对接业主、监理及施工团队，推动项目顺利推进。1、持有二级建造师执业资格证书（建筑工程相关专业）项目经理B证，职备中级工程师职称优先考虑。 2、提供近三年相关业绩附件证明材料等。 3、服从公司管理，接受根据项目需求进行调动工作地点的安排（宁夏境内工作）。 4、大专以上学历。 5、驾驶技术熟练。 工作地点 宁夏回族自治区银川市兴庆区双清路182号塞上骄子公寓15-1号 以担保或任何理由索要财物，扣押证照，均涉嫌违法。一经发现， 立即举报,电力工程,http://www.zhaopin.com/jobdetail/CCL1493404670J40923227312.htm?refcode=4019&srccode=401901&preactionid=9fa74616-1e59-4577-a031-d570305a712d
项目经理,宝鸡市天坤房产经纪有限公司,4000-8000元,宝鸡·金台区·东风路街道,广州,学历不限,经验不限,7月26日,zhilian,岗位职责：1.开发、维护房源（业主开发、实勘、录入） 2.开发、跟进客户，带看、匹配房源。 3.谈判价格、促成签约，完成业绩指标。 4.维护客户关系，提升复购与转介绍。 5.遵守公司规章制度，完成日常量化（带看、跟进、新增）。 任职要求: 1.沟通表达好，愿意吃苦、抗压 2.有销售/房产经验优先，无经验培训。 岗位福利：带薪年假 端口报销 节日生日礼品 工龄补助 房源奖励 工作地点 宝鸡市-金台区-陈仓园实验中学对面 以担保或任何理由索要财物，扣押证照，均涉嫌违法。一经发现， 立即举报,"商业地产项目,住宅建筑",http://www.zhaopin.com/jobdetail/CC855638310J40790259806.htm?refcode=4019&srccode=401901&preactionid=9fa74616-1e59-4577-a031-d570305a712d
项目经理,杭州嘉百瑞新材料科技有限公司,5000-7000元·15薪,杭州·萧山·北干,广州,大专,1-3年,7月23日,zhilian,岗位职责 项目内容（汽车零部件贸易，大宗贸易等） 本岗位为商务专员岗，主要对接上下游供应商与合作客户，统筹全流程项目落地（没有拓客销售内容）： 1. 把控项目进度、交付质量与成本预算，保障项目顺利闭环； 2. 对接客户、供应商双向沟通，精准梳理、落地各方项目需求，协调化解对接分歧； 3. 定期输出项目进度汇报，同步项目动态，保障内外部信息传递及时、清晰。 ## 三、任职要求 1. 学历：大专及以上学历，专业不限； 2. 能力：具备优秀沟通协调能力，可独立处理各类复杂对接问题； 3. 素养：工作责任心强，有良好团队协作意识，做事细致有条理。 4.进行项目汇报，确保信息的及时传递。 岗位要求： 1.专科及以上学历。 2.良好的沟通协调能力，能处理复杂问题； 3.责任心强，具备团队合作精神； 公司名称： 杭州嘉百瑞新材料科技有限公司 上班地址：杭州市萧山区无限公园1号楼170 奖金绩效 月薪+年终奖=15薪 工作地点 杭州萧山区无限公园1栋1705 以担保或任何理由索要财物，扣押证照，均涉嫌违法。一经发现， 立即举报,"项目管理,机械设备与配件批发/零售/贸易",http://www.zhaopin.com/jobdetail/CCL1496945760J40861379801.htm?refcode=4019&srccode=401901&preactionid=9fa74616-1e59-4577-a031-d570305a712d
项目经理,歌尔股份,1-2万,东莞·东城街道,广州,本科,经验不限,4月22日,zhilian,职位描述 电子设备制造 职位详情： 1.读懂项目进度需求，根据计划负责Station BOM的拆解，区分BOM内和BOM外物资梳理跟进到位安装，主导现场线体和设备架设， 2.根据项目日程制定调试计划，推动Buyoff/DOE/专案计划和进度，能够独立制作Buyoff/FACA/DT报告。 3.主导工厂自动化设备的评估，导入及验收。 4.承接部门KPI关键任务，独立主持例会、处理紧急事务，跟进议题，问题点闭环管理，制定实施计划，分解到各模块并监督指标达成 任职资格： 1、本科以上学历，良好的英语读写能力， 2.有设备团队管理经验这优先 3.有对接NPI经验者优先。 4.良好的沟通及抗压能力，能接受加班，出差，并适应快节奏的工作方式。 5.英语可以流利沟通。 工作地点 东莞市兴华工业园 以担保或任何理由索要财物，扣押证照，均涉嫌违法。一经发现， 立即举报,电子设备制造,http://www.zhaopin.com/jobdetail/CC132726540J40742978806.htm?refcode=4019&srccode=401901&preactionid=9fa74616-1e59-4577-a031-d570305a712d
项目经理,山东一特建筑安装工程有限公司,8000-10000元,济南·长清·文昌,广州,大专,3-5年,7月23日,zhilian,职位描述 安装工程 二级建造师 项目全生命周期管理 跨部门协作协调 成本与进度管控 安全B证 工作职责 1. 负责建筑安装项目的全生命周期管理，从前期立项、施工计划制定到竣工验收的全过程统筹。 2. 协调设计、施工、监理等多方资源，确保项目进度、质量、安全与成本目标的达成。 3. 主导项目风险识别与应对方案制定，及时解决施工过程中的技术与管理问题。 4. 负责项目团队的日常管理与考核，推动跨部门协作，保障项目高效执行。 任职要求 1. 大专及以上学历，建筑工程等相关专业，必须持有建造师执业资格证书。 必须持有机电二建证书和安全B证。主要负责通风安装这一块。 2. 具备3年以上工程施工项目管理经验，熟悉建筑安装工程的施工流程与规范。 3. 掌握项目管理工具（如Project、CAD），具备较强的成本控制与进度管理能力。 4. 拥有良好的沟通协调能力与团队领导力，能有效处理项目中的突发状况。 5. 具备驻场的条件 工作地点 济南长清区文昌街道 以担保或任何理由索要财物，扣押证照，均涉嫌违法。一经发现， 立即举报,"安装工程,二级建造师,项目全生命周期管理,跨部门协作协调,成本与进度管控,安全B证",http://www.zhaopin.com/jobdetail/CCL1218326590J40791335606.htm?refcode=4019&srccode=401901&preactionid=9fa74616-1e59-4577-a031-d570305a712d
项目经理,国药诺达(河南)智慧后勤管理集团有限公司,8000-12000元,石家庄·裕华·建华南,广州,大专,3-5年,7月25日,zhilian,职位描述 医院物流工程实施 医院驻场 医疗设备/器械/耗材 核心围绕医院物流工程实施全流程，聚焦现场管控、多方衔接、安全合规等核心动作，具体工作行为如下： （一）现场施工全流程管控 作为现场第一责任人，统筹项目施工全流程，保障工程进度、质量与安全： · 根据项目方案，执行现场施工计划，合理安排施工班组分工，管控施工进度，确保项目按期完工，及时处理施工中的进度滞后问题； · 负责医院改造、拆改现场的安全管理，落实施工安全规范，排查施工安全隐患（如高空作业、用电安全、现场防护等），杜绝安全事故； · 监督施工质量，对照工程图纸及设备安装标准，检查各施工环节、设备安装质量，重点把控箱式物流轨道铺设、气动物流管道安装、垃圾被服收集系统接口对接等关键环节； · 负责现场物料、设备管理，核对进场物料、设备的型号、规格，做好现场物料存放、设备保护，避免损坏医院现有设施及施工设备。 （二）多方沟通衔接（核心工作） 作为衔接枢纽，对接多方主体，保障信息畅通、需求落地，协调解决现场各类矛盾： · 对接医院相关科室（设备科、后勤保障部、基建科、各临床科室），确认施工需求、施工时间，协调施工过程中与医院诊疗工作的衔接，减少施工对医院正常运营的影响； · 对接公司总部，每日同步现场施工进度、质量情况、存在问题及解决方案，每周提交项目周报，及时申请施工资源、协调跨部门事宜； · 管理施工班组，做好人员考勤、纪律管理，开展现场施工培训（包括医院施工规范、安全操作、设备安装要点等），协调班组内部矛盾，提升施工效率。 （三）系统调试与验收衔接 负责各类物流系统的现场调试、试运行及验收工作，保障系统正常投入使用： · 配合设备厂家开展箱式物流、气动物流、垃圾被服收集系统的现场调试，测试系统运行稳定性、传输效率，排查调试过程中的故障，跟踪故障整改闭环； · 组织开展系统试运行，协调医院相关科室参与试运行，收集科室使用反馈，优化系统运行参数，解决试运行过程中出现的问题； · 整理项目施工资料、设备调试记录、验收资料，配合医院及公司开展项目验收工作，对接验收过程中的整改要求，推动验收顺利通过； · 验收完成后，衔接后期运维团队，移交项目资料、设备运行参数，做好运维交接工作，协助开展医院相关人员的系统操作培训。 （四）合规与应急管理 · 熟悉医院施工规范、院感管控要求，确保施工过程符合医院相关规定，做好现场卫生清理、扬尘控制、噪音管控，避免影响医院院感防控及诊疗秩序； · 应对施工过程中的突发情况（如设备故障、施工安全事故、医院临时调整施工要求等），及时处置并上报相关情况； · 配合医院开展各类检查（如基建检查、院感检查），整理施工相关合规资料，确保施工过程合规、资料齐全。 工作地点 裕华区石家庄市人民医院(建华院区) 以担保或任何理由索要财物，扣押证照，均涉嫌违法。一经发现， 立即举报,"医院物流工程实施,医院驻场,医疗设备/器械/耗材",http://www.zhaopin.com/jobdetail/CC829810690J41002987602.htm?refcode=4019&srccode=401901&preactionid=9fa74616-1e59-4577-a031-d570305a712d
项目经理,宁德思客琦智能装备有限公司,6000-11000元,宁德·蕉城区·漳湾镇,广州,本科,经验不限,5月9日,zhilian,岗位职责： 1.在高级项目经理指导下，协助负责项目全生命周期的跟进，包括协助管控项目进度、识别基础风险、记录并反馈项目问题； 2.参与项目资源配置与协调工作，协助跟进项目进程，确保信息及时准确传递； 3.协助对接客户，参与项目进度沟通、问题整改反馈，支持FAT、发货及终验收等环节的基础工作； 4.参与项目会议，协助编制项目计划（进度计划、资源计划）、问题清单及项目报告等文档； 5.协助跟踪项目计划执行情况，及时发现并汇报执行偏差。 晋升路径：项目专员-项目经理 任职要求： 1.公办本科及以上学历，工科相关专业（机械、电气、自动化、工业工程等相关专业优先）； 2.具备较强的逻辑思维能力和学习能力，对项目管理有浓厚兴趣； 3.具备良好的沟通协调能力和团队合作意识，有学生干部或社团活动经验者优先； 4.工作细致、责任心强，具备较强的执行力和抗压能力； 5.熟练使用Office办公软件，了解项目管理基础知识或有相关实习经验者优先。 发展支持： 配备高级项目经理跟进教导，参与真实项目历练； 系统培训项目管理全流程及锂电设备相关知识； 完善的储备人才培养体系，快速成长为项目核心骨干。 工作地点 福建省宁德市蕉城区福建省宁德市东侨开发区疏港路115号宁德北(樟湾)高速出口对面 以担保或任何理由索要财物，扣押证照，均涉嫌违法。一经发现， 立即举报,"专用设备制造,工业自动化/机器人",http://www.zhaopin.com/jobdetail/CC640551830J40827957407.htm?refcode=4019&srccode=401901&preactionid=9fa74616-1e59-4577-a031-d570305a712d
项目经理,惠州亿纬锂能股份有限公司,9000-14000元·14薪,惠州·惠城区·惠环街道,广州,本科,经验不限,5月22日,zhilian,职位描述 新能源动力电池 1、负责项目统筹及资源协调、保证项目进度、质量和成本； 2、负责项目在整个开发周期内的需求和风险管控； 3、负责项目开发计划的编制、调整，过程中跟进进度、组织制样及相关阶段的评审工作； 4、负责项目资料、文件等相关检查工作，包括评估、开发、设计、样品制作、量产阶段相关文件资料的收集并归档； 5、负责组织处理项目开发或量产中重大品质事故的分析，包括产品在客户处的品质异常； 6、完成上级安排的其他工作。 任职要求： 1、4年及以上的项目管理经验； 2、能熟练应用project，以及PPT制作能力。 工作地点 惠城区广东惠州仲恺高新区惠风七路38号 以担保或任何理由索要财物，扣押证照，均涉嫌违法。一经发现， 立即举报,新能源动力电池,http://www.zhaopin.com/jobdetail/CC398572520J40334288012.htm?refcode=4019&srccode=401901&preactionid=d9df1519-d1f8-4eef-83f9-c70345d391d3
项目经理,山东鑫祥建设工程有限公司,8000-10000元,潍坊·寿光·圣城,广州,学历不限,3-5年,5月25日,zhilian,职位描述 工程施工 岗位内容： 1. 负责项目的计划、执行和控制，确保项目按时交付、质量符合要求； 2. 落实项目安全，监督安全制度执行，组织安全检查，防范安全事故。 3. 维护关系，准确把握需求，及时响应问题； 1.团队管理与考核，提升团队执行力，完成上级交办的其他任务。 任职要求： 1. 具备3年以上项目管理相关工作经验，熟悉项目管理流程和常用工具； 2有建造师证【机电专业】，有机电安装工程及电厂从业经历者优先； 工作地点 潍坊寿光市圣城大厦707 以担保或任何理由索要财物，扣押证照，均涉嫌违法。一经发现， 立即举报,工程施工,http://www.zhaopin.com/jobdetail/CCL1505897310J40804894709.htm?refcode=4019&srccode=401901&preactionid=d9df1519-d1f8-4eef-83f9-c70345d391d3
项目经理,湖北省菲凡装饰有限责任公司,8000-16000元,黄冈·蕲春县·漕河镇,广州,学历不限,1-3年,7月25日,zhilian,"职位描述 硬装项目 质量管理 进度管理 装修管理 成本管理 安全管理 住宅地产 工程施工 岗位要求： 1、熟悉装修工艺、材料及施工流程2、能统筹工地、管控工期与质量3、善于沟通，对接客户、工人与设计师4、会把控预算、处理现场问题5、有家装工地管理经验优先上班时间：8:30- 12:00,14:00-18:00，月休四天有意向投递后请电话联系 工作地点 黄冈市-蕲春县-漕河镇付畈社区12组商业综合体2号楼3楼 以担保或任何理由索要财物，扣押证照，均涉嫌违法。一经发现， 立即举报","硬装项目,质量管理,进度管理,装修管理,成本管理,安全管理,住宅地产",http://www.zhaopin.com/jobdetail/CCL1526779660J40864876311.htm?refcode=4019&srccode=401901&preactionid=d9df1519-d1f8-4eef-83f9-c70345d391d3
项目经理,浙江水晶光电科技股份有限公司,1-2万·13薪,台州·椒江区,广州,本科,经验不限,8月29日,zhilian,职位描述 半导体/芯片 1、统筹engineering build相关的对外汇报，以及客户端信息对内共享，负责更新build readiness以及build期间的daily report 2、Build期间发生的任何issue，与内部团队沟通，并及时调整计划给出recover plan并进行对外汇报 3、Build完成后及时安排与客户的ok2send review，确保按时交付，并在交付出现问题时及时highlight risk，与内部沟通recover plan并对外汇报 4、主导与终端之间的fcst vs capacity沟通，传递客户端信息，拉通内部团队及时回应客户需求，争取项目利益最大化 5、Track项目整体进度，协助内部完善MP readiness，确认量产前人机料法环测的准备情况，确保量产顺利进行 工作地点 台州椒江区开发大道东段2198号 以担保或任何理由索要财物，扣押证照，均涉嫌违法。一经发现， 立即举报,半导体/芯片,http://www.zhaopin.com/jobdetail/CC387759320J40883521415.htm?refcode=4019&srccode=401901&preactionid=d9df1519-d1f8-4eef-83f9-c70345d391d3
项目经理,上海深吉智能科技有限公司,6000-12000元,上海·宝山·高境,广州,大专,经验不限,2月3日,zhilian,职位描述 营销计划 售后服务 市场分析 商务谈判 硬件销售 项目管理能力 公司主要销售商业综合体项目中的各类电气仪表以及后台监控系统 日常工作： 1、协助部门领导及销售人员完成销售跟单事宜。 2、在部门经理的领导下，认真做好公司的营销工作，努力开拓市场，完成公司的经营目标。 3、维护客户关系，对销售和服务的质量负责。 4、可以接受日常出差。 岗位要求： 1、大专及以上学历。 2、有三年及以上销售工作经验。 3、有良好的人际交往能力和语言表达能力，形象气质佳。 技能要求： 掌握offic软件 掌握CAD软件 职位福利：五险一金、年底双薪、绩效奖金、全勤奖、餐补、带薪年假、定期体检、员工旅游 工作地点 上海宝山区共和新路4727号804室 以担保或任何理由索要财物，扣押证照，均涉嫌违法。一经发现， 立即举报,"营销计划,售后服务,市场分析,商务谈判,硬件销售,项目管理能力",http://www.zhaopin.com/jobdetail/CCL1308459430J40091078011.htm?refcode=4019&srccode=401901&preactionid=d9df1519-d1f8-4eef-83f9-c70345d391d3
项目经理,银河盛世(河北)电子科技有限公司,4000-8000元,石家庄·长安·中山东路,广州,大专,1-3年,5月21日,zhilian,职位描述 部队客户 政府客户 医疗机构 区域销售 面销/陌拜 互联网电商 综合商贸 文体办公图书批发/零售/贸易 1、负责各平台订单、线下询价业务拓展，完成公司制定的销售目标。 2、负责销售部的团队建设，挖掘、培养、激发销售部员工的潜能，营造良好的销售氛围。 3、负责统筹安排平台订单、线下询价，协调安排销售、商务、采购岗间的工作。4、负责每季度与财务、人力核对季度业绩与绩效提成核算。 5、负责统筹、整合区域内所有客户，大客户关系的日常维护。 6、对接各平台实时政策，与平台维护良好的合作关系，保证正常回款。 7、负责员工的平台培训、业务技能培训、T+系统培训等，打造高素质销售队伍。 8、与区域内各部队客户，做好商务关系。 9、总经理交代的其它事项。 岗位要求： 1、之前接触过政府采购项目、军队物资采购采购项目者优先。 2、熟悉项目投标、了解投标流程等。 3、对石家庄周边部队及部队附属机构了解者优先。 工作地点 石家庄长安区燕华大厦2106 以担保或任何理由索要财物，扣押证照，均涉嫌违法。一经发现， 立即举报,"部队客户,政府客户,医疗机构,区域销售,面销/陌拜",http://www.zhaopin.com/jobdetail/CCL1447314010J40608310902.htm?refcode=4019&srccode=401901&preactionid=d9df1519-d1f8-4eef-83f9-c70345d391d3
项目经理,江苏大江建设工程有限公司,2.2-3.5万,深圳·龙岗·坂田,广州,大专,经验不限,5月18日,zhilian,职位描述 工程施工 1、参与项目投标，协助开展标前策划。 2、按照《项目管理目标责任书》、《项目策划书》等文件要求，组织编制《项目部实施计划书》和施工组织设计，以及项目技术管理、质安管理、成本管理、物资设备管理、CI创优等工作实施计划。 3、细化进度控制，组织落实各季、月、周进度计划，督导各工区或作业面按计划有序施工，根据工程内容变化和施工进度情况及时对工期进行调整。 4、建立项目质量、消防保卫、环境、安全与职业健康管理体系，并监督指导实施。定期组织内部检查，全面开展整改落实，及时消除各种质量安全隐患，并具体负责质安事故的处理。 5、组织建立施工生产风险预警体系和配套应急预案，对项目施工中的各种运营风险和作业风险进行持续监控。 6、组织安排工程收尾工作，完成工程竣工验收、移交和资料归档。组织工程保修期内的保修，及时处理保修投诉。 7、协调建设单位、设计、监理、分包商、供应商、政府主管部门以及相关社会公众之间的关系，建立沟通渠道和协调机制。 职位福利：五险一金、包吃、包住、带薪年假、节日福利、定期体检、每年多次调薪、项目奖金 工作地点 深圳龙岗区天安云谷4栋3209 以担保或任何理由索要财物，扣押证照，均涉嫌违法。一经发现， 立即举报,工程施工,http://www.zhaopin.com/jobdetail/CC232907480J40390436611.htm?refcode=4019&srccode=401901&preactionid=d9df1519-d1f8-4eef-83f9-c70345d391d3
项目经理,天津飞宇幕墙装饰工程有限公司,9000-18000元,天津·东丽·金桥,广州,大专,经验不限,7月26日,zhilian,岗位职责： 1.全面负责项目工程进场前人力财力的组织工作和入场后施工现场的管理工作；主持项目部工作。2.全面完成公司下达给工程项目的各项考核指标，确保工程质量、安全、工期的实现，认真履行施工合同。3.负责主持编制和组织实施施工合同资料的施工进度计划，按时向公司报送工程实物完成量，4.合理统筹安排好项目工程的物资、劳动力、施工技术、设备、后勤、行政、社会治安综合治理、礼貌施工等的管理工作。 任职要求： 1、具有同行业3年以上工作经验，具有注册建造师、职称资格者优先。 2、熟悉国家相关法规及技术要求，具有较扎实的工程项目管理的专业技术知识。 3、身体健康、有责任心、语言表达能力强、善于沟通，具有较强的团队精神。 4、可接受出差。 职位福利：五险一金、定期体检、包吃、包住、股票期权、绩效奖金、带薪年假 工作地点 东丽区天津飞宇幕墙装饰工程有限公司环河西路95号 以担保或任何理由索要财物，扣押证照，均涉嫌违法。一经发现， 立即举报,项目管理,http://www.zhaopin.com/jobdetail/CC143082846J90250471000.htm?refcode=4019&srccode=401901&preactionid=d9df1519-d1f8-4eef-83f9-c70345d391d3
项目经理,山东哲远信息科技有限公司,8000-14000元·14薪,乌鲁木齐·新市区·银川路街道,广州,本科,经验不限,7月25日,zhilian,"岗位职责： 1.根据产品规划或者项目要求，分析、明确、优化用户需求，并根据原始需求编写需求分析报告,并协同技术部设计原型； 2.识别需求必要性，并能提出合理的改进建议，为业务部门提供性价比更好的解决方案； 3.在用户和研发之间协调需求细化； 4.收集用户对系统的满意度及各种反馈意见，对客户进行需求调研，整理客户需求，负责编写用户需求说明书； 5.负责将完成的项目模块给客户做演示，并收集完成模块的意见； 6.负责系统上线后的改进，组织系统测试、收集用户反馈、提供改进方案； 7.财务、经济、企业管理相关专业，或者在石油企业管理部门有工作经验者优先。 岗位要求： 1.具有经济学、管理学或某专长咨询领域相关专业本科以上学历； 2.具有营销学、管理学、人力资源、心理学等方面的知识储备； 3.具有良好的语言文字表达能力、沟通协调能力和逻辑分析能力； 4.具有一定的咨询管理工作经验，熟练掌握专业知识和技能； 5.具有高度的责任感和客户服务意识。 职位福利：五险一金、年底双薪、周末双休、项目奖金、14薪、绩效奖金、带薪年假、定期体检 奖金绩效 年底双薪，项目奖励 工作地点 乌鲁木齐新市区长春南路408号 以担保或任何理由索要财物，扣押证照，均涉嫌违法。一经发现， 立即举报",企业管理咨询,http://www.zhaopin.com/jobdetail/CC628182830J40675411906.htm?refcode=4019&srccode=401901&preactionid=d9df1519-d1f8-4eef-83f9-c70345d391d3
项目经理,北京瑞翔建筑工程有限公司,8000-10000元,北京·大兴·荣华街道,广州,大专,经验不限,7月22日,zhilian,岗位职责 1. 全面负责土建项目全流程管理工作，统筹项目前期对接、施工计划制定、现场施工管控、项目竣工验收等全周期工作，精准把控项目施工进度、工程质量、安全生产及成本预算，确保项目高效落地、按时交付。 2. 精通土建核心施工环节管理，熟练主导排水工程、防水工程、混凝土施工等关键工序的技术方案审核、现场施工指导、质量验收管控，及时解决施工过程中各类技术难题与突发问题。 3. 负责项目团队、施工班组、监理单位、建设单位及各分包方的统筹协调工作，搭建高效沟通机制，妥善处理各方合作事宜，保障项目施工顺利推进。 4. 严格落实项目安全文明施工管理规范，制定安全施工方案，开展日常安全巡检、安全培训与隐患整改，杜绝安全事故发生，规范项目施工资料整理、归档与报审工作。 5. 负责项目成本管控、签证审核、进度款申报与结算对接工作，严格把控项目施工成本，避免资源浪费。 6. 接受全国出差安排，可根据公司项目分布情况，长期驻场或往返各地项目现场，负责异地项目的前期筹备、现场管理、问题整改与验收交接等工作。 7. 完成公司安排的其他项目管理相关工作。 二、任职要求 1. 大专及以上学历，土木工程、建筑工程等相关专业，具备多年土建项目现场管理实战经验。 2. 精通土建施工规范与工艺流程，熟练掌握排水、防水、混凝土施工等专业技术标准及验收要求，能独立统筹管理完整土建项目。 3. 必须持有一级建造师或二级建造师证书，具备相应岗位从业资格，熟悉建筑行业相关法律法规与施工管理条例。 4. 具备极强的沟通协调能力、问题处理能力与团队管理能力，工作责任心强、严谨务实，能承受项目施工工作压力。 5. 能适应全国出差及项目驻场工作模式，服从公司全国项目调配安排。 三、薪资待遇 薪资面议，待遇优厚，缴纳五险+带薪年假+节日福利+出差补贴+项目奖金，提供广阔的职业发展平台与晋升空间。 工作地点 北京市-大兴区-荣华南路10号院3号楼3号楼811 以担保或任何理由索要财物，扣押证照，均涉嫌违法。一经发现， 立即举报,"土建工程,装饰装修工程,安装工程,工业建筑,商业建筑,一级建造师,二级建造师,可以经常出差",http://www.zhaopin.com/jobdetail/CC877575420J40843133707.htm?refcode=4019&srccode=401901&preactionid=d9df1519-d1f8-4eef-83f9-c70345d391d3
项目经理,宁德思客琦智能装备有限公司,1-1.5万,宁德·蕉城区·漳湾镇,广州,本科,经验不限,5月18日,zhilian,职位描述 其他制造业 专用设备制造 工业自动化/机器人 职位描述 1、负责对项目整个执行生命周期进行全方面管控(进度&质量&风险&沟通&整合&相关方等); 2、协调项目实施过程中的资源配置，及时反馈项目进程; 3、负责与客户对接项目进度、问题整改情况，对接项目FAT、发货及终验收工作; 4、组织项目会议，编制项目计划(包括进度、资源、风险计划等)、问题清单与项目报告等: 5、负责对项目计划执行情况进行跟踪、监督和纠偏。 岗位要求: 1、本科以上学历，3年以上项目管理相关工作经验或者1年以上从事锂电池设备安装调试(机械、电气、调试)相关工作经验: 2、有较强的工作责任心、人际沟通能力，心思缜密、计划和执行力强; 3、熟悉项目管理流程、熟悉项目全生命周期 工作地点 蕉城区宁德思客琦智能装备有限公司 以担保或任何理由索要财物，扣押证照，均涉嫌违法。一经发现， 立即举报,"其他制造业,专用设备制造,工业自动化/机器人",http://www.zhaopin.com/jobdetail/CC640551830J40848416407.htm?refcode=4019&srccode=401901&preactionid=d9df1519-d1f8-4eef-83f9-c70345d391d3
项目经理,中国电信临沂分公司,5000-10000元,临沂·兰山·柳青,广州,大专,1-3年,7月12日,zhilian,职位描述 通信运营商/电信增值服务 通信/网络设备 计算机软件 软件/IT服务 信息安全 计算机硬件 产业互联网平台 企业服务 物联网 云计算 中国电信兰山分公司政企部，招聘岗位及主要工作内容： 1、商业客户经理 负责兰山区商务楼宇、聚类市场及中小企业的日常走访，拓展手机号码、宽带、专线等基础类业务及网络覆盖、安防监控、综合布线、软件开发等业务。 2、行业总监 负责兰山区党政领域、医疗领域、教育领域、国企领域等相关行业市场开拓，挖掘各领域内目标客户信息化建设需求，例如智慧社区、医疗档案管理、智慧校园、办公OA等，达成客户需求，实现签单。 【薪资待遇】入职即交五险一金，底薪+提成+奖金，3000-10000+上不封顶，享节日福利，有餐补、话补等各种补助。 联系人：张经理 联系电话：*********** 地址：临沂市北城新区天津路与蒙河路交汇电信大楼 工作地点 山东省临沂市兰山区蒙河路74号 以担保或任何理由索要财物，扣押证照，均涉嫌违法。一经发现， 立即举报,"通信运营商/电信增值服务,信息安全,产业互联网平台,企业服务,物联网,云计算",http://www.zhaopin.com/jobdetail/CC622692220J40961214504.htm?refcode=4019&srccode=401901&preactionid=80ac5fb0-08ba-4c7f-9d5f-bb72239a3116
项目经理,湖北三和人才服务有限公司,6000-10000元,黄石·大冶市·东风路街道,广州,大专,1-3年,6月4日,zhilian,职位描述 项目数据复盘与优化 人力资源 工作职责： 1、薪资待遇：5K-10K，缴纳五险，基本双休，节假日福利，团建活动； 2、学历要求： 通常要求大专及以上学历（本科优先），市场营销、人力资源管理等相关专业背景更佳。 3、经验要求：要求1-3年面向企业的销售或业务拓展经验。有人力资源行业（猎头、劳务派遣）销售背景者优先。 4.能适应偶尔的商务出行或客户拜访。 5.要求精力充沛，形象气质佳。 6、客户关系维护：定期回访已成交客户，确保客户满意度，挖掘续费、增购（如从派遣扩增到外包）等二次合作机会，并激发老客户转介绍。 7、极强的自驱力：具备强烈的市场开拓精神和主观能动性，能自主完成任务，抗压能力强。 8、沟通与谈判力：语言表达能力强，善于与不同性格的人建立联系。懂基本的商务礼仪，具备合同跟进和商务谈判的实操技能。 工作地点 黄石大冶市三和人才市场(嘉禾国际店) 以担保或任何理由索要财物，扣押证照，均涉嫌违法。一经发现， 立即举报,项目数据复盘与优化,http://www.zhaopin.com/jobdetail/CCL1288214670J40776377706.htm?refcode=4019&srccode=401901&preactionid=80ac5fb0-08ba-4c7f-9d5f-bb72239a3116
项目经理,金航数码科技有限责任公司,8000-15000元·13薪,洛阳·西工·汉屯路,广州,本科,3-5年,7月26日,zhilian,岗位职责： 1) 从事智能制造、ERP、MES、物资采购、供应链（或供应商）管理相关信息化项目实施工作 2) 依据项目计划组织客户需求调研，进行需求分析，输出项目需求说明书； 3) 负责系统集成项目管理，组织协调有关部门及第三方企业，确保项目科学化、规范化实施； 4) 负责组织编写项目方案，负责整个项目开发进度、质量的管理、控制及推进，组织项目验收； 5) 项目执行过程中，负责项目进程的管理及跟踪，并及时更新项目相关文档； 6) 负责项目风险评估，定期举行项目评估会议。并根据评估结果管理项目进程； 7) 风险管理，对外控制客户需求变更及溢出，对内控制项目延期及成本溢出风险； 8) 项目执行完成后，及时组织进行项目验收和总结，产生项目验收文档和总结文档。 任职条件 1) 本科及以上学历，计算机科学与技术、信息系统管理、通信工程、智能制造、工业工程、管理科学与工程、软件工程等相关专业； 2) 3年以上制造行业生产相关信息化包括ERP、MES、物资采购管理、供应商管理等信息化项目管理经验； 3) 有信息系统项目管理师、系统集成项目管理工程师、PMP证书等相关认证者优先； 4）有Java开发或数据库开发经验优先； 5) 熟练应用项目管理、项目开发相关的辅助工具； 6) 具有较好的技术文档编制能力； 7) 具备较强的表达能力及与客户沟通能力。 工作地点 河南省洛阳市西工区1号线;2号线 以担保或任何理由索要财物，扣押证照，均涉嫌违法。一经发现， 立即举报,"软件项目,信息系统项目,智能化项目,IT项目",http://www.zhaopin.com/jobdetail/CC000402820J40301294802.htm?refcode=4019&srccode=401901&preactionid=80ac5fb0-08ba-4c7f-9d5f-bb72239a3116
项目经理,苏州爱牛科教器材有限公司,7000-13000元,苏州·虎丘·通安,广州,本科,3-5年,7月22日,zhilian,岗位职责 1.负责科学课程体系设计，依据国家科学课程标准及学生认知特点，制定分学段课程大纲、教学目标及评价体系 2.开发教学内容，编写教案、讲义、实验手册等材料，设计项目式学习(PBL)活动及科学探究任务 3.制作配套教学资源，包括课件、教具、数字化工具及课后拓展资料 4.跟踪科技教育行业动态，关注Al、机器人等新技术发展及教育应用趋势，定期更新课程模块营等活动策划 5.协同教研团队开展课程推广，参与科技节、科学营等活动策划 任职要求 1.学历专业:本科及以上，理工科(物理/化学/生物/计算机等)、科学教育、教育技术学等相关专业 2.经验背景:3年以上科学/科技课程研发或一线教学经验;熟悉STEM、创客教育理念 3.核心技能:掌握至少1项科技教学技能(如编程、机器人搭建、科学实验设计等);具备将硬核理科内容通俗化、趣味化的能力 4.综合能力:优秀的课程框架设计与文案撰写能力，能独立完成从大纲到教案的全流程开发 5.加分项:有校本课程开发、教材编写、科创赛事指导经验者优先;持有教师资格证者优先 工作地点 江苏省苏州市虎丘区通安镇华金路281号281号 以担保或任何理由索要财物，扣押证照，均涉嫌违法。一经发现， 立即举报,"K12工作经验,数学,物理,生物,化学,小学教育,教研,科学教育",http://www.zhaopin.com/jobdetail/CC562245580J40881186005.htm?refcode=4019&srccode=401901&preactionid=80ac5fb0-08ba-4c7f-9d5f-bb72239a3116
项目经理,江苏精研科技股份有限公司,1.2-2.4万,常州·钟楼·北港,广州,本科,1-3年,7月4日,zhilian,"职位描述 英语 工作职责： 1、依据产品开发IPD流程跟踪管控项目从立项、开发、测试、验收到量产上市等全过程，监督项目运行情况并及时输出阶段性报告。 2、组织项目立项、评审、阶段成果验收，汇总项目文档。 3，推进新产品开发过程标准化，制定和完善新产品开发相关流程、表格及文档； 4、项目日常表格的汇总及项目管理例会的召开,做好记录和代办事项的跟踪和闭环; 5、统筹协调质量、采购、生产、供应链等对新产品开发项目的支持,快速推进项目研制进度; 6、组织关键节点的评审和审批,管理产品开发过程相关资料和文档并存档; 7、管理和控制项目过程中的预算、成本、入账、资源、风险、变更等; 8、协助定期对项目进行考核和评价,负责项目管理相关数据分析、报告及总结。 任职资格： 1、2年以上项目经理岗位经验，本科以上学历，机械设计与制造专业 2、微型齿轮箱+传动机构，有电机行业经验优先，有管理经验 3、熟练使用CREO和CAD，精通office办公软件，熟练使用5大工具； 4、熟悉IATF 16949质量管理体系，熟悉产品开发和制造流程； 5、具备PMP和MEM优先考虑。 6、英语口语流利，能作为工作语言 工作地点 常州钟楼区精研科技B园 以担保或任何理由索要财物，扣押证照，均涉嫌违法。一经发现， 立即举报",英语,http://www.zhaopin.com/jobdetail/CC312263080J40837896907.htm?refcode=4019&srccode=401901&preactionid=80ac5fb0-08ba-4c7f-9d5f-bb72239a3116
项目经理,山东明德物业管理集团有限公司,8000-9000元,武汉·蔡甸·沌口,广州,本科,1-3年,7月16日,zhilian,岗位职责 全面负责项目运营、110人团队管理、校方对接、质量巡查、成本控制及突发事件处理。（管理范围：校园公共卫生、绿化养护、设施设备维护、零星维修等） 任职要求 1. 2. 学历：本科及以上学历（物业管理、公共管理、工程类优先）； 3. 证书：须持有物业经理相关资格证书（如物业管理师、物业项目经理证等）； 4. 经验：具有物业项目管理经验，担任高校、园区或大型公建项目同等职务者优先； 5. 能力：熟悉物业法规，具备优秀沟通协调及应急处理能力，熟练使用办公软件。 工作地点 武汉市-蔡甸区-经济技术开发区三角湖路8号 以担保或任何理由索要财物，扣押证照，均涉嫌违法。一经发现， 立即举报,"物业管理师,物业管理资格证书,物业管理从业人员岗位证书,高校",http://www.zhaopin.com/jobdetail/CC120761170J40874823909.htm?refcode=4019&srccode=401901&preactionid=80ac5fb0-08ba-4c7f-9d5f-bb72239a3116
项目经理,成都宏业制冷工程有限公司,8000-10000元,成都·火车南站,广州,大专,3-5年,4月27日,zhilian,岗位职责： 1，独立或组织完成中大型暖通空调类项目施工任务及家装中央空调类项目施工任务; 2，积极参与项目小组相关的各类工作（方案、预算、施工管理等）； 3，发挥传、帮、带的作用； 4，积极配合完善本部门建设 ； 5，积极配合公司其他部门相关工作。 任职要求： 1、五年以上暖通空调施工相关工作经验； 2、具有良好的职业素养，踏实稳重，责任心强； 3、具备较强的沟通、协调能力，有团队协作精神； 4、具有独立开展工作的能力，具备良好的学习能力及抗压能力。 职位福利：交通补助、餐补、通讯补助、周末双休、绩效奖金 工作地点 成都市武侯区航空路丰德国际D2栋602 以担保或任何理由索要财物，扣押证照，均涉嫌违法。一经发现， 立即举报,"商业地产,公共建筑,高层建筑,住宅地产,酒店公寓",http://www.zhaopin.com/jobdetail/CC385797314J00069700204.htm?refcode=4019&srccode=401901&preactionid=80ac5fb0-08ba-4c7f-9d5f-bb72239a3116
项目经理,北方一轨(辽宁)轨道交通集团有限公司,4000-6000元,长春·南关·新立城,广州,大专,经验不限,6月11日,zhilian,职位描述 轨道运输 专业设备 销售岗位 销售及带队经验，大客户经理等 铁路 职位要求：男女不限，形象气质佳。大专及以上学历，善于沟通，语言表达能力强，团队意识强，有较强的学习能力及适应能力。可以适应出差（长短期），能接受偶尔夜班（有调休），有责任心，有耐心，有亲和力，语言表达能力强，有驾照、且有一年以上驾驶经验。铁道工程、土木工程、机械工程专业优先。 岗位描述（销售岗位）： 1、根据公司业务需要及部门的业务计划，协助上级或在上级授权情况下独立开展项目工作； 2、按照项目需求，组织制定施工组织设计，包括项目进度计划、技术方案、制定安全生产、质量保证措施、项目成本降低计划、工程总进度计划，按时按质技量完成工作 3、跟进项目回款、完成售后服务等一系列工作 4、熟练掌握公司主营产品、市场价格、产品优势以及竞争对手情况； 5、负责标书和合同的审核和指导工作； 6、 熟悉并参与车辆维保或轨道维保等现场实际操作 7、管理项目团队，管理项目资源，包括人力、预算和设备。 8、定期进行客户拜访，对已经执行项目的业主进行回访和维护！ 9，定期对主管领导进行项目进展的汇报和总结，督促项目安全有效的进行； 10、项目结束时，做项目结项工作，做好复盘工作，及时整理相关文件； 11、配合好其他职能部门完成各项工作； 12、完成领导交代的其他工作。 薪资待遇： 1、五险一金、节假日福利；每年免费体检； 2、早8晚5、双休、法定节假日正常休息。 3、带薪年假、年终奖金 工作地点 长春南关区明宇广场-4号楼 以担保或任何理由索要财物，扣押证照，均涉嫌违法。一经发现， 立即举报,"轨道运输,专业设备",http://www.zhaopin.com/jobdetail/CCL1474383260J40719958215.htm?refcode=4019&srccode=401901&preactionid=80ac5fb0-08ba-4c7f-9d5f-bb72239a3116
项目经理,株洲珠华智慧水务科技有限公司,8000-15000元·13薪,乌鲁木齐·米东区,广州,本科,经验不限,2月6日,zhilian,岗位职责： 1、负责公司智慧水务项目的实施推进，包括计划编制、需求调研、方案设计以及方案实施的全项目过程的计划、技术、人员、质量、成本以及安全等方面的管理与协调； 2、负责项目实施前期准备工作和项目验收后的项目服务工作的建立； 3、负责协助公司外部资源管理等，任务跟进和关系维护； 4、负责协助公司智慧水务平台技术路线落地，包括功能设计、测试和软硬件调试； 5、负责完成公司或部门的临时工作安排，如现场踏勘、安装指导、技术培训、客户答疑等现场工作。 6、负责协助部门制定标准化的项目管理、标准化的项目施工要求、标准化的验收标准、标准化的工期核算、标准化的成本核算。 任职要求： 1、具备计算机、物联网、电气自动化、机械设计等相关专业本科学历，工作经验不限。 2、具有较强的学习、文档能力，具备组织、协调、沟通、应变能力。 3、具有掌握一门外语能力者优先。 4、具有项目管理经验者，尤其是智慧领域，如智能制造、智慧城市、智慧水务等。 5、能够外出项目现场配合工作推进，具备吃苦耐劳精神。 6、能够适应临时加班工作，工作认真有耐心。 7、该岗位可接受应届毕业生，要求头脑灵活。 8、具有硬件研发或智能化集成研发经验者优先。 职位福利：五险一金、弹性工作、年底双薪（视公司经营情况而定）、带薪年假、项目奖金（视公司经营情况而定）、员工食堂、年轻化团队 奖金绩效 年底双薪、项目奖金 工作地点 乌鲁木齐米东区甘泉堡站 以担保或任何理由索要财物，扣押证照，均涉嫌违法。一经发现， 立即举报,智慧水务,http://www.zhaopin.com/jobdetail/CC818194620J40707545102.htm?refcode=4019&srccode=401901&preactionid=03cd3cb8-4d6d-431a-973e-5b92b8023e99
项目经理,潍坊中财信信息科技股份有限公司,9000-18000元·13薪,潍坊·奎文·新城,广州,大专,3-5年,7月14日,zhilian,职位描述 电力/水利/热力/燃气 环保 岗位内容： 1、负责工程项目总计划的编制和项目整体实施运作，协调公司、施工单位与业主之间的关系； 2、负责项目实施过程中的安全管理、质量管理、进度管理、文明施工、成本费用控制、材料设备管理及项目团队人员管理等工作，随时掌握工程施工进度、质量情况，协调解决施工中出现的问题，督促工程项目按计划完成； 3、项目立项后，负责审核技术协议，联系勘察现场，参与分包商的选择、监控与谈判，组织施工，负责对项目进行验收，协助回款； 4、负责项目完工后的资料归档，项目总结。 任职要求： 1、有强烈的责任感和事业心； 2、有亲和力，沟通、表达能力好，积极主动，忠诚正直，严谨守信； 3、环境工程、热能、机械、电力等相关专业专科及以上学历； 4、3年以上电力行业工程施工现场管理经验，熟悉烟气脱硝工程施工工艺； 5、担任过脱硫、脱硝、电力技改项目EPC总承包项目经理或施工单位的项目经理，具有较强的组织管理能力、决策能力和语言表达能力； 6、能适应不定期出差； 7、有建造师资格证者优先。 奖金绩效 年终奖 工作地点 奎文区山东省潍坊市高新区健康街与潍县中路交叉口软件园B座9楼 以担保或任何理由索要财物，扣押证照，均涉嫌违法。一经发现， 立即举报,"电力/水利/热力/燃气,环保",http://www.zhaopin.com/jobdetail/CC352217110J40593280609.htm?refcode=4019&srccode=401901&preactionid=03cd3cb8-4d6d-431a-973e-5b92b8023e99
项目经理,广东香山电子科技有限公司,7000-8000元,中山·东区街道,广州,大专,1-3年,7月7日,zhilian,岗位职责： 1.负责餐饮设备渠道特定项目的年度销售计划达成。 2.负责特定项目的客户开发和管理工作。 3.负责挖掘客户需求，推荐公司产品，实现产品销售。 4.负责与客户进行商务谈判，与客户建立良好的关系。 5.协助公司客服部门，为客户做好售前与售后的服务工作。 6.为公司搜集市场及竞争对手信息，给公司的市场决策与活动提供支持。 7.根据商用智能产品部下达任务按月度完成目标，负责项目的销售预测、分析及汇报。 8.定期向商用智能产品部汇报市场状况，提出分析、改善、解决的方案。 任职要求： 2年以上销售相关工作经验，有餐饮设备渠道资源 优秀的沟通能力、具备销售热情、热衷与客户经营客情关系 良好的沟通与协调能力 责任心强，有团队精神，服从管理，抗压能力强 工作地点 中山佳维电子有限公司 以担保或任何理由索要财物，扣押证照，均涉嫌违法。一经发现， 立即举报,渠道项目,http://www.zhaopin.com/jobdetail/CCL1486021360J40879280105.htm?refcode=4019&srccode=401901&preactionid=03cd3cb8-4d6d-431a-973e-5b92b8023e99
项目经理,华润置地,9000-13000元·15薪,哈密·伊吾县·淖毛湖镇,广州,大专,5-10年,7月14日,zhilian,岗位职责: 1.统筹管理物业项目的食堂，车辆，会服，物业基础服务，确保各项日常运营和服务质量。 2.制定并实施项目工作计划，监督项目进度。 3.确保项目遵守所有适用的法律法规及公司制度。 4.管理项目预算，控制成本，确保财务指标。 5.组织和监督客户满意度调查，推动服务改进。 6·制作与甲方的结算材料及供方付款资料 7·项目人员工资核算及入转调离的跟进 8·项目采购物料及付款 任职要求： 1.具备优秀的组织和领导能力，能够带领团队完成任务。 2.具有良好的沟通技巧，能有效解决客户问题。 3.具备良好的项目管理和监督能力。 工作地点 哈密伊吾县淖毛湖镇 以担保或任何理由索要财物，扣押证照，均涉嫌违法。一经发现， 立即举报,工业园区,http://www.zhaopin.com/jobdetail/CC358101520J40878847705.htm?refcode=4019&srccode=401901&preactionid=03cd3cb8-4d6d-431a-973e-5b92b8023e99
项目经理,特锐德,7000-9000元,青岛·胶州·九龙,广州,本科,经验不限,6月29日,zhilian,职位描述 电力项目 电气机械/电力设备 专用设备制造 电力/水利/热力/燃气 1.能与人熟练交流，善于与客户打交道； 2.进行“中标-质保”端到端全链条项目管理，高效联接客户，提高客户满意度； 3.制定项目推进主计划，负责项目里程碑交叉点的资源、异常协调，确保项目高效推进； 4.与客户等项目相关方沟通确定客户真实需求，建立项目相关方名录，项目端到端全流程保持与客户高效沟通，打造客户对公司的信任力； 5.对项目进度负责，跟踪项目进度，掌控项目节奏，保证项目的按时交付； 6.对项目质量负责，按照质量计划关键节点参与相应的评审和监控，把控过程质量； 7.对项目利润负责，带领项目组进行盈利策划，管控项目变更，根据项目激励机制对项目组成员进行激励； 8.做好项目干系人管理及项目档案管理； 9.处理影响项目里程碑阶段的异常； 任职要求： 1、本科及以上学历，机械、电气类专业优先； 2、有项目管理经验者； 3、有运营管理相关经验； 工作地点 青岛胶州市尚德大道1号 以担保或任何理由索要财物，扣押证照，均涉嫌违法。一经发现， 立即举报,电力项目,http://www.zhaopin.com/jobdetail/CC145583090J40735276515.htm?refcode=4019&srccode=401901&preactionid=03cd3cb8-4d6d-431a-973e-5b92b8023e99
项目经理,超星集团有限公司,6000-10000元,重庆·两江新区,广州,本科,1-3年,7月24日,zhilian,岗位职责: 1、提供项目售后技术支持，配合销售完成与用户的前期技术交流与引导，需求调研，方案设计，协助销售完成招投标任务，并制定实施计划，控制项目实施进度控制和验收； 2、项目实施实行项目经理负责制，项目经理负责项目整个实施过程，有效确认项目实施范围、成本控制与风险控制； 3、负责界定多项目并行的合理安排和人员调配，充分利用项目组内成员及公司内各部门等项目资源，确保实施工作按既定计划完成，顺利实施和收款；4、负责软件实施过程中实施人员的合理安排与管理，与客户方进行充分的沟通协调、关系维护，以推进实施结案； 5、负责深入挖掘客户对软件的业务需求及改进意见，及时反馈、跟踪和解决问题，巩固客户关系，提高客户满意度； 6、总结客户项目案例，对内进行案例培训与分享；分析竞争对手方案，反馈竞品信息； 任职要求: 1、统招本科学历，计算机专业优先； 2、有教务管理系统服务经验者优先，对开发技术有一定了解，有过智慧校园平台，网络教学平台等项目经验、独立进行过院校项目实施交付经验的优先； 3、具有良好的技术交流能力和沟通表达能力，能够有条理分明、逻辑清晰地表达； 4、具备较强的文案编写能力、客户需求分析能力和资源整合能力； 5、具备较强的团队协作能力和抗压能力，能够适应短期出差； 6、具备团队协作意识、良好的敬业精神和追求卓越的精神； 7、能有效维护公司现有渠道，配合渠道高效完成工作任务。 工作地点 两江新区超星集团重庆分公司 以担保或任何理由索要财物，扣押证照，均涉嫌违法。一经发现， 立即举报,软件项目,http://www.zhaopin.com/jobdetail/CCL1219635220J40909539703.htm?refcode=4019&srccode=401901&preactionid=03cd3cb8-4d6d-431a-973e-5b92b8023e99
项目经理,国讯招标集团有限公司,5000-10000元,北京·西城·广安门外,广州,本科,经验不限,6月11日,zhilian,职位描述 土建监理 建筑项目 造价项目 市政项目 电力项目 机电项目 弱电项目 环保项目 1、负责招标文件编制，组织开评标会议等。 2、与采购人可良好沟通，熟悉招标相关法律法规，熟悉招标采购流程。 3、有一定项目开发能力，可以开拓招标采购业务。 职位福利：五险一金、绩效奖金、带薪年假、定期体检 工作地点 北京西城区广安门外大街168号朗琴国际A座18B层18B01A室 以担保或任何理由索要财物，扣押证照，均涉嫌违法。一经发现， 立即举报,"土建监理,建筑项目,造价项目,市政项目,电力项目,机电项目,弱电项目,环保项目",http://www.zhaopin.com/jobdetail/CC840523510J40090085811.htm?refcode=4019&srccode=401901&preactionid=03cd3cb8-4d6d-431a-973e-5b92b8023e99
项目经理,南京强思数字科技有限公司,1.2-2万,南通·通州·金新,广州,本科,经验不限,7月25日,zhilian,岗位职责: 1、确保项目目标的实现，推动项目团队准时、优质地完成全部工作； 2、与客户沟通，调研项目的整体需求，并与客户保持联系，即时反馈阶段性的成果，和即时更改客户提出的合理需求； 3、制定项目开发计划文档，量化任务，并合理分配给相应的人员； 4、跟踪项目的进度，协调项目组成员之间的合作;通，保证文档的完整和规范； 5、监督产生项目进展各阶段的文档，并与QA即时沟通，保证文档的完整和规范； 6、开发过程中的需求变更，项目经理需要跟客户了解需求，在无法判断新的需求对项目的整理影响程度的情况下，需同项目组成员商量，最后决定是否接收客户的需求，然后再跟客户协商。确定要变更需求的情况下，需产生需求变更文档，更改开发计划，通知QA； 7、项目提交测试后，项目经理需了解测试结果，根据测试的bug的严重程度来重新更改开发计划； 8、项目完成的时候需要项目总结，产生项目总结文档。 任职要求： 1、本科及以上学历，3年以上软件开发、软件实施，或者软件交付管理等相关工作经验，具备较强的数据分析和良好的需求理解力，能独立输出调研需求说明书以及其它项目管理过程文档等； 2、较强的书面和口头表达能力，组织协调沟通能力； 3、具备一定的项目管理知识体系，并且能适应弱矩阵项目管理模式； 4、具有一定的技术功底，熟悉大数据类相关技术语言优先； 5、熟悉一种及以上数据库技术； 6、能接受短期出差或者长期驻场优先； 7、持有PMP、系统集成项目管理工程师等项目管理类证书优先。 工作地点 江海智汇园南通通州区江海智汇园C1座6楼 以担保或任何理由索要财物，扣押证照，均涉嫌违法。一经发现， 立即举报,"软件项目,信息化项目,大数据项目,PMP",http://www.zhaopin.com/jobdetail/CC227363620J40910999703.htm?refcode=4019&srccode=401901&preactionid=03cd3cb8-4d6d-431a-973e-5b92b8023e99
项目经理,北京润华信通科技有限公司,5000-9000元,郑州·中原·沟赵,广州,大专,1-3年,6月11日,zhilian,岗位职责： 本岗位主要负责分公司所承担的水利行业信息化项目的系统集成实施工作。在公司所承担实施的系统集成项目中，岗位所在部门承担着项目实施和管理工作，所以岗位要求对项目的实施过程及技术实现手段等有充分的认识和了解。 希望勇于挑战困难和致力于水利行业信息化的各位同仁，积极加入到我们这支队伍。 职责描述： 1、独立或与同事合作完成公司、部门交办的项目实施和管理工作； 2、独立完成工程项目实施工作； 3、根据公司质量管理及项目管理相关规定标准，对实施过程中的项目进行质量控制； 4、配合部门其他人员完成相关工作； 5、完成领导临时交办的其他任务。 任职要求： 1、水利、计算机、网络通讯、电子电路相关专业本科及以上学历，有水利行业从业经验的优先录用； 2、有过水利信息化项目施工经验的优先； 3、对系统集成施工的材料、工艺比较了解； 4、熟练使用日常办公软件； 5、对工作有激情和责任感，具有良好的团队协作精神，为人诚实、上进、自律。 6、能适应定期的出差工作。 职位福利：五险一金、绩效奖金、全勤奖、交通补助、餐补、通讯补助、定期体检、节日福利 工作地点 郑州中原区教育科技产业园A座6层616室 以担保或任何理由索要财物，扣押证照，均涉嫌违法。一经发现， 立即举报,"解决方案,实施,过程管理,项目管理",http://www.zhaopin.com/jobdetail/CC120370421J00078042712.htm?refcode=4019&srccode=401901&preactionid=03cd3cb8-4d6d-431a-973e-5b92b8023e99
项目经理,鑫苑科技服务集团有限公司,7000-8000元·14薪,驻马店·汝南县·古塔街道,广州,本科,1-3年,7月7日,zhilian,岗位职责： 1、负责制定项目年度品质管理方案及部门年度计划，并组织实施； 2、负责组织制定物业接管方案和物业服务方案并组织实施，负责组织管理处业主入伙的筹备，对管理处业主入伙督导，确保入伙顺利开展； 3、负责项目客服、安全、环境、多经、工程及设备维修等工作的统筹安排； 4、负责组织实施项目季度品质检查，出具检查结果，确保检查的公平、公正性； 5、配合总部进行400投诉和业主直接投诉处理的监督、回访，进行业主满意度调查并统计分析； 6、服务外包需求的确定及组织选聘外包方和外包方案的实施； 7、完成领导临时交代的其他工作。 任职要求： 1、 本科及以上学历、物业管理或行政管理相关专业； 2、 五年以上物管相关工作经验，二年以上项目负责人工作经验，接收河南省内调动优先； 3、 熟悉企业运作体系和ISO9000质量管理体系运行和管理工作以及国家有关物业管理行业发展的各项政策、法律法规 工作地点 驻马店汝南县兴悦一品物业管理中心 以担保或任何理由索要财物，扣押证照，均涉嫌违法。一经发现， 立即举报,小区,http://www.zhaopin.com/jobdetail/CC880625180J40849163201.htm?refcode=4019&srccode=401901&preactionid=fd4b3f02-32ba-4f6b-83a1-5418e83d8cd2
项目经理,山东环球软件股份有限公司,5000-10000元,滨州·阳信县·河流镇,广州,大专,1-3年,8月1日,zhilian,职位描述 信息安全 计算机硬件 通信/网络设备 1、专科及以上，计算机及其相关专业； 2、1年以上计算机网络工作经验； 3、精通各类计算机网络知识、计算机系统结构和软硬件管理技术； 4、具有服务器操作系统运维等经验； 5、精通服务器、路由器、交换机、防火墙及相关设备操作与维护，具备网络故障的分析、判断、解决能力； 6、服务意识强，具有较好的组织、沟通、协调能力；踏实肯干，耐心细致，有责任心。 工作地点 滨州阳信县人民政府 以担保或任何理由索要财物，扣押证照，均涉嫌违法。一经发现， 立即举报,信息安全,http://www.zhaopin.com/jobdetail/CC620486920J40511642206.htm?refcode=4019&srccode=401901&preactionid=fd4b3f02-32ba-4f6b-83a1-5418e83d8cd2
项目经理,河南省明珠建设集团有限公司,7000-10000元,济源市,广州,大专,3-5年,7月17日,zhilian,职位描述 工程施工 1.大专及以上学历，工程施工类相关专业，5年以上管理经验，熟练掌握项目管理运作流程; 2.具有丰富的安全、质量、进度及成本控制工作经验; 3.优秀的沟通协调能力，执行力强; 4.优秀的领导能力、团队合作精神和较强的服务意识; 5.良好的谈判技巧及工作规划和目标; 6.有较强的进取心、学习能力，集体荣誉感强; 7.有建造师证、职称证者优先录用。 工作地点 济源市河南省明珠建设有限公司 以担保或任何理由索要财物，扣押证照，均涉嫌违法。一经发现， 立即举报,工程施工,http://www.zhaopin.com/jobdetail/CCL1454176390J40831784516.htm?refcode=4019&srccode=401901&preactionid=fd4b3f02-32ba-4f6b-83a1-5418e83d8cd2
项目经理,中电信数智科技有限公司山东分公司,1.4-2.2万,济南·历下·舜华路,广州,本科,经验不限,7月3日,zhilian,职位描述 软件项目 计算机软件 云计算 软件/IT服务 职责： 1.需求承接与落地统筹：全面承接售前阶段输出的需求分析报告，组织项目团队（研发.实施.测试）深入拆解客户生产管理.供应链协同.质量控制等核心诉求，明确 MES.ERP.WMS.IoT 等系统的功能落地边界，制定可量化.可执行的项目交付目标，确保客户需求不偏离.不遗漏。 2.项目规划与资源协调：依据方案设计规划，编制详细的项目实施计划，明确系统架构搭建.功能模块开发.数据迁移.现场部署等关键节点与里程碑。统筹协调内外部资源（研发人力.硬件设备.客户方对接人员），合理分配任务，解决资源冲突，保障项目按进度推进。 3.技术落地与风险管控：主导技术选型落地，监督系统架构设计.功能开发的合理性与可行性，组织开展阶段性测试（单元测试.集成测试.用户验收测试），保障系统稳定性.兼容性与安全性。提前识别项目实施中的技术风险.进度风险.需求变更风险，制定风险预案，及时化解项目推进中的各类障碍。 4.交付质量与价值兑现：严格把控项目交付质量，确保系统功能满足客户生产计划排程.设备监控.质量追溯.供应链管理等核心业务需求，达到行业最佳实践标准。指导客户完成系统上线试运行，协助客户员工熟悉系统操作，推动系统快速落地见效，兑现售前方案中承诺的降本.增效.提质价值。 5.客户关系深化与复盘优化：延续售前阶段客户关系，收集客户系统使用反馈，协调售后团队解决后续技术问题，挖掘客户二次开发.系统升级等后续合作机会。项目交付后组织复盘，总结需求转化.资源协调.风险处理中的经验教训，优化项目管理流程，为同类项目提供参考。 6.行业认知与能力提升：持续关注生产制造行业技术趋势（如工业互联网.AI 质检.数字孪生）及竞争对手项目交付模式，不断提升自身对 MES.ERP.IoT 等系统的技术理解与行业应用能力，将前沿实践融入项目管理，助力公司提升市场竞争力。 要求： 1.本科及以上学历，计算机科学与技术.软件工程.工业工程等相关专业优先。 2.身体健康 3.6 年以上软件行业相关工作经验，至少 3 年生产制造领域项目管理经验，熟悉生产制造行业业务流程及 MES.ERP.WMS.IoT 等软件应用场景。 4.主导过 2 个及以上生产制造软件类项目全生命周期交付，具备需求拆解.进度管控.质量保障实战能力，成功统筹跨部门团队完成项目目标者优先。 5.持有 PMP.信息系统项目管理师（中级及以上）.系统分析师等专业资格证书，有软件研发经验者优先。 工作地点 济南历下区中国电信集团有限公司山东分公司 以担保或任何理由索要财物，扣押证照，均涉嫌违法。一经发现， 立即举报,软件项目,http://www.zhaopin.com/jobdetail/CC379825110J40828813301.htm?refcode=4019&srccode=401901&preactionid=fd4b3f02-32ba-4f6b-83a1-5418e83d8cd2
项目经理,广汉市福客科技有限公司,8000-16000元,德阳·广汉市·汉州街道,广州,本科,1-3年,2月11日,zhilian,职位描述 石油/石化 负责技术销售（招投标资料/项目协调/项目管理/现场管理/技术交流/结算签单等） 工作地点：广汉，项目：四川区域 要求：本科以上，钻井液/修井液/排水采气/压裂液/解堵等相关专业。 工作地点 德阳广汉市南山控股 以担保或任何理由索要财物，扣押证照，均涉嫌违法。一经发现， 立即举报,石油/石化,http://www.zhaopin.com/jobdetail/CC219500980J40588319112.htm?refcode=4019&srccode=401901&preactionid=fd4b3f02-32ba-4f6b-83a1-5418e83d8cd2
项目经理,江药集团有限公司,8000-10000元·14薪,宜春·樟树市·张家山街道,广州,本科,5-10年,7月17日,zhilian,职位描述 Java 金蝶 星瀚 医药批发/零售 工作职责： 1.负责九州公司业务系统的战略定位与关联关系规划，制定综合性业务系统解决方案； 2. 主导业务系统整体方案的全流程实施与落地，统筹协调业务系统的部署与应用推广； 3. 牵头多个业务信息化项目的规划设计，协调跨部门资源确保项目落地执行； 4. 带领产品团队推进业务系统规划与落地，建立项目协同机制，保障项目按时高质量交付； 5. 结合医药商业、零售、电商等业务模式，设计符合业务需求的业务系统解决方案，并协调资源推动落地实施。 任职资格： 1.计算机相关专业，具备财务及业务系统规划与实施经验（行业经验为硬性要求）； 2. 具备团队管理能力，完成业务系统规划并推动落地； 3 熟悉医药商业、零售、电商等业务模式，能够制定契合业务需求的业务系统解决方案； 4. 具备较强的业务规则梳理能力和方案设计能力； 5. 拥有医药行业背景，了解该行业特点及业务流程。 工作地点 宜春樟树市江西江药九州医药有限公司 以担保或任何理由索要财物，扣押证照，均涉嫌违法。一经发现， 立即举报,"Java,金蝶,星瀚",http://www.zhaopin.com/jobdetail/CC885562830J40875580610.htm?refcode=4019&srccode=401901&preactionid=fd4b3f02-32ba-4f6b-83a1-5418e83d8cd2
项目经理,内蒙古阿尔斯伦工程技术有限责任公司,8000-16000元,鄂尔多斯·康巴什区·滨河街道,广州,大专,1-3年,7月17日,zhilian,岗位职责： 1、负责各自标段施工过程中技术、质量、安全、成本等各方工作的管理，对项目实施阶段质量、进度和安全负责； 2、负责各自标段分包工人的管理； 3、负责协调甲方、业主、劳务等关系，指导施工、文明施工； 4、领导安排的其他工作。 职位福利：绩效奖金、加班补助、定期体检、带薪年假、五险一金、年终分红、通讯补助、周末双休 工作地点 康巴什区鄂尔多斯 鄂尔多斯康巴什新区满世尚都B区 以担保或任何理由索要财物，扣押证照，均涉嫌违法。一经发现， 立即举报,"亮化,景观照明,弱电,智慧城市,智慧社区",http://www.zhaopin.com/jobdetail/CC244848830J40152052416.htm?refcode=4019&srccode=401901&preactionid=fd4b3f02-32ba-4f6b-83a1-5418e83d8cd2
项目经理,超星集团有限公司,7000-11000元·13薪,广州·海珠·琶洲,广州,本科,经验不限,4月7日,zhilian,岗位职责】 1、项目售前支持：能够配合市场人员与客户进行技术交流，提供相关的技术支持、技术方案讲解、应用系统演示、招投标方案设计等工作，包括定制类项目和产品化项目。 2、项目跟进及管理：负责收集整理用户需求，把控用户需求并与用户保持良好有效的沟通；能够与市场、开发和设计团队协同合作，从项目维度进行管理，协调相关资源，推进项目进度，控制项目周期、项目成本、项目质量等； 3、项目售后服务：项目落地后对产品有充分理解，熟悉上线产品功能及业务逻辑关系，负责产品的售后培训、维护服务等相关工作； 4、结合公司发展战略和经营目标，熟悉公司产品，为市场和项目提供有利的方案支撑。 【任职资格】： 1、本科硕士及以上学历，教育技术、计算机、软件工程、教育学等相关专业优先； 2、有院校业务经验者优先，对开发技术有一定了解，有过教务管理平台，网络教学平台等项目经验、独立进行过院校项目实施交付经验的优先； 3、具备较强的文案编写能力、客户需求分析能力和资源整合能力； 4、具备较强的沟通表达能力，能够有条理分明、逻辑清晰地表达； 5、具备较强的团队协作能力和抗压能力，能够适应短期出差； 6、具备团队协作意识、良好的敬业精神和追求卓越的精神； 7、热爱教育行业。 职位福利：五险一金、绩效奖金、交通补助、节日福利、周末双休、带薪年假、补充医疗保险、每年多次调薪 奖金绩效 基本薪资+项目奖金+绩效奖金 工作地点 广州海珠区环汇商业广场北塔1168号7层 以担保或任何理由索要财物，扣押证照，均涉嫌违法。一经发现， 立即举报,"软件项目,信息系统项目,智能化项目",http://www.zhaopin.com/jobdetail/CCL1219635220J40292819703.htm?refcode=4019&srccode=401901&preactionid=fd4b3f02-32ba-4f6b-83a1-5418e83d8cd2
项目经理,贵州臻安建筑工程有限责任公司,8000-10000元,遵义·正安县·凤仪街道,广州,本科,3-5年,7月11日,zhilian,职位描述 小区 物业管理资格证书 招聘 【正安县某高端小区】 诚聘物业经理一名 👫任职要求 男女性，团队管理、业主关系协调，处事稳重有责任心 💴薪资福利 综合月薪8000左右 包吃包住，入职购买五险 工作环境优，岗位稳定 工作地点 遵义市-正安县-G352(尹珍北路) 以担保或任何理由索要财物，扣押证照，均涉嫌违法。一经发现， 立即举报,"小区,物业管理资格证书",http://www.zhaopin.com/jobdetail/CCL1493662800J40874256814.htm?refcode=4019&srccode=401901&preactionid=fd4b3f02-32ba-4f6b-83a1-5418e83d8cd2
项目经理,安吉爱乐剧院管理有限公司,8000-15000元,湖州·安吉县·昌硕街道,广州,本科,经验不限,7月26日,zhilian,职位描述 文化艺术/娱乐 广播/电视/影视 产业互联网平台 能力要求： 1.紧跟热点，互联网思维玩转跨界 2.拥有优秀的沟通能力、组织协作能力 3.能够以细节为导向，并具有自主性和自驱力 4.创新能力以及应变能力突出 加分项：专业不限，对古典乐/歌剧/音乐剧/戏剧/舞蹈剧兴趣浓厚 工作地点 湖州安吉县安吉大剧院 以担保或任何理由索要财物，扣押证照，均涉嫌违法。一经发现， 立即举报 客户,产业互联网平台,http://www.zhaopin.com/jobdetail/CCL1318355140J40896739203.htm?refcode=4019&srccode=401901&preactionid=fd4b3f02-32ba-4f6b-83a1-5418e83d8cd2
项目经理,丹东子博科技有限公司,6000-12000元,桂林·雁山区·雁山镇,广州,大专,5-10年,7月23日,zhilian,职位描述 项目经理 其他生活服务 任职要求： 1.餐饮行业5年以上管理经验，有3个及以上项目开业经验优先 2.可接受背调，身体健康，无不良嗜好 3.薪资试用期12000元内，转正后基本工资+绩效 职位福利： 包吃 包住 有社保 工作地点 桂林雁山区良丰路 以担保或任何理由索要财物，扣押证照，均涉嫌违法。一经发现， 立即举报,项目经理,http://www.zhaopin.com/jobdetail/CCL1509744260J40830044416.htm?refcode=4019&srccode=401901&preactionid=3fc9ff83-3a56-4629-bbc3-a52825e648ae
项目经理,武汉市宜居宜业服务管理有限公司,5000-7000元,武汉·武昌,广州,大专,经验不限,7月23日,zhilian,职位描述 小区 1. 经营统筹与指标达成 制定项目年度/季度经营计划，分解收费率、成本控制、利润等核心经营指标，推动物业费、停车费等各项费用收缴，确保经营目标落地；做好项目预算编制、执行与管控，优化人力、物料等资源配置，提升项目经营效益。 2. 团队管理与能力建设 负责项目团队的定岗定编、招聘配置、绩效考核与薪酬激励，搭建高效管理团队；组织员工开展专业技能、服务规范、应急处理等培训，提升团队整体业务能力和执行力，营造积极的团队工作氛围。 3. 服务品质与现场管控 统筹项目全模块现场管理，包括客户服务、秩序维护、环境保洁、工程运维、绿化养护等，制定各模块服务标准和操作规范；定期开展现场巡检、品质抽查，及时发现并整改问题，确保项目服务品质达标，提升业主满意度。 4. 客户关系与纠纷处理 建立并维护与业主、业主委员会的良好沟通关系，定期开展业主调研、意见征集，公示项目运营信息；快速响应业主诉求和投诉，牵头处理物业纠纷、邻里矛盾等问题，制定解决方案并跟进落地，将投诉整改率、业主满意度纳入核心管控指标。 5. 设施运维与安全管理 统筹项目公共设施、设备的日常巡检、维护、保养工作，制定大修、改造及年度维保计划，协调工程团队或外包单位完成作业，降低设施设备故障率；建立项目安全管理体系，落实消防、治安、防汛、防滑等安全管理要求，组织安全演练，杜绝重大安全事故。 6. 外包单位与供应商管理 对保洁、安保、绿化、工程维保等外包单位进行全流程管控，制定外包服务考核细则，定期开展服务质量验收与评价；对项目物料、设备供应商进行筛选、管理与考核，确保物资供应及时、质量达标，严控外包及采购成本。 7. 制度落地与应急处置 牵头完善项目各项管理制度、服务流程及应急预案，确保公司总部制度在项目端有效执行，实现项目规范化、标准化运营；面对火灾、漏水、停电、突发治安事件等紧急情况，第一时间启动应急预案，统筹协调各方力量高效处置，降低损失并做好后续善后工作。 8. 内外协调与合规运营 积极对接街道、社区、消防、市场监管、住建等政府相关部门，建立良好政企关系，配合完成各类检查、备案工作，争取外部支持；熟悉《物业管理条例》等相关法律法规及地方行业规范，确保项目各项运营工作依法合规开展，规避法律风险；做好与公司总部各部门的沟通协同，及时同步项目运营信息，申请资源支持并落实总部工作部署。 9. 其他专项工作 完成项目运营数据的统计、分析与上报，编制经营分析、品质报告等各类文书；组织开展社区文化活动，提升项目社区氛围；落实公司交办的其他专项工作 工作地点 武汉武昌区七星路 以担保或任何理由索要财物，扣押证照，均涉嫌违法。一经发现， 立即举报,小区,http://www.zhaopin.com/jobdetail/CCL1492054360J40791252806.htm?refcode=4019&srccode=401901&preactionid=3fc9ff83-3a56-4629-bbc3-a52825e648ae
项目经理,冠新软件股份有限公司,8000-15000元,乌鲁木齐,广州,大专,5-10年,7月1日,zhilian,岗位职责： 1、实施前期调研工作 1）根据项目实施要求，完成现场实施开工条件调研情况。 2）根据调研实际情况，完成调研报告及整改方案书写。 3）完成调研期间与、上级、甲方之间的沟通工作。 4）协助销售做好产品前期的演示工作。 2、项目全流程实施工作 1）根据项目实施要求，完成产品部署、测试工作。 2）完成实施产品应用系统培训、与客户沟通工作。 3）根据实施期间收集的相关问题、bug、需求，按公司流程进行提交。 4）完成实施期间所实施产品的运维工作并整理归纳问题处理方法。 3、项目交付、现场服务、驻场服务工作 1）按部门交付标准，按实施计划完成产品验收工作。 2）完成项目实施期间的培训ppt、用户说明书等文档书写。 3）根据公司要求，完成所实施产品转服务工作。 4）按公司要求，完成验收后的相关单据提交。 5）按照规范要求完成现场服务、驻场服务工作。 4、完成上级、公司布置的相关考核、学习任务。 5、完成上级领导安排的其他工作 任职资格‌ 熟悉数据库操作（如SQL Server、Oracle、MySQL等），具备SQL脚本编写能力（必备） 掌握应用服务器部署（如Tomcat、WebLogic）及中间件配置（可选） 了解主流开发框架（如J2EE）或具备基础编程能力（Java、Python等）者优先（可选） 熟练使用Office办公软件（Excel公式处理、PPT演示等）‌（必备） 熟悉项目管理工具等系统实施经验优先（项目经理角色必备，实施岗位具备优先选择） 具备良好的表达能力和客户沟通技巧，能清晰反馈需求（基础必备） 团队协作意识强，有项目管理经验者优先（项目经理角色必备，实施岗位具备优先选择） 能接受高频出差及高强度工作节奏（基础必备） 学习能力强，能快速掌握新技术和业务逻辑（基础必备） 岗位要求专科及以上学历，计算机、信息管理相关专业（基础必备） 有万达信息/创业惠康/东软/东华/智业的项目经理经验（必不可缺） 5年以上的工作经验最好，随时可到岗。‌ 工作地点 乌鲁木齐喀纳斯湖北路455号新疆软件园E1栋8层 以担保或任何理由索要财物，扣押证照，均涉嫌违法。一经发现， 立即举报,PMP,http://www.zhaopin.com/jobdetail/CC182319320J40952644315.htm?refcode=4019&srccode=401901&preactionid=3fc9ff83-3a56-4629-bbc3-a52825e648ae
项目经理,青岛达能环保设备股份有限公司,8000-15000元·13薪,青岛·胶州·胶北,广州,本科,经验不限,7月25日,zhilian,岗位职责： 1、代表公司实施项目管理，作为承担项目负责人，在管理中贯彻执行国家和工程所在地政府的有关法律、法规和政策，执行公司的各项管理制度。 2、 对进入现场的生产要素（人力资源、材料、机械设备、资金、技术、信息）进行优化配置和动态管理，负责项目实施过程中的成本控制。 3、 协调和处理好与所承建的工程有关的内部和外部关系，及时解决项目中出现的各种问题，正确处理好各方利益分配。 4、 参与工程竣工验收，准备结算资料和分析总结，对甲方相关部门人员进行操作维护培训，妥善处理好工程竣工后的工作。 5、领导交办的其它工作。 职位福利：住房补贴、五险一金、加班补助、定期体检、免费班车、节日福利 工作地点 青岛胶州市胶北办事处工业园达能路3号 以担保或任何理由索要财物，扣押证照，均涉嫌违法。一经发现， 立即举报,"安装工程,电力工程,二级建造师",http://www.zhaopin.com/jobdetail/CC344176010J40419341916.htm?refcode=4019&srccode=401901&preactionid=3fc9ff83-3a56-4629-bbc3-a52825e648ae
项目经理,英德生物医药,8000-14000元,成都·龙泉驿·大面,广州,大专,5-10年,6月11日,zhilian,岗位职责： 1、协助商务完成需投标项目的施工组织设计（含进度计划、机具清单、人力资料需求、施工方案等）； 2、提前协调各专业技术人员，配合甲方要求做好前期准备工作； 3、组织落实管理、施工人员，招聘需外聘的各专业工人，组织项目管理团队，提前做好入场开展基础工作； 4、项目进场后项目备案工作； 5、项目开工报告并报甲方审核； 6、项目部与甲方现场技术交底； 7、施工过程中与甲方、第三方及公司等相关部门沟通协调工作； 8、整个施工中的工作计划、安排等过程管理与实施指导； 9、整个项目的进度、成本管理与控制； 10、做好资金计划与备用金申请及项目报帐事宜； 11、做好施工过程中的增量、签证及变更工作；竣工验收资料 12、竣工资料收集与汇总，并按甲方要求提供并报验收及资料报公司存档； 13、配合甲方试生产，并处理协调生产过程中遇到的问题； 14、根据进度向甲方申请进度款，并申请开票等相关事项； 15、竣工验收单签回，项目总结。 任职要求： 1. 专业及学历：大专及以上学历，药学、生物、化工、机械、电气、计算机、自动化、工程类相关专业。 2. 任职经验/专业知识和技能 培训经历: 项目管理、生物制药工艺相关培训 工作经验: 5年及以上 资格证书：二级建造师以上 技能技巧: 有生物制药行业经验；熟悉国家、行业、生物制药生产法规和指南等，有丰富的项目管理经验，能独立完成大型项目的组织，熟悉office、CAD等办公软件；责任心强，有较强的组织、沟通表达、协调、抗压能力，团队合作能力、团队建设能力。有一定的英语口语能力。 3. 健康要求：身体健康，无传染性疾病。 福利待遇： 1. 社保：六险一金 2. 工作时间：早上9：00-17:30（7.5/h)； 3. 生活住宿：免费工作餐；可提供住宿 4. 完善的福利待遇：生日津贴、季度劳保用品、结婚生子福利、节日福利、带薪年休假、通勤车、国家法定假日、茶水间（配有咖啡机）、健身房 5. 丰富的员工活动：员工聚餐、年度体检、员工旅游、运动会、拓展活动 6. 广阔的发展空间：专业和管理双向发展通道，员工培训（新人培训、职业培训、管理技能培训等） 7. 提供有竞争力及上升性的薪酬，完善的晋升机制。 8. 薪资构成：固定工资+奖金提成+出差补贴+其他福利待遇。 工作地点 成都龙泉驿区英德生物 以担保或任何理由索要财物，扣押证照，均涉嫌违法。一经发现， 立即举报,"生物药,中药,化学药",http://www.zhaopin.com/jobdetail/CC660701720J40704038913.htm?refcode=4019&srccode=401901&preactionid=3fc9ff83-3a56-4629-bbc3-a52825e648ae
项目经理,北斗天地股份有限公司山东分公司,7000-11000元,济宁·邹城市·凫山街道,广州,本科,3-5年,7月21日,zhilian,岗位职责 前期项目对接与规划： 1.独立承担项目前期工作，配合市场部进行项目现场工勘及工勘报告编写； 2.负责编制项目预算表格、技术协议及相关前期规划文件，为项目顺利启动提供技术与数据支撑； 中期项目实施与管理：全面负责项目实施过程中的进度、质量与成本管理，统筹协调各方资源，规范输出并妥善归档各类项目实施过程资料，确保项目按节点高质量推进； 后期项目验收与评价： 1.主导项目收尾工作，负责编制并输出完整的项目验收资料及项目后评价报告，协助完成项目交付与结算闭环； 2.现场实施与技术支持：深入煤矿井下作业现场，开展信息化设备的现场勘查、施工指导、综合布线及系统联调，保障系统建设按时上线及数据的实时、准确传输； 其他交办任务：完成上级领导交办的其他信息化技术支持与项目管理工作。 三、 任职要求 1.学历与专业：本科及以上学历，计算机科学、网络工程、自动化、通信工程等相关专业； 2.专业技能：熟悉煤矿“六大系统”及智能化建设标准，对煤矿视频监控、安全监测、人员定位、辅助运输、网络通信、调度通讯等信息化系统有一定了解，且至少在上述1-2个系统中有实际实施经验； 3.证书要求：具备PMP、华为HCIP、华三H3CIP或以上等级网络/网络安全安全认证证书者优先考虑； 4.工作适应性：身体健康，无职业禁忌症，能够适应煤矿井下作业环境，接受长期出差及驻矿工作安排； 5. 综合素质：具备极强的抗压能力与责任心，吃苦耐劳，拥有良好的团队协作精神、沟通协调能力及突发事件应急处置能力。 工作范围：山东、河南、山西等 工作地点 邹城市济宁机器人产业园 以担保或任何理由索要财物，扣押证照，均涉嫌违法。一经发现， 立即举报,"硬件项目,系统集成项目,信息化项目,PMP",http://www.zhaopin.com/jobdetail/CC699717230J40880601305.htm?refcode=4019&srccode=401901&preactionid=3fc9ff83-3a56-4629-bbc3-a52825e648ae
项目经理,上海畅商亨霖信息技术有限公司,9000-12000元,武汉·武昌,广州,本科,经验不限,5月7日,zhilian,职位描述 PMP 技术服务 【工作内容】 - 负责项目整体规划、执行与监控，确保项目按时、按质、按预算完成； - 协调跨部门资源，推动项目团队高效协作； - 制定项目计划并进行风险评估与管理，及时解决问题； - 汇总项目成果，向管理层汇报项目进展及成效。 【任职要求】 - 本科及以上学历，专业不限，有相关项目经验者优先； - 具备良好的沟通协调能力和团队管理能力； - 熟悉项目管理流程，具备一定的数据分析和问题解决能力； - 工作认真负责，有责任心，能承受一定工作压力。 工作地点 武汉武昌区平安金融科技大厦 以担保或任何理由索要财物，扣押证照，均涉嫌违法。一经发现， 立即举报,PMP,http://www.zhaopin.com/jobdetail/CCL1521619370J40893137603.htm?refcode=4019&srccode=401901&preactionid=3fc9ff83-3a56-4629-bbc3-a52825e648ae
项目经理,沈阳创新设计研究院有限公司,7000-10000元,沈阳·浑南·桃仙,广州,本科,3-5年,4月17日,zhilian,岗位职责： 1.按照合同要求，对项目进度、质量、成本进行全过程把控，目标为及时交付、保质交付、预算范围内交付； 2.负责与客户沟通，准确解读客户需求，并能挖掘客户需求。完成需求调研，方案设计，脚本设计，进度计划及项目预算和准备书等。 3.负责项目的组织实施，包括组内人员工作分配、组织项目启动会、项目总结会（项目决算出具）；书面文件的形成和提交；实时督促项目组成员的工作，项目变更沟通交流以及合同变更技术书面文件的出具。 4.负责项目全流程管理，包括范围、进度、成本、资源、质量等各阶段项目管理与控制，检查组员日常工作，包括进度、质量，以及检查OA系统登记是否及时、准确； 5.项目阶段性汇报（20万元及以下向中心总经理汇报，20万元以上向公司汇报）； 6.独立完成项目管理工作内容，沟通协调内、外关系，完成项目内审，带领项目组保质保量保时完成任务； 7.负责项目验收（获取项目验收单），负责项目交付后项目文件内部归档，以及项目奖金发放其他前置条件的齐备，负责提出项目奖金的分配比例，报上级审核批准； 8.负责项目可行性综合评估，工作量估算、审核，风险分析。 任职要求 1.学历要求: 本科及以上； 2.专业知识：机械设计及制造、智能制造等工科专业优先； 3.工作经验：3年项目经理管理经验 4.个人要求: （1）具有优秀的项目管理能力以及统筹协作能力 （2）有较强的团队意识和大局观 （3）具有良好的亲和力、执行力、抗压能力； （4）善于语言表达与沟通、良好的人际关系处理能力。 工作地点 浑南区沈阳创新设计研究院有限公司204室 以担保或任何理由索要财物，扣押证照，均涉嫌违法。一经发现， 立即举报,PMP,http://www.zhaopin.com/jobdetail/CC552389520J40634814105.htm?refcode=4019&srccode=401901&preactionid=3fc9ff83-3a56-4629-bbc3-a52825e648ae
项目经理,山东环球软件股份有限公司,5000-10000元,潍坊·奎文·清池,广州,大专,1-3年,7月23日,zhilian,岗位职责 1.具备售前能力，能与客户交流。 2.能够认识项目整体需求，调动相关技术完成实现。 3.制定项目开发计划，能完成研发过程性文档的撰写。 4.管理所负责项目的开发团队，以及参与项目的团队以外的借调人员的统筹协调。 5.具备一定基础的编码能力。 6.基本职责就是保证项目目标的实现，领导项目团队准时优异地达成全部工作。 7.长期可以在齐河发展的。 任职条件 1.有政府相关项目的工作经验的，驻场或者带过团队直接参与政府项目的。 2.责任心强 职位福利：每年多次调薪、绩效奖金、年终分红、股票期权、员工旅游、节日福利、带薪年假、弹性工作 工作地点 潍坊奎文区元宇宙未来创新谷 以担保或任何理由索要财物，扣押证照，均涉嫌违法。一经发现， 立即举报,云计算,http://www.zhaopin.com/jobdetail/CC620486920J40409984306.htm?refcode=4019&srccode=401901&preactionid=3fc9ff83-3a56-4629-bbc3-a52825e648ae
项目经理,诺博汽车系统有限公司,8000-12000元·15薪,日照·东港区·北京路街道,广州,本科,5-10年,,zhilian,职位描述 汽车研发项目 汽车质量项目 新能源/燃油车零部件 新能源/燃油整车研发制造 岗位内容： 1. 管理汽车座椅项目，确保按时完成，符合预算和技术要求 2. 与跨功能团队紧密合作，确保项目目标得以实现 3. 监控项目进展，评估风险并提出解决方案 4. 报告给上级和客户，确保他们明白项目状态和问题。 5. 持续改进项目管理流程和方法 任职要求： 1. 具备五年以上汽车行业项目管理经验，同时具备多年管理或领导经验 2. 了解汽车制造过程，熟悉关键性车辆/工程参数 3. 熟悉将项目从设想阶段转换为正式开发阶段所需的步骤和规则 4. 有效的项目管理技能和团队领导能力 5. 出色的交际能力和人际关系技能，良好的英语读写能力 展开该职位详情,"汽车研发项目,汽车质量项目",http://www.zhaopin.com/jobdetail/CC812902090J40777339206.htm?refcode=4019&srccode=401901&preactionid=3fc9ff83-3a56-4629-bbc3-a52825e648ae
项目经理,泉州赛威科技有限公司,8000-11000元,泉州·鲤城区·常泰街道,广州,本科,3-5年,7月17日,zhilian,职位描述 PMP 制造业项目全生命周期管理 跨部门资源统筹协调 项目风险与成本管控 其他制造业 工作职责： 1. 主导研发产品项目的全生命周期管理，从需求调研、方案设计到落地交付，确保项目目标与业务战略对齐。 2. 统筹协调研发、生产、供应链等跨部门资源，制定项目计划与里程碑，动态监控进度并及时解决瓶颈问题。 3. 负责项目风险识别与管控，建立成本、质量、交付的三重保障机制，推动项目高效执行。 4. 定期输出项目进展报告，向管理层同步关键节点与决策建议，确保信息透明与团队对齐。 任职要求： 1. 本科及以上学历，工程管理、机械工程或相关专业优先。 2. 3年以上制造业项目管理经验，熟悉生产型项目的流程规范与交付逻辑。 3. 具备优秀的跨部门沟通能力与问题解决能力，能有效协调多方资源推动项目落地。 4. 掌握项目管理工具（如Project、Jira），具备PMP或相关认证者优先。 工作地点 鲤城区泉州市驰尔达电子通讯有限公司 以担保或任何理由索要财物，扣押证照，均涉嫌违法。一经发现， 立即举报,"PMP,制造业项目全生命周期管理,跨部门资源统筹协调,项目风险与成本管控",http://www.zhaopin.com/jobdetail/CCL1454589290J40896394713.htm?refcode=4019&srccode=401901&preactionid=3fc9ff83-3a56-4629-bbc3-a52825e648ae
项目经理,上海名一生态园林工程有限公司,8000-15000元,上海·闵行·莘庄,广州,大专,3-5年,9月23日,zhilian,职位描述 工程管理 工程施工 1、全面负责施工项目组织管理和团队建设，负责工程各个环节工作管理和监督； 2、建立相关健全工作联系制度，签暑相关文件，解决工地重大协调问题； 3、主持项目总体管理规划等审定，并负责组织、督导实施； 4、参与工程验收，项目签证变更的办理，负责组织工程项目竣工技术资料的编制工作； 5、及时上报工程进度款项，审核各项费用支出； 6、贯彻落实国家有关法律法规，严格执行公司的各项规章制度，对项目的质量，进度，成本，安全，文明施工等，负主要管理责任； 7、完成公司及领导交办的其它工作。 岗位要求： 1、大专及以上学历，园林相关专业，绿化工程师职称(中级)； 2、五年以上园林绿化工作经验，具备园林绿化专业知识； 3、熟悉园林绿化生产施工组织、工序、工艺流程、质量标准和验收规范； 4、具有吃苦耐劳，团队合作，工作负责，能为企业奉献的精神。 职位福利：包住、餐补 职位亮点：做精品园林，树园林品牌 工作地点 上海闵行区赢嘉大厦B座 以担保或任何理由索要财物，扣押证照，均涉嫌违法。一经发现， 立即举报,工程管理,http://www.zhaopin.com/jobdetail/CCL1306853180J40190267905.htm?refcode=4019&srccode=401901&preactionid=3fc9ff83-3a56-4629-bbc3-a52825e648ae
项目经理,陕西智胜安全技术有限公司,8000-11000元,榆林·佳县·王家砭镇,广州,本科,1-3年,7月24日,zhilian,职位描述 消防维修保养 消防施工 一级注册消防工程师 建筑设备安装 技术服务 岗位内容： 1. 熟悉火灾自动报警、防排烟、室内消火栓、喷淋系统等； 2. 负责现场消防设施的安装、调试、验收以及维护保养； 3. 进行消防技术咨询和培训，提供消防技术方案； 4.配合政府部门进行项目消防验收 任职要求： 1. 具备消防工程师执业证书； 2. 熟悉消防设计、施工和维护保养的相关法律法规、标准和规范，了解建筑设计和结构原理； 3. 具备较强的沟通能力和团队合作精神，具有较高的责任心。 工作地点 陕西省榆林市佳县王家砭镇 以担保或任何理由索要财物，扣押证照，均涉嫌违法。一经发现， 立即举报,"消防维修保养,消防施工,一级注册消防工程师",http://www.zhaopin.com/jobdetail/CC213486410J40874335614.htm?refcode=4019&srccode=401901&preactionid=3fc9ff83-3a56-4629-bbc3-a52825e648ae
项目经理,哈尔滨思和信息技术股份有限公司,7000-12000元,哈尔滨·松北·松北街道,广州,本科,1-3年,7月25日,zhilian,职位描述 软件项目 信息化项目 PMP 计算机软件 1、本科及以上学历，计算机应用、软件工程等相关专业: 2、掌握需求分析、拆解及方案设计方法，能独立输出需求文档与原型。 3、精通技术方案编写，具备系统设计能力（UML/流程图、系统原 型设计、PPT演示方案），熟练使用 Axure、Visio 等原型设计与流程绘图工具。 4、技术基础与编程能力：了解主流 AI 模型架构（如 GPT 系列、Transformer 等），熟悉 AI 模型训练、微调及部署的全流程；掌握计算机网络、数据库等相关技术基础知识。 5、能够熟练运用各类 AI Agent 工具（如 Claude Code、OpenClaw 等）赋能项目全流程，具备快速方案验证、需求原型搭建与任务自动化执行能力。 工作地点 哈尔滨松北区思和信息 以担保或任何理由索要财物，扣押证照，均涉嫌违法。一经发现， 立即举报,"软件项目,信息化项目,PMP",http://www.zhaopin.com/jobdetail/CC506930520J40916838802.htm?refcode=4019&srccode=401901&preactionid=3fc9ff83-3a56-4629-bbc3-a52825e648ae
项目经理,浙江康诚智能科技有限公司,9000-10000元,湖州·南浔区·南浔镇,广州,大专,1-3年,6月16日,zhilian,职位描述 汽车发动机项目 汽车零部件 新能源/燃油车零部件 金属制品/机加工 浙江康诚智能科技有限公司位于浙江省湖州市南浔区，地处长三角核心区域，毗邻上海、苏州、杭州，交通便利，地理位置优越，投入资本3.6亿人民币，建筑面积27000平方米。公司成立于2014年（原名：浙江安基精密机械有限公司），后因厂区拆迁，新投浙江康诚智能科技有限公司。 公司目前主营：铝合金锭的生产、铝合金压铸、零部件精加工、表面处理。公司拥有先进的生产制造设备，其中压铸机品牌主要为:力劲机型。机型覆盖450T、580T、680T、850T、1250T、1600T、2500T及3500T各类不同吨位型号，可满足客户不同需求。公司集铝合金锭原材料的生产、压铸、后道处理、精加工、表面处理等为一体，原材料可满足各类不同牌号的铝合金材料需求，每年可为铝铸件市场提供1.5万吨的压铸件产品，主要产品包括空调压缩机壳体、新能源电池外壳、氢能源电池外壳及相关配件、滤清器壳体、重卡变速箱、支架、结构件、阀体类、4G\5G滤波器腔体、5G机箱、散热壳体，新能源汽车变速箱，电控箱体，液冷板等产品 急招压铸项目工程师5名 工作内容如下： 1）新产品整体策划，积极参与客户对接图纸评审、完整识别客户要求、做成本工艺分析； 2）依据客户图纸、技术标准、质量指标，对新产品技术保证的可行性进行分析（报价、DFM、TR、报价、成本分析）等技术评估审核； 3）根据产品项目纲领需求策划产能规划； 4）对新产品整体进行产品质量的先期策划、编制（BOM、毛坯图、热工工艺流程图、特殊特新清单、FMEA、控制计划、PPAP、作业指导书） 5） 对产品毛坯试制、小批量、批量的进度、质量保证跟踪及成本改善； 6） 配合压铸车间、质量部对产品现场质量处置、制定返工返修作业指导书、评审； 7） 对新品组织/参与主导阶段性评审、总结、标准收集制定、工程变更、定额管理工作； 8）负责对全部模具的现场试模跟进及技术指导、样品送样、修模方案提议、关键的时间节点管控； 注：要求有铝合金压铸行业相关经验 工作地点 浙江省湖州市南浔区浔练公路店家浜路88号 以担保或任何理由索要财物，扣押证照，均涉嫌违法。一经发现， 立即举报,汽车发动机项目,http://www.zhaopin.com/jobdetail/CCL1466084780J41004320004.htm?refcode=4019&srccode=401901&preactionid=bd04a117-f523-4103-b3dc-fa4fc1a73b13
项目经理,上海申讯科创技术有限公司,8000-10000元,上海·松江·小昆山,广州,本科,1-3年,7月16日,zhilian,岗位职责 1. 负责语音通信及关联网络、语音、视频、物联网产品的市场拓展与项目跟进，对接客户需求，制定针对性销售及项目执行方案； 2. 主导客户开发与维护，包括客户拜访、需求调研、方案讲解、商务谈判等，完成个人及团队销售业绩目标； 3. 负责项目合同签订、回款管理，把控项目风险（如进度风险、成本风险、客户需求变更风险），及时解决项目执行中的问题； 4. 收集市场及竞争对手信息，分析行业动态，为公司产品迭代与市场策略制定提供参考； 5.维护客户关系，提升客户满意度与复购率，挖掘客户潜在合作需求，拓展业务合作范围。 二、任职要求 1. 学历背景：本科及以上学历，市场营销、通信工程、计算机科学与技术、项目管理等相关专业优先； 2. 经验要求： - 2年以上通信行业（语音、网络、物联网等领域优先） 销售或项目管理经验，熟悉行业客户需求与市场特点，有成功项目销售或管理案例者优先； - 具备客户开发、商务谈判、项目全流程管控能力，能独立完成从客户对接至项目交付的全流程工作； 3. 技能要求： - 了解有线通信产品（如语音网关、程控交换机等）、网络通信协议、物联网技术者优先； - 熟练使用Office，具备良好的方案撰写与PPT汇报能力； 4. 素质要求： - 具备较强的市场敏感度与销售开拓能力，目标感强，能承受业绩压力； - 优秀的沟通协调、组织统筹能力，能高效对接内外部团队与客户； - 责任心强，具备良好的抗压能力与解决问题的能力，有团队协作精神。 三、薪资待遇：底薪8000-10000元，项目提成面议。 工作地点 上海松江区小昆山镇昆港公路1188号 以担保或任何理由索要财物，扣押证照，均涉嫌违法。一经发现， 立即举报,通信工程、项目管理,http://www.zhaopin.com/jobdetail/CC192127310J40896945915.htm?refcode=4019&srccode=401901&preactionid=bd04a117-f523-4103-b3dc-fa4fc1a73b13
项目经理,广东震科防灾科技有限公司,8000-15000元,佛山·南海·桂城,广州,大专,3-5年,1月27日,zhilian,职位描述 项目管理 团队管理 安全管理 工程监理 工程施工 工程技术与设计服务 一、职责描述： 1、负责协调项目的施工进度、质量、安全文明等的管理； 2、负责组织项目开工前准备工作； 3、根据项目总体计划编制工程进度计划，负责项目进度计划的实施，并根据节点要求及时进行调整； 4、组织项目施工组织设计、监理规划大纲、施工总进度计划、质量控制点等项目开工前的准备资料的编制，并审核重大施工方案； 5、负责对关键工序、关键部位的施工方案的审核；主持项目重大工程技术问题的解决方案的论证和审定； 6、组织项目的验收工作至竣工备案完成及移交； 7、对内协调公司各部门及对外协调施工单位、监理单位的工作对接，督促监理单位按图纸、规范、合同要求完成工作； 8、负责审核项目工程承包商和材料供应商提交的现场签证、设计变更进行审核； 9、协助完成上级领导交办的事情； 二、任职要求： 1、本科以上学历 （条件特别优秀的放宽至大专学历）； 2、熟悉项目管理各项业务和操作流程，了解行业政策、法规、规范和标准； 3、土木工程/工程管理等建筑相关专业，有工程监理工作经验； 4、具有较强的管理能力、协调能力以及沟通能力，有较强的管理和把控能力，良好的书面及口头表达能力和组织、协调能力。 工作地点 佛山南海区瀚天科技城A区A6 1202 以担保或任何理由索要财物，扣押证照，均涉嫌违法。一经发现， 立即举报,"项目管理,团队管理,安全管理",http://www.zhaopin.com/jobdetail/CC863976730J40774663608.htm?refcode=4019&srccode=401901&preactionid=bd04a117-f523-4103-b3dc-fa4fc1a73b13
项目经理,明阳智慧能源集团股份公司,面议,中山·中山港街道,广州,本科,1-3年,7月1日,zhilian,岗位职责： 1.对风电、光伏、综合能源项目实施过程进行全面计划管理，包括风电项目安全、质量、进度等一系列管理工作，组织制定项目的各项管理制度。 2.负责编制项目里程碑计划、施工进度计划、征租地计划、设计进度计划、设备材料供应计划、资金使用计划等，制定及编写各类生产统计报表、总结，并实施施工进度控制，负责整个项目各种施工方案以及进度计划、月、周工作安排编制和落实，督促总承包单位按照合同要求如期完成施工任务。 3.严格履行项目管理目标责任书并进行阶段性目标控制，确保项目目标的实现，确保工程按期交付竣工，安全生产无事故。 4.负责施工现场管理，对施工单位的人力、材料、机械设备等生产要素提出优化配置，负责对项目成本进行管控。 5.组织做好各阶段工程的质监、验收、结算及移交等工作，做好项目总结及复盘。 6.强化现场文明施工，及时发现和妥善处理突发性事件，处理施工中出现的各种技术问题，协调解决、裁决技术分歧。 7.对外协调解沟通与总承包单位、监理、设备供应商、当地行政主管部门及相关利益方的关系，对内积极沟通公司各管理部门，保证项目建设合规，确保工程项目正常进行。 8.完成公司安排的其他工作。 任职资格： 1、本科及以上，电气工程、能源与动力工程、工程管理、土木工程等相关专业； 2、2年以上风电、光伏新能源项目建设管理经验，单独负责过1个完整的风电、光伏新能源项目建设管理。 工作地点 中山明阳智慧能源集团股份公司 以担保或任何理由索要财物，扣押证照，均涉嫌违法。一经发现， 立即举报,分布式能源,http://www.zhaopin.com/jobdetail/CC247926520J40785312806.htm?refcode=4019&srccode=401901&preactionid=bd04a117-f523-4103-b3dc-fa4fc1a73b13
项目经理,中环国投(北京)环境信息科技股份有限公司山东分公司,9000-15000元,西安·未央·汉城,广州,本科,3-5年,7月25日,zhilian,职位描述 大气 环保 工作内容：生态环境相关 （1）项目管理：根据客户的要求，思考罗列项目的服务内容并实施跟踪，确保按时保质完成客户交代的相关工作。 （2）沟通协调：基于服务内容，保持与客户的衔接沟通；能够协调各方资源，妥善处置各种突发事件。 （3）技术支撑：能够根据客户的需要，为其提供专业的技术服务支撑。 任职要求： 经验要求：2年以上生态环境研究院工作经历或3年以上环境、生态、市政等方向的工程全过程咨询管理经验。 学历：环境工程、环境科学、生态学、给排水、大气科学等相关专业本科及以上学历 知识要求：熟悉国家或各省的生态环境相关法律法规、政策与技术规范； 能力要求：精通生态环境领域相关业务知识；熟悉国家或各省的生态环境相关法律法规、政策与技术规范；熟悉废气治理常用工艺；熟悉废水治理常用工艺；具有一定的文字功底，可根据客户要求编制相关汇报材料；能熟练运用环境领域常用模型软件；善于协调、沟通；抗压能力强、可多任务处理相关事务；具有良好的敬业精神和职业道德操守。 其它要求：责任心、事业心强；能接受中长期出差； 工作地点 未央区西安市生态环境局1 以担保或任何理由索要财物，扣押证照，均涉嫌违法。一经发现， 立即举报,大气,http://www.zhaopin.com/jobdetail/CC859269860J40863161905.htm?refcode=4019&srccode=401901&preactionid=bd04a117-f523-4103-b3dc-fa4fc1a73b13
项目经理,嘉环科技股份有限公司,6000-12000元,昆明·西山·前卫,广州,本科,1-3年,7月21日,zhilian,岗位职责： 1、全面负责本项目组的各项管理工作，及时发现并迅速解决内部存在的问题； 2、合理配置下属各岗位人员，定期 组织对员工进行能力评估和考核； 3、合理安排项目组内部的人力、物力资源，顺利交付所负责的各项工程项目，对工程项目的安全、质量、进度、材料全过程进行监控，并对结果负责； 4、负责建立项目组内部成本控制，加强成本管理，搞好经济分析与核算； 5、全面负责项目组的安全生产，贯彻执行安全生产的规定和要求。 任职资格： 1、本科及以上学历， 通信\电子\计算机相关专业； 2、熟练使用办公软件及相关业务、管理软件； 3、具备安全员C证；熟悉通信工程建设相关流程规范，有两年以上通信行业线路专业施工管理经验； 4、善于与人沟通，语言和文字表达能力较强； 5、有传输设备施工管理经验优先。 工作地点 昆明西山区润城第五大道-8栋1102 以担保或任何理由索要财物，扣押证照，均涉嫌违法。一经发现， 立即举报,通信项目管理,http://www.zhaopin.com/jobdetail/CC249365810J40781899105.htm?refcode=4019&srccode=401901&preactionid=bd04a117-f523-4103-b3dc-fa4fc1a73b13
项目经理,山东运筹软件有限公司,8000-16000元,济南·历下·舜华路,广州,本科,1-3年,4月16日,zhilian,岗位职责： 1、独立进行模块与架构设计； 2、能够根据客户需求编写代码和修改程序； 3、负责公司产品软件编码及测试； 任职资格: 1、本科以上学历，2年以上相关经验，计算机相关专业； 2. 熟练掌握JAVA、SQL，JAVASCRIPT、HTML、CSS； 3.熟悉浪潮iGIX、IDP开发平台以及浪潮的GSCloud产品； 4. 有企业管理软件开发经验者优先； 5. 为人诚信、爱岗敬业、有责任心，具备良好学习能力和沟通能力 工作地点 济南历下区黄金时代广场-G座518.519室 以担保或任何理由索要财物，扣押证照，均涉嫌违法。一经发现， 立即举报,"软件项目,项目经理,信息化项目",http://www.zhaopin.com/jobdetail/CC514764920J40865625012.htm?refcode=4019&srccode=401901&preactionid=bd04a117-f523-4103-b3dc-fa4fc1a73b13
项目经理,广西星河智能科技有限公司,8000-15000元,南宁·青秀·建政,广州,本科,3-5年,7月8日,zhilian,岗位职责： 1. 项目全生命周期统筹：负责工程项目从立项、规划、设计、施工到竣工验收、交付结算回款的全流程统筹管理，明确各阶段核心目标与实施路径，牵头协调各方资源，确保项目按时、按质、按量完成，满足业主及公司既定要求。 2. 项目计划制定与执行：组织项目核心团队编制项目总进度计划、阶段性实施计划及专项工作方案，细化任务节点与责任人，定期跟踪计划执行进度，针对延误风险及时调整方案、调配资源，保障计划落地。 3. 成本管控与预算管理：牵头制定项目整体预算方案，涵盖人工、材料、设备、管理等各类成本支出，建立动态成本监控机制，定期开展成本核算与偏差分析，确保项目总成本控制在预算范围内，提升项目经济效益。 4. 质量与安全管理：建立健全项目质量管控体系与安全生产管理制度，严格落实国家及地方工程质量、安全规范标准，组织定期质量检查、安全巡检及专项隐患排查，对发现的问题制定整改措施并跟踪闭环，保障项目质量达标、施工安全。 5. 项目团队人员管理：负责项目团队人员日常全面管理，营造协作高效的团队氛围，及时解决团队内部矛盾，提升团队整体执行力与凝聚力。 6. 内外沟通协调：作为项目对外对接核心责任人，与业主及各关联单位建立常态化沟通机制，及时协调解决项目推进中各类问题，维护良好的合作关系，保障项目顺畅推进。 7. 文档资料管理：组织编制、整理项目各类技术文档、验收报告及结算资料，确保资料完整、规范、可追溯，满足项目归档、审计及后续运维需求。 任职要求： 1. 本科及以上学历，土木工程、建筑工程、工程管理、市政工程等工程相关专业。 2.具备5年以上工程项目现场管理经验，其中至少3年以上项目经理岗位工作履历，有市政、铁路、轨道交通、高速公路、大型公建项目管理经验优先考虑。 3. 持有一级或二级建造师（建筑工程、市政公用工程等相关专业）执业资格证书，具备中级及以上工程师职称，持有安全生产考核合格证书（B证）。 4. 身体健康，能够适应项目现场驻场工作节奏，可接受异地项目派驻。 5.具备较强的团队管理能力、沟通协调能力、语言表达能力、决策能力、具备强烈的工作责任心与敬业精神，能够主动承担项目管理的各项职责，对项目质量、进度、安全等目标负责到底。 工作地点 青秀区南宁绿地中央广场 以担保或任何理由索要财物，扣押证照，均涉嫌违法。一经发现， 立即举报,"项目管理,维保检修,智慧维保",http://www.zhaopin.com/jobdetail/CCL1448182710J40589207206.htm?refcode=4019&srccode=401901&preactionid=bd04a117-f523-4103-b3dc-fa4fc1a73b13
项目经理,赢合科技,9000-18000元,惠州·惠城区·水口街道,广州,本科,1-3年,5月23日,zhilian,职位描述 PMP 工业自动化/机器人 专用设备制造 通用设备制造 (1) 负责内部项目管理事务，制定并促进达成部门年、季、月、周度计划； (2) 收集获取客户诉求，制定改进计划并跟进问题点的改进与落实； (3) 部门数据的整理与分析，配合部门长进行部门的日常运营与改善； (4) 制定项目计划，实时把控项目进度； (5) 组织项目会议，梳理项目过程中的问题点及进度情况； (6) 协调及配合各部门，处理项目异常； (7) 识别及预警项目风险，监控项目落实情况； (8) 完成领导交付的其他任务。 任职资格 (1) 本科及以上学历，必须具备PMP证书 (2) 1年以上自动化行业项目管理经验，熟练掌握项目管理技能知识与技能 (3) 熟练使用excel进行数据的整理与分析，会熟练使用ppt整合项目报告； (4) 具备识别重大风险点及对策技能； (5) 善于沟通和协调，有强烈的目标感. 工作地点 广东省惠州市惠城区东江高新科技产业园惠泽大道301号赢合科技 以担保或任何理由索要财物，扣押证照，均涉嫌违法。一经发现， 立即举报,PMP,http://www.zhaopin.com/jobdetail/CC155104310J40818100916.htm?refcode=4019&srccode=401901&preactionid=bd04a117-f523-4103-b3dc-fa4fc1a73b13
项目经理,绵阳科技城光子技术研究院,7000-10000元,绵阳·游仙区·石马镇,广州,本科,1-3年,7月26日,zhilian,职位描述 PMO 项目管理 产品研发 学术/科研 产业互联网平台 具体职责： 1.项目规划与启动：协同项目负责人明确项目目标，项目工作包分解，梳理任务优先级，界定项目范围；编制项目任务书、计划书（进度管理计划、沟通管理计划、质量管理计划等），包含项目里程碑节点、资源配置方案（项目人员、设备、物料等）、成本预算、风险预案等；组织项目启动会，明确各角色职责与沟通协作规则； 2.项目进度与质量管控：将项目任务拆解至具体模块与责任人，通过项目管理工具（Teambition）跟踪每日/每周项目进度，及时发现进度偏差并分析原因，制定纠偏措施；牵头建立项目质量管控标准，协同项目团队推进模块单元测试、集成测试、系统测试等环节，确保项目成果符合产品需求规格与质量要求； 3.跨部门协同与资源协调：作为项目的核心协调者，衔接研发、产品、测试、市场等职能，同步项目进展信息，解决跨部门协作中的冲突（如需求变更、资源紧张、技术分歧等）；合理调配项目团队人力、设备等资源，保障项目工作顺畅开展； 4.项目风险与问题管理：建立项目风险预警机制，定期识别项目过程中的潜在风险（如技术难点、需求变更、人员流动、供应链问题等），评估风险影响程度并制定应对措施；快速响应项目过程中出现的技术问题、协作问题，组织相关人员召开专题会议推进问题解决； 5.项目文档与沟通管理：负责项目全流程相关文档的编制、收集整理与归档，包括会议纪要、测试报告、验收报告等；定期向项目负责人、组织管理层等汇报项目进度、质量状况、存在问题及解决方案，组织项目评审会、复盘会等关键会议； 6.项目复盘与优化：项目收尾后组织团队开展复盘工作，总结项目过程中的经验与不足，提炼可复用的项目管理方法；参与优化组织项目流程与项目管理体系，提升整体项目效率与项目成功率； 7.团队协作支持：配合项目团队开展工作，关注团队成员工作状态，协助解决工作中的困难；推动项目团队内部知识共享，提升团队协作能力。 岗位要求： 1.学历背景：本科及以上，计算机科学与技术、软件工程、电子信息工程、机械设计制造及其自动化、产品设计、工业工程等理工科或工程管理类专业优先；条件优秀者可放宽至大专学历（需具备项目管理实战经验）； 2.专业知识：掌握产品开发相关项目全流程（需求调研、产品规划、技术选型、原型设计、产品迭代、测试验收等），理解项目的技术逻辑、资源配置特点及质量管控要点；熟悉至少1种产品项目相关的项目管理方法论（如瀑布式、敏捷Scrum、Kanban等）； 3.协助或主持组建项目组，组织协调项目启动、规划、执行、监控和收尾各阶段，组织协调项目所需的各项资源。主持完成项目各阶段资料的编写、收集、整理及报送正作，按照ISO质量管理体系要求管理项目全生命周期的预算、成本、进度、质量和风险； 4.技能工具：熟悉并能够使用项目项目管理工具进行需求管理、任务拆分、进度跟踪；掌握流程图绘制工具（如Visio、XMind、ProcessOn等）者优先； 5.资格证书：持有PMP（项目管理专业人士资格认证）证书或具备产品经理相关认证（如NPDP）者优先； 6.具备良好的表达能力与项自协调沟通能力：出色的资源整合和横向沟通协调能力，优秀的组织能力和执行推动力； 7.工作认直负责，沟通能力强，具备较强的对外合作与交流能力，具备团队合作精神，能吃苦耐劳，具备较强的抗压能力、高度的责任心和良好的学习能力。 专业要求：计算机科学与技术、软件工程、电子信息工程、机械设计制造及其自动化、产品设计、工业工程等理工科或工程管理类专业优先。 具体薪资面议 工作地点 游仙区绵阳科技城光子技术研究院 以担保或任何理由索要财物，扣押证照，均涉嫌违法。一经发现， 立即举报,"PMO,项目管理,产品研发",http://www.zhaopin.com/jobdetail/CCL1461775670J40915386515.htm?refcode=4019&srccode=401901&preactionid=bd04a117-f523-4103-b3dc-fa4fc1a73b13
项目经理,内蒙古玷嘉建设工程有限公司,8000-15000元,包头·固阳县·银号镇,广州,大专,经验不限,7月10日,zhilian,职位描述 电力项目 储能项目 机电专业二级建造师带B证 电力/水利/热力/燃气 工程施工 1. 证书要求（必备）： 持有有效的机电工程专业二级注册建造师证书，并同时具备有效的安全生产考核合格证书（B证） 2. 负责工程项目从开工到竣工的全过程管理，包括进度、质量、安全、成本及合同管理。 3. 组织编制施工组织设计、专项施工方案及技术措施，并监督执行。 4. 负责与业主、监理、设计、分包等各方的沟通协调，确保项目顺利推进。 5. 对施工现场的安全生产、文明施工负总责，落实安全防护措施。 6. 组织工程各阶段的验收工作，负责竣工资料的整理与归档。 工作地点 包头固阳县春坤山 以担保或任何理由索要财物，扣押证照，均涉嫌违法。一经发现， 立即举报,"电力项目,储能项目,机电专业二级建造师带B证",http://www.zhaopin.com/jobdetail/CCL1490693800J40879643505.htm?refcode=4019&srccode=401901&preactionid=bd04a117-f523-4103-b3dc-fa4fc1a73b13
项目经理,民航机场规划设计研究总院有限公司华北分公司,8000-10000元,北京·顺义,广州,本科,1-3年,7月1日,zhilian,职位描述 民航设计 工程施工 1、具有大学本科及以上学历，空管、电子与信息工程、通信工程、控制工程、计算机、建筑智能化、弱电、土木工程、工程管理等相关专业优先; 2、持有民航机场工程专业一级注册建造师证书者和具有中级及以上职称者优先录取。 3、具备2年及以上机场弱电或空管类施工技术管理经验，参与过民航弱电工程或民航空管工程者优先录取。 4、熟练掌握CAD制图、Office办公软件及项目管理相关软件，具备较强的施工现场组织、技术方案编制、成本控制能力；熟悉民航机场工程建设的相关法律法规、技术规范和施工标准，了解机场运营流程和安全要求； 5、能够独立承担民航空管弱电类施工技术指导和现场管理工作;具备良好的问题解决能力，能够独立处理施工过程中的技术难题和突发情况。 6、具备出色的团队协作精神和沟通能力，能够有效协调各方资源，推动项目顺利开展。工作严谨细致，责任心强，具有高度的安全意识和质量意识，能够承受较大的工作压力，可接受长期出差。具有学习意识，能够及时掌握民航工程领域的新技术、新材料、新工艺，不断提升专业水平。 工作地点 北京顺义区中国民航机场建设集团有限公司 以担保或任何理由索要财物，扣押证照，均涉嫌违法。一经发现， 立即举报,民航设计,http://www.zhaopin.com/jobdetail/CC888353680J40841373401.htm?refcode=4019&srccode=401901&preactionid=bd04a117-f523-4103-b3dc-fa4fc1a73b13
项目经理,海目星激光科技集团股份有限公司,9000-18000元,沈阳·浑南·白塔,广州,大专,5-10年,7月18日,zhilian,岗位职责 1、项目整体统筹管控：全面负责智能仓储物流自动化项目整体运营与全生命周期管理，统筹项目立项、实施、落地、交付全流程，全权把控项目进度、预算成本、施工质量、现场安全四大核心维度，制定项目执行计划，统筹调配项目资源，确保项目保质、保量、按期、低成本完成交付，对项目整体结果负责。 2、全域资源统筹协调：统筹公司内部商务、技术、施工、供应链等各部门资源协同，主导对接客户、总包、分包及现场各方合作主体，负责项目商务沟通、需求对接、关系维护，高效解决项目推进中的跨部门、跨单位协作问题，保障项目高效推进。 3、项目风险管控与问题闭环：全程跟进项目现场施工、设备安装、系统调试进度，主动识别、分析项目进度、成本、质量、安全潜在风险，精准定位项目难点及问题，合理拆分工作任务、分配对接责任人，全程跟踪督办、闭环落地，有效规避项目逾期、超预算、质量安全等各类风险。 4、项目验收与交付结项：主导项目阶段性验收、整体竣工验收、客户交付及项目收尾复盘工作，统筹整理全套验收资料、项目归档文件，对接客户完成验收签字、回款配合等工作，保障项目顺利结项、圆满交付。 5、项目前期商务与技术支撑：深度配合商务团队开展项目投标、方案对接、标书编制、商务谈判辅助等工作；配合技术团队完成项目现场勘探、需求调研、方案优化、落地可行性评估等前期筹备工作，为项目落地奠定基础。 6、现场驻场全盘管理：根据全国项目布局需求，长期驻场负责项目现场全盘管理，统筹设备进场、安装施工、联调测试、现场人员管理等全流程工作，把控现场施工节奏与交付标准。 任职要求 1、学历专业：大专及以上学历（本科优先），机械设计制造、自动化、工程管理、物流工程等相关专业优先。 2、工作经验：具备5年以上项目管理实战经验，有智能仓储、物流自动化装备行业项目管理经验者优先。 3、专业能力：精通项目进度管控、成本预算、资源调配、质量管理、风险管控等全套项目管理体系；熟悉智能工程施工现场管理，掌握机械设备安装、现场安全规范、基础土建、消防配套等相关工程专业知识，具备独立操盘完整工程项目的能力。 4、行业认知：熟悉智能仓储物流相关设备及系统，了解AS/RS立库、AGV、穿梭车、四向车、RGV、堆垛机、货架、输送线、物流生产线等硬件设备，熟悉WMS、WCS仓储物流软件系统者优先。 5、技能要求：熟练使用Office等全套办公软件，可高效完成项目报表、进度方案、汇报资料等文书工作。 6、综合素质：具备极强的全局统筹、团队协作、商务沟通、问题解决及抗压能力，责任心强、执行力突出，能适应全国项目驻场，接受长期出差（年均出差200天以上）；英语口语良好，可进行简单对外商务沟通者优先。 行业业务简介 公司专注于智能仓储物流自动化整体解决方案，核心业务涵盖智能仓储硬件设备与配套软件系统，硬件主要包含AS/RS立体仓库、AGV小车、穿梭车、四向车、RGV、堆垛机、货架、输送线、物流线等；软件配套WMS仓储管理系统、WCS仓储控制系统，为各行业客户提供一体化智能仓储物流落地项目。 工作地点 浑南区沈阳国际软件园B区 以担保或任何理由索要财物，扣押证照，均涉嫌违法。一经发现， 立即举报,PMP,http://www.zhaopin.com/jobdetail/CC298574210J40834185514.htm?refcode=4019&srccode=401901&preactionid=bd04a117-f523-4103-b3dc-fa4fc1a73b13
项目经理,山东裕华信息工程有限公司,6000-12000元,济南·历下·燕山,广州,大专,3-5年,6月23日,zhilian,职位描述 弱电施工 安防系统 监控系统 门禁系统 报警系统 弱电招投标 通信系统 综合布线系统 软件/IT服务 岗位内容： 1. 设计、实现、维护和调试建筑物内弱电系统，包括但不限于通讯网络、监控系统、安防系统等； 2. 负责项目的技术方案设计、施工图纸制作以及技术难题解决； 3. 解析客户需求，为客户提供解决方案并完成方案的可行性分析与评估； 4. 熟悉各类弱电产品结构原理、性能参数，具备弱电产品选型和采购相关知识； 任职要求： 1. 本科及以上学历，电子/通信/自动化等相关专业毕业； 2. 3年以上弱电工程相关工作经验，有较强的技术解决问题能力； 3. 熟悉建筑物内弱电系统的设计、施工等方面，并对常见的弱电故障排除具备丰富的实际操作经验； 4. 具备良好的沟通协调能力、团队协作意识和逻辑思维能力。 5.熟练掌握CAD，广联达等软件，独立完成标书制作。 工作地点 济南历下区华强国际中心A栋 以担保或任何理由索要财物，扣押证照，均涉嫌违法。一经发现， 立即举报,"弱电施工,安防系统,监控系统,门禁系统,报警系统,弱电招投标,通信系统,综合布线系统",http://www.zhaopin.com/jobdetail/CC409802880J40264357110.htm?refcode=4019&srccode=401901&preactionid=bd04a117-f523-4103-b3dc-fa4fc1a73b13
项目经理,吉林省卓星科技有限公司,3000-5000元,长春,广州,大专,1-3年,8月1日,zhilian,职位描述 人工智能 【高薪招聘 AI数据项目经理】 业务渠道拓宽，团队扩招！ 负责2D/3D点云、语音、文本、视频、大模型全品类标注项目统筹 搭建培训、质检体系，提升团队产能，保障项目交付，对接甲方需求 👉要求：具备标注行业团队管理经验，面试可举例过往项目成果 🌟加分：医疗标注、小语种、具身智能项目经验 实力决定薪资，优秀者可提供无责底薪，薪资面议 工作地点 吉林省长春市朝阳区双德乡学苑街1912 以担保或任何理由索要财物，扣押证照，均涉嫌违法。一经发现， 立即举报,人工智能,http://www.zhaopin.com/jobdetail/CCL1525130580J40878769110.htm?refcode=4019&srccode=401901&preactionid=6bfa4e20-d4da-40d8-a001-d09cc7aa9517
项目经理,广西富川正辉机械有限公司,5000-7000元,贺州·富川瑶族自治县·莲山镇,广州,学历不限,经验不限,8月1日,zhilian,职位描述 土建工程 工业建筑 二级建造师 工程施工 技术管理能力‌：掌握国家及地方土建领域相关的法律法规、验收标准、施工规范，能独立审核土建图纸、编制施工组织设计与施工方案，独立解决施工中出现的质量、安全技术问题。 ‌工具使用能力‌：熟练掌握CAD制图软件，以及Office等日常办公软件，部分要求造价能力的岗位还需要熟练使用预算清单软件。 ‌全流程管控能力‌：能够对项目的‌质量、安全、进度、成本‌进行全流程统筹管理，合理调配劳动力、材料、机械等资源，能完成工程量审核、签证办理以及项目收尾验收、结算等工作。 ‌沟通协调能力‌：能对接甲方、监理、设计单位以及政府主管部门，协调施工各方、各专业之间的关系，妥善处理现场各类问题。 工作地点 贺州华润雪花啤酒(富川瑶族自治县莲山镇大深坝村店) 以担保或任何理由索要财物，扣押证照，均涉嫌违法。一经发现， 立即举报,"土建工程,工业建筑,二级建造师",http://www.zhaopin.com/jobdetail/CCL1430639970J40949256515.htm?refcode=4019&srccode=401901&preactionid=6bfa4e20-d4da-40d8-a001-d09cc7aa9517
项目经理,江苏壹佰精工机械有限公司,4000-8000元,盐城·大丰区·西团镇,广州,学历不限,经验不限,8月1日,zhilian,职位描述 电气机械/电力设备 金属制品/机加工 通用设备制造 1、项目全流程统筹：负责客户订单对接、技术方案确认、生产排期跟进、交期管控、验收交付，独立统筹单个及批量工程项目落地。 2、技术与生产协同：对接喷涂、表面涂层、机加工等车间，跟进工艺执行、品质管控、异常问题协调处理，保障产品外观、精度、洁净度符合客户标准。 3、客户对接与售后：负责客户需求沟通、报价对接、进度汇报、现场验收、异议处理、客情维护，提升客户复购及满意度。 4、进度与成本管控：跟踪物料采购、设备到货、生产进度、外协进度，严控项目交期、成本、损耗，杜绝延期、返工、报废问题。 5、资料与台账管理：建立项目台账、订单资料、验收资料、客户资料归档，做好项目复盘、问题汇总、经验沉淀。 6、跨部门协调：联动销售、生产、品质、采购、仓库，解决生产异常、来料异常、品质投诉、交付争议问题，保障项目闭环落地。 7、品质合规管控：严格执行公司涂层清洁度、工艺标准、5S管理要求，监督现场防护、转运、存放规范，减少质量事故。 任职要求 1、机械制造、表面处理、喷涂涂层、五金加工行业1年以上项目管理经验优先，熟悉工厂生产流程。 2、具备独立对接客户、独立控单、独立跟进交付的能力，沟通协调能力强，抗压能力高。 3、看得懂简单工艺图纸，了解喷涂、氧化、涂层、机加工基本工艺优先。 4、做事细致、有责任心，具备极强的结果导向，能跟踪到底、闭环所有问题。 5、熟练使用办公软件，会做台账、进度表、对账资料、项目资料归档。 6、无不良从业记录，服从公司管理，稳定性强。 岗位优势 1、业务稳定、订单充足，长期发展空间大； 2、项目权责清晰，独立负责项目，成长快、晋升通道明确； 3、团队氛围简单，管理规范，制度成熟； 4、薪资结构透明，多劳多得，项目绩效激励到位。 薪资待遇 - 月薪：4000–12000元（根据能力可面议高薪） ​ - 底薪 + 项目绩效 + 交付奖金 + 年终奖金 ​ - 正常白班、社保、节日福利、定期团建、带薪年假、食宿补贴 工作地点 江苏盐城大丰 招聘对象 有工厂项目经验、想长期稳定发展、能扛事、能落地、执行力强的实干型人才 工作地点 盐城市-大丰区-西团镇北环路08号 以担保或任何理由索要财物，扣押证照，均涉嫌违法。一经发现， 立即举报,"电气机械/电力设备,金属制品/机加工,通用设备制造",http://www.zhaopin.com/jobdetail/CC391981280J40899951313.htm?refcode=4019&srccode=401901&preactionid=6bfa4e20-d4da-40d8-a001-d09cc7aa9517
项目经理,上海瑞禾通讯技术有限公司,8000-12000元,福州·马尾·马尾,广州,本科,经验不限,8月1日,zhilian,职位描述 AI项目 市场 学校/学历教育 人工智能 1、独立负责项目POC、实施、验收、回款全流程，统筹范围、进度、成本，平衡标准化产品与院校定制需求。 2、具备高校 / 教育信息化项目管理经验，熟悉高校采购流程、校方沟通体系，有大模型 AI 私有化项目经历优先。 工作地点 福州马尾区中国移动-马尾实训基地 以担保或任何理由索要财物，扣押证照，均涉嫌违法。一经发现， 立即举报,AI项目,http://www.zhaopin.com/jobdetail/CC120016330J40835214316.htm?refcode=4019&srccode=401901&preactionid=6bfa4e20-d4da-40d8-a001-d09cc7aa9517
项目经理,山东聚胜建设有限公司,6000-10000元,德州·乐陵市·市中街道,广州,大专,3-5年,8月1日,zhilian,职位描述 市政工程 一级建造师 二级建造师 土建工程 工程施工 二级建造师以上执业资格、工程相关专科学历、有市政项目管理经验 要求有驾照，接受不同地区项目需要 熟悉国家和地区现行各项规范和法规，负责贯彻执行公司项目管理制度，对工程项目负全面管理责任； 负责现场对外沟通协调，熟练处理与各方的工作关系； 负责现场对内质量、成本、进度及安全的控制，承担主要常规管控工作； 结合班组负责人，承担对班组的日常管理、调度工作； 工程进度款的申报和催收 工作地点 德州乐陵市山东聚胜建设有限公司 以担保或任何理由索要财物，扣押证照，均涉嫌违法。一经发现， 立即举报,"市政工程,一级建造师,二级建造师,土建工程",http://www.zhaopin.com/jobdetail/CCL1312339810J40483967103.htm?refcode=4019&srccode=401901&preactionid=6bfa4e20-d4da-40d8-a001-d09cc7aa9517
项目经理,郑州建邦企业咨询服务有限公司,9000-15000元,郑州·中原·石佛,广州,本科,1-3年,7月30日,zhilian,职位描述 企业管理咨询 咨询项目全生命周期管理 跨资源协调推进 项目风险管控 工作职责 1. 负责咨询项目的全生命周期管理，包括需求调研、方案制定、进度把控及交付验收，确保项目按质按量按时完成。 2. 协调内外部资源（团队成员、客户方、合作方），解决项目执行中的关键问题，推动项目顺利落地。 3. 建立并维护与客户的良好沟通机制，及时响应需求变更，保障客户满意度。 4. 负责项目风险识别与管控，制定应急预案，降低项目执行风险。 5. 输出项目过程文档与复盘报告，提炼项目经验，优化项目管理流程。 任职要求 1. 本科及以上学历，项目管理、企业管理、咨询相关专业优先。 2. 具备2年以上咨询或项目管理经验，熟悉项目管理方法论（如PMP、敏捷管理）。 3. 拥有优秀的沟通协调能力与问题解决能力，能快速响应客户需求并推动落地。 4. 具备较强的逻辑思维与文档撰写能力，能独立完成项目方案与报告输出。 5. 抗压能力强，能适应多项目并行的工作节奏。 工作地点 河南省郑州市中原区冬青街26号9号楼2楼203 以担保或任何理由索要财物，扣押证照，均涉嫌违法。一经发现， 立即举报,"企业管理咨询,咨询项目全生命周期管理,跨资源协调推进,项目风险管控",http://www.zhaopin.com/jobdetail/CC691175720J40868130407.htm?refcode=4019&srccode=401901&preactionid=6bfa4e20-d4da-40d8-a001-d09cc7aa9517
项目经理,雨润集团,8000-11000元,铜陵·铜官区,广州,大专,1-3年,7月31日,zhilian,职位描述 小区 工作内容： （1）协助项目负责人根据项目各项经营管理要求，全面负责物业项目各项经营管理工作，以及服务品质提升和品牌宣传工作，完成各项管理指标； （2）制定物业项目年度和月度工作计划并组织实施落实，同时接受区域和城市平台相关业务部门的指导和监督； （3）全面处理物业项目公司各下属部门的各类重大事情及突发事件，并对处理进展及结果进行整理、分析、请示与 （4）做好物业项目公司员工团队建设，不断提高各部门服务品质水平； （5）与政府各主管部门及公司相关业务部门建立并保持良好关系，确保各项工作顺利开展。 工作要求： 任职资格 （1）熟悉国家物业相关法律法规，具备较强的团队协作能力、沟通能力和决策能力；有高度责任感，积极上进，正直诚实，富有激情，能在团队中树立较高的威信； （2）有3年以上物业管理经验，具有2年以上一级资质物业公司项目经理经验；本科以上学历，物业管理、工程等相关专业； （4）熟悉办公软件系统，擅于物业项目的运营管理及服务创新； 工作地点 铜陵铜官区雨润星雨华府长江西路102附近 以担保或任何理由索要财物，扣押证照，均涉嫌违法。一经发现， 立即举报,小区,http://www.zhaopin.com/jobdetail/CC425437110J40747737113.htm?refcode=4019&srccode=401901&preactionid=6bfa4e20-d4da-40d8-a001-d09cc7aa9517
项目经理,枣庄市瑞隆机械制造有限公司,4000-8000元,枣庄·台儿庄区·马兰屯镇,广州,大专,1-3年,,zhilian,"职位描述 矿产/冶金 电气机械/电力设备 大专以上学历，会CAD,具有矿山项目经验者优先，有砂石生产线，矿山设备，破碎设备项目经验，较强的沟通能力，能长期出差， 工作地点 枣庄市-台儿庄区-广进路运鸿驾校加油站斜对面 以担保或任何理由索要财物，扣押证照，均涉嫌违法。一经发现， 立即举报","矿产/冶金,电气机械/电力设备",http://www.zhaopin.com/jobdetail/CC577713920J40868191901.htm?refcode=4019&srccode=401901&preactionid=6bfa4e20-d4da-40d8-a001-d09cc7aa9517
项目经理,浪潮集团,8000-13000元,舟山·定海区·千岛街道,广州,大专,3-5年,8月1日,zhilian,岗位职责： 1.配合市场人员进行需求调研、方案编写。 2.跟进项目采购、合同等商务手续推拿办理； 3.项目全过程的进度、质量管控，文档编制审核； 4.内外部沟通协调，确保项目落地 外包岗位，在客户现场办公； 工作地点 舟山定海区中浪国际-c座1 以担保或任何理由索要财物，扣押证照，均涉嫌违法。一经发现， 立即举报,PMP,http://www.zhaopin.com/jobdetail/CC120143600J40958310215.htm?refcode=4019&srccode=401901&preactionid=6bfa4e20-d4da-40d8-a001-d09cc7aa9517
项目经理,河北博士林科技开发有限公司,8000-12000元,石家庄·长安·中山东路,广州,本科,5-10年,5月7日,zhilian,"岗位职责： 1、需求沟通、系统巡检、日常技术支撑（系统升级、问题排查解决、技术咨询、客用户培训赋能等)、能够独立处理平台软件安装、配置、运行过程中的问题； 2、负责解决方案的业务流程、信息数据结构的建模； 3、对相关系统架构方案、设计、代码进行评审，控制产品系统架构质量； 4、参与项目实施过程中的需求调研与分析。 5、完成部门领导交办的其他工作任务。 任职要求： 1、本科及以上学历，计算机相关专业； 2、5年以上研发经验； 3、精通java开发语言，熟练使用SpringBoot, SpringMVC，Spring, Mybatis等框架； 4、熟悉主流相关开发组件及框架技术，包括但不限于Mysql、Redis、No-SQL、消息队列、RPC框架等； 5、了解web前端技术，包括bootstrap、jquery等； 6、熟悉Maven，Jenkins，Git等工具； 7、对技术有强烈的兴趣，喜欢钻研，具有良好的学习能力，沟通技能，团队合作能力。 注：该岗位需要驻场开发~ 工作地点 石家庄长安区勒泰中心写字楼-B座12楼 以担保或任何理由索要财物，扣押证照，均涉嫌违法。一经发现， 立即举报",Java Spring MyBatis MySQL Redis SQL jQuery Maven Jenkins Git 技术咨询 培训,http://www.zhaopin.com/jobdetail/CC141575800J40687203307.htm?refcode=4019&srccode=401901&preactionid=6bfa4e20-d4da-40d8-a001-d09cc7aa9517
项目经理,南部县华纳装饰工程有限公司,6000-12000元,南充·南部县·南隆街道,广州,本科,5-10年,8月1日,zhilian,职位描述 精装项目 家装项目 公装项目 装饰装修 我们正在寻找一位经验丰富的项目经理，负责管理与协调公司的重要项目。 工作内容： 1.领导项目团队，确保项目按时、按质、按预算完成； 2.与客户和供应商进行有效沟通，确保项目需求得到满足； 3.制定项目管理计划，监控项目进度，及时解决问题； 4.组织项目会议，进行项目汇报，确保信息的及时传递。 岗位要求： 1.本科及以上学历，5年以上项目管理经验； 2.熟悉项目管理工具和方法论； 3.良好的沟通协调能力，能处理复杂问题； 4.责任心强，具备团队合作精神； 5.有PMP证书者优先。 6.能接受异地办公。会cad优先 工作地点 南充市-南部县-五金建材城B区圆弧2层 以担保或任何理由索要财物，扣押证照，均涉嫌违法。一经发现， 立即举报,"精装项目,家装项目,公装项目",http://www.zhaopin.com/jobdetail/CCL1460252360J40925562512.htm?refcode=4019&srccode=401901&preactionid=6bfa4e20-d4da-40d8-a001-d09cc7aa9517
项目经理,江苏中安联科信息技术有限公司,6000-10000元,常州·武进·湖塘,广州,大专,经验不限,4月27日,zhilian,岗位职责： 1、负责与客户保持密切沟通，保障良好的客户满意度； 2、与研发、商务、销售、调试人员紧密协作，及时反馈在设备调试、交付过程中出现的问题； 3、对客户进行产品使用培训，配合项目验收； 岗位要求： 1、具备良好的问题分析和解决能力 2、具备一定的归纳总计和文档表达能力 3、熟悉项目管理流程和拥有项目管理经验者优先。 4、会开车优先 工作地点 武进区常州科教城创研港2号楼2A 2302综合办公室 以担保或任何理由索要财物，扣押证照，均涉嫌违法。一经发现， 立即举报,培训 项目管理,http://www.zhaopin.com/jobdetail/CC399000030J40312095608.htm?refcode=4019&srccode=401901&preactionid=6bfa4e20-d4da-40d8-a001-d09cc7aa9517
项目经理,南京易基诺环保科技有限公司,8000-12000元,安康·汉滨区·老城街道,广州,硕士,经验不限,7月31日,zhilian,岗位职责： 1、实验操作：独立完成DNA提取、纯化、浓度测定及定量PCR等相关分子实验操作，规范填写全流程实验记录表，确保数据准确性。 2、数据与文档管理：整理实验数据，生成分析图表及报告，定期提交周报/月报，汇报工作进度与问题。 3、论文撰写：根据项目需求整理实验结果，撰写学术论文并投稿至核心期刊。 4、驻点协作：抗压能力强，适应长期驻点工作模式，保持与客户及团队的高效沟通，及时了解项目需求，协调各方资源，解决项目中出现的问题，共同完成项目目标。 5、熟悉分子生物学实验（DNA提取、PCR等），有独立操作经验者优先；至少发表过1篇核心期刊。 技能要求： 1、熟练掌握分子生物学实验技术，包括DNA提取、PCR扩增、定量PCR等常规实验操作 2、具备良好的文献检索与综述能力，可独立开展实验数据分析、图表制作与结果解读 3、能够系统整理实验数据，撰写研究报告与学术论文，并具备投稿至相关期刊的经验。 我们的福利： 缴纳五险一金、年终奖、周末双休、定期团建下午茶 、带薪年假、生日假、法定节假日、婚育福利、节日福利等。 南京易基诺环保科技有限公司期待你的加入 工作地点 安康汉滨区解放路 以担保或任何理由索要财物，扣押证照，均涉嫌违法。一经发现， 立即举报,"生物多样性,检测,监测,论文,DNA提取,分子生物学",http://www.zhaopin.com/jobdetail/CC847809210J40868304201.htm?refcode=4019&srccode=401901&preactionid=39bceb81-e5bb-4c8d-91fb-ff65a6efc694
项目经理,淮北探索未来数字科技有限公司,1-2万,淮北·相山区·南黎街道,广州,本科,1-3年,7月31日,zhilian,职位描述 社区项目全流程管理 跨部门资源协调 社区运营数据分析 信息系统项目管理师 互联网生活服务(O2O) 互联网电商 云计算 工作职责 1. 主导OPC社区项目的全流程管理，从项目立项、需求调研到方案落地、效果评估，确保项目按计划达成社区活跃度与用户增长目标。 2. 深度对接社区用户需求，协调产品、技术、运营等跨部门资源，建立高效协作机制，推动社区功能迭代与内容生态建设。 3. 负责项目风险识别与管控，针对社区运营中的突发问题制定应急预案，保障项目在用户互动、内容产出等场景下的稳定性。 4. 输出项目进度报告与社区运营数据分析，基于用户行为数据优化项目策略，提升社区用户粘性与项目交付价值。 任职要求 1. 本科及以上学历，项目管理、市场营销或互联网相关专业优先。 2. 具备2年以上社区类或互联网项目管理经验，熟悉用户运营、社区生态搭建等业务流程。 3. 掌握项目管理方法论（如敏捷、瀑布），能独立制定社区项目计划、分解任务并推动执行。 4. 具备优秀的用户洞察能力与跨部门沟通协调能力，能应对社区运营中的复杂场景与多任务并行压力。 工作地点 淮北相山区金海湾国际广场 以担保或任何理由索要财物，扣押证照，均涉嫌违法。一经发现， 立即举报,"社区项目全流程管理,跨部门资源协调,社区运营数据分析,信息系统项目管理师",http://www.zhaopin.com/jobdetail/CCL1526907390J40866377611.htm?refcode=4019&srccode=401901&preactionid=39bceb81-e5bb-4c8d-91fb-ff65a6efc694
项目经理,河北金利康科技集团有限公司,6000-12000元,衡水·冀州区·冀州镇,广州,本科,经验不限,7月28日,zhilian,职位描述 医疗设备/器械/耗材 项目负责人，工程负责人 工作地点 衡水冀州区金利康科技集团 以担保或任何理由索要财物，扣押证照，均涉嫌违法。一经发现， 立即举报,医疗设备/器械/耗材,http://www.zhaopin.com/jobdetail/CC683457420J40840076401.htm?refcode=4019&srccode=401901&preactionid=39bceb81-e5bb-4c8d-91fb-ff65a6efc694
项目经理,衡水书宇铁艺工程有限公司,8000-10000元,衡水·桃城区·大麻森乡,广州,本科,1-3年,,zhilian,职位描述 钢结构项目 园林景观项目 公路项目 金属制品/机加工 建筑/土木/市政设计 工程施工 岗位内容： 1. 负责现场施工方案及进度的制定和执行 2. 按照设计图纸布置工程，安排材料、设备、人员等相关事宜 3. 监督工程进展情况，质量控制，及时解决施工中的问题 4. 进行工程量清单计算、成本核算及费用分析 任职要求： 1. 具有三年以上施工管理经验，扎实的实际操作能力 2. 熟练使用CAD、Office等办公软件，及相关工程软件 3. 具有较强的团队管理、沟通协调能力，具备一定的风险应对能力 4. 工程技术或相关专业本科及以上学历 工作地点 河北省衡水市桃城区东环北路与园区路交叉口路西(黄色二层楼)正南方向90米书宇铁艺铝艺不锈钢 以担保或任何理由索要财物，扣押证照，均涉嫌违法。一经发现， 立即举报,"钢结构项目,园林景观项目,公路项目",http://www.zhaopin.com/jobdetail/CC820598430J40650601706.htm?refcode=4019&srccode=401901&preactionid=39bceb81-e5bb-4c8d-91fb-ff65a6efc694
项目经理,浙江中兴慧农信息科技有限公司,8000-15000元,宁波·鄞州·首南,广州,大专,3-5年,7月31日,zhilian,岗位职责 1. 负责公司互联网软硬件一体化项目的整体落地实施与统筹管理，涵盖智能硬件设备部署、软件系统安装调试、平台上线、运维交付等全流程工作，保障项目按时、按质、按量完成交付。 2. 独立对接客户、研发、技术实施、售后等多方团队，负责项目需求对接、方案沟通、进度管控、风险预判，及时协调解决项目实施过程中的技术、人员、协作等各类问题，把控项目整体质量与成本。 3. 制定项目实施计划、进度节点、落地方案及验收标准，跟进项目全生命周期，完成项目立项、实施、测试、上线、验收、归档等全套流程工作，输出项目周报、月报、验收报告等相关文档。 4. 负责现场实施团队的人员调配、工作安排与技术督导，统筹软硬件施工、部署、调试工作，规范现场实施流程，把控施工安全与实施质量。 5. 精准识别项目实施过程中的风险点，提前制定应急预案，及时处理客户投诉、需求变更、技术故障等问题，维护客户关系，提升客户满意度。 6. 负责项目回款推进、对账结算、资料归档，梳理项目实施流程，沉淀项目落地经验，优化实施标准与项目管理制度。 7. 配合公司售前团队完成项目招投标、技术方案讲解、现场勘测、需求调研等支撑工作。 任职要求 1. 学历与经验 大专及以上学历，计算机、软件工程、电子信息、自动化、网络工程等相关专业优先；3年及以上互联网软硬件项目实施、项目管理相关工作经验，有智慧园区、物联网、政企信息化、智能设备集成项目经验者优先。 2. 专业能力 （1）熟悉软硬件一体化项目实施流程，掌握服务器、网络设备、智能终端等硬件设备的部署、调试、运维基础，精通软件系统安装、配置、上线、数据对接等实施工作； （2）具备扎实的项目管理能力，能够独立统筹中小型软硬件集成项目落地，熟练制定项目计划、管控项目进度、把控项目质量、控制项目成本； （3）具备基础的网络知识（TCP/IP、局域网部署、端口配置等），了解常见操作系统、数据库基础运维知识，可独立排查现场基础软硬件故障； （4）熟练使用Office、项目管理工具，能够独立编写实施方案、进度报告、验收文档、项目总结等全套资料。 3. 综合素养 （1）具备优秀的沟通协调、跨部门协作及客户对接能力，逻辑清晰、执行力强，可高效统筹多方资源推进项目落地； （2）具备较强的问题解决能力、风险预判能力和抗压能力，能适应项目出差、驻场工作，可接受阶段性高强度工作； （3）工作严谨负责、责任心强，具备良好的团队管理意识、服务意识和职业素养，严格遵守项目管理制度； （4）持有PMP、软考（系统集成项目管理工程师/信息系统项目管理师）证书者优先录用。 工作地点 宁波鄞州区浙江中兴慧农信息科技有限公司 以担保或任何理由索要财物，扣押证照，均涉嫌违法。一经发现， 立即举报,物联网,http://www.zhaopin.com/jobdetail/CC493976480J40953353808.htm?refcode=4019&srccode=401901&preactionid=39bceb81-e5bb-4c8d-91fb-ff65a6efc694
项目经理,沈阳蜀烽工程设备有限公司,5000-10000元,铁岭·铁岭县·凡河镇,广州,大专,3-5年,8月1日,zhilian,职位描述 通用设备制造 专用设备制造 金属制品/机加工 能适应长期出差，机械设计制造及其相关专业，大专及以上学历，3年及以上机械设计相关工作经验，能独立完成设计任务。熟练使用CAD/SolidWorks等设计软件，懂机械加工工艺，公差配合。具备良好的问题解决能力、沟通协调能力，做事严谨有责任心。负责客户现场维护，根据客户需求绘制图纸，出具方案 工作地点 铁岭县铁岭凡河水利风景区 以担保或任何理由索要财物，扣押证照，均涉嫌违法。一经发现， 立即举报,"通用设备制造,专用设备制造,金属制品/机加工",http://www.zhaopin.com/jobdetail/CCL1506790310J40765655406.htm?refcode=4019&srccode=401901&preactionid=39bceb81-e5bb-4c8d-91fb-ff65a6efc694
项目经理,上海同焱检测技术有限公司,8000-10000元,上海·杨浦·四平路,广州,大专,3-5年,6月2日,zhilian,岗位职责： 1.全面负责加固项目质量、安全、工期、成本、文明施工，对项目履约负总责。 2.组织现场勘查、图纸会审、方案编制、技术交底，解决施工技术问题。 3.统筹人员、材料、机械，监督关键工序施工质量与安全。 4.协调内外部关系，处理变更、签证、索赔及突发纠纷。 5.负责竣工验收、资料移交、回款结算，维护客户关系 任职要求： 1.学历：大专及以上，建筑工程、土木工程、市政、路桥等相关专业优先。 2.经验：5 年及以上建筑结构加固 / 改造项目管理经验，其中3 年以上项目经理岗位经历 3.精通碳纤维加固、粘钢 / 外包钢、植筋、裂缝修补、增大截面、灌浆等主流加固工艺；熟悉老旧建筑、在用建筑、历史建筑加固难点与风险点 4.熟悉《混凝土结构加固设计规范》《建筑结构加固工程施工质量验收规范》等现行规范与标准 5.能独立识图、审图、图纸会审，编制 / 审核施工组织设计、专项加固方案、进度计划、材料计划。 6.掌握加固材料（碳纤维布、粘钢胶、植筋胶等）性能与验收标准，能解决结构节点加固、老旧构件处理等技术难题 证书：持有施工员证、安全员证、二建等建筑相关证书优先录用。 能力：吃苦耐劳，能常驻工地，服从安排，沟通协调能力强。 其他：身体健康，责任心强，做事踏实 工作地点 上海杨浦区远洋广场 以担保或任何理由索要财物，扣押证照，均涉嫌违法。一经发现， 立即举报,"房建工程,土建工程,施工员证,一级建筑师,二级建筑师",http://www.zhaopin.com/jobdetail/CCL1323518420J40866649414.htm?refcode=4019&srccode=401901&preactionid=39bceb81-e5bb-4c8d-91fb-ff65a6efc694
项目经理,江苏铭盛医疗科技有限公司,4000-8000元,扬州·广陵区·头桥镇,广州,本科,经验不限,7月30日,zhilian,岗位职责（核心工作） 1. 产品生命周期管理（上市前主导） 负责新产品从研发定型转产至量产上市的全过程项目管理，制定并监控项目总体计划（时间、成本、质量）。 协调研发、工艺、生产、质量、注册等多部门资源，确保项目各节点（EVT/DVT/PVT）按时达成。 2. 生产转化与工艺落地（重中之重） 主导设计转移（Design Transfer）过程，确保研发输出的BOM、图纸、SOP能有效转化为生产端的作业指导书。 负责新设备导入、工装夹具验证及生产线体搭建/改造的项目推进。 3. 风险管理与质量控制 严格遵循 ISO 13485 及 医疗器械生产质量管理规范（GMP） 要求，在项目进程中管控设计变更（ECN）及不合格品处理。 主导项目阶段的PFMEA（过程失效模式分析）及上市前的风险管理报告更新。 4. 供应链与成本控制 协同采购部进行新物料导入（NPI）的供应商开发与样品认证，控制核心物料的供货风险。 对项目全周期的制造成本负责，推动VAVE（价值分析与价值工程）降本方案。 二、 任职资格（硬性条件） 1. 教育背景 本科及以上学历，机械、电子、生物医学工程、高分子材料或相关工科专业。 2. 工作经验 优先录取有医疗器械、药品或相关制造型企业项目管理经验。 必须拥有 主导完整医疗器械产品（二类/三类）从研发转量产的成功案例。 有洁净厂房筹建、自动化产线改造经验者优先。 3. 专业技能 精通 CAD/Pro-E 等制图软件基础识图，熟悉 ERP/MES 系统运作逻辑。 熟悉 GMP、ISO 13485 法规，持有 PMP（项目管理专业人士） 认证者优先。 4. 核心能力 极强的跨部门沟通能力与冲突解决能力，能扛住注册时间节点压力。 逻辑清晰，具备优秀的数据分析能力（如良率统计、CPK分析）。 三、工作时间 1.上午：8:00-11:30，下午13:30-18:00。 2.上六休一，固定周日休息（节假日除外）。 四、薪资待遇 1.实习期3500/月，转正后4000/月（看工作能力调整薪资）。 2.两个月实习期，转正后缴纳五险，薪资有想法可以面谈。 3.公司办公环境良好，咖啡、茶品一应俱全，节假日福利多多，年终有奖金 工作地点 扬州广陵区江苏省华星医疗器械实业有限公司 以担保或任何理由索要财物，扣押证照，均涉嫌违法。一经发现， 立即举报,英语四六级证书,http://www.zhaopin.com/jobdetail/CCL1240613900J40884467005.htm?refcode=4019&srccode=401901&preactionid=39bceb81-e5bb-4c8d-91fb-ff65a6efc694
项目经理,湖北国弘供应链有限公司,7000-14000元,武汉·洪山·九峰,广州,本科,1-3年,5月27日,zhilian,岗位职责】 1、负责新能源重卡贸易、重卡运输运营、充换电站投建与运营等项目的全周期管理，确保项目按时、按质、按预算交付。 2、对接主机厂、运输公司、电站设备商及地方主管部门，协调资源推动项目落地。 3、监控项目运营数据（如车辆利用率、换电次数、运输成本等），提出优化方案并推动执行。 4、开拓并维护区域内客户、合作伙伴关系，挖掘新项目机会。 5、处理项目现场突发问题，确保业务合规、安全、高效运行。 【任职要求】 行业经验（硬性条件）： 具备以下任一领域实际工作经验： 1、新能源重卡贸易/销售/租赁； 2、新能源重卡运输车队运营/调度管理； 3、新能源充换电站的投资建设、运营维护。 行业背景： 熟悉新能源（纯电/换电）商用车、充电/换电基础设施或绿色物流行业规则。 学历： 本科及以上学历，车辆工程、能源、电气等相关专业优先。 驾驶与出行： 持有有效驾照，熟练驾驶，能适应长期频繁出差及现场作业环境。 综合能力： 学习能力强，能快速掌握新技术、新政策、新模式；具备较强的沟通谈判、抗压及问题解决能力。 【加分项】 有换电站从0到1建设运营经验； 有大客户或政府关系资源； 熟悉新能源重卡金融/保险/二手处置流程； 【我们提供】 具有竞争力的薪酬+项目奖金； 明确的晋升通道； 新能源赛道头部实践机会。 工作地点 武汉洪山区华康洁净大厦 以担保或任何理由索要财物，扣押证照，均涉嫌违法。一经发现， 立即举报,投资与资产管理,http://www.zhaopin.com/jobdetail/CCL1488454360J40752823706.htm?refcode=4019&srccode=401901&preactionid=39bceb81-e5bb-4c8d-91fb-ff65a6efc694
项目经理,江苏安居优家科技工程有限公司,8000-13000元,南京·浦口·江浦,广州,本科,3-5年,7月31日,zhilian,岗位职责： 1. 域内非地产类项目的市场开发，包括但不限于工商业用户燃气配套、老旧小区改造、管道直饮水、厨电、地暖、橱柜等多业态业务的全周期推进； 2. 域外地产类或非地产类配套项目及公建用户（学校、医院、商业综合体等）的拓展，独立完成从前期对接、方案设计、商务谈判到招投标、合同签约及回款落地的全过程； 3. 独立完成招投标全流程管理，包括招标文件解读、投标文件编制、报价策略制定及投标答辩等环节，确保中标率与项目质量； 4. 收集和开发南京及周边城市的优质项目资源，结合区域发展规划与政策导向，制定“一域一策”开发策略。 5. 定期（周/月/季/半年/年度）进行项目复盘总结，系统汇报项目进展、关键卡点、成功经验与不足，提出改进措施并推动执行。 任职要求： 1. 本科及以上学历，市场营销、工程管理、暖通、燃气等相关专业优先； 2. 3年以上项目经理或市场开发经验，具备燃气、市政、暖通、直饮水、厨电等相关配套项目的全周期管理经验者优先； 3. 熟悉招投标法律法规及操作流程，具备独立完成投标文件编制及投标答辩的能力； 4. 具备优秀的市场敏锐度、商务谈判能力和跨区域协调能力，能有效维护多方客户关系。 工作地点 南京浦口区城越路中建安装中燃燃气维抢中心项目 以担保或任何理由索要财物，扣押证照，均涉嫌违法。一经发现， 立即举报,"投资拓展,招投标,工程管理,城市更新改造项目,住宅地产项目,商业地产项目,住宅建筑,办公建筑,商业建筑",http://www.zhaopin.com/jobdetail/CCL1513360530J40832784816.htm?refcode=4019&srccode=401901&preactionid=39bceb81-e5bb-4c8d-91fb-ff65a6efc694
项目经理,东莞市新雷神仿真控制有限公司,7000-12000元,东莞·南城街道,广州,本科,3-5年,3月30日,zhilian,职位描述 项目管理 相关专业中级职称 科普展项 有相关工作经验 机电一体化 科普展厅 展馆 展项 工程施工 一、项目经理/项目总监 任职要求： 1.机械设计、机电一体化或相关专业，本科或以上学历，有相关专业职称者优先考虑。 2.熟练使用CAD及常用办公软件（Word、Excel、PPT、Visio等）。 3.具备较强的成本控制意识，熟悉项目风险预警管理，能够及时发现并分析潜在风险，制定应对策略，确保项目顺利推进。 4.具备优秀的沟通、协调与现场管控能力，能够独立统筹项目，高效指导团队，合理分解任务，并妥善处理客户关系与突发问题。强抗压与问题解决能力，逻辑清晰，优秀的统筹、跨部门沟通与团队协作能力。能组建、培训并有效管理好团队，达成业绩目标。 5.统筹内外部资源，协调客户、供应商，及时处理客情变更与突发问题，保障产品按期交付。具备良好的资源整合与分配能力，能够根据项目实际进展合理调度人力和物力资源，提升项目实施效率与质量。 6.三年以上项目管理经验，熟悉项目相关技术规范，能准确理解技术要求，熟练使用项目管理工具，并能承担项目中的技术执行任务。 工作职内容： 1.负责项目施工现场的全面管理，制定施工方案，编制项目整体计划，并监督各相关部门落实执行。 2.组建、培训并有效管理好团队，达成业绩目标；组织内部项目会议，并负责与甲方进行方案对接、沟通与协调。 3.主导设计方案的制定与交底，并在实施过程中进行跟踪检查与监督。 4.审核设计图纸，配合相关部门与甲方、监理方进行图纸会审和技术交底。 5.统筹协调项目各环节的施工工作，确保工程按计划推进，质量符合标准。 6.汇总项目问题点，及时纠正施工中出现的进度和质量偏差，识别并控制项目风险，保障项目顺利交付。 7.配合施工现场需要，提供必要的技术指导与支持。 8.协调现场安装及运输事宜，协助完成设备的现场安装与调试工作。 9.负责项目过程文件的编制、归档与管理，组织整理相关资料，配合工程结算及竣工资料的汇总整理。 10.完成公司安排的其他相关工作。 工作地点 东莞天安数码城A区A1栋511 以担保或任何理由索要财物，扣押证照，均涉嫌违法。一经发现， 立即举报,"项目管理,相关专业中级职称,科普展项,有相关工作经验",http://www.zhaopin.com/jobdetail/CC140241000J40828433801.htm?refcode=4019&srccode=401901&preactionid=39bceb81-e5bb-4c8d-91fb-ff65a6efc694
项目经理,沣富智能科技服务(广州)有限公司,6000-10000元,广州·荔湾·桥中,广州,本科,3-5年,1月30日,zhilian,岗位职责】 1. 全流程负责SPD项目在医院端的规划、实施、上线与持续运营。 2. 作为客户第一接口，深度对接医院需求，维护关键客户关系。 3. 统筹协调内外部资源，领导现场团队，确保项目目标达成。 4. 监控运营数据，优化流程，实现降本增效与服务质量提升。 【任职要求】 1. 本科及以上学历，5年以上医疗供应链或项目管理经验，至少3年SPD相关经验。 2. 熟悉医院运营与耗材管理流程，有成功主导SPD项目经验者优先。 3. 具备出色的项目管理、沟通协调能力和团队领导力。 4. 结果导向，能承受压力，善于解决复杂问题。 5.能适应出差或长期驻场（外派）的工作安排。 【薪资待遇】面议 工作地点 广州荔湾区西郊商贸中心-北塔西郊商贸中心北塔1911房 以担保或任何理由索要财物，扣押证照，均涉嫌违法。一经发现， 立即举报,医药运营项目,http://www.zhaopin.com/jobdetail/CCL1487918420J40839901914.htm?refcode=4019&srccode=401901&preactionid=39bceb81-e5bb-4c8d-91fb-ff65a6efc694
项目经理,泉州通维科技有限责任公司,6000-10000元,泉州·丰泽区·北峰街道,广州,大专,3-5年,3月9日,zhilian,岗位职责： 1、负责订单交付类项目全生命周期管理工作; 2、跟进项目从研发，生产，测试，发货到部署，调试，验收全周期; 3、负责项目进度，风险管理，资源管理调度成本管理以及范围管理，针对风险能够预警并给出应对计划; 4、协调客户资源，管理公司内部资源，确保项目能够按计划顺利执行; 5、管理项目成本，并对项目范围、进度、成本、交付质量项目经营结果负责； 6、推进项目实施以及交付过程中问题的完善和优化，并能够推动协同内部资源进行优化改进; 7、指导并监督项目团队成员完成任务执行; 8、做好项目过程的沟通及文档管理，定期进行项目总结与复盘。 任职资格： 1、专科学历以上，3年以上AGV行业、自动化集成、软硬件结合类、非标自动化相关的项目实施交付管理经验优先; 2、熟练掌握Office、Project、CAD软件; 3、熟悉数据分析与信息分析，熟练应用部分AI工具； 4、有项目把控能力和交付经验，具备优秀的团队合作精神; 5、条理性和计划性强，良好的沟通与协调能力，能够带领团队优秀的完成工作; 6、具备较强的抗压能力，工作热情积极，能适应一定的出差； 7、有强烈的时间观念和责任感，并能够同时开展并处理多个项目交付的工作; 8、具备PMP证书，有商务谈判能力者优先。 工作地点 丰泽区泉州数字经济产业园 以担保或任何理由索要财物，扣押证照，均涉嫌违法。一经发现， 立即举报,"机器人,专用设备制造,工业自动化/机器人",http://www.zhaopin.com/jobdetail/CCL1282003940J40851452203.htm?refcode=4019&srccode=401901&preactionid=27af741f-8836-41cc-ab72-6d640fb4037d
项目经理,联奕科技股份有限公司,9000-15000元,上海·松江·广富林,广州,大专,3-5年,6月24日,zhilian,岗位职责： 1、负责数字化校园软件项目的管理和协调，指导项目团队开展项目实施工作； 2、负责综合项目策划、需求调研及分析、实施推进等关键角色； 3、负责与用户方保持良好的合作，确保项目进度与质量； 4、负责撰写项目实施方案、工作报告等相关项目文档； 5、负责项目验收及配合销售人员做好项目收款。 任职要求： 1、大专及以上学历，计算机及相关专业； 2、三年以上软件开发或实施工作经验，参与过具体项目管理实施经历； 3、熟悉linux操作系统、Oracle数据库等基本知识，对主机、网络、存储等相关知识有一定理解； 4、整理共性管理方法、流程、制度，能进行优化并有一定创新意识； 5、有高校软件或行业开发或实施经验者优先； 6、有项目经理证书优先考虑。 工作地点：上海市内为主，具体视项目情况而定。 职位福利：五险一金、定期体检、员工旅游、周末双休 工作地点 上海松江区松江大学城 以担保或任何理由索要财物，扣押证照，均涉嫌违法。一经发现， 立即举报,"软件项目,项目管理,Oracle,Linux",http://www.zhaopin.com/jobdetail/CC153729710J40232909401.htm?refcode=4019&srccode=401901&preactionid=27af741f-8836-41cc-ab72-6d640fb4037d
项目经理,河南骏通车辆有限公司,5000-10000元,三门峡·陕州区·西张村镇,广州,本科,3-5年,7月21日,zhilian,"职位描述 软件/IT服务 1.按照项目管理流程对项目进行全生命周期项目管理,包括业务条线上的项目群管理。进行项目立项、排期，进度跟踪、质量管控、风险预警评估、结项等项目过程管理，以及对应项目管理系统的使用。 2.精准把控需求，输出高质量解决方案，跨团队协调资源，识别风险，解决问题，交付结果。 3.参与项目需求优先级分析、ROI指标的论证及项目立项评审等，需要制定合理的整体项目计划、控制项目总体成本并，项目结项后效果跟踪、评估。 4.利用自己的项目管理专业知识为项目团队赋能。 工作地点 三门峡陕州区甘山晟境 以担保或任何理由索要财物，扣押证照，均涉嫌违法。一经发现， 立即举报",项目管理,http://www.zhaopin.com/jobdetail/CC207659110J40863516911.htm?refcode=4019&srccode=401901&preactionid=27af741f-8836-41cc-ab72-6d640fb4037d
项目经理,东方电子股份有限公司,6000-12000元·16薪,烟台·芝罘·世回尧,广州,本科,3-5年,1月12日,zhilian,岗位职责： 1、负责组织光伏储能风电等新能源epc项目的整体把控、协调项目各环节建设，管控项目进度、质量。 2、统筹业主、施工等多方关系，建立高效的沟通机制。 3、负责项目施工相关设备采购计划制定，成本把控，合同履约。 任职要求： 1、具备一建资格证、安全员证书等优先； 2、具备新能源建设等项目项目经验； 3、熟悉epc项目建设管理流程； 4、具有较强沟通、学习、拼搏能力，能适应常年出差。 奖金绩效 职位福利：六险二金、绩效奖金、定期体检、带薪年假、餐补暖补 工作地点 烟台芝罘区东方电子集团有限公司 以担保或任何理由索要财物，扣押证照，均涉嫌违法。一经发现， 立即举报,"电力项目,储能项目",http://www.zhaopin.com/jobdetail/CC279072610J40786051916.htm?refcode=4019&srccode=401901&preactionid=27af741f-8836-41cc-ab72-6d640fb4037d
项目经理,一亿中流(西安)产业投资有限公司,8000-15000元,西安·雁塔·漳浒寨,广州,硕士,1-3年,7月30日,zhilian,岗位职责： 1.完成部门量化研究课题，主要内容包括：衍生品定价、交易结构设计，衍生品策略回测及模拟情景分析等；大类资产配置模型的研究及优化；量化策略的研究和优化等。 2.协助投资经理完成资管产品投资管理过程中的材料准备、策略研究、交易执行等辅助工作。 3.完成各类经济金融数据的整理、分析及相关流程的自动化，并撰写部分研究报告。 4.协助部门完成对市场量化策略和产品的评估，协助进行投资标的和交易对手的尽职调查，并整理和撰写相关报告等。 5.参与固定收益资产信用研究，根据要求独立构建信评模型。 职位要求： 1.国内外重点高校毕业，金融经济类、数理工程类等相关专业硕士及以上学历，复合背景优先。 2.在金融行业从事量化研究相关岗位工作2年（含）以上。有证券、基金、银行等持牌金融机构量化投资研究相关经验者优先。 3.熟悉金融投资领域的基本理论，熟悉期权期货等金融衍生品、固定收益类资产，熟悉大类资产配置、股票量化投资模型。在场外衍生品、国债期货、股指期货等衍生品领域有研究经验者优先，在大类资产配置模型、量化基金策略研究方面有研究经验者优先。 4.熟练使用Office办公软件，Wind等金融数据终端使用。熟练使用Python、Matlab、C++等编程工具中的一种或多种。熟悉SQL等底层数据库操作。 5.熟悉固定收益类资产，对信用债有了解，财务功底扎实，有信用评级经验者优先。 6.有一定文字功底和较强逻辑思考能力，工作认真负责，积极主动，团队意识强。 7.具备证券或基金从业资格，通过CFA、FRM、CPA考试者优先。 工作地点 雁塔区大华股份西安数智产业园7号楼10层1001 以担保或任何理由索要财物，扣押证照，均涉嫌违法。一经发现， 立即举报,"PMP,IPMP,ACP,含销售性质",http://www.zhaopin.com/jobdetail/CCL1510092950J40864552812.htm?refcode=4019&srccode=401901&preactionid=27af741f-8836-41cc-ab72-6d640fb4037d
项目经理,江苏汇诚投资咨询管理有限公司安徽分公司,8000-10000元,合肥·肥西,广州,本科,1-3年,2月25日,zhilian,岗位职责： 1、负责政府投资项目建议书、可行性研究报告、节能评估报告以及初步设计评审工作。 2、负责编制各类项目建议书、可行性研究报告、申请报告、节能评估报告等。 3、了解国家最新资金政策，具备一定的项目谋划、包装能力 4、承担项目经理角色，负责与业主、政府部门等各单位对接工作。 任职资格： （1）经济、工程管理、社会学、财经等专业大学本科及以上学历毕业（有理工、文科复合学历背景最佳）。 （2）学习能力较强、思维活跃，有较好的分析能力。 （3）具有较好的文字逻辑表达能力优先考虑。 （4）具备较强的项目管理能力、组织能力和逻辑分析能力，能够统筹项目经营、实施工作，做到从合同签订、实施到回款全过程管理。 薪酬体系：基本工资+岗位工资+补助+项目提成；普通咨询员年薪：6-12万元（税后），承担项目经理职责者年收入不低于15万，项目提成上不封顶，多劳多得。 职位福利：五险一金、餐补、交通补助、定期体检、通讯补助、员工旅游、周末双休、项目奖金 工作地点 合肥肥西县g3写字楼 以担保或任何理由索要财物，扣押证照，均涉嫌违法。一经发现， 立即举报,"投资与资产管理,咨询服务,技术服务",http://www.zhaopin.com/jobdetail/CC806584870J00362885308.htm?refcode=4019&srccode=401901&preactionid=27af741f-8836-41cc-ab72-6d640fb4037d
项目经理,广州宇炼网络科技有限公司,6000-7000元,广州·番禺·南村,广州,本科,1年以下,7月6日,zhilian,职位描述 软件项目 PMP ACP 全生命周期项目管理 跨部门协作协调 项目风险与进度管控 工作职责 1. 负责软件项目的全生命周期管理，从需求调研、方案设计到开发落地、验收交付，确保项目目标达成。 2. 制定项目计划与里程碑，合理分配资源，监控进度与风险，及时解决项目中的问题与冲突。 3. 协调研发、产品、测试等跨部门团队，推动高效协作，保障项目质量与交付效率。 4. 建立项目文档体系，输出项目报告，定期向 stakeholders 同步进展与成果。 任职要求 1. 本科及以上学历，计算机、项目管理等相关专业优先。 2. 具备1年经验软件/IT项目管理经验，熟悉敏捷或瀑布开发模式，持有PMP/ACP证书者优先。 3. 具备良好的沟通协调能力与问题解决能力，能有效推动跨团队协作。 4. 熟悉软件开发生命周期，对技术实现逻辑有基本理解，能与研发团队高效对接需求。 工作地点 广州番禺区南村万博地铁站-A番禺天河城口a塔十八层 以担保或任何理由索要财物，扣押证照，均涉嫌违法。一经发现， 立即举报,"软件项目,PMP,ACP,全生命周期项目管理,跨部门协作协调,项目风险与进度管控",http://www.zhaopin.com/jobdetail/CCL1518679640J40862310707.htm?refcode=4019&srccode=401901&preactionid=27af741f-8836-41cc-ab72-6d640fb4037d
项目经理,瑞知贸易(上海)有限公司,8000-10000元,上海·静安·天目西路,广州,大专,3-5年,5月20日,zhilian,职位描述 店铺 主管 CAD 3D MAX 装饰装修 金属制品/机加工 家具/家居/办公制造 1、需熟练掌握CAD软件，能精准绘制家具的二维图纸，包括平面图、立面图、剖面图等。同时，熟悉SolidWorks、3D MAX、草图大师等3D软件中的一种或多种，以便进行家具的三维建模，展示家具的立体效果和空间布局。 2、能够独立完成高质量的家具图纸，包括深化设计图纸，准确表达家具的结构、尺寸、材质等细节，并且具备良好的图纸深化能力，能根据实际生产需求对图纸进行优化和完善。 3、家具结构与工艺：熟悉各类家具的结构，如板式家具、实木家具、软体家具等的结构特点，了解家具的生产流程和加工工艺，包括木材加工、组装、表面处理等环节 4、工作认真负责，有高度的责任心，注重细节。具备良好的团队合作精神和沟通能力，能够与开发部主管、生产部门、销售部门等进行有效的沟通协作，共同完成家具的设计和生产任务。 福利待遇 · 做五休二、缴纳五险一金 · 带薪年假、节日福利、定期团建 · 良好办公环境，团队稳定 工作地点 上海市静安区12号线;13号线;1号线 以担保或任何理由索要财物，扣押证照，均涉嫌违法。一经发现， 立即举报,"店铺,主管,CAD,3D MAX",http://www.zhaopin.com/jobdetail/CC347471910J40880809115.htm?refcode=4019&srccode=401901&preactionid=27af741f-8836-41cc-ab72-6d640fb4037d
项目经理,上海宝山太平货柜有限公司,1-1.5万·13薪,上海·宝山·杨行,广州,本科,1-3年,8月1日,zhilian,"岗位职责 - 负责从售前支持到项目交付的全生命周期管理. - 售前参与需求分析, 方案沟通. - 协同技术团队完成方案设计及成本评估. - 协助商务团队进行报价与工期评估. - 负责促成项目交付, 并达成交期, 成本及质量指标. - 制定项目计划, 明确里程碑、交付物与责任分工. - 协调研发与生产的衔接，推动 DFM 评审. - 监控项目进度, 管控关键路径 (关键任务, 长交期物料, 关键设备, 人员), 及时识别偏差并推动调整. - 识别变更, 评估变更对项目范围及绩效指标的影响. 监控变更的审批和执行. - 协调异常的闭环. - 定期组织项目会议, 同步进展、问题与决策. - 项目交付后进行绩效评估, 总结经验教训. ### 任职要求 - 本科及以上学历. 机械设计 / 工业工程 / 机械制造 / 供应链管理类相关专业优先. - 3 年以上制造业项目管理经验. 完整主导过 2 个及以上的新产品导入或产线改造项目. - 极强的跨部门协调与谈判能力, 能在无行政职权下推动团队达成目标. - 能在多任务并行及高压环境下保持冷静, 快速做出决策. - 具备良好的逻辑思维能力和数据分析能力. - 熟练使用 MS Project, Excel. - 持有 PMP / PRINCE2 / ACP 证书者优先. - 英文听说熟练. 工作地点 宝山区上海宝山太平货柜有限公司 以担保或任何理由索要财物，扣押证照，均涉嫌违法。一经发现， 立即举报","英语流利,PMP",http://www.zhaopin.com/jobdetail/CC483059930J40913388203.htm?refcode=4019&srccode=401901&preactionid=27af741f-8836-41cc-ab72-6d640fb4037d
项目经理,山东启之铭信息科技有限公司,8000-10000元·13薪,南昌·红谷滩,广州,本科,1-3年,6月12日,zhilian,职位描述 PMP PRINCE2 信息系统项目管理师 电气机械项目管理 跨部门协作统筹 全生命周期项目管控 工作职责 1. 负责电气机械/电力设备类项目的全生命周期管理，从需求调研、方案制定到落地交付的端到端统筹。 2. 主导项目计划编制与资源协调，监控进度、成本与质量，及时识别并解决项目风险与问题。 3. 搭建跨部门协作机制，协调研发、生产、销售等团队，确保项目目标达成。 4. 输出项目阶段性报告与复盘文档，沉淀项目管理经验并优化流程。 任职要求 1. 本科及以上学历，项目管理、电气工程或相关专业优先。 2. 2年以上电气机械/电力设备行业项目管理经验，熟悉项目管理方法论（如PMP/Prince2）。 3. 具备较强的沟通协调能力与风险预判能力，能独立推动复杂项目落地。 工作地点 南昌红谷滩区慧谷产业园 以担保或任何理由索要财物，扣押证照，均涉嫌违法。一经发现， 立即举报,"PMP,PRINCE2,信息系统项目管理师,电气机械项目管理,跨部门协作统筹,全生命周期项目管控",http://www.zhaopin.com/jobdetail/CCL1494256780J40824000316.htm?refcode=4019&srccode=401901&preactionid=27af741f-8836-41cc-ab72-6d640fb4037d
项目经理,威同智能科技(天津)有限公司,6000-10000元,天津·西青·中北,广州,大专,1-3年,1月22日,zhilian,职位描述 软件项目 硬件项目 机电项目 PMP项目管理认证 人工智能 电子设备制造 工业自动化/机器人 岗位描述： 1. 负责项目的整体进度，项目里程碑节点把控，确保按时按质交付并验收 2.根据任务节点计划协调项目所需内外部资源 3.识别项目预知风险，与客户和团队有效沟通 4. 与相关职能部门紧密配合，协调处理项目推动过程中所有的异常问题 5.负责项目各类专题会议，应对各种突发状况并制定有效解决方案 6.与客户进行有效沟通了解需求协调资源解决 7. 完成上级领导交办的其他工作需求 任职要求： 1.大专以上学历，机械、电气工科相关专业 2.1-3年项目参与及管理经验，了解制造行业相关体系流程 3.熟练使用office办公软件会做 4.具备良好沟通能力和客户服务意识，工作细心、耐心、有责任心、做事有逻辑 5. 能够接受出差 职位福利：五险一金、包住、交通补助、餐补、通讯补助、节日福利、周末双休、免费班车 职位亮点：五险一金，双休，班车，宿舍，年终奖，旅游 工作地点 天津西青区中北镇汪庄子工业区祥云路2号 以担保或任何理由索要财物，扣押证照，均涉嫌违法。一经发现， 立即举报,"软件项目,硬件项目,机电项目,PMP项目管理认证",http://www.zhaopin.com/jobdetail/CC477073010J40437744901.htm?refcode=4019&srccode=401901&preactionid=27af741f-8836-41cc-ab72-6d640fb4037d
项目经理,工银安盛人寿保险有限公司湖北分公司,5000-10000元,武汉·武昌,广州,大专,3-5年,5月25日,zhilian,职位描述 保险 1、分解落实并完成公司下达的业绩考核、品质管控指标及日常管理目标； 2、组织开展团队人员招募，提升团队人员留存率，提高团队绩优人员占比； 3、遵守公司规章制度，参加公司组织的各项会议和培训； 4、组织团队开展产品培训、合规培训及业务辅导工作，落实早夕会和活动量管理工作； 5、与服务企业建立良好的沟通，协助主任对核心客户进行有效经营及维护，并拓展新业务； 6、带领所辖团队做好对公司存量客户的持续服务； 7、遵守监管及公司规章制度，完成反洗钱及公司交办的其他各项工作。 工作地点 武汉武昌区知音广场 以担保或任何理由索要财物，扣押证照，均涉嫌违法。一经发现， 立即举报,保险,http://www.zhaopin.com/jobdetail/CC631125920J40809042405.htm?refcode=4019&srccode=401901&preactionid=c5ec5dd5-12ee-41c0-9d26-83308ccdf8ee
项目经理,彩付(上海)智能科技有限公司,8000-13000元,上海·普陀·长征,广州,本科,1-3年,4月4日,zhilian,职位描述 PMP 计算机软件 技能要求： PMP，项目管理，文档，实施 本职： 1、负责前期对客户的产品技术交流和宣导，参与公司产品推介工作，成为客户和公司之间的一个桥梁； 2、负责引导和收集客户需求；分析竞争对手产品和商务报价，拟定公司产品的定价策略和预算，编制公司产品整体解决方案； 3、参与客户的商务谈判工作，合同的签订和管理，项目成本管理，项目进度管理及项目资金的及时回款工作，负责重要客户的关系维系工作； 4.完成领导除本职工作以外其他布置的任务。 职责表述：项目管理 1. 负责项目的商务对接，讲解和展示公司产品，服务及解决方案，领导整理客户需求，形成项目方案。 2. 负责项目的立项及招投标工作，并与业主签订合同。 3. 负责项目的周期管理，立项，执行，更改，验收，项目汇报等。 4. 负责项目的成本管理。 5. 负责协调客户进行项目进度管理。 6. 负责项目资金的及时回款工作。 7. 负责项目的二次销售以及功能升级。 8.服从领导安排，完成领导交办的各类临时性任务。 任职资格： 1.本科及以上学历，计算机/软件工程/市场营销等相关专业，有PMP、高级项目经理证书优先。 2.至少2年以上项目管理/软件管理经验，有政府项目从业经历，放宽工作经历要求。 3.善沟通协作，执行能力强，具成功欲望。 4.具有较强的分析能力、成本控制能力、协调能力和沟通能力，善于协调各类资源。 工作地点 上海市-普陀区-丹巴路1218号15楼 以担保或任何理由索要财物，扣押证照，均涉嫌违法。一经发现， 立即举报,PMP,http://www.zhaopin.com/jobdetail/CC843534830J40841474014.htm?refcode=4019&srccode=401901&preactionid=c5ec5dd5-12ee-41c0-9d26-83308ccdf8ee
项目经理,北京融合汇控科技有限公司,7000-10000元,北京·石景山·古城,广州,大专,3-5年,7月12日,zhilian,岗位职责： 1．完成项目安全、质量、进度目标，完成项目产值和项目验收任务。 2．协调业主方、监理方、分包方的关系，处理施工过程中出现的质量、安全、进度等问题。 3．组织参与设计交底、施工图会审、重大施工方案的讨论及审核。 4．组织编制项目（监控，数据，服务器，弱电等）开工、施工、竣工及验收资料。 5．组织参加工程项目的到货验收、方案确认、竣工验收、技术运维，完成施工资料移交和项目移交。 任职资格： 1．大专及以上学历，3-5年相关工作经验。 2．有电力、能源、反无等行业项目实施经验 优先录用。 3．熟悉现场施工工程建设，了解安装工程施工规范，具备扎实得完整得项目实施经验。 4． 能接受中短期出差。 工作地点 北京石景山区金安中海财富中心55号院3号楼8层802室（A座） 以担保或任何理由索要财物，扣押证照，均涉嫌违法。一经发现， 立即举报,"电力工程,水利工程,市政工程",http://www.zhaopin.com/jobdetail/CCL1315297750J40827274901.htm?refcode=4019&srccode=401901&preactionid=c5ec5dd5-12ee-41c0-9d26-83308ccdf8ee
项目经理,北京中船经济技术开发有限公司,8000-12000元,北京·海淀·北下关,广州,本科,经验不限,7月29日,zhilian,岗位职责：负责专项研究与政策适配及项目推进与成果落地 任职要求：双一流大学毕业，学习能力强，能尽快胜任下列工作事项： 1.聚焦国家及地方（国资委、科技部等）成果转化相关政策法规、行业发展趋势，开展专项研究，解读政策导向与支持路径 2.研究国内外先进企业成果转化模式、技术转移机制及案例经验，结合集团实际情况，探索适配的转化模式（如产学研合作、技术入股、孵化创业等），提出创新优化方案。 3.负责成果转化数据统计、分析与报送工作，定期编制转化工作进展报告、研究报告，为集团管理层决策提供参考。 4.对接外部科研院所、高校、行业协会、投资机构等资源，搭建成果转化合作平台，拓展转化渠道，推动产学研协同创新。 工作地点 北京海淀区中船综合院 以担保或任何理由索要财物，扣押证照，均涉嫌违法。一经发现， 立即举报,"学术/科研,技术服务",http://www.zhaopin.com/jobdetail/CC486121530J40877688609.htm?refcode=4019&srccode=401901&preactionid=c5ec5dd5-12ee-41c0-9d26-83308ccdf8ee
项目经理,中国钢研科技集团有限公司,6000-9000元,沈阳·浑南·桃仙,广州,本科,1-3年,5月19日,zhilian,岗位职责： 1、根据市场部领导要求完成市场开发与客户拓展相关工作； 2、牵头组织产品报价及合同签订工作； 3、完成销售合同核对，合同评审录入，并跟踪合同履行情况； 4、每月根据交付产品与客户核对结算产品，完成开票工作； 5、了解客户需求，根据客户需求，协调各部门解决客户问题；维护客户关系，提升客户满意度，定期做客户满意度调查工作； 6、明确自身涉密岗位的保密职责以及将公司保密管理要求融入日常业务工作中； 7、处理部门相关事宜； 8、跟随领导出差开拓客户等工作 任职要求： 1、具有3年以上项目管理经验； 2、具有机动车驾驶技能； 3、沟通协调能力强 工作地点 沈阳市-浑南区-四环路 以担保或任何理由索要财物，扣押证照，均涉嫌违法。一经发现， 立即举报,航空航天,http://www.zhaopin.com/jobdetail/CC170490510J40860926510.htm?refcode=4019&srccode=401901&preactionid=c5ec5dd5-12ee-41c0-9d26-83308ccdf8ee
项目经理,三科核电,6000-8000元,沈阳·铁西·大潘,广州,本科,经验不限,5月20日,zhilian,职位描述 电气机械/电力设备 电力/水利/热力/燃气 专用设备制造 1.熟练使用工作软件office及CAD等，使用电脑能力优越者优先考虑，对机械设计了解（有水泵设计经验或核电产品设计经验者优先）；能适量饮酒，接人待物的能力出众，有不错的语言表达能力，能接受工作应酬。 2.主要负责在手项目的执行工作，包括牵头技术交流，系统对接，合同进度整体把控，发货，回款等工作。 公司福利待遇：五险一金、周末双休、提供免费午餐、有通勤车。 工作地点 铁西区沈阳三科核电设备制造股份有限公司 以担保或任何理由索要财物，扣押证照，均涉嫌违法。一经发现， 立即举报,"电气机械/电力设备,电力/水利/热力/燃气,专用设备制造",http://www.zhaopin.com/jobdetail/CC131930420J40861685910.htm?refcode=4019&srccode=401901&preactionid=c5ec5dd5-12ee-41c0-9d26-83308ccdf8ee
项目经理,重庆灵思智扬文化传媒有限公司,8000-13000元·13薪,重庆·渝北,广州,本科,3-5年,3月18日,zhilian,职位描述 会议/展览/活动 咨询服务 企业服务 1. 公文与方案撰写 负责撰写项目报告、工作总结、会议纪要、政府汇报、新闻宣传材料等各类正式文件，确保内容准确、格式规范。根据客户需求，创新性地完成活动或项目的策划方案撰写。 2. 活动统筹与项目管理 负责公司重点项目（如创业大赛、就业服务活动、创业项目培育、路演等）的全生命周期管理，制定项目计划，跟踪执行进度。独立负责或牵头完成活动的创意策划、项目统筹、现场执行与突发状况处理，确保活动效果。 3.申报策划与撰写 负责收集、解读国家和地方的就业创业扶持、奖励、补贴等政策信息，提出项目申报建议。 独立撰写就业创业类专项资金申请、可行性研究报告、项目建议书等申报材料，确保内容精准结合政策要求，语言精练、逻辑严密并系统化整理项目文件、图片及过程材料，建立并维护项目申报信息资料库。 4. 沟通协调 作为项目统筹，协助对接相关政府部门，并高效协同内外部团队及供应商，推进项目完成。 任职要求： 1. 学历与经验：本科及以上学历，中文、汉语言、新闻传播、公共管理、经济类等相关专业优先。拥有2年以上项目申报、行政统筹或活动策划相关工作经验。 2. 核心能力： 出色的文笔：具备优秀的公文写作和方案策划能力，文字功底扎实，逻辑清晰。有成功申报政府项目或撰写商业计划书经验者优先。 政策敏感度：熟悉政府各部门职能及各项政策、办事流程，具备较强的政策学习能力和解读能力。 执行力与抗压力：以结果导向，具备出色的多任务处理、时间管理和目标驱动能力，能承受一定工作压力。 3. 职业素养： 责任心强，注重细节，具备良好的公众表达能力与现场应变能力。 应聘需提供相关案例 1.作品集：在简历筛选后，要求候选人提供过往撰写的项目申报书、策划方案、公文样本、活动方案、时间倒推表，大型活动前3天的人员统筹明细表等。 奖金绩效 财年绩效 工作地点 重庆渝北区圣地大厦12楼 以担保或任何理由索要财物，扣押证照，均涉嫌违法。一经发现， 立即举报,"会议/展览/活动,咨询服务,企业服务",http://www.zhaopin.com/jobdetail/CC380905630J40841056709.htm?refcode=4019&srccode=401901&preactionid=c5ec5dd5-12ee-41c0-9d26-83308ccdf8ee
项目经理,贵阳协合医药职业学校,8000-12000元,贵阳·白云·沙文,广州,大专,3-5年,7月30日,zhilian,岗位职责： 全面负责工程项目现场统筹管理，制定施工计划，把控工程进度、质量、安全。 统筹人员、材料、设备调配，管控项目施工成本，负责工程签证、进度款申报。 对接甲方、监理、供应商及相关单位，协调解决施工各类问题。 组织工序验收，收集整理工程资料，推进项目竣工验收与结算移交。 任职要求： 大专及以上，工程管理、土木相关专业，拥有项目现场管理经验。 熟悉施工规范、工程流程，具备成本管控、现场问题处置能力。 沟通协调能力良好；持有建造师证书优先。 工作地点 白云区贵阳协合医药职业学校 以担保或任何理由索要财物，扣押证照，均涉嫌违法。一经发现， 立即举报,房建工程,http://www.zhaopin.com/jobdetail/CC813177300J40877341409.htm?refcode=4019&srccode=401901&preactionid=c5ec5dd5-12ee-41c0-9d26-83308ccdf8ee
项目经理,成都瀚德科技有限公司,8000-11000元,成都·高新西区·犀浦,广州,本科,3-5年,7月29日,zhilian,职位描述 通信项目管理 半导体/芯片 通信/网络设备 工作职责： 1、主导整个合同项目的交付全过程，对项目交付负责。 2、对合同和任务书进行分解，策划实施方案，成立项目组组织开展开发、生产、测试和验收相关工作。 3、确保项目按计划顺利进行，顺利完成内外部验收。 4、完成项目过程文档和竣工资料编制以及汇报。 5、跟踪项目运作全过程，协调项目需要的内外部资源和支持，平衡范围、时间、成本、质量、风险、资源等相互竞争的要求，完成项目目标和质量目标。 6、能够负责多个项目同时实施的工作统筹和进度汇报。 7、负责项目过程问题收集，协调处理和解决项目推进过程中的所有异常问题。 岗位要求： 1、大学本科及以上学历，计算机，电子，通信相关专业。 2、具有项目经理证书优先，具有2个以上通信类集成项目经验优先 。 3、具有良好的学习、沟通、协调能力。 4、具有良好的客户服务意识。 5、具有良好的执行力。 6、熟练使用常用办公软件。 7、要求具备良好的团队协作精神，能够充分调动团队积极性。 11、要求具备大局观，以完成项目为己任；工作细致认真，责任心强。 12、要求能够适应出差工作（省内外的短期、长期）。 13、有软考信息系统项目管理师证书（高级），必备条件。 工作地点 成都市高新西区西芯大道5号汇都总部园3栋5楼 以担保或任何理由索要财物，扣押证照，均涉嫌违法。一经发现， 立即举报,通信项目管理,http://www.zhaopin.com/jobdetail/CC294813410J40432124113.htm?refcode=4019&srccode=401901&preactionid=c5ec5dd5-12ee-41c0-9d26-83308ccdf8ee
项目经理,福耀集团,9000-12000元·15薪,合肥·肥西·紫蓬,广州,本科,3-5年,7月30日,zhilian,职位描述 汽车研发项目 新能源汽车项目 新能源/燃油车零部件 1.产品项目周期管理：负责汽车零部件产品从立项、研发、试产到量产的全过程管理。严格遵循汽车行业APQP流程，制定详细的项目计划，监控项目进度，确保产品按时、按质、低成本交付。 2.跨部门协同与问题解决：作为项目核心接口，协调内部研发（机械、电子、软件）、采购、质量、生产等部门工作。识别并解决开发过程中的技术难点及工艺瓶颈，推动问题闭环。 3.客户与供应商沟通管理：对接主机厂（整车厂）客户，管理客户需求变更，组织提交OTS（工装样品）报告，跟进PPAP（生产件批准程序）认可状态。 4.预算控制与成本优化：负责项目的预算编制与控制，跟踪实际支出。在保证产品性能和法规要求的前提下，通过VAVE（价值工程/价值分析）等手段推动成本优化方案的落地，提升产品的市场竞争力 奖金绩效 根据项目情况 工作地点 合肥市-肥西县-紫蓬镇繁华大道与将军岭路交口 以担保或任何理由索要财物，扣押证照，均涉嫌违法。一经发现， 立即举报,"汽车研发项目,新能源汽车项目",http://www.zhaopin.com/jobdetail/CC120994670J40997875402.htm?refcode=4019&srccode=401901&preactionid=c5ec5dd5-12ee-41c0-9d26-83308ccdf8ee
项目经理,河北君瑞新能源汽车股份有限公司,6000-9000元,石家庄·鹿泉·鹿泉经开区,广州,大专,1-3年,7月31日,zhilian,岗位职责 1. 主机厂专属对接：负责公司车用传感器、汽车电子产品与各大主机厂/车企的日常技术对接、需求对接、项目对接，是公司面向主机厂的核心窗口，统筹项目全周期跟进与落地。 2. 懂技术、可独立做参数对接：熟悉车用传感器（压力、温度、速度、位置、加速度等）技术原理、性能参数、结构与电气特性，能够独立与主机厂工程师开展技术研讨、参数确认、方案评审、匹配验证对接工作。 3. 懂生产、懂制程：熟悉汽车电子、传感器产品生产工艺、制程流程、量产瓶颈及良率改善逻辑，能够结合公司生产实际，向主机厂合理反馈技术可行性、工艺限制、量产能力，平衡客户需求与内部生产落地。 4. 全流程项目管控：全程负责主机厂新项目立项、规格定义、图纸参数确认、样品送样、测试认证、试产、量产导入、交付、问题闭环全流程跟进，把控项目节点、进度、质量、交付。 5. 技术问题闭环处理：负责主机厂测试异常、装车匹配问题、现场失效、售后问题的对接、跟进、协调内部研发与生产完成分析、整改、验证、闭环输出报告。 6. 文件与体系对接：熟悉主机厂开发流程、汽车行业标准，负责技术规格书、测试报告、PPAP、APQP等资料输出、审核、提交与归档，保障项目顺利过审、量产准入。 7. 需求沉淀与内部落地：精准收集主机厂最新技术要求、法规标准、迭代需求，同步内部研发、工艺、生产部门，推动产品升级、工艺优化、品质提升。 任职要求 1. 大专及以上学历，电子、自动化、测控、汽车工程等相关专业，2年以上汽车电子/车用传感器行业经验。 2. 必须懂技术、懂生产、懂主机厂流程：熟悉车用传感器技术参数、产品原理、生产制程、装配工艺、量产逻辑，可独立与主机厂进行技术谈判与参数对接。 3. 熟悉主流主机厂项目开发流程、送样流程、认证流程，了解APQP、PPAP、IATF16949汽车质量体系，有车企对接经验者优先。 4. 能够看懂传感器电气参数、性能指标、测试标准，可独立跟进样品测试、问题分析、整改闭环。 5. 具备较强的跨部门统筹能力，能协调研发、生产、品质、供应链解决项目问题，保证项目进度与交付。 6. 沟通逻辑清晰、抗压性强，能接受必要的主机厂现场对接、出差支持。 7. 有车用传感器主机厂对接经验者优先录用。 工作地点 石家庄鹿泉区河北君瑞新能源汽车股份有限公司 以担保或任何理由索要财物，扣押证照，均涉嫌违法。一经发现， 立即举报,"主机厂对接沟通技术参数,汽车电子配件",http://www.zhaopin.com/jobdetail/CC394835230J40911953303.htm?refcode=4019&srccode=401901&preactionid=c5ec5dd5-12ee-41c0-9d26-83308ccdf8ee
项目经理,上海海神广告有限公司,10-15万,上海·嘉定·外冈,广州,大专,1-3年,1月27日,zhilian,职位描述 运营项目 会议/展览/活动 要求有相关的大型会议/活动/发布会/展会工作经验2年以上; 可以制作PPT，熟练运用OFFICE/等相关办公软件; 独立做到整个项目的报价/沟通/营运/制作跟踪等流程; 可以基本简单的英文交流 职位福利：五险一金、绩效奖金、带薪年假、弹性工作 工作地点 上海市嘉定区恒翔路55号 以担保或任何理由索要财物，扣押证照，均涉嫌违法。一经发现， 立即举报,运营项目,http://www.zhaopin.com/jobdetail/CC552197520J40224719205.htm?refcode=4019&srccode=401901&preactionid=c5ec5dd5-12ee-41c0-9d26-83308ccdf8ee
项目经理,湖南瀚江环保科技有限公司,5000-6000元,长沙·开福·湘雅路,广州,大专,1-3年,7月30日,zhilian,职位描述 态度好！服从安排 互联网医疗 工程施工 三甲医院内部系统操作，领导对接，搬运。 工作地点 长沙市-开福区-湘雅路87号 以担保或任何理由索要财物，扣押证照，均涉嫌违法。一经发现， 立即举报,态度好！服从安排,http://www.zhaopin.com/jobdetail/CCL1249863670J40867038407.htm?refcode=4019&srccode=401901&preactionid=1d3c76ac-8f11-40e9-9bd9-7083a77beb68
项目经理,博思特能源装备(天津)股份有限公司,7000-8000元,廊坊·广阳区,广州,本科,经验不限,7月10日,zhilian,岗位职责: 1、贯彻法规制度，执行承包合同，落实项目管理目标责任书。 2、组织编制项目管理规划、施工组织设计及专项方案。 3、对项目质量、安全、进度、成本、环保全面负责。 4、组建项目机构，明确分工，建立管理制度，动态管理资源。 5、组织施工生产，协调各方关系，解决现场问题。 6、负责合同管理、分包管理与工程结算。 7、组织隐蔽验收、分部分项验收及竣工验收。 8、规范工程资料与档案，做好记录与归档。 9、做好项目收尾、缺陷保修与善后工作。 10接受监督检查与审计，开展项目总结与绩效评价。 任职要求: 1、学历要求：具备本科及以上油气储运、石油化工、机械、电气等相关专业学历，具有一建机电或市政专业证书。 2、专业经验：具备 5-10 年天然气场站建设、设备安装或管道安装项目管理相关工作经验，熟悉行业施工规范、验收标准及项目全流程管理，可独立统筹项目实施。（公司地址在武清津滨工业园） 3、专业能力：精通天然气场站工艺、设备安装及管道安装技术，包括场站工艺系统、压力容器安装、长输 / 城镇燃气管道敷设、试压吹扫、防腐保温等，具备项目全流程技术把控能力。 4、软件能力：熟练掌握 AUTOCAD、Project 等专业设计及项目管理软件，具备进度计划编制、成本管控及资料管理能力。 5、语言能力：有一定的英语水平，能阅读英文技术文档。具备一定的英语听、说能力者优先。 6、职业素养：以项目目标达成为核心导向，责任心强、执行力突出，具备较强的工作承压能力，善于主动担当，高效推进项目落地。 7、证书要求：持有二级及以上建造师（机电专业）注册证书，具备中级及以上相关专业技术职称者优先。 8、协作能力：主动配合、高效协同，善于沟通协调，清晰表达想法、认真倾听意见；明确自身职责，主动补位，不推诿、不内耗；尊重差异，以团队目标为先，理性担责，推动整体项目向前推进。 9、标准熟悉：熟悉国家及行业规范（如《城镇燃气设计规范》《油气输送管道工程施工及验收规范》），以及中石油、国家管网等相关企业标准，确保项目合规实施。 10、项目管理能力：具备项目全周期管理经验，包括进度、成本、质量、安全、HSE 等关键环节管控，能有效统筹内外部资源，保障项目顺利交付及竣工验收。 工作地点 广阳区廊坊经济技术开发区管理委员会（附近武清京滨工业园） 以担保或任何理由索要财物，扣押证照，均涉嫌违法。一经发现， 立即举报,"石油/石化,电力/水利/热力/燃气",http://www.zhaopin.com/jobdetail/CC308332710J40913893112.htm?refcode=4019&srccode=401901&preactionid=1d3c76ac-8f11-40e9-9bd9-7083a77beb68
项目经理,上海埃威信息科技有限公司,8000-12000元·14薪,上海·徐汇·虹梅路,广州,本科,经验不限,6月8日,zhilian,岗位职责】 1.项目规划与管理：制定项目目标、范围、进度和预算；负责项目计划的制定与执行，确保项目按时按预算完成。 2.团队管理：组建和管理项目团队，明确分工与职责；组织团队培训，提高团队技术水平与协作能力。 3.与客户沟通：与客户保持密切沟通，了解其需求，达成一致；定期向客户汇报项目进展，处理客户的反馈与建议。 4.技术协调：负责项目的技术方案设计与实施，确保技术实现满足需求；与各类技术专家和供应商进行技术交流和协作。 5.资源管理：确保项目所需资源（人力、物力、财力）有效配置；管理项目风险，制定相应的风险应对措施。 6.质量管理：设定项目质量标准，制定质量管理计划；进行项目质量审核，确保项目交付物符合规定标准。 7.文档管理：负责项目文档的编制与管理，确保信息的有效传递与保留；完成项目总结文档，总结经验教训，为未来项目提供参考。 8.售后支持：负责项目完成后的售后支持与服务，协调解决客户的问题。 【任职要求】 1.本科及以上学历，通信、计算机科学、电子工程、信息技术等相关专业。 2.熟悉项目管理理论、工具和方法（如PMBOK、敏捷管理等），能够制定项目计划、进度控制以及风险管理。 3.本科生及以上学历可无类似工作经验。 4.能适应出差，随时根据项目需要进行调整。 5.有责任心，有抗压能力。 工作地点 上海徐汇区桂平园 以担保或任何理由索要财物，扣押证照，均涉嫌违法。一经发现， 立即举报,PMP,http://www.zhaopin.com/jobdetail/CC154001610J40856067801.htm?refcode=4019&srccode=401901&preactionid=1d3c76ac-8f11-40e9-9bd9-7083a77beb68
项目经理,美冠(北京)科技有限公司,8000-12000元,北京·昌平·小汤山,广州,大专,1年以下,4月20日,zhilian,岗位职责： 1、有LED、LCD显示屏安装施工项目管理经验者优先。 2、具备优秀的统筹协调和沟通表达能力，有很强的组织管理能力和计划执行能力。 3、具备高度的责任心、较强的事业心，遵守职业道德，为人正派，能够时刻维护企业利益 4、能够接受出差。（会涉及外地的项目施工或者项目驻场） 5、合理安排项目其他管理人员的日常工作；施工人员安排合理，施工效率高，避免窝工情况；专项劳务分包施工队伍具有掌控性，能按要求保证保量完成任务，避免各项纠纷。 6、能抓好施工前、施工中、施工后的施工全过程质量控制，能严格执行各项质量管理制度，能保证验收一次性通过。 7、能合理安排工序，提高功效，降低人工成本；能合理做好材料计划规格数量准确、材料进场验收、保管、使用环节把好关，降低材料损耗，降低材料成本；尽量缩短工期，降低直接管理人员成本。 8、负责调查和组织处理工程建设中遇到的重大复杂问题并向公司领导层报告。 职位要求： 1、学历要求大专及以上。 2、有项目管理经验优先。 3、能看懂CAD图纸，并能简单绘制cad图纸。 职位福利：绩效奖金、五险一金、全勤奖、带薪年假、周末双休、每年多次调薪 工作地点 北京昌平区绿地中央广场云谷-13号楼605-美冠科技 以担保或任何理由索要财物，扣押证照，均涉嫌违法。一经发现， 立即举报,"电子显示产品项目,钢结构项目,市政项目,安防监控项目,电子元器件项目",http://www.zhaopin.com/jobdetail/CC179677320J40388655813.htm?refcode=4019&srccode=401901&preactionid=1d3c76ac-8f11-40e9-9bd9-7083a77beb68
项目经理,南京众信慧德网络科技有限公司,8000-15000元,南京·浦口·泰山,广州,大专,3-5年,7月22日,zhilian,岗位职责： 1、协助主管领导进行项目管理，准时、优质地完成全部工作； 2、与客户沟通，了解客户需求； 3、与客户保持联系，即时反馈阶段性的成果，对项目进度进行全程跟踪； 4、制定项目开发计划文档，量化任务，协调项目组成员之间的工作； 5、项目展示文档、PPT的编写； 6、向上级汇报项目的进展情况，需求变更等所有项目信息； 7、项目完成时需要项目总结，形成项目总结文档。 任职要求： 1、有软件行业工作经验，了解项目开发流程及产品化软件开发管理； 2、有项目管理经验，大型成功软件工程项目的管理和实施经验优先； 3、有制造业软件项目的实施经验优先； 4、对产品的设计与布局有一定的想法； 5、能够独立完成软件的功能与原型设计； 6、沟通能力强，充分了解客户需求并能与开发团队有效沟通； 7、对业务敏感，学习能力强。 职位福利：年底双薪、年终分红、绩效奖金、带薪年假、餐补 工作地点 南京浦口区垠坤·星火E方 以担保或任何理由索要财物，扣押证照，均涉嫌违法。一经发现， 立即举报,"项目管理,实施,解决方案,PMP,政企软件项目",http://www.zhaopin.com/jobdetail/CC257684739J00439559302.htm?refcode=4019&srccode=401901&preactionid=1d3c76ac-8f11-40e9-9bd9-7083a77beb68
项目经理,浙江万邦智能科技股份有限公司,8000-15000元,杭州·西湖·古荡,广州,大专,3-5年,2月12日,zhilian,岗位职责： 1、项目实施的直接责任人，负责组织项目实施的全过程；制定项目施工计划，主持工程质量、安全、进度、施工、造价等管理工作，负责项目的成本控制，保证项目的验收移交。 2、能独立完成建筑智能化系统的实施管理，包括施工队的管理、甲方的协调、监理单位的配合、现场施工的督察及管理、工程相关文件的编制等。 3、负责工程款的回收。 任职要求： 1、电子技术、电气工程、计算机应用、建筑智能化、建筑电器安装、楼宇智能化等专业本科以上学历； 2、有EPC项目管理经验或具有5年以上弱电工程工作经验，有较好的沟通表达能力，有较强的责任感和进取心； 3、担任过不少于3个弱电项目经理的经验； 4、掌握建筑智能化工程至少10个子系统的安装、调试、工序及质量控制点； 5、了解建筑智能化工程施工与验收规范； 6、对项目质量管理、进度管理、成本管理、安全管理、资金管理有较深的理解； 7、持有建造师证书（一级、二级）或中高级职称证书者优先考虑； 8、驻项目，能适应出差 工作地点 浙江省杭州市西湖区中天MCC2号楼221 以担保或任何理由索要财物，扣押证照，均涉嫌违法。一经发现， 立即举报,安装工程,http://www.zhaopin.com/jobdetail/CC413065530J40556226909.htm?refcode=4019&srccode=401901&preactionid=1d3c76ac-8f11-40e9-9bd9-7083a77beb68
项目经理,温州瑞明工业股份有限公司,1-1.5万,温州·瑞安市·塘下镇,广州,本科,经验不限,7月31日,zhilian,岗位职责】： 1.接收销售前期资料，维护客户关系，管理供货分份额与销售开票及反馈； 2.主导新项目开发，计划跟踪变更，保障顺利量产； 3.参与合同洽谈及会签监督，组织技术交流与内部分析及要求导入； 4.组织项目开发全程管理，计划制定到量产移交， 监督部门交接； 5.负责项目账务核对、开票申请，协同销售跟进订单回款，保障项目相关的对账、回款等财务工作有序运作； 6.协调项目相关部门关系，处理临时事务与领导交办其他各项工作。 【任职要求】 ： 1.学历要求：本科以上，项目管理、质量管理、材料类、管理大类等优先（硕士无经验接受）； 2.工作经验：3年以上汽车行业项目管理经验，熟悉APQP/PPAP流程、IATF16949体系； 3.综合素质：具备较强的沟通能力，热爱项目管理工作； 4.其他要求：持有PMP项目管理认证优先，能接受偶尔出差及单休。 【备注】有现场管理、质量管理等经验者，对项目管理工作感兴趣也可投递。 【投递24h内回复】 工作地点 瑞安市温州瑞明工业股份有限公司 以担保或任何理由索要财物，扣押证照，均涉嫌违法。一经发现， 立即举报,"项目管理,新能源/燃油整车研发制造,新能源/燃油车零部件",http://www.zhaopin.com/jobdetail/CC198394020J40697566210.htm?refcode=4019&srccode=401901&preactionid=1d3c76ac-8f11-40e9-9bd9-7083a77beb68
项目经理,江西省邮电建设工程有限公司,6000-8000元,南昌·青山湖·上海路,广州,本科,1-3年,7月16日,zhilian,职位描述 通信项目管理 通信工程 招聘条件： 1、本科及以上学历 2、身体健康、品行端正，有良好的价值观 3、持有一建、二建（机电、通信与广电专业）证书者优先。 4、熟练运用CAD及OFFICE等办公软件，熟悉广联达系统者优先； 5、有通信工程、弱电工程项目管理经验者优先。熟悉项目施工建设流程，有良好的沟通表达能力。 6、能适应出差 主要职责： 1、项目全过程管理； 2、维系客户关系； 3、编制或审核项目结算资料； 工作地点 南昌青山湖区江西省邮电建设工程有限公司 以担保或任何理由索要财物，扣押证照，均涉嫌违法。一经发现， 立即举报,通信项目管理,http://www.zhaopin.com/jobdetail/CC215141620J40526005505.htm?refcode=4019&srccode=401901&preactionid=1d3c76ac-8f11-40e9-9bd9-7083a77beb68
项目经理,鑫英泰,7000-10000元,武汉·武昌,广州,本科,经验不限,6月25日,zhilian,职位描述 软件/IT服务 电力/水利/热力/燃气 岗位要求： 1、本科及以上学历，3年以上项目管理经验，独立完成过国家电网公司信息化系统项目建设 2、了解生产、基建业务，熟悉PMS系统等电网业务系统为佳。 3、有较强的 汇报能力及过硬的文字功底。能独立完成可研报告、实施方案及工作汇报PPT等工作。 4、抗压能力强，服从安排，适应加班。有过资产全寿命周期管 理及实物“ID”建设项目经验优先考虑。 工作时间：8:30--17:30，周末双休 工作地点：驻场国网电力（湖北华中电力科技大厦） 工作地点 武汉武昌区湖北华中电力科技大厦 以担保或任何理由索要财物，扣押证照，均涉嫌违法。一经发现， 立即举报 公司信息 鑫英泰 已上市 · 100-299人 · 电力/水利/热力/燃气、物联网 已审核 15 个在招职位 公司介绍 湖北鑫英泰系统技术股份有限公司（简称：鑫英泰）成立于2004年，总部位于武汉市江夏区，是一家聚焦“智能电网+”产业链的高新技术企业和新三板挂牌上市企业（股票代码：838526）。 鑫英泰坚持创新驱动发展，不断加大技术研发力度，被认定为国家高新技术企业、湖北省双软软件企业、湖北省上市种子企业、武汉市大数据企业20强、武汉市软件企业100强、连续三年中国光谷“瞪羚企业”。公司目前通过了6项管理体系认证，具备11项产品或服务资质，拥有近百项专利及著作权登记，技术体系及实力仍在持续发展壮大中。 鑫英泰始终坚持以客户需求为导向，是业内领先的光传感、智能物联网技术应用及信息安全技术产品及服务综合提供商，向电力、石油石化、环保等行业用户提供有自主研发技术的软硬件产品和服务，公司资质齐全，拥有电子与智能化工程专业承包、电力工程施工总承包、输变电工程专业承包、信息系统集成及服务等资质。深耕电力行业十余年，产品和服务覆盖全国31个省（自治区、直辖市），向国家电网、南方电网及各大发电集团的10000多个项目提供了电网应用产品、服务和解决方案。薪酬福利 薪资体系：基本工资、绩效工资、餐补、交通补、通讯补、项目奖金、股票期权； 日常福利：咖啡果饮无限量供应、夏日果冰纷、补充能量小零食等； 员工关怀：五险一金、团体意外险、定期体检、生日礼品、节日祝福、结婚祝福、得子祝福、住院慰问、丧事慰问等； 带薪假期：做五休二、法定节假日、带薪年假、带薪病假、婚假、产检假、产假、陪产假等； 丰富活动：生日会、圣诞节活动、趣味运动会、健康跑、旅游团建及其他部门团建、年会等。公司地址：湖北省武汉市江夏区光谷大道138号 湖北鑫英泰期待您的加入！ 工商信息 企业名称 湖北鑫英泰系统技术股份有限公司 企业类型 股份有限公司（非上市、自然人投资或控股） 法人代表 易国华 经营状态 存续 成立时间 2004-04-22 注册资本 5987.85万元 查看全部信息 认证资质 营业执照信息,电力/水利/热力/燃气,http://www.zhaopin.com/jobdetail/CC133230680J40870537814.htm?refcode=4019&srccode=401901&preactionid=1d3c76ac-8f11-40e9-9bd9-7083a77beb68
项目经理,河南航瑞电子科技有限公司,6000-12000元,鹤壁·淇滨区,广州,本科,3-5年,8月1日,zhilian,职位描述 新能源汽车项目 汽车质量项目 汽车成本项目 零部件项目全生命周期管理 跨部门资源协调 项目流程优化 工作职责 1. 负责汽车线束项目的全生命周期管理，从需求对接、计划制定到量产交付的端到端推进。 2. 协调研发、生产、供应链等跨部门资源，解决项目执行中的关键问题，确保项目进度、成本与质量目标达成。 3. 识别项目风险并制定应对策略，定期向 stakeholders 汇报项目状态，推动问题闭环。 4. 优化项目管理流程与工具，提升团队项目交付效率与标准化水平。 任职要求 1. 本科及以上学历，机械、汽车工程或项目管理相关专业优先。 2. 3年以上汽车零部件行业项目管理经验，熟悉APQP/PPAP等汽车行业质量体系优先。 3. 具备良好的跨部门沟通协调能力，能有效推动多方协作解决复杂问题。 4. 持有PMP或相关项目管理认证者优先，具备较强的风险管控与成本意识。 工作地点 河南省鹤壁市淇滨区东杨办事处河南航瑞电子科技有限公司 以担保或任何理由索要财物，扣押证照，均涉嫌违法。一经发现， 立即举报,"新能源汽车项目,汽车质量项目,汽车成本项目,零部件项目全生命周期管理,跨部门资源协调,项目流程优化",http://www.zhaopin.com/jobdetail/CC673739230J40866444511.htm?refcode=4019&srccode=401901&preactionid=1d3c76ac-8f11-40e9-9bd9-7083a77beb68
项目经理,首聘(北京)科技有限公司,8000-11000元,烟台·福山·古现,广州,本科,经验不限,7月31日,zhilian,岗位职责： 座舱大模型、语音、地图相关交付项目管理，负责对接客户、跟进项目计划、协调内外部资源对齐预期、保障按期交付符合预期的产品； 任职要求： 1.三年以上工作经验，有大模型、语音、地图 等产品设计经验或者交付经验，了解座舱智能体相关的产品； 2.本科及以上；善于沟通、逻辑清晰、学习能力强，可以快速融入新业务和团队； 工作地点 现代汽车研发中心(中国)有限公司烟台福山区现代汽车研发中心(中国)有限公司山东省烟台福山区长江路500号现代中国研发中心 以担保或任何理由索要财物，扣押证照，均涉嫌违法。一经发现， 立即举报 客户,工业自动化/机器人,http://www.zhaopin.com/jobdetail/CCL1272782040J40879068514.htm?refcode=4019&srccode=401901&preactionid=7e5ca478-7226-4786-8ee1-2e7e4342eab6
项目经理,北京嘉美汇科技有限公司,5000-10000元,北京·东城·双井,广州,大专,经验不限,8月1日,zhilian,职位描述 面销/陌拜 房地产开发经营 房地产中介/租赁 1、负责写字楼项目的招商运营及目标达成 2、开拓、维护渠道合作伙伴（中介、企业等） 3、负责客户带看、洽谈及日常对接沟通 4、运营微信朋友圈、小红书等平台、辅助招商推广 工作地点 北京东城区(在建)17号线中段;7号线 以担保或任何理由索要财物，扣押证照，均涉嫌违法。一经发现， 立即举报,面销/陌拜,http://www.zhaopin.com/jobdetail/CCL1261068690J40798298212.htm?refcode=4019&srccode=401901&preactionid=7e5ca478-7226-4786-8ee1-2e7e4342eab6
项目经理,安徽乐维建筑装饰有限责任公司,7000-14000元,合肥·包河·骆岗,广州,大专,3-5年,7月23日,zhilian,职位描述 工程施工 装饰装修 幕墙、装饰项目经理，能熟练编辑PPT、CAD画图和各种办公软件，不是幕墙。装饰专业、不能随项目上班别投简历、 工作地点 合肥包河区金中环广场C座 以担保或任何理由索要财物，扣押证照，均涉嫌违法。一经发现， 立即举报,"工程施工,装饰装修",http://www.zhaopin.com/jobdetail/CC640712830J40945306008.htm?refcode=4019&srccode=401901&preactionid=7e5ca478-7226-4786-8ee1-2e7e4342eab6
项目经理,芜湖天海电装有限公司,5000-8000元,芜湖·弋江区·芜湖高新技术产业开发区,广州,大专,1-3年,7月31日,zhilian,岗位职责： 1.协助公司营销部门的市场开发，并提供报价支持 2.负责组织新项目技术评审，负责组织新项目技术评审，技术评审资料的编制、汇总、评审、及问题传递、跟踪。 3.负责组建和领导研发核心团队，制定项目任命和项目目标。 4.负责组织项目开发，带领项目团队制定并完成具体项目计划。 5.负责制定项目预算、设备、工装等资源计划。 6.负责维护客户关系，协调项目开发过程中的工作沟通和问题解决方案。 7.负责项目例会策划及实施，与相关方沟通项目进展、包括客户、团队成员和管理层等。 任职资格： 1.专科及以上学历 2.两年以上相关工作经验，参过过公司级项目2次以上 3.具有较强的沟通能力，协调能力，执行力 4.具备较强的英语听说读写能力（必备项） 5.熟练掌握项目管理基本知识和流程 工作地点 弋江区芜湖天海电装有限公司(西北门) 以担保或任何理由索要财物，扣押证照，均涉嫌违法。一经发现， 立即举报,"车身项目,汽车电子电器项目",http://www.zhaopin.com/jobdetail/CC574869520J40865892805.htm?refcode=4019&srccode=401901&preactionid=7e5ca478-7226-4786-8ee1-2e7e4342eab6
项目经理,武汉欧瑞电气有限公司,4000-8000元,武汉·江夏,广州,大专,1-3年,7月31日,zhilian,岗位职责​ 客户开发与维护：积极开拓新客户，深入了解客户需求，为其提供专业的电气产品解决方案；同时，维护现有客户关系，定期回访，确保客户满意度，促进长期合作。​ 产品销售：负责公司电气产品的销售工作，包括但不限于高低压电器、输配电设备、仪器仪表等，完成个人销售任务指标。​ 市场调研：密切关注市场动态和竞争对手信息，收集、分析市场数据，为公司产品研发和市场策略调整提供依据。​ 项目跟进：参与项目投标、商务谈判等工作，跟进项目进度，协调公司内部资源，确保项目顺利实施和交付。​ 客户服务：及时处理客户的咨询、投诉和售后问题，提供优质的客户服务，树立公司良好的品牌形象。​ 任职要求​ 学历与专业：大专及以上学历，电气自动化、机电一体化、市场营销等相关专业优先。​ 工作经验：具有 1 - 3 年电气产品销售经验者优先考虑；优秀应届毕业生也可投递，公司将提供完善的培训和发展机会。​ 技能要求：熟悉电气产品知识，了解行业标准和规范；具备良好的沟通能力和销售技巧，能够有效地与客户进行沟通和谈判；具备较强的学习能力和市场开拓能力，能够快速适应市场变化。​ 个人素质：具备良好的团队合作精神，责任心强，工作积极主动，有较强的抗压能力；具备较强的执行力和应变能力，能够独立解决问题。​ 其他要求：持有 C1 及以上驾照，能够适应短期出差。​ 薪资福利​ 薪资待遇：具有竞争力的薪资体系，包括基本工资、绩效奖金、销售提成等，综合薪资 3500 - 15000 元 / 月，上不封顶。​ 福利待遇：缴纳五险，提供带薪年假、病假、婚假、产假等法定假期；定期组织员工体检、团建活动；提供丰富的培训和晋升机会，助力员工职业发展。 工作地点 武汉江夏区蔡王新村2号厂房 以担保或任何理由索要财物，扣押证照，均涉嫌违法。一经发现， 立即举报,"电气机械/电力设备,仪器仪表,专用设备制造,通用设备制造",http://www.zhaopin.com/jobdetail/CCL1500300440J40924751712.htm?refcode=4019&srccode=401901&preactionid=7e5ca478-7226-4786-8ee1-2e7e4342eab6
项目经理,江苏科达斯特恩汽车科技股份有限公司,1.2-1.8万,芜湖·鸠江区·芜湖经济技术开发区,广州,大专,1-3年,11月11日,zhilian,职位描述 汽车工艺项目 产品研发 产品验收 产品内部审核 新能源/燃油车零部件 1 在项目管理部经理的直接领导下，负责项目开发的相关工作，一切对项目管理部经理负责。 2 负责新产品的试制和认可工作； 3 负责新产品开发阶段的设计、工艺和质量管控； 4 完成分管的新产品从试制到批产的原料、工艺、工装治具、设备的准备工作； 5 外协、外购件第一供方的开发和管控工作； 6 制定分管产品的作业指导书、消耗定额、检验标准，包装运输规范等相关技术文件； 7 记录汇总产品试制过程中的问题点，拟定整改方案并汇报给项目经理后验证实施； 8 详细记录新产品的开发过程，做到可追溯； 9 完成上级交办的其他临时性工作任务。 10 负责制定项目开发工作计划。 11 负责跟进各项目的开发进度计划。 12 负责与各方沟通，获取项目信息。 13 每周呈交日清表至项目管理部经理。 14 负责跟进项目研发进程，协调人员解决研发过程中的各类技术问题。 15 负责审核技术中心考核指标达成情况，并制定改善方案。 16 项目完成后的经验教训总结。 工作地点 安徽省芜湖市鸠江区淮海路9号 以担保或任何理由索要财物，扣押证照，均涉嫌违法。一经发现， 立即举报,"汽车工艺项目,产品研发,产品验收,产品内部审核",http://www.zhaopin.com/jobdetail/CC467413710J40497899905.htm?refcode=4019&srccode=401901&preactionid=7e5ca478-7226-4786-8ee1-2e7e4342eab6
项目经理,北京尚博信科技有限公司,8000-13000元,滨州·博兴县·城东街道,广州,本科,3-5年,7月31日,zhilian,职位描述 软件/IT服务 1. 负责公司面向国央企等客户的IT项目生命周期管理，包括项目启动、计划、执行、监控、验收、回款及质保期衔接，对项目进度、质量、成本、风险、客户满意度负总责。 2. 负责与甲方信息中心、业务部门、项目管理部门及相关领导对接，建立规范沟通机制，定期汇报项目进展，及时响应客户合理诉求，维护良好客户关系。 3. 组织开展需求调研与范围确认，编制项目实施计划、里程碑计划等，按计划推进实施，确保项目按期交付。 4. 统筹协调公司内部开发、测试、实施、运维等资源，合理调配资源，确保项目交付。 5. 把控项目交付质量，组织测试、用户测试、上线部署等实施工作。 6. 牵头组织项目阶段验收与最终验收，跟进甲方验收评审、整改，推动项目按期验收。 7. 负责项目团队日常管理、工作分配、纪律规范，保障现场服务形象。 8. 项目交付后衔接运维服务，跟踪售后问题。 9. 完成公司交办的其他与项目管理相关的工作任务。 工作地点 滨州博兴县山东京博控股集团有限公司 以担保或任何理由索要财物，扣押证照，均涉嫌违法。一经发现， 立即举报,项目管理,http://www.zhaopin.com/jobdetail/CC219197610J40896333713.htm?refcode=4019&srccode=401901&preactionid=7e5ca478-7226-4786-8ee1-2e7e4342eab6
项目经理,上海长山岛广告有限公司,9000-11000元,上海·宝山·友谊路,广州,本科,3-5年,5月8日,zhilian,职位描述 广告/公关/营销 岗位内容： 1. 负责项目规划、组织、实施和监督，确保项目在时间、成本和质量等方面达成预期目标； 2. 合理分配项目资金和资源，并对项目进展情况进行控制和协调； 3. 建立和维护良好的客户关系，有效地处理客户投诉和疑虑； 4. 针对项目中出现的问题，及时提出解决方案并落实； 任职要求： 1. 5年以上项目管理经验，具备较强的组织、协调、沟通、领导和问题解决能力； 2. 熟练掌握项目管理工具和方法，能够快速适应新技术和新环境； 3. 良好的客户服务意识和高度的责任心； 4. 学历不限，相关专业优先。 工作地点 宝山区上海长山岛广告有限公司 以担保或任何理由索要财物，扣押证照，均涉嫌违法。一经发现， 立即举报,项目管理 客户服务,http://www.zhaopin.com/jobdetail/CC252655710J40939440315.htm?refcode=4019&srccode=401901&preactionid=7e5ca478-7226-4786-8ee1-2e7e4342eab6
项目经理,瑞鹄汽车模具股份有限公司,6000-10000元·14薪,芜湖·鸠江区·湾里街道,广州,本科,经验不限,7月21日,zhilian,职位描述 汽车工艺项目 新能源/燃油车零部件 1.负责对新项目进行整体策划和规划，编制项目开发网络计划，要求制作单位按照网络计划和技术协议要求编制节点计划并实施跟踪；并推动实施； 2.负责主导整个项目开发、组织、协调和监控项目小组的各项工作； 3.负责与项目实施方沟通，负责在公司内部组织资源，完成各项实施任务，定期组织召开项目管理小组会议及项目推进会； 4.负责与客户进行对接，按照各项目的《技术协议》节点要求提供给客户相关交付物； 5.负责参加客户定期召开的项目例会，并将会议上的项目动态和客户要求落实给项目管理小组各成员及实施部门； 任职要求： 1.本科及以上学历，英语听说读写流利，具备良好的口头和书面表达能力； 2.熟悉汽车行业知识，了解汽车市场动态，具备基本的行业分析和判断能力； 3. 具备项目管理和团队协作能力，熟悉项目管理方法和工具，具备良好的沟通协调能力； 4.具备较强的抗压能力与责任心，能适应项目的快速节奏与需求变化，工作积极主动，有强烈的自我驱动力； 5.有强烈的责任心和自我驱动力，对工作认真负责，积极主动，有团队合作精神。 工作地点 芜湖鸠江区瑞鹄汽车模具股份有限公司22号 以担保或任何理由索要财物，扣押证照，均涉嫌违法。一经发现， 立即举报,汽车工艺项目,http://www.zhaopin.com/jobdetail/CC345791630J40917801315.htm?refcode=4019&srccode=401901&preactionid=7e5ca478-7226-4786-8ee1-2e7e4342eab6
项目经理,上海适途汽车技术有限公司,9000-14000元·13薪,安庆·宜秀区·菱北街道,广州,大专,1-3年,8月1日,zhilian,职位描述 新能源/燃油车零部件 职责 1.负责项目全生命周期管理(负责监控项目实施过程，包括时间进度、成本、范围质量、人员等的状态，以保证项目按计划顺利完成); 2.协调项目组内的工作任务，配合项目经理进行任务的安排; 3.负责项目相关文档的编写工作，包括需求、设计、操作手册、测试报告、验收报告 4.完成项目进程中的相关工作及资源的协调; 工作地点 安庆宜秀区新渡路 以担保或任何理由索要财物，扣押证照，均涉嫌违法。一经发现， 立即举报,新能源/燃油车零部件,http://www.zhaopin.com/jobdetail/CC429165610J40798088613.htm?refcode=4019&srccode=401901&preactionid=7e5ca478-7226-4786-8ee1-2e7e4342eab6
项目经理,江苏基久网络科技有限公司镇江分公司,7000-11000元,镇江·京口区·丁卯街道,广州,高中,1-3年,7月9日,zhilian,职位描述 国网项目管理 跨部门协作 风险预案制定 工作要求：高中及以上学历。同时具备高压电工证，登高证。 工作内容：从事电力通信工程施工、抢修、巡检、运维项目管理。有交付国网项目经验优先，具备电工证，登高证者优先。。 工作地点 镇江京口区国家电网(丁卯桥路) 以担保或任何理由索要财物，扣押证照，均涉嫌违法。一经发现， 立即举报,"国网项目管理,跨部门协作,风险预案制定",http://www.zhaopin.com/jobdetail/CC375172480J40995254204.htm?refcode=4019&srccode=401901&preactionid=7e5ca478-7226-4786-8ee1-2e7e4342eab6
项目经理,新疆西帕科技产业集团有限公司,8000-10000元,乌鲁木齐·沙依巴克区,广州,大专,1-3年,6月24日,zhilian,岗位职责 （拥有建造师资格证者优先录用） 1. 负责无人机反制系统、软硬件集成项目的现场实施、落地交付及全过程项目管理，统筹项目进度、质量、安全及成本管控，保障项目按期验收交付。 2. 对接客户、厂商及合作方，完成需求对接、方案落地、现场勘测、施工部署、设备安装调试、系统联调等全流程实施工作。 3. 负责项目现场问题排查、技术协调及风险管控，及时解决实施过程中的软硬件适配、系统调试、施工衔接等各类问题。 4. 统筹项目资料整理、过程归档、验收对接，完成项目交付、售后交接及复盘总结工作。 5. 配合售前完成项目技术方案、报价、标书技术内容支撑，协助完成项目落地前筹备工作。 二、岗位要求 1. 大专及以上学历，电子信息、通信、自动化、计算机等相关专业，1-3年安防、无人机反制、系统集成项目实施管理经验。 2. 熟悉无人机反制设备、射频、光电、安防监控等相关软硬件原理，掌握弱电、网络布线、系统集成施工及调试流程。 3. 具备独立跟进项目现场实施、统筹施工、对接客户及解决现场问题的能力，懂项目进度、质量管控流程。 4. 具备良好的沟通协调、抗压及落地执行能力，能适应短期出差、驻场实施。 5. 有无人机反制、军警安防、智慧城市系统集成项目经验者优先，持有PMP、弱电、安防相关证书优先。 工作地点 沙依巴克区西帕集团新疆乌鲁木齐市经济技术开发区(头屯河区)鄱阳路336号轨道交通产业总部基地线网中心A区16层 以担保或任何理由索要财物，扣押证照，均涉嫌违法。一经发现， 立即举报,项目管理 技术方案,http://www.zhaopin.com/jobdetail/CCL1237820190J40910328612.htm?refcode=4019&srccode=401901&preactionid=7e5ca478-7226-4786-8ee1-2e7e4342eab6
项目经理,一度(海南)控股集团有限公司,7000-14000元,天津·河西·友谊路,广州,学历不限,3-5年,6月16日,zhilian,岗位职责（核心责任） 1. 经营结果责任：对项目的利润、回款、成本等财务指标负责，确保项目实现预期的投资回报。 2. 全周期管理责任：统筹项目从前期策划、报建、设计、采购、施工、交付到运营（如有）的全过程。 3. 关键干系人管理：代表项目方与政府、业主、合作方、分包商等高层建立并维护关系，解决重大外部问题。 4. 团队与安全责任：领导项目核心团队，对项目现场的安全、质量、合规性承担最终责任。 二、具体工作内容（日常要做的事） · 经营与策划：制定并执行项目整体商业计划、资金计划及利润目标；参与或主导重大合同谈判（如总包、关键设备采购）。 · 进度与成本控制：审批项目总体进度计划和预算，定期监控偏差并采取纠偏措施（如赶工、变更洽商）。 · 风险与问题决策：识别项目层面的重大风险（政策、资金、地质等），决策应对方案；处理现场突发危机（如安全事故、群体事件）。 · 对外协调：对接政府办理核心证照（规划、施工、预售等）；协调设计、监理、总包、分包之间的重大利益冲突。 · 团队与考核：搭建项目组织架构，招聘或提名关键岗位（如总工、商务经理）；审批绩效考核及奖金分配方案。 · 报告与复盘：定期向公司总部或董事会汇报项目经营状况；组织项目后评估，沉淀经验教训。 工作地点 天津市-河西区-西园道18号 以担保或任何理由索要财物，扣押证照，均涉嫌违法。一经发现， 立即举报,"商业地产项目,商业建筑,办公建筑",http://www.zhaopin.com/jobdetail/CCL1483781010J40875081405.htm?refcode=4019&srccode=401901&preactionid=bbdc829b-25cb-49be-adcb-ff003a360953
项目经理,长春晶远国际会展集团有限公司,6000-10000元,长春·南关·明珠,广州,本科,经验不限,7月3日,zhilian,岗位职责： 1、项目统筹策划：独立主导各类会展项目整体策划，深度调研行业趋势、参展需求与市场痛点，制定完整可落地的项目策划方案、执行流程与预算规划，审核方案细节并优化调整，确保项目定位精准、具备市场竞争力；统筹项目前期筹备全流程，协调内部资源推进前期准备工作。 2、招商与客户拓展：全权负责项目招商工作，制定招商策略与目标，带队挖掘优质参展商、合作方资源，主导核心客户洽谈、合作签约与回款跟进；精准对接参展商需求，解答招商相关疑问，敲定合作细节，保障招商任务按期达标。 3、现场执行与展位落位：全面把控会展现场执行工作，统筹展位规划、落位排布、场地布置、设备搭建、人员调度等事宜，制定现场执行细则与应急预案；全程坐镇现场指挥，及时处理各类突发问题、客户诉求与流程障碍，保障展会有序、高效落地，把控现场服务质量。 4、客户对接与关系维护：牵头核心参展商、合作方的日常对接与关系维护工作，建立长期稳定的合作链路；及时响应客户需求、反馈合作问题，做好后续合作跟进与服务升级，提升客户复展率与满意度。 5、团队管理与复盘优化：带领部门团队开展日常工作，分配工作任务、指导下属实操、把控工作质量；负责项目结束后的复盘总结，整理项目数据、分析成效与不足，优化后续项目流程与工作方法；做好项目资料、客户档案、招商数据的归档管理。 6、跨部门协同：联动市场营销、行政、财务等部门，协同推进项目宣传、资源对接、费用核算等工作，保障各环节无缝衔接。 7、要求：性格外向，善于倾听，口头表达能力强，应变能力佳，诚实守信，目标感强。 工作地点 长春南关区瑞邦城市广场-B座 以担保或任何理由索要财物，扣押证照，均涉嫌违法。一经发现， 立即举报,"全国区域,乙方经验",http://www.zhaopin.com/jobdetail/CC839702780J40779293906.htm?refcode=4019&srccode=401901&preactionid=bbdc829b-25cb-49be-adcb-ff003a360953
项目经理,嘉兴军胜电子科技有限公司,6000-8000元,嘉兴·秀洲区·高照街道,广州,本科,1-3年,6月5日,zhilian,岗位职责： 1、负责分管项目任务分析，进行任务策划与风险分析，制定并落实风险应对与控制预案； 2、依据客户计划需求，编制与调整月度生产计划，并完成计划考核，确保产品按期交付； 3、负责项目前期策划、订单整理与评审，跟踪落实评审待办事项； 4、组织协调生产过程中各项工作，协调产品流转及转工序，推动解决生产问题，及时向上级汇报重大异常； 5、维护客户关系，组织生产相关会议，加强跨部门协调与合作； 6、完成分管项目年度经济指标及上级交办的其他任务。 任职要求： 1、本科及以上学历； 2、具备较强的组织、计划、控制、协调能力，工作认真负责，沟通能力强； 3、熟练运用Office等办公软件，具备一定文字功底； 4、具有项目执行与进度管控经验，掌握良好的项目管理与沟通技巧。 工作地点 秀洲区嘉兴军胜电子科技有限公司 以担保或任何理由索要财物，扣押证照，均涉嫌违法。一经发现， 立即举报,通用设备制造,http://www.zhaopin.com/jobdetail/CC297290630J40830704910.htm?refcode=4019&srccode=401901&preactionid=bbdc829b-25cb-49be-adcb-ff003a360953
项目经理,湖北美标汽车制冷系统有限公司,7000-13000元·13薪,芜湖·鸠江区·芜湖经济技术开发区,广州,本科,3-5年,6月3日,zhilian,岗位职责： 1.与市场开发人员对项目进行分析和需求策划，与客户保持良好沟通协作； 2.负责公司A/B/C类项目的实施管理，协调项目资源，全面推动项目工作进度顺利进行； 3.A/B类项目按APQP开发计划流程执行管理，确保交付物合格交付客户，对项目成本/交付/质量全面负责，定期对项目各阶段文件进行整理和归档； 4.C类项目作为新产品正常跟进客户需求并及时转产； 5.支持并配合项目组成员要求，协调项目相关方职能部门的资源推动项目进度； 6.部分市场的销售/订单/交付/回款/质量反馈等工作； 7.完成领导安排的临时性工作； 8.定期召开项目例会回顾/安排工作。 任职要求： 1. 本科及以上学历，理工科相关专业； 2. 3年以上汽车零部件项目管理经验，能按APQP开发流程执行项目管理，对项目成本/交付/质量等各方面有较强的掌控能力； 3. 具有良好的统筹及沟通协调能力，强烈的工作责任心及进取心、成功欲望。 4. 英语熟练优先。 奖金绩效 项目奖励 工作地点 鸠江区朗信(芜湖)电气科技项目赤铸山东路22号 以担保或任何理由索要财物，扣押证照，均涉嫌违法。一经发现， 立即举报,项目管理,http://www.zhaopin.com/jobdetail/CC148110350J40828006514.htm?refcode=4019&srccode=401901&preactionid=bbdc829b-25cb-49be-adcb-ff003a360953
项目经理,中鹭文化传媒(河北)有限公司,6000-8000元,石家庄·裕华·建华南,广州,大专,1-3年,7月16日,zhilian,职位描述 乙方经验 广告/公关/营销 会议/展览/活动 岗位内容： 1. 负责项目从立项到验收的全过程管理，确保项目按时交付、质量达标； 2. 制定项目计划和预算，并监督执行情况，及时解决项目中出现的问题； 3. 协调内部各部门资源，确保项目进度和质量； 4. 与客户沟通协调，及时反馈项目进展和问题。 任职要求： 1. 大专及以上学历，2年及以上广告行业项目管理经验，有驾照。 2. 负责客户对接与业务沟通，准确对接需求、维护客户关系。 3. 统筹项目全流程，把控进度、节点与整体运作。 4. 安排现场各项工作，及时处理现场突发问题，保障落地交付。 5. 工作认真负责，抗压能力强，具备良好统筹与执行能力。 工作地点 石家庄市裕华区体育南大街联创壹号 以担保或任何理由索要财物，扣押证照，均涉嫌违法。一经发现， 立即举报,乙方经验,http://www.zhaopin.com/jobdetail/CCL1425209700J40863120409.htm?refcode=4019&srccode=401901&preactionid=bbdc829b-25cb-49be-adcb-ff003a360953
项目经理,宁德聚能动力电源系统技术有限公司,7000-10000元,宁德·蕉城区·漳湾镇,广州,大专,3-5年,10月10日,zhilian,岗位职责： 1、负责项目的全过程管理，包括立项、策划、执行、监控与交付； 2、协调研发、生产、采购、质量、工艺等部门，推动项目按计划进度、成本和质量目标顺利实施； 3、编制项目计划（如甘特图）、项目进度报告、风险评估报告及阶段性总结； 4、组织项目评审会议（如启动会、阶段评审、结项评审），并跟踪问题闭环； 5、跟进试产、中试及量产导入过程，解决工程问题，确保产品顺利转产； 6、识别项目风险，制定应对措施，及时预警并推动解决； 7、完成上级交办的其他相关工作。 任职要求： 1、大专及以上学历，机械、电子、自动化、工业工程、项目管理或相关工科专业； 2、熟悉项目管理流程（如PMP、APQP、IPD等），具备良好的项目统筹与协调能力； 3、熟练使用办公软件，具备良好的沟通能力、抗压能力及团队协作精神，能适应跨部门协作； 4、身体健康，责任心强，有一定的抗压能力。 优先考虑： 1、持有PMP证书者； 2、有大型项目管理经验者（适用于新能源类企业）。 工作地点 福建省宁德市蕉城区漳湾镇疏港路117号 以担保或任何理由索要财物，扣押证照，均涉嫌违法。一经发现， 立即举报,采购 项目管理 跨部门协作 APQP,http://www.zhaopin.com/jobdetail/CC643653520J40817730405.htm?refcode=4019&srccode=401901&preactionid=bbdc829b-25cb-49be-adcb-ff003a360953
项目经理,上海德许机电设备有限公司,8000-12000元,上海·徐汇·虹梅路,广州,本科,5-10年,9月27日,zhilian,岗位职责： 1、负责工程项目前期实施的相关工作； 2、负责工程项目从施工准备至竣工验收全过程的日常管理； 3、全面负责项目的进度、质量、成本、安全文明施工等各项工作，完成公司下达的各项管理指标； 4、建立、健全项目各项管理制度； 5、负责项目实施全过程与项目各参与方的沟通协调； 6、完成领导交办的其它工作。 岗位要求： 1、 2、本科以上学历，机电工程相关专业； 3、拥有市政（水务、环境等）行业项目经验优先； 4、持机电工程一级或二级建造师证优先； 5、能熟练使用word、excel、CAD等办公软件； 6、具备项目施工管理的专业理论知识，具有较强的项目施工管理、合约管理、项目成本管理的实践经验； 7、具有企业5年及以上机电工程施工工作经验，担任过2个及以上项目经理或副经理职务者优先； 8、具有C1驾照并且能独立驾驶和电工证者优先； 9、性格开朗、善于沟通、抗压能力强。 福利待遇: 1、五险一金； 2、带薪年假、年终奖； 工作地点： 上海 工作地点 上海徐汇区虹漕路/田林路(路口) 以担保或任何理由索要财物，扣押证照，均涉嫌违法。一经发现， 立即举报,机电设备安装工程项目经理,http://www.zhaopin.com/jobdetail/CCL1483722890J40804969510.htm?refcode=4019&srccode=401901&preactionid=bbdc829b-25cb-49be-adcb-ff003a360953
项目经理,辽宁中垚建筑工程有限责任公司,6000-12000元,鞍山·立山区·深沟寺街道,广州,大专,3-5年,7月27日,zhilian,岗位职责： 1.负责项目的日常管理工作，包括：项目协调、安全文明施工，质量进度等现场整体工作。 2.编制施工计划、组织现场人、材、机资源进场。 3.参与项目图审，参与建设单位、监理单位生产例会。 4.管理各分项工程，并定期召开生产例会，参与各分项工程的验收与交接。 任职要求： 1.建筑工程、工民建、土木工程等建筑类相关专业，大专及以上学历。 2.3-5年施工管理经验，熟悉工程项目实施流程，具备岗位所需的专业知识，能够熟练使用办公软件，具有独立识图能力。 3.熟悉国家相关政策及法律法规，责任心强、工作认真、具有良好的执业品德、具有较强的沟通表达能力及团队合作精神。 4.能适应长期出差，有驾照及驾驶经验者优先，持有职称证书、建造师证书者优先。 工作地点 辽宁省鞍山市立山区正阳三街16甲 以担保或任何理由索要财物，扣押证照，均涉嫌违法。一经发现， 立即举报,土建工程,http://www.zhaopin.com/jobdetail/CCL1360550650J40183215606.htm?refcode=4019&srccode=401901&preactionid=bbdc829b-25cb-49be-adcb-ff003a360953
项目经理,湖南碧泰环保科技有限公司,7000-12000元,长沙·岳麓·麓谷,广州,大专,3-5年,7月20日,zhilian,职位描述 环保 环卫项目储备经理 工作职责： 1.负责公司环卫项目的组织策划、方案制定等统筹工作。 2.在预算范围内优质地完成公司的目标利润，并使客户满意；能高效管控项目各项计划、善于管理经营，从而实现项目目标。 3.具备较强的风险判断能力和良好的人际沟通、协调能力，较好的公关、商务谈判及抗压能力；负责业务方的日常沟通和关系维护。 任职要求： 1.专科及以上学历；具有环卫行业管理相关工作经验者优先考虑。 2.具备较强的良好的人际沟通、协调能力，分析和解决问题的能力。 3.具备较强的事业心及一定的领导能力。 4.能适应出差及工作地的调动。 职位福利： 待遇8000-12000，五险一金、绩效奖金、包住 工作地点：服从全国派驻，工作地点根据中标项目地点待定。 联系人：高女士************* 工作地点 长沙岳麓区环创企业广场 以担保或任何理由索要财物，扣押证照，均涉嫌违法。一经发现， 立即举报,环保,http://www.zhaopin.com/jobdetail/CC828291250J40250660403.htm?refcode=4019&srccode=401901&preactionid=bbdc829b-25cb-49be-adcb-ff003a360953
项目经理,数字广东网络建设有限公司佛山市分公司,1.2-1.8万,佛山·顺德·乐从,广州,本科,1-3年,7月10日,zhilian,职位描述 软件项目 信息化项目 系统集成项目 信息系统项目管理师 计算机软件 计算机硬件 职称要求：具备中高级及以上职称，职称专业需与计算机相关领域匹配。 专业背景：本科及以上学历，计算机类相关专业（计算机科学与技术、软件工程、信息工程等）。 证书要求：持有软考证书者优先（如软件工程师、信息系统项目管理师等），无软考证书需提供可证明专业能力的相关资质材料。 工作经验：具备信息化相关项目经验，熟悉信息化项目实施、运维、管理等相关流程，能独立完成岗位相关工作任务。 其他要求：具备良好的沟通协调能力、责任心强，工作严谨细致，能服从分公司工作安排，具备较强的团队协作意识和问题解决能力。 工作地点 佛山顺德区新睿广场数字广东 以担保或任何理由索要财物，扣押证照，均涉嫌违法。一经发现， 立即举报,"软件项目,信息化项目,系统集成项目,信息系统项目管理师",http://www.zhaopin.com/jobdetail/CC835647500J40936860115.htm?refcode=4019&srccode=401901&preactionid=bbdc829b-25cb-49be-adcb-ff003a360953
项目经理,一通(河南)信息科技有限公司,9000-14000元,丽水·莲都区·岩泉街道,广州,大专,3-5年,7月29日,zhilian,职位描述 软件/IT服务 主要职责 1. 进场开展业务调研，基于现有初步建设方案梳理业务内容，输出完整需求清单、PRD需求文档； 2. 需求梳理完成后，协同甲方确定项目整体工期、划分各阶段里程碑计划； 3. 项目全过程进度管控、风险识别与跟进协调，作为现场对接接口人； 4. 跟进项目全生命周期，直至系统上线、整体验收完成。 技能要求 1. 具备3年以上信息化项目实施、项目管理经验； 2. 熟练开展业务需求调研，能够独立编制PRD、需求规格说明书； 3. 了解前后端开发基础技术，可高效与开发人员开展技术沟通； 4. 优秀现场沟通协调能力，能够快速推进问题落地协调。 工作地点 莲都区丽水市工人文化宫 以担保或任何理由索要财物，扣押证照，均涉嫌违法。一经发现， 立即举报,项目管理,http://www.zhaopin.com/jobdetail/CCL1445690250J40877450710.htm?refcode=4019&srccode=401901&preactionid=bbdc829b-25cb-49be-adcb-ff003a360953
项目经理,成都校之盟纺织品有限公司,7000-12000元,成都·金牛·金泉,广州,大专,1-3年,11月6日,zhilian,职位描述 服装销售 鞋服箱包批发/零售/贸易 1、负责客户的拜访、订单的促成、合同的签订。 2、负责公司客户的维护及管理。 3、负责客户资料的收集、整理、汇总及汇报。 4、负责校服的开标。 5、负责客户货品交货跟进与管理。 任职要求： 1.大专以上学历，热爱服装市场销售工作，有校服、制服、运动服相关工作2年以上经验； 2.会驾驶，能熟练驾驶手动档； 3.有上进心、吃苦耐劳，有较强的沟通能力与应变能力 4.有较强市场、陌生渠道的开拓能力； 5.善于学习，有较强的进取精神和团队协作能力。 职位福利：带薪年假、员工旅游、绩效奖金、五险一金、周末双休 工作地点 成都金牛区蜀西路盛大国际 以担保或任何理由索要财物，扣押证照，均涉嫌违法。一经发现， 立即举报,服装销售,http://www.zhaopin.com/jobdetail/CCL1210349560J40047974413.htm?refcode=4019&srccode=401901&preactionid=bbdc829b-25cb-49be-adcb-ff003a360953
项目经理,竞业达,8000-12000元,杭州·余杭·仓前,广州,大专,3-5年,3月23日,zhilian,岗位职责： 1、能独立完成智慧教学项目、平安校园项目的交付工作； 2、制定进度、方案等施工组织； 3、服从公司管理及交代的其它工作； 4、有一定的商务意识，发现商机、并重视商机； 任职要求： 1、统招大专以上学历，熟悉多媒体教室中控、音响、视频、安防监控等设备； 2、能独立处理教室问题，保证多媒体教学系统正常运行 ，可以独立完成售后工作； 3、熟悉网络架构，沟通能力强； 4、熟悉项目交付流程、能独立完成项目的实施，调试，验收，培训，推广，有基本的商务意识； 5、可独立完成竣工图纸的编制，文档材料的编制，有过百万级信息化项目交付经验。 上班地点 工作地点 杭州余杭区云城·金龙中心D10幢1305室 以担保或任何理由索要财物，扣押证照，均涉嫌违法。一经发现， 立即举报,培训,http://www.zhaopin.com/jobdetail/CC000563930J40880953803.htm?refcode=4019&srccode=401901&preactionid=720ce6fb-e425-465f-86b8-10d84a3bcd64
项目经理,工科实业集团有限公司,8000-10000元,西安·雁塔·大雁塔,广州,大专,5-10年,7月27日,zhilian,岗位职责： 1、贯彻执行公司各项管理制度的规定和要求，确定项目质量目标、环境目标和安全目标，建立岗位职责和相关的管理制度； 2、对产品实现全过程负责，代表公司履行与业主签订的合同，保证工程质量、工期、工程成本、实现安全生产； 3、负责各种资源配备的策划和落实工作；负责项目团队组建工作； 4、组织开工前的各项准备工作； 5、做好施工现场文明施工、安全生产、治安防范工作； 6、成本管理，对成本负全责。审查项目财务、材料帐目掌握经营情况； 7、对项目负全部管理责任。 任职资格： 1、具备二级/一级建造师（水利）证书及安全B证。 2、从事水利工程施工不少于10年； 担任项目经理不少于5年，期间负责项目不少于2个； 3．熟练掌握项目施工工艺、细部做法和现场组织管理； 4．有较强的组织管理、沟通协调和商务洽谈能力； 5．熟练掌握施工各专业知识，具备全局统筹水平； 注：必须为水利建造师及水利工程经验，请仔细阅读，经验及证书不符合者，请勿投递。 工作地点 西安雁塔区西影路396号 以担保或任何理由索要财物，扣押证照，均涉嫌违法。一经发现， 立即举报,"一级建造师,二级建造师,水利工程",http://www.zhaopin.com/jobdetail/CC590458226J00369998007.htm?refcode=4019&srccode=401901&preactionid=720ce6fb-e425-465f-86b8-10d84a3bcd64
项目经理,无锡贝康尔美科技有限公司,9000-15000元,无锡·新吴·鸿山,广州,大专,5-10年,3月4日,zhilian,"岗位职责： 1、根据公司发展规划，负责公司新项目方案的制定、实施工作流程：讨论-立项-可研报告编制-项目相关手续报批-项目进度计划-启动实施。 2、负责新项目的成本预算。 3、负责产品规划、产品定义和产品设计组件，完成产品的立项。 4、负责协调合作整合资源,组织进行研发设计ID/结构/硬件，进行设计。 5、负责跟进项目的研发、测试以及验证。 6、负责产品结构设计、工艺评估、技术评审、技术改进等相关文件资料、流程方案的编写。 7、负责开模前成本评估，编制BOM，重点供应商定型，硬件功能定义，熟悉新产品开发流程及产品工艺和质量标准。 8、负责产品试产导入，组建项目小组推进。 9、负责产品量产定型，与客户最终定义封样。 任职要求： 1、大专以上学历，机械、注塑等相关专业； 2、熟悉产品研发所有工艺流程，组装厂生产流程，供应链流程，5年以上相关工作经验； 3、具有较强的策划能力，对产品和运营敏感，思维清晰有条理； 5、具有强烈的责任心和上进心； 6、具有较强的沟通能力和协调能力。 工作地点 无锡新吴区东成塑胶五金厂 以担保或任何理由索要财物，扣押证照，均涉嫌违法。一经发现， 立即举报","小家电,园林工具",http://www.zhaopin.com/jobdetail/CCL1353576820J40919506708.htm?refcode=4019&srccode=401901&preactionid=720ce6fb-e425-465f-86b8-10d84a3bcd64
项目经理,成都安诚迅飞电子科技有限公司,1.3-1.8万·13薪,成都·双流·新兴,广州,本科,1-3年,7月15日,zhilian,岗位职责： 1、负责项目的实施清单分解，若图纸有异议部分文件形式提交业务部门协调，其余的根据审核结果，提交深化设计的图纸和分解清单，确认后作为施工图和采购依据; 2、编制项目施工计划、采购计划，组织项目分解，划分主要工作内容和工作量，确定项目阶段性目标的控制点:保证项目计划的实施; 3、负责编制项目总体方案，包含:人员组织结构、施工方案、工艺标准、产品验收、质量安全措施、总进度计划表等; 4、根据进度计划，跟踪采购进度，并根据实际博况控制采购数量，货到现场及时验收，确认发货清单； 5、组织项目的文档资料的收集与管理，施工过程往来的文件记录在册，过程文件及时找相关负责签验，竣工验收后的文档、图纸、资料及时上传归档; 6、负责与公司内部、客户、分包方就工程及其他方面进行协商，确保项目的顺利进行，对项目实施方案、三大技术措施、设备采购建议、资源调配、进度计划安排等顺题进行及时决策。 任职要求: 1、电子信息工程、电子科学及技术、电子通信工程、项目管理本科及以上学历，硕士及以上学历优先; 2、具有5年以上项目管理经验; 3、具有中级或以上项目管理资格认证; 工作地点 双流区成都德辰博睿科技有限公司 以担保或任何理由索要财物，扣押证照，均涉嫌违法。一经发现， 立即举报,"半导体/芯片,仪器仪表",http://www.zhaopin.com/jobdetail/CC319333410J40881170505.htm?refcode=4019&srccode=401901&preactionid=720ce6fb-e425-465f-86b8-10d84a3bcd64
项目经理,天津中海工程管理咨询有限公司,7000-12000元,天津·滨海新区·北塘,广州,本科,5-10年,7月30日,zhilian,职位描述 石油化工工程 一级建造师 二级建造师 土建工程 工程施工 技术服务 工作职责 1. 负责工程咨询项目的全生命周期管理，包括项目启动、规划、执行、监控与收尾，确保项目目标（质量、进度、成本）达成。 2. 主导项目团队搭建与资源协调，统筹设计、造价、监理等多专业人员协同工作，解决项目执行中的关键问题。 3. 对接业主方需求，定期汇报项目进展，管理客户期望，维护良好的合作关系。 4. 负责项目风险识别与管控，制定应急预案，确保项目合规性与安全性。 任职要求 1. 本科及以上学历，工程管理、土木工程、工程造价等相关专业。 2. 持有二级建造师及以上执业资格证书，拥有5年以上工程咨询或项目管理经验，具备独立负责中型及以上项目的经验。 3. 具备优秀的沟通协调能力与问题解决能力，能有效推动跨部门协作。 工作地点 天津滨海新区荣晟广场 以担保或任何理由索要财物，扣押证照，均涉嫌违法。一经发现， 立即举报,"石油化工工程,一级建造师,二级建造师,土建工程",http://www.zhaopin.com/jobdetail/CC607926830J40792766706.htm?refcode=4019&srccode=401901&preactionid=720ce6fb-e425-465f-86b8-10d84a3bcd64
项目经理,盐城滨海悦达城市服务有限公司,6000-10000元,盐城·亭湖区,广州,大专,1-3年,5月12日,zhilian,岗位职责: 1.协助组织环卫项目的落地调研、摸底、编制管理方案； 2.按照负责人要求推进环卫机械化作业模式的测试及落地； 3.负责项目部门目标制定、日常管理、培训及评估工作，执行上层相关的政策和制度； 4.组织驾驶环卫车队作业的管理及问题协调解决； 5.负责本地环卫项目的日常运营管理； 6.进行环卫作业路线、配套设施优化，人员效能提升等； 7.协助负责人进行安全作业培训并进行考核； 8.负责跟踪处理项目有效投诉，完善管理流程。 任职资格: 1.1年以上环卫公司项目管理或区域管理工作经验；具有大型集团化环卫公司管理工作经验者优先； 2.熟悉环卫装备或车辆设备，具备作业设备问题诊断或操作维修等经验优先； 3.有劳动密集型人员的管理经验，并下沉基层，具备细节问题的解决能力； 4.对人敏感、为人正直，诚实可信，积极主动，较好的抗压力； 5.大专及以上学历；学习能力好，吃苦耐劳，可适应出差； 6.转业及退伍军人优先； 工作地点 盐城亭湖区悦达·科创园 以担保或任何理由索要财物，扣押证照，均涉嫌违法。一经发现， 立即举报,政府项目,http://www.zhaopin.com/jobdetail/CCL1511515570J40841642611.htm?refcode=4019&srccode=401901&preactionid=720ce6fb-e425-465f-86b8-10d84a3bcd64
项目经理,超图软件,8000-12000元,乌鲁木齐·水磨沟区·六道湾街道,广州,本科,1-3年,6月8日,zhilian,岗位职责 1、项目计划编制，编制项目进度计划，并负责计划的更新和维护； 2、项目进度推进，负责从调研、需求、开发、测试、上线、验收到维护的全过程按计划进行推进； 3、项目问题跟踪，及时发现和收集项目中的风险和问题，及时与客户反馈并跟踪解决； 4、项目情况汇报，向上级及客户汇报项目进度及完成情况； 5、项目资料撰写，完成相关项目资料编写； 6、项目成果交付，对项目的用户及客户满意度负责； 7、深入了解必能掌握公司产品，收集并及时反馈用户需求，持续创新更加合理的解决方案，使用户获得更好的应用体验。 任职条件 1、大学本科及以上学历，具备项目管理的基本知识和技能，有IT公司项目管理工作经验者优先； 2、基本掌握计算机硬件、软件及网络基本知识，熟悉Oracle数据库相关知识； 3、了解软件或数据需求捕获方法，善于挖掘、分析和整理项目需求，能进行客户需求调研、项目策划并编制相关文档。 4、计算机、地理信息系统、测绘、遥感、城市规划、土地管理等相关专业优先； 5、有较强的计划性和执行能力、协调和沟通能力，责任心强； 6、工作积极主动，较强的抗压能力和学习能力，并具备团队合作精神。 工作地点 乌鲁木齐水磨沟区乌市南湖国苑业主小区1210 以担保或任何理由索要财物，扣押证照，均涉嫌违法。一经发现， 立即举报,"软件项目,PMP,地理信息,GIS",http://www.zhaopin.com/jobdetail/CC000573470J40887741213.htm?refcode=4019&srccode=401901&preactionid=720ce6fb-e425-465f-86b8-10d84a3bcd64
项目经理,云南保山恒益实业集团有限公司,7000-10000元,昆明·西山·永昌,广州,大专,3-5年,7月15日,zhilian,岗位职责： 1.制定项目计划和实施方案，独立完成CAD施工图设计。 2.同时管理多个项目现场，协调团队完成设备安装调试。 3.对接客户与内部部门，把控进度、成本与质量。 4.熟悉项目过程资料编制，有一定的文字功底，协调各部门工作并进行总结。 任职要求： 1.弱电、通信、工程造价等相关专业背景。 2.熟悉弱电工程，对电脑、服务器系统，视频监控、网络设备安装规划等有较强的基础知识。 3.性格开朗，乐于助人，思维逻辑清晰，善于表达。 4.抗压能力强，能适应长期出差，具备多项目协调能力。 5.会使用筑业/广联达软件者优先。 工作地点 昆明西山区螺蛳湾中心写字楼B栋21楼 以担保或任何理由索要财物，扣押证照，均涉嫌违法。一经发现， 立即举报,"政企软件项目,PMP,系统集成项目管理工程师,弱电工程,项目资料编制,广联达",http://www.zhaopin.com/jobdetail/CC890034530J40942939102.htm?refcode=4019&srccode=401901&preactionid=720ce6fb-e425-465f-86b8-10d84a3bcd64
项目经理,日新科宇汽车用品(大连)有限公司,1-1.7万,大连·金州·湾里,广州,本科,1-3年,7月30日,zhilian,岗位职责： 1、全面负责从项目立项到完成项目交付的全过程项目管理 2、负责项目的客户沟通工作 3、联动多部门及角色确认实施方案，收集和明确需求，保证各项资源投入，对项目进度进行控制和管理 4、跟踪制定项目目标并在过程中进行监督和管理 5、定期分析和汇总项目状态绩效，提交项目实施内外部阶段报告，多阶段项目状态总结管理 6、不断优化项目管理流程与工具，提高跨部门、跨地域项目团队的执行效率 任职资格： 1、本科以上学历，有汽车零部件工作经验优先 2、良好的沟通能力 ，团队写作能力和解决实际问题的能力 3、具有至少2年以上大型项目管理经验 4、抗压能力强，可以接受两地办公和出差 5、日语精通或英语精通，双语者尤佳 7、大连2人 武汉1人（至少2年常驻大连） 工作地点 金州区日新科宇汽车用品(大连)有限公司新厂 以担保或任何理由索要财物，扣押证照，均涉嫌违法。一经发现， 立即举报,新能源/燃油车零部件,http://www.zhaopin.com/jobdetail/CC583018220J40806920210.htm?refcode=4019&srccode=401901&preactionid=720ce6fb-e425-465f-86b8-10d84a3bcd64
项目经理,安徽钜强电力工程有限公司,1-1.5万,合肥·庐江·庐城,广州,大专,1-3年,4月16日,zhilian,职位描述 电力工程 一级建造师 一级建造师（机电工程） 负责配电项目施工时统筹安排，与业主、监理、总包等单位的对接，负责工程进度管理，现场安全管控等。具有一级机电建造师证书优先。 工作地点 合肥市庐江县建设路与汤池路交叉口东150米 以担保或任何理由索要财物，扣押证照，均涉嫌违法。一经发现， 立即举报,"电力工程,一级建造师,一级建造师（机电工程）",http://www.zhaopin.com/jobdetail/CC606786320J40721628802.htm?refcode=4019&srccode=401901&preactionid=720ce6fb-e425-465f-86b8-10d84a3bcd64
项目经理,天津恒昇伟业企业管理有限公司,8000-12000元,天津·滨海新区·杭州道,广州,大专,1-3年,7月7日,zhilian,职位描述 RPO项目 BPO项目 海油经验 人力资源 1.业务执行：制定年度/月度营收及利润目标计划:确定项目预计执行毛利润，制定年度计划达成路径； 2.运作订单下发，保障订单岗位匹配，毛利润符合项目要求； 3.风险管理：建立风险登记册并识别项目执行风险:列举项目风险点，提前识别潜在威胁和机会，制定应对策略，降低负面影响； 4.客情建立：维护并建立客户基本信息，对于客户信息全面掌握，通过拜访，项目汇报，日常沟通等动作，快速拉近客情关系； 5.业务开发：依据项目需求，结合我司能力设置商务/技术标准;寻找合作企业;明确业务运作空间，制定报价策略投标； 6.日常答疑及问题处理：深度掌握客户行业运行规则，定期跟踪业务实际执行情况，完成客户业务层面问题解答； 7.系统化归集客户投诉及业务执行问题，推动交付侧优化并同步反馈整改结果；及时响应客户需求，针对投诉反馈问题进行整改操作。 工作地点 天津滨海新区泰达MSD-A区12层 以担保或任何理由索要财物，扣押证照，均涉嫌违法。一经发现， 立即举报,"RPO项目,BPO项目,海油经验",http://www.zhaopin.com/jobdetail/CCL1267161160J40865586409.htm?refcode=4019&srccode=401901&preactionid=720ce6fb-e425-465f-86b8-10d84a3bcd64
项目经理,上工飞尔汽车零部件(沈阳)有限公司,8000-10000元,沈阳·大东·文官,广州,本科,3-5年,5月28日,zhilian,职位描述 汽车研发项目 汽车质量项目 汽车安全项目 汽车成本项目 汽车工艺项目 橡胶/塑料制品 岗位要求： 1、负责领导公司产品项目开发，或协助项目经理从事重点项目开发。 2、根据公司制度组建项目组和确定项目成员职责，并对项目成员工作表现定期进行绩效评定； 3、编制审核项目计划，并定期评审项目开发进度和调整更新，同时向公司内部及客户进行汇报； 4、负责对项目开发所需要的资源进行沟通和协调； 5、依据预算成本要求进行项目预算使用的监督及管控； 6、带领项目小组人员共同对产品进行开发、检验、评审、认证、提交等工作; 7、完善项目资料，负责收集整理项目各个阶段内部外部资料； 8、随时评估项目进行中的所有风险，并对风险做出对应的预防措施及对策，以及项目问题点的升级报告（包括必要时的越级报告）； 9、量产前质量工作； 10、完成上级领导交办的其他工作任务。 任职资格： 1、学历要求：大专（含）以上 专业：机械、汽车、模具等相关同行业专业； 2、工作经历：汽车零部件行业3年以上项目开发经验，有汽车内饰件行业工作经验优先。 工作地点 沈阳市-大东区-蒲裕路23-2-3-4号 以担保或任何理由索要财物，扣押证照，均涉嫌违法。一经发现， 立即举报,"汽车研发项目,汽车质量项目,汽车安全项目,汽车成本项目,汽车工艺项目",http://www.zhaopin.com/jobdetail/CC462785120J40853090701.htm?refcode=4019&srccode=401901&preactionid=720ce6fb-e425-465f-86b8-10d84a3bcd64
项目经理,郑州达维计算机技术有限公司,8000-10000元,郑州·管城·明湖街道,广州,本科,3-5年,8月15日,zhilian,岗位职责： 1、负责项目管理工作，对项目质量、成本及交付时间负责，带领项目团队达成项目目标。 2、制定项目计划与项目方案，并负责项目实施全过程控制，及时识别项目风险并妥善应对，确保项目按时保质验收。 3、负责协调解决客户各类问题，及时了解客户需求与意见，对实施效果进行评估，保证客户满意度。 4、负责项目实施过程中与相关部门的沟通协调事宜，保证项目顺畅执行。 5、管理项目团队，进行项目成员管理、评价、培训等。 6、完成领导交办的其他临时性工作。 任职要求： 1、本科及以上学历，计算机软件等相关专业优先； 2、具有5年以上计算机行业实施经验，3年以上项目管理经营； 3、责任心强，善于沟通和表达，有较强的逻辑思维能力，具有良好的团队合作精神。 工作时间：周一至周五 上午9:00-12:00 下午1:30-5:00 职位福利：餐补、五险、年终奖、通讯补助、朝九晚五、周末双休、节日福利、出差补贴。 工作地点 河南省郑州市管城回族区经开第三大街88号(福塔东地铁站B口步行400米)专家花园2107 以担保或任何理由索要财物，扣押证照，均涉嫌违法。一经发现， 立即举报,技术服务,http://www.zhaopin.com/jobdetail/CC216602910J40508860310.htm?refcode=4019&srccode=401901&preactionid=720ce6fb-e425-465f-86b8-10d84a3bcd64
项目经理,宁波市蔚蓝智谷智能装备有限公司,6000-12000元,宁波·余姚·陆埠,广州,本科,3-5年,9月6日,zhilian,职位描述 政府项目 建筑项目 工程施工 农/林/牧/渔 项目管理工程师 1.负责跟进设施农业类工程项目的实施； 2.负责客户的维护，现场问题的处理，组织项目验收 3.能看懂CAD图纸，熟悉工程预算、审计等流程； 4.具备良好的沟通能力，对待工作认真负责、严谨 5.有农学背景优先 任职要求: 1.工作经验：3年以上相关岗位工作经验； 2.敬业踏实，认真负责，细心严谨，有良好的职业素质和团队精神及沟通协调能力 基本福利：1. 工作时间：单双休工作制2. 保险：五险（医疗/养老/生育/工伤/失业）一金（住房公积金）3.就餐：提供工作餐4. 住宿：提供员工住宿5. 薪资：薪资面议，一旦录用待遇优厚！ 工作地点 宁波余姚市陆埠无土栽培植物工厂 以担保或任何理由索要财物，扣押证照，均涉嫌违法。一经发现， 立即举报,"政府项目,建筑项目",http://www.zhaopin.com/jobdetail/CC505996780J40580607212.htm?refcode=4019&srccode=401901&preactionid=720ce6fb-e425-465f-86b8-10d84a3bcd64
项目经理,西安中地博睿探测科技有限公司,6000-12000元,太原·古交·桃园,广州,本科,1-3年,3月1日,zhilian,职位描述 项目经理 煤矿物探技术服务 物探工程师 主要职责： 一、项目管理 1、负责对项目工程施工工作进行人员组织管理，实现对施工人员、成本、质量及安全的有效控制。 2、积极主动地完成各项生产施工任务，对工程施工进度、质量、成本及安全施工情况，实施全面的管理。 3、按照公司对项目实施的要求，协调选派工程师组成项目组。 4、检查监督项目组进场准备工作落实情况，检查监督项目组与施工队签订施工现场安全生产、质量管理情况。 二、技术工作 1、组织编写的工程施工组织设计、成果报告、工程施工进度质量成本控制计划。 2、组织编写工程技术交底、施工进度、质量达标以及成本降低的完成情况。 3、参加工程竣工验收，资料整理、归档的完成情况及客户回访工作。 4、辅助工程技术中心经理和副经理完成部内各技术工作落实。 任职资格： 1、地质类专业，本科以上学历，工作经验1年以上。 2、具备项目管理经验，有一定的数据分析技巧，熟悉常见的数据分析软件。 3、具备良好的沟通团队协作、团队管理能力。 4、认真负责、踏实可靠、忠诚敬业。 职位福利：五险一金、施工补助、绩效奖金、年终奖金、节日福利、每年多次调薪、带薪年假 工作地点 太原古交市古交站 以担保或任何理由索要财物，扣押证照，均涉嫌违法。一经发现， 立即举报,"项目经理,煤矿物探技术服务,物探工程师",http://www.zhaopin.com/jobdetail/CC665923380J40865871303.htm?refcode=4019&srccode=401901&preactionid=720ce6fb-e425-465f-86b8-10d84a3bcd64
项目经理,北京久其软件股份有限公司,9000-12000元,西安·碑林·长安路,广州,本科,5-10年,7月23日,zhilian,岗位职责： 1.收集、分析客户需求，编写需求文档，引导客户需求，对需求变更进行有效控制； 2.负责软件的安装部署、客户培训、系统维护和项目验收等工作； 3.参与项目管控，编制项目实施文档，定期监控并汇报项目现场情况； 4.解决客户碰到的问题，维护客户关系，提高客户满意度。 岗位要求： 1.统招本科及以上学历，信息管理、财务、会计、计算机等相关专业； 2.有软件实施工作经验与项目管理经验者优先考虑。 3.具备优秀的语言表达能力、沟通协调能力； 4. 熟悉主流数据库，熟练编写常用数据库语句。 工作地点 西安碑林区长鑫·领先国际南关正街95号长鑫•领先国际21层2108 以担保或任何理由索要财物，扣押证照，均涉嫌违法。一经发现， 立即举报,"PMP,信息化项目",http://www.zhaopin.com/jobdetail/CC000137420J40876475009.htm?refcode=4019&srccode=401901&preactionid=720ce6fb-e425-465f-86b8-10d84a3bcd64
项目经理,北京启孚科技有限公司,6000-12000元,北京·朝阳·建外,广州,大专,经验不限,7月22日,zhilian,岗位职责： 1、根据客户需求，为客户提供顾问式咨询服务，制定产品方案 2、根据部门要求，完成销售指标 3、定期收集市场信息及竞争对手的分析 4、定期回访用户，深挖用户需求 任职要求： 1、大专及以上学历，1年以上销售工作经验优先 2、具有较强的沟通能力及交际技巧 3、具备一定的市场分析及判断能力，良好的客户服务意识 4、有责任心，能承受较大的工作压力 5、有团队协作精神，善于挑战，突破自己 工作地点 北京市-朝阳区-建国门外大街8号IFC大厦B1-03号商铺1层 以担保或任何理由索要财物，扣押证照，均涉嫌违法。一经发现， 立即举报,销售性质,http://www.zhaopin.com/jobdetail/CCL1517336720J40950916808.htm?refcode=4019&srccode=401901&preactionid=df33de58-db7b-450d-9dc3-8f33b5f6026c
项目经理,科林电气,8000-10000元,石家庄·鹿泉·寺家庄,广州,本科,3-5年,12月2日,zhilian,岗位职责​ 1.全周期项目管理：统筹项目规划、资源调配、进度控制及成本优化，确保项目按节点交付。 2.质量与安全管理：建立并执行安全质量管控体系，落实隐患排查与应急预案，实现“零重大事故”目标。 3.跨部门协作：协调设计、采购、施工及监理等多方资源，解决技术难点与外部关系问题。 4.验收与交付：主导竣工验收、资料归档及客户移交，确保项目合规性与客户满意度。 （二）任职要求​ 1.教育背景：本科及以上学历，电气工程、土木工程、机电工程、工程管理等相关专业。 2.经验要求： 3年以上工程项目管理经验，其中至少2年担任中大型工程（1000万以上）负责人。 熟悉变电、配电、光伏或储能领域全流程管理，具备EPC项目经验者优先。 3.职业资格：持有一级/二级建造师（机电、建筑工程类）或相关专业注册资格证书优先。 4.核心技能： 精通AutoCAD、office等项目管理及设计软件，熟练编制施工组织方案与预算。 具备成本动态管控能力，熟悉FIDIC合同条款及风险应对策略。 5.综合素质： 领导力强，可带领10人以上团队；抗压能力突出，适应长期驻场及高强度工作。 优秀的跨部门沟通能力，能快速响应业主及政府监管部门需求。 工作地点 鹿泉区石家庄科林电气股份有限公司-南区 以担保或任何理由索要财物，扣押证照，均涉嫌违法。一经发现， 立即举报,项目管理 跨部门协作 采购 合规,http://www.zhaopin.com/jobdetail/CC135796190J40970644304.htm?refcode=4019&srccode=401901&preactionid=df33de58-db7b-450d-9dc3-8f33b5f6026c
项目经理,苏州汇创芯精密智能装备有限公司,6000-7000元,潍坊·寒亭·寒亭街道,广州,大专,1-3年,6月2日,zhilian,职位描述 电气机械/电力设备 职位描述 1、全面负责公司项目从接单到交付的整体进度管理工作，确保按时、按质完成项目交付； 2、参与项目前期评估和立项工作，如订单/合同的评审，开发可行性评估； 3、主导制定项目整体计划，组建项目团队，制定项目团队工作方式、工作计划、设定项目目标，组织获得完成项目所需的各种内/外部资源和支持； 4、管理监督项目每一个细节的落实执行，并参与部分重要细节的具体工作； 5、与团队成员的相应职能部门紧密互动，协调处理解决项目推进过程中的所有问题； 6、参与本项目供应链的管理工作； 7、项目结案，汇总项目相关的所有管理、技术资料，提交项目绩效评估报告。 任职要求： 1、大专及以上学历，机械或自动化相关专业； 2、需有1年以上项目管理工作经验，有设备类项目管理经验优先； 3、熟练掌握项目管理的各项要领，掌握各种项目管理技巧； 4、能适应出差且有一定的抗压能力； 5、机械及自动化行业优先，有PMP或其他项目管理认证者优先。 职位福利：五险一金、加班补助、餐补、员工旅游、节日福利 工作地点 寒亭区潍坊嘉实科技城 以担保或任何理由索要财物，扣押证照，均涉嫌违法。一经发现， 立即举报,电气机械/电力设备,http://www.zhaopin.com/jobdetail/CCL1267655880J40832162207.htm?refcode=4019&srccode=401901&preactionid=df33de58-db7b-450d-9dc3-8f33b5f6026c
项目经理,南阳淅减汽车减振器有限公司,7000-14000元,南阳·宛城区·白河街道,广州,本科,3-5年,7月25日,zhilian,职位描述 汽配项目 汽车减振器项目管理 跨部门资源协调 APQP/PPAP标准应用 汽车零部件 减振器 工作职责 1. 主导汽车减振器产品从立项到量产的全生命周期项目管理，制定项目计划并推动落地。 2. 协调研发、生产、供应链等跨部门资源，实行强矩阵管理，解决项目执行中的关键问题，确保交付节点达成。 3. 负责项目风险识别与管控，定期输出项目进度报告，支撑管理层决策。 4. 建立项目管理规范，优化跨部门协作流程，提升团队整体交付效率，实施对内的强矩阵考核。 任职要求 1. 本科及以上学历，机械工程、汽车工程或项目管理相关专业。 2. 具备3年以上汽车零部件行业项目管理经验，熟悉APQP/PPAP等行业标准。 3. 掌握项目管理工具（如MS Project、Jira），具备PMP认证者优先。 4. 拥有较强的沟通协调能力与问题解决能力，能独立推动复杂项目落地。 工作地点 宛城区南阳威奥斯图车辆减振器有限公司 以担保或任何理由索要财物，扣押证照，均涉嫌违法。一经发现， 立即举报,"汽配项目,汽车减振器项目管理,跨部门资源协调,APQP/PPAP标准应用,汽车零部件",http://www.zhaopin.com/jobdetail/CC464791510J40849846207.htm?refcode=4019&srccode=401901&preactionid=df33de58-db7b-450d-9dc3-8f33b5f6026c
项目经理,新疆利成科技有限公司,6000-10000元,伊犁·伊宁市,广州,大专,1-3年,8月1日,zhilian,职位描述 项目经理 1. 负责弱电/工程项目整体统筹，对接甲方、监理及施工班组，把控项目进度、质量、安全和成本。 2. 编制施工计划、安排现场施工，统筹材料采购、进场、领用与管控。 3. 负责现场协调、问题处理、变更对接，把控施工节点，确保按期完工。 4. 组织项目验收、资料整理归档，负责售后对接及回款跟进。 5. 管理施工团队，做好人员调配、日常管理及安全教育。 工作地点 伊犁伊宁市新疆利成科技有限公司 以担保或任何理由索要财物，扣押证照，均涉嫌违法。一经发现， 立即举报,项目经理,http://www.zhaopin.com/jobdetail/CC265223580J40846879407.htm?refcode=4019&srccode=401901&preactionid=df33de58-db7b-450d-9dc3-8f33b5f6026c
项目经理,江苏立正物流科技有限公司,5000-10000元,南京·江宁·秣陵,广州,大专,3-5年,5月29日,zhilian,职位描述 工程施工 1、人品好，能吃苦耐劳，适应出差。负责组织项目实施的全过程；制定项目施工计划，主持工程质量、安全、进度、施工、造价等工作，负责项目的成本核算和成本控制以及项目审计结算，保证项目的验收移交，直至质保金收回； 2、参与工程项目的进场后技术谈判，参加施工图会审及技术交底工作； 3、了解用户需求，在项目实施过程中有签证变更能力； 4、负责项目实施过程中与甲方、监理、分包商及其他相关方的合作协调管理工作。 任职资格： 1、大专及以上学历，理工科相关专业， 2、3年以上机械设计总包项目实施管理工作经验，其中有过货架行业项目经理工作经验者优先考虑； 3、技能要求： ①熟悉机械设计项目的内容与基本技术、产品； ②清楚掌握智能化、机械设计项目的实施过程、动手能力强，能判断维护系统故障； ③具有项目管理理论与实践经验及项目控制能力，熟悉项目管理方法和管理工具； ④能熟练应用专业知识处理现场技术问题，施工现场管理经验丰富； ⑤熟练使用CAD绘图软件和project软件以及工程定额软件。 职位福利：绩效奖金、周末双休、加班补助、弹性工作、五险一金 职位亮点：五险一金 工作地点 南京江宁区江苏软件园7号楼五楼 以担保或任何理由索要财物，扣押证照，均涉嫌违法。一经发现， 立即举报,工程施工,http://www.zhaopin.com/jobdetail/CCL1298236790J40907974412.htm?refcode=4019&srccode=401901&preactionid=df33de58-db7b-450d-9dc3-8f33b5f6026c
项目经理,芜湖易途智能科技有限公司,8000-15000元·13薪,芜湖·鸠江区·安徽芜湖鸠江经济开发区,广州,本科,3-5年,6月5日,zhilian,岗位职责： 1.负责自动化设备项目管理，包括制定计划、组织例会、进度跟进、问题解决等； 2.对接客户需求，做好评估和变更管理； 3.负责组织协调客户现场验收交付工作； 4.统筹项目过程中所有内部外部沟通协作； 职位要求： 1.机械、电子、自动化等相关专业； 2.三年以上的项目管理经验，工业自动化行业优先； 3.有良好的商务素养，善于沟通，处事干练稳重； 4.有PMP资质者优先； 职位福利：五险一金、绩效奖金、年底双薪、节日福利 工作地点 联东U谷·芜湖鸠江区高端智能装备产业园 以担保或任何理由索要财物，扣押证照，均涉嫌违法。一经发现， 立即举报,"PMP,项目管理",http://www.zhaopin.com/jobdetail/CZ660285030J00069768008.htm?refcode=4019&srccode=401901&preactionid=df33de58-db7b-450d-9dc3-8f33b5f6026c
项目经理,芜湖市元山机械制造有限公司,1.2-1.5万·13薪,芜湖·鸠江区·安徽芜湖鸠江经济开发区,广州,大专,1-3年,7月30日,zhilian,岗位职责: 1.、精通项目管理； 2、具备出色的分析、归纳、总结的能力； 3、具有良好的沟通协调技巧、优秀的表达和文档撰写策划能力； 4、有3年以上项目管理经验。 5、对所有项目进行全流程管理 6、项目售前阶段配合销售、方案团队进行项目报价、制定项目整体计划；先期策划； 7、项目执行阶段，协调公司内外部资源，按照项目计划完成各项工作，确保项目按时交付 8、负责和客户的沟通工作，确保项目按计划完成验收、开票等工作 9、不断优化项目管理流程与工具，提供跨部门、跨地域项目团队的执行效率 职位福利：提供食宿，年终奖金，1.5休工作制 工作地点 芜湖市鸠江区方正路68号 以担保或任何理由索要财物，扣押证照，均涉嫌违法。一经发现， 立即举报,项目经理,http://www.zhaopin.com/jobdetail/CC236320680J40579072716.htm?refcode=4019&srccode=401901&preactionid=df33de58-db7b-450d-9dc3-8f33b5f6026c
项目经理,新希望物业服务集团有限公司,1-1.5万·15薪,昆明·西山·前卫,广州,大专,1-3年,7月30日,zhilian,岗位职责 1、全面负责项目日常运营管理，提升项目服务品质，推进年度运营指标达成； 2、负责制订项目各部门的月度、季度、年度工作目标，对各项指标的达成结果负责； 3、负责与业主、政府部门及相关合作单位的关系建立及维护； 4、负责项目员工管理，做好员工工作相关指导及培训； 任职要求 1、大专及以上学历，专业不限； 2、2年及以上同岗位工作经验； 3、熟悉物业相关法律法规及物业市场动态； 4、具有良好的组织协调及团队管理能力； 奖金绩效 年终奖金 五险一金 月休8天 工作地点 昆明西山区新希望观澜汇 以担保或任何理由索要财物，扣押证照，均涉嫌违法。一经发现， 立即举报,小区,http://www.zhaopin.com/jobdetail/CC338220510J40923476012.htm?refcode=4019&srccode=401901&preactionid=df33de58-db7b-450d-9dc3-8f33b5f6026c
项目经理,华柒实业有限公司,8000-10000元,郑州·管城·京航,广州,大专,3-5年,7月31日,zhilian,岗位职责 1. 主导 EOD 项目工程技术方案设计，统筹生态治理、产业开发等多领域技术整合，确保项目符合国家环保政策及行业标准； 2. 审核施工图纸、技术文件及工程变更，解决现场技术难题，保障工程质量和进度； 3. 负责项目从前期规划、施工到验收的全流程技术管控，协调设计、施工、监理等多方资源； 4. 制定工程进度计划，监控成本预算，推动项目高效落地； 5. 跟踪国家及地方 EOD 相关政策确保项目合规； 6. 带领技术团队完成科研攻关，优化施工工艺，推动绿色技术应用（如生态修复、清洁能源等）； 7. 与政府部门、业主单位、科研机构等沟通，提供技术支持与决策建议； 8. 识别项目技术风险并制定应对方案，处理突发工程问题，保障项目安全与可持续性。 二、任职要求 1. 本科及以上学历，环境工程、土木工程、水利工程、生态学等相关专业； 2. 具备注册建造师、注册环保工程师等职业资格者优先； 3. 5 年以上工程管理经验，其中 1 年以上 EOD 项目或生态治理项目技术负责人经历； 4. 了解生态修复、水环境治理、土壤修复等技术体系； 5. 具备优秀的跨部门协调能力和项目统筹能力，抗压性强。 工作地点 郑州管城回族区中兴新业港1期-52幢 以担保或任何理由索要财物，扣押证照，均涉嫌违法。一经发现， 立即举报,"土建工程,水利工程",http://www.zhaopin.com/jobdetail/CCL1435930910J40878726810.htm?refcode=4019&srccode=401901&preactionid=df33de58-db7b-450d-9dc3-8f33b5f6026c
项目经理,广州合邦自动化控制设备有限公司,1-2万,广州·番禺,广州,大专,1-3年,2月24日,zhilian,岗位职责： 1. 负责制定项目计划及项目进度管控、项目风险控制、确保项目按期完成交付 2. 掌握项目实施进度、质量情况，负责指导、协调、解决项目中出现的技术和管理问题，深度理解并精准响应客户需求，促进合邦成为客户值得信赖的长期合作伙伴 3. 调配公司各种资源，促进项目实施进度 4. 定期召开会议，进行工作安排及工作总结并向直接上级汇报 5. 处理客诉及售后事项，与公司各部门同事通力合作、高效协同推进项目进度 任职要求： 1. 大专以上学历，机电一体化或电气化专业优先考虑 2. 两年以上自动化行业项目管理经验，熟练掌握项目流程管理，具备非标项目管理工作经验优先考虑 3. 具备卓越工作协调能力、统筹管理能力和抗压能力 4. 能够适应出差 合邦自动化官网：www.hebanggz.com 职位福利：五险一金、绩效奖金、加班补助、交通补助、带薪年假、包住/住房补贴、餐费补贴、员工旅游 工作地点 广州番禺区石基镇金山村华创动漫产业园二期四栋B103单元 以担保或任何理由索要财物，扣押证照，均涉嫌违法。一经发现， 立即举报,机电一体化或电气化专业,http://www.zhaopin.com/jobdetail/CC305058520J40883025302.htm?refcode=4019&srccode=401901&preactionid=df33de58-db7b-450d-9dc3-8f33b5f6026c
项目经理,河北丰源智控科技股份有限公司,8000-10000元,石家庄·鹿泉·鹿泉经开区,广州,大专,3-5年,3月16日,zhilian,岗位职责： 1、以项目全周期目标达成为核心，统筹协调人、财、物等资源，确保项目在合同约定的工期、质量、成本、安全范围内高效推进。对项目整体交付负责； 2、牵头编制项目施工组织设计与进度计划，分解任务并督导执行；把控工程质量，组织隐蔽工程验收与阶段性核验；落实安全生产责任制，排查整改安全隐患；协调监理、业主、分包的沟通对接；管控项目成本，审核工程款支付与签证变更；组织竣工验收、资料归档及项目复盘，同步推进售后维保的衔接工作； 3、拥有项目团队人员调配与绩效考核建议权；可审批项目日常经费开支，对超预算支出有否决与上报权；具备施工方案优化决策权与分包单位进场考核权以及对外沟通的代表权。 4、协同财务核算造价、管控资金、采购部落实物资供应。 5、项目施工现场时巡查作业面；需随项目地点灵活变动；工作时间不固定，遇抢工期、验收节点需加班值守；需严格遵守现场安全管理规定。 任职要求： 1、大专及以上学历，暖通工程、工程管理等相关专业，持有建造师执业资格证书优先； 2、熟悉施工规范、验收标准及招投标流程，掌握成本控制与合同管理技能； 3、具备强沟通协调能力与问题解决能力，能承受高强度工作压力； 4、持有安全生产考核合格证书（B证）者优先。 经验要求： 1、换热站施工相关经验； 2、仪表、电气施工相关经验； 3、户用水表、热表施工相关经验； 3、具备3年以上施工项目管理经验，有完整项目交付履历 福利待遇： 1、五险、法定假 2、周休1.5天 3、节日福利 4、定期团建 5、定期体检 6、员工食堂 7、免费停车场 8、健身俱乐部 工作地点 石家庄鹿泉区河北丰源智控科技股份有限公司昌盛大街与丰源路交叉口东行300米路南 以担保或任何理由索要财物，扣押证照，均涉嫌违法。一经发现， 立即举报,"热能施工管理、暖通施工管理,工程施工,工业自动化/机器人",http://www.zhaopin.com/jobdetail/CC349273730J40779050509.htm?refcode=4019&srccode=401901&preactionid=df33de58-db7b-450d-9dc3-8f33b5f6026c
项目经理,北京国基科技股份有限公司,6000-8000元·13薪,乌鲁木齐·新市区·北京路街道,广州,大专,1-3年,7月4日,zhilian,"岗位职责： 1.负责公司宽带无线网络系统的规划、实施及售后技术服务； 2.负责公司行业信息化、融合通讯、自控系统集成项目解决方案设计、实施及售后技术服务； 3.负责监管项目工程质量和施工安全，把握项目进度，制作预算等； 4.收集、反馈各类用户信息和意见,组织客户技术工程培训，及时解答客户的疑难问题； 5..按时撰写并提交工作报告、施工报告、出差报告等文档。 工作地点 乌鲁木齐新市区汉唐天下5栋2单元101室 以担保或任何理由索要财物，扣押证照，均涉嫌违法。一经发现， 立即举报","通信项目管理,通信设备装维,技术支持",http://www.zhaopin.com/jobdetail/CC212804510J41018051104.htm?refcode=4019&srccode=401901&preactionid=df33de58-db7b-450d-9dc3-8f33b5f6026c
项目经理,亚威达,7000-10000元,天津·西青·精武镇,广州,本科,3-5年,7月23日,zhilian,岗位职责 （一）内部生产全流程管理 （二）外协加工厂开发、筛选与考核管理 （三）外协生产质量全流程管控 （四）外加工订单客户开拓与维护 （五）生产数据与成本管控 （六）综合管理与协同工作 任职要求 （一）学历要求 必须具备统招公办本科及以上学历，机械制造、机电一体化、自动化、航空工程、工业工程、供应链管理等相关专业优先，学历为刚性任职条件。 （二）工作经验要求 1、3年及以上无人机、加固机、精密智能装备、电子设备行业生产管理经验，熟悉精密零部件外协加工、整机装配生产全流程，有外协工厂开发考核、外协质量管控、外加工客户拓展实操经验者优先； 2、具备独立统筹车间自营生产管理、外协供应链管理的完整经验，可同时兼顾内部生产运营与外部外协业务、客户拓展工作； 3、有车间团队管理经验，熟悉生产绩效考核、现场5S、精益生产管理模式，具备独立处理生产及外协业务异常问题的经验。 （三）专业能力要求 1、熟悉加固机、无人机零部件及整机生产工艺、质量标准，精通外协加工全流程管控，能够独立完成外协工厂筛选、考察、考核、管理工作； 2、具备优秀的外加工订单客户开拓、商务对接、客户维护能力，精准把握行业外加工业务需求，能够独立完成订单洽谈、落地跟进工作； 3、熟练掌握生产进度管控、质量溯源、成本优化方法，擅长生产及外协数据统计、复盘分析，可落地优化改善方案； 4、熟练使用Office办公软件，能够独立制作各类生产报表、外协考核报表、业务数据分析报告；熟悉制造业安全生产规范、供应链管理体系。 （四）综合素质要求 1、具备极强的统筹规划、内外协调、商务沟通及问题解决能力，可高效对接车间团队、公司各部门、外协工厂及合作客户； 2、责任心强、抗压能力突出，工作严谨细致，能适应车间现场管理及外勤对接、出差巡检工作，接受生产及业务攻坚阶段必要加班； 3、具备优秀的团队管理、激励能力，执行力、原则性强，可高效落地生产管理、外协管控、业务拓展各项工作要求； 4、市场敏感度高，具备良好的业务开拓意识和目标感，认同公司企业文化，服从工作安排、智能制造行业外协业务经验者优先。 工作地点 天津西青区鑫茂民营科技园-C1座AB单元二层 以担保或任何理由索要财物，扣押证照，均涉嫌违法。一经发现， 立即举报,专用设备制造,http://www.zhaopin.com/jobdetail/CC362505610J40862484109.htm?refcode=4019&srccode=401901&preactionid=df33de58-db7b-450d-9dc3-8f33b5f6026c
