job_name,company_name,salary,work_area,city,education,work_year,issue_date,source,skill_requirements,tech_tags,job_url
光电子器件FAE沪深解决方案检测系统现场应用工程师,上海朗辉光电科技有限公司,9000-13000元·13薪,深圳·宝安·新安,深圳,本科,1-3年,7月22日,zhilian_direct,"岗位职责： 1、熟悉公司的光电器件产品及其典型的光机电热应用方案。 2、配合销售开展客户拜访、产品宣讲与技术演示，协助团队方案推广，为客户提供售前及售后服务。 3、支持客户的技术咨询，解决客户遇到的各种问题，协助完成返修和失效分析。 4、为客户提供一对一定制咨询服务，分析完善定制要求。 5、实时跟进客户项目进展，及时向公司反馈客户的问题和需求，与团队保持良好协作。 FAE任职要求： 1、光电专业本科及以上学历、一年以上光电研发经验，或电子、光学、激光相关专业、三年以上光电相关行业从业经验者优先。 2、认证CET6同等以上合格，口语流利表达光电器件原理与技术、光电子解决方案及器件失效分析，能流畅读写英文技术文档。 3、熟悉光电器件原理，能看懂电路原理图或光路图；优先考虑具有光电测试设备和光电检测系统搭建经验者。 4、了解光电半导体制造工艺流程，或各类探测器、激光器的失效机理者加分。 5、有较强的学习、逻辑分析和抗压能力，能适应一定的出差。 6、沟通和表达能力强，有较强的应变和处理问题能力。 7、具备良好团队协作能力，对前沿光电技术有浓厚兴趣，愿意深耕光电技术行业。 另见头像主页光电检测系统实验室专家工程师等上海3岗各1位 奖金绩效 年底双薪,绩效奖金,工龄奖 工作地点 深圳宝安区华联城市全景-G座创业二路101号G座2818室 以担保或任何理由索要财物，扣押证照，均涉嫌违法。一经发现， 立即举报","光电子器件,光电子解决方案,英语口语流利,光电子器件研发经验,光电或光学从业经验,光电子器件失效分析,光电半导体制造工艺流程,光电检测系统搭建经验",http://www.zhaopin.com/jobdetail/CC167431620J40866289907.htm?refcode=4019&srccode=401903&preactionid=6f36c634-68f6-4d19-87ff-7c31043dda14
光电子器件封装设计工程师,珠海光恒科技有限公司,1.5-2.5万,珠海·香洲区·凤山街道,珠海,大专,3-5年,7月22日,zhilian_direct,岗位职责 1. 负责完成TO、蝶形、BOX等半导体激光器与探测器的物料选型、封装设计； 2. 负责光电子器件的工艺开发、样品制作与验证测试； 3. 负责器件设计过程中的RF仿真、光路仿真、热仿真等； 4. 负责封装工艺的开发和改善（打线，贴片，光学耦合等）； 5. 编制相关设计开发报告。 任职资格 1. 电子、光学等专业大专以上学历，光电子器件封装设计或工艺工程岗位3年以上工作经验； 2. 熟练使用3D结构设计软件、RF仿真软件； 3. 有独立成功开发并转产器件的经历； 4. 熟悉器件用常用元器件供应商、生产设备商，了解器件的下游应用； 5. 配合完成生产转产，解决生产中和客户应用中的问题。 工作地点 珠海香洲区建星控股科创园光恒科技有限公司3栋301 以担保或任何理由索要财物，扣押证照，均涉嫌违法。一经发现， 立即举报,"光学耦合 EDFA,TO、蝶形、BOX 半导体封装,光路仿真 打线,RF仿真",http://www.zhaopin.com/jobdetail/CC605325530J40897252213.htm?refcode=4019&srccode=401903&preactionid=6f36c634-68f6-4d19-87ff-7c31043dda14
机械设计工程师【深圳瑞波光电子有限公司】,智联猎头,1.1-2万,深圳·龙华·大浪,深圳,本科,5-10年,7月19日,zhilian_direct,职位描述 研发 设计 '1 负责测试设备产品设计开发、完成方案设计、图纸绘制及技术文档编写整理 2 协同部门团队推动设备产品从设计到制作到顺利实施 3 协助生产现场安装、解决安装调试中存在的机械问题，确保项目按期交付 学历要求 大学本科 专业要求：机械设计、机电一体化等专业，5年以上相关工作经验 工作地点 深圳瑞波光电子有限公司广东省深圳市龙华区大浪街道刘屋围路228号德泰科技园 以担保或任何理由索要财物，扣押证照，均涉嫌违法。一经发现， 立即举报,"研发,设计",http://www.zhaopin.com/jobdetail/CCL1318355140J40910335303.htm?refcode=4019&srccode=401903&preactionid=6f36c634-68f6-4d19-87ff-7c31043dda14
光电子器件模组系统-销售工程师-上海深圳西安,上海朗辉光电科技有限公司,5000-6000元·13薪,上海·杨浦·新江湾城,上海,本科,1-3年,7月20日,zhilian_direct,岗位职责： 1、负责所辖区域的产品销售任务，向客户提供专业支持，完成销售指标； 2、建立客户档案，完成相关销售报表； 3、收集市场和行业信息，开拓新市场，发展新客户，增加产品销量，扩大产品市场； 4、完成售后技术支持工作，跟进客户技术交流； 5、维护及增进已有客户关系，与客户建立良好关系，以维护企业形象。 工作地点 上海杨浦区绿地双创中心-H2座国霞路258号707室 以担保或任何理由索要财物，扣押证照，均涉嫌违法。一经发现， 立即举报,"区域销售,英语CET4以上合格,企业客户,KA大客户,院校客户,面销/陌拜,电话销售,长期稳定合作不浮躁,对光电技术及器件有浓厚兴趣",http://www.zhaopin.com/jobdetail/CC167431620J40865615807.htm?refcode=4019&srccode=401903&preactionid=6f36c634-68f6-4d19-87ff-7c31043dda14
激光光电子技术工程师,爱仕恩动力科技(江苏)有限公司,1.5-2万,苏州·吴中·郭巷,苏州,本科,3-5年,7月24日,zhilian_direct,职位描述 研发 硬件研发 软件研发 光模块 激光雷达 显示产品 TracePro Zemax Matlab 专用设备制造 电子设备制造 半导体/芯片 岗位内容： 1. 设计、开发和优化激光/光电子器件、系统和组件 2. 进行激光技术的仿真、模拟和验证 3. 开展激光光学原理研究，提升产品性能和技术水平 任职要求： 1. 具备激光/光电子相关领域本科及以上学位 2. 精通光学设计软件 Zemax 或 Code V，掌握 Matlab 或 Python 编程语言 3. 有扎实的光学/激光基础知识，熟悉固体激光器件、激光测量、光纤通信等技术 4. 拥有相关产品的设计和开发经验，具备较好的团队沟通和合作能力 工作地点 苏州吴中区中博科技园 以担保或任何理由索要财物，扣押证照，均涉嫌违法。一经发现， 立即举报,"研发,硬件研发,软件研发,光模块,激光雷达,显示产品,TracePro,Zemax,Matlab",http://www.zhaopin.com/jobdetail/CCL1337375830J40912000115.htm?refcode=4019&srccode=401903&preactionid=6f36c634-68f6-4d19-87ff-7c31043dda14
激光/光电子技术工程师,中科先为激光科技(北京)有限公司,1.5-3万,北京·朝阳·酒仙桥,北京,本科,3-5年,4月10日,zhilian_direct,职位描述 激光 光电子技术 安装调试 光路设计 光电子 性能测试 岗位主要工作内容： 1.负责脉冲光纤激光器产品光学模块的设计、开发、测试; 2.负责脉冲光纤激光器生产工艺开发，建立生产线，完善相关质量控制流程 3.整理技术文献、编写技术文档。 专业知识/技能要求： 1.光学、物理电子学、固体激光器等相关专业毕业，有光纤激光技术研发经验者优先; 2.具备扎实的固体激光理论知识，熟悉固体激光器发展趋势和最新前沿技术动态; 3.具有较强的实验动手能力，能够独立设计固体激光器系统，完成激光器系统搭建、测试; 4.沟通协调能力强，办事认真严谨，肯钻研，能创新，有较强的合作精神。 职位福利：五险一金、绩效奖金、餐补、带薪年假、员工旅游、定期体检、年底双薪 工作地点 北京朝阳区普天实业创新园首信大厦B1座 以担保或任何理由索要财物，扣押证照，均涉嫌违法。一经发现， 立即举报,"激光,光电子技术,安装调试,光路设计,光电子,性能测试",http://www.zhaopin.com/jobdetail/CC310898730J40055603102.htm?refcode=4019&srccode=401903&preactionid=6f36c634-68f6-4d19-87ff-7c31043dda14
光电子销售工程师,东亚光学(信阳)有限公司,5000-7000元·13薪,深圳·南山·西丽,深圳,大专,1-3年,3月18日,zhilian_direct,职位描述 光学元件 企业客户 渠道销售 电子电路基础元件/模组 工作职责: 1.开展销售活动，达成产品销售目标，提高所负责产品的市场占有率;2.负责项目推进，协助项目管理员负责所担当客户或业务的新项目推进工作，密切跟进客户需求，及时反馈交付异常并协调处理简单异常问题;3.负责商务及日常事务，负责所担当客户的商务处理和客户拜访等;根据公司要求实施客户报价、发样、合同评审、收款工作，并做好日常的统计分析和持续改善;4.维护客户关系，与客户建立和保持良好业务联系，提高客户满意度。 任职资格: 1 大专以上学历，理工类专业优先 2.男女不限3.身体素质佳，抗压能力强、能接受出差及应酬4.熟悉光学镜头产品、有较强的学习能力。5.具备一定的商务谈判能力和商务谈判技巧;6.其他信息(1)五官端正，口齿伶俐，擅长沟通(2)语言要求:普通话，英语(3)光学相关专业或视觉应用类相关经验 工作地点 深圳市-南山区-西丽同沙路168号16楼1601—1603室 以担保或任何理由索要财物，扣押证照，均涉嫌违法。一经发现， 立即举报,"光学元件,企业客户,渠道销售",http://www.zhaopin.com/jobdetail/CCL1347376930J40789362716.htm?refcode=4019&srccode=401903&preactionid=6f36c634-68f6-4d19-87ff-7c31043dda14
电子枪研发工程师（量子光电子源),深圳国际量子研究院,1.2-2.2万,深圳·福田·福保,深圳,本科,1-3年,3月2日,zhilian_direct,岗位职责： 1、负责电子枪组装、结构优化和性能测试（发射束流、发射束斑、发射度、稳定性、寿命等测试）； 2、负责电子枪的电子束曝光测试； 3、负责电子枪在扫描电镜等成熟设备上的改装、调试； 4、完成领导安排的其他工作。 任职要求： 1、具有电子光学、应用光学、电子科学与技术等相关专业本科以上学历，1年以上工作经验； 2、熟悉电子枪热发射、场发射或光致发射的原理，有相关电子枪研发或性能（发射束流、发射束斑、发射度、稳定性、寿命）测试工作经验者优先； 3、有使用电子枪进行电子束曝光测试者优先； 4、熟悉电子枪在扫描电镜、电子衍射、电子束曝光等设备中的应用； 5、熟悉高真空设备的密封、操作以及高压电源的使用、高压绝缘材料选择等； 6、工作踏实、团队合作能力强。 工作地点 深圳福田区国际量子研究院 以担保或任何理由索要财物，扣押证照，均涉嫌违法。一经发现， 立即举报,"电子信息工程,半导体/芯片",http://www.zhaopin.com/jobdetail/CCL1425866110J40720508910.htm?refcode=4019&srccode=401903&preactionid=6f36c634-68f6-4d19-87ff-7c31043dda14
真空机械工程师（量子光电子源实验室）,深圳国际量子研究院,1.2-2.4万,深圳·福田·福保,深圳,本科,1-3年,2月28日,zhilian_direct,岗位职责： 1、负责真空电子精密科学仪器（扫描电镜、电子衍射装置、测试部件等）的结构设计，涉及精密结构设计、真空装置设计、30kV高压接线设计、30 kV高压绝缘设计等； 2、真空装置或真空机构的性能测试与设备安装调试； 3、对复杂、互联的真空装置进行真空度仿真模拟； 4、完成领导安排的其他工作。 任职要求： 1、具有机械设计、机械制造等相关专业本科以上学历，2年以上工作经验； 2、具备独立进行精密仪器结构设计的能力，有扫描电镜、电子衍射装置、电子束曝光装置设计经验者优先； 3、熟悉真空设备的设计，熟悉各种密封结构和真空材料选择； 4、熟悉涉及高压的结构设计、高压接线、高压馈通、绝缘材料选择等； 5、具有真空测试、设备调试经验。 6、工作踏实、团队合作能力强。 工作地点 深圳福田区国际量子研究院 以担保或任何理由索要财物，扣押证照，均涉嫌违法。一经发现， 立即举报,设计,http://www.zhaopin.com/jobdetail/CCL1425866110J40823811210.htm?refcode=4019&srccode=401903&preactionid=6f36c634-68f6-4d19-87ff-7c31043dda14
电子工程师,横店集团得邦照明股份有限公司,5000-6000元·13薪,金华·东阳市·横店镇,Guangzhou,本科,经验不限,7月7日,zhilian,岗位职责: 1、负责与其相关新产品电路开发创新工作； 2、负责与其相关现有产品及外购产品电路的分析及技术改良； 3、协助电路功能块主管组建公司电路技术平台和电路技术的预研工作； 4、负责处理相关的生产异常、客诉及其他部门需要的技术支持工作； 5、协助对应开发处经理对外技术交流及技术协作； 任职要求: 1、学历及专业：本科及以上，电子类专业优先； 2、经验：不限，有LED电路设计相关工作经验优先； 职位福利：包住、绩效奖金、包吃、年底双薪、带薪年假、加班补助、全勤奖、餐补 工作地点 金华浙江省东阳市横店电子工业园区 以担保或任何理由索要财物，扣押证照，均涉嫌违法。一经发现， 立即举报,电路设计,http://www.zhaopin.com/jobdetail/CC411316720J40072866504.htm?refcode=4019&srccode=401901&preactionid=5ee22ec7-94a3-4043-9bf8-f5d5f2fcbfe9
光电检测工程师,西安中科洺光测控技术有限公司,5000-8000元,西安·长安·郭杜,Guangzhou,本科,经验不限,7月22日,zhilian,岗位职责： 1、负责光学组件、精密结构件、PCBA来料、制程、成品及出货全流程检验； 2、核对冲击等环境试验数据，识别外观、焊接、装配、光路不良，隔离异常并填写检验记录，跟进质量改善与追溯； 3、跟进首件确认、批量抽检，识别虚焊、崩边、装配偏差、共振波形畸变等不良，及时叫停异常并上报； 4、能独立操作显微镜、干涉仪、光谱仪、MTF、精密量具、万用表、高低温箱、冲击测试设备等； 任职要求： 1. 本科及以上学历，机械、电子、光学、测控等相关专业优先。 2. 光电相关工作经验者优先。 3. 能看懂机械图纸，熟悉尺寸检测、通用量具使用。 4. 工作责任心、细心、负责、原则性强，服从管理。 5. 具备良好的执行力、记录能力与保密意识。 工作地点 西安市-长安区-学府大街中海长安府西侧约170米2楼204（4号客梯/4号货梯上） 以担保或任何理由索要财物，扣押证照，均涉嫌违法。一经发现， 立即举报,"镜头,光学仪器",http://www.zhaopin.com/jobdetail/CC373182580J40877097114.htm?refcode=4019&srccode=401901&preactionid=5ee22ec7-94a3-4043-9bf8-f5d5f2fcbfe9
助理工程师(应届生),南京中比新能源科技有限公司,5000-8000元·13薪,南京·高淳·古柏,Guangzhou,本科,经验不限,5月25日,zhilian,职位描述 化学 材料学 工艺 锂电池 储能电池 应届生 焊接 任职要求： 1、本科及以上学历，应届毕业生； 2、机械、焊接、机电一体化、自动化、电子、车辆工程、材料、化工化学、电化学、金属材料、过控、电气、工业设计、通信类、光电子、安全工程、环境工程、国际经济与贸易、英语、市场营销等相关专业； 3、具备较强的沟通表达、学习理解能力。 职位福利：五险一金、包吃、包住、绩效奖金、免费班车、周末双休 工作地点 高淳区南京中比新能源科技有限公司 以担保或任何理由索要财物，扣押证照，均涉嫌违法。一经发现， 立即举报,"化学,材料学,工艺,锂电池,储能电池,应届生,焊接",http://www.zhaopin.com/jobdetail/CCL1279976180J40356813108.htm?refcode=4019&srccode=401901&preactionid=5ee22ec7-94a3-4043-9bf8-f5d5f2fcbfe9
电子助理工程师,广东三雄极光照明股份有限公司,6000-10000元,广州·南沙·榄核,Guangzhou,本科,经验不限,3月31日,zhilian,职位描述 研发 设计 电路设计 PCB设计 职责一： 1. 根据市场部需求，在项目主管协助下，评估、选择制定电源方案； 2. 根据产品设计技术标准和产品设计质量标准制定产品设计方案； 3. 制定灯具电子部分设计计划进度，按计划进行项目进度推进； 4. 在项目主管协助下，负责电源方案设计，手板制作、调试； 5. 进行电源开发过程中各项评审，如方案评审、参数评审、工艺样板评审、移交评审； 6. 负责电源试产资料整理、移交，负责电源试产过程跟进、异常处理及试产问题点改善、变更。 职责二： 1. 协助进行产品认证，提供产品认证样板及相应认证资料； 2. 量产产品生产异常协助处理及提供解决方案； 3. 旧产品改良进行升级换代； 工作地点 广州南沙区广东三雄极光照明股份有限公司-南门 以担保或任何理由索要财物，扣押证照，均涉嫌违法。一经发现， 立即举报,"研发,设计,电路设计,PCB设计",http://www.zhaopin.com/jobdetail/CC416801120J40755751001.htm?refcode=4019&srccode=401901&preactionid=5ee22ec7-94a3-4043-9bf8-f5d5f2fcbfe9
电子研发工程师,徐州汉翔电子有限公司,5000-8000元,徐州·贾汪区·大庙街道,Guangzhou,本科,经验不限,7月24日,zhilian,职位描述 电子工艺工程师 半导体/芯片 1.要求电子信息工程专业，本科及以上学历， 2.了解日常用的电路拓补结构及工作原理，熟练运用办公软件， 3.有电子行业1-3年工作经验优先，接受应届毕业生， 4.按客户需求进行产品设计与开发、制定工厂规格与BOM表 5.负责高频磁性元件设计开发 6.负责高频磁性元件生产问题解决 7.能够轻松、自如地运用英语进行听说读写，无明显语言障碍.英语不低于四级水平. 8.工作认真负责，积极性强，思维灵活，配合加班及出差. 职位福利：加班补助、全勤奖、餐补、带薪年假、年终分红、包住 工作地点 贾汪区徐州汉翔电子有限公司 以担保或任何理由索要财物，扣押证照，均涉嫌违法。一经发现， 立即举报,电子工艺工程师,http://www.zhaopin.com/jobdetail/CC815759490J40297655715.htm?refcode=4019&srccode=401901&preactionid=5ee22ec7-94a3-4043-9bf8-f5d5f2fcbfe9
光纤连接器研发工程师,山东龙立电子有限公司,5000-9000元,临沂·罗庄·罗西,Guangzhou,本科,经验不限,7月25日,zhilian,岗位职责: 负责光纤等连接器全制程工艺开发、量产稳定、良率提升、现场异常处理，覆盖样品、试产、量产全阶段，兼顾工艺标准化、成本与可靠性管控。负责主管成熟产品的客户投诉和内部质量问题的处理;样品试制等。 任职要求： 专业要求：光电信息科学与工程、电子信息工程、通信工程光电子技术/应用电子技术等专业 1. 善于沟通、按时完成上级交给的工作 2. 拥有良好的团队合作精神，能迅速融入团队 3. 具备良好的学习能力，能够不断改进工作方法 工作地点 临沂市-罗庄区-高新区龙湾加速器产业园内A座 以担保或任何理由索要财物，扣押证照，均涉嫌违法。一经发现， 立即举报,"通信电源工程师,光纤研发,光缆通信,通信接口/总线",http://www.zhaopin.com/jobdetail/CC180661520J40881622005.htm?refcode=4019&srccode=401901&preactionid=5ee22ec7-94a3-4043-9bf8-f5d5f2fcbfe9
电子工程师-硬件方向,ABB,面议,江门·新会区·会城街道,Guangzhou,本科,5-10年,7月25日,zhilian,"职位描述 硬件测试 电路设计 EMC测试 电气设计 Reporting to: Chapter Lead Your role and responsibilities In this role, you will have the opportunity to contribute to ABB’s success with technology, software, product, and system development. Each day, you will identify and implement innovative solutions to relevant problems. You will also showcase your expertise by providing ideas and by being able to work both independently and as a part of a Research & Development (R&D) team. The work model for the role is: onsite This role is contributing to the ELSP in Xinhui, Jiangmen. You will be mainly accountable for: ● Join Breaker products project evaluation, initiate appropriate design solution. ● Design product according to the specification. Calculation and simulation and verification/validation for solutions ● Full design and maintained documentation for product based on the design requirement. ● Maintain product, handling quality issues those are related to design and support life cycle management. ● Support the optimization of product cost and quality. ● Interpret customer requirements and translate them into technical language then working for solution analyze and validation. ● Coordinate each department for product development project management. Qualifications for the role (Mandatory) ● Electronics, Electrical, Automation major or other related area ● Electronic schematic design and calculation skills, PCB layout skills, EDA and electrical simulation software skills ● Knowledge in power supply, Magnetic component, sensor detection, embedded system ● Familiar with the industry protocol and IoT application, such as Modbus and CAN ● Knowledge of EMC and its test and debug method ● Priority to experience in low-voltage product applications ● Good English skill, communicate working task with foreigners. ● Excellent multi-department cooperation skills ● Ability to work independently and handle high volumes of work. ● At least 2 years working experience More about us (Mandatory) ● Electrificat",硬件测试,http://www.zhaopin.com/jobdetail/CC000018800J40967535102.htm?refcode=4019&srccode=401901&preactionid=5ee22ec7-94a3-4043-9bf8-f5d5f2fcbfe9
光电销售工程师,上海尤谱光电科技有限公司,6000-12000元,上海·普陀·桃浦,Guangzhou,本科,1年以下,4月17日,zhilian,岗位职责 负责公司光电类产品的市场开拓、客户开发与销售工作，完成制定的销售业绩目标，跟进销售全流程，保障货款及时回款。 对接高校、科研院所、工业企业、等各类客户，深入挖掘客户需求，提供专业的产品介绍、技术方案讲解与售前咨询服务。 独立完成商务谈判、报价、合同签订、订单跟进等工作，协调公司研发、技术、售后等部门，保障客户项目顺利落地。 维护老客户关系，定期回访客户，收集客户反馈，提升客户满意度与忠诚度，挖掘客户二次合作需求。 关注行业市场动态、竞品信息及下游行业发展趋势，及时反馈市场需求，配合公司完成产品优化与市场推广工作。 参与行业展会、技术交流会等市场活动，推广公司产品与品牌，拓展潜在客户资源，提升品牌市场影响力。 任职要求 本科及以上学历，光电信息工程等理工科相关专业优先。 应届生优先考虑，有科研客户、工业客户资源者优先。 熟悉光电产品原理、性能参数及应用场景，能独立为客户提供技术方案解答、产品演示，具备基础技术沟通能力。 具备优秀的商务谈判、沟通表达与逻辑思维能力，做事积极主动，有较强的客户开拓意识与抗压能力。 能接受国内出差，熟练使用办公软件，具备基本的英文读写能力，可看懂英文产品手册、技术资料者优先。 诚信正直、责任心强，热爱销售行业，愿意长期深耕光电领域，具备良好的团队协作精神。 薪资福利 薪资构成：无责任底薪 +业绩奖金 ，综合薪资 8000-20000 元，上不封顶。 基础福利：缴纳五险一金、带薪年假、法定节假日、节日福利、生日福利、定期团建。 职业保障：完善的岗前培训、产品技术培训、销售技能培训，清晰的晋升通道（销售工程师→销售经理→销售总监）。 办公环境：舒适办公环境、团队氛围融洽，提供完善的销售支持与客户资源。 工作地点：合肥和上海 工作地点 上海普陀区耀光中环国际广场-A座 以担保或任何理由索要财物，扣押证照，均涉嫌违法。一经发现， 立即举报,仪器仪表,http://www.zhaopin.com/jobdetail/CC816512570J40784431516.htm?refcode=4019&srccode=401901&preactionid=5ee22ec7-94a3-4043-9bf8-f5d5f2fcbfe9
光电工程师,郑州德莱孚科技有限公司,6000-10000元,郑州·须水,Guangzhou,本科,经验不限,7月23日,zhilian,职位描述 光学设计 光电产品的研制与项目管理 1，光电专业毕业； 2，熟悉光电系统选型与计算； 职位福利：绩效奖金、加班补助、交通补助、餐补、通讯补助、带薪年假、节日福利、五险一金 工作地点 郑州中原区郑上路882号 以担保或任何理由索要财物，扣押证照，均涉嫌违法。一经发现， 立即举报,光学设计,http://www.zhaopin.com/jobdetail/CC586103520J40047684007.htm?refcode=4019&srccode=401901&preactionid=5ee22ec7-94a3-4043-9bf8-f5d5f2fcbfe9
工艺工程师,泉州三安半导体科技有限公司,5000-8000元·13薪,泉州·南安市·石井镇,Guangzhou,本科,经验不限,1月30日,zhilian,岗位职责： 1：产线异常解决和现有生产操作流程的规范及优化； 2：对现有工艺结构进行创新，提升产品性能和良率命中率，提升产品的竞争力，完成公司给予的项目任务； 3：专利申请材料的申报； 4：客诉分析与解决； 任职要求： 1、专业：材料、物理、化学、半导体、微电子、光电子类等相关专业； 3、技能：熟悉LED生产工艺流程者优先，具备解决实际问题的技能； 4、班次：仅白班； 职位福利：五险一金、年底双薪、绩效奖金、带薪年假、节日福利、包住、加班补助、餐补 工作地点 泉州市南安市石井镇 以担保或任何理由索要财物，扣押证照，均涉嫌违法。一经发现， 立即举报,"专利,半导体,微电子,LED",http://www.zhaopin.com/jobdetail/CC634236280J40174740812.htm?refcode=4019&srccode=401901&preactionid=5ee22ec7-94a3-4043-9bf8-f5d5f2fcbfe9
电子学工程师（可应届）,吉林珩辉光电科技有限公司,8000-14000元·13薪,长春·二道·东方广场,Guangzhou,本科,经验不限,7月9日,zhilian,岗位职责】 1.使用 AD 完成产品原理图、PCB 设计，元器件选型及 BOM 制作； 2.基于单片机、ARM、FPGA 完成硬件电路开发与底层驱动调试； 3.样机硬件焊接、调试，排查电路故障并完成性能测试； 4.配合光学、结构团队协同开发，提供生产硬件技术支持； 5.编写硬件设计、测试相关技术文档，参与产品硬件迭代优化。 【福利待遇】 1.薪资待遇：提供有行业竞争力的薪酬； 2.多元激励：年终奖（2-6薪 ）、项目奖，配套期权激励与公司共享发展红利； 3.社会保障：五险一金(入职即缴)； 4.政府补贴：应届生，最高（本科2.4 万、硕士 3.6 万、博士 6 万）； 5.购房补贴；应届生，最高（本科 3 万、硕士 5 万、博士 8 万）； 6.政策申报：人才公寓、专业职称、卓越工程师、吉林省高层次人才等； 7.其他福利：免费午餐、节日福利、生日福利、每年体检、高温假期、定期团建等； 公司全程协助员工申报补贴，所有申领条件、审核细则以长春市最新官方政策为准。 奖金绩效 年终奖 项目奖 五险一金 节日福利 高温假期 生日福利 工作地点 长春二道区吉林珩辉光电科技有限公司 以担保或任何理由索要财物，扣押证照，均涉嫌违法。一经发现， 立即举报,"半导体/芯片,电气机械/电力设备",http://www.zhaopin.com/jobdetail/CC862756090J41019446604.htm?refcode=4019&srccode=401901&preactionid=5ee22ec7-94a3-4043-9bf8-f5d5f2fcbfe9
光电测试工程师,扬州光电产品检测中心有限公司,3000-6000元,扬州·邗江区·扬子津街道,Guangzhou,本科,经验不限,7月25日,zhilian,职位描述 检测/认证/计量 1. 根据相关标准和规范，负责对光伏组件、电池片进行检测，准确记录测试数据，对测试结果进行评估。 2. 负责所使用检测设备的日常点检和维护工作，定期对设备进行清洁和保养，制定设备计量计划，完成计量确认有关工作。 3.跟进国内外光伏行业的最新标准和技术动态，及时调整测试方案和方法，更新作业指导书，确保测试工作的科学性和前瞻性。 4.结合公司的实际需求和行业发展趋势，开展相关的课题研究，参与公司内部或外部的科研项目。 要求： 1、统招本科及以上学历，新能源、材料、机械等相关理工科专业； 2、具备基本的英语读写能力，能够阅读和理解相关技术文献。 3、具备基本的计算机操作能力，能够使用常见的检测软件。 4、具备良好的沟通能力和团队合作精神，工作责任心强，细心。 5、具有新能源、光伏、电磁兼容行业工作经验，或具备检验检测、设备维修相关经验，具备电气相关知识着者优先。 工作地点 扬州邗江区扬子津街道开发西路10号 以担保或任何理由索要财物，扣押证照，均涉嫌违法。一经发现， 立即举报,检测/认证/计量,http://www.zhaopin.com/jobdetail/CCL1502057470J40800884809.htm?refcode=4019&srccode=401901&preactionid=5ee22ec7-94a3-4043-9bf8-f5d5f2fcbfe9
电子工程师,深圳魔灵科技有限公司,6000-10000元·13薪,深圳·福田·沙头,Guangzhou,大专,经验不限,6月23日,zhilian,岗位职责： 1.结合IC参考原理图与产品实际需求，进行产品原理图的设计/审核； 2.进行产品效果测试，并将结果反馈给相关开发人员; 3.完成简单的软件配置，如量产烧录程序配置等； 4.处理已量产项目的相关工程客诉； 任职要求： 1.有一定的电子基础知识，具备焊接功底； 2.会使用万用表、示波器； 3.有良好的团队合作精神、沟通能力和上进心； 4.有模组厂经验的邮箱。 **公司会根据 个人意愿与实际能力，进行工程能力的定向培养。 每月提供咖啡、茶水、零食饮料等供大家选用。 团建旅游：所有费用公司全包。 职位福利：五险一金（医保一档）、员工旅游、年底奖金、年底双薪、加班补助 职位亮点：早10晚7错开高峰 奖金绩效 依据员工表现，年底发放1~3月薪资 工作地点 深圳福田区耀华创建大厦 以担保或任何理由索要财物，扣押证照，均涉嫌违法。一经发现， 立即举报,"电子工程师,IC,手机,半导体",http://www.zhaopin.com/jobdetail/CCL1299936370J40244738716.htm?refcode=4019&srccode=401901&preactionid=5ee22ec7-94a3-4043-9bf8-f5d5f2fcbfe9
电子工程师,苏州埃兰分析仪器有限公司,4000-7000元,苏州·姑苏·沧浪,Guangzhou,大专,经验不限,3月5日,zhilian,职位描述 半导体/芯片 电气机械/电力设备 电子设备制造 1. 招实习生，电子工程、机电一体化、电子自动化等相关专业专科以上学历。 2. 诚实可信，工作认真细致，责任性强。 3. 具备团结协作的团队意识。 1.五险双休 2.享受国家规定的节假日 3.带薪年假 4.节假日福利 5.生日福利 6.年终团建 工作地点 苏州姑苏区天和大厦(南园北路) 以担保或任何理由索要财物，扣押证照，均涉嫌违法。一经发现， 立即举报,"半导体/芯片,电气机械/电力设备,电子设备制造",http://www.zhaopin.com/jobdetail/CC286067110J40556289903.htm?refcode=4019&srccode=401901&preactionid=5ee22ec7-94a3-4043-9bf8-f5d5f2fcbfe9
封装测试岗,北京中科源芯光电科技有限公司,5000-7000元·13薪,廊坊·广阳区·南尖塔镇,Guangzhou,大专,经验不限,7月24日,zhilian,职位描述 贴片 封装测试 耦合 主要职责： 1）芯片性能测试筛选 2）物料质量检查 3）微组装工艺包括贴片、金丝键合 4）光耦合工艺 5）相关工艺文件撰写 6）相关工艺优化及设计 任职能力要求： 学历要求：大专及以上 工作年限：不限 专业要求：不限，有相关光电方向的优先 1）熟练使用负责的工艺设备 2）具备工艺相关文件的撰写能力 3）熟悉光电子器件的相关性能指标测试 4）具备良好的沟通能力 5）工作态度认真、细心、能吃苦耐劳 奖金绩效 五险一金、节假日福利、绩效奖金、全勤奖、饭补等 工作地点 河北省廊坊市广阳区凤鸣道 以担保或任何理由索要财物，扣押证照，均涉嫌违法。一经发现， 立即举报,"贴片,封装测试,耦合",http://www.zhaopin.com/jobdetail/CCL1463209700J40610725709.htm?refcode=4019&srccode=401901&preactionid=5ee22ec7-94a3-4043-9bf8-f5d5f2fcbfe9
电子工程师,江西舜曙照明电器有限公司,4000-6000元,九江·瑞昌市·赛湖农场,Guangzhou,学历不限,1-3年,7月22日,zhilian,职位描述 LED灯具 LED 1.主导 LED 灯具（室内 / 户外 / 工业）电子方案，完成原理图、PCB Layout、元器件选型；独立开发中小功率恒流驱动，支持 TRIAC/0-10V/DALI 等调光及蓝牙 / WiFi/ZigBee 智能控制 2.制作工程打样，完成电气性能、可靠性（高低温、老化、振动）、EMC / 安规预测试；输出测试报告与 BOM，制定检验标准 3. 编制技术规格书、工艺文件、BOM 及版本管控；对接认证机构，解决 CE/UL/ETL/CCC 等认证中的电子问题，确保跨境出口合规 4. 跟进试产 / 量产，解决焊接、调试、失效等电子异常；优化电路与工艺，提升良率、降低成本；协助制作测试夹具 5.配合结构 / 光学工程师完成整机集成；对接销售 / 客户，提供技术方案、样品评估及售后技术支持 岗位要求： 1. 大专及以上，电子信息、应用电子、电气自动化等相关专业 2. 1-2 年 LED 行业经验，有驱动或灯具电子设计助理经历优先 3. 掌握模拟 / 数字电路基础，熟悉 LED 恒流驱动原理与常用拓扑（Buck/Boost/Flyback） 4. 熟练使用 Altium Designer/Protel/PADS 等 PCB 设计软件，能独立完成简单电路设计与 Layout 5. 会使用示波器、频谱仪、功率分析仪等测试设备，完成基础性能测试 6. 抗压性强，服从团队安排 7. 电子信息、应用电子、电气自动化、机械等专业 工作地点 江西省九江市瑞昌市桂林街道赤乌东路瑞昌市科技园光彩园舜曙照明有限公司 以担保或任何理由索要财物，扣押证照，均涉嫌违法。一经发现， 立即举报,LED灯具,http://www.zhaopin.com/jobdetail/CC818998820J40784845306.htm?refcode=4019&srccode=401901&preactionid=5ee22ec7-94a3-4043-9bf8-f5d5f2fcbfe9
光电技术员,苏州库克光电技术有限公司,7000-10000元·13薪,苏州·工业园区,Guangzhou,大专,经验不限,7月25日,zhilian,岗位职责： 1、产品组装，测试，调试，应用探索； 2、光纤连接器产品开发、生产工艺优化; 3、光学镜头组装，设备维护; 4、实验设计、生产数据分析； 5、熟悉检验测量工具; 任职资格： 1、责任心强，细心负责，积极主动； 2、动手能力强，具有发现问题，分析问题以及解决问题的能力； 3、激光、光电子、光通讯、机械、机电类理工科背景； 4、大专及以上； 5、有光电类产品尤其是激光设备以及光纤连接器生产经验者优先； 工作待遇： 1、 5天8小时制，有加班，加班另核算薪资； 2、 园区制工作环境； 3、 底薪+全勤+绩效+餐补+技术津贴，月综合工资7000~10000 4、缴纳五险一金，年终奖 5、多次调薪升职； 工作地址：苏州工业园区苏春工业坊10栋C区二楼 职位福利：五险一金、带薪年假、考核调薪、全勤奖、绩效奖金、节日福利、餐补 职位亮点：节日福利，带薪年假，餐补，绩效奖金 奖金绩效 浮动绩效 工作地点 苏春工业坊-10栋苏州工业园区苏春工业坊10栋C区二楼 以担保或任何理由索要财物，扣押证照，均涉嫌违法。一经发现， 立即举报,"探测器,装配工艺,耦合器,镜头,激光器",http://www.zhaopin.com/jobdetail/CZ462729720J00063829105.htm?refcode=4019&srccode=401901&preactionid=5ee22ec7-94a3-4043-9bf8-f5d5f2fcbfe9
助理工程师（特纤拉丝）,广东两山生态建设有限公司,7000-12000元,韶关·武江区·西联镇,Guangzhou,本科,经验不限,7月3日,zhilian,岗位职责： 1.参与特纤的拉丝试制、穿纤、涂覆固化、收线和样品整理； 2.负责拉丝前预制棒/管材清洁、装配及基础设备点检； 3.按试验计划进行拉丝工序过程工艺数据的采集、录入和分析； 4.协助攥写生产工艺报告；配合建立拉丝SOP、设备操作规程等； 5.拉丝工序工艺问题反馈、改进及优化，跟进项目实验进度。 任职要求： 1.光学、光电子或材料相关专业优先，可无光纤行业相关工作经验，优秀应届毕业生可培养； 2.熟练使用office等办公软件，能学会使用特定的数据分析软件； 3.具备良好的口头及书面沟通能力； 4.有光纤拉丝、生产设备等操作经验者优先；有特种光纤经验者重点考虑； 5.能接受试制阶段加班、倒班和现场设备调试，安全意识强，能按要求记录工艺数据； 6.动手能力强，执行力好，能配合完成试验矩阵和异常复盘。 该岗位为通鼎信息通信（韶关）有限公司招聘。 工作地点 韶关武江区广东两山生态建设有限公司 以担保或任何理由索要财物，扣押证照，均涉嫌违法。一经发现， 立即举报,光通信,http://www.zhaopin.com/jobdetail/CCL1488612760J41015963604.htm?refcode=4019&srccode=401901&preactionid=5ee22ec7-94a3-4043-9bf8-f5d5f2fcbfe9
光学设计工程师,福建盈方光电科技有限公司,1.5-3万·13薪,厦门·同安·祥平,Guangzhou,本科,1-3年,7月24日,zhilian,职位描述 研发 工艺设计 光学工艺 镜头 Zemax 抗压能力强 半导体/芯片 仪器仪表 岗位内容： 1. 设计、开发和优化光电子器件、系统和组件； 2. 从事产品整体设计，负责相关材料选型、工艺流程优化和检验标准的制定； 3. 从概念到原型验证，确保产品质量和性能达到预期目标。 任职要求： 1. 具备光电子相关领域本科及以上学位 2. 精通光学设计软件 Zemax 或 Code V，掌握 Matlab 或 Python 编程语言 3. 有扎实的光学/激光基础知识，熟悉固体激光器件、激光测量、光纤通信等技术 4. 拥有相关产品的设计和开发经验，具备较好的团队沟通和合作能力。 工作地点 同安区厦门盈方光电科技有限公司2号楼1楼 以担保或任何理由索要财物，扣押证照，均涉嫌违法。一经发现， 立即举报,"研发,工艺设计,光学工艺,镜头,Zemax,抗压能力强",http://www.zhaopin.com/jobdetail/CCL1238610190J40747905502.htm?refcode=4019&srccode=401901&preactionid=5ee22ec7-94a3-4043-9bf8-f5d5f2fcbfe9
电子工程师(双休五险一金),普为光电,8000-16000元,厦门·翔安·民安,Guangzhou,本科,经验不限,7月24日,zhilian,岗位职责: 一、岗位职责 1、负责LED灯具驱动电源电路的设计、优化、可靠性试验。 2、根据项目需求，制定新产品的开发方案。 3、根据方案进行进行参数设定调试、测试。 4、产品技术文件整理 测试报告 产品规格书 BOM 材料信息。 5、协助生产部门制定产品的生产工艺流程、QC工程表等。 6、协助生产部门根据工艺要求设计工装夹具或改进工装夹具。 7、 全程指导新品的样品制作并跟踪小批量试产并对发现的问题进行改善直至适合批量生产。 8、 协助处理生产异常及协助处理客户投诉。 9、 完成上级领导交办的其他工作。 任职要求: 1、有照明电源开发优先； 2、机电类、电子信息技术类专业，本科及以上学历，光电方向优先。 工作地点 翔安区厦门普为光电科技股份有限公司 以担保或任何理由索要财物，扣押证照，均涉嫌违法。一经发现， 立即举报,"设计,测试,电力电子产品",http://www.zhaopin.com/jobdetail/CC393470020J40864106014.htm?refcode=4019&srccode=401901&preactionid=5ee22ec7-94a3-4043-9bf8-f5d5f2fcbfe9
中航光电+装调工程师+社保+住宿,河南正邦人力资源有限公司,4000-8000元,洛阳·洛龙·古城,Guangzhou,本科,经验不限,7月23日,zhilian,职位描述 专用设备制造 船舶/航空/航天/军工 电气机械/电力设备 中航光电科技股份有限公司（158厂）隶属于中国航空工业集团有限公司，是专业为航空及防务和高端制造提供最优互连方案的高科技企业。总部设在洛阳，在沈阳、青岛、西安、深圳、泰兴、东莞、合肥设有分公司和子公司。2007年在深交所上市（股票代码：002179）。 因生产需要，现诚聘：装调工程师（用工方式为劳务派遣） 一、 岗位要求 1、25届、26届毕业生； 2、本科及以上学历，工科专业（优先机械、机电、电气、电子、飞行器等相关专业）； 二、薪酬福利 1、学习期实行保护性工资4000元/月，实行师带徒； 2、学习期时间一般为3个月，学习期通过理论考核和实操考核后，实行全额计件工资制，上不封顶，基本在3000-8000+左右； 4、入职均按照国家规定缴纳养老、医疗、工伤、生育、失业保险； 5、出勤每日12元餐补，可提供公司宿舍（4人间）； 6、享受公司的高温假、逢年过节福利等各项福利； 7、择优可转正式； 三、工作地址 洛阳市洛龙区杜预厂区 工作地点 洛阳洛龙区中航光电基础器件产业园关林路 以担保或任何理由索要财物，扣押证照，均涉嫌违法。一经发现， 立即举报 客户,"专用设备制造,船舶/航空/航天/军工,电气机械/电力设备",http://www.zhaopin.com/jobdetail/CC400225230J40866007301.htm?refcode=4019&srccode=401901&preactionid=42ecb289-3dfd-4c11-bdaf-73c0f90e0421
光学工程师,广西飓芯科技有限责任公司,6000-9000元,柳州·柳北区·沙塘镇,Guangzhou,本科,1-3年,7月18日,zhilian,岗位职责： 1.负责激光光路、光学方案的设计与开发，根据项目要求完成光路中的光学组件选型、几何光学和光束整形开发，以及光路的组装与调试； 2.负责光学器件的仿真模拟，能熟练使用光学设计软件对不同激光光路、光学组件等进行仿真模拟； 3.负责光学元器件的选型及测试，包括聚焦镜、扩束镜、反射镜、DOE等； 4.负责编写相关试验报告、技术文档和产品专利等； 5.完成上级交办的其他工作。 任职要求： 1.统招本科及以上学历，光学、光学工程、光信息、激光、光电子等相关专业，1年及以上光学设计经验； 2.具备扎实的几何光学、激光原理、光纤光学等专业知识； 3.能熟练使用Zemax 、或Comsol、Optiwawe、CODE V等光学设计软件； 4.熟悉各类光学元器件，动手能力强，具备激光光路设计及搭建经验； 5.具备良好的团队协作能力，以及良好的沟通表达能力； 6.逻辑思维清晰，具备良好的计划能力和执行能力。 岗位福利： 五险一金、年终奖、周末大小周、餐补、住房补贴、定期体检、团建、生日福利、节日福利等。 工作地点 柳州柳北区通贤路 以担保或任何理由索要财物，扣押证照，均涉嫌违法。一经发现， 立即举报,半导体/芯片,http://www.zhaopin.com/jobdetail/CCL1322748630J40903288112.htm?refcode=4019&srccode=401901&preactionid=42ecb289-3dfd-4c11-bdaf-73c0f90e0421
电子工程师,佛山市芯美科技有限公司,4000-6000元,商丘·睢阳区·文化街道,Guangzhou,学历不限,1年以下,7月14日,zhilian,职位描述 设计 研发 测试 嵌入式软件研发 嵌入式硬件研发 电气设计 电路设计 PCB设计 电力电子产品 消费电子产品 医疗电子产品 计算机硬件 仪器仪表 半导体/芯片 1、认识各种电子元器件 2、熟练使用电烙铁 热风枪等 3、会简单使用AD等画图软件 4、熟练使用word等办公软件 5、了解单片机 6、熟悉模拟数字电路 工作地点 商丘市睢阳区长江西路恒大珺睿府东北侧约130米 以担保或任何理由索要财物，扣押证照，均涉嫌违法。一经发现， 立即举报,"设计,研发,测试,嵌入式软件研发,嵌入式硬件研发,电气设计,电路设计,PCB设计,电力电子产品,消费电子产品,医疗电子产品",http://www.zhaopin.com/jobdetail/CCL1228648940J40946814408.htm?refcode=4019&srccode=401901&preactionid=42ecb289-3dfd-4c11-bdaf-73c0f90e0421
光电仪器研制工程师,西安斯谱光电技术有限公司,5000-10000元·14薪,西安·长安·郭杜,Guangzhou,本科,经验不限,7月25日,zhilian,职位描述 研发 测试 硬件测试 硬件研发 激光器 光学仪器 镜头 测量仪器及设备 精密光电仪器 仪器仪表 一.工作职责: 负责精密光电仪器的系统集成、联调与参数标定 二.工作待遇 1. 5500～1000元/月，每月10日前发放工资； 2. 依据工作完成情况，发放季度奖、年终奖，并进行薪资调整； 3. 工作单位为国家大型研究所，享受国家法定节假日，五险一金、节日福利等 。 三、工作要求: 1. 本科，光电、测控、仪器、电信、自动化专业； 2. 熟悉Altium designer或cadence等pcb设计软件、电路焊接调试； 3. 有仪器仪表、光电设备系统装调、测试、硬件电路设计课程实习及工作经验者优先。 工作地点 西安长安区西太路526号信息产业园4号楼 以担保或任何理由索要财物，扣押证照，均涉嫌违法。一经发现， 立即举报,"研发,测试,硬件测试,硬件研发,激光器,光学仪器,镜头",http://www.zhaopin.com/jobdetail/CCL1342184350J40953071508.htm?refcode=4019&srccode=401901&preactionid=42ecb289-3dfd-4c11-bdaf-73c0f90e0421
电子助理工程师,杭州光鸿科技有限公司,5000-10000元,杭州·余杭·五常,Guangzhou,本科,1-3年,4月9日,zhilian,岗位职责： 1、根据产品结构需求，协助主设计师完成光学系统的机械接口及光学机械的详细设计，撰写设计报告，输出设计图纸出等； 2、负责光机结构部分机械零部件的加工和验收，提供制造、装配、调试阶段的现场技术服务， 及时解决现场技术问题； 3、参与制定精密光学系统(光电系统)的光机装调方案； 4、协助工程师完成精密光学系统(光电系统)的集成装调和性能测试； 5、参与完成光学设备的电气控制系统优化升级； 6、配合完成工程师要求的其它相关工作。 任职要求： 1、大学本科及以上学历，精密机械、仪器，机械设计与制造，电子信息，光学仪器等相关专业优先； 2、能够熟练使用CAD、Pro/E、Solidworks、UG等设计软件的其中一款； 3、具备机电产品基本知识，熟悉机电系统的装调方法和过程； 4、具备较强的动手能力，熟悉各种机械加工工艺或者电路电器装配调试； 5、能够完成自动控制系统电机的选型及应用； 6、具有团队合作精神； 7、工作严谨，为人正直，诚实守信，较强的责任心和事业心。 职位福利：创业公司、周末双休、员工旅游、带薪年假、绩效奖金、交通补助、餐补、房补 工作地点 杭州余杭区未来星宸1幢502 以担保或任何理由索要财物，扣押证照，均涉嫌违法。一经发现， 立即举报,安装/调试,http://www.zhaopin.com/jobdetail/CC535892830J40994949504.htm?refcode=4019&srccode=401901&preactionid=42ecb289-3dfd-4c11-bdaf-73c0f90e0421
电子工程师,福州普锐达光电科技有限公司,4000-6000元,福州·仓山·盖山,Guangzhou,大专,1-3年,7月21日,zhilian,职位描述 电力电子产品 太阳能供电系统 储能 半导体/芯片 岗位内容： 1. 开发、实现和测试高性能的电子产品； 2. 监督和管理全面的产品生命周期，包括研发、测试、制造和售后支持； 3. 评估和解决产品的技术问题； 4. 提供可靠的技术支持给客户，以确保其满意度； 5. 推动不断改进流程，以提高产品质量和工作效率。 任职要求： 1. 专以上学历，电子工程或相关领域； 3. 熟练掌握常见的电路板设计软件； 3. 拥有扎实的电子产品制造和测试经验； 工作地点 福州市-仓山区-阳岐路67号硅谷园4号楼2楼 以担保或任何理由索要财物，扣押证照，均涉嫌违法。一经发现， 立即举报,"电力电子产品,太阳能供电系统,储能",http://www.zhaopin.com/jobdetail/CCL1410198350J40750592506.htm?refcode=4019&srccode=401901&preactionid=42ecb289-3dfd-4c11-bdaf-73c0f90e0421
激光工程师,纤光传能(上海)科技有限公司,8000-13000元,上海·嘉定,Guangzhou,本科,1-3年,7月25日,zhilian,职位描述 激光设计 光路设计 1.配合项目管理人工作，完成光纤测试、光纤熔接以及封装等工艺; 2.负责光纤及光缆测试的相关报告撰写; 3.负责光纤测试及光纤器件平台的元器件、原材料及设备的采购和管理; 4.协助项目负责人完成项目相关的部分其他内容。 任职要求: 1.本科及以上学历，光学或光学相关专业(光学工程、光信息、激光、光纤光学、光电子学、物理学其它相近专业)，熟悉了解激光原理、光纤光学等相关知识; 2.有光纤熔接或光纤制备、测试相关的工作经历，具备特种光纤熔接、熟练掌握特种光纤熔接机、光纤切割刀和光谱分析仪等测试仪器者优先。 3.掌握光纤/光学模拟软件、编程软件(如COMSOL、 Python等工具)者优先; 4.身心健康，责任心强，具有端正的职业操守良好沟通能力和执行能力者优先。 5.具备良好的职业素养与安全意识 工作地点 嘉定区中国科学院上海光学精密机械研究所(清河路) 以担保或任何理由索要财物，扣押证照，均涉嫌违法。一经发现， 立即举报,"激光设计,光路设计",http://www.zhaopin.com/jobdetail/CCL1526430950J40875845814.htm?refcode=4019&srccode=401901&preactionid=42ecb289-3dfd-4c11-bdaf-73c0f90e0421
生产工程助理工程师,江苏旭海光电科技有限公司,4000-8000元·13薪,徐州·泉山区·庞庄街道,Guangzhou,大专,经验不限,5月28日,zhilian,岗位职责： 1.负责协助工程师进行工艺改善并协助新产品导入。 2.负责产线上技术问题的支持和解决。 3.完善操作指导书，使操作指导书更适合大批量生产。 4.负责生产线监控，对于生产线上的异常进行处理和报告。 学历及工作经验的要求： 1.光电子、机械专业等理科专业大专以上。 2.有相关工作经验的优先考虑。 能力要求： 1. 熟练使用word、excel等办公软件。 2.熟悉并能应用Solidworks 或其他机械设计软件进行简单机械设计。 3.有较强的逻辑思维能力、项目信息处理能力、沟通能力。 其他福利待遇：五险一金，节假日正常休息，节日福利，定期体检，年终奖，未来绩效水平比较高 工作地点 徐州泉山区贝诺科技产业园江苏旭海光电科技有限公司 以担保或任何理由索要财物，扣押证照，均涉嫌违法。一经发现， 立即举报,"Solidworks,工艺改善,技术支持,生产监控",http://www.zhaopin.com/jobdetail/CC648786920J40969246702.htm?refcode=4019&srccode=401901&preactionid=42ecb289-3dfd-4c11-bdaf-73c0f90e0421
储备技术员/助理工程师/工程师-LED封装,福建晶旭半导体科技有限公司,5000-10000元,龙岩·上杭县·临江镇,Guangzhou,本科,经验不限,7月23日,zhilian,岗位职责 1、熟悉LED封装工艺全流程（固晶、焊线、围坝、点粉、分光等），掌握各工艺核心要点。 2、协助工程师进行工艺优化，提升生产效率和品质良率。 3、参与新产品开发打样及新物料的评估与导入。 4、参与制定和修订产品标准类文件，为其他部门提供技术支援。 5、协助处理生产异常，分析并解决技术问题。 二、任职要求 1. 本科及以上学历，双一流及以上院校优先，电子信息、光电工程、物理学、材料学、机械、自动化等相关专业； 2、工作经验不限，面向应届毕业生，有LED封装或电子制造行业经验者优先； 3、具备良好的沟通协调能力和团队协作意识，责任心强，能适应车间无尘服环境及两班倒工作制； 4. 熟练操作办公和绘图软件（Excel/PPT/CAD等）； 5.踏实肯干，愿意从基层做起，有明确的职业规划和较强的学习和钻研能力。 工作地点 龙岩上杭县福建晶旭半导体科技有限公司 以担保或任何理由索要财物，扣押证照，均涉嫌违法。一经发现， 立即举报,"封装工艺,封装设计,封装研发,LED封装,光源,LED,光电",http://www.zhaopin.com/jobdetail/CCL1298390900J40767540106.htm?refcode=4019&srccode=401901&preactionid=42ecb289-3dfd-4c11-bdaf-73c0f90e0421
激光助理工程师（26届应届生）,广东东博智能装备股份有限公司,7000-14000元,东莞·石排镇,Guangzhou,本科,经验不限,7月11日,zhilian,岗位职责： 1、协助激光工艺工程师调试与维护工作； 2、参与项目现场的激光设备安装与测试，确保符合技术规范。 岗位要求： 1、本科及以上学历，光学、光电子、精密等专业； 2、对激光工艺系统有一定了解，有相关实习或项目经验者优先； 3.抗压能力强。 工作地点 东莞广东东博智能装备股份有限公司 以担保或任何理由索要财物，扣押证照，均涉嫌违法。一经发现， 立即举报,"光学系统设计,激光设计",http://www.zhaopin.com/jobdetail/CC238682080J40854044610.htm?refcode=4019&srccode=401901&preactionid=42ecb289-3dfd-4c11-bdaf-73c0f90e0421
光学工程师,武汉安顿医疗技术有限责任公司,5000-8000元,武汉·洪山·左岭,Guangzhou,大专,经验不限,7月17日,zhilian,岗位职责 1、负责光纤激光器中各光学模块的制作和组装、光路搭建等工作； 2、负责光纤激光器调试和测试，以及相关数据的记录与整理； 3、负责光纤激光器在生产、调试过程中的异常处理和统计分析； 4、负责日常工作中的设备维护； 5、完成领导交代的其他任务。 任职资格 1、专科及以上学历，光电子、激光类相关专业，有相关工作经验者优先； 2、了解超快光纤激光器的原理与结构，会熟练使用各种光学相关的仪器和设备； 3、有使用光纤熔接机经验的优先； 4、具有良好的团队协作精神，学习能力强，动手能力强。 工作地点 洪山区武汉安顿医疗技术有限责任公司 以担保或任何理由索要财物，扣押证照，均涉嫌违法。一经发现， 立即举报,"医疗设备/器械/耗材,专用设备制造",http://www.zhaopin.com/jobdetail/CCL1396191620J40942674415.htm?refcode=4019&srccode=401901&preactionid=42ecb289-3dfd-4c11-bdaf-73c0f90e0421
光电工程师,深圳市新凯来技术有限公司,2-4万,武汉·江夏·豹澥,Guangzhou,学历不限,经验不限,7月26日,zhilian,职位描述 光模块 激光器 激光雷达 光纤激光器 脉冲激光器 二氧化碳激光器 1.光电工程、电子工程、物理、微电子、光学相关专业 2.掌握数字信号处理、信号分析、自动化控制、光电设计、光电检测、优化算法等专业知识 3.熟练掌握光电器件的原理结构和制造工艺，了解光电传感器、系统的设计和应用 4.熟练掌握光电检测方法和成像器件原理 5.熟悉Python、C++或其他编程语言 工作地点 武汉市江夏区九峰三路武汉未来科技城-G区 以担保或任何理由索要财物，扣押证照，均涉嫌违法。一经发现， 立即举报,"光模块,激光器,激光雷达,光纤激光器,脉冲激光器,二氧化碳激光器",http://www.zhaopin.com/jobdetail/CCL1362239030J40933324515.htm?refcode=4019&srccode=401901&preactionid=42ecb289-3dfd-4c11-bdaf-73c0f90e0421
激光雷达产品硬件研发工程师,山东富锐光学科技有限公司,8000-10000元,潍坊·潍城·于河,Guangzhou,本科,经验不限,7月19日,zhilian,职位描述 激光雷达硬件研发 电路设计与调试 硬件性能优化 工作职责 1. 协助激光雷达产品硬件系统的方案设计，参与电路原理图绘制、PCB版图设计及元器件选型等基础研发工作。 2. 配合完成硬件原型的焊接、调试与测试，记录并分析测试数据，协助工程师排查硬件故障并提出改进方案。 3. 学习激光雷达核心模块（如发射/接收电路、信号处理单元）的工作原理，参与硬件系统的性能优化与可靠性验证。 4. 整理硬件研发相关技术文档，参与团队技术交流，推动硬件设计经验的沉淀与复用。 任职要求 1. 985院校电气、电子信息或相关专业应届毕业生，本科及以上学历。 2. 掌握电路原理、模拟/数字电路设计、硬件调试等核心知识，熟悉至少一种硬件设计工具（如Altium Designer、Cadence）。 3. 对激光雷达或半导体行业有一定了解，或具备光电子、传感器相关实践经验者优先。 4. 具备严谨的逻辑思维与动手能力，能快速学习新技术，适应半导体硬件研发的高要求工作节奏。 工作地点 山东省潍坊市潍城区半导体（激光）产业园4号楼 （北宫街与殷大路交叉口西200米路北） 以担保或任何理由索要财物，扣押证照，均涉嫌违法。一经发现， 立即举报,"激光雷达硬件研发,电路设计与调试,硬件性能优化",http://www.zhaopin.com/jobdetail/CC475400830J40951596708.htm?refcode=4019&srccode=401901&preactionid=42ecb289-3dfd-4c11-bdaf-73c0f90e0421
激光/光电子技术工程师,惠州市祺光科技有限公司,8000-10000元,惠州·沙田镇,Guangzhou,本科,3-5年,6月30日,zhilian,职位描述 光学工艺 光模块 工艺设计 专用设备制造 核心职责 ·光学系统设计:依据需求构建光路模型，使用Zemax、CodeV、LightTools等软件进行像差校正、光度学优化及完整光路搭建。 仿真与分析:通过光线追迹、电磁仿真(如FDTD)预测光强分布、热光学效应，提前规避研发风险。 工程落地与测试:负责光学元件选型、公差分析、装调工艺制定，以及原型机的性能评估与验收。 ·跨部门协同:与机械、生产团队配合，解决量产中的光学一致性难题，并编写技术文档。 任职要求： 1.本科以上学历，有相关技术工程师工作经验； 2.理论基础:精通几何光学、物理光学、傅里叶光学及激光原理，掌握麦克斯韦方程组在非均匀介质中的传播特性； 3.工具掌握:熟练操作主流光学设计软件，具备干涉仪校准； 4.复合能力:熟悉光学加工工艺(如研磨、镀膜)，了解ISO10110标准，并具备一定的光机结构或算法基础； 5.逻辑清晰、责任心强，具备团队协作意识与项目推进能力。 工作地点 惠州市-惠阳区-沙田镇佛龙工业区盛鑫达工业园乐基塑胶文具对面3楼 以担保或任何理由索要财物，扣押证照，均涉嫌违法。一经发现， 立即举报,"光学工艺,光模块,工艺设计",http://www.zhaopin.com/jobdetail/CC841337020J40870714009.htm?refcode=4019&srccode=401901&preactionid=42ecb289-3dfd-4c11-bdaf-73c0f90e0421
光学工程师（可培养，双休，五险一金）,软通动力信息技术(集团)股份有限公司,7000-14000元,武汉·洪山·九峰,Guangzhou,本科,1-3年,7月26日,zhilian,岗位职责：(光芯片测试：半导体/光学专业，接受无尘室) 1.负责解决复杂的测试问题、良率异常和机台疑难故障。 2.主导测试数据的综合分析、报告撰写，并能提出有效的工艺改善建议。 3.拉通生产接口人，协调小组资源，确保转产顺利导入，项目按时过点交付 4.负责编写高级培训教材，并对团队进行技术指导与技能鉴定。 5.协助工程师主导重大、疑难的失效分析项目，能通过电性-物性关联分析，定位到根本原因。 学历要求：本科 光电子信息工程/微电子科学与工程/电子科学与技术/光学工程 工作地点 洪山区武汉软通动力交付中心武汉软通动力交付中心 以担保或任何理由索要财物，扣押证照，均涉嫌违法。一经发现， 立即举报,激光器,http://www.zhaopin.com/jobdetail/CC000544460J40821619616.htm?refcode=4019&srccode=401901&preactionid=42ecb289-3dfd-4c11-bdaf-73c0f90e0421
封装耦合工程师-应届生,厦门亨光芯睿科技有限公司,6000-8000元·13薪,厦门·翔安·马巷,Guangzhou,本科,经验不限,7月26日,zhilian,岗位职责： 1、负责半导体光器件耦合工作； 2、根据产品需要，编制工艺要求，协同生产车间实施执行； 5、领导安排的其他临时性任务 任职要求： 1、光电子通信与技术方向专业优先，本科学历 2、有过半导体光器件实习经验者优先 3、执行力、抗压能力强，做事细心且仔细 职位福利：五险一金、绩效奖金、带薪年假、加班补助、房补、餐补等 工作地点 厦门翔安区台湾科技企业育成中心E603室 以担保或任何理由索要财物，扣押证照，均涉嫌违法。一经发现， 立即举报,"封装工艺,封装测试,芯片封装,光学器件封装,激光器封装",http://www.zhaopin.com/jobdetail/CCL1202443280J40858738611.htm?refcode=4019&srccode=401901&preactionid=42ecb289-3dfd-4c11-bdaf-73c0f90e0421
光学助理工程师,苏州英谷激光科技股份有限公司,5000-8000元·13薪,苏州·工业园区,Guangzhou,本科,经验不限,7月26日,zhilian,职位描述 光电子技术 电子设备制造 1、负责固体激光器产品的调试、生产、检测。 2、负责固体激光器生产工艺改善，制定工艺文件，操作指导书，协助建立固体激光器生产线，完善相关质量控制流程。 3、参与固体激光器开发，协助研发部门对激光器进行方案改进及开发。 4、协助领导完成其他相关工作。 任职要求： 1、本科及以上学历，应届光电子技术科学等相关专业； 2、数据观念强，善于数据的分析、总结与判断，有科学的工作方法； 3、有一定的逻辑思维能力，有较强的协调能力和心理承受能力，诚实敬业，责任感强，能够团队合作。 4、动手能力强、有独立解决问题的能力、沟通能力强。 职位福利：五险一金、带薪年假、定期体检、员工旅游、节日福利 工作地点 工业园区苏州英谷激光科技股份有限公司 以担保或任何理由索要财物，扣押证照，均涉嫌违法。一经发现， 立即举报,光电子技术,http://www.zhaopin.com/jobdetail/CC614280920J00322162905.htm?refcode=4019&srccode=401901&preactionid=42ecb289-3dfd-4c11-bdaf-73c0f90e0421
电子工程师,丹东天科射线仪器有限公司,3000-6000元,丹东·振兴区·浪头镇,Guangzhou,大专,1-3年,7月26日,zhilian,职位描述 设计 研发 安装/调试 电子电路设计 电磁兼容设计 硬件调试与故障排查 工作职责： 1. 负责射线检测仪器的电子电路设计，包括模拟信号处理、数字逻辑控制及电源模块开发。 2. 主导产品电磁兼容（EMC）设计与测试，解决电路干扰问题，确保设备符合行业标准。 3. 参与产品硬件调试与故障排查，优化电路性能，提升设备稳定性与检测精度。 4. 输出电路设计文档、BOM清单及测试报告，保障研发流程的规范性。 任职要求： 1. 专科及以上学历，电子信息工程、自动化等相关专业。 2. 1年以上电子硬件设计经验，能独立完成原理图与设计。 3. 熟悉模拟电路与数字电路设计，具备工业级设备开发经验优先。 4. 了解电磁兼容标准，掌握电路抗干扰设计方法。 5. 具备较强的问题分析能力，能独立解决硬件调试中的复杂问题。 工作地点 丹东振兴区辽宁仪器仪表园(东1门) 以担保或任何理由索要财物，扣押证照，均涉嫌违法。一经发现， 立即举报,"设计,研发,安装/调试,电子电路设计,电磁兼容设计,硬件调试与故障排查",http://www.zhaopin.com/jobdetail/CCL1347369140J40871441409.htm?refcode=4019&srccode=401901&preactionid=42ecb289-3dfd-4c11-bdaf-73c0f90e0421
光电检测工程师,达测科技(广州)股份有限公司,7000-10000元,广州·黄埔·夏港,Guangzhou,本科,经验不限,7月26日,zhilian,职位描述 测试 光学仪器 激光雷达 照明产品 通信测试 检测/认证/计量 1、按照项目工程师计划完成照明及光学产品的检测工作； 2、整理产品试验数据并完成数据分析记录； 3、根据客户需求，完成照明产品的测试项目开发工作； 4、根据客产品测试结果，分析产品的研发质量； 5、完成光学仪器设备的使用及管理工作。 岗位要求：1、大学本科，机电类专业应届毕业，光电专业优先； 2、英语4级或以上，能利用工具读懂英文的试验标准及方法； 3、愿意从事实验室工程师岗位工作，完成产品测试及出具检测报告技术服务； 4、具有持续的学习精神和目标管理习惯，致力于产品质量技术服务领域发展； 5、敢于追求梦想，努力奋斗实现自己的价值； 6、可申请员工宿舍，优秀员工提升进入公司发展合伙人计划，与公司共同发展。 工作地点 广东省广州市黄埔区夏港街道蓝玉四街9号 以担保或任何理由索要财物，扣押证照，均涉嫌违法。一经发现， 立即举报,"测试,光学仪器,激光雷达,照明产品,通信测试",http://www.zhaopin.com/jobdetail/CCL1416048900J40383769116.htm?refcode=4019&srccode=401901&preactionid=42ecb289-3dfd-4c11-bdaf-73c0f90e0421
硬件工程师,中山旭贵明电子有限公司,8000-11000元,中山·中山港街道,Guangzhou,本科,1-3年,7月26日,zhilian,职位描述 设计 UPS 逆变器 电源 半导体/芯片 工作职掌 硬件设计与开发：根据产品需求进行硬件方案设计、元器件选型，以及绘制原理图（Schematic） 和指导PCB（印刷电路板）设计。 调试、测试与验证：使用示波器、万用表对硬件板卡进行调试和性能测试，确保其满足功能、性能、可靠性的要求。包括参与产品的试产、量产导入，并分析解决生产中出现的问题。 文档撰写与问题处理：编写硬件设计文档、测试报告等技术文档。同时，也需要跟踪并解决产品在研发、生产乃至售后环节出现的硬件相关问题。 专业技能要求 扎实的理论基础：模拟电路、数字电路、电路分析基础牢固。 熟悉开发流程与工具：需要了解硬件开发的全流程，并能熟练使用相关的EDA设计软件进行原理图和PCB设计。 仪器仪表使用能力：能熟练操作示波器、万用表、功率表等常用测试仪器 需要熟悉电力电子技术、硬件电路拓扑以及磁性器件的原理与设计。 语言能力：良好的英语阅读能力用于阅读芯片数据手册（Datasheet） 和英文技术文档。 人格特质或其它要求 学历与专业：要求本科及以上学历，电子信息、通信工程、自动化、电气工程等专业。 经验与加分项：有电子设计竞赛经历、实验室项目或相关实习经历优先。 有UPS、逆变器相关硬件开发经验优先。 逻辑思维与问题解决：能够快速定位并解决复杂的硬件问题，思路清晰。 责任心与抗压性：工作认真负责，能承受研发周期带来的压力。 团队合作与沟通：需要与软件、结构、测试等部门紧密配合，具备良好的沟通与协作能力 工作地点 中山市火炬开发区十涌路8号 以担保或任何理由索要财物，扣押证照，均涉嫌违法。一经发现， 立即举报,"设计,UPS,逆变器",http://www.zhaopin.com/jobdetail/CC427804630J40867850112.htm?refcode=4019&srccode=401901&preactionid=42ecb289-3dfd-4c11-bdaf-73c0f90e0421
电子工程师,上海共联达建筑工程有限公司,6000-10000元·13薪,武汉·东西湖·金银湖,Guangzhou,本科,经验不限,7月26日,zhilian,职位描述 电力电子产品 安装/调试 电子设备制造 半导体/芯片 岗位内容： 1. 开发、实现和测试高性能的电子产品； 2. 监督和管理全面的产品生命周期，包括研发、测试、制造和售后支持； 3. 评估和解决产品的技术问题； 4. 提供可靠的技术支持给客户，以确保其满意度； 5. 推动不断改进流程，以提高产品质量和工作效率。 任职要求： 本科以上学历，电子工程或相关领域； 工作地点 武汉东西湖区常青路 以担保或任何理由索要财物，扣押证照，均涉嫌违法。一经发现， 立即举报,"电力电子产品,安装/调试",http://www.zhaopin.com/jobdetail/CCL1372479990J40873000415.htm?refcode=4019&srccode=401901&preactionid=5e2f83d3-6dda-4fbe-bc06-93bda319223c
设备实习生【深圳瑞波光电子有限公司】,智联猎头,4000-5000元,深圳·龙华·大浪,Guangzhou,本科,经验不限,7月19日,zhilian,职位描述 自动化设备 1 协助工程师处理设备及操作台的安装工作 2 协助工程师处理设备放线、接线、布线并排查线路故障 学历要求 大学本科 专业要求：光电、自动化、测控、机械、电子 工作地点 深圳瑞波光电子有限公司广东省深圳市龙华区大浪街道刘屋围路228号德泰科技园 以担保或任何理由索要财物，扣押证照，均涉嫌违法。一经发现， 立即举报,自动化设备,http://www.zhaopin.com/jobdetail/CCL1318355140J40910335003.htm?refcode=4019&srccode=401901&preactionid=5e2f83d3-6dda-4fbe-bc06-93bda319223c
电子工程师,亚世光电(集团)股份有限公司,4000-5000元,鞍山·立山区·千山街道,Guangzhou,本科,1-3年,7月26日,zhilian,职位描述 测试 电力电子产品 性能测试 功能测试 半导体/芯片 工作内容 1.负责产品的调试工作，确保产品性能符合设计要求和质量标准。 2.解决调试过程中出现的技术问题，提高产品的可靠性和稳定性。 3.为产品的优化和改进提供技术支持和建议。 任职条件 1、具有 1 年以上相关调试工作经验。 2、本科以上学历，电子、光学、计算机等相关专业。 3、熟悉数字电路，光学特性或计算机语言的基本原理和方法，掌握示波器，万用表等测试仪器的使用 工作地点 鞍山立山区亚世光电(集团)股份有限公司 以担保或任何理由索要财物，扣押证照，均涉嫌违法。一经发现， 立即举报,"测试,电力电子产品,性能测试,功能测试",http://www.zhaopin.com/jobdetail/CC283057530J40699970401.htm?refcode=4019&srccode=401901&preactionid=5e2f83d3-6dda-4fbe-bc06-93bda319223c
光电工程师,天津市贝斯特防爆电器有限公司,8000-15000元,深圳·南山·南山,Guangzhou,本科,3-5年,7月26日,zhilian,岗位职责 1. 负责光电产品（防爆LED 灯具、船用照明、工业照明）的研发设计、性能测试与技术优化，参与产品从方案论证到量产落地的全流程工作。 2. 开展LED光电材料、光学元件的选型与验证，运用光学设计软件进行光路仿真、光学性能分析，解决产品研发中的光学损耗、成像畸变、光效率等技术问题。 3. 搭建光电性能测试平台，制定测试方案与标准，完成产品的光电参数（光通量、功率、色温、）检测与数据分析，输出测试报告。 4. 对接生产、工艺团队，参与光电产品的工艺改进与良率提升，解决量产过程中的技术瓶颈，确保产品符合行业标准与客户需求。 5. 跟踪光电行业新技术、新材料、新器件的发展趋势，参与技术预研与专利申报，撰写技术文档与研发方案。 二、 任职要求 1. 学历专业：本科及以上学历，光电信息科学与工程、光学工程、电子科学与技术等相关专业。 2. 工作经验 有工作经验：2-5年及以上光电产品研发或测试经验，独立负责过至少2款LED灯具产品的研发或性能优化项目。 3. 专业技能 - 熟练使用光学设计与仿真软件，如Zemax、Code V、LightTools等；掌握CAD、SolidWorks等机械建模软件优先。 - 精通光电基础理论，熟悉光电探测器、激光器、光学镜头等器件的工作原理，掌握光功率计、光谱分析仪等测试设备的操作方法。 - 了解光电产品相关行业标准（如IEC、GB/T系列光电标准），具备光电产品可靠性测试与失效分析能力。 - 具备良好的数据分析能力，能使用MATLAB、Python等工具进行数据处理与仿真计算。 4. 综合素质 - 具备扎实的数理基础，逻辑思维清晰，有较强的独立研发与问题解决能力。 - 具备良好的团队协作与沟通能力，能高效对接研发、生产、市场等多部门工作。 - 工作严谨负责，有较强的创新意识与抗压能力，能适应研发项目的进度要求。 5. 加分项 - 持有光电相关专业技术职称证书，或拥有光电领域专利者优先。 - 有LED照明、激光加工、机器视觉、光纤通信等细分领域研发经验者优先。 - 熟悉光电产品生产工艺与量产管理流程者优先。 待遇：月薪8000-15000元，五险一金。工作地点：深圳市南山区 工作地点 深圳南山区新能源大厦-A座 以担保或任何理由索要财物，扣押证照，均涉嫌违法。一经发现， 立即举报,"光电信息科学与工程,光学工程、电子科学与技术相关专业",http://www.zhaopin.com/jobdetail/CC242387810J40880088103.htm?refcode=4019&srccode=401901&preactionid=5e2f83d3-6dda-4fbe-bc06-93bda319223c
光学结构工程师,福建盈方光电科技有限公司,8000-16000元·13薪,厦门·同安·祥平,Guangzhou,本科,3-5年,7月26日,zhilian,职位描述 镜头 光学仪器 光学 光电 光通讯 SolidWorks CAD 结构设计 光模块 电子设备制造 工作职责： 1、负责光学镜头、滤光片等结构方案设计，3D 建模、2D 工程图、BOM 编制； 2、与光学设计师、工艺/制程工程师协同，完成光学系统的结构集成、公差分析、可靠性设计等； 3、主导样机试制、装调、测试、问题分析与改进，跟进从研发到试产、量产全流程； 4、负责光学元件（镜片、滤光片、棱镜、隔圈、压圈等）结构选型、材料选型、加工工艺评估； 5、制定装配工艺、工装、治具设计，输出装配 SOP、检验规范等技术文件； 6、处理量产中装配偏差、环境可靠性（高低温、振动、跌落）等问题并持续优化； 7、参与新材料、新工艺、新结构的技术预研与专利布局。 相关要求： 1、本科及以上，机械、精密仪器、光学相关专业，3 年（含）以上光学结构设计经验； 2、熟练使用SolidWorks、AutoCAD，懂Zemax 光学基础优先； 3、精通光学材料（玻璃、树脂、PC）、金属 / 塑胶材料特性、加工工艺； 4、熟悉光学系统装配逻辑、公差分析、可靠性设计等； 5、能独立承担光学镜头完整结构设计与量产导入； 6、具备良好问题分析、跨部门沟通、项目推进、文档输出能力； 7、有工业镜头、机载镜头等项目经验优先。 工作地点 同安区厦门盈方光电科技有限公司 以担保或任何理由索要财物，扣押证照，均涉嫌违法。一经发现， 立即举报,"镜头,光学仪器,光学,光电,光通讯,SolidWorks,CAD,结构设计,光模块",http://www.zhaopin.com/jobdetail/CCL1238610190J40944920502.htm?refcode=4019&srccode=401901&preactionid=5e2f83d3-6dda-4fbe-bc06-93bda319223c
助理工艺工程师,青岛翼晨镭硕科技有限公司,5000-7000元,青岛·胶州·九龙,Guangzhou,本科,经验不限,7月26日,zhilian,岗位职责： 1、根据公司半导体激光器工艺进度安排，完成工艺制备环节的部分流程，涉及清洗、光刻、刻蚀、腐蚀、介质膜沉积、电极制备等 2、定期对所负责的工艺环节进行指标参数校验，保证工艺的稳定性； 3、负责工艺相关数据收集和分析，以提高工艺水平； 4、根据需要协助相关工艺设备的调研、采购、学习培训，协助设备人员完成设备的安装、调试； 6、负责完成上级领导交办或其他部门临时需要协助的工作。 任职要求： 1、本科及以上微电子、光电子、化学、物理、材料、机械等相关专业应届毕业生； 2、了解半导体激光器相关专业知识，了解半导体光电子器件的制程优先（如光刻、干湿法腐蚀、金属/介质膜、压焊、封装或测试）； 3、有半导体行业相关经验者或具备超净室工作经验优先； 4、具有良好的沟通能力及团队合作精神，有强烈的工作责任心，为人正直，热衷学习，踏实敬业； 职位福利：五险一金、带薪年假、餐补、创业公司 工作地点 胶州市上合 · 半导体智慧科技城青岛翼晨镭硕科技有限公司 以担保或任何理由索要财物，扣押证照，均涉嫌违法。一经发现， 立即举报,"半导体工艺,化合物半导体工艺",http://www.zhaopin.com/jobdetail/CC882492730J40319905512.htm?refcode=4019&srccode=401901&preactionid=5e2f83d3-6dda-4fbe-bc06-93bda319223c
电子工程师(照明26届),横店集团得邦照明股份有限公司,4000-8000元·13薪,金华·东阳市·横店镇,Guangzhou,硕士,经验不限,7月26日,zhilian,岗位职责 1、负责与其相关新产品电路开发创新工作 2、负责与其相关现有产品及外购产品电路的分析及技术改良 3、协助电路功能块主管组建公司电路技术平台 任职要求 1、学历专业：本科及以上，电力电子、自动化控制等电子类相关专业 2、计算机：有一定的办公软件操作基础 3、语言：有一定的英语基础，能看懂英文资料 4、其他：了解LED驱动基础知识、LED驱动特点，曾参加电子设计大赛者优先。 工作地点 浙江省金华市东阳市横店工业园区科兴路88号88号-得邦照明1号门 以担保或任何理由索要财物，扣押证照，均涉嫌违法。一经发现， 立即举报,"设计,电路设计,PCB设计",http://www.zhaopin.com/jobdetail/CC411316720J40967426504.htm?refcode=4019&srccode=401901&preactionid=5e2f83d3-6dda-4fbe-bc06-93bda319223c
电子技术员/经验不限/男女均可/包吃/待遇优厚,沈阳达亮光电有限公司,4000-5000元,沈阳·于洪·造化,Guangzhou,学历不限,经验不限,7月26日,zhilian,职位描述 设计 半导体/芯片 负责集成电路及光电产品生产线精密设备的日常操作、参数设定与运行状态监控，确保工艺指标达标。 严格按照标准作业程序执行半导体及电子元件的生产组装流程，对生产过程中的技术异常进行初步排查。 工作地点 沈阳市-于洪区-沈北西路111号111-33号 以担保或任何理由索要财物，扣押证照，均涉嫌违法。一经发现， 立即举报,设计,http://www.zhaopin.com/jobdetail/CCL1513407480J40952123515.htm?refcode=4019&srccode=401901&preactionid=5e2f83d3-6dda-4fbe-bc06-93bda319223c
电子工程师,普为光电,1-1.5万·13薪,厦门·翔安·民安,Guangzhou,本科,经验不限,7月26日,zhilian,岗位职责 1、负责LED灯具驱动电源电路的设计、优化、可靠性试验。 2、根据项目需求，制定新产品的开发方案。 3、根据方案进行进行参数设定调试、测试。 4、产品技术文件整理 测试报告 产品规格书 BOM 材料信息。 5、协助生产部门制定产品的生产工艺流程、QC工程表等。 6、协助生产部门根据工艺要求设计工装夹具或改进工装夹具。 7、 全程指导新品的样品制作并跟踪小批量试产并对发现的问题进行改善直至适合批量生产。 8、 协助处理生产异常及协助处理客户投诉。 9、 完成上级领导交办的其他工作。 二、任职要求 1、有照明电源开发优先； 2、电子类专业本科及以上学历，光电方向优先。 三、薪酬待遇 1、工作时间：五天八小时工作制，周末双休。 2、缴交五险一金；丰厚的年终奖金； 3、享受各种法定节假日；享受带薪假期：年假、婚假、产假、陪产假、哺乳假、丧假； 4、各种节日福利、生日福利、部门活动、周年庆、中秋博饼宴、尾牙宴等活动； 5、公司设有福利性食堂，员工宿舍； 6、相关政策：解决毕业生档案，户口落户问题；职称评定等； 7、工程师岗位分十个等级。三级工程师1万元左右。十级工程师3万左右。 四、奖励机制 1、产品测试奖励； 2、专利奖励； 3、新客户开发奖励； 4、副经理及以上岗位的购房补贴； 5、资深员工可获股权激励。 五、晋升机制 1、技术路线：助理工程师-工程师-高级工程师-资深工程师 2、管理路线：助理工程师-工程师-副课长-课长-副经理-经理-副总监-总监 3、其他方向：业务/工艺/生产管理等 六、免费班车 海沧区班车路线：①号线：海沧中学站-卷烟厂站-新垵废弃站-立鼎光电站-国控星鲨站-许厝站-霞阳站-海沧教育进修学校-园博园站-西洲智谷路口-厦门翔安火炬实验中学站-公司 ③号线：新垵废弃公交站-立鼎光电站-国控星鲨站-霞阳公交站-海沧教育进修学校站-西滨路口站-锦园新村站-公司 ⑥号线：边防站-许厝站-霞阳站-海沧教育进修学校站-全总修养中心站-园博苑-印斗路口公交车站-后郑公交车站-潘涂公交车站-厦门实验中学站-西洲智谷路口-厦门翔安火炬实验中学站-公司 岛内班车路线： ⑧号线：徐厝站-灿坤门口-儿童医院站-塘边站-园山南路站-江头花园站-中医分院站-国贸中心公交站-肖厝站-林前公交车站-后房公交车站-公司 工作地点 福建省厦门市翔安区内垵中路200号 以担保或任何理由索要财物，扣押证照，均涉嫌违法。一经发现， 立即举报,"设计,研发",http://www.zhaopin.com/jobdetail/CC393470020J40853414114.htm?refcode=4019&srccode=401901&preactionid=5e2f83d3-6dda-4fbe-bc06-93bda319223c
电子光学工程师,深圳市兆驰股份有限公司,7000-12000元,深圳·龙岗·南湾,Guangzhou,本科,经验不限,7月26日,zhilian,"岗位职责：负责背光产品的光学设计，Monitor/TV Mini LED 背光新产品研发,技术可行性分析，技术总体设计方案，确认产品功能规格等。 工作地点 深圳龙岗区兆驰集团大厦B座 以担保或任何理由索要财物，扣押证照，均涉嫌违法。一经发现， 立即举报",测试,http://www.zhaopin.com/jobdetail/CC134184570J40814037208.htm?refcode=4019&srccode=401901&preactionid=5e2f83d3-6dda-4fbe-bc06-93bda319223c
电子工程师,天津华宁电子有限公司,7000-10000元,天津·西青·大寺,Guangzhou,本科,经验不限,7月26日,zhilian,岗位职责： 1. 负责量产阶段电子产品不良问题分析、定位与改善推进； 2. 参与新产品导入（NPI）全流程，跟进试产、解决产线技术问题； 3. 编制生产作业指导书、测试规范、工艺文件等技术文档； 4. 设计、验证、维护生产测试工装、治具； 5.对接研发、生产、质量，推动问题闭环与良率提升。 任职要求： 1. 本科及以上学历，电子信息工程、电气、自动化等相关专业； 2. 能看懂电路原理图，具备电子电路问题分析能力； 3. 熟悉生产工艺、NPI 流程，有现场技术支持经验优先； 4. 沟通协调能力强，执行力强，能推动跨部门问题解决。 工作地点 西青区天津市西青经济开发区赛达世纪大道8号 以担保或任何理由索要财物，扣押证照，均涉嫌违法。一经发现， 立即举报,电子电路基础元件/模组,http://www.zhaopin.com/jobdetail/CC137342510J40870170114.htm?refcode=4019&srccode=401901&preactionid=5e2f83d3-6dda-4fbe-bc06-93bda319223c
工艺工程师,东莞市芯恒智能装备有限公司,4000-7000元,东莞·塘厦镇,Guangzhou,本科,经验不限,7月26日,zhilian,"岗位职责: 1、负责工厂内部交付设备的工艺调试及验证工作，配合机械电气等部门总装调试。 2、针对调试过程中遇到的问题以及问题改善的方案能进行汇总并形成报告。 3、能配合客户需求做好客户产品的测试及量产导入工作。 4、在工厂内部配合客户测试，独立搭建不同应用场景的测试平台进行测试。将各种测试工作的内容进行文字汇总，形成报告存档。 5、接受加班，5天制，包住不包吃,有年终奖。 工作地点 硅谷动力科苑里广东省东莞市塘厦镇大坪峰景路1号2栋401室 以担保或任何理由索要财物，扣押证照，均涉嫌违法。一经发现， 立即举报",装配工艺,http://www.zhaopin.com/jobdetail/CCL1416680140J40951538108.htm?refcode=4019&srccode=401901&preactionid=5e2f83d3-6dda-4fbe-bc06-93bda319223c
电子工程师,长春易励光电仪器有限公司,5000-8000元·13薪,长春·二道·东方广场,Guangzhou,本科,1-3年,7月26日,zhilian,"岗位职责： 1 光电产品电子电路软硬件设计、调试与测试； 2 编制工艺文件、用户手册等文档； 3 售后指导与维护。 2 任职要求： 1 熟练使用相关软件（AD或Cadence等）完成电子电路原理图与PCB设计； 2 熟练掌握至少一种单片机，能够用C语言完成相关软件设计； 3 熟练使用UART、SPI、Biss C、CAN等常用通信接口； 4 熟练检索与应用常用电子元器件材料 5工作积极主动，有责任心，耐心,沟通能力强，有团队精神； 职位福利：五险一金、定期团建、交通补助、全勤奖、每年体检、节日福利、员工食堂、优秀员工奖金 工作地点 吉林省长春市二道区长沙路2566号 以担保或任何理由索要财物，扣押证照，均涉嫌违法。一经发现， 立即举报","电路设计,FPGA开发,驱动开发",http://www.zhaopin.com/jobdetail/CC317103630J40744623715.htm?refcode=4019&srccode=401901&preactionid=5e2f83d3-6dda-4fbe-bc06-93bda319223c
电子工程师,佛山电器照明股份有限公司,8000-10000元,佛山·禅城·张槎,Guangzhou,硕士,经验不限,7月26日,zhilian,岗位职责： 1.根据产品需求和技术规划筛选并验证新型技术方案，储备前沿应用方案、攻关技术方案难点； 2.承接电子开发任务，根据项目及产品需求，结合产品要求、外观设计、平台技术输出满足开发设计要求的电子设计方案； 3.现有产品线的电子技术维护，形成模块化及标准化设计库，提升产品质量、提高性价比和用户体验； 4.配合产品改良优化工作，整合技术资源提出产品优化改良方案，并跟进改善的实施及效果，进一步提高产品竞争力。 任职条件： 1.应届生，硕士及以上学历，精通模电，数电理论知识，掌握电路设计及电子故障分析； 2.精通开关电源理论知识、各种电路拓扑结构； 3.熟悉掌握开关电源核心元器件特性及应用、材料的选型及设计； 4.熟练使用AD/PADS等设计软件。 工作地点 佛山禅城区佛照大厦 以担保或任何理由索要财物，扣押证照，均涉嫌违法。一经发现， 立即举报,研发,http://www.zhaopin.com/jobdetail/CC000351870J40852789015.htm?refcode=4019&srccode=401901&preactionid=5e2f83d3-6dda-4fbe-bc06-93bda319223c
电子硬件工程师,广东仁恩宇光电技术有限公司,7000-12000元,东莞·东坑镇,Guangzhou,本科,1-3年,7月26日,zhilian,职位描述 技术支持 设计 硬件测试 PCB设计 仪器仪表 电子电路基础元件/模组 工作职责： 负责电子硬件产品的原理图设计、PCB Layout及BOM清单编制，确保设计符合行业标准与生产工艺要求。 主导电子元件选型与供应商技术评估，平衡产品性能、成本与供应链稳定性。 参与硬件产品的原型验证、测试调试及量产问题排查，解决电磁兼容、散热及可靠性等技术难题。 输出硬件设计文档与技术规范，推动跨部门协作（如结构、软件、生产）的高效落地。 单休，包食宿，每年提供1-2次调薪机会，享受年假法定假等。 工作地点 东莞广东仁恩宇光电技术有限公司 以担保或任何理由索要财物，扣押证照，均涉嫌违法。一经发现， 立即举报,"技术支持,设计,硬件测试,PCB设计",http://www.zhaopin.com/jobdetail/CC834330330J40876626710.htm?refcode=4019&srccode=401901&preactionid=5e2f83d3-6dda-4fbe-bc06-93bda319223c
半导体工艺工程师,厦门士兰集科微电子有限公司,8000-10000元,厦门·海沧·海沧,Guangzhou,本科,经验不限,7月26日,zhilian,岗位职责： 1、负责工艺路线的制定和优化，确保工艺的稳定性； 2、负责产品相关工艺的开发和验证工作，确保工艺的可靠性； 3、负责工艺参数的及时收集、汇总、整理并分析工艺异常； 4、负责工艺变更的管理和监控，确保变更的合理性。 岗位要求： 1、本科及以上学历； 2、电子类含微电子，光电子、物理、电子科学与技术等专业； 3、欢迎优秀应届毕业生。 工作地点 厦门市-海沧区-兰英路99号 以担保或任何理由索要财物，扣押证照，均涉嫌违法。一经发现， 立即举报,半导体/芯片,http://www.zhaopin.com/jobdetail/CC663942480J40789994706.htm?refcode=4019&srccode=401901&preactionid=5e2f83d3-6dda-4fbe-bc06-93bda319223c
电子工程师,天津海明医疗用品有限公司,1.2-1.5万·13薪,天津·西青·张家窝,Guangzhou,本科,3-5年,7月26日,zhilian,职位描述 研发 医疗电子产品 医疗设备电子系统研发 团队管理与项目统筹 硬件调试与编程 工作职责 1. 主导医疗设备电子系统的全周期研发，涵盖电路设计、PCB布局、硬件调试及技术文件输出，确保产品符合医疗行业标准。 2. 基于市场需求与临床反馈，推动现有产品技术升级，提出新产品研发方案并负责落地实施。 3. 负责产品元器件选型、原理图绘制及单片机编程，解决研发过程中的技术难题，保障产品性能与稳定性。 4. 统筹研发项目进度与团队管理，组织技术培训与经验沉淀，提升团队整体研发效率。 5. 配合生产部门优化产品工艺，协助解决生产环节的技术问题，推动产品量产落地。 任职要求 1. 电子电路、电气工程自动化等相关专业背景，专业基础扎实。 2. 精通电路设计、PCB设计、单片机开发及C/C++编程，具备硬件调试实操能力。 3. 有电子行业研发经验，优先考虑医疗器械研发背景或带项目经验者。 4. 具备较强的逻辑思维与科研能力，工作务实且有钻研精神，能独立解决复杂技术问题。 补充说明 1. 薪酬福利：五险一金、年底双薪、绩效奖金、全勤奖、餐补、采暖补贴、节日福利 2. 排班信息：周末双休 工作地点 天津西青区润丰科技(北门)3号楼东门4楼 以担保或任何理由索要财物，扣押证照，均涉嫌违法。一经发现， 立即举报,"研发,医疗电子产品,医疗设备电子系统研发,团队管理与项目统筹,硬件调试与编程",http://www.zhaopin.com/jobdetail/CC476363110J40842368011.htm?refcode=4019&srccode=401901&preactionid=5e2f83d3-6dda-4fbe-bc06-93bda319223c
电子工程师,中芯渊虹(厦门)投资控股集团有限公司,7000-9000元,厦门·同安·西柯,Guangzhou,本科,1-3年,7月26日,zhilian,岗位职责: 1、根据客户需求，进行现场勘察及方案设计； 2、参与市场需求分析、根据客户需求进行产品方案设计，编写相关文档。 3、测试所开发的硬件设备，确保其按设计要求正常运行， 4、与软件工程师进行系统总体联调，满足用户最终需求。 5、客户端系统和硬件设计的技术支持、产品验证和问题排查； 6、系统和硬件设计的技术标准\规范解读、制定并归档。 7、客户培训及技术交流工作，完成上级交办的其他工作。 专业技能与素质要求: 1、本科及以上学历，有2年及以上电子开发经验，掌握数字电路和模拟电路，能根据开发工具进行电路计算、仿真和分析电子电路； 2、熟悉电子产品开发的流程及开发工具的应用，掌握至少一种EDA开发工具； 3、具有一定PCB热分析和EMC分析的基础，了解电子产品可靠性要求和故障分析的相关知识； 4、具备产品整体观念； 5、具备边缘网关类产品开发经验者优先； 6、能适应短期出差，具备较强的学习领悟能力，良好的沟通能力，善于团队协作，做事踏实、认真、勤恳。 素质要求： 1、具备踏实、认真、严谨的工作作风，责任感强，良好的团队合作精神和较强的协调能力。 2、良好的沟通、组织管理能力，具备较强的自我驱动能力。 工作地点 厦门同安区思明工业园南区 以担保或任何理由索要财物，扣押证照，均涉嫌违法。一经发现， 立即举报,"电气机械/电力设备,电子设备制造,半导体/芯片",http://www.zhaopin.com/jobdetail/CCL1477406440J40806433314.htm?refcode=4019&srccode=401901&preactionid=5e2f83d3-6dda-4fbe-bc06-93bda319223c
光学工程师,航天电器,1.5-3万·13薪,镇江·京口区·丁卯街道,Guangzhou,本科,1-3年,7月26日,zhilian,岗位职责: 1.负责产品研发过程中光路的设计及方案。 2.负责客户技术要求中光学器件专业的沟通、确认，提供产品方案。 3.负责产品立项论证中光路的设计及验证。 4.负责产品中光学器件部分的详细设计、BOM设计。 5.负责产品生命周期的光学器件技术状态的管控。 6.负责新品各阶段试制过程中的问题记录，跟踪解决。 7.针对新产品，参与立项评审，明确器件在产品中的技术定位，输出光器件选型/定制建议。 8.针对新市场，调研目标市场的光器件技术趋势，提供技术竞争力评估。 9.针对新技术，开展新技术预研，评估应用可行性。 10.针对客户技术答疑，提供书面答复或参与电话/现场交流。 11.协助市场推广，参与展会、研讨会的技术讲解。客户定制需求评估。 12.样品跟踪，支持新产品/新市场/新技术的光器件技术需求，配合市场部门提供光器件技术支撑。 13.负责新产品上线试制及小批量过程试制过程中技术问题的处理。 14.负责内外部质量问题在光器件设计、技术层面的分析及问题处理。 任职资格： 1.本科以上学历。 2.具备项目管理、光电子、微电子、光学专业知识、质里管控、设计软件、流程管理相关专业知识。 3.1-3年从事光电子、微电子、光学专业方面的经历。 4.具有较强的沟通能力、组织能力、协调能力、分析判断能力、逻辑推断能力、执行能力和学习能力。 奖金绩效 年终奖 工作地点 镇江京口区奥雷光电 以担保或任何理由索要财物，扣押证照，均涉嫌违法。一经发现， 立即举报,光模块,http://www.zhaopin.com/jobdetail/CC134544450J40828240616.htm?refcode=4019&srccode=401901&preactionid=5e2f83d3-6dda-4fbe-bc06-93bda319223c
电子工程师,东莞市宏源包装制品有限公司,1.5-2.5万,东莞·东坑镇,Guangzhou,大专,1-3年,7月26日,zhilian,岗位职责 1. 负责智能手表、智能手环、TWS穿戴耳机、健康穿戴设备硬件原理图设计、器件选型、BOM编制、PCB版图评审，把控电源电路、蓝牙射频、心率血氧传感器、触控、马达、锂电充放电、按键、屏幕驱动电路设计。 2. 负责穿戴类MCU主控、蓝牙芯片、心率传感器、加速度传感器、电源管理IC、无线充电、磁吸充电元器件选型、替代料评估、物料成本优化，管控硬件物料风险。 3. 完成硬件样机焊接、调试、功能验证、可靠性测试，完成高低温、跌落、静电ESD、浪涌、功耗、续航、射频通讯、防水电子适配等硬件测试，输出硬件测试报告、设计文档。 4. 对接结构工程师完成堆叠、接口、防水、壳体适配；对接软件工程师完成软硬件联调，解决蓝牙配对、数据传输、传感器采样、功耗异常、死机重启等软硬件兼容问题。 5. 负责新产品EVT/DVT/PVT试产跟进，输出SOP、硬件工艺文件、测试标准，处理产线贴片、焊接、组装、测试电子不良问题，推动量产良率提升。 6. 负责量产产品硬件异常、客诉硬件故障分析整改，输出8D整改报告，优化电路设计、规避批量品质隐患，降低返修率与物料损耗。 7. 跟进行业穿戴硬件新技术、新器件迭代，优化产品功耗、续航、射频性能、成本，优化产品硬件方案；对接供应商、加工厂完成物料验证、工艺优化。 8. 整理研发图纸、BOM清单、规格书、测试报告等全套研发资料，完成项目归档、版本管控，配合项目节点完成研发交付。 二、基础要求 1. 大专及以上学历，电子信息、自动化、微电子、机电一体化等相关专业； 2. 2年及以上智能穿戴硬件研发经验，独立负责过智能手表、手环、TWS耳机任一穿戴产品硬件开发，有完整项目量产落地经验。 （一）专业技能 1. 熟练使用Altium Designer、Cadence等EDA软件，独立完成穿戴产品原理图设计、PCB设计评审、硬件方案开发； 2. 精通穿戴产品电源管理、低功耗电路、锂电充放电、蓝牙BLE射频、人体健康传感器（心率/血氧/体温）、触控、LCD/OLED屏驱动电路设计； 3. 熟悉穿戴产品硬件可靠性标准、安规标准、ESD静电防护、EMC电磁兼容整改，熟悉消费电子可靠性测试流程； 4. 熟悉贴片SMT工艺、PCBA生产制程，精通硬件故障排查、样机调试、产线不良分析； 5. 熟悉主流穿戴主控、蓝牙芯片、传感器方案，熟悉物料选型、BOM优化、成本降本、替代料管控； 6. 能独立对接生产、品质、供应链，完成试产、量产导入、问题闭环，熟练输出研发文档、整改报告。 （二）加分条件 1. 有低功耗穿戴、健康监测穿戴、磁吸无线充电、防水穿戴电子产品开发经验优先； 2. 熟悉消费电子ISO体系、硬件研发项目流程，熟悉项目迭代管控者优先； 3. 熟悉安卓/鸿蒙穿戴生态硬件适配、射频调试、功耗优化者优先。 （三）综合素质 1. 逻辑清晰，硬件问题分析能力强，能快速定位电路、芯片、物料故障； 2. 执行力强，抗压性好，配合项目节点推进研发，沟通协调能力佳； 3. 做事严谨，具备良好文档编写、项目复盘、跨部门协作能力。 四、薪资福利 1. 薪资：1.5w-2.5w/月，资深研发、独立项目负责人薪资面议； 2. 基础福利：五险、带薪年假、法定节假日、节日礼品； 3. 生活福利：包吃/餐补、宿舍住宿、全勤奖、岗位津贴。 五、招聘亮点 1. 专注智能穿戴消费电子赛道，项目稳定，研发团队成熟； 2. 独立负责硬件项目开发，自主方案优化空间大，技术成长快； 3. 扁平化管理，研发氛围轻松。 工作地点 东莞市-科技路282号 以担保或任何理由索要财物，扣押证照，均涉嫌违法。一经发现， 立即举报,"健康监测穿戴电子产品,蓝牙耳机/运动穿戴,智能手表/智能手环,医疗电子产品",http://www.zhaopin.com/jobdetail/CC865176930J40917962208.htm?refcode=4019&srccode=401901&preactionid=b0e5a4b8-b846-4719-af20-8c996bf17f54
助理光学工程师,北京光感慧智科技有限公司,8000-14000元,北京·大兴·博兴,Guangzhou,本科,1-3年,7月26日,zhilian,岗位职责： 1、配合激光气体传感器的光学部分的研发工作。 2、根据传感器设计需求，配合工程师开展光学试验验证、测试及优化。包括光学气室调试、优化，调节工艺、工装设计。 3、辅助产品测试，进行气室的振动、冲击及相关环境适应性优化改进，配合完成产品生产测试工艺，实现气室的批量调节、生产。 任职要求： 1、本科及以上学历，且具有相关专业背景：光学、光电子学、激光工程等光学背景专业； 2、了解基本的光学理论知识，包括激光光学、光纤光学、光纤传感等，对一般光学器件，例如透镜、准直器、滤波片有一定了解； 3、应用过Zemax/CODE V/TracePro等光学设计软件，可进行简单光学系统建模或者调优； 4、具有TDLAS设计开发、光学系统耦合调节、测试经验的优先。 职位福利：五险一金、交通补助、餐补、带薪年假、定期体检、节日福利 工作地点 大兴区北京光感慧智科技有限公司 以担保或任何理由索要财物，扣押证照，均涉嫌违法。一经发现， 立即举报,"设计,研发,测试,电气设计,结构设计,光路设计,激光测试,光学系统设计",http://www.zhaopin.com/jobdetail/CCL1275047390J40763876507.htm?refcode=4019&srccode=401901&preactionid=b0e5a4b8-b846-4719-af20-8c996bf17f54
电子工程师,深圳市摩优电子发展有限公司,1.2-1.8万,东莞·横沥镇,Guangzhou,大专,3-5年,7月26日,zhilian,"岗位职责： 1/负责市场新技术、新材料，新工艺的运用 2/负责产品方案和重要电子元器件选型，估价 3/负责PCB Layout、PCBA软硬件的调试与测试 4/负责音频产品音质调试 5/管控生产过程中电子问题，现场技术支持、分析，解决技术困扰。 6/负责对品质测试人员进行技术指导及培训 7/熟练使用电声测试仪，RF测试仪等仪器 8/了解产品法律法规及安规认证（CE、FCC） 任职要求： 1/ 通信、计算机、电子、自动化或相关专业专科及其以上学历 2/ 3年以上蓝牙音频产品开发及量产经验，有从事过知名品质项目经验者优先 3/熟悉主流蓝牙方案，TWS/头戴耳机/USB耳机/降噪耳机/蓝牙音响等产品开发调试，并有成功开发案例 4/熟悉音频产品设计规范，品质要求及工作原理 （为主蓝牙耳机及相关重要电子元器件） 5/熟悉使用Multisi,AD.PADS等工具软件进行电路板仿真，开发设计及评审，有4层板6层板绘制经验 6/熟悉PCBA生产及管控流程，熟悉使用AD软件优先 7/了解电子器件行情，能对材料成本控制得当 8/动手能力强，精通硬件电路的焊接、调试与测试 工作地点 东莞市亿科产业园运营管理有限公司8楼9楼 以担保或任何理由索要财物，扣押证照，均涉嫌违法。一经发现， 立即举报","研发,消费电子产品,蓝牙耳机,蓝牙音响",http://www.zhaopin.com/jobdetail/CC262494380J40855966714.htm?refcode=4019&srccode=401901&preactionid=b0e5a4b8-b846-4719-af20-8c996bf17f54
光学工程师,首猎(重庆)企业管理咨询有限公司,1.5-2.5万·15薪,深圳·龙华·民治,Guangzhou,本科,3-5年,7月26日,zhilian,职位描述 相机 工作职责： 1.设计、开发和测试闪光灯硬件电路，包括但不限于LED驱动电路、触发电路、电源管理电路等。 2.进行闪光灯的性能优化，包括功率、稳定性、发光效率等方面。 3.与团队合作设计和调试PCB布局，确保硬件设计满足产品要求和标准。 4.开展电气特性测试、EMC测试和可靠性测试，确保产品符合相关标准和法规。 5.与软件团队密切合作，解决硬件与软件集成中的问题，并优化产品性能。 任职要求： 1.电子工程、电气工程或相关专业学士或以上学历。 2.至少3年以上硬件设计经验，有闪光灯或相机模块开发经验者优先。 3.熟悉模拟电路和数字电路设计原理，具有良好的电路分析和故障排除能力。 4.熟悉常见的硬件设计工具，如AltiumDesigner等。 5.具备良好的团队合作精神，能够与多学科团队合作，解决复杂的工程问题。 6.具备较强的沟通能力和解决问题的能力，能够独立完成任务并按时交付。 工作地点 深圳龙华区展滔科技大厦-A座807 以担保或任何理由索要财物，扣押证照，均涉嫌违法。一经发现， 立即举报 客户,相机,http://www.zhaopin.com/jobdetail/CC815708540J40922579112.htm?refcode=4019&srccode=401901&preactionid=b0e5a4b8-b846-4719-af20-8c996bf17f54
电子研发工程师,浙江宙辉电器有限公司,1-1.8万,上海·金山·金山卫,Guangzhou,大专,1-3年,7月26日,zhilian,"岗位职责： 1.主导LED相关产品的硬件开发：负责LED驱动器、控制器、智能调光系统等产品的电路设计、仿真、PCB Layout及样机调试。 2.方案设计与选型：根据产品需求，完成关键元器件（如LED芯片、驱动IC、MOS管等）的选型、评估与验证。 3.原型制作与测试：搭建测试环境，完成样机的功能、性能、可靠性及安规测试，分析并解决测试中出现的技术问题。 4.设计文档撰写：输出规范的设计文档，包括原理图、设计说明、BOM清单、测试报告等。 5.技术支持与迭代：协同生产部门完成产品转产，提供技术支持；参与现有产品的优化与升级。 6.技术预研：跟踪业界新技术与发展趋势，参与前瞻性的技术研究和创新方案探索。 任职要求： 1.大专及以上学历，电子工程、通信工程、自动化等相关专业。 2.5年以上电子研发工作经验，其中至少2年LED驱动、LED控制或相关光电产品硬件开发。 3.精通模拟及数字电路设计，对开关电源拓扑（如Buck, Boost, Buck-Boost）、恒流控制有深入理解和实践经验。 4.熟练使用至少一种电路设计软件（如Altium Designer, Cadence, PADS）进行原理图和PCB设计，熟悉EMC/安规设计规范。 5.具备丰富的样机调试、问题分析与解决能力，熟练使用示波器、功率分析仪、电子负载等测试仪器。 优先考虑 ： 1.有智能照明（如DALI, Zigbee, Bluetooth Mesh）、舞台灯光、植物照明、UV LED、车载LED等项目经验者优先。 2.熟悉嵌入式系统，有单片机（如STM32, NXP, 51系列）外围电路设计或底层驱动调试经验者优先。 3.了解热设计、光学基础知识，能在设计中综合考虑电、热、光性能者优先。 工作地点 上海金山区新联动检站 以担保或任何理由索要财物，扣押证照，均涉嫌违法。一经发现， 立即举报","设计,研发,测试",http://www.zhaopin.com/jobdetail/CC542314520J40850927210.htm?refcode=4019&srccode=401901&preactionid=b0e5a4b8-b846-4719-af20-8c996bf17f54
光纤测试工程师,武汉安扬激光技术股份有限公司,5000-8000元·13薪,武汉·洪山·左岭,Guangzhou,本科,经验不限,7月26日,zhilian,岗位职责： 1、负责根据不同光纤类型搭建合适的标准测试平台，参与完成研发生产的光纤测试工作； 2、负责编制和优化光纤测试工作的流程标准，参与制定产品技术指标； 3、根据工作需要提供研发类光纤的测试报告及反馈分析报告，给使用部门提供技术支持； 4、负责处理相关测试上出现的各类问题，并分析报告出现问题的原因； 5、完成领导安排的其它工作。 任职要求： 1、本科及以上学历，光学或光学相关专业（光学工程、光信息、激光、光纤光学、光电子学、物理学其它相近专业），熟悉了解激光物理、光纤等相关知识； 2、熟练使用各类型光纤切割刀、光谱仪、熔接机、光纤/激光模拟软件等，； 2、在通信或激光、光纤器件测试、自由空间光学测试、测试设备搭建等方面有工作经验者优先； 3、熟悉Microsoft Office软件，良好的英语读、写能力； 4、有团队合作精神，善于沟通。 工作地点 湖北省武汉市洪山区左岭街光电园二路6号 以担保或任何理由索要财物，扣押证照，均涉嫌违法。一经发现， 立即举报,"技术支持,光谱仪",http://www.zhaopin.com/jobdetail/CC465717210J40865070705.htm?refcode=4019&srccode=401901&preactionid=b0e5a4b8-b846-4719-af20-8c996bf17f54
电子工程师,深思控股集团,1-1.5万·14薪,湘潭·湘乡市·新湘路街道,Guangzhou,本科,3-5年,7月26日,zhilian,职位描述 测试 消费电子产品 电力电子产品 LED照明 智能开关、插座 仪器仪表 主导开关插座产品电子元器件的选型与验证，参与供应链协作，保障物料的可靠性与成本可控性。 参与产品的测试与调试工作，分析并解决硬件开发过程中的技术问题，输出技术文档。 跟踪行业技术趋势，引入新技术应用，提升产品的竞争力与稳定性。 任职要求： 本科及以上学历，电子信息工程、自动化、电气工程等相关专业。 熟悉模拟电路、数字电路设计原理，掌握Altium Designer等EDA工具。 具备电力设备或电气机械领域硬件开发经验，了解电磁兼容（EMC）设计规范优先。 具备较强的问题分析能力与动手能力，能独立完成硬件调试与故障排查。 工作地点 湘潭湘乡市红仑大道9号深思工业园 以担保或任何理由索要财物，扣押证照，均涉嫌违法。一经发现， 立即举报,"测试,消费电子产品,电力电子产品",http://www.zhaopin.com/jobdetail/CC155751610J40866384807.htm?refcode=4019&srccode=401901&preactionid=b0e5a4b8-b846-4719-af20-8c996bf17f54
电子硬件工程师,新溢眼镜,1.5-3万,东莞·长安镇,Guangzhou,大专,经验不限,7月26日,zhilian,职位描述 有智能穿戴工作经验 一、工作职责： 1、负责智能眼镜核心电子硬件的选型与研发，包括处理器、传感器（如陀螺仪、加速度传感器）、显示模块、电池、通信模块（蓝牙、WiFi）等。 2、完成电子电路原理图设计、PCB Layout，负责硬件样品的制作、焊接与调试，解决硬件研发过程中的电子技术问题。 3、负责硬件模块的性能测试与优化，确保电子硬件的稳定性、低功耗、兼容性，满足智能眼镜的使用场景需求。 4、配合结构方向硬件工程师，优化电子元件的布局设计，确保与镜框结构的适配性；配合软件工程师完成软硬件联调，提供硬件接口支持。 撰写电子硬件研发相关技术文档，包括原理图、PCB图、元器件清单、测试报告 二、任职要求： 1、本科及以上学历，电子工程、微电子、自动化等相关专业，3年以上消费电子或可穿戴设备硬件研发经验，有低功耗电子设备研发经验者优先。 2、熟练掌握电路设计软件，能独立完成原理图设计、PCB Layout与调试。 3、熟悉各类消费级处理器、传感器、通信模块的选型与应用，了解锂电池电源管理技术，具备扎实的模拟电路、数字电路知识。 4、具备硬件样品调试、故障排查能力，有量产硬件产品技术支持经验者优先。 5、具备良好的沟通协作能力，能高效配合团队完成软硬件集成与调试工作。 工作地点 东莞新溢眼镜制造厂长安镇新民村兴隆街21号 以担保或任何理由索要财物，扣押证照，均涉嫌违法。一经发现， 立即举报,有智能穿戴工作经验,http://www.zhaopin.com/jobdetail/CC136763440J40858461111.htm?refcode=4019&srccode=401901&preactionid=b0e5a4b8-b846-4719-af20-8c996bf17f54
电子工程师,烟台恒宇智能科技有限公司,5000-9000元,烟台·福山·福莱山,Guangzhou,大专,3-5年,7月26日,zhilian,职位描述 安装/调试 电力电子产品 电子设备制造 岗位内容： 1. 实现和测试高性能的电子产品； 2. 测试、制造和售后支持； 3. 评估和解决产品的技术问题； 4. 提供可靠的技术支持给客户，以确保其满意度； 任职要求： 1. 大专以上学历，电子工程或相关领域专业； 2. 电子产品经验； 3. 拥有电子产品制造和测试经验； 4.适应出差。 工作地点 福山区烟台开发区金沙江路11号中长兴工业园6号楼三层 以担保或任何理由索要财物，扣押证照，均涉嫌违法。一经发现， 立即举报,"安装/调试,电力电子产品",http://www.zhaopin.com/jobdetail/CC253751330J40637264307.htm?refcode=4019&srccode=401901&preactionid=b0e5a4b8-b846-4719-af20-8c996bf17f54
CSP研发工程师,达亮电子(滁州)有限公司,6000-10000元·13薪,滁州·南谯区·大王街道,Guangzhou,本科,1-3年,7月26日,zhilian,职位描述 光电 职位要求： 1、 本科及以上学历（理工科） 2、2年以上光电子行业研发/新产品经验；优秀毕业生亦可 3、熟练使用Autocad；Excel；Powerpoint 4、逻辑性强、具备团队合作及沟通协调能力 5、能配合加班 工作内容： 1、新产品开发相关工作 2、产品良率提升及产线技术支持 3、设备治具评估验证 4、材料验证 5、RD其它相关工作 工作地点 南谯区安徽省滁州市苏滁产业园清流东路2168号 以担保或任何理由索要财物，扣押证照，均涉嫌违法。一经发现， 立即举报,光电,http://www.zhaopin.com/jobdetail/CC546467480J40881871203.htm?refcode=4019&srccode=401901&preactionid=b0e5a4b8-b846-4719-af20-8c996bf17f54
电子研发工程师,亚世光电(集团)股份有限公司,4000-5000元,鞍山·立山区·千山街道,Guangzhou,本科,1-3年,7月26日,zhilian,职位描述 设计 研发 测试 半导体/芯片 工作职责： 1、负责电子纸样品及批量产品的设计工作； 2、负责协助处理客户反馈的技术性问题。 任职要求： 1、本科及以上学历，电子、测控 、通信工程等相关专业毕业，英语4级以上 2、1年以上软件或硬件工作经验，负责产品研发及客户服务工作 3、熟练使用stm32、Altium Designer、C语言等开发软件。 工作地点 辽宁省鞍山市立山区越岭路288号 以担保或任何理由索要财物，扣押证照，均涉嫌违法。一经发现， 立即举报,"设计,研发,测试",http://www.zhaopin.com/jobdetail/CC283057530J40591914501.htm?refcode=4019&srccode=401901&preactionid=b0e5a4b8-b846-4719-af20-8c996bf17f54
电子工程师,浙江晟航智能电气科技有限公司,8000-15000元,温州·乐清市·翁垟街道,Guangzhou,本科,1-3年,7月26日,zhilian,职位描述 电力/水利/热力/燃气 工作内容： 1、按照产品要求进行软件设计、编写、自测，并有完善的文档传递; 2、根据项目计划要求，准备评审资料，参与设计过程评审，按评审要求进行改进; 3、配合产品电子调试人员，完成产品的各类环境实验; 4、完善辅助功能，方便运维人员快速问题定位; 5、负责软件设计、实现、自测试、知识产权等相关文档编写并归档; 6、提供现场技术服务，协助质量部门进行产品质量问题分析定位; 7、负责对系统的应用维护，与用户及售后对接，处理用户提出的问题; 8、维护现有的产品; 任职资格： 1、 本科及以上学历，计算机、电子、电力、自动化、通信、仪表等相关专业; 2、 2年以上电表工作经历; 3、熟悉电能表产品相关行业知识、技术标准;熟悉电能表相关DLMS协议、698协议等; 4、具备单片机嵌入式软件研发经验; 5、精通C语言程序设计，有良好的编程习惯，能够独立完成嵌入式产品软件设计和调试; 6、熟练使用Office工具软件，编制标准软件设计文档; 7、具备较强的团队合作意识，积极主动，有责任心; 8、有电力产品相关领域工作经验者优先。 工作地点 温州乐清市浙江兰天机械密封件有限公司(新厂) 以担保或任何理由索要财物，扣押证照，均涉嫌违法。一经发现， 立即举报,电力/水利/热力/燃气,http://www.zhaopin.com/jobdetail/CCL1505271090J40791940907.htm?refcode=4019&srccode=401901&preactionid=b0e5a4b8-b846-4719-af20-8c996bf17f54
电子工程师（双休）,广州嘉权专利商标事务所有限公司珠海分公司,6000-12000元·13薪,珠海·香洲区·拱北街道,Guangzhou,本科,经验不限,7月26日,zhilian,职位描述 电子 光电 自动化 半导体/芯片 专利/商标/知识产权 电子设备制造 一、工作描述： 1、学习《专利法》等法律知识，结合案例，熟悉专利的申请程序和知识； 2、运用所学的专业知识，结合新产品说明书，与科研人员沟通，搞懂新产品原理、结构，总结新产品的发明思路，编写产品技术特点、优点和有益效果； 3、补充绘制产品图纸； 4、为企业讲解《专利法》等法律知识； 5、参与到与客户的谈判事宜，跟客户确定合作事项，参与到一些重大复杂案件的研究与指导。 工作职责：负责电子领域的专利撰写、答辩、复审、无效、诉讼等专业工作。 二、职业前景： 国家正在推动创新型社会的建设，鼓励企业创新，企业也只有创新才有发展前景；而企业对自己开发的新产品寻求专利保护成为一种必然和必要。知识产权保护是当今国内、外关注的焦点，也会是将来的热点。 专利保护是一个知识复合型行业，与技术和法律密切有关，要求从业人员具有理工科背景，再学习法律知识，具有良好的发展前景，工作2-3年后可以参加国家专利代理人和司法考试，获取相应资格。 三、任职要求： 1、大学本科，软件工程，计算机，通信工程，电子信息等相关专业。 2、英语书面、口语表达能力熟练者优先考虑； 3、人品端正、诚实正直、踏实、认真、负责、学习能力强； 4、具有良好的沟通能力，语言表达能力，文字写作能力。 四、公司福利 上班时间：5天/周、8小时/天 1、六险（社保+意外险）一金、节假日福利津贴； 2、优厚的年终奖金； 3、丰富的员工活动（生日会，下午茶等等）； 5、合理的有竞争的薪酬和良好的学习发展平台； 6、职业生涯的发展规划和职业能力的提高； 7、享受各种假期：婚假、产假、年假（5-10天带薪年休假）等。 五、发展机会： 1、横向发展：为丰富员工的岗位技能，在内部根据员工需求结合实际情况，可安排工作轮换，全面掌握相关工作技能，具体情况因人而异。 2、纵向发展：公司正处于发展扩大阶段，在各地不断开设分公司，通过努力可发展成分公司的负责人或部门负责人。专业领域的话，可通过考试成为代理人。 3、个人自我发展：公司会组织多种培训，人力资源部的培训、各业务部门培训，还有外聘的老师进行培训。同时结合一对一的帮教指导。 4、发展晋升通道为：工程师-组长-副经理-经理-副总-公司合伙人。 工作地点 珠海香洲区九洲大道西2021号2003 以担保或任何理由索要财物，扣押证照，均涉嫌违法。一经发现， 立即举报,"电子,光电,自动化",http://www.zhaopin.com/jobdetail/CC292199284J00382944901.htm?refcode=4019&srccode=401901&preactionid=b0e5a4b8-b846-4719-af20-8c996bf17f54
电子工程师,海宁博华照明电器有限公司,5000-8000元·15薪,嘉兴·海宁市·海昌街道,Guangzhou,大专,3-5年,7月26日,zhilian,职位描述 研发 LED照明产品开发 PCB设计 产品认证 家具/家居/办公制造 通用设备制造 电气机械/电力设备 工作职责 1. 主导LED面板灯的电子研发设计，结合项目需求输出高性能、高可靠性的技术方案。 2. 独立完成PCB版图设计与驱动电源选型，确保电路方案满足产品功能及成本要求。 3. 负责产品认证全流程（如CE、UL等），编制技术规格书、测试报告等核心文件。 4. 参与产品开发各阶段的测试与评审，识别并解决电路设计中的技术风险。 5. 为市场及销售团队提供技术支持，协助解决客户反馈的产品技术问题。 任职要求 1. 大专及以上学历，电子信息工程、自动化等相关专业，基础扎实。 2. 掌握Altium Designer等PCB设计工具，具备LED驱动电路设计经验。 3. 熟悉LED照明产品的安规标准与认证流程，有实际认证项目经验者优先。 4. 具备良好的问题分析能力，能独立排查电路故障并优化设计方案。 5. 有较强的文档撰写能力，能规范输出技术文件与开发资料。 工作地点 嘉兴海宁市海宁博华照明电器有限公司海源路3号 一号楼5楼 以担保或任何理由索要财物，扣押证照，均涉嫌违法。一经发现， 立即举报,"研发,LED照明产品开发,PCB设计,产品认证",http://www.zhaopin.com/jobdetail/CC330189030J40880691713.htm?refcode=4019&srccode=401901&preactionid=b0e5a4b8-b846-4719-af20-8c996bf17f54
光电研发工程师,天津航大智安科技有限公司,8000-12000元,天津·西青·精武镇,Guangzhou,本科,经验不限,7月26日,zhilian,岗位职责: 1、主导光电吊舱总体方案设计，负责光学系统、结构设计及仿真优化； 2、攻坚光电跟踪、图像处理、稳定平台等核心模块技术难点； 3、负责光电成像系统、智能相机等产品的嵌入式软件架构设计、核心模块开发与性能优化。 4、主导影像传感器（CMOS/CCD）的驱动开发、调试与集成，确保图像数据采集的稳定与高质量。 5、负责图像处理信号链路的软件开发，包括MIPI、LVDS、Cameralink等高速差分信号接口的驱动与调试。 6、在瑞芯微RK3588等嵌入式平台上，进行深度学习目标检测与跟踪算法的部署、优化与加速，实现算法的工程化落地。 7、与团队紧密协作，完成系统级联调，解决开发过程中的软硬件协同问题，并对最终产品的性能和稳定性负责。 8、编写高质量的设计文档、接口文档和技术总结。 任职要求: 1、学历专业：本科及以上学历，计算机、电子工程、自动化、通信工程、光电信息等相关专业。 2、硬件基础：了解模拟及数字电路，能够熟练阅读原理图及PCB图，具备基本的硬件问题分析和定位能力。 3、具备瑞芯微（Rockchip）RK3588/RK3576等平台的实际项目开发经验。 4、具备成像探测器（如InGaAs、MCT等）或主流影像传感器（如Sony、OnSemi等）的集成开发经验。 5、熟悉MIPI CSI/DSI、Cameralink、LVDS等图像信号传输接口的驱动开发。 6、具备基于深度学习（如YOLO系列）的目标识别、跟踪算法在嵌入式端的部署和优化经验。 7、具备FPGA（Verilog/VHDL）开发能力，能够进行简单的逻辑验证或协同开发。 8、熟悉OpenCV、Numpy等图像处理库，有ISP（图像信号处理）相关经验者优先。 9、语言能力：能够熟练阅读和理解英文技术文档（Datasheet、Reference Manual等）。 10、对新技术有较强的学习能力和探索精神，工作严谨细致、责任心强，具备良好的团队协作精神，能承受一定的研发工作压力。 11、具备较强的问题解决能力，面对技术难点能主动探索解决方案，具备一定的创新思维。 工作地点 天津西青区天开高教科创园西青园 以担保或任何理由索要财物，扣押证照，均涉嫌违法。一经发现， 立即举报,"研发,测试",http://www.zhaopin.com/jobdetail/CCL1478700790J40920797312.htm?refcode=4019&srccode=401901&preactionid=b0e5a4b8-b846-4719-af20-8c996bf17f54
中山大学集成信息光电子研究团队研究助理,南油外服,1.1-1.4万,广州·番禺·小谷围,Guangzhou,硕士,1-3年,7月26日,zhilian,岗位职责： 1.集成光电子芯片测试表征 负责铌酸锂、硅光、氮化硅芯片的光纤阵列耦合对准与光学测试 基于高频探针台完成光电芯片的高频电光/光电响应测试 2.大型高频设备操作与维护（带宽最高到110GHz） 使用/管理：任意波形发生器、实时示波器、光波分析仪、矢量网络分析仪、频谱分析仪等 负责设备的日常预约、校准、故障排查与基础维护 3.系统级应用测试 基于上述设备搭建高带宽光电芯片通信测试系统，完成芯片在通信/计算系统中的性能验证 岗位要求： 学历：硕士及以上（特别优秀的本科生可破格考虑） 专业背景：光学工程、电子科学与技术、物理电子学、微电子、仪器科学等相关专业 经验加分项（满足任意一项优先）： 1. 有集成光电子芯片测试/工艺经验 2. 熟悉高频探针台、光纤阵列耦合对准操作 3. 独立使用过高速任意波形发生器、实时示波器、矢量网络分析仪、频谱分析仪等高频设备 4. 性格特质：细心、踏实、有责任心，具备设备安全意识与文档撰写能力 工作地点 番禺区中山大学(广州校区东校园) 以担保或任何理由索要财物，扣押证照，均涉嫌违法。一经发现， 立即举报,"光缆装维,网络维护",http://www.zhaopin.com/jobdetail/CC194883610J40905727103.htm?refcode=4019&srccode=401901&preactionid=b0e5a4b8-b846-4719-af20-8c996bf17f54
半导体工艺工程师（26届）,厦门士兰集科微电子有限公司,8000-10000元,厦门·海沧·海沧,Guangzhou,本科,经验不限,7月26日,zhilian,岗位职责： 1、负责工艺路线的制定和优化，确保工艺的稳定性； 2、负责产品相关工艺的开发和验证工作，确保工艺的可靠性； 3、负责工艺参数的及时收集、汇总、整理并分析工艺异常； 4、负责工艺变更的管理和监控，确保变更的合理性。 岗位要求： 1、本科及以上学历； 2、电子类含微电子，光电子、物理、电子科学与技术等专业 工作地点 厦门海沧区兰英路89号 以担保或任何理由索要财物，扣押证照，均涉嫌违法。一经发现， 立即举报,半导体/芯片,http://www.zhaopin.com/jobdetail/CC663942480J40770692906.htm?refcode=4019&srccode=401901&preactionid=b0e5a4b8-b846-4719-af20-8c996bf17f54
光学工程师,郑州德莱孚科技有限公司,8000-10000元,郑州·须水,Guangzhou,本科,1-3年,7月26日,zhilian,岗位职责： 负责光电类产品的研发、调试及试验等工作。 任职要求：光学相关专业； 两年以上相关工作经验； 熟练掌握光学设计与分析软件； 交流沟通能力强，有团队协作意识。 职位福利：绩效奖金、加班补助、交通补助、餐补、通讯补助、带薪年假、节日福利、五险一金 工作地点 郑州中原区郑上路882号 以担保或任何理由索要财物，扣押证照，均涉嫌违法。一经发现， 立即举报,"光电,光学,光学设计",http://www.zhaopin.com/jobdetail/CC586103523J90250068000.htm?refcode=4019&srccode=401901&preactionid=b0e5a4b8-b846-4719-af20-8c996bf17f54
电子工程师,浙江新迪光电科技有限公司,5000-8000元,徐州·云龙区·汉风街道,Guangzhou,本科,1-3年,7月26日,zhilian,职位描述 ALTIUM 电源 岗位内容： 1. 开发、实现和测试高性能的电子产品； 2. 监督和管理全面的产品生命周期，包括研发、测试、制造和售后支持； 3. 评估和解决产品的技术问题； 4. 提供可靠的技术支持给客户，以确保其满意度； 5. 推动不断改进流程，以提高产品质量和工作效率。 任职要求： 1. 本科以上学历，电子工程或相关领域； 2. 至少5年电子产品研发经验； 3. 熟练掌握常见的电路板设计软件和仿真工具，如Altium、Cadence等； 4. 拥有扎实的电子产品制造和测试经验； 5. 良好的英语口语和写作能力。 工作地点 江苏省徐州市云龙区昆仑大道 以担保或任何理由索要财物，扣押证照，均涉嫌违法。一经发现， 立即举报,"ALTIUM,电源",http://www.zhaopin.com/jobdetail/CCL1477489670J40855293501.htm?refcode=4019&srccode=401901&preactionid=b0e5a4b8-b846-4719-af20-8c996bf17f54
电子工程师,华科光电,5000-7000元·14薪,西安·雁塔·丈八沟,Guangzhou,本科,1-3年,7月26日,zhilian,岗位职责： 1.负责产品整体电路设计，完成技术方案调研、原理验证试验等相关工作。 2.按客户要求提供解决方案，并编写技术方案。 3.开展技术设计，完成产品电原理图、PCB图等技术文件，编制完整的电子方面的BOM清单，物料选型和申购等工作。 4.开展产品软件设计，完成产品软件流程图、测试、产品功能等技术文件。 5.对需要进行实验的项目，需要完善实验目的，实验设备，实验步骤方法，数据记录，和数据分析结论。 6.对设计硬件和软件的产品生产进行跟踪，解决生产过程中的电子相关问题。 7.完成项目阶段性评审，执行项目开发计划。 8.参加技术交流相关学术会议，编写专利文档技术资料。 9.完成上级领导安排的其他工作。 任职要求： 1.本科或本科以上学历 2.电子工程、通讯工程等相关专业 3.我们希望候选人具有产品电原理图、PCB板设计1年及以上的工作经验 4.如果您有从需求分析到问题处理的电子设计项目经验就更好了 5.我们希望你有较强的沟通协作能力，是一个团队工作者 6.我们希望你对待工作有积极态度，能够坚守职业准则，有较强的责任意识 7.我们希望遇到工作中的困难，能有话直说，就事论事 薪酬福利： 我们是十四薪 我们提供免费午餐、下午餐 我们提供六险一金、过节费、季度奖金与年度奖金 公司介绍： 西安华科光电有限公司成立于2002年，公司总部位于高新区锦业路67号，占地30亩，厂房面积2万平方米，目前员工2000名左右。公司下设美国洛杉矶分公司、华阳分公司与沣京子公司。公司主要从事半导体激光器、激光全息瞄具、激光仪器部件、电器产品、液压伺服系列产品及变频器、低压电气成套产品的设计、生产、销售及OEM、ODM生产的工业企业。公司是西安市高新技术企业，西安市企业技术中心，拥有国内外200多项专利。公司多年销售额增长均在10%以上。 奖金绩效 过节费，出勤奖 工作地点 雁塔区西安市高新区锦业路六十七号 以担保或任何理由索要财物，扣押证照，均涉嫌违法。一经发现， 立即举报,"设计,PCB设计",http://www.zhaopin.com/jobdetail/CC223203710J40881699203.htm?refcode=4019&srccode=401901&preactionid=798baee4-7532-41b8-a3b2-8918dfdb4423
电子技术员助理,上海江木智能科技有限公司,200-250元/天,上海·闵行·吴泾,Guangzhou,本科,经验不限,7月26日,zhilian,"职位描述 仪器仪表 通信/网络设备 1、配合研发部门进行新产品组装、调试、测试、数据汇总、分析; 2、配合市场部门进行新产品培训、产品规格书、文件制定 3、负责公司新产品转产、升级过程中，对生产部门进行产线指导，培训，制定工艺文件，优化生产效率，保障产品质量; 4、负责产品的检验、原料、制程、成品的测试，并及时在生产和研发部门之间做好协调，并提供改进建议; 应聘要求: 1.电子、电气、计算机、通信、光电子、计算机等相关专业，本科学历，有光学专业者优先。 2.大学英语四级。 3.能基本看懂PCB，电子原理图，CAD图档。 4.数量掌握word,excel等基本办公软件。 5.熟练掌握示波器，万用表，电烙铁等基本电子设备。 工作地点 闵行区上海江木智能科技有限公司 以担保或任何理由索要财物，扣押证照，均涉嫌违法。一经发现， 立即举报",仪器仪表,http://www.zhaopin.com/jobdetail/CC810588680J40922262412.htm?refcode=4019&srccode=401901&preactionid=798baee4-7532-41b8-a3b2-8918dfdb4423
电子工程师,东莞市海能电子有限公司,1.5-2.8万,东莞·大岭山镇,Guangzhou,大专,5-10年,7月26日,zhilian,"岗位职责： 1.负责完成项目中EVT阶段的电子硬件设计,会电路仿真的优先录取； 2.负责研发阶段试产物料齐套跟进, 试产问题解决及回归验证 3.负责跟进产品质量,成本,项目计划,进度； 4.负责为业务提供有效的技术支持； 5.负责配合工厂端品质问题及客诉问题分析 6.负责上级领导交办的其它工作。 任职要求： 1. 大专及以上学历，电子技术类相关专业，5年以上电源研发和设计经验优先； 2. 能够独立设计30-500W以内开关电源或者能够独立设计5-140W以内移动电源和无线充，具备较强的生产品质观念; 3. 熟悉开关电源的设计和调试，掌握EMC和安规等相关知识; 4. 对开关变换器原理有深刻认识以及较强的分析、解决电源设计问题的能力； 5. 有QC/PD快充开发设计经验； 6. 良好的沟通能力，性格开朗，有责任心； 7. 具有较强的抗压能力，能够接受加班。 工作地点 东莞市海能电子有限公司百花洞村东康路22号 以担保或任何理由索要财物，扣押证照，均涉嫌违法。一经发现， 立即举报","电源研发,QC/PD快充",http://www.zhaopin.com/jobdetail/CCL1358998390J40487979606.htm?refcode=4019&srccode=401901&preactionid=798baee4-7532-41b8-a3b2-8918dfdb4423
"光电信息相关专业（24,25届毕业生）",歌尔股份,6000-12000元·14薪,潍坊·奎文·清池,Guangzhou,本科,经验不限,7月26日,zhilian,"岗位职责： 负责新产品开发PCBA测试规范、测试方案、测试工装评审及评定等，可培养。 任职要求： （1）24,25届光电信息相关专业毕业生； （2）熟练测试设备原理，通用及维护，熟练测试环境，逻辑及工艺流程； （3）了解基本电路图及工作原理； （4）具备逻辑分析，沟通协调能力，善于总结各归纳问题； （5）性格外向，沟通能力强可降低要求。 工作地点 潍坊奎文区歌尔光电园-二期 以担保或任何理由索要财物，扣押证照，均涉嫌违法。一经发现， 立即举报","测试,射频信号,光电信息,性格外向",http://www.zhaopin.com/jobdetail/CC132726540J40669689506.htm?refcode=4019&srccode=401901&preactionid=798baee4-7532-41b8-a3b2-8918dfdb4423
电子工程师,光宝电子,8000-10000元,广州·黄埔·联和,Guangzhou,大专,3-5年,7月26日,zhilian,职位描述 开关电源电路进行信号分析与调试 消费电子产品 AC-DC、DC-DC转换原理 示波器 电路分析 电源 【工作内容】 - 负责消费电子类产品（如平板电脑、智能手机、显示屏等）中开关电源模块的设计与开发，包括AC-DC和DC-DC转换电路的方案设计； - 熟练掌握Boost、Flyback等拓扑结构的应用，能够根据产品需求进行电路拓扑选择与优化设计； - 使用示波器对开关电源电路进行信号分析与调试，确保电路性能符合设计要求； - 参与电子产品研发全过程，包括原理图设计、PCB布局、样机制作及测试验证； - 协同硬件、软件及测试团队完成产品功能实现与性能优化，提升产品稳定性和可靠性。 【任职要求】 - 具备3年及以上开关电源相关工作经验，熟悉消费电子类产品的研发流程； - 大专及以上学历，电子工程、电气工程或相关专业背景； - 熟悉AC-DC、DC-DC转换原理，具备扎实的模拟电路与数字电路基础； - 掌握Boost、Flyback等常见拓扑结构的设计与应用； - 熟练使用示波器、Chroma 8000 ATE等测试设备进行电路调试与性能评估； - 具备良好的沟通能力和团队协作精神，能适应项目推进中的多任务并行工作。 工作地点 黄埔区广州天河光谱西路25号 以担保或任何理由索要财物，扣押证照，均涉嫌违法。一经发现， 立即举报,"开关电源电路进行信号分析与调试,消费电子产品,AC-DC、DC-DC转换原理,示波器,电路分析",http://www.zhaopin.com/jobdetail/CC542296020J40938439308.htm?refcode=4019&srccode=401901&preactionid=798baee4-7532-41b8-a3b2-8918dfdb4423
光电工程师,浙江贝良风能电子科技有限公司,6000-12000元,温州·乐清市·盐盆街道,Guangzhou,本科,经验不限,7月26日,zhilian,职位描述 光模块 激光器 激光雷达 研发 半导体/芯片 电子设备制造 仪器仪表 任职条件： 光学工程，光信息科学与技术，仪器仪表等相关专业。 工作内容： 1、参与光学产品工业化批量工作，负责光学元器件选型，光学方案测试及技术文档的撰写； 2、 根据产品成本，性能，可靠性要求参与量产产品的技术改进，对研发工艺工程师反馈的光学问题给予技术支持。 福利：单双休、8小时制、员工餐厅、公司有提供住宿、优秀员工奖、带薪年假、节日礼品。 工作地点 浙江省温州市乐清市盐盆街道盐盆开发区纬十二路228号贝良风能科技228 以担保或任何理由索要财物，扣押证照，均涉嫌违法。一经发现， 立即举报,"光模块,激光器,激光雷达,研发",http://www.zhaopin.com/jobdetail/CC345814630J40711755106.htm?refcode=4019&srccode=401901&preactionid=798baee4-7532-41b8-a3b2-8918dfdb4423
光学工程师,翔宇医疗,1.1-2.2万,上海·宝山·淞南,Guangzhou,本科,3-5年,7月26日,zhilian,职位描述 研发 测试 硬件测试 硬件研发 激光器 光纤激光器 半导体激光器 固体激光器 半导体/芯片 医疗设备/器械/耗材 任职要求： 1、工作经验：3年以上固体激光或者光纤激光器研发或者工艺相关工作经验； 2、光学工程、激光、光电等相关专业。 3、具备较强责任心、团队协作能力，动手能力强 工作地点 上海宝山区同济创园1幢12楼1幢-12楼 以担保或任何理由索要财物，扣押证照，均涉嫌违法。一经发现， 立即举报,"研发,测试,硬件测试,硬件研发,激光器,光纤激光器,半导体激光器,固体激光器",http://www.zhaopin.com/jobdetail/CC381255110J40846966407.htm?refcode=4019&srccode=401901&preactionid=798baee4-7532-41b8-a3b2-8918dfdb4423
电子工程师,福建睿能科技股份有限公司,1.6-2万,福州·南屿,Guangzhou,学历不限,3-5年,7月26日,zhilian,职位描述 半导体/芯片 岗位内容： 1. 设计和开发电路板和系统； 2. 分析、解决和报告关于产品的技术问题； 3. 参与制定项目计划，包括进度、资源和预算； 4. 研究并使用最新的电子技术来提高产品质量和性能。 任职要求： 1. 本科以上学历，电子工程或相关领域； 2. 至少3年电子设计和开发经验； 3. 熟悉常见的电路板设计软件，如CAD，Altium等； 4. 熟练掌握模拟电路和数字电路原理； 5. 具备良好的沟通和团队合作能力。 工作地点 福建省福州市闽侯县智慧大道12号 以担保或任何理由索要财物，扣押证照，均涉嫌违法。一经发现， 立即举报,半导体/芯片,http://www.zhaopin.com/jobdetail/CC652063720J40956617615.htm?refcode=4019&srccode=401901&preactionid=798baee4-7532-41b8-a3b2-8918dfdb4423
电子研发工程师,江苏志文半导体科技有限公司,1.2-2.2万·13薪,扬州·邗江区·西湖街道,Guangzhou,本科,1-3年,7月26日,zhilian,岗位职责： 1、半导体、LED、LCD、光伏等行业工业电源、电子电器、电路板维修、故障排除。 2、处理维修项目团队中射频相关方面的问题，参与问题的分析、定位和攻关； 3、负责攻克RF维修问题，协调分配RF工作； 4、配合研发经理，完成项目研发、生产各节点开发任务； 5、射频研发相关文档输出，归档前的检查； 6、负责产品的射频电路仿真、设计、测量方法的研究与制定，不良产品的射频维修和分析；和各部门工程师紧密协作，按时完成项目负责人布置的工作和任务。 岗位要求： 1、微电子、电子工程、电子技术、通讯工程等相关专业，本科及以上学历。 2、熟悉射频器件及射频电路设计，对射频各模块及无线通信有较深入的了解。 3、熟悉射频电路仿真设计软件的使用，射频系统及单元电路原理。 4、熟练操作RF专业测试仪器仪表。 职位福利：免费停车、五险一金、年底双薪 工作地点 扬州邗江区美湖路9号-2 以担保或任何理由索要财物，扣押证照，均涉嫌违法。一经发现， 立即举报,半导体/芯片,http://www.zhaopin.com/jobdetail/CC836808310J40376280808.htm?refcode=4019&srccode=401901&preactionid=798baee4-7532-41b8-a3b2-8918dfdb4423
电子工程师,珠海市敏夫光学仪器有限公司,8000-12000元,珠海·香洲区·唐家湾镇,Guangzhou,本科,1-3年,7月26日,zhilian,岗位职责 1. 负责低电流（工作电流 3mA~0.01μA）LED亮度调节、记忆、自动关闭等功能的电路方案设计、PCB设计、元器件选型、样机调试与性能测试； 2. 输出原理图、PCB、BOM、测试报告等技术文档，完成产品硬件参数验证、优化及迭代； 3. 跟进样品验证、小批量试产，排查解决硬件故障、功耗异常、稳定性等问题； 4. 协同结构、采购、生产团队，保障项目落地，优化电路功耗与可靠性。 任职要求 1. 具备PCB设计经验，包括1/2/4/6层PCB。专注于紧凑布局和易于组装； 2. 精通使用先进元器件和技术进行高效低功耗电路设计。 3. 具备柔性电路设计经验。 4. 具备基本的固件设计经验，并有与供应商合作编写符合规范的固件的经验（固件通常由其他人编写）。 5. 如果具备LED封装经验则更佳（非必需项）。 6. 熟悉微型LED器件的人员优先考虑。 工作地点 香洲区珠海市唐家湾高新区创新三路18号 以担保或任何理由索要财物，扣押证照，均涉嫌违法。一经发现， 立即举报,"电力电子产品,设计,研发",http://www.zhaopin.com/jobdetail/CC337520610J40821208016.htm?refcode=4019&srccode=401901&preactionid=798baee4-7532-41b8-a3b2-8918dfdb4423
电子工程师,广东仁恩宇光电技术有限公司,9000-18000元,东莞·东坑镇,Guangzhou,本科,3-5年,7月26日,zhilian,职位描述 设计 研发 电路设计 PCB设计 电力电子产品 通信/网络设备 仪器仪表 1.电子/电信/自动化类专业，有较好的模拟/数字电路基础； 2.了解常用的电子元器件的基本特性；能通过阅读英文规格书了解并在电路中使用新器件；熟悉常用的仪器设备，能根据具体现象做基本的问题分析； 3.至少熟悉Protel/Altium designer/PADS等其中的一种，有多层PCB的layout经验更佳. 工作内容: 1.依项目要求设计系统或功能模块原理图，并完成PCB的layout和BOM的导出； 2.负责样板的制作和硬件的调试； 3.完成并管理相应的技术文档。 4.从事过LCM，整机及相关行业经验，有单独带项目经历者优先 公司包食宿，单休制，享受法定假、年假等，每年1-2次调薪机会，薪资面议。 工作地点 东莞广东仁恩宇光电技术有限公司 以担保或任何理由索要财物，扣押证照，均涉嫌违法。一经发现， 立即举报,"设计,研发,电路设计,PCB设计,电力电子产品",http://www.zhaopin.com/jobdetail/CC834330330J40869950010.htm?refcode=4019&srccode=401901&preactionid=798baee4-7532-41b8-a3b2-8918dfdb4423
电子工程师,广东明丰电源科技有限公司,6000-12000元,中山·港口镇,Guangzhou,本科,1-3年,7月26日,zhilian,"岗位职责： 1、新产品工艺设计评估与改善； 2、参与实施产品开发、研制工作、制定开发计划；督导技术员完成各个产品的排拉表,确保达到目标值； 3、按研发计划完成技术文件编制及图纸设计工作及时记录各种工作要 素，编制完整的产品文件； 4、汇同产品生产部门完成试生产，处理试生产中的设计问题； 5、对异常工时进行评估分析及追踪处理； 6、总结产品研发经验，持续产品的改进，并根据客户或公司有关部门的 合理要求进行设计修改和设计改进，完成产品定型工作； 7、协助品质、销售部门解决客户技术问题和搞好客户服务； 8、接受部门领导布置的专项任务和临时性任务。 任职要求： 1、学历：本科及以上学历，电子类、电力电子、电气自动化、电子技术、应用电子技术等相关专业。 3、3年以上汽车电子或开关电源相关设计工作经验和良好的工作业绩，有电动汽车充电桩、电池充放电设备、光伏逆变器、风电变流器、变频器、UPS 等相关设备开发经验的优先。 4、熟练掌握数字电路、模拟电路，精通降压、反激、正激等开关电源架构，以及开关电源控制器、MOS、电容、二极管等关键元器件测试及选型。具备磁性器件设计能力，熟练掌握开关电源变压器、共模电感、差模电感等磁性器件的设计及选型。了解相关安规标准，熟悉开关电源安规 EMC 设计，熟悉各种安规认证，如 UL/TUV/CE 等。 工作地点 中山市-福田十路5号 以担保或任何理由索要财物，扣押证照，均涉嫌违法。一经发现， 立即举报",研发,http://www.zhaopin.com/jobdetail/CC859384590J40948244608.htm?refcode=4019&srccode=401901&preactionid=798baee4-7532-41b8-a3b2-8918dfdb4423
电子工程师,上海岱腾电子科技有限公司,1.2-1.5万,中山·横栏镇,Guangzhou,大专,3-5年,7月26日,zhilian,职位描述 消费电子产品 半导体/芯片 电子设备制造 电子电路基础元件/模组 职责描述： 1、根据项目具体要求进行LED电源电路设计开发工作。 2、对完成的项目进行调试、测试等相关实验，及各项记录工作。 3、负责项目的相关技术文档编制。 4、完成其他交办工作。 任职要求： 1.具有3年以上LED开关电源设计经验； 2.熟悉使用线路板制图软件； 3.掌握模拟电路、熟悉数字电路； 4.对电子元器件的特性有一定的了解； 5.有一定的EMC处理能力； 6.具备一定的与客户沟通的能力； 7.LED灯具开发经验、CAN/LIN设计经验、光学设计及模拟配光（三者达一即可）者优先考虑。 工作地点 中山广东派景智能科技有限公司 以担保或任何理由索要财物，扣押证照，均涉嫌违法。一经发现， 立即举报,消费电子产品,http://www.zhaopin.com/jobdetail/CC418975420J40656401215.htm?refcode=4019&srccode=401901&preactionid=798baee4-7532-41b8-a3b2-8918dfdb4423
电子工程师,天津美电医疗科技有限公司,1.3-2.5万,天津·西青·西营门,Guangzhou,本科,1-3年,7月26日,zhilian,"职位描述 医疗设备/器械/耗材 职责描述： 1、结合架构工程师的整体技术方案，对产品的变压器，电源，电路板，等整体硬件方案有具体的设计方案； 2、根据设计方案，对电源，电路板，包括安规，EMC器件的选型 3、实施硬件设计方案，包括原理图，PCB设计，电路调试； 4、配合上、下位机相互协作； 5、 编写规范化的技术文档（电路原理图、元器件BOM、PCB加工工艺表、PCB图）； 6、提供研发阶段测试的测试报告； 7、协助工艺，生产过程中的技术问题 8、协助产品检测，检验过程中的技术问题； 9、产品认证取证过程中，硬件部分的相关技术文档的编写维护； 10、完成公司领导交给的其他任务； 任职要求： 1.熟悉电路设计、PCB布板、电路调试，能熟练使用Altium designer等电路设计软件； 2.熟练应用常用电子元器件，熟练检索各种元器件材料； 3.掌握常用的硬件设计工具，调试仪器仪表的使用方法； 4.硬件产品的开发工作经验丰富，熟悉嵌入式系统的硬件及软件开发； 5.独立设计过完整的电子产品，能读懂英文产品规格书； 7.负责电气控制部分调试及可靠性方案设计及验证； 8.从事过仪器仪表,医疗器械产品硬件设计。 工作地点 西青区天津市高新区华苑产业区海泰二路二号5号楼3楼 以担保或任何理由索要财物，扣押证照，均涉嫌违法。一经发现， 立即举报",医疗设备/器械/耗材,http://www.zhaopin.com/jobdetail/CC417766330J40484272706.htm?refcode=4019&srccode=401901&preactionid=798baee4-7532-41b8-a3b2-8918dfdb4423
光学机械电子工程师,合肥安恒光电有限公司,4000-5000元·13薪,合肥·蜀山·高新区,Guangzhou,大专,经验不限,7月26日,zhilian,"职位描述 装配设计 企业服务 工作内容：、双休加国家规定节假日，生熟手均可，生手专人培训。对工作认真负责,责任心强,能吃苦耐劳, 1、机械,电子相关专业大专以上学历,有经验者优先. 2、敬业诚实守信，听从上级的安排，身体健康， 有意向长期发展 职位福利：餐补、定期体检、年底双薪、带薪年假、周末双休、不加班、公司重点项目、五险一金 职位亮点：双休加规定节假日，生熟手均可,两节有礼. 奖金绩效 基本工资加绩效 工作地点 蜀山区合肥市高新区科学大道106号F10楼二层西 以担保或任何理由索要财物，扣押证照，均涉嫌违法。一经发现， 立即举报",装配设计,http://www.zhaopin.com/jobdetail/CC310977410J40297329601.htm?refcode=4019&srccode=401901&preactionid=798baee4-7532-41b8-a3b2-8918dfdb4423
光器件开发工程师—江西光联,深圳市兆驰股份有限公司,1.2-2.3万·13薪,南昌·南昌县·昌东,Guangzhou,本科,3-5年,7月26日,zhilian,"岗位职责： 1、负责光器件（TO/OSA/BOX/COB光引擎类）新产品设计，满足高速率/高耦合效率/低成本/小型化等要求； 2、负责产品的光学部分设计与优化，包括光学仿真计算，光束成像光路设计以及光学透镜设计； 3、负责研发项目的实施，按照研发流程，完成首样，小批量试产；确保项目输出质量；参与新产品的交付 4、负责相关产品失效分析, 光学/结构/散热设计优化 5、负责样品时间节点push和项目进度掌控； 工作地点 南昌南昌县江西兆驰光联科技有限公司 以担保或任何理由索要财物，扣押证照，均涉嫌违法。一经发现， 立即举报",半导体/芯片,http://www.zhaopin.com/jobdetail/CC134184570J40830136608.htm?refcode=4019&srccode=401901&preactionid=798baee4-7532-41b8-a3b2-8918dfdb4423
激光器助理研发工程师（0.7-1.5万，13薪）,杭州吉熙半导体科技有限公司,7000-14000元·13薪,杭州·富阳·春江,Guangzhou,本科,经验不限,7月26日,zhilian,职位描述 激光设计 光学系统设计 激光工艺 光路设计 激光电源设计 激光器 激光仪器 激光器件 SolidWorks Zemax 半导体/芯片 工作内容：激光模块研发 工作职责 1、激光器新产品辅助开发； 2、激光器性能测试、表征、光学装调； 3、激光器可靠性测试 职位要求： 本科及以上学历，物理、光电子、光学等相关专业；掌握ZEMAX，Solidworks软件的使用；有过固体、光纤或者半导体激光器产品研发经验者优先： 优秀应届本科生或研究生亦可 工作地点 富阳区杭州光学精密机械研究所A座301 以担保或任何理由索要财物，扣押证照，均涉嫌违法。一经发现， 立即举报,"激光设计,光学系统设计,激光工艺,光路设计,激光电源设计,激光器,激光仪器,激光器件,SolidWorks,Zemax",http://www.zhaopin.com/jobdetail/CCL1493530380J40722573710.htm?refcode=4019&srccode=401901&preactionid=798baee4-7532-41b8-a3b2-8918dfdb4423
激光助理工程师,苏州英谷激光科技股份有限公司,6000-8000元,苏州·工业园区,Guangzhou,本科,经验不限,7月26日,zhilian,岗位职责： 1、负责激光器日常维护、售后维修、产品改进 2、参与固体激光器应用系统开发，协助研发部门对激光器进行方案改进及开发； 3、协助领导完成其他相关工作。 任职要求： 1、本科以上学历，光电子技术科学、光信息科学与技术等相关专业， 2、具有激光器理论基础知识，熟悉固体激光器理论知识及生产工艺； 3、掌握ZeMax，Solidworks/AutoCAD等软件，能进行固体激光设计光学模拟和结构设计； 4、数据观念强，善于数据的分析、总结与判断，有科学的工作方法； 5、有一定的逻辑思维能力，有较强的协调能力和心理承受能力，诚实敬业，责任感强，能够团队合作。 6、动手能力强、有独立解决问题的能力、沟通能力强。 此岗位最好是25年.26年已毕业已在苏州的应届生投递！！！ 请注意看好JD再投递！ 职位福利：五险一金、年底双薪、交通补助、餐补、带薪年假、定期体检、员工旅游、节日福利 工作地点 工业园区苏州英谷激光科技股份有限公司 以担保或任何理由索要财物，扣押证照，均涉嫌违法。一经发现， 立即举报,"激光,激光技术",http://www.zhaopin.com/jobdetail/CC614280920J00286489805.htm?refcode=4019&srccode=401901&preactionid=798baee4-7532-41b8-a3b2-8918dfdb4423
光电/光学应届生,苏州迈时光电股份有限公司,7000-13000元,咸阳·兴平市·阜寨镇,广州,本科,经验不限,7月24日,zhilian,职位描述 移动通信 光纤研发 光路设计 光系统设计 工作职责: 1、承担新产品的设计和实现：包括结构组成设计、子部件设计、制作工艺设计和测试和检测工艺设计等工作内容 2、负责新产品从开发阶段转移至量产阶段的全流程过程：包括需求分析、计划制定、样品制作、可靠性测试、小批量制作和批量制作等流程，直至产品能够顺利转入量产阶段。 3、根据客户和市场需求细化相关技术指标； 任职要求 1、本科及以上学历，光电、物理、微电子、自动化等相关专业 2、具有发散性思维，动手能力强，有校级以上竞赛和工程项目实践经验者优先 3、沟通和组织能力强，有社团、班级团队管理和社会实践者优先 工作地点 咸阳兴平市陕西正合芯科光电技术有限公司 以担保或任何理由索要财物，扣押证照，均涉嫌违法。一经发现， 立即举报,"移动通信,光纤研发,光路设计,光系统设计",http://www.zhaopin.com/jobdetail/CCL1520259900J40902063403.htm?refcode=4019&srccode=401901&preactionid=b3baeb02-d5d3-4ecf-8a65-6343d9af0882
电子助理工程师,上海江木智能科技有限公司,6000-8000元·13薪,上海·闵行·吴泾,广州,本科,经验不限,7月20日,zhilian,"职位描述 仪器仪表 通信/网络设备 1、配合研发部门进行新产品组装、调试、测试、数据汇总、分析; 2、配合市场部门进行新产品培训、产品规格书、文件制定 3、负责公司新产品转产、升级过程中，对生产部门进行产线指导，培训，制定工艺文件，优化生产效率，保障产品质量; 4、负责产品的检验、原料、制程、成品的测试，并及时在生产和研发部门之间做好协调，并提供改进建议; 应聘要求: 1.电子、电气、计算机、通信、光电子、计算机等相关专业，本科学历，有光学专业者优先。 2.大学英语四级。 3.能基本看懂PCB，电子原理图，CAD图档。 4.数量掌握word,excel等基本办公软件。 5.熟练掌握示波器，万用表，电烙铁等基本电子设备。 工作地点 闵行区上海江木智能科技有限公司 以担保或任何理由索要财物，扣押证照，均涉嫌违法。一经发现， 立即举报",仪器仪表,http://www.zhaopin.com/jobdetail/CC810588680J40922261012.htm?refcode=4019&srccode=401901&preactionid=b3baeb02-d5d3-4ecf-8a65-6343d9af0882
飞秒光电,陕西乐言人力资源管理有限公司,6000-7000元,西安·长安·郭杜,广州,学历不限,经验不限,7月20日,zhilian,职位描述 显微镜 激光器 测试 工艺设计 研发 硬件研发 软件研发 光学工艺 研磨工艺 软件测试 硬件测试 显示产品 通信/网络设备 半导体/芯片 仪器仪表 🔥🔥项目3⃣：飞秒光电-长期工 ✅岗位：器件、装卸夹、球抛、研磨 ✅要求：必须有飞秒同行业工作经验，显微镜岗需要显微镜及光纤行业相关经验的，能长期稳定干，裸眼视力达到0.6-0.8及以上 💥面试时间：周一至周三（7.20-7.22）13:00面试 💥面试地址：陕西省西安市发展大道-厂区东门 工作地点 西安市-长安区-发展大道18号 以担保或任何理由索要财物，扣押证照，均涉嫌违法。一经发现， 立即举报,"显微镜,激光器,测试,工艺设计,研发,硬件研发,软件研发,光学工艺,研磨工艺,软件测试,硬件测试,显示产品",http://www.zhaopin.com/jobdetail/CCL1482285030J40896269513.htm?refcode=4019&srccode=401901&preactionid=b3baeb02-d5d3-4ecf-8a65-6343d9af0882
光学工程师,西安光衡光电科技有限公司,6000-12000元,西安·长安·王寺,广州,本科,经验不限,5月27日,zhilian,岗位职责： 1.参与或负责项目的设计开发； 2.编写研发相关的技术文件资料，负责相关器件的选型； 3.负责项目的评审及客户技术应对； 4.完成产品的技术验证，产品组装调试的工艺试验； 5.分析产品故障并提供解决方案。 任职要求： 1.测控、光信息、光电工程、应用物理等光学相关专业本科及以上学历； 2.具有扎实的专业基础，专心好学，具有相关专业的从业经验； 3.具备扎实的几何光学和物理光学理论基础，能够熟练运用Zemax、CodeV等设计软件； 4.熟悉中、长波红外光学系统设计、探测器应用，有相关项目经验者优先考虑； 5.具有较强的逻辑思维能力，责任心强； 8.具有较强的阅读专业文档和撰写文档的能力。 工作地点 长安区西安中兴深蓝科技产业园4号楼3期4号楼3户 以担保或任何理由索要财物，扣押证照，均涉嫌违法。一经发现， 立即举报,"镜头,光学仪器,光学设计",http://www.zhaopin.com/jobdetail/CC557437620J40884945313.htm?refcode=4019&srccode=401901&preactionid=b3baeb02-d5d3-4ecf-8a65-6343d9af0882
光电技术研究所—机械工程师,清华大学天津高端装备研究院,8000-12000元,天津·东丽·华明,广州,本科,经验不限,7月26日,zhilian,岗位职责： 展机电装置整机系统的结构设计 任职要求： 服从单位安排的其他工作 工作地点 天津东丽区华明低碳产业基地-C1栋 以担保或任何理由索要财物，扣押证照，均涉嫌违法。一经发现， 立即举报,"光学工艺,研磨工艺,镀膜工艺,机械工程师,工艺设计,仿真设计,ANSYS,SolidWorks,光模块,光学仪器,光伏设备",http://www.zhaopin.com/jobdetail/CC696844420J40894496212.htm?refcode=4019&srccode=401901&preactionid=b3baeb02-d5d3-4ecf-8a65-6343d9af0882
led电子工程师/电源工程师,东莞市永泽光电科技有限公司,9000-13000元,东莞·东坑镇,广州,本科,3-5年,5月29日,zhilian,职位描述 研发 嵌入式硬件研发 消费电子产品 电源 半导体/芯片 本公司主要生产LED驱动及控制板类，台灯控制板，太阳能控制板，LED球泡灯成品和一些光源类的产品。 岗位内容： 1. 设计和开发电路板和系统； 2. 分析、解决和报告关于产品的技术问题； 3. 参与制定项目计划，包括进度、资源和预算； 4. 研究并使用最新的电子技术来提高产品质量和性能。 任职要求： 1. 本科以上学历，电子工程或相关领域； 2. 至少3年电子设计和开发经验； 3. 熟悉常见的电路板设计软件，如CAD，AD等； 4. 熟练掌握模拟电路和数字电路原理； 5. 具备良好的沟通和团队合作能力。 工作地点 东莞阿拉灯照明 以担保或任何理由索要财物，扣押证照，均涉嫌违法。一经发现， 立即举报,"研发,嵌入式硬件研发,消费电子产品,电源",http://www.zhaopin.com/jobdetail/CCL1420656340J40814867416.htm?refcode=4019&srccode=401901&preactionid=0ac2df5f-a786-40c6-9093-0595fc841f88
电子工程师,苏州三埃孚电子科技有限公司,5000-9000元·13薪,苏州·虎丘·枫桥,广州,本科,经验不限,3月12日,zhilian,职位描述 测试 安装/调试 传感器 电子设备制造 仪器仪表 检测/认证/计量 岗位内容： 1. 评估和解决产品的技术问题； 2. 提供可靠的技术支持给客户，以确保其满意度； 任职要求： 1. 本科以上学历，电子工程或相关领域； 2、应届生也可 工作地点 苏州虎丘区支英街36号北栋 以担保或任何理由索要财物，扣押证照，均涉嫌违法。一经发现， 立即举报,"测试,安装/调试,传感器",http://www.zhaopin.com/jobdetail/CC237619830J40878794703.htm?refcode=4019&srccode=401901&preactionid=69780740-5363-45c7-aea1-6b3fc2b76727
光学工艺工程师,西安超纳精密光学有限公司,7000-8000元,西安·长安·郭杜,广州,本科,3-5年,1月24日,zhilian,职位描述 工艺设计 光学工艺 镀膜工艺 抛光工艺 光学仪器 激光器 光模块 半导体激光器 光纤激光器 激光陀螺 光学测试 电路设计 光学冷加工 岗位内容： 1. 负责激光/光学产品的工艺设计、工装设计及产品实现的工艺设计 2. 从事产品生产全过程的设计，负责相关材料选型、工艺流程优化和检验标准的制定 3. 独立开展工艺工作，，确保产品质量和性能达到预期目标 4.负责产品售前、售后的技术解答、技术服务。 任职要求： 1. 熟练掌握激光/光电子相关领域常规设计软件，如 Solidworks、AutoCAD 等 2. 具备相关产品研发及生产经验，对材料工艺和检验具备基本认知 3. 拥有较好的团队合作能力和逻辑思维能力，能够快速学习并解决相关技术问题 4.有光学冷加工的工艺经验的优先考虑； 5.有激光陀螺工艺经验的优先考虑 工作地点 西安长安区高新区上林苑一路15号 以担保或任何理由索要财物，扣押证照，均涉嫌违法。一经发现， 立即举报,"工艺设计,光学工艺,镀膜工艺,抛光工艺,光学仪器,激光器,光模块,半导体激光器,光纤激光器,激光陀螺",http://www.zhaopin.com/jobdetail/CC485477980J40840742005.htm?refcode=4019&srccode=401901&preactionid=69780740-5363-45c7-aea1-6b3fc2b76727
电子工程师,上海共联达建筑工程有限公司,6000-11000元·13薪,成都·金牛·抚琴,广州,本科,经验不限,7月15日,zhilian,职位描述 电力电子产品 安装/调试 电子设备制造 半导体/芯片 岗位内容： 1. 开发、实现和测试高性能的电子产品； 2. 监督和管理全面的产品生命周期，包括研发、测试、制造和售后支持； 3. 评估和解决产品的技术问题； 4. 提供可靠的技术支持给客户，以确保其满意度； 5. 推动不断改进流程，以提高产品质量和工作效率。 任职要求： 本科以上学历，电子工程或相关领域； 工作地点 成都金牛区金港商城(营门口路) 以担保或任何理由索要财物，扣押证照，均涉嫌违法。一经发现， 立即举报,"电力电子产品,安装/调试",http://www.zhaopin.com/jobdetail/CCL1372479990J40955820615.htm?refcode=4019&srccode=401901&preactionid=69780740-5363-45c7-aea1-6b3fc2b76727
电子研发工程师,珠海欧瑞电源科技有限公司,8000-13000元,珠海·香洲区·凤山街道,广州,本科,1-3年,7月25日,zhilian,职位描述 研发 电力电子产品 EMC测试 开关电源 LED驱动 半导体/芯片 电子技术或自动化、芯片设计相关专业本科以上学历 有两年以上电源独立研发工作经验 熟悉各国产品认证 熟悉变压器设计与PCB布板，并能独立开发完成新产品 熟悉EMC电磁兼容调试与整改 有LED或电源相关工作经验优先，有单片机编程经验优先 工作地点 珠海香洲区远康科技华宇路611～613号远康科技园5号楼4楼 以担保或任何理由索要财物，扣押证照，均涉嫌违法。一经发现， 立即举报,"研发,电力电子产品,EMC测试,开关电源,LED驱动",http://www.zhaopin.com/jobdetail/CC359957430J40635958105.htm?refcode=4019&srccode=401901&preactionid=69780740-5363-45c7-aea1-6b3fc2b76727
光电载荷工程师,北京军航耀华科技有限公司,1.5-3万,北京·通州·马驹桥,广州,本科,3-5年,8月1日,zhilian,岗位职责 1) 负责光电载荷总体性能的分析和方案论证、方案设计、技术指标分解和验证工作； 2) 负责光学仪器中光学测量技术调研、系统设计； 3) 设计光电产品，包括激光器、光电器件、光电系统、光电传感器等，制定设计方案和技术规范，并进行实验验证； 4) 负责光电类产品的测试、装调与维护，保证产品的性能和可靠性； 5) 参与项目的管理和组织，制定项目计划和进度，保证项目顺利进行； 6) 负责光电载荷计算标准分析和工况设计类相关工作，标准规范应用及工况表解读及突破； 7) 完成上级领导安排的其他工作。 任职要求 1) 光电工程、激光工程、电子工程、物理、微电子、光学等相关专业； 2) 具备光电系统设计与调试、数字信号处理、信号分析、自动化控制、光电设计、光电检测、优化算法等相关专业能力； 3) 擅长红外等光电系统的技术方案、技术要求、测试大纲等系统级技术文件编写，对光电系统的组成和光机电算控各专业分工有一定了解； 4) 熟悉红外以及光电产品行业特点及技术领域。熟悉红外、光电产品的测试与性能评价技术； 5) 熟练掌握常用的光电载荷装调与测试方案、光电检测方法及成像器件原理，熟练掌握光电器件测试仪器和设备的使用。 工作地点 北京市-通州区-北京经济技术开发区科创十三街18号院锋创科技园11号楼 以担保或任何理由索要财物，扣押证照，均涉嫌违法。一经发现， 立即举报,"光学测量,激光器,激光工程,数字信号处理,自动化控制",http://www.zhaopin.com/jobdetail/CCL1257089680J40761600601.htm?refcode=4019&srccode=401901&preactionid=69780740-5363-45c7-aea1-6b3fc2b76727
电子工程师,武汉鑫岳光电科技有限公司,1-1.6万·13薪,武汉·江夏·佛祖岭,广州,本科,3-5年,4月23日,zhilian,岗位职责: 1、根据研发及产品设计要求，完成电子元件的选型、电路板的设计开发，单片机嵌入式软件的编写； 2、负责电子方面硬件、软件技术资料的编制、校对、归档； 3、负责整机或部件的电器件选型、测试、确认，协同完成整机产品的开发； 4、负责产品的试制、安规认证、型式验证、电子部分成本预估算； 5、负责指导电子产品关键工序的生产及管控； 6、对售后、品质、生产提供技术支持。 任职要求: 1、本科以上学历； 2、有三年以上相关电子硬件、软件设计经验； 3、要求具有扎实的理论基础、丰富的电子知识，具有良好的电子电路分析能力；精通数字/模拟电路，数字弱信号放大电路设计，熟悉大功率开关电源，线性电源方案选型，设计，可靠性验证；熟悉单片机控制； 4、具有良好的数据敏感度、产品逻辑思维和用户思维； 5、有良好的沟通协调能力； 工作地点 江夏区武汉高科数字经济产业园1栋19层 以担保或任何理由索要财物，扣押证照，均涉嫌违法。一经发现， 立即举报,"设计,研发",http://www.zhaopin.com/jobdetail/CC879287900J40662867107.htm?refcode=4019&srccode=401901&preactionid=ff578b02-844e-4594-bbff-902ded5a0e48
电子工程师,江西华视光电有限公司,1.1-1.3万,南昌·南昌县·昌东,广州,大专,3-5年,7月25日,zhilian,"职位描述 电路设计 电子设备制造 半导体/芯片 1 负责新产品电路原理图的设计和 FPC图制作，用创新和高品质安全设计争取成功； 2 负责新产品的样品软件调试和优化； 3 负责新产品技术资料制作（电子部分）和客户的电子部分沟通； 4 负责新产品的材料厂商的寻找和确认（电子部分），选择无害化材料； 5 协助解决有关生产过程中出现的技术和质量问题； 6 协助客户端反馈的电子方面的不良问题； 7负责新产品的 EMC/EMI,ESD，功耗等电气测试； 岗位要求： 1.大专及以上学历， 电子或机械相关专业 2.熟练运用PADS等软件进行电路设计，熟练掌握语言等LCM软件调试测试能力 工作地点 江西省南昌市南昌县瑶湖西六路888号南昌高新电子信息产业园2号厂房4层 以担保或任何理由索要财物，扣押证照，均涉嫌违法。一经发现， 立即举报",电路设计,http://www.zhaopin.com/jobdetail/CC520334930J40856768014.htm?refcode=4019&srccode=401901&preactionid=ff578b02-844e-4594-bbff-902ded5a0e48
电子工程师,四川九洲光电科技股份有限公司,1.2-1.8万,绵阳·涪城区·城郊街道,广州,本科,5-10年,7月22日,zhilian,岗位职责: 1.协助项目组长制定开发计划，参与需求识别与风险识别； 2.负责产品电路方案设计，开展六性工程设计与分析； 3.负责电路技术创新，配合向其他专业开展设计开发工作； 4.负责完成领导和项目组长分配的各项任务。 任职要求: 1.本科及以上学历，电子信息类相关专业； 2.熟悉室内外开关电源AC、DC拓扑结构及设计，熟悉开关电源生产工艺、性能测试、寿命计算、安规等； 3.熟悉PCB设计相关软件，能够运用CAD软件辅助设计； 4.具有一定的系统集成能力； 5.具备智能照明/家居、工业自动化、航空航天航海、汽车领域电子设计相关工作经验优先，校招无要求。 工作地点 绵阳涪城区九洲科技工业园-北门 以担保或任何理由索要财物，扣押证照，均涉嫌违法。一经发现， 立即举报,研发,http://www.zhaopin.com/jobdetail/CC153475510J40771558103.htm?refcode=4019&srccode=401901&preactionid=ff578b02-844e-4594-bbff-902ded5a0e48
电子工程师,中航光电华亿(沈阳)电子科技有限公司,1-1.5万,沈阳·铁西·大潘,广州,本科,1-3年,7月10日,zhilian,岗位职责： 1.进行传感器产品的实现，包括硬件电路设计、测试、试验工作，包括与系统的联调及测试工作，对产品的性能、可靠性、成本负责； 2.与客户进行技术沟通，获取或建立客户技术条件； 3.对产品质量控制提出要求； 4.负责解决研发、量产、产品运行阶段相关质量问题。 任职资格： 1.拥有电路设计经验2年及以上，掌握传感器的工作原理和信号处理方法； 2.了解不同传感器及应用环境，具有抗干扰设计经验； 3.掌握绘图软件，掌握仿真软件； 4.传感器的调理电路设计经验、熟悉相关芯片选型者优先； 5.具备良好的沟通表达能力、协调能力、吃苦耐劳、抗压能力和团队合作精神； 6.具有良好的学习、动手及解决问题的能力； 7.认同集团公司宗旨理念、公司发展战略和企业文化。 职位福利：五险一金、绩效奖金、全勤奖、定期体检、采暖补贴、带薪年假、周末双休 工作地点 沈阳铁西区经济技术开发区开发大路27号 以担保或任何理由索要财物，扣押证照，均涉嫌违法。一经发现， 立即举报,"硬件项目,光电器件,硬件设计,电子设计,硬件调试,传感器,模电,测控",http://www.zhaopin.com/jobdetail/CC405402310J40476255910.htm?refcode=4019&srccode=401901&preactionid=ff578b02-844e-4594-bbff-902ded5a0e48
电源工程师,无锡朋江电子科技有限公司,1.2-2万,无锡·新吴·新安,广州,本科,3-5年,10月9日,zhilian,岗位职责： 1、负责从方案设计到生产的整个过程的产品开发，参与方案选择，原理图设计，PCB设计，EMC设计及产品调试； 2、支持工厂生产，参与生产测试以及生产工艺改善相关工作； 3、协助其它部门进行设计相关工作。 任职资格： 1、本科及以上学历，电子相关专业，英语读写能力良好，对理论或者实际能力突出者，学历可放宽； 2、3-8年及以上相关工作经验，能独立思考、分析和解决问题，勤奋刻苦，细致认真，具备团队合作能力； 3、对基本的电路拓扑如Buck/Boost/全桥/LLC/PFC等有较深刻认识，理论基础扎实。熟悉功率电路设计，磁性器件设计，热设计，环路设计及EMC设计； 4、对三相PFC、单相或者交错LLC、三相逆变电源、三电平技术一种或者多种，有丰富的设计经验，经验不足者有较强的理论经验也可； 5、根据以上要求据面谈情况会定位为工程师，高级工程师，资深工程师或者技术专家职位 工作地点：江苏省无锡市新吴区新安街道弘毅路10号 工作时间：周一至周六 薪资待遇：12000-20000 工作地点 无锡新吴区弘毅路10号1806-1810 以担保或任何理由索要财物，扣押证照，均涉嫌违法。一经发现， 立即举报,"电源设计,EMC设计,热设计",http://www.zhaopin.com/jobdetail/CCL1471775920J40817175215.htm?refcode=4019&srccode=401901&preactionid=ff578b02-844e-4594-bbff-902ded5a0e48
电子工程师,安晟信智能科技(珠海)有限公司,1.2-1.8万·13薪,珠海·香洲区·南屏镇,广州,大专,3-5年,7月16日,zhilian,职位描述 设计 测试 安装/调试 电气设计 电路设计 PCB设计 半导体/芯片 电子设备制造 通信/网络设备 1、负责主导PCBA测试类设备的电子方案评估，并进行设备电子部分的总体设计和开发； 2、负责和客人沟通对接，并分析客人提供的产品测试信息及资料完成设备的整体设计以及所有工程文件的制作； 3、根据设备的测试原理可以与电子、软件、电气设计开发人员沟通，有很好的处理异常工作思维逻辑能力； 4、根据客户技术要求，开发测试硬件系统； 5、对产品设计结果负责。并输出硬件测试报告; 6、负责硬件测试平台技术沉淀，包括测试标准的制定、测试案例的总结、技术文档的制定等。 有设计开发测试夹具/测试设备工作经验，工作年限最少5年以上；从事3C或半导体类行业背景，至少3年以上硬件开发或测试工作经验 大专及以上学历，电子信息相关专业优先;熟练使用示波器、频谱分析仪、网络分析仪、万用表等常用硬件测试仪器; 对模数字电路原理非常熟悉和灵活开发使用。 具备良好的测试及逻辑分析能力；能独立完成项目所有工程文件的撰写，有技术团队和项目管理经验，具备良好的沟通能力、较强的细节关注度，责任心强，思维活跃，团队合作精神，执行力强。 工作地点 珠海香洲区博创豆留园-2栋 以担保或任何理由索要财物，扣押证照，均涉嫌违法。一经发现， 立即举报,"设计,测试,安装/调试,电气设计,电路设计,PCB设计",http://www.zhaopin.com/jobdetail/CCL1504761980J40852025109.htm?refcode=4019&srccode=401901&preactionid=ff578b02-844e-4594-bbff-902ded5a0e48
光电工程师,深圳市新凯来技术有限公司,2.5-5万·15薪,深圳·龙岗·平湖,广州,本科,经验不限,4月11日,zhilian,岗位职责： 1、开展光电技术研究和开发，掌握光电技术的最新发展动态，研究新的光电材料和器件； 2、设计光电产品，包括光电器件、光电系统、光电传感器等，制定设计方案和技术规范，并进行实验验证； 3、负责光电产品的测试、调试和维护，保证产品的性能和可靠性； 4、参与光电项目的管理和组织，制定项目计划和进度，保证项目顺利进行； 5、参与光电技术标准的制定和修订，推动光电技术的标准化和规范化。 技能要求： 1、光电工程、电子工程、物理、微电子、光学等相关专业； 2、掌握数字信号处理、信号分析、自动化控制、光电设计、光电检测、优化算法等专业知识； 3、熟练掌握光电器件的原理、结构和制造工艺，了解光电传感器、光电系统的设计和应用，有常规光电器件、光电传感器、仪器仪表、激光器、光通信等项目开发经验； 3、熟练掌握常用的光电检测方法及成像器件原理（CCD/CMOS），掌握光电器件测试仪器和设备的使用； 4、熟悉C++、python或其他编程语言。 工作地点 深圳龙岗区长龙西路与嘉湖路交叉口 以担保或任何理由索要财物，扣押证照，均涉嫌违法。一经发现， 立即举报,"激光器,镜头,光学仪器",http://www.zhaopin.com/jobdetail/CCL1362239030J40933641215.htm?refcode=4019&srccode=401901&preactionid=443cda3d-a533-4748-a248-cdb347c373e6
电子工程师（光谷+包住+五险一金),武汉三工激光科技有限公司,1-1.5万,武汉·江夏,广州,本科,3-5年,6月23日,zhilian,岗位职责： (1)负责激光设备相关电路的设计与优化，包括PCB绘制、元器件选型和电路布局； (2)熟悉模拟电路和数字电路设计，能够解决电路设计中的相关问题； (3)负责激光设备的日常维护和故障排除，确保设备稳定运行； (4)参与设备改进项目，提出并实施设备性能优化方案； (5)参与激光设备的系统集成工作，确保各个子系统的协调运行； (6)负责设备调试工作，保证设备性能达到设计要求； (7)为客户提供技术支持，解决设备使用中的技术问题； 任职资格： (1)本科及以上学历，电子、电气、自动化等相关专业； (2)可以熟练PCB绘制软件，熟悉常用的电路设计软件； (3)具备模路和数电设计经验，可独立完成电路设计和调试工作； (4)熟悉激光设备原理和相关技术，有相关项目经验者优先； (5)具备良好的沟通能力和团队合作精神，能够有效协调各部门工作； (6)具备较强的学习能力和适应能力，能够快速适应新环境。 工作地点 武汉江夏区三工光电工业园 以担保或任何理由索要财物，扣押证照，均涉嫌违法。一经发现， 立即举报,"设计,研发,测试,电气设计,电路设计,PCB设计,电力电子产品",http://www.zhaopin.com/jobdetail/CC623599080J40949048515.htm?refcode=4019&srccode=401901&preactionid=443cda3d-a533-4748-a248-cdb347c373e6
电子工程师,福州新联正和科技有限公司,1-1.2万·13薪,福州·闽侯·南屿,广州,大专,5-10年,7月22日,zhilian,岗位职责 1.负责台灯、小夜灯全系列产品电子方案开发：LED 驱动、电源、主控、触控 / 感应、锂电充放电、无线智能控制电路，独立完成原理图、PCB 设计。 2.根据欧盟、美国、日本市场要求，匹配对应电路方案，主导产品安规、EMC、能效、射频等测试整改，跟进 CE、FCC、PSE、UL、RoHS 等海外认证。 3.元器件选型、成本核算，编制标准化 BOM、规格书、测试规范、生产工艺文件，持续对现有产品电路降本、优化性能。 4.跟进样板打样、试产、量产，解决生产、老化测试、客户反馈的电路故障，提升良率，规避出口客诉风险。 5.开发调光、定时、人体感应、蓝牙 APP 控制、无线遥控等智能化功能，适配海外客户定制化需求；同步完成新品可靠性验证。 6.对接业务、结构、采购、生产及第三方认证实验室，评估新项目可行性，配合海外客户完成技术答疑与样品整改。 任职要求 1.电子信息、电力电子、自动化等相关专业，大专及以上，模电数电基础扎实。 2.硬性条件：5年以上 家居灯具研发量产经验，有出口欧美日灯具开发经验优先。 3.熟练使用 Altium Designer，可独立完成原理图、PCB 布局布线；精通中小功率 LED 驱动、锂电充放电电路调试。 4.熟悉海外灯具标准：欧盟 CE/EMC、美国 FCC/UL、日本 PSE、RoHS、ERP 能效等，能独立对接认证整改。 5.熟悉开关电源、线性驱动、触摸芯片、人体红外感应、蓝牙 BLE 等常用灯具方案，具备完整新品从开发到出口量产落地经验。 6.成本意识强，逻辑清晰，擅长电路问题排查；沟通高效，能适应海外项目快速改样节奏。 工作地点 福州市-闽侯县-尧溪路阳光城丽景湾西侧约180米信息技术创新应用产业园四号厂房4层 以担保或任何理由索要财物，扣押证照，均涉嫌违法。一经发现， 立即举报,"设计,消费电子产品,硬件电路设计,PCB设计,硬件调试与测试",http://www.zhaopin.com/jobdetail/CCL1360731530J40857072911.htm?refcode=4019&srccode=401901&preactionid=443cda3d-a533-4748-a248-cdb347c373e6
电子工程师,福州悦鹏微视生物科技有限公司,1.1-1.2万,福州·闽侯·上街,广州,本科,3-5年,7月23日,zhilian,职位描述 医疗电子产品 消费电子产品 研发 设计 半导体/芯片 电子设备制造 工业自动化/机器人 1、负责电路需求分析、技术方案论证，进行电路设计，包括完成原理图、PCB的Layout设计，根据性能需求对产品器件或物料进行选型，完成硬件调试和测试工作； 2、编制新产品说明书及相关文件，如工艺图纸、配线图、BOM表和控制图等； 3、参与研发过程中的联调、外场试验、以及问题分析处理，解决电路问题； 4、根据产品的功能需求和可靠性要求，完成相应的程序设计； 5、负责现有产品升级及新产品研发工作； 任职要求： 1、硕士及以上，或本科3年以上电子研发工作经验，微电子，固体电子，通信工程，电子工程，自动化等电子相关专业； 2、熟练使用硬件开发常用工具软件和仿真软件，如Altium Designer、pads、Cadence allegro，Multisim，Qt；并可修改电路板； 3、有使用STM32或51开发产品的经验； 4、具备以下能力者优先：掌握上、下位机编程语言，掌握C/C++，能够进行工作相关的程序编写、调试，具有良好的编码规范和编程功底，掌握产品可靠性设计和调试方法。 工作地点 福州闽侯县闽都创新实验室 以担保或任何理由索要财物，扣押证照，均涉嫌违法。一经发现， 立即举报,"医疗电子产品,消费电子产品,研发,设计",http://www.zhaopin.com/jobdetail/CCL1487845350J40768826105.htm?refcode=4019&srccode=401901&preactionid=443cda3d-a533-4748-a248-cdb347c373e6
电子工程师,威海天力电源科技有限公司,6000-8000元·13薪,威海·环翠区·初村镇,广州,本科,1-3年,7月11日,zhilian,职位描述 研发 电子设备制造 半导体/芯片 任职要求： 本科以上学历，电子、电气相关领域； 可接受电子信息、电气等相关专业应届生； 看懂PCB原理图。并进行简单绘制； 熟练掌握模拟电路和数字电路原理； 具备良好的沟通和团队合作能力。 工作地点 环翠区威海天力电源科技有限公司-西1门 以担保或任何理由索要财物，扣押证照，均涉嫌违法。一经发现， 立即举报,研发,http://www.zhaopin.com/jobdetail/CC422078010J40843531314.htm?refcode=4019&srccode=401901&preactionid=443cda3d-a533-4748-a248-cdb347c373e6
电子工程师+维修射频电源4千,扬州茂德电子科技有限公司,6000-12000元,扬州·邗江区·蒋王街道,广州,大专,经验不限,7月16日,zhilian,岗位职责： 1、按照作业指导书要求对电源设备进行拆解、保养维护、装配、维修、测试工作; 2、按照维修流程进行产品电子零件、电路板、接插件等电子元器件的焊接及整机组装 3、完成领导交办的其他任务 任职要求: 1、大专及以上学历，电子信息科学、通信工程、光电子、光通信，自动化、机械化、电气、计算机、物联网等相关专业，熟悉数电、模电，看的懂电路原理图。 2、会使用焊台、热风枪，能熟练进行电子零件的拆卸和焊接;有焊接电子元器件工作经验者优先; 3、能熟练使用各种:万用表、钳流表、电桥、示波器等仪表工具: 4、具有良好的团队合作精神及职业道德; 5、具有较强的动手能力，吃苦耐劳，工作认真严谨。 工作地点 邗江区扬州茂德电子科技有限公司 以担保或任何理由索要财物，扣押证照，均涉嫌违法。一经发现， 立即举报,电力电子产品,http://www.zhaopin.com/jobdetail/CC293038480J40706802814.htm?refcode=4019&srccode=401901&preactionid=443cda3d-a533-4748-a248-cdb347c373e6
光纤光学研发工程师,广东两山生态建设有限公司,7000-14000元,韶关·武江区·西联镇,广州,本科,3-5年,7月22日,zhilian,岗位职责 1. 负责空芯、多芯及其他特种光纤的产品指标定义、结构设计、光学仿真和阶段性研发目标分解。 2. 开展模式、损耗、弯曲性能、芯间串扰及尺寸容差分析，输出结构参数、材料/预制棒规格和试制建议。 3. 参与试制矩阵制定，对端面结构、几何、光谱、衰减、模式及串扰结果进行分析并推动迭代。 5.建立设计—仿真—工艺—测试数据库及版本追溯机制，形成阶段性技术报告和产品技术资料。 岗位要求： 1. 光学工程、光纤通信、光电子、物理、电磁场等相关专业，本科及以上，硕士优先。 2.具备3年以上光纤结构设计、光波导仿真或特种光纤测试经验；具有空芯、多芯、微结构或保偏光纤经验者优先。 3. 掌握光波导与模式理论，熟悉衰减、模场、数值孔径、截止波长、弯曲损耗及芯间串扰等关键指标。 4. 熟练使用COMSOL、Lumerical、RSoft、Matlab或Python等至少一种仿真/数据分析工具。 5. 熟悉光源、光谱仪、功率计、显微成像、OTDR等测试设备和测试方法者优先。 6. 具备试验设计、数据分析、技术报告、专利交底及跨部门协同能力，能阅读英文文献。 本岗位为通鼎信息通信韶关公司招聘。 工作地点 韶关武江区莞韶创新产业园1栋8楼 以担保或任何理由索要财物，扣押证照，均涉嫌违法。一经发现， 立即举报,五险一金,http://www.zhaopin.com/jobdetail/CCL1488612760J41019148504.htm?refcode=4019&srccode=401901&preactionid=443cda3d-a533-4748-a248-cdb347c373e6
光电子器件FAE沪京深解决方案检测系统现场应用工程师,上海朗辉光电科技有限公司,9000-13000元·13薪,上海·杨浦·新江湾城,广州,本科,1-3年,7月24日,zhilian,"岗位职责： 1、熟悉公司的光电器件产品及其典型的光机电热应用方案。 2、配合销售开展客户拜访、产品宣讲与技术演示，协助团队方案推广，为客户提供售前及售后服务。 3、支持客户的技术咨询，解决客户遇到的各种问题，协助完成返修和失效分析。 4、为客户提供一对一定制咨询服务，分析完善定制要求。 5、实时跟进客户项目进展，及时向公司反馈客户的问题和需求，与团队保持良好协作。 FAE任职要求： 1、光电专业本科及以上学历、一年以上光电研发经验，或电子、光学、激光相关专业、三年以上光电相关行业从业经验者优先。 2、认证CET6同等以上合格，口语流利表达光电器件原理与技术、光电子解决方案及器件失效分析，能流畅读写英文技术文档。 3、熟悉光电器件原理，能看懂电路原理图或光路图；优先考虑具有光电测试设备和光电检测系统搭建经验者。 4、了解光电半导体制造工艺流程，或各类探测器、激光器的失效机理者加分。 5、有较强的学习、逻辑分析和抗压能力，能适应一定的出差。 6、沟通和表达能力强，有较强的应变和处理问题能力。 7、具备良好团队协作能力，对前沿光电技术有浓厚兴趣，愿意深耕光电技术行业。 另见头像主页光电检测系统实验室专家工程师等上海3岗各1位 奖金绩效 年底双薪,绩效奖金,工龄奖 工作地点 上海杨浦区复旦绿地双创中心-258号楼707室 以担保或任何理由索要财物，扣押证照，均涉嫌违法。一经发现， 立即举报","光电子器件,光电子解决方案,英语口语流利,光电子器件研发经验,光电或光学从业经验,光电子器件失效分析,光电半导体制造工艺流程,光电检测系统搭建经验",http://www.zhaopin.com/jobdetail/CC167431620J40862749607.htm?refcode=4019&srccode=401901&preactionid=443cda3d-a533-4748-a248-cdb347c373e6
电子工程师,宁波聚华光学科技有限公司,1.2-1.8万·13薪,宁波·鄞州·首南,广州,本科,3-5年,4月20日,zhilian,"岗位职责： 1.根据项目需求能够独立进行硬件功能需求分析，并进行方案设计，包括 器件选型，完成模拟部分及模数混合部分硬件电路的原理图设计，PCB设计。 2.协调定位问题，对硬件电路进行性能测试评估 3.配合固件工程师，结构工程师进行设备联调 4.负责相关硬件文档的编写 5.解决产品在调试，试产，量产及应用相关过程中相关的问题 任职资格： 1.统招本科以上学历，机电一体化，电子，通信及自动化相关专业。有3年以上的硬件电路开发经验，有独立硬件项目设计经验者优先；特别优秀者可放宽学历要求。 2.具备工控类硬件控制板设计经验优先，熟悉常用MCU,DSP芯片, 熟悉UART,IIC,SPI,LDO,BUCK,Boost,运算放大电路等 3.具有较强的动手能力，熟悉相关仪器仪表(示波器，万用表等基础仪器)的使用。 4.熟悉至少一种EDA软件。 5.拥有模拟电路开发，小信号处理电路开发的经验 6.有使用Ltspice与multisim软件进行模拟仿真的经验，对PI和SI有一定的理解 7.熟悉电子产品认证测试等相关标准，熟悉ESD、浪涌、EFT、EMI等EMC测试标准与相应设计要求 8.具备积极的工作态度，有较强的抗压能力，有强烈责任心，良好的沟通能力和团队精神，良好的总结归纳能力和习惯 8.具备积极的工作态度，有较强的抗压能力，有强烈责任心，良好的沟通能力和团队精神，良好的总结归纳能力和习惯 工作地点 宁波鄞州区鄞州科技信息孵化园科信大厦4幢5号1201室 以担保或任何理由索要财物，扣押证照，均涉嫌违法。一经发现， 立即举报",研发,http://www.zhaopin.com/jobdetail/CC697733920J40857163205.htm?refcode=4019&srccode=401901&preactionid=443cda3d-a533-4748-a248-cdb347c373e6
技术工程师,深圳市欧亿光电技术有限公司,8000-13000元·13薪,深圳·龙华·龙华,广州,本科,1-3年,3月11日,zhilian,岗位职责 1. 根据公司要求进行光通讯器件-模块分析、设计和开发，保障研发进度和技术可行性； 2. 对接客户需求，制作产品样件，确保样品符合客户需求和公司量产要求； 4. 制定并参与产品的调试、测试流程，指导完成各项认证中相关要求的测试并对不合格项进行整改，严格产品质量控制； 5. 负责相关开发文档编写、生产指导性资料的制作，保证研发资料的完整性和准确性； 5. 负责产品的优化和完善，指导解决生产中出现的相关技术问题； 6. 跟踪产品的运行状况，提供远程或者现场技术支持； 7. 跟踪本行业相关技术进展，为公司产品研发方向提供参考建议； 8. 完成上级交办的其它工作。 二、任职要求： 1. 学历及专业：光电、材料工程、材料学、电子信息等相关专业本科及以上学历。 2. 工作经验及资格: 同等岗位1年以上工作经验，光通讯行业优先。 3.岗位技能： 熟练掌握工艺过程设计、实验和分析技能，有较强的工程技术资料撰写能力。 4.个性特征： （1）较强的工作热情，良好的职业道德，诚实守信； （2）工作严谨、认真、踏实、负责，有团队意识和协作精神； （3）学习能力强，能吃苦耐劳，不断进取，工作承压能力强。 工作地点 深圳龙华区德信昌智慧园1栋2号电梯上五楼 以担保或任何理由索要财物，扣押证照，均涉嫌违法。一经发现， 立即举报,"光通讯器件-模块,光电,电子信息,Zemax",http://www.zhaopin.com/jobdetail/CCL1251117600J40839067413.htm?refcode=4019&srccode=401901&preactionid=443cda3d-a533-4748-a248-cdb347c373e6
电子工程师,厦门新声科技有限公司,1.4-1.8万,厦门·翔安·马巷,广州,本科,3-5年,7月24日,zhilian,岗位职责： 1. 参与新项目可行性分析、安规认证的评审工作并提出建议； 2. 负责分析研究产品数/模放大电路特别是音频放大器，设计助听器产品或其它相关产品的电路原理图的搭建设计软件编写、电路参数调试与测试； 3. 与结构设计配合，绘制PCB板，追踪PCB板制作与确认样品； 4. 负责BOM表及相关量产的图纸的导出与录入，编写部分电子研发报告、项目文档； 5. 研究电路与产品声学指标之间的关系，帮助测试产品功能，进行调整确保达到相关的声学性能； 6. 学习、了解、研究电子相关新技术与新元件，进行实验，应用于产品开发； 7. 开发TWS耳机电子相关技术与产品； 8. 负责对有创新点的产品或设计进行专利申请； 岗位要求： 1. 电子相关专业，本科或以上学历； 2. 对电子电路、电声技术有比较深入的了解；对助听器技术熟悉了解者优先录用；对软件开发与设计有比较专业的了解； 3. 熟练使用电子设计软件；熟悉基本电子元器件的性能与参数； 4. 在助听器行业或电子产品行业有3年以上工作经验；有策划和主导项目开发或产品开发的经验； 5. 有出色的协调能力和组织能力；有较强的团队合作与沟通能力。 工作地点 福建省厦门市翔安区马巷镇火炬工业园翔岳路13号 以担保或任何理由索要财物，扣押证照，均涉嫌违法。一经发现， 立即举报,"研发,测试,设计,PCB设计,电路设计,嵌入式硬件研发,嵌入式软件研发,医疗电子产品,电力电子产品",http://www.zhaopin.com/jobdetail/CC199144410J40789732508.htm?refcode=4019&srccode=401901&preactionid=443cda3d-a533-4748-a248-cdb347c373e6
电子工程师,山东蓝晶易碳新能源有限公司,1-2万,日照·东港区·石臼街道,广州,大专,3-5年,7月21日,zhilian,岗位职责： 1. 负责新产品的硬件研发和原有产品的改进改型中的相关硬件设计、调试工作； 2. 完成项目中硬件方案的制定和技术难点、重点攻关工作，并制定研发计划； 3. 搭建硬件及可靠性测试系统，完成对新项目的硬件测试及可靠性测试； 4. 制定、整理并规范技术文档（主要包括：原理图、PCB图、元器件清单、生产指导文件等）； 任职要求： 1. 独立完成项目计划以及系统架构的设计，负责整个项目进度管理，有供应链管理经验者优先； 2.电子电路相关等相关专业，PCB制图软件任意一项； 工作地点 日照东港区喜来登国际财富中心座A座31楼 以担保或任何理由索要财物，扣押证照，均涉嫌违法。一经发现， 立即举报,"原理图设计,PCB设计,电源,嵌入式开发,电子硬件开发,Protel,直流电源,电子软件开发",http://www.zhaopin.com/jobdetail/CC291443810J40479707703.htm?refcode=4019&srccode=401901&preactionid=443cda3d-a533-4748-a248-cdb347c373e6
光学工程师,河南猎盟人力资源服务有限公司,3.5-7万·17薪,深圳·南山·粤海,广州,本科,5-10年,1月22日,zhilian,职位描述 光学 镜头 1、光学设计岗位； 2、不限制产品，任何镜头类产品均可； 3、本科及以上学历，最低4年经验起； 4、该岗位为终端所招 工作地点 深圳南山区粤兴三道园区 以担保或任何理由索要财物，扣押证照，均涉嫌违法。一经发现， 立即举报 客户,"光学,镜头",http://www.zhaopin.com/jobdetail/CCL1422063350J40917506815.htm?refcode=4019&srccode=401901&preactionid=443cda3d-a533-4748-a248-cdb347c373e6
光电工程师,易优汇(大连)网络科技有限公司,2-4万,大连·甘井子·凌水,广州,本科,经验不限,7月4日,zhilian,职位描述 半导体/芯片 工作职责： 1. 负责显微镜、光纤传感等系统的需求性能分解，完成光学系统设计、仿真分析及性能评估，材料选型、成本估算，并编写工艺文件、备件清单及设计图纸； 2. 协助光电辅助测量设备的选型、验证和评估，确保设备性能满足项目需求； 3. 负责机器人电气系统设计，包括电机选型、驱动调试、电源管理系统开发及控制板集成； 4. 完成电气图纸绘制（Eplan/CAD）、电气部件选型及成本核算，设计并调试基于EtherCAT总线的分布式控制系统； 5. 负责控制柜装配、现场调试及设备安全合规性验证（符合医疗设备EMC/安规标准）； 6. 编写底层PLC/HMI程序，支持运动控制算法实现及故障诊断功能，协同软件团队完成软硬件联调及问题优化。 岗位要求： 1. 光电工程、精密仪器、电气工程、应用光学、自动化等相关专业本科及以上学历； 2. 熟悉Zemax光学设计及Solidworks三维建模软件，具备光学系统设计、研发、测试经验； 3. 精通伺服电机选型与调试，熟悉EtherCAT等工业总线协议，有KUKA iiwa系列机器人集成经验者优先； 4. 熟悉医疗设备电气安全标准（如IEC 60601），具备控制板集成及EMC整改能力； 5. 熟练使用自准直仪、信号发生器、光谱仪、万用电表、示波器等精密光电仪器； 6. 具备较强的逻辑思维能力、团队合作能力及跨部门协作能力，能够快速学习并解决技术问题。 工作地点 大连甘井子区河口 以担保或任何理由索要财物，扣押证照，均涉嫌违法。一经发现， 立即举报,半导体/芯片,http://www.zhaopin.com/jobdetail/CCL1339527140J40815636107.htm?refcode=4019&srccode=401901&preactionid=443cda3d-a533-4748-a248-cdb347c373e6
电子工程师,武汉市御光视觉科技有限公司,8000-10000元,武汉·江夏·佛祖岭,广州,本科,3-5年,7月9日,zhilian,职位描述 模拟电路 数字电路 PADS 岗位内容： 1. 设计和开发电路板和系统； 2. 分析、解决和报告关于产品的技术问题； 3. 参与制定项目计划，包括进度、资源和预算； 4. 研究并使用最新的电子技术来提高产品质量和性能。 任职要求： 1. 本科以上学历，电子工程或相关领域； 2. 至少3年电子设计和开发经验； 3. 熟悉常见的电路板设计软件，如CAD，Allium pads等； 4. 熟练掌握模拟电路和数字电路原理； 5. 具备良好的沟通和团队合作能力。 工作地点 湖北省武汉市江夏区高新大道438号2#1202 以担保或任何理由索要财物，扣押证照，均涉嫌违法。一经发现， 立即举报,"模拟电路,数字电路,PADS",http://www.zhaopin.com/jobdetail/CCL1478212540J41010665604.htm?refcode=4019&srccode=401901&preactionid=443cda3d-a533-4748-a248-cdb347c373e6
电子设计工程师,贵阳新天光电科技有限公司,8000-16000元,贵阳·乌当,广州,本科,5-10年,7月14日,zhilian,职位描述 设计 研发 测试 电气设计 仪器仪表 电子设备制造 专用设备制造 职位描述 1.开展市场调研工作，了解技术趋势和行业发展方向，为产品研发提供参考和借鉴； 2.协助技术负责人对新产品的开发与设计，产品改进的技术攻关； 3.按照公司产品研发计划，负责公司产品设计工作，确保研发工作按计划推进； 4.对产品制造过程提供生产技术服务，解决在生产过程中出现的各种问题，并对问题进行分析总结提出改进建议。对售前/售中/售后提供技术支持，解决用户在使用产品中遇到的难题。 5.对公司其它部门进行相关产品知识培训。 6.负责产品设计图纸等资料整理归档、标准化工作，负责专利申报。 任职要求 1.大学本科以上学历，精密仪器、测控技术、机械制造、机电等工科相关专业； 2.具有5年以上电子设计工作经验，较强的科研能力。 工作地点 贵阳市乌当区新光路九号 以担保或任何理由索要财物，扣押证照，均涉嫌违法。一经发现， 立即举报,"设计,研发,测试,电气设计",http://www.zhaopin.com/jobdetail/CC132523590J40823247111.htm?refcode=4019&srccode=401901&preactionid=b209d889-5bbc-4620-9905-29e00730206a
电子工程师,深圳玚弘科技有限公司,6000-10000元,深圳·福田·沙头,广州,大专,1-3年,8月23日,zhilian,"岗位职责： 1.结合IC参考原理图与产品实际需求，进行产品原理图的设计/审核； 2.进行产品效果测试，并将结果反馈给相关开发人员; 3.完成简单的软件配置，如量产烧录程序配置等； 4.处理已量产项目的相关工程客诉； 任职要求： 1.有一定的电子基础知识，具备焊接功底； 2.会使用万用表、示波器； 3.有良好的团队合作精神、沟通能力和上进心； **公司会根据 个人意愿与实际能力，进行工程能力的定向培养。 每日提供咖啡、茶水、零食饮料等供大家选用。 团建旅游：所有费用公司全包、不占用假期时间。 职位福利：五险一金、员工旅游、绩效奖金、年底双薪、加班补助 职位亮点：“弹性工作时间,早10晚7错开高峰” 工作地点 深圳福田区耀华创建大厦 以担保或任何理由索要财物，扣押证照，均涉嫌违法。一经发现， 立即举报","显示器件,芯片,电子设计",http://www.zhaopin.com/jobdetail/CCL1463318750J40476734506.htm?refcode=4019&srccode=401901&preactionid=b209d889-5bbc-4620-9905-29e00730206a
电子工程师,广东三雄极光照明股份有限公司,1.3-2万,广州·南沙·榄核,广州,本科,5-10年,6月11日,zhilian,岗位职责： 1.根据市场部或客户需求，进行产品经济性分析，同时对产品的性能可行性评估； 2.根据根据国标准要求拟定产品技术标准，制定产品设计方案及开发时间进度； 3.负责电源方案设计、物料选型确认、产品性能调试跟进确认及产品认证，按计划进行项目进度推进直至产品量产； 4.电源开发各节点评审把控：如导入评审、启动会、技术方案评审、手板评审、工艺评审、移交评审、试产总结； 5.负责电源开发或试产过程跟进、异常沟通处理，以及开发或试产问题点优化改善； 6.整理开发过程中问题点解决方案分享。 7.完成上级领导安排的产品开发任务（全新产品、产品改良、降本、性能优化工作）。 岗位要求： 1.大学本科及以上学历，电子电力类相关专业 2.5年以上电源产品开发工作经验，熟悉LED电源或者开关电源的常规拓扑结构及工作原理，如反激，正激，半桥等，能够独立完成300W内开关电源产品的设计与开发； 3.熟悉PCB设计流程及规范，有独立使用AD软件设计PCB经验； 4.熟练应用Altium Designer、AutoCAD、Office等软件进行电路和相关设计； 5.精通模电、数电及电力电子专业知识和设计原理，具备独立开发及领导研发项目开发能力； 6.熟悉相关行业标准及测试方法；熟悉国内CCC和CQC标准以及国外UL、CE等标准; 工作地点 广州南沙区广东三雄极光照明股份有限公司-南门 以担保或任何理由索要财物，扣押证照，均涉嫌违法。一经发现， 立即举报,"设计,研发,嵌入式硬件研发,电路设计,PCB设计,消费电子产品,LED,驱动电源,开关电源",http://www.zhaopin.com/jobdetail/CC416801120J40767404801.htm?refcode=4019&srccode=401901&preactionid=b209d889-5bbc-4620-9905-29e00730206a
电子工程师,芯知科技(江苏)有限公司,1-1.2万,惠州·惠城区·惠环街道,广州,大专,1-3年,7月3日,zhilian,职位描述 设计 消费电子产品 电路设计 电子板卡 计算机硬件 工作职责 1、硬件方案设计 (45) 负责全球TV产品的主控板设计开发，完成原理图设计及调试 负责显示器产品硬件方案设计、完成原理图设计及调试 2、整机集成与问题分析解决 (45) 负责跟进显示器产品集成、设计、开发、调试、认证等环节的硬件电子问题，解决设计、生产、售后过程中的问题 3、标准规范积累 (10) 参与公司新技术规划，方案实现评估等，参与硬件开发流程和设计标准规范的建设和推行 工作要求 1.教育背景: 电子、无线电、计算机等相关专业 2.经验要求: 具有2年以上显示器等电子板卡开发工作经验 3.专业知识: 熟悉模拟、数字电路设计 4.硬技能: 掌握 PADS 等EDA工具 5.软技能: 一定的跨部门协作，团队协作与沟通能力 6.其他要求: 开发过Monitor SOC方案优先 2年显示器等电子板卡开发工作经验 有消费类电子行业电子硬件类的就可以，学历没有局限，非统招大专及以上 工作地点 惠州惠城区TCL科技大厦 以担保或任何理由索要财物，扣押证照，均涉嫌违法。一经发现， 立即举报,"设计,消费电子产品,电路设计,电子板卡",http://www.zhaopin.com/jobdetail/CCL1469662620J40872124114.htm?refcode=4019&srccode=401901&preactionid=b209d889-5bbc-4620-9905-29e00730206a
电子研发工程师,浙江宙辉电器有限公司,1-1.8万,嘉兴·平湖市·独山港镇,广州,大专,1-3年,7月23日,zhilian,"岗位职责： 1.主导LED相关产品的硬件开发：负责LED驱动器、控制器、智能调光系统等产品的电路设计、仿真、PCB Layout及样机调试。 2.方案设计与选型：根据产品需求，完成关键元器件（如LED芯片、驱动IC、MOS管等）的选型、评估与验证。 3.原型制作与测试：搭建测试环境，完成样机的功能、性能、可靠性及安规测试，分析并解决测试中出现的技术问题。 4.设计文档撰写：输出规范的设计文档，包括原理图、设计说明、BOM清单、测试报告等。 5.技术支持与迭代：协同生产部门完成产品转产，提供技术支持；参与现有产品的优化与升级。 6.技术预研：跟踪业界新技术与发展趋势，参与前瞻性的技术研究和创新方案探索。 任职要求： 1.大专及以上学历，电子工程、通信工程、自动化等相关专业。 2.5年以上电子研发工作经验，其中至少2年LED驱动、LED控制或相关光电产品硬件开发。 3.精通模拟及数字电路设计，对开关电源拓扑（如Buck, Boost, Buck-Boost）、恒流控制有深入理解和实践经验。 4.熟练使用至少一种电路设计软件（如Altium Designer, Cadence, PADS）进行原理图和PCB设计，熟悉EMC/安规设计规范。 5.具备丰富的样机调试、问题分析与解决能力，熟练使用示波器、功率分析仪、电子负载等测试仪器。 优先考虑 ： 1.有智能照明（如DALI, Zigbee, Bluetooth Mesh）、舞台灯光、植物照明、UV LED、车载LED等项目经验者优先。 2.熟悉嵌入式系统，有单片机（如STM32, NXP, 51系列）外围电路设计或底层驱动调试经验者优先。 3.了解热设计、光学基础知识，能在设计中综合考虑电、热、光性能者优先。 工作地点 嘉兴平湖市浙江宙辉电器有限公司 以担保或任何理由索要财物，扣押证照，均涉嫌违法。一经发现， 立即举报","设计,研发,测试",http://www.zhaopin.com/jobdetail/CC542314520J40850927310.htm?refcode=4019&srccode=401901&preactionid=b209d889-5bbc-4620-9905-29e00730206a
pie工程师,天津盛辉企业管理咨询服务有限公司,8000-15000元,鹤壁·淇滨区,广州,大专,经验不限,6月11日,zhilian,职位描述 芯片 半导体 光通信 光电子 半导体/芯片 1、组织管理产品工艺标准、作业文件及技术规范的制定与更新，外来文件的转化与内部审核发放； 2、提供技术指导，解决生产重大异常、组织评估工艺制程能力，推动跨部门问题处理； 3、主导QCD改善，规划产能布局与设备配置，制定产品工时、提升生产效率降低生产成本； 4、负责新产品导入与管理，承接客户需求，完成前期评估设计改善，确保顺利量产； 5、实施部门管理与绩效考核、团队持续培训与人才梯队建设。 工作地点 鹤壁淇滨区延河路 以担保或任何理由索要财物，扣押证照，均涉嫌违法。一经发现， 立即举报 客户,"芯片,半导体,光通信,光电子",http://www.zhaopin.com/jobdetail/CCL1289385330J40866330609.htm?refcode=4019&srccode=401901&preactionid=b209d889-5bbc-4620-9905-29e00730206a
光电销售工程师,上海昊量光电设备有限公司,8000-15000元,上海·闵行·虹桥,广州,本科,经验不限,7月25日,zhilian,职位描述 光模块 激光器 光学仪器 光纤激光器 半导体激光器 固体激光器 电子 光电 物理 半导体/芯片 仪器仪表 职位描述： 1. 负责相关产品的市场调研与分析； 2. 负责相关产品的销售工作。 3. 负责相关产品的客户维护工作。 任职要求： 1.本科及以上理工科学历，有设备，拉曼光谱仪，仪器销售工作经验者优先； 2.电气/电子/自动化/通信/数学/计算机/机械等理工科专业优先，光/光机/光电等专业教育背景最佳； 3. 具有良好的表达、演讲及谈判能力； 4. 拥有坦诚的品格与认真负责的工作态度； 5. 拥有高度的工作热情、敬业负责精神和良好的团队合作大局观； 6.在校期间有辩论赛和演讲等经验优先； 7.具有良好的英语能力者优先。 薪资情况：较高稳定底薪+完善且可观的提成制度+其他奖金； 职业发展：可轮岗且晋升制度完善。 公司情况：行业内资深且持续发展快速的公司，离职率极低，每年超额完成预售目标。 公司官网：https://www.auniontech.com/； 公司氛围：轻松、互助、务实、奋斗，领导开明海纳百川，同事和谐互帮互助； 公司福利：全额社保，补充意外险，带薪年假及病假，配电脑、手机，公租房，体检，团建，旅游，节日礼物，下午茶歇等； 工作时间：做五休二，弹性工作； 休假情况：节假日总天数高于国家规定； 职位亮点：平等开放，收入稳定且可观，高新技术企业，有发展潜力。 工作地点 闵行区上海远中产业园四期-2号楼2层 以担保或任何理由索要财物，扣押证照，均涉嫌违法。一经发现， 立即举报,"光模块,激光器,光学仪器,光纤激光器,半导体激光器,固体激光器,电子,光电,物理",http://www.zhaopin.com/jobdetail/CC375905210J40832798701.htm?refcode=4019&srccode=401901&preactionid=b209d889-5bbc-4620-9905-29e00730206a
电子工程师,厦门光莆电子股份有限公司,1.5-2万,深圳·光明·光明街道,广州,本科,5-10年,7月2日,zhilian,岗位职责 1、 负责产品的硬件SCH及PCB设计工作，根据产品功能进行硬件选型，平衡产品功能、保障可靠性及并控制成本。 2、 与结构工程师配合对产品进行设计堆叠进行3D建模及工艺评估，确保产品ID的实现，根据板框及产品内部空间设计PCB并制作样品。 3、 与软件工程师，测试工程师等其他团队成员紧密合作，确保产品的整体性能和质量。 4、 负责产品的功能调试，编写测试计划并完成测试报告、编写认证资料、生产指导资料、整理项目资料并归档； 5、 熟练使用研发设备如台式电流表，示波器，直流功率分析仪等，有EMC，ESD整改经验，会使用电子仿真软件。 6、 检查负责产品中性包材的技术性信息； 7、 协助团队及工厂保障产品顺利导入生产，负责产品的维护及更新。 二、招聘要求 1. 本科及以上学历，电子、通信、计算机等相关专业。 2. 能独立绘制电路原理图及PCB，至少熟练使用一款EDA软件（如Cadence、PADS、AD等）绘制原理图和PCB布局； 熟练应用常用电子元器件，检索各种元器件材料。 3. 5年以上消费电子类产品相关工作经验，熟悉行业标准，熟悉安防UL217 / UL2034 / EN14604 / EN50291等标准，有报警器设计经验及EMC/ESD调试经验者优先。 4. 有一定的英语读写能力，能读懂英文资料。。 工作地点 深圳光明区灵星雨科技大厦 以担保或任何理由索要财物，扣押证照，均涉嫌违法。一经发现， 立即举报,"研发,消费电子产品",http://www.zhaopin.com/jobdetail/CC145146030J40872072210.htm?refcode=4019&srccode=401901&preactionid=b209d889-5bbc-4620-9905-29e00730206a
光学设计工程师,福建盈方光电科技有限公司,1-1.5万,厦门·同安·祥平,广州,本科,1-3年,7月22日,zhilian,职位描述 光模块 镜头 光学冷加工 量产 光通讯 半导体/芯片 岗位内容： 1. 设计、开发和优化光电子器件、系统和组件； 2. 从事产品整体设计，负责相关材料选型、工艺流程优化和检验标准的制定； 3. 从概念到原型验证，确保产品质量和性能达到预期目标。 任职要求： 1. 具备光电子相关领域本科及以上学位； 2. 精通光学设计软件 Zemax 或 Code V，掌握 Matlab 或 Python 编程语言 3. 有扎实的光学/激光基础知识，熟悉固体激光器件、激光测量、光纤通信等技术 4. 拥有相关产品的设计和开发经验，具备较好的团队沟通和合作能力。 工作地点 厦门市同安区双富南路文翔楼西北侧约250米 以担保或任何理由索要财物，扣押证照，均涉嫌违法。一经发现， 立即举报,"光模块,镜头,光学冷加工,量产,光通讯",http://www.zhaopin.com/jobdetail/CCL1238610190J41002277902.htm?refcode=4019&srccode=401901&preactionid=b209d889-5bbc-4620-9905-29e00730206a
电子工程师,深圳市中润光电技术有限公司,1-1.5万,惠州·惠城区·陈江街道,广州,本科,1-3年,7月14日,zhilian,岗位职责： 1.负责LED电路板（4、6层及以上）电路图绘制，LED驱动及电子元器件的测试，结果分析，报告提供； 2.协助LED显示屏的开发、设计和导入； 3.负责新产品新物料的样品、样机的试制、验证工作； 4.负责新产品的试制和验证过程中各种数据的记录、统计，整理和分析； 5.指导、监督生产线LED显示屏产品制程、工艺改善，处理生产及售后品质异常； 6.协助产品后续跟踪及改善。 任职要求： 1.本科以上学历，电子信息技术等相关专业毕业； 2.有LED电子显示屏从业经验者优先。 工作地点 惠州惠城区中南高科仲恺高端电子信息产业园 以担保或任何理由索要财物，扣押证照，均涉嫌违法。一经发现， 立即举报,研发,http://www.zhaopin.com/jobdetail/CCL1460361340J40869183009.htm?refcode=4019&srccode=401901&preactionid=b209d889-5bbc-4620-9905-29e00730206a
电子研发工程师,合肥安晶龙电子股份有限公司,1-2万,合肥·蜀山·高新区,广州,本科,1-3年,7月20日,zhilian,岗位职责 1、硬件方案设计：负责公司核心产品的硬件电路设计、元器件选型及方案验证。 2、原理图与PCB设计：独立完成原理图绘制，指导并检查PCB Layout设计，确保信号完整性及电磁兼容性（EMC）。 3、系统调试与测试：负责硬件单板调试、整机联调及可靠性测试，解决研发过程中出现的硬件故障（如时序、纹波、干扰等问题）。 4、文档与转产：编写硬件设计文档、测试用例及BOM清单，协助生产部门完成产品试产与量产导入。 5、技术攻关：参与团队技术预研，针对现有产品的硬件瓶颈提出优化方案并落地实施。 任职资格 （一）基本门槛 1、学历背景：统招本科及以上学历，985/211院校优先考虑； 2、专业要求：电子科学与技术、电子信息工程、微电子、通信工程、自动化、测控技术与仪器等相关专业； 3、经验要求（满足其一即可）： 本科：具备 2年以上 硬件研发相关工作经验（不含实习）； 硕士：经验不限（接受优秀应届毕业生，需在硕士期间有完整的课题或流片/板级项目经验）。 （二）硬核技能（必须项） 1、精通数模电基础知识，熟练掌握至少一种EDA设计工具（如Altium Designer、Cadence、PADS等）； 2、熟练使用示波器、频谱仪、信号发生器、万用表等常用测试仪器； 3、具备较强的动手能力（如QFN封装、0402阻容件），能独立完成调试工作。 （三）项目经验（核心竞争力） 1、需在简历中附上能体现个人技术深度的项目描述（如毕业设计、工作主导项目、竞赛作品等）。 2、我们重点关注你在项目中解决过的具体技术难题。 福利待遇： 1、八小时工作制、双休、法定节假日休息； 2、入职缴纳五险一金； 3、根据工作需要提供带薪培训，并根据绩效考核调整薪资级别； 4、公司提供较有竞争力的薪酬制度，基本工资+绩效工资+项目奖金+年终奖； 5、公司提供工作餐、各种节日福利、有丰富的部门活动等。 工作地点 蜀山区合肥高新区合欢路16号天怡新世纪商务中心 以担保或任何理由索要财物，扣押证照，均涉嫌违法。一经发现， 立即举报,研发,http://www.zhaopin.com/jobdetail/CC199412120J40854071704.htm?refcode=4019&srccode=401901&preactionid=b209d889-5bbc-4620-9905-29e00730206a
电子研发工程师,青岛海泰新光科技股份有限公司,1-1.8万·14薪,青岛·崂山·中韩,广州,本科,3-5年,7月23日,zhilian,岗位职责 1、开展临床需求调研、竞品分析，完成产品方案设计、需求规格书制定，负责整机系统架构设计，完成风险分析、FMEA 及方案评审。 2、负责高频逆变、功率放大、等离子激励、高压输出等核心硬件电路设计，完成安规防护、EMC 设计、PCB 设计、元器件选型及 BOM 编制。 3、进行嵌入式软件开发，实现功率闭环、等离子稳定控制、模式切换、人机交互及各类手术器械通讯联动控制。 4、负责整机结构、散热风道、内部布局及 EMC 屏蔽设计，满足医用设备装配、清洁维护及外观使用要求。 5、负责样机软硬件调试、问题排查，完成安规、EMC、可靠性、老化及器械匹配验证测试，输出完整测试报告。 6、严格遵循医械相关标准体系，编制 DHF 全套设计文档，配合第三方检测、体系审核及 NMPA 注册核查。 7、主导设计转产，输出生产工艺、SOP、检验规范，解决量产技术问题，优化产品良率成本，负责产品迭代与设计变更。 8、完成领导安排的其他工作。 任职要求 1、本科及以上，电子电气、生物医学工程、自动化等相关专业。 2、3 年及以上医用高频电源、电刀 / 等离子能量平台整机研发相关经验。 3、精通高频功率硬件电路设计，熟悉医疗安规、EMC 电磁兼容设计。 4、掌握嵌入式开发与能量控制算法，具备软硬件联调能力。 5、熟悉 医械体系及注册文档优先。 6、具备良好问题解决能力、沟通能力与项目执行力，工作严谨细致。 工作地点 海泰新光(东门)青岛市崂山区科苑纬四路100号 以担保或任何理由索要财物，扣押证照，均涉嫌违法。一经发现， 立即举报,医疗设备/器械/耗材,http://www.zhaopin.com/jobdetail/CC334562630J41002779202.htm?refcode=4019&srccode=401901&preactionid=b209d889-5bbc-4620-9905-29e00730206a
电子工程师,河北纽安美科技有限公司,8000-12000元,石家庄·裕华·宋营,广州,本科,经验不限,7月25日,zhilian,岗位职责 1、负责美容仪器 / 激光设备控制板硬件设计，包括原理图设计、PCB 设计、元器件选型、BOM 编制、打样与调试。 2、负责嵌入式软件程序开发，基于 STM32 等单片机完成固件编写、功能调试、参数校准、异常处理。 3、负责控制板与激光器、电源、驱动、显示、触摸、手具等模块的联调测试，保障整机稳定运行。 4、参与产品需求评审，根据功能需求输出硬件方案、软件架构、控制逻辑。 5、配合研发测试、生产、认证，解决EMC、安规、电气性能、老化、温升等问题。 6、负责样机调试、问题定位、bug 修复，输出调试记录、测试报告、版本说明。 7、支持生产导入，提供生产工艺、烧录程序、测试工装、作业指导书，解决量产技术问题。 8、编写和归档研发文档：原理图、PCB 文件、软件代码、规格书、测试规范等。 9、跟踪行业新技术、新器件，持续优化控制板成本、稳定性、可制造性。 二、任职要求 1、本科及以上学历，电子信息工程、自动化、嵌入式、机电一体化等相关专业。 2、1-3 年及以上电子硬件设计 + 嵌入式软件开发实战经验，有医疗 / 美容仪器 / 工控设备经验优先。 3、精通STM32 单片机开发，熟练使用 C 语言编程，熟悉 GPIO、ADC、UART、CAN、SPI、I2C 等外设驱动。 4、能独立完成硬件设计：会用 Altium Designer/PADS/KiCad 等画原理图与 PCB，懂元器件选型、滤波、安规、EMC。 5、熟悉电源电路、模拟电路、数字电路，能使用示波器、万用表、负载仪进行硬件调试与问题定位。 工作地点 石家庄裕华区国械堂产业园 以担保或任何理由索要财物，扣押证照，均涉嫌违法。一经发现， 立即举报,医疗电子产品,http://www.zhaopin.com/jobdetail/CC403681430J40714660801.htm?refcode=4019&srccode=401901&preactionid=b11b6ba0-58cb-4f4b-b1af-12a6e364675c
电子工程师,四川非凡网毅科技有限公司,5000-7000元,成都·双流·华阳,广州,大专,1-3年,12月15日,zhilian,岗位职责: 1.负责电子工程相关工作，确保项目按时完成； 2.与团队成员有效沟通，共同推进项目进度； 3.持续优化工作流程，提升工作效率。 任职要求: 1.具备出色的沟通能力，能够高效协调资源； 2.能够独立完成任务，对工作细节有高度关注； 3.具有良好的团队合作精神，能够适应快节奏的工作环境。 工作地点 成都双流区新川创新科技园五层 以担保或任何理由索要财物，扣押证照，均涉嫌违法。一经发现， 立即举报,"半导体/芯片,电子设备制造",http://www.zhaopin.com/jobdetail/CCL1413211970J40814582311.htm?refcode=4019&srccode=401901&preactionid=b11b6ba0-58cb-4f4b-b1af-12a6e364675c
光电设计师,仕贤科技,5000-7000元,西安·电子城,广州,本科,经验不限,8月5日,zhilian,岗位职责：主要负责进行光电类产品的研发、设计任务，并提供市场技术支持。 职位福利：绩效奖金、全勤奖、交通补助、餐补、定期体检、员工旅游、节日福利、采暖补贴 工作地点 西安市高新区电子西街3号，西京国际电气中心A511 以担保或任何理由索要财物，扣押证照，均涉嫌违法。一经发现， 立即举报,"光学,光学设计,光电,光学工程,光路设计",http://www.zhaopin.com/jobdetail/CC142772907J90250101000.htm?refcode=4019&srccode=401901&preactionid=b11b6ba0-58cb-4f4b-b1af-12a6e364675c
光学工程师,奥雷光电,1.5-3万·13薪,镇江·京口区·丁卯街道,广州,本科,1-3年,6月29日,zhilian,岗位职责: 1.负责产品研发过程中光路的设计及方案。 2.负责客户技术要求中光学器件专业的沟通、确认，提供产品方案。 3.负责产品立项论证中光路的设计及验证。 4.负责产品中光学器件部分的详细设计、BOM设计。 5.负责产品生命周期的光学器件技术状态的管控。 6.负责新品各阶段试制过程中的问题记录，跟踪解决。 7.针对新产品，参与立项评审，明确器件在产品中的技术定位，输出光器件选型/定制建议。 8.针对新市场，调研目标市场的光器件技术趋势，提供技术竞争力评估。 9.针对新技术，开展新技术预研，评估应用可行性。 10.针对客户技术答疑，提供书面答复或参与电话/现场交流。 11.协助市场推广，参与展会、研讨会的技术讲解。客户定制需求评估。 12.样品跟踪，支持新产品/新市场/新技术的光器件技术需求，配合市场部门提供光器件技术支撑。 13.负责新产品上线试制及小批量过程试制过程中技术问题的处理。 14.负责内外部质量问题在光器件设计、技术层面的分析及问题处理。 任职资格： 1.本科以上学历。 2.具备项目管理、光电子、微电子、光学专业知识、质里管控、设计软件、流程管理相关专业知识。 3.1-3年从事光电子、微电子、光学专业方面的经历。 4.具有较强的沟通能力、组织能力、协调能力、分析判断能力、逻辑推断能力、执行能力和学习能力。 奖金绩效 五险一金、带薪年假、补充医疗保险、年终奖金、定期体检、工作餐 工作地点 镇江市-京口区-潘宗路36号 以担保或任何理由索要财物，扣押证照，均涉嫌违法。一经发现， 立即举报,半导体/芯片,http://www.zhaopin.com/jobdetail/CC217740210J40862240912.htm?refcode=4019&srccode=401901&preactionid=b11b6ba0-58cb-4f4b-b1af-12a6e364675c
电子工程师,常州新思维电子股份有限公司,6000-10000元,常州·新北·三井,广州,本科,3-5年,7月8日,zhilian,岗位职责： 1、和客户沟通需求，根据公司技术需求，列出需求表。 2、样品制作并测试产品，满足客户需求。 3、分析、解决和报告关于产品的技术问题； 4、根据测试和市场反馈经验，提出改进方案，提高产品质量和性能。 任职要求： 1. 大专学历，电子工程、自动控制等相关专业； 2. 至少3年相关电子产品类工作经验，具有测试，分析解决问题能力； 3. 熟悉常见的软件，如CAD，word等； 4. 熟练掌握模拟电路和数字电路原理； 5. 具备良好的沟通和团队合作能力。 工作地点 常州新北区三井街道国家广告产业园区5号楼3楼 以担保或任何理由索要财物，扣押证照，均涉嫌违法。一经发现， 立即举报,"设计,测试,电路设计,PCB设计,工艺设计,电力电子产品,消费电子产品",http://www.zhaopin.com/jobdetail/CC709373980J40538808513.htm?refcode=4019&srccode=401901&preactionid=b11b6ba0-58cb-4f4b-b1af-12a6e364675c
光学设计工程师,曼德电子电器有限公司,8000-10000元·15薪,保定·莲池,广州,本科,经验不限,7月17日,zhilian,岗位职责： 1. 汽车车灯产品系统光学方案的制定以及论证技术方案的可行性 2. 灯具产品光学器件的设计、选型、验证及测试，并负责提供灯具系统或光学器件的模拟分析报告 3. 解决实际运用中的光学问题，负责光学器件的持续改进 4. 负责光学器件的开模技术沟通及样品确认 5. 负责光学产品图设计及技术文件的编制 6. 为其他部门提供技术支持工作 岗位要求： 1. 光学、光信息学、光电子学及相关专业，本科及以上学历 2. 光学理论基础知识扎实，熟悉光度学和色度学，了解各种照明光学的测试方法和要点 3. 熟悉光学元件常用的材料及工艺，根据设计要求能制定合适的方案，并有评估产品成本及方案可行性的能力 4. 从事照明光学设计工作一年及其以上优先 5. 有LED灯具光学器件成功开发经验，能熟练运用光学模拟软件进行一次或二次光学设计，了解各类形式的LED灯具结构，能够独立完成不同结构形式的LED灯具光学设计工作者优先 工作地点 保定莲池区曼德光电 以担保或任何理由索要财物，扣押证照，均涉嫌违法。一经发现， 立即举报,"光模块,光学仪器,照明产品,工艺设计,研发",http://www.zhaopin.com/jobdetail/CC816595720J40836756803.htm?refcode=4019&srccode=401901&preactionid=b11b6ba0-58cb-4f4b-b1af-12a6e364675c
光电工程师,深圳市新凯来技术有限公司,2-4万·14薪,深圳·龙岗·平湖,广州,本科,3-5年,3月20日,zhilian,岗位职责： 1、开展光电与激光领域的研究和开发，掌握光电与激光技术的最新发展动态，研究新的光电材料、激光晶体、光学镀膜、电光/声光/光电器件等； 2、设计光电与激光产品，包括激光器、光电器件、光电系统、光电传感器等，制定设计方案和技术规范，并进行实验验证； 3、负责光电与激光类产品的测试、装调与维护，保证产品的性能和可靠性； 4、参与项目的管理和组织，制定项目计划和进度，保证项目顺利进行； 5、参与光电与激光技术标准的制定和修订，推动激光和光电技术的标准化和规范化。 技能要求： 1、光电工程、电子工程、物理、微电子、光学等相关专业； 2、掌握数字信号处理、信号分析、自动化控制、光电设计、光电检测、优化算法等专业知识； 3、熟练掌握光电器件的原理、结构和制造工艺，了解光电传感器、光电系统的设计和应用，有常规光电器件、光电传感器、仪器仪表、激光器、光通信等项目开发经验； 3、熟练掌握常用的光电检测方法及成像器件原理（CCD/CMOS），掌握光电器件测试仪器和设备的使用； 4、熟悉C++、python或其他编程语言。 工作地点 龙岗区深圳市新凯来技术有限公司 以担保或任何理由索要财物，扣押证照，均涉嫌违法。一经发现， 立即举报,"研发,测试,光模块,激光器,光学仪器",http://www.zhaopin.com/jobdetail/CCL1362239030J40920664715.htm?refcode=4019&srccode=401901&preactionid=b11b6ba0-58cb-4f4b-b1af-12a6e364675c
电子研发工程师,辽阳鸿宇晶体有限公司,4000-6000元,辽阳·白塔区·武圣街道,广州,本科,1-3年,7月21日,zhilian,职位描述 设计 研发 电路设计 半导体/芯片 岗位内容： 1. 开发、实现和测试高性能的电子产品； 2. 监督和管理全面的产品生命周期，包括研发、测试、制造和售后支持； 3. 评估和解决产品的技术问题； 4. 提供可靠的技术支持给客户，以确保其满意度； 5. 推动不断改进流程，以提高产品质量和工作效率。 任职要求： 1. 本科以上学历，电子工程或相关领域； 2. 有电子产品研发经验优先； 3. 熟练掌握常见的电路板设计软件和仿真工具，如Altium、Cadence等； 4. 拥有扎实的电子产品制造和测试经验。 工作地点 辽阳白塔区西文化路20号 以担保或任何理由索要财物，扣押证照，均涉嫌违法。一经发现， 立即举报,"设计,研发,电路设计",http://www.zhaopin.com/jobdetail/CC326842030J40722096410.htm?refcode=4019&srccode=401901&preactionid=b11b6ba0-58cb-4f4b-b1af-12a6e364675c
电子技术员,杭州爱鸥光学科技有限公司,7000-10000元,上海·闵行·吴泾,广州,学历不限,1-3年,7月7日,zhilian,职位描述 阻容焊接 半导体/芯片 职责描述 1、 负责硬件单板功能、性能以及可靠性测试； 2、 负责生产相关文件的撰写； 3、 负责硬件测试过程部分器件、线束等焊接工作； 4、 与各相关部门沟通配合，保证项目的顺利实施； 任职要求 1. 中专及以上学历，有一到三年相关工作经验 2. 具有良好的板级调试和测试能力，熟悉电子测量设备的使用，例如示波器，万用表、频谱仪和电源等； 3. 具有良好的芯片和阻容焊接能力，实际操作经验，擅长熔接，点胶等技术 4. 具有一定的模拟电路和数字电路知识； 5. 具有较好的团队合作意识，能够积极主动的完成相关工作； 6. 具有光电行业相关经验者优先。 工作地点 上海闵行区杭州爱鸥光学科技有限公司 以担保或任何理由索要财物，扣押证照，均涉嫌违法。一经发现， 立即举报,阻容焊接,http://www.zhaopin.com/jobdetail/CCL1293931140J40860808711.htm?refcode=4019&srccode=401901&preactionid=b11b6ba0-58cb-4f4b-b1af-12a6e364675c
光学技术员/助理工程师,无锡班得精密技术有限公司,5000-7000元,无锡·新吴·新安,广州,大专,1-3年,7月14日,zhilian,职位描述 ZEMAX 镜头 光学仪器 激光器 测试 硬件测试 Zemax 固体激光器 仪器仪表 半导体/芯片 协助完成光学实验系统的搭建与维护，包括光源、透镜、镜片、探测器等光学元件的安装、调试与基础校准； 参与光学实验数据采集与记录，协助分析实验结果并整理报告； 负责实验室光学仪器（如激光器、光谱仪、显微镜等）的日常操作、保养及简单故障排查； 根据工艺要求，完成光学元件（如透镜、棱镜、滤光片等）的清洁、装配与检测工作； 遵守实验室安全规范，管理实验耗材与设备台账。 大专学历，光电技术应用、光电子技术、电子工程、机械设计与制造等相关专业； 无需经验，应届生可投，有实验室/实训室操作经验或光电类竞赛经历者优先； 核心技能要求： 了解基础光学知识（如光的反射、折射、透镜成像等）； 能看懂简单光路图，会使用千分尺、校准工具等基础仪器； 熟练使用Office软件整理数据，会基础CAD绘图更佳。 素质要求： 动手能力强，耐心细致，愿意从事重复性操作与记录工作； 具备团队协作意识，能接受工程师或主管的指导。 接触过Zemax、LightTools等光学软件，或LabVIEW、Python等工具； 有激光、光学、镜头组装等实操经验； 了解ISO质量管理体系或5S现场管理。 工作地点 无锡市-新吴区-菱湖大道97号 以担保或任何理由索要财物，扣押证照，均涉嫌违法。一经发现， 立即举报,"ZEMAX,镜头,光学仪器,激光器,测试,硬件测试,Zemax,固体激光器",http://www.zhaopin.com/jobdetail/CCL1390210700J40747623602.htm?refcode=4019&srccode=401901&preactionid=b11b6ba0-58cb-4f4b-b1af-12a6e364675c
电子工程师,北京工大亚芯光电科技有限公司,1.5-1.8万,天津·东丽·金桥,广州,本科,3-5年,6月1日,zhilian,岗位职责： 1、嵌入式控制系统软硬件开发，负责电子产品硬件电路设计、PCB绘制、样机调试与功能验证； 2、完成元器件选型、图纸及技术文档输出； 3、控制系统联调与测试，协同团队完成项目研发、试产与量产落地，处理硬件问题，优化产品性能； 4、配合客户解决产品现场硬件故障与技术支持。 （二）任职要求： 1、本科以上学历，电子、电气、自动化、机电等专业； 2、3年以上电子产品硬件研发工作经验； 3、熟悉嵌入式系统结构与工作原理； 4、熟练使用电路制图软件； 5、熟悉供电系统分析，掌握电气设备的选型和应用； 6、学习能力强，工作认真负责，具有较强的抗压、沟通与协调能力。 公司待遇： 1、入职上“五险一金”，按照实际工资缴纳，公积金缴纳比例12%； 2、年终奖、年休假、婚假、产假、抚恤假、过节费、司龄工资等多项职工福利。 工作地点 天津市东丽区通航路69号B3-06(北京工大亚芯天津分公司) 以担保或任何理由索要财物，扣押证照，均涉嫌违法。一经发现， 立即举报,"嵌入式控制系统软硬件开发,供电系统分析,元器件选型联调与测试",http://www.zhaopin.com/jobdetail/CCL1372142020J40866545114.htm?refcode=4019&srccode=401901&preactionid=b11b6ba0-58cb-4f4b-b1af-12a6e364675c
光电工程师,华惯科技有限公司,1-1.5万,长沙·开福·东风路,广州,硕士,经验不限,7月14日,zhilian,职位描述 研发 测试 半导体/芯片 专业要求：光电信息，电子科学与技术，光学 学历要求：硕士 岗位要求：1、开展光位移信号、光电反馈控制的调试实验，开展测试回路设计、光电信号处理等工作。2、针对加速度计等应用研究，设计精密位移信号和加速度信号检测电路并调试。3、检测光学芯片重复起支性能，协助完成光学芯片的清洗和制备。4、协助完成基于光镊的低频通信实验系统搭建及测试 工作地点 长沙开福区国防科大(公交站) 以担保或任何理由索要财物，扣押证照，均涉嫌违法。一经发现， 立即举报,"研发,测试",http://www.zhaopin.com/jobdetail/CC139385290J40679508509.htm?refcode=4019&srccode=401901&preactionid=b11b6ba0-58cb-4f4b-b1af-12a6e364675c
算法工程师,陕西远航光电有限责任公司,1.2-1.5万,西安·新城·长乐中路,广州,本科,经验不限,4月14日,zhilian,职位描述 视觉测量 电子电路基础元件/模组 工作职责： 1.主导计算机视觉、点云处理及多源数据融合算法的全流程开发，包含模型设计、性能优化及系统集成验证。 2.牵头制定算法研发技术路线与科研方向，推动前沿算法在光电子场景的创新落地。调优，保障系统的实时性与可靠性。 3.与C++开发团队深度协作，完成算法部署与端到端调优，保障系统的实时性与可靠性。 任职要求： 1.本科及以上学历，计算机、自动化、电子信息等相关专业，具备扎实的数学与算法基础。 2.精通计算机视觉(如目标检测、分割)、点云处理(如配准、重建)及多源数据融合技术，有实际项目经验。 3.熟悉至少一种深度学习框架(TensorFlow/PyTorch)，具备算法工程化能力，能独立完成模型部署与性能调优，团队解决技术问题。 4.具备良好的跨团队沟通能力，能高效协同C++开发团队解决技术问题。 5.有视觉测量经验的优先。 工作地点 陕西省西安市新城区长乐中路街道幸福中路125号 以担保或任何理由索要财物，扣押证照，均涉嫌违法。一经发现， 立即举报,视觉测量,http://www.zhaopin.com/jobdetail/CC551261730J40873990913.htm?refcode=4019&srccode=401901&preactionid=b11b6ba0-58cb-4f4b-b1af-12a6e364675c
半导体工艺工程师,芯恩(青岛)集成电路有限公司,1.5-3万·13薪,青岛·黄岛·红石崖,广州,本科,经验不限,7月22日,zhilian,岗位职责： 1. 负责制定和优化半导体光刻工艺流程，确保产品的制程质量和产能满足要求。 2. 进行工艺参数的调整和优化，提高产品品质和制程效率。 3. 跟踪和解决生产过程中的制程问题，包括光刻设备的误差修正、衬底处理、曝光和显影等。 4. 寻找和引入新的制程技术和工艺改进，提升产品的性能和竞争力。 5. 参与新产品的引进和制程转移，包括制程评估、工艺开发和制程验证等工作。 6. 协助制定和实施质量管理和控制措施，确保产品的一致性和可靠性。 7. 与设备工程师、生产人员和其他相关部门进行有效的沟通和协调，解决制程问题和提供技术支持。 岗位要求： 1. 本科及以上学历，半导体、光电子、电子工程或相关专业。 2. 具备半导体光刻工艺和制程的相关知识和经验。 3. 熟悉常见的光刻工艺设备，如曝光机、对准仪等，并具备相关操作和维护经验。 4. 熟悉光刻工艺流程和常见的光刻材料及其特性。 5. 具备良好的数据分析能力，能够准确判断制程参数对产品质量的影响。 6. 具备良好的问题解决能力和团队合作精神，能够与不同部门和人员进行有效的协调和合作。 7. 注重细节，有责任心和工作积极性，能够承受一定的工作压力。 工作地点 青岛黄岛区山王河路1088号 以担保或任何理由索要财物，扣押证照，均涉嫌违法。一经发现， 立即举报,光刻工艺,http://www.zhaopin.com/jobdetail/CC697011780J40481715403.htm?refcode=4019&srccode=401901&preactionid=b11b6ba0-58cb-4f4b-b1af-12a6e364675c
光电工程师（项目+年终+季度奖）,广州奥鑫通讯设备有限公司,8000-12000元·13薪,广州·从化·城郊,广州,本科,经验不限,7月25日,zhilian,岗位职责： 1、 收集和分析研发需求，进行新产品、新工艺、新设备的立项、设计并组织开发，推动技术升级； 2、 组织参与研发项目的方案设计、进度策划、评审、实施、改进； 3、 对所开发出来的新产品安排试验、试产，并进行跟踪，及时改进； 4、 协助营销及时跟进市场对公司产品的使用反馈情况，出现问题，及时解决； 5、 为研发项目提供技术支持。 6、 完成上级临时交付的其他工作 公司文化： ★购买广州市社保、住房公积金；每天上班7.5小时，实行大小周休息； ★公司提供免费的公寓化宿舍，配独立卫生间、独立工作桌，全天太阳能热水、百兆独享宽带； ★公司补贴饭餐15元/天；食堂提供各式花样就餐，自主消费； ★享受通讯、保密费等补贴；生日、节日发放礼物； ★转正后享受公司季度奖金；年底发放年终奖；项目奖、知识产权奖、项目津贴等 奖金绩效 季度奖、年终辛苦费、项目奖 工作地点 广州从化区吉祥一路5号 以担保或任何理由索要财物，扣押证照，均涉嫌违法。一经发现， 立即举报,"光模块,Zemax",http://www.zhaopin.com/jobdetail/CC144400640J00143014001.htm?refcode=4019&srccode=401901&preactionid=b11b6ba0-58cb-4f4b-b1af-12a6e364675c
电子工程师助理,天津瞭望光电科技有限公司,4000-7000元,天津·津南·双港,广州,大专,1-3年,5月16日,zhilian,岗位职责 样机制作，协调设计、工艺、生产等部门，确保样机按时完成并满足设计要求，及时解决样机制作过程中出现的技术和质量问题。 负责产品物料清单（BOM）的编制与维护，确保BOM表的准确性、完整性和及时更新，为生产、采购、销售等环节提供准确的物料信息。 二、任职要求 （一）教育背景 具备专科及以上学历，电子工程、机械工程等相关专业优先。 （二）工作经验 有电子制造业项目参与经验者优先； 了解电子元器件的性能，能读懂PCB电路图，对消费类电子产品有一定了解和爱好，了解CAD优先。 至少参与过2个以上完整的样机开发项目，熟悉样机制作的流程和要点，能够协调各方资源完成样机制作任务； 熟悉BOM表的编制流程和规范，有实际操作经验，能够熟练运用相关软件工具（如ERP系统、Excel等）进行BOM表的制作与管理。 （三）专业技能 具备扎实的电子基础知识、熟练的硬件和软件技能、良好的测试与验证能力，掌握办公软件（如Word、Excel、PowerPoint等），能够运用其进行项目文档的编写、数据处理与分析、汇报材料的制作等。 工作地点 天津津南区双港科技园区丽港园18号楼 以担保或任何理由索要财物，扣押证照，均涉嫌违法。一经发现， 立即举报,电力电子产品,http://www.zhaopin.com/jobdetail/CC630133730J40729758805.htm?refcode=4019&srccode=401901&preactionid=b11b6ba0-58cb-4f4b-b1af-12a6e364675c
光电通信+工程部主管+10K--15K+五险一金,江西威路科技有限公司,1.5-2万,南昌·新建·望城,广州,本科,5-10年,7月22日,zhilian,职位描述 光缆通信 负责通信行业光电无源器件相关产品的研发与技术支持，推动产品性能优化与技术创新。组织并管理工程团队，制定工程部计划并监督项目进度，确保按时高质量完成研发任务。协同市场与生产部门，推动新产品从设计到量产的顺利转化，并提升产品竞争力与技术水平。 任职要求:本科及以上学历，通信工程、光电信息、电子工程、5年以上通信行业研发或工程管理经验，具备光电无源器件领域背景者优先。熟悉光电无源器件的工作原理及应用，具备较强的技术分析与问题解决能力及良好的团队管理能力与跨部门协作能力，适应出差及高强度工作。 工作时间：8点至18点 做六休一薪资范围：10K--15K 具体面谈 工作地点 南昌新建区江西威路科技有限公司 以担保或任何理由索要财物，扣押证照，均涉嫌违法。一经发现， 立即举报,光缆通信,http://www.zhaopin.com/jobdetail/CC413403530J40860204911.htm?refcode=4019&srccode=401901&preactionid=a37aabee-be78-4a7b-baf8-87acd1daefd1
激光研发工程师,福州多谱光电科技有限公司,1.5-2万·13薪,福州·闽侯·上街,广州,本科,3-5年,7月23日,zhilian,岗位职责： 1、负责固体激光器的开发与改进，保障产品的开发和质量改善快速落地，提升产品的性能与市场竞争力，满足激光器的工程化和应用需求。 2、改善产品的制作工艺，为工艺改进落地提供支撑，提升产品性能质量和可靠性；解决生产过程中出现的技术问题。 3、根据相关设计方案，进行原理验证，调试原理样机，提出改进意见 开发数据，可交付的原理样机。 4、根据产品工程化要求，相关的技术文件编写工作。 任职要求： 1、本科及以上学历，光学工程、光信息科学与技术、光电子、物理学、激光等相关专业毕业； 2、掌握产品的开发流程和工程化流程，掌握规范的项目管理方法。掌握谐振腔设计，固体激光器的设计开发。 3、光机电软件均有一定的了解，能够统筹协调整个激光器系统的工作。 4、较强的英文技术资料阅读能力，基本的英文交流能力，发现问题、分析问题和独立解决问题并提出预防改进方案的能力。 5、具备良好的工作责任心、较强的学习能力和沟通能力，拥有严密的逻辑性，具备保密意识，良好的团队合作能力。 工作地点 福州闽都创新实验室3号楼闽侯县上街镇高新大道32-1号光电产业基地C区3#楼905室 以担保或任何理由索要财物，扣押证照，均涉嫌违法。一经发现， 立即举报,"激光设计,光学系统设计",http://www.zhaopin.com/jobdetail/CCL1491865220J40688261909.htm?refcode=4019&srccode=401901&preactionid=a37aabee-be78-4a7b-baf8-87acd1daefd1
电子工程师,深圳市玉龙腾通讯科技有限公司,8000-10000元,深圳·龙岗·平湖,广州,大专,1-3年,6月25日,zhilian,岗位职责： 1.按客户要求设计产品，（如输入输出参数，外型尺寸大小，相关产品认证要求）； 2.设计产品PCB，原理图，产品BOM，产品其他元器件资料； 3.安排样品制作，测试，调试，确认无误后，制作相关产品的承认规格书，送客户确认，或需要送相关认证检验机构测试； 4.元器件的确认承认； 5.安排生产作业指导书的制作； 6.产品批量生产过程中的相关测试夹具的制作，检测要求标准的制定，生产关键工位的注意事项，产品不良品分析与改善，维修人员的维修指导； 7.品质部相关检验标准与要求的制定； 8.客户需要相关的文件和要求的回复，客诉异常的分析回复改善； 9.PCB开发、布板、首测和改版、打样； 10.首件测试； 11.选用零配件、元器件； 12.电子类BOM更新，下发与确认； 13.特殊元器件寻找打样、测试。 任职要求： 1.大专或以上学历； 2.熟练使用CAD，Altium Designer 10等专业软件； 3.有两年相关工作经验以上。 职位福利：社保五险、包住、带薪年假、节日福利、全勤奖 工作地点 深圳市龙岗区平湖街道辅城坳凤岐路51号三楼 以担保或任何理由索要财物，扣押证照，均涉嫌违法。一经发现， 立即举报,消费电子产品,http://www.zhaopin.com/jobdetail/CC184844910J40897312912.htm?refcode=4019&srccode=401901&preactionid=a37aabee-be78-4a7b-baf8-87acd1daefd1
研发工程师,合肥晶浦传感科技有限公司,1-1.6万,合肥·肥西,广州,本科,3-5年,7月8日,zhilian,职位描述 医疗电子产品 研发 通信/网络设备 1.本科211及以上学历，电子科学与技术、机械设计制造、测控技术等相关专业； 2.可独立完成产品方案设计、结构设计、电路匹配，具备新品研发、打样、试产到量产全流程跟进能力； 3.熟悉产品全工艺流程，能分析制程不良、参数异常等问题，落地工艺改善；熟练制定可靠性测试方案，具备失效分析、根因定位与闭环； 5.具备优先的抗压能力与项目管理素质，能同时推进多个研发项目，合理规划进度、管控风险，确保项目按节点高质量交付； 6.具备持续学习与行业洞察能力，主动跟踪产品行业的前沿技术、市场趋势与标准更新，能快速的学习并应用新技术、新工艺到研发技术中； 7.做事严谨细致、逻辑清晰，具备良好的跨部门沟通协作能力，有家电、汽车、锂电、储能行业NTC研发经验优先。 工作地点 金徽光电产业园合肥市肥西县肥西经开区运河产投光电产业园陈郢路2号楼4楼 以担保或任何理由索要财物，扣押证照，均涉嫌违法。一经发现， 立即举报,"医疗电子产品,研发",http://www.zhaopin.com/jobdetail/CC293311130J40951270215.htm?refcode=4019&srccode=401901&preactionid=a37aabee-be78-4a7b-baf8-87acd1daefd1
系统集成工程师（光电/雷达/通信方向）,沈阳润辰科技有限公司,9000-15000元,沈阳·皇姑,广州,本科,5-10年,7月14日,zhilian,岗位职责 1、负责系统集成方案设计与落地，涵盖光电设备、各体制雷达、无线电侦测与测向、监测传感器等硬件系统，以及多源软件平台的深度整合。 2、主导软件多系统集成，打通独立子系统，完成数据融合、接口定义、协议转换与业务流程联动。 3、编制系统集成总体技术方案、接口控制文件及测试验收大纲，组织软硬件联调联试，解决异厂家设备间的兼容性、时序配合、通信异常等疑难问题。 4、负责项目全周期管理，协调硬件厂商、软件开发团队、工程实施方及客户，把控进度、成本、质量与风险，确保多系统集成项目按期高质量交付。 5、指导并参与海上/岸基/船载现场的硬件安装部署与调测，包括雷达天线、光电转台、技侦天线、传感器等设备的就位标校、网络规划与系统开通。 6、需求分析、现场勘查、技术方案编写和演示汇报，提供专业集成技术支撑。 --- 任职要求 1. 学历专业 统招本科及以上学历，电子信息工程、通信工程、雷达工程、光电信息科学与工程、计算机等相关专业。 2. 经验背景 5年以上雷达/光电/无线电探测、系统集成、硬件测试或设备联调等相关经验，具有防务、系统集成或大型物联网系统集成项目落地经验者优先。 3. 硬件与网络能力 · 熟悉雷达、光电、通信中至少1-2个领域的产品原理及关键指标，能参与产品性能评估； · 熟悉以太网通讯及常见工业协议，具备交换机、服务器、工控机等IT设备选型和基础调试能力； · 理解软硬件接口协议，具有模块对接、数据联通及基础故障定位能力。 4. 需求转化与技术文档能力 具备将客户需求转化为可执行技术指标的能力，能独立或协作完成技术规格书、测试报告及集成方案，逻辑思维清晰。 5. 综合素质 跨团队沟通协调能力良好，能适应多项目并行节奏，工作严谨负责，可接受短期出差。 --- 加分项 · 持有系统集成项目管理工程师、PMP等相关认证 · 了解质量管理体系GJB标准 · 985/211优先 工作地点 沈阳皇姑区中海盛京府-63栋1单元701 以担保或任何理由索要财物，扣押证照，均涉嫌违法。一经发现， 立即举报,"C++,边海防",http://www.zhaopin.com/jobdetail/CC283280380J40827190816.htm?refcode=4019&srccode=401901&preactionid=a37aabee-be78-4a7b-baf8-87acd1daefd1
电子工程师,广州川普人力资源有限公司,3-5万·15薪,上海·长宁·华阳路,广州,本科,5-10年,7月23日,zhilian,职位描述 硬件设计 电子电路 高级电子工程师 职位介绍 1、完成硬件设计，如器件选型、原理图设计、电路仿真、DFMEA、设计文档编写等工作。 2、制定硬件测试方案，调试解决硬件问题。 3、审查其他工程师的原理图、PCB等硬件设计文件，参与硬件评审。 职位要求： 1、电子工程等相关专业，本科及以上学历，硕士优先。 2、具有较强的思维分析能力，善于从基础的物理原理上透彻地分析电路，并指导自己的设计方向。 3、具有较强的逻辑思维和条理性思维，善于设计科学而系统的实验验证电路系统的性能，一步一步排查电路的问题。 4、在以下至少一个领域内有丰富的经验：模拟电路，数字电路，电路降噪，带宽设计，信号处理，电源设计，信号完整性。 5、具有较好的动手能力，能熟练使用示波器，稳压电源，万用表，波形发生器等仪器。热爱动手做电路实验。 6、深度参与过某量产产品的硬件设计，有汽车电子产品开发经验优先。 7、极强的责任心，上进心，以及自我推动的能力 8、对自然科学，工程技术的好奇心是极大的加分项。有业余时间电路开发经历者优先。 工作地点 上海长宁区春秋国际大厦1024 以担保或任何理由索要财物，扣押证照，均涉嫌违法。一经发现， 立即举报,"硬件设计,电子电路",http://www.zhaopin.com/jobdetail/CC334816580J40811992316.htm?refcode=4019&srccode=401901&preactionid=a37aabee-be78-4a7b-baf8-87acd1daefd1
光电工程师,深圳市新凯来技术有限公司,2-4万·15薪,深圳·龙岗·平湖,广州,本科,经验不限,6月25日,zhilian,岗位职责： 1、开展光电与激光领域的研究和开发，掌握光电与激光技术的最新发展动态，研究新的光电材料、激光晶体、光学镀膜、电光/声光/光电器件等； 2、设计光电与激光产品，包括激光器、光电器件、光电系统、光电传感器等，制定设计方案和技术规范，并进行实验验证； 3、负责光电与激光类产品的测试、装调与维护，保证产品的性能和可靠性； 4、参与项目的管理和组织，制定项目计划和进度，保证项目顺利进行； 5、参与光电与激光技术标准的制定和修订，推动激光和光电技术的标准化和规范化。 岗位要求： 1、光电工程、电子工程、物理、微电子、光学等相关专业； 2、掌握数字信号处理、信号分析、自动化控制、光电设计、光电检测、优化算法等专业知识； 3、熟练掌握光电器件的原理、结构和制造工艺，了解光电传感器、光电系统的设计和应用，有常规光电器件、光电传感器、仪器仪表、激光器、光通信等项目开发经验； 4、有光通信器件的设计、测试相关理论基础；能熟练使用仿真工具进行光电链路仿真设计；熟练掌握常用的光电检测方法及成像器件原理，掌握光电器件测试仪器和设备的使用； 5、熟悉C++、python中的至少一种编程语言。 工作地点 深圳龙岗区新凯来园区 以担保或任何理由索要财物，扣押证照，均涉嫌违法。一经发现， 立即举报,"激光,激光系统,光电传感系统",http://www.zhaopin.com/jobdetail/CCL1362239030J40887737215.htm?refcode=4019&srccode=401901&preactionid=a37aabee-be78-4a7b-baf8-87acd1daefd1
光电技术工程师（激光光电）,成都恒安警用装备制造有限公司,1-2万·13薪,成都·双流·黄甲,广州,本科,3-5年,9月25日,zhilian,"岗位职责： 1）负责激光器产品驱动和控制电源的设计，精密控制，光电信号检测与放大电路设计； 2）协助参与电子元器件的选型、原理图设计、电路调试； 3）负责编制产品开发过程文件，包括电路系统方案、调试和测试文档、工艺文件； 4）优化电路设计，降低成本，满足最优需求和提高产品质量。 2.任职要求： 1）本科及以上学历，光电技术/工程、电子信息、光学技术类相关专业； 2）具备良好的模拟/数字电路基础和基本的光学原理，熟悉数字电路设计、仿真、性能测试，能熟练使用结构设计及光学设计相关软件，熟悉激光器、光学元器件、振镜、运动控制、视觉定位、激光控制工作原理，能进行准确选型及完成相关调试,动手能力强； 3）工作严谨仔细，系统分析和思维能力强，良好的沟通与学习能力。熟悉GJB产品开发流程与体系优先； 4）三年以上光电行业产品开发设计工作经验，有精密光学、激光光电子行业产品开发设计工作经验优先； 职位福利：五险一金、绩效奖金、弹性工作、提供食宿、节日福利、培训学习、员工慰问 奖金绩效 项目奖金 工作地点 双流区成都恒安军警装备研发制造基地(腾飞二路) 以担保或任何理由索要财物，扣押证照，均涉嫌违法。一经发现， 立即举报","光学设计,光速跟瞄,光学镜头,镜头,光模块",http://www.zhaopin.com/jobdetail/CC180296710J40374346308.htm?refcode=4019&srccode=401901&preactionid=a37aabee-be78-4a7b-baf8-87acd1daefd1
电子工程师,武汉谱元光电仪器有限公司,6000-12000元,武汉·江夏·豹澥,广州,本科,1-3年,7月6日,zhilian,岗位职责 1、负责电子电路设计、完成器件选型和结构设计、电路（原理图和PCB）方案设计以及电路开发调试； 2、负责解决产品开发过程中出现的技术难题； 3、负责编写硬件调试程序，测试硬件设备，确保其按设计要求正常运行； 4、根据市场和用户要求，参与提出提高产品质量、性能的相关工作； 5、配合部门领导、其他工程师完成产品整体设计工作； 6、产品维护及其他公司安排的工作。 任职要求： 1、本科学历及以上， 通信、电子工程、自动化相关专业，2年以上电子硬件设计或相关工作经验； 2、至少熟练使用一款单片机，并基于此单片机软件编程；了解TI-DSP、51系列单片机、FPGA、CPLD等芯片相关信息者优先考虑； 3、熟练掌握数字电路、模拟电路，具有元器件选型及评估能力； 4、熟悉C语言编程优先考虑； 5、熟悉电子电路的原理设计、PCB设计，有使用AltiumDesigner软件开发经验； 6、熟练使用各类电子测试仪表，熟悉电子电路的调试方法和工具； 7、具有英文资料查看能力，有较强的学习、沟通能力； 善于学习新技术； 8、勤奋踏实，有良好的团队合作精神。 工作地点 武汉江夏区中科开物产业园 以担保或任何理由索要财物，扣押证照，均涉嫌违法。一经发现， 立即举报,"研发,测试,设计,工艺设计,电路设计,PCB设计",http://www.zhaopin.com/jobdetail/CCL1492563660J40850515703.htm?refcode=4019&srccode=401901&preactionid=a37aabee-be78-4a7b-baf8-87acd1daefd1
光通信研发负责人,福建兆元光电有限公司,8-13万·13薪,深圳·光明·凤凰,广州,本科,5-10年,7月24日,zhilian,岗位职责： 1、主导Micro-LED光通信产品（含芯片封装、模组集成）新厂的整体规划，包括厂房设计、工艺布局、产能规划 2、协助核心设备选型（如Micro-LED巨量转移设备、光通信测试系统）与工艺导入（如硅基驱动与GaN芯片键合、光学封装），推动自动化与智能化产线落地。 3、统筹量产爬坡计划，解决Micro-LED光通信模组的量产问题（如光功率一致性、调制速率稳定性、可靠性），建立SOP与质量管控体系。 4、协同光通信研发、市场及供应链部门，实现新产品（如VLC通信模组、高速光互连模块）快速量产导入。 5、规划工厂技术升级路径，保障工厂长期竞争力。 任职要求： 1、光学工程、半导体物理、微电子学或相关专业，10年以上半导体显示/光通信行业经验，5年以上Micro-LED或光电子器件建厂/量产管理经验，主导过至少1条Micro-LED相关产线建设。 2、深入掌握Micro-LED芯片前后道制程（如硅基驱动、GaN芯片键合、巨量转移）、光通信模组工艺（如光学封装、调制速率校准）及测试标准。 3、熟悉项目管理，擅长跨部门协调与资源统筹，能快速解决量产技术问题（如Micro-LED光功率不均、调制失真）。 4、具备高强度工作适应能力。 工作地点 深圳光明区TCL华星光电技术有限公司 以担保或任何理由索要财物，扣押证照，均涉嫌违法。一经发现， 立即举报,光通信,http://www.zhaopin.com/jobdetail/CC409606310J40780044506.htm?refcode=4019&srccode=401901&preactionid=a37aabee-be78-4a7b-baf8-87acd1daefd1
光学工程师,苏州光格科技股份有限公司,2-3.5万,苏州·虎丘,广州,硕士,经验不限,7月21日,zhilian,岗位职责 1、依据产品功能需求，进行光学器件的选型和总体方案评估； 2、承担产品光学系统设计，并对硬件、软件提出需求； 3、指导光学工程师进行光学系统调试。 岗位要求 1、统招硕士以上学历，光学工程、光电子技术等相关专业，光栅、BOTDA、分布式光纤传感（温度、振动方向）等研究方向 2、有光学基础，熟悉光纤光学、光纤传感器技术； 3、熟悉光纤有源、无源器件的应用和测试； 4、熟悉光学设计软件的应用； 5、有光纤类器件开发经验者优先； 6、有光纤传感器开发经验者优先； 7、有光电仪器或测控类仪器开发经验者优先考虑； 工作地点 虎丘区苏州工业园区东平街270号澳洋大厦3层3D 以担保或任何理由索要财物，扣押证照，均涉嫌违法。一经发现， 立即举报,"光纤传感,光栅",http://www.zhaopin.com/jobdetail/CC342310110J40755875006.htm?refcode=4019&srccode=401901&preactionid=a37aabee-be78-4a7b-baf8-87acd1daefd1
光学设备工程师,吉林省金智信息技术有限公司,4000-8000元,长春·二道·东方广场,广州,本科,经验不限,7月17日,zhilian,职位描述 研发 测试 软件研发 硬件研发 光学仪器 激光器 激光雷达 计算机硬件 半导体/芯片 电子设备制造 岗位内容： 1. 设计、开发和优化激光/光电子器件、系统和组件 2. 进行激光技术的仿真、模拟和验证 3. 开展激光光学原理研究，提升产品性能和技术水平 任职要求： 1. 具备激光/光电子相关领域本科及以上学位 2. 精通光学设计软件 Zemax 或 Code V，掌握 Matlab 或 Python 编程语言 3. 有扎实的光学/激光基础知识，熟悉固体激光器件、激光测量、光纤通信等技术 4. 拥有相关产品的设计和开发经验，具备较好的团队沟通和合作能力 工作地点 二道区长春光电信息产业基地 以担保或任何理由索要财物，扣押证照，均涉嫌违法。一经发现， 立即举报,"研发,测试,软件研发,硬件研发,光学仪器,激光器,激光雷达",http://www.zhaopin.com/jobdetail/CCL1500149740J40832908905.htm?refcode=4019&srccode=401901&preactionid=a37aabee-be78-4a7b-baf8-87acd1daefd1
光电芯片产线操作员,天津芯擎科技有限公司,3000-5000元,天津·滨海新区·北塘,广州,大专,经验不限,7月21日,zhilian,职位描述 通信芯片 性能测试 一、工作内容 1. 按芯片测试规范，完成晶圆测试（CP）/成品测试（FT） 等产线质量检测。 2. 操作测试机台、探针台、分选机，执行上电、功能、电性、可靠性测试。 3. 监控产线测试数据、良率、不良现象，及时上报异常、宕机、超标问题。 4. 对不良芯片进行标识、隔离、追溯，配合工程师做不良分析。 5. 填写测试报表、SPC数据、检验记录，保证数据真实可追溯。 6. 负责设备日常点检、治具保养、现场5S与安全规范。 二、任职要求 1. 学历：大专及以上，电子、机电、微电子、半导体相关专业优先。 2. 经验：有芯片/半导体/封测厂产线测试、质检、CP/FT测试经验优先； 3. 技能：了解基本电学知识，能看懂简单电路图、测试SOP； 会电脑操作，能录入数据、查看测试报表； 工作地点 天津市-滨海新区永盛路209号 以担保或任何理由索要财物，扣押证照，均涉嫌违法。一经发现， 立即举报,"通信芯片,性能测试",http://www.zhaopin.com/jobdetail/CCL1301222750J40786945506.htm?refcode=4019&srccode=401901&preactionid=a37aabee-be78-4a7b-baf8-87acd1daefd1
光学工程师,山东志盈医学科技有限公司,1-1.6万,济南·历城·唐冶,广州,本科,3-5年,6月26日,zhilian,岗位职责： 1.进行光路设计，根据设计内容进行光学元器件选型工作，如物镜，管镜，光源等 2.进行光路部分工艺矫正 3.对选型的光学元器件出具检验标准文档等 4.配合完成其他工作 1.本科以上学历，有较强的责任意识和学习能力； 2.较强的动手能力，能够独立进行研发试验 任职要求； 1、学历要求：光学工程、应用物理、光电子学、光学设计等相关专业本科及以上学历，硕士优先。 2、工作经验：具有3-5年以上光学设计、光学系统研发经验（根据实际情况填写经验年限）。 3、技术能力： -熟悉光学原理，精通几何光学、物理光学及相关知识； -熟练使用光学设计软件（如 Zemax、Code V、TracePro 等）进行光学系统设计和仿真； -具备光学仪器装调、测试和问题分析的能力，熟悉常用的光学检测仪器（如干涉仪、光谱仪等）。 4、软硬件知识：了解光学系统与电子、机械设计的接口要求，能够与多学科团队协同工作。 5、创新能力：具有较强的创新思维和问题解决能力，能够主动探索新技术并应用到产品中。 6、语言能力：具备良好的英语阅读和写作能力，能够阅读英文文献和技术资料。 7、个人素质： 具有良好的沟通能力和团队合作精神； 细致严谨，有较强的责任心和抗压能力； 工作主动性强，能够独立完成项目。 工作地点 济南历城区唐冶中路与敬德街交叉口西北200米 以担保或任何理由索要财物，扣押证照，均涉嫌违法。一经发现， 立即举报,"镜头,显微镜光学,显微镜成像",http://www.zhaopin.com/jobdetail/CC854883470J40624641803.htm?refcode=4019&srccode=401901&preactionid=a37aabee-be78-4a7b-baf8-87acd1daefd1
光学设计工程师,曼德电子电器有限公司,8000-15000元·15薪,保定·莲池,广州,本科,1-3年,6月29日,zhilian,岗位职责： 1. 汽车车灯产品系统光学方案的制定以及论证技术方案的可行性 2. 灯具产品光学器件的设计、选型、验证及测试，并负责提供灯具系统或光学器件的模拟分析报告 3. 解决实际运用中的光学问题，负责光学器件的持续改进 4. 负责光学器件的开模技术沟通及样品确认 5. 负责光学产品图设计及技术文件的编制 6. 为其他部门提供技术支持工作 岗位要求： 1. 光学、光信息学、光电子学及相关专业，本科及以上学历 2. 光学理论基础知识扎实，熟悉光度学和色度学，了解各种照明光学的测试方法和要点 3. 熟悉光学元件常用的材料及工艺，根据设计要求能制定合适的方案，并有评估产品成本及方案可行性的能力 4. 从事照明光学设计工作一年及其以上优先 5. 有LED灯具光学器件成功开发经验，能熟练运用光学模拟软件进行一次或二次光学设计，了解各类形式的LED灯具结构，能够独立完成不同结构形式的LED灯具光学设计工作者优先 工作地点 保定莲池区曼德光电 以担保或任何理由索要财物，扣押证照，均涉嫌违法。一经发现， 立即举报,"光模块,光学仪器,照明产品,工艺设计,研发",http://www.zhaopin.com/jobdetail/CC816595720J40805722803.htm?refcode=4019&srccode=401901&preactionid=a37aabee-be78-4a7b-baf8-87acd1daefd1
光谱/光学研发工程师,上海尤谱光电科技有限公司,1.3-2.3万,上海·普陀·桃浦,广州,硕士,经验不限,7月17日,zhilian,"岗位职责 负责光谱类仪器（含光栅光谱仪、拉曼光谱仪、极紫外光谱仪等）的核心研发工作，包括光学系统设计、光路搭建与精密装调，确保光谱分辨率、信噪比及稳定性达到技术指标要求。 主导光谱检测技术的研发与优化，涵盖光电信号采集、噪声处理、检测算法开发及整机调试，解决研发过程中的核心技术难题。 负责光学元件（光栅、探测器、光源等）的选型、测试与验证，配合供应链完成核心部件的技术对接，保障研发进度。 完成样机试制、性能测试、实验验证及问题整改，输出完整的研发文档、技术规范及测试报告。 跟踪国内外光谱技术前沿动态，参与新技术、新方案的预研与落地，推动产品迭代升级。 任职要求： 1. 学历与专业 本科及以上学历，光学、光电信息科学与工程、物理、等相关专业；硕士及以上学历、有光谱仪器研发经验者优先。 2. 工作经验 1-5年光谱仪器研发相关工作经验，熟悉光谱检测原理与仪器开发流程；应届生可投递（优秀应届生可放宽经验要求，公司提供专项带教）。 具备以下经验者优先：有光栅光谱仪、拉曼光谱仪等相关产品研发经验；熟悉qCMOS,IsCMOS、InGaAs等探测器应用；掌握光学设计与调试技巧。 3. 专业技能 精通光谱学基础（吸收光谱、发射光谱、拉曼光谱等），熟悉光学系统设计原理，能熟练使用Zemax、LightTools等光学设计软件。 掌握光电传感技术，了解光源、光栅、探测器等核心部件的工作机制，具备信号处理、硬件调试相关能力。 工作地点 上海普陀区耀光中环国际广场-A座 以担保或任何理由索要财物，扣押证照，均涉嫌违法。一经发现， 立即举报",光学仪器,http://www.zhaopin.com/jobdetail/CC816512570J40752752316.htm?refcode=4019&srccode=401901&preactionid=a37aabee-be78-4a7b-baf8-87acd1daefd1
光学工程师,徐州光引科技发展有限公司,2-4万,上海·浦东·张江,广州,本科,3-5年,7月10日,zhilian,岗位职责 1、光谱检测光路整体设计，闭环验证与优化（核心工作） 根据工业检测、环境监测、精密传感等终端产品需求，独立完成光谱检测光路系统方案设计、闭环验证、迭代优化、小型化设计，适配微型光谱仪、光谱传感模组等核心产品形态，平衡产品性能、体积、成本及量产可行性。 2、光学系统仿真与方案迭代 独立使用专业光学仿真工具完成光路建模、光学仿真、性能分析与误差预判，针对光谱信噪比、检测精度、光效利用率、杂散光抑制等核心指标进行专项优化，输出标准化光学设计方案、仿真报告、技术参数规范。 3、光电子元器件选型与评估 基于产品光学方案需求，独立完成各类光电器件的选型、对比测试与性能评估，涵盖光源、光电探测器、滤光器件、光学镜头、光纤及配套光电元器件，结合电路、结构、量产工艺完成选型决策，输出器件选型清单、测试报告及适配方案。 4、光学方案落地验证与闭环迭代 独立搭建光学测试、标定、验证平台，完成光路方案原型验证、性能测试、可靠性验证，定位光学系统问题并完成迭代优化，实现从需求到设计、仿真、验证、落地的全流程工作闭环，支撑产品预研原型开发与量产版本优化迭代。 5、跨部门协同与技术沉淀 协同电路信号、结构、嵌入式、量产工程团队，完成光电系统联调、整机适配、量产工艺导入；沉淀光学设计规范、测试标准、器件选型库，搭建产品线光学核心技术体系，配合完成技术专利、技术文档输出。 二、任职要求 1、专业背景 光学工程、光电信息科学与工程、精密仪器、物理光学等相关专业，本科及以上学历，3年及以上光谱、光电传感、光学仪器行业研发经验。 2、核心硬性能力（必须具备） • 具备独立光谱光路系统设计、仿真、优化能力，可独立输出完整光学方案，熟练使用Zemax、CodeV、LightTools等任意一款主流光学仿真软件； • 具备独立光学方案验证能力，可自主搭建测试平台、设计验证实验、分析测试数据、解决光学系统缺陷，完成技术闭环； • 具备成熟的光电子元器件选型、测试、适配能力，熟悉各类光电元器件参数特性，可结合产品需求完成最优选型与方案适配； • 熟悉光谱传感核心原理，了解近红外、可见光、紫外光谱检测光路设计逻辑，有微型光谱仪、光电检测设备光路开发经验者优先。 3、加分项（非必需，优先录用） • 深厚的光电系统整体设计经验，熟悉光电耦合、信号匹配、杂散光抑制、光学标定算法配套逻辑； • 有光谱传感产品从预研到量产的完整落地经验，熟悉光学产品量产工艺与良率优化。 • 具备硅光、集成光学、微纳光学相关研发、设计、验证经验； 4、综合素质 逻辑清晰、技术扎实，具备独立攻关能力与问题闭环思维，善于跨团队协同沟通，抗压能力强，深耕光学底层技术，愿意跟随公司产品线长期发展。 工作地点 上海浦东新区科海大楼-1号楼9楼 以担保或任何理由索要财物，扣押证照，均涉嫌违法。一经发现， 立即举报,"研发,硬件研发,光学仪器,光模块,微型光谱仪,Zemax,CodeV,LightTools",http://www.zhaopin.com/jobdetail/CCL1347051750J40858998211.htm?refcode=4019&srccode=401901&preactionid=34577060-d195-44cb-a0af-27fd5a77619c
电子工程师,深圳市贵航电子有限公司,1.2-2万,赣州·全南县·金龙镇,广州,大专,3-5年,6月30日,zhilian,职位描述 测试 消费电子产品 计算机硬件 通用设备制造 工作内容】 - 负责动力电池 电控模块的测试；制定测试方案。 -主导对接客户和供应商的硬件软件板块 -跟进试产工装参数设计以及协助生产测试问题。 - 参与产品方案制定，完成电路设计、PCB布局及测试验证； - 协同团队进行系统集成与优化，确保产品性能稳定； - 编写技术文档，支持产品量产与后期维护。 【任职要求】 - 电子工程、自动化或相关专业大专及以上学历； - 熟悉模拟/数字电路设计，具备电控系统开发经验； - 熟练使用EDA工具（如Altium Designer、Cadence等）； - 具备良好的沟通能力和团队协作精神，有动力类产品开发经验者优先。 工作地点 赣州全南县江西贵航新能源科技有限公司 以担保或任何理由索要财物，扣押证照，均涉嫌违法。一经发现， 立即举报,"测试,消费电子产品",http://www.zhaopin.com/jobdetail/CCL1216517180J40872013905.htm?refcode=4019&srccode=401901&preactionid=34577060-d195-44cb-a0af-27fd5a77619c
光器件工程师,苏州东辉光学有限公司,9000-18000元·14薪,苏州·工业园区,广州,本科,经验不限,7月25日,zhilian,职位描述 结构设计 工艺开发 工艺技术 光学 光学工程 通信/网络设备 岗位要求： 1、本科或以上学历，光学工程、光电子、应用物理、精密制造、材料工程等相关专业。 2、具备1年以上相关研发经验，或具备科研项目背景的应届硕士毕业生； 3、熟练使用光学设计工具（如Zemax、Code V、LightTools等），能够独立进行结构设计（SolidWorks、AutoCAD等）及实验设计； 4、有较强的数据分析能力，掌握常见分析工具（如Origin、Matlab、Python）； 5、逻辑思维严谨，具备优秀的动手能力与实验设计能力； 6、注重结果导向与过程控制，兼顾创新与实用落地； 工作内容： 1、新产品设计与开发：参与光学元器件及光组件的创新设计，包括光学结构、性能参数、材料选择及可制造性验证； 2、样品验证与实验分析：负责样品打样、测试验证、数据分析及优化建议，确保研发成果满足客户和量产要求； 3、工艺开发：制定光学元件或者光器件的生产工艺方案，协同生产、设技术交流与客户对接： 4、材料选型与认证管理：负责新材料（如光学玻璃、胶水、镀膜材料等）的选型、测试与认证，确保符合产品设计与客户标准；支持材料认证流程（如RoHS、REACH等）及供应链合规性评估； 5、BOM结构制定与维护：根据产品设计和制造需求，建立和维护完整准确的产品BOM清单，支持ERP系统录入、变更管理和物料追溯管理； 6、支持销售与客户进行技术沟通，提供解决方案，及时响应客户技术需求；备、质量等部门实现量产导入； 7、跨部门协作：与生产、质量、设备等团队密切协作，推动项目从0到1顺利落地； 8、专利与技术文档撰写：撰写技术规格书、开发报告、实验记录、工艺文件，并参与专利申请； 工作地点 苏州工业园区中新·科技工业坊-B幢 以担保或任何理由索要财物，扣押证照，均涉嫌违法。一经发现， 立即举报,"结构设计,工艺开发,工艺技术,光学,光学工程",http://www.zhaopin.com/jobdetail/CC421826610J40222363002.htm?refcode=4019&srccode=401901&preactionid=34577060-d195-44cb-a0af-27fd5a77619c
激光/光电工程师,郑州德莱孚科技有限公司,5000-8000元,郑州·须水,广州,本科,1-3年,7月23日,zhilian,岗位职责： 负责光电类产品的研发、调试及试验等工作。 任职要求：光电相关专业； 两年以上相关工作经验； 熟练掌握光学（光电）设计与分析软件； 交流沟通能力强，有团队协作意识。 职位福利：五险一金、年底双薪、绩效奖金、加班补助、交通补助、餐补、通讯补助、带薪年假 工作地点 郑州市中原区郑上路882号 以担保或任何理由索要财物，扣押证照，均涉嫌违法。一经发现， 立即举报,"光电,光学",http://www.zhaopin.com/jobdetail/CC586103523J90250070000.htm?refcode=4019&srccode=401901&preactionid=34577060-d195-44cb-a0af-27fd5a77619c
光学工程师,上海波汇科技有限公司,1.5-1.8万·15薪,上海·松江·中山,广州,本科,1-3年,6月30日,zhilian,职位描述 光学设计 半导体/芯片 工作职责: -光学系统整体设计； -光机结构设计，光电结合系统设计； -系统调试、验证； -根据项目和产品完成开发及生产相关文档； -产品原型系统搭建及测试。 任职资格: -光电、光学、电子技术、通信或相关专业，本科及以上学历； -具备良好的专业理论基础和动手能力； -具有光学仪器的操作经验； -良好英文技术文档阅读能力； -具有高度的责任感、诚实勤恳、学习能力强； -良好的团队合作精神，能独立思考并分析解决问题； -拥有光学设计或光纤系统经验者优先。 职位福利：周末双休、交通补助、餐补、通讯补助 奖金绩效 年终奖 工作地点 上海松江区波汇科技园 以担保或任何理由索要财物，扣押证照，均涉嫌违法。一经发现， 立即举报,光学设计,http://www.zhaopin.com/jobdetail/CC132258070J40286817502.htm?refcode=4019&srccode=401901&preactionid=34577060-d195-44cb-a0af-27fd5a77619c
电子工程师,前海新美思科技(深圳)有限公司,8000-15000元,深圳·龙华·福城,广州,本科,3-5年,7月16日,zhilian,岗位职责： 1) 参与产品设计和改进工作，依据产品设计和客户要求，完成技术可行性调研，器件选型，原理图绘制、PCB绘制，元器件选购，软件代码编写，样机制作，测试及对应文档的编制工作； 2) 产品规格书、详细设计、BOM、测试报告、专利申报、科研项目等文档编写；解决用户现场中反馈出的软硬件设计问题，制定及执行硬件产品试验计划，对产品电气、性能等进行分析、试验、验证并提出升级报告； 3) 负责产品的现场安装、调试和售后服务； 4) 负责产品硬件的质量提升，参与产品的二次开发、改进、调试和测试工作； 5) 相关防爆认证申请； 6) 完成其他事务性工作 7) 工作地点：深圳、成都 任职资格： 1) 电子、测控信息工程、精密仪器仪表、计算机、自动化等相关专业， 本科及硕士学历，3年及以上开发、生产工作经验； 2) 熟悉掌握模拟电路(运算放大器、滤波电路)、数字电路等相关知识。熟悉各种常用硬件接口（包括AD\DA、uart、SPI、IIC、FLASH、LCD显示单元等）的外围电路设计方法； 3) 精通AltiumDesigner等开发工具，具备独立设计原理图和PCB板的能力； 4) 熟悉常用信号电气接口规范和协议，如RS232、RS485、以太网、CAN等现场总线； 5) 熟练使用各类硬件调试设备，样板焊接调试，有基本的EMC知识，有电路抗干扰设计经验优先； 6) 了解物联网无线通信技术，熟悉工业产品规范，如防爆设计等； 7) 具有产品批量生产应用经验； 8) 具有一定的沟通能力、工作抗压能力，工作积极主动、团队意识和责任心强、服从工作安排安排，能适应短期的现场差旅工作； 9) 爱岗敬业，具备较强的问题分析能力和学习能力。 工作地点 深圳龙华区1980福城数字创新园5期2栋1楼101 以担保或任何理由索要财物，扣押证照，均涉嫌违法。一经发现， 立即举报,"安装/调试,测试,维修/保养",http://www.zhaopin.com/jobdetail/CC645202380J40607729502.htm?refcode=4019&srccode=401901&preactionid=34577060-d195-44cb-a0af-27fd5a77619c
资深光电技术员,苏州库克光电技术有限公司,7000-14000元,苏州·工业园区,广州,本科,经验不限,7月25日,zhilian,职位描述 光机设计 电子电路 激光光电 光纤 物理光学 光电子技术 结构设计 工艺技术 半导体/芯片 1、理工科背景：光电技术、应用物理学、精密仪器、电子电工技术背景或工作经验尤佳； 2、综合技能，能学习快速领悟半导体激光器、几何光学以及基本电路原理、调试方法； 3、至少熟练应用一项CAD软件，机械或电子电路均可； 4、熟悉SOP编写，能快速确定产品指标，编写产品规格书； 5、思维灵活，动手能力强，吃苦耐劳，善于总结经验； 6、在校生条件优异接受实习； 职位福利：五险一金、绩效奖金、加班补助、全勤奖、餐补、带薪年假 职位亮点：加班补助，餐补，带薪年假，绩效奖金 工作地点 苏州工业园区苏春工业坊-10栋C区二楼 以担保或任何理由索要财物，扣押证照，均涉嫌违法。一经发现， 立即举报,"光机设计,电子电路,激光光电,光纤,物理光学,光电子技术,结构设计,工艺技术",http://www.zhaopin.com/jobdetail/CC462729727J00433539305.htm?refcode=4019&srccode=401901&preactionid=34577060-d195-44cb-a0af-27fd5a77619c
光学工程师,深圳市华群世纪光电有限公司,8000-10000元,深圳·龙岗·坂田,广州,本科,1-3年,5月14日,zhilian,岗位职责： 1、背光方案开发：负责完成背光方案设计与开发工作，完善背光物料2D图纸， 完成背光模组测试，实现可交付背光模块开发工作； 2、模组及问题分析解决：负责跟进模组及整机设计、验证、量产等环节背光问题的分析与解决； 3、负责产品开发各阶段的样机制作、测试、改善及确认，确保输出合格的样机； 4、负责产品BOM、检验标准等技术资料输出。 任职要求： 1、本科学历，光学类、光电子类、光电工程类等； 2、有2年以上LCM/TV产品、教育触摸一体机、会议一体机，背光产品岗位相关经验 ； 3、能独立开发背光方案；熟悉LED、miniLED技术与方案，熟悉光学膜片技术架构 ； 4、熟悉LED miniLED、膜片、板材等相关知识，熟练使用auto CAD等设计模拟软件； 5、熟练使用光学CA410/CS2000等测试设备，了解光电理论知识； 6、有良好表达能力，能协调各个执行部门完成项目。 此岗位上班地点在中山板芙，不接受慎投。 工作地点 龙岗区上雪科技园-东区东区五号B栋三楼深圳市华群世纪光电有限公司 以担保或任何理由索要财物，扣押证照，均涉嫌违法。一经发现， 立即举报,"亮化设计,背光方案,模组设计",http://www.zhaopin.com/jobdetail/CC377481310J40668974609.htm?refcode=4019&srccode=401901&preactionid=34577060-d195-44cb-a0af-27fd5a77619c
光学工程师,蓝星光域(上海)航天科技有限公司,2-3.5万·15薪,成都·青羊·文家,广州,硕士,经验不限,7月23日,zhilian,岗位职责： 1、负责根据光学系统需求进行光学系统方案设计； 2、负责利用相关软件对光学系统进行性能分析，评估系统的性能指标是否满足设计需求； 3、负责利用相关软件对光学系统进行公差分析，并制定光学系统装调方案； 4、负责搭建光学系统，进行光学系统的装调集成； 5、负责对光学系统进行控制和调试，并采集相关数据对系统功能和性能进行测试和验证； 6、负责现场调试设备，分析故障的原因，并制定解决方案。 任职要求： 1、硕士及以上学历，光学、光学工程、光电子学及相关专业，3年以上精密光学仪器设计经验。 2、光学理论基础知识扎实，系统掌握几何光学、物理光学、工程光学、波动光学及傅里叶光学等相关光学知识。能够完成光学方案设计与核心指标分解。 3、熟悉光学系统、光电转换系统及通信链路相关知识。 4、熟练掌握常规光学软件，能够独立完成光学系统设计并进行合理公差分配。 5、喜欢钻研与创新，学习能力强，动手实操能力强。 工作地点 青羊区蓝星光域(成都)空天装备有限公司 以担保或任何理由索要财物，扣押证照，均涉嫌违法。一经发现， 立即举报,"半导体/芯片,电子设备制造",http://www.zhaopin.com/jobdetail/CCL1337789490J40897680613.htm?refcode=4019&srccode=401901&preactionid=34577060-d195-44cb-a0af-27fd5a77619c
芯片工艺岗位,中科爱毕赛思(常州)光电科技有限公司,6000-10000元·13薪,常州·新北·三井,广州,本科,经验不限,7月24日,zhilian,岗位职责： 1、半导体刻蚀钝化、磨抛切割、光刻、倒焊、清洗镜检等芯片制备工艺； 2、半导体光电子器件工艺技术精细化动手实操工作、相关设备操作及日常维护； 3、新工艺验证、导入，标准工艺文件的撰写及优化； 4、协助生产工艺流程中资料的整理、准备、交接相关工作； 5、维护工作环境整洁、5S管理； 6、服从公司管理，及时完成领导交代的工作。 岗位要求： 1、本科，集成电路、物理相关、微电子、电子技术、应用化学等相关专业优先； 2、具备精细化动手操作能力、工作认真负责，责任心强，善于思考解决问题，有一定的文献检索学习能力； 3、有芯片生产工艺流程技术相关工作经验优先； 4、具有良好沟通能力、较强的学习能力，具有团队合作精神，能够承受一定的压力； 5、具备安全意识，对自身、产线、实验室的安全负责。 奖金绩效 年底双薪、五险一金、住房补贴、年终奖、节日福利、提供工作餐等 工作地点 常州新北区中科爱毕赛思新厂 以担保或任何理由索要财物，扣押证照，均涉嫌违法。一经发现， 立即举报,"光刻工艺,蚀刻工艺,镀膜工艺,清洗工艺,电镀工艺,键合工艺",http://www.zhaopin.com/jobdetail/CCL1306391920J40725891607.htm?refcode=4019&srccode=401901&preactionid=34577060-d195-44cb-a0af-27fd5a77619c
光纤激光研发工程师,长春新产业光电技术有限公司,6000-12000元,长春·朝阳·硅谷,广州,本科,经验不限,7月23日,zhilian,职位描述 光纤激光器 光电子 1.光学工程、光电子、激光技术、物理等相关专业，本科及以上学历。 2.有光纤激光器研发经验优先，熟悉激光原理、光纤光学、非线性光学，熟悉泵浦源、合束器、光纤光栅、隔离器等核心器件。 3.熟练光路熔接与调试，能独立完成功率、脉宽、线宽、光束质量、效率等核心指标测试。 4.逻辑清晰、动手能力强，良好的文档撰写与跨部门协作能力，能承受项目节点压力。 职位福利：五险一金、年终分红、加班补助、包吃、带薪年假、定期体检、免费班车、节日福利 工作地点 长春朝阳区锦湖大路888号 以担保或任何理由索要财物，扣押证照，均涉嫌违法。一经发现， 立即举报,"光纤激光器,光电子",http://www.zhaopin.com/jobdetail/CC154416910J40807971516.htm?refcode=4019&srccode=401901&preactionid=34577060-d195-44cb-a0af-27fd5a77619c
声光电操作主管,武汉长江轮船有限公司游船旅游分公司,8000-11000元,武汉·江岸,广州,大专,1-3年,7月4日,zhilian,职位描述 音视频设备测试 维修保养 控台 音响 工作职责 负责游船声光电系统（含音响、灯光、投影、特效设备等）的日常运维、调试与故障排查，保障设备稳定运行。 根据游船主题活动需求，独立完成声光电效果的创意设计与现场执行，提升游客沉浸式体验。 制定设备维护计划，定期进行系统巡检、保养及备件管理，降低设备故障率。 配合游船运营团队完成活动彩排与现场技术支持，确保声光电效果与活动流程精准匹配。 任职要求 大专及以上学历，电子工程、自动化、舞台技术等相关专业优先。 具备2年以上声光电系统操作或运维经验，熟悉主流音响、灯光、投影设备的原理与操作逻辑。 掌握声光电系统故障排查方法，能独立解决常见技术问题，具备应急处理能力。 有文旅项目、游船或舞台演出声光电工作经验者优先，具备一定的创意设计能力者加分。 工作地点 湖北省武汉市江岸区沿江大道23码头 以担保或任何理由索要财物，扣押证照，均涉嫌违法。一经发现， 立即举报,"音视频设备测试,维修保养,控台,音响",http://www.zhaopin.com/jobdetail/CCL1478417320J40854494301.htm?refcode=4019&srccode=401901&preactionid=34577060-d195-44cb-a0af-27fd5a77619c
电子工程师,广州海豹光电科技有限公司,7000-14000元,广州·黄埔·联和,广州,本科,3-5年,3月13日,zhilian,职位描述 设计 研发 测试 电子设备制造 仪器仪表 工作职责： 1、根据项目要求进行产品分析，提出可行的解决方案，在上级指导下完善方案，实施并跟踪完成； 2、根据具体方案进行设计，包括元器件选型、原理图绘制、简单的PCB线路板绘制，并打样焊接； 3、线路板程序编写与调试，实现功能，并根据要求完善程序功能，保证产品的稳定性； 4、组织实施设备的功能测试和稳定性测试，并根据情况完善修改，最终完成产品设计； 5、编写技术文档，并协助编写项目申报书、报奖、专利等文档； 6、协助进行新产品关键工艺过程的开发与持续改进。 【任职要求】 1、本科及以上学历，电子类相关专业； 2、有模拟电路、数字电路设计经验； 3、熟悉单片机的软硬件设计； 4、熟练使用绘图软件进行电路设计和仿真，有丰富PCB设计经验； 5、熟练单片机/ARM编程者优先。 工作地点 黄埔区广州海豹光电科技有限公司科研路3号A5栋303、305室 以担保或任何理由索要财物，扣押证照，均涉嫌违法。一经发现， 立即举报,"设计,研发,测试",http://www.zhaopin.com/jobdetail/CC602567220J40832672207.htm?refcode=4019&srccode=401901&preactionid=34577060-d195-44cb-a0af-27fd5a77619c
光学工程师（光模块）,深圳市兆驰股份有限公司,2-3.5万·13薪,武汉·江夏·佛祖岭,广州,本科,3-5年,7月7日,zhilian,职位描述 光模块 光通信 1. 负责高速光器件，如激光器模组、探测器模组的光学设计仿真； 2. 负责产品的光学设计、优化；光学零件选型，光路搭建，在光学技术上对产品的性能和质量负责，协助产品检验及产品质量过程管理； 3. 负责光模块调测的上位机开发，负责嵌入式需求分析、方案制定和设计文档编写； 4. 负责光模块固件/软件驱动开发，包括MCU驱动，器件驱动，总线驱动等； 任职资格： 1.本科以上学历，3年及以上光学设计开发经验； 2. 知晓当前激光/光电子市场发展趋势，能够将市场需求转化为具体的技术方案和产品设计； 3. 具备较强的创新意识、团队合作能力和项目管理能力 4. 具备扎实的数学基础，能熟练使用MATLAB、Python等工具进行光学；计算与数据分析 工作地点 武汉江夏区光谷智慧园22号研发楼 以担保或任何理由索要财物，扣押证照，均涉嫌违法。一经发现， 立即举报,"光模块,光通信",http://www.zhaopin.com/jobdetail/CC134184570J40922156708.htm?refcode=4019&srccode=401901&preactionid=34577060-d195-44cb-a0af-27fd5a77619c
光学工程师,欧普笛(成都)光电科技有限公司,1-1.8万,成都·双流·华阳,广州,本科,3-5年,9月10日,zhilian,岗位职责 1、负责光学系统方案论证、光学系统设计和仿真、加工图纸输出、指导并参与光学系统装调等工作； 2.负责红外、可见光学系统（定焦、变焦）、激光（扩束、准直）光学系统、离轴反射式光学系统指标论证、优化设计及分析； 3、负责搭建组装光学实验平台，进行系统原理样机的验证、测试等工作； 4、与机械结构和电气设计人员对接，以完成光学系统建模、分析和性能验证方法； 5、参与产品开发过程中样品制作和批量试制工作； 6、编写各类技术资料，如方案论证报告、光机装调工艺文件、检验规范等、确保产品顺利批产； 7、参与产品生产与售前的技术支持。 任职要求 1、硕士及以上学历，光学工程、物理光学、光学仪器或光电子相关专业； 2、具有精密光学系统设计与工程化实践经验； 3、熟悉光机系统装调流程，并对光学加工和成本有一定的了解； 4、具有扎实光学专业知识，熟练使用一种光学设计软件(ZEMAX或CODEV)，熟练掌握光学系统的公差分析、光学系统仿真追迹分析； 5、会一种三维设计软件的基本操作 (Solidworks，Pr/E等)，能够独立对设计的光学系统三维建模； 6、熟练使用 AotuCAD，能够使用软件制作输出标准化光学元件及光学系统总体图纸； 7、具有激光应用系统、衍射光场开发经验者优先。 工作地点 成都双流区AI创新中心B区6栋 以担保或任何理由索要财物，扣押证照，均涉嫌违法。一经发现， 立即举报,"CodeV,Pro/E,AutoCAD,SolidWorks",http://www.zhaopin.com/jobdetail/CC831764290J40432452504.htm?refcode=4019&srccode=401901&preactionid=34577060-d195-44cb-a0af-27fd5a77619c
光纤研发工程师,西安西古光通信有限公司,1.2-2.3万,西安·长安·郭杜,广州,本科,5-10年,7月21日,zhilian,职位描述 工艺研发 一、核心工作职责 1、主导G.652.D、G.657.A1等主力光纤产品的性能极致优化，系统性解决光衰减、色散、弯曲损耗等核心光特性问题，对标行业标杆提升产品竞争力。 2、负责基于外购光棒的新产品全流程导入（重点G.654.E、G.657.A2/B3等高端光纤），包括光棒选型、工艺参数开发、小试中试、量产转化及客户验证。 3、牵头系统性技术攻关，解决生产中长期存在、反复出现的复杂工艺异常和质量问题，主导良率提升、生产成本降低等重点项目，形成可量化成果。 4、建立完善的光特性测试分析体系、工艺开发标准化流程及技术知识库，沉淀公司技术资产，规范技术问题解决流程。 5、指导现有工艺工程师提升技术能力，开展技术培训，推动团队从“执行层”向“技术提升层”转型，协调内外部技术资源（总部研发、光棒供应商、客户技术部门）。 6、跟踪光纤拉丝、涂覆及光特性相关行业前沿技术，开展新工艺、新设备预研，提交技术调研报告，为公司技术决策提供支撑。 二、任职要求 1、本科及以上学历，光学工程、材料物理、光电子技术、通信工程等相关专业。 2、8年及以上光纤行业相关工作经验，具备完整的光纤研发、工艺改进或光特性分析相关工作履历。 3、精通光纤光特性测试原理与方法，熟练使用OTDR、光谱分析仪、色散测试仪、偏振模色散测试仪等专业设备，能独立完成复杂光特性异常的根因分析。 4、熟悉光纤拉丝、涂覆、筛选全流程工艺，了解ITU-T、IEC等国际光纤标准体系，具备独立负责重大技术项目（新产品导入、良率提升等）的经验。 5、具备团队管理/指导经验，逻辑思维清晰，具备较强的数据分析和问题解决能力。 三、优先考虑项： 1、有G.654.E超低损光纤、G.657.A2/B3弯曲不敏感光纤的新产品导入或量产工艺开发经验。 2、主导过光纤良率提升、成本降低项目，有明确可量化成果（如良率提升2%及以上、单位成本降低5%及以上）。 3、具备光纤制备、光特性测试相关实验经验，有副研究员/高级工程师职称者。 4、具备光特性仿真能力，熟练使用OptiSystem、RP Fiber Power等相关软件。 5、有与光棒供应商、运营商客户技术对接，或承接总部研发项目落地的经验。 工作地点 西安长安区西古光通 以担保或任何理由索要财物，扣押证照，均涉嫌违法。一经发现， 立即举报,工艺研发,http://www.zhaopin.com/jobdetail/CC120717340J40892738013.htm?refcode=4019&srccode=401901&preactionid=34577060-d195-44cb-a0af-27fd5a77619c
研发工程师,腾景科技,1-2万·15薪,福州·马尾·马尾,广州,本科,3-5年,7月23日,zhilian,职位描述 光通讯；光学器件 职位描述： 1、前期与PLM、销售和客户沟通光学元器件相关产品的需求； 2、与QA团队合作支持客户对相关产品的审核； 3、负责研发部门的光学元器件相关产品的设计（光学、机械），产品装配工艺、测试方案的制定和实施跟踪； 4、指导和配合操作员完成对研发新产品的生产和发货； 5、负责对在研或在产产品进行异常分析和改善措施的制定； 6、负责研发新产品的后期转产相关的工作。 任职要求： 1、本科及以上学历，光学、物理、机械、电子等相关专业； 2、三年以上光学、光通讯等相关行业工作经验。有激光、光通讯器件及光学元件研发工作经验者优先； 3、熟悉光学元器件和模块相关的产品和工艺，对良率的提高和成本的降低有丰富的经验。 4、熟练使用一种以上常用的光学机械设计软件如：Solidworks、Zemax等，有丰富的光学元器件产品的设计经验； 5、工作积极主动，善于与质量、生产、供应链、计划等部门沟通协调，推动项目顺利进行。 工作地点 福州马尾区腾景科技股份有限公司 以担保或任何理由索要财物，扣押证照，均涉嫌违法。一经发现， 立即举报,光通讯；光学器件,http://www.zhaopin.com/jobdetail/CC630362420J40721294310.htm?refcode=4019&srccode=401901&preactionid=34577060-d195-44cb-a0af-27fd5a77619c
光电工程师,北京中科航天人才服务有限公司,1-1.5万,北京·大兴·荣华街道,广州,本科,1-3年,,zhilian,,"光电检测,光电通信",http://www.zhaopin.com/jobdetail/CC132807300J40867485607.htm?refcode=4019&srccode=401901&preactionid=8a6908ec-f3b9-4b51-829d-5da48f3091c8
光电通信+工程部管培生+7K-8K+做六休一,江西威路科技有限公司,7000-8000元,南昌·新建·望城,广州,本科,经验不限,,zhilian,,"网络维护,光通信,光缆通信,通信项目实施,技术文档输出,工程现场协作",http://www.zhaopin.com/jobdetail/CC413403530J40865055011.htm?refcode=4019&srccode=401901&preactionid=8a6908ec-f3b9-4b51-829d-5da48f3091c8
光电研发工程师,长春海谱润斯科技股份有限公司,7000-14000元,长春·宽城·奋进,广州,本科,经验不限,,zhilian,,"OLED,半导体,微电子,二极管,器件研发",http://www.zhaopin.com/jobdetail/CC286607231J90250014000.htm?refcode=4019&srccode=401901&preactionid=8a6908ec-f3b9-4b51-829d-5da48f3091c8
电子工程师,深思控股集团,6000-12000元·13薪,湘潭·湘乡市·新湘路街道,广州,大专,1-3年,,zhilian,,智能控制模块,http://www.zhaopin.com/jobdetail/CC155751610J40822729607.htm?refcode=4019&srccode=401901&preactionid=8a6908ec-f3b9-4b51-829d-5da48f3091c8
良率分析工程师（轮班）,福建华佳彩有限公司,5000-8000元·13薪,莆田·涵江区·国欢镇,广州,本科,经验不限,,zhilian,,"半导体,芯片,光电子,汽车电子,光通信",http://www.zhaopin.com/jobdetail/CC348705930J40677607101.htm?refcode=4019&srccode=401901&preactionid=8a6908ec-f3b9-4b51-829d-5da48f3091c8
工艺工程师,贵州铜仁旭晶光电科技有限公司,6000-10000元,铜仁·碧江区·川硐街道,广州,本科,经验不限,,zhilian,,"光学,物理,项目管理,主导项目进度,光电",http://www.zhaopin.com/jobdetail/CCL1277734390J40467976106.htm?refcode=4019&srccode=401901&preactionid=12761613-85b7-40a0-a30d-bbc965f74301
镀膜技术工程师（接受理工科应届生）,陆逊梯卡华宏（东莞）眼镜有限公司,7000-14000元·13薪,东莞·高埗镇,广州,本科,经验不限,,zhilian,,"表面处理工艺,镀膜工艺,光电,应用物理学,化学化工",http://www.zhaopin.com/jobdetail/CC141375210J40958289015.htm?refcode=4019&srccode=401901&preactionid=12761613-85b7-40a0-a30d-bbc965f74301
电子工程师,四川蓝景光电技术有限责任公司,4000-6000元,成都·双流·黄甲,广州,大专,1-3年,,zhilian,,"设计,测试,研发,电路设计,结构设计,PCB设计",http://www.zhaopin.com/jobdetail/CC205206710J40792373406.htm?refcode=4019&srccode=401901&preactionid=12761613-85b7-40a0-a30d-bbc965f74301
电子工程师,矩石光电(深圳)有限公司,1-1.5万,深圳·龙华·大浪,广州,大专,3-5年,,zhilian,,电力电子产品,http://www.zhaopin.com/jobdetail/CCL1395015410J40863673607.htm?refcode=4019&srccode=401901&preactionid=12761613-85b7-40a0-a30d-bbc965f74301
电子工程师,重庆三晶创新科技有限公司,7000-10000元,重庆·铜梁·东城,广州,大专,1-3年,,zhilian,,汽车电子产品,http://www.zhaopin.com/jobdetail/CCL1493894700J40783213206.htm?refcode=4019&srccode=401901&preactionid=d78b6f3e-5510-45cd-8f61-067466e02f6b
电子工程师,东莞市信成医疗器械科技有限公司,8000-12000元,东莞·横沥镇,广州,大专,3-5年,,zhilian,,"设计,研发,安装/调试,电路设计,PCB设计,电气设计,医疗电子产品,消费电子产品,电力电子产品",http://www.zhaopin.com/jobdetail/CC319843030J40913097503.htm?refcode=4019&srccode=401901&preactionid=d78b6f3e-5510-45cd-8f61-067466e02f6b
光电工程师,西安毅达信息系统有限公司,7000-14000元,西安·雁塔·丈八沟,广州,本科,3-5年,,zhilian,,"研发,激光光谱,Zemax",http://www.zhaopin.com/jobdetail/CZ120715570J00026814606.htm?refcode=4019&srccode=401901&preactionid=d78b6f3e-5510-45cd-8f61-067466e02f6b
光学工程师,武汉天眸光电科技有限公司,2-4万·13薪,武汉·洪山·关山,广州,硕士,3-5年,,zhilian,,"研发,光模块,激光器,镜头",http://www.zhaopin.com/jobdetail/CCL1222513750J40691855601.htm?refcode=4019&srccode=401901&preactionid=37549595-46c3-4a7c-ac55-82a13da8182a
电子工程师,东莞市友联亨达光电有限公司,6000-10000元,东莞·高埗镇,广州,大专,1-3年,,zhilian,,"电力电子产品,Altium Designer,Cadence,电容式触摸屏,PADS",http://www.zhaopin.com/jobdetail/CCL1359838550J40875346014.htm?refcode=4019&srccode=401901&preactionid=37549595-46c3-4a7c-ac55-82a13da8182a
光学工程师,浙江布居光子科技有限公司,1-2万,温州·龙湾区·星海街道,广州,硕士,3-5年,,zhilian,,研发,http://www.zhaopin.com/jobdetail/CCL1524051180J40896814903.htm?refcode=4019&srccode=401901&preactionid=ea58560b-292a-47f1-81a4-84e094a3eea4
电子工程师,江苏天网光电科技有限公司,1-2万,泰州·靖江市,广州,硕士,经验不限,,zhilian,,"硬件电路设计,电磁兼容测试,高压产品开发,设计,电力电子产品",http://www.zhaopin.com/jobdetail/CC230115980J40873963603.htm?refcode=4019&srccode=401901&preactionid=ea58560b-292a-47f1-81a4-84e094a3eea4
光电开发工程师,北理工东方创新研究院,1.2-2.4万,烟台·海阳·凤城,广州,本科,3-5年,,zhilian,,光学仪器,http://www.zhaopin.com/jobdetail/CCL1523183560J40958015015.htm?refcode=4019&srccode=401901&preactionid=ea58560b-292a-47f1-81a4-84e094a3eea4
激光器研发工程师,浙江摩克激光智能装备有限公司,1.2-2.4万,温州·龙湾区·瑶溪街道,广州,硕士,1-3年,,zhilian,,"激光器,光电子学,光纤光学,激光器件",http://www.zhaopin.com/jobdetail/CCL1469387320J40487236011.htm?refcode=4019&srccode=401901&preactionid=ea58560b-292a-47f1-81a4-84e094a3eea4
光学工程师,福州高意光学有限公司,1.1-2万·13薪,福州·晋安·鼓山,广州,本科,1-3年,,zhilian,,"研发,光模块,激光器,硬件研发,光纤激光器,半导体激光器",http://www.zhaopin.com/jobdetail/CC154848720J40833857416.htm?refcode=4019&srccode=401901&preactionid=0d55841f-d791-4fd6-a793-ec8883c7273b
光源电子助理工程师,苏州驭疆自动化科技有限公司,7000-10000元·14薪,苏州·昆山·玉山,广州,本科,3-5年,,zhilian,,"沟通能力，学习能力,设计,工业视觉,PCB设计",http://www.zhaopin.com/jobdetail/CCL1504949000J40874864405.htm?refcode=4019&srccode=401901&preactionid=0d55841f-d791-4fd6-a793-ec8883c7273b
研发工程师,全磊光电股份有限公司,1.2-2.4万·13薪,厦门·同安·洪塘,广州,硕士,经验不限,,zhilian,,半导体材料,http://www.zhaopin.com/jobdetail/CC813991780J40811931807.htm?refcode=4019&srccode=401901&preactionid=0d55841f-d791-4fd6-a793-ec8883c7273b
光纤测试工程师,武汉安扬激光技术股份有限公司,5000-7000元·13薪,武汉·洪山·左岭,广州,本科,经验不限,,zhilian,,特种光纤,http://www.zhaopin.com/jobdetail/CC465717210J40665506905.htm?refcode=4019&srccode=401901&preactionid=0d55841f-d791-4fd6-a793-ec8883c7273b
光电工程师,深圳市新凯来技术有限公司,2.5-5万·15薪,北京·海淀,广州,本科,经验不限,,zhilian,,"激光器,光学仪器,镜头",http://www.zhaopin.com/jobdetail/CCL1362239030J40933639415.htm?refcode=4019&srccode=401901&preactionid=0d55841f-d791-4fd6-a793-ec8883c7273b
光电系统工程师,北极极光(北京)科技有限公司,2-4万,北京·海淀·紫竹院,广州,本科,3-5年,,zhilian,,研发,http://www.zhaopin.com/jobdetail/CCL1500043060J40816691711.htm?refcode=4019&srccode=401901&preactionid=0d55841f-d791-4fd6-a793-ec8883c7273b
电子研发工程师,北京新宇航测控科技股份有限公司,1.2-2.4万,北京·海淀,广州,本科,3-5年,,zhilian,,"设计,研发,测试,嵌入式硬件研发,嵌入式软件研发",http://www.zhaopin.com/jobdetail/CC150377010J40840747109.htm?refcode=4019&srccode=401901&preactionid=a7402345-69ff-4d55-b526-139be92cdbbc
电子工程师,惠州市慧昊光电有限公司,8000-12000元,惠州·惠阳区·西区街道,广州,大专,3-5年,,zhilian,,"设计,研发,PCB设计,LED行业,LED灯带产品",http://www.zhaopin.com/jobdetail/CC847437150J40846887613.htm?refcode=4019&srccode=401901&preactionid=a7402345-69ff-4d55-b526-139be92cdbbc
分布式光纤传感研发工程师,青岛光擎能源科技有限公司,2000-4000元,青岛·城阳·上马,广州,硕士,经验不限,,zhilian,,"光通信,数字信号处理,分布式光纤传感研发,石油石化行业解决方案,硬件设计与嵌入式开发",http://www.zhaopin.com/jobdetail/CCL1503666050J41007977702.htm?refcode=4019&srccode=401901&preactionid=a7402345-69ff-4d55-b526-139be92cdbbc
高级电子工程师,惠州雷士光电科技有限公司,1.5-2.3万·13薪,惠州·惠城区·汝湖镇,广州,大专,5-10年,,zhilian,,"照明电源,LED驱动电源,智能电源",http://www.zhaopin.com/jobdetail/CC637915820J40775758211.htm?refcode=4019&srccode=401901&preactionid=a7402345-69ff-4d55-b526-139be92cdbbc
电子工程师,源激(上海)自动化科技有限公司,1.5-2.5万·13薪,上海·松江·中山,广州,本科,3-5年,,zhilian,,"研发,设计",http://www.zhaopin.com/jobdetail/CC467149130J40898566713.htm?refcode=4019&srccode=401901&preactionid=a7402345-69ff-4d55-b526-139be92cdbbc
光学工程师,北京理工大学,1.1-1.3万,北京·海淀街道,广州,本科,经验不限,,zhilian,,"研发,仿真设计",http://www.zhaopin.com/jobdetail/CC159585320J40856068601.htm?refcode=4019&srccode=401901&preactionid=a7402345-69ff-4d55-b526-139be92cdbbc
光学测试工程师,软通动力信息技术(集团)股份有限公司,8000-13000元,东莞·大朗镇,广州,本科,1-3年,,zhilian,,"测试,硬件测试,光学仪器,电学",http://www.zhaopin.com/jobdetail/CC000544460J40768304616.htm?refcode=4019&srccode=401901&preactionid=1fed7c7d-7871-4092-b0fa-5bff87934673
电子设计工程师,弘景光电,1.3-1.8万·13薪,中山·中山港街道,广州,本科,3-5年,,zhilian,,"研发,汽车电子产品",http://www.zhaopin.com/jobdetail/CC416398780J40850994614.htm?refcode=4019&srccode=401901&preactionid=1dcaf3d9-71c6-4d4f-899e-1cc756d3a134
硬件电子工程师,深圳市镙光智能有限公司,5000-7000元,深圳·光明·凤凰,广州,中专/中技,1-3年,,zhilian,,安装/调试,http://www.zhaopin.com/jobdetail/CC488439980J40867254807.htm?refcode=4019&srccode=401901&preactionid=1dcaf3d9-71c6-4d4f-899e-1cc756d3a134
光电工程师,深圳市顺发网络科技有限公司长沙分公司,1.6-3万,嘉兴·南湖区·城南街道,广州,硕士,5-10年,,zhilian,,"研发,测试,工艺设计,光学工艺,切割工艺,研磨工艺,光模块,激光器,镜头,光纤激光器,半导体激光器",http://www.zhaopin.com/jobdetail/CC285049430J40699236409.htm?refcode=4019&srccode=401901&preactionid=825bea6f-bb68-4ebc-bf6a-342860c0bc67
电子研发工程师,辽阳鸿宇晶体有限公司,7000-10000元,南京·栖霞·仙林,广州,本科,1-3年,,zhilian,,"设计,研发,电路设计,PCB设计",http://www.zhaopin.com/jobdetail/CC326842030J40821458810.htm?refcode=4019&srccode=401901&preactionid=825bea6f-bb68-4ebc-bf6a-342860c0bc67
电子工程师（充电器）,南方新华,1.9-2.4万,深圳·龙岗·横岗,广州,本科,3-5年,,zhilian,,"电力电子产品,消费电子产品",http://www.zhaopin.com/jobdetail/CC346219280J40866348211.htm?refcode=4019&srccode=401901&preactionid=825bea6f-bb68-4ebc-bf6a-342860c0bc67
电子光学工程师,深圳国际量子研究院,1.2-2.4万,深圳·福田·福保,广州,硕士,1-3年,,zhilian,,光电子学,http://www.zhaopin.com/jobdetail/CCL1425866110J40772283510.htm?refcode=4019&srccode=401901&preactionid=825bea6f-bb68-4ebc-bf6a-342860c0bc67
电子工程师,深圳市安泰科清洁能源股份有限公司,8000-15000元,长沙·岳麓·洋湖,广州,本科,3-5年,,zhilian,,"研发,开发",http://www.zhaopin.com/jobdetail/CC867361230J40866215401.htm?refcode=4019&srccode=401901&preactionid=825bea6f-bb68-4ebc-bf6a-342860c0bc67
光学工程师,中山依瓦塔光学有限公司,1-1.7万,中山·中山港街道,广州,硕士,经验不限,,zhilian,,"镜头,CodeV,Zemax,SolidWorks,研发",http://www.zhaopin.com/jobdetail/CC398419480J40912389403.htm?refcode=4019&srccode=401901&preactionid=825bea6f-bb68-4ebc-bf6a-342860c0bc67
电子工程师,深圳市诺新光学电子有限公司,1-2万,深圳·龙华·福城,广州,大专,3-5年,,zhilian,,"设计,消费电子产品,PCB LAYOUT,BOM整理核对,EDA工具应用",http://www.zhaopin.com/jobdetail/CCL1395433950J40834420809.htm?refcode=4019&srccode=401901&preactionid=075f4499-d968-4a76-84c7-bfcf28accf5a
光学仪器研发工程师,欧光科技(福建)有限公司,1-1.5万·14薪,福州·仓山·建新,广州,本科,经验不限,,zhilian,,"研发,硬件研发,光学仪器,镜头",http://www.zhaopin.com/jobdetail/CCL1201076060J41011361904.htm?refcode=4019&srccode=401901&preactionid=075f4499-d968-4a76-84c7-bfcf28accf5a
光学工程师,武汉安扬激光技术股份有限公司,5000-8000元·13薪,武汉·洪山·左岭,广州,大专,经验不限,,zhilian,,激光器,http://www.zhaopin.com/jobdetail/CC465717210J40865071005.htm?refcode=4019&srccode=401901&preactionid=075f4499-d968-4a76-84c7-bfcf28accf5a
设备工程师-成都中光电科技有限公司,智联猎头,5000-7000元,成都·郫都·合作街道,广州,本科,经验不限,,zhilian,,半导体设备测试,http://www.zhaopin.com/jobdetail/CCL1318355140J40912424903.htm?refcode=4019&srccode=401901&preactionid=075f4499-d968-4a76-84c7-bfcf28accf5a
光学工程师,华曙高科,1-2万·13薪,长沙·岳麓·麓谷,广州,硕士,3-5年,,zhilian,,"激光器,光纤激光器",http://www.zhaopin.com/jobdetail/CC330525710J40850603413.htm?refcode=4019&srccode=401901&preactionid=075f4499-d968-4a76-84c7-bfcf28accf5a
光电芯片研发工程师,东莞市同和光电科技有限公司,9000-11000元,东莞·大岭山镇,广州,本科,3-5年,,zhilian,,"研发,工程师",http://www.zhaopin.com/jobdetail/CC880041950J40874471409.htm?refcode=4019&srccode=401901&preactionid=075f4499-d968-4a76-84c7-bfcf28accf5a
光学工程师,北京大族天成半导体技术有限公司,1-1.8万·13薪,北京·大兴·博兴,广州,本科,经验不限,,zhilian,,"光学,激光,光学系统设计,光学设计",http://www.zhaopin.com/jobdetail/CC433383520J40153138407.htm?refcode=4019&srccode=401901&preactionid=075f4499-d968-4a76-84c7-bfcf28accf5a
高级光学工程师,星辰光电科技(苏州)有限公司,2-4万·14薪,苏州·工业园区,广州,本科,5-10年,,zhilian,,"研发,Zemax,ANSYS,精密仪器,光学系统调试,光学系统设计",http://www.zhaopin.com/jobdetail/CCL1457229610J40888548413.htm?refcode=4019&srccode=401901&preactionid=075f4499-d968-4a76-84c7-bfcf28accf5a
光学测试工程师,陕西澳威激光科技有限公司,8000-12000元,铜川·耀州区·正阳路街道,广州,本科,经验不限,,zhilian,,"研发,测试",http://www.zhaopin.com/jobdetail/CC251048830J40910575208.htm?refcode=4019&srccode=401901&preactionid=075f4499-d968-4a76-84c7-bfcf28accf5a
电子工程师（东莞）,众福科技(苏州)有限公司,1.5-1.8万,东莞·黄江镇,广州,本科,3-5年,,zhilian,,"研发,团队管理,液晶模组开发,电路设计",http://www.zhaopin.com/jobdetail/CC135907850J40910762603.htm?refcode=4019&srccode=401901&preactionid=075f4499-d968-4a76-84c7-bfcf28accf5a
光电载荷工程师,湖南赛德雷特卫星科技有限公司,1.4-2.2万·14薪,哈尔滨·道里·工农,广州,本科,1-3年,,zhilian,,"光模块,激光器,镜头,泵浦激光器,光纤激光器,Zemax,研发",http://www.zhaopin.com/jobdetail/CCL1486806180J40760103506.htm?refcode=4019&srccode=401901&preactionid=075f4499-d968-4a76-84c7-bfcf28accf5a
电子工程师,湖北芯连达技术有限公司,1-1.6万,武汉·江夏·佛祖岭,广州,本科,3-5年,,zhilian,,"设计,测试,消费电子产品,PCB设计",http://www.zhaopin.com/jobdetail/CCL1484824250J40811930208.htm?refcode=4019&srccode=401901&preactionid=42b95470-2ebd-4406-ae41-cc85fa7250c2
激光工程师（应届）,镭宝光电,1.2-2.4万,北京·昌平·北七家,广州,本科,经验不限,,zhilian,,"激光器,激光设计,Zemax",http://www.zhaopin.com/jobdetail/CC120363710J40464522711.htm?refcode=4019&srccode=401901&preactionid=42b95470-2ebd-4406-ae41-cc85fa7250c2
光电工程师,广州市固润光电科技有限公司,1.6-3万·13薪,广州·天河·五山,广州,硕士,3-5年,,zhilian,,"物理,技术支持,英文良好,产品应用,仪器,研发工程师,光电子测试,激光器",http://www.zhaopin.com/jobdetail/CC265713030J40089427501.htm?refcode=4019&srccode=401901&preactionid=42b95470-2ebd-4406-ae41-cc85fa7250c2
光学工程师,武汉安扬激光技术股份有限公司,5000-8000元·13薪,武汉·洪山·左岭,广州,大专,经验不限,,zhilian,,"激光器,光纤激光器",http://www.zhaopin.com/jobdetail/CC465717210J40795996705.htm?refcode=4019&srccode=401901&preactionid=42b95470-2ebd-4406-ae41-cc85fa7250c2
电子工程师,湖南永和阳光生物科技股份有限公司,1.4-2万,长沙·浏阳·洞阳,广州,本科,3-5年,,zhilian,,"设计,研发,嵌入式硬件研发,PCB设计,电路设计",http://www.zhaopin.com/jobdetail/CC713502880J40855792714.htm?refcode=4019&srccode=401901&preactionid=42b95470-2ebd-4406-ae41-cc85fa7250c2
"NPI Engineer, Electrical/NPI电子工程师",福州高意光学有限公司,1.1-2万·13薪,福州·晋安·鼓山,广州,本科,经验不限,,zhilian,,"汽车电子产品,电力电子产品",http://www.zhaopin.com/jobdetail/CC154848720J40810752716.htm?refcode=4019&srccode=401901&preactionid=42b95470-2ebd-4406-ae41-cc85fa7250c2
电源工程师,佛山电器照明股份有限公司,1.1-2.2万·13薪,佛山·禅城·祖庙,广州,本科,3-5年,,zhilian,,电源开发,http://www.zhaopin.com/jobdetail/CC000351870J40513296415.htm?refcode=4019&srccode=401901&preactionid=42b95470-2ebd-4406-ae41-cc85fa7250c2
光电成像系统嵌入式软件工程师,北京华新创科信息技术有限公司,1.2-2.4万·13薪,北京·石景山·古城,广州,本科,经验不限,,zhilian,,"ARM处理器,DSP,FPGA,C语言,C++,VERILOG / VHDL",http://www.zhaopin.com/jobdetail/CCL1341769070J40850868409.htm?refcode=4019&srccode=401901&preactionid=42b95470-2ebd-4406-ae41-cc85fa7250c2
电子工程师,浙江腾腾电气有限公司,3-6万,温州·鹿城区·藤桥镇,广州,硕士,10年以上,,zhilian,,"设计,研发,电气设计,电路设计,PCB设计,电力电子产品,消费电子产品",http://www.zhaopin.com/jobdetail/CC459422310J40729209214.htm?refcode=4019&srccode=401901&preactionid=42b95470-2ebd-4406-ae41-cc85fa7250c2
光学工程师,四川红岸基地智能科技有限公司,1.3-2万·13薪,成都·龙泉驿·大面,广州,硕士,3-5年,,zhilian,,"研发,测试,激光器,镜头,光学仪器,SolidWorks,Zemax,CodeV",http://www.zhaopin.com/jobdetail/CC579572430J40577923404.htm?refcode=4019&srccode=401901&preactionid=42b95470-2ebd-4406-ae41-cc85fa7250c2
光源工程师,软通动力信息技术(集团)股份有限公司,1-1.6万,深圳·龙岗·平湖,广州,大专,1-3年,,zhilian,,"光模块,激光器,镜头,光纤激光器,半导体激光器,脉冲激光器",http://www.zhaopin.com/jobdetail/CC000544460J40811494916.htm?refcode=4019&srccode=401901&preactionid=159089f1-8453-434f-b871-53c0f516e668
产品工艺制程工程师,东亚光学(信阳)有限公司,6000-8000元,信阳,广州,大专,3-5年,,zhilian,,"总装工艺,装配工艺,成型工艺,注塑工艺,热成型工艺,工艺设计,工艺改良,新品导入（NPI）",http://www.zhaopin.com/jobdetail/CCL1347376930J40801213616.htm?refcode=4019&srccode=401901&preactionid=159089f1-8453-434f-b871-53c0f516e668
电子工程师,山东迪威尔光电科技有限公司,5000-10000元,烟台·福山·古现,广州,本科,3-5年,,zhilian,,电子硬件开发,http://www.zhaopin.com/jobdetail/CC676032220J40242846716.htm?refcode=4019&srccode=401901&preactionid=e12e166d-0366-4284-8c74-5106b105438b
制程工程师（光电专业通信工艺方向）,环球广电,7000-10000元·15薪,宁波·海曙·古林,广州,本科,经验不限,,zhilian,,"光模块,激光器,激光雷达,制程,光学工艺,工艺设计",http://www.zhaopin.com/jobdetail/CC140710560J40786335606.htm?refcode=4019&srccode=401901&preactionid=67c389d5-133c-42c4-a1aa-f551ceff2d0b
电子工程师,深圳市炬芯华技术有限公司,7000-12000元,深圳·宝安·沙井,广州,大专,3-5年,,zhilian,,"消费电子产品,研发,设计,%E7%94%B5%E5%AD%90%E7%83%9F,电子烟,家电类",http://www.zhaopin.com/jobdetail/CCL1470482980J40496306802.htm?refcode=4019&srccode=401901&preactionid=67c389d5-133c-42c4-a1aa-f551ceff2d0b
电子硬件工程师,锦虹晶体材料(上海)有限公司,1.2-2万·13薪,上海·宝山·大场,广州,本科,3-5年,,zhilian,,"信号处理,模拟电路,设计,技术支持",http://www.zhaopin.com/jobdetail/CC591023820J40919200715.htm?refcode=4019&srccode=401901&preactionid=67c389d5-133c-42c4-a1aa-f551ceff2d0b
工艺/制程工程师,深圳市芃晟科技有限公司,8000-15000元,东莞·常平镇,广州,本科,3-5年,,zhilian,,光电子,http://www.zhaopin.com/jobdetail/CCL1511063450J40864102607.htm?refcode=4019&srccode=401901&preactionid=67c389d5-133c-42c4-a1aa-f551ceff2d0b
光电工程师,北京杜克泰克科技有限公司,1.5-2万,武汉·东湖高新区,广州,硕士,经验不限,,zhilian,,"激光器,光学仪器",http://www.zhaopin.com/jobdetail/CC672980020J41003052204.htm?refcode=4019&srccode=401901&preactionid=67c389d5-133c-42c4-a1aa-f551ceff2d0b
电子工程师--5.5千-6.5千,辽宁九夷能源科技有限公司,5000-7000元,鞍山·立山区·千山街道,广州,本科,5-10年,,zhilian,,"维修/保养,安装/调试,测试,电力电子产品,电池充放电设备,化成台",http://www.zhaopin.com/jobdetail/CC519985920J40844761801.htm?refcode=4019&srccode=401901&preactionid=76b9e9d2-ae4e-4434-959b-a02b67d866ca
激光工程师（光纤）,深圳市大族光子激光技术有限公司,1-2万,深圳·宝安·福海,广州,本科,1-3年,,zhilian,,"激光工程师,保偏光纤激光器",http://www.zhaopin.com/jobdetail/CCL1347284070J41012457604.htm?refcode=4019&srccode=401901&preactionid=76b9e9d2-ae4e-4434-959b-a02b67d866ca
光学冷加工工艺工程师,南京科尼奇光学晶体有限公司,6000-12000元·13薪,南京·江宁·淳化,广州,大专,3-5年,,zhilian,,"研发,硬件研发,光模块,镜头,蓝宝石",http://www.zhaopin.com/jobdetail/CC364088910J40787763608.htm?refcode=4019&srccode=401901&preactionid=76b9e9d2-ae4e-4434-959b-a02b67d866ca
光学工程师,上海琨钦信息科技有限公司合肥分公司,7000-14000元,上海·闵行·新虹,广州,本科,经验不限,,zhilian,,"研发,Zemax,ANSYS,Matlab,激光器,光模块,仿真设计",http://www.zhaopin.com/jobdetail/CCL1513128030J40905049608.htm?refcode=4019&srccode=401901&preactionid=76b9e9d2-ae4e-4434-959b-a02b67d866ca
研发工程师,江苏华兴激光科技有限公司,1-1.5万·13薪,徐州·邳州市·戴圩街道,广州,本科,3-5年,,zhilian,,"半导体材料,芯片,元器件,设计,研发",http://www.zhaopin.com/jobdetail/CC416688580J40657516316.htm?refcode=4019&srccode=401901&preactionid=76b9e9d2-ae4e-4434-959b-a02b67d866ca
光学工程师,科微量子科技(湖南)有限公司,7000-10000元·13薪,长沙·望城·大泽湖,广州,本科,1-3年,,zhilian,,"仿真设计,研发,激光器,光学仪器,光纤激光器,Matlab",http://www.zhaopin.com/jobdetail/CCL1488149830J40827827105.htm?refcode=4019&srccode=401901&preactionid=76b9e9d2-ae4e-4434-959b-a02b67d866ca
芯片工艺/光电工艺（线上面试）,软通动力信息技术(集团)股份有限公司,8000-13000元,武汉·江夏·豹澥,广州,本科,经验不限,,zhilian,,"光刻工艺,外延工艺,蚀刻工艺,研磨工艺,封装工艺,光器件工艺,芯片工艺",http://www.zhaopin.com/jobdetail/CC000544460J40833458216.htm?refcode=4019&srccode=401901&preactionid=76b9e9d2-ae4e-4434-959b-a02b67d866ca
电子工程师/硬件工程师,成都睿视红外光电科技有限公司,8000-10000元,成都·郫都·红光,广州,本科,3-5年,,zhilian,,"研发,设计,测试,嵌入式软件研发,嵌入式硬件研发,消费电子产品,医疗电子产品,光电子产品,电路设计,PCB设计,电气设计",http://www.zhaopin.com/jobdetail/CCL1377473280J40549183401.htm?refcode=4019&srccode=401901&preactionid=76b9e9d2-ae4e-4434-959b-a02b67d866ca
光学工程师,北京镭志威光电技术有限公司,1.5-3万·13薪,北京·朝阳·酒仙桥,广州,本科,3-5年,,zhilian,,"激光器,光学仪器,研发",http://www.zhaopin.com/jobdetail/CC193581310J40535762713.htm?refcode=4019&srccode=401901&preactionid=76b9e9d2-ae4e-4434-959b-a02b67d866ca
高级电子工程师,光力科技,1.2-2万,郑州·中原·沟赵,广州,本科,5-10年,,zhilian,,"研发,设计,电路设计,嵌入式硬件研发,电力电子产品,仪器仪表传感器",http://www.zhaopin.com/jobdetail/CC164615410J40838052107.htm?refcode=4019&srccode=401901&preactionid=7b0052d1-8e0a-4ab0-8139-c90f18c25cb2
光学设计工程师,北京艾方光电设备有限公司,1-1.5万,北京·海淀·温泉,广州,硕士,经验不限,,zhilian,,"光学,光学设计,ZEmax,光学工程,光学系统设计,激光,物理光学,光电",http://www.zhaopin.com/jobdetail/CCL1258889750J40461341709.htm?refcode=4019&srccode=401901&preactionid=7b0052d1-8e0a-4ab0-8139-c90f18c25cb2
光学工程师,武汉珞珈伊云光电技术有限公司,1.1-1.9万·13薪,武汉·江夏·豹澥,广州,硕士,3-5年,,zhilian,,光学仪器,http://www.zhaopin.com/jobdetail/CCL1270756350J40987934004.htm?refcode=4019&srccode=401901&preactionid=7b0052d1-8e0a-4ab0-8139-c90f18c25cb2
光学工程师,湖南大科激光有限公司,1-1.5万,温州·龙湾区·星海街道,广州,硕士,经验不限,,zhilian,,研发,http://www.zhaopin.com/jobdetail/CC555750730J40787911906.htm?refcode=4019&srccode=401901&preactionid=7b0052d1-8e0a-4ab0-8139-c90f18c25cb2
光学镜头量产NPI工程师,江西高佳光电科技有限公司,9000-11000元,上饶·广信区·兴园街道,广州,大专,1-3年,,zhilian,,"研发,测试,仿真设计,AutoCAD,Zemax,光学仪器,硬件测试",http://www.zhaopin.com/jobdetail/CC506777580J40845076709.htm?refcode=4019&srccode=401901&preactionid=7b0052d1-8e0a-4ab0-8139-c90f18c25cb2
电子工程师,安徽科创中光科技股份有限公司,1-1.5万,合肥·蜀山·南岗,广州,本科,1-3年,,zhilian,,"设计,测试,电路设计,PCB设计,信号采集",http://www.zhaopin.com/jobdetail/CC426731180J40860822611.htm?refcode=4019&srccode=401901&preactionid=7b0052d1-8e0a-4ab0-8139-c90f18c25cb2
光电技术工程师,北京欧普特科技有限公司,7000-10000元,北京·大兴·荣华街道,广州,本科,1-3年,,zhilian,,"光学仪器,激光器,镜头",http://www.zhaopin.com/jobdetail/CC000574330J40583159014.htm?refcode=4019&srccode=401901&preactionid=34bf7e8b-b23b-422d-9ed9-653aa7e550f2
电子NPI工程师,宁波东源音响器材有限公司,1-1.6万·13薪,宁波·鄞州·聚贤,广州,中专/中技,3-5年,,zhilian,,"研发,设计,测试,PCB设计,电路设计,工艺设计,专业音响",http://www.zhaopin.com/jobdetail/CC341957010J40868034905.htm?refcode=4019&srccode=401901&preactionid=34bf7e8b-b23b-422d-9ed9-653aa7e550f2
自动化工程师,北京亦甬科技有限公司,1.5-2.5万,宁波·奉化·岳林,广州,本科,3-5年,,zhilian,,"光学加工,自动化方案",http://www.zhaopin.com/jobdetail/CCL1511906060J40969769402.htm?refcode=4019&srccode=401901&preactionid=34bf7e8b-b23b-422d-9ed9-653aa7e550f2
电子工程师,联纲光电科技股份有限公司,1.5-2.2万,东莞·万江街道,广州,大专,5-10年,,zhilian,,"消费电子产品,PCB板",http://www.zhaopin.com/jobdetail/CC429069310J40493820713.htm?refcode=4019&srccode=401901&preactionid=34bf7e8b-b23b-422d-9ed9-653aa7e550f2
光耦产品研发工程师,福建福顺半导体制造有限公司,1.5-2万,福州·仓山·盖山,广州,本科,3-5年,,zhilian,,研发,http://www.zhaopin.com/jobdetail/CC197303010J40771691007.htm?refcode=4019&srccode=401901&preactionid=34bf7e8b-b23b-422d-9ed9-653aa7e550f2
电子工程师,东莞市亚振荣信息技术有限公司,1.5-2万,东莞·寮步镇,广州,本科,3-5年,,zhilian,,"设计,研发",http://www.zhaopin.com/jobdetail/CCL1454317900J40781989013.htm?refcode=4019&srccode=401901&preactionid=34bf7e8b-b23b-422d-9ed9-653aa7e550f2
光电系统工程师,挚感(苏州)光子科技有限公司,2-2.5万·13薪,宁波·北仑·新碶,广州,硕士,1-3年,,zhilian,,"研发,硬件研发,软件研发,光模块,激光器,激光雷达,Matlab",http://www.zhaopin.com/jobdetail/CC710132480J40984676804.htm?refcode=4019&srccode=401901&preactionid=34bf7e8b-b23b-422d-9ed9-653aa7e550f2
电子工程师（开关电源）,深圳爱科思达科技有限公司,2-3万,深圳·宝安·福永,广州,大专,5-10年,,zhilian,,消费电子产品,http://www.zhaopin.com/jobdetail/CC881825640J40856072201.htm?refcode=4019&srccode=401901&preactionid=34bf7e8b-b23b-422d-9ed9-653aa7e550f2
电子硬件工程师,河北科瑞达仪器科技股份有限公司,1.2-1.8万,石家庄·栾城·郄马,广州,本科,3-5年,,zhilian,,"设计,ARM研发,PCB设计",http://www.zhaopin.com/jobdetail/CC144672340J40724040416.htm?refcode=4019&srccode=401901&preactionid=34bf7e8b-b23b-422d-9ed9-653aa7e550f2
光电吊舱工程师,江苏数字鹰科技股份有限公司,1-1.5万,无锡·锡山·云林,广州,本科,3-5年,,zhilian,,"电路设计,SolidWorks,驱动开发,PCB设计,FPGA开发,测试",http://www.zhaopin.com/jobdetail/CC246619430J40844157211.htm?refcode=4019&srccode=401901&preactionid=34bf7e8b-b23b-422d-9ed9-653aa7e550f2
