job_name,company_name,salary,work_area,city,education,work_year,issue_date,source,skill_requirements,tech_tags,job_url
技术支持工程师（双休）,郑州食汇和牛供应链有限公司,7000-14000元,郑州·金水·杜岭,郑州,大专,经验不限,7月26日,zhilian_direct,岗位职责： 1、认真了解公司产品的各项功能及维护技能； 2、负责对公司的设备进行安装、调试、验收、维护、维修及培训等工作。 3、负责产品的售前支持、方案编写、产品演示； 任职资格: 1、理工科相关专业，大专及以上学历，有系统培训； 2、诚实守信，具有良好的团队精神； 3、表达能力、沟通能力强、经验不限，欢迎新人！ 薪资待遇： 1、底薪5000+绩效+奖金； 2、入职签订劳务合同，缴纳五险一金； 3、公司岗位晋升公平公开； 工作地点 郑州金水区豫港大厦 以担保或任何理由索要财物，扣押证照，均涉嫌违法。一经发现， 立即举报,"软件产品,硬件产品,通信设备",http://www.zhaopin.com/jobdetail/CCL1464810920J40874586010.htm?refcode=4019&srccode=401901&preactionid=62501075-5a4b-4d06-8ce6-bd9f5c195b76
涂装车间数字化运营技术员(J10163),雷克萨斯(上海)新能源有限公司,面议,上海·金山·张堰,上海,本科,经验不限,7月26日,zhilian_direct,职位描述 新能源汽车 职责描述： 伴随新工厂建设，涂装设备导入，构建涂装品质分析、设备征兆管理、生产管理系统，具体业务有： 1、工业物联网，通过5G、传感器、RFID等技术将人、机、料、法、环全要素连接。 2、数字孪生，构建物理工厂的虚拟模型，实时映射生产状态，进行虚拟调试，工艺优化和故障预演。 3、大数据与AI模型，收集生产数据，利用AI模型进行分析和学习，能进行预测性设备维护，工艺参数优化。 4、标准化与集成平台，打破信息孤岛，确保数据流、业务流贯通。 任职要求： ・大学本科以上学历，机械工程和计算机科学专业优先 ・有大规模数据处理、SQL及BI工具使用经验 · 有数字化转型业务改革（新系统及工具导入）经验 · 具备汽车涂装行业相关知识优先 工作地点 上海金山区广业路 以担保或任何理由索要财物，扣押证照，均涉嫌违法。一经发现， 立即举报,新能源汽车,http://www.zhaopin.com/jobdetail/CCL1495848340J40913935908.htm?refcode=4019&srccode=401901&preactionid=62501075-5a4b-4d06-8ce6-bd9f5c195b76
现场技术支持,重庆量维元商务信息咨询有限公司,7000-9000元,重庆·南岸·南坪,重庆,大专,经验不限,7月26日,zhilian_direct,职位描述 硬件产品 硬件设备调试部署 客户技术支持 系统操作培训 工作职责 1. 负责客户现场的硬件设备安装、调试与系统部署，确保设备与平台的稳定对接。 2. 快速响应客户的技术问题，通过现场排查、远程协助等方式定位并解决故障，保障业务连续性。 3. 整理客户反馈的技术需求与问题，形成标准化解决方案文档，为产品优化提供数据支持。 4. 协助客户完成系统操作培训，提升客户对平台的使用熟练度与满意度。 任职要求 1. 大专及以上学历，计算机、电子信息等相关专业优先。 2. 具备硬件设备（服务器、网络设备等）调试经验，熟悉Windows/Linux操作系统基础操作。 3. 拥有较强的问题分析能力与动手能力，能独立完成现场故障排查与修复。 4. 具备良好的客户服务意识与沟通能力，能清晰理解客户需求并提供专业解决方案。 5. 适应短期出差，能接受客户现场驻场支持的工作安排。 工作地点 南岸区重庆南坪公寓(重庆金信大厦店)1806 以担保或任何理由索要财物，扣押证照，均涉嫌违法。一经发现， 立即举报,"硬件产品,硬件设备调试部署,客户技术支持,系统操作培训",http://www.zhaopin.com/jobdetail/CCL1293962890J40858178710.htm?refcode=4019&srccode=401901&preactionid=62501075-5a4b-4d06-8ce6-bd9f5c195b76
技术支持,江西浅拾科技有限公司,6000-8000元,武汉·洪山·关山,武汉,本科,经验不限,7月26日,zhilian_direct,职位描述 软件产品 技术支持 客户问题处理 知识库建设 工作职责： 1. 负责公司软件产品的日常技术支持，通过电话、在线工具等渠道快速响应客户咨询与故障申报。 2. 独立完成常见技术问题的诊断与解决，对复杂问题进行初步定位后协调研发团队跟进。 3. 整理客户反馈与问题案例，输出技术支持文档及知识库，优化服务流程。 任职要求： 1. 本科及以上学历，计算机相关专业，具备基础的软硬件知识。 2. 熟悉Windows/Linux操作系统，掌握SQL基础查询及常用办公软件操作。 3. 具备良好的沟通表达能力与服务意识，能耐心解答客户疑问。 4. 有IT服务或技术支持经验者优先，了解软件产品部署流程者优先。 工作地点 武汉洪山区光谷软件园 以担保或任何理由索要财物，扣押证照，均涉嫌违法。一经发现， 立即举报,"软件产品,技术支持,客户问题处理,知识库建设",http://www.zhaopin.com/jobdetail/CCL1524007060J40860582707.htm?refcode=4019&srccode=401901&preactionid=62501075-5a4b-4d06-8ce6-bd9f5c195b76
技术支持岗,重庆九洲星熠导航设备有限公司,8000-12000元,重庆·大渡口·八桥,重庆,本科,经验不限,7月26日,zhilian_direct,岗位职责： 1.负责部门产品测试工作； 2.负责产品售前、售中、售后相关的技术支持工作； 3.负责协调产品线技术、相关产品及研发人员，跟踪解决产品售后问题； 4.上级安排的其他工作。 任职资格： 1.学历及专业：本科及以上学历，理工科相关专业，电子类，自动化、机械控制、汽车维修等相关专业优先； 2. 3.技能要求：能够熟练应用计算机、网络等设备，具有一定的文案撰写能力；能适应出差； 4.性格特征：为人热情、务实勤奋，做事积极主动、有较强的团队合作能力，具有一定的沟通能力。 工作地点 重庆大渡口区天安数码城1期2栋17层 以担保或任何理由索要财物，扣押证照，均涉嫌违法。一经发现， 立即举报,"软件产品,硬件产品,通信设备",http://www.zhaopin.com/jobdetail/CC501853820J40813380413.htm?refcode=4019&srccode=401901&preactionid=62501075-5a4b-4d06-8ce6-bd9f5c195b76
技术工程师,山东本元码网络科技有限公司,8000-13000元·13薪,沈阳·沈北·正良,沈阳,大专,经验不限,7月26日,zhilian_direct,岗位职责： 1：协助销售做好售前及售后运行维护工作； 2：解决项目工程中出现的相关问题； 3：对电脑安装维修熟悉； 4：局域网络问题解决及运行维护； 任职要求 1：大专及以上学历，相关专业优先； 5：吃苦耐劳，抗压能力强； 6：配合好领导下发的工作任务； 奖金绩效 带薪年假 周末双休 五险一金 交通补助 加班补助 项目奖金 工作地点 沈阳沈北新区南环路与践行路交叉口 以担保或任何理由索要财物，扣押证照，均涉嫌违法。一经发现， 立即举报,信息安全,http://www.zhaopin.com/jobdetail/CCL1473864370J40579157808.htm?refcode=4019&srccode=401901&preactionid=62501075-5a4b-4d06-8ce6-bd9f5c195b76
售前技术支持,信天极点传媒科技(上海)有限公司,1.2-1.5万,上海·宝山·庙行,上海,本科,经验不限,7月26日,zhilian_direct,职位描述 售前技术支持 客户需求沟通 产品演示与培训 嘿！我们正在寻找一位充满激情、责任心强的售前技术支持小伙伴，一起为我们的客户提供最棒的产品体验！ 你的工作将包括与客户沟通需求、进行产品演示和培训、协助销售团队等，让我们共同为客户带来满意的产品和服务。 如果你具备以下条件，就赶快加入我们吧！ 本科及以上学历，计算机或相关专业优先； 有售前技术支持或相关领域工作经验者优先，但不是必须； 善于沟通，能清晰表达产品功能和优势； 责任心强，热爱团队工作。 我们期待你的加入，一起为客户提供卓越的产品体验！ 工作地点 上海宝山区长江西路2311号 以担保或任何理由索要财物，扣押证照，均涉嫌违法。一经发现， 立即举报,"售前技术支持,客户需求沟通,产品演示与培训",http://www.zhaopin.com/jobdetail/CCL1516582760J40767933906.htm?refcode=4019&srccode=401901&preactionid=62501075-5a4b-4d06-8ce6-bd9f5c195b76
工程管培生（技术支持方向）,德裕伟业(天津)海洋工程有限公司,3000-6000元,天津·滨海新区·大沽,天津,大专,经验不限,7月26日,zhilian_direct,岗位职责 1. 跟进海上平台、陆地施工现场，协助技术负责人完成施工图纸核对、技术交底、工艺核验工作； 2. 全程跟进钢结构、管道、防腐、机电安装等各施工工序，做好现场数据记录、施工日志整理； 3. 负责项目报验资料、施工资料、竣工资料的收集、整理、录入、归档，保证资料完整合规； 4. 对接施工班组、监理及甲方单位，准确传达技术要求，及时反馈现场技术问题、协助问题整改； 5. 参与项目前期调研、方案研讨、技术培训，公司一对一带教培养，定向成长为项目技术骨干。 任职要求 1. 大专及以上学历，海洋工程、石油工程、船舶工程、机电、土木、工程管理等相关专业； 2. 2024–2026届应届生、实习生或短期相关经验人员均可，可零基础培养； 3. 会基本办公软件，能识读工程图纸、会CAD者优先； 4. 能适应工地驻场、海上作业、短期出差，服从项目安排； 5. 态度端正、吃苦耐劳、稳定性强，愿意长期深耕海工技术领域。 展开该职位详情,"石油/石化,工程施工,技术服务",http://www.zhaopin.com/jobdetail/CCL1511797190J40882299705.htm?refcode=4019&srccode=401901&preactionid=62501075-5a4b-4d06-8ce6-bd9f5c195b76
技术支持工程师岗-S3932M,京东集团,8000-11000元·16薪,宿迁·宿城区·河滨街道,宿迁,学历不限,经验不限,7月26日,zhilian_direct,"职位描述 DBMS 系统运营 问题解决 线上验证 系统优化 运维 工作内容： 1.解决系统运营过程中出现的问题；解答系统用户以及相关业务方的咨询；跟进系统问题的解决; 2.协调系统线上验证；分析、管理日常系统问题，形成系统运营报告； 3.综合分析系统运行状况，提出有效优化方案，促进系统提升；参与并推进系统运营工作体系化和规范化。 任职资格： 1.计算机、电子商务等相关专业，本科以上学历； 2.熟悉sql server、oracle、mysql等DBMS； 3.具有业务系统实施、运营支持等相关工作经验者优先； 4.能够承受较大的工作压力；良好的团队协作精神和服务意识，细致周到的做事风格； 5.良好的表达能力、沟通能力，能够与用户、开发、业务部门进行良好的沟通； 符合京东价值观：客户为先、创新、拼搏、担当、感恩、诚信。 工作地点 宿城区宿迁三期职场三期, 职场 以担保或任何理由索要财物，扣押证照，均涉嫌违法。一经发现， 立即举报","DBMS,系统运营,问题解决,线上验证,系统优化,运维",http://www.zhaopin.com/jobdetail/CC192921310J40779263409.htm?refcode=4019&srccode=401901&preactionid=62501075-5a4b-4d06-8ce6-bd9f5c195b76
工程技术员五险一金,锦州阳光气象科技有限公司,3000-4000元,锦州·太和区·松山街道,锦州,本科,经验不限,7月26日,zhilian_direct,岗位职责：负责公司产品的现场安装、调试、培训及售后设备维修，使用电脑串口工具进行数据的调试。 任职要求：本科及以上学历，计算机、网络，机电一体化，电子工程，电气自动化等相关专业，优秀可放宽，公司提供带薪培训，有无经验均可。应届毕业生及往届毕业生均可。 薪资待遇：底薪+效益奖金+安装奖金+差旅补助，五险一金，免费午餐，节假日福利，生日福利。 市内有免费通勤车。 职位福利：全勤奖、员工旅游、节日福利、五险一金、包吃 职位亮点：五险一金，带薪培训。 工作地点 锦州太和区东海大街15号 以担保或任何理由索要财物，扣押证照，均涉嫌违法。一经发现， 立即举报,售前技术支持,http://www.zhaopin.com/jobdetail/CC573863320J40049600307.htm?refcode=4019&srccode=401901&preactionid=62501075-5a4b-4d06-8ce6-bd9f5c195b76
技术支持工程师（6k+双休社保）,陕西智合云图信息技术有限公司,6000-8000元,西安·雁塔·丈八沟,西安,大专,经验不限,7月26日,zhilian_direct,职位描述 通信设备 通信系统运维 客户技术支持 技术文档整理 工作职责： 1. 负责通信设备及系统的日常运维与故障排查，确保客户业务的连续稳定运行。 2. 对接客户技术需求，提供远程或现场技术支持，高效解决设备配置、网络连接等问题。 3. 整理技术支持文档与案例库，优化问题处理流程，提升团队响应效率。 任职要求： 1. 大专及以上学历，通信工程、计算机相关专业优先。 2. 具备良好的沟通能力与服务意识，能快速理解客户需求并提供解决方案。 工作地点 西安雁塔区融城云谷科技二路 以担保或任何理由索要财物，扣押证照，均涉嫌违法。一经发现， 立即举报,"通信设备,通信系统运维,客户技术支持,技术文档整理",http://www.zhaopin.com/jobdetail/CCL1500547650J40906096203.htm?refcode=4019&srccode=401901&preactionid=62501075-5a4b-4d06-8ce6-bd9f5c195b76
技术部/集团本部-信息技术员（智慧水务方向）,福州市长乐区水务投资集团有限公司,5000-8000元,福州·长乐·航城,福州,本科,经验不限,7月26日,zhilian_direct,"岗位职责、任职基本条件及任职资格：详见岗位详情。三、信息发布：招聘信息通过第三方人力资源中介机构在福州人事人才网（https://www.fzrsrc.com/news/18_8237.html）公开发布。四、招聘程序（一）报名方式和时间1.报名方式：本次招聘通过邮箱报名；报考者应在报名时间内及时如实提交个人信息及电子版附件材料发送至邮箱：fzclst@163.com；2.报名时间：1月5日至1月19日下午18点（正常工作日时间）。3.报名材料：①填写附件1：《福州市长乐区水务投资集团有限公司招聘报名表》；②身份证原件拍照或扫描件；③毕业证书、学位证书原件拍照或扫描件以及学信网的学历验证信息(教育部学历证书电子注册备案表)、学位验证信息（持境外学历(位)报考的，应提供教育部留学服务中心出具的《国外学历学位认证书》或《香港、澳门特别行政区学历学位认证书》或《台湾地区学历学位认证书》或教育部留学服务中心出具的证明）；④岗位要求的资格、职称证书电子版一并上传至附件；⑤相应年限的社会工作经历证明，在校期间的实习或社会实践经历不能视为工作经历；（二）资格审查资格审查由第三方人力资源中介机构进行，针对考生学历、年龄、工作经历等方面进行评级。通过资格审核后及按照各岗位招考方式进行面谈、面试。报考者应认真阅读本次公开招聘考试工作的有关规定,核对本岗位报考条件，对所提供的资料与报考岗位条件设置要求是否相符,提交的报考信息应当真实、准确,提供虚假报考信息的,一经查实,即取消报考资格或聘用资格。对伪造、编造有关证件、材料、信息,骗取考试资格的,将按有关规定予以处理。资格审核贯穿招聘工作全过程，凡是发现报名者弄虚作假的，一经查实即取消录用资格。（三）考试办法：①面谈（初试）：根据资格审核结果筛选确定最终参加面谈人员，通过资格初审应聘人员不足8名的，则继续延期招聘。通过面谈，全面了解应聘者的能力素质、个性特征和岗位匹配度、工作经历、优势特长、主要业绩、熟悉领域以及针对所报岗位的认识和今后发展思路等方面。根据第一轮面谈的实际情况，确定是否新增第二轮面谈。设定面谈合格线70分，未达到合格线的不进入面试。若该岗位招考人数与面谈合格人数比例超过1:5的，则按照岗位面谈成绩从高到低选取1:5的比例进入面试环节。②面试（复试）：面试采用半结构化面试。若进入面试的考生因个人原因主动放弃则递延面谈成绩下一位进入面试环节。面试成绩满分为100分，按照面试最终成绩从高至低排列确定拟录用人员名单。面试前，应聘人员须携带报名时提供的所有证件、证明及相关材料原件进行资格复审。（四）背景调查：由第三方人力资源中介机构对拟录用人员开展背景调查工作，调查中如发现拟录用人员存在信息造假、工作简历不实、个人道德品质有不良记录、在原单位有违法违纪行为或经济、劳动纠纷等情况，取消其聘用资格。（五）体检：通过面试的拟录用考生到三甲医院或具有入职体检资质体检中心进行体检，体检项目参照事业单位招聘录用体检有关规定。（六）确定人选：根据面试成绩和体检情况进行综合分析，并征求有关方面的意见，提出任用建议。经福州市长乐区水务投资集团有限公司研究确定拟聘人选，并对拟聘人选进行公示。经研究，认为确无合适人选的，该招聘职位可以空缺。在背景调查、体检、公示、办理入职等环节，因应聘人员不符合要求、主动放弃等原因，出现岗位招聘计划缺额时，由公司研究决定是否按该岗位最终面试成绩从高分到低分进行递补。如新录用人员在入职6个月内不能胜任岗位、离职或放弃聘用资格的，由公司研究决定是否按该岗位最终成绩从高分到低分进行递补。（七）公示：拟聘人选在福州人事人才网进行任前公示，公示期为5个工作日。详情请查看福州人事人才网公告：https://www.fzrsrc.com/news/18_8237.html 工商信息 企业名称 福州市长乐区水务投资集团有限公司 企业类型 有限责任公司（非自然人投资或控股的法人独资） 法人代表 陈航 经营状态 存续 成立时间 2021-12-28 注册资本 10亿元 查看全部信息 认证资质 营业执照信息 相似职位 查看更多 信息技术员 6000-8000元 福建蓝鲨生命科学研发中心有限公司 大专1-3年JavaWindowsLinuxOracleLIMS系统运维生物制药行业IT支持低代码平台二次开发ERP系统生物/制药软件/IT服务 信息技术专员 7000-9000元 福建华威集团有限公司 硕士1-3年计算机硬件 IT应用管理专员 7000-10000元 福建奔驰汽车有限公司 本科1-3年IT系统系统运维编程绩效奖金膳食补贴过节费补充医疗保险免费班车提供宿舍周末双休 IT工程师 7000-11000元·13薪 凌云新能源科技有限公司福州分公司 本科1-3年OA系统MES系统新能源/燃油车零部件 技术部","物联网,电力/水利/热力/燃气",http://www.zhaopin.com/jobdetail/CCL1394134310J40748725606.htm?refcode=4019&srccode=401901&preactionid=62501075-5a4b-4d06-8ce6-bd9f5c195b76
工业生产现场人员定位系统技术工程师,青岛安然物联网科技有限公司,9000-18000元,嘉峪关·钢城街道,嘉峪关,本科,经验不限,7月26日,zhilian_direct,职位描述 售前技术支持 售后技术支持 硬件技术支持 解决方案技术支持 现场技术支持 远程技术支持 网络技术支持 你能经常到全国各地出差吗？你能到工业生产现场生产现场做技术支持吗？ 真正的奋斗者在安然会有让人值得为之奋斗的事业，会有充实、高效的成长，会有高人一等的收入。 你能做好售前技术支持、根据客户需求，高效制作方案吗？你能做好售中技术支持、指导他人正确安装、部署、调试系统向用户保质保量快速交付吗？你能做好售后维护，高效沟通和落实客户需求吗？ 迄今已服务中石化、中石油、延长石油、国能、兖矿、京能、索普、新安、奇美、昊源、潞安、旭阳、垦利、逸盛、海科、酒钢、金发等几百家石化、化工、选煤、钢铁、电厂企业。 安然以客户为中心，以强者为本，抬头乐干，愿意与同道中人联合、链接，携手共建、共用、共享生产安全命运共同体，一起干，一起干，让优秀企业更安全，让优秀企业更高效！ 工作地点 嘉峪关酒泉钢铁(集团)有限责任公司 以担保或任何理由索要财物，扣押证照，均涉嫌违法。一经发现， 立即举报,"售前技术支持,售后技术支持,硬件技术支持,解决方案技术支持,现场技术支持,远程技术支持,网络技术支持",http://www.zhaopin.com/jobdetail/CC559764920J40475734404.htm?refcode=4019&srccode=401901&preactionid=62501075-5a4b-4d06-8ce6-bd9f5c195b76
售前技术工程师(ICT方向，应届生),成都四方创新科技有限公司,3000-6000元,成都·武侯·金花桥,成都,本科,经验不限,7月26日,zhilian_direct,岗位职责: 1、协助资深售前工程师完成 ICT 硬件产品的技术方案撰写，包括需求分析、产品选型及方案呈现。 2、参与客户沟通与需求调研，协助梳理客户痛点并匹配公司硬件产品的技术优势。 3、独立完成产品演示、技术答疑，负责投标文件的技术部分编写，支撑项目落地. 4、跟踪学习行业前沿 ICT 技术趋势，沉淀硬件产品知识，提升方案设计与客户沟通能力。 5、配合销售团队完成技术交流、方案宣讲等客户对接工作。 任职要求： 1、学历专业：本科及以上学历，计算机、电子信息、通信工程等相关专业 应届毕业生 2、技术基础：了解 ICT 领域基础技术（如网络架构、服务器硬件、数据中心基础），对硬件产品有浓厚兴趣。 3、能力素质：具备良好的逻辑思维与文字表达能力，能清晰梳理技术方案的核心逻辑。 4、学习能力：学习能力强，能快速掌握新产品技术细节，适应技术与业务结合的工作节奏。 5、团队协作：具备团队协作精神，能配合跨部门完成项目支持工作。 6、加分项：有售前、技术支持、ICT 行业相关实习经验者优先。 工作地点 成都武侯区西部智谷B区4栋2单元4楼 以担保或任何理由索要财物，扣押证照，均涉嫌违法。一经发现， 立即举报,信息安全,http://www.zhaopin.com/jobdetail/CC394501810J40875273605.htm?refcode=4019&srccode=401901&preactionid=62501075-5a4b-4d06-8ce6-bd9f5c195b76
技术支持工程师,甘肃千浩信息科技有限公司,4000-6000元,兰州·安宁区·西路街道,兰州,大专,1-3年,7月26日,zhilian_direct,岗位职责：1、负责企业网络、机房、弱电、安防等硬件项目的现场实施、安装部署、调试上线工作，包含交换机、路由器、防火墙、服务器、监控设备、综合布线等硬件设备施工搭建；2、根据项目施工方案、图纸及规范要求，完成设备上架、接线、配置调试、网络打通、系统联调等全流程实施工作，保障项目顺利交付；3、负责施工现场勘查、点位确认、施工进度跟进，记录施工数据，及时反馈现场问题并协调解决；4、负责项目完工后的设备验收、资料整理、竣工文档编写、交付交底工作，做好项目收尾归档；5、负责客户现场网络及硬件设备的日常运维、故障排查、检修优化，保障网络系统、硬件设备稳定正常运行；6、配合售前、售后团队完成技术对接、现场支持、设备巡检及客户技术答疑工作。 工作地点 兰州安宁区金华苑-4号楼 以担保或任何理由索要财物，扣押证照，均涉嫌违法。一经发现， 立即举报,"硬件产品,通信设备,无",http://www.zhaopin.com/jobdetail/CCL1485758170J40876955214.htm?refcode=4019&srccode=401901&preactionid=62501075-5a4b-4d06-8ce6-bd9f5c195b76
技术支持岗（劳务派遣） (MJ000767),中国网安,8000-12000元,成都·武侯·肖家河,成都,本科,经验不限,7月26日,zhilian_direct,岗位职责： 1.负责提供产品技术支持，主要包括安全系统集成建设、系统运维、售后服务等，为用户提供集成建设、运维与保障方案，开展咨询解答、用户培训、现场技术服务、故障分析排除、巡修巡检、重大任务保障、产品升级整改、远程支持等工作； 2.与研发部门对接，处理技术支持过程中的产品问题，协助开展问题汇总、统计分析； 3.负责技术支持过程客户及产品信息收集、上报，提出改进建议，协助开展产品使用阶段全生命周期管理； 4.负责对应领域技术文档的编制； 5.支撑技术支持项目的争取、售后市场等工作； 6.对本职的质量、保密、安全生产工作负岗位责任； 7.完成领导交办的其他任务。 二、任职条件： 1.大学本科及以上学历，具有网络、安全、计算机、通信、电子等专业背景，了解安全行业发展动态及趋势； 2.熟悉Windows、麒麟操作系统、数据库等系统运维； 3.熟悉TCP/IP协议，VLAN、VPN网络技术以及常用的网络设备和服务； 4.具备一定的编程基础，能够独立书写脚本语言或具备一定的硬件维修及仪器使用能力； 5.具有较强的分析解决问题能力、动手能力、沟通能力和团队协作能力； 6.具有良好的学习能力和自我驱动能力，能够不断学习和掌握新的技术知识，适应不断变化的工作环境； 7.能够承受一定的工作压力，适应出差、责任心强、能吃苦耐劳、有服务化意识、能够换位思考问题，以客户为中心思考和解决问题； 8.具有网络、安全系统建设和运维项目、安全服务项目经验，带过建设和运维项目团队、编制过方案、运维手册等资料优先； 9.具有CISP-PTE、软考信息系统项目管理、网络规划高级及以上证书者优先； 10.具有网络、安全方向中级职称及以上证书或高级及以上技能证书优先。 工作地点 成都武侯区中国电科高新区创业路8号 以担保或任何理由索要财物，扣押证照，均涉嫌违法。一经发现， 立即举报,"VLAN,TCP,VPN",http://www.zhaopin.com/jobdetail/CC277012680J41022350804.htm?refcode=4019&srccode=401901&preactionid=62501075-5a4b-4d06-8ce6-bd9f5c195b76
技术支持工程师,北京中瓴时代科技有限公司,6000-10000元·13薪,广州·荔湾·桥中,广州,本科,经验不限,7月26日,zhilian_direct,岗位职责： 1. 负责公司产品的技术支持与售后服务。 2. 解决客户在产品使用过程中遇到的技术问题。 3. 收集客户反馈，为产品改进提供建议。 岗位要求： 1. 本科及以上学历，计算机或相关专业。 2. 具备良好的客户 奖金绩效 五险一金 周末双休 定期体检 年终奖 带薪年假 工作地点 广州荔湾区37创新岛产业园招商服务中心 以担保或任何理由索要财物，扣押证照，均涉嫌违法。一经发现， 立即举报,"软件产品,硬件产品",http://www.zhaopin.com/jobdetail/CCL1444495290J40893241015.htm?refcode=4019&srccode=401901&preactionid=62501075-5a4b-4d06-8ce6-bd9f5c195b76
数字化改造售前工程师,江西正合信息科技有限责任公司,6000-8000元,吉安·吉安县·井冈山经济技术开发区,吉安,大专,3-5年,7月26日,zhilian_direct,岗位职责 1、承担数字化改造项目售前工作，上门调研客户业务，拆解需求、梳理业务痛点并输出需求报告。 2、结合客户需求，依托 MES、ERP 等系统制作整体方案、实施方案及宣讲 PPT。 3、对接客户开展技术交流与方案讲解，配合营销团队洽谈业务、完成招投标应答，推进项目落地。 4、联动其他部门同步项目信息，衔接售前与交付工作。 5、配合团队维护客户，整理沉淀标准方案与行业案例，支撑业务拓展。 薪资待遇 高薪面议 工作地点 江西省吉安市吉安县深圳大道与普祥路交叉口西160米 以担保或任何理由索要财物，扣押证照，均涉嫌违法。一经发现， 立即举报,"ERP系统,MES系统,数字化改造,Visio,WMS,PLM,招投标经验",http://www.zhaopin.com/jobdetail/CCL1474006630J40778810706.htm?refcode=4019&srccode=401901&preactionid=62501075-5a4b-4d06-8ce6-bd9f5c195b76
技术支持工程师 （五险一金 双休）,杭州寰悦科技有限公司,8000-10000元,杭州·上城·小营,杭州,大专,1-3年,7月26日,zhilian_direct,职位描述 产业互联网平台技术支持 7×24小时业务保障 客户需求提炼与推动 智能产品 软件/IT服务 产业互联网平台 人工智能 工作职责 1. 负责产业互联网平台客户的技术问题响应与故障排查，提供7×24小时关键业务支持。 2. 深入理解客户业务场景，通过远程或现场方式解决系统部署、配置及性能优化等问题。 3. 协同研发团队推进产品缺陷修复与功能优化，输出技术支持文档与知识库内容。 4. 收集客户反馈并提炼产品改进需求，推动产品体验持续升级。 任职要求 1. 专科及以上学历，计算机相关专业，具备扎实的网络、数据库及操作系统基础知识。 2. 拥有1年以上技术支持经验，熟悉产业互联网平台或SaaS系统的部署与运维流程优先。 3. 具备较强的逻辑分析能力与问题定位能力，能独立处理复杂技术故障。 4. 具备优秀的沟通表达能力与服务意识，能高效协调内外部资源解决客户问题。 工作地点 杭州上城区金泰商务大厦702室 以担保或任何理由索要财物，扣押证照，均涉嫌违法。一经发现， 立即举报,"产业互联网平台技术支持,7×24小时业务保障,客户需求提炼与推动,智能产品",http://www.zhaopin.com/jobdetail/CCL1486629010J40878490505.htm?refcode=4019&srccode=401901&preactionid=62501075-5a4b-4d06-8ce6-bd9f5c195b76
售前技术支持/五险一金,众前行(重庆)人力资源有限公司,1.1-1.5万,重庆·涪陵·马鞍,Guangzhou,大专,1-3年,7月26日,zhilian,职位描述 云服务产品 HR SAAS产品 售前技术支持 人力资源数字化 工作职责 1. 对接客户需求，深入理解人力资源数字化场景下的业务痛点，提供针对性技术解决方案。 2. 负责产品演示、技术方案撰写与讲解，协助销售团队完成客户转化。 3. 参与客户需求调研与分析，输出需求文档并协同研发团队推进产品优化。 4. 解决客户在产品使用过程中的技术疑问，提供专业的技术支持与服务。 工作地点 重庆涪陵区新区大厦 以担保或任何理由索要财物，扣押证照，均涉嫌违法。一经发现， 立即举报 客户,"云服务产品,HR SAAS产品,售前技术支持,人力资源数字化",http://www.zhaopin.com/jobdetail/CCL1525399570J40866781707.htm?refcode=4019&srccode=401901&preactionid=02f923c4-4a93-4be9-9380-048824c91b8d
技术支持工程师,中国航天工业科学技术咨询有限公司,9000-15000元,北京·西城·白纸坊,Guangzhou,本科,3-5年,4月22日,zhilian,岗位职责： 1、负责客户的开发、关系维护和良好沟通 2、负责项目的洽谈、执行和回款工作 3、收集市场信息，依据约定进行合同款回收和后续维护 4、完成部门负责人安排的工作等 任职要求： 1、本科及以上学历，计算机、信息管理或相关专业优先。 2、3年以上信息化领域工作经验，具备管理案场经验，能够独立负责项目者优先。 3、熟练掌握项目管理工具和方法，能够独立撰写标书和项目报告。 4、具备较强的沟通协调能力和组织能力，能够与各方合作伙伴建立良好的合作关系。 5、适应长期驻外工作和频繁出差，具备良好的心理素质和抗压能力。 6、有项目资源者优先 工作地点 北京市西城区南菜园街88号大观国际 以担保或任何理由索要财物，扣押证照，均涉嫌违法。一经发现， 立即举报,"信息化,技术服务",http://www.zhaopin.com/jobdetail/CC134272370J40519017816.htm?refcode=4019&srccode=401901&preactionid=02f923c4-4a93-4be9-9380-048824c91b8d
技术支持工程师,天津市皓月科技有限公司,4000-6000元,天津·西青·张家窝,Guangzhou,本科,经验不限,4月2日,zhilian,岗位职责： 1. 深入了解公司产品及解决方案，掌握客户的业务流程，主动学习解决研究客户在系统使用过程中遇到的常见业务问题。 2. 及时响应、记录和处理相关问题，通过电话或网络为客户提供及时的技术支持，解答关于产品功能、操作使用等问题，并辅导解决。 3. 记录客户在使用系统过程中遇到的问题，建立售后服务记录和技术文档，收集用户反馈并向相关责任人汇报。 4. 定期进行技术回访，耐心倾听客户意见，维护良好的客户关系； 5. 负责系统功能演示、客户培训等相关工作； 6. 参与项目测试相关工作，编写测试计划、测试用例、测试报告等； 7. 领导安排的其他工作 任职要求： 1.统招本科以上学历，计算机或其他相关专业； 2.思维敏捷、踏实肯干、学习能力强；具备服务精神、主动性、坚韧性，工作耐心细致； 3.具有良好的逻辑思维能力、语言表达能力、客户沟通和协调能力；能承担工作压力，具有团队合作精神，高度责任心和良好的职业道德； 4.熟悉计算机基本操作，熟练使用Word、Excel、Visio等办公软件办公软件，有一定的文档编写能力； 5.有软件售后服务、技术支持、系统实施经验者优先。有实习经验的应届毕业生亦可； 工作地点 天津西青区海泰创新基地B8-1-202 以担保或任何理由索要财物，扣押证照，均涉嫌违法。一经发现， 立即举报,软件产品,http://www.zhaopin.com/jobdetail/CC475250910J40668271802.htm?refcode=4019&srccode=401901&preactionid=02f923c4-4a93-4be9-9380-048824c91b8d
技术工程人员,秦皇岛市神火科技有限公司,4000-6000元,秦皇岛·海港镇,Guangzhou,大专,1-3年,7月16日,zhilian,岗位职责：1、负责网络及其设备的维护、管理、故障排除等日常工作，确保公司网络日常的正常运作； 2、安装和维护公司计算机、服务器系统软件和应用软件，同时为其他部门提供软硬件技术支持； 3、解决排除各种软硬件故障，做好记录，定期制作系统运行报告； 4、维护数据中心，对系统数据进行备份； 5、熟练运用制图软件，能够独立绘制工程制图； 6、根据设计方案进行现场施工，并提出相应的改进建议； 任职资格：1、通信、电子工程、自动化、计算机等相关专业，大专或以上学历，1年以上网格系统与IT系统维护工作经验； 2、熟悉和掌握各种计算机软硬件，可独立进行安装、调试及故障排除； 3、精通局域网的维护及网络安全知识，可熟练进行局域网的搭建和网络设备的基本维护和故障处理； 4、熟练运用WINDOWS、server20002003等对服务器进行维护与管理； 5、如有弱电，安防工程相关经验优先录取； 6、有良好的专业英语读写水平；工作主动性强，耐心细致，有责任心，具备团队合作精神。 工作时间：上午：8:00-12:00 下午13；30-17；30单休 职位福利：包吃、通讯补助、餐补、交通补助 工作地点 秦皇岛市海港区红旗路252号 以担保或任何理由索要财物，扣押证照，均涉嫌违法。一经发现， 立即举报,"安防监控,监控安装,故障处理",http://www.zhaopin.com/jobdetail/CC249874331J00270128911.htm?refcode=4019&srccode=401901&preactionid=02f923c4-4a93-4be9-9380-048824c91b8d
海外技术支持工程师（base天津）,天地伟业,1.2-2万·13薪,天津·西青·张家窝,Guangzhou,本科,经验不限,3月2日,zhilian,岗位职责: 1、售前推广：负责公司产品在海外市场的推广、产品演示； 2、技术支持：售中调试和售后支持工作，与海外客户保持技术沟通和交流； 3、产品培训：负责公司产品在海外市场的培训； 4、需求整理：积极寻找满足客户需求的技术解决方案，归纳客户隐形和非隐形的需求。 任职要求: 1、本科及以上学历，计算机、电子信息、通信等相关专业；英语听说读写熟练； 2、熟练掌握Windows操作系统及相关办公软件，了解TCP/IP协议；熟练掌握网络相关知识； 3、了解安防摄像机、NVR等产品常规调试、使用方法； 4、能接受海外出差。 奖金绩效 出差补助、绩效奖金、年终奖 工作地点 天津西青区天地伟业技术有限公司 以担保或任何理由索要财物，扣押证照，均涉嫌违法。一经发现， 立即举报,"通信设备,硬件产品,智能产品",http://www.zhaopin.com/jobdetail/CC120401610J40828634001.htm?refcode=4019&srccode=401901&preactionid=02f923c4-4a93-4be9-9380-048824c91b8d
售前售后技术工程师 需到现场 双休,沈阳大橘安全信息技术有限公司,5000-8000元,沈阳·大东·津桥,Guangzhou,大专,经验不限,7月26日,zhilian,职位描述 电子产品 岗位内容： 1. 负责公司设备的日常维护和保养，确保设备正常运行； 2. 及时处理设备故障以及发现的问题，制定改进方案并持续跟进； 3. 更新并反馈设备的维护计划，确保设备按照计划得到维护； 4. 维护设备档案、维修记录及维护报告，并加以分析总结； 5. 完成上级领导交代的其他任务。 任职要求： 1、大专及以上学历 2、希望有较强的学习能力，肯钻研技术，有良好的语言交流和沟通能力。 3、不限经验，初期有工程师指导（接受零基础） 4、可接收应届毕业生 福利待遇 ： 双休，提供住宿，节假日正常休息，试用期薪资4000-5000，转正后5000-8000，项目奖金+带薪年假+五险一金+双休+法定假日 工作地点 沈阳大东区天润广场-2号楼 以担保或任何理由索要财物，扣押证照，均涉嫌违法。一经发现， 立即举报,电子产品,http://www.zhaopin.com/jobdetail/CCL1522226100J40987524802.htm?refcode=4019&srccode=401901&preactionid=02f923c4-4a93-4be9-9380-048824c91b8d
技术支持岗 (MJ000766),中国网安,8000-12000元,成都·武侯·肖家河,Guangzhou,本科,3-5年,7月15日,zhilian,岗位职责： 1.负责提供产品技术支持，主要包括安全系统集成建设、系统运维、售后服务等，为用户提供集成建设、运维与保障方案，开展咨询解答、用户培训、现场技术服务、故障分析排除、巡修巡检、重大任务保障、产品升级整改、远程支持等工作; 2.与研发部门对接，处理技术支持过程中的产品问题，协助开展问题汇总、统计分析; 3. 负责技术支持过程客户及产品信息收集、上报，提出改进建议，协助开展产品使用阶段全生命周期管理; 4.负责对应领域技术文档的编制; 5.支撑技术支持项目的争取、售后市场等工作; 6.对本职的质量、保密、安全生产工作负岗位责任; 7.完成领导交办的其他任务。 二、任职条件： 1.大学本科及以上学历，3年及以上工作经验； 2.具有网络、安全、计算机、通信、电子等专业背景，了解安全行业发展动态及趋势； 3.熟悉Windows、麒麟操作系统、数据库等系统运维； 4.熟悉TCP/IP协议，VLAN、VPN网络技术以及常用的网络设备和服务； 5.具备一定的编程基础，能够独立书写脚本语言或具备一定的硬件维修及仪器使用能力； 6.具有较强综合能力、技术能力、动手能力、文档编制能力、沟通表达能力和团队协作能力； 7.具有良好的学习能力和自我驱动能力，能够不断学习和掌握新的技术知识，适应不断变化的工作环境； 8.能够承受一定的工作压力，适应出差、责任心强、能吃苦耐劳、有服务化意识、能够换位思考问题，以客户为中心思考和解决问题； 9.具有网络、安全系统建设和运维项目、安全服务项目经验，带过建设和运维项目团队、编制过方案、运维手册等资料优先； 10.具有CISP-PTE、软考信息系统项目管理、网络规划高级及以上证书者优先； 11.具有网络、安全方向中级职称及以上证书或高级及以上技能证书优先。 工作地点 成都武侯区中国电科高新区创业路8号 以担保或任何理由索要财物，扣押证照，均涉嫌违法。一经发现， 立即举报,"系统运维,售后服务",http://www.zhaopin.com/jobdetail/CC277012680J41022353904.htm?refcode=4019&srccode=401901&preactionid=02f923c4-4a93-4be9-9380-048824c91b8d
售前技术工程师（薪资+项目奖金）—网络安全方向,新疆熠天信息技术有限公司,5000-8000元,乌鲁木齐·沙依巴克区·友好南路街道,Guangzhou,大专,经验不限,6月12日,zhilian,职位描述 售前技术经验 沟通能力强 信息安全 软件/IT服务 计算机软件 薪资 + 再加项目奖金。 1、计算机、网络安全相关专业。 2、有网络安全项目售前工作经验。有实施经验会出方案也可。 3、学习能力强，有较强沟通与表达能力。 4、同时具有网络安全和系统集成经验者优先考虑 。 待遇：五险、公积金（满年限）、双休、法定节假日休、节假日福利、人文关怀福利、定期休闲娱乐旅游团建、定期体检。 工作地点 乌鲁木齐沙依巴克区鑫丰达B-403 以担保或任何理由索要财物，扣押证照，均涉嫌违法。一经发现， 立即举报,"售前技术经验,沟通能力强",http://www.zhaopin.com/jobdetail/CC551195320J00568414605.htm?refcode=4019&srccode=401901&preactionid=02f923c4-4a93-4be9-9380-048824c91b8d
铁塔智联支撑岗,福建欣辰信息科技有限公司,7000-9000元,临沧·临翔区·忙畔街道,Guangzhou,大专,1-3年,7月24日,zhilian,职位描述 智慧产品 通信/网络设备 物联网 人工智能 （一）岗位定位 聚焦铁塔智联业务的全生命周期支撑，涵盖需求挖掘、方案设计、项目落地及技术保障等核心环节，通过技术赋能与资源整合，助力智慧通信、智慧运维、物联网等业务的拓展与高效实施，是铁塔智联业务发展的技术枢纽角色。 （二）核心职责 1. 业务需求挖掘与对接：配合业务团队开展市场调研，挖掘政企客户在通信覆盖、智能监控、物联网应用等方面的需求，建立需求台账并跟踪需求落地进度。 2. 方案规划与编制：基于客户需求及现场踏勘结果，编制技术方案、项目建议书及可行性研究报告，明确方案架构、技术参数、实施路径及成本预算，参与方案评审与优化。 3. 项目支撑与落地：协助完成项目投标文件编制、讲标及客户答疑工作；配合项目实施过程中的技术交底、现场协调及问题处置，确保项目按计划推进；负责项目资料的归档与管理。 4. 技术支撑与运维协同：为智联业务提供技术支持，包括设备选型、网络配置、系统调试等；对接运维团队，反馈业务运行中的技术问题，参与智慧运维体系的优化升级。 5. 风险与收益分析：对智联项目进行收益测算、风险评估，识别技术、市场等潜在风险，提出风险防控建议；跟踪项目实施效果，收集客户反馈，为业务优化提供数据支撑。 （三）任职要求 1. 学历与专业：大专及以上学历，计算机科学与技术、通信工程、信息技术、物联网工程等相关专业背景。 2. 工作经验：具备1年以上通信、ICT项目建设、铁塔运维或智联业务支撑相关工作经验，有招投标或设计院工作经验者优先。 3. 专业能力：熟悉无线通信、数据通信、智能监控等技术原理，了解铁塔设施特性及智联业务应用场景；具备方案编写、成本核算及项目文档处理能力，熟练使用Office、WPS等办公软件。 4. 综合素质：具备良好的沟通协调能力、客户服务意识及团队协作精神，能快速响应客户需求；具备较强的自学能力与抗压能力，适应业务拓展中的多任务处理。 5. 其他要求：身体健康，无不良职业记录；具备通信、安防监控、铁塔建设运维等领域相关从业经历或资质证书者优先考虑。 工作地点 临翔区中国铁塔股份有限公司临沧市分公司 以担保或任何理由索要财物，扣押证照，均涉嫌违法。一经发现， 立即举报,智慧产品,http://www.zhaopin.com/jobdetail/CC577003430J40823366611.htm?refcode=4019&srccode=401901&preactionid=02f923c4-4a93-4be9-9380-048824c91b8d
景德镇市制造业数字化转型促进中心售前/解决方案,景德镇市兆谷云计算信息技术有限责任公司,1.3-2.6万,景德镇·浮梁县·罗家桥乡,Guangzhou,本科,5-10年,7月16日,zhilian,岗位职责： 1、从技术支持的角度与公司销售人员协同进行市场及项目拓展，以达成销售目标。 2、以工业互联网\企业数字化\企业信息化为\数字化项目总集售前侧重，通过与客户的深度沟通，深入理解客户的业务需求与痛点，确定业务问题与目标，帮助及引导客户进行需求梳理。 3、根据客户的需求及公司产品特性，为客户提供软硬一体化的解决方案，输出技术解决方案或定制化产品使用方案，并完成需求及技术实现的调研工作，形成专业调研报告。 4、负责编写售前解决方案。根据项目需求编写汇报方案、立项报告、可行性报告、初设方案、项目投标技术方案等材料。 5、将技术方案向客户、合作伙伴以及各相关方进行方案演示、技术答疑、项目答标，并负责组织开展技术部署实施细节。 6、将了解到的客户需求和市场反馈等信息积极传达给产品研发团队，并进行必要的讨论和归纳总结。 7、结合公司项目特点及技术发展趋势，持续完善公司行业解决方案。 8、领导交办的其他任务。 9、陶瓷，航空，精细化工，装备制造，新能源，教育（产教融合）等行业经验优先。 岗位要求： 1、本科及以上学历，自动化、机电、计算机、物联网、工业工程、软件工程等相关专业；专科具备 3 年以上相关行业售前经验可酌情放宽。 2、3 年及以上工业互联网\智能制造\企业数字化总包售前完整项目经验，熟悉项目拓客、客户需求调研、方案编制全流程工作模式。 3、精通数字化软硬一体化方案设计，能独立完成现场调研并输出调研报告，熟练撰写汇报 PPT、可研、立项、初步设计、投标技术文件等全套售前材料。 4、具备良好客户沟通与宣讲能力，可独立面向客户、评审专家开展方案演示、技术答疑、述标答标，能对接实施团队梳理落地技术细节。 5、具备基础项目管理思维，能够同步传递一线客户需求、市场痛点至研发端，并持续迭代优化标准化行业解决方案。 6、有陶瓷、航空、精细化工、装备制造、新能源、产教融合任意一类行业数字化项目落地经验者优先录用。 工作地点 浮梁县景德镇市数字化转型促进中心3楼 以担保或任何理由索要财物，扣押证照，均涉嫌违法。一经发现， 立即举报,解决方案经理,http://www.zhaopin.com/jobdetail/CC588387380J40903957003.htm?refcode=4019&srccode=401901&preactionid=be1d25c6-aa98-4d02-a9ed-72a67ce5bde2
工程技术岗,韧科新(深圳)工程管理咨询有限公司,1.3-1.5万,深圳·龙华·龙华,Guangzhou,大专,3-5年,7月24日,zhilian,岗位职责： 1. 负责项目技术管理，审核施工图纸，进行图纸会审，梳理施工重难点，编制施工方案、技术交底文件，对现场人员开展技术交底。 2. 跟进施工现场，指导现场施工，纠正不规范施工行为，解决施工过程中的各类技术难题，保障施工按设计及规范执行。 3. 做好工程变更、签证资料整理，核对工程量，收集现场影像资料，完成技术资料编制、上报、归档。 4. 落实质量管控，检查工序施工质量，配合质量验收、隐蔽工程验收，参与分部分项工程报验。 5. 统计工程材料使用情况，核对材料规格型号，配合材料进场验收，提出材料优化建议，控制施工成本。 6. 配合监理、建设单位以及主管部门检查，整理对应技术资料，对接各方沟通协调工作。 7. 落实安全技术管理，排查技术层面安全隐患，落实安全技术措施，规避施工安全风险。 8.要求有证书 工作地点 深圳龙华区中佳大厦10楼1028 以担保或任何理由索要财物，扣押证照，均涉嫌违法。一经发现， 立即举报,"土地/公共设施管理,工程施工,技术服务",http://www.zhaopin.com/jobdetail/CCL1512843570J40856945511.htm?refcode=4019&srccode=401901&preactionid=be1d25c6-aa98-4d02-a9ed-72a67ce5bde2
工业互联网+危化安全生产信息化系统技术支持,青岛安然物联网科技有限公司,7000-14000元,长治·屯留区·余吾镇,Guangzhou,本科,经验不限,7月24日,zhilian,职位描述 软件产品 硬件产品 人员定位 物联网 石油/石化 需要弱电技术、自动化、安防系统、工业互联网+危化安全生产、物联网人才，不要纯软件人才。 你能经常到全国各地出差吗？你能到化工生产现场做技术支持吗？ 你能做好售前技术支持、根据客户需求，高效制作方案吗？你能做好售中技术支持、指导他人正确安装、部署、调试系统向用户保质保量快速交付吗？你能做好售后维护，高效沟通和落实客户需求吗？ 迄今已服务中石化、中石油、延长石油、国能、兖矿、京能、索普、新安、奇美、昊源、潞安、旭阳、垦利、逸盛、海科、酒钢、金发等几百家石化、化工、选煤、钢铁、电厂企业。 安然以客户为中心，以强者为本，抬头乐干，愿意与同道中人联合、链接，携手共建、共用、共享生产安全命运共同体，一起干，一起干，让优秀企业更安全，让优秀企业更高效！ 工作地点 长治屯留区山西潞安煤基合成油有限公司 以担保或任何理由索要财物，扣押证照，均涉嫌违法。一经发现， 立即举报,"软件产品,硬件产品",http://www.zhaopin.com/jobdetail/CC559764920J40822993004.htm?refcode=4019&srccode=401901&preactionid=be1d25c6-aa98-4d02-a9ed-72a67ce5bde2
售前技术,南京君渡办公设备有限公司,5000-10000元,南京·鼓楼·湖南路,Guangzhou,学历不限,经验不限,7月18日,zhilian,岗位职责 1.负责公司产品的讲解，配合销售维护与客户直接的关系，协助拓展新客户。 2.‌对市场相关信息进行搜集及分析，了解竞品。 任职资格 ‌学历要求‌：大专及以上学历。 ‌工作经验‌：接受无工作经验， 计算机专业者优先录取。 ‌能力要求‌：具有较强的学习能力、沟通能力、关系建立能力、抗压能力和协调能力；具备服务意识，能够为客户提供优质服务。 ‌其他要求‌：可出差，具备良好的语言交流能力、思维敏捷、有一定的应变能力和谈判能力，有团队精神。 工作地点 南京鼓楼区江苏机械大厦30楼 以担保或任何理由索要财物，扣押证照，均涉嫌违法。一经发现， 立即举报,系统集成,http://www.zhaopin.com/jobdetail/CC839428590J41014388404.htm?refcode=4019&srccode=401901&preactionid=be1d25c6-aa98-4d02-a9ed-72a67ce5bde2
JOB00014-工程技术员,上海维鲸视统工业自动化有限公司,6000-11000元,上海·闵行·华漕,Guangzhou,高中,经验不限,8月19日,zhilian,职位描述 工程施工 仪器仪表 1）负责根据营运部门制定的工作计划执行相应的任务以及协调工作； 2）负责根据流程文件承担质量责任； 3）负责按照任务要求参与公司设施维护； 4）其他由上级主管交办的各项工作； 工作地点 上海闵行区铁盾工贸园区4幢1楼 以担保或任何理由索要财物，扣押证照，均涉嫌违法。一经发现， 立即举报,"工程施工,仪器仪表",http://www.zhaopin.com/jobdetail/CC355706710J40777686710.htm?refcode=4019&srccode=401901&preactionid=be1d25c6-aa98-4d02-a9ed-72a67ce5bde2
售前技术工程师（双休、五险一金）,河北空谷网络科技有限公司,6000-8000元,石家庄·长安·谈固,Guangzhou,大专,3-5年,11月10日,zhilian,岗位职责： 1、负责与客户进行业务交流，对公司技术优势和解决方案进行宣传讲解； 2、负责网络系统、数据中心、网络安全、音视频系统、安防系统、虚拟化、桌面云及相关业务软件系统的售前支持工作，包括与用户的技术交流、技术方案编写、技术方案宣讲等； 3、维护和完善售前技术文档、产品资料、招投标文档和知识库等； 4、快速学习新技术、新业务和相关政策的发展动态，配合销售做好技术支持工作； 5、配合做好与合作厂商的技术交流。 任职要求： 1、 计算机、电子类专科及以上学历； 2、 具有一年以上系统集成行业售前工作经验； 3、 拥有良好的技术文档编制能力，较强的表达能力及与客户沟通能力，拥有丰富的售前方案经历，曾主导参与过众多集成项目； 4、熟悉使用各办公软件； 5、有高职、本科院校等教育行业系统集成经验优先； 6、 责任心强，具有敬业、团队合作精神，能适应出差。 我们是一支充满正能量、真诚对待他人、团结、善良的团队，让每个员工不断成长是我们的目标，为员工提供高于行业标准的待遇和福利，为客户提供良心的解决方案，使我们始终坚守的企业使命，十分期待您的加入！ 【职位福利】五险一金（入职办理五险、转正公积金）、周末双休、定期体检、带薪年假、员工旅游、绩效奖金、每年多次调薪； 【职位亮点】牛人带队，福利待遇高。 工作地点 石家庄长安区中山东路567号嘉和广场2号写字楼15A05 以担保或任何理由索要财物，扣押证照，均涉嫌违法。一经发现， 立即举报,学校/学历教育,http://www.zhaopin.com/jobdetail/CC844587740J40469847111.htm?refcode=4019&srccode=401901&preactionid=be1d25c6-aa98-4d02-a9ed-72a67ce5bde2
解决方案工程师（企业数字化转型方向）,浙江海数科技有限公司,1.5-2.5万·14薪,嘉兴·海宁市·海洲街道,Guangzhou,本科,3-5年,7月23日,zhilian,岗位职责： 1.负责企业数字化转型、企业管理相关项目需求沟通、产品售前演示、撰写技术方案、招投标支持，市场推广等； 2.负责将公司产品与所负责的行业客户特点相结合，整理提炼有针对性的综合解决方案； 3.负责企业数字化转型的解决方案编制工作并完成项目合同签订，协调产品、研发和技术团队完成项目落地； 4.对企业数字化改革相关政策、行业现状和趋势、业务诉求等有所积累和研究，针对友商，撰写相关报告以及竞争策略； 5.对解决方案进行持续跟踪和优化，根据客户实际情况和市场变化，不断调整和完善方案，打造企业数字化转型产品方案，以提高公司的竞争力和创新能力； 6.完成领导交办的其他工作。 工作地点 嘉兴海宁市海宁金融中心F区12楼海数科技 以担保或任何理由索要财物，扣押证照，均涉嫌违法。一经发现， 立即举报,"智慧产品,数据中心产品",http://www.zhaopin.com/jobdetail/CCL1237277530J40860485513.htm?refcode=4019&srccode=401901&preactionid=be1d25c6-aa98-4d02-a9ed-72a67ce5bde2
解决方案岗（数字政府、军警执法）,中国联合网络通信有限公司湖南省分公司,1.4-2.4万,长沙·雨花·圭塘,Guangzhou,本科,3-5年,7月25日,zhilian,岗位职责： 1.负责对所属行业提供省直拓售前全流程支撑和市州项目技术支撑指导； 2.负责行业项目售前技术交流、客户需求调研、解决方案编制及汇报等； 3.负责客户参观技术交流、展厅接待宣讲、行业峰会/展会支撑； 4.配合参与项目可行性研究报告、初步设计方案编制工作； 5.负责项目投标文件编制，投标支撑工作； 6.负责开展顶层规划设计、行业洞察、基线方案等能力提升；负责开展行业生态技术交流、内外部生态能力梳理及调用等； 7.负责面向所属行业全省支撑队伍，开展技术分享、赋能培训等能力提升工作，开展行业重大专项技术侧的统筹调度与支撑； 8.负责行业总部重点自研产品、省内重点自研产品推广和项目植入。 任职要求： 1.三年以上行业信息化项目工作经验； 2.了解计算机、网络、通信技术、云计算、安全、大数据、人工智能等相关专业知识； 3.在数字政府、军警执法行业领域，具有一定的行业基础，对行业数字化转型有一定理解； 4.具备较好的演讲表达能力，能较好的面向客户做需求沟通、技术交流、方案汇报等工作； 5.具备良好的沟通能力、团队协作能力、资源协调能力，责任心强，具备一定的抗压能力。 工作地点 长沙雨花区中国联通(湖南省分公司) 以担保或任何理由索要财物，扣押证照，均涉嫌违法。一经发现， 立即举报 客户,"数字政府行业,军警执法行业",http://www.zhaopin.com/jobdetail/CCL1318355140J40867030103.htm?refcode=4019&srccode=401901&preactionid=be1d25c6-aa98-4d02-a9ed-72a67ce5bde2
数字孪生技术研发工程师,江苏通智数控机床创新中心有限公司,1.5-3万,南京·六合·雄州,Guangzhou,硕士,经验不限,11月25日,zhilian,岗位职责： 1. 技术研发：负责高端数控机床数字孪生建模与优化，机电液协同仿真、多物理场建模； 2. 技术预研：跟踪国内外先进数字孪生技术，开展预研与应用探索，包括虚拟调试、加工误差预测、数字孪生智能优化等； 3. 项目管理：参与实验室项目规划及实施，推进数字孪生在智能制造系统中的落地应用； 4. 技术文档：撰写研发报告、技术规范、专利文档，推动技术成果转化； 5. 团队协作：与AI、软件、数据团队紧密合作，确保数字孪生系统与智能控制系统的深度融合。 l 任职要求： 1. 学历与经验：硕士及以上学历，具备3年以上相关领域从业经验，机械工程、自动化、数据科学等相关专业背景； 2. 编程及软件能力：matlab/simulink软件使用，SimScap等多领域建模工具使用，熟练掌握至少一种仿真建模软件； 3. 技术知识：熟悉多物理场仿真、数字孪生、虚拟调试、智能优化等相关技术，有机床行业经验者优先； 4. 创新能力：具备较强的创新意识，能够快速掌握新技术，并将其应用到实际项目中； 5. 优秀人才：特别优秀者，可适当放宽上述条件。 工作地点 南京六合区郁庄路1号 以担保或任何理由索要财物，扣押证照，均涉嫌违法。一经发现， 立即举报,"工业自动化/机器人,通用设备制造",http://www.zhaopin.com/jobdetail/CCL1349872880J40775061016.htm?refcode=4019&srccode=401901&preactionid=be1d25c6-aa98-4d02-a9ed-72a67ce5bde2
技术人员,陕西羚碳科技有限公司,5000-10000元,西安·灞桥·新筑,Guangzhou,本科,经验不限,7月25日,zhilian,职位描述 工业节能技术 节能评估 节能咨询服务 能源审计 双碳 温室气体 核查 清洁生产 绿色制造 新能源 环保 一、专业与知识 ✅ 学历门槛：本科及以上学历（环境、能源、化工、统计、信息等专业优先）。 ✅ 跨学科能力：掌握多领域交叉知识，如“环境+数据”“新能源+政策”“能碳+信息”“数据处理+信息技术”等复合型技能（如：碳排放核算需懂统计知识，碳捕集技术涉及化工流程）。 ✅ 政策法规精通：熟悉国内外应对气候变化政策框架（如《巴黎协定》细则）、国家双碳战略文件、地方试点方案及行业标准（ISO 14064、GB32151系列、GB24067、企业温室气体排放核算方法与报告指南、GB36132等标准体系）；能解读欧盟CBAM机制对企业出口的影响。 ✅ 技术工具应用：碳足迹建模与分析、能碳管理平台应用。 二、技能 🔧 行业解决方案经验 具备制造业工艺流程优化实战经历者优先。 参与过林业碳汇项目开发或CCER交易全流程者优先。 有工业园区级能碳管理系统部署经验者优先。 🔧 新兴技术领域突破 具备氢能储运安全设计、固态电池材料研发等前沿方向的研究能力者优先； 具备数字孪生技术在碳管理场景中的应用创新能力者优先。 三、实践经验 ⏳ 项目履历（相关但不限于） 主导完成过重点控排企业的碳盘查/碳核查项目； 主导完成过绿色工厂、绿色园区、绿色供应链、零碳工厂、零碳园区评价项目； 主导完成节能诊断、节能改造项目工作； 主导制定组织减碳方案、碳排放管理体系等。 四、资质认证加分项 📜 能碳相关证书持有者优先 注册能源管理师(CEM)，碳排放管理师、碳资产管理师、注册低碳工程师、ESG 咨询师、注册节能工程师等。 📜 高级、中级职称者优先 五、软实力 🌱 战略思维 能将企业ESG目标拆解为可落地的技术路线图，平衡经济效益与减碳成本； 洞察不同行业的降碳路径差异性（如重工业vs服务业）。 六、其他专业知识（特别加分项） ★有科技项目申报经验，了解和掌握 “专精特新”“小巨人”“瞪羚企业”“高新技术企业”“智能工厂” 等至少 2 类项目的全流程申报，熟悉各项目申报的政策要求、材料规范及审批流程。 ★精通项目申报前后奖补资金的财税处理规则，包括但不限于奖补收入的账务核算、税务申报（如企业所得税、增值税相关处理），能协助财务部门完成奖补资金的合规使用与台账管理。 注1：职位名称仅代表岗位方向，具体定岗根据个人能力及晋升机制确定。 有意向者可直接电话联系。 注2：依行业性质，员工或根据项目需要出差。 工作地点 西安灞桥区神木大厦6楼620室 以担保或任何理由索要财物，扣押证照，均涉嫌违法。一经发现， 立即举报,"工业节能技术,节能评估,节能咨询服务,能源审计",http://www.zhaopin.com/jobdetail/CCL1512468670J40958698204.htm?refcode=4019&srccode=401901&preactionid=be1d25c6-aa98-4d02-a9ed-72a67ce5bde2
技术人员,仁宁悟技术服务有限公司,7000-10000元,成都·金牛·营门口,Guangzhou,大专,经验不限,12月4日,zhilian,岗位职责： 1、负责技术部门的统筹管理； 2、负责项目实施交付验收的管理； 2、负责已建项目的售后服务的管理； 3、协助销售提供技术支持； 4、协助办公室提供标前支持； 5、完成公司交办的其它工作。 任职要求： 1、计算机、网络、通讯等相关专业大专及以上学历； 2、熟练掌握3Dmax，CAD，PHOTOSHOP等常用软件，有效果图方案设计经验者优先； 3、具备IP网络基础知识，了解TCP、IP以及互联网等网络相关概念与技术原理，对网络产品、电子产品、音视频技术等有基本的认识和调试能力； 4、良好的学习能力，对技术有专研的热情；热爱技术、有志长期服务技术专业； 良好的沟通能力和服务意识，能够承受一定的工作压力。工作认真负责，积极主动，较好的执行力和沟通能力，良好的服务意识，有相关工作经验者优先。 薪资：面议 工作地点 成都金牛区金璐天下1栋1单元13层1302号 以担保或任何理由索要财物，扣押证照，均涉嫌违法。一经发现， 立即举报,"软件产品,硬件产品,智能产品",http://www.zhaopin.com/jobdetail/CCL1398888720J40699454608.htm?refcode=4019&srccode=401901&preactionid=be1d25c6-aa98-4d02-a9ed-72a67ce5bde2
数字博州公司-解决方案经理,数字新疆产业投资(集团)有限公司,6000-12000元,博尔塔拉·博乐市·达勒特镇,Guangzhou,本科,3-5年,7月16日,zhilian,职位描述 云计算产品 数字化产品 数据中心产品 云服务产品 云存储产品 云平台产品 数字政府产品 数字乡村产品 数字孪生产品 软件/IT服务 （1）需求调研与分析。深入对接政法、水利、交通、住建、应急、口岸等对口单位，开展业务调研与痛点分析，挖掘数字化建设需求；梳理业务流程，形成需求规格说明书、业务架构图等文档，确保需求可落地、可量化。 （2）解决方案设计与编制。基于公司产品能力与行业最佳实践，编制针对性的数字化解决方案，包括总体架构、功能设计、技术选型、实施路径等内容；针对政法、口岸、城建等不同行业特点，打造标杆案例与可复制的解决方案模板。 （3）项目支撑与技术支持。开展项目前期交流、方案汇报、招投标技术支持等工作，提升项目中标率；在项目建设与运营阶段，提供持续的技术咨询与优化建议，确保方案落地效果。 （4）行业研究与能力沉淀。跟踪数字政府、智慧城市、信创安全等领域的发展趋势与政策动态，形成行业洞察与研究报告；沉淀项目经验，提炼行业共性需求，推动公司产品与解决方案的迭代升级。 （5）方案生命周期管理。负责方案从编制、评审、发布到迭代的全生命周期管理，确保方案内容与公司产品能力同步更新。 （6）内部赋能与培训。定期组织面向销售、项目交付团队的行业知识、方案能力培训，提升整体解决方案输出质量。 工作地点 新疆维吾尔自治区博尔塔拉蒙古自治州博乐市前程路7号2楼数字博州建设运营有限公司 以担保或任何理由索要财物，扣押证照，均涉嫌违法。一经发现， 立即举报,"云计算产品,数字化产品,数据中心产品,云服务产品,云存储产品,云平台产品,数字政府产品,数字乡村产品,数字孪生产品",http://www.zhaopin.com/jobdetail/CCL1464267420J40863123211.htm?refcode=4019&srccode=401901&preactionid=be1d25c6-aa98-4d02-a9ed-72a67ce5bde2
技术支持工程师,一起生活网络成都有限公司,6000-8000元,成都·郫都·犀浦,Guangzhou,本科,1-3年,6月19日,zhilian,职位描述 多渠道技术支持 云计算/大数据问题解决 标准化文档沉淀 工作职责 1. 通过电话、邮件、在线聊天及远程协助等多渠道，为客户提供及时、专业的技术支持，高效定位并解决云计算/大数据相关技术问题。 2. 负责问题与解决方案的标准化文档沉淀，同步关键信息至团队，推动技术支持知识库迭代与整体服务水平提升。 3. 主导复杂技术问题的跟进处理，协调研发、运维等跨部门资源推动问题闭环，并完成客户回访以确保服务满意度。 4. 主动学习云计算/大数据领域前沿技术与产品知识，参与内部培训及技术交流会议，持续更新自身技术储备。 5、周末双休 话补 差旅补助 任职要求 1. 本科及以上学历，计算机、信息技术或相关专业优先。 2.熟悉操作系统、网络、信息安全、数据库等基础技术栈，掌握主流技术支持工具的使用。 3. 具备优秀的客户服务意识、跨部门沟通协调能力及抗压能力，能快速理解客户需求并提供有效解决方案。 工作地点 郫都区一起生活网络成都有限公司11楼 以担保或任何理由索要财物，扣押证照，均涉嫌违法。一经发现， 立即举报,"多渠道技术支持,云计算/大数据问题解决,标准化文档沉淀",http://www.zhaopin.com/jobdetail/CC612430330J40802913614.htm?refcode=4019&srccode=401901&preactionid=be1d25c6-aa98-4d02-a9ed-72a67ce5bde2
IT工程师,制局半导体(江苏)有限公司,1-1.5万,南通·通州·金新,Guangzhou,本科,3-5年,3月16日,zhilian,岗位职责​ 1. 智能制造系统运维​ · 负责MES系统在FOPLP/CoPoS新产线的部署与日常运维，确保生产数据实时采集与分析； · 配合设备厂商完成自动化设备数据接口开发，打通生产数据孤岛。 2. 数据平台建设​ · 参与数据湖与AI良率分析平台的开发与优化，支持缺陷分类、工艺参数优化等功能； · 维护数据库安全，制定数据治理标准与流程。 3. 自动化工具开发​ · 基于Python/SQL等工具开发数据报表、自动化脚本及小型管理系统； · 配合团队完成MES-ERP-PLM系统集成测试。 4. 质量体系执行​ · 确保IT系统符合ISO 9001 & IATF 16949标准，完成全流程数据追溯验证； · 支持质量异常分析，提供数据支持。 5. 跨部门协作​ · 配合生产、工艺等部门完成需求调研与系统优化； · 编写技术文档，协助完成客户/供应商技术对接。 任职要求​ 教育背景​ ： · 大专及以上学历，计算机科学、自动化、工业工程或相关专业； · 有半导体/制造业信息化经验者可放宽学历要求。 工作经验​ ： · 2年以上IT运维或开发经验，熟悉制造业业务流程； · 有MES系统实施、数据采集（SCADA）或工业物联网（IoT）经验者优先； · 有半导体行业（如晶圆厂、封装厂）IT支持经验者优先。 核心能力​ ： · 技术能力​：- 熟练使用Python/SQL/Power BI等工具 - 熟悉主流ERP/MES系统架构 - 了解OPC UA、MQTT等工业协议 ·业务理解​：能理解半导体制造工艺（如光刻、封装）与IT系统的关联性； ·抗压能力​：适应智能制造项目快节奏、高强度的工作环境； ·质量意识​：具备ISO 9001质量管理体系思维，严谨细致。 综合素质​ ： · 学习能力：快速掌握半导体行业新技术（如Chiplet、FOPLP）； · 团队协作：具备跨部门沟通能力，主动推动问题解决； · 职业素养：责任心强，能适应倒班或紧急任务安排。 职位亮点​ ： · 行业前沿：深度参与半导体行业首个“数字孪生”生态建设，技术挑战与成长空间巨大； · 实战机会：主导MES系统落地、数据平台开发等核心项目，积累工业数字化经验； · 发展通道：提供技术纵向深耕（架构师方向）或管理横向拓展（项目管理方向）双通道； · 福利保障：五险一金、带薪年假、定期体检、住房补贴、技能培训。 薪酬与福利​： · 薪酬结构：行业对标现金（年薪12-20万） + 绩效奖金； · 福利保障：六险一金、带薪年假、定期体检、技能培训； · 工作地点：江苏南通（长三角半导体产业集群核心区域）。 制局半导体诚邀具备扎实技术功底的IT人才加入，共同定义半导体行业的数字化未来！ 工作地点 南通通州区江海圆梦谷20楼 以担保或任何理由索要财物，扣押证照，均涉嫌违法。一经发现， 立即举报,网络运维,http://www.zhaopin.com/jobdetail/CCL1484651850J40797874111.htm?refcode=4019&srccode=401901&preactionid=be1d25c6-aa98-4d02-a9ed-72a67ce5bde2
AI算力售前工程师,三峡星人工智能科技(武汉)有限公司,1.1-2万,宜昌·西陵区·窑湾街道,Guangzhou,本科,1-3年,7月14日,zhilian,岗位职责 1. 客户需求调研与深度挖掘（B/G端核心） 负责政府机关、国央企、金融、互联网等客户的前期对接，深入调研客户数字化转型、智能化升级需求，涵盖政务服务、城市治理、企业办公、产业赋能、智能风控、数据智能分析等AI应用场景。精准梳理客户痛点、业务流程、核心诉求及合规要求，输出专业的需求调研报告、需求清单，精准匹配公司AI产品及定制化解决方案。 2. 解决方案设计与输出 基于公司AI大模型应用、数字化平台等核心产品，独立完成B端行业解决方案、G端政务解决方案的撰写与设计，包括整体架构方案、业务落地方案、技术实施方案、项目建设方案、可行性研究报告等。针对政企客户个性化需求，联动产品、研发团队梳理定制化开发需求，平衡客户诉求与产品落地可行性，确保方案专业、合规、可落地、可交付。 3. 客户宣讲与技术沟通 负责前期客户拜访、技术交流、产品演示、方案宣讲、答疑解惑，面向政府领导、企业高管、技术负责人、业务科室等不同层级客户，精准传递AI产品核心价值、技术优势、落地案例及行业能力。熟练应对政企客户各类技术、业务、合规性提问，建立客户信任，推动项目意向落地。 4. 招投标全流程支撑 全面负责G端政府采购、B端企业招标项目的售前支撑工作，包括招标文件研读、投标方案编写、标书排版整合、资质材料整理、预算测算、技术应答、偏离表制作等。配合销售完成现场述标、答疑、答辩工作，保障招投标项目顺利推进，提升项目中标率。 5. 行业沉淀与售前赋能 持续深耕政务、金融、制造、教育等细分行业，梳理行业AI应用场景、行业政策、竞品情况及落地标杆案例。沉淀标准化行业解决方案、PPT宣讲材料、案例手册、FAQ知识库，为销售团队提供常态化售前培训、场景赋能、攻坚支持，协助销售突破重点政企客户及疑难项目。 6. 项目跟进与跨部门协同 全程跟进重点政企项目售前全流程，同步客户需求、项目进度、客户异议，联动销售、产品、研发、交付团队协同推进项目。项目中标后，完成售前需求、方案资料的完整交接，配合交付团队完成项目落地，保障需求一致性。 任职要求 1. 学历与专业 本科及以上学历，计算机、人工智能、软件工程、大数据、信息化、电子信息等相关专业优先，1-3年政企售前、解决方案相关工作经验。 2. 核心能力要求 - AI行业认知：熟悉AI大模型、AIGC、智能问答、知识图谱、数据智能、AI赋能业务等主流AI应用技术，了解政企数字化、智能化改造主流场景，具备AI项目售前经验者优先。 - 方案能力：具备独立完成政企AI解决方案、项目建设方案撰写的能力，擅长架构梳理、场景拆解、价值包装，能够适配G端合规性、规范性要求及B端降本增效、业务增值需求。 - 政企对接能力：有清晰的政企客户沟通逻辑，擅长客户需求挖掘、层级化沟通，能够适配政府严谨沟通风格和企业高效落地需求，具备良好的商务表达和现场宣讲能力。 - 招投标能力：熟悉政府采购、公开招标、竞争性磋商等政企招投标流程，熟练编写投标文件、技术方案，有政企项目招投标实操经验者优先。 3. 加分项 - 有政务AI、智慧园区、智慧城市、企业智能办公、产业AI赋能等相关项目售前经验； 具备大模型应用、AI平台等产品售前经验； - 拥有政企重点项目成功案例、可独立负责区域重点项目售前攻坚。 工作地点 西陵区三峡星未来数据科技(宜昌)有限公司 以担保或任何理由索要财物，扣押证照，均涉嫌违法。一经发现， 立即举报,人工智能,http://www.zhaopin.com/jobdetail/CCL1501619820J40907871303.htm?refcode=4019&srccode=401901&preactionid=be1d25c6-aa98-4d02-a9ed-72a67ce5bde2
技术支持工程师,兵航安全技术(天津)有限公司,4000-6000元,天津·宁河·潘庄农场,Guangzhou,大专,经验不限,4月15日,zhilian,岗位职责： 商务文件编制：负责投标文件中商务部分（如投标函、法定代表人证明、授权书、资格审查资料、业绩表、财务报表、营业执照等资质文件）的制作与排版。 投标流程管理：负责招投标信息的搜集与筛选、投标报名、标书购买、保证金汇出与退回、开标现场跟进等全流程事务。 档案管理：负责公司资质文件（荣誉证书、体系认证、产品检测报告等）的日常维护、更新和归档，建立标准化的商务标书资料库。 平台维护：负责中石油、中石化、中海油等电子招标平台及各地公共资源交易中心的CA锁维护、信息更新和日常操作。 任职要求： 精通Office办公软件； 具有良好的文字功底，能对商务语言进行润色，确保标书的严谨性和规范性 严格遵守公司商业机密，不得泄露投标价格及核心资质文件。 具有良好的沟通能力，能协调销售、技术、财务等多部门收集标书素材。 具备文档审校能力和零差错意识，能敏锐识别并规避标书中的错别字、盖章签字、密封等细节风险。 工作地点 天津宁河区潘庄工业区 以担保或任何理由索要财物，扣押证照，均涉嫌违法。一经发现， 立即举报,标书,http://www.zhaopin.com/jobdetail/CC600231680J40100814507.htm?refcode=4019&srccode=401901&preactionid=be1d25c6-aa98-4d02-a9ed-72a67ce5bde2
技术支持工程师（IT基础硬件维保运维服务 ）,福建方瀚科技有限公司,8000-12000元·13薪,福州·台江·宁化,Guangzhou,大专,3-5年,7月23日,zhilian,"岗位职责 1、硬件故障处理 （1）负责客户现场小型机、X86服务器, 存储阵列, 光纤交换机等硬件故障诊断、部件更换及维修。 （2）快速响应客户报修，在规定SLA（服务等级协议）内抵达现场或远程进行技术支持，控制故障影响范围。 2、日常运维与变更执行 （1）根据客户提交的变更申请，执行标准化的日常操作变更，包括但不限于：服务器日常维护、配置调整；存储阵列的划分、映射及扩容；光纤交换机日常变更；机房机柜内设备的物理上下架、综合布线及标签更新。 （2）编写并更新SOP（标准作业程序）和MOP（维护操作指引），确保变更操作的可追溯性与安全性。 3、预防性维护与文档管理 （1）按计划执行客户设备的定期健康巡检，输出巡检报告，识别潜在硬件隐患。 （2）维护客户资产数据库，确保设备配置信息（序列号、固件版本、维保状态）实时准确。 （3）管理现场备件库，定期盘点，确保紧急情况下的备件可用性。 4、客户沟通与服务报告 （1）作为公司面向客户的技术窗口，保持专业、耐心的沟通态度，向非技术人员清晰解释故障原因及处理方案。 （2）撰写故障分析报告及月度/季度服务总结报告。 二、任职要求 1、工作经验 （1）统招大专及以上学历，计算机、通信、电子信息等相关专业优先。 （2）至少3年以上企业级IT基础设施运维或第三方IT维保服务经验。 （3）有金融或制造业行业客户维保经验优先。 2、技术能力（硬性要求） （1）服务器领域： 熟悉X86服务器硬件架构，熟悉服务器的拆装与故障代码解读。 具备小型机（IBM AIX）维护经验优先。 （2）操作系统领域：熟悉Linux/Unix基础命令，能独立查看操作系统日志, 辅助硬件故障判断。 （3）存储领域： 熟悉存储(华为/HDS/Dell EMC/IBM)基本架构和操作，具备独立更换故障部件及查看分析存储日志的能力。 （4）网络领域： 具备Cisco或Brocade光纤交换机维护能力。 3、软性技能 （1）抗压与应变： 能适应突发故障带来的高压力，具备清晰的逻辑思维。 （2）文档规范： 具备良好的文档习惯，过往有撰写技术方案或故障报告的经验。 （3）客户导向： 具备极强的服务意识，懂得在客户现场维护公司形象。能接受非工作时间技术支持。 奖金绩效 五险一金、通勤补贴，奖金面议 工作地点 福州台江区富力中心B区-B1座 以担保或任何理由索要财物，扣押证照，均涉嫌违法。一经发现， 立即举报","互联网,智慧产品,云服务产品",http://www.zhaopin.com/jobdetail/CC884142020J40876341414.htm?refcode=4019&srccode=401901&preactionid=4fffca5c-092f-4619-a3b4-a9aa12e61961
售前岗位,深圳建广数字科技有限公司青岛分公司,1-2万,惠州·惠城区·惠环街道,Guangzhou,大专,5-10年,7月21日,zhilian,职位描述 PA PM 积极主导、勤奋踏实、善于沟通、逻辑清晰、有创新精神、组织协调能力及学习能力较强。精通企业财务业务，有S/4 HANA实施经验。有PA认证或PM证书优先考虑。有项目管理或售前经验优先考虑。 工作地点 惠州惠城区TCL液晶产业园1 以担保或任何理由索要财物，扣押证照，均涉嫌违法。一经发现， 立即举报,"PA,PM",http://www.zhaopin.com/jobdetail/CCL1320891960J40703340211.htm?refcode=4019&srccode=401901&preactionid=4fffca5c-092f-4619-a3b4-a9aa12e61961
技术支持工程师（朝九晚五+周末双休+食堂）,上海信息人才服务有限公司,1.1-1.3万,上海·黄浦·小东门,Guangzhou,大专,3-5年,6月23日,zhilian,岗位职责： 负责及时跟进解决用户提出的问题， 为系统收集优化意见，以形成产品运营闭环，包含但不限于以下工作： 1、 提供专属咨询服务， 通过沟通工具(企业微信、邮件、电话等多种形式)接受来自系统用户的咨询，解答用户提出的问题。 2、 及时发现并记录用户需求、 意见及问题， 针对情况具体分析，并基于分析结果将用户反馈分别转派至合适处理的职能方向（如运维、研发、测试、产品、业务需求方等），并将处理结果反馈给用户。 3、 每周将收集的问题及信息形成报告输出，提升团队交付质量 4、 配合梳理及完善各系统的用户手册及问题库， 加强与用户的互动， 负责定期开展巡检、用户回访、收集系统用户评价，提高用户满意度。 5、 公司交办的其它工作。 岗位要求： 1、 大专及以上学历， 专业不限， 信息类相关专业优先； 2、 喜欢沟通，具有良好的服务意识，并有较好的情绪管理能力； 3、 仔细认真，责任心强，能承担工作压力。 4、 思路清晰，学习能力强，能比较熟练掌握办公软件，具备基础的计算机知识，有良好的理解与沟通能力。 5、具有2年以上运维或运营相关工作经验。 6、熟悉低代码平台，具备快速流程搭建能力 工作地点 上海黄浦区绿地外滩中心T3楼T3楼 以担保或任何理由索要财物，扣押证照，均涉嫌违法。一经发现， 立即举报,"CRM,低代码,运维",http://www.zhaopin.com/jobdetail/CC302903980J40858750907.htm?refcode=4019&srccode=401901&preactionid=4fffca5c-092f-4619-a3b4-a9aa12e61961
技术工程师,北京中瓴时代科技有限公司,7000-11000元·13薪,西安·雁塔·杜城,Guangzhou,本科,1-3年,10月30日,zhilian,职位描述 硬件产品 软件产品 信息安全 软件/IT服务 云计算 岗位内容： 1. 通过多种渠道收集客户反馈信息，分析和解决问题。 2. 维护产品和知识库，持续优化文档、FAQ、视频媒体和在线交互等形式的支持资源。 3. 在客户满意度、减少投诉、提高转化率、增长市场份额等方面，积极与销售和其他各个部门合作。 任职要求： 1. 本科学历，计算机科学、信息技术或相关专业优先； 2. 熟悉技术支持工具和方法，如ITIL、SLA等； 3. 至少2-3年以上的技术支持工作经验，有成功的客户案例和对业务目标的贡献； 4. 出色的口头和书面表达能力，在英文沟通方面熟练； 5. 能够积极主动地寻找和推进解决问题的方法和创新思路。 奖金绩效 五险一金 周末双休 定期体检 年终奖 节假日福利 工作地点 西安雁塔区中兴产业园 以担保或任何理由索要财物，扣押证照，均涉嫌违法。一经发现， 立即举报,"硬件产品,软件产品",http://www.zhaopin.com/jobdetail/CCL1444495290J40883357115.htm?refcode=4019&srccode=401901&preactionid=4fffca5c-092f-4619-a3b4-a9aa12e61961
售前技术支持工程师,苍穹数码,1.5-1.8万,南京·鼓楼·湖南路,Guangzhou,本科,5-10年,5月26日,zhilian,职位描述 地理信息系统 GIS 计算机软件 技术服务 1、相关产品非投标方案（宣传资料、报奖材料、招标方案、建设方案、项目验收材料）编写； 2、相关产品投标方案编写与审核工作； 3、相关产品宣传（线上讲坛、线下论坛、各地协会论坛等）工作； 4、配合各办事处及市场人员完成相关产品的汇报与交流演示工作； 5、配合与协助各办事处及市场人员完成相关产品的业务与技术咨询工作； 6、协助产品经理及部门完成相关产品的竞品、政策法规资、市场、技术料搜集、分析与总结工作； 7、根据市场、政策及技术发展，提出相关产品的发展与咨询工作； 8、对相关产品售前工作及其他工作过程中的资料进行梳理与归档； 9、团队建设工作：人员分组合理分配调整、人才培养、工作梳理与协调、人员招聘等； 10、售前日常管理工作：接受任务分析并协调资源快速落地售前任务；对分散各组工作总结及梳理分析工作的进度及合理性； 11、其他工作：方案审核、方案编写方法研究、相关政策法规研究、演示技巧提升学习等； 12、完成领导临时交办的其他工作。 【年龄、 学历及专业：正规大学本科以上毕业，地理信息系统、软件开发、计算机科学与技术类等相关专业； 工作经验要求： 需要有3年及以上行业相关工作经验，3年及以上售前咨询经验。 【核心素质】 1、具有优秀的沟通能力、表达能力和方案编制、讲演能力，具有系统需求工程相关方法论知识和实际经验； 2、思维缜密，具有快速学习能力，具有很强的文字功底，能够独立完成各种方案撰写、讲解工作。 3、具有较强的项目申报技术方案设计及撰写能力； 4、能适应各行业业务应用需要，快速完成技术方案。 工作地点 苏宁银河国际广场南京市鼓楼区山西路1号 苏宁银河大厦2707室 以担保或任何理由索要财物，扣押证照，均涉嫌违法。一经发现， 立即举报,"地理信息系统,GIS",http://www.zhaopin.com/jobdetail/CC133629210J40846221513.htm?refcode=4019&srccode=401901&preactionid=4fffca5c-092f-4619-a3b4-a9aa12e61961
空间数字建模与应用技术教师,信阳航空职业学院,6000-12000元,信阳,Guangzhou,硕士,经验不限,7月22日,zhilian,职位描述 授课老师 线下教育 职位描述：能胜任《地理信息系统技术应用》《三维建模技术与应用》《电子地图设计与制作》《GIS应用实训》《数字孪生技术应用》《计算机图像处理》等课程教学。熟练掌握空间数字建模核心理论，包括地理信息系统原理、数字建模技术、测绘基础、空间数据处理等知识。 任职要求：1.硕士及以上学历，地理信息科学、测绘工程、导航、通信、空间信息与数字技术、遥感科学与技术等相关专业；优秀本科毕业生（需具备3年以上企业核心技术岗位或教学经验）可酌情考虑。 2.能熟练掌握空间数字建模核心理论，包括地理信息系统原理、数字建模技术、测绘基础、空间数据处理、遥感技术基础等知识； 工作地点 信阳市平桥区震雷山风景区内信阳航空职业学院 以担保或任何理由索要财物，扣押证照，均涉嫌违法。一经发现， 立即举报,"授课老师,线下教育",http://www.zhaopin.com/jobdetail/CC857187300J40870289803.htm?refcode=4019&srccode=401901&preactionid=4fffca5c-092f-4619-a3b4-a9aa12e61961
海外售前技术支持工程师,成都三环科技有限公司,1.2-2万·13薪,德阳·旌阳区·八角井街道,Guangzhou,本科,1-3年,7月8日,zhilian,职位描述 电子行业 计算机硬件 半导体/芯片 工业自动化/机器人 岗位内容： 1. 为客户提供专业的售前技术支持服务，包括故障排查、处理和解决方案提供。 2. 维护售后服务流程，确保按照标准流程进行，并持续优化服务品质。 3. 收集客户需求和反馈问题，积极沟通，及时解决并反馈。 任职要求： 1. 具备良好的服务意识和专业技能，技术基础扎实。 2.有2年海外售前经验 3. 理工科专业，英语可以左右工作语言， 工作地点 旌阳区德阳三环科技有限公司(二厂区) 以担保或任何理由索要财物，扣押证照，均涉嫌违法。一经发现， 立即举报,电子行业,http://www.zhaopin.com/jobdetail/CCL1411331550J40891481403.htm?refcode=4019&srccode=401901&preactionid=4fffca5c-092f-4619-a3b4-a9aa12e61961
售前技术总工,云南边锋信息技术有限公司,9000-18000元,昆明·官渡·关上,Guangzhou,本科,5-10年,7月25日,zhilian,职位描述 软件产品 智慧产品 电气设备 信息安全 云计算 【工作内容】 1. 负责信息化项目售前全流程支持：需求调研、方案设计、产品演示、技术交流、讲标答疑。 2. 独立完成需求调研、痛点分析、方案设计、可行性报告、建设规划、投标书（技术部分）、PPT 讲标稿撰写。 3. 配合公司产品团队进行技术对接与方案优化。 4. 行业经验加分项（优先录用） •政企 / 政务：智慧城市、一网通办、数字政府、政务大数据、智慧园区经验。 •垂直行业：教育、医疗、能源、交通、应急、公安、金融、制造业数字化经验。 •系统集成 / 信创：国产芯片 / 操作系统 / 数据库适配、信创方案设计经验。 •认证加持：PMP、云计算（AWS / 阿里云 / 华为云）、大数据、信息安全（CISP/CISAW）、软考（系统架构师 / 分析师）。 【任职要求】 1. 本科及以上学历，计算机、通信、电子等相关专业优先； 2. 具备良好的沟通能力和逻辑思维能力，能独立完成客户需求分析； 3. 熟悉政府采购 / 招投标全流程，能独立编写技术标书、应答偏离表、组织述标与答疑。 4. 懂合同技术条款拟定、报价策略、竞品分析，能配合销售完成商务谈判。 5. 有较强的学习能力，能够快速适应新技术和新环境，多任务并行、紧急项目加班、高频出差，能在压力下高质量交付。 工作地点 昆明官渡区中海国际中心 以担保或任何理由索要财物，扣押证照，均涉嫌违法。一经发现， 立即举报,"软件产品,智慧产品,电气设备",http://www.zhaopin.com/jobdetail/CCL1280544030J40823861816.htm?refcode=4019&srccode=401901&preactionid=4fffca5c-092f-4619-a3b4-a9aa12e61961
技术支持岗（北京 劳务派遣） (MJ000768),中国网安,1-1.5万,北京·丰台·看丹,Guangzhou,本科,经验不限,7月15日,zhilian,岗位职责： 1.负责提供产品技术支持，主要包括安全系统集成建设、系统运维、售后服务等，为用户提供集成建设、运维与保障方案，开展咨询解答、用户培训、现场技术服务、故障分析排除、巡修巡检、重大任务保障、产品升级整改、远程支持等工作； 2.与研发部门对接，处理技术支持过程中的产品问题，协助开展问题汇总、统计分析； 3.负责技术支持过程客户及产品信息收集、上报，提出改进建议，协助开展产品使用阶段全生命周期管理； 4.负责对应领域技术文档的编制； 5.支撑技术支持项目的争取、售后市场等工作； 6.对本职的质量、保密、安全生产工作负岗位责任； 7.完成领导交办的其他任务。 二、任职条件： 1.大学本科及以上学历，具有网络、安全、计算机、通信、电子等专业背景，了解安全行业发展动态及趋势； 2.熟悉Windows、麒麟操作系统、数据库等系统运维； 3.熟悉TCP/IP协议，VLAN、VPN网络技术以及常用的网络设备和服务； 4.具备一定的编程基础，能够独立书写脚本语言或具备一定的硬件维修及仪器使用能力； 5.具有较强的分析解决问题能力、动手能力、沟通能力和团队协作能力； 6.具有良好的学习能力和自我驱动能力，能够不断学习和掌握新的技术知识，适应不断变化的工作环境； 7.能够承受一定的工作压力，适应出差、责任心强、能吃苦耐劳、有服务化意识、能够换位思考问题，以客户为中心思考和解决问题； 8.具有网络、安全系统建设和运维项目、安全服务项目经验，带过建设和运维项目团队、编制过方案、运维手册等资料优先； 9.具有CISP-PTE、软考信息系统项目管理、网络规划高级及以上证书者优先； 10.具有网络、安全方向中级职称及以上证书或高级及以上技能证书优先。 工作地点 北京丰台区总部基地18区 以担保或任何理由索要财物，扣押证照，均涉嫌违法。一经发现， 立即举报,"VLAN,TCP,VPN",http://www.zhaopin.com/jobdetail/CC277012680J41022349204.htm?refcode=4019&srccode=401901&preactionid=4fffca5c-092f-4619-a3b4-a9aa12e61961
海外技术支持工程师,必趣创新科技(深圳)有限公司,8000-10000元·13薪,深圳·龙华·龙华,Guangzhou,本科,1-3年,7月13日,zhilian,岗位职责： 1、负责3D打印产品整机、主板、配件售后服务支持； 2、提供国、内外平台客户、分销商的产品技术支持，解决客户的产品问题； 3、通过邮件、电话等通讯工具妥善处理客户产品问题； 4、分类整理售后问题并及时反馈到上级； 5、制作客户使用操作说明、视频、常见问题等相关资料。 任职要求： 1、本科以上学历，电子信息、计算机、机械结构等专业，电路图可看懂； 2、2年以上国内或海外电子类产品技术支持工作经验，有同行经验优先； 3、心态开放，学习能力强，具有较强的服务意识和沟通能力； 4、热爱3D打印行业，动手能力强，对DIY有浓厚兴趣。 公司亦在招聘中高级技术支持工程师岗位，具体薪酬面谈，欢迎3D打印DIY爱好者加入。 奖金绩效 有年终奖 工作地点 深圳龙华区利金城工业区T1栋南塔15楼1508室 以担保或任何理由索要财物，扣押证照，均涉嫌违法。一经发现， 立即举报,"自动化设备,通信设备,硬件产品",http://www.zhaopin.com/jobdetail/CCL1369461790J40880573305.htm?refcode=4019&srccode=401901&preactionid=4fffca5c-092f-4619-a3b4-a9aa12e61961
渠道技术支持【周末双休】,山东有人物联网股份有限公司,5000-10000元,济南·历下·姚家,Guangzhou,本科,经验不限,6月16日,zhilian,岗位职责 1. 解决客户反馈的产品使用问题，通过电话、微信，进行售前、售后客户技术问题的解答、记录与统计反馈。 2. 对售后客户问题设备的调试、部分自有产品的售前组装、调试、简单维修。 3. 线下项目所需设备的整体调试。 4. 编写部门的产品说明书及方案文档。 任职要求 1. 认同公司企业文化，乐于合作、奉献。 2. 本科学历，电子信息工程/嵌入式/物联网/自动化专业，欢迎优秀的往届生应届生。 3. 良好的进取态度与学习能力。 4. 优秀的沟通能力、耐心、抗压能力、懂得自我情绪调节，同时面对多个客户时能保持耐心。 工作地点 济南历下区中欧校友产业大厦13层 以担保或任何理由索要财物，扣押证照，均涉嫌违法。一经发现， 立即举报,硬件产品,http://www.zhaopin.com/jobdetail/CC377258030J40868514210.htm?refcode=4019&srccode=401901&preactionid=4fffca5c-092f-4619-a3b4-a9aa12e61961
技术支撑岗,江苏有线网络发展有限责任公司昆山分公司,6000-10000元,苏州·昆山·玉山,Guangzhou,本科,1-3年,4月8日,zhilian,职位描述 硬件产品 软件产品 智能产品 人工智能 云计算 通信/网络设备 专业要求：人工智能、计算机、网络工程、通信工程、物联网、大数据等相关专业 任职资格： 1、有客户服务理念，有客户营销意识，良好的沟通协调能力； 2、强烈的团队协作意识，吃苦耐劳、抗压性强； 3、具有敏锐的市场洞察力和较强的开拓精神； 4、具有技术项目规划能力，熟悉智能化集成技术项目流程，有项目开发前期技术支持相关工作经验； 5、熟悉政企业务智能化项目需求的调研、方案设计等工作； 6、特别优秀的可酌情放宽相关条件，985、211及双一流高校优先。 工作地点 苏州昆山市江苏有线网络发展有限责任公司(昆山分公司) 以担保或任何理由索要财物，扣押证照，均涉嫌违法。一经发现， 立即举报,"硬件产品,软件产品,智能产品",http://www.zhaopin.com/jobdetail/CC390336530J40803803216.htm?refcode=4019&srccode=401901&preactionid=4fffca5c-092f-4619-a3b4-a9aa12e61961
鲲鹏技术支持,浙江明讯网络技术有限公司,5000-6000元,长沙·开福·月湖,Guangzhou,本科,经验不限,6月6日,zhilian,"职位描述 云计算 软件/IT服务 1、技术支持与方案落地：负责鲲鹏处理器及相关软硬件产品的售前技术支持和售后问题闭环，为客户提供专业的技术咨询与解决方案。 2、 性能调优与故障排查：主导客户项目的现场调试，深入分析并解决在鲲鹏平台上遇到的系统性能瓶颈、兼容性及应用故障等复杂问题。 3、客户赋能与培训：向客户及合作伙伴进行技术宣讲和培训，传递鲲鹏生态的最新技术动态，帮助客户更好地理解和使用我们的产品。 4、需求反馈与内部协同：收集并分析客户反馈，将一线市场需求和技术挑战转化为内部产品改进建议，协同研发团队推动产品持续优化。 5、应用迁移支持：协助客户完成应用在鲲鹏平台上的迁移、适配和优化工作，提供从x86或其他架构迁移的技术指导。 核心技术能力： 1、熟悉ARM架构：理解ARMv8/AArch64架构原理，有鲲鹏（Kunpeng）处理器或类似ARM服务器平台的开发或调试经验者优先。 2、系统软件功底：熟练掌握C/C++、Python、Java中至少一门编程语言，具备扎实的操作系统（Linux/Unix）内核、驱动及系统调优知识。 3、全栈问题定位：具备系统级问题分析和解决能力，能够独立排查从应用层、中间件到操作系统、固件乃至硬件的跨层级问题。 4、虚拟化与云技术：熟悉Docker、Kubernetes等容器化技术，了解虚拟化（如KVM）原理，有在云环境下进行性能调优的经验。 5、数据库与中间件：熟悉主流数据库（如MySQL, PostgreSQL, openGauss）和中间件（如Nginx, Tomcat, Kafka）在ARM平台上的部署与优化。 软性素质 1、具备较强的沟通能力，能够清晰、准确地向不同技术背景的客户阐述和沟通技术问题 2、具备良好的技术材料输出和总结能力 工作地点 长沙开福区华为湖南区域总部 以担保或任何理由索要财物，扣押证照，均涉嫌违法。一经发现， 立即举报",云计算,http://www.zhaopin.com/jobdetail/CC157375120J40947567715.htm?refcode=4019&srccode=401901&preactionid=4fffca5c-092f-4619-a3b4-a9aa12e61961
中国资源卫星应用中心2027雏鹰计划,中国资源卫星应用中心,180-200元/天,北京·海淀,Guangzhou,硕士,经验不限,7月24日,zhilian,职位描述 实习证明 远程实习 遥感 地理信息 计算机 实习生 SAR 人工智能 一、计划介绍 中国资源卫星中心进行分层分类阶梯人才培养，实施“凌云”“领飞”“腾飞”“展翅”“雏鹰”五项人才计划，其中“雏鹰计划”面向校招提前批实习生，旨在通过项目实习、专业培训等方式在实践中挑选苗子，培养一支专业扎实、技术过硬、创新活力突出的科技生力军。计划实施周期一般为暑假期间，匹配专属导师带教，全程跟进实习进度，定期开展一对一指导。直接参与一线科研项目的子任务，在实际工作中熟悉业务流程、锤炼专业能力。实习期满后，资源卫星中心会结合实习表现综合评估，择优发放校招录用offer，为中心的航天科研事业储备新鲜血液。 二、培养内容 1.走进中国航天事业，深入参与中国陆地观测卫星数据中心业务； 2.行业专家面对面交流，专业导师一对一指导； 3.跨部门轮岗实习，深度参与重要项目； 4.各类专业技术培训+职业生涯规划辅导； 5.实习工资（180元/天）+实习证明+优秀实习生； 6.有机会获得校招提前批offer或秋招终面卡。 三、招录要求 1.需求专业 计算机类、软件工程类、测绘科学与技术类、信息与通信工程类、电子信息类等相关专业。 2.实习时间 要求一个月及以上实习时间（优先考虑实习时间长的，后续一周能至少来现场2天，其他时间可远程）。 3.招募对象 北京高校在读学生。（此为实习工作，有现场办公需求，请非在校生或异地勿扰。） 工作地点 北京海淀区中国资源卫星应用中心(丰贤东路) 以担保或任何理由索要财物，扣押证照，均涉嫌违法。一经发现， 立即举报,"遥感,地理信息,计算机",http://www.zhaopin.com/jobdetail/CC120819490J40909470603.htm?refcode=4019&srccode=401901&preactionid=4fffca5c-092f-4619-a3b4-a9aa12e61961
售前技术支持（公有云）双休,金慧科技,1.4-2.8万,重庆·两江新区,Guangzhou,本科,1-3年,7月24日,zhilian,"职位描述 软件产品 云服务产品 云计算 产业互联网平台 计算机软件 Base地在重庆，外地朋友能接受再投递哦！ 【核心职责】 1、基于腾讯云产品体系，深入分析客户需求，撰写具有竞争力的定制化解决方案； 2、面向客户进行方案讲解与技术交流，精准传递腾讯云价值，赢得技术信任； 3、主导售前技术测试，搭建云上环境，通过POC验证方案可行性，推动项目落地； 4、编写、修订和审核技术支持相关文档，输出技术团队运营数据； 5、沉淀行业标杆案例，为销售团队提供产品与技术赋能，提升销售技术能力。 【任职要求】 1、本科及以上学历，计算机相关专业优先； 2、具备出色的沟通表达能力、逻辑思维能力和文档撰写能力； 3、学习能力强，拥有团队合作精神和以客户为中心的服务意识； 4、具备2年以上云计算、虚拟化或互联网行业相关售前技术支持经验优先。 加分项： 拥有腾讯云技术认证，熟悉主流公有云产品（计算、网络、存储、数据库等），了解TCP/UDP网络协议,软件知识结构，操作系统、网络安全等专业知识，了解分布式系统设计、负载均衡技术，系统容灾设计，高可用系统等知识；泛互、医疗、教育、金融、政企等某一行业有深入了解者优先。 工作时间：9：00-18：30，周末双休，午休2h，入职购买五险一金 薪资待遇：无责底薪（面试定级）+月/季度绩效包+年终奖，综合14-30k 工作地点 重庆两江新区腾讯大厦-f座2楼 以担保或任何理由索要财物，扣押证照，均涉嫌违法。一经发现， 立即举报","软件产品,云服务产品",http://www.zhaopin.com/jobdetail/CC612833320J40844678601.htm?refcode=4019&srccode=401901&preactionid=4fffca5c-092f-4619-a3b4-a9aa12e61961
售前技术顾问,苏州元之初信息科技有限公司,7000-9000元,苏州·姑苏·金阊,Guangzhou,本科,1-3年,7月11日,zhilian,职位描述 软件产品 负责客户需求调研与分析，结合公司产品技术优势，输出针对性的技术解决方案与架构设计。 参与项目招投标全流程，独立完成技术方案编写、PPT制作及现场演示，有效解答客户技术疑问。 与销售团队紧密协作，从技术角度支撑客户关系维护与项目推进，确保方案落地可行性。 收集客户反馈与行业动态，协助产品团队优化现有解决方案，提升市场竞争力。 任职要求 本科及以上学历，计算机、软件工程等相关专业，具备扎实的技术基础。 具备优秀的沟通表达与逻辑思维能力，能将技术内容转化为客户易懂的语言。 工作地点 苏州市-姑苏区-烽火路80号（广济南路地铁站6号入口步行250米）201 以担保或任何理由索要财物，扣押证照，均涉嫌违法。一经发现， 立即举报,软件产品,http://www.zhaopin.com/jobdetail/CCL1513167520J40947361615.htm?refcode=4019&srccode=401901&preactionid=4fffca5c-092f-4619-a3b4-a9aa12e61961
数字孪生解决方案经理,雄安世寰智能科技有限公司,1.5-1.8万,保定·容城·容城镇,Guangzhou,学历不限,5-10年,7月24日,zhilian,岗位职责： 1、负责公司业务解决方案及产品市场化切入的方案编写及落地推动，协助产品研发与市场部门进行落地化的市场、技术可行调研与相关风险评估。能够给与内外部技术团队中肯有力的技术支持和开发路径建议。 2、了解图形引擎与BIM数字化行业的发展动态，洞察客户需求，结合公司产品和服务，为公司业务人员提供技术支持和为客户提供技术解决方案服务，协助业务人员进行售前售后的需求挖掘和技术合作跟进，推动业务人员完成落地任务。 3、负责提供技术以及方案咨询服务，为客户提供技术发展和技术应用咨询、为客户撰写技术应用方案，应用场景解决方案，包括客户需求调研、客户业务痛点诊断、与客户的技术交流、解决方案编写、技术方案宣讲等。 4、负责行业解决方案、产品方案的研究制定和输出，收集分析行业政策、产品动态、热门技术等，为业务发展规划提供客观参考依据。 5、配合业务部门、产品部门完成相应项目的投标撰写、研发课题的规划编写、技术实施方案的可研报告等方案的编写。 任职资格与要求： 1. 思维敏捷逻辑性强，有一定的方案宣讲能力。工作认真严谨，较强的适应能力、业务产品洞察能力。具有较好的方案编写、沟通协调、PPT制作能力。 2. 对数字孪生可视化各业务领域有一定的行业解决能力，熟悉AI、Agent、元宇宙及数字人的技术优势和应用场景，都要有较深的定位技术了解和应用场景的方案规划能力。 3. 加分项：产品经理或是项目经理出身，深入了解各种综合技术能力（AI智能、数字孪生、智能化工业、智能建筑建造等）。 工作地点 保定容城县雄安世寰智能科技有限公司 以担保或任何理由索要财物，扣押证照，均涉嫌违法。一经发现， 立即举报,"智慧产品,数字化产品,自动化产品,智慧城市,智慧交通,智慧工厂,UE,U3D,自研引擎",http://www.zhaopin.com/jobdetail/CC890223190J40951125715.htm?refcode=4019&srccode=401901&preactionid=4fffca5c-092f-4619-a3b4-a9aa12e61961
技术支持工程师,北京西清能源科技有限公司,8000-10000元,北京·昌平·北七家,Guangzhou,本科,经验不限,12月11日,zhilian,岗位职责： 1、协助变电站运检系统、综合能源系统等产品技术方案编制，售前技术支持，整理技术文档； 2、跟踪智能变电站、综合能源系统、数字孪生等前沿技术的发展趋势，收集相关技术方案； 3、负责客户交流，根据客户需求提供技术支持和培训； 4、配合开发产品测试，项目现场实施； 5、完成上级安排的其他工作。 任职要求： 1、电气工程、电力电子、控制工程、计算机等相关专业，本科及以上学历，可接受应届生； 2、了解变电站综合自动化系统、综合能源系统、能量管理系统等； 3、了解电力系统常用通信协议，包括IEC 61850、IEC 61970、IEC 60870、MODBUS等； 4、了解MySQL、Oracle数据库软件及管理软件的使用； 5、了解智能变电站、综合能源、储能电站相关标准，有监控或能量管理系统现场实施经验； 6、思路清晰、勤于思考、善于沟通、表达能力强，具有良好的团队合作精神，具有较强的文档撰写能力。 工作地点 昌平区北京西清能源科技有限公司801 以担保或任何理由索要财物，扣押证照，均涉嫌违法。一经发现， 立即举报,电力/水利/热力/燃气,http://www.zhaopin.com/jobdetail/CC856232420J40628295608.htm?refcode=4019&srccode=401901&preactionid=8a7e229e-56a9-4180-83a8-97c334f1227b
技术支持,科大国盾量子技术股份有限公司,1.8-2.5万,合肥·蜀山·南岗,Guangzhou,硕士,1年以下,6月5日,zhilian,岗位职责： 1、负责向客户进行产品技术宣讲、系统操作演示及使用培训（含远程与现场）。 2、提供全栈技术支持，及时响应并解决客户在硬件使用、软件操作及系统集成中遇到的技术问题。 3、根据客户需求，进行初级编程开发与修改（以Python为主），实现自动化控制、数据分析或简单工具开发。 4、编写与维护技术文档、常见问题解答，并汇总分析客户反馈，协助优化产品。 5、领导布置的其它工作 岗位要求： 1、理工科专业硕士及以上学历，电子、自动化、计算机科学、物理等相关专业背景。 2、具备电子电路基础，了解常用测量仪器，对量子计算有强烈兴趣；具备一定的编程能力，熟练掌握Python，具备实际脚本开发经验。 3、具备良好的沟通能力、逻辑思维和客户服务意识，能独立分析并解决复杂技术问题。 4、具备良好的英语沟通与读写能力。 5、有量子计算实验、测控系统使用或技术支持相关经验者优先。 工作地点 合肥蜀山区科大国盾量子科技园 以担保或任何理由索要财物，扣押证照，均涉嫌违法。一经发现， 立即举报,"通信设备,硬件产品,量子行业,物理学/计算机相关背景",http://www.zhaopin.com/jobdetail/CC201133020J40887318913.htm?refcode=4019&srccode=401901&preactionid=8a7e229e-56a9-4180-83a8-97c334f1227b
售前解决方案工程师,江苏微雀信息科技有限公司,7000-12000元,徐州·鼓楼区·环城街道,Guangzhou,本科,1-3年,7月24日,zhilian,"岗位职责： 负责对公司项目业务进行售前技术支撑，包括但不限于： 1、对公司项目做相关调研工作和分析客户业务需求，引导技术方向； 2、配合公司提供相关项目的投标文件及建设清单； 3、根据业务需求撰写汇报建设方案，不限于word或PPT，可进行项目提报工作； 4、熟悉公司所有产品和系统解决方案，对相关业务人员进行培训、宣贯； 6、向客户演示软件产品，解读最新政策及技术相关问题； 7、项目公司业务团队完成项目签约、落地等工作； 8、能够适应短期出差和相应的弹性加班 。 任职要求： 1、本科及以上学历，计算机、通信、大数据等相关专业优先，对数字政府建设有一定技术积累，掌握大数据、云资源业务应用等相关知识； 2、有政府信息化项目售前工程师相关工作经验，有熟练的方案编制能力（PPT、word)、技术讲解经验； 3、参与过至少2个大型软件项目的售前支持工作； 4、有较强的客户沟通能力,形象气质较好，性格开朗，勤奋、敬业，具备良好的学习能力与合作精神，具备较强的抗压能力； 5、熟悉软件工程架构，了解云平台、移动互联、智能设备、数据资产等相关经验优先。 工作地点 徐州鼓楼区米兰国际写字楼1-1601-A 以担保或任何理由索要财物，扣押证照，均涉嫌违法。一经发现， 立即举报","数据中心产品,智慧产品,数字化产品,数字政府产品,数字孪生产品,数字乡村产品,智慧城市,智慧园区,智慧农业",http://www.zhaopin.com/jobdetail/CCL1237876070J41018172804.htm?refcode=4019&srccode=401901&preactionid=8a7e229e-56a9-4180-83a8-97c334f1227b
售前工程师(A36960),北京麦麦趣耕科技有限公司,8000-15000元,南宁·良庆·良庆镇,Guangzhou,学历不限,3-5年,5月12日,zhilian,职位描述 软件产品 自动化设备 职位描述： 1.需求调研与分析： （1）深入了解客户（如农业企业、合作社、政府农业部门等）的业务场景、痛点及信息化需求，包括种植/养殖管理、物联网监测、数据分析、智能设备应用等。 （2）结合客户需求与行业趋势，挖掘潜在需求，为客户提供针对性的智慧农业解决方案思路。 2.方案设计与编写 （1）根据客户需求，设计定制化的智慧农业解决方案，涵盖硬件（传感器、无人机、智能灌溉设备等）、软件（管理平台、APP、数据分析系统等）等。 （2）编写方案文档、技术白皮书、建议书等材料，确保方案的可行性、专业性和说服力。 3.产品演示与技术交流 （1）负责智慧农业相关产品（如物联网平台、智能控制系统、大数据分析工具等）的现场或远程演示，向客户展示产品功能、优势及应用效果。 （2）与客户进行技术沟通，解答客户关于技术架构、功能实现、数据安全、集成能力等方面的疑问。 4.招投标支持：参与项目招投标工作，协助编写投标文件中的技术部分（如技术应答、实施方案、售后服务计划等）。 5.市场与行业研究：跟踪智慧农业行业政策、技术发展趋势（如 AI 种植模型、区块链溯源、数字孪生等）及竞争对手动态，为方案设计和公司战略提供参考。 职位要求： 1.学历与专业背景：本科及以上学历，农业工程、物联网工程、计算机科学、软件工程、自动化等相关专业优先。 2.具备智慧农业、精准农业、农业物联网等领域从业经验者优先。 3.了解农业生产流程（如种植、养殖、灌溉、施肥、病虫害防治等），能将技术方案与农业场景结合。 4.具备方案设计能力，能独立编写技术方案、演示文档等材料。 工作地点 南宁良庆区龙光国际广场-A座 以担保或任何理由索要财物，扣押证照，均涉嫌违法。一经发现， 立即举报,"软件产品,自动化设备",http://www.zhaopin.com/jobdetail/CC881926390J40766441606.htm?refcode=4019&srccode=401901&preactionid=8a7e229e-56a9-4180-83a8-97c334f1227b
鲲鹏云技术支持,武汉中君和人力资源有限公司,9000-13000元·13薪,深圳·南山·粤海,Guangzhou,本科,1-3年,7月20日,zhilian,岗位职责： 1.负责收集客户技术需求，协助SA确定客户需求及相应的技术方案设计，并与产品经理、客户对齐交付内容及验收标准; 2.提供人工智能场景落地开发支持服务; 3.支撑客户对业务系统进行测试，确认数据真实性、功能可靠性; 4.支撑客户从软硬件等方面对业务系统进行性能分析与优化: 5.支撑软、硬件行业生态拓展，协助客户完成技术认证，解决方案认证; 6.支撑软、硬件教育生态拓展，协助企业课程落地大、中、小学，开展企校合作; 任职资格： 1.两年以上软件开发相关行业的工作经验; 2.熟练掌握 C++ 或 PYTHON 等主流开发语言; 3.了解人工智能相关概念，了解LLM/AgentS/RAG/MCP等概念; 4.具备良好的沟通与协助能力; 【专业知识要求】 1.良好的沟通与协作能力:提供售前技术咨询，解决客户技术疑问，收集客户的业务需求; 2.具有开发支持的能力:支撑合作伙伴进行业务迁移，包括协助环境搭建、问题定位、业务流程分析、代码分析等: 3.具有对客户及合作伙伴进行赋能培训的能力; 4.具有生态拓展的能力:支持生态发展，与客户及昇腾合作伙伴进行技术交流，推广行业典型AI应用的部署，5.具有网络信息安全的管控能力:在技术支持过程中，特别注意网络信息安全的问题。 工作地点 深圳南山区高新南 以担保或任何理由索要财物，扣押证照，均涉嫌违法。一经发现， 立即举报 客户,"软件产品,Java,云平台",http://www.zhaopin.com/jobdetail/CC716454480J40790591906.htm?refcode=4019&srccode=401901&preactionid=8a7e229e-56a9-4180-83a8-97c334f1227b
人工智能/国产化服务器售前生态运营【六险一金】,外企德科数字技术有限公司,1.1-1.4万·14薪,上海·虹口·北外滩,Guangzhou,本科,1-3年,7月26日,zhilian,岗位职责】 1、负责支持完成行业生态地图建设，协助识别价值生态伙伴，加速在鲲鹏生态发展上进一步合作，包括且不限于联合实验室、全栈全场景适配调优、联合解决方案孵化发布等； 2、负责支持行业生态ready，主力协助监控行业基于生态地图完成软件迁移与同辕开发，执行生态建设相关流程； 3、负责支持完成区域生态营销活动（如技术讲座、沙龙、展会等）、媒体宣传（官网、公众号等）的组织、执行、总结 4、负责区域生态案例分享培训，负责生态运营助理团队能力提升 【岗位要求】 1，熟悉IT基础知识，对通用计算全栈产品有一定了解； 2，对行业应用软件有一定了解，具备行业软件解决方案经验优先； 3，生态发展相关从业经验2年及以上，对软件开发适配流程有一定了解，具备软件开发、测试、优化、交付等经验者优先； 4，具备较强沟通能力； 5，吃苦耐劳、积极主动、乐观向上；自驱力强，愿意为团队积极奉献；认可出差、认可华为奋斗者文化； 6、本科及以上或同等学历， 计算机、通信、软件工程等相关匹配专业； 六险一金，带薪年假，试用期薪资不打折，周六日双休，法定休息。 工作地点 上海虹口区北外滩来福士办公楼-西塔1 以担保或任何理由索要财物，扣押证照，均涉嫌违法。一经发现， 立即举报 客户,人工智能,http://www.zhaopin.com/jobdetail/CCL1480117890J40875137005.htm?refcode=4019&srccode=401901&preactionid=8a7e229e-56a9-4180-83a8-97c334f1227b
技术支持顾问,摩尔元数(福建)科技有限公司,1-1.5万,福州·闽侯·上街,Guangzhou,大专,5-10年,7月22日,zhilian,岗位职责 1. 针对培训目标设计培训课程，编写业务培训的相关课件、教案、考题； 2.开展培训活动，对参训人员进行业务培训、考核和评价，培训资料的归档； 3. MOM系统的对外演示、讲解和技术交流等工作； 4. 结合产品迭代情况，持续更新、优化培训课件等材料； 5. 领导安排的其他相关工作。 岗位要求 1. 5年以上工作经验，专科及以上学历； 2.过往有MES、ERP等制造业管理软件的实施经验或制造业IE、工艺、生产管理等工作经验； 3.具备出色的表达能力、沟通能力、文档编辑能力； 4. 学习能力强，对于新知识能快速掌握； 5. 逻辑思维强，能将复杂业务解构成通俗易懂的应用场景讲解出来。 工作地点 福州闽侯县久策大厦A座7楼 以担保或任何理由索要财物，扣押证照，均涉嫌违法。一经发现， 立即举报,"软件产品,MES,IE,质量管理",http://www.zhaopin.com/jobdetail/CCL1389725600J40787827413.htm?refcode=4019&srccode=401901&preactionid=8a7e229e-56a9-4180-83a8-97c334f1227b
数字技术支持(J10263),信捷电气,6000-10000元·14薪,无锡·滨湖·蠡园,Guangzhou,本科,1-3年,4月13日,zhilian,职位描述 技术支持 工作职责： 1.完成产品售前、售后的技术服务工作（包含产品介绍、产品选型、功能应用、性能调试、故障排查等）； 2.团队合作共同实现团队目标，提升客户满意度: 3.负责对产品资料、案例进行整编、归纳并与用户做技术交流; 4.持续学习和自我提升技术知识，以不断适应工作的变化和发展需求: 5.持续提高客户对产品使用的满意度; 任职资格： 1、本科学历，电气、自动化专业，1年以上PLC或伺服驱动相关工作经验(售后、项目、调试经验等); 2、较强的问题逻辑分析能力及突发问题应变能力，具备良好的沟通协同，组织能力； 3、具有较强的客户服务意识，责任心强，同理心强，能换位思考，以客户为中心； 工作地点 无锡滨湖区信捷大厦 以担保或任何理由索要财物，扣押证照，均涉嫌违法。一经发现， 立即举报,技术支持,http://www.zhaopin.com/jobdetail/CC432582010J40575525406.htm?refcode=4019&srccode=401901&preactionid=8a7e229e-56a9-4180-83a8-97c334f1227b
售前技术支持工程师（双休 五险一金）,河北达梦软件技术有限公司,6000-8000元,石家庄·裕华·建通,Guangzhou,本科,1-3年,7月24日,zhilian,"岗位职责： 1、协助销售岗位了解并分析市场和客户需求，根据需求编制解决方案、提供产品资料等； 2、与用户进行技术交流、讲座； 3、招投标相关工作。制作投标文件，并参与竞标过程中的技术答疑等活动； 4、负责达梦数据库产品的宣讲工作； 5、收集竞品信息，形成对比材料； 岗位要求： 1、本科以上学历，计算机相关专业，2年以上售前工作经验； 2、IT行业经验优先； 3、能独立完成本公司及合作伙伴产品方案的竞争力分析； 4、熟悉招投标基本流程，独立投标相关工作； 5、有较好的沟通表达能力、抗压力、学习能力； 6、熟练使用WORD,EXCEL,PPT,VISIO等办公软件； 7、能适应短期出差。 工作地点 石家庄裕华区河北国际商会Ｂ座２３－２４层 以担保或任何理由索要财物，扣押证照，均涉嫌违法。一经发现， 立即举报","软件产品,数据库产品,数据库管理系统",http://www.zhaopin.com/jobdetail/CC539263620J40850958515.htm?refcode=4019&srccode=401901&preactionid=8a7e229e-56a9-4180-83a8-97c334f1227b
工业数字化解决方案工程师,中科源码(成都)服务机器人研究院有限公司,1.5-2万,成都·温江·永宁,Guangzhou,本科,3-5年,7月24日,zhilian,岗位职责: 1、需求调研与方案设计：对接工厂、企业客户，实地调研现场现状，挖掘数字化、智能化改造需求，独立完成整体技术方案、实施方案的撰写、汇报及迭代优化。 2、销售协同跟进：配合市场销售团队开展项目拓展、客户技术对接与答疑，输出售前技术资料，助力项目落地转化。 3、招投标技术支撑：全权负责项目招投标技术工作，包含技术标编写、审核、投标答疑、现场述标等，保障投标工作顺利完成。 4、供应商技术管控：对接各类软硬件及集成供应商，完成供应商技术资质、产品方案、报价的评估审核，筛选优质资源，把控技术风险。 5、项目方案评审规划：统筹各类改造、集成、施工技术方案评审，结合项目实际优化方案，规避技术风险，制定落地实施计划。 6、项目全流程实施管控：主导数字化改造项目落地实施，统筹软硬件部署、系统集成、调试联调，协调多方资源，把控项目进度、质量，解决现场技术问题。 7、项目验收交付：整理项目技术、竣工资料，组织客户开展阶段性及整体验收，完成问题整改、项目闭环交付及售后技术交底。 8、技术沉淀迭代：总结项目落地经验，更新优化方案库、投标素材库及技术资料，标准化售前、投标、实施流程。 2. 任职要求: 1、具备工厂、企业数字化/智能化改造经验，拥有至少3个项目全流程落地经验，完整经历方案、投标、供应商管理、实施、验收全环节。 2、熟悉工业数字化改造主流技术、设备联网、数据采集、系统集成等技术体系，可独立完成方案设计与风险把控。 3、熟练掌握招投标技术流程，可独立编写技术标书；具备良好的需求拆解、方案撰写、客户及跨部门沟通协同能力。 4、责任心强，具备优秀的项目统筹、问题解决及抗压能力，可适配现场出差，善于团队协作。 5、有智能工厂、智慧车间、制造业厂区数字化升级项目经验者优先； 6、熟悉物联网、MES、WMS、SCADA、数据中台等工业系统集成者优先； 7、拥有行业供应商及项目落地资源者优先。 ⚠️⚠️工作地点：四川省眉山市东坡区太和公园艺术中心三楼（国科智航眉山分公司） 工作地点 成都温江区中科源码服务机器人研究院 以担保或任何理由索要财物，扣押证照，均涉嫌违法。一经发现， 立即举报,数字化产品,http://www.zhaopin.com/jobdetail/CCL1366274280J40987896602.htm?refcode=4019&srccode=401901&preactionid=8a7e229e-56a9-4180-83a8-97c334f1227b
ICT售前技术支持（懂云计算）,万宝盛华企业管理咨询(上海)有限公司大连分公司,1-1.2万,佛山·禅城·祖庙,Guangzhou,本科,3-5年,7月25日,zhilian,职位描述 云服务产品 智慧产品 网络通信设备 云计算 软件/IT服务 通信运营商/电信增值服务 1、云基础设施解决方案方向 （1）参照流程规范，独立完成系统工程方案导入，版本、基线、标准规范的管理及平台化，及系统工程业务需求梳理、架构方案设计与验证等基础性工作； （2）参照流程规范，独立完成云基础设施网络采购中的基础性工作。 （3）在指导下，基于标准化方案负责HLD、BOQ、LLD等方案输出，以及建设自动化工具等工作； （4）协助看护和优化Region技术架构、云基础设施技术方案和建设模式，及局点信息的整理维护与治理； 2、上云及专业服务解决方案方向 （1）按模板和指导，独立完成项目售前技术方案、项目建议书、可研报告、投标文件等的编写与制作等事务性工作； （2）在指导下，独立承担售前流程事务性工作，如项目分析会组织、问题跟踪等； （3）针对基础性问题，可独立完成技术问题的分析与处理，提供技术支持。 （4）协助完成上云/专业服务解决方案开发中流程事务性工作，需求整理、辅助测试、案例知识管理、经验总结整等； （5）在指导下协助完成售前阶段相关工作，如客户交流、需求分析等； （6）协助进行数据可视化工作，如业务报表设计及搭建、维护、临时数据提取、数据监控、数据分析等 任职要求： 1、知识：熟悉云基础知识，或IT基础知识；熟悉解决方案的基础知识 2、技能：能独立完成中小型云基础设施或上云专业服务类项目的技术方案，具备标准解决方案技术支持、赋能培训能力，实现1~N批量复制的能力。可承担导师职责，具备指导其他员工完成制定工作的能力；熟练掌握IT基础设施、云计算、数据库、大数据、安全等某一领域IT技能； 3、能力：学习能力强，抗压能力强，有积极进取的精神，开放、内外部沟通能力良好 工作地点 佛山禅城区万科金融中心-C座10 以担保或任何理由索要财物，扣押证照，均涉嫌违法。一经发现， 立即举报 客户,"云服务产品,智慧产品,网络通信设备",http://www.zhaopin.com/jobdetail/CC880319660J40957851015.htm?refcode=4019&srccode=401901&preactionid=8a7e229e-56a9-4180-83a8-97c334f1227b
数字孪生技术总监,南京强思数字科技有限公司,2.5-3.5万,南京·鼓楼·江东,Guangzhou,本科,10年以上,7月23日,zhilian,岗位职责： 1. 平台架构设计与领导（PaaS方向） 全面负责流程工业数字孪生PaaS平台的技术架构设计与演进，主导技术选型、模块划分、接口定义及数据流设计，确保平台具备高可用、高并发、高扩展性及安全性。 领导UE及数字孪生研发团队，从系统设计、开发、测试到上线全流程把控项目节奏与技术质量，制定并推行统一的技术标准和开发规范。 2. 引擎底层深度定制与优化 针对业务非标需求，对Unreal Engine 4/5的底层渲染管线、物理引擎、资源加载机制、网络同步模块等进行深度改写与定制开发，突破引擎原生限制，实现极致性能或独特视觉效果。 3. 数字孪生系统全栈实现 依据项目需求，独立或带领团队实现数字孪生系统的各层级功能，包括高级交互设计、逻辑优化、自研工具链构建、复杂数据集成及界面呈现。 负责系统的功能自测、性能调优及故障排除，全流程保障交付质量。 4. 核心技术难题攻克 针对数字孪生项目中的复杂仿真、优化与预测需求，主导核心算法与模型的开发落地。 主导高级用户体验功能的实现，包括物理模拟、VR/AR交互及大规模场景实时渲染等。 5. 技术风险管控与团队赋能 评估并管理项目中的技术风险，预判潜在问题，制定有效的解决方案和风险缓解策略。 为开发团队提供关键技术指导，解决疑难杂症，通过最佳实践分享与培训，提升团队整体技术实力。 任职要求： 1.本科及以上学历 2. 硬核引擎能力 对Unreal Engine 4/5有极深的理解，具备根据项目需求直接改写引擎底层源代码（如渲染、物理、网络、资源管理等模块）的实战能力。有引擎定制开发经验者优先。 3. 平台领导经验 至少主导并成功落地过一款PaaS平台从0到1的完整研发过程。熟悉微服务、容器化、DevOps、弹性伸缩等云原生技术栈。 具备极强的跨部门沟通与团队领导能力，能有效驱动团队完成平台级产品的构建。 4. 系统架构能力 拥有10年以上项目开发经验，至少3年以上平台架构设计经验。具备系统级全局视野，对技术方向、开发方法论、性能优化、可扩展性及安全性有深刻洞察。 5. 技术广度与深度 能够独立开发并实现复杂的仿真、优化、预测等算法模型。 具备实现物理模拟、XR等高级交互功能的能力，能完成包括自研工具、复杂建模在内的系统功能设计与实现。 6. 项目领导力 作为核心研发人员，曾带领过多个中型以上复杂项目（特别是涉及数字孪生或PaaS平台构建）并成功交付。 7. 问题解决与指导能力 具备卓越的技术攻关能力，能够快速定位并解决复杂系统问题，并能提供前瞻性的解决方案与设计建议，为团队提供高水平技术指导。 8. 独立攻坚能力 具备独立承担数字孪生系统核心模块的设计、开发、自测及故障排除的全链路能力。 工作地点 南京鼓楼区鼓楼创新广场-D座16楼 以担保或任何理由索要财物，扣押证照，均涉嫌违法。一经发现， 立即举报,"UE4,UE5,Paas",http://www.zhaopin.com/jobdetail/CC227363620J40908482603.htm?refcode=4019&srccode=401901&preactionid=8a7e229e-56a9-4180-83a8-97c334f1227b
海外售前技术支持,浙江宇视科技有限公司,1.2-1.6万·14薪,杭州·滨江·西兴,Guangzhou,本科,3-5年,6月29日,zhilian,职位描述 视频监控 安防视频监控 物联网 嘿！我们正在寻找一位充满激情、责任心强的售前技术支持小伙伴，一起为我们的客户提供最棒的产品体验！ 你的工作将包括与客户沟通需求、进行产品演示和培训、协助销售团队等，让我们共同为客户带来满意的产品和服务。 如果你具备以下条件，就赶快加入我们吧！ 本科及以上学历，计算机或相关专业优先； 有售前技术支持或相关领域工作经验者优先，但不是必须； 善于沟通，能清晰表达产品功能和优势； 英语沟通能力 责任心强，热爱团队工作。 我们期待你的加入，一起为客户提供卓越的产品体验！ 奖金绩效 按绩效考核 工作地点 杭州市-滨江区-西兴街道协同路369号 以担保或任何理由索要财物，扣押证照，均涉嫌违法。一经发现， 立即举报,视频监控,http://www.zhaopin.com/jobdetail/CC451534410J40872290214.htm?refcode=4019&srccode=401901&preactionid=8a7e229e-56a9-4180-83a8-97c334f1227b
技术支持客服岗,中国电子口岸数据中心成都分中心,3000-4000元,成都·武侯·桂溪,Guangzhou,本科,1-3年,7月1日,zhilian,职位描述 软件产品 计算机软件 信息安全 企业服务 岗位内容： 1. 提供技术支持和解决服务对象企业的问题，包括电话、电子邮件、聊天和远程协助等方式。 2. 将记录问题和解决方案文档化，并向其他团队成员传达信息以提高整体水平。 3. 处理复杂和技术性问题，协调相关部门跟进并做好回访工作。 4. 不断学习与更新产品及技术知识，积极参与培训及交流会议。 任职要求： 1. 具有本科或以上学历，计算机科学、信息技术或相关专业优先； 2. 至少1年技术支持经验，熟悉常见支持工具和技术，如操作系统、网络、安全、数据库等； 3. 良好的客户服务技巧，沟通能力和抗压能力； 工作地点 四川省成都市武侯区天顺中街66号 以担保或任何理由索要财物，扣押证照，均涉嫌违法。一经发现， 立即举报,软件产品,http://www.zhaopin.com/jobdetail/CC218229120J40829511505.htm?refcode=4019&srccode=401901&preactionid=8a7e229e-56a9-4180-83a8-97c334f1227b
技术专员,广东友元国土信息工程有限公司,6000-10000元,广州·天河·五山,Guangzhou,本科,1-3年,7月25日,zhilian,职位描述 资源环境管理 空间信息技术 国土空间规划 计算机软件 学术/科研 教育科技/教育软件 技术服务 主要负责相关领域空间信息技术应用的解决方案编制、科技创新服务、技术产品集成、生产技术支持工作。 任职要求 1.具备空间信息技术、资源环境管理、国土空间规划等相关专业背景，拥有硕士以上学位或1年以上相关工作经验。 2.具备强烈的事业心、责任心和执行力，尽心工作，勇于担责，尊重规则，践行“在其位担其责用其权享其利”的履职原则。 3.具备良好的团队意识和合作精神，自觉服从团队安排，主动协同他人工作，共同完成任务目标。 薪资待遇 1.全职员工薪酬包括但不限于基本工资、资格补贴、岗位补贴、出勤补贴、绩效奖励、六险一金，基本工资按就业城市（广州、成都、海口、长沙、珠海等任选）基本标准确定；资格补贴按社会行情确定；岗位补贴按任职岗位确定；出勤补贴按40元/天核算，异地作业提高75%，野外作业提高150%；绩效奖励主要根据岗位履职、目标任务完成情况进行核算。 2.固定员工享受职业培训、定期体检、节日福利、带薪年假及其他法定福利休假；履职优秀者可安排政府公租房居住。 3.欢迎相关专业研究生和高年级本科生实习，根据工作职责和地点协商确定薪酬；异地作业时安排住宿并购买意外险；工作优秀者可免实习期入职。 工作地点 广州天河区共富金农新能源孵化器二期能源路4号10楼 以担保或任何理由索要财物，扣押证照，均涉嫌违法。一经发现， 立即举报,"资源环境管理,空间信息技术,国土空间规划",http://www.zhaopin.com/jobdetail/CC208567010J40832110807.htm?refcode=4019&srccode=401901&preactionid=8a7e229e-56a9-4180-83a8-97c334f1227b
售前技术支持【统招211及以上】,超微(苏州)量测科技有限公司,1.5-2万,苏州·相城·北河泾,Guangzhou,本科,经验不限,7月22日,zhilian,岗位职责： 1、负责公司项目技术标书的制作和管理、交付时验收资料编写，产品使用手册和宣传手册编写； 2、负责售前技术交流，售中项目把控、测试、调试、验收、交付及对外培训，售后客户关系维护 3、项目中工艺部分技术管理，探头、试块，完成交付时工艺验收； 4、负责产品问题和新功能需求的收集和反馈； 任职要求： 1、大学本科及以上学历，工科类，无损检测、测控等相关专业优先； 2、具有良好的沟通能力和应变能力，良好的客户服务态度； 3、服从工作安排，吃苦耐劳，能够经常出差并适应出差。 工作地点 苏州相城区AI+交通产业园 以担保或任何理由索要财物，扣押证照，均涉嫌违法。一经发现， 立即举报,"半导体/芯片,电气机械/电力设备,电子设备制造,专用设备制造,仪器仪表,检测/认证/计量",http://www.zhaopin.com/jobdetail/CCL1518844180J40893750312.htm?refcode=4019&srccode=401901&preactionid=8a7e229e-56a9-4180-83a8-97c334f1227b
售前数字化解决方案工程师,海颐软件,9000-18000元,广州·黄埔·联和,Guangzhou,本科,经验不限,7月21日,zhilian,岗位职责要求： 1、负责公司在电力行业现有产品和方案的售前支持； 2、负责编制建设方案、汇报材料和解决方案等文档； 3、负责特定项目的需求调研、需求分析、系统规划和可行性研究报告等方案的编写； 4、负责开展信息化项目售前的技术支持工作，与客户进行技术交流和前期需求沟通汇报，引导客户需求； 5、进行投标技术方案撰写及投标方案的宣讲； 6、负责实施交付团队进场之前的沟通和配合。 岗位任职要求： 1、信息技术、计算机工程或软件工程或电气工程等相关专业，本科及以上学历，应届、往届不限； 2、具有公共事业（电力、供水、燃气）政务（公检法等）信息化建设、规划、售前工作经验者优先； 3、熟练掌握PPT、方案等的编写技能，具备良好的文案能力、较强的客户沟通交流能力和演讲呈现能力； 4、具备很强的自学能力，具有较强的抗压能力、自律力和沟通协作能力，富有责任心和团队合作精神； 5、能够适应一定时间的出差要求 工作地点 广州黄埔区云升科学园 以担保或任何理由索要财物，扣押证照，均涉嫌违法。一经发现， 立即举报,电力/水利/热力/燃气,http://www.zhaopin.com/jobdetail/CC176732310J40906487712.htm?refcode=4019&srccode=401901&preactionid=8a7e229e-56a9-4180-83a8-97c334f1227b
数字化售前解决方案工程师,新疆云天智慧科技有限公司,8000-10000元,乌鲁木齐·沙依巴克区·八一街道,Guangzhou,本科,5-10年,7月21日,zhilian,岗位职责： 1、负责公司产品解决方案和重要项目的售前技术支撑工作； 2、 配合销售部门，根据不同的客户场景应用需求，配合业务人员提供相应的产品解决方案、方案宣讲、产品演示及相关项目销售攻关； 3、能够快速深入调研与学习行业业务场景，基于公司已有技术、产品、解决方案，针对热门技术.关键技术，制定基于业务需求的解决方案； 4、及时反馈行业、市场、用户需求、竞争对手等方面市场分析数据，为公司的市场方向、产品研发和软件开发等提供建议。 任职要求： 1、本科及以上学历，有5年以上工业数字化、工业智能化、系统集成、物联网、软件等售前工作经验； 2、有工业，能源管理，自动化控制、智慧工厂等经验者优先考虑；有金蝶、用友公司做过技术的优先考虑； 3、拥有较强的业务理解、客户理解、需求挖掘和分析能力； 4、有良好的客户服务意识，主动性强，具备优秀的沟通协调、团队合作、推动执行能力； 5、有较好的大局观，具备售前团队的管理能力； 工作地点 乌鲁木齐沙依巴克区乌市沙区华隆国际大厦23楼 以担保或任何理由索要财物，扣押证照，均涉嫌违法。一经发现， 立即举报,"数字化产品,系统集成,售前技术支持经验,计算机相关专业",http://www.zhaopin.com/jobdetail/CC178013120J40896981613.htm?refcode=4019&srccode=401901&preactionid=c3d18707-ca4f-4771-befc-984b2b61931c
售前与产品项目岗,四川省地质大数据中心,5000-8000元,成都·青羊·草堂,Guangzhou,本科,1-3年,6月30日,zhilian,岗位职责 1. 跟踪行业领域政策动态、行业趋势及客户需求；通过客户访谈、现场踏勘、竞品分析等方式将模糊需求转化为可落地的建设目标；进行需求分析、方案设计、项目产品原型等。 2. 针对细分行业与场景，编制具有行业深度、技术前瞻性与融合应用的行业解决方案等； 3. 基于市场需求与竞品分析，完成产品功能规划、原型Demo及PRD等，推动项目及产品的迭代优化等。 4. 在中小型项目中承担项目经理角色，参与项目实施交付期间的具体技术实施、项目材料编制与档案管理、计划进度跟踪、组织协调沟通等，推动项目按期交付与验收等。 5. 面向客户及技术专家进行解决方案汇报与系统演示、技术交流与相关汇报；针对客户痛点设计POC方案并协调研发资源完成演示环境搭建；逐步建立行业知识库、方案库与产品库，提炼可复用的业务模型与技术组件等。 6. 执行中心、部门及上级交付的各项工作等。 （二）任职要求 1. 拥护党的领导，政治立场坚定，具有良好的职业素养和廉洁自律意识。 2. 本科及以上学历，计算机、软件工程、信息管理与信息系统、地理信息等相关专业优先。 3. 具有数智化行业售前、产品与项目经验，具备防灾减灾、大应急大安全、自然资源与林草、矿山、水电、城市生命线等行业项目背景者优先。 4. 熟悉政务信息化项目与相关行业业务需求，熟悉计算机、GIS、物联网、大数据、AI算法、数字孪生等技术知识与应用场景。 5. 具备较强的方案撰写、PPT制作与沟通交流能力，输出相关解决方案、可研报告、初步设计方案等； 6. 掌握Axure、Figma、墨刀等，具备用户思维与数据思维，完成产品相关文档与Demo；与研发与项目人员工作紧密配合。 7. 熟悉项目交付实施与各环节过程，具备岗位AI应用能力，持续探索AI在行业场景中的创新应用，具备PMP或信息系统项目管理师证书者更佳。 8. 工作条理性强，具有良好的逻辑分析能力、产品思维能力、文字表达能力、沟通演示能力，善于钻研与学习新知识能力等。 9. 抗压能力强，具有团队合作精神，具备很强的工作责任心和吃苦耐劳的精神，具备拼搏意识和责任担当。 10. 以上条件，特别优秀者可具体面议。 工作地点 成都青羊区青华路 以担保或任何理由索要财物，扣押证照，均涉嫌违法。一经发现， 立即举报,地理信息等相关专业优先,http://www.zhaopin.com/jobdetail/CCL1490702440J40872251414.htm?refcode=4019&srccode=401901&preactionid=c3d18707-ca4f-4771-befc-984b2b61931c
售前工程师,北京中锐识华信息科技有限公司,8000-10000元,北京·昌平·天通苑北,Guangzhou,大专,3-5年,7月26日,zhilian,岗位职责 负责公司产品/解决方案的售前技术支持，包括需求分析、方案设计、技术宣讲、演示及投标支持。 与客户、销售团队及技术团队紧密协作，理解客户需求并转化为技术方案。 撰写技术方案书、投标文件、产品白皮书等文档，确保内容专业且符合客户需求。 二、任职要求 1. 教育背景 专科及以上学历，计算机、电子信息、通信、自动化等相关专业优先。 2. 工作经验 3年以上相关领域售前技术支持经验，有互联网、云计算、大数据、人工智能等行业经验者优先。 熟悉至少一种主流技术领域（如云计算、网络、数据库、安全等）。 3. 技能要求 技术能力： 熟悉主流技术架构（如云平台、网络设备、服务器、存储等）。 具备技术方案设计能力，能独立完成技术文档编写。 熟悉招投标流程及标书制作。 沟通能力： 优秀的语言表达和演讲能力，能清晰地向客户传递技术价值。 良好的跨部门协作能力，能与销售、研发团队高效配合。 工具使用： 熟练使用Office办公软件（Word、Excel、PPT），具备Visio、Axure等工具使用经验者优先。 4. 素质要求 责任心强，能承受工作压力，适应短期出差。 学习能力强，能快速掌握新技术和行业动态。 具备客户导向思维，注重细节，追求方案落地效果。 三、加分项 持有相关技术认证（如CCNA、HCIA、PMP、AWS/Azure认证等）。 有大型项目售前经验或成功案例。 具备行业资源或客户关系者优先。 工作地点 北京昌平区天通中苑二区南区-25号楼西塔-1506 以担保或任何理由索要财物，扣押证照，均涉嫌违法。一经发现， 立即举报,"人工智能,云计算",http://www.zhaopin.com/jobdetail/CC153740010J40842300412.htm?refcode=4019&srccode=401901&preactionid=c3d18707-ca4f-4771-befc-984b2b61931c
（双休五险）售前工程师,郑州众合景轩信息技术有限公司,6000-10000元,郑州·中原·航海西路,Guangzhou,硕士,1-3年,5月18日,zhilian,岗位职责： 1、熟知并熟练应用ppt、word、visio、excel等常用办公和作图软件； 2、熟悉的GIS、CIM等时空数字孪生相关的业务、技术、最新的前沿进展，并能与公司产品结合进行转化； 3、深入了解的产品、方案、项目，具备优秀的方案编写能力，可以根据公司产品进行方案的扩展； 4、熟知招投标的流程和工作内容，能够进行招投标技术内容的判定； 5、具备较强的沟通能力和较强的学习能力； 6、具备高级级的产品包装能力； 7、具备中级的宣讲和演讲能力； 8、具备解决方案整合能力； 9、具备领导能力，能够协调完成售前工作。 岗位要求： 1. 硕士及以上学历，一年以上相关工作经验，要求计算机、地理信息系统、土地资源管理、测绘等相关专业； 2. 具有良好的沟通表达能力和沟通技巧，具备较强写作能力，工作条理清晰，能对客户进行培训，适应出差； 3. 熟悉招投标工作相关流程及注意事项； 4. 文字功底好，擅长编写各类技术文档、擅长PPT制作。 5. 具有良好的学习能力、职业素养、团队合作精神和客户服务意识； 其它福利: 1、工作时间：早9:00-18:00，每天工作8小时； 2、假期：每周双休，享有国家规定的法定节假日带薪休假，年休假和补充年休假； 3、成长：公司重视人才培养和团队建设，定期开展技术交流分享会，更有技术牛人可对工作上的难题进行专门指导； 4、发展：广阔的发展空间，扁平化的组织架构，和谐的人际关系； 5、环境：5A级写字楼优良舒适的办公环境，专门设立员工休息区； 6、其他福利：五险、节假日礼品、更多精彩福利等您来发现！ 工作地点 郑州中原区升龙金中环B座3601 以担保或任何理由索要财物，扣押证照，均涉嫌违法。一经发现， 立即举报,"智慧产品,智慧社区,智慧城市,智慧水利,数字孪生或GIS 相关",http://www.zhaopin.com/jobdetail/CC574631520J40712258407.htm?refcode=4019&srccode=401901&preactionid=c3d18707-ca4f-4771-befc-984b2b61931c
售前技术工程师（加密安全）,福建万芯科技有限公司,1.1-1.8万,福州·鼓楼·洪山,Guangzhou,本科,3-5年,7月24日,zhilian,职位描述 通信/网络设备 信息安全 核心定位： 配合销售团队，专项负责政企/运营商行业的网络安全、通信设备以及系统集成项目售前技术支撑;主导需求调研、方案设计、客户技术交流及招投标工作，专注解决方案落地支，助力项目签单。 我们需要您做什么： 1.客户现场需求调研：配合销售拜访客户，进行需求调研并输入文档，勘查现有网络拓扑、机房环境及安全防护现状；梳理网络升级、等保合规、老旧通信设备改造等项目需求； 2.编写通信设备、网络安全综合落地方案（绘制网络拓扑、系统架构图纸；产品选型等）；完成成本核算、设备清单编制与方案优化； 3.开展方案宣讲、产品演示及技术答疑；跟进客户技术评审，对接整改意见迭代优化方案，推动方案确认定稿； 4.负责投标材料编制，包含招标应答、技术参数偏离表、项目实施/售后方案等；完成投标资料制作，配合开标述标、专家答疑、商务技术谈判； 5.协同产品经理对接供应商，申请项目授权、技术支持、特价政策及案例，完成中标项目技术交底，协调解决项目前期进场技术难题。 希望您符合以下特征： 1.本科及以上学历，计算机、网络工程、通信工程、信息安全相关专业优先； 2.2-5年售前、解决方案岗位工作经验，具备网络安全或通信设备相关产品售前落地项目经验； 3. 熟悉网络安全、通信设备或系统集成项目流程及甲方验收标，能独立完成项目方案、技术标书全流程的编制； 4.具备良好的沟通表达能力，擅长政企客户高层及技术部门对接，具备现场公开展示、技术答疑能力； 5. 具备抗压能力强，能承接多项目并行、需求迭代，能适应短期出差、驻场对接及项目型业务阶段性的加班。 加分项： 1.有集成商、安全厂商、通信厂商从业背景。 2.具备优秀的学习能力和主动性，对量子领域有一定了解的，可适当放宽年限和专业要求。 工作地点 福建省福州市鼓楼区乌山西路5楼万芯科技 以担保或任何理由索要财物，扣押证照，均涉嫌违法。一经发现， 立即举报,信息安全,http://www.zhaopin.com/jobdetail/CC814789690J40879908205.htm?refcode=4019&srccode=401901&preactionid=c3d18707-ca4f-4771-befc-984b2b61931c
海外技术支持,天地伟业,1-1.5万·13薪,天津·西青·张家窝,Guangzhou,本科,3-5年,7月6日,zhilian,职位描述 硬件产品 软件产品 智能产品 通信/网络设备 计算机硬件 软件/IT服务 一、工作职责 1、售前推广：负责公司产品在海外市场的推广、产品演示； 2、技术支持：售中调试和售后支持工作，与海外客户保持技术沟通和交流； 3、产品培训：负责公司产品在海外市场的培训； 4、需求整理：积极寻找满足客户需求的技术解决方案，归纳客户隐形和非隐形的需求。 二、任职要求 1、本科及以上学历，计算机、电子信息、通信等相关专业；英语听说读写熟练； 2、熟练掌握Windows操作系统及相关办公软件，了解TCP/IP协议；熟练掌握网络相关知识； 3、了解安防摄像机、NVR等产品常规调试、使用方法； 4、有海外独立出差经验的优先。 工作地点 天津西青区天地伟业技术有限公司 以担保或任何理由索要财物，扣押证照，均涉嫌违法。一经发现， 立即举报,"硬件产品,软件产品,智能产品",http://www.zhaopin.com/jobdetail/CC120401610J40862021301.htm?refcode=4019&srccode=401901&preactionid=c3d18707-ca4f-4771-befc-984b2b61931c
解决方案工程师,长沙市天心阁大数据研究院,9000-12000元,长沙·岳麓·岳麓街道,Guangzhou,本科,5-10年,7月13日,zhilian,职位描述 智慧文旅 数字电网 数字孪生水利 云计算 计算机软件 电力/水利/热力/燃气 核心定位：融合产品经理与售前解决方案工程师职能，主导产品全生命周期规划，针对客户需求输出定制化解决方案，支撑市场拓展与项目落地。 （一）承担产品经理工作 需求管理：调研行业趋势、客户痛点及市场竞争情况，收集内部销售、研发及外部客户需求，进行需求分析、筛选、优先级排序，输出需求规格说明书； 产品规划：基于需求与公司战略，制定产品短期 / 长期 roadmap，明确产品功能模块、技术架构方向及迭代计划； 产品设计：负责产品原型设计（Axure / 墨刀等工具）、交互逻辑梳理、产品说明书 / 操作手册编写，配合 UI 团队完成界面设计； 迭代管理：组织产品迭代评审会，协调研发、测试团队推进产品开发与测试，跟踪迭代进度，解决开发过程中的需求变更与问题，确保迭代按时落地； 产品优化：跟踪产品上线后的用户反馈、使用数据，分析产品不足，提出优化方案并推动落地。 （二）承担售前解决方案工程师工作 方案输出：对接销售团队，深入理解客户业务场景与核心需求，结合公司产品功能，输出针对性的售前解决方案； 方案演示与宣讲：负责客户现场 / 线上方案演示、产品 Demo 操作，解答客户关于产品功能、技术实现、部署方式等方面的疑问，配合营销完成商务谈判； 招投标支持：参与项目招投标工作，编写投标文件（技术部分）、响应招标文件要求，协助完成标书审核、述标答辩等环节； 客户需求对接：作为技术与客户的桥梁，准确传递客户需求至产品团队，同步产品规划与迭代进度至客户，维护客户技术层面的信任关系； 市场支撑：协助销售团队进行市场推广活动，提供技术支持与产品宣讲；整理行业案例、解决方案模板，完善售前知识库。 （三）跨部门协同与其他工作 协同研发团队：传递产品需求与客户诉求，参与技术方案评审，确保产品开发符合需求与客户预期； 协同销售团队：提供售前技术培训，提升销售团队对产品的理解与方案讲解能力； 行业研究：跟踪行业政策、技术趋势（如 AI、云计算、大数据在信息化领域的应用），输出行业分析报告，为产品规划与解决方案优化提供依据。 (四) 项目经验 行业经验：有下列一个或多个行业经验者优先，地理信息、政务软件、水利行业、电力行业、烟草行业化、燃气行业。 技术背景：有软件开发经验、集成项目管理经验者优先 工作地点 长沙岳麓区清水路 以担保或任何理由索要财物，扣押证照，均涉嫌违法。一经发现， 立即举报,"智慧文旅,数字电网,数字孪生水利",http://www.zhaopin.com/jobdetail/CCL1476604690J40896803112.htm?refcode=4019&srccode=401901&preactionid=c3d18707-ca4f-4771-befc-984b2b61931c
售前工程师,河南晨帆智能科技有限公司,1-2万,郑州·中原·沟赵,Guangzhou,本科,5-10年,5月26日,zhilian,职位描述 智慧产品 软件产品 网络通信设备 技术沟通 人工智能 职位描述 矿山企业数字化 数字港口，数字矿山 工作职责 1.负责工业互联网、智能制造、智慧港口、矿山数字化、智慧工厂等相关项目的售前支撑； 2. 配合销售人员与客户进行售前现场方案交流，分析并挖掘客户需求； 3. 负责公司工业相关产品的需求调研、方案撰写、产品演示及讲解等工作； 4. 协助完成区域项目全生命周期的项目管理工作，组织项目计划的实施，推动项目的进度，保证项目按质量按进度完成； 5. 参与各类项目的推广计划、技术方案、招投标方案编写等工作； 6. 协助完成公司产品推广及公司要求的其他市场拓展工作； 7. 其他上级领导交办的各项工作。 任职资格 1. 本科及以上学历，计算机、自动化、物联网、通信工程、电气工程等相关专业； 2. 具备5年以上IT项目管理和售前相关工作经验；具有大型政务项目或企业数字化项目经验者优先； 3. 熟悉IT项目的需求分析、方案设计、实施跟进，能够独立完成项目全流程工作； 4. 具有良好的语言表达能力、培训及沟通技巧，可独立与客户交流、汇报项目方案等； 5. 有团队合作精神，积极主动，能承受较大的工作压力，接受全省范围内中短期的项目出差； 6. 熟练使用Word、EXCEL、PPT等办公软件，能独立完成项目文档编辑工作 7. 智能矿山，智能工厂，智慧港口，数字孪生，等项目优先考虑。 工作地点 郑州中原区国弘大厦B座17楼 以担保或任何理由索要财物，扣押证照，均涉嫌违法。一经发现， 立即举报,"智慧产品,软件产品,网络通信设备,技术沟通",http://www.zhaopin.com/jobdetail/CCL1485465150J40601352609.htm?refcode=4019&srccode=401901&preactionid=c3d18707-ca4f-4771-befc-984b2b61931c
海外售前技术工程师（对应届生开放）,博大视野(厦门)科技有限公司,7000-12000元·13薪,厦门·思明·莲前,Guangzhou,本科,3-5年,7月21日,zhilian,岗位职责： 1、海外项目方案设计： 1）配合海外销售团队，充分理解海外港口、船海等户外工业场景下的客户需求，负责设计定制化的视觉AI与远程智能控制解决方案。 2)负责撰写符合国际规范的英文版技术方案、系统架构图、配置清单及可行性分析报告。 2、售前技术支持： 1）参与海外项目的远程及现场技术交流，向海外客户清晰阐述产品方案的技术优势。 2）负责海外项目投标工作中的技术标书制作、英文讲标及技术答疑环节。 3、需求转化与项目跟进： 1）精准挖掘并引导海外客户需求，将一线市场需求转化为内部研发可读的技术语言，协助产品迭代。 2）参与项目全周期的技术把控，确保设计方案的可交付性与竞争力。 任职要求： 1、学历专业：本科及以上学历，通信工程、电子信息工程、计算机科学、自动化等相关专业，2026届应届毕业生及毕业1-2年内的往届生均可投递。 2、语言能力： 英文可作为工作语言，具备优秀的英文听说读写能力，能流利地进行跨国电话会议及技术文档撰写。 3、核心素质： 1）具备扎实的理工科基础，对计算机网络、视频监控系统或安防系统有一定了解优先。 2）具备良好的团队协作能力和抗压能力。 3）能适应短期出差。 奖金绩效 项目奖金 工作地点 思明区博大视野(厦门)科技有限公司34-3号401室 以担保或任何理由索要财物，扣押证照，均涉嫌违法。一经发现， 立即举报,"英语可沟通,系统集成",http://www.zhaopin.com/jobdetail/CC446611430J40902987803.htm?refcode=4019&srccode=401901&preactionid=c3d18707-ca4f-4771-befc-984b2b61931c
数字化负责人（工厂方向）,上海天都人力资源有限公司,1.5-2万,上海·闵行·七宝,Guangzhou,大专,3-5年,6月12日,zhilian,岗位职责】 主动开发业务：深入各工厂，主动识别生产、质量、设备等环节的改善空间，形成可推广的数字化方案。 方案洽谈：向工厂负责人（厂长、生产总监等）展示数字化方案的价值，包括过往成功案例、预期收益、投入产出比，说服对方立项并配合推进。 定制化方案设计：根据工厂的具体痛点、现状和预算，调整方案细节，让对方感受到“这是为我量身定做的”，而不是标准产品推销。 推动落地与交付：协调内外部资源，确保方案按计划上线，并对最终的业务成效（如效率提升、成本下降）负责。 建立标杆与：将成功案例包装成可复用的方案和话术，快速推广到其他工厂，形成规模化效应。 【任职要求】 3年以上制造业经验，其中至少1年工厂数字化或相关改善工作，有成功说服工厂并交付成果的实际案例。 具备良好的业务洽谈能力，能与工厂管理层平等对话，用业务语言（效率、成本、质量、交期）而非技术术语沟通。 熟悉制造型工厂的基本运作流程，能快速理解一线管理人员的痛点和顾虑。 能够清晰、有说服力地展示方案价值，不怯场、不怕被拒绝，可以接受销售。 了解常见的工厂数字化工具（如生产进度看板、设备监控、质量追溯等）的基本原理和适用场景，能解释清楚“能解决什么问题”。 工作地点 上海闵行区明泉财富108广场-南楼28楼 以担保或任何理由索要财物，扣押证照，均涉嫌违法。一经发现， 立即举报,工业自动化/机器人,http://www.zhaopin.com/jobdetail/CC350126610J40868350214.htm?refcode=4019&srccode=401901&preactionid=c3d18707-ca4f-4771-befc-984b2b61931c
产线售前工程师,江苏通智数控机床创新中心有限公司,9000-18000元·13薪,南京·六合·雄州,Guangzhou,本科,3-5年,11月19日,zhilian,岗位职责： 1.整体技术方案设计：依据客户需求，完整规划智能制造产线的工艺流程、设备选型、产线布局及系统集成方案，涵盖自动化、数字化、智能化各环节。 2.需求调研与分析：深入了解制造业客户的生产痛点，提供针对性的升级建议，并将需求转化为可执行的技术方案。 3.产线仿真与验证：使用Plant Simulation、DELMIA、AutoCAD、SolidWorks 等数字化工具进行产线仿真，验证方案可行性并持续优化生产效率。 4.成本评估与核算：协同供应链、采购及工程团队完成 BOM 编制、方案成本核算，确保技术方案在商业上具备竞争力。 5.技术文档与方案呈现：撰写技术协议、方案说明书、投标文件等文档，制作高质量 PPT 并进行方案演示与技术交流。 6.跨部门协作：与销售、研发、生产、工程等部门紧密配合，推动方案落地并提供后续技术支持与培训。 7.行业与技术研究：持续跟踪工业 4.0、数字孪生、工业互联网、AI 质检、预测性维护等前沿技术，提炼竞争优势并在方案中加以应用。 8.项目管理（加分）：具备 PMP 或类似项目管理认证者，可承担项目进度、资源与风险管理职责。 l 任职要求： 1.学历与经验：本科及以上学历，3 年以上智能制造、工业自动化或产线规划相关工作经验。 2.技术能力：熟悉 PLC、SCADA、MES、工业机器人等核心技术； 掌握主流工业通信协议（OPC UA、Modbus、Profinet、EtherCAT 等）及工业软件（如西门子、达索系统）；精通产线仿真与布局工具（Plant Simulation、DELMIA、AutoCAD、SolidWorks 等），有数字化工厂规划经验者优先；了解工业大数据、AI 在制造中的应用（如预测性维护、视觉检测、工艺优化）者加分。 3.行业知识：熟悉汽车、3C、机械加工等制造业的生产流程、痛点及智能物流（AGV、立体库）等概念。 4.软技能：出色的 PPT 制作与方案宣讲能力，逻辑清晰、表达流畅；具备严谨的文档编写能力和良好的问题分析、解决能力； 良好的团队协作意识，能够在跨部门项目中发挥桥梁作用。 5.语言能力：英语可作为工作语言，具备良好的读写能力，能够阅读技术文献。 6.加分项：有数字孪生、虚拟调试或工业大数据项目经验； 持有 PMP、Siemens 认证工程师或其他智能制造相关认证。 工作地点 南京六合区郁庄路 以担保或任何理由索要财物，扣押证照，均涉嫌违法。一经发现， 立即举报,"产线仿真,工业互联网,工业软件",http://www.zhaopin.com/jobdetail/CCL1349872880J40769277416.htm?refcode=4019&srccode=401901&preactionid=c3d18707-ca4f-4771-befc-984b2b61931c
产品合规与售前工程师,福建三顾科技有限公司,1.1-2万,武汉·洪山·九峰,Guangzhou,本科,经验不限,7月15日,zhilian,职位描述 物联网 船舶/航空/航天/军工 人工智能 一、岗位简介 本岗位为复合型核心技术岗，融合海事AI产品售前解决方案与船级社产品合规认证两大职能。任职者既要面向全球海事客户提供AI智能化解决方案售前支撑，助力项目成交；也要负责公司智能船舶产品的法规研究、船级认证与合规体系建设，搭建产品行业准入壁垒，驱动产品商业化落地与迭代升级。岗位为国际化工作场景，英语为工作语言 二、核心工作职责 1. 海事AI售前工作 - 对接船东、船舶管理公司等客户，挖掘船队运营痛点，定制海事AI、大数据及智能硬件解决方案与系统架构。 - 开展英文技术交流、产品演示与方案宣讲，完成RFI/RFP应答、解决方案建议书等售前文档撰写。 - 维护客户技术决策层关系，收集市场与竞品反馈，推动产品迭代；项目成交后对接团队完成技术交底，保障落地。 2. 海事法规与认证战略 - 持续跟踪IMO及DNV、ABS、LR、CCS等主流船级社规范，重点关注智能船舶、船舶网络安全、远程检验等新规。 - 结合公司产品战略，输出认证路径、成本、周期专业建议，制定产品合规认证战略。 3. 全流程船级认证管理 - 主导产品船级社型式认可、证书申报全流程，统筹编制图纸、测试报告、FMEA、网络安全报告等送审资料。 - 作为对外核心接口，对接船级社审图与检验工作，解答技术质询、跟进审批进度，协调工厂审核与见证试验。 4. 项目支持与体系优化 - 支撑单船项目送审与检验工作，为客户提供合规认证技术咨询。 - 联动研发实现产品设计前置合规，维护船级社人脉资源，优化内部认证与文档管理流程体系。 三、出差与工作语言 工作语言：英语为核心工作语言，可独立完成英文技术沟通、法规研读、商务对接等全场景工作。 出差要求：岗位设置双职业发展方向，按需适配工作模式：偏向产品合规方向，需接受短期出差；偏向售前国际化经理人方向，可接受长期出差工作。 四、任职要求 硬性必备条件 - 从业经验：有主流船级社审图、检验、产品认证经验，或海事自动化、软件、智能设备厂商送审认证相关经验优先，熟悉船舶运营及海事业务流程优先。 - 专业能力：精通船级社认证流程、型式认可、单船检验规范，熟悉SOLAS、MARPOL等国际海事公约。 - 语言能力：优秀的英文读写与口语能力，可独立完成英文法规研读、技术对接与国际商务沟通。(此项必备） - 综合素养：擅长技术文档编撰，细节严谨，具备优秀的跨部门协调、项目推进与对外沟通能力，能适配国际化快节奏工作。 优先加分项 - 船舶、自动化、计算机等理工科本科及以上学历；有海事售前、解决方案架构师工作经验。 - 熟悉AI、SaaS、物联网智能硬件产品，了解船舶VDR、ECDIS、AMS等船舶数据。 - 拥有智能船级符号、船舶网络安全相关认证申报成功经验，持有船级社优质人脉资源。 - 熟悉ISO9001质量体系，有科技初创公司工作、流程体系搭建经验。 工作地点 武汉市洪山区创新东路光谷金融中心1701 以担保或任何理由索要财物，扣押证照，均涉嫌违法。一经发现， 立即举报,"物联网,船舶/航空/航天/军工,人工智能",http://www.zhaopin.com/jobdetail/CCL1493202710J40994422202.htm?refcode=4019&srccode=401901&preactionid=c3d18707-ca4f-4771-befc-984b2b61931c
售前顾问,河北广寰智能科技有限公司,4000-8000元,石家庄·正定·诸福屯,Guangzhou,大专,经验不限,7月10日,zhilian,职位描述 招投标 产品行业应用 人工智能 一、校企合作拓展与维护： 1、建立并维护校企合作关系，推动无人机相关专业共建、实训室建设、课程开发等合作项目落地； 2、策划并执行校园宣讲、技术沙龙、师资培训、学生竞赛等活动，提升公司在院校端的品牌影响力； 3、跟进合作项目的全流程管理，包括需求调研、方案制定、合同签署、实施协调及后期服务支持。 二、售前技术支持： 1、配合销售团队，为客户提供无人机产品及解决方案的专业咨询，包括产品演示、技术讲解、方案答疑等； 2、根据行业应用客户需求，参与编写技术方案、项目申报书、招标参数及解决方案文档； 3、收集客户反馈及行业趋势，协同产品团队优化面向行业应用的产品及解决方案。 任职要求 一、学历与经验： 大专及以上学历，专业不限，无人机、航空器、机电、自动化、市场营销等相关专业优先，经验不限； 二、专业技能： 具备基础的无人机技术知识，了解主流无人机系统架构、飞控原理及行业应用场景者优先，持有CAAC无人机驾驶员执照或有实际飞行经验者优先考虑。 三、能力素质： 1、口齿清晰，表达流畅，具备良好的公众演讲能力和沟通感染力，能够面向政企院校客户进行技术讲解； 2、思维敏捷，反应灵活，能够快速理解客户需求并给出初步解决思路； 3、具备较强的学习能力，能持续跟进行业技术发展及教育政策变化。 四、工作态度： 能适应短期出差（拜访客户、跟进展会及项目实施），具备较强的抗压能力； 吃苦耐劳，踏实肯干，愿意在无人机赛道长期发展。 五、加分项： 1、有行业人脉积累； 2、有无人机竞赛参赛或带队经历； 3、具备基础文案能力，能撰写方案或报告； 4、了解招投标流程。 工作地点 石家庄正定县河北交投数智产业园2号楼C座501-510室 以担保或任何理由索要财物，扣押证照，均涉嫌违法。一经发现， 立即举报,"招投标,产品行业应用",http://www.zhaopin.com/jobdetail/CCL1464444210J40918559012.htm?refcode=4019&srccode=401901&preactionid=c3d18707-ca4f-4771-befc-984b2b61931c
售前工程师(ZGSY),首都信息发展股份有限公司,1.5-2万,北京·东城·景山,Guangzhou,本科,3-5年,4月10日,zhilian,职位描述 软件产品 OA系统 1.协助销售部门开展组织人事信息化项目的售前技术支持，提供解决方案设计与专业咨询； 2.负责项目相关技术方案、建设方案的编写与组织整理； 3.整合组织人事相关产品与解决方案，编制宣传材料、培训手册等文档，并承担相关宣讲工作； 4.参与招投标过程，负责投标技术文件的编制、技术讲解及现场答疑； 5.跟踪国家及地方在组织人事领域的政策动态、行业标准及项目发展动向； 6.负责职责范围内与外部单位的联络、协调与沟通工作； 7.完成上级交办的其他工作任务。 任职条件： 1.大学本科及以上学历，计算机、网络工程、电子信息、通信工程、信息管理、管理工程等相关专业； 2.具备政务信息化行业经验，尤其在组织人事领域相关经验者优先； 3.三年以上相关岗位工作经验，具有信息化咨询规划、售前支持、解决方案设计、项目管理或项目实施经验； 4.熟悉政务信息化及企业信息化建设，熟悉组织人事业务者优先； 5.具备较强的业务需求分析与方案讲解能力； 6.拥有良好的沟通、学习、表达、组织协调与判断能力； 7.责任心强，积极进取，具备团队合作精神，能适应富有挑战性的工作。 工作地点 东城区北京市隆福大厦 以担保或任何理由索要财物，扣押证照，均涉嫌违法。一经发现， 立即举报,"软件产品,OA系统",http://www.zhaopin.com/jobdetail/CC000103760J40839794307.htm?refcode=4019&srccode=401901&preactionid=c3d18707-ca4f-4771-befc-984b2b61931c
售前工程师（数字化转型方向）,郑州锐创信息技术有限公司,8000-15000元,郑州·中原·石佛,Guangzhou,本科,3-5年,7月16日,zhilian,职位描述 ERP系统 CRM系统 MES系统 工业自动化/机器人 主要职责： 负责IT项目售前咨询服务，包括项目需求调研与分析、技术方案交流引导和项目方案设计，协助销售人员完成销售目标；参与项目实施，对需求、设计进行总体把握，协助项目经理做好项目交付工作。 任职要求： （1）本科及以上学历，计算机、信息管理、生产制造等相关专业毕业，身体健康、五官端正、普通话标准。具有3年以上系统集成/软件开发项目售前支持工作经验； （2）对制造业数字化建设有深刻理解，具备行业知识、技术与解决方案底蕴，对项目实施有较强的把控能力； （3）具备较强的人际沟通能力和谈判技巧、较强的文档撰写能力、敏捷的反应能力和问题解决能力。 （4）能适应经常出差。 福利待遇： 1、年收入15万元以上，包括：基本工资 + 项目提成 + 绩效奖励 + 各类补贴，业绩优秀者可成为公司股东享受公司年度分红； 2、周末双休，节假日正常休息，满一年后有年假； 职位福利：社保五险、绩效奖金、弹性工作、带薪年假、员工旅游等。 职位亮点：办公地点临近地铁口，交通便利。 工作地点 郑州中原区河南省国家大学科技园-西区孵化器1号楼1122室 以担保或任何理由索要财物，扣押证照，均涉嫌违法。一经发现， 立即举报,"ERP系统,CRM系统,MES系统",http://www.zhaopin.com/jobdetail/CC387948380J40787735612.htm?refcode=4019&srccode=401901&preactionid=c3d18707-ca4f-4771-befc-984b2b61931c
售前顾问,湖南沁浩信息科技有限公司,8000-15000元,长沙·岳麓·麓谷,Guangzhou,大专,3-5年,7月3日,zhilian,"岗位职责： 1. 负责数字化、智能制造、MES、WMS、EAM、EMS、FMCS、数字孪生等项目售前工作,包括技术宣讲、技术交流、技术引导等； 2. 负责数字化、智能制造、MES、WMS、EAM、EMS、FMCS、数字孪生等项目投标工作：包括标书应答、制作和审核投标配置及技术方案等； 3. 负责公司产品交流PPT，产品资料和文档的编写； 4. 负责公司内部员工和外部客户的产品培训等。 任职条件： 1.3年以上数字化、智能制造领域从业工作经验，大专以上学历，无专业限制； 2.有智能工厂、数字化工厂项目实施经验优先考虑； 3.有MES、WMS、EAM、EMS、FMCS、数字孪生售前顾问工作经验者优先考虑； 4.有精益生产和智能制造（自动化）相关经验者优先； 5.精通方案编制、擅长PPT方案撰写和演讲； 6.熟悉制造业行业（电子、太阳能、半导体、机械制造、医疗器械等至少其中一种） 7.熟练应用OFFICE办公软件，有优秀的文案编写能力； 8.具有良好的沟通表达能力、个人品质及扎实的工作作风；具有良好的团队合作精神和敬业精神； 9.愿意接受短期出差。 工作地点 长沙岳麓区清控尖山湖G05地块10楼1003 以担保或任何理由索要财物，扣押证照，均涉嫌违法。一经发现， 立即举报",售前顾问,http://www.zhaopin.com/jobdetail/CC859786170J40536343610.htm?refcode=4019&srccode=401901&preactionid=c3d18707-ca4f-4771-befc-984b2b61931c
技术支持工程师 /售后技术支持/弱电工程师/实施工程师,山东裕乾电子科技有限公司,6000-12000元,济南·历下·舜华路,Guangzhou,大专,3-5年,7月14日,zhilian,岗位职责： 1、从事技术部门的有关工作（图纸查看统计、图纸优化设计、设备编程调试、技术支持、配合交付、售后服务）及享受奖励。 2、配合项目经理做好项目服务工作，提高客户满意度与合作粘性。 3、协调项目现场各单位技术人员，完成需求落实、实施规划、设备联调、软件上线等有关工作。 任职要求： 1、具有技术工程师、DDC/PLC/KNX编程、弱电设计与施工、机电安装等有关经验，外向型，有较好的协调能力，能与客户进行沟通交流。 2、有挣钱欲望，竭尽全力做好份内工作，多劳多得（项目奖金）。 3、统招本科及以上学历（经验丰富或统筹能力强，可放宽至统招专科），工作年限不低于2年；能够接受出差，有驾驶证会开车。 4、从事弱电项目集成、建筑机电安装、暖通电气消防等有关工作的优先；所学电气、物联网、机电、自动化、计算机、暖通等相关专业的优先。 5、有理想、有担当，加入公司以成为“公司合伙人”为目的，而不是只为打工挣钱。 公司主营业务： 裕乾--智慧系统软硬件厂家，在政府（办公楼、医院、高校）、商业（写字楼、商场、公寓）等方面，从事楼宇自动化（新建、节能改造）、大后勤（节能降耗、降本增效、安全管控）领域，数字化转型软硬件研发、销售、服务工作。 1、楼宇、后勤各节能/控制系统（楼宇自控、能耗监测、智能照明、安全用电、空调节能等）软硬件研发、销售、服务。 2、智能化集成系统（后勤、办公等业务系统，建筑领域：弱电、强电、空调、消防等各专业系统集成，数字孪生应用；工业领域；水利领域等）软件研发、销售、服务。 晋升路线： 技术工程师—高级技术工程师—技术小组主管—经理助理—技术部经理 工作地点 济南历下区联合财富广场-4号楼1805室 以担保或任何理由索要财物，扣押证照，均涉嫌违法。一经发现， 立即举报,"硬件产品,建筑设备,物联网终端设备,设备安装,设备调试,会开车、有驾照",http://www.zhaopin.com/jobdetail/CC621310230J40872636414.htm?refcode=4019&srccode=401901&preactionid=c3d18707-ca4f-4771-befc-984b2b61931c
售后技术支持,重庆大斗人力资源管理有限公司,8000-11000元,成都·青白江·大同,广州,大专,1年以下,7月26日,zhilian,职位描述 电子产品 IT文档全生命周期管理 IT设备运维管理 数据质量监控 工作职责 1. 负责IT部门技术文档的全生命周期管理，包括整理、归档与动态更新，确保资料的完整性与可追溯性。 2. 协助完成系统数据的录入、交叉核对与日常维护，建立数据质量监控机制，保障核心数据的准确性与安全性。 3. 承担IT设备的日常管理工作，涵盖设备台账登记、耗材申领分发，以及电脑、打印机等常见设备的基础故障排查与预处理。 4. 配合技术培训与内部会议的组织工作，负责会议纪要的精准记录及培训材料的标准化准备。 任职要求 1. 大专及以上学历，计算机、信息管理或相关专业优先，具备IT领域基础认知。 2. 精通Office办公套件（Word/Excel/PPT），能独立完成复杂文档排版与多维度数据处理，熟练使用Excel函数进行数据统计分析。 3. 熟悉常见IT硬件设备的基础操作逻辑，能快速定位并解决打印机卡纸、系统驱动安装等基础问题，适应新工具的学习能力强。 4. 具备主动服务意识与高效沟通能力，工作细致严谨，有较强的责任心，能在多任务并行场景下保持高质量输出。 工作地点 成都青白江区青白江万达广场写字楼 以担保或任何理由索要财物，扣押证照，均涉嫌违法。一经发现， 立即举报 客户,"电子产品,IT文档全生命周期管理,IT设备运维管理,数据质量监控",http://www.zhaopin.com/jobdetail/CCL1526253760J40898262413.htm?refcode=4019&srccode=401901&preactionid=b7c64a33-d01b-4871-9399-1f6ed662634d
售后技术支持,重庆大斗人力资源管理有限公司,8000-11000元,北京·丰台·看丹,广州,大专,1年以下,7月26日,zhilian,职位描述 电子产品 IT文档全生命周期管理 IT设备运维管理 数据质量监控 工作职责 1. 负责IT部门技术文档的全生命周期管理，包括整理、归档与动态更新，确保资料的完整性与可追溯性。 2. 协助完成系统数据的录入、交叉核对与日常维护，建立数据质量监控机制，保障核心数据的准确性与安全性。 3. 承担IT设备的日常管理工作，涵盖设备台账登记、耗材申领分发，以及电脑、打印机等常见设备的基础故障排查与预处理。 4. 配合技术培训与内部会议的组织工作，负责会议纪要的精准记录及培训材料的标准化准备。 任职要求 1. 大专及以上学历，计算机、信息管理或相关专业优先，具备IT领域基础认知。 2. 精通Office办公套件（Word/Excel/PPT），能独立完成复杂文档排版与多维度数据处理，熟练使用Excel函数进行数据统计分析。 3. 熟悉常见IT硬件设备的基础操作逻辑，能快速定位并解决打印机卡纸、系统驱动安装等基础问题，适应新工具的学习能力强。 4. 具备主动服务意识与高效沟通能力，工作细致严谨，有较强的责任心，能在多任务并行场景下保持高质量输出。 工作地点 北京丰台区丰科万达广场写字楼 以担保或任何理由索要财物，扣押证照，均涉嫌违法。一经发现， 立即举报 客户,"电子产品,IT文档全生命周期管理,IT设备运维管理,数据质量监控",http://www.zhaopin.com/jobdetail/CCL1526253760J40898262013.htm?refcode=4019&srccode=401901&preactionid=ca69f92b-76f5-44eb-a6fa-cf0fbc2cb5f9
技术支持岗（北京） (MJ000765),中国网安,1-1.5万,北京·丰台·看丹,广州,本科,3-5年,7月15日,zhilian,岗位职责： 1.负责提供产品技术支持，主要包括安全系统集成建设、系统运维、售后服务等，为用户提供集成建设、运维与保障方案，开展咨询解答、用户培训、现场技术服务、故障分析排除、巡修巡检、重大任务保障、产品升级整改、远程支持等工作; 2.与研发部门对接，处理技术支持过程中的产品问题，协助开展问题汇总、统计分析; 3. 负责技术支持过程客户及产品信息收集、上报，提出改进建议，协助开展产品使用阶段全生命周期管理; 4.负责对应领域技术文档的编制; 5.支撑技术支持项目的争取、售后市场等工作; 6.对本职的质量、保密、安全生产工作负岗位责任; 7.完成领导交办的其他任务。 二、任职条件： 1.大学本科及以上学历，3年及以上工作经验； 2.具有网络、安全、计算机、通信、电子等专业背景，了解安全行业发展动态及趋势； 3.熟悉Windows、麒麟操作系统、数据库等系统运维； 4.熟悉TCP/IP协议，VLAN、VPN网络技术以及常用的网络设备和服务； 5.具备一定的编程基础，能够独立书写脚本语言或具备一定的硬件维修及仪器使用能力； 6.具有较强综合能力、技术能力、动手能力、文档编制能力、沟通表达能力和团队协作能力； 7.具有良好的学习能力和自我驱动能力，能够不断学习和掌握新的技术知识，适应不断变化的工作环境； 8.能够承受一定的工作压力，适应出差、责任心强、能吃苦耐劳、有服务化意识、能够换位思考问题，以客户为中心思考和解决问题； 9.具有网络、安全系统建设和运维项目、安全服务项目经验，带过建设和运维项目团队、编制过方案、运维手册等资料优先； 10.具有CISP-PTE、软考信息系统项目管理、网络规划高级及以上证书者优先； 11.具有网络、安全方向中级职称及以上证书或高级及以上技能证书优先。 工作地点 北京丰台区总部基地18区 以担保或任何理由索要财物，扣押证照，均涉嫌违法。一经发现， 立即举报,"系统运维,售后服务",http://www.zhaopin.com/jobdetail/CC277012680J41022355004.htm?refcode=4019&srccode=401901&preactionid=ca69f92b-76f5-44eb-a6fa-cf0fbc2cb5f9
数字化转型工程师（成都）,重庆信息通信研究院,1-1.5万,成都·双流·彭镇,广州,本科,5-10年,5月7日,zhilian,岗位职责： 1、负责重点行业、企业智能化改造数字化转型规划、方案设计等专业咨询服务； 2、深度调研分析企业信息化、数字化现状，归纳痛点和需求，规划定制数字化解决方案； 3、参与数字化供应商的商务沟通，制订实施方案； 4、研究政府智改数转政策，输出行业数字化转型路线图； 5、负责编制标杆工厂/智能车间/智能工厂/5G工厂等数字化转型项目解决方案； 6、负责售前技术交流，解决方案编写、演讲呈现和投标支撑。 岗位要求： 1、统招本科及以上学历，机械自动化、工业工程、计算机或通信类专业，5年及以上解决方案工作经历； 2、熟悉企业生产制造管理流程，有一定的MES、ERP、生产模块实施及项目管理经验； 3、对云计算、大数据、工业互联网、数字孪生、人工智能技术具有一定的了解，并且能够灵活地将各项技术运用到场景设计中，有数字化改造类落地项目经验优先； 4、具备较强的场景分析、整体方案规划、行业政策解读能力，PPT制作及演讲能力强； 5、具有高度的责任心，做事踏实负责、认真严谨，具有较高的自我要求；抗压性强，能够适应较快节奏的任务完成周期，善于与团队合作； 6、具备工业互联网、智能制造、云计算、工业大数据、工业人工智能、信息化改造经验或管理咨询、业务分析经验经验者优先。 工作地点 成都双流区中国信通院成渝研究院 以担保或任何理由索要财物，扣押证照，均涉嫌违法。一经发现， 立即举报,"人工智能,云计算,产业互联网平台",http://www.zhaopin.com/jobdetail/CC472287630J40836759915.htm?refcode=4019&srccode=401901&preactionid=ca69f92b-76f5-44eb-a6fa-cf0fbc2cb5f9
售前技术支持/五险一金,众前行(重庆)人力资源有限公司,1.1-1.5万,东莞·大朗镇,广州,大专,1-3年,7月26日,zhilian,职位描述 云服务产品 HR SAAS产品 售前技术支持 人力资源数字化 工作职责 1. 对接客户需求，深入理解人力资源数字化场景下的业务痛点，提供针对性技术解决方案。 2. 负责产品演示、技术方案撰写与讲解，协助销售团队完成客户转化。 3. 参与客户需求调研与分析，输出需求文档并协同研发团队推进产品优化。 4. 解决客户在产品使用过程中的技术疑问，提供专业的技术支持与服务。 工作地点 东莞康丽大厦 以担保或任何理由索要财物，扣押证照，均涉嫌违法。一经发现， 立即举报 客户,"云服务产品,HR SAAS产品,售前技术支持,人力资源数字化",http://www.zhaopin.com/jobdetail/CCL1525399570J40866781107.htm?refcode=4019&srccode=401901&preactionid=ca69f92b-76f5-44eb-a6fa-cf0fbc2cb5f9
售后技术支持,重庆大斗人力资源管理有限公司,8000-11000元,石家庄·裕华·槐底,广州,大专,1年以下,7月26日,zhilian,职位描述 电子产品 IT文档全生命周期管理 IT设备运维管理 数据质量监控 工作职责 1. 负责IT部门技术文档的全生命周期管理，包括整理、归档与动态更新，确保资料的完整性与可追溯性。 2. 协助完成系统数据的录入、交叉核对与日常维护，建立数据质量监控机制，保障核心数据的准确性与安全性。 3. 承担IT设备的日常管理工作，涵盖设备台账登记、耗材申领分发，以及电脑、打印机等常见设备的基础故障排查与预处理。 4. 配合技术培训与内部会议的组织工作，负责会议纪要的精准记录及培训材料的标准化准备。 任职要求 1. 大专及以上学历，计算机、信息管理或相关专业优先，具备IT领域基础认知。 2. 精通Office办公套件（Word/Excel/PPT），能独立完成复杂文档排版与多维度数据处理，熟练使用Excel函数进行数据统计分析。 3. 熟悉常见IT硬件设备的基础操作逻辑，能快速定位并解决打印机卡纸、系统驱动安装等基础问题，适应新工具的学习能力强。 4. 具备主动服务意识与高效沟通能力，工作细致严谨，有较强的责任心，能在多任务并行场景下保持高质量输出。 工作地点 石家庄裕华区万达广场写字楼-C座 以担保或任何理由索要财物，扣押证照，均涉嫌违法。一经发现， 立即举报 客户,"电子产品,IT文档全生命周期管理,IT设备运维管理,数据质量监控",http://www.zhaopin.com/jobdetail/CCL1526253760J40898262813.htm?refcode=4019&srccode=401901&preactionid=a4f5efa5-4c77-48eb-bba7-ebe375c7c21c
技术支持工程师（IT基础硬件维保运维服务 ）,福建方瀚科技有限公司,8000-12000元·13薪,厦门·思明·厦港,广州,大专,3-5年,7月23日,zhilian,"岗位职责 1、硬件故障处理 （1）负责客户现场小型机、X86服务器, 存储阵列, 光纤交换机等硬件故障诊断、部件更换及维修。 （2）快速响应客户报修，在规定SLA（服务等级协议）内抵达现场或远程进行技术支持，控制故障影响范围。 2、日常运维与变更执行 （1）根据客户提交的变更申请，执行标准化的日常操作变更，包括但不限于：服务器日常维护、配置调整；存储阵列的划分、映射及扩容；光纤交换机日常变更；机房机柜内设备的物理上下架、综合布线及标签更新。 （2）编写并更新SOP（标准作业程序）和MOP（维护操作指引），确保变更操作的可追溯性与安全性。 3、预防性维护与文档管理 （1）按计划执行客户设备的定期健康巡检，输出巡检报告，识别潜在硬件隐患。 （2）维护客户资产数据库，确保设备配置信息（序列号、固件版本、维保状态）实时准确。 （3）管理现场备件库，定期盘点，确保紧急情况下的备件可用性。 4、客户沟通与服务报告 （1）作为公司面向客户的技术窗口，保持专业、耐心的沟通态度，向非技术人员清晰解释故障原因及处理方案。 （2）撰写故障分析报告及月度/季度服务总结报告。 二、任职要求 1、工作经验 （1）统招大专及以上学历，计算机、通信、电子信息等相关专业优先。 （2）至少3年以上企业级IT基础设施运维或第三方IT维保服务经验。 （3）有金融或制造业行业客户维保经验优先。 2、技术能力（硬性要求） （1）服务器领域： 熟悉X86服务器硬件架构，熟悉服务器的拆装与故障代码解读。 具备小型机（IBM AIX）维护经验优先。 （2）操作系统领域：熟悉Linux/Unix基础命令，能独立查看操作系统日志, 辅助硬件故障判断。 （3）存储领域： 熟悉存储(华为/HDS/Dell EMC/IBM)基本架构和操作，具备独立更换故障部件及查看分析存储日志的能力。 （4）网络领域： 具备Cisco或Brocade光纤交换机维护能力。 3、软性技能 （1）抗压与应变： 能适应突发故障带来的高压力，具备清晰的逻辑思维。 （2）文档规范： 具备良好的文档习惯，过往有撰写技术方案或故障报告的经验。 （3）客户导向： 具备极强的服务意识，懂得在客户现场维护公司形象。能接受非工作时间技术支持。 奖金绩效 五险一金、通勤补贴，奖金面议 工作地点 厦门思明区世茂海峡大厦B座33层03-A单元 以担保或任何理由索要财物，扣押证照，均涉嫌违法。一经发现， 立即举报",信息安全,http://www.zhaopin.com/jobdetail/CC884142020J40876342314.htm?refcode=4019&srccode=401901&preactionid=a4f5efa5-4c77-48eb-bba7-ebe375c7c21c
售后技术支持,重庆大斗人力资源管理有限公司,8000-11000元,上海·杨浦·五角场,广州,大专,1年以下,7月26日,zhilian,职位描述 电子产品 IT文档全生命周期管理 IT设备运维管理 数据质量监控 工作职责 1. 负责IT部门技术文档的全生命周期管理，包括整理、归档与动态更新，确保资料的完整性与可追溯性。 2. 协助完成系统数据的录入、交叉核对与日常维护，建立数据质量监控机制，保障核心数据的准确性与安全性。 3. 承担IT设备的日常管理工作，涵盖设备台账登记、耗材申领分发，以及电脑、打印机等常见设备的基础故障排查与预处理。 4. 配合技术培训与内部会议的组织工作，负责会议纪要的精准记录及培训材料的标准化准备。 任职要求 1. 大专及以上学历，计算机、信息管理或相关专业优先，具备IT领域基础认知。 2. 精通Office办公套件（Word/Excel/PPT），能独立完成复杂文档排版与多维度数据处理，熟练使用Excel函数进行数据统计分析。 3. 熟悉常见IT硬件设备的基础操作逻辑，能快速定位并解决打印机卡纸、系统驱动安装等基础问题，适应新工具的学习能力强。 4. 具备主动服务意识与高效沟通能力，工作细致严谨，有较强的责任心，能在多任务并行场景下保持高质量输出。 工作地点 上海杨浦区五角场万达广场写字楼-A座 以担保或任何理由索要财物，扣押证照，均涉嫌违法。一经发现， 立即举报 客户,"电子产品,IT文档全生命周期管理,IT设备运维管理,数据质量监控",http://www.zhaopin.com/jobdetail/CCL1526253760J40898262513.htm?refcode=4019&srccode=401901&preactionid=fa9e510f-4b19-4bf0-bdb4-dc66d6b5f1cb
售前技术支持/五险一金,众前行(重庆)人力资源有限公司,1.1-1.5万,杭州·钱塘·下沙,广州,大专,1-3年,7月26日,zhilian,职位描述 云服务产品 HR SAAS产品 售前技术支持 人力资源数字化 工作职责 1. 对接客户需求，深入理解人力资源数字化场景下的业务痛点，提供针对性技术解决方案。 2. 负责产品演示、技术方案撰写与讲解，协助销售团队完成客户转化。 3. 参与客户需求调研与分析，输出需求文档并协同研发团队推进产品优化。 4. 解决客户在产品使用过程中的技术疑问，提供专业的技术支持与服务。 工作地点 杭州钱塘区东城大厦 以担保或任何理由索要财物，扣押证照，均涉嫌违法。一经发现， 立即举报 客户,"云服务产品,HR SAAS产品,售前技术支持,人力资源数字化",http://www.zhaopin.com/jobdetail/CCL1525399570J40866781807.htm?refcode=4019&srccode=401901&preactionid=fa9e510f-4b19-4bf0-bdb4-dc66d6b5f1cb
数字能源产品技术工程师（六险一金，线上面试）,外企德科数字技术有限公司,8000-14000元,成都·武侯·桂溪,广州,本科,1-3年,7月26日,zhilian,职位描述 软件产品 硬件产品 通信设备 具备海外项目远程技术支持经验 熟悉UPS/光伏逆变器/精密空调 通信/网络设备 云计算 电力/水利/热力/燃气 职位名称:数字能源技术支持工程师（华为海外项目） 岗位福利：周末加班双倍薪资，六险一金 薪资范围：8~14k 面试形式：视频面试 福利待遇：六险一金，周末加班双倍薪资，轮班补贴，绩效奖金，年终奖，带薪培训。 办公地址：成都易上·OCG国际中心 面向华为海外企业客户，提供华为数字能源方面的重大项目保障和技术支持服务： 1、 及时有效地处理数字能源相关产品（UPS、光伏逆变器、空调，网管等）技术问题，提供问题解决方案，及远程技术支持，对问题处理的质量和客户满意度负责； 2、 支撑海外数字能源产品维护交付； 3、 参与ITR流程，促进服务流程完善，促进产品持续改进。 4、参与数字能源产品全球存量管理和维护策略制定。 岗位要求： 1、 本科及以上学历，电子、电气、自动化，计算机等相关专业 2、 熟悉UPS、逆变器、锂电储能、机房空调、动力环境监控系统、电力系统等产品及其原理，有2年以上产品开发、测试或项目调试与维护工作经验； 3、 具备英语基础，可作为工作语言更优； 4、 具备良好的沟通能力、服务意识和团队合作精神，执行力强。 5、有华为数字能源产品维护或海外项目经验者优先 工作时间与排班说明 轮班制：A班 08:30-18:00，B班 14:00-23:00，每两周轮换一次； 周末如遇排班，按加班计算，享受双倍薪资。 工作地点 成都武侯区易上·OCG国际中心1 以担保或任何理由索要财物，扣押证照，均涉嫌违法。一经发现， 立即举报 客户,"软件产品,硬件产品,通信设备,具备海外项目远程技术支持经验,熟悉UPS/光伏逆变器/精密空调",http://www.zhaopin.com/jobdetail/CCL1480117890J40878175605.htm?refcode=4019&srccode=401901&preactionid=fa9e510f-4b19-4bf0-bdb4-dc66d6b5f1cb
售前技术专家,新疆五斗先生企业管理咨询服务有限公司,7000-10000元,乌鲁木齐·头屯河区,广州,本科,3-5年,6月11日,zhilian,岗位职责： 1、负责公司产品及解决方案的售前技术规划与整体支持工作; 2、主导客户需求调研与分析，制定技术方案框架并指导方案落地; 3、牵头技术交流、产品演示及重大项目投标中的技术应答; 4、协调研发、产品、销售团队，推动解决方案的优化与实施; 5、负责售前技术团队的能力建设与培训指导。 任职要求: 1、具备扎实的技术背景，熟悉主流软硬件架构及系统集成方案; 2、具有出色的方案设计与文档撰写能力，能独立完成综合性技术方案; 3、具备优秀的沟通表达能力，能够高效对接客户与内部团队; 4、具备较强的团队管理与项目统筹能力，能适应高强度工作节奏;5、对新技术有敏锐洞察力，具备较强的学习与应变能力。 工作地点 乌鲁木齐头屯河区中国广电新疆网络股份有限公司行政楼5楼 以担保或任何理由索要财物，扣押证照，均涉嫌违法。一经发现， 立即举报 客户,"智慧产品,智慧医疗",http://www.zhaopin.com/jobdetail/CCL1474324260J41014729304.htm?refcode=4019&srccode=401901&preactionid=fa9e510f-4b19-4bf0-bdb4-dc66d6b5f1cb
信息系统售前工程师（南宁）(A155349),北京麦麦趣耕科技有限公司,8000-15000元,南宁·良庆·良庆镇,广州,学历不限,3-5年,7月3日,zhilian,职位描述 智慧产品 智慧农业 物联网 人工智能 工业自动化/机器人 职位描述： 1.需求调研与分析： （1）深入了解客户（如农业企业、合作社、政府农业部门等）的业务场景、痛点及信息化需求，包括种植/养殖管理、物联网监测、数据分析、智能设备应用等。 （2）结合客户需求与行业趋势，挖掘潜在需求，为客户提供针对性的智慧农业解决方案思路。 2.方案设计与编写 （1）根据客户需求，设计定制化的智慧农业解决方案，涵盖硬件（传感器、无人机、智能灌溉设备等）、软件（管理平台、APP、数据分析系统等）等。 （2）编写方案文档、技术白皮书、建议书等材料，确保方案的可行性、专业性和说服力。 3.产品演示与技术交流 （1）负责智慧农业相关产品（如物联网平台、智能控制系统、大数据分析工具等）的现场或远程演示，向客户展示产品功能、优势及应用效果。 （2）与客户进行技术沟通，解答客户关于技术架构、功能实现、数据安全、集成能力等方面的疑问。 4.招投标支持：参与项目招投标工作，协助编写投标文件中的技术部分（如技术应答、实施方案、售后服务计划等）。 5.市场与行业研究：跟踪智慧农业行业政策、技术发展趋势（如 AI 种植模型、区块链溯源、数字孪生等）及竞争对手动态，为方案设计和公司战略提供参考。 职位要求： 1.学历与专业背景：本科及以上学历，农业工程、物联网工程、计算机科学、软件工程、自动化等相关专业优先。 2.具备信息化、数字化、物联网项目售前经验，接触过政企招投标项目；具备智慧农业、精准农业、农业物联网等领域从业经验者优先。 3.能快速学习智慧农业业务场景，对接种植、养殖、水肥、农事数字化项目，能将技术方案与农业场景结合。 4.具备方案设计能力，能独立编写技术方案、演示文档等材料。 工作地点 南宁良庆区龙光国际广场-A座 以担保或任何理由索要财物，扣押证照，均涉嫌违法。一经发现， 立即举报,"智慧产品,智慧农业",http://www.zhaopin.com/jobdetail/CC881926390J40786372906.htm?refcode=4019&srccode=401901&preactionid=d5b070ec-b94c-40f4-ae47-391b1d98e563
售前工程师,行远数科(郑州)技术有限公司,1.4-1.8万,郑州·金水·祭城路,广州,本科,3-5年,6月22日,zhilian,"岗位职责 1.深入制造业一线，通过调研、访谈等方式，深度挖掘客户在生产效率、质量控制、设备管理、供应链协同等方面的核心需求。 2.分析竞争对手产品动态和行业发展趋势，定期输出市场分析报告，为产品决策提供依据。 3.负责产品线的长远战略规划和版本迭代路线图的制定。 4.定义产品方向、版本功能，并撰写详尽的产品需求文档、用户故事和原型设计。 5.主导产品从概念、设计、开发、测试、发布到上市后运营优化的全生命周期管理。 6.与研发、设计、项目交付、市场销售团队紧密协作，确保产品按时、高质量地开发与交付。 7.协同市场与销售团队，制定产品上市策略、定价策略和推广材料，为销售团队提供必要的产品培训和售前支持。 8.收集一线反馈，持续进行产品优化和迭代。 9.定义产品核心指标，监控并分析产品上线后的用户行为数据和使用效果，驱动数据驱动的产品迭代和业务决策。 任职要求 1.本科及以上学历，工业工程、机械制造、自动化、计算机科学、软件工程等相关专业。 2.3年以上软件或互联网产品经理工作经验，有成功的To B产品经验；具备工业软件（如MES, WMS, PLM, SCADA）、工业互联网平台或制造业AI应用产品经验者优先。 3.精通制造业业务流程：熟悉制造业的生产、质量、设备、供应链等至少一个领域的业务流程和痛点。 4.专业技能过硬：熟练掌握产品设计相关工具，具备出色的撰写、原型设计和需求表达能力。 5.技术理解力：具备一定的技术理解能力，能够与开发团队顺畅协作，了解常见的软件开发流程、云计算、大数据和AI的基本概念。 工作地点 郑州金水区龙润大厦 以担保或任何理由索要财物，扣押证照，均涉嫌违法。一经发现， 立即举报",人工智能,http://www.zhaopin.com/jobdetail/CCL1514294440J40783624206.htm?refcode=4019&srccode=401901&preactionid=d5b070ec-b94c-40f4-ae47-391b1d98e563
售前技术支持,武汉新楚电力集团有限公司,1-1.5万,武汉·江夏·佛祖岭,广州,本科,5-10年,7月25日,zhilian,职位描述 智慧产品 自动化设备 电气机械/电力设备 电力/水利/热力/燃气 1、熟练使用MATLAB和MWORKS机理建模工具，参与过类似电力或管道的科技计算工具使用过的项目，了解机理模型的数字孪生体系。 2、面向电力行业或管道行业，熟悉电力系统及电磁暂态等，熟悉暖通专业或热工专业的原理知识。 3、有强烈的自学能力，愿意接受新事物并快速学习。 4、能够接受不定期出差，并有较强的抗压能力。 5、性格沉稳，沟通及表达能力强。 工作地点 武汉江夏区光谷大道303号光谷芯中心D4-3-7 以担保或任何理由索要财物，扣押证照，均涉嫌违法。一经发现， 立即举报,"智慧产品,自动化设备",http://www.zhaopin.com/jobdetail/CC383352730J40730105208.htm?refcode=4019&srccode=401901&preactionid=d5b070ec-b94c-40f4-ae47-391b1d98e563
售后技术支持,重庆大斗人力资源管理有限公司,8000-11000元,苏州·姑苏·苏锦,广州,大专,1年以下,7月26日,zhilian,职位描述 电子产品 IT文档全生命周期管理 IT设备运维管理 数据质量监控 工作职责 1. 负责IT部门技术文档的全生命周期管理，包括整理、归档与动态更新，确保资料的完整性与可追溯性。 2. 协助完成系统数据的录入、交叉核对与日常维护，建立数据质量监控机制，保障核心数据的准确性与安全性。 3. 承担IT设备的日常管理工作，涵盖设备台账登记、耗材申领分发，以及电脑、打印机等常见设备的基础故障排查与预处理。 4. 配合技术培训与内部会议的组织工作，负责会议纪要的精准记录及培训材料的标准化准备。 任职要求 1. 大专及以上学历，计算机、信息管理或相关专业优先，具备IT领域基础认知。 2. 精通Office办公套件（Word/Excel/PPT），能独立完成复杂文档排版与多维度数据处理，熟练使用Excel函数进行数据统计分析。 3. 熟悉常见IT硬件设备的基础操作逻辑，能快速定位并解决打印机卡纸、系统驱动安装等基础问题，适应新工具的学习能力强。 4. 具备主动服务意识与高效沟通能力，工作细致严谨，有较强的责任心，能在多任务并行场景下保持高质量输出。 工作地点 苏州姑苏区平江万达广场写字楼C座 以担保或任何理由索要财物，扣押证照，均涉嫌违法。一经发现， 立即举报 客户,"电子产品,IT文档全生命周期管理,IT设备运维管理,数据质量监控",http://www.zhaopin.com/jobdetail/CCL1526253760J40898262113.htm?refcode=4019&srccode=401901&preactionid=d5b070ec-b94c-40f4-ae47-391b1d98e563
技术工程师,北京中瓴时代科技有限公司,7000-11000元·13薪,杭州·西湖·西溪,广州,本科,1-3年,12月15日,zhilian,职位描述 硬件产品 软件产品 信息安全 软件/IT服务 云计算 岗位内容： 1. 通过多种渠道收集客户反馈信息，分析和解决问题。 2. 维护产品和知识库，持续优化文档、FAQ、视频媒体和在线交互等形式的支持资源。 3. 在客户满意度、减少投诉、提高转化率、增长市场份额等方面，积极与销售和其他各个部门合作。 任职要求： 1. 本科学历，计算机科学、信息技术或相关专业优先； 2. 熟悉技术支持工具和方法，如ITIL、SLA等； 3. 至少2-3年以上的技术支持工作经验，有成功的客户案例和对业务目标的贡献； 4. 出色的口头和书面表达能力，在英文沟通方面熟练； 5. 能够积极主动地寻找和推进解决问题的方法和创新思路。 奖金绩效 五险一金 周末双休 定期体检 年终奖 节假日福利 工作地点 杭州西湖区创新大厦 以担保或任何理由索要财物，扣押证照，均涉嫌违法。一经发现， 立即举报,"硬件产品,软件产品",http://www.zhaopin.com/jobdetail/CCL1444495290J40883357015.htm?refcode=4019&srccode=401901&preactionid=d5b070ec-b94c-40f4-ae47-391b1d98e563
AI/数字技术中心总监,科道稼和(四川)创新科技有限公司,2-4万,成都·双流·东升,广州,硕士,5-10年,5月25日,zhilian,"岗位职责： 1.1.主导搭建AI与数字技术中心，将三生永和技术体系与人工智能、物联网、大数据、机器人、数字孪生等前沿技术深度融合，实现""绿色技术+数字智慧""的双轮驱动； 2.2.主导研发面向立体种养系统的智能监控平台，集成LOT传感器网络、AI作物识别、自动化施肥灌溉控制，实现系统全生命周期数字化管理； 3.3.构建""三生永和""建筑场景的数字孪生模型，支持能耗仿真、生态效益量化、碳中和数据核算，赋能政府与企业客户决策； 4.4.规划建设行业知识图谱与大模型应用，整合建筑、农业、能源、生态多领域数据，构建三生永和技术专属AI助手及智能分析系统； 5.5.推动内部业务流程的AI化改造，涵盖项目管理、供应链、客户服务、合规追溯等核心链路，显著提升运营效率； 6. 6.设计支持多语言、多国标准的数字化系统框架，为三生永和技术在100+个专利国家的落地提供数字基础设施保障。 任职要求： 1.1.计算机、软件工程、人工智能或相关专业研究生及以上学历；5年以上AI/数字化转型相关经验； 2.2.深度掌握AI/机器学习技术栈，具备大模型（LLM）应用开发或落地经验； 3.3.熟悉LOT架构设计，有智慧农业、智慧建筑或工业互联网平台落地经验者优先； 4.4.具备数字孪生、BIM、GIS等相关技术背景，理解建筑或农业系统仿真； 5.5.具有云原生、微服务、大数据平台（Flink/Spark/Kafka）实践能力；有从0到1搭建数字技术中心的成功案例； 6.6.具备优秀的战略思维，能将公司业务目标转化为可落地的技术路线； 7.7.良好的内外部沟通表达能力，能向非技术背景的决策层清晰呈现技术价值。 工作地点 成都双流区棠湖西路一段 以担保或任何理由索要财物，扣押证照，均涉嫌违法。一经发现， 立即举报","Java,Python,数字孪生,LOT架构",http://www.zhaopin.com/jobdetail/CCL1503567170J40944134215.htm?refcode=4019&srccode=401901&preactionid=d5b070ec-b94c-40f4-ae47-391b1d98e563
数字化售前工程师,河南淼泓信息工程有限公司,8000-15000元,郑州·金水·龙子湖,广州,本科,5-10年,6月17日,zhilian,职位描述 云服务产品 云计算售前方案 客户需求分析 跨团队协作 工作职责 1. 深度理解客户数字化转型需求，结合公司云计算产品与技术能力，输出定制化解决方案。 2. 负责项目售前全流程，包括需求调研、方案撰写、技术演示及客户答疑，推动项目落地。 3. 与销售团队紧密协作，参与客户沟通与商务谈判，提供技术支持，助力订单转化。 4. 沉淀行业解决方案模板与最佳实践，赋能团队提升售前效率与方案质量。 任职要求 1. 本科及以上学历，计算机、通信、电子等相关专业。 2. 具备2年以上云计算或IT行业售前经验，熟悉IaaS/PaaS/SaaS等云计算产品体系。 3. 具备优秀的方案撰写能力与演讲能力，能清晰呈现技术价值与业务收益。 4. 拥有良好的客户需求分析能力与问题解决能力，能快速响应客户痛点。 工作地点 河南省郑州市金水区崇德街19号 以担保或任何理由索要财物，扣押证照，均涉嫌违法。一经发现， 立即举报,"云服务产品,云计算售前方案,客户需求分析,跨团队协作",http://www.zhaopin.com/jobdetail/CCL1316153970J40867915709.htm?refcode=4019&srccode=401901&preactionid=d5b070ec-b94c-40f4-ae47-391b1d98e563
智能制造/数字化售前工程师,中机第一设计研究院有限公司,1-1.5万·14薪,合肥·蜀山·芙蓉社区,广州,本科,5-10年,6月8日,zhilian,职位描述 工业自动化/机器人 职位描述： 1.负责公司解决方案的售前支持工作，包含解决方案的编写、讲解、产品演示、客户培训；能完成产品展会和技术研讨会等工作； 2.负责业务需求调研与规划，收集与整理业务用户需求，形成需求文档，把控整体需求的同时与后端保持良好对接； 3.负责规划MOM与其他常见系统（ERP，PLM以及WMS等）的集成方案； 根据项目范围规划MOM系统实施相关工作，需求分析、蓝图与架构设计、系统开发与实现、系统测试和上线、用户培训及运营维护等工作； 4.负责业务流程蓝图设计与功能界面蓝图设计，交付URS设计书（含用户需求与业务流程蓝图设计）、FDS设计书（含功能界面蓝图设计），编写项目所需的各类文档； 5.负责项目招投标中的技术标文件的撰写及提交； 任职要求： 1.本科及以上学历； 2.良好的沟通能力及文档编写能力，善于沟通需求并引导需求。 3．拥有驾驶经验、沟通表达能力较强、接受出差，有相关工作经验者优先。 4．有精益生产管理或咨询经验优先； 5. 有MOM/MES/ERP售前经验或熟悉MOM/MES/ERP实施工作经营者优先； 6. 熟悉制造企业业务流程，具备现场调研的能力，有从事工艺设计、生产管理、车间信息化等相关工作经验者优先。 工作地点 合肥蜀山区芙蓉社区管理委员会经开区繁华大道12550号 以担保或任何理由索要财物，扣押证照，均涉嫌违法。一经发现， 立即举报,工业自动化/机器人,http://www.zhaopin.com/jobdetail/CC655670780J40562063506.htm?refcode=4019&srccode=401901&preactionid=d5b070ec-b94c-40f4-ae47-391b1d98e563
数字化售前技术开发,金旺智能,1.2-2.4万,常州·金坛·金城,广州,大专,1-3年,6月12日,zhilian,职位描述 工业自动化/机器人 工作内容： 1.商机挖掘与客户对接，主动开展行业调研与客户分析，挖掘潜在数字化需求，构建并维护线索池。 2.完成从需求对接到合同签订的全过程，提供技术谈判支持。 3.深入客户现场进行生产运营诊断，识别痛点，提炼数字化转型价值场景。 4.独立撰写数字化解决方案文档、技术建议书、PPT宣讲材料，并面向客户进行专业提案与产品演示。 5.提炼客户成功经验，参与优化解决方案模板与标准化工具包。持续跟踪行业趋势与智能制造政策，形成行业洞察与打法总结。 6.支撑数字化项目实施交付。 职位要求: 1.专科及以上学历，工业自动化、信息化、智能制造、化工工艺、计算机等相关专业。 2.具备2年以上智能制造、MES/MOM、工业互联网等领域售前或解决方案经验，有农化、化工、制药行业背景者优先。 3.具备较强的客户需求洞察与结构化方案设计能力。 4.能熟练使用PPT、Visio等工具进行方案可视化表达。 5.具备优秀的演讲表达与跨部门协同能力，适应高频客户拜访与项目出差。 薪资组成方式:基本工资+业绩提成 工作地点 常州市-金坛区-盐港中路135号 以担保或任何理由索要财物，扣押证照，均涉嫌违法。一经发现， 立即举报,工业自动化/机器人,http://www.zhaopin.com/jobdetail/CC406965980J40874025905.htm?refcode=4019&srccode=401901&preactionid=d5b070ec-b94c-40f4-ae47-391b1d98e563
华为售前工程师-数字能源,上海伟仕佳杰科技有限公司北京分公司,1.2-1.6万,济南·历下·姚家,广州,大专,3-5年,5月22日,zhilian,岗位职责： 1、负责华为数字能源产品用户需求规划、选型、设计、报价及方案制定工作； 2、负责华为数字能源产品项目投标文件的编写及应答，对应投标项目的澄清、讲标等工作； 3、负责华为数字能源产品解决方案讲解、渠道培训工作； 4、厂家、渠道相关人员的日常关系维护，确保项目资源渠道畅通。 5、能适应地市出差项目支持。 任职资格： 1、有3年以上相关产品和相关领域工作经验； 2、有华为数字能源HCSP/HCSE，弱电、强电类证书者优先； 3、了解华为、维谛、科华、施耐德等业界主流厂家的设备和解决方案，有相应竞争分析能力者优先； 4、做事踏实细致，对工作敬业，有较强的学习能力和语言沟通表达能力。 工作地点 济南历下区中润世纪城3期 以担保或任何理由索要财物，扣押证照，均涉嫌违法。一经发现， 立即举报,网络通信设备,http://www.zhaopin.com/jobdetail/CC624540020J40899686712.htm?refcode=4019&srccode=401901&preactionid=d5b070ec-b94c-40f4-ae47-391b1d98e563
中粮科工-数智化事业部-售前解决方案负责人,中粮集团,2.5-3万,西安·雁塔·大雁塔,广州,本科,5-10年,7月21日,zhilian,岗位职责 1. 售前统筹管理：牵头搭建工业互联网、数字孪生、智慧能碳、智能制造（MES/WMS/MOM）全领域售前体系，统筹售前团队日常管理、工作分工、目标拆解与能力培养，制定售前工作流程、服务标准与考核机制。 2. 高端客户项目统筹与顶层需求研判：主导集团型国企、大中型制造企业、智慧园区等重大项目售前全流程，对接客户高层开展数字化转型、能碳管控、智能制造顶层规划咨询，深度挖掘行业核心痛点，统筹全行业客户需求调研、业务梳理与转型规划。 3. 重大项目攻坚：主导重点客户高层技术交流、方案宣讲、产品演示，负责招投标技术文件编制与审核，配合商务推进签约，管控技术风险。 4. 行业沉淀赋能：研判智能制造、工业互联网、双碳能碳领域政策趋势、行业风向及竞品动态，牵头输出行业标准化解决方案、标杆案例、行业白皮书、方案模板，搭建售前知识库，对内赋能销售、售前、产品及交付团队，统一方案输出口径与价值话术。 5. 生态资源统筹与跨部门协同：统筹上下游工业软件、硬件设备、云平台、第三方系统生态对接，统筹 ERP、PLM、SCADA 等异构系统集成整体规划；联动销售、研发、产品、交付实施等部门，完成项目售前交底、架构对齐，统筹推进项目从方案到落地全链路衔接。 6.售前业务复盘与策略优化：定期组织售前项目复盘，总结成功案例与失败经验，优化售前打法、获客思路与方案竞争力，结合市场趋势调整行业拓展方向与解决方案策略。 二、任职要求 1.本科及以上学历，计算机、自动化、工业工程、能源动力等工科专业。 2.8年以上智能制造、工业互联网、能源数字化行业经验，3年以上售前团队管理/负责人经验，精通装备制造、流程化工、智慧园区、能碳行业，有中大型项目操盘经验。 3.熟悉制造业务流程，精通MES、能碳管理、工业平台核心业务，了解工业通讯协议、数据采集、边缘计算等技术。 4.懂数字孪生、碳核算、能耗管控模型，具备企业级系统架构设计及集成方案设计能力。 5.熟练编写可研、解决方案、招投标文件，具备大型项目方案把控及审核能力。 6.擅长高层沟通、方案宣讲，逻辑清晰、文笔优秀；具备团队管理、统筹赋能能力。 7.抗压性强，适配快节奏工作，可多项目并行，接受短期出差，跨部门协作能力良好。 （加分项） 1.持有 TOGAF 企业架构师、PMP、高级系统架构师、碳管理相关专业证书优先。 2.熟悉西门子、达索、SAP 等主流海外工业软件体系，熟悉国内头部工业互联网平台架构者优先。 3.拥有低代码 / 零代码工业平台、能源双碳项目、智慧园区整体数字化项目统筹操盘经验优先。 4.具备从 0 到 1 搭建售前体系、搭建行业解决方案库实战经验者优先。 工作地点 西安雁塔区西影大厦 以担保或任何理由索要财物，扣押证照，均涉嫌违法。一经发现， 立即举报,售前解决方案,http://www.zhaopin.com/jobdetail/CC120884370J41008999504.htm?refcode=4019&srccode=401901&preactionid=1093ef26-3390-4c34-bbc8-b17499407c07
智能物联网信息化售前工程师（南宁）(A257180),北京麦麦趣耕科技有限公司,8000-16000元,南宁·良庆·良庆镇,广州,学历不限,3-5年,7月3日,zhilian,职位描述 智慧产品 物联网 人工智能 工业自动化/机器人 职位描述： 1.需求调研与分析： （1）深入了解客户（如农业企业、合作社、政府农业部门等）的业务场景、痛点及信息化需求，包括种植/养殖管理、物联网监测、数据分析、智能设备应用等。 （2）结合客户需求与行业趋势，挖掘潜在需求，为客户提供针对性的智慧农业解决方案思路。 2.方案设计与编写 （1）根据客户需求，设计定制化的智慧农业解决方案，涵盖硬件（传感器、无人机、机器人、智能灌溉设备等）、软件（管理平台、APP、数据分析系统等）等。 （2）编写方案文档、技术白皮书、建议书等材料，确保方案的可行性、专业性和说服力。 3.产品演示与技术交流 （1）负责智慧农业相关产品（如物联网平台、智能控制系统、大数据分析工具等）的现场或远程演示，向客户展示产品功能、优势及应用效果。 （2）与客户进行技术沟通，解答客户关于技术架构、功能实现、数据安全、集成能力等方面的疑问。 4.招投标支持：参与项目招投标工作，协助编写投标文件中的技术部分（如技术应答、实施方案、售后服务计划等）。 5.市场与行业研究：跟踪智慧农业行业政策、技术发展趋势（如 AI 种植模型、区块链溯源、数字孪生等）及竞争对手动态，为方案设计和公司战略提供参考。 职位要求： 1.学历与专业背景：本科及以上学历，农业工程、物联网工程、计算机、软件工程、自动化等相关专业优先。 2.具备信息化、数字化、物联网项目售前经验，接触过政企招投标项目；具备智慧农业、精准农业、农业物联网等领域从业经验者优先。 3.能快速学习智慧农业业务场景，对接种植、养殖、水肥、农事数字化项目，能将技术方案与农业场景结合。 4.具备方案设计能力，能独立编写技术方案、演示文档等材料。 工作地点 南宁良庆区龙光国际广场-A座 以担保或任何理由索要财物，扣押证照，均涉嫌违法。一经发现， 立即举报,智慧产品,http://www.zhaopin.com/jobdetail/CC881926390J40786377006.htm?refcode=4019&srccode=401901&preactionid=1093ef26-3390-4c34-bbc8-b17499407c07
售后技术支持,重庆大斗人力资源管理有限公司,8000-11000元,重庆·南岸·南坪,广州,大专,1年以下,7月26日,zhilian,职位描述 电子产品 IT文档全生命周期管理 IT设备运维管理 数据质量监控 工作职责 1. 负责IT部门技术文档的全生命周期管理，包括整理、归档与动态更新，确保资料的完整性与可追溯性。 2. 协助完成系统数据的录入、交叉核对与日常维护，建立数据质量监控机制，保障核心数据的准确性与安全性。 3. 承担IT设备的日常管理工作，涵盖设备台账登记、耗材申领分发，以及电脑、打印机等常见设备的基础故障排查与预处理。 4. 配合技术培训与内部会议的组织工作，负责会议纪要的精准记录及培训材料的标准化准备。 任职要求 1. 大专及以上学历，计算机、信息管理或相关专业优先，具备IT领域基础认知。 2. 精通Office办公套件（Word/Excel/PPT），能独立完成复杂文档排版与多维度数据处理，熟练使用Excel函数进行数据统计分析。 3. 熟悉常见IT硬件设备的基础操作逻辑，能快速定位并解决打印机卡纸、系统驱动安装等基础问题，适应新工具的学习能力强。 4. 具备主动服务意识与高效沟通能力，工作细致严谨，有较强的责任心，能在多任务并行场景下保持高质量输出。 工作地点 重庆南岸区万达国际写字楼-1栋 以担保或任何理由索要财物，扣押证照，均涉嫌违法。一经发现， 立即举报 客户,"电子产品,IT文档全生命周期管理,IT设备运维管理,数据质量监控",http://www.zhaopin.com/jobdetail/CCL1526253760J40898262213.htm?refcode=4019&srccode=401901&preactionid=1093ef26-3390-4c34-bbc8-b17499407c07
客户技术顾问,天津市中远天佰科技有限公司,6000-8000元,天津·西青·精武镇,广州,本科,3-5年,7月14日,zhilian,职位描述 分析生化及实验室设备 工作内容: 1. 调研市场，掌握行业动态，针对行业的特点和客户需求，参与设计和研发方案； 2. 通过与客户或项目经理的沟通，确定项目业务需求，提出产品的创新和改进方案； 3. 为客户量身打造产品，对技术和开发培训； 4. 参与项目创新，解答客户疑问和提供技术服务，解决客户遇到的问题。 5. 解决产品和技术咨询，服务客户。 岗位要求： 1．熟练掌握理化实验的分析测试及一般设备； 2．本科以上学历，有多年行业工作经验或优先考虑； 3．有良好的沟通能力，团队合作精神，有耐心和责任心。 工作地点 天津西青区鑫茂科技园-东北门华苑鑫茂科技园D2座AB单元二层B 以担保或任何理由索要财物，扣押证照，均涉嫌违法。一经发现， 立即举报,分析生化及实验室设备,http://www.zhaopin.com/jobdetail/CCL1319935250J40938058315.htm?refcode=4019&srccode=401901&preactionid=1093ef26-3390-4c34-bbc8-b17499407c07
售前工程师,湖北平步科技有限公司,8000-15000元·13薪,武汉·江夏·佛祖岭,广州,本科,3-5年,7月21日,zhilian,岗位职责】 1. 了解行业发展动态，理解客户需求，结合公司现有产品和服务，形成针对性的解决方案； 2. 负责部门重大项目售前支持，对销售经理提供赋能； 3. 根据建筑教育市场需求，设计并编写基于公司产品的通用解决方案，并能够完成宣讲等工作； 4. 参与招投标项目，编写整理标书等工作； 5. 跟踪并分析友商产品及应用方案的趋势和关键技术，输出针对友商的竞争分析材料； 6.完成公司领导临时交办的其他工作。 【任职要求】 1.本科及以上学历，从事产品或解决方案岗位不少于2年； 2.熟悉建筑行业的新技术及行业应用； 3.良好的语言表达及沟通能力、方案撰写能力、PPT制作能力； 4.工作认真、严谨，能够独立完成方案的编制工作； 5.对建筑行业、教育市场有较深的认识，明确未来的发展趋向； 6.建筑类专业优先，有教育类岗位工作经验者优先。 【员工福利】 双休、五险一金、十三薪、节日福利、年终奖、团建旅游、定期体检 工作地点 武汉江夏区宜科中心2号楼906 以担保或任何理由索要财物，扣押证照，均涉嫌违法。一经发现， 立即举报,"建筑/土木/市政设计,物联网,教育科技/教育软件",http://www.zhaopin.com/jobdetail/CC863981620J40889241513.htm?refcode=4019&srccode=401901&preactionid=1093ef26-3390-4c34-bbc8-b17499407c07
技术支持工程师(J13420),上风高科,8000-15000元,绍兴·上虞区·东关街道,广州,本科,3-5年,7月24日,zhilian,岗位职责: 1.聚焦公建、工业厂房、洁净三大核心领域，提供全流程技术支持，助力细分市场开拓、前端项目落地及公司产品解决方案迭代升级，配合业务端推进项目洽谈与落地。 2.精通工民建领域商业及公用建筑暖通空调通风系统集成设计，熟悉消防防排烟、正压送风系统设计规范，为相关项目提供设计优化、技术答疑，保障方案合规可行。 3.掌握工业厂房通风、过滤净化等核心技术，精通洁净厂房气流组织及净化空调系统设计，适配锂电池、半导体、医药等各类工业及洁净类项目，提供定制化技术方案支持。 4.对接商业公用建筑、地下空间、实验室等各类特殊场景项目，提供通风、暖通相关技术对接、现场指导及技术难题解决，保障项目顺利推进。 5.收集项目技术需求，协助完善产品解决方案，整理典型项目技术资料、总结经验，为市场开拓及团队技术培训提供支撑，提升团队技术服务能力。 任职要求: 1.暖通/制冷/能动/建筑环境与能源应用工程等专业本科及以上学历，5年及以上设计院核心岗位经验； 2. 沟通协调能力：可独立对接设计院、总包、业主高层，交流沟通，确定项目方案； 技术创新意识：从市场端掌握行业客户需求，推动公司产品线升级和技术标准体系建设； 核心素质能力：能在复杂条件下直击本质，输出最优方案，解决项目过程难点。 工作地点 绍兴市-上虞区-人民西路1818号 以担保或任何理由索要财物，扣押证照，均涉嫌违法。一经发现， 立即举报,"建筑设备,暖通",http://www.zhaopin.com/jobdetail/CC375524630J40969212804.htm?refcode=4019&srccode=401901&preactionid=1093ef26-3390-4c34-bbc8-b17499407c07
售前工程师,甘孜州建设投资集团有限公司,1.1-1.5万,成都·双流·华阳,广州,本科,5-10年,7月8日,zhilian,岗位职责： 1、对低空经济有深入了解，具有丰富的无人机产品开发经验或电力巡检项目经验。 2、熟悉智慧电力、物联网、车联网、智慧城市、智慧能源、智慧园区等物联网相关产品和发展方向，熟悉AI、数字孪生、数据治理、信息安全等前沿技术在软件、硬件、集成项目中的应用； 3、负责低空产品的市场分析，包括政策方针、同类竞争对手、竞品形态、落地项目等，指导产品规划； 4、负责项目售前工作，包括现场调研、需求挖掘与分析、客户沟通、技术方案等，负责标前引导、标书编制、现场答疑、讲标等招投标工作； 5、负责整体解决方案设计、PPT编写、讲解演示，深入研究客户所在行业，从技术角度挖掘并引导客户需求，并根据客户需求编写技术方案(包括技术分析、可研报告、立项材料、招投标材料等)，与客户交流，把握方案优劣汰，达成项目合作； 6、负责低空产品的开发规划，牵引和驱动软硬件研发工作，参与技术架构设计与技术风险控制，协调各方资源满足客户需求，把控进度节奏，确保项目顺利开展； 7、配合销售经理完成与客户的技术交流、解决方案宣讲、应用系统演示等工作； 8、负责收集与汇总解决方案案例，向销售与其他人群进行赋能，负责第三方合作伙伴的技术交流、产品与解决方案的引入； 9、主导项目POC工作，并完成POC总结汇报。 二、任职资格条件 1、本科及以上学历，5年以上售前工作经验，电子、计算机、信息技术等相关专业优先； 2、熟悉政府采购招投标流程，主持过投标工作，参与过大型项目的规划、投标工作； 3、有良好的文字功底、丰富的word、excel和PPT使用经验，具备独立编写大型项目技术方案的能力； 4、具有较强的沟通、演讲及需求引导能力，精通PPT演示文稿和设计方案编写； 5、团队合作能力强，具有客户导向意识，善于进行信息收集与资源整合，责任心强； 6、具备良好的学习能力和分析、总结能力，有创造性思维，有同时管理多个任务的能力，可以适应高强度的工作压力，良好的售前管理和组织能力； 7、具有无人机项目经验优先； 8、能独立出差完成工作。 工作地点 成都双流区四川省交通勘察设计研究院有限公司 以担保或任何理由索要财物，扣押证照，均涉嫌违法。一经发现， 立即举报,"低空经济,无人机",http://www.zhaopin.com/jobdetail/CCL1216551330J40825548907.htm?refcode=4019&srccode=401901&preactionid=1093ef26-3390-4c34-bbc8-b17499407c07
城市运营类数字化解决方案工程师,中国建筑第四工程局有限公司,1.6-1.8万,广州·天河·车陂,广州,本科,5-10年,7月25日,zhilian,岗位职责 1、负责城市运营类项目数字化解决方案支撑，包含项目需求调研、整体方案规划、方案编写等工作; 2、对接外部业主单位、合作方，实地踏勘调研需求，精准梳理业务痛点，推进数字化方案的落地; 3、参与供应商选型和技术选型，把控研发过程质量和交付质量; 4、跟踪城市更新与运营智慧化行业政策与前沿产品动态，独立完成行业专题材料、大型项目会议汇报材料编制。 二、任职要求 1、本科及以上学历，计算机、网络工程、通信工程等相关专业优先。 2、7 年以上信息化 / 数字化解决方案从业经历，其中 3 年及以上政企、智慧城市、不动产商业运营方向售前实操经验；行业优质人选可酌情放宽年限要求。 3、熟悉业务中台、数据中台、BI等主流信息化产品架构，具备基础技术甄别能力，能顺畅对接研发团队与软硬件供应商。 4、精通智慧运维、不动产资产管理、数据报表治理等系统落地场景，有系统集成商、数字化软件厂商项目全周期服务经验优先。 5、独立完成需求拆解、方案迭代优化，客户服务意识突出，优秀商务沟通、公文及方案 PPT 撰写能力。 6、品行端正、抗压性强，团队协作良好，学习迭代速度快，能接受出差。 工作地点 广州天河区中建科创大厦 以担保或任何理由索要财物，扣押证照，均涉嫌违法。一经发现， 立即举报,（城市更新运营类）数字化解决方案,http://www.zhaopin.com/jobdetail/CC329902120J40868831314.htm?refcode=4019&srccode=401901&preactionid=1093ef26-3390-4c34-bbc8-b17499407c07
售前工程师（体系/装备建模/数字工程）,北京方州科技有限公司,2-4万·13薪,北京·石景山·古城,广州,本科,5-10年,6月8日,zhilian,岗位职责： 1.负责应用系统整体解决方案的全过程参加与支持； 2.负责完成项目需求分析、建设规划、技术方案以及招投标等工作； 3.负责结合公司现有产品、典型案例配合项目经理形成典型的解决方案； 4.项目交付完成后，了解系统使用情况，即时反馈系统更新意见和建议。 岗位要求： 1.本科及以上学历，计算机相关专业；雷达、火控、电子对抗、飞行力学等与装备原理、设计与应用直接相关的专业优先，硕士优先； 2.具备5年以上仿真项目售前经验，包括：售前技术咨询、招投标及标书编制相关经验，能够独立完成解决方案编写； 3.熟悉仿真方向基本的系统架构，了解仿真方向的国内外研究现状； 4.具有良好的沟通表达能力、文档编写能力，有一定的需求分析和报告撰写能力； 5.能迅速适应工作环境，为人诚恳、责任心强，具有较好的团队合作精神。 工作地点 北京石景山区六工汇C4号楼5-6层 以担保或任何理由索要财物，扣押证照，均涉嫌违法。一经发现， 立即举报,"软件产品,体系作战,装备建模,数字工程",http://www.zhaopin.com/jobdetail/CC392204280J40910983012.htm?refcode=4019&srccode=401901&preactionid=1093ef26-3390-4c34-bbc8-b17499407c07
售前工程师,陕西擎天信息技术有限公司,9000-10000元,西安·未央·谭家,广州,本科,1-3年,6月29日,zhilian,岗位职责 招聘智能化售前业务经理 1、负责矿山、能源、气田领域智能化项目的售前全流程支撑，深度跟进项目线索、需求对接、方案落地、商务配合等全环节工作，保障售前业务闭环推进。 2、深入对接客户（矿山、油气田、新能源、传统能源企业等），精准挖掘客户智能化改造、数字化建设、设备升级、系统集成等核心业务需求，梳理需求痛点与项目目标。 3、独立完成智能化项目整体方案撰写，包含需求方案、技术方案、解决方案、可行性方案、招投标方案等，贴合行业场景与客户实际需求，保证方案专业性、落地性。 4、负责项目汇报PPT、宣讲材料、标书相关售前资料的设计、制作与优化，梳理项目亮点、技术优势、落地价值，打造高质量售前输出物料。 5、承担客户现场汇报、技术宣讲、需求答疑、方案讲解工作，应对客户各类技术及业务疑问，精准传递产品与方案核心优势，推动客户认可，助力项目成交。 6、跟进行业动态、竞品信息及矿山、能源、气田智能化行业政策、技术趋势，持续优化售前方案体系与产品讲解逻辑，沉淀标准化售前素材。 7、配合销售团队完成商务谈判、招投标对接、客户跟进等工作，协同推进项目落地，完成售前业绩目标。 任职要求 1、行业经验核心要求：熟悉矿山、能源、气田任意细分领域的业务场景、生产流程、行业痛点及智能化改造需求，有相关行业智能化、数字化项目售前经验者优先。 2、能力核心要求：精通售前全流程工作，具备独立需求调研、方案撰写、PPT制作、客户现场汇报宣讲能力，能够独立跟进项目售前全周期工作。 3、专业技能要求：熟练使用PPT、Word、Visio等办公工具，可独立制作高质量项目方案、汇报课件、架构图；了解工业智能化、物联网、自动化、数字孪生、智慧矿山、智慧气田等相关技术概念。 4、综合素质要求：具备优秀的沟通表达、逻辑思维、临场应变及文案撰写能力，擅长客户需求挖掘与对接，汇报宣讲气场沉稳，能够精准把控客户核心诉求。 5、工作主动负责，抗压能力强，具备良好的团队协作意识，能适应阶段性项目出差、客户现场对接工作。 6、专科及以上学历，自动化、电气工程、物联网、计算机、能源动力、矿山工程等相关专业优先，有2年及以上相关行业售前工作经验者优先。有智慧矿山、智慧气田、新能源储能、工业能源智能化、油气田数字化改造项目售前经验者优先； 2、有大型工矿、能源国企、油气企业项目对接及汇报经验者优先； 3、具备招投标文案撰写、标书制作及开标答疑经验者优先。 4、可接受长期出差（项目多数在内蒙鄂尔多斯 陕北等地区） 工作地点 西安未央区浐灞二路北150米保利·心语花园 以担保或任何理由索要财物，扣押证照，均涉嫌违法。一经发现， 立即举报,"智慧产品,智慧矿山",http://www.zhaopin.com/jobdetail/CC830839720J40608182207.htm?refcode=4019&srccode=401901&preactionid=1093ef26-3390-4c34-bbc8-b17499407c07
数字化油田售前技术支持,西安海联石化科技有限公司,5000-8000元,西安·雁塔·电子城,广州,本科,3-5年,10月16日,zhilian,岗位职责： 1、配合市场部门进行售前技术支持，充分理解油田用户针对数字化、智能化等项目的需求，结合公司自身技术产品和方案经验，为用户提供合理的解决方案； 2、负责与用户进行前期方案技术沟通，负责现场的组织调研、方案编制、汇报交流等工作； 3、负责油气田自动化、数字化、智能化工作的全周期项目管理，主要包括项目前期的需求分析、项目方案的设计、项目管理和执行、项目沟通与汇报、项目验收与交付； 4、负责相关项目的招投标技术文档及验收报告的组织与撰写； 5、负责组织相关项目的现场实施； 6、响应及解决客户的技术要求、疑问以及系统使用过程中遇到的各种问题，同时主动协调资源推动问题解决； 7、维护客户关系，对油田数字化行业深入挖掘整理，不断扩大已有区域业务深度和范围； 8、完成领导交办的其他工作。 任职要求： 1、本科及以上学历，石油工程、采油、测井、钻井等相关专业； 2、熟悉油气田生产自动化、采油工艺过程、系统软件项目等过程； 3、具有需求分析、方案设计、招投标等专业能力； 4、具有良好的沟通能力，扎实的文字功底； 5、有较强的责任心与独立的工作能力； 6、具有油田数字化工作经验者优先考虑； 7、具备中长期在现场独立出差的能力，有C1驾照，能熟练开车，有石油石化行业从业经验者优先。 工作地点 西安雁塔区太白南路220号 以担保或任何理由索要财物，扣押证照，均涉嫌违法。一经发现， 立即举报,"石油工程设计,开采工艺,油田数字化",http://www.zhaopin.com/jobdetail/CC355256710J40826561008.htm?refcode=4019&srccode=401901&preactionid=1093ef26-3390-4c34-bbc8-b17499407c07
售前/售前技术支持/售前工程师/解决方案工程师,山东裕乾电子科技有限公司,5000-9000元,济南·历下·舜华路,广州,本科,1-3年,7月24日,zhilian,岗位职责： 1、负责项目需求统计、现场勘察、沟通交流，了解需求、梳理需求、图纸优化。2、配合销售经理开展营销工作（方案设计、方案讲解），提高客户满意度与合作粘性。 3、协调、跟踪公司内部其他部门或人员，完成销售经理所需配合工作。 4、尝试自行负责客户，与其他同事合作，与客户达成合作及享受奖励。 5、其他临时性工作。 任职要求： 1、有售前工程师、销售助理、商务专员、机电安装、技术工程师等有关经验，外向型，有较好的协调能力，愿意与客户沟通，配合销售经理开展工作。 2、有挣钱欲望，竭尽全力做好份内工作（配合销售经理跟踪项目进展、跟踪其它部门做好客户服务），多劳多得（项目奖金）。 3、统招本科及以上学历，工作年限不低于2年；能够接受出差，有驾证会开车。 4、从事弱电项目集成、建筑机电安装、暖通电气消防等有关工作的优先；所学电气、物联网、机电、暖通、计算机等相关专业的优先。 5、有理想、有担当，加入公司以成为“公司合伙人”为目的，而不是只为打工挣钱。 公司主营业务： 裕乾--智慧系统软硬件厂家，在政府（办公楼、医院、高校）、商业（写字楼、商场、公寓）等方面，从事楼宇自动化（新建、节能改造）、大后勤（节能降耗、降本增效、安全管控）领域，数字化转型软硬件研发、销售、服务工作。 1、楼宇、后勤各节能/控制系统（楼宇自控、能耗监测、智能照明、安全用电、空调节能等）软硬件研发、销售、服务。 2、智能化集成系统（后勤、办公等业务系统，建筑领域：弱电、强电、空调、消防等各专业系统集成，数字孪生应用；工业领域；水利领域等）软件研发、销售、服务。 工作地点 济南历下区联合财富广场-4号楼1805室 以担保或任何理由索要财物，扣押证照，均涉嫌违法。一经发现， 立即举报,"软件产品,电气设备,智慧产品,智慧城市,智慧建筑,智慧园区,楼宇自控,智能化集成,中央空调系统,驾照,出差,开车数量",http://www.zhaopin.com/jobdetail/CC621310230J40872590614.htm?refcode=4019&srccode=401901&preactionid=1093ef26-3390-4c34-bbc8-b17499407c07
FAE技术支持工程师（海外）,深圳云里物里科技股份有限公司,1-1.5万,深圳·龙华·龙华,广州,本科,1-3年,7月21日,zhilian,"岗位职责： 1、负责销售过程中处理售前，售中和售后过程中产品和技术问题； 2、为客户提供项目、方案的技术讲解、产品演示、产品及安装实施等培训指导工作； 3、与客户进行技术交流，了解并分析客户需求，挖掘机会； 4、协助销售人员共同接待客户，线上会议，客户拜访； 5、负责销售、技术、研发各部门之间的协调工作，确保客户需求的实现； 6、收集市场和产品信息，向技术部门提供合理化建议、为整体产品的策划与销售策略的制定提供有力的建议; 任职资格： 1、本科及以上学历，计算机，物联网，通信工程、电子信息工程等相关专业 2、英语听说读写熟练，可作为工作语言 3、两年以上相关工作岗位经验 4、具备物联网智能硬件和系统平台知识，开发经验，懂蓝牙通讯协议 5、具有较强的沟通协调能力及应变能力 6、有良好的团队合作和敬业精神； 7、踏实、责任心强、良好的客户服务意识和服务态度 【公司亮点】 1、入职即购买五险一金，社保深圳一档 2、五天八小时（9:00-12:00,13:30-18:30），周末双休，工作日周末加班费另算； 3、提供免费住宿：园区内公寓，步行5分钟到达公司 4、国家法定节假日带薪休假 5、19年荣获“深圳市中小企业最佳雇主”，21年荣获国家级专精特新“小巨人“企业，22年北交所成功上市 6、每周下午茶、每月生日会及部门团建聚餐 7、公司内置健身室、休闲区，书吧、劳逸结合 8、企业自主培训平台，专业知识线上系统培训（业务技巧，产品培训等） 9、享受月度激励奖金 入职即缴纳五险一金；惠民保 住院险 意外险等其他保险将按规定时间缴纳，累计八险一金，全方位守护！ 【企业简介】 云里物里(股票代码: 872374)是总部位于深圳的国家级高新技术企业、国家级专精特新""小巨人""企业。公司深耕物联网10多年，拥有近百名勇于创新、经验丰富的研发人员，累计获得国内外授权专利超过180项。公司旗下制造工厂先后通过ISO9001质量管理体系和ISO14001环境保护体系认证。 云里物里自主研发低功耗蓝牙(BLE)、LoRa、UWB、WiFi、NB-IoT/LTE、4G和5G等多种无线技术相融合的定位信标、传感器、电子价签、物联网网关、物联网模组等产品和解决方案广泛应用于办公、教育、仓储、医疗、零售、楼宇等行业，获得了阿里巴巴、百度、建设银行、中国电信、Amazon、Cisco、Google、Siemens等二十多家全球500强客户的高度认可。 工作地点 深圳龙华区龙华新区清龙路港之龙科技大厦I栋3楼 以担保或任何理由索要财物，扣押证照，均涉嫌违法。一经发现， 立即举报","硬件产品,智能产品",http://www.zhaopin.com/jobdetail/CC302728710J40428475208.htm?refcode=4019&srccode=401901&preactionid=1093ef26-3390-4c34-bbc8-b17499407c07
技术服务工程师,沈阳大鹏重型设备科技有限公司,8000-12000元,沈阳·浑南·汪家,广州,本科,10年以上,7月25日,zhilian,职位描述 破碎机 球磨机 嘿，你好呀！我们正在寻找一位充满激情和才华的技术支持工程师，一起为我们的客户提供最棒的技术支持！ 你的工作将是解决客户在使用我们产品过程中遇到的各种技术问题，通过电话、邮件或远程协助等方式帮助他们解决问题。同时，你也会收集客户的反馈意见，帮助我们不断改进产品，让它变得更加出色！ 如果你具备以下条件，就赶快加入我们吧！ 计算机相关专业本科及以上学历，1-3年相关工作经验（当然，如果你是个技术天才，我们也可以考虑哦）； 熟练掌握我们产品的技术原理和应用场景； 善于沟通，有强烈的客户服务意识； 热爱学习，喜欢与团队协作。 期待你的加入，让我们一起创造出色的技术支持体验！ 工作地点 沈阳市-浑南区-汪北村698号西北方向60米 以担保或任何理由索要财物，扣押证照，均涉嫌违法。一经发现， 立即举报,"破碎机,球磨机",http://www.zhaopin.com/jobdetail/CC648514380J40836497102.htm?refcode=4019&srccode=401901&preactionid=1093ef26-3390-4c34-bbc8-b17499407c07
技术工程师,浙江双菱戴纳斯帝电气有限公司,6000-7000元,台州·路桥区·蓬街镇,广州,本科,3-5年,7月26日,zhilian,职位描述 技术前言追踪 空调工程 新风工程 暖通工程 暖通空调 机电、家电、建筑建材 五恒系统 工作职责 1. 追踪五恒系统领域前沿技术动态，结合公司战略规划制定技术发展路径。 2. 统筹五恒各岗位技术文案的编制与优化，包括操作规程、产品使用说明等核心文档。 3. 协调五恒项目招标文件的技术响应工作，确保方案满足客户需求与行业规范。 4. 统筹五恒技术资料、项目文件及客户蓝图的收集、归档与保管工作。 任职要求 1. 本科及以上学历，机械设计、暖通工程、建筑环境与能源应用等相关专业优先。 2. 熟悉五恒系统的原理与应用场景。 3.欢迎应届毕业生。 工作地点 台州路桥区双菱科创园蓬街镇东方大道5888号 以担保或任何理由索要财物，扣押证照，均涉嫌违法。一经发现， 立即举报,"技术前言追踪,空调工程,新风工程,暖通工程",http://www.zhaopin.com/jobdetail/CC188615510J40863557107.htm?refcode=4019&srccode=401901&preactionid=1093ef26-3390-4c34-bbc8-b17499407c07
售前工程师（数字化）,广东中设智控科技股份有限公司,1-1.5万,广州·黄埔·云埔,广州,本科,3-5年,7月24日,zhilian,岗位职责： 1、标书编写负责组织制定系统集成项目的技术方案编写、标书的准备、讲解及用户答疑等工作； 2、沟通宣讲 配合客户经理完成与用户的技术交流、技术方案宣讲、应用系统演示等工作； 3、沟通协调 配合业务部其它部门做好用户沟通、资料共享、技术协调等工作； 4、材料撰写 配合市场人员完成应用系统演示、产品宣传资料撰写等工； 5、技术交流 充分了解公司产品与技术知识，配合做好与相关技术交流； 6、公司安排的其他事宜公司交代的其他工作。 岗位要求： 1、本科及以上学历，计算机、通信、电子工程等相关专业，3年以上相关领域工作经验，有生产制造行业软件售前经验优先； 2、熟练掌握市场营销专业知识； 3、配合销售跟进市场工作，配合投标工作等；了解技术方案细节，协调技术配合事宜； 4、了解客户信息及需求、与其他部门沟通获取相关资源； 5、良好的团队精神、沟通能力及抗压能力。 职位福利：五险一金、绩效奖金、带薪年假、节日福利、全额公积金 工作地点 广州市黄埔区伴河路136号百达丰总部基地A栋13A 以担保或任何理由索要财物，扣押证照，均涉嫌违法。一经发现， 立即举报,软件产品,http://www.zhaopin.com/jobdetail/CC687348020J40949992904.htm?refcode=4019&srccode=401901&preactionid=cb6dd2f3-e79a-4cac-a4af-7b633d73fdc8
H88321岗 AI技术支持（大厂、六险一金，可接受排班）,武汉佰钧成技术有限责任公司,8000-14000元,西安·雁塔·漳浒寨,广州,大专,3-5年,,zhilian,职位描述 AI 大模型 技术支持 人工智能 云计算 职位描述: 技术服务工程师（AI）- 国内站岗位，作为阿里云售后技术服务体系的核心岗位，专注于为大模型及 AI 相关产品提供专业技术服务与支持。 1. 负责大模型全生命周期技术支持，涵盖模型训练、推理部署、API 调用及应用构建等环节；针对客户业务场景提供技术方案，负责复杂技术问题的根因分析与闭环解决。 2. 建立客户与产品团队的双向反馈机制，推动云产品功能迭代与体验优化，协助完善服务标准化支持体系。 3. 沉淀内外部技术知识库，输出高质量技术文档与最佳实践解决方案，赋能客户实现业务场景落地。 职位要求 大专 三年以上 1. 计算机科学、人工智能等相关专业，大专及以上学历，3年以上工作经验。 2. 对 AIGC 、LLM技术与应用有极高的热情；有大模型相关的应用或项目开发落地经验，掌握RAG、Prompt Engineering、MCP等技能者优先。 3. 掌握Python或Java等编程语言，有实际代码项目开发经验；具备深度学习框架开发能力者优先。 4. 沟通表达能力优秀，具备团队合作精神和文档编写能力，抗压能力好。 5. 具有通义/豆包/文心等大模型企业工作经验、或者云产品技术支持经验、或有阿里云大模型ACP认证者优先。 展开该职位详情,"AI,大模型,技术支持",http://www.zhaopin.com/jobdetail/CC364485720J40861401605.htm?refcode=4019&srccode=401901&preactionid=cb6dd2f3-e79a-4cac-a4af-7b633d73fdc8
售前解决方案专家（技术背景方向）,重庆旱獭信息技术有限公司,1.5-3万,深圳·宝安·西乡,广州,本科,3-5年,7月15日,zhilian,岗位职责： 1、负责售前需求分析和规划，承担业务顾问和针对性解决方案技术支撑工作； 2、负责准确理解客户需求并与内部产品开发团队进行有效的信息传递及良好沟通； 4、和客户保持良好的沟通及关系，参与需求的进一步挖掘； 5、熟悉招投标流程，能独立完成招投标文件制作和投标技术支持； 6、配合商务进行现场调研和技术交流，进行软件产品的技术演示、产品宣讲、PPT制作； 7、负责在项目现场业务沟通交流及问题反馈，并完成相关文档的编写； 任职要求： 1、本科及其以上学历，3年及以上物联网或互联网产品售前经验，计算机相关专业或有过技术开发经验的优先考虑； 2、需要具有B端产品的相关售前工作经验； 3、具备平台化产品思维，收集用户需求和需求分析能力强； 4、具有出色的提案能力、文档编写和沟通能力，较强的文档撰写能力； 5、良好的沟通和协调能力，执行力强，责任心强，逻辑性强，适应出差； 6、熟练使用思维导图、Office、WPS等工具。 7、能够熟练阅读相关文献，编写技术方案、调研报告、需求文档、产品设计等相关资料。 加分项：有物联网行业、智慧城市、智慧园区、智慧工业、智慧农业、能源方向的售前项目经验。 工作地点 深圳宝安区万庭大厦-3号楼万庭大厦-3号楼18楼 以担保或任何理由索要财物，扣押证照，均涉嫌违法。一经发现， 立即举报,物联网,http://www.zhaopin.com/jobdetail/CCL1232397780J40889927713.htm?refcode=4019&srccode=401901&preactionid=cb6dd2f3-e79a-4cac-a4af-7b633d73fdc8
售前解决方案工程师 | 10-15K·周末双休 | 智慧城市/数字政府项目,成都兴控人力资源发展有限公司,1-1.5万,成都·武侯·桂溪,广州,本科,3-5年,6月12日,zhilian,岗位职责】 1、顶层规划：负责数字政府、智慧城市等业务领域的顶层规划设计，为客户提供技术咨询及整体解决方案支持，撰写高质量售前方案。 2、需求挖掘：从专业角度与客户深度交流，系统总结并分析客户需求，主动挖掘潜在业务机会。 3、协同支撑：与销售及技术团队紧密协作，撰写各类服务方案、汇报材料及技术文档，有效支撑销售业务推进。 4、招投标管理：负责投标材料的撰写、整合及现场应标、述标工作。 【任职要求】 1、学历专业：大学本科及以上学历，并取得相应学位；计算机、电子等IT相关专业。 2、 3、工作经验：具有3年以上数字政府、智慧城市等软件项目或信息化集成项目经验；具备敏锐的市场洞察力与专业业务能力，有良好的客户服务意识和团队合作精神。 4、优先条件：有千万级规模项目解决方案及招投标工作经验者优先。 5、表达能力：优秀的沟通表达与逻辑分析能力；良好的文档撰写能力，能熟练使用Office、思维导图、Visio等工具。 6、综合素质：具备跨部门沟通协调能力，工作积极主动，有主人翁意识。 7、技术储备：熟悉大数据、云计算、物联网、中台、区块链等常用信息技术。 【工作地址】 成都市高新区（具体地址可面试时详询） 工作地点 成都武侯区金控集团财智中心 以担保或任何理由索要财物，扣押证照，均涉嫌违法。一经发现， 立即举报 客户,"云计算产品,数字化产品,智慧产品,智慧城市,数字政府产品,公私有云产品,云平台产品,方案架构设计,政府项目招投标,团队协作",http://www.zhaopin.com/jobdetail/CC455151010J40948966515.htm?refcode=4019&srccode=401901&preactionid=cb6dd2f3-e79a-4cac-a4af-7b633d73fdc8
技术支持,科大国盾量子技术股份有限公司,1.8-2.5万,上海·浦东·康桥,广州,硕士,1年以下,5月19日,zhilian,岗位职责： 1、负责向客户进行产品技术宣讲、系统操作演示及使用培训（含远程与现场）。 2、提供全栈技术支持，及时响应并解决客户在硬件使用、软件操作及系统集成中遇到的技术问题。 3、根据客户需求，进行初级编程开发与修改（以Python为主），实现自动化控制、数据分析或简单工具开发。 4、编写与维护技术文档、常见问题解答，并汇总分析客户反馈，协助优化产品。 5、领导布置的其它工作 岗位要求： 1、理工科专业硕士及以上学历，电子、自动化、计算机科学、物理等相关专业背景。 2、具备电子电路基础，了解常用测量仪器，对量子计算有强烈兴趣；具备一定的编程能力，熟练掌握Python，具备实际脚本开发经验。 3、具备良好的沟通能力、逻辑思维和客户服务意识，能独立分析并解决复杂技术问题。 4、具备良好的英语沟通与读写能力。 5、有量子计算实验、测控系统使用或技术支持相关经验者优先。 工作地点 浦东新区中国科学技术大学上海研究院-东南门 以担保或任何理由索要财物，扣押证照，均涉嫌违法。一经发现， 立即举报,"通信设备,硬件产品,量子行业,物理学/计算机相关背景",http://www.zhaopin.com/jobdetail/CC201133020J40882684313.htm?refcode=4019&srccode=401901&preactionid=cb6dd2f3-e79a-4cac-a4af-7b633d73fdc8
技术支持客服+名企+五险一金+排班制+上五休二,软通动力信息技术(集团)股份有限公司,8000-9000元,成都·武侯·桂溪,广州,本科,3-5年,7月3日,zhilian,职位描述 软件产品 人工智能 云计算 职位描述: 1. 客户支持： a. 通过在线或工单为客户提供阿里云相关产品的使用咨询及疑难问题解答； b. 处理客户关于产品购买、计费、功能使用等问题，提供专业解决方案； c. 记录客户反馈并跟踪问题解决进度，确保服务闭环。 2. 流程优化： a. 分析高频咨询问题，提炼知识库内容，推动产品文档及FAQ的更新； b. 参与制定或优化服务流程，提升服务效率与客户满意度。 3. 协作与培训： a. 与阿里云技术团队、产品团队协作，获取最新产品信息并转化为易懂的客户支持内容； b. 定期参与AI技术及产品培训，保持知识更新。 岗位要求： 1. 专业背景：大专及以上学历，计算机、人工智能、自动化、电子信息等相关专业本科及以上学历；或具备AI领域（如机器学习、深度学习、自然语言处理、计算机视觉等）相关项目经验或工作背景。 2. 经验要求：1年以上客服坐席、或技术支持或客户服务经验，有云计算、企业服务领域经验者优先； 3. 技能与素质： a. 优秀的沟通能力与客户服务意识，能清晰、耐心地解答客户问题； b. 逻辑思维强，具备独立分析和解决问题的能力； c. 良好的抗压能力，能适应轮班制（含早晚班及节假日值班）； d. 有较强的学习能力和不断提升自己的意识，能够快速掌握新产品、新知识； 4. 熟悉Python或Java等编程语言，有大模型相关的应用或项目开发、落地经验，对 AIGC 、LLM技术与应用有极高的热情，了解主流大模型，如ChatGPT/LLaMA/GLM等，对模型背后的原理和差异有一定的理解； 5. 加分项： a. 完成云大模型及AI Clouder认证 b. 持有云大模型ACA/ACP认证 5.懂得自我调节，通过正确途径疏导和控制个人情绪，保持积极乐观的心态 6.7*24小时排班，能适应倒班轮休等特殊工作形式 薪资标准：8000-8500元/月+入职五险一金 工作时间：8小时/天；排班制；做五休二 工作地点 成都武侯区阿里中心2-3 以担保或任何理由索要财物，扣押证照，均涉嫌违法。一经发现， 立即举报,软件产品,http://www.zhaopin.com/jobdetail/CC000544460J40828710416.htm?refcode=4019&srccode=401901&preactionid=cb6dd2f3-e79a-4cac-a4af-7b633d73fdc8
售后技术支持,重庆大斗人力资源管理有限公司,8000-11000元,南京·江宁·东山,广州,大专,1年以下,7月26日,zhilian,职位描述 电子产品 IT文档全生命周期管理 IT设备运维管理 数据质量监控 工作职责 1. 负责IT部门技术文档的全生命周期管理，包括整理、归档与动态更新，确保资料的完整性与可追溯性。 2. 协助完成系统数据的录入、交叉核对与日常维护，建立数据质量监控机制，保障核心数据的准确性与安全性。 3. 承担IT设备的日常管理工作，涵盖设备台账登记、耗材申领分发，以及电脑、打印机等常见设备的基础故障排查与预处理。 4. 配合技术培训与内部会议的组织工作，负责会议纪要的精准记录及培训材料的标准化准备。 任职要求 1. 大专及以上学历，计算机、信息管理或相关专业优先，具备IT领域基础认知。 2. 精通Office办公套件（Word/Excel/PPT），能独立完成复杂文档排版与多维度数据处理，熟练使用Excel函数进行数据统计分析。 3. 熟悉常见IT硬件设备的基础操作逻辑，能快速定位并解决打印机卡纸、系统驱动安装等基础问题，适应新工具的学习能力强。 4. 具备主动服务意识与高效沟通能力，工作细致严谨，有较强的责任心，能在多任务并行场景下保持高质量输出。 工作地点 南京江宁区江宁万达写字楼 以担保或任何理由索要财物，扣押证照，均涉嫌违法。一经发现， 立即举报 客户,"电子产品,IT文档全生命周期管理,IT设备运维管理,数据质量监控",http://www.zhaopin.com/jobdetail/CCL1526253760J40898262313.htm?refcode=4019&srccode=401901&preactionid=cb6dd2f3-e79a-4cac-a4af-7b633d73fdc8
售前技术支持工程师,江苏中安智信通信科技股份有限公司,1-2万,苏州·工业园区,广州,本科,5-10年,7月21日,zhilian,职位描述 工业自动化/机器人 人工智能 物联网 1 技术方案设计与编制 负责智能光分布式采控系统（光总线区域控制器）、工业巡检机器人（防爆轮式/轨道式）、工业物联网控制平台等产品的售前技术方案编制工作。深入理解客户应用场景，结合智慧交通、能源化工、智慧电力、轨道交通等行业特性，输出可行性技术方案、系统架构图、拓扑图及配置清单。运用AutoCAD等专业制图工具绘制系统原理图、设备布置图、管线走向图等技术图纸，确保方案的专业性、完整性与可实施性。 2 客户需求对接与技术交流 作为技术窗口，直接对接客户的技术团队与决策层，开展技术交流、产品演示与现场调研。精准挖掘客户在设备运维、安全生产、智能化升级等方面的痛点需求，进行需求分析与可行性评估，将客户诉求转化为明确的技术指标与产品功能要求，形成规范化的需求文档。组织并完成技术方案汇报、现场答疑及方案修订工作。 3 投标技术支持 全程参与招投标项目的技术支撑工作，包括技术标书编制、技术偏离表填写、投标方案优化、述标答辩等。对标书条款进行逐条技术解读与响应，确保技术方案的合规性与竞争力。配合商务团队完成成本核算、报价策略制定，从技术维度保障中标率。 4 内部技术赋能与知识沉淀 面向销售团队开展产品知识培训与技术赋能，编制产品手册、技术白皮书、应用案例集等销售工具包。收集市场前沿信息与客户反馈，定期向研发中心输出产品优化建议，推动产品迭代升级。建立并维护行业解决方案知识库，沉淀标准化方案模板，提升团队整体交付效率。 5 项目交付协同 配合项目经理完成项目交付阶段的技术交底工作，协调研发、工程、售后等部门资源，确保技术方案在交付环节的有效落地。参与关键项目的技术验收，为客户提供持续的技术支持服务，维护客户技术满意度。 任职要求 基本条件 1、学历要求：本科及以上学历，电气工程及其自动化、自动化、机械电子工程、测控技术与仪器等相关专业。 2、工作经验：3年及以上工业自动化、智能硬件、机器人或相关领域的售前技术支持、技术方案设计工作经验；具备大型项目投标经验的优先。 3、条件优异者可适当放宽。 专业技能 1、精通AutoCAD制图软件，能够独立完成系统原理图、电气接线图、设备布置图、管线走向图等技术图纸的绘制，图纸表达规范、标注清晰。 2、熟悉工业自动化控制系统架构，掌握PLC编程原理、工业通信协议（Modbus、Profinet、IEC 61850等）、传感器与执行器选型等核心技术知识。 3、了解工业巡检机器人、机器视觉、AI智能分析、数字孪生等前沿技术的基本原理与行业应用。 4、具备优秀的技术文档编写能力，能够独立撰写技术方案、可行性研究报告、投标技术文件等专业文档，逻辑严谨、表达凝练。 5、熟练使用Office办公软件（Word、Excel、PowerPoint），掌握Visio或同类流程图绘制工具，具备基础的网络与IT知识。 综合素质 1、具备出色的沟通表达能力与技术演讲能力，能够面向客户高层及技术团队进行专业、清晰、有说服力的技术汇报。 2、具有较强的学习能力与知识迁移能力，能够快速掌握新产品、新技术的核心特性，并转化为面向客户的价值呈现。 3、具备良好的商业意识与成本意识，能够在技术可行性与商务竞争力之间找到最优平衡点。 4、工作认真负责，抗压能力强，能够适应阶段性高频出差与多任务并行的工作节奏。 工作地点 苏州工业园区江苏中安智信通信科技股份有限公司 以担保或任何理由索要财物，扣押证照，均涉嫌违法。一经发现， 立即举报,"工业自动化/机器人,人工智能,物联网",http://www.zhaopin.com/jobdetail/CC552487630J40855359807.htm?refcode=4019&srccode=401901&preactionid=cb6dd2f3-e79a-4cac-a4af-7b633d73fdc8
暖通售前技术工程师（培养）,浙江汉聂装配式机电工程有限公司,5000-8000元,杭州·钱塘·下沙,广州,本科,1-3年,7月24日,zhilian,职位描述 暖通设计 暖通施工 1. 负责暖通项目售前技术支持，配合销售完成技术方案设计与客户沟通 2. 根据客户需求提供系统配置建议，完成产品选型及技术答疑 3. 协同团队完成投标文件、技术文档的编制与审核 专业要求： PO (最高优先) 暖通空调 (HVAC)、建筑环境与能源应用 中央空调、冷冻站、冷却塔、AHU/MAU 机组改造内容。核心的业务板块。 P1 (重点) 电气工程、自动化、给排水科学与工程 高效电机、水泵、变频控制、电气火灾监控以及水处理系统。 P1 (重点)ヽ 能源与动力工程、化工工程 空压机系统、氮气储能、工艺冷却水、化工老旧装置改造。 P2 (加分项) 环境工程、物联网(IoT)、计算机科学 碳排放管理、ESG合规、能源数据远程监控、AI数字孪生平台销售。 工作地点 杭州钱塘区创意大厦 以担保或任何理由索要财物，扣押证照，均涉嫌违法。一经发现， 立即举报,"暖通设计,暖通施工",http://www.zhaopin.com/jobdetail/CC855463830J40865724507.htm?refcode=4019&srccode=401901&preactionid=cb6dd2f3-e79a-4cac-a4af-7b633d73fdc8
水利/水电售前咨询顾问,北京方胜有成科技股份有限公司,1.5-2万,北京·昌平,广州,本科,1-3年,11月24日,zhilian,岗位职责 1. 售前咨询：负责抽水蓄能电站信息化业务领域售前支持，调研并论证客户在电站监控、运维管理、数据分析等方面的需求，编制贴合抽蓄电站场景的整体信息化解决方案。 2. 招投标管理：主导抽蓄电站信息化项目招投标全流程，包括投标文件编制（含技术方案、报价依据等）、项目现场方案讲解，以及客户针对电站业务逻辑、技术实现的疑问解答。 3. 方案迭代与创新：跟踪抽蓄电站行业管理创新（如智慧运维、无人值守）与技术创新（如AI监控、数字孪生），提炼抽蓄电站信息化规划、项目建设的前沿实践，形成标准化业务方案模板。 4. 定制化方案设计：结合抽蓄电站“抽水蓄能、调峰填谷”的核心业务特性与客户实际运维需求，制定业务层面的定制化解决方案，确保方案匹配电站安全运行、效率提升的核心目标。 任职资格 1. 学历与专业：水利水电工程、能源工程、信息技术等相关专业统招本科及以上学历。 2. 行业经验：了解抽水蓄能电站业务管理（如机组运维、水库调度）与大型信息化项目运作流程，熟悉抽蓄电站信息化建设（如SCADA系统、数字孪生电站）的趋势与特点，有抽蓄电站信息化项目完整参与经验者优先。 3. 专业能力：熟练运用咨询方法论及工具，具备较强的文字/口头表达能力；能独立完成抽蓄电站业务需求分析报告、技术方案文档的撰写，以及方案的客户讲解与答疑；具备优秀的业务归纳、抽象能力。 4. 学习与分析能力：持续关注抽蓄电站行业及信息化技术发展趋势，分析同行业厂商的抽蓄信息化产品/方案优缺点，能将新技术（如AI运维、物联网监测）、新理念融入抽蓄电站解决方案。 工作地点 北京昌平区中海·瓦尔登湖 以担保或任何理由索要财物，扣押证照，均涉嫌违法。一经发现， 立即举报,"信息化,抽蓄电站",http://www.zhaopin.com/jobdetail/CC120813340J40824153613.htm?refcode=4019&srccode=401901&preactionid=cb6dd2f3-e79a-4cac-a4af-7b633d73fdc8
技术工程师/Java/五险一金/双休/十三薪,空间无限人力资源管理顾问有限公司,6000-9000元,哈尔滨·道里·斯大林,广州,本科,1-3年,7月8日,zhilian,岗位职责： 1.完成设备/系统安装、调试，提交调试报告、安装图纸、数据库； 2.处理售后服务请求，并提交售后服务记录； 3.完成项目实施过程中问题处理、分析与上报； 4.协助项目经理完成项目物资、资料与用户的交接，取得并提交设备签收单； 5.协助项目经理完成项目的交验，取得并提交竣工/完工报告； 6.协助项目经理对用户的培训，并提交培训记录； 7.协助项目经理编写、修改、整理项目文档资料； 8.负责根据产品需求和概要设计，完成模块的详细设计、实现、单元测试及相关手册编写工作； 9.完成部门交办的其他工作。 任职资格： 1. 2.学历要求：本科（电气工程、自动化控制、计算机/软件工程、机电一体化、网络通讯专业）。 3.工业自动化领域3年以上的系统开发/调试/售后经验。 4.熟悉牵引供电/电力行业、对工业级组态软件/PLC/RTU有一定了解；对视频监控行业有了解。 5.在国产操作系统、国产数据库、网络方面有一定基础。 6..熟悉监测系统相关硬件设施（如通信模块、控制单元、摄像单元）的安装调试及故障诊断。 7.熟悉基本电气知识，看懂图纸，具备对运行的软件实现参数配置、数据备份、日志分析等能力。 8.掌握Java基础知识，精通多线程、集合的使用。 9.掌握Spring、SpringBoot、SpringCloud、MyBatis、Redis、RabbitMQ的使用。 工作地点 哈尔滨道里区中央大街 以担保或任何理由索要财物，扣押证照，均涉嫌违法。一经发现， 立即举报 客户,JAVA开发,http://www.zhaopin.com/jobdetail/CC562251280J40858413811.htm?refcode=4019&srccode=401901&preactionid=cb6dd2f3-e79a-4cac-a4af-7b633d73fdc8
售前工程师（数字/智能矿山方向）,煤炭科学技术研究院有限公司北京分公司,1-1.8万,北京·朝阳·和平街,广州,本科,经验不限,5月9日,zhilian,岗位职责： 1. 配合销售团队完成数字/智能矿山项目的前期调研、需求分析与技术交流； 2. 负责非煤部门资料的规划建立，和产品报价体系的建立； 3、负责项目售前技术方案、可行性报告、投标书等文档的编制与汇报； 4. 运用专业软件及AI工具完成项目技术支撑、数据处理与方案迭代； 5. 跟踪行业技术动态，更新数字矿山、智能矿山相关技术方案库。 任职要求： 1. 专业要求：地质工程、采矿工程等相关专业，研究生学历优先，优秀本科毕业生可适当放宽，在设计院熟悉工艺流程和非煤专业公司有经验的优先； 2. 工作态度：具备良好的沟通表达能力、方案撰写能力，责任心强，能适应矿山行业项目售前支持工作节奏。 3. 行业认知：对智能矿山建设体系、技术架构、行业应用有清晰了解，熟悉矿山数字化、智能化转型相关业务场景； 4. 软件操作：熟练掌握DIMINE或3DMine矿业软件基础操作，能完成矿山建模、数据处理、图纸绘制等基础工作； 5. 办公能力：精通Office全系列软件（Word/Excel/PPT），可独立完成售前方案撰写、技术汇报PPT制作、数据整理分析等工作； 6. 工具应用：具备豆包、DeepSeek等AI大模型工具的实际使用经验，能借助AI工具辅助方案优化、资料整理、需求梳理等售前工作。 工作地点 北京朝阳区中国煤炭科工集团煤炭科学研究总院-4号楼 以担保或任何理由索要财物，扣押证照，均涉嫌违法。一经发现， 立即举报,智能采矿装备、矿山物联网、大数据,http://www.zhaopin.com/jobdetail/CC681172720J41005487004.htm?refcode=4019&srccode=401901&preactionid=cb6dd2f3-e79a-4cac-a4af-7b633d73fdc8
售前顾问（财务数字化方向）,江苏金蝶软件有限公司,1.8-2.5万·16薪,南京·秦淮·瑞金路,广州,本科,5-10年,7月23日,zhilian,岗位职责： 1.主动识别并深入剖析客户在财务数字化转型过程中的业务痛点与管理瓶颈，重点覆盖财务核算、合并报表、全面预算、成本管控、资金管理、税务管理及财务共享等领域。 2.通过高层访谈、业务调研及现状诊断，系统挖掘客户在财务组织、业务流程、数据治理及信息系统层面的核心需求。结合客户所在行业特性与发展阶段，评估其财务数字化成熟度，并提出针对性的优化建议与转型路径。 3.全程参与售前阶段的调研诊断、产品演示、方案汇报、商务谈判及招投标支持工作，并支持市场活动及内外部赋能，精准传递财务解决方案业务价值，有效提升客户认可度与项目赢单率。 任职要求： 1.本科及以上学历，财务、会计、金融、信息管理、工商管理等相关专业优先。 2.具有5年以上企业财务数字化、ERP咨询、管理咨询或售前咨询相关工作经验，熟悉金蝶产品体系者优先。 3.至少主导过2个百万级及以上咨询项目的完整交付过程或售前项目打单全过程，具备从售前引导到项目交付的端到端经验者优先。 4.熟悉企业数字化转型趋势，对财务、供应链、生产制造等领域有较全面理解，能够将财务数字化方案与企业整体运营深度融合。 工作地点 秦淮区南京市中山东路532-2号金蝶科技园A2栋4楼 以担保或任何理由索要财物，扣押证照，均涉嫌违法。一经发现， 立即举报,"软件产品,ERP系统,云服务产品",http://www.zhaopin.com/jobdetail/CC248415210J40954659215.htm?refcode=4019&srccode=401901&preactionid=cb6dd2f3-e79a-4cac-a4af-7b633d73fdc8
方案售前经理,永科视觉科技(深圳)有限公司,1.2-1.5万,深圳·南山·粤海,广州,本科,5-10年,4月12日,zhilian,职位描述 GIS地理信息 XR虚拟现实 数字孪生 人工智能 方案售前经理（XR、GIS、数字孪生） 工作内容： 负责公司产品应用的需求沟通、方案售前、产品技术等销售支持工作，包括但不限于辅助支持销售和客户沟通需求、编制产品应用方案、产品应用技术支持、投标资料支持、方案实施监督协调等。 工作职责: 1、负责公司XR、GIS、数字孪生、虚拟仿真、3D全息可视化系统产品的售前需求沟通、并编写提供应用方案，制作预算和系统配置报价，包括但不限于教育数智化实训、军事虚拟仿真演训、智慧城市数字孪生可视化、应急指挥仿真演练、工业仿真数字孪生可视化等行业领域（至少熟悉以上2类系统产品和1个行业领域）； 2、负责公司以上系统产品的应用技术支持，辅助销售进行产品系统演示、方案答疑讲解，投标资料提供支持、完成部分项目投标书制作、应标投标等工作，产品方案实施过程中的管控监督和产品交付协调等工作； 3、通过分析客户需求和客户建议，协调相关人员做产品方案优化，做好资料整理、产品文档制作等工作，参与产品技术，解决方案的优化调研工作，参与公司技术知识库积累。 任职资格: 1、计算机、软件工程、电子信息、地理信息、测绘等相关专业，大学本科毕业，熟悉人工智能、XR、虚拟仿真、GIS，数字孪生，3D全息（至少熟悉2类产品系统）。 2、五年以上教育数智化实训、军事虚拟仿真演训、智慧城市数字孪生可视化、应急指挥仿真演练、工业仿真数字孪生可视化等行业领域产品方案售前工作经验（至少1个行业领域工作经验）。 3、具备对客户宣讲培训和售前支持能力，能进行应用方案交流、答疑、澄清等工作，具有独立思考能力，良好沟通能力、方案设计与文档编写能力等方案售前经理所要求的综合能力。有较强抗压能力，工作条理性强，具有很强责任心和团队合作精神，强烈求知欲和主动学习能力。 工作地点 深圳南山区澳特科兴科学园D栋902 以担保或任何理由索要财物，扣押证照，均涉嫌违法。一经发现， 立即举报,"GIS地理信息,XR虚拟现实,数字孪生",http://www.zhaopin.com/jobdetail/CCL1473055890J40920517815.htm?refcode=4019&srccode=401901&preactionid=cb6dd2f3-e79a-4cac-a4af-7b633d73fdc8
工程技术中心副主任,智沪铁路设备有限公司,2.5-3万,上海·嘉定·南翔,广州,硕士,3-5年,7月7日,zhilian,岗位职责 1. 信息化软件运维与开发：负责公司信息化系统（MES、WMS、ERP等）的功能迭代与二次开发与运维管理，以及新产品项目软件平台建设，包括AI眼镜平台、无人机平台、机器狗平台、企业数仓平台、OCR系统等研发项目配套平台，确保架构合理、系统稳定，提升信息化对生产管理、研发项目的软件支撑能力。 2. 小型智能装备研发推进：主导小型智能装备的软硬件系统研发工作，推动3D测量、无线测量等小型装备开发与系统集成，OCR图像识别、机器狗、无人机等项目中软件的研发进度，加快智能装备在巡检、仓储、工业现场等业务场景中的创新应用，助力公司智能化装备的自主可控与迭代升级。 3. 网络运维与 IT 管理：负责公司网络基础设施（局域网、数据中心、云平台）的规划、建设与运维管理，制定并执行 IT 安全策略，保障网络稳定与数据安全，提升公司整体信息化基础设施水平。 4. 软件产品研发管理：负责从需求分析、技术选型、架构设计到开发交付的全生命周期管理。统筹研发项目的产品孵化、落地及成果转化，支撑公司竞争中的技术壁垒建设。 5. 技术团队管理与协作：管理信息化与智能化研发团队，组织技术交流与培训，提升团队在软件工程、智能算法、工业物联网等领域的技术能力。协调跨部门合作，推动技术研发与业务需求深度融合。 6. 前沿技术追踪与战略建议：密切关注人工智能、机器学习、工业物联网、数字孪生等领域的前沿动态，结合公司业务场景，为管理层提供前瞻性的技术选型与战略建议，助力公司保持数字化竞争优势。 任职要求 1. 专业知识：拥有计算机科学、软件工程、自动化、电子信息等相关专业硕士及以上学历。熟悉信息化软件项目的开发流程以及软件开发原理，了解智能算法与工业物联网技术应用。 2. 工作经验：具备 5 年及以上信息化系统建设、小型智能装备研发工作经验，3年以上技术团队管理经验，主导过企业信息化系统或者小型智能装备从规划到落地的完整项目，自主研发成果获得外部市场认可或科技成果转化的优先。 3. 技能要求：熟练掌握至少一种主流编程语言（如 Python、C++、Java、Go 等）及对应的开发框架；熟悉数据库设计与开发（关系型与非关系型）；了解网络协议与信息安全基础。具备良好的软件工程实践能力(版本控制、代码评审、敏捷开发等)。关注AI技术发展动态，具备AI工具实践经验。 4. 能力素质：具备出色的技术判断力、团队领导力与跨部门沟通协调能力，能够有效推动技术项目落地。拥有敏锐的技术洞察力与创新思维，具备主动学习、快速掌握新技术的能力，善于将前沿技术转化为业务应用与实际价值。具备良好的系统思维，能够应对复杂的技术架构与多项目并行推进的挑战。 工作地点 上海嘉定区智沪铁路设备有限公司4号 以担保或任何理由索要财物，扣押证照，均涉嫌违法。一经发现， 立即举报 公司信息 智沪铁路设备有限公司 未融资 · 100-299人 · 电气机械/电力设备、电气机械/电力设备 已审核 12 个在招职位 公司介绍 智沪铁路设备有限公司成立于2019年1月，由智奇铁路设备有限公司与中国铁路上海局集团有限公司共同出资，注册资本1.5亿元，从事动车组、机车、客车、货车及城市轨道车辆轮对及附属装置的检修服务，是铁路行业内，由铁路局与路外公司成立的首家专业化检修合资公司。智沪公司位于上海嘉定区，生产及办公占地面积约1.9万平方米，公司使用设备价值约1个亿，员工近140人。公司秉承“精益创新，诚信共赢”的核心价值观、以“一流团队，敏捷生产，高精品质，卓越服务”为目标，积极打造智能维修的专业化平台，努力成为铁路轮轴领域的标杆企业。智沪公司建立了高标准的质量管理体系，先后通过了IRIS国际铁路行业标准认证、ISO 9001质量管理体系认证，动车组轮对分解检修资质认证等，确保产品安全稳定。智沪公司为有志青年提供相互信任、鼓励创新的良好文化氛围，目标导向的管理体系，相互协作的团队文化。智沪的员工将在公司获得良好的事业发展机会，迅速成长的平台。加入智沪，您将拥有：舒适的办公环境；友善、积极的工作氛围；更加宽广的个人发展空间；富有竞争力的薪资；依法缴纳五险一金，午餐补贴、交通补贴等福利。不定期团队活动；带薪年假及国家规定的相关假期。公司地址：上海市嘉定区老翔黄公路600号联系电话：021-51232497交通路线：嘉定121路、嘉定104路、826路 工商信息 企业名称 智沪铁路设备有限公司 企业类型 有限责任公司（外商投资企业与内资合资） 法人代表 葛召华 经营状态 存续 成立时间 2019-01-08 注册资本 1.5亿元 查看全部信息 认证资质 营业执照信息,"人工智能,工业自动化/机器人",http://www.zhaopin.com/jobdetail/CC846206940J40855361614.htm?refcode=4019&srccode=401901&preactionid=cb6dd2f3-e79a-4cac-a4af-7b633d73fdc8
IT工程师,深圳市佳锐普科技有限公司,1-1.5万,深圳·宝安·石岩,广州,大专,3-5年,7月3日,zhilian,岗位职责： 一、用友 U9 ERP 系统管理： 1. 负责用友 U9 ERP 系统在制造业场景下的全流程运维，重点保障生产制造、物料需求计划（MRP）、车间管理、成本核算等核心模块稳定运行，解决生产订单执行、物料齐套性检查、工时统计等业务场景中的系统问题，确保生产环节高效衔接。 2. 根据业务需求，对用友 U9 ERP 系统进行功能优化与配置调整，如供应链管理、财务管理、生产管理等模块的参数设置与流程优化，提升系统使用效率。 3. 制定用友 U9 ERP 系统的操作规范与培训计划，为业务部门提供系统操作培训与技术支持，提升用户对系统的使用能力。 二、PLM 系统建设与管理： 1. 负责公司 PLM 系统的规划与落地，重点覆盖产品设计图纸管理、BOM 协同、工艺文件编制、变更管理等核心场景，实现从研发立项到生产的全流程数据管控。 2. 主导 PLM 系统的需求分析、方案设计、系统开发、测试上线等全流程工作，解决项目实施过程中的技术难题与业务痛点，确保系统满足产品研发管理需求。 3. 负责 PLM 系统与用友 U9 ERP 系统等其他业务系统的集成方案设计与实施，实现数据在各系统间的顺畅流转，打破信息孤岛，提升企业整体信息化水平。 4. 制定 PLM 系统的运维管理制度与安全策略，定期进行系统巡检与数据备份，保障系统数据安全与稳定运行，同时根据业务发展需求，持续优化系统功能。 三、跨部门协作与沟通 1. 与研发、生产、采购、财务等各业务部门保持密切沟通，深入了解业务流程与需求，为业务部门提供信息化解决方案支持，推动信息化与业务深度融合。 2. 协调外部供应商（如用友、PLM 系统厂商等）资源，开展系统合作项目，监督供应商服务质量与项目进度，确保项目按时按质完成。 3. 参与,"ERP,需求分析,需求调研,PLM,U9",http://www.zhaopin.com/jobdetail/CC420760330J40892353008.htm?refcode=4019&srccode=401901&preactionid=cb6dd2f3-e79a-4cac-a4af-7b633d73fdc8
产品售前经理,重庆盛海科技发展有限公司,6000-8000元·13薪,重庆·南岸·长生桥,广州,本科,1-3年,7月24日,zhilian,岗位职责： 1. 客户需求调研 面向政府、高校、医疗、水利、园区、国有企业及大型企事业单位客户，参与客户拜访、现场调研和需求沟通，准确识别客户痛点、业务流程、建设目标、项目边界及预算方向。 2. 解决方案设计 根据客户需求，结合公司产品和技术能力，完成项目总体架构、业务架构、数据架构、技术架构、功能模块、建设内容及实施路径设计。 3. 产品及方案材料编制 独立完成或组织完成： · 行业解决方案； · 产品介绍方案； · 客户汇报PPT； · 项目建议书； · 可行性研究材料； · 技术交流材料； · 项目建设清单； · 产品功能清单； · 技术参数及相关售前材料。 4. 招投标支持 负责或参与项目招投标全过程的技术工作，包括： · 招标文件解读； · 技术需求分析； · 投标策略研究； · 技术标书编制； · 技术参数响应； · 偏离表编制； · 项目实施方案编写； · 售后服务方案编写； · 项目案例及资质材料整理； · 投标文件检查、排版和封装； · 述标、答辩及技术澄清。 5. 客户汇报与产品演示 能够独立面向客户领导、业务部门和技术人员开展产品讲解、方案汇报、系统演示和技术答疑，能够将复杂技术转化为客户容易理解的业务价值。 6. 产品规划与需求管理 将客户的零散需求转化为清晰、完整、可执行的产品需求，协同研发、设计和实施团队完成需求评审、原型设计、版本规划和产品迭代。 7. 销售及项目支持 配合销售人员完成商机分析、客户拜访、项目策划、竞争分析、商务交流、招投标支持和项目成交推进。 8. 行业研究与方案沉淀 持续研究人工智能、数据要素、物联网、数字孪生及行业数字化发展趋势，形成标准化产品方案、行业解决方案、标书模板和可复制的售前工具。 专业知识要求： 应具备以下领域的基础知识和综合理解能力，并能够将技术与实际业务场景结合。 1. 人工智能 不要求必须具备算法开发能力，但需要能够理解技术逻辑，并向客户清楚说明AI能解决什么问题、如何落地以及能够产生什么价值。 2. 数据及数据治理 能够围绕客户业务梳理数据来源、数据流向、数据关系和数据应用场景。 3. 物联网与感知技术 能够根据不同场景判断“用什么设备感知、采集什么数据、通过什么网络传输、如何接入平台”。 4. 数字孪生 能够清楚区分数字孪生、三维可视化和普通数据大屏，避免将数字孪生简单理解为“做一个三维模型”。 任职要求： 1. 本科及以上学历，计算机、软件工程、电子信息、自动化、通信工程、物联网、信息管理等相关专业优先。 2. 具有3年以上产品经理、售前经理、解决方案经理、技术支持或数字化咨询相关工作经验。 3. 具备较强的客户需求分析能力，能够从客户的零散描述中提炼核心问题，形成系统化、结构化的解决方案。 4. 具备较强的文字表达能力，能够独立编写产品方案、技术方案、项目建议书及投标文件。 5. 具有实际标书编写经验，熟悉政府、学校、国企或大型项目的招投标流程，能够独立完成技术标书编制。 6. 具备优秀的PPT策划、内容组织和现场汇报能力，能够独立完成客户汇报、产品演示和技术答疑。 7. 熟悉软件平台类产品的基本架构和项目建设逻辑，能够与研发、设计、实施及销售团队高效沟通。 8. 对人工智能、数据治理、物联网、感知技术和数字孪生具备较系统的知识储备。 9. 具备较强的学习能力，能够快速进入智慧教育、智慧水利、智慧园区、医疗、城市治理、公共安全等行业场景。 10. 具备良好的项目推进能力、组织协调能力和团队协作意识。 11. 能够适应较高频率的客户拜访及国内短期出差。 12. 工作责任心强，执行力强，能够服从公司项目安排、客户安排和工作调度。 13. 能够适应项目阶段性的紧急任务和时间节点要求，按时、保质完成方案、标书及汇报材料。 具备以下一项或多项经验者优先： · 具有智慧校园、智慧水利、智慧园区、智慧医疗、低空经济、公共安全或城市治理项目经验； · 具有政府、高校、大型国企或行业客户服务经验； · 参与过大型信息化、智能化或人工智能项目； · 参与过千万级项目方案设计、招投标或项目建设； · 具有独立编写大型技术标书的经验； · 具有述标、竞标答辩或专家评审汇报经验； · 熟悉Axure、Visio、Figma、MindManager、XMind等工具； · 能够熟练使用AI工具辅助完成需求分析、方案设计、原型制作、标书编写和材料优化； · 具备一定的项目成本意识、商务意识和成交意识； · 既具备产品思维，又具备客户思维和销售意识。 工作地点 重庆南岸区长生桥镇玉马路8号科技创业中心E栋物联地带渝园区二楼 以担保或任何理由索要财物，扣押证照，均涉嫌违法。一经发现， 立即举报,软件产品,http://www.zhaopin.com/jobdetail/CC520145520J40864513901.htm?refcode=4019&srccode=401901&preactionid=cb6dd2f3-e79a-4cac-a4af-7b633d73fdc8
售前工程师（数字蓝军/反无作战/防空反导）,北京方州科技有限公司,2-4万·13薪,北京·石景山·古城,广州,本科,5-10年,6月8日,zhilian,岗位职责： 1.负责应用系统整体解决方案的全过程参加与支持； 2.负责完成项目需求分析、建设规划、技术方案以及招投标等工作； 3.负责结合公司现有产品、典型案例配合项目经理形成典型的解决方案； 4.项目交付完成后，了解系统使用情况，即时反馈系统更新意见和建议。 岗位要求： 1.本科及以上学历，计算机相关专业；雷达、火控、电子对抗、飞行力学等与装备原理、设计与应用直接相关的专业优先，硕士优先； 2.具备5年以上仿真项目售前经验，包括：售前技术咨询、招投标及标书编制相关经验，能够独立完成解决方案编写； 3.熟悉仿真方向基本的系统架构，了解仿真方向的国内外研究现状； 4.具有良好的沟通表达能力、文档编写能力，有一定的需求分析和报告撰写能力； 5.能迅速适应工作环境，为人诚恳、责任心强，具有较好的团队合作精神。 工作地点 北京石景山区六工汇C4号楼5-6层 以担保或任何理由索要财物，扣押证照，均涉嫌违法。一经发现， 立即举报,"软件产品,数字蓝军,反无作战,防空反导",http://www.zhaopin.com/jobdetail/CC392204280J40910981412.htm?refcode=4019&srccode=401901&preactionid=cb6dd2f3-e79a-4cac-a4af-7b633d73fdc8
数字能源解决方案销售代表,华为技术有限公司,面议,广州·白云·松洲,广州,本科,1-3年,7月2日,zhilian,职位描述 数据中心产品 1、在指导下，负责支撑数据中心产品的解决方案拓展和引导、需求分析及设计配置、产品测试演示、支撑解决方案在伙伴侧上市和赋能、营销活动组织与支撑等相对确定的工作。 2、负责建设区域内整体解决方案生态，包括区域合作伙伴的集成验证、联合创新、培训赋能等。 3、协助开展区域市场洞察、解决方案策略制定与落地。 4、支撑整体各场景解决方案的项目拓展。 经验要求： 1、本科及以上学历，至少一年工作经验； 2、有ICT行业从业经验，具备数据中心相关产品售前、售后或研发的经验； 3、了解产业发展趋势和友商产品方案、市场动态；熟悉行业生态、产业格局、友商动态；熟悉产业先进的发展方向。 工作地点 广州市-白云区-松南路60号 以担保或任何理由索要财物，扣押证照，均涉嫌违法。一经发现， 立即举报,数据中心产品,http://www.zhaopin.com/jobdetail/CC000542940J40873025714.htm?refcode=4019&srccode=401901&preactionid=cb6dd2f3-e79a-4cac-a4af-7b633d73fdc8
技术支持岗(J10007),中国人民健康保险股份有限公司深圳分公司,1.5-2万,深圳·罗湖·笋岗,广州,硕士,5-10年,1月13日,zhilian,岗位职责: 1.负责对业务需求进行技术评估，输出技术实现方案，对接总公司业务部门及科技人员推动需求技术实现 2.响应并协调各方处理业务反馈的系统问题，协调开发团队对问题进行分析、定位和修复。 3.协助业务用户对新研发功能/模块/系统进行验收测试。 4.协助开发团队进行系统的日常维护和升级工作，确保系统的稳定性和安全性。 5.关注行业动态和技术发展趋势，探索新技术在公司产品中的应用场景，提出改进建议。 6.参与公司技术支持项目，如产品上线、版本升级、客户迁移等，确保项目顺利进行。 7.负责领导交办的其他工作。 任职要求: 1.学历要求：硕士研究生学历及以上，具备硕士学位。 2.经验要求：5年以上相关工作经历，拥有大型银行和大型互联网相关工作经验优先考虑。 3.技术要求：精通GPU集群调优技术；精通Python系列数据处理和AI 研发技术；熟悉Dify智能体开发及Dify平台二次开发；熟悉RAG知识库技术及优化；熟悉容器化工程架构（如Docker）；精通Python Web 工程构建\开发\维护。 福利待遇： 1.试用期：试用期3-6个月，入司即购买五险一金+转正后商业补充保险； 2.薪酬结构：月度固定薪酬+月度绩效薪酬+月度福利补贴+年终绩效奖金； 3.培育发展：享有各种工作技能技巧提升、管理知识讲座等衔接培训。 上班时间：9:00-18:00，周末双休，国家法定节假日正常休息。 【该岗位是劳务外包用工编制，与深圳市鹏劳人力资源管理有限公司签订劳动合同，派驻到人保健康深圳分公司工作。】 工作地点 深圳市-罗湖区-红岭北路2088号(红岭北地铁站G口) 以担保或任何理由索要财物，扣押证照，均涉嫌违法。一经发现， 立即举报,技术支持,http://www.zhaopin.com/jobdetail/CC135329670J40820391601.htm?refcode=4019&srccode=401901&preactionid=36083dba-f6d8-4260-8924-93bbb65921e2
技术应用工程师,北京朗夫赛弗技术有限公司,1-1.2万,北京·海淀,广州,本科,3-5年,7月4日,zhilian,职位描述 ISO 18436-2振动分析师 AutoCAD 西门子、罗克韦尔、台达PLC MODBUS TCP/RTU OPC UA、MQTT 智能运维、大机组保护 电气机械/电力设备 仪器仪表 工业自动化/机器人 职位名称：技术应用工程师（工业智能监测方向） 工作地点：全国（需随时出差） 一、岗位定位 本岗位是连接产品、客户与解决方案的关键技术桥梁，聚焦于旋转/往复/特种机械设备状态监测、故障诊断、大机组保护、智能运维系统的现场交付与技术赋能。候选人需兼具扎实的工业自动化背景、仪器仪表实操能力及面向客户的技术表达力，是公司技术服务体系中“懂原理、会操作、能讲解、善协同”的复合型骨干力量。 二、核心职责 2.1 现场实施与交付 独立完成振动监测仪、在线状态监测系统、大机组保护系统的选型、现场安装、接线、组态、调试与验收； 承担设备数据采集、信号质量评估、异常数据初判及典型故障（如不平衡、不对中、轴承损伤、松动等）的简易识别与报告支撑； 编写符合工程规范的《系统实施方案》《安装调试报告》《接口配置说明》等技术文档，并输出标准化CAD图纸（含测点布置图、系统拓扑图、端子接线图等）。 2.2 客户赋能与技术支持 面向终端客户及渠道合作伙伴，开展产品功能演示、应用场景讲解、售前技术交流及定制化方案推介； 主导/协助组织技术培训（如保护表、自动化常识、振动基础、在线监测实施案例分享等），独立承担学习班模块化授课任务； 支持诊断专家完成检测数据分析与技术报告编制，提供在线一线数据支撑与现场验证反馈。 2.3 跨职能协同 深度配合销售团队，参与项目投标中技术应答、客户答疑及方案落地； 协同研发与产品部门，反馈现场问题。 三、任职要求 3.1 教育背景 本科及以上学历，机械工程、机电一体化、自动化、测控技术与仪器、过程装备与控制工程等相关专业。 3.2 经验与技能硬性要求 3年以上工业现场技术服务经验，熟悉石化、电力、冶金、制造、水泥、造纸等流程行业典型设备运行工况； 熟练掌握西门子、罗克韦尔、台达PLC等通信配置与上位机（WinCC、FactoryTalk、iFIX、组态王等）联调； 具备振动检测仪表（如加速度传感器、电涡流传感器、便携式分析仪）选型、安装、校准及配套保护系统（TSI/ETS）集成与配置经验； 熟悉AutoCAD制图，能独立完成技术图纸绘制；熟练使用Office（尤其PPT技术方案制作、Word报告撰写、Excel数据分析）； 适应随时、一定周期全国范围出差，具备独立驻场与闭环问题处理能力。 3.3 能力与素质软性要求 逻辑严谨、目标导向，善于结构化表达——能将复杂技术问题转化为客户听得懂、信得过的语言； 具备一定的文案能力，可独立编写技术方案、培训课件、FAQ文档及客户汇报材料； 具有高度责任心与服务意识，抗压能力强，能在多任务并行中保持高效与细致； 普通话标准流利，沟通亲和力强，情绪稳定，具备跨部门协作意识与团队奉献精神； 持续学习意愿强烈，对工业互联网、预测性维护、数字孪生等新技术方向保持敏感度。 3.4 优先考虑（加分项） 具备ISO 18436-2振动分析师（Cat I/II）或CMRP认证； 有设备在线监测与故障诊断系统项目实施经验； 熟悉Modbus TCP/RTU、OPC UA、MQTT等工业通信协议及数据库（SQL Server/MySQL）基础应用； 具备小型系统集成项目管理经验，能主导从需求对接到交付闭环的全过程。 工作地点 北京海淀区专家国际公馆 以担保或任何理由索要财物，扣押证照，均涉嫌违法。一经发现， 立即举报,"ISO 18436-2振动分析师,AutoCAD,西门子、罗克韦尔、台达PLC,MODBUS TCP/RTU,OPC UA、MQTT",http://www.zhaopin.com/jobdetail/CC381104810J40823321216.htm?refcode=4019&srccode=401901&preactionid=36083dba-f6d8-4260-8924-93bbb65921e2
技术支持工程师(海外),深圳市智绘科技有限公司,1.2-1.5万,深圳·南山·西丽,广州,本科,1-3年,7月17日,zhilian,职位描述 智能产品 硬件产品 工业自动化/机器人 人工智能 岗位指责： 1.负责为客户提供及时、专业的技术支持服务，包含售前技术咨询、设备演示、复杂售后故障排查和问题解决等； 2.负责商用清洁机器人的客户、代理商的技术培训工作，帮助客户更好的了解和使用产品； 3.参与编写与维护公司的技术支持文档库，完善技术文档，包括故障手册、常见问题解答等； 4.参与收集并分析客户反馈，定期整理汇总产品问题与需求，为产品改进和服务升级提供数据支持； 6.领导安排的其他事项。 任职要求： 1.本科及以上学历，机械、自动化、通讯等相关专业，熟悉商用设备、无人机、机器人行业者优先； 2.具备良好的英语书面表达能力，日常英文口语沟通顺畅，能够准确地传达产品信息； 3.性格开朗，有一定的交际能力，能较好的协调和组织内外部资源满足技术支持需求； 4.接受国外出差（主要为欧美国家），能接受跨时区的技术支持服务； 5.工作时间灵活，能满足支持客户的情况下可协商上下班时间。 工作地点 南山区深圳国际创新谷6栋30层 以担保或任何理由索要财物，扣押证照，均涉嫌违法。一经发现， 立即举报,"智能产品,硬件产品",http://www.zhaopin.com/jobdetail/CC315865530J40874979209.htm?refcode=4019&srccode=401901&preactionid=36083dba-f6d8-4260-8924-93bbb65921e2
售前工程师（南宁）(A10549),北京麦麦趣耕科技有限公司,8000-14000元,南宁·良庆·良庆镇,广州,学历不限,3-5年,6月18日,zhilian,职位描述 智慧产品 智慧农业 人工智能 产业互联网平台 职位描述： 1.需求调研与分析： （1）深入了解客户（如农业企业、合作社、政府农业部门等）的业务场景、痛点及信息化需求，包括种植/养殖管理、物联网监测、数据分析、智能设备应用等。 （2）结合客户需求与行业趋势，挖掘潜在需求，为客户提供针对性的智慧农业解决方案思路。 2.方案设计与编写 （1）根据客户需求，设计定制化的智慧农业解决方案，涵盖硬件（传感器、无人机、智能灌溉设备等）、软件（管理平台、APP、数据分析系统等）等。 （2）编写方案文档、技术白皮书、建议书等材料，确保方案的可行性、专业性和说服力。 3.产品演示与技术交流 （1）负责智慧农业相关产品（如物联网平台、智能控制系统、大数据分析工具等）的现场或远程演示，向客户展示产品功能、优势及应用效果。 （2）与客户进行技术沟通，解答客户关于技术架构、功能实现、数据安全、集成能力等方面的疑问。 4.招投标支持：参与项目招投标工作，协助编写投标文件中的技术部分（如技术应答、实施方案、售后服务计划等）。 5.市场与行业研究：跟踪智慧农业行业政策、技术发展趋势（如 AI 种植模型、区块链溯源、数字孪生等）及竞争对手动态，为方案设计和公司战略提供参考。 职位要求： 1.学历与专业背景：本科及以上学历，农业工程、物联网工程、计算机科学、软件工程、自动化等相关专业优先。 2.具备智慧农业、精准农业、农业物联网等领域从业经验者优先。 3.了解农业生产流程（如种植、养殖、灌溉、施肥、病虫害防治等），能将技术方案与农业场景结合。 4.具备方案设计能力，能独立编写技术方案、演示文档等材料。 工作地点 南宁良庆区龙光国际广场-A座 以担保或任何理由索要财物，扣押证照，均涉嫌违法。一经发现， 立即举报,"智慧产品,智慧农业",http://www.zhaopin.com/jobdetail/CC881926390J40783192906.htm?refcode=4019&srccode=401901&preactionid=36083dba-f6d8-4260-8924-93bbb65921e2
售前工程师（数字化应用方向）,广州西麦科技股份有限公司,1-1.5万,广州·黄埔·联和,广州,本科,3-5年,7月24日,zhilian,岗位职责 1、负责发电、输电、配电、计量及算电协同等领域的信息化项目策划，主导解决方案规划、咨询设计及可行性研究报告编写。 2、承担售前技术支撑全流程工作，包括技术方案宣讲、客户需求分析、定制化解决方案撰写及招投标支持。 3、协同销售团队开展重点客户的需求引导与导入，沉淀行业案例与知识库，助力业务持续优化。 任职资格 1、本科及以上学历，电气工程、能源与动力工程、自动化、控制理论与控制工程、电力系统及其自动化等相关专业。 2、3年以上电力或能源行业（电网、发电、综合能源、能源数字化）工作经验，熟悉华南地区电力产业格局（如南方电网、广东能源集团等）者优先。 3、熟悉AI、大数据、物联网、云计算等关键技术架构，并有将其应用于电力企业数智化转型的实践经验。 4、对新型电力系统建设、电力数字化转型、综合能源服务等趋势有一定的理解，能独立与客户进行深度业务对话。 5、具备出色的沟通表达、方案撰写及逻辑分析能力，能快速理解客户痛点，形成有说服力的解决方案。 工作地点 黄埔区广州西麦科技股份有限公司 以担保或任何理由索要财物，扣押证照，均涉嫌违法。一经发现， 立即举报,电力/水利/热力/燃气,http://www.zhaopin.com/jobdetail/CC199540820J41023827104.htm?refcode=4019&srccode=401901&preactionid=36083dba-f6d8-4260-8924-93bbb65921e2
工程师,成都钥燊电子科技有限公司,4000-7000元,成都·郫都·合作街道,广州,大专,1-3年,5月14日,zhilian,职位描述 柔性显示配件安装 半导体/芯片 1、负责甲方及甲方指定第三方（下称“甲方及客户”）备件的上/下机PM，在甲方及客户要求时间内实现机台正常运行； 2、屏幕显示 AOI安装及调试； 3、执行PM规范及安全条例流程制作以及更新； 4、掌握对应备件的性能及结构； 5、深入施工现场，遵照有关施工规范，负责工程技术管理及工程质量，工程进度和安全的监督； 6、遵守甲方及客户现场的安全条例，操作手册等其他培训内容和要求； 7、及时对应异常情况； 8、按照甲方及客户需求提供劳务服务及完成工作内容。 9、优先考虑有天车证人员 工作地点 郫都区成都京东方光电科技有限公司 以担保或任何理由索要财物，扣押证照，均涉嫌违法。一经发现， 立即举报,"柔性显示配件安装,半导体/芯片",http://www.zhaopin.com/jobdetail/CC878945820J40568140601.htm?refcode=4019&srccode=401901&preactionid=36083dba-f6d8-4260-8924-93bbb65921e2
招聘技术型解决方案经理,中电信数智科技有限公司新疆分公司,8000-16000元,乌鲁木齐·新市区·二工街道,广州,本科,3-5年,7月21日,zhilian,职位描述 TOGAF PMP 物联网 人工智能 薪资面议 工作职责 1、独立承担项目前期的技术调研与可行性评估，包括客户现有系统分析、技术环境摸底、集成方案可行性研判——能够自主输出技术结论，减少对后端研发资源的依赖 2、基于调研结果编写技术解决方案，包括系统架构设计、技术选型建议、接口对接方案等 3、面向客户进行技术层面的方案汇报与答疑，能够回答客户的技术疑问，建立技术信任 4、将方案平稳移交给后端研发团队，提供清晰的技术输入文档，减少研发在方案理解上的返工 5、跟踪行业技术动态，参与解决方案的标准化沉淀 任职要求： 必备条件： 1、本科及以上学历，计算机、软件工程等相关专业 2、3年以上开发或技术实施经验，具备扎实的技术功底，能够独立判断技术方案的可行性与风险点 3、2年以上解决方案或售前经验，独立负责过完整的技术方案编写与客户汇报 4、具备良好的客户沟通能力，能把技术语言翻译成客户听得懂的业务语言 5、具备信创改造项目经验，了解国产化替代（CPU、操作系统、数据库、中间件等）的技术方案与适配要点 加分项： 1、有电信运营商或政企行业背景 2、了解云原生、微服务、API 网关等主流技术架构 3、有无人机、视联网、物联网等领域经验优先 4、有 PMP 或 TOGAF 等认证优先 5、了解 AI 相关技术，如大模型应用、计算机视觉、智能分析等，能够在方案中融入 AI 能力设计 此岗位与第三方签订劳动合同。 工作地点 乌鲁木齐新市区中国电信新疆公司第二枢纽 以担保或任何理由索要财物，扣押证照，均涉嫌违法。一经发现， 立即举报,"TOGAF,PMP",http://www.zhaopin.com/jobdetail/CC556860720J40915835312.htm?refcode=4019&srccode=401901&preactionid=36083dba-f6d8-4260-8924-93bbb65921e2
售前解决方案工程师（仿真）,北京东晨工元科技发展有限公司,1.5-2.5万,北京·朝阳·八里庄,广州,本科,5-10年,5月19日,zhilian,岗位职责】 1. 深度需求挖掘：与客户进行高效沟通，深入了解行业痛点与业务需求，结合公司技术优势，输出精准需求分析报告，为解决方案设计提供有力依据。 2. 创新方案设计：主导售前技术方案的规划与设计，融合前沿技术（如 AI、大数据、云 计算等），打造贴合客户业务场景的定制化解决方案，展现公司技术实力与行业前瞻性。 3. 价值传递展示：通过专业的方案讲解、产品演示、技术答疑等方式，在投标、产品推介会、客户技术交流等场景中，清晰传递方案价值，助力销售团队赢得客户信任，推动项目签约落地。 4. 行业洞察研究：持续关注行业动态与技术趋势，分析竞争对手产品及解决方案，为公司产品研发与市场策略提供有价值的建议，助力公司保持市场竞争力。 5. 跨部门协作推进：与研发、产品、售后等部门紧密协作，确保解决方案的可行性与落地性，参与项目全生命周期管理，为客户提供从售前到售后的一站式服务支持。 【任职资格】 1. 学历与专业：计算机科学与技术、软件工程、通信工程等相关专业本科及以上学历，具备扎实的专业理论基础。 2. 工作经验：5 年以上工业领域三维、仿真软件开发或售前技术支持经验，有成功主导过大型数字孪生及仿真软件项目售前解决方案设计与实施的案例者优先。 【核心能力】 1. 技术能力：熟悉UE三维开发引擎及主流软件开发技术、架构及相关行业解决方案，具备较强的技术理解与应用能力；能够快速学习并掌握新技术，适应不同客户的技术需求。 2. 沟通表达：出色的沟通表达与逻辑思维能力，能够用通俗易懂的语言向不同背景的客户讲解复杂技术方案；具备优秀的文档撰写能力，能独立完成高质量的需求分析报告、解决方案文档等【英语好，与外国客户沟通无障碍】。 3. 商务能力：具备一定的商务谈判技巧与市场敏感度，能够准确把握客户需求与商业诉求，协助销售团队制定合理的商务策略。 4. 团队协作：良好的团队协作精神与跨部门沟通能力，能够与不同部门成员高效配合，共同推进项目进展。 工作地点 北京朝阳区万科时代中心·十里堡 以担保或任何理由索要财物，扣押证照，均涉嫌违法。一经发现， 立即举报,"软件产品,仿真模型,仿真平台,ISAAC SIM,OPENUSD",http://www.zhaopin.com/jobdetail/CC200586880J40861427710.htm?refcode=4019&srccode=401901&preactionid=36083dba-f6d8-4260-8924-93bbb65921e2
售后技术支持,重庆大斗人力资源管理有限公司,8000-11000元,深圳·宝安·新安,广州,大专,1年以下,7月26日,zhilian,职位描述 电子产品 IT文档全生命周期管理 IT设备运维管理 数据质量监控 工作职责 1. 负责IT部门技术文档的全生命周期管理，包括整理、归档与动态更新，确保资料的完整性与可追溯性。 2. 协助完成系统数据的录入、交叉核对与日常维护，建立数据质量监控机制，保障核心数据的准确性与安全性。 3. 承担IT设备的日常管理工作，涵盖设备台账登记、耗材申领分发，以及电脑、打印机等常见设备的基础故障排查与预处理。 4. 配合技术培训与内部会议的组织工作，负责会议纪要的精准记录及培训材料的标准化准备。 任职要求 1. 大专及以上学历，计算机、信息管理或相关专业优先，具备IT领域基础认知。 2. 精通Office办公套件（Word/Excel/PPT），能独立完成复杂文档排版与多维度数据处理，熟练使用Excel函数进行数据统计分析。 3. 熟悉常见IT硬件设备的基础操作逻辑，能快速定位并解决打印机卡纸、系统驱动安装等基础问题，适应新工具的学习能力强。 4. 具备主动服务意识与高效沟通能力，工作细致严谨，有较强的责任心，能在多任务并行场景下保持高质量输出。 工作地点 深圳宝安区万达广场A馆-H座 以担保或任何理由索要财物，扣押证照，均涉嫌违法。一经发现， 立即举报 客户,"电子产品,IT文档全生命周期管理,IT设备运维管理,数据质量监控",http://www.zhaopin.com/jobdetail/CCL1526253760J40898262613.htm?refcode=4019&srccode=401901&preactionid=36083dba-f6d8-4260-8924-93bbb65921e2
售前技术支持/五险一金,众前行(重庆)人力资源有限公司,1.1-1.5万,北京·顺义·空港,广州,大专,1-3年,7月24日,zhilian,职位描述 云服务产品 HR SAAS产品 售前技术支持 人力资源数字化 工作职责 1. 对接客户需求，深入理解人力资源数字化场景下的业务痛点，提供针对性技术解决方案。 2. 负责产品演示、技术方案撰写与讲解，协助销售团队完成客户转化。 3. 参与客户需求调研与分析，输出需求文档并协同研发团队推进产品优化。 4. 解决客户在产品使用过程中的技术疑问，提供专业的技术支持与服务。 工作地点 北京顺义区国航总部大楼 以担保或任何理由索要财物，扣押证照，均涉嫌违法。一经发现， 立即举报 客户,"云服务产品,HR SAAS产品,售前技术支持,人力资源数字化",http://www.zhaopin.com/jobdetail/CCL1525399570J40866782307.htm?refcode=4019&srccode=401901&preactionid=36083dba-f6d8-4260-8924-93bbb65921e2
高级售前工程师,浙江英集动力科技有限公司,1.2-2万·14薪,西安·雁塔·电子城,广州,本科,5-10年,5月18日,zhilian,岗位职责： 1、与销售团队紧密配合，负责销售过程中技术部分的完整闭环，包括前期需求调研、技术方案编写、技术协议拟定、可行性分析等； 2、配合销售完成面向客户的产品演示和系统讲解，能清晰传达公司智慧供热平台、智慧能源综合管理平台及数字孪生产品的核心价值； 3、负责项目投标文件的全面撰写（含技术标、商务标），协助团队完成控标、现场述标及答疑等投标答辩工作； 4、必要时协调内部研发或工程团队至项目现场，进行现场勘察、数据对接及技术沟通； 5、收集并分析行业政策、市场发展动态及竞争对手产品技术路线，协同总部研发团队参与产品优化迭代； 6、协助销售团队及合作伙伴进行产品技术培训，提升团队整体面向市场的专业能力。 任职要求： 1、本科及以上学历，能源与动力工程、电气工程及其自动化、自动化、计算机科学与技术、暖通等相关专业，有硕士学历者优先考虑； 2、具备3年以上综合能源、智慧城市、系统集成或工业自动化/信息化类项目的售前、解决方案或技术支持相关经验，有供热/供冷、综合能源管控或政府类项目经验者优先； 3、扎实的技术文档及PPT撰写能力，能够独立产出高质量、适配客户的技术方案，具备不怯场的演示和演讲能力，可向客户或评审专家清晰阐述方案思路和系统优势； 4、具备优秀的沟通表达及逻辑思维能力，能够精准捕捉和分析客户痛点，目标意识强，有出色的客户服务意识，抗压性强，具备较好的团队协作精神； 5、对前沿技术（如数字孪生、工业互联网、人工智能大模型等）保持高度敏感和求知欲，能主动将新技术融入解决方案，提升方案竞争力； 6、能够接受一定频次的出差。 工作地点 西安雁塔区都市之门-A座-接送点1702 以担保或任何理由索要财物，扣押证照，均涉嫌违法。一经发现， 立即举报,智慧产品,http://www.zhaopin.com/jobdetail/CCL1431628800J40895161312.htm?refcode=4019&srccode=401901&preactionid=36083dba-f6d8-4260-8924-93bbb65921e2
售前工程师项目经理,北京电力自动化设备有限公司,9000-18000元,长沙·雨花·洞井,广州,大专,3-5年,7月25日,zhilian,岗位职责】 1. 深耕新能源、发电、智慧电厂、智慧能源运维领域，具备扎实的行业技术基础，可独立完成智慧电厂、新能源智慧运维集成项目的可行性研究报告、技术方案、实施方案编制与优化，确保方案的技术可行性、专业性及落地性。 2. 承担方案售前支撑工作，统筹项目全流程推进，负责项目现场实施相关事宜，协调各方资源，保障项目顺利落地。 3. 主导项目现场技术管理，负责智能化、弱电类设备安装调试全流程技术把控，可独立完成简单弱电图纸设计，配合完成项目阶段性评审、验收工作，规范整理全套项目技术归档文档，确保技术资料完整可追溯。 4. 跟进项目全生命周期，对接客户需求、反馈项目进展，维系良好合作关系，解决项目实施中的技术及协调问题。 【任职要求】 1. 大专及以上学历，电气、自动化、计算机、物联网等相关专业。 2. 核心技术能力（重点）：精通方案撰写流程，可独立完成项目可行性研究报告、技术方案、实施方案的编制与优化，确保方案贴合行业规范及项目实际需求；熟练掌握物联网采集及网络设备特性，精通ModBus、SCADA、串口、MQTT等主流物联网协议，具备扎实的协议对接、调试实操能力；熟悉Linux系统操作、网络架构及虚拟化技术，具备MES、DCS、PLC、SCADA系统对接实操经验；具备基础CAD弱电图纸设计与解读能力，能独立完成简单弱电图纸绘制；精通工程项目施工管控流程，可独立编制施工组织方案，能精准把控项目技术环节，提供现场技术指导，规范整理全套项目技术归档文档。 3. 具备极强的责任心、执行力和团队协作能力，逻辑清晰，沟通表达流畅，能高效对接内外部人员。 4. 接受长期出差及项目驻场工作安排，适应项目现场工作节奏。 5. 持有PMP、机电专业二建、注册安全工程师等证书者优先。 6. 持C2及以上驾照，具备熟练驾驶能力。 有3-5年及以上智慧电厂、智慧工业、智慧能源、综合能源相关行业项目实施及方案编制经验，具备物联网技术、解决方案编制、工程项目管理复合技术能力者优先。 工作地点 长沙雨花区汇财国际 以担保或任何理由索要财物，扣押证照，均涉嫌违法。一经发现， 立即举报,"售前工程师,智慧能源,智慧园区",http://www.zhaopin.com/jobdetail/CC285249580J40854029301.htm?refcode=4019&srccode=401901&preactionid=36083dba-f6d8-4260-8924-93bbb65921e2
矿山智能化项目售前工程师,陕西安储科技有限公司,7000-14000元,西安·莲湖·枣园,广州,大专,3-5年,6月1日,zhilian,岗位职责】 1.客户对接与需求挖掘 （1）深入各煤矿单位，与矿方技术负责人、生产调度、安全通风、机电等部门沟通，梳理智能化建设实际需求与痛点。 （2）针对矿方现有系统（如安全监控、通风、机电运输、综采工作面等）进行现场调研，形成需求分析报告。 2.解决方案设计与推广 （1）结合公司自研的矿山智能化产品（如智能通风、安全风险预警、机电设备在线监测、无人值守系统等），为客户提供定制化技术方案。 （2）完成方案演示、技术答疑、产品宣讲，突出方案在减人提效、安全合规、数据互联等方面的价值。 3.项目落地与推进 （1）负责从前期技术交流到合同签订前的全流程售前支持，包括技术投标文件、预算清单、技术规格书、POC验证等。 （2）协助销售团队进行商务谈判，规避技术风险，确保项目可落地、可交付。 （3）跟踪已落地项目的实施效果，收集矿方反馈，推动产品迭代。 4.市场开拓与生态合作 （1）配合区域销售开拓新煤矿客户，挖掘潜在智能化改造、新建矿井信息化项目机会。 （2）参与行业展会、技术论坛，提升公司在矿山智能化领域的品牌影响力。 （3）建立与设计院、集成商、监管部门的沟通渠道，促成生态合作。 【任职要求】 1.经验与项目背景 （1）必须拥有至少1个以上矿山智能化相关项目的完整售前或实施落地经验（需在简历中详细说明项目角色、技术方案、客户评价等）。 （2）熟悉煤矿井下环境及智能化系统部署的特殊要求（防爆、网络、供电、冗余等），具备解决现场实际问题的能力。 2.专业方向（满足其一优先） （1）安全方向：熟悉煤矿安全监控系统、瓦斯/粉尘/水文监测、应急避险、风险分级管控等。 （2）通风方向：了解矿井通风网络解算、智能局部通风、风门自动化、风量调节等。 （3)机电方向：熟悉提升机、皮带运输、排水、压风等机电设备的在线监测与故障诊断、自动化控制。 (4)采掘/信息化方向：了解综采自动化、掘进远程控制、UWB定位、工业环网、矿山数字孪生者也可考虑。 3.技能与素养 (1)能适应频繁下井调研及短期出差（目标客户集中在陕西等主要产煤区）。 (2)具备优秀的沟通能力和技术文档撰写能力（方案、PPT、招投标文件）。 (3)有煤矿设计院、煤科院、大型矿企生产技术科/机电科/通风科工作经历者优先。 (4)持有注册安全工程师、机电工程师、矿井通风工种证书者加分。 4.学历与年龄 (1)本科及以上学历，采矿工程、安全工程、机电一体化、自动化、计算机（矿山信息化方向）等相关专业。 (2)3年以上煤炭行业工作经验；特别优秀者可放宽至大专，但必须有突出的实战业绩。 工作地点 西安莲湖区云视界305 以担保或任何理由索要财物，扣押证照，均涉嫌违法。一经发现， 立即举报,"智慧产品,软件产品,机电设备,智慧煤矿,智慧公安,安防系统",http://www.zhaopin.com/jobdetail/CCL1501630500J40865850214.htm?refcode=4019&srccode=401901&preactionid=36083dba-f6d8-4260-8924-93bbb65921e2
GNSS技术工程师（变形监测方向）,中物九联(成都)科技有限责任公司,1.5-2.2万,成都·武侯·桂溪,广州,本科,5-10年,7月23日,zhilian,岗位职责： 1、全面负责公司GNSS 北斗高精度变形监测技术总体规划、技术体系搭建、标准规范制定，主导技术路线迭代与核心技术壁垒建设； 2、统筹大坝、桥梁、高边坡、深基坑、尾矿库、滑坡体等工程GNSS 自动化变形监测项目总体方案设计、点位布设、基准网规划、精度论证及专家技术评审； 3、负责毫米级 GNSS 解算、时序分析、周跳修复、基准网平差、多路径抑制等核心算法优化，牵头GNSS+InSAR / 全站仪 / 静力水准 / 传感器多源融合监测方案落地； 4、统筹自动化监测云平台、数据解算、传输存储、WebGIS 可视化、智能预警、自动报表系统架构设计与落地； 5、负责研发团队搭建、人员培养、项目统筹、跨部门协同，对接业主、监理及行业专家，解决现场复杂技术难题，支撑售前投标、方案编制与项目验收。 任职要求： 1、统招本科及以上学历，测绘工程、大地测量、导航工程、地质岩土、水利交通相关专业；注册测绘师、高级工程师及以上职称优先； 2、8年以上变形监测行业经验，5 年以上 GNSS 监测技术总工 / 技术负责人管理经验，有大型水利、交通、边坡基坑 GNSS 监测全流程项目落地经验； 3、精通北斗 / GNSS 静态、RTK、基线解算、毫米级变形数据处理、稳健平差、时序滤波、误差建模，熟练使用 RTKLIB、GAMIT、BERNESE、MATLAB、Python 等工具； 4、熟悉国家及行业变形监测规范：GB 50026、SL 197、JGJ 8、TB 10101 等，懂空天地一体化监测、数字孪生、BIM+GIS 应用者优先； 5、具备团队管理、方案编制、技术汇报及投标答辩能力，能适应项目出差驻场，抗压能力强。 工作地点 成都武侯区环球中心-E5-3-2-1505 以担保或任何理由索要财物，扣押证照，均涉嫌违法。一经发现， 立即举报,"三维定位,导航定位,传感器融合,RTK,PPP,卡尔曼滤波,滤波算法,GNSS,变形监测",http://www.zhaopin.com/jobdetail/CCL1232671180J40938708215.htm?refcode=4019&srccode=401901&preactionid=36083dba-f6d8-4260-8924-93bbb65921e2
售前工程师,北京昊恩星美科技有限公司,1.6-3万,北京·朝阳,广州,本科,3-5年,11月26日,zhilian,岗位职责： 1、负责项目的售前支持，具体包括项目的技术交流、方案PPT宣讲、咨询规划、方案设计、项目投标及用户答疑等工作； 2、对外作为售前顾问支持销售活动，对销售活动进行配合与支持，负责分析解读客户实际需求，协助销售与客户进行技术交流、沟通、现场调研、需求分析；方案宣讲、用户答疑、应用系统演示、投标支持、密切配合销售，促成中标及合同签订等工作； 3、组织主导售前方案、建设意见、建设方案、可研报告、初步设计、详细设计、投标文件等汇报、立项、投标相关文档和整体解决方案得编写；具有良好的文档编制、PPT制作、方案汇报等能力； 4、负责了解客户应用场景，和潜在目标客户建立联系，收集整理材料、梳理和引导客户需求，并建立良好的公司品牌和个人信用； 5、对解决方案竞争力负责，对内负责销售部门相关产品材料的整理、编制、迭代、创新工作，定期提供营销产品相关得培训； 6、配合公司销售部同事，参与市场宣传和产品价值推广； 7、跟踪用户反馈，分析需求，持续优化产品；持续研究公司平台产品发展与竞品追踪与分析;负责研究产品设计思路与方案，满足产品发展与客户需求; 8、结合内外部资源，跨部门协同，协调资源，完成售前项目的落地及实施； 9、根据公司主要业务发展，持续积累行业知识，了解行业发展趋势； 10、完成领导交办的其他工作，创造团队价值； 岗位要求 1、统招本科及以上学历，从事过炼油、石化、化工或材料等行业相关工作；工作经验三年以上 2、有EAM/ERP/MES/LIMS等软件或从事过数字孪生、数字化交付等的售前工程师；或工业制造企业中从事过IT、设备管理、生产管理、安全管理等相关业务的优先考虑； 2. 具有较强的客户服务、逻辑思维、沟通交流和团队协作能力； 3. 具有优秀的学习和抗压能力，能够适应出差工作，有长期在工业制造业行业内发展意愿； 4. 形象气质良好，具有良好的职业素养； 工作地点 北京朝阳区未来时大厦606 以担保或任何理由索要财物，扣押证照，均涉嫌违法。一经发现， 立即举报,"软件产品,ERP系统,MES系统,设备管理系统",http://www.zhaopin.com/jobdetail/CC272673530J40600872701.htm?refcode=4019&srccode=401901&preactionid=36083dba-f6d8-4260-8924-93bbb65921e2
智能实验室解决方案研发总监招聘需求,浩博泰德(北京)科技有限公司,2-3.5万,北京·昌平·史各庄,广州,博士,10年以上,7月28日,zhilian,"岗位职责 战略规划与技术引领 制定智能实验室领域技术研发战略，主导AIoT（人工智能物联网）与实验室自动化技术的融合创新 规划实验室智能化改造技术路线，设计""感知-分析-决策-执行""全栈技术体系 推动实验室数据中台建设，实现实验数据资产化与科研流程数字化 核心技术攻关 研发多模态实验环境感知系统（温湿度/气体/生物安全监测） 开发实验设备智能控制算法（基于强化学习的仪器参数优化） 构建实验室数字孪生平台，实现高危实验的虚拟仿真与预验证 产品化落地 主导LIMS（实验室信息管理系统）智能化升级，集成AI质检、RPA流程自动化模块 设计模块化实验室解决方案（如基因测序实验室、纳米材料合成平台） 开发实验室安全智能管控系统（危险操作实时预警、应急响应决策支持） 团队与生态建设 组建跨学科团队（物联网/机器人/AI算法/实验室科学复合型人才） 建立产学研合作机制，联合高校申报国家重点研发计划项目 参与制定智能实验室国家标准，构建技术专利壁垒 任职要求 专业背景 博士学历（控制科学与工程/生物医学工程/计算机科学优先），10年以上智能实验室相关经验 熟悉ISO/IEC 17025实验室管理体系标准及CNAS认证要求 技术能力 精通边缘计算设备开发（如NVIDIA Jetson系列），掌握ROS机器人操作系统 具备实验室仪器总线协议开发经验（如RS-232/Modbus/TCP） 熟悉数字孪生技术栈（Unity3D/UE5+Python仿真引擎） 行业经验 主导过3个以上千万级智能实验室项目（生物医药/材料科学领域优先） 具备实验室危化品智能管控系统建设经验 熟悉科研仪器智能化改造痛点（如电子天平数据采集、离心机状态监控） 核心素质 具备科技政策解读能力（如""十四五""新型基础设施建设规划） 熟悉科研经费""负面清单""管理模式下的成本控制方法 拥有PMP/CSM等项目管理认证，通过信息系统项目管理师（高级）考试 差异化竞争力构建 技术护城河 开发""AI+实验室""操作系统（LabOS），集成设备控制、数据分析和安全管理功能 构建实验室知识图谱，实现实验方案智能推荐与失败案例溯源 研发自适应环境调控系统（基于LSTM的温湿度动态平衡算法） 商业模式创新 设计""硬件租赁+SaaS服务""订阅制收费模型 探索实验室数据要素流通机制，提供科研数据合规托管服务 开发实验室能力评估系统，为CRO企业提供资质认证辅助服务 生态合作 与IVD企业共建智能检测实验室示范项目 联合仪器厂商开发开放式智能设备接口协议 参与建设区域科技创新共享平台，提供实验室智能化改造服务 工作地点 北京昌平区回龙观镇北农路7号 以担保或任何理由索要财物，扣押证照，均涉嫌违法。一经发现， 立即举报","人工智能,物联网,云计算",http://www.zhaopin.com/jobdetail/CC846856630J40827177708.htm?refcode=4019&srccode=401901&preactionid=36083dba-f6d8-4260-8924-93bbb65921e2
数字化售前总监,郑州数耘工业技术有限公司,3-5万,郑州·管城·金岱,广州,本科,10年以上,6月2日,zhilian,岗位职责： 1、负责离散制造业领域内的智能工厂及灯塔工厂IOT相关项目的售前技术支持、方案规划工作； 2、参与客户需求分析，提供专业的技术解决方案，推动项目进展； 3、与客户进行技术交流，解答客户的疑问，提供技术咨询和支持； 4、编写技术方案文档，配合销售团队进行项目投标和技术交流。 岗位要求： 1、具有10年以上离散制造业领域内的IOT、智能制造相关项目经验，5年以上团队管理经验； 2、熟悉重工、离散制造业的生产工艺流程及信息化需求，了解IOT技术在制造业的应用，如MES、WMS、WCS、APS、QMS、MOM、PLM等； 3、具备较强的沟通能力和团队协作精神，能够独立处理复杂的技术问题； 4、有乙方智能工厂建设实施及解决方案经验优先； 5、持有相关技术认证（如PMP、ITIL等）者优先考虑。 工作地点 郑州管城回族区郑煤机集团 以担保或任何理由索要财物，扣押证照，均涉嫌违法。一经发现， 立即举报,"MES系统,MOM,WMS,灯塔工厂",http://www.zhaopin.com/jobdetail/CCL1271755360J40802423511.htm?refcode=4019&srccode=401901&preactionid=36083dba-f6d8-4260-8924-93bbb65921e2
数字能源产品技术工程师（六险一金，线上面试）,外企德科数字技术有限公司,8000-14000元,西安·雁塔·丈八沟,广州,本科,1-3年,7月26日,zhilian,岗位职责： 1、 及时有效地处理数字能源相关产品（UPS、光伏逆变器、空调，网管等）技术问题，提供问题解决方案，及远程技术支持，对问题处理的质量和客户满意度负责； 2、 支撑海外数字能源产品维护交付； 3、 参与ITR流程，促进服务流程完善，促进产品持续改进。 4、参与数字能源产品全球存量管理和维护策略制定。 岗位要求： 1、 本科及以上学历，电子、电气、自动化，计算机等相关专业 2、 熟悉UPS、逆变器、锂电储能、机房空调、动力环境监控系统、电力系统等产品及其原理，有2年以上产品开发、测试或项目调试与维护工作经验； 3、 具备英语基础，可作为工作语言更优； 4、 具备良好的沟通能力、服务意识和团队合作精神，执行力强。 5、有华为数字能源产品维护或海外项目经验者优先 工作时间与排班说明： 轮班制：A班 08:30-18:00，B班 14:00-23:00，每两周轮换一次； 周末如遇排班，按加班计算，享受双倍薪资。 工作地点 西安雁塔区绿地中心F1 以担保或任何理由索要财物，扣押证照，均涉嫌违法。一经发现， 立即举报 客户,"软件产品,硬件产品,通信设备,具备海外项目远程技术支持经验,熟悉UPS/光伏逆变器/精密空调",http://www.zhaopin.com/jobdetail/CCL1480117890J40878177205.htm?refcode=4019&srccode=401901&preactionid=36083dba-f6d8-4260-8924-93bbb65921e2
8k+技术客诉专家双休五险一金,位来小猎(宁波)信息技术有限公司,8000-9000元,合肥·包河·大圩,广州,本科,1-3年,4月1日,zhilian,职位描述 软件产品 有TOB端客诉经验 同理心强 计算机软件 企业服务 1.处理TOB端客户在使用产品中的一些技术类型客诉问题 2.安抚客户的情绪，提升客户对产品的满意度 工作时间：10-19点，周末双休 五险一金 薪资：8000-9000（面试定薪） 任职要求： 1.有2年以上客诉的经验，技术类型的优先录取。 2.计算机专家，软件工程等等优先考虑 3.有一定的处理客诉的逻辑和流程 工作地点 合肥包河区联投V中心5 以担保或任何理由索要财物，扣押证照，均涉嫌违法。一经发现， 立即举报 客户,"软件产品,有TOB端客诉经验,同理心强",http://www.zhaopin.com/jobdetail/CCL1320375780J40837412907.htm?refcode=4019&srccode=401901&preactionid=36083dba-f6d8-4260-8924-93bbb65921e2
技术支持工程师,新拓尼克科技研发中心 / Syntronic Beijing R&D Center,1.2-1.7万,南京·溧水·柘塘,广州,本科,5-10年,6月17日,zhilian,职位描述 数控 CNC 工业自动化/机器人 职能宗旨 数控机床系统（MTS）技术支持工程师，主要负责机床系统类产品全流程技术支持工作，包含现场应用技术支撑、新产品试点测试与对标测试工作，承接外部升级疑难工单，输出专业技术解决方案。 核心工作内容 制定测试方案并落地执行，统筹推进机床系统新产品试点测试，协调完成产品对标测试； 承接二级半疑难技术工单，精准定位问题，及时出具专业解决对策； 赴现场实地勘查，完成产品故障根因分析； 收集整理机床系统产品现场应用反馈，同步对接研发部门与产品经理； 梳理汇总产品实战应用经验，完成文档沉淀并同步分享至各跨部门协作团队。 任职资格 学历：本科及以上学历，自动化控制等相关专业； 工作经验：5 年及以上相关行业从业经验； 专业技能：精通数控机床调试、PLC 编程，熟练掌握伺服驱动器、变频器实操应用； 软件能力：熟练使用 UG、Mastercam、SolidWorks 等工业设计编程软件； 基础能力：具备基础硬件故障排查分析能力； 语言能力：中英双语沟通流利； 接受常态化出差外派。 个人综合素质 具备团队协作意识，工作主动积极，抗压能力强；性格热忱开朗，善于优化改进工作；精准洞悉客户需求并落地执行；工作注重结果与品质把控。 岗位数字化能力要求 具备敏捷办公思维与新型工作模式能力，熟悉云技术、物联网与边缘计算、精益数字化自动化原理，了解低代码开发、三维数字孪生相关专业知识 工作地点 溧水区西门子数控(南京)有限公司101 以担保或任何理由索要财物，扣押证照，均涉嫌违法。一经发现， 立即举报,"数控,CNC,工业自动化/机器人",http://www.zhaopin.com/jobdetail/CC134310320J40783041706.htm?refcode=4019&srccode=401901&preactionid=7f42d1ce-7285-4e0e-a3a7-b1114aeb8ed6
智能工厂解决方案专家,浙江中智达科技有限公司,1.5-3万·14薪,杭州·余杭·仓前,广州,本科,10年以上,6月29日,zhilian,岗位职责： 1、售前方案全流程：深度调研化工 / 流程制造客户需求、技术交流，深挖生产痛点，定制智能工厂整体方案，编制技术标书、可研、方案 PPT，完成项目述标、技术答辩； 2、数字化顶层咨询规划：依托行业落地经验、成熟度模型，为客户输出工厂数字化顶层规划、建设路径、分期落地蓝图咨询方案； 3、行业与产品联动：跟踪工业互联网、数字孪生、AI、大模型、机器视觉等工业新技术落地趋势，联动研发团队梳理客户共性需求，推动方案标准化、产品化迭代； 4、内部赋能与知识沉淀：赋能销售、售前团队专业培训，提炼落地项目标杆案例，沉淀标准化方案库、模块模板。 任职要求： 1、本科及以上，自动化、化工、计算机、工业工程相关专业，8~10年+流程工业智能工厂咨询 / 项目实施/售前全流程经验； 2、精通MES、生产计划/调度优化、能源管理、设备管理、HSE、LIMS等工业软件业务逻辑与集成架构； 3、掌握工业互联网、数字孪生、AI算法、机器视觉在工厂生产、质检、设备运维场景落地逻辑； 4、优秀方案撰写、商务宣讲、跨部门协同能力，可短期出差对接项目。 工作地点 杭州余杭区浙江中智达科技有限公司 以担保或任何理由索要财物，扣押证照，均涉嫌违法。一经发现， 立即举报,MES系统,http://www.zhaopin.com/jobdetail/CC678243930J40905790603.htm?refcode=4019&srccode=401901&preactionid=7f42d1ce-7285-4e0e-a3a7-b1114aeb8ed6
技术工程师/Java/五险一金/双休/十三薪,空间无限人力资源管理顾问有限公司,6000-9000元,乌鲁木齐·新市区·南纬路街道,广州,本科,1-3年,7月8日,zhilian,岗位职责： 1.完成设备/系统安装、调试，提交调试报告、安装图纸、数据库； 2.处理售后服务请求，并提交售后服务记录； 3.完成项目实施过程中问题处理、分析与上报； 4.协助项目经理完成项目物资、资料与用户的交接，取得并提交设备签收单； 5.协助项目经理完成项目的交验，取得并提交竣工/完工报告； 6.协助项目经理对用户的培训，并提交培训记录； 7.协助项目经理编写、修改、整理项目文档资料； 8.负责根据产品需求和概要设计，完成模块的详细设计、实现、单元测试及相关手册编写工作； 9.完成部门交办的其他工作。 任职资格： 1.专业要求：电气工程、自动化控制、计算机/软件工程、机电一体化、网络通讯专业优先。 2.工业自动化领域3年以上的系统开发/调试/售后经验优先。 3.熟悉牵引供电/电力行业、对工业级组态软件/PLC/RTU有一定了解；对视频监控行业有了解。 4.在国产操作系统、国产数据库、网络方面有一定基础。 5..熟悉监测系统相关硬件设施（如通信模块、控制单元、摄像单元）的安装调试及故障诊断。 6.熟悉基本电气知识，看懂图纸，具备对运行的软件实现参数配置、数据备份、日志分析等能力。 7.掌握Java基础知识，精通多线程、集合的使用。 8.掌握Spring、SpringBoot、SpringCloud、MyBatis、Redis、RabbitMQ的使用。 工作地点 新市区乌鲁木齐铁路局 以担保或任何理由索要财物，扣押证照，均涉嫌违法。一经发现， 立即举报 客户,JAVA开发,http://www.zhaopin.com/jobdetail/CC562251280J40850339611.htm?refcode=4019&srccode=401901&preactionid=7f42d1ce-7285-4e0e-a3a7-b1114aeb8ed6
微网平台技术经理（微网 / 能源管理平台）,山东积成智通新能源有限公司,8000-13000元·13薪,济南·历下·姚家,广州,本科,3-5年,7月2日,zhilian,岗位职责 1.平台技术规划与架构协同 主导微网控制系统、综合能源管理平台（EMS）或虚拟电厂（VPP）平台的技术路线规划，参与整体系统架构设计，确保平台具备高可用性、可扩展性与行业适配性。 协同研发团队定义核心模块（如设备接入层、实时数据引擎、优化调度引擎、市场接口层）的技术边界与交互逻辑。 2.需求转化与技术方案输出 深度理解客户在分布式能源接入、源网荷储协同、电力市场参与等场景下的业务需求，将其转化为可执行的技术方案文档（含功能逻辑、通信协议、性能指标、安全合规要求）。 编写高质量PRD、接口规范、测试用例，确保研发团队准确理解业务意图。 3.关键技术攻关与标准制定 推动平台对主流电力通信协议（如IEC 61850、IEC 104、Modbus、MQTT）的支持，制定设备接入、数据建模、指令下发等内部技术标准。 参与调度算法（如经济调度、削峰填谷、孤岛检测）的可行性评估与工程化落地，协调算法与工程团队对接。 4.项目交付与技术支持 支撑重点微网/VPP示范项目的技术方案设计、POC验证、现场调试及验收，解决跨系统集成中的技术难题。 为售前、实施、运维团队提供技术培训与标准化工具包（如配置模板、诊断手册）。 5.行业研究与技术演进 跟踪国内外微网、虚拟电厂、电力现货市场、碳电协同等政策与技术趋势，评估新技术（如AI调度、数字孪生、边缘智能）在平台中的应用价值。 主导竞品技术分析，持续优化平台技术竞争力。 任职要求 1.本科及以上学历，电气工程、自动化、控制科学与工程、计算机、能源系统等相关专业； 2.3年以上电力系统、能源互联网、工业软件或IoT平台相关工作经验； 3.具备至少2个完整微网、EMS或VPP类平台项目的主导或核心参与经验。 4.电力系统知识扎实：熟悉分布式电源（光伏、风电、储能）、负荷特性、并网/离网运行模式、电能质量、保护控制逻辑； 5.平台技术理解深入：了解微服务架构、时序数据库（如TDengine/InfluxDB）、消息队列（Kafka/RabbitMQ）、边缘计算部署模式； 6.通信协议熟练：掌握IEC 104、Modbus、IEC 61850、MQTT等至少两种电力/物联网协议，能设计设备接入方案； 7.具备研发协同能力：能阅读系统架构图、API文档、数据库ER图，可与开发团队高效沟通；有Python/Java/C++等开发经验者优先。 8.具备将复杂业务场景（如“参与电网需求响应”、“多能互补优化”）拆解为技术实现路径的能力； 9.有较强的跨部门协作能力，能同时对接客户、算法、硬件、软件、测试等多方角色； 10.熟悉电力行业标准（如GB/T、DL/T、NB/T）及网络安全规范（如电力监控系统安全防护规定）者优先。 11.熟悉电力市场交易机制（辅助服务、现货申报、绿证/碳交易） 工作地点 济南历下区积成电子股份有限公司406 以担保或任何理由索要财物，扣押证照，均涉嫌违法。一经发现， 立即举报,电力/水利/热力/燃气,http://www.zhaopin.com/jobdetail/CC543828080J40988974804.htm?refcode=4019&srccode=401901&preactionid=7f42d1ce-7285-4e0e-a3a7-b1114aeb8ed6
技术主管/项目经理/售后经理/系统集成工程师/弱电工程师,山东裕乾电子科技有限公司,7000-14000元,济南·历下·舜华路,广州,大专,3-5年,7月7日,zhilian,岗位职责： 1、公司产品线技术部分/总负责人，对接销售、项目、生产、客户，解决全流程复杂技术问题，管控项目交付质量与售后技术风险。 2、售前技术统筹：负责楼宇自控、能耗监测、空调节能、智能照明、IBMS集成全系列方案设计、设备选型、图纸深化、投标技术文件编制，对接设计院、甲方完成技术答疑与方案汇报。 3、项目交付管控：统筹项目DDC编程、上位机组态、多系统协议对接（BACnet/Modbus/KNX/LORA）、现场调试、跨系统联动联调，把控项目进度、质量、验收及竣工资料输出。 4、技术攻坚与标准化：解决通讯故障、数据对接、节能逻辑、系统集成等疑难问题；搭建标准化图纸、控制程序、集成模板，沉淀故障案例库，降低项目返工成本。 5、团队管理培养：管理调试/技术支持团队，分配项目任务、制定绩效考核，开展楼控、能耗、照明、集成系统专项技术培训，搭建技术人才梯队。 6、售后与产品优化：负责重点项目售后技术兜底、系统节能优化、甲方运维培训；汇总现场软硬件问题，协同研发优化产品与集成方案。 7、跨部门协同：联动销售、生产、采购、售后，统一全产品线技术标准，跟进行业IoT、数字孪生、能耗节能新技术落地。 任职要求： 1、有技术工程师、DDC/PLC/KNX编程、弱电设计与施工、机电安装等3年以上有关管理经验；最好2年以上智能建筑厂家技术经验，精通楼宇自控、能耗监测、智能照明、空调节能、IBMS集成五大系统。 2、具备投标支持、现场故障攻坚、方案编写、客户沟通综合能力，能独立统筹大型综合体、医院、园区全智能化项目。 3、统招本科及以上学历（经验丰富或技术能力强的统招专科除外）；能够接受出差，有驾照会开车。 4、从事弱电项目集成、建筑机电安装、暖通电气消防等有关工作的优先；所学物联网、暖通、电气、机电、自动化、计算机等相关专业的优先。 5、有理想、有担当，加入公司以成为“公司合伙人”为目的，而不是只为打工挣钱。 公司主营业务： 裕乾--智慧系统软硬件厂家，在政府（办公楼、医院、高校）、商业（写字楼、商场、公寓）等方面，从事楼宇自动化（新建、节能改造）、大后勤（节能降耗、降本增效、安全管控）领域，数字化转型软硬件研发、销售、服务工作。 1、楼宇、后勤各节能/控制系统（楼宇自控、能耗监测、智能照明、安全用电、空调节能等）软硬件研发、销售、服务。 2、智能化集成系统（后勤、办公等业务系统，建筑领域：弱电、强电、空调、消防等各专业系统集成，数字孪生应用；工业领域；水利领域等）软件研发、销售、服务。 工作地点 济南历下区联合财富广场-4号楼1805室 以担保或任何理由索要财物，扣押证照，均涉嫌违法。一经发现， 立即举报,"安装调试,项目管理,楼宇自控系统,智能化集成系统,空调系统,特种作业操作证 （电工作业）,低压电工证,初级弱电工程师,电气安装调试,实施交付,有驾照",http://www.zhaopin.com/jobdetail/CC621310230J40872568914.htm?refcode=4019&srccode=401901&preactionid=7f42d1ce-7285-4e0e-a3a7-b1114aeb8ed6
火山方舟大模型技术支持,沈阳阅准科技有限公司,1.4-2.4万,北京·海淀·花园路,广州,本科,1-3年,7月3日,zhilian,职位描述 大模型开发 产业互联网平台 云计算 人工智能 职位描述 用户支持：负责响应内外部客户调用火山方舟平台时遇到的咨询类、故障排查类问题；沉淀和优化各类问题排查SOP，不断提升排查效率及闭环解决率； 用户原声分析：深入分析&汇总内外部用户进线问题，形成优化项（产品需求/技术缺陷/文档优化etc）、明确优先级，并对接相关方推动优化项落地，提升用户体验； 智能客服搭建：通过模型训练、链路优化等手段不断探索优化智能客服的问题解决率，释放运营人力； 链接平台与用户：跟进产品迭代，及时发布产品更新日志，组织复杂功能的用户培训；定期组织用户调研，收集用户痛点，推动产品迭代。 职位要求： 本科及以上学历，计算机科学与技术、软件工程、大数据技术、人工智能、智能科学与技术等专业优先； 具备3年以上互联网运营经验，有技术支持、产品运营等背景优先； 拥有出色的结构化思维和项目推动能力，能够高效管理多线程任务，对细节有严苛要求，对结果有强烈责任感； 数据敏感，具备基础的数据分析能力（熟练使用SQL优先），善于从数据中发现问题、验证假设； 对大模型的发展和应用有极大的热情，具备快速学习复杂技术概念并将其通俗化表达的能力； 拥有良好的沟通能力和团队合作精神，能够与多部门协作推动项目进展。 工作地点 北京海淀区城建大厦-A座18层 以担保或任何理由索要财物，扣押证照，均涉嫌违法。一经发现， 立即举报,大模型开发,http://www.zhaopin.com/jobdetail/CCL1486992640J40828754816.htm?refcode=4019&srccode=401901&preactionid=7f42d1ce-7285-4e0e-a3a7-b1114aeb8ed6
售前工程师（数字化应用方向）,广州西麦科技股份有限公司,1-1.4万,广州·黄埔·联和,广州,本科,3-5年,7月24日,zhilian,岗位职责 1、负责发电、输电、配电、计量及算电协同等领域的信息化项目策划，主导解决方案规划、咨询设计及可行性研究报告编写。 2、承担售前技术支撑全流程工作，包括技术方案宣讲、客户需求分析、定制化解决方案撰写及招投标支持。 3、协同销售团队开展重点客户的需求引导与导入，沉淀行业案例与知识库，助力业务持续优化。 任职资格 1、本科及以上学历，电气工程、能源与动力工程、自动化、控制理论与控制工程、电力系统及其自动化等相关专业。 2、3年以上电力或能源行业（电网、发电、综合能源、能源数字化）工作经验，熟悉华南地区电力产业格局（如南方电网、广东能源集团等）者优先。 3、熟悉AI、大数据、物联网、云计算等关键技术架构，并有将其应用于电力企业数智化转型的实践经验。 4、对新型电力系统建设、电力数字化转型、综合能源服务等趋势有一定的理解，能独立与客户进行深度业务对话。 5、具备出色的沟通表达、方案撰写及逻辑分析能力，能快速理解客户痛点，形成有说服力的解决方案。 工作地点 黄埔区广州西麦科技股份有限公司 以担保或任何理由索要财物，扣押证照，均涉嫌违法。一经发现， 立即举报,电力/水利/热力/燃气,http://www.zhaopin.com/jobdetail/CC199540820J41015445904.htm?refcode=4019&srccode=401901&preactionid=7f42d1ce-7285-4e0e-a3a7-b1114aeb8ed6
DMS技术支持工程师 现场面试 双休,软通动力信息技术(集团)股份有限公司,7000-9000元,上海·静安·江宁路,广州,本科,3-5年,7月25日,zhilian,职位描述 DMS 职位描述 1. 作为运维一线，通过微信、飞书、******和邮箱等渠道接收用户请求； 2. 详细记录用户问题的关键信息，按严重程度和类型进行分类； 3. 对用户的问题进行即时响应，过程反馈，和结果确认； 4. 咨询类问题的快速回复与解答； 5. 基础问题的排查和解决（账号、权限、基础操作）； 6. 系统上线前、后的配置类工作； 7. 用户操作手册制定； 8. 对业务单位用户进行新系统功能培训； 9. 识别复杂问题，升级至二线运维处理； 10.知识库建设，将常见问题的处理方法整理成文档内部共享 职位要求 1.本科及以上学历，具备专业 IT 相关知识（如 SQL 等操作），对车业务有3年以上的相关知识和运维经验； 2.须熟悉DMS系统的业务背景、业务流程和系统逻辑，能够将技术能力与业务需求紧密结合； 3.在面对系统异常时不仅能快速定位问题，更能从业务角度评估影响范围，给出解决方案； 4.客户第一原则，有较强的客户服务意识，具备一定协调沟通、表达能力； 5.会操作Word、Excel等相关办公软件，具备问题分析总结能力； 6.整理输出系统培训手册、周报、月报、常见问题解答（FAQ）、问题记录清单； 7.适合轮休、排班等工作要求； 工作地点 上海静安区中国邮电器材华东有限公司 以担保或任何理由索要财物，扣押证照，均涉嫌违法。一经发现， 立即举报,DMS,http://www.zhaopin.com/jobdetail/CC000544460J40766203316.htm?refcode=4019&srccode=401901&preactionid=7f42d1ce-7285-4e0e-a3a7-b1114aeb8ed6
软件平台技术负责人,开波特(武汉)人工智能有限公司,1.5-2万,上海·浦东·川沙新,广州,本科,10年以上,6月29日,zhilian,岗位职责： 1. 负责工业软件平台的总体架构设计，包括微服务架构、数据平台、模型接口、任务编排、部署架构和系统运维体系等。采用微内核架构（Microkernel）与领域驱动设计（DDD），确保底层模型可热插拔、易维护，并支持模板化无缝扩展。 2. 设计平台核心模块、数据规范和接口规范设计， 3. 带领后端、数据、前端、DevOps等工程人员完成平台0到1建设。 4. 参与平台技术选型和工程规范建设，包括微服务、容器化、消息队列、时序数据库、关系数据库、对象存储、接口网关、CI/CD、监控告警和日志追踪等。 5. 与流程工业专家、数据工程师、算法团队共同设计工业语义模型，包括设备、物料、工艺段、能流、控制变量、KPI、约束条件、安全边界、报警和操作规程等。 6. 设计平台插件化和行业模板机制，使平台能够持续扩展到多场景。 7. 参与第一批工厂项目的技术调研、数据接入方案、部署方案和平台验证，推动平台从仿真环境进入真实工业场景。 任职要求： 1. 本科及以上学历，计算机、软件工程、自动化、控制工程、工业互联网、数据科学等相关专业优先。 2. 10年以上软件研发经验，5年以上系统架构、平台架构或技术负责人经验，有从0到1建设平台型产品经验者优先。 3. 熟悉微服务架构、分布式系统、企业级平台软件建设，具备较强的系统抽象能力、服务拆分能力和架构设计能力。 4. 熟悉至少一种主流后端技术栈，能够指导核心后端服务设计和实现。 5. 熟悉数据库、缓存、消息队列、API网关、权限系统、服务治理、日志监控等企业级系统工程实践。 6. 熟悉数据平台相关技术，包括关系数据库、时序数据库、对象存储、数据湖、ETL/ELT、实时数据流、数据质量管理等。 7. 理解容器化、云原生和工程化体系，熟悉 Docker、Kubernetes、CI/CD、监控告警、日志追踪、配置管理等优先。 8. 对模型服务、算法接口、数据服务化有基本理解，能够与算法团队协作完成模型接入、模型调用、模型版本管理和结果展示。 9. 具备较强的技术文档能力，能够输出平台架构设计、接口规范、数据规范、服务边界和开发规范。 10. 具备良好的沟通协调能力，能够与工业专家、算法工程师、数据工程师、前端工程师、客户现场团队共同推进项目。 加分项： 1. 有工业互联网平台、IoT平台、智能制造平台、数据中台、工业软件平台、企业级SaaS平台建设经验。 2. 有化工、石化、煤化工、电力、钢铁、新材料、能源管理、设备管理、生产制造数字化相关项目经验。 3. 熟悉 MES、SCADA、DCS、PLC、OPC UA、MQTT、PI System、工业网关、工业时序数据、点位数据、报警数据、生产报表等。 4. 有数字孪生、工业大数据、工业知识图谱、流程编排、模型服务平台、规则引擎或工作流引擎相关经验。 工作地点 上海浦东新区丁香路 以担保或任何理由索要财物，扣押证照，均涉嫌违法。一经发现， 立即举报,"系统架构,微服务架构,智能工厂",http://www.zhaopin.com/jobdetail/CCL1256897760J40860698101.htm?refcode=4019&srccode=401901&preactionid=7f42d1ce-7285-4e0e-a3a7-b1114aeb8ed6
数字化TL(资讯专员TL )(J10403),杭州秉信环保包装有限公司,1.5-2.5万·14薪,上海·闵行·虹桥,广州,本科,10年以上,3月16日,zhilian,"岗位职责: 1. 数字化战略与规划： 承接并本地化集团数字化战略，主导制定下属公司智能制造与数字化工厂的发展蓝图、实施路径及年度计划，确保与业务目标对齐。 2. 智能制造系统建设与优化： 全面负责供应链与制造领域（涵盖计划、生产、质量、仓储、物流）核心数字化系统（如MES, WMS, QMS, SCADA, APS等）的规划、选型、实施、迭代及运维，确保系统稳定高效运行，赋能价值流数字化。 3. AI技术创新与应用：积极探寻、规划并试点AI等创新技术在制造、质检、预测维护、物流优化等业务场景的应用，设计解决方案并推动落地，以科技驱动效率提升与成本优化。 4. 业务分析与解决方案设计：深入业务一线，调研、分析业务流程与痛点，完成业务需求分析、流程设计及优化，并输出高质量的解决方案与业务分析文档。 5. 项目管理与交付：主导重大数字化项目的全生命周期管理，制定项目计划，协调内外部资源，管控风险与成本，确保项目高质量按时交付，实现预期业务价值。 6. 团队协作与能力构建：高效协同集团、公司各业务部门及技术团队，确保沟通顺畅； 任职要求: 1. 教育背景：大学本科及以上学历，计算机、信息技术、工业工程、自动化等相关专业优先。 2. 专业经验： * 10年以上制造业（尤其是离散制造或流程制造）信息化、数字化项目实施与管理经验。 * 必须深刻理解生产、仓储、物流等供应链核心业务流程。 * 精通至少一类主流ERP系统（熟悉SAP者优先，具备模块配置或系统集成能力更佳），并熟悉PLM、MES、WMS、QMS、TMS等供应链相关系统与平台。 * 具备成功的智能制造或数字化工厂项目（如MES深度应用、物联网集成、数字孪生等）规划与落地经验。 * 有AI技术概念认知，对机器学习、视觉识别等在工业场景的应用有了解或实践经验者优先。 工作地点 上海闵行区万象城-D栋 以担保或任何理由索要财物，扣押证照，均涉嫌违法。一经发现， 立即举报","MES经验,制造行业IT经验,生产数字化项目,智能工厂,PLM,MES系统,WMS,QMS,TMS",http://www.zhaopin.com/jobdetail/CC165166010J40848544314.htm?refcode=4019&srccode=401901&preactionid=7f42d1ce-7285-4e0e-a3a7-b1114aeb8ed6
售前技术支持/五险一金,众前行(重庆)人力资源有限公司,1.1-1.5万,天津·滨海新区·新河,广州,大专,1-3年,7月26日,zhilian,职位描述 云服务产品 HR SAAS产品 售前技术支持 人力资源数字化 工作职责 1. 对接客户需求，深入理解人力资源数字化场景下的业务痛点，提供针对性技术解决方案。 2. 负责产品演示、技术方案撰写与讲解，协助销售团队完成客户转化。 3. 参与客户需求调研与分析，输出需求文档并协同研发团队推进产品优化。 4. 解决客户在产品使用过程中的技术疑问，提供专业的技术支持与服务。 工作地点 天津滨海新区文峰大厦 以担保或任何理由索要财物，扣押证照，均涉嫌违法。一经发现， 立即举报 客户,"云服务产品,HR SAAS产品,售前技术支持,人力资源数字化",http://www.zhaopin.com/jobdetail/CCL1525399570J40866781407.htm?refcode=4019&srccode=401901&preactionid=7f42d1ce-7285-4e0e-a3a7-b1114aeb8ed6
售后技术支持,重庆大斗人力资源管理有限公司,8000-11000元,广州·番禺·南村,广州,大专,1年以下,7月26日,zhilian,职位描述 电子产品 IT文档全生命周期管理 IT设备运维管理 数据质量监控 工作职责 1. 负责IT部门技术文档的全生命周期管理，包括整理、归档与动态更新，确保资料的完整性与可追溯性。 2. 协助完成系统数据的录入、交叉核对与日常维护，建立数据质量监控机制，保障核心数据的准确性与安全性。 3. 承担IT设备的日常管理工作，涵盖设备台账登记、耗材申领分发，以及电脑、打印机等常见设备的基础故障排查与预处理。 4. 配合技术培训与内部会议的组织工作，负责会议纪要的精准记录及培训材料的标准化准备。 任职要求 1. 大专及以上学历，计算机、信息管理或相关专业优先，具备IT领域基础认知。 2. 精通Office办公套件（Word/Excel/PPT），能独立完成复杂文档排版与多维度数据处理，熟练使用Excel函数进行数据统计分析。 3. 熟悉常见IT硬件设备的基础操作逻辑，能快速定位并解决打印机卡纸、系统驱动安装等基础问题，适应新工具的学习能力强。 4. 具备主动服务意识与高效沟通能力，工作细致严谨，有较强的责任心，能在多任务并行场景下保持高质量输出。 工作地点 广州番禺区番禺万达广场写字楼B1座 以担保或任何理由索要财物，扣押证照，均涉嫌违法。一经发现， 立即举报 客户,"电子产品,IT文档全生命周期管理,IT设备运维管理,数据质量监控",http://www.zhaopin.com/jobdetail/CCL1526253760J40898262713.htm?refcode=4019&srccode=401901&preactionid=7f42d1ce-7285-4e0e-a3a7-b1114aeb8ed6
水利水务数字化行业技术经理/售前技术经理,北京碧瀚科技有限公司,2-3万,北京·昌平,广州,硕士,10年以上,11月20日,zhilian,岗位职责 1.方案与产品支持：负责水利水务水文行业数字化方案及产品方案设计，结合政策（如海绵城市等）与需求做方案顶层设计，精通核心业务及工程图纸解读。 2.项目全流程管控：联动市场转化商机，以技术牵头人统筹项目售前支持、交付指导、验收支持及运营指导，拓展重点项目并把控风险。 3.产品与业务拓展：基于竞品及前沿技术（数字孪生、AI等）提产品优化建议并跟进落地，输出技术方案、报价及PPT。 4.资源与战略引领：整合行业专家及院校资源，引导客户规划，应对招投标答辩。 5.协同沟通：调研客户需求、答疑，协调内外部团队，维护合作伙伴关系。 任职要求 1.硕士及以上学历，10年+水利水务数字化行业经验。 2.熟悉智慧水利、智慧水务等技术体系，掌握大数据、数字孪生等前沿技术，具备风险预判能力。 3.有单项千万+数字化项目全程指导落地经验。 4. 抗压性强，表达及方案撰写能力突出，可转化需求为产品。 5. 懂数字化商业模式，具备行业生态合作伙伴资源 工作地点 北京昌平区碧水源大厦 以担保或任何理由索要财物，扣押证照，均涉嫌违法。一经发现， 立即举报,"电力/水利/热力/燃气,工程技术与设计服务,环保",http://www.zhaopin.com/jobdetail/CCL1420034820J40862272902.htm?refcode=4019&srccode=401901&preactionid=7f42d1ce-7285-4e0e-a3a7-b1114aeb8ed6
AI+CAE售前技术经理,北京京汇思维科技发展有限公司,1.5-2.5万,上海·徐汇·徐家汇,广州,硕士,1-3年,4月17日,zhilian,岗位职责 1. 负责AI+CAE（计算机辅助工程）仿真软件及解决方案的售前技术支持，包括技术交流、需求调研、方案演示与案例讲解。 2. 参与客户需求分析，结合行业特点（如汽车、航空航天、能源装备等）定制化编写AI+CAE技术解决方案和投标技术文档。 3. 设计并实施典型应用场景的POC（Proof of Concept）验证，完成仿真模型搭建、关键工况分析及结果解读。 4. 配合销售团队开展市场推广活动，包括行业研讨会、线上技术讲座、客户 workshops 等，并输出技术宣传材料。 5. 协同产品研发与实施团队，反馈客户需求与市场趋势，推动产品功能优化与行业解决方案迭代。 6. 支持重点客户的高层技术沟通，提供专业可信的技术咨询，协助建立长期技术信任关系。 7. 持续跟踪主流AI+CAE工具（如ANSYS、Abaqus、HyperWorks等）及仿真前沿技术（如多物理场耦合、数字孪生、AI+CAE），提升售前技术深度。 任职要求 1. 硕士及以上学历，力学、机械工程、车辆工程、航空航天、热能与动力工程等相关专业。 2. 具备3年以上CAE仿真分析实际项目经验，熟练使用至少一种主流通用CAE软件（如ANSYS、Abaqus、HyperWorks等）。 3. 掌握结构静力学、动力学、疲劳、热传导、流固耦合等至少两类仿真分析方法，并具备独立建模、求解与结果判读能力。 4. 具备良好的技术表达与客户沟通能力，有2年以上售前支持、解决方案顾问或FAE（现场应用工程师）工作经验者优先。 工作地点 徐汇商务大厦上海市徐汇区裕德路168号徐汇商务大厦 以担保或任何理由索要财物，扣押证照，均涉嫌违法。一经发现， 立即举报,"船舶/航空/航天/军工,新能源/燃油整车研发制造",http://www.zhaopin.com/jobdetail/CC000610670J40887475302.htm?refcode=4019&srccode=401901&preactionid=7f42d1ce-7285-4e0e-a3a7-b1114aeb8ed6
数字化解决方案岗,特变电工,3-4万,天津·武清·东蒲洼,广州,本科,10年以上,7月21日,zhilian,"岗位职责： 1.负责与客户密切沟通，深入了解企业的业务模式、运营流程、市场竞争情况以及存在的痛点和需求，对各单位现存的数据和流程进行全面调研; 2.负责根据需求分析，设计切实可行的数字化解决方案，并通过与关键用户多轮验证，确保最终的方案满足客户需求; 3.负责辅助项目实施落地，并提供必要的培训支持; 4.负责数字化转型项目的售前咨询及项目实施，协助项目经理进行项目管理，确保项目进度和质量，确保前期规划方案的有效落地; 5.负责跟进项目执行效果，对项目存在的不足进行分析和改进；负责持续创新解决方案，将新一代信息技术等融入数字化解决方案中。 任职要求： 1.统招本科及以上学历，专业：自动化、计算机、通信工程等相关专业。 2.有MOM/WMS等项目的实施经验,善于沟通，有工厂实务工作经验者更佳; 3.专业知识：对设计、工艺、生产、质量、物联、能源和产品智能化领域业务及数字化技术有较为深入的了解和研究，可出可落地的解决方案，供开发人员进行功能开发； 4.有装备制造、线缆、新能源、煤化工、铝基材行业经验者优先。 工作地点 天津武清区特变电工武清智慧产业园 以担保或任何理由索要财物，扣押证照，均涉嫌违法。一经发现， 立即举报","数字化转型,工业自动化/机器人",http://www.zhaopin.com/jobdetail/CC120393540J40832675209.htm?refcode=4019&srccode=401901&preactionid=7f42d1ce-7285-4e0e-a3a7-b1114aeb8ed6
工业数字化解决方案销售工程师,宁波梅山保税港区飞天甬盛通信器材有限公司,1-1.7万,宁波·余姚·阳明,广州,本科,3-5年,7月19日,zhilian,岗位职责： 1. 提供专业的工业数字化解决方案，包括ERP、MES、WMS等系统的销售和售前支持。 2. 深入了解客户需求，为客户定制合适的数字化解决方案。 3. 参与相关大型项目，提供技术支持和服务。 岗位要求： 1. 本科及以上学历，工业工程、自动化、计算机、通信、电子等相关专业，优秀者学历可放宽至专科。 2. 具备一定的工业数字化解决方案能力，有相关从业经验。 3. 具备销售和售前能力，有工业行业销售经验者优先。 4. 熟悉云、大数据、物联网等相关技术，有相关大型项目经验者优先。 5. 持有信息系统项目管理师、系统分析师、系统架构设计师等中/高级证书者优先。 6. 有外部资源引入者优先。 7. 具备IT类硬软件技术经验，或2年以上大型信息系统项目集成经验。 8. 具有运营商解决方案工作经历者优先。 工作地点 宁波市-余姚市-东体育场路9号 以担保或任何理由索要财物，扣押证照，均涉嫌违法。一经发现， 立即举报,"企业客户,面销/陌拜",http://www.zhaopin.com/jobdetail/CC653788420J40747669112.htm?refcode=4019&srccode=401901&preactionid=7f42d1ce-7285-4e0e-a3a7-b1114aeb8ed6
售前规划工程师,台励福机械设备(南通)有限公司,1.5-3万,无锡·新吴·旺庄,广州,大专,1-3年,7月9日,zhilian,职位描述 自动化设备 售前技术方案定制 工业自动化领域经验 CAD绘图设计 工作职责 1. 对接客户需求，深入理解通用机械设备的应用场景，提供定制化的技术解决方案与规划方案。 2. 负责项目前期的现场勘查、需求分析，输出包含设备选型、布局规划、成本测算的专业方案文档。 3. 配合销售团队完成技术交流、方案演示与客户答疑，助力项目成单。 4. 跟踪行业技术趋势与竞品动态，优化方案设计逻辑，提升方案竞争力。 5.做过物流仓储系统集成项目 6.了解WMS、WCS 、MES，了解数字孪生与仿真系统 任职要求 1. 本科及以上学历，机械工程、自动化或相关专业背景。 2. 具备2年以上通用设备制造或工业自动化领域的售前/技术支持经验，熟悉机械设备的原理与应用。 3. 掌握CAD等绘图软件，能独立完成设备布局、工艺流程的可视化方案设计。 4. 具备良好的沟通表达与逻辑思维能力，能精准把握客户需求并转化为技术方案。 5. 适应出差，能高效完成现场调研与方案交付工作。 工作地点 江苏省无锡市新吴区锡霞路16 以担保或任何理由索要财物，扣押证照，均涉嫌违法。一经发现， 立即举报,"自动化设备,售前技术方案定制,工业自动化领域经验,CAD绘图设计",http://www.zhaopin.com/jobdetail/CC404215780J40860310107.htm?refcode=4019&srccode=401901&preactionid=7f42d1ce-7285-4e0e-a3a7-b1114aeb8ed6
售前工程师项目经理,北京电力自动化设备有限公司,9000-18000元,北京·海淀·北下关,广州,大专,3-5年,5月19日,zhilian,岗位职责】 1. 深耕新能源、发电、智慧电厂、智慧能源运维领域，具备扎实的行业技术基础，可独立完成智慧电厂、新能源智慧运维集成项目的可行性研究报告、技术方案、实施方案编制与优化，确保方案的技术可行性、专业性及落地性。 2. 承担方案售前支撑工作，统筹项目全流程推进，负责项目现场实施相关事宜，协调各方资源，保障项目顺利落地。 3. 主导项目现场技术管理，负责智能化、弱电类设备安装调试全流程技术把控，可独立完成简单弱电图纸设计，配合完成项目阶段性评审、验收工作，规范整理全套项目技术归档文档，确保技术资料完整可追溯。 4. 跟进项目全生命周期，对接客户需求、反馈项目进展，维系良好合作关系，解决项目实施中的技术及协调问题。 【任职要求】 1. 大专及以上学历，电气、自动化、计算机、物联网等相关专业。 2. 核心技术能力（重点）：精通方案撰写流程，可独立完成项目可行性研究报告、技术方案、实施方案的编制与优化，确保方案贴合行业规范及项目实际需求；熟练掌握物联网采集及网络设备特性，精通ModBus、SCADA、串口、MQTT等主流物联网协议，具备扎实的协议对接、调试实操能力；熟悉Linux系统操作、网络架构及虚拟化技术，具备MES、DCS、PLC、SCADA系统对接实操经验；具备基础CAD弱电图纸设计与解读能力，能独立完成简单弱电图纸绘制；精通工程项目施工管控流程，可独立编制施工组织方案，能精准把控项目技术环节，提供现场技术指导，规范整理全套项目技术归档文档。 3. 具备极强的责任心、执行力和团队协作能力，逻辑清晰，沟通表达流畅，能高效对接内外部人员。 4. 接受长期出差及项目驻场工作安排，适应项目现场工作节奏。 5. 持有PMP、机电专业二建、注册安全工程师等证书者优先。 6. 持C2及以上驾照，具备熟练驾驶能力。 有3-5年及以上智慧电厂、智慧工业、智慧能源、综合能源相关行业项目实施及方案编制经验，具备物联网技术、解决方案编制、工程项目管理复合技术能力者优先。 工作地点 海淀区交大东路31号院北京电力自动化设备有限公司 以担保或任何理由索要财物，扣押证照，均涉嫌违法。一经发现， 立即举报,"智慧能源,综合能源,智慧园区",http://www.zhaopin.com/jobdetail/CC285249580J40850658001.htm?refcode=4019&srccode=401901&preactionid=7f42d1ce-7285-4e0e-a3a7-b1114aeb8ed6
电力能源行业售前工程师（综合能源方向）,苏州同元软控技术股份有限公司,1.8-3.5万·14薪,深圳·福田·福保,广州,本科,5-10年,6月12日,zhilian,岗位职责】 1.区域售前主导： 全职支撑深圳子公司面向华南地区（广东、广西、海南、港澳）电力能源行业客户（电网公司、发电集团、综合能源服务公司、能源设计院等）的售前工作，承担市场宣讲和技术交流对接、项目需求分析、解决方案撰写、解决方案POC技术验证与演示及招投标全流程支持； 2.综合能源解决方案设计： 深入理解客户在综合能源规划、多能协同优化、源网荷储一体化、虚拟电厂、能源数字化管理等业务场景中的核心痛点，将公司产品体系、技术体系与客户需求深度融合，输出具有行业引领性的解决方案； 3.行业洞察与市场拓展： 跟踪分析华南地区电力能源政策（如电力市场化改革、新型储能、碳达峰碳中和等）、技术趋势及竞争动态，为区域市场策略提供关键输入；协同销售团队拓展重点头部客户，参与行业高端论坛与技术交流，提升公司在区域内的技术品牌影响力； 4.生态协同与知识传递： 与总部研发、产品团队紧密协同，反馈区域特色需求；赋能区域销售与交付团队，沉淀电力能源行业售前方法论与典型场景案例。 【任职要求】 1.电气工程、能源与动力工程、自动化、控制理论与控制工程、电力系统及其自动化等相关专业； 2.本科及以上学历； 3.在电力能源行业（电网、发电、综合能源、能源数字化等）拥有5年以上一线工作经验，其中，有综合能源、虚拟电厂、多能互补项目售前、解决方案或技术咨询相关岗位经验优先，有相关单位数字化或科研管理部门任职经历的优先； 4.熟悉电力系统基本原理、能源生产与消费流程、综合能源系统架构；深刻理解建模与仿真、优化算法、数字孪生等技术在能源领域的应用价值；熟悉至少一种主流建模仿真平台或有能源数字化平台项目经验者优先； 5.对电力能源行业数字化转型、新型电力系统建设、综合能源服务发展趋势有深刻洞察，能够与客户中高层进行平等、深入的业务对话；具备优秀的行业分析能力与战略思考能力； 6.卓越的沟通表达、方案呈现与逻辑分析能力；出色的项目管理与资源协调能力，能独立主导复杂售前项目；具备强烈的客户导向意识与成就动机； 7.熟悉华南地区电力能源产业格局（如南方电网、广东能源集团、深圳能源集团等），能接受高频次区域内出差。 作为MWORKS在华南地区电力能源领域的技术专家，你将专注于综合能源、新型电力系统、虚拟电厂等前沿方向，凭借对能源行业数字化转型的深刻理解，成为公司技术能力与区域能源客户之间的核心桥梁。你将负责华南地区电力能源行业的售前技术支持与解决方案设计，驱动区域业务增长与标杆项目落地。 工作地点 深圳福田区联合金融大厦-A座 以担保或任何理由索要财物，扣押证照，均涉嫌违法。一经发现， 立即举报,"综合能源,虚拟电厂,源网荷储",http://www.zhaopin.com/jobdetail/CC223909110J40854874405.htm?refcode=4019&srccode=401901&preactionid=7f42d1ce-7285-4e0e-a3a7-b1114aeb8ed6
风电行业数字化售前解决方案工程师,北京外企人力资源服务有限公司,1.5-1.8万,北京·大兴·荣华街道,广州,本科,3-5年,7月22日,zhilian,岗位职责： 1、结合风电业务场景，对智慧运维、远程监控、无人值守、故障预警等行业需求进行调研及痛点挖掘； 2、基于客户需求，进行定制化解决方案设计与输出，包括整体解决方案PPT、可行性分析、价值收益分析报告等； 3、参与项目投标及商务售前支持，精准解读招标文件要求； 4、竞聘分析与方案体系沉淀，开展常态化竞品分析； 5、跨部门协同与项目落地跟进； 基本要求： 1、学历专业：本科及以上学历，电气工程及其自动化、新能源科学与工程、电力系统自动化、计算机、软件工程、物联网、大数据等相关专业优先。 2、工作经验：3年以上风电/新能源行业数字化售前、解决方案、技术支持工作经验； 3、综合素质：具备较强的市场洞察力、客户需求挖掘能力，同时具备较好的职业素养，工作严谨细致能扛压 有远景、明阳、三一等风电整机厂商或大型发电集团数字化项目服务经验者优先；主导过智慧风场、风电集控中心、风机智能诊断、风电数字化运维平台等大型项目售前全流程者优先； 薪资福利 1.入职与FESCO签订劳动合同，缴纳五险一金； 2.税前薪资15000-18000元，根据个人能力定薪； 3.补充医疗、意外伤害； 4.年度体检； 5.带薪年假，福利假+带薪病假； 6.节日福利购物积分发放； 7.全北京开通班车福利 工作地点 北京大兴区博兴路8号 以担保或任何理由索要财物，扣押证照，均涉嫌违法。一经发现， 立即举报 客户,"储能产品,风电,光伏储能产品,电力储能产品,新能源",http://www.zhaopin.com/jobdetail/CC161956810J41023910704.htm?refcode=4019&srccode=401901&preactionid=2c65e767-d62d-480a-9a1a-f27b4caee880
船舶数字化与AI技术研发工程师（博士）,中交广州航道局有限公司,1.4-2万·13薪,广州·海珠·滨江,广州,博士,经验不限,7月22日,zhilian,岗位职责： 1.负责公司船舶数字化体系建设；统筹公司疏浚船舶全生命周期数字化建设工作，负责船舶数字孪生平台的架构设计、数据底座搭建及船舶运行数据台账的标准化建设；推动传统船舶管理系统的数字化迭代升级。 2.负责AI技术的工程化应用；结合航道疏浚、水上施工的实际业务场景，开展AI技术的工程化适配与落地应用；针对船舶航行安全、施工质量监测等场景，完成AI模型的选型、二次开发、调试及运维优化；攻克AI技术在海上特殊工况下的落地难题。 3.负责船舶智能机器人应用研发，组织开展机器人现场测试、工况适配与落地应用，跟踪行业前沿智能机器人技术，结合公司水上工程施工痛点提出机器人改造优化需求，牵头推进机器人现场试点应用，推动智能机器人替代高危、重复性人工岗位，提升施工现场智能化水平。 4.负责船舶施工工效的智能测算与模型优化，搭建船舶施工工效测算模型，整合船舶运行、施工工况等多维度数据，实现单船施工工效自动测算、动态分析与智能预测，挖掘影响施工效率的核心变量，输出工效优化及船舶调度的方案建议，为项目成本管控、施工计划编制及投标报价测算提供数据支撑。 5.技术统筹、团队协同与内部赋能：对接公司工程部、技术中心及项目部等部门，统筹推进数字化项目全流程落地；开展内部数字化与AI技术专项培训，为一线施工及管理人员赋能；跟踪船舶智能化领域行业最新技术动态，定期输出行业技术调研报告，为公司数字化战略布局提供专业决策支持。 任职资格： 1.学历要求：2025/2026届统招博士研究生，需取得毕业证与学位证双证，且无延期毕业记录。 2.专业要求：船舶与海洋工程、人工智能、计算机科学与技术、大数据与数据科学、自动化控制、海洋工程、机械电子工程、交通信息工程及控制等相关专业。 3.专业能力要求：精通至少一种主流AI算法框架（如TensorFlow、PyTorch），熟悉数字孪生、大数据建模、机器视觉等相关技术原理；具备算法建模、数据挖掘、仿真模拟等科研项目经验；博士在读期间发表SCI或核心期刊论文不少于2篇，拥有发明专利或软件著作权者优先；熟悉船舶结构、海上施工工况及水上工程业务流程者优先。 4.综合素养要求：具备较强的科研攻关、问题拆解与技术创新能力，愿意扎根工程一线推动技术落地；熟练掌握公文撰写与科研报告编制技能；沟通协调能力良好，具有团队协作精神，可配合项目出海及海上船舶驻船短期调研工作。 5.其他要求：认同中交集团企业文化，品行端正，无违纪违法及学术不端记录。 奖金绩效 七险二金、交通补贴、住房补贴等 工作地点 广州海珠区中交广航疏浚有限公司滨江中路362号 以担保或任何理由索要财物，扣押证照，均涉嫌违法。一经发现， 立即举报,"船舶数字化,AI技术嵌入应用",http://www.zhaopin.com/jobdetail/CC199907810J40904380803.htm?refcode=4019&srccode=401901&preactionid=2c65e767-d62d-480a-9a1a-f27b4caee880
工业机器人售前专家,中国中化集团公司,面议,北京·海淀·海淀街道,广州,硕士,5-10年,7月7日,zhilian,岗位职责: 1、面向行业需求挖掘与技术咨询 针对化工行业客户，深入生产现场调研，挖掘产业链多场景具身智能复合工业机器人项目机会和落地需求，输出行业机器人数字化改造诊断报告。 2、全流程售前支撑与商机转化 配合销售团队开展客户高层技术交流、方案宣讲、机器人现场演示、技术答疑；独立负责招投标全流程，编制技术标书、应答技术偏离、主导现场技术答辩；统筹客户 POC 测试方案设计、现场测试落地，管理客户预期，推动项目签约落地。 3、产品迭代与行业方案沉淀 收集一线客户反馈、竞品技术路线、化工场景落地难点，联动机器人研发、算法、硬件团队优化产品功能；沉淀化工防爆巡检、危化操作、密闭空间作业等细分行业标准化解决方案，输出成功案例、技术宣传材料，支撑市场推广。 4、产业生态与前沿技术研究 跟踪具身智能、人形机器人、工业多模态大模型、防爆特种机器人前沿技术；对接机器人本体、传感器、AI 算法、自动化系统集成生态伙伴，开展技术适配与联合方案共建；输出行业技术趋势分析，支撑集团机器人业务战略规划。 任职资格: 1.硕士及以上学历，自动化、机器人工程、人工智能、机械电子、计算机、化工过程机械等相关理工科专业；优秀本科可放宽； 2.5年及以上工业机器人 / 具身智能 / 智能制造售前解决方案完整工作经验，有化工、石油、能源行业特种机器人落地案例优先； 3.熟悉防爆工业机器人、复合移动操作机器人、巡检机器人软硬件体系，掌握 ROS/ROS2、机器视觉、SLAM 自主导航、运动控制、多模态大模型具身交互基础原理； 4.精通售前全流程工作：需求调研、方案架构设计、标书编制、讲标答辩、POC 落地，可独立完成工业化机器人项目全套技术输出；熟悉危化企业安全管理规范：GB30871 特殊作业、AQ3064 人员定位、防爆分级标准（Ex）、化工装置高危区域管控要求，能结合安全规范设计合规机器人解决方案； 5.具备系统集成思维，可打通机器人与 DCS、SCADA、双重预防机制、智慧 HSE、数字孪生平台数据联动方案；具备优秀文档撰写、PPT 宣讲能力，能将复杂机器人、AI 技术转化为面向工厂厂长、安全总监、技术负责人的通俗商业价值方案。 6.加分项：有防爆巡检机器人、化工人形操作机器人、受限空间作业机器人落地项目经验；熟悉化工生产工艺流程（炼化、氟化工、精细化工、仓储罐区任一领域）；具备央国企、大型化工集团数字化项目投标、交付全流程服务经验；掌握工业 AI、具身 VLA 模型、边缘轻量化部署相关技术，有生态厂商资源。 工作地点 北京海淀区中国化工大厦 以担保或任何理由索要财物，扣押证照，均涉嫌违法。一经发现， 立即举报,"工业自动化/机器人,石油/石化,化工",http://www.zhaopin.com/jobdetail/CC120174320J40873934814.htm?refcode=4019&srccode=401901&preactionid=2c65e767-d62d-480a-9a1a-f27b4caee880
骨科数字化产品技术支持/临床专员（导航、机器人方向）,烟台易迈医疗科技有限公司,6000-12000元,北京·海淀·海淀街道,广州,大专,1-3年,4月3日,zhilian,岗位职责 1.负责骨科数字化产品、手术导航系统、骨科手术机器人的临床技术支持，包括产品装机、调试、日常维护及故障排查，保障设备稳定运行，满足临床手术使用需求。 2.与骨科临床医生高效、顺畅沟通，精准理解临床手术需求与痛点，结合产品功能提供专业技术解决方案，协助医生完完成手术、设备操作指导等工作。 3.跟随骨科手术开展临床跟台服务，严格遵守医院无菌操作规范，熟练完成无菌环境下的产品准备、操作配合，保障手术顺利进行。 4.负责医院端医护人员的产品操作培训、临床应用讲解，制作培训资料，提升医护人员对数字化骨科设备的操作熟练度与应用能力。 5.配合公司销售、研发团队，收集临床一线反馈意见，整理产品使用问题、优化建议，助力产品迭代升级与市场推广。 6.完成上级安排的其他临床技术支持相关工作，秉持认真负责的工作态度，高效落实各项工作任务，严格遵守公司出差管理制度，适应长期国内出差。 三、任职要求 1. 2.学历要求：学历不限，有骨科临床、医疗器械技术支持相关工作经验者优先。 3.专业经验：具备骨科数字化产品、手术导航、骨科手术机器人相关工作经验，熟悉设备工作原理、临床应用流程及操作规范，有相关设备临床跟台、技术支持经验者优先录用。 4.临床能力：具备良好的临床沟通能力，能够与骨科医生无障碍交流专业临床问题，理解临床手术逻辑与操作流程；拥有无菌操作经验，可熟练配合完成手术跟台工作。 5.工作素养：做事认真细致、责任心强，具备良好的团队协作精神、问题解决能力与抗压能力；能接受国内高频次出差，适应医院临床工作节奏与出差外勤的工作模式。 6.其他要求：熟悉医疗行业相关规范，恪守医疗从业人员职业操守，无不良从业记录。 工作地点 北京海淀区西海国际中心-1号楼 以担保或任何理由索要财物，扣押证照，均涉嫌违法。一经发现， 立即举报,"智能产品,医疗设备",http://www.zhaopin.com/jobdetail/CCL1499752200J40927664508.htm?refcode=4019&srccode=401901&preactionid=2c65e767-d62d-480a-9a1a-f27b4caee880
数字孪生与在轨支持岗（骨干03）,深空探测实验室(天都实验室),2.5-5万,北京·海淀,广州,硕士,经验不限,6月15日,zhilian,岗位职责: 1.负责协助其他研究室开展各任务的数字孪生需求分析、数字探测器的建模工作。 2.负责构建数字太阳系等数字化平台，与数字化研究与应用岗一起完成数字孪生相关系统的设计与建设。 3.负责协助其他室开展各任务的在轨支持与评估需求分析，在轨支持模式与方法、评估体系的研究与建立，完成在轨支持与评估相关系统的设计与建设。 4.负责协助开展深空探测工程在轨支持与评估任务的实施。 任职要求: 1. 教育背景：硕士及以上学历。 2. 专业要求：航天类相关专业。 3. 技术职称及执业资格：副高及以上专业技术职称。 4. 工作经验及经历：具有8及以上相关工作经验，具有航天领域需求建模与验证或体系/系统建模与仿真或多领域物理建模与仿真等方面的工程经验，.熟悉工程数字化研制流程与方法、MBSE相关理论与方法、标准规范等，熟练使用SysML、Modelica等建模语言和MagicDraw、MWorks等相关工具。 5. 综合素质：具有较强的沟通及组织能力，具有奉献精神，具有高度的责任心和事业心。 6. 特殊要求：自觉履行廉洁自律和保密要求，防范廉政和失泄密风险。 7. 其他：有jungong企业安全保密工作经验者优先。 工作地点 北京海淀区深空探测实验室 以担保或任何理由索要财物，扣押证照，均涉嫌违法。一经发现， 立即举报,船舶/航空/航天/军工,http://www.zhaopin.com/jobdetail/CCL1404083170J40797824403.htm?refcode=4019&srccode=401901&preactionid=2c65e767-d62d-480a-9a1a-f27b4caee880
工程现场技术支持,重庆森源绿建筑工程有限公司,7000-8000元,重庆·涪陵·马鞍,广州,大专,1-3年,7月21日,zhilian,职位描述 房建工程 土建工程 现场技术管理 施工进度跟踪 多方资源协调 工作职责： 1. 负责施工现场的技术指导与交底，确保施工方案、图纸与规范的准确落地。 2. 实时跟踪施工进度，对关键工序进行技术复核，及时发现并解决现场技术问题。 3. 配合项目团队完成技术资料的整理归档，参与工程验收与质量评估工作。 4. 协调设计、施工、监理等多方资源，推动技术问题的高效闭环。 任职要求： 1. 大专及以上学历，建筑工程、土木工程等相关专业。 2. 熟悉建筑施工流程、技术规范及常用施工工艺，具备现场技术支持经验优先。 3. 能熟练使用CAD等绘图软件，具备识图、审图能力。 4. 具备较强的问题解决能力与沟通协调能力，能适应施工现场的工作环境。 工作地点 重庆涪陵区新区大厦 以担保或任何理由索要财物，扣押证照，均涉嫌违法。一经发现， 立即举报,"房建工程,土建工程,现场技术管理,施工进度跟踪,多方资源协调",http://www.zhaopin.com/jobdetail/CCL1524672680J40820182016.htm?refcode=4019&srccode=401901&preactionid=2c65e767-d62d-480a-9a1a-f27b4caee880
智慧水利（务）技术岗-解决方案岗,湖南省水务规划设计院有限公司,8000-16000元,长沙·开福·新河,广州,本科,3-5年,7月26日,zhilian,职位描述 工程技术与设计服务 技术服务 电力/水利/热力/燃气 湖南省水务规划设计院有限公司隶属湖南建设投资集团，业务范围涵盖水利电力等行业涉水工程规划、勘察、设计、咨询、监理、检测及技术研发、工程总承包等，是一家科技型的全过程咨询服务企业。根据公司发展需要，向集团内、外部公开招聘： （一）专业：水利工程、水文水资源、给排水、机电、自动化、计算机类等专业。 （二）学历要求：本科及以上学历。 （三）岗位描述（工作内容）：智慧水利项目的方案设计，负责智慧水利（务）项目售前工作和方案设计；需熟悉水利部智慧水利、数字孪生政策和技术指南，能够完成智慧水利等（水库、水闸、灌区、堤防等各类水利）或智慧水务（城乡一体化供水、排水管网、供水厂、污水处理厂）等场景解决方案编写，熟悉设备厂商和设备参数，能够和客户宣讲方案、配合招投标方案编写。（注意！！！硬性要求，熟悉水利水务专业，有较强的文字功底和方案编写能力，没有相关经历请勿投递。） （四）其他要求：具备2年以上智慧水利（务）解决方案、项目售前支撑经验的优先；具有高级职称（水利类或者计算机软考高级）或一级建造师（机电）的优先。 （五）福利待遇：七险二金：五险+补充医疗险+意外险+住房公积金+企业年金（参保机构为湖南省直）、国家法定节假日、带薪年休假等。 （六）其他信息：投递简历需登录湖南省水务规划设计院有限公司官网，下载应聘岗位申请表，将报名表发送至邮箱：********************（长期有效），所有证明材料及其他添加至应聘岗位审批表内，作为附件合并在一份word文档中（缺少证明材料不予审核），报名材料名称改为：应岗位+姓名+手机号码，例“注册土木工程师（水利水电）+张三+182XXXX4681”（简历材料中需含提供学历、职称、职业资格、业绩等扫描件证明材料）。应聘者提供简历材料及证书材料应该真实可验，经公司核验后与投递岗位要求不符，或提供虚假证书材料，一经发现将取消相关资格。 工作地点 开福区长沙市芙蓉北路二段158号 以担保或任何理由索要财物，扣押证照，均涉嫌违法。一经发现， 立即举报,"工程技术与设计服务,技术服务,电力/水利/热力/燃气",http://www.zhaopin.com/jobdetail/CCL1225581190J40734488013.htm?refcode=4019&srccode=401901&preactionid=2c65e767-d62d-480a-9a1a-f27b4caee880
技术中心负责人,西安达升科技股份有限公司,1.8-2.8万,西安·灞桥·新筑,广州,硕士,10年以上,7月22日,zhilian,"职位描述 工业物联网、自动化控制系统 人工智能 工业自动化/机器人 任职要求： 1. 精力充沛，能承受高强度工作； 2. 硕士+，计算机科学、自动化、机械工程、控制工程、人工智能等相关专业。10年研发/5年管理，需具备工业机器人、数据融通、AI导航中至少两个领域，条件优秀者可放宽至本科; 3. 核心技术统筹能力。能同时驾驭硬件（机械/电气）+ 软件（算法/平台）+ 系统（集成/部署）全栈技术。对达升现有业务线（工业机器人、数据融通、无人车、核环境机器人）有快速理解和技术整合能力，具备从0到1搭建技术体系和从1到N规模化复制的经验; 4. 数据融通技术深度（重点）。精通工业通信协议（Modbus、OPC UA、Profinet、EtherCAT等），熟悉协议解析技术; 5. 有工业数据中台、边缘计算、数字孪生平台架构设计经验，了解建筑、钢铁、水务、燃气等多行业数采场景; 6. 机器人/无人车技术，熟悉室内室外无人车技术栈：SLAM、路径规划、多传感器融合，了解移动机器人底盘控制、伺服系统、导航定位，具备产品工程化、量产化经验（非仅实验室阶段）; 7. 团队管理与落地能力.关键要求：有""强落地""基因，拒绝纯学术型、纯管理型，能建立技术评审、代码规范、项目管理、知识沉淀等机制，具备跨部门协调能力（技术-销售-项目-售后）; 8. 战略与商业思维。能将技术路线与公司战略需求、客户交付。 工作地点 西安市-灞桥区-国际港务区元朔大道东段2977号西安港科创产业园机器人园区C-2号 以担保或任何理由索要财物，扣押证照，均涉嫌违法。一经发现， 立即举报","工业物联网、自动化控制系统,人工智能,工业自动化/机器人",http://www.zhaopin.com/jobdetail/CC352665180J40867470409.htm?refcode=4019&srccode=401901&preactionid=2c65e767-d62d-480a-9a1a-f27b4caee880
系统集成售前技术支持工程师,天智互联网科技(杭州)有限公司,8000-12000元·13薪,杭州·西湖·灵隐,广州,本科,3-5年,7月17日,zhilian,职位描述 电气设备 智慧产品 软件产品 计算机软件 通信/网络设备 工程技术与设计服务 1. 需求对接与技术沟通 对接客户，深度挖掘、梳理客户信息化、弱电智能化、系统集成项目需求，参与项目前期技术交流、需求调研、现场踏勘，精准匹配客户业务痛点，合理引导客户技术需求与建设方向。 2. 解决方案编制设计 根据客户需求独立输出整体解决方案、技术建议书、PPT宣讲方案、实施方案、可行性报告等售前文档；熟悉网络、安防、智能化、机房建设、云计算、信息安全、综合布线等系统集成业务，可根据项目规模定制高适配、可落地的技术架构与建设方案。 3. 招投标全流程支持 负责招投标项目售前支撑，独立完成技术标编制、商务参数整理、投标清单配置、报价核算、资质资料整合；核对标书技术参数、评分点、响应条款，确保标书合规、满分响应，配合完成开标答疑、技术质询工作。 4. 方案宣讲与客户答疑 负责项目方案宣讲、产品演示、技术答疑、专家答辩，清晰通俗地向客户、评审专家讲解技术架构、项目优势、实施保障、售后体系，推动项目意向落地。 5. 报价核算与成本把控 配合销售完成项目预算、设备选型、清单梳理、成本核算与报价输出，熟悉主流厂商设备参数、渠道价格、行业配置标准，平衡项目可行性与利润空间。 6. 资源协同与项目衔接 联动销售、实施、采购、厂商资源，同步项目技术信息、需求变更、方案调整；沉淀项目案例、方案模板、标书库，持续优化售前标准化体系，协助完成项目前期立项、报备资料。 7. 市场与行业跟进 跟踪行业政策、智能化新技术、新产品及竞品方案，更新公司解决方案库与案例库，支撑新项目拓展与产品迭代。 二、任职要求 1. 学历与专业 大专及以上学历，计算机、网络工程、通信工程、电子信息、智能化、物联网等相关专业优先。 2. 工作经验 1-3年及以上系统集成、弱电智能化、信息化项目售前经验，能独立完成方案撰写、标书制作、客户对接；有政企招投标项目、智慧园区、智慧校园、机房建设、安防集成项目经验者优先。 3. 专业技能 • 熟悉系统集成全业务体系：综合布线、网络交换、视频监控、门禁对讲、机房工程、会议系统、云服务、信息安全等； • 精通招投标流程，熟练制作技术标、响应文件，熟悉政府采购、公开招标、邀标流程规则； • 熟练使用Office、PPT、Visio等工具，可独立绘制系统拓扑图、架构图、施工拓扑； • 熟悉华为、华三、海康、大华等主流厂商产品及方案优先。 4. 能力素质 • 具备优秀的文字撰写、逻辑梳理能力，方案结构清晰、落地性强； • 具备良好的商务沟通、宣讲表达、临场应答能力，可独立对接甲方及评标专家； • 抗压能力强，能适配多项目并行推进，严格把控标书质量与交付节点； • 严谨细致、责任心强，具备成本意识、风险意识与团队协作意识。 5. 其他要求 可接受阶段性出差、项目驻场沟通；持有HCIA/HCIP、智能化相关证书、软考证书者优先。 三、优先加分项 1. 有政府、国企、事业单位大型集成项目售前经验； 2. 具备项目落地实施经验，懂施工流程、验收标准、资料归档； 3. 擅长方案包装、案例美化，有成熟售前模板库； 4. 熟悉智慧安防、智慧楼宇、数据中心、信息化平台集成业务。 奖金绩效 项目提成，13薪，餐费补贴，出差补贴等 工作地点 杭州西湖区天际大厦509 以担保或任何理由索要财物，扣押证照，均涉嫌违法。一经发现， 立即举报,"电气设备,智慧产品,软件产品",http://www.zhaopin.com/jobdetail/CCL1460603320J40725003511.htm?refcode=4019&srccode=401901&preactionid=2c65e767-d62d-480a-9a1a-f27b4caee880
售前技术支持,重庆大斗人力资源管理有限公司,1.1-1.4万,成都·青白江·大同,广州,大专,1-3年,7月26日,zhilian,职位描述 人力资源系统售前支持 定制化方案设计 跨团队协作 工作职责 1. 负责公司人力资源系统产品的售前技术支持，包括需求调研、方案设计与产品演示。 2. 深入理解客户业务场景，结合产品功能为客户提供定制化的技术解决方案。 3. 配合销售团队完成客户沟通，解答技术疑问，推动项目签约与落地。 4. 收集客户反馈，提炼产品优化需求，协助研发团队迭代产品功能。 任职要求 1. 大专及以上学历，计算机、软件工程或人力资源管理相关专业优先。 2. 具备1年以上B端产品售前或技术支持经验，熟悉人力资源管理系统（HRIS）者优先。 3. 拥有良好的沟通表达能力与逻辑思维，能清晰传递技术方案的核心价值。 4. 具备快速学习能力，能快速掌握新产品的功能特性与技术原理。 工作地点 成都青白江区青白江万达广场写字楼 以担保或任何理由索要财物，扣押证照，均涉嫌违法。一经发现， 立即举报 客户,"人力资源系统售前支持,定制化方案设计,跨团队协作",http://www.zhaopin.com/jobdetail/CCL1526253760J40898263413.htm?refcode=4019&srccode=401901&preactionid=2c65e767-d62d-480a-9a1a-f27b4caee880
售前技术支持/五险一金,众前行(重庆)人力资源有限公司,1.1-1.5万,成都·青羊·草市街,广州,大专,1-3年,7月24日,zhilian,职位描述 云服务产品 HR SAAS产品 售前技术支持 人力资源数字化 工作职责 1. 对接客户需求，深入理解人力资源数字化场景下的业务痛点，提供针对性技术解决方案。 2. 负责产品演示、技术方案撰写与讲解，协助销售团队完成客户转化。 3. 参与客户需求调研与分析，输出需求文档并协同研发团队推进产品优化。 4. 解决客户在产品使用过程中的技术疑问，提供专业的技术支持与服务。 工作地点 成都青羊区万富大厦 以担保或任何理由索要财物，扣押证照，均涉嫌违法。一经发现， 立即举报 客户,"云服务产品,HR SAAS产品,售前技术支持,人力资源数字化",http://www.zhaopin.com/jobdetail/CCL1525399570J40866781907.htm?refcode=4019&srccode=401901&preactionid=2c65e767-d62d-480a-9a1a-f27b4caee880
售前技术支持/五险一金,众前行(重庆)人力资源有限公司,1.1-1.5万,西安·未央·张家堡,广州,大专,1-3年,7月24日,zhilian,职位描述 云服务产品 HR SAAS产品 售前技术支持 人力资源数字化 工作职责 1. 对接客户需求，深入理解人力资源数字化场景下的业务痛点，提供针对性技术解决方案。 2. 负责产品演示、技术方案撰写与讲解，协助销售团队完成客户转化。 3. 参与客户需求调研与分析，输出需求文档并协同研发团队推进产品优化。 4. 解决客户在产品使用过程中的技术疑问，提供专业的技术支持与服务。 工作地点 西安未央区云天大厦 以担保或任何理由索要财物，扣押证照，均涉嫌违法。一经发现， 立即举报 客户,"云服务产品,HR SAAS产品,售前技术支持,人力资源数字化",http://www.zhaopin.com/jobdetail/CCL1525399570J40866781507.htm?refcode=4019&srccode=401901&preactionid=2c65e767-d62d-480a-9a1a-f27b4caee880
售前技术支持/五险一金,众前行(重庆)人力资源有限公司,1.1-1.5万,长沙·雨花·高桥,广州,大专,1-3年,7月26日,zhilian,职位描述 云服务产品 HR SAAS产品 售前技术支持 人力资源数字化 工作职责 1. 对接客户需求，深入理解人力资源数字化场景下的业务痛点，提供针对性技术解决方案。 2. 负责产品演示、技术方案撰写与讲解，协助销售团队完成客户转化。 3. 参与客户需求调研与分析，输出需求文档并协同研发团队推进产品优化。 4. 解决客户在产品使用过程中的技术疑问，提供专业的技术支持与服务。 工作地点 长沙雨花区汇达大厦 以担保或任何理由索要财物，扣押证照，均涉嫌违法。一经发现， 立即举报 客户,"云服务产品,HR SAAS产品,售前技术支持,人力资源数字化",http://www.zhaopin.com/jobdetail/CCL1525399570J40866781307.htm?refcode=4019&srccode=401901&preactionid=2c65e767-d62d-480a-9a1a-f27b4caee880
售前技术支持,重庆大斗人力资源管理有限公司,1.1-1.4万,北京·丰台·看丹,广州,大专,1-3年,7月26日,zhilian,职位描述 人力资源系统售前支持 定制化方案设计 跨团队协作 工作职责 1. 负责公司人力资源系统产品的售前技术支持，包括需求调研、方案设计与产品演示。 2. 深入理解客户业务场景，结合产品功能为客户提供定制化的技术解决方案。 3. 配合销售团队完成客户沟通，解答技术疑问，推动项目签约与落地。 4. 收集客户反馈，提炼产品优化需求，协助研发团队迭代产品功能。 任职要求 1. 大专及以上学历，计算机、软件工程或人力资源管理相关专业优先。 2. 具备1年以上B端产品售前或技术支持经验，熟悉人力资源管理系统（HRIS）者优先。 3. 拥有良好的沟通表达能力与逻辑思维，能清晰传递技术方案的核心价值。 4. 具备快速学习能力，能快速掌握新产品的功能特性与技术原理。 工作地点 北京丰台区丰科万达广场写字楼 以担保或任何理由索要财物，扣押证照，均涉嫌违法。一经发现， 立即举报 客户,"人力资源系统售前支持,定制化方案设计,跨团队协作",http://www.zhaopin.com/jobdetail/CCL1526253760J40898263813.htm?refcode=4019&srccode=401901&preactionid=2c65e767-d62d-480a-9a1a-f27b4caee880
售前技术支持/五险一金,众前行(重庆)人力资源有限公司,1.1-1.5万,上海·杨浦·新江湾城,广州,大专,1-3年,7月24日,zhilian,职位描述 云服务产品 HR SAAS产品 售前技术支持 人力资源数字化 工作职责 1. 对接客户需求，深入理解人力资源数字化场景下的业务痛点，提供针对性技术解决方案。 2. 负责产品演示、技术方案撰写与讲解，协助销售团队完成客户转化。 3. 参与客户需求调研与分析，输出需求文档并协同研发团队推进产品优化。 4. 解决客户在产品使用过程中的技术疑问，提供专业的技术支持与服务。 工作地点 上海杨浦区叠纸大厦 以担保或任何理由索要财物，扣押证照，均涉嫌违法。一经发现， 立即举报 客户,"云服务产品,HR SAAS产品,售前技术支持,人力资源数字化",http://www.zhaopin.com/jobdetail/CCL1525399570J40866782207.htm?refcode=4019&srccode=401901&preactionid=2c65e767-d62d-480a-9a1a-f27b4caee880
售前技术支持,重庆大斗人力资源管理有限公司,1.1-1.4万,重庆·南岸·南坪,广州,大专,1-3年,7月26日,zhilian,职位描述 人力资源系统售前支持 定制化方案设计 跨团队协作 工作职责 1. 负责公司人力资源系统产品的售前技术支持，包括需求调研、方案设计与产品演示。 2. 深入理解客户业务场景，结合产品功能为客户提供定制化的技术解决方案。 3. 配合销售团队完成客户沟通，解答技术疑问，推动项目签约与落地。 4. 收集客户反馈，提炼产品优化需求，协助研发团队迭代产品功能。 任职要求 1. 大专及以上学历，计算机、软件工程或人力资源管理相关专业优先。 2. 具备1年以上B端产品售前或技术支持经验，熟悉人力资源管理系统（HRIS）者优先。 3. 拥有良好的沟通表达能力与逻辑思维，能清晰传递技术方案的核心价值。 4. 具备快速学习能力，能快速掌握新产品的功能特性与技术原理。 工作地点 重庆南岸区万达国际写字楼-1栋 以担保或任何理由索要财物，扣押证照，均涉嫌违法。一经发现， 立即举报 客户,"人力资源系统售前支持,定制化方案设计,跨团队协作",http://www.zhaopin.com/jobdetail/CCL1526253760J40898263613.htm?refcode=4019&srccode=401901&preactionid=2c65e767-d62d-480a-9a1a-f27b4caee880
售前技术支持/五险一金,众前行(重庆)人力资源有限公司,1.1-1.5万,深圳·龙岗·龙岗街道,广州,大专,1-3年,7月24日,zhilian,职位描述 云服务产品 HR SAAS产品 售前技术支持 人力资源数字化 工作职责 1. 对接客户需求，深入理解人力资源数字化场景下的业务痛点，提供针对性技术解决方案。 2. 负责产品演示、技术方案撰写与讲解，协助销售团队完成客户转化。 3. 参与客户需求调研与分析，输出需求文档并协同研发团队推进产品优化。 4. 解决客户在产品使用过程中的技术疑问，提供专业的技术支持与服务。 工作地点 深圳龙岗区富基置地大厦 以担保或任何理由索要财物，扣押证照，均涉嫌违法。一经发现， 立即举报 客户,"云服务产品,HR SAAS产品,售前技术支持,人力资源数字化",http://www.zhaopin.com/jobdetail/CCL1525399570J40866782007.htm?refcode=4019&srccode=401901&preactionid=2c65e767-d62d-480a-9a1a-f27b4caee880
售后技术支持/五险/不加班,重庆大斗人力资源管理有限公司,1.8-2.4万·14薪,武汉,北京,学历不限,经验不限,,zhilian,,"C/C++,系统管理员,IT技术支持,架构师,脚本开发,IT技术支持工程师,IT质量管理,IT技术员,运维工程师,车联网工程师,渗透测试,图像识别,游戏设计开发,架构师,配置管理,脚本开发,无人机组装测试,标准化工程师,IT质量管理",http://www.zhaopin.com/jobdetail/CCL1526253760J40899902813.htm?refcode=4019&srccode=401901&preactionid=7642fb37-c158-45d0-960b-d35464c6221e
AI视频合成解决方案员（包住宿）,长春市星榜科技有限公司,7000-11000元,长春·绿园·西新,北京,学历不限,经验不限,,zhilian,,全职,http://www.zhaopin.com/jobdetail/CCL1515574200J40758874606.htm?refcode=4019&srccode=401901&preactionid=7642fb37-c158-45d0-960b-d35464c6221e
技术支持工程师,苏州财佰量财务咨询有限公司,6000-8000元·13薪,潍坊·奎文·广文,北京,学历不限,经验不限,,zhilian,,"软件产品,智能产品",http://www.zhaopin.com/jobdetail/CCL1526480410J40834132816.htm?refcode=4019&srccode=401901&preactionid=7642fb37-c158-45d0-960b-d35464c6221e
技术研发类-技术工程岗,智联猎头,6000-8000元,昆明·五华·莲华,北京,大专,1-3年,,zhilian,,"软件产品,硬件产品,智能产品",http://www.zhaopin.com/jobdetail/CCL1318355140J40868513903.htm?refcode=4019&srccode=401901&preactionid=7642fb37-c158-45d0-960b-d35464c6221e
技术支持+双休+大厂,外企德科人力资源服务安徽有限公司,8000-10000元,乌鲁木齐·新市区·地窝堡乡,北京,本科,3-5年,,zhilian,,硬件产品,http://www.zhaopin.com/jobdetail/CC450090720J40877962110.htm?refcode=4019&srccode=401901&preactionid=394a2d69-cf03-4743-b5f7-1897a8231c60
【大厂外包】400售前岗（IT/数通产品售前助理）,河南诚猎人力资源有限公司,7000-11000元·14薪,成都·武侯·桂溪,北京,本科,1-3年,,zhilian,,"数通,HCIP,HCIE",http://www.zhaopin.com/jobdetail/CCL1483514250J40862901610.htm?refcode=4019&srccode=401901&preactionid=394a2d69-cf03-4743-b5f7-1897a8231c60
售前咨询工程师（2027届校招生）,太极计算机股份有限公司,8000-10000元,南昌·红谷滩,北京,硕士,经验不限,,zhilian,,软件产品,http://www.zhaopin.com/jobdetail/CC000058760J40877661910.htm?refcode=4019&srccode=401901&preactionid=394a2d69-cf03-4743-b5f7-1897a8231c60
技术支持-懂技术,武汉佰钧成技术有限责任公司,9000-13000元,武汉·洪山·关山,北京,大专,3-5年,,zhilian,,"软件产品,智能产品",http://www.zhaopin.com/jobdetail/CC364485720J40884148905.htm?refcode=4019&srccode=401901&preactionid=49ed0d80-9bc1-4ad6-ae93-35f7a9c0c823
售前技术支持,湖北微模式科技发展有限公司,8000-15000元,武汉·洪山·关山,北京,本科,5-10年,,zhilian,,"技术沟通,产品咨询",http://www.zhaopin.com/jobdetail/CC285131810J40377075511.htm?refcode=4019&srccode=401901&preactionid=49ed0d80-9bc1-4ad6-ae93-35f7a9c0c823
智慧林草管理系统售前工程师（南宁）(A192663),北京麦麦趣耕科技有限公司,8000-16000元,南宁·良庆·良庆镇,北京,学历不限,3-5年,,zhilian,,"智慧产品,智慧农业",http://www.zhaopin.com/jobdetail/CC881926390J40786380506.htm?refcode=4019&srccode=401901&preactionid=52217fad-30f2-4503-ab4b-19f734f8aee0
IT技术支持,苏州研航教育咨询有限公司,1500-3000元,苏州·相城·元和,北京,学历不限,1-3年,,zhilian,,"硬件/设备运维,软件运维,软件实施,Java",http://www.zhaopin.com/jobdetail/CCL1374650750J40854463510.htm?refcode=4019&srccode=401901&preactionid=52217fad-30f2-4503-ab4b-19f734f8aee0
售前咨询工程师（2027届校招岗位）,太极计算机股份有限公司,1.3-1.7万,北京·朝阳,北京,硕士,经验不限,,zhilian,,软件产品,http://www.zhaopin.com/jobdetail/CC000058760J40877659510.htm?refcode=4019&srccode=401901&preactionid=d2213bcd-70dd-4d1b-bc95-6ade3ace3207
售前技术工程师（BASE重庆，双休）,重庆诚智鹏科技有限责任公司,8000-16000元,重庆·两江新区,广州,本科,1-3年,,zhilian,,软件产品,http://www.zhaopin.com/jobdetail/CC275845880J40826914305.htm?refcode=4019&srccode=401901&preactionid=00022341-cadb-4e10-90b8-295556a0c0b3
产品技术工程师,永科视觉科技(深圳)有限公司,8000-12000元,深圳·南山·粤海,广州,本科,3-5年,,zhilian,,"数字孪生,GIS地理信息,LED显示技术",http://www.zhaopin.com/jobdetail/CCL1473055890J40920520115.htm?refcode=4019&srccode=401901&preactionid=8aab18b3-a10a-4cd9-8f0a-cdfa024742ff
售前技术支持工程师+双休,广州市锦顺人力资源有限公司,1.3-1.5万,杭州·拱墅·祥符,广州,本科,经验不限,,zhilian,,"软件产品,ERP系统,OA系统,CRM系统,B端客户技术支持,方案文档撰写,项目技术评估",http://www.zhaopin.com/jobdetail/CCL1485616120J40834969816.htm?refcode=4019&srccode=401901&preactionid=4eb4ac0a-14e8-4cae-870d-a732b703c71f
解决方案经理（数字化实验室产品）,北京普析通用仪器有限责任公司,1.2-1.8万,北京·平谷,广州,硕士,1-3年,,zhilian,,数字化产品,http://www.zhaopin.com/jobdetail/CC000336350J40678951416.htm?refcode=4019&srccode=401901&preactionid=4eb4ac0a-14e8-4cae-870d-a732b703c71f
物联网项目售前工程师,东方万弘物业管理有限公司,1-1.4万,北京·海淀·海淀街道,广州,本科,3-5年,,zhilian,,"电气设备,自动化设备,电气工程,医疗系统,智慧产品,智慧城市,智慧医疗",http://www.zhaopin.com/jobdetail/CC599680080J40835139216.htm?refcode=4019&srccode=401901&preactionid=4eb4ac0a-14e8-4cae-870d-a732b703c71f
事件运营/技术支持（全额五险一金，项目外包，自己场地办公，面试快！）,软通动力信息技术(集团)股份有限公司,9000-12000元,深圳·龙岗·坂田,广州,本科,1-3年,,zhilian,,"结构仿真,PCB LAYOUT,ALLEGO,售后支持",http://www.zhaopin.com/jobdetail/CC000544460J40517149816.htm?refcode=4019&srccode=401901&preactionid=7b8b775a-34e1-4611-9b73-031ce24a3f0f
多媒体技术员（清华大学）,碧桂园生活服务集团股份有限公司,5000-6000元·13薪,北京·海淀,广州,大专,1-3年,,zhilian,,"软件产品,通信设备",http://www.zhaopin.com/jobdetail/CC577299820J40895909003.htm?refcode=4019&srccode=401901&preactionid=41970399-fc63-4595-a31f-1b52e7ebee7f
售前工程师(A107542),北京麦麦趣耕科技有限公司,1-2万·15薪,北京·通州·台湖,广州,硕士,经验不限,,zhilian,,智慧产品,http://www.zhaopin.com/jobdetail/CC881926390J40754924806.htm?refcode=4019&srccode=401901&preactionid=a17eaa27-8573-4888-b67c-b9fbc3fcd8e7
数字化方案（非大陆区域CRM/ITR平台）,徐工集团,1.5-2.5万·14薪,徐州·贾汪区·大庙街道,广州,本科,5-10年,,zhilian,,数字化产品,http://www.zhaopin.com/jobdetail/CC120076170J40924159012.htm?refcode=4019&srccode=401901&preactionid=a17eaa27-8573-4888-b67c-b9fbc3fcd8e7
数控技术支持工程师（MTS）,新拓尼克科技研发中心 / Syntronic Beijing R&D Center,1.2-2.2万,南京·溧水·柘塘,广州,本科,5-10年,,zhilian,,"西门子,数控车床,MTS",http://www.zhaopin.com/jobdetail/CC134310320J40780500206.htm?refcode=4019&srccode=401901&preactionid=a17eaa27-8573-4888-b67c-b9fbc3fcd8e7
资深售前顾问（制造业数字化转型）,软通动力信息技术(集团)股份有限公司,1.8-2.5万,北京·海淀·马连洼,广州,本科,5-10年,,zhilian,,"机电设备,汽车,零部件,MES制造执行,QMS质量管理,APS排产、WMS仓储。",http://www.zhaopin.com/jobdetail/CC000544460J40817963216.htm?refcode=4019&srccode=401901&preactionid=a17eaa27-8573-4888-b67c-b9fbc3fcd8e7
