job_name,company_name,salary,work_area,city,education,work_year,issue_date,source,skill_requirements,tech_tags,job_url
高薪直招C牌多劳多得就近安排,苏州玖毅汽车服务有限公司,7000-13000元,苏州·张家港·大新,苏州,学历不限,经验不限,7月26日,zhilian_direct,岗位职责】 ·负责短途及长途客运驾驶任务 ·遵守交通法规 【职位要求】 ·持有C1/C2/B2驾照，驾龄1-2年 ·无一次性扣12分违章记录 ·可接受全职或兼职工作形式 【工作时间】 具体时间班次面议 【薪资福利】 ·薪资范围保底7000 ·提供住宿、交通补助、加班补助 工作地点 苏州张家港市JI MI原创设计集合店 以担保或任何理由索要财物，扣押证照，均涉嫌违法。一经发现， 立即举报,"C1驾驶证,面包车,4米2货车",http://www.zhaopin.com/jobdetail/CCL1516171460J40832947311.htm?refcode=4019&srccode=401901&preactionid=113dc73d-fcd7-429a-8327-838540e7ec04
C照货车司机,成都佳馨运供应链管理有限公司,7000-12000元,成都·青白江,成都,学历不限,经验不限,5月29日,zhilian_direct,岗位职责: 1、负责将公司库房货物送到地点(成都市内); 2、负责货物的领取，货物的装卸; 3、负责送货票据的签收和交接工作; 4、按标准送货，安全、及时、规范、高效，做好 送货、接货工作。任职要求: 1、识字会写字，初中以上文化; 2、持C1以上驾照，熟悉交通法规; 3、人品正直、诚实稳重、守时敬业; 4、身体健康，无不良嗜好，无安全事故记录; 5、吃苦耐劳，服从安排。 工作地点 成都青白江区大成工业园 以担保或任何理由索要财物，扣押证照，均涉嫌违法。一经发现， 立即举报,"C1驾驶证,货运司机,面包车司机",http://www.zhaopin.com/jobdetail/CCL1497267510J40898794703.htm?refcode=4019&srccode=401901&preactionid=113dc73d-fcd7-429a-8327-838540e7ec04
急招C照货运司机日结500/天,天津市快易行运输有限公司,8000-9000元,保定·定州·西城区,保定,学历不限,经验不限,6月30日,zhilian_direct,职位描述 C1驾驶证 C2驾驶证 栏板式货车 公司提供3.8米平板，负责保定～石家庄纸壳运输，一天一趟来回，底薪8000+提成+五险，综合工资9500左右，C1驾照，有货车经验，会用导航，能吃苦耐劳，开不了货车不能吃苦勿扰 工作地点 保定市-定州市-G107陈庄子社区西侧约250米1-101 以担保或任何理由索要财物，扣押证照，均涉嫌违法。一经发现， 立即举报,"C1驾驶证,C2驾驶证,栏板式货车",http://www.zhaopin.com/jobdetail/CCL1524085330J40877669505.htm?refcode=4019&srccode=401901&preactionid=113dc73d-fcd7-429a-8327-838540e7ec04
泉州-厦门当天往返C司机,福建泉州泽鑫供应链有限公司,9000-12000元,泉州·鲤城区·鲤中街道,泉州,学历不限,经验不限,10月16日,zhilian_direct,职位描述 C1驾驶证 就近安排 工作时间灵活 工作内容：泉州-厦门当天往返物流司机，不装不卸，点对点 职位要求：需要您具备C1驾照，工作地址就近安排。 薪资:10000-13000 工作内容简单，只要用心就能做好，能稳定的投递简历 工作地点 泉州鲤城区鲤城大酒店停车场 以担保或任何理由索要财物，扣押证照，均涉嫌违法。一经发现， 立即举报,"C1驾驶证,就近安排,工作时间灵活",http://www.zhaopin.com/jobdetail/CCL1468103780J40461397607.htm?refcode=4019&srccode=401901&preactionid=113dc73d-fcd7-429a-8327-838540e7ec04
石河子C（9:00-17:00）周末双休+绝不加班+六险一金,中国平安,面议,石河子市·石河子镇,石河子市,大专,经验不限,7月26日,zhilian_direct,职位描述 工作简单 绝不加班 提供资源 划分私域 领导可爱 同事暖心 周末双休 五险一金 【招聘部门】平安集团-网格部（不是代理人，不是区拓，不是普惠，不是综合金融）平安未来10年核心部门 【招聘岗位】社区网格专员（老客户服务维护+二次开发／二次续费） 【七大优势】岗位有意向有兴趣可随时投递~HR本人24小时在线~ 1、【时间】不加班，朝九晚六，固定周末双休，法定节假日跟着国家放 2、【客户】公司提供精准客户资源转化，客户网格集中划分，不用东奔西跑 3、【薪资】保底工资高，保底工资不挂钩业绩 4、【保障】签劳动合同，买五险一金 5、【位置】上班市中心，交通通勤便利 6、【形式】不用枯燥打电话，不用陌拜，外勤自由 7、【产品】产品多样化，只要是平安集团旗下的产品都包含 【工资】 1、入职前1-3个月考察期专员：保底工资+新人津贴600-10000+提成（考察期到手薪资平均8000） 2、入职3-6个月及之后： 高级专员薪资：保底工资+600-10000新人津贴+提成（到手薪资平均9000-20000+） 保底工资和业绩不挂钩，可以全拿 3、签劳动合同，购买五险一金 【工作内容】 1、线上服务+客情维护原有老客户（分配到企业微信），公司会分配网格和分配客户资源 2、对有需求有意向客户进行拜访或约面，促进成交 3、总结：老客户维护服务，管理+二次续费或二次开发 【产品】 平安集团旗下的产品都包含，包括但不止于：理财，信用卡等等，领域之外的教育和医疗系统（具体看客户需求） 【上班时间】 1、朝九晚六，不加班！ 2、周末双休，不加班！ 3、法定节假日休息，不加班！ 工作地点 石河子市新华书店(天山路店) 以担保或任何理由索要财物，扣押证照，均涉嫌违法。一经发现， 立即举报,"工作简单     绝不加班,提供资源   划分私域,领导可爱   同事暖心",http://www.zhaopin.com/jobdetail/CC000204810J40918196212.htm?refcode=4019&srccode=401901&preactionid=113dc73d-fcd7-429a-8327-838540e7ec04
招给公司开车C照货运司机,杭州曜顺供应链有限责任公司,1-1.2万,杭州·萧山·宁围,杭州,学历不限,经验不限,6月15日,zhilian_direct,岗位职责： 1. 负责江浙区域（杭嘉湖绍兴-—周边城市）200-300公里短途专线货物运输，主要配送百货轻抛货、托盘物料等普货 2. 按公司调度指令准时完成配送任务，日均出车1趟，月出勤满26天 3. 驾驶公司提供的4.2米新能源电箱货车，确保行车安全与车辆日常基础检查 4. 配合装卸环节（大部分无需装卸，确需参与时另计装卸费） 5. 遵守交通法规及公司运输管理规范，及时反馈运输异常情况 任职要求： 1. 持有效C1或C2驾驶证，驾龄1年以上，无重大交通责任事故记录 2. 身体健康，能适应短途城际配送节奏，服从线路统筹安排 3. 无经验者可接受免费岗前培训，公司专人带教上岗 4. 诚信踏实，责任心强，具备基本沟通与应急处理能力 5. 学历不限，初中及以上文化程度优先 待遇：月收入9000-13000 工作地点 杭州萧山区建设三路 以担保或任何理由索要财物，扣押证照，均涉嫌违法。一经发现， 立即举报,"4米2货车,C1驾驶证,厢式货车,短途货运",http://www.zhaopin.com/jobdetail/CCL1501453640J40889220313.htm?refcode=4019&srccode=401901&preactionid=113dc73d-fcd7-429a-8327-838540e7ec04
急募C照货运司机（不装卸 纯开车）,合肥万好运供应链服务有限责任公司,8000-12000元,宿州·埇桥区·汴河街道,宿州,学历不限,经验不限,7月6日,zhilian_direct,岗位职责：公司安排订单进行货物运送，不装卸，公司提供车辆提供货源。 工作地点：中长途。 工作时间：早上八点到下午7点左右，弹性工作时间. 职位福利： 1，公司提供新能源车，4米2厢货，不需要租车买车. 2，全职货车司机，晋升空间大：司机-优秀司机-小队长-中队长-大队长-司管-负责人。 3.综合薪资8000—12000元/月。 应聘要求： 1、性别不限，C1及以上驾照，1年以上实际驾驶经验。 2、熟悉本地路况或熟悉GPS导航操作。 3、有上进心，踏实努力。 投递简历即可 工作地点 埇桥区宿州市政务服务中心 以担保或任何理由索要财物，扣押证照，均涉嫌违法。一经发现， 立即举报,"C1驾驶证,C2驾驶证,厢式货车,4米2货车,长途货运",http://www.zhaopin.com/jobdetail/CCL1486667160J40790281511.htm?refcode=4019&srccode=401901&preactionid=113dc73d-fcd7-429a-8327-838540e7ec04
C/C++/Java/JS/Python软开（接受断档25届）,外企德科数字技术有限公司,1.5-3万,广州·天河·棠下,广州,本科,经验不限,7月26日,zhilian_direct,职位描述 JavaScript Python C++ Spring MySQL 产业互联网平台 计算机软件 主要地点：（东莞、深圳、杭州、 西安，苏州、上海，武汉，成都，南京、北京）十大研究所，少量（广州、长沙、济南）三个办事处 （1）导师制培训机制，新人入职后半年以上会有导师一对一带教 （2） 部门：ICT(公开，光，计算，无线，数存等 ) 、华为云、2012(中硬，中软，中媒)、消费者BG、BPIT、上海海思、Carbu、数字能源等 （3） 全程线上面试，流程随时跟进可查 一、软件开发工程师 热爱编程，熟悉掌握Java/C++/C/Python/Web开发等编程语言中的一种或多种编程语言，扎实的编程功底 二、算法工程师 1、熟练掌握Java/C/C++/Python其中一个或多个编程语言，有扎实的编程功底；熟悉机器学习、深度学习或图像算法 三、软件测试工程师 1. 热爱编程，熟悉掌握C/C++/Java/Python等编程语言中的一种或多种编程语言，扎实的编程功底 2.有web开发或测试经验、自动化开发或测试经验者优先。 3.熟练掌握系统测试、功能测试、专项测试、软件测试、韧性测试、安全测试方法中的一种或多种方法，有相关测试语言/脚本的编写和实践经验优先 四、数据开发、数据分析岗 工作地点 广州天河区南方通信大厦9层 以担保或任何理由索要财物，扣押证照，均涉嫌违法。一经发现， 立即举报 客户,"JavaScript,Python,C++,Spring,MySQL",http://www.zhaopin.com/jobdetail/CCL1480117890J40858637605.htm?refcode=4019&srccode=401901&preactionid=113dc73d-fcd7-429a-8327-838540e7ec04
急招C照货运司机日结500/天,天津恒远搬家服务有限公司,9000-10000元,保定·竞秀·韩村,保定,学历不限,经验不限,7月17日,zhilian_direct,职位描述 C1驾驶证 栏板式货车 短途货运 同城配送 公司给司机师傅免费安排车辆 1路线规划：京津冀配送 主要送机器 2运输时间：早上八点，一天一趟，送完休息 3薪资：底薪8000+五险+意外险+提成（一个月10000左右） 4工资每个月20号发放，不拖欠，入职半个月可以预支 福利待遇好，工作稳定，长期有活 工作地点 保定竞秀区河北久秉机器人制造有限公司 以担保或任何理由索要财物，扣押证照，均涉嫌违法。一经发现， 立即举报,"C1驾驶证,栏板式货车,短途货运,同城配送",http://www.zhaopin.com/jobdetail/CCL1346566760J40789840106.htm?refcode=4019&srccode=401901&preactionid=113dc73d-fcd7-429a-8327-838540e7ec04
消防监控值班员C,京沃消防维保技术(辽宁)有限公司,4000-5000元,葫芦岛·连山区·兴工街道,葫芦岛,高中,经验不限,7月26日,zhilian_direct,职位描述 商业办公场所 工作内容：8小时工作制 不加班 倒班（8-16点，16-24点，24-8点）双人值班 1、在中控室操作主机平台，调取查阅监控录像 2、组织企业消防演练，记录值班日记 3、迎接消防安全检查，准备迎检文书工作 4、消防安全周安全月的宣传工作 工资待遇： 固定薪资4200到手，五险一金，包食宿。月休6-8天。 岗位要求： 1、大专及以上学历，学历能力强 2、退伍军人优先考虑（学历可适当降低） 3、身体健康，无不良嗜好，无重大疾病传染性疾病 4、无纹身无违法违纪。 工作地点 连山区葫芦岛市中心 以担保或任何理由索要财物，扣押证照，均涉嫌违法。一经发现， 立即举报,商业办公场所,http://www.zhaopin.com/jobdetail/CCL1488186380J40865150810.htm?refcode=4019&srccode=401901&preactionid=113dc73d-fcd7-429a-8327-838540e7ec04
公司直招C照货运司机,南京鑫驿达物联科技有限公司,8000-10000元,滁州·琅琊区·凤凰街道,滁州,学历不限,经验不限,7月13日,zhilian_direct,职位描述 B2驾驶证 C1驾驶证 C2驾驶证 栏板式货车 厢式货车 4米2货车 长途货运 直招，所有货源和车辆公司提供，面试通过第二天上班，有经验的师傅可以安排几天跑跑看，这几天也有工资 工作内容： 小长途，服从调度员的安排，按照调度指定的路线送货，主要送仓库的托盘整货，不需要装卸，跑周边城市，每天300公里左右的总里程 月薪8000-9500多劳多得。工作时间:8:00-18:00左右 再次申明，纯司机只负责开车，承诺不收任何费用!!不租车不卖车!不会当面一套背后一套，要能干活的人! 工作地点 滁州琅琊区茂业长江商贸城不装不卸 以担保或任何理由索要财物，扣押证照，均涉嫌违法。一经发现， 立即举报,"B2驾驶证,C1驾驶证,C2驾驶证,栏板式货车,厢式货车,4米2货车,长途货运",http://www.zhaopin.com/jobdetail/CCL1384060270J40920264612.htm?refcode=4019&srccode=401901&preactionid=113dc73d-fcd7-429a-8327-838540e7ec04
C照司机送工厂货物(不需要装卸),深圳市胜心物流运输有限公司,8000-13000元,东莞·大朗镇,东莞,学历不限,经验不限,7月16日,zhilian_direct,职位描述 C1驾驶证 B2驾驶证 C2驾驶证 厢式货车 栏板式货车 特种车 4米2货车 短途货运 长途货运 同城配送 工作时间10-11小时。 职位要求：吃苦耐劳。每天10小时，白班 不用装卸货。 我们优势：上班自由，工作轻松，收入可观，一天只送两三趟，送完就下班。可来试工，觉得合适在做 工作地点 广东省东莞市银朗南路490号 以担保或任何理由索要财物，扣押证照，均涉嫌违法。一经发现， 立即举报,"C1驾驶证,B2驾驶证,C2驾驶证,厢式货车,栏板式货车,特种车,4米2货车,短途货运,长途货运,同城配送",http://www.zhaopin.com/jobdetail/CCL1510301880J40887553613.htm?refcode=4019&srccode=401901&preactionid=113dc73d-fcd7-429a-8327-838540e7ec04
C照司机0费用,四川智行易达运力科技有限公司,6000-7000元,成都·蒲江·鹤山,成都,学历不限,经验不限,7月21日,zhilian_direct,职位描述 C1驾照 公司提供电车 2-3年驾龄 1、主要负责接送都江堰、青城山、熊猫基地、宽窄巷子、黄龙溪、双机场接送乘客等 2、有专业车管负责公司车辆保养、维修工作等吧 人员任职资格：1。C1C2驾龄满三年等，能熟悉导航使用。 无不良驾驶记录，无重大事故及交通违章，具有较强的安全意识； 3、具有一定的服务意识； 4、为人踏实、老实忠厚责任心强。 5。保底收入6000＋提成，综合薪资8000-9000月休4天，自行安排时间休息，可以连续休息 工作地点 成都蒲江县蒲园 以担保或任何理由索要财物，扣押证照，均涉嫌违法。一经发现， 立即举报,"C1驾照,公司提供电车,2-3年驾龄",http://www.zhaopin.com/jobdetail/CCL1502325170J40867647805.htm?refcode=4019&srccode=401901&preactionid=113dc73d-fcd7-429a-8327-838540e7ec04
C照短途司机,河南闪达物流服务有限公司,8000-13000元,郑州·新郑·新村,郑州,学历不限,经验不限,7月13日,zhilian_direct,职位描述 C1驾驶证 C2驾驶证 栏板式货车 面包车 4米2货车 6米2货车 5米2货车 厢式货车 短途货运 同城配送 男女不限，户籍不限 3 每天工作时间8小时左右 4 每个月做26天，月休4天，如有事，请假 5 热爱物流行业，服务意识强。 6 服从公司安排 ，能吃苦耐劳，踏实稳定。 7 负责公司区域配送线路及任务执行，回单交接，客户维护等。 8 部分优质线路先到先得，可以直接投递简历，工作人员筛选电话回复。 职位亮点：市区配送，早八晚六，不熬夜，不加班！ 工作地点 郑州新郑市新村村 以担保或任何理由索要财物，扣押证照，均涉嫌违法。一经发现， 立即举报,"C1驾驶证,C2驾驶证,栏板式货车,面包车,4米2货车,6米2货车,5米2货车,厢式货车,短途货运,同城配送",http://www.zhaopin.com/jobdetail/CCL1505064050J40950442208.htm?refcode=4019&srccode=401901&preactionid=113dc73d-fcd7-429a-8327-838540e7ec04
C照4.2米箱货车司机,河南货搭搭物流服务有限公司,8000-9000元,三门峡·陕州区,三门峡,学历不限,经验不限,7月24日,zhilian_direct,职位描述 C1驾驶证 1.招C1司机，开4.2米箱货车， 2.送京东快递，关林——洛阳九县六区、济源、孟州，一天两趟，仓对仓， 3.需要自己用地牛装车，有装货平台，操作很简单，不需要卸车， 4.C1驾照即可 工作地点 陕州区京东快递(三门峡天鹅湖营业部) 以担保或任何理由索要财物，扣押证照，均涉嫌违法。一经发现， 立即举报,C1驾驶证,http://www.zhaopin.com/jobdetail/CCL1473979810J40840799711.htm?refcode=4019&srccode=401901&preactionid=113dc73d-fcd7-429a-8327-838540e7ec04
招聘c票司机，缴纳五险，每周单休，给新车试驾，八小时班,吉林省晟中人力资源服务有限公司,5000-9000元,长春·农安·巴吉垒,长春,学历不限,经验不限,6月9日,zhilian_direct,职位描述 C1驾驶证 新车试驾员 C票司机就可以 入职缴纳五险 每周单休 月薪5000——6000 工作地点 长春市-农安县-巴吉垒镇中铁四局一公司 以担保或任何理由索要财物，扣押证照，均涉嫌违法。一经发现， 立即举报 客户,C1驾驶证,http://www.zhaopin.com/jobdetail/CCL1427260460J40902887812.htm?refcode=4019&srccode=401901&preactionid=113dc73d-fcd7-429a-8327-838540e7ec04
软件开发实习生（C）,上海天科万理数字科技有限公司,200-300元/天,上海·浦东·张江,上海,本科,经验不限,7月22日,zhilian_direct,职位描述 可转正 实习证明 C语言 Python 嵌入式开发 MySQL Oracle 软件模块编码 功能调试优化 代码规范维护 工作职责 1. 参与嵌入式软件模块的编码实现，协助完成功能调试与性能优化。 2. 协助进行数据库（MySQL/Oracle）相关的开发与数据处理工作。 3. 配合团队完成软件建模及文档编写，确保代码规范与可维护性。 任职要求 1. 计算机、电子信息等相关专业在读本科生或研究生，熟悉C语言编程基础。 2. 了解C++/C/Python中至少一种语言，对嵌入式开发有一定兴趣。 3. 具备良好的逻辑思维能力与问题解决能力，能快速学习新技术。 工作地点 上海浦东新区矽岸国际 以担保或任何理由索要财物，扣押证照，均涉嫌违法。一经发现， 立即举报,"C语言,Python,嵌入式开发,MySQL,Oracle,软件模块编码,功能调试优化,代码规范维护",http://www.zhaopin.com/jobdetail/CCL1490866770J41002241102.htm?refcode=4019&srccode=401901&preactionid=113dc73d-fcd7-429a-8327-838540e7ec04
到点开溜的轻松文职岗位C,河北鸿联九五信息产业有限公司,4000-5000元,张家口·宣化区·南大街街道,张家口,学历不限,经验不限,7月18日,zhilian_direct,职位描述 倒班制 不涉及销售 办公室办公 到点下班 工作内容：解答问题，没有销售性质，工作内容简单 轻松 班次 八小时排班制 宣化区，怀来区两个职场，上班可在就近职场 其他福利： 1、每月水果日、生日会、生日礼品、不定期举行工资游戏、团建， 2、特殊节日有公司活动，例如95日，38妇女节等 3、带薪年假，入职满一年有5天年假 4、法定节假日三薪、婚假，丧假，哺乳假等 工作地点 张家口宣化区鸿联九五信息产业有限公司4楼 以担保或任何理由索要财物，扣押证照，均涉嫌违法。一经发现， 立即举报,"倒班制,不涉及销售,办公室办公,到点下班",http://www.zhaopin.com/jobdetail/CC214743410J40760021807.htm?refcode=4019&srccode=401901&preactionid=113dc73d-fcd7-429a-8327-838540e7ec04
大连C票司机/短途/不装卸/多区配送,大连运捷通汽贸有限公司,7000-10000元,大连·甘井子·泡崖,大连,学历不限,经验不限,6月3日,zhilian_direct,岗位职责】 - 负责货物安全、准时运输 【职位要求】 - 持有C1或C2驾照，驾龄1-2年 - 无酒驾、重大交通事故记录 - 无一次性扣12分违章行为 - 无需装卸货，轻松上手 工作地点 大连甘井子区春熙购物广场 以担保或任何理由索要财物，扣押证照，均涉嫌违法。一经发现， 立即举报,C1驾驶证,http://www.zhaopin.com/jobdetail/CCL1511781260J40850826505.htm?refcode=4019&srccode=401901&preactionid=113dc73d-fcd7-429a-8327-838540e7ec04
武汉跨越C照4.2米货运司机7~9K,跨越速运,7000-9000元,武汉·洪山·关山,武汉,学历不限,经验不限,7月20日,zhilian_direct,职位描述 C1驾驶证 厢式货车 4米2货车 短途货运 武汉跨越洪山区诚聘4.2箱货老司机 早7~晚7长白班12小时打卡制（托盘货）月休4天 4.2米厢式货车带尾板，需要自己装卸货物（货物重量三四十斤，中大件为主） 综合计件7~9k，有经验接受装卸货物优先！！ 工作地点 武汉洪山区洪山建设工程质量检测有限公司跨越速运 以担保或任何理由索要财物，扣押证照，均涉嫌违法。一经发现， 立即举报,"C1驾驶证,厢式货车,4米2货车,短途货运",http://www.zhaopin.com/jobdetail/CC574811320J40863737611.htm?refcode=4019&srccode=401901&preactionid=113dc73d-fcd7-429a-8327-838540e7ec04
c/C++实习生,深圳市同强信息技术有限责任公司,150-200元/天,深圳·南山·南头,深圳,大专,经验不限,7月2日,zhilian_direct,职位描述 可转正 实习证明 C/C++ Linux开发 QT开发 SQLite STL Qt 工作职责: 1.基于C/C++的信息安全产品设计、开发。 2.参与系统的整体设计，产品模块的技术开发。 3.编写技术文档。 岗位要求： 1.掌握Windows 或 Linux环境下C/C++编程语言。 2.熟悉TCP/IP、UDP等网络协议及基本网络知识。 3.熟练QT开发技术。 4.熟悉多线程、文件IO、Socket通信等服务程序开发。 提醒：面试有笔试环节，需要线下面试的 工作地点 深圳南山区南头城莲花广场明江大厦418 以担保或任何理由索要财物，扣押证照，均涉嫌违法。一经发现， 立即举报,"C/C++,Linux开发,QT开发,SQLite,STL,Qt",http://www.zhaopin.com/jobdetail/CC596255120J40895376815.htm?refcode=4019&srccode=401901&preactionid=d84c1a32-5edd-4c0a-a713-c246b59db64f
K F C 下班结/3公里/免车住,上海森成快递有限公司,4000-8000元,济南·历下·舜华路,广州,学历不限,经验不限,7月25日,zhilian,"职位描述 公司提供电动车/摩托车 餐饮外卖 生鲜蔬果 会骑电动车 1个月 2个月 3个月 短期兼职 都是可以的 【身无分文，急需用钱，想换工作，短期过渡的来，可预支工资】 一薪资待遇: 1.只要你勤快工资随便开，工资日结周结半月结，按单计算，多劳多得。 2.公司直招，不会收取任何押金费用 我们主要做全城的餐饮配送，负责3公里内的接单和送单, 全职8000-10000，全城均可就近分配，可提供车住当日面试当日即可上岗跑单挣钱! 3.不定时出活动，完成多少奖励多少的奖励制度， 三.，没有电动车的公司可以提供，家远的也可以提供住宿。（入职电瓶车可以骑回家使用，离职归还） 工作地点 临沂炒鸡烧烤大排档(龙湖上城店)临沂炒鸡大排档 山东省济南市历下区舜华路街道舜扬北街与舜扬西路交汇处南50米路西 以担保或任何理由索要财物，扣押证照，均涉嫌违法。一经发现， 立即举报","公司提供电动车/摩托车,餐饮外卖,生鲜蔬果,会骑电动车",http://www.zhaopin.com/jobdetail/CC466606330J40875635314.htm?refcode=4019&srccode=401903&preactionid=f302b78f-e72f-4f83-a0be-adf2f3969ac6
C/C++（base上海浦东-QT-线上面试-流程快）,深圳建广数字科技有限公司青岛分公司,1.2-1.6万,苏州·姑苏·苏锦,广州,大专,3-5年,7月25日,zhilian,职位描述 C语言 QT开发 工业自动化/机器人 基本情况： 1、外包项目；1周到岗；线上2轮面试； 2、方向：硬件控制、上位机、机械控制、工业设备控制的开发； 3、薪资：13-15K；全额社保；5号发薪；劳动合同，试用期3个月8-9折； 4、【统招本科】2年起，【统招大专】4年起；学信网可查； 5、作息：弹性打卡，8:30/9:30-17：00/18:00 午休1.5小时； 6、人选性格温和、有抗压能力、灵活主动； 7、地点：上海浦东新区张东路1525号； 技能要求： 1. 熟练使用C/C++编程语言，熟练掌握面向对象思想编程 2. 熟练掌握 Qt Framework（Qt Widgets 或 QML/Qt Quick），深入理解 Qt 的信号与槽（Signals & Slots）机制、事件循环、元对象系统。 3. 熟练使用 Qt Creator 开发环境，掌握 CMake 或 QMake 构建工具。 4. 熟练使用 linux 系统，熟悉git版本管理 工作地点 苏州姑苏区万达广场(平江店) 以担保或任何理由索要财物，扣押证照，均涉嫌违法。一经发现， 立即举报,"C语言,QT开发",http://www.zhaopin.com/jobdetail/CCL1320891960J40864908611.htm?refcode=4019&srccode=401903&preactionid=f302b78f-e72f-4f83-a0be-adf2f3969ac6
c照托盘纸箱货运纯司机，不装不卸,常州盛典物流有限公司,1-1.3万,杭州·临平·乔司,广州,学历不限,1-3年,7月25日,zhilian,职位描述 C1驾驶证 长途货运 2年以上货运驾驶经验 熟悉本地及周边路况 货物安全意识 工作职责 1. 负责公司指定货物的运输任务，严格遵守交通法规与公司运输安全规范，确保货物准时、安全送达目的地。 2. 承担车辆日常检查与维护工作，包括车况检查、油液补充、故障排查等，保障车辆运行状态良好。 3. 配合仓库完成货物装卸，核对货物清单与数量，确保货物信息准确无误。 4. 合理规划运输路线，优化行驶方案，降低运输成本与时间消耗。 任职要求 1. 持有C1及以上驾驶证，具备2年以上货运驾驶经验，无重大交通事故记录。 2. 熟悉本地及周边地区路况，具备良好的路线规划能力，能独立完成长途运输任务。 3. 具备较强的货物安全意识，了解货物装载、固定及防护的基本要求。 4. 工作责任心强，服从调度安排，具备良好的沟通能力与服务意识。 工作地点 杭州临平区启飞物流园 以担保或任何理由索要财物，扣押证照，均涉嫌违法。一经发现， 立即举报,"C1驾驶证,长途货运,2年以上货运驾驶经验,熟悉本地及周边路况,货物安全意识",http://www.zhaopin.com/jobdetail/CCL1525822170J40877741614.htm?refcode=4019&srccode=401903&preactionid=f302b78f-e72f-4f83-a0be-adf2f3969ac6
急招给公司开车C照小车司机,众帮行(东莞)新能源科技有限公司,9000-10000元,东莞·东城街道,广州,学历不限,1-3年,7月25日,zhilian,职位描述 公司提供电车 C1驾照 C2驾照 1-2年驾龄 2-3年驾龄 3-5年驾龄 急招给公司开车C照小车司机 驾龄满一年以上 职位收费项明细公示 车辆租赁费用和押金明细 北汽租金2400押金600 退押金的标准 车俩无损 保证金离职后七天后退回 是否还有其他收费项目？ 无其他收费 *注：我司承诺，以上为我司现有的网约车司机收益分配方案，除此之外无其他扣除或交纳收费项。同时我司不存在任何以租代购、分期/担保租车/购车、挂靠等不当经营行为。同意遵守《智联招聘信息发布规则》的规定，否则我司承担由此产生的一切责任。 工作地点 东莞东城街道办事处 以担保或任何理由索要财物，扣押证照，均涉嫌违法。一经发现， 立即举报,"公司提供电车,C1驾照,C2驾照,1-2年驾龄,2-3年驾龄,3-5年驾龄",http://www.zhaopin.com/jobdetail/CCL1495194410J40847980710.htm?refcode=4019&srccode=401903&preactionid=f302b78f-e72f-4f83-a0be-adf2f3969ac6
直招C/C2司机网约车/入职公司配车,深圳市道乐汽车租赁有限公司,8000-13000元,深圳·龙岗·南湾,广州,学历不限,3-5年,7月25日,zhilian,职位描述 公司提供电车 C1驾照 C2驾照 B1驾照 B2驾照 3-5年驾龄 无犯罪、酒驾记录 近1年无记满12分记录 熟练使用导航 上班时间自由，可过渡 公司提供合规新能源车，车型种类居多，可随意挑选。 车辆正常维修，保养，年审费用全部由公司承担。 有无经验均可，车辆24小时归司机自己保管。工作时间。自行安排 [福利待遇] 有保底!综合月收入7000-13000元。具体收入以司机本人出勤时间决定，多劳多得。公司定期有奖励(电补、现金，年节福利)。免费培训，，轻松加入。[岗位要求] 1:男女不限，身体健康。 2:驾驶证满三年，近三个记分周期内未扣满12分。 3:无不良记录，无重大交通事故、酒驾及其他犯罪记录。 欢迎咨询，给你最专业满意的解答 职位收费项明细公示 是否还有其他收费项目？ 1.违章保证金2000，清理处理好违章会退还 2.一个月流水达到9000，会扣除4000用车成本。如未到9000，会按照实际使用使用天数每天扣除133元计算。 *注：我司承诺，以上为我司现有的网约车司机收益分配方案，除此之外无其他扣除或交纳收费项。同时我司不存在任何以租代购、分期/担保租车/购车、挂靠等不当经营行为。同意遵守《智联招聘信息发布规则》的规定，否则我司承担由此产生的一切责任。 工作地点 深圳龙岗区建华暖通大厦309 以担保或任何理由索要财物，扣押证照，均涉嫌违法。一经发现， 立即举报,"公司提供电车,C1驾照,C2驾照,B1驾照,B2驾照,3-5年驾龄,无犯罪、酒驾记录,近1年无记满12分记录,熟练使用导航,上班时间自由，可过渡",http://www.zhaopin.com/jobdetail/CCL1512479810J40937386015.htm?refcode=4019&srccode=401903&preactionid=f302b78f-e72f-4f83-a0be-adf2f3969ac6
个案管理师 孙逸仙医院C,康龙化成(成都)临床研究服务有限公司,8000-12000元,广州·海珠·瑞宝,广州,本科,1-3年,7月25日,zhilian,岗位职责： 1.熟练运用海心智能全病程管理平台，配合科主任工作，帮助医生进行肿瘤患者流程管理。 2.协助患者完成平台注册，建立专属疾病档案，根据医生治疗方案，制定个体化的治疗及用药管理计划。 3.主动管理离院患者，围绕并发症预防与支持、不良反应监测与预警、生活质量提升、营养评估与干预、心理健康支持及疼痛管理等多维度，提供系统性服务支撑。 4.及时解答患者疑问，发现异常第一时间反馈医生，及时处理不良反应，改善患者生活质量。 5.观察临床管理痛点，提出流程改进建议（如患者随访流程、教育形式优化），提升团队协作效率。 3.任职要求： 1.教育背景：本科及以上学历，医学、药学、护理等相关专业。 2.经验要求：至少2年临床肿瘤科（乳腺癌、肺癌、胃肠肿瘤等）护理、患者教育管理或不良反应信息采集经验。 3.能力匹配： -具备“患者至上、责任担当”的职业信念，有韧性与持续学习意愿。 -掌握肿瘤学知识，熟练运用全病程管理框架；沟通协调、情景决策能力突出。 -有流程优化意识，能从实践中提炼创新方法；愿意赋能他人，推动团队共同进步。 -优先条件：有参与多中心临床试验经验或持有GCP考核证书者优先。 工作地点 广州海珠区中山大学孙逸仙纪念医院(南院区)南院区 花都院区跨 以担保或任何理由索要财物，扣押证照，均涉嫌违法。一经发现， 立即举报,"肿瘤患教,患者管理,临床协调",http://www.zhaopin.com/jobdetail/CCL1342438610J40778049106.htm?refcode=4019&srccode=401903&preactionid=f302b78f-e72f-4f83-a0be-adf2f3969ac6
沙市区C （9:00-17:00）周末双休+绝不加班+六险一金,中国平安,面议,荆州·沙市区·中山街道,广州,大专,经验不限,7月25日,zhilian,职位描述 工作简单 绝不加班 划分私域 提供资源 领导可爱 同事暖心 周末双休 五险一金 【招聘部门】平安集团-网格部（不是代理人，不是区拓，不是普惠，不是综合金融）平安未来10年核心部门 【招聘岗位】社区网格专员（老客户服务维护+二次开发／二次续费） 【七大优势】岗位有意向有兴趣可随时投递~HR本人24小时在线~ 1、【时间】不加班，朝九晚六，固定周末双休，法定节假日跟着国家放 2、【客户】公司提供精准客户资源转化，客户网格集中划分，不用东奔西跑 3、【薪资】保底工资高，保底工资不挂钩业绩 4、【保障】签劳动合同，买五险一金 5、【位置】上班市中心，交通通勤便利 6、【形式】不用枯燥打电话，不用陌拜，外勤自由 7、【产品】产品多样化，只要是平安集团旗下的产品都包含 【工资】 1、入职前1-3个月考察期专员：保底工资+新人津贴1000-10000+提成（考察期到手薪资平均8000） 2、入职3-6个月及之后： 高级专员薪资：保底工资+1000-10000新人津贴+提成（到手薪资平均9000-20000+） 保底工资和业绩不挂钩，可以全拿 3、签劳动合同，购买五险一金 【工作内容】 1、线上服务+客情维护原有老客户（分配到企业微信），公司会分配网格和分配客户资源 2、对有需求有意向客户进行拜访或约面，促进成交 3、总结：老客户维护服务，管理+二次续费或二次开发 【产品】 平安集团旗下的产品都包含，包括但不止于：理财，信用卡等等，领域之外的教育和医疗系统（具体看客户需求） 【上班时间】 1、朝九晚六，不加班！ 2、周末双休，不加班！ 3、法定节假日休息，不加班！ 工作地点 荆州沙市区美佳华 以担保或任何理由索要财物，扣押证照，均涉嫌违法。一经发现， 立即举报,"工作简单  绝不加班,划分私域  提供资源,领导可爱  同事暖心",http://www.zhaopin.com/jobdetail/CC000204810J40891605312.htm?refcode=4019&srccode=401903&preactionid=f302b78f-e72f-4f83-a0be-adf2f3969ac6
C/C++嵌入式软件工程师（技术导师方向）,晟荣智城数字科技(大连)有限公司,9000-18000元,大连·甘井子·凌水,广州,本科,3-5年,7月25日,zhilian,岗位职责】 核心项目研发： 参与汽车电子、机器人等领域的嵌入式软件设计与开发，负责关键技术攻关。 具体项目包括但不限于：车载导航系统功能模块开发、ECU嵌入式软件开发、行车记录仪/IVI系统功能实现等。 技术传承与团队赋能： 负责内部研发团队的技术培训工作，将自己在车载ECU、HUD、自动驾驶等领域的项目经验，转化为技术课程或实战案例，进行内部授课。 主导技术评审、代码走查，帮助团队成员提升C/C++编程能力、Linux/RTOS开发技巧及CAN/TCP/IP协议栈的实战应用。 编写和维护技术文档、开发规范，推动团队技术标准化。 新技术预研与导入： 跟踪行业前沿技术（如自动驾驶、车辆动力控制、新一代车载通信协议），进行技术预研，并组织内部技术分享。 【任职要求】 1. 基础条件 本科及以上学历，计算机、汽车电子、自动化、通信工程等相关专业。 日语能力达到N2及以上，能够使用日语进行流利的技术沟通与交流（日常工作语言涉及日语）。 2. 专业经验（以下条件需满足） 行业背景：具备汽车、电子、机器人领域的嵌入式软件设计与开发经验。 车载产品经验：熟悉车载ECU、HUD、行车记录仪、车载导航等产品的软件开发流程。 年限要求（满足其一即可）： 3年以上行车记录仪或其他车载产品的嵌入式软件开发经验； 或3年以上车辆动力控制系统、自动驾驶相关技术的软件开发经验。 3. 技术技能 编程语言：精通C语言和C++，编码规范，调试能力强。 开发环境与项目经验： 具备Linux环境下使用C++进行应用开发的经验（如车载导航无线电模块）； 具备C语言进行嵌入式开发的经验（如ECU模块开发）； 具备RTOS环境下的开发经验，或Linux环境下IVI系统相关开发经验（如行车记录仪软件开发）。 通信协议：熟悉CAN总线协议及实际开发应用；熟悉TCP/IP网络协议栈。 4. 综合素质 乐于分享，逻辑清晰，具备良好的表达能力和技术指导能力。 有内部培训经验、技术文档撰写经验或主导过技术团队能力提升项目者优先。 工作地点 大连市-甘井子区-高新园区广贤路143号 以担保或任何理由索要财物，扣押证照，均涉嫌违法。一经发现， 立即举报,"C++,C语言,Python,嵌入式",http://www.zhaopin.com/jobdetail/CCL1519144490J40920068408.htm?refcode=4019&srccode=401903&preactionid=f302b78f-e72f-4f83-a0be-adf2f3969ac6
软件工程师c/c++/python/java+双休,外企德科数字技术有限公司,2.2-2.3万·16薪,长沙·岳麓·麓谷,广州,本科,经验不限,7月26日,zhilian,岗位职责： 1、负责云平台Web前端技术框架与核心组件的设计和开发； 2、理解云平台用户体验行为，完成前端用户体验UI的设计和开发 3、通过各种前端技术手段，提升用户体验并满足性能要求； C++/C开发高级工程师 岗位职责： 1、负责云平台框架与核心组件的设计和开发； 任职要求： 1、熟练掌握C++/C语言进行软件开发与优化； 2、熟悉Kubernetes、Docker等容器生态软件技术原理，具有丰富的面向容器的集群资源调度平台使用经验优先。 3、熟悉springboot/nginx/kafka/redis/zookeeper/RabbitMQ等开源中间件技术及源码者优先； 4、具备良好的沟通以及协调能力，能胜任跨团队跨部门协作。 Java/python开发工程师 岗位职责： 1、负责云平台框架与核心组件的设计和开发； 任职要求： 1、熟练掌握Java/python语言进行软件开发与优化； 2、熟悉Kubernetes、Docker等容器生态软件技术原理，具有丰富的面向容器的集群资源调度平台使用经验优先。 3、熟悉springboot/nginx/kafka/redis/zookeeper/RabbitMQ等开源中间件技术及源码者优先； 4、具备良好的沟通以及协调能力，能胜任跨团队跨部门协作。 工作地点 岳麓区华为长沙研究所岳麓大道588号芯城科技园1栋 以担保或任何理由索要财物，扣押证照，均涉嫌违法。一经发现， 立即举报 客户,"C语言,Java,Python",http://www.zhaopin.com/jobdetail/CCL1480117890J40624474005.htm?refcode=4019&srccode=401903&preactionid=f302b78f-e72f-4f83-a0be-adf2f3969ac6
C/C++软件高级工程师,海能达,1.1-1.8万·14薪,哈尔滨·松北·松北街道,广州,本科,5-10年,7月25日,zhilian,"职位描述 C语言 嵌入式开发 Linux开发 STL 计算机软件 1、负责相关产品的软件架构设计； 2、负责相关产品的协议栈和应用层的开发； 3、负责参与产品功能设计及性能优化； 4、负责相关外场问题定位及解决。 职位要求： 、5年以上软件开发经验，具有独立承担软件项目系统分析和架构设计经验，有中小型系统软件架构设计经验优先； 2、熟练掌握C/C++语言,算法和数据结构,熟悉STL,Boost库 3、深刻理解嵌入式系统，有windows/linux、arm、dsp等开发经验优先； 4、掌握TCP,UDP,HTTP等常用的网络协议 工作地点 松北区哈尔滨海能达科技有限公司 以担保或任何理由索要财物，扣押证照，均涉嫌违法。一经发现， 立即举报","C语言,嵌入式开发,Linux开发,STL",http://www.zhaopin.com/jobdetail/CC333074410J40751911502.htm?refcode=4019&srccode=401903&preactionid=f302b78f-e72f-4f83-a0be-adf2f3969ac6
C（9:00-17:00）周末双休+绝不加班+六险一金,中国平安,面议,丹东·振兴区,广州,大专,经验不限,7月25日,zhilian,职位描述 工作简单 绝不加班 提供资源 划分私域 领导可爱 同事暖心 周末双休 五险一金 【招聘部门】平安集团-网格部（不是代理人，不是区拓，不是普惠，不是综合金融）平安未来10年核心部门 【招聘岗位】社区网格专员（老客户服务维护+二次开发／二次续费） 【七大优势】岗位有意向有兴趣可随时投递~HR本人24小时在线~ 1、【时间】不加班，朝九晚六，固定周末双休，法定节假日跟着国家放 2、【客户】公司提供精准客户资源转化，客户网格集中划分，不用东奔西跑 3、【薪资】保底工资高，保底工资不挂钩业绩 4、【保障】签劳动合同，买五险一金 5、【位置】上班市中心，交通通勤便利 6、【形式】不用枯燥打电话，不用陌拜，外勤自由 7、【产品】产品多样化，只要是平安集团旗下的产品都包含 【工资】 1、入职前1-3个月考察期专员：保底工资+新人津贴600-10000+提成（考察期到手薪资平均8000） 2、入职3-6个月及之后： 高级专员薪资：保底工资+600-10000新人津贴+提成（到手薪资平均9000-20000+） 保底工资和业绩不挂钩，可以全拿 3、签劳动合同，购买五险一金 【工作内容】 1、线上服务+客情维护原有老客户（分配到企业微信），公司会分配网格和分配客户资源 2、对有需求有意向客户进行拜访或约面，促进成交 3、总结：老客户维护服务，管理+二次续费或二次开发 【产品】 平安集团旗下的产品都包含，包括但不止于：理财，信用卡等等，领域之外的教育和医疗系统（具体看客户需求） 【上班时间】 1、朝九晚六，不加班！ 2、周末双休，不加班！ 3、法定节假日休息，不加班！ 工作地点 丹东振兴区莱弗士行政大楼 以担保或任何理由索要财物，扣押证照，均涉嫌违法。一经发现， 立即举报,"工作简单     绝不加班,提供资源   划分私域,领导可爱   同事暖心",http://www.zhaopin.com/jobdetail/CC000204810J40921972312.htm?refcode=4019&srccode=401903&preactionid=f302b78f-e72f-4f83-a0be-adf2f3969ac6
株洲省内往返C照司机,长沙悦行天下科技有限公司,8000-10000元,株洲·石峰区·响石岭街道,广州,学历不限,1年以下,7月25日,zhilian,职位描述 吃苦耐劳 多劳多得 工资日结 时间自由 招聘岗位:c1、c2商务司机 驾驶车型：小车、商务车 工作内容： 1.可根据自己的家庭住址就近县城 2.上班时间，每天8-10小时，每天350公里数，27天在岗，完成每天工作量结束下班，不强制加班。 3.不需要每天回来本公司签到。 4.公司提供车辆，新能源自动挡 任职要求 1.会开车，驾驶证满一年，有无经验均可 2.c1、c2及以上的驾驶证均可 3.会使用手机导航 4.对工作认真，能吃苦耐劳，有车队意识，服从安排 新资方式： 底薪加提成，跑省内在职司机纯收入均在8000 -10000 结算方式：日结 详细可以电话咨询，本工作只适合全职。 名额有限，招满即止，公子哥勿扰[抱拳] 工作地点：根据区域就近安排 工作地点 株洲市-石峰区-建设北路646号1-1 以担保或任何理由索要财物，扣押证照，均涉嫌违法。一经发现， 立即举报,"吃苦耐劳,多劳多得,工资日结,时间自由",http://www.zhaopin.com/jobdetail/CCL1526019090J40909432203.htm?refcode=4019&srccode=401903&preactionid=f302b78f-e72f-4f83-a0be-adf2f3969ac6
黄山C（9:00-17:00）周末双休+绝不加班+六险一金,中国平安,面议,黄山·屯溪区·昱中街道,广州,大专,经验不限,7月26日,zhilian,职位描述 工作简单 绝不加班 提供资源 划分私域 领导可爱 同事暖心 周末双休 五险一金 【招聘部门】平安集团-网格部（不是代理人，不是区拓，不是普惠，不是综合金融）平安未来10年核心部门 【招聘岗位】社区网格专员（老客户服务维护+二次开发／二次续费） 【七大优势】岗位有意向有兴趣可随时投递~HR本人24小时在线~ 1、【时间】不加班，朝九晚六，固定周末双休，法定节假日跟着国家放 2、【客户】公司提供精准客户资源转化，客户网格集中划分，不用东奔西跑 3、【薪资】保底工资高，保底工资不挂钩业绩 4、【保障】签劳动合同，买五险一金 5、【位置】上班市中心，交通通勤便利 6、【形式】不用枯燥打电话，不用陌拜，外勤自由 7、【产品】产品多样化，只要是平安集团旗下的产品都包含 【工资】 1、入职前1-3个月考察期专员：保底工资+新人津贴600-10000+提成（考察期到手薪资平均8000） 2、入职3-6个月及之后： 高级专员薪资：保底工资+600-10000新人津贴+提成（到手薪资平均9000-20000+） 保底工资和业绩不挂钩，可以全拿 3、签劳动合同，购买五险一金 【工作内容】 1、线上服务+客情维护原有老客户（分配到企业微信），公司会分配网格和分配客户资源 2、对有需求有意向客户进行拜访或约面，促进成交 3、总结：老客户维护服务，管理+二次续费或二次开发 【产品】 平安集团旗下的产品都包含，包括但不止于：理财，信用卡等等，领域之外的教育和医疗系统（具体看客户需求） 【上班时间】 1、朝九晚六，不加班！ 2、周末双休，不加班！ 3、法定节假日休息，不加班！ 工作地点 黄山屯溪区广交商务大楼 以担保或任何理由索要财物，扣押证照，均涉嫌违法。一经发现， 立即举报,"工作简单     绝不加班,提供资源   划分私域,领导可爱   同事暖心",http://www.zhaopin.com/jobdetail/CC000204810J40919519812.htm?refcode=4019&srccode=401903&preactionid=f302b78f-e72f-4f83-a0be-adf2f3969ac6
保险康养顾问（巅峰C）,中国平安人寿保险股份有限公司南通中心支公司1,面议,南通·崇川·新城桥,广州,大专,经验不限,7月25日,zhilian,职位描述 寿险 保险 一、职位背景 中国平安，作为中国领先的综合性金融服务集团，致力于为客户提供全方位的金融与医疗健康服务。近年来，平安人寿积极践行集团“综合金融+医疗健康”双轮驱动战略，旨在通过整合集团金融与医疗健康资源，为客户提供“省心、省时、又省钱”的一站式解决方案。在此背景下，平安人寿诚邀有志之士的加入，成为专业的“金融顾问、家庭医生、养老管家”的价值传递者，共同推动公司战略的实施，为客户提供高品质的产品与服务。 二、工作内容 1、客户咨询与服务：深入了解客户需求，借助集团独具优势的医疗健康服务和养老布局，深入了解客户需求，为客户量身定制个性化的保险方案及服务。 2、客户关系管理：建立并维护良好的客户关系，定期回访客户，了解客户需求的变化。 3、市场拓展与营销：积极参与公司组织的各类市场拓展与营销活动，提升品牌知名度，吸引潜在客户。 4、团队协作与培训：与团队成员紧密合作，共同推动个人及团队发展；同时，参与内部培训，不断提升自身的专业素养和服务能力。 三、任职要求教育背景 1、特别优秀者可适当放宽。 2、大专及以上学历，财经、金融、医学、护理等相关专业优先。 3、专业技能：具备良好的沟通能力、客户服务意识和团队合作精神。 4、责任心强，学习能力强，有企图心。 四、职位亮点 1、广阔的职业发展空间：公司提供完善的职业发展通道和晋升机会。 2、丰富的收入构成：公司提供具有竞争力的训练津贴、销售利益、服务津贴、组织利益、保险福利及其他奖金等。 3、全面的培训体系：公司提供系统的内部培训和外部培训机会，帮助个人不断提升专业素养和服务能力。 4、和谐的工作氛围：公司注重个人关怀和团队建设，为队伍营造一个积极向上、和谐融洽的工作氛围。 工作地点 南通崇川区印力中心写字楼6楼 以担保或任何理由索要财物，扣押证照，均涉嫌违法。一经发现， 立即举报,寿险,http://www.zhaopin.com/jobdetail/CCL1478998020J40771326306.htm?refcode=4019&srccode=401903&preactionid=f302b78f-e72f-4f83-a0be-adf2f3969ac6
java/Python/C/C++/JS/AI算法/软件测试,外企德科数字技术有限公司,2-4万·14薪,苏州·虎丘,广州,本科,经验不限,7月26日,zhilian,职位描述 深度学习 机器学习 图像算法 VGGNet 计算机软件 人工智能 云计算 1、本科及以上学历； 2、熟悉Java，C/C++，Python等任意一种后端开发技术； 3、编写概要设计能力要强； 4、沟通表达能力较好，逻辑思维清晰； 5、资深导师专业带教，六险一金，法定节假日福利，内部知识论坛； 6、薪资架构：薪资薪资+绩效工资+年终奖，周末加班双倍。岗位要求 岗位要求 1、计算机、软件、通信等相关专业，统招本科及以上学历； 2、基础扎实，熟悉掌握但不限于Python/JAVA/C++/C/JS/HTML/GO等任一编程语言，有良好的编程习惯； 3、对数据结构、算法有一定了解； 4、具备解决问题的能力、善于沟通，乐于合作； 5、资深导师专业带教，法定节假日福利，内部知识论坛分享。 工作地点 虎丘区华为苏州研究所华为苏州研究所 以担保或任何理由索要财物，扣押证照，均涉嫌违法。一经发现， 立即举报 客户,"深度学习,机器学习,图像算法,VGGNet",http://www.zhaopin.com/jobdetail/CCL1480117890J40837669605.htm?refcode=4019&srccode=401903&preactionid=f302b78f-e72f-4f83-a0be-adf2f3969ac6
赴日C/C++开发工程师,株式会社GSD,1.5-3万·13薪,日本,广州,大专,1-3年,7月25日,zhilian,职位描述 C++ C语言 任职要求： 1. 1年以上Linu/C/C++项目经验； 2. 学习能力强，能够自己解决项目问题或可提出改善意见； 3. 日语N2级以上，可看懂式样书，简单日常听说，有对日项目开发经验； 任职要求： 1. 1年以上Linu/C/C++项目经验； 2. 学习能力强，能够自己解决项目问题或可提出改善意见； 3. 日语N2级以上，可看懂式样书，简单日常听说，有对日项目开发经验； 职位福利：五险一金、加班补助、交通补助、出国游、每年多次调薪、带团队、周末双休、转岗/轮岗机会 工作地点 日本：〒104-0053 東京都中央区晴海 3-13-1 DEUX TOURS EAST 棟 4709 号室 以担保或任何理由索要财物，扣押证照，均涉嫌违法。一经发现， 立即举报,"C++,C语言",http://www.zhaopin.com/jobdetail/CC293515380J40387115411.htm?refcode=4019&srccode=401903&preactionid=f302b78f-e72f-4f83-a0be-adf2f3969ac6
C/C++软件开发工程师,外企德科数字技术有限公司,1.2-2.4万·14薪,东莞·大朗镇,广州,本科,经验不限,7月25日,zhilian,职位描述 C语言 MFC Qt MySQL 职位描述 职位描述 职位描述： 1) 应用软件开发和维护； 2) 根据项目需求参与软件的设计、开发、测试及维护； 任职要求： 1) 计算机或电子科学与技术相关专业优先； 2) 熟练掌握C/C++语言，具备基本的算法和数据结构等编程基础，熟悉gcc，make编译环境； 3) 具备Linux环境软件调试经验； 4) 根据项目进度和任务分配，完成相应模块软件的设计开发； 5) 进行软件单元测试和功能测试，发现软件存在缺陷保证软件质量； 5) 思路清晰，学习能力强，思维活跃 奖金绩效 年终奖金，绩效奖金，周末加班双倍薪资 工作地点 东莞华为欧洲小镇松山湖科技产业园区环湖路9号 以担保或任何理由索要财物，扣押证照，均涉嫌违法。一经发现， 立即举报 客户,"C语言,MFC,Qt,MySQL",http://www.zhaopin.com/jobdetail/CCL1480117890J40609300105.htm?refcode=4019&srccode=401903&preactionid=f302b78f-e72f-4f83-a0be-adf2f3969ac6
风电-一线安装调试工程师C级,才娃娃科技(北京)有限公司,8000-9000元,阿勒泰·吉木乃县·乌拉斯特镇,广州,大专,1-3年,7月25日,zhilian,岗位职责： 能按照工艺开展或监督供应商开展风机吊装相关工作。 任职要求： 1.专科及以上，1年以上风电行业安装调试经验，熟悉风机安装调试的相关要求。 2.计划与执行：能按照工艺开展或监督供应商开展风机吊装相关工作。 工作地点 阿勒泰吉木乃县远景能源1单元101 以担保或任何理由索要财物，扣押证照，均涉嫌违法。一经发现， 立即举报,"1年以上风电行业安装调试经验,熟悉风机安装调试的相关要求,能按照工艺开展或监督供应商,监督供应商开展风机吊装相关工作,有工程吊装经验,有风电EPC工程吊装工作经验,有风电行业工作经验1年以上,有工程行业工作经验1年以上,有风电工程吊装工作经验,能适应全国出差,喜欢吊装工作",http://www.zhaopin.com/jobdetail/CC444506980J40856492710.htm?refcode=4019&srccode=401903&preactionid=6934f2ce-28f3-4de2-8600-738d131fed1e
C/C++底层开发（不机考 大厂外包 双休 六险一金 一年以上经验）,外企德科数字技术有限公司,7000-13000元,广州·白云·松洲,广州,本科,1-3年,7月26日,zhilian,岗位职责： 1、负责智能终端产品从芯片到应用端到端的媒体/TV特性技术维护工作； 2、负责Android、Linux等系统的智能终端产品中BSP、中间件业务、媒体端子(ATV/CVBS/HDMI)、媒体播放等领域维护工作 3、拉通客户和研发解决客户侧问题，梳理客户项目进展、问题等 业务技能要求： 1、专业背景不限，熟练掌握C/C++或JAVA开发相关技能，了解基本android开发流程、linux驱动适配流程，有软件产品开发经历。 2、有Android或Linux平台产品开发经验优先； 3、有TV产品、投影产品开发经验优先 工作地点 广州白云区华为广东区域总部11 以担保或任何理由索要财物，扣押证照，均涉嫌违法。一经发现， 立即举报 客户,"C语言,C#",http://www.zhaopin.com/jobdetail/CCL1480117890J40879803605.htm?refcode=4019&srccode=401903&preactionid=6934f2ce-28f3-4de2-8600-738d131fed1e
金乡C（9:00-17:00）周末双休+绝不加班+六险一金,中国平安,面议,济宁·金乡县·金乡街道,广州,大专,经验不限,7月26日,zhilian,职位描述 工作简单 绝不加班 划分私域 提供资源 领导可爱 同事暖心 周末双休 五险一金 【招聘部门】平安集团-网格部（不是代理人，不是区拓，不是普惠，不是综合金融）平安未来10年核心部门 【招聘岗位】社区网格专员（老客户服务维护+二次开发／二次续费） 【七大优势】岗位有意向有兴趣可随时投递~HR本人24小时在线~ 1、【时间】不加班，朝九晚六，固定周末双休，法定节假日跟着国家放 2、【客户】公司提供精准客户资源转化，客户网格集中划分，不用东奔西跑 3、【薪资】保底工资高，保底工资不挂钩业绩 4、【保障】签劳动合同，买五险一金 5、【位置】上班市中心，交通通勤便利 6、【形式】不用枯燥打电话，不用陌拜，外勤自由 7、【产品】产品多样化，只要是平安集团旗下的产品都包含 【工资】 1、入职前1-3个月考察期专员：保底工资+新人津贴1000-10000+提成（考察期到手薪资平均8000） 2、入职3-6个月及之后： 高级专员薪资：保底工资+1000-10000新人津贴+提成（到手薪资平均9000-20000+） 保底工资和业绩不挂钩，可以全拿 3、签劳动合同，购买五险一金 【工作内容】 1、线上服务+客情维护原有老客户（分配到企业微信），公司会分配网格和分配客户资源 2、对有需求有意向客户进行拜访或约面，促进成交 3、总结：老客户维护服务，管理+二次续费或二次开发 【产品】 平安集团旗下的产品都包含，包括但不止于：理财，信用卡等等，领域之外的教育和医疗系统（具体看客户需求） 【上班时间】 1、朝九晚六，不加班！ 2、周末双休，不加班！ 3、法定节假日休息，不加班！ 工作地点 济宁金乡县中国平安人寿保险(时代大厦店) 以担保或任何理由索要财物，扣押证照，均涉嫌违法。一经发现， 立即举报,"工作简单  绝不加班,划分私域  提供资源,领导可爱  同事暖心",http://www.zhaopin.com/jobdetail/CC000204810J40891692612.htm?refcode=4019&srccode=401903&preactionid=6934f2ce-28f3-4de2-8600-738d131fed1e
保险康养顾问（如皋C）,中国平安人寿保险股份有限公司南通中心支公司1,面议,南通·如皋·江安,广州,大专,经验不限,7月25日,zhilian,职位描述 寿险 保险 一、职位背景 中国平安，作为中国领先的综合性金融服务集团，致力于为客户提供全方位的金融与医疗健康服务。近年来，平安人寿积极践行集团“综合金融+医疗健康”双轮驱动战略，旨在通过整合集团金融与医疗健康资源，为客户提供“省心、省时、又省钱”的一站式解决方案。在此背景下，平安人寿诚邀有志之士的加入，成为专业的“金融顾问、家庭医生、养老管家”的价值传递者，共同推动公司战略的实施，为客户提供高品质的产品与服务。 二、工作内容 1、客户咨询与服务：深入了解客户需求，借助集团独具优势的医疗健康服务和养老布局，深入了解客户需求，为客户量身定制个性化的保险方案及服务。 2、客户关系管理：建立并维护良好的客户关系，定期回访客户，了解客户需求的变化。 3、市场拓展与营销：积极参与公司组织的各类市场拓展与营销活动，提升品牌知名度，吸引潜在客户。 4、团队协作与培训：与团队成员紧密合作，共同推动个人及团队发展；同时，参与内部培训，不断提升自身的专业素养和服务能力。 三、任职要求教育背景 1、特别优秀者可适当放宽。 2、大专及以上学历，财经、金融、医学、护理等相关专业优先。 3、专业技能：具备良好的沟通能力、客户服务意识和团队合作精神。 4、责任心强，学习能力强，有企图心。 四、职位亮点 1、广阔的职业发展空间：公司提供完善的职业发展通道和晋升机会。 2、丰富的收入构成：公司提供具有竞争力的训练津贴、销售利益、服务津贴、组织利益、保险福利及其他奖金等。 3、全面的培训体系：公司提供系统的内部培训和外部培训机会，帮助个人不断提升专业素养和服务能力。 4、和谐的工作氛围：公司注重个人关怀和团队建设，为队伍营造一个积极向上、和谐融洽的工作氛围。 工作地点 南通如皋市江苏省江安高级中学南大门对门中国平安人寿 以担保或任何理由索要财物，扣押证照，均涉嫌违法。一经发现， 立即举报,寿险,http://www.zhaopin.com/jobdetail/CCL1478998020J40771327106.htm?refcode=4019&srccode=401903&preactionid=6934f2ce-28f3-4de2-8600-738d131fed1e
C/C++软件开发工程师（全国都有需求）],外企德科数字技术有限公司,1.9-3.5万·14薪,东莞·大朗镇,广州,本科,经验不限,7月25日,zhilian,职位描述 C语言 C# Python Web开发 Linux开发 计算机软件 云计算 教育科技/教育软件 岗位内容： 1. 设计、开发和维护C++应用程序； 2. 根据产品需求，完成相应领域的研究及开发； 3. 参与项目需求分析和技术选型； 4. 负责代码编写、单元测试、Bug修复等工作。 任职要求： 1. 熟悉C++编程语言，具备扎实的编程基础； 2. 具有良好的算法和数据结构基础； 3. 熟练使用常见的开发工具，如VS、Eclipse等； 4. 具备较强的沟通协调能力和团队合作精神； 5. 具备分析问题、解决问题的能力； 奖金绩效 五险一金 年终奖 工作地点 东莞华为研发实验室G1南 以担保或任何理由索要财物，扣押证照，均涉嫌违法。一经发现， 立即举报 客户,"C语言,C#,Python,Web开发,Linux开发",http://www.zhaopin.com/jobdetail/CCL1480117890J40832089805.htm?refcode=4019&srccode=401903&preactionid=6934f2ce-28f3-4de2-8600-738d131fed1e
保险康养顾问（闪耀C）,中国平安人寿保险股份有限公司南通中心支公司1,面议,南通·崇川·唐闸镇,广州,大专,经验不限,7月26日,zhilian,职位描述 销售 保险 一、职位背景 中国平安，作为中国领先的综合性金融服务集团，致力于为客户提供全方位的金融与医疗健康服务。近年来，平安人寿积极践行集团“综合金融+医疗健康”双轮驱动战略，旨在通过整合集团金融与医疗健康资源，为客户提供“省心、省时、又省钱”的一站式解决方案。在此背景下，平安人寿诚邀有志之士的加入，成为专业的“金融顾问、家庭医生、养老管家”的价值传递者，共同推动公司战略的实施，为客户提供高品质的产品与服务。 二、工作内容 1、客户咨询与服务：深入了解客户需求，借助集团独具优势的医疗健康服务和养老布局，深入了解客户需求，为客户量身定制个性化的保险方案及服务。 2、客户关系管理：建立并维护良好的客户关系，定期回访客户，了解客户需求的变化。 3、市场拓展与营销：积极参与公司组织的各类市场拓展与营销活动，提升品牌知名度，吸引潜在客户。 4、团队协作与培训：与团队成员紧密合作，共同推动个人及团队发展；同时，参与内部培训，不断提升自身的专业素养和服务能力。 三、任职要求教育背景 1、特别优秀者可适当放宽。 2、大专及以上学历，财经、金融、医学、护理等相关专业优先。 3、专业技能：具备良好的沟通能力、客户服务意识和团队合作精神。 4、责任心强，学习能力强，有企图心。 四、职位亮点 1、广阔的职业发展空间：公司提供完善的职业发展通道和晋升机会。 2、丰富的收入构成：公司提供具有竞争力的训练津贴、销售利益、服务津贴、组织利益、保险福利及其他奖金等。 3、全面的培训体系：公司提供系统的内部培训和外部培训机会，帮助个人不断提升专业素养和服务能力。 4、和谐的工作氛围：公司注重个人关怀和团队建设，为队伍营造一个积极向上、和谐融洽的工作氛围。 工作地点 南通崇川区华强创立方9楼 以担保或任何理由索要财物，扣押证照，均涉嫌违法。一经发现， 立即举报,销售,http://www.zhaopin.com/jobdetail/CCL1478998020J40771325806.htm?refcode=4019&srccode=401903&preactionid=6934f2ce-28f3-4de2-8600-738d131fed1e
安全工程师（浙江三门光伏 安C 尽快到岗）,苏州新星核电技术服务有限公司,9000-10000元,台州·三门县·健跳镇,广州,大专,3-5年,7月25日,zhilian,职位描述 安全员C本 大专及以上 有风电光伏或核电安全经验 安全c证 独立内外业 提供住宿，吃饭自理 自带电脑 尽快到岗 工作地点 台州市-三门县-健跳镇健农望海路三门港航 以担保或任何理由索要财物，扣押证照，均涉嫌违法。一经发现， 立即举报,安全员C本,http://www.zhaopin.com/jobdetail/CC539103320J40898207215.htm?refcode=4019&srccode=401903&preactionid=6934f2ce-28f3-4de2-8600-738d131fed1e
工程渠道区域经理C,国内某知名企业,8000-10000元,广州·增城·永宁,广州,大专,1-3年,7月25日,zhilian,"岗位职责： 1、对所负责区域的工程产品销售情况进行分析，制定销售计划、分解并完成销售目标； 2、负责所管辖区域空气源热泵等相关工程产品的推广及培训； 3、协助代理商完成项目的方案制作、跟进、成交、安装指导等； 4、负责工程项目竞标的操作、标书的制作及相关协调； 5、负责工程客户（地产、酒店、市政等）信息的收集、整理，建立工程客户合作关系及资料档案，保证档案资料的实时、完整、保密； 6、与客户建立良好关系，以维护企业形象。 岗位要求： 1、大专及以上学历，2年及以上工程销售相关经验 ,有空调，热水，热泵行业销售及技术支持经验优先； 2、具备清晰的逻辑思维，学习能力强，热爱销售类型的工作； 3、有较强承受力，能吃苦耐劳，适应长期出差。 工作地点 广州增城区广东纽恩泰新能源科技股份有限公司总部基地 以担保或任何理由索要财物，扣押证照，均涉嫌违法。一经发现， 立即举报 客户",面销/陌拜,http://www.zhaopin.com/jobdetail/CCL1318355140J40756236303.htm?refcode=4019&srccode=401903&preactionid=6934f2ce-28f3-4de2-8600-738d131fed1e
C和NET开发工程师,东策网络科技有限公司,1.3-1.5万,青岛·市南·湛山,广州,本科,5-10年,7月26日,zhilian,职位描述 SQL Server Redis 消息队列 Windows MICROSOFT DYNAMICS 365开发 POWER PLATFORM集成 AZURE云服务运维 工作职责 1. 负责Microsoft Dynamics 365系统的定制化开发，包括插件开发、自定义实体设计、表单脚本（JavaScript）编写及Web Resources配置。 2. 基于Power Platform完成D365与第三方系统的集成方案设计，实现业务流程自动化。 3. 主导Azure云服务的部署与运维，包括Azure AD认证、OAuth授权及RESTful API的集成落地。 4. 参与SQL Server数据库的设计与优化，保障D365系统的数据存储与查询性能。 5. 基于Azure DevOps/GitHub搭建CI/CD流程，推动开发、测试、部署的自动化。 6. 运用Redis、MQ等中间件优化系统性能，支撑B/S架构下的高并发业务场景。 任职要求 1. 本科及以上学历，计算机相关专业，3年以上C和.NET开发经验。 2. 精通Microsoft Dynamics 365开发体系，熟悉插件开发、工作流设计、Power Platform集成全流程。 3. 掌握Azure云服务核心技术，包括Azure AD、OAuth认证、RESTful API集成及云资源部署。 4. 具备SQL Server数据库开发与优化能力，熟悉Windows开发环境与服务器运维。 5. 熟悉Azure DevOps/GitHub操作及CI/CD流程，能独立完成自动化部署链路搭建。 6. 掌握Redis、MQ等中间件的使用，具备B/S架构系统开发经验。 7. 具备良好的沟通能力与团队协作精神，能快速理解业务需求并转化为技术方案。 工作地点 青岛市南区海信探索中心 以担保或任何理由索要财物，扣押证照，均涉嫌违法。一经发现， 立即举报,"SQL Server,Redis,消息队列,Windows,MICROSOFT DYNAMICS 365开发,POWER PLATFORM集成,AZURE云服务运维",http://www.zhaopin.com/jobdetail/CCL1509518450J40875966314.htm?refcode=4019&srccode=401903&preactionid=6934f2ce-28f3-4de2-8600-738d131fed1e
c/c++开发（OD岗 统本 C Java Python均招）,外企德科数字技术有限公司,1.2-2.4万·14薪,东莞·大朗镇,广州,本科,经验不限,7月25日,zhilian,岗位职责: 1.参与公司企业级产品后端的研发，确保系统的安全.高可用性和可靠性; 2.参与业务需求讨论，评审产品设计，驱动研发团队一起按时.高质量完成产品交付; 3.参与系统方案设计，理解迅速准确，保证编码的质量，保持良好的沟通。 工作地点 东莞华为技术有限公司A1 以担保或任何理由索要财物，扣押证照，均涉嫌违法。一经发现， 立即举报 客户,"C语言,Java,Python,嵌入式开发,Linux开发,Web开发,MySQL",http://www.zhaopin.com/jobdetail/CCL1480117890J40882442905.htm?refcode=4019&srccode=401903&preactionid=6934f2ce-28f3-4de2-8600-738d131fed1e
注册安全工程师+安C（同时具备-昌江核电 ）,苏州新星核电技术服务有限公司,1.2-1.3万,昌江·海尾镇,广州,大专,3-5年,7月26日,zhilian,职位描述 注册安全工程师 安全员C证 电力/水利/热力/燃气 工程施工 新能源 招聘注册安全工程师 1.必须有注册安全工程师证书+安全员C证，两个同时有 2.有工程方面项目经验 3.做过安全管理 项目地址：海南昌江核电 工作地点 昌江海核临建生活区 以担保或任何理由索要财物，扣押证照，均涉嫌违法。一经发现， 立即举报,"注册安全工程师,安全员C证",http://www.zhaopin.com/jobdetail/CC539103320J40894562515.htm?refcode=4019&srccode=401903&preactionid=6934f2ce-28f3-4de2-8600-738d131fed1e
Java/C/C++/Python/前端/测试（线上面试）,外企德科数字技术有限公司,1.5-3万,东莞·大朗镇,广州,本科,经验不限,7月25日,zhilian,"职位描述 C语言 Java Python Web开发 嵌入式开发 Linux开发 OpenCV STL PyTorch 产业互联网平台 计算机软件 人工智能 在招岗位：Java、C、C++、python、算法、测试、前端、大数据开发;福利待遇] 参与本部核心项目开发:底薪(10-35K)+绩效+月年终(根据面试定级定薪);试用期全薪，入职缴纳五险一金(全额) 可接受应届生或转行无经验，前半年P18以上导师带教;每年1-2次升职调薪机会，有明确通道可转华为正编; 周末双休(可申请加班，双倍薪资)、免费健身房、免费向夜、免费下午茶、班车、各种团建、活动等福利 岗位要求: 1、本科及以上学历，理工科专业优先。 2、熟悉掌握JAVA/C++/C/Python/JS/GO等其中一种编程语言; 3、具备独立工作能力和解决问题的能力、善于沟通合作，热衷新技术; 4、熟悉常用的算法和数据结构。可选择部门:数存、数通、海思、2012、carbu、GTS、公共开发、光产品、计算、汽车终端等。回支持地域:杭州、南京、上海、苏州、深圳、东莞、广州、西安、成都、武汉、北京长沙,济南等多个研究所(支持远程线上面试，城市可自由选择); 工作地点 华为研发实验室东莞市阿里山路松山湖团泊洼实验室G1南侧约130米 以担保或任何理由索要财物，扣押证照，均涉嫌违法。一经发现， 立即举报 客户","C语言,Java,Python,Web开发,嵌入式开发,Linux开发,OpenCV,STL,PyTorch",http://www.zhaopin.com/jobdetail/CCL1480117890J40854543505.htm?refcode=4019&srccode=401903&preactionid=6934f2ce-28f3-4de2-8600-738d131fed1e
C/C++软件工程师（济南）,阿尔泰科技,1.3-2万,济南·历城·唐冶,广州,本科,3-5年,7月26日,zhilian,"岗位职责: 1、负责上位机与硬件驱动之间通信的跨系统中间库开发; 2、参与项目需求分析，辅助详细设计，代码编写与调试; 3、参与软件产品维护与相关部门做好技术对接和技术支持; 4、相关技术文档的编写与归档; 任职要求: 1、统招本科及以上学历：通信、自动化、电子信息工程、计算机、软件工程等相关专业; 2、熟悉工业通讯规约，如CAN、MODBUS、USB，PCIe，PCI，PXI等: 3、熟悉硬件通讯协议制定和实现，具备基本硬件的理解能力; 4、3年以上工作经验，精通C/C++，MFC, 有良好的软件编码基本功； 5、具有Linux相关软件开发经验优先； 6、具有Windows或linux系统下驱动开发经验者优先； 公司福利：社会保险，法定节假日，周末双体，带薪年假，传统节日福利，绩效奖金，年终奖励，加班补助，全勤奖，年度调薪，餐补 工作地点 济南历城区中物科创中心中物科创中心23号楼601室 以担保或任何理由索要财物，扣押证照，均涉嫌违法。一经发现， 立即举报","C语言,linux",http://www.zhaopin.com/jobdetail/CC135851050J40832313511.htm?refcode=4019&srccode=401903&preactionid=6934f2ce-28f3-4de2-8600-738d131fed1e
注册安全工程师+安C（海南海昌核电 ）,苏州新星核电技术服务有限公司,1.2-1.3万,昌江·海尾镇,广州,大专,3-5年,7月26日,zhilian,职位描述 注册安全工程师 安全员C 招聘注册安全工程师 1.大专及以上 2.必须有注册安全工程师证书+安全员C证，两个同时有 3.有工程方面项目经验 3.做过安全管理 项目地址：海南昌江核电 工作地点 昌江BA办公楼 以担保或任何理由索要财物，扣押证照，均涉嫌违法。一经发现， 立即举报,"注册安全工程师,安全员C",http://www.zhaopin.com/jobdetail/CC539103320J40894381215.htm?refcode=4019&srccode=401903&preactionid=6934f2ce-28f3-4de2-8600-738d131fed1e
对日嵌入式(C/C++),杭州优灿科技有限公司,1.1-2万,大连·沙河口·西安路,广州,学历不限,经验不限,7月25日,zhilian,"职位描述 C语言 C++ 嵌入式 日语 1. 嵌入式软件开发经验2年以上，掌握C/C++其中一种开发语言 2. 具备较强的软件设计能力, 负责完整的嵌入式产品需求分析, 软件设计, 开发实现及调试交付 3.有对日项目经验，日语N2及以上 4. 有较强的学习能力和沟通能力 5. 有汽车项目相关经验优先 工作地点 沙河口区大连软件园开发有限公司 以担保或任何理由索要财物，扣押证照，均涉嫌违法。一经发现， 立即举报","C语言,C++,嵌入式,日语",http://www.zhaopin.com/jobdetail/CC272317030J40411342313.htm?refcode=4019&srccode=401903&preactionid=6934f2ce-28f3-4de2-8600-738d131fed1e
七星区C 周末双休+绝不加班+六险一金,中国平安,面议,桂林·七星区·七星区街道,广州,大专,经验不限,7月26日,zhilian,职位描述 工作简单 绝不加班 划分私域 提供资源 领导可爱 同事暖心 周末双休 五险一金 【招聘部门】平安集团-网格部（不是代理人，不是区拓，不是普惠，不是综合金融）平安未来10年核心部门 【招聘岗位】社区网格专员（老客户服务维护+二次开发／二次续费） 【七大优势】岗位有意向有兴趣可随时投递~HR本人24小时在线~ 1、【时间】不加班，朝九晚六，固定周末双休，法定节假日跟着国家放 2、【客户】公司提供精准客户资源转化，客户网格集中划分，不用东奔西跑 3、【薪资】保底工资高，保底工资不挂钩业绩 4、【保障】签劳动合同，买五险一金 5、【位置】上班市中心，交通通勤便利 6、【形式】不用枯燥打电话，不用陌拜，外勤自由 7、【产品】产品多样化，只要是平安集团旗下的产品都包含 【工资】 1、入职前1-3个月考察期专员：保底工资+新人津贴1000-10000+提成（考察期到手薪资平均8000） 2、入职3-6个月及之后： 高级专员薪资：保底工资+1000-10000新人津贴+提成（到手薪资平均9000-20000+） 保底工资和业绩不挂钩，可以全拿 3、签劳动合同，购买五险一金 【工作内容】 1、线上服务+客情维护原有老客户（分配到企业微信），公司会分配网格和分配客户资源 2、对有需求有意向客户进行拜访或约面，促进成交 3、总结：老客户维护服务，管理+二次续费或二次开发 【产品】 平安集团旗下的产品都包含，包括但不止于：理财，信用卡等等，领域之外的教育和医疗系统（具体看客户需求） 【上班时间】 1、朝九晚六，不加班！ 2、周末双休，不加班！ 3、法定节假日休息，不加班！ 工作地点 桂林七星区本元大厦 以担保或任何理由索要财物，扣押证照，均涉嫌违法。一经发现， 立即举报,"工作简单  绝不加班,划分私域  提供资源,领导可爱  同事暖心",http://www.zhaopin.com/jobdetail/CC000204810J40921052012.htm?refcode=4019&srccode=401903&preactionid=d4450047-3f4b-412f-be32-f12a2d61d4f3
细胞生产技术员（C级洁净区）,河北森朗生物科技有限公司,5000-9000元,石家庄·栾城·郄马,广州,本科,经验不限,7月25日,zhilian,职位描述 无菌操作 工作职责： 1、完成细胞复苏、传代、培养、换液、筛选、扩增、收获、分装等全流程无菌操作，全程保证操作无菌、规范、精准； 2、严格遵守C级洁净区环境管理要求，规范执行洁净区更衣、风淋、环境消杀、设备清洁、压差温湿度监控等流程，维持洁净区环境标准； 3、严格遵循药品/生物制品生产GMP规范、公司SOP标准作业程序，开展日常生产工作，杜绝违规操作，确保每一步生产流程符合质量体系要求； 4、实时、真实、准确、完整填写细胞生产批记录、设备使用记录、环境监测记录、物料领用记录等各类GMP文档； 5、主动学习GMP新规、公司SOP文件及无菌操作规范，严格执行质量体系要求，参与部门无菌操作、洁净区管理、质量风险防控等专项培训，持续提升岗位合规操作能力。 任职资格： 1、本科及以上学历，生物医药相关专业； 2、有生物医药企业C级洁净区作业经验、熟悉GMP生产规范、具备细胞制备实操经验者优先录用，应届生可培养； 3、肿瘤用药，希望候选人细心、耐心，有爱心、责任心，具备良好的质量意识、合规意识和风险防控意识，严格遵守各项规章制度； 4、能够适应洁净区工作环境，服从生产排班及岗位工作安排，具备良好的团队协作能力。 工作环境与福利： 1、恒温恒湿C级洁净生产车间，环境洁净、安全、稳定，无粉尘、无有害刺激性气体；需按要求穿戴洁净服开展作业； 2、基础福利：五险一金、职业病体检、员工食堂（三餐）、生产奖金、岗位培训； 3、发展空间：可深耕细胞生产、工艺优化、质量合规、生产管理等方向，适配生物医药行业长期发展。 工作地点 石家庄栾城区森朗生物 以担保或任何理由索要财物，扣押证照，均涉嫌违法。一经发现， 立即举报,无菌操作,http://www.zhaopin.com/jobdetail/CC365586280J40998536302.htm?refcode=4019&srccode=401903&preactionid=d4450047-3f4b-412f-be32-f12a2d61d4f3
FAE技术支持工程师（C/C++开发）-大厂外包,外企德科数字技术有限公司,7000-13000元·13薪,成都·郫都·合作街道,广州,本科,1-3年,7月25日,zhilian,"岗位职责： 方向一软件FAE： 1、客户DI-DW过程中技术问题解决，重大问题组织攻关 2、客户项目进度跟进,过程中风险识别 3、客户界面软件SDK、相关功能培训 4、参与研发版本交付件评审。 方向二硬件FAE： 1、客户原理图、PCB检视，支撑客户投板. 2、DI-DW过程中硬件问题解决，重大问题组织攻关. 3、客户项目进度跟进,过程中风险识别. 4、客户界面硬件相关培训. 5、竞争分析，客户BOM成本核算. 定薪规则：根据当前年包，学历，工作年限定薪，月薪范围7-13k左右，年终1-3个月。 面试流程：HR面-业面-综面，整体面试流程5天前后，定薪3天左右。 工作地点 成都市-郫都区-西源大道1899号1层 以担保或任何理由索要财物，扣押证照，均涉嫌违法。一经发现， 立即举报 客户","C++,Android,Linux,C语言,示波器,万用表",http://www.zhaopin.com/jobdetail/CCL1480117890J40871856105.htm?refcode=4019&srccode=401903&preactionid=d4450047-3f4b-412f-be32-f12a2d61d4f3
（9:00-17:00）周末双休+绝不加班+六险一金C,中国平安,面议,恩施·恩施市·舞阳坝街道,广州,大专,经验不限,7月26日,zhilian,职位描述 工作简单 绝不加班 划分私域 提供资源 领导可爱 同事暖心 周末双休 五险一金 【招聘部门】平安集团-网格部（不是代理人，不是区拓，不是普惠，不是综合金融）平安未来10年核心部门 【招聘岗位】社区网格专员（老客户服务维护+二次开发／二次续费） 【七大优势】岗位有意向有兴趣可随时投递~HR本人24小时在线~ 1、【时间】不加班，朝九晚六，固定周末双休，法定节假日跟着国家放 2、【客户】公司提供精准客户资源转化，客户网格集中划分，不用东奔西跑 3、【薪资】保底工资高，保底工资不挂钩业绩 4、【保障】签劳动合同，买五险一金 5、【位置】上班市中心，交通通勤便利 6、【形式】不用枯燥打电话，不用陌拜，外勤自由 7、【产品】产品多样化，只要是平安集团旗下的产品都包含 【工资】 1、入职前1-3个月考察期专员：保底工资+新人津贴1000-10000+提成（考察期到手薪资平均8000） 2、入职3-6个月及之后： 高级专员薪资：保底工资+1000-10000新人津贴+提成（到手薪资平均9000-20000+） 保底工资和业绩不挂钩，可以全拿 3、签劳动合同，购买五险一金 【工作内容】 1、线上服务+客情维护原有老客户（分配到企业微信），公司会分配网格和分配客户资源 2、对有需求有意向客户进行拜访或约面，促进成交 3、总结：老客户维护服务，管理+二次续费或二次开发 【产品】 平安集团旗下的产品都包含，包括但不止于：理财，信用卡等等，领域之外的教育和医疗系统（具体看客户需求） 【上班时间】 1、朝九晚六，不加班！ 2、周末双休，不加班！ 3、法定节假日休息，不加班！ 工作地点 恩施市万华国际酒店(恩施文化广场机场店) 以担保或任何理由索要财物，扣押证照，均涉嫌违法。一经发现， 立即举报,"工作简单  绝不加班,划分私域  提供资源,领导可爱  同事暖心",http://www.zhaopin.com/jobdetail/CC000204810J40886917812.htm?refcode=4019&srccode=401903&preactionid=d4450047-3f4b-412f-be32-f12a2d61d4f3
电商分公司-C店业务,中粮国际(北京)有限公司北京销售分公司,6000-10000元,杭州·上城·笕桥,广州,大专,1-3年,7月26日,zhilian,岗位职责 1.POP 店分销渠道拓展与管理 2.销售数据分析与策略优化 3.市场调研与竞品分析 4.销售数据管理与分析 5.订单处理与跟进 任职要求： 1.专科及以上学历，市场营销、电子商务、国际贸易、计算机信息管理等相关专业优先考虑。拥有扎实的专业知识基础，能够理解并灵活运用电商领域的基础理论，助力线上分销业务的高效开展。 2.具备1-3年电商行业工作经验，拥有线上店铺运营、分销渠道管理相关工作经历者为佳。 3.熟悉各类线上零售平台规则与运营模式，如有天猫店店长经验，年销量达3000w及以上者优先录取；如有天猫、京东、拼多多等主流电商平台的实操经验者及资源者优先录取。 工作地点 杭州上城区东站西子国际大厦B栋 以担保或任何理由索要财物，扣押证照，均涉嫌违法。一经发现， 立即举报,"淘宝/天猫,京东,拼多多",http://www.zhaopin.com/jobdetail/CC356424010J40700899808.htm?refcode=4019&srccode=401903&preactionid=d4450047-3f4b-412f-be32-f12a2d61d4f3
急招嵌入式C开发+双休+线上面试,外企德科数字技术有限公司,1.2-2.4万·14薪,东莞·大朗镇,广州,本科,1-3年,7月26日,zhilian,"职位描述 C语言 C++ Python 计算机硬件 产业互联网平台 软件/IT服务 岗位要求： 1. 热爱编程，熟悉掌握Java/C++/C/Python/Web开发等编程语言中的一种或多种编程语言，扎实的编程功底； 2. 具备良好的独立工作能力和解决问题能力，善于沟通，乐于合作，热衷新技术； 3.专业：计算机、软件工程等理工科相关专业优先； 【面试流程】 1、笔试 2、资面（hr面） 3、技术面试(围绕计算机/编程语言基础+项目经历+代码能力进行考察) 4、综面(围绕求职动力,稳定性,薪酬情况,综合素质如沟通表达能力进行考察) 备注:整个面试流程都在线上进行,时间协调较为灵活,一般笔试通过后正常安排面试2周左右出offer 【适合人群】 ①针对初级岗位,向往但错过校招(社招和校招也可以同时面试),或毕业年限短,希望借助平台快速获得核心项目经验,提升市场竞争力; ②针对中高级岗位,多年工作经验者,现工作薪资待遇、技术提升空间、业务稳定性等比较一般,渴望突破; PS:作为HR，负责多个产品线部门招聘，笔试通过后会根据人选基本情况+求职意愿进行合理匹配~ 福利待遇 1、薪资组成：底薪+绩效+项目奖金+年终奖（2~4个月），一年数次考评，薪资可上浮不设限。 2、工作时间：9：00~18：00，实行5天8小时工作制（一个星期约有2天会加班到晚上九点），享受国家法定节假日（不克扣假期）； 3、加班工资：周末加班按2倍，法定节假日按3倍，每月最后一天发放当月工资（遇节假日提前）； 4、带薪年假5-15天，双休； 5、其他福利：当月10号之前入职当月购买五险一金（全额），节假日礼盒等，同时提供标准范围内的免费夜宵，享有健身房、班车、加班打车报销等软性福利； 6、食堂：食堂社会化运营，南北风味，品种丰富，丰俭由人； 7、学习发展：新员工享受入职培训、岗前培训，同时配备导师跟踪辅导； 8、员工关爱：员工可自由参加公司内的各种协会，公司会不定期组织员工慰问和文体活动。 不包吃住。 （在这里，可以采用敏捷、Devops、开源号先进的软件设计开发模式， 接触最前沿的产品和软件技术， 成为软件技术的牛人: 1、完成从客户需求到软件产品定义、架构设计、开发实现、 再到线上运营维护等产品生命周期中的各个环节； 2、解决产品在实现过程中的技术难题， 应用前沿技术提升产品的核心竞争力，如分布式系统、性能调优、 可靠性、虚拟化、网络通信等。） 奖金绩效 2——4个月年终奖 工作地点 东莞溪村D区101 以担保或任何理由索要财物，扣押证照，均涉嫌违法。一经发现， 立即举报 客户","C语言,C++,Python",http://www.zhaopin.com/jobdetail/CCL1480117890J40882454505.htm?refcode=4019&srccode=401903&preactionid=d4450047-3f4b-412f-be32-f12a2d61d4f3
直招C照小车司机7000底薪多劳多得/包住,诚享(深圳)出行服务有限公司,7000-10000元,惠州·惠城区·惠环街道,广州,学历不限,1-3年,7月25日,zhilian,职位描述 C1驾照 C2驾照 1-2年驾龄 公司提供电车 无犯罪、酒驾记录 近3年无记满12分记录 熟练使用导航 入职要求： 1.C1C2驾驶证； 2.驾照满一年以上，驾驶技术熟练。 3.近三年无一次性扣12分，有无酒驾，醉驾记录。 福利： 底薪6500+500奖励，综合薪资7000-13000 包住 职位收费项明细公示 是否还有其他收费项目？ 无其他收费 *注：我司承诺，以上为我司现有的网约车司机收益分配方案，除此之外无其他扣除或交纳收费项。同时我司不存在任何以租代购、分期/担保租车/购车、挂靠等不当经营行为。同意遵守《智联招聘信息发布规则》的规定，否则我司承担由此产生的一切责任。 工作地点 惠州市-惠城区-仲恺大道惠环段666号101 以担保或任何理由索要财物，扣押证照，均涉嫌违法。一经发现， 立即举报,"C1驾照,C2驾照,1-2年驾龄,公司提供电车,无犯罪、酒驾记录,近3年无记满12分记录,熟练使用导航",http://www.zhaopin.com/jobdetail/CCL1483123010J40888610903.htm?refcode=4019&srccode=401903&preactionid=d4450047-3f4b-412f-be32-f12a2d61d4f3
java/c++/C/Python/前端开发工程师,外企德科数字技术有限公司,1.5-3万·14薪,东莞·大朗镇,广州,本科,经验不限,7月25日,zhilian,岗位职责 1、 负责产品构建方案设计和落地，基于可信构建、可信配置管理等要求，向产品持续交付满足可信工程能力的构建解决方案 2、 持续优化产品构建过程，优化构建时长，保障构建稳定性，持续提升研发构建体验 3、 积极学习，持续洞察业界先进的构建工程方法和实践，规划关键技术规划和优化构建架构 职位福利：五险一金、周末双休、带薪年假、大牛带队、绩效奖金、定期体检、补充医疗保险、试用期全薪 职位亮点：大牛带队 人才培养 奖金绩效 五险一金、周末双休、带薪年假、大牛带队、绩效奖金、定期体检、 工作地点 东莞华为欧洲小镇1 以担保或任何理由索要财物，扣押证照，均涉嫌违法。一经发现， 立即举报 客户,"C语言,Java,Python",http://www.zhaopin.com/jobdetail/CCL1480117890J40610836305.htm?refcode=4019&srccode=401903&preactionid=d4450047-3f4b-412f-be32-f12a2d61d4f3
嵌入式C（五险一金-远程面试）,湖南拓维云创科技有限责任公司,9000-14000元,武汉·江夏·豹澥,广州,本科,3-5年,7月25日,zhilian,职位描述 C语言 嵌入式硬件开发 嵌入式软件开发 驱动开发 芯片开发 芯片驱动开发 半导体/芯片 电子设备制造 【项目背景】 长期稳定项目，五险一金，周末加班双倍。 岗位要求： 1、精通c语言 2、嵌入式arm开发经验2年以上 3、有uboot等嵌入式启动开发经验 4、熟悉aos/vos等操作系统 5、良好的沟通协作能力 6、熟悉R52和A55等arm核者优先 7、有芯片驱动开发经验优先 8、有芯片相关产品开发，应用支持或网上维护经验优先 专业知识要求： 1、通信工程、电子科学与技术、计算机、微电子与固体电路等相关专业； 1、针对要发货到客户的芯片，完成芯片系统级测试的驱动代码开发，确保芯片相关应用场景和功能性能均覆盖，不会有有缺陷的片子流到下游； 2、指导芯片高效集成到产品版本，解决导入/生产/集采/现网等阶段的芯片相关问题 工作地点 武汉江夏区九峰三路101 以担保或任何理由索要财物，扣押证照，均涉嫌违法。一经发现， 立即举报,"C语言,嵌入式硬件开发,嵌入式软件开发,驱动开发,芯片开发,芯片驱动开发",http://www.zhaopin.com/jobdetail/CC889005020J40876579113.htm?refcode=4019&srccode=401903&preactionid=d4450047-3f4b-412f-be32-f12a2d61d4f3
C/C++/Java/Python/JS软件开发/算法/数据,外企德科数字技术有限公司,1.7-3万·15薪,广州·白云·松洲,广州,本科,经验不限,7月25日,zhilian,职位描述 Java Python C语言 计算机软件 岗位选择： 软件开发、软件测试、嵌入式开发、算法、运维、数据分析等（工作地点可选北京、上海、深圳、东莞、杭州、南京、武汉、成都、西安、长沙、苏州、济南、广州等） 岗位要求： 1、统招本科及以上学历（学信网可查），985/211/双一流大学优先；计算机、通信相关专业优先，非相关专业有相关工作经验也可以。 2、热爱编程，基础扎实，熟悉JAVA/C++/C/Python/JS/HTML/GO等编程语言中的一种或多种，有良好的编程习惯。 3、对数据结构、算法有一定了解，熟悉TCP/IP协议及互联网常见应用和协议的原理。 4、有IT应用软件、互联网软件、IOS/安卓等相关产品开发经验，熟悉网络安全、信息安全等相关领域。 5、熟悉软件开发过程，熟练运用软件开发工具，具备良好的软件工程能力。 6、具备独立工作能力和解决问题的能力，善于沟通，乐于合作，热衷新技术，善于总结分享，喜欢动手实践。 7、有强烈的团队合作精神，有良好的英语读写能力，有大型通信设备开发经验者优先。 岗位福利： 1、薪资结构：底薪+绩效+年终奖，入职即缴纳五险一金，额外补充商业险，每年一次调薪调职机会。 2、团建+内购会+班车+免费夜宵+节日福利+生日会+年度免费体检+公司内部健康驿站+带薪年假+半年导师一对一带教。 3、5天8小时，弹性打卡，双休，月末最后一个周六加班，双倍工资。 4、大厂待遇，合同签约4年，项目稳定，个人瓶颈期可申请挑战新项目，晋升空间广，办公环境高大上。 工作地点 白云区华为广州研发中心(建设中)C座 以担保或任何理由索要财物，扣押证照，均涉嫌违法。一经发现， 立即举报 客户,"Java,Python,C语言",http://www.zhaopin.com/jobdetail/CCL1480117890J40616278405.htm?refcode=4019&srccode=401903&preactionid=d4450047-3f4b-412f-be32-f12a2d61d4f3
嵌入式C/C++ 硬件工程师,湖南拓维云创科技有限责任公司,1-1.5万,东莞·大朗镇,广州,本科,3-5年,7月25日,zhilian,岗位职责 1、负责智慧媒体产品硬件单板测试； 2、负责智慧媒体TV、机顶盒等电平板类产品的芯片和公板硬件UT测试，包括PI、SI、EMC、ESD、可靠性等，并完成测试用例编写; 3、有较好的模电/数电基本功，熟悉简单的硬件电路; 熟练使用常见原理图和PCB开发工具，有电视、机顶盒、DVD、平板等产品测试经验者优先; 4、熟练使用示波器、万用表、电洛铁、热风枪等常见调测工具，有一定焊接水平。 5、积极向上，态度踏实，有强烈的责任心和良好的团队合作意识; 二、岗位资历及素质要求 学历：统招本科及以上 专业背景及业务能力要求： 1、了解LCD显示原理及VBO/P2P/MIP/LVDS等协议优先； 2、了解LinuxC或者C++编程； 3、了解硬件基础知识优先，如常用接口协议IIC，SPI等，电路原理图及PCB，万用表及示波器； 4、具有良好的沟通表达、团队合作及抗压能力 工作地点 东莞华为溪流背坡村B区1 以担保或任何理由索要财物，扣押证照，均涉嫌违法。一经发现， 立即举报,"c,C++,FPGA,单片机",http://www.zhaopin.com/jobdetail/CC889005020J40894405013.htm?refcode=4019&srccode=401903&preactionid=d4450047-3f4b-412f-be32-f12a2d61d4f3
汶上C（9:00-17:00）周末双休+绝不加班+六险一金,中国平安,面议,济宁·汶上县·汶上街道,广州,大专,经验不限,7月26日,zhilian,职位描述 工作简单 绝不加班 划分私域 提供资源 领导可爱 同事暖心 周末双休 五险一金 【招聘部门】平安集团-网格部（不是代理人，不是区拓，不是普惠，不是综合金融）平安未来10年核心部门 【招聘岗位】社区网格专员（老客户服务维护+二次开发／二次续费） 【七大优势】岗位有意向有兴趣可随时投递~HR本人24小时在线~ 1、【时间】不加班，朝九晚六，固定周末双休，法定节假日跟着国家放 2、【客户】公司提供精准客户资源转化，客户网格集中划分，不用东奔西跑 3、【薪资】保底工资高，保底工资不挂钩业绩 4、【保障】签劳动合同，买五险一金 5、【位置】上班市中心，交通通勤便利 6、【形式】不用枯燥打电话，不用陌拜，外勤自由 7、【产品】产品多样化，只要是平安集团旗下的产品都包含 【工资】 1、入职前1-3个月考察期专员：保底工资+新人津贴600-10000+提成（考察期到手薪资平均8000） 2、入职3-6个月及之后： 高级专员薪资：保底工资+1000-10000新人津贴+提成（到手薪资平均9000-20000+） 保底工资和业绩不挂钩，可以全拿 3、签劳动合同，购买五险一金 【工作内容】 1、线上服务+客情维护原有老客户（分配到企业微信），公司会分配网格和分配客户资源 2、对有需求有意向客户进行拜访或约面，促进成交 3、总结：老客户维护服务，管理+二次续费或二次开发 【产品】 平安集团旗下的产品都包含，包括但不止于：理财，信用卡等等，领域之外的教育和医疗系统（具体看客户需求） 【上班时间】 1、朝九晚六，不加班！ 2、周末双休，不加班！ 3、法定节假日休息，不加班！ 工作地点 济宁汶上县喜客来大酒店 以担保或任何理由索要财物，扣押证照，均涉嫌违法。一经发现， 立即举报,"工作简单  绝不加班,划分私域  提供资源,领导可爱  同事暖心",http://www.zhaopin.com/jobdetail/CC000204810J40891698212.htm?refcode=4019&srccode=401903&preactionid=d4450047-3f4b-412f-be32-f12a2d61d4f3
洛阳C(J10088),北京卓越未来国际医药科技发展有限公司,6000-12000元·13薪,洛阳·涧西·工农,广州,大专,1-3年,7月26日,zhilian,岗位职责: 岗位职责： 1、协助研究者完成受试者管理工作：受试者招募；筛选潜在的受试者；安排受试者访视；安排实验室各项检查、获取检查结果；了解受试者身体状况；及时更新受试者信息； 2、协助标本的采集、处理、保存和运送工作； 3、协助研究者完成伦理资料递交；协助研究者及时完成SAE（严重不良事件）及AE等相关安全报告； 4、在研究者授权下协助研究者填写病历报告及差异解决（需要进行医学判断的除外）； 5、协助完成临床试验项目的资料收集、整理和归档管理； 6、药品和相关临床试验物资的管理，包括药物的回收和归还，并完成相关记录； 7、协助研究者配合CRA的中心监查访视工作，提前准备各种文档供CRA监查。 任职要求: 任职资格： 1、临床专业或护理专业专科及以上学历；半年以上肿瘤经验 2、清晰的书面和口头表达能力，善于与人沟通； 3、愿意从事临床科研性质工作； 4、具有独立工作能力，又有良好团队合作意识； 5、强烈的责任心，做事认真谨慎； 6、读写能力佳； 7、能熟练应用office等办公软件； 8、有相关工作经验者优先考虑。 工作地点 洛阳涧西区河南科技大学第一附属医院 以担保或任何理由索要财物，扣押证照，均涉嫌违法。一经发现， 立即举报,药品临床研究,http://www.zhaopin.com/jobdetail/CC120030850J40691235814.htm?refcode=4019&srccode=401903&preactionid=d4450047-3f4b-412f-be32-f12a2d61d4f3
C超业务代表（龙湖）,河南天壹供应链管理有限公司,7000-9000元,郑州·金水·国基路,广州,学历不限,1-3年,7月26日,zhilian,职位描述 面销/陌拜 地推销售 门店销售 快速消费品 综合商贸 食品/饮料/酒水批发/零售/贸易 职位描述： （1）负责开拓便利店客户、维护良好的客户关系、积极处理客户问题； （2）负责监控各区域促销活动的执行状况、阶段性销售目标达成情况； （3）负责做好新产品/产品的铺市推广工作和终端铺点工作； （4）完成上级交办的其他工作任务。 任职资格： （1）具有2年及以上的快消品销售工作经验，郑州市(含六郊县)原零售通拍档，新希望便利小二，京东新通路掌柜宝业务优先； （2）具有一定的沟通表达能力，专业知识扎实，对市场营销工作有一定较认知，有一定的市场开拓能力； （3）对市场营销有较强的热爱，具有良好的团队合作精神和沟通表达能力； （4）工作态度积极，能吃苦耐劳，责任心强； 工作地点 郑州金水区居易摩根中心 以担保或任何理由索要财物，扣押证照，均涉嫌违法。一经发现， 立即举报,"面销/陌拜,地推销售,门店销售",http://www.zhaopin.com/jobdetail/CCL1305343050J40890630715.htm?refcode=4019&srccode=401903&preactionid=d4450047-3f4b-412f-be32-f12a2d61d4f3
c/c++软件开发工程师,江苏通智数控机床创新中心有限公司,1.4-2.2万·15薪,南京·六合·雄州,广州,本科,3-5年,7月26日,zhilian,"职位描述 C++ CNC 工业自动化/机器人 1. 参与数控系统、自动化控制系统相关软件的研发; 2. 负责基于C++的应用软件开发，完成模块设计、编码，测试及调试; 3. 使用Qt框架进行GUI界面开发，包括界面交互、数据绑定及界面性能优化; 4. 编写技术文档，包括设计文档、接口文档等; 5. 与测试人员、QA合作，保证产品质量. 岗位要求： 1.本科学历以上,计算机、自动控制、数学或相关专业 2.三年年及以上C++开发经验，具有良好的代码风格 3.能熟练阅读中文、英文技术文档；富有团队精神,责任感和沟通能力 4.有数控系统（CNC）、工业自动化、机器人等领域开发经验者优先 工作地点 南京六合区郁庄路1号 以担保或任何理由索要财物，扣押证照，均涉嫌违法。一经发现， 立即举报","C++,CNC",http://www.zhaopin.com/jobdetail/CCL1349872880J40801058516.htm?refcode=4019&srccode=401903&preactionid=1cb86081-5a21-43ca-b8e0-5fa83116ab40
蔡甸京东招C照货车司机五险一金工资6k-8k,京东集团,6000-8000元,武汉·蔡甸·奓山,广州,学历不限,1-3年,7月26日,zhilian,岗位职责： 安全、准时、高效运输货物 任职要求 1、需持有CB照及以上驾驶证，驾驶4.2，9.6厢式货车； 2、安全、准时、高效运输货车，从分拣至站点往返运输小件货物； 3、服从管理、吃苦耐劳、笼车推行上下货，无重货； 4、每日车辆检查，避免运输异常，与相关部门做好交接、协调工作； 工作地点 武汉蔡甸区深国际蔡甸综合物流港 以担保或任何理由索要财物，扣押证照，均涉嫌违法。一经发现， 立即举报,"B2驾驶证,货运从业资格证,厢式货车,C1驾驶证",http://www.zhaopin.com/jobdetail/CC192921310J40842331409.htm?refcode=4019&srccode=401903&preactionid=1cb86081-5a21-43ca-b8e0-5fa83116ab40
Java/ Web/ C开发/ 测试/算法/数据开发,外企德科数字技术有限公司,1.4-2.8万·16薪,上海·浦东·金桥,广州,本科,经验不限,7月26日,zhilian,职位描述 JavaScript Python C++ Spring Mybatis Hibernate MySQL PostgreSQL 计算机软件 云计算 人工智能 岗位要求】 1、 本科以上毕业； 2、 具备Java/python/C++/C任意一种开发语言，熟悉常用的算法和数据结构，熟悉软件开发流程； 3、 对技术有追求。 试用期全薪，入职即缴纳五险一金（全额） 奖金绩效 高额年终奖+项目奖金 工作地点 浦东新区华为技术有限公司上海研究所新金桥2222号 以担保或任何理由索要财物，扣押证照，均涉嫌违法。一经发现， 立即举报 客户,"JavaScript,Python,C++,Spring,Mybatis,Hibernate,MySQL,PostgreSQL",http://www.zhaopin.com/jobdetail/CCL1480117890J40836786805.htm?refcode=4019&srccode=401903&preactionid=1cb86081-5a21-43ca-b8e0-5fa83116ab40
蚂蚁C空间 客户运营（周末双休）,外企德科,8000-16000元,成都·武侯·桂溪,广州,本科,经验不限,7月26日,zhilian,岗位职责： 对银行自有的企业客户进行维护，进行揽储和理财，如推荐理财、证券、基金等产品，无通时通次，属于客户的长期跟进运营岗位。 时间：朝九晚六，周末双休，法定节假日全休，到点上下班 基本要求： 1.本科，有理财、保险、证券、基金、财富规划类履历加分；接受25、26届金融专业应届毕业生 2.普通话流畅，外向沟通能力强，逻辑思维强 其他福利： 1.入职缴纳五险一金，试用期正常缴纳，法定年假，年终奖，职级补贴 2.到点下班不加班，节假日正常休息，享受高温补贴，年度免费体检，节假日福利等 3.优秀员工可内推直接转正蚂蚁，参与公司激励计划，专业\管理双向晋升，福利多多！ 工作地点 成都武侯区阿里中心网商银行 以担保或任何理由索要财物，扣押证照，均涉嫌违法。一经发现， 立即举报 客户,"企业客户,网络销售,银行从业资格证,证券从业资格证,基金从业资格证,金融类,朝九晚六周末双休,五险一金",http://www.zhaopin.com/jobdetail/CC138117190J40877971005.htm?refcode=4019&srccode=401903&preactionid=1cb86081-5a21-43ca-b8e0-5fa83116ab40
C/C++开发实习生,成都成达鸿业科技有限公司,100-150元/天,成都·青羊·文家,广州,本科,经验不限,7月25日,zhilian,岗位职责： 1、负责C/C++软件的开发、调试工作。 2、针对已经存在的软件问题，进行错误分析、并对代码进行优化，改进软件质量 3、有效利用各种软件开发工具，提高软件的开发效率和质量，为客户提供更好的用户体验。 4、完成领导交办的其他事宜。 岗位需求： 1、本科以上学历，计算机相关专业，2027届应届生。 2、熟悉C/C++编程语言，了解面向对象、面向过程编程思想。 3、熟练使用Qt应用开发框架以及QtCreator、Visual Studio等集成开发环境。 4、可长期稳定实习，实习表现优异者可转正。 工作地点 成都青羊区611·青羊飞行器设计创新协同中心光华北六路388号新兴产业示范大厦二期2栋3楼1号、6号 以担保或任何理由索要财物，扣押证照，均涉嫌违法。一经发现， 立即举报,"C#,QT开发",http://www.zhaopin.com/jobdetail/CCL1273661860J40848717913.htm?refcode=4019&srccode=401903&preactionid=1cb86081-5a21-43ca-b8e0-5fa83116ab40
C/C++/JAVA/Python/大数据/AI/开发/测试（一二线城市均有岗位需求）,外企德科数字技术有限公司,1.5-3万·14薪,深圳·龙岗·坂田,广州,本科,经验不限,7月26日,zhilian,职位描述 C++ Python C# 【C/C++/JAVA/Python/大数据/AI/开发/均有岗位需求] PS:北京，上海，南京，杭州，深圳，东莞，成都，西安，武汉，长沙均有需求开放 【福利待遇] 1、六险一金全额缴纳、为期半年的老员工1对1带教，周末双休、年终奖丰厚、双倍加班费、班车福利、每年1-2次调薪机会; 2、初级、中级、高级岗位均有招聘需求 3、每年有一次调薪/职级调整机会; 4、薪资构成:基本薪资+绩效工资，定级薪资和绩效考核标准参考正式员工标准 [岗位要求] 1、本科及以上学历; 2、掌握C++/Java/Go/Web/python其中一种编程语言，有良好的编程习惯、热爱编程; 3、对基本数据结构和算法有一定了解 4、具备良好的解决问题能力、善于沟通、乐于合作; 5、扎实的计算机基础，具备优秀的学习能力和逻辑思维能力，善于分析问题和解决问题有关键独立模块设计、开发和维护经验 工作地点 深圳龙岗区华为坂田基地1 以担保或任何理由索要财物，扣押证照，均涉嫌违法。一经发现， 立即举报 客户,"C++,Python,C#",http://www.zhaopin.com/jobdetail/CCL1480117890J40866497505.htm?refcode=4019&srccode=401903&preactionid=1cb86081-5a21-43ca-b8e0-5fa83116ab40
C/C++开发工程师,百硕天睿智能科技(北京)有限公司,1-1.6万,长春·南关·净月,广州,大专,3-5年,7月24日,zhilian,职位描述 GAPS系统 银行 1.精通C语言，具备良好的编程习惯和扎实的代码调试能力。 2.熟悉恒生gaps 4.1和gxp 3.0产品的架构、功能模块或开发模式，有实际项目应用经验。 3.熟悉DB2数据库，能进行基本的SQL编写、性能调优及日常管理。 4.熟悉AIX、Linux等Unix/Linux操作系统，掌握常用命令及Shell脚本编程; 5.了解计算机网络、操作系统、网络查控系统的基本原理; 6.有金融行业（如证券、基金、银行）核心交易、结算、账户类系统开发经验者优先。 工作地点 长春南关区世纪广场 以担保或任何理由索要财物，扣押证照，均涉嫌违法。一经发现， 立即举报,GAPS系统,http://www.zhaopin.com/jobdetail/CCL1468713920J40849756709.htm?refcode=4019&srccode=401903&preactionid=1cb86081-5a21-43ca-b8e0-5fa83116ab40
Java/C/C++/Python/JS 软件开发测试,外企德科数字技术有限公司,1.5-3万·14薪,杭州·滨江·长河,广州,本科,经验不限,7月26日,zhilian,职位描述 C++ Python C Java JS 计算机软件 26届可投递！！！面向全国研究所招聘，挂的是通用岗位JD，各种技术岗位都有哦，入职有一对一导师带教，有ICPC等竞赛奖项可以直接面试。Java/Python/C/C++/JS会一种语言即可，欢迎投递！ 业务技能要求： 1、掌握C/C++/Java/Python/JS等主流开发语言的一种； 2、有Linux开发经验和Shell等脚本使用经验；了解常用的软件架构模式、基本的编程编译工具； 3、 具有良好的沟通能力，对技术有激情，喜欢钻研，能快速接受和掌握新技术，有较强的独立、主动的学习能力。 【福利】 入职全额缴纳六险一金，试用期不打折，绩效双薪，每年两次绩效调薪机会，带薪年假，有班车和食堂，独立办公园区，转行转专业的同学也可以，试用期有大佬带教！ 工作地点 滨江区华为技术有限公司杭州研究所1 以担保或任何理由索要财物，扣押证照，均涉嫌违法。一经发现， 立即举报 客户,"C++,Python,C,Java,JS",http://www.zhaopin.com/jobdetail/CCL1480117890J40865269005.htm?refcode=4019&srccode=401903&preactionid=1cb86081-5a21-43ca-b8e0-5fa83116ab40
Cπ康养财富规划师,中国太平洋人寿保险股份有限公司北京分公司金台营销服务部,6000-12000元,北京·朝阳·建外,广州,大专,经验不限,7月24日,zhilian,岗位职责 1、客户咨询与服务 →“保险+健康+养老”的经营理念，向客户介绍“太保家园”养老社区、源申康复医疗等稀缺资源。 2、客户关系管理 →定期回访维护客户建立有效沟通渠道，不断增强客户的信任和忠诚度。3、市场拓展与营销→公司为你搭建好品牌活动平台，你只需带上专业与真诚，用数字化工具展业。 4、团队协作与培训→与AI共舞，公司提供“现场培训+数智学习”双引擎，在这里与团队成员彼此协作共同跃迁。 ●岗位要求 1、大专及以上学历，拥有金融、经济、医学、养老等相关专业背景或从业经验者优先； 2、具备较强的市场洞察力与沟通协调能力，有志于在寿险行业长期发展； 3、具备良好的学习能力与职业操守。 ●薪酬待遇 1、根据我司《寿险营销业务人员管理规定》，按照个人发展及团队发展等相关待遇，最高可享受27项报酬，收入上不封顶，多劳多得； 2、入职一年之内，可享受新人专享创业基金政策，助力平稳度过职业起步期，快速建立业务基础； 3、按照个人职级和服务年限享受相应福利保障待遇； 4、依据《基本法》“公开、公平、公正”的晋升机制，职满6个月即可参与晋升考核，职级晋升带动收入跨越式增长； 5、丰富的团队建设活动，展现自我特长的平台。 工作地点 北京市-朝阳区-建国路91号金地中心A座 以担保或任何理由索要财物，扣押证照，均涉嫌违法。一经发现， 立即举报,"销售,续保,理赔,医疗险,养老险,寿险,电话销售,面销/陌拜,渠道销售",http://www.zhaopin.com/jobdetail/CCL1335846580J40791561806.htm?refcode=4019&srccode=401903&preactionid=1cb86081-5a21-43ca-b8e0-5fa83116ab40
c开发,北京青钱信息技术有限公司,1.5-1.6万,北京·通州·马驹桥,广州,本科,3-5年,7月24日,zhilian,职位描述 C语言 能力要求/技术要求： 1教育背景: 计算机或相关专业的本科及以上学历 技术专长： 1、负责服务器产品的开发(Linux/C)。 2、参与服务器密码产品需求分析与设计。 3、负责前沿密码产品与技术相关调研工作 六、能力要求/技术要求： 1、计算机或相关专业的本科及以上学历，3年以上Linux平台应用开发经验。 2、精通C语言，具备Linux环境下系统编程经验。 3、熟悉Nginx架构模型，具备Nginx模块开发经验。 4、了解OpenSSL的基本原理及使用。 5、熟悉计算机网络知识（如TCP/IP、TLS），熟练使用Wireshark/tcpdump等网络分析工具。 6、熟练使用常用的构建与调试工具，具备排错和内存泄漏定位能力。 7、具备良好的沟通能力与逻辑思维能力，编码规范良好。 8、加分项：了解高可用框架设计及常见部署模式的优先。 工作地点 通州区中金支付有限公司北京市亦庄经济开发区科创十四街20号院 以担保或任何理由索要财物，扣押证照，均涉嫌违法。一经发现， 立即举报,C语言,http://www.zhaopin.com/jobdetail/CC337626410J40845542610.htm?refcode=4019&srccode=401903&preactionid=1cb86081-5a21-43ca-b8e0-5fa83116ab40
必须带交安C的安全员主管,芜湖海通港口工程有限公司,7000-9000元,舟山·定海区·金塘镇,广州,学历不限,3-5年,7月24日,zhilian,职位描述 路桥工程 港口码头 安全员C本 岗位内容： 1、编制安全施工方案相关内容（安全用电、安全生产等）； 2、组织落实现场安全规范（有且不限于标识牌、各类防护措施）； 3、负责现场所有班组的安全教育培训，并做好文档记录； 4、负责安全施工日志和人员花名册的填写 任职要求： 1、3年以上工程施工安全管理工作经验； 2、有较好的沟通能力，可以协调现场人员、材料、设备配合安全措施落地； 3、必须持有交安C； 4、自带电脑，能熟练使用电脑编写资料。 工作地点 舟山定海区金塘镇 以担保或任何理由索要财物，扣押证照，均涉嫌违法。一经发现， 立即举报,"路桥工程,港口码头,安全员C本",http://www.zhaopin.com/jobdetail/CC280204180J40780179012.htm?refcode=4019&srccode=401903&preactionid=1cb86081-5a21-43ca-b8e0-5fa83116ab40
java/c++/C/Python/前端/数开/测试（接受25届无经验不限语言）,外企德科数字技术有限公司,1.7-3万,长沙·开福·月湖,广州,本科,经验不限,7月26日,zhilian,岗位职责】 在这里，你将从事IT应用层软件、分布式云化软件、互联网软件等的设计开发，可以采用敏捷、Devops、开源等先进的软件设计开发模式，接触最前沿的产品和软件技术，成为大容量高并发技术的专家；你将参与华为产品的软件研发工作，包括但不限于：（1）完成从客户需求到软件产品定义、架构设计、开发实现、再到上线运营维护等产品生命周期中的各个环节；（2）创造性解决产品在实现过程中的技术难题，应用前沿技术提升产品的核心竞争力，如分布式系统、性能调优、可靠性、数据库等；（3）有机会参与业界前沿技术研究和规划，参与开源社区运作，与全球专家一起工作、交流，构建华为在业界影响力。 工作地点 开福区华为长沙研究所华为研究所 以担保或任何理由索要财物，扣押证照，均涉嫌违法。一经发现， 立即举报 客户,"Python,C,Java",http://www.zhaopin.com/jobdetail/CCL1480117890J40865180405.htm?refcode=4019&srccode=401903&preactionid=1cb86081-5a21-43ca-b8e0-5fa83116ab40
安全员（交安c）,陕西信兴铁路人力资源管理有限公司,6000-7000元,崇左·扶绥县·新宁镇,广州,中专/中技,3-5年,7月26日,zhilian,职位描述 安全员C本 交安C 【工作内容】 1、负责施工现场交通安全设施的日常巡查，监督施工区域交通疏导方案的有效落实； 2、严格执行安全交底制度，每日开展岗前安全教育，确保作业人员熟知交安规范； 3、定期排查现场临边防护、警示标志及隔离设施隐患，督促整改并建立台账闭环管理； 4、配合相关部门进行安全事故调查处理，及时上报安全隐患信息，协助完善应急预案。 招聘岗位：交安c安全员 岗位要求：中专及以上学历，3年及以上相关工作经历，持有交安c证。 薪资待遇：6000-7000，具体面议，管吃住。 工作地点：广西壮族自治区崇左市扶绥县（广西岑溪(粤桂界)至大新高速公路(南宁至大新段)）。 工作地点 崇左扶绥中学扶绥县 以担保或任何理由索要财物，扣押证照，均涉嫌违法。一经发现， 立即举报 客户,"安全员C本,交安C",http://www.zhaopin.com/jobdetail/CC322039210J40866904307.htm?refcode=4019&srccode=401903&preactionid=1cb86081-5a21-43ca-b8e0-5fa83116ab40
C/C++软件工程师,武汉中科创新技术股份有限公司,1.1-1.8万·13薪,武汉·江夏·豹澥,广州,本科,3-5年,7月26日,zhilian,岗位职责： 1、负责公司仪器设备应用软件设计开发； 2、客户定制软件功能现场修改及沟通； 3、应用软件方案设计及前期需求沟通； 4、完成上级领导临时交付的工作任务。 任职要求： 1、计算机、通信工程类专业，大学本科以上学历，3-5年相关工作经验或优秀应届毕业生； 2、能熟练使用VS平台、Qt平台； 3、熟练使用opengl，熟练3D仿真的开发 ； 4、具备Linux/unix和windows开发经验，熟悉相关编程环境； 5、熟悉通讯、多线程、数据共享等相关技术，熟悉各种常用数据结构和算法，掌握多种架构设计模式； 7、具有独立承担工作的能力，熟悉技术文档的书写； 8、有责任心、耐心，具有良好的沟通能力及英语读写能力。 职位福利：六险一金、绩效奖金、餐补、带薪年假、免费班车、周末双休、节日福利、定期体检 工作地点 江夏区武汉东湖新技术开发区光谷七路126号 以担保或任何理由索要财物，扣押证照，均涉嫌违法。一经发现， 立即举报,软件界面开发,http://www.zhaopin.com/jobdetail/CC151016310J40019231708.htm?refcode=4019&srccode=401903&preactionid=1cb86081-5a21-43ca-b8e0-5fa83116ab40
C++/python/Java/C/C# （一年半以上经验，有力扣经验最佳）线上面试,外企德科数字技术有限公司,1.5-3万·14薪,深圳·龙岗·坂田,广州,本科,经验不限,7月26日,zhilian,职位描述 Java C语言 Python 模块开发与调试 团队协作 工作职责 1. 参与企业级软件开发项目，根据需求文档完成模块代码的编写、调试与单元测试。 2. 配合团队完成项目任务拆解与进度跟进，确保交付质量与时间节点达成。 3. 参与内部技术分享与培训，主动学习前沿技术，快速提升专业技能。 4. 严格遵循公司编码规范与质量标准，保障系统的稳定性与可维护性。 任职要求 1. 统招本科及以上学历，计算机相关专业优先。 2. 熟练掌握Java/C/C++/Python/C中的至少一种主流开发语言，了解基础数据结构与算法。 3. 具备较强的逻辑思维与学习能力，能快速上手新技术栈。 4. 拥有良好的团队协作意识与沟通表达能力，适应项目组的协作模式。 补充说明 1. 工作地点：北京、上海、南京、杭州、深圳、东莞、长沙、武汉、西安、成都、济南、苏州 2. 薪酬福利：薪资范围10K-40K（根据面试表现核定），年终奖与个人绩效挂钩；入职即缴六险一金，提供免费班车、夜宵及健身房福利 3. 面向人群：24/25届应届生、无经验或考研失利候选人 4. 面试形式：线上面试 工作地点 华为科研中心广东深圳龙岗区冲之大道西五零米 以担保或任何理由索要财物，扣押证照，均涉嫌违法。一经发现， 立即举报 客户,"Java,C语言,Python,模块开发与调试,团队协作",http://www.zhaopin.com/jobdetail/CCL1480117890J40861275005.htm?refcode=4019&srccode=401903&preactionid=1cb86081-5a21-43ca-b8e0-5fa83116ab40
三c类项目经理、主管、质检岗位,泰盈科技集团股份有限公司,4000-6000元,泰安·岱岳区·粥店街道,广州,大专,1-3年,7月26日,zhilian,职位描述 质检客服 售后客服 售前客服 客服项目经理、主管、质检 上六休一 五险一金 制定项目计划完成项目目标 大专及以上学历 工作地点 岱岳区泰安市民之家4F 以担保或任何理由索要财物，扣押证照，均涉嫌违法。一经发现， 立即举报,"质检客服,售后客服,售前客服",http://www.zhaopin.com/jobdetail/CC292011210J40597683311.htm?refcode=4019&srccode=401903&preactionid=1cb86081-5a21-43ca-b8e0-5fa83116ab40
软件工程师（C/C++）,星网锐捷,1.5-2.5万·13薪,福州·闽侯·上街,广州,本科,3-5年,7月26日,zhilian,岗位职责】 1、负责通讯类产品的软件设计和架构设计； 2、负责构架和设计的核心实现； 3、负责跟踪相关设计的实现和落地。 【任职要求】 1、本科及以上学历，计算机或者通信相关专业； 2、沟通能力强； 3、3年以上软件开发相关工作经验； 4、有AI编程经验优先。 工作地点 福州闽侯县星网锐捷科技园(东北门) 以担保或任何理由索要财物，扣押证照，均涉嫌违法。一经发现， 立即举报,"C语言,AI编程经验,构架设计,软件设计文档",http://www.zhaopin.com/jobdetail/CC139189880J40853692505.htm?refcode=4019&srccode=401903&preactionid=a1ec9464-fc0b-4c64-8b08-ba919e81c399
JAVA/ Python/C/C++/GO/数据开发/测试,外企德科数字技术有限公司,1.5-3万·14薪,成都·郫都·合作街道,广州,本科,经验不限,7月26日,zhilian,岗位职责: 1、负责研发领域IT产品的系统技术方案的设计、开发工作; 2、参与产品开发过程中的技术攻关及解决运行中出现的技术问题; 3、参与产品核心模块的代码编写; 4、参与产品疑难问题的分析和定位。 任职要求: 1、本科及以上学历优先，计算机相关专业优先，具备双证; 2、熟练掌握任意一门开发语言; 3、理解能力强，有进取心，对技术感兴趣，有较强的学习能力，能够快速接受和掌握新技术。 岗位特点: 1.薪酬丰厚，15-30k，根据笔试与面试结果进行定级定薪(D1-D5)，涨幅可达30%，面试特别突出者涨幅上限不局限于30%; 2.稳定待在固定的小组; 3.作息: 周1、2、4:09:30-20:30周3、5:9:30-18:00 周末:每个月最后一个周六加班(公司传统，双倍工资)，其余时间正常双休，若因项目加班，双倍工资; 4.免费夜宵:每天20:35后可免费领取夜宵 5.工作地点:成都、深圳、北京、上海、杭州、西安、南京、武汉、东莞等 业务优势: 1、业务方向:云上业务，技术迭代快，客户类型涵盖广，极具锻炼和挑战性; 2、业务内容:云上数据安全，包括密钥管理、证书管理等。业务专业性强，有益于个人成长; 3、导师专业指导:试用期配备导师，帮助新人快速融入团队和快速理解业务场景。 工作地点 郫都区华为成都研究所成都研究所 以担保或任何理由索要财物，扣押证照，均涉嫌违法。一经发现， 立即举报 客户,"软件测试,功能测试,自动化测试,Javascript,Python,C,Postman,JIRA,禅道",http://www.zhaopin.com/jobdetail/CCL1480117890J40706068905.htm?refcode=4019&srccode=401903&preactionid=a1ec9464-fc0b-4c64-8b08-ba919e81c399
养老社区销售经理 C,泰康人寿保险有限责任公司天津河东第一营销服务部,2-4万,天津·和平·小白楼,广州,大专,经验不限,7月24日,zhilian,岗位职责： 1.依托公司提供的客户资源，邀约客户参观体验泰康之家高端养老社区 2.为客户定制医养保障、财富规划、保险信托等一站式全生命周期方案 3.维护高净值客户关系，提供专属管家式服务，共享大健康生态收益 发展与晋升： 1.双通道晋升；专业路线（资深顾问—专家）+管理路线（团队长—区域总监） 2.超体赋能；可带客户沉浸式体验全国养老社区，成交率翻倍，事业长期可持续 资源与保障： 1.人力支持—公司提供精准客户名单 无需陌拜，降低拓客成本 2.薪酬福利—商保+责任底薪+高额提成（封顶46%）+英才津贴（封顶16万）+年终奖+管理奖 3.培训体系—新人衔接训、社区实训、清华/海外游学，全程免费带教，零基础快速上手 4.超体赋能—可带客户沉浸式体验全国养老社区 福利待遇: 养老社区推广员 售后服务专员 9000-15000元 HWP健康财富全规划师 18500元 有责底薪最高可拿16万+佣金18万 聘材主管 33200-41200元 走不同发展路径薪资情况不同 具体可面聊 双休、节假日公休，上午八点半到十点半半天坐班，其余时间自行安排即可 工作地点 天津市和平区大沽北路2号(和平路地铁站B口步行340米) 以担保或任何理由索要财物，扣押证照，均涉嫌违法。一经发现， 立即举报,"销售经理,政府客户,医疗机构,个人客户,面销/陌拜,渠道销售,会议/会展销售",http://www.zhaopin.com/jobdetail/CC567248730J40646054016.htm?refcode=4019&srccode=401903&preactionid=a1ec9464-fc0b-4c64-8b08-ba919e81c399
JAVA/ Python/C/C++/GO/数据开发,外企德科数字技术有限公司,1.7-3万,南京·雨花台·雨花,广州,本科,经验不限,7月26日,zhilian,岗位职责: 1、负责研发领域IT产品的系统技术方案的设计、开发工作; 2、参与产品开发过程中的技术攻关及解决运行中出现的技术问题; 3、参与产品核心模块的代码编写; 4、参与产品疑难问题的分析和定位。 任职要求: 1、本科及以上学历优先，计算机相关专业优先，具备双证; 2、熟练掌握任意一门开发语言; 3、理解能力强，有进取心，对技术感兴趣，有较强的学习能力，能够快速接受和掌握新技术。 岗位特点: 1.薪酬丰厚，15-30k，根据笔试与面试结果进行定级定薪(D1-D5)，涨幅可达30%，面试特别突出者涨幅上限不局限于30%; 2.稳定待在固定的小组; 3.作息: 周1、2、4:09:30-20:30周3、5:9:30-18:00 周末:每个月最后一个周六加班(公司传统，双倍工资)，其余时间正常双休，若因项目加班，双倍工资; 4.免费夜宵:每天20:35后可免费领取夜宵 5.工作地点:成都、深圳、北京、上海、杭州、西安、南京、武汉、东莞等 业务优势: 1、业务方向:云上业务，技术迭代快，客户类型涵盖广，极具锻炼和挑战性; 2、业务内容:云上数据安全，包括密钥管理、证书管理等。业务专业性强，有益于个人成长; 3、导师专业指导:试用期配备导师，帮助新人快速融入团队和快速理解业务场景。 工作地点 雨花台区华为南京研究所南京研究所 以担保或任何理由索要财物，扣押证照，均涉嫌违法。一经发现， 立即举报 客户,"C,C++,JavaScript,Spring",http://www.zhaopin.com/jobdetail/CCL1480117890J40706769305.htm?refcode=4019&srccode=401903&preactionid=a1ec9464-fc0b-4c64-8b08-ba919e81c399
k f c 员工配送招聘 日结周结 兼职全职皆可,广州蓝小宝网络科技有限公司,8000-9000元,长沙·雨花·高桥,广州,学历不限,经验不限,7月26日,zhilian,职位描述 公司提供电动车 日结工资 月结工资 会骑电动车 无犯罪记录 熟练使用导航 按区域配送 食品饮料 生鲜 负责门店的汉堡，薯条，可乐，限定周边等配送 骑电动车把东西送到顾客手上即可 保底5k+提成1k-2k，综合薪资6k以上 包吃包住包车，包两餐免费吃 一天上班8小时 可全职，可兼职，可日结短期工 可以暑假工 工作地点 长沙市-雨花区-东二环一段578号 以担保或任何理由索要财物，扣押证照，均涉嫌违法。一经发现， 立即举报,"公司提供电动车,日结工资,月结工资,会骑电动车,无犯罪记录,熟练使用导航,按区域配送,食品饮料,生鲜",http://www.zhaopin.com/jobdetail/CCL1510042470J40876739010.htm?refcode=4019&srccode=401903&preactionid=a1ec9464-fc0b-4c64-8b08-ba919e81c399
Java/C/C++/python/测试工程师，岗位多,外企德科数字技术有限公司,1.3-2.6万·14薪,上海·青浦·金泽,广州,本科,经验不限,7月26日,zhilian,职位描述 JavaScript Python C++ 软件/IT服务 计算机软件 产业互联网平台 1、熟练掌握java、c/c++、python、golang、shell等至少一种语言。 2、熟练使用相关主流数据库，如mysql、postgresql、redis、mongodb 3、熟悉相关的web开发框架，如 spring boot、 spring、hibernate、mybatis。 4、熟悉http协议，了解nginx、openresty者加分。 5、本科及以上学历，学信网可查，毕业证，学位证齐全。 岗位很多，欢迎投递简历详聊~ 奖金绩效 年终奖 工作地点 青浦区华为练秋湖研发中心-F区(建设中)上海华为研究所青浦园区 以担保或任何理由索要财物，扣押证照，均涉嫌违法。一经发现， 立即举报 客户,"JavaScript,Python,C++",http://www.zhaopin.com/jobdetail/CCL1480117890J40806712405.htm?refcode=4019&srccode=401903&preactionid=a1ec9464-fc0b-4c64-8b08-ba919e81c399
沙坪坝土主-b/c货运司机,跨越速运,7000-10000元,重庆·沙坪坝·回龙坝,广州,学历不限,1-3年,7月26日,zhilian,职位描述 B2驾驶证 厢式货车 9米6货车 短途货运 4米2货车 1：主要是开公司车，负责周边的取货送货不长途 2：需要有b证驾驶证2年以上驾龄或者c证3年，开过4.2或者9.6的车. 3：能接受上下货物，车后面有尾板靠在平台上用叉车上下的货物的. 4：车子，油费都是公司的，不收任何费用 5：不买车不租车不押金 工作地点 沙坪坝区重庆传化公路港物流有限公司 以担保或任何理由索要财物，扣押证照，均涉嫌违法。一经发现， 立即举报,"B2驾驶证,厢式货车,9米6货车,短途货运,4米2货车",http://www.zhaopin.com/jobdetail/CC574811320J40854299611.htm?refcode=4019&srccode=401903&preactionid=a1ec9464-fc0b-4c64-8b08-ba919e81c399
C/C++开发工程师(可接受无经验，拿到双证同学),外企德科数字技术有限公司,1.2-2.4万·16薪,南京·雨花台·雨花,广州,本科,经验不限,7月26日,zhilian,"职位描述 C语言 Python Java QT开发 图形图像处理 嵌入式开发 Qt Redis MySQL 计算机软件 岗位福利： 1. 有竞争力的薪酬体系：基本工资 + 绩效奖金 + 年终奖 （15-30k，定级定薪，不卡涨幅）。 2. 完善的福利保障：六险一金、年度体检、带薪年假。 办公地址： 北京 /上海/ 广州/ 深圳/ 西安 /武汉 /成都 /杭州/ 苏州 /南京/济南/东莞 职责： 1、 负责昇腾领域技术支撑，包括昇腾训练与推理服务器规划设计与实施服务、应用与模型迁移昇腾平台的技术支持（模型训练、应用迁移等）等，主要包括： (1) 昇腾服务器规划设计与实施：负责昇腾服务器规划设计与实施，包括：组网设计、实施方案设计、软件安装与调测、测试验收等； (2) AI应用迁移技术支持：支撑客户进行AI应用迁移,包括离线模型转换、昇腾推理代码迁移、离线模型性能调优等。 (3) AI应用开发技术支持：支撑客户进行AI应用开发,包括离线模型转换、离线模型性能调优、ACL开发、MindX SDK开发等。 (4) AI模型迁移技术支持：支撑客户进行AI模型迁移,包括训练代码迁移、AI模型精度提升、AI模型性能调优等。 (5) AI模型开发技术支持：支撑客户进行AI模型开发,包括基于Mindspore框架的模型开发、AI模型精度提升、AI模型性能调优等。 任职要求: 接受25/26届毕业考研，考编同学，社招岗位（入职导师带教） 接受二进宫，离职宝子欢迎滴滴 不受限岗位、年限、地域，专业，健身房，年终奖，下午茶蛋糕零食奶茶~ 所有语言开发岗位都有岗位，欢迎投递简历~ 欢迎加入~ 1、掌握C/C++/Java/Python/Go/JS等主流开发语言的一种，入职有导师代教； 2、了解网络知识、Linux配置和Shell使用； 3、了解常用的软件架构模式、基本的编程编译工具； 4、 具有良好的沟通能力，对技术有激情，喜欢钻研，能快速接受和掌握新技术，有较强的独立、主动的学习能力。。 工作地点 雨花台区华为南京研究所华为南京研究所 以担保或任何理由索要财物，扣押证照，均涉嫌违法。一经发现， 立即举报 客户","C语言,Python,Java,QT开发,图形图像处理,嵌入式开发,Qt,Redis,MySQL",http://www.zhaopin.com/jobdetail/CCL1480117890J40775562705.htm?refcode=4019&srccode=401903&preactionid=a1ec9464-fc0b-4c64-8b08-ba919e81c399
c软件开发工程师,上海蓝海企业管理有限公司成都分公司,1.2-1.5万,成都·金牛·金泉,广州,大专,3-5年,7月24日,zhilian,"职位描述 C++ C Oracle SQL Server 医院/诊所服务 互联网医疗 #软件开发工程师 职位描述: 1、负责信息系统的开发。 2、进行软件的需求调研、设计和开发工作。 3、对负责的模块进行开发。 4、负责项目相关设计开发文档的整理与编写。 任职要求 1、精通C#，熟悉掌握.Net开发技术； 2、有3年以上的编程经验 ； 3、能进行系统部署实施； 4、熟练使用Oracle/SQL Server等数据库系统,熟练使用SQL语言，掌握存储过程； 5、熟悉WCF、Web Service、webapi，Remoting； 6、计算机相关专业大专及以上学历，有医院、医院信息行业工作经验者优先考虑； 7、有强烈的责任心，具有良好的团队合作精神，认真负责，善于学习； 上班时间：朝九晚六，双休 入职买五险。短期项目3个月。视情况而定是否延续。 工作地点 成都金牛区中国西部黄金珠宝中心1栋 以担保或任何理由索要财物，扣押证照，均涉嫌违法。一经发现， 立即举报","C++,C,Oracle,SQL Server",http://www.zhaopin.com/jobdetail/CC336905280J40876604209.htm?refcode=4019&srccode=401903&preactionid=a1ec9464-fc0b-4c64-8b08-ba919e81c399
急招C照货运司机300-400/天,新郑市辕力搬运服务部(个体工商户),8000-12000元,驻马店·驿城区·香山街道,广州,学历不限,1年以下,7月26日,zhilian,职位描述 B2驾驶证 C1驾驶证 栏板式货车 4米2货车 短途货运 长途货运 岗位描述： 公司配140度新能源新车，不收取任何押金，没有任何套路。 公司安排订单进行货物运送，不租车，不买车，可接受长途跑。 工作地点：公司派单，中长途，不装不卸，省内及周边都可以跑， 工作时间：早上八点到下午6点 薪资：综合薪资8000+ 职位 1，公司提供新能源车4米2高栏。 2，全职货车司机，晋升空间大：司机-优秀司机-小队长-中队长-大队长-司管-负责人 应聘要求： 1、男女不限，C1及以上驾照，半年以上实际驾驶经验。 2、无交通肇事犯罪、无危险犯罪记录、无饮酒后驾驶记录，驾驶技术娴熟，熟悉本地路况或熟悉GPS导航操作； 3、有上进心，踏实上进 有意向投递简历即可 工作地点 驻马店驿城区皇家驿站景区 以担保或任何理由索要财物，扣押证照，均涉嫌违法。一经发现， 立即举报,"B2驾驶证,C1驾驶证,栏板式货车,4米2货车,短途货运,长途货运",http://www.zhaopin.com/jobdetail/CCL1526087360J40863899907.htm?refcode=4019&srccode=401903&preactionid=a1ec9464-fc0b-4c64-8b08-ba919e81c399
JAVA/ Python/C/C++/Go/测试-智能汽车解决方案BU,外企德科数字技术有限公司,1.5-3万·14薪,苏州·工业园区,广州,本科,经验不限,7月26日,zhilian,职位描述 C++ Java C 计算机软件 岗位要求： 1、熟练掌握C/C++/python/go/java等开发语言其一，具有扎实的编程基础、良好的编程风格； 2、理工科专业本科及以上学历，双证齐全，计算机、软件、通信等相关专业优先； 3、具备独立工作能力和解决问题的能力、善于沟通，乐于合作，热衷新技术，善于总结分享，喜欢动手实践。 岗位特点： 1、根据笔试与面试结果进行定级定薪，不限制薪资涨幅； 2、双休； 3、五险一金入职就有，试用期薪资不打折； 4、入职＆年度免费体检、免费夜宵、班车／加班打车免费、带薪年假、节假日礼品等福利补贴； 5、全程线上面试，工作地点自由选择：成都、深圳、北京、上海、杭州、西安、南京、武汉、东莞等 ； 奖金绩效 年终奖2-4个月，五险一金，绩效奖金，双倍加班费 工作地点 华为苏州研究所苏州工业园区江韵路9号 以担保或任何理由索要财物，扣押证照，均涉嫌违法。一经发现， 立即举报 客户,"C++,Java,C",http://www.zhaopin.com/jobdetail/CCL1480117890J40813391105.htm?refcode=4019&srccode=401903&preactionid=a1ec9464-fc0b-4c64-8b08-ba919e81c399
Cπ康养财富规划师,中国太平洋人寿保险股份有限公司深圳分公司,1.5-3万,深圳·罗湖·桂园,广州,本科,经验不限,7月26日,zhilian,职位描述 电话销售 渠道销售 网络销售 医药 银行 保险 职位详情 随着社会经济的快速发展和人口老龄化的加剧，人们对健康管理和财富规划的需求日益增长。Cπ康养财富规划师借助太保优质的产品服务平台，为客户定制全生命周期的康养财富服务，成为源于保险不止于保险的π型人才。 Cπ康养财富规划师主要工作内容有： 1、为客户定制个性化“健康+养老+财富传承”综合解决方案； 2、深度链接医疗、养老等资源，提供全生命周期服务； 3、参与高端客户沙龙、行业论坛，树立专业品牌形象； 4、与团队共创康养服务新模式，推动行业标准升级。 职位要求： 1.教育背景：大专及以上学历，金融、保险、市场营销、医学等相关专业优先，但有强烈意愿投身康养财富规划事业的其他专业人才也可考虑。 2.工作经验：具有保险、金融、销售等相关工作经验者优先，优秀的应届毕业生亦可，我们注重个人潜力和学习能力的培养。 3.专业技能：具备良好的沟通能力、客户服务意识和销售技巧，能够快速建立与客户的信任关系；熟悉保险、金融、康养等相关知识，了解市场动态和客户需求；具备一定的市场分析和判断能力，能够敏锐捕捉商机。 4.综合素质：具有高度的责任心和敬业精神，能够承受一定的工作压力；具备良好的团队合作精神和职业道德，遵守公司规章制度和行业规范；有较强的学习能力和创新意识，能够不断自我提升，适应行业发展的变化。 职位福利： 1.极具竞争力的薪酬待遇：创业基金02+新保佣金02+丰厚奖金，多劳多得，你的努力与收入成正比。 2.全面的培训体系：专业的保险知识、康养产业知识、财富规划技巧培训，助你快速成长为行业专家。 3.专业的康养认证：公司与一流医院、高校、律所合作，协助完成健康管理师、养老规划师、财税规划师、传承规划师专业认证。 4.广阔的职业发展空间：完善的晋升机制，从康养财富规划师到团队管理，只要你有能力，舞台任你驰骋。 5.参与前沿康养项目：接触行业最新的康养理念与项目，走在时代前沿，为客户创造更多价值。 工作地点 广东省深圳市罗湖区深南东路5016号 以担保或任何理由索要财物，扣押证照，均涉嫌违法。一经发现， 立即举报,"电话销售,渠道销售,网络销售",http://www.zhaopin.com/jobdetail/CC133770220J40871878610.htm?refcode=4019&srccode=401903&preactionid=a1ec9464-fc0b-4c64-8b08-ba919e81c399
注册安全工程师+安C（同时具备-地点接受调配）,苏州新星核电技术服务有限公司,1.2-1.3万,咸阳·旬邑县·土桥镇,广州,大专,3-5年,7月24日,zhilian,职位描述 注册安全工程师 安全员C证 电力/水利/热力/燃气 工程施工 新能源 招聘注册安全工程师 1.必须有注册安全工程师证书+安全员C证，两个同时有 2.有工程方面项目经验 3.做过安全管理 项目地址：接受调配 工作地点 咸阳旬邑县中国电建西北院陕西华电旬邑二期风电总承包项目部 以担保或任何理由索要财物，扣押证照，均涉嫌违法。一经发现， 立即举报,"注册安全工程师,安全员C证",http://www.zhaopin.com/jobdetail/CC539103320J40927082215.htm?refcode=4019&srccode=401903&preactionid=a1ec9464-fc0b-4c64-8b08-ba919e81c399
java/c/python/go/前端/测试,外企德科数字技术有限公司,1.4-2.8万·14薪,上海·青浦·金泽,广州,本科,经验不限,7月26日,zhilian,职位描述 Python 【招聘岗位】 开发（不限编程语言java，c，c++，python，go等）、测试、前端、算法工程师岗位 【岗位要求】 1. 统全本及以上即可； 2. 掌握任意一种 或多种 编程语言：Java/C/C++/Python/Go/JavaScript等；能通过机考； 【福利待遇】 1、全额五险一金+周末加班2倍工资+年终奖(由部门/个人绩效定）； 2、技术面试定级定薪，待遇优于同行业；等你来挑战高薪~ 【入职城市】可选： 深圳、东莞、成都、西安、上海，杭州、苏州、南京、武汉、长沙、北京等【业务领域】可选： 消费者终端、智能汽车、芯片设计、前沿技术预研、通信、云计算、AI/人工智能、政企服务等 工作地点 上海青浦区青浦华为练秋湖研发中心华为研究所 以担保或任何理由索要财物，扣押证照，均涉嫌违法。一经发现， 立即举报 客户,Python,http://www.zhaopin.com/jobdetail/CCL1480117890J40878644005.htm?refcode=4019&srccode=401903&preactionid=a1ec9464-fc0b-4c64-8b08-ba919e81c399
C/C++ 软件开发工程师,中科仪(南通)半导体设备有限责任公司,8000-12000元,南通·通州·金新,广州,本科,3-5年,7月24日,zhilian,岗位职责： 1.参与公司数据平台软件的设计与开发； 2.参与现有产品嵌入式linux环境下下主控软件的功能模块开发、性能优化； 3.编写项目阶段性文档，如需求规格说明书、概要设计说明书、详细设计说明书等； 4.支持现场调试与售后技术支持，排查并解决软件相关问题； 5.对现有嵌入式linux系统镜像进行裁剪、优化。 任职要求： 本科及以上学历，计算机、自动化、电子工程、通信工程等相关专业； 1.精通C/C++，三年及以上Linux实际开发经验，具备良好的编码规范与文档习惯；有独立负责中大型项目核心模块开发的经验； 2.具备扎实的模块设计能力，能独立完成负责模块的概要设计与详细设计，遵循高内聚、低耦合原则，保障代码的可维护性与可扩展性； 3.具备扎实的数据结构与算法基础，了解常用数值计算或信号处理算法；有过程质量数据分析、多传感数据融合开发经验者优先； 4.熟悉嵌入式Linux系统原理，具有设备树调试实战经验，能进行内核驱动开发尤佳； 5.熟练掌握多线程、多进程、进程间通信；掌握GPU集群调度、高并发服务的资源利用率优化，保障系统的低延迟、高可用性； 6.精通TCP/IP协议栈，熟悉Socket网络编程，能独立完成网络通信模块的设计与开发；熟悉I2C，UART，SPI，RS485，CAN等常用硬件通信接口协议，具备相关驱动开发或应用层协议调试经验； 7.代码管理工具的使用； 8.掌握常用的调试工具。 工作地点 通州区中科仪(南通)半导体设备有限责任公司 以担保或任何理由索要财物，扣押证照，均涉嫌违法。一经发现， 立即举报,C#,http://www.zhaopin.com/jobdetail/CCL1261576570J40952250808.htm?refcode=4019&srccode=401903&preactionid=a1ec9464-fc0b-4c64-8b08-ba919e81c399
C/C++/Java/Python接受无经验/线上面试,外企德科数字技术有限公司,1.3-2.6万·14薪,上海·青浦·金泽,广州,本科,经验不限,7月26日,zhilian,职位描述 C语言 Java Python 人工智能 岗位需求: 统招本科及以上学历(专业理工科，要通过机试，考算法)应届生无经验也可面试(需已正式毕业)，但需要一定的算法编程基础。暂不支持跨行无经验无算法编程基础。 1、业务方向:智能汽车(自动驾驶、智能座舱、融合感知、车云、车载网络等)新能源(光伏、电动、充电桩等) 云&AI/高性能计算、5G、芯片、光通信&应用(光纤、车载光)、路由交换机等。2、具备良好的计算机、软件工程领域知识，熟悉软件系统设计、开发、测试等研发领域的流程、工程方法和工具 3、良好的学习能力、团队协作性好，沟通协调能力强; 4、有研发工具模块设计、接口设计、开发经验优先。 专业知识要求: 1、开发工程师 具备1年以上软件开发经验优先，熟悉C/C++、JAVA、JS、python中的至少一种，掌握常见的数据结构、算法; 2、软件测试工程师有相关测试语言/脚本的编写和实践经验优先，也可接受纯测试经验的(具备良好的独立工作能力和解决问题能力，善于沟通，乐于合作，热衷新技术) 3、算法工程师 熟练掌握Java/C/C++/Python其中一个或多个编程语言;熟悉机器学习、深度学习或图像算法。 公司福利: 1.底薪+绩效+年终奖; 2.全额缴纳五险一金; 3.带薪年假5-15天，双休; 4.享有健身房、班车、加班打车报销等软性福利。 工作地点 上海市青浦区金泽镇港悦路华为研究所 以担保或任何理由索要财物，扣押证照，均涉嫌违法。一经发现， 立即举报 客户,"C语言,Java,Python",http://www.zhaopin.com/jobdetail/CCL1480117890J40882783205.htm?refcode=4019&srccode=401903&preactionid=a1ec9464-fc0b-4c64-8b08-ba919e81c399
直招不装卸日结C照货运司机,杭州瑞广物流有限公司,8000-13000元,杭州·萧山·新街,广州,学历不限,经验不限,7月2日,zhilian,职位描述 B2驾驶证 C1驾驶证 C2驾驶证 厢式货车 长途货运 1入职公司提供新能源自动挡4.2厢货负责运输公司货物订单，每天发车 2能熟练驾驶4.2厢货车型，c照就可以，根据地图导航及时准确将货物送达 3收入日结跑一趟结一趟日结收入月综合收入9000-12000左右月休四天 4订单的路程路线由公司调度提前安排好，发到师傅手机上 工作地点 杭州萧山区浙江新农都物流中心 以担保或任何理由索要财物，扣押证照，均涉嫌违法。一经发现， 立即举报,"B2驾驶证,C1驾驶证,C2驾驶证,厢式货车,长途货运",http://www.zhaopin.com/jobdetail/CCL1520424250J40941664308.htm?refcode=4019&srccode=401901&preactionid=501a6215-5b1d-40de-b44b-40745b41a3c3
急招C照货运司机+五险,武汉极锋科技有限公司,8000-11000元,武汉·江岸,广州,学历不限,1-3年,7月4日,zhilian,职位描述 C1驾驶证 C2驾驶证 短途货运 工作内容： 公司提供新能源自动挡面包车。 前期公司安排老师傅带你熟悉流程。送零食百货日用品。工作时间： 早八晚六，早送完早下班。岗位要求： 1，C1驾照及以上。2，无不良驾驶记录及重大交通事故。综合收入： 1，保底6000+提成+2000充电和住房补贴综合薪资8000-11000 2，公司购买五险。 工作地点 武汉市-江岸区-建设大道1075号(罗家庄地铁站D口步行340米)1305 以担保或任何理由索要财物，扣押证照，均涉嫌违法。一经发现， 立即举报,"C1驾驶证,C2驾驶证,短途货运",http://www.zhaopin.com/jobdetail/CCL1524430610J40871017914.htm?refcode=4019&srccode=401901&preactionid=501a6215-5b1d-40de-b44b-40745b41a3c3
急招专线货车司机，C照,宁波犀力供应链服务有限公司,9000-11000元,宁波·慈溪·逍林,广州,学历不限,3-5年,7月14日,zhilian,职位描述 C1驾驶证 C2驾驶证 B2驾驶证 厢式货车 4米2货车 短途货运 工作内容： 1、开四米二箱式货车跑专线，200多公里。由公司调度统一配货，一般都是工厂货。 2、装卸要求:不装不卸，如果涉及到装卸的另外收装卸费，两天一往返，当天过去需要在车上休息。 3、公司货源稳定，天天有货拉。 二、薪资福利： 1.月休四天，工资日结一趟350~400左右，每天运费有保底。综合月收收入9千以上，不包吃住。 三、工作要求: 1、持有C1及以上驾照。驾驶经验丰富，有货运经验优先。 2、驾驶证必须过了实习期。 3、愿意从事物流行业且长期发展。 能吃苦耐劳，为人易沟通。 工作地点 宁波慈溪市货运出行C1-C2物流专线服务中心 以担保或任何理由索要财物，扣押证照，均涉嫌违法。一经发现， 立即举报,"C1驾驶证,C2驾驶证,B2驾驶证,厢式货车,4米2货车,短途货运",http://www.zhaopin.com/jobdetail/CCL1514003640J40901496103.htm?refcode=4019&srccode=401901&preactionid=501a6215-5b1d-40de-b44b-40745b41a3c3
日结 短途C票司机,大连运捷通汽贸有限公司,7000-12000元,大连·西岗·香炉礁,广州,学历不限,经验不限,4月14日,zhilian,岗位职责： 1、负责公司的货物配送，数量清点； 2、负责公司车辆保养。维修和清洁工作； 3、协助处理公司车辆保险、索赔、年检办理； 福利待遇 4、协助处理日常行政事务。 任职资格： 1、C1本，1年以上实际驾驶经验，熟悉本地路况； 2、无不良驾驶记录，无重大交通及交通违章，具有较强的安全意识； 3、懂商务接待礼仪，具有一定的服务意识； 4、为人踏实、老实忠厚，保密意识强、责任心强。 工作地点 大连西岗区香海花园-30栋 以担保或任何理由索要财物，扣押证照，均涉嫌违法。一经发现， 立即举报,"货运司机,商务司机,面包车司机,C1驾驶证",http://www.zhaopin.com/jobdetail/CCL1511781260J40858839805.htm?refcode=4019&srccode=401901&preactionid=501a6215-5b1d-40de-b44b-40745b41a3c3
周结207一天c照小车拉料-包吃住,青岛众聘人力资源有限公司,4000-6000元,青岛·黄岛·辛安,广州,学历不限,经验不限,7月15日,zhilian,职位描述 C1驾驶证 包吃包住 周结工资 倒班制 开1米长四轮电动拖车送物料，不用装货卸货 要求有驾驶证 工作时间8-20两班倒 每周五发上周工资。 工作地点 青岛黄岛区福瑞驰公寓松花江路3号 以担保或任何理由索要财物，扣押证照，均涉嫌违法。一经发现， 立即举报 客户,"C1驾驶证,包吃包住,周结工资,倒班制",http://www.zhaopin.com/jobdetail/CCL1516226100J40998291202.htm?refcode=4019&srccode=401901&preactionid=501a6215-5b1d-40de-b44b-40745b41a3c3
招C照司机,四川智行易达运力科技有限公司,9000-12000元,成都·温江·柳城,广州,学历不限,经验不限,7月21日,zhilian,岗位职责：负责接送公司客户，无需找单，公司分配，自由安排，不打卡。 任职要求：身体健康，不看学历，不看经验，只要有C1C2驾驶证都可以。 保底收入6000+提成，综合收入8000-12000 公司提供车，不租不买，提车不需要交租金押金保证金 工作地点 温江区新光天地(成都店) 以担保或任何理由索要财物，扣押证照，均涉嫌违法。一经发现， 立即举报,"C1驾驶证,客运司机,商务司机",http://www.zhaopin.com/jobdetail/CCL1502325170J40822101005.htm?refcode=4019&srccode=401901&preactionid=501a6215-5b1d-40de-b44b-40745b41a3c3
C/C++/Java/JS/python/测试/运维开发/数据（接受25届无经验、考研断档等）,外企德科数字技术有限公司,1.4-2.8万·14薪,东莞·寮步镇,广州,本科,经验不限,7月17日,zhilian,职位描述 C语言 C++ 岗位要求： 1、大学本科及以上学历，计算机、通信、自动化等理工科相关专业。 2、基本掌握C/C++/Java/Python等一种或多种语言的开发应用 3、具有良好的沟通能力，刻苦、敬业、有上进心，对技术有激情，喜欢钻研，有较强的独立、主动的学习能力。 4、没有工作经验的25届同学亦可，需要具备较好的学习能力 业务简介： ●数通/云核： 做5G/无线基站研发 ●计算产品部：AI算力支持、算力提升 ●海思：芯片半导体等等 ●终端：华为手机、PC、平板、可穿戴产品、智慧办公等产品研发 ●数存：华为数据存储部门主要着力于数据存储技术研发，业务排名国内第一。发展快，技术前沿。 ●智能车：智能驾驶、座舱、车载、电车机电系统 ●公开：华为内部通用软件研发 ●数字能源：部门业务涵盖了光伏发电、智能锂电池、电车机电系统、超速充电桩、模块电池、网络配电数据中心（国家新基建重点项目）、能源云等方向。是现在发展最快的行业之一。 ●华为云：华为云计算部门主要做云服务、公有云、云平台及数字化平台等云相关业务。 ●2012中央媒体院： 中媒鸿蒙项目新增软件开发和软件测试（开发和测试都必须是C++） ●除此以外，智能车、GTS等部门都有需求 在招岗位： Java开发 C/C++研发 Python研发 算法研发 web前端 软件测试 数据开发/大数据 大模型算法 奖金绩效 年底双薪+节假日福利+全额社保公积金+补充医疗等 工作地点 华为南方工厂东莞松山湖 以担保或任何理由索要财物，扣押证照，均涉嫌违法。一经发现， 立即举报 客户,"C语言,C++",http://www.zhaopin.com/jobdetail/CCL1480117890J40849612605.htm?refcode=4019&srccode=401901&preactionid=bcabe049-92b5-4bd8-aea2-4cb16f91ad23
济南历城华山招聘C/B证货运司机7000-10000,跨越速运,9000-11000元,济南·历城·华山,广州,学历不限,经验不限,7月3日,zhilian,职位描述 C1驾驶证 司机岗位： 【职位要求】 1、身体健康，吃苦耐劳，服从管理； 2、有装卸工作经验优先，熟悉货运的出入库作业（根据各点部情况驾驶4.2M 7.6M 9.6M厢货）。 3、C1驾龄满3年 ；B2驾龄满2年 ，具有驾驶厢货工作经验（公司会进行试车考试）；超过年龄对应负责人可特批 【薪酬福利】 1、综合工资——7000-12000，多劳多得 2、福利补贴——夜班每月享有津贴 3、推荐奖金——为公司成功推荐客户，享有业务计提； 4、配发手机——根据工作需要配备工作手机 5、享受假期——带薪年假、婚假、病假、证件年审假等福利； 6、晋升机制——提供完善的内部竞聘转岗机制，定期举办内部竞聘。 本岗位承诺公司 直接招聘，不收取任何费用！ 集团公司，目前全山东各网点都招聘，地址不合适的可另咨询！ 试用期工资:工资面议或打电话咨询 工作地点 跨越速运历城市区取派部(盖世集团中心店)山东省济南市历城区荷花路街道盖世物流第五库区7-001 以担保或任何理由索要财物，扣押证照，均涉嫌违法。一经发现， 立即举报,C1驾驶证,http://www.zhaopin.com/jobdetail/CC574811320J40812878311.htm?refcode=4019&srccode=401901&preactionid=bcabe049-92b5-4bd8-aea2-4cb16f91ad23
C/C++开发,长宽高(重庆)企业服务有限公司,1.4-1.6万,深圳·龙岗·龙城,广州,大专,1年以下,7月26日,zhilian,职位描述 C语言 Linux开发 STL 高并发场景处理 底层算法优化 跨团队协作 工作职责： 1. 负责公司核心业务系统的C/C++模块开发与维护，保障系统的稳定性与高效运行。 2. 参与底层算法设计与性能优化，解决高并发、大数据量场景下的技术难题。 3. 与产品、测试团队协作，完成需求分析、技术方案评审及代码交付工作。 任职要求： 1. 大专及以上学历，计算机相关专业，基础扎实。 2. 精通C/C++编程语言，熟悉STL标准库及常用数据结构与算法。 3. 具备Linux平台开发经验，熟悉多线程、网络编程及内存管理机制。 4. 有良好的代码规范与文档编写习惯，具备独立解决复杂技术问题的能力。 工作地点 深圳龙岗区正中时代广场-A座 以担保或任何理由索要财物，扣押证照，均涉嫌违法。一经发现， 立即举报 客户,"C语言,Linux开发,STL,高并发场景处理,底层算法优化,跨团队协作",http://www.zhaopin.com/jobdetail/CCL1526260210J41024606604.htm?refcode=4019&srccode=401901&preactionid=bcabe049-92b5-4bd8-aea2-4cb16f91ad23
高薪直招C牌多劳多得就近安排,苏州玖毅汽车服务有限公司,7000-14000元,苏州·工业园区,广州,学历不限,经验不限,6月7日,zhilian,岗位职责】 ·负责短途及长途客运驾驶任务 ·遵守交通法规 【职位要求】 ·持有C1/C2/B2驾照，驾龄1-2年 ·无一次性扣12分违章记录 ·可接受全职或兼职工作形式 【工作时间】 具体时间班次面议 【薪资福利】 ·薪资范围保底7000 ·提供住宿、交通补助、加班补助 工作地点 工业园区西安电子科技大学苏州研究院 以担保或任何理由索要财物，扣押证照，均涉嫌违法。一经发现， 立即举报,"C1驾驶证,货运司机,网约车司机,商务司机",http://www.zhaopin.com/jobdetail/CCL1516171460J40854711511.htm?refcode=4019&srccode=401901&preactionid=bcabe049-92b5-4bd8-aea2-4cb16f91ad23
C/C++,活水智慧(河北)科技有限公司,8000-16000元,廊坊·高楼镇,广州,本科,1-3年,7月1日,zhilian,职位描述 ARM处理器 C语言 C++ Java 计算机软件 计算机硬件 半导体/芯片 新品开发，熟悉嵌入式实时系统UCOS、FREERTOS，熟悉NXP RT11XX系列MCU 熟悉LINUX和Android系统裁剪编译 工作地点 河北省廊坊市三河市留山大街4号4-2-401 以担保或任何理由索要财物，扣押证照，均涉嫌违法。一经发现， 立即举报,"ARM处理器,C语言,C++,Java",http://www.zhaopin.com/jobdetail/CCL1488331660J40757112311.htm?refcode=4019&srccode=401901&preactionid=bcabe049-92b5-4bd8-aea2-4cb16f91ad23
对日嵌入式C软件开发 上海,上海达巴辛软件有限公司,1.5-3万·13薪,上海·浦东·塘桥,广州,学历不限,1-3年,6月15日,zhilian,职位描述 日语 嵌入式C 计算机软件 职位名称：对日嵌入式C软件开发 职责描述： 1、在国内公司从事对日软件项目的设计、开发等工作(日后有去日本工作机会) 2、对日开发经验丰富者担当项目Leader负责项目管理工作 3、掌握对日工作交流的方法和技巧 职位要求： 1、对日软件开发工作1年以上经验 2、熟练运用嵌入式C常用框架 3、出色的学习能力、理解能力和逻辑思维能力 4、日语要求：日语N3相当或以上日语能力，口语流利优先考虑。 5、有车载、通讯技术项目经验优先 6、有强烈的责任心，良好的团队协作意识 工作地：上海 薪资待遇：根据个人对日软件工作综合经验能力评估（包括日语能力、技术能力、项目经验、管理能力、行业积累及其他等） 职位优势：发展空间大，牛人队友，五险一金，周末双休，节日福利，年终奖金，员工聚餐，员工体检，员工旅游，员工年假，员工个人发展规划，员工生日福利，每年晋升机会，出国工作机会及其他等福利。 职位福利：五险一金、年底双薪、带薪年假、节日福利、周末双休、弹性工作、定期体检、员工旅游 职位亮点：国际化工作平台，发展空间大 奖金绩效 13薪 工作地点 上海浦东新区陆家嘴软件园 以担保或任何理由索要财物，扣押证照，均涉嫌违法。一经发现， 立即举报,"日语,嵌入式C",http://www.zhaopin.com/jobdetail/CCL1345680450J40350453016.htm?refcode=4019&srccode=401901&preactionid=bcabe049-92b5-4bd8-aea2-4cb16f91ad23
不装不卸C照司机，一天300,武汉顺行达汽车服务有限公司,7000-11000元,武汉·武昌,广州,学历不限,经验不限,7月16日,zhilian,职位描述 公司提供电车 C1驾照 C2驾照 B1驾照 B2驾照 A1驾照 A2驾照 1-2年驾龄 1，男女不限 2，会看导航 3，驾龄满1年 4，工作认真负责 转正可以买社保！ 有意向可直接来电咨询沈经理（微信同号） 职位收费项明细公示 是否还有其他收费项目？ 挑车500违章保证金，不挑车没有 *注：我司承诺，以上为我司现有的网约车司机收益分配方案，除此之外无其他扣除或交纳收费项。同时我司不存在任何以租代购、分期/担保租车/购车、挂靠等不当经营行为。同意遵守《智联招聘信息发布规则》的规定，否则我司承担由此产生的一切责任。 工作地点 武汉武昌区中南路街道 以担保或任何理由索要财物，扣押证照，均涉嫌违法。一经发现， 立即举报,"公司提供电车,C1驾照,C2驾照,B1驾照,B2驾照,A1驾照,A2驾照,1-2年驾龄",http://www.zhaopin.com/jobdetail/CCL1524511940J40955991315.htm?refcode=4019&srccode=401901&preactionid=bcabe049-92b5-4bd8-aea2-4cb16f91ad23
8000底薪C照驾驶员,重庆臣邦汽车服务有限公司,8000-12000元,重庆·南岸·南坪,广州,学历不限,经验不限,7月22日,zhilian,职位描述 C1驾驶证 B1驾驶证 B2驾驶证 主要负责在机场接送游客，每天4到10趟，一趟约1小时。 任职要求：驾龄满3年。无酒驾醉驾一次性扣12分记录 薪资福利：出勤26天，综合工资8000到12000 有电补，房补 入职免费培训，公司提供低价房源住宿 工作地点 重庆市南岸区四公里街61号 以担保或任何理由索要财物，扣押证照，均涉嫌违法。一经发现， 立即举报,"C1驾驶证,B1驾驶证,B2驾驶证",http://www.zhaopin.com/jobdetail/CCL1399113790J40763338109.htm?refcode=4019&srccode=401901&preactionid=bcabe049-92b5-4bd8-aea2-4cb16f91ad23
C（9:00-17:00）周末双休+绝不加班+六险一金,中国平安,面议,石嘴山·大武口区·朝阳街道,广州,大专,经验不限,7月25日,zhilian,职位描述 工作简单 绝不加班 提供资源 划分私域 领导可爱 同事暖心 周末双休 五险一金 【招聘部门】平安集团-网格部（不是代理人，不是区拓，不是普惠，不是综合金融）平安未来10年核心部门 【招聘岗位】社区网格专员（老客户服务维护+二次开发／二次续费） 【七大优势】岗位有意向有兴趣可随时投递~HR本人24小时在线~ 1、【时间】不加班，朝九晚六，固定周末双休，法定节假日跟着国家放 2、【客户】公司提供精准客户资源转化，客户网格集中划分，不用东奔西跑 3、【薪资】保底工资高，保底工资不挂钩业绩 4、【保障】签劳动合同，买五险一金 5、【位置】上班市中心，交通通勤便利 6、【形式】不用枯燥打电话，不用陌拜，外勤自由 7、【产品】产品多样化，只要是平安集团旗下的产品都包含 【工资】 1、入职前1-3个月考察期专员：保底工资+新人津贴600-10000+提成（考察期到手薪资平均8000） 2、入职3-6个月及之后： 高级专员薪资：保底工资+600-10000新人津贴+提成（到手薪资平均9000-20000+） 保底工资和业绩不挂钩，可以全拿 3、签劳动合同，购买五险一金 【工作内容】 1、线上服务+客情维护原有老客户（分配到企业微信），公司会分配网格和分配客户资源 2、对有需求有意向客户进行拜访或约面，促进成交 3、总结：老客户维护服务，管理+二次续费或二次开发 【产品】 平安集团旗下的产品都包含，包括但不止于：理财，信用卡等等，领域之外的教育和医疗系统（具体看客户需求） 【上班时间】 1、朝九晚六，不加班！ 2、周末双休，不加班！ 3、法定节假日休息，不加班！ 工作地点 大武口区中国人民银行(石嘴山市分行) 以担保或任何理由索要财物，扣押证照，均涉嫌违法。一经发现， 立即举报,"工作简单     绝不加班,提供资源   划分私域,领导可爱   同事暖心",http://www.zhaopin.com/jobdetail/CC000204810J40921972512.htm?refcode=4019&srccode=401901&preactionid=bcabe049-92b5-4bd8-aea2-4cb16f91ad23
C照中长途货运司机,合肥万好运供应链服务有限责任公司,8000-12000元,淮北·相山区·相南街道,广州,学历不限,1-3年,7月6日,zhilian,职位描述 C1驾驶证 C2驾驶证 栏板式货车 厢式货车 面包车 职位描述 工作内容:公司招募货运司机 线路：主要跑江浙沪皖一带中长途 职位要求:C1及以上驾照，半年以上驾龄，技术娴熟，无重大交通事故。 为人踏实，老实忠厚，服务意识强，有责任心 有无货运经验都可以，公司老师傅手把手教，但必须懂得吃苦耐劳。 薪资待遇:仓库固定货源，多劳多得。公司可提供纯电动新能源车辆平时由司机自己管理，车子不用每天开到公司，下班车子可以自己开回家。只要你勤劳肯干，驾驶技术娴熟，实际驾龄半年以上。诚邀你加入我们新能源行列，与我们一起创造梦想，合作共赢 工作地点 相山区淮北市人民政府 以担保或任何理由索要财物，扣押证照，均涉嫌违法。一经发现， 立即举报,"C1驾驶证,C2驾驶证,栏板式货车,厢式货车,面包车",http://www.zhaopin.com/jobdetail/CCL1486667160J40775445111.htm?refcode=4019&srccode=401901&preactionid=bcabe049-92b5-4bd8-aea2-4cb16f91ad23
招C照货运司机配送快消品,南昌双瀛运输有限公司,9000-13000元,南昌·南昌县·小蓝经开区,广州,学历不限,1-3年,6月15日,zhilian,岗位职责： 仓库货物配送，需要起早，六点半左右到仓库。加班有加班费多劳多得。无需自带车，公司有配车。 任职资格： 1、c1本，1年以上实际驾驶经验，熟悉本地路况； 2、无不良驾驶记录，无重大事故及交通违章，具有较强的安全意识； 3、为人踏实、老实忠厚，责任心强，能适应加班。 有意者可以先咨询了解，工作不难找，好工作难找，一切机会从沟通开始。可能不能24小时在线，欢迎投简历，看到后时间回复，非常感谢。欢迎投简历，， 工作地点 小蓝工业园南昌县富山三路北100米 以担保或任何理由索要财物，扣押证照，均涉嫌违法。一经发现， 立即举报,C1驾驶证,http://www.zhaopin.com/jobdetail/CCL1481984360J40572273516.htm?refcode=4019&srccode=401901&preactionid=bcabe049-92b5-4bd8-aea2-4cb16f91ad23
c岗安全巡检员和安防技术员，高级安全巡检主管,北京安邦保安服务有限公司,3000-6000元,江门·台山市·赤溪镇,广州,大专,3-5年,7月26日,zhilian,职位描述 施工现场安全检查 我们正在寻找一位安防系统工程师，负责设计、安装和维护公司的安防系统。 工作内容： 1. 根据公司需求，设计合适的安防系统方案； 2. 负责安防设备的安装、调试； 3. 定期检查、维护安防设备，确保其正常运行； 4. 对安防系统进行优化升级，提高系统性能； 5. 配合其他部门，共同维护公司安全。 岗位要求： 1.专科及以上学历，计算机、电子、自动化等相关专业； 2. 3年以上安防系统工程师工作经验； 3. 熟练掌握安防设备、网络、弱电等相关知识； 4. 良好的沟通能力和解决问题的能力； 5. 责任心强，有团队精神。 工作地点 江门市-台山市-台山百惠旅业(钦头店)东南侧约30米 以担保或任何理由索要财物，扣押证照，均涉嫌违法。一经发现， 立即举报,施工现场安全检查,http://www.zhaopin.com/jobdetail/CC449652730J41024592104.htm?refcode=4019&srccode=401901&preactionid=bcabe049-92b5-4bd8-aea2-4cb16f91ad23
助理软件工程师（韶关）,比亚迪股份有限公司,7000-14000元,韶关·浈江区·犁市镇,广州,本科,1-3年,7月26日,zhilian,岗位职责： 1.协助分析产品软件需求，确保软件需求的可行性 2.负责上位机软件开发、wed端系统开发、机器视觉相关软件开发 3.协助实施软件详细设计，输出符合编码规范的代码或模型 4.协助实施单元验证、软件现场调试及运维 岗位要求： 1、计算机科学与技术、软件工程等相关专业优先 2、本科以上学历优先 3、有1年以上相关经验， 比亚迪坚持以人为本的人力资源方针， 尊重人， 培养人， 善待人， 为员工建立一个公平、 公正、 公开的工作和发展环境，期待您的加入！ 工作地点 韶关市浈江区工业园犁市镇石下村比亚迪大道1号 以担保或任何理由索要财物，扣押证照，均涉嫌违法。一经发现， 立即举报,"C#,C语言,机器人开发,图形图像处理",http://www.zhaopin.com/jobdetail/CC132962990J40945426902.htm?refcode=4019&srccode=401901&preactionid=bcabe049-92b5-4bd8-aea2-4cb16f91ad23
西青区肯德基兼职学生兼职社会兼职均可—就近安排C,天津肯德基有限公司,3500元,天津·西青·中北,广州,学历不限,经验不限,4月17日,zhilian,职位描述 免费工装 肯德基总部直招兼职服务员，天津肯德基门店就近分配 【工作地点】：天津市肯德基门店就近分配，您可以地图搜索您上班方便的肯德基门店，这面给您按照附近餐厅需求来安排 【福利待遇】： 1、天津肯德基门店就近分配 2、上班员工享受企业内部专享特惠员工餐 3、工作时间灵活，根据您的空闲时间和餐厅需求进行排班，5-8小时均可 4、法定节假日三倍薪资 5、学生兼职可提供实习证明，体验制度成熟的管理运作模式，有广阔的发展空间 6、享有高颜值的工作环境，免费提供时尚高颜值制服，全方位开放的中央空调，冬暖夏凉 工作地点 西青区肯德基(天津侯台店) 以担保或任何理由索要财物，扣押证照，均涉嫌违法。一经发现， 立即举报,免费工装,http://www.zhaopin.com/jobdetail/CC134529310J40767059301.htm?refcode=4019&srccode=401901&preactionid=bcabe049-92b5-4bd8-aea2-4cb16f91ad23
C开发工程师,北京华恒盛世科技有限公司,2-4万,北京·东城·和平里,广州,本科,1-3年,4月30日,zhilian,岗位职责： 1.参与作业调度系统的设计、开发和调优。 2.完成目标产品的调试和文档编写。 3.在公司入职满2年，进入公司成绩突出者，进行公司核心管理层，并配发相关股份。 任职要求： 1.本科及以上学历，熟练掌握C/Golang语言编程，熟悉多线程和网络编程； 2.熟悉AI辅助开发，能够熟练运用Copilot、Cursor等主流AI编程工具进行C语言代码编写、调试与优化。 3.对作业调度系统的开发有着浓厚的兴趣。 4.熟练掌握linux平台下的C开发调试工具，包括gcc、gdb、make、autotools等。 5.掌握Linux常用命令，能编写shell脚本。 6.可以阅读英文技术文档。 7.责任心强，学习能力强，有技术热情，具备良好的沟通能力和团队合作精神； 8.熟悉软件开发流程，有文档编写能力。 9.有HPC和作业调度系统相关经验者优先。 工作地点 北京市东城区和平里东街11号航星科技园南门南侧2层 以担保或任何理由索要财物，扣押证照，均涉嫌违法。一经发现， 立即举报,"C语言,Python,QT开发,Linux开发,PyTorch,MySQL",http://www.zhaopin.com/jobdetail/CC635848780J40925089508.htm?refcode=4019&srccode=401901&preactionid=bcabe049-92b5-4bd8-aea2-4cb16f91ad23
c照司机,武侯区王纬家用电器经营部,6000-7000元,成都·新都·新繁,广州,学历不限,经验不限,6月11日,zhilian,职位描述 C1驾驶证 司机 招聘货运司机 主要送成都周围 青白江 龙泉 新都 郫县温江新津，主要送百货一天两趟不需要上货 您好!我们正在招聘稳定白班司机岗位，底薪加提成综合薪资6000-8000左右，有社保，不是随时在线，感兴趣可以和我交换微信，了解工作详情 工作地点 成都新都区新繁大道 以担保或任何理由索要财物，扣押证照，均涉嫌违法。一经发现， 立即举报,"C1驾驶证,司机",http://www.zhaopin.com/jobdetail/CCL1487334670J40781540906.htm?refcode=4019&srccode=401901&preactionid=bcabe049-92b5-4bd8-aea2-4cb16f91ad23
C照货车司机，收入日结，不装卸,宁波犀力供应链服务有限公司,9000-11000元,宁波·慈溪·逍林,广州,学历不限,1-3年,6月11日,zhilian,职位描述 C2驾驶证 C1驾驶证 B2驾驶证 厢式货车 4米2货车 短途货运 公司主要做城际专线配送，宁波到金华专线。开四米二箱货，由调度统一配货，以工厂货为主，不需要自己装卸。公司货源稳定，天天有货拉。 一天一单趟，今天去明天回，晚上需要在车上休息一晚。 综合月收入九千多一万左右，不包吃住。 工作地点 宁波慈溪市货运出行C1-C2物流专线服务中心 以担保或任何理由索要财物，扣押证照，均涉嫌违法。一经发现， 立即举报,"C2驾驶证,C1驾驶证,B2驾驶证,厢式货车,4米2货车,短途货运",http://www.zhaopin.com/jobdetail/CCL1514003640J40901484303.htm?refcode=4019&srccode=401901&preactionid=55772d38-5d47-4ebb-a1df-57a0cffe23c6
C/C++软件开发工程师,绿萌科技股份有限公司,1-1.5万,赣州·信丰县·西牛镇,广州,本科,经验不限,7月21日,zhilian,岗位职责： 1、负责产品的上位控制软件的开发工作； 2、负责项目应用方案制定，应用软件的需求分析、设计、编码实现、验证和测试； 3、负责实时操作系统（Linux）及RTOS的二次开发，C/C++代码编写，编写文档。 岗位要求： 1、本科及以上学历； 1. 熟练掌握C/C++编程，熟悉QT编程方法； 2. 熟悉 QML 或者Javascrip 3. 了解服务设计，Mysql redis等数据库相关 4. 了解Python 基本语法 5. 具有一定的工作经验者优先，优秀应届生也可； 职位类型：C/C++ 工作地址：北京朝阳区中国科学院微电子研究所综合楼XXXX 职位要求 经验与学历：经验不限·本科 工作地点 赣州信丰县绿萌智能装备产业园 以担保或任何理由索要财物，扣押证照，均涉嫌违法。一经发现， 立即举报,"C#,Qt",http://www.zhaopin.com/jobdetail/CC671692220J40863060312.htm?refcode=4019&srccode=401901&preactionid=55772d38-5d47-4ebb-a1df-57a0cffe23c6
C/C++ 实习生 27届,古野(大连)科技有限公司,3000-6000元,大连·甘井子·凌水,广州,本科,经验不限,7月23日,zhilian,职位描述 C语言 日语 计算机软件 需要长期实习，可转正 不要短期实习，大连生源优先，日语优先 任职要求： 1. 能够熟练使用C语言，独立完成上级交给的编码作业； 2. 具有良好的调查解决问题的能力，面对新问题能够快速调查解决； 3. 具有良好的团队沟通协作能力； 4. 具有积极乐观心态与抗压能力； 5. 能够读懂日文式样，以及编写问题联络票。 岗位描述： 1. 协助项目负责人完成软件开发的各个阶段成果物； 2. 需求理解阶段成果物做成； 3. 软件设计阶段成果物做成； 4. 编码，开发者测试； 5. 系统调查。 工作地点 大连甘井子区纳米大厦16层16A1 以担保或任何理由索要财物，扣押证照，均涉嫌违法。一经发现， 立即举报,"C语言,日语",http://www.zhaopin.com/jobdetail/CCL1461501780J40869758613.htm?refcode=4019&srccode=401901&preactionid=55772d38-5d47-4ebb-a1df-57a0cffe23c6
直聘佳木斯c票4.2箱货司机6-8k,跨越速运,6000-8000元,佳木斯·郊区·长青乡,广州,学历不限,3-5年,7月6日,zhilian,岗位职责】:负责客户收送货 需装卸货物（个人能力范围内） 【任职资格】:三年以上驾驶经验c票 驾龄满三年 【工作时间】: 7:00-19:00 【工作要求】:干活麻利不拖拉，会使用智能机，服从领导安排； 【薪资待遇】:计件工资≈8000-9000 福利待遇丰厚 【工作地址】:黑龙江省佳木斯市郊区长青乡佳木斯万兴综合物流园有限公司 工作地点 郊区佳木斯万兴综合物流园有限公司 以担保或任何理由索要财物，扣押证照，均涉嫌违法。一经发现， 立即举报,"C1驾驶证,厢式货车,4米2货车,同城配送",http://www.zhaopin.com/jobdetail/CC574811320J40740704211.htm?refcode=4019&srccode=401901&preactionid=55772d38-5d47-4ebb-a1df-57a0cffe23c6
java/Python/C/C++/JS/AI算法/软件测试,外企德科数字技术有限公司,1.8-3.5万·14薪,东莞·大朗镇,广州,本科,经验不限,7月26日,zhilian,职位描述 C++ Java 五险一金 全程线上面试 Python 1、本科及以上学历毕业生（25届毕业生），学信网可查，毕业证与学位证齐全。； 2、熟悉Java，C/C++，Python等任意一种后端开发技术； 3、编写概要设计能力要强； 4、沟通表达能力较好，逻辑思维清晰； 5、资深导师专业带教，五险一金，法定节假日福利，内部知识论坛； 6、薪资架构：薪资薪资+绩效工资+年终奖，周末加班双倍。 岗位要求 1、计算机、软件、通信等相关专业，统招本科及以上学历； 2、基础扎实，熟悉掌握但不限于Python/JAVA/C++/C/JS/HTML/GO等任一编程语言，有良好的编程习惯； 3、对数据结构、算法有一定了解，有算法编程基础； 4、具备解决问题的能力、善于沟通，乐于合作； 工作地点 东莞华为研发实验室1 以担保或任何理由索要财物，扣押证照，均涉嫌违法。一经发现， 立即举报 客户,"C++,Java,五险一金,全程线上面试,Python",http://www.zhaopin.com/jobdetail/CCL1480117890J40836820105.htm?refcode=4019&srccode=401901&preactionid=55772d38-5d47-4ebb-a1df-57a0cffe23c6
应用C/C++研发工程师,沈阳恒源安达科技有限公司,1.2-1.5万,沈阳·浑南·祝家,广州,高中,经验不限,7月10日,zhilian,职位描述 C语言 C# C# 图形图像处理 GIS开发 OpenCV MFC MFC 岗位内容： 1. 设计、开发和维护高质量的C++应用程序； 2. 实现并优化算法和数据结构； 3. 负责软件系统的性能优化和调试； 4. 参与项目需求分析和技术选型。 任职要求： 1. 熟悉C++编程语言，具备扎实的编程基础； 2. 具有良好的算法和数据结构基础； 3. 熟练使用常见的开发工具，如VS、Eclipse等； 4. 具备较强的沟通协调能力和团队合作精神； 5. 有扎实的计算机科学/软件工程背景。 工作地点 沈阳浑南区浑南新区祝家街道柏叶村1358室 以担保或任何理由索要财物，扣押证照，均涉嫌违法。一经发现， 立即举报,"C语言,C#,C#,图形图像处理,GIS开发,OpenCV,MFC,MFC",http://www.zhaopin.com/jobdetail/CC883958190J40788214506.htm?refcode=4019&srccode=401901&preactionid=55772d38-5d47-4ebb-a1df-57a0cffe23c6
水利水电工程安全监测（C岗）,中国电建集团贵阳勘测设计研究院有限公司,4000-8000元,贵阳·观山湖·观山,广州,本科,经验不限,7月10日,zhilian,职位描述 工程技术与设计服务 工程施工 建筑设备安装 岗位内容: 1.现场安全监测工程项目仪器检验、埋设、安装、观测；对工程进行巡视检查。 2.各类监测数据计算，分析，安全监测报告编写。 3.各类安全、质量检查及内业资料填写。 4.参与各类验收与计量工作。 5.需要在项目长期驻场，工作地点：贵州、广东、西藏、新疆、青海等。 6.本岗位签署劳务外派合同。 工作地点 贵阳市-观山湖区-白云大道347号 以担保或任何理由索要财物，扣押证照，均涉嫌违法。一经发现， 立即举报,"工程技术与设计服务,工程施工,建筑设备安装",http://www.zhaopin.com/jobdetail/CC676136520J40916906308.htm?refcode=4019&srccode=401901&preactionid=55772d38-5d47-4ebb-a1df-57a0cffe23c6
C/C++开发,长宽高(重庆)企业服务有限公司,1.4-1.6万,北京·朝阳,广州,大专,1年以下,7月26日,zhilian,职位描述 C语言 Linux开发 STL 高并发场景处理 底层算法优化 跨团队协作 工作职责： 1. 负责公司核心业务系统的C/C++模块开发与维护，保障系统的稳定性与高效运行。 2. 参与底层算法设计与性能优化，解决高并发、大数据量场景下的技术难题。 3. 与产品、测试团队协作，完成需求分析、技术方案评审及代码交付工作。 任职要求： 1. 大专及以上学历，计算机相关专业，基础扎实。 2. 精通C/C++编程语言，熟悉STL标准库及常用数据结构与算法。 3. 具备Linux平台开发经验，熟悉多线程、网络编程及内存管理机制。 4. 有良好的代码规范与文档编写习惯，具备独立解决复杂技术问题的能力。 工作地点 北京朝阳区华汇大厦 以担保或任何理由索要财物，扣押证照，均涉嫌违法。一经发现， 立即举报 客户,"C语言,Linux开发,STL,高并发场景处理,底层算法优化,跨团队协作",http://www.zhaopin.com/jobdetail/CCL1526260210J41024606404.htm?refcode=4019&srccode=401901&preactionid=55772d38-5d47-4ebb-a1df-57a0cffe23c6
Qt开发工程师（C/C++）,河北格美医疗器械科技有限公司,8000-10000元,石家庄·栾城·郄马,广州,大专,经验不限,5月7日,zhilian,岗位职责： 负责基于 C++ Qt 框架的桌面客户端、上位机软件设计与开发； 独立完成软件界面开发、业务逻辑编写、数据通信、功能模块迭代； 对接下位机 / 硬件设备，实现串口、网口、TCP/IP、串口等数据交互； 负责软件调试、性能优化、Bug 修复、版本维护与升级； 参与需求评审、方案设计、技术文档编写，配合测试完成交付。 任职要求： 熟练掌握 C++ 编程语言，熟练使用 Qt 框架（Widgets 为主）； 熟悉 Qt 常用控件、多线程、信号槽、网络通信、文件操作、数据解析； 了解常用通信协议：TCP、UDP、串口 RS232/485、Modbus 等优先； 熟悉 Windows/Linux 平台软件开发，了解界面美化、布局适配； 具备独立开发上位机软件经验，逻辑清晰，良好的代码规范； 有医疗设备、仪器仪表、自动化行业经验者优先。 工作地点 栾城区联东U谷·石家庄科技创新中心5c 以担保或任何理由索要财物，扣押证照，均涉嫌违法。一经发现， 立即举报,"QT开发,Qt",http://www.zhaopin.com/jobdetail/CC460284680J40899185812.htm?refcode=4019&srccode=401901&preactionid=55772d38-5d47-4ebb-a1df-57a0cffe23c6
c/c++研发工程师,厦门天锐科技股份有限公司,7000-12000元·13薪,厦门·集美·杏林,广州,本科,经验不限,7月24日,zhilian,岗位职责： 1. 负责Linux系统的应用开发和测试； 2. 参与项目需求分析、产品设计、文档编写，并根据规划保质保量完成任务； 3. 完成研发经理安排的其他研发任务。 二、任职资格： 1. 本科及以上学历，电子、计算机、软件或相关专业； 2. 具有Linux C++开发经验，熟悉常用算法及设计模式，编程风格良好； 3. 热爱编程、善于思考、沟通良好、能独立分析和解决问题； 4.团队协作，抗压能力强，敢于挑战个人技术盲区。 5.优秀应届生也可以考虑 三、福利待遇： 1、六险一金、带薪年假、过节礼品、员工生日福利、年终奖、年度旅游，免费体检等完善的福利体系； 2、优秀员工每满半年将有调薪的机会； 3、优秀员工持股，长期激励； 4、协办厦门户口，提供有竞争力的薪酬。 5、完整的职业规划、广阔的发展平台及晋升空间。 职位福利：五险一金、绩效奖金、加班补助、带薪年假、定期体检、员工旅游、高温补贴 职位亮点：完整的职业规划、广阔的发展平台及晋升空间 工作地点 厦门集美区软件园三期C08栋 19F 以担保或任何理由索要财物，扣押证照，均涉嫌违法。一经发现， 立即举报,"C/C++,Linux,Windows,C++",http://www.zhaopin.com/jobdetail/CC203306310J40128319710.htm?refcode=4019&srccode=401901&preactionid=55772d38-5d47-4ebb-a1df-57a0cffe23c6
C照长途货运司机,合肥万好运供应链服务有限责任公司,8000-12000元,阜阳·颍州区·文峰街道,广州,学历不限,1-3年,7月6日,zhilian,职位描述 C1驾驶证 C2驾驶证 栏板式货车 厢式货车 面包车 职位描述 工作内容:公司招募货运司机 线路：主要跑江浙沪皖一带中长途 职位要求:C1及以上驾照，半年以上驾龄，技术娴熟，无重大交通事故。 为人踏实，老实忠厚，服务意识强，有责任心 有无货运经验都可以，公司老师傅手把手教，但必须懂得吃苦耐劳。 薪资待遇:仓库固定货源，多劳多得。公司可提供纯电动新能源车辆平时由司机自己管理，车子不用每天开到公司，下班车子可以自己开回家。只要你勤劳肯干，驾驶技术娴熟，实际驾龄半年以上。诚邀你加入我们新能源行列，与我们一起创造梦想，合作共赢 工作地点 颍州区阜阳市人民政府 以担保或任何理由索要财物，扣押证照，均涉嫌违法。一经发现， 立即举报,"C1驾驶证,C2驾驶证,栏板式货车,厢式货车,面包车",http://www.zhaopin.com/jobdetail/CCL1486667160J40775455911.htm?refcode=4019&srccode=401901&preactionid=55772d38-5d47-4ebb-a1df-57a0cffe23c6
直招C牌司机，就近安排不看征信0元入职,苏州玖毅汽车服务有限公司,7000-13000元,苏州·常熟·虞山,广州,学历不限,经验不限,7月26日,zhilian,岗位职责】 ·负责短途及长途客运驾驶任务 ·遵守交通法规 【职位要求】 ·持有C1/C2/B2驾照，驾龄1-2年 ·无一次性扣12分违章记录 ·可接受全职或兼职工作形式 【工作时间】 具体时间班次面议 【薪资福利】 ·薪资范围保底7000 ·提供住宿、交通补助、加班补助 工作地点 苏州常熟市Grace Gu时尚风情(常熟天虹购物中心店) 以担保或任何理由索要财物，扣押证照，均涉嫌违法。一经发现， 立即举报,行政司机,http://www.zhaopin.com/jobdetail/CCL1516171460J40832967211.htm?refcode=4019&srccode=401901&preactionid=55772d38-5d47-4ebb-a1df-57a0cffe23c6
招三名司机驾驶员，C照联系,武汉佰盛汽车服务有限公司,6000-7000元,孝感·云梦县·城关镇,广州,学历不限,经验不限,7月4日,zhilian,职位描述 公司提供电车 C1驾照 C2驾照 2-3年驾龄 熟悉本地路况 熟练使用导航 1.驾龄满三年 2.驾驶技术熟练，会看导航 3.肯干就行，目前招三名司机，补贴高，感兴趣的直接联系 职位收费项明细公示 是否还有其他收费项目？ 平台收取96的手续费 *注：我司承诺，以上为我司现有的网约车司机收益分配方案，除此之外无其他扣除或交纳收费项。同时我司不存在任何以租代购、分期/担保租车/购车、挂靠等不当经营行为。同意遵守《智联招聘信息发布规则》的规定，否则我司承担由此产生的一切责任。 工作地点 孝感云梦县云梦梦泽医院 以担保或任何理由索要财物，扣押证照，均涉嫌违法。一经发现， 立即举报,"公司提供电车,C1驾照,C2驾照,2-3年驾龄,熟悉本地路况,熟练使用导航",http://www.zhaopin.com/jobdetail/CCL1503943670J40847317807.htm?refcode=4019&srccode=401901&preactionid=55772d38-5d47-4ebb-a1df-57a0cffe23c6
安全员A/C,山东诺创企业管理咨询有限公司,9000-11000元,济南·历下·姚家,广州,学历不限,经验不限,5月18日,zhilian,职位描述 房建工程 市政工程 路桥工程 安全员C本 安全员B本 安全员A 安全员 1、建筑工地安全检查 2、具有安全员C证，或A证 3、近半年未跳槽，或近半年社保在一家单位 工作地点 济南历下区汇源大厦301 以担保或任何理由索要财物，扣押证照，均涉嫌违法。一经发现， 立即举报 客户,"房建工程,市政工程,路桥工程,安全员C本,安全员B本,安全员A",http://www.zhaopin.com/jobdetail/CC839240630J40930603008.htm?refcode=4019&srccode=401901&preactionid=55772d38-5d47-4ebb-a1df-57a0cffe23c6
相城望亭招聘货运司机——C照,苏州极途智运新能源科技有限公司,8000-10000元,苏州·相城·望亭,广州,学历不限,1-3年,7月10日,zhilian,"职位描述 C1驾驶证 C2驾驶证 面包车 4米2货车 短途货运 任职要求：C1,C2以上驾照满一年，无酒驾记录，无一次性扣12分记录 任职资格: 1、C1C2以上驾照满一年，无一次性扣12分 2，薪资8500+提成 3.工作时间：早8晚6 月休4天 4.无不良驾驶记录，有较强安全意识，责任心强 时间:早8晚6 月休四天 工作地点 苏州相城区望亭国际物流园 以担保或任何理由索要财物，扣押证照，均涉嫌违法。一经发现， 立即举报","C1驾驶证,C2驾驶证,面包车,4米2货车,短途货运",http://www.zhaopin.com/jobdetail/CCL1521745150J40863437401.htm?refcode=4019&srccode=401901&preactionid=55772d38-5d47-4ebb-a1df-57a0cffe23c6
C照司机只负责开车送货 纯司机,深圳市胜心物流运输有限公司,8000-13000元,东莞·大朗镇,广州,学历不限,1年以下,7月15日,zhilian,职位描述 厢式货车 4米2货车 短途货运 长途货运 同城配送 B2驾驶证 C1驾驶证 C2驾驶证 职位要求： 上班公司提供自动挡4.2货车，不需要租车 需持有C1或以上驾驶证，要有驾驶经验。开车技术好，能吃苦耐劳 工作内容：开4.2货车 负责配送工厂货物，跑珠三角，不需要装卸，点对点配送，一天1~3趟 工作时间：早上八点上班，送完下班 我们公司直招！！有意向可以直接在线联系或者电话联系 工作地点 东莞市-银朗南路490号 以担保或任何理由索要财物，扣押证照，均涉嫌违法。一经发现， 立即举报,"厢式货车,4米2货车,短途货运,长途货运,同城配送,B2驾驶证,C1驾驶证,C2驾驶证",http://www.zhaopin.com/jobdetail/CCL1510301880J40895648613.htm?refcode=4019&srccode=401901&preactionid=55772d38-5d47-4ebb-a1df-57a0cffe23c6
c/c++实习生,沈阳国际软件园产业服务集团有限公司,150-200元/天,沈阳·浑南·白塔,广州,本科,经验不限,7月7日,zhilian,岗位职责 1.协助研发团队完成C/C++相关代码编写、调试与优化工作 2.配合完成业务功能开发、问题排查、文档整理等基础研发工作 3.跟进项目需求，落实分配的开发任务，同步工作进度 4.完成上级交办的其他技术相关辅助工作 任职要求 1.计算机相关专业，本科及以上学历，掌握基础C、C++编程语法 2.了解常用数据结构、基础计算机原理，具备基础代码阅读能力 3.可全职实习，保证长期在岗，出勤稳定 4.逻辑清晰，学习能力强，耐心细致，具备基础团队协作意识 5.有相关项目、开发实习经验优先，无硬性工作经验要求 工作地点 浑南区沈阳国际软件园-F8 以担保或任何理由索要财物，扣押证照，均涉嫌违法。一经发现， 立即举报,C语言,http://www.zhaopin.com/jobdetail/CC844986810J40873255710.htm?refcode=4019&srccode=401901&preactionid=55772d38-5d47-4ebb-a1df-57a0cffe23c6
C/C++软件开发工程师,福州三龙喷码科技有限公司,6000-8000元,福州·马尾·马尾,广州,本科,3-5年,7月23日,zhilian,岗位职责： 1．承担产品开发工作，根据设计方案或要求，完成相关开发、评审及技术文档编写工作； 2．承担产品样机调试、自测及解决过程中的问题，并做好记录； 3．承担产品上线后的设计完善，版本升级等维护性工作，以及针对制造和市场技术支持工作； 4．执行公司或上级交付的其他工作。 二、职位要求： 1．软件工程、电子技术、测控技术、自动化、机电一体化、机械电子、通信工程等相关专业，优秀者专业不限，本科及以上学历； 2．熟悉C/C++，Qt，熟练掌握对应的开发工具； 3．熟悉主流关系型数据库操作如MySQL、SQLite； 4．熟悉Modbus、串口通信、网络等常见工业协议者优先； 5．具有良好的团队合作精神，责任心强，有较强的自学、沟通表达能力及吃苦耐劳的工作精神； 6．适应国内出差与业务洽谈。 工作地点 福建省福州市马尾区马江路33号联东U谷3号楼 以担保或任何理由索要财物，扣押证照，均涉嫌违法。一经发现， 立即举报,"QT开发,MySQL,C++",http://www.zhaopin.com/jobdetail/CC180909810J40649241913.htm?refcode=4019&srccode=401901&preactionid=efc1e877-7ee6-4f96-a272-b6a91fc5ca1a
C/C++软件开发工程师,辉煌科技,7000-11000元,郑州·中原·沟赵,广州,本科,1-3年,3月18日,zhilian,岗位职责： 1、参与项目需求分析，研究项目技术细节，进行系统模块的详细设计，编写技术文档； 2、根据开发进度和任务分解完成软件编码工作，配合测试工程师进行软件测试工作，及时修改、完善软件BUG； 3、支持现场调试工作。 职位福利：周末双休、五险一金、全勤奖、餐补、定期体检、免费班车、节日福利 职位亮点：双休、工作餐、交通补助、节日福利 工作地点 郑州中原区河南辉煌科技轨道交通测控科技园 以担保或任何理由索要财物，扣押证照，均涉嫌违法。一经发现， 立即举报,"C/C++,C++,数据库,QT",http://www.zhaopin.com/jobdetail/CC138093480J40226937613.htm?refcode=4019&srccode=401901&preactionid=efc1e877-7ee6-4f96-a272-b6a91fc5ca1a
C/C++软件开发,上海微电子装备(集团)股份有限公司,2-3万·15薪,上海·张江,广州,本科,经验不限,1月19日,zhilian,职位描述 C C++ Windows Linux Vxworks 电气机械/电力设备 仪器仪表 半导体/芯片 岗位描述： 1.从事半导体制造装备及智能制造装备的软件系统研发； 2.基于Windows、Linux及vxWorks操作系统，开发应用软件、控制软件及驱动软件； 3.负责指定功能模块的软件设计、开发与调试与自测； 4.参与所负责软件的系统集成与调试、上线工作； 5.参与涉及实物系统的软硬件联调与技术支持工作。 岗位要求： 1.本科及以上学历，英语四级及以上，计算机科学、软件工程、自动控制、机电、光电、精密仪器等相关理工科专业； 2.一年工作经验起，优秀应届生亦可; 3.熟练掌握C/C++编程语言，Linux数据库方向应熟练掌握SQL编程； 4.有较强的自主学习能力，责任心强，具备良好的沟通能力与团队合作意识； 5.善于接受新事物、敢于自我挑战，能够承受一定的工作压力。 职位福利：五险一金、交通补助、餐补、带薪年假、定期体检、住房补贴、绩效奖金 工作地点 上海浦东张江高科技园区张东路1525号 以担保或任何理由索要财物，扣押证照，均涉嫌违法。一经发现， 立即举报,"C,C++,Windows,Linux,Vxworks",http://www.zhaopin.com/jobdetail/CC121096020J90251576000.htm?refcode=4019&srccode=401901&preactionid=efc1e877-7ee6-4f96-a272-b6a91fc5ca1a
C/C++开发工程师,北京天能继保电力科技有限公司保定分公司,5000-10000元,哈尔滨·香坊·哈平路,广州,本科,经验不限,12月2日,zhilian,岗位职责： 1.按照概要设计文档和需求文档完成监控系统、测试系统或工具的功能开发设计； 2.熟悉监控系统或测试系统的使用，为工程人员提供技术支持； 3.能根据公司技术文档要求编写详细设计、测试报告、出厂调试报告等技术文档； 4.负责所设计功能模块问题跟进处理，并能独立或在师傅的指导下解决 岗位要求： 1.统招本科（一本）及以上学历，电气工程及其自动化、自动化、电子信息工程或相关专业 2.了解Linux系统；了解电力自动化相关知识； 3.熟悉sqlserver、sybase数据库； 4.熟练使用C++语言，有QT开发经验优先。 工作地点 香坊区哈尔滨理工大学(东校区)一号楼 以担保或任何理由索要财物，扣押证照，均涉嫌违法。一经发现， 立即举报,"C语言,嵌入式开发,Linux开发,QT开发",http://www.zhaopin.com/jobdetail/CCL1340197990J40827802305.htm?refcode=4019&srccode=401901&preactionid=efc1e877-7ee6-4f96-a272-b6a91fc5ca1a
C/C++研发工程师,慧众金匠(上海)技术服务有限责任公司,1-1.5万,上海·金山·山阳,广州,本科,1-3年,12月30日,zhilian,岗位职责： 1. 熟练掌握C/C++、PYTHON编程语言 2. 热爱并跟踪最前沿编程技术 3. 理解数据采集和建模方式 岗位要求： 1. 本科及以上学历 2. 两年以上工作经验 薪资待遇：月薪10000-20000，五险 工作地点 金山区上海日盛电气有限公司2号楼6楼 以担保或任何理由索要财物，扣押证照，均涉嫌违法。一经发现， 立即举报,"C语言,C#,Python",http://www.zhaopin.com/jobdetail/CCL1500079080J40826994315.htm?refcode=4019&srccode=401901&preactionid=efc1e877-7ee6-4f96-a272-b6a91fc5ca1a
初级C开发工程师,成都飞航智云科技有限公司,6000-12000元·13薪,成都·青羊·文家,广州,本科,经验不限,11月21日,zhilian,岗位职责： 1.参与公司产品需求分析； 2.负责软件功能模块的开发、调试和测试工作； 3.负责部分技术文档的编写； 4.完成领导交办的其他工作任务。 任职资格： 1.学历要求：985/211统招本科及以上学历； 2.专业要求：计算机科学、软件工程等专业； 3.熟悉Windows平台软件使用，具有1年以上实际项目开发经验，优秀应届毕业生可考虑； 4.可熟练使用C/C++开发语言，对航空航天领域感兴趣优先。 工作地点 成都青羊区青羊工业总部基地C区3栋2楼 以担保或任何理由索要财物，扣押证照，均涉嫌违法。一经发现， 立即举报,"C#,嵌入式技术,软件工程师,初级软件工程师,客户端开发,Winform开发,WPF,Winform",http://www.zhaopin.com/jobdetail/CC629107580J40595963003.htm?refcode=4019&srccode=401901&preactionid=efc1e877-7ee6-4f96-a272-b6a91fc5ca1a
急招嵌入式c（可远程面）,软通动力信息技术(集团)股份有限公司,1.3-2万,东莞·寮步镇,广州,大专,经验不限,7月7日,zhilian,职位描述 新能源汽车 新能源/燃油整车研发制造 1、熟练嵌入式软件开发经验，熟悉C语言语法优先，熟悉英飞凌/TI/ST等芯片外设开发应用优先； 2、了解电力电子和电机控制相关应用，例如PFC整流、逆变、DCDC变换、电机控制等，有车载电子电子和电机控制软件调试经验者优先； 3、有车载行业MCU、OBC、VCU部件CAN通讯、UDS/OBD诊断功能软件开发经验者优先； 4、掌握嵌入式C语言软件开发，熟悉软件架构设计和优化方法。 5、有车企相关汽车软件开发经验或者电动汽车车载三电（电控、电驱、电池）系统开发经验； 关键字：嵌入式C开发、车载系统开发、MCU、OBC（车载充电桩）UDS/OBC、电机系统开发； 相关公司: 1.英威腾电动，麦格米特，蓝海华腾，汇川联合动力等相关电源或者车载系统开发相关公司。 相关专业: 自动化，计算机，电气工程，电力电子，电子信息工程，控制理论和控制工程。 4、掌握结构尺寸公差和尺寸链计算基本原理； 5、工作踏实认真，有责任心、积极上进以及良好的沟通能力。 6、大专学历需要有3年以上相关工作经验。 工作地点 东莞光大WE谷b1-2 以担保或任何理由索要财物，扣押证照，均涉嫌违法。一经发现， 立即举报,"新能源汽车,新能源/燃油整车研发制造",http://www.zhaopin.com/jobdetail/CC000544460J40735830616.htm?refcode=4019&srccode=401901&preactionid=efc1e877-7ee6-4f96-a272-b6a91fc5ca1a
急聘普工/操作工 包住,浙江杰博人力资源股份有限公司,7000-8000元,宁波·海曙·高桥,广州,学历不限,经验不限,7月24日,zhilian,职位描述 厂内食堂 恒温车间 包住 月结 组装工 检验员 月休四天 长白班 岗位：操作工/检验 要求：无经验要求 男女不限 工作简单 吃住：包吃住 宿舍三人间有空调热水器洗衣机 免费工作餐 薪资：月薪7k＋员工生日礼品 节假日礼物 过年车费补贴 开门红包 高温费 全勤奖 夜班补贴 长白班 不体检 原标题：《c海曙普工 月7k以上 包吃住 长白班 不体检 简单易上手》 工作地点 宁波海曙区新福产业园1 以担保或任何理由索要财物，扣押证照，均涉嫌违法。一经发现， 立即举报 客户,"厂内食堂,恒温车间,包住,月结,组装工,检验员,月休四天,长白班",http://www.zhaopin.com/jobdetail/CC810318680J40831542314.htm?refcode=4019&srccode=401901&preactionid=efc1e877-7ee6-4f96-a272-b6a91fc5ca1a
C照货运司机,常州盛典物流有限公司,1-1.1万,杭州·萧山·北干,广州,学历不限,1-3年,7月14日,zhilian,职位描述 4米2货车 C1驾驶证 C2驾驶证 短途货运 工作内容： 1. 负责货物配送； 2. 维护车辆性能； 3. 不用装卸货； 4. 与客户沟通，确保准确配送； 5. 填写配送文档。 岗位要求： 驾驶证、3年驾龄、熟悉路线、善于沟通、独立完成任务、物流经验者优先。 工作地点 杭州市-萧山区-心意广场 以担保或任何理由索要财物，扣押证照，均涉嫌违法。一经发现， 立即举报,"4米2货车,C1驾驶证,C2驾驶证,短途货运",http://www.zhaopin.com/jobdetail/CCL1525822170J40875372314.htm?refcode=4019&srccode=401901&preactionid=efc1e877-7ee6-4f96-a272-b6a91fc5ca1a
软件开发/测试/算法 java、c/c++、python、js（可接24/25应届无经验）,智联猎头,1.5-3万·14薪,深圳·龙岗·坂田,广州,本科,经验不限,6月3日,zhilian,"职位描述 C语言 C# Java 计算机软件 产业互联网平台 职位描述 岗位需求 1、业务方向（后续面试会选业务部门）：智能汽车（自动驾驶、智能座舱、融合感知、车云、车载网络等）、新能源（光伏、电动、充电桩等）、云&AI/高性能计算、5G、芯片、光通信&应用（光纤、车载光）、路由交换机等。 2、具备良好的计算机、软件工程领域知识，熟悉软件系统设计、开发、测试等研发领域的流程、工程方法和工具； 3、良好的学习能力、团队协作性好，沟通协调能力强； 4、有研发工具模块设计、接口设计、开发经验优先。 专业知识要求： 1、开发工程师 有相关经验优先，熟悉C/C++、JAVA、JS、python中的至少一种，掌握常见的数据结构、算法； 2、软件测试工程师 有相关测试语言/脚本的编写和实践经验优先，也可接受纯测试经验的（具备良好的独立工作能力和解决问题能力，善于沟通，乐于合作，热衷新技术） 3、算法工程师 熟练掌握Java/C/C++/Python其中一个或多个编程语言；熟悉机器学习、深度学习或图像算法。 PS:接受24、25届无经验，转行无经验 ,学习能力出色、基础扎实，入职后导师一带一带教培养。 工作地点 深圳龙岗区坂田 以担保或任何理由索要财物，扣押证照，均涉嫌违法。一经发现， 立即举报","C语言,C#,Java",http://www.zhaopin.com/jobdetail/CCL1318355140J40857026703.htm?refcode=4019&srccode=401901&preactionid=efc1e877-7ee6-4f96-a272-b6a91fc5ca1a
！高薪！c（9:00-17:00）时间自由+固定双休 + 拒绝加班 +六险一金 +月入2W+慈溪,中国平安,面议,宁波·慈溪·古塘,广州,学历不限,经验不限,7月9日,zhilian,"职位描述 领导可爱 同事暖心 六险一金 时间有弹性 5A级舒适的办公环境 不用枯燥打电话，不用陌拜 绝对不加班，下班就走 外勤自由 ●●●此岗位本月急招,招满为止！！！ ●●工作地点： 就近分配，按照住家距离统一分配 ●工作时间: 早上:9:00-17:30，6小时工作制，午休两个小时。绝不加班。 周末双休，法定节假日带薪休假 ●薪资待遇： 1、基础无责底薪+岗位津贴+绩效奖+季度奖+新人津贴(有金融从业经验者薪资面议)，入职半年以上收入8k+，一年以上15k+(上不封顶) 2、缴纳社保:养老保险。医疗保险，意外医疗、疾病医疗、生育险、失业保险+企业保险+住房公积金。 ●工作内容： 1、通过线上做好客户 日常经营和维护等 ，提升客户黏着度（不需要找客户，公司会把老客户进行分配）线上线下相结合； 2、完成负责区域内客户售后服务、及服务活动完成(客户生日礼品重大节日客户问候、客户活动邀约） 3、岗位以维护为主，主要工作是线上维护好老客户，进行综合业务开发。 ●福利待遇： 1,上班时间早上9:00到下年5:30,午休2小时,到点下班不加班!! 2,周末固定双休,法定节假日正常休息! 3,入职签订合同,世界500强企业福利等你解锁!! 4,缴纳五险一金,并提供完善的晋升通道。一般3-6个月即可晋升 5,入职提供专业的培训,快速上手,为员工提供多途径的业务提升方案 6,5A级办公写字楼,入职配备平板电脑等设备 工作地点 宁波慈溪市金芒果 以担保或任何理由索要财物，扣押证照，均涉嫌违法。一经发现， 立即举报","领导可爱 同事暖心,六险一金 时间有弹性,5A级舒适的办公环境,不用枯燥打电话，不用陌拜",http://www.zhaopin.com/jobdetail/CC000204810J40887348812.htm?refcode=4019&srccode=401901&preactionid=efc1e877-7ee6-4f96-a272-b6a91fc5ca1a
C照货运司机,南京鑫驿达物联科技有限公司,8000-10000元,宿迁·宿城区·黄河街道,广州,学历不限,经验不限,7月13日,zhilian,职位描述 B2驾驶证 C1驾驶证 C2驾驶证 栏板式货车 厢式货车 面包车 4米2货车 4米的平板 中面面包车 长途货运 短途货运 直招，所有货源和车辆公司提供，面试通过第二天上班，有经验的师傅可以安排几天跑跑看，这几天也有工资 工作内容： 小长途，服从调度员的安排，按照调度指定的路线送货，主要送仓库的托盘整货，不需要装卸，跑周边城市，每天300公里左右的总里程 月薪8000-9500多劳多得。工作时间:8:00-18:00左右 再次申明，纯司机只负责开车，承诺不收任何费用!!不租车不卖车!不会当面一套背后一套，要能干活的人! 工作地点 宿迁宿城区荣业物流园 以担保或任何理由索要财物，扣押证照，均涉嫌违法。一经发现， 立即举报,"B2驾驶证,C1驾驶证,C2驾驶证,栏板式货车,厢式货车,面包车,4米2货车,4米的平板,中面面包车,长途货运,短途货运",http://www.zhaopin.com/jobdetail/CCL1384060270J40878040412.htm?refcode=4019&srccode=401901&preactionid=efc1e877-7ee6-4f96-a272-b6a91fc5ca1a
C/C++,常州伊博艾利斯自动化有限公司,1.1-1.5万,常州·武进·湖塘,广州,本科,3-5年,7月23日,zhilian,职位描述 C语言 C# 计算机软件 软件/IT服务 产业互联网平台 1、负责C++程序开发与优化，参与系统架构设计及技术方案实现； 2、完成代码编写、调试、测试及维护工作，确保高性能与可靠性； 3、协同团队解决技术难题，推动产品迭代与性能提升。 岗位要求： 1、本科及以上学历，计算机相关专业，3年以上C++开发经验； 2、精通C++语言及常用框架，熟悉多线程、网络编程； 3、具备Linux开发环境经验，熟悉ROS系统者优先； 4、具备良好的编码习惯和团队协作能力。 薪资11000-15000 工作地点 常州武进区贺北村第三工业园32号 以担保或任何理由索要财物，扣押证照，均涉嫌违法。一经发现， 立即举报,"C语言,C#",http://www.zhaopin.com/jobdetail/CC309029830J40827450605.htm?refcode=4019&srccode=401901&preactionid=efc1e877-7ee6-4f96-a272-b6a91fc5ca1a
日结C票点对点司机,大连运捷通汽贸有限公司,7000-12000元,大连·西岗·香炉礁,广州,学历不限,经验不限,4月14日,zhilian,岗位职责： 1、负责公司的货物配送，数量清点； 2、负责公司车辆保养。维修和清洁工作； 3、协助处理公司车辆保险、索赔、年检办理； 福利待遇 4、协助处理日常行政事务。 任职资格： 1、C1本，1年以上实际驾驶经验，熟悉本地路况； 2、无不良驾驶记录，无重大交通及交通违章，具有较强的安全意识； 3、懂商务接待礼仪，具有一定的服务意识； 4、为人踏实、老实忠厚，保密意识强、责任心强。 工作地点 大连西岗区香海花园-30栋 以担保或任何理由索要财物，扣押证照，均涉嫌违法。一经发现， 立即举报,货运司机,http://www.zhaopin.com/jobdetail/CCL1511781260J40858838105.htm?refcode=4019&srccode=401901&preactionid=efc1e877-7ee6-4f96-a272-b6a91fc5ca1a
c/c++软件开发工程师,江苏金鑫信息技术有限公司,9000-14000元,扬州·广陵区·湾头镇,广州,本科,3-5年,7月23日,zhilian,职位描述 C# 通信/网络设备 云计算 人工智能 1.负责核心产品/模块的C/C++代码设计、开发与维护，确保代码的高性能、高可靠性和可维护性。 2.参与系统架构设计，进行需求分析、技术方案制定和文档编写。 3.负责现有系统的性能优化、Bug修复和技术难题攻关。 4.编写高质量的单元测试和集成测试，配合测试团队完成产品交付。 5.与产品、测试、运维等团队紧密协作，推动项目按时高质量交付。 学历专业：计算机、软件工程、电子通信等相关专业本科及以上学历。 工作经验：3年以上C/C++开发经验（优秀应届生可放宽）。 语言基础：精通C/C++语言，熟悉STL、Boost等常用库，掌握面向对象编程思想。 系统知识：深入理解操作系统原理（Linux/Windows），熟悉多线程编程、进程间通信、内存管理。 开发工具：熟练使用GCC/Clang/MSVC等编译器，掌握GDB/VS调试工具，熟悉CMake/Makefile构建流程。 网络编程：熟悉TCP/IP协议栈，有Socket编程经验，了解HTTP/HTTPS等常见协议。 工作地点 广陵区扬州市产业技术研究院8楼 以担保或任何理由索要财物，扣押证照，均涉嫌违法。一经发现， 立即举报,C#,http://www.zhaopin.com/jobdetail/CC588556420J40914727812.htm?refcode=4019&srccode=401901&preactionid=efc1e877-7ee6-4f96-a272-b6a91fc5ca1a
对日嵌入式C软件开发 西安,上海达巴辛软件有限公司,1.5-3万·13薪,西安·雁塔·丈八沟,广州,学历不限,1-3年,6月15日,zhilian,职位描述 嵌入式 日语 C语言 计算机软件 职位名称：对日嵌入式C软件开发 职责描述： 1、在国内公司从事对日软件项目的设计、开发等工作(日后有去日本工作机会) 2、对日开发经验丰富者担当项目Leader负责项目管理工作 3、掌握对日工作交流的方法和技巧 职位要求： 1、对日软件开发工作1年以上经验 2、熟练运用嵌入式C常用框架 3、出色的学习能力、理解能力和逻辑思维能力 4、日语要求：日语N3相当或以上日语能力，口语流利优先考虑。 5、有车载、通讯技术项目经验优先 6、有强烈的责任心，良好的团队协作意识 工作地：西安 薪资待遇：根据个人对日软件工作综合经验能力评估（包括日语能力、技术能力、项目经验、管理能力、行业积累及其他等） 职位优势：发展空间大，牛人队友，五险一金，周末双休，节日福利，年终奖金，员工聚餐，员工体检，员工旅游，员工年假，员工个人发展规划，员工生日福利，每年晋升机会，出国工作机会及其他等福利。 职位福利：五险一金、年底双薪、带薪年假、节日福利、周末双休、弹性工作、定期体检、员工旅游 职位亮点：国际化工作平台，发展空间大 奖金绩效 13薪 工作地点 西安雁塔区数字大厦(科技五路) 以担保或任何理由索要财物，扣押证照，均涉嫌违法。一经发现， 立即举报,"嵌入式,日语,C语言",http://www.zhaopin.com/jobdetail/CCL1345680450J40244955616.htm?refcode=4019&srccode=401901&preactionid=efc1e877-7ee6-4f96-a272-b6a91fc5ca1a
c/c++软件开发工程师,河南元极科技有限公司,8000-12000元·14薪,郑州·管城·金岱,广州,本科,经验不限,6月2日,zhilian,岗位职责 ① 项目C/C++软件设计、开发与测试工作 ② 负责Windows/linux平台下的应用程序编写和维护 ③ 按企业规范完成相应的设计技术文档编写 (2) 岗位要求 ① 电子、通信、计算机、自动化等相关专业，本科及以上学历，双一流学科、985优先 ② 具有较好的软件功底和嵌入式方面的知识，能够熟练使用C和C++ ③ 熟悉网络通信、文件存储 ④ 具有良好的编程习惯和技术文档编写习惯 ⑤ 具备极强的团队精神和合作精神，对工作有热情 职位福利：五险一金、年终分红、绩效奖金、股权激励 工作地点 郑州管城回族区河南省通信产业园 以担保或任何理由索要财物，扣押证照，均涉嫌违法。一经发现， 立即举报,"QT,C++,Windows,Linux,OpenCV,客户端开发",http://www.zhaopin.com/jobdetail/CC492998430J40341120106.htm?refcode=4019&srccode=401901&preactionid=efc1e877-7ee6-4f96-a272-b6a91fc5ca1a
C/C++开发工程师,贵州江南航天信息网络通信有限公司,7000-9000元,贵阳·花溪·平桥,广州,本科,3-5年,7月2日,zhilian,职位描述 显控软件开发 C语言 C++ Qt MFC VS QT开发 CS客户端开发 主要负责PC机CS软件研发工作，同时开展软件需求调研，总体设计、详细设计、文档编制（软件总体设计方案、功能规格说明书、系统设计方案、详细业务设计方案等）等工作； 开展代码审查及软件开发代码、文档、版本管理等工作； 开展关键技术研究及攻关工作，遵循开发规范，控制开发进度和质量，分析并解决出现的问题和风险； 开展软件功能迭代、BUG修复、系统性能优化、功能优化、体验优化等。 岗位要求： 具备扎实的C/C++编程功底，承担或参与过重大C/C++软件项目，熟练掌握QT工具及VS开发环境，有良好、规范的编程习惯; 具备网络通信/串口通信/人机交互界面开发等软件开发经验及知识基础； 具备信创环境下软件开发、运行经验的优先考虑，同时掌握JAVA开发技能的优先考虑； 具备良好的软件设计与文档编写能力，具备独立处理软件问题的思路与能力； 具备良好的表达理解能力，团队协作能力，勤奋好学。 工作地点 贵阳花溪区航天园 以担保或任何理由索要财物，扣押证照，均涉嫌违法。一经发现， 立即举报,"显控软件开发,C语言,C++,Qt,MFC,VS,QT开发,CS客户端开发",http://www.zhaopin.com/jobdetail/CC318797310J40538750113.htm?refcode=4019&srccode=401901&preactionid=3ee4ac6a-f8a6-4355-8f0d-a617247f203e
爆破工程技术人员（中级C）,江西耘鑫矿业有限公司,1.1-1.6万,萍乡·莲花县·荷塘乡,广州,大专,经验不限,7月25日,zhilian,职位描述 中级爆破工程师证 爆破设计 爆破评估 山地爆破 矿山工程 隧道工程 矿产/冶金 1. 根据井下采掘、掘进计划及矿体地质条件，独立编制爆破专项设计、爆破安全技术措施，计算装药参数、起爆网路，严格符合《爆破安全规程》GB6722规范； ​ 2. 全程跟进井下爆破现场，监督钻孔、装药、填塞、连线、起爆、爆后检查全流程，现场技术交底，及时处置盲炮、悬顶、爆破大块等各类现场技术隐患 ； ​ 3. 管控民爆器材领用、使用、清退台账，完善爆破作业记录、振动监测资料，完成政府应急、公安民爆检查所需全套爆破资料归档； ​ 4. 优化爆破孔网参数，控制爆破飞石、冲击波、井下有害气体，降低大块率，提升采矿生产效率； ​ 5. 负责爆破员、安全员岗前技术培训，制定爆破警戒、避炮专项方案，配合矿山完成爆破安全标准化建设； ​ 6. 配合甲方、外包项目部对接爆破相关技术评审、现场核查工作。 工作地点 萍乡市-莲花县-荷塘乡珊溪村江西耘鑫矿业有限公司 以担保或任何理由索要财物，扣押证照，均涉嫌违法。一经发现， 立即举报,"中级爆破工程师证,爆破设计,爆破评估,山地爆破,矿山工程,隧道工程",http://www.zhaopin.com/jobdetail/CCL1497027020J40909136303.htm?refcode=4019&srccode=401901&preactionid=3ee4ac6a-f8a6-4355-8f0d-a617247f203e
施工安全员（需持安C）,陕西观澜生态环境有限公司,5000-9000元,兰州·安宁区·孔家崖街道,广州,本科,1-3年,7月26日,zhilian,岗位职责】 1．开展日常安全巡检、班前安全教育，整理安全台账、隐患整改、临时用电、机械设备等全套安全资料； 2．管控现场文明施工、扬尘治理，监督工人劳保用品佩戴，跟踪安全隐患整改闭环，配合各级安全检查； 3．学习甲方标准化建造体系，严格按照甲方规范落实现场各项管控工作； 4．负责地产园林景观现场施工（园建 / 绿化任一板块），熟悉景观施工图纸，独立完成测量放线、标高控制、尺寸复核，核对图纸与现场差异并及时上报； 5．配合现场放样、材料进场验收、各施工工序衔接，落实各环节安全技术交底； 6.完成上级安排的其他现场管理相关工作。 【任职要求】 1、持有效安全员 C 证，可配合办理证书转入公司手续； 2、有园林景观现场施工或安全管理相关工作经验优先； 3、能看懂园林全套施工图纸，熟知施工工序与安全规范，可独立排查、整改现场安全隐患； 4、工作踏实有责任心，沟通协调能力良好，能长期驻项目现场。 工作地点 兰州安宁区西北师范大学(云亭校区) 以担保或任何理由索要财物，扣押证照，均涉嫌违法。一经发现， 立即举报,"房建工程,安全员C本,专员",http://www.zhaopin.com/jobdetail/CC886134120J40791727606.htm?refcode=4019&srccode=401901&preactionid=3ee4ac6a-f8a6-4355-8f0d-a617247f203e
驻店K F C 配送员 保底7 5 0 0,兴必达(江苏)网络科技有限公司洛阳分公司,1-1.1万,郑州·金水·祭城路,广州,学历不限,经验不限,6月16日,zhilian,职位描述 无驾照要求 电子产品 生鲜 药品 鲜花 食品饮料 蛋糕 按区域配送 会骑电动车 无犯罪记录 无前科，时间上比较自由，每月4天休息，取送就可以，刚来有人带试跑，宿舍三室一厅小区房，市区就近分配，入职三个月缴纳五险一金 工作地点 郑州金水区肯德基(尚座中心店) 以担保或任何理由索要财物，扣押证照，均涉嫌违法。一经发现， 立即举报,"无驾照要求,电子产品,生鲜,药品,鲜花,食品饮料,蛋糕,按区域配送,会骑电动车,无犯罪记录",http://www.zhaopin.com/jobdetail/CCL1503063000J40857234907.htm?refcode=4019&srccode=401901&preactionid=3ee4ac6a-f8a6-4355-8f0d-a617247f203e
C/C++,方心科技股份有限公司,150-200元/天,长沙·岳麓·观沙岭,广州,本科,经验不限,12月26日,zhilian,岗位职责： 1、根据业务需求进行高性能系统的开发与测试工作； 2、参与系统需求讨论。 任职要求： 1、熟练 C 语言，熟悉 Shell 等脚本语言； 2、对技术有热情，肯钻研，有自己的技术见解； 3、掌握计算机体系结构，有过底层软件或者HPC开发经验优先； 4、计算机软件及相关专业，硕士及以上学历。 备注：可以纯实习，双方觉得合适也可以签就业协议。 工作地点 长沙岳麓区地宝大厦A座23楼 以担保或任何理由索要财物，扣押证照，均涉嫌违法。一经发现， 立即举报,C++,http://www.zhaopin.com/jobdetail/CCL1347281290J40798896201.htm?refcode=4019&srccode=401901&preactionid=3ee4ac6a-f8a6-4355-8f0d-a617247f203e
C照4.2米箱货车司机,河南货搭搭物流服务有限公司,8000-9000元,洛阳·洛龙·古城,广州,学历不限,经验不限,7月24日,zhilian,职位描述 C1驾驶证 1.招C1司机，开4.2米箱货车， 2.送京东快递，关林——洛阳九县六区、济源、孟州，一天两趟，仓对仓， 3.需要自己用地牛装车，有装货平台，操作很简单，不需要卸车， 4.C1驾照即可 工作地点 洛阳洛龙区中浩德电商产业园-东北门 以担保或任何理由索要财物，扣押证照，均涉嫌违法。一经发现， 立即举报,C1驾驶证,http://www.zhaopin.com/jobdetail/CCL1473979810J40838017611.htm?refcode=4019&srccode=401901&preactionid=3ee4ac6a-f8a6-4355-8f0d-a617247f203e
C开发,润和软件,9000-12000元,南京·雨花台·铁心桥,广州,本科,经验不限,4月7日,zhilian,职位描述 C语言 计算机软件 通信/网络设备 计算机硬件 1、良好的C语言编码基础，有良好的编码习惯，熟悉常见数据结构； 2、有较好的团队合作意识，责任心强，有强烈的学习意愿，具有较强的抗压能力； 3、熟悉Linux系统，有Linux系统下编程经验者优先； 4、电子，通信，计算机，自动化等相关专业，统招本科及以上学历 工作地点 南京雨花台区润和创智中心 以担保或任何理由索要财物，扣押证照，均涉嫌违法。一经发现， 立即举报,C语言,http://www.zhaopin.com/jobdetail/CC171774410J40854039014.htm?refcode=4019&srccode=401901&preactionid=3ee4ac6a-f8a6-4355-8f0d-a617247f203e
C/C++,软通动力信息技术(集团)股份有限公司,8000-13000元,上海·青浦·金泽,广州,本科,1-3年,7月6日,zhilian,岗位职责: 1. 协助完成软件开发过程中的基础编码和测试任务； 2. 参与项目需求分析和技术方案讨论，提供辅助支持； 3. 配合团队完成系统模块的集成、调试与文档整理； 4. 跟进开发进度，及时汇报并解决基础技术问题； 5. 学习并应用新技术，提升开发效率和代码质量。 任职要求： 1、掌握嵌入式程序设计，有单片机、ARM等项目开发经验，有内核相关工作经验者优先 2、掌握UART、I2C、SPI等通信接口，有WIFI、蓝牙等IOT通信模块开发经验者优先； 3、具有良好的沟通能力，工作仔细主动，团队合作精神，抗压能力强。 4、统招本科毕业 工作地点 上海青浦区华为练秋湖研发中心-F区 以担保或任何理由索要财物，扣押证照，均涉嫌违法。一经发现， 立即举报,"C语言,C#,SPI,I2C",http://www.zhaopin.com/jobdetail/CC000544460J40829118216.htm?refcode=4019&srccode=401901&preactionid=3ee4ac6a-f8a6-4355-8f0d-a617247f203e
温州C照货运司机,杭州最后五公里物流有限公司,1-1.5万,温州·龙湾区·沙城街道,广州,高中,1-3年,7月20日,zhilian,职位描述 C1驾驶证 C2驾驶证 厢式货车 4米2货车 长途货运 工作职责 1. 负责浙江省内城际专线的货物运输任务，严格遵守交通法规与公司运输调度指令，确保货物安全、准时送达。 2. 承担4.2米新能源箱式货车的日常驾驶与基础维护，做好车辆清洁、检查工作，及时反馈车辆异常情况。 3. 配合调度团队完成运输路线规划，高效执行长途驾驶任务，适应在车上过夜的工作模式。 任职要求 1. 持有C1及以上有效驾驶证，驾龄1年以上，具备货运行业驾驶经验者优先。 2. 熟悉浙江省内交通路线，能适应长途驾驶及夜间行车，具备吃苦耐劳的职业素养。 3. 了解新能源车辆基本操作与维护知识，连人带车应聘者优先考虑。 补充说明 1. 月休4天，月净收入12000元以上 2. 无需承担货物装卸工作 3.收入周结 4.不卖车！不卖车！ 工作地点 温州龙湾区大郎桥村工业园区 以担保或任何理由索要财物，扣押证照，均涉嫌违法。一经发现， 立即举报,"C1驾驶证,C2驾驶证,厢式货车,4米2货车,长途货运",http://www.zhaopin.com/jobdetail/CCL1476129790J40865501301.htm?refcode=4019&srccode=401901&preactionid=3ee4ac6a-f8a6-4355-8f0d-a617247f203e
C/C++开发工程师.,东方通信,9000-12000元,成都·金牛·茶店子,广州,本科,3-5年,5月22日,zhilian,岗位职责： 1、负责项目软件需求分析、数据库设计、软件功能详细设计； 2、参与软件产品的编程与开发工作； 3、参与软件开发流程的执行； 4、参与既有软件功能的更新改进工作，负责子系统、子功能的开发、维护； 5、产品设计和文档编写。 工作地点 成都金牛区十所南院 以担保或任何理由索要财物，扣押证照，均涉嫌违法。一经发现， 立即举报,"C++,Qt,QT开发",http://www.zhaopin.com/jobdetail/CC000537240J40784611009.htm?refcode=4019&srccode=401901&preactionid=3ee4ac6a-f8a6-4355-8f0d-a617247f203e
c/c++软件开发工程师,北京信博云控科技发展有限公司,7000-14000元,北京·延庆·康庄,广州,本科,1-3年,6月23日,zhilian,职位描述 C语言 C# QT开发 Qt 基于qtC++开发跨平台软件功能或组件 工作职责 核心业务模块的C/C++代码开发与维护，保障系统的高性能与稳定性。 参与底层技术组件的设计与优化，解决高并发场景下的性能瓶颈问题。 与产品、测试团队协作，完成需求分析、技术方案评审及功能迭代交付。 持续优化代码质量，提升系统的可扩展性与可维护性。 任职要求 本科及以上学历，计算机\软件工程相关专业，基础扎实。 1年以上C/C++开发经验，精通C++11及以上标准，熟悉STL容器与算法。 具备Linux环境下的系统编程能力，熟悉多线程、网络编程（Socket/HTTP）及进程间通信。 掌握常用数据结构与算法，具备问题分析与性能调优 工作地点 北京延庆区八达岭新能源谷三层307室 以担保或任何理由索要财物，扣押证照，均涉嫌违法。一经发现， 立即举报,"C语言,C#,QT开发,Qt",http://www.zhaopin.com/jobdetail/CC698165420J40876224505.htm?refcode=4019&srccode=401901&preactionid=3ee4ac6a-f8a6-4355-8f0d-a617247f203e
C照货运司机,河南闪达物流服务有限公司,8000-13000元,郑州·管城·十八里河,广州,学历不限,经验不限,7月13日,zhilian,职位描述 C1驾驶证 C2驾驶证 栏板式货车 厢式货车 面包车 4米2货车 5米2货车 6米2货车 高薪直招货运司机，郑州同城配送！收入稳定有保障，商业保险更安心！多劳多得。 职位福利： 1，公司提供合规合法车辆； 2，专车专线，收入稳定有保障， 3，全职货车司机，一天收入400-600元，月保守1万+，多劳多得； 4，提供商业保险，更安心更省心； 5，知名物流平台，专业团队，丰富经验； 6，晋升空间大：司机-优秀司机-车队长-司管-负责人； 7，公司可以开通行证，不受疫情影响。 应聘要求： 1、男女不限，C1C2及以上驾照，半年以上驾驶经验； 2、无不良驾驶记录，驾驶技术娴熟，熟悉本地路况或熟悉GPS导航操作； 3、有责任心，能吃苦耐劳。 温馨建议：工作人员比较忙，电话可能接听不及时，如果有意向，建议您先投递一份简历，我们会及时与您联系，谢谢合作。 工作地点 郑州管城回族区十八里河 以担保或任何理由索要财物，扣押证照，均涉嫌违法。一经发现， 立即举报,"C1驾驶证,C2驾驶证,栏板式货车,厢式货车,面包车,4米2货车,5米2货车,6米2货车",http://www.zhaopin.com/jobdetail/CCL1505064050J40950444408.htm?refcode=4019&srccode=401901&preactionid=3ee4ac6a-f8a6-4355-8f0d-a617247f203e
C/C++软件工程师,江苏瑞奇海力科技有限公司,1.2-1.8万,无锡·新吴·新安,广州,本科,1-3年,12月4日,zhilian,岗位职责： 1.负责软件系统的研发； 2.负责客户软件的需求分析与评估。 3.负责项目的实施与维护等 任职要求： 1.本科及以上学历，计算机、电子、通信相关专业； 2.熟悉操作系统原理、C++语言/C语言、VC、VS等开发环境； 3.熟悉多线程技术和网络编程、TCP/IP、UDP协议； 4.有数字图像处理经验者优先； 5.具有良好的专业素养，能够适应快节奏的工作，抗压性强 职位福利：五险一金、绩效奖金、节日福利、带薪年假、弹性工作、创业公司 职位亮点：1.弹性工作时间2.绩效奖金 工作地点 无锡新吴区菱湖大道111号软件园三期飞鱼座D栋602 以担保或任何理由索要财物，扣押证照，均涉嫌违法。一经发现， 立即举报,"C++,MFC,QT,QT开发,OpenCV,Qt",http://www.zhaopin.com/jobdetail/CC643647680J00180336101.htm?refcode=4019&srccode=401901&preactionid=3ee4ac6a-f8a6-4355-8f0d-a617247f203e
软件开发/测试/算法 java、c/c++、python、js（可接24/25应届无经验）,智联猎头,1.5-3万·14薪,上海·浦东·金桥,广州,本科,经验不限,6月4日,zhilian,"职位描述 C语言 C# Java 计算机软件 产业互联网平台 职位描述 岗位需求 1、业务方向（后续面试会选业务部门）：智能汽车（自动驾驶、智能座舱、融合感知、车云、车载网络等）、新能源（光伏、电动、充电桩等）、云&AI/高性能计算、5G、芯片、光通信&应用（光纤、车载光）、路由交换机等。 2、具备良好的计算机、软件工程领域知识，熟悉软件系统设计、开发、测试等研发领域的流程、工程方法和工具； 3、良好的学习能力、团队协作性好，沟通协调能力强； 4、有研发工具模块设计、接口设计、开发经验优先。 专业知识要求： 1、开发工程师 有相关经验优先，熟悉C/C++、JAVA、JS、python中的至少一种，掌握常见的数据结构、算法； 2、软件测试工程师 有相关测试语言/脚本的编写和实践经验优先，也可接受纯测试经验的（具备良好的独立工作能力和解决问题能力，善于沟通，乐于合作，热衷新技术） 3、算法工程师 熟练掌握Java/C/C++/Python其中一个或多个编程语言；熟悉机器学习、深度学习或图像算法。 PS:接受24、25届无经验，转行无经验 ,学习能力出色、基础扎实，入职后导师一带一带教培养。 工作地点 上海浦东新区新金桥路 以担保或任何理由索要财物，扣押证照，均涉嫌违法。一经发现， 立即举报","C语言,C#,Java",http://www.zhaopin.com/jobdetail/CCL1318355140J40857024603.htm?refcode=4019&srccode=401901&preactionid=3ee4ac6a-f8a6-4355-8f0d-a617247f203e
C/C++应用软件工程师【上汽+周末双休】,深圳南区人瑞人力资源服务有限公司,7-8万,上海·嘉定·安亭,广州,本科,1-3年,6月30日,zhilian,岗位职责 1、使用C语言进行开发，严格遵循MISRA-C编码规范编写代码； 2、熟练运用Matlab、Simulink工具开展接口建模工作； 3、依据软件接口建模开发流程与规范手册，完成Arxml文件至接口模型的建模转换； 4、负责模型信号核对、校验，保障接口模型准确规范。 任职要求 1、本科及以上学历（学信网可查），计算机相关专业，2025/2026届毕业生均可； 2、掌握C/C++基础开发，了解MISRA-C编码规范优先； 3、熟悉Matlab、Simulink，有接口建模、信号核对相关实操经验优先； 4、逻辑清晰，沟通表达顺畅，能够配合团队完成建模开发工作。 岗位亮点 适合应届生/毕业不久新人，成熟标准化开发流程，手把手学习车载建模、嵌入式C开发技术，成长路线清晰。 工作地点 嘉定区上海汽车集团股份有限公司乘用车公司 以担保或任何理由索要财物，扣押证照，均涉嫌违法。一经发现， 立即举报 客户,"C语言,C#,MISRA-C,Simulink,应用软件开发",http://www.zhaopin.com/jobdetail/CCL1289361510J40860901201.htm?refcode=4019&srccode=401901&preactionid=3ee4ac6a-f8a6-4355-8f0d-a617247f203e
C/C++(Qt)软件工程师,北京龙坤盛达科技有限公司,1.3-2万,北京·石景山·苹果园,广州,本科,经验不限,5月18日,zhilian,"职位描述 QT开发 Linux开发 上位机 PS 岗位要求: 1.熟悉QT Creator/VisualStudio开发环境，理解 QT底层实现机制; 2.具备多线程开发经验、熟悉网络编程、串口编程; 3.熟悉数据库软件开发如SQLserver、SQLite,具备数据库表关系设计及数据库优化经验; 4.熟悉windows和linux/麒麟操作系统下软件开发，有 GIS及导航相关应用开发经验; 5.具备良好的代码编写风格和规范，能够编写高质量、高效率的代码; 6.掌握面向对象的分析、设计原理，熟悉软件开发过程及常用设计模式，具备良好的编程规范; 7.有gis相关开发经验者优先。 8.使用过ps等图形设计软件者优先。 工作地点 北京石景山区西山汇30号院3号楼8层 以担保或任何理由索要财物，扣押证照，均涉嫌违法。一经发现， 立即举报","QT开发,Linux开发,上位机,PS",http://www.zhaopin.com/jobdetail/CC328986110J40574867810.htm?refcode=4019&srccode=401901&preactionid=3ee4ac6a-f8a6-4355-8f0d-a617247f203e
C照司机,南京味诺食品有限公司,6000-8000元·13薪,南京·江宁·东山,广州,学历不限,1-3年,6月28日,zhilian,职位描述 货运司机 C1驾驶证 岗位内容： 1. 负责公司机动车辆的行驶，遵守交通法规，确保安全行车。 2. 定期进行机动车辆保养，及时发现和解决故障问题。 3. 根据工作需要，指派其他相关工作任务。 任职要求： 1. 具有中华人民共和国机动车驾驶证C1以上。 2. 具备一定的驾驶经验，能够熟练驾驶机动车辆。 3. 有良好的服务意识和学习能力，能够适应公司要求的相关技能培训。 4. 具备较强的责任心和沟通协调能力，能够在工作中遇到问题积极解决。 5.有体能，每天需要装货卸货。 工作地点 江苏省南京市江宁区东山街道环园西路 以担保或任何理由索要财物，扣押证照，均涉嫌违法。一经发现， 立即举报,"货运司机,C1驾驶证",http://www.zhaopin.com/jobdetail/CC412906230J40850532810.htm?refcode=4019&srccode=401901&preactionid=3ee4ac6a-f8a6-4355-8f0d-a617247f203e
市北招货运司机C/B2 8000-13000,跨越速运,8000-13000元,青岛·市北,广州,学历不限,经验不限,5月22日,zhilian,岗位职责】 1、负责当区域的货物取派送，自己驾驶对应车型车辆进行取派货（4米2 7米6 9米6厢货），需自己装卸，超大件有叉车辅助，基本货物都是标准箱； 2、负责点对点运输和取派 取派或者干线按照点部需求分配 【职位要求】 1、身体健康，吃苦耐劳，服从管理； 2、有装卸工作经验优先，熟悉货运的出入库作业（根据各点部情况驾驶4.2M 7.6M 9.6M厢货）。 3、C1驾龄满3年 ；B2驾龄满2年（C1满3年增驾B2且B2驾龄不满2年的可开4.2厢货） ，具有驾驶厢货工作经验（公司会进行试车考试） 【薪酬福利】 1、综合工资——7000-12000，多劳多得 2、福利补贴——夜班每月享有津贴 3、推荐奖金——为公司成功推荐客户，享有业务计提； 4、配发手机——根据工作需要配备工作手机 5、享受假期——带薪年假、婚假、病假、证件年审假等福利； 6、晋升机制——提供完善的内部竞聘转岗机制，定期举办内部竞聘。 本岗位承诺公司直接招聘，不收取任何费用！ 集团公司，目前全山东各网点都招聘，地址不合适的可另咨询！ 工作地点 青岛市北区海博家居(华阳路店)跨越物流 以担保或任何理由索要财物，扣押证照，均涉嫌违法。一经发现， 立即举报,"C1驾驶证,B2驾驶证,厢式货车,4米2货车,7米6货车",http://www.zhaopin.com/jobdetail/CC574811320J40547031411.htm?refcode=4019&srccode=401901&preactionid=60a74526-ed3e-4da1-8747-d65e7f889d54
C/C++嵌入式软件工程师,谷英人才,1.2-2.4万·13薪,绵阳·游仙区·石马镇,广州,硕士,1-3年,7月16日,zhilian,岗位职责： 1、参与相关产品的设计、开发、测试等过程，负责整体系统平台框架设计，制定合理的技术路线，解决系统建设，开发效率，运行质量等问题； 2、针对客户需求编写解决方案和产品相关文档； 3、完成上级领导交办的其他工作。 任职资格： 1、硕士及以上学历，计算机、自动化、控制工程、电子或相关专业，精通C/C++编程，5年以上软件设计工作经验； 2、熟悉X86或FPGA的硬件、软件设计； 3、具备软件设计、界面软件开发经验，熟悉Qt、C++等软件开发，能够独立完成软件开发、测试； 4、工作责任心强、能吃苦耐劳、心态好、工作积极、对企业忠诚度高，动手能力与协作能力强，具有良好的沟通能力及团队合作精神。 工作地点 绵阳游仙区久远激光产业园 以担保或任何理由索要财物，扣押证照，均涉嫌违法。一经发现， 立即举报 客户,"X86处理器,C语言,C++",http://www.zhaopin.com/jobdetail/CC438861510J40896033613.htm?refcode=4019&srccode=401901&preactionid=60a74526-ed3e-4da1-8747-d65e7f889d54
7600招C照接送司机,四川智行易达运力科技有限公司,8000-12000元,成都·双流·东升,广州,中专/中技,3-5年,7月1日,zhilian,岗位职责】 - 司机负责商务接送任务，主要为旅行社乘客提供成都及周边景点（如峨眉山、西岭雪山、都江堰、青城山、熊猫基地等）的接送服务 - 接送地点包括市内火车站、高铁站、酒店等地 【职位要求】 - 持有C1/C2/B1驾照，无重大交通事故、无一次性扣12分违章 - 无案底、无法院执行老赖行为 【工作时间】 - 每月出车26天全勤，每月休息4-5天 职位收费项明细公示 是否还有其他收费项目？ 无其他收费 *注：我司承诺，以上为我司现有的网约车司机收益分配方案，除此之外无其他扣除或交纳收费项。同时我司不存在任何以租代购、分期/担保租车/购车、挂靠等不当经营行为。同意遵守《智联招聘信息发布规则》的规定，否则我司承担由此产生的一切责任。 工作地点 成都双流区东升街道 以担保或任何理由索要财物，扣押证照，均涉嫌违法。一经发现， 立即举报,"公司提供电车,C1驾照,3-5年驾龄",http://www.zhaopin.com/jobdetail/CCL1502325170J40853568005.htm?refcode=4019&srccode=401901&preactionid=60a74526-ed3e-4da1-8747-d65e7f889d54
软件工程师（C/C++),哈尔滨宇高电子技术有限公司,1-2万,哈尔滨·香坊·王兆,广州,本科,1-3年,7月15日,zhilian,岗位职责： 1、软件的开发、维护、升级、调试和测试工作； 2、技术或流程等相关文档的编写工作； 3、按要求协助完成交办的其他日常工作。 任职要求： 1、软件相关专业；数据及统计相关专业亦可； 本科及以上学历； 2、熟练掌握C/C ++等编程语言；基础知识扎实； 3、有编程工作经验，至少1年以上； 4、具有良好、踏实的作风； 5、具有细致、准确的文档编写习惯； 6、掌握QT、Matlab、LabView优先考虑。 职位福利：全勤奖、餐补、带薪年假、交通补助、周末双休、节日福利、五险一金、项目奖金 工作地点 香坊区哈尔滨工业大学科学园(文政街)科创大厦（和兴路与新苗圃街交口） 以担保或任何理由索要财物，扣押证照，均涉嫌违法。一经发现， 立即举报,"C语言,QT开发,LabVIEW,C++",http://www.zhaopin.com/jobdetail/CC413865880J40311377609.htm?refcode=4019&srccode=401901&preactionid=60a74526-ed3e-4da1-8747-d65e7f889d54
C开发工程师,株式会社GSD,8000-16000元,大连·甘井子·凌水,广州,大专,1-3年,7月23日,zhilian,岗位职责 负责基于 C 语言的嵌入式 / 底层 / 系统级软件需求分析、方案设计、代码开发与单元测试； 负责软件模块的编码实现、调试、优化，保障代码质量、运行稳定性与执行效率； 负责底层驱动开发、硬件适配、内存管理、性能优化、bug 排查与问题修复； 编写规范的开发文档、设计文档、测试说明，完成代码版本管理与维护； 配合硬件、测试团队完成联调、功能验证、产品迭代与上线维护； 跟进行业技术趋势，优化现有代码架构，解决高并发、低功耗、高稳定性相关技术难题。 三、任职要求 基本要求 计算机、电子信息、自动化、软件工程等相关专业，大专及以上学历； 1 年及以上 C 语言开发相关工作经验，优秀应届生可放宽要求。 专业技能 精通标准 C 语言编程，熟练掌握指针、内存管理、结构体、多线程、进程间通信、数据结构与算法； 熟悉 Linux/Windows 开发环境，熟练使用 GCC、Makefile、GDB 等开发调试工具； 熟悉版本控制工具 Git/SVN，具备规范的代码编写习惯； 具备扎实的计算机基础，熟悉操作系统原理、计算机网络、编译原理相关知识； 有嵌入式开发、底层系统开发、驱动开发、高性能服务开发经验者优先。 综合素质 逻辑思维清晰，具备良好的问题排查、独立解决技术难题的能力； 工作严谨负责，有良好的团队协作能力与沟通能力； 具备良好的学习能力，能快速适配业务需求与技术迭代。 四、加分项 有嵌入式 Linux、MCU、ARM 平台开发经验； 有网络编程、高并发服务、底层性能优化经验； 熟悉硬件原理、驱动开发、总线协议（UART、I2C、SPI、CAN 等）； 有成熟的项目作品、开源项目贡献者。 工作地点 大连甘井子区腾飞软件园6期 以担保或任何理由索要财物，扣押证照，均涉嫌违法。一经发现， 立即举报,C语言,http://www.zhaopin.com/jobdetail/CC293515380J40846921911.htm?refcode=4019&srccode=401901&preactionid=60a74526-ed3e-4da1-8747-d65e7f889d54
嵌入式c开发,上海玄晖信息科技有限公司,1.1-2.1万,上海·闵行·吴泾,广州,本科,1-3年,6月30日,zhilian,职位描述 C语言 【工作职责】 1、负责嵌入式C底层/上层开发，实现，测试和联试； 2、负责把控软件的质量，对软件持续优化和迭代； 3、负责撰写相关技术文档； 【工作要求】 1、2年以上相关工作经验； 2、有扎实的C/C++编程基础和编码品味，有良好的数据结构和算法基础； 3、熟悉内存泄露，crash等问题排查方法，熟悉Linux下软件调试方法； 4、熟悉多进程，多线程，网络通信，文件管理等技能； 5、了解航空以及航电相关知识优先； 6、有国产化平台开发经验优先，如麒麟Linux； 工作地点 上海闵行区紫星路588号-1号楼 以担保或任何理由索要财物，扣押证照，均涉嫌违法。一经发现， 立即举报,C语言,http://www.zhaopin.com/jobdetail/CCL1430506130J40861449310.htm?refcode=4019&srccode=401901&preactionid=60a74526-ed3e-4da1-8747-d65e7f889d54
c开发工程师,山东中软国际数智科技有限公司,1.5-3万,济南·历城·孙村,广州,本科,1-3年,7月7日,zhilian,职位描述 C语言 Java 银行 金融科技/数字金融 从事银行支付系统相关开发 工作地点 济南历城区华昱大厦 以担保或任何理由索要财物，扣押证照，均涉嫌违法。一经发现， 立即举报,"C语言,Java",http://www.zhaopin.com/jobdetail/CCL1219583170J40949458715.htm?refcode=4019&srccode=401901&preactionid=60a74526-ed3e-4da1-8747-d65e7f889d54
公司直招C照货运司机,南京鑫驿达物联科技有限公司,8000-10000元,苏州·昆山·花桥,广州,学历不限,1-3年,7月13日,zhilian,职位描述 B2驾驶证 C1驾驶证 C2驾驶证 栏板式货车 厢式货车 4米2货车 长途货运 不装不卸 直招，所有货源和车辆公司提供，面试通过第二天上班，有经验的师傅可以安排几天跑跑看，这几天也有工资 工作内容： 小长途，服从调度员的安排，按照调度指定的路线送货，主要送仓库的托盘整货，不需要装卸，跑周边城市，每天300公里左右的总里程 月薪8000-9500多劳多得。工作时间:8:00-18:00左右 再次申明，纯司机只负责开车，承诺不收任何费用!!不租车不卖车!不会当面一套背后一套，要能干活的人! 工作地点 苏州昆山市远创智谷不装不卸 以担保或任何理由索要财物，扣押证照，均涉嫌违法。一经发现， 立即举报,"B2驾驶证,C1驾驶证,C2驾驶证,栏板式货车,厢式货车,4米2货车,长途货运,不装不卸",http://www.zhaopin.com/jobdetail/CCL1384060270J40920270912.htm?refcode=4019&srccode=401901&preactionid=60a74526-ed3e-4da1-8747-d65e7f889d54
C/C++/Java/Python接受无经验/线上面试,外企德科数字技术有限公司,1.3-2.6万·14薪,武汉·江夏·豹澥,广州,本科,经验不限,7月26日,zhilian,职位描述 C语言 Java Python 人工智能 岗位需求: 统招本科及以上学历(专业理工科，要通过机试，考算法)应届生无经验也可面试(需已正式毕业)，但需要一定的算法编程基础。暂不支持跨行无经验无算法编程基础。 1、业务方向:智能汽车(自动驾驶、智能座舱、融合感知、车云、车载网络等)新能源(光伏、电动、充电桩等) 云&AI/高性能计算、5G、芯片、光通信&应用(光纤、车载光)、路由交换机等。2、具备良好的计算机、软件工程领域知识，熟悉软件系统设计、开发、测试等研发领域的流程、工程方法和工具 3、良好的学习能力、团队协作性好，沟通协调能力强; 4、有研发工具模块设计、接口设计、开发经验优先。 专业知识要求: 1、开发工程师 具备1年以上软件开发经验优先，熟悉C/C++、JAVA、JS、python中的至少一种，掌握常见的数据结构、算法; 2、软件测试工程师有相关测试语言/脚本的编写和实践经验优先，也可接受纯测试经验的(具备良好的独立工作能力和解决问题能力，善于沟通，乐于合作，热衷新技术) 3、算法工程师 熟练掌握Java/C/C++/Python其中一个或多个编程语言;熟悉机器学习、深度学习或图像算法。 公司福利: 1.底薪+绩效+年终奖; 2.全额缴纳五险一金; 3.带薪年假5-15天，双休; 4.享有健身房、班车、加班打车报销等软性福利。 工作地点 江夏区华为武汉研究所武汉 以担保或任何理由索要财物，扣押证照，均涉嫌违法。一经发现， 立即举报 客户,"C语言,Java,Python",http://www.zhaopin.com/jobdetail/CCL1480117890J40882783905.htm?refcode=4019&srccode=401901&preactionid=60a74526-ed3e-4da1-8747-d65e7f889d54
C/C++软件开发,南京锦维科技有限公司,3000-6000元,南京·江宁·麒麟,广州,本科,经验不限,5月22日,zhilian,岗位职责： 1. 需求调研与方案输出：参与客户业务需求调研、评估与现状分析，完成需求定义、业务流程梳理，撰写系统详细设计方案与原型。 2. 系统实施与部署：负责Creo/CATIA等工业软件的安装、配置、测试、培训与维护，保障系统稳定落地。 3. 项目交付与文档管理：完成实施全流程的文档记录、资料归档与交付物输出，确保项目合规交付。 4. 上线运维与技术支持：负责软件日常运维与客户技术支持，快速响应并解决现场问题。对接客户与内部团队，保障项目按计划推进，达成交付目标。 职位二：C++/QT___Creo/CATIA开发工程师 岗位职责： 1. 负责Creo/CATIA等CAD软件的开发，优化现有功能或开发新模块； 2. 参与开发软件的性能调优及技术难题攻关； 3. 配合团队完成项目需求分析、架构设计及代码实现； 4. 提供技术支持，为客户提供解决问题的方案。 任职要求： - 本科及以上学历，机械、计算机、软件工程、工业工程等相关专业； - 熟练掌握Creo/CATIA等至少一款工业软件，具备软件实施、部署经验； - 能接受全国范围内出差，适应项目制工作节奏。 锦维科技期待您的加入，携手共创辉煌未来！ 工作地点 南京市-江宁区-智能路8号华业园4栋 以担保或任何理由索要财物，扣押证照，均涉嫌违法。一经发现， 立即举报,"C++,CATIA开发,CREO开发,QT开发",http://www.zhaopin.com/jobdetail/CCL1493151440J40796829015.htm?refcode=4019&srccode=401901&preactionid=60a74526-ed3e-4da1-8747-d65e7f889d54
C/C++研发工程师,青岛地球软件技术有限公司,7000-14000元,青岛·黄岛·长江路,广州,本科,经验不限,6月30日,zhilian,岗位职责： 1.参与软件的需求分析、设计、编码和测试工作； 2.根据项目要求，使用C/C++进行高质量的代码开发； 3.使用MFC/Qt框架进行GUI应用程序开发； 4.对已有代码进行维护和优化，提升系统性能; 5.协助解决项目开发过程中的技术问题; 6.项目过程文档及技术文档编写。 任职资格及条件： 1.学历要求：本科及以上； 2.专业要求：计算机相关专业； 3.工作年限：不限； 4.能力和素质要求：具有良好的数据结构和算法基础；熟练掌握C/C++语言，理解面向对象的设计和编程；具备良好的问题解决能力，能够独立完成模块的设计和编写；具有良好的团队合作精神和沟通能力； 5.熟练掌握C/C++语言，理解面向对象的设计和编程； 6.其他事项说明：具备一定的人工智能、机器学习或深度学习知识，有相关项目经验者优先。 公司福利待遇： 入职缴纳社保 周末双休 法定休息 工作地点 黄岛区青岛地球软件技术有限公司 以担保或任何理由索要财物，扣押证照，均涉嫌违法。一经发现， 立即举报,"C#,Qt,C语言",http://www.zhaopin.com/jobdetail/CC429451020J40505583811.htm?refcode=4019&srccode=401901&preactionid=60a74526-ed3e-4da1-8747-d65e7f889d54
c开发工程师,三未信安科技股份有限公司,1-2万,济南·历下·舜华路,广州,本科,经验不限,7月23日,zhilian,岗位职责： 1、负责产品的C程序、组件、接口软件设计及开发； 2、技术文档编写：编写技术方案，为上下游团队提供技术支持； 3、问题定位与解决:深度排查和解决在研发、生产及客户部署中与加密功能、性能及稳定性相关技术问题； 4、编码能力：软件代码设计与开发、单元测试、静态检查、交叉编译等相关工作; 任职资格: 1、统招本科以上学历，密码算法、软工、计算机等相关专业； 2、需具备方案设计、较强的沟通能力和责任心； 3、需熟练掌握C、JAVA开发，熟练掌握网络编程，熟悉linux、shell编程； 4、具备快速学 习能力，善于利用AI辅助编程工具提升效率，能主动跟踪并掌握行业新技术； 5、有密码学或信息安全相关经验者优先，熟悉国密算法、国际通用算法、抗量子密码算法者更佳。 工作地点 济南历下区山东省大数据产业基地B栋21层 以担保或任何理由索要财物，扣押证照，均涉嫌违法。一经发现， 立即举报,"C语言,Java,Linux开发,密码算法",http://www.zhaopin.com/jobdetail/CC181900020J40922267012.htm?refcode=4019&srccode=401901&preactionid=60a74526-ed3e-4da1-8747-d65e7f889d54
不装不卸仓库直招C照司机,武汉程鑫新能源科技有限公司江岸分公司,7000-10000元,武汉·硚口·易家,广州,学历不限,经验不限,7月8日,zhilian,职位描述 面包车 C1驾驶证 C2驾驶证 岗位要求： 1.持有C2 C1及以上驾驶证 3.无不良驾驶记录，无重大交通事故及一次性扣12分记录，无犯罪历史 无法院执行案例。 工作内容： 1、主要负责武汉三镇及周边的货物运输。不装不卸，公司提供车辆。 2、负责车辆日常清洁，确保车辆的安全和良好状态。 薪资待遇: 1.底薪7800+提成多劳多得。不租车不买车，不收押金。 2福利保障：公司购买五险 另有1500元吃住等补贴，正常节假日休息，面试当天入职，可就近分配 工作时间： 8.00-18:00中间午休一小时（月休4天，可调休） 工作地点 武汉硚口区汉江湾壹号8栋20楼2083室 以担保或任何理由索要财物，扣押证照，均涉嫌违法。一经发现， 立即举报,"面包车,C1驾驶证,C2驾驶证",http://www.zhaopin.com/jobdetail/CCL1511582360J40813533214.htm?refcode=4019&srccode=401901&preactionid=60a74526-ed3e-4da1-8747-d65e7f889d54
C（9:00-17:00）周末双休+绝不加班+六险一金,中国平安,面议,抚顺·新抚区,广州,大专,经验不限,7月25日,zhilian,职位描述 工作简单 绝不加班 提供资源 划分私域 领导可爱 同事暖心 周末双休 五险一金 【招聘部门】平安集团-网格部（不是代理人，不是区拓，不是普惠，不是综合金融）平安未来10年核心部门 【招聘岗位】社区网格专员（老客户服务维护+二次开发／二次续费） 【七大优势】岗位有意向有兴趣可随时投递~HR本人24小时在线~ 1、【时间】不加班，朝九晚六，固定周末双休，法定节假日跟着国家放 2、【客户】公司提供精准客户资源转化，客户网格集中划分，不用东奔西跑 3、【薪资】保底工资高，保底工资不挂钩业绩 4、【保障】签劳动合同，买五险一金 5、【位置】上班市中心，交通通勤便利 6、【形式】不用枯燥打电话，不用陌拜，外勤自由 7、【产品】产品多样化，只要是平安集团旗下的产品都包含 【工资】 1、入职前1-3个月考察期专员：保底工资+新人津贴600-10000+提成（考察期到手薪资平均8000） 2、入职3-6个月及之后： 高级专员薪资：保底工资+600-10000新人津贴+提成（到手薪资平均9000-20000+） 保底工资和业绩不挂钩，可以全拿 3、签劳动合同，购买五险一金 【工作内容】 1、线上服务+客情维护原有老客户（分配到企业微信），公司会分配网格和分配客户资源 2、对有需求有意向客户进行拜访或约面，促进成交 3、总结：老客户维护服务，管理+二次续费或二次开发 【产品】 平安集团旗下的产品都包含，包括但不止于：理财，信用卡等等，领域之外的教育和医疗系统（具体看客户需求） 【上班时间】 1、朝九晚六，不加班！ 2、周末双休，不加班！ 3、法定节假日休息，不加班！ 工作地点 抚顺新抚区天朗国际广场 以担保或任何理由索要财物，扣押证照，均涉嫌违法。一经发现， 立即举报,"工作简单     绝不加班,提供资源   划分私域,领导可爱   同事暖心",http://www.zhaopin.com/jobdetail/CC000204810J40921972412.htm?refcode=4019&srccode=401901&preactionid=60a74526-ed3e-4da1-8747-d65e7f889d54
C照长途货运司机,合肥万好运供应链服务有限责任公司,8000-12000元,宣城·宣州区·水阳镇,广州,学历不限,1-3年,7月6日,zhilian,岗位职责：公司安排订单进行货物运送，不装不卸，公司提供全新新能源电动货车和充足的货源。 工作地点：江浙沪皖一带及周边地区中长途。（无法当天来回） 工作时间：弹性工作时间 职位福利： 1，公司提供新能源车，4米2厢货，不玩套路，不需要租车买车或带车。 2，司机师傅不用装货卸货，不用抢单接单，纯开车。 2，全职货车司机，晋升空间大：司机-优秀司机-小队长-中队长-大队长-司管-负责人， 3.综合薪资10000--13000左右，多劳多得。（可凭实力挑战高薪） 应聘要求： 1、性别不限，C1及以上驾照，3年以上实际驾驶经验。 2、熟悉本地路况或熟悉GPS导航操作。 3、有上进心，吃苦耐劳，踏实努力。 工作地点 宣城市宣州区水阳镇人民政府 以担保或任何理由索要财物，扣押证照，均涉嫌违法。一经发现， 立即举报,"C1驾驶证,C2驾驶证,栏板式货车,厢式货车,面包车",http://www.zhaopin.com/jobdetail/CCL1486667160J40775430511.htm?refcode=4019&srccode=401901&preactionid=60a74526-ed3e-4da1-8747-d65e7f889d54
c/c++应用开发工程师,哈尔滨集睿谱光电技术有限公司,6000-12000元·13薪,哈尔滨·南岗·先锋路,广州,本科,经验不限,7月22日,zhilian,职位描述 C/C++ 图像处理 嵌入式 QT VC C# 嵌入式Linux MFC 仪器仪表 1、岗位描述： 图像处理、自动控制方向的上位机软件开发； 2、任职条件 （1）计算机、自动化相关专业； （2）本科以上学历，3年以上本方向软件开发经验； （3）熟练应用MFC 、QT软件开发框架； （4）深入理解面向对象思想及软件开发方法，可应用UML语言进行需求分析、软件建模等设计工作； （5）良好的软件开发文档编写能力； （6）诚实可信、团结同事、积极向上、勇于挑战； （7）能适应必要的出差工作。 职位福利：五险一金、周末双休、员工旅游、节日福利、绩效奖金、采暖补贴、餐补 职位亮点：光机电类高端仪器装备研发，行业专家带队。 工作地点 哈尔滨南岗区香榭丽苑黄河路136号C栋 以担保或任何理由索要财物，扣押证照，均涉嫌违法。一经发现， 立即举报,"C/C++,图像处理,嵌入式,QT,VC,C#,嵌入式Linux,MFC",http://www.zhaopin.com/jobdetail/CC544429820J40288022813.htm?refcode=4019&srccode=401901&preactionid=60a74526-ed3e-4da1-8747-d65e7f889d54
C/C++软件开发工程师,湖南匡安网络技术有限公司,8000-16000元·13薪,长沙·岳麓·岳麓街道,广州,本科,经验不限,12月31日,zhilian,岗位职责： 1、负责Windows/Linux环境下程序开发； 2、负责代码的缺陷修正和优化； 3、分析、定位、解决产品故障； 4、完成领导交代的其他相关工作任务。 任职条件： 1、计算机相关专业，统招一本及以上学历，1年以上C/C++开发经验，专业能力出色的应届毕业生也可考虑； 2、熟练掌握Windows或Linux环境下系统编程、驱动开发及调试，掌握常见的数据结构和算法； 3、熟悉TCP/IP，熟悉多进程、多线程、消息传输机制等； 4、具备出色的逻辑分析思维能力、新技术学习能力，良好的团队合作精神和沟通能力； 5、熟悉网络应用协议、工控协议者优先，有ips、ids、防火墙或DPI等相关产品开发经验优先。 具体薪资视能力定！除工资外另有月绩效奖金！ 注：5天7小时工作制，入职就有五险一金，待遇优厚（固定工资+伙食补贴+节日补贴+生日福利等） 奖金绩效 月度绩效奖金 工作地点 长沙岳麓区58众创潇湘中路371号青商数字众创6楼 以担保或任何理由索要财物，扣押证照，均涉嫌违法。一经发现， 立即举报,"C++,C,tcp/ip网络协议,Windows,Linux,驱动开发,数据结构,多进程",http://www.zhaopin.com/jobdetail/CC334393235J00309084304.htm?refcode=4019&srccode=401901&preactionid=60a74526-ed3e-4da1-8747-d65e7f889d54
软件开发工程师（C）,哈尔滨工业大学,1.4-2.8万,哈尔滨·南岗·花园街道,广州,本科,3-5年,7月22日,zhilian,职位描述 EDA C++ 界面开发 计算机软件 任职要求： 1、计算机、电子信息、数学等相关专业背景； 2、具备扎实的 C/C++ 编程能力，熟练掌握常用数据结构与算法，熟悉 Linux 开发环境操作； 3、具备界面开发实践经验，或深入理解 LM、TFR 等优化算法并能独立完成编程实现； 4、有 EDA 工具开发、数值优化或相关工程项目经验者优先考虑。 5、只要是和微电子、集成电路、软件开发相关专业和经历，均可投递简历。 工作地点 南岗区哈尔滨工业大学材料科学与工程学院 以担保或任何理由索要财物，扣押证照，均涉嫌违法。一经发现， 立即举报,"EDA,C++,界面开发",http://www.zhaopin.com/jobdetail/CC158229820J40835271305.htm?refcode=4019&srccode=401901&preactionid=60a74526-ed3e-4da1-8747-d65e7f889d54
C软件开发,新华三,1.5-2.5万·14薪,杭州·滨江·长河,广州,本科,1-3年,7月14日,zhilian,岗位职责：网络设备驱动软件开发，负责设备管理、基础二三层、端口、协议、QOS、ACL等模块软件开发和维护。 奖金绩效 季度奖金、年底双薪、伙食补助 工作地点 杭州滨江区新华三集团 以担保或任何理由索要财物，扣押证照，均涉嫌违法。一经发现， 立即举报,"C语言,Python,嵌入式技术,网络协议,虚拟机技术,Linux,嵌入式软件开发,单板开发,设备驱动",http://www.zhaopin.com/jobdetail/CC146908420J40918835412.htm?refcode=4019&srccode=401901&preactionid=22020e02-16c5-41f1-8165-a046bfc1bf7d
嵌入式开发C,软通动力信息技术(集团)股份有限公司,1-1.5万,杭州·滨江·长河,广州,本科,1-3年,2月27日,zhilian,"职位描述 嵌入式软件开发 单片机开发 新能源汽车 1、本科及以上学历，电子、自动化、通信类相关专业, 2年以上M+H5CU单片机开发经验； 2、熟悉嵌入式开发流程和相关开发工具，熟悉常用外围接口； 3、积极乐观，责任心强，具备良好的沟通与团队协作能力。 4、对智能驾驶行业有浓厚兴趣； 工作地点 滨江区软通动力信息技术(集团)杭州分公司 以担保或任何理由索要财物，扣押证照，均涉嫌违法。一经发现， 立即举报","嵌入式软件开发,单片机开发",http://www.zhaopin.com/jobdetail/CC000544460J40476476216.htm?refcode=4019&srccode=401901&preactionid=22020e02-16c5-41f1-8165-a046bfc1bf7d
c/c++软件研发工程师,西安华为技术有限公司,1.5-2.5万,西安·雁塔·漳浒寨,广州,本科,经验不限,6月24日,zhilian,岗位职责： 1.负责通信产品和车联网的技术方案设计、功能开发和产品交付； 2.负责相关系统的生产运维支持，快速解决生产问题； 3.负责软件质量控制，参与代码评审及性能优化工作，保证系统开发质量； 4.研究与应用领域内前沿技术的，负责相关技术管理和协调工作。 职位要求： 1.计算机相关专业大学本科及以上学历； 2.精通UNIXC/C++语言，具备良好的软件工程知识和编码规范意识； 职位福利：五险一金、绩效奖金 工作地点 西安雁塔区丈八七路与锦业路交汇处 以担保或任何理由索要财物，扣押证照，均涉嫌违法。一经发现， 立即举报,"C/C++,通信,Linux,嵌入式技术",http://www.zhaopin.com/jobdetail/CC450463880J40276873615.htm?refcode=4019&srccode=401901&preactionid=22020e02-16c5-41f1-8165-a046bfc1bf7d
C/QT研发实习生,成都飞航智云科技有限公司,3000-5000元,成都·青羊·苏坡,广州,硕士,经验不限,11月21日,zhilian,岗位职责： 1.参与公司产品需求分析； 2.负责软件功能模块的开发、调试和测试工作； 3.负责部分技术文档的编写； 4.完成领导交办的其他工作任务。 任职资格： 1.学历要求：985/211研究生学历； 2.专业要求：计算机科学、软件工程等专业； 3.熟悉Windows平台软件使用，具有1年以上实际项目开发经验，优秀应届毕业生可考虑； 4.可熟练使用C/C++开发语言，对航空航天领域感兴趣优先。 工作地点 成都青羊区青羊工业总部基地C区3栋 以担保或任何理由索要财物，扣押证照，均涉嫌违法。一经发现， 立即举报,"C语言,C#,嵌入式开发",http://www.zhaopin.com/jobdetail/CC629107580J40590195103.htm?refcode=4019&srccode=401901&preactionid=22020e02-16c5-41f1-8165-a046bfc1bf7d
对日C/C++开发工程师,大连恩炜信息技术有限公司,1-1.5万,大连·甘井子·凌水,广州,大专,3-5年,7月11日,zhilian,职位描述 C语言 CPPCHECK 计算机软件 技术要求： C/C++经验者，希望有类似CPPCHECK静态解析工具使用经验。使用CPPCHECK工具，并给工具追加检查观点，测试工具性能。 日语读写 经验3年左右 工作地点 大连市-甘井子区-高新园区广贤路143号 以担保或任何理由索要财物，扣押证照，均涉嫌违法。一经发现， 立即举报,"C语言,CPPCHECK",http://www.zhaopin.com/jobdetail/CC854517560J40832905005.htm?refcode=4019&srccode=401901&preactionid=22020e02-16c5-41f1-8165-a046bfc1bf7d
c/c++开发,南昌中展数智科技有限公司,6000-12000元,南京·雨花台·雨花,广州,本科,1-3年,6月24日,zhilian,岗位职责： 1、负责TCP/IP协议栈设计、开发及维护工作； 2、根据协议软件开发流程，承担详设、编码、测试等相关环节的研发工作； 3、对协议软件的功能、性能、稳定性、可维护性负责。 任职要求： 1、本科1年及以上工作经验，硕士1年及以上工作经验； 2、计算机、通信、电子类及相关专业毕业，熟悉网络通信模型，TCP/IP等协议； 3、条理清晰，具备较强的分析问题的能力，能够对开发中发现的问题保持很高的敏感性或有很强的理解力； 4、具备良好的团队合作精神、良好的沟通能力和严谨的工作态度，有较强的学习能力和主动性； 5、熟悉linux内核、精通C语言，熟悉数据协议优 工作地点 南京市-雨花台区-软件大道50号 以担保或任何理由索要财物，扣押证照，均涉嫌违法。一经发现， 立即举报,"C语言,Linux开发",http://www.zhaopin.com/jobdetail/CC132566810J40784328906.htm?refcode=4019&srccode=401901&preactionid=22020e02-16c5-41f1-8165-a046bfc1bf7d
急招C纯开车司机，可日结不装不卸,郑州优禾新能源汽车服务有限公司,8000-9000元,郑州·管城·圃田,广州,学历不限,1-3年,7月21日,zhilian,岗位职责】 负责C1货车的驾驶工作，确保货物安全送达目的地；遵守交通规则，保证行车安全；定期检查车辆状况，及时上报维修需求。 【任职要求】 持有有效的C1驾照，c1驾照过实习期；熟悉道路情况，能够应对各种复杂路况；具有良好的沟通能力和团队协作精神；无不良驾驶记录，无重大交通事故。 工作地点 郑州管城回族区宇鑫物流(潭南街店) 以担保或任何理由索要财物，扣押证照，均涉嫌违法。一经发现， 立即举报,"C1驾驶证,4米2货车",http://www.zhaopin.com/jobdetail/CCL1504704970J40832684316.htm?refcode=4019&srccode=401901&preactionid=22020e02-16c5-41f1-8165-a046bfc1bf7d
C/C++ 信号处理工程师,桂林长海发展有限责任公司,1.1-1.3万,桂林·秀峰区·甲山街道,广州,硕士,经验不限,7月1日,zhilian,职位描述 C语言 MATLAB仿真 Python C++ QT开发 Qt 半导体/芯片 计算机软件 1、具备扎实的C++和数字信号处理理论知识、具有电子对抗相关领域经验者优先； 2、熟练掌握C++/Python、网络通信、多线程编程； 3、具有linux系统下QT项目开发经验优先。 工作地点 桂林秀峰区长海五村(公交站)长海路3号 以担保或任何理由索要财物，扣押证照，均涉嫌违法。一经发现， 立即举报,"C语言,MATLAB仿真,Python,C++,QT开发,Qt",http://www.zhaopin.com/jobdetail/CC144907280J40788896611.htm?refcode=4019&srccode=401901&preactionid=22020e02-16c5-41f1-8165-a046bfc1bf7d
A114沈阳C/C++2026/3/11,沈阳厚普科技有限公司,1.2-2万,沈阳·浑南·白塔,广州,本科,经验不限,7月6日,zhilian,岗位职责： 1、监视采集装置的产品架构设计、核心模块开发与性能调优。 2、深入研究电力系统特定协议（如IEC 61850、IEC 104、DNP3等）的深度包解析技术。 3、开发高效的流量采集、会话重组、行为分析和威胁检测算法。 4、构建和优化针对APT攻击、DDoS攻击、恶意软件等网络威胁的检测模型。 5、编写相关的技术文档，包括设计文档、测试方案和使用手册。 6、为现场部署和故障排查提供高级技术支持。 工作地点 沈阳浑南区国网电科院(南瑞集团)北京科东电力控制系统有限责任公司1 以担保或任何理由索要财物，扣押证照，均涉嫌违法。一经发现， 立即举报,"C语言,C#,Python,嵌入式开发,Linux开发,QT开发,Qt,MySQL,Oracle,SURICATA,电力系统,等保",http://www.zhaopin.com/jobdetail/CCL1219825000J40862415101.htm?refcode=4019&srccode=401901&preactionid=22020e02-16c5-41f1-8165-a046bfc1bf7d
C/C++/Java/JS/Python/Go软件开发【全国有岗位 可接受应届】,外企德科数字技术有限公司,1.5-3万·14薪,南京·雨花台·雨花,广州,本科,经验不限,7月26日,zhilian,职位描述 C语言 Java Python 岗位内容： 1. 设计、开发并维护C/C++/Java/JS/Python任一应用程序。 2. 解决各种技术难题，保证代码的可靠性、高效性以及安全性。 3. 参与软件设计的讨论和计划制定。 4. 与其他团队成员协作工作，提高团队整体技术水平。 任职要求： 1. 熟悉C/C++/Java/JS/Python其一语言及相关技术，熟悉Spring框架。 2. 具有扎实的编程基础和良好的面向对象编程思想。 3. 对常见数据库如MySQL、Oracle等有一定的了解和应用经验。 4. 对Web开发技术有深入理解，熟悉前端技术如HTML、CSS、JavaScript等 主要地点：（东莞、深圳、杭州、 西安，苏州、上海，武汉，成都、南京、北京）十大华为研究所，少量（广州、长沙、济南）三个办事处 工作地点 雨花台区华为南京研究所1 以担保或任何理由索要财物，扣押证照，均涉嫌违法。一经发现， 立即举报 客户,"C语言,Java,Python",http://www.zhaopin.com/jobdetail/CCL1480117890J40704711405.htm?refcode=4019&srccode=401901&preactionid=22020e02-16c5-41f1-8165-a046bfc1bf7d
C/C++（base上海浦东-QT-线上面试-流程快）,深圳建广数字科技有限公司青岛分公司,1.2-1.6万,杭州·拱墅·祥符,广州,大专,3-5年,7月24日,zhilian,职位描述 C语言 QT开发 工业自动化/机器人 基本情况： 1、外包项目；1周到岗；线上2轮面试； 2、方向：硬件控制、上位机、机械控制、工业设备控制的开发； 3、薪资：13-15K；全额社保；5号发薪；劳动合同，试用期3个月8-9折； 4、【统招本科】2年起，【统招大专】4年起；学信网可查； 5、作息：弹性打卡，8:30/9:30-17：00/18:00 午休1.5小时； 6、人选性格温和、有抗压能力、灵活主动； 7、地点：上海浦东新区张东路1525号； 技能要求： 1. 熟练使用C/C++编程语言，熟练掌握面向对象思想编程 2. 熟练掌握 Qt Framework（Qt Widgets 或 QML/Qt Quick），深入理解 Qt 的信号与槽（Signals & Slots）机制、事件循环、元对象系统。 3. 熟练使用 Qt Creator 开发环境，掌握 CMake 或 QMake 构建工具。 4. 熟练使用 linux 系统，熟悉git版本管理 工作地点 杭州拱墅区万达广场(拱墅店)1号 以担保或任何理由索要财物，扣押证照，均涉嫌违法。一经发现， 立即举报,"C语言,QT开发",http://www.zhaopin.com/jobdetail/CCL1320891960J40864806611.htm?refcode=4019&srccode=401901&preactionid=22020e02-16c5-41f1-8165-a046bfc1bf7d
c开发工程师,京北方,1.2-1.6万,北京·顺义·双丰,广州,本科,3-5年,7月10日,zhilian,职位描述 C语言 金融科技/数字金融 长期驻场在京区范围内银行项目工作，完成上级领导分配的开发任务。 任职要求： 大学本科及以上学历，计算机相关专业，有银行经验优先 工作地点 北京顺义区民生银行总部基地 以担保或任何理由索要财物，扣押证照，均涉嫌违法。一经发现， 立即举报,C语言,http://www.zhaopin.com/jobdetail/CC315847110J40863517707.htm?refcode=4019&srccode=401901&preactionid=22020e02-16c5-41f1-8165-a046bfc1bf7d
C/C++开发工程师,天津立进电子材料有限公司,1-2万,天津·东丽·新立,广州,本科,5-10年,3月17日,zhilian,职位描述 C语言 半导体/芯片 工业自动化/机器人 通用设备制造 工作职责 1. 负责设备端的C/C++程序设计与开发，保障设备控制逻辑的实时性、稳定性与高效性。 2. 独立完成设备端项目的需求分析、硬件接口适配方案设计及功能模块实现，推动设备软件按计划交付。 3. 参与设备运行过程中的技术问题排查与性能优化，提升设备响应速度与数据处理精度。 4. 协同硬件团队完成设备驱动开发与联调，确保软硬件系统的兼容性与协同工作效率。 任职要求 1. 本科及以上学历，计算机、自动化或电子相关专业，具备扎实的编程基础与硬件接口知识。 2. 5年以上C/C++开发经验，精通设备驱动开发、实时系统编程，熟悉C语言向C++的工程化迁移。 3. 具备独立负责工业设备端项目全流程开发的经验，能自主解决设备控制中的技术难点。 4. 有硬件-软件协同调试经验，了解工业设备的工作原理者优先。 补充说明 1. 排班信息：周一至周六（8:00-17:00） 工作地点 天津东丽区创新电子 以担保或任何理由索要财物，扣押证照，均涉嫌违法。一经发现， 立即举报,C语言,http://www.zhaopin.com/jobdetail/CCL1375438010J40848825314.htm?refcode=4019&srccode=401901&preactionid=22020e02-16c5-41f1-8165-a046bfc1bf7d
c/c++开发工程师,安徽中科软科技信息有限公司,8000-13000元,合肥·蜀山·高新区,广州,本科,1-3年,6月3日,zhilian,职位描述 C语言 C/C++ Linux开发 岗位要求： 1，有C/C++编程基础 2，有Linux嵌入式相关经验 3，有1~2年工作经验 4，加分： - Android Graphics/Display相关经验 - Android Video 编解码相关经验 工作地点 合肥蜀山区高新技术产业开发区皖水路615号 以担保或任何理由索要财物，扣押证照，均涉嫌违法。一经发现， 立即举报,"C语言,C/C++,Linux开发",http://www.zhaopin.com/jobdetail/CC659319520J40854010307.htm?refcode=4019&srccode=401901&preactionid=22020e02-16c5-41f1-8165-a046bfc1bf7d
安丘C（9:00-17:00）周末双休+绝不加班+六险一金,中国平安,面议,潍坊·安丘·兴安,广州,大专,经验不限,7月5日,zhilian,职位描述 周末双休 五险一金 【招聘部门】平安集团-网格部（不是代理人，不是区拓，不是普惠，不是综合金融）平安未来10年核心部门 【招聘岗位】社区网格专员（老客户服务维护+二次开发／二次续费） 【七大优势】岗位有意向有兴趣可随时投递~HR本人24小时在线~ 1、【时间】不加班，朝九晚六，固定周末双休，法定节假日跟着国家放 2、【客户】公司提供精准客户资源转化，客户网格集中划分，不用东奔西跑 3、【薪资】保底工资高，保底工资不挂钩业绩 4、【保障】签劳动合同，买五险一金 5、【位置】上班市中心，交通通勤便利 6、【形式】不用枯燥打电话，不用陌拜，外勤自由 7、【产品】产品多样化，只要是平安集团旗下的产品都包含 【工资】 1、入职前1-3个月考察期专员：保底工资+新人津贴600-10000+提成（考察期到手薪资平均8000） 2、入职3-6个月及之后： 高级专员薪资：保底工资+600-10000新人津贴+提成（到手薪资平均9000-20000+） 保底工资和业绩不挂钩，可以全拿 3、签劳动合同，购买五险一金 【工作内容】 1、线上服务+客情维护原有老客户（分配到企业微信），公司会分配网格和分配客户资源 2、对有需求有意向客户进行拜访或约面，促进成交 3、总结：老客户维护服务，管理+二次续费或二次开发 【产品】 平安集团旗下的产品都包含，包括但不止于：理财，信用卡等等，领域之外的教育和医疗系统（具体看客户需求） 【上班时间】 1、朝九晚六，不加班！ 2、周末双休，不加班！ 3、法定节假日休息，不加班！ 工作地点 潍坊安丘市颐高大厦 以担保或任何理由索要财物，扣押证照，均涉嫌违法。一经发现， 立即举报,周末双休  五险一金,http://www.zhaopin.com/jobdetail/CC000204810J40918199612.htm?refcode=4019&srccode=401901&preactionid=22020e02-16c5-41f1-8165-a046bfc1bf7d
安全员C,湖南时展辰建设工程有限公司,5000-6000元,湘潭·宝塔街道,广州,学历不限,经验不限,7月22日,zhilian,职位描述 安全员C本 我们正在寻找一位专业的施工安全员， 负责确保施工现场的安全与合规。 工作内容： 包括检查安全设施、培训员工、进行风险评估、跟进整改措施等。 岗位要求： 1. 大专及以上学历，工程类相关专业； 2. 3年以上施工现场安全管理经验； 3. 熟悉施工安全法规和标准； 4. 良好的沟通和培训能力； 5. 责任心强，注重细节。 工作地点 湖南省湘潭市岳塘区电工北路3号 以担保或任何理由索要财物，扣押证照，均涉嫌违法。一经发现， 立即举报,安全员C本,http://www.zhaopin.com/jobdetail/CC869588380J41022543604.htm?refcode=4019&srccode=401901&preactionid=22020e02-16c5-41f1-8165-a046bfc1bf7d
急招磨工-月入9000（包住）,浙江杰博人力资源股份有限公司,8000-9000元,温州·龙湾区·星海街道,广州,学历不限,经验不限,7月23日,zhilian,职位描述 包吃包住 金属制品/机加工 岗位：普工 磨工 要求：无经验要求 吃住：包吃住 当天安排住宿 薪资：月7k-8k 可预支 原标题：《c龙湾普工 月7k＋ 包吃住 高温补贴 可预支》 工作地点 温州龙湾区沙城工业园1 以担保或任何理由索要财物，扣押证照，均涉嫌违法。一经发现， 立即举报 客户,包吃包住,http://www.zhaopin.com/jobdetail/CC810318680J40877333714.htm?refcode=4019&srccode=401901&preactionid=22020e02-16c5-41f1-8165-a046bfc1bf7d
软件测试实习生（c）,上海天科万理数字科技有限公司,200-300元/天,上海·浦东·张江,广州,本科,经验不限,7月22日,zhilian,职位描述 可转正 实习证明 功能测试 嵌入式软件测试 黑盒测试 测试用例设计 工作职责： 1. 基于嵌入式软件需求文档，独立完成测试用例的设计与评审。 2. 制定软件测试规程，确保测试流程的规范性与可执行性。 3. 参与嵌入式软件的集成测试，记录并跟踪缺陷，协助开发团队定位问题。 任职要求： 1. 计算机、电子信息等相关专业在读，对嵌入式软件测试有浓厚兴趣。 2. 了解软件测试基础理论，掌握黑盒测试方法，能独立设计测试用例。 3. 具备良好的逻辑思维能力与问题分析能力，工作细致严谨。 工作地点 上海浦东新区矽岸国际 以担保或任何理由索要财物，扣押证照，均涉嫌违法。一经发现， 立即举报,"功能测试,嵌入式软件测试,黑盒测试,测试用例设计",http://www.zhaopin.com/jobdetail/CCL1490866770J41002242502.htm?refcode=4019&srccode=401901&preactionid=22020e02-16c5-41f1-8165-a046bfc1bf7d
诚聘C牌驾驶员市内接送白领上下班，日结包住,京携(深圳)出行服务有限公司,6000-10000元,温州·龙湾区·蒲州街道,广州,学历不限,经验不限,,zhilian,,领导专职司机,http://www.zhaopin.com/jobdetail/CCL1512196420J41020707904.htm?refcode=4019&srccode=401901&preactionid=daf0f1f0-6476-4082-a5d0-f16ebd3189e4
C照货运司机,珠海市鑫开瑞物流有限公司,8000-10000元,珠海·香洲区·凤山街道,广州,学历不限,经验不限,,zhilian,,"C1驾驶证,C2驾驶证,厢式货车,面包车",http://www.zhaopin.com/jobdetail/CCL1472339670J40913185203.htm?refcode=4019&srccode=401901&preactionid=daf0f1f0-6476-4082-a5d0-f16ebd3189e4
招聘小车司机，c票就可以，缴纳五险,吉林省晟中人力资源服务有限公司,5000-6000元,长春·农安·巴吉垒,广州,学历不限,1-3年,,zhilian,,"小车司机,C1驾驶证",http://www.zhaopin.com/jobdetail/CCL1427260460J40925262512.htm?refcode=4019&srccode=401901&preactionid=daf0f1f0-6476-4082-a5d0-f16ebd3189e4
急招C牌驾驶员，日结周结可兼职全职,诚享(深圳)出行服务有限公司,7000-10000元,宁波·慈溪·掌起,广州,学历不限,经验不限,,zhilian,,"C1驾驶证,货运司机,网约车司机,商务司机",http://www.zhaopin.com/jobdetail/CCL1483123010J40908742703.htm?refcode=4019&srccode=401901&preactionid=daf0f1f0-6476-4082-a5d0-f16ebd3189e4
急招两名C照踏实开车师傅,重庆中汇聚优科技有限公司,8000-12000元,重庆·长寿·菩提,广州,学历不限,3-5年,,zhilian,,行政司机,http://www.zhaopin.com/jobdetail/CCL1422804300J41025624004.htm?refcode=4019&srccode=401901&preactionid=daf0f1f0-6476-4082-a5d0-f16ebd3189e4
生活用品C照送货司机|不租车、不买车不压工资、工作稳定,东莞市寮步衡创汽车服务中心(个体工商户),7000-9000元,东莞·寮步镇,广州,学历不限,经验不限,,zhilian,,"C1驾驶证,面包车,厢式货车",http://www.zhaopin.com/jobdetail/CCL1521841230J40868180201.htm?refcode=4019&srccode=401901&preactionid=aedc7939-3c18-4af5-851a-46d1d9be8126
c方桥包装工 月7k-8k 包吃住 长白班 当天安排住宿,浙江杰博人力资源股份有限公司,7000-8000元,宁波·奉化·方桥,广州,学历不限,经验不限,,zhilian,,"包住,可预支薪水,全职,长白班",http://www.zhaopin.com/jobdetail/CC810318680J40878600014.htm?refcode=4019&srccode=401901&preactionid=aedc7939-3c18-4af5-851a-46d1d9be8126
C照司机,福建坤祺汽车服务有限公司,6000-7000元,福州·仓山·城门,广州,学历不限,1-3年,,zhilian,,C1驾驶证,http://www.zhaopin.com/jobdetail/CC816099130J40912871703.htm?refcode=4019&srccode=401901&preactionid=aedc7939-3c18-4af5-851a-46d1d9be8126
招聘货车司机C票,大连首达物流有限公司,8000-14000元,大连·甘井子·大连湾,广州,学历不限,经验不限,,zhilian,,"C1驾驶证,货车司机",http://www.zhaopin.com/jobdetail/CCL1522173290J40899128613.htm?refcode=4019&srccode=401901&preactionid=aedc7939-3c18-4af5-851a-46d1d9be8126
驻店K F C 配送员 保底7 5 0 0,兴必达(江苏)网络科技有限公司洛阳分公司,1-1.1万,郑州·金水·祭城路,广州,学历不限,经验不限,,zhilian,,"无驾照要求,电子产品,生鲜,药品,鲜花,食品饮料,蛋糕,按区域配送,会骑电动车,无犯罪记录",http://www.zhaopin.com/jobdetail/CCL1503063000J40868322207.htm?refcode=4019&srccode=401901&preactionid=aedc7939-3c18-4af5-851a-46d1d9be8126
直招C牌司机，油门一踩，收入就来,苏州玖毅汽车服务有限公司,7000-13000元,苏州·姑苏·苏锦,广州,学历不限,经验不限,,zhilian,,"C1驾驶证,面包车,4米2货车",http://www.zhaopin.com/jobdetail/CCL1516171460J40832946411.htm?refcode=4019&srccode=401901&preactionid=aedc7939-3c18-4af5-851a-46d1d9be8126
金华急招接送小物件C牌司机，不用装卸包住,京携(深圳)出行服务有限公司,7000-12000元,金华·婺城区·秋滨街道,广州,学历不限,1-3年,,zhilian,,"C1驾驶证,C2驾驶证,栏板式货车,面包车,4米2货车,长途货运,短途货运,同城配送",http://www.zhaopin.com/jobdetail/CCL1512196420J41017505704.htm?refcode=4019&srccode=401901&preactionid=aedc7939-3c18-4af5-851a-46d1d9be8126
Java/C/C++/Python/前端/测试（接受无经验）,外企德科数字技术有限公司,1.2-2.4万·14薪,西安·雁塔·漳浒寨,广州,本科,经验不限,,zhilian,,Python,http://www.zhaopin.com/jobdetail/CCL1480117890J40825952905.htm?refcode=4019&srccode=401901&preactionid=aedc7939-3c18-4af5-851a-46d1d9be8126
应用C/C++,杭州丙火辛网络科技有限公司,1.7-2万,杭州·钱塘·下沙,广州,高中,经验不限,,zhilian,,"C#,GIS开发,图形图像处理,OpenCV,MFC,MFC",http://www.zhaopin.com/jobdetail/CCL1525091780J40913411703.htm?refcode=4019&srccode=401901&preactionid=aedc7939-3c18-4af5-851a-46d1d9be8126
急急急招C牌驾驶员，不租不压不买8000保底,诚享(深圳)出行服务有限公司,8000-13000元,温州·鹿城区·五马街道,广州,学历不限,1-3年,,zhilian,,"C1驾驶证,货运司机,客运司机,商务司机",http://www.zhaopin.com/jobdetail/CCL1483123010J40901619303.htm?refcode=4019&srccode=401901&preactionid=aedc7939-3c18-4af5-851a-46d1d9be8126
初级软件开发工程师,江苏杰瑞科技集团有限责任公司,5000-10000元,连云港·海州区·花果山街道,广州,本科,经验不限,,zhilian,,"Qt,C++,QT开发",http://www.zhaopin.com/jobdetail/CC491989520J40626684605.htm?refcode=4019&srccode=401901&preactionid=aedc7939-3c18-4af5-851a-46d1d9be8126
软件工程师/无经验（接受应届生）,湖北三环汽车电器有限公司,8000-10000元,武汉·蔡甸·沌口,广州,本科,经验不限,,zhilian,,"C语言,嵌入式开发,Linux开发",http://www.zhaopin.com/jobdetail/CC441512110J40906785908.htm?refcode=4019&srccode=401901&preactionid=aedc7939-3c18-4af5-851a-46d1d9be8126
初级软件工程师,重庆智恒精机科技有限公司,6000-10000元,重庆·巴南·莲花,广州,本科,1-3年,,zhilian,,"C++,Python,PLC,QT开发",http://www.zhaopin.com/jobdetail/CC365709830J40605428913.htm?refcode=4019&srccode=401901&preactionid=aedc7939-3c18-4af5-851a-46d1d9be8126
公司直招C照货运司,无锡越天物流有限公司,9000-12000元,无锡·新吴·新安,广州,学历不限,经验不限,,zhilian,,"C1驾驶证,厢式货车,4米2货车,短途货运",http://www.zhaopin.com/jobdetail/CCL1524196840J41024602704.htm?refcode=4019&srccode=401901&preactionid=ff1718d8-65b5-4f43-8b08-e901f42c952c
C/C++,雄虎电力技术(温州)有限公司,7000-14000元,温州·盐盆街道,广州,本科,3-5年,,zhilian,,"C语言,Java,C#,嵌入式开发,Linux开发,图形图像处理,图像识别,3D图形处理,MySQL,Qt,IDEAR/TREA,熟悉电力应用逻辑",http://www.zhaopin.com/jobdetail/CCL1525040780J40822359316.htm?refcode=4019&srccode=401901&preactionid=ff1718d8-65b5-4f43-8b08-e901f42c952c
0费用辽宁朝阳C票货运司机8K+,跨越速运,7000-9000元,朝阳·北票市·台吉街道,广州,学历不限,3-5年,,zhilian,,"C1驾驶证,厢式货车,4米2货车",http://www.zhaopin.com/jobdetail/CC574811320J40788122611.htm?refcode=4019&srccode=401901&preactionid=ff1718d8-65b5-4f43-8b08-e901f42c952c
C照货运司机,南京鑫驿达物联科技有限公司,8000-10000元,连云港·海州区·新东街道,广州,学历不限,经验不限,,zhilian,,"B2驾驶证,C1驾驶证,C2驾驶证,栏板式货车,厢式货车,面包车,4米2货车,4米平板车,短途货运,长途货运,同城配送",http://www.zhaopin.com/jobdetail/CCL1384060270J40879390512.htm?refcode=4019&srccode=401901&preactionid=ff1718d8-65b5-4f43-8b08-e901f42c952c
C/C++软件工程师(26届可投/双休/六险一金),外企德科数字技术有限公司,1.5-3万·16薪,上海·青浦·金泽,广州,本科,经验不限,,zhilian,,"C语言,C#,Java,OpenCV,MFC",http://www.zhaopin.com/jobdetail/CCL1480117890J40873118605.htm?refcode=4019&srccode=401901&preactionid=ff1718d8-65b5-4f43-8b08-e901f42c952c
C照货车司机,湖北和盛供应链有限公司,7000-8000元,武汉·黄陂·盘龙经开区,广州,学历不限,1-3年,,zhilian,,"C1驾驶证,C2驾驶证,面包车,同城配送,短途货运",http://www.zhaopin.com/jobdetail/CCL1526634570J40878173810.htm?refcode=4019&srccode=401901&preactionid=ff1718d8-65b5-4f43-8b08-e901f42c952c
C/C++,四川斯达利特科技有限公司,100-200元/天,绵阳·涪城区·城郊街道,广州,大专,经验不限,,zhilian,,C语言,http://www.zhaopin.com/jobdetail/CCL1524165750J40866382905.htm?refcode=4019&srccode=401901&preactionid=ff1718d8-65b5-4f43-8b08-e901f42c952c
C/C++/五险一金,长宽高(重庆)企业服务有限公司,1.8-2.4万·14薪,哈尔滨·松北·松北街道,广州,学历不限,经验不限,,zhilian,,"C/C++,系统管理员,IT技术支持,架构师,脚本开发,IT技术支持工程师,IT质量管理,IT技术员,运维工程师,车联网工程师,渗透测试,图像识别,游戏设计开发,架构师,配置管理,脚本开发,无人机组装测试,标准化工程师,IT质量管理",http://www.zhaopin.com/jobdetail/CCL1526260210J41025981704.htm?refcode=4019&srccode=401901&preactionid=ff1718d8-65b5-4f43-8b08-e901f42c952c
四平C（9:00-17:00）周末双休+绝不加班+六险一金,中国平安,面议,四平·铁西区·地直街道,广州,大专,经验不限,,zhilian,,"工作简单     绝不加班,提供资源   划分私域,领导可爱   同事暖心",http://www.zhaopin.com/jobdetail/CC000204810J40925030312.htm?refcode=4019&srccode=401901&preactionid=ff1718d8-65b5-4f43-8b08-e901f42c952c
温州公司诚招C牌驾驶员，可兼职可全职，工资日结,诚享(深圳)出行服务有限公司,7000-12000元,温州·乐清市·城东街道,广州,学历不限,经验不限,,zhilian,,"C1驾驶证,货运司机,客运司机,商务司机",http://www.zhaopin.com/jobdetail/CCL1483123010J40906228203.htm?refcode=4019&srccode=401901&preactionid=ff1718d8-65b5-4f43-8b08-e901f42c952c
软件工程师（应届生）,中电科电子装备集团有限公司,7000-12000元,无锡·新吴·旺庄,广州,本科,经验不限,,zhilian,,"C#,Qt,C语言",http://www.zhaopin.com/jobdetail/CC437574280J40784315206.htm?refcode=4019&srccode=401901&preactionid=925fc8cf-fce4-4733-8a82-8a1adee3858a
软件开发,东华医为科技有限公司,7000-12000元,泰安·岱岳区·北集坡街道,广州,本科,经验不限,,zhilian,,"C语言,Java",http://www.zhaopin.com/jobdetail/CC649781480J40666198005.htm?refcode=4019&srccode=401901&preactionid=925fc8cf-fce4-4733-8a82-8a1adee3858a
c/c++软件开发工程师,深圳市华汉伟业科技有限公司,1.2-2.4万,深圳·南山·西丽,广州,本科,经验不限,,zhilian,,"C/C++,C++,机器视觉,QT",http://www.zhaopin.com/jobdetail/CC280373830J40266683505.htm?refcode=4019&srccode=401901&preactionid=925fc8cf-fce4-4733-8a82-8a1adee3858a
上位机软件工程师（26届校招）,浙江水晶光电科技股份有限公司,6000-12000元·13薪,东莞·东坑镇,广州,本科,经验不限,,zhilian,,"C语言,C++",http://www.zhaopin.com/jobdetail/CC387759320J40950853815.htm?refcode=4019&srccode=401901&preactionid=925fc8cf-fce4-4733-8a82-8a1adee3858a
软件工程师,四川九洲电器集团有限责任公司,9000-18000元,绵阳·涪城区·城郊街道,广州,本科,1-3年,,zhilian,,"Java,C++",http://www.zhaopin.com/jobdetail/CC130677500J40846739705.htm?refcode=4019&srccode=401901&preactionid=925fc8cf-fce4-4733-8a82-8a1adee3858a
公司直招C照货运司机,南京鑫驿达物联科技有限公司,8000-10000元,合肥·肥东·撮镇,广州,学历不限,经验不限,,zhilian,,"B2驾驶证,C1驾驶证,C2驾驶证,厢式货车,栏板式货车,4米2货车,长途货运,不装不卸",http://www.zhaopin.com/jobdetail/CCL1384060270J40920263212.htm?refcode=4019&srccode=401901&preactionid=925fc8cf-fce4-4733-8a82-8a1adee3858a
C++/QT软件研发工程师,桂林优利特电子集团有限公司,8000-13000元·13薪,桂林·七星区·东江街道,广州,本科,经验不限,,zhilian,,"C++,QT开发,Qt",http://www.zhaopin.com/jobdetail/CC564722120J40994434502.htm?refcode=4019&srccode=401901&preactionid=925fc8cf-fce4-4733-8a82-8a1adee3858a
上位机软件开发工程师,石家庄智宏电子科技有限公司,7000-10000元·14薪,石家庄·鹿泉·鹿泉经开区,广州,大专,1-3年,,zhilian,,"C++,数据结构",http://www.zhaopin.com/jobdetail/CCL1495197240J40838572213.htm?refcode=4019&srccode=401901&preactionid=925fc8cf-fce4-4733-8a82-8a1adee3858a
C语言开发工程师,软通动力信息技术(集团)股份有限公司,9000-12000元·13薪,东莞·寮步镇,广州,本科,1-3年,,zhilian,,"C语言,Java,C++",http://www.zhaopin.com/jobdetail/CC000544460J40834381416.htm?refcode=4019&srccode=401901&preactionid=925fc8cf-fce4-4733-8a82-8a1adee3858a
二维绘图软件插件开发,苏州大阳机器人有限公司,7000-14000元,宿迁·泗洪县,广州,本科,1-3年,,zhilian,,"C#,Java,Python",http://www.zhaopin.com/jobdetail/CCL1319945250J40875853909.htm?refcode=4019&srccode=401901&preactionid=925fc8cf-fce4-4733-8a82-8a1adee3858a
上位机软件工程师,西安天宏航空电子科技有限公司,8000-14000元·13薪,西安·高新区·丈八沟,广州,本科,1-3年,,zhilian,,"C++,Qt,MFC,QT开发",http://www.zhaopin.com/jobdetail/CC845012420J40058162204.htm?refcode=4019&srccode=401901&preactionid=925fc8cf-fce4-4733-8a82-8a1adee3858a
C（9:00-17:00）周末双休+绝不加班+六险一金,中国平安,面议,宜宾·翠屏区·白沙湾街道,广州,大专,经验不限,,zhilian,,"工作简单     绝不加班,提供资源   划分私域,领导可爱   同事暖心",http://www.zhaopin.com/jobdetail/CC000204810J40921350012.htm?refcode=4019&srccode=401901&preactionid=925fc8cf-fce4-4733-8a82-8a1adee3858a
C牌驾驶员，包住日结保底7000/包住,诚享(深圳)出行服务有限公司,7000-10000元,温州·瓯海区·新桥街道,广州,学历不限,1年以下,,zhilian,,"C1驾驶证,货运司机,网约车司机,商务司机",http://www.zhaopin.com/jobdetail/CCL1483123010J40907127703.htm?refcode=4019&srccode=401901&preactionid=38b3c04f-0752-4371-a230-06d4f9a41b28
C/C++/五险一金,长宽高(重庆)企业服务有限公司,1.8-2.4万·14薪,厦门·思明·筼筜,广州,学历不限,经验不限,,zhilian,,"C/C++,系统管理员,IT技术支持,架构师,脚本开发,IT技术支持工程师,IT质量管理,IT技术员,运维工程师,车联网工程师,渗透测试,图像识别,游戏设计开发,架构师,配置管理,脚本开发,无人机组装测试,标准化工程师,IT质量管理",http://www.zhaopin.com/jobdetail/CCL1526260210J41025987604.htm?refcode=4019&srccode=401901&preactionid=38b3c04f-0752-4371-a230-06d4f9a41b28
嵌入式软件研发工程师,昆明聚讯科技有限公司,5000-10000元·13薪,昆明·官渡·阿拉,广州,本科,1-3年,,zhilian,,"Java,Python,C语言",http://www.zhaopin.com/jobdetail/CC320131910J40743421103.htm?refcode=4019&srccode=401901&preactionid=38b3c04f-0752-4371-a230-06d4f9a41b28
Java/C++/python/c/算法岗位,外企德科数字技术有限公司,1.2-2.4万·14薪,成都·郫都·合作街道,广州,本科,1-3年,,zhilian,,"Python,C++,C#",http://www.zhaopin.com/jobdetail/CCL1480117890J40840123305.htm?refcode=4019&srccode=401901&preactionid=38b3c04f-0752-4371-a230-06d4f9a41b28
C++开发工程师,东方电子股份有限公司,7000-11000元·16薪,烟台·芝罘·毓璜顶,广州,本科,经验不限,,zhilian,,"C++,QT",http://www.zhaopin.com/jobdetail/CC279072617J00452032606.htm?refcode=4019&srccode=401901&preactionid=38b3c04f-0752-4371-a230-06d4f9a41b28
c方桥包装工 月7k-8k 包吃住 长白班,浙江杰博人力资源股份有限公司,7000-8000元,宁波·奉化·方桥,广州,学历不限,经验不限,,zhilian,,"包住,可预支薪水,全职,长白班",http://www.zhaopin.com/jobdetail/CC810318680J40878599614.htm?refcode=4019&srccode=401901&preactionid=38b3c04f-0752-4371-a230-06d4f9a41b28
软件工程师,哈尔滨工程大学,8000-16000元,哈尔滨·南岗·燎原,广州,本科,经验不限,,zhilian,,"Python,C++,C",http://www.zhaopin.com/jobdetail/CC158231820J40507344007.htm?refcode=4019&srccode=401901&preactionid=38b3c04f-0752-4371-a230-06d4f9a41b28
急招！C照开车司机日薪400+上不封顶,合肥锦桓汽车服务有限公司,1-1.1万,西安·未央·三桥,广州,学历不限,经验不限,,zhilian,,"公司提供电车,C2驾照,C1驾照,3-5年驾龄",http://www.zhaopin.com/jobdetail/CCL1522118340J40763681706.htm?refcode=4019&srccode=401901&preactionid=38b3c04f-0752-4371-a230-06d4f9a41b28
工业软件工程师,蒙发能源控股集团有限责任公司,7000-14000元,中山·中山港街道,广州,本科,1-3年,,zhilian,,"C语言,C#,Python,图形图像处理,机器人开发,图像识别",http://www.zhaopin.com/jobdetail/CC199303610J40804013007.htm?refcode=4019&srccode=401901&preactionid=38b3c04f-0752-4371-a230-06d4f9a41b28
软件开发/测试/算法 java、c/c++、python、js（可接24/25应届无经验）,智联猎头,1.5-3万·14薪,西安·雁塔·漳浒寨,广州,本科,经验不限,,zhilian,,"C语言,C#,Java",http://www.zhaopin.com/jobdetail/CCL1318355140J40912550603.htm?refcode=4019&srccode=401901&preactionid=38b3c04f-0752-4371-a230-06d4f9a41b28
C++开发工程师（初级）,南京星赫能源科技有限公司,8000-10000元·13薪,南京·雨花台·铁心桥,广州,本科,1年以下,,zhilian,,"QT开发,C++",http://www.zhaopin.com/jobdetail/CCL1348335210J40745633815.htm?refcode=4019&srccode=401901&preactionid=38b3c04f-0752-4371-a230-06d4f9a41b28
C++/QT软件开发工程师,ZLG致远电子,9000-15000元·13薪,广州·黄埔·新塘,广州,本科,1-3年,,zhilian,,C++,http://www.zhaopin.com/jobdetail/CC147155560J40768130503.htm?refcode=4019&srccode=401901&preactionid=38b3c04f-0752-4371-a230-06d4f9a41b28
C（9:00-17:00）周末双休+绝不加班+六险一金,中国平安,面议,绵阳·涪城区,广州,大专,经验不限,,zhilian,,"工作简单     绝不加班,提供资源   划分私域,领导可爱   同事暖心",http://www.zhaopin.com/jobdetail/CC000204810J40921352212.htm?refcode=4019&srccode=401901&preactionid=41058d1a-6071-4286-9264-03ab33015a02
C照司机,诚享(深圳)出行服务有限公司,9000-10000元,温州·龙湾区·永中街道,广州,学历不限,经验不限,,zhilian,,"C1驾驶证,货运从业资格证,货运司机,网约车司机",http://www.zhaopin.com/jobdetail/CCL1483123010J40911872603.htm?refcode=4019&srccode=401901&preactionid=41058d1a-6071-4286-9264-03ab33015a02
软件工程师,江苏亚威机床股份有限公司,7000-11000元·13薪,扬州·江都区·仙女镇,广州,本科,1-3年,,zhilian,,"C语言,图形图像处理,Qt,图像识别",http://www.zhaopin.com/jobdetail/CC320096610J40778920016.htm?refcode=4019&srccode=401901&preactionid=41058d1a-6071-4286-9264-03ab33015a02
跨越速运直招敦化司机B票C票都可以高薪资,跨越速运,8000-12000元,延边·敦化市·江南镇,广州,学历不限,3-5年,,zhilian,,"B2驾驶证,C2驾驶证,A2驾驶证,9米6货车,4米2货车,厢式货车,短途货运,同城配送",http://www.zhaopin.com/jobdetail/CC574811320J40728252411.htm?refcode=4019&srccode=401901&preactionid=41058d1a-6071-4286-9264-03ab33015a02
java/Python/C/C++/JS/AI算法/软件测试,外企德科数字技术有限公司,2-4万,杭州·滨江·长河,广州,本科,经验不限,,zhilian,,"Java,Python,Golang,C/C++",http://www.zhaopin.com/jobdetail/CCL1480117890J40666204605.htm?refcode=4019&srccode=401901&preactionid=41058d1a-6071-4286-9264-03ab33015a02
C/C++,济南市云从信息咨询有限公司,1.1-1.8万,成都·金牛·荷花池,广州,本科,3-5年,,zhilian,,"系统稳定性,代码评审,功能迭代",http://www.zhaopin.com/jobdetail/CCL1515998280J40858667014.htm?refcode=4019&srccode=401901&preactionid=41058d1a-6071-4286-9264-03ab33015a02
c++开发工程师,武汉华工正源光子技术有限公司,8000-12000元,孝感·孝南区,广州,本科,经验不限,,zhilian,,C#,http://www.zhaopin.com/jobdetail/CC121124230J41025806004.htm?refcode=4019&srccode=401901&preactionid=41058d1a-6071-4286-9264-03ab33015a02
c++软件研发工程师,江苏杰瑞科技集团有限责任公司,7000-13000元·13薪,连云港·海州区·花果山街道,广州,本科,经验不限,,zhilian,,"仿真模型研发,C++,Qt,QT开发",http://www.zhaopin.com/jobdetail/CC491989520J40795704005.htm?refcode=4019&srccode=401901&preactionid=41058d1a-6071-4286-9264-03ab33015a02
业务平台开发岗（武汉）,招商证券股份有限公司,8000-16000元,武汉·洪山·关山,广州,本科,1-3年,,zhilian,,"C语言,Java,Python",http://www.zhaopin.com/jobdetail/CC138931020J40903420303.htm?refcode=4019&srccode=401901&preactionid=41058d1a-6071-4286-9264-03ab33015a02
C/C++/五险一金,长宽高(重庆)企业服务有限公司,1.8-2.4万·14薪,宁波·鄞州·邱隘,广州,学历不限,经验不限,,zhilian,,"C/C++,系统管理员,IT技术支持,架构师,脚本开发,IT技术支持工程师,IT质量管理,IT技术员,运维工程师,车联网工程师,渗透测试,图像识别,游戏设计开发,架构师,配置管理,脚本开发,无人机组装测试,标准化工程师,IT质量管理",http://www.zhaopin.com/jobdetail/CCL1526260210J41025984604.htm?refcode=4019&srccode=401901&preactionid=41058d1a-6071-4286-9264-03ab33015a02
C/C++开发工程师,方心科技股份有限公司,1.2-2万,长沙·岳麓·观沙岭,广州,本科,3-5年,,zhilian,,"C++,C语言",http://www.zhaopin.com/jobdetail/CCL1347281290J40805728001.htm?refcode=4019&srccode=401901&preactionid=41058d1a-6071-4286-9264-03ab33015a02
公司直招C照货运司机,南京鑫驿达物联科技有限公司,8000-10000元,金华·义乌市·稠江街道,广州,学历不限,1-3年,,zhilian,,"B2驾驶证,C1驾驶证,C2驾驶证,栏板式货车,厢式货车,4米2货车,长途货运,不装不卸",http://www.zhaopin.com/jobdetail/CCL1384060270J40920268912.htm?refcode=4019&srccode=401901&preactionid=5ee4eed2-6370-4aa5-9cb6-0c58b3f0aab9
诚招C牌驾驶员，时间灵活就近安排包住,京携(深圳)出行服务有限公司,6000-10000元,温州·鹿城区·南汇街道,广州,学历不限,经验不限,,zhilian,,"C1驾驶证,货运司机,商务司机,网约车司机",http://www.zhaopin.com/jobdetail/CCL1512196420J41021605004.htm?refcode=4019&srccode=401901&preactionid=5ee4eed2-6370-4aa5-9cb6-0c58b3f0aab9
急招C照货运司机日结,合肥万好运供应链服务有限责任公司,8000-12000元,滁州·南谯区·龙蟠街道,广州,学历不限,3-5年,,zhilian,,"C1驾驶证,C2驾驶证,厢式货车",http://www.zhaopin.com/jobdetail/CCL1486667160J40861983211.htm?refcode=4019&srccode=401901&preactionid=5ee4eed2-6370-4aa5-9cb6-0c58b3f0aab9
金华急招接送小物件C牌司机，不用装卸包住,诚享(深圳)出行服务有限公司,7000-11000元,金华·永康市·东城街道,广州,学历不限,1-3年,,zhilian,,"B2驾驶证,C1驾驶证,货运司机,客运司机,网约车司机",http://www.zhaopin.com/jobdetail/CCL1483123010J40907118803.htm?refcode=4019&srccode=401901&preactionid=5ee4eed2-6370-4aa5-9cb6-0c58b3f0aab9
滁州南谯招聘C照货运司机8-10k,跨越速运,6000-12000元,滁州·南谯区·大王街道,广州,初中及以下,1-3年,,zhilian,,"C1驾驶证,B2驾驶证,货运从业资格证,厢式货车,4米2货车,7米6货车,9米6货车,短途货运",http://www.zhaopin.com/jobdetail/CC574811320J40784354211.htm?refcode=4019&srccode=401901&preactionid=5ee4eed2-6370-4aa5-9cb6-0c58b3f0aab9
探测系统-C++/Qt软件工程师,中国辐射防护研究院,8000-12000元·14薪,太原·小店·平阳路,广州,本科,经验不限,,zhilian,,"QT开发,C++",http://www.zhaopin.com/jobdetail/CC258051230J40658199203.htm?refcode=4019&srccode=401901&preactionid=5ee4eed2-6370-4aa5-9cb6-0c58b3f0aab9
软件工程师,江苏东华测试技术股份有限公司,7000-12000元,泰州·靖江市·斜桥镇,广州,本科,1-3年,,zhilian,,"C#,嵌入式开发",http://www.zhaopin.com/jobdetail/CC241951910J40623004515.htm?refcode=4019&srccode=401901&preactionid=5ee4eed2-6370-4aa5-9cb6-0c58b3f0aab9
QT/C++研发工程师,北京方州科技有限公司,8000-15000元·13薪,西安·灞桥·席王,广州,本科,1-3年,,zhilian,,"QT,C++",http://www.zhaopin.com/jobdetail/CC392204280J40440873512.htm?refcode=4019&srccode=401901&preactionid=5ee4eed2-6370-4aa5-9cb6-0c58b3f0aab9
JAVA/C++/C/Python 14薪双休 应届生可投,外企德科数字技术有限公司,1.5-3万,东莞·南城街道,广州,本科,经验不限,,zhilian,,"C++,Python,JavaScript,Spring,Hibernate,Struts,MySQL,Oracle,PostgreSQL",http://www.zhaopin.com/jobdetail/CCL1480117890J40813280605.htm?refcode=4019&srccode=401901&preactionid=5ee4eed2-6370-4aa5-9cb6-0c58b3f0aab9
C++开发工程师,哈尔滨创博科技有限公司,5000-10000元,哈尔滨·松北·松北街道,广州,本科,1-3年,,zhilian,,C++,http://www.zhaopin.com/jobdetail/CC348952180J40107559308.htm?refcode=4019&srccode=401901&preactionid=5ee4eed2-6370-4aa5-9cb6-0c58b3f0aab9
K F C驻店配送 500/天 拎包入住+可预支,深圳市瑞兆达实业有限公司,9000-14000元,深圳·南山·粤海,广州,学历不限,经验不限,,zhilian,,"会骑电动车,包吃包住,免费提供车辆,就近安排,时间地点自由,新人奖励2000,会看导航",http://www.zhaopin.com/jobdetail/CCL1258853330J40884866205.htm?refcode=4019&srccode=401901&preactionid=5ee4eed2-6370-4aa5-9cb6-0c58b3f0aab9
高端c++软件开发工程师,空间无限人力资源管理顾问有限公司,7000-10000元,沈阳·皇姑·舍利塔,广州,本科,1-3年,,zhilian,,C++,http://www.zhaopin.com/jobdetail/CC562251280J40734884911.htm?refcode=4019&srccode=401901&preactionid=5ee4eed2-6370-4aa5-9cb6-0c58b3f0aab9
C语言开发,南京绛门信息科技有限公司,7000-14000元,南京·雨花台·雨花,广州,本科,经验不限,,zhilian,,C语言,http://www.zhaopin.com/jobdetail/CC426773320J40868791705.htm?refcode=4019&srccode=401901&preactionid=5ee4eed2-6370-4aa5-9cb6-0c58b3f0aab9
易县C周末双休+绝不加班+六险一金,中国平安,面议,保定·易县·易州,广州,大专,经验不限,,zhilian,,"工作简单  绝不加班,划分私域  提供资源,领导可爱  同事暖心",http://www.zhaopin.com/jobdetail/CC000204810J40924625712.htm?refcode=4019&srccode=401901&preactionid=e2308c76-bcab-401d-a189-817a9c08e746
C++研发工程师,湖南鑫耐康西智能科技有限公司,9000-15000元,长沙·开福·伍家岭,广州,本科,1-3年,,zhilian,,"C语言,QT开发,STL,Boost,VISUAL STUDIO,综合能力,C++",http://www.zhaopin.com/jobdetail/CCL1511746700J40844956102.htm?refcode=4019&srccode=401901&preactionid=e2308c76-bcab-401d-a189-817a9c08e746
C/C++/五险一金,长宽高(重庆)企业服务有限公司,1.8-2.4万·14薪,青岛·市南·香港中路,广州,学历不限,经验不限,,zhilian,,"C/C++,系统管理员,IT技术支持,架构师,脚本开发,IT技术支持工程师,IT质量管理,IT技术员,运维工程师,车联网工程师,渗透测试,图像识别,游戏设计开发,架构师,配置管理,脚本开发,无人机组装测试,标准化工程师,IT质量管理",http://www.zhaopin.com/jobdetail/CCL1526260210J41025982404.htm?refcode=4019&srccode=401901&preactionid=e2308c76-bcab-401d-a189-817a9c08e746
C照电车4米2司机,南宁百达运输有限公司,6000-7000元,南宁·西乡塘·安吉,广州,学历不限,3-5年,,zhilian,,"C1驾驶证,C2驾驶证,栏板式货车,4米2货车,长途货运",http://www.zhaopin.com/jobdetail/CCL1381581470J40862224713.htm?refcode=4019&srccode=401901&preactionid=e2308c76-bcab-401d-a189-817a9c08e746
萧山区急招5名C照货运司机，不装卸收入日结有保底,杭州瑞广物流有限公司,1-1.2万,杭州·萧山·闻堰,广州,学历不限,经验不限,,zhilian,,"C1驾驶证,C2驾驶证,B2驾驶证,厢式货车,栏板式货车,4米2货车,6米8货车,9米6货车,短途货运,小长途",http://www.zhaopin.com/jobdetail/CCL1520424250J40949421808.htm?refcode=4019&srccode=401901&preactionid=e2308c76-bcab-401d-a189-817a9c08e746
C++开发（25届以上可投，多城市可安排）,软通动力信息技术(集团)股份有限公司,7000-14000元,武汉·江夏·豹澥,广州,本科,1-3年,,zhilian,,"C语言,QT开发,Qt,C++",http://www.zhaopin.com/jobdetail/CC000544460J40817018416.htm?refcode=4019&srccode=401901&preactionid=e2308c76-bcab-401d-a189-817a9c08e746
C/C++ 高级开发工程师,北京朔和科技有限公司,8000-12000元,西安·未央·张家堡,广州,学历不限,1-3年,,zhilian,,"C++,C,Python,GIS开发,图形图像开发,Linux开发",http://www.zhaopin.com/jobdetail/CC183831524J90250407000.htm?refcode=4019&srccode=401901&preactionid=e2308c76-bcab-401d-a189-817a9c08e746
软件开发通用岗（Java/C/C++/python）,外企德科数字技术有限公司,1.1-2万,武汉·江夏·豹澥,广州,本科,经验不限,,zhilian,,"JavaScript,C++,PHP,Spring",http://www.zhaopin.com/jobdetail/CCL1480117890J40829934705.htm?refcode=4019&srccode=401901&preactionid=e2308c76-bcab-401d-a189-817a9c08e746
JAVA/C/C++/Python/算法/测试工程师-六险一金+年终奖,科锐尔人力资源服务(苏州)有限公司,2-3.5万·14薪,上海·青浦·金泽,广州,本科,1年以下,,zhilian,,"Java,C++,JavaScript,Django,Flask,MySQL,Oracle,Redis,Tornado",http://www.zhaopin.com/jobdetail/CC453635220J40870756503.htm?refcode=4019&srccode=401901&preactionid=e2308c76-bcab-401d-a189-817a9c08e746
RISC-V程序开发工程师,广东扬端技术有限公司,6000-12000元·13薪,中山·古镇镇,广州,本科,1-3年,,zhilian,,C语言,http://www.zhaopin.com/jobdetail/CCL1245566910J40753630214.htm?refcode=4019&srccode=401901&preactionid=e2308c76-bcab-401d-a189-817a9c08e746
c++软件研发工程师,北京航宇荣康科技股份有限公司,8000-12000元,沈阳·于洪·陵西,广州,本科,1-3年,,zhilian,,"QT开发,网络数据",http://www.zhaopin.com/jobdetail/CC462264020J40925836208.htm?refcode=4019&srccode=401901&preactionid=e2308c76-bcab-401d-a189-817a9c08e746
软件研发工程师,河南骞源电子科技有限公司,8000-15000元,郑州·管城·圃田,广州,本科,1-3年,,zhilian,,"C++,QT,C语言,OpenCV,Qt",http://www.zhaopin.com/jobdetail/CC478292336J00029781713.htm?refcode=4019&srccode=401901&preactionid=e2308c76-bcab-401d-a189-817a9c08e746
急聘苏家屯C票货运司机7000＋,跨越速运,6000-8000元,沈阳·苏家屯·沙河,广州,学历不限,3-5年,,zhilian,,"C1驾驶证,B2驾驶证,厢式货车,4米2货车,短途货运",http://www.zhaopin.com/jobdetail/CC574811320J40652099211.htm?refcode=4019&srccode=401901&preactionid=e2308c76-bcab-401d-a189-817a9c08e746
