job_name,company_name,salary,work_area,city,education,work_year,issue_date,source,skill_requirements,tech_tags,job_url
天线研发工程师,成都北斗天线工程技术有限公司,8000-14000元,成都·郫都·犀浦,成都,本科,3-5年,7月26日,zhilian_direct,岗位职责 1. 负责天线样品的设计开发； 2. 组织方案论证及相关技术文档的编写、归档； 3. 组织天线样品的组装、调试、测试及交付； 4. 完成上级安排的其他任务。 三、岗位要求 1. 电磁场与微波技术、电子工程、通信工程等相关专业； 2. 本科及以上学历，2年以上天线设计工作经验。 四、福利待遇： 1. 五险+话费补贴； 2. （月度、年度）绩效奖励 3. 定期体检； 4. 双休+带薪年假。 工作地点 四川省成都市郫都区百草路898号911室 以担保或任何理由索要财物，扣押证照，均涉嫌违法。一经发现， 立即举报,天线设计,http://www.zhaopin.com/jobdetail/CC266755080J40129091703.htm?refcode=4019&srccode=401903&preactionid=c72ed974-3ba2-4a64-aabf-79499accb4bc
天线射频工程师,西安星网天线技术有限公司,1-2万,西安·长安·郭杜,西安,本科,1-3年,7月26日,zhilian_direct,"职位描述 射频 射频工程师 电磁场 电路设计 微波射频 天线测试 滤波器设计 通信/网络设备 任职资格要求： 1、 天线、电磁场与微波、通信、电子信息工程等相关专业，本科学历。 2、 具有天线射频电路设计或相关方面工作经验1年以上，熟悉通信天线设计与研发流程。对短波、超短波、卫星通信天线等产品熟悉者优先。 3、 熟练使用天线仿真软件，熟悉暗室测试系统、综合测试仪、网络分析仪等仪器的操作。 4、 具有良好的沟通能力、独立工作能力。 工作职责： 1、 负责天线技术方案评估、设计、调试、性能优化。 2、 与客户进行技术沟通，解决天线性能问题。 3、 负责研发项目资料的积累及撰写。 职位福利：绩效奖金、交通补助、餐补、通讯补助、带薪年假、节日福利、周末双休、五险一金 职位亮点：缴纳五险一金，年终奖,项目奖，每年都调薪 工作地点 长安区纬二十六路陕西/西安 西安市高新区纬二十八路168号中交科技城一期西区7号楼 以担保或任何理由索要财物，扣押证照，均涉嫌违法。一经发现， 立即举报","射频,射频工程师,电磁场,电路设计,微波射频,天线测试,滤波器设计",http://www.zhaopin.com/jobdetail/CC327208110J40141938208.htm?refcode=4019&srccode=401903&preactionid=c72ed974-3ba2-4a64-aabf-79499accb4bc
高级天线工程师,光启技术股份有限公司,3-4万,深圳·南山·粤海,深圳,硕士,5-10年,7月26日,zhilian_direct,"岗位职责: 岗位职责： 1、负责自研项目的天线评估,如针对指标要求进行天线选型、方案设计、仿真等工作； 2、跨部门沟通协调天线事宜； 3、解决项目研发过程中的难点问题； 4、能够提炼过往项目的技术经验，具备项目管理能力，给团队提供技术支持和培训，改善工作流程。 任职资格: 1、 硕士及以上学历5年以上相关工作经历博士优先，电磁场与微波技术、通信工程、电子信息工程等相关专业； 2、 电磁场与微波理论基础扎实，拥有天线及其阵列相关设计经验，熟悉天线的选型、仿真设计、制造加工、测试等系列流程； 3、 熟练使用微波仿真软件，掌握相关绘图设计等软件使用更佳； 4、 具有技术创新能力，乐于挖掘天线技术的新方向、新动态； 5、 有较强的团队合作精神。 专业要求： （1）电磁场与微波技术 （2）无线电物理 （3）电子科学与技术 （4）电子信息工程 职位福利：五险一金、绩效奖金、股票期权、带薪年假、免费班车、节日福利、员工旅游、定期体检 工作地点 深圳南山区软件大厦 以担保或任何理由索要财物，扣押证照，均涉嫌违法。一经发现， 立即举报","电磁场,通信工程,CST,HFSS,天线",http://www.zhaopin.com/jobdetail/CC526342880J40233283106.htm?refcode=4019&srccode=401903&preactionid=c72ed974-3ba2-4a64-aabf-79499accb4bc
天线设计工程师,成都北斗天线工程技术有限公司,7000-14000元,成都·猛追湾,成都,本科,1-3年,7月26日,zhilian_direct,岗位职责 1. 负责天线样品的设计开发； 2. 组织方案论证及相关技术文档的编写、归档； 3. 组织天线样品的组装、调试、测试及交付； 4. 完成上级安排的其他任务。 三、岗位要求 1. 电磁场与微波技术、电子工程、通信工程等相关专业； 2. 本科及以上学历，2年以上天线设计工作经验。 四、福利待遇： 1. 五险+话费补贴； 2. （月度、年度）绩效奖励 3. 定期体检； 4. 双休+带薪年假。 五、工作地点：成都市成华区一环路东一段159号。 职位福利：年底双薪、绩效奖金、加班补助、全勤奖、带薪年假、定期体检、通讯补助、弹性工作 工作地点 成都一环路东一段159号电子信息产业大厦1110 以担保或任何理由索要财物，扣押证照，均涉嫌违法。一经发现， 立即举报,"天线设计,微波雷达,天线",http://www.zhaopin.com/jobdetail/CC266755080J40413032303.htm?refcode=4019&srccode=401903&preactionid=c72ed974-3ba2-4a64-aabf-79499accb4bc
相控阵天线工程师,北京行晟科技有限公司,1.5-3万,北京·海淀·学院路,北京,本科,3-5年,7月26日,zhilian_direct,岗位职责 - 负责无线通信阵列天线及无源器件的方案设计、仿真、调试与验证； - 完成阵列天线、波束相关指标测试、性能优化与问题定位； - 配合系统团队完成整机联调、测试与方案迭代； - 输出设计文档、测试报告等技术资料。 任职要求 - 电磁场与电磁波、电波传播与天线、电子信息、通信等相关专业； - 掌握天线与微波技术基础理论； - 熟练使用至少一种电磁仿真软件； - 能使用矢量网络分析仪等仪器完成天线测试； - 具备良好的动手能力与问题分析能力。 优先条件 - 熟悉阵列天线、相控阵、智能超表面（RIS）/超材料/左手材料，有相关项目经验优先； - 有多通道天线、射频链路、阵列校准经验优先； - 有PCB设计、加工与调试经验优先。 我们期待 对技术有热情，动手能力强，能落地硬件开发与系统原型验证的你。 工作地点 北京海淀区清华同方科技广场二期D座东楼 以担保或任何理由索要财物，扣押证照，均涉嫌违法。一经发现， 立即举报,"HFSS,6G",http://www.zhaopin.com/jobdetail/CC837530300J40875935610.htm?refcode=4019&srccode=401903&preactionid=c72ed974-3ba2-4a64-aabf-79499accb4bc
天线工程师（缴纳五险一金）,陕西尚品信息科技有限公司,8000-14000元,西安·雁塔·丈八沟,西安,本科,1-3年,7月26日,zhilian_direct,"岗位职责： 1. 负责射频天线的设计与优化，包括天线结构设计、材料选择等，确保射频特性指标达到要求 2. 负责射频天线的设计、测试和验证，确保产品的质量和可靠性: 3. 编写技术文档，参与中试、批产过程中的技术问题解决, 岗位要求： 1、本科及以上学历，通信、电磁场与微波、计算机等相关专业 ，英语过四级及以上 2、熟悉通信天线及微波器件相关工作原理 3、熟练使用CST天线设计仿真软件 4、具有相天线设计、测试经验者优先 5、具有良好的团队合作意识及责任心 工作地点 雁塔区西安软件园西区-西岳阁502 电话：13669267299 以担保或任何理由索要财物，扣押证照，均涉嫌违法。一经发现， 立即举报","天线设计,射频设计,射频测试,射频开发,射频仿真,电磁场与微波",http://www.zhaopin.com/jobdetail/CC667788320J40842425712.htm?refcode=4019&srccode=401903&preactionid=c72ed974-3ba2-4a64-aabf-79499accb4bc
天线工程师,福建福大北斗通信科技有限公司,6000-8000元·14薪,福州·闽侯·上街,福州,本科,1-3年,7月26日,zhilian_direct,岗位职责： 1.负责公司相关天线产品需求评估和指标分析； 2.负责天线产品的方案设计和图纸输出； 3.负责天线调试、测试和性能优化等工作； 4.负责天线产品设计相关文档编写。 5.负责天线项目开发过程中相关技术问题沟通、排查和解决； 6.负责天线产品转产过程中，与相关生产工艺人员沟通对接 职位要求: 1.通信工程、电磁场、射频微波等相关专业，本科及以上学历； 2.熟悉天线原理、电磁场等基础知识，熟悉天线的测试指标、测试方法； 3.熟练使用网络分析仪，频谱分析仪等射频测试仪器； 4.熟悉HFSS等相关设计软件使用； 5.熟悉微带天线设计方案，有圆极化、双极化天线开发经验者优先； 6.动手能力强，有丰富的天线调试经验； 7.至少有1年以上的相关工作经验。 工作地点 福州闽侯县创新园7栋 以担保或任何理由索要财物，扣押证照，均涉嫌违法。一经发现， 立即举报,天线设计,http://www.zhaopin.com/jobdetail/CC690200020J40918378008.htm?refcode=4019&srccode=401903&preactionid=c72ed974-3ba2-4a64-aabf-79499accb4bc
天线工程师,济南感知起源信息科技有限公司,1-1.5万·14薪,济南·市中·十六里河,济南,本科,1-3年,7月26日,zhilian_direct,岗位职责： 1.负责项目天线阵面、系统的调试测试工作。 2.负责项目的阵列天线建模、仿真工作。 3.负责阵列天线前沿技术发展方向，探索天线系统创新方案。 招聘要求： 1.电磁场与无线技术、电子信息工程等电磁场微波相关专业。 2.具备丰富的电磁场与天线理论知识。 3.具备丰富天线设计、调试与测试经验。 4.熟练使用微波暗室测试系统、矢量网络分析仪等测试仪器。 5.熟练使用HFSS、CST等电磁仿真软件。 6.具备使用Matlab进行阵列综合的能力。 奖金绩效 五险一金，年终奖 工作地点 济南市中区望岳·智谷 以担保或任何理由索要财物，扣押证照，均涉嫌违法。一经发现， 立即举报,"微波雷达,卫星,天线",http://www.zhaopin.com/jobdetail/CCL1474611160J40871138503.htm?refcode=4019&srccode=401903&preactionid=c72ed974-3ba2-4a64-aabf-79499accb4bc
高级天线工程师,电连技术股份有限公司,3.5-4.5万,南京·江宁·秣陵,南京,本科,3-5年,7月26日,zhilian_direct,岗位职责 1. 负责大规模阵列天线方案设计、架构选型、研发落地，解决阵列耦合、波束赋形、扫描特性等核心技术问题； 2. 主导天线快速仿真建模、参数迭代与多目标优化，攻克性能瓶颈，缩短研发周期； 3. 负责天线样机/阵列整机实测、调试与验证，对标仿真数据定位问题，完成迭代优化； 4. 输出全套技术文档，配合跨部门协同开发，跟进项目落地与技术预研。 任职要求 1. 基础资质：本科及以上，电磁场与微波、射频、电子信息等相关专业，3年以上天线研发经验； 2. 阵列研发：精通大规模相控阵、波束赋形阵列设计，熟悉互耦抑制、馈电网络、阵列布局核心技术，具备完整阵列项目落地经验； 3. 仿真优化：熟练掌握HFSS、CST、FEKO等仿真工具，擅长参数化建模、批量仿真与快速迭代优化； 4. 实测能力：熟练操作矢量网络分析仪、暗室近远场测试设备，可独立完成天线各项性能测试、偏差定位与调试整改； 5. 综合能力：熟悉天线工艺与量产规范，可独立攻坚技术难题，具备良好的项目推进与跨部门协作能力。 优先加分项 1. 有5G/6G、雷达相控阵、毫米波阵列、车载天线阵列研发经验； 2. 掌握仿真脚本开发、自动化仿真流程搭建能力； 3. 具备天线量产导入、工艺优化经验，拥有相关专利及技术成果。 工作地点 南京江宁区紫金山科技城-B4栋10层 以担保或任何理由索要财物，扣押证照，均涉嫌违法。一经发现， 立即举报,"天线设计,射频设计",http://www.zhaopin.com/jobdetail/CC417886730J40873311114.htm?refcode=4019&srccode=401903&preactionid=c72ed974-3ba2-4a64-aabf-79499accb4bc
射频天线工程师,广州浦信系统技术有限公司,1-2万,广州·黄埔·联和,广州,本科,1-3年,7月26日,zhilian_direct,职位描述 CST 射频工程师 天线设计 1、电磁场与微波技术、电子信息、通信或相关专业本科及以上学历 2、熟悉天线原理 3、熟练掌握CST电磁仿真软件 职位福利：五险一金、绩效奖金、周末双休、员工旅游、节日福利、年底双薪、弹性工作、每年多次调薪 工作地点 广州黄埔区科学大道与神舟路交汇处 以担保或任何理由索要财物，扣押证照，均涉嫌违法。一经发现， 立即举报,"CST,射频工程师,天线设计",http://www.zhaopin.com/jobdetail/CC679787530J40175221311.htm?refcode=4019&srccode=401903&preactionid=c72ed974-3ba2-4a64-aabf-79499accb4bc
26届校招-助理天线工程师 (MJ005462),临沂移远通信技术有限公司,5000-6000元,临沂·河东·芝麻墩,临沂,本科,经验不限,7月26日,zhilian_direct,岗位职责： 1.设计与仿真支持：协助导师进行蜂窝天线单元及阵列的方案论证，参与天线结构设计与电磁仿真建模，使用 HFSS、CST 等仿真软件完成基础参数模拟。​收集整理天线设计相关技术资料，包括 3GPP 协议中关于蜂窝天线的性能指标要求，为方案设计提供数据支持。​参与天线匹配网络的初步设计与仿真验证，协助优化天线驻波比、增益、带宽等关键电参数； 2.测试与调试协助：协助开展天线原型机的测试工作，操作网络分析仪、频谱仪等射频仪器，完成天线驻波、方向图、增益等参数的基础测试。​参与天线暗室测试过程，负责测试环境准备、数据记录与初步整理，协助分析测试结果与仿真数据的差异。​配合团队进行天线样品的调试优化，记录调试过程中的技术参数变化，形成调试日志。； 3.技术文档与数据管理：负责天线设计、测试过程中的技术文档编写，包括仿真报告、测试记录、物料清单等，确保文档规范性和完整性。​协助建立天线研发数据库，分类整理各类天线方案的设计参数、测试数据及优化经验。​参与编制天线设计规范初稿，协助提炼通用设计准则与最佳实践。。 4.跨团队协作与问题跟进：对接结构设计团队，提供天线布局的基础建议，协助评估结构设计对天线性能的影响。参与产品试产过程，协助收集生产环节中的天线相关问题，反馈给研发团队并跟进解决进度。​配合客户技术支持团队，整理天线应用常见问题的解答方案，协助编写用户技术手册。 任职要求： 1.本科及以上学历，电子信息、电气、微电子科学与工程等相关专业； 2.学习过电路、模拟电子技术、数字电子技术、电磁场与电磁波、数字信号处理、信号与系统等课程； 3.掌握各种办公软件使用方法； 4.良好的管理、沟通、协调能力、现场管控能力强、有执行力； 5.通过大学英语四六级考试。 工作地点 河东区临沂激光科技产业园14栋4层 以担保或任何理由索要财物，扣押证照，均涉嫌违法。一经发现， 立即举报,"天线设计,射频设计,射频开发,射频测试,天线",http://www.zhaopin.com/jobdetail/CCL1493462230J40726869806.htm?refcode=4019&srccode=401903&preactionid=c72ed974-3ba2-4a64-aabf-79499accb4bc
射频硬件电路天线工程师,苏州锐武微电子有限公司,1.5-2.5万,苏州·吴中·长桥,苏州,本科,经验不限,7月26日,zhilian_direct,岗位职责： 1. 负责毫米波雷达产品的硬件设计和规划 2. 负责毫米波雷达天线设计和调试 3. 负责射频硬件选型和调试 4. 完成射频电路失效分析和处理的能力 5. 编写硬件设计说明和测试文档 任职要求： 1. 通信工程、电子工程、信号与系统、自动控制相关专业本科及以上学历 2. 独立完成方案设计、器件选型、原理图和PCB设计与单板调试、整机自测、文档编写工作 3. 能够独立的解决研发过程及论证过程中遇到的各类射频硬件故障 4. 熟练使用AD、Mentor、Cadence中一种进行硬件开发设计 5. 熟练使用频谱仪、信号源、矢网进行性能测试和调试 6. 具有毫米波雷达产品及实际开发经验者优先 7. 具有良好的沟通能力，团队精神和创新能力 职位亮点：集成电路设计公司，海归初创公司，共同成长 工作地点 苏州吴中区国裕大厦(东吴北路) 以担保或任何理由索要财物，扣押证照，均涉嫌违法。一经发现， 立即举报,"射频电路设计,天线设计,射频设计,射频仿真",http://www.zhaopin.com/jobdetail/CCL1382286960J40705840914.htm?refcode=4019&srccode=401903&preactionid=c72ed974-3ba2-4a64-aabf-79499accb4bc
天线工程师,深圳市信格微科技有限公司,4-8万,深圳·福田·沙头,深圳,本科,3-5年,7月26日,zhilian_direct,职位描述 天线设计 RF设计 技术支持 半导体/芯片 通信/网络设备 任职要求 1、电子/网络通信等相关专业本科毕业； 2、具有扎实的天线理论和电磁场理论基础，熟悉与了解目前市场上常规主流天线的设计规范与流程； 3、工作经验3年以上，能独立设计一些WiFi、GPS、LTE、BT、基站等天线，有大公司相关工作经验优先； 4. 具有良好的沟通表达能力、独立分析问题和解决能力；具有良好的客户服务意识和团队合作意识，能够承受一定的工作压力； 5、薪水面议。 关于公司福利及其他： 一、薪资及工作时间 薪资：无责任底薪+补贴+优厚奖金，另有交通补助与通讯补助。 工作时间：周一至周五9:00-18:00，周末双休。 二、福利 五险一金+商业保险：社会保险（养老保险、基本医疗保险、工伤保险、失业保险、生育保险）和公积金。 三、休假 法律规定的公休假日及婚假、产假、陪产假等法定休假；转正员工每年带薪年假及全薪病假。 四、员工关怀 员工月度生日会、员工户外拓展/聚餐/旅游、公司年会等。 职位福利：五险一金、绩效奖金、年底奖金、交通补助、通讯补助、带薪年假、周末双休、节日福利 工作地点 深圳福田区金润大厦20C（车公庙地铁站C出口） 以担保或任何理由索要财物，扣押证照，均涉嫌违法。一经发现， 立即举报,"天线设计,RF设计,技术支持",http://www.zhaopin.com/jobdetail/CCL1213730850J40409799302.htm?refcode=4019&srccode=401903&preactionid=c72ed974-3ba2-4a64-aabf-79499accb4bc
天线工程师 (MJ004674),临沂移远通信技术有限公司,8000-15000元,临沂·河东·芝麻墩,临沂,本科,1-3年,7月26日,zhilian_direct,"岗位职责： 1、天线设计与开发：负责天线产品的方案制定，基于项目需求（如频段、增益、尺寸）确定设计方向，使用专业工具（如 HFSS、CST）进行电磁仿真，优化天线性能参数，确保满足指标要求； 2、原型制作与性能测试：主导天线原型样品的制作，协调生产或实验室完成样品加工； 3、跨部门集成配合：与硬件工程师、结构工程师协作，解决天线与整机的集成问题（如布局、电磁兼容）；参与产品研发流程，同步天线设计进度，确保与整机开发节奏匹配； 4、技术支持与文档输出：编写天线设计规格书、测试报告、使用手册等技术文档，确保信息准确可追溯，为生产环节或客户提供技术支持，协助排查量产或使用中的天线相关问题。 任职要求： 1、本科及以上学历，电子信息、电气等相关专业， 2、2年以上本职技术开发工作经验，熟悉天线研发制造,各类天线研发公司工作经验； 3、具备天线研发专业知识，电磁场与电磁波知识； 4、掌握WORD,EXCEL等办公软件使用方法； 5、良好的管理、沟通、协调能力、现场管控能力强、有执行力 工作地点 河东区临沂激光科技产业园14栋4层 以担保或任何理由索要财物，扣押证照，均涉嫌违法。一经发现， 立即举报","射频电路设计,天线设计,射频设计,射频开发,射频测试,天线,传感器,滤波器",http://www.zhaopin.com/jobdetail/CCL1493462230J40676382506.htm?refcode=4019&srccode=401903&preactionid=c72ed974-3ba2-4a64-aabf-79499accb4bc
天线工程师,深圳市塞防科技有限公司,1.5-3万·15薪,长沙·岳麓·麓谷,长沙,本科,经验不限,7月26日,zhilian_direct,岗位职责： 1. 负责雷达及无线电相关项目的天线仿真设计； 2. 负责天线测试环境搭建及指标验证，参与整机性能优化； 3. 负责产品转产中天线相关技术问题，协助生产工艺优化； 4. 负责研发过程相关技术文档编制； 5. 负责天线技术调研及专利撰写； 岗位要求： 1. 微波、无线电等相关专业本科及以上学历， 2. 具备良好的微波与天线理论基础，熟练掌握HFSS、CST、ADS等电磁仿真软件； 3. 具备良好的英语阅读水平；具有良好的沟通及团队协作能力。 工作地点 长沙岳麓区湖南道通科技工业园 以担保或任何理由索要财物，扣押证照，均涉嫌违法。一经发现， 立即举报,"毫米波雷达,天线,天线设计",http://www.zhaopin.com/jobdetail/CCL1474860650J40609966512.htm?refcode=4019&srccode=401903&preactionid=c72ed974-3ba2-4a64-aabf-79499accb4bc
射频天线工程师,成都汉芯国科集成技术有限公司,1.2-2.4万,南京·鼓楼·华侨路,南京,本科,5-10年,7月26日,zhilian_direct,职位描述 射频设计 半导体/芯片 岗位任职要求： 负责天线的设计、实施和测试，响应需求变化，完成项目联试和交付。 1.具备微波、电磁场知识，会天线仿真和设计； 2.熟悉各类辐射单元，具备设计能力； 3.参与过相控阵天线的设计、调试和测试； 4.可根据技术和部门的安排，按时完成项目全部或部分调试、测试工作，实验、联试等、整理调试数据和测试报告，并归档; 5.项目进行过程中，对发现的技术问题及时上报和反馈，对项目的执行提出更优化的方案或更合理的建议; 6.根据部门安排完成公司流程化管理的相应工作; 7.配合产线完成相关工作; 8.吃苦耐劳，能接受合理的加班； 9.具备良好的团队精神、积极配合各部门工作，完成公司领导临时交办的其他任务。 职位描述： 1.本科及以上天线微波，电子工程等相关专业，特别优秀者可放宽学历要求; 2.具备雷达系统、电子战系统和通讯的基本原理和相关知识; 3.能够熟练使用测试仪器等相关器件； 4.熟练使用office等办公软件，hfss、Ad或者cadence等办公设计软件; 5.熟悉项目流程，可以独立设计调试产品; 6.对工作耐心细致、认真负责，学习沟通能力强，能抗压、具备主观能动性、具有团队合作精神和创新精神； 7.5年以上本专业工作经验，薪酬可面谈。 工作地点 江苏省南京市鼓楼区草场门石头城69号2-103 以担保或任何理由索要财物，扣押证照，均涉嫌违法。一经发现， 立即举报,射频设计,http://www.zhaopin.com/jobdetail/CC568982280J40763163306.htm?refcode=4019&srccode=401903&preactionid=c72ed974-3ba2-4a64-aabf-79499accb4bc
高级天线工程师,湖南航天环宇通信科技股份有限公司,1.5-2.5万·14薪,长沙·岳麓·麓谷,长沙,硕士,5-10年,7月26日,zhilian_direct,岗位职责： 1、负责微波、毫米波天线的电性能设计； 2、负责微波、毫米波天线的电性能仿真分析与验证； 3、负责跟进天线的投产试制、测试试验过程。 任职要求： 1、硕士及以上学历，电磁场与微波技术等相关专业； 2、5年以上天线设计开发经验，精通至少一种电磁仿真软件； 3、熟悉电磁场与微波原理，熟悉卫星通信天线、测控天线的设计（抛物面天线为主）； 4、具备良好的逻辑思维和沟通能力。 工作地点 长沙岳麓区环宇航空产业园 以担保或任何理由索要财物，扣押证照，均涉嫌违法。一经发现， 立即举报,抛物面天线设计,http://www.zhaopin.com/jobdetail/CC238591710J40902526815.htm?refcode=4019&srccode=401903&preactionid=c72ed974-3ba2-4a64-aabf-79499accb4bc
天线工程师,陕西四菱电子科技股份有限公司,1-1.5万·13薪,西安·雁塔·丈八沟,西安,本科,3-5年,7月26日,zhilian_direct,岗位职责: 1、负责天线(相控阵、雷达等)产品的电气设计和开发； 2、负责天线产品的改良设计和优化; 3、负责编写天线相关技术文档并归档; 4、负责天线产品相关的技术支持工作; 任职要求: 1、本科及以上学历，电磁场与电磁波、天线与电波传播、微波技术、电子信息和通信工程等相关专业； 2、具备扎实的电磁场理论与电磁波理论、微波设计与天线设计原理的理论基础; 3、熟悉各种天线形式的工作原理及设计方法; 4、熟练使用网络分析仪、信号源、频谱仪、噪声分析仪等各种射频仪器； 5、能熟练使用HFSS、AWR、Designer、matlab、CST等仿真软件，熟练使用矢量网络分析仪，熟悉天线相关的测试方法与测试系统； 6、具有较强的团队协作能力、沟通协调能力、动手实践能力及抗压能力; 7、1年及以上天线开发工作经验，优秀应届生也考虑。 工作地点 西安市-雁塔区-锦业路71号 以担保或任何理由索要财物，扣押证照，均涉嫌违法。一经发现， 立即举报,天线设计,http://www.zhaopin.com/jobdetail/CCL1228820960J40854710204.htm?refcode=4019&srccode=401903&preactionid=c72ed974-3ba2-4a64-aabf-79499accb4bc
天线工程师,深圳市塞防科技有限公司,2-4万·15薪,深圳·南山·西丽,深圳,本科,经验不限,7月26日,zhilian_direct,岗位职责： 1. 负责雷达及无线电相关项目的天线仿真设计； 2. 负责天线测试环境搭建及指标验证，参与整机性能优化； 3. 负责产品转产中天线相关技术问题，协助生产工艺优化； 4. 负责研发过程相关技术文档编制； 5. 负责天线技术调研及专利撰写； 岗位要求： 1. 微波、无线电等相关专业本科及以上学历， 2. 具备良好的微波与天线理论基础，熟练掌握HFSS、CST、ADS等电磁仿真软件； 3. 具备良好的英语阅读水平；具有良好的沟通及团队协作能力。 工作地点 深圳南山区南山智城-A2栋23层 以担保或任何理由索要财物，扣押证照，均涉嫌违法。一经发现， 立即举报,"毫米波雷达,天线,天线设计",http://www.zhaopin.com/jobdetail/CCL1474860650J40609966612.htm?refcode=4019&srccode=401903&preactionid=c72ed974-3ba2-4a64-aabf-79499accb4bc
射频天线工程师,四川润英达电子科技有限公司,1.5-2万·13薪,成都·郫都·犀浦,成都,本科,3-5年,7月26日,zhilian_direct,职位描述 射频设计 阵列信号仿真 HFSS 天线原理 机载天线 1、负责天线设计方案的论证和制定； 2、负责天线的设计开发工作，包含前期方案评估、天线研发与调试、量产跟进等； 3、负责天线调试、测试工作，完成相关设计报告、文档编写工作； 4、负责公司项目天线部分的设计、仿真与验证。 任职条件 1、2年及以上同岗位工作经验，本科及以上学历，通信、电子工程、自动化、微波工程及其相关专业； 2、熟悉天线原理，熟悉机载天线、地面天线，对天线生产有一定的了解，能够独立完成天线的设计工作； 3、能够熟练使用HFSS等天线仿真软件，对阵列信号仿真有一定的了解； 4、熟练使用网络分析仪、信号源、频谱仪、噪声分析仪等各种射频仪器。 奖金绩效 季度额外绩效奖 工作地点 成都郫都区高新西区西芯大道20号希望深蓝空调6栋5楼501号 以担保或任何理由索要财物，扣押证照，均涉嫌违法。一经发现， 立即举报,射频设计,http://www.zhaopin.com/jobdetail/CC855606650J40602979906.htm?refcode=4019&srccode=401903&preactionid=c72ed974-3ba2-4a64-aabf-79499accb4bc
天线工程师,北京众辉航测科技有限公司,7000-9000元,北京·昌平·回龙观,Guangzhou,本科,经验不限,7月24日,zhilian,岗位职责 1、负责解决天线开发过程中的关键问题； 2、负责天线新技术研究及新项目立项开发； 3、负责完成研发过程的各类文档及流程； 岗位要求 1、2026届应届毕业生，本科学历，电磁场与微波、电磁场与无线技术、电波传播与天线、通信工程、电子科学与技术、电子信息工程等相关专业； 2、熟悉电磁场基本理论、天线原理、微波网络、微波电子线路等基本理论； 3、最少掌握一种电磁电路仿真软件，如HFSS、CST、ADS、AWR等； 4、工作认真负责，态度端正。 工作地点 北京昌平区中腾建华商务大厦 以担保或任何理由索要财物，扣押证照，均涉嫌违法。一经发现， 立即举报,微波射频,http://www.zhaopin.com/jobdetail/CC856803880J40776597403.htm?refcode=4019&srccode=401901&preactionid=12cff435-26eb-4e44-b835-87fa9121130a
天线工程师,深圳市飞敏科技有限公司,1.2-2.4万,深圳·宝安·西乡,Guangzhou,本科,1-3年,7月25日,zhilian,岗位职责： 1、负责音箱、耳机、智能穿戴、智能水表等消费类及物联网产品的天线设计、仿真、调试与测试工作； 2、参与项目前期堆叠评估，完成天线方案选型、结构可行性分析； 3、负责内置天线（FPC、LDS、钢片等）及外置胶棒天线的设计与优化； 4、使用网络分析仪、综测仪、暗室系统等设备完成天线有源/无源性能测试，解决项目中遇到的干扰（De-sense）、匹配、效率等问题； 5、跟进项目从研发到量产的全程天线相关工作，保障量产性能一致性； 6、配合项目进度，必要时支持加班调试，确保项目关键节点达成。 任职要求： 1、学历专业： 本科及以上学历，电磁场与微波技术、通信工程、电子信息工程等相关专业； 2、工作经验： 2年以上天线设计经验，具有手机天线或消费类电子产品天线研发经验者优先； 专业能力： 1、天线理论基础扎实，熟悉常见天线形式及设计流程； 2、熟练使用矢量网络分析仪、综测仪等射频测试仪器； 3、能够使用 HFSS 或 CST 等仿真软件进行天线设计与优化者优先； 综合素质： 责任心强，能承受一定工作压力，具备良好的沟通与协作能力； 具备较强的工程落地意识，能与结构、硬件工程师高效配合。 我们提供 工作时间： 周末单双休，平衡工作与生活； 薪酬福利： 具备竞争力的薪资 + 住房补贴 + 伙食补贴 + 年终奖； 假期保障： 依法享有带薪年假； 节日关怀： 传统节假日发放福利包或节日礼品； 团队氛围： 定期组织羽毛球、爬山、烧烤、野炊等集体活动，氛围轻松开放。 工作地点 深圳宝安区科运达电商基地西乡街道固兴社区盛辉路4号科运达电商基地801 以担保或任何理由索要财物，扣押证照，均涉嫌违法。一经发现， 立即举报,"工程师,无线,射频,电子,HFSS,天线,天线设计",http://www.zhaopin.com/jobdetail/CC437979310J40582005311.htm?refcode=4019&srccode=401901&preactionid=12cff435-26eb-4e44-b835-87fa9121130a
天线工程师,苏州立讯技术有限公司,1.8-3万,苏州·郭巷,Guangzhou,本科,3-5年,7月24日,zhilian,职位描述 研发 硬件研发 无线通信 1.具备基站天线部件：振子、功分器、移相器、校准网络仿真设计经验 2.需具备以下一款及以上产品设计经验(a.MIMO天线；b.5G电调天线；c.AFU（天线滤波器一体化）) 3.打样、组装、测试、调试与数据分析 4.会运用Matlab对方向图数据进行分析处理 5.可靠性测试、跟踪和改进 6.协同其他部门执行新材料，新工艺认证测 试，SMT工艺改进等 7.数据确认（与客户、产品经理等）以及产品归档 工作地点 苏州市-吴中区-吴中经济开发区徐浜路99号 以担保或任何理由索要财物，扣押证照，均涉嫌违法。一经发现， 立即举报,"研发,硬件研发,无线通信",http://www.zhaopin.com/jobdetail/CCL1446292520J41005718304.htm?refcode=4019&srccode=401901&preactionid=12cff435-26eb-4e44-b835-87fa9121130a
天线工程师,北京大华恒威通信技术有限公司石家庄分公司,1.5-2万,石家庄·鹿泉·鹿泉经开区,Guangzhou,本科,经验不限,7月18日,zhilian,岗位职责 1. 负责通信天线、阵列天线方案设计、仿真建模、性能优化与落地调试； 2.. 结合信号与系统、通信原理基础，配合射频、通信团队完成系统联调、性能测试与问题整改； 3.. 运用最优化算法开展天线布局优化、阵列综合、波束赋形、参数迭代优化工作； 任职要求 1. 本科及以上学历，电子信息、通信工程、电磁场与微波技术、天线与射频等相关专业； 2. 扎实掌握天线理论与技术、阵列天线、信号与系统、通信原理、最优化算法核心专业知识； 3. 熟悉阵列天线设计、波束成形、天线辐射与散射原理，具备天线仿真设计实操经验； 4. 熟练使用HFSS、CST、ADS等电磁仿真软件，能独立完成天线建模、仿真、参数优化； 5. 了解通信系统架构，熟悉天线各项性能指标测试方法，具备问题分析与独立排查能力； 6. 工作严谨负责，逻辑清晰，具备良好沟通协作能力与项目推进意识，有通信行业天线相关工作经验优先。 岗位福利 五险一金、带薪年假、节日福利、定期团建、技术培训、晋升通道清晰、办公环境稳定。 工作地点 鹿泉区石家庄恒军通信技术有限公司 以担保或任何理由索要财物，扣押证照，均涉嫌违法。一经发现， 立即举报,"天线,仿真",http://www.zhaopin.com/jobdetail/CC569401580J40858483009.htm?refcode=4019&srccode=401901&preactionid=12cff435-26eb-4e44-b835-87fa9121130a
GNSS天线工程师,一丁人力资源(深圳)有限公司,2-4万,深圳·南山·南山,Guangzhou,本科,3-5年,7月15日,zhilian,岗位职责 1、负责GNSS天线产品及部件的开发，含有源GNSS天线等； 2、根据项目开发进度和任务分配，完成研发项目图纸及技术资料等设计文件的编制输出； 3、跟进并指导天线产品中试及小批量生产、转产； 4、跟进天线产品生命周期的质量控制及异常处理，提供技术支持； 工作地点 深圳南山区南山33 以担保或任何理由索要财物，扣押证照，均涉嫌违法。一经发现， 立即举报 客户,"天线设计,GNSS天线仿真,天线,基站,车联网,智能安防等无线通讯终端,发射机,微波雷达",http://www.zhaopin.com/jobdetail/CCL1469444060J41019148804.htm?refcode=4019&srccode=401901&preactionid=12cff435-26eb-4e44-b835-87fa9121130a
天线工程师,安徽耀峰雷达科技有限公司,8000-15000元·13薪,合肥·蜀山·锦绣社区,Guangzhou,本科,经验不限,12月31日,zhilian,岗位职责： 1、负责天线产品的设计开发工作，输出相关技术文档和测试报告； 2、负责天线阵的设计与评估，完成测向算法的编码工作； 3、负责与天线相关的设计、测试和调试； 4、与其他部门协作，完成产品的开发、测试、转产，解决与天线相关等的设计问题。 岗位要求： 1、天线、电磁场与微波、通信、电子信息工程等相关专业，本科及以上学历，硕士优先考虑； 2、熟悉各类天线设计与研发流程，有波导阵列天线、微带阵列天线等天线设计经验者优先； 3、熟练使用天线设计相关仿真软件（HFSS、CST、FEKO等），矢量网络测试仪、信号源、频谱仪等仪器的操作； 4、具有良好的沟通能力、独立工作能力。 奖金绩效 年底双薪 工作地点 合肥蜀山区安徽耀峰雷达科技有限公司 以担保或任何理由索要财物，扣押证照，均涉嫌违法。一经发现， 立即举报,天线设计,http://www.zhaopin.com/jobdetail/CC838334870J40834199114.htm?refcode=4019&srccode=401901&preactionid=12cff435-26eb-4e44-b835-87fa9121130a
天线工程师,江苏吉凯微波技术有限公司,1.6-3万,苏州·相城·阳澄湖,Guangzhou,本科,5-10年,7月25日,zhilian,职位描述 卫星通信 微波射频 天线设计 1.配合总体进行系统方案论证，协助完成系统级方案设计报告； 2.负责天线设计可行性评估，根据天馈线系统指标进行阵面设计，并进行天线阵列的仿真设计； 3.熟悉多种形式的相控阵天线，如微带贴片、波导缝隙、偶极子等；理解各种形式的天线指标，可以独立建模，指标优化； 4.负责项目实施过程中天线生产、暗室测试、系统联试及文档编写工作； 5.熟悉暗室测试方法，熟练掌握矢量网络分析仪、频谱仪、信号源等常规仪表的使用； 6.具备良好的专业英语阅读能力；具备很好的沟通能力，较强的责任心和团队意识。 任职要求: 1.本科及以上学历(实际工作经验丰富者可放宽学历要求)，电子、微波、无线电、通信类相关专业毕业； 2.精通ADS、HFSS等仿真软件，熟悉AD、CAD或DXP等制图软件，有较强的动手能力； 3.具有5年以上天线设计经验； 4.熟练使用矢量网络分析仪、频谱仪、信号源等测试仪器； 5.具有良好的自学能力，沟通协调能力和团队合作精神； 6.有管理团队经验者优先； 7.优秀者薪资可面议。 工作地点 相城区苏州立臻微波技术有限公司 以担保或任何理由索要财物，扣押证照，均涉嫌违法。一经发现， 立即举报,"卫星通信,微波射频,天线设计",http://www.zhaopin.com/jobdetail/CC845041260J40801564001.htm?refcode=4019&srccode=401901&preactionid=12cff435-26eb-4e44-b835-87fa9121130a
天线射频工程师,扬州道恒科技有限公司,9000-14000元,扬州·邗江区·施桥镇,Guangzhou,本科,3-5年,7月16日,zhilian,职位描述 天线 天线设计 射频电路设计 电子/电磁场/微波 通信/网络设备 职责描述： 1、设计开发：天线设计/射频器件开发，新产品打样等工作； 2、负责天线系统的设计与优化，包括天线结构、馈电网络、辐射特性等方面的设计与分析； 3、参与天线测试工作，包括暗室测试、外场测试等，收集并分析测试数据，对天线性能进行评估和改进； 4、主导射频相关项目的开发，协调硬件、软件、结构团队完成产品联调。支持产品量产，解决生产中的射频性能问题，优化良率和成本。 任职要求： 1、统招大学本科（含）以上学历； 2、电磁学、材料、化工、计算机、电子电路、物理等专业等相关专业； 3、熟练使用CAD、wps等软件； 4、有使用仿真软件（HFSS/ADS）、Java基础、APP开发经验者优先。 5、熟悉射频电路设计，具备相关经验，了解常见的射频元器件； 6、扎实的射频电子学或电磁场理论知识； 加分：有过rfid电子标签相关经验 双休，每年定期体检，加班费，出差补贴，每年一次外出旅游，一年调整一到两次薪资。能力足够薪资可商谈面议 工作地点 江苏省扬州市邗江区扬州经济技术开发区施桥镇九龙湖路 以担保或任何理由索要财物，扣押证照，均涉嫌违法。一经发现， 立即举报,"天线,天线设计,射频电路设计",http://www.zhaopin.com/jobdetail/CCL1377269040J40747909405.htm?refcode=4019&srccode=401901&preactionid=12cff435-26eb-4e44-b835-87fa9121130a
助理工程师,陕西云汉星辰科技有限公司,6000-9000元·13薪,西安·长安·韦曲,Guangzhou,本科,经验不限,7月13日,zhilian,岗位职责 1、协助项目经理编制项目计划、预算及方案文档，跟踪进度节点。 2、参与技术问题跟进，记录问题并协助推动解决。 3、组织项目评审会议，撰写纪要，跟踪待办事项闭环。 4、协助质量问题处理流程，跟进整改措施落实。 5、收集、整理项目全过程记录及过程文档。 6、协助准备验收材料，配合产品入库流程。 7、负责项目资料归档及技术成果文档整理。 8、接收并分发售后问题工单，跟踪解决进度。 9、完成领导或导师交办的其他工作。 任职要求 1、学历专业：本科及以上，通信工程、信息工程、电磁场与无线技术等理工科相关专业。 2、素质：责任心强，做事有闭环，有时间节点意识。 3、经验：无硬性要求，有实验室项目或学生组织协调经验者优先。 4、技能： 1）熟练使用Office办公软件； 2）了解Project、PLM或禅道/JIRA等管理工具者优先（不熟悉但学习意愿强者可培养）； 3）具备基本文档写作能力，能清晰撰写会议纪要及汇报材料； 4）了解项目开发基本流程（如敏捷或瀑布模型）。 工作地点 西安长安区陕西云汉星辰科技有限公司派恩电气园区一层云汉星辰 以担保或任何理由索要财物，扣押证照，均涉嫌违法。一经发现， 立即举报,"天线,项目经理,系统工程师",http://www.zhaopin.com/jobdetail/CCL1464633340J40873937109.htm?refcode=4019&srccode=401901&preactionid=12cff435-26eb-4e44-b835-87fa9121130a
天线工程师,成都智芯雷通微系统技术有限公司,1.5-2.5万·13薪,成都·锦江·成龙路,Guangzhou,本科,经验不限,5月14日,zhilian,岗位职责： 1、天线阵面的论证、设计、测试与调试； 2、相控阵馈电网络的论证、设计、测试与调试； 3、相控阵天线算法的研究与整机方向图的调试； 4、跟进天线/馈电网络的加工与装配； 5、完成论证、设计与研制总结等文档的编写与归档。 任职要求： 1、电磁场与微波技术、电子信息工程、无线电物理等相关专业本科以上； 2、具备扎实的微波技术理论基础； 3、具备相控阵天线、馈电网络工程项目经验者优先； 4、具有良好沟通能力，团队合作精神，具备良好英文文献阅读能力。 工作地点 锦江区成都智芯雷通微系统技术有限公司1栋4楼 以担保或任何理由索要财物，扣押证照，均涉嫌违法。一经发现， 立即举报,"相控阵,天线设计",http://www.zhaopin.com/jobdetail/CC820843910J40355310111.htm?refcode=4019&srccode=401901&preactionid=12cff435-26eb-4e44-b835-87fa9121130a
天线射频工程师,浙江东润智禾电子科技有限公司,8000-10000元,西安·雁塔·丈八沟,Guangzhou,本科,1-3年,6月3日,zhilian,职位描述 天线设计 射频电路设计 射频设计 天线 通信/网络设备 物联网 一、工作职责 1、负责射频电路、天线相关硬件方案设计与开发，熟练使用Cadence、Altium Designer等工具完成射频、天线配套电路原理图绘制、器件选型及参数核对，匹配产品射频性能需求。 2、主导射频板、天线配套PCB的布局布线及层叠设计，重点把控射频信号阻抗匹配、信号隔离、串扰抑制，优化SI/PI性能，保障产品电磁兼容（EMC）及射频传输性能达标。 3、负责整机天线选型、仿真优化、布局调试，涵盖内置天线、外置天线的适配调试，解决天线驻波比、增益、辐射效率、隔离度等核心性能问题，优化整机无线通信性能。 4、完成射频硬件样机制作、上电调试及性能测试，熟练使用示波器、频谱仪、信号源、网络分析仪等专业设备，排查射频通路、天线匹配、干扰杂散等硬件故障，完成功能及射频性能验证。 5、制定射频模块、天线及整机无线性能测试方案，开展射频指标、通信性能、可靠性、EMC电磁兼容测试，记录测试数据、输出测试报告，闭环优化设计问题。 6、支持产品量产导入，梳理输出射频相关BOM清单、生产工艺规范、天线装配指引等技术文件，对接生产环节解决量产射频、天线相关异常，保障产品批量稳定性。 二、任职要求 1、电子信息、通信工程、射频微波、自动化、计算机等相关专业，本科及以上学历。 2、具备扎实的模电、数电、射频电路、微波原理、天线原理等专业基础，熟悉常用射频电路拓扑、阻抗匹配电路设计原理。 3、熟悉各类射频器件、天线器件的电气特性及应用场景，能够独立阅读英文器件 datasheet，精准把控器件参数适配场景。 4、掌握射频、天线核心测试方法，熟练使用网络分析仪、频谱仪等射频测试设备，具备独立调试、优化射频及天线性能的能力。 5、具备良好的逻辑思维能力、跨部门沟通能力和团队协作能力，能配合项目团队完成产品迭代、问题整改及项目落地。 6、优先条件：有物联网、无线通信、蓝牙、WiFi等产品天线调试、射频电路设计优化实战经验者优先。 工作地点 西安雁塔区绿地领海大厦A座2405 以担保或任何理由索要财物，扣押证照，均涉嫌违法。一经发现， 立即举报,"天线设计,射频电路设计,射频设计,天线",http://www.zhaopin.com/jobdetail/CCL1518346800J40865305910.htm?refcode=4019&srccode=401901&preactionid=12cff435-26eb-4e44-b835-87fa9121130a
天线工程师,酷赛通信科技股份有限公司,1.5-2.5万·13薪,西安·雁塔·杜城,Guangzhou,本科,5-10年,12月10日,zhilian,岗位职责： 1、负责天线评估，参与堆叠设计、PCB设计，对天线环境提出整改意见； 2、负责天线打样跟进，协调天现场调试工作，认证样机天线部分的挑样； 3、负责天线性能达标的跟进，天线样品测试跟进和优化； 4、负责生产过程中天线相关问题的解决. 任职要求 1、本科及以上学历，熟悉天线通信、电磁场等基础电路知识； 2、精通手机天线的设计、评估、调试； 3、熟练使用射频仪表. 优先考虑： 1、北美运营商项目开发经验； 2、5年以上相关工作经验； 3、良好的沟通能力和团队协作精神，工作主动，责任心强 职位福利：五险一金、绩效奖金、带薪年假、加班补助、定期团建、每年多次调薪、大牛带队 职位亮点：牛人带队 团队氛围好 工作地点 西安雁塔区泰维智链中心二期T1栋9楼 以担保或任何理由索要财物，扣押证照，均涉嫌违法。一经发现， 立即举报,"手机,天线",http://www.zhaopin.com/jobdetail/CCL1386872270J40368113408.htm?refcode=4019&srccode=401901&preactionid=12cff435-26eb-4e44-b835-87fa9121130a
天线工程师,湖南环球信士科技有限公司,1.2-2.4万·13薪,长沙·岳麓·麓谷,Guangzhou,本科,3-5年,7月24日,zhilian,职位描述 天线设计 射频电路设计 天线 传感器 物联网 通信/网络设备 职位类型： 技能要求：天线·电路设计·硬件开发 要求：本科及以上学历，天线、微波、电子信息、通信工程相关专业，2 年及以上北斗/卫星通信/物联网终端天线设计经验 职位描述： 1.负责北斗/GPS等定位和4G/蓝牙/Lora/卫星通信等通信（L/S/UHF 波段）天线的方案设计、仿真优化、样品调试与量产导入； 2.针对野生动物追踪终端（颈环/背负式/小型化设备），设计超轻、小型化、耐候天线，兼顾天线性能与野外环境稳定性； 3.独立完成天线电磁仿真（HFSS/CST/ADS）、匹配设计、方向图/增益/效率测试，输出天线设计报告与测试报告； 4.与射频、硬件、结构工程师协同，解决整机天线与射频链路匹配、EMI/EMC、多传感器共存干扰问题； 5.负责天线供应商选型、技术对接、样品认证与量产质量把控； 6.跟踪卫星导航/卫星通信天线新技术，持续迭代优化现有产品天线方案； 任职资格： 1. 熟练使用HFSS/CST/ADS等电磁仿真软件，熟练操作矢量网络分析仪、暗室/远场测试系统，能独立完成天线仿真—测试—优化闭环； 2. 熟悉天线阻抗匹配、宽频/多频设计、方向图优化、耐高低温/防水/抗振动设计，具备野外恶劣环境天线可靠性设计经验； 3.了解北斗/GPS、Lora、NB‑IoT、卫星通信（如铱星/北斗短报文）射频指标与天线接口要求； 4.具有良好的高频、射频及微波电子电路理论基础；； 5.工作严谨细致，有责任心，善于思考问题。 奖金绩效 项目奖金、年终奖、各项补贴 工作地点 长沙岳麓区环创企业广场B2栋1003/1004室 以担保或任何理由索要财物，扣押证照，均涉嫌违法。一经发现， 立即举报,"天线设计,射频电路设计,天线,传感器",http://www.zhaopin.com/jobdetail/CC265276580J40905262512.htm?refcode=4019&srccode=401901&preactionid=12cff435-26eb-4e44-b835-87fa9121130a
天线工程师,北京越享科技有限公司,1.5-2万,北京·朝阳·酒仙桥,Guangzhou,本科,1-3年,4月8日,zhilian,"岗位职责： 1、负责天线设计与开发，包括天线布局、设计、仿真。 2、负责波导、天线指标评估，设计，调试及测试； 3、根据产品设计要求，完成样机的试制、样机指标优化及评估报告输出； 4、引导和支持转产工作,生产线技术性问题的跟进及解决； 5、完成相关文档编写、签署和归档（设计报告、调试测试细则、测试报告、产品说明书等）； 任职要求： 1、本科及以上学历优先，电磁场与微波技术/电磁波传播与天线/电磁场与无线技术、电路与系统、无线物理学等相关工作经验； 2、能够独立完成天线单元设计，熟悉波导、功分器、耦合器、滤波器等无源器件设计，具有独立设计和解决问题能力； 3、熟练使用HFSS/ADS/CST等仿真软件以及网分仪等相关测试设备； 4、具备扎实的电磁场理论，掌握微波射频基础知识，熟悉天线、馈电网络基础知识，具备天线建模、仿真设计能力； 5、熟悉天线方向图测试原理，了解微波暗室相关的测试、校准； 6、熟练操作频谱仪、信号源、网络分析仪等仪器； 工作地点 北京朝阳区电子城·研发中心A2西侧6层 以担保或任何理由索要财物，扣押证照，均涉嫌违法。一经发现， 立即举报","天线设计,微波雷达,天线",http://www.zhaopin.com/jobdetail/CC642723530J40668484603.htm?refcode=4019&srccode=401901&preactionid=12cff435-26eb-4e44-b835-87fa9121130a
天线调试,广东通宇通讯股份有限公司,5000-8000元,中山·中山港街道,Guangzhou,大专,经验不限,7月23日,zhilian,职位描述 移动通信测试 性能测试 5G 4G 职责：利用仪器设备将天线调试到客户所需要的工况 要求： 1.高中或中专以上学历，现代通信技术、通信工程、电子信息、机械设计、自动化、模具、工业工程、质量管理工程等工科类专业专科以上优先； 2.能适应两班倒作业； 3.积极、主动，能吃苦，服从工作安排，团队协作意识，愿意从基层做起； 薪资：团队计件制，打系数，多劳多得，技能越熟练、效率越高，薪资越高。 工作地点 广东省中山市东二路1号东镇东二路1号 以担保或任何理由索要财物，扣押证照，均涉嫌违法。一经发现， 立即举报,"移动通信测试,性能测试,5G,4G",http://www.zhaopin.com/jobdetail/CC387783220J40866740707.htm?refcode=4019&srccode=401901&preactionid=12cff435-26eb-4e44-b835-87fa9121130a
天线工程师/射频工程师,深圳市佳志淳科技有限公司,1.1-2万,深圳·南山·西丽,Guangzhou,大专,1-3年,8月1日,zhilian,岗位职责： 1、具有扎实的天线理论和电磁场理论基础，熟悉与了解目前市场上常规主流天线的设计规范与流程。完成公司交给的天线评估、开发、调试和测试工作。 2、熟悉网络分析仪、8960、8820C、频谱仪等常用射频测试仪器的使用 3、精通各类型通讯产品2G/3G/4G天线调试及干扰问题处理。 4、了解天线领域的认证（CCC、CE、FCC、CTA）以及相关运营商OTA/SAR/HAC测试 5、支持工厂生产，解决生产测试过程中的天线射频问题，确保项目正常量产。 任职要求： 1、精通微波、射频、电路及天线理论，具有系统的无线通信专业基础知识本科及以上学历 2、2年以上天线设计开发经验，具有独立设计开发天线能力 3、熟练使用HFSS、ANSYS、CST等天线仿真软件 4 有LTE天线或POS机调试经验者优先 5、为人诚实，富有责任心，能吃苦耐劳。具有良好的沟通协调能力，能够与相关部门紧密合作。 工作地点 深圳南山区白芒村 以担保或任何理由索要财物，扣押证照，均涉嫌违法。一经发现， 立即举报,"天线,射频开发",http://www.zhaopin.com/jobdetail/CC304087230J40309935307.htm?refcode=4019&srccode=401901&preactionid=f5e68fb2-99ef-480c-8845-c9ab2000fddf
射频天线工程师,西安瑞新通微波技术有限公司,1.5-1.8万·13薪,西安·雁塔·丈八沟,Guangzhou,本科,经验不限,1月6日,zhilian,岗位职责: 1、主要负责微带天线、振子天线设计。 2、反射面天线及馈源组件设计。 3、结构件装配调试指导。 4、方案设计报告的编写、评估。 工作地点 陕西省西安市雁塔区锦业路71号(丈八六路地铁站D口步行220米) 以担保或任何理由索要财物，扣押证照，均涉嫌违法。一经发现， 立即举报,"天线设计,天线",http://www.zhaopin.com/jobdetail/CC263906280J40706160402.htm?refcode=4019&srccode=401901&preactionid=f5e68fb2-99ef-480c-8845-c9ab2000fddf
天线调试技术员,光启技术股份有限公司,7000-10000元,佛山·顺德·杏坛,Guangzhou,高中,经验不限,7月25日,zhilian,岗位职责： 1.严格执行直属领导安排的相关生产任务； 2.严格电装工序文件要求，利用相关设计或工具完成生产任务； 3.负责天线电装各工序的设备日常维护保养； 4.监控生产物料的使用，降低产品消耗； 任职要求： 1、高中及以上； 2、细心，动手能力及学习能力强，有强烈的责任心； 3、熟悉焊接工艺，能根据电路图完成焊接工作； 4、具备天线及电子产品组装及调试相关工作经历； 5、较强的动手能力。 6、能够接受夜班。 工作地点 顺德区佛山顺德光启尖端装备有限公司 以担保或任何理由索要财物，扣押证照，均涉嫌违法。一经发现， 立即举报,无线通信运维,http://www.zhaopin.com/jobdetail/CC526342880J40656882806.htm?refcode=4019&srccode=401901&preactionid=f5e68fb2-99ef-480c-8845-c9ab2000fddf
雷达天线设计工程师（校招）,安徽雷图科技有限公司,1.2-2.4万·13薪,合肥·肥西·桃花,Guangzhou,本科,经验不限,7月18日,zhilian,岗位职责： 1.前沿新体制智能化相控阵天线系统研究； 2.超宽带、低剖面、轻量化天线辐射阵面设计； 3.高效率天线波束赋型优化算法研究； 4.星载/机载/预研项目天线子系统研制。 奖金绩效 早九晚六、双休、五险一金 、餐补 、交补、租房补贴 工作地点 合肥市-肥西县-创新大道666号 以担保或任何理由索要财物，扣押证照，均涉嫌违法。一经发现， 立即举报,"天线设计,雷达信号处理,相控阵天线,HFSS",http://www.zhaopin.com/jobdetail/CCL1484623090J40906213415.htm?refcode=4019&srccode=401901&preactionid=f5e68fb2-99ef-480c-8845-c9ab2000fddf
天线测试工程师,雄安科技产业园开发管理有限公司,1-2万,保定·雄县·昝岗,Guangzhou,本科,3-5年,7月23日,zhilian,职位描述 卫星 天线测试 电磁场与微波 工作职责： 负责平面近场、远场或紧缩场天线测试系统的操作、维护与数据分析，精确测量卫星天线的方向图、增益、极化、驻波比等关键电性能参数等。 任职要求： 1. 电磁场与微波/天线相关专业； 2. 精通平面近场测量技术； 3. 熟悉天线参数测试标准及自动化测试系统； 4. 具备探头校准和方向图分析经验。 补充说明： 特别优秀的，条件可适当放宽。 工作地点 保定雄县雄安新区科创中心中试基地 以担保或任何理由索要财物，扣押证照，均涉嫌违法。一经发现， 立即举报,"卫星,天线测试,电磁场与微波",http://www.zhaopin.com/jobdetail/CCL1474970610J40875475610.htm?refcode=4019&srccode=401901&preactionid=f5e68fb2-99ef-480c-8845-c9ab2000fddf
天线工程师,四川润英达电子科技有限公司,1.5-3万·13薪,深圳·南山·西丽,Guangzhou,本科,3-5年,7月14日,zhilian,岗位职责： 1、主要负责GNSS导航天线产品项目开发。包括但不限于：客户需求分析评估、天线技术方案制定、仿真优化、方案评审、样品调测、相关技术文档和资料输出； 2、为营销中心、客户提供技术支持，对客户与设计相关的投诉问题进行分析，并输出问题分析报告； 3、开展行业分析和研究，定期检索并分析天线领域的新专利、文献以及友商产品，输出各类分析报告； 4、完成上级交办的其它工作。 任职要求： 1、电磁场电磁波、通信工程、电子信息等相关专业，本科及以上学历； 2、熟悉如微带天线、螺旋天线、振子天线、波导缝隙等形式的天线设计，对常见天线的基本原理有较好的理解，有GNSS天线设计经验优先； 3、熟悉微波天线相关基础理论与性能，熟悉相关开发流程与技术经验； 4、熟悉微波电路、电磁仿真软件操作，如HFSS、CST、AD等工具软件，熟悉射频测试设备，如：网络分析仪、信号源、频谱仪等； 工作地点 深圳南山区TCL科学园国际E城西区-G4栋 以担保或任何理由索要财物，扣押证照，均涉嫌违法。一经发现， 立即举报,天线设计,http://www.zhaopin.com/jobdetail/CC855606650J40788008006.htm?refcode=4019&srccode=401901&preactionid=f5e68fb2-99ef-480c-8845-c9ab2000fddf
网优工程师,深圳市金吉通电子科技有限公司,1.1-1.2万,深圳·罗湖·黄贝,Guangzhou,本科,经验不限,7月20日,zhilian,职位描述 无线网 5G LTE 终端网络性能优化 网络问题根因定位 跨团队协作推进 工作职责： 1. 负责消费电子终端（如智能硬件、可穿戴设备）的无线网络性能优化，包括Wi-Fi、蓝牙、蜂窝网络等模块。 2. 分析终端在不同场景下的网络连接问题，通过抓包、日志分析等手段定位根因并输出优化方案。 3. 与硬件、软件团队协作，推动网络性能优化方案的落地与验证，提升产品的网络稳定性与用户体验。 4. 建立网络性能测试标准与评估体系，持续监控产品网络指标，输出性能报告并驱动迭代。 任职要求： 1. 本科及以上学历，通信工程、电子信息、计算机等相关专业。 2. 熟悉无线通信协议（802.11系列、蓝牙、LTE/5G），掌握网络优化的基本原理与方法。 3. 具备终端网络问题分析经验，能熟练使用Wireshark、TCPdump等工具进行抓包分析。 4. 有消费电子/智能硬件行业经验者优先，了解终端射频设计与天线性能者优先。 5. 具备较强的问题解决能力与跨团队协作能力，能独立推进复杂网络问题的解决。 工作地点 深圳罗湖区东湖二路 以担保或任何理由索要财物，扣押证照，均涉嫌违法。一经发现， 立即举报,"无线网,5G,LTE,终端网络性能优化,网络问题根因定位,跨团队协作推进",http://www.zhaopin.com/jobdetail/CC362714310J40875832610.htm?refcode=4019&srccode=401901&preactionid=f5e68fb2-99ef-480c-8845-c9ab2000fddf
天线工程师--GNSS、RTK、高精度天线,一丁人力资源(深圳)有限公司,2.6-4.5万,深圳·南山·桃源,Guangzhou,大专,3-5年,7月1日,zhilian,岗位职责 1、负责GNSS天线产品及部件的开发，含有源GNSS天线等； 2、根据项目开发进度和任务分配，完成研发项目图纸及技术资料等设计文件的编制输出； 3、跟进并指导天线产品中试及小批量生产、转产； 4、跟进天线产品生命周期的质量控制及异常处理，提供技术支持； 任职要求 1、本科及以上学历，3年以上行业工作经验，电子通信、电子技术等相关专业，掌握电磁场理论，天线理论，熟悉GNSS天线技术指标； 2、精通HFSS、ADS等仿真分析技术验证软件； 3、具备GNSS天线仿真经验； 4、熟练使用EDA（PCB作图软件）工具≥1种，具备高级功能使用能力； 5、具备单板级电路设计、调测和优化能力； 6、独立完成硬件技术文档编写； 7、能吃苦耐劳，具有较强的责任感、执行力和团队协作精神 工作地点 深圳南山区高发科技园三号楼 以担保或任何理由索要财物，扣押证照，均涉嫌违法。一经发现， 立即举报 客户,"天线,天线设计,毫米波雷达,微波雷达,GNSS、RTK天线",http://www.zhaopin.com/jobdetail/CCL1469444060J41019198904.htm?refcode=4019&srccode=401901&preactionid=f5e68fb2-99ef-480c-8845-c9ab2000fddf
高级天线工程师,华勤技术股份有限公司,面议,南昌·南昌县·昌东,Guangzhou,本科,3-5年,7月25日,zhilian,岗位职责 1、负责智能穿戴产品天线相关设计方案的可行性分析、方案落地及整体实施工作，贴合穿戴设备小型化、低功耗、高集成的产品特性完成射频方案设计； 2、搭建并完善智能穿戴产品天线开发规范与开发流程，独立完成项目全周期技术文档输出与评审工作，包含测试数据、性能分析报告、量产技术文档等，保障研发流程标准化、规范化； 3、负责天线类新供应商、新型元器件的选型、测试、评估与导入工作，对比各类天线器件适配性，筛选符合智能穿戴产品性能、成本、量产要求的元器件及供应链资源； 4、联动结构、生产、测试、软件等跨部门团队，同步产品研发进度，配合完成结构堆叠、整机调试、样机验证等工作，保障产品研发、试产节点按期达成，落地项目各项性能与量产目标； 5、负责产品量产后天线相关技术支持与产线维护工作，快速定位、分析并解决量产过程中出现的射频性能异常、信号干扰、接收灵敏度不达标等各类技术问题，保障产线稳定生产； 6、为公司各业务部门提供专业的天线技术咨询与技术支持，配合产品迭代优化、客户问题答疑、新品预研等相关技术工作。 任职要求 1、本科及以上学历，电子工程、通信工程、微波与射频、电磁场与无线技术等相关专业； 2、精通射频系统原理，熟练掌握射频电路、天线的设计、仿真、调试及优化方法，深入了解各类射频模块特性、数字通信协议及无线信号传输原理，熟悉智能穿戴产品射频设计要点者优先； 3、具备优秀的跨部门沟通能力与团队协作意识，工作严谨负责，具备较强的问题分析、攻坚能力，善于学习新技术、新思路，具备良好的技术创新与落地能力； 4、熟练使用矢量网络分析仪、CMW500、GTS18000等射频、天线测试设备； 5、可熟练阅读英文技术资料，具备英语口语沟通能力者优先； 3、有智能穿戴设备（手环、手表、智能穿戴终端等）天线研发相关工作经验者优先。 工作地点 南昌县南昌勤胜电子科技有限公司 以担保或任何理由索要财物，扣押证照，均涉嫌违法。一经发现， 立即举报,"天线设计,智能穿戴,手机",http://www.zhaopin.com/jobdetail/CC134743140J40855223707.htm?refcode=4019&srccode=401901&preactionid=f5e68fb2-99ef-480c-8845-c9ab2000fddf
射频天线工程师,西安航捷电子科技有限公司,1.8-2.5万,西安·雁塔·丈八沟,Guangzhou,本科,3-5年,1月24日,zhilian,职位描述 射频 电磁场 通信工程 HFSS 天线设计 射频电路设计 天线 微波雷达 计算机软件 计算机硬件 任职要求 1. 本科以上学历，电磁场与微波技术电子与通信工程相关专业； 2. 有相控阵天线、阵子天线、高频天线的研制经历； 3. 能够熟练运用HFSS或CST、FEKO等电磁仿真软件进行天线的设计与仿真； 4. 负责绘制产品电路原理图，元器件选型等工作； 5. 负责产品模块的设计、调试、测试； 6. 编写产品调试、测试报告； 7. 熟练操作频谱仪、信号源、矢量网络分析仪等测试仪器设备； 8. 熟悉PCB设计软件，熟练使用PADS/Candence/AD9等PCB设计软件，熟练使用种射频电路仿真软件如ADS。 职位福利：五险一金、绩效奖金、交通补助、餐补、通讯补助、高温补贴、带薪年假 工作地点 西安雁塔区科技六路29号B座1402 以担保或任何理由索要财物，扣押证照，均涉嫌违法。一经发现， 立即举报,"射频,电磁场,通信工程,HFSS,天线设计,射频电路设计,天线,微波雷达",http://www.zhaopin.com/jobdetail/CCL1318282040J40248909910.htm?refcode=4019&srccode=401901&preactionid=f5e68fb2-99ef-480c-8845-c9ab2000fddf
射频助理工程师,成都市卫莱科技有限公司,3000-6000元,成都·郫都·犀浦,Guangzhou,本科,经验不限,7月17日,zhilian,职位描述 射频电路设计 射频仿真 射频测试 射频元器件选型验证 测试数据整理分析 可靠性测试支持 工作职责 1. 协助射频工程师完成产品的射频电路设计、仿真与测试工作，包括原理图绘制、PCB布局辅助等。 2. 负责射频测试环境搭建，操作频谱分析仪、网络分析仪等仪器，执行信号发射/接收、功率、灵敏度等性能测试。 3. 整理测试数据并生成报告，协助分析问题并提出优化建议，跟进问题解决进度。 4. 参与射频元器件的选型与验证，协助完成样品的可靠性测试与小批量生产支持。 任职要求 1. 本科及以上学历，电子信息工程、通信工程、电磁场与微波技术等相关专业。 2. 掌握射频基础理论，熟悉微波电路原理、传输线理论及天线基础知识。 3. 能熟练操作常用射频测试仪器（如频谱仪、网络分析仪、信号源），具备基本的数据处理与分析能力。 4. 了解Altium Designer等PCB设计软件，有射频电路设计或测试实习经验者优先。 5. 具备良好的学习能力与团队协作精神，能快速掌握新工具与技术。 工作地点 成都郫都区汇都总部园1期-5栋3单元6楼 以担保或任何理由索要财物，扣押证照，均涉嫌违法。一经发现， 立即举报,"射频电路设计,射频仿真,射频测试,射频元器件选型验证,测试数据整理分析,可靠性测试支持",http://www.zhaopin.com/jobdetail/CCL1209775170J40956253515.htm?refcode=4019&srccode=401901&preactionid=f5e68fb2-99ef-480c-8845-c9ab2000fddf
TWS耳机硬件工程师,湖南加一声学科技有限公司,8000-13000元,株洲·攸县·江桥街道,Guangzhou,大专,3-5年,7月24日,zhilian,岗位职责： 1、负责TWS耳机主板、电源、充电盒、电池保护、蓝牙射频、麦克风、扬声器驱动、ANC/ENC相关硬件方案设计； 2、完成原理图、PCB评审、BOM选型、样机调试、可靠性验证、量产异常分析； 3、配合软件、声学、结构完成整机性能优化； 4、处理EMC、ESD、RF、功耗、充电、续航等问题 用人标准： 1、大专及以上，电子、通信、自动化等专业； 2、3年以上消费电子硬件经验，优先TWS/蓝牙音频/智能穿戴经验； 3、熟悉蓝牙SoC、充电IC、电池保护、麦克风、喇叭、FPC、天线匹配； 4、能使用示波器、频谱仪、网络分析仪、电源分析仪等； 5、具备从EVT/DVT/PVT到量产导入经验。 工作地点 株洲返乡创业园加一声学（攸县）有限公司 以担保或任何理由索要财物，扣押证照，均涉嫌违法。一经发现， 立即举报,"半导体/芯片,消费电子/智能硬件",http://www.zhaopin.com/jobdetail/CCL1256938710J40861603710.htm?refcode=4019&srccode=401901&preactionid=f5e68fb2-99ef-480c-8845-c9ab2000fddf
通信网优工程师（太原）,广州瀚信,100-120元/天,太原·迎泽·桥东,Guangzhou,大专,经验不限,6月25日,zhilian,岗位职责】 1、进行道路、干线等测试优化，完成DT/CQT数据采集及分析，并撰写分析报告，提出日常网络优化方案； 2、负责日常的室分测试，场景测试，天线调整等 3、完成投诉工单处理、回复、沟通等工作； 4、在实习过程中掌握GSM、LTE、WCDMA 、5G测试优化技巧，获得大型通信保障经验 【任职要求】 1、大专或以上学历实习生，通信工程、计算机、电子通信等相关专业 2、能在毕业前全职实习，无频繁或长时间请假者 3、能吃苦耐劳，具备良好的沟通及学习能力 4、熟悉计算机操作，熟练运用WORD、EXCEL等软件。 工作地点 山西省太原市迎泽区并州北路2号太原市迎泽区并州北路2号 以担保或任何理由索要财物，扣押证照，均涉嫌违法。一经发现， 立即举报,"4G,5G,无线网,移动网",http://www.zhaopin.com/jobdetail/CC158446010J40860320814.htm?refcode=4019&srccode=401901&preactionid=f5e68fb2-99ef-480c-8845-c9ab2000fddf
天线设计师/天线工程师,航天南湖电子信息技术股份有限公司,1.1-2.2万,荆州·沙市区·解放街道,Guangzhou,本科,经验不限,7月15日,zhilian,职位描述 研发 硬件研发 无线通信 数据通信 1. 开展天馈分系统及内部各单元、分机的论证和研制工作； 2. 完成天馈分系统内部各单元（组件）、分机的功能分配、技术指标分配、结构布局及分系统接口设计等工作； 3. 完成天馈分系统的主要功能、性能指标的测试、试验和研制； 4. 完成系统各单元（组件）的图纸和技术文件的编写和归档； 5. 完成整机分系统联调联试。 行业：上市公司、电子信息、行业前三甲 福利：股权激励、五险一金、人才补助、节日福利、生日福利、工作餐补、免费住宿、健身房、职工书屋、带薪休假、定期体检、职工团建、文体活动等 工作地点 荆州沙市区航天南湖电子信息技术股份有限公司江津东路9号 以担保或任何理由索要财物，扣押证照，均涉嫌违法。一经发现， 立即举报,"研发,硬件研发,无线通信,数据通信",http://www.zhaopin.com/jobdetail/CC539376630J40678267616.htm?refcode=4019&srccode=401901&preactionid=f5e68fb2-99ef-480c-8845-c9ab2000fddf
射频助理工程-四川广安,四川添霖科技有限公司,4000-7000元,广安·广安区·官盛镇,Guangzhou,本科,经验不限,6月25日,zhilian,职位描述 基站 天线 HFSS 电子信息工程 射频设计 射频测试 网分 通信/网络设备 职位描述 工作内容: 1、负责新产品的设计、调试、并同结构工程师一起完成产品的设计方案。 2、对接客户新项目可行性分析及，技术总结文档的编写及方案的输出。 3、完善产品天线设计的问题，改进产品的设计。 4、探寻业界天线设计动态，积极学习新应用对天线的要求及技术规范。 任职要求: 1、电子信息工程/通信工程/电磁场与无线技术等相关专业，可接受优秀的应届毕业生。 2、能够熟练使用CAD/HFSS/ADS/CST中一种或多种软件。 3、对天线行业感兴趣。 4、具有较强的动手能力，具有强烈的进取心、团队合作精神， 5、 具备优秀的解决问题的能力，能够在压力下保持冷静，找到有效的解决方案。 6、有天线行业设计仿真经验优先。 工作地点 广安区四川爱众(广安)新能源智慧产业园南浔大道7号爱众新能源智慧产业园1栋3层 以担保或任何理由索要财物，扣押证照，均涉嫌违法。一经发现， 立即举报,"基站,天线,HFSS,电子信息工程,射频设计,射频测试,网分",http://www.zhaopin.com/jobdetail/CCL1390769390J40788994401.htm?refcode=4019&srccode=401901&preactionid=f5e68fb2-99ef-480c-8845-c9ab2000fddf
天线工程师,云尔(天津)科技发展有限公司,7000-8000元,天津·西青·张家窝,Guangzhou,硕士,经验不限,7月21日,zhilian,岗位职责 1、负责天线、雷达产品电磁仿真设计、参数优化，依托电磁场、微波相关理论，保障产品各项性能指标达标。 2、开展整机热力学、力学、结构强度、防护性能仿真校核，保障产品结构可靠性与环境适应性。 3、负责产品机械结构设计，完成三维建模、二维出图、BOM编制及工装设计，跟进生产装配，解决结构问题并迭代优化。 4、配合产品测试验证，对比仿真与实测数据，分析问题并输出优化方案，规范撰写各类技术、仿真及测试文档。 5、跟进雷达、通信行业技术趋势，持续优化产品结构与仿真方案。 二、任职要求 1、硕士及以上学历，电磁场与微波技术、通信工程、机械自动化等相关专业，有天线、雷达相关经验者优先。 2、熟悉电磁场、天线、微波相关理论，掌握产品仿真设计方法，熟练使用相关仿真、测试设备。 3、熟练使用AutoCAD，掌握UG、SolidWorks任意一款三维建模软件，可独立完成结构设计与出图工作。 4、具备材料力学、热力学、密封防护、耐腐蚀耐水压相关基础，有热力、力学仿真经验优先。 5、具备良好的问题解决能力、沟通协作能力，有现场工作经验者优先。 6、可接受实习，能够尽快到岗。 工作地点 天津西青区联东U谷·云创中心2号楼2门301 以担保或任何理由索要财物，扣押证照，均涉嫌违法。一经发现， 立即举报,"结构仿真,力学仿真",http://www.zhaopin.com/jobdetail/CCL1449075000J40896102103.htm?refcode=4019&srccode=401901&preactionid=f5e68fb2-99ef-480c-8845-c9ab2000fddf
天线调试员,广东通宇通讯股份有限公司,5000-8000元,中山·中山港街道,Guangzhou,高中,经验不限,7月16日,zhilian,职位描述 调试 性能测试 职责：将天线调试到客户需要的工况 要求： 1.高中或中专以上学历，现代通信技术、通信工程、电子信息、机械设计、自动化、模具、工业工程、质量管理工程等工科类专业优先； 2.积极、主动，能吃苦，能适应两班倒，服从工作安排，有团队协作意识，愿意从基层做起； 薪资：团队计件制，多劳多得，技能越熟练、效率越高，收入越高。 工作地点：广东中山火炬区东镇东二路1号 面试联系电话：*********** 工作地点 中山广东通宇通讯股份有限公司火炬开发区东镇东二路1号 以担保或任何理由索要财物，扣押证照，均涉嫌违法。一经发现， 立即举报,"调试,性能测试",http://www.zhaopin.com/jobdetail/CC387783220J40789101207.htm?refcode=4019&srccode=401901&preactionid=6a13099e-1e66-460e-a148-66c377f66815
电子工程师助理,成都北斗天线工程技术有限公司,4000-7000元,成都·郫都·合作街道,Guangzhou,本科,经验不限,7月14日,zhilian,职位描述 射频开发 通信/网络设备 半导体/芯片 职位描述：1、协助设计人员进行天线仿真测试。2、协助进行计划安排、进度控制、计划调整等工作。3、天线设计工作。 岗位要求：1、了解或会使用HFSS软件。2、电子信息等相关专业。3、理论基础较好。4、踏实能干。 5、有设计、研发意向，学习能力强。 注：如有丰富的工作经验或项目管理经验，能力出众，职位可面议。 职位福利：年底双薪、绩效奖金、加班补助、全勤奖、带薪年假、定期体检、通讯补助、弹性工作 工作地点 四川省成都市郫都区百草路898号911室 以担保或任何理由索要财物，扣押证照，均涉嫌违法。一经发现， 立即举报,射频开发,http://www.zhaopin.com/jobdetail/CC266755080J40413036303.htm?refcode=4019&srccode=401901&preactionid=6a13099e-1e66-460e-a148-66c377f66815
天线调试工程师,深圳合翊讯科技有限公司,1.5-3万·13薪,深圳·宝安·西乡,Guangzhou,大专,3-5年,7月18日,zhilian,"岗位职责： 1、平板，耳机，智能家居天线调试，（陶瓷,FPC,地磁，433，2/3/4/5G），积极配合相关部门及人员，确保项目按期、按质完成; 2、消化产品需求表，选择合理的硬件方案，输出具体的技术要求及指标; 3、负责跟进产品工程样品、试产、量产三个阶段的工作，如线路及PCB板设计、PCBA堆叠评估、样品制作、调试评估、改善方案、测试治具、检测标准等； 4、负责输出线路图、PCB、BOM、贴片资料、电子规格书、元件确认书、测试标准等设计文档及标准规格； 5、负责跟进生产及客诉问题，持续改善产品生产效率及质量，降低客诉，不定期输出修机报告； 6、持续学习，总结经验教训，提高技术及项目管理水平。 任职要求： 1、 电子、自动化等相关专业。 2、3年以上天线工程师岗位经验； 3、独立完整跟进过项目，熟悉电子产品开发、调试流程经验者优先； 4、熟练使用至少一种射频仿真软件（如ADS、HFSS、CST等），能够运用软件进行电路仿真和优化 。 5、有产品认证经验者优先； 6、具备良好的沟通能力和团队协作精神，能够与不同部门的人员有效沟通，共同解决技术难题 。 奖金绩效 年底双薪，年终福利 工作地点 深圳宝安区九方广场2栋1903 以担保或任何理由索要财物，扣押证照，均涉嫌违法。一经发现， 立即举报","天线设计,射频开发,射频仿真,手机,耳机,智能家居,平板",http://www.zhaopin.com/jobdetail/CCL1488438810J40597191806.htm?refcode=4019&srccode=401901&preactionid=6a13099e-1e66-460e-a148-66c377f66815
天线工程师,盛纬伦(深圳)通信技术有限公司,8000-12000元,成都·金牛·合作街道,Guangzhou,本科,1-3年,2月18日,zhilian,岗位职责： 1. 天线阵面论证设计，测试调试。 2. 馈电网络设计论证调试 3. 参与整机方案论证 4. 完成天线各个阶段相关文档撰写等工作 。 工作地点 成都金牛区中国电科航电产业园4号楼101 以担保或任何理由索要财物，扣押证照，均涉嫌违法。一经发现， 立即举报,"毫米波雷达,天线设计",http://www.zhaopin.com/jobdetail/CC886686440J40644530214.htm?refcode=4019&srccode=401901&preactionid=6a13099e-1e66-460e-a148-66c377f66815
通信工程师,哈尔滨军科科技有限公司,5000-10000元,哈尔滨·松北·万宝,Guangzhou,本科,经验不限,7月6日,zhilian,职位描述 通信工程师 公司简介： 黑龙江一点科技有限公司是从事微波和通信产品研发与生产的高科技公司。地处哈尔滨高新区，总投资2600万元。五轴等加工中心27台，测试和检测设备15台，员工56人，技术人员有外籍院士1人，研究员1人，博士4人。通过提供完全自主可控的创新技术与完整的产品解决方案，为各类客户提供一站式量身定制的优质产品和一流的技术服务。 公司主要产品包括各种微波无源器件及天线的设计、生产和系统配套服务。微波器件包括波导元件、同轴元件、各种规格的微波天线，以及高频低损耗电缆组件等，覆盖频率1GHz-500GHz。公司的产品被广泛应用于航天、航空、雷达、通信、军事和医疗等领域。公司重点发展高端高频高精密无源微波器件，做到引领行业内技术发展方向。全力以赴地追求高品质无源微波器件产品。提升企业价值，精心打造从生产到服务全环节的质量保障体系，保证向客户呈现优质且富有竞争力的产品与解决方案； 宗旨：可持续发展，以人为本，协作共赢，客户满意。 公司愿景：成为全球领先的高品质微波无源器供货商，为民族基础工业做贡献。 1. 本科以上，通讯及机电专业优先； 2. 负责产品测试; 3. 负责模型设计，仿真分析; 4. 负责制作产品说明书和选型样本; 5. 负责产品技术文件归档(正式启动文件归档); 6. 协助市场部进行产品报价; 7. 负责解答基本技术问题; 8. 完成主管领导交付的临时工作; 工作地点 黑龙江省哈尔滨市松北区巨宝三路1299号(万鑫石墨谷产业园区内) 以担保或任何理由索要财物，扣押证照，均涉嫌违法。一经发现， 立即举报,通信工程师,http://www.zhaopin.com/jobdetail/CCL1303015370J40713248407.htm?refcode=4019&srccode=401901&preactionid=6a13099e-1e66-460e-a148-66c377f66815
西安公司技术助理（天线射频方向）,浙江诺益科技有限公司,6000-8000元·13薪,杭州·滨江·浦沿,Guangzhou,本科,1-3年,7月24日,zhilian,岗位职责 1. 测试执行： 根据测试方案，独立完成天线、射频器件、微波组件的性能测试，包括但不限于驻波比、增益、方向图、隔离度、插入损耗等指标的测量与记录； 2. 数据与报告： 整理测试数据，按规范撰写测试报告，对异常数据及时向技术副总汇报并协助排查； 3. 项目支持： 配合技术副总完成项目中的技术验证、测试方案编制、暗室环境搭建等辅助工作； 4. 技术文档： 协助编制和维护项目技术文档、测试规范、操作手册等； 5. 跨部门协作： 与总部技术部、项目交付部保持沟通，确保测试数据与项目进度同步。 任职要求 必备条件： • 本科及以上学历，电磁场与微波技术、电子信息工程、通信工程等相关专业 • 1年以上天线射频或微波实验室测试工作经验 • 熟练操作矢量网络分析仪、频谱分析仪、信号发生器中至少两种 • 理解天线/射频基本指标（S参数、驻波比、增益、方向图等）的测试原理 • 具备良好的数据整理和报告撰写能力 工作地点 浙江省杭州市滨江区德信AI产业园C座3B层 以担保或任何理由索要财物，扣押证照，均涉嫌违法。一经发现， 立即举报,"射频电路设计,射频测试,微波雷达,毫米波雷达,发射机",http://www.zhaopin.com/jobdetail/CC521558730J40788121306.htm?refcode=4019&srccode=401901&preactionid=6a13099e-1e66-460e-a148-66c377f66815
天线工程师,泰州苏中天线集团有限公司,7000-14000元·14薪,泰州·高港区·口岸街道,Guangzhou,本科,1-3年,7月25日,zhilian,职位描述 天线设计 射频仿真 天线 天线原型制作测试 整机系统集成调试 行业技术趋势跟踪 工作职责 1. 负责天线产品的方案设计、仿真验证及性能优化，确保满足产品的射频指标要求。 2. 主导天线原型制作与测试工作，分析并解决测试过程中出现的信号干扰、增益不足等问题。 3. 与硬件、射频团队协作，完成天线与整机系统的集成调试，保障产品的通信性能。 4. 跟踪行业技术趋势，引入新的设计方法与材料应用，提升天线产品的竞争力。 任职要求 1. 本科及以上学历，电磁场与微波技术、通信工程等相关专业。 2. 掌握HFSS、CST等主流天线仿真工具，具备扎实的射频理论基础与天线设计经验。 3. 熟悉天线测试流程，能独立操作网络分析仪、频谱分析仪等测试设备。 4. 具备较强的问题分析能力，能快速定位并解决天线设计与生产中的技术问题。 5. 有半导体/芯片行业天线设计经验或量产项目经验者优先。 工作地点 高港区泰州苏中天线集团有限公司 以担保或任何理由索要财物，扣押证照，均涉嫌违法。一经发现， 立即举报,"天线设计,射频仿真,天线,天线原型制作测试,整机系统集成调试,行业技术趋势跟踪",http://www.zhaopin.com/jobdetail/CC222802710J40988618502.htm?refcode=4019&srccode=401901&preactionid=6a13099e-1e66-460e-a148-66c377f66815
天线工程师,成都华芯天微科技有限公司,1.5-3万,成都·成华·龙潭,Guangzhou,本科,3-5年,7月25日,zhilian,职位描述 相控阵天线 半导体/芯片 工作内容： 1. 负责天线/馈电的仿真、设计； 2. 负责各种阵列布局与组合、波束赋形的算法研究； 3. 编写方案设计报告与研制总结； 4. 对整机的生产、测试进行跟进，执行专题攻关任务。 任职要求： 1. 本科以上学历，电磁场与微波技术、无线电物理等相关专业，具有扎实的电磁场理论知识和阵列天线设计经验，； 2. 熟悉相控阵天线整机架构，掌握常用的工艺知识； 3. 精通专业设计软件、测试设备的操作； 4. 了解GJB9001C-2017质量管理体系知识； 5. 2年以上天线/馈电设计工作经验，可接纳硕士及以上优秀应届生； 6. 健康的体魄，充沛的精力，强烈的责任心，良好的亲和力及执行力。 公司简介： 创立于2019年1月，专注于微波毫米波频段的天线、组件、芯片等领域的设计、开发、生产、销售、服务于一体的高新技术企业。拥有一支长期从事微波毫米波产品研发、生产、销售的高素质专业团队，核心团队拥有毫米波领域超过十年的从业经验。公司已掌握多种关键技术，主要有毫米波频段SIP集成技术、多通道RFIC/MMIC 相关设计技术、相控阵天线集成技术、大功率瓦片式散热技术等。 福利待遇： 1.转正后工资可观，每月工资准时发！ 2.绩效奖金，年终奖金！ 3.七险一金（社保+商业保险+补充医疗险+公积金）； 4.带薪假期：法定假、婚假、产假、陪产假、年假、全薪病假等； 5.免费工作餐、加班餐； 6.加班交通费； 7.其它福利： 1）健康体检、婚育礼金、节日福利； 2）生日会、部门聚餐、公费旅游； 3）年会、体育活动。 工作地址：成都市成华区航天路99号金地威新·成华创新基地5C幢 工作地点 成华区成都华芯天微科技有限公司 以担保或任何理由索要财物，扣押证照，均涉嫌违法。一经发现， 立即举报,相控阵天线,http://www.zhaopin.com/jobdetail/CC848403780J40298639703.htm?refcode=4019&srccode=401901&preactionid=6a13099e-1e66-460e-a148-66c377f66815
FPGA工程师,西安艾尚智汇电子科技有限公司,1-2万,西安·长安·韦曲,Guangzhou,本科,1-3年,7月24日,zhilian,"岗位职责： （1） 负责相控阵天线波控算法，相关接口以及相关协议的设计以及调试； （2） 负责FPGA方案的设计，协助器件选型，进行FPGA单元架构设计并撰写设计文档； （3） 负责Verilog HDL代码设计，功能仿真，资源优化和时序分析； （4） 负责与软，硬件工程师协作，进行与FPGA相关的相控阵系统联试，测试等工作产品联调，测试； （5） 参与项目需求分析，进行产品定义，算法实现，系统功能分解等工作。 任职要求： （1） 电子，通信，自动化等相关专业，本科学历及以上，两年以上工作经验； （2） 熟练掌握Verilog HDL，有良好的编码风格，掌握仿真及时序优化方法，有一定的算法设计经验； （3） 熟练使用主流厂商Xilinx或Altera等大规模FPGA芯片，可独立进行调试； （4） 精通ISE,QUARTUS或Vivado等相关软件及调试工具； （5） 掌握高速接口协议(204B,204C,AURORA)及其他接口(SPI,I2C,UART,AXI4,G/10G Ethernet)原理及调试方法； （6） 熟悉常用高速ADC,DAC及时钟芯片的配置方法； （7） 掌握常用数字信号处理模块(DUC,DDC,NCO移频，数字滤波器等)的设计及开发调试； （8） 熟悉常用通信，雷达信号处理或相控阵波束控制算法及其实现者优先考虑； （9） 掌握MATLAB等其他仿真软件优先考虑； （10） 具有良好的文档编写能力； （11） 沟通能力强，敬业，有上进心，有良好的团队合作精神。 工作地点 西安长安区秦创原·航天新经济科技园 以担保或任何理由索要财物，扣押证照，均涉嫌违法。一经发现， 立即举报","Verilog HDL,精通MATLAB等仿真软件",http://www.zhaopin.com/jobdetail/CC606054880J40776221606.htm?refcode=4019&srccode=401901&preactionid=6a13099e-1e66-460e-a148-66c377f66815
天线测试工程师,西安克拉克通信科技有限公司,6000-12000元,西安·长安·韦曲,Guangzhou,本科,1-3年,4月16日,zhilian,岗位职责： 1.负责通信天线产品的测试和调试工作； 2.配合研发人员解决在产品研发过程中出现的技术问题； 3.编写相关产品的测试文档； 4.天线测试场相关设备和场地的维护。 5.能适应出差，对天线设备进行售后服务等技术支持工作。 任职要求： 1.通信、电子等相关专业本科及以上学历； 2.熟悉通信天线及微波器件相关工作原理； 3.熟练使用频谱分析仪、网络分析仪等相关测试仪器； 4.具有良好的团队合作意识及责任心。 职位福利：五险一金、绩效奖金 工作地点 长安区西安航天城第二小学(北门)航天基地航新路军民融合创新园B区6号楼 以担保或任何理由索要财物，扣押证照，均涉嫌违法。一经发现， 立即举报,"信号测试,基站测试,卫星通信天线整机测试",http://www.zhaopin.com/jobdetail/CC667768520J40372492708.htm?refcode=4019&srccode=401901&preactionid=6a13099e-1e66-460e-a148-66c377f66815
天线工程师,天府无线智能研究院,面议,成都·郫都·合作街道,Guangzhou,硕士,经验不限,6月10日,zhilian,岗位职责】 1、天线系统设计：根据客户需求进行需求分析及决策，进行天线系统的方案架构设计及规格制定； 2、天线部件开发设计：利用计算机仿真软件，对天线单元阵列、馈电网络等部件进行仿真和优化设计； 3、天线测试：制定天线的测试策略，对天线进行测试和验证，包括天线参数测试、天线辐射测试、天线阻抗测试等，确保天线系统的性能符合设计要求； 4、天线新技术预研：跟进天线技术的最新发展，进行新技术预研。 5、从事相控阵天线的设计与研发、天线与微波领域新理论新技术创新研发等工作。 【任职要求】 1、硕士及以上学历 2、电磁场与微波相关专业，天线、射频电路、微波器件相关专业方向相关专业； 3、熟练掌握HFSS、CST、ADS等多款仿真软件； 4、熟悉天线、移相器、滤波器、合路器等无线器件的设计，具有一定的通信和雷达系统硬件架构方面的知识。 工作地点 成都郫都区IC设计产业园区 以担保或任何理由索要财物，扣押证照，均涉嫌违法。一经发现， 立即举报,天线,http://www.zhaopin.com/jobdetail/CCL1486826910J40780408610.htm?refcode=4019&srccode=401901&preactionid=6a13099e-1e66-460e-a148-66c377f66815
射频天线工程师,无锡坦程物联网股份有限公司,1.8-2.8万,杭州·上城·九堡,Guangzhou,本科,3-5年,10月10日,zhilian,岗位职责： 1. 负责产品射频研发，以及天线、馈线的设计开发、仿真与验证工作，完成链路指标分解，参与射频单元电路的设计； 2. 负责协助外研产品的射频评估； 3. 完成射频器件的选择分析验证； 4. 完成整机方案的设计、产品的设计、验证加工； 5. 负责解决产品设计与生产过程中的故障及问题； 6. 参与制定产品技术指标及生产测试规范。 岗位要求： 1. 微波、电磁场、无线电等相关专业，有从事毫米波阵列天线设计 3 年以上工作经验者优先； 2. 熟练掌握微波 EDA 仿真设计软件至少一种，如 ADS、HFSS、MWO 等； 3. 熟练掌握射频/毫米波 PCB 布板工艺，熟悉 PCB 相关 EDA 设计软件，如 Altium Designer、Protel、DXP 等； 4. 熟悉射频各项指标测试和调试方法，熟练使用信号源、频谱仪、网络分析仪等； 5. 熟悉 TR 组件的发射机和接收机指标的测试方法，有毫米波器件或系统研发的经验者优先考虑。 工作地点 杭州上城区华侨国际B座1309室 以担保或任何理由索要财物，扣押证照，均涉嫌违法。一经发现， 立即举报,"雷达,天线设计,射频电路设计,射频测试",http://www.zhaopin.com/jobdetail/CC422775780J40790997407.htm?refcode=4019&srccode=401901&preactionid=6a13099e-1e66-460e-a148-66c377f66815
天线工程师,南京国立电子科技有限公司,2-3.5万·14薪,南京·栖霞·马群,Guangzhou,硕士,5-10年,7月21日,zhilian,岗位职责： 1、对接项目总师，拆分细化系统中天线指标、完成天线馈电网络仿真设计； 2、负责天线设计可行性评估，编写设计方案； 3、负责项目实施过程中天线生产、测试以及文档编写工作； 岗位要求： 1、本科以上学历，电磁场与微波技术、无线电物理专业优先，3年以上工作经验； 2、熟悉阵列天线原理； 3、熟熟悉使用HFSS、CST、FEKO等电磁仿真软件； 奖金绩效 年终奖、双休、员工食堂、带薪年假、五险一金、免费体检 工作地点 南京栖霞区马群街道马群科技园金马路6号9栋6楼 以担保或任何理由索要财物，扣押证照，均涉嫌违法。一经发现， 立即举报,"天线设计,微波雷达,天线,滤波器,耦合器,雷达",http://www.zhaopin.com/jobdetail/CC636077580J40513390813.htm?refcode=4019&srccode=401901&preactionid=6a13099e-1e66-460e-a148-66c377f66815
天线研发工程师,南京昌晟电子科技有限公司,1.8-3.5万,南京·江宁·秣陵,Guangzhou,本科,3-5年,7月25日,zhilian,岗位职责 1.负责新型天线（如相控阵天线、反射面天线、透波天线罩等）的研发与设计，包括方案论证、电磁仿真与优化。 2.主导天线辐射单元、阵列、馈电网络的设计，确保其满足电性能指标（如方向图、增益、驻波、极化等）。 3.与结构工程师协同，解决天线结构对电性能的影响，实现机电热一体化设计。 4.跟踪并研究天线领域的新技术、新工艺、新材料（如超材料、LTCC、复合材料等），并应用于产品创新。 5.指导并参与天线样机的制作、测试（暗室测试）与调试，对测试数据进行分析与迭代设计。 6.撰写天线研发相关的技术报告、设计文档和专利申请书。 任职要求 1.本科及以上学历，电磁场与微波技术、无线电物理、电子科学与技术等相关专业。 2.3年以上天线研发经验，熟悉相控阵、卫星通信、雷达天线等某一领域者优先。 3.精通电磁仿真软件（如HFSS、CST、FEKO等），能独立完成天线的建模、仿真与优化。 4.扎实的电磁场理论和天线理论基础，熟悉天线测试流程与方法。 5.了解微波电路和射频基础知识者优先。 6.具备良好的创新思维和独立解决问题的能力。 工作地点 江宁区南京昌晟电子科技有限公司 以担保或任何理由索要财物，扣押证照，均涉嫌违法。一经发现， 立即举报,天线设计,http://www.zhaopin.com/jobdetail/CC466521110J40809928909.htm?refcode=4019&srccode=401901&preactionid=6a13099e-1e66-460e-a148-66c377f66815
天线工程师,希德电子,8000-11000元,西安·长安·韦曲,Guangzhou,本科,3-5年,7月9日,zhilian,岗位职责： 1、负责公司所有与天线相关的技术对接、指标评估及设计开发工作； 2、负责与天线相关的测试、调试工作； 3、天线设计主要面向导航及通信类天线； 4、负责天线分系统的相关文档设计（方案设计、指标计算、理论仿真等）； 5、负责天线开发设计相关的编制、转产技术跟进、外协沟通等。 任职要求： 1、具备微波理论、电磁场理论、天线理论、电子信息工程、电子信息科学等相关专业基础。3年以上天线设计相关工作经验； 2、熟练使用HFSS、FEKO、CST等相关电磁仿真软件； 3、能够进行天线指标测试、评估； 4、在天线工程设计方面具有理论基础和工程经验； 5、具有通信及导航类共形、刀型、鞭状、微带陶瓷等常见天线项目工作经验者优先考虑。 职位福利：五险一金、绩效奖金、交通补助、通讯补助、带薪年假、员工旅游 工作地点 西安长安区慧谷创新园B栋2楼 以担保或任何理由索要财物，扣押证照，均涉嫌违法。一经发现， 立即举报,"抗干扰天线,导航天线,天线设计",http://www.zhaopin.com/jobdetail/CC374299526J90250145000.htm?refcode=4019&srccode=401901&preactionid=6a13099e-1e66-460e-a148-66c377f66815
射频工程师,长沙智诚电子科技有限公司,1-1.6万,长沙·长沙·泉塘,Guangzhou,大专,1-3年,7月23日,zhilian,职位描述 合路器 滤波器 岗位要求： 1、能独立完成开发设计腔体滤波器、LC滤波器等无源器件产品； 2、具备产品试样、调试，工艺定型等工作； 3、精通仿真设计软件，如HFSS，CAD，ADS，CST等设计软件； 4、熟悉器件和物料选型，精通网络分析仪等设备的使用； 5、具备熟练批量工艺优化，设计资料归档等工作； 6、产品售前售后的技术支持等工作 岗位要求： 1、大专以上学历 2、爱岗敬业，喜欢专研 3、工作积极向上，喜欢挑战 工作地点 长沙长沙县未来智汇城 以担保或任何理由索要财物，扣押证照，均涉嫌违法。一经发现， 立即举报,"合路器,滤波器",http://www.zhaopin.com/jobdetail/CCL1342612650J40500254304.htm?refcode=4019&srccode=401901&preactionid=32fae46b-d7d7-4b3a-b768-89ed23904700
射频工程师（天线方向）,四川高能智盾科技有限公司,7000-14000元·15薪,绵阳·游仙区·小枧镇,Guangzhou,本科,1-3年,6月26日,zhilian,岗位职责: 1.开展低空安防装备中天线类相关的设计工作； 2.开展低空安防装备天线类相关的仿真与设计工作； 3.根据需求，对相关天线进行适应性调整； 4.指导调试工程师系统开展调试工作。 任职资格: 1.学历及专业：本科及以上学历，计算机类、电子信息类、自动化类等专业优先； 2.技能要求：①具备雷达信号处理、无线电信号处理、通信干扰、声学探测的相关理论知识；②具备天线仿真软件（ADS、HFSS、CST等软件）的使用能力 ；③熟练使用 Office 办公软件；④具备低空安防装备研制经验优先； 3.工作经历：具备2年及以上工作经验。 工作地点 绵阳游仙区游仙高新技术产业园区中久路6号4栋 以担保或任何理由索要财物，扣押证照，均涉嫌违法。一经发现， 立即举报,射频电路设计,http://www.zhaopin.com/jobdetail/CCL1520053720J40873360605.htm?refcode=4019&srccode=401901&preactionid=32fae46b-d7d7-4b3a-b768-89ed23904700
射频工程师,合肥天力源电子科技有限公司,1.5-3万,合肥,Guangzhou,本科,3-5年,12月15日,zhilian,岗位职责： 1、依据客户需求，独立完成无源射频类通信产品的方案及相关报告。 2、负责跳频电台整机中的跳频滤波器 的设计研发和生产。 3、协助结构工程师完成结构图的设计。 4、负责跳频滤波器样机的装配和调试，并优化样机。 5、支持跳频滤波器相关质量、采购，研发人员的工作； 6、负责搭建跳频滤波器样机的生产测试环境； 任职要求： 1、电磁场、微波、通信、电子类相关专业，本科及以上学历；熟练掌握HFSS，ADS，AWR，等仿真软件；熟悉微波滤波器相关相关基础知识及细节设计方法，如滤波器3D电磁仿真细节设计、3D电磁场与电路间的协同仿真操作，功率容量、温度漂移等设计细节； 2、有3年以上跳频滤波器类产品的设计工作经验；至少两种射频产品开发经验，如功分器，耦合器，滤波器，程控或电调衰减，移相，开关，低噪放，混频器，T/R组件等 3、熟悉和熟练掌握微波射频仿真设计软件；能独立完成跳频滤波器设计； 4、熟悉射频测试仪表（如矢量网络分析仪、频谱分析仪、信号源等）的使用，有丰富的跳频滤波器调试经验，并能够建立跳频滤波器生产环境、指导解决批量生产中出现的技术问题。 5，熟悉跳频电台整机性能，有科研院所工作经验的优选。 职位福利：加班补助、创业公司、五险一金、餐补、项目奖金 职位亮点：五险一金 高薪 工作地点 合肥市国家级高新技术产业开发区 以担保或任何理由索要财物，扣押证照，均涉嫌违法。一经发现， 立即举报,"版图设计,原理图设计,AD,PCB设计,通信工程,电路设计,射频电路设计,射频工程师",http://www.zhaopin.com/jobdetail/CC203325320J40351886213.htm?refcode=4019&srccode=401901&preactionid=32fae46b-d7d7-4b3a-b768-89ed23904700
5G基站天线工程师,广东通宇通讯股份有限公司,1.5-2.5万,中山·中山港街道,Guangzhou,硕士,5-10年,7月23日,zhilian,岗位职责： 1.负责5G天线项目需求分析、方案论证，主导天线技术预研，新产品开发、平台开发、现有产品改良工作、相关技术文档输出 2.完成研发项目交付及技术资料等设计文件的编制和输出 3.跟进中试小批量转产、质量控制和异常处理 4.参与完成设计规范、设计准则、专利文件的编制 任职要求： 1.本科及以上学历，微波与电磁场、无线技术、电子信息、通信工程等专业，掌握电磁场理论 2.熟悉天线设计的作业流程和规范，熟练掌握HFSS、AWR、ADS等仿真设计工具 3.有3年以上基站天线设计相关经验，需具备以下最少一类产品设计经验（a. MIMO天线;b.5G电调天线;c.A+P阵列天线；d.AFU天线滤波器一体化天线），具有阵列平台和辐射单元及移相器设计经验者优先 4.有目标感，主动、积极、有承担、有大局观，有良好的学习、创新、团队合作能力，有良好的承压能力 工作地点 广东省中山市东二路1号东镇东二路1号 以担保或任何理由索要财物，扣押证照，均涉嫌违法。一经发现， 立即举报,"卫星通信,5G,天线设计,HFSS,AWR,MIMO,A+P,AFU天线滤波器一体化",http://www.zhaopin.com/jobdetail/CC387783220J40866743807.htm?refcode=4019&srccode=401901&preactionid=32fae46b-d7d7-4b3a-b768-89ed23904700
天线测试工程师（校招）,安徽雷图科技有限公司,1.2-2.4万·13薪,合肥·肥西·桃花,Guangzhou,本科,经验不限,7月25日,zhilian,岗位职责： 1.负责相控阵天线的集成与测试调试； 2.负责微波有源组件的测试与调试； 3.负责测试数据整理和报告编写； 4.星载/机载/预研项目天线子系统集成测试。 奖金绩效 早九晚六、双休、五险一金 、餐补 、交补、租房补贴 工作地点 安徽省合肥市肥西县创新大道666号C座 以担保或任何理由索要财物，扣押证照，均涉嫌违法。一经发现， 立即举报,"雷达,卫星,微波雷达,天线测试,矢网、频谱仪,星载机载预研项目天线",http://www.zhaopin.com/jobdetail/CCL1484623090J40906215115.htm?refcode=4019&srccode=401901&preactionid=32fae46b-d7d7-4b3a-b768-89ed23904700
天线工程师,盛航(台州)科技有限公司,1.5-2.5万,南京·建邺·沙洲,Guangzhou,本科,3-5年,7月24日,zhilian,岗位职责： 1.负责对接系统工程师并制定所需天线的各项指标参数； 2.负责有源相控阵天线的系统架构设计、需求分析及技术指标分解，参与从方案论证到产品交付的全流程； 3.主导相控阵天线阵面设计、馈电系统仿真优化，包括波束赋形、方向图仿真及T/R通道设计，确保性能满足项目需求； 4.设计并实施相控阵天线的校准方案，包括近场/远场测试、误差分析及补偿，熟练操作矢量网络分析仪、频谱仪等仪器； 5.解决天线在整机集成中的故障问题，配合完成外场联调和性能验证； 6.具备实际产品交付经验，熟悉天线校准及测试流程，能指导生产并解决量产中的技术问题。 任职要求： 1.精通相控阵天线系统架构设计，包括阵面布局、TR组件选型及链路预算分析； 2.熟悉天线校准测试全流程，掌握去耦合算法、多频点校准等技术，能独立完成误差建模及优化； 3.吃苦耐劳，有团队协作精神。 4.可接受年度80天以内的出差。 加分项： 1.熟悉X/Ku波段相控阵设计，具有军工项目经验； 2.掌握FPGA波控算法开发或射频电路设计能力； 3.熟悉军工或航天领域技术标准，如GJB、MIL-STD等。 工作地点 南京建邺区云龙山路3号6栋509室 以担保或任何理由索要财物，扣押证照，均涉嫌违法。一经发现， 立即举报,天线设计,http://www.zhaopin.com/jobdetail/CCL1251882060J40871260810.htm?refcode=4019&srccode=401901&preactionid=32fae46b-d7d7-4b3a-b768-89ed23904700
低频设计工程师,西安华德航天科技有限公司,6000-9000元,西安·鄠邑·五竹,Guangzhou,大专,1-3年,4月11日,zhilian,岗位职责： 1.能够独立自主的进行常规低频连接器的设计及仿真（包括转接器及适配电缆的连接器）； 2.能够分析解决现场产品出现的常规工艺问题并指导生产，保障生产的正常进行； 3.熟悉各种射频连接器及相关规范标准，能够给相关客户提供全面的技术支持； 岗位要求： 1.本科以上学历，通信工程、电子信息等相关专业； 2.具有连接器2年以上工作经验。 工作地点 西安鄠邑区联东U谷(沣京)科技智造谷15号楼 以担保或任何理由索要财物，扣押证照，均涉嫌违法。一经发现， 立即举报,连接器,http://www.zhaopin.com/jobdetail/CCL1463168210J40806952716.htm?refcode=4019&srccode=401901&preactionid=32fae46b-d7d7-4b3a-b768-89ed23904700
天线工程师,四川斯艾普电子科技有限公司,1.8-3万·14薪,成都·成华·猛追湾,Guangzhou,本科,5-10年,3月17日,zhilian,职位描述 天线设计 射频设计 微波雷达 毫米波雷达 【职责描述】 1、负责与客户进行技术协议的沟通与签订，配合市场部完成项目引入； 2、参与相控阵天线的指标评估分解、链路分析； 3、负责相控阵天线阵面的设计、仿真、优化、图纸归档、样机跟产等工作； 4、负责相控阵天线阵面采购申请的提出，配合完成供应商的优选； 5、编写相应的技术文档； 6、负责产品调试和测试验证工作，并分析解决产品生产中遇到的问题； 7、领导分配的其他工作。 【任职要求】 1、本科及以上学历，硕士优先。具有雷达系统、通信系统、电子对抗等专业背景； 2、掌握至少一种天线仿真工具（HFSS、CST、FEKO等）； 3、能够使用天线设计软件绘制天线版图，了解PCB加工工艺； 4、了解射频仪表（频谱仪、射频信号源等）的使用； 5、具备一定撰写技术文档的能力； 6、具有较好的学习能力； 7、具有良好的团队合作精神。 具体薪酬面议！！！ 工作地点 成都成华区成华科技大厦 以担保或任何理由索要财物，扣押证照，均涉嫌违法。一经发现， 立即举报,"天线设计,射频设计,微波雷达,毫米波雷达",http://www.zhaopin.com/jobdetail/CC627443420J40559179603.htm?refcode=4019&srccode=401901&preactionid=32fae46b-d7d7-4b3a-b768-89ed23904700
天线开发,软通动力信息技术(集团)股份有限公司,8000-13000元,武汉·江夏·豹澥,Guangzhou,本科,1-3年,7月21日,zhilian,岗位职责： 1、负责平板/PC在研项目OTA性能看护，Sar调试验证，开发过程问题处理，产线异常处理。 2、负责平板/PC量产项目产线问题处理，业务连续性替代，ORT抽检问题分析。 需要技能： 1、统招本科学历，通信/微波/电磁场相关专业 2、掌握0201封装元器件手动焊接，了解天线辐射原理，熟练使用矢量网络分析仪 3、会使用CST、HFSS等三维电磁仿真软件 4、有边框天线、腔体天线设计/调试经验优先 工作地点 江夏区华为武汉研究所 以担保或任何理由索要财物，扣押证照，均涉嫌违法。一经发现， 立即举报,"射频电路设计,天线设计,手机,天线",http://www.zhaopin.com/jobdetail/CC000544460J40765866116.htm?refcode=4019&srccode=401901&preactionid=32fae46b-d7d7-4b3a-b768-89ed23904700
天线设计工程师,北京遥感设备研究所,2-3万,北京·海淀·永定路,Guangzhou,硕士,经验不限,6月3日,zhilian,职位描述 射频电路设计 天线设计 通信/网络设备 负责天线技术领域设计质量把关；带动天线技术领域人才梯队建设；引领天线技术领域发展方向；主持重要科研项目和关键技术攻关。 掌握电磁场与天线理论与技术、微波理论与技术和其他相关领域的专业知识，具有丰富的工程研制经验和良好的专业理论基础。 工作地点 北京海淀区中国航天科工 以担保或任何理由索要财物，扣押证照，均涉嫌违法。一经发现， 立即举报,"射频电路设计,天线设计",http://www.zhaopin.com/jobdetail/CC468789730J40737176505.htm?refcode=4019&srccode=401901&preactionid=32fae46b-d7d7-4b3a-b768-89ed23904700
系统集成工程师,西安瀚博电子科技有限公司,8000-16000元,西安·雁塔·丈八沟,Guangzhou,本科,经验不限,5月15日,zhilian,岗位职责： 1. 需求分析与技术对接：与客户、市场或产品经理深入沟通，深度挖掘和明确客户需求（如被测天线类型、测试指标、效率、吞吐量等）。 2. 系统架构设计与方案制定：主导整个天线测试系统的技术方案选型和架构设计。 3. 核心技术指标分解与预算：将系统总指标（如频率范围、动态范围、测量不确定度、测试速度）科学地分解到各个子系统（机械、软件、硬件等）。 4. 技术风险评估与成本估算： 识别方案中的技术风险点（如新技术应用、极限指标挑战），并提出规避或解决方案。 参与项目成本估算，为核心器件选型和系统架构决策提供成本依据。 5. 技术协调与文档撰写： 作为技术核心，协调硬件、软件、机械等团队，确保他们对系统方案的理解一致。 编写顶层技术文档，如《系统需求规格书》、《系统设计方案》、《系统测试验证方案》等。 6. 技术支持与前沿研究： 在项目投标和关键评审中，担任技术主讲人。 跟踪国际先进天线测试技术、标准和仪器发展，推动技术方案的创新与迭代。 任职要求： 1.主导或参与过：通信、雷达、电子对抗、半实物仿真、大型相控阵天线、卫星通信系统产品的研发。 2.深厚的理论基础： 精通电磁场与电磁波理论、天线原理与设计。 深刻掌握微波技术、传输线理论及射频微波测量原理。 3.系统架构能力： 能够进行系统级设计和链路预算分析，能将顶层指标科学分解到射频、机械、软件等子系统。 熟悉整个天线测试系统的构成和各部分交互：暗室、转台位置、射频开关矩阵、测量接收机/VNA、校准算法、控制软件等。 4.建模与仿真能力： 熟练使用至少一种系统仿真或链路预算工具，如 MATLAB/Simulink 或 LabVIEW，用于进行链路预算、误差分析和系统性能建模。 熟悉至少一种全波电磁仿真软件（如 CST Studio Suite 或 ANSYS HFSS），用于辅助分析天线性能、暗室静区性能或关键射频部件的仿真验证。 5.丰富的仪器与标准知识： 熟悉主流测试仪器（如是德科技、罗德与施瓦茨的矢量网络分析仪、信号源、频谱分析仪、信道仿真器）的性能参数和选型依据。 了解相关的国际与行业标准，如 3GPP、CTIA OTA、IEEE 等对天线和终端测试的规范要求。 6.有相关系统产品或分系统的研发到定型全流程经验的优先。 工作地点 雁塔区西安瀚博电子科技有限公司 以担保或任何理由索要财物，扣押证照，均涉嫌违法。一经发现， 立即举报,相控阵天线,http://www.zhaopin.com/jobdetail/CC614789120J40856122205.htm?refcode=4019&srccode=401901&preactionid=32fae46b-d7d7-4b3a-b768-89ed23904700
天线工程师,天健九方(西安)毫米波设计研究院有限公司,2-4万,西安·碑林·张家村,Guangzhou,本科,5-10年,4月1日,zhilian,岗位职责 1、协助设备系统主管设计师完成预研项目、技术项目及产品开发项目天线模块规划和设计； 2、主导完成雷达天线的仿真、设计和调试，重难点攻关，完成天线指标的测试及评估并提出改进方案，对雷达天线的最终性能负责，解决相关调试与生产问题； 3、负责跟进雷达天线的测试，生产问题，配合完成雷达产品的性能验证，最终完成交付任务。 任职资格 1、本科及以上学历、电子工程、通信、信号处理等相关专业； 2、从事雷达天线工作至少一年以上，有相控阵天线开发经验优先； 3、对天线的辐射原理有深刻认识，特别对天线新型辐射单元和馈电网络、相控阵等有实际理解； 4、熟悉微带、阵列天线原理，有较强的电磁场理论知识，能快速利用matlab进行天线阵列方向图的分析和综合。 5、熟悉并掌握天线EDA仿真软件，例如AnsysHFSS，CST，FEKO等电磁仿真软件，以及相关设备、仪器使用； 6、组织协调能力及良好的学习和沟通能力； 7、优秀者以上条件可放宽。 工作地点 碑林区西安创新设计中心大楼 以担保或任何理由索要财物，扣押证照，均涉嫌违法。一经发现， 立即举报,"射频电路设计,天线设计,毫米波雷达,雷达,滤波器,变频器",http://www.zhaopin.com/jobdetail/CCL1209418560J40849633310.htm?refcode=4019&srccode=401901&preactionid=32fae46b-d7d7-4b3a-b768-89ed23904700
天线工程师(J34922),海信集团,面议,青岛·崂山·北宅,Guangzhou,本科,经验不限,7月25日,zhilian,岗位职责: 1、手机产品策划：依据产品技术规格要求，参与项目策划，对天线技术难度和可行性进行评估，确定天线整体设计方案。 2、项目开发：进行天线详细设计开发，及时解决试制阶段的问题缺陷，优化性能指标，达成产品无线标准。 3、技术研究：跟踪天线方向新技术发展趋势，研究竞品新天线技术应用情况，开展预研项目，完成技术储备和成果转化。 任职要求: 1、学历：本科及以上； 2、专业：天线、电磁场与微波、电子、通信等相关专业； 3、熟练使用办公软件，熟悉天线仿真软件，HFSS或类似软件； 4、熟练阅读英文技术资料，具备基本的听、说能力。 工作地点 青岛崂山区海信研究发展中心 以担保或任何理由索要财物，扣押证照，均涉嫌违法。一经发现， 立即举报,"天线设计,手机,天线",http://www.zhaopin.com/jobdetail/CC132067430J40534752703.htm?refcode=4019&srccode=401901&preactionid=32fae46b-d7d7-4b3a-b768-89ed23904700
天线设计工程师,成都卫讯科技有限公司,1.8-2.5万·13薪,成都·武侯·桂溪,Guangzhou,本科,3-5年,7月15日,zhilian,岗位职责 1.负责L/S/C/Ku/Ka相控阵总体天线设计、天线罩设计； 2.负责制版厂家工艺技术沟通、天线结构设计沟通； 3.负责天线无源测试及有源测试等，编写测试文档； 4.负责天线天线阵面以及馈电网络的仿真、设计设计工作; 5.协助总体工程师完善整机系统方案; 6.协助射频工程师完成天线阵面与射频链路的互联，以及协同仿真; 7.负责天线产品调试、联试、测试验证工作，提供测试记录; 任职要求 1、本科及以上学历，电磁场与微波技术、通信工程、天线设计等相关专业。 2、3-5年L/S/C/Ku/Ka频段相控阵天线设计经验。 3、熟悉相控阵天线及天线罩设计。 4、熟练运用HFSS/CST仿真工具，具备扎实电磁理论与结构适配能力。 5、熟悉天线制版工艺，能独立对接制版厂家、结构团队，推进设计优化迭代。 6、掌握天线无源/有源测试流程，能独立完成测试、数据复盘及测试文档编写，熟悉测试设备操作。 7、了解天线环境适应性、EMC要求，具备较强问题排查与跨团队协作能力，抗压能力强。 工作地点 成都武侯区菁蓉汇3A栋12层 以担保或任何理由索要财物，扣押证照，均涉嫌违法。一经发现， 立即举报,"天线设计,射频设计,天线",http://www.zhaopin.com/jobdetail/CC307787530J40834072611.htm?refcode=4019&srccode=401901&preactionid=32fae46b-d7d7-4b3a-b768-89ed23904700
射频天线工程师,西安艾力特电子股份有限公司,8000-15000元·13薪,西安·长安·五星,Guangzhou,本科,1-3年,6月24日,zhilian,职位描述 天线设计 射频设计 射频仿真 天线 滤波器 连接器 微波雷达 卫星 雷达 半导体/芯片 任职要求： 1. 本科以上学历，电磁场与微波技术、无线电物理等相关专业； 2. 具备1-3年天线设计开发经验，有相控阵天线相关经验者优先； 3. 熟练运用HFSS等电磁仿真软件进行天线设计与仿真，掌握频谱仪、矢量网络分析仪等测试设备的使用； 4. 具备扎实的天线与微波电路理论基础，能够独立完成天线（阵列）及馈电网络的仿真、设计与调试； 5. 熟悉相控阵天线测试流程与方法，具备一定的系统测试经验； 6. 具备良好的创新意识、沟通协调能力及团队合作精神，工作积极主动，责任心强。 职位描述： 1. 参与产品前期规划，负责技术方案论证及相关技术文档撰写； 2. 负责天线及相关组件的研发、设计、调试与性能优化； 3. 开展关键技术研究与方案论证，推动技术难点攻关； 4. 参与客户技术交流，准确理解客户需求，协助完成项目争取与落地支持。 工作地点 长安区西安艾力特电子实业有限公司1068号 以担保或任何理由索要财物，扣押证照，均涉嫌违法。一经发现， 立即举报,"天线设计,射频设计,射频仿真,天线,滤波器,连接器,微波雷达,卫星,雷达",http://www.zhaopin.com/jobdetail/CC151485510J40845643713.htm?refcode=4019&srccode=401901&preactionid=32fae46b-d7d7-4b3a-b768-89ed23904700
天线测试工程师,银河航天,6000-8000元·13薪,西安·长安·韦曲,Guangzhou,本科,3-5年,6月15日,zhilian,职位描述 船舶/航空/航天/军工 工作职责 1、负责测试各类卫星天线、终端天线的各项射频性能指标，重点关注暗室测试； 2、负责根据指标要求设计天线测试方案，跟进实施，最终完成编写及整理天线测试报告； 3、负责配合射频工程师针对测试结果的不符合项目分析排查原因并给出解决措施； 4、针对研制阶段的天线产品，配合其他专业进行调试； 5、负责持续改进测试方法、优化测试软硬件系统，提高测试效率； 6、负责天线暗室的管理、维护、升级、新建相关工作。 任职资格 1、电磁场与微波技术、电子科学与技术专业的微波、天线、无线电等相关专业，本科、三年以上工作经验； 2、熟悉天线增益、方向图、阻抗、相位中心等电气性能指标及相应的测试原理者优先； 3、熟悉天线各种参数的测试方法，熟练使用天线常用测试仪器和微波暗室，熟练操作矢量网络分析仪、综测仪等微波射频测试仪器优先； 4、微波电磁场、天线、电波传播理论基础扎实，熟悉无线通信系统熟悉天线研制的一般流程； 5、具备较好的科技英语阅读能力、较好的文档编写技能； 6、良好的沟通能力和团队协作精神，较强的问题分析和解决能力； 7、具有天馈部件、反射面天线、相控阵天线产品研制测试经验者优先。 工作地点 西安长安区航天基地陕铁大厦10层 以担保或任何理由索要财物，扣押证照，均涉嫌违法。一经发现， 立即举报,船舶/航空/航天/军工,http://www.zhaopin.com/jobdetail/CC480008230J40944741708.htm?refcode=4019&srccode=401901&preactionid=32fae46b-d7d7-4b3a-b768-89ed23904700
天线工程师,北京德辰科技股份有限公司成都分公司,2-2.5万,成都·武侯·桂溪,Guangzhou,本科,5-10年,6月22日,zhilian,岗位职责： 1、负责测向天线、监测天线的方案设计与仿真，能独立完成天线单元及阵列的研发落地。按时完成天线设计、调试和测试任务，确保性能达标。 2、了解射频电路基础知识，能够开展射频开关、放大等简单电路的设计与调试。 3、熟悉常见天线形式（如偶极子、对数周期、双锥天线、喇叭天线等），熟练使用仿真软件进行设计优化。 4、与结构工程师协作，确认天线结构方案，保证天线可生产、可装配。 5、负责编写各类研发技术文档。包括设计方案对比报告、仿真数据、测试规范、生产作业指导书及调试作业指导书，确保技术资料的完整归档与可追溯。 任职要求： 1、电磁场、微波、无线电等相关专业统招本科及以上学历（985或211大学最佳）； 2、掌握天线基本原理，有5年及以上天线设计经验，能独立完成仿真和测试。 3、熟练使用至少一种电磁仿真软件（如HFSS、CST、ADS），熟悉常用射频测试仪器（如矢网、频谱仪）。 4、了解射频电路基本概念，具备简单射频电路设计能力，有设计、调试经验者优先。 5、具备良好的团队协作和沟通能力，动手能力强，能配合结构完成样机装配。 工作地点 成都市-武侯区-吉泰五路88号30楼 以担保或任何理由索要财物，扣押证照，均涉嫌违法。一经发现， 立即举报,"天线设计,天线,收发信机,毫米波雷达,仿真",http://www.zhaopin.com/jobdetail/CC263087010J40950615815.htm?refcode=4019&srccode=401901&preactionid=bd70fec2-2f45-4ebf-8c26-dff2ffd50e1c
物联网工程师,陕西中科梓逸信息技术有限公司,8000-16000元,西安·雁塔·丈八沟,Guangzhou,本科,经验不限,1月25日,zhilian,岗位职责: 负责物联网模块、产品的引进、研发; 1、对接第三方设计公司、芯片原厂，设计物联网无线模块; 2、根据项目需求，寻找合适的智能终端产品厂商及方案公司，设计物联网硬件产品; 3、制定硬件产品的技术文档、产品标准、测试标准等; 岗位要求: 1、本科学历，电子/通信/自动化/计算机相关专业， 2、熟悉基础电路知识、电磁场理论、射频器件与天线、通信理论知识等; 3、对嵌入式开发有了解者优先; 工作地点 雁塔区西安国际人才大厦 以担保或任何理由索要财物，扣押证照，均涉嫌违法。一经发现， 立即举报,物联网,http://www.zhaopin.com/jobdetail/CCL1409140330J40859540704.htm?refcode=4019&srccode=401901&preactionid=bd70fec2-2f45-4ebf-8c26-dff2ffd50e1c
天线工程师,乌镇实验室,1-1.5万,嘉兴·桐乡市·梧桐街道,Guangzhou,硕士,经验不限,7月25日,zhilian,职位描述 射频器件工艺 射频电路设计 天线设计 射频设计 1.独立开展天线方案设计、仿真优化与测试验证工作 2.围绕产品需求完成天线设计、样机调试及性能迭代优化 3.负责常见天线类型、馈电方式、阻抗匹配及阵列设计方法的应用 4.解决天线研发过程中的工程实现问题 岗位要求 1.硕士及以上学历，电磁场与微波技术、电子信息、通信工程、天线与射频等相关专业 2.具备扎实的天线理论基础，熟悉天线研发全流程 3.熟练使用HFSS、CST等电磁仿真工具者优先 4.具备毫米波、相控阵、小型化天线或系统集成经验者优先，具备较强的工程实现能力、问题分析和沟通协作能力 工作地点 嘉兴桐乡市凤凰湖科技城研发社区A区 以担保或任何理由索要财物，扣押证照，均涉嫌违法。一经发现， 立即举报,"射频器件工艺,射频电路设计,天线设计,射频设计",http://www.zhaopin.com/jobdetail/CCL1333798550J40773786206.htm?refcode=4019&srccode=401901&preactionid=bd70fec2-2f45-4ebf-8c26-dff2ffd50e1c
天线工程师,南京长峰航天电子科技有限公司,1.5-2.5万,南京·浦口·泰山,Guangzhou,硕士,1-3年,7月25日,zhilian,岗位职责: 1、参与产品规划，技术方案论证，撰写技术方案和任务书; 2、负责天线技术研发，设计，调试，优化等; 3、负责关键技术方案论证和攻关; 4、与客户交流，理解需求，协助拿单。 工作地点 江苏省南京市浦口区泰山街道星火路 以担保或任何理由索要财物，扣押证照，均涉嫌违法。一经发现， 立即举报,"天线,天线设计",http://www.zhaopin.com/jobdetail/CC148871510J40864685007.htm?refcode=4019&srccode=401901&preactionid=bd70fec2-2f45-4ebf-8c26-dff2ffd50e1c
天线工程师,广东纳睿雷达科技股份有限公司,1.6-3万·14薪,珠海·香洲区·唐家湾镇,Guangzhou,硕士,经验不限,7月21日,zhilian,岗位职责： 1.负责阵列天线及其外围部件的开发与定制化设计； 2.负责阵列天线设计仿真及优化调试； 3.负责天线前沿技术的跟踪和研究； 4.负责制定天线及部件技术指标书，参与供应商筛选； 5.负责天线近远场测试及校准； 6.参与系统调试，编写技术文档及质检规范； 7.主导天线从设计到生产的全流程； 8.完成领导交办的其他工作。 任职要求： 1.硕士及以上学历，电子信息工程、电子科学与技术、信号与信息处理、电磁场与微波技术、微电子科学与工程、集成电路设计与集成系统等相关专业； 2.具备扎实的电磁场与微波技术基础，有阵列天线开发相关项目经验优先； 3.熟练掌握天线设计仿真相关软件，熟练使用天线测试相关仪器； 4.了解天线的近远场测试原理与测试方法； 5.英语六级或同等水平，具备英文技术文献阅读能力； 6.能吃苦耐劳，具有较强的责任感、执行力和团队协作精神。 工作地点 珠海香洲区广东纳睿雷达科技股份有限公司 以担保或任何理由索要财物，扣押证照，均涉嫌违法。一经发现， 立即举报,"射频电路设计,天线设计,阵列天线,微波雷达,雷达,毫米波雷达,天线,耦合器",http://www.zhaopin.com/jobdetail/CC673445620J40853611205.htm?refcode=4019&srccode=401901&preactionid=bd70fec2-2f45-4ebf-8c26-dff2ffd50e1c
天线测试工程师,安徽雷图科技有限公司,1.2-2.4万·13薪,合肥·肥西·桃花,Guangzhou,本科,1-3年,7月24日,zhilian,岗位职责： 1.负责相控阵天线的集成与测试调试； 2.负责微波有源组件的测试与调试； 3.负责测试数据整理和报告编写； 4.星载/机载/预研项目天线子系统集成测试。 奖金绩效 早九晚六、双休、五险一金 、餐补 、交补、租房补贴 工作地点 安徽省合肥市肥西县创新大道666号C座 以担保或任何理由索要财物，扣押证照，均涉嫌违法。一经发现， 立即举报,"雷达,卫星,微波雷达,天线测试,矢网、频谱仪,星载机载预研项目天线",http://www.zhaopin.com/jobdetail/CCL1484623090J40689191215.htm?refcode=4019&srccode=401901&preactionid=bd70fec2-2f45-4ebf-8c26-dff2ffd50e1c
通信技术工程师,河南明和通信技术有限公司,5000-8000元·13薪,郑州·管城·商都路,Guangzhou,大专,经验不限,7月26日,zhilian,职位描述 5G 无线通信 1、负责全网华为设备5G（SA）基站参数核查，网络质量KPI分析，语音质量提升，提出优化改进方案； 2、负责各种专项规划和优化问题的处理能力和网络调整，如：小区参数调整，切换参数调整， 功率控制调整，频率规划调整等； 3、熟悉华为U2020的操作，对各级参数有较深的认识，能够对一些参数进行熟练的调整； 4、负责基本统计指标的计算方法和话务统计的分析方法，能够根据话务统计的变化情况分析出网络存在的各种问题； 5、负责路测故障的分析，对天线的各项指标及无线信号的覆盖理论有较深的理解，能够根据无线环境的情况对基站的信号覆盖作出评估并能对天线作合理化调整； 6、把控网络规划和优化团队成员的优化方案的输出质量；通过实施各种形式的技能提升，努力提高团队成员的技术能力和水平；在项目中承担或协助承担项目管理职责。 工作地点 郑州管城回族区文化产业大厦19-23F 以担保或任何理由索要财物，扣押证照，均涉嫌违法。一经发现， 立即举报,"5G,无线通信",http://www.zhaopin.com/jobdetail/CCL1296806610J40474195706.htm?refcode=4019&srccode=401901&preactionid=bd70fec2-2f45-4ebf-8c26-dff2ffd50e1c
高级天线工程师,成都创亿嘉科技有限公司,1.9-2.5万,成都·武侯·金花桥,Guangzhou,本科,5-10年,5月30日,zhilian,岗位职责: 1、负责产品线天线产品设计和研发工作; 2、负责产品线天线设计可行性评估，参与预研技术的评估; 3、负责分析解决产品开发及售后中的天线相关问题; 4、参与天线产品调试、联试、测试验证工作，提供测试记录; 5、提供生产所需的天线相关测试标准及内容，参与为生产提出的产品测试指标的制定; 6、编写项目文档、质量记录以及其他有关文档; 7、完成系统总工要求完成的其他工作。 任职资格: 1、电磁场与微波技术等相关专业，硕士及以上学历(特别优秀者可放宽); 2、能够完成天线指标论证和方案设计，能够完成天线单元设计和馈电网络设计; 3、能熟练使用矢网、信号源、频谱仪等仪器，熟练掌握天线指标的测试; 4、基础理论扎实，有意愿长期从事天线研发工作者优先。 职位福利：五险一金、年底双薪、加班补助、定期体检、员工旅游、周末双休、项目奖金、节日福利 职位亮点：行业极优，平台优、薪酬机制好、发展空间大 工作地点 四川省成都市武侯区武青西四路3号 以担保或任何理由索要财物，扣押证照，均涉嫌违法。一经发现， 立即举报,天线,http://www.zhaopin.com/jobdetail/CC168076210J40288462312.htm?refcode=4019&srccode=401901&preactionid=bd70fec2-2f45-4ebf-8c26-dff2ffd50e1c
汽车无线通信工程师,天津市联众伟业劳务派遣有限公司,1.2-2万·14薪,扬州·高邮市·卸甲镇,Guangzhou,本科,3-5年,7月19日,zhilian,职位描述 卫星通信 蓝牙/Wi-Fi 卫星移动通信 微波射频 天线设计 射频设计 移动通信 无线通信 手机行业 汽车行业 智能网联汽车 1.开展智能网联汽车无线通信技术研究和产品测试验证工作； 2.执行测试工作，记录测试相关文件，编写或审核测试报告，协助客户解决测试中出现的问题； 3.任职年限：“211”本科或以上学历，电子、电气、通信等相关专业，3~5年无线通信相关工作经验，手机、汽车等 4.技能水平：熟悉天线原理和通信原理，熟悉天线性能测试标准和测试方法，熟练使用天线OTA测试设备和测试系统，有通信终端、无线射频、天线OTA相关测试经验，有主机厂项目经验优先； 5.有实验室工作经验优先，了解实验室质量体系，有实验室CNAS扩项经验； 6.有一定的英文文献阅读能力；具有较强的自驱力和创新能力，较好的问题分析能力，且能承担一定的工作压力；具备良好的沟通能力，有主动积极的学习态度，对待工作认真负责。 工作地点 扬州市-高邮市-八支渠路 以担保或任何理由索要财物，扣押证照，均涉嫌违法。一经发现， 立即举报 客户,"卫星通信,蓝牙/Wi-Fi,卫星移动通信,微波射频,天线设计,射频设计,移动通信,无线通信,手机行业,汽车行业,智能网联汽车",http://www.zhaopin.com/jobdetail/CC339687210J40793523807.htm?refcode=4019&srccode=401901&preactionid=bd70fec2-2f45-4ebf-8c26-dff2ffd50e1c
天线设计工程师,天津七六四通信导航技术股份有限公司,9000-18000元·13薪,天津·西青·大寺,Guangzhou,本科,3-5年,9月25日,zhilian,岗位职责： 1、掌握天线和微波电路基本理论，能够独立完成天线（阵列）和馈电网络分析、仿真、设计 2、熟悉使用矢量网络分析仪/频谱等仪表，能够独立完成微波电路测试及解决出现的问题 3、对设备现场使用过程中遇到的天线场地问题能够建模仿真分析 4、完成设计图纸归档工作 任职资格： 1、本科及以上学历，电磁场与微波技术、电子工程等相关专业 2、熟练使用仿真软件、PCB原理图绘制软件等 3、具有相关建模和仿真经验者优先 职位福利：五险一金、绩效奖金、带薪年假、定期体检、节日福利、住房补贴、采暖补贴、周末双休 奖金绩效 项目奖金 工作地点 西青区天津七六四通信导航技术有限公司 以担保或任何理由索要财物，扣押证照，均涉嫌违法。一经发现， 立即举报,"天线设计,矢量网络分析仪,天线",http://www.zhaopin.com/jobdetail/CC138891840J40181257011.htm?refcode=4019&srccode=401901&preactionid=bd70fec2-2f45-4ebf-8c26-dff2ffd50e1c
射频开发工程师,域信通(西安)信息技术有限公司,1.2-2.4万,西安·雁塔·丈八沟,Guangzhou,大专,1-3年,3月24日,zhilian,岗位职责：1、手机射频系统开发经验 2、计算机相关专业 3、PCB 设计经验 4、功率信号干扰天线调试 任职要求：1、据采用的手机平台和业内技术水平确定手机各射频指标的设计目标 2、按照3GPP/电信运营商/手机品牌公司的规范测试手机在各通讯制式(GSM/CDMA/WCDMA/TD-SCDMA/LTE)下的射频性能: 3、分析调试解决测试时发现的问题: 4、设计手机RF电路图，检查PCBlayout; 工作地点 西安雁塔区泰华金贸国际-4号楼 以担保或任何理由索要财物，扣押证照，均涉嫌违法。一经发现， 立即举报,在线音乐/视频/阅读,http://www.zhaopin.com/jobdetail/CCL1479166660J40790366014.htm?refcode=4019&srccode=401901&preactionid=bd70fec2-2f45-4ebf-8c26-dff2ffd50e1c
射频天线工程师,成都怀步微波技术有限公司,1.8-3.5万·13薪,成都·武侯·簇锦,Guangzhou,本科,5-10年,6月10日,zhilian,岗位职责 1）主导和负责公司天线项目前期的方案论证、仿真与设计，制定相关技术路线以及天线系统指标的分解。 2）负责公司天线单元或天线阵面的设计与仿真，包括T/R组件接口匹配、幅相校准、波束成形（模拟 / 数字 DBF）设计与仿真。 2、任职要求 1）电磁场与电磁波相关专业，精通阵列天线理论、相控阵原理、波束成形技术，熟悉栅瓣抑制、阵元耦合、幅相校准等工作原理。熟悉惯导/GNSS姿态融合，波束指向控制原理，熟悉天线转台相关工作流程，熟悉雷达、通信相关原理，能从系统角度进行天线相关指标的分解。 2）精通 HFSS/CST/ADS/MATLAB等仿真相关软件，具有10年以上天线相关设计工作经验，具有5年以上独立负责天线系统的设计经验。 3、薪资待遇 1.8W~3.6W/月。 奖金绩效 五险一金、餐补、体检、聚餐、下午茶零食、节日福利、带薪假期 工作地点 成都武侯区智领大厦 以担保或任何理由索要财物，扣押证照，均涉嫌违法。一经发现， 立即举报,"天线设计,射频设计",http://www.zhaopin.com/jobdetail/CC865641990J40866053309.htm?refcode=4019&srccode=401901&preactionid=bd70fec2-2f45-4ebf-8c26-dff2ffd50e1c
电子工程师助理,合肥创微微波器件设计有限公司,7000-9000元,合肥·蜀山·高新区,Guangzhou,本科,经验不限,6月24日,zhilian,岗位职责: 1. 在公司工程师指导下进行电子器件系统设计； 2. 在公司帮助下开展天线、器件系统测试； 3.负责雷达、通信或者天线及阵列天线研制工作。 任职资格: 1.电子相关专业毕业，包括信号与信息处理，通信与信息系统、电磁场与微波技术、电子与通信工程、电子科学与技术等，本科及以上； 2.会HFSS、AUTOCAD软件的优先考虑； 3.勤奋好学，能适应经常加班的工作需要； 4.具有相控阵天线、超宽带阵列天线、共形阵列天线、毫米波阵列天线、频率选择表面、人工电磁材料、隐身天线、多物理场仿真等方向研制经验的优先录用。 工作地点 合肥蜀山区安徽星耀山河能源科技有限公司 以担保或任何理由索要财物，扣押证照，均涉嫌违法。一经发现， 立即举报,"设计,研发",http://www.zhaopin.com/jobdetail/CCL1353939130J40882738903.htm?refcode=4019&srccode=401901&preactionid=bd70fec2-2f45-4ebf-8c26-dff2ffd50e1c
天线设计工程师,西安艾尚智汇电子科技有限公司,1-1.5万,西安·长安·韦曲,Guangzhou,本科,3-5年,5月21日,zhilian,职位描述 微波雷达 天线 天线设计 船舶/航空/航天/军工 （1） 负责各类天线的设计开发工作，主要包括微带天线、振子天线、喇叭天线、平面螺旋天线及阵列天线等研发设计工作； （2） 根据技术要求完成天线方案制定； （3） 天线详细设计与仿真工作，与结构工程师配合完成天线设计图样； （4） 天线开发流程中的报告编制； （5） 样品的调测及转产工作，负责研制、试生产、量产过程中技术问题分析和解决；负责所研发项目的技术跟踪、改进工作。 任职要求： （1） 电子信息，通信工程，电磁场微波等相关专业，本科及以上学历，两年以上工作经验； （2） 熟悉电磁场与微波理论基础，拥有天线及其阵列相关设计经验，熟悉天线的选型，仿真设计，制造加工，测试等流程； （3） 掌握一种或多种天线及PCB设计工具，熟悉ADS/HFSS/FEKO/AWR等仿真工具； （3）具备技术创新能力，乐于挖掘天线技术的新方向，新动态； （4）具备良好的团队合作精神和沟通能力，能够与其他团队成员有效协作，共同完成项目任务； （5）有相控阵天线经验者优先。 工作地点 西安长安区秦创原·航天新经济科技园(建设中) 以担保或任何理由索要财物，扣押证照，均涉嫌违法。一经发现， 立即举报,"微波雷达,天线,天线设计",http://www.zhaopin.com/jobdetail/CC606054880J40682097206.htm?refcode=4019&srccode=401901&preactionid=bd70fec2-2f45-4ebf-8c26-dff2ffd50e1c
微波天线工程师,哈尔滨军科科技有限公司,5000-8000元,哈尔滨·松北·万宝,Guangzhou,本科,1-3年,7月22日,zhilian,职位描述 射频电路设计 天线设计 射频测试 天线 通用设备制造 金属制品/机加工 岗位内容： 1. 负责天线系统设计、仿真、测试和验证。 2. 协助团队处理各种技术问题，推动项目进展并提供技术支持。 3. 收集和分析市场和行业资讯，参与竞争对手分析和产业趋势研究。 4. 协助团队确定技术方向和开发计划，制定相应的项目规划和管理。 任职要求： 1. 具备扎实的电子基础知识和较强的技术能力，能够独立完成射频电路设计和仿真。 2. 熟悉常用的射频器件和射频测试仪器，具备一定的硬件测试经验。 3. 对于射频产品及其应用有基本的认识和理解，了解射频市场和行业发展趋势。 4. 具备良好的团队协作精神和沟通能力，关注用户需求和体验。 工作地点 黑龙江省哈尔滨市松北区巨宝三路1299号(万鑫石墨谷产业园区内) 以担保或任何理由索要财物，扣押证照，均涉嫌违法。一经发现， 立即举报,"射频电路设计,天线设计,射频测试,天线",http://www.zhaopin.com/jobdetail/CCL1303015370J40752591307.htm?refcode=4019&srccode=401901&preactionid=bd70fec2-2f45-4ebf-8c26-dff2ffd50e1c
天线工程师（中级）,深圳市联壹胜实业有限公司,2.6-5万,深圳·龙华·龙华,Guangzhou,硕士,3-5年,7月16日,zhilian,职位描述 天线设计 1、负责天线预研技术、阵列技术等研究工作，并负责新技术的产品落地交付工作； 2、负责针对指标要求进行天线选型、方案设计、仿真等工作； 3、 负责新产品开发过程中的对外技术交流； 4、 负责天线测试及数据处理分析； 5、承接天线流程、标准、平台建设等公共事务的建设工作。 任职资格: 1.、硕士以上学历，电磁场与微波技术、通信、电子工程与无线电物理等相关专业，4年及以上天线工作经验； 2、天线理论和基础扎实，具备较好的技术视野，掌握各种常规天线方案的原理以及产品应用经验； 3、掌握天线仿真工具和具备天线精细化仿真能力。 待遇： 1. 五险一金：公司为员工缴纳养老保险、医疗保险、失业保险、工伤保险、生育保险及住房公积金。（交一档社保，公积金各边交缴纳10%比例） 2. 商业保险：公司在法定五险一金之外，为员工额外购买商业保险，作为福利补充。 3.次月10号发工资（薪酬有一定竞争性）。 4.对入职满一定工龄且绩效良好以上员工分配一定股权激励 工作地点 深圳龙华区祥利工业园-第四厂房 以担保或任何理由索要财物，扣押证照，均涉嫌违法。一经发现， 立即举报,天线设计,http://www.zhaopin.com/jobdetail/CC874525950J40850060113.htm?refcode=4019&srccode=401901&preactionid=bd70fec2-2f45-4ebf-8c26-dff2ffd50e1c
硬件工程师,广东顺德雷舜信息科技有限公司,1.6-2.5万·13薪,佛山,Guangzhou,本科,3-5年,7月19日,zhilian,职位描述 硬件开发 硬件电路设计 硬件测试 通信工程 电路设计 智能硬件 物联网 职位描述： 1. 负责产品硬件方案设计，包括器件选型、原理图设计、PCB Layout设计及设计评审； 2. 负责硬件产品的设计、开发、调试、验证及维护，确保产品满足性能、可靠性及成本要求； 3. 负责产品功能调试、性能测试及问题分析，持续优化产品设计； 4. 编写和维护硬件设计文档、测试文档、BOM、生产工艺文件等研发资料，并支持试产、量产导入及生产问题解决； 5. 负责产品可靠性测试、EMC/安规等测试验证，并配合完成国内外产品认证相关技术支持； 6. 分析售后返修产品及生产异常，定位根本原因，制定并推动改善方案落地，持续提升产品质量和可靠性； 7. 与软件、结构、测试及供应链等部门紧密协作，推动产品开发进度，确保项目按计划完成； 8. 跟踪行业新技术、新器件的发展，持续优化产品方案及降低产品成本。 任职要求： 1. 本科及以上学历，电子信息工程、通信工程、自动化、计算机、测控技术、电子科学与技术、生物医学工程、精密仪器等相关专业； 2. 3年以上硬件开发工作经验，具有完整产品从研发、试产到量产导入经验； 3. 熟悉消费电子或物联网产品开发流程，具备智能硬件产品开发经验； 4. 熟悉LTE、LTE-M、NB-IoT、GPS/GNSS、Wi-Fi、Bluetooth等无线通信技术中的一种或多种，具有相关项目经验者优先； 5. 具备射频电路、天线设计与调试经验者优先，能够配合完成射频性能优化及EMC整改； 6. 扎实的数字电路、模拟电路、电源设计、信号完整性及嵌入式硬件基础知识； 7. 熟悉ARM嵌入式硬件平台设计，具备原理图设计、PCB设计、硬件调试及故障分析能力； 8. 熟练使用Altium Designer（或Cadence、Protel等EDA工具）进行原理图及PCB设计； 9. 熟悉无线产品EMC/EMI、安规及可靠性设计，具备CE、FCC、RED等认证相关经验者优先； 10. 具备良好的问题分析与解决能力，工作认真负责，具有良好的团队协作及沟通能力。 职位福利：餐补、补充医疗保险、全勤奖、交通补助、带薪年假、员工旅游、项目奖、住房补贴、双休 工作地点 佛山顺德区国泰南路3号保利商贸中心1座6楼608 以担保或任何理由索要财物，扣押证照，均涉嫌违法。一经发现， 立即举报,"硬件开发,硬件电路设计,硬件测试,通信工程,电路设计,智能硬件",http://www.zhaopin.com/jobdetail/CZ693240380J00362701007.htm?refcode=4019&srccode=401901&preactionid=bd70fec2-2f45-4ebf-8c26-dff2ffd50e1c
天线设计工程师,成都星卫讯科技有限公司,1.6-2.5万·13薪,成都·武侯·桂溪,Guangzhou,本科,3-5年,7月21日,zhilian,岗位职责： 1.负责L/S/C/Ku/Ka相控阵总体天线设计、天线罩设计； 2.负责制版厂家工艺技术沟通、天线结构设计沟通； 3.负责天线无源测试及有源测试等，编写测试文档； 4.负责天线天线阵面以及馈电网络的仿真、设计设计工作; 5.协助总体工程师完善整机系统方案; 6.协助射频工程师完成天线阵面与射频链路的互联，以及协同仿真; 7.负责天线产品调试、联试、测试验证工作，提供测试记录; 二、任职要求： 1、本科及以上学历，电磁场与微波技术、通信工程、天线设计等相关专业。 2、3-5年L/S/C/Ku/Ka频段相控阵天线设计经验。 3、熟悉相控阵天线及天线罩设计。 4、熟练运用HFSS/CST仿真工具，具备扎实电磁理论与结构适配能力。 5、熟悉天线制版工艺，能独立对接制版厂家、结构团队，推进设计优化迭代。 6、掌握天线无源/有源测试流程，能独立完成测试、数据复盘及测试文档编写，熟悉测试设备操作。 7、了解天线环境适应性、EMC要求，具备较强问题排查与跨团队协作能力，抗压能力强。 工作地点 成都武侯区菁蓉汇-3A号楼12楼 以担保或任何理由索要财物，扣押证照，均涉嫌违法。一经发现， 立即举报,"天线设计,卫星",http://www.zhaopin.com/jobdetail/CCL1367875620J40910725703.htm?refcode=4019&srccode=401901&preactionid=bd70fec2-2f45-4ebf-8c26-dff2ffd50e1c
硬件工程师(C),四川创一智慧科技有限公司,7000-12000元,成都·青羊·文家,广州,本科,经验不限,7月13日,zhilian,职位描述 PCB设计 智能硬件 消费电子产品 STM系列 ARM系列 通信/电子/半导体/硬件 C语言 物联网智能硬件终端产品开发，基于STM32、Linux，Android主控SOC进行NB-IOT、4G、5G等通信智能终端开发。 【岗位要求】 要求统招本科以上学历，通信工程、电子信息工程，物联网工程等专业。 拥有硬件开发与嵌入式开发能力。 熟悉物联网类产品硬件架构 熟悉物联网类主控外设通信等硬件设计 熟悉物联网云管端工作流程 有一定的物联网硬件产品开发经验 了解通信原理和射频天线原理。 了解整机设计流程和项目流程 会使用AD、PADS、Candence制作SCH原理图、PCB Layout图（4层基础以上），具备初步的EMC/ESD等性能仿真能力 具备汇编语言、c语言编程能力 会使用Matlab工具或具备python语言能力 工作地点 成都青羊区青羊工业总部基地K区20栋三楼 以担保或任何理由索要财物，扣押证照，均涉嫌违法。一经发现， 立即举报,"PCB设计,智能硬件,消费电子产品,STM系列,ARM系列,通信/电子/半导体/硬件,C语言",http://www.zhaopin.com/jobdetail/CC482914230J40460516102.htm?refcode=4019&srccode=401901&preactionid=f46a4da2-498f-40c5-ae5c-7c73a238605d
测试工程师,泰州苏中天线集团有限公司,3000-4000元,芜湖·鸠江区·湾里街道,广州,本科,经验不限,,zhilian,岗位职责 1、负责车载天线样品、量产产品射频性能测试，完成测试方案制定、样品测试、数据记录与问题分析； 2、使用频谱分析仪、网络分析仪开展射频指标测试，整理测试报告； 3、跟踪测试异常问题，同步研发、供应链推进改善； 4、配合项目需求完成短期外出测试、现场调试等出差工作。 任职要求 1、电子工程、通信、射频相关专业优先，熟悉天线基础设计原理者优先考虑； 3、熟练使用频谱分析仪、网络分析仪等射频测试仪器，掌握基础操作； 4、能够使用 CAD 进行绘图；熟练运用 Excel、Word 完成数据整理、测试报告编制； 5、接受短期出差，具备良好抗压能力、问题排查思维； 6、工作认真踏实、责任心强，吃苦耐劳，沟通顺畅。 薪资待遇 • 月薪：4000 元起 • 缴纳五险一金，不提供住宿 其他信息 • 工作地点：芜湖 / 泰州 • 到岗时间：8月份上岗 • 适应短期出差 展开该职位详情,"性能测试,频谱分析仪,网络分析仪",http://www.zhaopin.com/jobdetail/CC222802710J41002894302.htm?refcode=4019&srccode=401901&preactionid=f46a4da2-498f-40c5-ae5c-7c73a238605d
天线工程师,江苏吉凯微波技术有限公司,1.6-3万,苏州·相城·阳澄湖,广州,本科,5-10年,7月25日,zhilian,职位描述 卫星通信 微波射频 天线设计 1.配合总体进行系统方案论证，协助完成系统级方案设计报告； 2.负责天线设计可行性评估，根据天馈线系统指标进行阵面设计，并进行天线阵列的仿真设计； 3.熟悉多种形式的相控阵天线，如微带贴片、波导缝隙、偶极子等；理解各种形式的天线指标，可以独立建模，指标优化； 4.负责项目实施过程中天线生产、暗室测试、系统联试及文档编写工作； 5.熟悉暗室测试方法，熟练掌握矢量网络分析仪、频谱仪、信号源等常规仪表的使用； 6.具备良好的专业英语阅读能力；具备很好的沟通能力，较强的责任心和团队意识。 任职要求: 1.本科及以上学历(实际工作经验丰富者可放宽学历要求)，电子、微波、无线电、通信类相关专业毕业； 2.精通ADS、HFSS等仿真软件，熟悉AD、CAD或DXP等制图软件，有较强的动手能力； 3.具有5年以上天线设计经验； 4.熟练使用矢量网络分析仪、频谱仪、信号源等测试仪器； 5.具有良好的自学能力，沟通协调能力和团队合作精神； 6.有管理团队经验者优先； 7.优秀者薪资可面议。 工作地点 苏州相城区北斜宅路 以担保或任何理由索要财物，扣押证照，均涉嫌违法。一经发现， 立即举报,"卫星通信,微波射频,天线设计",http://www.zhaopin.com/jobdetail/CC845041260J40827866401.htm?refcode=4019&srccode=401901&preactionid=14405d89-1f26-4e30-83ad-9a4afe30428d
天线调试技术员,光启技术股份有限公司,6000-9000元,佛山·顺德·杏坛,广州,大专,经验不限,7月26日,zhilian,岗位职责：从事天线的调试，线缆的敷设分析。 岗位要求：愿意加班、机械、电子相关专业 工作地点 广东省佛山市顺德区杏坛镇顺业西路17号佛山顺德区佛山顺德光启尖端装备有限公司顺业西路17号 以担保或任何理由索要财物，扣押证照，均涉嫌违法。一经发现， 立即举报,"仪器仪表,专用设备制造,船舶/航空/航天/军工",http://www.zhaopin.com/jobdetail/CC526342880J40788979306.htm?refcode=4019&srccode=401901&preactionid=14405d89-1f26-4e30-83ad-9a4afe30428d
射频天线工程师,软通动力信息技术(集团)股份有限公司,1.1-1.8万,东莞·大朗镇,广州,本科,3-5年,7月24日,zhilian,岗位职责:1、电子通信，通信系统，射频电路，微波技术等相关专业，统招本科:2、掌握射频基本理论，熟悉手机射频基本指标，射频器件原理、规格、工艺知识;3、熟悉手机射频器件选型，原理图&PCB，熟悉射频电路调试，基本指标测试，具备接010005/0201封装器件的能力;4、熟练使用仿真软件，ADS/CST/HFSS等。 工作地点 东莞华为南方生产基地C区 以担保或任何理由索要财物，扣押证照，均涉嫌违法。一经发现， 立即举报,"天线设计,射频开发",http://www.zhaopin.com/jobdetail/CC000544460J40666419616.htm?refcode=4019&srccode=401901&preactionid=731f884a-afa5-4dbe-89b4-a8319b796d9c
天线工程师,陕西四菱电子科技股份有限公司,8000-15000元,西安·雁塔·丈八沟,广州,本科,1-3年,3月13日,zhilian,职位描述 天线设计 射频测试 射频仿真 相控阵天线 雷达产品 技术文档编写 一、工作职责 1. 主导相控阵、雷达等天线产品的电气设计与开发，从方案规划到落地实现全流程把控。 2. 针对现有天线产品进行性能改良与优化，解决实际应用中的信号传输、抗干扰等技术问题。 3. 编写天线设计规范、测试报告等技术文档，确保研发过程可追溯、可复用。 4. 为生产、测试及客户侧提供天线相关的技术支持，协助解决产品落地中的实际问题。 二、任职要求 1. 本科及以上学历，电磁场与电磁波、天线与电波传播、微波技术、电子信息或通信工程等相关专业。 2. 掌握扎实的电磁场、电磁波理论及天线设计原理，能独立完成天线性能的理论分析。 3. 熟悉微带天线、阵列天线等主流天线形式的工作原理，具备实际设计经验优先。 4. 能熟练操作网络分析仪、信号源、频谱仪等射频测试仪器，掌握天线性能测试方法。 5. 精通HFSS、CST、AWR等至少2种仿真软件，可通过仿真优化天线结构与性能。 6. 具备良好的团队协作能力、动手实践能力及问题解决能力，能适应项目周期内的工作节奏。 7. 拥有1年及以上天线开发经验；优秀应届生若理论基础扎实、掌握核心工具，也可考虑。 三、补充说明 1. 薪酬福利：缴纳五险一金；享带薪年假、法定节假日、高温假；每日餐补、节日福利及不定期团建；提供专业培训与晋升通道，支持不定期调薪及各项奖励。 2. 上班时间：周一至周五8:00-17:30。 3.工作地址：西安市雁塔区锦业路71号（公交车丈八六路站或在地铁六号线丈八六路站） 4. 职位亮点：公司2026年底将搬迁至咸阳泾阳县西安万洋众创城，新址配备现代化办公设施与产业集聚资源，为职业发展提供更广阔平台，欢迎踊跃投递简历，加入我们的团队，与公司一同在新的起点乘风破浪，共筑未来！ 工作地点 陕西省西安市雁塔区丈八六路辅路雁塔区中航富士达科技股份有限公司射频连接器产业基地 以担保或任何理由索要财物，扣押证照，均涉嫌违法。一经发现， 立即举报,"天线设计,射频测试,射频仿真,相控阵天线,雷达产品,技术文档编写",http://www.zhaopin.com/jobdetail/CCL1228820960J40970926104.htm?refcode=4019&srccode=401901&preactionid=731f884a-afa5-4dbe-89b4-a8319b796d9c
数字电路工程师（校招）,安徽雷图科技有限公司,1.2-2.4万·13薪,合肥·肥西·桃花,广州,本科,经验不限,7月25日,zhilian,岗位职责： 1.数字电路设计和调试； 2.系统控制相关FPGA设计、编码和测试； 3.高速AD/DA相关FPGA设计、编码和测试； 4.天线波束控制相关FPGA设计、编码和测试。 奖金绩效 早九晚六、双休、五险一金 、餐补 、交补、租房补贴 工作地点 安徽省合肥市肥西县创新大道666号C座 以担保或任何理由索要财物，扣押证照，均涉嫌违法。一经发现， 立即举报,"数字电路,Verilog,MATLAB,熟练使用MENTOR、PADS",http://www.zhaopin.com/jobdetail/CCL1484623090J40906216215.htm?refcode=4019&srccode=401901&preactionid=731f884a-afa5-4dbe-89b4-a8319b796d9c
系统集成工程师（光电/雷达/通信方向）,沈阳润辰科技有限公司,9000-15000元,沈阳·皇姑,广州,本科,5-10年,7月14日,zhilian,岗位职责 1、负责系统集成方案设计与落地，涵盖光电设备、各体制雷达、无线电侦测与测向、监测传感器等硬件系统，以及多源软件平台的深度整合。 2、主导软件多系统集成，打通独立子系统，完成数据融合、接口定义、协议转换与业务流程联动。 3、编制系统集成总体技术方案、接口控制文件及测试验收大纲，组织软硬件联调联试，解决异厂家设备间的兼容性、时序配合、通信异常等疑难问题。 4、负责项目全周期管理，协调硬件厂商、软件开发团队、工程实施方及客户，把控进度、成本、质量与风险，确保多系统集成项目按期高质量交付。 5、指导并参与海上/岸基/船载现场的硬件安装部署与调测，包括雷达天线、光电转台、技侦天线、传感器等设备的就位标校、网络规划与系统开通。 6、需求分析、现场勘查、技术方案编写和演示汇报，提供专业集成技术支撑。 --- 任职要求 1. 学历专业 统招本科及以上学历，电子信息工程、通信工程、雷达工程、光电信息科学与工程、计算机等相关专业。 2. 经验背景 5年以上雷达/光电/无线电探测、系统集成、硬件测试或设备联调等相关经验，具有防务、系统集成或大型物联网系统集成项目落地经验者优先。 3. 硬件与网络能力 · 熟悉雷达、光电、通信中至少1-2个领域的产品原理及关键指标，能参与产品性能评估； · 熟悉以太网通讯及常见工业协议，具备交换机、服务器、工控机等IT设备选型和基础调试能力； · 理解软硬件接口协议，具有模块对接、数据联通及基础故障定位能力。 4. 需求转化与技术文档能力 具备将客户需求转化为可执行技术指标的能力，能独立或协作完成技术规格书、测试报告及集成方案，逻辑思维清晰。 5. 综合素质 跨团队沟通协调能力良好，能适应多项目并行节奏，工作严谨负责，可接受短期出差。 --- 加分项 · 持有系统集成项目管理工程师、PMP等相关认证 · 了解质量管理体系GJB标准 · 985/211优先 工作地点 沈阳皇姑区中海盛京府-63栋1单元701 以担保或任何理由索要财物，扣押证照，均涉嫌违法。一经发现， 立即举报,"C++,边海防",http://www.zhaopin.com/jobdetail/CC283280380J40827190816.htm?refcode=4019&srccode=401901&preactionid=e6ce2393-a3da-4c20-b298-7f5f2a909313
资深天线工程师,苏州天镜韵湖智能科技有限公司,2-3万,苏州·昆山·花桥,广州,硕士,3-5年,7月11日,zhilian,职位描述 专用设备制造 主要职责： 1. 负责SAR项目所需天线的电磁仿真、设计与优化，确保天线性能指标，对接三方生产。 2. 领导团队进行天线原型的制作、测试与验证，解决测试过程中发现的问题。 3. 参与SAR系统整体设计，提供天线方面的专业意见和技术支持。 4. 跟踪天线技术最新进展，为公司产品天线设计提供创新思路。 5. 带领团队进行技术难题攻关，提升天线设计效率与性能。 6. 编写天线设计文档、测试报告及技术规范;撰写天线相关专利。 任职要求： 1. 硕士及以上学历，天线工程、电磁场与微波技术等相关专业，CET4级及以上。 2. 3年以上天线工程师工作经验，有SAR或类似雷达系统天线设计经验者优先。 3. 精通天线设计理论与方法，熟悉电磁仿真软件（如CST、HFSS等）。 4. 具备良好的团队领导能力，能够激发团队创新活力，完成复杂天线设计项目。 5. 优秀的分析问题和解决问题的能力，能够在复杂环境下找到有效解决方案。 6. 出色的沟通能力和团队协作精神，能够与研发、生产、测试等多部门紧密合作。 工作地点 江苏省苏州市昆山市章基路135号14幢801 以担保或任何理由索要财物，扣押证照，均涉嫌违法。一经发现， 立即举报,专用设备制造,http://www.zhaopin.com/jobdetail/CCL1464459530J40800384411.htm?refcode=4019&srccode=401901&preactionid=e6ce2393-a3da-4c20-b298-7f5f2a909313
天线设计工程师,安徽雷图科技有限公司,1.2-2.4万·13薪,合肥·肥西·桃花,广州,本科,1-3年,7月24日,zhilian,岗位职责： 1.前沿新体制智能化相控阵天线系统研究； 2.超宽带、低剖面、轻量化天线辐射阵面设计； 3.高效率天线波束赋型优化算法研究； 4.星载/机载/预研项目天线子系统研制。 工作地点 安徽省合肥市肥西县创新大道666号C座 以担保或任何理由索要财物，扣押证照，均涉嫌违法。一经发现， 立即举报,"天线波束赋型优化,天线设计,相控阵天线,卫星,毫米波雷达,微波雷达,HFSS/CST/FEKO,MATLAB/PYTHON,C++,星载/机载",http://www.zhaopin.com/jobdetail/CCL1484623090J40689193015.htm?refcode=4019&srccode=401901&preactionid=d007f8fd-48c3-413c-8293-47130a8400d9
天线工程师,四川凯锐人力资源管理有限公司,1.7-2.5万,成都·郫都·合作街道,广州,硕士,3-5年,6月3日,zhilian,职位描述 天线设计 漏波天线！！！ 天府无线智能研究院，事业单位直招岗位（非外包派遣） 从事天线相关技术研究，硬性要求：硕士5年以上工作经验，博士+3年以上工作经验。 月薪+年终绩效（硕士年薪20W+ ，博士年薪30W+） 早九晚六，周末双休，3个月试用期，试用期薪资八折，签3年合同 试用期按试用期的工资基数买，转正社保按照转正工资买，公积金次年统一调整 15日含15之前入职买当月五险一金，15日之后入职次月开始购买 工作地点 成都郫都区IC设计产业园区1 以担保或任何理由索要财物，扣押证照，均涉嫌违法。一经发现， 立即举报 客户,天线设计,http://www.zhaopin.com/jobdetail/CC641645220J40886621113.htm?refcode=4019&srccode=401901&preactionid=d007f8fd-48c3-413c-8293-47130a8400d9
【校招】逻辑工程师,成都天锐星通科技股份有限公司,1-1.6万·13薪,成都·武侯·石羊,广州,本科,经验不限,7月4日,zhilian,岗位职责： 1)负责FPGA逻辑需求分解、方案设计，编写相关设计文档、调测试过程文档、使用说明文档； 2)负责相控阵天线波束控制算法的FPGA实现； 3)负责相控阵天线性能优化算法实现（极化合成算法，交叉极化优化算法，拟合等算法等）的FPGA实现； 4)负责FPGA代码编写，时序、功耗、面积/资源优化，保证FPGA最优化实现； 5)参与硬件联调及系统联合调试。 任职资格： 1)通信工程、电子信息、自动化等相关专业，本科及以上学历； 2)有FPGA设计经验，熟悉FPGA开发流程，能使用大规模逻辑设计相关开发工具。 3)熟悉跨时钟域信号处理方法，具备FPGA时序分析及优化能力； 4)具有良好的沟通能力和团队协作精神。 工作地点 成都武侯区天府新谷-10号楼 以担保或任何理由索要财物，扣押证照，均涉嫌违法。一经发现， 立即举报,Verilog HDL,http://www.zhaopin.com/jobdetail/CC336169030J40748218509.htm?refcode=4019&srccode=401901&preactionid=d007f8fd-48c3-413c-8293-47130a8400d9
天线设计工程师,天仪研究院,8000-16000元,合肥·蜀山·五里墩,广州,本科,经验不限,7月13日,zhilian,岗位职责： 1、负责天线方案设计、仿真计算； 2、负责天线测试、集成； 3、配合总体设计人员完成相关联试工作。 工作地点 安徽省合肥市蜀山区青阳路1222号 以担保或任何理由索要财物，扣押证照，均涉嫌违法。一经发现， 立即举报,"射频仿真,卫星,微波雷达,天线",http://www.zhaopin.com/jobdetail/CC283570780J40662465102.htm?refcode=4019&srccode=401901&preactionid=d007f8fd-48c3-413c-8293-47130a8400d9
天线总体工程师,湖南航天环宇通信科技股份有限公司,1.5-2.5万·14薪,长沙·岳麓·麓谷,广州,本科,5-10年,7月22日,zhilian,岗位职责： 1、负责反射面天线总体方案设计与全流程管控，开展指标论证、数据分析、专项技术信息收集与整理，完成方案论证与总体技术方案的编写； 2、统筹各专业（天线、伺服、结构、软件、硬件、电气等）协同设计，解决跨专业兼容性、电磁干扰、尺寸约束等系统级难题； 3、主导关键技术攻关，针对增益、波束、功耗、轻量化等性能瓶颈制定优化方案，组织各级技术评审，把控设计风险、成本与进度； 4、组织竞标技术方案的编写与把控； 5、负责与客户、供应商的技术对接，把控项目的整体成本、技术风险与计划节点； 6、持续迭代优化产品设计，降低制造成本，提升生产效率。 任职要求： 1、本科及以上学历，电磁场与微波技术、电子信息等相关专业；硕士及以上学历优先； 2、5年以上天线产品设计经验，2年以上天线系统产品总体或项目经理岗位经验，具有独立负责完整天线整机项目经验，有Ku/Ka毫米波、相控阵、毫米波雷达等研发经验优先； 3、具有较强的天线产品综合设计能力，熟练掌握至少一种电磁仿真软件，掌握ADS射频链路仿真、MATLAB系统建模计算等； 4、熟悉射频链路预算、指标分解、分系统接口定义，掌握T/R组件、馈电网络、伺服系统匹配设计； 5、具备较强的逻辑思维能力和沟通协作能力，具有一定的抗压能力，踏实肯干、责任心强。 工作地点 长沙岳麓区环宇航空产业园 以担保或任何理由索要财物，扣押证照，均涉嫌违法。一经发现， 立即举报,"反射面天线,毫米波天线",http://www.zhaopin.com/jobdetail/CC238591710J40957070715.htm?refcode=4019&srccode=401901&preactionid=d007f8fd-48c3-413c-8293-47130a8400d9
天线工程师（资深）,天镜韵湖(昆山)科技有限公司,2-3万·13薪,苏州·昆山·花桥,广州,硕士,3-5年,7月7日,zhilian,职位描述 PCB设计 天线设计 雷达 主要职责： 1.负责SAR项目所需天线的电磁仿真、设计与优化，确保天线性能指标，对接三方生产。 2.领导团队进行天线原型的制作、测试与验证，解决测试过程中发现的问题。 3.参与SAR系统整体设计，提供天线方面的专业意见和技术支持。 4.跟踪天线技术最新进展，为公司产品天线设计提供创新思路。 5.带领团队进行技术难题攻关，提升天线设计效率与性能。 6.编写天线设计文档、测试报告及技术规范;撰写天线相关专利。 任职要求： 1.硕士及以上学历，天线工程、电磁场与微波技术等相关专业，CET4级及以上。 2.3年以上天线工程师工作经验，有SAR或类似雷达系统天线设计经验者优先。 3.精通天线设计理论与方法，熟悉电磁仿真软件（如CST、HFSS等）。 4.具备良好的团队领导能力，能够激发团队创新活力，完成复杂天线设计项目。 5.优秀的分析问题和解决问题的能力，能够在复杂环境下找到有效解决方案。 6.出色的沟通能力和团队协作精神，能够与研发、生产、测试等多部门紧密合作。 工作地点 苏州昆山市科技企业加速器14栋801 以担保或任何理由索要财物，扣押证照，均涉嫌违法。一经发现， 立即举报,"PCB设计,天线设计,雷达",http://www.zhaopin.com/jobdetail/CCL1513336310J40901012208.htm?refcode=4019&srccode=401901&preactionid=d007f8fd-48c3-413c-8293-47130a8400d9
天线工程师（雷达方向）,陕西飓尖智控科技有限公司,1.5-2万,西安·长安·郭杜,广州,本科,3-5年,6月30日,zhilian,岗位职责： 1、负责负责80G、92G雷达及24G雷达产品的天线设计； 2、负责天线部分的优化及仿真及测试； 3、负责相关技术文档的编写、整理和维护； 4、负责与相关职能部门的协调和沟通； 任职资格： 1、本科及以上学历，微波、电子、无线电、计算机、通信、自动化、仪器仪表等相关专业； 2、3年以上工作经验，精通雷达天线理论； 3、熟悉或精通毫米波雷达定向天线者优先； 4、具有良好的软件编写规范，善于沟通，有团队合作开发经验者优先； 工作地点 西安长安区中交科技城西区-B1栋 以担保或任何理由索要财物，扣押证照，均涉嫌违法。一经发现， 立即举报,"雷达信号处理,天线设计,毫米波雷达,C++,射频设计",http://www.zhaopin.com/jobdetail/CCL1506195340J40903299103.htm?refcode=4019&srccode=401901&preactionid=d007f8fd-48c3-413c-8293-47130a8400d9
射频设计师,航天南湖电子信息技术股份有限公司,1.1-2.2万,武汉·江岸,广州,本科,经验不限,8月26日,zhilian,岗位职责： 1. 开展收发分系统及内部各插件或分机的论证及研制工作； 2. 完成收发分系统内部各插件或分机的硬件电路设计、结构布局及插件、分机接口设计等； 3. 完成收发分系统各插件、分机的主要功能、性能指标的测试、试验和研制等； 4. 完成收发系统技术文件编制及归档； 5. 完成整机及分系统联调、联试。 行业：上市公司、电子信息、行业前三甲 福利：股权激励、五险一金、人才补助、节日福利、生日福利、工作餐补、免费住宿、健身房、职工书屋、带薪休假、定期体检、职工团建、文体活动等 工作地点 江岸区武汉创立方产业园 以担保或任何理由索要财物，扣押证照，均涉嫌违法。一经发现， 立即举报,"雷达,射频电路设计,PCB设计,射频设计,射频开发,发射机,接收机",http://www.zhaopin.com/jobdetail/CC539376630J40518974216.htm?refcode=4019&srccode=401901&preactionid=d007f8fd-48c3-413c-8293-47130a8400d9
电子工程师,丹东天科射线仪器有限公司,3000-6000元,丹东·振兴区·浪头镇,广州,大专,1-3年,7月22日,zhilian,职位描述 设计 研发 安装/调试 电子电路设计 电磁兼容设计 硬件调试与故障排查 工作职责： 1. 负责射线检测仪器的电子电路设计，包括模拟信号处理、数字逻辑控制及电源模块开发。 2. 主导产品电磁兼容（EMC）设计与测试，解决电路干扰问题，确保设备符合行业标准。 3. 参与产品硬件调试与故障排查，优化电路性能，提升设备稳定性与检测精度。 4. 输出电路设计文档、BOM清单及测试报告，保障研发流程的规范性。 任职要求： 1. 专科及以上学历，电子信息工程、自动化等相关专业。 2. 1年以上电子硬件设计经验，能独立完成原理图与设计。 3. 熟悉模拟电路与数字电路设计，具备工业级设备开发经验优先。 4. 了解电磁兼容标准，掌握电路抗干扰设计方法。 5. 具备较强的问题分析能力，能独立解决硬件调试中的复杂问题。 工作地点 丹东振兴区辽宁仪器仪表园(东1门) 以担保或任何理由索要财物，扣押证照，均涉嫌违法。一经发现， 立即举报,"设计,研发,安装/调试,电子电路设计,电磁兼容设计,硬件调试与故障排查",http://www.zhaopin.com/jobdetail/CCL1347369140J40871441409.htm?refcode=4019&srccode=401901&preactionid=d007f8fd-48c3-413c-8293-47130a8400d9
动中通天线工程师,奇瑞汽车股份有限公司,1.6-1.7万·15薪,芜湖·鸠江区·芜湖经济技术开发区,广州,硕士,经验不限,7月1日,zhilian,职位描述 卫星通信 通信算法 职责描述： 负责卫星通信终端天线阵面与校准方案设计。 1.负责动中通系统的需求分析与阵面规划，联合射频工程师进行射频链路技术指标分解，参与整机方2.主导相控阵天线阵面设计，包括单元设计、波束赋形、方向图仿真； 3.设计并实施相控阵天线的校准方案，误差分析与补偿； 4.解决相控阵在整机集成中的故障问题，配合完成整机联调与性能验证。 岗位要求： 1.学历与专业：电磁场与微波技术、电子科学与技术、信息与通信工程、电子信息工程相关硕士及以上学历； 2.技术能力：熟悉相控阵设计，精通HFSS/ADS等仿真软件，具备板级相控阵或整机研发经历，掌握FGPA波控算法与校准测试流程。 工作地点 鸠江区芜湖凤鸣研创中心 以担保或任何理由索要财物，扣押证照，均涉嫌违法。一经发现， 立即举报,"卫星通信,通信算法",http://www.zhaopin.com/jobdetail/CC120922220J40866260510.htm?refcode=4019&srccode=401901&preactionid=d007f8fd-48c3-413c-8293-47130a8400d9
天线设计工程师,威海蓝天科技有限公司,8000-12000元,威海·环翠区·初村镇,广州,本科,1-3年,7月25日,zhilian,职位描述 天线设计 基站 手机 天线仿真优化 天线性能测试 跨部门协作 工作职责 1. 主导公司产品的天线方案设计、仿真与性能优化，确保天线指标精准落地。 2. 运用HFSS/CST/FEKO等仿真软件完成天线建模、辐射特性分析及仿真结果验证。 3. 负责天线样品的调试、测试与问题整改，输出专业测试报告与设计文档。 4. 协同结构、射频、硬件团队完成整机天线集成与匹配调试，保障产品无线性能。 5. 参与天线技术评审、方案选型，以及成本与工艺可行性评估。 6. 跟踪行业前沿天线技术，推动新技术、新材料、新架构的预研与工程化落地。 任职要求 1. 本科及以上学历，电磁场与无线技术、电子信息工程、通信工程、射频工程等相关专业。 2. 2年及以上天线设计开发经验，具备基站/终端/物联网/车载任一领域天线设计经验者优先。 3. 精通天线原理、阻抗匹配、辐射特性及测试方法，能独立完成天线方案设计。 4. 熟练掌握至少一种仿真软件（HFSS/CST/FEKO等），可独立完成建模、仿真优化与结果分析。 5. 熟悉矢量网络分析仪、暗室测试、频谱仪等设备操作，能独立完成天线调试与测试。 6. 具备较强的问题分析与解决能力，能独立处理天线调试及指标不达标等工程问题。 7. 工作严谨负责，拥有良好的沟通协调能力与团队协作意识。 工作地点 威海环翠区蓝天科技车间 以担保或任何理由索要财物，扣押证照，均涉嫌违法。一经发现， 立即举报,"天线设计,基站,手机,天线仿真优化,天线性能测试,跨部门协作",http://www.zhaopin.com/jobdetail/CC261458030J40945156102.htm?refcode=4019&srccode=401901&preactionid=d007f8fd-48c3-413c-8293-47130a8400d9
硬件系统集成工程师,沈阳润辰科技有限公司,1.2-1.8万,沈阳·皇姑,广州,本科,1-3年,7月17日,zhilian,岗位职责： 1、负责系统中硬件子系统的技术落地，涵盖光电、雷达、无人机、传感器等设备的选型测试、指标验证及集成调试。 2、参与系统集成项目硬件方案设计，绘制系统接口图、设备连接图、线缆表及机柜布置图，规划供配电、防雷接地、网络交换等硬件基础设施。 3、主导现场硬件安装、标校与开通：包括雷达天线架设、光电转台调平与零位校准、AIS/GPS/罗经等航姿传感器接入、传感器布放与灵敏度调节等，确保各单机设备功能正常、输出数据符合要求。 4、解决多厂商硬件设备间的接口兼容与信号适配问题，能独立完成协议转换、线缆改制。 5、负责硬件设备故障诊断与应急维修，编写硬件安装指导书、调试规程、维护手册及培训材料，对现场施工人员和客户运维团队进行技术交底和操作培训。 任职要求： 1、本科学历以上，3年以上硬件开发或硬件系统集成调试经验，至少1年从事雷达/光电/无线电监测/传感器等设备的现场调测工作，有海上、港口、船载或岛礁环境项目经历者优先。 2、扎实的模电、数电基础，能熟练看懂并分析电路原理图、接线图，熟练使用万用表、示波器、频谱仪、信号源、网络分析仪等仪器仪表排查硬件链路问题。 3、精通常见工业与传感接口调试，了解雷达视频流、光电控制等协议，能通过调试工具进行报文解析。 4、熟悉室外及海洋环境硬件安装规范，了解三防（防潮、防霉、防盐雾）、宽温工作、电磁兼容、防雷及安全接地等要求，有相关现场实施经验。 5、动手能力强，能独立完成控制箱接线、元器件焊接、机柜装配及高空/舷外设备安装工作（不恐高），能适应海上平台、港口、无人岛礁等艰苦环境的中短期出差。 6、持有低压电工操作证、登高作业证或相关特种作业证书者优先；有海上风电、智慧渔港、海防缉私、系统硬件集成经验者尤佳。 工作地点 沈阳市皇姑区昆山西路81号 以担保或任何理由索要财物，扣押证照，均涉嫌违法。一经发现， 立即举报,嵌入式技术,http://www.zhaopin.com/jobdetail/CC283280380J40831829916.htm?refcode=4019&srccode=401901&preactionid=d007f8fd-48c3-413c-8293-47130a8400d9
低频天线研发工程师,上海传诺电子科技有限公司,8000-15000元,东莞·横沥镇,广州,大专,1-3年,7月26日,zhilian,岗位职责： 1.负责低频天线产品的设计、开发和优化工作； 2.参与低频天线的研发项目，完成技术方案、图纸设计及相关技术文档； 3.指导低频天线的生产制造、工艺优化及测试验证； 4.解决研发和生产过程中遇到的技术问题。 任职要求： 1.教育背景：专科及以上学历； 2.工作经验：2年以上低频天线研发相关工作经验，有仿真分析或生产制造经验者优先；熟悉低频天线设计流程、工艺标准及行业规范； 3.技术能力：掌握低频天线设计原理、电磁场理论及机械强度计算； 熟练AutoCAD等仿真及设计工具；熟悉低频天线用材料（如绝缘材料、磁性材料）的性能及应用； 4.行业知识：了解低频天线行业市场动态、发展趋势及应用领域；了解国家及行业相关标准（如GB/T、IEC等）； 5.研发能力：具备较强的创新能力和技术钻研精神； 6.其他能力：良好的沟通能力和团队合作精神，能够与制造、测试等部门协作。 工作地点 广东省东莞市横沥镇西香路 以担保或任何理由索要财物，扣押证照，均涉嫌违法。一经发现， 立即举报,"射频设计,射频开发,射频仿真",http://www.zhaopin.com/jobdetail/CC174266710J40873683410.htm?refcode=4019&srccode=401901&preactionid=d007f8fd-48c3-413c-8293-47130a8400d9
射频天线工程师,南京国博电子股份有限公司,2.5-3.5万·15薪,南京·江宁·秣陵,广州,硕士,经验不限,6月29日,zhilian,岗位职责： 1、负责相控阵天线的整体设计工作，包括阵列拓扑结构设计、单元天线选型与仿真、馈电电路设计等，确保产品满足性能指标和项目要求。 2.、主导阵列天线的仿真分析工作，运用专业仿真软件进行阵列辐射特性、阻抗匹配、扫描特性等方面的仿真，分析仿真结果并优化设计方案。 3、参与相控阵天线的原型制作与调试，制定测试方案，完成天线性能的验证测试，包括增益、方向图、波束宽度、旁瓣电平、轴比等关键指标的测试，解决测试过程中出现的技术问题。 4、与硬件工程师、软件工程师紧密协作，保障相控阵天线与其他系统模块的兼容性和协同工作，共同推进整个产品的研发进程。 5、撰写项目开发过程中的相关技术文档，包括设计方案、仿真报告、测试报告、技术总结等，确保技术文档的完整性和规范性。 6、跟踪相控阵天线领域的最新技术动态和行业发展趋势，开展技术预研工作，为公司的技术创新和产品升级提供技术支持和建议。 任职要求： 1、硕士及以上学历。电磁场与微波技术、电路与系统、通信与信息系绕、电子与通信工程、电子科学与技术、天线与微波等相关专业； 2、具备完整的相控阵天线项目开发经验，熟悉项目开发流程，能够独立应对项目开发过程中的各种技术挑战。 3、具备有源阵列天线开发工作经验优先。 工作地点 南京江宁区正方中路155号 以担保或任何理由索要财物，扣押证照，均涉嫌违法。一经发现， 立即举报,天线,http://www.zhaopin.com/jobdetail/CC537943920J40806298007.htm?refcode=4019&srccode=401901&preactionid=df37b48e-322a-4906-bb14-c6388f482e96
射频工程师,深圳合翊讯科技有限公司,2-3.5万·13薪,深圳·宝安·西乡,广州,大专,3-5年,7月3日,zhilian,"岗位职责： 1、平板，耳机，智能家居天线调试，（陶瓷,FPC,地磁，433，2/3/4/5G），积极配合相关部门及人员，确保项目按期、按质完成; 2、消化产品需求表，选择合理的硬件方案，输出具体的技术要求及指标; 3、负责跟进产品工程样品、试产、量产三个阶段的工作，如线路及PCB板设计、PCBA堆叠评估、样品制作、调试评估、改善方案、测试治具、检测标准等； 4、负责输出线路图、PCB、BOM、贴片资料、电子规格书、元件确认书、测试标准等设计文档及标准规格； 5、负责跟进生产及客诉问题，持续改善产品生产效率及质量，降低客诉，不定期输出修机报告； 6、持续学习，总结经验教训，提高技术及项目管理水平。 任职要求： 1、 电子、自动化等相关专业，统招本科及以上学历； 2、3年以上天线工程师岗位经验； 3、独立完整跟进过项目，熟悉电子产品开发、调试流程经验者优先； 4、熟练使用至少一种射频仿真软件（如ADS、HFSS、CST等），能够运用软件进行电路仿真和优化 。 5、有产品认证经验者优先； 6、具备良好的沟通能力和团队协作精神，能够与不同部门的人员有效沟通，共同解决技术难题 。 奖金绩效 13薪及年终福利 工作地点 深圳宝安区九方广场2栋1903 以担保或任何理由索要财物，扣押证照，均涉嫌违法。一经发现， 立即举报","射频开发,天线设计,射频仿真,天线",http://www.zhaopin.com/jobdetail/CCL1488438810J40593655406.htm?refcode=4019&srccode=401901&preactionid=df37b48e-322a-4906-bb14-c6388f482e96
射频天线研发工程师,浙江戴孚斯通讯科技有限公司,2-3万,衢州·柯城区·石室乡,广州,本科,5-10年,6月29日,zhilian,职位描述 天线设计 射频设计 射频开发 射频仿真 射频天线 天线 手持终端 车载 IOT 通信/网络设备 新能源/燃油车零部件 职位职责： 1.熟悉项目资料，准确应答客户对应的RFI 2.针对TWS/TAG/手表/手环/智能音箱/机器人/VR/AR等电子产品的天线空间和环境要求非常清楚，有丰富的经验评估天线和项目进度，遇到天线和射频问题需立即拉跨部分会议讨论并给出结论； 2.参与互联layout设计，规避TDD NOISE，板端干扰TIS，电流音，链路阻抗失配，电磁干扰（电源线路，金属件，FPC排线等对天线的性能影响）； 3.积极主动攻关天线棘手问题，满足客户性能要求同时满足项目进度； 4.与客户保持沟通，跟踪项目进度，及时处理天线问题； 5.作为天线接口人，协调人力和分析验证项目的天线问题； 6.统筹天线项目方案的评审，进度协调，天线产品的样品开发及批量交付，及时协调解决开发，试制和量产中的问题和各阶段交付件输出； 工作经验： 1.8年以上射频产品天线设计开发经验，具备研发部门的日常管理工作 经验及客户对接沟通能力； 2.有8年以上小天线研发经验，熟悉各类消费产品天线形态及技术指标； 3.具有扎实的电场场理论及天线基础，精通各类形态天线的工作原理； 4.熟悉掌握CST/HFSS等天线仿真软件，对消费类产品进行电磁仿真，评估天线风险； 5.熟练掌握ADS/PADS/ALLEGRO等layout软件进行评估； 6.熟练使用网络分析仪，频谱仪，信号源，电源仪CMW270/500等综合测试仪. 7.协调好人力分析验证项目的天线问题； 8.英语好：可以作为工作语言与客人开会，沟通及写技术报告； 工作地点 衢州柯城区浙江戴孚斯通讯科技有限公司 以担保或任何理由索要财物，扣押证照，均涉嫌违法。一经发现， 立即举报,"天线设计,射频设计,射频开发,射频仿真,射频天线,天线,手持终端,车载,IOT",http://www.zhaopin.com/jobdetail/CCL1381650650J40990455102.htm?refcode=4019&srccode=401901&preactionid=df37b48e-322a-4906-bb14-c6388f482e96
相控阵天线工程师,合肥应为电子科技有限公司,2-3.5万·13薪,广州·黄埔·联和,广州,本科,3-5年,7月24日,zhilian,岗位职责 1.负责相控阵总体设计方案以及天线阵面、TR芯片技术指标分解 2.配合总体进行相控阵天线指标论证; 3.负责相控阵天线、馈电仿真设计、验证、分析; 4.负责天线阵面综合分析:给定方向图，综合出天线单元位置、相位等分布情况;给定天线单元位置、幅度、相位等分布情况，分析天线房型图 5.配合总体进行故障排查; 6.编制输出相关文档。 任职要求 1.本科及以上学历，熟悉HFSS、CST等仿真软件，熟练运用matlab进行各类天线赋形算法计算； 2.熟悉相控阵天线（宽带、低剖面、多频共口径圆极化）设计流程、原理、建模等； 3.熟悉模拟、数字相控阵标测。 工作地点 黄埔区广州程星通信科技有限公司G4-201 以担保或任何理由索要财物，扣押证照，均涉嫌违法。一经发现， 立即举报,"基站,微波雷达,卫星,毫米波雷达,收发信机,雷达,天线,滤波器",http://www.zhaopin.com/jobdetail/CC635195480J40736112711.htm?refcode=4019&srccode=401901&preactionid=df37b48e-322a-4906-bb14-c6388f482e96
射频工程师,成都华络通信科技有限公司,8000-12000元,成都·郫都·犀浦,广州,本科,经验不限,6月25日,zhilian,职位描述 射频电路设计 射频设计 射频仿真 射频开发 滤波器 合路器 耦合器 双工器 分频器 衰减器 通信/网络设备 1. 从事无源器件及组件的研发工作，主要包括无源功分器、耦合器、滤波器、电桥等研发设计工作； 2. 具有电子工程、电磁场与微波工程、无线电物理或电子科学与技术相关专业，掌握电磁场与微波技术的基本理论知识，了解通信与雷达微波系统的相关知识。 3. 负责研制、试生产、量产过程中技术问题分析和解决； 负责所研发项目的技术跟踪、改进工作； 4. 负责所研发项目的相关调试和指导工作； 5. 负责与整机技术负责人的技术沟通及完成领导交代的其他工作。 工作地点 成都郫都区犀浦镇泰山南街186号 以担保或任何理由索要财物，扣押证照，均涉嫌违法。一经发现， 立即举报,"射频电路设计,射频设计,射频仿真,射频开发,滤波器,合路器,耦合器,双工器,分频器,衰减器",http://www.zhaopin.com/jobdetail/CC349350130J40539893806.htm?refcode=4019&srccode=401901&preactionid=df37b48e-322a-4906-bb14-c6388f482e96
射频工程师,成都晟海航天通信技术有限公司,2-4万·14薪,成都·龙潭,广州,大专,5-10年,3月17日,zhilian,职位描述 PCB设计 射频电路设计 器件选型 滤波器设计 RF设计 原理图设计 电磁场 天线设计 通信/网络设备 半导体/芯片 1.专科及以上学历，电子、通信、微波等相关专业； 2.5年以上相关工作经验，能独立完成项目； 3.负责产品的射频电路设计、性能调试、测试工作，不良产品的射频维修和分析 ； 4.能使用软件工具进行实际射频仿真和PCB设计； 5.熟练使用信号源、频谱仪、矢量网络分析仪等测试工具； 6.较强的沟通表达能力和良好的团队意识； 7.有较强的技术开发学习和攻关能力。 职位福利：餐补、交通补助、带薪年假、节日福利、周末双休、公司重点项目、绩效奖金、五险一金 工作地点 成都成华区龙潭总部经济城 成宏路18号A座 4层 以担保或任何理由索要财物，扣押证照，均涉嫌违法。一经发现， 立即举报,"PCB设计,射频电路设计,器件选型,滤波器设计,RF设计,原理图设计,电磁场,天线设计",http://www.zhaopin.com/jobdetail/CC579855725J00464419505.htm?refcode=4019&srccode=401901&preactionid=df37b48e-322a-4906-bb14-c6388f482e96
射频工程师,西安天安电子科技有限公司,1.2-1.8万·13薪,西安·雁塔·漳浒寨,广州,本科,1-3年,7月19日,zhilian,岗位职责： 1、负责相控阵雷达TR组件的设计、调试和验证测试工作； 2、负责射频相关电路设计、调试、测试，相关技术文档汇总等 3、负责产品外协加工中的跟踪、沟通和问题处理； 任职要求： 1、本科学历要求两年以上射频电路设计经验；硕士学历要求一年以上射频电路设计经验； 2、熟悉射频电路的设计与仿真； 3、熟悉矢量网络分析仪、频谱仪等射频相关仪表； 4、从事过雷达相关射频电路设计者优先。 工作地点 西安雁塔区联东U谷雁塔网络安全智谷4号楼9层 以担保或任何理由索要财物，扣押证照，均涉嫌违法。一经发现， 立即举报,"半导体/芯片,电子设备制造",http://www.zhaopin.com/jobdetail/CC674537120J40569221009.htm?refcode=4019&srccode=401901&preactionid=df37b48e-322a-4906-bb14-c6388f482e96
高级射频工程师,广东七星半导体设备有限公司,2-4万,东莞·大朗镇,广州,本科,5-10年,7月3日,zhilian,岗位职责 1、负责产品产品射频方案整体设计、指标分解、器件选型与风险评估 2、完成射频原理图设计、PCB指导/审核、阻抗控制、射频链路预算分析与仿真优化 3、负责射频调试：功放、低噪放、功率、滤波器、匹配网络、噪声系数、线性度、杂散、谐波、底噪、校准补偿等指标优化 4、主导EMC/EMI、射频干扰泄露问题定位与整改，解决调试、试产、量产阶段射频疑难问题 5、制定射频测试方案、测试规格、评审设计文档，输出规范设计输出物（BOM、规格书、测试报告、复用件等），完成校准、综测、等相关测试与数据输出 6、与结构 、基带、软件、生产协同，保障产品从研发到量产阶段的射频指标性能与可靠性 7、跟踪前沿射频新技术预研、成本优化、可靠性提升，参与技术评审与团队技术培训 岗位要求 1、电子、通信、射频、微波等相关专业，大学本科以上学历 2、本科7年硕士五年以上实际电子产品硬件开发设计工作经历 3、精通射频电路设计，熟练使用软硬件工具与仪器 4、熟悉频谱分析仪、微波信号源等射频仪器开发者优先 5、能独立完成从方案到量产的赛程射频开发，有量产产品射频经验者优先 6、良好的文档习惯与沟通能力，能主导跨部门协作与项目推进 7、人品端正、工作细心、团队合作意识强，有带领小团队、技术评审、方案评审经验者优先 加分项 有网络分析仪、功率计、射频综测仪相关量产产品成功落地经验 精通射频仿真、链路预算、射频仪器校准、兼具数字控制设计 具备复杂产品硬件架构设计、成本分析经验 工作地点 东莞瑞鹰国际科技创新园7栋3楼 以担保或任何理由索要财物，扣押证照，均涉嫌违法。一经发现， 立即举报,"半导体/芯片,仪器仪表",http://www.zhaopin.com/jobdetail/CCL1525301020J40876033405.htm?refcode=4019&srccode=401901&preactionid=df37b48e-322a-4906-bb14-c6388f482e96
射频天线工程师,成都汉芯国科集成技术有限公司,1.2-2.4万,成都·双流·怡心,广州,本科,5-10年,3月31日,zhilian,职位描述 射频设计 半导体/芯片 岗位任职要求： 负责天线的设计、实施和测试，响应需求变化，完成项目联试和交付。 1.具备微波、电磁场知识，会天线仿真和设计； 2.熟悉各类辐射单元，具备设计能力； 3.参与过相控阵天线的设计、调试和测试； 4.可根据技术和部门的安排，按时完成项目全部或部分调试、测试工作，实验、联试等、整理调试数据和测试报告，并归档; 5.项目进行过程中，对发现的技术问题及时上报和反馈，对项目的执行提出更优化的方案或更合理的建议; 6.根据部门安排完成公司流程化管理的相应工作; 7.配合产线完成相关工作; 8.吃苦耐劳，能接受合理的加班； 9.具备良好的团队精神、积极配合各部门工作，完成公司领导临时交办的其他任务。 职位描述： 1.本科及以上天线微波，电子工程等相关专业，特别优秀者可放宽学历要求; 2.具备雷达系统、电子战系统和通讯的基本原理和相关知识; 3.能够熟练使用测试仪器等相关器件； 4.熟练使用office等办公软件，hfss、Ad或者cadence等办公设计软件; 5.熟悉项目流程，可以独立设计调试产品; 6.对工作耐心细致、认真负责，学习沟通能力强，能抗压、具备主观能动性、具有团队合作精神和创新精神； 7.5年以上本专业工作经验，薪酬可面谈。 工作地点 四川省成都市双流区华府大道四段777号感知物联网产业园B8栋B8栋1楼 以担保或任何理由索要财物，扣押证照，均涉嫌违法。一经发现， 立即举报,射频设计,http://www.zhaopin.com/jobdetail/CC568982280J40763163106.htm?refcode=4019&srccode=401901&preactionid=df37b48e-322a-4906-bb14-c6388f482e96
射频助理,济南感知起源信息科技有限公司,5000-8000元,济南·市中·十六里河,广州,本科,经验不限,7月24日,zhilian,岗位职责】 1. 器件选型支持：协助射频工程师完成射频相关器件（如功放、滤波器、天线、连接器、线缆等）的选型工作，整理并归档器件规格书、技术参数及供应商资料。 2. 采购执行与跟进：根据研发需求，发起射频器件的样品及小批量采购申请，与供应商对接，跟进交期、价格、最小起订量等信息，确保器件及时到货。 3. 出入库管理：负责射频器件的入库验收、出库领用。 4. 库存盘点与预警：定期盘点射频物料库存，对常用物料及易耗品设置安全库存预警，及时提醒补充采购。 5. 文档与数据维护：维护器件库基础信息（封装、品牌、规格等），协助工程师记录器件测试数据、替换料信息及失效记录。 6. 实验室协助：协助射频工程师搭建测试环境、整理测试仪表及附件，保持实验室/物料间整洁有序。 【任职要求】 1. 学历专业：本科及以上学历，电子、通信、微波、物联网等相关专业优先。 2. 经验要求：可接受优秀应届毕业生；有电子元器件采购、库房管理或BOM整理经验者优先。 3. 基础能力： - 能基本识别常见射频/电子元器件（电阻电容电感、SMA接头、滤波器、衰減器等）； - 熟练使用Office办公软件（Excel重点用于台账管理）； - 了解ERP系统或电子物料管理系统基本操作者加分。 4. 软性素质： -细心、条理性强，对数字和物料信息敏感； -具备良好的沟通协调能力，能与工程师、采购、供应商高效对接； - 责任心强，主动跟进采购进度和库存状态。 【加分项】 - 了解射频基础知识（如频率、驻波、增益等基础概念）； - 有使用Altium Designer、立创EDA等软件查看PCB及BOM的经验； - 有实验室物料管理或研发助理经验 工作地点 济南市中区望岳·智谷 以担保或任何理由索要财物，扣押证照，均涉嫌违法。一经发现， 立即举报,"微波,电子",http://www.zhaopin.com/jobdetail/CCL1474611160J40903779503.htm?refcode=4019&srccode=401901&preactionid=df37b48e-322a-4906-bb14-c6388f482e96
天线工程师,德氪微电子(深圳)有限公司,300-450元/天,深圳·南山·南头,广州,硕士,经验不限,7月6日,zhilian,职位描述 天线设计 半导体/芯片 实习要求： 1、一周至少4天以上； 2、能持续实习六个月为佳； 3、外出实习已征得学校/导师同意。 职位介绍： 1、协助进行毫米波天线设计； 2、负责天线性能测试与报告整理； 3、负责前瞻性天线研究开发与执行； 4、负责电磁模拟软件进行仿真验证与实现。 任职要求： 1、硕士或以上学历，电磁场微波技术、微电子相关专业； 2、熟悉天线理论与电磁模拟软件(HFSS/CST/SONNET)； 3、有天线基本仪器、网仪操作、微波暗室操作经验； 4、良好的团队合作和沟通能力，责任心强。 工作地点 南山区德氪微电子(深圳)有限公司3908 以担保或任何理由索要财物，扣押证照，均涉嫌违法。一经发现， 立即举报,天线设计,http://www.zhaopin.com/jobdetail/CCL1317398320J40786988906.htm?refcode=4019&srccode=401901&preactionid=df37b48e-322a-4906-bb14-c6388f482e96
射频天线工程师,天健九方(西安)毫米波设计研究院有限公司,2-2.5万,西安·碑林·张家村,广州,本科,5-10年,7月13日,zhilian,岗位职责 1、协助设备系统主管设计师完成预研项目、技术项目及产品开发项目天线模块规划和设计； 2、主导完成雷达天线的仿真、设计和调试，重难点攻关，完成天线指标的测试及评估并提出改进方案，对雷达天线的最终性能负责，解决相关调试与生产问题； 3、负责跟进雷达天线的测试，生产问题，配合完成雷达产品的性能验证，最终完成交付任务。 任职资格 1、本科及以上学历、电子工程、通信、信号处理等相关专业； 2、从事雷达天线工作至少一年以上，有相控阵天线开发经验优先； 3、对天线的辐射原理有深刻认识，特别对天线新型辐射单元和馈电网络、相控阵等有实际理解； 4、熟悉微带、阵列天线原理，有较强的电磁场理论知识，能快速利用matlab进行天线阵列方向图的分析和综合。 5、熟悉并掌握天线EDA仿真软件，例如AnsysHFSS，CST，FEKO等电磁仿真软件，以及相关设备、仪器使用； 6、组织协调能力及良好的学习和沟通能力； 7、优秀者以上条件可放宽。 工作地点 碑林区西安创新设计中心 以担保或任何理由索要财物，扣押证照，均涉嫌违法。一经发现， 立即举报,"射频电路设计,天线设计,毫米波雷达,雷达,滤波器,变频器",http://www.zhaopin.com/jobdetail/CCL1209418560J40720168110.htm?refcode=4019&srccode=401901&preactionid=6894164c-cded-42c1-ab2a-54f17699aab8
RF测试技术员-8~11K-长期稳定包吃住,苏州智汇人才服务集团有限公司,8000-11000元,嘉兴·海盐县·西塘桥街道,广州,学历不限,1-3年,7月24日,zhilian,"职位描述 射频测试 手机 天线 滤波器 传感器 变频器 RF测试 ICT测试 3C消费电子 计算机硬件 通信/网络设备 工作内容： 1.现场SI测试设备的架设，调试，维护保障生产的顺利进行， 2.日常设备的点检，校准和生产异常处理，软硬件的验证升级。 产线不良品分析，使用 DDM 进行线路简单量测，能通过 CCD、Xray找出产品异常原因。 3.FACA 分析报告的汇总，能够在接受培训后汇总日常工作报告，包括生产的良率追踪，不良比例，问题描述。 4.样件,测试耗材系统维护，及工厂端防呆方案的落实。 5.技能:熟悉网络分析仪的操作，自动化调试经验，有RF射频测试基础优 先 任职要求： 1.有RF射频，ICT测试，产品测试工作经验，如蓝牙、WIFI等产品测试经验优先，有手机PAD，笔记本等消费电子生产线工作经验。 2.熟悉电子电路基本原理和无线电基本知识，熟悉网络分析的使用方法。 PPT，EXCEI办公软件的使用，会制作简单的柱状态，趋势图等愿意学习新知识， 3.能承受工作压力，有良好的团队合作精神。 工时时间：两班倒 综合薪资：9-11k（面试定薪） 薪资结构：基本工资3200-4000(面试定)+绩效+加班 加班费：4000-4500 夜班津贴：10元/夜班 吃饭：包吃 住宿：包住，水电费平摊 面试流程：线上面试，一轮面试 工作地点 嘉兴海盐县安费诺永亿(海盐)通讯电子有限公司 以担保或任何理由索要财物，扣押证照，均涉嫌违法。一经发现， 立即举报 客户","射频测试,手机,天线,滤波器,传感器,变频器,RF测试,ICT测试",http://www.zhaopin.com/jobdetail/CCL1201894180J40789256206.htm?refcode=4019&srccode=401901&preactionid=6894164c-cded-42c1-ab2a-54f17699aab8
中兴4G网优工程师,西安信意通科技有限公司,1.6-2.8万,西安·雁塔·丈八沟,广州,大专,5-10年,6月10日,zhilian,"岗位职责 1. 网络性能优化 • 负责LTE无线网络日常优化，分析KPI指标（如吞吐量、时延、掉线率、切换成功率等），定位并解决网络性能瓶颈。 • 制定优化方案，通过参数调整、天线调整、邻区优化等手段提升网络质量及用户体验。 2. 故障分析与处理 • 排查LTE网络重大故障（如基站退服、覆盖不足、干扰问题等），配合设备厂商定位根因并提出解决方案。 • 编写故障分析报告，推动优化措施落地。 3. 专项优化项目* • 参与LTE新技术部署（如载波聚合CA、Massive MIMO、VoLTE等），完成技术验证与优化。 • 针对热点区域、高流量场景进行容量规划和优化。 4. 工具与数据管理 • 熟练使用网络分析工具（UME,Mongose,Netmax等），提取和分析路测数据、信令跟踪。 • 维护优化数据库，整理优化案例和知识库。 5. 跨部门协作 • 与射频工程师、传输工程师、核心网团队协作，推动端到端网络优化。 • 参与客户需求沟通，提供技术方案支持。 任职要求 1. 专业经验 • 具备2年以上LTE网络优化经验，熟悉LTE RAN架构（eNodeB、BBU/RRU分离等）。 • 有TD-LTE/FDD-LTE混合组网优化经验者优先。 2. 技术能力 • 精通LTE协议栈（PHY/L2/L3层）、无线资源管理（RRM）、切换机制、QoS策略。 • 熟悉中兴ZTE网管及相关日常应用工具 3. 证书与资质 • 持有中兴ZTE LTE认证或同等水平证书者优先。 4. 软技能 • 具备良好的逻辑思维能力和抗压能力，能快速响应紧急优化需求。 • 可阅读英文技术文档。 项目地：GUOWAI 工作地点 西安雁塔区金桥国际广场 以担保或任何理由索要财物，扣押证照，均涉嫌违法。一经发现， 立即举报","无线网,4G,LTE,中兴,中兴LTE网优高级认证",http://www.zhaopin.com/jobdetail/CC220147110J40763308503.htm?refcode=4019&srccode=401901&preactionid=6894164c-cded-42c1-ab2a-54f17699aab8
天线设计工程师,安徽雷图科技有限公司,1.2-2.4万·13薪,合肥·肥西·桃花,广州,本科,1-3年,7月1日,zhilian,岗位职责： 1.前沿新体制智能化相控阵天线系统研究； 2.超宽带、低剖面、轻量化天线辐射阵面设计； 3.高效率天线波束赋型优化算法研究； 4.星载/机载/预研项目天线子系统研制。 奖金绩效 早九晚六、双休、五险一金 、餐补 、交补、租房补贴 工作地点 合肥市-肥西县-创新大道666号 以担保或任何理由索要财物，扣押证照，均涉嫌违法。一经发现， 立即举报,"天线设计,微波雷达,卫星,相控阵天线",http://www.zhaopin.com/jobdetail/CCL1484623090J40858778415.htm?refcode=4019&srccode=401901&preactionid=6894164c-cded-42c1-ab2a-54f17699aab8
天线设计师,航天恒星,1.5-2.5万,西安·长安·韦曲,广州,本科,3-5年,7月13日,zhilian,"岗位职责： 1，负责根据天线研制任务书要求，完成天线的指标分解，仿真设计，结合结构实现性进行优化迭代； 2，负责编写研发产品的设计报告，测试大纲及相关文档； 3，负责电气相关器件的指标分解及合理选型，比如滤波器，双工器，电桥，关节，线缆及接插件等器件选型； 4，为产品开发过程提供必要的电磁场相关技术支持。 任职要求： 1，具备扎实的天线设计理论基础及实践经验：能够熟练操作CST,Ansofthfss,feko,designer或grasp等软件中至少两种； 2，熟悉抛物面天线，微带天线，阵子天线等设计，熟悉电桥，功分器微带电路设计等：有相控阵天线相关设计经验优先； 3，能够熟练使用信号源，频谱仪，矢量网络分析仪等射频测试仪器； 4，具备良好的沟通能力，团队合作精神及技术攻关能力。 工作地点 长安区西安航天天绘数据技术有限公司 以担保或任何理由索要财物，扣押证照，均涉嫌违法。一经发现， 立即举报","天线设计,电磁场,射频,通信工程,射频工程师",http://www.zhaopin.com/jobdetail/CC120501588J90250552000.htm?refcode=4019&srccode=401901&preactionid=6894164c-cded-42c1-ab2a-54f17699aab8
【校招】天线工程师,成都天锐星通科技股份有限公司,1.5-1.8万·13薪,成都·武侯·石羊,广州,硕士,经验不限,7月4日,zhilian,岗位职责： 1、负责产品线天线产品设计和研发工作； 2、负责产品线天线设计可行性评估，参与预研技术的评估； 3、负责分析解决产品开发及售后中的天线相关问题； 4、参与天线产品调试、联试、测试验证工作，提供测试记录； 5、提供生产所需的天线相关测试标准及内容，参与为生产提出的产品测试指标的制定； 6、编写项目文档、质量记录以及其他有关文档； 7、完成系统总工要求完成的其他工作。 任职资格： 1、电磁场与微波技术、电子与通信工程、无线电物理等相关专业，硕士及以上学历； 2、能够完成天线指标论证和方案设计，能够完成天线单元设计和馈电网络设计； 3、能熟练使用矢网、信号源、频谱仪等仪器，熟练掌握天线指标的测试； 4、基础理论扎实，有意愿长期从事天线研发工作者优先。 工作地点 武侯区成都市高新区府城大道西段399号天府新谷10栋2106号 以担保或任何理由索要财物，扣押证照，均涉嫌违法。一经发现， 立即举报,天线设计,http://www.zhaopin.com/jobdetail/CC336169030J40748225709.htm?refcode=4019&srccode=401901&preactionid=6894164c-cded-42c1-ab2a-54f17699aab8
资深天线工程师,希德电子,1.5-2万,西安·长安·韦曲,广州,本科,5-10年,6月30日,zhilian,岗位职责： 1. 负责数据链通信天线、北斗阵列天线、相控阵天线的全流程产品开发，完成需求分析、方案论证、电磁仿真、原型调试、性能优化及量产导入工作，输出符合性能、成本、可靠性要求的成熟产品； 2. 解决产品开发、环境试验、批量生产过程中的天线性能、一致性、可靠性等技术问题，配合完成产品合规认证与客户验收； 3. 协同射频前端、结构设计、硬件开发、系统集成等部门完成整机产品联调，输出完整研发技术文档，对接内外部技术需求； 4. 梳理对应方向天线设计规范，开展前沿技术预研，完成技术资产沉淀与专利布局。 二、任职要求： 1. 本科及以上学历，电磁场与无线技术、通信工程、微波工程、电子工程等相关专业； 2. 3年及以上商用天线产品开发经验，必须具备至少1款数据链通信天线/北斗阵列天线/相控阵天线从设计到量产的完整落地经验（招聘高级/专家岗可调整为5年以上对应经验）。 3. 熟练掌握HFSS、CST等主流电磁仿真工具，可独立完成天线方案设计与仿真优化； 4. 扎实掌握天线设计基础理论，熟悉阵列天线波束赋形、低副瓣设计、幅相误差校正等核心技术； 5. 匹配对应方向技术要求： - 数据链通信天线：掌握宽带、高增益、抗干扰、小型化设计要点，熟悉数据链天线相关指标规范； - 北斗阵列天线：熟悉北斗系统全工作频段特性，掌握北斗阵列集成设计、多天线隔离优化技术； - 相控阵天线：熟悉有源相控阵架构设计、热设计、电磁兼容设计要点，了解TR组件与天线的协同设计方法； 6. 熟悉天线研发测试流程，能够熟练操作矢量网络分析仪、暗室测试系统等射频仪器，完成天线性能调试与验证； 7. 具备独立解决技术问题的能力、良好的跨部门沟通能力，可正常阅读英文专业技术资料。 8.有车载/机载/弹载等移动平台对应天线的批量开发经验； 9. 有北斗高精度定位（RTK/PPP）阵列天线、大规模有源相控阵天线的量产落地经验； 10. 具备阵列天线算法（DOA估计、波束跟踪等）开发基础，可配合完成算法与天线方案适配； 11.拥有天线相关发明专利，参与过国家级重点科研项目。 工作地点 西安长安区秦创原·陕西物联网产业基地-A区307 以担保或任何理由索要财物，扣押证照，均涉嫌违法。一经发现， 立即举报,"天线设计,天线",http://www.zhaopin.com/jobdetail/CC374299520J40859505811.htm?refcode=4019&srccode=401901&preactionid=6894164c-cded-42c1-ab2a-54f17699aab8
天线测试员,四川英联中才人力资源管理有限公司,5000-9000元,成都·郫都·合作街道,广州,本科,经验不限,5月29日,zhilian,职位描述 无线测试 招聘岗位：天线测试岗 岗位内容： 1、负责天线测试项目试验环境的搭建； 2、负责试验数据的记录和数据整理； 3、参与试验报告的编写和试验过程问题的解决； 招聘要求： 1、本科学历，电子、通信、机械类相关专业 2、相关工作经验优先考虑； 岗位薪资：综合工资5k-6.5k，优秀人员年薪10～15万/年。 岗位福利：入职购买五险一金，餐补、保密津贴等 上班时间：8:30-17:30，上五休二，根据项目需要有倒班安排； 工作地点 郫都区成都天奥信息科技有限公司 以担保或任何理由索要财物，扣押证照，均涉嫌违法。一经发现， 立即举报 客户,无线测试,http://www.zhaopin.com/jobdetail/CC472353920J40847263301.htm?refcode=4019&srccode=401901&preactionid=6894164c-cded-42c1-ab2a-54f17699aab8
H16226岗 天线工程师,武汉佰钧成技术有限责任公司,9000-14000元,西安·雁塔·漳浒寨,广州,本科,1-3年,4月15日,zhilian,职位描述 天线开发 手机 微波雷达 MBB CPE 移动WIFI 天线 滤波器 HFSS 天线调试 终端通信产品 学历与专业：本科及以上学历，电磁场与微波技术、通信工程、电子科学与技术、无线电物理等相关专业； 理论基础：扎实掌握电磁场理论、天线原理、传输线理论、阻抗匹配、S参数及微波网络分析； 仿真能力：熟练掌握至少一款主流三维电磁仿真软件（HFSS 或 CST Studio Suite），具备独立完成天线建模、全波仿真与结果分析的能力； 测试能力：熟悉天线及射频性能测试流程，能熟练操作矢量网络分析仪（VNA）、综测仪（如CMW500）及微波暗室OTA测试系统； 工程能力：具备独立分析和解决复杂天线技术问题的能力，有实际调试与优化经验。 工作地点 雁塔区华为西安研究所 以担保或任何理由索要财物，扣押证照，均涉嫌违法。一经发现， 立即举报,"天线开发,手机,微波雷达,MBB,CPE,移动WIFI,天线,滤波器,HFSS,天线调试",http://www.zhaopin.com/jobdetail/CC364485720J40852362005.htm?refcode=4019&srccode=401901&preactionid=6894164c-cded-42c1-ab2a-54f17699aab8
射频工程师,江苏天波智通科技有限公司,1-2万,南京·秦淮·光华路,广州,本科,3-5年,7月21日,zhilian,岗位职责 1、负责无线通信产品射频前端方案设计，包括链路预算、器件选型、原理图设计与PCB布局布线指导； 完成射频电路调试与优化，涉及功放、低噪声放大器、滤波器、混频器、锁相环等关键模块； 2、负责射频性能指标测试与优化，包括灵敏度、发射功率、EVM、杂散、相位噪声等； 3、参与产品整机调试，配合算法工程师与硬件工程师完成系统联调与问题定位； 4、撰写射频设计方案、调试报告及生产测试指导文档，支持产品量产导入。 二、任职资格 1、本科及以上学历，微波技术、电子工程、通信工程等相关专业； 2、3年以上射频电路设计与调试经验，有无线通信产品（如基站、终端、物联网设备等）开发经历者优先； 3、熟悉射频电路设计理论，掌握阻抗匹配、噪声系数分析、线性度设计等关键技术； 4、熟练使用射频设计仿真工具，如ADS、HFSS、CST等，具备原理图与PCB设计能力； 5、熟练使用网络分析仪、频谱仪、信号源、噪声系数分析仪等射频测试仪器； 6、熟悉无线通信系统架构与射频指标要求（如5G、WiFi、蓝牙、NB-IoT等），能够理解算法对射频前端的性能需求； 7、具备良好的文档撰写能力与跨部门沟通协作能力，能够适应项目开发节奏。 三、优先条件 1、有5G、WiFi 6/7、UWB、卫星通信等产品射频开发经验； 2、熟悉天线设计与匹配调试； 3、具备射频前端模块（FEM）或收发信机芯片应用经验； 4、熟悉EMC/EMI设计与整改。 工作地点 南京市-秦淮区-永丰大道36号7F-705 以担保或任何理由索要财物，扣押证照，均涉嫌违法。一经发现， 立即举报,半导体/芯片,http://www.zhaopin.com/jobdetail/CCL1452945690J40838407601.htm?refcode=4019&srccode=401901&preactionid=6894164c-cded-42c1-ab2a-54f17699aab8
射频工程师,福建联迪商用设备有限公司,1.2-2万,福州·鼓楼·五凤,广州,本科,经验不限,7月24日,zhilian,岗位职责: 负责通信模块（4G/5G/WIFI/蓝牙/非接）及天线设计与评估工作。 任职要求: 1、一年及以上射频相关工作经验优先，优秀本科及硕士以上学历，电磁场与微波技术、通信工程、电子信息工程相关专业毕业； 2、负责过射频电子线路，无线模组设计，电磁兼容，射频识别等相关项目； 3、具备良好的电磁场与微波技术、微波原理、天线原理、高频电子线路知识基础，熟悉常用电路设计工具； 4、熟悉仿真工具者优先； 5、有强烈的责任心和钻研精神，良好沟通能力和团队协作能力。 工作地点 鼓楼区福州软件园A区 以担保或任何理由索要财物，扣押证照，均涉嫌违法。一经发现， 立即举报,"射频电路设计,射频开发,射频设计",http://www.zhaopin.com/jobdetail/CC139313710J40668715901.htm?refcode=4019&srccode=401901&preactionid=6894164c-cded-42c1-ab2a-54f17699aab8
射频工程师,四川云启新联科技有限公司,1.5-3万,上海·普陀·桃浦,广州,大专,3-5年,7月24日,zhilian,岗位职责： 1、负责硬件射频部分的设计开发、调试工作； 2、负责研发阶段测试及解决测试过程中的任何相关问题； 3、支持和解决项目认证过程中的相关问题； 4、负责项目生产支持，协助处理生产的相关问题； 5、参与器件的选型认证工作，负责技术方面的测试判断； 6、对售后、技术等部门进行培训和支持。 7、有海外运营商工作经验者优先，英语口语佳者优先。 8、主导经验整理和总结并且制成文档。 9、协调项目任务和团队建设。 10、推动和引导工程师达成项目目标。 用人要求： 1、熟悉手机射频电子元器件的性能，了解手机天线设计； 2、熟悉手机射频设计、生产工艺流程和行业标准； 3、工作积极主动，具有热情，能吃苦耐劳，有良好的沟通能力及团队合作精神； 4、3年以上手机电子产品射频开发经验； 5、具有NR项目经验优先考虑。 工作地点 上海普陀区祁连山南路2891弄1号 以担保或任何理由索要财物，扣押证照，均涉嫌违法。一经发现， 立即举报,手机电子产品射频开发,http://www.zhaopin.com/jobdetail/CCL1511401770J40875751409.htm?refcode=4019&srccode=401901&preactionid=6894164c-cded-42c1-ab2a-54f17699aab8
基站天线研发工程师,西安华天通信有限公司,1.5-3万,西安·雁塔·丈八沟,广州,本科,10年以上,7月18日,zhilian,职位描述 通信基站 5G基站 无线基站 职位要求： 1.负责完成射频基站天线的设计、调试、测试、维护优化等工作，并对设计质量负责； 2.及时编写各种文档和标准化资料；英语良好能熟练阅读英文技术资料，具有良好的沟通能力和团队合作精神，责任心强，能吃苦耐劳。 岗位要求： 1.本科以上，电磁场与微波或电子通信等相关专业，能够熟练使用EDA软件如ADS、HASS、CST之类； 2.有RF PCB(COM/DIV)设计的成功经验，熟悉各种射频天线设计； 3.有电磁场及微波通信知识，熟悉移动通信系统方面的基本原理，能熟练使用各种射频测试仪表，有基站射频前端研发工作经验； 4.有Autocad操作使用经验； 5.有H/W使用经验。 职位福利：六险一金、餐补、包住、周末双休、带薪年假 工作地点 雁塔区西安华天通信有限公司 以担保或任何理由索要财物，扣押证照，均涉嫌违法。一经发现， 立即举报,"通信基站,5G基站,无线基站",http://www.zhaopin.com/jobdetail/CC120676990J40987524404.htm?refcode=4019&srccode=401901&preactionid=6894164c-cded-42c1-ab2a-54f17699aab8
射频工程师,北京信路威科技股份有限公司,7000-14000元·14薪,南宁·良庆·良庆镇,广州,本科,经验不限,7月26日,zhilian,岗位职责： 1、负责射频产品设计和批量生产、项目落地保障 任职要求： 1、掌握高频射频类天线、电路的设计或整机调试能力 2、本科及以上学历，专业不限，可接受应届生 3、有射频类产品批量生产落地者优先 工作地点 南宁良庆区五象总部大厦-C座11层 以担保或任何理由索要财物，扣押证照，均涉嫌违法。一经发现， 立即举报,"射频电路设计,射频设计,天线设计,PCB设计,放大器,雷达,传感器,天线",http://www.zhaopin.com/jobdetail/CC000623210J40900151815.htm?refcode=4019&srccode=401901&preactionid=6894164c-cded-42c1-ab2a-54f17699aab8
天线工程师/射频工程师,沈阳安费诺三浦汽车电子有限公司,1.2-1.8万,苏州·虎丘·斜塘,广州,本科,3-5年,4月10日,zhilian,"职位描述 射频电路设计 天线设计 射频设计 射频测试 射频仿真 放大器 天线 新能源/燃油车零部件 职位描述 工作职责要求： 1.汽车天线电路的设计，调试，仿真 2.汽车天线的联调、测试、仿真，整车测试对应； 2.客户SOR分析，TR文件方案制作； 3.降本提案策划，研发专利起草； 4.对应客户交流，出差对应； 5.上级交办的事务对应； 任职要求： 1.本科学历及以上，电子，天线，微波工程，射频专业等 2.熟练射频电路的设计，以及对内部参数的调试及其优化等，例如低噪声放大器的设计，功率放大器等， 熟悉射频无源器件功分，衰减器，双工，电桥等。 3.熟练使用layout软件，ads仿真软件； 4.熟悉微波暗室，熟悉电小天线，熟悉AMFM, WIFI ,LTE，GPS等天线。 5.英语、日语优先考虑。 工作地点 苏州虎丘区致和医药东平街262号致和医药大厦510室 以担保或任何理由索要财物，扣押证照，均涉嫌违法。一经发现， 立即举报","射频电路设计,天线设计,射频设计,射频测试,射频仿真,放大器,天线",http://www.zhaopin.com/jobdetail/CC580837630J40614363805.htm?refcode=4019&srccode=401901&preactionid=6894164c-cded-42c1-ab2a-54f17699aab8
天线总体工程师,电科航电,2-4万,成都·郫都·金泉,广州,硕士,1-3年,5月25日,zhilian,岗位职责： 1. 负责机载卫通天线（阵面-功放/低噪放-滤波-调幅/移相等模组之间）的总体设计、技术协调和技术状态管理，含架构设计、链路计算、指标分解、逻辑设计、构型项划分、数据流/控制流、ICD制定等； 2. 负责机载卫通天线的软硬件集成、功能打通、性能达标，牵头天线关键技术攻关； 3. 负责模组的功能性能验收测试； 4. 负责机载卫通天线的联试环境搭建、集成及功能测试 任职要求： 1. 电磁场与微波技术、通信工程等相关专业。5年以上的相控阵天线总体相关工作经验，有机载经验者优先； 2. 具有扎实的天线与电磁场理论基础，熟悉相控阵天线架构，具备链路计算等总体设计能力，能熟练使用HFSS、CST、FEKO等至少一种专业仿真软件进行天线设计； 3. 具备L/Ku/Ka等频段卫通相控阵天线实际开发经验，具备指标分解能力（天线阵面、馈电网络、功放/低噪放等部件），可指导团队开展部件仿真设计、制造、验收测试； 4. 熟练掌握矢量网络分析仪、频谱仪、信号源等测试仪器，熟悉微波暗室测试。 工作地点 成都郫都区高新西区百川路9号 以担保或任何理由索要财物，扣押证照，均涉嫌违法。一经发现， 立即举报,"射频开发,天线设计,射频电路设计,射频设计",http://www.zhaopin.com/jobdetail/CC287247110J40940034815.htm?refcode=4019&srccode=401901&preactionid=169521ff-a692-4034-8b8a-013dd6ee21c0
功分器、滤波器调试员,南京奕可飞电子科技有限公司,7000-10000元,南京·江宁·麒麟,广州,大专,3-5年,7月26日,zhilian,岗位职责 1、负责功分器、滤波器等微波无源器件的产品组装、调试、指标校准与性能优化工作； 2、参与新品研发立项、方案评审、阶段性鉴定工作，能够针对产品结构、工艺、性能提出可行性优化建议； 3、负责岗位相关技术文件整理、归档，指导现场生产工艺执行，保障产品工艺一致性； 4、配合研发设计师完成新产品测试、指标验证、整机联调及问题整改工作； 5、完成上级交办的其他岗位相关技术、临时性工作。 任职要求 1、统招大专及以上学历，通信、电子信息、电磁场与微波、集成电路、自动化等理工科专业，3-5年相关工作经验； 2、熟悉功分器、滤波器工作原理及核心性能指标，熟悉幅度、相位不平衡等关键参数调试逻辑； 3、熟练操作矢量网络分析仪、频谱仪、信号源等射频调试测试仪器； 4、具备LC无源滤波器实际调试经验者优先； 5、会PCB识图、基础焊接、熟练使用仿真工具者优先； 6、具备良好的学习能力、沟通协调能力、责任心及团队协作意识； 7、能够接受偶尔加班及短期出差。 工作地点 江苏省南京市江宁区创研路266号麒麟人工智能产业园A4栋140812楼 以担保或任何理由索要财物，扣押证照，均涉嫌违法。一经发现， 立即举报,"射频测试,射频仿真,射频器件工艺,天线,滤波器,耦合器,合路器,双工器,功分器,微波器件",http://www.zhaopin.com/jobdetail/CCL1462243720J40902700403.htm?refcode=4019&srccode=401901&preactionid=169521ff-a692-4034-8b8a-013dd6ee21c0
射频连接器 设计工程师,西安华德航天科技有限公司,8000-12000元,西安·鄠邑·五竹,广州,本科,1-3年,4月2日,zhilian,职位描述 射频电路设计 射频器件工艺 雷达 通信/网络设备 1.能够独立自主的进行常规射频连接器的设计及仿真（包括转接器及适配电缆的连接器）； 2.能够分析解决现场产品出现的常规工艺问题并指导生产，保障生产的正常进行； 3.熟悉各种射频连接器及相关规范标准，能够给相关客户提供全面的技术支持； 工作地点 西安鄠邑区联东U谷(沣京)科技智造谷-南门15号楼 以担保或任何理由索要财物，扣押证照，均涉嫌违法。一经发现， 立即举报,"射频电路设计,射频器件工艺,雷达",http://www.zhaopin.com/jobdetail/CCL1463168210J40791742716.htm?refcode=4019&srccode=401901&preactionid=169521ff-a692-4034-8b8a-013dd6ee21c0
相控阵天线工程师,成都腾诺科技有限公司,2-4万,成都·武侯·簇锦,广州,本科,3-5年,4月27日,zhilian,岗位职责 1、负责公司相控阵天线技术洞察、规划、关键技术预研； 2、负责相控阵天线设计、开发、调测验证工作； 3、负责相控阵天线产品从开发到量产实现，能够输出本领域相关文档，并解决交付后的问题故障； 4、完成领导安排的其他任务。 任职条件： 1．统招本科及以上学历，电子、微波、通讯等相关专业，熟悉通信类产品系统指标，或具有毫米波天线设计经验，或具有相控阵天线设计经验； 2．具有4年及以上相控阵天线设计相关工作经验，完成过一款或多款相控阵天线产品落地； 3．熟悉相控阵天线布阵，幅相校准等相关技术，熟悉相关测试环境和仪表、校准方法等相关技术； 4．具有系统性思维，具有一定的抗压能力和学习能力，态度积极，有责任心，有良好的团队沟通协作意识，闭环意识强，能够独立闭环自己领域内事务。 工作地点 成都武侯区武科西一路88号宏都财富广场132室（腾诺科技公司） 以担保或任何理由索要财物，扣押证照，均涉嫌违法。一经发现， 立即举报,天线,http://www.zhaopin.com/jobdetail/CC639389020J40843680413.htm?refcode=4019&srccode=401901&preactionid=169521ff-a692-4034-8b8a-013dd6ee21c0
射频工程师,恒电电子,1.5-3万·13薪,南京·玄武·玄武湖,广州,本科,经验不限,7月26日,zhilian,职位描述 射频 电磁场 射频电路设计 射频工程师 半导体/芯片 1.负责对行业技术水平的跟踪，把握设计开发产品的预研方向； 2.负责对行业新技术的验证； 3.负责新产品的研究设计及开发； 4.负责设计开发产品的样品研制、批量产品生产的技术指导及指导技术文档的整理、总结。 任职资格： 1. 3年以上工作经验，本科及以上学历，电磁场与无线技术、电磁场与微波技术、电子信息工程、信息与通信工程、电路与系统、电子科学与技术、信息对抗技术、集成电路工程等相关专业； 2. 具有电磁场、微波技术等专业理论知识； 3. 具有较好的英语阅读能力； 4. 熟悉ADS、MWO或HFSS等仿真软件，熟悉AD、CAD或DXP等制图软件，有较强动的手能力； 5. 具备创新精神、良好的团队合作能力。 职位福利：五险一金、绩效奖金、年终分红、全勤奖、交通补助、餐补、定期体检、带薪年假 工作地点 南京玄武区江苏软件园玄武大道699-22号2幢 以担保或任何理由索要财物，扣押证照，均涉嫌违法。一经发现， 立即举报,"射频,电磁场,射频电路设计,射频工程师",http://www.zhaopin.com/jobdetail/CC143662100J40126936714.htm?refcode=4019&srccode=401901&preactionid=169521ff-a692-4034-8b8a-013dd6ee21c0
射频工程师,南京熊猫电子,2-2.5万,南京·秦淮·大光路,广州,本科,5-10年,7月22日,zhilian,岗位职责/工作内容： 1、负责通信终端射频方案设计、电路设计； 2、负责通信终端的射频系统的开发设计与调试； 3、负责与外协天线厂商沟通，与天线厂商共同完成天线定制； 4、系统集成、联调测试； 5、负责产品EMC试验相关工作； 6、负责相关项目文档的撰写。 任职要求： 1、本科及以上学历； 2、中级及以上专业技术职称； 3、电子、通信、计算机、自动化及相关专业； 4、5年以上相关岗位工作经历； 5、精通无线通信射频电路的设计与调试，熟悉射频全链路设计，具备射频核心模块的全流程设计与仿真能力； 6、精通射频测试与复杂问题调试，能定位并解决链路级故障； 7、熟悉2G/3G/4G/5G等相关的3gpp通讯技术协议和标准，有量产落地经验； 8、具备跨团队协作能力，能输出规范技术文档并指导初级工程师； 9、能跟进射频领域新兴技术，具备技术迭代适配能力； 10、熟悉射频仿真，熟悉ADS，HFSS等射频仿真工具的使用、 阅读并理解英文技术资料，具备技术文档书写能力。 工作地点 秦淮区南京熊猫通信科技有限公司 以担保或任何理由索要财物，扣押证照，均涉嫌违法。一经发现， 立即举报,"射频电路设计,通信终端",http://www.zhaopin.com/jobdetail/CC120101320J40850287005.htm?refcode=4019&srccode=401901&preactionid=169521ff-a692-4034-8b8a-013dd6ee21c0
天线开发,域信通(西安)信息技术有限公司,1.3-2.3万,西安·雁塔·丈八沟,广州,本科,经验不限,3月24日,zhilian,岗位职责 1.负责手机项目的天线评估，给出完整的天线方案; 2.天线测试调试过程管控;与天线厂工程师合作完成手机天线开发; 3.产线整机天线站问题分析，保证一致性和直通率 任职要求 1.电磁场微波技术\天线类专业优先 2.有天线厂天线开发经验优先; 3.能使用CST/HFSS 进行天线仿真者优先; 4.熟悉手机上天线常用的天线形式，适用条件; 5.熟悉手机天线相关质量标准; 6.学习能力强，抗压能力强。 工作地点 西安雁塔区中铁十五局集团第一工程有限公司B栋 以担保或任何理由索要财物，扣押证照，均涉嫌违法。一经发现， 立即举报,硬件开发,http://www.zhaopin.com/jobdetail/CCL1479166660J40639842714.htm?refcode=4019&srccode=401901&preactionid=169521ff-a692-4034-8b8a-013dd6ee21c0
射频工程师【欢迎应届生】专人带教,辰创科技,7000-12000元,成都·金牛·金泉,广州,本科,经验不限,7月8日,zhilian,岗位职责】 1.负责基于SIP的相控阵天线单元及阵列的电磁设计，充分考虑封装基板的多层结构、材料特性和互连寄生参数对天线辐射性能的影响。 2.负责SIP模块的整体架构设计，包括多芯片（如GaN/GaAs功放、SiGe波束控制芯片、CMOS控制逻辑）的布局规划、互连方式选择（金线、倒装焊、TSV等）及堆叠方案。 设计SIP封装基板（如LTCC、玻璃基、高密度有机基板），完成射频、数字、电源信号的布线，进行信号完整性（SI） 与电源完整性（PI） 仿真，确保信号质量与电源稳定性。 3.进行电磁-热-力多物理场耦合仿真，评估SIP模块在工作状态下的热分布、热应力及形变对电性能的影响，优化散热结构与封装材料。 参与SIP模块的可靠性设计，针对温度循环、振动、湿度等环境应力进行仿真评估，提出改进措施。 4.与封装厂、PCB/基板厂紧密协作，跟进SIP模块的流片、基板制造、组装、塑封等工艺流程，解决工艺实现中的技术问题。 制定SIP相控阵模块的测试方案，开发晶圆级/封装级测试夹具与程序，开展射频性能测试、近场/远场辐射测试及环境试验。 分析测试数据，建立失效模型，推动设计闭环优化。 【任职要求】 学历背景：本科及以上学历，电磁场与微波技术、微电子学与固体电子学、电子封装技术、电子工程等相关专业。 专业基础： 1)深入理解相控阵天线理论与设计，熟悉阵列综合、波束扫描、互耦补偿等技术。 2)掌握微波网络理论、电磁场理论及射频电路设计基础。 3)熟悉半导体工艺与封装技术，了解LTCC/HTCC、HDI、FOWLP、TSV等先进封装工艺。 工具技能： 1)精通电磁仿真软件（如ANSYS HFSS、CST Studio Suite），具备天线及复杂封装结构的全波仿真能力。 2)熟悉多物理场仿真工具（如ANSYS Icepak、COMSOL Multiphysics）进行热-力耦合分析。 3)掌握信号完整性/电源完整性仿真工具（如Keysight ADS、Cadence Sigrity、ANSYS SIwave）者优先。 4)熟练使用AutoCAD、SolidWorks等结构设计软件者优先。 工程经验： 1)具有SIP、MCM或先进封装项目的实际设计经验，熟悉从设计到量产的完整流程。 2)具备毫米波频段（如Ka波段及以上）电路或天线设计经验，了解高频材料的特性与应用。 3)熟悉射频测试仪器（网络分析仪、频谱仪、信号源等）及天线测试暗室操作。 工作地点 领先时代成都市金牛区兴科中路3号5栋 以担保或任何理由索要财物，扣押证照，均涉嫌违法。一经发现， 立即举报,"射频电路设计,雷达,接收机,发射机,天线",http://www.zhaopin.com/jobdetail/CC478103130J40863133507.htm?refcode=4019&srccode=401901&preactionid=169521ff-a692-4034-8b8a-013dd6ee21c0
射频工程师,西安瀚博电子科技有限公司,1-2万,西安·雁塔·丈八沟,广州,本科,经验不限,5月15日,zhilian,岗位职责及内容： 1.完成测试系统射频通道功能模块的分解，确定各模块的技术指标等，负责调研选择合适的器件。 2.负责常见射频组件类产品设计、生产和测试工作，配合完成客户现场的系统调试工作。 3.总体把握产品的工程化实现工作，考虑可靠性、维修性设计。 4.负责产品相关技术文档的撰写和维护。 任职资格： 1.电磁场与微波技术、通信、电子等相关专业硕士及以上学历； 2.有射频组件等相关的研发经验者优先； 3.熟悉低噪放、混频器、开关等射频模块工作原理及主要技术指标，能够开展指标分解设计、器件选型及调试； 4.熟练使用网络分析仪、信号源、频谱仪、示波器等仪表设备； 5.有责任心和敬业精神，较强的学习能力和沟通协调能力。 工作地点 西安雁塔区瞪羚二路26号102号厂房 以担保或任何理由索要财物，扣押证照，均涉嫌违法。一经发现， 立即举报,"天线,测试系统",http://www.zhaopin.com/jobdetail/CC614789120J40778067305.htm?refcode=4019&srccode=401901&preactionid=169521ff-a692-4034-8b8a-013dd6ee21c0
天线研发工程师,北斗星通,2-2.5万,北京·海淀,广州,本科,3-5年,7月15日,zhilian,岗位职责： 1、负责公司导航定位类天线（含抗干扰天线、高精度测量型天线等）的方案设计、仿真优化及产品化落地； 2、独立完成天线的电磁仿真建模与性能优化，输出可制造的设计方案； 3、制定天线测试方案，使用矢量网络分析仪、频谱仪、微波暗室等设备完成天线性能测试，分析测试数据并形成报告； 4、参与天线选型、供应商技术评估及生产工艺跟进，解决从试产到量产过程中的天线相关技术问题； 5、跟踪天线前沿技术（如抗干扰阵列、多模组合天线等），持续提升产品性能与竞争力。 任职要求： 1、理论基础：扎实掌握电磁场与电磁波、微波技术、天线原理等专业理论知识，深入理解天线基本原理及特性； 2、仿真能力：熟练使用至少一种电磁仿真软件（HFSS、CST、FEKO 等），能够独立完成天线的建模与仿真优化工作； 3、测试能力：熟悉天线测试原理，能熟练使用矢量网络分析仪、频谱仪、功率计、微波暗室等测试设备开展性能测试； 4、产品经验：熟悉各类天线（FPC天线、LDS天线、陶瓷天线、贴片天线、导航抗干扰天线等）的设计方法与应用场景，了解天线材料特性及生产工艺； 5、学历专业：本科及以上学历，电磁场与微波技术、通信工程、电子科学与技术等相关专业； 6、加分项：有高精度卫星定位天线（GNSS）、阵列天线、抗干扰天线实际项目经验者优先。 工作地点 北京海淀区北斗星通大厦 以担保或任何理由索要财物，扣押证照，均涉嫌违法。一经发现， 立即举报,"天线研发,天线设计",http://www.zhaopin.com/jobdetail/CC120166610J40772401906.htm?refcode=4019&srccode=401901&preactionid=169521ff-a692-4034-8b8a-013dd6ee21c0
天线设计工程师,福耀集团,1.5-1.8万·15薪,广州·增城·永宁,广州,硕士,1-3年,7月17日,zhilian,岗位职责： 1.参与项目报价前期的天线技术交流，确认开发费用和进度； 2.完成天线技术研究，天线设计和天线测试工作； 3.完成天线技术相关的专利，标准和培训工作； 4.提升天线设计能力，包括仿真，天线设计以及天线测量，建立核心技术竞争力； 5.推动主机厂对天线产品的认可，以获取相关订单。 岗位要求： 1.要求1-3年及以上工作经验，要求硕士以上学历，电磁场与微波技术、通信与信息系统、通信工程等天线相关专业； 2.拥有天线设计行业工作经验，汽车玻璃、电小天线（4G、5G、WiFi、BT、V2X）产品设计/开发流程优先； 3.熟练掌握天线仿真软件HFSS或CST； 4.有一定的三维软件操作能力（3D建模，2D图纸绘制）； 5.有一定的天线设计理论基础以及设计经验。 工作地点：福耀集团广州增城区新耀南路1号 工作地点 增城区广州福耀玻璃有限公司 以担保或任何理由索要财物，扣押证照，均涉嫌违法。一经发现， 立即举报,"天线设计,手机,天线",http://www.zhaopin.com/jobdetail/CC120994670J40987190702.htm?refcode=4019&srccode=401901&preactionid=169521ff-a692-4034-8b8a-013dd6ee21c0
跳频滤波器设计师,成都康迈微科技有限公司,1-2万,全国,广州,学历不限,5-10年,7月2日,zhilian,职位描述 元器件电路设计 元器件设计 通信/网络设备 半导体/芯片 波导开关设计师、机械开关设计师、衰减器设计师、负载设计师、放大器设计师、射频开关设计师、检波器设计师、混频器设计师、移相器设计师、声表滤波器设计师、晶体滤波器设计师、介质滤波器设计师、可调滤波器设计师、电调滤波器设计师、跳频滤波器设计师、天线设计师、旋转关节设计师、转台设计师、隔离器设计师、巴伦设计师、传输线变压器设计师、功分器设计师、耦合器设计师、功放设计师、限幅器设计师、软波导设计师、电缆组件设计师、数控衰减器设计师、程控衰减器设计师，通信研发工程师 有意者直接投简历 工作地点 全国 以担保或任何理由索要财物，扣押证照，均涉嫌违法。一经发现， 立即举报,"元器件电路设计,元器件设计",http://www.zhaopin.com/jobdetail/CC224709610J40438936505.htm?refcode=4019&srccode=401901&preactionid=169521ff-a692-4034-8b8a-013dd6ee21c0
射频工程师,睿信丰空天科技(北京)股份有限公司,2-3万·14薪,西安·雁塔·电子城,广州,本科,3-5年,6月1日,zhilian,岗位职责： 1、参加公司射频产品路线的规划； 2、完成公司射频产品的设计、器件选型、原理图设计、PCB设计、硬件调试等工作； 3、参加产品/项目射频部分的需求调研和需求分析、概要设计和详细设计，撰写相关技术文档； 4、分析并解决产品/项目开发过程中射频相关的技术问题。 5、设计开发L—KA频段变频收发系统； 6、具备小步进、宽覆盖、连续可变频综的设计开发能力。 任职资格： 1、通信工程、电子信息工程等相关专业本科及以上学历，有三年以上射频相关工作经验； 2、熟练掌握至少一种射频仿真工具(如：ADS、Microwave Office、Ansoft等)，具备丰富的仿真知识，具有实际的仿真经验； 3、熟练掌握至少一种掌握EDA工具软件的应用（如：Candence等），熟悉从方案设计到原理图、PCB设计； 4、精通射频仪表（频谱仪、射频信号源、矢量网络分析仪、功率计、噪声分析仪等）的使用； 5、具有毫米波频段电路设计仿真、制造加工工艺、生产调试经验者优先； 6、具有通信、雷达系统射频链路、宽带连续覆盖上下变频系统设计实现经验者优先。 工作地点 雁塔区中兴产业园I座西安市高新区唐延南路10号中兴产业园I座3层 以担保或任何理由索要财物，扣押证照，均涉嫌违法。一经发现， 立即举报,"射频开发,通信、雷达系统射频链路",http://www.zhaopin.com/jobdetail/CC643290820J40279257910.htm?refcode=4019&srccode=401901&preactionid=169521ff-a692-4034-8b8a-013dd6ee21c0
研发工程师,深圳市金航标电子有限公司,8000-11000元,深圳·龙华·龙华,广州,本科,经验不限,2月3日,zhilian,职位描述 AutoCAD 数模设计 通信/网络设备 1.负责天线连接器及组件设计研发，依项目需求制定方案，确保产品性能达标。​ 2.用 3D 建模软件完成产品建模、装配及图纸绘制，保证图纸准确规范。​ 3.参与原型制作与测试，分析数据并优化设计，解决研发技术问题。​ 4.协同相关部门推进量产，提供技术支持，解决生产中的设计问题。​ 5.收集行业技术与市场信息，参与新产品预研，提出创新研发方向。 6.撰写研发技术文档，确保完整及时。​ 7.与国外合作方进行简单技术沟通，借助四级英语能力处理英文资料。​ 任职要求：​ 1.本科及以上学历，电子、机械、通信工程等相关专业优先。​ 2.掌握天线连接器专业知识，熟悉其原理、设计规范及制造工艺。​ 3. 熟练掌握 autocad 等制图软件，能够准确解读和绘制工程图纸；英语四级及以上，可阅读英文技术资料。​ 4.有相关研发经验者优先，应届生需有相关课程设计或实习经历。​ 5.具备问题分析解决能力、逻辑思维及团队协作精神。​ 6.工作负责，学习与创新意识强，能适应项目时间要求。​ 工作地点 深圳龙华区利金城中心-T2座18层 以担保或任何理由索要财物，扣押证照，均涉嫌违法。一经发现， 立即举报,"AutoCAD,数模设计",http://www.zhaopin.com/jobdetail/CC352855710J40774267307.htm?refcode=4019&srccode=401901&preactionid=169521ff-a692-4034-8b8a-013dd6ee21c0
天线工程师,华镁钛科技,1.5-3万,北京·海淀·上地,广州,硕士,3-5年,3月2日,zhilian,岗位职责： 1. 负责天线产品设计及仿真分析；产品指标分解 2. 负责天线性能调试和测试；产品系统测试 任职要求： 1. 具备扎实的电磁场与天线设计理论基础； 2. 熟练使用HFSS、CST等微波仿真软件； 3. 具有10GHz频段以上阵列天线设计经验者优先； 4. 具备优秀的英文专业文献阅读能力； 5. 学习能力、抗压能力强，具有良好的团队协作精神，责任心强。 工作地点 北京海淀区中关村软件园孵化加速器-23号楼202 以担保或任何理由索要财物，扣押证照，均涉嫌违法。一经发现， 立即举报,"天线设计,毫米波雷达,天线,HFSS",http://www.zhaopin.com/jobdetail/CC443508030J40987596004.htm?refcode=4019&srccode=401901&preactionid=169521ff-a692-4034-8b8a-013dd6ee21c0
急招初级射频工程师（可远程）,软通动力信息技术(集团)股份有限公司,8000-13000元,东莞·大朗镇,广州,本科,经验不限,7月7日,zhilian,职位描述 射频电路设计 射频设计 射频开发 射频测试 东莞/深圳 岗位内容： 1. 设计、开发和优化射频电路和天线系统。 2. 开展RF链路和系统分析，包括频率相关参数和功率放大器效率等。 3. 实施和执行测试计划，包括调试，验证和评估测试结果。 4. 参加原型开发，制造和调试过程。 任职要求： 1. 本科或以上学历，射频通信、无线电工程或相关领域。 2. 精通Ansoft HFSS、ADS、CST Microwave Studio等射频仿真软件。 3. 对于微波电路设计有深入的了解，熟悉常用的射频器件。 4. 在同行业至少有3年以上的实际经验。 5. 具备团队合作精神，沟通能力强，有较强的问题解决能力。 工作地点 东莞华为员工培训中心三丫坡B区(北门) 以担保或任何理由索要财物，扣押证照，均涉嫌违法。一经发现， 立即举报,"射频电路设计,射频设计,射频开发,射频测试",http://www.zhaopin.com/jobdetail/CC000544460J40776029516.htm?refcode=4019&srccode=401901&preactionid=169521ff-a692-4034-8b8a-013dd6ee21c0
射频连接器设计工程师,西安昊德信微波技术有限公司,8000-10000元,西安·长安·郭杜,广州,本科,1-3年,5月30日,zhilian,职位描述 连接器 全流程设计与仿真验证 生产工艺问题解决 客户技术支持 工作职责 独立完成常规射频连接器（含转接器、适配电缆连接器）的全流程设计与仿真验证，输出符合行业标准的技术方案。 主导生产现场工艺问题的分析与解决，通过技术指导优化生产流程，保障产品交付效率与质量。 基于射频连接器相关规范标准，为客户提供从选型到应用的全周期技术支持，提升客户满意度。 任职要求 本科及以上学历，通信工程、电子信息等相关专业，具备扎实的射频理论基础。 拥有2年以上射频连接器设计经验，熟悉主流仿真工具与生产工艺要求。 掌握射频连接器行业规范标准，具备独立解决产品设计与生产问题的能力。 工作地点 长安区西安佑鑫电子园F座 以担保或任何理由索要财物，扣押证照，均涉嫌违法。一经发现， 立即举报,"连接器,全流程设计与仿真验证,生产工艺问题解决,客户技术支持",http://www.zhaopin.com/jobdetail/CC664729220J40841250409.htm?refcode=4019&srccode=401901&preactionid=169521ff-a692-4034-8b8a-013dd6ee21c0
相控阵天线工程师,西安航捷电子科技有限公司,1.2-1.9万,西安·雁塔·丈八沟,广州,本科,3-5年,12月9日,zhilian,职位描述 天线设计 射频设计 卫星 雷达 天线 射频开发 半导体/芯片 职责范围： 1.方案制定:负责需求分析、方案评审及产品架构设计，平衡成本与性能。 2.研发管理:指导产品生产、测试验证。及团队技术提升，推动量产落地。 3技术协调:与芯片设计公司、研究所等厂商进行技术交流，解决电磁兼容信号干扰等问题。 学历要求:本科及以上学历，通信工程、电磁场与微波技术、电子信息工程等专业优先。 专业经验:3年以上相控阵天线研发经验，有卫星通信(如Ka/Ku频段)机载/星载应用背景者优先。 技术领域:熟悉阵列综合、热控、波束成形等核心技术，掌握HFSS、CST等仿真工具及矢量网络分析仪等测试设备操作。 专项技能:精通栅瓣抑制、阵元耦合熟悉微组分析及波束间干扰抑制技术，装和LTCC生产工艺。 工作地点 西安雁塔区科技六路29号B座1402 以担保或任何理由索要财物，扣押证照，均涉嫌违法。一经发现， 立即举报,"天线设计,射频设计,卫星,雷达,天线,射频开发",http://www.zhaopin.com/jobdetail/CCL1318282040J40826597110.htm?refcode=4019&srccode=401901&preactionid=169521ff-a692-4034-8b8a-013dd6ee21c0
天线测试工程师,天健九方(西安)毫米波设计研究院有限公司,1-2万,西安·碑林·张家村,广州,大专,3-5年,1月23日,zhilian,岗位职责： 1、负责测试系统调试、测试、安装、验收、培训及相关技术文件的编写与维护等工作； 2、负责测试系统现场交付活动的组织、协调，售后维护、问题整理等工作； 3、负责测试结果分析、报告出具及客户咨询等工作； 4、负责进行其他技术相关工作； 5、负责进行上级安排的其他工作。 任职资格： 1、电磁场与微波技术、电子技术、电子信息、通信、物理等相关专业，本科及以上学历； 2、具有天线测试系统集成的调测相关经验者优先; 3、熟悉天线工作原理、测试方法及测试流程者优先； 4、了解射频微波产品及其功能性能指标者优先； 5、熟悉射频微波仪表者优先； 6、具有相控阵天线调试者优先； 7、具有较好的沟通能力，书面表达能力，大学英语六级或相当水平以上者优先； 8、具有较好的创新精神，团队精神，敬业精神； 9、工作认真负责，严谨细致。 工作地点 西安创新设计中心大楼陕西省西安市碑林区含光北路西安创新设计中心21楼 以担保或任何理由索要财物，扣押证照，均涉嫌违法。一经发现， 立即举报,"相控阵天线测试,射频微波产品,天线测试系统集成调试",http://www.zhaopin.com/jobdetail/CCL1209418560J40699535310.htm?refcode=4019&srccode=401901&preactionid=c35d2c2b-35c0-4b81-aec0-c9b62594415b
射频工程师,电科航电,2-4万,成都·金牛·金泉,广州,本科,3-5年,5月25日,zhilian,岗位职责: 1、负责需求分析、射频电路方案设计、原理图设计，电路仿真调试； 2、负责射频收发机电路的开发、设计、调试及验证； 3、负责协助项目负责人完成项目总体方案设计、项目进度、产品质量控制； 4、负责技术和产品开发各阶段相关技术文档编写和评审相关工作； 5、负责完成射频收发机前沿性技术跟踪和研究和论证工作; 6、解决产品开发和生产过程中出现的电磁兼容的问题； 7、承接设备级、系统级电磁兼容的测试任务。 任职资格: 1、本科及以上学历，具备机载北斗短报文/导航天线发展路线图和型谱图定义的能力； 2、必须具备机载北斗短报文/导航天线（包括天线罩、天线阵子、天线安装架、信道模块等)构型分解的能力； 3、具备机载北斗短报文/导航天线功能、性能需求分析的能力； 4、具备机载北斗短报文/导航天线组件内部各单元指标分解和关键元器件选型的能力，具备 天线阵子相关的能力； 5、具备机载北斗短报文/导航天线、T/R组件(模块），天线阵子集成、联试和测试的能力； 6、具备电磁兼容分析能力，掌握电磁仿真工具者更佳。 工作地点 成都金牛区高新西区百川路9号 以担保或任何理由索要财物，扣押证照，均涉嫌违法。一经发现， 立即举报,"天线,射频设计,射频开发",http://www.zhaopin.com/jobdetail/CC287247110J40588511115.htm?refcode=4019&srccode=401901&preactionid=c35d2c2b-35c0-4b81-aec0-c9b62594415b
硬件工程师**,南京华昇智航科技有限公司,1.2-2.4万,南京·建邺·江心洲,广州,本科,经验不限,5月6日,zhilian,职位描述 设计 PCB设计 专用设备制造 船舶/航空/航天/军工 1. 硬件系统设计与开发： 负责相控阵波控系统、数据传输链路的硬件方案论证、器件选型、原理图及PCB设计。 设计控制电路、测试电路等，并协助射频、天线设计师完成相关设计工作。 2. 专业与学历：电子信息工程、通信工程、自动化、计算机等相关专业本科及以上。 3. EDA工具熟练度： 熟练使用Altium Designer、Cadence等至少一种主流EDA工具进行原理图绘制和PCB Layout。 4. 器件与接口： 熟悉各类元器件选型，掌握IIC、SPI、UART等常用接口，并有DDR、PCIe、SRIO等高速接口开发经验者优先。 工作地点 南京建邺区江岛智立方 以担保或任何理由索要财物，扣押证照，均涉嫌违法。一经发现， 立即举报,"设计,PCB设计",http://www.zhaopin.com/jobdetail/CCL1503970380J40960458702.htm?refcode=4019&srccode=401901&preactionid=c35d2c2b-35c0-4b81-aec0-c9b62594415b
射频天线工程师,常州特能滤科技有限公司,8000-16000元·13薪,武汉·洪山·九峰,广州,本科,3-5年,7月11日,zhilian,岗位职责： 1、负责屏蔽效能测试天线的方案设计、仿真优化、样品迭代及量产落地，涵盖电磁屏蔽、辐射发射、辐射抗扰度等测试场景的天线研发工作。 2、依据GB/T、GJB、IEC等国内外屏蔽效能测试标准，结合测试需求完成天线结构、阻抗、增益、驻波比、频带范围等核心参数的设计与调试。 3、使用HFSS、CST等电磁仿真软件完成天线电磁性能仿真、建模分析，排查天线设计中的电磁干扰、信号损耗、频带偏移等问题，持续优化天线测试精度与稳定性。 4、配合屏蔽效能实验室完成天线适配测试、场地校准、性能验证，输出天线设计报告、仿真报告、测试验证报告等技术文档。 5、跟进屏蔽测试技术及天线迭代趋势，研发适配新型屏蔽测试场景的专用天线，解决测试过程中的各类技术难题。 6、配合生产、测试团队完成天线量产工艺优化、技术交底，把控产品的性能质量。 任职要求： 1 本科及以上学历，电磁场与电磁波、天线技术、射频工程、电子信息工程、电磁兼容等相关专业，具备扎实的电磁理论、天线原理、电磁兼容基础知识。 2 至少3年及以上天线设计研发相关经验；精通天线核心指标（增益、驻波比VSWR、阻抗、频带宽度、方向图、辐射效率等）的设计与调试，熟悉射频电路匹配设计。 3 熟练使用矢量网络分析仪、信号源、频谱仪等射频测试设备，有独立完成天线仿真、设计、调试、落地的完整项目经验，可独立完成天线性能测试、校准及问题排查。 4 熟练掌握HFSS、CST、ADS等至少一款主流电磁仿真设计软件，可独立完成天线建模、仿真、参数优化及结果分析。 5 熟悉屏蔽效能测试相关标准，包括但不限于GJB 151B、GJB 2928、GB/T 30142、IEC 61000系列标准，了解电磁兼容实验室测试流程及天线适配要求。 6 具备基础的结构设计认知，可配合完成天线外观设计、安装结构优化，兼顾产品性能与实用性。 7 具备良好的技术文档撰写能力，可规范输出设计、仿真、测试等各类技术报告。 8 工作认真负责，有较强的责任心和执行力，愿意深耕屏蔽效能测试天线细分领域。 以下优先考虑： 1 有军事、航天、车载、通信设备、EMC电磁兼容等领域屏蔽效能测试天线的研发经验者优先。 2 熟悉屏蔽暗室、开阔场测试系统配套天线设计与校准技术者优先。 3 拥有天线设计相关专利、独立研发项目成果者优先。 4 熟悉宽频带、高稳定性、低损耗测试天线开发者优先。 任职地点：江苏省常州市（需要长期任职该地区，不考虑的勿扰） 工作地点 武汉洪山区光谷科技大厦 以担保或任何理由索要财物，扣押证照，均涉嫌违法。一经发现， 立即举报,"射频开发,射频测试,射频仿真",http://www.zhaopin.com/jobdetail/CCL1516152060J40942008308.htm?refcode=4019&srccode=401901&preactionid=c35d2c2b-35c0-4b81-aec0-c9b62594415b
硬件工程师,浙江凯迪仕实业有限公司,2-3.5万,温州·瓯海区·郭溪街道,广州,本科,5-10年,7月24日,zhilian,岗位职责： 1.负责产品开发的硬件设计，包括硬件概要设计、详细设计、电路设计、BOM的制作等； 2.负责样机调试、可靠性测试整改以及各项电气性能、功能等验证； 3.联合软件工程师完成单板和整机的开发和调试； 4.负责产品的试产、量产跟进，为生产提供技术支持或改良意见； . 工作时间：单休 吃：有食堂，公司补贴，个人承担5元/餐，月260元左右，先吃后扣。 住：免费提供单人公寓宿舍（家人可随同住）。环境好，面积大，配备衣柜、桌子、空调、热水、免费洗衣机、卫生间、阳台等。 平台及调薪： 1.根据个人能力提供晋升和调薪， 2.根据市场工资行情调薪， 3.企业效益调薪。薪资不低于市场。 福利： 1.社会保险：养老保险、医疗保险、生育保险、工伤保险、失业保险； 2.公积金：住房公积金； 3.免费提供宿舍：水电费自理 4.食堂就餐：就餐补助 5.节日福利： 6.工龄奖：工作满1年，按月发放 7.优秀评选： 8.春节车费补贴等等 公司地址：浙江省温州市瓯海区郭溪街道三溪路599号 招聘截止日期2027年06月27日招聘人数2人 工作地点 温州瓯海区浙江凯迪仕实业有限公司 以担保或任何理由索要财物，扣押证照，均涉嫌违法。一经发现， 立即举报,家电批发/零售/贸易,http://www.zhaopin.com/jobdetail/CC421034520J40877113810.htm?refcode=4019&srccode=401901&preactionid=c35d2c2b-35c0-4b81-aec0-c9b62594415b
射频工程师,成都玛时特电子科技有限公司,1.4-2万,成都·郫都·犀浦,广州,学历不限,1-3年,7月23日,zhilian,职位描述 天线 射频电路设计 射频测试 岗位内容： 1. 负责射频电路和天线系统设计、仿真、测试和验证。 2. 协助团队处理各种技术问题，推动项目进展并提供技术支持。 3. 收集和分析市场和行业资讯，参与竞争对手分析和产业趋势研究。 4. 协助团队确定技术方向和开发计划，制定相应的项目规划和管理。 任职要求： 1. 具备扎实的电子基础知识和较强的技术能力，能够独立完成射频电路设计和仿真。 2. 熟悉常用的射频器件和射频测试仪器，具备一定的硬件测试经验。 3. 对于射频产品及其应用有基本的认识和理解，了解射频市场和行业发展趋势。 4. 具备良好的团队协作精神和沟通能力，关注用户需求和体验。 工作地点 四川省成都市郫都区西芯大道5号 以担保或任何理由索要财物，扣押证照，均涉嫌违法。一经发现， 立即举报,"天线,射频电路设计,射频测试",http://www.zhaopin.com/jobdetail/CC546031230J40957470915.htm?refcode=4019&srccode=401901&preactionid=c35d2c2b-35c0-4b81-aec0-c9b62594415b
射频天线研发工程师,浙江戴孚斯通讯科技有限公司,2-3万,上海·闵行·颛桥,广州,本科,5-10年,7月13日,zhilian,职位描述 天线设计 射频设计 射频开发 射频仿真 射频天线 天线 手持终端 车载 IOT 通信/网络设备 新能源/燃油车零部件 职位职责： 1.熟悉项目资料，准确应答客户对应的RFI 2.针对TWS/TAG/手表/手环/智能音箱/机器人/VR/AR等电子产品的天线空间和环境要求非常清楚，有丰富的经验评估天线和项目进度，遇到天线和射频问题需立即拉跨部分会议讨论并给出结论； 2.参与互联layout设计，规避TDD NOISE，板端干扰TIS，电流音，链路阻抗失配，电磁干扰（电源线路，金属件，FPC排线等对天线的性能影响）； 3.积极主动攻关天线棘手问题，满足客户性能要求同时满足项目进度； 4.与客户保持沟通，跟踪项目进度，及时处理天线问题； 5.作为天线接口人，协调人力和分析验证项目的天线问题； 6.统筹天线项目方案的评审，进度协调，天线产品的样品开发及批量交付，及时协调解决开发，试制和量产中的问题和各阶段交付件输出； 工作经验： 1.8年以上射频产品天线设计开发经验，具备研发部门的日常管理工作 经验及客户对接沟通能力； 2.有8年以上小天线研发经验，熟悉各类消费产品天线形态及技术指标； 3.具有扎实的电场场理论及天线基础，精通各类形态天线的工作原理； 4.熟悉掌握CST/HFSS等天线仿真软件，对消费类产品进行电磁仿真，评估天线风险； 5.熟练掌握ADS/PADS/ALLEGRO等layout软件进行评估； 6.熟练使用网络分析仪，频谱仪，信号源，电源仪CMW270/500等综合测试仪. 7.协调好人力分析验证项目的天线问题； 8.英语好：可以作为工作语言与客人开会，沟通及写技术报告； 工作地点 闵行区上海市莘庄工业区 以担保或任何理由索要财物，扣押证照，均涉嫌违法。一经发现， 立即举报,"天线设计,射频设计,射频开发,射频仿真,射频天线,天线,手持终端,车载,IOT",http://www.zhaopin.com/jobdetail/CCL1381650650J40990455002.htm?refcode=4019&srccode=401901&preactionid=c35d2c2b-35c0-4b81-aec0-c9b62594415b
【校招】天线工程师,成都华芯天微科技有限公司,1.5-1.8万,成都·成华·龙潭,广州,硕士,经验不限,7月25日,zhilian,职位描述 天线设计 微波射频 卫星通信 工作内容： 1. 负责天线/馈电的仿真、设计； 2. 负责各种阵列布局与组合、波束赋形的算法研究； 3. 编写方案设计报告与研制总结； 4. 对整机的生产、测试进行跟进，执行专题攻关任务。 任职要求： 1. 硕士及以上学历，电磁场与微波技术、无线电物理等相关专业，具有扎实的电磁场理论知识和阵列天线设计经验，； 2. 熟悉相控阵天线整机架构，掌握常用的工艺知识； 3. 精通专业设计软件、测试设备的操作； 4. 了解GJB9001C-2017质量管理体系知识； 5. 健康的体魄，充沛的精力，强烈的责任心，良好的亲和力及执行力。 公司简介： 创立于2019年1月，专注于微波毫米波频段的天线、组件、芯片等领域的设计、开发、生产、销售、服务于一体的高新技术企业。拥有一支长期从事微波毫米波产品研发、生产、销售的高素质专业团队，核心团队拥有毫米波领域超过十年的从业经验。公司已掌握多种关键技术，主要有毫米波频段SIP集成技术、多通道RFIC/MMIC 相关设计技术、相控阵天线集成技术、大功率瓦片式散热技术等。 福利待遇： 1.转正后工资可观，每月工资准时发！ 2.绩效奖金，年终奖金！ 3.七险一金（社保+商业保险+补充医疗险+公积金）； 4.带薪假期：法定假、婚假、产假、陪产假、年假、全薪病假等； 5.免费工作餐、加班餐； 6.加班交通费； 7.其它福利： 1）健康体检、婚育礼金、节日福利； 2）生日会、部门聚餐、公费旅游； 3）年会、体育活动。 工作地址：成都市成华区航天路99号金地威新·成华创新基地5C幢 工作地点 成都成华区金地威新成华创新基地5C幢 以担保或任何理由索要财物，扣押证照，均涉嫌违法。一经发现， 立即举报,"天线设计,微波射频,卫星通信",http://www.zhaopin.com/jobdetail/CC848403780J40816702403.htm?refcode=4019&srccode=401901&preactionid=c35d2c2b-35c0-4b81-aec0-c9b62594415b
硬件调测,成都邦飞科技有限公司,4000-8000元,成都·金牛·茶店子,广州,本科,1-3年,7月10日,zhilian,岗位职责 1、使用频谱仪、矢量网络分析仪等设备进行信号分析与校准 2、配合团队完成产品研发周期内的任务，适应阶段性高强度工作 二、任职资格 1、学历：本科及以上（电气自动化、电子信息技术、通信技术、微波天线、电磁场等相关专业），有同行业经验者可放宽学历。 2、政审合格，身体健康，品行端正，无不良记录 三、专业技能 1、掌握模拟电路、数字电路基础知识及设计能力 2、熟练操作频谱仪、矢量网络分析仪、示波器等仪器 3、具备硬件调测/调试经验，能独立完成电路板测试与优化 四、 工作适应性 1、接受加班、倒班及通宵工作安排； 2、具备团队协作能力及抗压能力； 3、具备良好的沟通表达能力。 工作地点 成都金牛区营康西路85号 以担保或任何理由索要财物，扣押证照，均涉嫌违法。一经发现， 立即举报,"频谱仪,矢量网络分析仪,示波器",http://www.zhaopin.com/jobdetail/CC709320920J40950088708.htm?refcode=4019&srccode=401901&preactionid=c35d2c2b-35c0-4b81-aec0-c9b62594415b
相控阵天线人员招聘,彩虹显示器件股份有限公司,8000-16000元,咸阳·秦都区·渭滨街道,广州,本科,3-5年,6月28日,zhilian,岗位职责 1. 负责相控阵天线设计、开发、测试相关工作； 2. 参与相控阵天线科研项目申报、相关专利、工艺标准的编制，沉淀技术成果。 任职要求 1. 电磁场与微波技术相关专业硕士以上学位； 2. 在天线领域具有十年以上的工作经验，在相控阵领域具有五年以上的工作经验； 3. 具有技术创新能力，乐于挖掘天线技术的新方向、新动态；精通电磁仿真软件； 4. 有较强的文字功底和语言表达能力，可完成技术文档、项目申请书撰写，进行项目答辩； 工作地点：咸阳市高新区 （2）天线工程师（3人） 岗位职责 1. 负责相控阵天线设计、开发、测试相关工作； 2. 参与相控阵天线科研项目申报、相关专利、工艺标准的编制，沉淀技术成果。 任职要求 1. 本科及以上学历，无线电通信、电磁场与微波技术、雷达等相关专业，3年以上独立天线产品开发经验，相控阵天线优先； 2. 扎实的模数电路理论、射频电路理论、电磁场理论、微波工程技术、天线理论知识； 3. 精通HFSS、射频仪表的使用，使用过微波暗室进行天线及射频测试； 4. 具有雷达系统射频电路设计、毫米波组件与模块开发经验者优先； 工作地点：咸阳市高新区 （3）射频工程师（4人） 岗位职责 1. 负责相控阵的功率放大、功率分配、滤波等有源、无源电路的设计开发工作； 2. 参与相控阵天线相关专利、工艺标准的编制，沉淀技术成果。 任职要求 1. 本科及以上学历，无线电通信、电磁场与微波技术、雷达等相关专业； 2. 扎实的模数电路理论、射频电路理论、电磁场理论、微波工程技术、天线理论知识。 3. 精通至少一款RF电路仿真软件和一款全波电磁仿真软件。熟悉常用RF射频电路仿真软件（HFSS、CST等）的工程依据和仿真过程。 4. 精通射频仪表的使用，使用过微波暗室进行天线及射频测试。 工作地点：咸阳市高新区 （4）液晶相控阵研发工程师（4人） 岗位职责 1. 负责液晶相控阵结构设计、液晶驱动电路设计； 2. 负责和生产厂家进行工艺对接、设计改进； 3. 参与相控阵天线科研项目申报、相关专利、工艺标准的编制，沉淀技术成果。 任职要求 1. 大学本科以上学历，电子类相关专业； 2. 具有3年以上液晶面板研发经验； 3. 能熟练掌握LCD相关设计、仿真软件，有独立主持过LCD产品设计全过程的人员优先； 工作地点：咸阳市高新区 工作地点 秦都区咸阳高新区 以担保或任何理由索要财物，扣押证照，均涉嫌违法。一经发现， 立即举报,"天线设计,射频设计",http://www.zhaopin.com/jobdetail/CC253075830J40845967103.htm?refcode=4019&srccode=401901&preactionid=c35d2c2b-35c0-4b81-aec0-c9b62594415b
天线工程师(J10716),烟台睿创微纳技术股份有限公司,2-4万,成都·金牛·金泉,广州,硕士,3-5年,6月12日,zhilian,"岗位职责: 1)负责相控阵天线天线辐射单元和馈电指标的评估与分解； 2)负责天线天线阵面以及馈电网络的仿真设计工作； 3)负责指导PCB设计师完成PCB设计； 4)协助射频工程师完成天线阵面与射频链路的互联，以及协同仿真； 5)指导测试工程师完成天线相关指标的调试、测试验证工作。 任职要求: 1)天线理论基础知识扎实，熟练掌握HSFF,CST,ADS等仿真软件使用； 2)熟悉天线仿真、滤波器、合路器的设计，具有一款以上天线的设计和调试经验，有相控阵天线经验者优先； 3)善于思考，敢于挑战，勇于担责，讲究团队协作。 工作地点 成都金牛区国宾总部基地-3幢8楼 以担保或任何理由索要财物，扣押证照，均涉嫌违法。一经发现， 立即举报","天线设计,相控阵",http://www.zhaopin.com/jobdetail/CC200206520J40869317014.htm?refcode=4019&srccode=401901&preactionid=c35d2c2b-35c0-4b81-aec0-c9b62594415b
硬件工程师,广东国天时空科技有限公司,8000-15000元·13薪,佛山·南海·桂城,广州,本科,3-5年,7月8日,zhilian,岗位职责 1.负责公司产品硬件电路的原理图设计、PCB设计，完成硬件设计文档资料的整合和相关生产资料的整合；负责通信导航类产品的硬件设计与实现； 2.负责整机硬件设计，元器件的选型与评估，负责新产品成本核算； 3.参与制定硬件设计文档、设计规范、产品测试规范和具体测试方案，进行产品系统硬件开发调试和系统联调； 4.支持生产部门工作，解决生产中出现的技术问题； 5.协助产品质量改进和工艺技术攻关、持续改进； 6.协助做好售后技术支持； 任职条件 1.本科及以上学历，电子信息技术/通信/导航/自动化等相关专业，3-8年电子通信类产品开发经验； 2.有硬件设计、调试基础，熟悉各类通用接口电路的设计使用经验； 3.有FPGA、DSP、ARM系统硬件设计经验，熟练使用EDA设计软件进行PCB设计，如Protel，PADS，Cadence等； 4.熟练使用示波器、频谱仪等仪表进行数字硬件电路的调试； 5.具有较强的学习能力和沟通协作能力，有良好的团队意识； 6.有带领团队开发产品经验者优先，具项目经理经验优先； 7.有模拟电路设计经验者优先，有北斗、时频行业从业经验者优先。 奖金绩效 季度奖金 工作地点 佛山南海区桂城街道深海路17号瀚天科技城A区 以担保或任何理由索要财物，扣押证照，均涉嫌违法。一经发现， 立即举报,电路设计,http://www.zhaopin.com/jobdetail/CC883642570J40841037310.htm?refcode=4019&srccode=401901&preactionid=c35d2c2b-35c0-4b81-aec0-c9b62594415b
射频工程师,上海诺行信息技术有限公司,1.1-1.3万,泰安·泰山区·财源街道,广州,本科,3-5年,7月21日,zhilian,职位描述 射频开发 工作职责： 1、承接4G/5G智能产品线硬件射频前端设计开发任务与量产交付； 2、承接客户定制类产品硬件射频前端设计开发与量产交付； 3、主导射频传导指标的调试与调优，对接天线厂完成天线的设计； 4、统筹智能产品线的射频维护任务，包括客户售前，售后技术支持以及客户入网认证问题处理； 5、跟踪客户市场需求，识别行业射频前端变化趋势，射频技术预研等； 任职要求： 1、计算机，电子，信息，通信类，电磁场与无线技术相关专业毕业； 2、具备至少3年以上射频前端设计相关工作经验，熟悉理解射频相关基本概念，具备射频前端传导指标调试经验； 3、熟悉电磁场与微波技术等专业基础知识； 4、熟练使用CMW500，频谱分析仪，网络分析仪，示波器等射频仪表； 5、具备较好沟通表达，组织协调能力； 6、热爱智能硬件相关领域，乐于钻研无线射频相关知识，动手能力强； 7、本科及以上学历，英语CET-4； 薪酬福利： 1. 实行五天八小时工作制； 2. 丰富的薪资架构体系（基本薪资+绩效奖金+项目奖金+长期激励）； 3. 员工享有国家规定的婚假、产假、陪产假、丧假等的其他有薪假期； 4. 入职起提供完善的五险一金保障福利； 5. 餐补、差旅补等各项补贴；每月之星奖、项目奖、绩效奖等奖励； 6. 提供全面、系统、专业的培训； 7. 提供广阔的职业发展空间与提升机会； 8. 细致入微的员工关怀（如员工部门团建活动、阳光下午茶、体育活动、年度旅游、团队拓展等）。 工作地址：山东省泰安市泰山大街566号泰安万达广场写字楼7号楼918 公司网址：http://www.notioni.com/ 工作地点 泰山区泰安万达广场写字楼-7号楼 以担保或任何理由索要财物，扣押证照，均涉嫌违法。一经发现， 立即举报,射频开发,http://www.zhaopin.com/jobdetail/CC402600910J40951325208.htm?refcode=4019&srccode=401901&preactionid=c35d2c2b-35c0-4b81-aec0-c9b62594415b
天线研发工程师,深圳市拓普联科技术股份有限公司,1.5-2.5万,深圳·宝安·福海,广州,硕士,经验不限,6月30日,zhilian,职位描述 射频设计 射频电路设计 天线设计 射频仿真 半导体/芯片 1.、从事终端产品，小基站，宏站的天线方案设计以及性能测试工作； 2、根据客户需求，评估天线布局、结构设计，输出设计方案，并识别技术风险项给出改善和规避措施； 3、解决终端天线设计的需求； 4、根据天线原理及天线设计方案，评审制定测试方案，并根据实际场景调整测试方案。 要求： 1、研究生学历，微波、电磁场、电子信息工程相关专业，英语CET-6； 2、具有较好的天线设计、调试基础，熟练使用矢量网络分析仪、频谱仪等仪器； 3、有同类型产品开发经验、同级别公司实习经验或者从事过相关课题优先考虑； 4、良好的沟通、理解、表达能力和团队协作精神。 职位福利：五险一金、绩效奖金、带薪年假、包吃、包住、弹性工作、出差补贴、多次晋升机会 职位亮点：包吃住，五天八小时工作制 工作地点 宝安区鑫豪盛科技园(西1门)深圳市拓普联科技术股份有限公司 以担保或任何理由索要财物，扣押证照，均涉嫌违法。一经发现， 立即举报,"射频设计,射频电路设计,天线设计,射频仿真",http://www.zhaopin.com/jobdetail/CC494199480J40366481407.htm?refcode=4019&srccode=401901&preactionid=c35d2c2b-35c0-4b81-aec0-c9b62594415b
射频工程师,成都美数科技有限公司,8000-16000元,重庆·南岸·花园路,广州,本科,1-3年,7月17日,zhilian,岗位职责： 1. 射频电路的设计开发； 2. 射频模块功能测试、性能测试及可靠性测试； 3. 进行相关射频器件的评估和射频电路的调试； 4. 对出现的问题进行总结、分析、统计，并在以后的设计中进行改进； 5. 电路方案拟制和评审，编写相应的射频设计文档； 6.利用ADS、HFSS和CST等仿真软件进行天线、滤波器等模块仿真； 7. 为模块调试和生产测试中的射频疑难问题提供技术支持。 任职要求： 1.电子、通信类相关专业本科及以上学历，2年以上相关行业工作经验； 2. 熟悉射频仪表（矢网、信号源、频谱仪、功率计等）的使用； 3.熟悉射频电路相关指标及测量方法； 4.熟练掌握至少一种EDA软件的应用（如：Altium Designer、Protel、Cadence等），熟悉原理图、PCB设计，熟悉ADS、HFSS和CST等仿真软件使用者优先； 5.熟悉接收信道方案，有微波、射频行业工作经验优先； 6.有较强的团队合作精神、沟通能力和质量意识。 工作地点 重庆南岸区明佳路 以担保或任何理由索要财物，扣押证照，均涉嫌违法。一经发现， 立即举报,"主板射频,射频电路设计,矢量网络分析仪,微波射频,频谱仪",http://www.zhaopin.com/jobdetail/CZ367198580J00214753303.htm?refcode=4019&srccode=401901&preactionid=c35d2c2b-35c0-4b81-aec0-c9b62594415b
天线测试岗（702部）,四川九洲电器集团有限责任公司,6000-12000元,绵阳·涪城区·城郊街道,广州,大专,1-3年,7月23日,zhilian,岗位职责: 1 .根据作业计划，按照作业指导文件，正确操作仪器设备，完成调试、试验任务； 2.编制测试报告，评估测试结果； 3.维护天线测试系统； 4.承担天线产品售后服务任务等。 任职资格: 1.学历及专业：大专及以上学历， 电子信息类、 自动化类、计算机类、 电气类等专业优先； 2.技能要求：掌握无线电技术、测量技术、计算机知识、仪器设备操作知识、静电防护知识、保密知识等； 3.工作经验：具备 1 年及以上工作经历。 工作地点 绵阳涪城区九洲科技工业园 以担保或任何理由索要财物，扣押证照，均涉嫌违法。一经发现， 立即举报,"射频测试,功能测试,性能测试,安全测试,接口测试",http://www.zhaopin.com/jobdetail/CC130677500J40855255705.htm?refcode=4019&srccode=401901&preactionid=c35d2c2b-35c0-4b81-aec0-c9b62594415b
嵌入式硬件工程师,泉州中国兵器装备集团特种机器人研发中心,7000-14000元·13薪,泉州·丰泽区·北峰街道,广州,本科,3-5年,7月25日,zhilian,岗位职责： 1. 负责嵌入式产品整体硬件电路方案设计、原理图绘制与PCB布局布线，包含常规数字电路、模拟电源电路，以及射频收发链路、匹配电路、滤波电路、功放电路、天线接口电路等射频模块设计。 2. 负责全品类硬件器件选型、电路链路预算、阻抗匹配及电磁兼容仿真，完成常规硬件电路、射频电路的指标参数核算与方案可行性评审。 3. 负责硬件样板整机调试、电路性能测试、硬件故障定位与问题闭环优化，输出调试日志及测试报告，优化电源稳定性、信号完整性、驻波比、插入损耗、接收灵敏度等软硬件核心指标。 4. 配合软件工程师完成整机软硬件联调，解决数模混合电路、常规外设电路、射频电路产生的信号串扰、电磁干扰、谐波杂散、电源异常等各类硬件问题排查和解决。 5. 跟进产品量产全流程工作，输出完整硬件BOM、电路生产工艺规范，解决量产阶段通用硬件、射频电路批量不良、电路一致性异常等工程落地问题。 6. 配合项目负责人完成相关项目材料编制及产品转产材料编制。 岗位要求： 1. 本科及以上电子信息、通信、微波射频相关专业，3年及以上全职电路硬件设计工作经验，有嵌入式终端设备射频开发经验者优先。 2. 精通电路基础理论，熟悉理解高频电路、微波传输、阻抗匹配、电磁辐射、数模隔离等核心原理，能够独立完成全流程射频电路开发。 3. 熟练使用Cadence Allegro、AD、PADS等主流硬件PCB设计工具，精通高频射频PCB布局布线规则，掌握射频隔离、接地、阻抗控制工艺。 4.熟练使用ADS、HFSS等射频仿真工具，完成S参数、阻抗匹配、电磁干扰、天线链路仿真分析。 5. 熟练操作频谱分析仪、信号源、网络分析仪、功率计等射频测试仪器，能够独立完成射频故障排查与指标优化。 6.熟悉主流无线通信射频方案：BLE、WiFi、LoRa、4G/5G、GNSS、Sub-GHz等物联网/嵌入式常用射频通信制式。 7.熟悉射频功放、低噪放、射频开关、滤波器、耦合器等无源/有源射频器件特性，具备丰富的射频器件选型经验。 8.了解嵌入式整机硬件架构，熟悉数模混合电路设计，具备解决射频干扰、电磁兼容、整机射频兼容性问题的实战能力。 职位福利：五险一金、绩效奖金、带薪年假、包住、交通补助、餐补、定期团建、周末双休 奖金绩效 年底最高可得2.5个月工资 工作地点 丰泽区泉州数字经济产业园研发5号楼 以担保或任何理由索要财物，扣押证照，均涉嫌违法。一经发现， 立即举报,"嵌入式硬件开发,PCB设计,电路设计,无人机,人工智能",http://www.zhaopin.com/jobdetail/CCL1242084280J41023196904.htm?refcode=4019&srccode=401901&preactionid=c35d2c2b-35c0-4b81-aec0-c9b62594415b
硬件工程师,珠海荣源电子科技有限公司,8000-10000元,珠海·香洲区·南屏镇,广州,大专,1-3年,7月7日,zhilian,岗位职责：音箱类硬件工程师 1、各种数模电路/音视频电路/射频无线电路；设计其原理图及PCB图； 2、产品样机的焊接硬件调试、测量、问题查找和修改； 3、音箱产品的EQ调音； 4、射频天线设计与阻抗匹配； 5、编制硬件相关的各类规范、指南。 任职资格： 学历：大专or本科以上学历； 专业：电子通信类相关专业； 1、音箱厂硬件1-2年工作经验； 2、会相关画图软件； 3、良好电子设计理论基础； 4、有蓝牙音箱类硬件设计经验优先； 上班时间：08:30-17:30，单休 职位福利：五险一金，年终奖，包吃，年假，旅游，免费体检，节日福利，生日福利，法定假日休息 工作地点 信通电子有限公司珠海市香洲区南屏科技工业园屏东二路信通二栋4楼C区 以担保或任何理由索要财物，扣押证照，均涉嫌违法。一经发现， 立即举报,"半导体/芯片,电子设备制造",http://www.zhaopin.com/jobdetail/CC659155830J40809252003.htm?refcode=4019&srccode=401901&preactionid=dbc82e69-534f-49d6-9732-d7275c77b60d
测试工程师,西安天安电子科技有限公司,4000-6000元·13薪,西安·雁塔·漳浒寨,广州,本科,经验不限,7月10日,zhilian,岗位职责： 1. 负责相控阵天线产品，相控阵天线产品的调试、测试工作； 2. 负责相控阵天线产品的振动冲击实验、高低温循环实验工作； 3. 配合设计师解决在测试中出现的各种技术问题； 4. 完成公司安排的其他工作。 任职要求： 1. 公司招聘的首要条件是能吃苦耐劳、勤奋、乐意学习、善于沟通的青年英才； 2. 公司具有完备的专家体系和测试环境，进行天线近场、远场测试及实验等专业培训； 3. 本科以上学历，电子电工、应用电子类等专业优先，具有matlab编程经验优先； 4. 能适应加班或夜班实验、测试工作安排，除工资和项目奖金外，有夜班工作补助。 奖金绩效 夜班补助，项目奖金 工作地点 西安雁塔区联东U谷雁塔网络安全智谷4号楼9层 以担保或任何理由索要财物，扣押证照，均涉嫌违法。一经发现， 立即举报,"MATLAB编程,性能测试,功能测试,硬件测试",http://www.zhaopin.com/jobdetail/CC674537120J40700747809.htm?refcode=4019&srccode=401901&preactionid=dbc82e69-534f-49d6-9732-d7275c77b60d
天线测试工程师,电科航电,1-2万,成都·金牛·金泉,广州,硕士,3-5年,5月25日,zhilian,岗位职责 1. 负责天线类产品的全流程测试、包括制定测试计划、编写测试方案和测试用例设计。 2. 负责天线类产品性能，环境、可靠性及认证相关测试，输出测试报告，分析并推动解决测试中的问题。 3. 负责组织进行测试脚本或测试工具的开发，有效提高测试效率，并与开发、产品团队密切配合，提升产品整体的研发效率。 任职要求 1、微波电磁场、无线电、通信、电子及相关专业本科及以上学历，同岗位3年以上工作经验。 2、熟悉常用相控阵天线类设备的暗室空口指标和常规微波/射频类性能指标测试。 3. 熟悉天线类设备整机的环境类和电磁兼容类试验的测试。 4. 掌握基本测试理论及测试设计方法，熟悉天线类产品的测试流程和自动化测试的方法。 5. 具有较强动手能力，能熟练使用矢网、频谱仪、功率计等微波测试仪器。 6. 学习能力较强。 工作地点 成都金牛区高新西区百川路9号 以担保或任何理由索要财物，扣押证照，均涉嫌违法。一经发现， 立即举报,射频测试,http://www.zhaopin.com/jobdetail/CC287247110J40941848915.htm?refcode=4019&srccode=401901&preactionid=dbc82e69-534f-49d6-9732-d7275c77b60d
射频工程师,软通动力信息技术(集团)股份有限公司,1.1-1.8万,深圳·龙岗·坂田,广州,本科,经验不限,7月7日,zhilian,职位描述 射频电路设计 天线设计 射频设计 射频开发 岗位内容： 1. 设计、开发和优化射频电路和天线系统。 2. 开展RF链路和系统分析，包括频率相关参数和功率放大器效率等。 3. 实施和执行测试计划，包括调试，验证和评估测试结果。 4. 参加原型开发，制造和调试过程。 任职要求： 1. 本科或以上学历，射频通信、无线电工程或相关领域。 2. 精通Ansoft HFSS、ADS、CST Microwave Studio等射频仿真软件。 3. 对于微波电路设计有深入的了解，熟悉常用的射频器件。 4. 在同行业至少有1年以上的实际经验。 5. 具备团队合作精神，沟通能力强，有较强的问题解决能力。 工作地点 龙岗区深圳华为坂田基地5 以担保或任何理由索要财物，扣押证照，均涉嫌违法。一经发现， 立即举报,"射频电路设计,天线设计,射频设计,射频开发",http://www.zhaopin.com/jobdetail/CC000544460J40670009016.htm?refcode=4019&srccode=401901&preactionid=dbc82e69-534f-49d6-9732-d7275c77b60d
射频工程师助理,九华圆通,5000-8000元,成都·郫都·红光,广州,本科,1-3年,7月14日,zhilian,岗位职责： 1.负责常规变频设计、开关矩阵设计及整机接口通讯板卡设计； 2.协助研制射频产品的首件调试； 3.协助研制系统集成产品的调试； 4.协助产品从研制到生产的转换中电路改版、文件修改； 5.处理产品在生产、调试中的常见故障，并输出故障分析报告。 任职要求： 1、本科及以上学历，电子、电磁场等相关专业； 2、具有频率源、信道、开关、天线等射频产品调试经验者优先； 3、熟练使用仪器仪表，如信号源、频谱仪、网络分析仪等； 4、具备分析、解决简单问题的能力； 5、具备文件处理能力，能够输出各种报告、报表。 工作地点 郫都区成都九华圆通科技发展有限公司(正门)603 以担保或任何理由索要财物，扣押证照，均涉嫌违法。一经发现， 立即举报,"射频电路设计,滤波器,开关,收发信机",http://www.zhaopin.com/jobdetail/CC180712219J90250338000.htm?refcode=4019&srccode=401901&preactionid=dbc82e69-534f-49d6-9732-d7275c77b60d
射频工程师,酷赛通信科技股份有限公司,1.7-2.7万·15薪,深圳·宝安·新安,广州,本科,3-5年,7月9日,zhilian,职位描述 5G 高通平台 手机 通信/网络设备 工作职责 1.负责项目射频原理图设计，PCB摆件及评估工作； 2. 指导与检查PCB布局和布线设计工作； 3. 手机射频性能的调试和电路优化，负责项目试产及量产阶段硬件问题分析； 4. EMC/EMI相关方面的设计和问题解决，整机RF性能设计和问题解决； 5. RF相关物料选型，新技术的硬件实现以及测试跟踪； 6.熟悉CMW500、3110、8960、网分仪等设备操作； 7.射频相关BOM的制作和审核。 任职资格 1.大学本科（含）以上学历，通信工程/微波电磁场/电子信息等相关专业，，3年及以上手机射频研发经验； 2. 掌握射频工作原理，熟悉3GPP协议规范，了解国内认证CTA和海外认证CE/GCF/FCC/等测试项，了解认证流程； 3. 熟悉射频主要器件(Transceiver/PA/SAW/ASM)说明书;熟悉BT/GPS/WIFI等指标的测试； 4. 掌握并运用PADS等EDA工具； 5. 精通通信原理，对电磁场微波、天线等有一定了解，掌握MTK平台射频部分工作原理；有手机MTK 、高通平台开发经验者优先考虑。 工作地点 深圳市-宝安区-兴业路金利通金融中心前海人寿金融中心T1栋9楼 以担保或任何理由索要财物，扣押证照，均涉嫌违法。一经发现， 立即举报,"5G,高通平台,手机",http://www.zhaopin.com/jobdetail/CCL1386872270J40933068508.htm?refcode=4019&srccode=401901&preactionid=dbc82e69-534f-49d6-9732-d7275c77b60d
高级天线工程师,北京阿清智能科技有限公司,2.5-5万,北京·海淀,广州,硕士,1-3年,3月16日,zhilian,岗位职责: 1.负责相控阵天线方案设计与指标分解，独立推进阵元、子阵到整阵设计落地。 2.负责阵列布局、馈电网络与极化方案设计，优化增益、旁瓣、扫描性能、隔离、轴比等关键指标。 3.负责天线仿真与优化(HFSS/CST)，完成互耦、带宽、驻波、扫描损耗等问题分析与收敛。 4.协同射频/结构/热/工艺团队完成工程化设计，保障可制造性与一致性。 5.负责样机调试与暗室测试(方向图、增益、EIRP、G/T等)，推动问题闭环与版本迭代。 6.输出设计、仿真、测试文档，参与技术评审与关键项目交付。 任职要求: 1.硕士及以上，电磁场与微波、通信、电子信息等相关专业。 2. 2年以上相控阵天线设计经验。 3.熟悉阵元/子阵/整阵设计流程，具备独立完成“仿真、样机、测试、优化”闭环能力。 4.精通相控阵核心设计方法，理解扫描、互耦、旁瓣、极化、宽带等关键机制。 5.熟练使用HFSS/CST;具备暗室测试与数据分析能力。 6.熟悉EIRP、G/T、效率、驻波、隔离等指标设计与验证。 7.具备较强跨团队协同与项目推进能力。 8.有Ku/Ka频段等卫星通信相控阵项目经验优先。 工作地点 北京海淀区百旺弘祥文化科技创意产业园 以担保或任何理由索要财物，扣押证照，均涉嫌违法。一经发现， 立即举报,"天线设计,射频设计,射频开发,卫星,天线",http://www.zhaopin.com/jobdetail/CCL1463798510J40758813606.htm?refcode=4019&srccode=401901&preactionid=dbc82e69-534f-49d6-9732-d7275c77b60d
射频工程师,成都天微微电子技术有限公司,7000-14000元,成都·武侯·簇桥,广州,本科,1-3年,4月24日,zhilian,职位描述 PCB设计 射频电路设计 射频测试 射频仿真 毫米波雷达 接收机 发射机 芯片 通信/网络设备 半导体/芯片 通用设备制造 1.负责微波有源器件、频率合成器、上下变频组件等产品开发、方案设计和产品技术改良； 2.负责解决科研项目过程、售前后沟通和维护技术交流； 3.负责科研项目任务的验证、首件调试及交付； 4.协助团队完善产品制造，实现新产品转入生产； 5.原理图设计、版图设计 、结构设计； 6、技术文件归档； 7、项目跟踪进度管理； 8、有一定的抗压能力； 9、本科学历，工作经验优先。 工作地点 成都武侯区簇锦街道富顿中心B3栋 707-9 以担保或任何理由索要财物，扣押证照，均涉嫌违法。一经发现， 立即举报,"PCB设计,射频电路设计,射频测试,射频仿真,毫米波雷达,接收机,发射机,芯片",http://www.zhaopin.com/jobdetail/CCL1486818040J40626557802.htm?refcode=4019&srccode=401901&preactionid=dbc82e69-534f-49d6-9732-d7275c77b60d
中级天线工程师,光启技术股份有限公司,2.5-3万,深圳·南山·粤海,广州,硕士,5-10年,7月20日,zhilian,"岗位职责： 1、 负责针对指标要求进行天线选型、方案设计、仿真等工作； 2、 协助结构、工艺工程师完成天线的产品结构加工及制造； 3、 负责新产品开发过程中的对外技术交流； 4、 负责天线测试及数据处理分析； 5、指导初级工程师共同完成复杂任务。 任职资格: 1、 硕士及以上学历5年以上相关工作经验，电磁场与微波技术、通信工程、电子信息工程等相关专业； 2、 电磁场与微波理论基础扎实，拥有天线及其阵列相关设计经验，熟悉天线的选型、仿真设计、制造加工、测试等系列流程； 3、 熟练使用CST或者HFSS微波仿真软件，掌握ADS/FEKO等软件使用更佳； 4、 具有技术创新能力，乐于挖掘天线技术的新方向、新动态； 5、 有较强的团队合作精神。 专业要求： （1）电磁场与微波技术 （2）无线电物理 （3）电子科学与技术 （4）电子信息工程 校招投递： PC端投递：https://wecruit.hotjob.cn/SU60b9cab4bef57c11896a86b4/mc/position/campus?t=************* 微信端口： 关注""光启HR“→微招聘→校园招聘→选择岗位→投递简历 职位福利：五险一金、绩效奖金、股票期权、带薪年假、免费班车、节日福利、员工旅游、定期体检 职位亮点：国重实验室，课题组研发氛围好，博士工作站 工作地点 深圳南山区软件大厦 以担保或任何理由索要财物，扣押证照，均涉嫌违法。一经发现， 立即举报","天线设计,天线",http://www.zhaopin.com/jobdetail/CC526342880J40233253606.htm?refcode=4019&srccode=401901&preactionid=dbc82e69-534f-49d6-9732-d7275c77b60d
通信技术工程师,莱盟通信科技(上海)有限公司,3000-6000元,乌鲁木齐·水磨沟区·南湖北路街道,广州,大专,1-3年,12月23日,zhilian,职位描述 无线通信 5G 移动通信 职位描述 教育背景： 通常要求具备通信工程、电子工程、计算机科学或相关专业的学历，大专及以上学历。 工作经验： 中级督导工程师：3-5年相关工作经验。 中级网优工程师：3-5年相关工作经验。 高级网优工程师：5年以上相关工作经验。 技术技能： 网优工程师： 熟悉无线通信原理，掌握4G/5G网络技术。 熟练使用网络优化工具，如路测工具、数据分析软件等。 具备网络规划和优化的实际经验，能够进行数据分析和问题解决。 督导工程师： 需要熟悉通信工程施工工艺和规范，包括基站设备安装、天线调试、线缆布放等。 掌握通信网络的基础知识和原理，熟悉各类通信设备的使用和维护。 认证要求： 持有相关大厂主设备厂商的网络优化认证，中级或高级认证优先。 软技能： 良好的沟通能力和团队合作精神。 能够承受工作压力，适应出差和加班。 人员数量要求： 高级网优工程师：2-3名，负责技术指导和复杂问题的解决。 中级网优工程师：3-5名，负责具体优化任务的实施和数据分析。 中级督导工程师：1-2名，提供基站开通、调试工作。 工具要求： 路测软件：鼎利、spark等主流厂家皆可，但强烈建议spark，研发使用这款，更方便后期故障分析。 光功率计：测试光损、对光。 万用表：检查设备供电（支持AC\DC）。 无源器件：排查现场射频链路故障（800~2700MHz吸顶天线、1/2馈线、200W负载、20~30dB耦合器）。 1、负责公司网络优化解决设备的现场开通、维护等工作； 2、负责对公司产品交付后的网络优化和测试工作； 3、负责对公司产品交付后故障分析处理； 4、定期相关负责人汇报工作情况。 任职资格： 1、通信类、计算机、弱电类相关专业毕业优先； 2、1年以上工作经验，有相关资格证书者优先； 3、较强的独立分析问题和解决问题能力，良好的沟通能力，能承受较强的工作压力。 4、工作地点为全疆，按公司要求派遣。 5、转正后根据工作表现重新定岗定薪，待遇从优。 岗位福利：1、定期团建、每年定期体检、2、缴纳五险一金+节日福利、不定期发放项目奖金；3、转正后可提供住宿；弹性工作；4、转岗/轮岗机会、多次晋升机会 工作地点 乌鲁木齐水磨沟区大正苑小区1号楼1单元2503 室 以担保或任何理由索要财物，扣押证照，均涉嫌违法。一经发现， 立即举报,"无线通信,5G,移动通信",http://www.zhaopin.com/jobdetail/CCL1429393790J40752617301.htm?refcode=4019&srccode=401901&preactionid=dbc82e69-534f-49d6-9732-d7275c77b60d
高级天线工程师,武汉能钠智能装备技术股份有限公司,2-3万,成都·武侯·金花桥,广州,本科,5-10年,6月10日,zhilian,岗位职责 1.天线设计与仿真：根据项目需求进行天线的设计和仿真。主要针对通信及电子对抗领域的各种监测及测向天线进行设计开发，熟练使用HFSS、CST及FEKO等电磁仿真软件创建和优化天线模型，输出满足性能的天线物理模型。能运用ADS或AWR微波及射频场路仿真软件，进行射频模块进行设计优化。 2.天线测试与调试：负责所设计的天线产品的调试与测试过程，实现天线性能的高效测试，并能运用matlab等工具对测试数据进行分析整理，形成天线产品的测试报告。 3.跨部门沟通与协作：协同射频、结构等团队共同协助系统调试中的天线及射频等相关问题的处理，确保天线与其他系统模块之间实现良好匹配，为整机系统的稳定运行提供有力支持。 4.技术文件拟制：负责撰写天线产品的设计方案，支撑系统论证中天线部分的方案拟制，或整理相关的技术文件，包括但不限于设计文档、测试规范、测试报告、生产指导书等。 5.勇于探索创新：具有一定解决问题的能力：紧跟行业发展动态，能根据问题查阅相关技术资料，学习借鉴并提出解决问题的思路，并敢于创新，勇于试错，并积极通过建模仿真及实物测试验证等找到解决问题的措施。 任职要求 1. 电磁场与微波技术、电子信息工程等相关专业，硕士及以上学历，具有5年以上天线设计工作经验。 2. 精通天线基本理论，熟练运用常用天线设计工具，熟悉各类天线的基本性能，能深刻理解系统对天线的性能需求，精通微波有源无源器件的性能及其设计方法。 3.能够独立完成天线模型建立、仿真分析与优化设计，具有一定的分析解决相关技术问题的能力。 4 具备良好的团队协作精神与沟通能力，能够与不同专业背景的团队成员紧密合作；具备较强的学习能力与创新意识，能够快速适应新技术发展需求，解决复杂技术问题。 工作地点 成都武侯区西部智谷C区环球数码大厦2栋1单元10楼 以担保或任何理由索要财物，扣押证照，均涉嫌违法。一经发现， 立即举报,"射频电路设计,天线设计,射频测试,射频仿真,射频设计,微波雷达,天线及天线阵、相控阵,天线,HFSS或CST",http://www.zhaopin.com/jobdetail/CC219574420J40737197506.htm?refcode=4019&srccode=401901&preactionid=dbc82e69-534f-49d6-9732-d7275c77b60d
射频工程师,纬创资通(重庆)有限公司,6000-8000元,重庆·渝北,广州,本科,1-3年,7月14日,zhilian,职位描述 天线设计 射频设计 射频开发 射频测试 射频仿真 天线 半导体/芯片 计算机硬件 工作职责： 1.负责协调笔记本电脑产品射频测试各阶段工作，和部门内其他工程师紧密协作，保证整体测试结果满足客户需求； 2.负责按时、保质&保量、高效完成项目各节点的射频调试任务及问题解决； 3.高效&及时地解决品质和产线反馈的问题，确保问题解决和产线顺利生产； 任职要求： 1.本科及以上学历。通信工程、电磁场微波、电子电气，计算机，自动化，通讯等相关专业，熟知电子元器件。 2.了解天线原理及电磁兼容原理为佳； 3.掌握了解频谱仪/网络分析仪/信号发生器等射频仪表的使用； 4.良好的沟通能力和组织协调能力；良好的团队合作精神；良好的逻辑思维能力，善于抓住重点；抗压能力强，自我驱动性强； 5.熟悉电子产品生产流程优先 工作地点 渝北区纬创资通(重庆)有限公司 以担保或任何理由索要财物，扣押证照，均涉嫌违法。一经发现， 立即举报,"天线设计,射频设计,射频开发,射频测试,射频仿真,天线",http://www.zhaopin.com/jobdetail/CC412794210J40874814510.htm?refcode=4019&srccode=401901&preactionid=dbc82e69-534f-49d6-9732-d7275c77b60d
射频工程师,上海锡威信息科技有限公司,1.8-2.7万·13薪,上海·嘉定·安亭,广州,本科,3-5年,7月21日,zhilian,职位描述 射频电路设计 PCB设计 天线设计 射频设计 射频开发 射频仿真 通信/网络设备 仪器仪表 半导体/芯片 人工智能 工作职责 1. 负责射频前端电路（如功率放大器、低噪声放大器、滤波器等）的方案设计、仿真与版图绘制。 2. 主导射频系统的性能调试与优化，解决信号干扰、功率损耗等技术问题，确保产品满足电磁兼容（EMC）及无线通信标准。 3. 参与射频测试方案制定，完成产品的射频参数验证（如发射功率、接收灵敏度、杂散抑制等），输出可量产的技术文档。 4. 与硬件、天线团队协同，推动射频模块与整机系统的集成适配，保障产品的无线通信性能。 任职要求 1. 本科及以上学历，电子信息工程、通信工程、电磁场与微波技术等相关专业。 2. 掌握射频电路设计工具（如ADS、HFSS、CST等），熟悉射频器件选型与应用。 3. 具备2年以上射频产品研发经验，了解无线通信协议（如4G/5G、Wi-Fi、蓝牙）的射频指标要求。 4. 拥有扎实的电磁理论基础，能独立分析并解决射频系统中的干扰、匹配等问题。 5. 具备良好的团队协作能力，能高效对接跨部门技术需求并推动项目落地。 工作地点 嘉定区上海汽车集团股份有限公司乘用车公司 以担保或任何理由索要财物，扣押证照，均涉嫌违法。一经发现， 立即举报,"射频电路设计,PCB设计,天线设计,射频设计,射频开发,射频仿真",http://www.zhaopin.com/jobdetail/CCL1524197780J40875978205.htm?refcode=4019&srccode=401901&preactionid=dbc82e69-534f-49d6-9732-d7275c77b60d
天线设计师/天线工程师,成都创亿嘉科技有限公司,1.5-2.5万,成都·武侯·金花桥,广州,本科,3-5年,5月30日,zhilian,岗位职责： 1、保质保量完成天线项目的研发设计、调试和测试任务; 2、负责编写各类技术文档并归档; 3、负责参与项目中天线的事务跟踪，及时协调解决问题; 4、按要求完成项目专利交底书； 5、担任项目负责人，带领项目组完成项目交付； 6、指导调测工程师的调试、测试工作； 7、完成领导安排的其他任务。 任职要求： 1、本科及以上学历，同岗位3年以上工作经验; 2、具有较强的微波天线理论基础，熟悉各种天线的工作原理及设计方法，有微带天线、平板、相控阵、抛物面天线设计经验优先; 3、熟练使用常用天线仿真设计软件; 4、能够阅读中、英文资料，有较强的学习能力以及动手能力; 5、具有良好的沟通能力和团队合作精神，工作态度认真负责; 6、具有较强的自主工作能力，能承受一定的工作压力。 工作地点 成都武侯区武侯科技信息园 以担保或任何理由索要财物，扣押证照，均涉嫌违法。一经发现， 立即举报,船舶/航空/航天/军工,http://www.zhaopin.com/jobdetail/CC168076210J40840153012.htm?refcode=4019&srccode=401901&preactionid=dbc82e69-534f-49d6-9732-d7275c77b60d
射频工程师,武汉市智通人力资源公司,1.2-2.4万,清远·清城区,广州,本科,3-5年,7月3日,zhilian,岗位职责 1）13.56M射频电源功放部分硬件电路设计，包括器件选型，原理图设计、pcb设计、电路调试等工作； 2）参与射频信号检测与控制部分硬件电路设计，参与控制软件逻辑控制设计； 3）协助结构工程师完成射频电源整体布局设计，工程样机的设计调试； 4）项目中关键技术问题研究与突破，设计文件的维护与升级，协助工艺工程师完成工艺文件的输出； 任职要求 1）本科及以上学历，通信、电磁场、微波等相关专业，具有扎实的电磁场微波理论基础，3年以上工作经验； 2）千瓦级以上射频功放开发工作经验，熟悉功率放大器、射频链路设计与调试等相关理论及方法； 3）掌握D类、E类等功率放大器设计，掌握射频功率合成原理和方法； 4）熟练使用至少一种EDA工具进行原理图及PCB设计，熟练使用至少一种电磁仿真工具进行电路仿真设计； 5）熟练操作射频测试仪器，如矢量网络分析仪、频谱分析仪、信号发生器、功率计及示波器等； 6）有成功开发大功率射频功放模块及放大系统设计、调试经验者优先。 工作地点 清远清城区建设四路11010 以担保或任何理由索要财物，扣押证照，均涉嫌违法。一经发现， 立即举报 客户,"射频仿真,射频电路设计",http://www.zhaopin.com/jobdetail/CC262851910J40899630703.htm?refcode=4019&srccode=401901&preactionid=dbc82e69-534f-49d6-9732-d7275c77b60d
高级射频工程师-通道方向,航天恒星,2.5-3.5万,成都·大面,广州,本科,5-10年,7月24日,zhilian,岗位职责： （1） 完成通道类项目的论证、器件选型工作； （2） 从事射频通道类产品的设计开发及调试工作； （3） 参与解决通道类产品相关的技术问题； （4） 撰写产品设计相关的技术文档； （5） 完成领导交办的其他工作。 任职要求： （1） 电磁场与微波技术、无线电物理、电子工程等相关专业本科及以上学历； （2） 具备5年及以上从事射频通道类产品研发经验，具有独立完成产品方案、设计、调试等工作的能力，独立解决技术问题的能力； （3） 能熟练使用一种或多种微波仿真软件（ADS、HFSS、CST），能熟练使用AUTO CAD、AltumDesigner、CANDENCE等绘图软件； （4） 熟悉微组装工艺； （5） 具有良好的抗压能力和团队合作意识。 职位福利：五险一金、绩效奖金、带薪年假、定期体检、周末双休、节日福利、补充医疗保险、免费班车 工作地点 成都成龙大道1666号经开科技孵化园 以担保或任何理由索要财物，扣押证照，均涉嫌违法。一经发现， 立即举报,"微波射频,射频工程师,通道",http://www.zhaopin.com/jobdetail/CC120501580J40383832305.htm?refcode=4019&srccode=401901&preactionid=dbc82e69-534f-49d6-9732-d7275c77b60d
雷达总体工程师（应届）,南京天朗防务科技有限公司,8000-15000元,南京·江宁·麒麟,广州,本科,经验不限,7月23日,zhilian,岗位职责： 1、负责雷达产品的系统设计、开发优化，根据项目需求，完成雷达系统架构搭建、方案论证； 2、参与雷达系统的需求分析，准确把握产品功能和性能指标要求，确保产品符合行业标准和项目交付要求； 3、对雷达系统进行测试、调试与验证，分析测试数据，定位并解决系统性能、可靠性等方面存在的问题； 工作地点 江宁区南京天朗防务科技有限公司 以担保或任何理由索要财物，扣押证照，均涉嫌违法。一经发现， 立即举报,"雷达,天线",http://www.zhaopin.com/jobdetail/CCL1242117960J40872264505.htm?refcode=4019&srccode=401901&preactionid=dbc82e69-534f-49d6-9732-d7275c77b60d
射频工程师,云意电气,1.1-2.2万,南京·江宁·秣陵,广州,本科,3-5年,8月18日,zhilian,职位描述 射频电路设计 射频开发 放大器 发射机 接收机 滤波器 新能源/燃油车零部件 新能源汽车 1.独立使用AutoCAD、SolidWorks、Pro/E等软件完成射频连接器（如同轴连接器、FAKRA、HSD、车载以太网接口）的2D/3D结构设计。 主导新产品从概念设计、模具开发跟踪到量产的全流程管理，制定BOM及技术文档。 汽车行业专项：开发车载射频线束（如360全景影像线束、天线馈线），解决FAKRA/HSD等连接器的工艺问题。 2.仿真与性能优化 运用HFSS、CST、Ansys等工具进行信号完整性（SI）、电磁兼容（EMC）仿真，优化阻抗匹配及串扰控制。 制定测试规范，使用矢量网络分析仪、频谱仪等设备验证S参数、眼图等高频性能指标。 3.工艺与生产支持 分析冲压、注塑、电镀、热处理等工艺问题，指导供应商优化模具及产线。 解决量产中的不良品失效问题（如插拔力异常、寿命不足），实施DFMEA分析1710。 4.标准与合规管理 确保产品符合IEC、MIL、AEC-Q200（车规）、USB-IF等行业标准 支持FCC/EMC认证整改，编写专利及技术文档59。 5. 客户协作与项目管理 对接客户需求，提供射频技术方案及售后支持24； 主导APQP流程，协调研发、生产、质量部门完成交付。 工作地点 南京江宁区创智海蓝中心 以担保或任何理由索要财物，扣押证照，均涉嫌违法。一经发现， 立即举报,"射频电路设计,射频开发,放大器,发射机,接收机,滤波器",http://www.zhaopin.com/jobdetail/CC257528110J40834024108.htm?refcode=4019&srccode=401901&preactionid=dbc82e69-534f-49d6-9732-d7275c77b60d
射频工程师,西安华为技术有限公司,1.6-3万,西安·雁塔·漳浒寨,广州,本科,经验不限,7月18日,zhilian,职位描述 射频 射频工程师 天线测试 天线设计 微波射频 电磁场 射频电路设计 RF 华为无线招聘单板硬件、射频开发、天线、fpga、算法、结构等岗位 职位福利：五险一金、年终分红、公司重点项目、大牛带队 工作地点 西安雁塔区丈八七路与锦业路交汇处 以担保或任何理由索要财物，扣押证照，均涉嫌违法。一经发现， 立即举报,"射频,射频工程师,天线测试,天线设计,微波射频,电磁场,射频电路设计,RF",http://www.zhaopin.com/jobdetail/CC450463880J40238436715.htm?refcode=4019&srccode=401901&preactionid=dbc82e69-534f-49d6-9732-d7275c77b60d
研发工程师,成都益为创科技有限公司,1-2万,成都·郫都·犀浦,广州,本科,1-3年,7月8日,zhilian,职位描述 半导体/芯片 通信/网络设备 仪器仪表 电子设备制造 通用设备制造 专用设备制造 岗位要求: 1、具备重点本科及以上学历，电磁场与微波技术等相关专业，1-2年及以上工作经验。985 211 双一流优先 2、熟练使用常用电路设计和仿真工具软件。 3、具备相关射频部件仿真设计、天线设计和信号处理能力。 4、有较强电路基础理论，电路理解能力，熟悉pLL，PA，LNA，mixer 等电路。 5、具有较强的动手能力和创新能力;熟练使用信号源、频谱仪、矢网等常用仪器及设备。 6、能够阅读中、英文资料，有较强的学习能力。 7、具备较强文档写作能力。 职位福利：五险一金、绩效奖金、加班补助、带薪年假、项目奖金等 工作地点 成都郫都区汇都科技总部园1期-10栋9楼 以担保或任何理由索要财物，扣押证照，均涉嫌违法。一经发现， 立即举报,"半导体/芯片,仪器仪表,电子设备制造,通用设备制造,专用设备制造",http://www.zhaopin.com/jobdetail/CC875403120J40237906411.htm?refcode=4019&srccode=401901&preactionid=dbc82e69-534f-49d6-9732-d7275c77b60d
天线助理工程师,成都云智北斗科技有限公司,6000-7000元,深圳·宝安·西乡,北京,大专,经验不限,,zhilian,,"天线设计,天线,卫星,接收机,抗干扰,圆极化",http://www.zhaopin.com/jobdetail/CCL1229056600J40834960016.htm?refcode=4019&srccode=401901&preactionid=3fedda3a-6825-4df4-9a72-b6501be48a2e
天线工程师,深圳市斯威孚科技有限公司,1.2-1.8万,深圳·南山·粤海,北京,大专,3-5年,,zhilian,,"天线设计,天线",http://www.zhaopin.com/jobdetail/CCL1477608840J40824166408.htm?refcode=4019&srccode=401901&preactionid=3fedda3a-6825-4df4-9a72-b6501be48a2e
射频天线工程师,西安宝威信息技术有限公司,1.5-3万,西安·长安·郭杜,北京,本科,3-5年,,zhilian,,"天线设计,射频设计,雷达",http://www.zhaopin.com/jobdetail/CCL1461168770J40793922016.htm?refcode=4019&srccode=401901&preactionid=3fedda3a-6825-4df4-9a72-b6501be48a2e
天线研发工程师,威海蓝天科技有限公司,8000-16000元,威海·环翠区·初村镇,北京,本科,1-3年,,zhilian,,"天线设计,基站,手机,滤波器,天线仿真,暗室测试,电磁兼容",http://www.zhaopin.com/jobdetail/CC261458030J40239312002.htm?refcode=4019&srccode=401901&preactionid=3fedda3a-6825-4df4-9a72-b6501be48a2e
光通信工程师,北京中科航天人才服务有限公司,1-1.5万,北京·大兴·荣华街道,北京,本科,3-5年,,zhilian,,"光通信,激光通信",http://www.zhaopin.com/jobdetail/CC132807300J40868382007.htm?refcode=4019&srccode=401901&preactionid=44931013-5773-468c-a351-c02c06963880
天线工程师,苏州天镜韵湖智能科技有限公司,1-1.5万·13薪,苏州·昆山·花桥,北京,硕士,1-3年,,zhilian,,"雷达,天线,相控阵,阵列,馈电网络,微带天线",http://www.zhaopin.com/jobdetail/CCL1464459530J40856850711.htm?refcode=4019&srccode=401901&preactionid=44931013-5773-468c-a351-c02c06963880
天线和射频工程师,北京万通新发展集团股份有限公司,1.5-2万,西安·雁塔·丈八沟,北京,本科,1-3年,,zhilian,,"天线设计,射频开发",http://www.zhaopin.com/jobdetail/CC000307310J40910023603.htm?refcode=4019&srccode=401901&preactionid=a5205808-0cb5-410c-ad9e-9af074e1ce2e
射频工程师,北京越享科技有限公司,7000-10000元,北京·朝阳·酒仙桥,北京,本科,经验不限,,zhilian,,"射频设计,射频开发,滤波器,耦合器,放大器,天线",http://www.zhaopin.com/jobdetail/CC642723530J40877400903.htm?refcode=4019&srccode=401901&preactionid=a5205808-0cb5-410c-ad9e-9af074e1ce2e
射频工程师,山东嘉航电子信息技术有限公司,1-1.5万,烟台·芝罘·黄务,北京,本科,1-3年,,zhilian,,"AD,Cadence,射频电路设计,RF设计,微波射频,频谱仪",http://www.zhaopin.com/jobdetail/CC615441120J00661426401.htm?refcode=4019&srccode=401901&preactionid=7e4d5fde-117c-4e94-b8e8-34d6771d4180
硬件测试工程师,软通动力信息技术(集团)股份有限公司,1-2万,东莞·大朗镇,北京,本科,3-5年,,zhilian,,"消费类电子,手机/平板/PC/耳机/可穿戴等",http://www.zhaopin.com/jobdetail/CC000544460J40757956316.htm?refcode=4019&srccode=401901&preactionid=7e4d5fde-117c-4e94-b8e8-34d6771d4180
射频设计工程师,威海蓝天科技有限公司,6000-12000元,威海·环翠区·初村镇,北京,本科,经验不限,,zhilian,,"射频,电磁场",http://www.zhaopin.com/jobdetail/CC261458030J40239321502.htm?refcode=4019&srccode=401901&preactionid=7e4d5fde-117c-4e94-b8e8-34d6771d4180
天线设计工程师,江苏屹信航天科技股份有限公司,1.2-2万,南京·玄武·孝陵卫,广州,硕士,1-3年,,zhilian,,"射频电路设计,射频设计,射频开发,射频仿真",http://www.zhaopin.com/jobdetail/CC628083930J40349235303.htm?refcode=4019&srccode=401901&preactionid=64f0f153-0da1-4f4b-b58c-5280c88a7544
PCB工程师,菁与珩未来(成都)科技有限公司,5000-10000元,成都·郫都·合作街道,广州,本科,经验不限,,zhilian,,"电路设计,PCB设计,放大器,Cadence",http://www.zhaopin.com/jobdetail/CCL1492463400J40959308415.htm?refcode=4019&srccode=401901&preactionid=faf76630-f4be-40e6-a5ed-b68014a7261e
射频工程师（手机行业）,深圳市华领通信科技有限公司,9000-18000元,深圳·南山·粤海,广州,本科,3-5年,,zhilian,,"射频电路设计,射频测试,手机,天线,滤波器,芯片,射频系统方案优化,量产问题解决,跨团队协同落地",http://www.zhaopin.com/jobdetail/CCL1526389720J40884973205.htm?refcode=4019&srccode=401901&preactionid=5f18cde4-158b-4522-b0da-c84d8f2f2440
射频工程师,睿能科技(北京)有限公司,2.5-5万·13薪,北京·海淀·紫竹院,广州,本科,3-5年,,zhilian,,"天线设计,射频设计,射频仿真",http://www.zhaopin.com/jobdetail/CC178252120J00081451615.htm?refcode=4019&srccode=401901&preactionid=5f18cde4-158b-4522-b0da-c84d8f2f2440
天线设计师,陕西凯捷科技发展有限公司,1-1.5万,西安·长安·韦曲,广州,本科,3-5年,,zhilian,,天线设计,http://www.zhaopin.com/jobdetail/CC594687920J40941169415.htm?refcode=4019&srccode=401901&preactionid=eb1f8ee4-9048-4f81-bbe6-f1f7dbefbe25
嵌入式硬件工程师,湖南林泽科技发展有限公司,1.2-1.8万,长沙·岳麓·麓谷,广州,本科,5-10年,,zhilian,,"单片机,ARM处理器,DSP",http://www.zhaopin.com/jobdetail/CC455023528J00466115801.htm?refcode=4019&srccode=401901&preactionid=eb1f8ee4-9048-4f81-bbe6-f1f7dbefbe25
射频工程师,重庆九洲星熠导航设备有限公司,1-1.5万·15薪,绵阳·涪城区·城郊街道,广州,本科,经验不限,,zhilian,,"射频电路设计,卫星,雷达,天线",http://www.zhaopin.com/jobdetail/CC501853820J40894345913.htm?refcode=4019&srccode=401901&preactionid=4b7840a5-231a-4b32-bb7a-e1a18e79d111
微波天线工程师,西安奥尔科航空科技有限公司,1.3-2.6万,西安·雁塔·张家村,广州,本科,3-5年,,zhilian,,"电仿真,天线设计,热仿真、RCS仿真,天线,雷达,微波雷达,毫米波雷达",http://www.zhaopin.com/jobdetail/CC260515630J40333918003.htm?refcode=4019&srccode=401901&preactionid=4b7840a5-231a-4b32-bb7a-e1a18e79d111
天线阵列工程师,北京翊蓝科技有限公司,1-2万,北京·海淀·中关村,广州,本科,3-5年,,zhilian,,"Verilog,卫星通信,通信算法,通信接口/总线,雷达信号处理,天线设计,射频设计,滤波器设计",http://www.zhaopin.com/jobdetail/CCL1481172730J41019657904.htm?refcode=4019&srccode=401901&preactionid=4b7840a5-231a-4b32-bb7a-e1a18e79d111
天线工程师（相控阵）,苍宇天基(北京)信息通信技术有限公司,2.5-3.5万·16薪,北京·海淀·花园路,广州,本科,3-5年,,zhilian,,"天线设计,卫星,天线,相控阵",http://www.zhaopin.com/jobdetail/CCL1394100430J40597082104.htm?refcode=4019&srccode=401901&preactionid=4b7840a5-231a-4b32-bb7a-e1a18e79d111
射频工程师,西安星通通信科技有限公司,2.5-4万,西安·长安·郭杜,广州,本科,10年以上,,zhilian,,"射频电路设计,射频器件工艺,有源相控阵天线射频通道,变频器,天线",http://www.zhaopin.com/jobdetail/CC379946330J40601414110.htm?refcode=4019&srccode=401901&preactionid=4b7840a5-231a-4b32-bb7a-e1a18e79d111
智舱天线工程师,奇瑞汽车股份有限公司,1.5-3万·15薪,芜湖·鸠江区·湾里街道,广州,本科,5-10年,,zhilian,,"射频开发,天线设计,射频设计,天线",http://www.zhaopin.com/jobdetail/CC120922220J40878283210.htm?refcode=4019&srccode=401901&preactionid=4e7eb651-aab6-4406-bc0f-7510ea031c45
RF射频工程师,深圳市飞敏科技有限公司,1-2万,深圳·宝安·西乡,广州,本科,1-3年,,zhilian,,"射频电路设计,天线设计,射频设计,射频开发,射频仿真,放大器,卫星,毫米波雷达,接收机,发射机,天线",http://www.zhaopin.com/jobdetail/CC437979310J40541216511.htm?refcode=4019&srccode=401901&preactionid=4e7eb651-aab6-4406-bc0f-7510ea031c45
天线测试工程师（前两年在北京，两年后回成都）,北京德辰科技股份有限公司成都分公司,1.8-2.5万,北京·海淀·中关村,广州,本科,经验不限,,zhilian,,"射频测试,天线设计",http://www.zhaopin.com/jobdetail/CC263087010J40954351415.htm?refcode=4019&srccode=401901&preactionid=4e7eb651-aab6-4406-bc0f-7510ea031c45
资深天线工程师（广州）,福耀集团,2-3万·16薪,广州·增城·永宁,广州,本科,5-10年,,zhilian,,"天线设计,手机,卫星,毫米波雷达,天线",http://www.zhaopin.com/jobdetail/CC120994670J41006356902.htm?refcode=4019&srccode=401901&preactionid=4e7eb651-aab6-4406-bc0f-7510ea031c45
射频工程师,上海广拓信息技术有限公司,2.5-3.5万·13薪,上海·静安·天目西路,广州,本科,5-10年,,zhilian,,"射频设计,雷达,放大器,滤波器,传感器",http://www.zhaopin.com/jobdetail/CC170711710J40787332107.htm?refcode=4019&srccode=401901&preactionid=4e7eb651-aab6-4406-bc0f-7510ea031c45
微波测试工程师,四川精工智造微波技术有限公司,7000-10000元,成都·双流·怡心,广州,本科,经验不限,,zhilian,,"射频测试,天线,滤波器,微波产品调试,测试方案设计,测试仪器操作,射频电路设计,射频开发,射频设计",http://www.zhaopin.com/jobdetail/CC875789880J40884835813.htm?refcode=4019&srccode=401901&preactionid=4e7eb651-aab6-4406-bc0f-7510ea031c45
天线测试工程师,华镁钛科技,1.5-2.5万,北京·海淀·上地,广州,本科,3-5年,,zhilian,,天线测试,http://www.zhaopin.com/jobdetail/CC443508030J41004958304.htm?refcode=4019&srccode=401901&preactionid=4e7eb651-aab6-4406-bc0f-7510ea031c45
射频工程师,向洋科技(南通)有限公司,2-4万·13薪,南京·鼓楼·江东,广州,本科,5-10年,,zhilian,,"射频电路设计,天线设计,射频设计,射频开发,射频测试,射频仿真,射频器件工艺,微波雷达,雷达",http://www.zhaopin.com/jobdetail/CCL1430379410J40860846911.htm?refcode=4019&srccode=401901&preactionid=4e7eb651-aab6-4406-bc0f-7510ea031c45
微波射频工程师,山东瑞中智能科技有限公司,6000-12000元,济南·市中·陡沟,广州,学历不限,3-5年,,zhilian,,"射频开发,射频电路设计,天线设计",http://www.zhaopin.com/jobdetail/CC616496120J40829949016.htm?refcode=4019&srccode=401901&preactionid=503f5344-90ba-4765-b9ef-4b4862b16f22
天线技术专家,湖南航天环宇通信科技股份有限公司,3-5万·14薪,长沙·岳麓·麓谷,广州,博士,10年以上,,zhilian,,反射面天线,http://www.zhaopin.com/jobdetail/CC238591710J40959339115.htm?refcode=4019&srccode=401901&preactionid=503f5344-90ba-4765-b9ef-4b4862b16f22
射频工程师,西安宝威信息技术有限公司,2.5-4万,西安·长安·郭杜,广州,本科,3-5年,,zhilian,,"PCB设计,射频开发",http://www.zhaopin.com/jobdetail/CCL1461168770J40770394516.htm?refcode=4019&srccode=401901&preactionid=503f5344-90ba-4765-b9ef-4b4862b16f22
射频工程师,北京偶极通信设备有限责任公司,6000-8000元,北京·房山·西潞,广州,本科,经验不限,,zhilian,,"射频电路设计,天线设计,射频测试,射频设计,射频仿真,天线",http://www.zhaopin.com/jobdetail/CC153653815J90250041000.htm?refcode=4019&srccode=401901&preactionid=503f5344-90ba-4765-b9ef-4b4862b16f22
资深天线射频工程师,伽利略(天津)技术有限公司,2-3万·13薪,西安·雁塔·曲江,广州,本科,5-10年,,zhilian,,雷达,http://www.zhaopin.com/jobdetail/CCL1372383110J40959326415.htm?refcode=4019&srccode=401901&preactionid=503f5344-90ba-4765-b9ef-4b4862b16f22
射频工程师,西安朗鑫科技有限公司,1-1.8万,西安·长安·韦曲,广州,硕士,1-3年,,zhilian,,"射频,微电子,电路设计,射频电路设计,微波射频,器件选型,RF设计,主板射频",http://www.zhaopin.com/jobdetail/CCL1345350440J40209253106.htm?refcode=4019&srccode=401901&preactionid=503f5344-90ba-4765-b9ef-4b4862b16f22
资深天线工程师（福州）,福耀集团,2-3万·16薪,福州·福清·阳下,广州,本科,5-10年,,zhilian,,"天线设计,手机,卫星,毫米波雷达,天线",http://www.zhaopin.com/jobdetail/CC120994670J41006359002.htm?refcode=4019&srccode=401901&preactionid=503f5344-90ba-4765-b9ef-4b4862b16f22
测试技术员-8~11K-缴纳社保,苏州智汇人才服务集团有限公司,8000-11000元,嘉兴·海盐县·西塘桥街道,广州,学历不限,1-3年,,zhilian,,"射频测试,手机,天线,滤波器,传感器,变频器,RF测试,ICT测试",http://www.zhaopin.com/jobdetail/CCL1201894180J40789256606.htm?refcode=4019&srccode=401901&preactionid=503f5344-90ba-4765-b9ef-4b4862b16f22
高级射频工程师,软通动力信息技术(集团)股份有限公司,1.1-1.9万,东莞·大朗镇,广州,本科,3-5年,,zhilian,,"射频电路设计,天线设计,PCB设计,射频设计,射频开发,射频测试,射频仿真,射频器件工艺,连接器,传感器,天线",http://www.zhaopin.com/jobdetail/CC000544460J40785725516.htm?refcode=4019&srccode=401901&preactionid=503f5344-90ba-4765-b9ef-4b4862b16f22
射频工程师,北京卫星电信研究所有限公司,8000-12000元,北京·海淀·马连洼,广州,硕士,经验不限,,zhilian,,"卫星,射频设计,射频开发,射频测试,射频微波",http://www.zhaopin.com/jobdetail/CC466026780J40745903510.htm?refcode=4019&srccode=401901&preactionid=503f5344-90ba-4765-b9ef-4b4862b16f22
初级射频工程师,北京李龚导航科技股份有限公司,1-2万,北京·海淀·北下关,广州,本科,1-3年,,zhilian,,"接收机,北斗导航,抗干扰,卫星,滤波器,低噪放,功放",http://www.zhaopin.com/jobdetail/CC373907880J40214781203.htm?refcode=4019&srccode=401901&preactionid=503f5344-90ba-4765-b9ef-4b4862b16f22
电子/单片机/嵌入式工程师,山东瑞中智能科技有限公司,6000-12000元,济南·市中·陡沟,广州,本科,3-5年,,zhilian,,"单片机,射频、雷达、天线,嵌入式开发",http://www.zhaopin.com/jobdetail/CC616496120J40805759316.htm?refcode=4019&srccode=401901&preactionid=fcbde8bd-e651-41a5-9743-7844668feb27
fpga工程师,北京通广龙电子科技有限公司,3-5.5万·15薪,北京·海淀·西北旺,广州,本科,3-5年,,zhilian,,"Verilog HDL,VHDL,C语言",http://www.zhaopin.com/jobdetail/CC120217580J40615709709.htm?refcode=4019&srccode=401901&preactionid=fcbde8bd-e651-41a5-9743-7844668feb27
天线研发工程师(J10575),北斗星通,2-2.5万,北京·海淀,广州,本科,3-5年,,zhilian,,定位天线,http://www.zhaopin.com/jobdetail/CC120166610J40788226006.htm?refcode=4019&srccode=401901&preactionid=fcbde8bd-e651-41a5-9743-7844668feb27
无线射频工程师,无锡震方智能科技有限公司,2-2.9万,无锡·梁溪·扬名,广州,本科,经验不限,,zhilian,,"射频电路设计,PCB设计",http://www.zhaopin.com/jobdetail/CCL1526444500J40921075212.htm?refcode=4019&srccode=401901&preactionid=fcbde8bd-e651-41a5-9743-7844668feb27
射频与自动化设备测试维护技术员,中兴通讯,面议,南京·江宁·江宁街道,广州,本科,经验不限,,zhilian,,"基站,射频电路设计,天线,滤波器",http://www.zhaopin.com/jobdetail/CC120146700J41004663602.htm?refcode=4019&srccode=401901&preactionid=fcbde8bd-e651-41a5-9743-7844668feb27
硬件工程师（系统集成/物联网方向）,江苏微雀信息科技有限公司,7000-10000元,徐州·鼓楼区·环城街道,广州,本科,3-5年,,zhilian,,"硬件测试,技术支持,硬件选型采购及部署集成,技术方案编写,标准规范制定",http://www.zhaopin.com/jobdetail/CCL1237876070J40993752904.htm?refcode=4019&srccode=401901&preactionid=fcbde8bd-e651-41a5-9743-7844668feb27
调测工程师,成都邦飞科技有限公司,4000-6000元,成都·金牛·茶店子,广州,本科,1-3年,,zhilian,,"频谱仪,矢量网络分析仪,示波器",http://www.zhaopin.com/jobdetail/CC709320920J40792247208.htm?refcode=4019&srccode=401901&preactionid=fcbde8bd-e651-41a5-9743-7844668feb27
天线测试工程师,四川鑫源新汇电子科技有限公司,6000-12000元,成都·郫都·犀浦,广州,中专/中技,1-3年,,zhilian,,"天线测试,RF测试,相控阵天线终端,射频电路",http://www.zhaopin.com/jobdetail/CCL1522656230J40814290816.htm?refcode=4019&srccode=401901&preactionid=fcbde8bd-e651-41a5-9743-7844668feb27
射频工程师,南京君坤科技有限公司,1.2-2.4万,南京·秦淮·红花,广州,大专,3-5年,,zhilian,,"射频电路设计,射频设计,射频开发,射频仿真,放大器,发射机,接收机,收发信机",http://www.zhaopin.com/jobdetail/CCL1510370170J40816223002.htm?refcode=4019&srccode=401901&preactionid=fcbde8bd-e651-41a5-9743-7844668feb27
微波调试工程师,西安恒达微波技术开发有限公司,6000-8000元,西安·长安·韦曲,广州,本科,1-3年,,zhilian,,"射频测试,天线,滤波器,双工器,混频器,耦合器,开关,合路器,连接器,衰减器",http://www.zhaopin.com/jobdetail/CC153257410J40548081109.htm?refcode=4019&srccode=401901&preactionid=05633b45-91e0-43f3-9538-95d81d4af788
射频工程师,东莞信频微波科技有限公司,1-2万·13薪,东莞·常平镇,广州,本科,3-5年,,zhilian,,"射频,电磁场,微波射频,射频电路设计,PCB设计,天线设计,射频设计,射频调试,射频测试,放大器",http://www.zhaopin.com/jobdetail/CC703134130J40197595914.htm?refcode=4019&srccode=401901&preactionid=05633b45-91e0-43f3-9538-95d81d4af788
射频硬件工程师,山西支点科技有限公司,1-2万,太原·万柏林·长风西街,广州,硕士,经验不限,,zhilian,,射频设计,http://www.zhaopin.com/jobdetail/CC484037120J40499639905.htm?refcode=4019&srccode=401901&preactionid=05633b45-91e0-43f3-9538-95d81d4af788
射频工程师,科微量子科技(湖南)有限公司,1.2-2.4万·13薪,长沙·望城·大泽湖,广州,本科,5-10年,,zhilian,,"射频设计,射频开发,射频仿真,微波雷达,耦合器,滤波器,天线",http://www.zhaopin.com/jobdetail/CCL1488149830J40875283705.htm?refcode=4019&srccode=401901&preactionid=05633b45-91e0-43f3-9538-95d81d4af788
天线调试员,陕西天翌科技股份有限公司,5000-7000元,西安·雁塔·杜城,广州,大专,1-3年,,zhilian,,天线调试,http://www.zhaopin.com/jobdetail/CC302711110J40727528407.htm?refcode=4019&srccode=401901&preactionid=05633b45-91e0-43f3-9538-95d81d4af788
射频工程师,浙江灵犀感知科技有限公司,1.8-3万,杭州·余杭·五常,广州,本科,3-5年,,zhilian,,"PCB设计,天线设计,毫米波雷达,雷达,天线,滤波器,传感器",http://www.zhaopin.com/jobdetail/CCL1503486570J40795323414.htm?refcode=4019&srccode=401901&preactionid=05633b45-91e0-43f3-9538-95d81d4af788
【校招】FPGA工程师,成都华芯天微科技有限公司,1.2-1.8万,成都·成华·龙潭,广州,硕士,经验不限,,zhilian,,DDC/DUC/FIR,http://www.zhaopin.com/jobdetail/CC848403780J40816684403.htm?refcode=4019&srccode=401901&preactionid=05633b45-91e0-43f3-9538-95d81d4af788
天线结构研发工程师,浙江戴孚斯通讯科技有限公司,1.9-2.9万,上海·闵行·颛桥,广州,本科,1-3年,,zhilian,,"天线设计,射频电路设计,手持终端,车载,IOT,消费电子,新能源汽车,天线,连接器,射频开发,射频仿真",http://www.zhaopin.com/jobdetail/CCL1381650650J40928651202.htm?refcode=4019&srccode=401901&preactionid=05633b45-91e0-43f3-9538-95d81d4af788
射频工程师,天津光电通信技术有限公司,1-1.6万,天津·河西·尖山,广州,本科,1-3年,,zhilian,,"射频电路设计,PCB设计,射频设计,射频测试",http://www.zhaopin.com/jobdetail/CC131118960J40566096114.htm?refcode=4019&srccode=401901&preactionid=05633b45-91e0-43f3-9538-95d81d4af788
射频调试工程师,成都前锋电子电器集团股份有限公司,7000-10000元·14薪,成都·金牛·金泉,广州,大专,1-3年,,zhilian,,"射频电路设计,射频测试,天线,滤波器,传感器,变频器,耦合器,衰减器",http://www.zhaopin.com/jobdetail/CC130170540J40870931810.htm?refcode=4019&srccode=401901&preactionid=05633b45-91e0-43f3-9538-95d81d4af788
射频电路工程师,西安星网天线技术有限公司,1-2万,西安·长安·郭杜,广州,本科,1-3年,,zhilian,,"射频,器件选型,原理图设计,电路设计,射频电路设计,矢量网络分析仪,射频工程师,PCB设计",http://www.zhaopin.com/jobdetail/CC327208110J40145715908.htm?refcode=4019&srccode=401901&preactionid=05633b45-91e0-43f3-9538-95d81d4af788
天线测试员/天线测试工程师（急）,成都翼航电子有限公司,5000-10000元,成都·金牛·茶店子,广州,大专,经验不限,,zhilian,,"射频测试,信号测试,EMC测试,功能测试,性能测试,安全测试,接口测试",http://www.zhaopin.com/jobdetail/CC846553510J40876347709.htm?refcode=4019&srccode=401901&preactionid=05633b45-91e0-43f3-9538-95d81d4af788
天线调试/微波天线射频通信工程师,西安信尔卫星通讯有限公司,1-2万,西安·雁塔·丈八沟,广州,本科,3-5年,,zhilian,,"射频测试,天线",http://www.zhaopin.com/jobdetail/CC459506910J40762307902.htm?refcode=4019&srccode=401901&preactionid=05633b45-91e0-43f3-9538-95d81d4af788
射频工程师,成都玖信科技有限公司,1-2万,成都·武侯·金花桥,广州,本科,3-5年,,zhilian,,"PCB设计,电路设计,微波工程师,射频开发,放大器,开关,衰减器",http://www.zhaopin.com/jobdetail/CC266948210J40269521704.htm?refcode=4019&srccode=401901&preactionid=da263989-87e4-486b-8daf-3f4ca6f1b92f
电子研发工程师,西安洛科电子科技股份有限公司,1.2-2.4万,西安·雁塔·丈八沟,广州,硕士,经验不限,,zhilian,,电磁,http://www.zhaopin.com/jobdetail/CC341380810J41005598104.htm?refcode=4019&srccode=401901&preactionid=da263989-87e4-486b-8daf-3f4ca6f1b92f
射频工程师,禾邦电子(苏州)有限公司,9000-14000元,深圳·南山·粤海,广州,大专,3-5年,,zhilian,,射频电路设计,http://www.zhaopin.com/jobdetail/CC136743300J40860278607.htm?refcode=4019&srccode=401901&preactionid=da263989-87e4-486b-8daf-3f4ca6f1b92f
天线测试技能岗,中智四川经济技术合作有限公司,5000-6000元,成都·郫都·合作街道,广州,本科,经验不限,,zhilian,,"射频测试,移动通信测试",http://www.zhaopin.com/jobdetail/CC158905110J40854624909.htm?refcode=4019&srccode=401901&preactionid=da263989-87e4-486b-8daf-3f4ca6f1b92f
微波射频工程师,陕西长岭电气有限责任公司,8000-15000元,宝鸡·渭滨区·清姜街道,广州,硕士,3-5年,,zhilian,,"射频电路设计,天线设计,射频仿真,频率参数匹配,原型机开发与调试",http://www.zhaopin.com/jobdetail/CC546403420J40889572303.htm?refcode=4019&srccode=401901&preactionid=da263989-87e4-486b-8daf-3f4ca6f1b92f
天线工程师（应届生）,北京德辰科技股份有限公司成都分公司,1.5-2万,成都·武侯·桂溪,广州,硕士,经验不限,,zhilian,,"天线设计,天线",http://www.zhaopin.com/jobdetail/CC263087010J40952712215.htm?refcode=4019&srccode=401901&preactionid=da263989-87e4-486b-8daf-3f4ca6f1b92f
2026-高级相控阵天线工程师,鼎桥技术有限公司,2-4万·15薪,成都·双流·华阳,广州,硕士,经验不限,,zhilian,,"天线设计,基站,卫星,毫米波雷达",http://www.zhaopin.com/jobdetail/CCL1511150630J40835140214.htm?refcode=4019&srccode=401901&preactionid=da263989-87e4-486b-8daf-3f4ca6f1b92f
电子工程师,广东欧富隆科技股份有限公司,1.2-1.5万·13薪,珠海·香洲区·南屏镇,广州,大专,3-5年,,zhilian,,"设计,研发,嵌入式硬件研发,结构设计,电路设计",http://www.zhaopin.com/jobdetail/CCL1486135160J40864610107.htm?refcode=4019&srccode=401901&preactionid=da263989-87e4-486b-8daf-3f4ca6f1b92f
电子工程师,深圳恒创智能电子科技有限公司,1-1.5万,深圳·宝安·福海,广州,大专,3-5年,,zhilian,,消费电子产品,http://www.zhaopin.com/jobdetail/CCL1290440100J40619813308.htm?refcode=4019&srccode=401901&preactionid=da263989-87e4-486b-8daf-3f4ca6f1b92f
嵌入式硬件工程师,北京开运联合信息技术集团股份有限公司,1-1.5万,无锡·梁溪·扬名,广州,本科,3-5年,,zhilian,,单片机,http://www.zhaopin.com/jobdetail/CC211791410J40951575715.htm?refcode=4019&srccode=401901&preactionid=da263989-87e4-486b-8daf-3f4ca6f1b92f
射频工程师（相控阵天线）,深圳市安亚信科技有限公司,2-4万·13薪,广州·黄埔·夏港,广州,本科,经验不限,,zhilian,,"射频电路设计,射频开发,射频设计",http://www.zhaopin.com/jobdetail/CC488107280J40862298211.htm?refcode=4019&srccode=401901&preactionid=da263989-87e4-486b-8daf-3f4ca6f1b92f
射频工程师,成都汇蓉国科微系统技术有限公司,1.2-1.8万·13薪,成都·双流·兴隆,广州,本科,1-3年,,zhilian,,"射频电路设计,射频设计,射频开发,射频测试,微波雷达,毫米波雷达,雷达,天线",http://www.zhaopin.com/jobdetail/CC502659180J40876159703.htm?refcode=4019&srccode=401901&preactionid=da263989-87e4-486b-8daf-3f4ca6f1b92f
射频工程师,昆山联滔电子有限公司,8000-15000元,苏州·昆山·锦溪,广州,本科,3-5年,,zhilian,,"射频开发,射频测试,WI-FI产品研发,射频电路设计,WI-FI射频前端开发,海外技术沟通",http://www.zhaopin.com/jobdetail/CC315079010J40851317507.htm?refcode=4019&srccode=401901&preactionid=da263989-87e4-486b-8daf-3f4ca6f1b92f
射频工程师,美格智能技术股份有限公司,1.5-2.5万·13薪,上海·闵行·莘庄,广州,本科,3-5年,,zhilian,,"PCB设计,射频电路设计,射频开发,射频设计,芯片,滤波器,传感器,耦合器",http://www.zhaopin.com/jobdetail/CC823505500J40838190301.htm?refcode=4019&srccode=401901&preactionid=91be03c8-98d6-4ea7-9fbf-c45fc713754f
高级电子/射频研发工程师,山东奥凯机电设备有限公司,1.8-3万,济南·天桥·桑梓店,广州,本科,5-10年,,zhilian,,"射频设计,射频开发,发射机,接收机",http://www.zhaopin.com/jobdetail/CC681740220J40900725912.htm?refcode=4019&srccode=401901&preactionid=91be03c8-98d6-4ea7-9fbf-c45fc713754f
fpga工程师,西安瀚博电子科技有限公司,1-1.8万,西安·雁塔·丈八沟,广州,本科,3-5年,,zhilian,,"Verilog HDL,C语言,Zynq",http://www.zhaopin.com/jobdetail/CC614789120J40846469405.htm?refcode=4019&srccode=401901&preactionid=91be03c8-98d6-4ea7-9fbf-c45fc713754f
微波调试工程师（五险一金+双休）,西安克拉克通信科技有限公司,6000-8000元,西安·长安·韦曲,广州,本科,1-3年,,zhilian,,"射频,微波射频,矢量网络分析仪",http://www.zhaopin.com/jobdetail/CC667768529J00692925605.htm?refcode=4019&srccode=401901&preactionid=91be03c8-98d6-4ea7-9fbf-c45fc713754f
射频RF工程师（周末双休）,禾邦电子(苏州)有限公司,9000-15000元,苏州·吴中,广州,大专,3-5年,,zhilian,,"天线设计,射频开发,信号发生器",http://www.zhaopin.com/jobdetail/CC136743300J40860275007.htm?refcode=4019&srccode=401901&preactionid=91be03c8-98d6-4ea7-9fbf-c45fc713754f
天线研发测试工程师（相控阵）,斯北图,8000-13000元,长沙·岳麓·天顶,广州,本科,1-3年,,zhilian,,"相控阵天线,反射面天线,天线测试",http://www.zhaopin.com/jobdetail/CC543717480J40857229705.htm?refcode=4019&srccode=401901&preactionid=91be03c8-98d6-4ea7-9fbf-c45fc713754f
PCB工程师,凯捷中国,1-1.5万·13薪,北京·朝阳·东湖,广州,本科,1-3年,,zhilian,,"EAD,无线通信、射频产品,电源完整性 高速接口设计,PCB布局设计",http://www.zhaopin.com/jobdetail/CC000274570J40992104502.htm?refcode=4019&srccode=401901&preactionid=91be03c8-98d6-4ea7-9fbf-c45fc713754f
卫星测控与数传工程师,东方航天港研究院,1.2-1.6万·13薪,烟台·海阳·凤城,广州,硕士,1-3年,,zhilian,,"卫星通信,矢量网络分析仪",http://www.zhaopin.com/jobdetail/CCL1493403840J40783253211.htm?refcode=4019&srccode=401901&preactionid=91be03c8-98d6-4ea7-9fbf-c45fc713754f
卫星通信射频设计师,长春谱星空间技术有限公司,1.4-2万·17薪,长春·南关·净月,广州,硕士,1-3年,,zhilian,,"卫星通信,通信算法,C++,通信接口/总线,网络协议",http://www.zhaopin.com/jobdetail/CCL1513860420J41010356804.htm?refcode=4019&srccode=401901&preactionid=91be03c8-98d6-4ea7-9fbf-c45fc713754f
调试工程师,武汉瓴带科技有限公司,8000-12000元,成都·成华·龙潭,广州,大专,3-5年,,zhilian,,"射频测试,天线,滤波器,芯片,雷达",http://www.zhaopin.com/jobdetail/CC683594380J40816277510.htm?refcode=4019&srccode=401901&preactionid=91be03c8-98d6-4ea7-9fbf-c45fc713754f
有源相控阵天线设计工程师,南京典格通信科技有限公司,1.3-2.6万·13薪,南京·江宁·淳化,广州,本科,5-10年,,zhilian,,"射频设计,天线设计",http://www.zhaopin.com/jobdetail/CC661599820J40837136815.htm?refcode=4019&srccode=401901&preactionid=91be03c8-98d6-4ea7-9fbf-c45fc713754f
电磁测评工程师,中国电子科技集团有限公司电子科学研究院,1.2-2.3万,北京·石景山·苹果园,广州,本科,1-3年,,zhilian,,"电磁兼容测试,电磁兼容试验,电磁兼容检测",http://www.zhaopin.com/jobdetail/CCL1279414330J40761761506.htm?refcode=4019&srccode=401901&preactionid=91be03c8-98d6-4ea7-9fbf-c45fc713754f
射频工程师,成都微讯通电子科技有限公司,1.8-2.5万·13薪,成都·青羊·文家,广州,本科,3-5年,,zhilian,,"射频电路设计,射频设计",http://www.zhaopin.com/jobdetail/CC583039980J40926255815.htm?refcode=4019&srccode=401901&preactionid=91be03c8-98d6-4ea7-9fbf-c45fc713754f
无线产品硬件工程师,深圳市洪瑞光祥电子技术有限公司,2-3万,深圳·宝安·福海,广州,本科,3-5年,,zhilian,,"路由器,AP,网关",http://www.zhaopin.com/jobdetail/CC634298820J40877872610.htm?refcode=4019&srccode=401901&preactionid=91be03c8-98d6-4ea7-9fbf-c45fc713754f
射频电路工程师（RF 射频硬件）,成都希盟泰克科技发展有限公司,7000-13000元,成都·双流·东升,广州,本科,1-3年,,zhilian,,"射频电路设计,天线设计,射频设计,射频仿真,天线,传感器,射频开发,射频器件工艺",http://www.zhaopin.com/jobdetail/CC130288740J40827884016.htm?refcode=4019&srccode=401901&preactionid=91be03c8-98d6-4ea7-9fbf-c45fc713754f
高级射频工程师,北京华泰安信科技有限公司,2.5-5万·13薪,北京·石景山·古城,广州,本科,5-10年,,zhilian,,"射频电路设计,射频开发,射频仿真,微波雷达,卫星,收发信机,雷达,天线",http://www.zhaopin.com/jobdetail/CC293040080J40572347616.htm?refcode=4019&srccode=401901&preactionid=91be03c8-98d6-4ea7-9fbf-c45fc713754f
