job_name,company_name,salary,work_area,city,education,work_year,issue_date,source,skill_requirements,tech_tags,job_url
智能传感系统设计,四川挽星企业管理咨询有限公司,2.5-5万,上海·静安·天目西路,上海,硕士,5-10年,7月26日,zhilian_direct,职位描述 传感器 有无风电经验皆可，上海黄浦区 （一）核心聚焦 专注于风力发电机组整机传感系统（多物理量传感）的选型、集成、调试，以及整机控制架构的设计、优化与迭代，实现机组状态精准感知、控制策略优化及智能运维落地。 （二）专业要求 测控技术与仪器、自动化、机械电子工程、传感器技术、人工智能、控制工程等相关专业。 （三）核心技能 1. 熟练掌握振动、声学、温度、转速、应变、油液等多物理量传感器的原理、选型标准及部署方法，具备大型机械设备感知系统开发或现场调试经验； 2. 精通大型机械设备传感系统的集成设计，包括传感器安装、信号传输、抗干扰设计及标定规范，能完成多传感器数据同步、拼接与融合，解决传感信号采集、调理、噪声抑制等问题； 3. 具备整机控制架构设计与优化能力，熟悉风电机组主控系统（含变桨、偏航、变流协同）的需求分析、方案设计与架构搭建，了解MPPT、变桨/偏航控制、并网控制等核心控制逻辑； 4. 掌握信号处理算法、数据采集与分析技术，熟练使用MATLAB、Python等工具进行传感器接口信号调试、数据采集和数据分析，熟悉DAQ、采集仪等数据采集系统者优先； 5. 熟悉Profibus/Profinet、Modbus TCP、CAN、EtherCAT等工业通信协议，能独立完成传感系统与主控系统的通信配置与调试，确保数据高效传输； 6. 了解风力发电机组关键部件（叶片、传动链、发电机等）的特性与故障特征，能结合传感数据优化控制策略，推动机组智能诊断、故障预警等功能落地； 7. 具备良好的需求分析、方案设计、文档撰写能力，能编制传感系统设计文档、测试报告、故障分析报告等，推动技术沉淀与知识库积累。 （四）优先条件 • 有8-15年智能传感、整机控制相关工作经验，主导或参与过大型机械设备传感系统集成、控制架构优化项目者； • 具备机器学习、深度学习相关经验，能运用TensorFlow等工具实现传感数据建模、故障诊断算法开发与优化者； • 熟悉风电行业智能运维相关技术，有智慧风电场方案设计、智能感知产品开发经验者； • 具备边缘计算、轻量化算法设计经验，能实现感知算法在风机端部署与优化者； 工作地点 静安区上海站 以担保或任何理由索要财物，扣押证照，均涉嫌违法。一经发现， 立即举报,传感器,http://www.zhaopin.com/jobdetail/CCL1457853100J40887928913.htm?refcode=4019&srccode=401903&preactionid=0ed9c7af-7b0d-4f9c-a47e-ee5e3b72ac65
资深智能穿戴系统与生物传感架构师（健源）,珠海市洁源电器有限公司,1.5-3万·13薪,珠海·香洲区·唐家湾镇,珠海,本科,5-10年,7月26日,zhilian_direct,职位描述 算法基础 数据结构 多线程 智能穿戴健康平台架构 生物传感器集成与优化 TINYML模型部署 职位概述 我们正在寻找一位具有远见的资深智能穿戴系统与生物传感架构师，主导我们下一代智能穿戴健康管理平台的技术研发。您将负责设计并实现核心技术架构，将人体的原始物理与生物信号转化为精准、可量化的健康洞察。 您将与团队现有的电子工程师（EE）和材料工程师紧密合作，作为核心技术带头人，全面负责传感器选型、数字信号处理（DSP）、边缘机器学习（TinyML）以及生理学建模。您的最终目标是构建一个高扩展性、模块化的穿戴式平台架构，能够支撑未来多样化的穿戴产品形态（如智能戒指、智能手环、健康微贴等）的快速开发与迭代。 核心职责平台架构设计与跨部门项目立项：定义模块化穿戴式平台的战略级架构（包括硬件抽象化固件层、可扩展的传感器总线拓扑结构以及标准化的数据载荷结构）。紧密配合市场部门，共同撰写并向管理层/高管团队进行项目提案汇报，推动新项目的立项与可行性评估，将复杂的技术方案转化为清晰的商业与产品价值。传感器选型与数据融合（Sensor Fusion）： 负责先进生物传感器（如 PPG光电容积脉搏波、EDA/GSR皮电活动、ECG心电、Bio-Z生物阻抗及 IMU惯性传感器）的性能表征、评估与集成。设计多传感器数据融合框架，有效消除运动伪影（Motion Artifacts）和环境噪声。 DSP 与算法开发： 针对资源受限的微控制器（如 ARM Cortex-M 或 RISC-V），开发低延迟、低功耗的数字信号处理（DSP）流水线，实现实时特征提取（如心率变异性 HRV、血氧饱和度 SpO2、睡眠分期、压力监测等）。 边缘机器学习与生理建模：架构并训练针对微控制器极致优化的机器学习模型（TinyML）。建立数学与生理学模型，从高噪声的真实世界数据中推导并预测核心健康/生理指标。 跨功能技术整合： 协同材料工程师优化皮肤-传感器物理界面（阻抗匹配、光学耦合等）；协同电子工程师（EE）优化整机功耗预算、信号完整性及低噪声 PCB 布局。 任职要求： 本科以上学历，5年以上相关工作经验。 能力与经验要求： 1、对光学（PPG）、电学（ECG/EDA/生物阻抗）和机械学（IMU）的传感机制有深厚的物理/底层原理理解，具备丰富的**人体-设备交互界面（Human-Device Interface）**处理经验。 2、精通数字信号处理：精通数字滤波器设计（FIR、IIR）、自适应滤波（如利用 NLMS 算法进行运动伪影消除）以及时频分析（FFT、小波变换）。 3、精通数字信号处理：精通数字滤波器设计（FIR、IIR）、自适应滤波（如利用 NLMS 算法进行运动伪影消除）以及时频分析（FFT、小波变换）。 4、熟练运用 Python 数据科学生态（NumPy、SciPy、Pandas、Scikit-Learn），并具备 TinyML 框架（如 TensorFlow Lite for Microcontrollers、Edge Impulse 或自定义定点 C 模型）的部署经验。 5、具有至少一款量产消费级或医疗级穿戴式产品从概念设计、研发到大规模量产（MP）的全周期全栈经验，并主导过其中的数据流水线设计。 6、具备优秀的跨部门沟通能力与商业敏感度，能够配合跨国产品及项目经理，将硬核的工程技术语言转化为市场与管理层易懂的商业洞察与产品路线图。 工作地点 珠海香洲区中电高科技产业园 以担保或任何理由索要财物，扣押证照，均涉嫌违法。一经发现， 立即举报,"算法基础,数据结构,多线程,智能穿戴健康平台架构,生物传感器集成与优化,TINYML模型部署",http://www.zhaopin.com/jobdetail/CC710851220J40901261603.htm?refcode=4019&srccode=401903&preactionid=0ed9c7af-7b0d-4f9c-a47e-ee5e3b72ac65
系统工程师（智能传感）,安翰科技(武汉)股份有限公司,8000-10000元,无锡·滨湖·蠡园,无锡,硕士,1-3年,7月26日,zhilian_direct,岗位职责 1、负责胃肠监测系统的系统设计，产品开发，工艺调试和测试验证等过程； 2、负责智能传感器技术如压力传感器技术、ph传感器技术、磁场传感器技术的研究与开发； 3、负责技术文档撰写及为用户提供专业技术培训。 任职要求 1、硕士及以上学历，电子工程、生物医学工程、生物化学，自动化、计算机科学与技术等相关专业，985/211院校优先。 2、具备 2 年以上工作经验，有作为系统工程师开发医疗行业机电设备或传感器相关产品的经验者优先。 3、熟悉医疗设备相关标准（如 IEC60601 系列、生物相容性相关标准），具备丰富的标准解读与验证实践经验。 4、系统掌握传感器技术如 pH 薄膜传感器、压力传感器等，具备精密传感器系统或医疗监测设备开发经验，熟悉生物医学信号处理逻辑者优先；具备胃肠道监测相关临床应用背景者更佳。 5、具备较强的问题排查能力和沟通协调能力，能快速响应并解决用户技术需求。 工作地点 无锡滨湖区530大厦-2号楼 以担保或任何理由索要财物，扣押证照，均涉嫌违法。一经发现， 立即举报,"内镜科器械,医疗耗材研发,医疗设备研发",http://www.zhaopin.com/jobdetail/CC853101170J40849620613.htm?refcode=4019&srccode=401903&preactionid=0ed9c7af-7b0d-4f9c-a47e-ee5e3b72ac65
高级光电传感器研发工程师,青鸟智慧控制科技股份有限公司,面议,北京·海淀·燕园,北京,本科,3-5年,7月26日,zhilian_direct,岗位职责： 1）负责光电传感器件的系统光路设计，仿真评估、工艺设计、开模生产，并绘制光学部品图纸等工作； 2）利用照明光学设计软件进行照明光学的建模、仿真、优化设计； 3）进行照明光学相关测试及数据分析； 4）进行光电传感产品的产品测试实验设计及数据分析； 5）对产品中与光学相关的技术问题进行分析及验证； 任职要求： 1、光学及相关专业本科及以上学历。从事至少两年光电产品设计经验，如微成像镜头、光电探测器等； 2、对光学设计理论，几何像差知识有较深理解，了解光学部品加工性能知识，有一定的光学组装经验，验证； 3、扎实的光学基础知识，对基础光学有深刻透彻的理解（照明，成像，傅里叶，衍射光学等），丰富的光学设计经验，能熟练应用光学设计软件(zemax、codev)和仿真软件(Tracepro、Lighttools)； 4、熟悉常用的结构设计软件（solidworks，proe等），能够进行光学结构设计； 薪资open，欢迎各位大佬投递~ 工作地点 中国北京市海淀区成府路207号北大青鸟楼 以担保或任何理由索要财物，扣押证照，均涉嫌违法。一经发现， 立即举报,"光电探测器,探测器,研发,光路设计",http://www.zhaopin.com/jobdetail/CC145846890J40288024906.htm?refcode=4019&srccode=401903&preactionid=0ed9c7af-7b0d-4f9c-a47e-ee5e3b72ac65
高级光电传感器研发工程师,青鸟智慧控制科技股份有限公司,面议,北京·海淀·燕园,北京,硕士,5-10年,7月26日,zhilian_direct,岗位职责： 1）负责光电传感器件的系统光路设计，仿真评估、工艺设计、开模生产，并绘制光学部品图纸等工作； 2）利用照明光学设计软件进行照明光学的建模、仿真、优化设计； 3）进行照明光学相关测试及数据分析； 4）进行光电传感产品的产品测试实验设计及数据分析； 5）对产品中与光学相关的技术问题进行分析及验证； 任职要求： 1、精通光电感烟探测原理（散射光、透射光等），熟练掌握烟感传感器设计、探测算法开发、抗干扰技术、低功耗电路设计等核心技术；具备独立解决复杂技术难题的能力。 2、有完整的光电感烟探测相关科研项目、新产品研发项目牵头经验，能独立统筹项目全流程，具备科研成果转化能力；熟悉研发流程、实验设计、性能测试方法。 3、扎实的光学基础知识，对基础光学有深刻透彻的理解（照明，成像，傅里叶，衍射光学等），丰富的光学设计经验，能熟练应用光学设计软件(zemax、codev)和仿真软件(Tracepro、Lighttools)； 薪资open，欢迎各位大佬投递~ 工作地点 中国北京市海淀区成府路207号北大青鸟楼 以担保或任何理由索要财物，扣押证照，均涉嫌违法。一经发现， 立即举报,"光电探测器,探测器,研发,光路设计",http://www.zhaopin.com/jobdetail/CC145846890J40754549206.htm?refcode=4019&srccode=401903&preactionid=0ed9c7af-7b0d-4f9c-a47e-ee5e3b72ac65
物联网系统工程师实习生,四川创一智慧科技有限公司,150-250元/天,成都·青羊·文家,Guangzhou,本科,经验不限,4月10日,zhilian,岗位职责 协助工程师完成物联网终端设备的硬件设计、开发与调试辅助工作，学习外设、传感器选型及接口开发，了解各类物联网通信制式的适配方法。 在指导下，基于C、Python语言完成嵌入式软件基础开发，学习运用FreeRTOS、Zephyr、MicroPython等嵌入式系统进行简单程序编写与调试。 协助团队开展AI技术在软硬件产品中的落地应用辅助工作，了解AI底层原理，学习智能感知、边缘计算等相关功能的基础开发与调试流程。 配合团队完成软硬件协同开发相关辅助工作，了解服务器端软件架构和开发流程，参与产品开发、测试及迭代优化的基础环节。 协助排查开发过程中的简单软硬件及AI应用相关技术问题，学习撰写基础技术文档，配合团队整理开发规范。 任职要求 学历要求：211本科及以上学历，电子信息、计算机、自动化、物联网等相关专业，在校生或应届毕业生均可，无强制工作经验。 硬件能力：熟悉常用物联网通信制式，了解常用硬件接口协议，具备基础的外设和传感器开发、调试思路，愿意主动学习实操技能。 软件能力：掌握C、Python基础代码开发，熟悉FreeRTOS、Zephyr、MicroPython等至少一种嵌入式系统的基础应用；了解服务器软件架构和开发流程，具备基础的软硬协同开发意识即可。 AI能力：了解AI底层基础原理，对AI技术在软硬件开发中的应用有兴趣，愿意学习AI模型落地、调试相关技能，有相关课程实践或小型项目经验者优先。 具备良好的学习能力、问题排查意识和沟通协作能力，态度积极主动，能配合团队完成相关模块的辅助开发任务，有责任心和团队协作精神。 加分项：有嵌入式、物联网或AI相关课程设计、小型项目实践经验者优先；了解Linux嵌入式开发、网络通信相关技术者优先。 工作地点：成都市青羊区青羊工业总部基地K20栋 工作时间：早九晚六 周末双休 工作地点 成都青羊区青羊工业总部基地K区20栋三楼 以担保或任何理由索要财物，扣押证照，均涉嫌违法。一经发现， 立即举报,"32位单片机,C语言,Python",http://www.zhaopin.com/jobdetail/CC482914230J40946303702.htm?refcode=4019&srccode=401901&preactionid=d95e2f20-de0e-4eb2-b798-953d07706357
AI物联网测试工程师助理（绩效奖）,安阳市政创信息技术有限公司,6000-8000元,深圳·宝安·新安,Guangzhou,大专,经验不限,7月6日,zhilian,职位描述 软件测试 功能测试 Postman Jmeter AI物联网设备测试 AI算法集成测试 通信协议验证 工作职责 1. 协助完成AI物联网设备（如智能传感器、边缘计算终端）的功能测试与兼容性验证，记录测试数据与问题。 2. 参与AI算法模块的集成测试，协助验证模型在实际硬件环境中的运行效果。 3. 编写基础测试用例，维护测试文档，配合工程师完成缺陷跟踪与回归测试。 4. 协助搭建测试环境，对物联网设备的通信协议（如MQTT、CoAP）进行基础验证。 任职要求 1. 25届大专26届本科及以上学历，计算机、电子信息、自动化等相关专业优先。 2. 了解物联网基本架构，对传感器、嵌入式系统或通信协议有基础认知。 3. 具备基础的软件测试理论，能理解测试用例设计逻辑，熟练使用Excel等办公工具记录测试结果。 4. 学习能力强，能快速掌握新工具（如Postman、JMeter），具备良好的沟通能力与团队协作意识。 工作地点 深圳市-宝安区-新湖路2142号 以担保或任何理由索要财物，扣押证照，均涉嫌违法。一经发现， 立即举报,"软件测试,功能测试,Postman,Jmeter,AI物联网设备测试,AI算法集成测试,通信协议验证",http://www.zhaopin.com/jobdetail/CCL1511545390J40872112109.htm?refcode=4019&srccode=401901&preactionid=d95e2f20-de0e-4eb2-b798-953d07706357
项目设计师助理,河南鑫科云信息科技有限公司,7000-12000元·13薪,深圳·南山·南头,Guangzhou,本科,经验不限,7月24日,zhilian,职位描述 工业自动化运维 智能制造数据处理 技术文档撰写 工作职责 1. 协助项目设计师完成自动化生产线、工业机器人等设备的安装调试，跟进设备日常运维的全流程执行。 2. 参与智能制造系统（如MES、PLC）的数据采集与清洗，输出结构化数据报告支撑生产决策。 3. 主导设备操作手册、维护台账等技术文档的撰写与更新，确保文档的准确性与可操作性。 4. 驻场跟进生产现场的设备运行状态，快速响应异常问题并配合设计师完成故障定位。 任职要求 1. 本科及以上学历，自动化、机械工程、智能制造等工科专业背景优先。 2. 掌握工业自动化基础原理，熟悉PLC编程逻辑或传感器应用场景者优先。 3. 具备Excel高级功能（如函数公式、数据透视表）使用能力，能独立完成数据统计分析。 4. 具备强执行力与细节把控能力，能适应多任务并行的工作节奏。 工作地点 深圳南山区南山大厦8楼 以担保或任何理由索要财物，扣押证照，均涉嫌违法。一经发现， 立即举报,"工业自动化运维,智能制造数据处理,技术文档撰写",http://www.zhaopin.com/jobdetail/CCL1524196370J41024365904.htm?refcode=4019&srccode=401901&preactionid=d95e2f20-de0e-4eb2-b798-953d07706357
物联网工程师,北京嘉禾云山筑宇建筑工程有限公司,8000-16000元,洛阳·西工·唐宫路,Guangzhou,本科,经验不限,7月24日,zhilian,职位描述 物联网 通信/网络设备 计算机硬件 工作职责 1. 负责建筑工程场景下物联网系统的方案设计与实施，包括传感器部署、数据采集与传输链路搭建。 2. 对接工程业务需求，开发物联网平台功能模块，实现设备状态监控、能耗管理等智能化应用。 3. 优化物联网系统的稳定性与数据安全性，解决工程现场复杂环境下的技术问题。 4. 与工程团队协作，推动物联网技术在施工管理、设备运维等场景的落地应用。 任职要求 1. 本科及以上学历，计算机、电子信息、自动化等相关专业。 2. 掌握物联网核心技术栈，包括传感器原理、通信协议（如LoRa、NB-IoT）及数据处理技术。 3. 具备物联网平台或系统开发经验，熟悉至少一种编程语言（如Python、Java）。 4. 有工程行业或工业物联网项目经验者优先，能理解工程场景的技术需求。 工作地点 洛阳西工区万达广场(中州店) 以担保或任何理由索要财物，扣押证照，均涉嫌违法。一经发现， 立即举报,物联网,http://www.zhaopin.com/jobdetail/CCL1514891250J40855397711.htm?refcode=4019&srccode=401901&preactionid=d95e2f20-de0e-4eb2-b798-953d07706357
自动驾驶软件开发工程师,西安鹏耀博文信息技术有限公司,6000-9000元,西安·莲湖·北院门,Guangzhou,本科,经验不限,7月25日,zhilian,职位描述 C++ Python ROS 自动驾驶系统开发 车载传感器数据处理 嵌入式性能优化 工作职责 1. 参与自动驾驶系统核心模块（如感知融合、决策规划、控制执行）的软件开发与迭代。 2. 负责车载传感器（激光雷达、摄像头、毫米波雷达）数据的实时处理与算法部署。 3. 优化自动驾驶软件在嵌入式平台的运行性能，解决低延迟、高可靠性等工程化问题。 4. 参与系统集成测试与故障排查，保障自动驾驶功能的稳定运行。 任职要求 1. 统招本科及以上学历，计算机、自动化、电子信息等相关专业。 2. 精通C++/Python编程语言，具备扎实的算法基础与数据结构功底。 3. 熟悉自动驾驶系统架构，有感知、决策或控制模块开发经验者优先。 4. 了解ROS/ROS2、CANoe等自动驾驶开发工具，具备嵌入式系统开发经验者优先。 5. 具备良好的问题分析能力与团队协作精神，能快速定位并解决技术问题。 工作地点 西安市-莲湖区-莲湖西大街81号 以担保或任何理由索要财物，扣押证照，均涉嫌违法。一经发现， 立即举报,"C++,Python,ROS,自动驾驶系统开发,车载传感器数据处理,嵌入式性能优化",http://www.zhaopin.com/jobdetail/CCL1509995720J40850673711.htm?refcode=4019&srccode=401901&preactionid=d95e2f20-de0e-4eb2-b798-953d07706357
系统开发工程师,浙江加西亚电子电器有限公司,5000-7000元,温州·乐清市·北白象镇,Guangzhou,本科,经验不限,7月10日,zhilian,岗位职责 1. 物联网断路器IoT平台建设 参与智能断路器设备接入、数据采集与通信调试； 协助开展设备监控、远程运维及平台功能测试工作； 参与工业物联网应用场景建设与优化。 2. 数字孪生与三维可视化应用 参与产品三维模型构建及数字化展示场景搭建； 利用Realibox等平台开展数字孪生场景制作与交互展示开发； 参与产品展示、工厂展示及数字化应用项目建设。 3. 车间可视化大屏建设 参与生产车间数字化看板建设； 协助完成生产数据接入、图表配置、页面维护及可视化展示优化； 参与设备运行状态、生产进度、质量指标等数据展示项目建设。 4. 数据分析与创新项目研究 参与生产、质量、设备等业务数据分析； 协助开展人工智能、工业互联网及数据建模相关项目研究与验证； 参与新技术在制造业场景中的落地应用探索。 5. 项目支持与文档管理 协助完成项目测试、实施部署及现场调试工作； 参与技术文档、操作手册、培训资料及项目档案编制工作。 任职要求 （一）专业要求 机械设计制造及其自动化、自动化、汽车服务工程等相关专业。 （二）基础能力要求 1. 掌握本专业核心课程知识，具备一定的工程技术基础； 2. 了解C/C#语言、Python等至少一种编程语言，能够阅读和理解简单程序代码； 3. 具备较强的逻辑思维能力、学习能力和动手实践能力； 4. 具备良好的沟通协作意识和责任心。 （三）专业技能要求 1. · 了解PLC、单片机、传感器等基础知识； · 具备自动控制、电气控制相关基础； · 有课程设计、智能小车、自动化控制等项目经验者优先； · 了解Modbus、MQTT等工业通信协议者优先。 2. · 能够使用SolidWorks、UG、AutoCAD等软件进行基础设计与建模； · 具备机械制图、识图能力； · 对三维可视化、数字孪生技术有兴趣。 3. · 掌握电子电气等基础知识； · 具备一定的数据整理与分析能力； · 对智能装备、工业互联网及数字化技术有兴趣。 （四）优先考虑条件 · 参加过学科竞赛、创新创业项目或课程设计项目； · 有软件开发、设备调试、三维建模、数据分析等相关实践经历； · 对工业互联网、数字化工厂、智能制造、物联网等领域有浓厚兴趣； · 能展示个人作品、项目成果或实践案例。 工作地点 温州乐清市加西亚电子电器股份有限公司 以担保或任何理由索要财物，扣押证照，均涉嫌违法。一经发现， 立即举报,"虚拟机技术,服务器配置,硬件系统,数控系统,仿真系统,传感器系统,3D建模,Blender,Python,游戏引擎",http://www.zhaopin.com/jobdetail/CC150048310J40828263616.htm?refcode=4019&srccode=401901&preactionid=d95e2f20-de0e-4eb2-b798-953d07706357
物联网工程师,北京科百宏业科技有限公司,4000-6000元,昌吉·昌吉市·绿洲路街道,Guangzhou,大专,1-3年,7月24日,zhilian,"岗位职责 1、负责硬件对接：完成农业物联网传感器（如土壤、气象、作物长势）和控制设备（如灌溉阀、风机、水肥机）的选型、调试与接入。 2、负责平台集成：将设备数据对接到云平台，实现数据可视化和远程控制，让手机/电脑成为新农具。 3、负责现场实施：需要前往农场/园区，完成设备的安装、布线与系统联调，确保系统稳定运行。 4、解决实际问题：分析与应用物联网数据，为精准灌溉、智能温室管理等提供技术方案。 5、编写文档：撰写项目所需的技术文档、操作手册等。 任职要求 1、专科及以上学历，物联网、电子信息、自动化、计算机等相关专业。 2、了解常用传感器、通信模块（如4G/5G, NB-IoT, LoRa），有硬件调试经验。 3、能进行简单的编程和配置（如C, Python, 或Node-RED等），熟悉一种物联网平台（如阿里云IoT、腾讯云IoT）者优先。 4、具备良好的沟通能力和动手能力，能适应 田间/园区出差。 （加分项）有农业项目经验，或对智慧农业有浓厚兴趣。 特别说明 具有竞争力的薪酬待遇与绩效奖金、驻场补贴。 五险一金、带薪年假、节日福利等。 宽松的技术氛围和扁平化管理。 接触行业前沿技术的机会和成长空间。 工作地点 昌吉昌吉市和谐时代广场-A座 以担保或任何理由索要财物，扣押证照，均涉嫌违法。一经发现， 立即举报","农业工程师,网络安全",http://www.zhaopin.com/jobdetail/CC185743220J40956738915.htm?refcode=4019&srccode=401901&preactionid=d95e2f20-de0e-4eb2-b798-953d07706357
自动化系统集成工程师,甘肃鼎荣科技有限公司,5000-10000元,海西·格尔木市·黄河路街道,Guangzhou,本科,3-5年,7月22日,zhilian,岗位职责（配套参考） 1. 负责自动化系统的方案设计、电气设计、PLC程序与组态软件的开发调试。 2. 现场设备安装、接线指导，系统联调与验收，解决现场技术问题。 3. 编制技术文档、操作手册，为客户提供技术培训与售后支持。 4. 配合团队进行项目跟进，与客户沟通需求，优化系统方案。 工作地点 海西蒙古族藏族自治州-格尔木市-青海油田石化基地北区新8栋 以担保或任何理由索要财物，扣押证照，均涉嫌违法。一经发现， 立即举报,"系统集成,网络设备,SQL,电子,弱电系统,售后支持,C语言",http://www.zhaopin.com/jobdetail/CC857002690J40099323510.htm?refcode=4019&srccode=401901&preactionid=d95e2f20-de0e-4eb2-b798-953d07706357
Ai智驾工程师,郑州宸筑新材料有限公司,5000-7000元,郑州·中原·航海西路,Guangzhou,大专,经验不限,7月25日,zhilian,职位描述 C++ Python 人工智能 我们正在寻找一位智能驾驶系统工程师，负责研发和实现智能驾驶技术。 工作内容： 负责智能驾驶系统的需求分析和设计； 开发、测试和优化智能驾驶系统； 与硬件团队合作，实现软硬件集成； 撰写技术文档和报告。 岗位要求： 专科及以上学历，计算机、电子工程或相关专业； 了解智能驾驶系统； 精通C++、Python等编程语言； 熟悉常用的传感器和执行器； 良好的沟通能力和团队协作精神。 工作地点 郑州市中原区陇海西路338号 以担保或任何理由索要财物，扣押证照，均涉嫌违法。一经发现， 立即举报,"C++,Python",http://www.zhaopin.com/jobdetail/CCL1524485040J40882954005.htm?refcode=4019&srccode=401901&preactionid=d95e2f20-de0e-4eb2-b798-953d07706357
电子技术员,湖南众能达智能装备有限公司,5000-8000元,长沙·望城·乌山,Guangzhou,本科,经验不限,7月23日,zhilian,岗位职责： 1. 电子电路装配与焊接：负责工程样机及量产设备的电子电路装配、焊接与布线作业，确保硬件系统符合设计规范与工艺要求，保障电气连接的可靠性与一致性。 2. 售后技术支持：参与设备的日常客户售后问题排查，快速响应现场电气与电子故障，提供专业的技术诊断与解决方案，维护客户设备稳定运行。 3. 元器件选型与测试：协助工程师完成电子元器件的选型、性能测试及BOM清单整理，保障物料的合规性、可用性与成本经济性，为研发与生产提供可靠的物料支撑。 4. 数据记录与文档建设：记录设备运行数据与维修日志，形成标准化技术文档（如维修手册、故障案例库、调试记录等），为后续产品优化与工艺改进提供数据支持。 任职要求： 必备条件： 1. 本科及以上学历，电子信息工程、自动化、机电一体化、电气工程及其自动化等相关专业。 2. 扎实的电子电路理论：掌握模拟电路与数字电路基本原理，熟悉常用电子元器件（电阻、电容、电感、二极管、三极管、MOS管、运算放大器、光耦等）的特性参数与典型应用电路。 3. 熟练的仪器操作能力：熟练使用示波器（波形分析、参数测量）、万用表（电压/电流/电阻/通断测量）、信号发生器、可调电源、LCR电桥等常用电子测量仪器。 4. 过硬的焊接与装配技能：具备精密焊接能力，能熟练完成直插元件、贴片元件（含QFP、QFN等封装）的手工焊接与返修，能独立完成简单电路的搭建、调试与故障排查。 5. 图纸与工艺阅读能力：能看懂电路原理图、PCB布局图、电气接线图及装配工艺文件，严格按照图纸与工艺规范作业。 6. 文档与数据管理能力：具备良好的文档编写习惯，能规范记录调试数据、维修日志与测试报告，熟练使用办公软件进行数据整理与分析。 7. 责任心与细致度：工作严谨细致，具备较强的质量意识与安全操作意识，能严格遵守电气安全规范与ESD防静电规范。 优先条件： 1. 具备工业自动化设备或电气控制柜装配、调试、维修相关工作经验者优先。 有电子元器件（尤其是电容器、电阻器、半导体器件等）测试与筛选经验者优先（如容量、损耗角、ESR、漏电流、耐压等）将是重要加分项。 2. 有PLC控制系统或嵌入式系统硬件调试经验者优先——公司设备涉及高精密传动控制、真空系统、流体控制、温控系统等多学科交叉。 3. 了解工业通讯协议（如RS-232、RS-485、Modbus、EtherCAT等）及传感器选型与信号调理者优先。 4. 具备FMEA（失效模式与影响分析） 或可靠性工程基础知识者优先。 5. 有从0到1参与项目研发经验者优先。 我们提供： 1. 有竞争力的薪酬：提供行业内有竞争力的薪资待遇，项目奖金与绩效激励（具体面议）。 2. 行业领先的发展平台：参与电子元器件行业首创装备的研发与生产，你的技术贡献将直接塑造下一代高端设备。公司正处于产能五倍扩张的关键阶段，个人成长空间巨大。 3. 清晰的成长路径：与公司共同成长，获得快速、系统的能力跃迁。提供“技术专家”与“项目管理”双通道发展路径，优秀者可成长为技术骨干或管理核心。 4. 全面的保障：五险一金，带薪年假，节日福利与团队建设。 应聘方式： 请提交个人简历，并附上能代表您技术能力的项目经历或作品说明。 我们期待与每一位追求卓越、渴望成长的伙伴相遇。 湖南众能达智能装备有限公司——深耕电子元器件高端装备，以行业首创之力，推动智能制造升级。 工作地点 长沙望城区湖南众能达智能装备有限公司 以担保或任何理由索要财物，扣押证照，均涉嫌违法。一经发现， 立即举报,"安装/调试,维修/保养,工业自动化设备维护,电子电路装配焊接,元器件选型测试,测试,模拟电路",http://www.zhaopin.com/jobdetail/CCL1510885490J40875386905.htm?refcode=4019&srccode=401901&preactionid=d95e2f20-de0e-4eb2-b798-953d07706357
PLC 智能终端工程师,四川晟成机械设备有限公司,5000-9000元,成都·武侯·晋阳,Guangzhou,本科,经验不限,6月8日,zhilian,职位描述 PLC设计 技术支持 西门子 三菱 自动化设备 工业通信协议 故障排查 技术文档编写 工作职责 1. 负责PLC智能终端设备的程序开发、调试与优化，保障设备自动化控制逻辑的稳定运行。 2. 对接智能终端硬件（传感器、执行器等），完成硬件与PLC系统的通信适配及数据采集。 3. 参与工业现场设备的安装与调试，解决PLC控制系统在实际运行中的技术问题。 4. 编写PLC系统的技术文档与操作手册，为生产及运维团队提供技术支持。 任职要求 1. 大专及以上学历，自动化、电气工程、计算机等相关专业。 2. 掌握PLC编程（如西门子、三菱等主流品牌），熟悉梯形图、结构化文本等编程方式。 3. 具备智能终端设备（如工业触摸屏、数据采集终端）的集成经验，了解Modbus、Profinet等工业通信协议。 4. 能独立完成PLC系统的调试与故障排查，有工业自动化项目经验者优先。 工作地点 成都武侯区晋吉西一街66-1栋附117号附近 以担保或任何理由索要财物，扣押证照，均涉嫌违法。一经发现， 立即举报,"PLC设计,技术支持,西门子,三菱,自动化设备,工业通信协议,故障排查,技术文档编写",http://www.zhaopin.com/jobdetail/CCL1512159050J40947132715.htm?refcode=4019&srccode=401901&preactionid=d95e2f20-de0e-4eb2-b798-953d07706357
视觉调试,许昌市讯集装备智能科技有限公司,8000-13000元,开封·尉氏县·大营镇,Guangzhou,大专,1-3年,7月25日,zhilian,职位描述 智能硬件 视觉参数调试 图像质量优化 量产交付支撑 工作职责 1. 负责智能硬件产品（如摄像头模组、视觉传感器）的视觉参数调试与性能优化，确保成像效果、色彩还原等指标符合设计规范。 2. 参与视觉系统的测试验证工作，分析并解决调试过程中出现的图像质量问题（如噪点、畸变、白平衡偏差等）。 3. 配合研发团队完成视觉算法的落地适配，输出调试报告与优化方案，支撑产品量产交付。 4. 维护调试工具与设备，沉淀调试经验并形成标准化操作文档，提升团队调试效率。 任职要求 1. 大专及以上学历，电子信息、自动化、计算机视觉等相关专业优先。 2. 具备1年以上视觉系统调试经验，熟悉摄像头模组、图像处理流程或智能硬件视觉模块的调试方法。 3. 掌握基本的图像质量评估标准（如分辨率、信噪比、动态范围），能使用专业工具（如Imatest、Matlab）进行图像分析。 4. 具备较强的问题分析能力与动手能力，能独立排查并解决视觉调试过程中的技术问题。 5. 有消费电子或智能硬件产品量产调试经验者优先。 工作地点 开封尉氏县河南金盛达建材产业园区 以担保或任何理由索要财物，扣押证照，均涉嫌违法。一经发现， 立即举报,"智能硬件,视觉参数调试,图像质量优化,量产交付支撑",http://www.zhaopin.com/jobdetail/CCL1524673620J40861421901.htm?refcode=4019&srccode=401901&preactionid=d95e2f20-de0e-4eb2-b798-953d07706357
智能驾驶系统工程师,陕西山海源人力资源发展有限公司,1-1.6万,十堰·茅箭区·二堰街道,Guangzhou,大专,1-3年,7月15日,zhilian,"岗位职责： 1.负责新能源电动装载机自动驾驶领域的软件架构设计与搭建，包括底层代码开发、调试及后期运维; 2.主导核心控制算法研发，涵盖路径规划、多传感器数据融合、动态调节等算法，确保作业场景下的高可靠性与实时性。 1.负责新能源电动装载机整车控制软件架构设计，完成底层代码编写、调试与维护; 3.承担整车控制策略开发，包括三电系统(电池、电机、电控)底层控制逻辑的代码实现与优化。 4.推动电动装载机软件的平台化、模块化、标准化设计,提升代码复用率与开发效率;确保软件架构的可扩展性与可维护性。 任职要求: 1.熟练掌握C++等编程语言，或具备CodeSys开发平台实战经验; 2.具备工程机械或相关领域软件架构设计经验，熟悉自动驾驶或整车控制算法者优先; 3.熟悉常用总线协议(如CAN/J1939、Ethernet)及开发工具链， 4.良好的团队协作与沟通能力，能承受高强度研发任务，对新能源工程装备智能化有浓厚兴趣。 工作地点 茅箭区十堰站1号 以担保或任何理由索要财物，扣押证照，均涉嫌违法。一经发现， 立即举报 客户",新能源/燃油整车研发制造,http://www.zhaopin.com/jobdetail/CC336216930J40950997408.htm?refcode=4019&srccode=401901&preactionid=d95e2f20-de0e-4eb2-b798-953d07706357
嵌入式硬件助理工程师,西安泰德汽车技术有限公司,4000-8000元,西安·高陵·泾渭,Guangzhou,本科,经验不限,1月12日,zhilian,"职位描述 单片机 ARM处理器 DSP 新能源/燃油车零部件 新能源汽车 新能源/燃油整车研发制造 你将在这里做什么？ 加入我们，你将在资深工程师的“一对一”导师制指导下，系统学习并参与到真实的汽车电子产品硬件开发流程中。你的主要职责将包括： 学习与基础设计：系统学习汽车电子硬件开发规范，在导师指导下参与模块电路（如电源、传感器接口、CAN/LIN通信）的原理图设计与仿真验证。 辅助开发与测试：协助进行PCB版图检查、元器件焊接与板级调试，参与硬件功能测试、性能测试及环境适应性测试的执行与记录。 技术文档支持：学习并协助编写硬件设计文档、测试报告、物料清单（BOM）等技术资料，培养严谨的工程文档习惯。 问题分析与解决：在团队支持下，参与分析测试中遇到的硬件问题，学习使用示波器、万用表等工具进行电路调试。 项目实践：逐步参与到具体的研发项目中，负责其中明确分配的子模块任务，在实践中快速成长。 我们希望你具备的潜质与基础 （我们深知你缺乏经验，因此我们更看重你的学习能力、扎实基础和成长潜力） 必备基础 知识根基：专业课（模电、数电、电路分析、单片机原理）成绩良好，对其核心概念有清晰理解。 动手热情：在校期间有电子设计竞赛、课程设计、实验室项目或个人DIY项目经历，热爱动手实践。 工具入门：了解或初步使用过一种电路设计软件（如Altium Designer, Cadence, Protel, Multisim等）。 逻辑思维：具备良好的逻辑分析能力和解决问题的基本思路，做事认真细致。 团队协作：性格开朗，具备良好的沟通意愿和团队协作精神。 会让你更闪光的亮点（符合任一项都将获得加分） 扎实的理论成绩：专业课成绩名列前茅，或在某些核心课程上表现突出。 项目实践经历：无论项目大小，只要是你亲身参与并解决了具体电路问题的经历，都请告诉我们。 对汽车的兴趣：对汽车技术、新能源汽车或智能驾驶有浓厚兴趣，并有一定了解。 主动学习能力：通过MOOC、开源项目、技术论坛等方式自学过硬件相关知识。 英语能力：能够阅读英文数据手册和技术文档。 我们将为你提供 我们不仅提供一个职位，更提供一个从零开始的职业发展平台： “启航”系统培训：入职后为期3-6个月的定制化带薪培训，涵盖汽车电子标准、开发流程、工具使用、安全规范等。 导师制全程辅导：为你指定一位经验丰富的资深工程师作为职业导师，全程指导你的工作和学习。 清晰的成长路径：助理工程师 → 工程师 → 高级工程师，技术与管理双通道发展，每年进行回顾与晋升评估。 有竞争力的起薪与福利： 提供具有市场竞争力的应届生起薪。 完善的五险一金、带薪年假、节日福利、丰富的团队建设活动。 员工宿舍。 参与前沿项目的机会：你将有机会直接参与到公司最新的研发项目中，接触行业前沿技术。 开放与包容的文化：我们鼓励提问、鼓励试错、鼓励创新，这里是你从校园走向职场最理想的缓冲带和加速器。 工作地点 陕西省西安市高陵区泾诚路8号德仕电子楼 以担保或任何理由索要财物，扣押证照，均涉嫌违法。一经发现， 立即举报","单片机,ARM处理器,DSP",http://www.zhaopin.com/jobdetail/CC393363210J40868636403.htm?refcode=4019&srccode=401901&preactionid=d95e2f20-de0e-4eb2-b798-953d07706357
博世校招生/社招生,博世(中国)投资有限公司,1-2万,长沙·岳麓·麓谷,Guangzhou,本科,经验不限,7月17日,zhilian,"职位描述 人工智能 博世中国诚邀你参与2026 德国人才日慕尼黑线下专场活动，为留德学子打造回国就业专属交流平台，助力你开启与博世中国的职业对话。 本次活动全面升级，设置简历投递、直播宣讲、线下宣讲、现场面试四大板块，为你提供多渠道、全流程的求职支持： 简历投递通道：扫码投递简历，一键开启博世中国求职流程，应届生 / 社招岗位均开放申请； 直播宣讲预热：线上提前了解博世中国业务布局、岗位需求与回国发展路径，打破地域信息差； 慕尼黑线下宣讲会：当地时间 6 月 10 日（周二）17:45-19:00，Mathildenstraße 4, 80336 München，现场面对面了解博世中国的招聘政策与职业发展机会； 预约制现场面试：6 月 11-12 日，博世中国团队一对一面试沟通，提前锁定回国岗位机会，流程高效透明。 本次博世中国开放的岗位大类覆盖你关注的核心方向，助力你匹配回国后的理想赛道： 汽车与智能交通类：智能驾驶、底盘系统、动力总成、车联网等相关研发 / 工程岗位； 工业与智能制造类：工业自动化、工业 4.0、智能传感器、智能制造工艺等岗位； 新能源与可持续类：动力电池、氢能技术、节能系统、碳中和相关研发与项目管理岗位； 软件与数字化类：嵌入式开发、算法研发、数据科学、IT 系统架构、AI 应用等岗位； 职能与综合管理类：项目管理、采购与供应链、质量工程、市场与销售等支持类岗位。 无论你是深耕技术研发的工科人才，还是具备跨领域管理经验的职场人，博世中国都欢迎你投递简历，提前规划回国职业路径，探索在博世的多元发展可能。 本次活动采用预约制参与，请你扫描下方二维码投递简历，我们将在收到你的申请后，安排专人与你联系，确认活动参与资格、面试安排及后续沟通细节。 期待在慕尼黑与你相遇，一同解锁未来的职业篇章！ 博世中国招聘团队 [投递链接] https://app.mokahr.com/su/yyhdq 工作地点 长沙岳麓区水羊集团 以担保或任何理由索要财物，扣押证照，均涉嫌违法。一经发现， 立即举报 客户",人工智能,http://www.zhaopin.com/jobdetail/CCL1318355140J40897607403.htm?refcode=4019&srccode=401901&preactionid=d95e2f20-de0e-4eb2-b798-953d07706357
智能驾驶-泊车测试,莱本科技,8000-16000元,宁波·慈溪·庵东,Guangzhou,大专,经验不限,7月25日,zhilian,职位描述 新能源汽车 职位描述 汽车研发类/智能驾驶 1. 本科或硕士以上学历，计算机、车辆工程、自动化等专业； 具备至少3年以上同岗位经验 2. 具有ADAS泊车功能（AVM，APA，RPA等功能）开发经验和系统架构设计经验； 3. 熟悉智能驾驶域控制器软硬件架构设计和功能需求； 4. 熟悉智能驾驶各种常用感知传感器、定位设备等基本原理和优劣势； 5. 熟悉各种常用感知、规划控制算法的基本原理及优劣势； 6. 了解智能驾驶行业相关法律、法规，测试标准等。 7. 了解ADAS开发流程。 任职资格1. 本科或硕士以上学历，计算机、车辆工程、自动化等专业； 具备至少3年以上同岗位经验 2. 具有ADAS泊车功能（AVM，APA，RPA等功能）开发经验和系统架构设计经验； 3. 熟悉智能驾驶域控制器软硬件架构设计和功能需求； 4. 熟悉智能驾驶各种常用感知传感器、定位设备等基本原理和优劣势； 5. 熟悉各种常用感知、规划控制算法的基本原理及优劣势； 6. 了解智能驾驶行业相关法律、法规，测试标准等。 7. 了解ADAS开发流程。 工作地点 宁波慈溪市吉利研究院试制中心 以担保或任何理由索要财物，扣押证照，均涉嫌违法。一经发现， 立即举报,新能源汽车,http://www.zhaopin.com/jobdetail/CC581396420J40863395104.htm?refcode=4019&srccode=401901&preactionid=d95e2f20-de0e-4eb2-b798-953d07706357
具身智能算法实习生—上海,河南省长天世纪电子科技有限公司,2000-4000元,上海·徐汇·龙华,Guangzhou,本科,经验不限,7月23日,zhilian,"岗位职责 1.参与具身智能大模型前沿算法研究，包括框架设计、模型优化、面向操作/导航等下游任务的微调与部署；探索结合视觉-动作映射的“感知→决策→执行”端到端闭环。 2.参与可穿戴设备(数据手套、遥操作/动捕系统)的数据采集与处理，完成从本体采集数据到训练样本的转换、动作重定向与数据治理。 3.参与机器本体上的算法验证与真机系统集成:面向机械臂、双臂协调及足式机器人，实现路径规划、轨迹优化、力控/阻抗控制等规控算法的设计、仿真与实机部署调试。 4.基于仿真平台(Isaac Sim、MuJoCo等)构建训练环境，完成Sim-to-Real算法评测,并在真机上做行为验证与在环测试,提升操作鲁棒性与成功率。 5.参与 Linux/ROS2 环境下的传感器驱动调试、嵌入式控制与运动控制 SDK 开发,保障本体系统稳定运行。 岗位要求 1.计算机、人工智能、自动化、控制、机器人、机械等相关专业在校本科/硕士及以上，有相关方向研究或项目经历者优先。 2.扎实的数学与编程基础,熟悉深度学习理论；精通Python，熟悉 PyTorch/TensorFlow（模型研发方向）。 3.掌握机器人运动学/动力学基础，了解 MPC、轨迹优化、模仿学习(ACT、Diffusion Policy)或强化学习运动控制方案(规控方向)。 4.熟悉 C++、Linux 与 ROS/ROS2,了解多线程、实时性与常用通信协议；有传感器驱动或嵌入式开发经验(嵌入式方向)。 5.了解遥操作、动作捕捉、可穿戴数据采集流程，或有真机调试经验者优先。 加分项:在 ICRA、RSS、IROS、CoRL、CVPR、NeurIPS 等会议发表论文；熟练使用 Isaac Sim、Gazebo、MuJoCo；参与过机器人本体研发、遥操作数据采集或相关开源项目。 工作地点 上海徐汇区星云1号大厦 以担保或任何理由索要财物，扣押证照，均涉嫌违法。一经发现， 立即举报",人工智能,http://www.zhaopin.com/jobdetail/CC269774080J40877067514.htm?refcode=4019&srccode=401901&preactionid=d95e2f20-de0e-4eb2-b798-953d07706357
初级硬件工程师,苏州阿基米德智能科技有限公司,6000-8000元,苏州·昆山·玉山,Guangzhou,本科,1-3年,7月21日,zhilian,岗位职责: 1.需求拆解与数字化硬件方案设计：根据项目不同需求进行需求拆分、需求分析、技术可行性评估，输出匹配的数字化硬件整体解决方案（含采集、传输、控制、联网、上位对接），支撑能源采集与工艺采集数字化落地。 2.能源采集硬件开发：负责智能水表、智能电表等能源计量仪表的硬件方案设计、原理图/PCB 设计、器件选型与调试，实现水/电能源数据精准采集与转换。 3.工艺采集硬件开发：负责压力、速度等工业传感器的信号采集、调理电路、数据采集单元开发与调试，确保工艺数据采集稳定、高精度。 4.工业实时网络与数据传输：搭建工业现场实时通信网络，完成RS485、CAN、以太网、4G/5G、LoRa等通信接口硬件开发与调试，保障仪表/传感器数据低时延、高可靠传输。 5.工控机与数据传输系统：负责工控机接口适配、外设调试、采集终端硬件集成与数据传输链路调试，确保现场数据稳定上传。 6.IDC数据中心与服务器协同：参与IDC数据中心硬件对接、边缘/采集终端与 IDC 上行链路调试，配合服务器运维完成通信验证、故障排查，保障采集 — 传输 —IDC— 服务器全链路稳定。 7.硬件测试与可靠性验证：完成硬件功能测试、EMC/高低温/振动等可靠性测试，输出测试报告，快速定位并解决硬件问题。 8.文档与量产支持：输出硬件规格书、BOM、调试手册、测试报告等技术文档，支持产品试产、量产与现场部署维护。 任职要求: （一）核心技能要求 1.具备需求分析、方案拆解、技术可行性评估能力，能输出数字化硬件整体解决方案。 2.熟练使用Altium Designer/Cadence等EDA工具，能独立完成原理图、PCB设计与调试。 3.熟悉智能水表、电表等能源仪表采集原理，熟悉计量采集电路。 4.熟悉压力、速度等工业传感器信号调理、模数转换与高精度采集电路设计。 5.精通工业通信：RS485、CAN、以太网、4G/5G、LoRa等硬件设计与调试。 6.熟悉工控机硬件架构、接口适配、数据采集终端集成与联调。 7.了解IDC 数据中心基础架构、机房联网、上行传输与硬件对接。 8.了解服务器运维基础，能配合完成通信联调、链路故障定位。 9.有能源采集、工业物联网、工控数据采集、仪表硬件开发经验优先。 （二）通用素质要求 1.本科及以上学历，网络工程、电气工程、电气工程及其自动化、自动化等相关专业。 2.具备较强的需求理解与转化能力，能将业务需求落地为可实现硬件方案。 3.逻辑清晰，做事严谨，具备问题分析与根因定位能力。 4.良好的技术文档编写能力与沟通协作能力，能与软件、运维、现场、项目团队高效配合。 5.执行力强，能按项目计划推进交付，抗压能力良好。 6.责任心强，注重产品的质量与可靠性，能适应现场调试与出差。 工作地点 苏州昆山市昆城国贸1号楼-南楼办公832室 以担保或任何理由索要财物，扣押证照，均涉嫌违法。一经发现， 立即举报,"网络工程,电气工程,工业自动化/机器人",http://www.zhaopin.com/jobdetail/CCL1373015450J40835260907.htm?refcode=4019&srccode=401901&preactionid=d95e2f20-de0e-4eb2-b798-953d07706357
设备新锐生（自动化设备技术管培生）,圆通速递有限公司,7000-9000元,揭阳·揭东区·云路镇,Guangzhou,本科,经验不限,7月24日,zhilian,岗位职责 1. 设备日常运维与故障处理 - 3-6个月一线轮岗，负责自动化分拣线、输送线、伸缩机、扫码设备、电控系统等日常点检、清扫、润滑、保养； - 对设备停机、效率降低、错分率高、异响等异常进行应急维修与原因分析，做好记录； - 降低设备故障停机率与维修成本，保障转运中心24小时连续运转。 2. 设备工艺与效率优化 - 参与设备工艺参数调优、运行数据监控与分析，提升设备效率与分拣精准度； - 针对现场高低落差、过渡条、拥堵、摆臂击打等导致快件遗失破损问题，提出改善方案并推动落地； - 协助制定设备维保基准、操作SOP，规范现场作业标准。 3. 自动化技术与项目支持 - 协助新设备进场、安装、调试、验收，参与零星改造与技改项目落地； - 学习PLC、HMI、传感器、电控系统基础，协助处理自动化控制异常； - 参与设备智能化升级、效率提升、能耗降低等技术改善项目。 4. 备件管理与资产运维 - 负责备品备件台账管理、库存优化、申领与盘点，保障备件及时供应； - 协助转运中心操作类设备资产盘点、台账维护，确保资产安全、高效、经济运营； - 输出设备维保、故障、效率等数据报表，支撑管理决策。 5. IT系统与网络运维支持 - 协助中心网络环境、生产系统、自动化控制软件的日常巡检、更新与故障处理； - 保障设备与系统数据对接稳定、网络通讯通畅，支撑信息化与自动化协同运行； - 熟悉数据库基础操作，协助数据查询、异常排查与系统维护。 6. 现场管理与人才培养 - 学习设备团队管理、安全管理、排班与任务统筹，向技术管理岗进阶； - 对一线操作员进行设备规范使用、安全操作培训，降低人为故障； - 传承技术经验，协助搭建设备人才梯队。 任职要求 2. 机械、电气、自动化、机电一体化、物流工程、工业工程、计算机等理工科优先； 3. 了解自动化设备、PLC、低压电工、网络运维、数据库者优先，持有低压电工证优先； 4. 动手能力强、逻辑清晰、责任心强、坚韧抗压，可接受**白夜班轮岗**及全国调动； 5. 认同圆通文化，愿意从基层扎实历练，具备良好学习与协作能力。 薪酬福利 1. 综合薪资：7000-8800元/月（固薪+绩效+学历补贴）； 2. 五险一金、带薪年假、法定假日、节日福利、定期体检； 3. 入职报销车费（上限300元）、体检费（上限100元）； 4. 免费食宿（3-4人间管培生宿舍）、技术专家带教、系统培训、双通道晋升。 发展路径 - 技术通道：设备新锐生 → 设备工程师或自动化技术工程师 → 高级工程师 → 技术专家 - 管理通道：设备新锐生 → 组长 → 设备主管 → 工艺工程经理 → 中心技术负责人 → 总部设备高管 工作地点 华南大区核心转运中心（广东/福建/广西/海南），服从全国转运中心调配。 工作地点 揭东区圆通速递揭阳转运中心(粤东管理区) 以担保或任何理由索要财物，扣押证照，均涉嫌违法。一经发现， 立即举报,"自动化设备,货运物流",http://www.zhaopin.com/jobdetail/CC138773160J40862496505.htm?refcode=4019&srccode=401901&preactionid=d95e2f20-de0e-4eb2-b798-953d07706357
智驾工程师,知新思明科技(北京)有限公司,2-3.5万,西安·雁塔·丈八沟,Guangzhou,本科,3-5年,7月8日,zhilian,岗位职责 负责自动驾驶感知 / 定位 / 规划控制算法研发与落地 基于摄像头、毫米波、激光雷达等多传感器数据融合 基于深度学习、大模型、BEV 等架构进行算法迭代 算法在车载计算平台（昇腾、Orin）的部署优化 任职要求 计算机、自动化、电子、车辆工程等相关专业 熟悉深度学习框架：PyTorch、CUDA、TensorRT 掌握 C++/Python，熟悉 Linux、ROS 有感知 / 融合 / 定位 / 规控任一方向经验 了解 BEV、Transformer、端到端、大模型优先 有车载部署、昇腾 / 英伟达 Orin 开发经验优先 工作地点 西安雁塔区雄华科技园A座3楼 以担保或任何理由索要财物，扣押证照，均涉嫌违法。一经发现， 立即举报,"智能驾驶,自动驾驶,ADAS,辅助驾驶,车载智能,车规算法,无人驾驶,NOA、城市 NOA,智驾系统,华为昇腾,英伟达",http://www.zhaopin.com/jobdetail/CC454989420J40868077913.htm?refcode=4019&srccode=401901&preactionid=317f08c2-05fa-4ec3-8b41-7aceca0beeb9
自动驾驶路测工程师＋双休＋五险一金,深圳南区人瑞人力资源服务有限公司,1-1.3万,上海·浦东·南汇新城,Guangzhou,大专,1-3年,7月21日,zhilian,岗位职责 1、道路测试执行：依据测试计划与用例，在城区、高速、快速路等公开道路或封闭场地执行自动驾驶系统测试任务，负责测试车辆/设备的状态检查、启动、标定确认及测试后数据上传，按规范完成每日测试里程、测试时长及任务目标 2、问题发现与记录：实时监控自动驾驶系统表现，识别并记录接管、误判、感知异常、决策不合理等各类问题，使用专用工具（平板、记录仪、语音打点等）对问题时刻进行精确标记与描述 3、数据回传与报告：按规范上传路测日志、CAN 数据、传感器原始数据等，确保数据完整有效，输出每日/每轮次测试报告，对问题进行分类统计与初步分析，配合研发团队完成特定场景的复现与补测任务 4、安全与合规：严格遵守交通法规及企业内部路测安全规范，安全始终为第一优先级，熟悉紧急接管流程，在危险情况下果断接管车辆控制权 5. 场景积累与反馈：记录典型场景、边缘案例（corner case）及高价值路况信息，反馈测试工具（记录系统、数据平台）的问题与改进建议，参与测试用例的优化，基于路测经验提出补充建议。 岗位要求 1、大专及以上学历，专业不限，汽车、机械、计算机、自动化等相关专业优先 2、有自动驾驶路测经验（如 Robotaxi、干线物流、矿区、港口等场景） 3、熟悉路测基本流程（用例执行、问题标记、数据上传），具备基础的 Linux/命令行操作能力（查看日志、拷贝文件） 4、能够使用常见路测工具（记录仪、周立功/CAN 分析软件、数据平台）或快速学习上手 5、具备软件平台测试经历，熟悉基础软件、功能软件、MCU模块测试方法和操作 6、持有 C1 及以上驾照，实际驾龄 3 年以上，驾驶技术娴熟、风格稳健，无重大交通事故记录，近三年无严重交通违法记录（需提供证明或承诺） 薪资待遇：10-13k 轮班制度 作五休二 入职缴纳五险一金 享有各种节假日福利 上班地址：上海临港软件园 备注：此岗位 属于人力外包形式 与阿里战略合作伙伴（人瑞人才上市集团）签署对应劳动关系 工作地点 上海浦东新区临港软件园1 以担保或任何理由索要财物，扣押证照，均涉嫌违法。一经发现， 立即举报 客户,"Python,Shell,SQL,视觉图像算法,运动控制算法,深度学习算法,CNN,DNN",http://www.zhaopin.com/jobdetail/CCL1289361510J40865668401.htm?refcode=4019&srccode=401901&preactionid=317f08c2-05fa-4ec3-8b41-7aceca0beeb9
智驾工程师,犀重新能源汽车有限公司,1.4-2.2万,成都·龙泉驿·大面,Guangzhou,本科,3-5年,7月25日,zhilian,岗位职责 1、负责新能源重卡 L2-L4 智驾系统开发，涵盖感知融合、规划控制、高速 NOA、AEB 等功能调试 2、激光雷达 / 毫米波雷达 / 摄像头多传感器适配、实车标定与路测问题闭环 3、对接域控、三电、底盘团队，完成智驾软硬件集成、仿真验证与量产落地 4、跟进港口 / 干线物流重卡场景优化，输出开发文档，同步管理零部件供应商 任职要求 1、本科及以上，自动化、车辆、计算机等相关专业，3 年以上商用车 / 重卡智驾开发经验 2、有商用车，干线重卡、矿卡、港口无人车项目落地经验优先 3、了解 ISO26262 功能安全，具备独立实车标定、问题排查能力 工作地点 成都龙泉驿区犀重新能源汽车有限公司 以担保或任何理由索要财物，扣押证照，均涉嫌违法。一经发现， 立即举报,"ADAS开发,智能驾驶",http://www.zhaopin.com/jobdetail/CCL1486804690J41024530004.htm?refcode=4019&srccode=401901&preactionid=317f08c2-05fa-4ec3-8b41-7aceca0beeb9
自动驾驶岗位ros,济南恒信新科汽车科技有限公司,8000-15000元,济南·槐荫·美里湖,Guangzhou,本科,1-3年,7月26日,zhilian,职位描述 ROS 职能职责 1.参与自动驾驶系统解决方案编制、产品功能定义、功能规范制定等工作 2.参与自动驾驶系统传感器、域控制器选型、布置安装等工作; 3.参与自动驾驶系统线控底盘和传感器标定、功能测试等工作 4.参与自动驾驶感知、决策、控制算法设计开发实现、集成开发及调试工作(方向可选) 任职要求: 1计算机、电子、自动化、车辆等相关专业，本科或以上学历 2. 熟悉linyx下C/C++编程语言使用，熟悉Matlab、ROS操作 3. .有较强的问题定位/解决能力，有实际调试和性能优化经验 4. 具有自动驾驶相关项目经验者优先。 工作地点 济南槐荫区德迈国际信息产业园(东南门)28号楼东户 以担保或任何理由索要财物，扣押证照，均涉嫌违法。一经发现， 立即举报,ROS,http://www.zhaopin.com/jobdetail/CC251668510J40943445604.htm?refcode=4019&srccode=401901&preactionid=317f08c2-05fa-4ec3-8b41-7aceca0beeb9
自动化控制工程师,沈阳鑫鸿医用设备有限公司,7000-10000元,抚顺·望花区·李石街道,Guangzhou,本科,3-5年,7月21日,zhilian,岗位职责 1. 自动化系统设计与集成：负责自动化控制系统的方案设计、PLC程序编写、HMI/SCADA组态开发，完成设备选型、系统集成及原理图绘制，确保方案满足客户生产需求与技术标准。 2. 系统调试与优化：主导自动化设备及控制系统的现场安装、调试与试运行工作，排查调试过程中的技术故障，优化控制逻辑与参数设置，提升系统运行稳定性、精度与效率。 3. 技术支持与问题解决：为客户提供自动化系统相关的技术咨询、操作指导与售后技术支持，快速响应现场故障报修，通过远程或现场方式解决系统运行中的各类技术难题，保障客户生产顺畅。 4. 技术文档编制与管理：负责编制自动化系统设计方案、设备手册、编程手册、调试报告、维护规程等技术文档，规范文档管理，为生产、售后及后续优化提供依据。 5. 项目协作与需求对接：配合销售、研发团队对接客户需求，参与项目前期技术沟通与方案论证，跟进项目实施进度，协调内外部资源，确保项目按计划落地交付 6. 技术迭代与经验积累：关注行业前沿自动化技术（如工业4.0、智能制造相关技术），参与内部技术研发与迭代优化，总结项目实施经验，搭建技术案例库，协助开展内部技术培训。 7. 完成公司安排的其他自动化技术相关工作。 二、任职要求 （一）基本要求 1.本科及以上学历，电气工程及其自动化、自动化、电子信息工程、机械电子工程等相关专业；有3年以上工业自动化领域系统设计、编程调试经验者优先。 2. 具备良好的沟通表达能力、逻辑思维能力与项目执行力，能独立负责自动化项目的设计、调试及技术支持工作，抗压能力强。 3. 工作严谨负责，具备较强的责任心、创新意识与团队协作精神，善于总结经验，能快速适应行业技术更新与业务发展需求。 4. 熟练使用AutoCAD、EPLAN等绘图软件，精通Office办公软件，能规范编制各类技术文档与项目报告。 （二）专业技能要求 1. 精通PLC编程（西门子、三菱、罗克韦尔等主流品牌），熟练掌握HMI/SCADA组态开发（WinCC、Intouch、KingView等），具备独立完成自动化系统设计与编程的能力。 2. 具备扎实的自动化控制理论基础，熟悉变频调速、伺服控制、传感器、气动/液压控制等技术，能看懂电气原理图、装配图，熟练使用万用表、示波器等检测工具。 3. 有工业自动化项目现场调试、故障排查经验，能快速定位并解决系统运行中的软硬件故障，熟悉自动化系统安装调试流程与规范。 4. 了解工业通讯协议（Profinet、Modbus、EtherNet/IP等），具备一定的系统集成与网络配置能力，对智能制造、工业4.0相关技术有了解者优先。 5. 持有自动化相关专业资格证书者优先，有医疗器械、智能制造等行业自动化项目经验者加分。 工作地点 望花区抚顺金科威实业有限公司 以担保或任何理由索要财物，扣押证照，均涉嫌违法。一经发现， 立即举报,"设计,安装/调试,维修/保养,自动化设计,电气设计,PLC设计,非标设备,电气设备,机械设备",http://www.zhaopin.com/jobdetail/CC155326210J40836830114.htm?refcode=4019&srccode=401901&preactionid=317f08c2-05fa-4ec3-8b41-7aceca0beeb9
AI Agent开发工程师（智慧农业方向）,四川澜芳科技有限公司,8000-15000元,成都·郫都·郫筒,Guangzhou,本科,经验不限,7月21日,zhilian,岗位职责 1. 农业自动化流程开发 使用LangChain/LangGraph/CrewAI等AI Agent框架，开发面向智慧农业场景的自动化工作流，覆盖农业数据采集与分析（传感器/气象/遥感数据处理）、农事任务自动编排、异常预警与处置、报告自动生成等场景。 2. 业务系统对接 将AI Agent与公司现有智慧农业业务系统进行深度集成，封装标准化Tool接口，实现Agent对业务数据的读写与设备反向控制能力。 3. 新技术探索 持续跟踪AI开源社区动态（包括但不限于大模型、Agent框架、RAG、多模态等方向），对新工具和框架进行快速评估，判断其在农业场景下的业务价值与落地可行性。 4. 工具链维护 负责AI开发环境（模型部署、向量数据库、推理服务等）的搭建、维护与安全保障，监控API调用成本，优化Token消耗与推理性能。 二、岗位要求 1. 编程能力 熟悉Python基础语法、数据类型、文件I/O操作，具备良好的代码风格。 具备异常捕获和调试能力，能根据Traceback独立定位并解决问题。 熟练使用pip/conda管理项目依赖，能复现开源项目环境。 2. 操作系统与网络（Linux基础） 熟悉Linux常用命令。 理解Linux用户/权限机制，知道如何安全运行服务。 理解IP、端口、防火墙基本概念，能排查端口不通、服务不可达等常见网络问题。 3. 容器化（Docker） 能编写Dockerfile，能用docker-compose编排多容器服务（如Agent服务+模型服务+向量数据库）。 理解容器的隔离机制，掌握挂载卷、端口映射、资源限制等常用操作。 4. API与系统集成 理解RESTful API，熟练使用requests库进行HTTP调用，熟悉WebSocket等实时通信协议。 熟悉常见API鉴权方式（API Key、OAuth2.0、JWT、AK/SK）。 深入理解Function Calling / Tool Calling机制，能将外部API（如物联网平台接口、农场业务接口）封装为Agent可调用的标准化Tool。 有实际业务系统对接经验，能处理接口鉴权、超时重试、异常降级等集成问题。 5. 数据库基础 熟悉至少一种关系型数据库（PostgreSQL/MySQL）的基本操作（CRUD、连表查询、事务）。 理解向量数据库（如Milvus/Pinecone/Chroma）的基本概念与使用场景，能结合RAG进行知识检索增强。 了解时序数据库（如InfluxDB/TDengine）者优先。 6. AI框架与模型实践 熟悉LangChain、LangGraph、LlamaIndex、CrewAI等至少一种Agent框架，能独立设计多智能体协作流程。 理解RAG（检索增强生成）的基本原理与实现路径。 有Prompt Engineering实战经验，掌握至少一种高级提示策略（如CoT、ReAct、Few-shot）。 7. 教育背景 本科及以上学历，计算机科学、软件工程、人工智能、自动化、农业信息化等相关专业。 工作地点 成都郫都区时代豪庭广场-A栋21楼2106室 以担保或任何理由索要财物，扣押证照，均涉嫌违法。一经发现， 立即举报,"AI AGEN,智慧农业,Python",http://www.zhaopin.com/jobdetail/CC649061220J40880976805.htm?refcode=4019&srccode=401901&preactionid=317f08c2-05fa-4ec3-8b41-7aceca0beeb9
智能座舱系统Audio功能开发,阿以特(杭州)科技有限公司上海分公司,1.2-2.1万,上海·浦东·浦江,Guangzhou,大专,3-5年,6月16日,zhilian,职位描述 音频 职责描述 汽车电子底层软件开发工程师负责车载嵌入式系统底层软件的设计、开发与优化，需具备扎实的嵌入式底层技术能力与车载领域合规经验。 1. 底层软件架构设计与需求落地 • 对接整车电子系统需求，进行底层软件需求分析，输出底层软件设计方案与技术规格书。 • 设计车载嵌入式系统底层架构，涵盖 Bootloader、BSP（板级支持包）、驱动程序及硬件抽象层（HAL）的模块划分与接口定义。 2. 核心底层模块开发与调试 • 负责 Bootloader 开发，实现程序下载、升级及启动引导功能。 • 开发与调试硬件驱动程序，包括 MCU 外设（GPIO、UART、SPI、CAN）及车载专用芯片（如电源管理芯片、传感器芯片）驱动。 • 搭建 BSP 与硬件抽象层，实现底层软件与硬件的解耦，保障上层软件的可移植性。 3. 底层软件集成与性能优化 • 参与底层软件与上层应用软件的集成测试，解决跨层级协作问题。 • 优化底层软件性能，包括启动速度、资源占用率、总线通信效率及稳定性，满足车载场景严苛要求。 4. 合规性保障与跨团队协作 • 遵循 ISO 26262 功能安全标准，开展底层软件安全设计与验证，确保产品合规。 • 与硬件工程师、上层软件开发工程师及测试工程师紧密协作，推进项目落地，解决开发过程中的技术难题。 技能要求 1. 专业知识 • 精通车载嵌入式底层开发，熟悉 MCU/MPU 架构（如 ARM Cortex-M/R 系列）及工作原理。 • 掌握车载总线协议（CAN/LIN/Ethernet）、UDS 诊断协议，深入理解 ISO 26262 功能安全标准。 2. 技术能力 • 熟练使用 C 语言进行底层软件开发，具备 Bootloader、BSP 及驱动程序开发实战经验。 • 掌握车载底层开发工具（如 IDE：Keil、IAR；调试工具：J-Link、CANoe；仿真工具：ETAS LABCAR），具备较强的底层问题定位与调试能力。 3. 项目与流程 • 具备汽车电子底层软件开发全流程经验，熟悉 V 模型开发流程。 • 具备扎实的技术文档编写能力，能独立输出设计方案、测试报告及用户手册。 4. 综合素质 • 具备较强的逻辑思维与问题解决能力，严谨细致，抗压性强，能适应汽车电子行业技术快速迭代需求。 工作地点 上海市-浦东新区-秀浦路428号 以担保或任何理由索要财物，扣押证照，均涉嫌违法。一经发现， 立即举报,音频,http://www.zhaopin.com/jobdetail/CCL1357866480J40868644110.htm?refcode=4019&srccode=401901&preactionid=317f08c2-05fa-4ec3-8b41-7aceca0beeb9
车辆设计工程师（低速智驾方向）,北方车辆仪表,6000-10000元,新乡·红旗区·洪门镇,Guangzhou,本科,经验不限,7月17日,zhilian,岗位职责： 1.开发与优化自主驾驶核心算法，包括感知、决策、规划与控制模块。 2.负责多模态感知系统开发，结合LiDAR与视觉的优势，提升环境感知能力。 3.开发目标检测、障碍物跟踪和语义分割模型，支持自主驾驶系统实时感知需求。 4.负责多传感器标定与融合，确保系统对环境的高精度感知。 5.集成感知模块到自主驾驶系统，完成系统级功能测试与性能优化。 6.参与实车调试，解决感知模块在复杂环境中的适配问题。 7.跟踪国内外自主驾驶与感知技术的发展趋势，将前沿算法与技术转化为实际应用。 8.撰写所负责模块的技术方案与开发文档，确保项目资料的完整性与规范性。 工作地点 新乡市红旗区科隆大道1069号 以担保或任何理由索要财物，扣押证照，均涉嫌违法。一经发现， 立即举报,"Python,C语言,C++,视觉图像算法,运动控制算法,PyTorch,TensorFlow",http://www.zhaopin.com/jobdetail/CC229639120J40718828607.htm?refcode=4019&srccode=401901&preactionid=317f08c2-05fa-4ec3-8b41-7aceca0beeb9
会计助理,无锡诺宝科技发展有限公司,5000-8000元·14薪,无锡·新吴·江溪,Guangzhou,大专,经验不限,7月24日,zhilian,职位描述 费用会计 记账会计 电子商务 投资/融资 教育培训 会计初级职称 计算机软件 课外培训与资格考试 软件/IT服务 本公司与苏州隆微智能合并招聘，寻找培养有意成为企业合伙人，而非仅上班打工的新人 重点：本岗位招聘可以在苏州工作的同事 高科技高成长型企业招聘与公司共同成长的财务助理+行政助理 基本财务会计助理工作，有老会计引带指导 兼做行政助理工作，有上升空间，能力提升快者可作为总经理助理等管理岗人员培养 无锡诺宝是无锡政府支持的高科技项目，，苏州隆微智能科技获苏州工业园区2023领军称号，在苏州有办公场所及住房 本公司及联盟有深厚半导体产业及智能信息技术产业背景，业务还包括科技产业发展与科技园区投融资发展等 诺宝公司有16年历史，是无锡市政府引进的530高科技企业，前期为研发型信息化高科技企业，原创研发若干有市场前景产品。 目前公司联盟以半导体、新材料、生物芯片等相关项目为主，尤其是MEMS传感芯片产品，同时推动原创领先智慧高效教育产业与生物芯片健康产业相关产品市场推广，项目包括： 1）芯片产品与先进装备 2）AI应用 3）结合提高学习效率与保护视力相结合的新型智能培训系统 4）科技金融相关项目 除了会计助理，诺宝联盟还招聘管理培训生、市场营销人员、行政助理、会计助理、美工、网页制作人员等，欢迎加入诺宝及诺宝产业联盟企业，将您的职业人生规划融入我们的项目与企业成长规划 职位福利：五险一金、股票期权、包住、弹性工作、创业公司、项目奖金、大牛带队 工作地点 无锡新吴区江溪街道纺城大道299号 以担保或任何理由索要财物，扣押证照，均涉嫌违法。一经发现， 立即举报,"费用会计,记账会计,电子商务,投资/融资,教育培训,会计初级职称",http://www.zhaopin.com/jobdetail/CC469014020J40280060106.htm?refcode=4019&srccode=401901&preactionid=317f08c2-05fa-4ec3-8b41-7aceca0beeb9
软件研发人员,寰球孪生科技昆明有限公司,6000-8000元,昆明·官渡·小板桥,Guangzhou,本科,经验不限,7月1日,zhilian,职位描述 PGSQL Java 分布式架构后台开发 微服务架构 云计算 产业互联网平台 计算机软件 1、岗位要求： （1）本科及以上学历，地理信息系统、计算机软件工程等相关专业，有参与成功的开发案例经验者优先； （2）精通JAVA相关技术，能进行分布式架构后台开发，熟悉微服务架构； （3）熟悉PGSQL开源数据库，熟悉数据库函数、过程、作业，熟悉数据库性能调优，并能根据实际业务进行表结构设计； （4）有良好的编程习惯和较强的学习能力，志在数字孪生研发和应用方面的研发型人才优先。 2、工作内容： （1）参与系统设计、开发、测试和实施； （2）解决系统中出现的技术问题； （3）完成系统的迭代更新。 3、工作地点：昆明市。 4、待遇情况： 试用期三个月，试用期满后购买七险一金、商业医疗保险等； 待遇：底薪+绩效+培训等等，上不封顶，出差管吃住。 5、公司内容简介 寰球孪生科技昆明有限公司始创于2005年，是一家融合软件研发和数字孪生应用服务为一体的高新技术企业，属国内领先的数字空间解决方案提供商。 寰球孪生始终坚持创新研发，拥有多项发明专利，形成以M-Twins为核心的系列拳头技术产品，构建了独具特色的企业核心竞争力，并在国内率先将数字孪生技术应用于城市更新、社区社会治理、固定资产管理、建设项目全生命周期可视化监管等领域。 公司以数字孪生应用技术的深度研究为企业战略发展方向；通过融合新型GIS、物联网、传感器等技术，打造时空赋能的智能数字孪生底座，连接物理世界和数字世界，构建万物互联的数字孪生，提供社区治理、基层管理、园区管理等领域数智应用解决方案，聚焦城市更新、社会治理、农业农村等行业，帮助用户不断发现地理价值，激活时空融合的数字生产力。 寰球孪生将始终保持创新研发和技术服务相结合的经营韬略，把握时代脉搏和行业趋势，保持开放、包容、广阔的立业格局，探索新质生产力的建设之路，为广大用户提供卓越的技术产品和服务。 寰球孪生欢迎您的加入，我们期待与您共襄盛举、擘画蓝图，共同谱写新时代篇章！ 6、职位福利：五险一金、绩效奖金、定期体检、节日福利、项目奖金、定期团建、包吃、包住 工作地点 官渡区寰球孪生科技昆明有限公司 以担保或任何理由索要财物，扣押证照，均涉嫌违法。一经发现， 立即举报,"PGSQL,Java,分布式架构后台开发,微服务架构",http://www.zhaopin.com/jobdetail/CC443322110J40485736210.htm?refcode=4019&srccode=401901&preactionid=317f08c2-05fa-4ec3-8b41-7aceca0beeb9
智能装备业务实习生,服务型制造研究院(杭州)有限公司,120-180元/天,杭州·临平·东湖,Guangzhou,本科,经验不限,10月14日,zhilian,职位描述 结构仿真 智能装备 方向1：产品设计与仿真应用实习生 实训内容：CAD/CAE软件操作（如SolidWorks、ANSYS）、产品结构设计、仿真模拟（力学/热力学分析）、3D建模与原型验证。 专业：机械工程、自动化、车辆工程、材料科学、工业工程等相关专业 方向2：自动化实习生 实训内容：PLC编程与调试、工业机器人操作（如ABB/KUKA）、传感器与控制系统集成、自动化产线优化、HMI/SCADA系统开发 专业：自动化、电气工程、控制科学与工程、机械电子工程等相关专业 工作地点 杭州临平区东湖街道北沙东路56-8号 以担保或任何理由索要财物，扣押证照，均涉嫌违法。一经发现， 立即举报,"结构仿真,智能装备",http://www.zhaopin.com/jobdetail/CCL1286751270J40840364315.htm?refcode=4019&srccode=401901&preactionid=317f08c2-05fa-4ec3-8b41-7aceca0beeb9
机器人编程,奥盟(山东)智能科技有限公司,5000-10000元,日照·东港区·河山镇,Guangzhou,大专,经验不限,7月18日,zhilian,职位描述 机器人电气设计 机器人编程 工业自动化/机器人 电气机械/电力设备 1. 需求分析与方案设计：与产品经理、机械工程师等沟通，了解机器人应用场景、功能需求，如物流搬运机器人的路径规划要求。依据需求设计编程框架、算法选型，像用A*算法实现路径搜索。 2. 代码编写与调试：编写机器人运动控制、视觉识别、决策逻辑等代码，如让机器人识别并抓取特定物品。对编写好的代码进行调试，解决运行报错、逻辑错误，优化代码性能。 3. 系统集成与测试：将编写的程序与机器人硬件、传感器、驱动系统集成，确保协同工作。进行全面测试，包括功能测试、性能测试、稳定性测试，如模拟机器人长时间工作检验稳定性。 4. 维护与优化：监测机器人运行，收集数据，分析故障、效率低等问题。根据反馈优化程序，修复漏洞，提升机器人性能、可靠性，如改进算法缩短操作时间。 5. 技术研究与创新：跟踪机器人编程、人工智能、机器学习前沿技术，研究新技术应用可行性，如探索强化学习用于机器人自主决策。参与技术创新项目，推动机器人智能化、自动化发展。 6.PLC 工作地点 日照东港区奥盟科技 以担保或任何理由索要财物，扣押证照，均涉嫌违法。一经发现， 立即举报,"机器人电气设计,机器人编程",http://www.zhaopin.com/jobdetail/CCL1420943630J40882832515.htm?refcode=4019&srccode=401901&preactionid=317f08c2-05fa-4ec3-8b41-7aceca0beeb9
嵌入式开发工程师,兴化泛舟智能科技有限公司,8000-16000元,泰州·兴化市·昭阳街道,Guangzhou,本科,经验不限,6月30日,zhilian,岗位职责 1、负责物联网（AIoT）平台软件的开发与优化，包括设备接入、数据通信、云端服务等功能模块； 2、参与物联网硬件设备（如传感器、控制器等）与软件系统的联调与协议开发对接； 3、协助硬件团队完成电路设计、调试及性能优化，解决硬件与软件交互问题； 4、开发设备固件，实现低功耗、高稳定性的嵌入式系统功能； 5、跟踪物联网行业技术趋势，推动新技术在项目中的落地应用。 任职要求 学历与专业： 本科及以上学历，计算机、电子工程、自动化、通信等相关专业； 技术能力： 1、熟练掌握C/C++、Python、Java等编程语言，具备良好的代码编写习惯； 2、熟悉物联网通信协议（MQTT、CoAP、HTTP、LoRa、NB-IoT、MODBUS等）；熟悉边缘计算、AI算法在物联网中的应用； 3、了解电子电路设计、低压电器电路知识，具备嵌入式开发经验和基础的硬件调试能力； 4、熟悉常见传感器、MCU（如STM32、ESP32）及外围电路设计； 5、动手能力强，有物联网、工业控制、智能硬件相关项目经验，能独立完成软硬件联调； 6、对技术有热情，具备较强的学习能力、团队协作精神，能够独立解决问题； 工作地点 泰州兴化市星海温泉公馆-东门长安北路85号 以担保或任何理由索要财物，扣押证照，均涉嫌违法。一经发现， 立即举报,"C语言,C++,Python",http://www.zhaopin.com/jobdetail/CCL1280454480J40661305106.htm?refcode=4019&srccode=401901&preactionid=317f08c2-05fa-4ec3-8b41-7aceca0beeb9
机电一体化工程师,南昌知讯精密科技有限公司,7000-10000元,南昌·进贤·民和,Guangzhou,本科,1-3年,7月26日,zhilian,职位描述 设计 机电一体化系统开发 消费电子/智能硬件产品研发 PLC编程/单片机控制 工作职责 1. 负责消费电子/智能硬件产品的机电一体化系统方案设计，包括机械结构、电气控制及传动系统的集成规划。 2. 主导产品原型的设计与验证，通过仿真分析优化结构强度、运动精度及装配工艺，解决开发中的技术难点。 3. 协同硬件、软件团队完成产品的功能测试与性能调试，确保机电系统与其他模块的兼容性。 4. 参与生产工艺的制定与优化，输出设备操作手册及维护规范，保障量产阶段的稳定性。 任职要求 1. 本科及以上学历，机械工程、自动化、机电一体化等相关专业，基础扎实。 2. 掌握SolidWorks、AutoCAD等机械设计软件，熟悉PLC编程或单片机控制原理。 3. 具备消费电子/智能硬件产品开发经验，了解电机、传感器等核心部件的选型与应用。 4. 拥有较强的问题分析能力，能独立完成机电系统的故障排查与性能优化。 工作地点 南昌进贤县恒茂城市之光 以担保或任何理由索要财物，扣押证照，均涉嫌违法。一经发现， 立即举报,"设计,机电一体化系统开发,消费电子/智能硬件产品研发,PLC编程/单片机控制",http://www.zhaopin.com/jobdetail/CCL1525199000J40951056715.htm?refcode=4019&srccode=401901&preactionid=317f08c2-05fa-4ec3-8b41-7aceca0beeb9
自动驾驶算法工程师,徐工集团,2-4万·14薪,长沙·岳麓·天顶,Guangzhou,本科,5-10年,7月23日,zhilian,职位描述 机器学习算法 运动控制算法 人工智能 工业自动化/机器人 第一类：熟悉施工场景人员 要求对铲运机的工作方式、操作流程、作业环境有清晰理解，能快速适应现场应用。 第二类：具备感知与建图经验人员 具备SLAM、建图、传感器融合等技术背景，如曾参与扫地机器人或其他自动驾驶车辆开发。 第三类：规控系统研发人员 需掌握路径规划与控制算法，必须熟悉ROS（Robot Operating System）系统。 工作地点 长沙岳麓区梅溪湖创新中心 以担保或任何理由索要财物，扣押证照，均涉嫌违法。一经发现， 立即举报,"机器学习算法,运动控制算法",http://www.zhaopin.com/jobdetail/CC120076170J40922505912.htm?refcode=4019&srccode=401901&preactionid=317f08c2-05fa-4ec3-8b41-7aceca0beeb9
电气自动化工程师,三隅数维(上海)智能科技有限公司,6000-12000元,嘉兴·嘉善县·魏塘街道,Guangzhou,大专,经验不限,7月19日,zhilian,职位描述 设计 测试 安装/调试 自动化设计 电气设计 工业自动化/机器人 1、负责公司自动化生产设备、产线的方案设计、程序编写、调试落地及优化升级，涵盖PLC控制系统、伺服驱动、触摸屏、传感器、变频控制系统等自动化配套设备，保障产线稳定高效运行。 2、独立完成自动化项目的前期调研、方案规划、技术评估、成本核算，输出完整的技术方案、电气图纸、程序文件、调试报告等相关技术资料。 3、负责生产现场自动化设备的日常故障排查、维修抢修、定期保养，快速解决设备运行过程中的电气、程序、控制逻辑等问题，降低设备故障率，提升生产效率。 4、根据生产工艺升级、产能提升、产品迭代需求，优化自动化控制程序、设备结构及生产流程，改进生产瓶颈，降低人工成本与物料损耗，提升产品良率。 5、配合研发、生产、工艺团队完成新产品、新工艺的自动化适配测试、试产调试工作，落地自动化量产方案，推动生产流程标准化、自动化、智能化升级。 6、负责自动化设备、元器件的选型、验收、对接供应商，跟进设备安装、调试、交付全流程，把控项目进度和技术质量。 7、整理、归档设备程序、电气图纸、技术参数、维修记录等资料，建立完善的设备技术档案，同时对一线操作人员、设备维护人员进行设备操作、日常保养培训。 8、跟进行业自动化新技术、新设备、新工艺，结合公司生产实际，引入适配的自动化升级方案，助力工厂智能化改造。 工作地点 嘉兴嘉善县魏塘街道 以担保或任何理由索要财物，扣押证照，均涉嫌违法。一经发现， 立即举报,"设计,测试,安装/调试,自动化设计,电气设计",http://www.zhaopin.com/jobdetail/CCL1526093150J40893862013.htm?refcode=4019&srccode=401901&preactionid=317f08c2-05fa-4ec3-8b41-7aceca0beeb9
售前工程师,天津双国智联科技发展有限公司,4000-6000元,天津·津南·小站,Guangzhou,本科,经验不限,7月16日,zhilian,职位描述 安防设计 安防施工 售前支持 安防运维 监控系统 报警系统 消防系统 CAD 物联网 工作职责 1、 配合销售团队完成项目前期需求调研，输出定制化技术方案。能进行系统功能演示，助力项目快速推进。 2、结合消防行业安全管理特性，为客户提供定制化技术咨询服务，输出贴合实际场景的物联网解决方案，助力客户提升安全管理效率。 3、主导消防物联网项目的端到端技术实施，覆盖设备安装部署、系统联调及功能验证全流程，确保项目交付质量与客户安全需求精准匹配。 4、跟踪系统运行数据，深度分析设备异常规律与客户使用痛点，提炼可落地的产品优化建议，推动研发团队迭代升级消防物联网系统。 5、 负责消防报警主机、智能传感终端、消防水系统监测设备的故障诊断与维护，快速响应客户现场技术问题，保障系统7×24小时稳定运行。 6、良好的沟通能力，团队配合能力。 任职要求 1.本科及以上学历，电子信息、自动化、工程或物联网相关专业。 2. 熟悉消防设备原理与物联网技术架构，熟练掌握CAD制图、LoRa/NB-IoT通信协议及云平台数据交互逻辑，能独立完成设备与系统调试工作。 3. 具备极强的现场问题解决能力，能在复杂消防场景下快速定位并修复技术故障，保障客户系统安全运行。 4. 拥有消防行业项目实施、售前技术支持或物联网产品应用经验者优先。 工作地点 天津津南区盛旺商业街(小站古镇店) 以担保或任何理由索要财物，扣押证照，均涉嫌违法。一经发现， 立即举报,"安防设计,安防施工,售前支持,安防运维,监控系统,报警系统,消防系统,CAD",http://www.zhaopin.com/jobdetail/CCL1518283040J40862969111.htm?refcode=4019&srccode=401901&preactionid=317f08c2-05fa-4ec3-8b41-7aceca0beeb9
智能驾驶系统测试工程师,清友(苏州)汽车技术有限公司,2-4万,北京·顺义,Guangzhou,大专,经验不限,6月24日,zhilian,职位描述 新能源/燃油整车研发制造 新能源/燃油车零部件 人工智能 1，要求不低于2个车型的试制试验，针对试制初期常见问题有解决方案及对应措施； 2，有canoe操作经验，用于试制问题定位及措施应对； 3，负责自动驾驶L2自动泊车等系统全流程测试、使用CANoe、仿真工具采集分析车载日志、视频、传感器数据、定位智驾功能缺陷； 4，跟踪缺陷整改、复测验证、输出观测报告、版本准入评估，协同算法、硬件、底盘、标定团队完成功能匹配与问题公关； 5，善于沟通，对风险及时识别，对问题进展进行总结回报 工作地点 北京顺义区双河大街 以担保或任何理由索要财物，扣押证照，均涉嫌违法。一经发现， 立即举报,"新能源/燃油整车研发制造,新能源/燃油车零部件,人工智能",http://www.zhaopin.com/jobdetail/CC276377580J40869656109.htm?refcode=4019&srccode=401901&preactionid=317f08c2-05fa-4ec3-8b41-7aceca0beeb9
实施工程师（智能化集成方向）-J466687,重庆爱责慧科技有限公司,6000-9000元,重庆·渝北,Guangzhou,大专,3-5年,7月25日,zhilian,岗位职责 1.现场部署与调试：负责轨道供电监测模块、传感器、网关及采集终端的安装、配置与上电测试，确保网络连通性符合软件规范 。 2.网络规划与配置：设计现场网络拓扑，熟练配置华为、华三、西门子等工业交换机（含VLAN、路由、端口设置等），保障链路稳定安全 。 3.软硬件联动协调：配合软件团队进行联调，调试数据采集终端与上位机的接口，反馈并协助排除现场故障 。 4.环境保障与排障：确认现场供电环境（电压、功率、接地）符合要求，解决电力与网络相关的技术难题 。 5.文档记录：输出调试报告、设备台账及网络拓扑图，配合项目验收 。 任职要求： 1.大专及以上学历，电气、自动化、通信或网络工程相关专业 。 2.专业技能：熟练使用万用表、示波器等仪器；掌握IP配置、子网掩码、路由等网络基础 。 3.核心能力：具备主流工业交换机命令行配置能力（VLAN、STP/RSTP、静态/动态路由、ACL等） 。 4.综合素质：能适应长期驻场工作，具备较强的现场排障能力和沟通协调能力 。加分项/优先条件持有低压电工证、登高证或 CCNA/HCIA 证书者 。 5.熟悉 Modbus、MQTT 等工业协议或有 Python/Shell 脚本基础 。 6.有轨道交通、电力行业或大型系统集成项目经验者 。 工作地点 渝北区重庆市两江新区长凯路333号 以担保或任何理由索要财物，扣押证照，均涉嫌违法。一经发现， 立即举报,"电力,通信,网关,万用表",http://www.zhaopin.com/jobdetail/CC876662480J40791241306.htm?refcode=4019&srccode=401901&preactionid=0616ebc5-935d-4cf2-ab39-ab8690ef4b21
电气工程师（应届生）,衡阳镭目科技有限责任公司,8000-16000元,衡阳·蒸湘区·华兴街道,Guangzhou,本科,经验不限,7月25日,zhilian,岗位职责 1.电气系统设计与开发：针对冶金、核电等行业场景，主导自动化检测与控制系统中的电气部分设计与开发。例如，为冶金连铸工艺设计精准的电气测量与控制方案，或是参与核电智能传感检测系统的电气架构搭建 。 2.PLC 编程与电气控制：熟练运用西门子等主流品牌进行 PLC 编程，实现设备的精准电气控制逻辑。以钢水液位检测系统为例，通过编写程序确保液位控制的稳定性与准确性 。 3.设备集成与调试：与机械工程师、自动化工程师紧密协同，完成自动化设备的电气集成与调试工作。在新设备上线时，负责电气部分的现场调试，保障自动化生产线的电气环节稳定运行，如冶金自动化生产线的电气联调 。 4.技术文档编写：编写详尽的电气调试手册、操作手册以及产品说明书，为设备的后续维护、操作提供清晰的技术指导，助力技术传承与知识共享 。 5.技术跟踪与创新：持续关注电气自动化行业的新技术、新工艺，结合公司业务实际，提出具有前瞻性的电气技术改进建议，推动公司产品在电气性能上的升级 。 任职要求 1.专业背景：电气工程、自动化、电子信息工程等相关专业本科及以上学历，无挂科、重修，有突出项目经历者可适当放宽要求 。 2.电气技能：精通电气控制原理，熟练掌握电气设计软件，如 EPLAN 等；具备扎实的 PLC 编程功底，熟悉西门子等主流品牌的 PLC 应用开发 。 3.实践经验：有相关行业的实习经验，或是参与过电气自动化相关的课程设计、科研项目竞赛，如参与过冶金电气设备改造项目或核电电气系统模拟实验 。 4.沟通协作：善于沟通交流，逻辑思维清晰，能够与不同专业背景的团队成员紧密合作，共同推进项目进展 。 5.学习能力：具备快速学习新知识、新技能的能力，能够适应电气技术快速发展的行业趋势，自主提升专业素养 。 成长收益 1.前沿技术实践：深度参与冶金、核电行业的前沿电气项目，如在冶金自动化无人化项目中运用先进的电气控制算法，在核电智能产线建设中应用新型电气驱动技术，大幅提升个人技术能力 。 2.职业晋升通道：表现突出的你将有机会晋升为电气技术主管或项目经理，负责重要项目与团队管理工作 。 3.培训学习资源：公司定期组织内部电气技术培训，邀请行业资深专家开展讲座，同时支持员工参加国内外电气行业研讨会，拓宽专业视野，与行业前沿保持同步 。 4.项目经验积累：积累跨行业大型项目的电气实施经验，无论是冶金领域的大型自动化生产线建设，还是核电领域的智能监测系统研发，都将为你的履历增添亮眼成绩 。 5.薪资福利保障：提供具有竞争力的薪资待遇与完善的福利体系，包括五险一金、带薪年假、年度体检、节日福利等，为你的生活与工作提供坚实保障 。 工作地点 衡阳市-蒸湘区-芙蓉路21号 以担保或任何理由索要财物，扣押证照，均涉嫌违法。一经发现， 立即举报,"设计,测试,安装/调试,电路设计,PLC设计,自动化设计",http://www.zhaopin.com/jobdetail/CC137369980J40781817609.htm?refcode=4019&srccode=401901&preactionid=0616ebc5-935d-4cf2-ab39-ab8690ef4b21
设备新锐生（7.2k+包吃住+五险一金）潮汕,圆通速递有限公司,7000-8000元,广州·花都·花山,Guangzhou,本科,经验不限,6月12日,zhilian,岗位职责 1. 设备日常运维与故障处理 3-6个月一线轮岗，其次物流行业是24小时行业，一线也是存在1-3个月的夜班轮岗，负责自动化分拣线、输送线、伸缩机、扫码设备、电控系统等日常点检、清扫、润滑、保养； 对设备停机、效率降低、错分率高、异响等异常进行应急维修与原因分析，做好记录； 降低设备故障停机率与维修成本，保障转运中心24小时连续运转。 2. 设备工艺与效率优化 参与设备工艺参数调优、运行数据监控与分析，提升设备效率与分拣精准度； 针对现场高低落差、过渡条、拥堵、摆臂击打等导致快件遗失破损问题，提出改善方案并推动落地； 协助制定设备维保基准、操作SOP，规范现场作业标准。 3. 自动化技术与项目支持 协助新设备进场、安装、调试、验收，参与零星改造与技改项目落地； 学习PLC、HMI、传感器、电控系统基础，协助处理自动化控制异常； 参与设备智能化升级、效率提升、能耗降低等技术改善项目。 4. 备件管理与资产运维 负责备品备件台账管理、库存优化、申领与盘点，保障备件及时供应； 协助转运中心操作类设备资产盘点、台账维护，确保资产安全、高效、经济运营； 输出设备维保、故障、效率等数据报表，支撑管理决策。 5. IT系统与网络运维支持 协助中心网络环境、生产系统、自动化控制软件的日常巡检、更新与故障处理； 保障设备与系统数据对接稳定、网络通讯通畅，支撑信息化与自动化协同运行； 熟悉数据库基础操作，协助数据查询、异常排查与系统维护。 6. 现场管理与人才培养 学习设备团队管理、安全管理、排班与任务统筹，向技术管理岗进阶； 对一线操作员进行设备规范使用、安全操作培训，降低人为故障； 传承技术经验，协助搭建设备人才梯队。 任职要求 1. 机械、电气、自动化、机电一体化、物流工程、工业工程、计算机等理工科优先； 2. 了解自动化设备、PLC、低压电工、网络运维、数据库者优先，持有 低压电工证 优先； 3. 动手能力强、逻辑清晰、责任心强、坚韧抗压，可接受 白夜班轮岗 及全国调动； 4. 认同圆通文化，愿意从基层扎实历练，具备良好学习与协作能力。 薪酬福利 1. 综合薪资： 7000-8800元/月（固薪+绩效+学历补贴）； 2. 五险一金、带薪年假、法定假日、节日福利、定期体检； 3. 入职报销车费（上限300元）、体检费（上限100元）； 4. 免费食宿（3-4人间管培生宿舍）、技术专家带教、系统培训、双通道晋升。 发展路径 技术通道 ：设备新锐生 → 设备工程师或自动化技术工程师 → 高级工程师 → 技术专家 管理通道 ：设备新锐生 → 组长 → 设备主管 → 工艺工程经理 → 中心技术负责人 → 总部设备高管 工作地点 华南大区核心转运中心（广东/福建/广西/海南），服从全国转运中心调配。 工作地点 广州花都区圆通华南转运中心(华南转运中心) 以担保或任何理由索要财物，扣押证照，均涉嫌违法。一经发现， 立即举报,"自动化设备,机械设备,电气设备",http://www.zhaopin.com/jobdetail/CC138773160J40874172105.htm?refcode=4019&srccode=401901&preactionid=0616ebc5-935d-4cf2-ab39-ab8690ef4b21
智驾测试安全员,重庆望江裕顺汽车科技有限公司,6000-12000元,重庆·渝北·龙兴,Guangzhou,大专,3-5年,7月26日,zhilian,岗位职责 1、智能驾驶车辆日常测试实施及车辆管理、设备安装与调试、故障排查、场景与问题记录、统计处理、场景事件打点、数据标注、软件更新支持和数据拷贝等； 2、智能驾驶道路测试、场地测试等相关工作； 3、按照操作规定对目标车辆实施软件刷写以及整理报告； 4、负责对软件刷写中遇到的问题进行记录、上报和跟踪管理； 5、开展试验及关联工作，并对工作交付结果的准确性、真实性负责； 任职要求： 1、学历要求：统招大学专科及以上学历（非统招勿扰）； 2、专业要求：车辆工程、电气工程、通讯工程、自动化、计算机及相关专业。 4、具备能力： ① 了解智能网联汽车电气系统的功能定义、测试标准及测试方法； ② 0TA升级、智能化功能冒烟测试、智能驾驶路上、问题回归测试、版本问题管理、车辆版本与维护、智驾传感器标定与维护等相关工作 ③能快速学习新技术手段，提升测试效率、保障产品质量，对测试技术、方法有快速上手的能力与自己的见解； ⑤ 良好的沟通协调能力，具备良好的沟通与团队协作能力。 5. 综合素质：有较强的语言表达及团队协作能力，思想素质过硬，责任感强，具有较强奉献精神，业务技能、管理意识和协调能力强，并善于运用新的工作方法解决问题。 6.持有C1驾照，有三年驾驶经验者优先。 工作薪资组成：基本工资、绩效工资、计时工资、加班工资等，另有季度评优奖励、年度评优奖励等，公司购买六险 工作地点：重庆两江新区龙兴长安科技园 工作地点 重庆渝北区长安科技园 以担保或任何理由索要财物，扣押证照，均涉嫌违法。一经发现， 立即举报,"路试测试,驾驶性测试,乘用车,新能源车,智能汽车测试,车载车机系统测试",http://www.zhaopin.com/jobdetail/CCL1487968420J40623644016.htm?refcode=4019&srccode=401901&preactionid=0616ebc5-935d-4cf2-ab39-ab8690ef4b21
工业智能-产品经理-杭州,科大讯飞股份有限公司,1.5-2.6万,杭州·萧山·宁围,Guangzhou,本科,经验不限,10月30日,zhilian,岗位职责​ 1、产品售前交流和方案编写，能够完成产品介绍，产品技术方案汇报，支撑客户商机推进。主导招投标技术标书编写，完成项目概算、技术方案等材料，配合销售完成招投标工作； 2、客户调研与产品方案编写：具备客户调研和需求沟通能力，精准洞察不同层级用户的核心诉求与心理预期，明确需求优先级及技术可行性，基于内部研发评估和供应商资源，给出可应用的产品方案，深度挖掘潜在需求并转化为产品改进方向； 3、负责收集产品发展趋势及市场产品数据，进行产品竞争性分析，输出产品市场分析报告；收集产品在市场端的需求和问题，反馈公司研发团队进行产品定制化开发和优化改进； 4、能够完成项目实地考察，记录现场条件，识别潜在实施障碍，拉通研发完成部署位置、施工方案确定，基于踏勘数据修正需求方案，确保技术设计与现场条件匹配，评估项目投入的整体工作量​； 5、负责产品交付项目的管理，制定项目管理计划，协调内外部资源，解决关键卡点，确保项目按既定时间节点与质量标准交付。能够完成产品培训，输出报奖材料、验收材料、施工材料等，组织项目验收、总结复盘及文档归档。 ​ 职位要求​ 1、本科及以上学历，计算机科学与技术、软件工程、数学、机械工程、电气工程等相关专业优先； 2、有工业声纹、设备智能运维、工业传感软硬件产品的市场产品管理工作经验优先； 3、至少 4 年及以上产品项目管理经验，具备多个项目的成功交付案例，熟悉项目从需求分析到落地运维的全流程； 4、拥有一定技术储备，熟悉 AI 通识、网络通信原理、弱电系统等相关知识，能够理解技术方案并与研发团队进行深度技术对接； 5、具备较强的抗压能力与责任心，能够适应出差需求； 6、思路清晰，能够对客户进行产品宣讲，并做好对产品的需求收集和问题解决。 工作地点 杭州萧山区信息港6期8号楼9层科大讯飞 以担保或任何理由索要财物，扣押证照，均涉嫌违法。一经发现， 立即举报,人工智能,http://www.zhaopin.com/jobdetail/CC205108410J40962593704.htm?refcode=4019&srccode=401901&preactionid=0616ebc5-935d-4cf2-ab39-ab8690ef4b21
自动化工程师,四川省银河化学股份有限公司,6000-8000元,绵阳·安州区·雎水镇,Guangzhou,本科,1-3年,7月25日,zhilian,职位描述 过程装备与控制工程等相关专业 化工行业自动化系统运维 自动化、电气工程及其自动化 1.精通 PLC 编程、DCS 系统操作与维护，能独立处理控制系统故障。 2.掌握工业传感器、执行器、变频器等设备的原理与调试方法，了解 SIS 安全仪表系统的校验与维护规范。 3.具备自动化系统升级改造方案设计能力，能配合完成智能化项目中自动化模块的对接与调试。 工作地点 绵阳安州区雎水镇 以担保或任何理由索要财物，扣押证照，均涉嫌违法。一经发现， 立即举报,"过程装备与控制工程等相关专业,化工行业自动化系统运维,自动化、电气工程及其自动化",http://www.zhaopin.com/jobdetail/CC552443820J40863894711.htm?refcode=4019&srccode=401901&preactionid=0616ebc5-935d-4cf2-ab39-ab8690ef4b21
电子/电气工程师,三河市大弘环保设备有限公司,7000-10000元,廊坊·三河市,Guangzhou,本科,1-3年,7月24日,zhilian,职位描述 设计 研发 安装/调试 嵌入式软件研发 通用设备制造 工业自动化/机器人 电气机械/电力设备 岗位名称：电子电气工程师 工厂地址：燕郊开发区胡龙工业园 所属部门/技术部 岗位概述 本岗位专于电子电气系统研发设计、电路开发、样机调试、量产落地及装配技术支持。供电系统、智能控制系统。 主要工作职责 一、产品电气研发与设计 1. 负责核心电气系统方案设计，包含智能温控系统、恒温加热系统、蓄电供电系统、数显控制系统、防水电气回路、故障报警系统等整体方案规划、选型与设计，匹配商用、医用、等不同场景的使用需求。 2. 负责电气元器件选型，涵盖温控器、加热管、传感器、蓄电池、开关电源、线束、防水接插件、显示屏等核心配件，把控元器件适配性、成本与稳定性，建立标准化元器件选型库。 过程中的电气技术难题，指导一线技工规范布线、接线、设备调试，处理生产异常问题。 。任职要求 一、专业学历 大专及以上学历，电气自动化、电子信息工程、机电一体化、智能控制等相关专业。 二、工作经验 1. 1年以上电气研发设计相关工作经验，有电动自行车或电动手推车等商用设备、厨具设备、保温设备、车载设备电气设计经验者优先、商用电器产品开发者优先。 2. 熟悉硬件电路设计、模拟/数字电路原理，能够独立完成整套低压电气系统方案设计与调试。 工作地点 廊坊三河市华隆工业园-东门燕郊开发区 以担保或任何理由索要财物，扣押证照，均涉嫌违法。一经发现， 立即举报,"设计,研发,安装/调试,嵌入式软件研发",http://www.zhaopin.com/jobdetail/CC293626480J40864802210.htm?refcode=4019&srccode=401901&preactionid=0616ebc5-935d-4cf2-ab39-ab8690ef4b21
嵌入式工程师,安徽富丰电气科技有限公司,5000-10000元,合肥·长丰·双墩,Guangzhou,本科,1-3年,6月1日,zhilian,"职位描述 PIC单片机 C语言 计算机软件 工业自动化/机器人 电气机械/电力设备 学历专业： 本科及以上，电气工程、自动化、电力电子、电子信息等相关专业优先 工作经验： 3年以上工作经验，有电力系统自动装置、保护测控工业网关、及智能化产品研发经验优先 岗位要求： 1. 精通STM32等ARM Cortex-M系列MCU及其他主流MCU,熟练掌握一种或多种EDA工具进行原理图与PCB设计，熟悉EMC设计和测试方法 2. 熟悉嵌入式产品开发全流程，具有独立完成嵌入式项目开发由需求分析到总体方案落地的设计，创造能力和解决问题能力，能对各类元器件进行选型 3. 精通C/C++，熟悉ARM/Linux嵌入式开发，熟悉传感器数据采集、基础外设驱动，ADC配置、数据处理算法及工业通讯协议如Modbus-RTU/TCP、IEC61850等 4. 熟悉4G模组驱动适配、MQTT协议或自研网关及TLS/DTLS安全传输 工作内容： 1. 负责开关柜智能传感单元的嵌入式软硬件开发，根据项目进行产品的功能需求分析、总体技术方案设计、软件概要设计、硬件原理图设计、PCB设计、开发、验证、评审及工作总结，完成电力系统自动装置、保护测控及智能化等产品开发任务 2. 开发边缘计算网关网关应用，实现就地告警、数据压缩与断网续传，通过4G/LoRa等方式可靠上送数据 3. 与后端工程师协作，制定端云通信协议和数据模型，保障数据链路的完整和可靠 4. 维护OTA升级体系，对现场边缘节点进行固件升级与版本管理 5. 负责电力二次设备的嵌入式软硬件开发及产品升级和维护，完成相应研发文档编制和归档入库，整理通用通信协议文档、网关调试手册、数据交互规范。 工作地点 长丰县安徽省合肥市长丰双凤经济开发区梅冲湖路与凤霞路交叉口凤巢产业园A21-2 以担保或任何理由索要财物，扣押证照，均涉嫌违法。一经发现， 立即举报","PIC单片机,C语言",http://www.zhaopin.com/jobdetail/CC472415320J40861270915.htm?refcode=4019&srccode=401901&preactionid=0616ebc5-935d-4cf2-ab39-ab8690ef4b21
自动驾驶定位算法工程师（智能叉车/工业车辆方向）,浙江舜泰汽车有限公司,2-3.5万,湖州·德清县·洛舍镇,Guangzhou,本科,3-5年,7月7日,zhilian,岗位职责 1. 参与自动驾驶融合定位与地图系统的方案设计、工程化实现与车载部署，保障定位在精度、实时性、稳定性及长期一致性方面满足量产系统要求。 2. 基于 Camera、LiDAR、GNSS、IMU、Odometry 等多传感器，设计并优化融合定位算法，涵盖状态估计、滤波与图优化，提升复杂与动态场景下的鲁棒性并抑制长期漂移。 3. 参与定位相关的传感器时间同步、内外参标定与数据质量评估，分析并改进其对定位系统性能的影响。 4. 分析定位系统在退化与异常场景下的表现，参与降级、恢复与重定位等机制的设计与优化，提升系统安全性与可靠性。 5. 与控制、系统、测试及硬件团队协作，参与数据分析、联合调试与问题定位，支持项目按计划推进。 任职要求 1. 本科及以上学历，计算机、自动化、机器人或相关专业 2. 熟练 Linux 环境下的 C/C++ 开发，具备 ROS/ROS2 实际项目经验，熟悉多线程、内存管理与性能优化 3. 熟悉多传感器融合定位系统设计，具备 SLAM / VIO / GNSS-INS / 概率滤波或图优化相关经验 4. 理解传感器标定、时间同步与误差建模，对长期运行下的漂移抑制与一致性维护有实践经验 5. 具备定位算法工程化与车载实时部署经验，有量产或准量产项目经验者优先 6. 熟悉定位系统的离线/在线评测方法，能够在复杂真实场景中定位并解决问题 7. 具备无人车、AGV、机器人或无人机相关项目经验者优先 工作地点 湖州市-德清县-发展大道265号 以担保或任何理由索要财物，扣押证照，均涉嫌违法。一经发现， 立即举报,运动控制算法,http://www.zhaopin.com/jobdetail/CCL1492082010J40902425902.htm?refcode=4019&srccode=401901&preactionid=0616ebc5-935d-4cf2-ab39-ab8690ef4b21
设备自动化工程师,平顶山平煤机煤矿机械装备有限公司,5000-9000元,平顶山·郏县·东城街道,Guangzhou,大专,1-3年,5月19日,zhilian,职位描述 西门子 示波器 电气机械/电力设备 1、岗位描述 负责对机械加工设备智能化改造、设备数据通信等工作的实施。 2、岗位要求 （1）电气自动化、电气工程等相关专业专科及以上学历，熟练使用示波器等电气测量仪器。 （3）熟练S7-1200等常用PLC的编程，能够运用常见的传感器（压力、温湿度、频率等）进行信号采集和逻辑编写。掌握触摸屏组态和通信、能够对伺服控制系统进行设计、集成和调试。 （4）掌握电气设计（如EPLAN等）相关软件的使用，掌握组态软件（如wincc、组态王等）的应用，能够对常见工业通信协议进行配置调试。 （5）从事相关工作经验2年以上，本专业参加过省赛国赛的根据情况条件放宽。 工作地点 郏县平顶山平煤机煤矿机械装备有限公司 以担保或任何理由索要财物，扣押证照，均涉嫌违法。一经发现， 立即举报,"西门子,示波器",http://www.zhaopin.com/jobdetail/CC470480680J40723438116.htm?refcode=4019&srccode=401901&preactionid=0616ebc5-935d-4cf2-ab39-ab8690ef4b21
助理电气工程师-常州清研机器人科技有限公司,清研自动化技术(洛阳)有限公司,6000-10000元,常州·武进·南夏墅,Guangzhou,大专,1年以下,6月26日,zhilian,岗位职责 1. 协助资深工程师完成非标自动化项目电气方案整理、元器件选型核对、BOM清单制作，辅助成本核算与报价资料整理。 2. 配合绘制电气原理图、接线图、电柜布局图，整理图纸规范、归档电气技术资料。 3. 协助编写PLC/HMI基础程序、调试简单控制逻辑，学习运动控制、传感器、工业总线基础应用。 4. 跟进厂内电气装配、接线施工，协助接线检查、通电前点检，排查基础接线/信号问题。 5. 参与设备厂内预调试、客户端现场调试，记录调试数据、故障现象，协助工程师完成问题整改。 6. 整理设备操作手册、维护手册、调试记录，完成项目技术档案归档。 7. 配合售后处理简单电气故障，学习远程/现场排故流程，积累现场实战经验。 8. 参与部门标准化建设，整理常用元器件库、程序模板、图纸模板，沉淀基础技术资料。 二、任职要求 1. 学历专业 - 大专及以上学历，电气自动化、机电一体化、自动化、电气工程、工业自动化等相关专业应届生； - 25届/26届毕业生均可，无全职工作经验可接受。 2. 专业技能（硬性+加分） ✅ 硬性基础： - 掌握电路、模电/数电、电气控制基础原理； - 熟悉PLC基础（西门子、三菱、欧姆龙、台达等任一品牌），懂梯形图、指令表基础编程； - 了解伺服/步进电机、变频器、传感器、气缸、继电器等常用电气元件； - 会使用EPLAN绘制电气图纸优先； - 了解工业自动化设备基本结构与控制逻辑。 🎯 加分项： - 在校做过自动化实训、课程设计、PLC/单片机项目； - 熟悉HMI触摸屏、EtherCAT/Modbus等基础通讯； - 会基础CAD/EPLAN绘图、能看懂电气原理图； - 懂简单视觉、机器人基础应用优先。 3. 综合素质 - 能接受长期出差（设备厂内调试+客户现场调试）； - 动手能力强，吃苦耐劳，能适应车间/现场调试环境； - 学习意愿强、执行力好，服从项目安排，抗压能力佳； - 沟通顺畅，能配合机械、装配、售后团队协同工作； - 有责任心、细心严谨，重视图纸、程序、调试细节。 4. 其他 - 无不良嗜好，身体健康； - 有驾照、能适应加班/项目赶进度优先。 三、应届生专属福利 1. 师徒制一对一带教，老工程师全程指导，快速上手非标项目； 2. 系统培训：PLC编程、电气设计、现场调试、行业工艺全覆盖； 3. 项目实操机会多，从辅助到独立负责小项目，成长快； 4. 晋升路径：助理电气工程师→电气工程师→项目电气主管/项目经理； 5. 五险一金、出差补贴、节日福利。 常州清研机器人科技有限公司为清研自动化技术（洛阳）有限公司全资子公司。 常州清研机器人科技有限公司专注于智能机器人技术的研发与制造。公司主营业务涵盖工业机器人制造、智能机器人销售、软件开发及技术服务，产品包括工业自动控制系统装置、数字视频监控系统和机械电气设备。公司提供从研发到安装维修的全生命周期服务，支持制造业自动化需求。在技术层面，公司具备机器人系统集成和软件开发能力，产品应用于智能制造场景。通过业务实践，公司在工业机器人领域形成了技术积累与专业服务能力，服务范围延伸至工程管理、系统集成及进出口领域。 工作地点 常州武进区武南工业园 以担保或任何理由索要财物，扣押证照，均涉嫌违法。一经发现， 立即举报,"安装/调试,控制柜,变频器,配电柜,西门子,欧姆龙,ABB",http://www.zhaopin.com/jobdetail/CC884996400J41018142604.htm?refcode=4019&srccode=401901&preactionid=0616ebc5-935d-4cf2-ab39-ab8690ef4b21
工业机器人技术工程师,苏州全才智能科技有限公司,5000-10000元,苏州·吴中·临湖,Guangzhou,大专,1-3年,7月25日,zhilian,职位描述 工业自动化/机器人 电气机械/电力设备 人工智能 本公司是一家新型的智能科技型企业，主要从事工业机器人各类线性机械手，自动化设备，智能装备系统的研发、生产、销售、服务。 岗位要求： 1.大专学历以上工业机械人、设计制造、工控行业等毕业生优先。 2.1-3年以上相关安装调试维修设备经验。（安装工业机器人，机械手、调试非标项目） 3.有过焊接机器人安装调试经验，有过气保焊，氩弧焊，铝焊，激光焊调试经验优先。 4.熟练操作任意一款国外四大家族机器人的优先。（FUNAC，ABB，KUKA，YASKAWA） 5.能独立完成机器人搬运码垛，上下料，焊接，打磨，冲压项目优先。 6.懂电控基本知识，包括PLC、工控、伺服、各类光/电传感器的工作原理； 主要工作内容：工业机器人安装，调试，维修等相关工作。 薪资待遇： 底薪+餐补+装机提成+ 其他福利： 1.享受国家规定的所有假日。 2.提供住宿，餐补。 3.根据进公司的年限享受年假。 职位福利：全勤奖、包住、餐补、绩效奖金、年终奖、弹性工作 工作地点 苏州吴中区U+科技产业园二期-南门28幢一楼 以担保或任何理由索要财物，扣押证照，均涉嫌违法。一经发现， 立即举报,"工业自动化/机器人,电气机械/电力设备,人工智能",http://www.zhaopin.com/jobdetail/CC834232750J40015420108.htm?refcode=4019&srccode=401901&preactionid=0616ebc5-935d-4cf2-ab39-ab8690ef4b21
软件编程工程师,北京润达油气工程有限公司,8000-15000元,保定·安新·安新镇,Guangzhou,本科,1-3年,7月23日,zhilian,岗位职责： 1、负责公司智慧管网运营平台、管道机器人智能控制系统后端、前端软件开发与迭代优化，完成需求拆解、代码编写、单元测试、版本上线全流程工作猎聘。 2、对接管道检测设备、北斗定位终端、压力流量传感器等硬件，完成 MQTT/Modbus 工业通信协议开发，实现设备数据实时采集、解析、存储与可视化展示51job 3、开发管网泄漏识别、缺陷智能判定算法，优化管道机器人缺陷识别模型，提升系统识别准确率至 95% 以上；搭建 GIS 管网数字孪生可视化模块猎聘。 4、参与 5G 远程无人施工操控系统开发，优化远程控制低时延算法（时延＜100ms），支撑无人压路机、智能摊铺机远程调度管控。 5、编写开发手册、接口文档、运维操作规范，配合项目现场完成系统部署、调试、故障排查；配合校企产学研项目开展软件技术研发。 6、持续优化数据库架构，完成 SQL 性能调优，保障海量管网监测数据稳定存储与快速查询，支撑新区水务 24 小时应急抢修平台运行。 岗位要求： 1、本科及以上学历，计算机科学、软件工程、物联网、地理信息 GIS相关专业；应届生优秀可放宽，有 2 年以上工业物联网 / 智慧水务 / 管网平台开发经验优先。 2、具备嵌入式设备对接、传感器数据处理开发经验，了解管道机器人、市政管网监测系统业务逻辑者优先。 3、逻辑清晰，具备独立问题排查能力，可短期驻雄安项目现场调试；良好团队协作、文档编写能力。 4、认同公司智慧城市、智慧管网业务方向，能配合技术攻关、项目阶段性加班。 工作地点 保定安新县雄安建安科技集团有限公司 以担保或任何理由索要财物，扣押证照，均涉嫌违法。一经发现， 立即举报,机器人算法,http://www.zhaopin.com/jobdetail/CC699869180J40893630413.htm?refcode=4019&srccode=401901&preactionid=0616ebc5-935d-4cf2-ab39-ab8690ef4b21
机器人工程师,宁德数智科技有限公司,7000-14000元·13薪,宁德·蕉城区·漳湾镇,Guangzhou,学历不限,1-3年,7月16日,zhilian,职位描述 机器人结构设计 机器人编程 ABB 库卡 发那科 SolidWorks 机器人应用方案设计 机器人智能化升级 机器人外观设计 机器人示教 工业自动化/机器人 工作职责 1. 负责工业机器人的本体结构设计、运动学建模与动力学分析，确保机器人在工业场景下的稳定性与精度。 2. 参与机器人控制系统的开发与调试，优化运动控制算法，提升机器人的响应速度与轨迹规划能力。 3. 对接工业客户需求，设计机器人在焊接、搬运、装配等特定场景下的应用方案，并主导现场部署与调试。 4. 跟踪机器人技术前沿，引入新技术（如视觉引导、力控传感）提升机器人的智能化水平。 任职要求 1. 本科及以上学历，机械工程、自动化、机器人工程等相关专业，基础扎实。 2. 掌握机器人运动学、动力学原理，熟悉至少一种主流工业机器人（如ABB、KUKA、FANUC）的编程与调试。 3. 具备机械结构设计能力，能使用SolidWorks、CATIA等工具进行机器人本体或末端执行器的设计。 4. 熟悉运动控制算法（如PID、轨迹规划），有机器人控制系统开发经验者优先。 5. 具备良好的问题解决能力，能独立处理机器人在工业现场的故障与优化需求。 工作地点 宁德蕉城区东侨经济技术开发区团圆路17号 以担保或任何理由索要财物，扣押证照，均涉嫌违法。一经发现， 立即举报,"机器人结构设计,机器人编程,ABB,库卡,发那科,SolidWorks,机器人应用方案设计,机器人智能化升级,机器人外观设计,机器人示教",http://www.zhaopin.com/jobdetail/CCL1475212840J40903720312.htm?refcode=4019&srccode=401901&preactionid=0616ebc5-935d-4cf2-ab39-ab8690ef4b21
售前技术工程师,天津双国智联科技发展有限公司,4000-6000元,天津·津南·小站,Guangzhou,本科,经验不限,7月10日,zhilian,职位描述 安防设计 安防施工 售前支持 安防运维 监控系统 报警系统 消防系统 CAD 物联网 工作职责 1、 配合销售团队完成项目前期需求调研，输出定制化技术方案。能进行系统功能演示，助力项目快速推进。 2、结合消防行业安全管理特性，为客户提供定制化技术咨询服务，输出贴合实际场景的物联网解决方案，助力客户提升安全管理效率。 3、主导消防物联网项目的端到端技术实施，覆盖设备安装部署、系统联调及功能验证全流程，确保项目交付质量与客户安全需求精准匹配。 4、跟踪系统运行数据，深度分析设备异常规律与客户使用痛点，提炼可落地的产品优化建议，推动研发团队迭代升级消防物联网系统。 5、 负责消防报警主机、智能传感终端、消防水系统监测设备的故障诊断与维护，快速响应客户现场技术问题，保障系统7×24小时稳定运行。 6、良好的沟通能力，团队配合能力。 任职要求 1.本科及以上学历，电子信息、自动化、工程或物联网相关专业。 2. 熟悉消防设备原理与物联网技术架构，熟练掌握CAD制图、LoRa/NB-IoT通信协议及云平台数据交互逻辑，能独立完成设备与系统调试工作。 3. 具备极强的现场问题解决能力，能在复杂消防场景下快速定位并修复技术故障，保障客户系统安全运行。 4. 拥有消防行业项目实施、售前技术支持或物联网产品应用经验者优先。 工作地点 天津津南区盛旺商业街(小站古镇店) 以担保或任何理由索要财物，扣押证照，均涉嫌违法。一经发现， 立即举报,"安防设计,安防施工,售前支持,安防运维,监控系统,报警系统,消防系统,CAD",http://www.zhaopin.com/jobdetail/CCL1518283040J40861848211.htm?refcode=4019&srccode=401901&preactionid=0616ebc5-935d-4cf2-ab39-ab8690ef4b21
AD/ADAS实验 (MJ000292),东风汽车,1.5-2.5万,武汉·蔡甸·沌口,Guangzhou,本科,3-5年,7月19日,zhilian,职位描述 C语言 【工作职责】 1. 负责汽车自动驾驶/高级驾驶辅助系统的功能、性能、安全及冗余机制的测试与验证； 2. 制定覆盖传感器（摄像头、雷达、激光雷达）、决策算法、执行器全链路的测试场景库与验证计划； 3. 主导在实验室（HIL/VIL）、试验场及实际道路开展系统测试，包括功能触发、性能边界、人机共驾、失效安全等； 4. 分析测试数据，评估系统的感知准确性、决策合理性、控制平顺性及接管流畅度，推动软件与算法优化； 5. 与功能安全、SOTIF团队协同，识别和验证潜在的功能不足及运行设计域外的安全风险； 6. 建设与完善AD/ADAS测试的场景库、自动化测试工具链、评价标准与数据回溯能力。 【任职要求】 1、本科以上学历，三年以上整车厂智能辅助驾驶测试工作经验； 2、熟悉智驾各系统的工作原理和功能测试方法，包括失效模式和冗余机制的测试； 3、掌握智驾系统台上测试方法和整车测试方法，策划并开展满足智驾功能的各种测试方案，熟练编写智驾测试用例； 4、熟悉智驾自动化测试工具并有实际运用经验； 5、积极主动，认真负责，有良好的沟通能力； 工作地点 武汉蔡甸区东风汽车集团股份有限公司猛士汽车科技公司-南1号门 以担保或任何理由索要财物，扣押证照，均涉嫌违法。一经发现， 立即举报,C语言,http://www.zhaopin.com/jobdetail/CC679989880J40881988505.htm?refcode=4019&srccode=401901&preactionid=0616ebc5-935d-4cf2-ab39-ab8690ef4b21
嵌入式工程师,浙江恒逸集团有限公司,1-1.6万,杭州·萧山·宁围,Guangzhou,本科,1-3年,6月29日,zhilian,岗位职责: 1、负责公司核心智能硬件产品的嵌入式开发、调试、迭代与优化，涵盖地磅、电子秤、地磅回收机、智能回收箱、无人值守过磅系统等称重回收类设备，以及工厂监控、烟感、温度传感器等工业安防传感类硬件，保障设备稳定运行与功能落地； 2、参与产品需求评审、方案设计、可行性评估，根据工业场景实际使用需求，制定嵌入式软硬件适配方案，解决设备数据采集、传输、联动等核心技术问题； 3、负责各类传感设备的数据采集开发，包含温度、烟感、重量称重等传感器的数据解析、滤波、校准与精准上传，保障采集数据的准确性、稳定性和实时性； 4、负责无人值守过磅系统、智能回收箱设备的嵌入式程序开发，实现设备自动称重、数据记录、人脸识别/刷卡验证、自动结算、异常报警、无人值守联动等核心功能； 5、负责工厂监控设备、安防传感终端的嵌入式程序开发与调试，实现设备联网、状态监测、故障上报、数据云端同步、设备联动预警等功能，适配工业厂区安防管控需求； 6、负责设备固件升级、底层驱动开发与适配，调试各类串口、网口、4G/5G、蓝牙、LoRa等通信协议，保障硬件与后台系统、云端平台的稳定数据交互； 7、解决产品测试、量产、现场使用过程中的各类软硬件问题，输出技术文档、调试手册、量产适配方案，配合生产、售后团队完成产品落地与迭代优化； 8、跟进工业智能硬件、嵌入式前沿技术，优化产品功耗、稳定性、兼容性，提升设备抗干扰能力，适配工厂复杂工业环境。 任职资格: 1、本科及以上学历，计算机、电子信息、自动化、嵌入式、微电子等相关专业，1-3年工业嵌入式开发相关工作经验，优秀应届生可放宽条件； 2、熟练掌握C/C++嵌入式开发，精通STM32、ESP32、ARM等主流单片机开发，熟悉嵌入式底层驱动开发与调试； 3、熟悉各类传感器数据采集开发，有称重传感器、温度传感器、烟感传感器开发经验，或地磅、电子秤、智能称重设备开发经验者优先； 4、熟悉常用通信协议，包含RS485、RS232、TCP/IP、MQTT、Modbus等，能够独立完成设备联网、数据上传、协议对接开发； 5、具备无人值守设备、智能回收设备、工业安防监控设备嵌入式开发经验者优先，熟悉工厂智能化设备场景应用逻辑； 6、掌握嵌入式系统调试方法，能够独立排查硬件电路、程序bug、数据异常、通信中断等各类现场问题，具备独立项目开发落地能力； 7、了解工业设备抗干扰设计、低功耗设计，熟悉固件升级、设备加密、异常保护机制开发者优先； 8、具备良好的逻辑思维、抗压能力和团队协作能力，工作严谨负责，能够适配项目迭代节奏，主动推进技术问题解决。 工作地点 杭州萧山区恒逸南岸明珠 以担保或任何理由索要财物，扣押证照，均涉嫌违法。一经发现， 立即举报,"C++,Java",http://www.zhaopin.com/jobdetail/CC140408290J40947743808.htm?refcode=4019&srccode=401901&preactionid=7d3488e6-d6be-41c2-8b76-71143a2db3f0
自动化设备调试员,四川省图尔树企业服务有限公司,6000-9000元·13薪,成都·龙泉驿·大面,Guangzhou,大专,经验不限,7月7日,zhilian,岗位职责： 1、负责公司自动化设备（如PLC控制系统、机器人集成线、生产线、智能装备等）在客户现场的安装、调试、验收及技术培训工作， 2、确保设备按设计要求稳定运行，解决现场出现的各类电气、自动化问题。 工作内容： 1、前往客户现场，进行自动化设备的就位、电气接线检查、传感器/执行器安装等。 2、根据电气图纸和工艺要求，对PLC（西门子、三菱、欧姆龙等主流品牌）程序进行下载、调试和优化。 3、快速定位并解决设备在调试及试运行过程中出现的电气故障、通讯问题、程序逻辑错误等。 4、编写现场调试报告、问题清单、验收文件等技术文档。 5、对客户的操作、维护人员进行设备使用、日常保养及简单故障处理的培训。 6、协助完成项目的最终验收和交付。 工作地点 龙泉驿区成都经开科技产业孵化园 以担保或任何理由索要财物，扣押证照，均涉嫌违法。一经发现， 立即举报,电气自动化,http://www.zhaopin.com/jobdetail/CCL1466200400J40907475508.htm?refcode=4019&srccode=401901&preactionid=7d3488e6-d6be-41c2-8b76-71143a2db3f0
软件工程师,中行测(江苏)检测研究有限公司,8000-10000元,南通·通州·先锋,Guangzhou,本科,3-5年,7月25日,zhilian,岗位职责】 负责公司物联网监测平台的设计、开发与维护，实现各类传感器及监测设备的数据采集、传输、处理与存储。 参与监测系统核心模块的开发，包括但不限于设备接入、协议解析、数据采集、告警监控等功能的实现。 负责与硬件团队协作，完成智能终端、传感设备与软件平台的对接与联调。 承担监测数据的分析与可视化工作，为业务决策提供数据支持。 参与系统架构设计、技术选型与性能优化，保障系统在高并发场景下的稳定运行。 【任职要求】 专业要求：物联网工程、计算机科学与技术、电子信息工程、软件工程、自动化等相关专业，本科及以上学历。 工作经验：3 以上相关软件开发经验。 薪资待遇：具体的薪资面议而定。 工作地点 南通通州区双逸(国际)创意园2号楼一楼 以担保或任何理由索要财物，扣押证照，均涉嫌违法。一经发现， 立即举报,"C++,Java",http://www.zhaopin.com/jobdetail/CCL1415574030J40789855706.htm?refcode=4019&srccode=401901&preactionid=7d3488e6-d6be-41c2-8b76-71143a2db3f0
智能驾驶测试员,郑州赛优汽车科技有限公司,7000-11000元,郑州·管城·城东路,Guangzhou,大专,经验不限,7月26日,zhilian,职位描述 ADAS开发 智能驾驶系统测试 场景化测试验证 测试流程优化 工作职责 1. 负责智能驾驶系统的功能测试、性能测试及场景化验证，覆盖传感器融合、决策控制、执行系统等核心模块。 2. 设计并执行复杂道路场景（如城市拥堵、高速巡航、极端天气）的测试用例，输出标准化测试报告。 3. 定位并复现测试过程中出现的系统异常，协同研发团队分析根因并推动问题闭环。 4. 参与测试流程优化与测试用例库建设，提升测试效率与覆盖度。 任职要求 1. 大专及以上学历，计算机等相关专业优先。 2. 熟悉汽车电子架构或智能驾驶系统原理，了解传感器（摄像头/雷达/激光雷达）的工作机制。 3. 具备1年以上汽车测试或智能驾驶测试经验，掌握测试用例设计方法与缺陷管理流程。 4. 能熟练操作测试工具（如CANoe、实车测试设备），具备基础的数据分析能力。 5. 持有C1及以上驾照，驾驶技术熟练，无重大交通事故记录。 工作地点 郑州管城回族区郑汴路/未来路(路口) 以担保或任何理由索要财物，扣押证照，均涉嫌违法。一经发现， 立即举报,"ADAS开发,智能驾驶系统测试,场景化测试验证,测试流程优化",http://www.zhaopin.com/jobdetail/CCL1493238400J40773657006.htm?refcode=4019&srccode=401901&preactionid=7d3488e6-d6be-41c2-8b76-71143a2db3f0
智驾系统开发工程师,北汽福田汽车股份有限公司,1.3-2.4万·13薪,青岛·黄岛·黄岛街道,Guangzhou,本科,经验不限,7月25日,zhilian,"岗位职责: 1.场景功能需求定义，细化用户场景并制定技术规范，系统架构设计，识别技术风险，确保方案合理可行。 2.负责自研算法的系统架构制定，提出芯片和算法需求，并推动数据闭环的问题分析与测试方案‌。 3.对接智驾软硬件需求，包括算法原理、硬件接口及架构，协调跨团队、跨部门资源，解决产品关键问题。 4.了解智驾技术涉及道路安全、数据隐私等多重法规要求，包括但不限于ISO26262、地区交通法规等标准。 5.参与制定公司技术规范，推动智能驾驶系统的标准化进程‌。"" 任职要求: 1.本科及以上学历，计算机科学、自动化、车辆工程、汽车电子、机械工程等汽车相关专业； 2.熟悉自动驾驶系统架构、功能逻辑设计及整车开发流程； 3.掌握CAN/CANFD、车载以太网等通信协议，熟练使用CANoe、CANape等工具； 4.了解自动驾驶算法（感知、决策、规划控制）及传感器特性；5.具备Linux系统操作、C/C++或Python编程能力。"" 工作地点 黄岛区中国(山东)自由贸易试验区青岛片区 以担保或任何理由索要财物，扣押证照，均涉嫌违法。一经发现， 立即举报",智能驾驶,http://www.zhaopin.com/jobdetail/CC120188670J40892873912.htm?refcode=4019&srccode=401901&preactionid=7d3488e6-d6be-41c2-8b76-71143a2db3f0
人工智能讲师,青葵智造(北京)科技有限公司,8000-12000元·13薪,南昌·昌东,Guangzhou,本科,1-3年,7月25日,zhilian,岗位职责】1. 负责智能制造相关专业课程的教学工作，包括但不限于：工业机器人编程与操作、机电一体化系统设计、工业互联网技术应用、电气自动化控制等；2. 根据行业技术发展趋势与人才培养方案，开发/优化课程课件、实验/实训项目、教学案例等资源；3. 承担理论授课、实操指导、学生项目辅导、毕业设计指导等教学任务；4. 配合学校/培训机构完成教学评估、技能竞赛辅导、校企合作项目对接等工作；5. 参与智能制造技术领域的教研活动、课程体系迭代及教学设备调试维护。 【任职要求】1. 学历专业： 统招本科及以上学历，自动化、机械工程（机电方向）、电气工程、控制科学与工程、机器人工程、工业互联网、人工智能等相关专业；2. 工作经验： 3年以上智能制造领域相关工作经验，包括但不限于：工业机器人集成/调试、自动化产线维护、工业互联网平台实施、PLC/HMI编程、SCADA/MES系统应用等；3. 技术能力： 至少精通以下技术方向中的两类： 工业机器人（如ABB、KUKA、FANUC、埃斯顿等品牌编程与调试）； 机电一体化（气动/液压、传感器、电机驱动、机械传动系统）； 工业互联网（边缘计算、OPC UA、Modbus/TCP、MQTT、工业云平台）； 电气自动化（西门子/三菱/罗克韦尔PLC、触摸屏、变频器、伺服系统）；4. 教学能力： 具备良好的语言表达、逻辑思维与课堂组织能力，能将工程案例转化为教学项目，有职业院校/培训机构授课经验者优先；5. 证书/其他： 持有相关职业资格证书（如电工高级工/技师、工业机器人操作员证、PLC认证等）或参加过国家/省级技能大赛者优先考虑；能适应短期企业技术跟岗调研或异地授课。 【加分项】有智能制造企业内训师经验，或高校/职业院校兼职教学经历；有校企合作、实训室建设及运营管理经验；熟悉虚拟仿真软件（如RobotStudio、NX MCD、Process Simulate等）；了解数字孪生、机器视觉、AGV调度、工业大数据、机器学习，深度学习、具身智能中的至少一项。【我们提供】具有竞争力的薪资及课时津贴；完善的培训体系（企业技术进修、教学法培训）；寒暑假/弹性排课（根据院校/机构性质）；清晰的职业发展路径（高级讲师、专业带头人、教学管理岗）。 工作地点 南昌市-南昌县-南昌高新技术产业开发区天祥北大道1666号 以担保或任何理由索要财物，扣押证照，均涉嫌违法。一经发现， 立即举报,"课程教授,项目实训,机器学习,PyTorch,具身智能，工业机器人",http://www.zhaopin.com/jobdetail/CCL1365352550J40950080508.htm?refcode=4019&srccode=401901&preactionid=7d3488e6-d6be-41c2-8b76-71143a2db3f0
高阶ADAS系统开发（带ADCC及各传感器）,软通动力信息技术(集团)股份有限公司,1.5-2.5万,上海·松江·中山,Guangzhou,本科,5-10年,7月22日,zhilian,职位描述 ADAS开发 1、负责高阶ADAS行车系统需求分析、方案设计、功能开发与量产落地，重点覆盖ACC、AEB、LKA、LCC、TJA、NOA等主流行车辅助功能。 2、主导ADCC（自动底盘控制）功能开发与调优，负责车速控制、加减速平顺性、跟车逻辑、启停控制、弯道车速自适应等核心策略开发与迭代。 3、负责摄像头、毫米波雷达、激光雷达、IMU等多传感器系统适配、融合逻辑、故障诊断与失效降级方案设计，保障多传感器协同稳定性。 4、负责ADAS功能实车调试、问题定位、闭环优化，解决高速、城区、拥堵、恶劣天气等场景下的功能抖动、误触发、顿挫、失效等量产问题。 5、输出系统需求、方案设计、测试规范、标定说明等技术文档，配合整车、测试、标定、软硬件团队完成项目节点交付。 6、跟进法规与行业标准，持续优化ADAS功能安全性、舒适性与泛化能力，支撑车型迭代量产。 工作地点 松江区奇瑞上海瑞杰体验中心 以担保或任何理由索要财物，扣押证照，均涉嫌违法。一经发现， 立即举报,ADAS开发,http://www.zhaopin.com/jobdetail/CC000544460J40826461116.htm?refcode=4019&srccode=401901&preactionid=7d3488e6-d6be-41c2-8b76-71143a2db3f0
智能装备工程师,新特能源股份有限公司,1.5-3万,乌鲁木齐·米东区,Guangzhou,本科,经验不限,7月23日,zhilian,岗位职责： 1.负责工业机器人、自动化专机、智能检测设备、AGV、智能仓储、数控设备等智能装备的选型、验收、安装、调试、投产与退役管理。 2.制定智能装备日常点检、保养、润滑、校准计划并监督执行；快速处理电气、机械、控制、通讯等故障，保障设备高开机率、高稳定性。 3.围绕提质、降本、增效、减人，开展产线自动化、工装优化、工序替代、人机协同改造，推动装备从传统运行向少人化、智能化、连续化升级。 4.负责机器人、PLC、视觉系统、运动控制等程序的编写、调试、备份与优化；规范工艺参数，提升装备精度、效率与一致性。 5.配合数字化团队，实现智能装备数据采集、状态监控、联网上云，对接 MES、SCADA、数据平台等系统，支撑数字化运营与智能分析。 工作地点 乌鲁木齐米东区新特能源股份有限公司 以担保或任何理由索要财物，扣押证照，均涉嫌违法。一经发现， 立即举报,"人工智能,化工,工业自动化/机器人",http://www.zhaopin.com/jobdetail/CC582435820J40877209203.htm?refcode=4019&srccode=401901&preactionid=7d3488e6-d6be-41c2-8b76-71143a2db3f0
智能驾驶系统工程师 （高阶智驾类）,阿尔特,1.5-3万,天津·北辰·双街,Guangzhou,本科,3-5年,7月16日,zhilian,职位描述 运动控制算法 智能驾驶 自动驾驶 辅助驾驶 新能源/燃油整车研发制造 新能源/燃油车零部件 1.负责智能驾驶系统设计及子系统方案设计，包括电子电气架构、硬件架构、软件架构: 2.负责对供应商的系统方案进行评估，包含传感器方案、控制器方案、定位方案等； 3、完成相关技术资料的编制工作，包括功能需求，技术规范、关联系统技术要求、RFQ资料、设计任务书等 4.负责系统功能相关的通信矩阵的审核，包含CAN通信矩阵，SOME/IP通信矩阵； 5.参与支持系统的实车联调，功能测试，并支持测试团队解决相关的技术问题； 6.负责智能驾驶系统的质量管理和测试验证，确保硬件系统符合相关标准和客户要求 7.关注智驾领域的最新技术和发展趋势，为公司的技术创新和产品升级提供支持和建议 岗位要求 1.具有自动驾驶系统经验，熟悉自动驾驶系统相关的知识，传感器，控制器，执行器，地图定位； 2.熟悉高阶智驾等产品功能（HNOA、CNOA、P2P功能等）和应用场景； 熟悉车身，底盘，动力，人机交互等系统的基本功能； 3. 熟悉汽车电子电器架构及常用的车载网络通信：CAN，LIN， 以太网，LVDS等； 4.对自动驾驶软件架构及各个算法模块的功能（感知，融合，定位，规划控制）有一定了解； 5具有自动驾驶系统相关的需求文档撰写和版本管理经验； 能够自我驱动，具备良好的沟通能力及团队合作意识 6.具有量产项目经验者优先 7.对行业主流供应链有了解，能够与供应商高效沟通，推进项目进展 8.可以接受长期出差者优先（上海、广州、长春等地） 工作地点 天津北辰区双侨创新大厦 以担保或任何理由索要财物，扣押证照，均涉嫌违法。一经发现， 立即举报,运动控制算法,http://www.zhaopin.com/jobdetail/CC153385410J40874197109.htm?refcode=4019&srccode=401901&preactionid=7d3488e6-d6be-41c2-8b76-71143a2db3f0
传感器摄像头工程师,达普信,1.2-2.1万,芜湖·鸠江区·芜湖经济技术开发区,Guangzhou,大专,3-5年,7月24日,zhilian,"岗位职责 1、负责座舱感知系统零部件(非单一)的全生命周期选型、管理工作。 2、技术需求发布:创建并维护零部件的技术规范、设计要求和验收标准,确保其满足整车性能、功能安全、网络安全及可靠性目标。 3、供应商技术管理:作为主要技术接口,管理供应商的设计和开发过程,组织技术评审, 确保供应商交付物的质量和进度,并主导解决开发过程中的所有技术问题。 4、工程发布与签核:负责零部件的数模、图纸、BOM等所有工程数据的最终评审与发布签核,确保数据准确无误并可指导制造与装配。 5、跨部门协同集成:与整车架构、电子电气、软件、机械集成、测试验证及制造团队紧密合作,解决出现的问题。 任职要求： 1、3年及以上智能座舱产品相关工作经验，具备主机厂、Tier1行业经验、有完整量产车型项目经验者优先。 2、熟悉座舱域感知系统(舱内摄像头、舱外摄像头、雷达、无线充电、行车记录仪、音效、功放等)的技术原理、性能指标、测试方法及行业供应链。 4、熟练掌握零部件工作原理，功能实现逻辑和性能指标等专业知识和工作技能， 具备一定的问题分析能力。 5、出色的沟通协调能力和项目推动力,能够高效地与内外部团队(包括供应商)合作 工作地点 芜湖鸠江区凤鸣研创中心-8号楼 以担保或任何理由索要财物，扣押证照，均涉嫌违法。一经发现， 立即举报","传感器,摄像头,座舱感知",http://www.zhaopin.com/jobdetail/CC290512280J40833494616.htm?refcode=4019&srccode=401901&preactionid=7d3488e6-d6be-41c2-8b76-71143a2db3f0
智能电气系统工程师,江苏铁军软件科技有限公司,7000-12000元,南通·崇川·观音山,Guangzhou,本科,3-5年,4月14日,zhilian,"职位描述 物联网 电力/水利/热力/燃气 系统设计与集成：负责智慧工地、智慧用电场景下的物联网系统架构设计，将传感器、智能电表、电气控制设备（如PLC、智能断路器）与云平台或本地服务器进行集成。 硬件选型与开发：熟悉各类物联网传感器、通信模块（4G/5G, NB-IoT, LoRa等）、边缘计算网关，并能进行简单的嵌入式硬件调试或接口开发。 软件与协议应用：能应用或开发数据采集、通信协议（如MQTT, Modbus）、以及简单的数据可视化和告警功能。 电气设计与规范：精通强/弱电设计、供配电系统，能够绘制和解读电气图纸，并确保所有智能化改造符合国家电气安全规范和建筑标准。 工作地点 崇川区南通总部财智天地1号楼6层 以担保或任何理由索要财物，扣押证照，均涉嫌违法。一经发现， 立即举报","物联网,电力/水利/热力/燃气",http://www.zhaopin.com/jobdetail/CC572197920J40858955905.htm?refcode=4019&srccode=401901&preactionid=7d3488e6-d6be-41c2-8b76-71143a2db3f0
自动驾驶感知算法工程师,奇瑞控股集团有限公司,1.5-2.6万·15薪,芜湖·弋江区·芜湖高新技术产业开发区,Guangzhou,本科,5-10年,7月24日,zhilian,岗位职责： 1、负责L4低速自动驾驶视觉、激光雷达等Occ感知算法的研究与开发； 2、跟踪计算机视觉和机器/深度学习的最新技术，并将这些技术应用到实际产品； 3、负责自动驾驶视觉感知算法的数据分析、模型训练、模型测试、算法部署等工作。 任职资格： 1、本科及以上学历，计算机、软件工程等相关专业，5年以上Occpancy算法项目落地经验； 2、熟悉多传感器融合、包括但不限于occpancy前融合，occformer等，具有 occpancy 相关算法研发或量产问题解决经验者优先； 3、熟悉Occpancy占据网络真值获取，网络模型训练 流程及边缘控制器模型部署； 4、熟练掌握计算机视觉常见基础算法，如传统数字图像处理、深度卷积神经网络、Transformer或Vision Transformer系列等； 5、掌握至少一种深度学习编程框架，熟练使用Pytorch、TensorFlow等框架，对大规模数据处理和深度网络训练有丰富的实践和调参经验。 奖金绩效 五险一金，年底十五薪，带薪年假，餐费补贴、住宿补贴、通讯补贴 工作地点 弋江区芜湖服务外包产业园 以担保或任何理由索要财物，扣押证照，均涉嫌违法。一经发现， 立即举报,"智能驾驶,人工智能",http://www.zhaopin.com/jobdetail/CC859131720J40864665211.htm?refcode=4019&srccode=401901&preactionid=7d3488e6-d6be-41c2-8b76-71143a2db3f0
设备研发工程师,沈阳派尔弗智能装备有限公司,8000-15000元,沈阳·于洪·造化,Guangzhou,本科,3-5年,7月24日,zhilian,职位描述 设计 安装/调试 自动化设备 PLC编程 机械加工工艺 运动控制 工作职责 1. 负责智能装备的机械结构设计、运动仿真与工程图纸输出，确保设备满足生产工艺与精度要求。 2. 主导自动化控制系统的方案选型与集成，包括传感器、PLC、伺服系统等核心部件的技术验证。 3. 参与设备样机的装配调试与性能测试，解决研发过程中的技术难点，输出标准化技术文档。 4. 跟踪行业前沿技术趋势，结合生产需求进行技术迭代与产品优化，提升设备的稳定性与智能化水平。 任职要求 1. 本科及以上学历，机械工程、自动化、机电一体化等相关专业。 2. 具备3年以上工业设备研发经验，精通SolidWorks、AutoCAD等设计软件，熟悉机械加工工艺。 3. 掌握PLC编程（如西门子、三菱）及运动控制原理，能独立完成自动化系统的逻辑设计。 4. 具备较强的问题分析能力与动手能力，能主导设备调试与故障排查。 5. 有金属加工、智能制造领域设备研发经验者优先。 工作地点 于洪区沈阳健男物资有限公司(造化钢材市场) 以担保或任何理由索要财物，扣押证照，均涉嫌违法。一经发现， 立即举报,"设计,安装/调试,自动化设备,PLC编程,机械加工工艺,运动控制",http://www.zhaopin.com/jobdetail/CC819992200J40952945308.htm?refcode=4019&srccode=401901&preactionid=7d3488e6-d6be-41c2-8b76-71143a2db3f0
it运维工程师,上海微创软件股份有限公司,1-1.5万,上海·闵行·莘庄,Guangzhou,本科,1-3年,7月13日,zhilian,岗位职责： 1. 负责公司具身智能、机器人、智能硬件相关项目的网络环境建设与日常运维支持，包括办公网、研发测试网、实验室网络、产线测试网络、项目现场网络等环境的部署、调试和维护。 2. 负责交换机、防火墙、路由器、无线 AP 等网络设备的基础配置与日常维护，包括 VLAN、ACL、路由、NAT、VPN、DHCP、DNS、端口策略等。 3. 根据项目需求，配合完成机器人本体、边缘网关、控制器、传感器、执行器、测试工装、边缘计算节点等设备的网络接入、连通性测试和联调支持。 4. 协助完成项目网络拓扑整理、IP 地址规划、端口使用记录、网络隔离和访问策略配置。 5. 配合软件、硬件、算法、测试、系统、供应商及项目团队，完成设备接入、现场联调、问题排查和交付支持。 6. 协助具身智能和机器人项目中 CAN、LIN、以太网、私有 CAN、MQTT、TCP/UDP 等通信链路的调试支持，配合完成接口确认和异常排查。 7. 负责常见网络故障处理，包括网络不通、丢包、延迟、端口异常、设备掉线、策略拦截、无线连接异常、网关接入异常等问题。 8. 按要求维护网络相关文档，包括网络拓扑图、IP 地址表、端口清单、设备接入清单、配置记录、联调记录和故障处理记录。 9. 参与项目网络环境日常巡检，发现并反馈网络风险，配合完成网络优化和整改。 10. 完成上级安排的其他网络运维、项目支持、现场保障和设备联调工作。 任职要求： 1. 计算机、通信工程、网络工程、自动化、电子信息、机器人等相关专业本科及以上学历，2 年以上网络运维、网络实施、实验室网络、项目现场网络或智能硬件项目支持经验。 2. 熟悉企业网络基础知识，能够完成交换机、防火墙、路由器、无线 AP 等设备的基础配置和维护。 3. 熟悉 VLAN、ACL、路由、NAT、VPN、DHCP、DNS、端口镜像、链路聚合等常见网络技术。 4. 具备基础网络故障排查能力，能够使用 ping、tracert/traceroute、telnet、netstat、tcpdump、Wireshark 等工具进行问题分析。 5. 有实验室网络、研发测试网络、产线网络、机器人、具身智能、智能硬件或自动化设备项目支持经验者优先。 6. 了解机器人本体、边缘网关、传感器、控制器、执行器、边缘计算设备等常见网络接入场景者优先。 7. 了解 CAN、LIN、以太网、MQTT、TCP/UDP 等通信方式，有相关项目支持经验者优先。 8. 具备基础网络安全意识，了解访问控制、网络隔离、端口安全和权限管理。 9. 具备良好的文档整理能力，能够按要求维护网络拓扑、IP 表、端口清单、配置记录和故障处理记录。 10. 具备良好的沟通协作能力，能够配合研发、算法、测试、硬件、系统和供应商团队完成项目支持工作。 加分项： 1. 有具身智能、机器人、AGV、机械臂、智能硬件、工业自动化或边缘计算项目支持经验。 2. 熟悉华为、H3C、锐捷、Cisco、Aruba、深信服等任一品牌网络设备。 3. 熟悉 Linux 基础网络配置和常用网络排障命令。 4. 有网络巡检、设备配置备份、简单脚本化运维经验。 5. 了解 MQTT、Kafka、边缘网关、设备数据采集、机器人控制链路或传感器数据传输场景。 6. 能够适应项目现场支持、设备联调和阶段性加班。 工作地点 上海闵行区维璟中心-F座- 以担保或任何理由索要财物，扣押证照，均涉嫌违法。一经发现， 立即举报,"网络运维,服务器运维,机器人",http://www.zhaopin.com/jobdetail/CC000638920J40875212914.htm?refcode=4019&srccode=401901&preactionid=7d3488e6-d6be-41c2-8b76-71143a2db3f0
电气工程师,哈尔滨远东理工智能制造有限公司,8000-12000元,哈尔滨·阿城·阿什河,Guangzhou,本科,1-3年,6月16日,zhilian,职位描述 设计 人工智能 工业自动化/机器人 1.负责公司产品电气控制系统的方案设计，包括电气原理图、接线图、电控柜布局图的设计与绘制； 2.根据项目需求，完成变频器、伺服驱动器、传感器、接触器、PLC模块等电气元器件的选型工作，编制电气物料清单并协助采购部门完成物料采购； 3.负责PLC控制系统的程序编写、开发与优化，保障逻辑控制的稳定性与高效性，实现机器人运动控制、自动化产线控制等功能； 4.指导生产车间的电气装配与布线作业，解决装配过程中的电气技术问题，确保产品符合设计规范及行业标准； 5.负责新产品样机的电气调试工作，完成电气系统的功能测试、性能验证及老化测试，确保产品达到设计指标； 6.快速响应生产线及成品设备的电气故障，分析原因并实施修复，包括PLC程序异常、传感器失效、电路短路、通讯中断等问题； 7.参与PLC装配实验室、数字孪生实验室、协作机械臂实验室等教学实训设备的电气系统开发，配合产品研发团队完成教学设备的电气设计与调试； 8.与产品设计等团队紧密配合，参与新产品的研发全流程，确保电气系统与其他系统的兼容性和协同性； 9.配合生产部门完成电气相关工艺文件的编制，配合质检部门完成电气性能检测标准的制定与执行； 岗位要求： 1.本科及以上学历，电气工程及其自动化、自动化、机电一体化等相关专业； 2.具有2年以上工业自动化、智能制造或相关领域的电气设计、PLC编程及现场调试工作经验； 3.掌握电气控制原理，能独立设计电气回路并完成现场接线调试； 4.具备工业自动化设备（如机器人、流水线）项目经验者优先。 5.具备较强的独立工作能力和动手能力，能够独立完成电气系统的设计、调试与故障排查任务； 职位福利： 工作时间：早八晚五、双休法休、五险一金、提供午餐、免费班车、带薪年假。 工作地点 阿城区哈尔滨远东理工智能制造有限公司 以担保或任何理由索要财物，扣押证照，均涉嫌违法。一经发现， 立即举报,设计,http://www.zhaopin.com/jobdetail/CCL1485470360J40869940714.htm?refcode=4019&srccode=401901&preactionid=7d3488e6-d6be-41c2-8b76-71143a2db3f0
无人驾驶工程师,徐州徐工新能源汽车有限公司,2-3万,徐州·铜山区·新区街道,Guangzhou,硕士,经验不限,7月17日,zhilian,岗位职责 参与公司新能源商用车（如自卸车、矿卡、物流车等）无人驾驶系统的研发与优化； 负责自动驾驶相关算法（感知、决策、规划、控制等）的设计、实现及调试； 开发高精度定位、环境感知（激光雷达、摄像头、毫米波雷达等）和多传感器融合技术； 参与无人驾驶系统的仿真测试、实车部署及道路测试优化工作； 与车辆控制、电气架构、云平台等团队协作，推动智能驾驶系统落地应用； 跟踪行业技术趋势，研究自动驾驶前沿算法及工程化解决方案。 任职要求 学历背景：硕士及以上学历，计算机、自动化、车辆工程、人工智能等相关专业优先（特别优秀者可放宽至本科）； 技术能力： 熟悉C++/Python编程，精通ROS/ROS2等机器人开发框架； 熟悉深度学习（CNN、RNN、Transformer等）及传统机器视觉算法； 掌握SLAM、传感器融合、路径规划、行为预测等自动驾驶核心技术； 有激光雷达、摄像头、毫米波雷达等传感设备开发经验者优先； 熟悉自动驾驶仿真工具（CARLA、LGSVL、Prescan等）者优先； 项目经验： 有自动驾驶公司/车企智能驾驶研发经验者优先； 参与过L3及以上自动驾驶项目者优先； 具备无人矿卡、港口车、商用车等封闭场景落地经验者更佳； 软技能：具备良好的沟通能力和团队协作精神，逻辑思维缜密，能承受一定工作压力。 工作地点 铜山区徐州徐工汽车制造有限公司 以担保或任何理由索要财物，扣押证照，均涉嫌违法。一经发现， 立即举报,"新能源汽车,新能源/燃油整车研发制造",http://www.zhaopin.com/jobdetail/CCL1304111230J40917853915.htm?refcode=4019&srccode=401901&preactionid=7d3488e6-d6be-41c2-8b76-71143a2db3f0
单片机嵌入式软件工程师,北京工匠生物科技有限公司,6000-12000元·13薪,北京·海淀·海淀街道,Guangzhou,本科,1-3年,6月24日,zhilian,岗位职责： 1. 负责STM32/51等主流单片机的嵌入式程序开发、调试与性能优化，保障代码的稳定性和可维护性； 2. 完成硬件外设驱动开发与调试，包括UART/I2C/SPI/ADC/PWM/定时器等常用接口及传感器、模块的适配； 3. 参与产品需求分析、嵌入式系统方案设计，输出详细的开发文档、测试文档及技术说明； 4. 配合硬件工程师进行软硬联调，排查并解决产品开发、测试及量产过程中的技术问题； 5. 负责产品后期的固件升级、bug修复及技术支持，跟进产品迭代优化； 6. 参与团队技术分享与攻关，沉淀嵌入式开发相关技术经验。 任职要求： 1. 本科及以上学历，电子信息工程、自动化、计算机科学与技术、机电一体化等相关专业，有1-3年及以上单片机嵌入式开发经验； 2. 熟练掌握C语言嵌入式编程，具备扎实的编程基础，了解数据结构、模块化编程思想； 3. 精通STM32/51系列单片机开发，熟悉其内核架构、外设原理及底层驱动开发； 4. 熟练掌握UART、I2C、SPI、Modbus等常用通信协议，能独立完成外设与模块的对接； 5. 具备硬件调试能力，会使用示波器、万用表、逻辑分析仪等测试工具，能快速定位软硬结合问题； 6. 有良好的问题分析与解决能力，动手能力强，能承受一定的项目开发压力； 7. 具备规范的文档编写能力，注重代码注释，有良好的团队协作意识和沟通能力。 优先条件： 1. 有FreeRTOS/UCOS等实时操作系统开发经验，了解低功耗嵌入式系统设计； 2. 有工业控制、物联网（IoT）、消费电子、智能硬件等相关项目开发经验； 3. 了解PCB原理图基础，能与硬件工程师高效协作完成方案设计； 4. 有产品量产经验，熟悉嵌入式产品的EMC/EMI整改流程； 5. 具备独立负责小型嵌入式项目全流程开发的能力。 工作地点 北京海淀区海淀新技术大厦 以担保或任何理由索要财物，扣押证照，均涉嫌违法。一经发现， 立即举报,"嵌入式软件研发,STM32单片机,MCS-51单片机,嵌入式硬件研发,技术支持",http://www.zhaopin.com/jobdetail/CCL1293629640J40858248013.htm?refcode=4019&srccode=401901&preactionid=7d3488e6-d6be-41c2-8b76-71143a2db3f0
急聘仪表工 月入8000,濮阳市盛源石油化工(集团)有限公司,4000-8000元,濮阳·范县·王楼镇,Guangzhou,本科,经验不限,7月16日,zhilian,职位描述 DCS系统 控制仪表 检测仪表 测量仪表 化工 工业自动化/机器人 仪器仪表 岗位需求 学历：本科及以上应届毕业生，掌握过程控制、检测技术、自动化仪表基础理论知识，自动化、测控技术与仪器、工业自动化、机电仪一体化等仪表自控相关专业。 技能：熟悉温度、压力、流量、液位等化工常用检测仪表，了解DCS、PLC控制系统基本逻辑，能看懂自控流程图，具备基础仪表调试、故障排查能力。 素质：心思缜密、学习能力强，对智能化自控设备感兴趣，遵守化工生产安全管理制度，能适应倒班及现场调试工作，具备良好的数据分析和问题处理能力。 工作内容 负责生产车间各类自动化仪表、传感器、调节阀、变送器的日常巡检、校准、维护与故障维修； 负责DCS控制系统日常监控、参数调试、点位维护； 协助完成自控系统升级、技改优化，保障生产线自动化控制精准、稳定，满足生产工艺参数要求。 原标题：《仪表自控储备技术员》 工作地点 范县濮阳市盛通聚源新材料有限公司 以担保或任何理由索要财物，扣押证照，均涉嫌违法。一经发现， 立即举报,"DCS系统,控制仪表,检测仪表,测量仪表",http://www.zhaopin.com/jobdetail/CC239349030J40873790605.htm?refcode=4019&srccode=401901&preactionid=7d3488e6-d6be-41c2-8b76-71143a2db3f0
人工智能算法工程师,山东大世自动化科技有限公司,9000-18000元,潍坊·寒亭·开元,Guangzhou,本科,1-3年,7月24日,zhilian,岗位职责： 1. 与 Unity3D协作，完成 AI 模型在 Unity 环境中的集成、调试与展示； 2. 实现 Unity 与 Python/AI 模型的通信机制（如 Socket、HTTP、消息队列等）； 3. 参与虚拟人、智能体、设备行为模拟等项目的技术方案设计； 4. 对接工业数据、传感器信息或用户行为数据，实现数据驱动的智能交互； 5. 持续优化系统性能和用户体验，保障系统稳定运行。 任职要求： 1.本科及以上学历，计算机、人工智能、自动化、软件工程等相关专业，双一流、211或985院校毕业优先； 2.熟悉深度学习、机器学习、自然语言处理等领域的相关技术及算法； 3.精通Python语言，对PyTorch/TensorFlow框架比较了解，有AI模型训练和优化经验； 4.了解Unity3D引擎开发，了解C#开发语言，具备面向对象的编程思想； 5.能独立完成从数据清洗、模型训练到边缘端部署的全流程开发； 6.学习能力强，良好的沟通协作能力。 工作地点 寒亭区中南高科潍坊鸢都汇智产业园 以担保或任何理由索要财物，扣押证照，均涉嫌违法。一经发现， 立即举报,"深度学习,图像算法",http://www.zhaopin.com/jobdetail/CC201501330J40809171413.htm?refcode=4019&srccode=401901&preactionid=eb47d91a-8f61-407d-916d-5d34897f09ae
agv实施工程师,中轻长泰(长沙)智能科技股份有限公司,8000-15000元,长沙·雨花·同升,Guangzhou,本科,1-3年,7月24日,zhilian,岗位职责 1. AGV现场安装与调试 负责新部署AGV的现场安装、参数配置、功能测试及系统联调，确保设备符合技术规范。 调试AGV导航系统（激光/视觉/磁导航等）、避障传感器、通讯模块（Wi-Fi/5G/RFID）及调度系统对接 优化AGV运行路径、速度、负载参数，提升运行效率与稳定性 负责激光导航地图构建（有反/无反）、路径规划及反光柱布设等工作 2. 系统部署与集成 配置服务器，添加运行地图，添加合理的运行路径，调度AGV运行； 独立完成AGV与WCS/WMS/MES等系统的集成对接，编写任务逻辑流程，确保数据通信稳定可靠； 参与AGV导入及运维，处理AGV运行时遇到的软硬件问题； 与机械、电气、软件团队协作，推动AGV系统持续改进； 3. 故障诊断与维护 快速定位AGV硬件（驱动、电池、传感器）及软件（调度逻辑、通讯中断）故障，制定解决方案； 执行预防性维护计划，减少设备突发故障率； 能够迅速排查项目现场出现的电气、机械、网络问题并进行解决； 诊断并处理电气类故障，熟练使用万用表等检测工具； 4. 技术文档与客户支持 记录调试参数、故障案例及维护报告，建立技术档案；分析运行数据，提出性能优化建议； 编写相关技术文档及操作手册； 对客户进行设备操作培训，配合项目验收； 负责领导交代的其他相关事务； 三、任职要求 （一）学历与专业 本科及以上学历（经验丰富可放宽至大专），自动化、机电一体化、电气工程、计算机、通信、电子等相关专业； （二）工作经验 2年以上AGV/工业机器人/自动化设备调试经验，独立完成过至少2个AGV项目部署 有整厂AGV规划项目经验者优先 （三）专业技能 1. AGV与机器人技术 熟悉AGV的控制原理和主流品牌的AGV设备调试与应用 精通AGV控制系统及调度系统（如RCS、WMS对接） 熟悉多种导航方式（磁条导航、激光导航、SLAM导航等）及其调试流程 2. 编程与自动化 熟悉常见通信协议：Modbus/TCP、RS232/485等 具备一定的编程能力：熟悉C#，java变成语言， 熟悉掌握数据库的安装，配置，操作，查询和优化； 3. 电气与机械 熟悉伺服电机、传感器、无线通讯设备等核心部件的调试与优化 能够看懂AutoCAD图纸 4. 网络与系统 了解AGV系统的通讯接口和协议，能够进行系统集成及网络配置 熟悉WMS、MES系统和AGV系统对接 具备无线网络部署能力（如AP设置与信号优化） （四）个人素质 具备良好的逻辑思维能力和问题解决能力 有较强的分析和解决问题的能力，能承受一定强度的工作压力 认真负责、有良好的团队协作精神 具备良好的沟通表达能力、协调能力、计划与执行能力 工作态度积极主动，踏实肯干，具有强烈的责任心 能适应频繁出差及现场调试环境 四、加分项 有AGV路径规划算法或SLAM技术调试经验 有多种品牌驱动器或导航方案（如二维码、SLAM）的实际操作经验 参与过智能仓储系统（WMS/WCS）对接项目 对机器人行业有热情，能稳定长期发展 工作地点 雨花区中轻长泰(长沙)智能科技股份有限公司 以担保或任何理由索要财物，扣押证照，均涉嫌违法。一经发现， 立即举报,AGV 调试、安装、维护,http://www.zhaopin.com/jobdetail/CCL1429401230J40876566809.htm?refcode=4019&srccode=401901&preactionid=eb47d91a-8f61-407d-916d-5d34897f09ae
物联网工程师,深圳壹连科技股份有限公司,1.2-1.8万·14薪,深圳·宝安·燕罗,Guangzhou,大专,1-3年,7月23日,zhilian,职位描述 物联网 工作职责 1. 物联网项目实施与落地 负责工厂、仓储物流场景物联网项目的现场实施、部署调试与落地交付，涵盖自动化设备、物联网终端、工业网关、工控设备的点位规划、安装部署、调试上线。全程跟进新项目建设、库区改造、自动化升级等场景的物联改造工作，保障物联网链路顺利投产运行，配合完成项目验收、交付归档全流程工作。 2. 设备联网与通信调试 负责各类IoT设备（传感器、RFID、扫码设备、PLC、工控机、4G/LoRa终端、工业网关）的联网配置、参数调试、协议适配工作。熟练运用Modbus、MQTT、TCP/UDP、HTTP、RS232/RS485等主流通信协议，排查设备离线、通信中断、数据丢包、上报延迟、报文异常等问题，保障现场物联网设备稳定在线、数据实时传输。 3. 跨系统数据对接与联调 承接IoT物联层与业务系统的数据打通工作，负责物联网设备与WMS、WCS、MES、SCADA、上位机等系统的接口联调、数据透传、指令交互调试。统一各设备数据传输规范，解决跨系统数据不同步、指令卡死、状态异常等问题，实现仓储、生产自动化设备与业务软件的闭环联动。 4. 现场运维与故障闭环处理 负责厂区、仓库物联网设备及工业网络的日常运维、巡检、故障排查，定期检查网关、网络设备、物联网终端运行状态，提前预判设备老化、网络波动、点位故障等潜在风险。快速响应现场生产、仓储作业突发故障，闭环处理设备断连、数据异常、自动化联动失效等问题，保障产线、仓库作业不间断运行。 5. 网络与设备体系优化 负责工业局域网、交换机、路由器、网关设备的配置与维护，优化现场网络架构，解决网络冲突、网络风暴、点位IP异常等网络问题。结合仓储自动化、智能产线业务痛点，持续优化物联网采集策略、数据传输逻辑，提升设备联网稳定性、数据准确率与自动化作业效率。 6. 文档沉淀与培训赋能 整理输出物联网项目实施方案、设备部署规范、协议对接文档、故障处理手册、运维SOP等标准化资料，搭建运维知识库。针对现场运维人员、一线作业人员开展物联网设备操作、日常维护、简易故障处理培训，规范现场设备使用与运维标准。 7. 需求跟进与迭代优化 对接业务、设备厂商、研发及IT团队，收集现场物联网使用痛点与优化需求，跟进设备固件升级、网关配置迭代、物联功能优化。配合完成系统版本更新、功能测试、压力测试，制定业务高峰期、新项目上线的运维保障方案，保障物联网体系稳定迭代升级。 任职资格 1. 大专及以上学历，物联网、电子信息、自动化、计算机、机电一体化、通信工程等相关专业。 2. 2-3年及以上IoT物联网项目实施、调试、运维经验，有智能制造/仓储物流自动化/设备联网落地经验优先。 3. 物联网设备认知：熟练掌握RFID、传感器、扫码设备、工业网关、PLC、工控机、串口设备、LoRa/4G/5G物联网终端等常用IoT设备调试与部署。 -通信与协议能力：熟悉常见工业物联网协议，包含 Modbus、MQTT、HTTP、TCP/UDP，了解串口RS232/RS485通信原理，能独立排查通信异常、断连、数据上报异常问题。 - 系统对接能力：熟悉IoT设备数据上云/上平台流程，能够完成IoT设备与WMS、WCS、MES、SCADA等业务系统的数据对接、联调、数据透传。 - 现场实施运维：具备现场布线、设备安装调试、网络排查、工业网络运维能力，能独立完成物联网点位部署、设备标定、故障闭环处理。 - 基础技术能力：了解网络基础知识、IP配置、交换机/路由器调试；掌握基础数据排查方法，能看懂设备日志、报文，定位数据丢失、延迟、断连问题。 4. 综合能力 - 具备良好的现场问题排查能力，能快速处理设备离线、数据异常、通信故障等现场问题； - 沟通能力良好，可对接现场工程、设备厂商、IT、业务部门推进项目落地； - 能接受项目出差、现场驻场、新项目上线值守； - 工作严谨，具备完整的项目文档输出与复盘能力。 5. 加分项 - 有仓储自动化、立体库、分拣线、AGV设备物联网调试经验； - 了解Linux基础、简单脚本、边缘计算网关配置； - 具备基础SQL、数据对接调试经验； - 有物联网平台（阿里云/华为/自研IoT平台）使用经验。 工作地点 宝安区深圳壹连科技股份有限公司 以担保或任何理由索要财物，扣押证照，均涉嫌违法。一经发现， 立即举报,物联网,http://www.zhaopin.com/jobdetail/CCL1381643850J40864406611.htm?refcode=4019&srccode=401901&preactionid=eb47d91a-8f61-407d-916d-5d34897f09ae
系统工程师（智能轮胎）,季华合越科技(佛山)有限公司,2-4万,佛山·南海·桂城,Guangzhou,硕士,1-3年,7月22日,zhilian,岗位职责： 1、负责与整车厂及其他客户进行技术对接，准确获取并转化轮胎系统相关需求； 2、主导非充气智能轮胎的功能定义与系统架构设计； 3、负责非充气智能轮胎内传感器及控制单元的选型、布置与集成方案设计； 4、推进非充气智能轮胎与整车电子电气架构、底盘及控制系统的集成开发； 5、组织并实施非充气智能轮胎的匹配测试、台架及实车验证，分析并闭环解决相关问题。 任职要求： 1、学历与经验：硕士研究生及以上学历，车辆工程、机械工程等相关专业；具备2年以上车辆测试经验； 2、具备车辆性能测试相关项目经验，能熟练使用数据采集与分析工具； 3、深入理解传感器、控制器的工作原理、结构及信号链路，具备相关开发或集成经验； 4、具备优秀的问题分析与解决能力，良好的跨部门沟通与协调能力； 5、熟悉车辆动力学、轮胎力学或底盘控制系统者优先考虑。 工作地点 佛山南海区季华实验室-A区A5栋 以担保或任何理由索要财物，扣押证照，均涉嫌违法。一经发现， 立即举报,"传感器,控制器,智能轮胎",http://www.zhaopin.com/jobdetail/CCL1348591180J40957292515.htm?refcode=4019&srccode=401901&preactionid=eb47d91a-8f61-407d-916d-5d34897f09ae
嵌入式软件工程师（AI辅助研发方向）,天津市丽景微电子设备有限公司,8000-12000元,天津·西青·张家窝,Guangzhou,本科,1-3年,7月23日,zhilian,岗位职责 1. 负责公司智能测量产品的嵌入式软件开发，包括： · MCU应用程序开发； · 传感器数据采集与处理； · 无线通信功能开发； · 工业通信协议实现； · 产品功能维护与优化。 1. 参与产品从需求分析到量产交付全过程，包括： · 软件架构设计； · 模块开发； · 调试测试； · 技术文档整理。 1. 使用现代化开发工具提升研发效率，包括： · AI辅助代码设计； · AI辅助问题分析； · AI辅助测试和文档生成。 1. 与硬件工程师、机械工程师及应用团队协作，将实际产品需求快速转化为可靠的软件方案。 任职要求基础能力 1. 熟悉C语言开发； 2. 了解嵌入式系统基本原理： 包括： MCU运行机制；· GPIO；· UART；· SPI；· I2C；· 定时器；· 中断；· 低功耗设计等。 1. 具有嵌入式产品开发经验，能够独立完成模块设计和调试。 我们特别关注的能力1. 学习和解决问题能力 我们希望你： · 面对陌生技术能够快速学习； · 能够通过资料、工具和AI辅助完成技术探索； · 不局限于已有经验。 例如： 面对新的芯片、新协议、新应用场景，能够快速建立解决方案。 2. AI辅助研发能力 我们希望你： · 认可AI正在改变软件开发方式； · 愿意主动学习AI工具； · 能够利用AI提高开发效率和代码质量。 熟悉以下工具者优先： · ChatGPT； · Cursor； · GitHub Copilot； · Codex等。 （如果目前使用经验不足，但具有强烈学习意愿，也欢迎加入。） 3. 工程产品意识 我们更看重： 你是否能够理解： · 为什么开发这个功能； · 谁会使用这个产品； · 如何让软件长期稳定运行。 而不仅仅是完成某一段代码。 加分项 具备以下经验者优先： · STM32开发经验； · Nordic nRF系列开发经验； · BLE/BLE Mesh经验； · RTOS经验； · Modbus RTU/TCP经验； · RS485/CAN通信经验； · 物联网设备开发经验； · 传感器数据处理经验。 我们不要求你： · 掌握所有技术； · 熟悉所有芯片； · 有大型公司背景。 我们更关注： 你是否具备持续学习和快速解决问题的能力。 我们期待你成为： 不是单纯的软件代码编写者， 而是一名： 能够借助AI工具，将产品需求快速转化为可靠软件方案的嵌入式工程师。 薪资待遇 根据能力和经验面议。 我们更加关注： · 实际解决问题能力； · 学习成长速度； · 对公司长期发展的贡献。 工作地点 西青区天津市丽景微电子设备有限公司 以担保或任何理由索要财物，扣押证照，均涉嫌违法。一经发现， 立即举报,AI辅助编程,http://www.zhaopin.com/jobdetail/CC120484230J41023961104.htm?refcode=4019&srccode=401901&preactionid=eb47d91a-8f61-407d-916d-5d34897f09ae
自动化工程师,北京信博云控科技发展有限公司,6000-8000元,德阳·旌阳区,Guangzhou,大专,1-3年,7月24日,zhilian,岗位职责1、负责自动化项目工程的需求调研、方案设计、设备选型及技术交流等工作；2、充分利用各种市场资源，组织自动化系统的开发与实现；3、与软件开发人员协作，进行软件功能的测试；4、组织自动化设备与系统的现场安装、调试与验收交付；5、设备和需求调研以及现场安装、调试与验收等。任职要求1、本科以上学历，自动化、机械制造及其自动化等专业；2、最好有自动化行业智能化方向工作经验；3、组织自动化设备、生产线的开发与调试；4、对伺服、变频设备等有较全面的了解；5、熟悉位移、压力、速度、流量、温湿度等方面常见传感器，并能熟练应用；6、熟悉工业通讯常用通信方式等；7、熟悉一种或以上PLC及其编程软件，有较好的编程能力；8、自学能力强，责任心强，良好的工作主动性，抗压能力强等； 职位福利：五险一金、绩效奖金、出差补贴 职位亮点：1、有培训前期会有人带 工作地点 旌阳区德阳开发区管委会 以担保或任何理由索要财物，扣押证照，均涉嫌违法。一经发现， 立即举报,"测试,安装/调试,维修/保养,自控系统,电气设备,机械设备,工控设备",http://www.zhaopin.com/jobdetail/CC698165420J40880836505.htm?refcode=4019&srccode=401901&preactionid=eb47d91a-8f61-407d-916d-5d34897f09ae
智能硬件项目助理,深圳金富东实业有限公司,8000-13000元,深圳·罗湖·南湖,Guangzhou,本科,1-3年,7月25日,zhilian,职位描述 硬件实施 技术管理 电路设计 传感器 智能硬件项目全流程跟进 跨部门资源协调 项目文档管理 工作职责 1. 协助项目经理跟进智能硬件项目全流程，包括需求对接、进度跟踪与风险预警，确保项目按计划交付。 2. 负责项目文档的整理与归档，涵盖研发进度表、物料清单（BOM）及测试报告等关键资料。 3. 协调研发、供应链、生产等跨部门资源，推动解决项目执行中的技术或流程问题。 4. 参与硬件样品的测试与反馈，协助优化产品设计细节，提升用户体验。 任职要求 1. 本科及以上学历，电子信息、机械工程或项目管理相关专业优先。 2. 了解智能硬件开发流程，对电路设计、传感器应用或嵌入式系统有基础认知。 3. 具备良好的沟通协调能力，能高效对接技术与非技术团队，推动任务落地。 4. 熟练使用项目管理工具（如Jira、Trello）及Office办公软件，有硬件项目支持经验者优先。 1. 薪酬福利：五险一金、包住宿 2. 排班信息：双休 工作地点 深圳市-罗湖区-建设路2020号 以担保或任何理由索要财物，扣押证照，均涉嫌违法。一经发现， 立即举报,"硬件实施,技术管理,电路设计,传感器,智能硬件项目全流程跟进,跨部门资源协调,项目文档管理",http://www.zhaopin.com/jobdetail/CCL1506998870J40783492206.htm?refcode=4019&srccode=401901&preactionid=eb47d91a-8f61-407d-916d-5d34897f09ae
自动驾驶车辆端软件系统工程师 / 车载基础软件工程师,北控城市环境服务集团有限公司,1.5-3万,深圳·坪山·龙田,Guangzhou,本科,1-3年,7月23日,zhilian,"岗位职责： 1. 车云通信架构设计与开发 - 负责自动驾驶车辆与云端监控平台的高性能通信协议的开发与维护（如MQTT, SOME/IP, DDS或自定义TCP/UDP协议）。 - 负责车辆实时状态数据（如位置、姿态、故障码）的上报，以及云端调度指令（如OTA升级、远程接管、路径规划下发）的可靠接收与解析。 - 优化通信链路，处理弱网、断网等极端情况下的数据缓存与重传机制，保证数据零丢失。 2. 车辆健康管理与故障诊断 - 负责车载自动驾驶系统的故障库搭建与维护，定义故障等级（如警告、限制性能、立即停车）。 - 开发车辆自检程序，实时监控各传感器（激光雷达、摄像头、IMU等）、计算单元和执行器（线控底盘）的健康状态。 - 设计故障诊断与隔离机制，快速定位软硬件故障源。 3. 功能安全与应急处理策略实现 - 负责故障应急处理模块的开发，根据故障等级触发相应的最小风险策略。 - 实现降级处理逻辑（例如：主传感器失效，自动切换备选方案）。 - 开发安全监控看门狗程序，确保主进程崩溃时能自动恢复或执行安全停车（即进程监管）。 4. 人机交互（HMI）后端与语音播报集成 - 负责车辆端语音播报逻辑的触发与实现，将系统状态、故障提示、导航信息转化为语音指令输出。 - 与HMI前端团队协作，定义车辆状态显示接口，确保驾驶员能及时获取自动驾驶系统状态。 5. 系统集成与性能优化 - 负责系统软件在不同硬件平台（工控机、Orin、地瓜等）上的移植与适配。 - 分析系统资源占用（CPU、内存、网络），优化软件性能，确保实时性。 任职要求： 1. 基础技能 - 本科及以上学历，计算机科学、自动化、车辆工程或相关专业。 - 精通C/C++编程，具备良好的编码习惯，熟悉Linux或QNX环境下的开发和调试。 - 熟悉多线程、多进程编程，深刻理解进程间通信机制（共享内存、DDS、Socket等）。 2. 协议与中间件 - 熟悉常用的车云通信协议（MQTT, HTTP/2, gRPC）以及车载通信协议（SOME/IP, DDS, CAN）。 - 有ROS/ROS2或CyberRT实际开发经验者优先。 3. 系统理解 - 熟悉Linux系统原理，具备系统级调试能力。 - 理解功能安全基本概念，有故障诊断、健康管理软件开发经验者优先。 4. 业务逻辑 - 对自动驾驶系统架构有整体认知，理解传感器、感知、定位、规划、控制各模块的基本数据流。 - 具备语音合成（TTS）或车载HMI相关开发经验者优先。 5. 综合素质 - 具备强烈的责任感，对自动驾驶的安全性有敬畏之心。 - 具备良好的故障排查逻辑思维能力，能快速定位“到底是车坏了、网络断了、还是软件bug了”。 加分项： - 有实际的车规级项目落地经验。 - 熟悉Docker容器化技术在车端的应用。 - 有实际车辆路测跟车调试经验。 工作地点 坪山区坪山城投智园A栋深圳坪山城投智园A栋12楼 以担保或任何理由索要财物，扣押证照，均涉嫌违法。一经发现， 立即举报",工业自动化/机器人,http://www.zhaopin.com/jobdetail/CC302209580J40862397901.htm?refcode=4019&srccode=401901&preactionid=eb47d91a-8f61-407d-916d-5d34897f09ae
智能驾驶测试员,郑州宸筑新材料有限公司,6000-8000元,郑州·中原·航海西路,Guangzhou,大专,经验不限,7月26日,zhilian,职位描述 C++ Python 自然语言处理 人工智能 计算机硬件 我们正在寻找一位智能驾驶系统工程师，负责研发和实现智能驾驶技术。 工作内容： 负责智能驾驶系统的需求分析和设计； 开发、测试和优化智能驾驶系统； 与硬件团队合作，实现软硬件集成； 撰写技术文档和报告。 岗位要求： 大专及以上学历，计算机、电子工程或相关专业； 了解C++、Python等编程语言； 熟悉常用的传感器和执行器； 良好的沟通能力和团队协作精神。 工作地点 郑州市中原区陇海西路338号 以担保或任何理由索要财物，扣押证照，均涉嫌违法。一经发现， 立即举报,"C++,Python,自然语言处理",http://www.zhaopin.com/jobdetail/CCL1524485040J40875360905.htm?refcode=4019&srccode=401901&preactionid=eb47d91a-8f61-407d-916d-5d34897f09ae
工业机器人工程师,西安鹏耀博文信息技术有限公司,6000-12000元,西安·莲湖·北院门,Guangzhou,本科,经验不限,7月26日,zhilian,职位描述 机器人结构设计 机器人运动算法 机器人集成 ABB 库卡 发那科 C++ Python MATLAB 动力学分析 智能模块开发 工作职责： 1. 负责工业机器人本体结构设计、运动学建模与动力学分析，优化机器人的运动精度与负载能力。 2. 开发机器人运动控制算法，包括路径规划、轨迹跟踪及力控策略，提升机器人在复杂工业场景下的适应性。 3. 主导机器人系统与工业产线的集成调试，解决现场部署中的技术问题，保障系统稳定运行。 4. 参与机器人视觉引导、力觉传感等智能模块的开发与应用，推动机器人的智能化升级。 任职要求： 1. 本科及以上学历，机械工程、自动化、机器人工程等相关专业，基础扎实。 2. 熟悉工业机器人结构原理，掌握至少一种主流机器人品牌（如ABB、KUKA、FANUC）的编程与调试。 3. 具备运动控制算法开发经验，精通C++/Python编程，熟悉ROS或Matlab/Simulink工具。 工作地点 西安市-莲湖区-莲湖西大街81号 以担保或任何理由索要财物，扣押证照，均涉嫌违法。一经发现， 立即举报,"机器人结构设计,机器人运动算法,机器人集成,ABB,库卡,发那科,C++,Python,MATLAB,动力学分析,智能模块开发",http://www.zhaopin.com/jobdetail/CCL1509995720J40850666811.htm?refcode=4019&srccode=401901&preactionid=eb47d91a-8f61-407d-916d-5d34897f09ae
视觉调试工程师/双休,河南琏晟电子科技有限公司,9000-15000元,郑州·金水·文化路,Guangzhou,大专,经验不限,7月22日,zhilian,职位描述 OpenCV Python C++ 人工智能 工业自动化/机器人 工作职责 1. 负责视觉系统的硬件调试与算法部署，确保设备在实际场景中的稳定运行。 2. 针对图像采集、预处理及识别环节的问题进行定位与优化，提升系统识别准确率。 3. 与算法团队协作，将模型需求转化为可落地的工程化方案，推动项目交付。 4. 记录并分析调试过程中的问题，输出技术文档与解决方案，沉淀调试经验。 任职要求 1. 大专及以上学历，自动化、电子信息、计算机等相关专业。 2. 熟悉视觉系统硬件（相机、镜头、光源）的选型与调试，了解常见图像传感器原理。 3. 掌握至少一种图像处理工具（如OpenCV）或视觉软件（如Halcon）的基础操作。 4. 具备较强的动手能力与问题分析能力，能独立完成现场调试与故障排查。 5. 有工业视觉、智能设备或消费电子视觉调试经验者优先。 补充说明 1. 工作制度：双休 工作地点 郑州金水区关虎屯 以担保或任何理由索要财物，扣押证照，均涉嫌违法。一经发现， 立即举报,"OpenCV,Python,C++",http://www.zhaopin.com/jobdetail/CCL1517174690J40788628906.htm?refcode=4019&srccode=401901&preactionid=eb47d91a-8f61-407d-916d-5d34897f09ae
智能网联工程师,山东雷迈新能源车业有限公司,1-2万,上海·宝山·罗店,Guangzhou,本科,3-5年,7月24日,zhilian,职位描述 智能座舱设计 汽车软件开发 低速三轮篷车开发 车载通信协议优化 智能网联系统集成验证 工作职责 1. 负责低速三轮篷车智能网联系统的方案设计与开发，适配低速场景下的车载通信、智能座舱等功能落地。 2. 参与低速车专用通信协议（如CAN/LIN）的优化与调试，保障车辆状态数据的稳定采集与传输。 3. 协同整车研发团队完成智能网联功能的集成验证，解决低速车特殊场景下的系统兼容性问题。 4. 基于低速车成本与性能需求，优化智能网联功能的技术实现方案，平衡用户体验与量产可行性。 任职要求 1. 本科及以上学历，计算机、电子信息、自动化等相关专业。 2. 熟悉车载电子电气架构（EEA），具备低速车或微型车辆智能网联系统开发经验优先。 3. 掌握C/C++或Python编程语言，了解车载操作系统（如QNX、Android Automotive）的基础应用。 4. 了解智能网联核心技术（如车载通信、传感器数据处理），能针对低速场景提出轻量化技术解决方案。 工作地点 宝山区MAX科技园(上海·美兰湖) 以担保或任何理由索要财物，扣押证照，均涉嫌违法。一经发现， 立即举报,"智能座舱设计,汽车软件开发,低速三轮篷车开发,车载通信协议优化,智能网联系统集成验证",http://www.zhaopin.com/jobdetail/CC813328170J40828677716.htm?refcode=4019&srccode=401901&preactionid=eb47d91a-8f61-407d-916d-5d34897f09ae
激光SLAM算法工程师,纽科伦(新乡)起重机有限公司,1.5-2.5万,新乡·长垣市·南蒲街道,Guangzhou,本科,1-3年,7月23日,zhilian,岗位职责: 1.负责工业场景（仓储物流、无人叉车、智能起重机）移动机器人激光SLAM定位与建图算法的研发、优化及迭代。 2.参与激光与视觉传感器融合方案设计，协助解决复杂环境下的定位失效问题。 3.负责点云预处理、特征提取等核心模块开发调试，提升建图精度与系统稳定性。 4.结合多源信息，参与多传感器融合定位系统的设计与落地。 5.配合现场算法调试，协助解决定位漂移、丢定位等实际问题。 6.配合团队完成算法集成与联调，推动算法落地应用。 任职要求： 1.本科及以上学历，相关专业，1-3年SLAM算法相关经验。 2. 熟练掌握jC++编程，有良好代码习惯，熟悉Linux环境，会用Shell/Python辅助开发测试。 3.理解SLAM核心理论，熟悉一种主流激光SLAM框架，了解其核心逻辑。 4.熟悉激光与视觉融合技术、图像合并处理算法，掌握OpenCV/PCL库，有相关开发调试经验者优先。 5.熟悉ROS/ROS2系统，掌握相关数学基础，能辅助解决定位相关问题。 6.具备工程落地意识和团队协作能力，愿意现场调试，能配合解决算法Bug。 工作地点 长垣市纽科伦(新乡)起重机有限公司 以担保或任何理由索要财物，扣押证照，均涉嫌违法。一经发现， 立即举报,"导航算法,定位算法",http://www.zhaopin.com/jobdetail/CC269298210J40941383402.htm?refcode=4019&srccode=401901&preactionid=eb47d91a-8f61-407d-916d-5d34897f09ae
智能驾驶算法工程师（感知方向）,三一集团有限公司,9000-18000元·16薪,珠海·金湾区·平沙镇,Guangzhou,本科,经验不限,7月4日,zhilian,岗位职责 负责港口环境下智能驾驶车辆的视觉、激光雷达、毫米波雷达等多传感器感知算法开发与优化； 参与集装箱、卡车、行人、路障、岸桥/场桥等港口典型目标的检测、跟踪与识别模型训练； 处理港口特殊场景（雨雾、反光、强日照、金属集装箱干扰）下的感知噪声与漏检问题； 配合融合定位与云控团队，完成感知结果的上报与通信接口调试； 跟踪前沿感知技术（BEV、Transformer、Occupancy Network等），在港口场景进行工程化落地验证。 岗位要求 硕士或优秀本科生，计算机、自动化、车辆工程、机器人、人工智能等相关专业； 熟悉Linux下的C++/Python开发，掌握至少一种深度学习框架（PyTorch/TensorFlow等）； 了解点云（PCL）或图像（OpenCV）处理基础，有目标检测/语义分割/多目标跟踪相关项目或竞赛经历； 对智能驾驶或机器人感知有浓厚兴趣，能适应港口现场测试（非纯办公室工作）； 具备良好的论文阅读和快速工程实现能力，有自动驾驶、AGV、AMR感知实习经验者优先。 工作地点 珠海金湾区三一海洋重工 以担保或任何理由索要财物，扣押证照，均涉嫌违法。一经发现， 立即举报,"深度学习算法,视觉图像算法",http://www.zhaopin.com/jobdetail/CC134218700J40850171910.htm?refcode=4019&srccode=401901&preactionid=eb47d91a-8f61-407d-916d-5d34897f09ae
技术支持岗,四川缘为民科技有限公司,5000-9000元,绵阳·江油市·三合镇,Guangzhou,大专,1-3年,7月23日,zhilian,岗位职责（全流程项目跟进） （一）前期：现场勘察+方案编制+售前技术支撑 1. 对接销售及意向客户，前往项目现场开展实地勘察，摸排现场原有消防设施现状（火灾自动报警系统、喷淋系统、消火栓、电气线路、消防水泵等）、建筑结构、网络布线条件、现场供电环境，记录现场痛点、改造难点及客户实际消防合规需求； 2. 结合国家消防规范、当地消防验收标准及客户预算，独立撰写、编制智慧消防整体建设方案、报价清单、系统拓扑图、施工图纸说明，包含物联网消防监测平台、前端感知设备、网关传输设备、云平台运维等全套内容； 3. 配合销售参与客户技术交流会、方案宣讲、答疑解惑，讲解智慧消防物联网系统功能、产品优势、合规价值及落地效果，协助销售推进签单。 （二）中期：项目落地跟进+现场技术对接+施工指导 1. 项目合同签订后，作为技术总对接人，联动施工团队、产品研发团队、客户三方，同步项目施工计划、设备供货周期、安装调试节点； 2. 跟进项目施工全流程，解决现场安装、设备联网、物联网平台对接、系统联调过程中的各类技术问题，保障项目按合同工期准时完工，顺利通过消防验收及客户内部验收； 3. 整理项目过程资料、验收资料、竣工文档，完成项目竣工移交，同步归档所有项目技术文件。 （三）后期：回款跟进+售后运维+客户长期维护 1. 对接财务部门，根据项目合同节点，跟进项目进度款、竣工尾款、质保款催收，同步整理回款所需技术资料、验收证明，配合完成回款流程，保障公司资金回笼； 2. 负责已交付项目的售后技术支持工作，线上远程排查物联网消防设备离线、数据异常、平台报错等故障，无法远程解决的问题安排上门售后维修； 3. 为客户提供操作人员培训，讲解智慧消防云平台使用方法、设备日常巡检流程、故障自查方式；定期回访存量客户，收集客户优化建议，挖掘二次改造及新增项目需求； 4. 汇总项目常见技术问题、售后故障案例，同步更新公司方案模板及技术知识库，提升整体售前售后工作效率。 任职要求 （一）硬性必备要求 1. 专业基础：电子信息、物联网工程、消防工程、机电一体化、建筑智能化等相关专业优先； 2. 行业知识：熟悉传统消防系统基础知识，了解火灾报警、电气火灾监控、消防水源监测等常规消防设备原理；精通智慧消防行业业务逻辑、主流物联网消防产品及行业验收规范； 3. 技术能力：掌握基础物联网核心知识，了解物联网感知层（传感器、烟感、水压传感器）、网络传输层（4G/5G、NB-IoT、LoRa网关）、平台应用层基本架构，能看懂物联网系统拓扑图、网络布线图； 4. 办公能力：精通Word/Excel/PPT，可独立完成智慧消防方案、报价单、竣工资料编制； 5. 综合素质：能接受短途出差、现场外勤勘察，沟通表达能力良好，具备独立对接客户、处理突发技术问题的能力，有较强的责任心，愿意跟进项目全流程工作。 （二）优先加分项 - 有智慧消防、消防工程、物联网安防、建筑智能化行业同等岗位1年及以上工作经验； - 持有消防设施操作员（中级及以上）、物联网相关证书优先； - 独立撰写过完整智慧消防改造方案、有现场项目跟进及回款售后经验； - 熟悉当地消防部门验收政策、智慧消防入网要求者优先。 工作地点 绵阳江油市江油为民安防服务有限公司 以担保或任何理由索要财物，扣押证照，均涉嫌违法。一经发现， 立即举报,软件产品,http://www.zhaopin.com/jobdetail/CCL1460332350J40907841212.htm?refcode=4019&srccode=401901&preactionid=eb47d91a-8f61-407d-916d-5d34897f09ae
人工智能工程师,山东星科智能科技股份有限公司,8000-10000元,济南·历下·智远,Guangzhou,本科,1-3年,7月23日,zhilian,岗位职责： 1.自动驾驶相关实验设备与系统的研发与实现，包括视觉感知、传感器融合及控制系统 2. 负责基于 ROS / Jetson / Ubuntu 的系统搭建、功能开发与调试 3. 负责计算机视觉算法（YOLO、姿态识别、人脸识别等）的工程化落地 4. 参与硬件选型、结构设计（SolidWorks建模）及整机集成调试 5. 负责仿真系统（Gazebo）与实物系统的联调，实现“仿真-实物”闭环验证 6. 支撑公司教学类产品的技术实现与功能完善 任职要求： 1.具有智能网联汽车、人工智能方向专业知识； 2.具有新产品的设计、研发和试制能力； 3.具有市场调研和客户需求分析的能力； 4.熟练使用专业开发软件、office、cad、大模型等工作软件； 5.有2-3年相关工作经验者优先； 工作地点 济南历下区山东星科智能科技股份有限公司 以担保或任何理由索要财物，扣押证照，均涉嫌违法。一经发现， 立即举报,"人工智能,新能源/燃油整车研发制造,新能源/燃油车零部件",http://www.zhaopin.com/jobdetail/CC120759150J40859686507.htm?refcode=4019&srccode=401901&preactionid=eb47d91a-8f61-407d-916d-5d34897f09ae
无人驾驶-导航软件工程师,沈阳新松机器人自动化股份有限公司,6000-12000元,青岛·城阳·上马,Guangzhou,本科,经验不限,6月30日,zhilian,岗位职责： 1.负责多传感器（如相机、激光雷达、IMU等）的标定工作； 2. 负责定位、感知相关软件的开发、调试工作； 3.参与相关系统的集成与测试工作； 4.文档撰写等其他相关工作； 任职要求： 1.本科及以上学历，自动化、机器人、物联网、计算机或相关专业优先； 2.熟练掌握C/C++、Python编程语言，具有良好的代码习惯； 3.熟悉GCC、Shell、Make、CMake等开发工具者优先； 4. 熟悉Linux等嵌入式操作系统原理，有Linux系统平台实际开发经验者优先； 5.有激光SLAM、点云处理开发经验者优先； 6.头脑清晰，思维灵活，逻辑性强。具有较强的沟通能力和执行能力，能适应短期出差，工作积极主动、责任心强。具备良好的团队合作意识，能够高效协作推进项目。 工作地点 城阳区中科青岛研发城青岛市高新区中科研发城A2-18楼 以担保或任何理由索要财物，扣押证照，均涉嫌违法。一经发现， 立即举报,C++,http://www.zhaopin.com/jobdetail/CC121051590J40830838111.htm?refcode=4019&srccode=401901&preactionid=eb47d91a-8f61-407d-916d-5d34897f09ae
自动驾驶系统工程师,中科创达软件股份有限公司,1.4-2.3万,上海·长宁·新泾,Guangzhou,大专,5-10年,7月24日,zhilian,职位描述 运动控制算法 语音算法 Python ROS DNN 数据采集 感知算法 规控 工业自动化/机器人 物联网 任职要求 工作经验：3年及以上ROS2机器人感知/定位/控制专项性能测试工作经验；熟悉ROS2 DDS分布式通信架构，有机器人整机多节点软硬件集成联调、专项性能优化工程项目经验；3年及以上机器人行业测试经验。 专业技能-工具栈：熟练使用ros2-tracing、Foxglove、ros2 bag、rqt性能监控套件、传感器录包分析工具；精通Core Dump分析、节点日志解析、DDS消息时延分析、时序数据分析工具。 专业技能-核心技术： 精通ROS2核心组件：DDS、TF2、消息总线调度； 精通机器人三大专项原理：SLAM定位算法、多传感器融合原理、运动控制闭环逻辑、AI感知推理流程； 精通性能瓶颈定位：可独立区分算法推理、硬件传感器、算力芯片、DDS网络通信、Linux系统调度、跨模块集成导致的性能问题； 底层与网络能力：熟练Linux主机运维、进程调度、资源监控基础操作；熟悉全网时间同步原理，掌握网络时延、时钟不同步对机器人感知、定位、控制性能的影响逻辑及排查方案。 软技能：具备强跨团队协同能力，可独立推动算法、硬件、基础软件团队配合完成性能整改；逻辑分析与复盘总结能力突出，能独立兜底重大项目性能事故。 综合能力素质要求 熟练Linux开发与测试环境，精通Git版本管理、团队规范化协作流程，能独立编写自动化性能测试脚本优先。 极强的复杂问题定位能力，能独立解决算力资源抢占等复杂现场性能问题。 具备优秀的技术方案、测试报告、复盘文档撰写能力；沟通逻辑清晰，抗压能力强，具备核心项目owner担当意识，能承接重大项目专项性能管控工作。 加分项 熟悉Navigation2机器人框架性能测试； 熟悉英伟达Jetson算力板性能调优； 熟悉C/C++代码，能配合研发定位底层代码级性能瓶颈。 工作地点 上海长宁区联强国际广场1栋6层 以担保或任何理由索要财物，扣押证照，均涉嫌违法。一经发现， 立即举报,"运动控制算法,语音算法,Python,ROS,DNN,数据采集,感知算法,规控",http://www.zhaopin.com/jobdetail/CC285451210J40864811711.htm?refcode=4019&srccode=401901&preactionid=eb47d91a-8f61-407d-916d-5d34897f09ae
急招电工,许昌市讯集装备智能科技有限公司,8000-11000元,济源市,Guangzhou,大专,3-5年,7月25日,zhilian,职位描述 装配电工 非标自动化设备装调 PLC程序调试 机构装配精度校准 工业自动化/机器人 电气机械/电力设备 工作职责 1. 负责非标自动化设备的电控系统装配，包括配盘、配线、总线安装及整机电气调试，确保符合原理图规范。 2. 独立完成设备机构总装，精准安装传动件、气动元器件，通过量具检测校准精密模块装配精度。 3. 对照PLC完成IO点核对，上传程序及驱动器参数，处理电气元件、传感器的异常问题。 4. 分析机构干涉问题与组装工艺的公差配合逻辑，参与整机及整线设备的调试与异常排查。 任职要求 1. 具备3-5年非标自动化设备组装、调试及导入经验，熟悉消费电子/智能硬件行业产线设备特性。 2. 能独立看懂电控原理图，熟练操作电气配盘、配线及总线安装，掌握PLC程序上传与参数调试技能。 3. 熟悉常用传动件、气动元器件的原理与调试方法，能用量具检测精密模块装配精度。 4. 具备机构干涉分析能力，理解组装工艺的公差配合逻辑，可独立完成整机机构总装与调试。 原标题：《装配电工》 工作地点 济源市富士康工业园附近 以担保或任何理由索要财物，扣押证照，均涉嫌违法。一经发现， 立即举报,"装配电工,非标自动化设备装调,PLC程序调试,机构装配精度校准",http://www.zhaopin.com/jobdetail/CCL1524673620J40856726201.htm?refcode=4019&srccode=401901&preactionid=eb47d91a-8f61-407d-916d-5d34897f09ae
物联网工程师,北京嘉禾云山筑宇建筑工程有限公司,8000-16000元,邢台·襄都区·泉东街道,广州,本科,经验不限,7月26日,zhilian,职位描述 物联网 通信/网络设备 计算机硬件 工作职责 1. 负责建筑工程场景下物联网系统的方案设计与实施，包括传感器部署、数据采集与传输链路搭建。 2. 对接工程业务需求，开发物联网平台功能模块，实现设备状态监控、能耗管理等智能化应用。 3. 优化物联网系统的稳定性与数据安全性，解决工程现场复杂环境下的技术问题。 4. 与工程团队协作，推动物联网技术在施工管理、设备运维等场景的落地应用。 任职要求 1. 本科及以上学历，计算机、电子信息、自动化等相关专业。 2. 掌握物联网核心技术栈，包括传感器原理、通信协议（如LoRa、NB-IoT）及数据处理技术。 3. 具备物联网平台或系统开发经验，熟悉至少一种编程语言（如Python、Java）。 4. 有工程行业或工业物联网项目经验者优先，能理解工程场景的技术需求。 工作地点 襄都区万达广场(邢台店) 以担保或任何理由索要财物，扣押证照，均涉嫌违法。一经发现， 立即举报,物联网,http://www.zhaopin.com/jobdetail/CCL1514891250J40864955411.htm?refcode=4019&srccode=401901&preactionid=cf58129a-c878-4ce4-a4c3-547eaf625c42
智能化工程师,杨掌柜食品科技(河南)有限公司,8000-13000元,周口·沈丘县·槐店回族镇,广州,本科,3-5年,7月21日,zhilian,职位描述 安装/调试 维修/保养 自控系统 工控设备 工业物联网解决方案 PLC编程 生产数据分析 工作职责 1. 负责公司智能化生产设备（如自动化包装线、智能仓储系统）的选型、部署与运维，确保设备稳定运行。 2. 设计并落地工业物联网（IIoT）解决方案，实现生产数据的实时采集、监控与分析，支撑生产效率提升。 3. 对接供应链管理系统（SCM）与ERP系统，优化数据流转链路，推动业务流程数字化转型。 4. 定期评估智能化系统的运行效果，提出技术优化方案，降低运营成本。 任职要求 1. 本科及以上学历，自动化、计算机科学、电气工程等相关专业。 2. 具备3年以上智能化系统实施经验，熟悉PLC编程、传感器技术及工业总线协议（如Modbus、Profinet）。 3. 掌握至少一种数据分析工具（如Python、SQL），能独立完成生产数据的清洗与可视化分析。 4. 了解食品行业生产流程优先，具备智能制造项目落地经验者加分。 工作地点 沈丘县周口市掌柜食品有限公司 以担保或任何理由索要财物，扣押证照，均涉嫌违法。一经发现， 立即举报,"安装/调试,维修/保养,自控系统,工控设备,工业物联网解决方案,PLC编程,生产数据分析",http://www.zhaopin.com/jobdetail/CCL1422983630J40859772407.htm?refcode=4019&srccode=401901&preactionid=cf58129a-c878-4ce4-a4c3-547eaf625c42
电气工程师助理,杭州煜城教育科技有限公司,7000-9000元,北京·顺义·胜利,广州,本科,1-3年,5月26日,zhilian,职位描述 安装/调试 维修/保养 传感器 教学设备维护 技术文档整理 教学设备培训支持 工作职责： 1. 协助电气工程师完成教学设备（如实验台、智能教具）的安装、调试与日常维护。 2. 负责设备故障的初步排查与记录，配合工程师进行维修及技术优化。 3. 整理设备技术文档与操作手册，支持教学团队的设备使用培训。 4. 参与教育场景下电气系统的需求对接，协助完成方案落地与效果验证。 任职要求： 1. 本科及以上学历，电气工程、自动化或相关专业背景。 2. 掌握电气原理基础，熟悉常用电气元件（如继电器、传感器）的选型与应用。 3. 具备基本的电路识图能力，能独立完成简单的接线与调试工作。 4. 工作细致、责任心强，有良好的沟通能力与团队协作意识。 工作地点 北京顺义区金街国际大厦08 以担保或任何理由索要财物，扣押证照，均涉嫌违法。一经发现， 立即举报,"安装/调试,维修/保养,传感器,教学设备维护,技术文档整理,教学设备培训支持",http://www.zhaopin.com/jobdetail/CCL1513903680J40943823215.htm?refcode=4019&srccode=401901&preactionid=cf58129a-c878-4ce4-a4c3-547eaf625c42
物联网工程师,北京嘉禾云山筑宇建筑工程有限公司,8000-16000元,邯郸·邯山区·渚河路街道,广州,本科,经验不限,7月26日,zhilian,职位描述 物联网 通信/网络设备 计算机硬件 工作职责 1. 负责建筑工程场景下物联网系统的方案设计与实施，包括传感器部署、数据采集与传输链路搭建。 2. 对接工程业务需求，开发物联网平台功能模块，实现设备状态监控、能耗管理等智能化应用。 3. 优化物联网系统的稳定性与数据安全性，解决工程现场复杂环境下的技术问题。 4. 与工程团队协作，推动物联网技术在施工管理、设备运维等场景的落地应用。 任职要求 1. 本科及以上学历，计算机、电子信息、自动化等相关专业。 2. 掌握物联网核心技术栈，包括传感器原理、通信协议（如LoRa、NB-IoT）及数据处理技术。 3. 具备物联网平台或系统开发经验，熟悉至少一种编程语言（如Python、Java）。 4. 有工程行业或工业物联网项目经验者优先，能理解工程场景的技术需求。 工作地点 邯山区万达广场(邯郸邯山店) 以担保或任何理由索要财物，扣押证照，均涉嫌违法。一经发现， 立即举报,物联网,http://www.zhaopin.com/jobdetail/CCL1514891250J40864955611.htm?refcode=4019&srccode=401901&preactionid=68cdeb3b-cf7f-4079-b299-d4f4c5b3a5d4
自动化工程师,南昌知讯精密科技有限公司,8000-10000元,南昌·红谷滩·卫东,广州,大专,经验不限,7月25日,zhilian,职位描述 安装/调试 维修/保养 伺服系统 电气设备 PLC程序开发 产线自动化优化 故障分析与改进 工作职责： 1. 负责消费电子产线自动化设备的调试、维护与优化，保障设备稳定运行。 2. 基于PLC（如西门子、三菱）进行程序开发与逻辑设计，满足产线工艺需求。 3. 参与自动化系统的集成与升级，推动产线自动化率提升，降低人工成本。 4. 分析产线设备故障，制定预防与改进方案，持续优化生产流程。 任职要求： 1. 大专及以上学历，自动化、机电一体化、电气工程等相关专业。 2. 掌握PLC编程（如梯形图、结构化文本），熟悉传感器、伺服电机等自动化元件的应用。 3. 具备消费电子或智能硬件产线自动化设备调试经验者优先。 4. 拥有良好的问题分析能力与动手能力，能独立完成设备故障排查与修复。 工作地点 南昌市-红谷滩区-学府大道388号 以担保或任何理由索要财物，扣押证照，均涉嫌违法。一经发现， 立即举报,"安装/调试,维修/保养,伺服系统,电气设备,PLC程序开发,产线自动化优化,故障分析与改进",http://www.zhaopin.com/jobdetail/CCL1525199000J40949557315.htm?refcode=4019&srccode=401901&preactionid=68cdeb3b-cf7f-4079-b299-d4f4c5b3a5d4
me技术员,嘉兴光弘科技电子有限公司,8000-9000元,嘉兴·南湖区·城南街道,广州,大专,1-3年,10月10日,zhilian,职位描述 设备操作 维修/保养 安装/调试 半导体/芯片 电子设备制造 岗位要求： 1.熟悉车载项目产品组装、测试、包装相关工作经验； 3.熟练运用非标自动化设备，如视觉2.熟悉车载项目生产工艺流程，对制程不良具备分析及制定改善措施；螺钉机、视觉三轴五轴点胶机、视觉AOI、Log检测机、传感式智能电批等设备的日常程序调试及工作原理； 4.熟悉设备TPM保养机器和易损耗品及配件购买的评估，预防和解决机器突发性异常； 5.熟悉MES制造管理系统、生产工艺路线搭建及工站维护； 6.熟练运用ZEBRA等打印机，对标签模板调试及标签不良有一定的改善经验； 7.协助工程师处理重大异常及对产线进行专项改善； 8.完成上级领导交办的其他临时性任务； 任职资格： 1.大专或以上学历，电子/计算机/机电一体化相关专业； 2.汽车企业2年及以上工作经验（有大型客户服务经验优先）； 3.热爱汽车行业具有良好的团队合作精神，能够有效沟通，协同工作； 4.具有良好的语言表达能力、抗压能力、沟通协调能力，逻辑清晰，有较好的文字报告能力； 5.接受加班和倒班，愿意学习与专研，有较强的技术攻关能力； 6.计算机水平中级以上，熟练操作使用常用的办公软件，如Excel、Word、PPT； 工作地点 南湖区嘉兴光弘科技电子有限公司 以担保或任何理由索要财物，扣押证照，均涉嫌违法。一经发现， 立即举报,"设备操作,维修/保养,安装/调试",http://www.zhaopin.com/jobdetail/CC324728830J40888795508.htm?refcode=4019&srccode=401901&preactionid=68cdeb3b-cf7f-4079-b299-d4f4c5b3a5d4
电气自动化,三隅数维(上海)智能科技有限公司,6000-12000元,嘉兴·嘉善县·魏塘街道,广州,本科,经验不限,7月19日,zhilian,职位描述 设计 测试 安装/调试 自动化设计 电气设计 电气设备 工控设备 工业自动化/机器人 1、负责公司自动化生产设备、产线的方案设计、程序编写、调试落地及优化升级，涵盖PLC控制系统、伺服驱动、触摸屏、传感器、变频控制系统等自动化配套设备，保障产线稳定高效运行。 2、独立完成自动化项目的前期调研、方案规划、技术评估、成本核算，输出完整的技术方案、电气图纸、程序文件、调试报告等相关技术资料。 3、负责生产现场自动化设备的日常故障排查、维修抢修、定期保养，快速解决设备运行过程中的电气、程序、控制逻辑等问题，降低设备故障率，提升生产效率。 4、根据生产工艺升级、产能提升、产品迭代需求，优化自动化控制程序、设备结构及生产流程，改进生产瓶颈，降低人工成本与物料损耗，提升产品良率。 5、配合研发、生产、工艺团队完成新产品、新工艺的自动化适配测试、试产调试工作，落地自动化量产方案，推动生产流程标准化、自动化、智能化升级。 6、负责自动化设备、元器件的选型、验收、对接供应商，跟进设备安装、调试、交付全流程，把控项目进度和技术质量。 7、整理、归档设备程序、电气图纸、技术参数、维修记录等资料，建立完善的设备技术档案，同时对一线操作人员、设备维护人员进行设备操作、日常保养培训。 8、跟进行业自动化新技术、新设备、新工艺，结合公司生产实际，引入适配的自动化升级方案，助力工厂智能化改造。 工作地点 嘉兴嘉善县魏塘街道 以担保或任何理由索要财物，扣押证照，均涉嫌违法。一经发现， 立即举报,"设计,测试,安装/调试,自动化设计,电气设计,电气设备,工控设备",http://www.zhaopin.com/jobdetail/CCL1526093150J40893492413.htm?refcode=4019&srccode=401901&preactionid=68cdeb3b-cf7f-4079-b299-d4f4c5b3a5d4
线上自动化专员,河南禾豆坊食品有限公司,4000-6000元,郑州·中牟,广州,大专,经验不限,7月2日,zhilian,职位描述 安装/调试 维修/保养 自控系统 电气设备 工控设备 PLC程序调试 数据可视化 产线智能化改造 工作职责 1. 负责深加工全产业链自动化设备的日常巡检、故障排查与调试优化，保障产线稳定运行。 2. 推进线上管理系统与自动化设备的数据联动，完成参数校准、实时监控及功能优化，实现全流程数据可视化。 3. 参与产线智能化改造项目，独立完成简易PLC程序调试、电路检修及设备参数优化，支撑技改落地。 4. 规范采集、整理设备运行数据与故障日志，编制操作规程、运维方案及技改报告，推动标准化体系建设。 任职要求 1. 大专及以上学历，自动化、机电一体化、智能制造、电气工程、物联网工程或农业智能化相关专业，应届生或在读实习生均可。 2. 系统学习过自动控制原理、PLC编程、电气控制、传感器原理等核心课程，具备工业自动化基础理论知识。 3. 掌握工业自动化设备运维、PLC程序编写、数据采集系统操作技能，有产线调试或智能设备运维实习经验者优先。 4. 能适应产线调试期阶段性加班、驻场跟进及短期出差，接受一线车间、田间基地的多场景工作模式。 5. 严格遵守保密制度，确保公司智能化设备参数、系统数据及技改技术的安全。 工作地点 郑州中牟县禾豆坊集团 以担保或任何理由索要财物，扣押证照，均涉嫌违法。一经发现， 立即举报,"安装/调试,维修/保养,自控系统,电气设备,工控设备,PLC程序调试,数据可视化,产线智能化改造",http://www.zhaopin.com/jobdetail/CC862749610J40885269713.htm?refcode=4019&srccode=401901&preactionid=68cdeb3b-cf7f-4079-b299-d4f4c5b3a5d4
智驾系统工程师（驻场，线上易过）,上海华驿汽车技术有限公司,1.2-1.6万,上海·嘉定·安亭,广州,本科,3-5年,6月3日,zhilian,岗位职责： 1. 负责智能驾驶L2+行车类功能的产品方案设计，包括功能能需求和交互需求的设计 2.负责智能驾驶L2+行车类功能的系统功能规范定义，KPI定义，需求拆解，系统方案设计及联调，包含NOA/VLA等功能； 3.负责制定上述功能的开发计划，验证计划，管控开发进度，定期汇报状态，及时上报风险； 4.负责分析实车测试问题、售后问题及专项问题，定位问题软件模块，根本原因，制定解决方案，推动问题闭环及汇报； 5.负责各车型基线软件的功能迭代计划，变更管理，功能逻辑测试及准出评审； 任职要求： 1. 本科或硕士以上学历，计算机、车辆工程、自动化，通信等专业； 具备至少3年以上同岗位经验 2. 具有上述功能开发经验和系统设计经验； 3. 熟悉智能驾驶域控制器软硬件架构设计和功能需求； 4. 熟悉智能驾驶各种常用感知传感器、定位设备等基本原理和优劣势； 5. 熟悉各种常用感知、规划控制算法的基本原理及优劣势 工作地点 嘉定区上海汽车集团公司技术中心-1号门 以担保或任何理由索要财物，扣押证照，均涉嫌违法。一经发现， 立即举报,"汽车,智能驾驶,自动驾驶",http://www.zhaopin.com/jobdetail/CC273877480J40871071605.htm?refcode=4019&srccode=401901&preactionid=3ba35a8b-3023-42f1-b895-226add0d8ca5
IT工程师（智能制造方向）,苏州新业电子股份有限公司,9000-12000元,苏州·吴中·甪直,广州,本科,1-3年,7月13日,zhilian,岗位职责: 1. MES系统建设与数采落地 （1）参与MES系统需求调研、方案设计、测试上线及后续迭代。 （2）负责车间设备联网、数据采集（PLC、传感器、工控机等）的现场实施与调试。 （3）协同供应商或自研团队，确保MES与ERP、WMS等系统接口稳定。 2. 软件系统运维 （1）负责ERP、MES系统日常维护，包括基础数据配置、异常处理与流程优化。 （2）协助业务部门梳理操作规范，编写操作手册，组织用户培训。 3. 数据报表开发 （1）基于业务需求，利用BI工具开发生产、质量、设备等主题的报表与看板。 （2）负责数据治理基础工作，保障数据准确性、及时性。 4. AI应用探索与落地 （1）识别生产、质检、设备维护等场景中可应用AI的机会点。 （2）配合技术团队或供应商完成AI模型的概念验证、试点部署与效果评估。 （3）跟踪AI在制造业的前沿应用，推动数字化与智能化融合。 二、任职要求： 1. 基本条件 （1）大学本科及以上学历，计算机、自动化、信息管理、工业工程等相关专业。 （2）2年以上制造业IT相关经验。 2. 技术能力 （1）熟悉至少一种主流ERP系统，了解财务、采购、生产、库存等模块业务逻辑，能独立处理常见问题。 （2）了解MES基础架构与核心功能（生产追溯、工艺管控、设备集成等）；熟悉常见工业通信协议，有现场设备联网经验者优先。 （3）熟练使用SQL（增删改查、多表关联、视图等），掌握至少一种BI报表工具，能独立完成从取数到可视化呈现的开发工作。 （4）至少熟悉Python或C中的一种，能编写简单脚本用于数据处理、接口调试或自动化任务。 工作地点 苏州市吴中区甪直镇海藏西路2221号 以担保或任何理由索要财物，扣押证照，均涉嫌违法。一经发现， 立即举报,"系统运维,硬件/设备运维",http://www.zhaopin.com/jobdetail/CC166366210J40851071714.htm?refcode=4019&srccode=401901&preactionid=3ba35a8b-3023-42f1-b895-226add0d8ca5
厂务系统工程师,湖北江城芯才科技有限公司,8000-15000元,武汉·江夏·佛祖岭,广州,大专,经验不限,7月21日,zhilian,职位描述 自控系统 厂务设备 厂务 FMCS 1、现场标准化调试实施 负责工业自控、净化厂务工程项目全流程现场调试作业；完成现场设备单体调试、IO 信号点位校验、设备通讯调试、控制系统联调、厂务工艺联动调试；覆盖PLC 控制系统、SCADA/HMI 上位机组态、现场仪表传感器、阀门执行机构、配电柜自控回路全品类调试工作。严格遵照公司 SOP 标准化作业规范执行作业，保障调试流程合规、测试数据精准、系统运行稳定。 2、现场故障排查与闭环整改 独立完成施工现场各类技术故障排查：包含电气线路故障、设备通讯中断、现场硬件设备异常、PLC 程序逻辑 BUG、FMCS厂务系统工艺匹配异常等问题；快速定位故障根源，制定落地整改方案，全程跟进整改落地、完成问题闭环；最大限度降低项目停工、返工、误工风险，保障项目整体施工及调试工期达标。 3、多方现场对接与项目验收 作为现场技术对接窗口，对接业主、总包单位、监理单位完成技术答疑、现场试验配合、技术交底工作；标准化留存调试原始数据、现场试验记录、问题整改台账；跟进现场全部问题闭环整改，配合完成分项阶段性调试验收、项目整体竣工验收、自控系统资产移交全流程工作。 4、技术标准落地与经验沉淀 严格落地复用公司标准化调试模板、标准化控制程序、现场作业规范；收集项目现场高频故障、典型疑难问题、洁净厂房厂务工艺适配案例；向公司技术部门同步反馈现场优化建议，助力公司作业标准迭代升级；参与搭建公司调试知识库、故障案例库，实现现场调试经验标准化沉淀、全项目复用。要求：1、学历及专业 大专及以上学历，自动化、电气自动化、机电一体化、测控技术、楼宇智能化等相关工科专业。 2、工作经验 具备2 年及以上工业自控、FMCS厂务系统、净化工程、机电工程项目现场自控调试工作经验；熟悉工程类项目现场施工、调试、验收全流程；有半导体厂房、新能源厂区、洁净厂房厂务自控调试从业经验者优先录用。 工作地点 武汉江夏区湖北江城实验室 以担保或任何理由索要财物，扣押证照，均涉嫌违法。一经发现， 立即举报,"自控系统,厂务设备",http://www.zhaopin.com/jobdetail/CCL1490714740J40872593410.htm?refcode=4019&srccode=401901&preactionid=3ba35a8b-3023-42f1-b895-226add0d8ca5
嵌入式软件工程师（机器人方向）,西安铁蜗牛自动化设备有限公司,8000-15000元,西安·蓝田·华胥,广州,本科,经验不限,5月29日,zhilian,职位描述 8位单片机 32位单片机 PIC单片机 C语言 C++ Python 计算机软件 计算机硬件 工业自动化/机器人 岗位内容: 1.负责基于ros机器人系统智能小车的导航和避障系统研发和调试 2.负责智能小车车载传感器接口的开发和调试 3.负责已有功能在嵌入式平台的优化、移植和部署 4.负责智能车的各功能模块开发和集成，实现环境感知，运动规划，导航定位，人机交互等功能 5.对软件系统进行调试和性能优化，确保系统的稳定性和高效性 任职要求: 1.本科及以上学历，计算机，电子信息工程，自动化，嵌入式原理及应用，软件工程等相关专业优先 2.熟练掌握C/C++编程技术，Linux基本指令 3.工程能力强，具有较强的动手能力，乐于接受新事物和新挑战 4.有无人机，机器人，智能车，算法，ROS，SLAM，运动控制等相关工作经验优先 工作地点 蓝田县西安铁蜗牛 以担保或任何理由索要财物，扣押证照，均涉嫌违法。一经发现， 立即举报,"8位单片机,32位单片机,PIC单片机,C语言,C++,Python",http://www.zhaopin.com/jobdetail/CCL1363702440J40767386006.htm?refcode=4019&srccode=401901&preactionid=844588c0-14c3-45ee-b500-4318cd5e5cf6
物联网工程师,北京嘉禾云山筑宇建筑工程有限公司,8000-16000元,承德·双桥区·大石庙镇,广州,本科,经验不限,7月26日,zhilian,职位描述 物联网 通信/网络设备 计算机硬件 工作职责 1. 负责建筑工程场景下物联网系统的方案设计与实施，包括传感器部署、数据采集与传输链路搭建。 2. 对接工程业务需求，开发物联网平台功能模块，实现设备状态监控、能耗管理等智能化应用。 3. 优化物联网系统的稳定性与数据安全性，解决工程现场复杂环境下的技术问题。 4. 与工程团队协作，推动物联网技术在施工管理、设备运维等场景的落地应用。 任职要求 1. 本科及以上学历，计算机、电子信息、自动化等相关专业。 2. 掌握物联网核心技术栈，包括传感器原理、通信协议（如LoRa、NB-IoT）及数据处理技术。 3. 具备物联网平台或系统开发经验，熟悉至少一种编程语言（如Python、Java）。 4. 有工程行业或工业物联网项目经验者优先，能理解工程场景的技术需求。 工作地点 双桥区万达广场(承德双桥店) 以担保或任何理由索要财物，扣押证照，均涉嫌违法。一经发现， 立即举报,物联网,http://www.zhaopin.com/jobdetail/CCL1514891250J40864955511.htm?refcode=4019&srccode=401901&preactionid=844588c0-14c3-45ee-b500-4318cd5e5cf6
上位机工程师,四川晟成机械设备有限公司,6000-12000元,成都·武侯·晋阳,广州,本科,经验不限,7月21日,zhilian,职位描述 测试 自动化设备 机械设备 上位机软件开发 工业通信协议调试 智能制造项目经验 工作职责： 1. 负责工业自动化设备上位机软件的需求分析、架构设计与代码开发，实现设备参数配置、状态监控与数据采集功能。 2. 对接下位机（PLC/单片机）与传感器，完成数据通信协议（如Modbus、OPC UA）的调试与优化，保障设备间数据交互的稳定性。 3. 参与设备联调与现场测试，解决软件运行中的兼容性、性能问题，输出技术文档与操作手册。 4. 持续优化上位机系统的用户界面与操作逻辑，提升设备操作人员的使用体验。 任职要求： 1. 本科及以上学历，自动化、计算机、电子信息等相关专业，基础扎实。 2. 熟练掌握C/Python/Qt等至少一种上位机开发语言，具备WinForm/WPF或Web端工业软件开发经验。 3. 熟悉工业通信协议（Modbus TCP/RTU、OPC UA、Profinet等），能独立完成与PLC、传感器的数据对接。 4. 了解工业自动化设备的工作原理，有机械设备或智能制造领域项目经验者优先。 5. 具备较强的问题分析能力与调试能力，能快速定位并解决软件运行中的技术问题。 工作地点 成都武侯区晋吉西一街66-1栋附117号附近 以担保或任何理由索要财物，扣押证照，均涉嫌违法。一经发现， 立即举报,"测试,自动化设备,机械设备,上位机软件开发,工业通信协议调试,智能制造项目经验",http://www.zhaopin.com/jobdetail/CCL1512159050J40957020715.htm?refcode=4019&srccode=401901&preactionid=844588c0-14c3-45ee-b500-4318cd5e5cf6
无人车研发工程师,天津航大智安科技有限公司,8000-13000元,天津·西青·精武镇,广州,本科,3-5年,7月23日,zhilian,岗位职责: 1.参与无人车系统的设计，包括结构设计、硬件电路控制、导航算法及传感器集成。 2.负责对接研发过程中的技术参数确认、方案图纸审核，梳理核心零部件选型需求，解决项目推进中的技术衔接问题。 3.跟进项目研发、调试全流程，记录技术难点、调试数据及优化方案，编制标准化技术文档（含方案说明书、调试报告、BOM 清单等）。 4.协助完成技术成果的转化与落地，参与产品小批量试制的技术支持，确保研发方案符合量产及实际应用要求。 5.持续关注无人车、无人车ToB行业应用动态，结合项目需求提出技术创新建议，助力产品迭代升级。 任职要求: 1、本科及以上学历，电子信息/自动化/测控等相关专业，3年以上无人车硬件开发经验，有无人车硬件开发、集成经验优先。 2、熟练使用主流EDA工具，精通至少1类主流SOC平台硬件设计。 3、具备独立硬件开发全流程能力（原理图→PCB→调试→验证→量产落地）。 4、熟悉多旋翼无人机供电、EMC、散热设计要点，能独立解决常见硬件问题。 5、熟练使用示波器、频谱仪、负载仪等调试仪器。 6、对新技术有较强的学习能力和探索精神，工作严谨细致、责任心强，具备良好的团队协作精神，能承受一定的研发工作压力。 7、具备较强的问题解决能力，面对技术难点能主动探索解决方案，具备一定的创新思维。 工作地点 天津西青区天开高教科创园西青园 以担保或任何理由索要财物，扣押证照，均涉嫌违法。一经发现， 立即举报,工业自动化/机器人,http://www.zhaopin.com/jobdetail/CCL1478700790J40920797812.htm?refcode=4019&srccode=401901&preactionid=844588c0-14c3-45ee-b500-4318cd5e5cf6
智驾测试工程师(A174398),中科创达软件股份有限公司,8000-12000元,合肥·包河,广州,大专,3-5年,7月20日,zhilian,职位描述 功能测试 车载测试 实车测试 智驾测试 跨域 新能源/燃油车零部件 职位描述： 1.了解智驾传感器、功能链路，有2年以上智驾功能实车测试经验 2.驾驶技能娴熟 3.熟悉ubuntu系统，有分析rosbag数据经验 4.有智能驾驶单模块测试负责人经验 5. 承担单模块测试问题跟踪、测试用例维护、测试结果及风险同步 6. 熟悉智能驾驶行车/泊车/感知/标定功能测试 职位要求： 1) 有良好的驾驶习惯和驾驶技术，二年以上真实驾龄，且 无重大交通事故 2) 熟悉汽车构造、汽车理论、汽车设计/测试等专业知识 3) 适应长期出差，具有极强的责任心、执行能力 4) 熟悉 CNCAP、CIASI、IVISTA、ENCAP 等国内外法规 5) 熟悉拖拽设备、ABD 驾驶机器人、launchpad、GST 等法 规常用设备者优先 6) 对整车测试/路试有浓厚兴趣爱好 工作地点 合肥包河区紫云路99号 以担保或任何理由索要财物，扣押证照，均涉嫌违法。一经发现， 立即举报,"功能测试,车载测试,实车测试,智驾测试,跨域",http://www.zhaopin.com/jobdetail/CC285451210J40863823411.htm?refcode=4019&srccode=401901&preactionid=844588c0-14c3-45ee-b500-4318cd5e5cf6
电子工程师,保定开拓精密仪器制造有限责任公司,4000-8000元,保定·莲池·百楼,广州,本科,经验不限,7月18日,zhilian,职位描述 C语言要求 仪器仪表 岗位描述： ●具有较好的软件编程能力和一定数学基础，良好的理解沟通能力，能将试验过程中发现的或客户反馈的问题转化为项目改进需求。 ●能够适应频繁短期出差，根据项目需要配合客户在试验现场提取试验数据并建立分析脚本，对不同存储格式（ASCII、raw data、csv、ROS bag）进行格式整理，选取合适图表对数据进行展示，配合研发人员进行故障定位，编写故障分析报告。核心职责： 1使用MATLAB或Visual Studio等软件对惯导系统数据进行离线分析，生成可视化报告并提出参数优化建议。 2配合开展上位机的开发，熟练使用c++和qt，MSVC适配系统的流畅软件，智能调度多线程任务。 3编写试验方案文档，售前售后技术支持，配合研发团队改进设计。技能要求： ●优先级排序： ○必需项：熟练使用Matlab进行数据处理与脚本编写（如FFT分析、曲线拟合），理解嵌入式算法移植基础逻辑。高优先级：具备嵌入式调试经验（能通过日志/传感器原始数据定位问题），熟悉UART/CAN通信协议。有惯性导航经验者优先。 ○加分项：了解惯性导航基础概念（如坐标系转换、初始对准、姿态解算）。 工作地点 保定莲池区开拓精密仪器制造有限责任公司 以担保或任何理由索要财物，扣押证照，均涉嫌违法。一经发现， 立即举报,C语言要求,http://www.zhaopin.com/jobdetail/CC546596830J40914135604.htm?refcode=4019&srccode=401901&preactionid=fef15d22-af78-4eba-ab93-23b57dc1c7e1
嵌入式开发工程师（单片机方向）,河南赫德威尔电气有限公司,6000-12000元,郑州·中原·石佛,广州,本科,3-5年,6月24日,zhilian,职位描述 电力/水利/热力/燃气 职位描述 我们正在寻找一位专注于单片机（MCU）底层开发的工程师，加入我们的硬件研发团队。您将负责电力测控终端、保护装置、智能传感器等产品的单片机软硬件开发，从芯片选型到量产落地，确保产品在工业环境下的稳定与实时响应。 主要职责 1. 负责单片机（如STM32、GD32、ESP32、NXP、瑞萨等系列）的软硬件开发、调试与维护； 2. 完成单片机系统方案设计，开发外设驱动、通信协议、控制逻辑等嵌入式软件； 3. 配合硬件工程师完成原理图设计评审，参与PCB布局布线建议及硬件调试； 4. 编写和优化底层驱动（ADC、PWM、I2C、SPI、UART、CAN等），保证系统实时性与可靠性； 5. 进行功耗管理、代码优化、可靠性测试及生产烧录支持； 6. 编写技术文档，包括设计说明、测试报告及生产指导文件； 7. 协助解决试产、量产及现场应用中的技术问题。 职位要求 1. 电子、自动化、通信、计算机等相关专业，本科及以上学历； 2. 三年以上单片机开发经验，精通C语言，有良好的编程习惯与代码风格； 3. 熟悉常见单片机架构（ARM Cortex-M、RISC-V等），掌握Keil、IAR、ESP-IDF等开发环境； 4. 具备扎实的模电/数电基础，能独立阅读原理图、数据手册，熟练使用示波器、逻辑分析仪； 5. 熟悉UART、I2C、SPI、CAN、USB、Modbus等常用通信协议，有实际项目应用经验； 6. 了解实时操作系统（FreeRTOS、RT-Thread等）基本原理，有移植或开发经验者优先； 7. 有低功耗设计、电机控制、无线通信（蓝牙/Wi-Fi/LoRa）或电力终端开发经验者优先； 8. 具备较强的逻辑思维、问题分析能力和团队协作精神，能承受一定项目压力。 工作时间：单双轮休（夏）8:30-12:30 14:00-18:00 /（冬）8:30-12:30 13:30-17:00 我们提供 1. 有竞争力的薪资与绩效奖金，清晰的晋升通道； 2. 五险+补充商业保险+年终奖金+工龄工资+带薪年假+节日福利+人才补贴+健身年卡+职工食堂+团建旅游+健康体检； 3. 人才学历补贴：重点本科1000-3000元/月，硕士3000-6000元/月；专业职称补贴500-3000元/月，特殊执业资格补贴100-300元/月； 4. 与技术大牛共事，参与电力行业前沿项目研发落地； 5. 鼓励技术探索与创新，支持专业成长。 加入我们 如果您对单片机开发充满热情，喜欢动手解决复杂硬件问题，请将简历发送至：*************，邮件主题注明“单片机开发工程师+姓名”。期待与您一起，用代码和电路塑造电力智能设备的核心！ 工作地点 郑州中原区河南省国家大学科技园 以担保或任何理由索要财物，扣押证照，均涉嫌违法。一经发现， 立即举报,电力/水利/热力/燃气,http://www.zhaopin.com/jobdetail/CC621516080J40908995212.htm?refcode=4019&srccode=401901&preactionid=fef15d22-af78-4eba-ab93-23b57dc1c7e1
智能化运维工程师,江苏基久网络科技有限公司南京分公司,面议,深圳·宝安·福海,广州,大专,1-3年,3月26日,zhilian,岗位职责​ 1、负责公司项目（含智能楼宇、物联网系统、AI 监控设备、自动化控制平台等）的现场部署、调试、验收及后期运维服务；​ 2、承接项目售后运维需求，快速响应并解决智能化设备（传感器、控制器、网关、服务器等）、软件系统的故障排查、维修更换及优化调整；​ 3、制定项目运维计划，包括设备巡检、数据备份、系统升级、安全防护等，保障项目稳定运行；​ 4、对接客户方技术人员与业务负责人，沟通运维需求、反馈项目运行状态，提供技术支持与培训，提升客户满意度；​ 5、整理项目运维文档，包括故障处理日志、巡检报告、设备台账、运维手册等，推动运维流程标准化；​ 6、参与智能化项目前期技术方案研讨，从运维角度提供优化建议，协助项目落地。​ 二、任职要求​ 1、计算机应用技术、电子信息工程、自动化、物联网工程等相关专业大专及以上学历；1年左右智能化项目或相关领域运维经验（如智能楼宇、物联网、工业自动化项目）。​ 2、了解智能化系统架构，掌握主流物联网通信协议（MQTT/Modbus/TCP/IP 等），能独立完成设备对接与调试；​ 3、了解 Linux/Windows 操作系统基础运维，熟悉数据库（MySQL/SQL Server）基本操作，能处理简单数据查询与故障；​ 4、具备智能化设备（传感器、摄像头、网关、PLC 等）的安装、调试及故障排查能力，有现场运维实战经验，快速响应客户需求，高效解决问题； 5、掌握基础网络知识，能排查局域网、无线网络及设备联网相关问题；​ 6、具备一定的文档撰写能力，能独立完成运维报告、故障分析文档，并能与客户、项目团队顺畅对接，清晰传递技术信息； 7、适应项目现场出差（根据项目需求），抗压能力强，能接受阶段性驻场运维。 工作地点 深圳宝安区会展湾南岸广场16栋602、603 以担保或任何理由索要财物，扣押证照，均涉嫌违法。一经发现， 立即举报,物联网,http://www.zhaopin.com/jobdetail/CC369282180J40938769502.htm?refcode=4019&srccode=401901&preactionid=fef15d22-af78-4eba-ab93-23b57dc1c7e1
物联网工程师,北京嘉禾云山筑宇建筑工程有限公司,8000-16000元,太原·小店·西温庄,广州,本科,经验不限,7月26日,zhilian,职位描述 物联网 通信/网络设备 计算机硬件 工作职责 1. 负责建筑工程场景下物联网系统的方案设计与实施，包括传感器部署、数据采集与传输链路搭建。 2. 对接工程业务需求，开发物联网平台功能模块，实现设备状态监控、能耗管理等智能化应用。 3. 优化物联网系统的稳定性与数据安全性，解决工程现场复杂环境下的技术问题。 4. 与工程团队协作，推动物联网技术在施工管理、设备运维等场景的落地应用。 任职要求 1. 本科及以上学历，计算机、电子信息、自动化等相关专业。 2. 掌握物联网核心技术栈，包括传感器原理、通信协议（如LoRa、NB-IoT）及数据处理技术。 3. 具备物联网平台或系统开发经验，熟悉至少一种编程语言（如Python、Java）。 4. 有工程行业或工业物联网项目经验者优先，能理解工程场景的技术需求。 工作地点 太原小店区万达广场(昌盛店) 以担保或任何理由索要财物，扣押证照，均涉嫌违法。一经发现， 立即举报,物联网,http://www.zhaopin.com/jobdetail/CCL1514891250J40863188311.htm?refcode=4019&srccode=401901&preactionid=fef15d22-af78-4eba-ab93-23b57dc1c7e1
AI软件工程师,麦格米特,1.2-1.8万·13薪,长沙·长沙·榔梨,广州,本科,1-3年,7月4日,zhilian,岗位职责: 1.负责变频空调核心控制逻辑研发，基于神经网络、遗传算法、强化学习等优化温控、变频调节、除霜、低频稳定等关键场景控制策略，提升控温精度、节能效率与运行稳定性。 2.设计并训练 DNN/LSTM/TCN 等时序模型，开展空调系统参数辨识、负荷预测、能耗优化及故障诊断（缺氟、传感器异常等）；运用遗传算法实现控制参数多目标优化与自适应整定。 3.搭建空调 IoT 数据采集与分析体系，对接云平台实现远程算法迭代、数据监控与智能调度；完成 AI 模型轻量化（量化 / 剪枝） 与嵌入式部署（MCU/DSP），保障端侧实时运行。 4.基于 Matlab/Simulink 完成控制算法建模与仿真验证；负责算法 C/C++ 代码实现、调试与测试，输出标准化技术文档与专利。 5.跟踪 AI + 暖通控制前沿技术，开展新技术预研与方案落地；协同硬件、嵌入式、产品团队推进算法量产与产品智能化升级。 任职资格: 1.本科及以上学历，控制科学与工程、自动化、人工智能、计算机等相关专业，可接受优秀应届生。 2.熟悉神经网络、遗传算法、强化学习等 AI 算法，熟悉 PID/MPC/ 自适应控制等传统控制理论，有空调 / 暖通控制算法经验优先。 3.熟练使用Python（PyTorch/TensorFlow） 进行模型开发与训练，掌握 Matlab/Simulink 仿真；具备 C/C++ 嵌入式开发与模型部署经验。 4.熟悉IoT 架构、MQTT 协议、云平台对接，有家电 / 工业物联网项目落地经验。 5.具备扎实的数学功底（线性代数、概率论、优化理论）；逻辑清晰，具备独立解决复杂问题能力；良好的跨团队沟通与协作能力。 工作地点 湖南省长沙市长沙县梨街道红树坡路76号 以担保或任何理由索要财物，扣押证照，均涉嫌违法。一经发现， 立即举报,"深度学习,大模型算法",http://www.zhaopin.com/jobdetail/CC154405010J40870579505.htm?refcode=4019&srccode=401901&preactionid=fef15d22-af78-4eba-ab93-23b57dc1c7e1
机电一体化&工业机器人专业老师,武汉美和易思数字科技有限公司,6000-12000元,防城港·防城区·江山镇,广州,本科,经验不限,7月23日,zhilian,岗位职责 1. 教学授课工作：承担机电一体化专业核心课程教学工作，包括机械基础、电工电子技术、PLC编程、液压与气动、机电设备安装与调试、自动化控制系统等相关课程，严格按照教学大纲完成理论授课、实操实训、课堂答疑等教学任务，保障教学质量。 2. 实训教学管理：负责机电实训课程的组织与实施，指导学生进行设备操作、装配调试、程序编写、故障排查等实操训练；做好实训设备、工具、耗材的日常检查、维护与管理，规范实训操作流程，严格把控实训安全，杜绝安全事故。 3. 教学教研工作：参与专业人才培养方案、课程标准、教学计划的制定与修订；结合行业新技术、新工艺、新设备，优化教学内容，更新教学案例，开发校本教材、实训课件及教学资源；积极参与校内外教研活动、教学竞赛、课题研究，持续提升教学水平。 4. 学生培养管理：负责学生日常学业指导、学风建设，跟进学生学习进度，针对性解决学生学习难点；指导学生技能考证、毕业设计、技能竞赛、实习实训等工作，培养学生专业实操能力、岗位适配能力和职业素养。 5. 其他教学相关工作：完成日常备课、批改作业、考核出题、阅卷评分、教学台账整理等工作；配合学校完成招生宣讲、校企合作、实训室建设、新生入学教育、学生管理等临时性教学工作。 三、任职要求 1. 学历专业：本科及以上学历，机电一体化、机械设计制造、电气自动化、智能制造等相关专业，专业基础扎实。 2. 技能资质：熟悉机电一体化设备原理与实操，精通PLC（西门子、三菱）、变频控制、传感器应用、机械装配调试等核心技能；持有电工证、机电工程师、高级技工及以上相关职业证书者优先；具备教师资格证、行业技师/高级技师证书优先。 3. 经验要求：有职业院校、培训机构机电教学经验，或企业机电设备研发、调试、运维、自动化项目落地相关工作经验者优先；熟悉职教教学模式、技能考核标准、行业岗位需求。 4. 能力素养：具备优秀的授课表达能力、课堂把控能力，擅长理论结合实操教学；耐心负责，善于沟通，亲和力强，能够针对性指导不同基础的学生；具备良好的职业操守、团队协作意识，服从学校教学安排。 5. 其他：无不良从业记录，热爱教育行业，愿意长期深耕职业教育领域，能够与时俱进学习智能制造、自动化新技术。 四、薪资福利 1. 薪资结构：底薪+课时费+教研奖励+竞赛指导奖励，综合薪资优厚，多劳多得； 2. 基础福利：五险一金、带薪寒暑假、法定节假日、节日福利、定期团建； 3. 成长福利：完善的岗前培训、教研赋能、技能提升培训，清晰的晋升通道； 4. 额外福利：住宿补贴、教学耗材保障、教研经费支持等。 五、岗位优势 1. 教学环境优质：配套完善的机电实训车间、自动化实训设备、一体化教学教室，教学硬件齐全； 2. 工作氛围轻松：团队年轻化、专业化，教研氛围浓厚，无高压销售压力； 3. 发展空间广阔：贴合智能制造行业趋势，专业刚需性强，教学价值高，个人技能与职业同步提升。 六、工作地点 广西防城港职业技术学院 七、联系方式 *********** 工作地点 防城区防城港职业技术学院 以担保或任何理由索要财物，扣押证照，均涉嫌违法。一经发现， 立即举报,"机械类,电气类,授课老师",http://www.zhaopin.com/jobdetail/CC639589680J40872224605.htm?refcode=4019&srccode=401901&preactionid=fef15d22-af78-4eba-ab93-23b57dc1c7e1
嵌入式软硬件工程师,郑州极客电研电子科技有限责任公司,8000-15000元,郑州·中原·石佛,广州,大专,经验不限,7月3日,zhilian,职位描述 CAN 汽车电子 单片机 ARM处理器 新能源/燃油整车研发制造 计算机硬件 通信/网络设备 岗位内容： 1. 设计、开发和维护嵌入式硬件系统，包括电路板设计、原型制作和测量测试。 2. 根据项目需求编写嵌入式软件程序，并对其进行调试和优化。 3. 配合团队完成产品的开发计划和技术难题的解决。 4.熟悉汽车通信架构，精通can通信，熟悉freeRTOS操作系统。 5.具备量产流程经验 具体要求: 1、电子、通信等相关专业，大专及以上学历; 2、从事单片机嵌入式系统开发工作1年以上。具备整机方案设计能力; 3、熟悉各种外设、包括存储、传感器、显示屏、常用通信(CAN、Lin、RS485等)接口; 4、熟悉嵌入式开发的软硬件研发流程，熟悉数字、模拟电路原理及理论分析。 5、有汽车电子产品研发经验者优先。 6、有较强的学习、总结能力，沟通交流能力强 7、熟悉使用AI编写代码，具备原硬件架构能力。 心态积极、阳光。 工作时间: 9:00一18:00，大小周 郑州极客电研电子科技有限公司隶属于上海肩并肩电子科技有限公司，企业布局上海、菏泽、郑州三大研发中心，专业深耕汽车电子研发领域。 主营汽车电子软硬件开发、车载电控、智能座舱、车身电子等业务，长期服务国内知名汽车主机厂及头部零部件供应商，项目资源稳定、三地研发协同发展，现诚邀各类技术人才加盟，携手共进、共同成长 福利待遇: 1、可提供住宿 2、缴纳五险一金 3、项目分红、年终奖精神，有扎实的解决问题能力和自主学习意识。 工作地点 河南省郑州市中原区长椿路11号研发五号楼A座1206 以担保或任何理由索要财物，扣押证照，均涉嫌违法。一经发现， 立即举报,"CAN,汽车电子,单片机,ARM处理器",http://www.zhaopin.com/jobdetail/CCL1522682070J40855768510.htm?refcode=4019&srccode=401901&preactionid=fef15d22-af78-4eba-ab93-23b57dc1c7e1
具身智能机器人应用工程师,广东金马游乐股份有限公司,8000-16000元,中山·港口镇,广州,本科,经验不限,6月16日,zhilian,岗位职责： 1.负责四足机器人、人形机器人、机械臂等具身智能机器人的动作开发、实现与调试； 2.通过动画、视频、动捕设备采集特定动作数据，生成四足机器人、人形机器人、机械臂等的动作数据； 3.为客户提供技术支持，解决项目实施过程中的技术问题； 4.持续关注行业动态及机器人技术发展趋势，提出创新性解决方案，保持公司技术竞争力。 任职资格： 1.本科及以上学历，机器人、机电方向等相关领域专业，有相关工作经验者优先； 2.熟悉机器人运动学、动力学、传感器和控制技术； 3.具备扎实的C++/Python开发能力； 4.熟悉机器人仿真工具（如Mujoco）、ROS操作系统优先考虑； 5.良好的自我学习、问题拆解能力和创新思维，能独立主导技术方案落地； 6.优秀的团队协作与跨领域沟通能力。 7.有相关工作经验者薪酬可另议。 工作地点 中山市金马文旅科技有限公司 以担保或任何理由索要财物，扣押证照，均涉嫌违法。一经发现， 立即举报,"机器人设计,机器人系统设计,机器人仿真,机器人算法,C++,Python,机器人视觉算法,机器人语音算法,机器人测试,机器人运动算法",http://www.zhaopin.com/jobdetail/CC621591320J40786597407.htm?refcode=4019&srccode=401901&preactionid=fef15d22-af78-4eba-ab93-23b57dc1c7e1
技术工程师（全屋智能）,北京中益德诚科技有限公司,8000-12000元,天津·河东·上杭路,广州,大专,1-3年,3月13日,zhilian,岗位职责： 1. 负责华为全屋智能系统设备的现场安装、布线、调试及交付，涵盖智能主机、PLC设备、传感器、面板、照明、安防、影音等全系列产品。 2. 根据设计方案完成PLC-IoT及Wi-Fi混合组网的部署与优化，保障系统运行稳定可靠。 3. 使用华为全屋智能调试工具（智慧生活App、工程师工具等）完成场景配置、联动逻辑设定及系统验收。 4. 为客户提供操作培训与技术指导，整理交付文档，提升客户使用满意度。 5. 响应售后需求，快速诊断并处理设备故障、网络异常等问题。 6. 反馈现场安装难点与客户建议，协助优化方案设计与产品迭代。 任职要求： 1. 中专/大专及以上学历，电气、自动化、计算机网络、智能家居等相关专业背景。 2. 必须持有低压电工操作证，具备1年以上智能家居或弱电安防行业安装调试经验，有华为全屋智能实操经验者优先。 3. 身手敏捷，体能良好，具备高空作业能力，无恐高症，能适应爬梯、登高等作业环境。 4. 熟悉家庭网络布线、弱电施工规范，具备较强的动手能力与现场问题解决能力。 5. 能适应户外作业及短期出差，具备良好的沟通能力和客户服务意识。 6. 学习能力强，能持续跟进华为全屋智能产品更新与技术规范。 工作地点 华为鸿蒙智家授权体验店(河东红星美凯龙店)天津市河东区河东红星美凯龙一号店负一层华为鸿蒙智家 以担保或任何理由索要财物，扣押证照，均涉嫌违法。一经发现， 立即举报,"弱电施工,弱电运维,安全防范系统,网络系统",http://www.zhaopin.com/jobdetail/CC257235180J40875615403.htm?refcode=4019&srccode=401901&preactionid=fef15d22-af78-4eba-ab93-23b57dc1c7e1
无人驾驶/决策、感知、车端控制等工程师,乌鲁木齐市盛华德企业管理咨询有限公司,2.5-5万,天津·和平·小白楼,广州,本科,3-5年,7月26日,zhilian,职位描述 自动驾驶 无人驾驶 感知工程师 工作描述： l 基于激光雷达、视觉、毫米波等多种传感器融合的目标检测、识别、跟踪算法开发； l 基于多传感器融合的场景重建，可行域分析。 任职要求： l 计算机、自动化、汽车工程等相关专业硕士及以上学历，5年以上无人驾驶、自动驾驶行业的相关研发和架构经验； l 机器人、计算机、人工智能等相关专业硕士及以上学历，2年以上无人驾驶、自动驾行业经验； l 掌握ROS系统，良好的编程能力，掌握C/C++/Python等语言，熟练使用其编程/调试和代码管理工具； l 熟悉PCL、OpenCV、Cuda等常用类库。 车端控制 工作描述： l 无人车横向和纵向控制算法的开发； l 无人车全局与局部规划算法的开发。 任职要求： l 机器人、计算机、车辆工程、自动化等相关专业硕士及以上学历，2年以上无人驾驶、自动驾驶工作经验； l 掌握ROS系统，良好的编程能力，掌握C/C++/Python等语言，熟练使用其编程调试和代码管理工具； 掌握车辆运动学、动力学模型，掌握纯跟踪、LQR、MPC等相关控制算法。 工作地点 和平区天津恒隆广场 以担保或任何理由索要财物，扣押证照，均涉嫌违法。一经发现， 立即举报,"自动驾驶,无人驾驶",http://www.zhaopin.com/jobdetail/CC502221080J40741612813.htm?refcode=4019&srccode=401901&preactionid=fef15d22-af78-4eba-ab93-23b57dc1c7e1
电气工程师,爱迪特(秦皇岛)科技股份有限公司,1.4-2.8万·13薪,秦皇岛·抚宁区·榆关镇,广州,本科,经验不限,7月18日,zhilian,职位描述 设计 测试 PLC设计 自动化设计 电路设计 控制器 传感器 电机 中压 高压 低压 欧姆龙 施耐德 松下 医疗设备/器械/耗材 电气机械/电力设备 1.负责义齿切削机电气系统的整体设计，依据设备的功能需求、机械结构以及工艺要求，制定合理的电气控制方案，确保设备在运行过程中能精准、稳定地实现各项切削加工操作。 2参与义齿切削机新产品的研发项目，从电气设计角度进行前期规划，与机械设计工程师等协同工作，保障电气系统与其他部分无缝对接，共同推动新产品的顺利开发。 3.根据设计方案，精确绘制电气原理图、接线图等各类电气图纸，详细标注元件型号、电气参数、线路连接关系等关键信息，为电气系统的安装、调试及后续维护提供清晰的指导。 4.基于所选的控制器（如 PLC、运动控制卡），编写机床的运动控制程序。这些程序包括手动操作程序（如手动进给、手动换刀等）、自动加工程序（如零件加工程序、刀具路径规划等）和辅助功能程序（如冷却系统控制、润滑系统控制等）。 5.设计和开发机床的人机界面软件，使操作人员能够方便地操作机床和监控机床的运行状态。例如开发一个直观的触摸屏 HMI，操作人员可以通过触摸操作快速设定义床的加工参数和运行模式。 7.编写电气设计相关的技术文档，如电气系统说明书、操作手册中的电气部分、故障排除指南等，使生产人员、售后维修人员及操作人员能够充分了解电气系统的原理和使用维护方法。 8.依据电气设计要求，负责挑选合适的电气元件，包括电机、传感器、控制器、PLC（可编程逻辑控制器）、运动控制卡、驱动器、继电器等，综合考虑元件的性能、可靠性、兼容性以及成本等因素，确保所选元件能满足义齿切削机电气系统的工作需求。 9.及时解决安装调试过程中出现的电气技术问题，保证电气系统能够顺利组装完成。 10.主导电气系统的调试工作，通过编写调试程序、设置参数等方式，对义齿切削机的电气功能进行逐一测试，如电机的调速、定位精度控制、传感器的信号反馈等，优化调试过程中发现的电气性能问题，使设备达到预定的技术指标。 11.为售后服务团队提供技术支持，对售后人员进行电气故障维修方面的培训，协助处理复杂的电气问题，收集客户反馈的电气相关意见和建议，为产品的改进和优化提供依据。 12.关注电气领域的新技术、新工艺、新元件，结合义齿切削机的发展需求，积极探索将其应用于现有产品电气系统的可行性，提出改进和创新方案，提升设备的电气性能、智能化水平以及工作效率，增强产品在市场上的竞争力。 13.定期对已上市的义齿切削机电气系统进行复盘评估，根据实际使用情况和行业发展趋势，优化电气设计方案，推动产品的升级换代，满足市场不断变化的需求。 工作地点 秦皇岛市-抚宁区-都山路9号 以担保或任何理由索要财物，扣押证照，均涉嫌违法。一经发现， 立即举报,"设计,测试,PLC设计,自动化设计,电路设计,控制器,传感器,电机,中压,高压,低压,欧姆龙,施耐德,松下",http://www.zhaopin.com/jobdetail/CC599187620J40785300803.htm?refcode=4019&srccode=401901&preactionid=fef15d22-af78-4eba-ab93-23b57dc1c7e1
智能传感器产品工程师,上海华驿汽车技术有限公司,2.1-2.5万,芜湖·鸠江区·湾里街道,广州,大专,5-10年,7月25日,zhilian,岗位职责 负责智驾系统核心传感器(各类摄像头/雷达，至少熟悉一种)的整车安装位置选型，制定布置方案。 2.开展传感器安装校核与间隙公差分析避免干涉;分析供应商提交的机械/散热仿真CAE报告，帮助开发优化。 3.参与传感器的装车试制，针对样车传感器安装问题进行现场校核与方案优化。 4.编制传感器开发和量产相关技术文档，定期进行版本管理、归档与更新维护。 5.研究国内外智驾传感器相关的法规标准，如R158、R10等，确保传感器开发符合合规要求。 6.与车身、外饰设计团队、智驾算法、试制试验等团队协同，反馈传感器布置对车身结构、算法调试的影响，推动方案迭代。 7.参与供应商技术对接，审核传感器供应商提供的安装尺寸、接口参数等资料，确保与整车布置方案匹配。 8.跟踪量产车型传感器安装过程中的质量问题，分析根源并提出布置方案的优化建议。 9.承接整车项目开发计划输入，制定软件开发计划和进展跟踪、推进; 10.支持试验车装车和试生产过程中软硬件问题的整改。 岗位要求 1.3年以上智驾传感器布置开发或传感器零部件供应商系统/结构/硬件开发工作经验，具备全流程量产开发经验优先。 2.专科及以上，车辆工程、汽车电子、机械设计、测控技术与仪器等相关专业优先。了解至少一类智驾传感器的工作原理，能配合实车测试验证布置方案的有效性; 3.具备良好的跨部门协同能力，具备较强的问题分析与解决能力，具备严谨的工作态度。 4.熟练使用CATIA、UG等建模软件，能完成传感器安装位置的三维布置、间隙校核;掌握绘制2D零件图纸. 5.熟悉整车结构、内外饰件装配工艺，清楚传感器安装对车身开孔、支架设计的要求。 6.熟悉注塑/压铸等汽车零部件制造工艺，了解模具加工开发。 7.基本了解智驾系统基础功能(ACC、AEB、APA等)的工作逻辑，理解传感器布置位置对功能性能的影响。 8.了解国内外智驾相关法规与标准(如传感器安装位置限制、视野盲区要求、电磁兼容标准等)，确保方案合。 工作地点 芜湖鸠江区扬子大楼长春路6号 以担保或任何理由索要财物，扣押证照，均涉嫌违法。一经发现， 立即举报,"传感器,摄像头,雷达",http://www.zhaopin.com/jobdetail/CC273877480J40881739205.htm?refcode=4019&srccode=401901&preactionid=fef15d22-af78-4eba-ab93-23b57dc1c7e1
机械工程师助理,湖南众能达智能装备有限公司,7000-14000元,长沙·望城·乌山,广州,本科,3-5年,7月13日,zhilian,岗位职责： 1. 项目研发协同：协助工程师完成项目研发工作，参与整机方案设计、详细设计及技术文档编写，跟进项目各阶段进度，确保研发节点按时达成。 2. BOM全流程管理：整理项目BOM清单，做到及时追踪、汇总、更新，确保物料信息的准确性与可追溯性，为采购与生产提供可靠数据支撑。 3. 现场技术支持：根据项目设计指导现场装配作业，处理生产中遇到的技术问题并提出改进意见，推动设计方案的工程落地与持续优化。 4. 外协进度跟进：跟进外协加工进度，积极处理外协反馈的技术与质量问题，确保外协件按期、按质交付。 任职要求： 必备条件： 1. 机械设计、机电一体化、过程装备等相关专业本科及以上学历。 精通SolidWorks三维设计软件，熟练使用Inventor 3D绘图软件，能熟练进行复杂装配体设计、高级曲面/钣金建模、大型装配体管理（配置、设计库、属性链接），并生成符合GB/ISO标准的、可用于生产的全套工程图纸（包括详尽的尺寸公差、形位公差、焊接及表面处理技术要求）。 2. 了解FA标准件（如气动元件、轴承、密封件等）的选型及使用，具备基本的电气元件（如传感器、电机、驱动器等）选型常识。 3. 具备良好的机械设计基础，熟悉机械制图标准（GB/ISO），能够规范标注尺寸公差、形位公差及技术要求。 4. 具备较强的学习能力与沟通协调能力，善于在研发、生产、采购、外协之间建立高效的协作。 优先条件： 1. 有自动化设备或非标装备开发经验者优先。 2. 有电容器、新能源（锂电池）、光伏或半导体行业设备开发经验者优先。 3. 有参赛经验并在团队中担任核心职责者优先。 4. 熟悉有限元分析（静力学、模态、热力学仿真）者优先。 我们提供： 有竞争力的薪酬：提供行业内有竞争力的薪资待遇，核心岗位激励与项目奖金（具体面议）。 行业领先的发展平台：参与电子元器件行业首创装备的研发，您的技术贡献将直接塑造下一代高端设备。公司正处于产能五倍扩张的关键阶段，个人成长空间巨大。 清晰的成长路径：与公司共同成长，获得快速、系统的能力跃迁。提供“技术专家”与“项目管理”双通道发展路径，优秀者可成长为技术骨干或管理核心。 全面的保障：全额缴纳的五险一金，餐补，房补，带薪年假，节日福利与团队建设。 应聘方式：请提交个人简历，并附上能代表您技术能力的项目介绍或设计作品（PDF格式）。 我们期待与每一位追求卓越、渴望成长的工程师相遇。 湖南众能达智能装备有限公司——深耕电子元器件高端装备，以行业首创之力，推动智能制造升级 工作地点 长沙望城区湖南众能达智能装备有限公司 以担保或任何理由索要财物，扣押证照，均涉嫌违法。一经发现， 立即举报,"设计,安装/调试,结构设计,工艺设计",http://www.zhaopin.com/jobdetail/CCL1510885490J40822347005.htm?refcode=4019&srccode=401901&preactionid=fef15d22-af78-4eba-ab93-23b57dc1c7e1
售后工程师,湖南好停车网络科技有限公司,4000-8000元,宁波·海曙·高桥,广州,大专,1-3年,7月10日,zhilian,职位描述 停车 弱电 相机 机电设备 工作职责 1. 负责停车场智能设备（道闸、摄像头、传感器等）的日常巡检、故障排查与维修，保障设备7×24小时稳定运行。 2. 处理停车场系统（收费系统、车位引导系统、支付对接模块）的软件故障，快速定位并解决用户停车缴费异常、数据同步错误等问题。 3. 对接停车场项目经理与客服部门，响应现场紧急报修需求，制定设备故障应急预案，降低业务中断时长。 4. 梳理停车场运维知识库，记录设备故障案例与解决方案，推动运维流程标准化，提升团队问题解决效率。 5. 参与停车场系统升级与设备迭代的测试验证工作，确保新功能上线后的兼容性与稳定性。 任职要求 1. 大专及以上学历，计算机、电子工程或自动化相关专业，1年以上硬件设备运维或技术支持经验。 2. 熟悉停车场常用硬件设备（道闸、车牌识别系统）的工作原理，具备独立拆解、维修及调试能力。 3. 掌握基础的Linux系统操作与Shell脚本编写能力，了解MySQL数据库基本运维，能协助排查系统软件层面问题。 4. 具备较强的现场问题分析能力与抗压能力，能接受紧急故障的夜间或节假日响应。 5. 有停车场、智慧交通或安防系统运维经验者优先。 工作地点 宁波海曙区开元名庭酒店万美宴会中心(商会大厦店)贤汇路298号开元名庭酒店4楼 以担保或任何理由索要财物，扣押证照，均涉嫌违法。一经发现， 立即举报,"停车,弱电,相机,机电设备",http://www.zhaopin.com/jobdetail/CCL1318079170J40954667115.htm?refcode=4019&srccode=401901&preactionid=a271cfc1-6468-4986-a7bf-a2389845913f
助理电气工程师,深圳市盛世智能装备股份有限公司,6000-9000元,深圳·宝安·石岩,广州,本科,1-3年,7月10日,zhilian,职位描述 设计 安装/调试 维修/保养 传感器 变频器 西门子 三菱 电气图纸绘制 PLC编程 电气部件选型 工作职责 1.主要负责工厂自动化产线、设备、控制系统的电气方案设计； 2.程序开发、现场调试、设备运维及技改升级； 3.打通电气硬件、PLC 程序、伺服驱动、传感器、人机界面、通讯总线等自动化系统； 4.保障生产设备稳定运行、优化生产节拍、降低故障停机时间； 5.兼顾新项目落地、设备改造、售后技术支持与标准化文档输出； 6.衔接机械、工艺、采购、生产班组多方协同，是智能制造产线核心技术岗位。 任职要求 1. 本科学历，电气自动化、机电一体化、电气工程、自动化等相关专业，一年及以上自动化设备调试经验； 2. 掌握电气控制原理，熟悉PLC编程（如西门子、三菱）及常用传感器、变频器的应用； 3. 能熟练使用AutoCAD或EPLAN进行电气图纸绘制； 4. 具备较强的动手能力与问题解决能力，能适应一定频率的现场工作； 5. 工作细致严谨，有良好的团队协作精神与沟通能力。 工作地点 深圳宝安区盛世智能石岩街道工业二路1号7栋1楼 以担保或任何理由索要财物，扣押证照，均涉嫌违法。一经发现， 立即举报,"设计,安装/调试,维修/保养,传感器,变频器,西门子,三菱,电气图纸绘制,PLC编程,电气部件选型",http://www.zhaopin.com/jobdetail/CCL1430726340J40784549006.htm?refcode=4019&srccode=401901&preactionid=a271cfc1-6468-4986-a7bf-a2389845913f
弱电智能化工程师,北京润达油气工程有限公司,8000-10000元,保定·安新·安新镇,广州,大专,1-3年,7月23日,zhilian,岗位职责： 1、负责雄安新区综合管廊、智慧市政项目全套弱电智能化系统设计、施工技术交底、现场调试、竣工验收，包含监控安防、管网传感采集、门禁机房、综合布线、无线 AP、UPS 供电系统猎聘。 2、统筹管道机器人、紫外光固化修复设备配套弱电线路、控制模块安装调试，解决设备信号传输、远程控制、有限空间弱电安全布线问题。 3、搭建智慧城市运维中控机房，负责交换机、服务器、边缘网关、数据采集终端台账管理、定期巡检、故障抢修，编制月度弱电运维报告51job。 4、绘制弱电施工 CAD 图纸，编制设备清单、施工方案、投标技术文件；对接甲方、施工班组，管控弱电施工质量、安全、工期。 5、处理项目现场弱电突发故障，保障管网监测、应急抢修系统全天候稳定运行；完善有限空间弱电作业安全规范。 6、配合软件、机械研发团队完成智能装备弱电集成测试，优化设备信号传输稳定性。 岗位要求： 1、大专及以上学历，电气工程、自动化、楼宇智能化、通信工程专业；持有低压电工证优先，2 年以上智慧城市 / 市政管廊弱电项目经验。 2、精通监控、综合布线、物联网传感、机房网络全套弱电系统，熟练使用 CAD 绘制弱电施工图，能独立完成中小型弱电项目落地一览自动化。 3、熟悉工业传感器、PLC、物联网网关接线调试，了解管道检测、非开挖施工设备弱电配套方案者优先。 4、能看懂电气原理图，具备现场故障快速排查能力，可驻雄安各项目现场出差、有限空间作业。 5、熟悉市政弱电施工规范、安全操作规程，责任心强，沟通协调能力良好。 工作地点 保定安新县雄安建安科技集团有限公司 以担保或任何理由索要财物，扣押证照，均涉嫌违法。一经发现， 立即举报,弱电施工,http://www.zhaopin.com/jobdetail/CC699869180J40893633813.htm?refcode=4019&srccode=401901&preactionid=a271cfc1-6468-4986-a7bf-a2389845913f
智能控制工程师,河北创洁环保工程有限公司,5000-10000元,石家庄·桥西·南长,广州,本科,经验不限,1月23日,zhilian,岗位职责： 1、参与环保领域智能控制系统（如废气治理装置、节能减排装置）的方案设计、软件开发与调试工作； 2、负责 PLC 程序编写、嵌入式控制模块开发，配合硬件团队完成环保设备与智能化平台的集成联调； 3、进行环保控制算法（如工艺参数优化、节能控制）仿真与验证，提升设备运行稳定性、处理效率及环保达标率； 4、参与环保智能化平台搭建，负责数据采集、传输、分析及可视化功能开发，支撑远程监控、故障预警等需求； 5、整理技术文档，包括环保智能控制方案、调试手册、测试报告、平台操作指南等； 6、配合项目现场的环保设备安装调试、智能化平台运维及客户技术培训工作； 7、跟踪环保领域智能化新技术、新方案（如 AI + 环保监测、数字孪生应用），参与技术预研与创新项目。 任职要求： 1、学历背景：本科及以上学历，自动化、控制工程、电气工程及其自动化、智能科学与技术、机电一体化、环境工程（智能控制方向）等相关专业； 2、专业基础：扎实掌握自动控制原理、PLC 编程、单片机 / 嵌入式系统基础，了解传感器与检测技术、信号与系统知识，熟悉环保设备（如污水处理、废气治理设备）控制逻辑者优先； 3、技能要求：熟悉至少一种编程语言（C/C++、Python 优先），具备 Matlab/Simulink 仿真或 LabVIEW 使用经验；了解数据采集、物联网（IoT）相关技术，有环保智能化平台或监控系统开发基础者更佳； 4、能适应国内范围出差，吃苦耐劳，品行端正，心态良好； 5、其他：应届毕业生可投递；具备环保设备控制、智能化监测平台相关课程设计、科研项目或实习经历者优先。 工作地点 石家庄市桥西区中华南大街485号 以担保或任何理由索要财物，扣押证照，均涉嫌违法。一经发现， 立即举报,"设计,测试,自动化设计,智能控制设计,数据模型开发,工控设备,智能控制设备",http://www.zhaopin.com/jobdetail/CCL1447458150J40906189402.htm?refcode=4019&srccode=401901&preactionid=a271cfc1-6468-4986-a7bf-a2389845913f
手表/穿戴测试NPI,软通动力信息技术(集团)股份有限公司,9000-14000元,东莞·寮步镇,广州,本科,1-3年,4月7日,zhilian,职位描述 NPI测试 可靠性测试 功耗测试 自动化测试 穿戴设备测试 全链路测试方案设计 跨团队协作 工作职责 1. 主导手表/穿戴设备NPI阶段的测试策略制定，覆盖硬件兼容性、传感器性能及系统稳定性等专项测试场景。 2. 设计并执行量产前的全链路测试方案，包括功能验证、压力测试及用户场景模拟，提前识别量产风险点。 3. 负责测试用例的标准化沉淀与自动化脚本开发，提升NPI阶段的测试效率与覆盖度。 4. 与研发、硬件团队协作，定位并跟踪解决产品在NPI阶段的技术缺陷，输出可落地的优化建议。 5. 输出NPI测试报告，为产品量产决策提供关键质量数据支撑。 任职要求 1. 本科及以上学历，电子工程、计算机相关专业，1年以上穿戴设备或智能硬件测试经验。 2. 精通手表/穿戴设备的硬件接口（如蓝牙、传感器）与系统交互逻辑，熟悉Android Wear/iOS WatchOS等平台特性。 3. 具备NPI项目测试经验，掌握可靠性测试（如跌落、防水）、功耗测试等专项测试方法。 4. 熟练使用自动化测试工具（如Appium、Robotium），能独立完成测试脚本开发与维护。 5. 具备跨团队协作能力，能高效推动问题闭环，对产品质量有极致追求。 工作地点 东莞华为南方工厂 以担保或任何理由索要财物，扣押证照，均涉嫌违法。一经发现， 立即举报,"NPI测试,可靠性测试,功耗测试,自动化测试,穿戴设备测试,全链路测试方案设计,跨团队协作",http://www.zhaopin.com/jobdetail/CC000544460J40805475916.htm?refcode=4019&srccode=401901&preactionid=a271cfc1-6468-4986-a7bf-a2389845913f
物联网工程师,北京嘉禾云山筑宇建筑工程有限公司,8000-16000元,淄博·张店区·房镇镇,广州,本科,经验不限,7月26日,zhilian,职位描述 物联网 通信/网络设备 计算机硬件 工作职责 1. 负责建筑工程场景下物联网系统的方案设计与实施，包括传感器部署、数据采集与传输链路搭建。 2. 对接工程业务需求，开发物联网平台功能模块，实现设备状态监控、能耗管理等智能化应用。 3. 优化物联网系统的稳定性与数据安全性，解决工程现场复杂环境下的技术问题。 4. 与工程团队协作，推动物联网技术在施工管理、设备运维等场景的落地应用。 任职要求 1. 本科及以上学历，计算机、电子信息、自动化等相关专业。 2. 掌握物联网核心技术栈，包括传感器原理、通信协议（如LoRa、NB-IoT）及数据处理技术。 3. 具备物联网平台或系统开发经验，熟悉至少一种编程语言（如Python、Java）。 4. 有工程行业或工业物联网项目经验者优先，能理解工程场景的技术需求。 工作地点 富力万达广场(淄博张店区店) 以担保或任何理由索要财物，扣押证照，均涉嫌违法。一经发现， 立即举报,物联网,http://www.zhaopin.com/jobdetail/CCL1514891250J40863591611.htm?refcode=4019&srccode=401901&preactionid=a271cfc1-6468-4986-a7bf-a2389845913f
嵌入式软件工程师/助理,江苏先飞光影科技有限公司,7000-14000元,南京·江宁·麒麟,广州,本科,经验不限,6月17日,zhilian,岗位职责 1. 嵌入式系统开发 ① 基于 ARM Cortex 系列 MCU 开展嵌入式软件开发，完成外设驱动、底层接口和应用程序开发； ② 根据产品需求实现传感器数据采集、状态检测、控制逻辑、通信协议和系统运行管理等功能； ③ 参与 IMU、GPS、编码器、电机、云台、通信模块、电源管理等相关模块的软件开发与调试； ④ 实现或优化 CAN、UART、SPI、I2C、PWM、ADC、GPIO 等常见外设接口和通信协议； ⑤ 维护和优化现有嵌入式系统代码，提升系统稳定性、实时性、可维护性和可扩展性。 2. 控制模块与数据处理 ① 参与机器人、无人系统、云台吊舱、智能硬件等产品的运动控制、姿态控制、状态估计和数据处理模块开发； ② 根据产品需要实现传感器数据融合、状态判断、异常保护、参数管理和运行日志等功能； ③ 参与 PID、滤波、状态机、闭环控制、保护策略等基础控制逻辑开发； ④ 配合硬件、结构、测试团队完成系统联调和实际场景验证； ⑤ 对系统运行中的异常、抖动、漂移、通信丢包、控制不稳定等问题进行分析和优化。 3. 上位机工具与调试工具链建设 ① 根据研发、测试和生产需要，开发 C/C++、C#、Python 等上位机工具； ② 完成设备参数配置、固件升级、数据采集、日志解析、状态监控、曲线显示和数据可视化等功能； ③ 配合建立研发调试、生产测试、售后诊断等工具链，提高测试效率和问题定位效率； ④ 根据产品迭代需要，维护和优化已有上位机工具、脚本工具和测试工具； ⑤ 协助生产、测试、项目交付等团队使用相关工具，并根据反馈持续改进。 4. 硬件联调与问题定位 ① 能够阅读硬件原理图，理解 MCU、传感器、通信接口、电源、驱动电路等基础模块； ② 配合硬件团队进行软硬件联合调试，使用示波器、逻辑分析仪、串口工具等定位问题； ③ 对通信异常、外设异常、启动异常、固件异常、干扰问题等进行初步分析和复现； ④ 协助判断问题属于软件、硬件、结构、工艺、测试或使用环境等环节； ⑤ 对重大、重复性或复杂问题进行记录、复盘和经验沉淀。 5. 技术文档与标准沉淀 ① 编写设计文档、接口说明、API 文档、通信协议文档、调试说明和版本说明； ② 根据生产测试需要，编写生产测试指导手册、烧录说明、参数配置说明和异常处理说明； ③ 参与需求评审、开发方案设计讨论和技术方案评估； ④ 确保代码、接口、版本、文档和测试记录具备基本可追溯性； ⑤ 参与公司嵌入式软件规范、代码库、工具链、问题库和技术知识库建设。 五、任职要求 1. 基本要求 航空、机器人、电子、自动化、计算机、通信、测控、机电一体化等相关专业，本科及以上学历，硕士学历优先； 具备扎实的 C/C++ 基础，熟悉嵌入式软件开发流程和常见调试方法； 熟练使用 ARM Cortex 系列 MCU 开发环境，能够独立完成常见外设驱动开发； 掌握 FreeRTOS、uCOS、RTX 等实时操作系统中的一种或多种，能够进行基础任务管理、通信、同步和资源调度； 能够使用 C/C++、C#、Python 等语言开发上位机工具、调试工具或测试脚本； 能够阅读硬件原理图，具备基础电路调试能力和软硬件联调意识； 能够阅读英文芯片手册、应用笔记和技术资料，快速定位技术问题； 具备技术文档编写能力，能够输出设计说明、接口说明、调试记录、问题分析报告等文档； 适应一定强度的研发节奏，具备跨团队协作意识和问题闭环能力； 责任心强，注重细节，具备良好的沟通能力、执行能力和学习能力。 2. 优先条件 具备以下任一条件者优先： 有实际机器人、无人机、云台、吊舱、智能硬件或自动化设备项目经验，并能够提供开发成果说明或演示； 熟悉 Linux 驱动开发、内核裁剪、设备树配置或嵌入式 Linux 应用开发； 具备树莓派、英伟达 Jetson 平台、ROS/ROS2 机器人操作系统开发经验； 熟悉 APM、PX4 等无人机开源飞控系统或相关二次开发； 具备运动控制算法实现经验，如 PID、MPC、滤波、状态估计、传感器融合等； 熟悉 CAN、UART、SPI、I2C、USB、以太网、无线通信等常见通信方式； 获得省级以上机器人、电子设计、智能车、无人机、嵌入式或程序设计竞赛奖项，并能够提供相关证明； 能够提供代码样例、项目案例、工具软件、技术文档、调试记录或实际产品案例； 具备较强的系统思维、工程实现能力、问题定位能力和持续学习能力。 六、培养与发展方向 公司将根据候选人的基础和岗位适配情况，安排相应的培养路径。 1. 新成员培养方向 ① 公司产品体系和应用场景认知； ② 嵌入式软件开发流程和研发项目流程； ③ ARM MCU、RTOS、通信协议和驱动开发规范； ④ 传感器、控制模块、上位机工具和调试工具链建设； ⑤ 原理图阅读、示波,"无人系统控制,上位机工具开发",http://www.zhaopin.com/jobdetail/CCL1520629830J40850683905.htm?refcode=4019&srccode=401901&preactionid=a271cfc1-6468-4986-a7bf-a2389845913f
技术员（工艺/数字化方向）,奥德集团有限公司,6000-10000元,临沂·河东,广州,大专,1-3年,7月22日,zhilian,岗位职责 1、工艺文件编制、工装夹具设计及生产现场技术问题处理； 2、参与数字化系统（如MES、质量检测系统）的落地运维，协助采集分析生产数据； 3、配合研发团队进行工艺试验（如热处理参数调试、涂装附着力测试）与报告撰写； 4、跟进生产线设备自动化改造，参与设备联调与故障排查； 5、参与产品开发、测试与维护，完成技术方案落地； 6、协助技术难点排查与性能优化； 7、跟踪学习新技术，支持部门技术迭代与创新尝试。 胜任能力要求 1、掌握机械制图（CAD/SolidWorks/CAXA）、工艺仿真等工具，了解常用金属材料特性； 2、具备基础编程能力（Python/SQL），可进行简单数据清洗或设备接口调试； 3、具备逻辑分析能力，能深入生产现场分析问题（如尺寸超差、涂层缺陷等），能独立解决常见技术问题； 4、主动学习智能制造新技术，适应工厂与研发协同的工作模式； 5、具备团队协作精神，沟通表达清晰。 经验与资历要求 1、大专及以上学历，机械设计、材料成型、工业工程、机械自动化等相关专业； 2、1-3年工程机械行业经验（优秀应届生可放宽，需有实习或项目经历）； 3、熟悉机加工/热处理/涂装中至少一类工艺，或有产线数据采集系统实施经验者优先； 4、了解PLC基础、传感器应用者加分。 工作地点 临沂河东区山东珠琳智造股份有限公司 以担保或任何理由索要财物，扣押证照，均涉嫌违法。一经发现， 立即举报,"工艺设计,工艺仿真",http://www.zhaopin.com/jobdetail/CC407248420J40822515916.htm?refcode=4019&srccode=401901&preactionid=a271cfc1-6468-4986-a7bf-a2389845913f
智能产品开发与应用专业教师,长春健康职业学院,5000-7000元,长春·朝阳·双德,广州,本科,经验不限,7月6日,zhilian,职位描述 授课老师 1.敢于担当、作风正派、遵纪守法、品行端正、为人真诚、生活和工作态度积极向上； 2.自主积极学习、会学习，善于沟通表达； 3.服务意识强，团队协作意识强，具有极强的责任感。 4.掌握以下专业课程至少2门：模拟电子电路设计与制作、数字电子电路设计与制作、嵌入式系统与应用、嵌入式微处理器应用、嵌入式应用程序设计、智能产品设计与制作、总线接口技术与传感器应用、数字信号处理、移动互联网通信技术、Arduino应用开发、电子工程制图、印制板电路板的设计与制造、电工与电子技术、AutoCAD、计算机网络与通信技术、人工智能、数据库技术、传感器技术与应用、智能产品设计与制作、无线通信组网技术、移动终端应用及开发技术等相关课程 5.本科及以上学历 工作地点 长春朝阳区锦河街155号 以担保或任何理由索要财物，扣押证照，均涉嫌违法。一经发现， 立即举报,授课老师,http://www.zhaopin.com/jobdetail/CC511886280J40575170914.htm?refcode=4019&srccode=401901&preactionid=a271cfc1-6468-4986-a7bf-a2389845913f
研发设计员（电机电控领域）,哈尔滨东安汽车动力股份有限公司,6000-12000元,哈尔滨·平房·联盟,广州,本科,经验不限,6月5日,zhilian,职位描述 力学 电气 AutoCAD 新能源/燃油整车研发制造 工作职责 1. 负责新能源电机设计开发，各类电动机、发电机本体结构技术攻关、技术创新。 2.负责电机控制单元设计开发，永磁直流电机、永磁雨刷直流电机、永磁同步电机、高速永磁电机、力矩电机等产品的结构设计、材料选型、力学计算及仿真等工作。 3.负责新能源动力系统联调。 4.负责新能源动力系统策略研究开发，汽车及动力方面的前沿技术、专题分析汇总及解读； 5.负责增程电机，电控系统，电喷系统传感器结构及成本研究。 任职要求 1.教育背景:电气工程及其自动化、电气工程与智能控制、机电一体化、电机电器及其控制、电子信息工程、电机电器智能化专业，本科及以上学历。 2.理论知识:电气工程、电路原理、电子技术基础、电机学、电力电子技术等本专业领域有一定研究。 3.设计能力要求:电喷系统件设计、电机与电控的集成。 4.软件使用要求:熟练使用AUTOCAD、UG（或Solidworks其他三维软件）等机械设计软件；熟练使用ANSYS Workbench或其他应用分析软件。 5.职业素养要求:热爱汽车发动机事业，敬岗爱业；具有较强的学习能力和团队协作能力；具有较强的工作积极性和主动性，能够主动承担并完成工作；具备良好的组织协调能力和语言文字表达能力。 工作地点 平房区哈尔滨汽车发动机制造有限公司 以担保或任何理由索要财物，扣押证照，均涉嫌违法。一经发现， 立即举报,"力学,电气,AutoCAD",http://www.zhaopin.com/jobdetail/CC212254410J40294720514.htm?refcode=4019&srccode=401901&preactionid=a271cfc1-6468-4986-a7bf-a2389845913f
人工智能检验检测工程师,中国电子技术标准化研究院((工业和信息化部电子工业标准化研究院)(工业和信息化部电子第四研究院)),8000-12000元,北京·东城·北新桥,广州,本科,经验不限,7月13日,zhilian,岗位职责： 1）负责人工智能系统（平台软件、AI服务器、计算机视觉、智能语音、模型性能、算法等）功能、性能、可靠性、标准符合性等测试，以及相关分析、测试方案编写、用例设计和测试执行工作； 2）负责异构加速卡的性能测试相关技术研究； 3）负责人工智能领域标准化测试相关技术研究； 4）人工智能检验检测相关其他工作。 岗位要求： 1）本科及以上学历，人工智能、计算机、软件工程、自动化等相关专业优先； 2）了解机器学习和深度学习技术，包括常见的模型、算法和框架，能够进行模型测试和性能评估； 3）了解人工智能相关硬件特性，如异构计算设备、传感器等； 4）熟练掌握至少一种编程语言和软件测试方法，如Python、Java、C等，能够编测试工具和方法，如单元测试、集成测试、性能测试、安全测试、自写测试脚本和测试用例； 5）熟悉常见的动化测试等，能够根据标准化要求设计测试方案与测试用例。 工作地点 北京东城区安定门东大街 以担保或任何理由索要财物，扣押证照，均涉嫌违法。一经发现， 立即举报,"人工智能,检测/认证/计量,半导体/芯片",http://www.zhaopin.com/jobdetail/CCL1295375360J40955052415.htm?refcode=4019&srccode=401901&preactionid=a271cfc1-6468-4986-a7bf-a2389845913f
智能设备系统工程师,三一集团有限公司,2-3.5万·16薪,长沙·长沙·星沙,广州,本科,3-5年,12月1日,zhilian,岗位职责： 1.负责智能设备的电气系统设计与开发，包括电气原理图设计、线缆布线规划及电气安全规范制定。 2.主导智能设备的硬件选型与集成开发，完成传感器、控制器、执行机构等核心部件的性能评估与适配优化。 3.负责电气系统调试与测试验证，确保设备功能、可靠性与安全标准符合行业规范。提供量产阶段的技术支持，协助解决生产、装配及现场应用中的电气系统问题，协同供应商完成硬件迭代 任职要求： 1.具备工业自动化、机器人或智能设备领域的电气系统开发经验，熟悉电气设计标准（如IEC、GB等）。精通电气设计工具（如AutoCAD 、EPLAN），具备硬件选型与电路调试能力。 2.熟悉常见工业总线（如CAN、EtherCAT）、传感器（激光/视觉/IMU）及电机驱动器的应用与集成。 3.电气工程、自动化、机械电子等相关专业优先，具备跨部门协作经验及供应商管理能力 工作地点 长沙长沙县三一重工股份有限公司 以担保或任何理由索要财物，扣押证照，均涉嫌违法。一经发现， 立即举报,工业自动化/机器人,http://www.zhaopin.com/jobdetail/CC134218700J40772296010.htm?refcode=4019&srccode=401901&preactionid=a271cfc1-6468-4986-a7bf-a2389845913f
智能化实施工程师,河北正诺建筑工程有限公司,1-1.4万,沧州·黄骅市·新村回族乡,广州,本科,3-5年,7月17日,zhilian,职位描述 人工智能 工程施工 工业自动化/机器人 工作职责 1. 负责AI技术在机电设备安装项目中的落地应用，设计智能化解决方案并推动实施。 2. 参与机电设备项目的全流程管理，结合AI算法优化设备运行效率、故障预警及能耗管理。 3. 与项目团队协作，将AI模型与机电设备的传感器数据、控制系统对接，实现数据驱动的决策支持。 4. 分析项目中的技术难点，运用AI技术（如机器学习、计算机视觉）解决机电设备安装、调试及运维中的实际问题。 任职要求 1.本科及以上学历，计算机、自动化、电子信息、测控技术等相关专业。 2. 2年以上工业AI落地经验，有智慧矿山、智慧港口、智慧工地、工业视觉检测等领域项目经验者优先。熟悉工业现场环境（如防爆要求、强电磁干扰、网络隔离等）对AI部署的影响及应对措施。 3. 了解机电设备的原理、安装流程及控制系统，有建筑设备安装或机电项目经验者优先。 4. 具备跨团队沟通能力，能有效协调技术、工程团队推进智能化项目落地。 工作地点 沧州黄骅市国家能源投资集团黄骅港务公司 以担保或任何理由索要财物，扣押证照，均涉嫌违法。一经发现， 立即举报,"人工智能,工程施工,工业自动化/机器人",http://www.zhaopin.com/jobdetail/CC696647880J40853667807.htm?refcode=4019&srccode=401901&preactionid=a271cfc1-6468-4986-a7bf-a2389845913f
电气工程师,黑龙江哈工领航智能装备有限公司,9000-18000元,营口·老边区·边城镇,广州,大专,5-10年,6月3日,zhilian,岗位职责 1. 负责巡检机器人整机电气系统方案设计，包含主控系统、供电系统、运动控制系统、传感器采集系统、通信系统的硬件选型、电路设计、原理图绘制等。 2. 负责机器人电机、驱动器、电池、雷达、摄像头、温湿度、气体传感器等电气元器件的适配调试，完成设备上电、信号采集、运动控制、数据传输等功能调试。 3. 设计机器人电气布线、线束方案，制定电气装配工艺标准，规范生产装配流程，保障设备电气系统稳定、安全运行。 4. 解决机器人研发、测试、现场运行中的电气故障，如供电异常、信号干扰、通信中断、传感器失灵、运动控制失效等问题，完成故障复盘与方案优化。 5. 对接软件、结构工程师，配合完成整机功能联调，支持产品迭代、新品研发，输出电气原理图、接线图、测试报告、工艺规范等全套技术文档。 6. 跟进行业电气新技术、新器件，优化电气控制方案，降低设备功耗、提升设备运行稳定性与智能化程度，适配多场景巡检作业需求。 任职要求 1. 本科及以上学历，电气工程、自动化、电子信息、机电一体化等相关专业，2年及以上智能机器人、工业自动化设备电气研发经验，有巡检、服务机器人电气调试经验优先。 2. 熟练使用Altium Designer、CAD等电气设计软件，精通模拟电路、数字电路设计，熟悉STM32、单片机、PLC等常用控制单元。 3. 熟悉RS485、CAN、以太网、4G/5G、蓝牙等常用通信协议，掌握机器人运动控制、传感器数据采集、电源管理等核心电气技术。 4. 了解工业电气安全规范、电磁兼容标准，具备独立电气方案设计、整机调试、故障排查能力。 5. 具备较强的问题分析和解决能力，责任心强，善于跨部门沟通协作，能够适配项目研发节奏。 工作地点 老边区敬业营口中板有限公司 以担保或任何理由索要财物，扣押证照，均涉嫌违法。一经发现， 立即举报,"测试,设计",http://www.zhaopin.com/jobdetail/CCL1497261970J40886668613.htm?refcode=4019&srccode=401901&preactionid=a271cfc1-6468-4986-a7bf-a2389845913f
嵌入式硬件工程师,成都西蒙探行机器人有限公司,8000-12000元,成都·简阳·福田,广州,本科,1-3年,7月22日,zhilian,岗位职责： 1.负责嵌入式硬件系统的方案设计、原理图绘制及PCB Layout布局； 2.参与产品需求分析与硬件架构设计，制定高可靠性、高集成度的硬件技术方案，主导关键功能模块的电路实现与优化； 3.完成核心元器件的选型、评估与认证，负责电路调试、信号完整性测试及整机硬件性能验证，确保系统在复杂工况下的稳定运行； 4.配合嵌入式软件、结构、算法等团队进行整机联调，重点解决视觉感知与电机控制协同中的硬件技术难题，推动产品快速迭代与量产落地。 任职要求: 1.本科及以上学历，硕士优先，电子、自动化、通信、计算机等相关专业； 2.具备扎实的模拟与数字电路基础，精通高速数字电路及功率驱动电路设计，熟悉常用接口电路及总线协议（如I2C、SPI、UART、USB、MIPI、Ethernet等）； 3.熟练掌握至少一种EDA设计工具（如Cadence Allegro、Altium Designer等），能独立完成多层高密度PCB设计，具备信号完整性与电源完整性分析能力； 4.熟悉常见通信协议及硬件接口，具备较强的动手调试能力，能熟练使用示波器、频谱仪、逻辑分析仪等仪器进行信号分析与故障排查； 5.具备具身智能（Embodied AI）相关硬件开发经验者优先，包括但不限于多模态传感器融合、异构计算平台（如NVIDIA Jetson、地平线、Zynq MPSoC等）或实时控制系统的硬件设计； 6.具备良好的英文阅读能力，能独立查阅芯片手册及技术文献，具备优秀的团队协作意识与跨部门沟通能力。 福利待遇: 五险一金、周末双休、法定节假日； 包一日三餐，早九晚六弹性打卡； 定期团建活动，舒适开放的办公环境； 与行业顶尖技术团队共事，参与前沿机器人产品从0到1的全流程开发 工作地点 成都简阳市天府绛溪实验室 以担保或任何理由索要财物，扣押证照，均涉嫌违法。一经发现， 立即举报,人工智能,http://www.zhaopin.com/jobdetail/CCL1517026910J41002411602.htm?refcode=4019&srccode=401901&preactionid=a271cfc1-6468-4986-a7bf-a2389845913f
标定技术员,川南集团,6000-12000元,乐山·犍为县·玉津镇,广州,本科,1-3年,7月22日,zhilian,岗位职责： 1、参与电控/主动减震器的电子控制单元（ECU）、传感器、执行器的开发与调试工作； 2、负责电控减震器相关电气部件的电路设计、测试、验证及技术问题解决； 3、协助进行嵌入式控制系统（ECU）的软件功能测试、标定与数据采集分析； 4、支持新产品试制与生产导入，编制相关电气技术文件与测试规范； 5、参与整车与电控悬架的通讯调校。 任职要求： 1、本科及以上学历，电气工程、控制科学与工程等相关专业； 2、具有汽车电子、智能悬架或机电一体化产品开发经验，熟悉电控减震器或主动悬架系统者优先； 3、熟悉模拟/数字电路设计，掌握嵌入式系统开发流程，了解常用通信协议（如CAN/LIN）； 4、熟悉电机应用、测试仪器（示波器、万用表等）及数据分析工具； 5、具备良好的团队协作精神、逻辑分析能力和动手解决实际问题的能力； 6、熟练使用CANoe、CANalyzer、CANape、INCA、MATLAB等专业工具采集和分析总线数据； 7、具备良好的英语阅读能力，能阅读英文技术资料。 说明：特别优秀者，薪资可面议。 工作地点 乐山四川川南减震器集团有限公司犍为县玉津镇铜高村九组 以担保或任何理由索要财物，扣押证照，均涉嫌违法。一经发现， 立即举报,"乘用车,摩托车",http://www.zhaopin.com/jobdetail/CC207902010J40841416014.htm?refcode=4019&srccode=401901&preactionid=a271cfc1-6468-4986-a7bf-a2389845913f
传感器 / 模拟电路 / 嵌入式硬件工程师（含设计、生产、工艺、测试全流程）,四川都睿感控科技有限公司,1-2万,成都·郫都·安靖,广州,大专,经验不限,4月11日,zhilian,岗位职责 负责电流、电压传感器的方案设计、原理图与 PCB 设计、样品调试、性能优化及量产落地，熟练掌握传感器从研发到生产全流程。 负责以下至少一类传感器的产品开发：振弦传感器、力传感器、接近开关、红外传感器、振动传感器、加速度传感器等，独立完成设计、生产工艺制定、测试验证与问题整改。 负责传感器生产工艺制定、工装夹具设计、测试流程搭建，解决生产过程中工艺、良率、可靠性等问题。 负责模拟电路设计、信号调理、放大滤波、抗干扰处理、精度校准与温度补偿。 具有嵌入式系统硬件开发经验，完成系统相关的装置开发者； 配合嵌入式软硬件开发，完成传感器接口调试、数据采集、标定与算法优化。 编写产品规格书、测试规范、工艺文件、BOM 及相关技术文档。 参与供应链对接、样品试产、量产导入及质量管控，支撑生产与工程管理。 同时也招聘具有工厂生产及管理能力的生产管理人员； 任职要求 大专及以上学历，电子信息、自动化、测控技术、仪器仪表、机电等相关专业。 熟悉电流 / 电压传感器原理、设计、生产工艺、测试方法与性能指标； 同时具备以下一种及以上传感器开发经验优先：振弦、力、接近开关、红外、振动、加速度。 掌握模拟电路设计，能独立完成运放电路、滤波电路、ADC 采集、信号调理等设计与调试。 熟悉传感器生产制程、装配工艺、测试工装、老化试验、可靠性测试等。 具有嵌入式系统硬件开发经验，完成公司嵌入式系统开发任务； 能熟练使用示波器、万用表、负载仪、信号源、数据采集仪等测试设备。 具备良好的问题分析能力，能独立处理传感器精度、温漂、干扰、一致性等工程问题。 具有量产导入、工艺优化、生产管理或工程技术支持经验者优先。 加分项 有工业传感器、工控传感器、物联网传感器、智能硬件量产经验 熟悉 MCU 嵌入式开发、传感器标定算法、CAN/485 / 模拟量输出 熟悉 EMC / 安规规范，有高低温环境测试经验 能统筹项目进度、对接生产与品质管理 工作地点 成都郫都区西南交通大学郫都先进制造科创园先导区 以担保或任何理由索要财物，扣押证照，均涉嫌违法。一经发现， 立即举报,"ARM处理器,传感器调理电路设计",http://www.zhaopin.com/jobdetail/CC478318480J40851920514.htm?refcode=4019&srccode=401901&preactionid=a271cfc1-6468-4986-a7bf-a2389845913f
智能驾驶仿真工程师-campus 2027,经纬恒润,1.2-2万·14薪,天津·西青·张家窝,广州,硕士,经验不限,7月24日,zhilian,职位描述 新能源/燃油整车研发制造 1. 负责智能驾驶仿真测试系统开发，包括MIL/SIL/HIL/DIL/VIL等； 2. 负责智能驾驶感知传感器（包括毫米波雷达、激光雷达、摄像头、超声波、GPS、V2X等）仿真模型搭建、仿真系统设计和调试； 3. 负责数据驱动的智能驾驶感知测试验证场景开发、负责基于合成数据的端到端智驾测试场景开发、智能驾驶常规虚拟测试场景的开发； 4. 负责前瞻性技术研究：如3DGS/4DGS和WorldModel在仿真中的应用，高逼真度传感器物理模型仿真技术，传感器故障注入技术等。 1.硕士及以上学历，车辆工程、计算机、机械、机电、自动化、控制相关专业； 2.对智能驾驶感兴趣，具有良好动手能力，能分析和解决问题能力，能快速学习新知识新技能； 3.掌握至少一种编程能力者优先（如C/C++/python），熟悉汽车电控系统、有智能驾驶仿真、Linux、HIL系统开发或使用经验者优先。 工作地点 西青区经纬恒润天津研发中心 以担保或任何理由索要财物，扣押证照，均涉嫌违法。一经发现， 立即举报,新能源/燃油整车研发制造,http://www.zhaopin.com/jobdetail/CC000571490J40864680711.htm?refcode=4019&srccode=401901&preactionid=823ce137-f862-47ed-a9c9-e8111c379e9c
智能驾驶系统工程师,天津龙创世纪汽车设计有限公司北京分公司,1.1-2.2万·13薪,北京·顺义,广州,本科,3-5年,7月23日,zhilian,岗位职责： 负责智驾零部件产品开发，涵盖超声波雷达、高精度定位模块、毫米波雷达、前视一体机等产品 开展产品需求技术交流、硬件选型，编制签署产品开发协议，完成产品定点、传感器布置、数据冻结、ECV报告验收及零部件认可等工作 编制智驾产品开发计划，管控开发进度，负责集成测试软件提测、测试问题处理及软件认可释放等软件开发管理工作 参与执行器联调、传感器标定、功能标定及验收相关工作 负责智驾零件产线EOL需求、传感器下线标定开发验证，提供基地装车支持并处理相关问题 发掘智驾零部件VAVE、芯片保供及国产化方案，评估方案可行性并与项目沟通落实 任职要求： 本科及以上学历，汽车电子、自动化、电子信息、计算机等相关专业 1年及以上智驾零部件开发相关经验，熟悉超声波雷达、毫米波雷达等智驾传感器者优先 了解智驾产品开发流程，具备硬件选型、测试问题处理及项目进度管控能力 责任心强，具备良好的沟通协调能力、团队协作意识及问题解决能力 工作地点 高顺云港新能科技园北京顺义区北京市顺义区林河南大街9号院 以担保或任何理由索要财物，扣押证照，均涉嫌违法。一经发现， 立即举报,"控制器,智能座舱,自动驾驶系统,智能驾驶,汽车电器,雷达",http://www.zhaopin.com/jobdetail/CCL1510259020J40894467303.htm?refcode=4019&srccode=401901&preactionid=823ce137-f862-47ed-a9c9-e8111c379e9c
智能硬件研发实习生,吉林省智为光电技术有限公司,100-150元/天,长春·南关·新立城,广州,本科,经验不限,12月12日,zhilian,职位描述 可转正 实习证明 半导体/芯片 计算机软件 计算机硬件 一、培养对象：2026届本科/硕士毕业生（计算机、电子及相关专业） 实习地点：长春理工大学科技园A8栋508室 转正通道：实习考核优秀者毕业后直接转聘为正式工程师 二、核心职责 信号采集系统开发 负责传感器信号采集方案设计、硬件搭建与调试； 参与多源信号（温度/压力/振动等）的数据处理算法优化。 执行产品性能测试，编写测试报告并反馈设计缺陷； 跨学科协作 配合机械结构设计、电子电路团队完成集成测试。 三、 任职要求 专业能力：熟悉模拟/数字电路基础，掌握C/Python/Matlab至少一种编程语言； 工具应用：熟练使用示波器、万用表等仪器，有3D建模、PCB设计或CAD软件经验者优先； 素质要求：逻辑清晰、动手能力强，能适应实验室环境 四、薪酬福利 实习待遇：100-150元/天（根据能力面议上浮）； 工作地点 南关区长春理工大学国家大学科技园 以担保或任何理由索要财物，扣押证照，均涉嫌违法。一经发现， 立即举报,"可转正,实习证明,半导体/芯片",http://www.zhaopin.com/jobdetail/CCL1484378240J40827145010.htm?refcode=4019&srccode=401901&preactionid=823ce137-f862-47ed-a9c9-e8111c379e9c
视频算法工程师,北京智捷互联科技有限公司,5000-7000元,北京·丰台·看丹,广州,本科,经验不限,8月27日,zhilian,职位描述 图像识别产品 人工智能 计算机软件 云计算 1、职责要求 负责计算机视觉、图像/视频智能分析处理相关的算法研发.优化移植和应用支持，如运动目标的检测与跟踪、目标（人/车等）识别、行为分析等； 负责视频与其他传感器的融合识别算法的研发与改进工作； 进行视频识别相关功能的分析和系统设计 根据设计进行算法模块的实现和优化 2、学历要求 要求计算机、人工智能、信号处理、统计学、模式识别或机器学习等专业背景。岗位要求本科及以上学历，涉及图像处理、计算机视觉等方向。‌ 3、工作经验 岗位要求相关经验，涉及视频智能分析、目标检测、追踪与识别等算法研发。有深度学习、机器视觉项目经验者优先。 ‌ 4、技术能力 至少熟练使用(Python.Perl.Ruby等)一种脚本语言；熟悉FFMpeg.OpenCV等常见图像处理开源库；熟练掌握cikit-learn，Tenorflow，Caffe，Pytorch，kera等一种或多种机器学习库。熟悉视频编解码标准（如H.264/H.265）；能用机器学习.统计学习或其他主流智能分析技术解决特定目标识别或行为分析问题。 工作地点 丰台区北京丰台总部基地18区 以担保或任何理由索要财物，扣押证照，均涉嫌违法。一经发现， 立即举报,图像识别产品,http://www.zhaopin.com/jobdetail/CCL1413073360J40753664701.htm?refcode=4019&srccode=401901&preactionid=823ce137-f862-47ed-a9c9-e8111c379e9c
物联网工程师,北京嘉禾云山筑宇建筑工程有限公司,8000-16000元,保定·定州·北城区,广州,本科,经验不限,7月14日,zhilian,职位描述 物联网 通信/网络设备 计算机硬件 工作职责 1. 负责建筑工程场景下物联网系统的方案设计与实施，包括传感器部署、数据采集与传输链路搭建。 2. 对接工程业务需求，开发物联网平台功能模块，实现设备状态监控、能耗管理等智能化应用。 3. 优化物联网系统的稳定性与数据安全性，解决工程现场复杂环境下的技术问题。 4. 与工程团队协作，推动物联网技术在施工管理、设备运维等场景的落地应用。 任职要求 1. 本科及以上学历，计算机、电子信息、自动化等相关专业。 2. 掌握物联网核心技术栈，包括传感器原理、通信协议（如LoRa、NB-IoT）及数据处理技术。 3. 具备物联网平台或系统开发经验，熟悉至少一种编程语言（如Python、Java）。 4. 有工程行业或工业物联网项目经验者优先，能理解工程场景的技术需求。 工作地点 保定定州市万达广场(定州店) 以担保或任何理由索要财物，扣押证照，均涉嫌违法。一经发现， 立即举报,物联网,http://www.zhaopin.com/jobdetail/CCL1514891250J40854386811.htm?refcode=4019&srccode=401901&preactionid=823ce137-f862-47ed-a9c9-e8111c379e9c
储备干部（机电类）,潍坊恒泰路桥工程材料有限公司,6000-10000元,潍坊·坊子·凤凰,广州,本科,1-3年,7月26日,zhilian,职位描述 设计 安装/调试 机电一体化 智能炒菜机器人研发 PLC编程 电气设计 工业自动化/机器人 专用设备制造 人工智能 工作职责： 1. 参与智能炒菜机器人的机械结构设计与电气系统集成，输出符合生产标准的技术方案。 2. 负责设备的装配调试与性能测试，解决研发及生产过程中的机电联动问题。 3. 跟踪产品全生命周期，参与现有设备的升级改造与工艺优化，提升生产效率。 4. 协同跨部门团队完成技术文档编写与生产流程标准化建设。 任职要求： 1. 本科及以上学历，机械工程、电气工程、自动化等相关专业。 2. 掌握SolidWorks等机械设计软件，熟悉PLC编程及传感器应用技术。 3. 具备较强的动手能力，能独立完成机电设备的拆装与调试工作。 4. 有智能制造、工业机器人或自动化设备相关项目经验者优先。 工作地点 潍坊坊子区华光电子 以担保或任何理由索要财物，扣押证照，均涉嫌违法。一经发现， 立即举报,"设计,安装/调试,机电一体化,智能炒菜机器人研发,PLC编程,电气设计",http://www.zhaopin.com/jobdetail/CC549460420J41017740404.htm?refcode=4019&srccode=401901&preactionid=823ce137-f862-47ed-a9c9-e8111c379e9c
急聘组装工 月入7000（空调 提供低价住宿）,兰剑智能,5000-7000元·13薪,德州·临邑县·邢侗街道,广州,学历不限,1-3年,6月12日,zhilian,职位描述 五险一金 工业自动化/机器人 电气机械/电力设备 一、机械装配： 1、负责AGV中试设备、整机结构及配套机械部件的拆解、装配、调试与整改工作，严格对照机械图纸、工艺文件，独立完成各项机械安装作业，保障安装作业合规标准。 2、配合中试研发测试工作，根据试验研发需求调整设备结构、更换配套零部件，及时排查安装过程中出现的结构异响、装配偏差、部件配合不良等各类机械问题。 3、做好零部件核对、设备安装台账记录等基础工作，落实现场6S管理要求，全力配合部门完成样机整改及试制落地工作，保障中试研发工作有序推进。 二、电气装配： 1、负责AGV中试设备电气系统的布线、接线、电气元器件安装、线路调试及问题整改，严格依据电气原理图、接线图独立完成全套电气安装作业。 2、配合研发人员开展设备通电测试、整机功能调试，精准排查线路短路、接线错误、信号异常等各类电气故障，保障设备电气系统正常运行。 3、规范整理设备线束、固定电气配件，完善电气安装台账记录，严格遵守电气安全操作规范，配合完成样机验收、迭代整改等相关工作。 任职要求 一、机械装配： 1、拥有1年及以上相关工作经验，能够熟练装配图纸、零件图纸，具备独立完成设备整机及零部件安装作业的能力。 2、熟悉基础机械装配工艺、公差配合等专业常识，了解自动化设备基本结构原理，动手能力扎实，可精准把控设备安装精度，独立排查基础装配故障。 3、 服从部门工作安排，工作踏实吃苦耐劳，能够适配中试样机反复调试、整改的特殊工作场景，有AGV、自动化设备安装经验者优先录用。 二、电气装配： 1、 具备1年及以上电气设备安装工作经验，可熟练识读电气原理图、接线图，能够独立完成自动化设备的电气布线、接线等核心作业。 2、掌握扎实的基础电气专业知识，熟悉低压电气元件、传感器、伺服电机、线束安装规范及自动化设备电气装配流程，具备基础电气故障排查与处理能力。 3、工作细致严谨、责任心强，严格遵守电气安全操作规范，可适配中试样机调试、整改的工作模式，有AGV、智能设备电气安装经验者优先。 原标题：《非标自动化装配工》 工作地点 德州临邑县兰剑智能科技 以担保或任何理由索要财物，扣押证照，均涉嫌违法。一经发现， 立即举报,五险一金,http://www.zhaopin.com/jobdetail/CC120752170J40823902216.htm?refcode=4019&srccode=401901&preactionid=823ce137-f862-47ed-a9c9-e8111c379e9c
智能制造工程师,北京星光凯明智能装备有限公司,8000-15000元,北京·大兴·礼贤,广州,大专,1-3年,6月8日,zhilian,岗位职责 1. 负责智能制造产线、自动化设备、MES系统、生产工艺的落地实施、调试优化与日常技术支撑，推进工厂数字化、智能化升级。 2. 参与生产流程梳理、工艺改善、产线节拍优化、效率提升，分析生产瓶颈，输出改善方案并落地验证。 3. 负责MES、WMS、SCADA等智能制造系统的运维、数据对接、报表搭建、异常排查，保障生产数据实时、准确、可追溯。 4. 配合自动化设备（机器人、视觉、PLC产线）调试、联调、技改，实现生产自动化、标准化、数字化落地。 5. 负责生产数据统计分析、产能、良率、OEE等核心指标监控，持续推进降本增效、品质改善与制程优化。 6. 编写智能制造相关工艺文件、作业指导书、系统操作规范，开展员工培训，固化标准化生产流程。 7. 跟进智能制造项目导入、试产、量产全过程，解决现场制程、设备、系统对接问题，保障项目顺利落地。 任职要求 1. 大专及以上学历，机械自动化、智能制造、机电一体化、工业工程、电子工程等相关专业，1-3年智能制造/自动化工艺/产线改善相关经验。 2. 熟悉工厂智能制造体系，了解MES、SCADA、数字化产线基本运作逻辑，具备现场工艺改善、产线优化能力。 3. 了解自动化设备、PLC、工业机器人、视觉检测、传感器等基础应用，能够配合设备调试与产线技改。 4. 具备数据分析能力，能够通过生产数据挖掘问题、输出改善对策，熟悉OEE、良率、产能提升改善逻辑。 5. 思维清晰、执行力强，能快速处理产线异常问题，具备良好的沟通协调、跨部门推进能力。 6. 能适应生产型企业工作节奏，责任心强、抗压能力好，具备精益生产、持续改善思维； 7. 具备较强学习能力、新岗位适应能力，能熟练掌握本专业设计软件、仿真分析软件以及常用办公软件等。 工作地点 大兴区北京大兴国际机场综合保税区 以担保或任何理由索要财物，扣押证照，均涉嫌违法。一经发现， 立即举报,"PLC,SCADA,MES",http://www.zhaopin.com/jobdetail/CC153868620J40910955512.htm?refcode=4019&srccode=401901&preactionid=823ce137-f862-47ed-a9c9-e8111c379e9c
车辆运动控制工程师,萨牌智能驱动技术(河北)有限公司,2-2.5万,廊坊·固安县·固安镇,广州,本科,1-3年,7月10日,zhilian,职位描述 工业自动化/机器人 工作职责： 1、新车型适配： 根据项目需求对新车型的电控系统适配。 支撑方案设计和现场交付。 2、用户界面开发： 开发控制器上位机用户界面，并针对不同客户修改。 完成车辆内部数据可视化展示和相关辅助功能开发，如sla重定位、手动模式。 3、项目参数调优： 针对不同的项目场景进行SLAM参数和控制参数优化。 4、新传感器适配： 新的激光雷达适配并完成参数调优。 5、技术文档编制与审核： 测试方案和测试标准制定。 软件代码说明。 编写用户使用说明书。 6、团队协作： 指导初级工程师完成开发任务，参与控制器测试、原理图和代码审查。 与调度系统团队协作，确保调度指令与底层执行的一致性。 指导、协助测试组完成控制系统的测试任务。 与方案规划团队协作，按行业搭建标准车辆运动控制场景。 任职要求： 1、熟练STM32编程，并熟练使用相关外设，例如ADC、TIMER、IIC、UART、SPI、CAN等外设。 2、熟练使用Altium Designer软件绘制原理图及PCB，具有4层板设计经验。 3、熟练使用示波器、万用表、波形发生器等设备进行电路开发。 4、扎实的编程基础，熟练使用C++编程，熟悉Linux系统及开发工具链。 5、熟练掌握QT等用户界面开发。 6、精通ROS/ROS2，深入理解ROS/ROS2的核心概念，熟练使用其中的各个工具进行开发。 7、了解CANopen协议和CiADS301、DS401、DS402等运动控制行业规范。 8、熟悉工业物流应用场景需求。 9、熟悉网络通信和硬件接口。 10、了解SLAM领域的主流算法和框架，如Cartographer等。 11、具有机器人软件和硬件开发等相关基础和项目经历者优先。 工作地点 北京萨牌电器设备有限公司河北省廊坊市固安县高新区东方街北侧萨牌电器院内1号 以担保或任何理由索要财物，扣押证照，均涉嫌违法。一经发现， 立即举报,工业自动化/机器人,http://www.zhaopin.com/jobdetail/CCL1476136330J40949388008.htm?refcode=4019&srccode=401901&preactionid=823ce137-f862-47ed-a9c9-e8111c379e9c
机器人维养工程师,山东久智信息技术有限公司,5000-7000元,济南·历城·唐冶,广州,大专,经验不限,7月21日,zhilian,岗位职责： 1. 现场出差运维：根据公司工作安排，短期出差前往全国各项目现场，负责现场机器人的巡检、定期养护工作，保障设备常态稳定运行，排查设备运行潜在隐患。 2. 易损件检查核验：严格按照设备维保标准及作业流程，全面检查机器人各类零部件，重点排查轮胎、传感器、轴承、电池、线路、传动配件等易损件，精准判断配件磨损、老化、故障程度，做好点位标记与问题记录。 3. 数据信息汇总归档：每次现场维养、巡检工作结束后，及时整理设备运行状态、隐患问题、易损件损耗情况等全部数据信息，规范填写维养日报，做到数据真实、记录清晰、内容完整。 4. 资料上传报备：针对巡检发现的设备问题、易损件损坏点位，拍摄清晰的现场实景图片、设备故障细节图，同步将维养客户签字表、影像资料统一上传至公司指定系统平台，完成资料归档报备，确保后台可实时核查现场设备情况。 5. 规范执行维养标准：严格遵守公司设备维养操作规程、安全作业，规范开展各项养护、巡检工作，杜绝违规操作，保障作业安全及维保质量。 任职要求： 1、机电一体化、工业自动化、工业机器人、物联网、人工智能等相关专业。 2、专科及以上学历，有相关工作经验者更佳； 3、热衷于智能机器人行业，具有调试排障、问题分析和解决方案总结能力；【必要满足项】 4、熟悉Linux操作系统常用命令（解压、运行安装包、导出日志等）和常用软件的调试，动手能力强；【必要满足项】 5、有良好的沟通理解能力、团队合作意识，能够配合领导和客户完成各种需求和协调工作。 6、可根据公司项目需要适应全国范围出差。【必要满足项】 岗位福利： 五险一金、项目奖金、节日福利、弹性工作、超勤补贴 、根据量化工时多劳多得。 证书要求：有电工证、叉车证、登高证（需至少满足一项），有HCA、FAE证书可直接录用。 职位亮点：智能机器人行业领先，弹性工作，团队氛围好 工作地点 济南历城区唐冶新区水发尚东公馆1号楼 以担保或任何理由索要财物，扣押证照，均涉嫌违法。一经发现， 立即举报,"工业机器人,机器人安装维护",http://www.zhaopin.com/jobdetail/CC263419380J40860267211.htm?refcode=4019&srccode=401901&preactionid=823ce137-f862-47ed-a9c9-e8111c379e9c
研发中心自动化推动专员,隆祎鞋业(深圳)有限公司,5000-10000元,深圳·龙岗·园山,广州,本科,经验不限,6月22日,zhilian,职位描述 安装/调试 自控系统 工业自动化/机器人 本职位需求计算机专业或自动化专业，本科文化，接受应届生。 1.负责现有生产设备的自动化改造与效率提升，优化设备运行逻辑、精度及稳定性。 2.设计并实施自动化方案（如机械手、视觉系统、PLC控制升级等），降低人工成本与生产损耗。 3.分析设备故障与生产数据，提出系统性改善措施，推动生产线智能化升级。 4.编写技术文档（如设备操作规范、改造方案报告），并协助培训现场技术人员。 5.跨部门协作，与生产、品质、研发团队共同推进自动化项目落地。 技能要求-------- 硬技能： 熟悉自动化设备原理，掌握PLC（如西门子、三菱等）编程、HMI设计及调试。 了解传感器、伺服系统、气动组件的选型与应用。 具备机械设计基础。 掌握机器视觉（如Halcon/OpenCV）或工业机器人应用者优先。 软技能： 逻辑清晰，具备独立分析问题和解决技术难题的能力。 良好的沟通协调能力，能适应跨部门协作与项目推进。 对技术创新有热情，具备持续学习和抗压能力。 经验要求------ 应届生需具备相关项目经验或实习经历。 有制造业背景者优先。 加分项------- 熟悉工业物联网（IIoT）或MES系统数据交互。 有精益生产（Lean）或六西格玛（Six Sigma）实践经验。 福利待遇----- 薪酬面议，另有奖金、绩效激励。 完善的培训体系与职业发展通道。 五险一金、带薪年假、节日福利、定期体检等。 鼓励创新，提供技术交流与项目实践资源。 工作地点 深圳龙岗区隆祎鞋业有限公司 以担保或任何理由索要财物，扣押证照，均涉嫌违法。一经发现， 立即举报,"安装/调试,自控系统",http://www.zhaopin.com/jobdetail/CCL1463027330J40902480503.htm?refcode=4019&srccode=401901&preactionid=823ce137-f862-47ed-a9c9-e8111c379e9c
智驾行车子系统功能负责人,奇瑞汽车股份有限公司,2-4万·15薪,上海·闵行·新虹,广州,本科,5-10年,5月18日,zhilian,"岗位职责： 1.承接平台功能场景及KPI需求,制定相应的实现方案及策略 2平台功能规范编写与维护,项目具体实施过程功能偏差项对接; 3.项目开发过程中行车问题原因分析与解决措施制定; 4.项目开发典型问题处理策略收集,售后及用户场景发掘、驱动 任职要求： 1、本科及以上学历,车辆工程、自动化、计算机科学与技术、控制科学与工程等相关专业。若为硕士学历,在专业知识的深度和研究能力上会更具优势。 2、自动驾驶模块知识，了解车辆动力学和运动控制理论,掌握自动驾驶车辆的纵向和横向控制方法。 对自动驾驶的感知、决策、规划、控制等核心模块有深入了解。熟悉激光雷达、摄像头、毫米波雷达等传感器的原理、数据处理方式以及多传感器融合技术。 3、有5年以上智驾相关工作经验,参与过至少一个完整的智驾项目开发,有行车功能开发经验者优先。 若有在汽车行业或智驾科技公司实习或工作的经历,对实际项目的流程和要求会有更直观的认识。 工作地点 闵行区阿里中心·上海虹桥-T2座 以担保或任何理由索要财物，扣押证照，均涉嫌违法。一经发现， 立即举报","自动驾驶行车功能开发工程师,整车开发流程认知,系统集成与测试,自动驾驶项目经验",http://www.zhaopin.com/jobdetail/CC120922220J40861120110.htm?refcode=4019&srccode=401901&preactionid=823ce137-f862-47ed-a9c9-e8111c379e9c
智能驾驶泊车功能设计+央企平台,东风汽车集团股份有限公司,2.1-4万,武汉·蔡甸·沌口,广州,本科,3-5年,7月9日,zhilian,"职位描述 控制器 传感器 三电系统 SOA 底盘电控系统开发 岗位要求： 1、负责泊车功能的系统方案、功能定义、人机交互设计; 2、负责泊车功能需求分析，需求文档编写，负责泊车系统对外接口、信号矩阵、诊断规范的制定，负责系统集成、调试； 3、与硬件开发、传感器开发、软件开发团队紧密合作，协同整车其他相关专业，确定输入输出需求，推进产品实现，并优化产品的稳定性和可靠性; 4、负责泊车系统产品开发过程中计划管控，版本管理，体验评价提升等工作 5、负责开发过程问题管理和分析，跟踪进度、分析数据、定位问题并推动闭环；持续优化功能性能与体验。 6、负责分解整车性能需求,细化形成泊车系统性能指标； 7、负责关联控制器的需求设计、系统联调 8、负责智能驾驶泊车系统竞品分析、高阶产品信息收集、行业标准跟踪与应对等工作 岗位要求： 1、本科及以上学历，车辆工程、自动化、计算机、电子信息等相关专业； 2、具备3年以上智能驾驶功能开发经验且单独负责过至少1个完整的智驾功能量产开发 3、具备较强的场景化思维，能够系统梳理典型场景、边界场景与故障场景； 4、熟悉功能安全、降级策略、人机共驾逻辑，重视安全性与体验平衡，具备严谨的风险识别与应对意识。 5、具备优秀的文档撰写与表达能力，可输出规范的技术文档、用户手册、培训材料及售后话术；具备良好的问题分析与解决能力，能为市场、销售、售后提供专业技术支持。 工作地点 湖北省武汉市蔡甸区珠山湖大道663号2号门 以担保或任何理由索要财物，扣押证照，均涉嫌违法。一经发现， 立即举报","控制器,传感器,三电系统,SOA,底盘电控系统开发",http://www.zhaopin.com/jobdetail/CC276075380J40854143711.htm?refcode=4019&srccode=401901&preactionid=823ce137-f862-47ed-a9c9-e8111c379e9c
智能驾驶专家-奕派科技 (MJ001730),东风汽车,2.5-3.5万,武汉·蔡甸·沌口,广州,硕士,10年以上,7月16日,zhilian,职位描述 AI算法 传感器融合 【工作职责】 1. 负责智能驾驶技术规划、技术预研、平台设计及量产转化； 2.负责智能驾驶软硬件系统方案设计、制定系统架构设计规范、需求设计、开发与优化 3.负责智能驾驶系统开发全流程管理：包括需求定义、核心模块的开发与集成、仿真测试等，高效解决工程化问题，确保产品高质量投产。 4. 项目管理及风险控制：对项目FQCD做总体把关，识别技术风险并牵头解决关键问题，能提出创新解决方案。 5. 负责智能驾驶系统开发团队技术能力提升机人才培养，研发流程体系优化和完善。 【任职要求】 1. 精通智能驾驶全栈技术（感知/决策/控制等），熟悉AI算法、传感器融合及嵌入式系统开发； 2. 具备良好的战略视野，熟悉行业趋势及国内外法规标准； 3. 具备复杂工程问题解决能力、跨学科协作能力，擅长系统级技术攻关及风险管控； 4. 团队领导力：具备团队管理经验，擅长目标导向型能力建设； 5. 身体健康，主动积极，具备良好的沟通能力，有责任心； 6. 具有良好的技术视野和全局观，良好的沟通表达能力，英语听说流利； 7、10年以上相关工作经验，5年以上智能驾驶系统开发经验，熟悉整车级开发流程，主导过L2+及以上量产项目落地，熟悉电子电气架构、底盘电控、智能座舱、云平台相关领域； 工作地点 武汉蔡甸区东合中心 以担保或任何理由索要财物，扣押证照，均涉嫌违法。一经发现， 立即举报,"AI算法,传感器融合",http://www.zhaopin.com/jobdetail/CC679989880J40881435205.htm?refcode=4019&srccode=401901&preactionid=823ce137-f862-47ed-a9c9-e8111c379e9c
自动化工程师,新疆波瑞工程技术有限公司,8000-15000元·13薪,乌鲁木齐·新市区·南纬路街道,广州,本科,1-3年,12月3日,zhilian,职位描述 设计 安装/调试 维修/保养 自动化设计 电气设计 PLC设计 DCS系统 自控系统 伺服系统 电气设备 机械设备 工控设备 自动化系统 传感器 工业自动化/机器人 半导体/芯片 计算机硬件 岗位内容： 1. 以硬件设施安装为主，设计、安装和维护自动化或智能化相关设备； 2. 根据项目的实际需要，编写前期的方案并进参与与执行； 3. 自动化系统集成、水利信息化、智能化工程部署前期和具体实施等工作； 4. 协助团队完成其他相关任务。 任职要求： 1. 具备电气、机电一体化、电子、计算机或相关专业本科及以上学历； 2. 熟悉智能化工程、电气基础理论，传感器的基本原理 3. 熟悉电子电气及传感器的基本理论、流程、方法及常见的测试技术与工具，有自动化测试经验者优先； 4. 具备较好的沟通、协作能力和团队意识； 5. 有较强的学习能力和解决问题的能力。 工作地点 乌鲁木齐新市区豪威大厦 以担保或任何理由索要财物，扣押证照，均涉嫌违法。一经发现， 立即举报,"设计,安装/调试,维修/保养,自动化设计,电气设计,PLC设计,DCS系统,自控系统,伺服系统,电气设备,机械设备,工控设备,自动化系统,传感器",http://www.zhaopin.com/jobdetail/CC698855620J40608376707.htm?refcode=4019&srccode=401901&preactionid=46c46d71-5545-4cfb-a42e-a091dc3de743
智能家居工程师,苏州印加贸易有限公司,8000-12000元·13薪,苏州·吴中·长桥,广州,本科,1-3年,7月23日,zhilian,岗位职责： 负责全屋智能项目的现场勘查、技术方案设计，根据客户需求定制个性化的智能系统解决方案（如智能灯光、安防、影音、暖通等）。 主导智能设备的选型、安装与调试，确保设备稳定运行（如智能音箱、传感器、控制器等），包含设备配网、软件升级、场景联动配置。 负责项目实施过程中的技术交底，与装修/施工团队沟通布线和施工界面划分，管理施工进度与质量。 为客户提供售后技术支持与操作培训，解答使用疑问，定期回访收集反馈。 跟踪智能家居行业技术趋势，参与内部技术积累和产品知识库建设。 任职要求： 本科及以上学历，自动化、电子信息、计算机、物联网等相关专业优先。 1-3年以上智能家居或弱电工程相关经验，熟悉至少1个主流智能家居系统（如小米米家、华为全屋智能等）。 掌握强弱电布线知识，能熟练阅读和绘制电气图纸，具备独立完成智能系统布线工作的能力。 熟练使用CAD等绘图软件及Office办公软件。 熟悉智能家居常用通信协议（如Wi-Fi、Zigbee、蓝牙Mesh、KNX、Modbus、RS485等）者优先。 具备良好的沟通能力和客户服务意识，能独立处理现场技术问题。 工作地点 苏州吴中区东吴北路与西塘南巷交叉口东约40米10楼1001室 以担保或任何理由索要财物，扣押证照，均涉嫌违法。一经发现， 立即举报,家具/家居/办公制造,http://www.zhaopin.com/jobdetail/CC609609920J40875711109.htm?refcode=4019&srccode=401901&preactionid=46c46d71-5545-4cfb-a42e-a091dc3de743
智能驾驶专家,盈峰环境,5-8万·15薪,佛山·顺德·勒流,广州,本科,3-5年,7月17日,zhilian,岗位职责： 1. 负责无人驾驶机器人对应方向的技术方案设计、核心模块研发与工程化落地； 2. 参与自动驾驶系统架构设计、模块接口定义、技术评审与风险把控，保障系统安全性、稳定性与实时性； 3. 主导 / 参与核心技术攻坚，跟踪行业前沿，输出技术专利与方案，推动产品迭代与量产落地； 4. 搭建对应方向的研发流程、测试体系与质量标准，主导跨团队协作（算法 / 硬件 / 数据 / 产品），保障研发进度与交付质量； 5. 负责团队技术能力建设，指导研发工程师，沉淀技术文档与工具链，助力团队成长。 任职要求： 1. 统招本科及以上学历，计算机、电子信息、人工智能等相关专业； 2. 具备 3 年及以上自动驾驶领域全职研发经验，至少 1 个完整 L2+ / L4 项目全周期经验； 3. 具备项目落地能力、问题攻坚能力与跨团队协作能力，沟通高效、结果导向，能承受高压、快速迭代； 4. 有头部自动驾驶公司核心经验、顶会论文 / 专利、车规级项目经验优先。 对应方向核心技术： 1. 算法：熟练 C++ / Python，熟悉感知（2D / 3D 检测、融合）、定位（SLAM、多传感器融合）、规控（MPC、LQR、轨迹优化）或端到端模型开发； 2. 数据：熟悉自动驾驶数据闭环流程，有大规模数据平台搭建、数据挖掘、标注体系设计经验； 3. 熟悉分布式训练 / 推理框架，有大模型训练优化、车端部署、算力调度经验； 4. 熟悉 L4 自动驾驶产品定义、场景需求拆解、量产落地流程。 工作地点 佛山顺德区盈峰环境顺德环保科技产业园 以担保或任何理由索要财物，扣押证照，均涉嫌违法。一经发现， 立即举报,"C++,深度学习算法,机器学习算法,视觉图像算法,运动控制算法",http://www.zhaopin.com/jobdetail/CC404818830J40973718502.htm?refcode=4019&srccode=401901&preactionid=46c46d71-5545-4cfb-a42e-a091dc3de743
自控工程师（具身智能方向）,西安鼎顺物联网科技有限公司,8000-15000元,西安·碑林·太乙路,广州,本科,3-5年,7月7日,zhilian,职位描述 人工智能 工业自动化/机器人 电气机械/电力设备 【核心职责】 1、参与项目前期技术交流，负责公司具身智能产品的控制方案设计及可行性评估； 2、负责具身智能产品视觉系统（摄像头、图像处理）、行走系统（激光导航、定位、底盘控制）等的元器件选型及系统集成； 3、负责运动控制程序、视觉识别与控制逻辑、上位系统软件的编写、调试及优化，完成相关技术文档编制； 4、负责设备出厂前的厂内调试及现场安装指导、系统联调、故障排查与处理。 【任职要求】 1、3-5年自动化控制相关工作经验，具备独立完成项目调试及现场实施能力； 2、扎实的专业理论基础，了解主流PLC编程及调试，熟悉机器人控制系统； 3、熟悉常用工业通信协议（如Modbus、CANopen、EtherCAT等）及传感器应用； 4、具备机器人运动控制基础，了解差速/舵轮等底盘模型、PID控制、激光导航、视觉定位等基本技术； 5、自动化、电气工程、机电一体化、测控、计算机等相关专业本科及以上学历，有移动机器人（AGV/AMR）、视觉引导设备、工业机械臂控制项目经验者优先。 工作地点 碑林区西安交通大学-一村东门 以担保或任何理由索要财物，扣押证照，均涉嫌违法。一经发现， 立即举报,"人工智能,工业自动化/机器人,电气机械/电力设备",http://www.zhaopin.com/jobdetail/CC422498980J40948757002.htm?refcode=4019&srccode=401901&preactionid=46c46d71-5545-4cfb-a42e-a091dc3de743
智能制造工程师,成都虹宁显示玻璃有限公司,1.2-1.5万·13薪,成都·双流·怡心,广州,本科,3-5年,6月3日,zhilian,"职位描述 PLC Autodesk Inventor AutoCAD 工业自动化/机器人 通用设备制造 人工智能 电子电路基础元件/模组 电子设备制造 工作内容： 1. 对产品质量和设备稳定性指标进行监控和优化改善。 2. 提升所在区域的产品质量，并领导改善项目。 3. 对生产人员给出标准的作业流程和培训。 4. 与生产部门合作提高产量和正常运行时间的稳定性。 5. 与质量部合作，提升产品质量，调查异常情况。 6. 与维修部合作，确保设备的可靠性。 7. 通过自动化改造和数字化技术，对生产线进行升级改造。 8. 调查、分析并改善产品异常，并给出长期彻底改善意见并落实。 9. 利用数据分析，识别改善机会点。 教育背景和工作经验要求： 1. 工程相关本科或以上学历，3年以上相关工作经验； 2. 熟悉三菱PLC(Q系列CPU)，HMI(GOT series)应用； 3. 具有Python、JAVA, VB, C#开发经验； 4. 具有MySQL, SQL server, Oracle数据库应用和开发经验； 5. 具有自动化工程项目设计、调试经验； 6. 熟悉设备控制系统设计工作，有应用CAD或E-PLAN电气图纸设计经验优先； 7. 熟悉电气控制元件的应用，如变频器、伺服电机、传感器、信号转换器等优先； 8. 有机器人应用方面的经验(如Fanuc机器人)优先； 9. 具备数据分析能力； 10. ISO9000/全面质量管理的基本理解； 11. 良好的沟通能力，优秀的书面演示技巧，与管理层的沟通能力； 12. 具备在多元组织架构里调动多方业务领导和专业人员共同协作的领导技能； 13. 处理项目问题的紧迫感和创造力，并适应计划以达到目标。 工作地点 四川省成都市双流区电子信息产业园青栏路王家堰 以担保或任何理由索要财物，扣押证照，均涉嫌违法。一经发现， 立即举报","PLC,Autodesk Inventor,AutoCAD",http://www.zhaopin.com/jobdetail/CC827661730J40886601513.htm?refcode=4019&srccode=401901&preactionid=46c46d71-5545-4cfb-a42e-a091dc3de743
adas开发测试,安徽百得思维信息科技有限公司,1.7-2.2万,上海·嘉定·安亭,广州,大专,3-5年,7月6日,zhilian,岗位职责： 系统功能测试 负责ADAS全功能模块测试，涵盖ACC、AEB、LKA、LDP、BSD、TJA、APA自动泊车、RCTA等主流辅助驾驶功能；依据国标、企标、欧标，完成功能逻辑、阈值、触发/退出条件、边界场景的测试验证，输出完整测试记录与问题报告。 多场景测试落地： 负责台架测试、SiL软件在环、HiL硬件在环、实车道路测试全流程执行，搭建测试环境，复现偶现问题，验证版本迭代效果，保障ADAS系统版本交付质量。 3. 测试方案与用例开发 参与项目需求评审、方案评审，根据ADAS系统需求文档、接口协议、功能规范，独立编写测试计划、测试方案、详细测试用例，持续优化用例库，覆盖常规场景、极限场景、恶劣路况场景。 4. 自动化测试开发与落地 使用Python、CAPL、C/C++等脚本语言，开发ADAS自动化测试脚本，对接CANoe、HIL仿真平台，搭建自动化测试体系，提升回归测试效率，适配版本快速迭代需求。 5. 问题闭环与技术支撑 跟踪测试缺陷生命周期，联动算法、软件、硬件、整车集成团队定位问题根因，输出测试复盘报告；支持OEM客户联调、外场试验、项目交付，配合解决量产及测试过程中的各类技术问题。 特殊要求：偏管理和协调方向，应该对日语的要求比较高，主要是日语会话能力，adas开发测试，noa相关，车道保持之类的辅助驾驶经验 工作地点 上海嘉定区丰田智能电动汽车研发中心(中国)有限公司 以担保或任何理由索要财物，扣押证照，均涉嫌违法。一经发现， 立即举报,"ADAS开发,管理,日语",http://www.zhaopin.com/jobdetail/CC571829420J40878638305.htm?refcode=4019&srccode=401901&preactionid=46c46d71-5545-4cfb-a42e-a091dc3de743
无人机飞控软件工程师招聘,常州丰飞智控科技有限公司,8000-10000元,常州·武进·湖塘,广州,本科,1-3年,7月24日,zhilian,岗位职责 1. 负责无人机飞控软件整体架构设计、模块开发与代码实现，涵盖多旋翼、固定翼、垂起等不同机型飞控系统，核心完成姿态解算、控制算法、导航定位、传感器数据融合等核心模块研发。 2. 参与飞控算法优化与迭代，基于PID、LQR、卡尔曼滤波、互补滤波等控制与滤波算法，完成算法代码移植、参数整定与性能调试，提升无人机飞行稳定性、操控精度与环境适应性。 3. 负责嵌入式飞控软件底层开发，基于STM32、ARM、DSP等嵌入式平台，完成驱动开发、外设调试，适配IMU、GPS、罗盘、气压计等飞控传感器，实现I2C、SPI、CAN、UART、MAVLink等通信协议的开发与联调。 4. 熟练使用FreeRTOS、uC/OS等实时操作系统，完成飞控软件任务调度、中断处理、内存管理等开发，保障飞控系统实时性、可靠性与稳定性。 5. 开展飞控软件仿真测试与实物调试，借助Matlab/Simulink进行算法仿真验证，完成半实物仿真、台架测试、外场试飞测试，定位并解决飞行过程中的软件故障、算法异常、通信卡顿等问题。 6. 基于PX4、ArduPilot等开源飞控平台，进行源码二次开发、功能定制与模块移植，根据产品需求新增自主飞行、航线规划、避障、返航等智能化飞行功能。 7. 配合硬件、结构、测试、产品等团队，完成飞控软硬件联调、产品功能联调，参与无人机整机研发、测试与量产导入，解决研发及量产阶段的飞控软件相关问题。 8. 编写飞控软件研发文档，包括软件需求规格说明书、架构设计文档、模块开发文档、调试测试报告、BOM清单、操作手册等，完善研发全流程文档归档。 9. 跟踪行业前沿飞控技术、算法迭代与行业标准，参与技术方案评审与技术难题攻关，优化飞控软件性能，降低系统功耗，提升产品核心竞争力。 10. 负责飞控软件版本管理、代码维护与迭代优化，处理产品售后飞控软件相关技术问题，保障产品稳定运行。 11、具备开源飞控经验。 工作地点 武进区常州丰飞智控科技有限公司1801 以担保或任何理由索要财物，扣押证照，均涉嫌违法。一经发现， 立即举报,"无人机飞控系统,垂直起降无人机,固定翼无人机,多旋翼无人机",http://www.zhaopin.com/jobdetail/CCL1395330340J40946696402.htm?refcode=4019&srccode=401901&preactionid=46c46d71-5545-4cfb-a42e-a091dc3de743
嵌入式工程师,江西中业光文化科技有限公司,6000-10000元,南昌·南昌县·麻丘,广州,本科,3-5年,7月25日,zhilian,岗位职责 1. 负责公司数字体育互动设备嵌入式系统的需求分析、方案设计、编码实现及单元测试，确保系统稳定、高效运行； 2. 参与嵌入式硬件与软件的协同开发，配合硬件工程师完成原理图评审、PCB调试，解决软硬件集成过程中的技术问题； 3. 负责设备驱动程序（如传感器、通信模块、显示模块等）的开发、移植与优化，保障外设正常适配与性能达标； 4. 参与系统固件的版本迭代、BUG修复及性能优化，持续提升设备的响应速度、稳定性及兼容性； 5. 编写嵌入式系统相关技术文档，包括需求规格说明书、设计文档、测试报告、用户手册等； 6. 配合产品、测试及生产团队，提供技术支持，协助解决产品测试、量产及现场应用中的嵌入式相关问题； 7. 关注嵌入式技术前沿动态，结合公司数字体育产品特性，提出技术优化建议与创新方案。 任职要求 1. 本科及以上学历，电子信息工程、计算机科学与技术、自动化、通信工程等相关专业，3年及以上嵌入式开发工作经验，优秀应届生可放宽经验要求； 2. 具备扎实的C/C++编程语言基础，熟练掌握嵌入式系统开发流程，熟悉ARM、RISC-V等主流架构处理器的原理与应用； 3. 熟悉FreeRTOS、RT-Thread等至少一种实时操作系统，具备基于RTOS的多任务、中断、定时器、IPC等模块的开发经验； 4. 掌握嵌入式系统常用通信协议，如UART、I2C、SPI、CAN、Ethernet、USB等具有独立开发相关驱动及应用程序的经验； 5. 具备一定的硬件基础，能看懂原理图，熟悉常用外设（如ADC、DAC、GPIO、触摸屏、摄像头、传感器等）的工作原理及驱动开发。 加分项 1. 熟悉蓝牙（BLE）、Wi-Fi、LoRa等无线通信模块的嵌入式开发与协议适配，具有无线数据传输优化经验者优先； 2. 有数字体育设备、互动娱乐设备、工业控制设备嵌入式开发经验者优先；熟悉运动传感器（如加速度计、陀螺仪、心率传感器等）应用开发更佳。 工作地点 南昌南昌县绿地未来城-204栋 以担保或任何理由索要财物，扣押证照，均涉嫌违法。一经发现， 立即举报,产业互联网平台,http://www.zhaopin.com/jobdetail/CCL1495766900J40748348106.htm?refcode=4019&srccode=401901&preactionid=46c46d71-5545-4cfb-a42e-a091dc3de743
物联网工程师,北京嘉禾云山筑宇建筑工程有限公司,8000-16000元,安阳·殷都区·相台街道,广州,本科,经验不限,7月16日,zhilian,职位描述 物联网 通信/网络设备 计算机硬件 工作职责 1. 负责建筑工程场景下物联网系统的方案设计与实施，包括传感器部署、数据采集与传输链路搭建。 2. 对接工程业务需求，开发物联网平台功能模块，实现设备状态监控、能耗管理等智能化应用。 3. 优化物联网系统的稳定性与数据安全性，解决工程现场复杂环境下的技术问题。 4. 与工程团队协作，推动物联网技术在施工管理、设备运维等场景的落地应用。 任职要求 1. 本科及以上学历，计算机、电子信息、自动化等相关专业。 2. 掌握物联网核心技术栈，包括传感器原理、通信协议（如LoRa、NB-IoT）及数据处理技术。 3. 具备物联网平台或系统开发经验，熟悉至少一种编程语言（如Python、Java）。 4. 有工程行业或工业物联网项目经验者优先，能理解工程场景的技术需求。 工作地点 殷都区安阳龙安万达广场 以担保或任何理由索要财物，扣押证照，均涉嫌违法。一经发现， 立即举报,物联网,http://www.zhaopin.com/jobdetail/CCL1514891250J40858225811.htm?refcode=4019&srccode=401901&preactionid=46c46d71-5545-4cfb-a42e-a091dc3de743
产品经理,天津亚泰龙热控科技有限公司,8000-15000元,天津·南开·向阳路,广州,本科,1-3年,6月3日,zhilian,"职位描述 半导体/芯片 电力/水利/热力/燃气 新能源 检测/认证/计量 仪器仪表 电子设备制造 通用设备制造 工业自动化/机器人 电气机械/电力设备 《薪酬福利和发展空间》 基本工资+绩效工资+五险一金+交通补助+全勤奖+项目奖金 +年终奖 相关福利：免费体检+免费工作餐+旅游团建+深造学习 工作地点：南开区密云路北方城亚泰龙办公大楼（标准化办公场所、环境舒适） 岗位说明： 1、 负责公司电伴热系统产品的性能和保温效率的提升及创新； 2、 负责公司新项目立项编写及专项产品的研发； 3、 负责编制电伴热产品的生产技术标准和检测标准； 4、 负责电伴热相关附件产品的研发项目； 5、 负责公司专利产品的申请并撰写产品说明书； 6、 负责产品的市场需求发现和分析，产品功能设计，协调跟进项目进度，并参与产品测试； 7、 持续挖掘用户需求进行产品创新，合理规划产品发展与功能规划，协调推动产品功能实施； 8、 负责和市场部沟通，收集产品需求，收集售后反馈信息，调查行业至高点的产品和技术，了解用户的痛点和迫切需求，形成可行性开发执行方案，确保开发的产品和应用技术符合用户和市场的预期； 9、 编写和审核产品样本、展板等销售工具，定期为销售人员进行产品培训，详细讲解产品功能、用途与创新点； 10、能够独立完成对外产品宣讲工作，宣讲对象包括但不限于媒体、经销商及终端用户； 11、 协同销售人员拜访客户，准确介绍产品知识，并根据客户需求设计实验方案，支持销售人员实现产品成果转化。 12、对产品的长期发展战略提出建设性意见，进行相关市场调查，为公司决策层提供相应依据。 13、及时准确完成领导交给的其它相关工作。 任职资格： 1、职业方向： ◆喜欢电气自动化、热能控制自动化行业。 ◆有电气产品研发相关方向的长期职业规划。 2、教育背景： ◆电气自动化、暖通设计、热能动力、机电一体化、电气工程、电子信息工程专业等电力类院校，本科以上学历。 ◆动手能力强，愿意从事研究类工作。 3、经 验: ◆有相关工作2年以上电气与工控产品研发相关的经验。 ◆从事过热控系统产品研发工作的优先录用。 ◆在校学习成绩优秀，并学习力强的优先。 4、技能技巧: ◆熟练研发工作流程，具有文档编辑功底，并熟练使用办公软件及CAD制图软件； ◆熟悉国家标准和行业标准，较强的市场开发能力和行业拓展、及产品管理能力； ◆熟悉各类中低压电气元器件、电子元器件、传感器等电气自动化相关的选型及应用； ◆具备电气、自动化控制相关知识，能够独立完成电气和产品专业制图，熟悉电气电力标准； ◆具有良好的沟通和组织能力、较强的语言和文字表达能力； ◆有较强的责任心,良好团队协作能力、沟通能力、善于学习；动手能力强。 5、态 度: ◆做事踏实、稳重认真。 ◆责任心强，工作积极。 ◆动手能力强，吃苦耐劳； ◆严谨、耐心、专注。 ◆抗压性强，有良好的团队合作精神。 工作条件: 1、工作场所: 办公室。 2、环境状况: 舒适。 3、公司特点与前景：公司非常重视人才培养、成长和发展，培养出更多的行业精英。本公司以节能热控、科技热控、智能热控、绿色热控为主要方向的研发和应用。 4、危 险 性: 无危险。 职位亮点：专注节能环保智能成长型企业，极具发展潜力。 工作地点 天津南开区密云一支路五金城2区1栋111号银行北侧（亚泰龙营销中心办公楼） 以担保或任何理由索要财物，扣押证照，均涉嫌违法。一经发现， 立即举报","半导体/芯片,电力/水利/热力/燃气,检测/认证/计量,仪器仪表,电子设备制造,通用设备制造,工业自动化/机器人,电气机械/电力设备",http://www.zhaopin.com/jobdetail/CC215965910J40489952013.htm?refcode=4019&srccode=401901&preactionid=46c46d71-5545-4cfb-a42e-a091dc3de743
无人驾驶-导航软件工程师,沈阳新松机器人自动化股份有限公司,6000-12000元,青岛·城阳·上马,广州,本科,经验不限,6月30日,zhilian,岗位职责： 1.负责多传感器（如相机、激光雷达、IMU等）的标定工作； 2. 负责定位、感知相关软件的开发、调试工作； 3.参与相关系统的集成与测试工作； 4.文档撰写等其他相关工作； 任职要求： 1.本科及以上学历，自动化、机器人、物联网、计算机或相关专业优先； 2.熟练掌握C/C++、Python编程语言，具有良好的代码习惯； 3.熟悉GCC、Shell、Make、CMake等开发工具者优先； 4. 熟悉Linux等嵌入式操作系统原理，有Linux系统平台实际开发经验者优先； 5.有激光SLAM、点云处理开发经验者优先； 6.头脑清晰，思维灵活，逻辑性强。具有较强的沟通能力和执行能力，能适应短期出差，工作积极主动、责任心强。具备良好的团队合作意识，能够高效协作推进项目。 工作地点 城阳区中科青岛研发城A2座18楼 以担保或任何理由索要财物，扣押证照，均涉嫌违法。一经发现， 立即举报,SLAM,http://www.zhaopin.com/jobdetail/CC121051590J40830535111.htm?refcode=4019&srccode=401901&preactionid=46c46d71-5545-4cfb-a42e-a091dc3de743
自动化工程师,洛阳欧克迈自控工程有限公司,4000-8000元,洛阳·洛龙·太康东路,广州,本科,1-3年,7月25日,zhilian,岗位职责： 1、工业自动化技术：熟练掌握PLC编程（如西门子、三菱等），熟悉触摸屏、上位机控制程序开发。 2、硬件知识：熟悉电气元件（如变频器、传感器、电机等）的选型与应用。 3、编程能力： ①PLC编程语言（梯形图、结构化文本等）。 ②常用编程语言（如C/C++、Python、MATLAB/Simulink）。 4、工业通信协议：熟悉Modbus、Profinet、Ethernet/IP、OPC UA等。 5、机械与电气设计：熟练使用CAD（AutoCAD、SolidWorks）、电气设计软件（如EPLAN）。 6、控制理论：掌握PID控制、现代控制理论、运动控制等。 7、新兴技术：了解工业物联网（IIoT）、人工智能（AI）、机器视觉等技术应用。 任职要求： 1、初级岗位： ①1-3年自动化系统设计、调试或维护经验，熟悉行业标准设备。 ②可接受优秀毕业生，要求本科及以上。（工业电气自动化、机电一体化、自动化、机械工程等相关专业） 2、高级岗位： 3-5年以上经验，主导过复杂自动化项目（如生产线改造、智能工厂建设）。 3、行业经验： 熟悉目标行业（如工业控制、仪表仪器等）的自动化需求及规范。 4、能适应工厂现场调试、短期出差或高强度工作。 工作地点 洛阳洛龙区顺兴大数据A座9楼 以担保或任何理由索要财物，扣押证照，均涉嫌违法。一经发现， 立即举报,自控系统,http://www.zhaopin.com/jobdetail/CC666190520J40747830414.htm?refcode=4019&srccode=401901&preactionid=46c46d71-5545-4cfb-a42e-a091dc3de743
光电成像系统嵌入式软件工程师,北京华新创科信息技术有限公司,1.2-2.4万·13薪,北京·石景山·古城,广州,本科,经验不限,4月17日,zhilian,岗位职责 1. 负责光电成像系统、智能相机等产品的嵌入式软件架构设计、核心模块开发与性能优化。 2. 主导影像传感器（CMOS/CCD）的驱动开发、调试与集成，确保图像数据采集的稳定与高质量。 3. 负责图像处理信号链路的软件开发，包括MIPI、LVDS、Cameralink等高速差分信号接口的驱动与调试。 4. 在瑞芯微RK3588等嵌入式平台上，进行深度学习目标检测与跟踪算法的部署、优化与加速，实现算法的工程化落地。 5. 与硬件、算法团队紧密协作，完成系统级联调，解决开发过程中的软硬件协同问题，并对最终产品的性能和稳定性负责。 6. 编写高质量的设计文档、接口文档和技术总结。 任职要求 1. 学历专业：本科及以上学历，计算机、电子工程、自动化、通信工程、光电信息等相关专业。 2. 编程能力：精通C/C++语言编程，具备良好的代码风格和数据结构基础；熟悉Linux系统编程及多线程开发。 3. 嵌入式开发：拥有扎实的嵌入式软件开发经验，熟悉ARM、DSP等至少一种主流处理器架构及其开发流程。 4. 硬件基础：了解模拟及数字电路，能够熟练阅读原理图及PCB图，具备基本的硬件问题分析和定位能力。 5. 语言能力：能够熟练阅读和理解英文技术文档（Datasheet、Reference Manual等）。 能力要求： 1. 具备瑞芯微（Rockchip）RK3588/RK3576等平台的实际项目开发经验。 2. 具备成像探测器（如InGaAs、MCT等）或主流影像传感器（如Sony、OnSemi等）的集成开发经验。 3. 熟悉MIPI CSI/DSI、Cameralink、LVDS等图像信号传输接口的驱动开发。 4. 具备基于深度学习（如YOLO系列）的目标识别、跟踪算法在嵌入式端的部署和优化经验。 5. 具备FPGA（Verilog/VHDL）开发能力，能够进行简单的逻辑验证或协同开发。 6. 熟悉OpenCV、Numpy等图像处理库，有ISP（图像信号处理）相关经验者优先。 工作地点 北京石景山区首特钢创业大厦-B座915-921 以担保或任何理由索要财物，扣押证照，均涉嫌违法。一经发现， 立即举报,"ARM处理器,DSP,FPGA,C语言,C++,VERILOG / VHDL",http://www.zhaopin.com/jobdetail/CCL1341769070J40850868409.htm?refcode=4019&srccode=401901&preactionid=46c46d71-5545-4cfb-a42e-a091dc3de743
自动化售后调试工程师,石家庄裕兆科技有限公司,6000-12000元,石家庄·裕华·长江,广州,学历不限,经验不限,6月16日,zhilian,岗位职责：搞过工厂物联网的来，熟悉物联网平台和工厂设备通讯 一、工厂PLC设备接口通讯，读取PLC运转状态数据【生产厂家能配合】； 二、将PLC数据通过WiFi等通信模块，上传网关； 三、实施工厂网络覆盖，将网关信息上传物联网平台https://tlink.io/ 与硬件选型无纸记录仪_温湿度记录仪_电力仪表_多路数据记录仪_无线压力传感器_红外热像仪_深圳拓普瑞电子有限公司 www.toprie.com 具体实施细节仅做参考。 1. 负责物联网相关硬件的设计、开发与调试，确保产品功能满足需求； 2. 参与系统的整体方案设计，包括硬件架构和外围设备的选择； 3. 协助进行硬件方案的测试与优化，提升产品性能和可靠性； 4. 与软件团队紧密合作，确保硬件与软件的协同工作； 5. 对产品进行测试和验证，解决技术难题，提升产品质量。 任职要求： 1. 熟悉常用硬件开发工具和平台，如Arduino、Raspberry Pi等； 2. 掌握模拟和数字电路设计基础，了解嵌入式系统开发； 3. 具备良好的问题分析和解决能力，能够独立承担项目任务； 4. 有物联网项目经验者优先，了解无线通信协议者优先； 5. 具备良好的团队合作精神和沟通能力，能够适应快速迭代的开发环境。 6.负责仪器设备的安装调试，电路绘制、电路安装调试、设备实验， 协调电气组装的工作任务安排、解决工作技术问题（生产工艺、电气图纸、生产物料领用备货等）。 工厂实现PLC数据采集上传到工厂物联网平台，可通过以下步骤实现： 1.硬件连接： 选择合适的工业智能网关，如工业智能网关WG583，支持串口/以太网通信，通过串口或网口将其与西门子S7-1200、S7-400、S7-200smat等PLC连接，确保两者处于同一网段内。 若PLC支持网口通信，用网线将其网口与网关LAN口连接，建立物理通信链路。 2.网关配置： 配置网关支持的协议，如ISOTCP、S7、PPI、MPI、Modbus、OPC UA等，以适配不同品牌和型号的PLC 。 若使用MQTT网关，配置其北向协议，使其能对接阿里云、华为云、亚马逊、腾讯云、天翼云等云平台，支持SSL/TLS加密和数据断点续传，还可在网关执行JS脚本程序，实现设备逻辑控制、数据处理、运算、存储等个性化需求。 3.数据上传： 对于内置MQTT协议的PLC，如施耐德的m262，在编程软件里配置对应功能块即可上传数据到云端。 对于不支持MQTT协议的PLC，连接带MQTT协议的第三方网关，网关按云端要求配置后，PLC与网关相连，数据通过MQTT、HTTP、TCP、UDP等协议发布到服务器，再由服务器发送给订阅者 。 4.数据监控与管理： 数据上传到平台后，可安装API转ModbusTCP小工具和上位机软件，如组态王、WinCC、力控等组态软件，通过Modbus协议主动读取平台数据，实现集中远程监控。 利用云平台，如蓝蜂云平台，通过手机、电脑、平板等远程监控数据。 此外，还可采用一体化解决方案，以物联网云平台为中心，一端连接分布在各处的PLC设备，另一端通向企业管理中心和数据分析系统，实现设备数据实时采集、传输、存储与分析，提供全方位设备监控与管理服务。 工作地点 石家庄裕华区方大科技园 以担保或任何理由索要财物，扣押证照，均涉嫌违法。一经发现， 立即举报,"设计,测试,安装/调试,自动化设计,电气设计,DCS系统,自控系统,伺服系统,非标设备,机械设备",http://www.zhaopin.com/jobdetail/CC387152380J40803564016.htm?refcode=4019&srccode=401901&preactionid=46c46d71-5545-4cfb-a42e-a091dc3de743
plc电气工程师,博康集团,7000-12000元,西安·鄠邑·五竹,广州,本科,5-10年,7月26日,zhilian,岗位职责 1、控制系统设计与编程：依据项目工艺要求和生产流程，进行 PLC 控制系统的架构设计，选择合适的 PLC 型号、模块及相关硬件设备；运用梯形图、语句表等编程语言，完成 PLC 程序的编写、调试与优化，实现自动化控制逻辑，确保系统稳定可靠运行。 2、自动化设备调试与维护：参与自动化设备的安装调试工作，负责电气部分的接线检查、参数设置，协同机械工程师完成设备的整体调试；定期对 PLC 控制系统及自动化设备进行巡检维护，及时发现并解决潜在的电气故障和程序问题，制定预防性维护计划，降低设备故障率，保障生产线的持续高效运行。 3、项目协作与技术支持：与机械工程师、电气工程师、工艺工程师等多部门团队紧密合作，共同推进自动化项目的实施，参与项目需求分析、方案讨论和技术评审，提供专业的电气控制技术建议；为生产部门提供技术支持，解决生产过程中遇到的自动化控制问题，协助操作人员进行设备操作培训和故障应急处理。 4、技术文档管理：编写详细的 PLC 程序注释、电气原理图、设备操作手册、维护手册等技术文档，记录项目实施过程中的技术要点、参数设置和调试记录；对技术文档进行分类管理和版本控制，确保文档的完整性、准确性和可追溯性，为后续的系统升级、维护和技术交流提供有力支持。 任职要求 1、专业知识：自动化、电气工程及其自动化、机电一体化等相关专业本科及以上学历，掌握自动控制原理、电气控制技术、传感器与检测技术等专业基础知识；熟悉工业自动化网络通讯技术，如 PROFIBUS、MODBUS、ETHERNET/IP 等。 2、技能要求：熟练掌握至少一种主流 PLC 品牌（如西门子、三菱、欧姆龙、AB 等）的编程软件和硬件系统，具备独立完成复杂控制系统编程的能力；能够使用 EPLAN、AutoCAD Electrical 等电气设计软件进行电气原理图绘制和电气设备选型；具备一定的数据分析能力，能够运用相关工具对设备运行数据进行采集、分析和处理，为设备优化提供依据。 3、工作经验：具有 3 年以上 PLC 编程与自动化控制系统设计调试工作经验，有丰富的项目实践案例，熟悉自动化生产线的整体架构和运行流程；有智能制造、工业 4.0 相关项目经验者优先考虑。 4、个人素养：具备良好的问题解决能力和逻辑思维能力，能够在复杂的技术问题中迅速定位并解决故障；拥有较强的团队协作精神和沟通能力，能够与不同部门的人员有效合作；具备较强的学习能力和创新意识，能够快速掌握新技术、新方法，适应不断变化的行业发展需求；能够适应加班和短期出差，具备良好的抗压能力 。 工作地点 鄠邑区西安博康-北门西鄠孵化器陆路东50米 以担保或任何理由索要财物，扣押证照，均涉嫌违法。一经发现， 立即举报,"PLC设计,西门子,欧姆龙,三菱,电气设备,自动化设备",http://www.zhaopin.com/jobdetail/CC135014900J40633599906.htm?refcode=4019&srccode=401901&preactionid=46c46d71-5545-4cfb-a42e-a091dc3de743
软件开发工程师,大连理工大学,5000-10000元,大连·旅顺口·龙王塘,广州,本科,3-5年,7月22日,zhilian,岗位职责： 1.负责非标数控机床/机器人装备/智能制造系统的专用软件开发，包括软件架构设计、编程、测试、部署及迭代维护等并负责相关文档资料编写及归档；2.负责开展科研项目中的系统设计及二次开发工作（如数控系统、测控系统、补偿系统等）；3.负责专用软件研发过程中可能涉及的人机界面、通讯/伺服运动/传感等功能模块编程、单元测试任务，负责对外需求对接、软件第三方测试等工作；4.参与整机联合测试、现场调试等工作；5.完成团队及实验室安排的其他相关工作。 任职要求： 1.本科及以上学历，具有3年及以上软件开发工作经验者优先，特别优秀者可适当放宽要求；2.熟练使用C++、QT、Python、Java等编程语言，能结合装备中涉及的电机、传感器等技术资料做软件开发；3.品行端正，有责任心和执行力，有良好科研服务意识，耐心细致，具有持续学习能力和意识，有较好的抗压能力。 工作地点： 英歌石 合同与待遇： 经考核面试录用，以人才派遣方式签订合同。按岗位及能力，提供有市场竞争力的薪酬，一事一议（可详询）。按国家相关规定缴纳“五险一金”、享受采暖补贴、免费体检等福利保障。 工作地点 大连旅顺口区辽宁黄海实验室 以担保或任何理由索要财物，扣押证照，均涉嫌违法。一经发现， 立即举报,C语言,http://www.zhaopin.com/jobdetail/CC120537350J40870168509.htm?refcode=4019&srccode=401901&preactionid=46c46d71-5545-4cfb-a42e-a091dc3de743
工艺/制程工程师,英柯杰智能设备(成都)有限公司,8000-15000元,成都·温江·天府,广州,大专,5-10年,12月17日,zhilian,岗位职责 新产品导入（NPI）支持 参与自动化设备或系统的设计评审，从可制造性（DFM）、可装配性（DFA）角度提出工艺建议； 制定试产阶段的工艺流程、作业指导书（SOP）、PFMEA、控制计划等文件。 工艺设计与标准化 设计并优化装配、调试、测试等关键工序的工艺路线； 建立标准工时（Cycle Time）、人力配置、产能评估模型； 推动电气接线、气路安装、机械装配等作业的标准化与模块化。 生产异常分析与改善 主导处理试产/量产中的装配干涉、功能失效、节拍不达标等问题； 运用5Why、鱼骨图、PDCA等工具定位根本原因，推动设计或流程改进； 跟踪不良品（如电气短路、传感器误触发、机构卡顿）并制定防错措施。 成本与效率优化 分析制造BOM成本，推动替代料、简化结构、减少人工操作等降本方案； 优化物流路径与车间Layout，提升装配线流转效率； 支持精益生产（Lean）活动，如减少浪费、平衡产线节拍。 跨部门协同 与研发（R&D）、采购、生产、质量等部门紧密协作，确保产品“设计-制造-交付”无缝衔接； 向客户或现场服务团队提供工艺技术支持（如海外设备安装指导）。 二、任职要求1. 学历与专业 大专及以上学历，机械设计制造、机电一体化、自动化、电气工程等相关专业； 有非标自动化、机器人集成、智能装备等行业背景者优先。 2. 工作经验 2年以上工艺/制程/制造工程相关经验，有自动化设备整机装配或系统集成经验； 熟悉自动化设备典型构成（如伺服模组、气动元件、传感器、电控柜、HMI、安全回路等）。 3. 技能要求 能熟练阅读机械图纸、电气原理图、气路图； 熟练使用电气/机械绘图软件 者加分； 熟悉 ISO9001 质量体系，掌握 PFMEA、SPC、8D 等质量工具者优先。 英语优秀者为加分项。 4. 核心素质 动手能力强，能深入车间一线解决问题； 逻辑清晰，具备系统性思维和持续改善意识； 沟通协调能力好，能推动跨部门协作； 工作地点 成都市温江区科林路西段华银工业港3区1号 以担保或任何理由索要财物，扣押证照，均涉嫌违法。一经发现， 立即举报,"装配工艺,总装工艺,工艺改良,工艺设计",http://www.zhaopin.com/jobdetail/CC686501980J40833520305.htm?refcode=4019&srccode=401901&preactionid=5ecb0770-35e2-456b-bf7b-74f1eb847a26
设备管理部招聘：设备AGV主管、设备舟房主管及相应工序高级工程师、工程师、助理工程师、高级操作工,天津中环光伏科技有限公司,9000-16000元·13薪,天津·滨海新区·北塘,广州,大专,1-3年,7月10日,zhilian,岗位职责 按公司整体运营管理体系目标，全权负责并具体制定所辖工序（AGV自动调度系统与厂内物流、或者舟房周转设备系统）的年度装机、扩建、系统投产及效率提升计划。主导解决所辖智能转运及舟房区域内由于机械或控制系统异常导致的外观划伤、崩边、EL不良等持续性项目改进。建立本模块的文件管理体系，主持编制高水平的设备操作SOP与系统维护手册。负责跟进下属工程师的项目进度，协调销售、生产、研发、质量等内部资源解决跨工序的技术与调度瓶颈，组织重大故障处理并监督下属日常KPI绩效管理。 任职资格 应聘人员需具备本科及以上学历，机电一体化、电气工程及其自动化、机械设计制造及其自动化等相关专业。拥有五年及以上大型智能制造企业自动化物流或精密周转设备维保管理经验。熟练使用Solidworks、CAD等工具，精通自动化调度算法逻辑、机械控制原理或机器人相关知识。具备优异的团队建设能力、逻辑思维能力及高度的项目口头与书面表达能力。 设备AGV高级工程师（招聘人数：2人）岗位职责 具体负责落实并监督执行AGV工序范围内所有全自动导引车、调度软件系统、车载导航硬件及充电桩等设备的管理、维护、点检及保养流程制度。全面保障全厂AGV自动化转运线路的安全顺畅与高效运行，建立系统冗余预警机制，全力提升转运搬送稼动率。主导解决AGV系统出现的复杂控制或机械故障，优化地图路径及调度策略。整理设备运行分析数据，开展内部专业培训并负责相关技术专利的撰写。 任职资格 应聘人员需具备大专及以上学历，机电一体化、机器人、电气自动化等相关专业。拥有三年及以上智能仓储或自动化AGV项目维保与实施工作经验。精通多传感器融合、工控机、PLC及机械传动结构，具备优秀的电路图与网络拓扑图审核能力，逻辑思维严密，具备独立开展大型自动化故障拆解与攻关的能力。 设备AGV与舟房工程师（招聘人数：8人）岗位职责 主要负责具体主导落实所辖范围内（AGV物流系统或舟房石英/石墨舟全套处理机械）设备管理、常规保养、技术维修等规章制度的日常落地。在生产现场负责及时、高效、安全地抢修和解决设备日常运行出现的各种电气、软件或机械异常故障，无法独立处置时及时逐级上报。监控现场运行的过程数据参数变化，协助主管和高工收集降本项目、效率提升项目中的核心数据表单，确保系统数据的准确无误。 任职资格 应聘人员需具备大专及以上学历，机电一体化、自动化、机械工程等相关专业。拥有三年及以上制造业相关设备维保经验。掌握PLC编程控制、机械原理基础及常规机器人操作规范。熟练操作基础办公软件，具备合格的数据收集和表单制作处理能力，富有工作主动性、强烈的责任心与出色的团队融合精神。 设备AGV与舟房助理工程师（招聘人数：15人）岗位职责 全面负责落实所辖现场设备的一二级常规维护、点检与基础机械清扫保养流程。及时响应处理产线一线人员反馈的搬送异常或舟具机械异常，确保智能物流系统的连续稳定运行。提前做好现场易损耗元器件与常规备件的核对整理，做好防呆与日常参数 SPC 监控记录。如实收集并输出每日的设备运行状态与突发故障排除报表，并配合上级开展一线技术员的技能宣贯。 任职资格 应聘人员需具备大专及以上学历，机电一体化、电气自动化、机械类相关专业。拥有一年及以上制造企业自动化设备工作经验。熟悉主流自动化物流设备或工艺设备的基本控制流程，掌握基本工具的使用与安全防护知识。能够承受一定的工作压力，责任心强且配合度良好。 设备舟房高级操作工（招聘人数：10人）岗位职责 严格遵循舟房标准化作业SOP，安全、高效地完成石英舟与石墨舟的全流程工艺拆装、清洗、烘干及组装移交作业，确保作业质量达到电池片工艺规范要求。熟练操作舟房各项核心洗舟及周转设备，精准控制设备运行参数，每日严格做好设备的开机日常点检并如实填写运行记录。负责舟具处理后的初步外观与物理质量判定，通过目视检查与精密卡尺等检测工具筛选不合格舟具并及时隔离隔离。 任职资格 应聘人员需具备大专及以上学历，机电一体化、电气自动化、机械设计制造等相关专业。拥有一年及以上光伏行业电池工艺或设备操作工作经验。熟悉行业内主流的舟房工序相关设备操作与工艺规范，熟悉各种常见的工艺舟具异常处理方法。具备良好的细心度、极强的规则执行力与抗压耐劳精神。 特别提示 特别提示：鉴于本次为设备管理部多岗位联合招聘，涵盖从基层一线操作到中层管理等不同职级，系统平台统一标注的薪资范围受系统功能限制，无法全面体现各岗位的薪酬差异。各岗位的实际薪资待遇将严格依据具体应聘岗位、拟聘职层以及应聘者的综合能力评估，在面试环节进行“一岗一议”具体面议。 工作地点 天津滨海新区生态城 以担保或任何理由索要财物，扣押证照，均涉嫌违法。一经发现， 立即举报,设备管理,http://www.zhaopin.com/jobdetail/CCL1459727520J40954702415.htm?refcode=4019&srccode=401901&preactionid=5ecb0770-35e2-456b-bf7b-74f1eb847a26
电气自动化工程师技术员,郑州普林灏和财税服务有限公司,8000-11000元,开封·龙亭区,广州,学历不限,1-3年,7月25日,zhilian,岗位职责 1、负责非标自动化设备PLC 程序开发、调试与维护（西门子 / 三菱 / 欧姆龙为主），完成触摸屏组态、伺服 / 步进定位控制、变频器调速及 I/O 逻辑调试。 2、独立完成设备电气系统方案设计，绘制电气原理图、接线图、布局图，编制 BOM 清单、元器件选型与成本核算。 3、负责电气部件采购技术对接、样品验证及供应商技术问题处理，跟进装配、接线、上电调试全流程。 4、现场支持设备安装、调试与故障排查，解决电气 / 程序 / 通讯问题，保障项目按期交付。 5、编写作业指导书、调试记录、验收文档、操作维护手册，对生产 / 售后进行基础技术培训。 6、参与设备优化迭代，提升稳定性、故障率与智能化水平，持续改进电气设计与程序结构。 岗位要求 1、大专及以上学历，电气自动化、机电一体化、工业自动化等相关专业。 2、2 年及以上非标自动化设备电气设计 / 调试经验，熟悉整机开发流程（方案 - 设计 - 采购 - 装配 - 调试 - 验收）。 3、精通至少 1 款主流 PLC（西门子 S7-200SMART/1200/1500 或 三菱 FX/Q/L 系列），熟练使用GX Works、TIA Portal、触摸屏软件。 4、熟练使用EPLAN/AutoCAD/Elecworks任一电气制图软件，能独立出图与 BOM 编制。 5、掌握常用电气控制原理，熟悉伺服、步进、变频器、气缸、传感器、开关电源等元器件选型与应用。 6、熟悉Modbus-RTU、Profinet、 EtherCAT、RS485等常见工业通讯，能独立排查通讯故障。 7、能独立完成至少一种品牌工业机器人调试（发那科 / 安川 / 埃斯顿 / 汇博 / YAMAHA/EPSON 均可），含点位、轨迹、IO 联动。 8、能看懂气动 / 液压原理图，具备强电安全意识，可独立上电调试与故障定位。 9、工作严谨负责，能接受短期出差现场调试，沟通协调与问题解决能力强。 工作地点 开封龙亭区陇海三路与十大街交叉口附近 以担保或任何理由索要财物，扣押证照，均涉嫌违法。一经发现， 立即举报,"工业自动化/机器人,电气机械/电力设备",http://www.zhaopin.com/jobdetail/CCL1468999590J40848621907.htm?refcode=4019&srccode=401901&preactionid=5ecb0770-35e2-456b-bf7b-74f1eb847a26
设备调试工程师,山东凯斯锐智能装备有限公司,6000-10000元,德州·宁津县·宁城街道,广州,大专,3-5年,7月25日,zhilian,职位描述 PLC设计 西门子 三菱 自动化设备 电气系统调试 现场技术支持 调试文档编写 工作职责 1. 负责公司智能装备的PLC程序调试与功能验证，确保设备满足设计指标与客户需求。 2. 参与设备出厂前的联调测试，排查并解决电气系统、传感器及执行机构的异常问题。 3. 配合客户完成现场安装调试，提供操作培训与技术支持，保障设备顺利交付。 4. 记录调试过程中的问题与解决方案，输出标准化调试文档，优化后续调试流程。 任职要求 1. 大专及以上学历，自动化、电气工程或机电一体化相关专业。 2. 精通PLC编程，熟悉电气原理图与接线规范。 3. 具备工业自动化设备调试经验，能独立完成传感器校准、伺服系统参数优化等工作。 4. 拥有良好的问题分析能力与动手能力，能快速定位并解决现场突发技术问题。 5. 适应短期出差，具备较强的沟通能力与客户服务意识。 工作地点 德州宁津县凯斯锐智能装备研发中心长江大街9号 以担保或任何理由索要财物，扣押证照，均涉嫌违法。一经发现， 立即举报,"PLC设计,西门子,三菱,自动化设备,电气系统调试,现场技术支持,调试文档编写",http://www.zhaopin.com/jobdetail/CC476861180J40877575613.htm?refcode=4019&srccode=401901&preactionid=5ecb0770-35e2-456b-bf7b-74f1eb847a26
电气工程师,山东美诺邦马节能科技有限公司,8000-15000元,济南·历城·东风,广州,本科,1-3年,7月25日,zhilian,岗位职责： 1、根据控制要求，设计控制系统； 2、编制控制系统的程序，所有的设计必须符合规范； 3、产品电气设计，包括电气图纸绘制、电气部件选型等； 4、负责新风产品硬件/软件系统的设计、开发、调试及性能优化等； 5、参与产品软件架构设计，编写嵌入式程序实现产品智能化控制（如数据采集、算法优化、通信协议开发）； 6、参与新风系统的仿真建模与实验验证，优化气流分布和能效比； 7、与跨部门团队（如结构、测试、生产）协作，完成产品从原型到量产的全流程开发； 8、跟踪行业技术动态，提出创新解决方案，推动产品技术升级。 任职要求： 1、电气工程，机电一体化，自动化，电力，机械或相关专业，硕士及以上学历，有相关工作经验的学历放宽至本科； 2、2年以上电气设计工作经验； 3、掌握Python编程语言。用于数据分析、算法验证或自动化测试等； 4、了解传感器数据处理（如PM2.5、CO₂、温湿度）或控制算法的优先； 5、能独立编制电气方案，完成电路设计； 6、熟悉样机试制，参加现场试验并处理电气故障，提出产品改进措施； 7、熟悉常见通信协议，有新风系统、空气净化设备或智能家居产品开发经验者优先； 8、强电：涉及配电柜，能根据客户要求实现相关功能； 9、弱电：自动化控制；了解我公司工艺，从事自主开发或委托开发的经验； 10、逻辑清晰，能独立解决问题，具备跨团队协作能力。 工作地点 济南历城区华信路15号601 以担保或任何理由索要财物，扣押证照，均涉嫌违法。一经发现， 立即举报,"电气工程师,PLC,控制柜设计,Auto CAD,Python",http://www.zhaopin.com/jobdetail/CC674116624J90250032000.htm?refcode=4019&srccode=401901&preactionid=5ecb0770-35e2-456b-bf7b-74f1eb847a26
智驾技术负责人,犀重新能源汽车有限公司,6-10万,上海·松江·九亭,广州,本科,5-10年,5月6日,zhilian,职位描述 新能源汽车 新能源/燃油整车研发制造 职责： 1.制定公司在该技术方向的技术路线和产品化 2.挖掘行业需求，规划具备行业前瞻性的技术路线，带领团队攻关关键技术； 3.跨部门协同推进功能集成测试与产品化； 4.有效管理研发团队； 5.与方案规划、市场、项目等其他内部团队良好协同与适应能力。 要求： 1. 学历与经验：硕士及以上学历，计算机、车辆工程、自动化、 Robotics等相关专业。10年以上汽车或自动驾驶行业经验，其中至少5年自动驾驶系统全栈研发管理经验，并拥有成功带领L2+及以上项目量产或商业化示范运营的经验。 2. 技术深度：深入理解自动驾驶各核心模块（感知、定位、预测、规划、控制）的技术原理与工程实践，具备扎实的软件架构和系统集成能力。熟悉CUDA、ROS/ROS2、Apollo等框架。 3. 行业认知：深刻理解商用车（环卫、客车、重卡）市场特点、技术挑战（如制动响应、载重变化、长距离巡航）及场景需求（如干线物流、封闭/半封闭园区）。 4. 团队管理：证明过的成功组建和领导10人以上核心技术团队的能力，出色的跨部门沟通与协作能力。 5. 量产与车规：具备完整的汽车电子软件开发流程（如ASPICE）及功能安全开发经验，熟悉AUTOSAR架构，对车规级硬件、传感器、域控制器有深刻理解。 6. 商业与客户导向：具备强烈的商业意识，能够从客户和市场需求出发定义产品，并有成功的对外技术合作或客户项目管理经验。 工作地点 上海松江区九亭镇 以担保或任何理由索要财物，扣押证照，均涉嫌违法。一经发现， 立即举报,"新能源汽车,新能源/燃油整车研发制造",http://www.zhaopin.com/jobdetail/CCL1486804690J40992721104.htm?refcode=4019&srccode=401901&preactionid=5ecb0770-35e2-456b-bf7b-74f1eb847a26
PLC电气工程师,天津佰润隆科技有限公司,5000-10000元,天津·津南·咸水沽,广州,大专,1-3年,4月10日,zhilian,岗位职责 负责汽车智能产线相关项目的PLC电气调试工作，包括程序编写、调试、优化，确保产线电气系统稳定运行，满足生产工艺要求。 熟练使用Eplan软件进行电气原理图、接线图的绘制、修改及完善，确保图纸规范、准确，符合行业标准及项目需求。 配合机械、软件等相关部门，完成汽车智能产线的电气集成、联调工作，解决调试过程中出现的电气技术问题。 负责电气设备的日常维护指导、故障排查，编制相关的调试报告、维护手册等技术文档。 跟进行业电气PLC及Eplan相关技术发展，将新技术、新方法应用到实际项目中，提升产线智能化水平。 配合项目进度，按时完成各项电气调试及制图任务，确保项目顺利交付。 二、任职要求 1. 学历与专业 大专及以上学历，电气自动化、电气工程及其自动化、机电一体化等相关专业，1-3年及以上相关工作经验。 2. 技能要求 熟练掌握PLC编程（西门子、AB等主流品牌），具备汽车智能产线PLC调试经验者优先，能独立完成程序编写、调试及优化。 精通Eplan软件操作，能独立完成电气原理图、接线图的绘制、审核及修改，熟悉电气制图规范。 了解汽车智能产线的工作原理、生产工艺，熟悉电气元器件（接触器、继电器、传感器等）的选型与应用。 具备良好的故障排查能力，能快速定位并解决电气调试过程中出现的技术问题。 了解变频器、触摸屏、伺服系统等相关设备的调试与应用者优先。 3. 综合素质 工作认真负责，严谨细致，具备较强的责任心和执行力，能承受一定的工作压力。 具备良好的沟通协调能力和团队合作精神，能与各部门高效配合完成项目。 愿意主动学习新技术、新技能，有持续提升自身专业能力的意识。 能适应项目现场调试工作，服从工作安排。 能适应长期出差。 三、福利待遇 基础福利：六险一金、带薪年假、法定节假日、带薪培训。 绩效激励：月度绩效奖金、项目奖金。 职业发展：清晰的晋升路径（工程师→高级工程师→技术主管）、定期技术培训、行业交流机会。 工作地点 天津津南区普红馨苑南区-12号楼底商5号 以担保或任何理由索要财物，扣押证照，均涉嫌违法。一经发现， 立即举报,"西门子,AB,自动化设备,工控设备",http://www.zhaopin.com/jobdetail/CCL1522762960J40851563310.htm?refcode=4019&srccode=401901&preactionid=5ecb0770-35e2-456b-bf7b-74f1eb847a26
物联网工程师,北京嘉禾云山筑宇建筑工程有限公司,8000-16000元,大同·平城区·水泊寺街道,广州,本科,经验不限,7月25日,zhilian,职位描述 物联网 通信/网络设备 计算机硬件 工作职责 1. 负责建筑工程场景下物联网系统的方案设计与实施，包括传感器部署、数据采集与传输链路搭建。 2. 对接工程业务需求，开发物联网平台功能模块，实现设备状态监控、能耗管理等智能化应用。 3. 优化物联网系统的稳定性与数据安全性，解决工程现场复杂环境下的技术问题。 4. 与工程团队协作，推动物联网技术在施工管理、设备运维等场景的落地应用。 任职要求 1. 本科及以上学历，计算机、电子信息、自动化等相关专业。 2. 掌握物联网核心技术栈，包括传感器原理、通信协议（如LoRa、NB-IoT）及数据处理技术。 3. 具备物联网平台或系统开发经验，熟悉至少一种编程语言（如Python、Java）。 4. 有工程行业或工业物联网项目经验者优先，能理解工程场景的技术需求。 工作地点 平城区万达广场(大同平城店)908 以担保或任何理由索要财物，扣押证照，均涉嫌违法。一经发现， 立即举报,物联网,http://www.zhaopin.com/jobdetail/CCL1514891250J40862011511.htm?refcode=4019&srccode=401901&preactionid=5ecb0770-35e2-456b-bf7b-74f1eb847a26
具身智能开发工程师,广东慧仑科技有限公司,1.7-2.6万·16薪,广州·黄埔·萝岗,广州,本科,经验不限,7月14日,zhilian,岗位职责： 1、参与具身智能机器人AI决策大脑的相关开发工作，负责具身智能算法的设计与实现，包括但不限于机器人感知、决策与控制等； 2、探索并开发基于大模型的具身智能技术，提升算法性能与效率； 3、研究模仿学习方法，使机器人能够通过观察人类行为进行技能学习与优化； 4、应用强化学习技术，让机器人在复杂环境中自主学习与适应，提高其智能水平； 5、参与算法的测试与验证，确保算法在实际应用场景中的稳定性和可靠性。 任职要求 （一）硬性核心要求 1. 本科及以上学历，计算机、人工智能、自动化、机器人、软件工程等相关专业，1-3年具身智能、机器人算法、智能体落地相关工作/项目经验，有完整的端到端具身智能项目落地经验，熟悉项目全流程研发、部署、迭代逻辑。 2. 具备扎实的大模型实战项目经历，熟练掌握大模型微调、LoRA/QLoRA轻量化微调、RAG检索增强、Agent智能体框架、多模态大模型（图文融合）等技术，有大模型落地机器人交互、场景规划、任务决策等真实项目经验优先。 3. 精通各类机器感知模型，熟练掌握2D/3D目标检测、图像分割、姿态估计、特征匹配、深度估计、激光雷达感知、视觉SLAM、多传感器融合等感知算法，熟悉主流感知模型（YOLO、SAM、DETR、PointNet等）的训练、优化与部署。 （二）技能能力要求 1. 熟练使用Python、PyTorch/TensorFlow框架，精通模型训练、调参、量化、推理加速、部署优化全流程，具备模型轻量化、端侧部署实战经验。 2. 熟悉主流大模型开源框架（LangChain、LlamaIndex等），能够独立搭建大模型Agent应用、RAG知识库系统，解决具身场景下的语义理解、任务拆解、自主决策问题。 3. 熟悉机器人/具身智能基础理论，了解运动控制、路径规划、环境建模等基础算法，能够打通感知-大模型决策-设备执行的全链路闭环。 4. 具备较强的问题排查和落地攻坚能力，能够应对真实复杂场景下的算法适配、性能优化、边界问题处理，有完整项目复盘和迭代思维。 5. 有良好的代码规范、技术文档撰写能力，具备独立推进项目、跨团队协同沟通的能力。 （三）优先加分项 1. 有人形机器人、移动机器人、具身智能体、AI机器人交互等相关行业端到端落地项目经验； 2. 有多模态大模型+机器人感知融合落地实战经验，发表过相关技术论文、开源项目者优先； 3. 熟悉ROS/ROS2、端侧芯片部署、模型推理优化、多传感器融合算法者优先。 工作地点 广州黄埔区开投智行产业空间A2栋 以担保或任何理由索要财物，扣押证照，均涉嫌违法。一经发现， 立即举报,"机器学习,强化学习,大模型算法,C++,Python,ROS/ROS2",http://www.zhaopin.com/jobdetail/CCL1520049760J40832913401.htm?refcode=4019&srccode=401901&preactionid=5ecb0770-35e2-456b-bf7b-74f1eb847a26
汽车智能网联测试,柳州市仁仪汽车技术服务有限公司,6000-10000元,宁波·慈溪·庵东,广州,大专,1-3年,7月24日,zhilian,职位描述 汽车网络测试 汽车智能测试 智能网联 自动驾驶安全 工作内容： 1. 智能车辆实车接管与安全值守：负责L2-L4级智能网联测试车辆道路跟车测试，车辆自动行驶期间实时监控雷达、摄像头、域控制器、车机网联状态，遇到系统异常、道路突发情况第一时间人工接管车辆，杜绝安全事故。日常完成早晚车辆出车前外观、传感器清洁、胎压、电池电量预检。 2. ADAS功能实测与数据采集：按照测试工单执行ACC自适应巡航、车道保持、自动紧急制动、自动泊车、车路协同等网联功能测试，使用车载采集设备记录车辆CAN总线数据、道路影像、传感器回传数据，规范存储原始测试数据包。 3. 车辆故障基础排查与台账记录：识别智能网联系统常见报错，比如雷达遮挡、摄像头标定失效、车联网5G断连，简单现场复位修复；无法解决的故障拍照留存、填写车辆异常工单，同步对接后端技术工程师复盘。每日填写出车日志、测试台账、车辆运维记录。 4. 车辆运维与合规管理：负责测试车辆充电、洗车、定点停放、车载设备收纳；配合交管、第三方检测机构完成智能车辆上路合规核验，保管车辆测试资质证件 任职要求： 1. 基本要求条件：居住在柳州或宁波，大专及以上学历，C1驾照2年以上，驾驶记录良好 2. 经验要求：接触过智能车辆实车测试、自动驾驶安全员、车载运维任意一类岗位，了解CANoe基础使用、车载传感器标定流程 3. 能力要求：能独立输出专业测试报告，熟悉国内智能驾驶上路合规要求 4.其他：上班地点在浙江宁波 工作地点 宁波慈溪市中京工业园附近 以担保或任何理由索要财物，扣押证照，均涉嫌违法。一经发现， 立即举报,"汽车网络测试,汽车智能测试,智能网联,自动驾驶安全",http://www.zhaopin.com/jobdetail/CC437408080J40823837116.htm?refcode=4019&srccode=401901&preactionid=5ecb0770-35e2-456b-bf7b-74f1eb847a26
智能设备PLC控制编程工程师 / 自动化系统集成工程师,广东点创智能物流装备有限公司,8000-16000元,佛山·南海·狮山,广州,本科,经验不限,4月23日,zhilian,岗位职责描述： 1. 负责智能装配/检测/物流设备的整体电气控制方案设计，主导PLC程序的架构规划与开发。 2. 完成PLC与工业机器人（焊接、搬运）、机器视觉系统、伺服精密运动系统的通讯联调与协同控制。 3. 实现设备与工厂MES/SCADA系统的数据对接（如生产计数、状态监控、参数下发）。 4. 负责现场调试，快速诊断并解决涉及多技术交叉的复杂技术问题。 5. 编制标准化技术文档，并对客户或内部团队进行技术培训。 必备技能要求： · 核心控制：精通西门子S7-1200/1500（TIA Portal） 等擅长复杂运动控制的高端品牌，熟练掌握结构化编程。 · 协同集成： · 机器人：具备与至少一种主流机器人（发那科、ABB、库卡等）进行Profinet、Ethernet/IP等总线通讯集成的实战经验。 · 视觉：了解与视觉系统（如康耐视、基恩士） 的交互逻辑，能实现定位引导、质量判断等功能。 · 通讯：掌握OPC UA、MQTT等工业物联网协议，有设备数据上云或与上位系统对接经验者优先。 · 软性素质：具备强烈的系统思维和逻辑分析能力，能适应快节奏的项目调试压力。 加分项： · 有智能仓储（AGV调度）、柔性产线或数字化车间项目实施经验。 · 了解机器设备预测性维护的基本数据采集思路。 · 掌握Python或C# 等高级语言，能进行简单的数据交互脚本开发。 智能装配/检测设备 高精度同步：多轴伺服协同、视觉定位引导、力控装配。高速响应：对扫描枪、光电传感器的毫秒级响应编程。 智能物流设备 系统交互：与WCS（仓库控制系统）、AGV调度系统的接口开发。 业务流程：理解入库、拣选、分拨等流程，并转化为稳定控制逻辑。 柔性制造单元 柔性化：擅长配方管理、订单切换的程序设计。 数字孪生：有虚拟调试经验或对此有认知者优先考虑。 我们提供的薪酬福利 薪酬：综合月薪 8000-16000元/月（构成：基本工资 + 出差补贴 + 项目绩效奖金 + 年终奖）。 · 完善的福利保障：缴纳五险，提供年度节日福利。 · 全方位的工作支持：公司提供全套专业工具、劳动防护用品，出差期间提供住宿补贴、伙食补贴及往返交通。 工作地点 广东省佛山市南海区小塘工业大道万仔百年古建筑材料东140米 以担保或任何理由索要财物，扣押证照，均涉嫌违法。一经发现， 立即举报,"工业自动化/机器人,电气机械/电力设备",http://www.zhaopin.com/jobdetail/CCL1501174280J40769260706.htm?refcode=4019&srccode=401901&preactionid=5ecb0770-35e2-456b-bf7b-74f1eb847a26
智能驾驶产品经理-奕派科技 (MJ001501),东风汽车,1.5-2.5万,武汉·蔡甸·沌口,广州,本科,1-3年,7月16日,zhilian,职位描述 C语言 【工作职责】 行业与用户调研 行业调研：跟踪全球智能驾驶技术路线（如纯视觉、多传感器融合、高精地图方案）、竞品动态（竞品车型智驾功能配置、性能参数、用户口碑）、供应链情况（芯片、传感器、算法供应商的技术能力与产能）；分析行业发展趋势（如城市 NOA 普及速度、端到端大模型落地节奏）。 用户调研：通过问卷、深度访谈、试驾体验、用户反馈数据分析等方式，明确不同用户群体（如家用通勤、商务出行、新手司机）对智驾功能的核心需求（如高速领航、自动泊车、拥堵跟车）、痛点（如接管频繁、识别精度低）及付费意愿；建立用户画像与需求优先级矩阵。 法规解读：实时跟踪国家及地方智能驾驶相关法规、标准与政策（如《智能网联汽车道路测试与示范应用管理规范》《汽车驾驶自动化分级》），确保产品功能合规性；预判法规趋势，提前布局符合未来政策要求的产品功能（如无安全员自动驾驶、车路协同功能）。 整体产品规划：基于调研结果，制定智能驾驶产品中长期发展规划，明确产品演进路线（如从 L2 辅助驾驶到 L4 高阶自动驾驶的阶段目标）、技术选型方向。 年度计划拆解：将中长期规划拆解为年度可落地的目标与任务，包括功能迭代计划、性能优化指标（如接管里程提升、识别准确率提升）、资源需求预算（研发、测试、人力）。 车型搭载规划：结合不同车型定位（如入门级、中高端、旗舰车型），制定差异化智驾功能搭载策略；协同车型团队确定智驾硬件预埋方案（如传感器数量、芯片算力配置），兼顾成本与用户体验；规划车型智驾功能的上市节奏与优先级。 挖掘创新功能点：结合用户痛点与技术可行性，提出创新性智驾功能（如跨楼层自动泊车、紧急避险智能避让、自定义驾驶风格）；组织技术、设计团队进行头脑风暴，评估功能创新价值与落地难度。 输出产品需求文档（PRD）：明确创新功能的功能描述、用户场景、核心指标、验收标准；定义功能的交互逻辑（如人机交互界面设计、语音控制指令）、边界条件（如功能生效的速度范围、环境限制）。 卖点提炼：从用户视角提炼智驾产品核心卖点，如 “零接管高速领航”“毫秒级紧急制动”“全场景自动泊车”，突出与竞品的差异化优势。 卖点管理：建立卖点库，确保卖点与产品功能高度匹配，避免夸大宣传；跟踪卖点在市场端的反馈，及时调整优化。 协助营销：进行智驾产品直播策划，：担任直播主讲人或协同主播，讲解智驾功能亮点，进行实车演示，解答用户在线提问； 公众号运营 内容策划：围绕智驾产品输出科普类（如 “什么是城市 NOA”）、体验类（如 “智驾功能实测日记”）、资讯类（如 “智驾法规更新解读”）内容。 账号运维：定期发布公众号推文 【任职要求】 1、从事智能驾驶产品经理2年以上； 2、计算机、软件工程、自动化、车辆工程等相关专业 3、从事智能驾驶产品经理2年以上； 4、有新势力及互联网产品经理从业经验者优先。 工作地点 武汉蔡甸区东合中心 以担保或任何理由索要财物，扣押证照，均涉嫌违法。一经发现， 立即举报,C语言,http://www.zhaopin.com/jobdetail/CC679989880J40881442605.htm?refcode=4019&srccode=401901&preactionid=5ecb0770-35e2-456b-bf7b-74f1eb847a26
自动化应用工程师（智能装备方向）,湖南汇睿材料科技有限公司,8000-10000元,长沙·岳麓·麓谷,广州,本科,1-3年,7月22日,zhilian,岗位职责： 1、负责自动化设备、视觉三维检测设备及智能装备项目的安装、调试、验收及售后技术支持。 2、参与项目售前技术交流、方案实施及现场技术服务。 3、熟练使用 SolidWorks等软件完成设备结构设计、三维建模及工程图绘制，并根据项目需求进行优化。 4、配合完成设备机械、电气、视觉等系统的联调，协助分析并解决现场技术问题。 5、配合供应商及项目团队完成设备集成、测试及交付工作。 6、 参与公司新产品、新项目及自动化产线的研发与优化。 任职要求： 1、大学本科及以上学历，机械设计、自动化、机电一体化、电气等相关专业。 2、具有2年以上自动化设备、智能装备、非标自动化、机器视觉或检测设备等相关工作经验。 3、熟练使用 SolidWorks，具备独立完成设备结构设计、三维建模及工程图绘制能力。 4、 熟悉自动化设备基本原理，能够看懂机械图纸、电气图纸，了解PLC工作原理及程序，依据指导修改程序，具备一定设备调试能力。 5、了解PLC、伺服系统、传感器、工业相机、机器视觉等相关技术，有自动化设备、智能装备、机器视觉或非标自动化项目经验者优先。 6、具备较强的问题分析和现场故障排查能力，能够快速定位并协助解决设备异常。 7、 学习能力强，动手能力强，具备良好的沟通协调能力和团队合作精神。 8、服务意识良好，工作认真负责，能够积极与客户沟通，不推诿问题，具备良好的职业素养。 9、能适应项目现场工作及阶段性出差，持有C1及以上驾驶证，具备实际驾驶能力。 工作地点 长沙岳麓区湖南汇睿材料科技有限公司隆平高科产业园7栋103 以担保或任何理由索要财物，扣押证照，均涉嫌违法。一经发现， 立即举报,"安装/调试,电气设备,机械设备,自控系统,SCADA系统,Solidworks,三维建模,测试,组装调试画图,初级工程师,结构设计",http://www.zhaopin.com/jobdetail/CCL1473746510J40999736402.htm?refcode=4019&srccode=401901&preactionid=5ecb0770-35e2-456b-bf7b-74f1eb847a26
光纤传感产品经理,天津欧利信科技有限公司,1-1.8万,天津·武清·东蒲洼,广州,本科,5-10年,7月22日,zhilian,岗位职责： 1、产品销售分析与管理，了解自有及竞品的产品定位，沟通并确保销售与运营推广与相关部门，一致执行产品策略与计划，并做差异追踪与决策建议； 2、参与方案设计、现场勘查、光缆敷设指导与系统调试；收集客户反馈并协助技术总监解决现场出现的光缆、设备及系统集成类技术问题、推动产品迭代； 3、参与客户技术交流与方案讲解；建立标准化的产品知识库；跟踪光纤传感行业前沿技术与设备动态，形成技术储备； 4、评估行业内设备与产品，负责收集整理属地行业资讯、竞品动态、政策法规等信息； 5、负责新品上市支持、产品推广、客户试用反馈以及产品竞争力调研、产品竞争力需求； 6、负责开发、搜集新的光学材料、技术、方法，并导入新产品设计。 任职要求 1、本科及以上学历，光学、通信、电子、电气自动化相关专业，具备油气、电力行业背景优先； 2、5-8年光纤传感行业全职工作经验，具备完整的从技术研发到现场落地的项目经验； 3、精通分布式光纤传感核心原理，熟悉不同技术路线的优缺点与适用场景，能独立设计行业解决方案； 4、熟练掌握解调设备技术，了解各类解调仪的工作原理、关键参数与性能指标，有设备调试、测试与匹配优化经验； 5、具备良好的跨团队沟通能力与问题解决能力，能独立对接高校、供应商与客户技术团队； 6、熟悉机电系统或弱电智能化系统行业相关的标准规范，具有弱电系统设计经验，熟练使用CAD制图设计软件； 7、具有较强的设计能力和工程实操经验，能独立完成分配的设计工作任务； 8、清晰表达需求，主动对接内外部团队，工作态度积极，不推诿； 9、有一定的市场敏感度、有较强的学习能力、可快速掌握公司介绍、成熟产品知识、应用方案、业绩案例等。 工作地点 天津武清区创业总部基地-C02号楼313 以担保或任何理由索要财物，扣押证照，均涉嫌违法。一经发现， 立即举报,光纤传感,http://www.zhaopin.com/jobdetail/CC433541810J40882819305.htm?refcode=4019&srccode=401901&preactionid=5ecb0770-35e2-456b-bf7b-74f1eb847a26
设备自动化兼电气工程师,河北镁神科技股份有限公司,8000-12000元,邢台·广宗县·广宗镇,广州,本科,3-5年,7月9日,zhilian,岗位职责 自动化系统设计与改造： 负责生产设备自动化系统（PLC、传感器等）的设计、编程及调试，优化工艺流程，提升设备效率； 主导老旧设备自动化改造项目（如氧化镁生产线智能化升级），制定技术方案并落地实施。 电气系统开发与维护： 设计电气控制系统图纸（含配电柜、控制回路、HMI界面等），完成电气元件选型及安装调试； 定期巡检设备电气系统，解决故障问题，制定预防性维护计划，降低设备停机率。 工艺设备集成优化： 联动工艺工程师，分析生产瓶颈，提出自动化解决方案（如物料输送自动化、数据采集系统集成）； 开发设备运行数据监控平台（SCADA/MES接口），实现生产可视化与远程控制。 技术规范与团队协作： 编制设备自动化操作手册、维护标准及安全规范； 培训生产人员操作自动化设备，协助跨部门技术问题攻关。 任职要求 基本条件：本科及以上学历，自动化、电气工程、机械电子工程等相关专业； 3年以上工业自动化领域经验，至少参与过2个工艺设备自动化改造项目（需提供案例）。 优先条件： 熟悉化工/冶金行业设备（如反应釜、烧结炉）自动化控制逻辑者； 持有电工证、自动化工程师证书或项目管理（PMP）认证者优先。 工作地点 邢台广宗县河北镁神科技股份有限公司 以担保或任何理由索要财物，扣押证照，均涉嫌违法。一经发现， 立即举报,"安装/调试,维修/保养,设计,自动化设计,电气设计,PLC设计,电气设备,机械设备,工控设备",http://www.zhaopin.com/jobdetail/CC145997490J40771672013.htm?refcode=4019&srccode=401901&preactionid=5ecb0770-35e2-456b-bf7b-74f1eb847a26
数据采集员,上海思芮信息科技有限公司,6000-8000元,北京·石景山·苹果园,广州,大专,经验不限,4月15日,zhilian,岗位职责】 负责数据采集项⽬交付全过程管理，对项⽬交付结果负责;适配不同的数据交付需求，服从公司安 排，可协助⽣产管理⽅提升项⽬运营效率； 执⾏数据采集： 穿戴动作捕捉设备或使⽤VR设备，远程操控⼈形机器⼈与机械臂，在指定场景执⾏标准或复合动作的数据采集； 确保数据质量： 严格按照数据采集脚本执⾏任务，对采集到的原始数据进⾏初步筛选、检查和整理，确保动作的规范性和数据的完整性； 设备与反馈： 负责VR设备、传感器等⼯具的⽇常维护与基础调试。与算法、运营团队协作，及时 反馈设备故障、数据异常等问题，并提出优化建议； 对于机械设备操作协调性⾼、⽅向感辨识度⾼，⽆⾊盲和⾊弱；能够按照采集规范进⾏执⾏和操作。 【任职要求】 计算机科学、⼈⼯智能、软件⼯程、电⼦信息、通信⼯程等相关专业优先，全⽇制专科及以上学历。 有计算机软件操作调试基础，了解LINUX、Windows系统开发、有实际机器⼈项⽬经验者优先。 具备逻辑思维和条理性，能够清晰、准确地传达信息和想法。 ⾃驱⼒强、沟通表达能⼒良好，对通⽤⼈⼯智能有着强烈的兴趣。 ⾝体与协调性：⾝体健康，⽆眩晕症、⼼脏病等；⼿眼协调能⼒强，空间感好，能精准复现指定动作 ⼯作态度： 耐⼼细致，责任⼼强，能适应重复性⾼的数据采集任务，对数据质量负责。 学习能⼒： 能快速学习使⽤新的数据采集软件、VR/动捕设备及机械臂操作界⾯ 【额外项】 1、外观、精神⾯貌俱佳，⽆严重疾病（⼊职需提交体检报告）； 2、能接受加班者有加班费，服从公司制度和保密意识强者优先； 3、 有具⾝数据采集、标注、动捕或机械臂操作经验者优先，过往岗位任职不低于6个⽉； 4、 有摄影、短视频拍摄经验，对构图有良好感觉者优先；对⼈⼯智能、机器⼈⾏业有浓厚兴趣， 能⻓期任职者优先 工作地点 石景山区北京银行保险产业园-A1号楼 以担保或任何理由索要财物，扣押证照，均涉嫌违法。一经发现， 立即举报,"数据采集,机器人采集,机械臂操作",http://www.zhaopin.com/jobdetail/CC302179380J40888567503.htm?refcode=4019&srccode=401901&preactionid=5ecb0770-35e2-456b-bf7b-74f1eb847a26
数字化实施工程师（工作地点：郑州）,郑州同发牧业有限公司,5000-10000元,郑州·金水·兴达路,广州,本科,1-3年,1月16日,zhilian,职位描述 软件实施 ERP系统 MySQL 金仓数据库 物联网 农/林/牧/渔 云计算 岗位定位： 负责养殖数据管理系统的实施落地，通过飞书多维表格、AI工具及物联网技术，打造高效的数据管理平台，支撑养殖板块的数字化升级。 工作职责 1.系统实施：负责飞书的搭建、配置、测试与上线，确保项目按计划交付。 2.流程配置：设计并配置数据采集、审核、预警、考核等流程，提升业务效率。 3.AI与智能体应用：利用AI工具辅助开发、文档编写及问题排查；探索智能体在集团应用场景的应用。 4.物联网对接：了解养殖环境监控设备（温湿度传感器、饲喂设备等）的数据对接方案，为未来系统扩展做准备。 5.用户支持：培训相关人员使用系统，提供日常技术支持与问题解决。 6.持续优化：收集业务反馈，持续优化系统配置，提升用户体验。 任职要求 1.工具掌握：熟悉飞书及多维表格，能够独立完成表格创建、关联、公式配置、自动化规则设置。有实际项目经验者优先。 2.对物联网（IoT）有基本了解，知道传感器数据如何采集、传输与展示。会使用AI工具辅助工作，了解智能体（Agent）的基本概念和搭建思路。 3.逻辑理解能力强：能够快速理解业务需求，并将其转化为清晰的数据模型和流程。 4.执行力强：能够高效推进项目落地，确保按时交付。 5.沟通能力好，能够与业务部门顺畅协作。 6.学习能力强，对新工具、新技术保持敏感。 7.细致认真，对数据准确性和系统稳定性有责任心。 经验与学历 1.学历本科及以上，能力优先。 2.有数字化项目实施经验者优先，无经验但学习能力强、项目作品突出者可破格考虑。 加分项 1.有养殖、农业或生产制造行业经验。 2.有Python/JS等脚本编写经验，能够处理简单数据接口。 3.对数据可视化（如图表、仪表盘）有一定了解。 工作地点 郑州金水区牛顿国际-B座5楼同发生物科技集团 以担保或任何理由索要财物，扣押证照，均涉嫌违法。一经发现， 立即举报,"软件实施,ERP系统,MySQL,金仓数据库",http://www.zhaopin.com/jobdetail/CC368133230J40839131305.htm?refcode=4019&srccode=401901&preactionid=5ecb0770-35e2-456b-bf7b-74f1eb847a26
自动驾驶算法与仿真开发工程师,济南恒信新科汽车科技有限公司,8000-16000元,济南·历下·舜华路,广州,本科,1-3年,7月26日,zhilian,岗位职责 1. 负责自动驾驶仿真平台架构设计与搭建，构建面向感知、规划、控制算法的开发与仿真验证环境； 2. 开发与维护仿真场景库，包括自然驾驶场景、边缘/长尾场景等； 3. 负责传感器模型（Camera / LiDAR / Radar等）的建模、参数标定与仿真精度验证； 4. 搭建基于 SIL / HIL / VIL 的仿真测试体系，支撑算法快速迭代与回归验证； 5. 开发仿真自动化工具链与评价指标体系，实现场景泛化、测试用例生成及自动化评分； 6. 对接感知、定位、预测、规划、控制等算法团队，推动仿真与实车的一致性对齐； 7. 编写仿真系统设计方案、测试规范及相关技术文档。 （二）任职要求 基本条件 - 本科及以上学历，计算机、自动化、车辆工程、机器人、电子工程等相关专业； - 1年以上自动驾驶或ADAS仿真开发经验。 核心技术能力 1. 精通 CARLA 自动驾驶仿真平台，具备独立搭建仿真环境的能力； 2. 精通 Autoware 开发流程，理解其感知、定位、规划、控制各模块架构； 3. 熟悉自动驾驶算法基本架构（感知/规划/控制），理解模块间输入输出及交互链路； 4. 掌握传感器仿真建模方法，了解 OpenDRIVE、OpenSCENARIO 等仿真标准与接口规范； 5. 了解汽车总线通信协议（CAN / CANFD），有相关工具链使用经验； 6. 熟悉 Linux 开发环境，具备 Docker 容器化部署能力。 编程能力 - 精通 Python / C++ / C# 中至少一种，具备扎实的数据结构与算法基础。 软技能 - 优秀的系统思维与抽象能力，能将真实世界驾驶场景转化为可量化的仿真指标； - 良好的跨团队协作与沟通能力，能与算法、系统、测试团队高效协同； - 较强的技术方案与文档撰写能力。 加分项 - 有 3D 渲染引擎开发经验（Unreal Engine 4/5 或 Unity）； - 有基于 AI 的场景自动生成经验； - 有仿真-实车一致性对比分析经验。 工作地点 铭盛大厦济南市历下区新泺大街2117号，铭盛大厦一楼 以担保或任何理由索要财物，扣押证照，均涉嫌违法。一经发现， 立即举报,"CAMERA,C++",http://www.zhaopin.com/jobdetail/CC251668510J41011188904.htm?refcode=4019&srccode=401901&preactionid=d1cd7086-516e-41ae-b403-a0e63776fa25
传感器摄像头工程师,达普信,1.2-2.1万,芜湖·鸠江区·芜湖经济技术开发区,广州,大专,3-5年,7月24日,zhilian,"岗位职责 1、负责座舱感知系统零部件(非单一)的全生命周期选型、管理工作。 2、技术需求发布:创建并维护零部件的技术规范、设计要求和验收标准,确保其满足整车性能、功能安全、网络安全及可靠性目标。 3、供应商技术管理:作为主要技术接口,管理供应商的设计和开发过程,组织技术评审, 确保供应商交付物的质量和进度,并主导解决开发过程中的所有技术问题。 4、工程发布与签核:负责零部件的数模、图纸、BOM等所有工程数据的最终评审与发布签核,确保数据准确无误并可指导制造与装配。 5、跨部门协同集成:与整车架构、电子电气、软件、机械集成、测试验证及制造团队紧密合作,解决出现的问题。 任职要求： 1、3年及以上智能座舱产品相关工作经验，具备主机厂、Tier1行业经验、有完整量产车型项目经验者优先。 2、熟悉座舱域感知系统(舱内摄像头、舱外摄像头、雷达、无线充电、行车记录仪、音效、功放等)的技术原理、性能指标、测试方法及行业供应链。 4、熟练掌握零部件工作原理，功能实现逻辑和性能指标等专业知识和工作技能， 具备一定的问题分析能力。 5、出色的沟通协调能力和项目推动力,能够高效地与内外部团队(包括供应商)合作 工作地点 芜湖鸠江区研创中心-6号楼 以担保或任何理由索要财物，扣押证照，均涉嫌违法。一经发现， 立即举报","传感器,摄像头,座舱感知",http://www.zhaopin.com/jobdetail/CC290512280J40833494316.htm?refcode=4019&srccode=401901&preactionid=d1cd7086-516e-41ae-b403-a0e63776fa25
机器人+大学老师+双休寒暑假,大同数据科技职业学院有限责任公司,9000-18000元,大同·云州区·倍加造镇,广州,本科,1-3年,7月21日,zhilian,"职位描述 机器人示教 机器人设计 机器人运动算法 机器人视觉算法 ABB 库卡 安川 ROS 工业自动化/机器人 1. 精通机器人操作系统（ROS/ROS2），深刻理解其通信机制（节点、话题、服务、动作），掌握参数服务器、TF坐标变换、launch文件等核心组件； 2. 精通至少一种主流高级编程语言（C++/Python），具有完整的智能机器人项目开发或系统集成经验； 3. 熟练掌握机器人运动学与动力学核心算法，包括D-H参数法、正逆运动学求解、轨迹规划（关节空间/笛卡尔空间）、动力学建模与控制； 4. 熟练掌握主流SLAM与自主导航技术，精通至少一种2D/3D SLAM算法，并能熟练配置和调试ROS Navigation Stack进行路径规划与避障； 5. 熟练掌握机器视觉技术及应用，精通OpenCV库，能够独立完成相机标定、图像预处理、特征提取、目标检测与识别等视觉任务的编程实现； 6. 熟悉嵌入式系统开发与硬件调试，熟悉ARM体系结构，有基于嵌入式Linux或RTOS的机器人底层驱动开发经验； 7. 熟悉至少一种主流工业机器人或协作机器人（如KUKA、FANUC、UR、Aubo、安川等），能够进行操作、示教编程、脚本编程及二次开发； 8. 熟悉至少一种主流机器人仿真平台（如Isaac Sim、Gazebo、V-REP、Webot）经验； 9. 熟悉各类机器人常用传感器（如激光雷达LiDAR、IMU、力矩传感器、深度相机），理解其工作原理，并具备数据采集、滤波及多传感器融合处理的能力； 10. 熟悉常用工业通信总线与协议，如CAN, Modbus, EtherCAT等，能够实现机器人控制器与PLC、传感器等外部设备的稳定通信与系统集成； 11. 具备基本的机械设计与制图能力，能使用SolidWorks/AutoCAD等软件进行机器人末端执行器、夹具或简易工作站的辅助设计。 工作地点 云州区大同数据科技职业学院 以担保或任何理由索要财物，扣押证照，均涉嫌违法。一经发现， 立即举报","机器人示教,机器人设计,机器人运动算法,机器人视觉算法,ABB,库卡,安川,ROS",http://www.zhaopin.com/jobdetail/CCL1501151400J40913218815.htm?refcode=4019&srccode=401901&preactionid=d1cd7086-516e-41ae-b403-a0e63776fa25
自动化工程师,山东省智能机器人应用技术研究院,5000-10000元,济宁·邹城市·凫山街道,广州,大专,3-5年,7月22日,zhilian,岗位职责： 1、配合项目和相关机械、液压等其他专业工程师就非标项目的设计、安装、调试提供技术支持； 2、负责自动化设备电气设计工作，完成全套设备的电气设计，以及产品电气图纸（系统图、原理图、接线图）的设计； 3、负责产品电气回路的器件选型、器件降本等设计计算工作；电气硬件的选型和电路图绘制； 4、负责编写PLC、HMI等控制程序，并能参与设备在现场的调试工作，处理安装调试过程中出现的各种相关问题，并给予解决； 5、对项目运行中的技术问题提出解决方案，确保工程顺利进行； 6、参与制订并不断完善公司自动化设计标准； 7、高质高效完成公司交办的其它任务，服从上级领导指令。 任职要求： 1、学历：大学专科及以上学历； 2、专业：电气工程及其自动化相关专业； 3、经验：有大型非标自动化设备项目组织实施经验者优先，有工业机器人或智能设备设计经验者优先； 4、技能要求： 1）熟练掌握PLC、HMI、伺服、视觉传感以及工业以太网控制的相关知识者优先； 2）具备一定的机械、气动控制、液压等方面的基础知识； 3）熟悉电气设备相关软件及办公软件的应用； 4）熟悉电气安全的相关法律法规，全面掌握自动化控制的相关知识以及对新产品的学习； 5）具有良好的沟通与表达能力，善于与客户沟通，进行方案技术交流； 6）能适应出差，具有吃苦耐劳精神和团队合作意识。 职位福利：五险一金、加班补助、带薪年假、周末双休、早八晚五 职位亮点：晋升空间大. 工作地点 邹城市济宁机器人产业园 以担保或任何理由索要财物，扣押证照，均涉嫌违法。一经发现， 立即举报,设计,http://www.zhaopin.com/jobdetail/CC251048280J40604750108.htm?refcode=4019&srccode=401901&preactionid=d1cd7086-516e-41ae-b403-a0e63776fa25
智能制造工程师,承德露露股份公司,8000-12000元·13薪,杭州·淳安·千岛湖,广州,本科,1-3年,5月28日,zhilian,职位描述 SCADA系统 电气设备 机械设备 电气机械/电力设备 工作内容： 1、负责产线智能技术提升生产效率、降低能耗、保障食品安全，并实现工厂运营的数字化管控，通过传感器实时监控关键控制点（如杀菌温度、无菌室压力）； 2、为生产车间、设备维护团队提供智能化系统操作培训（如 SCADA 监控界面使用、AGV 调度异常处理），编制操作手册与应急预案。 3、领导交办的其他工作。 要求： 1、2年以上的PLC实操经验，了解饮料行业生产线系统流程者优先，有SCADA、AGV调度系统应用者优先。 2、一本及以上本科毕业，985、211优先，智能装备与系统、控制工程、软件工程、智能制造及工业工程等相关专业。 奖金绩效 五险一金、年终奖金、节日福利、带薪年假、员工宿舍、员工食堂 工作地点 杭州淳安县露露植饮(淳安)有限公司 以担保或任何理由索要财物，扣押证照，均涉嫌违法。一经发现， 立即举报,"SCADA系统,电气设备,机械设备",http://www.zhaopin.com/jobdetail/CC233033220J40848016209.htm?refcode=4019&srccode=401901&preactionid=d1cd7086-516e-41ae-b403-a0e63776fa25
无人车智驾系统研发工程师（中高级）,国云九天(山东)无人系统技术有限公司,1-2万,东营·东营区·东城街道,广州,本科,3-5年,7月23日,zhilian,岗位职责 1. L4级智驾系统整体架构设计与迭代：负责商用车、城配无人车L4自动驾驶系统整体方案设计、需求拆解、架构搭建与版本迭代，统筹感知、定位建图、决策规划、底盘控制、整车状态管理、安全冗余保护全链路系统研发，搭建端到端自动驾驶软硬件一体化体系，输出标准化系统设计文档、模块规范与迭代方案，支撑无人车城市道路、园区、巷道等全场景自主稳定运行。 2. 九识智驾系统核心技术深耕与优化（核心重点）：依托九识无人车智驾系统完整研发经验，深度负责九识Jupiter自动驾驶系统、OpenVAN智驾大脑的架构迭代与核心模块优化，精通九识端到端大模型智驾体系、500TOPS高算力调度机制、动态多机分布式L4操作系统；熟练掌握九识专属的35ms超快速决策机制、混行博弈算法、极端场景应急策略，针对鬼探头、路面遗撒、狭窄巷道、人车混行等复杂城配场景做技术迭代，优化系统鲁棒性与通行效率。 3. 多模态感知融合与空间建模研发：基于九识成熟的四维感知技术体系，负责激光雷达、超长焦相机、环视相机、毫米波雷达、超声波雷达的多传感器标定、时间同步与数据融合开发，优化BEV三维空间建模、OCC占据网络检测、动静态障碍物统一识别能力，复刻并迭代九识高精准感知算法，保障暴雨、弱光、密集遮挡等复杂场景下的环境感知精度与稳定性。 4. 智能决策规划与运动控制研发：主导无人车全局路径规划、局部动态避障、自适应跟车、平顺变道、弯道调速、定点泊车等核心功能开发，迁移九识L4级无人车成熟决策逻辑与轨迹跟踪算法，优化车辆行驶平顺性、转向精准度、车速闭环稳定性，解决顿挫、偏移、响应滞后等问题，适配城市公开道路高频混行作业场景。 5. 车规级系统适配与算力调度优化：负责双Orin Drive车规计算平台的算力调度、任务部署与资源优化，适配九识智驾系统高并发、低延时运行需求，完成智驾软件模块化、车规化迭代；负责嵌入式系统实时性优化，保障全链路毫秒级响应，满足量产车规可靠性、安全性标准，支撑整车长期稳定量产运营。 6. 整车软硬件联调与问题闭环：联动硬件、整车、测试团队完成智驾主板、传感器、底盘执行机构的软硬件联调、实车路测、极限场景验证；熟练解析九识智驾系统日志、复盘道路异常案例，快速定位感知失效、决策偏差、控制异常等问题，形成迭代优化方案，实现问题全闭环整改。 7. 数据闭环与量产体系搭建：依托九识海量城市运营数据闭环经验，参与智驾数据采集、筛选、训练、迭代流程优化，持续提升模型泛化能力与场景覆盖率；输出完整的研发文档、测试规范、量产标准，支撑智驾系统规模化落地、车队运维与版本迭代升级。 8. 前沿技术预研与体系沉淀：跟进L4商用车自动驾驶前沿技术，针对复杂交通交互、多车协同、极端天气通行等难点开展技术攻关；沉淀九识智驾系统研发方法论、算法组件库与标准化开发流程，搭建可复用、可快速迭代的自研智驾技术体系。 任职要求 1. 核心经验优先：具备九识无人车智驾系统全流程研发、算法优化、架构迭代、量产运营落地经验者优先高薪录用，熟悉九识Jupiter系统、OpenVAN智驾大脑、端到端大模型智驾、多传感器融合、算力调度核心技术，有九识城配无人车L4系统开发、场景适配、问题复盘实战经验者优先。 2. 学历专业：本科及以上学历，自动化、车辆工程、人工智能、控制科学与工程、电子信息、计算机等相关专业，3年及以上L4无人车自动驾驶系统研发工作经验。 3. 技术能力：精通自动驾驶感知、定位、决策、规划、控制全链路原理；熟练掌握C/C++、Python，熟悉Linux嵌入式开发、ROS/ROS2架构；熟练使用TensorRT、模型部署工具，具备BEV、OCC、Transformer感知模型开发优化能力。 4. 场景能力：熟悉城配无人车、商用无人车公开道路行驶场景，精通人车混行、窄路通行、动态避障等复杂场景算法优化，具备独立实车调试、问题攻关、版本迭代能力。 5. 项目经验：具备完整的自动驾驶系统从方案设计、算法开发、仿真测试、实车验证到量产落地的全流程经验，有车规级智驾系统研发量产经验者加分。 6. 综合素质：逻辑清晰、技术功底扎实，具备独立技术攻关、文档输出、团队协作能力，抗压性强，适配项目快速迭代与路测落地节奏。 岗位优势 1. 赛道优质，聚焦L4商用无人车核心领域，对标行业顶尖九识智驾技术体系，技术壁垒高、落地场景成熟； 2. 核心技术岗，全权负责智驾系统核心模块研发与迭代，技术自主权高，可深度参与全栈自研技术搭建； 3. 团队技术氛围纯粹，深耕自动驾驶量产落地，项目资源充足，晋升与技术成长通道清晰。 福利待遇： 上班时间：8:30-18:00，周末双休，节假日正常休息。 缴纳五险、带薪年假、员工免费体检、节日福利。 外地可包住宿。 工作地点 东营东营区永晖大厦 以担保或任何理由索要财物，扣押证,"C++,Python,九识无人车智驾系统全流程研发,九识JUPITER系统,OPENVAN智驾大脑,端到端大模型智驾,多传感器融合,算力调度核心技术,LINUX嵌入式开发,ROS/ROS2架构",http://www.zhaopin.com/jobdetail/CCL1520376680J40945424708.htm?refcode=4019&srccode=401901&preactionid=d1cd7086-516e-41ae-b403-a0e63776fa25
研究助理（嵌入式开发工程师）,香港科技大学(广州),1-2万,广州·南沙·东涌,广州,本科,经验不限,7月13日,zhilian,"岗位职责: Job Title: 研究助理（嵌入式开发工程师） Department: 智能泛在物联网理论与应用学科创新引智基地 111 Center for Theory and Application of Intelligent Ubiquitous Internet of Things(111AIoT), VPR, HKUST(GZ) 工作职责 1.负责公司产品或预研平台的嵌入式软件开发，包括传感器、控制系统、通信模块等相关功能开发; 2.基于STM32、ESP32等MCU平台，完成外设驱动、通信协议、控制逻辑及应用程序编写; 3.实现并维护传感器数据采集链路，包括SPI/2C/UART读取、ADC采样、数据滤波及信号预处理; 4.负责执行机构控制开发，包括伺服电机、步进电机、直流电机等驱动与调试，以及上下电时序、限位保护和异常处理逻辑; 5.实现并维护设备通信协议，包括CAN、RS485/RS232、UART、BLE/Wi-Fi等通信方式，并参与应用层协议制定; 6.配合算法、硬件及测试团队完成代码集成、板级调试、功能验证和问题定位; 7.编写并维护固件相关技术文档，包括接口定义、通信协议说明、固件烧录说明、参数配置说明等。 任职资格: 任职要求 1.电子工程、自动化、通信工程、计算机、软件工程等相关专业本科及以上学历; 2.熟练掌握C/C++语言，具备良好的嵌入式软件开发基础; 3.熟悉STM32、ESP32或其他常见MCU平台开发，了解FreeRTOS等实时操作系统者优先; 4.熟悉I2C、SPI、UART、CAN、RS485等常用外设接口及通信协议; 5.具备传感器采集、电机控制、通信协议开发或设备驱动开发经验; 6.熟练使用Keil、STM32CubelDE、ESP-IDF、IAR等至少一种嵌入式开发工具; 7.能够使用示波器、逻辑分析仪、万用表等工具进行基本调试和问题排查; 8.具备良好的代码规范意识、问题分析能力和团队协作能力。 加分项: 1.有机器人、康复设备、智能硬件、物联网设备或运动控制类产品开发经验; 2.熟悉CANopen、EtherCAT、Modbus等工业通信协议; 3.有低功耗设计、OTA升级、Bootloader、量产测试工具开发经验; 4.有产品从样机调试到量产交付经验者优先。 HKUST (GZ) is an equal opportunities employer and is committed to our core values of inclusiveness, diversity, and respect. 工作地点 南沙区香港科技大学广州(3号门) 以担保或任何理由索要财物，扣押证照，均涉嫌违法。一经发现， 立即举报","C++,STM32,传感器采集",http://www.zhaopin.com/jobdetail/CCL1296735660J40955193415.htm?refcode=4019&srccode=401901&preactionid=d1cd7086-516e-41ae-b403-a0e63776fa25
智能驾驶软件测试工程师,上海曾染科技有限公司,2-3.5万,上海·闵行·吴泾,广州,本科,3-5年,4月20日,zhilian,职位描述 SIL Autosar CANOE 自动化测试 编程语言 通信协议 工作职责 1、自动化测试工具链开发 精通Python/C++/Shell等编程语言，能独立设计并实现从测试用例生成、环境部署到结果分析的自动化流水线。 熟悉CI/CD工具链（如Jenkins、GitLab CI），支持模型训练、评测与部署的自动化闭环。 具备大数据处理能力，可搭建PB级测试数据管理平台。 2、SIL/HIL测试实施 熟练使用PreScan、VTD、CarMaker等场景仿真软件，实现传感器模型与算法闭环验证。 掌握基于CANoe/dSPACE/NI等平台的回灌测试技术，支持算法迭代与性能优化。 熟悉AUTOSAR、SOME/IP等通信协议，能处理多传感器（激光雷达/摄像头）的数据融合测试。 3、工程化与质量保障 熟悉ASPICE/CMMi开发流程，能制定测试规范并设计覆盖功能安全（ISO 26262）的用例。 具备场景库建设经验，可基于OpenDrive/OpenScenario标准构建复杂交通场景。 能力要求 1、本科及以上学历，计算机、车辆工程、电子工程或相关专业； 2、3年以上智能驾驶系统测试经验，熟悉L2+/L4级功能测试流程。 3、精通测试工具链：CANoe/CANape、dSPACE/NI HIL、驾驶机器人、VBOX等； 4、熟练使用仿真软件（CarMaker/PreScan/CarSim/VTD）及自动化脚本开发（Python/CAPL）； 5、熟悉车载通信协议（CAN/CANFD/LIN/ETH）及SOA架构。 6、出色的逻辑分析能力，能独立设计复杂场景测试用例 工作地点 上海闵行区元江路 以担保或任何理由索要财物，扣押证照，均涉嫌违法。一经发现， 立即举报,"SIL,Autosar,CANOE",http://www.zhaopin.com/jobdetail/CCL1314555310J40842797111.htm?refcode=4019&srccode=401901&preactionid=d1cd7086-516e-41ae-b403-a0e63776fa25
数据中心智能化工程师,中天宽带技术有限公司,1.5-2.5万,南通·如东·河口,广州,本科,3-5年,7月13日,zhilian,岗位职责 1.智能化系统方案设计 (1)负责数据中心新建、扩建项目智能化系统整体方案设计，涵盖智能监控系统（动力、环境、安防一体化监控）、自动化控制系统（设备联动控制、智能巡检机器人）、信息化管理系统（资产数字化、运维工单管理）、AI决策系统（能耗优化AI模型、故障预测算法）等核心模块的规划与技术选型； (2)结合项目需求（如GB 50174 A级/B级、Uptime Tier 3/Tier 4等级、智能化运维目标），输出智能化系统架构图、网络拓扑图、功能流程图、设备清单及技术参数书，确保方案符合相关标准与客户定制化需求。 2.技术方案优化与论证 (1)对智能化系统方案进行技术可行性、兼容性分析，优化系统架构（如边缘计算节点部署、云边协同架构）与设备选型（如AI视觉监控设备、高精度传感器、智能网关），在保障系统稳定性的同时，实现运维效率提升与成本控制； (2)组织方案评审会，协调电气、暖通、IT等专业团队解决跨专业技术冲突（如系统数据接口兼容、设备控制逻辑协同），通过仿真测试验证方案合理性，确保落地可行性。 3.项目技术支持 (1)配合项目投标阶段，输出智能化系统技术方案、功能演示方案、成本报价及投标应答文件，协助完成客户技术沟通与方案演示（如智能运维场景模拟、AI能耗优化效果展示）； (2)提供项目实施阶段的智能化技术交底，指导现场安装调试（如系统集成调试、数据接口对接），解决施工中的方案优化问题，参与竣工验收与系统性能测试（如功能完整性、响应速度达标验证）。 4.技术标准与文档管理 (1)制定数据中心智能化系统设计标准、技术规范及设备选型手册，更新行业最新技术（如数字孪生、物联网（IoT）、大语言模型（LLM）运维应用）的应用方案； (2)整理设计过程中的技术文档、测试报告，建立方案设计知识库，推动团队设计效率提升。 二、任职要求 1.基本要求 (1)学历专业：本科及以上学历，计算机科学与技术、自动化、电子信息工程、智能科学与技术等相关专业；具备良好的逻辑思维与系统架构设计能力； (3)证书要求：持有注册自动化系统工程师、计算机技术与软件专业技术资格、相关职称证书者优先。 2.工作经验 (1)5年及以上数据中心智能化系统方案设计经验，有GB 50174 A级、Tier 3及以上等级数据中心完整智能化设计项目经验者优先； (2)至少主导过3个以上数据中心新建/扩建项目的智能化方案设计，熟悉从方案初稿到落地验收的全流程技术管控（含系统集成调试、AI算法部署验证）。 3.专业技能： (1)熟练掌握数据中心智能化系统设计原理，能独立完成系统架构设计、数据流程规划、设备选型计算（如传感器覆盖密度测算、AI服务器算力匹配）； (2)精通AutoCAD、Visio（系统拓扑绘图）、BIM建模软件，会使用MATLAB（算法仿真）、Python（数据处理）等工具； (3)熟悉主流智能化设备（如智能传感器、边缘计算网关、巡检机器人）的技术参数与选型标准，了解数字孪生、IoT、AI等新技术的应用场景与设计要点； (4)深入理解国家《数据中心设计规范》（GB 50174）、《建筑电气与智能化通用规范》（GB 55024），以及Uptime Institute、TIA-942等国际标准； (5)了解数据中心“双碳”与智能化融合政策要求，掌握AI能耗优化、数字孪生运维等技术在智能化方案中的应用方法，有无人值守数据中心智能化设计经验者优先。 4.综合素质要求 (1)方案能力：具备较强的系统整合与创新能力，能结合高密度算力、多系统协同需求快速输出定制化方案，解决复杂智能化问题（如跨系统数据打通、AI算法落地适配）； (2)沟通表达：善于向客户、跨部门团队传递方案核心价值（如运维效率提升、人力成本节省），具备方案演示与技术交底能力； (3)学习迭代：密切关注数据中心智能化技术趋势（如生成式AI运维、泛在电力物联网融合），主动学习新技术、新规范，更新设计理念； (4)细节把控：对设计方案的技术准确性、兼容性严格把关，确保文档无错漏（如数据接口协议规范、设备控制逻辑），符合项目落地要求。 三、优先录用条件 (1)有阿里、腾讯、华为、字节跳动等大型互联网企业数据中心，或万国数据、世纪互联等第三方IDC企业智能化方案设计经验者； (2)主导设计的项目实现无人值守运维，或成功应用数字孪生、AI故障预测等新技术并落地者； (3)具备跨专业方案整合能力（如智能化+电气+暖通+IT），有数据中心整体智能化解决方案设计经验者； (4)有行业技术白皮书编写经验，或在专业期刊发表过智能化运维相关论文者。 工作地点 南通如东县中天宽带技术有限公司 以担保或任何理由索要财物，扣押证照，均涉嫌违法。一经发现， 立即举报,"楼宇自控系统,弱电设计",http://www.zhaopin.com/jobdetail/CC298094480J40822674014.htm?refcode=4019&srccode=401901&preactionid=d1cd7086-516e-41ae-b403-a0e63776fa25
物联网工程师,北京嘉禾云山筑宇建筑工程有限公司,8000-16000元,北京·平谷·兴谷,广州,本科,经验不限,6月5日,zhilian,职位描述 物联网 产业互联网平台 信息安全 工作职责 1. 负责建筑工程场景下物联网系统的方案设计与实施，包括传感器部署、数据采集与传输链路搭建。 2. 对接工程业务需求，开发物联网平台功能模块，实现设备状态监控、能耗管理等智能化应用。 3. 优化物联网系统的稳定性与数据安全性，解决工程现场复杂环境下的技术问题。 4. 与工程团队协作，推动物联网技术在施工管理、设备运维等场景的落地应用。 任职要求 1. 本科及以上学历，计算机、电子信息、自动化等相关专业。 2. 掌握物联网核心技术栈，包括传感器原理、通信协议（如LoRa、NB-IoT）及数据处理技术。 3. 具备物联网平台或系统开发经验，熟悉至少一种编程语言（如Python、Java）。 4. 有工程行业或工业物联网项目经验者优先，能理解工程场景的技术需求。 工作地点 平谷区万达广场(北京平谷店) 以担保或任何理由索要财物，扣押证照，均涉嫌违法。一经发现， 立即举报,"物联网,产业互联网平台,信息安全",http://www.zhaopin.com/jobdetail/CCL1514891250J40854386911.htm?refcode=4019&srccode=401901&preactionid=d1cd7086-516e-41ae-b403-a0e63776fa25
设备工程师【拉晶/硅片】,鄂尔多斯市晶澳太阳能科技有限公司,8000-15000元,曲靖·马龙区·通泉街道,广州,大专,3-5年,6月26日,zhilian,岗位职责： 一、 设备管理与维护 1. 日常运维： 负责生产线上电器设备、自动化设备、PLC控制系统、机器人、传感器等设备的日常点检、保养、维修与故障排除，确保设备稳定运行。 2. 预防性维护： 制定并执行设备的预防性维护计划，分析设备运行数据，预测潜在故障，降低非计划性停机时间。 3. 应急处理： 快速响应设备突发故障，组织抢修，分析根本原因，制定并实施纠正与预防措施。 4. 备件管理： 负责关键电器与电子元器件的备品备件管理，包括型号确认、采购申请、库存优化等。 二、 程序开发与调试 1. PLC编程与优化： 精通至少一种主流品牌（如西门子、三菱、欧姆龙等）的PLC编程，能进行程序设计、修改、下载、调试及优化，以提高设备效率与柔性。 2. 机器人编程： 对工业机器人进行示教、编程及轨迹优化，配合自动化产线完成复杂任务。 3. 解决现场出现的所有软硬件问题，确保系统功能完整、运行稳定、达到性能指标。 三、 项目支持与升级改造 1. 新设备引入： 参与新设备的选型、技术评估、安装、调试及验收工作，确保其符合电气安全和工艺要求。 2. 自动化改造： 主导或参与现有设备的自动化、智能化升级改造项目，包括但不限于电气、程序、系统集成等方面主导。 3. 产能与设备提升： 通过程序优化和设备改造，提升设备OEE、生产节拍和产品良率。 4. 技术文档编写： 编写和更新设备操作规程、点检表、电气图纸、程序备份及说明文档。 岗位要求： 1、大专及以上学历，机械制造、光伏工程、电气自动化等相关专业优先； 2、具备3年以上光伏行业切片设备工作经验。 3、硬技能： 电气知识： 扎实的电气工程基础，能阅读和设计电气原理图、接线图。 编程能力： 精通PLC编程，熟悉HMI/SCADA组态，了解机器人编程、机器视觉、C/C++/Python者更佳。 工具使用： 熟练使用万用表、示波器等电工仪表，以及相关品牌的编程软件。 识图与制图： 熟练使用AutoCAD或EPLAN等电气设计软件。 软技能： 解决问题能力： 强大的逻辑分析和故障排查能力。 学习能力： 能快速学习新技术、新设备。 沟通协作： 良好的团队协作精神，能与不同背景的同事有效沟通。 责任心与抗压能力： 对设备稳定负责，能适应生产紧急情况的压力。 工作地点 马龙区曲靖晶澳光伏科技有限公司 以担保或任何理由索要财物，扣押证照，均涉嫌违法。一经发现， 立即举报,"维修/保养,安装/调试",http://www.zhaopin.com/jobdetail/CCL1464718290J40852470614.htm?refcode=4019&srccode=401901&preactionid=d1cd7086-516e-41ae-b403-a0e63776fa25
自动化工程师,巨力索具股份有限公司,5000-10000元,保定·徐水·安肃,广州,本科,1-3年,5月29日,zhilian,岗位职责： 1、 负责自动化设备 / 生产线的方案设计、电气原理图绘制、电气元器件选型及 BOM 编制。 2、 完成 PLC 程序编写、HMI 界面组态、伺服 / 变频器调试及工业通讯配置。 3、 负责设备现场安装指导、接线检查、上电调试、故障排查及系统联调。 4、 参与项目技术交底，跟进项目进度，解决生产及调试过程中的技术问题，确保项目按期交付。 5、 编写调试报告、操作说明书、维护手册等技术文档，对现场操作人员进行培训。 6、 负责设备售后技术支持、故障诊断、程序优化及设备升级改造工作。 7、 配合机械、工艺、生产等部门，持续优化设备稳定性、生产效率与自动化水平。 8、遵守电气安全规范，执行设备安全回路设计与安全联锁要求。 任职条件： 1、 本科及以上学历，自动化、电气工程及其自动化、智能制造等相关专业。 2、 2 年及以上自动化工程相关工作经验，具备独立完成设备/生产线调试能力；优秀应届生可应聘。 3、熟练掌握至少一种主流 PLC 编程（西门子 / 三菱 / 欧姆龙 / 罗克韦尔等），熟悉梯形图、功能块、结构化文本编程。 4、 熟悉 HMI 组态、变频器、伺服系统、气动液压控制及常用传感器应用。 5、 能使用软件绘制电气图纸，看懂气动、液压原理图。 6、 熟悉工业现场总线通讯，具备现场问题排查、动手能力强，能接受必要出差。 7、 工作严谨负责，具备良好的沟通协调能力、执行力和团队合作意识。 8、有非标自动化、生产线改造、机器人集成、视觉系统项目经验者优先。 工作地点 保定徐水区巨力索具股份有限公司 以担保或任何理由索要财物，扣押证照，均涉嫌违法。一经发现， 立即举报,"电气机械/电力设备,工业自动化/机器人",http://www.zhaopin.com/jobdetail/CCL1227329180J40840638501.htm?refcode=4019&srccode=401901&preactionid=d1cd7086-516e-41ae-b403-a0e63776fa25
算法工程师(国企）,福州迅腾信息技术有限公司,8000-15000元·14薪,福州·台江·鳌峰,广州,本科,1年以下,7月21日,zhilian,职位描述 深度学习 PyTorch Transformer 机器学习 图像算法 机器视觉 TensorFlow Python Java Docker RTSP 人工智能 工作职责： ① 全栈软件开发：参与项目需求分析、技术选型和代码评审；负责智能化集成项目的前后端应用系统开发；设计和实现高可用、可扩展的系统架构； ② AI算法开发：负责视频分析算法开发与维护，包括目标检测、行为识别、异常事件检测等；优化算法性能，满足实时性要求；跟踪前沿 AI 技术，推动算法落地应用； ③ 项目交付与支持：配合项目团队完成系统部署和调试；提供技术支持和问题排查。 任职资格： ① 本科及以上学历，电子、自动化及计算机相关专业，2年以上开发经验； ② 精通 java开发，熟练使用 Spring、Spring Boot 等主流后端开发框架，具备独立后端接口开发能力； ③ 精通 Python 开发，熟悉 OpenCV、PyTorch/TensorFlow 等常用 AI / 机器学习库，有算法工程化经验优先； ④ 熟悉视频编解码原理（H.264/H.265）、掌握 RTSP/RTMP/ONVIF 等视频协议、有视频分析算法开发经验（目标检测、跟踪、识别等） ⑤ 熟悉视频采集设备（摄像头、编码器）的对接和调试，了解常见数据采集传感器（温湿度、红外、门禁等）； ⑥ 熟悉 Linux 开发环境，熟悉 Docker 容器化部署、服务编排与运维基础； ⑦ 具备良好的沟通表达、逻辑思维与团队协作能力，学习能力强，对 AI 与智能化技术有持续热情，能主动跟踪行业技术前沿。 职位福利：五险一金、补充医疗保险、企业年金、员工团体险、定期体检、节日福利、带薪年假、雇主责任险 职位亮点：国企、八险两金、带薪年假、定期体检、福利 简历投递方式：福建港口科技集团招聘网站（https://fjptg.zhiye.com/） 工作地点 台江区福建港口集团大厦福州迅腾信息技术有限公司5-6楼 以担保或任何理由索要财物，扣押证照，均涉嫌违法。一经发现， 立即举报,"深度学习,PyTorch,Transformer,机器学习,图像算法,机器视觉,TensorFlow,Python,Java,Docker,RTSP",http://www.zhaopin.com/jobdetail/CC700497020J40843912501.htm?refcode=4019&srccode=401901&preactionid=d1cd7086-516e-41ae-b403-a0e63776fa25
嵌入式开发工程师,合肥恺恩人工智能医疗科技有限公司,9000-15000元,合肥·蜀山·新产业园,广州,本科,1-3年,5月19日,zhilian,职位描述 人工智能 计算机硬件 医疗设备/器械/耗材 1.- 参与智慧手杖产品定义，理解跌倒检测、GPS定位、SOS求救、心率/血压监测、语音播报、蓝牙/WiFi通信、低功耗续航等核心功能 - 设计嵌入式软硬件架构，选型MCU、传感器（加速度计、陀螺仪、心率、GPS）、通信模块、电池管理系统 - 制定低功耗、高可靠性、高实时性的技术方案 2. 嵌入式软件开发 - 基于 ARM Cortex-M（STM32/NXP/TI） 开发固件，精通C语言 - 开发驱动：UART/I2C/SPI/ADC、GPS/蓝牙/WiFi、传感器、按键、蜂鸣器、显示屏、充电管理 - 移植/适配 FreeRTOS/RT-Thread 等RTOS，实现多任务、中断、低功耗调度 - 实现算法：跌倒检测、计步、心率/血压处理、GPS定位解析 - 开发通信协议：SOS上报、APP蓝牙数据交互、MQTT/云端对接 - 编写Bootloader、OTA升级、数据存储（Flash/EEPROM） 3. 调试、测试与优化 - 软硬件联调，用示波器、逻辑分析仪、J-Link定位问题 - 单元/集成/系统测试，保障稳定、抗干扰、低误报（尤其跌倒检测） - 深度低功耗优化（毫秒级待机、唤醒机制），延长电池续航 - 内存/CPU/Flash资源优化，适配资源受限环境 4. 文档与量产支持 - 编写设计文档、驱动手册、测试报告、版本说明 - 对接测试/生产，解决量产问题，提供烧录/测试方案 - 产品维护、bug修复、功能迭代 二、任职要求 1. 基本条件 - 本科及以上，电子/自动化/计算机/物联网相关专业 - 2～5年嵌入式开发经验；智能穿戴/健康医疗/老年辅具优先 2. 技术硬能力 - 语言：精通C，熟悉C++；懂汇编更佳 - MCU：熟练STM32（或同级别ARM Cortex-M），熟悉寄存器、外设、中断 - RTOS：FreeRTOS/RT-Thread/uC/OS至少一种，任务/IPC/内存/低功耗 - 驱动：UART/I2C/SPI/ADC/PWM/GPIO；熟悉传感器（IMU/心率/GPS）、蓝牙BLE、WiFi、充电管理 - 协议：蓝牙（BLE）、MQTT、HTTP、NMEA（GPS）、常见无线通信 - 工具：Keil/IAR/STM32CubeIDE、Git、示波器、逻辑分析仪、J-Link - 硬件：能读原理图、懂数电/模电、基础硬件调试 3. 专项加分（智慧手杖方向） - 有跌倒检测算法开发/移植/优化经验 - 智能穿戴/医疗设备低功耗设计经验（μA级功耗优化） - 蓝牙BLE（BLE 4.0/5.0）与手机APP对接经验 - 具备ISO 13485（医疗）、功能安全、EMC/EMI意识 - 量产、DFM、生产测试方案经验 工作地点 合肥蜀山区国际电子商务产业园四期-D栋1301室 以担保或任何理由索要财物，扣押证照，均涉嫌违法。一经发现， 立即举报,"人工智能,医疗设备/器械/耗材",http://www.zhaopin.com/jobdetail/CCL1516864900J40791469216.htm?refcode=4019&srccode=401901&preactionid=d1cd7086-516e-41ae-b403-a0e63776fa25
嵌入式系统工程师,云南淼汇能源科技有限公司,1-1.4万,昆明·呈贡·马金铺,广州,本科,3-5年,7月25日,zhilian,岗位职责 1.硬件开发 主导电机驱动、电源管理、传感器接口等电路的原理图设计与PCB Layout； 完成关键元器件选型（MCU、减速电机、驱动芯片、连接器等），平衡性能、成本与供应链； 设计EMC/安规防护电路，确保产品满足GB 4706.1等家用电器安全标准； 输出生产文件（Gerber、BOM、测试规范），支持小批量试产与量产导入。 2.嵌入式软件开发 基于 STM32/ESP32 等平台，开发电机控制逻辑（PWM调速、正反转、软启停）； 实现多传感器融合（限位开关、电流检测、急停按钮）的安全保护机制； 编写高可靠性代码，支持故障诊断、日志记录、OTA升级（未来）； 优化低功耗与实时响应性能，提升用户体验。 3.系统集成与验证 主导软硬件联调，解决电机抖动、通信干扰、电源噪声等实际问题； 搭建自动化测试环境，验证产品在极端工况下的稳定性； 配合结构/工业设计团队，优化线缆布局与散热方案； 支持第三方安规认证（如CMA质检）的技术对接。 任职要求： 本科及以上学历，电子、自动化、计算机、机电等相关专业； 3年以上智能硬件/机器人/家电类产品开发经验； 精通 STM32 系列 MCU 的开发（HAL/LL库），熟练使用 Keil/IAR； 能独立完成 4层以下 PCB 设计（Altium Designer 或嘉立创EDA）； 熟悉直流电机（有刷/无刷）、H桥驱动（如TB6612、VNH2SP30）控制原理； 具备基础安规知识，了解 GB 4706.1、IEC 60335 等标准优先； 有成功将产品从0到1量产的经验。 有养老、医疗、康复类硬件开发背景； 熟悉 FreeRTOS / RT-Thread 实时操作系统； 掌握基础机械知识，能看懂2D/3D图纸； 有EMC整改或安规认证实战经验； GitHub 有完整开源项目（含硬件+代码）。 工作地点 昆明市-呈贡区-梁峰路与杏果路303号 以担保或任何理由索要财物，扣押证照，均涉嫌违法。一经发现， 立即举报,"32位单片机,ARM处理器,C语言,嵌入式",http://www.zhaopin.com/jobdetail/CCL1420856640J40950138208.htm?refcode=4019&srccode=401901&preactionid=d1cd7086-516e-41ae-b403-a0e63776fa25
工业软件产品经理,沈阳德泰智能科技有限公司,4000-7000元,沈阳·沈河·皇城,广州,本科,1-3年,11月8日,zhilian,职位描述 AR眼镜 MR眼镜 虚拟现实 混合现实 人工智能 工业自动化/机器人 1、协调开发AR眼镜软件，参与和组织测试工作； 2、用户需求沟通，关注产品的用户需求并进行分析，持续完善和更新迭代优化产品功能. 其他要求： 1、智能硬件/ARVR/计算机视觉领域产品经验，有AR眼镜软件（如操作系统、系统应用、SDK）成功案例者优先。 2、了解嵌入式开发、Unity/Unreal引擎、传感器融合者加分，熟悉unity3D引擎 ar眼镜插件开发和二次开发技术者优先 3、有计算机、光学、人机交互（HCI）相关专业背景，熟悉mrtk空间定位和slam 视觉算法优先。 工作地点 沈阳沈河区朝阳街66号118栋 以担保或任何理由索要财物，扣押证照，均涉嫌违法。一经发现， 立即举报,"AR眼镜,MR眼镜,虚拟现实,混合现实,人工智能,工业自动化/机器人",http://www.zhaopin.com/jobdetail/CCL1482486490J40658077006.htm?refcode=4019&srccode=401901&preactionid=d1cd7086-516e-41ae-b403-a0e63776fa25
高级硬件工程师（智能监测方向）,河南众擎科技有限公司,1.5-3万,郑州·中原·石佛,广州,本科,经验不限,7月15日,zhilian,岗位职责 · 负责铁路智能监测设备、传感采集设备的硬件整体方案设计、原理图设计、PCB布局规划，主导产品硬件从立项、研发、调试到量产的全流程工作，保障产品性能稳定、可靠性达标、成本最优。 · 负责智能监测系统核心硬件选型，包含主控芯片、传感器、信号采集模块、通信模块、电源模块等关键器件的选型、参数验证、兼容性测试，搭建高精度、高稳定性的信号采集与监测硬件架构。 · 主导硬件样机调试、功能测试、性能优化，独立解决研发过程中信号干扰、数据采集误差、电源稳定性、温漂、抗干扰、高低温工作异常等硬件核心问题，输出完善的整改方案并落地验证。 · 负责硬件相关技术文档编制，包括硬件设计方案、原理图、PCB图纸、BOM清单、测试报告、可靠性验证报告、量产规范等，确保技术资料完整规范，满足量产及技术迭代需求。 · 跟进产品可靠性测试、安规测试、高低温测试、振动测试等各类验证试验，针对测试问题优化硬件电路、结构及器件方案，提升智能监测设备的户外、工业复杂场景适配能力。 · 配合软件、算法、结构团队开展协同研发，对接生产、质检、供应链部门，解决试产、量产过程中的硬件工艺问题，优化生产流程，降低产品不良率，保障产品顺利量产交付。 · 跟踪智能监测行业硬件新技术、新器件、新方案，结合公司产品需求完成技术预研、方案迭代、产品升级，持续提升产品监测精度、稳定性、续航能力及智能化水平。 二、任职要求 · 第一学历为211、985本科学历，仪器仪表、电子信息、电气工程、自动化、微电子等相关专业，5年及以上智能硬件、仪器仪表、智能监测终端硬件研发经验，有工业监测、环境监测、设备状态监测、物联网监测设备研发经验者优先。 · 精通硬件电路设计，熟练使用Altium Designer、Cadence、PADS等主流PCB设计软件，可独立完成多层板、高速信号、模拟信号采集电路的原理图绘制与PCB布局布线。 · 扎实的模拟、数字电路功底，精通高精度信号采集、滤波放大、AD/DA转换、电源电路、隔离电路设计，熟悉传感器信号调理、微弱信号采集、抗干扰设计，可独立解决各类硬件性能问题。 · 熟悉主流MCU、ARM、STM32、FPGA等硬件平台，掌握4G/5G、LoRa、WiFi、蓝牙、RS485、CAN等常用通信接口硬件设计，熟练掌握各类监测传感器（温湿度、振动、压力、液位、电气参数等）硬件适配方案。 · 熟悉电子产品量产工艺、EMC电磁兼容、安规标准及高低温、防水、防尘等工业级可靠性设计要求，具备丰富的硬件可靠性优化、问题排查、量产落地经验。 · 具备完整的智能监测硬件项目独立开发经验，能够独立主导项目方案设计、技术攻关、问题复盘，具备较强的技术研判能力和项目推进能力。 · 工作严谨负责，具备良好的沟通协调能力和团队协作意识，抗压能力强，具备优秀的问题分析与技术攻坚能力，有带队研发经验者优先。 三、薪资待遇 · 薪资：15000-30000元/月 · 薪酬结构：底薪+项目奖金+季度经营绩效+年终分红+技术专项奖励。 · 福利保障：五险一金、带薪年假、法定节假日、节日福利贴。 四、岗位优势 · 核心技术岗位，主导公司智能监测核心产品研发，参与前沿技术迭代，核心话语权高，成长空间极大； · 项目资源优质，聚焦铁路智能监测、物联网智能感知赛道，市场前景广阔，项目稳定可持续，无无效研发工作； · 晋升机制透明公正，重视技术人才，核心技术人员可参与项目分红、股权激励，能力与薪资高度匹配。 工作地点 郑州中原区国家863中部软件园-11号楼8楼8019 以担保或任何理由索要财物，扣押证照，均涉嫌违法。一经发现， 立即举报,"专用设备制造,轨道交通制造",http://www.zhaopin.com/jobdetail/CC609962530J40875041610.htm?refcode=4019&srccode=401901&preactionid=d1cd7086-516e-41ae-b403-a0e63776fa25
安装工程师（智慧农业方向）,七芯瓢虫(南通)智慧农业科技中心(有限合伙),6000-8000元,南通·海安,广州,大专,1-3年,7月12日,zhilian,岗位职责 1. 智能硬件与设备安装： 负责智慧农业项目现场的实地勘测，制定设备安装点位方案。 主导各类物联网传感器的安装：包括土壤墒情、气象站、光照/二氧化碳浓度、水肥一体化滴灌/喷灌管道及末端的物理安装与信号线接入。 负责智能温室/畜舍的机电设备安装：如卷帘/卷膜电机、风机湿帘、补光灯、智能饲喂/清粪设备、巡检机器人轨道的架设。 2. 系统集成与联调： 配合软件工程师进行硬件通电测试、通讯信号调试（如LoRa、Wi-Fi、RS485总线、4G/5G DTU配置）。 完成水肥一体化自动灌溉系统的首部枢纽（水泵、过滤、施肥机）组装、压力调试及联动试运行。 处理安装现场的强弱电布线，包含设备取电、防水防雷接地及控制柜组装接线。 3. 交付与售后运维： 对客户进行基础操作培训，讲解设备手动/自动切换及日常维保注意事项。 排查并解决设备运行故障（如传感器掉线、阀门卡死、网络中断），建立设备安装档案与运维台账。 协助项目经理进行外包安装劳务团队的技术交底、质量验收与现场安全文明施工管理。 二、 任职要求 1. 专业与学历： 机电一体化、电气自动化、农业水利工程、设施农业科学与工程等相关专业，大专及以上学历。 2. 经验与技能： 工作经验： 2年以上机电安装或弱电智能化施工经验；有温室大棚、水肥一体化、养殖环控设备安装经验者优先，无农业背景但有电工/PLC调试基础亦可培养。 必须技能： 硬核动手能力： 熟悉PVC/PPR/PE管道热熔连接、镀锌管套丝，会使用万用表、寻线仪、网线钳，能独立排查简单电路故障。 识图与工具： 能看懂电气原理图、设备安装图、灌溉管网图；持有低压电工证（必须），持有C1驾驶证且能熟练驾驶（因需跑基地现场）。 软件能力： 能使用CAD查看图纸位置，具备基础的网络知识（会设置路由器、交换机及分配IP）。 加分项： 了解PLC控制柜接线（西门子/台达）、了解Modbus通讯协议或接触过农业物联网云平台。 3. 职业素养： 不怕吃苦： 项目地多在郊区/农田，需长期户外作业，能适应长期出差或驻场。 条理清晰： 农业场景传感器及走线复杂，要求布线美观规范、防鼠咬防老化处理细致，有精品工程意识。 沟通耐心： 需要与农户或农场管理者打交道，能将复杂的电气操作转化成简单的使用教学。 工作地点 南通市-海安市-镇南路428号 以担保或任何理由索要财物，扣押证照，均涉嫌违法。一经发现， 立即举报,CAD,http://www.zhaopin.com/jobdetail/CCL1525763100J40907155403.htm?refcode=4019&srccode=401901&preactionid=d1cd7086-516e-41ae-b403-a0e63776fa25
数据工程师,新疆大道实业投资有限公司,8000-10000元,乌鲁木齐·乌鲁木齐县·萨尔达坂乡,北京,本科,经验不限,,zhilian,,"数据治理,数据架构,数据建模,C++",http://www.zhaopin.com/jobdetail/CCL1224919580J40868281407.htm?refcode=4019&srccode=401901&preactionid=fb7f8b44-b7a4-4dd3-adda-d57afe1431f7
运维工程师,西藏云之巅建筑工程有限公司,6000-12000元,林芝·米林市·派镇,北京,学历不限,1-3年,,zhilian,,"网络运维,数据库运维,系统运维",http://www.zhaopin.com/jobdetail/CCL1462146900J41006253502.htm?refcode=4019&srccode=401901&preactionid=fb7f8b44-b7a4-4dd3-adda-d57afe1431f7
智能爬行小车硬件工程师,廊坊市新思维科技有限公司,8000-12000元,北京·朝阳,北京,本科,经验不限,,zhilian,,自动化控制,http://www.zhaopin.com/jobdetail/CC316607310J40959017015.htm?refcode=4019&srccode=401901&preactionid=fb7f8b44-b7a4-4dd3-adda-d57afe1431f7
网络工程师,湖北晟皓新材料有限公司,8000-12000元,宜昌·枝江市·白洋镇,北京,本科,1-3年,,zhilian,,网络安全,http://www.zhaopin.com/jobdetail/CCL1491646680J40828984214.htm?refcode=4019&srccode=401901&preactionid=fb7f8b44-b7a4-4dd3-adda-d57afe1431f7
安装调试工程师,凯麒斯智能装备有限公司,4000-8000元,宿迁·泗阳县·众兴街道,北京,大专,经验不限,,zhilian,,自动化产线调试,http://www.zhaopin.com/jobdetail/CC559054880J40397441214.htm?refcode=4019&srccode=401901&preactionid=fb7f8b44-b7a4-4dd3-adda-d57afe1431f7
智能驾驶测试工程师,河南富鸿人力资源有限公司,8000-12000元,郑州·金水·祭城路,北京,大专,经验不限,,zhilian,,"ADAS开发,智能驾驶系统测试,功能安全标准,自动化测试工具应用",http://www.zhaopin.com/jobdetail/CCL1335721720J40877683509.htm?refcode=4019&srccode=401901&preactionid=fb7f8b44-b7a4-4dd3-adda-d57afe1431f7
服务机器人装配与维护教师,保定市科技中等专业学校,5000-7000元,保定·莲池·南大园,北京,本科,经验不限,,zhilian,,"中职教育,线下授课,全职",http://www.zhaopin.com/jobdetail/CC621149880J40899943913.htm?refcode=4019&srccode=401901&preactionid=fb7f8b44-b7a4-4dd3-adda-d57afe1431f7
招聘自动化维护技术员生产管理,四川来才快科技有限公司,7000-8000元,泸州·龙马潭区·罗汉街道,北京,学历不限,经验不限,,zhilian,,"设备操作,维修/保养,生产管理,PLC编程,设备运维管理,生产现场协调",http://www.zhaopin.com/jobdetail/CCL1503850190J40878321910.htm?refcode=4019&srccode=401901&preactionid=fb7f8b44-b7a4-4dd3-adda-d57afe1431f7
自动驾驶车辆端软件系统工程师/车载基础软件工程师-环卫机器人科创（北控城市资源）,北控城市环境服务集团有限公司,1.5-3万,深圳·坪山·龙田,北京,本科,3-5年,,zhilian,,"C++,车载诊断",http://www.zhaopin.com/jobdetail/CC302209580J40868514901.htm?refcode=4019&srccode=401901&preactionid=fb7f8b44-b7a4-4dd3-adda-d57afe1431f7
AI应用与开发工程师,上海如乐建筑科技有限公司,7000-10000元·13薪,上海·嘉定·马陆,北京,本科,1-3年,,zhilian,,"语音识别,图像算法,强化学习",http://www.zhaopin.com/jobdetail/CC382456680J40930490308.htm?refcode=4019&srccode=401901&preactionid=fb7f8b44-b7a4-4dd3-adda-d57afe1431f7
智能化工程师,远东控股集团,1.5-2.5万,无锡·宜兴·高塍,北京,本科,经验不限,,zhilian,,工业数据分析,http://www.zhaopin.com/jobdetail/CC139393940J40736286101.htm?refcode=4019&srccode=401901&preactionid=fb7f8b44-b7a4-4dd3-adda-d57afe1431f7
具身智能讲师,山西转型综改示范区晋中开发区信思智学职业技能培训学校有限公司,7000-12000元,晋中·榆次区·晋中经济开发区,北京,大专,3-5年,,zhilian,,"课程策划,课程教授,机器学习,机器人算法,C,语音算法,深度学习,树莓派应用,ROS",http://www.zhaopin.com/jobdetail/CCL1526430010J40878617414.htm?refcode=4019&srccode=401901&preactionid=7d8e7403-dd90-4298-ae6b-db77eacbaa1f
自动驾驶测试工程师,西藏丰裕科技有限公司日喀则分部,1000元以下,日喀则·桑珠孜区·江当乡,北京,学历不限,经验不限,,zhilian,,"Python,Java,ADAS开发,农业自动驾驶测试,自动化测试框架搭建,测试标准制定",http://www.zhaopin.com/jobdetail/CCL1490940780J40924059812.htm?refcode=4019&srccode=401901&preactionid=7d8e7403-dd90-4298-ae6b-db77eacbaa1f
智控系统,四川挽星企业管理咨询有限公司,3-6万,上海·青浦·徐泾,北京,硕士,5-10年,,zhilian,,"AI控制,智能控制",http://www.zhaopin.com/jobdetail/CCL1457853100J40899242613.htm?refcode=4019&srccode=401901&preactionid=7d8e7403-dd90-4298-ae6b-db77eacbaa1f
工业物联网工程师,巨腾(内江)资讯配件有限公司,5000-8000元,内江·市中区·交通镇,北京,大专,1-3年,,zhilian,,"安装/调试,SCADA系统,非标设备,工业物联网改造,工业协议适配,工业数据采集",http://www.zhaopin.com/jobdetail/CC421849920J40639012409.htm?refcode=4019&srccode=401901&preactionid=7d8e7403-dd90-4298-ae6b-db77eacbaa1f
自动驾驶系统工程师,湖南致鲲智能科技有限公司,6000-12000元,长沙·岳麓·麓谷,北京,本科,1-3年,,zhilian,,"ROS,C++,Python,视觉图像算法,深度学习算法,运动控制算法,机器学习算法,ADAS开发",http://www.zhaopin.com/jobdetail/CCL1479187200J40869951403.htm?refcode=4019&srccode=401901&preactionid=7d8e7403-dd90-4298-ae6b-db77eacbaa1f
自动化工程师,随州泰华电子科技有限公司,7000-10000元,随州·曾都区,北京,大专,3-5年,,zhilian,,"电气设备,非标设备,PLC",http://www.zhaopin.com/jobdetail/CC254313680J40857818209.htm?refcode=4019&srccode=401901&preactionid=84422149-c268-4223-a5c0-8019fe412727
具身智能系统优化研究实习生,远行光年科技(深圳)有限公司,1-2万,深圳·南山·桃源,北京,本科,经验不限,,zhilian,,"运动控制算法,机器人算法",http://www.zhaopin.com/jobdetail/CCL1514700650J40925363912.htm?refcode=4019&srccode=401901&preactionid=84422149-c268-4223-a5c0-8019fe412727
大模型应用工程师（江西吉水上班）,景旺电子,7000-10000元,吉安·吉水县·金滩镇,北京,本科,经验不限,,zhilian,,搜索/推荐算法,http://www.zhaopin.com/jobdetail/CC612273720J40867218201.htm?refcode=4019&srccode=401901&preactionid=84422149-c268-4223-a5c0-8019fe412727
具身智能架构师,信泰（福建）科技有限公司,3-5万,泉州·晋江市·永和镇,北京,本科,3-5年,,zhilian,,"ROS2,ISAAC SIM,人形机器人算法",http://www.zhaopin.com/jobdetail/CC505759420J40958315615.htm?refcode=4019&srccode=401901&preactionid=84422149-c268-4223-a5c0-8019fe412727
电子传感器销售,陕西至臻慧感科技有限公司,1-2万,咸阳·秦都区·钓台街道,北京,学历不限,经验不限,,zhilian,,"代理商/经销商,招商加盟",http://www.zhaopin.com/jobdetail/CCL1500959590J40959386915.htm?refcode=4019&srccode=401901&preactionid=84422149-c268-4223-a5c0-8019fe412727
机器人助理工程师（2026届-应届生校招岗位）,摩西智能工业股份有限公司,4000-8000元,重庆·两江新区,北京,大专,经验不限,,zhilian,,"机器人设计,机器人调试,ABB,发那科,安川,SolidWorks,AutoCAD,非标自动化,标准自动化,应届毕业生",http://www.zhaopin.com/jobdetail/CC671288420J40953241308.htm?refcode=4019&srccode=401901&preactionid=84422149-c268-4223-a5c0-8019fe412727
智能驾驶现场技术支持-FAE,科锐尔人力资源服务(苏州)有限公司,1.1-1.5万,宁波·慈溪·浒山,北京,大专,1-3年,,zhilian,,"自动驾驶-技术支持,智能驾驶-技术支持,传感器标定,ADAS问题分析,功能匹配,执行器的联调",http://www.zhaopin.com/jobdetail/CC453635220J40899069803.htm?refcode=4019&srccode=401901&preactionid=84422149-c268-4223-a5c0-8019fe412727
自动驾驶系统工程师,山东星科智能科技股份有限公司,6000-10000元,济南·历下·智远,北京,本科,经验不限,,zhilian,,"Python,Java,C++,视觉图像算法,PyTorch,Carsim,数据库开发,数据分析",http://www.zhaopin.com/jobdetail/CC120759150J40859236707.htm?refcode=4019&srccode=401901&preactionid=f8ce2c5a-e25a-4096-be58-53d0fbbcafc7
产品技术专员,宁夏英杰达信息产业有限公司,5000-8000元,银川·金凤区·丰登镇,北京,本科,1-3年,,zhilian,,"硬件产品,软件产品",http://www.zhaopin.com/jobdetail/CC522793420J40869434109.htm?refcode=4019&srccode=401901&preactionid=f8ce2c5a-e25a-4096-be58-53d0fbbcafc7
机器人导航与具身智能算法工程师,北京万易信息技术有限公司,1.3-1.8万·13薪,长春·朝阳·硅谷,北京,本科,3-5年,,zhilian,,"机器人算法,运动控制算法,导航算法",http://www.zhaopin.com/jobdetail/CC303586310J41006149902.htm?refcode=4019&srccode=401901&preactionid=f8ce2c5a-e25a-4096-be58-53d0fbbcafc7
技术工程师电子工程通信工程,北京合众盛业科贸有限公司,6000-12000元,北京·西城·广安门内,北京,大专,经验不限,,zhilian,,"气象站开发,传感器开发,系统集成,电子工程,通信工程,电路,研发",http://www.zhaopin.com/jobdetail/CC544872620J40954443808.htm?refcode=4019&srccode=401901&preactionid=f8ce2c5a-e25a-4096-be58-53d0fbbcafc7
机器人工程师,烟台万华物业管理有限公司,6000-10000元,烟台·福山·古现,北京,本科,经验不限,,zhilian,,"机器人集成,机器人维保,物业场景机器人部署,机器人系统接口开发,ROS框架应用",http://www.zhaopin.com/jobdetail/CC543897780J40878189909.htm?refcode=4019&srccode=401901&preactionid=f8ce2c5a-e25a-4096-be58-53d0fbbcafc7
弱电技术工程师（智能家居+家庭娱乐方向）,上海森笛电子科技有限公司,8000-12000元,上海·长宁·新泾,北京,大专,1-3年,,zhilian,,"弱电施工,智能家居,音视频",http://www.zhaopin.com/jobdetail/CC536371720J40903311703.htm?refcode=4019&srccode=401901&preactionid=f8ce2c5a-e25a-4096-be58-53d0fbbcafc7
智能化工程师,中铁工程装备集团隧道设备制造有限公司,1-2万,郑州·中牟,北京,本科,3-5年,,zhilian,,"Python,Java,Golang,云计算开发",http://www.zhaopin.com/jobdetail/CC675917720J40854992313.htm?refcode=4019&srccode=401901&preactionid=f8ce2c5a-e25a-4096-be58-53d0fbbcafc7
人形机器人训练师,贵州微链科技有限公司,5000-8000元,贵阳·云岩,北京,学历不限,经验不限,,zhilian,,具生机器人采集,http://www.zhaopin.com/jobdetail/CCL1258108260J40924192212.htm?refcode=4019&srccode=401901&preactionid=1b428ebb-20b2-441c-a12d-54c8f07ae480
整车功能验证数采员,上海典萨汽车技术服务有限公司,8000-11000元,宁波·慈溪·庵东,北京,大专,3-5年,,zhilian,,"新能源车,整车功能测试,汽车研发试验",http://www.zhaopin.com/jobdetail/CCL1433696580J40733611616.htm?refcode=4019&srccode=401901&preactionid=1b428ebb-20b2-441c-a12d-54c8f07ae480
算法实习生,上海金亥数智科技有限公司,9000-10000元,上海·徐汇·龙华,北京,本科,经验不限,,zhilian,,"PyTorch,TensorFlow,Python,C++,算法研究,机器学习",http://www.zhaopin.com/jobdetail/CC318700230J40918977112.htm?refcode=4019&srccode=401901&preactionid=1b428ebb-20b2-441c-a12d-54c8f07ae480
IT经理,江苏元智能源科技有限公司,8000-16000元,无锡·滨湖·太湖,北京,本科,1-3年,,zhilian,,"Java,C++",http://www.zhaopin.com/jobdetail/CCL1503515660J40842420311.htm?refcode=4019&srccode=401901&preactionid=1b428ebb-20b2-441c-a12d-54c8f07ae480
AGV售前工程师,广州市泰索斯人才顾问(集团)有限公司,7000-13000元,佛山·顺德·北滘,北京,大专,1-3年,,zhilian,,"海康威视智能硬件,SLAM导航,调度系统,传感器融合",http://www.zhaopin.com/jobdetail/CCL1269670590J40759742206.htm?refcode=4019&srccode=401901&preactionid=1b428ebb-20b2-441c-a12d-54c8f07ae480
AI智能体架构师,苏州嘉诺创新科技股份有限公司,2.5-3.5万,苏州·吴江·松陵,上海,本科,5-10年,,zhilian,,"云计算架构,分选,矿业,食品分选,视觉识别,智驾",http://www.zhaopin.com/jobdetail/CC492649730J40837167409.htm?refcode=4019&srccode=401901&preactionid=87d2223e-1903-40c2-9dcb-ebe659d7029c
嵌入式开发工程师,成都夏航科技有限公司,8000-16000元,成都·龙泉驿·龙泉,广州,本科,3-5年,,zhilian,,"电路设计,UART,嵌入式硬件开发,ARM处理器,单片机,DSP",http://www.zhaopin.com/jobdetail/CCL1432125250J40820217813.htm?refcode=4019&srccode=401901&preactionid=6135f40f-aa0a-46fb-aedc-ebc3e66a69b0
自动化控制与应用,陕西坤尚源环保再生资源利用科技有限公司,6000-8000元,渭南·大荔县·官池镇,广州,本科,1-3年,,zhilian,,"设计,SCADA系统,电气设备,PLC编程,生产线自动化改造,生产数据监控分析",http://www.zhaopin.com/jobdetail/CCL1490179390J40890506003.htm?refcode=4019&srccode=401901&preactionid=77a4e3ce-8e79-46c6-8a84-7e247950c9dc
电气工程师（含单片机开发）【福安甘棠】,宁德劲之龙动力有限公司,7000-10000元,宁德·福安市·甘棠镇,广州,大专,3-5年,,zhilian,,"安装/调试,维修/保养,测试,控制柜,变频器,单片机系统,编程开发",http://www.zhaopin.com/jobdetail/CCL1518590040J40860427514.htm?refcode=4019&srccode=401901&preactionid=77a4e3ce-8e79-46c6-8a84-7e247950c9dc
机器人算法工程师,西安铁蜗牛自动化设备有限公司,8000-15000元,西安·蓝田·华胥,广州,本科,经验不限,,zhilian,,"视觉图像算法,视频算法,导航算法,语音处理,语音信号处理,ASR,TTS",http://www.zhaopin.com/jobdetail/CCL1363702440J40767393906.htm?refcode=4019&srccode=401901&preactionid=7f3b0917-c7ee-4271-9676-8d10b08d44c1
华工激光·3C电子事业部售后工程师,湖北烟雨行人力资源有限公司,8000-10000元·13薪,武汉·洪山·左岭,广州,大专,经验不限,,zhilian,,"电气设备,机械设备,自动化设备,非标自动化设备",http://www.zhaopin.com/jobdetail/CCL1337284870J40999283304.htm?refcode=4019&srccode=401901&preactionid=0113ce1a-f200-4c5b-91de-d3a4ada107d7
调试组装工程师,宁波新今成智能设备有限公司,8000-10000元,绍兴·诸暨市·安华镇,广州,大专,5-10年,,zhilian,,"安装/调试,工艺改良,传感器,电气系统调试,PLC程序验证,设备装配",http://www.zhaopin.com/jobdetail/CCL1520596920J41025631604.htm?refcode=4019&srccode=401901&preactionid=0113ce1a-f200-4c5b-91de-d3a4ada107d7
物联网工程师,山东中道消防设备有限公司,7000-10000元,潍坊·昌乐·朱刘,广州,本科,3-5年,,zhilian,,"Spring,MySQL,JavaScript",http://www.zhaopin.com/jobdetail/CCL1212051000J40833417003.htm?refcode=4019&srccode=401901&preactionid=db735e92-cd9f-4ba3-a3da-5c0dfa91fff6
具身智能机器人工程师,天津科雷迅科技发展有限公司,8000-10000元·15薪,天津·西青·西营门,广州,本科,3-5年,,zhilian,,"机器人编程,C++,Python,高等教育行业,虚拟仿真",http://www.zhaopin.com/jobdetail/CC317869380J40878489113.htm?refcode=4019&srccode=401901&preactionid=db735e92-cd9f-4ba3-a3da-5c0dfa91fff6
智能驾驶产品开发工程师,上海华驿汽车技术有限公司,2-2.7万,上海·嘉定·安亭,广州,本科,3-5年,,zhilian,,"C++,C语言,以太网（ETH）通信技术,AUTOSAR CP与AP开发,FMEA,ISO26262",http://www.zhaopin.com/jobdetail/CC273877480J40807082405.htm?refcode=4019&srccode=401901&preactionid=db735e92-cd9f-4ba3-a3da-5c0dfa91fff6
智能驾驶系统设计专家-奕派科技 (MJ002162),东风汽车,2.5-3.5万,武汉·蔡甸·沌口,广州,本科,5-10年,,zhilian,,C++,http://www.zhaopin.com/jobdetail/CC679989880J40881539205.htm?refcode=4019&srccode=401901&preactionid=db735e92-cd9f-4ba3-a3da-5c0dfa91fff6
嵌入式软件工程师,河北普康医疗设备有限公司,8000-16000元,重庆·永川,广州,本科,1-3年,,zhilian,,"32位单片机,ARM处理器,C语言,C++,C#,通讯协议",http://www.zhaopin.com/jobdetail/CC174410220J40862602310.htm?refcode=4019&srccode=401901&preactionid=c634e020-2e30-4232-9dfc-e10f29ba3138
实施工程师,思创数码,8000-15000元,南昌·青山湖·塘山,广州,大专,1-3年,,zhilian,,"软件实施,MES系统,PLM软件,企业数采设备与企业在线质检",http://www.zhaopin.com/jobdetail/CC178359120J40833822807.htm?refcode=4019&srccode=401901&preactionid=c634e020-2e30-4232-9dfc-e10f29ba3138
硬件集成工程师,棪创数智科技(重庆)有限公司,8000-15000元,重庆·两江新区,广州,本科,3-5年,,zhilian,,Python,http://www.zhaopin.com/jobdetail/CC450790080J40768843306.htm?refcode=4019&srccode=401901&preactionid=c634e020-2e30-4232-9dfc-e10f29ba3138
AI 嵌入式 / 物联网开发工程师,青岛利诚达软件科技有限公司,8000-15000元,青岛·城阳·城阳街道,广州,大专,经验不限,,zhilian,,"C语言,Linux,ARM处理器,32位单片机,DSP",http://www.zhaopin.com/jobdetail/CC466908380J40919186112.htm?refcode=4019&srccode=401901&preactionid=841d800b-2f80-4069-8635-e91ed8da0b14
人工智能导航算法工程师,云图信息(吉林)股份有限公司,7000-12000元,长春·南关·新立城,广州,本科,1-3年,,zhilian,,"机器人算法,运动控制算法,导航定位",http://www.zhaopin.com/jobdetail/CC832196250J41018669304.htm?refcode=4019&srccode=401901&preactionid=841d800b-2f80-4069-8635-e91ed8da0b14
硬件工程师,祥和实业,4000-7000元·13薪,台州·天台县·始丰街道,广州,本科,1-3年,,zhilian,,硬件测试,http://www.zhaopin.com/jobdetail/CC425070030J40875083014.htm?refcode=4019&srccode=401901&preactionid=841d800b-2f80-4069-8635-e91ed8da0b14
系统软件工程师,三一集团有限公司,1-2万,珠海·金湾区·平沙镇,广州,本科,3-5年,,zhilian,,Linux,http://www.zhaopin.com/jobdetail/CC134218700J40878706610.htm?refcode=4019&srccode=401901&preactionid=841d800b-2f80-4069-8635-e91ed8da0b14
算法工程师（船舶智能驾驶）,湖北巨智鲸重工有限公司武汉分公司,1.5-2.2万,武汉·洪山·关山,广州,本科,3-5年,,zhilian,,"C++,ROS,智能驾驶,避障算法,DWA、RRTGPS",http://www.zhaopin.com/jobdetail/CCL1526773790J40884766505.htm?refcode=4019&srccode=401901&preactionid=841d800b-2f80-4069-8635-e91ed8da0b14
物联工程师,湖南众智云创科技有限公司,1-1.5万·13薪,长沙·天心·文源,广州,本科,3-5年,,zhilian,,系统集成,http://www.zhaopin.com/jobdetail/CCL1439025820J40843743901.htm?refcode=4019&srccode=401901&preactionid=841d800b-2f80-4069-8635-e91ed8da0b14
AI开发工程师,浙江英集动力科技有限公司,1.3-1.8万·14薪,杭州·余杭·余杭街道,广州,本科,1-3年,,zhilian,,"深度学习,机器学习",http://www.zhaopin.com/jobdetail/CCL1431628800J40907381812.htm?refcode=4019&srccode=401901&preactionid=841d800b-2f80-4069-8635-e91ed8da0b14
嵌入式软件工程师,江苏丰尚智能科技有限公司,1.2-2万·13薪,扬州·邗江区·瓜洲镇,广州,本科,经验不限,,zhilian,,"32位单片机,PIC单片机,C++,Python,Java",http://www.zhaopin.com/jobdetail/CC508406980J40741625906.htm?refcode=4019&srccode=401901&preactionid=712e8419-e435-4a45-944e-e79466a0b383
算法工程师（智能塔台）,深城交科技集团股份有限公司,1.8-3.5万,深圳·南山·粤海,广州,本科,经验不限,,zhilian,,无人机,http://www.zhaopin.com/jobdetail/CCL1237811960J40891610903.htm?refcode=4019&srccode=401901&preactionid=712e8419-e435-4a45-944e-e79466a0b383
电子工程师,重庆瑜欣平瑞电子股份有限公司,8000-15000元,重庆·九龙坡·含谷,广州,本科,1-3年,,zhilian,,农机电子工程师,http://www.zhaopin.com/jobdetail/CC145218010J40969735702.htm?refcode=4019&srccode=401901&preactionid=712e8419-e435-4a45-944e-e79466a0b383
数据平台前端开发工程师,京东集团,3-6万·19薪,北京·通州·台湖,广州,本科,经验不限,,zhilian,,"数据平台,Vue,React,Angular",http://www.zhaopin.com/jobdetail/CC192921310J40831468409.htm?refcode=4019&srccode=401901&preactionid=712e8419-e435-4a45-944e-e79466a0b383
智驾传感器开发,上海华驿汽车技术有限公司,1.3-1.9万,芜湖·鸠江区·清水街道,广州,本科,5-10年,,zhilian,,"ADAS开发,C语言,C++,Python,传感器硬件设计,传感器信号处理算法,整车系统集成测试",http://www.zhaopin.com/jobdetail/CC273877480J40881191205.htm?refcode=4019&srccode=401901&preactionid=712e8419-e435-4a45-944e-e79466a0b383
导航算法工程师,河北普康医疗设备有限公司,8000-12000元,重庆·永川,广州,硕士,1-3年,,zhilian,,"导航算法,机器人算法,运动控制算法,模式识别,定位算法,机器避障,路径规划,三维定位,导航定位,引导制导,环境建模",http://www.zhaopin.com/jobdetail/CC174410220J40860247610.htm?refcode=4019&srccode=401901&preactionid=712e8419-e435-4a45-944e-e79466a0b383
嵌入式单片机开发工程师,河南造及数字科技有限公司,7000-14000元,郑州·中原·石佛,广州,本科,5-10年,,zhilian,,"RT-THREAD,嵌入式软件研发,STM32单片机",http://www.zhaopin.com/jobdetail/CCL1502819170J40900255703.htm?refcode=4019&srccode=401901&preactionid=54985255-8911-4cae-83e3-9a6bfb66a4a0
技术支持工程师,衡视智能科技(上海)有限公司,6000-12000元,上海·闵行·马桥,广州,大专,经验不限,,zhilian,,"传感器,设备安装调试,CAD绘图,客户服务",http://www.zhaopin.com/jobdetail/CCL1303110070J40772963206.htm?refcode=4019&srccode=401901&preactionid=54985255-8911-4cae-83e3-9a6bfb66a4a0
自动驾驶/机器人算法工程师（Autoware 全栈方向）,河北博天智能装备集团有限公司,1-2万,石家庄·桥西·振头,广州,硕士,经验不限,,zhilian,,"Python,C#,运动控制算法,ADAS开发,Carmaker,AUTOWARE,ROS2",http://www.zhaopin.com/jobdetail/CC890002220J40924325102.htm?refcode=4019&srccode=401901&preactionid=54985255-8911-4cae-83e3-9a6bfb66a4a0
嵌入式硬件工程师（机器人系统）,重庆通用人工智能研究院,1.2-2.4万·15薪,重庆·南岸·峡口,广州,本科,1-3年,,zhilian,,"嵌入式硬件工程师,机器人整机",http://www.zhaopin.com/jobdetail/CCL1514232650J40914698708.htm?refcode=4019&srccode=401901&preactionid=54985255-8911-4cae-83e3-9a6bfb66a4a0
售后技术工程师,杰创智能科技股份有限公司,8000-12000元,上海·静安·江宁路,广州,本科,1-3年,,zhilian,,"机械设备,电子产品",http://www.zhaopin.com/jobdetail/CC279909730J40876226205.htm?refcode=4019&srccode=401901&preactionid=54985255-8911-4cae-83e3-9a6bfb66a4a0
智驾系统问题分析工程师-感知,苏州英格玛服务外包股份有限公司,1.8-2.2万,上海·杨浦·大桥,广州,本科,1-3年,,zhilian,,"Python,C++,语义分割,实例分割,传感器,目标识别",http://www.zhaopin.com/jobdetail/CC483354880J40878082110.htm?refcode=4019&srccode=401901&preactionid=54985255-8911-4cae-83e3-9a6bfb66a4a0
自控工程师（具身智能方向）,维在德自动化科技(苏州)有限公司,1-2万,苏州·昆山·玉山,广州,本科,3-5年,,zhilian,,"设计,测试,自动化设计,电气设计,机械设备,工控设备",http://www.zhaopin.com/jobdetail/CC297913280J40863087409.htm?refcode=4019&srccode=401901&preactionid=7dab880a-40d4-4c07-96c3-59d06b5179a6
传感器开发技术总监,九纯健保定物联网科技有限公司,24-25万,武汉·洪山·关山,广州,本科,5-10年,,zhilian,,嵌入式技术,http://www.zhaopin.com/jobdetail/CC846901850J40870775105.htm?refcode=4019&srccode=401901&preactionid=7dab880a-40d4-4c07-96c3-59d06b5179a6
电气工程师,酒泉市汉鑫科技有限公司,5000-10000元,酒泉·肃州区·西峰镇,广州,本科,3-5年,,zhilian,,"控制柜,变频器,西门子",http://www.zhaopin.com/jobdetail/CC557968020J40824501516.htm?refcode=4019&srccode=401901&preactionid=7dab880a-40d4-4c07-96c3-59d06b5179a6
智能座舱专家-奕派科技 (MJ001445),东风汽车,2.5-3.5万,武汉·蔡甸·沌口,广州,硕士,10年以上,,zhilian,,能驾驶系统开发经验,http://www.zhaopin.com/jobdetail/CC679989880J40881427305.htm?refcode=4019&srccode=401901&preactionid=7dab880a-40d4-4c07-96c3-59d06b5179a6
机电一体化工程师,吉林富锋汽车部件有限公司,6000-10000元,长春·公主岭·刘房子,广州,本科,5-10年,,zhilian,,"机电一体化,汽车行业",http://www.zhaopin.com/jobdetail/CC589566420J40269966514.htm?refcode=4019&srccode=401901&preactionid=7dab880a-40d4-4c07-96c3-59d06b5179a6
感知工程师,郑州新大方重工科技有限公司,2-4万,郑州·二七区·马寨,广州,本科,5-10年,,zhilian,,"C++,Python,深度学习算法",http://www.zhaopin.com/jobdetail/CC331916910J40709282412.htm?refcode=4019&srccode=401901&preactionid=7dab880a-40d4-4c07-96c3-59d06b5179a6
FAE工程师,苏州英视智能科技有限公司,8000-13000元,苏州·相城·北河泾,广州,大专,经验不限,,zhilian,,C++,http://www.zhaopin.com/jobdetail/CCL1417192240J40941737208.htm?refcode=4019&srccode=401901&preactionid=7dab880a-40d4-4c07-96c3-59d06b5179a6
智能机器人控制工程师,河北砺兵科技有限责任公司,1-1.6万,石家庄·鹿泉·获鹿,广州,本科,5-10年,,zhilian,,"运动控制算法,机器避障,路径规划,导航定位,C/C++,Python,移动机器人,工业机器人,机器人控制系统开发,多传感器融合应用,仿真平台搭建与验证",http://www.zhaopin.com/jobdetail/CC703727230J40757501715.htm?refcode=4019&srccode=401901&preactionid=c8aa11a3-62c1-40ed-abfa-b79f091a4bcf
AI应用开发工程师,荣联汇智,1-2万,天津·南开·兴南,广州,本科,1-3年,,zhilian,,图像算法,http://www.zhaopin.com/jobdetail/CC409456430J40725067716.htm?refcode=4019&srccode=401901&preactionid=c8aa11a3-62c1-40ed-abfa-b79f091a4bcf
售前产品经理,布谷鸟同创科技(天津)有限公司,8000-15000元,天津·东丽·华明,广州,本科,3-5年,,zhilian,,"AI产品,硬件产品,无人车",http://www.zhaopin.com/jobdetail/CC870714270J40869034410.htm?refcode=4019&srccode=401901&preactionid=c8aa11a3-62c1-40ed-abfa-b79f091a4bcf
嵌入式开发工程师,安徽富丰电气科技有限公司,6000-12000元,合肥·长丰·双墩,广州,本科,3-5年,,zhilian,,"8位单片机,PIC单片机,DSP,C++,C语言,Python",http://www.zhaopin.com/jobdetail/CC472415320J40941974915.htm?refcode=4019&srccode=401901&preactionid=c8aa11a3-62c1-40ed-abfa-b79f091a4bcf
自动驾驶系统技术负责人（Autoware方向）,陕西易村智能交通科技有限公司,2-3万,咸阳·秦都区·上林街道,广州,本科,3-5年,,zhilian,,"C++,无人车,规划控制,AUTOWARE",http://www.zhaopin.com/jobdetail/CCL1459936330J40833739916.htm?refcode=4019&srccode=401901&preactionid=c8aa11a3-62c1-40ed-abfa-b79f091a4bcf
智能装备系统设计工程师,浙江德菲洛智能机械制造有限公司,1-2万,杭州·拱墅·小河,广州,本科,经验不限,,zhilian,,"设计,研发,测试,硬件研发,软件研发",http://www.zhaopin.com/jobdetail/CCL1462088060J40948429608.htm?refcode=4019&srccode=401901&preactionid=c8aa11a3-62c1-40ed-abfa-b79f091a4bcf
软件技术员,广州诚安路桥检测有限公司,9000-12000元,广州·番禺·洛浦,广州,本科,经验不限,,zhilian,,"后端开发,Java,MySQL,Redis,MongoDB",http://www.zhaopin.com/jobdetail/CC297661480J40898432313.htm?refcode=4019&srccode=401901&preactionid=c8aa11a3-62c1-40ed-abfa-b79f091a4bcf
单片机软件工程师,河南造及数字科技有限公司,7000-14000元,郑州·中原·石佛,广州,本科,3-5年,,zhilian,,"CAN 485,嵌入式软件开发,C++,嵌入式软件研发,嵌入式硬件研发,STM32单片机,RT-THREAD,NXP单片机",http://www.zhaopin.com/jobdetail/CCL1502819170J40903910403.htm?refcode=4019&srccode=401901&preactionid=c8aa11a3-62c1-40ed-abfa-b79f091a4bcf
嵌入式硬件开发工程师,河南鑫道科技有限公司,7000-10000元,郑州·高新区·沟赵,广州,大专,3-5年,,zhilian,,"技术开发,程序编写",http://www.zhaopin.com/jobdetail/CZ218263910J00135439208.htm?refcode=4019&srccode=401901&preactionid=c8aa11a3-62c1-40ed-abfa-b79f091a4bcf
信息化系统开发工程师,合肥雷能信息技术有限公司,1-1.6万,合肥·蜀山·五里墩,广州,本科,3-5年,,zhilian,,"Java,Python,MySQL,Redis",http://www.zhaopin.com/jobdetail/CCL1312008090J40954526608.htm?refcode=4019&srccode=401901&preactionid=c8aa11a3-62c1-40ed-abfa-b79f091a4bcf
光电研发工程师,天津航大智安科技有限公司,8000-12000元,天津·西青·精武镇,广州,本科,经验不限,,zhilian,,"研发,测试",http://www.zhaopin.com/jobdetail/CCL1478700790J40920797312.htm?refcode=4019&srccode=401901&preactionid=c8aa11a3-62c1-40ed-abfa-b79f091a4bcf
