job_name,company_name,salary,work_area,city,education,work_year,issue_date,source,skill_requirements,tech_tags,job_url
2.嵌入式软件工程师,海颐软件,8000-16000元,烟台·芝罘·毓璜顶,烟台,本科,经验不限,7月26日,zhilian_direct,岗位职责： 负责嵌入式软件的架构、设计与开发； 负责根据功能要求完成嵌入式应用开发和测试； 配合硬件工程师完成新硬件设备的验证测试，能够独立解决项目中遇到的问题。 工作地点 芝罘区烟台市机场路2号 以担保或任何理由索要财物，扣押证照，均涉嫌违法。一经发现， 立即举报,"ARM处理器,Python,C语言,Java,DSP,32位单片机",http://www.zhaopin.com/jobdetail/CC176732310J40559536912.htm?refcode=4019&srccode=401903&preactionid=0bc4f0a1-d515-4e97-86a9-5c01d1eff449
嵌入式软件工程师,中电金信软件有限公司,1.2-1.6万,上海·浦东·张江,上海,本科,3-5年,7月26日,zhilian_direct,岗位职责 1. 测试/诊断工具开发：基于现有框架，使用 C/C++/Python 开发和维护芯片验 证、诊断及量产测试工具/脚本。 2. 测试用例实现：根据验证计划，在 Simulation/Emulation/ASIC 环境中编写、 调试和执行 IP 级或系统级测试用例。 3. Bring-up 与调试支持：协助完成芯片点亮及功能验证，配合定位软硬件问题并 记录 Debug 日志。 任职要求 1. 电子、计算机、自动化等相关专业，本科及以上学历。 2. 编程能力扎实：熟练掌握 C/C++ 或 Python，能独立完成测试工具/脚本的开 发与调试。 3. Linux 环境熟练：熟悉 Linux 常用命令及 Shell 脚本，了解 Make/CMake 编 工作地点 上海浦东新区科荣大厦11 以担保或任何理由索要财物，扣押证照，均涉嫌违法。一经发现， 立即举报,"C语言,C++,Python",http://www.zhaopin.com/jobdetail/CC443657520J40874836209.htm?refcode=4019&srccode=401903&preactionid=0bc4f0a1-d515-4e97-86a9-5c01d1eff449
Wi-Fi 嵌入式软件工程师,中科创达软件股份有限公司,1.2-2万,杭州·滨江·西兴,杭州,大专,3-5年,7月26日,zhilian_direct,岗位职责： 1. 负责 Wi-Fi 通信系统中基站（Homebase）及终端侧的 Linux 嵌入式平台 SDK 升级、适配与集成验证； 2. 负责 Wi-Fi 芯片驱动的移植、调试与性能优化，配合供应商 SDK 版本迭代； 3. 负责基站侧 Wi-Fi 多终端接入管理、漫游策略及回程链路优化，保障基站与下挂设备的稳定通信； 4. 负责系统端到端链路联调，保障 IPC 到 NVR 数据通路正常； 5. 负责外设驱动（传感器、雷达等）的集成适配与功能验证； 6. 配合算法团队完成 MAC 层协议功能的 SDK 侧适配与联调； 7. 参与软件集成问题分析定位，修复兼容性与稳定性相关缺陷。 任职资格： 1. 电子、计算机或相关专业专科及以上学历； 2. 3 年以上嵌入式 Linux 软件开发经验，熟悉 C/C++，具备 Python/Shell 脚本能力；熟悉 FreeRTOS 等实时操作系统及 MCU 开发； 3. 熟悉 Linux 内核驱动模型，有 Wi-Fi 芯片驱动开发或调试经验； 4. 有主流 Wi-Fi 芯片平台开发经验者优先，有 AP/网关类产品或基站侧 Wi-Fi 方案开发经验者优先； 5. 了解 802.11 Wi-Fi 协议栈及 MAC 层基本原理，有协议适配经验者优先； 6. 具备良好的跨团队沟通能力，能配合供应商和算法团队高效协作。 工作地点 滨江区杭州迪普科技股份有限公司迪普科技大厦 16层 以担保或任何理由索要财物，扣押证照，均涉嫌违法。一经发现， 立即举报,"32位单片机,C++,C语言",http://www.zhaopin.com/jobdetail/CC285451210J40860410711.htm?refcode=4019&srccode=401903&preactionid=0bc4f0a1-d515-4e97-86a9-5c01d1eff449
嵌入式软件工程师,洛阳863软件孵化器有限公司,4000-8000元,洛阳·洛龙·科技园,洛阳,大专,1-3年,7月26日,zhilian_direct,"岗位职责： 1.按照公司项目要求，参与系统开发、维护、优化与升级； 2.搭建系统开发环境，完成系统框架和代码的实现，确保系统性能、质量和安全； 3.编制项目软件相关说明文档。 任职要求: 1.专科及以上学历，计算机、电子、通信等相关专业；2年以上工作经验； 2.精通C/C++语言，熟悉linux应用编程，熟练掌握socket,串口编程； 3.熟悉gcc,shell,Makefile,gdb等开发工具和调试方法； 4.熟悉Linux多线程开发，进程通信，熟悉TCP/IP,有网络编程的经验； 5.具有系统内核驱动开发， CPU常见外设驱动开发者优先； 6.具有优秀的学习能力与钻研精神，以及较强的问题解决能力。 待遇： 试用期1-3个月，薪资面议，转正后交五险，另有餐补、话补、年终奖、生日福利、节日福利等 职位福利：餐补、通讯补助 职位亮点：五险，另有餐补、话补、年终奖、生日福利、 工作地点 洛龙区洛阳云计算和互联网数据中心产业园 以担保或任何理由索要财物，扣押证照，均涉嫌违法。一经发现， 立即举报","C++,Shell,C语言,C#",http://www.zhaopin.com/jobdetail/CC482368920J40385637416.htm?refcode=4019&srccode=401903&preactionid=0bc4f0a1-d515-4e97-86a9-5c01d1eff449
MCU嵌入式软件工程师,常州新途软件有限公司,1-2万·13薪,常州·新北·三井,常州,本科,3-5年,7月26日,zhilian_direct,职位描述 嵌入式 单片机 STM32 芯片 通信 CAN C语言 数字电路 计算机软件 任职要求： 1、本科及以上学历，计算机技术、电子、自动化等相关专业； 2、3年以上嵌入式软件底层开发工作经验； 3、熟悉软件开发的流程，具有软件分层设计思想，确保程序在不同单MCU平台上的通用性和可移植性； 4、熟悉8/16/32位单片机，至少熟练应用一款单片机或DSP； 5、熟练掌握C/C++语言编程，良好的编程习惯，具备一定的电源管理和总线开发或者DSP开发经验。 工作职责： 1、负责车载终端MCU程序的开发和维护； 2、独立完成需求分析活动，编写需求跟踪矩阵，完成评审； 3、负责架构设计和详细设计，编写对应的设计文档，配合技术主管完成评审； 4、根据需求和设计文档完成代码编写和联调，配合技术主管完成Review； 5、及时解决开发过程中的问题，根据项目要求按时更新问题进展，完成代码自测和维护等工作； 6、按照部门的发版流程进行版本发布，确保版本符合项目要求。 职位福利：绩效奖金、弹性工作、节日福利、餐补、交通补助、加班补助、专家指导、培训计划 工作地点 常州新北区创意路与软件路交叉口西北50米 以担保或任何理由索要财物，扣押证照，均涉嫌违法。一经发现， 立即举报,"嵌入式,单片机,STM32,芯片,通信,CAN,C语言,数字电路",http://www.zhaopin.com/jobdetail/CC329917280J40096974713.htm?refcode=4019&srccode=401903&preactionid=0bc4f0a1-d515-4e97-86a9-5c01d1eff449
MCU嵌入式软件工程师,中科创达软件股份有限公司,1-2万,杭州·滨江·西兴,杭州,大专,5-10年,7月26日,zhilian_direct,岗位职责 1. 负责安防摄像头产品 MCU 端软件开发，包括外接雷达、PIR 传感器等外设的驱动开发和功能集成； 2. 负责 MCU 电源管理模块开发，包括太阳能充电、电池管理、待机功耗优化等； 3. 参与产品产测工具开发、生产问题跟进及售后客诉问题分析定位； 4. 参与现有产品的维护迭代，修复固件缺陷、优化性能和稳定性； 5. 配合硬件工程师进行低功耗设计联调，参与传感器算法（雷达区域静默、静态目标过滤等）在 MCU 侧的落地。 任职资格： 1. 电子、计算机或相关专业统专及以上学历； 2. 5 年以上嵌入式软件开发经验，熟悉 C/C++； 3. 熟悉 FreeRTOS、RT-Thread 等嵌入式实时操作系统，有丰富的外设底层驱动开发经验（如 I2C、SPI、UART、ADC、GPIO 等）； 4. 有安防摄像头、智能门铃、门锁等智能硬件类产品 MCU 软件开发经验，熟悉雷达、PIR 传感器接入者优先； 5. 熟悉低功耗嵌入式系统设计，有电池供电设备功耗优化经验者优先； 6. 熟悉 Python、Shell、Makefile，具备一定脚本能力者优先； 7. 逻辑清晰，责任心强，具备良好的问题分析与解决能力。 工作地点 滨江区杭州迪普科技股份有限公司迪普科技大厦 16层 以担保或任何理由索要财物，扣押证照，均涉嫌违法。一经发现， 立即举报,"32位单片机,C++,C语言,Shell,安防,智能家居",http://www.zhaopin.com/jobdetail/CC285451210J40861450511.htm?refcode=4019&srccode=401903&preactionid=0bc4f0a1-d515-4e97-86a9-5c01d1eff449
初级嵌入式软件工程师,青岛利诚达软件科技有限公司,5000-8000元,青岛·市南·金门路,青岛,本科,经验不限,7月26日,zhilian_direct,岗位职责 - 协助资深工程师完成嵌入式产品（单片机、ARM等）的硬件调试、软件编程与测试工作，快速熟悉产品开发流程。 - 学习并使用C/C++语言进行嵌入式程序开发、调试，配合团队完成代码编写、注释及文档整理。 - 协助进行嵌入式系统的需求分析、方案讨论，参与简单的模块设计与实现，积累开发经验。 - 配合测试团队完成产品功能测试、bug排查，记录问题并协助跟进解决，确保产品正常运行。 - 学习嵌入式相关硬件知识，协助完成硬件与软件的联调工作。 - 完成上级交办的其他技术相关辅助工作，积极参与团队技术交流与培训。 1. 学历与专业 本科及以上学历，应届生优先，电子信息工程、电气工程、计算机科学与技术、自动化、通信工程等相关专业。 工作地点 市南区青岛软件园 以担保或任何理由索要财物，扣押证照，均涉嫌违法。一经发现， 立即举报,"32位单片机,C语言",http://www.zhaopin.com/jobdetail/CC466908380J40909666112.htm?refcode=4019&srccode=401903&preactionid=0bc4f0a1-d515-4e97-86a9-5c01d1eff449
嵌入式软件工程师,深圳市紫川软件有限公司,1.8-3万,上海·嘉定·安亭,上海,大专,3-5年,7月26日,zhilian_direct,职位描述 C语言 ARM处理器 汽车电子嵌入式开发 AUTOSAR标准 底层驱动开发 汽车岗位外包 任职要求 1. 本科及以上学历，电子、计算机、自动化等相关专业。 2. 具备3年以上汽车电子嵌入式开发经验，精通C语言及ARM架构。 3. 熟悉AUTOSAR标准，掌握底层驱动（如CAN/LIN总线、传感器、MCU）开发流程。 4. 具备汽车应用层软件开发经验，MATLAB了解车载系统的功能逻辑与通信协议。 5. 掌握嵌入式系统调试工具（如示波器、逻辑分析仪），能独立定位并解决问题。 补充说明 1. 是否外包：是 2. 岗位亮点：汽车领域大型外企机会 工作地点 上海嘉定区科世达亚洲总部公司 以担保或任何理由索要财物，扣押证照，均涉嫌违法。一经发现， 立即举报,"C语言,ARM处理器,汽车电子嵌入式开发,AUTOSAR标准,底层驱动开发",http://www.zhaopin.com/jobdetail/CC143806550J40868419114.htm?refcode=4019&srccode=401903&preactionid=0bc4f0a1-d515-4e97-86a9-5c01d1eff449
嵌入式软件工程师,上海微创软件股份有限公司,1.8-2.1万,深圳·福田·福田街道,深圳,本科,5-10年,7月26日,zhilian_direct,岗位职责： 嵌入式开发工程师（新） 1.负责智能玩具、智能机器人端侧对话系统的设计与开发，保证低延迟、高可靠的交互体验； 2.推动端云协同能力升级，推进端侧功能持续迭代，确保端侧对话功能的全面性与兼容性； 3.负责声学前端、视觉感知等模型的端侧部署及推理性能优化，降低硬件资源占用率； 4.优化端侧 SDK 的交付流程，提炼通用化解决方案，提升业务交付效率与可复用性。 工作地点 深圳福田区卓越大厦 以担保或任何理由索要财物，扣押证照，均涉嫌违法。一经发现， 立即举报,"C++,C语言,嵌入式",http://www.zhaopin.com/jobdetail/CC000638920J40868317114.htm?refcode=4019&srccode=401903&preactionid=0bc4f0a1-d515-4e97-86a9-5c01d1eff449
嵌入式软件工程师,上海宝宏软件有限公司,1.1-2.2万,上海·浦东·金桥,上海,本科,1-3年,7月26日,zhilian_direct,"职位描述 嵌入式软件开发 汽车 1、本科或以上学历，计算机/自动化/相关专业； 2、可阅读日语技术文档，并具有一定的日语读写能力（N3/N4） 3、良好编程基础，熟练使用Linux操作系统，C/C++, 会Python优先； 4、有嵌入式开发经验，高级辅助驾驶/自动驾驶/智能座舱/电动车辆工作经验者优先； 5、个性开朗积极，有较强的逻辑表达能力和沟通能力； 6、有团队协作精神，品质意识，以及强烈的责任感意识。 工作地点 上海浦东新区锦绣东路2777弄35号701、703、704室 以担保或任何理由索要财物，扣押证照，均涉嫌违法。一经发现， 立即举报","嵌入式软件开发,汽车",http://www.zhaopin.com/jobdetail/CC521493420J40495373005.htm?refcode=4019&srccode=401903&preactionid=0bc4f0a1-d515-4e97-86a9-5c01d1eff449
嵌入式软件工程师,烟台奇创智能软件技术有限公司,1-2万·14薪,成都·双流·怡心,成都,本科,1-3年,7月26日,zhilian_direct,职位描述 ARM处理器 工作职责 1、负责产品的嵌入式软件开发； 2、负责产品嵌入式软件的调试、测试； 3、协助硬件工程师进行产品电路调试； 4、完成相关文档的编写。 任职要求： 1. 熟悉部分主流 ARM Linux 平台开发（如:瑞芯微/海思/全志等），具备相关BSP 开发经验 2. 熟悉 GStreamer/MPP 等音视频媒体框架，能独立完成采集、编码、推流等 pipeline 集成，了解 RTSP/RTMP/WebRTC 等流媒体协议 3. 了解端侧算法部署，有 RKNN/MNN/NCNN 等推理框架使用经验者优先 4. 了解 Cortex-M3/M4 主流平台MCU 驱动适配和业务开发（如: STM32/GD32等） 5. 熟练使用 Git版本管理工具，具备良好的团队协作和文档习惯 工作地点 成都双流区电子科大科技园天府园 以担保或任何理由索要财物，扣押证照，均涉嫌违法。一经发现， 立即举报,ARM处理器,http://www.zhaopin.com/jobdetail/CCL1493038520J40856332614.htm?refcode=4019&srccode=401903&preactionid=0bc4f0a1-d515-4e97-86a9-5c01d1eff449
嵌入式软件工程师,上海微创软件股份有限公司,1-1.3万,北京·海淀·海淀街道,北京,本科,1-3年,7月26日,zhilian_direct,"职位描述 linux 人工智能 工业自动化/机器人 岗位描述 负责嵌入式软件相关测试工作，制定测试方案并推进测试执行，保障产品质量。 负责硬件功能、性能、稳定性、可靠性等相关测试，制定测试计划并推动。 负责机器人关键传感器、零部件的性能及可靠性相关测试,输出测试报告,并推动测试问题的有效解决 负责测试用例设计、测试执行、缺陷跟踪及测试报告输出，沉淀标准化测试文档。 编写测试工具和测试脚本以提高测试效率。 要求： 本科及以上学历，电子、自动化、通信、测控、计算机、机械电子等相关专业优先。 具备硬件测试开发或嵌入式设备测试相关经验，有较扎实的硬件测试基础。 熟悉常见测试仪器设备的使用方法及适用场景，能够结合测试目标完成数据采集与分析。 熟悉测试流程，能够独立输出规范的测试用例、测试报告、问题分析文档。 熟悉 Linux 常用命令及基础调试方法，有实际问题定位经验。 熟悉至少一种或多种常用通信协议，如 RS232、RS485、CAN、EtherCAT。 具备一定的测试自动化意识和工具开发能力，有 Python、Shell 或其他语言开发经验者优先。 有机器人、智能硬件、运动控制或复杂机电系统测试经验者优先。 工作地点 北京海淀区e世界财富中心 以担保或任何理由索要财物，扣押证照，均涉嫌违法。一经发现， 立即举报",linux,http://www.zhaopin.com/jobdetail/CC000638920J40867189214.htm?refcode=4019&srccode=401903&preactionid=0bc4f0a1-d515-4e97-86a9-5c01d1eff449
嵌入式软件工程师(J10115),保定飞凌嵌入式技术有限公司,1-2万,保定·竞秀·大马坊,保定,本科,1-3年,7月26日,zhilian_direct,岗位职责: 1、负责嵌入式系统软件(linux android )开发工作，参与需求交流，根据需求文档，进行可行性分析。 2、负责ARM相关产品的系统软件移植开发、周边功能接口驱动开发。 3、设计软件系统的体系结构、用户界面、模块等，并撰写相应的设计文档。 4、负责定制型项目的软件开发工作。 5、负责嵌入式系统软件文档编写工作。 6、测试和检查软件，及时消除代码中的缺陷。 7、参与新技术的研究，并能引入到产品开发中。 8、负责解决客户及生产部遇到的技术问题。 任职要求: 1、熟悉嵌入式系统软件开发流程及工具。 2、熟悉某种ARM处理器体系结构，熟悉嵌入式操作系统，熟悉设备树原理和平台设备原理，Kconfig，驱动装载原理等。 3、能够看懂常用的arm汇编语句，熟练掌握C/C++语言编程。 4、有移植嵌入式操作系统经验者优先。 5、熟悉Android、嵌入式Linux系统编程者优先。 工作地点 竞秀区保定飞凌嵌入式技术有限公司 以担保或任何理由索要财物，扣押证照，均涉嫌违法。一经发现， 立即举报,"ARM处理器,C语言,C++,嵌入式软件,驱动开发",http://www.zhaopin.com/jobdetail/CC299581510J40849709913.htm?refcode=4019&srccode=401903&preactionid=0bc4f0a1-d515-4e97-86a9-5c01d1eff449
嵌入式软件开发工程师,大连种子软件开发有限公司,8000-14000元,大连·甘井子·凌水,大连,大专,3-5年,7月26日,zhilian_direct,职位描述 C语言 BMS UDS CAN MCU 诊断 DIAG 业务背景： 车载单片机开发 技术要求： 1，单片机开发，C语言编程经验3-5年【必须】 2，有瑞萨单片机（RH850 or RL78）开发经验者优先 3，做过CAN通信，UDS，诊断，diag功能开发经验者优先 4，有AutoSAR开发经验优先 5，可以借助翻译工具读写日语式样和QA 工作地点 甘井子区大连软件园-30号楼 以担保或任何理由索要财物，扣押证照，均涉嫌违法。一经发现， 立即举报,"C语言,BMS,UDS,CAN,MCU",http://www.zhaopin.com/jobdetail/CC526329880J40614376509.htm?refcode=4019&srccode=401903&preactionid=0bc4f0a1-d515-4e97-86a9-5c01d1eff449
嵌入式软件开发工程师,上海起剑软件科技有限公司,2.5-2.6万,上海·浦东·周家渡,上海,硕士,经验不限,7月26日,zhilian_direct,职位描述 ARM处理器 X86处理器 DSP 通信/网络设备 计算机软件 计算机硬件 岗位说明： 1.负责嵌入式应用软件的设计、编码、验证和联调工作； 2.撰写所负责软件和模块的设计文档； 3.负责部门嵌入式应用软件的维护优化和平台整理工作； 4.协助项目负责人提高产品性能、用户体验、软件通用化等工作。 资格条件： 1.计算机、通信、水声及相关专业毕业； 2.硕士及以上学历或具有丰富工程经验的本科毕业生； 3.Linux+ARM平台c/c++嵌入式软件开发经验； 4.熟悉网络协议和socket编程，熟悉多任务编程； 5.水声设备开发或无线路由开发工作经验者优先考虑 工作地点 上海浦东新区洪山路172号 以担保或任何理由索要财物，扣押证照，均涉嫌违法。一经发现， 立即举报,"ARM处理器,X86处理器,DSP",http://www.zhaopin.com/jobdetail/CC308183180J00196091707.htm?refcode=4019&srccode=401903&preactionid=0bc4f0a1-d515-4e97-86a9-5c01d1eff449
嵌入式软件测试工程师,中科创达软件股份有限公司,1.2-2万,西安·雁塔·漳浒寨,西安,本科,3-5年,7月26日,zhilian_direct,"岗位职责： 1.使用C语言编写输出嵌入式环境测试用例； 2.与客户被测试软件打包在客户飞机控制设备上运行； 3.通过调用主线程序对应接口、消息完成测试工作。 任职资格： 1.本科及以上学历，电子信息、自动化、航空电子、软件工程、计算机等相关专业3年以上工作经验； 2.C语言开发基础扎实,熟悉嵌入式环境开发; 3.熟悉软件测试流程与规范，并熟悉需求管理、版本管理工具的使用。 工作地点 西安市-雁塔区-软件新城软件研发基地二期C1栋 以担保或任何理由索要财物，扣押证照，均涉嫌违法。一经发现， 立即举报","C,C++,Python",http://www.zhaopin.com/jobdetail/CC285451210J40846879811.htm?refcode=4019&srccode=401903&preactionid=0bc4f0a1-d515-4e97-86a9-5c01d1eff449
嵌入式软件研发工程师,西安凯翔计算机软件有限责任公司,1-1.2万,西安·碑林·张家村,西安,本科,经验不限,7月26日,zhilian_direct,职位描述 C语言 C++ 计算机软件 1.本科及以上学历，计算机或电子相关专业； 2.熟悉嵌入式软件开发流程和常用开发工具； 3.熟悉C/C++等嵌入式编程语言； 4.善于沟通，具备团队合作精神； 5.对硬件和嵌入式系统有一定的了解。 工作地点 碑林区航空工业西安航空计算技术研究所 以担保或任何理由索要财物，扣押证照，均涉嫌违法。一经发现， 立即举报,"C语言,C++",http://www.zhaopin.com/jobdetail/CC156069210J40847736305.htm?refcode=4019&srccode=401903&preactionid=0bc4f0a1-d515-4e97-86a9-5c01d1eff449
车载嵌入式软件（安全）开发工程师,大连种子软件开发有限公司,1.2-2万,上海·闵行·颛桥,上海,本科,3-5年,7月26日,zhilian_direct,职位描述 C语言 C++ 嵌入式技术 功能安全 车载底软 车载架构 信息安全 一、工作经验：Work Experience: •BodySecurity/DigitalKey/IVI/TBOX/ADAS/域控相关，3年及以上底软开发经验/3年及以上架构经验 •3年及以上网络安全活动经验，兼具功能安全项目经验为佳 二、专业能力：Professional Competence: •项目全生命周期下的，安全活动管理能力 •安全法规的理解能力 •车载产品安全的需求分析和系统方案设计能力 •车载产品的TARA分析能力 •车载产品的安全软件方案评审能力 •安全符合性测试、渗透测试、编码规范分析的方案沟通和结果审查能力 三、业务知识要求：Business Knowledge: •熟悉R155/R156/GB44495/GB44496/GBPR/ISO-21434/ASPICE For CS等安全强相关国内外法律法规，及标准 •熟悉车载产品的全生命流程（需求、设计、开发、测试、生产等）和主要相关成果物 •熟悉并掌握TBOX、智驾、IVI等产品的软硬件方案 四、业务技能要求：Business Skills: •(必须)熟练使用工具/方法完成ISO-31434活动，如制定Security Plan、TARA分析、Concept/Specification编写等 •可以基于中/英文安全需求，分析产品适用性，设计方案并与客户及内部各相关部门达成一致 •可以参与评审各安全相关SOW(软硬件、测试第)，补充安全相关内容/提供专业意见 五、职责描述：Main Responsibilities: •作为网络安全专家，承担项目所有网络安全相关接口职责，协调相关同事，确保网络安全要求和过程得到满足 •分析并处理客户主要从CIA、需求两个层面释放的要求 •以项目信息为指导，与客户明确需求和分工，澄清偏差项 •主导研发侧的需求评估，无歧义地传递系统需求至下游同事（架构/开发/测试等），必要时提供底软提案 •负责下游成果物的评审 •与客户一起完成21434相关活动，提供专业支撑 工作地点 上海市-闵行区-申学路201号 以担保或任何理由索要财物，扣押证照，均涉嫌违法。一经发现， 立即举报,"C语言,C++,嵌入式技术,功能安全,车载底软,车载架构",http://www.zhaopin.com/jobdetail/CC526329880J40861501809.htm?refcode=4019&srccode=401903&preactionid=0bc4f0a1-d515-4e97-86a9-5c01d1eff449
嵌入式软件开发工程师,上海万泰数科软件有限公司,1-2万,上海·松江·中山,上海,本科,1-3年,7月26日,zhilian_direct,岗位职责： 1. 嵌入式软件产品设计，编码，调测试，配合硬件调试验证； 2. 完成对外通讯接口协议定义，实现通信控制、功能模块及整机联调； 3. 参与方案设计工作，协同硬件工程师调试设备产品，完成产品开发； 4. 编写软件开发相关技术文档，配合完成产品调试和测试工作； 5. 参与解决技术相关问题，完成产品的优化和持续改进。 岗位任职要求： 1. 通信工程、电子信息工程、计算机等相关专业，本科及以上学历； 2. 3年以上嵌入式开发从业经验； 3. 熟悉单片机架构，熟悉ARM系列，精通c/c++编程、熟悉嵌入式软件开发工具，简单的电路板设计经验； 4. 熟练掌握各种通讯接口和协议开发（UART 、I2C、SPI、USB、485等）； 5. 具备良好的团队合作精神，高度的责任感以及沟通技巧，自学能力强； 6. 适应处理突发事件和应急保障工作的临时性工作； 7. 良好的文档写作能力、语言表达能力、沟通协调能力、团队合作精神，具有较强的分析与解决问题能力。 8. 具备二年以上数字电源开发经验者优先； 9. 有煤矿行业工作经验者优先。 工作地点 上海松江区启迪漕河泾(中山)科技园水木园-北门1幢802室 以担保或任何理由索要财物，扣押证照，均涉嫌违法。一经发现， 立即举报,"嵌入式软件产品设计,嵌入式开发,电源开发",http://www.zhaopin.com/jobdetail/CCL1482126450J40700013914.htm?refcode=4019&srccode=401903&preactionid=0bc4f0a1-d515-4e97-86a9-5c01d1eff449
嵌入式软件测试工程师,西安凯翔计算机软件有限责任公司,9000-15000元,西安·碑林·张家村,西安,本科,经验不限,7月26日,zhilian_direct,职位描述 功能测试 性能测试 C C++ 嵌入式系统测试 硬件接口测试 自动化测试框架应用 工作职责 1. 负责嵌入式软件的功能测试、性能测试及兼容性测试，覆盖硬件驱动、操作系统及应用层全链路。 2. 设计并执行测试用例，搭建测试环境，编写自动化测试脚本以提升测试效率。 3. 跟踪并分析测试缺陷，与开发团队协作定位问题根源，推动问题闭环解决。 4. 输出测试报告，总结测试经验，参与测试流程优化与质量标准制定。 任职要求 1. 本科及以上学历，计算机、电子信息等相关专业，具备扎实的嵌入式系统理论基础。 2. 熟悉C/C++编程语言，掌握至少一种嵌入式操作系统（如Linux、RTOS）的测试方法。 3. 熟练使用测试工具（如JTAG调试器、逻辑分析仪）及自动化测试框架（如GTest、CTest）。 4. 具备硬件接口（UART、SPI、I2C）测试经验，能独立完成跨平台兼容性验证。 5. 拥有良好的问题分析能力与沟通协作能力，能快速定位并复现复杂系统缺陷。 工作地点 碑林区航空工业西安航空计算技术研究所 以担保或任何理由索要财物，扣押证照，均涉嫌违法。一经发现， 立即举报,"功能测试,性能测试,C,C++,嵌入式系统测试,硬件接口测试,自动化测试框架应用",http://www.zhaopin.com/jobdetail/CC156069210J40875518605.htm?refcode=4019&srccode=401903&preactionid=0bc4f0a1-d515-4e97-86a9-5c01d1eff449
嵌入式软件工程师,深圳市华汉伟业科技有限公司,1.2-2.4万,深圳·南山·西丽,Guangzhou,本科,经验不限,9月20日,zhilian,岗位职责： 1. 根据项目需求开发产品的嵌入式系统； 2. 参与数码影像、图像类产品的系统架构设计、接口设计、代码实现和维护； 3. 学习新领域产品技术并探索验证。 4、负责嵌入式芯片boot、内核和驱动开发 ; 5、负责软件设计、编码及技术文档的编写； 6、参与公司相关产品的测试，验证，问题追溯、改进等相关工作； 工作地点 南山区深圳国际创新谷6栋A座17楼 以担保或任何理由索要财物，扣押证照，均涉嫌违法。一经发现， 立即举报,"嵌入式,C++,嵌入式软件开发,传感器,BSP开发,Ubuntu,Qt,Cortex-M",http://www.zhaopin.com/jobdetail/CC280373830J40265971205.htm?refcode=4019&srccode=401901&preactionid=848244ca-9392-4f9a-8e8f-5a3e83645d68
嵌入式软件工程师,合肥科鼎智能科技有限公司,5000-8000元,合肥·蜀山·新产业园,Guangzhou,本科,经验不限,7月22日,zhilian,职位描述 C语言 32位单片机 嵌入式 嵌入式方向，要求会使用C语言，单片机。 应届生也可，有经验者优先考虑，双休，薪资面议。 工作地点：合肥，不安排线上面试。 工作地点 蜀山区合肥科鼎智能科技有限公司 以担保或任何理由索要财物，扣押证照，均涉嫌违法。一经发现， 立即举报,"C语言,32位单片机,嵌入式",http://www.zhaopin.com/jobdetail/CC182388420J41023806604.htm?refcode=4019&srccode=401901&preactionid=848244ca-9392-4f9a-8e8f-5a3e83645d68
嵌入式软件工程师,福安市亿微电子科技有限公司,5000-7000元·13薪,宁德·福安市·城阳镇,Guangzhou,本科,1-3年,7月23日,zhilian,岗位职责：1. 参与产品需求评审，完成系统模块、接口及数据库设计，输出相关技术文档； 2. 按设计规范完成代码开发，参与代码评审，保障代码质量与可维护性； 3. 编写测试用例，配合团队完成联调，定位并修复测试及线上Bug； 4. 优化系统性能、稳定性及安全性，排查线上故障并完成根因分析； 5. 参与敏捷开发流程，按时交付开发任务，与产品、测试等团队高效协作； 6. 跟踪行业新技术，沉淀技术经验，参与团队技术分享与建设。 任职要求：1、计算机、软件工程、电子信息、自动化等相关专业，本科及以上学历 2、1～3 年及以上软件开发相关工作经验 3、有嵌入式 / 物联网 / 硬件开发经验（如 ESP32、STM32、单片机） 4、逻辑清晰，能独立解决问题 工作时间： 1、早上8：00—11:30 下午13:30—17：30 2、固定每周日休息 公司福利： 五险、年终奖、节日福利、年假、团建、满勤奖、法定节假日等 工作地点 宁德福安市亿微电子科技有限公司 以担保或任何理由索要财物，扣押证照，均涉嫌违法。一经发现， 立即举报,"32位单片机,C++,C语言,汇编语言",http://www.zhaopin.com/jobdetail/CC492520530J40922202008.htm?refcode=4019&srccode=401901&preactionid=848244ca-9392-4f9a-8e8f-5a3e83645d68
嵌入式软件工程师,华为技术有限公司,面议,东莞·大朗镇,Guangzhou,学历不限,经验不限,7月14日,zhilian,职位描述 C语言 C++ Python 半导体/芯片 计算机硬件 通信/网络设备 嵌入式软件开发工程师 工作地点 广东省东莞市松山湖科技产业园区环湖路99号 以担保或任何理由索要财物，扣押证照，均涉嫌违法。一经发现， 立即举报,"C语言,C++,Python",http://www.zhaopin.com/jobdetail/CC000542940J40863275814.htm?refcode=4019&srccode=401901&preactionid=848244ca-9392-4f9a-8e8f-5a3e83645d68
嵌入式软件工程师,徐州新兰电气有限公司,8000-13000元,徐州·铜山区·铜山街道,Guangzhou,本科,3-5年,7月24日,zhilian,岗位职责： 1、与硬件工程师、产品经理等协作，理解产品需求和功能规格； 2、基于市面常见的MCU，根据产品功能定义，进行嵌入式产品的软件开发； 3、编制相应的技术文档、测试方案； 4、配合硬件团队进行产品整体测试，解决软硬件兼容性问题； 5、对产品从设计到量产过程中的软件相关问题进行跟踪并对问题提供技术支 持； 任职要求： 1、应用电子、电子信息，通信、自动化等类专业本科及以上学历； 2、精通C语言，掌握常用数据结构与算法； 3、能熟练应用市面上主流的单片机。 4、熟练使用KEIL或IAR等嵌入式开发环境，熟练调试UART、SPI、ADC、IIC等常用外设驱动； 5、具有良好的编程习惯和技术文档编制能力，具有较强的软件调试能力，能和硬件工程师协调完成项目需求； 6、有3年以上嵌入式软件设计经验（优秀者不限）； 工作地点 徐州铜山区雷奥集团-A栋3楼 以担保或任何理由索要财物，扣押证照，均涉嫌违法。一经发现， 立即举报,"C语言,32位单片机",http://www.zhaopin.com/jobdetail/CCL1426711290J40857367307.htm?refcode=4019&srccode=401901&preactionid=848244ca-9392-4f9a-8e8f-5a3e83645d68
嵌入式软件工程师,苏州赛可为信息科技有限公司,1.5-2.5万,苏州·工业园区,Guangzhou,本科,1-3年,7月23日,zhilian,职位描述 I2C SPI ADC LINUX 嵌入式基础开发 嵌入式底层开发 RTOS 实时操作系统 半导体/芯片 base南京 负责嵌入式底层及应用层软件开发，完成驱动开发、代码调试及优化工作，保障软件稳定运行。 - 负责外设驱动开发与适配，熟练完成串口、I2C、SPI、ADC、PWM、USB、SDIO、WIFI等常用外设驱动调试。 - 具备RTOS实时操作系统（FreeRTOS、RT-Thread、UCOS）开发经验者优先。 - 有物联网、智能硬件、工业控制、小家电、车载设备、传感器设备开发经验者优先。 - 有低功耗开发、固件加密、程序OTA升级、量产稳定性优化经验者优先。 - 熟悉Linux嵌入式基础开发、裸机+RTOS混合开发经验者优先。 工作地点 江苏省苏州市工业园区苏州大道东289号 以担保或任何理由索要财物，扣押证照，均涉嫌违法。一经发现， 立即举报,"I2C,SPI,ADC,LINUX 嵌入式基础开发",http://www.zhaopin.com/jobdetail/CCL1516158100J40877405314.htm?refcode=4019&srccode=401901&preactionid=848244ca-9392-4f9a-8e8f-5a3e83645d68
嵌入式软件工程师,北京国科华仪科技有限公司,4000-8000元·13薪,长春·宽城·奋进,Guangzhou,学历不限,经验不限,7月16日,zhilian,职位描述 C语言 嵌入式 伺服控制 工作方向:嵌入式软件设计 应用领域:光电转台精密控制 技能需求:熟练使用C语言、QT等软件 本岗位可接受在校实习生 相关福利：五险一金、绩效奖金、定期体检、带薪年假、节日福利、年终奖金 公司优势:公司发展前景广阔，团队具备非常好的工作氛围及凝聚力，重视个人能力培养，相对学历而言更关注个人实际工作能力 工作地点 长春市-宽城区-奋进乡专用车家属区-31栋西北111米 以担保或任何理由索要财物，扣押证照，均涉嫌违法。一经发现， 立即举报,"C语言,嵌入式,伺服控制",http://www.zhaopin.com/jobdetail/CC452656110J40766507616.htm?refcode=4019&srccode=401901&preactionid=848244ca-9392-4f9a-8e8f-5a3e83645d68
嵌入式软件工程师,江苏普西米新能源科技有限公司,6000-10000元,扬州·仪征市·新城镇,Guangzhou,本科,1-3年,7月24日,zhilian,岗位职责： 1. 负责配套车用、特种车辆电池热管理的液冷机组控制器软件开发，完成需求拆解、应用层控制逻辑编码开发与调试，实现机组温度闭环控制。2. 开发CAN总线通信程序，实现与车载BMS、整车控制器交互，解析温度指令、上传机组运行状态、故障代码。3、配合硬件工程师、结构测试人员，完成台架试验、振动可靠性测试、高低温环境试验等。4. 编写软件设计文档、接口说明、版本记录，配合第三方性能及振动检测，跟进样机迭代、量产版本维护，提供现场调试技术支持。5. 跟进功能安全需求，完善软件容错机制，按照项目流程完成单元测试与集成测试。 任职条件： 1. 本科及以上，电子、电气、自动化、软件、计算机等相关专业，熟练使用C语言等编程。 2. 掌握CAN2.0协议，具备PID温控开发经验。 3. 有车载热管理、空调等制冷系统开发经历优先，了解车用设备可靠性要求。 4. 偶尔配合外出测试调试，具备独立排查问题的能力。 工作地点：江苏省扬州市仪征经济开发区天越路3号8栋（仪征汽车电子产业园） 工作地点 扬州仪征市九慎电子(仪征)有限公司8栋 以担保或任何理由索要财物，扣押证照，均涉嫌违法。一经发现， 立即举报,"单片机,C语言,C++",http://www.zhaopin.com/jobdetail/CCL1465492470J41024229904.htm?refcode=4019&srccode=401901&preactionid=848244ca-9392-4f9a-8e8f-5a3e83645d68
嵌入式软件工程师,连云港仓潮智绘科技有限公司,4000-8000元·14薪,连云港·连云区·猴嘴街道,Guangzhou,大专,经验不限,7月17日,zhilian,职位描述 32位单片机 PIC单片机 ARM处理器 C语言 C++ C# 人工智能 专用设备制造 通信/网络设备 1、编程能力：精通 C/C++语言；熟练掌握数据结构、算法、懂得面向对象编程， 2、芯片平台：精通 STM32、ESP32 等主流 MCU/MPU 硬件架构。 3、嵌入式系统：精通FreeRTOS、Arduino。 4、工具使用：熟练 Keil、STM32CubeMX 、vscode、clion、esp_idf等开发工具。 5、通信协议：精通 UART/RS232/RS485、SPI、I2C、CAN/CANFD、USB 、wifi等常用总线协议。 6、硬件联调：能看懂硬件原理图，会使用示波器、逻辑分析仪排查时序、通信等问题； 7、电机控制算法软件开发，包含 BLDC 无刷电机、直流有刷电机、步进电机驱动逻辑，实现 FOC 磁场定向控制、速度环 / 电流环 / 位置环三闭环调节、PID 参数整定、矢量控制等功能。 工作地点 连云区江苏连云港悟空科创中心 以担保或任何理由索要财物，扣押证照，均涉嫌违法。一经发现， 立即举报,"32位单片机,PIC单片机,ARM处理器,C语言,C++,C#",http://www.zhaopin.com/jobdetail/CCL1479797350J40881769605.htm?refcode=4019&srccode=401901&preactionid=848244ca-9392-4f9a-8e8f-5a3e83645d68
嵌入式软件工程师,杭州茂葳科技有限公司,1-2万·13薪,杭州·钱塘·下沙,Guangzhou,大专,经验不限,10月3日,zhilian,岗位职责： 1、负责产品中基于单片机的软件设计开发； 2、负责所设计产品的功能测试与验证； 3、完成相应的开发文档撰写和代码归档工作 岗位要求： 1、自动化控制、电子、计算机、机械电子等相关专业，大专及以上学历； 2、熟练使用STM32单片机，熟练使用相关开发工具； 3、熟练使用C语言进行编程； 4、熟悉基本硬件原理知识，了解RS485 、RS23 2、CAN、I2C等常见的通讯协议，有使用过BLE、Lora模组经验者优先； 5、熟悉外设接口编程，如UART、I2C、PWM、Timer等； 6、工作敬业有激情，肯于钻研技术难题，具备良好的理解能力和学习能力和团队合作精神； 7、具有较强的工作积极性、责任心、专业素养和团队合作精神 职位福利：五险一金、年底双薪、餐补、员工旅游、周末双休 工作地点 杭州钱塘区下沙街道幸福南路115号 以担保或任何理由索要财物，扣押证照，均涉嫌违法。一经发现， 立即举报,半导体/芯片,http://www.zhaopin.com/jobdetail/CC362782610J40634842514.htm?refcode=4019&srccode=401901&preactionid=848244ca-9392-4f9a-8e8f-5a3e83645d68
嵌入式软件工程师,嘉兴市尚瑞电子科技有限公司,1-2万·13薪,嘉兴·南湖区·城南街道,Guangzhou,大专,3-5年,7月25日,zhilian,岗位职责： 1.负责汽车电子控制单元（ECU）底层驱动开发、应用层算法实现，Bootloader设计、内存管理及低功耗优化；包括但不限于方向盘HOD、方向盘开关等； 2.实现CAN、LIN等车载网络协议栈开发与调试，熟练使用CANoe/CANalyzer进行总线仿真与测试； 3.编写设计文档、接口协议及测试报告，与硬件工程师、系统工程师协作优化系统性能。 任职要求： 1.本科及以上学历，计算机/电子工程相关专业； 2.精通C/C++编程，熟悉RTOS及嵌入式开发工具链（Keil、IAR等），熟悉常用车规级芯片（NXP等）； 3.3年以上汽车电子嵌入式开发经验，至少参与 1个量产项目； 4.掌握车载通信协议栈开发（CANoe/CANalyzer脚本编写经验）； 5.具备 MCU底层开发能力： 外设驱动开发（ADC/PWM/CAN控制器） 内存优化（RAM/Flash资源分配） 时序安全（Watchdog管理、时序裕量分析） 优先条件： 1.有方向盘开关、方向盘HOD相关开发经验； 2.有 Adaptive AutoSAR 开发经验（如 ROS2/SomeIP 集成） 工作地点 嘉兴市南湖区城南路1369号4号楼三楼 以担保或任何理由索要财物，扣押证照，均涉嫌违法。一经发现， 立即举报,"C++,Java,ST,32位单片机,PIC单片机,ARM处理器",http://www.zhaopin.com/jobdetail/CC273384930J40951927408.htm?refcode=4019&srccode=401901&preactionid=848244ca-9392-4f9a-8e8f-5a3e83645d68
嵌入式软件工程师,宜宾丰川动力科技有限公司,4000-8000元,宜宾·叙州区·高场镇,Guangzhou,大专,经验不限,7月24日,zhilian,岗位职责： 1、 负责嵌入式产品软件的需求开发、设计、编码、调试和模块测试； 2、 负责模块的维护及系统性能优化； 3、 负责开发文档、测试需求等的技术文档编写。 任职条件： 1、计算机，电子，自动化等相关专业； 2、 熟悉C/C++编程和数据结构，具备良好的编程风格； 3、 熟悉RTOS（FreeRTOS、RT-Thread等）、Bootloader、OTA； 4、 熟悉HTTP、MQTT、TCP/IP网络通信协议； 5、 熟悉CAN、RS485、SPI、I2C等通信协议； 6、 有WiFi、移动蜂窝模组相关开发经验优先； 7、良好的团队合作精神，责任心强，工作认真细致。 工作地点 宜宾叙州区宜屏快速通道东100米 以担保或任何理由索要财物，扣押证照，均涉嫌违法。一经发现， 立即举报,嵌入式软件开发,http://www.zhaopin.com/jobdetail/CC640599680J40326520307.htm?refcode=4019&srccode=401901&preactionid=848244ca-9392-4f9a-8e8f-5a3e83645d68
嵌入式软件工程师,贵州安盛科技技术服务有限公司,7000-13000元·13薪,福州·台江·鳌峰,Guangzhou,本科,经验不限,7月24日,zhilian,职位描述 C语言 C++ ARM处理器 32位单片机 嵌入式驱动开发 RTOS/嵌入式LINUX开发 硬件接口适配 PIC单片机 Python 物联网 半导体/芯片 人工智能 工作职责 1. 参与嵌入式产品的全生命周期开发，从需求拆解到硬件接口适配，确保软件方案与硬件特性的精准匹配。 2. 负责传感器、通信模块等底层驱动的开发与调试，解决多设备间的数据交互与兼容性问题。 3. 基于RTOS或嵌入式Linux完成任务调度与资源管理，保障系统在复杂场景下的实时响应能力。 4. 配合硬件团队完成产品联调与测试，输出清晰的技术文档并跟进问题闭环，推动产品迭代优化。 奖金绩效 五险一金、周末双休、13薪、年终奖 工作地点 福州台江区升龙汇金中心 以担保或任何理由索要财物，扣押证照，均涉嫌违法。一经发现， 立即举报,"C语言,C++,ARM处理器,32位单片机,嵌入式驱动开发,RTOS/嵌入式LINUX开发,硬件接口适配,PIC单片机,Python",http://www.zhaopin.com/jobdetail/CCL1502840300J40935095208.htm?refcode=4019&srccode=401901&preactionid=848244ca-9392-4f9a-8e8f-5a3e83645d68
嵌入式软件工程师,丹东瑞特科技有限公司,7000-13000元,丹东·振兴区·浪头镇,Guangzhou,本科,1-3年,7月19日,zhilian,职位描述 C语言 32位单片机 ARM处理器 岗位要求： 1.电子信息、测控技术与仪器等相关专业毕业，本科以上学历； 2.熟练使用单片机、ARM等控制器，熟练使用C语言编程软件； 3.有硬件研发工作经验者优先； 4.接受专业相符并专研科技研发工作的应届毕业生。 职位福利：五险一金、绩效奖金、加班补助、车餐补、节日福利 。 工作地点 辽宁省丹东市振兴区仪器仪表园二期70-41号楼东侧5楼 以担保或任何理由索要财物，扣押证照，均涉嫌违法。一经发现， 立即举报,"C语言,32位单片机,ARM处理器",http://www.zhaopin.com/jobdetail/CC547668330J40541423904.htm?refcode=4019&srccode=401901&preactionid=848244ca-9392-4f9a-8e8f-5a3e83645d68
嵌入式软件工程师,江苏集萃复合材料装备研究所有限公司,6000-10000元,无锡·惠山·堰桥,Guangzhou,大专,经验不限,7月23日,zhilian,岗位职责： 1、参与新产品的评估、规划、器件选型以及系统软件的架构设计； 2、根据产品需求编写相关设计总结文档，包括需求、方案、详细设计、接口说明等； 3、负责产品应用现场问题解决，需求分析整理: 任职资格： 1、大专及以上学历，计算机、电子工程、电子类、通信类、自动化等相关专业；2、熟悉C/C++、多线程、Socket编程；掌握Linux操作系统，会使用常见的嵌入式编译工具（了解FPGA优先）； 3、具有Qt C++的GUI界面开发经验； 4、熟悉CAN、UART、SPI、I2C等通信协议; 5、会使用逻辑分析仪，示波器等工具； 工作地点 无锡惠山区江苏集萃复合材料装备研究所有限公司 以担保或任何理由索要财物，扣押证照，均涉嫌违法。一经发现， 立即举报,C++,http://www.zhaopin.com/jobdetail/CCL1272499360J40906612803.htm?refcode=4019&srccode=401901&preactionid=848244ca-9392-4f9a-8e8f-5a3e83645d68
嵌入式软件工程师,苏州工业园区泰智测控技术有限公司,8000-12000元,苏州,Guangzhou,大专,1-3年,1月6日,zhilian,"职位描述 C语言 ARM STM32 8051 仪器仪表 物联网 1、嵌入式系统设计与开发：设计并开发嵌入式系统的软件部分，包括驱动程序和应用程序的开发。 2、系统调试与优化：调试嵌入式软件，分析和解决系统中的各种问题，并持续优化系统性能。 3、集成与测试：参与系统集成过程，进行单元测试，功能测试，性能测试等，确保系统可靠运行。 4、文档编写与维护：编写技术文档，设计文档，测试报告等，确保文档齐全并满足公司管理要求。 5、技术支持：为产品生产和售后同事提供技术支持，协助解决开发过程中遇到的技术问题。 6，持续学习与技术研究：关注嵌入式技术的最新发展，持续学习新技术，并在项目中进行技术创新。 学历要求：计算机，电子工程，自动化，通信等相关专业大专及以上学历。 工作经验：具有至少1年嵌入式开发或实习经验，熟悉嵌入式系统的软件设计。 技术要求： 1、熟悉C编程语言。 2、熟练使用常见的嵌入式开发平台(如ARM, STM32,8051等). 3、有嵌入式操作系统(如FreeRTOS,uC/OS等)开发经验者优先。 4、熟悉硬件调试工具(如示波器，逻辑分析仪等)以及调试经验。 5、熟悉嵌入式系统的实时性和内存管理。 工作地点 苏州市苏州工业园区娄葑创投工业坊3区27号 以担保或任何理由索要财物，扣押证照，均涉嫌违法。一经发现， 立即举报","C语言,ARM,STM32,8051",http://www.zhaopin.com/jobdetail/CC186804710J40978227304.htm?refcode=4019&srccode=401901&preactionid=848244ca-9392-4f9a-8e8f-5a3e83645d68
嵌入式软件工程师,南京谛煌信息技术有限公司,100-200元/天,南京·玄武·孝陵卫,Guangzhou,本科,经验不限,5月26日,zhilian,职位描述 可转正 实习证明 Python ARM处理器 半导体/芯片 仪器仪表 电子设备制造 岗位内容： 1. 设计和开发嵌入式系统的软件 2. 与硬件工程师合作，确保软件与硬件的紧密集成 3. 编写嵌入式软件文档 任职要求： 1. 熟练掌握C/C++语言 2. 熟悉操作系统和网络协议栈 3. 具备良好的沟通及解决问题的能力 工作地点 玄武区南京理工大学国家大学科技园 以担保或任何理由索要财物，扣押证照，均涉嫌违法。一经发现， 立即举报,"Python,ARM处理器",http://www.zhaopin.com/jobdetail/CCL1418635840J40820760911.htm?refcode=4019&srccode=401901&preactionid=848244ca-9392-4f9a-8e8f-5a3e83645d68
嵌入式软件工程师,长沙市宸佐科技有限责任公司,8000-12000元,长沙·岳麓·麓谷,Guangzhou,大专,经验不限,7月8日,zhilian,"岗位职责： 1、IP摄像头的linux应用程序设计、开发、移植、调试和维护； 2、负责第三方产品的接入与开发工作； 3、负责对接第三方协议； 4、负责撰写软件开发相关文档，参与需求分析和讨品 岗位要求： 1、熟练掌握嵌入式linux下的C/C++开发； 2、熟悉Linux操作系统，熟悉Linux下网络编程，对进程通信、多线程编程有深入理解； 3、熟悉Linux下的代码调试工具，如gdb、valgrind.strace等； 4、熟悉音视频编码，有H264/H265、aac/g711/pcm/mp3等编解码经验优先； 5、有P2P(TUTK、尚云等)相关经验优先； 6、熟悉ffmpeg、vlc、gstreamer等开源项目经验者优先； 7、熟悉linux下各种工具链的制作，熟悉makefileshell，有builtroot、docker实际使用经验者优先； 8、熟悉原理图，能量板子，能焊串口； 9、具有良好的团队意识，责任心强，能够独立分析和解决问题； 岗位信息 1、上班时间：9:00-12:00,13:30-18:30，周末双休； 2、上班地点：梅溪悦章写字楼2栋1706-1707室（宸佐科技） 工作地点 长沙岳麓区梅溪悦章2栋1706-1709 以担保或任何理由索要财物，扣押证照，均涉嫌违法。一经发现， 立即举报","C++,C语言",http://www.zhaopin.com/jobdetail/CCL1517623730J40858724007.htm?refcode=4019&srccode=401901&preactionid=848244ca-9392-4f9a-8e8f-5a3e83645d68
嵌入式软件工程师,贵州木弓贵芯微电子有限公司,5000-10000元,贵阳·观山湖·观山,Guangzhou,本科,经验不限,7月22日,zhilian,"岗位职责： 1、负责嵌入式设备系统软件的设计、开发及调试工作； 2、按照项目要求进行软件需求分析、设计、编码及调试工作，并完成相关设计文档的编写； 3、配合系统设计人员及客户完成软硬件联调、试验； 4、负责软件生命周期内的维护、升级等工作； 5、能够对项目开发进度进行把控，按节点完成相关工作； 岗位要求： 1、本科及以上学历，计算机、电子、通信、自动化等电子类相关专业； 2、熟练使用C/C++等编程语言，具有良好的代码风格和编程习惯； 3、具备ARM单片机、SOC等嵌入式系统软件开发经验，有蓝牙、GNSS开发经验优先； 4、熟悉使用一种以上RTOS，有Linux系统开发经验优先； 5、熟练阅读英文文档及数据手册； 6、良好的学习能力、表达能力和沟通能力,责任心强，有一定抗压力和自我驱动力，积极主动，责任心强，具备良好的团队合作精神。 7、可接受应届毕业生 工作地点 贵阳观山湖区金岭社区服务中心国家高新区长岭南路15号 以担保或任何理由索要财物，扣押证照，均涉嫌违法。一经发现， 立即举报","嵌入式软件开发,C++",http://www.zhaopin.com/jobdetail/CC418456530J40438432508.htm?refcode=4019&srccode=401901&preactionid=848244ca-9392-4f9a-8e8f-5a3e83645d68
嵌入式软件工程师,天基空间精密技术南京股份有限公司,1-2万,南京·秦淮·红花,Guangzhou,本科,3-5年,7月7日,zhilian,岗位职责： 1.软件模块的需求分析设计，功能模块方案设计，功能模块代码编写。 2.负责嵌入式软件开发工作，计划时间内确保功能实现与稳定运行。 3.协同硬件工程师、测试工程师解决产品在测试、生产和应用过程中出现的相关问题。 4.参与系统及相关产品需求分析及嵌入式软件方案设计。 5.相关开发文档（含生产工艺文件）的编写，保证质量、完整性，进行资料备份，负责开发过程的程序版本控制。 工作地点 南京秦淮区紫云智慧广场5号楼 以担保或任何理由索要财物，扣押证照，均涉嫌违法。一经发现， 立即举报,32位单片机,http://www.zhaopin.com/jobdetail/CC814630060J40776945406.htm?refcode=4019&srccode=401901&preactionid=590ca3bd-f9f8-47c8-80e3-a9b53a5c0633
嵌入式软件工程师,安徽玄离智能科技股份有限公司,1.3-2万,合肥·包河·烟墩,Guangzhou,本科,3-5年,4月11日,zhilian,"岗位职责 1 本科及以上学历，理工科优先，对计算机和互联网感兴趣； 2.具有良好的沟通组织能力，有责任心和团体意识，具备吃苦耐劳精神； 3.愿从基层做起，有极强的发展意识和上进心； 4.欢迎敢奋斗、想拼搏的广大应往届毕业生投递简历。 任职要求 1、本科以及以上学历，计算机、软件、电子电气、车辆工程师等专业，具备1-3年以上开发经验； 2、熟悉ARM（stm32）开发流程，能完成独立的ARM程序编写，调试； 3、熟练操作ARM芯片的基本外设（ADC,DAC,USART）等，了IIC,SPI,TCP,UDP,mobus，RS232,RS485等协议； 4、熟悉linux网络，以及linux下的多线程，内存管理等基本技术； 5、熟悉掌握C 语言，熟悉keill ，iar等嵌入式开发环境； 6、有相关步进电机，伺服电机，直流电机等控制以及激光雷达(slam）算法开发经验者优先；只有面试，非诚勿扰； 7、共产党员优先。 职位福利：五险一金、绩效奖金、全勤奖、节日福利、每年多次调薪、周末双休、餐补、交通补助 工作地点 合肥包河区高速滨湖时代广场C3号楼 以担保或任何理由索要财物，扣押证照，均涉嫌违法。一经发现， 立即举报","嵌入式,电子,ARM,STM32,C#,C++,C语言,芯片",http://www.zhaopin.com/jobdetail/CC859068430J40176243712.htm?refcode=4019&srccode=401901&preactionid=590ca3bd-f9f8-47c8-80e3-a9b53a5c0633
嵌入式软件工程师,安徽徕康医疗器械有限公司,8000-12000元·13薪,合肥·巢湖·半汤,Guangzhou,大专,3-5年,7月24日,zhilian,岗位职责 负责医疗检测设备下位机软件的开发、调试与维护工作，完成单片机底层驱动的编写与优化，配合硬件工程师完成板卡调试与性能优化，遵循医疗软件开发规范编写完整技术文档，保障产品代码质量与可靠性。 岗位要求 大专及以上学历，计算机、通信、电子、自动化等相关专业毕业； 熟练掌握C/C++编程语言，拥有三年以上嵌入式软件项目开发经验，具备硬件驱动调试经验； 熟悉STM32等ARM架构MCU开发，能熟练使用Keil或GCC开发工具； 熟悉PID控制算法开发，有嵌入式实时操作系统开发经验优先，有医疗设备下位机开发经验优先。 具备良好的沟通及解决问题的能力，无吸烟、酗酒、赌博等不良嗜好，五年内无犯罪史。 作息时间： 周一至周五：上午08:30--12:00，下午13:30--17:30 周末双休，带薪年假 工作地点 合肥市-巢湖市-秀湖路与105省道交叉口南150米A3-5泌外大厦三层 以担保或任何理由索要财物，扣押证照，均涉嫌违法。一经发现， 立即举报,"嵌入式软件开发,传感器,医疗设备,C++,Python,汇编语言,ARM处理器,DSP,32位单片机",http://www.zhaopin.com/jobdetail/CCL1307875620J40379701503.htm?refcode=4019&srccode=401901&preactionid=590ca3bd-f9f8-47c8-80e3-a9b53a5c0633
嵌入式软件工程师,北京中汽恒泰教育科技有限公司,5000-7000元,天津·西青·中北,Guangzhou,大专,经验不限,7月22日,zhilian,岗位职责 1、负责公司产品的嵌入式软件设计与开发； 2、负责撰写自己所负责的软件设计文档、测试规范等，保证软件交付质量。 3、负责研发文档的编写，以及程序的优化。 4、负责协助硬件工程师分析产品问题，保证产品运行的稳定性和兼容性。 任职要求 1、熟悉STM32系列单片机软件开发。 2、能够熟练配置单片机模块功能以及应用。 3、熟练使用C语言，能够独立完成开发任务。 4、能够看懂硬件原理图，并具有PCB分析辨识能力。 工作地点 天津西青区中北镇三星路29号 以担保或任何理由索要财物，扣押证照，均涉嫌违法。一经发现， 立即举报,"32位单片机,C语言,懂硬件原理图PCB分析能力",http://www.zhaopin.com/jobdetail/CC664240020J40716934016.htm?refcode=4019&srccode=401901&preactionid=590ca3bd-f9f8-47c8-80e3-a9b53a5c0633
嵌入式软件工程师,深蓝智造,1-1.8万,长春·朝阳,Guangzhou,本科,经验不限,7月25日,zhilian,"岗位职责： 1. 负责智能网联电子产品基于嵌入式Linux或android平台应用层软件的设计与开发； 2. 根据需求文档，编写概要设计、详细设计，并开发相应模块代码； 3. 与底层软件开发人员共同制定底层驱动与上层软件接口； 4. 与硬件开发人员配合，进行硬件和应用层软件联合调试； 任职要求： 1. 相关专业本科及以上学历； 2. 精通C/C++语言，数据结构，丰富的产品应用开发经验 3. 熟练掌握和使用OpenGL/ES等开源库 4. 熟悉Linux或android设备驱动的各种编程接口和机制； 精通嵌入式linux或android系统，对嵌入式OS有比较深入的认识； 5. 熟悉ARM处理器架构的工作原理，熟悉linux或android系统下视频播放OpenGL/ES开发经验者优先。 6. 熟悉3G/4G, WiFi, GPS, NFC等无线网络协议。 7. 对Touch, Camera,等传感器协议了解 8. 对eMMC, DRAM, MicroSD, Flash等储存装置协议有所了解 9. 具有良好的英语读写能力； 职位福利：五险一金、周末双休、餐补、带薪年假、节日福利、每年多次调薪、定期体检、绩效奖金 职位亮点：1. 大牛带队2. 公司核心团队 工作地点 长春朝阳区前进大街与卫星路交汇欢乐城写字间13楼1307室 以担保或任何理由索要财物，扣押证照，均涉嫌违法。一经发现， 立即举报","32位单片机,C语言,C++",http://www.zhaopin.com/jobdetail/CC421839780J40877609615.htm?refcode=4019&srccode=401901&preactionid=590ca3bd-f9f8-47c8-80e3-a9b53a5c0633
嵌入式软件工程师,昕锐至成(江苏)光电科技有限公司,7000-14000元,淮安·淮阴区·新渡口街道,Guangzhou,本科,1-3年,7月21日,zhilian,"岗位职责： 1. 根据编程规范、研发进度和任务分配，开发系统中的功能模块和算法； 2. 按照开发流程和设计要求，完成软件模块的详细设计、代码实现、单元测试； 3. 协助硬件工程师完成硬件设计； 4. 根据公司技术文档规范编写相关的技术文档； 5. 参与项目需求分析，研究项目的技术细节，根据需要进行一定的预研工作； 6. 对业务部门提供软件的技术支持。 任职要求： 1. 学历要求：本科及以上学历； 2. 专业：计算机、自动化、通信、电子技术等相关专业； 3. 熟悉C/C++语言和相关调试工具，具有良好的编码习惯； 4. 熟悉STM32等单片机开发，熟悉Linux开发者优先； 5. 熟悉常用算法、数据结构、设计模式； 6. 具备蓝牙通信开发经验者优先； 7. 有责任心和团队合作意识，有良好的学习能力、沟通能力。 工作地点 淮阴区淮安智车城产业园6-3,6-4 以担保或任何理由索要财物，扣押证照，均涉嫌违法。一经发现， 立即举报","C语言,C++,Python",http://www.zhaopin.com/jobdetail/CCL1386626010J40932060502.htm?refcode=4019&srccode=401901&preactionid=590ca3bd-f9f8-47c8-80e3-a9b53a5c0633
嵌入式软件工程师,无锡创信航电子科技有限公司,8000-16000元,无锡·滨湖·蠡园,Guangzhou,本科,1-3年,7月22日,zhilian,岗位职责 1.根据公司产品路线图和实际需求，负责嵌入式底层驱动程序和应用程序的编写，并对开发的软件质量和进度负责； 2.按照研发要求，完成软件的详细设计、代码实现、单元测试、集成测试； 3.负责相关函数编写，工业常用通信规约编程； 4.配合硬件工程师完成整体产品的调试和测试； 5.负责产品试产技术确认跟踪，产、测文档输出； 6.负责产品投产与交付后的及时的技术支持工作和产品升级更新工作； 7.参与产品开发前期的可行性评估和方案设计。 任职要求 1.本科3年以上，硕士1年以上，电子信息类专业； 2.有使用C/C++语言开发的经验，熟悉VS和QT等集成开发环境； 3.有PCI设备驱动、Ethernet及TCP/IP协议等开发经验者优先； 4.熟悉基本的嵌入式硬件，包括数字输入输出、脉冲输入输出、模拟量输入输出等，能与硬件工程师良好配合； 5.英语四级以上，可以流畅阅读原厂英文datasheet； 6.熟悉软件流程管理和版本控制，有良好的软件开发习惯，能够撰写相关的技术文档； 7.有较好沟通能力、技术分析判断力、创新能力； 8.责任心强，团队意识强，事业心较强。 工作地点 江苏省无锡市滨湖区环湖路清华大学无锡应用技术研究院18层1801 以担保或任何理由索要财物，扣押证照，均涉嫌违法。一经发现， 立即举报,"C语言,C++",http://www.zhaopin.com/jobdetail/CCL1325340650J40918819412.htm?refcode=4019&srccode=401901&preactionid=590ca3bd-f9f8-47c8-80e3-a9b53a5c0633
嵌入式软件工程师,青祁(厦门)半导体有限公司,6000-9000元,厦门·翔安·马巷,Guangzhou,本科,3-5年,7月25日,zhilian,职位描述 电子元器件 电气元器件 招标采购 商务采购 英语 半导体/芯片 一、岗位基本信息 岗位名称：嵌入式软件工程师 所属部门：研发部 直接上级岗位：软件主管 二、工作概述 负责压阻、压电类传感器嵌入式固件开发、信号算法设计、产品调试与量产落地，支撑公司压力、振动、力学类传感器产品迭代与批量生产，保障产品精度、稳定性与可靠性。 三、岗位工作内容 1、负责公司压阻、压电类传感器电子产品嵌入式软件整体开发与迭代，独立完成软件架构设计、代码模块化设计、程序编写、功能调试及版本维护，规范代码开发标准，养成良好编程习惯。 2、基于8/32bit MCU、ARM平台，完成传感器高精度ADC采集、差分微弱信号采集，针对压电传感器动态信号、压阻传感器静态信号，实现数字滤波、波形采集、数据分析、峰值提取、零点校准等功能，解决信号噪声、漂移、失真等问题。 3、深度配合硬件工程师完成产品软硬件协同设计、联调测试，排查软件BUG、信号异常、数据跳变、系统稳定性等各类问题，完成问题闭环优化。 4、负责串口、I2C、SPI、RS485等常用外设驱动与通信协议开发，实现传感器数据上报、参数配置、指令交互等功能；按规范完成软件设计文档、测试报告、版本日志等技术资料的编写、整理与归档。 5、结合产品实际工况，制定传感器软件测试、性能验证、可靠性验证方案，配合产线完成量产标定、参数固化、固件烧录，保障产品批量一致性与稳定性。 6、针对压阻传感器温漂、零漂、非线性、滞后误差，以及压电传感器温度漂移、电荷不稳定等行业痛点，开发温度补偿、分段修正、多点标定算法，优化全温区测量精度，满足工业级传感产品可靠性要求。 7、完成上级领导交办的其他工作 四、工作条件 工作时间：5 天 8 小时工作制，周末双休，法定节假日正常放假。 工作环境：以舒适的办公室办公为主。 危险性：不存在安全问题。 五、任职资格要求 维度 具体要求 1、学历要求：本科及以上学历 2、专业要求：电子信息、通信工程、自动化、计算机、测控技术、仪器仪表等相关专业。 3、知识要求：熟悉数字电路、模拟电路基础；了解传感器原理、信号调理、模数转换（ADC）基础理论；掌握嵌入式实时操作系统基本概念，熟悉常用通信协议原理；了解工业传感器行业标准、可靠性设计与EMC基础常识。 4、工作技能： 1）精通C语言，熟悉汇编语言，编程基础扎实，具备规范的代码编写与模块化设计思维； 2）熟练掌握8/32bit MCU、ARM架构开发，熟练使用Keil、IAR等嵌入式开发环境，可独立完成软件设计与整机调试； 3）熟悉常用外设驱动（UART、I2C、SPI、485等），掌握数字信号波形采集、数据分析、微弱信号去噪技术； 4）熟悉传感器信号处理逻辑，了解温漂补偿、非线性校准、数字滤波等基础算法； 5）熟练使用示波器、逻辑分析仪、万用表等电子测试仪器，具备独立问题排查能力。 5、经验要求 3年及以上嵌入式软件开发经验；有压阻/压电传感器、压力/振动/力学传感器固件开发经验优先 六、任职软技能要求 逻辑清晰，具备较强的软硬件协同沟通、分析与解决问题能力 工作严谨、责任心强，有量产项目落地经验，能适应研发节奏与压力 具备良好文档习惯，乐于学习新技术，有团队协作精神 工作地点 厦门翔安区火炬翔安产业区舫山南路809-2号2单元1101室 以担保或任何理由索要财物，扣押证照，均涉嫌违法。一经发现， 立即举报,"电子元器件,电气元器件,招标采购,商务采购,英语",http://www.zhaopin.com/jobdetail/CCL1515175180J40852542307.htm?refcode=4019&srccode=401901&preactionid=590ca3bd-f9f8-47c8-80e3-a9b53a5c0633
嵌入式软件工程师,雷熔流体科技(上海)有限公司,1.3-2万,上海·松江·石湖荡,Guangzhou,本科,1-3年,11月8日,zhilian,岗位职责： 1. 步进电机无刷电机驱动器的控制算法设计。 2. 嵌入式单片机系统的软件设计。 3. 技术文档编写。 4. 配合其他工程师工作。 5. 编制及调试项目中的软件代码，审核相关软件测试报告，解决内部测试和客户测试中的软件BUG 工作地点 上海市-松江区-石湖荡镇胜塔路79号2栋2楼2楼 以担保或任何理由索要财物，扣押证照，均涉嫌违法。一经发现， 立即举报,"Python,Java,C语言",http://www.zhaopin.com/jobdetail/CCL1391655790J40807695307.htm?refcode=4019&srccode=401901&preactionid=590ca3bd-f9f8-47c8-80e3-a9b53a5c0633
嵌入式软件工程师,江苏微技科技有限公司,8000-9000元,苏州·工业园区,Guangzhou,本科,1-3年,2月28日,zhilian,职位描述 ARM处理器 C语言 C++ 嵌入式系统设计 性能优化 跨团队协作 工作职责 1. 负责嵌入式系统的软件架构设计与模块开发，确保代码的可维护性与可扩展性。 2. 主导系统性能瓶颈分析与优化，解决底层驱动、硬件适配等技术难题。 3. 与硬件工程师、测试团队紧密协作，参与需求评审与联调，保障项目按计划交付。 任职要求 1. 具备嵌入式软件开发实战经验，熟悉ARM、MCU等硬件平台的开发流程。 2. 精通C/C++编程语言，掌握嵌入式系统的内存管理、中断处理等底层原理。 3. 能够独立完成问题定位与调试，具备较强的逻辑分析与故障解决能力。 工作地点 苏州工业园区星湖街 以担保或任何理由索要财物，扣押证照，均涉嫌违法。一经发现， 立即举报,"ARM处理器,C语言,C++,嵌入式系统设计,性能优化,跨团队协作",http://www.zhaopin.com/jobdetail/CCL1518458130J40840017910.htm?refcode=4019&srccode=401901&preactionid=590ca3bd-f9f8-47c8-80e3-a9b53a5c0633
嵌入式软件工程师,成都爱科特科技发展有限公司,6000-12000元·13薪,成都·温江·天府,Guangzhou,学历不限,经验不限,7月20日,zhilian,职位描述 C语言 32位单片机 DSP 开关电源 半导体/芯片 任职要求： 1、3~5年单片机或DSP软件开发经验，有实践经验的应届毕业生也可； 2、会设计简单的控制电路板，具有绘制PCB板的经验； 3、PID环路调节，有数字化电源开发经验。 上班时间：9：00-18：00，周末双休 工资：面议 工作地点 四川省成都市温江区天府街道科源路 以担保或任何理由索要财物，扣押证照，均涉嫌违法。一经发现， 立即举报,"C语言,32位单片机,DSP",http://www.zhaopin.com/jobdetail/CC162537510J40864248409.htm?refcode=4019&srccode=401901&preactionid=590ca3bd-f9f8-47c8-80e3-a9b53a5c0633
嵌入式软件工程师,耐力股份有限公司,8000-13000元,石家庄·元氏·马村,Guangzhou,本科,经验不限,1月12日,zhilian,岗位职责： 1、参与公司新产品项目申请、研发，提出可行性方案； 2、负责项目及软件平台中电机控制相关的代码开发，包括软件框架与模块设计、技术方案与案例开发、项目开发过程文档编写等； 3、负责电机控制领域关键前沿技术的跟踪与创新性预研、包括理论设计、建模仿真及产品化，构建产品在算法层面的技术优势与壁垒； 4、对产品在市场端验证中遇到的关键性能技术问题负责，主持或推动相关问题的及时处理和彻底闭环。 5、总结研发进程中遇到的问题，形成管理机制，确保问题得到解决并避免再次发生； 任职要求： 1、电气电子、计算机、软件工程等专业硕士及以上学历； 2、熟悉电机拖动与自动控制原理，精通异步电机和永磁同步电机控制原理及相关的算法； 3、熟悉PID控制原理，精通无感/有感、正弦波矢量（FOC）等控制原理； 4、精通MATLAB/Simulink仿真，擅长利用仿真等进行电机控制策略仿真； 5、有丰富的基于DSP、ARM等嵌入式芯片进行C语言开发经验； 6、有一定的项目管理经验； 工作地点 石家庄元氏县石家庄制造装备基地元氏区元氏大街571号 以担保或任何理由索要财物，扣押证照，均涉嫌违法。一经发现， 立即举报,"32位单片机,C语言,C++,C#",http://www.zhaopin.com/jobdetail/CC214456110J40911198908.htm?refcode=4019&srccode=401901&preactionid=590ca3bd-f9f8-47c8-80e3-a9b53a5c0633
嵌入式软件工程师,湖北智通人才服务有限公司,2-4万·14薪,清远·清城区,Guangzhou,本科,经验不限,6月1日,zhilian,岗位职责 1、负责整机嵌入式软件开发（STM32/DSP/ARM）：功率闭环控制、保护逻辑、时序管理、人机交互GUI、数据存储等; 2、实现通信协议：Modbus RTU/TCP、CAN、Profinet（根据客户需求）; 3、开发在线升级与日志存储功能（关键故障现场可追溯）; 4、配合测试工程师完成功率稳定性调试; 5、支持现场陪跑中的软件调试与固件升级。 任职要求 1、本科及以上，计算机、自动化、电子、通信等相关专业，3年以上嵌入式软件开发经验; 2、熟练掌握C/C++，熟悉RTOS（FreeRTOS/RT-Thread）; 3、熟悉至少一种通信协议（Modbus/CAN/以太网）; 4、有功率控制（PID）算法经验者优先; 5、有升级（OTA）开发经验者优先; 6、了解微波电源或射频电源应用者优先。 工作地点 清远清城区广东先导元创精密科技有限公司 以担保或任何理由索要财物，扣押证照，均涉嫌违法。一经发现， 立即举报 客户,"DSP,C++",http://www.zhaopin.com/jobdetail/CCL1281352430J40941489708.htm?refcode=4019&srccode=401901&preactionid=590ca3bd-f9f8-47c8-80e3-a9b53a5c0633
嵌入式软件工程师,上海大视电子科技有限公司,8000-16000元,上海·淞南,Guangzhou,本科,1-3年,8月19日,zhilian,岗位职责 1、主要从事芯片(ARM)MCU/CPU的嵌入式软件开发； 2、硬件相关驱动程序、网络协议、嵌入式系统软件抽象层等方面的软件开发； 3、负责智能设备软件设计与开发； 4、负责嵌入式驱动开发。 任职资格 1、本科学历以上，2年以上实际工作经验； 2、能数量阅读英文硬件datasheet，并理解芯片运行方式及寄存器； 3、有嵌入式系统软件（BSP，Driver等低层）的开发经验，有视频产品研发经验优先考虑 4、有用C语言进行开发经验且实际工作使用2年以上。 最低学历：本科 职位福利：五险一金、绩效奖金、餐补、带薪年假、定期体检、员工旅游 工作地点 上海宝山淞良路10号同济创园 以担保或任何理由索要财物，扣押证照，均涉嫌违法。一经发现， 立即举报,嵌入式,http://www.zhaopin.com/jobdetail/CC224384620J40053454216.htm?refcode=4019&srccode=401901&preactionid=590ca3bd-f9f8-47c8-80e3-a9b53a5c0633
嵌入式软件工程师,达赫(青岛)医疗科技有限公司,1.1-1.6万,青岛·黄岛·辛安,Guangzhou,本科,3-5年,7月23日,zhilian,岗位职责： 1、负责总线型（EtherCAT/CANopen）伺服驱动器、控制板卡等总线功能开发，基于Linux的EtherCAT主站实现以及调试。 2、根据项目需求，进行系统设计和模块设计，完成编码和调试工作。 3、参与新产品的硬件选型和软件架构设计，完成相关的技术文档编写。 4、负责产品的测试与验证，确保产品质量和性能达到设计要求。 5、对现有产品进行维护和改进，解决产品中的技术问题。 6、与团队成员紧密合作，完成项目目标。 任职要求： 1、计算机科学、电子工程或相关专业本科及以上学历。 2、具有EtherCAT总线主站（基于IGH和SOEM主站）运动控制开发经验优先。 4、熟悉主流通信协议、外设驱动、DMA、RTOS。 5、需要精通C语言和ARM架构单片机开发 6、能看懂原理图、PCB，熟练使用示波器、逻辑分析仪等工具。 7、熟悉至少一种嵌入式操作系统，如FreeRTOS，uCOS，Linux等。 8、熟悉硬件原理，能读懂电路图，有硬件调试能力。 9、有电机驱动开发、固件逆向经验优先。 10、熟悉主流通信协议、外设驱动、DMA、RTOS。 11、具有良好的问题解决能力，能独立完成设计和开发工作。 公司概况： 1、上班时间：早8:30 晚5:30、双休、法休 2、入职即缴纳五险 工作地点 青岛黄岛区山东科技大学科技园 以担保或任何理由索要财物，扣押证照，均涉嫌违法。一经发现， 立即举报,C++,http://www.zhaopin.com/jobdetail/CCL1482068740J40548247004.htm?refcode=4019&srccode=401901&preactionid=590ca3bd-f9f8-47c8-80e3-a9b53a5c0633
嵌入式软件工程师,陕西元古宙电子科技有限公司,7000-14000元,西安·莲湖·枣园,Guangzhou,本科,1-3年,5月9日,zhilian,职位描述 C语言 C++ 计算机硬件 职位描述： 我们正在寻找一位充满热情的嵌入式工程师，加入我们的团队，共同参与下一代智能硬件产品从概念到量产的全过程。您将负责嵌入式软件的设计、开发、测试与优化，确保其稳定性、效率与可靠性。 核心职责： 嵌入式软件设计与开发： 负责基于微控制器（MCU）的嵌入式软件架构设计、编码、调试及单元测试。 系统集成与驱动开发： 移植和优化实时操作系统（RTOS），并开发、调试各类外设驱动。 通信协议实现： 实现并优化产品所需的各类通信协议，保障底层接口与上层应用之间的稳定、高效数据交互。 硬件协同调试： 与硬件工程师紧密协作，参与硬件板卡的调试、测试与问题定位，分析并解决软硬件边界问题。 工具链与文档： 熟练使用开发、调试、测试工具，并编写规范的设计文档与技术报告。 任职资格要求： 学历与专业： 电子工程、通信工程、计算机科学与技术、自动化等相关专业，本科及以上学历(英语四级有证）。 核心技术能力（必备）： 编程语言： 精通C语言，具备良好的编程风格和扎实的编程基础。熟悉C++者优先。 操作系统： 精通FreeRTOS、uC/OS等至少一种实时操作系统（RTOS）的应用开发，理解其任务调度、内存管理、进程间通信等核心机制。 接口与协议： 精通USB、SPI、I2C、UART等常用通信接口；对RS-485、RS-232等工业串行标准及以太网（ETH）有实际开发经验。 开发与调试： 熟练使用Keil MDK、IAR等主流嵌入式开发环境，具备扎实的调试和问题定位能力。 硬件与工具（加分项）： 熟悉ARM、DSP、FPGA及国产化芯片的外围电路设计。 具备基本的硬件知识，能阅读原理图和数据手册。 熟悉Altium Designer、立创EDA等PCB设计工具，或Multisim等电路仿真工具者优先。 个人素质： 具备出色的逻辑分析能力和问题解决能力。 拥有良好的团队协作精神和沟通能力。 对技术有热情，具备强大的自学能力和责任心。 工作地点 西安莲湖区长安先导物质科学产业创新中心5层 以担保或任何理由索要财物，扣押证照，均涉嫌违法。一经发现， 立即举报,"C语言,C++",http://www.zhaopin.com/jobdetail/CCL1523649640J40847720001.htm?refcode=4019&srccode=401901&preactionid=590ca3bd-f9f8-47c8-80e3-a9b53a5c0633
嵌入式软件工程师,北京秋满实医疗科技有限公司,1.5-2.2万,北京·通州·马驹桥,Guangzhou,本科,1-3年,4月16日,zhilian,岗位职责： 1 从事医疗产品嵌入式（MCU）系统方案设计、评审； 2 参与产品软件需求分析，根据设计开发计划和任务分配，进行软件开发； 3 参与软件测试和确认工作，协同生产解决医疗设备上的嵌入式软件相关问题； 4 完成嵌入式软件架构设计、核心算法设计和开发实现等产品开发环节； 5 负责编写相关的技文档，协助质量和体系进行医疗器械注册； 岗位要求： 1 电子电气、计算机、自动化或相关专业本科及以上学历，211/985院校背景者优先。 2 具备基于STM32、ARM系列芯片的开发能力。 3 精通C/C++编程语言，熟悉嵌入式系统的开发和调试。 4 熟悉Keil、IAR等开发工具，具备较强的调试能力和问题解决能力。 5 熟悉实时操作系统（如FreeRTOS），具备多任务管理及实时数据处理能力。 6 了解电机控制、信号处理、传感器数据采集、模数转换、滤波等技术。 7 具备一定的硬件接口设计经验，熟悉I2C、SPI、UART、CAN等通信协议。 加分项： 1.有医疗器械开发经验者优先。 2.有医疗设备相关开发经验，熟悉医疗行业标准和法规（如9706、IEC 60601）。 3.熟悉信号处理算法及实时数据处理技术，有实际项目经验。 4.熟悉功耗优化设计，了解嵌入式系统的节能设计。 5.有嵌入式Linux、物联网设备开发经验者优先。 我们提供： 有竞争力的薪酬和福利待遇。 参与前沿医疗科技项目的机会。 提供学习和成长空间，包括技术分享会、培训及技术大会参与机会。 灵活的工作环境和良好的团队氛围。 工作地点 北京通州区环科中路2号联东U谷.金亦谷科技园 39号楼秋满实医疗 以担保或任何理由索要财物，扣押证照，均涉嫌违法。一经发现， 立即举报,"32位单片机,ARM处理器,X86处理器,C语言,Keil,STM32",http://www.zhaopin.com/jobdetail/CC136467080J40888811003.htm?refcode=4019&srccode=401901&preactionid=590ca3bd-f9f8-47c8-80e3-a9b53a5c0633
嵌入式软件工程师,河南江湾智能科技有限公司,6000-10000元,南阳·卧龙区·王村乡,Guangzhou,本科,经验不限,7月25日,zhilian,职位描述 STC NXP 半导体/芯片 1、会使用电烙铁，万用表，示波器等常用工具，最好还会使用逻辑分析仪。 2、会使用常用的工作，VS Code 、Keil、IAR等常用的编程软件平台。 3、熟悉STC，STM8，STM32，nRF等单片机的特性与项目创建。 4、熟悉Uart，SPI，I2C，ETH，Timer，PWM，ADC，DAC，FLASH等常见外设。 （以上4点为基本能力，最基本要求） 5、熟悉RS485，Modbus通信协议，自定义通信协议框架及实现方法。 6、熟悉关于通信的容错处理办法，如何用串口接收不定长数据，以及DMA如何使用。 7、了解单片机运行的内存分配，动态内存的工作原理，操作的注意事项。 （增加这5、6、7算是基础进阶一点的要求） 8、熟悉MQTT、HTTP、HTTPS等相关通信协议。 9、熟悉RT thread 、Free RTOS这类操作系统。 工作地点 南阳卧龙区淯龙光电园7号楼 以担保或任何理由索要财物，扣押证照，均涉嫌违法。一经发现， 立即举报,"STC,NXP",http://www.zhaopin.com/jobdetail/CCL1321560300J40454502308.htm?refcode=4019&srccode=401901&preactionid=590ca3bd-f9f8-47c8-80e3-a9b53a5c0633
嵌入式软件工程师,长沙亿旭智能科技有限公司,5000-10000元·13薪,长沙·开福·四方坪,Guangzhou,本科,经验不限,9月5日,zhilian,职位描述 C语言 C# 物联网 STM32 Keil 单片机开发 Qt C++ 物联网 计算机软件 计算机硬件 1）熟悉STM32单片机系统，应用KEIL C语言进行软件开发 2）熟悉串口编程，MODBUS通信，A/D，PWM，DMA等 3）了解WIN下的C++ 语言程序设计:，了解ARM-LINUX更好。熟悉VS-C++、QT软件等 4）为人诚实肯干，工作认真负责，积极面对困难与挑战。 以上可以不一定全能，部分能力即可。我公司在四方坪办公楼，属产学研结合的高科技企业，研究氛围浓厚，工作环境优良。 可以兼职，不来公司上班，按项目核算。 职位福利：五险一金、股票期权、定期体检、绩效奖金、房补 工作地点 长沙开福区长城万富汇金座 以担保或任何理由索要财物，扣押证照，均涉嫌违法。一经发现， 立即举报,"C语言,C#,物联网,STM32,Keil,单片机开发,Qt,C++",http://www.zhaopin.com/jobdetail/CC485318930J00302159406.htm?refcode=4019&srccode=401901&preactionid=9feffbd0-11a5-47e5-b796-28dfc863295e
嵌入式软件工程师,宁德市沃德汽车配件有限公司,8000-16000元,宁德·福安市·甘棠镇,Guangzhou,大专,1-3年,7月4日,zhilian,职位描述 8位单片机 主要工作： 负责 8/32 位单片机（如 STC89 / STM8 / STM32 / ESP32 等）的嵌入式软件开发 负责底层驱动开发（GPIO / UART / SPI / I2C / CAN / LIN / ADC / PWM 等） 负责产品控制逻辑、状态机、通信协议及应用层功能开发 参与 RTOS（FreeRTOS/RT-Thread 或轻量调度器）的移植与多任务设计 参与硬件联调，使用示波器、逻辑分析仪等定位问题 编写 BootLoader、通信协议、参数存储、升级等基础模块 配合硬件工程师完成板级 Bring-up 与系统调试 编写设计文档、调试记录及相关技术资料 参与产品维护与现场问题排查，优化系统稳定性与可靠性 任职要求： 精通 C 语言开发，具备良好的代码风格和模块化设计能力 熟悉单片机开发流程，能独立完成从驱动到应用的完整开发 熟悉常见外设接口：SPI / I2C / UART / CAN / LIN / ADC / PWM 熟悉至少一种 RTOS（FreeRTOS / RT-Thread 等）或多任务调度思想 能阅读原理图，具备基本硬件分析和联调能力 熟练使用示波器、逻辑分析仪等调试工具 熟悉 Git 版本管理 加分项： 有 STC / STM8 / STM32 / ESP32 项目经验 有 CAN/LIN、车载或工业控制经验 有 BootLoader / OTA / 升级方案经验 有低功耗/EMC/稳定性优化经验 有小型 RTOS 或调度器开发经验 能读懂简单汇编，具备问题定位能力 有完整产品量产或长期维护经验 工作地点 福建省宁德市福安市G104(京岚线)宁德市沃德汽车配件有限公司669 以担保或任何理由索要财物，扣押证照，均涉嫌违法。一经发现， 立即举报,8位单片机,http://www.zhaopin.com/jobdetail/CC859087010J40937455215.htm?refcode=4019&srccode=401901&preactionid=9feffbd0-11a5-47e5-b796-28dfc863295e
嵌入式软件工程师,森霸传感,1.5-2万,宁波·鄞州·潘火,Guangzhou,大专,3-5年,7月24日,zhilian,职位描述 嵌入式软件开发 智能家居 单片机开发 传感器 摄像头 蓝牙 智能音箱 智能照明 半导体/芯片 任职要求： 1、根据设计方案需求，编写单片机、调试，测试，确保其按设计要求正常运行； 2、充分了解程序的使用说明、功能要求及业务流程，协助硬件工程制定测试方案； 3、进行相关文档的编写，软件功能书的制定； 4、协助硬件工程师，为客户设计热释电感应应用方案； 5、协助业务员开展销售相关工作。 职位要求： 1、熟练市场主流8位或16位单片机软件开发，进行智能家居或者物联网等产品程序设计。 2、熟练掌握C语言，具有模块化程序设计习惯，具有良好的编程风格，具有SPI、I2C、UART、PWM、ADC等外设开发经验优先； 3、熟悉单片机外围电路原理及常见应用，了解物联网原理架构、协议等； 4、动手能力强，熟练使用测试仪器，良好的团队协作精神，具有一定的英文阅读能力； 5、计算机、电子信息工程、自动化、通信工程等电子相关专科及以上学历，三年以上工作经验。 职位亮点：上市公司，平台稳定 工作地点 宁波鄞州区英莱达集团英莱达大厦3号楼15楼1515室 以担保或任何理由索要财物，扣押证照，均涉嫌违法。一经发现， 立即举报,"嵌入式软件开发,智能家居,单片机开发,传感器,摄像头,蓝牙,智能音箱,智能照明",http://www.zhaopin.com/jobdetail/CC700609230J40323781301.htm?refcode=4019&srccode=401901&preactionid=9feffbd0-11a5-47e5-b796-28dfc863295e
嵌入式软件工程师,安徽天科智戬科技有限公司,8000-13000元,合肥·包河·淝河,Guangzhou,大专,1-3年,7月20日,zhilian,岗位职责： 1.负责无人机反制系统中雷达传感器、运动检测模块的嵌入式软件开发，包括需求分析、代码编写与调试； 2.基于单片机（如 STM32 系列）完成硬件驱动开发，实现传感器数据采集、信号处理与设备控制逻辑； 3.优化运动检测算法在嵌入式平台的落地性能，提升目标识别精度与响应速度，适配系统实时性需求； 4. 配合硬件工程师完成原理图评审、PCB 测试，解决软硬件联调中的技术问题，保障模块稳定运行； 5.编写开发文档、测试报告，沉淀嵌入式开发规范，助力团队技术复用。 任职要求： 1.专科及以上学历，电子信息工程、自动化、计算机等相关专业； 2. 2 年及以上嵌入式软件开发经验，有雷达传感器应用、运动检测算法相关项目经验者优先； 3.熟练掌握单片机编程（STM32 系列优先），精通 C/C++ 语言，熟悉嵌入式操作系统（如 FreeRTOS）； 4.具备硬件设计基础，能看懂原理图，掌握示波器、逻辑分析仪等调试工具的使用； 5.具备较强的问题排查能力，有责任心，能承受项目开发压力，良好的团队协作意识。 工作地点 安徽省合肥市包河区龙川路辅路与采石路辅路交叉口西南140米A1栋17层 以担保或任何理由索要财物，扣押证照，均涉嫌违法。一经发现， 立即举报,传感器,http://www.zhaopin.com/jobdetail/CCL1491310110J40811814414.htm?refcode=4019&srccode=401901&preactionid=9feffbd0-11a5-47e5-b796-28dfc863295e
嵌入式软件工程师,长沙市鑫泰仪器有限公司,1-2万,长沙·岳麓·学士,Guangzhou,本科,3-5年,7月25日,zhilian,岗位职责 1、根据产品的功能需求，负责嵌入式Linux系统的方案设计、总体架构设计及详细设计。 2、对嵌入式Bootloader及Linux剪裁、移植、优化； 3、硬件设备驱动开发、BSP包及第三方库移植； 4、给Linux应用软件的开发人员提供Linux操作系统相关的支持； 5、开发操作系统抽象层，为应用层软件提供统一的与操作系统无关的接口； 6、编写相关设计文档、调测试过程文档、使用说明文档等。 任职资格 1、计算机、电子、信息、通信等相关专业毕业，本科及以上学历； 2、精通C语言，有扎实的编程功底，良好的编码习惯，3年以上嵌入式Linux驱动开发经验； 3、熟悉u-boot开发，板子启动调试，系统引导等，熟悉嵌入式Linux的开发环境和调试方法； 4、熟悉Linux内核，熟悉常用设备驱动开发，如GPIO、WIFI、屏幕、摄像头、陀螺仪、GPS等； 5、有硬件抽象层开发经验的优先 6、有瑞芯微、全志、君正芯片开发平台经验加分。 工作地点 长沙岳麓区玉麟路学士街道玉麟路89号-湖南食品药品职业学院后面 以担保或任何理由索要财物，扣押证照，均涉嫌违法。一经发现， 立即举报,系统驱动,http://www.zhaopin.com/jobdetail/CCL1396743440J40867020507.htm?refcode=4019&srccode=401901&preactionid=9feffbd0-11a5-47e5-b796-28dfc863295e
嵌入式软件工程师,上海肩并肩电子科技有限公司,6000-12000元,郑州·中原·石佛,Guangzhou,大专,1-3年,1月10日,zhilian,职位描述 嵌入式 单片机 电子 通信 C语言 嵌入式软件开发 车联网 单片机开发 人工智能 物联网 半导体/芯片 岗位描述： 1、负责单片机方向产品软件需求分析； 2、负责软件的开发与节点评审； 3、输出产品的技术资料； 4、开展技术交流与培训。 具体要求： 1、电子、通信等相关专业，大专及以上学历； 2、从事单片机相关开发工作1年以上。具备整机方案设计能力； 3、熟悉掌握C语言及常用单片机的性能和应用场景； 4、熟悉各种外设、包括存储、传感器、显示屏、常用通信（CAN、Lin、RS485等）接口； 5、有汽车电子产品研发经验者优先。 6、有较强的学习、总结能力，沟通交流能力强，心态积极、阳光。 工作时间： 9：00—18：00，做六休一 职位福利：五险一金、绩效奖金、包住、带薪年假、项目奖金 工作地点 郑州中原区河南省国家大学科技园西区研发五号楼A座2106室 以担保或任何理由索要财物，扣押证照，均涉嫌违法。一经发现， 立即举报,"嵌入式,单片机,电子,通信,C语言,嵌入式软件开发,车联网,单片机开发",http://www.zhaopin.com/jobdetail/CC603968020J40244812916.htm?refcode=4019&srccode=401901&preactionid=9feffbd0-11a5-47e5-b796-28dfc863295e
嵌入式软件工程师,江苏恒泰易通新能源科技有限公司,5000-10000元,无锡·锡山·东港,Guangzhou,本科,1-3年,7月25日,zhilian,职位描述 C语言 C++ 电气机械/电力设备 电力/水利/热力/燃气 工作内容： 1.负责实施软件技术开发和预研工作，开发与实现软件模块，负责编写、入库并维护代码； 2.按照测控类产品开发流程，组织实施测控装置产品的定制化开发及优化升级，主持技术评审； 3.负责测控类产品测控系统的设计、实现、调试及试验； 4.负责测控类产品问题的收集、定位分析及解决； 5.跟踪发布测控类产品的生产、运行状况，及时处理产品出现的技术问题，确保产品正常生产和可靠运行； 6.负责编制产品软件使用说明书； 7.支撑系统级产品调试、试验、问题分析及处理。 人员要求： 1.专业及学历：计算机相关专业，本科； 2.工作经历：光储充新能源行业1年以上相关工作经历优先录用； 3.软件开发相关工具熟练应用； 4.对光储充运营运维平台有深入了解； 工作地点 无锡锡山区恒泰易通东港镇港王路9号 以担保或任何理由索要财物，扣押证照，均涉嫌违法。一经发现， 立即举报,"C语言,C++",http://www.zhaopin.com/jobdetail/CC700266880J40876283310.htm?refcode=4019&srccode=401901&preactionid=9feffbd0-11a5-47e5-b796-28dfc863295e
嵌入式软件工程师,软通动力信息技术(集团)股份有限公司,1.1-2.1万·13薪,西安·雁塔·鱼化寨,Guangzhou,本科,1-3年,7月23日,zhilian,职位描述 嵌入式 C语言 计算机软件 通信/网络设备 信息安全 1.扎实的C语言基础，1年以上的嵌入式工作经验）； 2.掌握Linux操作系统原理，和常用算法和数据结构知识； 3.有终端开发经验优先； 4.具有良好的沟通、组织、协调能力；团队协作精神及时间观念强； 工作地点 西安雁塔区天谷八路211号环普产业园G2/G3 以担保或任何理由索要财物，扣押证照，均涉嫌违法。一经发现， 立即举报,"嵌入式,C语言",http://www.zhaopin.com/jobdetail/CC000544460J40216429416.htm?refcode=4019&srccode=401901&preactionid=9feffbd0-11a5-47e5-b796-28dfc863295e
嵌入式软件工程师,大连理工大学,5000-8000元·13薪,大连·旅顺口·龙王塘,Guangzhou,本科,经验不限,6月27日,zhilian,岗位职责： 1.负责加工装备软件的方案设计、代码编写、调试和模块测试工作；2.负责加工装备驱动软件模块的开发、集成和维护；3.负责加工装备软件测试问题的分析验证；4.确保软件实现与软件需求的符合性以及软件可靠性；5.确保软件代码的模块化与可靠性；6.完成实验室和团队交办的其他任务。 任职要求： 1.电子、通信、软件等相关专业本科及以上学历；2.熟悉C语言编程，有良好的编程习惯；3.对数据结构、算法和嵌入式操作系统有一定的了解；4.具有独立工作能力和解决问题的能力，热衷技术开发、具有良好的沟通能力；5.具有较强的工作积极性和吃苦耐劳精神；6.具备较好的嵌入式软硬件基础、单片机基础者和嵌入式工控行业背景者优先。 工作地点：大连英歌石科学城 合同与待遇： 经考核面试录用，以人才派遣方式签订合同。按岗位及能力，提供有市场竞争力的薪酬，一事一议（可详询）。按国家相关规定缴纳“五险一金”、享受采暖补贴、带薪假期、免费体检等福利保障。 工作地点 大连旅顺口区辽宁黄海实验室 以担保或任何理由索要财物，扣押证照，均涉嫌违法。一经发现， 立即举报,C语言,http://www.zhaopin.com/jobdetail/CC120537350J40865257809.htm?refcode=4019&srccode=401901&preactionid=9feffbd0-11a5-47e5-b796-28dfc863295e
嵌入式软件工程师,成都清电易新能源有限公司,7000-14000元,成都·龙泉驿·大面,Guangzhou,本科,经验不限,7月10日,zhilian,岗位职责： 1.负责嵌入式系统的设计、开发与调试，确保系统功能稳定、运行高效; 2.参与需求分析、功能设计、产品硬件与软件的协同开发，完成系统集成与优化; 3.负责嵌入式平台的技术预研与方案设计，推动产品技术创新与升级; 4.解决产品开发及应用过程中的技术难题，提升系统性能与可靠性。 任职要求： 1.具备扎实的嵌入式系统开发能力，熟悉主流开发工具与调试方法; 2.熟悉C/C++、Qt研发语言，具备良好的编程习惯和代码规范意识; 3.具备良好的逻辑思维能力与问题分析能力，能独立完成模块开发任务; 4.具备团队协作精神，能够适应高强度研发工作节奏; 5.电子、计算机或电气工程相关专业； 6.有EMS相关产品研发经验者优先。 工作地点 成都龙泉驿区菁蓉·数字经济产业园8栋 以担保或任何理由索要财物，扣押证照，均涉嫌违法。一经发现， 立即举报,电力/水利/热力/燃气,http://www.zhaopin.com/jobdetail/CCL1482343860J40863469307.htm?refcode=4019&srccode=401901&preactionid=9feffbd0-11a5-47e5-b796-28dfc863295e
嵌入式软件工程师,中科芯(荣成)信息技术产业研究院有限公司,5000-10000元,威海·荣成市·崂山街道,Guangzhou,本科,经验不限,7月23日,zhilian,岗位职责： 1.嵌入式软件系统设计、C++代码编写、测试等； 2.制定软件测试方案，完成单元测试和系统测试； 3.良好的团队合作精神和高度的责任感，能够承受压力，工作认真仔细负责，能够主动承担工作，积极上进，勤奋努力，有创新精神，保证工作质量。 工资：面议 工作地点：山东荣成(提供免费住宿) 福利待遇 员工福利： （1）公司福利：培训、五险一金、双休、餐补、公寓，带薪年假、团建 （2）荣成市百千万英才计划： Ø 工作津贴：2023年以后，首次在荣成市非公有制企业全职工作的的统招本科生、从签订正式劳动合同并交纳社会保险起，分别享受1000元/人月、2000元/人月、5000元/人月工作津贴，期限3年； Ø 住房补贴：来荣工作5年内购买荣成市内首套住房的，分别给予5万元、10万元、20万元购房补贴。 员工发展 1.职业发展：研究院为全体员工提供专业、管理两条发展路线，协助员工根据自身特点设计个人职业生涯。 2.晋升途径： （1）专业发展秉承“从新人到专家”的路线，员工可通过晋升成为技术专家； （2）管理发展秉承“从新人到管理者”的路线，员工可通过晋升成为团队、组织的管理者。 简历投递方式 邮件投递： 邮箱：*********** 邮件主题：“应聘岗位-专业-学历-学校-姓名” 邮件内容：简历+成绩单+英语证书/计算机证书(其他证书也可提供)扫描件 工作地点 威海荣成市山东荣成经济开发区管理委员会 以担保或任何理由索要财物，扣押证照，均涉嫌违法。一经发现， 立即举报,"8位单片机,32位单片机,ARM处理器,C++,C语言",http://www.zhaopin.com/jobdetail/CC878538340J40867378010.htm?refcode=4019&srccode=401901&preactionid=9feffbd0-11a5-47e5-b796-28dfc863295e
嵌入式软件工程师,柯力电气,1-1.3万·14薪,宁波·江北·洪塘,Guangzhou,大专,3-5年,6月25日,zhilian,岗位职责：担任仪表开发工程师，项目组长，领导整个项目小组，有团队合作精神。 工作地点 江北区宁波柯力传感科技股份公司 以担保或任何理由索要财物，扣押证照，均涉嫌违法。一经发现， 立即举报,"C语言,嵌入式软件开发",http://www.zhaopin.com/jobdetail/CC459202210J40274049702.htm?refcode=4019&srccode=401901&preactionid=9feffbd0-11a5-47e5-b796-28dfc863295e
嵌入式软件工程师,希铭(江苏)光学科技发展有限公司,1-1.5万,苏州·昆山·玉山,Guangzhou,本科,1-3年,7月20日,zhilian,职位描述 C语言 医疗设备/器械/耗材 1.负责基于STM32F407平台的电机驱动嵌入式软件架构设计与开发； 2开发与优化步进电机驱动算法，基于TMC5240芯片完成驱动控制程序的编写、调试与性能优化； 3.通过SPI/UART通信接口完成TMC5240芯片的寄存器配置、参数调优、实时状态读取及故障诊断保护逻辑开发； 4.参与完成StealthChop2静音控制、SpreadCycle斩波、StallGuard2堵转检测、CoolStep节能等TMC核心功能的调试与落地；5.实现编码器/霍尔/绝对值编码器等位置反馈信号的采集与融合处理； 6.负责电机控制系统的调试与参数整定（电流环、速度环、位置环），优化电机控制的实时性、稳定性与响应性能； 7.配合硬件工程师完成驱动板Bring-up、问题定位及量产支持； 8.编写相关的设计开发文档、测试报告及技术文档。 如果您只想找个地方“混底薪、朝九晚五”，请勿投递； 工作地点 苏州昆山市希铭(江苏)光学科技发展有限公司 以担保或任何理由索要财物，扣押证照，均涉嫌违法。一经发现， 立即举报,C语言,http://www.zhaopin.com/jobdetail/CC624662530J40790359406.htm?refcode=4019&srccode=401901&preactionid=9feffbd0-11a5-47e5-b796-28dfc863295e
嵌入式软件工程师,湖南环球信士科技有限公司,1.6-2.5万,长沙·岳麓·麓谷,Guangzhou,本科,3-5年,6月4日,zhilian,职位描述 嵌入式软件开发 单片机开发 通信/电子/半导体/硬件 蓝牙开发 CC1310、CC2500开发 STM系列 ARM系列 32位单片机 SoPC系列 职位类型：嵌入式 技能要求：C语言编程 要求：计算机/电子/通信工程相关专业，2-5年经验，本科及以上学历 职位描述： 负责编写单片机外围设备底层驱动开发，并对软件进行仿真调试。 1.熟练使用ASM、C、C++等相应的单片机语言，有良好的编程风格和一定的编程技巧； 2.熟悉单片机外围电路、数字电路、基本元器件原理、单片机硬件结构； 3.熟悉SPI、UART、RS232、I2C等通信接口，并有相关开发经验； 4.熟悉TI MSP430或STM32 MCU架构及其固件开发优先； 5.熟悉CC1310、CC2500或Zigbee、蓝牙开发优先； 6.熟悉Nordic NCS开发优先； 7.有较强的英文阅读能力，具有需求分析和系统设计能力，有较强的逻辑分析和独立解决问题能力； 8.独立调试软、硬件系统，熟练使用相关测试仪器（示波器、万用表、逻辑分析仪等）调试经验； 9.具有团队精神、责任感和良好的沟通能力。 工作地点 长沙岳麓区环创企业广场B2栋1004号房 以担保或任何理由索要财物，扣押证照，均涉嫌违法。一经发现， 立即举报,"嵌入式软件开发,单片机开发,通信/电子/半导体/硬件,蓝牙开发,CC1310、CC2500开发,STM系列,ARM系列,32位单片机,SoPC系列",http://www.zhaopin.com/jobdetail/CC265276580J40798057112.htm?refcode=4019&srccode=401901&preactionid=9feffbd0-11a5-47e5-b796-28dfc863295e
嵌入式软件工程师,武汉创达科技有限公司,9000-12000元,武汉·武昌,Guangzhou,本科,经验不限,5月21日,zhilian,职位描述 ARM处理器 C语言 C++ 嵌入式LINUX开发 AI芯片驱动开发 边缘计算优化 工作职责： 1. 负责嵌入式系统的驱动开发与底层软件设计，适配AI芯片（如FPGA/NPU）的硬件接口与算力调度。 2. 优化嵌入式系统的资源占用与功耗控制，提升AI算法在边缘设备的运行效率。 3. 参与硬件与软件的联调测试，解决系统集成过程中的兼容性与稳定性问题。 4. 编写技术文档与接口规范，支撑团队协作与项目交付。 任职要求： 1. 本科及以上学历，电子、计算机、自动化等相关专业，基础扎实。 2. 精通C/C++编程语言，熟悉ARM架构及嵌入式Linux系统开发。 3. 具备AI芯片（如FPGA/NPU）驱动开发或边缘计算项目经验优先。 4. 掌握硬件接口（UART/SPI/I2C）调试方法，能独立完成软硬件联调。 5. 具备良好的问题分析能力与跨团队协作意识。 工作地点 武汉市-武昌区-珞狮北路湖北省科技创业大厦A座 以担保或任何理由索要财物，扣押证照，均涉嫌违法。一经发现， 立即举报,"ARM处理器,C语言,C++,嵌入式LINUX开发,AI芯片驱动开发,边缘计算优化",http://www.zhaopin.com/jobdetail/CCL1492586960J40861955810.htm?refcode=4019&srccode=401901&preactionid=9feffbd0-11a5-47e5-b796-28dfc863295e
嵌入式软件工程师,睿时纪元智能科技(山东)有限公司,6000-12000元·13薪,济南·天桥·桑梓店,Guangzhou,本科,3-5年,5月29日,zhilian,职位描述 32位单片机 C++ 嵌入式软件开发 电气机械/电力设备 我们正在寻找一位有经验的嵌入式软件开发工程师，负责公司产品的软件研发工作。 工作内容： 根据开发规范与流程，独立完成模块的设计、编码和测试； 定位并修改系统暴露出的 bug； 参与软件系统的文档编写和代码评审工作； 与其他部门配合完成从原型到产品的落地。 岗位要求： 本科及以上学历，计算机、电子、通信等相关专业； 3年以上嵌入式软件开发经验； 熟练掌握C/C++语言，熟悉嵌入式系统开发流程； 良好的沟通能力和团队协作精神。 奖金绩效 试用期过后缴纳五险，双休，早九晚六 工作地点 济南市-天桥区-桑梓店街道梓东大道8号三期5号楼 以担保或任何理由索要财物，扣押证照，均涉嫌违法。一经发现， 立即举报,"32位单片机,C++,嵌入式软件开发",http://www.zhaopin.com/jobdetail/CCL1503830680J40778183806.htm?refcode=4019&srccode=401901&preactionid=9feffbd0-11a5-47e5-b796-28dfc863295e
嵌入式软件工程师,中科微至科技股份有限公司,1-1.8万,无锡·锡山·厚桥,Guangzhou,学历不限,经验不限,7月22日,zhilian,"岗位职责： 1. 基于需求设计嵌入式软件架构，编写驱动、中间件或应用层代码。 2. 移植/优化程序，确保资源高效利用。 3. 配合软硬件团队完成项目的开发、测试、上线。 4. 分析常见硬件异常（如信号干扰）并提出解决方案。 5. 维护产品，编写相关文档。修复现场问题，优化程序。 岗位要求： 1. 硕士及以上，电子信息工程、自动化、通信工程等理工科专业,工控行业优先。 2. 精通C语言程序设计，有基础的电气相关知识，能阅读电路图、数据手册。 3. 熟悉UART、CAN、以太网等通信技术及工作原理与接口开发，掌握基本硬件调试工具。 4. 使用过STM32系列芯片， 有相关的2年及以上的工作经历。 5. 抗压能力强，具备较强的逻辑分析和独立解决问题的能力。 6. 良好的文档习惯（编写设计文档、接口说明、测试报告）。 工作地点 无锡锡山区中科微至科技股份有限公司 以担保或任何理由索要财物，扣押证照，均涉嫌违法。一经发现， 立即举报","32位单片机,C语言,单片机,裸机开发,工控 应用层",http://www.zhaopin.com/jobdetail/CC448732730J40911428512.htm?refcode=4019&srccode=401901&preactionid=9feffbd0-11a5-47e5-b796-28dfc863295e
嵌入式软件工程师,西安天泰电子有限公司,6000-12000元·14薪,西安·高陵·泾渭,Guangzhou,本科,经验不限,7月22日,zhilian,岗位职责： 职责一：代码设计及上位机开发 1、完成产品软件功能定义、负责算法框架搭建； 2、负责软件架构设计、负责上位机（测试用）、驱动程序及各功能模块的开发与实现。 职责二：软件资料的管理及下发 负责源代码、烧录文件、通信协议、上位机等资料全流程管理，确保版本迭代可追溯； 职责三：问题闭环处理及跨部门协作 1、负责配合客户进行软件联调； 2、协同硬件工程师完成硬件电路联调； 3、协助解决生产、客户现场或售后阶段出现的软件相关问题。 职责四：其他 1、跟踪行业新技术、新工具和新芯片，持续优化软件开发流程和代码质量； 2、完成领导交办的其他任务。 任职要求 学历专业：本科及以上，计算机、电子、自动化等相关专业 核心技能 精通 C/C++、C# 或 Python，有上位机开发经验（WinForms/WPF/Qt 等）。 熟悉常见 MCU（如 STM32）驱动开发，能看懂原理图 具备软件架构设计能力，熟悉 Git 版本管理与文档规范。 调试与协作： 能独立完成问题定位与闭环修复 可与硬件工程师配合联调，配合客户完成现场调试。 能协助生产/售后解决软件问题。 其他要求 关注新技术，持续优化代码质量。 责任心强，能完成领导交办的其他任务。 工作地点 高陵区西安天泰电子有限公司陕西省西安市经济技术开发区泾渭新城泾高北路西段21号 以担保或任何理由索要财物，扣押证照，均涉嫌违法。一经发现， 立即举报,"C语言,Python",http://www.zhaopin.com/jobdetail/CC296320810J40817745616.htm?refcode=4019&srccode=401901&preactionid=3fd5293a-6486-4bb4-8fc5-7f53f5e7fa95
嵌入式软件工程师,重庆乐乐环保科技有限公司,8000-15000元,重庆·大渡口·春晖路,Guangzhou,大专,1-3年,7月22日,zhilian,职位描述 电气机械/电力设备 本岗位专注家用/商用ATS双电源切换控制器、HSB并网切换控制器、发电机专用充电器、通用设备控制模块嵌入式软件开发，核心负责电源电参量采集、智能切换控制、设备启停逻辑、充电算法、数据通信传输等固件开发，需具备基础硬件认知，可配合硬件完成样机调试、问题排查，主打民用、商用电力控制类成熟产品迭代与新品开发。 精通C语言嵌入式开发，熟练使用STM32单片机开发，掌握单片机常用外设（ADC、UART、GPIO、TIM、PWM等）驱动开发； 熟悉模拟量采集、数字滤波、数据校准，能独立完成电压、电流、频率等电参量采集计算； 熟悉RS485通信、Modbus协议开发与调试，具备设备数据传输、上位机/远程设备通信对接经验； 具备基础硬件能力：可熟练看懂硬件原理图、识别常用元器件，能独立完成简单硬件故障排查、样机调试，会基础焊接优先； 熟练使用Keil、ST-Link/J-Link仿真调试，会使用万用表、示波器辅助调试。 大专及以上学历，电子信息、自动化、电气工程、机电一体化、计算机等相关专业； 1-3年嵌入式软件开发经验 工作地点 重庆市-大渡口区-松青路1563号 以担保或任何理由索要财物，扣押证照，均涉嫌违法。一经发现， 立即举报,电气机械/电力设备,http://www.zhaopin.com/jobdetail/CC840057630J40873715209.htm?refcode=4019&srccode=401901&preactionid=3fd5293a-6486-4bb4-8fc5-7f53f5e7fa95
嵌入式软件工程师,南京长空科技有限公司,8000-16000元·13薪,南京·浦口·江浦,Guangzhou,本科,经验不限,7月17日,zhilian,岗位职责： 1、负责嵌入式飞控软件开发； 2、掌握单片机、ARM（STM32、GD32）等开发技能； 3、负责无人机软件开发的设计文档、技术文档、说明文档编写。 任职要求： 1、精通软件开发环境，熟练C、C++等编程语言，熟悉VSCode、MDK等开发环境； 2、具有无人机飞控基础，了解开源飞控如PX4、Ardupilot、BF等优先； 3、本科及以上学历，电气、自动化、航空工程等相关专业； 4、具良好的协调沟通能力、团队合作精神、高度认真负责的工作态度。 奖金绩效 年终奖、项目奖等 工作地点 浦口区南京长空科技有限公司 以担保或任何理由索要财物，扣押证照，均涉嫌违法。一经发现， 立即举报,"无人机,船舶/航空/航天/军工",http://www.zhaopin.com/jobdetail/CC656145630J40842273201.htm?refcode=4019&srccode=401901&preactionid=3fd5293a-6486-4bb4-8fc5-7f53f5e7fa95
嵌入式软件工程师,江苏浩凯丰环保科技有限公司,1.8-2.1万,苏州·吴中·越溪,Guangzhou,本科,3-5年,6月13日,zhilian,岗位职责1. 负责智能机器人的嵌入式软件、上位机软件及算法模块（如运动控制、SLAM、机器视觉）的设计、编码与测试，适配工业/服务机器人应用场景。 2. 参与机器人系统需求分析与架构设计，输出技术方案、接口文档，解决开发中的技术难点，保障机器人稳定运行。 3. 配合硬件与算法团队完成联调，优化软件性能，提升机器人的响应速度、定位精度与自主性。 4. 跟踪机器人领域技术趋势，引入适配的新技术（如ROS2、AI算法），支撑产品迭代与创新。 ②任职要求 1.本科及以上学历，计算机、软件工程、电子信息、自动化等相关专业。 2. 3年及以上智能机器人或嵌入式软件相关开发经验，熟练掌握C/C++、Python，熟悉ROS/ROS2系统，有机器人运动控制或SLAM算法开发经验者优先。 3. 了解常见传感器（激光雷达、IMU、摄像头）的数据处理，掌握TCP/IP、MQTT等通信协议，具备跨团队协作与联调能力。 4. 有工业机器人、服务机器人或移动机器人完整项目开发经验者优先，具备较强的问题排查与自主学习能力。 工作地点 吴中区苏州诺威特测控科技有限公司C21幢诺威特新能源上4楼 以担保或任何理由索要财物，扣押证照，均涉嫌违法。一经发现， 立即举报,"ARM处理器,Python,C#,Java,PIC单片机",http://www.zhaopin.com/jobdetail/CC208372530J40984057604.htm?refcode=4019&srccode=401901&preactionid=3fd5293a-6486-4bb4-8fc5-7f53f5e7fa95
嵌入式软件工程师,桂林风得控科技有限公司,5000-10000元,桂林·七星区·东江街道,Guangzhou,本科,经验不限,7月23日,zhilian,职位描述 嵌入式软件开发 芯片开发 芯片设计 计算机软件 仪器仪表 通信/网络设备 岗位描述： 1、负责软件开发项目的研发与实施，并对项目进行分析； 2、负责修改已有的系统方案； 3、负责完善和维护软件系统，对软件使用进行培训； 相关要求： 1、通信、电子工程、自动化、计算机及其相关专业本科及以上学历； 2、熟练掌握专业的编程语言； 3、能独立解决技术问题，在校参加过电子类设计竞赛并获奖者优先； 职位福利：五险一金、带薪年假、餐补、定期团建、全勤奖 工作地点 桂林七星区电子医疗信息产业园2号楼B座一、二层 以担保或任何理由索要财物，扣押证照，均涉嫌违法。一经发现， 立即举报,"嵌入式软件开发,芯片开发,芯片设计",http://www.zhaopin.com/jobdetail/CC326203610J40393968511.htm?refcode=4019&srccode=401901&preactionid=3fd5293a-6486-4bb4-8fc5-7f53f5e7fa95
嵌入式软件工程师,广东威尔泰克科技有限公司,8000-16000元·13薪,中山·中山港街道,Guangzhou,本科,1-3年,7月21日,zhilian,职位描述 C++ C语言 C# 1.正规本科院校毕业，电子、自动化、电信、计算机等相关专业。 2.具有单片机、ARM 开发经验，熟悉STM32F103 系列芯片的软件开发。 3.具有通讯接口设计经验，熟悉常用的485、232、SPI、CAN 通讯总线协议，具有工业以太网 EtherCAT、ModbuSTCP、PROFINET等开发经验司者优先 4.具有软件开发经验的应届毕业生或者有工作经验的。 工作地点 中山广东威尔泰克科技有限公司 以担保或任何理由索要财物，扣押证照，均涉嫌违法。一经发现， 立即举报,"C++,C语言,C#",http://www.zhaopin.com/jobdetail/CCL1382585400J40601898809.htm?refcode=4019&srccode=401901&preactionid=3fd5293a-6486-4bb4-8fc5-7f53f5e7fa95
嵌入式软件工程师,山东拓新电气有限公司,1-1.5万·13薪,济宁·兖州区·王因街道,Guangzhou,本科,1-3年,7月25日,zhilian,职位描述 嵌入式 工业自动化/机器人 电气机械/电力设备 专用设备制造 岗位要求： 1.主要从事嵌入式产品的软硬件研发工作； 2.能根据项目设计要求独立完成硬件产品设计工作，内容包括：根据项目要求完成器件选型、手册分析、原理图设计、PCB布局布线、样板硬件测试等； 3.设计工作以工业级ARM相关应用为主，包括电源、通信、工业控制、数据信号处理等部分； 4.产品有严格电磁兼容要求，需要有一定的电磁兼容经验； 5、原理图和PCB的制定和修改。 任职资格： 1.电子信息、软件工程、自动化、通信工程、自动控制等相关专业本科以上，嵌入式系统开发工作经验者优先； 2.熟练使用PROTEL或AltiumDesigner等电路板设计软件，绘制原理图及PCB； 3.熟练掌握C/C++语言编写ARM应用程序及底层驱动； 4.有DSP、FPGA及Linux操作系统开发者优先 5.数字电路、模拟电路基础良好，对工业电气控制有一定的了解，具有一定的英语阅读能力； 6.善于学习新的知识，乐于发现、分析和解决复杂问题，具备良好的沟通与协调能力，良好的团队合作意识，较强的责任感和进取精神。 奖金绩效 十三薪 工作地点 兖州区山东省济宁市高新区第十一工业园 以担保或任何理由索要财物，扣押证照，均涉嫌违法。一经发现， 立即举报,嵌入式,http://www.zhaopin.com/jobdetail/CC236825280J40161127009.htm?refcode=4019&srccode=401901&preactionid=3fd5293a-6486-4bb4-8fc5-7f53f5e7fa95
嵌入式软件工程师,湖南航天环宇通信科技股份有限公司,1-2万·14薪,长沙·岳麓·麓谷,Guangzhou,本科,3-5年,7月25日,zhilian,岗位职责： 1、负责嵌入式平台下的软件开发、测试调试； 2、负责嵌入式平台下的硬件驱动（电机、传感器、通讯接口）开发 3、参与机电产品的整体联调联试，分析解决过程问题； 4、撰写、维护相关技术文档。 任职要求： 1、本科及以上学历，自动化、控制工程等相关专业； 2、3年以上相关工作经验，精通C或c++语言，具有扎实的编程功底和良好的编码习惯； 3、熟悉cortex M控制器的底层外设驱动和应用，熟悉amc、串口、CAN、以太网等外设接口的应用开发； 4、具备一定的电机驱动或运动控制经验者优先， 5、具备一定的文档编写和良好的沟通理解能力，富有责任心和进取精神。 工作地点 长沙市岳麓区杏康南路6号 以担保或任何理由索要财物，扣押证照，均涉嫌违法。一经发现， 立即举报,C语言,http://www.zhaopin.com/jobdetail/CC238591710J40821238615.htm?refcode=4019&srccode=401901&preactionid=3fd5293a-6486-4bb4-8fc5-7f53f5e7fa95
嵌入式软件工程师,南京威孚金宁有限公司,8000-11000元·15薪,南京·浦口·泰山,Guangzhou,本科,经验不限,7月24日,zhilian,"职位描述 嵌入式软件研发 控制器 MCU ECU VCU 该岗位主要负责电机控制相关的项目开发及维护； 该岗位接受25/26届电子类专业应届生，薪资另议（需有电机电控的实习或者课题经验） 工作职责： 1、负责控制策略设计和代码生成； 2、负责软件代码的集成、测试及相关文档编写； 3、负责控制策略仿真、验证； 4、负责产品开发维护及项目支持。 岗位要求： 1、电力自动化、电气工程、电子信息等相关专业，统招本科及以上学历，有软件开发经验（有电机控制软件开发经验,熟ACIM\PMSM\BLDC控制原理优先）； 2、熟练使用嵌入式C语言及Matlab、至少熟练使用一种MCU\ARM\DSP； 3、熟练掌握FOC、磁链，参数辨识，自适应控制，最优控制等控制方法； 4、具有硬件和传感器的基础知识，熟练使用示波器、电流钳等基础调试设备； 5、熟悉电机驱动的基本拓扑结构，有逆变器设计经验者优先。 工作地点 南京市浦口区柳州北路12号 以担保或任何理由索要财物，扣押证照，均涉嫌违法。一经发现， 立即举报","嵌入式软件研发,控制器,MCU,ECU,VCU",http://www.zhaopin.com/jobdetail/CC134956150J40907148812.htm?refcode=4019&srccode=401901&preactionid=3fd5293a-6486-4bb4-8fc5-7f53f5e7fa95
嵌入式软件工程师,锎量(宁夏)自动化科技有限公司,8000-16000元,银川·金凤区·黄河东路街道,Guangzhou,本科,经验不限,7月22日,zhilian,职位描述 嵌入式 电子 Python Java C语言 C++ 嵌入式硬件开发 嵌入式软件开发 职责概述：参与公司生产项目上位机程序开发调试工作；参与公司嵌入式电子产品程序开发调试工作；协助优化，改进,"嵌入式,电子,Python,Java,C语言,C++,嵌入式硬件开发,嵌入式软件开发",http://www.zhaopin.com/jobdetail/CC819836500J40242097312.htm?refcode=4019&srccode=401901&preactionid=3fd5293a-6486-4bb4-8fc5-7f53f5e7fa95
嵌入式软件工程师,昌辉汽车电气系统(安徽)有限公司,1-2万,芜湖·鸠江区·安徽芜湖鸠江经济开发区,Guangzhou,本科,1-3年,7月24日,zhilian,岗位职责描述： 1. 负责汽车电子产品的软件设计、开发和测试工作，确保软件质量达到车规级要求； 2. 参与汽车电子系统架构设计和方案制定，为项目提供技术支持； 3. 编写软件需求分析、设计文档和测试报告，确保文档完整、准确； 4. 编写和维护嵌入式软件代码，熟练使用相关编程语言，如C、C++、C#等； 5. 配合硬件工程师完成硬件驱动和系统调试工作，确保硬件与软件的协同工作； 6. 参与汽车电子产品的功能开发和集成，确保产品功能完善、稳定； 7. 跟进汽车电子产品的设计验证和生产测试，及时解决现场问题。 任职要求： 1. 本科及以上学历，计算机、软件工程、电子工程等相关专业； 2. 有汽车行业软件开发经验，熟悉汽车电子产品开发流程（优先考虑）； 3. 熟练掌握嵌入式软件开发技能，具备扎实的编程基础和编程习惯； 4. 熟悉汽车电子相关协议和标准，如AUTOSAR、ISO 26262等； 5. 了解汽车电子硬件原理，能与硬件工程师有效沟通协作； 6. 具备良好的团队协作精神和沟通能力，能承受工作压力； 7. 英语熟练，能阅读和撰写技术文档，具备一定的英语听写能力。 工作时间：8:00-16:30；双休，法定节假日，五险一金。 免费提供工作餐和宿舍，节假日福利，生日福利。 工作地点 芜湖鸠江区昌辉汽车电气系统(安徽)有限公司158号 以担保或任何理由索要财物，扣押证照，均涉嫌违法。一经发现， 立即举报,"新能源/燃油车零部件,新能源/燃油整车研发制造",http://www.zhaopin.com/jobdetail/CC252829480J40897444313.htm?refcode=4019&srccode=401901&preactionid=3fd5293a-6486-4bb4-8fc5-7f53f5e7fa95
嵌入式软件工程师,四川宝英环境技术有限公司,7000-14000元·14薪,成都·武侯·石羊,Guangzhou,本科,经验不限,7月22日,zhilian,职位描述 C语言 C++ LINUX系统开发 QT框架开发 嵌入式GUI开发 工作职责 1. 基于Linux + QT + C/C++技术软件开发，负责环保设备嵌入式软件的需求分析、方案设计与代码开发。 2. 参与软件模块的单元测试与系统联调，解决设备运行中的技术问题，保障软件稳定性。 3. 编写技术文档，包括设计说明书、测试报告等，推动研发流程规范化。 任职要求 1. 计算机科学与技术、软件开发等相关专业本科及以上学历。 2. 精通C/C++编程语言，具备扎实的编程基础与代码优化能力。 3. 熟悉Linux操作系统原理，掌握进程管理、内存管理等核心机制。 4. 熟悉QT框架优先，有嵌入式GUI开发经验者优先。 补充说明 1. 薪酬福利：五险一金、加班补助、交通补助、通讯补助、定期体检、节日福利、周末双休、年终奖金 工作地点 成都武侯区高新区科园南二路1号 以担保或任何理由索要财物，扣押证照，均涉嫌违法。一经发现， 立即举报,"C语言,C++,LINUX系统开发,QT框架开发,嵌入式GUI开发",http://www.zhaopin.com/jobdetail/CC457164480J40235950312.htm?refcode=4019&srccode=401901&preactionid=3fd5293a-6486-4bb4-8fc5-7f53f5e7fa95
嵌入式软件工程师,沐光机器人科技(天津)有限公司,1.5-3万,天津·北辰·宜兴埠,Guangzhou,本科,3-5年,6月26日,zhilian,岗位职责： 1、开发主控板/电机驱动板嵌入式固件（STM32/RT-Thread/FreeRTOS） 2、实现电机 FOC 控制、关节力矩控制、安全保护逻辑 3、开发底盘驱动（轮控/里程计/IMU 融合）及机械臂关节驱动 ROS2 包 4、完成 CAN/EtherCAT/RS485 总线协议栈开发与调试 5、实现实时性保障（硬实时/软实时分层设计），配合运动控制工程师联调 6、编写硬件调试工具与日志系统，支持硬件快速问题定位 任职要求： 1、计算机/电子/自动化相关专业，本科及以上学历 2、3 年以上嵌入式开发经验，有机器人底层驱动开发经历 3、能独立完成 STM32 系列从外设初始化到通信协议的完整开发 技能要求： 1、精通 C/C++（嵌入式环境），熟悉 FreeRTOS 或 RT-Thread 2、熟悉 ROS2 硬件抽象层（ros2_control/hardware_interface），能独立编写驱动插件 3、熟悉 CAN 总线（CANopen/CiA402）及 EtherCAT 协议 4、具备 JTAG/SWD 调试、逻辑分析仪抓包排查能力 5、了解 Linux 实时内核（Xenomai/PREEMPT_RT）加分 工作地点 天津北辰区国家电网(汾河南道站)国家电网停车场西隔壁古铜色大铁门 以担保或任何理由索要财物，扣押证照，均涉嫌违法。一经发现， 立即举报,"底层嵌入式固件开发,及ROS2硬件驱动层",http://www.zhaopin.com/jobdetail/CCL1523711540J40942041315.htm?refcode=4019&srccode=401901&preactionid=3fd5293a-6486-4bb4-8fc5-7f53f5e7fa95
嵌入式软件工程师,上海仁禾聚信息技术有限公司,1.4-2.3万,上海·闵行·新虹,Guangzhou,本科,3-5年,1月15日,zhilian,职位描述 新能源汽车 新能源/燃油车零部件 职责描述: 1、负责AUTOSAR通信协议栈CAN/CANFD/LIN/ETH通信基础软件开发和代码编写调试; 2、负责COMM/CANSMINM通信管理模块、CCP/XCP标定协议栈软件开发和代码编写调试 3、负责UDS协议通讯诊断软件和Bootloader软件开发; 4、负责故障诊断模块开发及配置。 任职要求: 1、汽车工程、自动化、电子电器等工科专业优先，本科及以上学历，工作2年及以上; 2、有汽车电子嵌入式软件开发经验优先、熟悉MCU常用的各项模块驱动、有英飞凌Auirx TC2XX系列芯片使用经验者优先 3、熟悉通讯诊断UDS协议、熟练使用行业主流测试工具等优先，并有实际量产者优先; 4.熟悉汽车CAN/LIN/ETH等通信总线协议，具备相关协议上位机应用语言C#/C++开发能力者优先; 5.乐观开朗、团队协作，吃苦耐劳，持有对新事物新技术的好奇心 工作地点 闵行区阿里中心·上海虹桥1 以担保或任何理由索要财物，扣押证照，均涉嫌违法。一经发现， 立即举报,"新能源汽车,新能源/燃油车零部件",http://www.zhaopin.com/jobdetail/CCL1511804880J40870002012.htm?refcode=4019&srccode=401901&preactionid=3fd5293a-6486-4bb4-8fc5-7f53f5e7fa95
嵌入式软件工程师,深圳市朗科智能电气股份有限公司,1.2-1.8万·13薪,东莞·塘厦镇,Guangzhou,本科,经验不限,7月25日,zhilian,职位描述 C语言 吸尘器 洗地机 工作内容： 1. 主要负责吸尘器、洗地机等清洁家电的嵌入式软件开发与迭代工作。 2. 依据产品需求，完成电机调速、传感器检测、电池管理、人机交互、智能清洁控制等核心模块的代码编写、调试与优化。 3. 配合硬件团队完成软硬件联调，解决开发、试产及量产过程中的软件故障，适配整机运行逻辑。 4. 负责产品功耗、续航、清洁算法的优化升级，编写配套技术文档与测试脚本，跟进项目进度，保障产品稳定落地与迭代更新。 任职要求： 1. 本科及以上学历，电子信息、自动化、计算机等相关专业，熟悉嵌入式开发流程。 2. 精通C语言，掌握Keil开发环境，熟悉SPI、UART、I2C等常用通信协议，了解PID电机控制、电源功耗管理相关技术。 3. 具备吸尘器、洗地机等小家电软件开发经验者优先，可独立完成模块开发与问题排查。 4. 拥有良好的代码规范、逻辑思维能力和团队协作能力，能适配项目节奏，高效解决量产及测试中的各类软件问题。 工作地点 朗科智能(东莞)科技园南门 以担保或任何理由索要财物，扣押证照，均涉嫌违法。一经发现， 立即举报,"C语言,吸尘器,洗地机",http://www.zhaopin.com/jobdetail/CC532504820J40947269108.htm?refcode=4019&srccode=401901&preactionid=3fd5293a-6486-4bb4-8fc5-7f53f5e7fa95
嵌入式软件工程师,上海尼信电子科技有限公司,8000-16000元·17薪,上海·松江·小昆山,Guangzhou,本科,经验不限,5月26日,zhilian,职位描述 不限 1、熟练运用PLC，编写工程控制软件，并且可以独立调试，解决问题。 2、会线上烧录读取IC内部的程序软件，熟悉汇编语言，能够根据反编译后的软件程序，读取固件代码。 3、熟练Ecat通讯编程开发； 4、可以根据需求，从无到有，独立设计电路，编写控制软件及成品调试。 5、工控领域软件设计优先 任职要求： 1、本科学历及以上，计算机类、电子信息、工业设计及结构工程类等相关专业。 2、具备本行业基础英文资料的阅读和理解能力。 3、有相关工作经验优先。 奖金绩效 季度奖金+年终奖 工作地点 松江区上海中电信息港22A 以担保或任何理由索要财物，扣押证照，均涉嫌违法。一经发现， 立即举报,不限,http://www.zhaopin.com/jobdetail/CC702154420J40633969110.htm?refcode=4019&srccode=401901&preactionid=3fd5293a-6486-4bb4-8fc5-7f53f5e7fa95
嵌入式软件工程师,桂林海威科技股份有限公司,7000-11000元,桂林·七星区·东江街道,Guangzhou,大专,3-5年,7月22日,zhilian,岗位职责： 1. 具体负责对产品控制系统部分的开发及相关技术资料的管理工作。如原理图的设计工作，具体项目产品设计的输入、输出评审，控制程序进行设计编写，产品相关程序的测试、调试、修改、升级并对相关技术资料的收集整理等。 2. 负责对其他部门人员进行与控制系统知识相关的培训指导工作。 3. 对控制程序的编写、相关电子元器件的选用等相关知识的深造学习，技术积累，技术开发工作。 4. 负责对外购控制器的测试及产品控制系统的稳定性的指导测试及判定工作。 5. 参与专利编写相关工作； 6. 完成上级领导安排的其他工作。 二、岗位要求： 1.电子、计算机、自动化相关专业； 2.有三年以上单片机软件，嵌入式程序开发工作经验，有成功完成项目软件开发的案例； 3.熟悉C/C++编程语言；对Linux、FreeRtos嵌入式操作系统有一定了解，对网络协议有一定了解。 4.具备一定的硬件基础，能进行电路设计。 工作地点 桂林七星区创新道 以担保或任何理由索要财物，扣押证照，均涉嫌违法。一经发现， 立即举报,"嵌入式,电子,单片机",http://www.zhaopin.com/jobdetail/CC242423110J40216306907.htm?refcode=4019&srccode=401901&preactionid=3fd5293a-6486-4bb4-8fc5-7f53f5e7fa95
嵌入式软件工程师,深圳普华永诚通信有限公司,1.2-2.4万·13薪,深圳·南山·西丽,Guangzhou,本科,3-5年,7月21日,zhilian,职位描述 嵌入式软件开发 单片机开发 STM系列 通信/网络设备 嵌入式软件开放 1. 精通u-COS嵌入式软件开放，有STM32开放经验优先； 2. 有无线通信产品开放经验优先； 3. 有DMR对讲机产品开放经验优先； 4. 通信、计算机专业本科及以上； 奖金绩效 季度奖、年终奖、员工持股 工作地点 深圳南山区港鸿基高新智能产业园A栋616号 以担保或任何理由索要财物，扣押证照，均涉嫌违法。一经发现， 立即举报,"嵌入式软件开发,单片机开发,STM系列",http://www.zhaopin.com/jobdetail/CC426533110J40483836805.htm?refcode=4019&srccode=401901&preactionid=3fd5293a-6486-4bb4-8fc5-7f53f5e7fa95
嵌入式软件工程师,贵州国致科技有限公司,6000-9000元,贵阳·白云·沙文,Guangzhou,本科,1-3年,7月18日,zhilian,职位描述 ARM 通信 嵌入式 Linux C++ 人工智能 产业互联网平台 计算机软件 1、本科以上学历 ，电子，计算机，通信相关专业； 2、熟悉掌握C++/C编程语言中的一种或数种，有良好的编程习惯； 3、1~3年Linux环境下进行项目开发的经验； 4、熟悉FreeRTOS/uCos，有stm32开发经验者优先； 5、有工程机器人开发经验优先； 6、具备独立工作能力和解决问题的能力、善于沟通，乐于合作，热衷新技术，善于总结分享，喜欢动手实践； 职位福利：五险一金、餐补、交通补助、带薪年假、健身俱乐部、节日福利、周末双休、通讯补助 工作地点 贵阳白云区白金大道科学城智谷11栋 以担保或任何理由索要财物，扣押证照，均涉嫌违法。一经发现， 立即举报,"ARM,通信,嵌入式,Linux,C++",http://www.zhaopin.com/jobdetail/CC880232660J40224297008.htm?refcode=4019&srccode=401901&preactionid=3fd5293a-6486-4bb4-8fc5-7f53f5e7fa95
嵌入式软件工程师,威海艾迪科电子科技股份有限公司,8000-15000元,杭州·钱塘·白杨,Guangzhou,本科,经验不限,6月12日,zhilian,"岗位职责： - 1、产品软件部分的开发设计，参与新品的研发、试制、测试、转产工作，解决产品生产过程中的技术问题； - 2、根据产品需求制定设计思路以及详细设计方案； - 3、代码编写以及调试； - 4、固件模块测试、集成测试，并解决问题； - 5、编制相关产品技术文档，优化产品品质，编写固件开发文档。 - 任职要求： - 1、为人正直、诚信，有责任心和上进心，心胸开阔，有团队合作意识。 - 2、熟练使用Protell，ProE、Altium design.、C语言编程。 - 3、熟悉单片机，有ARM、DSP等相关体系经验者优先。 - 4、本科及以上学历，电子信息科学与技术、通信、自动化等专业 - 5、熟悉CANopen,EtherCAT,PROFINET,PROFIBUS等现场总线者优先。 工作地点 钱塘区杭州市高科技企业孵化园区-2幢608室 以担保或任何理由索要财物，扣押证照，均涉嫌违法。一经发现， 立即举报","ARM处理器,C语言,Python",http://www.zhaopin.com/jobdetail/CC246896330J40793736216.htm?refcode=4019&srccode=401901&preactionid=48386f06-94a8-4d4e-ba37-eae90341ebc9
嵌入式软件工程师,嘉兴坤拓智能技术有限公司,1-1.6万·14薪,嘉兴·南湖区·城南街道,Guangzhou,本科,3-5年,7月23日,zhilian,"职位描述 PCB设计 EMC设计 电容 工作职责 1.负责低压电器产品嵌入式软件程序开发； 2.负责低压电器产品嵌入式软件功能新增及维护； 3.负责低压电器产品嵌入式软件著作权申请及保护； 4.负责低压电器产品单板测试及系统测试； 5.负责配合产品工程师分析嵌入式软件问题并解决； 6.负责配合硬件工程师调试硬件电路； 任职资格 1.熟悉至少一种ARM单片机软件设计方法，如ST、GD、NXP等；熟练掌握Keil、IAR等至少一种单片机软件开发工具； 2.熟悉UART、I2C、SPI、CAN等常见外设接口协议及驱动程序开发； 3.熟悉电路理论基础,对硬件有一定了解； 4.具备独自解决问题的能力； 5.具有熟练阅读英文文档的能力； 6.有一定的沟通协调能力； 7.有3年及以上相关行业嵌入式软件工作经验。 我们期待你的加入，一起创造出色的技术产品，推动公司的发展！ 工作地点 浙江省嘉兴市南湖区昌盛南路36 以担保或任何理由索要财物，扣押证照，均涉嫌违法。一经发现， 立即举报","PCB设计,EMC设计,电容",http://www.zhaopin.com/jobdetail/CCL1514467920J40888495203.htm?refcode=4019&srccode=401901&preactionid=48386f06-94a8-4d4e-ba37-eae90341ebc9
嵌入式软件工程师,南京博兰得电子科技股份有限公司,1.5-1.8万,杭州·拱墅·祥符,Guangzhou,本科,3-5年,7月25日,zhilian,岗位职责： 1、负责开关电源产品的嵌入式软件开发，包括需求分析，功能设计及后期维护。2、配合硬件工程师完成产品/系统整机测试。 任职要求： 1、自动化/电子信息/测控/通讯工程等相关专业本科以上学历，3-5年以上工作经验； 2、能独立完成单片机或DSP的软件及接口电路的 设计，有STM32、Microchip、TIC2000控制器开发经验者优先； 3、熟悉模拟、数字电路、嵌入式处理器及其接口基础知识； 4、有PMBus、I2C、SPI、UART、RS2321485、CAN、Ethermet及TCP/IP协议等至少一种通讯协议开发经验； 5、有PFC、LLC等拓扑数字控制软件开发经验以及有逆变器、AC-DC等电源产品软件开发经验者优先； 6、熟悉软件流程管理和版本控制，有良好的软件开发习惯，能够写相关的技术文档； 7、具有良好的英文读写能力、团队合作能力、快速学习和适应能力。 工作地点 杭州拱墅区崇安盛世中心萍水街303号崇安盛世中心8楼818（西边B门上） 以担保或任何理由索要财物，扣押证照，均涉嫌违法。一经发现， 立即举报,"DSP,单片机",http://www.zhaopin.com/jobdetail/CC256910910J40877723614.htm?refcode=4019&srccode=401901&preactionid=48386f06-94a8-4d4e-ba37-eae90341ebc9
嵌入式软件工程师,兰剑智能,9000-13000元·13薪,德州·临邑县·邢侗街道,Guangzhou,本科,3-5年,7月14日,zhilian,"职位描述 C++ 32位单片机 AGV 通信/网络设备 工业自动化/机器人 电气机械/电力设备 工作地点：山东省德州市临邑县-双休-13薪 工作职责 1：负责AGV自动充电机的嵌入式软件设计，实现充电逻辑（恒流/恒压控制）、电量检测及通信交互。 2： 开发充电桩与AGV的对接协议（如CAN、RS485、无线通信MQTT），支持握手识别、充电启停、故障报警等功能。 3： 优化充电效率与安全机制（过压/过流保护、温度监控），符合电气安全标准（如UL、CE） 4： 设计AGV呼叫器（物理按键或无线终端）的嵌入式软件，实现任务触发、状态反馈、优先级调度等功能。 5： 开发与AGV中央调度系统（WMS/WCS）的通信协议（如HTTP/MQTT），确保低延迟指令传输。 6： 支持多呼叫器协同工作，避免指令冲突，具备抗干扰能力（如工业环境下的无线信号稳定性）。 任职资格 1、本科及以上学历，通信工程,电子信息或自动化相关专业毕业； 2、有3年以上嵌入式开发经验，熟练掌握C/C++语言； 3、精通STM32单片机，掌握RT-Thread 4、熟悉CAN通讯,具有RS232,RS485,CAN,CANopen,USB,SPI,UDP应用调试经验; 5、有AGV相关经验优先 工作地点 德州临邑县兰剑智能科技 以担保或任何理由索要财物，扣押证照，均涉嫌违法。一经发现， 立即举报","C++,32位单片机,AGV",http://www.zhaopin.com/jobdetail/CC120752170J40827792816.htm?refcode=4019&srccode=401901&preactionid=48386f06-94a8-4d4e-ba37-eae90341ebc9
嵌入式软件工程师,北京芯普思信息技术有限公司,1-2万·13薪,北京·昌平,Guangzhou,大专,1-3年,6月11日,zhilian,职位描述 ARM 嵌入式 计算机软件 技能需求： 嵌入式应用开发（初级） 熟悉C/C++，shell 编程。 会使用QT，Android Studio来开发嵌入式应用。 熟悉Ubuntu操作系统，熟练使用Linux命令。 会使用Git版本管理工具，对源码进行维护。 热爱嵌入式行业，稳重踏实，喜欢探索，动手能力强。 工作安排： 负责开发维护Linux平台测试应用Hardwaretest及Android平台测试应用开发，面向公司使用的全部平台 负责培训操作工正确使用测试程序，及时与操作工沟通协作处理工作中遇到的有关系统，软件及测试的问题 对新系统进行功能测试及压力测试，问题寻找并反馈上级进行修复 对软硬件文档撰写，更新维护 产品测试，改进现有PCBA的测试程序，同时开发一个与系统相关的测试软件， 工作地点 北京昌平区昌平路97号新元科技园B406 以担保或任何理由索要财物，扣押证照，均涉嫌违法。一经发现， 立即举报,"ARM,嵌入式",http://www.zhaopin.com/jobdetail/CC389136820J40533653116.htm?refcode=4019&srccode=401901&preactionid=48386f06-94a8-4d4e-ba37-eae90341ebc9
嵌入式软件工程师,厦门劦通科技有限公司,1-1.5万,厦门·集美·杏滨,Guangzhou,大专,3-5年,7月25日,zhilian,"岗位职责 1、负责电梯应急装置、松闸电源的 STM32 嵌入式软件开发与整机调试； 2、基于 FreeRTOS 搭建多任务框架，开发 ADC 同步采样、SPWM 逆变： 3、实现 Modbus-RTU 通讯、PID 控制、数字滤波，解决工业强干扰采样问题； 4、看懂硬件原理图，配合硬件完成软硬件联调，编写开发与测试文档； 跟进新技术，完成产品软件迭代优化。 任职要求 1、精通 C 语言，熟练 STM32 单片机开发； 2、熟练 FreeRTOS，会任务、队列、信号量等多任务同步通信开发； 3、掌握多路 ADC 同步采样、PWM/SPWM 输出，了解运放基础电路； 4、熟悉 RS485+Modbus 协议，会均值 / FIR 滤波、PID 闭环控制优先； 5、有电源、工控、电梯配套设备开发经验优先，无需绘制 PCB； 6、独立开发调试能力强，能独立完成嵌入式开发任务，无需带教，主动配合项目节点推进"" 主要核心考察技术 ""FreeRTOS、多路ADC同步采样、SPWM/SVPWM逆变"" 加分项：Modbus 通讯、数字滤波、PID 算法 工作地点 集美区集美软件园3期-F24号楼厦门火炬高新区软件园三期集美北大道1019号F24栋202单元 以担保或任何理由索要财物，扣押证照，均涉嫌违法。一经发现， 立即举报","32位单片机,FreeRTOS,PWM/SPWM,C语言",http://www.zhaopin.com/jobdetail/CC536857780J40876269009.htm?refcode=4019&srccode=401901&preactionid=48386f06-94a8-4d4e-ba37-eae90341ebc9
嵌入式软件工程师,航天科技控股集团股份有限公司,8000-13000元,哈尔滨·香坊·朝阳,Guangzhou,本科,3-5年,3月26日,zhilian,职位描述 嵌入式 驱动开发 ARM 嵌入式Linux C语言 计算机软件 计算机硬件 底层方向： 1.负责MCU底层驱动开发（ARM、NXP、ST等）； 2.负责复杂IC驱动开发； 3.负责Bootloade的开发； 4.负责CAN/LIN等总线相关协议栈的开发； 基本要求： 1.熟练掌握C++语言和编译原理； 2.熟悉嵌入式系统的分析、设计、编码和调试； 3.熟悉嵌入式软件开发流程和开发规范； 4.具备NXP、ST、Infineon等公司相关MCU的处理器架构平台开发经验，精通嵌入式系统相关的软件开发，熟悉汽车电子产品开发流程和可靠性要求； 5.熟练使用嵌入式系统相关的开发工具、有过相对成熟的产品开发经验； 6.熟悉嵌入式系统平台，清楚了解各相关组成部分，嵌入式OS、Bootloader、标定、UDS、UART、CAN、SPI、I2C等相关部分的工作原理、用途及使用方法； 7.熟悉电子电路基本知识； 8.熟悉汽车电子行业产品开发流程，有相关产品开发经验者优先。 能力优秀者薪资面议 工作地点 香坊区哈尔滨市哈平西路45号哈尔滨市哈平西路45号 以担保或任何理由索要财物，扣押证照，均涉嫌违法。一经发现， 立即举报,"嵌入式,驱动开发,ARM,嵌入式Linux,C语言",http://www.zhaopin.com/jobdetail/CC383662010J40191094114.htm?refcode=4019&srccode=401901&preactionid=48386f06-94a8-4d4e-ba37-eae90341ebc9
嵌入式软件工程师,郑州博观电子科技有限公司,5000-10000元,郑州·中原·沟赵,Guangzhou,本科,1-3年,6月3日,zhilian,岗位职责： 1. 设计和开发嵌入式系统的软件； 2. 与硬件工程师合作，确保软件与硬件的紧密集成； 3. 编写软件文档； 任职资格： 1、本科及以上学历，通信、计算机、电子等相关专业；有2年以上相关工作经验； 2、有较好的数模电路、信号与系统基础知识；具备多个数模电路调试经验； 3、精通C语言开发； 4、能够独立阅读英文相关资料； 5、工作责任感强，有较好的钻研精神和团队合作意识。 6、能吃苦耐劳，能加班赶项目，服从公司安排。 职位福利：创业公司、每年多次调薪、加班补助、五险一金、绩效奖金 工作地点 中原区郑州博观电子科技有限公司 以担保或任何理由索要财物，扣押证照，均涉嫌违法。一经发现， 立即举报,"STM32,嵌入式,电路,PCB,电子,嵌入式Linux",http://www.zhaopin.com/jobdetail/CC266534230J40258250806.htm?refcode=4019&srccode=401901&preactionid=48386f06-94a8-4d4e-ba37-eae90341ebc9
嵌入式软件工程师,沈阳派尔泰科科技有限公司,7000-10000元·13薪,沈阳·浑南·浑河站东,Guangzhou,本科,经验不限,7月23日,zhilian,"岗位职责： 1.ZYNQ核心平台开发，以及嵌入式系统linux的搭建； 2.linux系统下外设的驱动开发（与FPGA交互，USB,网络通信等）； 3.与硬件工程师协同工作完成嵌入式产品开发； 4.在windows系统下嵌入式产品配套软件的开发； 5.编写相关使用文档以及设计文件，其他相关资料。 任职资格： 1.软件、电子相关专业本科以上学历，可以应届毕业生； 2.熟悉Windows、Linux/Unix平台的C/C++编程，熟悉网络编程、多线程编程，熟练掌握常用的调试工具及调试方法； 3.熟悉ZYNQ的嵌入式开发过程，能够独立完成ZYNQ嵌入式Linux系统的移植； 4.熟悉QT开发或者Python的开发。 工作地点 沈阳浑南区世纪路37号 以担保或任何理由索要财物，扣押证照，均涉嫌违法。一经发现， 立即举报",C++,http://www.zhaopin.com/jobdetail/CC270077230J40861006513.htm?refcode=4019&srccode=401901&preactionid=48386f06-94a8-4d4e-ba37-eae90341ebc9
嵌入式软件工程师,成都星卫讯科技有限公司,6000-8000元·13薪,成都·武侯·桂溪,Guangzhou,本科,经验不限,7月21日,zhilian,岗位职责： 1、负责电机控制系统策略及算法设计； 2、负责项目电机设计参数选型及驱动电路开发； 3、负责ARM/MCU等嵌入式平台中嵌入式驱动程序开发与调试； 4、负责嵌入式系统的维护和升级，提交开发过程的技术文件； 5、负责电机控制模块中软硬件联合调试和功能测试。 6、协助售后人员进行产品相关的技术支持。 任职要求： 1、本科（含）以上学历，电机控制、自动化、机械电子等相关专业； 2、有嵌入式开发工作经验，具备机器人、机械臂、无人机等运动控制系统研发经验者优先考虑； 3、精通电机PID控制，FOC控制等控制方法，具有RT嵌入式系统开发经验； 4、熟练掌握C/C++语言，熟悉ARM、单片机等开发平台与架构，具有嵌入式编程经验； 5、熟悉UART、SPI、I2C、CAN、RS485等各种接口协议； 6、具备良好的沟通表述能力及协调能力； 7、具备较强的团队合作能力及工作执行力； 8、具备高度的工作责任心及良好的职业道德。 工作地点 成都武侯区菁蓉汇-3A号楼12楼 以担保或任何理由索要财物，扣押证照，均涉嫌违法。一经发现， 立即举报,"ARM处理器,32位单片机,PIC单片机",http://www.zhaopin.com/jobdetail/CCL1367875620J40910734203.htm?refcode=4019&srccode=401901&preactionid=48386f06-94a8-4d4e-ba37-eae90341ebc9
嵌入式软件工程师,深圳华汇世纪集团有限公司,9000-15000元,深圳·光明·凤凰,Guangzhou,本科,经验不限,6月24日,zhilian,岗位职责： 1、负责嵌入式软件的设计、开发和调试，主负责基于STM32的PCB的软件开发。 2、熟悉CAN、RS485、SPI和串口通讯方式，具备相应通信方式的开发经验。 3、对接开发需求，根据需求进行控制板逻辑开发、测试、验证。 4、负责设备的现场调试工作。 5、撰写研发及生产过程中的相关技术文档。 要求： 1、本科及以上学历，电子工程、计算机科学、通信工程等相关专业。2年以上嵌入式软件开发经验。 2、精通C/C++编程语言，了解嵌入式操作系统（如FreeRTOS、RTOS等）；熟练使用rtthread 、 qt等软件开发调试环境。 3、熟悉嵌入式系统常用外设，如GPIO、ADC、PWM、UART、SPI、I2C，LCD等的开发；能够看懂PCB原理图、PCBA上的元器件。 4、熟练使用git版本管理工具。 5、具有硬件调试经验，熟悉嵌入式系统的调试工具（如JTAG、串口调试、TCP/IP调试等）。 6、会使用万用表、示波器、逻辑分析仪等进行调试。 7、能够对PCB硬件故障进行分析、处理。 工作地点 深圳光明区招商局智慧城A区-A4栋11楼 以担保或任何理由索要财物，扣押证照，均涉嫌违法。一经发现， 立即举报,"嵌入式软件开发,单片机开发,PCB设计,物联网",http://www.zhaopin.com/jobdetail/CC685924320J40379262904.htm?refcode=4019&srccode=401901&preactionid=48386f06-94a8-4d4e-ba37-eae90341ebc9
嵌入式软件工程师,苏州欧伏安传感技术研究所有限公司,1-1.5万,苏州·虎丘·东渚,Guangzhou,本科,1-3年,6月8日,zhilian,职位描述 嵌入式软件开发 嵌入式软件开发调试要求： 1）熟悉常见ESP32、STM32、DSP等嵌入式平台开发； 2）熟悉rt-thread/freertos/rtx5/linux等至少一种操作系统用户态程序开发及调试； 3）熟悉C语言，了解ARM架构基本汇编及架构特点； 3）了解基本模拟/数字电路知识，会阅读原理图、使用示波器、直流电源等常规仪器； 4）掌握网络、USB等常规通信方式的开发； 5）熟悉多线程开发、交叉编译等基本开发技能 6）有两年及以上工作经验 工作地点 苏州虎丘区苏高新软件园-2号楼4楼 以担保或任何理由索要财物，扣押证照，均涉嫌违法。一经发现， 立即举报,嵌入式软件开发,http://www.zhaopin.com/jobdetail/CCL1465941990J40818991405.htm?refcode=4019&srccode=401901&preactionid=48386f06-94a8-4d4e-ba37-eae90341ebc9
嵌入式软件工程师,重庆逐际科技有限公司,1-2万,重庆·渝北,Guangzhou,本科,3-5年,7月25日,zhilian,岗位职责 1) 负责嵌入式系统（MCU/ARM/DSP等平台）的软件设计、开发、调试与维护； 2) 完成硬件驱动开发（UART、SPI、I2C、CAN、USB等）及RTOS系统移植； 3) 编写技术文档（需求分析、设计说明书、测试用例），参与代码评审； 4) 与硬件团队协作完成系统联调，解决软硬件兼容性问题； 5) 优化嵌入式系统性能（实时性、低功耗、稳定性）； 6) 解决产品在测试、生产和应用过程中软件相关的问题； 任职要求 1）本科及以上，计算机、电子工程、通信等相关专业； 2）2年以上嵌入式开发经验（优秀应届生可放宽）； 3）精通C/C++，熟悉嵌入式开发流程及调试工具（Keil/IAR/示波器等）； 4）掌握RTOS（FreeRTOS/uC/OS）或嵌入式Linux开发，了解任务调度、内存管理； 5）熟悉常用通信协议（UART/SPI/I2C/CAN/TCP/IP）； 6）能独立阅读原理图，完成硬件驱动开发及系统集成； 7) 良好的沟通能力，适应跨部门协作。 加分项 1) 有STM32/NXP/TI/国产主流MCU芯片开发经验； 2) 熟悉嵌入式Linux驱动开发（设备树、Bootloader）； 3) 掌握Python/Shell脚本开发，或自动化测试框架； 4) 有工业控制、汽车电子（AUTOSAR）、消费电子领域经验。 福利 1) 薪酬福利：竞争力薪资 + 年终奖 + 项目奖金 + 五险 2) 生活关怀：带薪年假 + 节日福利 + 团队团建。 工作地点 重庆渝北区两江协同创新区-创新工坊 以担保或任何理由索要财物，扣押证照，均涉嫌违法。一经发现， 立即举报,船舶/航空/航天/军工,http://www.zhaopin.com/jobdetail/CCL1493847930J40766903007.htm?refcode=4019&srccode=401901&preactionid=48386f06-94a8-4d4e-ba37-eae90341ebc9
嵌入式软件工程师,福建省麦小粒科技有限公司,8000-13000元·13薪,福州·晋安·鼓山,Guangzhou,本科,1-3年,11月20日,zhilian,岗位职责： 1、负责射频放大器、基站设备等产品的软件开发； 2、配合硬件工程师参与需求分析和讨论，并整理需求，必要时给出相关建议； 3、根据需求制定软件方案，完成软件模块的开发、调试和测试等工作； 4、协助硬件射频工程师定位产品问题； 5、负责代码版本管理，做好正式产品的及时归档和记录； 6、负责项目进度以及设备测试调试进度的实时跟进，并及时反馈项目阶段性进展及结果； 7、及时解决客户反馈的问题并进行代码升级与版本的记录和归档； 8、现有软件异常问题的测试寻找并修正，异常问题及解决方式的总结并记录归档； 9、及时了解技术方向，做相应技术预研及积累； 二、任职要求： 1、本科及以上学历，通信工程、电子工程、计算机等相关专业； 2、1年以上嵌入式软件开发工作经验，有UCOS/Linux开发经验优先； 3、熟悉C/C++语言，ARM/STM32/51等MCU（一种及以上）的开发流程，调试方法，熟悉网络基本知识； 4、有全国大学生电子设计竞赛获奖经历者优先； 5、有基本的硬件知识，能看懂基本的原理图，具有一定的电路分析能力和动手调试经验最好； 6、有良好的代码编写习惯和版本管理习惯； 7、有强烈的责任心和钻研精神，为人正直诚实、积极主动，具备独立解决问题的工作能力以及团队协作能力。 其他要求：优先福建省内 工作地点 福建省福州市晋安区前横路169号 以担保或任何理由索要财物，扣押证照，均涉嫌违法。一经发现， 立即举报,8位单片机,http://www.zhaopin.com/jobdetail/CCL1507650380J40851323502.htm?refcode=4019&srccode=401901&preactionid=48386f06-94a8-4d4e-ba37-eae90341ebc9
嵌入式软件工程师,外企德科数字技术有限公司,1.1-2.1万,成都·郫都·合作街道,Guangzhou,本科,经验不限,7月26日,zhilian,职位描述 C语言 C++ Python 信息安全 计算机软件 通信/网络设备 岗位内容： 1. 设计和开发嵌入式系统的软件 2. 与硬件工程师合作，确保软件与硬件的紧密集成 3. 编写软件文档 任职要求： 1. 熟练掌握C/C++语言 2. 熟悉操作系统和网络协议栈 3. 具备良好的沟通及解决问题的能力 工作地点 郫都区华为技术有限公司成都研究所A 以担保或任何理由索要财物，扣押证照，均涉嫌违法。一经发现， 立即举报 客户,"C语言,C++,Python",http://www.zhaopin.com/jobdetail/CCL1480117890J40832057405.htm?refcode=4019&srccode=401901&preactionid=48386f06-94a8-4d4e-ba37-eae90341ebc9
嵌入式软件工程师,舒华体育股份有限公司,1-2万,泉州·惠安县·张坂镇,Guangzhou,本科,3-5年,7月24日,zhilian,"岗位职责： 1、根据KTKC年度规划，依据各项目进度开展嵌入式软件设计及开发； 2、对电控系统软件核心算法进行设计及实现； 3、与硬件、系统及测试工程师配合，调试、改善程序；提出测试验证相关计划,对测试失效项能够进行解析,分析原因并提出改善对策； 4、针对竞争对手产品,能够分析其规格,功能及性能等. 形成优缺点分析报告,作为后续软件开发的借鉴及学习； 5、编写软件操作说明书和编写量产程序烧录操作手册等。 任职要求： 1、本科学历以上，计算机、软件工程、电子信息工程等相关专业； 2、3年以上嵌入式软件开发经验，精通软件开发知识，初步硬件电路知识，熟悉健身器材类产品标准和行业相关知识； 3、精通C/C++语言编程，掌握SPI、IIC、RS485及RS232等驱动开发，熟悉MCU、ARM等平台嵌入式软件开发，熟悉蓝牙、Wifi类产品软件开发，能看懂基本硬件电路原理，良好的沟通及数据统计分析能力，有直流无刷电机驱动控制开发经验； 4、有较强的服务意识，较强的信息收集处理与分析、解决问题及技术创新的能力；专注细节，有效的组织计划和关系管理的能力。 工作地点 泉州市惠安县张坂镇舒华体育股份有限公司 以担保或任何理由索要财物，扣押证照，均涉嫌违法。一经发现， 立即举报",ARM处理器,http://www.zhaopin.com/jobdetail/CC200706020J40503674802.htm?refcode=4019&srccode=401901&preactionid=48386f06-94a8-4d4e-ba37-eae90341ebc9
嵌入式软件工程师,中山鑫泷科技有限公司,4000-7000元,中山·小榄镇,Guangzhou,大专,1-3年,6月25日,zhilian,"职位描述 32位单片机 C语言 C++ LVGL MQTT 通信/网络设备 半导体/芯片 1、计算机、电子、通信、自动化等相关专业，专科及以上学历。有一到两年相关工作经验； 2、熟练运用嵌入式C语言，精通ARM系列，51系列单片机编程，熟悉常用的MCU开发平台如keil，IAR等开发环境； 3、掌握常用的物联网通信协议MQTT，socket，http，wifi,蓝牙的开发，掌握蜂窝物联协议2G/3G/4G的开发； 4、有较好的嵌入式软件开发逻辑； 5、熟悉软件开发流程，具有良好的文档规范和代码编写习惯； 6、熟练操作示波器，万用表等常用仪器设备； 7、有良好的团队精神，工作认真，积极主动； 8、具有很好的责任意识。 工作地点 中山国迈工贸大厦5楼 以担保或任何理由索要财物，扣押证照，均涉嫌违法。一经发现， 立即举报","32位单片机,C语言,C++,LVGL,MQTT",http://www.zhaopin.com/jobdetail/CCL1448100140J40986963604.htm?refcode=4019&srccode=401901&preactionid=48386f06-94a8-4d4e-ba37-eae90341ebc9
嵌入式软件工程师,浙江长江汽车电子有限公司,8000-16000元·13薪,温州·龙湾区·星海街道,Guangzhou,本科,3-5年,7月25日,zhilian,职位描述 嵌入式软件研发 STM32单片机 PIC单片机 STC单片机 嵌入式软件开发 C语言 新能源/燃油整车研发制造 新能源汽车 新能源/燃油车零部件 任职要求： 本科以上学历，电子或相关专业。 具3年以上单片机开发经验。 精通C语言，熟悉单片机开发技术及NEC、freescale、PIC、infineon等相关开发平台； 有汽车电子研发经验优先 可接受优秀本科应届生，定向培养 工作地点 温州龙湾区浙江长江汽车电子有限公司289号、291号 以担保或任何理由索要财物，扣押证照，均涉嫌违法。一经发现， 立即举报,"嵌入式软件研发,STM32单片机,PIC单片机,STC单片机,嵌入式软件开发,C语言",http://www.zhaopin.com/jobdetail/CC408437220J40800828105.htm?refcode=4019&srccode=401901&preactionid=48386f06-94a8-4d4e-ba37-eae90341ebc9
嵌入式软件工程师,贵州安盛科技技术服务有限公司,7000-13000元·13薪,珠海·香洲区·唐家湾镇,广州,本科,经验不限,7月25日,zhilian,职位描述 C语言 C++ ARM处理器 32位单片机 嵌入式驱动开发 RTOS/嵌入式LINUX开发 硬件接口适配 PIC单片机 Python 物联网 半导体/芯片 人工智能 工作职责 1. 参与嵌入式产品的全生命周期开发，从需求拆解到硬件接口适配，确保软件方案与硬件特性的精准匹配。 2. 负责传感器、通信模块等底层驱动的开发与调试，解决多设备间的数据交互与兼容性问题。 3. 基于RTOS或嵌入式Linux完成任务调度与资源管理，保障系统在复杂场景下的实时响应能力。 4. 配合硬件团队完成产品联调与测试，输出清晰的技术文档并跟进问题闭环，推动产品迭代优化。 奖金绩效 五险一金、周末双休、13薪、年终奖 工作地点 香洲区珠海信息港 以担保或任何理由索要财物，扣押证照，均涉嫌违法。一经发现， 立即举报,"C语言,C++,ARM处理器,32位单片机,嵌入式驱动开发,RTOS/嵌入式LINUX开发,硬件接口适配,PIC单片机,Python",http://www.zhaopin.com/jobdetail/CCL1502840300J40935095308.htm?refcode=4019&srccode=401901&preactionid=1f6bdbd3-fc66-4626-9bff-6f0996316121
嵌入式软件工程师,安徽中科龙安科技股份有限公司,8000-16000元,合肥·蜀山·新产业园,广州,本科,3-5年,6月14日,zhilian,岗位职责 （1） 根据具体业务场景完成软件需求分析、总体设计； （2） 边缘侧硬件的驱动程序、嵌入式应用软件系统编程。 3. 任职要求 （1） 电子、自动化、计算机和微电子等相关专业本科生或硕士生，具有3年及以上相关开发经验； （2） 有基于嵌入式Linux平台的程序开发经验，熟练掌握C++或C语言、GNU开发工具链（gcc/gdb/vim/cmake等）； （3） 具备一定的软件架构能力，熟悉多线程程序开发，万行级代码管理和开发能力； （4） 按要求完成各种开发文档、软件等相关资料的编制和存档； （5） 熟悉嵌入式硬件系统，具有驱动程序的开发经验； （6） 具备良好的沟通与协调能力、团队合作意识，较强的责任感及进取精神。 4. 待遇 （1） 根据学历、研发年限和技能确定具体待遇，能力优异者待遇面谈； （2） 享受员工相关福利待遇； （3） 双休，享受社保，公司协助员工申请产业园廉租房。 工作地点 泰普科技园合肥市蜀山区玉蕾路泰普产业园1号楼 以担保或任何理由索要财物，扣押证照，均涉嫌违法。一经发现， 立即举报,"ARM处理器,龙芯处理器",http://www.zhaopin.com/jobdetail/CC290006430J40772455706.htm?refcode=4019&srccode=401901&preactionid=1f6bdbd3-fc66-4626-9bff-6f0996316121
嵌入式软件工程师,河南卓能电气有限公司,5000-9000元,许昌·魏都区·许昌经济开发区,广州,本科,1-3年,7月23日,zhilian,岗位职责 1、负责智能断路器嵌入式固件开发、调试与维护，基于STM32/国产MCU等平台实现底层驱动、业务逻辑编码 2、开发ADC采样、继电器控制、按键显示、保护逻辑等外设驱动，实现漏电、过流、过载等故障精准判断与动作执行 3、对接物联网通信协议，完成MQTT、Modbus、HTTP等协议移植，实现设备数据上报、远程控制、OTA升级功能 4、优化固件低功耗、响应速度与稳定性，解决固件死机、通信丢包、数据异常等问题，配合测试完成固件迭代 5、编写嵌入式开发文档、驱动说明、协议对接文档，配合硬件、测试团队完成联调与量产验证 任职要求： 1、电子信息工程、自动化、计算机科学与技术、软件工程、物联网工程等相关专业，本科及以上学历 2、熟练掌握C语言编程，具备嵌入式固件开发经验，熟悉MCU底层开发、中断处理、内存管理 3、精通I2C、SPI、UART、RS485、CAN等外设通信，有WiFi/BLE/NB-IoT模块驱动开发经验优先 4、熟悉MQTT、Modbus-RTU等工业物联网协议，有远程控制、数据采集类项目经验者优先 5、具备固件调试、问题定位能力，有低压电器、智能电表等电气产品嵌入式开发经验。 工作地点 许昌魏都区清泥河路与阳光大道交叉口西南100米 以担保或任何理由索要财物，扣押证照，均涉嫌违法。一经发现， 立即举报,电气机械/电力设备,http://www.zhaopin.com/jobdetail/CCL1435549900J40839019213.htm?refcode=4019&srccode=401901&preactionid=012da49f-ba73-4330-bd7d-36ed24b4b5ea
嵌入式软件工程师,天津凌智皓越航空科技有限公司,8000-16000元,天津·东丽·新立,广州,本科,经验不限,7月14日,zhilian,岗位职责： 1.负责基于32位嵌入式芯片的软件开发； 2.负责模块代码编写、单元测试、测试代码编写等工作； 3.参与和自己开发的产品相关的技术支持工作； 4.编写技术文档。 岗位要求： 1. 本科及以上学历，计算机、软件工程、通信、信息工程、飞行器动力工程等相关专业； 2. 英语四级及以上水平； 3. 熟悉51、AVR、MSP430、STM32、FPGA等系列中的最少一种单片机，熟悉C语言、汇编语言的程序设计，具有较好的英语文档的阅读能力。 温馨提示：目前公司单双休交替（考虑应届实习生） 职位福利：绩效奖金、五险一金、带薪年假、节日福利、员工旅游、定期体检、免费停车 工作地点 中国民航大学科技园天津市东丽区广轩道航空商务中心C区中国民航大学科技园C2号楼 以担保或任何理由索要财物，扣押证照，均涉嫌违法。一经发现， 立即举报,嵌入式软件开发,http://www.zhaopin.com/jobdetail/CC375647430J40495406415.htm?refcode=4019&srccode=401901&preactionid=012da49f-ba73-4330-bd7d-36ed24b4b5ea
嵌入式软件工程师,贵州木弓贵芯微电子有限公司,4000-8000元,贵阳·观山湖·观山,广州,本科,经验不限,7月22日,zhilian,"岗位职责： 1、负责嵌入式设备系统软件的设计、开发及调试工作； 2、按照项目要求进行软件需求分析、设计、编码及调试工作，并完成相关设计文档的编写； 3、配合系统设计人员及客户完成软硬件联调、试验； 4、负责软件生命周期内的维护、升级等工作； 5、能够对项目开发进度进行把控，按节点完成相关工作； 岗位要求： 1、本科及以上学历，计算机、电子、通信、自动化等电子类相关专业； 2、熟练使用C/C++等编程语言，具有良好的代码风格和编程习惯； 3、具备ARM单片机、SOC等嵌入式系统软件开发经验，有蓝牙、GNSS开发经验优先； 4、熟悉使用一种以上RTOS，有Linux系统开发经验优先； 5、熟练阅读英文文档及数据手册； 6、良好的学习能力、表达能力和沟通能力,责任心强，有一定抗压力和自我驱动力，积极主动，责任心强，具备良好的团队合作精神。 7、可接受应届毕业生 职位福利：交通补助、餐补、通讯补助、节日福利、五险一金、全勤奖 工作地点 贵阳观山湖区金岭社区服务中心国家高新区长岭南路15号 以担保或任何理由索要财物，扣押证照，均涉嫌违法。一经发现， 立即举报","嵌入式,C++,RTOS,嵌入式Linux",http://www.zhaopin.com/jobdetail/CC418456530J40111512908.htm?refcode=4019&srccode=401901&preactionid=012da49f-ba73-4330-bd7d-36ed24b4b5ea
嵌入式软件工程师,克伦斯(天津)轨道交通技术有限公司,8000-10000元,天津·武清·东蒲洼,广州,本科,3-5年,6月3日,zhilian,岗位职责 1.根据研发进度和任务要求，完成软件功能设计、开发、调试； 2.根据项目要求进行需求分析和功能设计，输出完善的技术文档； 3.配合硬件工程师，完成板卡的软硬件调试； 4.完成嵌入式产品应用接口软件开发，固件、嵌入式软件编码实现、调试、测试； 4.对所开发的软件质量和进度负责； 5.完成领导交办的其他任务； 任职要求 1. 计算机、电子、通信、自动化等相关专业本科及以上学历； 2. 三年及以上嵌入式系统软件设计开发经验，有实际项目开发经验，能独立完成项目软件开发； 3. 熟悉软件技术文档的编写，具备良好的代码编写习惯； 4. 熟练掌握C/C++程序设计语言和数据结构，能够进行嵌入式驱动及应用软件架构设计； 5. 熟悉ARM、单片机等软件设计、应用； 6. 熟悉RS232、485、IIC、SPI、以太网、CAN、USB、wifi等接口、总线、通讯方式； 7. 有良好的数字电路、模拟电路、通信原理等基础知识，熟悉电子电路基础理论及电子电路辅助设计工具； 8. 具有较强的团队合作精神及独立思考解决问题的能力。 9. 熟练应用STM32进行软件程序开发，对TI AM572x及AM335x等ARM处理器熟练应用者优先； 10. 对FreeRTOS、uCOS、Linux或其他OS系统有实际经验，能进行Linux驱动开发者优先。 工作地点 武清区克伦斯(天津轨道交通技术有限公司) 以担保或任何理由索要财物，扣押证照，均涉嫌违法。一经发现， 立即举报,C语言,http://www.zhaopin.com/jobdetail/CC603660280J40899011312.htm?refcode=4019&srccode=401901&preactionid=d2fa5926-45ef-417c-993e-ab4434d54c8c
嵌入式软件工程师,致导科技,7000-9000元·14薪,天津·滨海新区·北塘,广州,本科,经验不限,3月25日,zhilian,岗位职责： 1.负责嵌入式系统软件的设计、开发、调试及维护工作； 2.掌握MCU常用外设（UART/SPI/I2C等），具备一定的驱动编写能力； 3.配合硬件工程师完成软硬件联调及产品测试验证； 4.编写技术文档，参与代码评审与团队技术分享。 任职要求： 1.本科及以上学历，电子信息、计算机、自动化等相关专业； 2.熟练使用C语言，掌握数据结构与算法； 3.熟悉STM32/ESP32/NXP等主流MCU开发； 4.了解常用通信协议（CAN、Modbus、TCP/IP等）及外设驱动开发； 加分项： 1.使用QT/Electron开发过工业控制HMI或智能设备UI 2.参与过电机控制、无人机飞控等实时性要求高的项目 3.具备硬件开发能力，包括原理图设计、PCB布局及生产文件输出、焊接调试； 4.有RTOS（FreeRTOS、rt-thread等）实战经验； 工作地点 滨海新区致导创新(天津)科技有限公司中关村科技园华塘睿城6区5号楼北楼4层 以担保或任何理由索要财物，扣押证照，均涉嫌违法。一经发现， 立即举报,"无人机,FreeRTOS,RT-Thread,32位单片机",http://www.zhaopin.com/jobdetail/CC208829080J40772990013.htm?refcode=4019&srccode=401901&preactionid=d2fa5926-45ef-417c-993e-ab4434d54c8c
嵌入式软件工程师,北京中能瑞泰电气有限公司,5000-9000元,太原·小店·小店街道,广州,本科,经验不限,7月8日,zhilian,"职位描述 32位单片机 ARM处理器 C++ C语言 电力/水利/热力/燃气 电气机械/电力设备 任职要求 l 大学本科，计算机科学、物联网、电力自动化、机电自动化、电子通讯专业； l 熟练掌握嵌入式应用程序的开发（使用C， C++， 编程实现串口、以太网、wifi、蓝牙通讯等） l 熟悉各种常用的单片机（51、avr, msp430, stm32等）； l 具备基本的pcb电路板绘图能力，能读懂电路原理图； 职责 | 悉公司现有电力自动化智能设备的安装调试及软硬件框架 l 主要 参加公司水利智能终端开发升级； l 参与软件平台的开发； 工作地点 太原小店区康宁大厦B座1203 以担保或任何理由索要财物，扣押证照，均涉嫌违法。一经发现， 立即举报","32位单片机,ARM处理器,C++,C语言",http://www.zhaopin.com/jobdetail/CC573036920J40796083712.htm?refcode=4019&srccode=401901&preactionid=d2fa5926-45ef-417c-993e-ab4434d54c8c
嵌入式软件工程师,贵州安盛科技技术服务有限公司,7000-13000元·13薪,南昌·红谷滩,广州,本科,经验不限,7月23日,zhilian,职位描述 C语言 C++ ARM处理器 32位单片机 嵌入式驱动开发 RTOS/嵌入式LINUX开发 硬件接口适配 PIC单片机 Python 物联网 半导体/芯片 人工智能 工作职责 1. 参与嵌入式产品的全生命周期开发，从需求拆解到硬件接口适配，确保软件方案与硬件特性的精准匹配。 2. 负责传感器、通信模块等底层驱动的开发与调试，解决多设备间的数据交互与兼容性问题。 3. 基于RTOS或嵌入式Linux完成任务调度与资源管理，保障系统在复杂场景下的实时响应能力。 4. 配合硬件团队完成产品联调与测试，输出清晰的技术文档并跟进问题闭环，推动产品迭代优化。 奖金绩效 五险一金、周末双休、13薪、年终奖 工作地点 南昌红谷滩区红谷瑞仕城际广场A座5楼 以担保或任何理由索要财物，扣押证照，均涉嫌违法。一经发现， 立即举报,"C语言,C++,ARM处理器,32位单片机,嵌入式驱动开发,RTOS/嵌入式LINUX开发,硬件接口适配,PIC单片机,Python",http://www.zhaopin.com/jobdetail/CCL1502840300J40935095408.htm?refcode=4019&srccode=401901&preactionid=d2fa5926-45ef-417c-993e-ab4434d54c8c
嵌入式软件工程师,安徽行一新能源技术有限公司,8000-10000元,合肥·肥西·桃花,广州,本科,经验不限,6月9日,zhilian,岗位职责： 1.负责BMS嵌入式系统架构设计与驱动开发； 2.负责BMS业务软件代码编写、测试，及时响应客户需求； 3.负责编写相关设计文档、分析报告，并及时归档。 4.领导交办的其他工作任务。 任职资格： 1.本科及以上学历，电子信息、自动化等相关专业，一年及以上工作经验； 2.有汽车电子、新能源、BMS等行业软件开发优先； 3.熟悉16/32位单片机系统相关知识，熟悉Freescale平台的更佳； 4.熟悉C语言及嵌入式编程工具及良好的编码习惯，有Cortex-Mx芯片开发经验优先； 5.熟悉常用通信协议，CAN、UART、I2C、SPI，熟悉CAN通信协议优先； 6.能独立分析、解决问题，有较强的创新意识，具备良好的沟通能力与团队协作精神； 7.薪资面试合适可谈。 工作地点 合肥肥西县安徽行一新能源技术有限公司 以担保或任何理由索要财物，扣押证照，均涉嫌违法。一经发现， 立即举报,"C语言,BMS",http://www.zhaopin.com/jobdetail/CC711039980J40876020515.htm?refcode=4019&srccode=401901&preactionid=d2fa5926-45ef-417c-993e-ab4434d54c8c
嵌入式软件工程师,福州三龙喷码科技有限公司,6000-8000元,福州·马尾·马尾,广州,本科,1-3年,7月23日,zhilian,岗位职责： 1. 承担产品开发工作，根据设计方案或要求，完成相关开发、评审及技术文档编写工作； 2. 承担产品样机调试、自测及解决过程中的问题，并做好记录； 3. 承担产品上线后的设计完善，版本升级等维护性工作，以及针对制造和市场 技术支持工作； 4. 执行公司或上级交付的其他工作。 二、岗位要求 1. 本科及以上学历，机械电子工程、电子信息、通信工程、自动化、计算机等相关专业背景。 2. 精通 C/C++ 编程语言，具备规范的代码编写习惯，可独立完成嵌入式应用软件开发工作。 3. 熟悉 UART、SPI、I2C、Ethernet（TCP/IP）等常用通信接口。 4. 熟练运用 Qt 界面开发框架，拥有Qt上位机开发经验或嵌入式人机界面开发经验者优先。 5. 具备电路原理图解读能力，能使用示波器等工具配合进行硬件问题排查者优先； 6. 了解电机控制（步进 / 伺服）、光栅编码器信号处理相关技术者优先。 7. 有喷码机、工业打印机、UV平板机或类似数控设备、运动控制设备开发经验者优先。 8. 具备良好的逻辑思维能力与技术文档阅读能力，工作严谨细致。 三、工作地点：鼓山/马尾 工作地点 福州马尾区联东U谷·马尾智能制造产业园 以担保或任何理由索要财物，扣押证照，均涉嫌违法。一经发现， 立即举报,"ARM处理器,C++",http://www.zhaopin.com/jobdetail/CC180909810J40845764513.htm?refcode=4019&srccode=401901&preactionid=96bbefd2-e128-4366-a034-cbf62294a3ef
嵌入式软件工程师,英迪迈智能科技无锡有限公司,8000-15000元,无锡·新吴·梅村,广州,本科,1-3年,7月22日,zhilian,岗位职责： 1、负责嵌入式应用软件系统开发； 2、参与产品设计方案设计，相关文档撰写。 3、根据设计方案编制工作计划、完成编码、测试及总结工作。 4、解决产品在测试、生产和应用过程中的技术问题。 5、完成其它与此岗位相关的任务。 岗位要求： 1、电气、电子、计算机、自动化或者相关专业本科学历。 2、熟悉C语言以及Cortex-M内核架构，能够独立完成底层软件设计和嵌入式编程、测试和系统调试技术； 3、熟悉硬件电路工作原理，熟练使用I2C、UART、SPI等常用的通讯协议； 4、熟悉SVPWM\电机 FOC 控制算法优先； 5、有电机控制方面量产项目经验优先； 6、熟悉无刷直流电机工作原理者优先； 7、接受应届毕业生； 工作地点 新吴区坤鼎无锡未来智造园 以担保或任何理由索要财物，扣押证照，均涉嫌违法。一经发现， 立即举报,"嵌入式软件,C语言",http://www.zhaopin.com/jobdetail/CC812993090J40796890101.htm?refcode=4019&srccode=401901&preactionid=96bbefd2-e128-4366-a034-cbf62294a3ef
嵌入式软件工程师,厦门印向未来科技有限公司,9000-15000元,厦门·集美·后溪,广州,本科,3-5年,7月24日,zhilian,"职位描述 嵌入式软件开发 职位描述： 1、负责打印机产品嵌入式底层软件开发设计工作； 2、提供新产品由设计转至生产过程中软件方面的技术支持； 3、编写相应的技术文档； 4、解决生产、测试过程中的相关问题。 任职要求： 1、本科及以上学历，计算机/电子/信息工程/自动化类相关专业； 2、三年以上嵌入式（固件）开发经验或者在校期间完成过同类项目优先； 3、掌握单片机相关的基本原理、概念及编程方法； 4、掌握基于C语言的编程方法； 5、有一定的硬件基础，能够看懂电路图； 6、需要有ARM，ATMEL，STM，51单片机开发经验； 7、熟练使用 I2C，SPI，USB，UART等外围接口； 8、需要有微型操作系统经验例如 ucOS ,freertos 等； 9、熟悉工控行业相关产品开发流程，具备良好的编程习惯和开发文档维护习惯； 10、有打印机行业背景优先。 工作地点 东岭路厦门市集美区后溪镇东岭路55号8楼 以担保或任何理由索要财物，扣押证照，均涉嫌违法。一经发现， 立即举报",嵌入式软件开发,http://www.zhaopin.com/jobdetail/CC688511930J40352472015.htm?refcode=4019&srccode=401901&preactionid=96bbefd2-e128-4366-a034-cbf62294a3ef
嵌入式软件工程师,重庆新世纪电气有限公司,7000-14000元,重庆·九龙坡·渝州路,广州,本科,经验不限,10月30日,zhilian,职位描述 嵌入式操作系统 嵌入式 单片机 Linux ARM 总责：主要负责公司装置软件产品的开发执行与生命期内的维护、参与装置软件需求分析和技术方案的论证等。 1、负责装置软件功能实现方案的编制和代码编写，包括电控驱动、控制逻辑、算法、通讯、人机界面等功能； 2、负责控制系统调试过程的软件修改和产品完善过程的软件维护。 3、装置类软件产品开发技术资料及编制。 4、参与公司装置软件产品需求方面的论证并提出合理建议； 任职要求： 1、电子、计算机相关专业本科及以上，有自动化控制系统单片机软件开发经验； 2、具备电子电路基础知识和电工学基础知识。 福利待遇：双休 五险一金 班车 宿舍 节假日礼品礼金 定期体检 年终奖 我们竭诚为每一位员工提供最好的福利待遇 职位福利：五险一金、年底双薪、绩效奖金、加班补助、包住、交通补助、通讯补助、14薪 工作地点 九龙坡区重庆市九龙坡科园4路170号 以担保或任何理由索要财物，扣押证照，均涉嫌违法。一经发现， 立即举报,"嵌入式操作系统,嵌入式,单片机,Linux,ARM",http://www.zhaopin.com/jobdetail/CC240191713J00401711204.htm?refcode=4019&srccode=401901&preactionid=96bbefd2-e128-4366-a034-cbf62294a3ef
嵌入式软件工程师,安徽中科智充新能源科技有限公司,7000-10000元,合肥·蜀山·南岗,广州,本科,1-3年,6月16日,zhilian,职位描述 C++ RTOS 嵌入式/单片机开发 充电桩 通信/网络设备 一、工作内容 负责公司直流/交流充电桩产品项目的嵌入式软件设计、代码编写及维护； 参与产品需求分析、技术方案设计，输出软件设计文档； 完成充电桩与车辆、平台之间的通信协议开发与调试（如CAN、Modbus、MQTT、IEC104、电表协议等）； 解决产品研发及现场应用中的技术问题，必要时出差至客户现场或场站进行问题排查与支持； 负责充电桩产品功能梳理、测试指导及对内对外技术培训。 二、岗位要求 本科及以上学历，计算机、自动化、电子、通信等相关专业，3~5年以上嵌入式开发经验（直流充电桩行业可放宽至3年）； 精通C/C++语言，具备扎实的编程功底与良好的代码规范； 深入掌握RTOS（如UCOS、FreeRTOS、RT-Thread），熟练使用任务调度、信号量、消息队列等机制； 熟悉主流MCU平台：Cortex-M3/M4（STM32/GD32等）、ARM、DSP，能独立完成外设驱动开发； 熟练掌握常用通信接口驱动：CAN、RS232/RS485、SPI、I2C、UART、以太网、FLASH等； 了解Linux应用程序开发（多线程、Socket编程、QT编程）者优先； 熟悉充电桩行业常用协议：Modbus、MQTT、IEC104、电表协议（DL/T 645等）者优先； 能读懂电路原理图，具备基本焊接调试能力，熟练使用示波器、逻辑分析仪等工具； 具备完整的项目生命周期经验（从需求分析到产品发布），有充电桩或储能产品开发经验者优先； 具备良好的故障排查、问题解决能力，能够与硬件、测试、工程团队高效协作，并撰写清晰的技术文档。 本科需要211及以上。 工作地点 合肥蜀山区安徽中科智充新能源科技有限公司1303 以担保或任何理由索要财物，扣押证照，均涉嫌违法。一经发现， 立即举报,"C++,RTOS",http://www.zhaopin.com/jobdetail/CC872555100J40854454111.htm?refcode=4019&srccode=401901&preactionid=96bbefd2-e128-4366-a034-cbf62294a3ef
嵌入式软件工程师,江西鸿乾智能科技有限责任公司,7000-10000元,南昌·西湖,广州,学历不限,3-5年,7月3日,zhilian,职位描述 C++ C语言 物联网 岗位内容： 嵌入式合伙人 1. 设计和开发嵌入式系统的软件 2. 与硬件工程师合作，确保软件与硬件的紧密集成 3. 编写嵌入式软件文档 任职要求： 1. 熟练掌握C/C++语言 2. 熟悉操作系统和网络协议栈 3. 具备良好的沟通及解决问题的能力 4. 具备qt、can、485、llc协议开发能力开发 5. 熟悉mqtt、coap、socket等网络编程和协议 工作地点 南昌西湖区万豪城 以担保或任何理由索要财物，扣押证照，均涉嫌违法。一经发现， 立即举报,"C++,C语言",http://www.zhaopin.com/jobdetail/CCL1336491920J40854822911.htm?refcode=4019&srccode=401901&preactionid=96bbefd2-e128-4366-a034-cbf62294a3ef
嵌入式软件工程师,苏州纳氢新能源科技有限公司,1-1.8万,苏州·吴江·江陵,广州,本科,3-5年,9月14日,zhilian,岗位职责 1. 根据需求完成设计文档编写、软件的设计、编码和测试； 2 参与项目需求分析，搭建产品软件系统框架.； 3. 协助硬件工程师实施对硬件线路的设计验证； 4. 产品样机的调试和测试，工厂技术支持及后续代码维护； 5. 完成领导交给的其它任务； 技能要求 1. 自动化、电气工程，电子信息类及相关专业，本科及以上学历； 2. 精通C语言编程，了解汇编语言，具有良好的编程规范，有独立的项目经验； 3. 熟悉stm32、mc9s12、GD32等MCU的开发，熟悉常用接口（如SPI、I2C、UART、CAN）的使用； 4. 熟练掌握Modbus通讯协议、PID算法等； 5. 熟悉基本的硬件原理和电路，能够熟悉电路调试； 6. 熟悉UCOS/RT-thread等实时操作系统者优先； 工作地点 苏州吴江区庞南村 以担保或任何理由索要财物，扣押证照，均涉嫌违法。一经发现， 立即举报,"嵌入式软件开发,C语言,RT-Thread",http://www.zhaopin.com/jobdetail/CCL1407951840J40346745715.htm?refcode=4019&srccode=401901&preactionid=96bbefd2-e128-4366-a034-cbf62294a3ef
嵌入式软件工程师,南京星航智能传感技术有限公司,1-1.8万,南京·栖霞·仙林,广州,大专,5-10年,7月1日,zhilian,职位描述 32位单片机 DSP C语言 C# ST 单片机 1.负责单板和整机的软件调试工作，配合硬件工程师做整机调试； 2.负责嵌入式产品的程序编写与调试； 3.负责产品软件设计、代码编写、系统调试，完成软件设计文档资料的编写以及相关生产资料的提交； 任职要求： 1.电子工程、电气工程、机电一体化等相关专业大专以上学历； 2.熟悉单片机程序开发，如51、430、STM32等常用MCU；具有DSP开发经验者优先； 3.熟悉嵌入式开发和调试流程，熟悉相关的集成开发环境；具备良好的软件编程风格和习惯，编写的程序逻辑清楚； 4.熟悉单片机ADC、PWM、UART、SPI、I2C、DMA等驱动程序开发及常用通信协议；熟练使用单片机操作系统，如RTOS、UCOS等；熟悉外设驱动程序开发及调试； 5.具有蓝牙、WIFI或物联网相关产品开发经验者优先；具有伺服电机驱动、BLDC驱动相关产品开发经验者优先。 6.工作踏实，积极主动，具有钻研精神，注重细节，具有技术创新能力。 工作地点 南京栖霞区南大科学园新兴产业孵化基地-3号楼1212 以担保或任何理由索要财物，扣押证照，均涉嫌违法。一经发现， 立即举报,"32位单片机,DSP,C语言,C#,ST,单片机",http://www.zhaopin.com/jobdetail/CCL1496681860J40868130809.htm?refcode=4019&srccode=401901&preactionid=a721ce1a-5f5b-4286-b527-f903a3d6f8ca
嵌入式软件工程师,哈尔滨工程大学,1.2-1.8万,哈尔滨·南岗·燎原,广州,本科,经验不限,6月30日,zhilian,岗位职责： 1、相关声呐系统的嵌入式软件开发 2、进行嵌入式软件系统的需求分析和模块设计 任职要求： 1、计算机、电子、通信和自动化等相关专业本科及以上学历 2、熟悉C、Verilog HDL语言及嵌入式开发环境 3、熟悉Xilinx ZYNQ系列FPGA PS端等嵌入式系统的硬件结构和软件开发 4、了解常用的RS232、SPI、TCP/IP等接口和协议，有相关开发经验者优先 5、拥有良好的品德，善于沟通，团队协作意识强，对开发工作有浓厚兴趣 职位福利：五险、年底双薪、绩效奖金、定期体检 工作地点 哈尔滨市南岗区南通大街145号 以担保或任何理由索要财物，扣押证照，均涉嫌违法。一经发现， 立即举报,嵌入式软件开发,http://www.zhaopin.com/jobdetail/CC158231829J00322733707.htm?refcode=4019&srccode=401901&preactionid=a721ce1a-5f5b-4286-b527-f903a3d6f8ca
嵌入式软件工程师,深圳泓光医学技术有限公司,1.2-1.5万,深圳·光明·马田,广州,本科,经验不限,6月25日,zhilian,职位描述 C++ 医疗设备/器械/耗材 工作职责: 1. 二类有源医疗器械应用设计和底层驱动开发，对软件风险评估； 2. 根据产品需求对软件实现可行性分析与评估，制定软件系统方案以及平台选型，软件系统架构设计，软件模块详细设计； 3. 制定软件测试方案，解决研发、生产、维护中出现的相关问题； 4. 负责软件相关文档编写、软件版本控制和升级，软件生命周期管理。 任职要求: 1、统招本科及以上学历，计算机科学、软件工程、电子信息等相关专业； 2、3年上工作经验，熟练掌握C/C++语言，多进程多线程编程； 3、能够独立编写规范的需求说明和设计相关文档； 4、优秀应届毕业生优先考虑。 工作地点 深圳光明区马田街道 以担保或任何理由索要财物，扣押证照，均涉嫌违法。一经发现， 立即举报,C++,http://www.zhaopin.com/jobdetail/CCL1509531790J40858314811.htm?refcode=4019&srccode=401901&preactionid=a721ce1a-5f5b-4286-b527-f903a3d6f8ca
嵌入式软件工程师,琦星智能科技股份有限公司广州分公司,9000-16000元,广州·黄埔·联和,广州,本科,1-3年,7月23日,zhilian,岗位职责】 1.负责缝纫机电控系统功能迭代，样机调试及测试工作 2.负责新项目开发工作 3.编写技术文档，维护软件版本管理体系 【任职要求】 1.本科及以上学历，机器人、自动化、机械工程、电气工程、电子信息等相关专业 2.两年及以上控制系统软件开发经验，了解电机控制算法（FOC、PID等）或运动控制算法优先 3.精通 C 语言，熟悉各种芯片外设配置，如ADC、UART、SPI、中断等 4.工作积极主动，责任心强，具备良好的问题解决能力，能接受出差。 工作地点 广州黄埔区科学城信息大厦附楼一层 以担保或任何理由索要财物，扣押证照，均涉嫌违法。一经发现， 立即举报,"嵌入式软件开发,C语言",http://www.zhaopin.com/jobdetail/CC860534600J40055059706.htm?refcode=4019&srccode=401901&preactionid=a721ce1a-5f5b-4286-b527-f903a3d6f8ca
嵌入式软件工程师,金彭集团,1-1.5万,徐州·贾汪区·大吴街道,广州,大专,1-3年,7月20日,zhilian,岗位职责： 1.电子软件编程； 2.C语言，嵌入式系统编写程序能力，能独立绘制原理图和PCB图； 3.从事够电动车仪器仪表产品研发工作者优先者优； 4.嵌入式开发，精通8位，32位单片机开发，熟练C51，STM32，MICROCHIP等多种软件开发；熟悉硬件的相关开发软件应用：Altium Designer、 PADS等 任职要求： 1.电子、自动化、计算机相关专业，1年以上C语言嵌入式开发经验，有Cortex-M0/M0+内核MCU开发经验优先。 2.精通Keil MDK开发环境，熟练J-Link仿真器下载、在线调试；熟悉PY32系列MCU优先。精通MCU底层驱动：ADC采样、定时器脉冲采集、UART串口通讯、SPI驱动LCD与LED驱动芯片；熟练电量算法、数据掉电保存设计。 3.精通电动车一线通半双工串口通讯协议，有一主多从设备通讯开发经验优先。 4.代码结构清晰，具备量产程序开发思维，程序稳定、容错性强；能够快速定位软件疑难问题。沟通能力良好，能对接生产测试岗位，根据产线需求优化程序。 工作地点 徐州贾汪区吉麦汽车产业园 以担保或任何理由索要财物，扣押证照，均涉嫌违法。一经发现， 立即举报,仪器仪表,http://www.zhaopin.com/jobdetail/CC408279010J40865564607.htm?refcode=4019&srccode=401901&preactionid=a721ce1a-5f5b-4286-b527-f903a3d6f8ca
嵌入式软件工程师,宁波察微生物科技有限公司,1-2万,郑州·金水·祭城路,广州,本科,5-10年,4月17日,zhilian,岗位职责 1、底层驱动开发：负责病理设备（如脱水机、染色机、取材设备等）下位机软件的架构设计与开发，基于STM32系列单片机完成外设驱动编写。 2. 运动控制实现：实现带编码器的步进电机精确位置控制（如闭环防丢步）、伺服电机的速度/转矩控制，完成高精度的机械运动逻辑。 3. 通信协议开发：维护与上位机（Linux系统）的通信链路，负责CAN总线、RS485/Modbus等协议的软件实现与数据交互，确保指令下发与状态反馈的实时性。 4. 温控算法应用：利用PID算法实现温控模块（如加热平台、反应池）的高精度温度控制与校准。 5. 逻辑控制与联调：解析上位机下发的业务指令，编写下位机的状态机与任务调度逻辑，配合上位机软件工程师完成整机系统联调。 6. 医疗合规支持：配合公司质量体系，输出符合医疗器械软件开发规范的技术文档。 二、 任职要求 1. 基本条件 1.1、计算机、自动化、电子通信等相关专业，本科及以上学历，3年以上嵌入式软件开发经验。 1.2、具备医疗器械、精密仪器、工业自动化行业背景者优先，熟悉医疗设备对稳定性和安全性的特殊要求。 2、专业技能 2.1、硬件平台：精通STM32系列（如F4/H7系列）MCU开发，熟练使用Keil、IAR或STM32CubeIDE，熟悉RTOS（FreeRTOS/RT-Thread）下的多任务编程。 2.2、电机驱动：必须具备带编码器的步进电机（如闭环步进）驱动开发经验，熟悉FOC或PID闭环控制算法在电机上的应用；了解伺服驱动器的控制原理（脉冲方向/CANopen通信）。 2.3、通信协议：熟练掌握串口232、SPI、CAN总线（如CANopen协议）及RS485（Modbus RTU/ASCII）协议栈的移植与应用，具备处理通信抗干扰、数据校验的经验。 2.4、控制算法：深入理解PID控制算法，并能应用于温度控制或电机调速场景，具备参数整定（自整定）经验者优先。 2.5、系统协同：理解Linux系统上位机与下位机的交互模式，能熟练定义通信协议（如自定义帧协议、JSON over UART等），配合完成指令解析与状态上报。 三、岗位经验： 1、五年以上相关工作经验； 2、两年以上硬件技术开发工作经验； 3、医疗行业背景企业优先。 四、素质能力： 1、要有学习创新能力和主动性； 2、有时间观念，独立性强，善于思考问题，有一定文档编写能力； 3、具备较强的团队协作能力、沟通能力、责任意识及上进心； 4、具备良好的学习能力，具备良好的抗压能力。 工作地点 金水区郑州大学第一附属医院(郑东院区) 以担保或任何理由索要财物，扣押证照，均涉嫌违法。一经发现， 立即举报,医疗设备/器械/耗材,http://www.zhaopin.com/jobdetail/CC840956710J40895633312.htm?refcode=4019&srccode=401901&preactionid=a721ce1a-5f5b-4286-b527-f903a3d6f8ca
嵌入式软件工程师,能动机器人科技(深圳)有限公司,2-3.5万,深圳·宝安·西乡,广州,本科,3-5年,7月23日,zhilian,岗位职责 1、负责RK3588系列平台嵌入式Linux固件开发、外设驱动调试、系统适配与功能迭代，保障设备稳定运行； 2、负责MIPI摄像头图像采集、预览、抓拍、录像功能开发与调试，解决图像花屏、卡顿、帧率异常、曝光白平衡等常见图像问题； 3、负责设备以太网数据传输功能开发，实现高清图像、设备日志、传感数据的高速、稳定网络收发、分包、重传与可靠性优化； 4、负责ESP32系列单片机固件开发，实现无线通信、外设控制、数据采集、联动主控设备等功能开发与维护； 5、负责软硬件联调、问题定位、性能优化，针对图像传输、网络吞吐、系统延时、设备功耗等进行专项优化； 任职要求 1、本科及以上学历，电子、自动化、计算机、嵌入式相关专业，3-5年嵌入式开发经验； 2、熟练C/C++开发，熟悉嵌入式Linux开发环境，掌握Linux多线程、IO模型、内存管理、进程调度； 3、熟练RK3588平台开发，熟悉MIPI摄像头驱动与图像采集流程，有实际项目落地经验； 4、熟悉以太网数据传输开发，精通TCP/UDP网络编程，了解分包、粘包处理、网络断连重连、高并发数据传输优化； 5、熟练ESP32单片机开发，熟悉FreeRTOS、蓝牙/WiFi通信、外设（GPIO、UART、SPI、I2C）驱动开发； 6、熟悉设备外设调试、故障排查，具备独立解决图像异常、网络不稳定、系统卡顿等问题的能力； 7、具备良好的编码规范、文档能力、团队协作能力，能配合项目进度完成迭代开发。 优先条件 1、有RK3588+MIPI高清摄像头图像采集、视频编码、网络推流项目经验者优先； 2、有嵌入式高速以太网大数据量传输、实时数据交互项目经验者优先； 3、有ESP32与Linux主板跨设备联动、无线数据透传项目经验者优先； 4、熟悉RT实时系统、低延时优化、设备量产稳定性优化者优先。 工作地点 广东省深圳市宝安区西乡街道宝安大道3096号1栋A座905 以担保或任何理由索要财物，扣押证照，均涉嫌违法。一经发现， 立即举报,"32位单片机,ARM处理器,C++,Shell,ESP32,MIPI摄像头,TCP/UDP网络编程,FreeRTOS",http://www.zhaopin.com/jobdetail/CCL1520195130J40911280503.htm?refcode=4019&srccode=401901&preactionid=a721ce1a-5f5b-4286-b527-f903a3d6f8ca
嵌入式软件工程师,成都希盟泰克科技发展有限公司,6000-12000元,成都·双流·东升,广州,本科,经验不限,11月12日,zhilian,岗位职责： 1、负责软件需求分解、设计、验证； 2、负责项目集成及联调工作； 3、负责设备驱动程序代码的编写和调试以及软件模块及应用程序的编写； 4、编写相关设计文档、调测试过程文档、使用文档说明； 5、为用户开发和生产提供相应的技术支持； 6. 完成上级领导安排的其他工作。 任职要求： 1.自动化/电子/通信/机电一体化等相关专业本科及以上学历，具有2年及以上相关工作经历； 2.具有较强的问题分析及解决能力、沟通能力、高度的责任感； 3.熟悉ARM Cortex-M体系结构，熟悉STM32/ESP32/NXP/PIC/AVR等单片机中的至少一款；熟练使用STM32CubeMX，熟悉HAL库调用； 4.熟悉RTOS(RT-Thread/FreeRTOS/Ucos)等操作系统，能进行嵌入式系统开发环境的搭建； 5.能熟练使用C语言进行单片机/嵌入式系统软件设计与开发，具备良好的代码风格及习惯； 6.熟悉CAN、LIN、I2C、UART、SPI等接口，具备良好的设备驱动调试能力； 7.熟悉原理图，能熟练使用逻辑分析仪、示波器、万用表等常用调试设备； 8.能独立设计嵌入式电路板和焊接调试PCB者优先； 9.具有射频传感器信号处理经验者优先； 10.具有MQTT、MODBUS、蓝牙、WIFI等开发经验者优先； 11.能熟练使用matlab处理数据，能使用C#编写上位机者优先。 工作地点 成都双流区银河路596号 以担保或任何理由索要财物，扣押证照，均涉嫌违法。一经发现， 立即举报,"物联网,半导体/芯片",http://www.zhaopin.com/jobdetail/CC130288740J40757889016.htm?refcode=4019&srccode=401901&preactionid=a721ce1a-5f5b-4286-b527-f903a3d6f8ca
嵌入式软件工程师,湖南科达瑞智能科技有限公司,1-1.6万,长沙·岳麓·麓谷,广州,本科,1-3年,5月8日,zhilian,岗位职责 1、参与电能表产品的需求分析，负责嵌入式软件设计与开发； 2、根据需求分析完成产品软件详细设计、编码、白盒仿真单元测试并提供相应的开发文档； 3、参与设计标准解读、设计评审、代码评审等工作； 4、分析和处理产品测试、生产过程中的异常； 任职要求： 1、电子、通信、自动化、计算机等相关专业本科及以上学历； 2、理论基础扎实，精通C语言，具备单片机软件开发及基本的嵌入式系统软件知识，团队协助能力强； 3、熟悉精通cortex，riscv构架等系列的，待遇从优考虑 4、一年以上电子产品嵌入式软件设计经验， 5、电能表计行业从业经验者可适当放宽上述条件，并优先考虑 6、能接受出差者优先考虑。 职位福利：绩效奖金、包住、全勤奖、餐补、带薪年假、节日福利、五险、大小休 工作地点 长沙岳麓区湖南科达瑞智能科技有限公司 以担保或任何理由索要财物，扣押证照，均涉嫌违法。一经发现， 立即举报,"32位单片机,C语言,C++,软件测试,功能测试",http://www.zhaopin.com/jobdetail/CC710625930J40050262001.htm?refcode=4019&srccode=401901&preactionid=a721ce1a-5f5b-4286-b527-f903a3d6f8ca
嵌入式软件工程师,深圳瑞莱保核能技术发展有限公司,9000-11000元·13薪,武汉·江夏·豹澥,广州,本科,经验不限,6月21日,zhilian,岗位职责： 1. 负责伺服驱动器底层驱动及应用层软件的设计、编码与调试，重点包括 CiA402 协议栈集成及运动模式（CSP、CSV、CST、Homing 等）的实现。 2. 配合硬件平台（如 STM32、N32、TI C2000 等）进行电机控制算法（FOC、PID、插补算法）的嵌入式化落地与性能调优。 3. 负责 EtherCAT、CANopen 或 Modbus 等工业总线协议的开发与测试，确保总线同步性能（DC 同步）达标。 4. 负责其他设备的嵌入式软件开发。 5. 能够独立阅读原理图，使用示波器、逻辑分析仪等工具定位软硬件故障，解决生产及测试中的底层技术问题。 6. 负责嵌入式 Linux 环境下的驱动编写、应用开发或自动化测试工具的维护。 7. 编写软件设计方案、接口文档及版本说明，确保代码的可维护性与通用性。 岗位要求： 1. 政治立场坚定，热爱祖国，拥护党的路线、方针、政策，品行端正，遵纪守法，身心健康； 2. 精通C/C++、ARM等DSP与嵌入式相关编程语言，熟悉嵌入式Linux开发，能够进行高效软件开发与性能优化。有DSP和ARM裸机开发经验优先。 3. 熟练使用各类DSP/ARM开发工具、调试工具和仿真器，具备扎实的硬件设计基础和丰富的嵌入式系统开发经验，能够快速定位并解决系统级问题。 4. 具备良好的团队协作精神和沟通能力，能够与硬件、算法、系统等技术人员高效协作。 5. 拥有创新意识和敏锐的分析能力，能够持续推动技术创新、优化系统架构。 6. 专业背景：计算机、自动化、电子工程或机电一体化相关专业，本科及以上学历。 补充说明： 上班时间8点半-下午5点，固定月薪、年终奖、周末双休、带薪年假、定期体检、员工旅游、节日福利、入职缴纳五险一金、生日福利。 工作地点 江夏区中核武汉总部 以担保或任何理由索要财物，扣押证照，均涉嫌违法。一经发现， 立即举报,"嵌入式LINUX开发,DSP/ARM开发工具,嵌入式系统开发",http://www.zhaopin.com/jobdetail/CC593338520J40866863810.htm?refcode=4019&srccode=401901&preactionid=a721ce1a-5f5b-4286-b527-f903a3d6f8ca
嵌入式软件工程师,常州瑞尔特测控系统有限公司,8000-12000元,常州·新北·三井,广州,本科,3-5年,7月25日,zhilian,岗位职责： 1 负责嵌入式系统软件开发及调试工作 2 根据项目进行需求分析，设计，编码并完成设计文档 3 配合系统设计人员及客户完成软硬件联调 4 负责产品软件生命周期维护，升级等工作 岗位要求： 1 本科以上学历，计算机，电子，通讯信息自动化等相关专业 2 连续2年以上嵌入式软件开发 3 精通C／C++，有良好的编程习惯 4 熟悉常用的ARM芯片 (st， nxp)接口驱动(SPI UART IIC CAN ETHERNET 等)开发 5 熟悉常见的协议开发 如MODBUS CANOpen 6 熟练使用过任意种RTOS，FS，GUI，网络协议栈优先. 7. 有称重测力行业仪表变送器开发经验优先 工作地点 常州新北区三晶世界科技产业园 以担保或任何理由索要财物，扣押证照，均涉嫌违法。一经发现， 立即举报,C语言,http://www.zhaopin.com/jobdetail/CC277296230J40807197016.htm?refcode=4019&srccode=401901&preactionid=a721ce1a-5f5b-4286-b527-f903a3d6f8ca
嵌入式软件工程师,东莞市杰拓智能科技有限公司,1.2-2.4万,东莞·寮步镇,广州,本科,3-5年,7月17日,zhilian,"职位描述 C语言 ST ARM处理器 工作职责: 1.熟悉电子电路、了解数字电源工作原理 2.设计芯片驱动程序，编写软件概要和详细设计说明书。 3.编写驱动代码,并进行单元测试和系统测试。 4.单板软件需求分析、设计、编码与测试；熟悉CAN、SCI、SPI等通信的底层配置及通讯协议，精通C语言，熟练使用uC/OS-II、Free RTOS等嵌入式操作系统. 5.有过基于芯海、国民、ST软件开发平经验 任职资格: 任职资格 1.熟悉掌握C/C++语言、汇编语言、操作系统等基础 2.熟悉CAN、RS485或者RS232等通信总线、单片机的技术应用 3.熟悉模拟电子技术和数字电子技术等硬件知识 4.3年以上嵌入式平台开发经验 5.有良好的团队意识和认真求实的精神及沟通、协调能力 6.DSP、ARM、开关电源、变频器等行业优先 工作地点 东莞中国电子南方软件园(松山湖园区)科技二路5号A栋7楼702室 以担保或任何理由索要财物，扣押证照，均涉嫌违法。一经发现， 立即举报","C语言,ST,ARM处理器",http://www.zhaopin.com/jobdetail/CCL1500604240J40759497612.htm?refcode=4019&srccode=401901&preactionid=443261bf-f99d-4342-bf48-0a65bf2492cb
嵌入式软件工程师,奥佳华,8000-13000元·13薪,厦门·集美·侨英,广州,本科,3-5年,7月25日,zhilian,岗位职责 1、3年以上工作经验，依据设计开发控制程序要求，承担产品的软件开发工作 2、负责嵌入式应用软件和生产相关测试软件的开发与验证工作 3、负责并支持软件的测试工作 4、在工作中，能够主动跟进项目进度，与相关硬件、结构、电气工程师进行沟通协作，推进项目进度 5、负责软件说明文档的编写与存档工作 二、 任职资格 1、精通c语言、c++、python，精通嵌入式软件开发流程与规范。 2、熟悉多款MCU，熟悉外设开发。 3、能够进行Linux应用开发。 4、良好的模电、数电基础。 5、有机器人开发相关经验的优先。 工作地点 集美区厦门奥佳华智能健康设备有限公司 以担保或任何理由索要财物，扣押证照，均涉嫌违法。一经发现， 立即举报,"C++,C语言,ROS",http://www.zhaopin.com/jobdetail/CC462424510J40936746608.htm?refcode=4019&srccode=401901&preactionid=443261bf-f99d-4342-bf48-0a65bf2492cb
嵌入式软件工程师,江苏克诺克智能科技有限公司,1-1.5万,常州·新北·三井,广州,本科,3-5年,10月31日,zhilian,岗位职责： 1、参与项目方案制定、评审； 2、配合新产品的推广与使用，开发相关配套上位机软件； 3、产品试样的程序调试、实验，控制程序的定版归档； 4、负责相关文件的编制，协助完成产品认证，以及EDM产品资料维护； 5、负责项目各功能模块代码编写，解决项目中的关键问题和技术难题； 6、协助解决产品在生产、销售、安装调试全过程中所遇到技术问题； 7、完成领导安排的其他相关工作。 岗位要求： 1、本科以上学历，电子、通讯、计算机等专业； 2、3年以上产品开发经验，有工业领域上位机开发经验者优先； 3、熟悉VC/C++语言，了解串口网络通信，数据库操作及界面设计； 4、熟悉平台应用开发、设计； 5、工作认真负责，严谨细致，有良好的创新精神和团队精神。 工作地点 新北区常州创意产业园-A座6楼 以担保或任何理由索要财物，扣押证照，均涉嫌违法。一经发现， 立即举报,32位单片机,http://www.zhaopin.com/jobdetail/CCL1509606730J40717836206.htm?refcode=4019&srccode=401901&preactionid=443261bf-f99d-4342-bf48-0a65bf2492cb
嵌入式软件工程师,科大讯飞股份有限公司,1.6-2.3万,合肥·蜀山·高新区,广州,本科,5-10年,7月23日,zhilian,职位描述 Python ARM处理器 C++ 32位单片机 IPC linux TCP/IP 工业自动化/机器人 【工作职责】 1、系统架构设计与开发：基于ARM架构系统，主导巡检机器人软件架构搭建，完成底层驱动与系统层开发。 2、QT应用与UI交互开发：运用QT框架开发高响应的人机交互界面及上层应用，优化操作流程与视觉交互体验。 3、核心业务功能实现：实现实时视频流监控、多传感器数据采集、远程设备控制等关键功能的集成与调试。 4、性能调优与稳定性维护：持续优化系统资源占用与运行效率，及时定位并修复软件Bug，保障系统长期稳定运行。 5、跨团队协同与支持：紧密配合硬件与算法团队进行整机联调，提供技术支持并参与方案迭代与优化。 【任职要求】 1、专业背景与学历：计算机科学、软件工程或电子信息相关专业，本科及以上学历，具备扎实的理论基础。 2、嵌入式开发经验：5-8年以上Linux环境下的C++开发经验，拥有ARM平台开发经验者优先考虑。 3、核心技术栈掌握：精通Qt框架开发，熟悉路由器系统配置与编译，具备优秀的编码规范和模块化思维。 4、底层系统理解：深入理解Linux操作系统原理、进程间通信(IPC)、网络编程(TCP/IP)及多线程并发机制。 5、问题攻坚与协作：具备独立分析和解决复杂技术难题的能力，能承担核心模块开发，拥有良好的团队协作精神。 工作地点 合肥蜀山区望江西路望江西路666 以担保或任何理由索要财物，扣押证照，均涉嫌违法。一经发现， 立即举报,"Python,ARM处理器,C++,32位单片机,IPC,linux,TCP/IP",http://www.zhaopin.com/jobdetail/CC205108410J41004647404.htm?refcode=4019&srccode=401901&preactionid=443261bf-f99d-4342-bf48-0a65bf2492cb
嵌入式软件工程师,天河分析,1-1.5万,天津·西青·精武镇,广州,大专,1-3年,3月31日,zhilian,岗位职责： 电子仪器仪表开发，主要是嵌入式单片机软件开发及编程。 任职要求： 1、工科本科以上学历，分析化学专业（偏重仪器仪表），光学工程专业（偏重光学应用）优先。 2、熟悉电子电路，能使用Protel软件绘制电路图，具备Andriod、VC++、VC#（任一）编程及软件开发能力，具备小型数据库开发能力或经验。 待遇： 1、基本工资10—15K，加项目费，加奖金，年薪20W左右左右，如果做得好还会更高。 2、双休+五险一金+住宿（外地职工）+免费午餐 职位福利：五险一金、周末双休、绩效奖金、包住、交通补助、通讯补助、带薪年假、定期体检 工作地点 天津西青区华苑产业区梓苑路13号3-D-801 以担保或任何理由索要财物，扣押证照，均涉嫌违法。一经发现， 立即举报,"嵌入式,ARM,单片机,STM32,C++,驱动开发,嵌入式Linux,SPI",http://www.zhaopin.com/jobdetail/CC663763422J00111163313.htm?refcode=4019&srccode=401901&preactionid=443261bf-f99d-4342-bf48-0a65bf2492cb
嵌入式软件工程师,重庆航伟光电科技有限公司,8000-16000元,重庆·南岸·花园路,广州,本科,经验不限,7月22日,zhilian,职位描述 半导体/芯片 职位介绍工作职责: 1、 负责产品的嵌入式软件开发和性能优化； 2、 负责软件模块的需求分析，进行模块设计、模块测试及相关设计测试文档说明书的编写； 3、 负责软件与硬件平台的联合调试工作； 4、负责解决产品在开发、生产、测试及售后产生的软件问题。 任职资格: 1、本科及以上学历，计算机、软件工程、电子信息工程等相关专业； 2、精通软件开发知识，初步硬件电路知识，熟悉光电类产品标准和行业相关知识； 3、精通C/C++语言编程，能看懂基本硬件电路原理，具备以下一项或几项： 1）掌握SPI、IIC、RS485及RS232等驱动开发； 2）熟悉MCU、ARM等平台嵌入式软件开发； 3）熟悉4G、蓝牙、Wifi类产品软件开发； 4、有较强的服务意识，较强的信息收集处理与分析、解决问题及技术创新的能力。 职位福利：五险一金、绩效奖金、提供工作餐、带薪年假、周末双休 工作地点 重庆市南岸区南坪花园路14号重庆航伟光电科技有限公司 以担保或任何理由索要财物，扣押证照，均涉嫌违法。一经发现， 立即举报,半导体/芯片,http://www.zhaopin.com/jobdetail/CC191046010J40710381806.htm?refcode=4019&srccode=401901&preactionid=443261bf-f99d-4342-bf48-0a65bf2492cb
嵌入式软件工程师,爱默里(河北)科技有限公司,7000-14000元,石家庄·裕华·太行,广州,本科,经验不限,11月15日,zhilian,"职位描述 环保设备 计算机软件 通信/网络设备 1.熟悉系统的API，精通C语言的高级编程知识，包括函数与程序结构、指针、数组、常用算法、的使用等知识、数据结构的基础内容; 2.掌握面向对象编程的基本思想，以及C++语言的基础内容; 3.精通嵌入式Linux下的程序设计，精通嵌入式Linux开发环境，包括系统编程、文件I/O、多进程和多线程、网络编程、GUI图形界面编程、数据库; 4.熟悉常用的图形库的编程，如QT、GTK、miniGUI、fltk、nano-x等,掌握各种应用层的网络协议使用，以及各种音视频技术等； 5.有环境监测类设备经验的优先考虑。 工作地点 石家庄裕华区方亿科技工业园B区1号楼1单元401室 以担保或任何理由索要财物，扣押证照，均涉嫌违法。一经发现， 立即举报",环保设备,http://www.zhaopin.com/jobdetail/CC571227680J40798641411.htm?refcode=4019&srccode=401901&preactionid=443261bf-f99d-4342-bf48-0a65bf2492cb
嵌入式软件工程师,厦门赫德曼电子科技有限公司,8000-15000元,厦门·同安·西柯,广州,本科,1-3年,7月24日,zhilian,岗位职责： 1、负责智能家居和工业控制方向的嵌入式软件的需求分析、设计、编码、调试； 2、独立负责项目，解决研发、测试、量产和售后中的软件相关问题； 3、配合硬件工程师完成产品开发和软硬件调试； 4、编写相应的技术文档：产品功能说明书、产品测试说明等。 （二）任职要求： 1、本科学历，计算机、电子信息、电气及其自动化、通信工程等相关专业； 2、一年以上实际研发工作经验，能独立完成智能家居或工控嵌入式或单片机软件项目开发； 3、熟练掌握C语言编程及其编译器（KEIL、IAR等）的使用方法； 4、熟练掌握单片机工作原理，能使用51或STM32单片机进行项目开发； 5、熟悉UART、SPI、I2C、RS485等外围通讯接口； 6、熟练使用示波器、万用表、逻辑分析仪等调试工具； 7、若能使用汇编语言、彩屏UI设计，华芯微特或迪文彩屏开发经验更佳； 8、有一定的数字电路基础，能看懂电路原理图； 9、具备良好的团队协作能力和沟通能力； 10、有TFT彩屏项目开发经验，优先录用。 工作地点 厦门同安区联发同安黄金工业园15号楼 以担保或任何理由索要财物，扣押证照，均涉嫌违法。一经发现， 立即举报,"32位单片机,C语言",http://www.zhaopin.com/jobdetail/CC816403720J40904493303.htm?refcode=4019&srccode=401901&preactionid=443261bf-f99d-4342-bf48-0a65bf2492cb
嵌入式软件工程师,天津东嘉荣电子科技有限公司,7000-14000元·13薪,天津·北辰·大张庄,广州,本科,5-10年,7月14日,zhilian,岗位职责： 1、根据项目需求制定软件设计方案，进行产品开发； 2、制定上下位机通讯协议； 3、代码编写及调试； 4、相关技术文档编写。 任职要求： 1、985 211本科及以上学历，电子、自动化、软件或相关专业，有五年以上工作经验； 2、熟悉C及C++程序设计，具有良好的编码习惯； 3、 熟悉嵌入式操作系统（FreeRTOS，VxWorks，ucLinux均可）； 4、熟悉STM32或GD32系列ARM处理器的外围电路设计、驱动设计以及软件框架设计 5、熟悉CAN，UART串口通讯，485，SPI，IIC等通信接口和软件设计 6、有较强的自学能力，能独立解决问题； 7、有团队协作精神，能配合协助其他项目组成员完成工作任务。 工作地点 天津市北辰区通达路中兴产业园18号楼 以担保或任何理由索要财物，扣押证照，均涉嫌违法。一经发现， 立即举报,"FreeRTOS,Vxworks,电路设计,C语言,C++",http://www.zhaopin.com/jobdetail/CCL1481213570J40882382013.htm?refcode=4019&srccode=401901&preactionid=443261bf-f99d-4342-bf48-0a65bf2492cb
嵌入式软件工程师,鹏城微纳技术(沈阳)有限公司,7000-10000元,沈阳·大东,广州,本科,1-3年,7月21日,zhilian,职位描述 32位单片机 C语言 C++ PIC单片机 半导体/芯片 电气机械/电力设备 工业自动化/机器人 嵌入式软件工程师 嵌入式软件工程师将负责开发和维护嵌入式系统的软件部分。你将有机会参与从概念到实现的全过程，与硬件工程师紧密合作，确保软件和硬件之间的协同工作。你将负责编写高质量的代码，进行代码审查，并确保软件符合生产标准。 负责开关电源模块内部的数字控制软件的开发，以及电源整机系统的控制、通讯与显示，具体包括： 1. 根据硬件工程师提出的电源软件开发需求，实现电源软件的编写； 2. CAN/RS485/I2C通讯功能的软件开发； 3. 软件概要设计：负责软件概要设计，确定项目中软件资源的分配及架构实现；负责软件源代码模型和单元测试的开发； 4、开关电源数字产品的软件设计，新平台的搭建，算法优化，故障定位及技术解决 5. 软件工程的文档整理与存档，以及软件版本迭代，包括软件架构图、流程图、源代码、变更说明等。 6.负责软件系统的需求分析、设计、编码及调试工作； 7. 根据项目任务计划独立按时完成软件代码和测试工作； 8. 开发嵌入式软件程序，即分析需求，设计、创建模型，功能和单元测试，组件集成； 9. 同硬件工程师及其他工程技术人员沟通，以实现并评估硬件和软件之间的接口； 10. 开发和调试终端设备功能软件，并优化软件系统； 11. 按时按需完成工程、生产、售后等技术方面的支持工作。 12. 上级领导交付的其他任务。 任职要求： 1、电力电子，电气工程，自动化控制，计算机等相关专业，本科2年以上开关电源相关工作经验。 2. 熟悉电力电子产品中对软件的应用需求，对各类软件控制策略有深刻理解；熟悉UART、I2C\SPI等接口，熟悉MODBUS\PMBUS\CAN等主要的总线协议；熟练掌握C语言，了解MISRA等编程规范，熟悉软件测试； 3. 熟悉CAN/RS485/I2C等总线，熟悉各种嵌入式通讯协议； 4. 精通MCU和DSP工作原理，熟悉常用开关电源功率拓扑结构，有相关buck，全桥/半桥，PFC/LLC等结构产品电源项目的经验优先。 5、良好的英语听说读写能力； 6、工作积极主动，沟通、学习能力强； 职位福利：五险一金，单休 工作地点 大东区沈阳大学科技园院内 以担保或任何理由索要财物，扣押证照，均涉嫌违法。一经发现， 立即举报,"32位单片机,C语言,C++,PIC单片机",http://www.zhaopin.com/jobdetail/CCL1408372820J41008864804.htm?refcode=4019&srccode=401901&preactionid=443261bf-f99d-4342-bf48-0a65bf2492cb
嵌入式软件工程师,景略半导体(上海)有限公司,1.5-2万,上海·浦东·北蔡,广州,本科,1-3年,7月25日,zhilian,职位描述 Python C语言 C++ 嵌入式软件开发 单片机开发 通信/网络设备 半导体/芯片 计算机软件 芯片自动化测试与生产流程开发。产品工具类开发。需要熟练使用Python。 工作地点 上海浦东新区西业路与五星路交叉口东北20米 以担保或任何理由索要财物，扣押证照，均涉嫌违法。一经发现， 立即举报 客户,"Python,C语言,C++,嵌入式软件开发,单片机开发",http://www.zhaopin.com/jobdetail/CCL1318355140J40841687403.htm?refcode=4019&srccode=401901&preactionid=443261bf-f99d-4342-bf48-0a65bf2492cb
嵌入式软件工程师,鞍山恒泰电气有限公司,6000-10000元,鞍山·立山区·齐大山街道,广州,本科,1-3年,7月15日,zhilian,"岗位职责： 1.负责产品的程序设计、单元测试和软件维护。 2.撰写产品相关的设计文档和技术文档。 3 协助硬件工程师进行产品的硬件选型和硬件功能测试。 4.主动分析并解决开发过程中的问题。 5. 完成上级领导指定相关任务目标。 任职要求： 1.本科以上学历，电子、通信、计算机等相关专业。 2.两年以上嵌入式系统软件开发经验, 精通汇编、嵌入式C/C++语言编程；。 3.有CORTEX系列MCU的产品开发经验，熟练应用RTOS（如FREERTOS、UCOS等。 4.有EMWIN, TouchGFX等GUI的开发经验，有网络协议栈的编程经验（如LWIP等)。 5.有较强的逻辑分析能力和学习能力，善于发现问题总结问题解决问题。 6.能看懂基本的原理图，能同硬件工程师进行良好的沟通。 7.具有良好的团队协作精神，做事严谨、勤奋、敬业。 工作地点 鞍山立山区千圆创业园 以担保或任何理由索要财物，扣押证照，均涉嫌违法。一经发现， 立即举报",仪器仪表,http://www.zhaopin.com/jobdetail/CC404786020J40510784202.htm?refcode=4019&srccode=401901&preactionid=443261bf-f99d-4342-bf48-0a65bf2492cb
嵌入式软件工程师,广东圣大电子有限公司,9000-15000元·13薪,佛山·顺德·伦教,广州,本科,1-3年,7月25日,zhilian,岗位职责： 1、负责公司产品软件研发设计； 2、负责软件方案的设计； 3、负责软件模块编写与责测试； 4、负项目相关开发技术文档的编制、归档和版本管理。 任职要求： 1、本科及以上学历，电子、通信相关专业； 2、精通C/C++编程； 3、熟悉任意一款MCU开发，了解ARM基本体系结构； 4、熟悉无线通信原理，matlab； 5、能看懂原理图和PCB;熟悉RS485、I2C、SPI、RS232、高速ADC、DAC等； 6、具有良好的团队意识和敬业精神，有良好的沟通能力，热爱研发工作，较强的责任心； 7、有嵌入式开发工作经验优先;熟悉linux操作系统优先； 8、英语CET4级以上，能阅读英文文档。 工作地点 佛山顺德区圣大产业园 以担保或任何理由索要财物，扣押证照，均涉嫌违法。一经发现， 立即举报,"ARM处理器,MATLAB,linux",http://www.zhaopin.com/jobdetail/CC613817420J40850780509.htm?refcode=4019&srccode=401901&preactionid=443261bf-f99d-4342-bf48-0a65bf2492cb
嵌入式软件工程师,行星轮(武汉)科技有限公司,8000-12000元,武汉·江夏,广州,本科,3-5年,7月23日,zhilian,岗位职责： 1、负责公司水下机器人产品嵌入式系统软件开发； 2、参与公司水下机器人产品整体调试、测试、优化升级； 3、撰写公司水下机器人项目的相关技术文档； 4、跨部门协作，配合结构、硬件部门的相关设计工作； 5、部门领导交代的其他工作任务。 任职要求： 1、自动化、测控、机械、物联网等专业，掌握C/C++编程，具备良好的编程习惯； 2、掌握STM32等MCU开发，熟悉UART、I2C、SPI、485、CAN等通讯接口，有一定的硬件调试基础； 3、熟练使用Keil，熟悉QT框架，具备一定的Windows上位机软件开发能力； 4、良好的沟通与表达能力，良好的团队合作意识； 5、有机器人、无人船、无人机的开发或电子设计大赛经验者优先。 工作地点 江夏区行星轮(武汉)科技有限公司 以担保或任何理由索要财物，扣押证照，均涉嫌违法。一经发现， 立即举报,"32位单片机,C语言,C++",http://www.zhaopin.com/jobdetail/CC845500430J40923207512.htm?refcode=4019&srccode=401901&preactionid=decea72a-9d84-410f-a4b0-98d8c77401d3
嵌入式软件工程师,德州芯兴电子科技有限公司,6000-12000元,德州·德城区·二屯镇,广州,本科,1-3年,7月24日,zhilian,岗位职责： 1.根据产品经理的产品需求和项目计划，实现项目计划和产品需求； 2.进行电子产品的嵌入式软件开发； 3.完成与工作相关文档的编写。 能力要求： 1、具有常见的单片机系统开发经验，熟悉常用的单片机(STM32、NXP、RENESAS等)开发流程。 2、熟悉嵌入式系统架构。 3、熟练掌握C语言，有汇编基础者优先。 基本要求： 1、秉性坚韧、执着，有清晰的职业发展规划。 2、心态积极、乐观向上，具良好的团队合作意识和沟通能力。 本岗位接收应届毕业生申请！ 职位福利：五险一金、节日福利、带薪年假、包吃、包住 工作地点 德城区德州芯兴电子科技有限公司 以担保或任何理由索要财物，扣押证照，均涉嫌违法。一经发现， 立即举报,"ARM,单片机,嵌入式",http://www.zhaopin.com/jobdetail/CC468804781J00224462610.htm?refcode=4019&srccode=401901&preactionid=decea72a-9d84-410f-a4b0-98d8c77401d3
嵌入式软件工程师,青岛世纪领航科技有限公司,8000-16000元·13薪,青岛·市北·敦化路,广州,大专,1-3年,11月28日,zhilian,职位描述 嵌入式软件开发 嵌入式硬件开发 C语言 FreeRTOS 物联网 传感器 单片机开发 Ubuntu 计算机软件 计算机硬件 半导体/芯片 职责： 研发新产品（各类传感器的数据采集，在线监测系统）； 嵌入式软件开发，测试。 职位要求： 1、具有1年以上的嵌入式开发经验，良好的C语言底层开发能力，熟悉STM32； 2、懂一点硬件，能够看懂原理图，会原理图设计、PCB设计更佳； 3、具备电路调试经验； 4、熟悉并精通RTOS等实时操作系统开发 (FreeRTOS，ThreadX or similar) and 8/16/32bit MCU )，linux系统并具有相关开发经验，能够开发一些驱动更佳； 5、熟悉有相关驱动设备开发经验更佳； 6、熟悉其中相关一种或多种无线通信协议:4G、北斗、依星； 7、强烈的自我激励和团队合作精神 8、良好的英语读写能力 9、能够独立解决问题的能力 职位福利：五险一金、餐补、通讯补助、免费班车、创业公司、定期团建、年底双薪、股票期权 工作地点 青岛市市北区敦化路街道延吉路112号商务楼 以担保或任何理由索要财物，扣押证照，均涉嫌违法。一经发现， 立即举报,"嵌入式软件开发,嵌入式硬件开发,C语言,FreeRTOS,物联网,传感器,单片机开发,Ubuntu",http://www.zhaopin.com/jobdetail/CC503079080J40355063507.htm?refcode=4019&srccode=401901&preactionid=decea72a-9d84-410f-a4b0-98d8c77401d3
嵌入式软件工程师,无锡锐格思信息技术有限公司,1.2-2万,无锡·新吴·新安,广州,本科,3-5年,7月25日,zhilian,岗位职责: 1、负责交换机底层驱动开发和适配 2、负责交换机上层协议软件开发、设计以及问题解决 岗位要求: 1、计算机技术专业，或通信专业，或自动化专业本科及以上学历。 2、3年以上嵌入式系统开发经验。 3、熟悉网络通信的知识 4、熟练C、C++语言 5、积极上进，有较强的求知欲和学习能力；具有良好的团队协作能力，有责任心。 6、有交换机开发经验者优先。 职位福利：五险一金、年底双薪、餐补 工作地点 新吴区无锡锐格思信息技术有限公司52栋 以担保或任何理由索要财物，扣押证照，均涉嫌违法。一经发现， 立即举报,"嵌入式,驱动开发,通信,C++",http://www.zhaopin.com/jobdetail/CC424855220J40216012707.htm?refcode=4019&srccode=401901&preactionid=decea72a-9d84-410f-a4b0-98d8c77401d3
嵌入式软件工程师,成都易德莱斯科技有限公司,7000-11000元,成都·成华·龙潭,广州,大专,1-3年,6月4日,zhilian,岗位职责：1、负责工业遥控器的嵌入式软件设计、开发和调试；2、负责技术文档的设计和编制、归档工作；3、负责独立完成代码设计、仿真验证，综合实现绩效测试联调工作；4、负责实现编程界面功能，实现工业遥控器参数配置及运行状态监控功能；5、上级交办的其它工作。任职要求：1、5年及以上相关岗位工作经验，大专及以上学历，电气工程及自动化、电子信息类专业；2、熟悉单片机结构和工作原理，熟悉单片机C语言软件编程，有扎实的硬件基础，对软件工作感兴趣，有设计开发经验者优先；3、熟悉软件工程，有一定项目管理能力者优先；4、能使用C语言实现异步串口、485通讯、12C通讯等的通讯协议者优先；5、熟练的计算机操作能力（包括相关工程软件的使用）；6、有AI运用开发经验者优先，7、强烈的求知欲、责任心和敬业精神、仔细、积极主动；8、能吃苦耐劳，优秀的抗压能力，愿意全心全意与公司一同奋斗、成长。基本薪酬7000+11000+项目，年终奖 工作地点 四川省成都市成华区航天路联东U谷.成都新经济产业园2栋2单元5楼 以担保或任何理由索要财物，扣押证照，均涉嫌违法。一经发现， 立即举报,"8位单片机,32位单片机,PIC单片机,C语言,C++",http://www.zhaopin.com/jobdetail/CC303352030J40705031208.htm?refcode=4019&srccode=401901&preactionid=decea72a-9d84-410f-a4b0-98d8c77401d3
嵌入式软件工程师,爱德克斯(常州)汽车技术研发有限公司,1-1.3万,常州·湖塘,广州,本科,1-3年,7月25日,zhilian,岗位职责： 控制制动系统（车载ECU）软件开发及项目管理： 1. 与各部门协调，制定软件开发项目计划及日程; 2.负责软件需求分析，软件设计，编码，调试及维护; 3.负责与软件相关的各种文档编辑; 4. 管理软件开发进度，跟进各项问题进展，协助解决问题. 任职要求： 1.本科及以上学历（计算机，电子信息，自动化等相关专业）； 2.精通C语言软件编程； 3.熟悉CAN/CANFD/UDS/XCP协议 及 故障诊断技术； 4.了解车载ECU开发专业知识； 5.了解车规软件V字型开发流程和功能安全标准 6.具有以下经验者优先 ・3年汽车行业ECU软件开发项目经验； 7.懂日语者优先 职位福利：五险一金、加班补助、全勤奖、交通补助、餐补、通讯补助、带薪年假 工作地点 常州市武进区常武中路18号常州科教城中科创业中心1幢A3-201 以担保或任何理由索要财物，扣押证照，均涉嫌违法。一经发现， 立即举报,"C语言,嵌入式软件开发",http://www.zhaopin.com/jobdetail/CC513592420J40328271808.htm?refcode=4019&srccode=401901&preactionid=decea72a-9d84-410f-a4b0-98d8c77401d3
嵌入式软件工程师,潍柴雷沃智慧农业科技股份有限公司,1.2-1.5万,潍坊·奎文·新城,广州,本科,3-5年,7月10日,zhilian,岗位职责: 1、负责智慧农业领域嵌入式系统产品的软件开发，包括代码编写、调试和优化，确保产品功能的正常实现。 2、参与系统集成工作，协助进行嵌入式软件的集成测试和功能验证，解决集成过程中出现的技术问题。 3、根据项目需求编写相关的技术文档，包括开发手册、测试文档及操作说明书，确保文档的完整性和准确性。 4、对项目中的技术问题进行排查和解决，提供现场调试支持，并参与产品的维护和升级。 5、与硬件开发团队紧密合作，确保嵌入式软件与硬件的兼容性，并解决软硬件集成中的技术难题。 任职要求: 1、电子、通信、自动化、计算机及相关专业，本科及以上学历； 2、3年以上嵌入式软件开发工作经验，能够进行固件开发、调试和优化； 3、熟悉常用的嵌入式通信协议和接口，如UART、SPI、I2C、CAN总线，能够编写和调试对应的驱动程序。 4、了解常见传感器的工作原理及其接口电路设计，如温压力传感器、加速度计等。 5、具备一定的电路设计和调试能力，能够理解和分析电路图，并进行硬件问题的排查和调试。 6、能够使用示波器、万用表等工具进行硬件信号的测量和分析。 7、熟悉嵌入式系统软件架构设计，能够参与模块化设计，确保系统的可扩展性和可维护性。 8、具备一定的实时操作系统（RTOS）编程经验，能够处理多任务调度、时间管理和资源共享问题。 工作地点 奎文区山东省潍坊市高新区福寿东街与永惠路交叉口东北角 以担保或任何理由索要财物，扣押证照，均涉嫌违法。一经发现， 立即举报,"嵌入式软件开发,传感器,电路设计,8位单片机,32位单片机,C语言,C++",http://www.zhaopin.com/jobdetail/CC143117150J40804065413.htm?refcode=4019&srccode=401901&preactionid=decea72a-9d84-410f-a4b0-98d8c77401d3
嵌入式软件工程师,珠海印想创新科技有限公司,1.5-3万,珠海·斗门区·井岸镇,广州,本科,1-3年,10月27日,zhilian,职位描述 C++ 32位单片机 计算机软件 职位描述 1）熟悉STM32单片机系统，应用KEIL C语言进行软件开发； 2）熟悉串口编程，MODBUS通信，A/D，PWM，DMA等； 3）了解WIN下的C++ 语言程序设计:，了解ARM-LINUX更好。熟悉VS-C++、QT软件等； 4）为人诚实肯干，工作认真负责，积极面对困难与挑战。 以上可以不一定全能，部分能力即可。 我公司在珠海万达附近爱美科技园，交通 便利，工作环境优良。 职位福利：免费工作餐、五险、绩效奖金、项目奖金等。 我们自2012年起便专注于工业级打印机的自主研发与跨境销售。我们集研发、生产、销售、品牌运营于一体，是业内少有的工贸一体化企业。 我们拥有“自产自销”的完整产业链和稳定的利润来源，有自己的销售渠道和团队，国外各大电商平台全部铺开推广，几大品牌同时经销运营，有自己的海外仓库和公司。 我们提供具有竞争力的薪酬福利。同时，我们为技术人才设立清晰的专业技术晋升通道，让您的才华与回报同步增长。 【期待您的加入】 在这里，您将摆脱纯贸易商的局限，深度参与产品从蓝图到全球用户手中的全过程！我们提供的不只是职位，更是一个参与全球化品牌运营、技术研发、实现个人价值的平台。 工作地点 珠海斗门区爱美科技园-A4栋 以担保或任何理由索要财物，扣押证照，均涉嫌违法。一经发现， 立即举报,"C++,32位单片机",http://www.zhaopin.com/jobdetail/CCL1512520670J40896111308.htm?refcode=4019&srccode=401901&preactionid=decea72a-9d84-410f-a4b0-98d8c77401d3
嵌入式软件工程师,陕西正泰智能电气有限公司,1.5-3万·14薪,咸阳·秦都区·马泉街道,广州,本科,经验不限,7月25日,zhilian,岗位职责： 1、负责电力电子控制系统开发，设计控制系统软件架构，实现控制系统软件逻辑，部署控制算法（如SOC、锁相环等）的嵌入式代码运行。 2、负责底层驱动与协议开发，进行ARM芯片外设驱动（ADC/PWM/SPI）开发，完成BSP移植及RTOS（FreeRTOS/RT-Thread）适配。负责工业通信协议，如Modbus、CAN、USB、以太网的链路搭建与实现。 3、负责测试与软件优化工作，进行电力电子产品功能、性能、稳定性测试，配合硬件联调解决信号稳定性、功耗优化等问题。优化系统实时性，确保在复杂工况下的控制精度。 4、技术文档输出，编写设计文档、测试报告及用户手册，完成版本控制与归档。 任职要求： 1、电力电子/电气工程/自动化/计算机等专业，本科及以上学历。 2、精通C语言及ARM Cortex-M开发平台（STM32/GD系列），熟练Keil/IAR工具链。 3、掌握电力电子基础（DC-AC/DC-DC）变换原理及PID、FOC等控制算法。 4、熟悉工业通信协议（Modbus、IEC104、IEC61850）及网络编程。 5、熟练使用示波器、逻辑分析仪等调试硬件，了解EMC/EMI设计规范。 6、有储能PCS、BMS、逆变器项目经验者优先。 7、有较强的技术文档编写能力，适应跨部门协作，具备电力电子产品调试抗压能力。 工作地点 咸阳秦都区正泰智能电气西北产业园-南门 以担保或任何理由索要财物，扣押证照，均涉嫌违法。一经发现， 立即举报,C语言,http://www.zhaopin.com/jobdetail/CC393633180J40863348601.htm?refcode=4019&srccode=401901&preactionid=decea72a-9d84-410f-a4b0-98d8c77401d3
嵌入式软件工程师,深圳市昂盛达电子股份有限公司,1-1.2万,东莞·凤岗镇,广州,大专,3-5年,7月15日,zhilian,岗位职责： 1. 负责研发各类产品的软件应用，包括但不限于电池充电、电源管理、马达驱动等。 2. 参与编写产品设计需求书，以及软件开发文档，确保技术准确性和产品质量。 3. 优化产品软件功能代码存在的缺陷完善产品质量。 4. 能够独立与团队进行技术沟通和交流，保证项目按时交付。 5. 拥有丰富的仪器设备产品研发经验，能够进行直流无刷电机驱动或并网逆变器编程。 任职要求： 1. 精通各公司的32位MCU，8位MCU， 2.深度了解ADC，DAC，串口，USB口，485，PWM等MCU功能。 3.对硬件有足够的基础，通晓运放，驱动，开关电源等工作原理。 4. 有丰富的电池充电，电源，马达驱动，家电，等产品的研发经验。 5.有做仪器设备产品经验优先。 6.精通直流无刷电机驱动或者并网逆变器编程者优先； 7. 能够独立同部门进行良好的技术沟通及交流，工作严谨； 8. 善于沟通，服从安排，敬业爱岗。 工作地点 东莞京东智谷-10栋 以担保或任何理由索要财物，扣押证照，均涉嫌违法。一经发现， 立即举报,仪器仪表,http://www.zhaopin.com/jobdetail/CCL1461037960J40881273713.htm?refcode=4019&srccode=401901&preactionid=decea72a-9d84-410f-a4b0-98d8c77401d3
嵌入式软件工程师,无锡先导智能装备股份有限公司,2-3万·14薪,无锡·新吴·旺庄,广州,本科,5-10年,7月24日,zhilian,职位描述 C++ 工业自动化/机器人 嵌入式软件工作职责: 1、负责基于RTOS或者裸机系统的嵌入式软件架构设计、模块划分和核心代码编写； 2、主导工控类产品驱动的开发、调试与优化（SPI、UART、ADC、PWM、EtherCAT）; 3、分析和优化系统性能（内存、功耗、实时性），解决关键技术瓶颈； 4、负责设计产品的软件功能测试以及开发文档的编写； 5、在项目中保持和项目经理、产品经理、硬件开发人员等积极有效沟通，准确地定位跟踪软件问题，推动问题至及时解决； 任职资格: 1、计算机科学、电子工程、通信工程等相关专业，本科及以上学历，5年以上嵌入式软件开发经验； 2、精通C/C++语言，具备扎实的编程功底和良好的编程习惯，熟练使用eclipse/keil/IAR等集成开发环境； 3、熟练ARM Cortex系列硬件平台的软件开发； 4、精通至少一种主流的RTOS的原理与应用，有过多任务系统开发的经历；； 5、工作认真负责、良好的沟通能力和团队合作意识，良好的学习能力和技术钻研能力； 6、有工控行业相关经验者优先； 工作地点 无锡新吴区先导集团产业园 以担保或任何理由索要财物，扣押证照，均涉嫌违法。一经发现， 立即举报,C++,http://www.zhaopin.com/jobdetail/CC166275810J40910939203.htm?refcode=4019&srccode=401901&preactionid=decea72a-9d84-410f-a4b0-98d8c77401d3
嵌入式软件工程师,珠海市杰理科技股份有限公司,1.1-2.2万·16薪,珠海·香洲区·南屏镇,广州,本科,经验不限,7月24日,zhilian,"职位描述 C语言 单片机开发 嵌入式软件开发 FreeRTOS 学历要求：本科/硕士； 专业要求：电子科学与技术、信息与计算科学、物理电子学、计算机科学与技术、电气工程、自动化、信息工程、物理学等； 职位描述： 1. 开发嵌入式平台，以及嵌入式软件，协助IC芯片验证； 职位要求： 1.精通C语言编程.掌握常用数据结构，算法，熟悉软件开发流程； 2.熟悉操作系统原理，了解一款以上8bit.32bit CPU体系结构； 3.熟悉rtos操作系统移植； 4熟悉cygwin.vc++等开发环境； 5.熟悉USB.SD/MMC.文件系统，音频.视频格式的应用； 6.熟悉单片机.嵌入式芯片开发； 7.熟悉各种软硬件接口协议,及驱动开发； 8.有扎实的专业知识，良好的英语阅读和表达能力； 职位福利：五险一金、绩效奖金、包吃、带薪年假、定期体检、员工旅游、周末双休、全额公积金 工作地点 珠海香洲区南屏镇科兴路333号 以担保或任何理由索要财物，扣押证照，均涉嫌违法。一经发现， 立即举报","C语言,单片机开发,嵌入式软件开发,FreeRTOS",http://www.zhaopin.com/jobdetail/CC386384710J40414811016.htm?refcode=4019&srccode=401901&preactionid=decea72a-9d84-410f-a4b0-98d8c77401d3
嵌入式软件工程师,湖南神锋电子科技有限公司,1-2万,长沙·天心·金盆岭,广州,本科,3-5年,5月20日,zhilian,职位描述 计算机软件 新能源/燃油整车研发制造 半导体/芯片 参与车载智能座舱（IVI 中控、Cluster 仪表、Co-Pilot 副驾屏、Tablet 后排娱乐）系统软件的开发与调试。围绕系统稳定性、Camera/Audio/Display 等车载功能模块及平台适配开展工作。 工作范围包含： 1 .系统调试与平台适配 2. Camera 功能开发Camera 驱动与 HAL 适配 3 .Audio 功能开发 4. Display/图形与多屏交互 5. 稳定性与可靠性调试 任职要求： 1.能跨平台开发 2.能接受出差 3.有一定的阅读英文专业文档的能力和英文沟通能力 工作地点 长沙天心区芙蓉中路三段142号光大发展大厦25楼 以担保或任何理由索要财物，扣押证照，均涉嫌违法。一经发现， 立即举报,"新能源/燃油整车研发制造,半导体/芯片",http://www.zhaopin.com/jobdetail/CC441467710J40821426111.htm?refcode=4019&srccode=401901&preactionid=decea72a-9d84-410f-a4b0-98d8c77401d3
嵌入式软件工程师,湖南乐孚信息技术有限公司,2-3.5万·15薪,长沙·望城·雷锋,广州,本科,经验不限,6月25日,zhilian,岗位职责： 1. 负责STM32/Infineon等主流MCU的底层驱动开发，完成UART、I2C、SPI、CAN、EtherCAT等外设驱动及中断优化； 2. 设计并实现嵌入式实时通信协议栈，包括自定义应用层协议、数据封包/解包、校验及重传机制，保障多节点通信的实时性与可靠性； 3. 基于ROS/ROS2构建机器人软件架构，独立开发Publisher/Subscriber、Service、Action节点，完成传感器数据采集、状态估计与运动控制指令下发； 4. 将PID、MPC等控制算法部署至嵌入式平台，配合硬件完成参数整定、环路调试及性能优化，解决实际运动中的抖动、延迟等问题。 任职要求： 1. 本科及以上学历，自动化、计算机、电子等相关专业，3年以上嵌入式项目经验； 2. 精通C/C++，熟悉FreeRTOS/RT-Thread，具备多任务并发与资源管理能力； 3. 深入掌握CANopen、EtherCAT等总线协议，有从零定义通信协议并落地量产的经验； 4. 熟练使用ROS工具（rviz、gazebo、rqt），理解DDS通信机制，有机器人导航或机械臂项目经验优先； 5. 具备硬件调试能力，能熟练使用示波器、逻辑分析仪，良好的Git协作与英文文档阅读习惯。 工作地点 长沙望城区中联重科智慧产业城1 以担保或任何理由索要财物，扣押证照，均涉嫌违法。一经发现， 立即举报 客户,机器人,http://www.zhaopin.com/jobdetail/CC846956650J40915486112.htm?refcode=4019&srccode=401901&preactionid=decea72a-9d84-410f-a4b0-98d8c77401d3
嵌入式软件工程师,深圳市星泰蓝科技有限公司,2.2-3.5万,深圳·龙华·龙华,广州,大专,3-5年,7月25日,zhilian,"职位描述 上位机 C# C语言 C++ SIMCOM模组 OPENCPU开发 展锐8910、ASR 芯片方案 物联网 通信/网络设备 1.熟练掌握编程语言：C语言。 2.具备良好的编程风格和软件架构设计能力：能够编写高质量、易于维护的代码，并设计出高效、稳定的软件架构。 3.熟悉常用嵌入式系统开发环境：例如Keil、IAR等，能够在这些环境中进行高效的开发和调试。 4.理解嵌入式操作系统原理：了解常见嵌入式操作系统（如FreeRTOS,uCos等）的工作原理和应用场景。 5.掌握硬件基础知识：看懂硬件原理图，能够与开发硬件的工程师进行有效的沟通。 6.熟悉常用单片机开发：例如STM32系列MCU、GD32系列MCU、雅特力系列MCU 7.熟悉嵌入式系统的硬件调试方法和工具：例如JTAG调试器、示波器等，能够利用这些工具进行硬件调试。 8.掌握常用的硬件接口协议和通信协议：例如UART、SPI、I2C等，能够编写相关的驱动程序。 9.掌握常用的无线通讯模块：例如4G模块，蓝牙模块，LoarWan模块等，能够编写相关的无线通信应用程序。 10.掌握常用的物联网通信协议：如MQTT、HTTP、交通部部标jt808等，能够编写相关的应用程序。 11.了解云平台，如阿里iot、AWS IoT、Azure IoT等。 12.了解常用传感器的原理和应用：例如加速度计、陀螺仪、温湿度传感器等，能够根据需求选择合适的传感器。 13.熟练掌握嵌入式软件测试和调试技巧：例如单元测试、集成测试等，能够保证软件的质量和稳定性。 14.具备良好的团队协作和沟通能力：能够与其他工程师和客户进行有效的沟通和协作，共同完成复杂的嵌入式软件开发项目。 15.有车载GPS定位器、个人/宠物/资产gps定位器等行业经验。 16.基于无线通信模块的openmcu开发经验：例如移远模块、simcom模块 工作地点 深圳龙华区龙华街道雪岗北路416号硅谷动力清湖园A6栋B区四楼 以担保或任何理由索要财物，扣押证照，均涉嫌违法。一经发现， 立即举报","上位机,C#,C语言,C++,SIMCOM模组,OPENCPU开发,展锐8910、ASR 芯片方案",http://www.zhaopin.com/jobdetail/CC872300210J40870502312.htm?refcode=4019&srccode=401901&preactionid=decea72a-9d84-410f-a4b0-98d8c77401d3
嵌入式软件工程师,奥佳华,8000-13000元,厦门·集美·侨英,广州,本科,1-3年,7月24日,zhilian,职位描述 家具/家居/办公制造 1)时间：上午8:30-12:00，下午13:30-17:30（大小周） 2)收入：8-13k/月（视工作经验而定） 3) 培训：具有完整的导师带教制度+不定期的内外部培训 4) 晋升：专员→主管→经理 or 初级专员→中级专员→高级专员 5) 福利：六险一金、员工食堂、专线班车、节日福利、定期体检等 6) 工作地址：厦门市集美区孙坂南路105号（厦门蒙发利电子有限公司） 工作职责： 1、 项目软件整体设计及程序编写； 2、 根据需求设计按摩手法； 3、 逻辑思维清晰，即有良好的分析、设计能力； 4、 快速分析并解决问题点。 任职要求： 1.精通单片机C语言、汇编语言、了解单片机外围线路、freeRTOS系统； 2.熟悉GD、NXP、ARM、ST、杰理等系列处理器的内部架构、资源配置及通讯协议，熟练掌握其开发环境； 3.善于沟通、能够接纳建议、信息收集渠道广； 4.认真、细致、坚持原则、自学能力强，具有良好的团队合作精神和较强的沟通、协调能力； 5.有电池电源管理、无线遥控开发、EMS脉冲按摩等开发经验 工作地点 厦门集美区孙坂南路105号 以担保或任何理由索要财物，扣押证照，均涉嫌违法。一经发现， 立即举报,家具/家居/办公制造,http://www.zhaopin.com/jobdetail/CC462424510J40951526308.htm?refcode=4019&srccode=401901&preactionid=decea72a-9d84-410f-a4b0-98d8c77401d3
嵌入式软件工程师,浙江捷昌线性驱动科技股份有限公司,1-2万·13薪,宁波·镇海·庄市,广州,大专,1-3年,7月8日,zhilian,岗位职责; 1、维护现有的嵌入式系统软件； 2、负责公司产品嵌入式软件方案设计、框架搭建以及上下位机通讯协议编制； 3、承担公司产品嵌入式软件功能模块开发、调试，对故障进行分析、定位； 4、负责编写项目执行过程中的应用笔记与案例，编写、修改相关技术文档； 任职要求： 1、计算机、通讯、电子类及相关专业，大专及本科以上学历； 2、精通C语言，2年以上C语言工作经验； 3、具有良好的学习能力、沟通能力和团队合作能力； 5、具备下列条件之一者优先： a、使用C语言主导开发过独立的系统； b、熟悉物联网产品相关通信协议，如TCP/IP、UDP、HTTP、MQTT等 c、有单片机系统开发经验； d、熟悉WIFI、蓝牙、zigbee等通讯技术， 工作地点 宁波镇海区萌恒大厦南楼 以担保或任何理由索要财物，扣押证照，均涉嫌违法。一经发现， 立即举报,"32位单片机,C语言",http://www.zhaopin.com/jobdetail/CC710407320J40847457507.htm?refcode=4019&srccode=401901&preactionid=decea72a-9d84-410f-a4b0-98d8c77401d3
嵌入式软件工程师,重庆龙润汽车转向器有限公司,8000-16000元,重庆·璧山·璧城,广州,本科,1-3年,7月24日,zhilian,岗位职责： 1、根据软件需求文档进行系统架构设计，独立编制设计文档及核心代码，并对自己编制的代码进行单元自测； 2、负责评审、指导软件助理工程师所编制的文档及代码，并对自己及下属的代码规范化进行自查； 3、负责评审测试工程师的测试大纲及测试用例； 3、负责解决现场的各种软件问题； 4、对直接下属进行指导、培训； 5、完成领导安排的其他临时工作； 岗位要求： 1、统招本科以上学历，电子、电气、计算机相关专业，英语CET-4以上 2、熟悉模拟电路、数字电路设计知识，具备嵌入式软件开发1年以上； 3、熟悉至少一种单片机开发环境，精通C/C++语言； 4、能独立进行软件架构设计、软件模块设计、文档编制及编码工作； 5、能掌握并运用公司的架构设计规范、模块设计规范、编码规范等设计规范； 6、掌握软件动静态测试基本工具，能进行软件DFMEA设计； 7、激情上进，坦诚开放、具备良好的沟通能力及团队协作精神； 8、有汽车安全件嵌入式编程经验者优先； 9、接受公司企业文化、规章制度及管理办法，遵守公司操作规程及规范。 工作地点 重庆璧山区龙润转向 以担保或任何理由索要财物，扣押证照，均涉嫌违法。一经发现， 立即举报,"新能源/燃油整车研发制造,新能源/燃油车零部件",http://www.zhaopin.com/jobdetail/CC392860310J40783155112.htm?refcode=4019&srccode=401901&preactionid=decea72a-9d84-410f-a4b0-98d8c77401d3
嵌入式软件工程师,长沙全程数字机电科技有限公司,1-1.3万,长沙·天心·先锋,广州,本科,3-5年,6月9日,zhilian,职位描述 32位单片机 C++ 仪器仪表 长沙全程是是风电传感器行业的头部企业，单项产品市场占有率70%以上，公司历史近30年。 上升通道：我们一起进入绿色能源风电行业 薪资待遇：10-13K，弹性双休，五险一金 工作内容： 负责DSP/ARM嵌入式C语言程序开发、调试、维护；负责CANopen、Modbus RTU协议栈维护适配；根据芯片手册进行SPI/I2C等外设驱动开发；看懂原理图与PCB，使用示波器、万用表等工具进行板级调试；了解IIR滤波、FFT、有效值等数字信号处理算法。 技术栈要求： 熟练使用C语言及TI C2000(CCS)或STM32 ARM(Keil/IAR)开发；熟悉CANopen（优先）、Modbus RTU、Profibus-DP等工业总线协议的至少一种；掌握SPI、I2C、UART外设驱动开发；具备良好的模块化设计规范，有 Git/SVN 使用经验；能阅读原理图与PCB，熟练使用示波器、万用表。 工作地点 长沙天心区龙盛高科技电子产业基地 以担保或任何理由索要财物，扣押证照，均涉嫌违法。一经发现， 立即举报,"32位单片机,C++",http://www.zhaopin.com/jobdetail/CC147100710J40911315312.htm?refcode=4019&srccode=401901&preactionid=fa35e539-bd29-4168-8589-807d5eda0f7a
嵌入式软件工程师,广东国天时空科技有限公司,1-1.5万·13薪,佛山·南海·桂城,广州,硕士,经验不限,7月8日,zhilian,岗位职责 1.负责通信导航类控制软件、嵌入式软件的设计、编码与实现。 任职条件 1.硕士学历，电子信息工程/电子信息技术/通信/电气工程及其自动化/自动化/计算机/等专业。 2.具软件无线电技术相关项目经验者优先。 奖金绩效 季度绩效奖金 工作地点 佛山南海区桂城街道深海路17号瀚天科技城A区 以担保或任何理由索要财物，扣押证照，均涉嫌违法。一经发现， 立即举报,"ARM处理器,DSP,C语言",http://www.zhaopin.com/jobdetail/CC883642570J40841036010.htm?refcode=4019&srccode=401901&preactionid=fa35e539-bd29-4168-8589-807d5eda0f7a
嵌入式软件工程师,深圳市巨潮科技股份有限公司,7000-8000元,深圳·龙华·大浪,广州,本科,1年以下,5月21日,zhilian,"职位描述 32位单片机 C语言 C++ 半导体/芯片 电子设备制造 1、本科及以上学历,软件相关专业 2、熟练使用C++、C语言进行上位机或者产品的软件开发及调试 3、熟悉嵌入式及单片机开发的理论知识 4、需具备一定的软件工程知识; 5、负责产品的软件相关工作 6、应届毕业生 工作地点 深圳龙华区恒大时尚慧谷-7栋 以担保或任何理由索要财物，扣押证照，均涉嫌违法。一经发现， 立即举报","32位单片机,C语言,C++",http://www.zhaopin.com/jobdetail/CC148768770J40754702316.htm?refcode=4019&srccode=401901&preactionid=fa35e539-bd29-4168-8589-807d5eda0f7a
嵌入式软件工程师,江苏威特斯锅炉制造有限公司,1.2-2万,扬州·江都区·宜陵镇,广州,本科,1-3年,7月25日,zhilian,职位描述 PIC单片机 C++ C语言 电气机械/电力设备 专用设备制造 职责: 1. 参与嵌入式系统软件的设计、开发和维护； 2. 负责嵌入式软件的编码、调试与性能优化； 3. 配合硬件工程师完成系统联调与测试； 4. 编写相关技术文档，支持产品迭代与升级； 5. 解决产品在研发、生产及应用中的技术问题。 任职要求： 1. 熟悉嵌入式软件开发流程，掌握常用开发工具和调试手段； 2. 掌握C/C++等编程语言，具备良好的代码编写习惯； 3. 了解常见微控制器架构和外设接口协议； 4. 具备良好的沟通能力和团队协作意识； 5. 能够独立分析和解决开发过程中遇到的技术问题。 工作地点 扬州江都区江苏威特斯锅炉制造有限公司 以担保或任何理由索要财物，扣押证照，均涉嫌违法。一经发现， 立即举报,"PIC单片机,C++,C语言",http://www.zhaopin.com/jobdetail/CC284154780J40863741010.htm?refcode=4019&srccode=401901&preactionid=fa35e539-bd29-4168-8589-807d5eda0f7a
嵌入式软件工程师,杭州广卓电力科技有限公司,9000-16000元,杭州·滨江·浦沿,广州,本科,1-3年,3月9日,zhilian,岗位职责： 1.负责仪器仪表软件应用程序开发； 2.负责软件的程序代码、文档的编写； 3.独立完成相应软件的编码及调试工作； 4.负责软件维护工作。 任职要求： 1、 具有三年及以上工作经验，本科及以上学历； 2、具备独立设计和现场调试问题的解决能力； 3、熟悉系统设计与调试； 4、具备基本的通讯协议开发； 5、良好的沟通、协调能力和团队合作精神、能够承受工作压力； 7、具有电力检测仪器、在线监测系统软件开发经验优先。 8、 熟悉stm32优先 9、 有过FPGA项目经历尤佳 10、嵌入式linux 项目尤佳 职位福利：餐补、交通补助、加班补助、绩效奖金、定期体检、节日福利、带薪年假 职位亮点：新产品销售分成。 工作地点 浙江省杭州市滨江区火炬大道65号1号楼5层 以担保或任何理由索要财物，扣押证照，均涉嫌违法。一经发现， 立即举报,"嵌入式软件开发,单片机开发,STM32,FreeRTOS,KeilC51,C语言,ARM处理器,32位单片机",http://www.zhaopin.com/jobdetail/CC477434420J40145035810.htm?refcode=4019&srccode=401901&preactionid=fa35e539-bd29-4168-8589-807d5eda0f7a
嵌入式软件工程师,四川犍小茉科技有限公司,1.8-2.5万,深圳·光明·光明街道,广州,本科,5-10年,7月14日,zhilian,岗位职责： 1. 核心系统开发 ○ 基于 STM32 平台设计机器人运动控制模块，实现电机驱动、传感器数据采集与实时处理，确保系统稳定性与响应精度。 ○ 开发多协议通信接口（如 TTL、RS485、CAN、TCP/UDP），支持机器人与上位机、外部设备的高效交互。 2. 算法集成与优化 ○ 独立完成履带差速、四路独立驱动底盘的运动控制算法（如 PID）、四轮转向角度速度与行走速度匹配，操控灵敏。 ○ 独立完成SCARA、直角坐标机械臂的逆运动学控制与动态平衡，需要六轴机械臂开发经验，多臂协同开发经验。 ○ 配合完成传感器融合（IMU、激光雷达等）与导航定位算法的嵌入式实现。 ○ 独立完成基于RTK的履带差速、四路独立驱动底盘的自动驾驶。 3. 系统协作与调试 ○ 与机械、算法、测试团队协同完成机器人系统集成与联调，解决复杂场景下的技术问题。 ○ 编写测试程序与生产工具，支持产品量产与迭代优化。 4. 技术文档与规范 ○ 撰写详细的设计文档、接口说明及用户手册，确保技术知识沉淀与团队共享。 任职要求： 1. 教育背景 ○ 本科及以上学历，自动化、电子信息、控制工程相关专业。 2. 技术能力 ○ 精通 STM32 系列芯片开发，熟悉 Cortex-M 内核架构及实时操作系统（如 FreeRTOS、RT-Thread）。 ○ 具备伺服电机、永磁同步电机、步进电机或舵机驱动经验，会使用电机手册编写底层驱动代码。通常项目需要控制多个电机运行，单个总线最多高达30个以上电机。 ○ 熟练使用示波器、逻辑分析仪等工具进行硬件调试，具备PCB电路原理图阅读能力。 ○ 具备机器人、机械臂控制驱动经验优先。 3. 项目经验 ○ 3 年以上机器人控制相关开发经验，参与过完整项目周期（需求分析→量产交付）。 ○ 有服务机器人、AGV/AMR 或人形机器人项目经验者优先。 加分项： • 熟悉 SLAM 算法或传感器融合技术。 • 有 电赛、智能小车比赛等竞赛经历。 • 掌握 Python/C++ 开发经验。 • 熟悉 ROS/ROS2 框架，能实现节点通信与算法对接；具备跨平台开发经验者优先。 特别说明： 1、入职购买五险一金； 2、与国家步调一致：周末双休、国家法定节假日休息； 3、弹性工作时间； 4、高成长公司，职业发展空间大，晋升空间大； 5、不定期团建活动（旅游、拓展等）； 6、公司开展多方面内、外部培训课程，为每一个员工创造快速实现自我提升的条件； 7、boss有分享精神，只要您敢挑战，薪资有竞争力； 8、公司主张勤勤恳恳做事，良好的制度保障您工作的良好氛围。 职位福利：五险一金、绩效奖金、弹性工作、节日福利、周末双休 职位亮点：嵌入式、STM32、单片机开发、机械臂运动控制 工作地点 深圳光明区华强科技生态园-3C栋1502 以担保或任何理由索要财物，扣押证照，均涉嫌违法。一经发现， 立即举报,"32位单片机,伺服电机,六轴机械臂",http://www.zhaopin.com/jobdetail/CCL1269251140J40908858703.htm?refcode=4019&srccode=401901&preactionid=fa35e539-bd29-4168-8589-807d5eda0f7a
嵌入式软件工程师,江苏丰尚智能科技有限公司,1.2-2万·13薪,扬州·邗江区·瓜洲镇,广州,本科,经验不限,6月30日,zhilian,岗位职责： 1.负责饲料、食品加工设备嵌入式软件的全流程开发，基于单片机、ARM 等硬件平台，完成驱动层、应用层程序编写与调试，实现设备的精准控制（如温度闭环调节、物料输送调速、故障自动报警）。 2.参与嵌入式系统需求分析与方案设计，对接机械、工艺团队明确功能需求，制定软件架构方案，输出需求规格书、流程图、代码注释等技术文档，保障软件设计符合设备工况与性能要求。 3.开展嵌入式软件优化与故障排查，针对程序运行卡顿、资源占用过高、传感器数据漂移等问题，优化代码逻辑与算法，定位并修复软件漏洞，提升系统稳定性与响应速度。 4.协同硬件工程师完成软硬件联调测试，验证软件与硬件电路、传感器、执行器的兼容性，参与样机功能测试与性能验收，输出测试报告并跟进问题整改，确保产品顺利量产。 5.跟踪嵌入式软件领域前沿技术，调研 RTOS（实时操作系统）、物联网通信协议（如 MQTT、LwM2M）等技术应用，推动设备嵌入式软件的智能化升级，支撑设备远程监控、数据采集等功能实现。 任职要求： 1.本科及以上学历，自动化、电子信息工程、计算机科学与技术等相关专业，嵌入式软件开发经验，有工业控制设备、农机嵌入式开发经验者优先。 2.精通 C/C++ 编程语言，熟悉 STM32、51 单片机、ARM Cortex-M 系列等主流硬件平台开发，掌握 FreeRTOS、uC/OS-II 等实时操作系统的移植与应用，具备独立开发复杂嵌入式程序的能力。 3.熟悉各类工业传感器（温湿度、压力、转速）、执行器（步进电机、伺服电机、电磁阀）的驱动开发，掌握 Modbus、CAN、RS485 等通信协议的软件实现，能完成设备数据交互功能开发。 4.熟练使用 Keil、IAR、STM32CubeIDE 等开发工具，以及示波器、逻辑分析仪等调试仪器，具备较强的问题分析能力，能快速定位并解决软件开发与运行中的各类故障。 5.具备良好的跨部门协作能力，能准确理解机械、电气团队的需求并转化为软件方案，工作严谨细致，具备较强的抗压能力，可适应项目迭代与技术攻关的工作节奏。 工作地点 扬州邗江区江苏丰尚智能科技有限公司1号 以担保或任何理由索要财物，扣押证照，均涉嫌违法。一经发现， 立即举报,"32位单片机,PIC单片机,C++,Python,Java",http://www.zhaopin.com/jobdetail/CC508406980J40741625906.htm?refcode=4019&srccode=401901&preactionid=fa35e539-bd29-4168-8589-807d5eda0f7a
嵌入式软件工程师,深圳市凯瑞佳易科技有限公司,8000-13000元,深圳·龙岗·南湾,广州,本科,1-3年,6月17日,zhilian,职位描述 本科 工作职责 1. 负责通信/网络设备嵌入式软件的需求分析、模块设计与代码开发，保障系统稳定性与实时性。 2. 参与设备底层驱动、通信协议栈（如TCP/IP、MQTT等）的开发与优化，提升数据传输效率。 3. 配合硬件团队完成联调测试，解决软硬件交互过程中的技术问题，输出高质量技术文档。 4. 跟踪嵌入式技术发展趋势，引入新技术优化现有系统架构，提升产品竞争力。 任职要求 1. 本科及以上学历。 2. 3年以上嵌入式软件开发经验，精通C/C++编程语言，熟悉ARM等主流处理器架构优先。 3. 掌握嵌入式操作系统（如FreeRTOS、Linux）的开发与调试，具备驱动开发或协议栈开发经验。 4. 了解通信/网络设备的工作原理，有路由器、交换机或物联网设备开发经验者优先。 5. 具备良好的问题分析能力与团队协作精神，能独立承担复杂模块的开发任务。 周末双休 工作地点 深圳龙岗区李朗大道8号105 以担保或任何理由索要财物，扣押证照，均涉嫌违法。一经发现， 立即举报,本科,http://www.zhaopin.com/jobdetail/CCL1461615970J40945010615.htm?refcode=4019&srccode=401901&preactionid=fa35e539-bd29-4168-8589-807d5eda0f7a
嵌入式软件工程师,河南新太行电源股份有限公司,7000-14000元,新乡·牧野区·新乡化学与物理电源产业园区,广州,本科,3-5年,7月22日,zhilian,职位描述 32位单片机 DSP C语言 汇编语言 C++ 半导体/芯片 电气机械/电力设备 专用设备制造 岗位要求： 1、本科及以上学历； 2、电子、电气、自动化类相关专业； 3、熟悉嵌入式系统原理，熟练掌握嵌入式C语言编程及编程规范； 4、了解常用的编程平台，熟悉UART、SPI、12C，CAN等常见通信协议，能独立完成项目开发工作； 5、熟悉模拟电路和数字电路，具有较强的逻辑分析能力； 6、有一定的硬件基础，可以看懂较为简单的原理图和PCB，熟悉常用的实验室仪器； 7、较强的英文读写能力；良好的沟通能力和团队合作精神。 8、具有较强的文件编写能力；能够编写与软件相关的配置管理、任务书、详细设计、需求规格说明等文件； 9、熟悉电路仿真或逻辑仿真； 10、了解429等总线通讯协议。 主要职责： 主要工作，用C需要进行软件设计，编码实现，软件测试。根据项目要求编写软件相关文档。文档包括软件任务书，软件开发计划、软件需求规格说明，软件测试大纲，软件测试报告等文件。 工作地点 新乡牧野区河南新太行电源股份有限公司(西门) 以担保或任何理由索要财物，扣押证照，均涉嫌违法。一经发现， 立即举报,"32位单片机,DSP,C语言,汇编语言,C++",http://www.zhaopin.com/jobdetail/CC386925080J40513950313.htm?refcode=4019&srccode=401901&preactionid=fa35e539-bd29-4168-8589-807d5eda0f7a
嵌入式软件工程师,长春禹衡光学有限公司,8000-16000元,长春·朝阳·前进,广州,本科,3-5年,7月23日,zhilian,岗位职责： 基于TI公司DSP构架，使用调试工具，完成开发流程； 基于TIDSP处理器上的软件开发设计和系统优化； 相关软件的详细设计、编码及调试，分析并解决技术问题； 开发文档的书写及整理； 配合硬件工程师完成软硬件系统的联调； 任职要求： 计算机、电子信息、自动化、通信专业，本科及以上学历； 精通C/C++语言，2年以上嵌入式系统软件设计与开发经验； 熟悉TI公司相关构架、开发调试工具及开发流程； 能够熟练阅读和理解英文资料； 具有较好的学习能力、问题分析和解决能力，注重团队意识，有责任感； 具有相关嵌入式系统上的开发经验，对图像处理具有一定的基础的开发经验者优先； 职位福利：五险一金、绩效奖金、餐补、采暖补贴、带薪年假、节日福利、定期团建、周末双休 工作地点 朝阳区长春禹衡光学有限公司 以担保或任何理由索要财物，扣押证照，均涉嫌违法。一经发现， 立即举报,"32位单片机,ARM处理器,C语言,C++",http://www.zhaopin.com/jobdetail/CC218404718J00378056408.htm?refcode=4019&srccode=401901&preactionid=fa35e539-bd29-4168-8589-807d5eda0f7a
嵌入式软件工程师,翔宇医疗,1.2-1.8万,郑州·新郑·龙王,广州,本科,5-10年,7月23日,zhilian,"岗位职责： 1.根据编程规范、研发进度和任务分配，开发系统中的功能模块和算法； 2.按照开发流程和设计要求，完成软件模块的详细设计，代码实现，单元测试； 3.编写功能模块测试程序，测试或协助测试完成软件测试工作； 4.根据公司技术文档规范编写相关的技术文档； 5.对所开发的软件质量和进度负责。 任职要求： 1.本科及以上学历，通信、电子、仪表等相关专业； 2.5年以上嵌入式软件开发工作经验。 岗位专业技能： 1.熟悉嵌入式软件开发流程及开发工具； 2.熟悉STM32系列处理器的架构及应用开发； 3.熟悉硬件电路工作原理；熟悉处理器外围设备接口及驱动程序设计； 4.熟练掌握C语言编程，有良好的编程风格、文档习惯,能够完成详细的设计文档； 5.有责任心和团队合作意识，工作严谨认真，有良好的学习能力、沟通能力。 工作地点 郑州航空港经济综合实验区河南省郑州市新郑市郑州航空港经济综合实验区仲景路仲景路156号 以担保或任何理由索要财物，扣押证照，均涉嫌违法。一经发现， 立即举报","32位单片机,C语言,ARM处理器",http://www.zhaopin.com/jobdetail/CC381255110J40828049907.htm?refcode=4019&srccode=401901&preactionid=fa35e539-bd29-4168-8589-807d5eda0f7a
嵌入式软件工程师,湖南图瓴科技有限公司,8000-15000元·13薪,长沙·望城·大泽湖,广州,本科,3-5年,7月10日,zhilian,岗位职责： 1. 视觉检测系统嵌入式软件开发； 2. 开发摄像头驱动，实现多路图像数据采集； 3. 开发4G通讯模块，实现MQTT通讯等相关工作； 4. 基于应用平台完成AI推理部署，实现多模型调用； 5. 实现边缘推理策略； 编写软件设计文档，API文档，部署手册等 奖金绩效 年终一个月的奖金（保底）+年终福利 工作地点 长沙望城区大泽湖·海归小镇研发中心1期 以担保或任何理由索要财物，扣押证照，均涉嫌违法。一经发现， 立即举报,"ARM处理器,X86处理器,C++,Python",http://www.zhaopin.com/jobdetail/CCL1513131160J40854447911.htm?refcode=4019&srccode=401901&preactionid=fa35e539-bd29-4168-8589-807d5eda0f7a
嵌入式软件工程师,广东利元亨智能装备股份有限公司,1.2-2.4万,惠州·惠城区·马安镇,广州,本科,3-5年,7月25日,zhilian,岗位职责 1）开发方向： 1、进行基于平台框架下的系统驱动开发 2、进行基于平台框架下的系统测试程序开发 3、进行基于平台框架下的移动机器人产品应用软件开发 4、系统方案流程图设计，产品技术文档编辑、讲解 2）开发方向： 1、负责机器人整机驱动工程、模块驱动程序的开发、调试 2、负责机器人相关算法（差速运动/全向移动底盘驱动）的开发、调试 3、负责软件工程设计文档、流程图的编写 4、负责低压伺服电机的调试，编写和维护电机运动控制驱动程序 任职资格： 1、3年及以上嵌入式软件开发经验，熟悉C软件编程，熟悉架构的单片机编程 2、能独立完成驱动的设计与实现 3、熟悉常用通信接口 4、有开发经验者优先考虑 工作地点 惠州惠城区广东利元亨智能装备股份有限公司 以担保或任何理由索要财物，扣押证照，均涉嫌违法。一经发现， 立即举报,"C++,C语言",http://www.zhaopin.com/jobdetail/CC297409380J40865925501.htm?refcode=4019&srccode=401901&preactionid=fa35e539-bd29-4168-8589-807d5eda0f7a
嵌入式软件工程师,长沙蕾智达智能科技有限公司,1.5-2.5万,长沙·雨花·同升,广州,大专,5-10年,3月20日,zhilian,职位描述 单片机 伺服电机 下位机 人工智能 专用设备制造 工业自动化/机器人 单片机，接触过伺服！ 1.负责嵌入式系统的软硬件协同设计，包括嵌入式处理器选型、硬件电路原理图设计、PCBLayout评审，以及底层驱动程序的开发与调试； 2.主导嵌入式应用程序开发，基于C/C++/Python等语言，完成控制逻辑、数据处理、通信协议的编码、调试与优化，确保系统稳定运行； 3.负责嵌入式系统的集成测试与性能优化，搭建测试环境，编写测试用例，排查系统中的软硬件兼容性问题、稳定性问题及性能瓶颈，提升系统响应速度与可靠性； 4.参与产品需求分析与技术方案评审，结合嵌入式技术特点，将产品需求转化为可实现的技术方案，输出详细的设计文档（如系统架构图、驱动设计文档、应用程序流程图等）； 5.参与跨部门项目协作（如智能硬件新品研发、现有产品迭代升级），同步开发进度，协调解决项目推进中的技术难点，确保项目按计划交付； 6.对接生产调试部门，提供嵌入式技术支持，协助编写生产测试脚本，解决生产过程中的固件烧录、系统调试等技术问题。 工作地点 长沙雨花区湖南蕾自达智能科技有限公司7栋202 以担保或任何理由索要财物，扣押证照，均涉嫌违法。一经发现， 立即举报,"单片机,伺服电机,下位机",http://www.zhaopin.com/jobdetail/CCL1491624780J40920875108.htm?refcode=4019&srccode=401901&preactionid=fa35e539-bd29-4168-8589-807d5eda0f7a
嵌入式软件工程师,都森(江西)电子科技有限公司,1-1.6万,南昌·红谷滩,广州,本科,3-5年,7月25日,zhilian,"岗位职责 1、负责嵌入式软件相关驱动程序、网络协议或嵌入式应用软件等方面的软件开发； 2、负责分析解决嵌入式软件项目相关的技术问题，按时完成项目开发，保证项目质量； 3、负责嵌入式软件设计相关文档的编写及其他技术文档的编制和归档； 任职资格 1、本科学历以上，计算机、电子、通信与信号、自动控制等相关专业。3年及以上相关工作经验，中级以上工作经验； 2、熟悉通信协议SPI,I2C,TCP/IP,PCI/PCIE,RadidIO,RS485,RS232,RS422等的应用； 3、熟悉操作系统多线程编程，熟悉Socket网络编程； 4、有TI DSP软件开发经验，熟悉多核开发技术优先； 5、有嵌入式系统软件Driver等底层的开发经验优先（Linux，VxWorks，Sys/bios等）； 6、有在Linux、Vxworks、freeRTOS系统下进行开发的经验优先； 7、熟悉STM32/GD32/国产飞腾等ARM单片机； 8、熟悉GPU者优先； 9、具有较好的数字电路基础，熟悉处理器周边电路，能看懂电路图优先； 10、具有较强的执行力、沟通能力和团队合作意识； 工作地点 南昌市红谷滩区风顺东街腾龙学校东南侧约270米1号楼9楼 以担保或任何理由索要财物，扣押证照，均涉嫌违法。一经发现， 立即举报","STM32,软件开发,项目开发,SPI,TCP,I2C,数字电路",http://www.zhaopin.com/jobdetail/CCL1519835560J40862326111.htm?refcode=4019&srccode=401901&preactionid=fa35e539-bd29-4168-8589-807d5eda0f7a
嵌入式软件工程师,智蚁传感技术(杭州)有限公司,1.8-2.5万,杭州·拱墅·祥符,广州,本科,5-10年,7月23日,zhilian,职位描述 32位单片机 C语言 ARM处理器 半导体/芯片 电子电路基础元件/模组 1、本科及以上学历，自动化、电子、计算机等专业。 2、从事嵌入式开发工作5年以上经验。 3、精通单片机开发，熟悉CAN通信，有编码器行业经验者优先。 职责： 1.负责公司相关产品的软件开发和维护; 2.负责公司产品的测试和验证; 3.参与嵌入式产品软件系统的结构设计 4.解决项目中的关键问题和技术难题。 5.使用主流嵌入式开发语言或适合于硬件目标的汇编语言进行代码编辑和调试; 6.编写文档，完成相关代码测试任务; 7.根据项目进度完成代码开发任务; 8.对代码进行维护、改进完善，以满足新需求; 9.使用原理图软件查阅硬件连接的逻辑，并编制相应的软件代码; 10.根据产品需求进行器件选型，原理图设计； 11.编写技术文档。 工作地点 杭州拱墅区泰嘉园-F座203 以担保或任何理由索要财物，扣押证照，均涉嫌违法。一经发现， 立即举报,"32位单片机,C语言,ARM处理器",http://www.zhaopin.com/jobdetail/CCL1515634340J40889979402.htm?refcode=4019&srccode=401901&preactionid=fa35e539-bd29-4168-8589-807d5eda0f7a
嵌入式软件工程师,成都华远焊接设备股份有限公司,8000-16000元·14薪,成都·双流·黄甲,广州,本科,经验不限,7月15日,zhilian,岗位职责： 1、负责新产品的单片机软件开发； 2、负责新产品软件流程图的设计输出工作； 3、 负责新产品单片机控制原理及控制板的设计； 4、负责产品的实验方案设计工作； 5、 负责单片机及相关器件的设计选型工作； 6、 负责产品软件的维护工作； 7、负责特殊订单产品的软件设计更改工作； 8、 完成上级领导安排的其他临时工作。 任职要求： 1、本科及以上学历，电子信息工程、通信与信息工程、电子信息科学技术、电子科学与技术、电力电子、机械电子工程、计算机、自动化等相关专业。 2、三年以上从业经验，可接受优秀应届生。 3、熟练掌握C语言，具有单片机、DSP、FPGA设计经验优先。 4、具有电路设计、PCB设计相关经验优先。 5、有较强的学习能力、团队协作精神，责任心强，性格开朗，具有良好的沟通及协调能力。 员工福利: 1、五险一金：缴纳社会保险及住房公积金，并额外提供商业意外险； 2、各种补贴：餐费补贴、交通补贴、职业资格补贴、升学补贴、工会补贴等多种补贴； 3、多形式带薪假期：周末双休、国家法定节假日、年假、婚假、产假、考试假等； 4、员工宿舍、健身房、篮球场、员工旅游、节日福利、各种文娱活动。 工作地点 四川省成都市双流区西航街道航空港空港二路1299号 以担保或任何理由索要财物，扣押证照，均涉嫌违法。一经发现， 立即举报,"DSP开发,嵌入式软件开发,PCB设计,电路设计,单片机开发,C语言",http://www.zhaopin.com/jobdetail/CC369204610J40423713504.htm?refcode=4019&srccode=401901&preactionid=fa35e539-bd29-4168-8589-807d5eda0f7a
嵌入式软件工程师,软通动力信息技术(集团)股份有限公司,8000-15000元,武汉·洪山·九峰,广州,本科,1-3年,7月6日,zhilian,职位描述 C语言 C++ 计算机软件 岗位要求： 1、掌握嵌入式程序设计，有单片机、ARM等项目开发经验，有内核相关工作经验者优先 2、掌握UART、I2C、SPI等通信接口，有WIFI、蓝牙等IOT通信模块开发经验者优先； 3、具有良好的沟通能力，工作仔细主动，团队合作精神，抗压能力强。 4、本科毕业，2年以上相关工作经验，计算机相关专业 工作地点 洪山区武汉软通动力交付中心 以担保或任何理由索要财物，扣押证照，均涉嫌违法。一经发现， 立即举报,"C语言,C++",http://www.zhaopin.com/jobdetail/CC000544460J40369806516.htm?refcode=4019&srccode=401901&preactionid=fa35e539-bd29-4168-8589-807d5eda0f7a
嵌入式软件工程师,华珑(沈阳)智能电气有限公司,7000-14000元·13薪,沈阳·铁西·翟家,广州,大专,3-5年,6月29日,zhilian,岗位职责： (1) 嵌入式软件编程，编写硬件驱动、应用程序等； (2) 配合电气工程师开发高效的通讯接口及相关软件程序； (3) 根据项目需求编制项目文件，编写设计方案、产品说明书等，并协助完成研发设计项目认证验收工作； (4) 维护现有嵌入式软件，并根据需求不断更新完善软件； (5) 根据项目需求参与设备现场的安装调试，设备的售后服务等； (6) 完成上级领导交代的其他相关工作。 奖金绩效 项目绩效奖励，年底奖金 工作地点 铁西区华珑(沈阳)智能电气有限公司 以担保或任何理由索要财物，扣押证照，均涉嫌违法。一经发现， 立即举报,"C++,C语言,32位单片机,ARM处理器,PIC单片机",http://www.zhaopin.com/jobdetail/CCL1494184850J40818801008.htm?refcode=4019&srccode=401901&preactionid=d868ea7d-724e-44b9-acdb-5caec7f871ab
嵌入式软件工程师,三河同飞制冷股份有限公司,1.5-2.5万·15薪,廊坊·三河市·泃阳镇,广州,本科,3-5年,7月25日,zhilian,"职位描述 嵌入式 电路 数字电路 C++ STM32 STM8 职责描述： 1. 参与STM32产品的固件开发； 2. 负责单片机/STM32嵌入式产品的软件开发（C语言）调试及驱动编写，程序修改维护； 3. 负责开发过程中相关的测试工作； 4. 解决产品控制板软硬件中存在的问题。 任职要求： 1、 模拟、数字电路基础扎实，熟练使用C/C++； 2、具有STM8,STM32软件开发经验； 3、熟悉RS485,CAN,TCP/IP协议；熟悉PID算法；有RS485,CAN编程经验优先； 4、有一定抗压能力、团队合作能力。 职位福利：五险一金、节日福利、通讯补助、带薪年假、住房补贴、交通补助、绩效奖金、餐补 工作地点 廊坊三河市三河同飞制冷股份有限公司 以担保或任何理由索要财物，扣押证照，均涉嫌违法。一经发现， 立即举报","嵌入式,电路,数字电路,C++,STM32,STM8",http://www.zhaopin.com/jobdetail/CC622152480J40314277708.htm?refcode=4019&srccode=401901&preactionid=d868ea7d-724e-44b9-acdb-5caec7f871ab
嵌入式软件工程师,昆山捷嵘发测控设备有限公司,1.5-2.5万·15薪,苏州·昆山·周庄,广州,本科,5-10年,7月2日,zhilian,岗位职责】 1.完成公司产品嵌入式系统开发，参与产品开发全过程； 2.对开发产品进行需求分析，软件架构、UI设计，编码实现，软件调试及指导量产； 3.配合测试部门完成软件的功能性测试、量产测试和系统级测试等工作，确保软件质量； 4.负责相关文档（需求分析、设计文档等）的编写以及现有产品嵌入式系统的维护、优化和改进。 【任职要求】 1.5年以上相关岗位经历、大专及以上学历；招应届实习生，一本及以上学历； 2.熟练运用C语言进行嵌入式软件开发，使用过STM32+FreeRTOS、有FPGA开发经验；有Linux、DSP开发经验； 3.熟悉工业常用的通信协议和各类外设，如UART、ADC、DAC、modbusRTU/TCP协议等； 4.掌握常用的开发工具如Keil等； 5.具备一定的硬件知识，能够看懂原理图编写程序。 工作地点 苏州昆山市周庄镇崇远路333号远望谷物联网产业园14号楼 以担保或任何理由索要财物，扣押证照，均涉嫌违法。一经发现， 立即举报,"FPGA,32位单片机,仪器仪表",http://www.zhaopin.com/jobdetail/CC487065420J40711216109.htm?refcode=4019&srccode=401901&preactionid=d868ea7d-724e-44b9-acdb-5caec7f871ab
嵌入式软件工程师,上海鸾鸣汽车科技有限公司,1.2-1.8万·13薪,常州·新北·三井,广州,大专,1-3年,7月17日,zhilian,"职位描述 C语言 C++ CAN 汽车 车灯 职位描述： 1.基于客户需求与输入分析，配合完成产品的前期评估及报价。 2.完成软件需求说明书、软件架构说明书、算法设计等文档的编写。 3..配合完成软件测试、各类实验，根据测试及实验结果，完成设计整改及更改。 4.批产项目的程序输出及维护、支持故障件的分析。 5.完成部门主管安排的其他工作。 职位要求： 1.大专及以上，电子通信、自动化、计算机或软件相关专业， 2年以上经验。 2.良好的英语读写能力，熟练使用C语言、汇编语言，具备良好的代码编写能力。 3：具备符合标准AUTOSAR的通信栈，诊断栈，存储栈，系统服务，以 及BOOTLODER 的开发能力。能够根据主机厂的规范要求修改移植BSW,最终满足客户规范要求。 4：熟练使用主流BSW供应商的配置工具，如VECTOR,普华,优先普华工具链最佳。 5：熟练使用基于NXP平台的MCAL配置，能基于S32DS环境进行软件的系统集成。 此岗位要会can协议 工作地点 新北区常州星宇车灯股份有限公司 以担保或任何理由索要财物，扣押证照，均涉嫌违法。一经发现， 立即举报","C语言,C++,CAN,汽车,车灯",http://www.zhaopin.com/jobdetail/CC829823850J40748630515.htm?refcode=4019&srccode=401901&preactionid=d868ea7d-724e-44b9-acdb-5caec7f871ab
嵌入式软件工程师,北京雷蒙赛博核装备技术研究有限公司,1.2-2.4万,北京·怀柔·北房,广州,本科,经验不限,5月6日,zhilian,职位描述 C语言 C++ 计算机软件 工业自动化/机器人 电气机械/电力设备 工作职责： 1. 负责工业设备嵌入式/上位机软件的架构设计、功能开发与性能优化，主要使用C/C++或 C#； 2. 依据项目需要实现常见工业协议与接口（如Modbus、TCP/IP、CAN、EtherCAT、Profinet等）的协议解析、实现、封装，完成设备内部的通讯联调； 3. 编写技术文档（方案、接口说明、用户手册、交底文件）与测试用例，配合完成型式试验、验证与交付； 4. 按研发流程进行需求评审、任务拆解与进度跟踪，参与代码评审与持续集成（CI/CD）、质量改进； 5. 完成领导安排的其他临时性工作任务。 任职要求： 1. 通信、自动化、机械电子、计算机、软件工程相关专业，本科及以上学历； 2. 精通 C/C++或 C#/.NET中至少一项，熟悉异步/多线程/Task，具备良好的编码规范与设计习惯； 3. 具有独立承担项目的能力，具有良好的团队精神，具有较强的抗压能力； 4. 工作经验不限，有AI落地经验者优先，有计算机软件、IPC、运动控制器、CNC、现场总线项目经验者优先。 工作地点 北京市怀柔区雁栖经济开发区北一街1号 以担保或任何理由索要财物，扣押证照，均涉嫌违法。一经发现， 立即举报,"C语言,C++",http://www.zhaopin.com/jobdetail/CC120376430J40832019408.htm?refcode=4019&srccode=401901&preactionid=d868ea7d-724e-44b9-acdb-5caec7f871ab
嵌入式软件工程师,北京合拓起重设备有限公司,8000-15000元,廊坊·大厂回族自治县·邵府镇,广州,本科,1-3年,6月30日,zhilian,岗位职责： 1. 参与机电一体化产品（如非标自动化设备、测试仪器、驱动系统 等）的软件方案设计与架构搭建。 2. 负责基于单片机/ARM 的嵌入式软件开发，编写底层驱动、业务逻 辑及应用层程序。 3. 实现并调试各类通信接口（如 UART、I2C、SPI、CAN、RS485、Ethernet 等）的数据交互协议。 4. 开发和优化运动控制程序，特别是伺服电机的控制算法（如位置 环、速度环控制）。 5. 根据项目需求，开发或维护基于 C#、LabVIEW、VC++等的上位机 软件，实现设备监控、数据采集与参数配置功能。 6. 完成软件模块测试、系统联调及现场技术支持，编写相关技术文 档。 7. 协同硬件工程师、机械工程师进行问题排查与系统性能优化。 任职要求： 基本要求： 1. 计算机、电子工程、自动化、通信等相关专业本科及以上学历。 2. 精通 C/C++语言，具备扎实的编程基础和良好的代码风格。 3. 深刻理解单片机工作原理，能独立进行外设驱动开发、中断处理 及系统资源管理。 4. 拥有丰富的通信接口开发与调试经验，能熟练编写和解析各类通 信协议。 5. 逻辑清晰，具备出色的分析问题和解决问题能力，工作积极主动， 团队协作精神佳。 优先条件（符合以下条件者将优先考虑）： 1. 经验匹配： 拥有 STM32 系列或同类 ARM Cortex-M 内核芯片的丰 富项目开发经验。 2. 核心技能： 具备伺服控制、步进电机控制或闭环运动控制算法的 实际开发与调试经验。 3. 技能拓展： 熟悉 C#、LabVIEW、VC++（MFC/QT）等至少一种上位 机开发工具，有完整的上下位机通信项目经验。 4. 行业背景： 有非标自动化、机器人、数控系统或精密仪器等相关 行业背景。 工作地点 廊坊大厂回族自治县工业二路 以担保或任何理由索要财物，扣押证照，均涉嫌违法。一经发现， 立即举报,"C语言,C#,32位单片机",http://www.zhaopin.com/jobdetail/CC403627010J40814920611.htm?refcode=4019&srccode=401901&preactionid=d868ea7d-724e-44b9-acdb-5caec7f871ab
嵌入式软件工程师,富维安道拓,6000-8000元·13薪,长春·二道·东方广场,广州,本科,1-3年,7月21日,zhilian,职位描述 C++ 新能源/燃油整车研发制造 新能源/燃油车零部件 职责描述： 1.负责软件架构设计、功能定义和程序设计；包括但不限于MCU底层，通信，网络管理等。 2.负责软件的验证工作；负责软件的联调和测试 3.熟悉AUTOSAR开发 4.参与产品及项目开发维护过程中代码编写，调试及技术问题的解决，并反馈及提出改进建议； 5.支持系统集成与测试 任职要求： 1.本科及以上学历，汽车、自动化、电子等相关专业 2.两年+嵌入式C/C++开发经验及相关EDA软件的使用，至少1个以上完整项目的软件开发经验 3.熟悉MCU/ARM开发及RTOS 4.熟悉SPI/I2C/CAN/LIN等通信协议，熟悉AUTOSAR开发工具的使用 5.结合产品需求，完成功能分解和代码编写及调试。 6.较强的逻辑分析能力、团队协作能力 工作地点 长春市-二道区-G102(营口路) 以担保或任何理由索要财物，扣押证照，均涉嫌违法。一经发现， 立即举报,C++,http://www.zhaopin.com/jobdetail/CC131263090J40905966115.htm?refcode=4019&srccode=401901&preactionid=d868ea7d-724e-44b9-acdb-5caec7f871ab
嵌入式软件工程师,奥克斯集团,2-3.5万·15薪,宁波·鄞州·梅墟,广州,本科,5-10年,9月11日,zhilian,职位描述 32位单片机 ARM处理器 C语言 逆变器 光伏 储能 新能源 主要职责： 1、负责逆变器产品的ARM软件的开发与维护； 2、负责物联网模块或无线模块互联协议开发与维护； 3、根据项目需求评估软件方案，编写软件设计文档，根据产品需求构建实现功能代码。 应聘要求： 1、本科及以上学历，5年以上能源行业嵌入式软件开发经验； 2、有逆变器产品开发经验优先，熟悉产品应用场景及逻辑； 3、有产品GUI开发经验优先，具备LVGL、QT等相关开发经验； 4、精通ARM架构M3/M4系列MCU，熟悉相关底层驱动开发； 5、熟悉常用外设接口，如CAN、USB、I2C、SPI、UART、Ethernet、ADC等； 6、熟悉嵌入式操作系统，熟练使用C语言编程，具备良好的编程习惯； 7、熟悉硬件原理图，能独立使用一些基本的调试仪器； 8、有团队协作精神，能吃苦耐劳，有责任感。 工作地点 鄞州区宁波奥克斯产业管理有限公司 以担保或任何理由索要财物，扣押证照，均涉嫌违法。一经发现， 立即举报,"32位单片机,ARM处理器,C语言,逆变器,光伏,储能",http://www.zhaopin.com/jobdetail/CC120230020J40715108806.htm?refcode=4019&srccode=401901&preactionid=d868ea7d-724e-44b9-acdb-5caec7f871ab
嵌入式软件工程师,湖北精实机电科技有限公司,1-1.6万,武汉·东西湖·慈惠,广州,大专,1-3年,3月25日,zhilian,"职位描述 32位单片机 C# 工业自动化/机器人 1、有2年及以上STMI32嵌入式软件开发经验，能根据项目需求完成程序设计; 2、精通C语言编程，有较强的代码BUG解决能力; 3、能看懂原理图，有一定硬件基础;4、熟悉TCP/IP，ModbusRTU等协议，熟练使用I2C,SPI，CAN，UART，RS485通讯原理和应用;5、熟练使用实时操作系统FreeaRTOS、uC/0S等操作系统的移植; 工作地点 武汉东西湖区湖北精实机电科技有限公司 以担保或任何理由索要财物，扣押证照，均涉嫌违法。一经发现， 立即举报","32位单片机,C#",http://www.zhaopin.com/jobdetail/CCL1449813470J40853659805.htm?refcode=4019&srccode=401901&preactionid=d868ea7d-724e-44b9-acdb-5caec7f871ab
嵌入式软件工程师,灏博电子科技(南京)有限公司,9000-18000元,南京·江宁·淳化,广州,本科,1-3年,4月29日,zhilian,职位描述 嵌入式软件开发 C语言 半导体/芯片 岗位描述 1、负责产品的嵌入式软件开发； 2、负责公司嵌入式产品软件架构设计，功能设计、代码编写、功能测试和维护; 3、负责单片机软件的开发; 4、参与到硬件方案的选型讨论; 任职要求： 1、精通C语言，具备两年以上嵌入式产品开发经验，熟悉单片机开发流程和规范，如系统分析、设计、编码和调试等（优秀应届生经验不限）； 2、精通主流MCU(NXP、英飞凌、瑞萨等)平台开发，熟悉常见的嵌入式系统、通讯协议和MCU外设，熟悉Bootloader、UDS、UART、CAN、SPI、I2C等组成部分工作原理和开发方法; 3、熟悉车载CAN总线通讯协议和标准、OSEK网络管理、CAN诊断相关规范优先； 4、能独立完成软件开发文档的编写和维护，如需求分析、概要和方案设计等； 5、能独立完成软件框架和核心代码编写、调试、工程量维护； 6、良好的英文读写能力，具备独立分析和解决问题的能力，较强的主观能动性和责任心，良好的沟通和团队协作能力； 7、熟悉汽车电子行业产品开发流程，有相关产品开发经验者优先，能力优秀者薪酬面议。 工作地点 江宁区灏博电子科技(南京)有限公司 以担保或任何理由索要财物，扣押证照，均涉嫌违法。一经发现， 立即举报,"嵌入式软件开发,C语言",http://www.zhaopin.com/jobdetail/CCL1380980750J40325080704.htm?refcode=4019&srccode=401901&preactionid=d868ea7d-724e-44b9-acdb-5caec7f871ab
嵌入式软件工程师,山东博恩电气有限公司,8000-14000元,淄博·周村区·北郊镇,广州,本科,3-5年,7月23日,zhilian,岗位职责： 1）负责产品软件研发立项申请书、可行性研究报告撰写； 2）负责产品软件技术方案书、技术实施方案及分析报告撰写； 3）负责产品软件设计，包括设备硬件驱动软件、应用软件、通信规约等； 4）负责产品软件测试、调试，记录各过程中发现的问题并形成调试报告； 5）负责处理产品测试、小批量、量产等产品各阶段软件相关问题； 6）负责整理产品软件设计各阶段资料整理及上传。 任职资格 1）本科及以上学历，3年以上相关专业工作经验； 2）电气/电子/计算机/软件工程/物联网/通信/系统集成等相关专业； 3）熟悉嵌入式软件设计，熟练使用C\C++编写相关软件，熟悉Linux系统操作及编程环境； 4）熟练使用Keil、Eclipse等IDE； 5）具备良好的逻辑思维能力及良好的软件编程习惯； 6）熟练使用Debug工具进行代码问题排查； 7）能够看懂硬件原理图，能理解硬件运作流程； 8）具有良好的文档撰写能力； 9）具备良好的沟通能力和团队协作能力， 10）有软件设计专业背景、设计行业经验者优先； 11）接受短期出差。 工作地点 淄博周村区齐鲁数谷-4号楼1层、2层 以担保或任何理由索要财物，扣押证照，均涉嫌违法。一经发现， 立即举报,"32位单片机,Java",http://www.zhaopin.com/jobdetail/CCL1212020840J40949513704.htm?refcode=4019&srccode=401901&preactionid=d868ea7d-724e-44b9-acdb-5caec7f871ab
嵌入式软件工程师,青岛华烁高科新能源技术有限公司,8000-15000元,青岛·城阳·上马,广州,本科,经验不限,3月31日,zhilian,岗位职责： 1. 根据标准和技术要求，参与产品的方案编制、讨论和设计开发工作； 2. 根据产品规划，参与新产品的软件开发、调试、测试工作； 3.对所编写的程序进行严格的综合测试，进行软件故障的诊断、定位、分析、调试和修改； 4、编写标准化软件产品文档，管理相关软件文档，良好的代码风格； 5、参与公司产品的软件技术预研； 任职要求： 1、本科及以上学历，电气工程及其自动化、自动控制、计算机、通信等相关专业； 2、2年以上嵌入式软件研发工程经验，精通C/C++编程，能够编写高质量、高可靠性软件，能独立开展工作； 3、熟悉常用嵌入式操作系统，具有成功的相关项目经验），熟悉常用的通信协议； 4、了解基本硬件电路原理； 5、有较强的学习能力，善于解决问题，思路清晰、工作严谨、善于总结，具有良好技术文档写作能力； 6、具有良好的沟通能力和团队合作精神，具有高度的责任心和进取精神； 7、熟悉各种物联网设备设计开发，具有实际能源物联设备开发、数据采集设计经验值优先 职位福利：五险一金、绩效奖金、年终分红、加班补助、节日福利、全勤奖、餐补、住房补贴 工作地点 城阳区青岛市高新技术开发区同顺路西100米 以担保或任何理由索要财物，扣押证照，均涉嫌违法。一经发现， 立即举报,"C语言,嵌入式软件开发,FreeRTOS,项目奖金,五险一金,工作餐,节日福利",http://www.zhaopin.com/jobdetail/CC263066680J40264387110.htm?refcode=4019&srccode=401901&preactionid=d868ea7d-724e-44b9-acdb-5caec7f871ab
嵌入式软件工程师,厦门顶科电子有限公司,1.2-2.3万·13薪,厦门·翔安·马巷,广州,本科,1-3年,7月9日,zhilian,岗位职责： 1.完成系统框架和核心代码； 2.独立完成模块的设计、编码、测试以及相关文档； 3.熟悉模拟电路，数字电路基本原理，读懂硬件原理图； 4.精通C语言，有独立的软件编程能力，熟悉PIC单片机、STM32系列嵌入式开发； 5.熟悉I2C，SPI，UART，CAN等多种通讯协议软件编写； 6.熟悉拓普微、台达等人机界面开发 职位要求： 1.本科及以上学历，计算机、通信、电子类相关专业毕业； 2.熟悉单片机原理及底层应用开发； 3.具备嵌入式软件开发经验，熟悉C语言开发环境，有一定单片机软件/固件设计经验； 4.具备规范的编程习惯与文档编写能力； 5.具备良好的沟通协调能力，工作细心、踏实，责任心强； 6.2年及以上工作经验优先考虑 工作地点 厦门市-翔安区-翔岳路53号四楼 以担保或任何理由索要财物，扣押证照，均涉嫌违法。一经发现， 立即举报,"C语言,嵌入式软件开发,32位单片机,PIC单片机,DSP",http://www.zhaopin.com/jobdetail/CC206330510J40861909410.htm?refcode=4019&srccode=401901&preactionid=d868ea7d-724e-44b9-acdb-5caec7f871ab
嵌入式软件工程师,合肥清芯传感科技有限公司,1.2-1.4万·13薪,合肥·蜀山·海恒社区,广州,本科,3-5年,7月2日,zhilian,岗位职责 1、负责嵌入式系统的软件开发、调试和维护工作； 2、根据项目需求进行软件设计、编码和测试； 3、优化软件性能，提高系统的稳定性和可靠性； 4、编写相关技术文档，参与项目的技术交流和讨论。 二、任职要求 1、计算机、电子工程或相关专业本科及以上学历； 2、熟悉嵌入式系统开发流程和相关技术，具备扎实的编程功底； 3、具备良好的团队协作和沟通能力，能够解决复杂的技术问题； 4、有一定的项目开发经验，能够独立完成任务。 工作地点 蜀山区清华大学合肥公共安全研究院 以担保或任何理由索要财物，扣押证照，均涉嫌违法。一经发现， 立即举报,仪器仪表,http://www.zhaopin.com/jobdetail/CCL1426393200J40870492309.htm?refcode=4019&srccode=401901&preactionid=d868ea7d-724e-44b9-acdb-5caec7f871ab
嵌入式软件工程师,北京九州华海科技有限公司,1.5-3万·15薪,北京·通州·台湖,广州,本科,3-5年,6月10日,zhilian,岗位职责： 1、负责嵌入式系统需求分析、方案设计； 2、负责嵌入式软件代码实现、开发调试，编写技术文档； 3、负责控制器操作系统、MCAL配置开发； 4、负责复杂驱动块设计及开发； 5、参与UDS、BOOTLOADER、CCP、XCP协议栈移植、开发工作； 6、配合硬件工程师联调联试，配合测试工程师完成产品功能测试。 任职资格： 1、本科或以上学历，计算机、自动化、电子等相关专业；3年以上嵌入式软件工作经验； 2、熟练C语言，熟练操作Codewarrior、KEIL、S32DS等开发环境，至少熟悉一种汽车嵌入式处理器平台（NXP、Infineon等）； 3、掌握基本的硬件驱动知识，可独自完成MCAL、中间件等底层软件开发工作； 4、熟练掌握软件工具及相关测试设备的使用； 5、学习能力强，责任心强，工作踏实，性格开朗，有较强的沟通和协作能力。 工作地点 通州区北京九州华海科技有限公司 以担保或任何理由索要财物，扣押证照，均涉嫌违法。一经发现， 立即举报,"新能源/燃油整车研发制造,新能源汽车,新能源/燃油车零部件",http://www.zhaopin.com/jobdetail/CC446840320J40889691408.htm?refcode=4019&srccode=401901&preactionid=d868ea7d-724e-44b9-acdb-5caec7f871ab
嵌入式软件工程师,宁波帕瓦莱斯智能科技有限公司,1.2-2万,宁波·奉化·莼湖,广州,学历不限,5-10年,1月6日,zhilian,职位描述 PIC单片机 DSP 32位单片机 C语言 汇编语言 电气机械/电力设备 通信/网络设备 仪器仪表 任职要求： 1、电子工程、计算机、通信工程等相关专业， 2、熟悉嵌入式软件开发，5年及以上嵌入式软件研发经验，有低压有刷、无刷电机驱动控制研发经验。 3、熟练使用C等开发语言，熟悉modbus、TCP/IP、CANopen等通信协议，能够熟练使用相关工具和技术进行开发和调试，具有良好的理论基础和代码规范。 4、具有较强的自我驱动和学习能力，具备良好的团队合作精神。 工作内容： 1、架构设计与开发：参与电机驱动器、控制器嵌入式软件架构设计，独立完成产品代码开发。 2. 通信接口与协议：完成对外通信接口协议定义，实现数据采集和通信、控制的算法和功能。 3. 测试与调试：完成嵌入式软件单元测试，与硬件测试团队密切配合完成产品调试、测试。编写测试用例，对软件进行单元测试，确保软件功能的正确性和稳定性。 4. 规范制定与文档编写：参与制定嵌入式软件规范，编写软件设计、通信接口等相关文档。 5. 系统分析与优化：参与系统失效分析，输出失效分析报告，同时，不断优化软件算法和代码，提高系统的性能和效率。 薪资福利： 1、13薪。 2、五险一金。 3、提供免费三餐，有职工宿舍。 4、有良好的职业发展和成长空间。 工作地点 奉化区宁波帕瓦莱斯智能科技有限公司 以担保或任何理由索要财物，扣押证照，均涉嫌违法。一经发现， 立即举报,"PIC单片机,DSP,32位单片机,C语言,汇编语言",http://www.zhaopin.com/jobdetail/CCL1305339070J40755358211.htm?refcode=4019&srccode=401901&preactionid=d868ea7d-724e-44b9-acdb-5caec7f871ab
嵌入式软件工程师,武汉华睿视谱智能科技有限公司,1.2-2万,武汉·洪山·花山,广州,本科,1-3年,4月15日,zhilian,岗位职责： 1、负责ISP相关的驱动，中间层和应用程序开发； 2、协助负责量产摄像头产品的客观及主观效果调试； 3、负责摄像机图像处理算法的实现和优化； 4、负责客户需求开发ISP/Camera相关功能； 5、领导安排的其它工作。 任职要求： 1、熟悉、SmartSens、Sony等主流Sensor/ISP系统成像原理及工作流程，掌握各Sensor调试软件和参数调优； 2、熟悉3A算法：自动曝光、自动对焦、自动白平衡的优先； 3、熟悉图像Sensor和ISP的参数优化、3A调试、宽动态功能优化，低照度下图像效果优化，包括色彩还原、清晰度和降噪效果调试； 4、熟悉图像质量评价标准，懂得搭建图像评价测试平台，精通图像测试和使用测试工具优先； 5、具有摄像头驱动，ISP，串行解串开发经验优先； 6、有海思平台开发经验优先。 工作地点 武汉洪山区花城汇 以担保或任何理由索要财物，扣押证照，均涉嫌违法。一经发现， 立即举报,"半导体/芯片,电子设备制造",http://www.zhaopin.com/jobdetail/CCL1411957590J40507858605.htm?refcode=4019&srccode=401901&preactionid=d868ea7d-724e-44b9-acdb-5caec7f871ab
嵌入式软件工程师,驰诚股份,8000-15000元,郑州·高新区·石佛,广州,本科,3-5年,6月24日,zhilian,岗位职责： 1.嵌入式开发：开发嵌入式控制软件（如数据处理、校准程序、人机交互界面、数据输出），了解蓝牙等数据传输协议，实现产品功能需求； 2.算法集成：协同算法工程师将核心算法集成至嵌入式系统； 3.调试优化：配合测试工程师开展软硬件调试，修复bug，优化软硬件性能； 4.技术资料：输出软件操作指南、开发文档、版本说明等技术资料； 5.其他临时交办事项。 任职要求： 1.本科及以上学历，电子信息、自动化等相关专业，3年以上嵌入式开发经验； 2.熟练掌握C/C++编程语言，有ARM架构单片机（如STM32系列）及嵌入式系统开发经验； 3.熟悉嵌入式常用硬件标准接口实现原理、熟悉蓝牙、WIFI等多种无线通讯方式实现原理； 4.熟悉嵌入式软件开发流程，了解低功耗软件设计算法集成 工作地点 高新区郑州长椿路梧桐街交叉口国家大学科技园研发五号楼B座17层 以担保或任何理由索要财物，扣押证照，均涉嫌违法。一经发现， 立即举报,"C语言,C++",http://www.zhaopin.com/jobdetail/CC262286020J40858484414.htm?refcode=4019&srccode=401901&preactionid=d868ea7d-724e-44b9-acdb-5caec7f871ab
嵌入式软件工程师,石家庄问航科技有限公司,4000-8000元,石家庄·裕华·太行,北京,本科,3-5年,,zhilian,,"32位单片机,PIC单片机,ARM处理器,单片机开发",http://www.zhaopin.com/jobdetail/CCL1502151850J40860249807.htm?refcode=4019&srccode=401901&preactionid=235b74dd-fe1d-4847-b263-07e5c3c44b9b
嵌入式软件工程师,西安埃克森电源有限公司,8000-16000元·13薪,咸阳·泾阳县·泾干街道,北京,本科,3-5年,,zhilian,,"32位单片机,ARM处理器,DSP,C语言,C++,Python",http://www.zhaopin.com/jobdetail/CC305068480J40881710512.htm?refcode=4019&srccode=401901&preactionid=235b74dd-fe1d-4847-b263-07e5c3c44b9b
嵌入式软件工程师,东莞市皓元智微电子有限公司,8000-15000元,东莞·莞城街道,北京,学历不限,3-5年,,zhilian,,"仪表,自动驾驶系统,嵌入式软件研发,C语言,C++,LVGL,32位单片机,ARM处理器",http://www.zhaopin.com/jobdetail/CCL1526783460J40957876615.htm?refcode=4019&srccode=401901&preactionid=235b74dd-fe1d-4847-b263-07e5c3c44b9b
嵌入式软件工程师,南京兆赫电源技术有限公司,7000-11000元,南京·雨花台·铁心桥,北京,本科,经验不限,,zhilian,,"DSP,C++,C语言",http://www.zhaopin.com/jobdetail/CCL1479768650J40952712708.htm?refcode=4019&srccode=401901&preactionid=235b74dd-fe1d-4847-b263-07e5c3c44b9b
嵌入式软件工程师,深圳市炬芯华技术有限公司,8000-12000元,深圳·宝安·沙井,北京,大专,1-3年,,zhilian,,"8位单片机,32位单片机,C语言,汇编语言,电子烟,小风扇,家电类",http://www.zhaopin.com/jobdetail/CCL1470482980J40695046702.htm?refcode=4019&srccode=401901&preactionid=235b74dd-fe1d-4847-b263-07e5c3c44b9b
嵌入式软件工程师,浙江卓励智能装备有限公司,1.1-1.6万,金华·婺城区·白龙桥镇,北京,本科,3-5年,,zhilian,,"硬件,AD,32位单片机",http://www.zhaopin.com/jobdetail/CCL1505059610J40905236703.htm?refcode=4019&srccode=401901&preactionid=235b74dd-fe1d-4847-b263-07e5c3c44b9b
嵌入式软件工程师,广东博尔森医疗科技有限公司,1.5-2万,中山·南朗街道,北京,本科,经验不限,,zhilian,,"Linux,嵌入式硬件开发,嵌入式软件开发",http://www.zhaopin.com/jobdetail/CCL1493963810J40837903411.htm?refcode=4019&srccode=401901&preactionid=235b74dd-fe1d-4847-b263-07e5c3c44b9b
嵌入式软件工程师,衢州联源电气有限公司,6000-12000元,衢州·柯城区·航埠镇,北京,本科,3-5年,,zhilian,,"嵌入式软件开发,PIC单片机",http://www.zhaopin.com/jobdetail/CC432161880J40569645101.htm?refcode=4019&srccode=401901&preactionid=235b74dd-fe1d-4847-b263-07e5c3c44b9b
嵌入式软件工程师,广东新劲刚科技股份有限公司,8000-10000元·14薪,佛山·禅城·张槎,北京,本科,经验不限,,zhilian,,"FPGA,XILINX,C语言",http://www.zhaopin.com/jobdetail/CCL1374249830J40729653409.htm?refcode=4019&srccode=401901&preactionid=32db8936-6577-4052-a64e-e126fd66c453
嵌入式软件工程师,杭州洲钜电子科技有限公司长春研究院,8000-16000元·13薪,长春,北京,本科,经验不限,,zhilian,,"32位单片机,ARM处理器,C语言,C++",http://www.zhaopin.com/jobdetail/CCL1242526790J40712443614.htm?refcode=4019&srccode=401901&preactionid=32db8936-6577-4052-a64e-e126fd66c453
嵌入式软件工程师,无锡金飞盾科技有限公司,1.2-1.5万,无锡·新吴·旺庄,北京,本科,3-5年,,zhilian,,C++,http://www.zhaopin.com/jobdetail/CCL1516627710J40912577303.htm?refcode=4019&srccode=401901&preactionid=32db8936-6577-4052-a64e-e126fd66c453
嵌入式软件工程师,成都吉瓦特科技有限公司,1.2-2.4万·13薪,成都·温江·天府,北京,大专,经验不限,,zhilian,,"32位单片机,PID,上位机",http://www.zhaopin.com/jobdetail/CCL1450828970J40924805212.htm?refcode=4019&srccode=401901&preactionid=32db8936-6577-4052-a64e-e126fd66c453
嵌入式软件工程师,宁波海尔欣光电科技有限公司,1-2万,宁波·鄞州·潘火,北京,本科,经验不限,,zhilian,,"ARM处理器,32位单片机,Zynq,FPGA",http://www.zhaopin.com/jobdetail/CC359961380J40772179509.htm?refcode=4019&srccode=401901&preactionid=32db8936-6577-4052-a64e-e126fd66c453
嵌入式软件工程师,徐州市永康电子科技有限公司,8000-12000元,徐州·贾汪区·大庙街道,北京,本科,经验不限,,zhilian,,32位单片机,http://www.zhaopin.com/jobdetail/CC549271920J40839260807.htm?refcode=4019&srccode=401901&preactionid=213a0dab-6539-4ddd-b4e1-16a4b1570124
嵌入式软件工程师,唐山市青年民营企业家协会,7000-10000元·14薪,唐山·路北区·果园镇,北京,本科,经验不限,,zhilian,,"C语言,ARM处理器,电子,电路",http://www.zhaopin.com/jobdetail/CCL1311155990J40912000803.htm?refcode=4019&srccode=401901&preactionid=3fa95ccb-e80f-4e11-9784-02689ab3cd62
嵌入式软件工程师,富奥智能悬架系统(长春)有限公司,1.2-2.4万,上海·闵行·华漕,北京,本科,1-3年,,zhilian,,"MCAL,Autosar",http://www.zhaopin.com/jobdetail/CCL1492048840J40660477816.htm?refcode=4019&srccode=401901&preactionid=3fa95ccb-e80f-4e11-9784-02689ab3cd62
嵌入式软件工程师,南京瑞维尔电子技术有限公司,1.8-2.8万·14薪,南京·江东,北京,中专/中技,1-3年,,zhilian,,"嵌入式软件开发,Ubuntu,Qt,C++",http://www.zhaopin.com/jobdetail/CC523516520J40256338512.htm?refcode=4019&srccode=401901&preactionid=3fa95ccb-e80f-4e11-9784-02689ab3cd62
嵌入式软件工程师,华胜(山东)信息科技有限公司,8000-10000元,济南·长清·崮云湖,北京,大专,3-5年,,zhilian,,"32位单片机,CAN,RS485,MODBUS协议",http://www.zhaopin.com/jobdetail/CCL1339501200J40898715313.htm?refcode=4019&srccode=401901&preactionid=3fa95ccb-e80f-4e11-9784-02689ab3cd62
嵌入式软件工程师,四川天穹智创创新科技有限公司,1.2-2万,眉山·仁寿县·视高街道,北京,本科,3-5年,,zhilian,,"C++,C语言,FREEROTS,软件开发,系统性能监测",http://www.zhaopin.com/jobdetail/CCL1512993010J40808718201.htm?refcode=4019&srccode=401901&preactionid=3fa95ccb-e80f-4e11-9784-02689ab3cd62
嵌入式软件工程师,许昌雷鸣电子科技有限公司,1-2万,许昌·魏都区·许昌经济开发区,北京,学历不限,5-10年,,zhilian,,"C语言,C++,ARM处理器",http://www.zhaopin.com/jobdetail/CC451727120J40799020115.htm?refcode=4019&srccode=401901&preactionid=3fa95ccb-e80f-4e11-9784-02689ab3cd62
嵌入式软件工程师,株洲市安泰讯信息技术有限公司,6000-10000元,株洲·天元区·马家河街道,北京,本科,1-3年,,zhilian,,"C++,Shell,嵌入式软件开发,驱动开发,单片机开发,C语言",http://www.zhaopin.com/jobdetail/CCL1246508240J40339875512.htm?refcode=4019&srccode=401901&preactionid=9b4bb711-542a-4fb0-9b25-a1f5346386a1
嵌入式软件工程师,常州市红光电能科技股份有限公司,9000-18000元,常州·武进·礼嘉,北京,本科,1-3年,,zhilian,,"嵌入式软件开发,嵌入式硬件开发,驱动开发,单片机开发,DSP开发,BSP开发,C++,Java",http://www.zhaopin.com/jobdetail/CC529474420J40434405602.htm?refcode=4019&srccode=401901&preactionid=9b4bb711-542a-4fb0-9b25-a1f5346386a1
嵌入式软件工程师,成都智腾承启科技有限公司,2-4万,北京·通州·台湖,北京,本科,1-3年,,zhilian,,"DSP,ARM处理器,C语言,舵机,电机控制",http://www.zhaopin.com/jobdetail/CCL1430653860J40655393113.htm?refcode=4019&srccode=401901&preactionid=9b4bb711-542a-4fb0-9b25-a1f5346386a1
嵌入式软件工程师,苏州工业园区慧鱼科技有限公司,1.4-2.8万·14薪,苏州·吴中,北京,本科,3-5年,,zhilian,,嵌入式,http://www.zhaopin.com/jobdetail/CC555133126J00122440201.htm?refcode=4019&srccode=401901&preactionid=9b4bb711-542a-4fb0-9b25-a1f5346386a1
嵌入式软件工程师,上海艾都慧测智能科技有限公司,6000-12000元·13薪,桂林·七星区·穿山街道,北京,本科,1-3年,,zhilian,,"8位单片机,32位单片机",http://www.zhaopin.com/jobdetail/CC433395210J40881078103.htm?refcode=4019&srccode=401901&preactionid=9b4bb711-542a-4fb0-9b25-a1f5346386a1
嵌入式软件工程师,比亚迪股份有限公司,2.5-5万,深圳·坪山·马峦,北京,硕士,3-5年,,zhilian,,"C语言,嵌入式软件开发",http://www.zhaopin.com/jobdetail/CC132962990J40989695702.htm?refcode=4019&srccode=401901&preactionid=9b4bb711-542a-4fb0-9b25-a1f5346386a1
嵌入式软件工程师,深圳市戴林技术有限公司,7000-12000元,深圳·光明·马田,北京,大专,1-3年,,zhilian,,"32位单片机,8位单片机,C语言,C++",http://www.zhaopin.com/jobdetail/CCL1348335180J40677052915.htm?refcode=4019&srccode=401901&preactionid=9b4bb711-542a-4fb0-9b25-a1f5346386a1
嵌入式软件工程师,泉州中国兵器装备集团特种机器人研发中心,7000-14000元·13薪,泉州·丰泽区·北峰街道,上海,本科,1-3年,,zhilian,,嵌入式软件开发,http://www.zhaopin.com/jobdetail/CCL1242084280J40392669704.htm?refcode=4019&srccode=401901&preactionid=5b76d9db-9dbc-4f38-a319-2a3205c2d9a4
嵌入式软件工程师,吉林珩辉光电科技有限公司,1.3-2.1万·14薪,长春·二道·东方广场,上海,本科,1-3年,,zhilian,,"C++,C语言,JTAG",http://www.zhaopin.com/jobdetail/CC862756090J41019453304.htm?refcode=4019&srccode=401901&preactionid=91c2a485-85f2-43ed-9238-311edf792fc8
嵌入式软件工程师,电王精密电器(北京)有限公司,1.2-2.4万,北京·顺义·大孙各庄,深圳,本科,3-5年,,zhilian,,"PIC单片机,32位单片机,ARM处理器",http://www.zhaopin.com/jobdetail/CC133098270J40496166610.htm?refcode=4019&srccode=401901&preactionid=0000c1e3-ceb9-468c-9ebf-94e9749a3838
嵌入式软件工程师,河南易中元智慧能源科技有限公司,7000-10000元,郑州·金水·祭城路,广州,大专,3-5年,,zhilian,,"8位单片机,32位单片机,C语言,PIC单片机",http://www.zhaopin.com/jobdetail/CC404459930J40866475911.htm?refcode=4019&srccode=401901&preactionid=c3d033be-1367-464f-96df-be255fc7a4ca
嵌入式软件工程师,河北普康医疗设备有限公司,8000-16000元,重庆·永川,广州,本科,1-3年,,zhilian,,"32位单片机,ARM处理器,C语言,C++,C#,通讯协议",http://www.zhaopin.com/jobdetail/CC174410220J40862602310.htm?refcode=4019&srccode=401901&preactionid=d8031170-c82d-4e48-829d-8fe4bae4c2f5
嵌入式软件工程师,江苏久创电气科技有限公司,6000-12000元,常州·武进·南夏墅,广州,本科,3-5年,,zhilian,,"STM32,嵌入式软件开发,ARM处理器,C语言",http://www.zhaopin.com/jobdetail/CC236803280J40883066303.htm?refcode=4019&srccode=401901&preactionid=d8031170-c82d-4e48-829d-8fe4bae4c2f5
嵌入式软件工程师,昌平实验室,2-3万·13薪,北京·昌平·史各庄,广州,本科,3-5年,,zhilian,,"32位单片机,ARM处理器,C++,C语言",http://www.zhaopin.com/jobdetail/CCL1389746040J40971558502.htm?refcode=4019&srccode=401901&preactionid=f28dc786-958f-49e8-b963-b6e9b5268896
嵌入式软件工程师,山东瓦利斯智能科技有限公司,1-1.4万,济南·历下·舜华路,广州,本科,3-5年,,zhilian,,"C++,C语言",http://www.zhaopin.com/jobdetail/CCL1389182130J40824526814.htm?refcode=4019&srccode=401901&preactionid=f28dc786-958f-49e8-b963-b6e9b5268896
嵌入式软件工程师,重庆立世康科技有限公司,8000-12000元·13薪,重庆,广州,本科,1-3年,,zhilian,,"C++,C#",http://www.zhaopin.com/jobdetail/CCL1491775310J40959288215.htm?refcode=4019&srccode=401901&preactionid=f28dc786-958f-49e8-b963-b6e9b5268896
嵌入式软件工程师,北京天能继保电力科技有限公司保定分公司,5000-10000元,哈尔滨·香坊·哈平路,广州,本科,经验不限,,zhilian,,"ARM处理器,32位单片机,C语言,C++",http://www.zhaopin.com/jobdetail/CCL1340197990J40884788505.htm?refcode=4019&srccode=401901&preactionid=f28dc786-958f-49e8-b963-b6e9b5268896
嵌入式软件工程师,海能达,1-1.8万,哈尔滨·松北·松安,广州,本科,3-5年,,zhilian,,"C语言,C++",http://www.zhaopin.com/jobdetail/CC333074410J40282821802.htm?refcode=4019&srccode=401901&preactionid=9b5562e0-8ee7-4539-8656-c6558d2af9d7
嵌入式软件工程师,安徽华明航空电子系统有限公司,8000-16000元·13薪,芜湖·弋江区·芜湖高新技术产业开发区,广州,本科,1-3年,,zhilian,,C++,http://www.zhaopin.com/jobdetail/CC622069780J40867336305.htm?refcode=4019&srccode=401901&preactionid=9b5562e0-8ee7-4539-8656-c6558d2af9d7
嵌入式软件工程师,黑龙江贝克锐斯现代农业科技有限公司,5000-10000元,哈尔滨·南岗·红旗,广州,大专,1-3年,,zhilian,,"C语言,C++,IDE,FREERTOS及LVG",http://www.zhaopin.com/jobdetail/CC403171180J40878908703.htm?refcode=4019&srccode=401901&preactionid=9b5562e0-8ee7-4539-8656-c6558d2af9d7
嵌入式软件工程师,长春亿嘉光电科技有限公司,8000-15000元,长春·二道·东方广场,广州,本科,1-3年,,zhilian,,"STM32,C语言,C++,linux",http://www.zhaopin.com/jobdetail/CC714495580J40519187815.htm?refcode=4019&srccode=401901&preactionid=9b5562e0-8ee7-4539-8656-c6558d2af9d7
嵌入式软件工程师,像束科技(深圳)有限公司,1.7-3万,深圳·宝安·新安,广州,本科,3-5年,,zhilian,,"RTOS,传感器信号处理,嵌入式C",http://www.zhaopin.com/jobdetail/CCL1474726100J40792441206.htm?refcode=4019&srccode=401901&preactionid=9b5562e0-8ee7-4539-8656-c6558d2af9d7
嵌入式软件工程师,南京君海数能科技有限公司,1-1.5万,武汉·江夏·佛祖岭,广州,本科,3-5年,,zhilian,,"电气电子,嵌入式软件开发,单片机开发,物联网",http://www.zhaopin.com/jobdetail/CC870304140J40361372916.htm?refcode=4019&srccode=401901&preactionid=9b5562e0-8ee7-4539-8656-c6558d2af9d7
嵌入式软件工程师,西安康拓力仪器设备有限公司,1-2万,咸阳·秦都区·钓台街道,广州,本科,1-3年,,zhilian,,"C++,C语言",http://www.zhaopin.com/jobdetail/CC494488680J40814386408.htm?refcode=4019&srccode=401901&preactionid=3dcf2ea9-14d5-43a1-be15-19e9251c2257
嵌入式软件工程师,天津光电通信技术有限公司,1-1.6万,天津·河西·尖山,广州,本科,1-3年,,zhilian,,"C语言,C++,linux,Zynq,STM32",http://www.zhaopin.com/jobdetail/CC131118960J40566093714.htm?refcode=4019&srccode=401901&preactionid=3dcf2ea9-14d5-43a1-be15-19e9251c2257
嵌入式软件工程师,天津瀚海蓝帆海洋科技有限公司,1-1.5万,天津·东丽·军粮城,广州,本科,3-5年,,zhilian,,"32位单片机,PIC单片机,C++,C语言,下位机",http://www.zhaopin.com/jobdetail/CC569314430J41006621102.htm?refcode=4019&srccode=401901&preactionid=3dcf2ea9-14d5-43a1-be15-19e9251c2257
嵌入式软件工程师,重庆博尔德医疗科技股份有限公司,8000-12000元,重庆·渝北,广州,大专,3-5年,,zhilian,,C++,http://www.zhaopin.com/jobdetail/CC650494280J40871169414.htm?refcode=4019&srccode=401901&preactionid=3dcf2ea9-14d5-43a1-be15-19e9251c2257
嵌入式软件工程师,邦杰星(湖州)医疗科技有限公司,1.2-2.2万,湖州·吴兴区·八里店镇,广州,本科,3-5年,,zhilian,,"FOC驱动研发,C++",http://www.zhaopin.com/jobdetail/CCL1514858790J40867629010.htm?refcode=4019&srccode=401901&preactionid=3dcf2ea9-14d5-43a1-be15-19e9251c2257
嵌入式软件工程师,深圳市宣科电子有限公司,6000-10000元,深圳·福田·福田街道,广州,本科,经验不限,,zhilian,,"C语言,物联网",http://www.zhaopin.com/jobdetail/CC591056820J40826785416.htm?refcode=4019&srccode=401901&preactionid=3e1cfa58-7248-4103-960e-29cc9e02ff19
嵌入式软件工程师,青岛创芯卓实光电科技有限公司,7000-12000元,青岛·市北·洛阳路,广州,本科,1-3年,,zhilian,,"ARM处理器,C语言,Python,Shell,嵌入式软件",http://www.zhaopin.com/jobdetail/CC514833680J40859794901.htm?refcode=4019&srccode=401901&preactionid=3e1cfa58-7248-4103-960e-29cc9e02ff19
嵌入式软件工程师,大豪科技,1-2万,苏州·常熟·常福,广州,本科,1-3年,,zhilian,,"嵌入式软件开发,C语言,C++",http://www.zhaopin.com/jobdetail/CC464581210J40423816205.htm?refcode=4019&srccode=401901&preactionid=3e1cfa58-7248-4103-960e-29cc9e02ff19
嵌入式软件工程师,爱玛科技集团股份有限公司,1.5-1.8万·16薪,天津·静海·大丰堆,广州,本科,3-5年,,zhilian,,"C#,上位机开发",http://www.zhaopin.com/jobdetail/CC315121710J40863871801.htm?refcode=4019&srccode=401901&preactionid=3e1cfa58-7248-4103-960e-29cc9e02ff19
嵌入式软件工程师,广州华飞迪通医疗科技有限公司,5000-10000元,广州·南沙·珠江,广州,本科,1-3年,,zhilian,,"C语言,C++,Java",http://www.zhaopin.com/jobdetail/CC637667030J40913049903.htm?refcode=4019&srccode=401901&preactionid=82a292fe-6640-4e22-ad48-72a65ba21147
嵌入式软件工程师,武汉瞰远科技有限公司,1.1-1.6万,武汉·江夏·龙泉,广州,本科,1-3年,,zhilian,,"32位单片机,C++,C语言,Shell,ARM处理器",http://www.zhaopin.com/jobdetail/CCL1525693230J40891533213.htm?refcode=4019&srccode=401901&preactionid=82a292fe-6640-4e22-ad48-72a65ba21147
嵌入式软件工程师,北京微纳星空科技股份有限公司,1.5-3万,成都·郫都·犀浦,广州,本科,3-5年,,zhilian,,"ARM处理器,DSP,C语言,RTOS,linux",http://www.zhaopin.com/jobdetail/CC552355480J40913025803.htm?refcode=4019&srccode=401901&preactionid=82a292fe-6640-4e22-ad48-72a65ba21147
嵌入式软件工程师,河南省保时安科技股份有限公司,8000-12000元·13薪,郑州·中原·沟赵,广州,本科,3-5年,,zhilian,,"C++,计算机相关专业,STM32开发",http://www.zhaopin.com/jobdetail/CC683469720J40895337213.htm?refcode=4019&srccode=401901&preactionid=82a292fe-6640-4e22-ad48-72a65ba21147
嵌入式软件工程师,上海威孚能智能科技有限公司,1-1.5万,上海·徐汇·虹梅路,广州,本科,1-3年,,zhilian,,"C++,ARM处理器,C51、ARM芯片,嵌入式软件",http://www.zhaopin.com/jobdetail/CCL1510903320J40793987907.htm?refcode=4019&srccode=401901&preactionid=2d570f8d-0a6e-4a15-b51c-4184276d1280
嵌入式软件工程师,青岛华衍创新科技有限公司,8000-9000元,青岛·城阳·流亭,广州,本科,1-3年,,zhilian,,"C语言,C++,Python",http://www.zhaopin.com/jobdetail/CCL1512569570J40877347309.htm?refcode=4019&srccode=401901&preactionid=2d570f8d-0a6e-4a15-b51c-4184276d1280
嵌入式软件工程师,北京信路威科技股份有限公司,8000-15000元,南宁·良庆·良庆镇,广州,本科,经验不限,,zhilian,,"C++,C语言",http://www.zhaopin.com/jobdetail/CC000623210J40952521415.htm?refcode=4019&srccode=401901&preactionid=2d570f8d-0a6e-4a15-b51c-4184276d1280
嵌入式软件工程师,深圳君柔科技有限公司,2-3.5万,深圳·南山·桃源,广州,本科,经验不限,,zhilian,,"电生理信号,C++,脑机接口",http://www.zhaopin.com/jobdetail/CCL1502457650J40853361409.htm?refcode=4019&srccode=401901&preactionid=2d570f8d-0a6e-4a15-b51c-4184276d1280
嵌入式软件工程师,陕西泰源智能科技有限公司,8000-12000元,西安·长安·郭杜,广州,本科,1-3年,,zhilian,,"32位单片机,DSP",http://www.zhaopin.com/jobdetail/CC321940510J40557313004.htm?refcode=4019&srccode=401901&preactionid=2d570f8d-0a6e-4a15-b51c-4184276d1280
嵌入式软件工程师,北京亚太银河消防科技集团有限公司,8000-12000元,北京·石景山·八宝山,广州,大专,1-3年,,zhilian,,"C++,C语言",http://www.zhaopin.com/jobdetail/CCL1225729410J40868084801.htm?refcode=4019&srccode=401901&preactionid=2d570f8d-0a6e-4a15-b51c-4184276d1280
嵌入式软件工程师,新北洋,1.2-2.4万·14薪,西安·雁塔·漳浒寨,广州,本科,3-5年,,zhilian,,"C语言,ETHERCAT,ARM处理器",http://www.zhaopin.com/jobdetail/CC146106610J40864161810.htm?refcode=4019&srccode=401901&preactionid=2d570f8d-0a6e-4a15-b51c-4184276d1280
嵌入式软件工程师,珠海泓森电子科技有限公司,1.2-2万,珠海·金湾区·红旗镇,广州,大专,5-10年,,zhilian,,"PIC单片机,C语言",http://www.zhaopin.com/jobdetail/CC577448130J40936086008.htm?refcode=4019&srccode=401901&preactionid=2d570f8d-0a6e-4a15-b51c-4184276d1280
嵌入式软件工程师,江苏均天电子科技股份有限公司,8000-15000元,南京·秦淮·光华路,广州,本科,经验不限,,zhilian,,"C++,C语言,ARM处理器,DSP,Python",http://www.zhaopin.com/jobdetail/CC254166120J40525081906.htm?refcode=4019&srccode=401901&preactionid=2d570f8d-0a6e-4a15-b51c-4184276d1280
嵌入式软件工程师,深圳市睿岭智能科技有限公司,2-4万·13薪,深圳·龙华·福城,广州,本科,3-5年,,zhilian,,"C++,DSP",http://www.zhaopin.com/jobdetail/CCL1486205780J40898746213.htm?refcode=4019&srccode=401901&preactionid=2d570f8d-0a6e-4a15-b51c-4184276d1280
嵌入式软件工程师,银河电力集团股份有限公司,1.5-1.6万,深圳·南山·粤海,广州,硕士,经验不限,,zhilian,,"C语言,32位单片机",http://www.zhaopin.com/jobdetail/CC322235810J40865560811.htm?refcode=4019&srccode=401901&preactionid=2d570f8d-0a6e-4a15-b51c-4184276d1280
嵌入式软件工程师,石家庄数英仪器有限公司,6000-12000元,石家庄·鹿泉·获鹿,广州,本科,经验不限,,zhilian,,"嵌入式软件开发,C++,C语言,STM32系列单片机,Linux,QT图形界面,LVGL图形界面,CORTEX-M系列单片机",http://www.zhaopin.com/jobdetail/CC398606910J40444557714.htm?refcode=4019&srccode=401901&preactionid=2738c701-a00d-44ee-9983-1ad745adfc1b
嵌入式软件工程师,山东微纳电子科技有限公司,6000-12000元,东营·东营区·东城街道,广州,本科,1-3年,,zhilian,,"嵌入式硬件开发,嵌入式软件开发,C语言,C++,Java,Android,Ubuntu,RT-Thread",http://www.zhaopin.com/jobdetail/CC577358030J40381397014.htm?refcode=4019&srccode=401901&preactionid=2738c701-a00d-44ee-9983-1ad745adfc1b
嵌入式软件工程师,星网锐捷,1-1.5万·13薪,成都·武侯·桂溪,广州,本科,1-3年,,zhilian,,"光猫/网关/路由器,PON,运营商",http://www.zhaopin.com/jobdetail/CC139189880J40884565505.htm?refcode=4019&srccode=401901&preactionid=2738c701-a00d-44ee-9983-1ad745adfc1b
嵌入式软件工程师,北京荣康泰医疗器械有限公司,1-1.5万,北京·房山,广州,本科,1-3年,,zhilian,,"32位单片机,C语言,C++",http://www.zhaopin.com/jobdetail/CCL1260731860J40850338911.htm?refcode=4019&srccode=401901&preactionid=2738c701-a00d-44ee-9983-1ad745adfc1b
嵌入式软件工程师,江苏弗源科技有限公司,1-2万,南京·江宁·秣陵,广州,本科,经验不限,,zhilian,,"嵌入式软件开发,C语言,Java,车联网,物联网,驱动开发,Wi-Fi",http://www.zhaopin.com/jobdetail/CCL1414554170J40315048010.htm?refcode=4019&srccode=401901&preactionid=2738c701-a00d-44ee-9983-1ad745adfc1b
嵌入式软件工程师,江苏斯菲尔电气股份有限公司,6000-12000元,无锡·江阴·城东,广州,本科,经验不限,,zhilian,,"嵌入式,电力,电气,通信",http://www.zhaopin.com/jobdetail/CC141187694J90250107000.htm?refcode=4019&srccode=401901&preactionid=2738c701-a00d-44ee-9983-1ad745adfc1b
嵌入式软件工程师,郑州市龙丰农业机械装备制造有限公司,1.2-1.6万,郑州·上街·峡窝,广州,本科,5-10年,,zhilian,,"嵌入式软件开发,32位单片机,C++,Shell",http://www.zhaopin.com/jobdetail/CC542378120J40488882710.htm?refcode=4019&srccode=401901&preactionid=2738c701-a00d-44ee-9983-1ad745adfc1b
嵌入式软件工程师,中星联华科技,1.5-2.5万·14薪,苏州·工业园区,广州,本科,3-5年,,zhilian,,"C语言,C++,高速接口,时钟,ADC/DAC",http://www.zhaopin.com/jobdetail/CC255909310J40879157905.htm?refcode=4019&srccode=401901&preactionid=2738c701-a00d-44ee-9983-1ad745adfc1b
嵌入式软件工程师,成都市登禄电力科技有限公司,1.2-2.2万,成都·温江·金马,广州,本科,3-5年,,zhilian,,"X86处理器,C++,32位单片机,ZYNQ SOC,RTOS,AHB/APB,USB、RS485",http://www.zhaopin.com/jobdetail/CC280388980J41015600004.htm?refcode=4019&srccode=401901&preactionid=2738c701-a00d-44ee-9983-1ad745adfc1b
嵌入式软件工程师,上海紫红光电技术有限公司,1-1.5万·13薪,上海·松江·中山,广州,本科,1-3年,,zhilian,,"C++,C语言",http://www.zhaopin.com/jobdetail/CCL1254012730J40875097812.htm?refcode=4019&srccode=401901&preactionid=2738c701-a00d-44ee-9983-1ad745adfc1b
嵌入式软件工程师,重庆美顺电子科技有限公司,2-3万,重庆·南岸·长生桥,广州,本科,3-5年,,zhilian,,"C语言,32位单片机",http://www.zhaopin.com/jobdetail/CC583052920J40745171912.htm?refcode=4019&srccode=401901&preactionid=2738c701-a00d-44ee-9983-1ad745adfc1b
嵌入式软件工程师,西安星网天线技术有限公司,9000-18000元,西安·长安·郭杜,广州,本科,1-3年,,zhilian,,"C语言,C++,DSP,ARM处理器,32位单片机,ST",http://www.zhaopin.com/jobdetail/CC327208110J40814725208.htm?refcode=4019&srccode=401901&preactionid=780f8f91-79eb-4972-9c9d-0ae8af8bf928
嵌入式软件工程师,浙江京禾电子科技有限公司,6000-10000元,嘉兴·南湖区·大桥镇,广州,本科,1-3年,,zhilian,,"C++,linux,MODBUS 104",http://www.zhaopin.com/jobdetail/CC255441030J40729967001.htm?refcode=4019&srccode=401901&preactionid=780f8f91-79eb-4972-9c9d-0ae8af8bf928
嵌入式软件工程师,国联通信,1.2-1.5万,广州·黄埔·联和,广州,本科,1-3年,,zhilian,,"C++,32位单片机",http://www.zhaopin.com/jobdetail/CC195860010J41006068904.htm?refcode=4019&srccode=401901&preactionid=780f8f91-79eb-4972-9c9d-0ae8af8bf928
嵌入式软件工程师,卡奥斯物联科技股份有限公司,1.4-2.5万·14薪,青岛·崂山·中韩,广州,本科,3-5年,,zhilian,,"嵌入式软件开发,嵌入式硬件开发,电路设计,单片机开发,PCB设计",http://www.zhaopin.com/jobdetail/CCL1236560460J40379482616.htm?refcode=4019&srccode=401901&preactionid=780f8f91-79eb-4972-9c9d-0ae8af8bf928
嵌入式软件工程师,大连地拓精密科技股份有限公司,1.2-1.7万,大连·中山·青泥洼桥,广州,本科,5-10年,,zhilian,,"32位单片机,Modbus,ETHERCAT,CAN",http://www.zhaopin.com/jobdetail/CCL1484041280J40801814109.htm?refcode=4019&srccode=401901&preactionid=780f8f91-79eb-4972-9c9d-0ae8af8bf928
嵌入式软件工程师,上海沭峤企业管理有限公司,2-4万,上海·闵行·江川路,广州,本科,3-5年,,zhilian,,C语言,http://www.zhaopin.com/jobdetail/CC483258530J40846911210.htm?refcode=4019&srccode=401901&preactionid=780f8f91-79eb-4972-9c9d-0ae8af8bf928
嵌入式软件工程师,七腾机器人有限公司,1.2-2万,重庆·渝北·康美,广州,本科,3-5年,,zhilian,,C++,http://www.zhaopin.com/jobdetail/CC387441310J40803347701.htm?refcode=4019&srccode=401901&preactionid=780f8f91-79eb-4972-9c9d-0ae8af8bf928
