job_name,company_name,salary,work_area,city,education,work_year,issue_date,source,skill_requirements,tech_tags,job_url
数据标注员,辽宁云码智创数据科技有限公司,3000-4000元,沈阳·皇姑,沈阳,大专,经验不限,7月26日,zhilian_direct,职位描述 图像标注 视频标注 文本标注 人工智能 岗位内容： 1. 对数据进行标注、打标签、整理、审核等工作； 2. 确保数据质量和数据准确性； 3. 配合客户进行项目进度跟进及反馈。 任职要求： 1. 具备较强的学习能力，对新事物接纳度高； 2. 工作积极主动，具有强烈的责任感和团队协作意识； 3. 善于处理问题，具有良好的逻辑思维能力。 工作地点 皇姑区沈阳腾鹰科技数字产业大厦K3座7楼 以担保或任何理由索要财物，扣押证照，均涉嫌违法。一经发现， 立即举报,"图像标注,视频标注,文本标注",http://www.zhaopin.com/jobdetail/CCL1513351720J40865559207.htm?refcode=4019&srccode=401903&preactionid=6ea5ac7a-924f-467d-bfb1-5ae1252243cb
文本数据标注,数据加(长春)科技有限公司,6000-8000元,长春·宽城·奋进,长春,本科,经验不限,7月26日,zhilian_direct,岗位职责： 根据项目要求，对文创类文本（如小说、诗歌、剧本、评论）、艺术作品描述、历史资料、设计文案等进行精细标注； 任职要求： 1、汉语言文学、新闻传播学、创意写作、戏剧影视文学、历史学、哲学专业优先； 2、极强的文字功底，优秀的指令理解与执行力，严密的逻辑思维与事实核查能力； 岗位福利： 1、双休、法休、五险 2、薪资6k起，面议 工作地点 长春宽城区北湖未来科学城长新创谷-6号楼(人工智能产业基地)13B层 以担保或任何理由索要财物，扣押证照，均涉嫌违法。一经发现， 立即举报,文本标注,http://www.zhaopin.com/jobdetail/CC560737730J40831994901.htm?refcode=4019&srccode=401903&preactionid=6ea5ac7a-924f-467d-bfb1-5ae1252243cb
人工智能训练师/数据标注,数据之家(北京)科技有限公司,3000-5000元,洛阳·洛龙·太康东路,洛阳,本科,经验不限,7月26日,zhilian_direct,职位描述 人工智能 一.工作内容： 1.学习项目规则并对图片、文本、视频、语音等进行研判与标注； 2.根据项目交付要求，对自身工作的质量和效率负责； 3.配合项目经理的培训安排及其他工作安排； 4.工作好上手，满足学历要求基本可以在培训后胜任； 二.人员要求： 本科及以上，熟练使用电脑，对人工智能行业了解并愿意在此行业深耕，学习能力强，有赚钱、成长和晋升的目标 三.公司介绍： 公司目前有700余名全职员工，合作有60余知名甲方，项目多，项目覆盖人工智能OCR、视频、大模型、采集、自动驾驶等标注任务类型 四.薪资待遇： 月综合3-6k 五.工作时间及环境： 1.工作时间： 上午9:00-18:00 2.周末双休 3.法定节假日休息（或加班补助） 4.办公环境一流，交通便利，生活便利 六.其他福利： 1.自身职业规划设计； 2.团建及日常活动； 3.节日福利； 4.生日福利； 5.商业险； 6.专业项目及管理方面培训； 7.其他； 工作地点 洛阳洛龙区顺兴·政和国际-A号楼13层 以担保或任何理由索要财物，扣押证照，均涉嫌违法。一经发现， 立即举报,人工智能,http://www.zhaopin.com/jobdetail/CCL1271991120J40836474207.htm?refcode=4019&srccode=401903&preactionid=6ea5ac7a-924f-467d-bfb1-5ae1252243cb
AI训练师/数据标注,辽宁云码智创数据科技有限公司,4000-6000元,沈阳·皇姑,沈阳,大专,1年以下,7月26日,zhilian_direct,职位描述 图像标注 语音标注 音频标注 视频标注 文本标注 人工智能 软件/IT服务 1. 负责数据的分类和标注。 2. 利用工具进行高效的数据处理。 3. 定期校验数据质量，确保其准确性。 4. 与团队紧密合作，完成标注任务。 5. 有经验者优先。 感兴趣联系我，欢迎加入我们的团队！ 工作地点 皇姑区沈阳腾鹰科技数字产业大厦K3座7楼 以担保或任何理由索要财物，扣押证照，均涉嫌违法。一经发现， 立即举报,"图像标注,语音标注,音频标注,视频标注,文本标注",http://www.zhaopin.com/jobdetail/CCL1513351720J40857306607.htm?refcode=4019&srccode=401903&preactionid=6ea5ac7a-924f-467d-bfb1-5ae1252243cb
ai数据标注,数据加(长春)科技有限公司,4000-6000元,长春·宽城·奋进,长春,大专,经验不限,7月26日,zhilian_direct,岗位职责： 1、在操作平台上对各类数据（文本、图片、音频、视频等）进行标注和分类。 2、对图片及视频等内容进行标注，包括人脸、物品、场景等。 3、中文语音文本转写，将听到的音频按照规范进行标注处理。 4、对文本数据按照特定类别进行分词、抽取、判断搜索意图等。 岗位要求： 1、熟练操作电脑、有良好的逻辑思维能力、分析和判断能力。 2、工作认真、细致、有良好的学习能力。 3、愿意在人工智能领域长期发展。 4、有相关标注工作经验者优先。 福利待遇： 1、免费培训、纯文职工作，办公室办公。 2、工作时间：9：00-18：00，午休1小时。 工作地点 长春宽城区北湖未来科学城长新创谷-6号楼(人工智能产业基地)13B层 以担保或任何理由索要财物，扣押证照，均涉嫌违法。一经发现， 立即举报,"图像标注,语音标注,文本标注,视频标注",http://www.zhaopin.com/jobdetail/CC560737730J40828409301.htm?refcode=4019&srccode=401903&preactionid=6ea5ac7a-924f-467d-bfb1-5ae1252243cb
数据标注/AI训练师,烟台斯诺欧迈数据科技有限公司,3000-5000元,烟台·芝罘·黄务,烟台,本科,1年以下,7月26日,zhilian_direct,岗位职责： 搭建工作流 ，测试大模型 看模型输出是否符合预期 以及其他标注相关工作 任职要求： 本科及以上学历 有代码能力优先 懂sql、python以及自动化能力（pe，工作流）等技能优先 有大模型熟练使用经验，撰写指令经验优先 技能：熟练使用excel等基础办公软件 面试后定人力等级及具体薪资 岗位福利： 1、八小时工作制，早10晚七，周末双休 2、缴纳五险，节假日生日均有福利 3、 完善的培训体系，帮助员工快速提升专业技能。 4、 舒适的办公环境和轻松的团队氛围。 工作地点 山东省烟台市芝罘区黄务村烟台电子商务产业园(象山路)兴裕路27号A3座5楼 以担保或任何理由索要财物，扣押证照，均涉嫌违法。一经发现， 立即举报,人工智能,http://www.zhaopin.com/jobdetail/CCL1287092640J41011728304.htm?refcode=4019&srccode=401903&preactionid=6ea5ac7a-924f-467d-bfb1-5ae1252243cb
数据标注组长,辽宁云码智创数据科技有限公司,5000-8000元,沈阳·皇姑,沈阳,大专,1-3年,7月26日,zhilian_direct,岗位职责: 1. 负责数据标注团队的日常管理与工作分配，确保项目高效推进； 2. 制定并优化数据标注标准和流程，提升标注质量与效率； 3. 协调与项目方的沟通，准确理解标注需求并落地执行； 4. 监督标注数据的准确性与一致性，组织质量检查与反馈修正。 任职要求： 1. 具备良好的组织协调能力和团队管理经验； 2. 对数据敏感，有较强的质量意识和问题解决能力； 3. 具备良好的沟通能力，能与多方高效协作； 4. 工作认真负责，能够在压力下保持稳定输出； 5. 一年及以上数据标注经验，带过团队，熟悉数据标注常见工具和流程，具备项目管理思维。 工作时间早九晚六，周末单双休+法休 工作地点 皇姑区沈阳腾鹰科技数字产业大厦 以担保或任何理由索要财物，扣押证照，均涉嫌违法。一经发现， 立即举报,"文本标注,图像标注,语音标注,数据分类,数据校验,数据整理",http://www.zhaopin.com/jobdetail/CCL1513351720J40824910207.htm?refcode=4019&srccode=401903&preactionid=6ea5ac7a-924f-467d-bfb1-5ae1252243cb
美术数据标注,数据加(长春)科技有限公司,4000-6000元,长春·宽城·奋进,长春,本科,经验不限,7月26日,zhilian_direct,岗位职责：负责大模型图像、视频数据标注，包括美感判断、数据质量筛选、caption修正等项目。 任职要求： 1. 本科及以上学历，美术系或设计系相关专业背景(硬性要求)，有较好的审美水平。 2. 对待工作认真细心，有责任心； 3.具备良好的沟通能力和团队合作精神，能够协同团队共同达成任务。 4.大四或者25应届毕业生均可； 工作地点 长春宽城区北湖未来科学城长新创谷-6号楼(人工智能产业基地)13B层 以担保或任何理由索要财物，扣押证照，均涉嫌违法。一经发现， 立即举报,图像标注,http://www.zhaopin.com/jobdetail/CC560737730J40831996201.htm?refcode=4019&srccode=401903&preactionid=6ea5ac7a-924f-467d-bfb1-5ae1252243cb
数据标注师实习生,宜宾智绘数据科技有限公司,100-200元/天,宜宾·叙州区·赵场街道,宜宾,大专,经验不限,7月26日,zhilian_direct,岗位职责： - 负责对智能驾驶后台数据进行分类和标注工作 -负责小说剧本内容改写，VR模型训练，代码标注、美学图片评判等 - 确保数据质量和标注的准确性 - 遵循既定的工作流程和标准进行作业 -软件开发，英语、数据处理相关专业优先 -有抖音、剪映审核相关知识的优先 岗位要求： - 工作细心，有较强的责任心，为人踏实 工作时间：早上9点下午18点 大小休 有住宿和食堂 不带销售性质、有无经验均可，接受实习，可转正 生日福利、年底双薪、工龄工资、不定期团建...... 工作地点 宜宾市-叙州区-天枢路22号B栋16楼1602号 以担保或任何理由索要财物，扣押证照，均涉嫌违法。一经发现， 立即举报,"写小说 剧本,图像标注,文本标注,视频标注",http://www.zhaopin.com/jobdetail/CCL1503436040J40835983512.htm?refcode=4019&srccode=401903&preactionid=6ea5ac7a-924f-467d-bfb1-5ae1252243cb
线上数据标注员,安顺鼎联数据有限公司,120-150元/天,西安·雁塔·丈八沟,西安,学历不限,经验不限,7月26日,zhilian_direct,职位描述 图像标注 人工智能 1、需要学习文档，测试通过进入项目作业。 2、每个项目会给到具体任务，根据任务开展工作。 3、每天可根据自己做的数据统计工作量。 4、薪资为月结，详情由项目负责人统一管理。 展开该职位详情,图像标注,http://www.zhaopin.com/jobdetail/CCL1521072160J40831923016.htm?refcode=4019&srccode=401903&preactionid=6ea5ac7a-924f-467d-bfb1-5ae1252243cb
数据标注项目经理,数据加(长春)科技有限公司,6000-10000元,长春·宽城·奋进,长春,本科,经验不限,7月26日,zhilian_direct,岗位职责： 1. 为客户提供数据标注的解决方案； 2. 负责数据标注项目全流程交付，包括项目计划制定、执行和管理； 3. 负责和需求方进行项目需求的沟通和确认； 4. 负责标注团队人员的管理，以及项目质量的审核； 5. 在项目执行中与各方进行顺畅的沟通，并及时应对项目执行过程中出现的各种问题。 岗位要求： 1.有数据标注或数据标注项目管理经验者优先； 2.211/985本科及以上学历，人工智能相关专业优先； 3.责任心强； 4.乐意在人工智能领域长期发展； 5.通过大学英语四六级或能流利口语沟通者优先 薪资待遇： 弹性上班 薪资构成：底薪+项目提成 薪资面议 工作地点 长春宽城区北湖未来科学城长新创谷-6号楼(人工智能产业基地)13B层 以担保或任何理由索要财物，扣押证照，均涉嫌违法。一经发现， 立即举报,人工智能,http://www.zhaopin.com/jobdetail/CC560737730J40831997001.htm?refcode=4019&srccode=401903&preactionid=6ea5ac7a-924f-467d-bfb1-5ae1252243cb
数据标注员,宜宾智绘数据科技有限公司,3000-5000元·13薪,宜宾·叙州区·赵场街道,宜宾,大专,经验不限,7月26日,zhilian_direct,岗位职责： - 负责对数据进行分类和标注工作 - 确保数据质量和标注的准确性 - 遵循既定的工作流程和标准进行作业 -具有抖音、剪映审核相关知识的优先 岗位要求： - 工作细心，有较强的责任心，为人踏实 工作时间：早上9点-下午18点 一大小休 不带销售性质、有无经验均可，接受实习 买五险 、生日福利、十三薪、工龄工资、不定期团建...... 工作地点 宜宾市-叙州区-天枢路22号B栋16楼1602号 以担保或任何理由索要财物，扣押证照，均涉嫌违法。一经发现， 立即举报,"3D拉框,图像标注,文本标注,2D拉框",http://www.zhaopin.com/jobdetail/CCL1503436040J40790757112.htm?refcode=4019&srccode=401903&preactionid=6ea5ac7a-924f-467d-bfb1-5ae1252243cb
ai数据标注,烟台斯诺欧迈数据科技有限公司,3000-5000元,烟台·芝罘·黄务,烟台,大专,1-3年,7月26日,zhilian_direct,岗位职责： 对AI生成的视频类数据进行审核、美学打分、纠偏等操作 任职要求： 1. 本科以上学历，1年以上工作经验 2. 具备美学、艺术相关专业或者相关从业经验，具有基础的美学判断，能够正确区分审美高和审美低； 3. 熟悉AIGC产品的使用，或者具备互联网产品或广告素材相关领域从业经验者优先； 4. 具备专业摄影摄像或者vlog相关经验，涉及领域可以是运动、生活、美食、风景等方面者优先； 5. 熟悉算法、人工智能相关行业优先 6. 熟练使用常规办公软件，尤其是表格和文档能力； 八小时工作制，周末双休，法定节假日休息； 工作地点 山东省烟台市芝罘区黄务村烟台电子商务产业园(象山路)兴裕路27号A3座5楼 以担保或任何理由索要财物，扣押证照，均涉嫌违法。一经发现， 立即举报,视频标注,http://www.zhaopin.com/jobdetail/CCL1287092640J40946261804.htm?refcode=4019&srccode=401903&preactionid=6ea5ac7a-924f-467d-bfb1-5ae1252243cb
数据标注员,数据加(长春)科技有限公司,3000-5000元,长春·宽城·奋进,长春,大专,经验不限,7月26日,zhilian_direct,岗位职责： 1、根据项目安排及进度在自有标注平台上对各类数据（文本、图片、音频、视频等）进行标注和分类。 2、保障整体项目进度。 岗位要求： 1、熟练操作电脑、有良好的逻辑思维能力、分析和判断能力。 2、工作认真、细致、有良好的学习执行能力。 3、愿意在人工智能领域长期发展。 4、有相关标注工作经验者优先。 福利待遇： 1、免费培训、纯文职工作，办公室办公。 2、工作时间：9：00-18：00，午休1小时。 职位福利：五险一金、弹性工作、全勤奖、优秀员工奖金、多次晋升机会 工作地点 长春宽城区北湖未来科学城长新创谷-6号楼(人工智能产业基地)13B层 以担保或任何理由索要财物，扣押证照，均涉嫌违法。一经发现， 立即举报,"图像标注,语音标注,音频标注,视频标注,文本标注",http://www.zhaopin.com/jobdetail/CC560737730J40423253501.htm?refcode=4019&srccode=401903&preactionid=6ea5ac7a-924f-467d-bfb1-5ae1252243cb
数据标注师,宜宾智绘数据科技有限公司,4000-8000元·13薪,宜宾·叙州区·赵场街道,宜宾,大专,经验不限,7月26日,zhilian_direct,职位描述 图像标注 语音标注 音频标注 视频标注 文本标注 人工智能 招AI标注员若干，要求大专及以上学历，踏实肯干，有无经验均可、可接受实习 1、现涉及的项目有智能驾驶、语音采集、抖音标注、VR、试题文本清洗、地图标注等，对后台图片、点云各种数据内容进行标注、筛选、分析、质检； 2、协助质检人员，积极处理返修数据； 要求：做事认真、踏实 前期有培训师进行专业培训。 不涉及销售、电话、客服等业务 上班时间：早上9点-下午18：00 大小休 节假日正常休 买五险 十三薪 联系人熊女士 工作地点 宜宾市-叙州区-天枢路22号16楼1602号 以担保或任何理由索要财物，扣押证照，均涉嫌违法。一经发现， 立即举报,"图像标注,语音标注,音频标注,视频标注,文本标注",http://www.zhaopin.com/jobdetail/CCL1503436040J40785785112.htm?refcode=4019&srccode=401903&preactionid=6ea5ac7a-924f-467d-bfb1-5ae1252243cb
数据标注经理,陕西淘丁数据科技有限公司,1.3-1.8万,西安·碑林·张家村,西安,本科,1-3年,7月26日,zhilian_direct,职位描述 图像标注 语音标注 音频标注 视频标注 文本标注 产业互联网平台 岗位内容 1、统筹标注项目进度、质量、成本，制定标注规则与流程 2、对接业务、产品、技术，协调内容标注需求与方案落地 3、管理标注团队，优化人力排班、效率指标与风控策略 4、监控违规内容、舆情风险，处理突发标注问题 5、输出数据报表，持续优化标注标准与系统工具 任职要求 1、有数据标注项目管理经验，熟悉数据标注流程 2、熟悉互联网违规规则、平台风控策略，了解相关法律法规 3、能做数据复盘，优化标注效率、降低漏标错审 4、抗压能力强，能应对突发舆情、紧急内容处置 5、熟练使用办公软件，有团队管理或项目落地经验优先 工作地点 西安碑林区金叶现代之窗2层 以担保或任何理由索要财物，扣押证照，均涉嫌违法。一经发现， 立即举报,"图像标注,语音标注,音频标注,视频标注,文本标注",http://www.zhaopin.com/jobdetail/CC477296730J40829754716.htm?refcode=4019&srccode=401903&preactionid=6ea5ac7a-924f-467d-bfb1-5ae1252243cb
大模型数据标注,数据加(长春)科技有限公司,4000-6000元,长春·宽城·奋进,长春,本科,经验不限,7月26日,zhilian_direct,职位描述 图像标注 【招聘人数】：急招20人 【到岗时间】：面试通过立即到岗，可灵活协调 【作息情况】：早九晚六，单休，法休 【工作内容】：负责AI大模型相关视觉标注工作，主要包含OCR标注、画面风格调整、人像编辑优化等； 【薪资规则】：4000/月+200满勤 【任职要求】 1、本科及以上学历，数字媒体艺术、动画、影视传媒、影视制作等相关设计类专业； 2、熟练使用PS，掌握透明图制作技能，PS操作熟练者优先 工作地点 长春宽城区北湖未来科学城长新创谷-6号楼(人工智能产业基地)13B层 以担保或任何理由索要财物，扣押证照，均涉嫌违法。一经发现， 立即举报,图像标注,http://www.zhaopin.com/jobdetail/CC560737730J40853013001.htm?refcode=4019&srccode=401903&preactionid=6ea5ac7a-924f-467d-bfb1-5ae1252243cb
数据标注师见习生,宜宾智绘数据科技有限公司,3000-5000元·13薪,宜宾·叙州区·赵场街道,宜宾,学历不限,经验不限,7月26日,zhilian_direct,岗位职责： - 负责对智能驾驶后台数据进行分类和标注工作 -负责小说剧本内容改写，VR模型训练，代码标注、美学图片评判等 - 确保数据质量和标注的准确性 - 遵循既定的工作流程和标准进行作业 -专业不限，计算机、软件开发、人工智能、英语、数据处理等相关专业优先 岗位要求： - 工作细心，有较强的责任心，为人踏实 工作时间：早上9点下午18点 大小休 有住宿和食堂 不带销售性质、有无经验均可。该岗位为见习岗位，招用对象为：毕业2年内高校毕业生（国内大专及以上），两个条件之一未就业（未买社保）人员。 生日福利、年底双薪、工龄工资、不定期团建..... 工作地点 宜宾市-叙州区-赵场街道天枢路22号M0产城融合片区数字创新产业社园B栋16层1602号 以担保或任何理由索要财物，扣押证照，均涉嫌违法。一经发现， 立即举报,"语音标注,音频标注,图像标注,视频标注,文本标注",http://www.zhaopin.com/jobdetail/CCL1503436040J40875617812.htm?refcode=4019&srccode=401903&preactionid=6ea5ac7a-924f-467d-bfb1-5ae1252243cb
数据标注师,山西星球数据科技有限公司,3000-5000元,太原·小店·西温庄,太原,大专,经验不限,7月26日,zhilian_direct,职位描述 视频标注 文本标注 图像标注 1.需要全职人力，不要兼职 2.全天电脑作业，只操作电脑，无其他业务要求 3.工作地点：太原市小店区高新技术企业孵化基地4号楼 4.学历要求：大专及以上 工作地点 太原小店区山西综改示范区科技创新孵化基地9楼904 以担保或任何理由索要财物，扣押证照，均涉嫌违法。一经发现， 立即举报,"视频标注,文本标注,图像标注",http://www.zhaopin.com/jobdetail/CC822744400J40902110208.htm?refcode=4019&srccode=401903&preactionid=6ea5ac7a-924f-467d-bfb1-5ae1252243cb
英文数据标注,数据加(长春)科技有限公司,6000-8000元,长春·宽城·奋进,长春,本科,经验不限,7月26日,zhilian_direct,"岗位职责: 需精准听取多场景中英文混合音频，将中英文混合音频内容转化为对照文本，同时保证标注数据的完整性、一致性，为 AI 语音识别、机器翻译等模型训练提供高质量数据支撑。 任职要求： 1. 具备良好的英文听力理解能力，能准确识别和处理英文口音。 2. 硬性要求：英语相关专业，英语专业八级以上。 3.985/211院校优先。 薪资待遇： 固定工资6000+,周日单休法休 五险 工作地点 长春宽城区北湖未来科学城长新创谷-6号楼(人工智能产业基地)13B层 以担保或任何理由索要财物，扣押证照，均涉嫌违法。一经发现， 立即举报","大学英语四级,大学英语六级,英语专业四级,笔译",http://www.zhaopin.com/jobdetail/CC560737730J40831993001.htm?refcode=4019&srccode=401903&preactionid=6ea5ac7a-924f-467d-bfb1-5ae1252243cb
国企数据标注实习生（27年毕业）,齐河数字治理科技发展有限公司,150-200元/天,德州·齐河县·晏城街道,Guangzhou,大专,经验不限,7月25日,zhilian,岗位职责： 1.对识别出的机动车、非机动车、行人、路障等静/动态目标进行人工补标、属性核验与修正； 2.确保标注成果符合专项规范要求，为汽车自动驾驶算法模型训练提供标志物数据支撑。 任职要求： 1.行业较为新兴，无经验者可培训 2.具备学习能力与计算机使用能力 3. 具备良好的细节把控能力； 4. 有责任心，工作细致 工作地点 德州齐河县齐河数字治理公司 以担保或任何理由索要财物，扣押证照，均涉嫌违法。一经发现， 立即举报,"国企直招,数据标注,智驾标注",http://www.zhaopin.com/jobdetail/CCL1279170240J41003083802.htm?refcode=4019&srccode=401901&preactionid=77ae418b-e688-4e25-b7e1-03866eac14dc
AI数据标注,聊城聊维数据科技有限公司,5000-8000元,聊城·湖西街道,Guangzhou,大专,经验不限,7月25日,zhilian,职位描述 图像标注 视频标注 文本标注 嘿，我们在寻找一位细心、有责任心的数据标注小伙伴，一起学习吧！ 你的工作将是分类、标注和校验数据，为AI世界添砖加瓦。 如果你满足以下条件，就赶快加入我们吧： 大专及以上学历，学计算机的更好哦； 熟悉数据标注工具和流程，但如果你愿意学，我们也可以教你； 喜欢与数字打交道，有良好的数据敏感度； 细心、耐心，享受团队工作的乐趣。 期待你的加入，一起为AI世界贡献力量！ 工作地点 山东省聊城市东昌府区湖西街道西关街 以担保或任何理由索要财物，扣押证照，均涉嫌违法。一经发现， 立即举报,"图像标注,视频标注,文本标注",http://www.zhaopin.com/jobdetail/CCL1516847250J40956005415.htm?refcode=4019&srccode=401901&preactionid=77ae418b-e688-4e25-b7e1-03866eac14dc
数据标注师,山西通联智能科技有限公司,5000-10000元,太原·小店·西温庄,Guangzhou,大专,经验不限,7月26日,zhilian,职位描述 图像标注 地图标注 人工智能 1.主做3D点云车道线绘制，主要服务于无人驾驶车辆使用，简单易上手。 2.内勤工作，坐办公室，空调房，老板椅，不外出、不销售、不打电话。 3.工作时间: 白班：9:00-19:00，午休一个半小时。 4.薪资福利: 综合薪资5000-10000元，多劳多得上不封顶，茶点咖啡定量供应。 5.晋升路线：数据标注师—数据质检师—项目经理。 6.培训期不收取任何培训费用，学一门技术走稳职业规划 工作地点 山西省太原市小店区通达街31号西南方向40米文化大厦(通达街)文化大厦13层1306 以担保或任何理由索要财物，扣押证照，均涉嫌违法。一经发现， 立即举报,"图像标注,地图标注",http://www.zhaopin.com/jobdetail/CCL1293655950J40865475007.htm?refcode=4019&srccode=401901&preactionid=77ae418b-e688-4e25-b7e1-03866eac14dc
数据标注员,徐州鼎之昌传媒有限公司,7000-9000元,徐州·沛县·汉兴街道,Guangzhou,高中,经验不限,7月25日,zhilian,职位描述 图像标注 文本标注 数据标注质量校验 标注规则优化协助 标注文档整理 工作职责 1. 按照项目标注规范，完成图片、文本等多类型数据的分类、框选、标签填充等标注任务。 2. 对标注数据进行自查与交叉校验，确保数据标注的准确性与一致性。 3. 及时反馈标注过程中遇到的问题，协助优化标注规则与流程。 4. 定期整理标注数据，形成标准化文档，支持项目复盘与效率提升。 任职要求 1. 高中及以上学历，对数据敏感，具备良好的逻辑思维能力。 2. 熟练操作电脑及常用办公软件，打字速度较快，能适应基础数据处理工作。 3. 工作认真细致，有耐心，具备较强的责任心与执行力。 4. 学习能力强，能快速理解并掌握不同项目的标注规则与要求。 工作地点 沛县科技创业园江苏省徐州市沛县经济开发区沛公路北侧、汉润路东侧(科技创业园D1栋2层215-x) 以担保或任何理由索要财物，扣押证照，均涉嫌违法。一经发现， 立即举报,"图像标注,文本标注,数据标注质量校验,标注规则优化协助,标注文档整理",http://www.zhaopin.com/jobdetail/CCL1526777450J40876864709.htm?refcode=4019&srccode=401901&preactionid=77ae418b-e688-4e25-b7e1-03866eac14dc
数据标注实习生,璇玑数据科技(新疆)有限公司,1000-2000元,喀什·疏附县·吾库萨克镇,Guangzhou,学历不限,经验不限,7月25日,zhilian,职位描述 图像标注 视频标注 语音标注 音频标注 文本标注 数据标注 数据标注员 全程电脑操作进行标注 工作地点 喀什地区疏附县滨河大道吾库萨克镇人民政府北侧约190米 以担保或任何理由索要财物，扣押证照，均涉嫌违法。一经发现， 立即举报,"图像标注,视频标注,语音标注,音频标注,文本标注",http://www.zhaopin.com/jobdetail/CCL1526780840J40923745812.htm?refcode=4019&srccode=401901&preactionid=77ae418b-e688-4e25-b7e1-03866eac14dc
数据标注师,焦作沄楷科技有限公司,8000-9000元,焦作·文苑街道,Guangzhou,大专,经验不限,7月26日,zhilian,职位描述 图像标注 学习力强，吃苦耐劳！ 大数据 云计算 我们正在寻找一位专业数据标注师，负责为人工智能大模型提供高质量的训练数据。 工作内容： 包括数据分类、标注、校验和整理等。 岗位要求： 1. 大专及以上学历，计算机或相关专业优先； 2. 熟悉数据标注工具和流程； 3. 良好的数据敏感度和分析能力； 4. 细心、耐心，有团队精神； 5. 有数据标注或相关领域工作经验者优先。 工作地点 焦作市-山阳区-碧莲路7栋B座 以担保或任何理由索要财物，扣押证照，均涉嫌违法。一经发现， 立即举报,"图像标注,学习力强，吃苦耐劳！",http://www.zhaopin.com/jobdetail/CCL1526675910J40911123303.htm?refcode=4019&srccode=401901&preactionid=77ae418b-e688-4e25-b7e1-03866eac14dc
数据标注员,汕头透歌电子商务有限公司,7000-9000元,汕头·潮南区·两英镇,Guangzhou,中专/中技,经验不限,7月25日,zhilian,职位描述 图像标注 文本标注 电商数据处理 标注质量管控 标注流程优化 工作职责 1. 负责电商场景下图像、文本等数据的标注工作，严格遵循标注规则确保数据准确性。 2. 对标注完成的数据进行自查与交叉校验，及时修正标注错误，保障数据质量。 3. 协助整理标注规范文档，反馈标注过程中遇到的异常问题，优化标注流程。 任职要求 1. 中专及以上学历，专业不限，有数据标注经验者优先。 2. 具备良好的细节观察能力与耐心，能长时间专注于重复性工作。 3. 熟练操作电脑办公软件，学习能力强，能快速掌握标注工具的使用方法。 4. 理解电商基础业务逻辑，对商品分类、属性等信息有一定认知者优先。 工作地点 仙新村汕头市潮南区两英镇仙新村仙新大道桥东5号201 以担保或任何理由索要财物，扣押证照，均涉嫌违法。一经发现， 立即举报,"图像标注,文本标注,电商数据处理,标注质量管控,标注流程优化",http://www.zhaopin.com/jobdetail/CCL1526778940J40877293110.htm?refcode=4019&srccode=401901&preactionid=77ae418b-e688-4e25-b7e1-03866eac14dc
纯文职数据标注（提供住宿食堂）,银雁科技服务集团,3000-4000元,贵阳·白云·麦架,Guangzhou,大专,经验不限,7月22日,zhilian,岗位职责 1. 在激光雷达点云视图对车辆、行人、非机动车、障碍物做3D包围盒拉框，调尺寸、朝向、贴合点云； 2. 系统自动将3D框映射相机2D画面，人工微调校正2D边框； 3. 按项目规则处理遮挡、截断、远景无效目标，保证数据精准度； 4. 简单质检自查，返工少、规则成熟、流程标准化。 任职要求 大专学历，接受实习生。需要有至少6个月数据标注经验，业务场景暂不限。可接受学习理解能力佳意愿在数据标注行业长期发展人员。 薪资待遇 综合薪资3000-4000 工作时间：9：00-18:00（午休2小时） 周日单休 法定节假日休息 工作地点 白云区贵州电子信息职业技术学院(贵阳校区)0 以担保或任何理由索要财物，扣押证照，均涉嫌违法。一经发现， 立即举报,"图像标注,视频标注,音频标注,语音标注,文本标注",http://www.zhaopin.com/jobdetail/CC853113380J40841101509.htm?refcode=4019&srccode=401901&preactionid=77ae418b-e688-4e25-b7e1-03866eac14dc
AI 数据标注专员（接受小白）,四川云引新途科技有限公司,5000-9000元,成都·成华·万年场,Guangzhou,大专,经验不限,7月9日,zhilian,岗位职责 负责各类 AI 模型训练数据集整理、文本、图像、对话内容标注校验，有资深组长一对一带教，上手简单，完成月度标注任务发放绩效奖励 严格按照标注规范完成数据清洗、分类、打标、质检复核，保证数据标注标准统一、准确率达标 记录标注过程中的规则疑问，同步负责人更新标注规范，整理标准化标注模板 跟进项目数据交付节点，按时完成批量标注任务，公司长期稳定 AI 项目源源不断，不用担心中断工作 完善晋升通道：标注专员→质检专员→标注组长→项目主管，每年 2 次薪资调整机会 标准双休，无强制加班，临时加班可申请调休，日常有内部经验分享交流会 任职要求 大专及以上学历，专业不限，对 AI 数据工作感兴趣，愿意稳定长期发展 熟练电脑基础操作，会基础文字录入，细心耐心，有较强专注力 理解能力良好，能快速看懂标注规范，自主学习能力佳 无需编程、算法相关技术基础，工作流程标准化，零基础可快速适应 入职缴纳五险一金，享带薪年假、法定假期、节日福利、月度团建、下午茶 工作地点 成都成华区成华奥园广场 以担保或任何理由索要财物，扣押证照，均涉嫌违法。一经发现， 立即举报,文本标注,http://www.zhaopin.com/jobdetail/CCL1522275800J40907796403.htm?refcode=4019&srccode=401901&preactionid=77ae418b-e688-4e25-b7e1-03866eac14dc
兼职数据标注,海口逸晴科技有限公司,250-500元/周,海口·龙华·金宇,Guangzhou,学历不限,经验不限,7月26日,zhilian,职位描述 人工智能 工作职责 依据项目标注规则，完成图片采集标注任务，确保标注结果的准确性与一致性。 对标注过程中发现的异常数据进行反馈。 学历不限，有数据标注经验或AI相关领域知识背景者优先。 具备较强的细节把控能力，能严格遵循标注规范执行任务。 拥有良好的沟通能力，能清晰反馈标注过程中的问题与建议。 工作地点 海口市-龙华区-南海大道与豪苑路交界处A222 以担保或任何理由索要财物，扣押证照，均涉嫌违法。一经发现， 立即举报,人工智能,http://www.zhaopin.com/jobdetail/CCL1496145730J40862570901.htm?refcode=4019&srccode=401901&preactionid=77ae418b-e688-4e25-b7e1-03866eac14dc
AI数据标注/AI训练师,江西启跃网络科技服务有限公司,6000-9000元·13薪,杭州·滨江·西兴,Guangzhou,大专,经验不限,7月3日,zhilian,职位描述 图像标注 语音标注 文本标注 多模态数据处理 标注质量管控 标注标准优化 工作职责 1. 负责AI模型训练所需数据的标注工作，包括图像、文本、语音等多模态数据的分类、框选、转录等任务。 2. 依据标注规范对数据进行质量检查与校验，确保标注结果的准确性与一致性。 3. 参与标注标准的制定与优化，结合业务场景反馈数据标注中的问题并提出改进建议。 4. 协助完成AI模型的训练与调优，通过数据迭代提升模型的识别精度与泛化能力。 任职要求 1. 大专及以上学历，计算机、数据科学、人工智能等相关专业优先。 2. 了解AI数据标注的基本流程与规范，有图像识别、自然语言处理等领域标注经验者优先。 3. 具备较强的逻辑思维能力与细节把控能力，能快速理解复杂标注规则并高效执行。 4. 学习能力强，能快速掌握新的标注工具与业务场景要求。 奖金绩效 年终奖 工作地点 杭州滨江区天恒大厦15A楼 以担保或任何理由索要财物，扣押证照，均涉嫌违法。一经发现， 立即举报,"图像标注,语音标注,文本标注,多模态数据处理,标注质量管控,标注标准优化",http://www.zhaopin.com/jobdetail/CCL1524831620J40953157115.htm?refcode=4019&srccode=401901&preactionid=77ae418b-e688-4e25-b7e1-03866eac14dc
数据标注专员-五险一金 朝九晚六-带薪培训,泰盈科技集团股份有限公司,5000-8000元,泰安·岱岳区·粥店街道,Guangzhou,大专,经验不限,7月12日,zhilian,职位描述 图像标注 语音标注 视频标注 数据分析能力强 节假日三薪 定期团建 双休!双休!双休!(重要的事情说三遍)大家好，因业务发展，需要招聘十名数据标注专员。 这是一份怎样的工作? 工作稳定:正职岗位。 作息规律:早九晚六，标准双休，绝不占用你的个人时间。 门槛不高:无需相关经验，公司提供培训。关键是要有责任心、耐心和细心。氛围简单:团队年轻人居多，沟通直接，没有复杂的 人际关系。 我们提供: 有竞争力的薪资，月薪保底3000元、冲量7000元，多劳多得。 节日福利、团建活动 如果你正在寻找一份稳定、有前景的入门级工作，欢迎加入我们!详细情况请+v赶快来约面试吧 工作地点 山东省泰安市岱岳区望岳东路55号 以担保或任何理由索要财物，扣押证照，均涉嫌违法。一经发现， 立即举报,"图像标注,语音标注,视频标注,数据分析能力强,节假日三薪,定期团建",http://www.zhaopin.com/jobdetail/CC292011210J40833515411.htm?refcode=4019&srccode=401901&preactionid=77ae418b-e688-4e25-b7e1-03866eac14dc
远程居家兼职-AI数据标注,丹东窝坞科技有限公司,50-100元/时,丹东,Guangzhou,大专,经验不限,7月15日,zhilian,职位描述 图像标注 音频标注 文本标注 语音标注 视频标注 人工智能 岗位内容： 1. 对数据进行标注、打标签、整理、审核等工作； 2. 确保数据质量和数据准确性； 3. 配合客户进行项目进度跟进及反馈。 任职要求： 1. 具备较强的学习能力，对新事物接纳度高； 2. 工作积极主动，具有强烈的责任感和团队协作意识； 3. 善于处理问题，具有良好的逻辑思维能力； 远程居家办公-兼职 工作地点 辽宁省丹东市振兴区头道街道二经街64号 以担保或任何理由索要财物，扣押证照，均涉嫌违法。一经发现， 立即举报,"图像标注,音频标注,文本标注,语音标注,视频标注",http://www.zhaopin.com/jobdetail/CCL1525932380J40920313712.htm?refcode=4019&srccode=401901&preactionid=77ae418b-e688-4e25-b7e1-03866eac14dc
数据标注员,黑龙江省凤军生物科技有限公司,7000-9000元,齐齐哈尔·讷河市·通江街道,Guangzhou,中专/中技,经验不限,7月25日,zhilian,职位描述 文本标注 日化产品数据处理 标注质量管控 标注流程优化 工作职责 1. 负责日化产品相关数据（如成分信息、包装特征、用户评价标签等）的标注与分类工作，确保标注结果的准确性与一致性。 2. 严格遵循标注规范与质量标准，对标注数据进行自查与校验，及时修正错误标注。 3. 协助优化标注流程与规则，反馈标注过程中遇到的问题，提升整体标注效率。 任职要求 1. 中专及以上学历，对日化产品有一定了解者优先。 2. 具备较强的耐心与细致度，能专注完成重复性工作并保证质量。 3. 学习能力强，能快速掌握标注工具与规则，适应不同类型的数据标注任务。 工作地点 飞飞运输户黑龙江省齐齐哈尔市讷河市铁路社区026街坊北方新城商住楼00单元01层01号 以担保或任何理由索要财物，扣押证照，均涉嫌违法。一经发现， 立即举报,"文本标注,日化产品数据处理,标注质量管控,标注流程优化",http://www.zhaopin.com/jobdetail/CCL1526777850J40876871809.htm?refcode=4019&srccode=401901&preactionid=77ae418b-e688-4e25-b7e1-03866eac14dc
数据标注师,沈阳元序企业管理有限公司,3000-5000元·13薪,沈阳,Guangzhou,学历不限,经验不限,7月25日,zhilian,职位描述 图像标注 语音标注 音频标注 视频标注 文本标注 人工智能 岗位内容： 1. 根据需求，负责数据标注； 2. 与团队成员协同配合，确保项目进展顺利。 任职要求： 1. 具备耐心和细致的工作态度，并能承受工作压力； 2. 具备较强的沟通协调能力和团队合作精神。 工作地点 沈阳市-皇姑区-三洞桥街道昆山中路53号 以担保或任何理由索要财物，扣押证照，均涉嫌违法。一经发现， 立即举报,"图像标注,语音标注,音频标注,视频标注,文本标注",http://www.zhaopin.com/jobdetail/CCL1524634420J40863353010.htm?refcode=4019&srccode=401901&preactionid=77ae418b-e688-4e25-b7e1-03866eac14dc
【数据标注员助理】入职五险一金+十三薪,河北鑫沐无忧网络科技有限公司,8000-11000元·13薪,北京·延庆·香水园,Guangzhou,大专,经验不限,7月24日,zhilian,职位描述 图像标注 文本标注 数据质量检查 标注流程优化 OFFICE软件操作 任职要求 1. 大专及以上学历，专业不限，有数据标注相关经验者优先。 2. 具备良好的学习能力，能快速理解并掌握标注规则与工具操作。 3. 工作细致耐心，责任心强，能承受一定的重复性工作压力。 4. 熟练使用Office办公软件，具备基础的计算机操作能力。 补充说明 1. 薪酬福利：入职缴纳五险一金，享有十三薪。 工作地点 北京延庆区金宸大厦八楼整层 以担保或任何理由索要财物，扣押证照，均涉嫌违法。一经发现， 立即举报,"图像标注,文本标注,数据质量检查,标注流程优化,OFFICE软件操作",http://www.zhaopin.com/jobdetail/CCL1524002710J41003747302.htm?refcode=4019&srccode=401901&preactionid=77ae418b-e688-4e25-b7e1-03866eac14dc
数据标注,河南美佳乐科技有限公司,3000-4000元,鹤壁·长江路街道,Guangzhou,学历不限,经验不限,7月26日,zhilian,职位描述 图像标注 岗位内容： 1. 根据项目需求，负责数据标注、分类、标签制作等工作； 2. 维护数据标注质量并改进标注流程； 3. 及时响应客户需求，满足客户标注要求。 任职要求： 1. 具备基本电脑操作技能以及网络资源的查找和使用能力； 2. 具备良好的文字表达能力和沟通协调能力； 3. 对细节敏感，具备较强的责任心和工作意识； 4. 具备耐心细致的工作态度和团队合作精神。 工作地点 鹤壁市-淇滨区-淇水大道28号金融大厦6楼 以担保或任何理由索要财物，扣押证照，均涉嫌违法。一经发现， 立即举报,图像标注,http://www.zhaopin.com/jobdetail/CCL1526008780J40948590708.htm?refcode=4019&srccode=401901&preactionid=77ae418b-e688-4e25-b7e1-03866eac14dc
数据标注员,修药(山东)生物科技有限公司,8000-12000元,枣庄·市中区·龙山路街道,Guangzhou,中专/中技,经验不限,7月25日,zhilian,职位描述 图像标注 文本标注 数据标注质量校验 标注规则优化协助 重复性任务执行 工作职责： 1. 按照项目标注规则，完成图像、文本等数据的分类、框选、标注等基础任务。 2. 对标注数据进行自查与交叉校验，确保数据标注的准确性与一致性。 3. 记录标注过程中遇到的问题，及时反馈并协助优化标注规则。 任职要求： 1. 中专及以上学历，专业不限，有数据标注经验者优先。 2. 具备良好的逻辑思维能力，能快速理解并执行标注规则。 3. 工作细致耐心，能承受一定的重复性工作，保证标注效率与质量。 工作地点 江北绿城山东省枣庄市市中区长乐路江北绿城D3-2 以担保或任何理由索要财物，扣押证照，均涉嫌违法。一经发现， 立即举报,"图像标注,文本标注,数据标注质量校验,标注规则优化协助,重复性任务执行",http://www.zhaopin.com/jobdetail/CCL1526778740J40877290610.htm?refcode=4019&srccode=401901&preactionid=77ae418b-e688-4e25-b7e1-03866eac14dc
数据标注员,东莞市公仔洗涤用品有限公司,7000-8000元,东莞·望牛墩镇,Guangzhou,中专/中技,经验不限,7月25日,zhilian,职位描述 图像标注 文本标注 日化产品数据处理 标注质量审核 标注规则优化 工作职责： 1. 按照项目要求对日化产品相关的图像、文本等数据进行分类、标注与审核，确保数据质量符合算法训练标准。 2. 严格遵循标注规范，准确识别并标记数据中的关键特征，如产品成分、包装设计、使用场景等。 3. 及时反馈标注过程中遇到的问题，协助优化标注规则与流程，提升整体标注效率。 任职要求： 1. 中专及以上学历，专业不限，具备良好的逻辑思维与学习能力。 2. 工作细致耐心，责任心强，能快速掌握新的标注规则与工具。 3. 熟悉电脑基本操作，打字速度较快，能适应一定的重复性工作。 4. 对日化产品有一定了解或有数据标注相关经验者优先。 工作地点 东莞市建文洗涤用品有限公司广东省东莞市望牛墩镇朱平沙科技三路1号7号楼 以担保或任何理由索要财物，扣押证照，均涉嫌违法。一经发现， 立即举报,"图像标注,文本标注,日化产品数据处理,标注质量审核,标注规则优化",http://www.zhaopin.com/jobdetail/CCL1526777520J40876864609.htm?refcode=4019&srccode=401901&preactionid=77ae418b-e688-4e25-b7e1-03866eac14dc
AI数据标注,广西赢政网络科技有限公司,3000-6000元,北海·海城区·西街街道,Guangzhou,学历不限,经验不限,7月25日,zhilian,职位描述 居家 电脑 兼职 职位描述 对公司提供的图片或者语音、视频等进行加工。 有专门的老师负责培训，按照要求出来相关的数据就行难度不大。可全职可兼职。可在家办公，也可来公司办公。 任职要求 1.有耐心，仔细认真。 2.有基础的电脑知识，会简单的电脑操作。 3.大专以上的优先。 4.男女均可。 工作地点 北海海城区华美广场8楼808 以担保或任何理由索要财物，扣押证照，均涉嫌违法。一经发现， 立即举报,"居家,电脑,兼职",http://www.zhaopin.com/jobdetail/CCL1426798350J40851147114.htm?refcode=4019&srccode=401901&preactionid=77ae418b-e688-4e25-b7e1-03866eac14dc
ai数据标注,山东省蓝梵生物科技有限公司,100元/时,聊城·阳谷县·侨润街道,Guangzhou,学历不限,经验不限,7月21日,zhilian,职位描述 图像标注 人工智能 就是图片采集，上传，非常简单！ 工作地点 聊城市阳谷县赵王河路万和城 以担保或任何理由索要财物，扣押证照，均涉嫌违法。一经发现， 立即举报,图像标注,http://www.zhaopin.com/jobdetail/CCL1398502700J40784537006.htm?refcode=4019&srccode=401901&preactionid=7abb09d2-63fa-4e54-88ca-ed649e854163
数据标注员,汕头市灵希化妆品有限公司,7000-9000元,汕头·潮南区·胪岗镇,Guangzhou,高中,经验不限,7月25日,zhilian,职位描述 图像标注 文本标注 日化产品数据处理 标注质量校验 标注流程优化 工作职责 1. 负责日化产品相关图像、文本等数据的标注工作，严格遵循标注规则确保数据准确性。 2. 对标注完成的数据进行自查与校验，及时修正错误标注，保证数据质量符合业务标准。 3. 协助整理标注规范文档，反馈标注过程中遇到的问题，优化标注流程。 任职要求 1. 高中及以上学历，具备良好的耐心与细致度，能专注完成重复性工作。 2. 熟悉电脑基本操作，打字速度较快，能高效处理数据标注任务。 3. 对日化产品有一定认知或学习能力强，能快速理解标注规则与业务需求。 工作地点 胪岗荣喜化餐饮店汕头市潮南区胪岗镇上厝和惠公路上厝路段工业区三街7号向西楼2楼207 以担保或任何理由索要财物，扣押证照，均涉嫌违法。一经发现， 立即举报,"图像标注,文本标注,日化产品数据处理,标注质量校验,标注流程优化",http://www.zhaopin.com/jobdetail/CCL1526777770J40876871909.htm?refcode=4019&srccode=401901&preactionid=7abb09d2-63fa-4e54-88ca-ed649e854163
地图数据标注,山西通联智能科技有限公司,5000-8000元,太原·西温庄,Guangzhou,大专,经验不限,7月26日,zhilian,职位描述 地图标注 1.我们主要做的是3D点云车道线绘制，主要服务于无人驾驶车辆使用，简单易上手。 2.内勤工作，坐办公室，空调房，老板椅，不外出、不销售、不打电话。 3.工作时间: 白班：9:00-19:00，午休一个半小时。 4.薪资福利: 缴纳五险，综合薪资5000-8000元，多劳多得上不封顶。 5.晋升路线：数据标注师—数据质检师—项目经理。 6.培训期不收取任何培训费用，学一门技术走稳职业规划 工作地点 太原市小店区通达街8号13层1306 以担保或任何理由索要财物，扣押证照，均涉嫌违法。一经发现， 立即举报,地图标注,http://www.zhaopin.com/jobdetail/CCL1293655950J40863448107.htm?refcode=4019&srccode=401901&preactionid=7abb09d2-63fa-4e54-88ca-ed649e854163
居家AI兼职(日收入100+AI数据标注),湖南佬米数字科技有限公司,2500-4000元,新乡·红旗区·东街街道,Guangzhou,学历不限,经验不限,7月25日,zhilian,职位描述 图像标注 语音标注 音频标注 视频标注 文本标注 人工智能 负责AI数据的清洗、标注与质检，确保图像、文本等训练数据的准确性与合规性，为AI模型迭代提供高质量数据支持。 举例：比如圈出图片里的红绿灯、标注路况视频中的车辆轨迹、检查文本对话是否合规，像“老师改作业”一样为AI纠错。 工作内容简单易学，新手小白通过线上自学1-2日即可正式入职工作。项目都有老师带着做。 工作地点 新乡市-红旗区-人民中路199号线上兼职居家工作招聘 以担保或任何理由索要财物，扣押证照，均涉嫌违法。一经发现， 立即举报,"图像标注,语音标注,音频标注,视频标注,文本标注",http://www.zhaopin.com/jobdetail/CCL1392264000J40934476608.htm?refcode=4019&srccode=401901&preactionid=7abb09d2-63fa-4e54-88ca-ed649e854163
AI数据标注师接受实习生,重庆市中通人力资源服务有限公司,5000-8000元,重庆·两江新区,Guangzhou,大专,经验不限,7月26日,zhilian,"岗位职责 （1）辅助人工智能针对不同任务进行不同方式标注； （2）负责产品中文字、图片、视频内容审核监测工作,保证信息处理的及 时性及数据处理准确性; （3）对工作流程中的异常问题进行搜集、整理、汇总，优化工流程和标准。 (1)按照项目制定的规则、流程及目标进行数据标注工作，高效及精 确 的完成每日计划； (2)能够在标注过程中主动发现并反馈问题，并积极配合解决； (3)与质检人员密切相关配合，积极处理返修数据，不断提高个人 能力。 3.上班时间 9：00-18：00，午休一小时，试用期单休，转正后大小休。 4.福利待遇 （1）试用期/实习前三个月，底薪2400+绩效+团队建设活动；若本科过 大学英语四级/六级薪资为底薪3000+绩效+团队建设活动； （2）转正/实习三个月后，薪资体系为底薪3000+绩效+团队建设活动； 若本科过大学英语四级/六级薪资为底薪3000+300/500岗责+绩效+团队建设活 动，平均薪资为3000-5000元/月。 3.上班时间 （1）白班：8：00--16：30 夜班：16：00--24：30 通宵班：24：00--8：30； （2）三班倒，夜班及通宵班有相应补贴，需要能接受排班，排班比例8:1.5:0.5;夜班一个月4天左右，通宵班1天左右。 4.福利待遇 （1）试用期/实习前三个月，底薪2400+绩效+团队建设活动；若本科过 大学英语四级/六级薪资为底薪3000+绩效+团队建设活动； （2）转正/实习三个月后，薪资体系为底薪3000+绩效+夜班福利补贴+团 队建设活动；若本科过大学英语四级/六级薪资为底薪3000+300/500岗责+绩 效+夜班福利补贴，平均薪资为3000-5000元/月。 工作地点 重庆两江新区仙桃国际大数据谷体验中心 以担保或任何理由索要财物，扣押证照，均涉嫌违法。一经发现， 立即举报 客户","图像识别产品,智能硬件",http://www.zhaopin.com/jobdetail/CC466465020J40832573101.htm?refcode=4019&srccode=401901&preactionid=7abb09d2-63fa-4e54-88ca-ed649e854163
ai数据标注员,汇宸九州(东莞)科技有限公司,8000-10000元,深圳·南山·粤海,Guangzhou,大专,经验不限,7月25日,zhilian,职位描述 图像标注 语音标注 文本标注 标注质量核查 标注规范优化 多类型数据处理 工作职责 1. 负责AI训练数据的标注工作，包括图像、文本、语音等多类型数据的分类、框选、转写等任务。 2. 严格遵循标注规则与质量标准，确保标注结果的准确性与完整性。 3. 协助整理标注规范文档，反馈标注过程中遇到的问题并提出优化建议。 4. 参与标注数据的质量核查，配合团队完成数据验收与迭代。 任职要求 1. 大专及以上学历，专业不限，有数据标注、内容审核相关经验者优先。 2. 具备良好的逻辑思维能力，能快速理解并执行复杂的标注规则。 3. 工作细致耐心，责任心强，能承受一定的重复性工作压力。 4. 熟练使用电脑办公软件，打字速度较快者优先。 工作地点 深圳市-南山区-粤海街道海珠社区海德三道(深圳湾段)168号28 以担保或任何理由索要财物，扣押证照，均涉嫌违法。一经发现， 立即举报,"图像标注,语音标注,文本标注,标注质量核查,标注规范优化,多类型数据处理",http://www.zhaopin.com/jobdetail/CCL1526069760J40881876005.htm?refcode=4019&srccode=401901&preactionid=7abb09d2-63fa-4e54-88ca-ed649e854163
双休不加班数据标注/AI训练师|五险一金,上海仁联企业服务(集团)有限公司,5000-8000元,武汉·江夏,Guangzhou,本科,经验不限,7月26日,zhilian,职位描述 视频标注 广播/电视/影视 工作内容：需要根据用户生成视频的指令词，对照生成视频与原始视频的区别，对机标画面 / 镜头描述脚本有问题的地方，进行改写/调整/删减。 学历专业：本科及以上;戏剧与影视/戏剧学/艺术学/电影学/编导/摄影/表演。 相关要求：要求：观影量大，熟悉影视视听语言，可辨识构图、色调、画面风格；学习领悟能力强，工作稳定，能跟进项目6个月以上。 工作时间：早十晚七 双休 节假日也休息 不加班 有午休 工作地点 武汉江夏区中国光谷·关南工业园111 以担保或任何理由索要财物，扣押证照，均涉嫌违法。一经发现， 立即举报 客户,视频标注,http://www.zhaopin.com/jobdetail/CC641703630J40866489007.htm?refcode=4019&srccode=401901&preactionid=7abb09d2-63fa-4e54-88ca-ed649e854163
数据标注员（可兼/全职、可居家）,重庆麦恩企业管理咨询有限公司,6000-8000元,乌鲁木齐·头屯河区,Guangzhou,学历不限,经验不限,7月24日,zhilian,职位描述 图像标注 语音标注 音频标注 视频标注 文本标注 人工智能 产业互联网平台 一、工作内容（简单重复，一学就会） 1. 按规则打标签：根据培训指导，在电脑上对图片、文字或语音进行简单判断和标记。例如： · 图像类：用鼠标框出图中“汽车”或“红绿灯”的位置；判断两张人脸照片“是”或“不是”同一个人。 · 文本类：判断一段评论是“好评”还是“差评”；选出句子里的“人名”和“地名”。 · 语音类：听一段录音，把听到的字打出来（类似听写）。 2. 检查与修改：对照原图/原文，快速检查自己或别人标记过的数据，发现点错、漏标的地方并改正。 3. 完成每日数量要求：每天按要求完成一定数量的基础标注任务（如：标300张图、听200句语音），熟能生快。 二、任职要求（几乎没有门槛） · 年龄/学历：不限，初中/高中及以上学历即可，不需要大学文凭。 · 电脑基础：会开关机、会使用鼠标、会打字即可。不需要懂代码或专业软件（上岗前都有详细培训）。 · 关键素质： · 坐得住、不急躁：能静下心在电脑前持续工作。 · 细心、眼睛好：能分辨图片中微小的差异或模糊字迹。 · 愿意听指令：按照既定规则操作，不擅自发挥。 三、工作环境与待遇预期 · 时间：常为固定班次（如早九晚六），部分项目允许晚班或居家办公。 · 薪酬：多为计件制（标一个得几毛钱），或底薪+提成，新手期月入约4000-8000元（根据城市和效率浮动）。 · 适合人群：宝妈、待业青年或中年、转行过渡等（需具备基本电脑操作能力）、想找稳定文职类工作的求职者。 工作地点 乌鲁木齐头屯河区新疆国际金融中心2306 以担保或任何理由索要财物，扣押证照，均涉嫌违法。一经发现， 立即举报,"图像标注,语音标注,音频标注,视频标注,文本标注",http://www.zhaopin.com/jobdetail/CCL1514436220J41019114104.htm?refcode=4019&srccode=401901&preactionid=7abb09d2-63fa-4e54-88ca-ed649e854163
数据标注,南阳市卧龙区云启星信息咨询工作室(个体工商户),3000-6000元·13薪,南阳·卧龙岗街道,Guangzhou,学历不限,经验不限,7月26日,zhilian,职位描述 图像标注 人工智能 大数据 岗位内容： 1. 对2D、3D图片、数据进行标注、打标签、整理、等工作； 2. 确保数据质量和数据准确性； 3. 配合客户进行项目进度跟进及反馈。 任职要求： 1. 具备较强的学习能力，对新事物接纳度高； 2. 工作积极主动，具有强烈的责任感和团队协作意识； 3. 善于处理问题，具有良好的逻辑思维能力； 4. 稳定性强。 工作地点 南阳卧龙路与知行大道交叉口东150米1702 以担保或任何理由索要财物，扣押证照，均涉嫌违法。一经发现， 立即举报,图像标注,http://www.zhaopin.com/jobdetail/CCL1526455880J40864776707.htm?refcode=4019&srccode=401901&preactionid=7abb09d2-63fa-4e54-88ca-ed649e854163
数据标注员,贵州橘智教育科技有限公司,3000-6000元,贵阳·花溪·贵筑,Guangzhou,大专,经验不限,7月25日,zhilian,职位描述 智驾标注 1.精通激光雷达点云标注，可独立完成障碍物、车道、可行驶区域、时序ID跟踪、防漂移标注。 2. 熟悉自动驾驶项目标注规范，能处理遮挡、逆光、复杂路况等疑难场景标注。 3.熟悉标注自查、瑕疵修正，懂数据对齐、融合校验，保证数据一致性与准确率。 4.学习能力强，能快速适配新项目规则，配合质检整改，高效完成批量交付。 5.细心稳重、执行力强，有自动驾驶2d、3d、4d、AI数据标注从业经验者优先。 接受实习生，毕业生，名额有限，有兴趣的小伙伴赶紧加入吧 工作地点 贵阳花溪区数字经济产业园-2号楼 以担保或任何理由索要财物，扣押证照，均涉嫌违法。一经发现， 立即举报,智驾标注,http://www.zhaopin.com/jobdetail/CCL1526694030J40791260806.htm?refcode=4019&srccode=401901&preactionid=7abb09d2-63fa-4e54-88ca-ed649e854163
ai数据标注师,杭州黉门翘楚教育咨询有限公司,5000-10000元,杭州·拱墅·上塘,Guangzhou,大专,1-3年,7月21日,zhilian,职位描述 图像标注 语音标注 文本标注 数据标注审核 标注流程优化 标注质量管控 工作职责 1. 严格遵循项目标注规则，完成图像、文本、语音等多类型数据的标注与审核工作。 2. 对标注数据进行质量自检，及时反馈标注过程中遇到的规则模糊或数据异常问题。 3. 配合项目组优化标注流程，提升标注效率与数据质量。 任职要求 1. 大专及以上学历，专业不限，有数据标注经验者优先。 2. 具备较强的逻辑思维与细节观察力，能快速理解并执行复杂标注规则。 3. 熟练使用电脑及常用办公软件，学习能力强，能快速掌握新标注工具的操作。 4. 工作耐心细致，责任心强，能承受一定的重复性工作压力。 工作地点 杭州拱墅区时瑞大厦 以担保或任何理由索要财物，扣押证照，均涉嫌违法。一经发现， 立即举报,"图像标注,语音标注,文本标注,数据标注审核,标注流程优化,标注质量管控",http://www.zhaopin.com/jobdetail/CCL1526357980J40882590105.htm?refcode=4019&srccode=401901&preactionid=7abb09d2-63fa-4e54-88ca-ed649e854163
数据标注/ai训练师5K五险一金双休包住宿,泰盈科技集团股份有限公司,5000-8000元,济宁·任城区·观音阁街道,Guangzhou,大专,经验不限,7月25日,zhilian,岗位职责: 1.负责文字，图片，视频，文字等信息数据的标注工 作 2.文员岗，不接打电话没有销售性质 二、薪酬待遇: 1、综合收入4-6K 2、入职带薪培训 3、提供住宿，独立卫浴，空调，24小时热水; 4、公司配有中央空调，冬暖夏凉，各楼层配有冰 箱、饮水机、微波炉等; 三、工作时间 8:00-17:00双休 工作地点 任城区济宁太白路万达广场6楼 以担保或任何理由索要财物，扣押证照，均涉嫌违法。一经发现， 立即举报,"图像标注,语音标注,音频标注,双休长白班,五险一金包吃住,文本标注",http://www.zhaopin.com/jobdetail/CC292011210J40838656711.htm?refcode=4019&srccode=401901&preactionid=7abb09d2-63fa-4e54-88ca-ed649e854163
AI数据标注,杭州绿中游智能科技有限公司,2000-4000元,呼和浩特·昭君路,Guangzhou,大专,经验不限,7月24日,zhilian,岗位职责: 1.根据项目要求，对图片和视频进行分类、标注和优化处理。 2.对图片和视频内容进行数据收集、整理与分析，确保数据质量符合标准。 3.与团队成员协作，确保数据处理进度和质量满足项目需求。 任职要求: 1.会操作电脑，能够熟练使用相关软件工具。 2.有较强的学习能力和问题解决能力，能够独立完成任务。 3.良好的团队合作精神，能够有效沟通。 4.掌握基本英文 工作地点 呼和浩特市-玉泉区-政府后院 以担保或任何理由索要财物，扣押证照，均涉嫌违法。一经发现， 立即举报,图像标注,http://www.zhaopin.com/jobdetail/CC698311620J40811849707.htm?refcode=4019&srccode=401901&preactionid=7abb09d2-63fa-4e54-88ca-ed649e854163
数据标注员,静宁星途科技有限公司,2000-3000元,平凉·静宁县·城关镇,Guangzhou,大专,经验不限,7月25日,zhilian,职位描述 图像标注 语音标注 音频标注 视频标注 文本标注 人工智能 产业互联网平台 软件/IT服务 我们正在寻找数位专业数据标注师，负责为机器学习模型提供高质量的训练数据。 工作内容： 包括数据分类、标注、校验和整理等。 岗位要求： 1. 大专及以上学历，计算机或相关专业优先； 2. 熟悉数据标注工具和流程； 3. 良好的数据敏感度和分析能力； 4. 细心、耐心，有团队精神； 5. 有数据标注或相关领域工作经验者优先。 工作地点 平凉市-静宁县-城关镇文屏山路四楼403室 以担保或任何理由索要财物，扣押证照，均涉嫌违法。一经发现， 立即举报,"图像标注,语音标注,音频标注,视频标注,文本标注",http://www.zhaopin.com/jobdetail/CCL1526788990J41024590604.htm?refcode=4019&srccode=401901&preactionid=7abb09d2-63fa-4e54-88ca-ed649e854163
数据标注,贵州智绘云创科技有限公司,20-30元/时,黔东南·从江县·洛香镇,Guangzhou,学历不限,经验不限,7月26日,zhilian,职位描述 图像标注 人工智能 技术服务 根据相应要求对数据进行采集出来 超级简单 薪资日结 每天几十分钟30-70不是问题 工作地点 黔东南苗族侗族自治州-从江县-从江大道 以担保或任何理由索要财物，扣押证照，均涉嫌违法。一经发现， 立即举报,图像标注,http://www.zhaopin.com/jobdetail/CCL1510095180J40956463315.htm?refcode=4019&srccode=401901&preactionid=7abb09d2-63fa-4e54-88ca-ed649e854163
AI数据标注,大连弘大星宸科技有限公司,3000-4000元,大连·人民路,Guangzhou,学历不限,经验不限,7月25日,zhilian,职位描述 图像标注 文本标注 人工智能 岗位内容： 1. 对数据进行标注、打标签、整理、审核等工作； 2. 确保数据质量和数据准确性； 3. 配合客户进行项目进度跟进及反馈。 任职要求： 1. 具备较强的学习能力，对新事物接纳度高； 2. 工作积极主动，具有强烈的责任感和团队协作意识； 3. 善于处理问题，具有良好的逻辑思维能力； 4. 具备英语阅读及写作能力，可以独立完成中英文文件的处理和翻译。 工作地点 大连市-中山区-天津街80号30楼 以担保或任何理由索要财物，扣押证照，均涉嫌违法。一经发现， 立即举报,"图像标注,文本标注",http://www.zhaopin.com/jobdetail/CCL1525262420J40877636514.htm?refcode=4019&srccode=401901&preactionid=7abb09d2-63fa-4e54-88ca-ed649e854163
AI数据标注师,吉林省卓星科技有限公司,3000-5000元,长春,Guangzhou,大专,经验不限,7月26日,zhilian,职位描述 语音标注 音频标注 文本标注 视频标注 图像标注 人工智能 公司是做数据标注业务的，主要做AI大模型数据标注！！！ 工作方式是办公室坐班的 薪资待遇： 5500加提成加绩效加满勤加面谈 工作时间： 早9点～晚6点，每周单休 法定节假日休息 有无经验均可！！！都需要统一培训上岗 员工福利： 1.每周每月每季度每年公司提供激励计划 2.公司不定期团建拉动员工幸福指数 3.法定节日礼品 4.工龄工资福利 5.公司不卡学历！！！只要有心可放宽，能力更重要！优先培养管理岗，会根据你能力给你做规划——2025（最短63天月入过万） 6.公司提供多发展方向，项目由你选择，职位由你定向你只管能力输出最后米都会进你兜！ 工作地点 长春市-朝阳区-博才路399号(学府街与学苑街交叉口东南50米)1912 以担保或任何理由索要财物，扣押证照，均涉嫌违法。一经发现， 立即举报,"语音标注,音频标注,文本标注,视频标注,图像标注",http://www.zhaopin.com/jobdetail/CCL1525130580J40873329010.htm?refcode=4019&srccode=401901&preactionid=7abb09d2-63fa-4e54-88ca-ed649e854163
人工智能数据标注,重庆智诺彦科技有限公司,5000-6000元,重庆·沙坪坝·虎溪,Guangzhou,大专,经验不限,7月1日,zhilian,职位描述 文本标注 数据质量控制 项目进度跟进 岗位内容： 1. 对家居方向的数据进行标注、打标签、整理、审核等工作； 2. 确保数据质量和数据准确性； 3. 配合客户进行项目进度跟进及反馈。 任职要求： 1. 具备较强的学习能力，对新事物接纳度高； 2. 工作积极主动，具有强烈的责任感和团队协作意识； 3. 善于处理问题，具有良好的逻辑思维能力； 4. 具备英语阅读及写作能力，可以独立完成中英文文件的处理和翻译。 【薪资福利待遇】 朝九晚六、周末双休、国家节假日正常休息、综合薪资5-6K、入职购买五险一金、项目奖金、年终奖金、带薪年假、员工免费体检、节假日福利、生日福利、下午茶、定期员工团建 工作地点 沙坪坝区云里小住(重庆大学城店)附356号 以担保或任何理由索要财物，扣押证照，均涉嫌违法。一经发现， 立即举报,"文本标注,数据质量控制,项目进度跟进",http://www.zhaopin.com/jobdetail/CCL1512396980J40897083512.htm?refcode=4019&srccode=401901&preactionid=7abb09d2-63fa-4e54-88ca-ed649e854163
数据标注训练师（可零基础/实习生）,石家庄旗胜信息科技有限公司,4000-5000元,承德·双桥区·潘家沟街道,Guangzhou,大专,经验不限,7月23日,zhilian,职位描述 文本标注 视频标注 音频标注 语音标注 图像标注 人工智能 产业互联网平台 云计算 一、任职要求： 1、学历要求：大专及以上； 应届生、转行、宝妈均可。 2、硬性技能：熟练电脑操作，会 Office；视力良好；打字流畅。 3、软性素质：细心耐心、专注力强、坐得住；理解能力强，能吃透复杂标注规则；责任心强，对数据精度敏感；服从安排，有基础抗压能力。 4、经验：无需相关经验，公司提供免费带薪岗前培训。 5、加分项：有图文审核、客服、图文处理经验；会简单 PS；接触过自动驾驶 / 大模型标注优先。 二、岗位内容： 1、按项目规范，使用标注工具处理图像、文本、语音、视频、3D 点云数据：图片拉框 / 分割、文本实体 / 意图分类、语音转写、视频关键点标注、自动驾驶 4D 点云标注GitCode。 2、数据清洗：剔除模糊、无效、重复脏数据，统一数据格式，满足 AI 模型训练要求。 3、严格把控准确率，按要求修改质检退回的错误标注，降低返工率。 4、学习新项目标注规则，快速适配不同行业项目（大模型、自动驾驶、医疗、安防）。 5、记录工作问题，及时向组长反馈规则模糊、工具 bug 等异常。 6、配合团队完成每日产能指标，保证项目交付进度。 三、薪资待遇： 1、综合月薪：4000-5000元（无责底薪+ 计件提成 ），多劳多得，计件上不封顶 2、6个月后可免费培养晋升AIGC训练师 工作地点 承德双桥区电信大厦 以担保或任何理由索要财物，扣押证照，均涉嫌违法。一经发现， 立即举报,"文本标注,视频标注,音频标注,语音标注,图像标注",http://www.zhaopin.com/jobdetail/CCL1510533060J40848758505.htm?refcode=4019&srccode=401901&preactionid=7abb09d2-63fa-4e54-88ca-ed649e854163
ai数据标注技术员,广州梁冶传媒有限公司,1-1.2万,中山·石岐街道,Guangzhou,大专,经验不限,7月25日,zhilian,职位描述 文本标注 图像标注 语音标注 多模态数据标注 标注质量校验 标注流程优化 工作职责 1. 负责AI模型训练所需的文本、图像、语音等多模态数据标注工作，严格遵循标注规则完成任务。 2. 对标注数据进行质量自检与交叉校验，及时修正标注错误，确保数据准确性与一致性。 3. 协助优化标注流程与规则，反馈标注过程中遇到的问题，提升整体标注效率。 4. 参与标注工具的测试与使用反馈，配合技术团队完善工具功能。 任职要求 1. 大专及以上学历，专业不限，有数据标注、内容审核相关经验者优先。 2. 具备良好的逻辑思维能力与细节把控能力，能快速理解并执行复杂标注规则。 3. 熟练使用电脑办公软件，打字速度较快，能适应重复性工作。 4. 学习能力强，具备一定的行业知识储备（如广告营销、图像识别等领域）者优先。 5. 工作认真负责，有耐心，能承受一定的工作压力。 工作地点 中山峰华28广场 以担保或任何理由索要财物，扣押证照，均涉嫌违法。一经发现， 立即举报,"文本标注,图像标注,语音标注,多模态数据标注,标注质量校验,标注流程优化",http://www.zhaopin.com/jobdetail/CCL1512710170J40788376206.htm?refcode=4019&srccode=401901&preactionid=40b1d3e5-eef8-4930-8d7c-1818821863d7
ai数据标注师,四川省璐安特安全技术有限公司,8000-12000元·13薪,成都·成华·保和,Guangzhou,学历不限,经验不限,6月25日,zhilian,职位描述 人工智能 云计算 岗位内容： 1. 根据项目需求，负责数据标注、分类、标签制作等工作； 2. 维护数据标注质量并改进标注流程； 3. 及时响应客户需求，满足客户标注要求。 任职要求： 1. 具备基本电脑操作技能以及网络资源的查找和使用能力； 2. 具备良好的文字表达能力和沟通协调能力； 3. 对细节敏感，具备较强的责任心和工作意识； 4. 具备耐心细致的工作态度和团队合作精神。 工作地点 成都市-成华区-万科路4号6期 以担保或任何理由索要财物，扣押证照，均涉嫌违法。一经发现， 立即举报,"人工智能,云计算",http://www.zhaopin.com/jobdetail/CCL1522113490J40842069801.htm?refcode=4019&srccode=401901&preactionid=40b1d3e5-eef8-4930-8d7c-1818821863d7
数据标注员,贵州点金数据有限公司,3000-6000元,铜仁·河西街道,Guangzhou,大专,经验不限,7月25日,zhilian,职位描述 图像标注 语音标注 音频标注 视频标注 文本标注 岗位内容： 1. 根据项目需求，负责数据标注、分类、标签制作等工作； 2. 维护数据标注质量并改进标注流程； 3. 及时响应客户需求，满足客户标注要求。 任职要求： 1. 具备基本电脑操作技能以及网络资源的查找和使用能力； 2. 具备良好的文字表达能力和沟通协调能力； 3. 对细节敏感，具备较强的责任心和工作意识； 4. 具备耐心细致的工作态度和团队合作精神。 工作地点 铜仁市碧江区梁山堰路伊顿小镇西侧约100米8号门面 以担保或任何理由索要财物，扣押证照，均涉嫌违法。一经发现， 立即举报,"图像标注,语音标注,音频标注,视频标注,文本标注",http://www.zhaopin.com/jobdetail/CCL1526077890J40893417313.htm?refcode=4019&srccode=401901&preactionid=40b1d3e5-eef8-4930-8d7c-1818821863d7
数据标注,合肥柏观科技有限公司,2000-3000元,合肥·芙蓉社区,Guangzhou,学历不限,经验不限,7月25日,zhilian,职位描述 视频标注 这份暑期线上兼职主打时间自由灵活，不用坐班打卡，日常主要完成商品信息打标、订单核对以及异常订单处理，全程不用打电话，也没有销售相关任务。求职者只需要自备电脑或者平板，掌握基础电子设备操作能力即可上岗，入职前需要参与一场半小时的线下岗前培训。岗位薪资采用按单结算、多劳多得的模式，宣传普通月度收入在2000至3000元，用心完成工作可以拿到3000至5000元，收入没有上限。 工作地点 合肥市-蜀山区-中环购物中心底商L1 以担保或任何理由索要财物，扣押证照，均涉嫌违法。一经发现， 立即举报,视频标注,http://www.zhaopin.com/jobdetail/CCL1516725220J40879288705.htm?refcode=4019&srccode=401901&preactionid=40b1d3e5-eef8-4930-8d7c-1818821863d7
数据标注AI训练师 (双休不内卷接收小白),上海仁联企业服务(集团)有限公司,5000-8000元,武汉·江夏,Guangzhou,本科,经验不限,7月24日,zhilian,职位描述 音频标注 视频标注 文本标注 【工作职责】: 结合视频内容或者上下文内容，综合判断视频的内容并进行正确的标识跟转写工作。 要求：美术，音乐，英语类专业优先 上班时间:9:00-18:00(朝九晚六)不加班，周末双休，岗位急招!! 接收应届生，没经验也可以哦!!一个星期带薪培训 工作地点 武汉江夏区云计算唐山大厦-1号楼座唐山大厦高新二路22号云计算唐山大厦17层 以担保或任何理由索要财物，扣押证照，均涉嫌违法。一经发现， 立即举报 客户,"音频标注,视频标注,文本标注",http://www.zhaopin.com/jobdetail/CC641703630J40853727207.htm?refcode=4019&srccode=401901&preactionid=40b1d3e5-eef8-4930-8d7c-1818821863d7
数据标注,邯郸海数科技有限公司,2000-4000元,邯郸·丛台区·黄粱梦镇,Guangzhou,中专/中技,经验不限,7月26日,zhilian,职位描述 图像标注 语音标注 音频标注 视频标注 文本标注 大数据 1、根据项目标注规则，对图像/文本/语音/视频等数据进行分类、框选、打点、转写及语义标注； 2、对标注完成的数据进行自查和互检，确保准确率达标（项目准确率要求通常在98%以上）； 3、记录并反馈标注过程中的疑难问题，协助优化标注规则； 4、按时完成每日或每周下达的任务量，保证交付效率 工作地点 丛台区邯郸数字经济产业园3A楼-2F 以担保或任何理由索要财物，扣押证照，均涉嫌违法。一经发现， 立即举报,"图像标注,语音标注,音频标注,视频标注,文本标注",http://www.zhaopin.com/jobdetail/CCL1525882660J40872331310.htm?refcode=4019&srccode=401901&preactionid=40b1d3e5-eef8-4930-8d7c-1818821863d7
数据标注,海口逸晴科技有限公司,15-20元/时,海口·龙华·金宇,Guangzhou,学历不限,经验不限,7月24日,zhilian,岗位职责： 1.负责数据的采集与录入 2.与团队合作，确保数据质量和准确性 任职要求： 1.具备良好的数据感知性和细节关注能力 2.能够独立完成数据相关工作 3.自备电脑 工作地点 海南省海口市龙华区金宇街道南海大道47号A223 以担保或任何理由索要财物，扣押证照，均涉嫌违法。一经发现， 立即举报,数据录入,http://www.zhaopin.com/jobdetail/CCL1496145730J40843026001.htm?refcode=4019&srccode=401901&preactionid=40b1d3e5-eef8-4930-8d7c-1818821863d7
人工智能数据标注,馆陶县久晟网络科技有限公司,1000元以下,邯郸·馆陶镇,Guangzhou,学历不限,经验不限,7月25日,zhilian,职位描述 图像标注 音频标注 视频标注 文本标注 语音标注 人工智能 工业自动化/机器人 我们正在寻找一位专业数据标注师，负责为机器学习模型提供高质量的训练数据。 工作内容： 包括数据分类、标注、校验和整理等。 岗位要求： 1. 计算机或相关专业优先； 2. 熟悉数据标注工具和流程； 3. 良好的数据敏感度和分析能力； 4. 细心、耐心，有团队精神； 5. 有数据标注或相关领域工作经验者优先。 工作地点 邯郸馆陶县新华路南段63号 以担保或任何理由索要财物，扣押证照，均涉嫌违法。一经发现， 立即举报,"图像标注,音频标注,视频标注,文本标注,语音标注",http://www.zhaopin.com/jobdetail/CC812271410J40956694415.htm?refcode=4019&srccode=401901&preactionid=40b1d3e5-eef8-4930-8d7c-1818821863d7
OCC数据标注AI训练师,山东梦志启教育科技有限公司,150-300元/天,烟台·福山·福莱山,Guangzhou,大专,经验不限,7月25日,zhilian,职位描述 可转正 实习证明 图像标注 语音标注 音频标注 视频标注 文本标注 人工智能 OCC数据标注师火热招人｜零基础可做！稳定高薪！轻松上岗！不打卡！ 弹性工时、做完每天工作任务随时可下班、不受时间限制、不用跑腿、不用销售、不用熬夜、不用经验 AI数据标注刚需岗位，OCC业务长期稳定接单，缺口大、入职快！ 工作内容：图片、文本、语音、视频数据标注、分类、校验，简单电脑操作 任职要求：会基础电脑操作，细心踏实即可 薪资福利：底薪+提成+奖金，5000-9000/月。 工作环境：写字楼、氛围轻松、无内卷、晋升透明、宿舍、食堂 适合应届生、实习生、转行小伙伴、宝妈、想找稳定轻松工作的你！ 名额有限，招满即止，有意直接滴滴！ 工作地点 烟台市-福山区-北京南路8号 以担保或任何理由索要财物，扣押证照，均涉嫌违法。一经发现， 立即举报,"图像标注,语音标注,音频标注,视频标注,文本标注",http://www.zhaopin.com/jobdetail/CCL1300920120J40948356108.htm?refcode=4019&srccode=401901&preactionid=40b1d3e5-eef8-4930-8d7c-1818821863d7
数据标注员,乐陵市千益食品有限公司,7000-9000元,德州·乐陵市·杨安镇,Guangzhou,大专,经验不限,7月25日,zhilian,职位描述 图像标注 文本标注 食品行业数据处理 标注质量把控 标注流程优化 工作职责 1. 负责食品行业相关图像、文本或结构化数据的标注工作，严格遵循标注规则与质量标准。 2. 对标注数据进行自查与互查，确保数据的准确性、一致性与完整性。 3. 协助优化标注流程与规则，反馈标注过程中遇到的问题并提出改进建议。 4. 完成上级交办的其他数据处理相关任务。 任职要求 1. 大专及以上学历，计算机、数据科学或食品相关专业优先。 2. 具备良好的逻辑思维能力与细节把控能力，能快速理解并执行标注规则。 3. 熟悉常用办公软件，有数据标注、数据处理或AI训练数据相关经验者优先。 4. 具备较强的责任心与耐心，能适应重复性工作并保证标注质量。 工作地点 溢香大道山东省德州市乐陵市杨安镇溢香大道55号 以担保或任何理由索要财物，扣押证照，均涉嫌违法。一经发现， 立即举报,"图像标注,文本标注,食品行业数据处理,标注质量把控,标注流程优化",http://www.zhaopin.com/jobdetail/CCL1526777730J40876872009.htm?refcode=4019&srccode=401901&preactionid=40b1d3e5-eef8-4930-8d7c-1818821863d7
AI数据标注,宇慧云数智科技(长春)有限公司,3000-6000元,长春·明珠,Guangzhou,学历不限,经验不限,7月25日,zhilian,岗位职责 1. 数据标注与处理 — 使用标注工具，对图片、语音、文本、视频等原始数据进行标注、分类、整理和清洗（如：框出图片中车辆行人、转录语音为文字、文本情感分类等） 2. 质量把控 — 严格按照项目规范和标准流程完成任务，确保标注数据的准确性和合格率 3. 问题反馈 — 标注过程中发现数据问题或标准不清晰时，及时向项目负责人反馈 4. 效率提升 — 按时达成每日/每周标注产量指标 5. 自我学习 — 不断学习新的项目规则，适应不同种类的标注任务 任职要求 基础门槛 • 学历不限大专以上优先，零基础可入职（计算机/信息技术/设计类专业优先，能力突出或有经验者可放宽）应届毕业生优先，接受宝妈，实习生等，只要你想干就有机会。 • 熟练使用电脑，掌握基础办公软件操作即可 能力素质 • 耐心细心 — 标注工作重复性强，需坐得住、认真对待每一条数据 • 学习理解 — 能快速理解不同标注规则（拉框、描点、转写等），准确应用到实际工作 • 观察力 — 对细节敏感，能快速发现数据中的异常和细微差别 • 执行力 — 良好的时间管理，按时按质按量完成任务 • 团队合作 — 愿意与团队成员沟通协作，共同解决标注中遇到的问题 薪资构成 责任底薪 2500元/月（只要按照要求做，非常轻松完成，如完成不了安实际完成量发放工资） 满勤奖 200元/月（完成任务前提下） 绩效提成 完成责任底薪奖金加倍，多做多得 到手参考： 基础水平月入3500+ / 熟练后4000+ / 高产5000+/自愿加班6000+ 不欺骗，不隐瞒，实事求是，按时发放工资，绝不拖欠工资 工作时间 周一至周六 8:30-17:30，周日休息，合理排班 福利保障 • ✅ 零基础带薪岗前培训，专人带教 • ✅ 试用期3个月，3个月后重新评定工资，只多不少。 • ✅ 正常缴纳社保 • ✅ 提成上不封顶，多劳多得 • ✅ 不强制加班，自愿加班提供餐补 • ✅ 免费下午茶，小零食 • ✅ 定期团建，聚餐 • ✅ 人性化管理，公司氛围好，环境佳。 晋升通道 AI数据标注工程师 → 数据组组长 → 项目经理 工作地点 长春市南关区蔚山路与幸福街交汇绿地中央广场B10A座23楼2360室 楼下10余趟公交可直达长春市各区，地铁1号线，3号线，6号线均在周围1.5公里范围内，交通方便 饮食方便，楼下各种小吃及服务业发达，生活工作及其便利 工作地点 长春市-南关区-绿地中央广场 以担保或任何理由索要财物，扣押证照，均涉嫌违法。一经发现， 立即举报,"图像标注,语音标注,音频标注,文本标注,视频标注",http://www.zhaopin.com/jobdetail/CCL1524956460J40911051912.htm?refcode=4019&srccode=401901&preactionid=40b1d3e5-eef8-4930-8d7c-1818821863d7
滴滴平台数据标注 购买社保,广东鸿联九五信息产业有限公司成都分公司,4000-6000元,南宁·良庆·良庆镇,Guangzhou,大专,经验不限,7月25日,zhilian,岗位职责：负责APP平台视频、音频审核，确保内容安全、健康、合法、合规。不用打电话！不用打电话！不用打电话！！ 二、9:00-18:00 不加班 法定三倍薪资 三、福利待遇： 1、缴纳社保，综合收入4-5k； 2、提供住宿，有空调洗衣机烘干机等； 3、公司是17层独栋写字楼办公，食堂、健身房、中央空调等配套设施齐全； 4、零食下午茶、社团活动、各种丰富团建活动。 工作地点 南宁市-良庆区-广西南宁市良庆区良庆镇荣华五象智富8栋 以担保或任何理由索要财物，扣押证照，均涉嫌违法。一经发现， 立即举报,产业互联网平台,http://www.zhaopin.com/jobdetail/CC491716730J40984942504.htm?refcode=4019&srccode=401901&preactionid=40b1d3e5-eef8-4930-8d7c-1818821863d7
数据标注/AI训练师,平顶山屹智数字科技有限公司,2000-4000元,平顶山·遵化店镇,Guangzhou,学历不限,经验不限,7月23日,zhilian,职位描述 图像标注 视频标注 岗位内容： 1. 根据需求，负责数据标注、分类、翻译等工作； 2. 负责撰写和维护标注规范文档； 3. 协调数据收集，监督数据质量。 4. 与团队成员协同配合，确保项目进展顺利。 任职要求： 1. 熟练掌握多国语言（英语、中文、日语等）； 2. 熟悉或了解机器学习或计算机视觉相关知识； 3. 具备耐心和细致的工作态度，并能承受工作压力； 4. 具备较强的沟通协调能力和团队合作精神。 工作地点 平顶山市叶县黄河路与创业大道交叉路口往东南约280米 以担保或任何理由索要财物，扣押证照，均涉嫌违法。一经发现， 立即举报,"图像标注,视频标注",http://www.zhaopin.com/jobdetail/CCL1522778960J40851638010.htm?refcode=4019&srccode=401901&preactionid=40b1d3e5-eef8-4930-8d7c-1818821863d7
数据标注专员,聊城聊维数据科技有限公司,4000-7000元,聊城·东昌府区·湖西街道,Guangzhou,学历不限,经验不限,7月25日,zhilian,岗位职责： 负责 AI 人工智能相关数据的标注工作，涵盖数据清洗、分类、标注等核心内容，严格按照标注规范完成工作任务，为算法模型训练提供高质量、标准化的数据支持；遵循公司工作流程，配合团队完成数据标注质量审核与进度跟进。无需相关工作经验，公司提供全程带薪专业培训！ 任职要求： 1.身体健康，无不良从业记录； 2.工作认真细心，有较强责任心，能够适应重复性工作内容； 3.具备良好的学习能力、团队合作精神； 4.服从公司工作安排，积极配合团队完成工作目标。 工作时间： ·工作日：上午 9:00 - 12：00，下午 13:30 - 18:30 ·午休：11:50 - 13:20（1.5 小时，充足休息） ·月休：4 天，休息时间可根据个人情况自行协调安排，工作生活灵活平衡 薪酬福利： （一）双重薪酬模式，多劳多得上不封顶 1.全职薪资模式：底薪 + 绩效提成，综合收入 5000+元/月，能力越高收入越高； 2.代理合作模式：承包工作量性质，多劳多得，综合收入6000元+/月起，上不封顶。 （二）优质住宿环境 公司配备专属员工公寓，全方位保障住宿舒适度： ·房型：4-6 人间，居住氛围轻松； ·设施：房间标配地暖、空调、热水器、独立卫浴，生活便利； ·床铺：2.4 米大床上下铺结构，提升休息体验。 （三）其他福利 1.带薪培训：无经验可学，专业讲师全程指导，快速掌握岗位技能； 2.灵活工作：休息时间自主协调，兼顾学习 / 生活与工作； 3.团队氛围：年轻化团队，工作氛围轻松融洽，定期组织团队活动； 4.职业发展：清晰的晋升路径，从标注师到标注组长、质检专员、项目主管，为应届生 / 实习生提供稳定的职业成长平台。 应聘须知： 面试流程简单，现场沟通适配后即可安排入职培训，快速上岗； 实习期间表现优异者，可直接转为正式员工，享受更完善的薪酬福利体系。 工作地点 聊城市-东昌府区-湖西街道东昌府区郁光小学东南217米 以担保或任何理由索要财物，扣押证照，均涉嫌违法。一经发现， 立即举报,"图像标注,视频标注,音频标注,文本标注",http://www.zhaopin.com/jobdetail/CCL1516847250J40956298715.htm?refcode=4019&srccode=401901&preactionid=40b1d3e5-eef8-4930-8d7c-1818821863d7
影视数据标注,外企德科,8000-12000元,贵阳·观山湖,Guangzhou,本科,经验不限,7月26日,zhilian,岗位职责 1. 学习专业视频内容描述及标注规范，参加为期5天的项⽬培训，并按要求完成每⽇学习任务。 2. 熟悉并掌握项⽬处理流程、标注标准及质量要求，按时完成阶段性考核与测试。 3. 通过培训测试及试标考核后，正式参与平台视频内容标注⼯作。 4. 对视频内容进⾏理解、分析与准确描述，从镜头语⾔、画⾯构图、⼈物动作、场景信息及声⾳质感等维度完成相关标注任务。 5. 根据项⽬规范准确使⽤分镜、景别、镜头运动、时间戳等影视专业术语，确保标注内容完整、规范且准确。 6. 按要求完成标注内容的检查与修改，及时反馈作业过程中发现的问题，持续提升⼯作质量与效率。 工作地点 观山湖区贵阳高科中环信息技术有限公司⾼科⼀号A栋18层 以担保或任何理由索要财物，扣押证照，均涉嫌违法。一经发现， 立即举报,视频标注,http://www.zhaopin.com/jobdetail/CC138117190J40883411905.htm?refcode=4019&srccode=401901&preactionid=40b1d3e5-eef8-4930-8d7c-1818821863d7
数据标注,山西欣龙贸易发展有限公司,3000-6000元,太原·郝庄,Guangzhou,学历不限,经验不限,7月25日,zhilian,岗位职责 1、负责AI人工智能数据标注工作，包括计算机视觉2D/3D框选、语义分割、图像分类、目标跟踪等基础标注任务； 2、负责文本、语音数据的整理、筛查、分类、转写及校对工作，完成数据清洗、脱敏、结构化处理； 3、严格按照项目质控标准完成作业，修正标注误差，保障数据精准度，满足AI模型训练标准； 任职要求 1、学历不限、经验不限，零基础可带薪培训上岗； 2、熟练电脑基础操作，视力良好、细心耐心，具备基本的理解能力和执行力； 3、工作认真负责，服从团队管理，能稳定坐班、长期从业者优先； 4、无需专业技术，不限专业，应届生、转行求职、待业人员均可。 岗位优势：室内坐班、轻松不累、无体力劳作、无销售业绩压力，纯文职办公，环境干净舒适，非常适合长期稳定就业，月均工资3500-5000。 工作地点 太原市-迎泽区-朝阳街北一巷金色阳光幼儿园西南侧约40米 以担保或任何理由索要财物，扣押证照，均涉嫌违法。一经发现， 立即举报,"图像标注,语音标注,音频标注,视频标注,文本标注",http://www.zhaopin.com/jobdetail/CCL1525441170J40857868001.htm?refcode=4019&srccode=401901&preactionid=40b1d3e5-eef8-4930-8d7c-1818821863d7
数据标注+周末休,银雁科技服务集团,3000-4000元,贵阳·白云·麦架,Guangzhou,大专,经验不限,7月23日,zhilian,岗位职责】 1. 语义分割标注（逐点“涂色”）：用3D画笔工具刷选点云，给每一个点打上类别标签； 2. 实例分割标注（精确“选边”）； 3. 简单质检自查，返工少、规则成熟、流程标准化。 【任职要求】 1. 做过标注、3D点云、2D拉框、自动驾驶项目、高精地图项目熟手优先； 2. 细心耐心、能坐得住、服从质检标准； 3. 上手快、能适应标准化产能考核，新手可带教； 【薪资待遇】 底薪2000＋200全勤＋项目作业提成，按实际产生核算＋周度奖励，综合薪资4-5 【工作时间】9：00-18:00（午休2小时） ，休息周固定周日休，法定休 工作地点 白云区贵州电子信息职业技术学院(贵阳校区)1 以担保或任何理由索要财物，扣押证照，均涉嫌违法。一经发现， 立即举报,"图像标注,音频标注,视频标注,文本标注,3D框映射相机2D画面,人工微调校正2D边框,智能驾驶23D融合标注项目",http://www.zhaopin.com/jobdetail/CC853113380J40874803809.htm?refcode=4019&srccode=401901&preactionid=40b1d3e5-eef8-4930-8d7c-1818821863d7
AI数据标注,博奥数智(四川)科技有限公司,3000-6000元,南充·高坪区·白塔街道,Guangzhou,学历不限,经验不限,7月24日,zhilian,职位描述 图像标注 视频标注 文本标注 语音标注 音频标注 岗位内容： 1. 根据项目需求，负责数据标注、分类、标签制作等工作； 2. 维护数据标注质量并改进标注流程； 3. 及时响应客户需求，满足客户标注要求。 任职要求： 1. 具备基本电脑操作技能以及网络资源的查找和使用能力； 2. 具备良好的文字表达能力和沟通协调能力； 3. 对细节敏感，具备较强的责任心和工作意识； 4. 具备耐心细致的工作态度和团队合作精神。 工作地点 四川省南充市高坪区白塔街道青松路444 以担保或任何理由索要财物，扣押证照，均涉嫌违法。一经发现， 立即举报,"图像标注,视频标注,文本标注,语音标注,音频标注",http://www.zhaopin.com/jobdetail/CCL1525639840J40864401907.htm?refcode=4019&srccode=401901&preactionid=40b1d3e5-eef8-4930-8d7c-1818821863d7
数据标注员,衡水云晨喆科技有限公司,2000-4000元,衡水·桃城区·路北街道,Guangzhou,学历不限,1年以下,7月24日,zhilian,岗位职责： 根据项目要求，对激光雷达23D点云、车辆行人道路障碍物标注拉框； 核对标注内容，简单自查，配合质检修改不合格数据； 遵守项目工期，按时完成每日标注任务。 任职要求： 会基础电脑操作，打字流畅，有无经验均可，实习期三天； 细心耐心，坐得住，服从组长安排；无经验也可。 福利待遇： ✅ 免费岗前系统培训，老员工一对一带教 ✅ 室内办公，空调全天开放，无需外出跑业务 ✅ 园区停车场、停车方便，可长期稳定就业 工作时间：8:00–18:00，午休2小时，不熬夜 工作地点 衡水市-桃城区-大庆东路27号10号楼206室 以担保或任何理由索要财物，扣押证照，均涉嫌违法。一经发现， 立即举报,"大数据,人工智能,云计算",http://www.zhaopin.com/jobdetail/CCL1525846000J40785128806.htm?refcode=4019&srccode=401901&preactionid=40b1d3e5-eef8-4930-8d7c-1818821863d7
数据标注,贵州嘉珩信息科技有限公司,3000-5000元,贵阳,Guangzhou,大专,经验不限,7月25日,zhilian,岗位职责: 1. 根据项目标准对文本、图像、音频、视频等数据进行分类、标记和注释，确保标注结果准确清晰； 2. 对各类原始数据进行结构化处理，完成标签填写、边界框标注、语义分割等相关任务； 3. 按照准确率和一致性要求完成标注工作，配合质检反馈进行修正与优化； 4. 参与标注规范培训及考核，通过后进入正式任务分配； 5. 稳定参与项目周期，遵守工作纪律与进度安排。 任职要求： 1. 具备良好的信息理解能力，能准确理解标注规则并执行； 2. 工作细致耐心，有较强的责任心和专注力，能长期稳定投入重复性工作； 3. 熟练使用计算机操作，适应数字化办公工具与协作平台； 4. 具备基础的数据敏感度，能够识别异常或模糊样本并及时反馈； 5. 有数据标注、内容审核或相关AI训练项目经验者优先。 工作地点 贵州省贵阳市观山湖区高新技术开发区铜仁路贵州省大学生创业园一号楼203 以担保或任何理由索要财物，扣押证照，均涉嫌违法。一经发现， 立即举报,"图像标注,语音标注,文本标注",http://www.zhaopin.com/jobdetail/CCL1522020010J41022477004.htm?refcode=4019&srccode=401901&preactionid=bf311e36-b82e-44f0-a509-b1b1db64c97e
AI数据标注（可小白+高薪）,河南省中恒实业集团有限公司,4000-8000元,郑州·上街·峡窝,Guangzhou,学历不限,经验不限,7月25日,zhilian,岗位职责： 入职头部 AI 合作企业，对接字节、蔚来、小米、百度、科大讯飞等自动驾驶项目，负责路面人车、障碍物标注，亲身参与无人驾驶、自动泊车算法研发，紧跟人工智能前沿赛道。 任职要求： 基础电脑操作即可，零基础带薪培训，小白无忧入职，有标注经验优先录取；熟手可放宽年龄限制； 工作细致耐心、责任心强、学习接收快。 薪资待遇： 转正实行项目计件、多劳多得。 公司完善 L1-L7 七级透明晋升体系，凭能力定级，综合月薪4000-10000 元，薪资上不封顶。 工作地点 郑州上街区金裕中心 以担保或任何理由索要财物，扣押证照，均涉嫌违法。一经发现， 立即举报,"图像标注,文本标注",http://www.zhaopin.com/jobdetail/CCL1413835680J40854214711.htm?refcode=4019&srccode=401901&preactionid=bf311e36-b82e-44f0-a509-b1b1db64c97e
数据标注员,山西省君一数字科技有限公司,3000-4000元,阳泉·城区·下站街道,Guangzhou,大专,1年以下,7月22日,zhilian,岗位职责： 1.负责数据的整理与标注工作，确保数据准确性与规范性； 2.根据项目需求执行不同类型的数据标注任务； 3. 参与制定和维护数据标注标准与操作流程； 4. 配合团队完成数据标注进度管理与质量检查； 5. 协助优化数据标注工具和工作方法，提升效率。 任职要求： 1.具备良好的细致度和责任心，能保证数据处理的准确性； 2.具有较强的学习能力，能快速掌握各类标注规则； 3.具备基础的数据处理能力，能熟练使用办公软件； 4. 具备良好的沟通能力和团队协作意识； 5. 能适应重复性较高但对质量要求严格的工作任务。 工作地点 山西省阳泉市城区泉中路68号富百家三层 以担保或任何理由索要财物，扣押证照，均涉嫌违法。一经发现， 立即举报,"图像标注,数据整理,土木专业优先",http://www.zhaopin.com/jobdetail/CCL1526236690J40919337312.htm?refcode=4019&srccode=401901&preactionid=bf311e36-b82e-44f0-a509-b1b1db64c97e
人工智能数据标注员,大元建业集团股份有限公司,3000-5000元,沧州·运河区·小王庄镇,Guangzhou,本科,1-3年,7月25日,zhilian,"职位描述 文本标注 视频标注 音频标注 语音标注 图像标注 1.数据标注、文本标注、描点标注、区域标注、标框标注、图片标注等。 2.参与数据标注工作，包括但不限于图像、文本等多类型数据的标注任务;2、根据项目需求，准确理解和执行数据标注规则,保证标注质量。 3.电脑操作熟练，愿意接受挑战和新事物; 4.对人工智能和数据产业有兴趣; 5.有一定抗压能力，能接受加班和计件工资。 工作地点 沧州市运河区解放西路辅道华商国际大厦东侧约50米15楼 以担保或任何理由索要财物，扣押证照，均涉嫌违法。一经发现， 立即举报","文本标注,视频标注,音频标注,语音标注,图像标注",http://www.zhaopin.com/jobdetail/CC557729720J40866895701.htm?refcode=4019&srccode=401901&preactionid=bf311e36-b82e-44f0-a509-b1b1db64c97e
数据标注员,深圳市腾德源电子科技有限公司,9000-10000元,深圳·南山·西丽,Guangzhou,大专,经验不限,7月25日,zhilian,职位描述 人工智能 我们正在寻找一位专业数据标注师，负责为机器学习模型提供高质量的训练数据。 工作内容： 包括数据分类、标注、校验和整理等。 岗位要求： 1. 大专及以上学历，计算机或相关专业优先； 2. 熟悉数据标注工具和流程； 3. 良好的数据敏感度和分析能力； 4. 细心、耐心，有团队精神； 5. 有数据标注或相关领域工作经验者优先。 工作地点 深圳市-南山区-朗山路15号B座 以担保或任何理由索要财物，扣押证照，均涉嫌违法。一经发现， 立即举报,人工智能,http://www.zhaopin.com/jobdetail/CCL1525680530J40826084816.htm?refcode=4019&srccode=401901&preactionid=bf311e36-b82e-44f0-a509-b1b1db64c97e
数据标注/AI训练师-双休不加班-五险一金,上海仁联企业服务(集团)有限公司,6000-8000元·13薪,南京·建邺·沙洲,Guangzhou,本科,经验不限,7月26日,zhilian,岗位职责: 1.参与大模型算法的设计、开发与优化工作; 2.负责模型训练、调优及在实际业务场景中的应用落 地; 3.跟进大模型领域前沿技术，持续提升算法性能与效果; 4.与团队协作完成算法相关文档撰写和技术分享。 任职要求: 1.计算机、电子信息、网络技术等相关专业优先; 2.有无经验均可，应届生、零基础可培养; 3.学习能力强，责任心强，具备良好的团队意识; 4.能熟练使用电脑，对互联网技术有兴趣。 5，艺术生也可也投递【英语，美学，音乐】 薪资福利: 底薪+绩效+奖金，综合收入可观;节日福利、带薪年假;完善培训体系，清晰晋升通道;办公环境舒适，团队氛围轻松简单 工作地点 建邺区南京小网科技有限责任公司1 以担保或任何理由索要财物，扣押证照，均涉嫌违法。一经发现， 立即举报,"周末双休,不加班",http://www.zhaopin.com/jobdetail/CC641703630J40846823807.htm?refcode=4019&srccode=401901&preactionid=bf311e36-b82e-44f0-a509-b1b1db64c97e
数据标注-五险一金-朝八晚五-带薪培新-5000+,泰盈科技集团股份有限公司,4000-7000元,泰安·宁阳县·文庙街道,Guangzhou,学历不限,经验不限,7月25日,zhilian,岗位职责： 岗位职责：进行售后信息录入工作 工作地点 泰安宁阳县新时代商厦(宁阳店) 以担保或任何理由索要财物，扣押证照，均涉嫌违法。一经发现， 立即举报 公司信息 泰盈科技集团股份有限公司 D轮及以上 · 10000人以上 · 软件/IT服务、产业互联网平台 已审核 919 个在招职位 公司介绍 泰盈科技集团（行业内首家纳斯达克上市企业，代码：CCRC）创始于2007年，是以大数据、人工智能为基础，通过流程再造、要素创新、组织变革、效能提升，为电商、金融、工业互联网、出行、消费品、互联网新媒体、AI人工智能等行业提供客户服务、客户关怀、人工智能训练、内容审核等数字中后台服务。集团在全国19个省，30多个城市设立业务基地，员工数万人，服务各行业头部企业300余家，是数字中后台产业的领军者企业。 核心价值观：创外包之泰，享服务之盈； 愿景：做全球数字中后台产业领军者。 工商信息 企业名称 泰盈科技集团股份有限公司 企业类型 股份有限公司（非上市、自然人投资或控股） 法人代表 王志利 经营状态 存续 成立时间 2007-12-18 注册资本 1.99亿元 查看全部信息 认证资质 营业执照信息,"图像标注,语音标注,音频标注",http://www.zhaopin.com/jobdetail/CC292011210J40864572011.htm?refcode=4019&srccode=401901&preactionid=bf311e36-b82e-44f0-a509-b1b1db64c97e
【底薪8k起】数据标注员/入职五险一金,河北鑫沐无忧网络科技有限公司,8000-12000元·13薪,深圳·福田·福田街道,Guangzhou,大专,经验不限,7月26日,zhilian,职位描述 文本标注 图像标注 视频标注 数据审核 数据安全合规 标注流程优化 任职要求 1. 大专及以上学历，专业不限，有数据标注、内容审核相关经验者优先。 2. 具备较强的逻辑思维与细节把控能力，能快速理解并执行标注规则。 3. 熟练使用电脑办公软件，打字速度较快，能适应一定强度的重复性工作。 4. 工作态度认真负责，有良好的沟通能力与团队协作精神。 补充说明 1. 薪资范围：底薪8k起 2. 薪酬福利：入职五险一金 工作地点 深圳福田区平安金融中心十楼整层 以担保或任何理由索要财物，扣押证照，均涉嫌违法。一经发现， 立即举报,"文本标注,图像标注,视频标注,数据审核,数据安全合规,标注流程优化",http://www.zhaopin.com/jobdetail/CCL1524002710J41003690702.htm?refcode=4019&srccode=401901&preactionid=bf311e36-b82e-44f0-a509-b1b1db64c97e
数据标注师（24/25/26届专科/本科生）,河北大煜时代智能科技有限公司,4000-8000元,石家庄·新华·合作路,Guangzhou,大专,经验不限,7月26日,zhilian,职位描述 图像标注 语音标注 音频标注 视频标注 文本标注 人工智能 云计算 1.执行数据收集与整理，确保数据质量和结构符合要求。 2.根据项目需求，进行数据的分析、标注和处理。 3.与团队成员紧密结合，确保数据处理流程的顺畅进行。 4.及时识别并处理数据过程中出现的任何问题。 工作地点 石家庄新华区圣仑大厦 以担保或任何理由索要财物，扣押证照，均涉嫌违法。一经发现， 立即举报,"图像标注,语音标注,音频标注,视频标注,文本标注",http://www.zhaopin.com/jobdetail/CC580076120J40894340612.htm?refcode=4019&srccode=401901&preactionid=bf311e36-b82e-44f0-a509-b1b1db64c97e
3d数据标注,河南星禾大数据有限公司,3000-5000元,濮阳·华龙区·长庆路街道,Guangzhou,学历不限,经验不限,7月24日,zhilian,职位描述 图像标注 人工智能 云计算 产业互联网平台 计算机软件 岗位内容： 1. 根据项目需求，负责无人驾驶数据标注、拉框； 任职要求： 1. 具备基本电脑操作技能以使用能力； 2. 具备细节敏感，具备较强的责任心和工作意识； 4. 具备耐心细致的工作态度和团队合作精神。 工作地点 濮阳华龙区华阳国际停车场原长庆办二楼 以担保或任何理由索要财物，扣押证照，均涉嫌违法。一经发现， 立即举报,图像标注,http://www.zhaopin.com/jobdetail/CCL1462913650J40784170401.htm?refcode=4019&srccode=401901&preactionid=bf311e36-b82e-44f0-a509-b1b1db64c97e
ai数据标注,徐州科途教育科技有限公司,4000-8000元,徐州·云龙区·大龙湖街道,Guangzhou,大专,经验不限,7月25日,zhilian,职位描述 图像标注 语音标注 音频标注 视频标注 文本标注 人工智能 云计算 产业互联网平台 岗位内容： 1. 根据项目需求，负责数据标注、分类、标签制作等工作； 2. 维护数据标注质量并改进标注流程； 3. 及时响应客户需求，满足客户标注要求。 任职要求： 1. 具备基本电脑操作技能以及网络资源的查找和使用能力； 2. 具备良好的文字表达能力和沟通协调能力； 3. 对细节敏感，具备较强的责任心和工作意识； 4. 具备耐心细致的工作态度和团队合作精神。 工作地点 徐州市-云龙区-富春路中维月桥花院西北侧约40米17楼 以担保或任何理由索要财物，扣押证照，均涉嫌违法。一经发现， 立即举报,"图像标注,语音标注,音频标注,视频标注,文本标注",http://www.zhaopin.com/jobdetail/CCL1526047790J40955480715.htm?refcode=4019&srccode=401901&preactionid=bf311e36-b82e-44f0-a509-b1b1db64c97e
数据标注员（兼职）,青岛观衡数据科技有限公司,50-100元/时,青岛·李沧·九水,Guangzhou,高中,经验不限,7月13日,zhilian,岗位职责 1.根据项目标注规则和要求，使用专业标注工具完成图像/视频类、文本类、语音类、3D点云类等各类别项目标注任务； 2.按照规范对标注结果进行自查与纠错，配合质检员修正数据，确保交付准确率； 3.遇到标注规则模糊、原始数据异常或工具故障等问题，及时向项目负责人反馈，协助优化标注规则； 4.服从项目安排，按时提交标注成果，每日同步工作量，确保交付进度。 三、任职要求 1.高中/中专及以上学历。 2.熟悉电脑基本操作，会使用Office办公软件；有数据标注经验者优先。 3.工作细心、耐心，有责任心，能承受重复性工作，具备较强的专注力；学习能力强，能快速掌握新项目标注规则。 4.自备电脑及稳定的网络环境（如需居家办公的项目适用）。 四、工作时间 1.每日最低有效作业时长不少于4小时；每周最少出勤5天。 2.工作时间灵活，可在规定时间内自由安排（接受夜间及周末作业）。 五、薪资待遇 1.薪资模式：计件工资，多劳多得，上不封顶。 2.结算周期：每月固定日期结算上月标注报酬。 3.标注数据需经审核确认合格后计酬，审核不通过的标注不予计费。 六、培训机制 公司提供免费岗前培训，通常1-2天即可掌握基本操作并上岗。培训内容包括标注规则讲解、工具使用演示及实操练习，培训测试通过后即可承接正式任务。 七、报名方式 1.报名时间：长期有效，招满即止。 2.报名方式：请将个人简历及联系方式发送至指定邮箱（邮件标题请备注“数据标注兼职+姓名+联系电话”）。 八、注意事项 1.公司每日有规定的任务量和合格率要求，连续三天不达标者将予以淘汰。 2.求职者需对提交的个人信息真实性负责。 工作地点 青岛李沧区智慧大厦 以担保或任何理由索要财物，扣押证照，均涉嫌违法。一经发现， 立即举报,"图像标注,语音标注,音频标注,视频标注,文本标注,3D点云",http://www.zhaopin.com/jobdetail/CCL1526266830J40874142710.htm?refcode=4019&srccode=401901&preactionid=bf311e36-b82e-44f0-a509-b1b1db64c97e
数据标注,邢台奥智信息科技有限公司,3000-5000元,邢台·桥东街道,Guangzhou,学历不限,经验不限,7月24日,zhilian,职位描述 图像标注 点云 2D标注 3D标注 数据标注 标注 人工智能 云计算 职位描述： 1：员工详细工作就是对采集车采集的图片进行数据检查，负责已标注数据的质量检查工作，确保其符合预定的标准 。培训半天基本学会 岗位要求：学习能力强，对图像敏感者优先 2：有过2D.3D图像标注者优先 3：有数据标注经验者优先（不限标注的种类）。 工作环境及待遇及工作时间： 1：上班时间 夏天早8.30晚6:30 中午休息2个小时 冬天早8.30晚5.30 中午休息1个小时 休息： 周末单休 法定节假日休息（日历几天放几天） 2：空调全天开放，每人一个专属办公位置 3：无任何销售性质，社恐姐妹也不怕！ 4：综合薪资在3K—5K，新手提供保底 每月公司提供免费零食，打造团队氛围。 工作地点 邢台市沙河市 以担保或任何理由索要财物，扣押证照，均涉嫌违法。一经发现， 立即举报,"图像标注,点云,2D标注,3D标注",http://www.zhaopin.com/jobdetail/CCL1526607060J40956751415.htm?refcode=4019&srccode=401901&preactionid=bf311e36-b82e-44f0-a509-b1b1db64c97e
数据标注（兼职）,远睿企业管理咨询(深圳)有限公司,1000-2000元,昆明·盘龙·金辰,Guangzhou,大专,1-3年,7月25日,zhilian,职位描述 文本标注 银行 咨询服务 兼职一、线下兼职配合银行咨询收集信息。 兼职二、兼职，限有文本标注经验，数据分析经验！ 工作内容: 1.对已有文本进行理解和专业标签分类； 2.对项目上的各项工作给予高度配合； 3.能按时按量的完成工作指标。 任职要求: 1.专科及以上毕业2年，学信网可查； 2..对office办公软件使用有基础，对Excel运用熟练的优先。 工作时长：此兼职为阶段性工作，机会多，可长期合作。 薪资： 1.培训 2.培训合格后进入正式标注，按日累进计件制，月结；根据个人能力，多劳多得。 居家线上正式标注工作时间：08：30-18：00，打卡，双休 职位福利：多劳多得、上不封顶、长期合作、兼职机会多 工作地点 昆明盘龙区尚都国际F栋尚都国际F栋906 以担保或任何理由索要财物，扣押证照，均涉嫌违法。一经发现， 立即举报,文本标注,http://www.zhaopin.com/jobdetail/CCL1478315960J40701455211.htm?refcode=4019&srccode=401901&preactionid=bf311e36-b82e-44f0-a509-b1b1db64c97e
数据标注,山西同数科技有限公司,3000-5000元,大同·平城区·文瀛湖街道,Guangzhou,学历不限,经验不限,7月25日,zhilian,"职位描述 图像标注 视频标注 文本标注 人工智能 大数据 产业互联网平台 工业自动化/机器人 职位详情： 专注人工智能数据标注业务，纯室内文职办公，无需销售，外出或打电话。 上班时间：早九晚六，上六休一 薪资3000-5000不等(如有特殊情况另有补贴) 晋升空间：数据标注员-数据审核员-数据质检员-标注组长-标注主管-项目经理。 日常关怀：住房补(或宿舍)，下午茶，节日红包+生日会等 任职要求： 1，对电脑操作熟练，对2D,3D图像有一定的敏感度2，大专及以上学历，专业不限。 3，对人工智能行业和数据处理方向感兴趣 4，工作认真负责，细心，耐心，积极上进，服从安排 只要您有能力和才华，就能在公司实现职业晋升梦想，充分发挥个人潜力。 工作地点 平城区大同市晋来标注数据服务产业基地11层山西同数科技 以担保或任何理由索要财物，扣押证照，均涉嫌违法。一经发现， 立即举报","图像标注,视频标注,文本标注",http://www.zhaopin.com/jobdetail/CCL1511248050J40826722016.htm?refcode=4019&srccode=401901&preactionid=bf311e36-b82e-44f0-a509-b1b1db64c97e
AI数据标注/AI训练师,深圳市转凡成圣教育科技有限公司,6000-9000元·13薪,佛山·禅城·祖庙,Guangzhou,大专,1-3年,7月25日,zhilian,职位描述 图像标注 语音标注 文本标注 多模态数据标注 标注规则优化 标注质量把控 工作职责 1. 负责AI模型训练所需数据的标注工作，包括图像、文本、语音等多模态数据的分类、识别与标注。 2. 严格遵循标注规范与质量标准，确保标注数据的准确性与一致性，为模型训练提供可靠数据基础。 3. 参与标注规则的制定与优化，反馈标注过程中遇到的问题，协助提升标注效率与数据质量。 4. 配合算法团队完成模型训练数据的验证与迭代，助力AI模型性能提升。 任职要求 1. 大专及以上学历，计算机、数据科学、统计学等相关专业优先。 2. 具备数据标注或AI训练相关经验，熟悉常见标注工具（如LabelImg、LabelMe等）者优先。 3. 具备较强的逻辑思维能力与细节把控能力，能快速理解并执行复杂标注规则。 4. 学习能力强，能快速掌握新的标注任务与工具，适应不同类型的数据标注需求。 5. 具备良好的沟通能力与团队协作精神，能高效配合团队完成数据标注任务。 奖金绩效 年终奖 工作地点 佛山禅城区富荣大厦1号 以担保或任何理由索要财物，扣押证照，均涉嫌违法。一经发现， 立即举报,"图像标注,语音标注,文本标注,多模态数据标注,标注规则优化,标注质量把控",http://www.zhaopin.com/jobdetail/CCL1523522360J40982929202.htm?refcode=4019&srccode=401901&preactionid=bf311e36-b82e-44f0-a509-b1b1db64c97e
【双休+五险一金】数据标注员+十三薪+朝九晚五,河北亿之星文化传媒有限公司,8000-14000元·13薪,北京·平谷·滨河,Guangzhou,大专,经验不限,7月24日,zhilian,职位描述 图像标注 文本标注 视频标注 标注规则执行 数据质量复核 标注流程优化 任职要求 1. 大专及以上学历，专业不限，具备良好的学习能力与责任心。 2. 熟练使用电脑办公软件，打字速度快，能快速适应标准化的标注工具与流程。 3. 具备较强的耐心与细节把控能力，能严格遵守标注规则，保证任务按时交付。 补充说明 1. 薪酬福利：五险一金、十三薪 2. 工作时间：朝九晚五、双休 工作地点 北京平谷区信息大厦六楼整层 以担保或任何理由索要财物，扣押证照，均涉嫌违法。一经发现， 立即举报,"图像标注,文本标注,视频标注,标注规则执行,数据质量复核,标注流程优化",http://www.zhaopin.com/jobdetail/CCL1505065970J40876684209.htm?refcode=4019&srccode=401901&preactionid=bf311e36-b82e-44f0-a509-b1b1db64c97e
数据标注员,陆华数字科技(南昌)有限公司,4000-6000元,合肥·巢湖·卧牛山,Guangzhou,本科,经验不限,7月25日,zhilian,职位描述 语音标注 文本标注 岗位内容： 1. 根据项目需求，负责数据标注、分类、标签制作等工作； 2. 维护数据标注质量并改进标注流程； 3. 及时响应客户需求，满足客户标注要求。 任职要求： 1. 具备本科及以上学历； 2. 具备良好的文字表达能力和沟通协调能力； 3. 对细节敏感，具备较强的责任心和工作意识； 4. 具备耐心细致的工作态度和团队合作精神。 工作地点 合肥市-巢湖市-团结路与东塘路交叉口15 以担保或任何理由索要财物，扣押证照，均涉嫌违法。一经发现， 立即举报,"语音标注,文本标注",http://www.zhaopin.com/jobdetail/CCL1523366910J40791857006.htm?refcode=4019&srccode=401901&preactionid=bf311e36-b82e-44f0-a509-b1b1db64c97e
数据标注员,盘锦小时候商务有限公司,7000-8000元,盘锦·兴隆台区·兴盛街道,Guangzhou,中专/中技,经验不限,7月25日,zhilian,职位描述 文本标注 图像标注 数据校验 标注流程优化 多类型数据处理 工作职责： 1. 按照业务规范与标注规则，完成文本、图像等多类型数据的标注与分类工作。 2. 对标注数据进行自查与校验，确保数据的准确性与一致性。 3. 及时反馈标注过程中遇到的问题，协助优化标注流程与规则。 任职要求： 1. 中专及以上学历，专业不限，有数据标注经验者优先。 2. 具备良好的逻辑思维能力与细节把控力，能快速理解并执行标注任务。 3. 工作认真负责，耐心细致，能适应重复性工作。 工作地点 蓝色康桥(E区)-26号楼辽宁省盘锦市兴隆台区惠宾街道康惠社区蓝色康桥E区2#1单元907号 以担保或任何理由索要财物，扣押证照，均涉嫌违法。一经发现， 立即举报,"文本标注,图像标注,数据校验,标注流程优化,多类型数据处理",http://www.zhaopin.com/jobdetail/CCL1526777630J40876864509.htm?refcode=4019&srccode=401901&preactionid=431a7b4b-7e40-4ba1-a542-42afea1feb84
人工智能数据标注员,齐河县众创科技企业孵化器有限公司,3000-6000元,德州·齐河县·晏城街道,Guangzhou,大专,经验不限,7月23日,zhilian,"岗位职责 1.根据项目要求与标注规范，对文本、图像、语音、视频等数据进行标注、分类、标注修正，确保标注数据准确、规范 2.熟练使用标注工具，高效完成标注任务，保证标注效率和质量。 3.及时反馈标注过程中遇到的问题，配合质检、项目经理优化标注流程。 4.遵守公司数据安全与保密规定，妥善处理标注数据，杜绝数据泄露。 5.完成上级安排的其他数据处理相关工作。 任职要求： 1.大专以上学历，专业不限。 2.具备基本的计算机操作能力，打字速度快，能快速上手标注工具。 3.工作认真负责，耐心细致，有较强的学习能力与执行力，能使用重复性工作。 4.了解基础的数据标注知识，对AI、大数据行业感兴趣者优先。 欢迎应届毕业生应聘，（优秀者后期定向培养） 工作时间：8:30-12:00,14:00-18:00，五险+绩效奖金+全勤奖+节日福利。 工作地点 德州齐河县档案馆 以担保或任何理由索要财物，扣押证照，均涉嫌违法。一经发现， 立即举报","图像标注,视频标注,语音标注,音频标注",http://www.zhaopin.com/jobdetail/CCL1279149650J40892780213.htm?refcode=4019&srccode=401901&preactionid=431a7b4b-7e40-4ba1-a542-42afea1feb84
数据标注员,陕西鸿旭萌网络传媒有限公司,8000-12000元,宝鸡·陇县·东南镇,Guangzhou,高中,经验不限,7月25日,zhilian,职位描述 图像标注 视频标注 文本标注 标注流程优化 标注数据校验 标注质量管控 工作职责 1. 按照项目标注规则，完成文本、图像或视频等数据的分类、打标与审核工作。 2. 协助优化标注流程与规则，及时反馈标注过程中遇到的问题，提升标注效率与质量。 3. 对标注数据进行初步校验，确保数据的准确性与一致性，满足算法训练需求。 任职要求 1. 高中及以上学历，具备良好的逻辑思维与学习能力。 2. 能够熟练使用电脑及基础办公软件，打字速度较快。 3. 工作细致耐心，责任心强，能严格遵守标注规范与项目要求。 4. 有数据标注、内容审核或相关行业经验者优先。 工作地点 东南镇菜园村广场陕西省宝鸡市陇县东南镇菜园关山大妈一号厂二楼233室 以担保或任何理由索要财物，扣押证照，均涉嫌违法。一经发现， 立即举报,"图像标注,视频标注,文本标注,标注流程优化,标注数据校验,标注质量管控",http://www.zhaopin.com/jobdetail/CCL1430429990J40898178913.htm?refcode=4019&srccode=401901&preactionid=431a7b4b-7e40-4ba1-a542-42afea1feb84
大学城数据标注实习岗位（至少一个月提供实习证明）,重庆外企德科人力资源服务有限公司,100-110元/天,伊犁·巩留县·巩留镇,Guangzhou,大专,经验不限,7月24日,zhilian,"岗位职责， 优秀可以转全职 1负责对图像进行标注，在系统上将图片中的目标物体按要求标定出来； 2.负责图像标注工作的进度跟踪，完成情况数据统计； 3.负责图像标注成果物的整理、提交; 4.完成上级交办的其他工作； 任职要求： 1大专及以上学历; 2.工作踏实认真，能接受电脑重复性工作，有耐心，细心，责任心。 工作地点：重庆核数汇信息科技有限公司（高新区金凤软件园E2-B2幢7层）（大学城轻轨站步行10分钟） 1、上班时间：9:00-12:00,13：00-18:00，单休周末 2、薪资:每日10号发薪(举例4月10日发3月薪资) 工作地点 伊犁巩留县九城商贸中心——瑞幸咖啡九成商贸中心店 以担保或任何理由索要财物，扣押证照，均涉嫌违法。一经发现， 立即举报 客户","图像标注,文本标注",http://www.zhaopin.com/jobdetail/CC507822720J40877522714.htm?refcode=4019&srccode=401901&preactionid=431a7b4b-7e40-4ba1-a542-42afea1feb84
AI数据标注/AI训练师,海南省数标客科技有限责任公司,100-150元/天,海口·美兰·演丰,Guangzhou,大专,经验不限,7月23日,zhilian,岗位职责 负责图像、文本、语音等多类型 AI 训练数据的标注、分类、审核及校验工作； 严格遵循标注规范与项目要求，保障数据标注的准确性、完整性与及时性； 配合团队完成数据问题反馈、流程优化及质检复盘工作，助力提升项目交付效率。 任职要求 2026 届应届毕业生，理工类专业优先（计算机、数学、自动化、电子信息等相关专业尤佳）； 可全职投入工作，承诺最少服务满 3 个月； 具备较强的耐心、责任心与细节把控能力，能高效完成重复性工作； 对人工智能行业抱有兴趣，愿意主动学习数据标注相关知识与技能。 薪资待遇 薪资结构：2000 元有责底薪 + 绩效提成，综合薪资稳定可达 2500 元 / 月； 办公环境：5A 级写字楼办公，宽敞明亮，配套设施完善； 福利保障 生活便利：自有食堂解决用餐烦恼，通勤车接送减少出行成本； 日常关怀：每日下午茶补给能量，每月茶话会畅聊工作生活； 健康守护：年度健康体检 + 正规保险配置，为职场生活保驾护航； 成长赋能：定期行业分享会，直击 AI 前沿动态，拓宽职业视野。 投递须知 投递简历时请备注「2026 届应届生 + 可入职时间」； 入职即安排系统化岗前培训，无经验也能快速上手； 团队氛围轻松融洽，重视新人成长，为应届生提供近距离接触 AI 行业的机会。 工作地点 海口美兰区海涛大道3号创梦空间 以担保或任何理由索要财物，扣押证照，均涉嫌违法。一经发现， 立即举报,"图像标注,语音标注,视频标注,文本标注,音频标注",http://www.zhaopin.com/jobdetail/CCL1464149500J40880237305.htm?refcode=4019&srccode=401901&preactionid=431a7b4b-7e40-4ba1-a542-42afea1feb84
AI数据标注,泉州市数元天擎科技有限公司,3000-4000元,泉州·螺阳镇,Guangzhou,大专,经验不限,7月25日,zhilian,职位描述 图像标注 语音标注 音频标注 视频标注 文本标注 人工智能 岗位内容： 1. 对数据进行标注、打标签、整理、审核等工作； 2. 确保数据质量和数据准确性； 3. 配合客户进行项目进度跟进及反馈。 任职要求： 1. 具备较强的学习能力，对新事物接纳度高； 2. 工作积极主动，具有强烈的责任感和团队协作意识； 3. 善于处理问题，具有良好的逻辑思维能力； 工作地点 福建省泉州市惠安县霞光村霞莲路155号2号楼八楼 以担保或任何理由索要财物，扣押证照，均涉嫌违法。一经发现， 立即举报,"图像标注,语音标注,音频标注,视频标注,文本标注",http://www.zhaopin.com/jobdetail/CCL1526480220J40831532916.htm?refcode=4019&srccode=401901&preactionid=431a7b4b-7e40-4ba1-a542-42afea1feb84
数据标注员,北京智享众合科技有限公司,150-200元/天,太原·小店·小店街道,Guangzhou,大专,经验不限,7月22日,zhilian,岗位职责： 1、接触人工智能，充分理解模型训练背景和要求； 2、接受项目培训和学习，使用平台自动化工具对不同类型数据进行处理后，形成可供计算机识别分析优质数据； 3、认真负责，配合基地项目安排，保证作业输出数据质量。 二、招聘要求： 1、要求：大专以上学历，男女不限； 2、电脑操作熟练，学习能力强，能够快速适应新工具和新项目； 3、认真负责，细心耐心，具备良好的团队合作精神和沟通能力； 4、稳定性工作至少6个月以上。 三、薪酬待遇： 1、薪酬待遇：底薪2000元/月+200元/全勤+绩效提成，综合薪资3000-3500元/月； 2、食宿安排：公司提供免费4-6人间住宿，有独立卫生间，水电费宿舍平分，宿舍距离上班地方2-3公里，吃饭自理； 3、工作时间：每天工作时间9:00-18:30，每天工作8小时，每周工作6天，单休； 工作地点 太原小店区云鼎商务楼5楼 以担保或任何理由索要财物，扣押证照，均涉嫌违法。一经发现， 立即举报,图像标注,http://www.zhaopin.com/jobdetail/CCL1506278920J40750028006.htm?refcode=4019&srccode=401901&preactionid=431a7b4b-7e40-4ba1-a542-42afea1feb84
ai数据标注师 可实习！不加班！,上海仁联企业服务(集团)有限公司,5000-6000元,南京·建邺·沙洲,Guangzhou,本科,经验不限,7月25日,zhilian,职位描述 语音标注 音频标注 人工智能 广播/电视/影视 背景：小咖帮 质检 工作内容： 结合音频内容或者上下文内容，综合判断音频的内容并进行正确的标识跟转写工作。 能力要求: 1、语音听辨敏锐，确保转写与发音一致。 2、细致与责任心:对语音数据敏感，能捕捉细微特征(如语速变化、情感波动)，确保标注精度。 3、学习与适应力:快速掌握新标注规则，适应多项目节奏，具备基础协作意识。 岗位要求： 一、学历与专业 1、学历：大学一本及以上（统招） 2、专业：中文、语言学、播音主持、新闻传播、外语类优先 二、核心能力 1、普通话标准（二乙及以上） ，发音、听力敏感度高，能准确识别语音中的连读、弱读、口音（如轻微方言腔）；若涉及多语言ASR，需熟练掌握对应语言（如英语需CET-4及以上，能识别不同口音英语）或其他外语能力 上班时间：早九晚六，周末双休，法定正常休息，入职购买五险 工作地点 南京建邺区建邺人才服务大厦-A栋1F 以担保或任何理由索要财物，扣押证照，均涉嫌违法。一经发现， 立即举报 客户,"语音标注,音频标注",http://www.zhaopin.com/jobdetail/CC641703630J40866743707.htm?refcode=4019&srccode=401901&preactionid=431a7b4b-7e40-4ba1-a542-42afea1feb84
数据标注,杭州南矿科技有限公司,6000-9000元,杭州·余杭·仓前,Guangzhou,大专,经验不限,6月15日,zhilian,职位描述 计算机 工作职责 1. 依据项目标注规则，完成图像、文本等数据的分类、框选、标注等基础任务，确保标注结果的准确性与一致性。 2. 协助团队优化标注流程，反馈标注过程中遇到的规则歧义或数据问题，提升整体标注效率。 3. 参与标注质量抽检工作，对已标注数据进行复核，及时修正错误标注。 任职要求 1. 大专及以上学历，专业不限，有数据标注经验者优先。 2. 具备良好的逻辑思维能力与细节敏感度，能快速理解并执行标注规则。 3. 熟练使用电脑及基础办公软件，打字速度快，能适应重复性工作。 4. 工作认真负责，有耐心，具备较强的学习能力与团队协作意识。 工作地点 杭州余杭区末来科技城 以担保或任何理由索要财物，扣押证照，均涉嫌违法。一经发现， 立即举报,计算机,http://www.zhaopin.com/jobdetail/CCL1525422380J40869700214.htm?refcode=4019&srccode=401901&preactionid=431a7b4b-7e40-4ba1-a542-42afea1feb84
7200+ 数据标注/ai数据师,泰盈科技集团股份有限公司,4000-8000元,泰安·岱岳区·粥店街道,Guangzhou,大专,经验不限,7月15日,zhilian,职位描述 语音标注 视频标注 图像标注 音频标注 文本标注 不对客 文职 工作地点：在市民之家四楼办公 工作内容：数据标注岗，电脑办公不对客，只负责数据标注，给AI当老师；带薪培训一天即可上岗，简单上手，工作轻松无压力 工作班次：9-18长白 双休，8小时工作制不加班 福利：缴纳五险一金，提供食宿 生日礼物 团建活动 节假日福利 下午茶 工作地点 岱岳区泰安市民之家4楼 以担保或任何理由索要财物，扣押证照，均涉嫌违法。一经发现， 立即举报,"语音标注,视频标注,图像标注,音频标注,文本标注,不对客,文职",http://www.zhaopin.com/jobdetail/CC292011210J40786479011.htm?refcode=4019&srccode=401901&preactionid=431a7b4b-7e40-4ba1-a542-42afea1feb84
ai训练师/数据标注,金慧科技,5000-9000元,沈阳·皇姑,Guangzhou,本科,经验不限,7月24日,zhilian,职位描述 不打电话 五险一金 月休8天 带薪培训 无销售性质 图像标注 音频标注 视频标注 文本标注 产业互联网平台 广播/电视/影视 【工作内容】 1、负责 AI视觉生成视频美感质检工作，依据项目规则，从光影、色彩、构图、运镜、视听语言，音频，一致性等多维度完成视频审核. 2、问题判定与标注复核，输出标准化质检结果，保障模型训练数据质量。 3、跟踪短视频推广效果，持续对视频运营数据进行监测和分析，定期形成数据分析报告，提出运营策略调整建议 【上班时间】 10-19点，8小时工作制，周末双休，节假日法休 【薪资福利】 1、底薪+绩效， 稳定收入5K-10K 2、购买五险一金（社保＋公积金） 3、其他福利等： （1）各种节假日福利、员工活动、生日惊喜等； （2） 带薪年假 （3）公司提供健身房、台球室、图书室等多种休闲娱乐方式 （4）员工满一年带薪年假五天，过年发放年终奖等福利（5） 5A级舒适办公区，专属工位轻松上班，并设有员工宿舍以及休息区域； 【晋升方向】 公司提供管理和专业的双通道晋升渠道，培训期表现优异员工可直接竞聘管理岗位 欢迎小伙伴积极投递简历，至诚欢迎您的加入~ 工作地点 皇姑区沈阳信悦汇-F1座沈阳信悦汇F1座22楼 以担保或任何理由索要财物，扣押证照，均涉嫌违法。一经发现， 立即举报,"不打电话,五险一金,月休8天,带薪培训,无销售性质,图像标注,音频标注,视频标注,文本标注",http://www.zhaopin.com/jobdetail/CC612833320J40681337401.htm?refcode=4019&srccode=401901&preactionid=431a7b4b-7e40-4ba1-a542-42afea1feb84
数据标注师,嘉兴熙睦智能科技有限公司,4000-6000元,嘉兴·长水街道,Guangzhou,大专,经验不限,7月25日,zhilian,职位描述 图像标注 音频标注 文本标注 实习生 社招 人工智能 工资待遇： 1.社招包全勤底薪3000，住房补200，交通补50，奶茶补50，做得好会绩效奖励；另外还有计件项目，多劳多得，后期熟练了月薪可达5000+。 2.实习生包全勤底薪2000，住房补200，交通补50，奶茶补50，可提供实习证明。 工作要求： 1. 负责数据的分类和标注。 2. 利用工具进行高效的数据处理。 3. 定期校验数据质量，确保其准确性。 工作地点 嘉兴市-南湖区-百川路与双溪路交叉路口往东南约120米10层 以担保或任何理由索要财物，扣押证照，均涉嫌违法。一经发现， 立即举报,"图像标注,音频标注,文本标注,实习生,社招",http://www.zhaopin.com/jobdetail/CCL1524400610J40817081016.htm?refcode=4019&srccode=401901&preactionid=431a7b4b-7e40-4ba1-a542-42afea1feb84
数据标注,河南趣标智能科技有限公司,3000-6000元,濮阳·长庆路街道,Guangzhou,大专,经验不限,6月26日,zhilian,职位描述 数据标注员 AI 训练师 自动驾驶23d融合拉框，点云分割 工作地点 河南省濮阳市华龙区黄河路与长庆路交叉口向北100米路东万嘉360广场底商F1万利财富广场一期 1708 室 以担保或任何理由索要财物，扣押证照，均涉嫌违法。一经发现， 立即举报,"数据标注员,AI 训练师",http://www.zhaopin.com/jobdetail/CCL1524947510J40900212903.htm?refcode=4019&srccode=401901&preactionid=431a7b4b-7e40-4ba1-a542-42afea1feb84
数据标注专员,海城市领蓝商贸有限公司,7000-9000元,鞍山·海城市·海州街道,Guangzhou,大专,经验不限,7月25日,zhilian,职位描述 图像标注 文本标注 标注质量管控 标注规则优化 进度跟踪 工作职责 1. 严格按照标注规则对图像、文本等数据进行分类、打标与信息提取，确保标注结果的准确性与规范性。 2. 负责标注任务的进度跟踪与质量自检，及时反馈标注过程中遇到的问题并协助优化标注规则。 3. 参与标注数据的抽检与复核工作，协助提升团队整体标注效率与数据质量。 任职要求 1. 大专及以上学历，专业不限，有数据标注经验者优先。 2. 具备良好的逻辑思维能力与细节敏感度，能快速理解并执行标注规则。 3. 熟练使用电脑办公软件，打字速度快，能适应重复性工作。 4. 具备较强的责任心与团队协作意识，能按时完成分配的标注任务。 工作地点 用亿服饰行辽宁省鞍山市海城市海州管理区双栗社区东9号楼2层205 以担保或任何理由索要财物，扣押证照，均涉嫌违法。一经发现， 立即举报,"图像标注,文本标注,标注质量管控,标注规则优化,进度跟踪",http://www.zhaopin.com/jobdetail/CCL1526573820J40896688313.htm?refcode=4019&srccode=401901&preactionid=431a7b4b-7e40-4ba1-a542-42afea1feb84
ai数据标注,重庆路卓网络科技有限公司,8000-9000元,深圳·龙华·龙华,Guangzhou,本科,1-3年,7月25日,zhilian,职位描述 图像标注 语音标注 文本标注 人工智能 产业互联网平台 岗位内容： 1. 根据项目需求，负责数据标注、分类、标签制作等工作； 2. 维护数据标注质量并改进标注流程； 3. 及时响应客户需求，满足客户标注要求。 任职要求： 1. 本科及以上学历，具备基本电脑操作技能以及网络资源的查找和使用能力； 2. 具备良好的文字表达能力和沟通协调能力； 3. 对细节敏感，具备较强的责任心和工作意识； 4. 具备耐心细致的工作态度和团队合作精神。 工作地点 深圳龙华区盛龙时代广场7层 以担保或任何理由索要财物，扣押证照，均涉嫌违法。一经发现， 立即举报,"图像标注,语音标注,文本标注",http://www.zhaopin.com/jobdetail/CCL1510986300J40841211010.htm?refcode=4019&srccode=401901&preactionid=431a7b4b-7e40-4ba1-a542-42afea1feb84
周末双休+数据标注+五险,徐州爱浠企业管理有限公司,3000-4000元,宿迁·宿豫区·晓店街道,Guangzhou,学历不限,经验不限,7月26日,zhilian,职位描述 图像标注 语音标注 音频标注 视频标注 文本标注 产业互联网平台 本岗位纯室内办公，工作简单任职条件: 工作内容：通过电脑对人工智能所需要的数据进行采集、标注、质检，确保提供到人工智能实验室的数据的合格，主要工作内容在电脑上操作，处理、分析、判断数据 福利待遇: 综合薪资3500+ 1. 生活福利、缴纳五险 、生日礼 金 2 假日福利:带薪年休假、佳节礼品 3 娱乐福利:拓展活动、文娱活动、团队聚餐 节日晚会、优秀表彰 4 提供免费住宿 作息时间: 9:00-6:00，中午休息1小时，固定双休。法定正常休 4丶法定正常休息 工作地点 宿迁宿豫区保险小镇 以担保或任何理由索要财物，扣押证照，均涉嫌违法。一经发现， 立即举报,"图像标注,语音标注,音频标注,视频标注,文本标注",http://www.zhaopin.com/jobdetail/CCL1469301770J40851191505.htm?refcode=4019&srccode=401901&preactionid=431a7b4b-7e40-4ba1-a542-42afea1feb84
AI数据标注,山西里德科技有限公司,3000-6000元,太原·西温庄,Guangzhou,学历不限,经验不限,7月14日,zhilian,职位描述 图像标注 语音标注 音频标注 视频标注 文本标注 人工智能 产业互联网平台 岗位内容： 1. 根据项目需求，负责数据标注，数据质检，审核等工作； 2. 维护数据标注质量并改进标注流程； 3. 及时响应客户需求，满足客户标注要求。 任职要求： 1. 具备基本电脑操作技能 2. 具备良好的文字表达能力和沟通协调能力 3. 对细节敏感，具备较强的责任心和工作意识 4. 具备耐心细致的工作态度和团队合作精神。 工作地点 山西省太原市小店区汾东大街8号7楼708 以担保或任何理由索要财物，扣押证照，均涉嫌违法。一经发现， 立即举报,"图像标注,语音标注,音频标注,视频标注,文本标注",http://www.zhaopin.com/jobdetail/CCL1484663870J40839488507.htm?refcode=4019&srccode=401901&preactionid=431a7b4b-7e40-4ba1-a542-42afea1feb84
ai数据标注,杭州黉门翘楚教育咨询有限公司,6000-12000元,杭州·拱墅·上塘,Guangzhou,大专,经验不限,7月20日,zhilian,职位描述 图像标注 语音标注 文本标注 数据质量管控 标注规则优化 多类型数据处理 工作职责 1. 负责AI模型训练所需的图像、文本、语音等多类型数据的标注工作，严格遵循标注规则确保数据质量。 2. 对标注数据进行自查与交叉校验，及时反馈标注过程中遇到的规则歧义或数据异常问题。 3. 参与标注规则的优化迭代，结合实际标注经验提出可落地的改进建议。 任职要求 1. 大专及以上学历，专业不限，有数据标注、内容审核类工作经验者优先。 2. 具备较强的耐心与细致度，能长时间专注于重复性任务并保证低错误率。 3. 学习能力强，能快速理解不同项目的标注规则，适应多类型数据标注场景。 4. 熟练使用电脑办公软件，打字速度较快者优先。 工作地点 杭州拱墅区时瑞大厦 以担保或任何理由索要财物，扣押证照，均涉嫌违法。一经发现， 立即举报,"图像标注,语音标注,文本标注,数据质量管控,标注规则优化,多类型数据处理",http://www.zhaopin.com/jobdetail/CCL1526357980J40882259705.htm?refcode=4019&srccode=401901&preactionid=431a7b4b-7e40-4ba1-a542-42afea1feb84
数据标注员,阜阳市云便利智能科技有限公司,2000-4000元,阜阳·安徽阜南经济开发区,Guangzhou,学历不限,经验不限,7月22日,zhilian,岗位职责： 1、完成售货柜商品数据标注任务，保证标注效率和准确性； 任职要求： 1、对数据处理工作有浓厚兴趣，愿意从事数据标注相关的工作； 2、具备良好的逻辑思维能力和细心的工作态度，能够准确理解并执行标注任务； 工作地点 安徽省阜阳市阜南县鹿城镇体育公园北(金马中央馆西) 以担保或任何理由索要财物，扣押证照，均涉嫌违法。一经发现， 立即举报,视频标注,http://www.zhaopin.com/jobdetail/CCL1525156320J41013666704.htm?refcode=4019&srccode=401901&preactionid=431a7b4b-7e40-4ba1-a542-42afea1feb84
数据标注+常白班+周末双休+轻松上手,河北高创文化传播有限公司,4000-8000元,石家庄·桥西·新石,广州,大专,经验不限,7月25日,zhilian,职位描述 图像标注 岗位内容： 1. 根据项目需求，负责数据标注、分类、标签制作等工作； 2. 维护数据标注质量并改进标注流程； 3. 及时响应客户需求，满足客户标注要求。 任职要求： 1. 具备基本电脑操作技能，热爱学习； 2. 具备良好的文字表达能力和沟通协调能力； 3. 对细节敏感，具备较强的责任心和工作意识； 4. 具备耐心细致的工作态度和团队合作精神。 工作地点 石家庄桥西区中华城 以担保或任何理由索要财物，扣押证照，均涉嫌违法。一经发现， 立即举报,图像标注,http://www.zhaopin.com/jobdetail/CC422829680J40823187513.htm?refcode=4019&srccode=401901&preactionid=9f9e17db-88ae-4707-9951-212b5a32ecde
ai数据标注师,山西月圆科技有限公司,4000-5000元,太原·小店·龙城,广州,本科,经验不限,7月25日,zhilian,职位描述 图像标注 语音标注 音频标注 视频标注 文本标注 产业互联网平台 任职要求：本科及以上，传媒学院，985/211同学优先，有一定的阅片量 岗位福利：无责底薪4500+500补贴=固定薪资5000，无试用期，应届毕业生入职即缴纳五险社保， 工作时间：早10晚7，午休1小时，周末双休，法定节假日正常休 工作地点 太原市-小店区-高新技术产业开发区山西大医院北门3层西区 以担保或任何理由索要财物，扣押证照，均涉嫌违法。一经发现， 立即举报,"图像标注,语音标注,音频标注,视频标注,文本标注",http://www.zhaopin.com/jobdetail/CCL1453631940J40956190715.htm?refcode=4019&srccode=401901&preactionid=9f9e17db-88ae-4707-9951-212b5a32ecde
急招！数据标注/AI训练师（免费住宿+带薪培训+晋升双通道）,天浩工程技术服务(天津)有限公司,2000-4000元,天津·滨海新区·杭州道,广州,大专,经验不限,6月12日,zhilian,岗位职责 参与 AI 训练数据的标注工作，包括但不限于图片框选、区域描点、文本分类、语音转写、视频内容审核等多类型任务； 严格遵循标注规范与质量标准，确保输出数据的准确性与一致性； 配合团队完成标注任务的进度跟进与问题反馈，协助优化标注流程； 学习并掌握不同类型的标注工具，快速适应多样化的标注场景需求。 任职要求 专科及以上学历，专业不限，应届生、实习生均可； 具备基础办公软件操作能力，学习能力强，能快速掌握标注工具的使用方法； 对人工智能、大数据领域有浓厚兴趣，愿意深入了解数据标注的底层价值； 工作细致耐心，具备良好的团队沟通协作意识与责任心。 工作地点 天津滨海新区天浩人才(黄海路) 以担保或任何理由索要财物，扣押证照，均涉嫌违法。一经发现， 立即举报,"数据标注,图像标注,音频标注,语音标注,视频标注,文本标注",http://www.zhaopin.com/jobdetail/CCL1422986570J40867754610.htm?refcode=4019&srccode=401901&preactionid=9f9e17db-88ae-4707-9951-212b5a32ecde
数据标注员,毕节千盛科技有限公司,3000-6000元,毕节·七星关区·市东街道,广州,学历不限,经验不限,7月26日,zhilian,职位描述 会PS 大数据 有计算机基础，会ps软件最好 工作地点 毕节市-七星关区-学院路1号绣山生活馆 以担保或任何理由索要财物，扣押证照，均涉嫌违法。一经发现， 立即举报,会PS,http://www.zhaopin.com/jobdetail/CCL1526791350J40867100607.htm?refcode=4019&srccode=401901&preactionid=9f9e17db-88ae-4707-9951-212b5a32ecde
数据标注+提供吃住,银雁科技服务集团,3000-5000元,贵阳·白云·麦架,广州,大专,经验不限,7月23日,zhilian,职位描述 图像标注 文本标注 工作内容: 1. 语义分割标注（逐点“涂色”）：用3D画笔工具刷选点云，给每一个点打上类别标签； 2. 实例分割标注（精确“选边”）； 3. 简单质检自查，返工少、规则成熟、流程标准化。 产能&人效标准 - 日达标产能：日产出3-5个包； - 熟手可稳定达标、超产有量，多劳多得 岗位要求 1. 做过标注、3D点云分割、2D拉框、自动驾驶项目、高精地图项目熟手优先； 2. 细心耐心、能坐得住、服从质检标准； 3. 上手快、能适应标准化产能考核，新手可带教； 4. 无频繁返工、恶意乱标、混产量情况即可长期留岗。 薪资待遇 底薪2000+200全勤+周度奖励+提成，综合薪资4-6 上班时间 9-18点，午休2小时 周日固定休息、法定假休 工作地点 白云区贵州电子信息职业技术学院(贵阳校区)1 以担保或任何理由索要财物，扣押证照，均涉嫌违法。一经发现， 立即举报,"图像标注,文本标注",http://www.zhaopin.com/jobdetail/CC853113380J40876345809.htm?refcode=4019&srccode=401901&preactionid=436a4e50-8f5b-42ce-a97d-7f76ca292204
人工智能数据标注员,南京大秋信息科技有限公司,4000-5000元,南京·江宁·东山,广州,大专,经验不限,7月26日,zhilian,职位描述 图像标注 语音标注 音频标注 视频标注 文本标注 人工智能 职位描述 1、根据项目需求，对各类数据（如图像、文本等）进行精准、细致的标注； 2、熟练使用数据标注工具，确保标注质量与效率； 3、参与数据清洗、预处理等工作，提高数据质量； 能力技术要求 1、大专及以上学历，有数学和统计学基础； 2、熟悉常用的数据标注工具和方法，如TensorFlow、Pandas等； 3、对自然语言处理、计算机视觉等领域有一定了解者优先； 4、具备良好的逻辑思维能力和问题解决能力； 5、责任心强，耐心细致，学习和团队协作能力好； 工作地点 南京江宁区国网江苏省电力公司电力科学研究院 以担保或任何理由索要财物，扣押证照，均涉嫌违法。一经发现， 立即举报,"图像标注,语音标注,音频标注,视频标注,文本标注",http://www.zhaopin.com/jobdetail/CCL1509846210J40779920006.htm?refcode=4019&srccode=401901&preactionid=436a4e50-8f5b-42ce-a97d-7f76ca292204
数据标注专员,东莞市卓行盛途科技有限公司,7000-8000元,深圳·福田·福田街道,广州,大专,经验不限,7月26日,zhilian,职位描述 周末双休 年终奖 五险一金 岗位内容： 1. 对数据进行标注、打标签、整理、审核等工作； 2. 确保数据质量和数据准确性； 3. 配合客户进行项目进度跟进及反馈。 任职要求： 1. 具备较强的学习能力，对新事物接纳度高； 2. 工作积极主动，具有强烈的责任感和团队协作意识； 3. 善于处理问题，具有良好的逻辑思维能力； 4. 具备英语阅读及写作能力，可以独立完成中英文文件的处理和翻译。 工作地点 深圳市-福田区-福华一路98号12 以担保或任何理由索要财物，扣押证照，均涉嫌违法。一经发现， 立即举报,"周末双休,年终奖,五险一金",http://www.zhaopin.com/jobdetail/CCL1525607540J40858292607.htm?refcode=4019&srccode=401901&preactionid=436a4e50-8f5b-42ce-a97d-7f76ca292204
数据标注,安徽速力贷信息咨询有限公司,6000-8000元,武汉·江岸,广州,本科,经验不限,7月26日,zhilian,职位描述 产业互联网平台 云计算 金融科技/数字金融 工作职责 负责金融场景下结构化/非结构化数据的标注工作，包括但不限于信贷申请材料、交易流水、风控文本等数据的分类、打标签及信息提取。 严格遵循标注规则与质量标准，确保标注数据的准确性与一致性，定期参与标注结果的交叉校验。 及时反馈标注过程中遇到的规则模糊或数据异常问题，协助优化标注流程与规则文档。 配合数据团队完成标注任务的进度跟踪与质量复盘，支撑算法模型的迭代优化。 工作地点 武汉江岸区企业天地1号 以担保或任何理由索要财物，扣押证照，均涉嫌违法。一经发现， 立即举报,"产业互联网平台,云计算,金融科技/数字金融",http://www.zhaopin.com/jobdetail/CC811446720J40787839706.htm?refcode=4019&srccode=401901&preactionid=436a4e50-8f5b-42ce-a97d-7f76ca292204
数据标注项目：信实翻译公司急聘全球各语种人才或中国各方言、民族语言人才,广州信实翻译服务有限公司,800-1500元,佛山·南海·狮山,广州,学历不限,经验不限,7月16日,zhilian,职位描述 语音标注 翻译 数据标注项目：信实翻译公司急聘全球各语种人才或中国各方言、民族语言人才 在全球经济疲软环境下，信实翻译公司逆流而上，以高效方式迅速拓展大量的数据标注业务，每年业务量高达3000万字到6000万字，现在急需大量的各语种人才或中国各方言人才。如果您有时间有兴趣，都欢迎加入，待遇优厚！ ​​工作模式：​​ ​​无需坐班！​​ 支持在家或在校远程接单，时间灵活自由。 任职要求： 1. 只需熟悉以下语种需求、地方方言需求或民族语言需求列表中的任何一种，皆可应聘。 2. 工作认真负责，积极配合。 也欢迎您将此信息进行转发，介绍给同学或朋友~~ 语种需求： 爱沙尼亚语、拉脱维亚语、立陶宛语、白俄罗斯语、乌克兰语、俄语、波兰语、捷克语、斯洛伐克语、匈牙利语、德语、丹麦语、挪威语、瑞典语、芬兰语、冰岛语、英语、爱尔兰语、荷兰语、卢森堡语、法语、威尔士语、弗拉芒语、希腊语、意大利语、西班牙语、葡萄牙语、罗马尼亚语、保加利亚语、塞尔维亚语、黑山语、克罗地亚语、斯洛文尼亚语、波斯尼亚语、马其顿语、阿尔巴尼亚语、拉丁语、马耳他语、加泰罗尼亚语、日语、韩语、朝鲜语、蒙古语、鞑靼语（塔塔尔语）、马来语、他加禄语、德顿语、巽他语、印地语、乌尔都语、孟加拉语、尼泊尔语、不丹语、僧伽罗语、泰米尔语、迪维希语、克什米尔语、信德语、卡纳达语、博杰普尔语、马拉雅拉姆语、马拉地语、泰卢固语、古吉拉特语、卡纳达语、奥迪亚语、旁遮普语、阿萨姆语、迈蒂利语、孔卡尼语、多格拉语、桑塔利语、哈萨克语、吉尔吉斯语、塔吉克语、乌兹别克语、土库曼语、巴什基尔语、土耳其语、希伯来语、波斯语、库尔德语、阿拉伯语、格鲁吉亚语、普什图语、达里语、亚美尼亚语、阿塞拜疆语、克里奥尔语、克丘亚语、瓜拉尼语、毛利语 、巴布亚皮金语 、比斯拉马语 、萨摩亚语、斐济语、密克罗尼西亚语、苏里南语、索马里语、斯瓦希里语（斯瓦西里语）、卢旺达语、基隆迪语、桑戈语、班巴拉语、南非语、斯威士语、塞索托语、马达加斯加语、科摩罗语、绍纳语 、恩德贝莱语、阿姆哈拉语、卡拜尔语（卡比尔语）、卢甘达语（卢干达语）、林加拉语、豪萨语、南非荷兰语、祖鲁语、西语、葡语、意语、高棉语、马来西亚语、印度尼西亚语、印度语、巴基斯坦语、斯里兰卡语、马尔代夫语、伊朗语、阿语、土语、以色列语、阿富汗语、哈语、海地语、佛得角语、埃塞俄比亚语、皮钦语（皮金语）、新美拉尼西亚语、托克皮辛语、波利尼西亚语 方言需求： 粤语（广东话/广州话/香港话）、吴语（江浙话）、闽南语（闽东语/福建话/台湾话）、客家话、赣语（江西话）、湘语（湖南话）、晋语（山西话/陕西话）、徽语（徽州话） 民族语言需求： 壮语、侗语、傣语、藏语（卫藏方言/康方言/安多方言）、彝语、羌语、维吾尔语（中心/和田/罗布方言）、苗语、瑶语（勉语/布努语/巴哼语/优诺语/炯奈语/拉珈语） 信实翻译公司简介： 信实翻译公司扎根羊城，立足华南，布局全国，放眼全球，位于广州市天河区珠江新城CBD，毗邻美国、英国、加拿大、澳大利亚驻广州总领事馆，为中国翻译协会理事单位，广东翻译协会会员单位，广州翻译协会常务副会长单位，中国华南英国商会/British Chamber of Commerce South China （原广东英国商会）会员单位，深圳市跨境电子商务协会会员单位等，且已通过ISO 17100翻译服务体系、ISO 9001质量管理体系、ISO 27001信息安全管理体系等，深圳分公司于2024年成立（广州翻译公司为总部，深圳翻译公司为分部之一）。诚信务实，乃为基石。 此处费用仅供参考，具体以实际沟通投递项目的为准 工作地点 南海区佛山西站 以担保或任何理由索要财物，扣押证照，均涉嫌违法。一经发现， 立即举报,语音标注,http://www.zhaopin.com/jobdetail/CC646557020J40871747013.htm?refcode=4019&srccode=401901&preactionid=c49e7a31-eefd-4268-81c3-ca8f4121fa04
ai数据标注师/接受新媒体运营/拍剪/动画经验,金慧科技,5000-8000元,沈阳·皇姑,广州,本科,经验不限,7月25日,zhilian,职位描述 摄影 新媒体运营 文案编辑 新闻学 戏剧影视文学 影视后期 数字媒体艺术 影视类专业 动画制作 新闻/出版 广播/电视/影视 无责底薪4000起，薪资可谈，综合薪资范围5~8 核心要求：(接受无经验应届生） 大模型标注 接受业务方培训，理解业务规则，根据业务要求作业。AI文生视频，需仔细浏览文本，细心评测运营视频。 一，优先专业：影视类专业，新闻、拍摄、数字媒体艺术、动画、影视后期等（不是也可以） 二，工作经历：文案编辑，新媒体运营，拍摄剪辑，会3D动画 负责 AI 视觉生成视频美感质检工作，依据项目规则，从光影、色彩、构图、运镜、视听语言，音频，一致性等多维度完成视频审核、问题判定与标注复核，输出标准化质检结果，保障模型训练数据质量。 【工作时间】双休，法定节假日正常休息，班次时间早十晚七 工作地点 皇姑区沈阳信悦汇-F1座22楼 以担保或任何理由索要财物，扣押证照，均涉嫌违法。一经发现， 立即举报,"摄影,新媒体运营,文案编辑,新闻学,戏剧影视文学,影视后期,数字媒体艺术,影视类专业,动画制作",http://www.zhaopin.com/jobdetail/CC612833320J40864929301.htm?refcode=4019&srccode=401901&preactionid=c49e7a31-eefd-4268-81c3-ca8f4121fa04
数据标注师,全码河北网络科技有限公司,5000-10000元,石家庄·桥西·东华,广州,大专,经验不限,7月25日,zhilian,岗位职责：接受项目标注规则的培训学习；根据项目标注规则和要求，在标注平台上利用标注工具对图片进行画框、拉线。 2.主要工作内容有： （1）图片拉框：按照要求使用矩形框工具进行拉框，框选出相应的物体。如道路行人和车辆的框选。 （2）区域标注：按照要求使用多边形进行框选标注。如道路行驶区域和车道线。 3. 尚位要求：熟悉基础的电脑操作优先录取； 不懂的可以手把手教学。 岗位福利：提成+奖金＋各项福利～工作时间早8.30点到下午6点.中午一个半小时休息时间，休周日可调休 工作地点 石家庄桥西区城市中坚710 以担保或任何理由索要财物，扣押证照，均涉嫌违法。一经发现， 立即举报,"视频标注,图像标注,音频标注,语音标注,文本标注",http://www.zhaopin.com/jobdetail/CC849364110J40919365904.htm?refcode=4019&srccode=401901&preactionid=c49e7a31-eefd-4268-81c3-ca8f4121fa04
人工智能数据标注,深圳市安析信息科技有限公司,6000-9000元,深圳·盐田·海山,广州,大专,经验不限,7月25日,zhilian,职位描述 图像标注 文本标注 标注质量把控 标注流程优化 标注工具操作 工作职责 1. 负责人工智能训练数据的标注工作，包括图像分类、目标检测、语义分割、文本实体识别等任务。 2. 严格遵循标注规范与质量标准，确保标注数据的准确性与一致性。 3. 协助优化标注流程，反馈标注过程中遇到的问题，参与标注规则的迭代更新。 4. 对标注数据进行自查与互查，配合质量团队完成数据验收。 任职要求 1. 大专及以上学历，计算机、数据科学、统计学等相关专业优先。 2. 熟悉至少一种数据标注工具（如LabelImg、LabelMe、Amazon SageMaker等）的操作。 3. 具备良好的逻辑思维能力与细节把控能力，能快速理解标注规则并高效执行。 4. 有图像/文本/语音等领域数据标注经验者优先，了解人工智能基础概念者更佳。 工作地点 深圳盐田区东湾大厦 以担保或任何理由索要财物，扣押证照，均涉嫌违法。一经发现， 立即举报,"图像标注,文本标注,标注质量把控,标注流程优化,标注工具操作",http://www.zhaopin.com/jobdetail/CCL1525977820J40871554309.htm?refcode=4019&srccode=401901&preactionid=c49e7a31-eefd-4268-81c3-ca8f4121fa04
数据标注,贵州安盛科技技术服务有限公司,7000-13000元·13薪,贵阳·云岩,广州,本科,经验不限,7月25日,zhilian,职位描述 图像标注 语音标注 文本标注 数据质量校验 标注流程优化 办公软件熟练 人工智能 云计算 软件/IT服务 工作职责 1. 负责图像、文本、语音等多类型数据的标注工作，严格遵循标注规则与质量标准。 2. 对标注数据进行自查与交叉校验，确保数据的准确性与一致性。 3. 协助优化标注流程与规则，反馈标注过程中遇到的问题并提出改进建议。 奖金绩效 五险一金、13薪、年终奖、周末双休 工作地点 贵阳云岩区喷水池虹祥大厦8楼 以担保或任何理由索要财物，扣押证照，均涉嫌违法。一经发现， 立即举报,"图像标注,语音标注,文本标注,数据质量校验,标注流程优化,办公软件熟练",http://www.zhaopin.com/jobdetail/CCL1502840300J40948070608.htm?refcode=4019&srccode=401901&preactionid=ea1a4100-0ef6-4b75-be14-50a4eb04cdb0
数据标注师,山西龙豪科技有限公司,3000-4000元,太原·营盘,广州,学历不限,1年以下,7月23日,zhilian,职位描述 图像标注 语音标注 人工智能 我们正在寻找一位专业数据标注师，负责为机器学习模型提供高质量的训练数据。 工作内容： 包括数据分类、标注、校验和整理等。 岗位要求： 1. 学历不限，计算机或相关专业优先； 2. 熟悉数据标注工具和流程； 3. 良好的数据敏感度和分析能力； 4. 细心、耐心，有团队精神； 5. 有数据标注或相关领域工作经验者优先。 工作地点 太原市-小店区-山西太原市小店区平阳路街道南内环街17号21J 以担保或任何理由索要财物，扣押证照，均涉嫌违法。一经发现， 立即举报,"图像标注,语音标注",http://www.zhaopin.com/jobdetail/CCL1320945960J40856257601.htm?refcode=4019&srccode=401901&preactionid=ea1a4100-0ef6-4b75-be14-50a4eb04cdb0
人工智能数据标注/实习生,天浩工程技术服务(天津)有限公司,3000-5000元,天津·滨海新区·杭州道,广州,大专,经验不限,6月18日,zhilian,职位描述 图像标注 语音标注 音频标注 视频标注 文本标注 工作职责 1. 参与AI训练数据的标注工作，包括但不限于图片框选、区域描点、文本分类、语音转写、视频内容审核等多类型任务 2. 严格遵循标注规范与质量标准，确保输出数据的准确性与一致性 3. 配合团队完成标注任务的进度跟进与问题反馈，协助优化标注流程 4. 学习并掌握不同类型的标注工具，快速适应多样化的标注场景需求 任职要求 1. 专科学历，专业不限，25/26届应届生 2. 具备基础办公软件操作能力，学习能力强，能快速掌握标注工具的使用方法 3. 对人工智能、大数据领域有浓厚兴趣，愿意深入了解数据标注的底层价值 4. 工作细致耐心，具备良好的团队沟通协作意识与责任心 补充说明 1. 工作地点：天津市滨海新区黄海路137号 2. 薪资福利： - 双休，综合薪资3000-5000 - 工作时间：9:00-18:00，午间休息1小时，法定节假日正常休息 - 提供免费住宿，晋升通道透明（管理层/技术层双方向） - 优秀实习生毕业后可直接转正，缴纳五险一金 3. 培训支持：入职提供带薪培训，无经验亦可报名 工作地点 天津滨海新区天浩人才(黄海路) 以担保或任何理由索要财物，扣押证照，均涉嫌违法。一经发现， 立即举报,"图像标注,语音标注,音频标注,视频标注,文本标注",http://www.zhaopin.com/jobdetail/CCL1422986570J40869110810.htm?refcode=4019&srccode=401901&preactionid=ea1a4100-0ef6-4b75-be14-50a4eb04cdb0
数据标注员（可兼/全职、可居家）,重庆麦恩企业管理咨询有限公司,6000-8000元,呼和浩特·赛罕·乌兰察布东路,广州,学历不限,经验不限,7月25日,zhilian,职位描述 文本标注 图像标注 语音标注 音频标注 视频标注 产业互联网平台 一、工作内容（简单重复，一学就会） 1. 按规则打标签：根据培训指导，在电脑上对图片、文字或语音进行简单判断和标记。例如： · 图像类：用鼠标框出图中“汽车”或“红绿灯”的位置；判断两张人脸照片“是”或“不是”同一个人。 · 文本类：判断一段评论是“好评”还是“差评”；选出句子里的“人名”和“地名”。 · 语音类：听一段录音，把听到的字打出来（类似听写）。 2. 检查与修改：对照原图/原文，快速检查自己或别人标记过的数据，发现点错、漏标的地方并改正。 3. 完成每日数量要求：每天按要求完成一定数量的基础标注任务（如：标300张图、听200句语音），熟能生快。 二、任职要求（几乎没有门槛） · 年龄/学历：不限，初中/高中及以上学历即可，不需要大学文凭。 · 电脑基础：会开关机、会使用鼠标、会打字即可。不需要懂代码或专业软件（上岗前都有详细培训）。 · 关键素质： · 坐得住、不急躁：能静下心在电脑前持续工作。 · 细心、眼睛好：能分辨图片中微小的差异或模糊字迹。 · 愿意听指令：按照既定规则操作，不擅自发挥。 三、工作环境与待遇预期 · 时间：常为固定班次（如早九晚六），部分项目允许晚班或居家办公。 · 薪酬：多为计件制（标一个得几毛钱），或底薪+提成，新手期月入约4000-8000元（根据城市和效率浮动）。 · 适合人群：宝妈、待业青年或中年、转行过渡等（需具备基本电脑操作能力）、想找稳定文职类工作的求职者。 工作地点 呼和浩特赛罕区长安金座-F座1802 以担保或任何理由索要财物，扣押证照，均涉嫌违法。一经发现， 立即举报,"文本标注,图像标注,语音标注,音频标注,视频标注",http://www.zhaopin.com/jobdetail/CCL1514436220J41019110004.htm?refcode=4019&srccode=401901&preactionid=ea1a4100-0ef6-4b75-be14-50a4eb04cdb0
数据标注,济南展骥广告传媒有限公司,5000-6000元,济南·历城·山大路,广州,大专,经验不限,7月26日,zhilian,职位描述 文本标注 数据质量校验 团队合作 1. 负责数据的分类和标注。 2. 利用工具进行高效的数据处理。 3. 定期校验数据质量，确保其准确性。 4. 与团队紧密合作，完成标注任务。 5. 有无经验者均可。 感兴趣联系我，欢迎加入我们的团队！ 工作地点 济南历城区洪家楼 以担保或任何理由索要财物，扣押证照，均涉嫌违法。一经发现， 立即举报,"文本标注,数据质量校验,团队合作",http://www.zhaopin.com/jobdetail/CCL1520906100J40856188110.htm?refcode=4019&srccode=401901&preactionid=ea1a4100-0ef6-4b75-be14-50a4eb04cdb0
数据标注,邢台佳晟智能科技有限公司,2000-3000元,邢台·钢铁路街道,广州,中专/中技,经验不限,7月25日,zhilian,职位描述 图像标注 语音标注 音频标注 文本标注 点云标注 长期稳定 嘿，我们在寻找一位细心、有责任心的数据标注小伙伴，一起为机器学习模型“喂食”吧！ 你的工作将是分类、标注和校验数据，为AI世界添砖加瓦。 如果你满足以下条件，就赶快加入我们吧： 大专及以上学历，学计算机的更好哦； 熟悉数据标注工具和流程，但如果你愿意学，我们也可以教你； 喜欢与数字打交道，有良好的数据敏感度； 细心、耐心，享受团队工作的乐趣。 期待你的加入，一起为AI世界贡献力量！ 工作地点 邢台市-信都区-中兴西大街润鹏家居建材市场东北侧303室 以担保或任何理由索要财物，扣押证照，均涉嫌违法。一经发现， 立即举报,"图像标注,语音标注,音频标注,文本标注,点云标注,长期稳定",http://www.zhaopin.com/jobdetail/CCL1526780830J40923745712.htm?refcode=4019&srccode=401901&preactionid=ea1a4100-0ef6-4b75-be14-50a4eb04cdb0
AI数据标注实习生,金色立人人力资源管理(北京)有限公司,4000-8000元,大同·云州区·周士庄镇,广州,大专,经验不限,7月6日,zhilian,职位描述 图像标注 语音标注 文本标注 多模态数据标注 标注质量管控 大厂项目协作 工作职责 1. 参与AI训练数据的多模态标注工作，覆盖图文、文本、语音（含方言）、2D/3D建模等方向。 2. 严格遵循标注规范与质量标准，完成数据分类、框选、转写等任务，确保标注结果的准确性与一致性。 3. 协助处理标注过程中遇到的异常数据，及时反馈问题并配合优化标注规则。 4. 参与项目进度跟踪与质量抽检，配合团队完成大厂合作项目的交付要求。 任职要求 1. 在校大学生，专业不限，计算机、数据科学、语言学相关专业优先。 2. 具备良好的学习能力，能快速掌握不同类型数据的标注规则与工具操作。 3. 工作细致耐心，责任心强，能承受一定的重复性工作压力。 补充说明 1. 合作项目覆盖华为、小鹏、字节跳动等知名互联网大厂。 工作地点 大同云州区汇智创新城101 以担保或任何理由索要财物，扣押证照，均涉嫌违法。一经发现， 立即举报 客户,"图像标注,语音标注,文本标注,多模态数据标注,标注质量管控,大厂项目协作",http://www.zhaopin.com/jobdetail/CC528111620J40953731115.htm?refcode=4019&srccode=401901&preactionid=ea1a4100-0ef6-4b75-be14-50a4eb04cdb0
AI训练师/数据标注,贵州嘉珩信息科技有限公司,3000-5000元,贵阳·观山湖,广州,大专,经验不限,7月25日,zhilian,岗位职责： （1）负责通用大模型研发相关场景、智能驾驶、3D/4D图像、点云等项目原始数据的标注和加工，辅助人工智能产品相关功能性能优化和训练； （2）通过系统培训学习后，理解掌握标注规则、模型逻辑、项目标准，有效的完成任务指标，同时开展内容审核与质检； （3）对数据进行分类，对准确性进行质量审查，确保人工智能数据准确、确保交付。 （4）对偏差数据进行校对，协同完成项目整体数据的统计分析和应用。 岗位要求： （1）要求专科及以上学历，持有人工智能训练师证书者优先； （2）熟练掌握图像、文本、语音、视频等标注类型，能独立完成2D/3D/4D精细标注，对通用大模型场景标注有一定经验，工作认真负责，有耐心，责任心强； （3）熟练使用办公软件。 薪资待遇： 1.综合薪资3500-6000元，薪资每月 20 号准时发放； 2.福利保障：免费培训，不收取任何费用，踏实干、做好本职工作，即可获得稳定薪资及提升空间。 3.工作时间： 9：00-18：00 每周单休，法定节假日正常休息 工作地点 贵州省贵阳市观山湖区下坝山路61号1号楼203 以担保或任何理由索要财物，扣押证照，均涉嫌违法。一经发现， 立即举报,人工智能,http://www.zhaopin.com/jobdetail/CCL1522020010J41020567604.htm?refcode=4019&srccode=401901&preactionid=ea1a4100-0ef6-4b75-be14-50a4eb04cdb0
影视数据标注,外企德科,8000-12000元,上海·浦东·南汇新城,广州,本科,经验不限,7月26日,zhilian,岗位职责 1. 学习专业视频内容描述及标注规范，参加为期5天的项⽬培训，并按要求完成每⽇学习任务。 2. 熟悉并掌握项⽬处理流程、标注标准及质量要求，按时完成阶段性考核与测试。 3. 通过培训测试及试标考核后，正式参与平台视频内容标注⼯作。 4. 对视频内容进⾏理解、分析与准确描述，从镜头语⾔、画⾯构图、⼈物动作、场景信息及声⾳质感等维度完成相关标注任务。 5. 根据项⽬规范准确使⽤分镜、景别、镜头运动、时间戳等影视专业术语，确保标注内容完整、规范且准确。 6. 按要求完成标注内容的检查与修改，及时反馈作业过程中发现的问题，持续提升⼯作质量与效率。 工作地点 浦东新区上海临科智华数字科技有限公司-1 以担保或任何理由索要财物，扣押证照，均涉嫌违法。一经发现， 立即举报,视频标注,http://www.zhaopin.com/jobdetail/CC138117190J40883411305.htm?refcode=4019&srccode=401901&preactionid=ea1a4100-0ef6-4b75-be14-50a4eb04cdb0
长白不对客数据标注 不打电话！！,泰盈科技集团股份有限公司,3000-5000元,泰安·岱岳区·粥店街道,广州,大专,经验不限,7月16日,zhilian,岗位职责： 负责长白班非对客类数据标注工作 按照标准流程完成数据分类 标注及校队任务 任职要求： 善于沟通 按时完成上级交给的工作 拥有良好的团队合作精神 能迅速融入团队 具备良好的学习能力 能够不断改进工作方法 工作地点 岱岳区泰安市民之家1楼 以担保或任何理由索要财物，扣押证照，均涉嫌违法。一经发现， 立即举报,"语音标注,音频标注,不打电话,不含销售无业绩要求,五险一金,早九晚六白班",http://www.zhaopin.com/jobdetail/CC292011210J40841275511.htm?refcode=4019&srccode=401901&preactionid=ea1a4100-0ef6-4b75-be14-50a4eb04cdb0
ai数据标注,聊城聊维数据科技有限公司,5000-7000元,聊城·东昌府区·湖西街道,广州,大专,经验不限,7月26日,zhilian,职位描述 图像标注 视频标注 文本标注 音频标注 语音标注 人工智能 岗位内容： 1. 根据项目需求，负责数据标注、分类、标签制作等工作； 2. 维护数据标注质量并改进标注流程； 3. 及时响应客户需求，满足客户标注要求。 任职要求： 1. 具备基本电脑操作技能以及网络资源的查找和使用能力； 2. 具备良好的文字表达能力和沟通协调能力； 3. 对细节敏感，具备较强的责任心和工作意识； 4. 具备耐心细致的工作态度和团队合作精神。 工作地点 聊城市-东昌府区-湖西街道东昌府区郁光小学东南217米 以担保或任何理由索要财物，扣押证照，均涉嫌违法。一经发现， 立即举报,"图像标注,视频标注,文本标注,音频标注,语音标注",http://www.zhaopin.com/jobdetail/CCL1516847250J40956359115.htm?refcode=4019&srccode=401901&preactionid=bc722566-4e39-439c-b3db-b03246130d64
数据标注训练师（可零基础/实习生）,石家庄旗胜信息科技有限公司,4000-5000元,沧州·新华区·车站街道,广州,大专,经验不限,7月25日,zhilian,职位描述 图像标注 语音标注 音频标注 视频标注 文本标注 人工智能 产业互联网平台 云计算 一、任职要求： 1、学历要求：大专及以上； 应届生、转行、宝妈均可。 2、硬性技能：熟练电脑操作，会 Office；视力良好；打字流畅。 3、软性素质：细心耐心、专注力强、坐得住；理解能力强，能吃透复杂标注规则；责任心强，对数据精度敏感；服从安排，有基础抗压能力。 4、经验：无需相关经验，公司提供免费带薪岗前培训。 5、加分项：有图文审核、客服、图文处理经验；会简单 PS；接触过自动驾驶 / 大模型标注优先。 二、岗位内容： 1、按项目规范，使用标注工具处理图像、文本、语音、视频、3D 点云数据：图片拉框 / 分割、文本实体 / 意图分类、语音转写、视频关键点标注、自动驾驶 4D 点云标注GitCode。 2、数据清洗：剔除模糊、无效、重复脏数据，统一数据格式，满足 AI 模型训练要求。 3、严格把控准确率，按要求修改质检退回的错误标注，降低返工率。 4、学习新项目标注规则，快速适配不同行业项目（大模型、自动驾驶、医疗、安防）。 5、记录工作问题，及时向组长反馈规则模糊、工具 bug 等异常。 6、配合团队完成每日产能指标，保证项目交付进度。 三、薪资待遇： 1、综合月薪：4000-5000元（无责底薪+ 计件提成 ），多劳多得，计件上不封顶 2、6个月后可免费培养晋升AIGC训练师 工作地点 沧州市-新华区-新华东路44号 以担保或任何理由索要财物，扣押证照，均涉嫌违法。一经发现， 立即举报,"图像标注,语音标注,音频标注,视频标注,文本标注",http://www.zhaopin.com/jobdetail/CCL1510533060J40849223605.htm?refcode=4019&srccode=401901&preactionid=bc722566-4e39-439c-b3db-b03246130d64
数据标注师,周口灵图智能科技有限公司,3000-5000元,周口·沈丘县·槐店回族镇,广州,中专/中技,经验不限,7月24日,zhilian,"职位描述 图像标注 视频标注 文本标注 2D标注 3D标注 不收寒暑假工 人工智能 加入AI未来 成就科技新贵】 作为AI领域的""幕后造梦师""，你将直接参与数据大模型、无人驾驶、智慧城市等前沿科技的研发！我们提供从标注员到项目经理的完整晋升通道，见证你与AI共同成长！ 【职业火箭晋升通道】 标注师（月薪3-5K） 最快1个月晋升机会 AI标注组长（月薪4-7K） 专业认证支持 AI项目负责人（月薪7-10K） 【你将创造的价值】 参与AI训练全过程：运用智能标注平台处理语言大模型、3D点云/2D图片/医学影像/自动驾驶等前沿数据 精准标注关键数据：通过图像分割、语义标注等专业技术，为AI装上""智慧之眼"" 参与算法优化：与研发团队协作，用你的标注成果直接影响AI模型的进化方向 【我们需要这样的你】 对AI行业有浓厚兴趣，愿意成为科技变革的推动者 具备像素级专注力（细节控优先！） 享受解谜乐趣，善于在复杂数据中发现规律 团队协作达人，能适应敏捷开发节奏 【超能福利包】 岗前培训：AI知识+专业工具+项目实操三重护航 技术大牛1v1指导+定期行业前沿分享 黑科技办公环境：人体工学椅+高刷专业显示器 【郑重承诺】 无销售性质 无电话推销 无强制加班 加入我们，用数据标注改变世界！你的每一次标注，都在书写AI历史的新篇章！ 工作地点 周口沈丘县方中山胡辣汤(吉祥路店)方中山楼上 6楼 以担保或任何理由索要财物，扣押证照，均涉嫌违法。一经发现， 立即举报","图像标注,视频标注,文本标注,2D标注,3D标注,不收寒暑假工",http://www.zhaopin.com/jobdetail/CCL1500906600J40872186010.htm?refcode=4019&srccode=401901&preactionid=bc722566-4e39-439c-b3db-b03246130d64
数据标注,三河市元启鸿图科技有限公司,5000-6000元,北京·朝阳·望京,广州,大专,经验不限,6月26日,zhilian,岗位职责 1. 负责数据的分类和标注。 2. 利用工具进行高效的数据处理。 3. 定期校验数据质量，确保其准确性。 4. 与团队紧密合作，完成标注任务。 感兴趣联系我，欢迎加入我们的团队！ 公司福利； 1.上班时间早九晚六 周末双休 节假日休息 2.五险一金 3.公司节日小礼物每个月聚餐 公司氛围非常好 4.每年有团建旅游以及年假 工作地点 北京朝阳区望京SOHOT1 b 21 以担保或任何理由索要财物，扣押证照，均涉嫌违法。一经发现， 立即举报,"图像标注,语音标注,视频标注,文本标注",http://www.zhaopin.com/jobdetail/CCL1511136940J40819065716.htm?refcode=4019&srccode=401901&preactionid=bc722566-4e39-439c-b3db-b03246130d64
ai训练师/数据标注,重庆蓝思晨科技有限公司,4000-6000元,重庆·沙坪坝·渝碚路,广州,大专,经验不限,7月3日,zhilian,职位描述 文本标注 图像标注 语音标注 质量控制 客户需求响应 岗位内容： 1. 根据项目需求，负责数据标注、分类、标签制作等工作； 2. 维护数据标注质量并改进标注流程； 3. 及时响应客户需求，满足客户标注要求。 任职要求： 1. 具备基本电脑操作技能以及网络资源的查找和使用能力； 2. 具备良好的文字表达能力和沟通协调能力； 3. 对细节敏感，具备较强的责任心和工作意识； 4. 具备耐心细致的工作态度和团队合作精神。 工作地点 重庆沙坪坝区时代星空 以担保或任何理由索要财物，扣押证照，均涉嫌违法。一经发现， 立即举报,"文本标注,图像标注,语音标注,质量控制,客户需求响应",http://www.zhaopin.com/jobdetail/CCL1504338550J40924861302.htm?refcode=4019&srccode=401901&preactionid=bc722566-4e39-439c-b3db-b03246130d64
数据标注,安徽速力贷信息咨询有限公司,6000-8000元,芜湖·鸠江区·官陡街道,广州,本科,经验不限,7月25日,zhilian,职位描述 产业互联网平台 云计算 金融科技/数字金融 工作职责 负责金融场景下结构化/非结构化数据的标注工作，包括但不限于信贷申请材料、交易流水、风控文本等数据的分类、打标签及信息提取。 严格遵循标注规则与质量标准，确保标注数据的准确性与一致性，定期参与标注结果的交叉校验。 及时反馈标注过程中遇到的规则模糊或数据异常问题，协助优化标注流程与规则文档。 配合数据团队完成标注任务的进度跟踪与质量复盘，支撑算法模型的迭代优化。 工作地点 芜湖鸠江区皖江财富广场 以担保或任何理由索要财物，扣押证照，均涉嫌违法。一经发现， 立即举报,"产业互联网平台,云计算,金融科技/数字金融",http://www.zhaopin.com/jobdetail/CC811446720J40787839606.htm?refcode=4019&srccode=401901&preactionid=bc722566-4e39-439c-b3db-b03246130d64
ai数据标注,济南展骥广告传媒有限公司,5000-8000元,济南·历城·山大路,广州,大专,经验不限,7月26日,zhilian,职位描述 图像标注 文本标注 数据质量校验 标注流程优化 标注工具使用 工作职责 1. 负责AI模型训练所需的图像、文本等数据的标注工作，严格遵循标注规则与质量标准。 2. 对标注数据进行自查与交叉校验，及时修正错误标注，确保数据准确率。 3. 协助优化标注流程与规则，反馈标注过程中遇到的问题，提升整体标注效率。 任职要求 1. 大专及以上学历，专业不限，有数据标注经验者优先。 2. 具备良好的逻辑思维能力与细节把控力，能快速理解并执行标注任务。 3. 熟悉电脑基本操作，能熟练使用标注工具（如LabelImg、LabelMe等）。 4. 具备较强的学习能力，能快速适应不同类型的数据标注需求。 工作地点 济南历城区洪家楼 以担保或任何理由索要财物，扣押证照，均涉嫌违法。一经发现， 立即举报,"图像标注,文本标注,数据质量校验,标注流程优化,标注工具使用",http://www.zhaopin.com/jobdetail/CCL1520906100J40866316210.htm?refcode=4019&srccode=401901&preactionid=bc722566-4e39-439c-b3db-b03246130d64
ai数据标注,山东标极数据科技有限公司,2000-3000元,德州·庆云县·渤海路街道,广州,学历不限,经验不限,7月21日,zhilian,"岗位职责: 1.协助交付经理完成项目的标注, 2.负责对(语音、图片、视频、文本)数据进行整理标注及审核，确保标注的准确性和一致性。 3.理解标注范围和要求，严格按照标准进行操作，及时反馈标注过程中遇到的问题。 4.协助团队进行数据整理分析，为AI算法优化提供支持。任职要求 1.熟练使用电脑及常用办公软件。 2.实习生优先考虑。 3.能够适应重复性工作，具备较强的责任心和团队合作精神 待遇:生日福利、节日福利、全勤奖、底薪加提成 诚聘精英 工作地点 德州市-庆云县-祥云大道 以担保或任何理由索要财物，扣押证照，均涉嫌违法。一经发现， 立即举报","图像标注,文本标注,音频标注,语音标注,视频标注",http://www.zhaopin.com/jobdetail/CCL1524378920J40875376710.htm?refcode=4019&srccode=401901&preactionid=bc722566-4e39-439c-b3db-b03246130d64
北京--数据标注,唐山小豆机器人技术有限公司,4001-6000元,北京·海淀·花园路,广州,学历不限,经验不限,7月14日,zhilian,职位描述 数据标注 人工智能 一、工作内容： 1.前期做数据标注，后期用 AI 眼镜采集数据，设备易操作 2.数据采集整理，完成检测框、人手关节、视频文本标注 二、职位要求： 1.四肢协调，无高度近视 2.有数据标注经验，做过检测框、人手关节点、视频文本标注者优先 三、薪资： 180+10元全勤奖/天 四、工作时间： 9:30或10:00上班，实际工时8小时。双休。 工作地点 北京海淀区坤讯大厦1005 以担保或任何理由索要财物，扣押证照，均涉嫌违法。一经发现， 立即举报,"数据标注,人工智能",http://www.zhaopin.com/jobdetail/CCL1514770240J40994150202.htm?refcode=4019&srccode=401901&preactionid=bc722566-4e39-439c-b3db-b03246130d64
ai数据标注,海南省数标客科技有限责任公司,10-20元/时,海口·美兰·演丰,广州,大专,经验不限,7月23日,zhilian,岗位职责 负责图像、文本等 AI 训练数据的标注、分类及校验工作； 严格按照标注规范完成任务，保障数据准确性与及时性； 配合团队完成质检反馈，协助优化标注流程。 任职要求 海口在校大学生，理工类专业优先； 寒暑假可全职投入工作，责任心强、耐心细致； 对人工智能领域感兴趣，无经验亦可（岗前培训）。 薪资福利 薪资结构：2000元有责底薪 + 绩效提成，综合薪资 2500 元 / 月； 办公环境：5A 级写字楼，宽敞明亮，配套齐全； 专属福利：通勤车接送 + 自有食堂 + 每日下午茶 + 每月茶话会 + 健康体检 + 正规保险 + 定期行业分享会。 投递须知 投递请备注 寒暑假兼职 + 可入职时间，择优安排面试，期待你的加入！ 工作地点 海口美兰区海涛大道3号创梦空间 以担保或任何理由索要财物，扣押证照，均涉嫌违法。一经发现， 立即举报,"图像标注,语音标注,文本标注,视频标注",http://www.zhaopin.com/jobdetail/CCL1464149500J40880235805.htm?refcode=4019&srccode=401901&preactionid=bc722566-4e39-439c-b3db-b03246130d64
数据标注员（可兼/全职、可居家）,重庆麦恩企业管理咨询有限公司,6000-8000元,上海·静安·静安寺,广州,初中及以下,经验不限,6月16日,zhilian,职位描述 图像标注 语音标注 音频标注 视频标注 文本标注 互联网游戏 产业互联网平台 人工智能 软件/IT服务 一、工作内容（简单重复，一学就会） 1. 按规则打标签：根据培训指导，在电脑上对图片、文字或语音进行简单判断和标记。例如： · 图像类：用鼠标框出图中“汽车”或“红绿灯”的位置；判断两张人脸照片“是”或“不是”同一个人。 · 文本类：判断一段评论是“好评”还是“差评”；选出句子里的“人名”和“地名”。 · 语音类：听一段录音，把听到的字打出来（类似听写）。 2. 检查与修改：对照原图/原文，快速检查自己或别人标记过的数据，发现点错、漏标的地方并改正。 3. 完成每日数量要求：每天按要求完成一定数量的基础标注任务（如：标300张图、听200句语音），熟能生快。 二、任职要求（几乎没有门槛） · 年龄/学历：不限，初中/高中及以上学历即可，不需要大学文凭。 · 电脑基础：会开关机、会使用鼠标、会打字即可。不需要懂代码或专业软件（上岗前都有详细培训）。 · 关键素质： · 坐得住、不急躁：能静下心在电脑前持续工作。 · 细心、眼睛好：能分辨图片中微小的差异或模糊字迹。 · 愿意听指令：按照既定规则操作，不擅自发挥。 三、工作环境与待遇预期 · 时间：常为固定班次（如早九晚六），部分项目允许晚班或居家办公。 · 薪酬：多为计件制（标一个得几毛钱），或底薪+提成，新手期月入约4000-8000元（根据城市和效率浮动）。 · 适合人群：宝妈、待业青年或中年、转行过渡等（需具备基本电脑操作能力）、想找稳定文职类工作的求职者。 工作地点 上海静安区紫安大厦1013 以担保或任何理由索要财物，扣押证照，均涉嫌违法。一经发现， 立即举报,"图像标注,语音标注,音频标注,视频标注,文本标注",http://www.zhaopin.com/jobdetail/CCL1514436220J41015996304.htm?refcode=4019&srccode=401901&preactionid=bc722566-4e39-439c-b3db-b03246130d64
数据标注,杭州锦献科技有限公司,6000-9000元,杭州·余杭·仓前,广州,大专,经验不限,6月3日,zhilian,职位描述 计算机 岗位内容： 1. 根据需求，负责数据标注、分类、翻译等工作； 2. 负责撰写和维护标注规范文档； 3. 协调数据收集，监督数据质量。 4. 与团队成员协同配合，确保项目进展顺利。 任职要求： 1. 熟练掌握多国语言（英语、中文、日语等）； 2. 熟悉或了解机器学习或计算机视觉相关知识； 3. 具备耐心和细致的工作态度，并能承受工作压力； 4. 具备较强的沟通协调能力和团队合作精神。 工作地点 杭州市-余杭区-仓前街道未来科技城海创园龙潭路20号3楼 以担保或任何理由索要财物，扣押证照，均涉嫌违法。一经发现， 立即举报,计算机,http://www.zhaopin.com/jobdetail/CCL1524520940J40939710508.htm?refcode=4019&srccode=401901&preactionid=bc722566-4e39-439c-b3db-b03246130d64
数据标注-五险一金-朝八晚五-带薪培新-5000+,泰盈科技集团股份有限公司,4000-7000元,泰安·肥城市·新城街道,广州,学历不限,经验不限,7月25日,zhilian,岗位职责： 岗位职责：进行售后信息录入工作 工作地点 泰安肥城市肥城信业商厦(中心店)21 以担保或任何理由索要财物，扣押证照，均涉嫌违法。一经发现， 立即举报,"图像标注,语音标注,音频标注",http://www.zhaopin.com/jobdetail/CC292011210J40864571911.htm?refcode=4019&srccode=401901&preactionid=bc722566-4e39-439c-b3db-b03246130d64
数据标注,邯郸市鑫码网络科技有限公司,3000-6000元,邯郸·邯山区·浴新南街道,广州,大专,经验不限,7月25日,zhilian,职位描述 数据标注 人工智能 岗位内容： 1. 对数据进行标注、打标签、整理、审核等工作； 2. 确保数据质量和数据准确性； 3. 配合客户进行项目进度跟进及反馈。 任职要求： 1. 具备较强的学习能力，对新事物接纳度高； 2. 工作积极主动，具有强烈的责任感和团队协作意识； 3. 善于处理问题，具有良好的逻辑思维能力； 工作地点 邯郸市-邯山区-中华南大街231号邯山广场北侧214号 以担保或任何理由索要财物，扣押证照，均涉嫌违法。一经发现， 立即举报,数据标注,http://www.zhaopin.com/jobdetail/CCL1523669840J40864037405.htm?refcode=4019&srccode=401901&preactionid=bc722566-4e39-439c-b3db-b03246130d64
AI数据标注/AI训练师,深圳市转凡成圣教育科技有限公司,6000-9000元·13薪,珠海·香洲区·吉大街道,广州,大专,经验不限,7月25日,zhilian,职位描述 图像标注 语音标注 文本标注 多模态数据标注 标注规则优化 数据预处理 工作职责： 1. 负责AI模型训练所需数据的标注工作，包括但不限于图像、文本、语音等多模态数据的分类、框选、转录等任务。 2. 严格遵循标注规范与质量标准，对标注数据进行自查与互查，确保数据的准确性与一致性。 3. 参与标注规则的制定与优化，结合业务场景提出数据标注的改进建议，提升标注效率与质量。 4. 协助AI算法团队进行模型训练数据的预处理与清洗，为模型迭代提供高质量的训练样本。 任职要求： 1. 大专及以上学历，计算机、数据科学、统计学等相关专业优先。 2. 具备良好的逻辑思维能力与细节把控能力，能快速理解复杂的标注规则与业务场景。 3. 熟悉至少一种数据标注工具（如LabelImg、LabelMe等），有AI数据标注或相关领域经验者优先。 4. 具备较强的学习能力，能快速适应不同类型的数据标注任务与业务需求。 5. 工作认真负责，具备良好的团队协作精神与沟通能力。 公司福利 朝九晚六 周末双休 奖金绩效 年终奖 工作地点 珠海香洲区东亚大厦B座 以担保或任何理由索要财物，扣押证照，均涉嫌违法。一经发现， 立即举报,"图像标注,语音标注,文本标注,多模态数据标注,标注规则优化,数据预处理",http://www.zhaopin.com/jobdetail/CCL1523522360J40981237002.htm?refcode=4019&srccode=401901&preactionid=bc722566-4e39-439c-b3db-b03246130d64
数据标注员,北京智享众合科技有限公司,150-200元/天,天津·武清·东蒲洼,广州,大专,经验不限,5月7日,zhilian,岗位职责: 1、接触人工智能，充分理解模型训练背景和要求; 2、接受项目培训和学习，使用平台自动化工具对不同类型数据进行处理后，形成可供计算机识别分析优质数据; 3、认真负责，配合基地项目安排，保证作业输出数据质量。 二、招聘要求: 1、要求:大专以上学历，男女不限; 2、电脑操作熟练，学习能力强，能够快速适应新工具和新项目; 3、认真负责，细心耐心，具备良好的团队合作精神和沟通能力; 4、稳定性工作至少6个月以上。 三、薪酬待遇: 1、薪酬待遇:底薪2000元/月+200元/全勤+绩效提 成，综合薪资3000-3500元/月; 2、工作时间:每天工作时间9:00-18:00，每天工作8小 时，每周工作6天，单休 工作地点 天津武清区俊安金融中心 以担保或任何理由索要财物，扣押证照，均涉嫌违法。一经发现， 立即举报,图像标注,http://www.zhaopin.com/jobdetail/CCL1506278920J40772224506.htm?refcode=4019&srccode=401901&preactionid=bc722566-4e39-439c-b3db-b03246130d64
【入职五险一金】数据标注专员/双休+十三薪,邯郸市丛台区圣誉文化传媒有限公司,8000-11000元·13薪,北京·朝阳·八里庄,广州,本科,经验不限,7月24日,zhilian,职位描述 文本标注 多类型数据审核 标注流程优化 标注规则执行 任职要求 1. 大专及以上学历，专业不限，有数据标注经验者优先。 2. 具备良好的逻辑思维能力与细节敏感度，能快速理解标注规则。 3. 熟练使用电脑及常用办公软件，打字速度较快。 4. 工作认真负责，有耐心，能承受一定的重复性工作压力。 补充说明 1. 薪酬福利：入职五险一金、十三薪 2. 排班信息：双休 工作地点 北京朝阳区华贸中心三楼整层 以担保或任何理由索要财物，扣押证照，均涉嫌违法。一经发现， 立即举报,"文本标注,多类型数据审核,标注流程优化,标注规则执行",http://www.zhaopin.com/jobdetail/CCL1267255920J40866824707.htm?refcode=4019&srccode=401901&preactionid=bc722566-4e39-439c-b3db-b03246130d64
大学城数据标注（工作简单，可接受27届实习生、接受签订三方协议）,重庆外企德科人力资源服务有限公司,3000-4000元,重庆·沙坪坝·虎溪,广州,大专,经验不限,6月30日,zhilian,"岗位职责， 优秀可以转全职 1负责对图像进行标注，在系统上将图片中的目标物体按要求标定出来； 2.负责图像标注工作的进度跟踪，完成情况数据统计； 3.负责图像标注成果物的整理、提交; 4.完成上级交办的其他工作； 任职要求： 1大专及以上学历; 2.工作踏实认真，能接受电脑重复性工作，有耐心，细心，责任心。 工作地点：重庆核数汇信息科技有限公司（高新区金凤软件园E2-B2幢7层）（大学城轻轨站步行10分钟） 1、上班时间：9:00-12:00,13：00-18:00，单休周末 2、薪资:每日10号发薪(举例4月10日发3月薪资) 工作地点 沙坪坝区金凤软件园二期重庆核数汇信息科技有限公司 以担保或任何理由索要财物，扣押证照，均涉嫌违法。一经发现， 立即举报 客户","图像标注,文本标注",http://www.zhaopin.com/jobdetail/CC507822720J40872568514.htm?refcode=4019&srccode=401901&preactionid=e1943d8c-b32e-4249-9177-e6695a5ebef5
人工智能数据标注,方凡视界(贵州)科技有限责任公司,2000-4000元,黔南·涟江街道,广州,大专,经验不限,7月21日,zhilian,职位描述 图像标注 语音标注 音频标注 视频标注 文本标注 人工智能 我们正在寻找一位专业数据标注师，负责为机器学习模型提供高质量的训练数据。 工作内容： 包括数据分类、标注、校验和整理等。 岗位要求： 1. 大专及以上学历，计算机或相关专业优先； 2. 熟悉数据标注工具和流程； 3. 良好的数据敏感度和分析能力； 4. 细心、耐心，有团队精神； 5. 有数据标注或相关领域工作经验者优先。 工作地点 贵州省黔南布依族苗族自治州惠水县和平镇涟江街道贵州大学科技学院旁若水楼204 以担保或任何理由索要财物，扣押证照，均涉嫌违法。一经发现， 立即举报,"图像标注,语音标注,音频标注,视频标注,文本标注",http://www.zhaopin.com/jobdetail/CCL1526549320J40881881305.htm?refcode=4019&srccode=401901&preactionid=e1943d8c-b32e-4249-9177-e6695a5ebef5
ai数据标注技术员,广州梁冶传媒有限公司,1-1.2万,广州·白云·鹤龙,广州,大专,经验不限,7月11日,zhilian,职位描述 文本标注 图像标注 语音标注 多模态数据标注 标注质量校验 标注流程优化 工作职责 1. 负责AI模型训练所需的文本、图像、语音等多模态数据标注工作，严格遵循标注规则完成任务。 2. 对标注数据进行质量自检与交叉校验，及时修正标注错误，确保数据准确性与一致性。 3. 协助优化标注流程与规则，反馈标注过程中遇到的问题，提升整体标注效率。 4. 参与标注工具的测试与使用反馈，配合技术团队完善工具功能。 任职要求 1. 大专及以上学历，专业不限，有数据标注、内容审核相关经验者优先。 2. 具备良好的逻辑思维能力与细节把控能力，能快速理解并执行复杂标注规则。 3. 熟练使用电脑办公软件，打字速度较快，能适应重复性工作。 4. 学习能力强，具备一定的行业知识储备（如广告营销、图像识别等领域）者优先。 5. 工作认真负责，有耐心，能承受一定的工作压力。 工作地点 广州白云区汇金广场 以担保或任何理由索要财物，扣押证照，均涉嫌违法。一经发现， 立即举报,"文本标注,图像标注,语音标注,多模态数据标注,标注质量校验,标注流程优化",http://www.zhaopin.com/jobdetail/CCL1512710170J40788376006.htm?refcode=4019&srccode=401901&preactionid=e1943d8c-b32e-4249-9177-e6695a5ebef5
数据标注员！办公室坐班！月休6000+,徐州爱浠企业管理有限公司,6000-7000元,成都·金牛·金泉,广州,本科,经验不限,7月6日,zhilian,职位描述 语音标注 图像标注 文本标注 人工智能 重要事情说三遍 工作内容数据标注与视频标注审核 （一）世界方向标注执行:按照标注标准和S0P，完成物理世界规律、3D空间一致性、长文本视频生成的逻辑与因果关系标注任务，进行专业标 注，保证标注质量和交付效率 （二）：对于短视频进行标注分类 （是否倒流还是引流，给予标签） 入职带薪培训 （1）本科及以上学历， （2）经验相关：学历与专业:本科及以上学历，游戏设计、动画、数字媒体、物理、（可无经验要求） 二、 任职要求： 1、基础要求：本科及以上学历， 薪资6500+ 月休6天 工作地点 成都金牛区君信大厦B座 以担保或任何理由索要财物，扣押证照，均涉嫌违法。一经发现， 立即举报,"语音标注,图像标注,文本标注",http://www.zhaopin.com/jobdetail/CCL1469301770J40878852905.htm?refcode=4019&srccode=401901&preactionid=e1943d8c-b32e-4249-9177-e6695a5ebef5
数据标注,济南启慧文化传媒有限公司,6000-7000元,济南·槐荫·振兴街,广州,学历不限,经验不限,7月25日,zhilian,职位描述 新媒体 物联网 人工智能 岗位内容： 1. 根据项目需求，负责数据标注、分类、标签制作等工作； 2. 维护数据标注质量并改进标注流程； 3. 及时响应客户需求，满足客户标注要求。 任职要求： 1. 具备基本电脑操作技能以及网络资源的查找和使用能力； 2. 具备良好的文字表达能力和沟通协调能力； 3. 对细节敏感，具备较强的责任心和工作意识； 4. 具备耐心细致的工作态度和团队合作精神。 工作地点 济南市-槐荫区-经十路22799号 以担保或任何理由索要财物，扣押证照，均涉嫌违法。一经发现， 立即举报,"新媒体,物联网,人工智能",http://www.zhaopin.com/jobdetail/CCL1517606330J40764468406.htm?refcode=4019&srccode=401901&preactionid=e1943d8c-b32e-4249-9177-e6695a5ebef5
数据标注员双休,安徽广缘人力资源管理有限公司,4000-5000元,合肥·蜀山·锦绣社区,广州,本科,经验不限,7月23日,zhilian,岗位职责： 1. 负责各类语音数据的标注、分类及质量审核工作，确保数据准确性和一致性； 2. 根据项目需求遵循标注规范完成任务，及时反馈标注过程中的问题； 3. 协助优化标注流程，提升数据处理效率； 4. 配合团队完成数据整理、归档等基础性工作。 任职要求： 本科+英语6级或以上 1. 工作认真细致，有耐心，具备良好的执行力和责任心； 2. 具备良好的沟通能力和团队协作意识，能积极配合团队完成任务； 3. 学习能力强，能够快速掌握标注规则并投入实际工作； 4. 能够按时完成分配的工作任务，保证工作进度和质量。 工作地点 安徽省合肥市蜀山区天门路80号3号楼5层3504室 以担保或任何理由索要财物，扣押证照，均涉嫌违法。一经发现， 立即举报,语音标注,http://www.zhaopin.com/jobdetail/CC666675020J40910734403.htm?refcode=4019&srccode=401901&preactionid=e1943d8c-b32e-4249-9177-e6695a5ebef5
ai数据标注,沈阳盛启达信息咨询有限公司,5000-8000元,沈阳·和平·太原街,广州,大专,经验不限,7月25日,zhilian,职位描述 文本标注 图像标注 语音标注 数据质量校验 标注流程优化 标注工具使用 工作职责 1. 严格遵循标注规则，完成AI模型训练所需的文本、图像、语音等数据的标注与审核工作。 2. 对标注数据进行质量校验，及时发现并修正标注错误，确保数据准确率符合项目要求。 3. 协助优化标注流程与规则，反馈标注过程中遇到的问题，提升团队整体标注效率。 4. 整理标注数据的统计信息，为算法团队提供数据质量分析支持。 任职要求 1. 大专及以上学历，专业不限，有AI数据标注经验者优先。 2. 具备良好的逻辑思维与细节敏感度，能快速理解并执行复杂标注规则。 3. 熟悉计算机基础操作，能熟练使用标注工具（如LabelImg、LabelMe等）优先。 4. 具备较强的责任心与耐心，能承受重复性工作并保证标注质量。 工作地点 沈阳市-和平区-南京北街268号15 以担保或任何理由索要财物，扣押证照，均涉嫌违法。一经发现， 立即举报,"文本标注,图像标注,语音标注,数据质量校验,标注流程优化,标注工具使用",http://www.zhaopin.com/jobdetail/CCL1523560040J40937522308.htm?refcode=4019&srccode=401901&preactionid=e1943d8c-b32e-4249-9177-e6695a5ebef5
影视数据标注员,外企德科,6000-10000元·13薪,上海·浦东·南汇新城,广州,本科,经验不限,7月26日,zhilian,岗位职责 1 . 学习专业视频内容描述及标注规范，参加为期 5 天的项目培训，并按要求完成每日学习任务。 2 . 熟悉并掌握项目处理流程、标注标准及质量要求，按时完成阶段性考核与测试。 3 . 通过培训测试及试标考核后，正式参与平台视频内容标注工作。 4 . 对视频内容进行理解、分析与准确描述，从镜头语言、画面构图、人物动作、场景信息及声音质感等维度完成相关标注任务。 5 . 根据项目规范准确使用分镜、景别、镜头运动、时间戳等影视专业术语，确保标注内容完整、规范且准确。 6 . 按要求完成标注内容的检查与修改，及时反馈作业过程中发现的问题，持续提升工作质量与效率。 1.3 岗位要求 1 . 本科及以上学历，影视艺术类院校 或 985、211 综合类院校毕业者优先。 2 . 导演、编剧、广播电视编导、摄影、摄像、影视制作、后期剪辑等相关专业优先。 3 . 具备编导、分镜设计、摄影摄像、视频剪辑、导演等相关学习、实践或从业经历者优先，应届毕业生亦可。 4 . 具备较强的视频内容理解能力，熟悉景别、构图、运镜、剪辑节奏等影视基础知识和文本表述能力。 5 . 工 作认真细致，耐心负责，具备良好的执行力、沟通能力、自学能力及团队协作意识。 1.4 加分项 1. 具备视频、图像、文本等内容标注、质检或评测相关经验。 2. 个人作品曾入围或获奖于上海国际电影节、金鸡奖、金马奖、FIRST 青年电影展、平遥国际电影展 等专业电影节或赛事。 3. 参与过院线电影、电视剧、网络剧、短片、纪录片或电视广告等项目的摄影、制作及后期工作。 4. 熟练使用 Premiere、Final Cut Pro、DaVinci Resolve、剪映等视频剪辑软件。 1.5 薪资福利 1. 提供完善的培训体系与晋升通道； 2. 长期稳定的项目机会 + 清晰绩效激励 + 成长空间广阔。 1.6 工作地点 浦东新区上海临科智华数字科技有限公司1 以担保或任何理由索要财物，扣押证照，均涉嫌违法。一经发现， 立即举报,视频标注,http://www.zhaopin.com/jobdetail/CC138117190J40883424905.htm?refcode=4019&srccode=401901&preactionid=e1943d8c-b32e-4249-9177-e6695a5ebef5
数据标注（实习全职不限）,重庆文德数字科技有限公司,150-200元/天,宜宾·叙州区·赵场街道,广州,大专,经验不限,7月25日,zhilian,职位描述 可转正 实习证明 云计算 人工智能 工作内容： 1、使用标注工具对图文进行分类标签打标； 2、对标注结果进行复审，确保标注结果质量满足需求； 职位要求： 1、大专及以上学历； 2、服从安排，电脑基础办公熟练； 工作地点在永川区大数据产业园； 可安排线上面试 有住宿！（环境好） 有住宿，可线上面试） 工作地点 叙州区四川省宜宾市徐州区天枢路22号2栋12层中国五冶集团南部新区M0项目部2栋12楼 以担保或任何理由索要财物，扣押证照，均涉嫌违法。一经发现， 立即举报,"可转正,实习证明,云计算,人工智能",http://www.zhaopin.com/jobdetail/CC879903730J40861584515.htm?refcode=4019&srccode=401901&preactionid=e1943d8c-b32e-4249-9177-e6695a5ebef5
ai训练师/数据标注,沈阳信涵科技有限公司,5000-8000元,沈阳·皇姑·新乐,广州,大专,经验不限,7月26日,zhilian,职位描述 图像标注 语音标注 文本标注 多类型数据标注 标注质量管控 标注流程优化 工作职责 1. 负责AI模型训练所需数据的标注工作，包括图像、文本、语音等多类型数据的分类、框选、转录等任务。 2. 严格遵循标注规范与质量标准，确保标注数据的准确性、完整性与一致性。 3. 协助优化标注流程与规则，反馈标注过程中遇到的问题，参与数据质量校验与异常数据处理。 4. 配合技术团队完成模型训练数据的迭代更新，支撑AI算法的性能提升。 任职要求 1. 大专及以上学历，计算机、数据科学、语言学等相关专业优先。 2. 具备数据标注或AI训练相关经验者优先，熟悉标注工具（如LabelImg、LabelMe等）操作更佳。 3. 具备较强的责任心与细节把控能力，能严格遵守标注规则并高效完成任务。 4. 学习能力强，能快速理解新的标注需求与业务场景，适应不同类型的数据标注任务。 工作地点 沈阳市皇姑区黄河南大街106-110号 以担保或任何理由索要财物，扣押证照，均涉嫌违法。一经发现， 立即举报,"图像标注,语音标注,文本标注,多类型数据标注,标注质量管控,标注流程优化",http://www.zhaopin.com/jobdetail/CCL1525143740J40866393507.htm?refcode=4019&srccode=401901&preactionid=e1943d8c-b32e-4249-9177-e6695a5ebef5
数据标注员兼职,沈阳朗达科技发展有限公司,3000-5000元,沈阳·浑南·桃仙,广州,大专,经验不限,7月21日,zhilian,职位描述 视频标注 音频标注 文本标注 图像标注 语音标注 人工智能 互联网电商 互联网教育 云计算 产业互联网平台 软件/IT服务 【岗位：数据标注兼职】 长期稳定数据标注兼职岗位，居家线上即可做，时间自由、正规靠谱，适合想长期居家兼职增收的小伙伴！ 任职要求 1. 熟练使用电脑，理解能力良好，无阅读障碍，能精准看懂标注操作要求； 2. 工作态度积极认真，有责任心，做事细致靠谱，三观端正，服从工作安排； 3. 每天保证4小时以上固定空闲时间，工作时间稳定，不随意摆烂、无故断更； 4. 需要有标注经验，内部统一培训，简单易上手。 工作说明 1. 居家线上办公，需要台式机电脑，无需坐班、无需出门，时间自主把控； 2. 任务有明确时效、正确率标准，认真完成即可，达标可长期稳定居家办公； 3. 凑满5人统一安排专项培训，单次培训30分钟左右，简单易懂、快速上手。 薪资结算 按月结算，根据任务通过率统一结算薪资，规则透明、结算稳定。 报名方式 有意向者加V直接进群，修改群备注：姓名+固定工作时间段+电话，等待统一安排培训派单！. 工作地点 辽宁省沈阳市浑南区创新二路29-11门 以担保或任何理由索要财物，扣押证照，均涉嫌违法。一经发现， 立即举报,"视频标注,音频标注,文本标注,图像标注,语音标注",http://www.zhaopin.com/jobdetail/CCL1311491140J40901551403.htm?refcode=4019&srccode=401901&preactionid=e1943d8c-b32e-4249-9177-e6695a5ebef5
数据标注,成都鑫芯晟科技有限公司,7000-9000元,广州·海珠·琶洲,广州,大专,经验不限,6月23日,zhilian,职位描述 图像标注 文本标注 数据质量校验 标注规则优化 重复性工作适应 工作职责： 1. 依据项目标注规范，完成数据的分类、框选、标注等基础任务，确保数据标注的准确性与一致性。 2. 对标注完成的数据进行自查与交叉校验，及时修正标注错误，提升数据质量。 3. 记录标注过程中遇到的问题，反馈给项目负责人，协助优化标注规则与流程。 任职要求： 1. 大专及以上学历，专业不限，有良好的耐心和数据整理思路。 2. 具备良好的逻辑思维与细节敏感度，能快速理解并执行标注规则。 3. 熟练使用电脑及办公软件，打字速度较快，能适应一定强度的重复性工作。 4. 工作认真负责，有耐心，具备团队协作意识。 工作地点 广州海珠区欢聚大厦8层 以担保或任何理由索要财物，扣押证照，均涉嫌违法。一经发现， 立即举报,"图像标注,文本标注,数据质量校验,标注规则优化,重复性工作适应",http://www.zhaopin.com/jobdetail/CCL1523330950J40987987702.htm?refcode=4019&srccode=401901&preactionid=e1943d8c-b32e-4249-9177-e6695a5ebef5
AI数据标注师,山西楷知科技有限公司,3000-4000元,临汾·尧都区·尧庙镇,广州,大专,经验不限,7月23日,zhilian,职位描述 图像标注 语音标注 音频标注 视频标注 文本标注 人工智能 产业互联网平台 【工作内容】负责AI人工智能驾驶数据库建设，根据标注规则，对2D、3D、4D无人车相关的图形，点云数据等进行精准标注，包括但不限于车辆、行人、路标志、交通信号灯、障碍物等物体的标记，分类和位置标注。 【任职要求】 大专及以上学历（学信网可查），男女不限，计算机、大数据相关专业优先； 会基本电脑操作，细心踏实、服从管理； 应届生、无经验均可，免费岗前培训。 【薪资待遇】 综合月薪2000-4000+，多劳多得。公司团队偏年轻化，氛围轻松； 【工作时间】 早九晚六，月休4天，环境轻松、长期稳定。 工作地点 临汾尧都区华门新天地-15号楼 以担保或任何理由索要财物，扣押证照，均涉嫌违法。一经发现， 立即举报,"图像标注,语音标注,音频标注,视频标注,文本标注",http://www.zhaopin.com/jobdetail/CCL1504791580J40865042407.htm?refcode=4019&srccode=401901&preactionid=e1943d8c-b32e-4249-9177-e6695a5ebef5
双休-办公室坐班-表演类优先-AI视频数据标注,上海仁联企业服务(集团)有限公司,4000-5000元,大同·平城区·水泊寺街道,广州,本科,经验不限,7月22日,zhilian,岗位职责： 1、需要根据用户生成视频的指令词，对照[生成视频与原始视频的区别]，对机标画面 / 镜头描述脚本有问题的地方，进行改写/调整/删减。 2、工作内容简单易上手，可接受实习生，上班时间轻松，不加班到点就走。 3、具备丰富的阅片量，有良好的影视审美与专业视听语言基础，能精准识别构图、影调、风格之类;善于举一三，学习与理解能力强，稳定性强。 4、本科及以上;戏剧与影视/戏剧学/艺术学/电影学/编导/摄影/表演。 福利待遇： 工作时间是10-19 点，周末双休、法休，薪资5K-8K，五险一金缴纳. 工作地点 平城区万达广场(大同平城店)1 以担保或任何理由索要财物，扣押证照，均涉嫌违法。一经发现， 立即举报 客户,"视频标注,AI视频,即梦,双休",http://www.zhaopin.com/jobdetail/CC641703630J40866472207.htm?refcode=4019&srccode=401901&preactionid=e1943d8c-b32e-4249-9177-e6695a5ebef5
数据标注训练师（可零基础/实习生）,石家庄旗胜信息科技有限公司,4000-5000元,张家口·桥东区·老鸦庄镇,广州,大专,经验不限,7月25日,zhilian,职位描述 文本标注 视频标注 音频标注 语音标注 图像标注 人工智能 产业互联网平台 云计算 一、任职要求： 1、学历要求：大专及以上； 应届生、转行、宝妈均可。 2、硬性技能：熟练电脑操作，会 Office；视力良好；打字流畅。 3、软性素质：细心耐心、专注力强、坐得住；理解能力强，能吃透复杂标注规则；责任心强，对数据精度敏感；服从安排，有基础抗压能力。 4、经验：无需相关经验，公司提供免费带薪岗前培训。 5、加分项：有图文审核、客服、图文处理经验；会简单 PS；接触过自动驾驶 / 大模型标注优先。 二、岗位内容： 1、按项目规范，使用标注工具处理图像、文本、语音、视频、3D 点云数据：图片拉框 / 分割、文本实体 / 意图分类、语音转写、视频关键点标注、自动驾驶 4D 点云标注GitCode。 2、数据清洗：剔除模糊、无效、重复脏数据，统一数据格式，满足 AI 模型训练要求。 3、严格把控准确率，按要求修改质检退回的错误标注，降低返工率。 4、学习新项目标注规则，快速适配不同行业项目（大模型、自动驾驶、医疗、安防）。 5、记录工作问题，及时向组长反馈规则模糊、工具 bug 等异常。 6、配合团队完成每日产能指标，保证项目交付进度。 三、薪资待遇： 1、综合月薪：4000-5000元（无责底薪+ 计件提成 ），多劳多得，计件上不封顶 2、6个月后可免费培养晋升AIGC训练师 工作地点 桥东区中国电信股份有限公司(张家口分公司) 以担保或任何理由索要财物，扣押证照，均涉嫌违法。一经发现， 立即举报,"文本标注,视频标注,音频标注,语音标注,图像标注",http://www.zhaopin.com/jobdetail/CCL1510533060J40849221805.htm?refcode=4019&srccode=401901&preactionid=83ba4bdf-1082-4b99-8988-c4f8b0442be1
数据标注工程师,河南泉涌蓬勃通信技术服务有限公司焦作博爱分公司,3000-5000元,焦作·山阳区·新城街道,广州,学历不限,经验不限,7月26日,zhilian,岗位职责： 1. 对图片数据进行标注、标识，完成AI大数据的喂养工作； 2. 按照标准流程完成每日标注任务，确保数据准确性和一致性； 3. 配合团队完成数据整理、分类及相关辅助工作； 3. 工作时间：8:30-12:00，13:30-18:00，8小时工作制，月休4天。 任职要求： 1. 会使用电脑基础操作，无学历和工作经验要求； 2. 工作轻松，仅需在图片上标注相应标识即可； 3. 无着装限制，在不影响工作和同事情况下可使用手机听歌、听小说等。 薪资待遇： 培训期6天，每天50元；实习期一个月，2100元底薪+200元全勤奖；转正后2600元底薪+200元全勤奖+提成，综合薪资3500元以上。 工作地点 焦作市-山阳区-新丰二街中海丽江东北侧约40米怀庆药都3号楼3楼 以担保或任何理由索要财物，扣押证照，均涉嫌违法。一经发现， 立即举报,图像标注,http://www.zhaopin.com/jobdetail/CCL1507771440J40858438111.htm?refcode=4019&srccode=401901&preactionid=83ba4bdf-1082-4b99-8988-c4f8b0442be1
数据标注员（接受小白）,河北大煜时代智能科技有限公司,4000-7000元,石家庄·新华·合作路,广州,大专,1-3年,7月26日,zhilian,职位描述 图像标注 视频标注 计算机软件 产业互联网平台 云计算 人工智能 岗位内容： 1. 根据项目需求，负责数据标注、分类、标签制作等工作； 2. 维护数据标注质量并改进标注流程； 3. 及时响应客户需求，满足客户标注要求。 任职要求： 1. 具备基本电脑操作技能以及网络资源的查找和使用能力； 2. 具备良好的文字表达能力和沟通协调能力； 3. 对细节敏感，具备较强的责任心和工作意识； 4. 具备耐心细致的工作态度和团队合作精神。 工作地点 石家庄市-新华区-合作路街道和平西路499号17层 以担保或任何理由索要财物，扣押证照，均涉嫌违法。一经发现， 立即举报,"图像标注,视频标注",http://www.zhaopin.com/jobdetail/CC580076120J40800854112.htm?refcode=4019&srccode=401901&preactionid=83ba4bdf-1082-4b99-8988-c4f8b0442be1
数据标注,河北东来云信信息科技有限公司,3000-6000元,石家庄·建华南,广州,学历不限,经验不限,7月20日,zhilian,职位描述 图像标注 语音标注 音频标注 视频标注 文本标注 岗位内容： 1. 对数据进行标注、打标签、整理、审核等工作； 2. 确保数据质量和数据准确性； 3. 配合客户进行项目进度跟进及反馈。 任职要求： 1. 具备较强的学习能力，对新事物接纳度高； 2. 工作积极主动，具有强烈的责任感和团队协作意识； 3. 善于处理问题，具有良好的逻辑思维能力； 工作地点 石家庄市-裕华区-建华南大街212号b座1615 以担保或任何理由索要财物，扣押证照，均涉嫌违法。一经发现， 立即举报,"图像标注,语音标注,音频标注,视频标注,文本标注",http://www.zhaopin.com/jobdetail/CCL1482475370J40851734311.htm?refcode=4019&srccode=401901&preactionid=83ba4bdf-1082-4b99-8988-c4f8b0442be1
数据标注员,西安云水时代信息科技有限公司,6000-8000元·14薪,西安·雁塔·丈八沟,广州,大专,经验不限,6月10日,zhilian,职位描述 图像标注 视频标注 文本标注 语音标注 音频标注 在线音乐/视频/阅读 新媒体 产业互联网平台 岗位要求： 1. 根据项目需求，对文本、图像、音频、视频等数据进行清洗、分类、标注和质检，确保数据准确。 2. 严格按照标注规则和操作流程完成标注任务，保证标注效率及交付时效。 3. 配合团队完成数据标注相关的其他辅助性工作，如数据收集、简单分析等。 4. 协助优化标注工具和流程，提出改进建议，提升数据标注效率。 任职要求： 1. 大专及以上学历，专业不限。 2. 耐心细致，责任心强，能适应重复性工作并保证标注质量和标注效率。 3. 具备基础计算机操作能力，有标注工具使用经验、内容审核经验者优先。 4. 良好的抗压能力和团队协作意识。 工作地点 西安雁塔区瞪羚谷 以担保或任何理由索要财物，扣押证照，均涉嫌违法。一经发现， 立即举报,"图像标注,视频标注,文本标注,语音标注,音频标注",http://www.zhaopin.com/jobdetail/CCL1336478720J40818058414.htm?refcode=4019&srccode=401901&preactionid=83ba4bdf-1082-4b99-8988-c4f8b0442be1
大模型AI数据标注分析师,软通动力信息技术(集团)股份有限公司,7000-11000元,武汉·江夏,广州,本科,经验不限,7月25日,zhilian,职位描述 文本标注 视频标注 音频标注 语音标注 图像标注 工作内容： 1. 依据评估规则，对大语言模型的文本回复进行多维度质量评估与精准打分； 2. 撰写简明评估报告，具体说明评分依据、问题分析及改进建议； 3. 确保评估结果准确、一致，并参与校准测试以维护标准统一； 4. 高效完成标注任务，及时反馈评估过程中遇到的疑难案例。 岗位要求： 1. 较强的技术背景，有AI/大模型策略产品经理、运营实习经历优先； 2. 有自己的思考、具有良好的结构化思维能力，数据敏感，自驱力强，能够通过数据分析解决问题； 3. 学习能力强，良好沟通推动能力，合作和表达能力，与技术团队紧密配合； 4. 具备极强的责任意识，对待工作耐心且缜密，能够在高节奏的工作环境下保持稳定的产出。 工作地点 武汉江夏区现代光谷世贸中心 以担保或任何理由索要财物，扣押证照，均涉嫌违法。一经发现， 立即举报,"文本标注,视频标注,音频标注,语音标注,图像标注",http://www.zhaopin.com/jobdetail/CC000544460J40793045016.htm?refcode=4019&srccode=401901&preactionid=83ba4bdf-1082-4b99-8988-c4f8b0442be1
数据标注,抚顺市望花区时宜网络服务咨询中心,25元/时,抚顺·望花区·建设街道,广州,学历不限,经验不限,7月21日,zhilian,职位描述 图像标注 产业互联网平台 岗位内容： 1. 根据项目需求，负责数据标注、状态 2. 维护数据标注质量并改进标注流程 任职要求： 1. 在家手机或电脑即可完成； 2. 具备良好的文字表达能力和沟通协调能力； 3. 对细节敏感，具备较强的责任心和工作意识； 4. 具备耐心细致的工作态度和团队合作精神。 工作地点 抚顺望花区雷锋路13号1号楼4单元601 以担保或任何理由索要财物，扣押证照，均涉嫌违法。一经发现， 立即举报,图像标注,http://www.zhaopin.com/jobdetail/CCL1510461110J40838570113.htm?refcode=4019&srccode=401901&preactionid=83ba4bdf-1082-4b99-8988-c4f8b0442be1
AI数据标注,哈尔滨市道里区藏珍阁文玩工艺品店(个体工商户),4000-7000元,哈尔滨·共乐,广州,学历不限,1-3年,7月26日,zhilian,职位描述 图像标注 语音标注 音频标注 文本标注 无人驾驶2.3D 工作职责在电脑上对图像、文本、语音、视频等数据进行拉框、描点、转写等操作，并标注相应的数信息。同时，需要配合主管进行质检、培训等相关工作。 1．基本工资2500＋满勤200+提成，工作时间为早9:00至下午6:00，月休4天 2．完整的晋升机制，公司80％的管理层由内部晋升； 3．团队氛围良好，员工间互相支持，营造轻松和谐的工作环境。 工作地点 哈尔滨市-道里区-通达街347号21楼A座 以担保或任何理由索要财物，扣押证照，均涉嫌违法。一经发现， 立即举报,"图像标注,语音标注,音频标注,文本标注",http://www.zhaopin.com/jobdetail/CCL1525733720J40876654005.htm?refcode=4019&srccode=401901&preactionid=83ba4bdf-1082-4b99-8988-c4f8b0442be1
AI数据标注师,贵州玉须琢教育科技有限公司,3000-6000元,泰安·岱岳区·道朗镇,广州,大专,经验不限,7月25日,zhilian,职位描述 图像标注 语音标注 音频标注 视频标注 文本标注 公司名称：济南玉须琢数据服务有限公司泰安分公司 公司价值观：本分、诚信、卓越、客户导向 一、岗位：数据标注（长期招聘） 工作内容： 1. 学习标注规则。 2. 利用电脑完成2d，3d数据的标注 二、招聘人数: 不限 招聘要求: 1.大专及以上学历 2.稳定性（入职后要求做满一年） 3.无需相关行业工作经验，具备基本电脑操作能力 4.公司统一培训、考核，有良好的学习能力，工作负责细心 三、福利待遇: 工资：综合薪资3000-8000元，含岗位补贴、全勤、餐补、房补、绩效提成等 其它： 1.试用期1个月 2.工资每月25号发放上个月工资 3.其它下午茶，团建，节假日礼品购物卡等福利 4.节假日带薪 四、上班时间 上午9:00-12:00，下午13:00-18:00， 周一至周六上班，周日固定休息，法定节假日正常休息 五、晋升机制 标注员-质检员--组长-项目主管--项目经理 公司地址：泰安市岱岳区岱岳经济开发区石棚山街与圣康东路交叉口大数据产业园项目2号楼 工作地点 泰安岱岳区百度智能云(泰山)人工智能基础数据产业基地 以担保或任何理由索要财物，扣押证照，均涉嫌违法。一经发现， 立即举报,"图像标注,语音标注,音频标注,视频标注,文本标注",http://www.zhaopin.com/jobdetail/CCL1317662500J40841516014.htm?refcode=4019&srccode=401901&preactionid=83ba4bdf-1082-4b99-8988-c4f8b0442be1
AI数据标注师,吉林省极速职业技能培训学校有限公司,5000-6000元,长春·南关·新立城,广州,大专,经验不限,7月26日,zhilian,"岗位职责】 1. 数据标注与处理：使用特定的标注工具，对大量的原始数据（如图片、语音、文本、视频、3D点云等）进行人工标注、分类、整理和清洗。例如：框出图片中的车辆行人、转录语音为文字、对文本进行情感分类。 2. 质量把控：严格按照项目规范和标准流程完成任务，确保标注数据的准确性和合格率。 3. 问题反馈：在标注过程中发现数据问题或标准不清晰时，及时向项目负责人反馈。 4. 效率提升：根据项目要求，达成每日/每周规定的标注产量指标。 5. 自我学习：不断学习新的项目规则，适应不同种类的标注任务。 （二）【任职要求】 1. 基础门槛 * 学历要求：大专及以上学历，专业不限（计算机相关、信息技术、设计类专业优先考虑）。对于能力突出或有经验者，可放宽至中专/高中。 * 电脑操作：熟练使用电脑，掌握基础的办公软件（如Excel）操作。 2. 能力素质 * 耐心与细心：数据标注是一项重复性较强的工作，需要具备极强的耐心、细心和责任心，能坐得住，认真对待每一条数据。 * 学习与理解能力：能快速理解不同的项目标注规则（拉框、描点、转写等），并能准确应用到实际工作中。 * 观察力：对细节敏感，能快速发现数据中的异常和细微差别。 * 执行力：具备良好的时间管理能力，能够按时、按质、按量完成分配的任务。 * 团队合作：愿意与团队成员沟通，共同解决标注中遇到的疑难问题。 3. 优先考虑项 * 有数据标注、数据处理或审核相关工作经验者。 * 熟悉图片标注工具（如LabelImg, Labelme, CVAT等）或语音标注工具者。 * 打字速度快（对于文本/语音类项目尤为重要）。 * 对人工智能、无人驾驶、大数据行业有浓厚兴趣者。 * 具备基本的英语读写能力（视具体项目而定，如外语数据标注）。 （三）【福利待遇】 * 工作形式：全职/兼职/实习 * 培训机制：提供零基础的岗前培训，由项目主管手把手教学，无需担心没有经验。 * 晋升通道：标注专员 -> 项目质检员 -> 项目组长 -> 项目经理。公司提供完善的晋升机制，优先内部提拔。 * 工作环境：舒适的办公环境，团队年轻有活力，工作氛围轻松。 工作地点 长春南关区泰豪深蓝国际-2号楼 以担保或任何理由索要财物，扣押证照，均涉嫌违法。一经发现， 立即举报","图像标注,语音标注,音频标注,文本标注,视频标注",http://www.zhaopin.com/jobdetail/CC888357450J40864818305.htm?refcode=4019&srccode=401901&preactionid=83ba4bdf-1082-4b99-8988-c4f8b0442be1
数据标注专员助理,郑州蔚侃商贸有限公司,1.2-1.5万,郑州·金水·兴达路,广州,大专,经验不限,7月25日,zhilian,职位描述 文本标注 图像标注 数据审核 标注流程优化 办公软件熟练 工作职责 1. 严格遵循标注规则，完成文本、图像或商品信息等多类型数据的分类、打标与审核工作。 2. 及时反馈标注过程中遇到的规则歧义或数据异常，协助优化标注标准与流程。 3. 定期复盘标注质量与效率，主动提出优化建议，确保数据输出的准确性与时效性。 任职要求 1. 大专及以上学历，专业不限，有数据标注、信息审核类工作经验者优先。 2. 具备较强的逻辑思维与细节敏感度，能快速理解并执行复杂标注规则。 3. 熟练使用Excel等办公软件，打字速度快，能适应重复性工作并保持专注。 4. 责任心强，具备良好的沟通能力与团队协作意识。 工作地点 金水区航苓百货商行河南省郑州市郑东新区圃田泽路与美秀路交叉口尚景华园22号楼A3-3室G区77号 以担保或任何理由索要财物，扣押证照，均涉嫌违法。一经发现， 立即举报,"文本标注,图像标注,数据审核,标注流程优化,办公软件熟练",http://www.zhaopin.com/jobdetail/CCL1526481900J40865044501.htm?refcode=4019&srccode=401901&preactionid=83ba4bdf-1082-4b99-8988-c4f8b0442be1
9-6数据标注,泰盈科技集团股份有限公司,3000-5000元,泰安·岱岳区·粥店街道,广州,大专,1年以下,7月19日,zhilian,职位描述 语音标注 9-6班次 听取录音进行标注 薪资3500 五险一金 工作地点 岱岳区泰安市民之家 以担保或任何理由索要财物，扣押证照，均涉嫌违法。一经发现， 立即举报,语音标注,http://www.zhaopin.com/jobdetail/CC292011210J40853686111.htm?refcode=4019&srccode=401901&preactionid=83ba4bdf-1082-4b99-8988-c4f8b0442be1
数据标注员（可兼/全职、可居家）,重庆麦恩企业管理咨询有限公司,6000-8000元,杭州·萧山·盈丰,广州,初中及以下,经验不限,6月16日,zhilian,职位描述 图像标注 语音标注 音频标注 视频标注 文本标注 互联网游戏 产业互联网平台 人工智能 软件/IT服务 一、工作内容（简单重复，一学就会） 1. 按规则打标签：根据培训指导，在电脑上对图片、文字或语音进行简单判断和标记。例如： · 图像类：用鼠标框出图中“汽车”或“红绿灯”的位置；判断两张人脸照片“是”或“不是”同一个人。 · 文本类：判断一段评论是“好评”还是“差评”；选出句子里的“人名”和“地名”。 · 语音类：听一段录音，把听到的字打出来（类似听写）。 2. 检查与修改：对照原图/原文，快速检查自己或别人标记过的数据，发现点错、漏标的地方并改正。 3. 完成每日数量要求：每天按要求完成一定数量的基础标注任务（如：标300张图、听200句语音），熟能生快。 二、任职要求（几乎没有门槛） · 年龄/学历：不限，初中/高中及以上学历即可，不需要大学文凭。 · 电脑基础：会开关机、会使用鼠标、会打字即可。不需要懂代码或专业软件（上岗前都有详细培训）。 · 关键素质： · 坐得住、不急躁：能静下心在电脑前持续工作。 · 细心、眼睛好：能分辨图片中微小的差异或模糊字迹。 · 愿意听指令：按照既定规则操作，不擅自发挥。 三、工作环境与待遇预期 · 时间：常为固定班次（如早九晚六），部分项目允许晚班或居家办公。 · 薪酬：多为计件制（标一个得几毛钱），或底薪+提成，新手期月入约4000-8000元（根据城市和效率浮动）。 · 适合人群：宝妈、待业青年或中年、转行过渡等（需具备基本电脑操作能力）、想找稳定文职类工作的求职者。 工作地点 杭州萧山区博地中心502 以担保或任何理由索要财物，扣押证照，均涉嫌违法。一经发现， 立即举报,"图像标注,语音标注,音频标注,视频标注,文本标注",http://www.zhaopin.com/jobdetail/CCL1514436220J41015996204.htm?refcode=4019&srccode=401901&preactionid=83ba4bdf-1082-4b99-8988-c4f8b0442be1
AI数据标注,聊城聊维数据科技有限公司,3000-5000元,聊城·湖西街道,广州,大专,经验不限,7月22日,zhilian,"岗位职责: 1.根据项目要求对各类数据进行标注、分类和整理; 2.按照标准流程完成数据标注任务，确保数据准确性; 3.参与数据质量检查,协助提升数据可用性; 4.配合技术团队完成模型训练所需的数据支持工作; 5.持续学习标注规范,适应不同项目的标注需求。 任职要求: 1.具备良好的细致度和责任心，能够高效处理重复性工作; 2.能够准确理解并执行数据标注规则; 3.具备基础的计算机操作能力,熟悉常用办公软件; 4.具有良好的团队协作意识和沟通能力; 5.学习能力强,能快速适应新的任务要求。 工作地点 聊城市-东昌府区-湖西街道东昌府区郁光小学东南217米 以担保或任何理由索要财物，扣押证照，均涉嫌违法。一经发现， 立即举报","图像标注,语音标注,音频标注,视频标注,文本标注",http://www.zhaopin.com/jobdetail/CCL1516847250J40955054715.htm?refcode=4019&srccode=401901&preactionid=83ba4bdf-1082-4b99-8988-c4f8b0442be1
数据标注员,长春市鑫恺信息科技有限公司,3000-5000元,长春·绿园·青年路,广州,大专,经验不限,7月24日,zhilian,岗位职责： 1. 根据项目需求，进行数据收集、整理和分类。 2. 负责数据的质量控制，确保数据的准确性和可靠性。 3. 与团队成员合作，完成数据分析和处理。 4. 参与数据标注工具和方法的研究，提高数据处理效率。 任职要求： 1.性别不限。 2. 学历要求：大专及以上学历，专业不限，人工智能专业、计算机专业优先。 3. 具备良好的学习能力和执行力，富有责任心。 4. 能够熟练使用数据处理和标注工具。 5. 有良好的团队合作精神和沟通能力。 工作地点 长春市绿园区青年路83号d栋308 以担保或任何理由索要财物，扣押证照，均涉嫌违法。一经发现， 立即举报,数据标注,http://www.zhaopin.com/jobdetail/CCL1506356340J41023669204.htm?refcode=4019&srccode=401901&preactionid=d3fe316e-97fe-41e2-b94d-12e9526470ac
数据标注,安阳市千万网络有限公司,2000-4000元·20薪,安阳·西关街道,广州,学历不限,经验不限,7月18日,zhilian,职位描述 图像标注 视频标注 音频标注 语音标注 文本标注 岗位内容： 1. 对数据进行标注、打标签、整理、审核等工作； 2. 确保数据质量和数据准确性； 3. 配合客户进行项目进度跟进及反馈。 工作地点 安阳文峰区德隆街与彰德路交叉口西140米5号商铺 以担保或任何理由索要财物，扣押证照，均涉嫌违法。一经发现， 立即举报,"图像标注,视频标注,音频标注,语音标注,文本标注",http://www.zhaopin.com/jobdetail/CCL1488593850J40655782401.htm?refcode=4019&srccode=401901&preactionid=d3fe316e-97fe-41e2-b94d-12e9526470ac
ai数据标注,贵州望川科技有限公司,3000-4000元,贵阳·南明·后巢,广州,大专,经验不限,7月26日,zhilian,岗位职责: 1. 负责对图像、文本、语音等多模态数据进行准确标注和分类； 2. 根据项目需求完成数据清洗、标注规则理解与执行； 3. 按时保质完成分配的标注任务，确保数据交付的效率与准确性； 4. 配合团队进行标注问题反馈与规则优化，提升整体标注质量； 任职要求： 1. 具备良好的信息理解能力，能快速掌握不同类型的标注规范； 2. 熟练使用计算机及基础办公软件，操作流畅； 3. 工作细致耐心，有较强的责任心和执行力； 4. 具备一定学习能力，能适应重复性任务并保持稳定输出； 工作地点 贵阳南明区亚太中心19楼 以担保或任何理由索要财物，扣押证照，均涉嫌违法。一经发现， 立即举报,"图像标注,语音标注,音频标注,视频标注,文本标注",http://www.zhaopin.com/jobdetail/CCL1508441210J40844513109.htm?refcode=4019&srccode=401901&preactionid=d3fe316e-97fe-41e2-b94d-12e9526470ac
地图数据标注,智门(贵州)网络科技有限公司,3000-6000元,贵阳·南明,广州,大专,经验不限,7月24日,zhilian,职位描述 人工智能 嘿，我们在寻找一位细心、有责任心的数据标注小伙伴，一起为机器学习模型“喂食”吧！ 你的工作将是分类、标注数据，为AI世界添砖加瓦。 如果你满足以下条件，就赶快加入我们吧： 大专及以上学历，学计算机的更好哦； 熟悉数据标注工具和流程，也可无经验，你愿意学，我们可以教你； 喜欢与数字打交道，有良好的数据敏感度； 细心、耐心，享受团队工作的乐趣。 期待你的加入，一起为AI世界贡献力量！ 工作地点 贵州省贵阳市南明区园林路73号 以担保或任何理由索要财物，扣押证照，均涉嫌违法。一经发现， 立即举报,人工智能,http://www.zhaopin.com/jobdetail/CCL1523742980J40868837314.htm?refcode=4019&srccode=401901&preactionid=d3fe316e-97fe-41e2-b94d-12e9526470ac
数据标注,哈尔滨芯音文化传媒有限责任公司,3000-6000元,哈尔滨·道里·共乐,广州,学历不限,经验不限,7月25日,zhilian,职位描述 图像标注 音频标注 视频标注 文本标注 一、岗位基础信息 1.中专及以上学历，接收应届生、实习生，无专业硬性限制 • 仅要求基础电脑操作，细心有耐心，入职统一培训，零基础可上岗 • 办公地点固定，不接受居家办公，纯线下坐班 2. 核心工作内容（自动驾驶赛道标注） 1. 2D图片标注：按规范给图像内车辆、行人、路牌拉框、分类 2. 3D点云标注：无人驾驶激光雷达数据三维标注，难度更高、单价更高 3. 辅助工作：标注结果自查、抽查、数据整理、质检复核 3. 薪资结构（重点注意） 有责底薪2800 + 满勤+绩效提成 4000-6000上不封顶 • 收入逻辑：多劳多得，3D标注单价高于2D，熟练后绩效提升明显 • 晋升通道：标注员 → 质检经理，后续可往项目管理、质检主管发展 4. 工作时间 周一至周六上班，早8:30-18:00，午休1.5小时 工作地点 哈尔滨市-道里区-康安路83号二层五号门市 以担保或任何理由索要财物，扣押证照，均涉嫌违法。一经发现， 立即举报,"图像标注,音频标注,视频标注,文本标注",http://www.zhaopin.com/jobdetail/CCL1215732830J41012201504.htm?refcode=4019&srccode=401901&preactionid=d3fe316e-97fe-41e2-b94d-12e9526470ac
ai数据标注,金慧科技,5000-8000元,沈阳·皇姑,广州,本科,经验不限,7月23日,zhilian,岗位职责： 对公司分配的视频、图片、文字等进行审核，看是否有安全违规风险，如涉H涉B涉政，不用接打电话无销售性质 岗位福利： 五险一金、上五休二、加班补助 工作地点 皇姑区沈阳信悦汇-F1座22楼 以担保或任何理由索要财物，扣押证照，均涉嫌违法。一经发现， 立即举报,"图文审核,视频审核,音频审核,双休,五险一金",http://www.zhaopin.com/jobdetail/CC612833320J40817889601.htm?refcode=4019&srccode=401901&preactionid=d3fe316e-97fe-41e2-b94d-12e9526470ac
数据标注员管住宿,顺鑫(山东)创业孵化器有限公司,2000-3000元,济南·历城·鲍山,广州,大专,经验不限,7月25日,zhilian,岗位职责：234D数据拉框标注工作 2、电脑线上软件办公，无任何销售性质，AI 行业发展前景好 岗位要求： 1、大专及以上学历（非统招也可以），认真负责，有无经验均可； 2、男女不限，专业不限，无需任何数据经验，将提供统一带薪培训； 工作地点 济南历城区城投经贸生态港科创产业园 以担保或任何理由索要财物，扣押证照，均涉嫌违法。一经发现， 立即举报,图像标注,http://www.zhaopin.com/jobdetail/CCL1468380490J40918614812.htm?refcode=4019&srccode=401901&preactionid=d3fe316e-97fe-41e2-b94d-12e9526470ac
数据标注,贵州安盛科技技术服务有限公司,7000-13000元·13薪,珠海·香洲区·唐家湾镇,广州,本科,经验不限,7月25日,zhilian,职位描述 图像标注 语音标注 文本标注 数据质量校验 标注流程优化 办公软件熟练 人工智能 云计算 软件/IT服务 工作职责 1. 负责图像、文本、语音等多类型数据的标注工作，严格遵循标注规则与质量标准。 2. 对标注数据进行自查与交叉校验，确保数据的准确性与一致性。 3. 协助优化标注流程与规则，反馈标注过程中遇到的问题并提出改进建议。 奖金绩效 五险一金、13薪、年终奖、周末双休 工作地点 香洲区珠海信息港 以担保或任何理由索要财物，扣押证照，均涉嫌违法。一经发现， 立即举报,"图像标注,语音标注,文本标注,数据质量校验,标注流程优化,办公软件熟练",http://www.zhaopin.com/jobdetail/CCL1502840300J40948070408.htm?refcode=4019&srccode=401901&preactionid=d3fe316e-97fe-41e2-b94d-12e9526470ac
数据标注师,成都羽之墨科技有限公司,4000-7000元,成都·武侯·石羊,广州,大专,经验不限,7月8日,zhilian,职位描述 图像标注 语音标注 音频标注 视频标注 文本标注 人工智能 嘿，我们在寻找一位细心、有责任心的数据标注小伙伴，一起为机器学习模型“喂食”吧！ 你的工作将是分类、标注和校验数据，为AI世界添砖加瓦。 如果你满足以下条件，就赶快加入我们吧： 大专及以上学历，学计算机的更好哦； 熟悉数据标注工具和流程，但如果你愿意学，我们也可以教你； 喜欢与数字打交道，有良好的数据敏感度； 细心、耐心，享受团队工作的乐趣。 期待你的加入，一起为AI世界贡献力量！ 工作地点 成都市-武侯区-益新大道451号13层1308 以担保或任何理由索要财物，扣押证照，均涉嫌违法。一经发现， 立即举报,"图像标注,语音标注,音频标注,视频标注,文本标注",http://www.zhaopin.com/jobdetail/CCL1526165870J40879305605.htm?refcode=4019&srccode=401901&preactionid=d3fe316e-97fe-41e2-b94d-12e9526470ac
ai训练师/数据标注员,贵州嘉珩信息科技有限公司,3000-5000元,贵阳·观山湖,广州,大专,经验不限,7月25日,zhilian,岗位职责： 1、根据项目标注规则与标准，完成图片、文本、语音、视频等各类人工智能数据的清洗、筛选、分类、标注、校验等基础工作； 2、严格按照项目规范执行标注任务，保证标注数据的准确性、完整性和规范性，把控个人产出数据质量； 3、及时核对、修正标注过程中的错误数据，配合质检人员完成数据复审、整改、返工工作，保障项目交付进度； 4、熟练使用标注工具，遵守团队工作流程，按时完成每日、每周分配的量化工作任务； 5、学习并熟悉不同项目的标注要求，快速适配新项目规则，主动配合团队完成项目轮换及阶段性工作安排； 6、整理每日工作数据，做好工作记录，及时反馈工作中遇到的规则问题、数据异常问题，配合组长优化标注流程。 任职要求： 1、大专学历及以上，有无经验均可，接受实习生； 2、会基本电脑操作，打字流畅，做事细心、有耐心、专注力强； 3、服从团队管理，工作踏实稳定，能接受重复性文职类工作； 薪资福利： 1、薪资结构：底薪2400+提成，多劳多得，上不封顶； 2、带薪岗前培训，新人上手快，专人带教； 3、工作环境舒适，纯室内办公，无需外出、无销售性质、不加班； 工作地点 观山湖区贵阳国家高新区大学生创业园1号楼203 以担保或任何理由索要财物，扣押证照，均涉嫌违法。一经发现， 立即举报,"图像标注,语音标注,音频标注,视频标注,文本标注",http://www.zhaopin.com/jobdetail/CCL1522020010J41008501904.htm?refcode=4019&srccode=401901&preactionid=d3fe316e-97fe-41e2-b94d-12e9526470ac
ai数据标注师,山西艾斯弈体育文化发展有限公司,3000-4000元,天津·津南·八里台,广州,大专,经验不限,7月26日,zhilian,职位描述 图文审核 视频审核 音频审核 人工智能 工作职责： 1. 承担文本、图片、音频、视频等多模态数据的分类、标注及清洗工作，确保输出数据质量满足AI模型训练标准。 2. 严格执行数据标注规范，对标注结果开展自查与修正，保障标注成果的准确性与一致性。 3. 协助团队梳理并优化数据标注流程，主动提出合理化改进建议，助力提升整体数据处理效率。 任职要求： 1. 大专及以上学历，专业不限，本科背景优先。 2. 具备较强的学习能力与细致度，能够快速掌握数据标注规则及相关工具的操作方法。 3. 持有英语四级证书者优先考虑。 工作地点 天津津南区华录未来科技园-B区 以担保或任何理由索要财物，扣押证照，均涉嫌违法。一经发现， 立即举报,"图文审核,视频审核,音频审核",http://www.zhaopin.com/jobdetail/CCL1230394920J40845504910.htm?refcode=4019&srccode=401901&preactionid=d3fe316e-97fe-41e2-b94d-12e9526470ac
急招！数据标注实习岗 无经验要求,同方鼎欣科技股份有限公司,3000-5000元,重庆·两江新区,广州,大专,经验不限,7月17日,zhilian,岗位职责 负责 AI 训练所需多模态数据（文本、图像、语音、视频等类型）的标注、审核与修正工作，严格遵循标注规范，确保标注数据的准确性、完整性和时效性。 熟练使用各类标注软件（如 AIDP、LabelStudio、LabelMe、百度众测等），高效完成框选、分类、分割、关键点标注、文本转录等标注任务。 了解数据采集逻辑与标准，协助团队完成采集素材的核对、筛选，识别无效采集数据并反馈，保障采集素材质量。 严格执行标注全流程（接单 - 标注 - 自查 - 质检 - 交付），做好标注前准备、标注实操、自查自检、交付反馈等工作，及时上报标注过程中遇到的问题。 配合项目进度，按时完成批量标注任务，协助优化标注规范和流程，提升标注效率。 任职资格（核心匹配项・必达要求） 熟悉数据标注全流程（接单 - 标注 - 自查 - 质检 - 交付），具备真实多模态数据标注实操经验。 熟练使用至少 1-2 款主流标注软件，可快速上手各类新标注工具及自研标注系统。 了解数据采集相关知识，准确理解采集标准，可完成采集素材的基础核验与筛选工作。 性格细心严谨、责任心强，具备良好执行力与耐心，可适应批量重复标注工作，保障标注准确率。 学习能力强，可快速掌握不同项目标注规范，逻辑清晰，能及时沟通反馈问题。 可熟练进行电脑基础操作，具备良好阅读理解能力；身体健康，可适配岗位日常工作节奏。 岗位概况： 工作时间：9:00-18:30 岗位薪资：3000-4000 元 工作地点：重庆市两江新区仙桃数据谷 C6 栋 9 楼 工作地点 重庆两江新区仙桃国际数据谷 C6 栋 9 楼 以担保或任何理由索要财物，扣押证照，均涉嫌违法。一经发现， 立即举报,"图像标注,语音标注,音频标注,视频标注,文本标注",http://www.zhaopin.com/jobdetail/CC120137340J40875131609.htm?refcode=4019&srccode=401901&preactionid=d3fe316e-97fe-41e2-b94d-12e9526470ac
自招岗位！AI大数据标注实习生管理人性化,天浩工程技术服务(天津)有限公司,3000-5000元,天津·滨海新区·杭州道,广州,大专,经验不限,7月20日,zhilian,职位描述 图像标注 语音标注 音频标注 多类型标注任务执行 标注质量管控 标注工具适配 工作职责 1. 承担AI训练数据的多类型标注任务，覆盖图片框选、区域描点、文本分类、语音转写及视频内容审核等场景 2. 严格执行标注规范与质量标准，保障输出数据的准确性、一致性与完整性 3. 跟进标注任务进度，及时反馈流程中的问题，协助团队优化标注效率与质量 4. 快速掌握各类标注工具的操作逻辑，灵活适配不同业务场景的标注需求 任职要求 1. 专科及以上学历，专业不限，应届生、实习生均可投递 2. 熟练操作基础办公软件，学习能力强，能快速上手各类标注工具 3. 对人工智能、大数据领域有浓厚兴趣，愿意探索数据标注的技术价值 4. 工作细致耐心，具备良好的团队沟通意识与责任心，能承受重复性任务的压力 补充说明 1. 工作地点：天津市滨海新区黄海路137号 2. 薪资福利： - 双休，综合薪资3000-5000元 - 工作时间：9:00-18:00，午间休息1小时，法定节假日正常休息 - 提供免费住宿，设有管理层/技术层双方向晋升通道 - 优秀实习生毕业后可直接转正，缴纳五险一金 3. 培训支持：入职提供带薪培训，无经验亦可报名 工作地点 天津市-滨海新区-黄海一街40号 以担保或任何理由索要财物，扣押证照，均涉嫌违法。一经发现， 立即举报,"图像标注,语音标注,音频标注,多类型标注任务执行,标注质量管控,标注工具适配",http://www.zhaopin.com/jobdetail/CCL1422986570J40875877910.htm?refcode=4019&srccode=401901&preactionid=d3fe316e-97fe-41e2-b94d-12e9526470ac
数据标注,软通动力信息技术(集团)股份有限公司,3000-6000元,盐城·盐都区·新都街道,广州,大专,经验不限,7月23日,zhilian,岗位职责： 按照规范要求对文本、图片、音频、视频等内容进行风险研判的审核标注工作，严格贯彻执行业务规范流程，及时上报异常问题；对审核过程中的各类工作问题及时反馈上报，协助leader进行工作优化；积极参与业务培训，提升自身业务交付能力 二、任职条件： 1.大专及以上学历（必须毕业），普通话标准，具备一定的沟通逻辑和表达能力，有审核标注或者客服工作经验者优先 2.会基本的电脑操作 3.有较强的学习能力，能理解并运用相关的审核标注规则进行准确审核标注 4.具有较高细致度及较强执行力，能够恪守规范作业流程进行细微操作 5.熟悉互联网信息安全，具有风险意识； 6.抗压能力强，性格坚韧，能适应重复性工作 三福利： 1.法定假期基本工资三倍； 2.成长：规范化成熟职场，人际关系简单，有丰富的业务培训、工作技巧培训、晋升通道清晰 3.晋升通道:运营支撑方向（质检、组长、培训、主管、数据专员、信息安全专员） 目前处于项目扩张发展期，不定期进行内部公开竞聘 五排班： 班务：7*24H轮班制，早班、下午班、通宵班； 当前班次：07：00-15：00、09：00-18：00、15：00-24：00、16：00-01：00、17：00-02：00、23:00-08：00 说明： （1）综合工时制排班，月休6天，周末及节假日根据业务需求进行排班安排； （2）7*24H灵活班务，根据业务情况会实时调整班务或业务线 （3）通宵班次70元/班次（另外如果24点后下班的班次比例较多，则考虑给到20元/天的补贴）夜班也有量！可挣钱！ 需要强调未来需要根据业务情况7*24H调整 工作地点 盐都区盐城网易联合创新中心3楼 以担保或任何理由索要财物，扣押证照，均涉嫌违法。一经发现， 立即举报,"产业互联网平台,信息安全,人工智能",http://www.zhaopin.com/jobdetail/CC000544460J40828948916.htm?refcode=4019&srccode=401901&preactionid=d3fe316e-97fe-41e2-b94d-12e9526470ac
数据标注,成都鑫芯晟科技有限公司,7000-9000元,成都·武侯·石羊,广州,大专,经验不限,6月23日,zhilian,职位描述 图像标注 文本标注 数据质量校验 标注规则优化 重复性工作适应 工作职责： 1. 依据项目标注规范，完成数据的分类、框选、标注等基础任务，确保数据标注的准确性与一致性。 2. 对标注完成的数据进行自查与交叉校验，及时修正标注错误，提升数据质量。 3. 记录标注过程中遇到的问题，反馈给项目负责人，协助优化标注规则与流程。 任职要求： 1. 大专及以上学历，专业不限，有良好的耐心和数据整理思路。 2. 具备良好的逻辑思维与细节敏感度，能快速理解并执行标注规则。 3. 熟练使用电脑及办公软件，打字速度较快，能适应一定强度的重复性工作。 4. 工作认真负责，有耐心，具备团队协作意识。 工作地点 成都武侯区仁和春天国际广场-A座 以担保或任何理由索要财物，扣押证照，均涉嫌违法。一经发现， 立即举报,"图像标注,文本标注,数据质量校验,标注规则优化,重复性工作适应",http://www.zhaopin.com/jobdetail/CCL1523330950J40987987802.htm?refcode=4019&srccode=401901&preactionid=d3fe316e-97fe-41e2-b94d-12e9526470ac
数据标注缴纳五险一金,泰盈科技集团股份有限公司,4000-8000元,泰安·岱岳区·粥店街道,广州,学历不限,经验不限,7月23日,zhilian,职位描述 音频标注 视频标注 语音标注 公司缴纳五险一金，包吃包住，8小时工作制，各大官方平台的售后类客服，有固定话术带薪培训一周，综合薪资4-7k不等月休4-6天，宿舍设施齐全配备洗衣房热水器空调等，工作轻松，不含任何销售性质，职场氛围好，工资发放准时，公司还有节假日福利，快来联系我吧~ 工作地点 泰安市-岱岳区-泮河大街与望岳东路交叉口西北120米泮河大街与望岳东路交叉口西北120米 以担保或任何理由索要财物，扣押证照，均涉嫌违法。一经发现， 立即举报,"音频标注,视频标注,语音标注",http://www.zhaopin.com/jobdetail/CC292011210J40864565911.htm?refcode=4019&srccode=401901&preactionid=d3fe316e-97fe-41e2-b94d-12e9526470ac
人工智能数据标注员,沈阳歆澄信息技术有限公司,5000-8000元,沈阳·和平·太原街,广州,大专,经验不限,7月25日,zhilian,职位描述 图像标注 语音标注 文本标注 多模态数据标注 标注质量管控 标注流程优化 工作职责 1. 负责人工智能训练数据的标注工作，包括图像、文本、语音等多模态数据的分类、标注与校验。 2. 严格遵循标注规范与质量标准，确保标注结果的准确性与一致性。 3. 协助团队完成标注流程优化，及时反馈数据问题并提出改进建议。 4. 参与标注工具的测试与使用反馈，提升标注效率与数据质量。 任职要求 1. 大专及以上学历，计算机、数据科学、统计学等相关专业优先。 2. 具备良好的逻辑思维能力与细节把控能力，能快速理解标注规则。 3. 熟悉人工智能数据标注的基本流程，有图像/文本/语音标注经验者优先。 4. 具备较强的学习能力与责任心，能适应重复性工作并保证标注质量。 工作地点 沈阳市-和平区-太原南街90号11楼 以担保或任何理由索要财物，扣押证照，均涉嫌违法。一经发现， 立即举报,"图像标注,语音标注,文本标注,多模态数据标注,标注质量管控,标注流程优化",http://www.zhaopin.com/jobdetail/CCL1523192380J40948187108.htm?refcode=4019&srccode=401901&preactionid=d3fe316e-97fe-41e2-b94d-12e9526470ac
数据标注员/文员,邢台莱昂网络科技有限公司,3000-5000元,邢台·襄都区·南长街街道,广州,中专/中技,经验不限,7月26日,zhilian,职位描述 图像标注 视频标注 人工智能 1.工作内容在电脑上对指定的图片内容按照规则标注分析。全程管教，带薪培训简单易学。 2.需要电脑基础操作没问题，有一定理解能力。能接受重复性工作。 3.薪资待遇：3000/月，能力优异者上不封顶。 上六休一，带薪单休。 手机号微信同号 工作地点 邢台市-襄都区-锦华国际中心1509 以担保或任何理由索要财物，扣押证照，均涉嫌违法。一经发现， 立即举报,"图像标注,视频标注",http://www.zhaopin.com/jobdetail/CCL1225160980J40935646008.htm?refcode=4019&srccode=401901&preactionid=e7a3314c-1ceb-4c9e-8939-943ffde11168
数据标注+ 双休 5000+,天津市帝翼品牌设计有限公司,5000-6000元,天津·南开·万兴,广州,大专,经验不限,7月1日,zhilian,岗位职责： 接受项目标注规则的培训学习；根据项目标注规则和 要求，在标注平台上利用标注工具对文本、图片、语音、视频等数据进行归类、整理、编辑、纠错和批注。 工作内容： 数据分类：从给定的选项类别中选择数据对应的分类。如一张图可以有很多分类/标签。 图片框选：按照要求使用规则选框，框选出相应的物体。如道路行人和车辆的框选。 区域标注：自动驾驶图片数据中的道路行驶区域识别，使用不规则多边形进行框选标注。 图片描点：对图片数据进行关键点的描点标注，例如人脸特征点描点等。 岗位要求： 无需任何相关工作经验，将有统一的员工培训； 熟悉基础的电脑操作； 具有较好的学习能力和理解能力； 工作认真负责，细心耐心； 职位福利：五险一金、年底双薪、包吃、包住、绩效奖金、每年多次调薪、双休 职位亮点：五险一金，双休，包食宿 工作地点 天津南开区金融街中心C座 以担保或任何理由索要财物，扣押证照，均涉嫌违法。一经发现， 立即举报,产业互联网平台,http://www.zhaopin.com/jobdetail/CCL1484996930J40563920504.htm?refcode=4019&srccode=401901&preactionid=e7a3314c-1ceb-4c9e-8939-943ffde11168
诚聘数据标注师,南京兆靓未来教育科技有限公司,1-1.3万,南京·建邺·沙洲,广州,本科,经验不限,7月26日,zhilian,职位描述 文本标注 图像标注 语音标注 数据分类 数据校验 数据整理 我们正在寻找一位专业数据标注师，负责为机器学习模型提供高质量的训练数据。 工作内容： 包括数据分类、标注、校验和整理等。 岗位要求： 1. 本科及以上学历，计算机或相关专业优先； 2. 熟悉数据标注工具和流程； 3. 良好的数据敏感度和分析能力； 4. 细心、耐心，有团队精神； 5. 有数据标注或相关领域工作经验者优先。 工作地点 建邺区南京新城科技园 以担保或任何理由索要财物，扣押证照，均涉嫌违法。一经发现， 立即举报,"文本标注,图像标注,语音标注,数据分类,数据校验,数据整理",http://www.zhaopin.com/jobdetail/CCL1522160330J40816007316.htm?refcode=4019&srccode=401901&preactionid=e7a3314c-1ceb-4c9e-8939-943ffde11168
数据标注训练师（可零基础/实习生）,石家庄旗胜信息科技有限公司,4000-5000元,廊坊·广阳区·银河北路街道,广州,大专,经验不限,7月25日,zhilian,职位描述 图像标注 语音标注 视频标注 文本标注 音频标注 人工智能 产业互联网平台 云计算 一、任职要求： 1、学历要求：大专及以上； 应届生、转行、宝妈均可。 2、硬性技能：熟练电脑操作，会 Office；视力良好；打字流畅。 3、软性素质：细心耐心、专注力强、坐得住；理解能力强，能吃透复杂标注规则；责任心强，对数据精度敏感；服从安排，有基础抗压能力。 4、经验：无需相关经验，公司提供免费带薪岗前培训。 5、加分项：有图文审核、客服、图文处理经验；会简单 PS；接触过自动驾驶 / 大模型标注优先。 二、岗位内容： 1、按项目规范，使用标注工具处理图像、文本、语音、视频、3D 点云数据：图片拉框 / 分割、文本实体 / 意图分类、语音转写、视频关键点标注、自动驾驶 4D 点云标注GitCode。 2、数据清洗：剔除模糊、无效、重复脏数据，统一数据格式，满足 AI 模型训练要求。 3、严格把控准确率，按要求修改质检退回的错误标注，降低返工率。 4、学习新项目标注规则，快速适配不同行业项目（大模型、自动驾驶、医疗、安防）。 5、记录工作问题，及时向组长反馈规则模糊、工具 bug 等异常。 6、配合团队完成每日产能指标，保证项目交付进度。 三、薪资待遇： 1、综合月薪：4000-5000元（无责底薪+ 计件提成 ），多劳多得，计件上不封顶 2、6个月后可免费培养晋升AIGC训练师 工作地点 廊坊广阳区电信大楼 以担保或任何理由索要财物，扣押证照，均涉嫌违法。一经发现， 立即举报,"图像标注,语音标注,视频标注,文本标注,音频标注",http://www.zhaopin.com/jobdetail/CCL1510533060J40849219105.htm?refcode=4019&srccode=401901&preactionid=e7a3314c-1ceb-4c9e-8939-943ffde11168
数据标注,苏州沃土科技信息有限公司,6000-9000元,苏州,广州,本科,1-3年,7月26日,zhilian,职位描述 产业互联网平台 岗位内容： 1. 根据需求，负责数据标注、分类、分析等工作； 2. 负责编写和维护标注规范文档； 3. 协调数据收集，监督数据质量。 4. 与团队成员协同配合，确保项目进展顺利。 任职要求： 1. 熟练掌握多国语言（英语、中文等）； 2. 熟悉或了解机器学习或计算机视觉相关知识； 3. 具备耐心和细致的工作态度，并能承受工作压力； 4. 具备较强的沟通协调能力和团队合作精神。 工作地点 苏州市-苏州工业园区-国际科技园四期研发楼18层A2001-229单元 以担保或任何理由索要财物，扣押证照，均涉嫌违法。一经发现， 立即举报,产业互联网平台,http://www.zhaopin.com/jobdetail/CCL1248351310J40935868015.htm?refcode=4019&srccode=401901&preactionid=e7a3314c-1ceb-4c9e-8939-943ffde11168
智能数据标注员,苏州人瑞普惠人力资源服务有限公司,5000-7000元,北京·通州·新华,广州,大专,经验不限,7月19日,zhilian,岗位职责： 岗位职责 1. 根据平台内容政策和审核标准，对用户发布的视频、评论、图文等内容进行审核，确保符合业务规范。 2. 参与模型训练，负责模型数据验收，保障样本准确率达到98%以上。 3. 撰写标注标准，针对平台风险如软色情、营销导流等制定可落地执行的标准。 4. 准确判断视频内容风险级别，及时上报潜在风险和违规内容。 5. 定期分析标注数据，为算法和产品优化提供建议。 岗位要求： 岗位基本需求 1. 大专及以上学历，专业不限，传媒、新闻、法学等相关专业优先考虑。 2. 有视频、图片或图文内容审核经验者优先；对风险内容敏感，可用文字及话术精准描述风险特征。 3. 具备良好的判断能力和内容敏感度， 表达能力好。 4. 了解互联网内容合规要求及基本法律法规。 5. 具备优秀的沟通能力和团队协作精神。 6. 熟练使用办公软件，具备数据分析能力者优先。 工作地点 通州区北京三快在线科技有限公司 以担保或任何理由索要财物，扣押证照，均涉嫌违法。一经发现， 立即举报 客户,"信息流广告,内容审核,热点追踪",http://www.zhaopin.com/jobdetail/CC427775130J40956458415.htm?refcode=4019&srccode=401901&preactionid=e7a3314c-1ceb-4c9e-8939-943ffde11168
项目数据标注,杭州筑鼎建筑工程设计有限公司,6000-9000元,杭州·滨江·西兴,广州,大专,经验不限,7月24日,zhilian,职位描述 图像标注 语音标注 文本标注 音频标注 视频标注 云计算 1.根据项目标准，对图片、文本、语音、视频等数据进行精准标注，包括框选、分类、点标注、语义分割等。 2. 统一执行标注标准，确保标注质量准确、一致，通过质检审核。 3. 在规定时间内完成项目量标，保证数量与质量双达标。 4. 在标注过程中发现歧义或不合理之处，及时反馈给项目负责人，协助优化标注规则。 【任职要求】 1.专科及以上学历，有AI数据标注、文本标注等经验优先 2. 熟悉电脑基本操作，具备耐心、细致、专注度高的工作习惯。 3. 熟练使用标注工具（如LabelImg、LabelMe等）优先。 4.细心负责、抗压能力强，能适应持续专注的工作。 工作地点 杭州市-滨江区-固陵路52号 以担保或任何理由索要财物，扣押证照，均涉嫌违法。一经发现， 立即举报,"图像标注,语音标注,文本标注,音频标注,视频标注",http://www.zhaopin.com/jobdetail/CCL1520592390J40809079516.htm?refcode=4019&srccode=401901&preactionid=e7a3314c-1ceb-4c9e-8939-943ffde11168
数据标注员,北京智享众合科技有限公司,150-200元/天,太原·小店·小店街道,广州,大专,经验不限,7月10日,zhilian,岗位职责： 1、接触人工智能，充分理解模型训练背景和要求； 2、接受项目培训和学习，使用平台自动化工具对不同类型数据进行处理后，形成可供计算机识别分析优质数据； 3、认真负责，配合基地项目安排，保证作业输出数据质量。 二、招聘要求： 1、要求：大专以上学历，男女不限； 2、电脑操作熟练，学习能力强，能够快速适应新工具和新项目； 3、认真负责，细心耐心，具备良好的团队合作精神和沟通能力； 4、稳定性工作至少6个月以上。 三、薪酬待遇： 1、薪酬待遇：底薪2000元/月+200元/全勤+绩效提成，综合薪资3000-3500元/月； 2、食宿安排：公司提供免费4-6人间住宿，有独立卫生间，水电费宿舍平分，宿舍距离上班地方2-3公里，吃饭自理； 3、工作时间：每天工作时间9:00-18:30，每天工作8小时，每周工作6天，单休； 工作地点 太原小店区云鼎商务楼 以担保或任何理由索要财物，扣押证照，均涉嫌违法。一经发现， 立即举报,图像标注,http://www.zhaopin.com/jobdetail/CCL1506278920J40772101906.htm?refcode=4019&srccode=401901&preactionid=e7a3314c-1ceb-4c9e-8939-943ffde11168
数据标注师,贵州金金数据科技有限公司,2000-4000元,遵义·播州区·桂花桥街道,广州,大专,经验不限,6月27日,zhilian,职位描述 图像标注 语音标注 音频标注 视频标注 文本标注 人工智能 云计算 物联网 工业自动化/机器人 新能源/燃油整车研发制造 技术服务 1.负责AI智能驾驶数据库建设，根据标注规则，对 2D、3D无人车相关的图形，点云数据等进行精确标注，包括但不限于车辆，行人， 路标志，交通信号灯，障碍物等物体的标记，分类和位置标注； 2.根据每天的任务量，保质保量的完成标注任务，并配合质检完成自身数据的返修工作，确保项目按时完成，并达到预期的质量标准。 3.积极参加公司组织的业务培训、技能提升学习，不断提高标注效率与质量，服从公司工作调配与管理。 4.标注过程中发现问题数据、模糊数据、违规数据，及时上报组长或项目负责人，不得擅自处理 工作地点 播州区遵义高新技术产业开发区贵州省遵义市红花岗区南关街道高新技术产业开发区新能源汽车产业园10号楼3楼 以担保或任何理由索要财物，扣押证照，均涉嫌违法。一经发现， 立即举报,"图像标注,语音标注,音频标注,视频标注,文本标注",http://www.zhaopin.com/jobdetail/CCL1523895950J40859374207.htm?refcode=4019&srccode=401901&preactionid=e7a3314c-1ceb-4c9e-8939-943ffde11168
数据标注,广州宇炼网络科技有限公司,6000-7000元,广州·番禺·南村,广州,本科,经验不限,7月6日,zhilian,职位描述 图像标注 语音标注 文本标注 标注审核 标注标准优化 标注效率提升 工作职责 1. 严格按照项目标注规则，完成图像、文本、语音等多类型数据的标注与审核工作。 2. 及时反馈标注过程中遇到的规则模糊或数据异常问题，协助优化标注标准。 3. 定期复盘标注成果，总结高效标注方法，提升团队整体标注效率与质量。 任职要求 1. 本科及以上学历，专业不限，具备良好的逻辑思维与细节敏感度。 2. 熟练使用办公软件，学习能力强，能快速掌握不同项目的标注规则。 3. 工作认真负责，耐心细致，能承受一定的重复性工作压力。 工作地点 广州番禺区南村万博地铁站-A番禺天河城口a塔十八层 以担保或任何理由索要财物，扣押证照，均涉嫌违法。一经发现， 立即举报,"图像标注,语音标注,文本标注,标注审核,标注标准优化,标注效率提升",http://www.zhaopin.com/jobdetail/CCL1518679640J40862311707.htm?refcode=4019&srccode=401901&preactionid=e7a3314c-1ceb-4c9e-8939-943ffde11168
数据标注,北京国芯智科科技发展有限公司,2000-3000元,北京·顺义,广州,大专,经验不限,7月3日,zhilian,岗位职责 1. 数据标注执行 - 按照项目规范，完成多模态数据标注任务：包括图像框选、语义分割、目标识别、文本情感判断/意图分类/实体提取、语音转写/情绪标注等。 - 熟练使用公司标注平台/工具，高效完成每日标注量指标，保障数据产出效率。 2. 数据质量保障 - 对标注数据进行清洗、校验与纠错，剔除无效、重复、违规数据，保证数据一致性与完整性。 - 参与内部质检流程，完成自查/互查工作，将标注准确率稳定控制在98%以上，确保数据符合AI模型训练（如自动驾驶、大模型）的交付要求。 3. 流程优化与协作 - 学习并快速适配新标注规则、工具迭代，掌握多模态数据标注方法。 - 优化个人标注流程，提升标注效率，协助团队完成项目交付节点。 - 及时反馈数据异常、工具bug与规则疑问，协助项目组解决标注难点。 4. 规范与文档同步 - 记录标注过程中的问题，及时反馈给项目负责人，参与标注规范的统一优化。 任职要求 1. 学历专业：大专及以上学历，计算机、大数据、语言学、设计等相关专业优先，优秀应届生/在校生均可。 2. 能力要求： - 细心、耐心，具备较强的责任心，能严格遵守标注规则执行操作。 - 具备基础计算机操作能力，学习能力强，能快速掌握新工具与新规范。 - 具备良好的沟通能力与团队协作意识，能及时反馈问题并配合解决。 3. 加分项： - 有数据标注、AI训练相关实习经验。 - 熟悉图像/文本/语音标注工具（如百度标注平台）。 - 了解自动驾驶、电商、大模型等行业知识。 - 实习福利：提供实习证明、定期培训、转正机会等。 - 工作时间：朝九晚六，周末双休，可弹性安排实习时间（需满足每周至少4天到岗）。 工作地点 北京顺义区旭辉空港中心-A座310 以担保或任何理由索要财物，扣押证照，均涉嫌违法。一经发现， 立即举报,"图像标注,语音标注,音频标注,视频标注,文本标注",http://www.zhaopin.com/jobdetail/CC881770550J40847480510.htm?refcode=4019&srccode=401901&preactionid=e7a3314c-1ceb-4c9e-8939-943ffde11168
无人车数据标注,辽宁图灵网络科技有限公司,3000-6000元,全国,广州,学历不限,1年以下,7月9日,zhilian,"职位描述 图像标注 语音标注 音频标注 文本标注 视频标注 互联网电商 人工智能 工作职责： 1、使用内部的标注工具对图片数据进行分类标注 2、学习规则,依据规则进行工作 3、与管理员沟通,根据反馈改进标注结果 4、每天按时完成标注数量5、有设计经验优先考虑 职位要求： 1、男女不限; 2、熟悉基本电脑操作，熟悉office办公软件的操作 3、学习理解能力强，理解能力好，主动性高，认真耐心，能接受重复性工作。 4、可居家办公 AI图片处理标注 可兼职-上幼儿园的宝妈们比较适合！ 薪资：2000-8000+ 上手简单，到岗培训(无培训费用),计件工资，能者多劳！ 电话：*********** 地址：辽宁省丹东振兴区文庆路70-45 职位福利：带团队、不加班、周末双休、弹性工作、团队气氛活泼、年轻化团队、可视频面试、无需坐班 职位亮点：可居家办公，弹性工作 工作地点 全国 以担保或任何理由索要财物，扣押证照，均涉嫌违法。一经发现， 立即举报","图像标注,语音标注,音频标注,文本标注,视频标注",http://www.zhaopin.com/jobdetail/CC888123090J40406947211.htm?refcode=4019&srccode=401901&preactionid=e7a3314c-1ceb-4c9e-8939-943ffde11168
ai数据标注,四川星峰景晨科技有限公司,5000-8000元,重庆·渝中·上清寺,广州,本科,经验不限,3月20日,zhilian,职位描述 人工智能 工作内容： 1. 执行图像、文本、语音等 AI 训练数据的精细化标注工作； 2. 严格遵守标注规范，确保数据标注的准确性与一致性； 3. 对原始数据进行预处理与清洗，识别并剔除噪声数据； 4. 维护标注数据集的版本管理及元信息记录； 5. 协同算法团队理解标注需求，保障标注数据支撑模型训练目标； 6. 协助开发团队测试标注工具，反馈功能优化点。 任职要求： 1. 本科学历，计算机、信息技术、数学相关专业优先； 2. 熟练操作电脑及常用办公软件（如 Excel）； 3. 高度细致的观察力与耐心，能长时间专注处理重复性任务； 4. 逻辑清晰，理解能力强，可快速掌握复杂标注规则； 5. 有数据标注、内容审核或基础数据处理经验者优先； 6. 了解常见标注工具（如 LabelImg 、CVAT 、VoTT 等）。 工作地点 重庆渝中区中安国际大厦6楼 以担保或任何理由索要财物，扣押证照，均涉嫌违法。一经发现， 立即举报,人工智能,http://www.zhaopin.com/jobdetail/CCL1452448830J40792956416.htm?refcode=4019&srccode=401901&preactionid=e7a3314c-1ceb-4c9e-8939-943ffde11168
线上数据标注,贵州鼎联数据有限公司,80-160元,绵阳·涪城区·城郊街道,北京,学历不限,经验不限,,zhilian,,"图像标注,文本标注",http://www.zhaopin.com/jobdetail/CCL1482503800J40845190707.htm?refcode=4019&srccode=401901&preactionid=cfbc9ff3-d498-49d1-9807-7c2a62a8b17a
数据标注员,宜春市众可信电子商务服务有限公司,3000-5000元,宜春·袁州区·官园街道,北京,大专,经验不限,,zhilian,,会剪映,http://www.zhaopin.com/jobdetail/CCL1491134380J40878139114.htm?refcode=4019&srccode=401901&preactionid=cfbc9ff3-d498-49d1-9807-7c2a62a8b17a
ai数据标注师,白山市浑江区跃为电子商务有限公司,2000-4000元,白山·浑江区·城南街道,北京,大专,经验不限,,zhilian,,"图像标注,语音标注,音频标注,视频标注,文本标注",http://www.zhaopin.com/jobdetail/CCL1467615670J40958831315.htm?refcode=4019&srccode=401901&preactionid=cfbc9ff3-d498-49d1-9807-7c2a62a8b17a
数据标注实习生,鼎联科技,150-260元/天,安顺·西秀区·华西街道,北京,大专,经验不限,,zhilian,,图像标注,http://www.zhaopin.com/jobdetail/CC201543830J40868236807.htm?refcode=4019&srccode=401901&preactionid=cfbc9ff3-d498-49d1-9807-7c2a62a8b17a
数据标注师,长春市星翼智通科技有限公司,3000-5000元,长春·净月,北京,学历不限,经验不限,,zhilian,,"图像标注,语音标注,音频标注,视频标注,文本标注",http://www.zhaopin.com/jobdetail/CCL1504754930J40927333402.htm?refcode=4019&srccode=401901&preactionid=cfbc9ff3-d498-49d1-9807-7c2a62a8b17a
AI数据标注,山西鑫皓科技有限公司,2000-4000元,长治·常青街道,北京,大专,1-3年,,zhilian,,"图像标注,视频标注,文本标注",http://www.zhaopin.com/jobdetail/CCL1527039650J40959506615.htm?refcode=4019&srccode=401901&preactionid=ae22e8c1-6185-4cac-9ccb-a6d456317463
居家数据标注,贵州鼎联数据有限公司,80-160元/天,厦门·思明·开元,北京,学历不限,经验不限,,zhilian,,"图像标注,文本标注",http://www.zhaopin.com/jobdetail/CCL1482503800J40845189507.htm?refcode=4019&srccode=401901&preactionid=ae22e8c1-6185-4cac-9ccb-a6d456317463
ai数据标注员＋周末双休早十晚七,上海仁联企业服务(集团)有限公司,5000-8000元,长沙·岳麓·天顶,北京,学历不限,经验不限,,zhilian,,"图像标注,视频标注,文本标注",http://www.zhaopin.com/jobdetail/CC641703630J40860867007.htm?refcode=4019&srccode=401901&preactionid=ae22e8c1-6185-4cac-9ccb-a6d456317463
ai训练师/数据标注,羽铭数字科技(邯郸市冀南新区)有限公司,15-30元/时,邯郸·邯山区·火磨街道,北京,大专,1年以下,,zhilian,,智能驾驶,http://www.zhaopin.com/jobdetail/CCL1526926160J40879226414.htm?refcode=4019&srccode=401901&preactionid=ae22e8c1-6185-4cac-9ccb-a6d456317463
人工智能数据标注,眉山睿创智能科技有限公司,3000-6000元,眉山·仁寿县·视高街道,北京,大专,经验不限,,zhilian,,"图像标注,语音标注,音频标注,视频标注,文本标注",http://www.zhaopin.com/jobdetail/CCL1526560650J40833795316.htm?refcode=4019&srccode=401901&preactionid=ae22e8c1-6185-4cac-9ccb-a6d456317463
AI数据标注,赣泓钧(江西)科技有限公司,3000-5000元,南昌·青云谱镇,北京,学历不限,经验不限,,zhilian,,"图像标注,视频标注,文本标注",http://www.zhaopin.com/jobdetail/CCL1515011200J40902217403.htm?refcode=4019&srccode=401901&preactionid=ae22e8c1-6185-4cac-9ccb-a6d456317463
数据标注师,岳阳市七政科技有限公司,3000-6000元,岳阳·枫桥湖街道,北京,大专,经验不限,,zhilian,,"图像标注,语音标注,音频标注,视频标注,文本标注",http://www.zhaopin.com/jobdetail/CCL1526839260J40867379807.htm?refcode=4019&srccode=401901&preactionid=7895a620-b27d-46c8-844c-352a5bba08c2
数据标注,南昌睿凯生物科技有限公司,4000-8000元,南昌·洪都,北京,学历不限,经验不限,,zhilian,,图像标注,http://www.zhaopin.com/jobdetail/CCL1484106720J40878866310.htm?refcode=4019&srccode=401901&preactionid=7895a620-b27d-46c8-844c-352a5bba08c2
数据标注专员 带薪培训 工作轻松,泰安泰盈信息科技有限公司,5000-8000元,泰安·岱岳区·粥店街道,北京,学历不限,经验不限,,zhilian,,"图像标注,视频标注,五险一金,育儿假婚假,包吃包住,节假日三薪,工作轻松氛围好,小孩儿职场",http://www.zhaopin.com/jobdetail/CCL1337313080J40841612201.htm?refcode=4019&srccode=401901&preactionid=7895a620-b27d-46c8-844c-352a5bba08c2
AI数据标注,羽铭数字科技(邯郸市冀南新区)有限公司,2000-4000元,邯郸·火磨街道,北京,大专,1年以下,,zhilian,,智能驾驶,http://www.zhaopin.com/jobdetail/CCL1526926160J40878669114.htm?refcode=4019&srccode=401901&preactionid=7895a620-b27d-46c8-844c-352a5bba08c2
数据标注-新手可做/坐班轻松/月入3k+,抚顺众睿奇迹网络科技有限公司,3000-6000元,抚顺·新抚区·福民街道,北京,学历不限,经验不限,,zhilian,,"图像标注,语音标注,文本标注,数据质量校验,标注流程优化,重复性任务执行",http://www.zhaopin.com/jobdetail/CC630415780J40953711815.htm?refcode=4019&srccode=401901&preactionid=7895a620-b27d-46c8-844c-352a5bba08c2
ai数据标注师,山东启梦点信息科技有限公司,3000-5000元,济南·槐荫,北京,大专,经验不限,,zhilian,,"图像标注,语音标注,视频标注,多类型数据处理,标注质量管控,标注流程优化",http://www.zhaopin.com/jobdetail/CCL1290424490J40953649308.htm?refcode=4019&srccode=401901&preactionid=7895a620-b27d-46c8-844c-352a5bba08c2
数据标注师,青岛启寅智能科技有限公司,3000元,青岛·城阳·城阳街道,北京,大专,经验不限,,zhilian,,图像标注,http://www.zhaopin.com/jobdetail/CCL1504917640J40884905305.htm?refcode=4019&srccode=401901&preactionid=c79e28e7-0c04-46dd-8500-015c169b51e4
数据标注员,贵州弘星信息科技有限公司,3000-4000元,贵阳·云岩,北京,本科,经验不限,,zhilian,,"图像标注,音频标注,文本标注,语音标注,视频标注,3D智驾",http://www.zhaopin.com/jobdetail/CCL1526889110J40877590509.htm?refcode=4019&srccode=401901&preactionid=c79e28e7-0c04-46dd-8500-015c169b51e4
数据标注,深圳市帝佳润软件技术有限公司,7000-9000元,深圳·宝安·西乡,北京,本科,经验不限,,zhilian,,岗位稳定,http://www.zhaopin.com/jobdetail/CCL1522352950J40834747616.htm?refcode=4019&srccode=401901&preactionid=c79e28e7-0c04-46dd-8500-015c169b51e4
人工智能数据标注,苏州中世佳自动化科技有限公司,7000-10000元·13薪,苏州·吴中·木渎,北京,本科,经验不限,,zhilian,,"图像标注,文本标注",http://www.zhaopin.com/jobdetail/CC578602680J40878044610.htm?refcode=4019&srccode=401901&preactionid=c79e28e7-0c04-46dd-8500-015c169b51e4
数据标注,加减一竖(济宁)网络科技有限公司,3000-6000元,济宁·微山县·夏镇街道,北京,大专,经验不限,,zhilian,,"图像标注,语音标注,音频标注,视频标注,文本标注",http://www.zhaopin.com/jobdetail/CCL1314554710J40878540510.htm?refcode=4019&srccode=401901&preactionid=c79e28e7-0c04-46dd-8500-015c169b51e4
数据标注专员AI审核,泰盈科技集团股份有限公司,4000-6000元,泰安·岱岳区·粥店街道,北京,学历不限,经验不限,,zhilian,,"语音标注,音频标注",http://www.zhaopin.com/jobdetail/CC292011210J40866104111.htm?refcode=4019&srccode=401901&preactionid=c79e28e7-0c04-46dd-8500-015c169b51e4
AI数据标注,鼎联科技,2000-4000元,安顺·西秀区·华西街道,北京,大专,经验不限,,zhilian,,"有责任心,图像标注,语音标注,音频标注,视频标注,文本标注",http://www.zhaopin.com/jobdetail/CC201543830J40868106107.htm?refcode=4019&srccode=401901&preactionid=c79e28e7-0c04-46dd-8500-015c169b51e4
数据采集/数据标注 接受小白 有培训,河南众汇企业孵化器有限公司,4000-5000元,郑州·新郑·和庄,北京,学历不限,经验不限,,zhilian,,"视频标注,数据采集,数据标注,标注",http://www.zhaopin.com/jobdetail/CC713916430J40924655812.htm?refcode=4019&srccode=401901&preactionid=c79e28e7-0c04-46dd-8500-015c169b51e4
ai数据标注员审核员,郑州市栖七图信息技术服务有限公司,3000-6000元,郑州·管城·东大街,北京,学历不限,经验不限,,zhilian,,"文本标注,音频标注,图像标注,语音标注,视频标注,居家办公,兼职",http://www.zhaopin.com/jobdetail/CCL1526119190J40863714107.htm?refcode=4019&srccode=401901&preactionid=c79e28e7-0c04-46dd-8500-015c169b51e4
地图数据标注,武汉光谷卓越科技股份有限公司,4000-6000元,武汉·江夏·龙泉,北京,大专,经验不限,,zhilian,,图像标注,http://www.zhaopin.com/jobdetail/CC131166580J40795472714.htm?refcode=4019&srccode=401901&preactionid=c79e28e7-0c04-46dd-8500-015c169b51e4
数据标注师,杭州榕成电子有限公司,9000-11000元·13薪,杭州·天水,北京,大专,经验不限,,zhilian,,"图像标注,五险一金,周末双休,年终奖",http://www.zhaopin.com/jobdetail/CCL1526321250J40868546101.htm?refcode=4019&srccode=401901&preactionid=c79e28e7-0c04-46dd-8500-015c169b51e4
AI数据标注,吉林省汇科智能数标科技有限公司,3000-5000元,长春·南关·新立城,北京,大专,经验不限,,zhilian,,"图像标注,语音标注,音频标注,文本标注,视频标注",http://www.zhaopin.com/jobdetail/CCL1525243130J40855567011.htm?refcode=4019&srccode=401901&preactionid=c79e28e7-0c04-46dd-8500-015c169b51e4
AI行业门槛数据标注师(接受小白/实习生),开元未来(湖南)科技有限公司,3000-4000元,阳泉·郊区·李家庄乡,北京,大专,经验不限,,zhilian,,图像标注,http://www.zhaopin.com/jobdetail/CCL1516021120J40853217005.htm?refcode=4019&srccode=401901&preactionid=c79e28e7-0c04-46dd-8500-015c169b51e4
AI数据标注师,车比车(山东)科技发展有限公司,3000-5000元,临沂·平邑·平邑街道,北京,学历不限,经验不限,,zhilian,,图像标注,http://www.zhaopin.com/jobdetail/CC885332420J41018684304.htm?refcode=4019&srccode=401901&preactionid=39e7d85e-8795-4e2e-956d-9ed98961fd0d
办公室数据标注 有手就会 可接受应届生,泰盈科技集团股份有限公司,5000-6000元,泰安·岱岳区·粥店街道,北京,大专,经验不限,,zhilian,,"视频标注,文本标注,语音标注,音频标注",http://www.zhaopin.com/jobdetail/CC292011210J40866438011.htm?refcode=4019&srccode=401901&preactionid=39e7d85e-8795-4e2e-956d-9ed98961fd0d
数据标注员,长治市星辉教育咨询有限公司,4000-6000元,长治·潞城区·潞华街道,北京,学历不限,1年以下,,zhilian,,"图像标注,视频标注,文本标注",http://www.zhaopin.com/jobdetail/CCL1515876380J41023645104.htm?refcode=4019&srccode=401901&preactionid=39e7d85e-8795-4e2e-956d-9ed98961fd0d
数据标注,山东启梦点信息科技有限公司,3000-5000元,济南·槐荫,北京,大专,经验不限,,zhilian,,"图像标注,语音标注,视频标注,多类型数据处理,标注质量管控,标注流程优化",http://www.zhaopin.com/jobdetail/CCL1290424490J40953648408.htm?refcode=4019&srccode=401901&preactionid=39e7d85e-8795-4e2e-956d-9ed98961fd0d
AI数据标注,邢台极数智能科技有限公司,3000-4000元,邢台·信都区·团结路街道,北京,本科,经验不限,,zhilian,,"图像标注,语音标注,音频标注,视频标注,文本标注",http://www.zhaopin.com/jobdetail/CCL1493626010J40869898810.htm?refcode=4019&srccode=401901&preactionid=39e7d85e-8795-4e2e-956d-9ed98961fd0d
数据标注师,贵州望川科技有限公司,3000-5000元,贵阳·南明·后巢,北京,大专,经验不限,,zhilian,,"图像标注,音频标注,视频标注,语音标注,文本标注",http://www.zhaopin.com/jobdetail/CCL1508441210J40837172009.htm?refcode=4019&srccode=401901&preactionid=39e7d85e-8795-4e2e-956d-9ed98961fd0d
数据标注文员,杭州煜城教育科技有限公司,7000-10000元,北京·朝阳·麦子店,北京,本科,经验不限,,zhilian,,"文本标注,图像标注,语音标注,数据分类,数据校验,数据整理",http://www.zhaopin.com/jobdetail/CCL1513903680J40922700215.htm?refcode=4019&srccode=401901&preactionid=39e7d85e-8795-4e2e-956d-9ed98961fd0d
人工智能数据标注,山东润达生态科技有限公司,3000-6000元,临沂·罗庄·盛庄,上海,学历不限,经验不限,,zhilian,,"图像标注,语音标注,音频标注,视频标注",http://www.zhaopin.com/jobdetail/CCL1497786790J40875594710.htm?refcode=4019&srccode=401901&preactionid=55927209-b4b0-445e-9c65-9733bdfab109
数据标注员,绍兴明旭科技有限公司,4000-6000元,绍兴·越城区·斗门街道,上海,大专,经验不限,,zhilian,,图像标注,http://www.zhaopin.com/jobdetail/CCL1525639620J40862622207.htm?refcode=4019&srccode=401901&preactionid=55927209-b4b0-445e-9c65-9733bdfab109
数据标注,佛山点浩网络科技有限公司,6000-7000元,佛山·大良,上海,学历不限,经验不限,,zhilian,,"图像标注,语音标注",http://www.zhaopin.com/jobdetail/CCL1210158340J40867901114.htm?refcode=4019&srccode=401901&preactionid=ce6a54af-beee-48b3-840e-dc4a6ab962f6
数据标注员,深圳市卓行致远控股有限公司,8000-11000元,深圳·南山·粤海,上海,大专,经验不限,,zhilian,,"图像标注,文本标注,标注质量抽检,标注流程优化,数据异常反馈",http://www.zhaopin.com/jobdetail/CCL1524600340J40940853708.htm?refcode=4019&srccode=401901&preactionid=ce6a54af-beee-48b3-840e-dc4a6ab962f6
周末双休【数据标注/AI训练师】,金慧科技,5000-8000元,沈阳·皇姑,上海,本科,经验不限,,zhilian,,"语音标注,音频标注,图像标注",http://www.zhaopin.com/jobdetail/CC612833320J40867694901.htm?refcode=4019&srccode=401901&preactionid=ac82c7cf-4971-4b85-8146-6a67c2e93a93
ai数据标注,外企德科,4000-6000元,杭州·余杭·五常,上海,本科,1-3年,,zhilian,,"电商,平台,AI训练师,图像标注,语音标注,音频标注,视频标注,文本标注",http://www.zhaopin.com/jobdetail/CC138117190J40773490205.htm?refcode=4019&srccode=401901&preactionid=ac82c7cf-4971-4b85-8146-6a67c2e93a93
线上地图数据标注,贵州鼎联数据有限公司,3000-6000元,贵阳·观山湖,深圳,学历不限,经验不限,,zhilian,,"图像标注,语音标注,音频标注,视频标注,文本标注",http://www.zhaopin.com/jobdetail/CCL1482503800J40846539207.htm?refcode=4019&srccode=401901&preactionid=05d71c2f-0415-4ed1-8546-48d4f5a1f824
适合居家/接受小白的兼职岗位AI数据标注师,河北弦界科技有限公司,15元/时,石家庄·裕华·裕兴,深圳,学历不限,经验不限,,zhilian,,"图像标注,音频标注,视频标注,文本标注",http://www.zhaopin.com/jobdetail/CCL1500492020J40889961512.htm?refcode=4019&srccode=401901&preactionid=f29b36b7-d13a-4a5c-a329-d701bbf1449b
ai数据标注文员 长白班 可双休,上海赞华实业有限公司,3000-4000元,济南·历下·智远,广州,本科,经验不限,,zhilian,,"图像标注,语音标注,音频标注,视频标注,文本标注,大专毕业或实习生都可以,长白班 简单轻松",http://www.zhaopin.com/jobdetail/CC547900620J40917480012.htm?refcode=4019&srccode=401901&preactionid=1b79e872-2fec-4cd8-a980-468dd82d2a9b
数据标注师,林州云盛达信息科技有限公司,3000-4000元,安阳·桂园街道,广州,学历不限,1-3年,,zhilian,,"图像标注,文本标注,2D3D 融合拉框",http://www.zhaopin.com/jobdetail/CCL1526834280J41005003902.htm?refcode=4019&srccode=401901&preactionid=3f148a50-0b00-4c49-86ea-d9bb34205751
数据标注OCC+3D项目，居家,黑板报资讯河北中心,30-60元/时,保定·莲池·中华路,广州,学历不限,经验不限,,zhilian,,图像标注,http://www.zhaopin.com/jobdetail/CCL1509208580J40948103008.htm?refcode=4019&srccode=401901&preactionid=3f148a50-0b00-4c49-86ea-d9bb34205751
数据标注/AI训练师+社保,河南长河智云科技有限公司,5000-10000元,郑州·金水·丰产路,广州,学历不限,经验不限,,zhilian,,"图像标注,语音标注,音频标注,视频标注,文本标注",http://www.zhaopin.com/jobdetail/CCL1517616320J40788893616.htm?refcode=4019&srccode=401901&preactionid=3f148a50-0b00-4c49-86ea-d9bb34205751
AI数据标注,山东创新谷信息科技有限公司,3000-5000元,济南·长清·崮云湖,广州,学历不限,经验不限,,zhilian,,"数据标注,语音标注,音频标注,标框标注,区域标注,AI大模型训练师,毕业生,图像标注,视频标注,文本标注",http://www.zhaopin.com/jobdetail/CCL1526881390J40867578701.htm?refcode=4019&srccode=401901&preactionid=3f148a50-0b00-4c49-86ea-d9bb34205751
数据标注文员,河南腾策信息技术有限公司,4000-5000元,洛阳·洛龙·太康东路,广州,学历不限,经验不限,,zhilian,,图像标注,http://www.zhaopin.com/jobdetail/CCL1313479330J40833883707.htm?refcode=4019&srccode=401901&preactionid=3f148a50-0b00-4c49-86ea-d9bb34205751
数据标注人工智能，,郑州市栖七图信息技术服务有限公司,3000-6000元,郑州·管城·东大街,广州,学历不限,经验不限,,zhilian,,"图像标注,文本标注,语音标注,2D3D标注,居家办公,兼职",http://www.zhaopin.com/jobdetail/CCL1526119190J40866104307.htm?refcode=4019&srccode=401901&preactionid=3f148a50-0b00-4c49-86ea-d9bb34205751
AI数据标注,邹平聚标数据科技有限公司,2000-4000元,滨州·魏桥镇,广州,学历不限,1-3年,,zhilian,,"语音标注,音频标注,文本标注,视频标注,图像标注",http://www.zhaopin.com/jobdetail/CCL1526054710J40786568106.htm?refcode=4019&srccode=401901&preactionid=53b83268-2644-4833-954e-f73c21ca90a4
数据标注员,沈阳朗达科技发展有限公司,3000-6000元,沈阳·浑南·桃仙,广州,学历不限,1-3年,,zhilian,,"文本标注,语音标注,图像标注",http://www.zhaopin.com/jobdetail/CCL1311491140J40896673403.htm?refcode=4019&srccode=401901&preactionid=b941286f-3c16-47c0-b94d-b478630a4f66
人工智能数据标注员,宇慧云数智科技(长春)有限公司,4000-8000元,长春·南关·明珠,广州,大专,1年以下,,zhilian,,"图像标注,语音标注,音频标注,视频标注,文本标注",http://www.zhaopin.com/jobdetail/CCL1524956460J40909621812.htm?refcode=4019&srccode=401901&preactionid=b941286f-3c16-47c0-b94d-b478630a4f66
AI数据标注师(日收入100+居家远程办公),湖南佬米数字科技有限公司,2500-4000元,长沙·雨花·井湾子,广州,大专,经验不限,,zhilian,,"图像标注,语音标注,音频标注,视频标注,文本标注",http://www.zhaopin.com/jobdetail/CCL1392264000J40929565108.htm?refcode=4019&srccode=401901&preactionid=b941286f-3c16-47c0-b94d-b478630a4f66
字节跳动双休-【数据标注】,博岳通信,5000-7000元,石家庄·裕华·宋营,广州,学历不限,经验不限,,zhilian,,"图像标注,语音标注,音频标注,视频标注,文本标注,提供食宿,有五险,长白班,简单轻松,可带朋友来",http://www.zhaopin.com/jobdetail/CC351377410J40812016801.htm?refcode=4019&srccode=401901&preactionid=b941286f-3c16-47c0-b94d-b478630a4f66
自动驾驶数据标注员,贵州端木优才通大数据有限公司芜湖分公司,3000-6000元,芜湖·鸠江区·汤沟镇,广州,学历不限,经验不限,,zhilian,,"图像标注,文本标注",http://www.zhaopin.com/jobdetail/CCL1523897250J40855875409.htm?refcode=4019&srccode=401901&preactionid=b941286f-3c16-47c0-b94d-b478630a4f66
数据标注员,泰安泰盈信息科技有限公司,5000-6000元,泰安·岱岳区·粥店街道,广州,大专,经验不限,,zhilian,,"音频标注,视频标注",http://www.zhaopin.com/jobdetail/CCL1337313080J40865693201.htm?refcode=4019&srccode=401901&preactionid=5e90be41-6bba-4c6a-a61d-06113e5a570d
数据标注,焦作市恒韬网络科技有限公司,3000-6000元,焦作·焦北街道,广州,学历不限,经验不限,,zhilian,,数据标注,http://www.zhaopin.com/jobdetail/CCL1509219120J40913132103.htm?refcode=4019&srccode=401901&preactionid=5e90be41-6bba-4c6a-a61d-06113e5a570d
数据标注员,信阳青梧科技有限公司,3000-6000元,信阳·平桥区·羊山街道,广州,大专,经验不限,,zhilian,,"图像标注,文本标注",http://www.zhaopin.com/jobdetail/CCL1430476250J40529278312.htm?refcode=4019&srccode=401901&preactionid=5e90be41-6bba-4c6a-a61d-06113e5a570d
数据标注专员,上海旗盈企业管理咨询有限公司,5000-6000元,上海·长宁·江苏路,广州,大专,经验不限,,zhilian,,"语音标注,图像标注,文本标注,视频标注,音频标注",http://www.zhaopin.com/jobdetail/CC542910720J40528668914.htm?refcode=4019&srccode=401901&preactionid=5e90be41-6bba-4c6a-a61d-06113e5a570d
数据标注/质检,外企德科,8000-11000元,北京·海淀·清河,广州,本科,1-3年,,zhilian,,"AI数据标注相关,美学背景,团队管理经验,视频标注",http://www.zhaopin.com/jobdetail/CC138117190J40868445705.htm?refcode=4019&srccode=401901&preactionid=f2a9cc74-d165-4797-a948-242e50792070
数据标注,尚跃智能科技河南有限公司,2000-4000元,聊城·东昌府区·柳园街道,广州,大专,经验不限,,zhilian,,"图像标注,语音标注,音频标注,视频标注,文本标注",http://www.zhaopin.com/jobdetail/CCL1455290370J40873167810.htm?refcode=4019&srccode=401901&preactionid=f2a9cc74-d165-4797-a948-242e50792070
AI数据标注+长白周末双休,泰安泰盈信息科技有限公司,4000-5000元,泰安·岱岳区·粥店街道,广州,本科,经验不限,,zhilian,,"视频标注,文本标注,音频标注,图像标注",http://www.zhaopin.com/jobdetail/CCL1337313080J40856867501.htm?refcode=4019&srccode=401901&preactionid=f2a9cc74-d165-4797-a948-242e50792070
ai训练师/数据标注,位来小猎(宁波)信息技术有限公司,5000-7000元,西安·莲湖·青年路,广州,本科,经验不限,,zhilian,,"图像标注,语音标注,音频标注,视频标注,文本标注",http://www.zhaopin.com/jobdetail/CCL1320375780J40868214107.htm?refcode=4019&srccode=401901&preactionid=dd1446d1-1589-4401-858f-ef545d45f119
招几名双休删除违规视频 7-12K数据标注,泰安泰盈信息科技有限公司,4000-6000元,泰安·岱岳区·粥店街道,广州,学历不限,经验不限,,zhilian,,"音频标注,视频标注,文本标注",http://www.zhaopin.com/jobdetail/CCL1337313080J40867074001.htm?refcode=4019&srccode=401901&preactionid=dd1446d1-1589-4401-858f-ef545d45f119
AI训练师/数据标注,中智四川经济技术合作有限公司,7000-8000元,成都·武侯·石羊,广州,本科,1-3年,,zhilian,,"文本标注,视频标注,音频标注,语音标注,图像标注",http://www.zhaopin.com/jobdetail/CC158905110J40862919909.htm?refcode=4019&srccode=401901&preactionid=dd1446d1-1589-4401-858f-ef545d45f119
数据标注/AI训练师,南京天谷电气科技有限公司,1-1.5万,杭州·西湖·三墩,广州,本科,经验不限,,zhilian,,"图像标注,语音标注,音频标注,视频标注,文本标注",http://www.zhaopin.com/jobdetail/CC286280280J40954079508.htm?refcode=4019&srccode=401901&preactionid=968677fe-da5e-4bcc-b2e9-f99746d8ac91
数据标注,南京职数通软件技术有限公司,7000-10000元,南京·建邺·沙洲,广州,本科,经验不限,,zhilian,,"图像标注,语音标注,文本标注,标注质量管控,标注规则优化,跨团队协作交付",http://www.zhaopin.com/jobdetail/CCL1522081910J40867445701.htm?refcode=4019&srccode=401901&preactionid=968677fe-da5e-4bcc-b2e9-f99746d8ac91
数据标注质检员,江苏鹏昌企业管理集团有限公司,4000-5000元,南京·浦口·盘城,广州,大专,1-3年,,zhilian,,"图像标注,视频标注",http://www.zhaopin.com/jobdetail/CCL1482089280J40862179109.htm?refcode=4019&srccode=401901&preactionid=968677fe-da5e-4bcc-b2e9-f99746d8ac91
数据标注项目组长,贵州科迅盈乾科技有限公司,4000-5000元,贵阳·云岩,广州,学历不限,1-3年,,zhilian,,"图像标注,文本标注",http://www.zhaopin.com/jobdetail/CCL1235932980J40914743512.htm?refcode=4019&srccode=401901&preactionid=968677fe-da5e-4bcc-b2e9-f99746d8ac91
数据标注专员 长白班次,泰安泰盈信息科技有限公司,4000-6000元,泰安·岱岳区·粥店街道,广州,大专,经验不限,,zhilian,,"语音标注,图像标注",http://www.zhaopin.com/jobdetail/CCL1337313080J40867073301.htm?refcode=4019&srccode=401901&preactionid=968677fe-da5e-4bcc-b2e9-f99746d8ac91
数据标注员,杭州煜城教育科技有限公司,6000-8000元,广州·黄埔·联和,广州,本科,1-3年,,zhilian,,"文本标注,视频标注,教育类数据处理,标注质量校验,标注流程优化",http://www.zhaopin.com/jobdetail/CCL1513903680J40947949615.htm?refcode=4019&srccode=401901&preactionid=968677fe-da5e-4bcc-b2e9-f99746d8ac91
机器人数据标注,软通动力信息技术(集团)股份有限公司,8000-12000元,北京·海淀·清河,广州,学历不限,经验不限,,zhilian,,"机器人,数据标注",http://www.zhaopin.com/jobdetail/CC000544460J40806317016.htm?refcode=4019&srccode=401901&preactionid=000d3840-852b-4c0a-99be-bb3a3b7be929
AI数据标注,山东启梦点信息科技有限公司,3000-5000元,济南·槐荫,广州,大专,经验不限,,zhilian,,"图像标注,语音标注,音频标注,视频标注,文本标注",http://www.zhaopin.com/jobdetail/CCL1290424490J40953632308.htm?refcode=4019&srccode=401901&preactionid=000d3840-852b-4c0a-99be-bb3a3b7be929
AI数据标注实习生+双休,天浩工程技术服务(天津)有限公司,150-200元/天,天津·滨海新区·杭州道,广州,中专/中技,经验不限,,zhilian,,"图像标注,语音标注,音频标注,视频标注,文本标注",http://www.zhaopin.com/jobdetail/CCL1422986570J40875885910.htm?refcode=4019&srccode=401901&preactionid=000d3840-852b-4c0a-99be-bb3a3b7be929
数据标注（双休五险）,上海邦芒人力资源有限公司,4000-6000元,太原·小店·龙城,广州,大专,经验不限,,zhilian,,"图像标注,视频标注,自动驾驶数据标注,遥感影像标注,具身智能标注,2D数据标注,智驾标注,车道线,3D点云,分割",http://www.zhaopin.com/jobdetail/CC558031420J40948301415.htm?refcode=4019&srccode=401901&preactionid=000d3840-852b-4c0a-99be-bb3a3b7be929
ai人工智能训练师数据标注员,四川科达锐信息技术有限公司,4000-7000元,成都·锦江·牛市口,广州,大专,经验不限,,zhilian,,"图像标注,语音标注,音频标注,视频标注,文本标注",http://www.zhaopin.com/jobdetail/CCL1512996540J40975631204.htm?refcode=4019&srccode=401901&preactionid=000d3840-852b-4c0a-99be-bb3a3b7be929
ai数据标注,西安文升教育科技集团有限公司,3000-5000元,西安·雁塔·大雁塔,广州,中专/中技,经验不限,,zhilian,,"文本标注,图像标注,语音标注,标注质量审核,标注流程优化,多类型数据标注",http://www.zhaopin.com/jobdetail/CCL1453934930J40870369314.htm?refcode=4019&srccode=401901&preactionid=000d3840-852b-4c0a-99be-bb3a3b7be929
ai数据标注员,西安市碑林区爱乐贝芙餐饮店(个体工商户),4000-8000元,西安·碑林·张家村,广州,高中,经验不限,,zhilian,,"图像标注,文本标注,餐饮AI场景数据标注",http://www.zhaopin.com/jobdetail/CCL1517515530J40855984011.htm?refcode=4019&srccode=401901&preactionid=000d3840-852b-4c0a-99be-bb3a3b7be929
数据标注专员,哈尔滨蓝钻商贸有限公司,7000-10000元,哈尔滨·双城,广州,大专,经验不限,,zhilian,,"图像标注,文本标注,数据审核,标注规则优化,数据质量复盘",http://www.zhaopin.com/jobdetail/CCL1526995140J40913164103.htm?refcode=4019&srccode=401901&preactionid=000d3840-852b-4c0a-99be-bb3a3b7be929
