job_name,company_name,salary,work_area,city,education,work_year,issue_date,source,skill_requirements,tech_tags,job_url
产品经理,蓝海鲸跃(北京)科技有限公司,1.5-2.5万,北京·通州·台湖,北京,本科,5-10年,7月23日,zhilian_direct,岗位职责 1. 负责企业级大模型安全平台产品设计与迭代，主打LLM风控防护，覆盖Prompt注入、越狱攻击、数据泄露、有害内容、模型幻觉等核心风险防御场景。 2. 搭建平台安全策略体系，设计规则引擎、策略配置、黑白名单、分级拦截、数据脱敏等核心功能，输出完整产品方案，支撑政企客户落地使用。 3. 搭建全链路日志审计、风险告警、溯源处置体系，满足《数据安全法》《个人信息保护法》《生成式AI管理办法》等合规及审计要求。 4. 结合大模型API/SDK/代理转发架构，运用内容分类、向量检索、意图识别等AI安全技术，持续优化风控检测能力，解决传统防护短板。 5. 挖掘政企、金融等B端客户AI安全与合规痛点，负责产品规划、需求落地、方案输出，跟进行业技术与攻防动态，打造产品差异化优势。 任职要求 1. 5年以上B端平台型产品经验，有安全类产品经验优先（策略配置、规则管理、日志审计、风控告警、内容审核、数据安全等）。 2. 熟悉大模型各类安全风险及防护思路，了解大模型主流调用方式与AI安全核心技术原理。 3. 具备多租户、模块化平台产品设计思维，精通B端后台、权限、策略、审计体系搭建，可独立完成需求全流程落地。 4. 熟悉AI及数据安全相关合规法规，具备良好的政企沟通、方案输出能力，逻辑清晰、抗压性强。 优先加分项 1. 有大模型安全、AIGC风控、LLM安全网关、企业AI安全平台相关产品经验； 2. 兼具传统安全产品功底与AI新技术落地经验； 3. 有政企、金融大客户私有化项目落地、合规审计对接经验。 工作地点 通州区北京市经济技术开发区经海六路五号院 以担保或任何理由索要财物，扣押证照，均涉嫌违法。一经发现， 立即举报,"信息安全,网络安全,数据安全,云安全,云计算/大数据,智算",http://www.zhaopin.com/jobdetail/CC872428320J40923367412.htm?refcode=4019&srccode=401903&preactionid=b4cee2b5-a4cf-4951-aaa2-e1a1090416cf
AI产品经理,财达证券,面议,北京·丰台·太平桥,北京,硕士,3-5年,7月23日,zhilian_direct,岗位职责： 1、负责落地AI在业务场景的智能化应用，包括构建数据分析智能体，覆盖智能化问数、归因、预测等应用场景；建设业务主题知识库，支撑大模型自主规划归因步骤、维度及指标范围；以及进行智能体调优，提升数据服务的准确性和智能化体验。 2、进行财富、资管、投资、投行、投研等业务条线AI Agent 产品的设计与优化，完成AI产品的信息架构、流程设计和原型设计、需求文档等方案。 3、负责搭建并迭代AI服务体系，对产品功能实现负责，协调开发、测试、UI、数据团队推进产品研发，确保功能按时上线，提升用户体验与留存率。 4、负责产品的内外部宣导和推广培训支持，开展市场和竞品调研，保持对AI行业前沿技术及金融、证券领域知识的学习与研究，撰写竞品分析报告，制定产品迭代计划。 5、建立全流程风险管控体系，严格遵守金融监管规则，保障策略、交易、数据全流程合规。 6、对接外部技术、数据资源，参与行业交流，提升公司AI核心竞争力。 任职要求： 1、硕士及以上学历，计算机、人工智能、大数据、统计学、金融工程等相关专业背景，具有相关AI产品经验者优先，且对AI或金融投资领域有浓厚兴趣。 2、3年以上金融科技/AI相关产品工作经验，熟悉证券、财富管理、资管等金融业务流程，能够将AI技术转化为可落地的产品方案。 3、具备优秀的需求分析、项目管理及跨团队协调能力，具备较强的数据敏感度和产品迭代优化能力。 4、具备AI产品落地经验，了解Prompt基本设计原则，对Agent、RAG等AI技术有一定了解，具有数据驱动的产品演化思维，能够独立完成产品功能设计及优化；能结合大模型能力搭建智能体者优先。 5、持有证券从业资格，持有CFA、FRM、CQF等证书优先。 6、特别优秀者可适当放宽年龄、学历。 报名截止时间：2026年7月26日 工作地点 北京丰台区晋商联合大厦 以担保或任何理由索要财物，扣押证照，均涉嫌违法。一经发现， 立即举报,AI,http://www.zhaopin.com/jobdetail/CC438042080J40876979310.htm?refcode=4019&srccode=401903&preactionid=b4cee2b5-a4cf-4951-aaa2-e1a1090416cf
ai产品经理,中环低碳节能技术(北京)有限公司,1.5-2.5万·13薪,北京·丰台·六里桥,北京,本科,经验不限,7月23日,zhilian_direct,岗位职责: 1、对接服务“运输物流/电力/能源/智慧消防/工研院卫星中心”等行业国企，配合相关产品和用户场景研究、制定产品的战略方向并带领团队达成共识; 2、协助产品的设计和落地，快速迭代打磨迭代用户喜欢的产品功能、模块; 3、能够及时跟踪效果、抓用户核心体验，与算法、设计、运营团队协作配合，为AI产品的体验和结果负责； 4、愿意参与单位与政府部门、事业单位项目商务对接，提升公司品牌形象，争取更多支持和资源。 职位要求: 1、本科学历，人工智能或者计算机相关专业。有相关工作经验，对人工智能有了解，熟悉产品逻辑模块; 2、对AI的可能性探索有热情，具备较好的产品策划和项目管理能力，能有效地推动各部门落地并迭代; 3、重视用户体验和细节，良好的逻辑思维能力，出色沟通表达能力，能聚焦抓重点； 4、能接受短期出差，良好的团队协作、项目协调能力。 工作地点 北京市-丰台区-六里桥街道198D座02号 以担保或任何理由索要财物，扣押证照，均涉嫌违法。一经发现， 立即举报,"智慧消防,运输物流,大模型,智能机器人",http://www.zhaopin.com/jobdetail/CCL1484885120J40812866905.htm?refcode=4019&srccode=401903&preactionid=b4cee2b5-a4cf-4951-aaa2-e1a1090416cf
C 端产品经理,智联招聘,2-3万·14薪,北京·朝阳·望京,北京,本科,3-5年,7月23日,zhilian_direct,岗位职责 负责智联校园业务 C 端产品的整体迭代，为用户量、日活、用户体验和匹配效率负责。负责内容包括求职者注册、简历管理、岗位搜筛、职位投递等核心流程。结合行业和业务情况，制定中长期产品规划 持续挖掘 C 端用户需求，通过用户分层、用户调研、数据挖掘等方法提炼真实需求。独立跟进落地 搭建并监控核心流程的数据监控体系、指标体系。通过数据复盘、A/B 测试等方法，输出产品方案，持续提升用户留存、求职转化及平台用户活跃度 对接 UI 设计、前后端研发、测试、运营、市场等团队，同步需求细节、把控开发进度、解决研发及上线过程中的各类问题，保障产品版本按期高质量上线。 联动业务团队策划关键窗口期的运营活动，做好产品支撑 持续跟踪招聘行业头部产品（智联、前程无忧、BOSS 直聘等）的产品功能、交互体验、商业模式迭代动态。高度关注AI能力的技术创新，并在工作中应用 任职要求 本科及以上，3年及以上C 端产品经验或增长经验，有求职平台或供需匹配型产品经验者优先 熟悉 C 端用户全链路场景及业务逻辑，深刻理解用户心理与转化核心痛点，具备成熟的产品思维和方法论，能够做需求抽象与优先级排序，不局限功能堆砌 数据驱动，有很强的数据敏感度，能够通过数据发现问题、验证方案、驱动迭代 具备良好的跨部门沟通、资源协调与项目推进能力，逻辑清晰、执行力强，抗压能力优秀；对互联网招聘行业有浓厚兴趣，思维活跃，具备独立思考和创新能力，能快速适配业务变化。 加分项 有实际的AI落地项目或对AI有深刻认知；熟悉C端核心转化流程；有招聘行业经验；大型活动产品落地经验； 工作地点 北京朝阳区首开广场 以担保或任何理由索要财物，扣押证照，均涉嫌违法。一经发现， 立即举报,AI产品,http://www.zhaopin.com/jobdetail/CCL1501502560J40877450714.htm?refcode=4019&srccode=401903&preactionid=b4cee2b5-a4cf-4951-aaa2-e1a1090416cf
光电产品经理（光纤/光栅/光源）,奥谱天成(厦门)光电股份有限公司,1.5-1.8万·13薪,长沙·天心·先锋,长沙,本科,3-5年,7月23日,zhilian_direct,岗位职责： 1.售前技术支撑:负责光谱、光电检测类产品全流程售前支持，含客户调研、技术交流、现场演示、答疑汇报、PPT方案宣讲，通过技术与 业务匹配促成项目签约。 2.行业方案设计:独立撰写项目建议书、可研报告、建设方案、实施方案等全套政企项目文档，输出标准化、定制化行业解决方案。 3.需求挖掘与项目把控:深度拆解客户需求，结合公司光谱产品特性引导客户选型、框定项目边界，完成需求沉淀与内部产品对接交接。 4.市场与产品规划:调研光谱光电行业市场、前沿技术、竞品动态，汇总客户需求，为新品研发、产品迭代、市场策略提供数据支撑。 5.内部赋能与咨询培训:承担行业应用咨询、内部信息化培训、方案体系搭建、品牌技术推广工作，完善产品行业落地体系。 任职要求： 1.专业硬性门槛:物理、光学、理工科背景;本科8年+/硕士3年+仪器行业经验(硬性高门槛，资深岗)。 2.客户能力:擅长政企客户高阶沟通、技术汇报、商务对接，情商高、表达逻辑性强。 3.方案核心能力:极强的文案撰写、可研/落地方案设计、需求规划、问题闭环能力，可独立输出全套项目资料。 4.市场与推广能力:具备产品方案引导、市场分析、品牌技术推广思维，懂行业痛点与产品差异化打法。 5.职业素养:抗压、主动、团队协作，接受全国短期出差，职业规范性强、抗挫折能力高。 工作地点 长沙天心区天经国际智能产业园7栋整层6楼人力资源部 以担保或任何理由索要财物，扣押证照，均涉嫌违法。一经发现， 立即举报,"光学,光谱仪",http://www.zhaopin.com/jobdetail/CC614082980J41003238402.htm?refcode=4019&srccode=401903&preactionid=b4cee2b5-a4cf-4951-aaa2-e1a1090416cf
高级产品经理,软通动力信息技术(集团)股份有限公司,1.3-1.7万,上海·浦东·川沙新,上海,本科,5-10年,7月25日,zhilian_direct,"岗位职责： 1.掌握软件生命周期管理技能，熟练掌握敏捷开发的方法，了解项目管理； 2.需求分析与产品规划，产品原型设计； 3.跨部门协作与项目管理； 4.产品培训与运营支持; 5、本科及以上，5年及以上工作经验。 6、电商工作模块经验，电商中后台产品设计，包括但不限于OMS、商品、库存、供应链等中台。 C端产品的jd 1、本科以上学历（必须） 2、有用户端产品经验、或UX设计经验（必须） 3、技能要求（必须）：会用figma画高保真原型、了解UI实现的基本规则(CSS等) 4、素质要求：逻辑推理、语言能力、用户体验、数据判断。 特殊要求： 1、熟悉软件全生命周期管理、了解项目管理； 2、熟悉敏捷开发； 3、能独立进行产品规划、产品原型设计 4、5年以上产品经验,需要有B端经验或C端经验 工作地点 上海浦东新区川沙九六广场企业中心B幢 中免日上 以担保或任何理由索要财物，扣押证照，均涉嫌违法。一经发现， 立即举报","B端产品,C端产品",http://www.zhaopin.com/jobdetail/CC000544460J40833283816.htm?refcode=4019&srccode=401903&preactionid=b4cee2b5-a4cf-4951-aaa2-e1a1090416cf
农产品经理（主粮种子营销策划方向）,九圣禾控股集团有限公司,1-2万·13薪,昌吉·昌吉市·三工镇,昌吉,本科,1-3年,7月25日,zhilian_direct,职位描述 小麦种子营销 农资品牌推广 全场景营销策划 西北大区 国内市场 农业 我们希望你是一个能够在农业种子上在西北区域内有营销思路，策略，方法的人。 工作职责 1. 主导小麦种子产品全周期营销运营，负责定位、品牌包装、卖点策划及市场造势，搭建专属营销体系，提升产品辨识度与品牌影响力。 2. 深耕黄淮海、华北、西北等核心主产区，调研种植习惯、农户需求、竞品策略及渠道政策，输出分析报告并制定年度/季度营销推广规划。 3. 基于小麦品种高产、抗病等核心特性打造差异化卖点，独立策划宣传文案、短视频脚本、海报画册等全场景营销物料，统一品牌口径。 4. 统筹区域招商会、农户观摩会、测产发布会等营销活动的策划、落地与复盘，联动销售团队赋能经销商，提升终端动销率与覆盖率。 5. 跟踪产品销量、终端反馈及竞品动态，定期复盘营销工作，优化方案、话术与活动模式，迭代营销打法以提升转化效率。 6. 配合搭建小麦产品梯度营销矩阵，协助制定区域政策、渠道激励及终端促销策略，维护品牌口碑并打造标杆市场。 任职要求 1. 本科及以上学历。 2. 1-3年农资、种业或农产品行业营销策划、品牌推广经验，熟悉种业推广逻辑与线下活动落地，有小麦品类操盘经验者优先。 3. 具备优秀的市场洞察、品牌包装、文案创作及活动策划能力，可独立完成营销方案撰写、物料对接与数据复盘。 4. 善于沟通，能适应产区短期出差，思维灵活抗压性强，可联动研发、生产、销售多部门推进产品落地。 5. 了解小麦品种特性与主产区市场特点，熟悉农资渠道招商及终端推广模式，有短视频或新媒体营销经验者优先。 补充说明 1. 薪酬福利：宽带薪酬+产品提成+推广绩效+年终奖金；五险一金、带薪年假、出差补贴、节日福利、定期培训、清晰晋升通道、品种操盘专项奖励。 2. 职位亮点：专注小麦品类全案营销，全权负责品牌包装与市场推广；覆盖品牌、终端、招商全场景，营销能力全方位锻炼；小麦刚需赛道稳定，激励机制完善，方案落地可享专项绩效与销量提成。 工作地点 昌吉昌吉市九圣禾产业园 以担保或任何理由索要财物，扣押证照，均涉嫌违法。一经发现， 立即举报,"小麦种子营销,农资品牌推广,全场景营销策划,西北大区,国内市场",http://www.zhaopin.com/jobdetail/CCL1289848910J40952748708.htm?refcode=4019&srccode=401903&preactionid=b4cee2b5-a4cf-4951-aaa2-e1a1090416cf
产品经理,睿瀛科技(武汉)有限责任公司,9000-18000元,武汉·江夏·豹澥,武汉,本科,3-5年,7月23日,zhilian_direct,岗位职责: 1. 设计与开发新AI产品的研究，确保符合市场需求和用户体验； 2. 跨部门团队合作，确保产品设计到开发过程的高效沟通与协调； 3. 监控产品开发进度，确保项目按时完成并上线； 4. 分析产品运营数据，收集用户反馈，以优化产品性能和用户体验； 5. 对行业内的竞争对手进行持续的研究，以保持产品优势和跟踪行业动态。 6.技术研究与创新： 跟踪人工智能领域最新技术动态，进行技术预研，推动团队技术进步。 任职要求： 1. 对AI产品设计和开发具有浓厚的兴趣，能够独立管理产品从概念到推出； 2. 具备出色的沟通能力和团队合作精神，能与不同部门有效协作； 3. 对用户体验有敏锐的洞察力，能够在设计中体现出来； 4. 能够快速适应变化，对新技术和新业务模式保持开放态度； 5. 对行业趋势有深入理解，能够把握产品发展方向； 6.有【百万级用户量C端自营产品】规划经验优先，有微信小程序、AI产品规划经验优先。 6. 统招重点本科以上学历。 工作地点 武汉江夏区未来智汇城高新大道未来智汇城A1栋10层 以担保或任何理由索要财物，扣押证照，均涉嫌违法。一经发现， 立即举报,"软件产品,AI产品,数据产品,数据后台产品,大数据产品,智能问答产品",http://www.zhaopin.com/jobdetail/CC396139830J40863168011.htm?refcode=4019&srccode=401903&preactionid=b4cee2b5-a4cf-4951-aaa2-e1a1090416cf
产品经理【B端产品数据治理.大数据平台】,华信设计,1-1.2万,广州·海珠·官洲,广州,大专,3-5年,7月25日,zhilian_direct,岗位职责： 1、产品规划与设计：深入了解业务需求，进行平台产品的规划、设计与原型制作，输出高质量的产品需求规格说明书、产品白皮书、功能清单、用户手册等产品文档； 2、项目管理与协作：负责跟进需求管理、产品设计、开发、测试、验收等产品研发过程，统筹平台产品研发迭代； 3、项目支撑：支撑省市级项目交付，包括但不限于项目需求评估、功能点估算及成本估算，支撑项目需求调研、需求分析、规划设计和推动研发落地等项目交付验收工作。 二、任职要求： 1、学历背景：计算机科学、统计学、数学、信息管理等相关专业； 2、工作经验：3年以上大数据平台或者平台工具类产品工作经验，有经济领域相关产品经验及AI产品设计经验的优先，有独立负责平台级产品研发经验的优先。 3、技能要求： ①熟练掌握大数据、数据治理、数据库等数据管理知识； ②熟悉 AI 大模型能力，如deepseek、通义等； ③具备优秀的产品设计和原型制作能力，熟练使用Axure等工具； ④具备良好的项目管理和团队协作能力； ⑤具备良好的沟通能力、问题解决能力，有较强的学习能力。 工作地点 海珠区广州国际生物岛 以担保或任何理由索要财物，扣押证照，均涉嫌违法。一经发现， 立即举报,"数据平台,平台产品,TO B,云计算",http://www.zhaopin.com/jobdetail/CC121043380J40911415303.htm?refcode=4019&srccode=401903&preactionid=b4cee2b5-a4cf-4951-aaa2-e1a1090416cf
外科医疗器械产品经理(J10026),无锡中科光远生物材料有限公司,1-1.5万·15薪,北京·通州·马驹桥,北京,本科,3-5年,7月23日,zhilian_direct,岗位职责: 1、政策、产品使用、客户需求及竞品信息收集，分析，反馈与管理，并及时了解外部市场环境变化。 2、结合外部环境变化，基于销售信息分析，负责产品线的管理与市场开拓，形成切实有效的市场策略和各类促销政策，并基于动态变化及时监测调整策略方向和重点。 3、基于市场动态变化，年度/不定期更新完善产品资料，招标涉及资料，含销售/代理商/客户（PPT彩页海报视频等销售工具）。 4、定期开展针对销售及代理商团队的产品培训。 5、规划并开展目标明确、内容切合、形式创新的市场活动，以建立产品口碑及推动覆盖。 6、参与公司产品相关的各项会议（展会、自办会、代理商会议及内部季度会议），并提供内容、对会议效果进行评估及监测。 7、市场部涉及的其他产品内容对接工作。 8、制定SMART目标，整合资源，设计，计划并高质量执行自办及赞助类市场活动。 9、以产品线为核心，全国级专家库管理、样板医院建设及重点使用客户的活动策划与支持，以促进客户满意度的提升。 10、按时完成基于团队需要组织交办的其他工作事项。 任职要求: 1、本及以上学历，医学相关专业，有普外科吻合器、止血夹等产品使用经验或推广经验的优先考虑； 2、熟悉产品知识、行业知识以及循证医学知识； 3、有较强的市场活动策划能力、组织协调、沟通谈判能力； 4、能适应频繁出差。 工作地点 北京通州区经海产业园C2号楼 以担保或任何理由索要财物，扣押证照，均涉嫌违法。一经发现， 立即举报,"医疗器械,外科,高值耗材",http://www.zhaopin.com/jobdetail/CC248092210J40923355312.htm?refcode=4019&srccode=401903&preactionid=b4cee2b5-a4cf-4951-aaa2-e1a1090416cf
AI软件产品经理,睿瀛科技(武汉)有限责任公司,9000-18000元,武汉·江夏·豹澥,武汉,本科,3-5年,7月24日,zhilian_direct,岗位职责: 1. 设计与开发新AI产品的研究，确保符合市场需求和用户体验； 2. 跨部门团队合作，确保产品设计到开发过程的高效沟通与协调； 3. 监控产品开发进度，确保项目按时完成并上线； 4. 分析产品运营数据，收集用户反馈，以优化产品性能和用户体验； 5. 对行业内的竞争对手进行持续的研究，以保持产品优势和跟踪行业动态。 6.技术研究与创新： 跟踪人工智能领域最新技术动态，进行技术预研，推动团队技术进步。 任职要求： 1. 对AI产品设计和开发具有浓厚的兴趣，能够独立管理产品从概念到推出； 2. 具备出色的沟通能力和团队合作精神，能与不同部门有效协作； 3. 对用户体验有敏锐的洞察力，能够在设计中体现出来； 4. 能够快速适应变化，对新技术和新业务模式保持开放态度； 5. 对行业趋势有深入理解，能够把握产品发展方向； 6.有【百万级用户量C端自营产品】规划经验优先，有微信小程序、AI产品规划经验优先。微信小程序：睿意生活馆 内涵AI客服、AI智能体，睿意短剧。 6. 统招重点本科以上学历。 工作地点 武汉江夏区未来智汇城高新大道未来智汇城A1栋10层 以担保或任何理由索要财物，扣押证照，均涉嫌违法。一经发现， 立即举报,"软件产品,AI产品,数据产品,数据后台产品,大数据产品,智能问答产品",http://www.zhaopin.com/jobdetail/CC396139830J40864584811.htm?refcode=4019&srccode=401903&preactionid=b4cee2b5-a4cf-4951-aaa2-e1a1090416cf
产品经理（皮肤医美）,深圳普门科技股份有限公司,8000-15000元,深圳·龙华·观湖,深圳,本科,1-3年,7月23日,zhilian_direct,岗位职责 协助部门完成光电类（IPL、LED、调 Q 激光、点阵激光）及超声类医美设备的产品全生命周期管理 负责产品文档撰写：竞品对比表、临床需求收集单、用户访谈纪要整理、产品手册 / 彩页初稿 配合市场调研：竞品信息收集、行业动态追踪、医美机构走访、客户反馈汇总 跟进产品测试：样机测试计划、临床反馈收集、问题记录与跟踪闭环 参与产品上市准备：物料设计跟进、注册资料协助、价格政策落地、销售培训支持 参与跨部门协同：研发、临床、注册、生产、销售的需求对接与会议纪要 处理日常产品支持：销售一线问题答疑、客户反馈转交、产品资料更新维护 任职要求： 统招本科及以上，医学 / 生物医学工程 / 光电 / 临床 / 市场营销等相关专业 1-3 年医疗器械、医美设备、医疗器械注册或相关行业产品 / 技术支持经验； 对皮肤光电 / 超声类医美设备有基本认知（IPL、调 Q、点阵激光、超声治疗仪、热玛吉等），愿意深入学习 良好的文档能力：能写清晰的需求文档、对比表、调研报告 具备基础的跨部门沟通能力，能在指导下对接研发、销售、临床 学习能力强，对新技术、新疗法有好奇心 抗压、细心、责任心强，能适应注册审评、产品集中上市等阶段的高强度节奏 熟练使用 Office / 基本数据处理工具 工作地点 深圳龙华区普门科技总部大厦 以担保或任何理由索要财物，扣押证照，均涉嫌违法。一经发现， 立即举报,产品经理,http://www.zhaopin.com/jobdetail/CC227927710J40866732407.htm?refcode=4019&srccode=401903&preactionid=b4cee2b5-a4cf-4951-aaa2-e1a1090416cf
产品经理,北京久译科技有限公司,2-3.5万,北京·丰台·看丹,北京,本科,3-5年,7月26日,zhilian_direct,职位描述 视频产品 AI算法产品 智慧交通 智慧园区 智慧社区 智慧城市 人工智能 软件产品 物联网 产业互联网平台 人工智能 职位描述： 负责公司市场调研、产品定义、产品定位、竞品分析、需求分解，研发规划。协助公司进行企业品牌推广、产品标准化。 职责描述： 1、负责智能硬件的市场调研、需求分析、产品规划、功能设计、竞品分析，初期产品定义等工作； 2、与研发负责人一同负责产品定义，独立负责版本规划、功能设计、需求跟踪及交付验收； 3、产品研发阶段，协调并推动产品按时推出以及产品的版本管理和持续优化，推动研发的有效执行； 4、产品发布阶段，负责产品资料的整理输出，并为销售、市场及品牌提供产品相关的支持； 5、负责产品发布后的数据搜集，使用反馈搜集，并能够持续改善和迭代优化等。 6、协助公司完成产品包装，并制定推广策略； 7、完成领导交办的其他工作。 任职要求： 1.精通地铁/铁路车站全流程业务：站务运营、客流管控、设备运维、安全隐患排查、跨网数据隔离规范，懂车站值班、巡检、应急处置真实流程；熟悉轨道交通行业标准。通过调研地铁运营业务流程，提炼实际业务需求，梳理整体业务逻辑。 2.理解指标口径、统计维度、数据流转逻辑，通过梳理各类数据源，规划数据流转规则及数据应用方式。 3.完成整体系统功能规划，定义业务模块之间的联动关系。 4.能把运营、运维、安全、技术多部门口头诉求转化标准化PRD、原型、流程图，输出：交互原型与产品文档，统一多端交互规范。 5.了解第三方系统业务，通过对接第三方系统接口，明确数据对接要求。 6.向研发团队交底需求，把控产品实现效果。 7.收集运管部门、车站等用户意见，持续迭代优化功能。 8、有3年及以上有AI人工智能产品/软件产品设计经验优先考虑。 9、能熟练使用Word、Excel、PPT、Visio、CAD等办公软件； 10、熟悉任意一种产品设计工具如AxureRP、mindmanager、Microsoft Visio； 11、具备智能视频分析行业从业经验者优先； 12、从事过互联网、安防、物联网行业，具有产品设计类工作经验者优先； 13、具备产品开发端经验者优先。 薪资范围： 能力突出者薪酬可面谈 职位福利：五险一金、通讯补助、绩效奖金、餐补、创业公司、周末双休、交通补助 职位亮点：平台好 行业前景好 工作地点 北京丰台区汽车博物馆西路8号院1A座4层401室 以担保或任何理由索要财物，扣押证照，均涉嫌违法。一经发现， 立即举报,"视频产品,AI算法产品,智慧交通,智慧园区,智慧社区,智慧城市,人工智能,软件产品",http://www.zhaopin.com/jobdetail/CC692256830J40259924016.htm?refcode=4019&srccode=401903&preactionid=b4cee2b5-a4cf-4951-aaa2-e1a1090416cf
高级产品经理,四川文通云大数据科技有限公司,1.5-2.5万,成都·龙泉驿·柏合,成都,本科,3-5年,7月23日,zhilian_direct,职位描述 产品设计 人工智能 互联网教育 教育科技/教育软件 岗位描述： 1、市场调研与分析：负责公司产品的市场定位和战略规划工作，包括行业分析、竞争策略制定、品牌规划等； 2、产品开发与设计：参与公司教育大数据产品的市场定位与开发决策的评审工作，对产品研发方向进行把控，提出建议并推动落实执行； 3、协同公司总经理进行公司产品规划制定、维护、复盘、执行、确保产品规划及负责新产品需求响应与规划；； 4、深入挖掘客户需求，负麦对用户反馈的信息进行分析总结，结合教育行业数智化产品特点，持续优化产品设计，提升客户价值与效益，持续增强用户体验，推动产品和业务的共同成长，确保产品满足市场需求和业务发展目标。 岗位要求： 1、教育技术、大数据、计算机等理工科相关专业，本科及以上学历，有ai产品经理经验优先考虑； 2、具备良好的产品经理技能、产品管理、项目管理与运营推广能力，优秀的沟通、呈现能力； 3、具备一定的数据分析技能和能力，对数据和业务逻辑敏感，思维缜密； 4、主动性强，有良好的人际沟通、协调能力，具备项目管理和推动意识； 5、具备较强EXCEL、PPT交付能力和汇报能力； 6、对教育行业有一定认知且愿意在此行业深耕发展。 工作地点 龙泉驿区成都文通网络科技发展有限公司东航路286号 以担保或任何理由索要财物，扣押证照，均涉嫌违法。一经发现， 立即举报,产品设计,http://www.zhaopin.com/jobdetail/CCL1459156340J41024140804.htm?refcode=4019&srccode=401903&preactionid=b4cee2b5-a4cf-4951-aaa2-e1a1090416cf
高级产品经理,广东伟邦科技股份有限公司,1.5-2.5万·13薪,深圳·龙岗·坪地,深圳,本科,3-5年,7月23日,zhilian_direct,岗位职责： 1.负责电梯人机交互系统、智能硬件类产品的产品规划与全生命周期管理。 2.主导智能电梯交互产品、智能硬件类产品的需求分析、原型设计及功能迭代。 3.协调研发、销售、生产等多部门开展产品项目管理。 4.对公司产品经理、项目经理的团队管理。 任职要求： 1.计算机、电子信息工程等相关专业本科以上，有较强的硬件技术基础，6年以上工控类硬件产品经验。 2.主导过3个以上工控类产品从0到1的落地。 3.管理过8人以上产品团队，能很好地做到对团队进行绩效管理、团队协同管理。 4.持有PMP认证优先；熟悉电梯类产品的方案、物料、工艺优先考虑。 工作地点 龙岗区福地花园-停车场（在深圳区域负责技术支持） 以担保或任何理由索要财物，扣押证照，均涉嫌违法。一经发现， 立即举报,智能硬件产品,http://www.zhaopin.com/jobdetail/CC157931010J40864535711.htm?refcode=4019&srccode=401903&preactionid=b4cee2b5-a4cf-4951-aaa2-e1a1090416cf
产品经理（数据治理方向）,苏州安硕数科数据技术有限公司,9000-17000元,深圳·南山·粤海,深圳,本科,3-5年,7月23日,zhilian_direct,职位描述 数据治理项目落地 AMC业务 银行特资不良业务经验 三、任职资格要求 （一）硬性要求 1. 本科及以上学历，3年及以上数据治理产品经理工作经验，有完整的数据治理体系搭建、数据治理产品落地项目经验，有中大型企业数据治理项目经验者优先。 2. 精通数据治理核心模块，熟练掌握主数据治理、元数据治理、数据质量管控、数据标准制定、指标体系搭建、数据权限管理等核心能力，熟悉数据全生命周期治理流程。 3. 具备独立完成数据治理产品PRD撰写、原型设计、需求拆解、方案落地的能力，熟练使用Axure、XMind、Visio等产品工具。 4. 熟悉大数据基础架构，了解数仓分层、数据同步、数据加工基本逻辑，掌握SQL基础，能够看懂数据脚本、理解数据加工规则，可高效对接大数据研发团队。 5. 具备极强的逻辑思维、需求拆解能力和项目推进能力，能够独立统筹跨部门数据治理项目，推动方案落地闭环。 二、岗位工作职责 1. 数据治理体系搭建与落地：负责公司整体数据治理体系的规划、设计与迭代落地，涵盖数据标准、数据质量、数据安全、数据元、主数据、元数据、数据权限全模块治理工作，搭建标准化、规范化、可落地的数据治理流程与制度，解决企业数据杂乱、口径不统一、数据冗余、数据质量差等核心问题。 2. 数据治理产品设计：独立负责数据治理类产品的需求调研、需求分析、方案设计、原型输出、PRD撰写，包括但不限于主数据管理平台、元数据管理平台、数据质量监控平台、数据指标体系平台、数据权限管控平台、数据字典管理工具等，推动产品从0到1搭建及迭代优化。 3. 数据全生命周期管理：统筹数据从采集、接入、加工、存储、使用、共享、归档、销毁的全生命周期治理，制定各环节治理规范，建立数据常态化治理机制，保障企业数据资产的完整性、准确性、一致性、时效性、安全性。 4. 数据指标与口径统一：牵头梳理公司各业务线核心数据指标，搭建统一的企业级指标体系、数据字典和指标口径规范，统一各部门数据统计标准，消除数据孤岛，支撑业务数据分析、报表统计、经营决策的数据准确性。 5. 跨部门协同落地治理：对接业务部门、研发、大数据、运维、风控等相关团队，调研业务数据治理痛点与需求，输出适配业务场景的治理方案，推动治理规则、标准、流程在各业务线落地执行，跟进项目进度，解决落地过程中的各类问题。 6. 数据质量监控与优化：建立数据质量稽核规则、监控机制和问题整改闭环体系，定期排查数据异常、缺失、错误、重复等问题，推动数据问题整改，持续优化数据质量，提升企业数据资产利用率。 7. 数据资产运营与赋能：协助完成企业数据资产盘点、分类、分级管理，推动数据资产化落地，结合业务场景输出数据治理解决方案，支撑数字化运营、精细化管理、智能决策等业务落地。 8. 行业规范与制度迭代：跟进国家、行业数据合规、数据安全相关政策要求，持续优化公司数据治理制度、流程和产品能力，保障企业数据治理工作合规化、标准化运行。 工作地点 深圳湾万象城广东省深圳市南山区科苑南路2888号深圳湾万象城L1华润金融大厦 以担保或任何理由索要财物，扣押证照，均涉嫌违法。一经发现， 立即举报,"数据治理项目落地,AMC业务,银行特资不良业务经验",http://www.zhaopin.com/jobdetail/CC703527320J40866728807.htm?refcode=4019&srccode=401903&preactionid=b4cee2b5-a4cf-4951-aaa2-e1a1090416cf
产品经理兼项目负责人,苏州睿星朗电器有限公司,1.5-2.5万,苏州·吴中·木渎,苏州,本科,3-5年,7月23日,zhilian_direct,职位描述 社区产品 需求分析 产品设计 产品/版本迭代 Axure Xmind TO C UGC平台运营 开源数据平台搭建 数据合规体系建设 产业互联网平台 工作职责 1. 统筹共建共享开源家居数据平台全生命周期，制定长期发展规划，坚守前期非盈利定位。 2. 设计家电日志录入、视频上传、数据下载、用户社区等全功能模块，对标UGC平台逻辑优化用户贡献体验。 3. 输出产品原型、PRD及流程图，对接技术团队落地功能并跟进版本迭代，持续优化上传体验与数据检索效率。 4. 搭建平台合规体系，制定开源规则、数据共享协议、隐私脱敏标准，规避数据合规风险。 5. 联动运营团队设计积分激励、上传引导及共建活动方案，激活用户数据贡献；对接高校、企业拓展合作渠道。 6. 统筹产品、技术、运营等跨部门团队，把控项目进度与资源投入，定期复盘用户规模、数据总量等核心指标并调整策略。 任职要求 1. 本科及以上学历，3年以上互联网UGC社区、数据众包或AI数据集平台项目管理经验，有IoT家居平台经验优先。 2. 具备从0到1平台搭建统筹能力，熟悉产品、运营、技术协同流程，能独立输出原型与PRD。 3. 精通UGC用户生产逻辑与多模态数据存储需求，熟悉开源平台运营规则及数据合规、个人信息保护相关法规。 4. 具备优秀跨部门沟通与商务拓展能力，可对接企业、科研机构开展合作；有公益/非盈利项目经验加分。 5. 认同开源共享理念，具备长期项目规划与团队管理能力，能统筹多岗位分工与绩效考核。 6. 熟练使用Axure、Figma、XMind等产品工具，具备数据驱动的产品优化思维。 工作地点 吴中区苏州睿星朗电器有限公司 以担保或任何理由索要财物，扣押证照，均涉嫌违法。一经发现， 立即举报,"社区产品,需求分析,产品设计,产品/版本迭代,Axure,Xmind,TO C,UGC平台运营,开源数据平台搭建,数据合规体系建设",http://www.zhaopin.com/jobdetail/CCL1525067230J40864579211.htm?refcode=4019&srccode=401903&preactionid=b4cee2b5-a4cf-4951-aaa2-e1a1090416cf
产品经理,武汉市啸洋庆商贸有限公司,8000-12000元·13薪,武汉·武昌,Guangzhou,本科,经验不限,7月25日,zhilian,职位描述 产品规划 产品运营 需求分析 产业互联网平台 互联网生活服务(O2O) 岗位内容： 1. 确定产品方向和目标，根据市场和用户需求设计产品规划和路线图。 2. 撰写产品需求文档并督促并支持研发团队完成产品开发，确保产品质量和按时交付。 3. 分析产品运营数据，反馈用户使用情况及市场变化，为产品优化提出建议。 任职要求： 1. 有一定的互联网行业从业经验； 2. 对产品有敏锐的洞察力和判断力，能够进行用户需求分析； 3. 具备团队合作精神，有良好的沟通协调能力。 工作地点 武汉市-武昌区-东湖路157号503 以担保或任何理由索要财物，扣押证照，均涉嫌违法。一经发现， 立即举报,"产品规划,产品运营,需求分析",http://www.zhaopin.com/jobdetail/CCL1513573360J40883504705.htm?refcode=4019&srccode=401901&preactionid=de3659e4-d539-41c2-99ce-b10ecc22226d
产品经理,杭州云戟信息咨询有限公司,1.8-2.5万,杭州·上城·四季青,Guangzhou,学历不限,经验不限,3月25日,zhilian,职位描述 金融科技/数字金融 银行 汽车金融 不接受居家办公 任职要求: 学历不限，经验不限(接受实习生、应届生)细心耐心有责任心，能适应重复性工作，具备基础电脑操作能力 一普通话标准 工作内容:日常审核客户资料，帮助客户解决问题。 薪资待遇：6k+提成 岗位福利: 1、每年3-4次晋升机会，公平公正 2、超长年假，带薪年假，五险，每月团建，聚餐固定下午茶 工作地点 杭州市-上城区-钱江新城上城区解放东路45号10楼云戟 以担保或任何理由索要财物，扣押证照，均涉嫌违法。一经发现， 立即举报,"金融科技/数字金融,银行,汽车金融",http://www.zhaopin.com/jobdetail/CCL1501673920J40786705109.htm?refcode=4019&srccode=401901&preactionid=de3659e4-d539-41c2-99ce-b10ecc22226d
产品经理,山西丰景建筑工程有限公司,5000-8000元,运城·临猗县·猗氏镇,Guangzhou,大专,1-3年,7月25日,zhilian,职位描述 产品规划 产品运营 岗位内容： 1. 确定产品方向和目标，根据市场和用户需求设计产品规划和路线图。 2. 撰写产品需求文档并督促并支持研发团队完成产品开发，确保产品质量和按时交付。 3. 分析产品运营数据，反馈用户使用情况及市场变化，为产品优化提出建议。 任职要求： 1. 有一定的互联网行业从业经验； 2. 对产品有敏锐的洞察力和判断力，能够进行用户需求分析； 3. 具备团队合作精神，有良好的沟通协调能力。 工作地点 运城市-临猗县-北环路银杏园西南侧约40米 以担保或任何理由索要财物，扣押证照，均涉嫌违法。一经发现， 立即举报,"产品规划,产品运营",http://www.zhaopin.com/jobdetail/CCL1433325430J40898206613.htm?refcode=4019&srccode=401901&preactionid=de3659e4-d539-41c2-99ce-b10ecc22226d
产品经理,新智航(大连)机器人科技有限责任公司,3000-6000元,大连·甘井子·南关岭,Guangzhou,大专,经验不限,7月25日,zhilian,职位描述 代理商销售 人工智能 工业自动化/机器人 门店全天值守，环境整理、样机维护、每日盘点，保障展厅正常运营 接待到店客户，实操演示人形机器人、教育学习机、商用服务机器人，讲解产品功能 挖掘客户需求，完成产品销售、套餐搭配，跟进意向客户，维护私域老客户 配合门店科普活动、短视频素材拍摄，完成领导安排其他门店工作 任职要求：大专及以上学历，形象大方，善于与人沟通，喜欢数码、AI机器人 有3C数码、智能家居、玩具、教育产品门店销售经验优先，无经验可带薪培训 细心负责，能独立看店，有基础手机/电脑操作能力 目标感强，能承受销售指标，愿意长期稳定发展 工作地点 甘井子区大连奥体第一中学奥岭路199-8号 以担保或任何理由索要财物，扣押证照，均涉嫌违法。一经发现， 立即举报,代理商销售,http://www.zhaopin.com/jobdetail/CCL1526133290J40879091105.htm?refcode=4019&srccode=401901&preactionid=de3659e4-d539-41c2-99ce-b10ecc22226d
产品经理,陕西数启未来科技有限公司,8000-15000元,咸阳·秦都区·钓台街道,Guangzhou,本科,3-5年,7月26日,zhilian,职位描述 ERP系统 软件/IT服务 职位描述 1、负责收集和分析行业趋势、客户需求、竞品信息，明确产品定位； 2、根据客户需求，负责软件产品的全生命周期管理，包括：概念构思、研发设 计、测试验证、上线、运营维护到迭代升级等各个环节； 3、编写产品需求文档，明确产品功能、业务流程等细节； 4、与设计、开发、测试、市场、销售等部门保持密切沟通，确保产品理念、需 求和计划得到充分理解和执行； 5、组织和参与跨部门会议，解决产品推进过程中的问题，推动项目顺利进行； 6、有很强的文档编写能力，包括招投标文件、产品管理和验收文件、以及部分 技术类文档； 7、售前相关工作。 任职要求 1、本科及以上学历，国际贸易、软件开发、关务等相关专业； 2、有国际贸易、关务、大宗商品、供应链等行业ERP软件产品经验；能够独 立交付复杂软件项目； 3、熟悉软件研发管理，熟悉软件类项目交付，熟悉与央国企等大企业打交道； 4、熟练运用Axure、X-Mind、Visio等工具进行产品原型设计、流程图制作； 5、具备AI相关应用能力，能够运用AI工具优化产品设计、提升需求分析效 率，或结合AI技术提出产品迭代思路； 6、有责任心，能承受较大的工作压力。 工作地点 沣西国际大厦陕西省咸阳市秦都区钓台街道沣西国际大厦1栋24层 以担保或任何理由索要财物，扣押证照，均涉嫌违法。一经发现， 立即举报,ERP系统,http://www.zhaopin.com/jobdetail/CCL1502982790J40790790406.htm?refcode=4019&srccode=401901&preactionid=de3659e4-d539-41c2-99ce-b10ecc22226d
产品经理,杭州润革网络科技有限公司,9000-12000元·13薪,杭州·拱墅·和睦,Guangzhou,本科,1-3年,6月21日,zhilian,岗位职责 1. 需求调研、梳理用户需求，输出PRD、原型、需求文档 ​ 2. 协调研发、设计、测试推进项目落地，把控开发进度 ​ 3. 跟进产品上线，收集反馈，迭代优化产品功能 ​ 4. 数据分析，输出复盘，配合运营完成活动落地 ​ 5. 整理产品文档、需求台账，同步跨部门沟通 任职要求 1. 1-3年互联网/软件产品实操经验，熟练Axure、XMind ​ 2. 具备需求拆解、项目推进、跨部门沟通能力 ​ 3. 基础数据分析能力，逻辑清晰，执行力强 ​ 4. 懂基础研发逻辑，能独立负责功能模块迭代 ​ 5. B端/C端产品经验优先 公司 & 福利 年轻团队氛围轻松，发展稳定 完善薪资 + 绩效激励，回报看得见 双休｜早 9 晚 6｜纯不加班，时间自由可控 五险一金、带薪年假、法定节假日正常休 团建活动、节日礼品、日常下午茶全覆盖 清晰晋升路线 + 系统化内部培训，成长有保障 工作地点 杭州市-拱墅区-和睦新村北侧约240米22层 以担保或任何理由索要财物，扣押证照，均涉嫌违法。一经发现， 立即举报,C端产品,http://www.zhaopin.com/jobdetail/CCL1521756230J40913815912.htm?refcode=4019&srccode=401901&preactionid=de3659e4-d539-41c2-99ce-b10ecc22226d
产品经理,邢台金沙河面业有限责任公司,7000-8000元,邢台·南和区·河郭镇,Guangzhou,本科,经验不限,7月23日,zhilian,"岗位职责】： 1、做市场调研，用户需求分析、产品市场前景分析、竞争分析等； 2、产品设计与开发专案的编写与任务跟踪，协调研发、生产、质量等部门，保证产品从概念设计到开发上线能如期完成； 3、通过现有和开发的各种渠道，进行产品的发布和宣传； 4、按照产品生命周期，推进产品的迭代更新，结合用户反馈，市场反馈及时提升用户体验。 【任职要求】： 1、有较强的文字功底，熟练使用办公软件； 2、热爱生活，喜欢美好的事物，对周边事物比较敏感，有较强的同理心，能敏锐洞察消费的需求、心理和态度等； 3、有一定的语言沟通能力和组织协调能力，能够协同各岗位开展产品研发工作。（第3-4点任意具备1点即可） 【晋升路径】： 一级（8K）→二级(1W)→三级(1.2W),每6个月一次评级面试 工作地点 邢台金沙河面业集团河北省邢台市南和区和阳大街619号 以担保或任何理由索要财物，扣押证照，均涉嫌违法。一经发现， 立即举报",产品经理,http://www.zhaopin.com/jobdetail/CC296069730J40796750105.htm?refcode=4019&srccode=401901&preactionid=de3659e4-d539-41c2-99ce-b10ecc22226d
产品经理,合肥墨格网络科技有限公司,8000-10000元,合肥·瑶海,Guangzhou,本科,3-5年,7月24日,zhilian,岗位职责: 1、移动互联网APP产品经理; 2、收集分析用户/客户需求、进行需求分析、市场和竞争分析，制定产品规划、设计产品功能; 3、负责推动产品从设计到上线的整个流程，协调推动各块资源，确保产品质量; (制定App、小程序需求、架构、运行模型、上下文图、DEMO层面) 4、持续迭代优化产品，达成业务目标。 5、负责设计产品推广活动，推动用户增长 6、从0-1搭建 任职资格: 1.有过IAA产品变现优化经验优先考虑 2.熟悉互联网用户场景、商业模式、盈利模式、善于思考，乐于不断发现并解决问题; 3.有较强的数据分析和逻辑思维能力，能够从数据中发现问题，改进产品设计; 4.抗压能力强，善于沟通，优秀的沟通协作、执行及项目管理能力。 工作地点 合肥瑶海区恒大中央广场-41号楼528 以担保或任何理由索要财物，扣押证照，均涉嫌违法。一经发现， 立即举报,"支付产品,市场调研,产品规划,需求分析,产品设计,产品运营,项目管理,产品/版本迭代",http://www.zhaopin.com/jobdetail/CCL1243432770J40947036508.htm?refcode=4019&srccode=401901&preactionid=de3659e4-d539-41c2-99ce-b10ecc22226d
产品经理,山东省十里香芝麻制品股份有限公司,5000-8000元,滨州·无棣县·棣丰街道,Guangzhou,本科,1-3年,7月24日,zhilian,职位描述 芝麻制品全生命周期管理 快消食品产品研发 健康食品市场趋势挖掘 工作职责 1. 负责芝麻制品（如芝麻香油、芝麻酱、芝麻零食等）的全生命周期管理，包括市场调研、产品定位、需求分析及竞品分析。 2. 主导新产品的概念设计与功能规划，输出产品需求文档（PRD），推动研发、生产、营销等跨部门协作，确保产品按时落地。 3. 跟踪产品上市后的市场表现，通过用户反馈与销售数据优化产品策略，提升产品竞争力与市场份额。 4. 挖掘消费者对健康、风味的需求趋势，结合公司供应链优势，提出创新性产品方案。 任职要求 1. 本科及以上学历，食品科学、市场营销、产品管理等相关专业优先。 2. 2年以上食品/快消行业产品经理经验，熟悉食品生产流程、质量标准及市场法规。 3. 具备扎实的市场调研能力，能独立完成用户需求分析与竞品对标，输出有洞察力的产品策略。 4. 优秀的跨部门沟通协调能力，能推动研发、生产、营销团队高效协作，确保产品落地。 5. 对芝麻制品或健康食品行业有热情，了解消费者对天然、健康食材的需求偏好。 工作地点 滨州无棣县山东省十里香芝麻制品有限公司 以担保或任何理由索要财物，扣押证照，均涉嫌违法。一经发现， 立即举报,"芝麻制品全生命周期管理,快消食品产品研发,健康食品市场趋势挖掘",http://www.zhaopin.com/jobdetail/CCL1203427180J40911688803.htm?refcode=4019&srccode=401901&preactionid=de3659e4-d539-41c2-99ce-b10ecc22226d
产品经理,河北邯汉电力有限公司,7000-9000元,邯郸·化林路街道,Guangzhou,学历不限,1-3年,7月20日,zhilian,职位描述 电气机械/电力设备 1. 负责产品规划、设计与实施； 2. 深入挖掘用户需求，持续优化产品体验； 3. 推进跨部门协作，确保产品按时上线； 4. 分析产品数据，驱动产品迭代。 感兴趣联系我，欢迎加入我们的团队！公司主要是做电力优化，就是给各行各业的商家节电，向宾馆，KTV，商超，小型的加工厂节约9到20，我们第一个月给免费商家试用，工作简单好上手，找到电费2000度以上的商户，商户很愿意接受并试用。商户用完第一个月试用后还要继续使用，就需要给我们付钱。 现在邯郸场是空白期，独家没有竟对，市场需求大，工资肯定很理想 工作地点 河北省邯郸市复兴区人民西路409号A座107室 以担保或任何理由索要财物，扣押证照，均涉嫌违法。一经发现， 立即举报,电气机械/电力设备,http://www.zhaopin.com/jobdetail/CCL1526591320J40956669315.htm?refcode=4019&srccode=401901&preactionid=de3659e4-d539-41c2-99ce-b10ecc22226d
产品经理,长沙赫阳电子科技有限公司,1000-2000元,日喀则·昂仁县·卡嘎镇,Guangzhou,本科,1-3年,6月25日,zhilian,职位描述 软件产品 互联网医疗产品全生命周期管理 医疗需求转化落地 跨团队协同推进 工作职责 1. 负责互联网医疗产品的全生命周期管理，从用户需求调研、竞品分析到产品规划与迭代。 2. 深入理解医疗行业特性与用户痛点，将临床需求转化为可落地的产品功能方案。 3. 协同研发、运营、医疗团队推动产品上线，通过数据监控与用户反馈持续优化产品体验。 4. 输出清晰的产品文档（PRD、原型图），确保各协作方对产品目标与功能达成共识。 任职要求 1. 本科及以上学历，计算机、医学、市场营销等相关专业优先。 2. 具备2年以上互联网产品经理经验，有医疗健康类产品经验者优先。 3. 熟练使用Axure、Figma等原型工具，能独立完成产品需求文档撰写。 4. 具备较强的逻辑思维与数据分析能力，能基于数据驱动产品决策。 5. 了解医疗行业合规要求（如HIPAA、数据安全规范），确保产品设计符合行业标准。 工作地点 日喀则昂仁县桑桑路 以担保或任何理由索要财物，扣押证照，均涉嫌违法。一经发现， 立即举报,"软件产品,互联网医疗产品全生命周期管理,医疗需求转化落地,跨团队协同推进",http://www.zhaopin.com/jobdetail/CCL1338995330J40904992203.htm?refcode=4019&srccode=401901&preactionid=de3659e4-d539-41c2-99ce-b10ecc22226d
产品经理,哈药集团,8000-14000元,哈尔滨·呼兰,Guangzhou,本科,1-3年,7月17日,zhilian,职位描述 医疗器械 医美 了解医美大健康行业 熟悉械字号医疗器械产品知识 有医美行业产品工作经验 职位概要：协助医学市场部经理落实产品推广项目，完成所负责产品的市场策划、专家网络建设、品牌宣传推广及产品储备市场调研，管理产品推广项目的费用预算及进度，协调内外部资源，在合规与有效的前提下实现推广项目目的，提升产品竞争力与生命周期。 主 要 职 责： 一、推广项目策划：1.依据公司整体战略布局规划，结合产品年度销售目标及事业部增量需求，拟定产品全生命周期推广项目方案（包含政策环境影响及应对措施等），实时对照销售指标跟踪推广效果，动态调整优化推广策略与执行细节，保障推广策略与市场需求高度适配，推动产品年度销售目标的达成。2.搭建并维护与 KOL、医疗机构、学术组织的合作关系，组织、参加各领域、各区域学术研讨会、学术交流会、科室会等学术推广活动，促进产品学术成果传播，打造专业学术交流平台。3.定期收集分析学术推广活动反馈数据，评估活动对产品学术影响力、医生处方行为及市场份额的提升效果，持续优化推广策略，保障学术推广投入产出效益。 二、项目预算管理：依据推广项目方案与业务实际需求，合理、合规的使用相应预算，确保在预算范围内达成项目目标，实现投入产出效益最大化。 三、专家网络建设：1.基于产品治疗领域及市场需求，系统性识别、筛选权威医学专家、科研学者等目标专家，制定分级分类标准，建立覆盖多学科、多区域的专家资源库，为学术推广奠定基础。2.与专家开展学术项目合作，定期组织专家沟通会，倾听专家建议，将其临床经验与学术观点融入产品推广策略，提升产品学术价值。3.定期更新专家信息，评估专家合作活跃度与价值贡献，优化合作模式；关注专家学术动态与行业影响力变化，及时补充新兴领域专家，保持专家网络的专业性与前瞻性。 四、产品立项储备：1.通过行业数据监测、竞品分析、临床需求调研等方式，结合公司战略与研发能力，评估潜在立项产品的市场规模、竞争格局及商业价值，形成可行性分析报告，为立项决策提供依据，确保分析逻辑严谨、数据支撑充分。2.配合研发团队制定临床研究计划，监督 CRA对研究项目的日常监查、数据核查与质量控制工作，确保临床研究符合法规与方案要求，保障研究数据真实可靠，为产品立项储备高质量临床研究成果 五、教育培训：1.配合销售管理部针对销售团队、市场人员及其他相关部门，围绕医药产品的药理机制、临床优势、学术成果等内容，制定分层分类的培训计划，通过专题讲座、案例研讨、模拟演练等形式，提升内部团队的专业知识储备与产品推广能力。2.面向医护人员、合作客户等目标群体，策划学术课程、用药指导培训、疾病知识科普等多样化教育活动，借助线上线下结合的方式，传递产品临床应用价值与科学用药理念，助力提升客户对产品的认知度与信任度。 六、其他：领导交办的其他任务。 七、其它要求 1、了解医美大健康行业，熟悉械字号医疗器械相关产品知识及合规要求。 2、有医美行业产品、市场相关工作经验，有医疗器械推广经验者优先。 3、具备基本的市场敏感度、文案撰写与数据整理能力，了解行业政策及广告相关规范。 4、具备良好的团队协作及沟通能力，有一定学术基础，能配合完成学术推广相关工作。 工作地点 哈尔滨呼兰区哈药集团生物工程有限公司 以担保或任何理由索要财物，扣押证照，均涉嫌违法。一经发现， 立即举报,"医疗器械,医美,了解医美大健康行业,熟悉械字号医疗器械产品知识,有医美行业产品工作经验",http://www.zhaopin.com/jobdetail/CC457933480J40875140813.htm?refcode=4019&srccode=401901&preactionid=de3659e4-d539-41c2-99ce-b10ecc22226d
产品经理,纯元健康产业(广东)有限公司,8000-15000元·13薪,肇庆·鼎湖区·桂城街道,Guangzhou,大专,1-3年,7月19日,zhilian,"岗位职责: 1、负责制定公司产品策略，并跟进其实施。 2、负责产品规划、设计、开发、测试以及上线等环节，确保产品按时完成并达到预期效果。 3、研究市场趋势，收集用户需求，并及时向管理层汇报，帮助公司决策并推动产品发展。 4、协调技术团队，确保产品开发过程中技术的可行性和合理性。 5、建立产品指标，进行产品运营，并对产品进行优化。 二、任职资格: 1、对产品经理工作有深入了解，具有相关产品经理工作经历 2、熟悉产品经理工作流程，具有较强的项目管理能力 3、具备良好的沟通协调能力，能够有效地与产品团队、技术团队以及管理层沟通 4、具备数据分析能力，能够对产品数据进行分析和挖掘: 5、要有2年以上工作经验 三、福利待遇: 购买五险、带薪年假、节日礼品、按季度举行生日会、年终奖、工龄奖、全勤奖;包吃(中餐/晚餐)，包住(1人/ 间)水电自费 四、工作时间:上午8:00-12:00,下午13:30-17:30;每天工作8小时 五、每月15日发上月薪资;试用期3个月;培训期1-3天;食品健康证原件。 工作地点 广东省肇庆市鼎湖区桂城街道宝鼎路155号 以担保或任何理由索要财物，扣押证照，均涉嫌违法。一经发现， 立即举报","保健品,药品,食品/饮料/酒水批发/零售/贸易",http://www.zhaopin.com/jobdetail/CCL1461830370J40786643506.htm?refcode=4019&srccode=401901&preactionid=de3659e4-d539-41c2-99ce-b10ecc22226d
产品经理,软通动力信息技术(集团)股份有限公司,1-1.8万,广州·番禺·化龙,Guangzhou,本科,1-3年,1月18日,zhilian,岗位职责： 1、负责车机应用商店/云车机核心产品业务、进行具体产品设计，包括解决方案、业务流程、产品功能需求文档，交互原型设计等 2、承担车机相关产品需求分析、设计及研发跟踪，推动全生命周期功能迭代 3、负责需求沟通，收集、整理、分析产品需求，撰写需求文档、功能设计、策划方案等，改进产品功能和用户体验 4、定期进行竞品分析，通过深度挖掘用户需求及竞品分析，持续对产品进行优化改进，打造一流产品 5、负责与客户进行产品交流及调研等对外沟通工作，能在项目需要时按要求加班 工作地点 广州番禺区广汽研究院 以担保或任何理由索要财物，扣押证照，均涉嫌违法。一经发现， 立即举报,"汽车,车联网,物联网",http://www.zhaopin.com/jobdetail/CC000544460J40769702416.htm?refcode=4019&srccode=401901&preactionid=de3659e4-d539-41c2-99ce-b10ecc22226d
产品经理,安徽晶纭先进材料有限责任公司,6000-8000元,池州·贵池区,Guangzhou,大专,3-5年,7月22日,zhilian,职位描述 后台产品 需求分析 项目管理 半导体/芯片 1. 统筹产品开发至量产过程管理，订立规范。‌‌ 2. 善于沟通协调，能在研发、业务、工程部门之间搭桥，把分歧变成共识，推动产品落地。 3. 熟悉项目管理‌，把控进度和风险，配合客户认证需求，确保产品按时按质上线。‌‌ 4. 具有执行担当能力，遇到问题先想解决方案，主动补位，对结果负责。‌‌ 5. 熟悉文书处理 6. 初期需搭配生产管理工作 7. 具半导体零部件产品开发经验 工作地点 池州贵池区金鑫路64号 以担保或任何理由索要财物，扣押证照，均涉嫌违法。一经发现， 立即举报,"后台产品,需求分析,项目管理",http://www.zhaopin.com/jobdetail/CCL1459945060J40871776709.htm?refcode=4019&srccode=401901&preactionid=de3659e4-d539-41c2-99ce-b10ecc22226d
产品经理,中国平安人寿保险股份有限公司安徽分公司1,面议,合肥·蜀山·荷叶地,Guangzhou,大专,经验不限,7月25日,zhilian,职位描述 客户需求挖掘 定制化财务规划 客户关系维护 工作职责 1. 深度调研保险行业市场动态与客户需求，为客户提供定制化的财务规划与专业咨询服务。 2. 全生命周期维护与拓展客户关系，通过定期沟通与需求跟进，保障服务品质与客户粘性。 3. 协同销售团队制定针对性销售策略与执行计划，助力客户达成财务目标。 任职要求 1. 大专及以上学历，具备良好的沟通表达与团队协作能力，能高效建立并维护客户关系。 2. 熟悉保险行业客户服务逻辑，具备客户需求挖掘与方案定制的实战经验。 3. 具备较强的目标感与执行力，能有效支撑销售策略落地。 补充说明 1. 薪资构成：无责底薪+有责底薪+高额提成+津贴 2. 工作时间：双休法休，弹性工作 工作地点 安徽省合肥市蜀山区南二环路与潜山路交叉口东南方向100米17楼平安人寿政务分公司 以担保或任何理由索要财物，扣押证照，均涉嫌违法。一经发现， 立即举报,"客户需求挖掘,定制化财务规划,客户关系维护",http://www.zhaopin.com/jobdetail/CCL1478996190J41022268504.htm?refcode=4019&srccode=401901&preactionid=de3659e4-d539-41c2-99ce-b10ecc22226d
产品经理,广西网智链科技有限公司,8000-13000元,南宁·青秀·津头,Guangzhou,本科,经验不限,7月26日,zhilian,"岗位职责 产品规划与设计： 1.基于行业场景设计AI产品框架，参与Prompt工程设计、负责AI产品从需求定义、开发落地、运营等全流程管理 2.负责AIGC工具类产品如AI绘画、AI视频、设计辅助工具等的规划与落地.制定产品Roadmap 3.负责平台及终端产品的整体规划、需求分析、功能设计及迭代优化； 4.跟踪AIGC技术趋势如Seedance、gpt-image等,探索创新应用场景 5.结合AI行业场景（如智慧城市、工业物联网、智能家居等），设计端到端解决方案，提升用户体验。 6.项目管理与部门协作： 协调和组建研发团队，推动产品从需求分析到上线的全流程落地； 跟踪物联网平台的性能优化、稳定性及安全性（如网络传输加密、设备认证机制）； 收集用户反馈及市场数据，分析产品使用效果并驱动产品改进。 7.行业研究与竞品分析： 深入研究AI行业趋势、技术动态及竞争对手策略，输出产品竞争力分析报告； 探索新兴技术（如5G、边缘计算、AIoT）与现有产品的结合点，推动创新落地 任职要求 1.熟悉和理解生成式AI技术原理、熟悉主流大模型技术框架、主导过AI产品从0到1落地全过程者优先 2.熟悉AIGC技术原理如Seedance、gpt-image等,对生成效果有较强敏感度 3.能独立分析和定义产品需求，熟练使用Axure、墨刀等原型设计工具，掌握Visio、UML流程图绘制。 4.有智慧城市、工业物联网、智慧园区等场景落地经验者优先； 5.熟悉物联网设备接入流程（如OTA升级、设备固件管理、数据采集与解析）； 6.具备跨团队协作能力，能与开发团队高效沟通，解决技术与平台对接问题。 7.逻辑思维清晰，擅长需求分析与抽象能力，能从复杂业务场景中提炼核心问题； 8.对技术敏感，具备创新意识，能主动探索AI新技术的应用价值。 工作地点 南宁市-青秀区-中柬路8号龙光世纪A座8楼802号 以担保或任何理由索要财物，扣押证照，均涉嫌违法。一经发现， 立即举报","AIGC,大模型,数据产品",http://www.zhaopin.com/jobdetail/CCL1508612970J41018469904.htm?refcode=4019&srccode=401901&preactionid=de3659e4-d539-41c2-99ce-b10ecc22226d
产品经理,园林云测共创有限公司,4000-7000元,日喀则·桑珠孜区·城南街道,Guangzhou,本科,1-3年,7月6日,zhilian,职位描述 软件产品 工程施工行业产品 全生命周期产品管理 跨部门协同推进 工作职责： 1. 深入理解工程施工行业的业务流程与痛点，挖掘用户需求并转化为产品功能规划。 2. 负责工程类产品的全生命周期管理，包括需求调研、方案设计、原型输出及项目推进。 3. 协同研发、设计及业务团队，确保产品功能的高效落地与迭代优化。 4. 跟踪产品上线后的用户反馈与数据表现，持续优化产品体验与业务价值。 任职要求： 1. 本科及以上学历，计算机、工程管理等相关专业优先。 2. 具备2年以上产品经理经验，有工程施工或建筑行业背景者优先。 3. 熟练掌握产品设计工具（Axure、Figma等），能独立完成需求文档与原型设计。 4. 具备良好的跨部门沟通能力与项目推动能力，能快速协调资源解决问题。 工作地点 桑珠孜区日喀则小车客运站 以担保或任何理由索要财物，扣押证照，均涉嫌违法。一经发现， 立即举报,"软件产品,工程施工行业产品,全生命周期产品管理,跨部门协同推进",http://www.zhaopin.com/jobdetail/CCL1513925890J40879105305.htm?refcode=4019&srccode=401901&preactionid=de3659e4-d539-41c2-99ce-b10ecc22226d
产品经理,宁夏夏进乳业集团股份有限公司,8000-15000元,上海·静安·共和新路,Guangzhou,大专,1-3年,5月13日,zhilian,岗位职责： 1. 确定产品策略及产品规划，开展市场调研和竞品分析； 2. 阐述产品定位设计，撰写产品需求文档，对产品流程等进行优化提升； 3. 跟进产品研发过程，制定项目计划，与研发团队沟通协作，保证产品质量和交付进度。 二、任职要求： 1. 大专及以上学历，市场营销等相关专业； 2.具有敏锐的把握产品动态的能力； 3. 有较强的数据分析和解决问题的能力； 4.具备良好的团队合作精神和沟通表达能力； 5.有快消品-B端产品经验者优先考虑。 工作地点 宁夏科创人才大厦上海市静安区中山北路辅路与谈家桥路交叉口东北方向26米 以担保或任何理由索要财物，扣押证照，均涉嫌违法。一经发现， 立即举报,"综合商贸,食品/饮料/酒水批发/零售/贸易",http://www.zhaopin.com/jobdetail/CC662338020J40732895102.htm?refcode=4019&srccode=401901&preactionid=de3659e4-d539-41c2-99ce-b10ecc22226d
产品经理,张家港市永联实业集团有限公司,2-4万,上海·徐汇·徐家汇,Guangzhou,本科,3-5年,7月15日,zhilian,"职位描述 功能产品 数据产品 后台产品 核心职责 - 负责 Union 小程序/App 的产品规划、视觉体系交付、需求设计 - 与创始人直接对接业务思路，将抽象想法落地为可执行的产品方案 - 负责线上服务系统搭建、业务方向可行性论证 - 通过产品端持续洞察 C 端高净值客群需求，用产品升级满足甚至引领需求 必须具备（缺一不可） 1. 审美力强——能直接交付视觉体系，对色彩、字体、模块设计有专业判断力和作品集佐证 2. 真正热爱消费/生活方式行业——长期关注消费品牌动态、小程序生态、私域流量 3. C 端客户洞察力——能站在消费者角度思考产品，懂""消费者打开小程序前三秒""的判断逻辑 4. 抗压、复合型——愿意在初创团队作战，能独当一面，不是螺丝钉思维 加分项 - 消费品牌、生活方式类、体育行业相关产品经验 - 有 0→1 产品搭建经验 - 熟练使用 AI 工具辅助工作 不适合的人选 - 纯技术思维、缺审美底蕴的""工业化产品交付""型 PM - 来自大厂按 JD 画像招出来的""标准产品经理"" - 把 Union 当""互联网项目""做的人 工作地点 上海徐汇区徐家汇中心三期-A座 以担保或任何理由索要财物，扣押证照，均涉嫌违法。一经发现， 立即举报","功能产品,数据产品,后台产品",http://www.zhaopin.com/jobdetail/CC628509180J40895632913.htm?refcode=4019&srccode=401901&preactionid=ec603eb5-e057-4013-af50-a9f6aa7349dc
产品经理,中广核核技术发展股份有限公司,8000-16000元,天津·东丽·华明,Guangzhou,本科,经验不限,5月19日,zhilian,职位描述 仪器仪表 医疗检测 医疗设备/器械/耗材 医药制造 半导体/芯片 1、熟悉所负责销售产品的性能、特点、应用环境等内容（详情可见公司简介、公司官网，公司全称：中广核京师光电科技（天津）有限公司）； 2、掌握行业动态，搜集国内外相关行业政策，了解竞争对手信息，进行市场调研，提出市场拓展和渠道建设意见； 3、负责公司光电元器件在医疗设备（主要是PET）、辐射探测、生物检测行业中的销售，根据公司和部门要求完成各项销售指标，包括：市场开拓、客户开发、产品报价、投标、谈判、合同签定等销售工作； 4、对现有市场和客户进行分析，清晰客户的总体需求，发现客户的潜在需求，开发新客户； 5、了解公司的研发、生产状况，合理安排订单申请，主动减少生产排单的人为压力，并根据公司战略推送新产品； 6、清晰与所有客户的账目及货物情况，清晰关于销售产品的应收账款，负责对回款过程进行监督和落实，协助财务部门做好货款催收、发票回传等工作； 7、及时反馈客户意见与建议，协助解决客户投诉，与客户维持良好的合作关系； 8、拓展公司在国际市场上的销售渠道； 9、办理公司委托的其他事项； 10、完成突发性、临时性工作安排。 工作地点 天津市东丽区空港经济区西七道18号 以担保或任何理由索要财物，扣押证照，均涉嫌违法。一经发现， 立即举报,"仪器仪表,医疗检测,医疗设备/器械/耗材,医药制造,半导体/芯片",http://www.zhaopin.com/jobdetail/CC694925020J40777780013.htm?refcode=4019&srccode=401901&preactionid=ec603eb5-e057-4013-af50-a9f6aa7349dc
产品经理,深圳市吉晟钛科技有限公司,1.2-2万,深圳·南山·粤海,Guangzhou,本科,1-3年,7月16日,zhilian,职位描述 金融系统设计 证券/期货 金融科技/数字金融 产业互联网平台 负责交易软件中行情、交易及社区功能模块的整体规划与设计，覆盖前端交互、后端逻辑及系统架构的全链路方案。 持续跟踪柜台系统对接进展、交易通道及交易产品的拓展动态，密切关注市场规则变化，及时制定并执行对应的产品迭代计划。 基于市场趋势分析、客户反馈及业务发展需求，持续诊断并优化交易系统性能与用户体验。 协同研发、运营、合规等团队，高效推动产品开发、测试及上线全流程，确保项目如期高质量交付。 职位要求 本科及以上学历，金融、经济或相关专业背景优先。 具备1年以上券商交易系统或金融交易产品领域工作经验，熟悉港美股市场交易规则及业务流程。 具有Web3产品经理经验者优先考虑。 对股票RWA领域有兴趣或有一定认知者，将作为加分项。 工作地点 南山区深圳湾科技生态园二区-B座西7栋B座西大堂 7楼 以担保或任何理由索要财物，扣押证照，均涉嫌违法。一经发现， 立即举报,金融系统设计,http://www.zhaopin.com/jobdetail/CCL1476149430J40877381305.htm?refcode=4019&srccode=401901&preactionid=ec603eb5-e057-4013-af50-a9f6aa7349dc
产品经理,杨掌柜食品科技(河南)有限公司,8000-10000元,郑州·管城·圃田,Guangzhou,大专,经验不限,12月28日,zhilian,职位描述 快速消费品 食品/饮料/酒水批发/零售/贸易 综合商贸 1、【产品战略】 1.1主导成熟产品线全生命周期管理，通过精准用户洞察建立产品迭代模型，持续提升系列市场竞争力 1.2从0到1打造现象级新品，完成市场机会扫描→概念原型设计→商业验证测试→规模化上市全流程操盘 1.3搭建产品创新产品矩阵，结合全球饮品趋势与本土消费洞察，规划未来1-3年产品矩阵蓝图 2、【跨维协同指挥】 2.1深度参与品牌战略制定，将产品力转化为可感知的品牌资产 2.2联动研发/供应链/营销团队建立敏捷创新机制，确保产品概念到货架的高效转化-建立消费者需求洞察系统，通过数据+直觉双轮驱动产品决策 2.3制定产品上市作战地图，统筹定价策略/渠道匹配/营销推广等关键节点。 3、【任职要求】 3.大专及以上学历； 3.2思维活跃、有创新产品工作经验优先； 3.3热爱美食，具备较强上进心； 3.4应届毕业生也可； 3.5 适应出差； 工作地点 德威广场德威广场河南省郑州市管城回族区普济路19号b德威广场22层 以担保或任何理由索要财物，扣押证照，均涉嫌违法。一经发现， 立即举报,"快速消费品,食品/饮料/酒水批发/零售/贸易,综合商贸",http://www.zhaopin.com/jobdetail/CCL1422983630J40819652407.htm?refcode=4019&srccode=401901&preactionid=ec603eb5-e057-4013-af50-a9f6aa7349dc
产品经理,浪潮集团,9000-11000元,青岛·崂山·北宅,Guangzhou,大专,3-5年,4月16日,zhilian,职位描述 产品经理 计算机软件 1.3年以上生产制造类企业IT系统需求管理或产品经理经验 2.良好的产品文档功底，熟练使用主流原型绘制工具，如Axure/Figma/墨刀等 3.有责任心和行动力，具备独立带领开发人员实现某个版块系统功能的能力 4.有较强的组织能力和良好的沟通能力 5.有安全生产信息化、智慧物流园区经验者优先 客户：海信 特别说明：此为外包岗位，需在客户现场办公； 工作地点 青岛崂山区海信研究发展中心松岭路399号 以担保或任何理由索要财物，扣押证照，均涉嫌违法。一经发现， 立即举报,产品经理,http://www.zhaopin.com/jobdetail/CC120143600J40919316015.htm?refcode=4019&srccode=401901&preactionid=ec603eb5-e057-4013-af50-a9f6aa7349dc
产品经理,陕西云之翼教育科技有限公司,5000-8000元,西安·雁塔·等驾坡,Guangzhou,本科,1-3年,5月28日,zhilian,职位描述 教育科技/教育软件 我公司自主研发的航空模型产品，有专利，可以参加青少年科技比赛，现招聘一名航模爱好者一起开拓全国市场！ 工作地点 陕西省西安市雁塔区等驾坡街道咸宁东路甲字188号(田家湾地铁站D口步行270米)中玩市场东七排十二号 以担保或任何理由索要财物，扣押证照，均涉嫌违法。一经发现， 立即举报,教育科技/教育软件,http://www.zhaopin.com/jobdetail/CC560717230J40880334613.htm?refcode=4019&srccode=401901&preactionid=ec603eb5-e057-4013-af50-a9f6aa7349dc
产品经理,智联猎头,8000-12000元,济南·历城·港沟,Guangzhou,本科,1-3年,7月24日,zhilian,职位描述 建筑材料 装饰装修 任职要求： 1、家装/建材行业产品管理经验2年以上； 2、熟悉主材、辅材供应链及选品逻辑 工作内容：负责家装产品线规划、供应链整合、套餐定价及迭代，支撑标准化交付 工作地点 济南历城区汉峪金谷 以担保或任何理由索要财物，扣押证照，均涉嫌违法。一经发现， 立即举报,"建筑材料,装饰装修",http://www.zhaopin.com/jobdetail/CCL1318355140J40911473603.htm?refcode=4019&srccode=401901&preactionid=ec603eb5-e057-4013-af50-a9f6aa7349dc
产品经理,广东故明文化旅游有限公司,6000-12000元,佛山·南海·大沥,Guangzhou,学历不限,经验不限,7月16日,zhilian,岗位职责 1、渠道拓展：负责佛山、广州地区各大旅行社上门对接、洽谈合作，开发同行渠道资源，达成长期收客合作； 2、产品运营：主营潮汕旅游路线、厦门旅游路线产品整理、优化、报价、发团对接； 3、客源开发：可自主线上获客（小红书等平台）、线下同行拓客、维护老渠道客源； 4、成团对接：承接同行零散客源，利用公司成团优势拼团发团，跟进订单、核对人数、结算返利； 5、收益运营：跟进提价团、利润团，稳定提升单团收益，维护长期同行合作关系。 薪资提成模式（真实透明、高利润） 底薪 + 高额提成（利润极高、多劳多得、上不封顶） 1、自主线上客源（小红书/个人开发客户）：单笔订单提成20% 2、同行成团客源：按人头结算提成，按常规提价团+高利润优质团两种 订单越多、成团越多、收益越高，绩效利润透明，结算准时！ 上班时间：10:00—20:00 中午固定休息2小时，工作轻松不内卷，无通宵加班。 休息制度 ✅ 法定节假日正常休息 ✅ 每月自由调休，时间自主灵活 任职要求 1、公司提供产品培训、渠道开发指导； 2、性格开朗、善于沟通，能独立外出对接旅行社同行； 3、对旅游行业感兴趣，踏实肯干，想长期稳定高收入； 4、有销售、渠道、旅游经验者优先录取。 岗位优势 1、独家成团优势，同行散户均可收，不愁客源； 2、潮汕、厦门热门线路，全年旺季、复购极高； 3、提成比例行业超高，利润透明，不画饼； 4、上班时间舒服、休息自由、团队轻松无压力； 5、正规连锁旅行社，平台稳定、长期发展！ 想做稳定高薪、轻松上班、高提成工作的，直接私聊！ 工作地点 佛山市-南海区-岭南路77号6楼602 以担保或任何理由索要财物，扣押证照，均涉嫌违法。一经发现， 立即举报,接团社,http://www.zhaopin.com/jobdetail/CCL1493327490J40954990115.htm?refcode=4019&srccode=401901&preactionid=ec603eb5-e057-4013-af50-a9f6aa7349dc
产品经理,青岛檬豆网络科技有限公司,7000-10000元,青岛·市北·海伦路,Guangzhou,本科,1-3年,7月25日,zhilian,岗位职责： 1.准确把握公司要求与用户需求，制定公司产品的迭代方案； 2.根据内部业务发展及运营目标，分解产品需求，完成产品功能优化或升级； 3.独立输出产品策划方案及需求文档，跟进UI设计、开发进度及版本验收； 4.有产品数据分析基础，对线上产品KPI数据完成度进行评估，用适当的数据指标、调研方法等驱动产品的优化升级； 5.关注行业动态，定期搜集整理竞品动态，分享产品体验心得，持续引进和规划新的产品功能。 任职要求： 1.统招本科学历，2年及以上产品经理工作经验，有工业互联网相关行业2B产品设计经验者优先； 2.熟练应用各种产品工具，如墨刀/Visio/Axure/Xmind，善于业务流程梳理、交互设计、数据分析、竞品分析等； 3.熟悉互联网产品需求、设计、研发及运营模式，具备一定项目管理能力和经验，关注版本内产品交付时间以及上线质量。 工作地点 市北区青岛科技创新园1号楼14F 以担保或任何理由索要财物，扣押证照，均涉嫌违法。一经发现， 立即举报,"软件产品,AI产品,MES系统,ERP系统",http://www.zhaopin.com/jobdetail/CC598419080J40498827503.htm?refcode=4019&srccode=401901&preactionid=ec603eb5-e057-4013-af50-a9f6aa7349dc
产品经理,中冶赛迪集团,7000-12000元,成都·武侯·桂溪,Guangzhou,本科,经验不限,6月5日,zhilian,岗位职责： 1. 参与产品的需求讨论与审核，对需求有较强的理解能力； 2. 参与产品设计，形成高质量的产品原型及需求文档； 3. 负责对接业务需求，并将其转化为产品需求； 4. 对整个业务生命周期负责，协调业主需求及开发团队资源，保证 产品按计划上线，对产品整体目标负责。 二、任职要求： 1. 本科及以上学历，计算机、冶金相关专业优先； 2. 至少经历过一个B端产品从需求到上线的完整周期； 3. 具备较强逻辑思维能力和业务分析能力，有一定技术背景者优先； 4. 对业务有自己的见解，具备产品创新能力和适应力； 5. 有较强抗压能力，能接受出差； 6. 热爱产品工作，有较强研究能力和学习能力； 7. 熟悉或具备财务、供应链实施经验者优先。 工作地点 成都武侯区高新创合中心 以担保或任何理由索要财物，扣押证照，均涉嫌违法。一经发现， 立即举报,"ERP,财务,供应链管理",http://www.zhaopin.com/jobdetail/CC458345020J40864983309.htm?refcode=4019&srccode=401901&preactionid=ec603eb5-e057-4013-af50-a9f6aa7349dc
产品经理,沣富智能科技服务(广州)有限公司,4000-6000元,广州·荔湾·桥中,Guangzhou,本科,1-3年,3月3日,zhilian,岗位职责】 1.良好的产品需求文档、设计文档和页面模型编写能力。 2.熟练使用word、Excel、Powerpoint、Axure、XMind、Visio等工具。 【任职要求】 1.统招本科及以上学历，优先计算机相关专业。 2.1-3年相关工作经验 3.良好的项目管理、沟通和协调能力，抗压能力强，能胜任公司安排的出差工作任务。 4.逻辑思维能力强，善于抽象和简化复杂问题，并给出可行性强的解决方案。 5.优先录用有B端产品经验和从事过医疗行业相关经验的人员。 【薪资待遇】面议 工作地点 广州荔湾区西郊商贸中心-北塔西郊商贸中心北塔1911房 以担保或任何理由索要财物，扣押证照，均涉嫌违法。一经发现， 立即举报,B端产品,http://www.zhaopin.com/jobdetail/CCL1487918420J40844436814.htm?refcode=4019&srccode=401901&preactionid=ec603eb5-e057-4013-af50-a9f6aa7349dc
产品经理,江苏主人翁传媒有限公司,3000-6000元,淮安·淮城街道,Guangzhou,大专,经验不限,7月6日,zhilian,岗位职责 - 为客户提供家庭保障、医疗、养老、财富管理等一站式金融保险方案 - 客户维护、保单服务、理赔协助、续期跟进等售后工作 - 参与公司市场推广、客户活动与业务拓展 - 储备岗负责团队搭建、管理与人才培养 - 内勤岗负责办公行政、资料整理、招聘协助等 三、身体健康，品行端正 - 大专及以上学历，优秀者可适当放宽 - 沟通表达良好，有责任心、服务意识与学习能力 - 金融、销售、医护、教师、行政、管理等行业经验优先 - 无违法违规记录，认同保险行业与公司文化 四、薪资福利 - 收入：无责底薪+服务津贴+绩效提成+季度/年度奖金，综合收入3000-15000+上不封顶 - 保障：六险二金（内勤）、商业补充保险、年度体检 - 福利：节日礼品、生日福利、带薪年假、团建旅游、定期培训 - 发展：透明晋升通道（专员→主管→经理→总监），完善培训体系 - 时间：弹性工作，法定节假日正常休息 工作地点 江苏省淮安市淮安区楚州大道818-5号 以担保或任何理由索要财物，扣押证照，均涉嫌违法。一经发现， 立即举报,活泼开朗,http://www.zhaopin.com/jobdetail/CC859038910J40850170114.htm?refcode=4019&srccode=401901&preactionid=ec603eb5-e057-4013-af50-a9f6aa7349dc
产品经理,江铃汽车股份有限公司,6000-8000元·16薪,南昌·南昌县·小蓝经开区,Guangzhou,本科,经验不限,11月25日,zhilian,岗位职责: 1、负责企业研发域以及企业级智能驾舱、车机等移动应用产品规划构思及创意过程，向技术人员有效传达设计意图、分解归纳人机交互界面需求； 2、负责配合项目主导企业研发域及智能驾舱、车机等移动端应用产品的需求调研、需求分析，独立完成上述产品策划、原型设计、Demo制作、产品流程和交互设计，完BRD/MRD/PRD/FSD文档撰写和管理； 3、负责跟踪产品的使用反馈，密切关注和分析用户需求变化、业务场景及使用体验变化趋势，持续完善和优化已有产品功能，提出改进解决方案； 4、负责协助项目经理完成移动端应用产品的需求、设计、开发、测试、交付全流程落地 任职要求: 1.本科及以上学历；计算机、软件、设计、交互等电子类相关专业优先； 2.具备2年以上产品经理经验优先，熟练使用Axure、Visio、Mind Manager等工具； 3.熟悉数字化产品设计方法论，熟悉产品整体实现过程，包括从需求分析到产品交付； 4.了解数字化技术特性和系统构架，了解IOS、Android、Native、Hybrid、React、小程序等移动端技术原理； 5.熟悉汽车行业移动端产品优先； 6.具有良好的文档撰写能力，能根据行业客户需求快速制定解决方案、完成产品设计； 7.具有较强的语言表达能力、沟通能力、团队协作能力、学习创新能力； 工作地点 南昌南昌县江铃汽车大厦办公楼 以担保或任何理由索要财物，扣押证照，均涉嫌违法。一经发现， 立即举报,"软件产品,AI产品",http://www.zhaopin.com/jobdetail/CC000283190J40653527611.htm?refcode=4019&srccode=401901&preactionid=ec603eb5-e057-4013-af50-a9f6aa7349dc
产品经理,ALBEDODESIGNPTE.LTD.,2-3万,新加坡,Guangzhou,本科,3-5年,7月24日,zhilian,"岗位职责 1. 负责 POS、零售系统、CRM 及相关企业软件产品的规划与迭代。 2. 深入理解客户业务需求，将定制需求沉淀为标准化产品功能。 3. 负责需求分析、产品原型、PRD、版本规划和功能优先级管理。 4. 协同销售、研发、Support团队，支持售前沟通、产品演示和项目落地。 5. 建立产品文档、功能清单和销售支持资料，提升产品交付效率。 任职要求 1、3 年以上 B2B 软件、SaaS 或企业系统产品经验。 2、有 POS、零售系统、CRM 产品经验者优先。 3、具备良好的业务理解、需求分析和产品落地能力。 4、中英文沟通能力良好，能够与新加坡本地客户沟通需求。 工作地点 新加坡5 Little Rd, #05-01 Cemtex Industrial Building, Singapore 536983 以担保或任何理由索要财物，扣押证照，均涉嫌违法。一经发现， 立即举报","B端产品,C端产品,支付产品,新零售",http://www.zhaopin.com/jobdetail/CCL1522764520J40920504912.htm?refcode=4019&srccode=401901&preactionid=ec603eb5-e057-4013-af50-a9f6aa7349dc
产品经理,湖北楚乡有礼品牌管理有限公司,6000-8000元,荆州·荆州区·八岭山镇,Guangzhou,大专,1-3年,7月21日,zhilian,职位描述 商业化产品 电商产品 文化艺术/娱乐 旅游服务 薪资：6.5K-8K元/月 | 工作地点：荆州区/高新区 工作职责 1. 负责楚乡有礼特色产品（食品、文创、伴手礼等）的调研、立项、配方与工艺研发，打造地域特色爆款产品。 2. 对接供应链与生产环节，优化产品成本、品质、品相及包装，确保量产落地。 3. 跟踪市场趋势、竞品动态与用户反馈，迭代产品品质、规格与组合形式。 4. 制定产品标准、操作规范、质检流程与标签文案，确保合规上市。 5. 配合品牌设计岗完成产品包装、宣传物料的需求对接与效果验收。 6. 负责新品上市测试、数据跟踪与复盘，提出优化方案。 7. 完成上级交办的其他产品开发相关工作。 任职资格 1. 大专及以上学历，产品设计、市场营销等相关专业优先。 2. 1年及以上食品/伴手礼/文创产品开发经验，有楚味特色、早餐、文旅产品经验优先。 3. 熟悉产品研发流程、成本核算、供应链对接及食品安全相关法规。 4. 具备市场敏感度、创新能力与落地执行能力，能独立推进新品从0到1上市。 5. 沟通协调能力强，工作严谨细致，责任心强，抗压性好，无不良从业记录。 工作地点 荆州区荆州高新发展集团有限公司 以担保或任何理由索要财物，扣押证照，均涉嫌违法。一经发现， 立即举报,"商业化产品,电商产品",http://www.zhaopin.com/jobdetail/CCL1461718400J40790952306.htm?refcode=4019&srccode=401901&preactionid=ec603eb5-e057-4013-af50-a9f6aa7349dc
产品经理,吉利科技集团,面议,杭州·滨江·浦沿,Guangzhou,大专,3-5年,3月30日,zhilian,岗位职责 1、C端产品规划与设计：负责公司黄花梨C端产品线从0到1孵化。挖掘产品卖点，定义产品功能、形态及包装，打造具有市场竞争力的“爆款”。 2、市场洞察与用户研究：深入研究车载、家居、健康、睡眠等领域的C端用户需求，分析竞品的市场策略，输出产品差异化方案。 3、全生命周期管理：统筹产品从概念设计、打样、供应链生产、成本控制到上市销售的全过程，协同市场伙伴制定推广策略，对产品销量和利润负责。 4、供应链协同：结合黄花梨木材特性（如纹理、油性、刨花利用等），与工厂紧密配合，在保证品质的前提下优化生产工艺，提升性价比。 任职要求 1、经验要求：本科及以上学历，3年以上C端消费品产品经理经验。必须具备C端爆品打造成功案例（需提供过往负责产品的销量数据或市场影响力证明）。 2、行业背景：有文玩珠宝、高端家居、礼品或健康睡眠类产品经验者优先；对红木、黄花梨等传统文化有一定了解者极佳。 3、公司工作地点在海南、杭州两地，接受加班和出差 能力素质： 1、敏锐的“网感”：熟悉抖音、小红书、得物等平台的用户喜好，能将传统木材转化为符合年轻/中产阶级审美的消费品。 2、极强的产品力：擅长提炼产品卖点（如无事牌的“平安”寓意、刨花枕头的“养生”功效），并将其转化为可视化的营销语言。 3、思维模式：具备从B端思维向C端思维转变的能力，不仅关注材质，更关注用户体验、情感价值和社交属性。 工作地点 杭州滨江区吉利科技大厦 以担保或任何理由索要财物，扣押证照，均涉嫌违法。一经发现， 立即举报,"家电批发/零售/贸易,工艺品/收藏品/艺术品",http://www.zhaopin.com/jobdetail/CC868520640J40926679908.htm?refcode=4019&srccode=401901&preactionid=ec603eb5-e057-4013-af50-a9f6aa7349dc
产品经理,盈峰环境,2-4万·14薪,长沙·岳麓·麓谷,Guangzhou,本科,3-5年,7月23日,zhilian,岗位职责： 1. 产品规划：深入理解企业客户车队管理痛点，制定 E 车宝 APP 产品路线图，统筹车辆数据展示、电商销售、维养服务、客户粘性运营四大模块的功能规划与迭代策略； 2. 需求管理：通过用户访谈、数据分析及市场调研，挖掘客户真实需求，完成需求收集、评审、优先级排序，输出高质量 PRD 文档及原型设计； 3. 车辆数据模块：规划客户车辆使用情况（行驶里程、油耗、故障、保养到期等）的数据看板与可视化展示方案，提升客户车队管理效率； 4. 线上商城模块：主导配件、整车线上销售流程设计，包括商品管理、购物车、订单、支付、售后全链路，对接供应链及财务系统； 5. 维养服务模块：设计客户车辆维保需求绑定、预约调度、服务追踪和回访闭环流程，提升客户粘性与服务满意度； 6. 跨团队协作：推动研发、设计、运营、销售等多方对齐，把控产品上线节奏，定期追踪关键指标并持续优化； 7. 竞品研究：持续关注汽车后市场、车联网及工程机械行业动态，为产品决策提供有力的市场依据。 任职要求： 1. 统招本科及以上学历，电子信息、计算机等相关专业； 2. 具备 3 年以上 APP 产品经理经验，有 B 端或工业/汽车/电商类产品经验者优先； 3. 具备扎实的产品方法论，熟练使用 Axure、墨刀等原型工具及需求管理平台； 4. 良好的数据分析能力，能借助数据驱动产品决策，熟悉常见数据分析工具（如神策、友盟等）； 5. 有汽车后市场、车联网、工程机械、新能源车辆管理或 B2B 线上商城相关产品经验者优先。 工作地点 长沙岳麓区盈峰环境 以担保或任何理由索要财物，扣押证照，均涉嫌违法。一经发现， 立即举报,"功能产品,数据产品,物流产品,市场调研,产品规划,需求分析,产品运营,Axure,墨刀",http://www.zhaopin.com/jobdetail/CC404818830J40988680502.htm?refcode=4019&srccode=401901&preactionid=ec603eb5-e057-4013-af50-a9f6aa7349dc
产品经理,通联支付,7000-8000元,福州·台江·鳌峰,Guangzhou,本科,经验不限,7月1日,zhilian,岗位职责： 1.规划、设计金融支付或其它创新支付等产品，制定产品计划和阶段性工作目标； 2.收集市场需求，深入调研需求目标，沟通解决方案，明确产品可行性，设计产品形态，形成产品方案，完成产品封装和标准化； 3.协调市场、研发、渠道、运营等相关部门，做好产品上线前的工作梳理，推动产品落地市场前的测试、验收、产品培训等准备工作； 4.负责产品相关问题的支持，负责商户对接的支持； 5.协助部门领导各项工作和项目的推进和执行。 职位福利：五险一金、绩效奖金、餐补、周末双休、定期体检 职位亮点：行业领先的基于第三方支付金融科技服务企业 工作地点 福州台江区富邦总部大楼 以担保或任何理由索要财物，扣押证照，均涉嫌违法。一经发现， 立即举报,"数据产品,金融业,第三方支付,支付产品,支付行业",http://www.zhaopin.com/jobdetail/CC236361810J40250870609.htm?refcode=4019&srccode=401901&preactionid=ec603eb5-e057-4013-af50-a9f6aa7349dc
产品经理,徐工集团,8000-12000元,徐州·鼓楼区·东环街道,Guangzhou,本科,经验不限,5月20日,zhilian,岗位职责 （1）负责教育技术产品的方案制定，结合对工程机械液压及电气原理的理解，满足客户需求和市场趋势； （2）进行产品方案的优化和完善，为客户提供专业的产品方案讲解和技术支持； （3）与跨部门团队紧密合作，包括但不限于市场、销售和售后团队，提供技术支持和产品相关培训； （4）跟踪行业技术发展趋势，为产品的持续创新提供建议和方案。 2.任职资格 （1）本科及以上学历，工程机械、液压或电气相关专业优先；有主机厂技术、产品经理、工业实训或教育技术领域经验者优先； （2）具备优秀的产品方案制定和规划能力，掌握项目管理和方案撰写的基本知识和技能； （3）了解工程机械液压及电气原理，熟悉教育技术产品市场和行业动态，能够结合工程机械领域知识满足教育技术产品需求； （4）良好的沟通和协调能力，能够进行跨部门合作。 工作地点 鼓楼区徐州泽汇人力资源有限公司 以担保或任何理由索要财物，扣押证照，均涉嫌违法。一经发现， 立即举报,方案设计,http://www.zhaopin.com/jobdetail/CC120076170J40905266212.htm?refcode=4019&srccode=401901&preactionid=ec603eb5-e057-4013-af50-a9f6aa7349dc
产品经理,河北御芝林生物科技有限公司,8000-12000元,石家庄·裕华·长江,Guangzhou,本科,经验不限,3月17日,zhilian,岗位职责： 1、在产品经理的指导下，参与产品开发、定价、定位、上市、营销策略等过程，有效推动项目实施； 2、参与产品相关营销方案的制定及跟进执行； 3、参与行业及主要竞争对手的信息调研、跟踪、分析，对产品提出整改计划，不断精进产品，提升产品价值； 4、扩展产品新的销售渠道，提升产品整体销量； 5、协助产品经理开展产品培训手册及宣传文案的撰写，以及产品知识培训； 6、负责所辖产品的TVC创意工作； 7、负责系列产品新品种的建议。 任职要求： 1、本科以上学历，广告、营销、医药相关专业优先； 2、有一定的文字驾驭能力； 3、有优秀的人际沟通能力； 4、 工作认真负责，能承担工作压力； 5、有独立策划案例和产品管理经验者优先，有保健品或者快速消费品营销、策划和市场经验优先； 工作地点 石家庄裕华区河北御芝林生物科技有限公司 以担保或任何理由索要财物，扣押证照，均涉嫌违法。一经发现， 立即举报,电商产品,http://www.zhaopin.com/jobdetail/CC221836410J40761678212.htm?refcode=4019&srccode=401901&preactionid=f1f44be5-cac4-4ada-8d1d-ddcb344abb27
产品经理,青岛盛泰金诺信息科技有限公司,6000-12000元,青岛·李沧·浮山路,Guangzhou,本科,经验不限,7月15日,zhilian,职位描述 银行 投资与资产管理 金融科技/数字金融 岗位要求： 1. 学历要求：本科及以上 2.专业要求：金融、经济、会计、金融工程、统计、数学等 3. 项目/经历要求：银行、融资租赁、供应链、保理等对公从业经验（加分） 工作内容： 1. 企业债权类融资产品研究及方案设计 (1) 基于市场、客群及产品政策与要求，开展产品调研及竞品分析； (2) 设计企业债权融资（信用类、抵质押类）可行方案。 2. 渠道拓展及对接 (1) 负责银行、融资租赁、供应链和保理等机构渠道开发、商务对接及维护； (2) 完成前期尽调、方案谈判、风控规则对齐，建立稳定供给关系。 3. 业务全流程落地及项目推进 (1) 对外主导产品及业务从 0 到 1 完整落地，解决落地中的卡点与问题，保 障业务合规高效运转。 (2) 对内跨部门协同能力，与营销、财务、人力等部门团队建立良好关系， 保障业务稳定进行。 薪资 6000加提成 早九晚六 周末双休 法休 节假日福利 工作地点 山东省青岛市李沧区枣山路178号(枣山路地铁站C口步行300米)10楼 以担保或任何理由索要财物，扣押证照，均涉嫌违法。一经发现， 立即举报,"银行,投资与资产管理,金融科技/数字金融",http://www.zhaopin.com/jobdetail/CCL1462308320J41010882604.htm?refcode=4019&srccode=401901&preactionid=f1f44be5-cac4-4ada-8d1d-ddcb344abb27
产品经理,浙江邮电工程,6000-10000元·13薪,杭州·上城·凯旋,Guangzhou,本科,1-3年,4月1日,zhilian,职位描述 软件产品 能源 双碳 工作职责: 负责公司自研产品全生命周期管理，兼顾多环节工作，打造符合行业需求的优质产品 1、 产品全生命周期管理：把控产品从需求挖掘、规划设计、研发落地、交付上线到运营迭代的全流程，制定清晰产品路线图，构建产品管理闭环。 2、 产品咨询与需求管理：对接客户、业务部门及市场端，开展产品咨询服务，挖掘核心需求与痛点，进行需求分析，跟踪需求落地进度，及时响应需求变更。 3、 产品规划与设计：结合行业趋势、市场需求及公司战略，主导产品整体规划与功能设计，制定产品规格与验收标准，确保产品设计贴合业务场景、满足用户需求。 4、 招投标与商务支撑：参与产品招投标工作，配合编制投标文件、梳理技术应答要点，配合营销团队提供专业的产品技术支撑。 5、 研发与交付管控：联动研发相关团队，管控研发进度与质量，协调解决研发过程中的各类问题；主导产品交付全流程，确保产品按时、按质交付。 6、 产品运营与迭代：负责产品上线后的运营推广、用户反馈收集与数据分析；持续优化产品功能与体验，提升用户满意度与产品市场竞争力。 7、 行业与竞品分析：持续关注双碳能源、智慧运营等行业动态、政策导向及技术趋势，开展竞品调研与分析，提炼产品核心优势与差异化亮点，为产品规划与优化提供数据支撑和决策依据。 8、 跨部门协同：高效联动多部门建立良好的沟通协作机制；配合团队完成其他相关产品工作。 任职要求： 1、有2年以上产品管理工作经验； 2、具备较强的责任心、执行力和抗压能力，逻辑思维清晰，善于拆解复杂问题；具备良好的沟通表达、谈判协调和团队协作能力，有强烈的用户思维和产品创新意识；能够接受短期出差。 3、熟练操作Word、PPT、Excel、Visio、Axure等工作软件；熟悉AUTOCAD、PHOTOSHOP等软件。 4、熟悉产品全生命周期管理流程，有完整的产品从0到1规划、研发、交付、运营经验； 5、有双碳行业、能源互联网、IDC机房智慧运营等相关领域产品经理工作经验者，优先考虑。 6、有能源类产品（源网荷储、虚拟电厂管理、算电协同等）管理经验者优先；有IDC机房运维管理从业背景，能够从事机房智慧运营类产品管理者优先；了解双碳相关政策、能源行业特性或IDC机房监控运维、DCIM等系统者优先。 工作地点 杭州上城区浙江省邮电工程建设公司 以担保或任何理由索要财物，扣押证照，均涉嫌违法。一经发现， 立即举报,"软件产品,能源,双碳",http://www.zhaopin.com/jobdetail/CC149706110J40849362310.htm?refcode=4019&srccode=401901&preactionid=f1f44be5-cac4-4ada-8d1d-ddcb344abb27
产品经理,品尚信息科技(吉林省)有限责任公司,7000-14000元,长春·朝阳,Guangzhou,本科,3-5年,3月11日,zhilian,职位描述 IT/互联网 汽车行业 职位描述 负责公司软件项目及产品研发： 1、业务能力 1) 需求管理：对汽车行业及相关周边业务的业务需求了解，并根据客户需求内容进行原型设计、需求文档编写及需求确认工作。 2) 业务方案：根据所负责项目或产品进行业务的方案整理，向客户及相关领导汇报，整理项目总结文件，跟项目团队进行业务交流和方案持续完善。 2、管理能力 1)项目管理方法：精通软件工程相关的过程（瀑布、敏捷等）的关键阶段管理方法，对项目和产品各个阶段的WBS及人员计划能进行精准的把握，对计划的执行能够很好的更新和跟踪，具有PMP、信息系统项目管理师优先。 2）团队沟通：良好的抗压能力，能够对团队人员的情绪进行管理，能建立良好的团队工作氛围和沟通方法，引导以结果导向的项目执行方法。 3、技术能力 1）开发技术：了解java、spring、html、css、大数据等技术的基础技术内容 2）质保测试：能对项目的交付质量标准及质量过程进行跟踪，并能从用户的角度提出优化思路，对项目整个质量过程熟悉。 可接受出差优先考虑！！！ 公司福利： 1、员工享有国家规定的法定假日及年假、婚假、产育假等假期； 2、丰富多彩的团建活动； 3、良好的内部激励机制等； 4、公司为员工提供了系统的专业培训，同时为员工的职业生涯发展提供广阔的平台。 5、舒适的办公环境 + 和谐团建的团队氛围 + 注重员工培养的领导。 6、上班时间周一至周五，双休。 7、薪资面议。 职位福利：绩效奖金、项目奖金、定期团建、定期体检、弹性工作、五险一金、周末双休 工作地点 长春朝阳区修正服务外包大厦 以担保或任何理由索要财物，扣押证照，均涉嫌违法。一经发现， 立即举报,"IT/互联网,汽车行业",http://www.zhaopin.com/jobdetail/CC844830320J40492523614.htm?refcode=4019&srccode=401901&preactionid=f1f44be5-cac4-4ada-8d1d-ddcb344abb27
产品经理,简从云(重庆)科技有限公司,8000-16000元,重庆·两江新区,Guangzhou,本科,3-5年,7月21日,zhilian,岗位职责】 · 负责将业务需求转化为研发团队可执行的技术需求，统筹需求落地、过程跟踪、验收交付，确保业务与技术高效协同。需要有带领团队完整开发智能体的经验。 【工作内容】 · -扮演业务与技术之间的“翻译官”与“规划师”，将模糊业务诉求转化为清晰的技术资产定义与平台功能需求; · -协调研发团队与业务部门之间的协作，确保信息同步、目标一致: · -管理项目进度与风险，保证进度可控，保障需求高质量交付。 【职位要求】 · 本科及以上学历，3年以上产品经理经验; · 熟练使用产品设计工具（如Axure、Visio、XMind、Tare AI等），具备优秀的原型设计、流程梳理及需求文档编写能力； · 具备配合技术团队协作经验，熟悉B端项目落地流程;具备极强的逻辑分析与需求抽象能力，能够精准理解和传递业务意图 · 有AI交付项目工作经验者优先 【福利待遇】 · 薪资福利：基本工资+绩效奖金+项目奖金，定期调薪，提供行业内有竞争力的薪酬待遇。 · 基础保障：五险、带薪年假、法定节假日、节日福利。 · 成长发展：不定期产品培训、行业交流、技能提升课程，清晰的职业晋升路径，鼓励员工参与产品创新与决策。 · 人文关怀：不定期团建、生日福利，轻松和谐的团队氛围，拒绝内卷；可根据需求提供灵活办公安排。 工作地点 重庆两江新区力帆·时代 以担保或任何理由索要财物，扣押证照，均涉嫌违法。一经发现， 立即举报,大模型,http://www.zhaopin.com/jobdetail/CCL1523491560J40900164403.htm?refcode=4019&srccode=401901&preactionid=f1f44be5-cac4-4ada-8d1d-ddcb344abb27
产品经理,杭州儒企科技(集团)有限公司,5000-10000元,杭州·西湖·西溪,Guangzhou,本科,1-3年,6月3日,zhilian,职位描述 脑机接口标委会、创新联盟 产业互联网平台 人工智能 咨询服务 1、协助研究院做好市场调研、项目申报、知识产权升值管理等相关服务工作； 2、承担脑机接口标委会、创新联盟等新技术组织的秘书职能； 3、为产品研发及孵化创造必要和充分条件，协助抓好第四个业务闭环。 工作地点 杭州西湖区创业大厦1006 以担保或任何理由索要财物，扣押证照，均涉嫌违法。一经发现， 立即举报,脑机接口标委会、创新联盟,http://www.zhaopin.com/jobdetail/CCL1461208160J40942064608.htm?refcode=4019&srccode=401901&preactionid=f1f44be5-cac4-4ada-8d1d-ddcb344abb27
产品经理,中国联通海南分公司,1.5-2.9万,文昌·文城镇,Guangzhou,本科,3-5年,7月4日,zhilian,职位描述 网络安全产品 数据安全产品 风控/反欺诈产品 安全产品 智慧服务 AI产品 智慧城市 智慧园区 智慧交通 云计算 信息安全 通信/网络设备 岗位内容： 1.市场与竞争分析 （1）负责开展行业动态、政策趋势及竞争对手信息调研，进行深入的行业洞察与竞品分析，为业务策略制定提供依据。 （2）根据市场变化及时调整运营策略，协调资源支持业务目标实现。 2.解决方案规划与设计 （1）负责行业整体及细分领域的解决方案规划，包括客户需求调研、方案设计、技术方案编写与定制化规划。 （2）支撑市场拓展与项目落地，提供具备竞争力的解决方案支持。 3.售前支持与项目落地 （1）负责售前全过程支撑，包括客户交流、业务洽谈、产品演示、技术应答等。 （2）组织完成投标相关文件的编写、评审与投标准备工作，确保项目顺利中标。 4.产品管理与合作生态建设 （1）参与相关产品的研究、设计、运营与推广，推动产品持续优化。 （2）对接并整合合作方资源，建立并维护良好的合作伙伴生态。 5.项目交付与客户运维 （1）协调内外部资源，推动项目从启动到落地的全过程管理，保障项目按计划交付。 （2）负责项目售后运维工作，包括客户工单处理、SLA保障与服务质量跟踪，定期回访以提升客户满意度。 任职要求： 1.学历及专业： 大学本科及以上学历，计算机科学与技术、计算机网络、软件开发、信息系统、电子信息工程、物联网等大IT类相关专业优先。 2.能力要求： （1）具备3年及以上项目管理经验，有建设、运维、信息化工作经验优先，有较好的多岗位经历优先，具有大型项目经验或承担过项目核心角色者优先，原则具有中级（含）以上专业技术资格。 （2）能够深入洞察行业趋势，精准开展需求调研，并具备较强的解决方案输出能力； （3）拥有良好的分析与业务理解能力，可深刻把握并引导客户需求； （4）具备优秀的方案策划与文档撰写能力，能独立负责项目，擅长结合实际规划并推动项目落地； （5）具备良好的职业素养，工作认真踏实，责任心与进取心强； （6）拥有出色的沟通协调与团队协作能力，具备良好的团队合作意识； （7）身心健康，能适应一定的工作压力与强度。 工作地点 文昌市-文城镇文中路金山商业广场三楼2号公馆一楼8-9号 以担保或任何理由索要财物，扣押证照，均涉嫌违法。一经发现， 立即举报,"网络安全产品,数据安全产品,风控/反欺诈产品,安全产品,智慧服务,AI产品,智慧城市,智慧园区,智慧交通",http://www.zhaopin.com/jobdetail/CC478179910J40866715303.htm?refcode=4019&srccode=401901&preactionid=f1f44be5-cac4-4ada-8d1d-ddcb344abb27
产品经理,中国物流股份有限公司,1.2-1.8万,南京·雨花台·雨花,Guangzhou,本科,3-5年,4月27日,zhilian,岗位职责： 1.负责产品需求调研、规划和生命周期管理。 2.产品的用户界面设计和用户体验优化。 3.参与售前支持，跟踪行业动态，分析竞争产品。 4.协助技术培训客服进行用户培训，并具备前端开发基础。 5.协助前端工程师完成简单的页面开发。 6.参与公司宣传资料的设计工作。 岗位要求： 1.工商管理、计算机科学、市场营销或相关专业本科及以上学历。 2.3年以上软件产品管理经验，有成功的产品开发和管理经验。 3.具备技术背景或软件开发经验和UI/UE设计能力者优先 4.优秀的沟通和协调能力，能够与技术、设计、市场等团队有效合作。 5.推动产品开发进程并解决问题，具备数据分析能力，能够通过数据驱动产品决策。 6.对新技术和市场趋势保持敏感，具备快速学习和适应能力。 工作地点 雨花台区金证南京科技园 以担保或任何理由索要财物，扣押证照，均涉嫌违法。一经发现， 立即举报,货运物流,http://www.zhaopin.com/jobdetail/CC220535830J40743742507.htm?refcode=4019&srccode=401901&preactionid=f1f44be5-cac4-4ada-8d1d-ddcb344abb27
产品经理,景德镇以辰陶瓷有限公司,8000-15000元,景德镇·昌江区·新枫街道,Guangzhou,本科,3-5年,7月22日,zhilian,职位描述 电商产品 互联网电商 岗位内容： 1. 开展市场调研和竞品分析。 2. 了解公司产品调性，开发新产品，有餐具、茶具、杯具类目 3.了解陶瓷生产工艺，和供应商对接，跟进生产进度。 4.从事电商行业 任职要求： 1. 3-5年电商产品经理相关工作经验； 2. 具备良好的团队合作精神和沟通表达能力； 3. 有较强的数据分析和解决问题的能力。 工作地点 景德镇昌江区西山湖天地 以担保或任何理由索要财物，扣押证照，均涉嫌违法。一经发现， 立即举报,电商产品,http://www.zhaopin.com/jobdetail/CC455639930J40727340907.htm?refcode=4019&srccode=401901&preactionid=f1f44be5-cac4-4ada-8d1d-ddcb344abb27
产品经理,沈阳以利雅企业管理咨询有限公司,6000-10000元,沈阳·和平·北市场,Guangzhou,大专,1年以下,7月25日,zhilian,岗位职责： 1.负责公司产品运营、活动运营、管理运营、属于线下运营，主要帮助商家引流，服务，产品优化，数据分析，拓客，营销策划 2.实习三个月，有专人带，入职提供带薪实习，提供住宿，可以签订实习协议，不需要缴费，没有试用期 任职要求： 1.具有自我激励精神，并具备成功管理和领导团队经验。 2.良好的沟通能力，创新能力，能够和公司内部其他同事有效协调，沟通。 3.富有活力和激情，为人开朗热情，有过一定的运营市场和团队管理的经验，没有经验，公司有专业培训。 福利待遇： 1、实习4000～6000，转正5000～10000 2、如果能带团队，有管理奖金，季度奖，年终奖 3.免费提供员工住宿（环境优雅，家电齐全，距离公司200米）五险一金，定期公司旅游，团建活动，体育电竞比赛，集团商学院学习； 4.提供定期专业培训，坚持一流的培训，内部晋升，没有空降管理 5.为员工提供良好的职业发展平台（公司坚信基层做起，在内部提拔）。 晋升路径：运营实习—运营专员—运营主管—运营经理 公司地址：沈阳市和平区市府大路168号，华姿大厦903，乘车路线（125，231，216，215，243，209，203，140路，地铁2号线市府广场下车，骑行5分钟） 职位福利：五险一金、年底双薪、包住、带薪年假、员工旅游、定期团建、带团队 工作地点 沈阳和平区市府大路168号华姿国际D座903 以担保或任何理由索要财物，扣押证照，均涉嫌违法。一经发现， 立即举报,"产品迭代,活动策划,实习生,应届生",http://www.zhaopin.com/jobdetail/CCL1445740250J40845160212.htm?refcode=4019&srccode=401901&preactionid=f1f44be5-cac4-4ada-8d1d-ddcb344abb27
产品经理,南京熊猫电子,1-1.5万,南京·玄武·梅园新村,Guangzhou,本科,5-10年,7月24日,zhilian,职位描述 MES系统 人工智能 职责： 1、负责公司工业软件产品（MOM/MES/WMS/EAM/QMS等）的产品规划、需求分析与产品设计，负责输出制造行业数智化转型解决方案； 2、负责产品需求文档（PRD）、业务流程图、原型设计、功能清单、数据模型等产品文档输出，推动产品标准化建设； 3、负责计划排产、生产执行、设备管理、质量管理、仓储管理等核心模块的功能设计与持续迭代。并参与工业互联网平台、IoT设备接入、数据采集、实时监控等相关产品规划。 4、推动产品研发落地，协调研发、测试、实施等团队，跟进需求评审、开发进度、测试验收及版本发布; 5、参与工业大数据、AI、智能制造相关方向规划，包括AI排产、AI质量分析、AI设备预测、工业助手等创新能力建设； 6、关注智能制造、工业互联网、数字孪生、AI Agent等行业趋势，推动产品架构升级与能力演进； 7、负责项目售前交流、方案设计与客户需求分析，支撑项目交付与行业解决方案沉淀。 要求： 1、5年以上工业软件或智能制造相关产品经验，具备MOM、MES、WMS、EAM、QMS、APS等领域产品经验； 2、参与过企业智改数转网联项目或卓越工厂认定工作； 3、熟悉离散制造行业业务流程，理解生产管理、工艺管理、设备管理、质量管理、仓储物流等制造场景； 4、优秀跨部门沟通与项目推进能力，能够协调研发、实施、客户等多方资源推动项目落地； 5、熟悉IoT相关技术，包括OPC UA、MQTT、PLC数据采集、边缘网关、时序数据库、大数据等技术; 6、对AI在制造业中的应用有一定理解，熟悉AI助手、AI排产、预测性维护、AI质量分析等方向者优先; 7、工作热情积极、细致耐心，能适应制造项目现场环境，接受中短期出差，承受工作压力强。 工作地点 南京玄武区熊猫万谷金融科技中心 以担保或任何理由索要财物，扣押证照，均涉嫌违法。一经发现， 立即举报,MES系统,http://www.zhaopin.com/jobdetail/CC120101320J40883407705.htm?refcode=4019&srccode=401901&preactionid=f1f44be5-cac4-4ada-8d1d-ddcb344abb27
产品经理,西安稀有金属材料研究院有限公司,7000-14000元,西安·长安·东大,Guangzhou,本科,经验不限,5月28日,zhilian,岗位职责： 1、负责公司产品在行业内的营销销售工作。 2、拓展行业新客户，对所负责行业的老客户进行梳理和需求激发，保持长期合作关系，确保服务的延续性，挖掘客户需求，完成公司下达的目标。 3、深入了解行业客户需求，根据行业特点及客户需求组织编写行业场景化解决方案。 4、负责行业市场策略、销售策略、产品策略的制定与落地，推动业务模式创新。 任职资格： 1、本科及以上学历，材料学、市场营销或相关专业优先。 2、具备优秀的客户沟通与需求分析能力，能独立完成复杂项目的方案设计与商务谈判。 3、思维逻辑清晰，文字与语言表达能力突出，抗压能力强。 4、具有半导体和工具改性镀膜行业经验优先 补充说明： 1.公司简介：西安秦创高纯新材科技有限公司，是西北有色金属研究院依托“国家先进稀有金属材料技术创新中心”科技成果转化的首家科技型企业。秦创高纯公司聚焦国家战略性新兴产业关键材料需求，坚持自主创新，研发人员博士学历占比100%，攻克了材料超高纯提炼与靶材精密成型等核心技术，并自主研制了与之配套的核心工艺装备，构建了坚实的技术壁垒与产业护城河。目前，公司主要产品纯度已达到7N（99.99999%） 以上级别，性能与使用效果完全比肩进口产品，已实现稳定批量供应，客户覆盖国内半导体行业龙头企业、中国科学院、中国电子科技集团等国家级重点科研与产业单位，有力支撑了我国在光通信、人工智能、传感器等前沿战略领域的自主可控与创新发展。公司已通过GB/T 19001及GJB 9001C质量管理体系认证，并荣获2025年中国创新创业大赛优秀企业、陕西赛区一等奖等多项荣誉。 2.工作地点：陕西省西安市国家先进稀有金属材料技术创新中心。 3.福利待遇：六险两金、年终奖、高温/取暖补贴、节日福利、生日福利、年度体检等。 本科学历：月薪7-9k，特别优秀可一人一议； 硕士学历：月薪10-14k，特别优秀可一人一议。 工作地点 西安长安区国家先进稀有金属材料技术创新中心 以担保或任何理由索要财物，扣押证照，均涉嫌违法。一经发现， 立即举报,"商业化产品,产品经理",http://www.zhaopin.com/jobdetail/CC623683780J40898799903.htm?refcode=4019&srccode=401901&preactionid=f1f44be5-cac4-4ada-8d1d-ddcb344abb27
产品经理,金华浙农信息技术有限公司,9000-12000元,金华·东孝街道,Guangzhou,本科,1-3年,7月21日,zhilian,岗位职责 1、产品工作模块 （1）负责公司软件产品（含已上线软件产品）需求调研、业务梳理，独立输出需求文档、产品原型、功能规划方案； （2）根据业务发展目标，制定软件产品迭代计划，跟进软件产品开发全流程，对接技术研发团队，解答开发疑问，把控功能落地效果，保障迭代进度； （3）收集用户反馈、业务问题及市场竞品信息，持续优化产品功能、流程及体验，提升产品实用性与用户留存； （4）统筹产品测试、上线、复盘工作，记录产品问题并迭代优化。 2、UI/交互设计工作模块 （1）独立完成产品全套视觉设计，包含小程序、网页、后台系统的界面设计、图标设计、版式设计； （2）负责产品交互设计，优化用户操作流程，制定统一的产品交互规范、视觉设计规范，保证产品整体视觉、操作逻辑统一； （3）配合研发完成设计还原工作，跟进切图、适配、落地校验，解决开发过程中的视觉及交互问题； （4）按需完成公司简单宣传物料、运营配图等设计工作。 二、任职要求 1、经验要求：1-3年产品+UI复合岗位工作经验，可独立兼顾产品规划、界面设计，有互联网产品、SaaS系统、小程序项目经验者优先； 2、技能要求：熟练使用Axure、墨刀、蓝湖等原型/UI工具，精通PS等设计工具，能够独立完成原型搭建+视觉设计+交互落地； 3、能力要求：具备完整的产品思维，懂业务、懂用户、懂落地，能够独立拆解需求、规划功能、推进迭代；审美在线，擅长简约商务风、轻量化产品设计，贴合用户使用场景； 4、综合素质：沟通高效、执行力强，能够快速对接业务、研发，适配小团队快节奏工作模式，主动发现问题并优化，不推诿、肯落地； 5、其他：有完整的产品规划、UI设计案例及作品集，投递简历时需附带作品集链接/文件。 工作地点 金华市-金东区-赤松路318号 以担保或任何理由索要财物，扣押证照，均涉嫌违法。一经发现， 立即举报,数据产品,http://www.zhaopin.com/jobdetail/CCL1345315930J40910806903.htm?refcode=4019&srccode=401901&preactionid=f1f44be5-cac4-4ada-8d1d-ddcb344abb27
产品经理,陕西健鑫健康管理有限公司,8000-15000元,西安·未央·大明宫,Guangzhou,本科,经验不限,5月11日,zhilian,职位描述 ERP系统 OA系统 MES系统 前台产品 后台产品 移动端产品 新零售 区块链 产业互联网平台 互联网电商 计算机软件 1.负责软件产品的整体规划及设计，结合业务发展战略，全面策划并统筹产品的发展规划，明确定位、目标、策划并落实、实施，以实现公司要求的产品价值和商业化目标，为客户价值和产品满意度负责。2.负责对相关行业、场景和客户进行需求的深度洞察和挖掘，深度了解行业趋势和市场，根据用户的需求痛点、提出产品思路和解决方案，为公司发展提出战略和策略建议。3.负责主导公司产品的设计与实现，从技术角度提升公司产品及解决方案的竞争力，持续提升产品价值和使用体验，打造有强竞争力的产品，对产品的完整生命周期负责。4.负责依据指标和数据反馈快速迭代和改进产品，积极参与产品整体的功能和流程设计、优化，配合开发人员解决项目过程中的关键问题，完成产品的更新迭代。5.负责产品团队整体目标制定，推进团队目标、个人目标和工作计划的制定和落地执行。6.负责产品团队的培养，提升团队的工作体验、质量、效率和技术能力，优化项目人员结构，明确职责，定期进行技术培训或分享. 上班地点 工作地点 西安未央区凤城一路御道华城B座607室 以担保或任何理由索要财物，扣押证照，均涉嫌违法。一经发现， 立即举报,"ERP系统,OA系统,MES系统,前台产品,后台产品,移动端产品,新零售,区块链",http://www.zhaopin.com/jobdetail/CCL1234372380J40981347404.htm?refcode=4019&srccode=401901&preactionid=f1f44be5-cac4-4ada-8d1d-ddcb344abb27
产品经理,潍坊知行企业咨询有限公司,9000-16000元,威海·环翠区·怡园街道,Guangzhou,本科,3-5年,7月25日,zhilian,职位描述 金融 信贷 普惠金融 银行 该职位是为甲方的客户提供咨询服务，为甲方团队提供服务 1、围绕部门年度经营目标（FTP 经营净收益、普惠贷款余额、贷款日均规模），负责信贷产品全生命周期管理； 2、负责产品的需求撰写、系统落地、功能迭代，制定并定期修订所有产品的操作规范；推动分管产品放款、存量日均稳步提升，支撑部门营收及规模指标达成； 3、对外高效与外部平台沟通，对内积极跨部门沟通、协调资源以确保产品顺利推进，监控产品情况，评估产品收益； 4、根据产品运营情况、客户反馈和业绩表现，定期对现有产品进行优化和迭代； 5、对所部门产品进行用户行为数据监测、性能跟踪、数据分析、提出产品及相关运营的优化方案； 6、业务合规运营相关工作。 工作地点 环翠区威海蓝海银行 以担保或任何理由索要财物，扣押证照，均涉嫌违法。一经发现， 立即举报,"金融,信贷,普惠金融",http://www.zhaopin.com/jobdetail/CCL1481905860J40866250601.htm?refcode=4019&srccode=401901&preactionid=f1f44be5-cac4-4ada-8d1d-ddcb344abb27
产品经理,天津盛辉企业管理咨询服务有限公司,1-1.5万,鹤壁·淇滨区,Guangzhou,本科,经验不限,6月10日,zhilian,职位描述 硬件产品 光通讯 光无源器件 半导体/芯片 1、负责可制造性评审、工艺流程设计、工装夹具设计、试产支持、技术文件编制等新产品的导入与工艺开发工作； 2、产品量产转产全流程跟踪，处理生产异常、工艺维护及工程变更执行； 3、提供内外部技术支持沟通工作。 工作地点 鹤壁淇滨区延河路 以担保或任何理由索要财物，扣押证照，均涉嫌违法。一经发现， 立即举报 客户,硬件产品,http://www.zhaopin.com/jobdetail/CCL1289385330J40866207509.htm?refcode=4019&srccode=401901&preactionid=ffdf570a-b7a8-4f76-980f-9cdd14ca8ce2
产品经理,深圳市南电云商有限公司,1-1.6万,广州·黄埔·联和,Guangzhou,本科,5-10年,7月24日,zhilian,职位描述 产品经理 需求分析 AI产品经理 人工智能 【工作内容】 1、负责人工智能产品全生命周期管理，主导需求调研、竞品分析及产品规划方案制定； 2、输出高质量产品文档（PRD），协调研发、测试及设计团队完成功能开发与迭代上线； 3、深入业务场景挖掘用户痛点，优化产品交互体验与核心算法逻辑，提升产品核心竞争力； 4、监控产品运营数据，定期复盘分析并制定改进策略，确保产品指标达成及商业价值实现； 5、对接市场与销售部门，提供产品培训支持，协同解决客户反馈的技术问题与使用障碍。 【任职要求】 1、计算机、软件工程或相关专业本科及以上学历，具备3年以上互联网或AI行业产品经验； 2、精通Axure、XMind、Visio等原型与设计工具，具备优秀的逻辑思维与文档撰写能力； 3、熟悉软件开发流程及敏捷开发模式，了解机器学习基础原理及常见应用场景； 4、具备极强的跨部门沟通协调能力与抗压能力，对技术趋势敏感，拥有成功项目案例者优先； 5、工作严谨负责，结果导向，具备良好的团队协作精神及持续学习创新的职业素养。 工作地点 广州黄埔区云升科学园 以担保或任何理由索要财物，扣押证照，均涉嫌违法。一经发现， 立即举报,"产品经理,需求分析,AI产品经理",http://www.zhaopin.com/jobdetail/CC255244630J40923668712.htm?refcode=4019&srccode=401901&preactionid=ffdf570a-b7a8-4f76-980f-9cdd14ca8ce2
产品经理,湖南口味王集团有限责任公司,1.2-1.5万·14薪,长沙·开福·通泰街,Guangzhou,本科,5-10年,7月20日,zhilian,岗位职责： 1.新品开发：制定年度规划，按要求完成具体产品的详细策划，筹备启动会、进度会等管控项目进度，持续跟进产品上市后状态并进行评估； 2.产品下市：根据公司战略，对预期下市的产品进行评估。盘点库存余留，粗算可能产生的费用，并进行申请。沟通生产、供应链，沟通时间、操作方式，并沟通市场。及时维护系统产品信息。 3.产品信息维护：在,"食品/饮料/酒水批发/零售/贸易,日化批发/零售/贸易,食品/饮品/烟酒制造",http://www.zhaopin.com/jobdetail/CC476734910J40876500314.htm?refcode=4019&srccode=401901&preactionid=ffdf570a-b7a8-4f76-980f-9cdd14ca8ce2
产品经理,浙江摩根集团有限公司,1-1.7万,宁波·镇海·骆驼,Guangzhou,本科,经验不限,6月26日,zhilian,职位描述 需求分析 项目管理 产品/版本迭代 KNX产品 半导体芯片领域 PRD文档输出 工作职责 1. 负责KNX相关产品的需求分析与规划，深度理解半导体/芯片领域的技术特性与业务场景。 2. 主导产品功能设计，输出清晰的PRD文档与原型，精准传递业务需求至研发团队。 3. 跟进研发进度，协调解决技术落地过程中的问题，确保产品按时高质量交付。 4. 收集市场反馈与用户需求，持续优化产品体验，提升产品竞争力。 任职要求 1. 本科及以上学历，电子信息、自动化或计算机相关专业优先。 2. 熟悉KNX协议标准与技术原理，具备KNX产品相关项目经验者优先。 3. 掌握基础编程能力，能理解研发逻辑，高效对接技术团队。 4. 具备优秀的沟通协调能力与问题解决能力，能推动跨部门协作。 工作地点 镇海区宁波杜亚机电技术有限公司杜亚几点有限公司5楼 以担保或任何理由索要财物，扣押证照，均涉嫌违法。一经发现， 立即举报,"需求分析,项目管理,产品/版本迭代,KNX产品,半导体芯片领域,PRD文档输出",http://www.zhaopin.com/jobdetail/CC512417730J40858089701.htm?refcode=4019&srccode=401901&preactionid=ffdf570a-b7a8-4f76-980f-9cdd14ca8ce2
产品经理,中电信数智科技有限公司北京分公司,1.5-3万,北京·丰台·大红门,Guangzhou,本科,3-5年,7月12日,zhilian,岗位职责 1. 产品规划：负责公司包括但不限于 [CRM / ERP / OA/ OSS / MSS] 的产品规划与迭代，输出产 品路线图。 2. 需求管理：深入一线客户与业务方（销售、实施、市场），抽象真实业务场景，转化为标准化产 品能力。 3. 文档与设计：独立完成 PRD、业务流程图、原型设计，确保逻辑清晰、边界明确。 4. 项目推进：协调研发、测试、UED 等团队，按版本节奏高质量交付，对上线效果负责。 5. 闭环跟踪：上线后跟踪使用数据与客户反馈，推动持续优化，解决业务痛点。 6. 支持协同：配合售前、实施团队输出产品解决方案与培训材料，提升客户成功效率。 任职要求 1. 本科及以上学历，3 年以上 B 端产品经验，有 ai 领域经验者优先。 2. 逻辑能力强，能处理复杂业务规则、多角色权限及状态流转。 3. 掌握 B 端产品核心方法：用户访谈、角色分析、业务建模、数据分析。 4. 熟悉数据库或具备基础 SQL 能力者优先（能独立看懂数据，不依赖 BI）。 5. 具备较强自我驱动力，思维逻辑清晰，擅长拆解业务目标并落地解决方案，结果导向。 6. 良好的沟通与抗压能力，能推动多方达成共识。 加分项 • 有从 0 到 1 搭建后台产品的经验 • 了解大模型（如 GPT、DeepSeek 等）基本能力，能评估 AI 在 B 端场景中的可用性与风险 • 有将 AI 能力（智能填单、自动摘要、知识库问答、异常检测等）融入 B 端产品的实际探索经验 • 能结合 AI 降低用户操作成本或提升业务决策效率（不要求会训练模型） 工作地点 北京丰台区中国电信大厦 以担保或任何理由索要财物，扣押证照，均涉嫌违法。一经发现， 立即举报,"大模型,TOB",http://www.zhaopin.com/jobdetail/CC711174220J40778033006.htm?refcode=4019&srccode=401901&preactionid=ffdf570a-b7a8-4f76-980f-9cdd14ca8ce2
产品经理,海目星激光科技集团股份有限公司,1.2-2.3万,深圳·龙华·观湖,Guangzhou,大专,1-3年,7月14日,zhilian,职位描述 软件产品 硬件产品 AI产品 NLP产品 知识图谱产品 智能问答产品 MES系统 ERP系统 CRM系统 工业自动化/机器人 电气机械/电力设备 专用设备制造 核心职责： （1）市场洞察技术调研：指针对某项技术或研究领域，对技术背景、技术发展路线、技术现状、研究热点、等进行调查分析，产业愿景未来前景分析，商业空间。 （2）客户场景化痛点洞察，根据客户调研，现场问题收集，产品发货后问题归纳整理，识别客户痛点，规划产品技术方向；深入产品场景（装配，调试，生产，维护等）痛点识别，需求提炼，方案构想。 （3）竞品分析，差异化竞争从而提高产品竞争力，提高交期，提高参数水平，或大幅降低产品成本，从方案，引入测试品牌替换，型号，既满足客户需求又降低产品成本。产品技术统筹：合理整合各个技术模组形成新产品并做新产品技术点的更新迭代，主导产品技术验证及目标输出。 （4）需求方案：能够根据需求，及已有案例进行有竞争力的方案制定、实施、验证打样、评审。 （5）标准件和材料选用，零件处理：能够正确进行标准件选用和材料选用，具有成本意识，简化机构，熟悉非标自动化设备设计流程及相关元器件。 （6）研发流程和设计需求拆解：熟练掌握和运用R开发流程、M开发流程，能够根据客户需求进行准确的设计需求拆解：深入理解需求拆解的流程和方法，能独立完成产品需求拆解，并挖掘出客户深入对其他模块的需求，量化，熟练掌握FMEA工具。 （7）验收问题处理：装配调试阶段，发现功能无法达到预期，无法满足性能要求，组织技术找到原因，推动验收。 （8）文档撰写及报告输出：研发过程中过程文件撰写和验收报告输出，售前技术规格书偏离表输出，并联合销售说服客户接受偏离，降低成本。 （8）协助销售，个人通过网络，展会拓展客户群体，并挖掘客户需求形成订单机会，定期与客户群体拉通需求变化及客户规划，输出市场调研报告及产品规划及研发方向。 （9）增值，备件订单，维保订单，提前规划计划增值服务订单，寿命规划，降本的参数稳定性水平达到客户与成本平衡。 4. 专业技能： （1）锂电、激光行业知识：熟悉自动化行业设备开发，具有机械设计，运动控制的基本知识，熟练掌握非标自动化元器件用法。 （2）新技术创新方案（整线）：能够按照已有方案进行简单的模组优化结构问题，从工序，流程，降低设备复杂度，减少机台，减少不必要设计，方案简洁有效，成本更低的方案。通过合并，兼容，从而优化方案CT，简化动作。提高产品性能的方案，减少冗余设计。 （3）依据售前拿单目标，把握技术方案目标，售前方案评审，核心技术验证评审，客户信息洞察 （4）掌握数据统计及标定方法创新+实验方法+工装夹具设计，实验验证及工艺总结：通过标定方法和工装夹具校准后，实验方案实施，实验验证设备性能曲线及工艺规律。 （5）理论分析与数学建模计算：能够使用matlab、做DoE实验分析，工程方法的运用：能够熟练运用DOE、QFD、FMEA、MSA、TRIZ、直方图、SPC、线性回归、柏拉图等工程方法输出逻辑性强的设计分析实验及成果，工程方法输出逻辑性强的设计分析实验及报告，整理成PPT汇报给客户。 （6）通过以往案例，利用3D软件拼凑方案模型及概念方案、向客户展示说明方案逻辑及亮点。出2D方案图：根据零件使用基准及加工基准，标注满足精度要求的尺寸和加工符号，整理2D方案图。 5. 产品能力： （1）熟悉圆柱电池生产工艺，从涂布到密封钉焊接后喷码出货。熟悉圆柱电池，制片段，装配段各工序能做到的精度，核心参数实际水平，含义，各工序良率分类有哪些。 （2）熟悉软连接圆柱，硬连接，同侧，小圆柱全极耳结构，及其工艺流程。 （3）针对电池结构差异（材料、尺寸、形状，配合公差），可基于掌握的有关机械结构在生产中对产品制造工艺及良率影响的深刻认识，给出客户电池结构改善建议及风险预判。 6.工程能力： （1）熟练使用5M1E（人，机、料、法、环、测）方法进行设备系统问题分析梳理。 （2）可在指导下进行多因子实验设计及分析。 （3）掌握DOE分析五步法（模型选定、残差诊断、判断模型是否要改进、模型分析、验证试验）。 （4）熟悉均值-极差控制图，均值-标准差控制图，中位数-极差控制图等作用，可基于控制图进行异常分析，完善生产过程管控标准。 （5）能熟练制作输出8D报告。 （6）掌握中级以下工程师所需其他工程能力。 7. 工作经验/行业经验： （1）1、2年以上锂电池、自动化、机械设计、软件控制、仿真计算等，大专及以上学历，机械/电气/自动化类相关专业优先。 （2）有锂电行业经验优先。 工作地点 深圳龙华区科姆龙科技园b栋 以担保或任何理由索要财物，扣押证照，均涉嫌违法。一经发现， 立即举报,"软件产品,硬件产品,AI产品,NLP产品,知识图谱产品,智能问答产品,MES系统,ERP系统,CRM系统",http://www.zhaopin.com/jobdetail/CC298574210J40875415014.htm?refcode=4019&srccode=401901&preactionid=ffdf570a-b7a8-4f76-980f-9cdd14ca8ce2
产品经理,山西郎腾信息科技有限公司,4000-8000元,晋城·泽州县·大箕镇,Guangzhou,学历不限,3-5年,7月14日,zhilian,职位描述 软件产品 产业互联网平台 1.产品的市场调研、竞品分析、用户研究、需求分析、产品功能设计和交互设计； 2.制作需求文档、产品原型、产品设计图； 3.做好部门内外的沟通，确保各个协作部门对产品的充分理解； 4.做好新客户的产品演示工作，以及公司内部培训、成交客户的使用培训； 5.客户使用反馈问题收集、产品相关文档编写、产品相关数据分析等； 6.依据产品规划方向与发展计划，持续推动产品发展，制定产品变更策略及生命周期管理，持续改进与优化产品，提高用户体验； 7.公司相关质量体系文件的编制并跟踪实施，编写及管理产品需求规范，保证合理的产品设计，维护产品版本。 岗位福利： 五险+十三薪+年终奖励+出差补助+转正5天年假+提供住宿 工作地点 晋城泽州县国晨双创园101 以担保或任何理由索要财物，扣押证照，均涉嫌违法。一经发现， 立即举报,软件产品,http://www.zhaopin.com/jobdetail/CC328207780J40955343815.htm?refcode=4019&srccode=401901&preactionid=ffdf570a-b7a8-4f76-980f-9cdd14ca8ce2
产品经理,三棵树涂料股份有限公司,1.3-2万,上海·青浦·徐泾,Guangzhou,本科,经验不限,4月1日,zhilian,职位描述 建筑材料 1、负责产品需求调研与市场分析：深入研究市场动态、客户需求及竞争状况，评估市场体量与趋势，挖掘创新或改进产品的潜在机会，为产品规划提供数据支持和决策依据。 2、统筹产品全生命周期管理：对产品从开发、优化、降本到迭代的全过程进行管理，制定并执行产品路线图，确保产品在各阶段的高效运作与持续竞争力。 3、推动产品开发与上市进程：协调并督促产品研发过程，跟踪项目进度，确保产品按计划完成开发并成功上市；负责组织和协调新产品试销工作，输出试销报告。 4、负责产品上市后的优化与迭代：收集并分析产品上市后的客户反馈及市场需求变化，提出产品优化和改进建议，并监督实施，推动产品的迭代升级。 5、制定产品策略并协同市场推广：协同财务等部门监控产品销售与盈利状况，提出针对性的营销策略；制定新产品上市计划，组织协调产品的市场发布与推广活动，确保新产品快速导入市场。 工作地点 青浦区上海三棵树新材料中心 以担保或任何理由索要财物，扣押证照，均涉嫌违法。一经发现， 立即举报,建筑材料,http://www.zhaopin.com/jobdetail/CC155695310J40931170215.htm?refcode=4019&srccode=401901&preactionid=ffdf570a-b7a8-4f76-980f-9cdd14ca8ce2
产品经理,金诺视讯(山东)数字技术有限公司,6000-8000元,临沂·兰山·柳青,Guangzhou,学历不限,经验不限,7月14日,zhilian,岗位职责： 1、市场调研 其主要目的是获取用户需求，通过对市场的竞争状况及市场力量的分析，发现创新与改进产品的潜在机会。 通过调研去发现新产品的机会，并得出现有产品可改进的机会。这个阶段需要出BRD商业需求文档与MRD市场需求文档。 2、产品定义与设计 定义：产品确定需要做哪些事情，制定PRD产品需求文档；包括产品背景，目标市场，竞争分析，产品用例，产品功能的详细说明，对产品功能的优先级排序，确定其核心功能。 设计：需要确定一个产品的外观，包括考虑产品的调性，界面设计，交互设计，考虑用户体验，出产品原型图 3、项目管理 产品经理监督研发经理来推动项目进展并跟踪产品的研发进度。及时向上级领导汇报工作进度困难，及时与各团队汇报产品的进度。与团队进行有效的沟通，协调资源保证产品的按既定目标正确前进。目标是可对产品进行测试并验收。 4、产品宣讲 因为在产品的前期阶段，只是产品团队、研发团队知道这个产品，在输出产品成果的时候，需要让公司其它团队知道，并希望得到认可，获得信任与支持。方式可以采取内部推荐会，媒体资源等。用交互图来讲解会更容易让人理解。 5、市场推广 将产品推广出去，让更多的人知道并使用我们的产品。这一步非常重要，需要与运营部的配合对产品的宣传，可以通过宣传手册，制作产品的数据表，网站，flash演示，产品的发布会，展会演示等。一个好的产品同样是需要好的宣传方法来告知广大用户。 6、产品的跟踪与迭代 产品的上线后期需跟踪用户反馈的数据，分析运营的数据，通过这些信息对产品做出及时的调整。 岗位要求： 1、计算机相关专业、大专以上学历 2、3年以上产品经理工作经验 个人品质：积极向上、团队协作能力强 职位福利：五险一金、绩效奖金、节日福利、不加班、年终分红 工作地点 兰山区山东省临沂市南坊成都路鲁商中心B3座15楼 以担保或任何理由索要财物，扣押证照，均涉嫌违法。一经发现， 立即举报,"需求产品,社区产品,视频产品,数据产品",http://www.zhaopin.com/jobdetail/CC247788220J40117362512.htm?refcode=4019&srccode=401901&preactionid=ffdf570a-b7a8-4f76-980f-9cdd14ca8ce2
产品经理,广东巨农生物科技有限公司,6000-9000元,茂名·茂南区·高山镇,Guangzhou,本科,经验不限,7月18日,zhilian,职位描述 商业化产品 猪场 畜牧业 1、协助市场开发大猪场，组织实证试验，整理实证数据资料，让客户认识到巨农产品与服务的价值； 2、能适应长期出差或驻场服务环境，有较强的沟通能力； 3、跟踪产品市场反馈、质量问题，协同多部门落地产品优化； 4、本科以上，动物营养、畜牧相关专业，有相关工作经验优先； 工作地点 茂南区中粮饲料(茂名有限公司) 以担保或任何理由索要财物，扣押证照，均涉嫌违法。一经发现， 立即举报,商业化产品,http://www.zhaopin.com/jobdetail/CCL1391198050J40874593214.htm?refcode=4019&srccode=401901&preactionid=ffdf570a-b7a8-4f76-980f-9cdd14ca8ce2
产品经理,中建三局,1.2-2.4万,武汉·武昌,Guangzhou,本科,5-10年,7月6日,zhilian,"岗位职责： 1、负责图纸、模型轻量化管理平台的需求调研与业务理解； 2、根据业务需求完成产品功能原型设计； 3、负责对开发人员进行产品功能交底； 4、负责产品功能测试验证； 5、负责跟进用户使用反馈，提出产品优化迭代方案。 任职条件： 1、本科以上学历，5年以上产品岗位经验，从事过App产品设计，中后台产品设计，具有建筑地产行业类背景和工作经验者优先； 2、有4年以上项目开发经历，熟练掌握前后端开发的相关技术，熟悉面向对象编程思想； 3、有CAD、BIM类产品设计经验,从0-1产品设计经验优先； 4、能够快速理解已有产品的功能，能够适应快节奏的产品迭代； 5、有较强的业务理解能力和沟通能力； 6、有较强的文档编写能力，熟练使用各类原型设计工具，具备AI编程能力。 薪资面议 工作地点 武汉武昌区新时代商务中心 以担保或任何理由索要财物，扣押证照，均涉嫌违法。一经发现， 立即举报",人工智能,http://www.zhaopin.com/jobdetail/CC673825220J40850651701.htm?refcode=4019&srccode=401901&preactionid=ffdf570a-b7a8-4f76-980f-9cdd14ca8ce2
产品经理,沃科智融(北京)科技有限公司,6000-12000元,成都·武侯·机投桥,Guangzhou,本科,经验不限,3月3日,zhilian,岗位职责： 1、负责产品线的产品规划、设计和产品生命周期管理； 2、基于用户体验设计理念，结合用户需求和产品技术架构，完成产品/功能的概念设计和原型展示； 3、在软件开发前，完成交付给开发和测试团队产品需求文档，功能定义，协同用户体验设计师完成视觉设计，用户界面（UI），交互设计等详细设计文档； 4、协调技术开发人员，跟踪产品开发进度，完成产品的开发、测试、版本管理，评审发布，产品上线等相关工作； 5、协同研发团队监督确保产品开发的合理架构、优化方案、资源落实和项目进度； 6、跟踪上线产品的市场效果、用户反馈，收集和主动挖掘改进需求，根据业务需要持续改进产品，提升用户体验； 任职要求 1、本科及以上学历；计算机或软件相关专业毕业。 2、逻辑性强，具有比较好的文字表达能力， 3、良好的沟通、协调能力； 4、具备持续学习，和随时学习的能力。以及与此相应的 职位福利：绩效奖金、包住、带薪年假、员工旅游、每年多次调薪 工作地点 成都市武侯区人民法院 以担保或任何理由索要财物，扣押证照，均涉嫌违法。一经发现， 立即举报,"CRM系统,ERP系统,OA系统,PC端产品,B端产品,C端产品,移动端产品,小程序产品",http://www.zhaopin.com/jobdetail/CCL1351295310J40734949515.htm?refcode=4019&srccode=401901&preactionid=ffdf570a-b7a8-4f76-980f-9cdd14ca8ce2
产品经理,泰康人寿保险有限责任公司,1.5-3万,深圳·罗湖·笋岗,Guangzhou,大专,经验不限,9月22日,zhilian,岗位职责: 1.为客户提供专业的财产咨询服务，帮助客户进行资产管理和投资规划； 2.维护和拓展客户关系，通过有效的沟通了解客户的财务状况和需求； 3.制定个性化的理财方案，指导客户进行合理的投资组合配置； 4.定期跟踪市场动态，更新理财知识，以提供更准确的理财建议； 5.与客户保持良好沟通，确保服务过程中的问题能够及时解决。 任职要求： 1.具备良好的沟通能力和服务意识，能够准确理解客户需求； 2.有较强的市场分析、营销、规划能力； 3.对理财市场有浓厚的兴趣，愿意不断学习和提高自我； 4.具有良好的团队合作精神，能够与团队成员共同完成工作目标； 5.具备一定的客户资源和市场分析能力，能够为客户提供专业的理财规划。 岗位职责： 1.具有良好的抗压能力， 2.该行业有区别于传统的销售行业，与大客户交流，需要具备一定的面销能力 3.有一定的职业规划，本工作适合长期发展深耕 4.大学本科以上的学历，优秀的放宽到大专 岗位福利: 1.双休、 2.旅游方案、 3.节假日福利、 4.年终奖、 5.季度奖、 6.方案奖、 7.培训学习 工作地点 深圳市-罗湖区-梨园路333号 以担保或任何理由索要财物，扣押证照，均涉嫌违法。一经发现， 立即举报,"保险,投资与资产管理,企业服务",http://www.zhaopin.com/jobdetail/CC229745320J40790460301.htm?refcode=4019&srccode=401901&preactionid=ffdf570a-b7a8-4f76-980f-9cdd14ca8ce2
产品经理,今麦郎食品股份有限公司,1.5-3万,邢台·隆尧县·西郭城镇,Guangzhou,本科,经验不限,7月14日,zhilian,职位描述 国内市场 职责描述： 一、新产品开发与上市 1、负责新产品的概念制定、调研、开发、相关设计、组织各部门沟通 2、负责产品上市计划制定，上市过程执行监控及上市后跟踪 3、负责产品包装、材料的设计与整合\专利\商标的申请的设计开发与审核 4、负责产品梳理、产品结构及利润结构的制定与调整工作 5、负责品类市场信息的收集，整理分析，制作分析报告 6、了解分析本产品的竞争环境、竞争对手，不同区域市场特点、媒介环境，并对竞争对手进行分析和研究，以及准确把握市场动态 7、产品生命周期管理负责产品上市前需求、上市、市场运作、产品发展、产品淘汰的全部生产 二、既有产品管理 1、负责产品梳理、产品结构及利润结构的制定与调整工作 2、负责产品包装设计、口味精进 3、负责品类市场信息的收集，整理分析，发觉新机会（新口味、规格、包 4、产品生命周期管理负责产品市场运作、产品发展、产品淘汰的全部生命历程的管理 5、建立产品手册，体现销售数量、毛利。 三、团队管理 1、制定产品专员培训计划、培训教案编写 2、文件管理 3、包装审核流程 4、参与指导公司重要的活动 5、有效协调、管理产品组团队人员，保证工作顺利、高效执行 任职要求： 1、国家统招本科及以上学历 2、市场营销、经济管理类相关专业 3、5年（含）以上快速消费品产品管理工作经验 4、专业知识扎实，从事过产品开发工作 5、逻辑关系强、沟通能力强，思维敏捷、原则性强、工作认真严谨 6、产品管理、市场营销、包装、设计、市场动态、市场调研等相关培训 职位福利：五险一金、带薪年假、餐补、绩效奖金、交通补助、通讯补助 工作地点 邢台隆尧县今麦郎集团办公大楼 以担保或任何理由索要财物，扣押证照，均涉嫌违法。一经发现， 立即举报,国内市场,http://www.zhaopin.com/jobdetail/CC377497230J40366160209.htm?refcode=4019&srccode=401901&preactionid=ffdf570a-b7a8-4f76-980f-9cdd14ca8ce2
产品经理,深圳市容面互联网信息服务有限责任公司,1-1.8万,深圳·南山·南头,Guangzhou,大专,1-3年,7月24日,zhilian,岗位职责 1、协助完成电商或消费类软件产品的需求调研与竞品分析； 2、负责基础功能规划、原型设计以及产品文档（PRD）的编写； 3、配合研发与运营团队，跟进产品开发进度，确保按时上线； 4、参与产品上线后的数据收集与用户反馈，协助整理优化方案； 5、学习电商行业前沿动态与消费软件趋势，遵守公司产品管理规范 任职要求 1、大专及以上相关专业，1年以上互联网产品经理经验； 2、熟练使用Axure/墨刀等原型设计工具，具备基础的数据分析能力； 3、对电子商务、消费类软件或SaaS系统有一定认知，有B端或C端产品经验优先； 4、学习能力强，配合度高，工作细致且具备较强的逻辑沟通能力。 福利待遇 1、综合薪资10000-18000元； 2、薪资结构：无责底薪+绩效+项目奖+年终分红； 3、入职五险一金、带薪年假、法定节假日、节日福利、年度体检、月度团建； 4、支持专业学习报销、技能考证补贴，带薪岗前培训、资深产品专家一对一带教； 5、扁平化管理、朝九晚六周末双休、极少加班，办公环境舒适。 工作地点 深圳市-南山区-桃园路1号 以担保或任何理由索要财物，扣押证照，均涉嫌违法。一经发现， 立即举报,"产业互联网平台,互联网电商",http://www.zhaopin.com/jobdetail/CCL1523359760J40957616415.htm?refcode=4019&srccode=401901&preactionid=d5abb9d7-aaea-40e8-b28d-57cfc90aca98
产品经理,广州翰特网络科技有限公司,2-4万,上海·松江·中山,Guangzhou,大专,经验不限,7月1日,zhilian,岗位职责： 1、负责统筹OA类硬件产品规划与管理； 2、负责调研并根据行业状况、消费者的需求、竞争状况，做出产品分析，挖掘市场需求及痛点解决； 3、对接各部门，负责产品策略，定位定价、推广策略等产品全生命周期管理工作，包括产品上线前的准备工作、上线后的用户反馈收集和问题处理。 4、负责新品类开发及品类结构规划。 岗位要求： 1、大学专科及以上学历。专业不限； 2、有产品企划相关工作经验优先； 3、具有较强的逻辑思维能力、市场敏感性高，良好的分析及解决问题的能力； 4、开朗活跃，积极主动，良好的团队合作意识；良好的协调沟通能力，责任感强，较强的抗压能力。 工作地点 上海松江区晨光公司6楼 以担保或任何理由索要财物，扣押证照，均涉嫌违法。一经发现， 立即举报,"家电,3C,电子产品",http://www.zhaopin.com/jobdetail/CCL1203438360J40844901814.htm?refcode=4019&srccode=401901&preactionid=d5abb9d7-aaea-40e8-b28d-57cfc90aca98
产品经理,深圳启奥人工智能科技有限公司,7000-10000元,临沂·罗庄·盛庄,Guangzhou,本科,1-3年,7月15日,zhilian,"岗位职责 1、对接业务、客户调研需求，梳理产品逻辑，输出产品方案、原型图、PRD 需求文档； 2、协调研发、UI、测试，把控项目排期，跟进开发进度，解决研发需求疑问； 3、产品上线验收、收集使用反馈，持续迭代优化功能，BUG 跟进闭环； 4、编写产品使用手册，配合销售做产品演示、售前需求对接。 任职要求 1、本科及以上。2 年及以上专职软件产品经理工作经验， 独立负责过多款互联网产品,例如xxAPP,最大日活超过5万； 2、熟练使用 Axure、Visio、思维导图等产品工具，精通需求拆解与文档编写； 3、具备良好跨部门沟通能力，逻辑清晰，能把控项目进度；了解软件开发流程优先。4、有创新新思维,能够及时和上级领导沟通 三、薪资福利 薪资：7000–10000 元 ，能力突出者可面议； 福利：五险； 作息：白班，常规节假日休息。 四、工作地点 临沂市罗庄区盛庄街道 山东尖兵电子科技技术部 工作地点 临沂罗庄区尖兵联购物广场 以担保或任何理由索要财物，扣押证照，均涉嫌违法。一经发现， 立即举报",C端产品,http://www.zhaopin.com/jobdetail/CCL1515227700J40854916111.htm?refcode=4019&srccode=401901&preactionid=d5abb9d7-aaea-40e8-b28d-57cfc90aca98
产品经理,北京青藤云网络科技有限公司,1.4-1.6万·13薪,北京·海淀·上地,Guangzhou,本科,经验不限,7月10日,zhilian,职位描述 AI产品 一、工作职责: 1、参与公司内部产品的全面规划与设计，确保产品功能满足市场需求及企业战略目标； 2、作为跨部门沟通的桥梁，与技术、运营、销售等部门紧密协作，推动产品从概念到上线的全过程，包括需求分析、产品设计、开发跟进、测试验收及用户培训等； 3、持续关注市场动态与用户需求，通过数据分析、用户反馈等手段，不断优化产品功能，提升用户体验，实现产品的持续迭代与升级； 二、任职资格: 1、2025年1月-2026年7月国内外应届毕生生，本科及以上学历，985/211优先，专业不限，欢迎理工类、计算机类、商科类、经管类、心理学、管理学等各专业背景的优秀毕业生加入。 2、对互联网行业有浓厚兴趣，愿意学习并投身于快速发展的互联网行业，关注用户体验，对产品设计有热情； 3、熟练使用Axure、XMind、Visio、墨刀等工具完成原型与流程图设计；具备基础数据能力：熟练使用SQL查询数据，掌握Excel/Tableau数据可视化； 3、具备良好的逻辑思维能力和解决问题的能力，能够快速学习新知识，适应快节奏的工作环境； 4、优秀的沟通协调能力和团队合作精神，能够跨部门协作，有效推动项目进展； 5、加分项：有产品相关实习经验、项目经验或在校期间有成功策划、执行过产品项目者优先考虑。 工作地点 北京市海淀区上地西路8号B座 以担保或任何理由索要财物，扣押证照，均涉嫌违法。一经发现， 立即举报,AI产品,http://www.zhaopin.com/jobdetail/CCL1513814620J40746304206.htm?refcode=4019&srccode=401901&preactionid=d5abb9d7-aaea-40e8-b28d-57cfc90aca98
产品经理,中国一汽,2-2.5万,北京·石景山·古城,Guangzhou,本科,5-10年,7月7日,zhilian,职位描述 产品定义、产品创新 工作职责 1. 负责数字座舱魅点产品场景创新、产品定义、数据分析与用 户体验优化； 2. 负责大模型 Agent 架构产品架构设计及详细设计； 3. 负责大模型内外生态服务构建及详细设计。 工作地点 石景山区中电科北京信息科技大厦 以担保或任何理由索要财物，扣押证照，均涉嫌违法。一经发现， 立即举报,产品定义、产品创新,http://www.zhaopin.com/jobdetail/CC000444240J40918587512.htm?refcode=4019&srccode=401901&preactionid=d5abb9d7-aaea-40e8-b28d-57cfc90aca98
产品经理,安徽省博广运环保科技有限公司,1.5-2.5万,合肥·包河·淝河,Guangzhou,本科,经验不限,12月17日,zhilian,岗位职责 1.负责智慧环保IoT平台 相关软件产品的规划、设计与迭代； 2.负责物联网设备数据接入（如蓝牙、LoRa、NB-IoT、UWB 等），设计设备管理、数据分析、可视化等核心功能模块 ； 3.参与智慧环保等行业应用场景（如水设备接入和数据监测分析、大气环境监测、土壤监测等）的产品方案制定，并推动落地实施； 4.从产品全生命周期规划产品的框架、设计、功能及版本迭代，熟练使用Axure、Adobe XD等产品设计工具输出产品需求文档、产品原型设计、交互设计、界面布局等，制定产品版本迭代计划； 5.负责对接 客户收集反馈，优化产品体验，提高市场竞争力； 6.负责视频监控算法应用产品的规划设计； 7.了解产品认证体系及流程，制定产品相关知识产权认证标准，对产品的技术创新点进行挖掘和整理，申请专利、软件著作权等知识产权保护。 任职要求 1.5-10年软件产品经理经验，有IoT平台、智慧环保、智慧园区、智慧水务、工业物联网等相关经验优先 2.熟悉智慧环保等行业前沿动态，推进产品市场调研分析，深入了解市场需求、用户痛点及潜在机会，对市场竞品进行全面深入的分析，评估其优势与劣势 3.熟悉物联网架构，包括设备接入、数据采集、边缘计算、云平台、数据分析等，具备实际产品落地经验。 4.有SaaS/PaaS产品经验，了解产品商业化模式，具备数据增值服务设计能力者优先。 5.了解智慧环保行业标准，熟悉环境指标监测、设备监测、能耗管理、安全监测等应用场景。 6.具备较强的项目管理能力，能够跨部门协调资源，推动产品按计划交付。 工作地点 合肥包河区安徽省博广运环保科技有限公司A栋2层 以担保或任何理由索要财物，扣押证照，均涉嫌违法。一经发现， 立即举报,"物联网,环保",http://www.zhaopin.com/jobdetail/CCL1264606780J40804092914.htm?refcode=4019&srccode=401901&preactionid=d5abb9d7-aaea-40e8-b28d-57cfc90aca98
产品经理,方圆标志认证集团安徽有限公司,5000-10000元,合肥·包河·包公,Guangzhou,本科,经验不限,7月16日,zhilian,岗位职责: 1、负责产品认证业务初次开发、二次开发、产品非认证业务开发、培训业务开发，完成部门分配的市场开发任务; 2、熟练掌握产品认证系统，熟悉项目受理、实验室报告审查等相关工作； 3、熟练掌握防爆场所及防爆产品检查项目各项内容。 二、岗位能力及经验要求： 1、大学本科及以上，机电一体化、电气工程、自动化等相关专业优先； 2、前期需前往方圆上海检测中心培训约1年时间； 3、3年以上企业工作经验，从事产品认证领域技术管理、检验检测机构工作经历； 4、具有CCAA产品认证检查员资质，从事过电气类产品3C认证或自愿性认证者优先考虑； 5、有C类驾驶证，驾驶技术熟练。 工作地点 合肥包河区方圆标志认证集团安徽有限公司 以担保或任何理由索要财物，扣押证照，均涉嫌违法。一经发现， 立即举报,机械、电气、自动化专业,http://www.zhaopin.com/jobdetail/CC397653220J40880279805.htm?refcode=4019&srccode=401901&preactionid=d5abb9d7-aaea-40e8-b28d-57cfc90aca98
产品经理,上海榜样投资管理有限公司,9000-15000元,上海·长宁·江苏路,Guangzhou,本科,经验不限,7月18日,zhilian,岗位职责： 1、负责整理运营资料及客户档案； 2、负责合同的收发、审核、寄送等； 3、跟踪目标领域投资项目前沿发展动态，对金融产品市场及需求进行挖掘研究，及时提出合理性、建设性意见供公司管理层参考； 4、私募基金产品研发、设计，制定产品推广和解决方案，撰写各类分析报告及实施方案； 5、撰写产品推介资料 6、负责对内对外的沟通与协调、紧急突发事件与复杂问题的处理。 任职要求： 1、本科及以上学历，金融、财务、经济、投资等相关专业； 2、计算机应用熟练，精通OFFICE办公软件操作； 3、熟悉证券投资基金、相关法律法规、运作模式及操作流程，能熟练编写相关文件，具备优秀文案撰写能力； 4、具备出色的协调与谈判能力。 工作地点 上海长宁区江苏路369号兆丰世贸大厦21H 以担保或任何理由索要财物，扣押证照，均涉嫌违法。一经发现， 立即举报,基金,http://www.zhaopin.com/jobdetail/CC294266230J40656611510.htm?refcode=4019&srccode=401901&preactionid=d5abb9d7-aaea-40e8-b28d-57cfc90aca98
产品经理,江苏鱼跃医疗设备股份有限公司,2-3.5万·13薪,苏州·虎丘·东渚,Guangzhou,本科,5-10年,3月2日,zhilian,岗位职责 1、市场洞察与规划 跟踪行业政策、技术趋势及竞品动态，输出分析报告； 调研临床需求（医院、医生、患者），制定产品路线图与差异化策略。 2、产品全周期管理 定义产品需求（功能、性能、合规性），撰写PRD文档； 协同研发、生产、质量部门完成开发、临床验证及量产； 支持注册团队完成13485、GMP、FDA、CE等认证。 3、商业化支持 分析上市后表现（销量、市场份额、不良事件），优化产品； 协助销售团队制定定价、渠道策略，参与商务谈判。 4、跨部门协作与风控 对接多部门确保符合ISO 13485、GMP等质量体系； 识别技术、供应链、法规风险，制定应对预案。 岗位要求 1. 医学、生物医学工程等相关专业本科及以上学历；必须拥有消费电子/智能硬件产品从0到1完整上市经验；有医疗器械、健康硬件背景者极大优先。 2. 具备出色的‘翻译’能力，能在工程师、中医专家、营销人员和终端用户之间自如转换语言，凝聚共识。 3. 具备创业精神，能以最小化可行产品（MVP）快速验证市场，并对产品的商业成功（P&L）有强烈责任心。互联网思维强 工作地点 虎丘区苏州鱼跃医疗科技有限公司(东南门)锦峰路9号 以担保或任何理由索要财物，扣押证照，均涉嫌违法。一经发现， 立即举报,"硬件产品,电商产品",http://www.zhaopin.com/jobdetail/CC199971310J40874793603.htm?refcode=4019&srccode=401901&preactionid=d5abb9d7-aaea-40e8-b28d-57cfc90aca98
产品经理,河南崛起集团实业有限公司,5000-10000元,濮阳·华龙区·长庆路街道,Guangzhou,大专,1-3年,7月15日,zhilian,职位描述 C端产品 互联网新零售 • 大专及以上学历，1年以上新零售、线下门店产品相关工作经验者优先，有供应链资源者加分。 • 负责门店全品类产品的筛选、引进、优化及品控管理工作，搭建完善的产品体系，结合市场需求调整产品结构。 • 深度对接门店线下销售、主播直播带货、新媒体推广三大场景，精准挑选高性价比、高适配度、高市场热度的产品，严格把控产品质量与采购成本，控制库存损耗。 • 开展门店员工产品知识培训，同步产品卖点、使用方法及售后注意事项，助力一线销售及主播高效推广，推动门店业绩与品牌影响力双重增长。 • 跟踪产品销售数据，分析产品滞销、畅销原因，及时优化产品组合，对接供应商完成补货、退换货等事宜，维护良好的合作关系。 • 具备较强的市场洞察力、谈判能力和责任心，思维缜密，善于捕捉行业趋势，能快速响应市场变化。 工作地点 河南省濮阳市华龙区丽都路72号 以担保或任何理由索要财物，扣押证照，均涉嫌违法。一经发现， 立即举报,C端产品,http://www.zhaopin.com/jobdetail/CCL1286639380J40936356815.htm?refcode=4019&srccode=401901&preactionid=d5abb9d7-aaea-40e8-b28d-57cfc90aca98
产品经理,比亚迪股份有限公司,1.7-2.5万,深圳·坪山·马峦,Guangzhou,本科,5-10年,7月26日,zhilian,职位描述 汽车零部件 1、负责转向盘的产品开发和系统匹配； 2、负责产品线相关的功能需求、法律法规、新工艺新材料等方面的市场调查研究； 3、参与制定产品技术战略、平台规划与路线规划，并监控实施； 4、依据风险物料管控计划，实施二供开发及零部件验证工作，推动技术问题的解决，按时保质完成产品开发工作； 5、主导售后质量问题的整理、分析与改善工作，及时高效地解决产品问题，提高客户满意度。 工作地点 坪山区广东省深圳市坪山新区比亚迪路3009号 以担保或任何理由索要财物，扣押证照，均涉嫌违法。一经发现， 立即举报,汽车零部件,http://www.zhaopin.com/jobdetail/CC132962990J41002229002.htm?refcode=4019&srccode=401901&preactionid=d5abb9d7-aaea-40e8-b28d-57cfc90aca98
产品经理,杭州雅格新创科技有限公司,6000-8000元,温州·鹿城区·七都街道,Guangzhou,本科,3-5年,7月10日,zhilian,"岗位职责】 1. 独立负责新业务线产品，分析挖掘用户需求，进行产品功能规划和落地； 2. 与各团队紧密配合，推动项目快速进行，实现版本的快速上线，协调推进达成产品目标； 3. 参与业务数据分析,根据后续反馈结果对产品进行优化,不断丰富和完善产品功能； 4. 对业务和市场有敏感度，熟悉b端/c端业务，独立完成目标拆解和路径规划 【工作要求】 1. 本科及以上学历，5年以上大数据、AI相关领域产品经验，熟练行业应用软件及云计算优先 2. 有独立负责产品的经验，对产品的各个阶段以及用户需求有较深入的理解；有较强的数据分析能力 3. 思维活跃，具备创新意识，持续学习能力强，喜欢尝试新鲜事物，有新业务拓展能力 4. 优秀的沟通协调能力，善于进行团队合作，具有一定的项目管理经验 工作地点 温州鹿城区中国智能谷A8幢一楼 以担保或任何理由索要财物，扣押证照，均涉嫌违法。一经发现， 立即举报","B端产品,移动端产品,PC端产品,智慧城市,支付产品,工具产品,SaaS,智慧园区",http://www.zhaopin.com/jobdetail/CC832784490J40734555516.htm?refcode=4019&srccode=401901&preactionid=d5abb9d7-aaea-40e8-b28d-57cfc90aca98
产品经理,东晟(广东)科技开发有限公司,4000-8000元,佛山·南海·桂城,Guangzhou,大专,1-3年,7月14日,zhilian,职位描述 医疗器械 1. 负责公司产品在医院相关科室的宣传和推广工作； 2. 按照公司要求协助开展所辖区域内工作； 3. 配合学术专员组织和实施科室会推广活动； 收集当地市场信息、客户信息整理筛选并及时反馈。 工作地点 佛山南海区联东科创园2号楼502 以担保或任何理由索要财物，扣押证照，均涉嫌违法。一经发现， 立即举报,医疗器械,http://www.zhaopin.com/jobdetail/CCL1460382210J40792782814.htm?refcode=4019&srccode=401901&preactionid=d5abb9d7-aaea-40e8-b28d-57cfc90aca98
产品经理,迪康药业,1.2-2万,成都·郫都·犀浦,Guangzhou,本科,3-5年,7月25日,zhilian,岗位职责: 1、对所负责产品及竞品进行市场洞察与分析，细分并确定目标市场和产品市场定位，制定产品推广策略； 2、制定产品年度推广计划，为产品推广策略配置落地的项目及活动，负责开展产品推广策略、项目、产品知识的内外部培训，跟进培训效果，不断优化内容； 3、通过对产品与竞品的动态分析、市场及客户洞察，深挖产品差异化卖点，并将产品卖点、推广点转化成适用于业务团队及客户能理解、易使用的语言、话术； 4、根据不同事业部及细分渠道属性，制作适用于不同场景、面向不同人群的产品推广工具，并持续优化。 任职要求: 1、本科以上学历，中药学相关专业； 2、3年以上相关岗位工作经验； 3、有产品规划、分析能力； 4、过往有操作过中药/中成药类产品。 工作地点 郫都区成都迪康药业股份有限公司 以担保或任何理由索要财物，扣押证照，均涉嫌违法。一经发现， 立即举报,otc,http://www.zhaopin.com/jobdetail/CC120997570J40787636805.htm?refcode=4019&srccode=401901&preactionid=d5abb9d7-aaea-40e8-b28d-57cfc90aca98
产品经理,天津市政工程设计研究总院有限公司,1-1.5万,天津·南开·水上公园,Guangzhou,本科,3-5年,10月14日,zhilian,岗位职责： 1协助上级产品经理收集用户需求、业务需求，整理需求清单并初步分类。 2配合完成产品需求文档（PRD）、原型图（Axure 基础绘制）的辅助编写工作，确保内容清晰易懂。 3跟进研发进度，定期同步需求落地情况，反馈简单问题给相关团队。 4参与产品测试环节，记录基础功能 bug，协助整理测试报告。 5协助维护产品基础文档，如更新功能说明、操作手册等。 6配合完成产品上线后的简单用户反馈收集，整理成基础报告。 任职要求： 1本科及以上学历，产品管理、计算机、市场营销等相关专业优先。 2 3年产品相关经验，应届生或有基础产品协助经验者均可。 3会使用 Axure、Visio 等基础工具绘制简单原型和流程图。 4了解基础产品开发流程，能看懂需求文档。 5具备基础沟通能力，能配合团队传递需求信息。 6工作态度认真，熟悉开发流程，能按时完成基础辅助任务，接受劳务派遣形式。 工作地点 天津南开区欣苑公寓 以担保或任何理由索要财物，扣押证照，均涉嫌违法。一经发现， 立即举报,产业互联网平台,http://www.zhaopin.com/jobdetail/CC557311420J40883558015.htm?refcode=4019&srccode=401901&preactionid=d5abb9d7-aaea-40e8-b28d-57cfc90aca98
产品经理,南方黑芝麻集团股份有限公司,4000-7000元,南宁·青秀·南湖,Guangzhou,本科,1-3年,7月25日,zhilian,岗位职责： 1.开展食品行业市场调研，跟踪行业爆款产品、竞品品类、消费趋势，收集消费者口味偏好、饮食需求、购买习惯等信息，整理调研数据并形成分析报告。 2.完成产品规划、包装设计、卖点提炼、营销策略等工作，撰写产品相关方案、需求文档，跟进产品从研发立项到上市落地、市场反馈的全流程。 3.负责与研发、生产、销售及订单管理等跨部门沟通协调，做好会议记录、任务跟踪与闭环督办，及时协调解决产品推进中的常规问题，确保项目平稳有序落地。 4.整理产品相关的设计稿件、文档资料、样品信息、供应商资料等，维护相关资料，完成其他日常业务工作。 任职要求： 1. 学历背景：本科及以上学历，食品科学与工程、市场营销等相关专业优先，有食品行业相关工作经验者优先。 2.行业认知：对食品行业有浓厚兴趣，了解食品研发、生产、销售基本流程，熟悉食品消费市场趋势，热爱美食、对食品口味和品质有敏感度者优先。 3.能力素养：具备良好的逻辑思维、沟通表达能力和执行力，工作细心严谨、责任心强，有较强的学习能力和团队协作意识，能高效完成各项工作。 4.技能要求：熟练使用各类办公软件及AI工具。 5.职业态度：积极主动，抗压能力强，愿意深入食品行业学习成长，认同公司产品理念，对食品品质和用户体验有追求。 工作地点 南宁青秀区黑芝麻大厦 以担保或任何理由索要财物，扣押证照，均涉嫌违法。一经发现， 立即举报,食品/饮料/酒水批发/零售/贸易,http://www.zhaopin.com/jobdetail/CC407887410J40957477315.htm?refcode=4019&srccode=401901&preactionid=d5abb9d7-aaea-40e8-b28d-57cfc90aca98
产品经理,深圳市易港汇科技有限公司,1.2-1.8万,深圳·龙华·龙华,Guangzhou,大专,经验不限,6月25日,zhilian,岗位职责 1. 负责项目全流程产品工作，重点聚焦线上商城、SaaS系统相关需求调研、需求分析、可行性分析，独立完成原型设计及需求文档（PRD）编写，确保需求精准落地。 2. 负责线上商城、SaaS系统等产品开发过程中的资源协调、跨团队（研发、测试、运营等）沟通跟进，把控项目进度与质量，保障产品按时、按质上线。 3. 持续关注线上商城、SaaS领域用户需求及竞品动态，主动收集用户反馈，分析用户行为数据，挖掘潜在需求，推动产品迭代优化、体验升级。 4. 编写线上商城、SaaS系统相关产品使用手册、操作指南，配合业务部门完成产品落地推广；高效完成上级主管交办的各类工作事项。 任职要求 1. 具备良好的逻辑思维、分析判断能力，能精准捕捉线上商城、SaaS系统相关用户需求，并转化为可落地的产品方案。 2. 熟悉Axure、Sketch、墨刀等常用产品设计工具，能独立完成线上商城、SaaS系统相关原型设计、需求文档编写。 3. 具备较强的沟通协调能力、执行力和问题解决能力，能有效推动跨团队协作，高效推进项目落地。 4. 对互联网产品（重点是线上商城、SaaS系统）有深入了解，对产品设计、功能创新及用户体验有浓厚兴趣和探索欲。 5. 熟练使用AI工具辅助产品工作；有线上商城（电商类）、SaaS系统相关产品工作经验者优先，有潮玩相关项目经验者加分！！！ 我们是大小周工作制 上午9；30-12；00 下午13；30--19；00 五险！公司地理位置靠近地铁站和公交站，通勤方便！！ 工作地点 广东省深圳市龙华区龙华街道龙观东路57号102室 以担保或任何理由索要财物，扣押证照，均涉嫌违法。一经发现， 立即举报,"AI产品,电商产品,潮玩,SAAS系统,线上商城",http://www.zhaopin.com/jobdetail/CCL1501435190J40844980811.htm?refcode=4019&srccode=401901&preactionid=d5abb9d7-aaea-40e8-b28d-57cfc90aca98
产品经理,华润雪花,1.5-2.5万·13薪,深圳·宝安·新安,广州,本科,经验不限,7月10日,zhilian,职位描述 电子商务 【工作职责】 1.负责啤酒积分拍卖行交易所平台的产品搭建、功能迭代优化，持续完善竞拍、积分兑换等全流程产品体系。 2.研究积分拍卖业务配套运营策略，梳理并输出标准化运营SOP、完整运营手册，规范平台日常交易、商家与用户运营流程。 3.跟踪酒水行业市场、政策发展趋势，开展行业市场洞察分析，定期输出行业全景报告，为平台产品迭代、运营策略调整提供依据。 【任职条件】 1.本科及以上学历。 2.有酒水交易所、一物一码积分、线上竞拍平台相关产品落地经验者优先。 3.具备B2B/B2C交易类平台完整产品搭建与迭代经验，能独立负责积分拍卖、线上交易类业务从需求调研、方案设计到版本迭代全流程工作，熟悉积分流转、竞拍、商品兑换等交易系统逻辑。 4.具备良好跨部门协同、逻辑梳理与方案撰写能力、业务运营策略研究能力，可结合平台交易场景梳理标准化运营流程，独立输出运营SOP、运营操作手册，能联动运营团队落地配套经营玩法。 5.拥有快消、酒水行业市场洞察能力，可主动跟踪行业政策、市场发展趋势，定期输出行业全景分析报告，以市场洞察反哺产品规划与迭代优化。 奖金绩效 六险二金、餐补、话补、交补、带薪年假、年终奖金 工作地点 深圳宝安区中粮创芯研发中心 以担保或任何理由索要财物，扣押证照，均涉嫌违法。一经发现， 立即举报,电子商务,http://www.zhaopin.com/jobdetail/CC133030060J40788125106.htm?refcode=4019&srccode=401901&preactionid=820a7d4e-2860-440d-9b4b-c3498269cf40
产品经理,邢台金沙河面业有限责任公司,7000-8000元,邢台·南和区·河郭镇,广州,本科,经验不限,7月23日,zhilian,职位描述 食品/饮料/酒水批发/零售/贸易 一、工作内容： 1、品牌规划以及新产品的研发。比如面粉板块、挂面板块的等其他公司产品板块的研发 2、对接产品logo设计、包装系列设计和研究。 3、市场调研和用户分析即产品市场前景分析。 4、通过各渠道对产品进行发布和宣传（类似产品发布会等方式） 5、根据市场反馈优化产品 二、岗位要求 ①本科及以上，不限专业。接受出差 ②有较强的文字功底和语言沟通能力，能够协同各岗位做产品研发工作 三、福利待遇 实习期（1-3月）：4000-6000元 转正后：7000-8000元 吃住实报实销 、缴纳五险、每月7号前发工资、父母生日蛋糕、定期团建、节日福利、父母体检卡、年底福利、年底慰问、内部晋升、部门奖励等 实习产品经理：7500-8000 一级产品经理：8000-9000 二级产品经理：9000-10000 三级产品经理：10000-13000 四、晋升路径：物流实习（1-3个月）-实习产品经理-一级产品经理-二级产品经理-三级产品经理 五、岗位优势 粮食加工民生企业，发展前景广阔，业务发展稳定，晋升路径明确 团队多为00后，扁平化管理，接受无经验应届毕业生，一对一0基础培训 六、公司地址：河北省邢台市南和区和阳大街619号 联系方式：*********** 工作地点 邢台金沙河面业集团邢台市南和区和阳大街619号 以担保或任何理由索要财物，扣押证照，均涉嫌违法。一经发现， 立即举报,食品/饮料/酒水批发/零售/贸易,http://www.zhaopin.com/jobdetail/CC296069730J40796116105.htm?refcode=4019&srccode=401901&preactionid=820a7d4e-2860-440d-9b4b-c3498269cf40
产品经理,贵州锦汇商贸有限公司,6000-12000元,铜仁·河西街道,广州,学历不限,经验不限,7月25日,zhilian,"职位描述 安全产品 智慧服务 电商产品 网络安全产品 数据安全产品 智慧城市 智能制造 智慧社区 贸易/进出口 互联网电商 产业互联网平台 💰薪资福利 1⃣️有责底薪：5k-1w,＋抽成＋奖金，上不封顶。 2⃣️无责底薪：每日300＋上不封顶，日结 🇨🇳招聘岗位: 电脑简单操作员，贸易员，公司管理，可晋升合作伙伴 🇨🇳岗位需求: 会电脑基本操作，头脑灵活，有无经验均可，公司提供免费培训，有专业人员全程指导。 上班时间，早上9:30﹣下午4点 不用出差，不用打电话，不用聊天，不用找客户 工作地址，南岳清水湾 工作地点 贵州省铜仁市碧江区南岳大道1号2205 以担保或任何理由索要财物，扣押证照，均涉嫌违法。一经发现， 立即举报","安全产品,智慧服务,电商产品,网络安全产品,数据安全产品,智慧城市,智能制造,智慧社区",http://www.zhaopin.com/jobdetail/CCL1521341840J40864399613.htm?refcode=4019&srccode=401901&preactionid=820a7d4e-2860-440d-9b4b-c3498269cf40
产品经理,山东云鲸信息科技有限公司,4000-5000元,济南·历城·东风,广州,大专,经验不限,4月12日,zhilian,岗位职责 负责公司软件 / 平台产品的需求调研、竞品分析与产品规划，制定产品路线图 输出产品原型、PRD 需求文档，推动研发、设计、测试落地，把控项目进度与质量 跟进产品上线后的用户反馈与数据表现，持续优化产品功能与体验 协调跨部门资源，推进产品迭代，保障产品目标与业务价值达成 任职要求 熟悉产品设计流程，能独立完成需求分析、原型设计与文档撰写 具备良好的逻辑思维、沟通表达能力与项目推进能力 工作地点 济南市-历城区-二环东路3966号 以担保或任何理由索要财物，扣押证照，均涉嫌违法。一经发现， 立即举报,"产业互联网平台,企业服务",http://www.zhaopin.com/jobdetail/CCL1478645690J40858354405.htm?refcode=4019&srccode=401901&preactionid=820a7d4e-2860-440d-9b4b-c3498269cf40
产品经理,正大集团,6000-9000元·13薪,衡水·郑口镇,广州,本科,经验不限,7月26日,zhilian,岗位职责： 1、负责与正大零售业务方（卜蜂莲花超市、正大会员店、正大优鲜店等）沟通需求，收集整理需求，发现问题，解决问题； 2、根据产品及业务需求，负责一线业务需求转化，需求文档&开发文档的撰写、流程化、标准化； 3、负责系统上线、产品测试、产品培训，产品推广； 4、优秀的通过选拔，快速作为项目经理，负责相关项目的进整体进度； 任职要求： 1、2022年应届及2021年毕业的统招本科以上，计算机相关专业，产品设计相关专业； 2、有实习项目经验优先；党员或者学生会主席或者团支书的优先；英语四级以上，听说读写熟练优先；有留学或海外工作经验优先； 3、沟通能力强，善于演讲、制作ppt，有商业思维，用户思维，有创业思维，有商业头脑，有新零售、电商营销项目实习经验优先； 职位福利：五险一金、绩效奖金 工作地点 衡水故城县高新产业开发区兴业街19号正大食品厂公司办公楼 以担保或任何理由索要财物，扣押证照，均涉嫌违法。一经发现， 立即举报,党员 学生会干部,http://www.zhaopin.com/jobdetail/CC000325800J40323168905.htm?refcode=4019&srccode=401901&preactionid=820a7d4e-2860-440d-9b4b-c3498269cf40
产品经理,广东诺丝科技股份有限公司,7000-13000元,中山·小榄镇,广州,大专,1-3年,7月26日,zhilian,职位描述 快消品产品管理 用户需求洞察 跨部门项目协调 工作职责 1. 主导市场调研与用户需求分析，深度挖掘目标客群在产品使用场景中的核心痛点，输出可落地的需求洞察报告； 2. 负责产品功能规划与定义，包括但不限于产品厚度、材质选型、润滑液配方优化及口味创新等核心维度，形成清晰的产品路线图； 3. 跟进产品从概念设计到量产落地的全流程，协调研发、供应链、市场等跨部门资源，确保产品按计划上线并达成质量标准； 4. 持续跟踪产品市场表现，通过用户反馈与数据分析迭代优化产品策略，提升用户满意度与市场竞争力； 5. 完成领导安排的其他任务。 任职要求 1. 大专及以上学历，市场营销、产品设计或相关专业优先，具备2年以上避孕套或润滑液类产品经理经验； 2. 具备扎实的市场调研与用户需求分析能力，能独立完成竞品分析与用户画像构建； 3. 熟悉产品开发全流程，具备跨部门协作推动项目落地的经验，能有效协调研发、供应链等资源解决问题； 4. 对消费趋势敏感，具备创新思维，能结合用户需求提出差异化的产品功能方案。 工作地点 中山小榄镇升平东路1号22楼2210室广东诺丝科技股份有限公司 以担保或任何理由索要财物，扣押证照，均涉嫌违法。一经发现， 立即举报,"快消品产品管理,用户需求洞察,跨部门项目协调",http://www.zhaopin.com/jobdetail/CC329847480J40867076507.htm?refcode=4019&srccode=401901&preactionid=d8c1a181-4c4a-4bb2-aafb-9c09c3fadd7c
产品经理,郑州博雅讯科技有限公司,6000-8000元,郑州·中原·石佛,广州,大专,3-5年,7月26日,zhilian,岗位职责： 1、结合产品战略，分析用户需求，规划产品发展路线，提供产品需求文档（PRD）、产品原型设计、需求分析、功能描述及业务演示原型等文档； 2、收集整理技术、销售等其他部门人员提出的产品需求，并整理进行产品实现设计； 3、跟进产品的开发、测试、上线等各个流程； 4、对线上产品模块进行测试磨合，对提交的问题进行跟踪解决； 5、搜集、研究市场信息，关注竞品及市场动态。 任职要求: 1、 计算机、设计相关专业，有软件行业从业经验、门户、共享数据中心或统一身份认证产品设计经验者优先； 2、 逻辑思维能力强，对需求有很强的洞察力和敏锐的直觉，有良好的产品分析与设计思路； 3、 出色的沟通交流能力，完成用户及公司内部人员的沟通与协调； 4、 有相关的项目管理经验，习惯于用严谨科学的统筹方法来保证工作按计划进行； 5、 熟练撰写产品文档，擅长使用产品设计工具（Axure、Visio、office等）。 工作地点 郑州中原区河南省国家大学科技园创新园4号楼F座7层 以担保或任何理由索要财物，扣押证照，均涉嫌违法。一经发现， 立即举报,"OA系统,B端产品,PC端产品,后台产品,移动端产品,小程序产品,SaaS,智慧教育,物联网",http://www.zhaopin.com/jobdetail/CC643853020J40896390213.htm?refcode=4019&srccode=401901&preactionid=d8c1a181-4c4a-4bb2-aafb-9c09c3fadd7c
产品经理,软通动力信息技术(集团)股份有限公司,8000-11000元,广州·海珠·官洲,广州,大专,1-3年,5月27日,zhilian,岗位职责 1.产品规划与设计：负责智慧园区相关软件产品的全生命周期管理，包括产品规划、需求分析、原型设计及迭代优化 2.园区项目经验应用：深度理解园区业务场景（如物业管理、智慧安防、智慧停车、资产管理等），将园区项目经验转化为产品解决方案 3.需求调研与分析：深入园区客户现场，挖掘用户需求，分析业务流程，制定合理的产品策略 4.跨部门协调：协调研发、测试、UI等团队，推动产品开发进度，确保产品按时高质量交付 5.市场推广支持：配合销售团队进行产品推广，提供技术支持和解决方案咨询 任职要求： 任职要求 1.必备经验：2年以上B端软件产品经理经验，至少参与过1个智慧园区/社区项目产品设计。 2.技术背景：熟悉物联网、大数据、AI等技术在园区场景的应用，了解相关硬件设备（如门禁、摄像头、传感器等） 3.产品能力： 3.1熟练使用Axure、Visio、Xmind等产品设计工具 3.2能够独立完成高保真原型设计和PRD文档编写 3.3具备优秀的需求分析和产品规划能力 4.业务理解：能够理解园区业务流程，包括安防管理、招商管理、企业服务、物业服务、能耗管理等核心场景 5.综合素质：具备优秀的沟通协调能力和项目管理能力，能够承受工作压力，适应短期出差 工作地点 广州海珠区合景科盛广场 以担保或任何理由索要财物，扣押证照，均涉嫌违法。一经发现， 立即举报,"CRM系统,B端产品,ERP系统",http://www.zhaopin.com/jobdetail/CC000544460J40769102316.htm?refcode=4019&srccode=401901&preactionid=d8c1a181-4c4a-4bb2-aafb-9c09c3fadd7c
产品经理,潍坊海之源化工有限公司,5000-8000元,潍坊·寿光·圣城,广州,本科,1-3年,7月25日,zhilian,岗位职责： 1、熟悉公司销售产品知识； 2、预测市场行情，分析市场变化，确保公司产品具有价格优势； 3、与供应商维护良好的关系，确保销售产品稳定供应； 4、处理客户提出的关于产品的疑问。 任职要求： 1、本科及以上学历； 有企业相关工作经验 2、反应敏捷、表达能力强，具有较强的沟通能力及交际技巧，具有亲和力； 3、有责任心，能承受较大的工作压力； 福利待遇： 公司配备手机，缴纳五险，每周大小周休班，法定节假日带薪休假，节假日福利丰厚，年终奖金+每月奖励，每月20日准时发放工资（公司每月准时发放薪资，从不拖欠延迟）。 工作地点 寿光市潍坊科技学院-蓝色经济工程研究院(正泰路) 以担保或任何理由索要财物，扣押证照，均涉嫌违法。一经发现， 立即举报,国内市场,http://www.zhaopin.com/jobdetail/CC321173610J40825935405.htm?refcode=4019&srccode=401901&preactionid=d8c1a181-4c4a-4bb2-aafb-9c09c3fadd7c
产品经理,平安健康保险股份有限公司江西分公司,4000-6000元,南昌·西湖,广州,本科,1-3年,4月20日,zhilian,岗位职责： 1.业务推动：代理人队伍发展及经营、外部渠道拓展和维护、日常业务分析及追踪、业务方案宣导、追踪、兑现、业务政策、制度的宣导实施、各类销售及增员活动的组织实施； 2.业务拓展：客户分析及准客户挖掘，客户关系建立及维护、新保项目方案设计、询报价及标书制作、客户方案展示及谈判，理赔报告制作及解读、客户福利宣讲活动组织； 3.辅导训练：业务员展业辅导、新产品培训、协助制式课程授课、提供各类产品咨询、展业支持等； 4.人力发展：准团长及大团长面谈、举办创说会等增员活动、新人面谈及品质审核、新人持续活跃推动。 任职要求： 1. 2.大学本科及以上，特别优秀者可放宽至专科学历，医学专业优先； 3.保险行业2年以上从业经验，熟悉保险公司业务管理、营销推动模式，熟练使用办公软件； 4.具备良好的沟通协调及抗压能力，服务意识强 ，具备一定的数据分析能力。 工作地点 南昌西湖区富润大厦18楼 以担保或任何理由索要财物，扣押证照，均涉嫌违法。一经发现， 立即举报,"健康保险,营销,医学",http://www.zhaopin.com/jobdetail/CCL1511748800J40982133704.htm?refcode=4019&srccode=401901&preactionid=d8c1a181-4c4a-4bb2-aafb-9c09c3fadd7c
产品经理,某国有银行,3-4万,北京·西城·金融街,广州,本科,5-10年,7月21日,zhilian,职位描述 银行 1.负责理财产品线的产品规划和资源规划； 2.负责理财产品线的需求受理、产品价值挖掘、需求编写、需求管理、需求讲解与澄清、产品验收、产品体验、产品上线跟进等日常工作； 3.负责理财产品线的产品运营分析、竞品分析； 4.负责产品介绍、产品演示、产品交流及相关材料准备工作。 工作地点 北京西城区金嘉大厦 以担保或任何理由索要财物，扣押证照，均涉嫌违法。一经发现， 立即举报 客户,银行,http://www.zhaopin.com/jobdetail/CCL1318355140J40637755003.htm?refcode=4019&srccode=401901&preactionid=da11b7d2-cd9b-4aff-857f-2a4c173a4f6e
产品经理,天源迪科,8000-9000元,广州·海珠·官洲,广州,学历不限,5-10年,6月2日,zhilian,职位描述 B端产品 C端产品 后台产品 人工智能 产业互联网平台 教育科技/教育软件 互联网教育 任职要求： 1、具有5 年以上软件技术开发经验，至少有二个与本项目相关 产品成功实施上线。 2、对产品、数据和运营敏感，善于发现问题，解决问题; 3、优秀的文档编写能力，熟练使用office、Visio、Axure、 MindManager 等工具； 4、良好的沟通能力、推动能力、统筹协调能力、自我驱动力、 抗压能力，拥有强烈的责任心和团队合作精神； 5、有互联网行业经验优先，熟悉企业大数据、政务大数据、工 业大数据等领域优先。 岗位指责：对接业务部门获取需求，进行产品原型设计及需求评审沟通，对接研发团队，进行需求宣贯及开发跟进等工作，撰写产品需求文档、操作手册、培训手册等内容 涉及业务：B/C端校园业务，如教学考试、教务管理、家校沟通、校园安全等业务 工作地点 广州海珠区合景科盛广场3楼 以担保或任何理由索要财物，扣押证照，均涉嫌违法。一经发现， 立即举报,"B端产品,C端产品,后台产品",http://www.zhaopin.com/jobdetail/CC130494460J40866822514.htm?refcode=4019&srccode=401901&preactionid=da11b7d2-cd9b-4aff-857f-2a4c173a4f6e
产品经理,潍坊雅拉奶牛养殖有限公司,8000-15000元·13薪,潍坊·奎文·新城,广州,学历不限,经验不限,7月19日,zhilian,岗位职责 1、产品体系搭建 基于自有牛场奶源、鲜牛乳原生优势，搭建完整鲜奶产品矩阵：低温鲜牛乳、巴氏鲜奶、酸奶、奶甜品、鲜奶特调饮品等。 落地「透明化生产、可视化溯源」产品理念，设计可对外展示的产品工艺、奶源标准、杀菌/均质/膜过滤工艺卖点。 摒弃行业同质化配方，主打零添加、极简配料、原生奶香、新鲜短保差异化产品定位。 2、产品研发与工艺优化 调研本地鲜奶店、网红茶饮、烘焙甜品竞品，拆解竞品产品结构、定价、口感、包装、sku生命周期，做差异化迭代。 优化鲜奶加工工艺：均质标准、杀菌参数、口感调试、脂肪/蛋白标准定制。 负责新品打样、试喝、内测、落地，控制产品出品稳定性、操作简易度、损耗率，适配门店标准化出餐。 优化现有在售产品，淘汰滞销、低毛利、同质化sku，打造高复购、高毛利、高辨识度的爆款单品。 3、产品商业化与定价体系 根据奶源成本、门店运营成本、本地消费层级，搭建梯度定价体系（引流款、利润款、爆款款、礼盒款）。 设计产品组合套餐：早餐鲜奶套餐、亲子套餐、家庭月卡鲜奶、节日奶礼礼盒，提升客单价与锁客能力。 核算单品毛利、损耗、出餐效率，平衡「品质极致化」和「门店盈利性」。 4、场景化产品迭代 结合商场店、社区店两种门店场景，差异化设计sku：商场主打高颜值鲜奶特调、甜品、社交单品；社区主打高频刚需家庭鲜奶、大瓶装、订阅配送产品。 根据季节、节假日、本地消费习惯，做季度产品更新、季节限定新品。 联动门店营销，输出产品卖点、话术、海报文案、招牌标签，赋能门店销售。 5、产品标准与供应链协同 制定全套产品SOP：配比标准、制作流程、储存条件、保质期标准、出品颜值标准。 对接上游牧场、包装供应商、辅料供应商，优化包装设计、耗材适配、物料标准化。 监控产品售后、顾客反馈、差评问题，快速迭代优化口感、甜度、品类、包装。 6、用户需求挖掘与产品沉淀 收集本地家庭客群、年轻客群、亲子客群的真实需求，围绕「健康、新鲜、无添加、儿童适配」做产品升级。 沉淀品牌专属产品方法论，形成自有牧场鲜奶店独有的产品壁垒，区别市面通用奶店模式。 三、任职要求 1、经验要求 新茶饮、低温鲜奶、乳制品甜品、新中式烘焙新零售产品经理经验。 熟悉线下实体门店产品落地全流程，懂小门店轻量化产品体系搭建，不重互联网虚产品、重实体落地。 有低温短保食品、牧场鲜奶、原生乳制品产品研发/迭代经验优先；有山东本地市场操盘经验优先。 2、能力要求 深度认同「奶源透明、极简健康、新鲜为本」的经营理念，不做香精、奶精、勾兑类同质化产品。 具备竞品拆解能力，能快速对标本地鲜奶店、网红饮品店，做出差异化产品。 懂工艺、懂口感、懂毛利、懂门店运营，能平衡极致品质、用户体验、门店盈利。 擅长sku精简、爆款打造、产品标准化，能控制门店损耗和操作成本。 不空谈方案，可独立完成打样、内测、落地、培训全流程。 3、认知与理念要求 认可自有牧场直供的核心壁垒，愿意依托原生鲜奶优势做长期品牌，而非短期网红流量产品。 坚持「透明化、可溯源、干净配料、健康化」产品价值观，契合高端家庭、儿童、品质客群定位。 懂实体零售逻辑：少sku、高精品、高复购、强口碑，拒绝杂乱同质化铺货。 4、其他 熟悉低温乳制品储存、短保产品运营、鲜奶加工基础工艺（均质/过滤/杀菌）优先。 思维灵活，贴合本地消费市场，接地气、懂线下实体生意。 四、岗位核心目标 搭建一套独属于自有牧场的鲜奶店产品体系，形成本地不可复制的产品壁垒。 打造3–5个本地爆款鲜奶/酸奶单品，实现高复购、高口碑。 完成产品标准化、毛利优化、损耗控制，让「高品质鲜奶」同时实现可持续盈利。 奖金绩效 固定底薪（70%） + 月度绩效（25%） + 专项激励5％ 工作地点 潍坊市-奎文区-东方路5716号 以担保或任何理由索要财物，扣押证照，均涉嫌违法。一经发现， 立即举报,"产品运营,商业化产品,策略产品",http://www.zhaopin.com/jobdetail/CCL1355524710J41013652304.htm?refcode=4019&srccode=401901&preactionid=da11b7d2-cd9b-4aff-857f-2a4c173a4f6e
产品经理,浙江邮电工程,1-1.6万,杭州·上城·凯旋,广州,本科,3-5年,6月2日,zhilian,职位描述 B端产品 电力软件 物联网 计算机软件 工作职责: 1、负责公司软件产品生命周期全流程管理，负责对产品版本、质量、进度、成本等目标达成； 2、与客户沟通调研完成产品需求提炼、需求池管理、软件产品路标、边界以及版本定义等工作； 3、撰写需求文档，实现原型、流程图、思维导图并在需求文档中详细描述，明确需求的业务背景、用户场景、业务逻辑等；指导和管控设计和开发人员开展日常的设计和开发工作； 4、负责产品上架，提供产品文档，配合市场进行产品推广； 5、负责项目支撑，指导项目定制，协助需求分析，负责样板点项目全面支撑。 任职要求： 1、本科及以上学历，有3年以上产品管理工作经验； 2、具备良好的客户沟通、项目管理、需求管理能力，以及较强的方案撰写能力和演讲能力，熟练操作Word、PPT、Excel、Visio、Axure等工作软件； 3、熟悉通信和能源行业，具有能源管理和双碳管理等产品管理经验，具有物联网、数据库、软件开发等相关经验者优先； 4、具备较强的团队协作能力，工作积极主动，执行力强，能够接受出差，对产品的成功负责。 工作地点 杭州上城区浙江省邮电工程建设公司 以担保或任何理由索要财物，扣押证照，均涉嫌违法。一经发现， 立即举报,B端产品,http://www.zhaopin.com/jobdetail/CC149706110J40841126210.htm?refcode=4019&srccode=401901&preactionid=da11b7d2-cd9b-4aff-857f-2a4c173a4f6e
产品经理,MoSeeker仟寻,1-1.5万,南京·江宁·淳化,广州,学历不限,经验不限,7月17日,zhilian,岗位职责 负责 APP、小程序、Web 后台产品整体规划与需求设计，梳理业务流程、绘制业务架构图； 收集用户需求、业务需求、竞品分析，输出需求文档 PRD、原型图、流程图； 协调 UI、研发、测试、运营跨部门沟通，跟进项目排期、开发进度、版本迭代； 跟进产品上线、灰度发布、数据监控，根据用户反馈和业务数据做功能优化； 制定产品功能规划、迭代节奏，输出产品方案、活动方案、优化方案； 沉淀产品规范、业务流程文档，推动产品标准化、系统化。 test privacy content 工作地点 南京江宁区金宝天印山农副产品批发大市场 以担保或任何理由索要财物，扣押证照，均涉嫌违法。一经发现， 立即举报,产业互联网平台,http://www.zhaopin.com/jobdetail/CC601450620J40875624110.htm?refcode=4019&srccode=401901&preactionid=da11b7d2-cd9b-4aff-857f-2a4c173a4f6e
产品经理,爱谱华顿,1.2-2.2万,上海·浦东·航头,广州,本科,3-5年,7月26日,zhilian,岗位职责 1、 作为业务与技术之间的翻译官，负责需求转化，包含公司业务产品规划，业务流程设计、功能设计、交互设计，新品开发，项目技术跟进，成本核算并撰写产品需求文档。 2、与业务部门一起调研、沟通讨论产品需求，并制定产品需求计划，进行可行性分析和概要设计，负责需求的开发跟进。 3、协调各个部门，跟进产品功能从需求、设计、开发、测试到发布的整个过程。 4、负责相关产品的培训工作。 5、收集内外部的用户反馈，对产品功能及用户体验进行持续提升。 6、协助完成与相关系统的对接整合。 任职要求 ⭐岗位用人需求偏向工业品、硬件产品、实物制造产品经理，必须具有工业硬件实物制造产品经理经验，主要负责电线电缆等落地生产的实体产品⭐ 1、本科及以上学历，3年以上产品经理的相关工作经验； 2、有产品设计经验和用户增长相关经验优先； 3、熟练使用各种产品原型工具比如Axure、Viso、Project、墨刀等工具； 4、熟悉产品和项目的推进过程，包括需求分析，产品规划，功能设计，业务流程梳理，原型设计，产品可用性测试等，有技术背景优先考虑； 5、有良好的逻辑思维能力和想象力 善于抽象简化复杂问题，善于系统性思考并使用创新性思维解决问题； 6、良好的产品分析和架构设计能力 ，参与过至少一个完整产品的研发过程优先。 我们希望你： 1、是一个阳光的人、内核坚韧、追求卓越。 2、区别于技术支持岗位，需要具备前端思维与全生命周期管理能力。 3、能输出销售工具、开展细分培训、推动新品开发。 4、能为销售业绩与利润结果负责。 岗位加分项 ： ✅ 专业 buff 加分 电线电缆、电气、高分子、变配电等理工科出身优先！哈尔滨工程学院、河南工学院这类线缆王牌院校毕业的小伙伴，直接重点锁定～ ✅ 硬核能力加分 拥有市场化前端思路，吃透产品全生命周期管理，深谙线下市场落地打法，能包揽市场拓新、终端赋能培训、新品从 0 到 1 落地全流程，上手就能干活！ ✅ 行业履历加分 做过电线电缆 / 综合布线 / 楼宇自控任意一条赛道就加分，手握行业人脉、JD 资源优先录用 ✅ 经验资历加分 在头部线缆大厂待过、有上海 / 安徽 / 重庆本地市场实操操盘经历，属于重磅加分项！ 🏢 公司规模：研产销服于一体的全国集团化源头厂家公司、站位高视野广、晋升通道顺畅 📍 工作地点：上海浦东下沙地铁站附近 💰 薪资待遇：薪资范围仅为综合底薪，除此以外有绩效加分奖金、项目奖金、PK奖金、阿米巴利润奖金、分支金库奖金等 ⏰ 工作时间：作息8:30~17:30弹性工时 / 单休制 📅 社保缴纳：入职五险一金 🎁 员工福利：免费员工餐厅六菜一汤一饮料 / 团建活动 / 下午茶 🚇 通勤交通：地铁公交可直达、公司门口也有共享单车停放地 💡岗位缺编情况 线下品类：电线电缆、综合布线、楼宇自控、数据中心。 线上品类：智能照明、辅材工具、桥架管材。 同时我们希望扩增工业连接器、钣金、机柜类的新品线。 欢迎有相关经验的小伙伴投递简历！ 💡温馨小提醒 本岗位需要行业实战积淀，暂不考虑零基础应届同学，期待拥有实战阅历的伙伴携手奋进一起并肩搞事业！ 工作地点 浦东新区上海爱谱华顿电子科技(集团)有限公司 以担保或任何理由索要财物，扣押证照，均涉嫌违法。一经发现， 立即举报,"智能硬件产品,物联网产品",http://www.zhaopin.com/jobdetail/CC131100140J40920793212.htm?refcode=4019&srccode=401901&preactionid=da11b7d2-cd9b-4aff-857f-2a4c173a4f6e
产品经理,赣州康鑫机械设备有限公司,1000元以下,赣州·赣县区·梅林镇,广州,学历不限,1-3年,7月7日,zhilian,职位描述 金属制品/机加工 1. 负责产品全生命周期运营，包含上线冷启动、日常增长、留存、转化、用户活跃全链路工作； 2. 深度拆解产品功能，梳理用户痛点，输出运营方案、活动策划、落地执行与复盘； 3. 搭建用户分层体系，通过社群、推送、福利、任务体系提升用户留存、复购与活跃度； 工作地点 江西省赣州市赣县区江口塘路与高新大道交叉口西北方向248米左右华晨磁电有限公司 以担保或任何理由索要财物，扣押证照，均涉嫌违法。一经发现， 立即举报,金属制品/机加工,http://www.zhaopin.com/jobdetail/CCL1442107190J40860998311.htm?refcode=4019&srccode=401901&preactionid=da11b7d2-cd9b-4aff-857f-2a4c173a4f6e
产品经理,鑫霖荣(云南)咨询有限责任公司,5000-10000元,呼和浩特·赛罕·中专路,广州,大专,1-3年,6月30日,zhilian,岗位职责: 1、 自主开发，拓展客户； 2、 讲解业务操作逻辑及流程，了解客户需求并提供专业建议； 3、 协助完成申请流程，确保申请材料的准确性和完整性； 任职要求: 1、具备良好的沟通能力和服务意识； 2、能够熟练操作手机相关系统和软件； 3、具备团队合作精神，能够与团队成员协作完成工作； 工作地点 赛罕区万达广场(呼和浩特店) 以担保或任何理由索要财物，扣押证照，均涉嫌违法。一经发现， 立即举报,"互联网生活服务(O2O),咨询服务,商务服务业",http://www.zhaopin.com/jobdetail/CCL1523890930J40980544702.htm?refcode=4019&srccode=401901&preactionid=cc516b6b-9b67-432d-accb-f014d3adc72f
产品经理,东滤器材(石家庄)有限公司,4000-7000元,石家庄·裕华·裕东,广州,大专,1-3年,5月6日,zhilian,岗位职责：1.为客户提供产品售前咨询，确认客户需求； 2.解决客户产品售后问题； 3.领导交代的其他工作 任职要求：1..大专及以上学历，机械、材料等相关专业； 2.2年以上生产制造业经验 3.具备优秀的沟通能力和抗压能力。 薪资待遇： 综合薪资：4000-7000元，交纳五险。具体可咨询或面议。 福利待遇：免费体检，定期团建，节日福利。 工作地点 石家庄裕华区财库国际商务港1611 以担保或任何理由索要财物，扣押证照，均涉嫌违法。一经发现， 立即举报,"化学原料/化学制品,化工",http://www.zhaopin.com/jobdetail/CCL1359063180J40841844207.htm?refcode=4019&srccode=401901&preactionid=cc516b6b-9b67-432d-accb-f014d3adc72f
产品经理,浙江海森药业股份有限公司,8000-15000元,金华·东阳市·六石街道,广州,本科,3-5年,7月11日,zhilian,岗位职责： 1、负责产品的规划与设计，从需求调研到产品上线的全过程管理； 2、协调技术团队、产品团队和其他相关部门，确保产品按时按质完成开发与迭代； 3、分析并理解用户需求，制定产品策略，推动产品优化，提升用户体验； 4、跨部门协作，确保需求从设计、开发、测试到上线的全流程高效推进； 5、跟踪产品开发进度，确保项目按计划推进 定期进行竞品分析，输出分析报告并提出优化建议； 6、通过数据分析和用户反馈，评估产品功能和使用情况，识别改进点； 7、保障产品的运行环境、数据安全，执行产品开发相关培训。 任职要求： 本科及以上学历，计算机科学与技术、软件工程、信息管理专业；3年以上需求管理和产品设计相关工作经验，有AI大模型相关等相关经验优先；具备从0到1产品设计经验，能独立完成需求分析、功能设计和产品落地。 工作地点 金华东阳市浙江海森药业股份有限公司 以担保或任何理由索要财物，扣押证照，均涉嫌违法。一经发现， 立即举报,"CRM系统,OA系统",http://www.zhaopin.com/jobdetail/CC145562910J40837348410.htm?refcode=4019&srccode=401901&preactionid=cc516b6b-9b67-432d-accb-f014d3adc72f
产品经理,晟通集团,6000-11000元,长沙·望城·乌山,广州,本科,经验不限,7月24日,zhilian,岗位职责 1、负责液冷板（IDC/AI/储能）、医疗精密温控设备双赛道市场调研，跟踪行业趋势、政策标准、市场规模及产业链动态，挖掘蓝海市场机会。 2、开展竞品深度调研与拆解，对标竞品产品参数、技术方案、成本、定价及资质，梳理竞品优劣势，挖掘产品差异化机会。 3、对接上下游供应链及终端客户，挖掘真实需求、使用痛点与采购标准，完成需求梳理和商业化价值分析。 4、定期输出市场调研报告、竞品分析、产品机会评估等核心文档，为公司新品立项、产品迭代、市场布局、定价策略提供决策依据。 任职要求 1、本科及以上学历，机械、热工程、能源动力、生物医学工程等相关专业，优秀应届生、实习生均可，有无相关行业经验均可，有液冷、热管理、医疗设备相关课题、调研项目经验者优先。 2、愿意深耕液冷板、医疗温控设备行业，对产业链、产品技术有浓厚兴趣，具备基础的信息搜集、整理、研判能力即可。 3、具备良好的逻辑思维、数据整理和文字功底，可独立完成资料整理、调研报告撰写，善于挖掘市场机会与潜在风险。 4、市场敏感度高，学习能力强，沟通表达清晰，踏实细心，接受行业新人，愿意培养。 工作地点 湖南省长沙市望城区腾飞路109号晟通工业园 以担保或任何理由索要财物，扣押证照，均涉嫌违法。一经发现， 立即举报,医疗设备/器械/耗材,http://www.zhaopin.com/jobdetail/CC144273210J40866689101.htm?refcode=4019&srccode=401901&preactionid=cc516b6b-9b67-432d-accb-f014d3adc72f
产品经理,图观(天津)数字科技有限公司,1-1.5万·13薪,天津·东丽·华明,广州,本科,经验不限,3月26日,zhilian,岗位职责 1. 汇总系统开发需求。 2. 对需求进行调研、分析，结合场景、数据和流程，设计系统的操作与交互，实现系统功能简便、高效。 3. 形成系统需求文档，测试用例文档，并对需求的交互提供协助。 能力要求 1. 熟悉需求调研方法，较强的业务流程及业务模型分析设计能力；善于控制需求，进行版本范围及项目范围管理； 2. 了解软件开发流程，会使用需求开发界面设计工具 例如:Axure、EA、Visio、UML工具等。； 3. 有较强的逻辑思维和文档编写能力； 4. 需有较强的团队协作精神，有效的沟通技巧，具备组织、管理项目能力、良好的学习能力； 职位福利：五险一金、周末双休、年终奖、带薪年假、餐补、通讯补助、定期体检 工作地点 天津东丽区盛誉商务大厦 以担保或任何理由索要财物，扣押证照，均涉嫌违法。一经发现， 立即举报,原型设计,http://www.zhaopin.com/jobdetail/CCL1223065530J40049295209.htm?refcode=4019&srccode=401901&preactionid=cc516b6b-9b67-432d-accb-f014d3adc72f
产品经理,江西知税税务师事务所有限公司,8000-13000元,南昌·青山湖·京东镇,广州,大专,3-5年,7月18日,zhilian,岗位职责: 负责财务系统需求分析、 产品设计与上线迭代; 协调开发、测试、财务等团队 任职要求: 熟悉财务业务流程，掌握SQL/BI工具; 具备产品全生命周期管理经验 优秀的沟通与优优先级判断能力 工作地点 青山湖区南昌华润万象汇8栋37层 以担保或任何理由索要财物，扣押证照，均涉嫌违法。一经发现， 立即举报,"财务/审计/税务,咨询服务,技术服务",http://www.zhaopin.com/jobdetail/CC695395430J40899588603.htm?refcode=4019&srccode=401901&preactionid=cc516b6b-9b67-432d-accb-f014d3adc72f
产品经理,西安酷信网络科技有限责任公司,6000-12000元,西安·灞桥·新筑,广州,本科,经验不限,5月15日,zhilian,岗位职责： 1.负责制定和执行公司的产品策略和规划，确保产品与市场需求相匹配； 2.进行市场调研，分析竞争对手和行业趋势，以了解市场需求和机会； 3.与团队合作，收集和整理用户反馈和需求，将其转化为产品功能和特性 4.制定产品路线图，明确产品的发展方向和优先级，并与相关团队合作实现产品目标 5.制定产品需求文档（PRD），明确产品功能、用户界面、性能要求等，与开发团队紧密合作 6.协调产品开发过程，监督产品交付进度，并确保产品质量符合预期 7.跟踪产品上线后的表现，收集用户反馈和数据，进行产品改进和优化 8.与市场营销团队合作，制定产品推广和营销策略，支持产品的推广和市场份额的增长 9.与客户支持团队合作，解决产品相关的问题和需求，并提供技术支持 10.持续关注市场变化和竞争动态，及时调整产品策略和计划 岗位要求： 1.本科及以上学历，计算机相关专业 2.接受应届毕业生 3.熟悉产品管理的相关流程和技术 4.具有很强的沟通、协调、计划、组织、执行、风险控制能力，高度的责任心和团队合作意识 5.具有良好的学习能力和文字撰写能力 6.熟悉教育信息化各类场景，具有教育经历者优先 7.有软件测试、技术支持、网络运维、软件售前售后工作经验者优先录用 工作地点 西安灞桥区安居集团(总部大厦)安居大厦A座8层‌809-811室 以担保或任何理由索要财物，扣押证照，均涉嫌违法。一经发现， 立即举报,"C端产品,PC端产品,后台产品",http://www.zhaopin.com/jobdetail/CC671454780J40841301014.htm?refcode=4019&srccode=401901&preactionid=cc516b6b-9b67-432d-accb-f014d3adc72f
产品经理,安华海洋智能装备(深圳)有限公司,9000-15000元,宁波·鄞州·首南,广州,本科,经验不限,3月18日,zhilian,岗位职责： 1、负责水产养殖应用系统相关产品的需求调研与规划，结合市场趋势及用户反馈制定产品优化方案; 2、输出产品原型、功能说明及产品文档，协调跨部门资源推动产品开发与落地; 3、跟踪产品上线后的使用情况，持续优化产品体验，提升用户满意度。 任职要求： 1、具备良好的市场洞察力和用户需求分析能力; 2、熟悉产品设计流程，能熟练使用原型设计工具进行产品表达; 3、具备较强的沟通协调能力，能够高效推动项目进展; 4、对大数据、ai、水产养殖行业有浓厚兴趣，有相关产品经验者优先。 工作地点 宁波鄞州区鄞州科技信息孵化园 以担保或任何理由索要财物，扣押证照，均涉嫌违法。一经发现， 立即举报,"AI产品,智能问答产品",http://www.zhaopin.com/jobdetail/CCL1478427570J40827857711.htm?refcode=4019&srccode=401901&preactionid=cc516b6b-9b67-432d-accb-f014d3adc72f
产品经理,杭州天目山药业股份有限公司,6000-8000元,图木舒克市,广州,本科,3-5年,7月21日,zhilian,职位描述 医学背景 1.负责开课前对于课程所用产品的专业讲解与规范化演示工作。 2.配合课程教学实施，承担教学模型的准备与演示辅助工作。 3.课程结束后，对中心的教学模型及相关产品进行清洁整理与维修维护，并定期按照流程向工程师提交相关报告。 4.承担课程相关的前期对接、计划统筹、学员管理及教学设备管理等工作。 5.负责课程计划与导师、学员之间的对接协调及相关安排工作。 6.承担模拟中心参观接待中的讲解任务及演示工作，涵盖模拟中心所有产品的规范操作展示。 7.负责课程实时跟进工作与教室管理工作。 8.统筹安排产品经理及导师在课程开展中的各项工作，协调各项目开展时各部门间沟通。 上班时间：09：00--17:00 ，双休 工作地点 图木舒克市-前海西街与文化路交叉口东南130米实训中心 以担保或任何理由索要财物，扣押证照，均涉嫌违法。一经发现， 立即举报,医学背景,http://www.zhaopin.com/jobdetail/CC140818630J40900512502.htm?refcode=4019&srccode=401901&preactionid=cc516b6b-9b67-432d-accb-f014d3adc72f
产品经理,济南超级计算技术研究院,8000-11000元·13薪,济南·历城·彩石,广州,本科,1-3年,7月14日,zhilian,岗位职责 （1）负责易算云平台及相关产品的需求调研、分析和产品规划，输出产品方案、原型及需求文档。 （2）对接客户、业务和研发团队，推动产品功能设计、开发、测试及上线落地。 （3）负责项目进度跟进、上线效果分析和产品优化迭代。 （4）结合行业商业模式、用户价值和公司营收目标，参与产品规划和功能设计。 （二）任职要求 （1）本科及以上学历，2年以上产品经理相关经验。 （2）具备需求分析、产品设计、项目推进和数据分析能力。 （3）了解基础研发逻辑，能够与技术团队高效沟通。 （4）具备基础商业思维，能够从用户需求和业务价值角度思考产品。 （5）有算力平台、云平台、SaaS产品、企业级软件产品经验者优先。 工作地点 山东省济南市历城区经十东路28666号国家超算中心科技园济南超级计算技术研究院 以担保或任何理由索要财物，扣押证照，均涉嫌违法。一经发现， 立即举报,产业互联网平台,http://www.zhaopin.com/jobdetail/CCL1293583260J40955470715.htm?refcode=4019&srccode=401901&preactionid=cc516b6b-9b67-432d-accb-f014d3adc72f
产品经理,合肥领创逸品酒店管理有限公司融创文堇酒店,5000-9000元,合肥·包河,广州,学历不限,经验不限,7月25日,zhilian,岗位职责 1. 酒店度假产品路线策划（核心工作） 深度熟悉酒店软硬件特色（泳池、园林、下午茶、夜景、亲子设施、特色餐饮、会务配套等），结合城市景点、网红打卡地、自然风光、文化街区、本地非遗、周边玩乐资源，持续输出标准化、可落地、可售卖的游玩路线。 包含：半日游、一日游、两日一夜深度度假、亲子专线、情侣浪漫路线、轻徒步路线、城市人文研学路线、小众避世度假路线等。 2. 度假套餐产品研发与组合打包 根据季节、节假日、市场热点、客群需求，设计酒店专属度假套餐产品。 负责房型+餐饮+体验项目+本地游玩路线的组合搭配，输出套餐内容、行程流程、权益明细、适合人群、游玩亮点、出行指南，适配OTA、小红书、视频号、企业团建、散客售卖。 3. 产品内容包装、文案输出与卖点提炼 对每一条游玩路线、度假套餐进行卖点提炼、亮点包装、行程文案撰写，输出可直接用于宣传的行程简介、游玩攻略、出行小贴士、打卡攻略、度假亮点，配合新媒体、销售、前厅完成宣传素材落地，让产品好懂、好看、好卖、好种草。 4. 本地文旅资源调研与更新维护 持续调研城市周边景区、网红点位、新开业态、季节玩法、节庆活动、限定风景，每月更新酒店专属游玩路线库。 淘汰过时路线、新增热门路线、打造季节限定产品（春日踏青、夏日玩水、秋日赏景、冬日温泉/跨年）。 5. 产品上线、落地跟进与优化迭代 对接OTA运营、新媒体、销售团队，完成度假产品上架、路线同步、全员培训；收集住客真实反馈、游玩体验、市场竞品产品情况，持续优化行程节奏、游玩搭配、套餐性价比、体验细节，提升住客满意度和复购率。 6. 竞品对标与差异化产品打造 调研同城高端五星级酒店的度假产品、游玩路线、套餐玩法，结合本店特色打造差异化产品，避免同质化，打造酒店专属的「招牌度假路线」「招牌套餐」，形成市场竞争力。 7. 节点营销产品策划 根据节假日、寒暑假、周末、店庆、文旅活动，提前策划对应主题度假产品，输出节假日专属游玩方案，配合酒店营销活动做产品支撑，拉动周末及节假日入住率。 岗位要求： 1、有高端酒店、文旅公司、旅行社度假路线/套餐策划实战经验； 2、熟悉本地全域文旅资源，能独立打造多条爆款城市度假路线； 3、懂OTA产品上架逻辑、套餐组合规则； 4、有文案策划、攻略撰写、新媒体内容配合经验。 工作地点 包河区合肥施柏阁大观酒店 以担保或任何理由索要财物，扣押证照，均涉嫌违法。一经发现， 立即举报,旅游线路设计、定价,http://www.zhaopin.com/jobdetail/CC856569190J40876267909.htm?refcode=4019&srccode=401901&preactionid=7c9e66e1-2bf2-4f7c-87c6-e10285e2960b
产品经理,苏州科蕴软件系统有限公司,6000-12000元·14薪,上海·闵行·新虹,广州,大专,1-3年,1月19日,zhilian,职位描述 专用设备制造 1. 产品全生命周期管理 从0到1定义产品愿景、目标用户、核心价值主张； 主导产品从需求调研 → 规划 → 设计 → 开发 → 上线 → 迭代 → 退市的全流程。 2. 市场与用户研究 深入理解用户痛点、行为习惯与未满足需求； 分析行业趋势、竞品动态、技术演进，输出市场洞察报告。 3. 需求分析与优先级排序 收集来自用户、客户、业务方、管理层等多方需求； 运用 KANO模型、MoSCoW法则、RICE评分 等方法进行需求评估与排期； 平衡 用户价值、商业目标、技术可行性、资源约束 四要素。 4. 产品设计与文档输出 输出高质量产品文档，包括： PRD（产品需求文档） 原型图（Axure / Figma / Sketch） 用户故事（User Story）与验收标准 产品路线图（Roadmap） 5. 跨部门协同与项目推进 组织需求评审、设计走查、开发对齐、测试验收等关键节点会议； 跟踪项目进度，识别风险，确保产品按时、保质交付； 推动团队达成共识，解决资源冲突与优先级矛盾。 6. 数据驱动与效果验证 定义核心指标（如 DAU、留存率、转化率、GMV、NPS）； 通过 A/B 测试、埋点分析、用户反馈等方式验证产品假设； 基于数据持续优化产品功能与体验。 7. 商业化与增长支持 参与定价策略、会员体系、营销活动设计； 协助运营制定用户增长、激活、留存策略； 为销售团队提供产品培训与解决方案支持（尤其 ToB 场景）。 工作地点 上海闵行区虹桥汇 以担保或任何理由索要财物，扣押证照，均涉嫌违法。一经发现， 立即举报,专用设备制造,http://www.zhaopin.com/jobdetail/CCL1380551560J40823396907.htm?refcode=4019&srccode=401901&preactionid=7c9e66e1-2bf2-4f7c-87c6-e10285e2960b
产品经理,大连佰道软件有限公司,8000-9000元,大连·沙河口·西安路,广州,本科,3-5年,7月26日,zhilian,岗位职责 1. 需求调研与分析 对接客户、商务（BD）、业务部门，收集整理客户需求、行业痛点、业务场景； 筛选、拆解、评估需求，区分核心需求/次要需求/伪需求，输出需求分析报告； 协调多方诉求，平衡客户体验、研发成本、排期风险，输出可行性方案。 2. 产品规划与方案设计 负责产品整体规划、功能架构、业务流程设计； 输出产品原型（Axure/墨刀）、PRD产品需求文档、流程图、思维导图； 制定版本规划、迭代节奏，明确每个版本核心目标与交付范围。 3. 研发对接与项目推进 对接PHP/前后端研发、测试团队，需求评审、方案讲解、答疑解惑； 跟进开发进度，把控里程碑节点，协调解决研发过程中的需求变更、逻辑争议； 组织提测、验收，推动产品按时、高质量上线交付。 4. 项目交付与客户对接 负责客户侧产品方案讲解、演示、验收沟通； 收集上线后客户反馈、使用痛点，整理优化需求； 配合商务完成售前支持：方案输出、产品演示、需求对接。 5. 产品迭代与优化 跟踪产品上线后数据、使用反馈、bug情况； 持续优化产品功能、交互体验、业务流程，提升产品易用性与客户满意度； 沉淀产品方法论、标准化模板，降低后续项目重复沟通成本。 6. 跨部门协同沟通 协同商务、研发、测试、运维、运营，拉通全链路协作； 管控需求变更，做好风险预判、向上汇报、向下同步。 工作地点 大连市-沙河口区-西安路街道振工街42号振工街48号 以担保或任何理由索要财物，扣押证照，均涉嫌违法。一经发现， 立即举报,产业互联网平台,http://www.zhaopin.com/jobdetail/CCL1213367840J40851965607.htm?refcode=4019&srccode=401901&preactionid=7c9e66e1-2bf2-4f7c-87c6-e10285e2960b
产品经理,安徽朗宜百草生物工程有限公司,1-1.5万,亳州·谯城区·十九里镇,广州,本科,1-3年,7月24日,zhilian,职位描述 五险一金 带薪年假 工龄奖 农/林/牧/渔 岗位内容： 1. 负责行业市场调研，分析政策趋势、竞品动态及客户需求。 2、根据产品定位与客户目标制定产品资料。 2. 阐述产品功能特点，优化现有产品。淘汰低效产品，提升市场竞争力。 3.为销售团队提供产品知识、卖点及技术应用的培训，编写产品手册、宣传单页等资料。 4、协助制定产品的推广方案，推动销售目标的达成。 任职要求： 1. 本科及以上学历，农学、植保、市场营销等相关专业，熟悉农资行业 。 2、一年以上产品经理相关工作经验，具备田间技术知识者优先； 2. 具备良好的团队合作精神和沟通表达能力； 3. 有较强的数据分析和解决问题的能力。 工作地点 亳州谯城区外经钻石广场B14栋21层（安徽朗宜百草生物科技有限公司） 以担保或任何理由索要财物，扣押证照，均涉嫌违法。一经发现， 立即举报,"五险一金,带薪年假,工龄奖",http://www.zhaopin.com/jobdetail/CCL1252758210J40663428406.htm?refcode=4019&srccode=401901&preactionid=7c9e66e1-2bf2-4f7c-87c6-e10285e2960b
产品经理,比亚迪股份有限公司,1-1.3万,西安·长安·郭杜,广州,本科,3-5年,7月26日,zhilian,岗位职责： 1、负责调光玻璃（含侧窗玻璃、天幕玻璃）从研发立项、产品试制、产线导入到量产落地的全流程项目管理工作，主导项目进度、成本、质量与风险管控； 2、统筹协调研发、工艺、生产、设备、质量、采购、供应链等多部门资源，推动新产品、新材料、新工艺的高效导入与产线升级改造； 3、主导项目关键节点的评审与决策，制定项目计划、资源分配与风险预案，确保项目按时交付； 4、参与调光膜片核心工艺的技术评审，具备从技术可行性到可制造性的判断能力； 5、主导零部件OTS认可推进，组织进行样件性能及生产可行性评估，输出OTS认证报告，确保产品符合客户需求； 6、持续跟踪行业前沿技术（如电致变色、智能调光、柔性膜片、集成化光学设计），推动技术预研与产品迭代规划； 任职要求： 1、本科及以上学历，材料、光电工程、机械/自动化或相关理工科专业优先，三年以上工作经验； 2、熟悉玻璃（侧窗、天幕）结构、制造工艺、法规认证、国标标准等优先考虑； 3、熟悉汽车零部件的设计原理和开发流程； 4、熟悉汽车零部件产品的制造工艺； 5、熟悉常用材料性能。 工作地点 长安区西安比亚迪一厂 以担保或任何理由索要财物，扣押证照，均涉嫌违法。一经发现， 立即举报,"新品导入,研发试制",http://www.zhaopin.com/jobdetail/CC132962990J41003301802.htm?refcode=4019&srccode=401901&preactionid=7c9e66e1-2bf2-4f7c-87c6-e10285e2960b
产品经理,三一集团有限公司,1.5-2.5万·13薪,沈阳·铁西·大潘,广州,本科,3-5年,6月25日,zhilian,岗位职责： 1.负责属地市场洞察工作，可完成区域产品规划。 2.负责属地客户需求&痛点挖掘以及工况场景调研。 3.负责收集整理属地行业资讯、竞品动态、政策法规等信息。 4.负责新品上市支持、客户试用反馈以及产品竞争力调研。 任职资格: 1.两年以上矿山机械产品研发及相关岗位经验，煤矿产品经验优先。 2.有较强沟通、协调能力，良好的学习能力及调研分析能力。 3.良好的团队意识，有产品规划、市场调研相关经验优先。 工作地点 沈阳铁西区三一重装国际控股有限公司 以担保或任何理由索要财物，扣押证照，均涉嫌违法。一经发现， 立即举报,"工业自动化/机器人,电气机械/电力设备,专用设备制造",http://www.zhaopin.com/jobdetail/CC134218700J40870425610.htm?refcode=4019&srccode=401901&preactionid=7c9e66e1-2bf2-4f7c-87c6-e10285e2960b
产品经理,美的集团,1.6-2.1万,佛山·顺德·北滘,广州,本科,3-5年,2月26日,zhilian,岗位职责： 1.支持集团TOB营销领域产品建设，结合业务策略，助力业务目标达成。 2.具备较强的逻辑思维，能独立梳理数据链路、业务口径逻辑，熟悉各类数据产品的建设包括不限于端到端应用、数据报表、BI大屏等 3.撰写完整的数据需求文档，对接技术团队快速落地需求。 4.协助完成领域数据指标体系的整理和建设，沉淀数据资产。 任职资格： 1.3年以上相关工作经验，参与过数据项目或海外项目优先 2.熟练使用英语或日语进行日常工作交流者优先 3.美的数字化项目经验者优先。 4.具备优秀的沟通、协调能力，能够推动、管理项目进度，确保产品按计划上线实施。 工作地点 佛山顺德区美的总部大楼 以担保或任何理由索要财物，扣押证照，均涉嫌违法。一经发现， 立即举报,"软件产品,AI产品,数据产品,数据治理产品,大数据产品,数据中台产品,大模型产品,智能问答产品,ERP系统,财务系统,金融系统",http://www.zhaopin.com/jobdetail/CC000175860J40905607115.htm?refcode=4019&srccode=401901&preactionid=7c9e66e1-2bf2-4f7c-87c6-e10285e2960b
产品经理,三全食品,8000-15000元,郑州·惠济·长兴路,广州,本科,3-5年,7月3日,zhilian,职位描述 食品/饮料/酒水批发/零售/贸易 食品/饮品/烟酒制造 职责描述： 1. 制定产品年度策略，对产品线进行整体规划，完成年度产品开发计划； 2、国内外行业趋势分析、品类竞品商业资讯、消费者洞察及趋势分析，利用数据进行多维度分析得出结论指导实际工作； 3、负责新产品开发，利用市场数据识别新品机会并与广告公司协作完成新产品商品化概念，与供应链协作实现新产品商品化并组织上市； 4、现有产品生命周期管理，产品改良升级计划的拟定、组织和实施（升级包装、配方、价格体系等）； 5、对公司各渠道（KA，BC，便利店等）商品品类进行总体的规划与设置； 6、进行产品月度销售分析、差异分析及提出应对策略与促销建议； 7、对各品类的业绩及利润做出总体预算建议，及产品预算管控； 8、所负责品类产品及大型主题促销活动规划，监督执行。 任职要求： 1、热爱美食； 2、本科及以上学历，快消行业产品经理工作经验3年以上； 3、有成熟的0-1新品开发经验； 4、在总部层面策划上市过某个延展或者升级产品项目的上市工作； 5、较强沟通协调能力、和统筹能力； 6、较强的学习能力和分析能力；对市场动向和消费者研究有深入的理解 7、抗压能力强，适应出差。 工作地点 郑州惠济区长兴路 以担保或任何理由索要财物，扣押证照，均涉嫌违法。一经发现， 立即举报,"食品/饮料/酒水批发/零售/贸易,食品/饮品/烟酒制造",http://www.zhaopin.com/jobdetail/CC132020820J00304801703.htm?refcode=4019&srccode=401901&preactionid=7c9e66e1-2bf2-4f7c-87c6-e10285e2960b
产品经理,宁夏夏进乳业集团股份有限公司,8000-13000元,银川·兴庆区·胜利街街道,广州,大专,1-3年,7月17日,zhilian,岗位职责： 1. 确定产品策略及产品规划，开展市场调研和竞品分析； 2. 阐述产品定位设计，撰写产品需求文档，对产品流程等进行优化提升； 3. 跟进产品研发过程，制定项目计划，与研发团队沟通协作，保证产品质量和交付进度。 二、任职要求： 1. 大专及以上学历，市场营销等相关专业； 2.具有敏锐的把握产品动态的能力； 3. 有较强的数据分析和解决问题的能力； 4.具备良好的团队合作精神和沟通表达能力； 5.有快消品相关工作经验者优先考虑。 工作地点 银川兴庆区光耀中心 以担保或任何理由索要财物，扣押证照，均涉嫌违法。一经发现， 立即举报,"快速消费品,食品/饮料/酒水批发/零售/贸易,综合商贸",http://www.zhaopin.com/jobdetail/CC662338020J40866204002.htm?refcode=4019&srccode=401901&preactionid=7c9e66e1-2bf2-4f7c-87c6-e10285e2960b
产品经理,浪潮集团,1.1-2万,厦门·湖里·金山,广州,本科,3-5年,6月3日,zhilian,职位描述 OA系统 ERP系统 数据大屏 数据指标体系 产业互联网平台 软件/IT服务 工作职责 1. 负责公司内部业务系统、复杂管理系统、数据大屏、移动端应用等信息化产品的需求分析与产品设计。 2. 深入业务部门，调研业务流程、管理痛点和系统使用场景，提炼真实需求并形成产品方案。 3. 输出高质量产品文档，包括需求文档、原型说明、流程图、字段说明、权限规则、接口说明、验收标准等。 4. 独立完成产品原型设计，清晰表达页面结构、功能逻辑、交互流程和异常状态。 5. 梳理复杂业务流程和系统逻辑，能够识别关键节点、边界条件、数据流转和角色权限。 6. 结合 AI 工具提升需求分析、文档编写、原型构思、业务流程梳理和方案评审效率。 7. 与业务方、UI 设计师、开发、测试等角色协作，推动项目从需求到上线的完整交付。 8. 持续跟进系统使用情况，收集反馈并推动产品优化迭代。 任职要求 1. 本科及以上学历，计算机、信息管理、软件工程、工业工程或管理类相关专业优先；拥有3年以上产品经理经验，具备信息化产品、业务系统或企业级管理系统的设计与落地经验。 2. 具备敏锐的需求洞察能力，能从业务方的模糊表达中提炼核心问题与产品目标，转化为可执行的解决方案。 3. 逻辑分析能力突出，能处理复杂业务流程、多角色交互及跨系统数据流转场景，构建清晰的系统架构。 4. 熟练使用Axure、Figma等原型设计工具，能独立完成复杂产品的原型搭建与交互说明。 5. 具备良好的跨团队沟通协作能力，能有效协调业务、设计、开发等角色，推动项目高效推进。 6. 有AI工具（如ChatGPT、Notion AI等）辅助产品设计的经验者优先，能通过工具提升工作效率。 7. 【岗位为外包岗，在客户现场办公】 工作地点 厦门湖里区天地金融港1 以担保或任何理由索要财物，扣押证照，均涉嫌违法。一经发现， 立即举报,"OA系统,ERP系统,数据大屏,数据指标体系",http://www.zhaopin.com/jobdetail/CC120143600J40939782615.htm?refcode=4019&srccode=401901&preactionid=7c9e66e1-2bf2-4f7c-87c6-e10285e2960b
产品经理,苏州空谷网络科技有限公司,6000-10000元·13薪,苏州·工业园区,广州,本科,1-3年,7月3日,zhilian,岗位职责： 1、对接客户沟通需求，完成需求分析、方案流程设计、产品原型设计（MasterGo/Axure/Visio等），输出高质量产品需求文档； 2、参与研发进度管理，确认模块优先级，合理排期并跟进开发闭环； 3、参与产品上线验收测试，对接客户验收反馈，判断是否超出项目功能边界； 4、跟进项目后续维护与优化，持续完善产品功能，提升用户体验。 任职要求： 1、本科及以上学历，需要有AI产品经验，有ToB、低代码、软件管理经验优先，1年以上工作经验； 2、熟练使用MasterGo、Axure、Visio、思维导图等工具，能独立完成原型设计和产品文档； 3、逻辑思维强，业务理解能力好，能快速将业务需求转化为系统需求，具备产品创新能力； 4、沟通能力强，团队协作好，细致耐心，责任心强，对新技术有浓厚兴趣。 工作地点 苏州工业园区动漫大厦-8栋301室 以担保或任何理由索要财物，扣押证照，均涉嫌违法。一经发现， 立即举报,B端产品,http://www.zhaopin.com/jobdetail/CC390066910J40993151802.htm?refcode=4019&srccode=401901&preactionid=c993818e-6600-430a-b2e4-f9c182748237
产品经理,东软集团(大连)有限公司,8000-13000元,大连·甘井子·凌水,广州,本科,1-3年,7月21日,zhilian,岗位职责 1.市场与情报分析：深耕运营商反诈细分赛道，常态化收集行业政策、竞品动态、客户痛点等市场情报，完成信息梳理、研判归档，输出市场分析报告，为产品战略提供决策依据。 2.产品整体规划设计：承接公司安全产品整体战略，负责反诈类产品市场定位、商业化策略制定；输出中长期产品发展规划、市场落地拓展方案，统筹产品迭代路线。 3.全流程需求管理：深度调研三大运营商网信安客户一线业务需求，完成需求分析、业务设计、方案制定，跨研发、交付、售前团队推动需求落地闭环，持续迭代优化产品核心能力。 4.业务&技术方案支撑：熟悉反诈安全产品底层业务逻辑，针对项目重难点场景、关键技术卡点输出适配性解决方案，支撑售前交流、项目投标、客户技术答疑等全流程技术支持工作。 任职要求： 1. 擅长跨部门沟通协同，性格积极主动，热爱行业调研与市场分析工作，拥有客户视角与商业化落地思维，能够适配常态化客户对接、行业交流工作，可接受常态化出差； 2. 具备扎实的信息梳理、逻辑研判能力，文档功底良好，能够独立撰写市场分析报告、产品规划文档、客户技术解决方案； 3. 熟悉移动、电信、联通、广电运营商体系及项目运作流程，具备运营商网络安全、信息安全、业务支撑、核心网、反诈相关项目落地实操经验者优先； 4. 有跨部门项目统筹、投标方案编制、客户现场方案宣讲相关经历者优先。 5. 本科及以上学历，1-3 年通信行业、网络安全、政企解决方案、产品经理、咨询售前等相关工作经验，有TO B产品经验优先； 6. 掌握产品规划、方案设计、需求拆解分析相关专业能力； 工作地点 大连甘井子区东软河口软件园 以担保或任何理由索要财物，扣押证照，均涉嫌违法。一经发现， 立即举报,B端产品,http://www.zhaopin.com/jobdetail/CC120399300J40956886715.htm?refcode=4019&srccode=401901&preactionid=c993818e-6600-430a-b2e4-f9c182748237
产品经理,百宸健康科技(南京)有限公司,5000-7000元,南京·雨花台·铁心桥,广州,大专,1-3年,6月25日,zhilian,岗位职责： 1.产品策略与市场调研 开展行业政策、临床需求、竞品与渠道调研，制定产品定位、定价与推广策略。 输出市场分析、产品规划、迭代建议，支撑公司业务决策。 2.产品培训与销售赋能 为全国销售团队提供产品知识、临床价值、操作要点、竞品对比、攻防话术培训。 制作标准化方案、报价模板、FAQ、演示流程，提升团队成交效率。 3.市场宣传与展会活动 配合市场部制作宣传物料：彩页、手册、PPT、视频、软文等，统一对外口径。 主导 / 参与展会、学术会议、客户沙龙，负责产品讲解、现场演示与客户对接。 4.招投标全流程支持 解读招标文件，编制技术应答、参数响应、方案标书、资质证明。 配合述标、答疑、现场演示，提升项目中标率。 5.市场拓展与客户支持 陪同重点客户拜访，提供产品讲解、临床方案、技术答疑。 收集客户需求与问题，推动产品优化与服务升级，提升客户满意度。 6.产品全生命周期管理 协同研发、注册、质量、生产团队，推进产品立项、研发、注册、上市与迭代。 跟踪产品销量、毛利、客户反馈，持续优化产品竞争力。 任职要求： 1. 大专及以上学历，医学、生物医学工程、市场营销等相关专业优先，有医疗器械行业产品相关经验者优先。 2. 熟悉市场调研、竞品分析、产品定位与推广策略，能独立输出产品规划与市场分析报告。 3. 具备良好的培训与宣讲能力，可独立完成产品培训、课件制作、销售赋能及客户演示讲解。 4. 了解医疗器械招投标流程，能独立编制技术应答、参数响应、标书材料，有招投标经验优先。 5. 具备较强的跨部门协同能力，能有效对接研发、注册、生产、销售等团队推进产品落地。 6. 沟通表达优秀，有客户对接、学术会议/展会支持经验，执行力强，能适应短期出差。 薪资标准：5000元/月（根据经验与能力面议） 福利待遇：社保、公积金、餐补、带薪年假、节日福利、绩效奖金等 工作地址：江苏省南京市雨花台区铁心桥街道软件大道178号汇智城D栋4楼质能工坊502 工作时间：8:30-17:30；双休 工作地点 南京雨花台区汇智城D栋4楼质能工坊502 以担保或任何理由索要财物，扣押证照，均涉嫌违法。一经发现， 立即举报,国内市场,http://www.zhaopin.com/jobdetail/CCL1484799800J40936128115.htm?refcode=4019&srccode=401901&preactionid=c993818e-6600-430a-b2e4-f9c182748237
产品经理,北京杜克泰克科技有限公司,1-1.4万,武汉·东湖高新区,广州,本科,经验不限,7月16日,zhilian,岗位职责： 1. 确保公司关键项目按时完成，掌握项目进展情况； 2. 撰写并发布产品宣传和培训资料，为新员工、销售人员、代理商等提供产品培训和考核； 3. 策划负责产品的线上、线下推广活动，包括讲座、展会、行业会议等； 4. 制定市场营销活动计划，进行市场调研和需求分析； 5. 提供销售活动的技术支持，包括技术交流、技术方案的编写和论证报告等； 6. 建立产品档案体系，管理产品的生命周期，定期评估产品销售情况和市场需求，提供产品优化和研发建议；关注竞争对手动态，收集竞争对手价格、促销等信息，提出改进建议。 任职要求： 1. 男女不限，拥有大学本科学历，专业包括但不限于自动化、电子信息、光电信息、测控技术与仪器、控制工程、计算机、分析化学、环境科学、材料科学、大数据管理、市场营销等。 2. 具备良好的英文阅读能力和文字组织能力，熟练使用办公软件，具备良好的英语口语者优先考虑。 3. 具备市场调研和数据分析能力，能够独立进行市场需求分析和竞争对手调研。 4. 出色的沟通和协调能力，能够与不同部门及合作伙伴进行有效的沟通和协作。 5. 出色的演讲能力和抗压能力，具备突出的创新能力者优先考虑。 6. 熟悉行业内产品竞争格局和市场发展趋势者优先考虑。 福利待遇：五险一金、周末双休、补充医疗 工作地点 武汉市东湖新技术开发区民族大道327-1国知大厦207室 以担保或任何理由索要财物，扣押证照，均涉嫌违法。一经发现， 立即举报,"微量气体检测,半导体/芯片,电子设备制造,仪器仪表,工业自动化/机器人",http://www.zhaopin.com/jobdetail/CC672980020J40541909304.htm?refcode=4019&srccode=401901&preactionid=c993818e-6600-430a-b2e4-f9c182748237
产品经理,江苏宁杨新材料科技有限公司,4000-8000元,常州·金坛·东城,广州,大专,1-3年,1月27日,zhilian,职位描述 电商产品 增长产品 商业化产品 跨部门沟通协调 供应链管理 采购经历 电子设备制造 新材料 工业自动化/机器人 工作职责 1. 主导工业电气辅材供应链产品的全生命周期管理，从需求调研、产品规划到落地实施全流程负责。 2. 深度联动供应链、技术、销售团队，精准转化业务需求为可落地的产品方案，保障产品高效上线。 3. 持续追踪产品运营数据，快速响应客户反馈，迭代优化产品功能与体验，提升供应链运转效率。 任职要求 1. 专科及以上学历，具备2年以上供应链产品经理工作经验，熟悉供应链核心业务流程。 2. 了解供应链相关系统与技术逻辑，能有效对接技术团队推进产品开发。 3. 拥有优秀的跨部门沟通协调能力，具备强责任心、执行力及抗压能力。 工作地点 常州金坛区龙盛塑料管厂向北500米 以担保或任何理由索要财物，扣押证照，均涉嫌违法。一经发现， 立即举报,"电商产品,增长产品,商业化产品,跨部门沟通协调,供应链管理,采购经历",http://www.zhaopin.com/jobdetail/CCL1513931530J40822061211.htm?refcode=4019&srccode=401901&preactionid=c993818e-6600-430a-b2e4-f9c182748237
产品经理,中科软科技股份有限公司,8000-10000元,重庆·两江新区,广州,本科,3-5年,7月23日,zhilian,岗位职责： - 具备丰富的互联网多端产品落地经验，深耕B/C/G端互联网产品赛道，主导SRM、CRM、RPA、AI智能化系统及社区物联网互联网平台从零到一搭建、上线落地及持续迭代优化。 - 兼任ITBP模式推进互联网数字化项目，统筹内外部团队协同，梳理互联网业务场景需求、协调研发与业务资源，高效推进各类互联网数字化产品项目落地交付。 - 深度拆解互联网数字化业务场景，提炼标准化互联网产品模块，梳理全量业务异常逻辑；输出规范PRD，完成互联网产品需求拆解、MVP验证、版本上线及常态化迭代优化。 任职要求：- 熟悉互联网B/C/G三端产品设计与运营逻辑，具备AI、RPA、物联网等互联网创新产品平台搭建落地经验，拥有丰富的互联网数字化项目从零到一实战能力。 - 有ITBP工作经历，擅长跨部门沟通、多方对齐、资源统筹，具备优秀的项目推进与问题解决能力。 - 拥有2年UI设计经验，可从产品、设计双视角推进项目；熟练输出PRD、原型，擅长业务标准化梳理和产品落地攻坚。 - 互联网产品思维突出，逻辑清晰、抗压性强，具备优秀的互联网业务拆解、自主迭代能力，可独立主导复杂数字化互联网产品项目落地。 工作地点 两江新区国家机器人质量检验检测中心(重庆) 以担保或任何理由索要财物，扣押证照，均涉嫌违法。一经发现， 立即举报,"AI产品,软件产品,UI设计",http://www.zhaopin.com/jobdetail/CC120160390J40833240316.htm?refcode=4019&srccode=401901&preactionid=c993818e-6600-430a-b2e4-f9c182748237
产品经理,东北制药,8000-10000元,沈阳·铁西·中朝友谊街,广州,本科,1-3年,7月3日,zhilian,岗位职责： 1.分析产品市场容量、市场格局及竞争状态，制定产品短期、中长期销售战略。 2.制定年度销售指标计划、销售策略、产品市场推广策略。 3.推动年度销售指标达成，负责产品价格、政策备案、年度协议量等审核、审批等相关工作。 4.制定产品知识培训计划、建立产品专家网络、提供相关的培训资料和推广工具等学术推广相关工作。 任职条件： 1.本科及以上学历，硕士学历优先考虑，医学、药学等相关专业。 2.三年及以上中央市场部工作经验，一年及以上中央市场部产品经理工作经验，同时兼具销售岗位经验者优先。 3.曾独立主导或核心参与过医药产品的市场调研、产品定位、营销策略制定、学术推广活动策划与执行、产品上市或品牌升级等关键项目，且能提供可验证的项目成果（如产品市场份额提升数据、销售业绩增长数据、学术活动影响力评估报告等）。 4.适应全国范围内不定期、不定时出差。 工作地点 铁西区沈阳经济技术开发区昆明湖街8号 以担保或任何理由索要财物，扣押证照，均涉嫌违法。一经发现， 立即举报,"产品控价,医药产品市场调研,产品定位,学术推广",http://www.zhaopin.com/jobdetail/CC522455620J40792694607.htm?refcode=4019&srccode=401901&preactionid=c993818e-6600-430a-b2e4-f9c182748237
产品经理,三一集团有限公司,1.5-2.5万·13薪,西安·长安·马王,广州,本科,3-5年,6月25日,zhilian,岗位职责： 1.负责属地市场洞察工作，可完成区域产品规划。 2.负责属地客户需求&痛点挖掘以及工况场景调研。 3.负责收集整理属地行业资讯、竞品动态、政策法规等信息。 4.负责新品上市支持、客户试用反馈以及产品竞争力调研。 任职资格: 1.两年以上矿山机械产品研发及相关岗位经验，煤矿产品经验优先。 2.有较强沟通、协调能力，良好的学习能力及调研分析能力。 3.良好的团队意识，有产品规划、市场调研相关经验优先。 工作地点 西安长安区三一智能装备有限公司 以担保或任何理由索要财物，扣押证照，均涉嫌违法。一经发现， 立即举报,"工业自动化/机器人,电气机械/电力设备,专用设备制造",http://www.zhaopin.com/jobdetail/CC134218700J40870425510.htm?refcode=4019&srccode=401901&preactionid=c993818e-6600-430a-b2e4-f9c182748237
产品经理,北京银丰新融科技开发有限公司,1.2-1.5万,杭州·萧山·盈丰,广州,本科,5-10年,7月16日,zhilian,职位描述 反洗钱 银行 1、统招本科5年以上，至少3年以上产品经理相关工作经验，计算机、信息管理、金融经济类相关专业优先； 2、熟悉银行业产品、业务及反洗钱相关法律法规、监管要求，有5年以上反洗钱从业经验，3年以上反洗钱产品分析设计经验的优先； 3、具有反洗钱系统项目实施的经验，熟悉各类反洗钱系统（包括反洗钱管理工具、反洗钱图谱平台、数据治理、自评估指标设计等）产品设计及开发细节，参与过5个以上反洗钱系统项目实施； 4、较强的沟通、协调、指导、技术实施推动和控制能力，良好的语言、文字表达能力； 5、此岗位需要能够接受出差。 工作地点 杭州萧山区浙江农商联合银行科技大楼 以担保或任何理由索要财物，扣押证照，均涉嫌违法。一经发现， 立即举报,反洗钱,http://www.zhaopin.com/jobdetail/CC121069040J40887643713.htm?refcode=4019&srccode=401901&preactionid=c993818e-6600-430a-b2e4-f9c182748237
产品经理,汉威科技集团股份有限公司,1-1.8万,郑州·枫杨,广州,本科,1-3年,7月25日,zhilian,"岗位职责： 1、 负责承接集团整体战略要求，制定本产品线业务发展规划，确保产品线业务目标达成； 2、 负责产品线重点平台产品开发管理，完成新产品定义及销量目标设定，开展项目策划，管理监控新产品开发项目关键里程碑； 3、 负责整合各子公司产品需求，制定产品线整体产品组合策略；挖掘新兴市场机会，并制定产品解决方案； 4、 负责产品线全生命周期管理：新产品上市推广，产品竞争力管理，产品评价，产品退市管理； 5、 其他产品管理相关工作。 任职要求： 1.大学本科（含）以上学历，电子电器、信息技术、计算机、物联网等其他相关专业； 2. 2年以上电子产品或物联网行业产品管理相关工作经验，熟悉硬件开发或嵌入式系统构成和应用,具备带领团队项目的经验，具备传感器、智能仪器仪表研发及应用行业背景优先； 3. 掌握需求研究和市场分析的基本方法和工具，能深入理解客户需求和产品应用场景，洞察行业发展趋势； 4.具备强烈的市场和客户意识，有内驱力和进取心，团队协作精神强，组织协调能力突出。 职位福利：五险一金、绩效奖金、交通补助、餐补、带薪年假、免费班车、节日福利 工作地点 郑州高新技术产业开发区雪松路169号 以担保或任何理由索要财物，扣押证照，均涉嫌违法。一经发现， 立即举报","B端产品,物联网,云计算,电子行业,IT/互联网",http://www.zhaopin.com/jobdetail/CC137078130J40165162806.htm?refcode=4019&srccode=401901&preactionid=c993818e-6600-430a-b2e4-f9c182748237
产品经理,河南省晟慧医药科技有限公司,4000-8000元,郑州·管城·金岱,广州,大专,1-3年,3月16日,zhilian,职位描述 医药 招聘岗位：医药产品经理 1-2名 职位描述： 1. 学术信息传递： 深度解读产品相关医学知识、临床数据及指南共识，向医学专家、医生、药师等专业人士精准传递产品学术信息。 2. 学术活动策划与执行： 组织并参与区域学术会议、科室会、研讨会等，策划高质量的学术内容，提升产品学术影响力。 3. 市场洞察与分析： 收集并分析市场动态、竞品信息及临床需求，为市场策略制定提供有力支持。 4. 内部协同： 与销售团队紧密协作，提供必要的学术支持与培训，共同达成市场目标。 职位要求： 1. 学历专业： 临床医学、药学、药理学、生物科学等相关专业，大专及以上学历。 2. 工作经验： 具有1年以上 药品学术推广或相关领域工作经验。 3. 核心能力： · 出色的学术演讲和沟通表达能力，能够自信地与医学专家进行学术交流。 · 强大的学习能力，能快速掌握复杂的医学知识和临床数据。 · 具备优秀的演讲技巧和活动组织能力。 · 良好的团队合作精神和跨部门协作能力。 · 能适应区域内的短期出差。 4. 职业素养： 诚信合规，对医药行业有热情，具备高度的责任心和自驱力。 我们为您提供： · 具有竞争力的薪酬福利： 基本薪资 + 绩效奖金 + 各项补贴（交通、通讯等）。 · 完善的福利体系：社保、带薪年假、节日福利、团建旅游等。 如果您渴望在医药学术领域深耕，我们诚挚邀请您的加入！ 办公地址：河南省郑州经开区第一大街经北一路6号 上班时间:8:30-12:00 13:30-17:30 工作地点 郑州管城回族区新亚大厦 以担保或任何理由索要财物，扣押证照，均涉嫌违法。一经发现， 立即举报,医药,http://www.zhaopin.com/jobdetail/CCL1456303270J40888698715.htm?refcode=4019&srccode=401901&preactionid=c993818e-6600-430a-b2e4-f9c182748237
产品经理,河南策知科教有限公司,8000-13000元,郑州·金水·祭城路,广州,本科,3-5年,3月18日,zhilian,岗位职责： 1. 负责公司产品项目规划，需求管理及实施推动； 2. 协调内外部资源，确保接手项目按时交付并高质量上线； 3. 撰写系统文档； 4. 跟踪和协调产品问题，持续优化产品，协调和推动问题解决； 5. 根据公司规划全面负责所负责产品线与内外部单位的技术合作； 6. 完成所负责产品的方案设计，产品的定制、研发、核准和交付等； 7. 负责行业内同类产品的竞品调研及分析。 岗位要求： 1. 本科及以上学历，3年以上产品设计经验； 2. 逻辑清晰，善于思考用户需求本质，有很强的逻辑思维能力和解决问题的能力、能理解和抽象业务逻辑； 3. 具有行业解决方案规划、市场推广及交付指导能力； 4. 具有良好的行业、竞品、数据分析能力； 5. 具有需求分析、产品规划与产品设计能力； 6. 有较好的文档输出能力； 7. 学习能力强，并具备良好的主观能动性，较强的项目推进能力和沟通协作能力。 工作地点 郑州金水区永和龙子湖中央广场-A座北塔7楼708 以担保或任何理由索要财物，扣押证照，均涉嫌违法。一经发现， 立即举报,AI产品,http://www.zhaopin.com/jobdetail/CC801054320J40849020314.htm?refcode=4019&srccode=401901&preactionid=c993818e-6600-430a-b2e4-f9c182748237
产品经理,安徽金脉通信息咨询有限公司,1-2万,合肥·包河·包公,广州,学历不限,经验不限,6月27日,zhilian,职位描述 销售经验 高提成 金融产品 金融科技/数字金融 金融助贷，直客公司，不做AB贷和转介绍！ 合伙人模式，统提50%！现结!!!多劳多得，上不封顶! 数据网推机器人等 周一到周五:早八点半晚六，周六休息， 周日:早九点半晚六。 法定节假日正常休息，数据都是一手精准资源，不打白名单! 地址在金中环广场B座1909，有意者私哦 工作地点 合肥包河区金中环广场-B座1909 以担保或任何理由索要财物，扣押证照，均涉嫌违法。一经发现， 立即举报,"销售经验,高提成,金融产品",http://www.zhaopin.com/jobdetail/CCL1503488560J40818817816.htm?refcode=4019&srccode=401901&preactionid=4611ec25-10da-4284-b706-ac1f6356c7a1
产品经理,浙江咸亨创新产业中心有限公司,6000-10000元,杭州·拱墅·东新,广州,本科,经验不限,4月21日,zhilian,职位描述 AI产品 软件产品 计算机软件 人工智能 课外培训与资格考试 工作职责 1.区域支持与出差协作：承担全国范围内的出差任务（主要是各分公司），支持各地分公司及客户现场的产品落地、培训指导与需求对接工作，确保产品推广与服务质量。 2.分公司产品赋能培训：独立策划并执行面向全国分公司的产品培训体系，包括AR功能操作、场景化应用案例等培训，通过现场/远程方式实施培训，并跟踪培训效果，确保分公司团队熟练掌握产品核心功能与AR应用场景。 3.AR相关影像采集协助：具备基础摄影能力，可远程指导或现场配合技术团队完成客户场景下的空间、产品应用案例拍摄等AR素材采集工作。 4.销售方案协同支撑：协同销售团队开展客户需求调研，输出包含AR场景化设计的定制化产品解决方案，参与客户方案演示与细节沟通，助力销售完成项目签约与落地执行。 任职资格 1、学历：本科及以上 2、专业：理科类、信息化类 3、经验：不限 5、素质要求：诚信、抗压、接受频繁出差、基础摄影技术 福利待遇： 1、保险保障：五险一金；年度免费体检； 2、团队建设：部门定期团建； 3、礼品礼金：节假日福利、高温补贴、餐补； 4、带薪假期：法定节假日、年休假、婚假、产假； 工作地点 杭州拱墅区咸亨科技大厦 以担保或任何理由索要财物，扣押证照，均涉嫌违法。一经发现， 立即举报,"AI产品,软件产品",http://www.zhaopin.com/jobdetail/CCL1293686420J40768648106.htm?refcode=4019&srccode=401901&preactionid=4611ec25-10da-4284-b706-ac1f6356c7a1
产品经理,扬子江药业集团,8000-15000元,哈尔滨·香坊·哈平路,广州,本科,3-5年,7月25日,zhilian,职位描述 精神科 神经科 化学药 生物药 中药 负责产品:西药百乐眠 1.市场调研分析：根据区域产品发展的需求制定调研计划，为产品的全生命周期发展、设计等做准备； 2.策略制定及优化：年度/季度区域产品发展规划的BP、POA制定及推进执行； 3.产品发展研究：研究产品特点，结合区域市场情况制定该产品在本区域的推广策略及发展方向； 4.专家建设与维护：建立和维护与专家的关系，了解领域发展需求 任职资格: 1.具备中枢神经领域、精神领域产品线管理经验优先。本科及以上学历，医药学相关专业，3年及以上产品经理岗位工作经验，具备一线销售业务经验者优先； 2.熟悉医药产品知识和市场环境，了解相关法律法规； 3.熟悉药品销售，学术推广流程； 4.具备良好的市场判断能力，能够敏锐地把握市场动态； 5.具备较强的学习能力、表达能力、沟通能力。 工作地点 哈尔滨香坊区凯旋广场-东区3505 以担保或任何理由索要财物，扣押证照，均涉嫌违法。一经发现， 立即举报,"精神科,神经科,化学药,生物药,中药",http://www.zhaopin.com/jobdetail/CC131937030J40862217001.htm?refcode=4019&srccode=401901&preactionid=4611ec25-10da-4284-b706-ac1f6356c7a1
产品经理,湖州尚易智捷科技有限公司,4000-8000元,湖州·吴兴区·八里店镇,广州,本科,1年以下,7月20日,zhilian,职位描述 产品策划 产品经理 文案撰写 一、任职要求: 1、市场营销、新闻等相关专业背景，本科及以上学历，应届生可培养； 2、良好的沟通表达能力，良好的学习能力。适应外出与出差，利用一切可调动资源解决问题而获得结果； 3、了解客户、市场和产品线动态，把握行业市场趋势，进行销售预测和市场挖掘，有成功的开拓市场案例者优先考虑; 4、具备较强的市场敏感度、沟通表达能力及商务谈判技巧，能独立完成客户开发与维护； 5、熟悉机器视觉产品、边缘处理设备产品、军工电子产品优先； 二、岗位主要内容: 1. 产品宣传与物料优化：一方面是负责公司核心产品的宣传推广工作，具备优秀的文字功底，能够依托公司现有产品画册、技术手册、案例资料等各类宣传素材，针对机器视觉、边缘处理设备、军工电子产品特性，完成宣传文案的深度打磨、内容优化、措辞升级及内容升华，从而提升宣传内容专业性、可读性与市场传播适配度；另一方面是负责产品宣传视频的剪辑、优化工作，输出贴合产品特性、适配市场推广的宣传物料。 2. 招投标与项目跟进：负责参与公司各类项目招投标工作，全程跟进项目实施进度，对接各相关环节，及时协调解决项目推进过程中的问题，保障项目高效、有序落地交付。 3. 客户对接与方案定制：负责接待客户前期咨询，深度挖掘客户需求，结合客户实际使用场景、行业应用需求，为客户定制匹配的机器视觉、边缘处理设备、军工电子相关产品解决方案，提供专业化售前支持。 4. 客户维护与行业调研：定期对已成交设备客户进行回访，完整记录回访信息、客户反馈及设备使用情况；根据市场趋势及需求变化，及时整理、反馈行业动态与市场信息，为产品推广及业务优化提供依据。 5. 市场拓展与渠道维护：依托公司现有客户资源，持续对外挖掘、收集新增客户资源，完成客户信息的整理、归档与管理；维护各类合作渠道及客户关系，搭建稳定的客户与渠道体系，助力公司业务持续拓展。 福利： 1、入职就按国家规定缴纳五险一金； 2、享受双休、年假等各类带薪假期； 工作地点 吴兴区湖州尚易智捷科技有限公司 以担保或任何理由索要财物，扣押证照，均涉嫌违法。一经发现， 立即举报,"产品策划,产品经理,文案撰写",http://www.zhaopin.com/jobdetail/CCL1491485190J40894071713.htm?refcode=4019&srccode=401901&preactionid=4611ec25-10da-4284-b706-ac1f6356c7a1
产品经理,天津国药普济医药有限公司,5000-8000元,天津·河西·陈塘庄,广州,本科,1-3年,3月23日,zhilian,职位描述 HIS系统 智慧医疗 计算机软件 软件/IT服务 工作职责 1. 负责软件产品的逻辑梳理与架构设计，输出清晰的产品需求文档与原型方案。 2. 负责与需求方的需求对接工作，确保需求转化的准确性。 3. 参与售前方案的辅助工作，向客户清晰呈现软件产品的价值与落地路径，助力项目转化。 4. 协调好研发和设计环节，推动软件产品方案的落地执行，确保项目按计划交付。 任职要求 1. 具备软件产品经理、方案工程师、售前支持等工作经验。 2. 拥有需求分析能力，能快速梳理业务逻辑，输出结构化的产品文档。 3. 具备优秀的沟通表达能力与理解能力，能高效与业主及内部团队对接，准确传递需求与方案信息。 4. 熟悉流程，能结合行业特性设计贴合业主需求的软件产品功能。 工作地点 河西区天津国药普济医药有限公司 以担保或任何理由索要财物，扣押证照，均涉嫌违法。一经发现， 立即举报,"HIS系统,智慧医疗",http://www.zhaopin.com/jobdetail/CC256357610J40853149105.htm?refcode=4019&srccode=401901&preactionid=4611ec25-10da-4284-b706-ac1f6356c7a1
产品经理,山东亿嘉农化有限公司,8000-12000元,潍坊·寿光·古城,广州,大专,5-10年,4月1日,zhilian,岗位职责： 1.开发并维护产品路线图，跟踪市场趋势和用户反馈，快速响应变化并做出调整。 2.组织用户研究并深入了解用户需求，挖掘用户痛点并提供有针对性的解决方案。 3.制定产品推广计划和策略，协调各部门落实执行计划，提升产品在市场上的影响力和竞争力。 4.快速捕捉行业新技术与产品创新趋势，转化为产品优化方向 5.主动借鉴优秀产品的运营模式与创新思路，优化自身产品管理方法​ 6.从销售数据、市场反馈中总结经验，持续迭代产品规划与推广方案 任职要求： 1.本科及以上学历，植保学、农学等相关专业优先，优秀者可放宽​至大专。 2.5 年及以上农药行业产品管理/市场管理相关经验，含 2 年及以上产品全周期管理经历；或有成功主导新产品上市 / 迭代、提升市场占有率的案例。 3.精通农化市场与竞品分析，能洞察客户痛点与行业趋势，主导过年市场规模超5000万元的产品线规划，或成功打造2款以上年销超1000万元的明星产品。 4.主导过3个以上新品从立项到上市的全流程。 5..具备产品生命周期管理能力，制定数据驱动的推广与迭代策略。 6.能结合产品卖点与品牌优势策划营销活动，赋能销售与渠道，建立产品市场声誉，实现持续增长。 工作地点 潍坊寿光市山东亿嘉农化有限公司 以担保或任何理由索要财物，扣押证照，均涉嫌违法。一经发现， 立即举报,"农/林/牧/渔,化工",http://www.zhaopin.com/jobdetail/CC348122320J40825782610.htm?refcode=4019&srccode=401901&preactionid=4611ec25-10da-4284-b706-ac1f6356c7a1
产品经理,科都电气股份有限公司,1.5-2.5万,温州·乐清市·盐盆街道,广州,大专,3-5年,8月30日,zhilian,职位描述 开关 英语 电气机械/电力设备 电子设备制造 仪器仪表 1.5年以上低压电器或开关行业经验，3年以上产品经理同岗位工作经历。 2.熟悉低压电器或开关行业市场，有较强的市场洞察、竞品分析、产品规划能力。 3.有完整的产品生命周期管理经验，具备低压电气或开关专业知识。 4.责任心强、协调和沟通能力强。 5.有良好英文基础者优先。 工作地点 温州乐清市科都电气股份有限公司虹桥镇蒲岐工业区C座 以担保或任何理由索要财物，扣押证照，均涉嫌违法。一经发现， 立即举报,"开关,英语",http://www.zhaopin.com/jobdetail/CCL1330270960J40797251514.htm?refcode=4019&srccode=401901&preactionid=4611ec25-10da-4284-b706-ac1f6356c7a1
产品经理,江西泽坤贸易有限公司,6000-12000元,南昌·青山湖·京东镇,广州,大专,3-5年,7月22日,zhilian,职位描述 国际市场 北美区域 欧洲区域 研产销一体，做我们自己的品牌，有我们自己的工厂 职位内容： 1. 市场研究与机会挖掘: 深入研究欧美市场，分析消费者痛点、市场趋势和竞争格局，提出有竞争力的产品开发方向。 2. 数据驱动产品选品: 进行市场容量、销量预估、竞争强度、利润空间等维度的综合分析，完成产品的可行性论证。 3. 打样跟进: 负责新产品从概念到上市的全流程管理，包括但不限于：打样跟进、功能与材料确认、成本核算等，确保产品设计符合市场需求和品质标准。 4. 竞品分析与供应链协作: 深度分析竞争对手的产品、定价、review、营销策略，提炼优劣势，为我们的产品改进依据。协同采购及供应链团队，完成供应商开发、样品评估、议价及初期订单下达，确保产品按时、按质、按量上线。 5. 产品上市与生命周期管理: 协同运营、营销团队，制定新产品的上市推广计划、关键词策略及卖点提炼。跟踪产品上市后的销售数据与用户反馈，持续进行产品迭代优化，管理产品生命周期，提升产品竞争力与市场份额。 工作地点 青山湖区南昌华润万象汇8栋39层 以担保或任何理由索要财物，扣押证照，均涉嫌违法。一经发现， 立即举报,"国际市场,北美区域,欧洲区域",http://www.zhaopin.com/jobdetail/CC852928400J40833016416.htm?refcode=4019&srccode=401901&preactionid=4611ec25-10da-4284-b706-ac1f6356c7a1
产品经理,思特奇,9000-16000元,重庆·渝北,广州,本科,1-3年,7月24日,zhilian,职位描述 通信运营商/电信增值服务 加入思特奇你将： 1、负责产品的运营，响应客户问题，详细调研客户需求，并形成文档。 2、结合客户诉求、协同产品、开发，落地并交付运营需求 3、定期输出运营分析报告，反馈客户问题进展，系统运营情况等信息。 4、推进系统、产品的推广、培训工作。 如果你是： 1、国家正规院校本科及以上学历； 2、两年及以上工作经验； 3、熟悉Axure、visio 等软件；熟练使用office 工具，如excel、PPT等； 4、具备独立编写运营报告能力； 5、有激情和责任心，沟通协调能力强，逻辑性好，学习能力、抗压能力强； 6、有运营商行业背景优先。 7、能够熟练使用AI工具/模型辅助完成工作，具备借助AI能力提升工作效能的意识与实践经验;有AI模型二次开发或自主构建相关经验者优先 工作地点 重庆渝北区双子座B 以担保或任何理由索要财物，扣押证照，均涉嫌违法。一经发现， 立即举报,通信运营商/电信增值服务,http://www.zhaopin.com/jobdetail/CC120747250J40864223011.htm?refcode=4019&srccode=401901&preactionid=4611ec25-10da-4284-b706-ac1f6356c7a1
产品经理,东方通信,9000-11000元,重庆·两江新区,广州,本科,3-5年,5月22日,zhilian,岗位职责 1. 负责业务产品从 0到1 整体搭建与落地，独立主导新品的整体规划、产品架构设计，梳理产品整体业务逻辑、模块架构、功能体系，搭建完整产品业务框架。 2. 负责前期需求调研与拆解，对接业务方、研发、用户收集核心需求，甄别有效需求，对需求进行梳理、拆分、优先级排序，输出清晰的需求拆解方案。 3. 熟练开展原型设计、需求文档撰写工作，使用原型工具输出高保真/低保真原型图，规范编写PRD需求文档、产品方案、迭代说明书，保证文档逻辑清晰、完整可落地。 4. 跟进项目全流程推进，配合研发团队完成需求评审、技术对接、开发跟进，同步推进项目进度，及时协调解决开发过程中的需求问题、业务分歧。 5. 负责业务功能测试及验证，产品开发完成后开展功能自测、流程走查、场景验证、BUG跟进闭环，确保产品功能符合需求设计、业务流程顺畅可用，保障产品顺利上线。 6. 持续跟进产品上线后的用户反馈与业务数据，迭代优化产品功能，优化用户体验与业务流程，持续提升产品落地效果。 工作地点 重庆两江新区嘉州路 以担保或任何理由索要财物，扣押证照，均涉嫌违法。一经发现， 立即举报,数据产品,http://www.zhaopin.com/jobdetail/CC000537240J40860903909.htm?refcode=4019&srccode=401901&preactionid=4611ec25-10da-4284-b706-ac1f6356c7a1
产品经理,深圳市法本信息技术股份有限公司,8000-9000元,重庆·两江新区,广州,本科,5-10年,4月29日,zhilian,职位描述 G端产品 此岗位需要一本或以上学历 2-3轮面试 参与业务分析、产品需求分析、产品规划设计及产品方案编写；制定产品研发计划，协助研发团队推进研发进度，确保需求快速迭代；开展平台产品的市场竞品分析和项目分析，为产品改进与阶段目标提供支持；指导产品UI/UE设计，绘制低保真模型、高保真模型、设计效果图等成果物。 有实际较丰富的软件产品设计工作经验；较强的业务抽象能力和系统设计能力，擅长产品和业务规划；熟悉大数据、人工智能等设计和发展方向；有SaaS企业服务产品设计相关工作经验；对产品的基本方法论有结合实践经验的认知，包括：产品架构、功能设置、用户交互、效果度量等；熟练完成交互原型、流程图及相关高保真细节设计，精通相关软件技能（Axure、Sketch、Figma)等；较强的组织协调、学习提升、口头和文字表达沟通能力。本科及以上学历，计算机、金融、经济管理、统计学、应用数学、数据挖掘等等相关专业毕业；具有5年及以上相关实际工作经验。能力优秀者可适当放宽条件。 工作地点 科技金融中心-二期重庆市两江新区科技金融中心2期(创富路西)3栋 6楼） 以担保或任何理由索要财物，扣押证照，均涉嫌违法。一经发现， 立即举报,G端产品,http://www.zhaopin.com/jobdetail/CC385622410J40770326306.htm?refcode=4019&srccode=401901&preactionid=4611ec25-10da-4284-b706-ac1f6356c7a1
产品经理,惠州雷士光电科技有限公司,1.3-1.8万·14薪,中山·古镇镇,广州,大专,5-10年,6月23日,zhilian,岗位职责 1、产品体系市场调研与分析、竞品分析 2、产品体系规划 3、产品组织与实现 4、产品全生命周期管理 5、产品培训 二、任职要求 1、有家居灯饰行业8年以上产品管理工作经验 2、有独立产品规划及组织、实施业绩及经验 3、对产品结构有较强的专业能力 4、对电气、智能系统有基础性了解或认识 5、表达能力强 6、有美术功底优先 7、有灯饰设计能力优先 8、有文创类产品实施经验优先 9、有行业知名品牌工作经验优先（马斯登、褚灯、奥斯哥纳、新特丽、圆方园等） 工作地点 中山雷士照明 以担保或任何理由索要财物，扣押证照，均涉嫌违法。一经发现， 立即举报,家电批发/零售/贸易,http://www.zhaopin.com/jobdetail/CC637915820J40832753711.htm?refcode=4019&srccode=401901&preactionid=4611ec25-10da-4284-b706-ac1f6356c7a1
产品经理,亿达信息,1-1.3万,佛山·顺德·北滘,广州,本科,3-5年,7月14日,zhilian,职位描述 Axure 墨刀 数据分析工具 英语沟通能力 供应链 1、相关领域业务知识：熟悉【供应链领域】的核心业务概念和流程，能够独立完成产品部分模块的需求分析、设计，并参与产品的开发、测试和上线等环节。 2、项目管理能力：熟练掌握项目管理的方法和工具，能够独立制定详细的项目计划，跟踪项目进度，管理项目风险，确保项目按时交付。 3、产品建设能力：具备较强用户需求分析能力，能够独立开展用户调研、需求收集和竞品分析。能够撰写详细的需求文档，并能与开发团队有效沟通，确保需求的准确实现。熟悉AI技术的基本应用，能够初步评估AI技术在需求实现中的可行性。 4、工具使用能力：熟练使用原型设计工具（如Axure、墨刀等），能够独立完成复杂的产品原型设计。 熟悉数据分析工具（如Google Analytics、Tableau等），能够进行数据驱动的产品决策。 5、沟通与协作能力：具备优秀的沟通能力，能够与团队成员、业务方和其他相关方进行高效的沟通和协作。 6、语言能力：具备良好的英语沟通能力，能够进行流利的口头和书面交流 【英语沟通能力为必备条件】 工作地点 佛山顺德区美的08空间111 以担保或任何理由索要财物，扣押证照，均涉嫌违法。一经发现， 立即举报,"Axure,墨刀,数据分析工具,英语沟通能力,供应链",http://www.zhaopin.com/jobdetail/CC140200300J40929013008.htm?refcode=4019&srccode=401901&preactionid=4611ec25-10da-4284-b706-ac1f6356c7a1
产品经理,北京三元食品股份有限公司,9000-11000元,北京·大兴,广州,大专,1年以下,7月20日,zhilian,职位描述 市场推广 快速消费品 综合商贸 1、市场调研与消费者洞察：协助部门经理通过收集报告、市场走访、问卷调研等方式收集和分析行业趋势，了解目标消费者的行为和偏好，研究竞争者的策略与表现，识别市场需求和潜在机会等； 2、非战略级品牌的产品设计及全生命周期管理：协助部门经理完成非战略级品牌的产品设计及全生命周期管理工作，横向与纵向协同各部门，完成包括产品概念提出、产品立项、产品开发及策略制定、营销推广、渠道管理、营销推动、复盘整改（含退市）的全流程产品管理； 3、其他：完成上级领导交办的其他工作。 工作地点 北京大兴区三元食品公司瀛海工业园 以担保或任何理由索要财物，扣押证照，均涉嫌违法。一经发现， 立即举报,市场推广,http://www.zhaopin.com/jobdetail/CC000140830J40922097812.htm?refcode=4019&srccode=401901&preactionid=4611ec25-10da-4284-b706-ac1f6356c7a1
产品经理,深圳健安医药有限公司,1-1.5万,锡林郭勒盟·锡林浩特市·巴彦查干街道,广州,本科,1-3年,7月16日,zhilian,职位描述 生物药 1、医学药学相关专业，本科及以上学历； 2、 宣讲、沟通能力强，形象气质佳； 3、 工作1-2年，有临床销售相关工作经验优先； 4、 专业学术推广； 工作地点 锡林郭勒盟锡林浩特市贝子庙 以担保或任何理由索要财物，扣押证照，均涉嫌违法。一经发现， 立即举报,生物药,http://www.zhaopin.com/jobdetail/CC121011280J40744171103.htm?refcode=4019&srccode=401901&preactionid=452d62ac-ef90-4d5a-840f-b3e2bd26c93a
产品经理,人民电器,2.2-3万,温州·乐清市·柳市镇,广州,大专,3-5年,6月11日,zhilian,职位描述 电气机械/电力设备 1、产品全生命周期管理：负责低压电器产品线（如塑壳断路器、微型断路器、接触器、继电器等）的全生命周期规划与管理，推动产品从概念立项、研发设计到上市推广及退市的全过程。 2、市场调研与竞品分析：持续跟踪国内外低压电气行业动态与政策趋势；定期开展市场调研与对标分析，精准洞察客户需求，输出具有竞争力的竞品分析报告与产品定位策略。 3、产品定价与利润管控：制定科学的产品组合策略与价格体系，进行产品线成本核算与利润管控，确保产品在市场上的商业盈利能力与竞争优势。 4、销售赋能与工具开发：提炼产品核心卖点与技术优势，制作并完善产品样本、技术白皮书、选型手册及推广物料；搭建内部培训体系，定期对销售团队及代理商进行产品知识与应用场景培训。 5、跨部门协同推进：作为市场与研发的桥梁，将前端市场需求转化为后端产品开发需求；协同供应链、采购及质量部门，优化供应商管理，保障产品品质与交付稳定性。 6、产品迭代与反馈闭环：跟踪产品上市后的市场表现与客户反馈，收集一线痛点，持续推动现有产品的优化升级与新功能的迭代。 任职要求 1、本科及以上学历，电气工程及其自动化、机电一体化、电力电子等相关专业优先。 2、具备 3-5 年以上低压电气行业市场或产品相关工作经验，有完整的产品生命周期操盘经验者优先考虑 工作地点 温州乐清市人民电器集团有限公司 以担保或任何理由索要财物，扣押证照，均涉嫌违法。一经发现， 立即举报,电气机械/电力设备,http://www.zhaopin.com/jobdetail/CC000459210J40855736611.htm?refcode=4019&srccode=401901&preactionid=452d62ac-ef90-4d5a-840f-b3e2bd26c93a
产品经理,魔饮咖啡(青岛)有限公司,2-2.2万,上海·长宁·新泾,广州,学历不限,经验不限,7月16日,zhilian,职位描述 咖啡产品 食品/饮品/烟酒制造 食品/饮料/酒水批发/零售/贸易 1.建立产品矩阵：负责规划覆盖不同价格带、消费场景和渠道需求的产品组合，形成结构清晰、有梯度的产品矩阵 2.成本控制与报价体系：统筹原材料、生产及物流等环节的成本核算，制定有竞争力且可控的报价规则，确保利润目标达成。 3.卖点提炼：从产品原料、工艺和体验中挖掘核心差异化优势，转化为消费者易懂、渠道易推的明确卖点。 4.项目进度管控：制定新品开发全流程时间表，协调研发、生产、设计等部门节点，确保项目按计划交付上市 工作地点 上海长宁区凌空-SOHO6号楼706A 以担保或任何理由索要财物，扣押证照，均涉嫌违法。一经发现， 立即举报,咖啡产品,http://www.zhaopin.com/jobdetail/CC890110320J40875909014.htm?refcode=4019&srccode=401901&preactionid=452d62ac-ef90-4d5a-840f-b3e2bd26c93a
产品经理,软通动力信息技术(集团)股份有限公司,1.1-1.2万,长沙·岳麓·观沙岭,广州,本科,3-5年,7月24日,zhilian,职位描述 沙箱 隐私计算 云计算 工作职责： （需要出差不频繁） 1、负责数据基建产品（可信数据空间、连接器等）需求分析、原型设计工作 2、负责和客户对接交流，从客户视角出发进行产品业务流程、展示界面，交互方式的原型设计 3、参加项目组周会、例会，拉齐客户需求，与后端产品、研发的排期 4、负责项目中产品相关材料的现场支持工作 任职要求： 1、本科及以上学历，1年以上商业化软件产品，产品经理岗位工作经验 2、熟练掌握Axure RP、Xmind等产品工具，能输出高保真原型设计等技能 3、具有较强的沟通/理解/学习能力；擅长从用户角度考虑问题，对用户需求有较好识别判断能力，并能结合公司及合作伙伴产品满足客户需求的技术方案 工作地点 长沙岳麓区楷林国际-A座 以担保或任何理由索要财物，扣押证照，均涉嫌违法。一经发现， 立即举报,"沙箱,隐私计算",http://www.zhaopin.com/jobdetail/CC000544460J40820263016.htm?refcode=4019&srccode=401901&preactionid=452d62ac-ef90-4d5a-840f-b3e2bd26c93a
产品经理,京北方,1.5-2万,北京·通州·中仓,广州,本科,5-10年,7月9日,zhilian,职位描述 互联网电商 金融科技/数字金融 有金融支付、营销、电商领域和大厂工作经历者优先 工作地点 北京通州区北运河西 以担保或任何理由索要财物，扣押证照，均涉嫌违法。一经发现， 立即举报,"互联网电商,金融科技/数字金融",http://www.zhaopin.com/jobdetail/CC315847110J40849442607.htm?refcode=4019&srccode=401901&preactionid=452d62ac-ef90-4d5a-840f-b3e2bd26c93a
产品经理,济南爱动动漫科技有限公司,8000-15000元,济南·高新区·舜华路,广州,本科,3-5年,2月24日,zhilian,岗位职责： 1、根据公司战略规划进行相关产品项目开发； 2、带领团队实现项目运作全流程的工作推进； 3、对接供应链，实现项目成本控制及费用管控； 4、协调并跟进实施市场营销策略，关注市场数据并快速反应。 5、项目长期规划并根据项目需求进行团队建设。 任职要求： 1、快消品/小家电/玩具母婴等行业的品牌方从业经验； 2、逻辑清晰有条理，思维敏捷反应快； 3、较强的数据分析能力及市场营销策划能力； 4、较强的统筹领导能力. 职位福利：节日福利、五险一金、绩效奖金、年终分红、全勤奖、交通补助、餐补、通讯补助 工作地点 济南市高新区齐鲁软件园（创业广场B座）三层A310-A303房间 以担保或任何理由索要财物，扣押证照，均涉嫌违法。一经发现， 立即举报,"商业化产品,企划,数据分析,谈判能力",http://www.zhaopin.com/jobdetail/CC326767120J40032443415.htm?refcode=4019&srccode=401901&preactionid=452d62ac-ef90-4d5a-840f-b3e2bd26c93a
产品经理,扬子江药业集团,8000-15000元,长春·朝阳·南湖,广州,本科,3-5年,7月20日,zhilian,职位描述 精神科 神经科 化学药 生物药 中药 负责产品:西药百乐眠 1.市场调研分析：根据区域产品发展的需求制定调研计划，为产品的全生命周期发展、设计等做准备； 2.策略制定及优化：年度/季度区域产品发展规划的BP、POA制定及推进执行； 3.产品发展研究：研究产品特点，结合区域市场情况制定该产品在本区域的推广策略及发展方向； 4.专家建设与维护：建立和维护与专家的关系，了解领域发展需求 任职资格: 1.具备中枢神经领域、精神领域产品线管理经验优先。本科及以上学历，医药学相关专业，3年及以上产品经理岗位工作经验，具备一线销售业务经验者优先； 2.熟悉医药产品知识和市场环境，了解相关法律法规； 3.熟悉药品销售，学术推广流程； 4.具备良好的市场判断能力，能够敏锐地把握市场动态； 5.具备较强的学习能力、表达能力、沟通能力。 工作地点 长春朝阳区力旺广场C座写字间1212 以担保或任何理由索要财物，扣押证照，均涉嫌违法。一经发现， 立即举报,"精神科,神经科,化学药,生物药,中药",http://www.zhaopin.com/jobdetail/CC131937030J40862216901.htm?refcode=4019&srccode=401901&preactionid=452d62ac-ef90-4d5a-840f-b3e2bd26c93a
产品经理,厦门乐摆定制科技有限公司,1.5-2.5万,厦门·集美·杏滨,广州,本科,1-3年,7月25日,zhilian,岗位职责 1. 负责行业市场、竞品及用户需求调研，收集并整理国内外市场信息，输出调研分析报告，为产品规划提供依据。 2. 参与年度产品开发规划，结合市场趋势、销售反馈及公司战略，推动新产品开发及现有产品优化。 3. 协同设计、研发等相关部门推进产品开发项目落地，跟进项目进度、关键节点及交付结果。 4. 负责产品全生命周期管理，包括产品立项、开发、上市、销售反馈收集及持续优化。 5. 跟踪行业动态、竞品变化及相关专利信息，协助进行产品风险预判与规避分析。 6. 配合业务及相关部门，完成产品资料整理、卖点提炼、产品上市支持等工作。 7. 根据业务发展需要，参与国内外展会、市场走访及客户需求收集工作。 二、任职要求 1. 本科及以上学历，机械设计、工业设计、产品设计、材料类、理工科相关专业优先。 2. 2年以上产品开发、产品管理或项目管理相关经验，有制造业、外贸型企业或同行业经验者优先。 3. 具备较强的市场分析、产品规划和项目推进能力，能协调跨部门资源推动项目落地。 4. 具备良好的沟通表达能力和逻辑分析能力，对产品和市场有较强敏感度。 5. 英语具备基本读写能力，可处理英文资料；英语听说能力较好者优先。 6. 责任心强，执行力好，能适应一定频率的出差或展会安排。 [优先条件] 1. 有同行业产品开发或产品管理经验。 2. 有海外市场调研、展会经验或英文沟通能力较强。 3. 有从产品立项到上市的完整项目经验。 4. 了解专利检索、竞品分析或产品生命周期管理。 工作地点 集美区厦门乐摆定制科技有限公司6号厂房 以担保或任何理由索要财物，扣押证照，均涉嫌违法。一经发现， 立即举报,"商业化产品,运动产品",http://www.zhaopin.com/jobdetail/CCL1523633770J40866877801.htm?refcode=4019&srccode=401901&preactionid=452d62ac-ef90-4d5a-840f-b3e2bd26c93a
产品经理,北京易才人力资源顾问有限公司,8000-12000元,广州·海珠·琶洲,广州,大专,1-3年,7月9日,zhilian,职位描述 软件产品 1. 负责云客服产品，中间主要包含客服工作平台和智能任务系统；熟悉在线客服、热线客服工单流程； 2.负责编写产品需求书、产品原型，协助开发团队理解和掌握需求，对产品需求方向和易用性负责； 3.对所负责的产品进行用户行为数据监测、性能跟踪、数据分析、提出产品优化方案； 4.研究市场上各种产品和应用，挖掘与把握在目标用户对于信息不同层面的需求，并形成具体的产品功能； 5.研究市场和用户需求，竞品分析，不断优化产品，提升用户体验及活跃度，同时策划有竞争力的产品。 任职资格： 1.2年以上互联网产品经理工作经验； 2.善于沟通，有团队意识，能够推动大规模复杂项目； 3.有即时通讯产品经验优先； 工作地点 广州海珠区保利广场 以担保或任何理由索要财物，扣押证照，均涉嫌违法。一经发现， 立即举报,软件产品,http://www.zhaopin.com/jobdetail/CC560169520J40872252209.htm?refcode=4019&srccode=401901&preactionid=452d62ac-ef90-4d5a-840f-b3e2bd26c93a
产品经理,石家庄以岭药业股份有限公司,1.2-1.6万,石家庄·裕华·长江,广州,本科,5-10年,1月20日,zhilian,岗位职责： 1.负责品类的市场洞察、竟对分析，挖掘品类机会，为公司市场决策提供支持; 2.负责制定产品的市场策略和推广方案; 3.负责产品的生命周期管理，制定品类产品增长策略及推进计划; 4.跟进所负责产品的销售目标的达成及产品策略及方案的落地执行。 岗位要求： 1.大学本科及以上医学、药学相关专业（硬性要求），有3年以上保健品、饮品、酒类相关经验，熟悉产品概念包装的全链条工作，有成功操作案例优先 2.有互联网行业产品运营经验优先; 3.具有良好的数据分析和市场洞窑能力; 4.具有快速的学习能力和跨部门沟通协作能力; 工作地点 石家庄裕华区以岭健康城 以担保或任何理由索要财物，扣押证照，均涉嫌违法。一经发现， 立即举报,"食品/饮料/酒水批发/零售/贸易,美发/美容,快速消费品",http://www.zhaopin.com/jobdetail/CC175270720J40748481606.htm?refcode=4019&srccode=401901&preactionid=452d62ac-ef90-4d5a-840f-b3e2bd26c93a
产品经理,重庆新璟泰科技有限公司,8000-12000元,重庆·九龙坡·渝州路,广州,学历不限,经验不限,5月30日,zhilian,岗位职责： 1、负责多渠道需求调研沟通、需求分析评估，把控产品的推广性、用户体验等； 2、制定产品推广计划，跟踪项目的进度，协调项目组成员之间的合作； 3、把控市场节奏，及时调整销售目标及策略，协同团队做好产品推广计划，制定产品运营推广方案，相关政策的及时下发； 4、负责本项目组运作管理系统建设，定期提升项目组人员的管理技能、业务技能和综合素质； 5、负责目标区域客户关系的建设，拓宽业务渠道，跟进后台市场数据，定期维护与客户的合作关系。 任职要求： 1、懂营销：有营销经验优先，有直销经验和电销经验为佳； 2、能抗压：吃苦耐劳，脚踏实地； 3、善沟通：有很强的沟通、协调、推进能力，创新学习 能力； 4、有思考：具有独立思考能力，胆大心细。能吃苦！ 我们需要的人才：聪明、乐观、自省、自信。 工作地点 重庆九龙坡区渝高广场-F座17楼17-6 以担保或任何理由索要财物，扣押证照，均涉嫌违法。一经发现， 立即举报,"企业/机构（TOB）销售经验,个人（TOC）,客户开发",http://www.zhaopin.com/jobdetail/CCL1485287050J40651796307.htm?refcode=4019&srccode=401901&preactionid=452d62ac-ef90-4d5a-840f-b3e2bd26c93a
产品经理,天合光能股份有限公司,2-3万·15薪,常州·新北·龙虎塘,广州,本科,5-10年,1月23日,zhilian,"岗位职责： 1.以支持区域销售目标达成为目标，通过价值销售流程植入新产品。通过渠道赋能帮助合作伙伴开展业务。具备较强的光伏行业经验，熟悉光伏电站开发、建设、并网流程与手续。熟悉光伏电站招投标流程。熟悉海外光伏市场。 2.业务拓展，开发业务机会。 根据产品规划及产品路线图及市场和客户的需求，与区域产品市场经理，销售经理，交付，客户服务部门等合作，共同识别、跟进业务机会。 3.资源整合BU资源，支持MU促成与重点客户的业务合作；策划产品在目标市场的上市，完成或协助区域完成产品上市方案的落地，支持产品销售&客户培训； 4.熟悉Pvsys 等光伏电站设计软件工具。可以完成Pan file评估，系统初设，Pvsys 仿真分析，光伏电站系统优化。 5.客户支持，客户拜访。建立客户技术产品接口， 客户产品，技术，质量接口关系维护。给客户提供有竞争力的方案并维护客户端对应接口人员的关系。 6.竞争性产品调查，竞争对手情报收集 ，差距优势分析。针对竞争对手产品开发产品销售话术 任职要求： 1、新能源、项目管理等相关本科及以上学位。 知识/技能： 1.优秀的营销技巧，推广，演讲技巧；以目标为导向 2.计算机技巧：Pvsys， AUTOCAD， PPT, Excel技能 3.外语要求：具备熟练的英语或当地语言听说读写能力，良好的学习能力。 能力 1.自我管理，拼搏，良好的时间管理能力。 2.良好的沟通、项目管理能力、表达、协调能力 经验 1. 具有大型产品开发经验，并在开发中担任产品经理职位。 2. 5年或以上工作经验，有销售、招投标项目开发设计，技术顾问、设备提供商工作经验 3. EPC承包商或开发商工作经验经验优先。 接受中长期外派 工作地点 常州-新北区天合光能西区-南门 以担保或任何理由索要财物，扣押证照，均涉嫌违法。一经发现， 立即举报","硬件产品,海外出差，有海外经验佳",http://www.zhaopin.com/jobdetail/CC133682110J40907341602.htm?refcode=4019&srccode=401901&preactionid=452d62ac-ef90-4d5a-840f-b3e2bd26c93a
产品经理,宜昌市数字经济规划设计研究有限公司,8000-15000元,宜昌·西陵区·窑湾街道,广州,本科,5-10年,7月15日,zhilian,职位描述 软件产品 ERP系统 财务系统 硬件产品 智慧服务 智慧城市 人工智能 计算机软件 一、核心工作职责​ 需求挖掘与梳理：深度对接客户，通过访谈、调研等方式精准捕捉业务诉求，梳理核心需求与非核心需求，输出结构化需求文档（PRD），明确需求优先级与验收标准，确保客户诉求与产品目标一致。​ 产品设计与方案输出：主导产品全流程设计，包括功能规划、业务流程、交互逻辑及可视化呈现；重点融合动效设计（如过渡动画、状态反馈动效）、帧动画应用（如关键场景动态展示）及数字孪生核心能力（如三维场景映射、实时数据联动、仿真模拟），独立撰写整套产品设计方案与实施方案，明确技术路径、资源配置、时间节点及风险应对策略。​ 跨团队协同落地：协调 UI/UX 设计师、研发、测试等团队，对齐设计方案与技术可行性，推动动效效果、数字孪生模型等核心模块的开发落地；跟踪项目进度，解决开发过程中的需求偏差与技术问题，确保产品按时上线且符合设计标准。​ 客户沟通与方案演示：负责向客户讲解产品设计思路、核心功能及数字孪生 / 动效亮点，通过 PPT 演示、系统实操等方式完成方案汇报与产品演示；收集客户反馈，迭代优化产品方案，维护良好客户关系。​ 文档与交付管理：熟练使用 Word、PPT 等工具，输出规范的产品需求文档、设计方案、实施方案、用户手册等交付物；建立产品版本迭代机制，跟踪上线后客户反馈与产品数据，持续优化产品体验与功能表现。​ 技术与行业洞察：关注数字孪生、动效设计、帧动画等领域的技术趋势与行业应用案例，结合业务场景提出产品创新方向；分析竞品优劣势，输出差异化竞争方案，提升产品核心竞争力。​ 二、任职岗位要求​ 学历与专业：本科及以上学历，计算机科学、软件工程、工业设计、数字媒体等相关专业优先；具备 3 年以上软件产品经理工作经验，有数字孪生、动效设计相关项目主导经验者优先。​ 核心技能要求：​ 精通动效设计逻辑与帧动画原理，能独立定义产品动效规范（如时长、过渡曲线、触发条件），可与设计团队高效协作落地动态交互效果；​ 熟悉数字孪生核心技术与应用场景，了解三维建模、实时数据接入、仿真模拟等关键环节，能结合业务需求设计数字孪生产品架构（如数据层、模型层、应用层）；​ 具备极强的方案撰写能力，能独立完成结构清晰、逻辑严谨的设计方案与实施方案，熟练使用 Axure、Sketch、Figma 等原型工具，及 Word、PPT 等文档工具；​ 掌握用户研究方法，能通过数据分析与用户反馈优化产品设计，提升产品易用性与客户满意度。​ 综合能力要求：​ 优秀的客户沟通与表达能力，能精准理解客户需求并转化为产品语言，高效完成方案演示与需求答疑；​ 极强的逻辑思维与问题解决能力，能应对复杂业务场景下的产品设计挑战，合理协调资源推动项目落地；​ 具备良好的团队协作精神、自驱力与抗压能力，能适应多项目并行推进，对产品细节与最终效果负责。​ 加分项：​ 有 B 端数字孪生产品（如工业运维、智慧园区、设备监控类）完整生命周期管理经验；​ 了解 Unity/UE4 等三维引擎、Cesium 地理信息平台或 IoT 数据接入协议（如 MQTT），能与技术团队进行深度技术沟通；​ 具备基础的动效设计或三维建模工具使用能力（如 After Effects、Blender）。​ 工作地点 宜昌西陵区三峡大学科创园4楼 以担保或任何理由索要财物，扣押证照，均涉嫌违法。一经发现， 立即举报,"软件产品,ERP系统,财务系统,硬件产品,智慧服务,智慧城市",http://www.zhaopin.com/jobdetail/CCL1461239470J40793851807.htm?refcode=4019&srccode=401901&preactionid=452d62ac-ef90-4d5a-840f-b3e2bd26c93a
产品经理,北京迈迪培尔信息技术有限公司,6000-12000元,北京·门头沟,广州,本科,1-3年,5月22日,zhilian,职位描述 数据产品 APP产品 C端产品 B端产品 医疗产品 人工智能 工作内容： 1、对公司PC端、移动端、APP产品模块的设计与优化； 2、协调各部门资源进行产品的开发； 3、调研竞品； 4、测试与优化； 5、领导安排的其他工作。 任职要求： 1、有独立的工作能力和团队合作精神； 2、具有较强的学习能力，乐于接受挑战； 3、具有良好的客户意识以及业务拓展能力，性格开朗、积极主动、讲效率、具有较强的沟通能力和亲和力； 4、熟练使用办公软件，工作认真细致，对数据敏感，具有较强的数据分析能力； 5、本科及以上学历。 工作地点 北京市门头沟区莲石湖西路98号院 以担保或任何理由索要财物，扣押证照，均涉嫌违法。一经发现， 立即举报,"数据产品,APP产品,C端产品,B端产品,医疗产品",http://www.zhaopin.com/jobdetail/CC522223780J40653911415.htm?refcode=4019&srccode=401901&preactionid=452d62ac-ef90-4d5a-840f-b3e2bd26c93a
产品经理,中林信达(北京)科技信息有限责任公司,8000-10000元,长春·南关·永兴,广州,本科,经验不限,7月8日,zhilian,岗位职责: 1、负责公司产品/项目的需求分析，产品原型设计，参与公司产品/项目系统规划、技术方案设计，负责系统需求调研、需求分析、需求规格说明书编制； 2、负责公司软件产品的市场调研、竟情分析、系统功能规划、产品方案策划； 3、负项公司项目软件相关部分的售前技术支持，PPT、技术方案的制定与编制，宣讲； 4、负责公司产品/项目的需求确认、需求变更管理； 5、负责公司软件产品/项目的公司内、外部的推介。 任职要求： 1. 本科及以上学历，硕士学历优先； 2.计算机科学与技术、软件工程、通信工程、物联网工程、微电子、集成电路、机械电子工程相关专业毕业； 3.具备良好的逻辑思维与用户洞察能力，能准确识别核心需求； 4. 熟练掌握产品设计工具，具备独立完成原型与文档的能力； 5. 优秀的沟通协调能力，能够高效推动跨团队协作； 6. 结果导向，具备较强的项目管理意识与执行力； 7. 对产品创新有热情，具备持续学习与迭代改进的意识。 工作地点 长春南关区伟峰领袖领地-17号楼 以担保或任何理由索要财物，扣押证照，均涉嫌违法。一经发现， 立即举报,"物联网,半导体/芯片",http://www.zhaopin.com/jobdetail/CC408561510J40862988801.htm?refcode=4019&srccode=401901&preactionid=452d62ac-ef90-4d5a-840f-b3e2bd26c93a
产品经理,广东星曼健康科技有限公司,1.5-2.5万,佛山·顺德·北滘,广州,本科,经验不限,7月22日,zhilian,岗位职责： 1、负责编制所负责品类的年度新品规划。 2、持续性研究市场和行业趋势，深入挖掘用户需求，确定产品企划方向； 3、负责用户体验研究，提出产品开发和改善建议，输出产品定义； 4、产品管理：包括产品线盈利能力，SKU组合，产品生命周期管理等。 岗位要求： 1、本科及以上，具备较强的用户思维； 2、熟练使用市场调研和数据分析常用方法和工具； 3、具有敏锐的市场洞察力及较强的逻辑思维能力； 4、良好的沟通与表达能力，具有较强的抗压能力和责任心，能独立处理日常工作事务。 优秀者，薪资可面谈！！ 工作地点 广东省佛山市顺德区环镇东路2栋3楼 以担保或任何理由索要财物，扣押证照，均涉嫌违法。一经发现， 立即举报,家电,http://www.zhaopin.com/jobdetail/CCL1342126970J40877051014.htm?refcode=4019&srccode=401901&preactionid=452d62ac-ef90-4d5a-840f-b3e2bd26c93a
产品经理,上海沸橙信息科技有限公司,7000-10000元,杭州·萧山·宁围,广州,大专,1-3年,7月20日,zhilian,职位描述 OA系统 财务软件 ERP系统 电力/水利/热力/燃气 工程施工 软件/IT服务 有施工管理类合同产品分析经验 有电力建设项目经验 有产品制作原型经验 有软件实施经验 工作地点：杭州萧山区 工作地点 杭州萧山区高新八路 以担保或任何理由索要财物，扣押证照，均涉嫌违法。一经发现， 立即举报,"OA系统,财务软件,ERP系统",http://www.zhaopin.com/jobdetail/CC291385330J40875434709.htm?refcode=4019&srccode=401901&preactionid=f280a407-05cb-414a-b37a-59c932f02e56
产品经理,嘉驰英才(上海)信息科技有限公司合肥分公司,1.5-2.5万·15薪,合肥·蜀山·南岗,广州,学历不限,经验不限,2月12日,zhilian,职位描述 无 工作职责 1. 规划产品线长期产品战略，竞争战略和市场战略，调研行业发展动态和竞品分析； 2. 进行产品调研，产品定义，产品平台建设； 3. 进行客户拜访、交流，收集并分析用户需求； 4. 监督产品进度，管控各阶段产品状态； 5. 产品上市和产品营销规划； 6. 产品生命周期和迭代管理。 任职资格 1. 本科及以上学历； 2.工作热情，热爱生活，对新事物保有好奇和探索心态； 3.逻辑思维能力强，能客观的分析事物，善于站在不同角度分析问题； 4.沟通能力强，能够很好的表达自己的意图，并懂得换位思考，能快速了解对方需求。 工作地点 蜀山区合肥影炬创新技术有限公司高新区合肥影炬创新技术有限公司 以担保或任何理由索要财物，扣押证照，均涉嫌违法。一经发现， 立即举报,无,http://www.zhaopin.com/jobdetail/CCL1369707180J40825607811.htm?refcode=4019&srccode=401901&preactionid=f280a407-05cb-414a-b37a-59c932f02e56
产品经理,杨掌柜食品科技(河南)有限公司,1-2万,郑州·管城·圃田,广州,大专,经验不限,12月28日,zhilian,职位描述 快速消费品 食品/饮料/酒水批发/零售/贸易 综合商贸 1、【产品战略】 1.1主导成熟产品线全生命周期管理，通过精准用户洞察建立产品迭代模型，持续提升系列市场竞争力 1.2从0到1打造现象级新品，完成市场机会扫描→概念原型设计→商业验证测试→规模化上市全流程操盘 1.3搭建产品创新产品矩阵，结合全球饮品趋势与本土消费洞察，规划未来1-3年产品矩阵蓝图 2、【跨维协同指挥】 2.1深度参与品牌战略制定，将产品力转化为可感知的品牌资产 2.2联动研发/供应链/营销团队建立敏捷创新机制，确保产品概念到货架的高效转化-建立消费者需求洞察系统，通过数据+直觉双轮驱动产品决策 2.3制定产品上市作战地图，统筹定价策略/渠道匹配/营销推广等关键节点。 3、【任职要求】 3.大专及以上学历； 3.2思维活跃、有创新产品工作经验优先； 3.3热爱美食，具备较强上进心； 3.4应届毕业生也可； 3.5 适应出差； 工作地点 德威广场德威广场河南省郑州市管城回族区普济路19号b德威广场22层 以担保或任何理由索要财物，扣押证照，均涉嫌违法。一经发现， 立即举报,"快速消费品,食品/饮料/酒水批发/零售/贸易,综合商贸",http://www.zhaopin.com/jobdetail/CCL1422983630J40819652507.htm?refcode=4019&srccode=401901&preactionid=f280a407-05cb-414a-b37a-59c932f02e56
产品经理,石药集团,1.2-1.6万·15薪,石家庄·裕华·太行,广州,硕士,1-3年,7月25日,zhilian,岗位职责】 1、负责产品全生命周期管理，包括但不限于产品定位、定价、升级换代、专业教育、学术会议、研究合作等确保产品的持续竞争力； 2、负责产品及市场策略制定、市场洞察，研究确认产品的定位与策略，产品1年内的推广计划和未来3年的发展规划； 3、与研发部门、医学部门等公司内外部相关机构进行紧密协调沟通，确保产品策略的顺利实施； 4、基于市场调研和竞争分析，制定并执行针对特定药品的产品策略，包括定位、目标市场、核心竞争力等； 5、根据市场的发展，定期组织有针对性的策略、竞品等调研，收集整理和分析市场、策略、竞品的信息； 6、组织全国性质的学术活动，建立及维护专家网络，与专家建立良好的合作关系，为产品代言； 7、设计制作各种宣传推广材料，包括产品宣传手册、展板设计、品牌提示物等； 8、协助销售队伍完成产品推广任务。 工作地点 石家庄裕华区石药健康大厦 以担保或任何理由索要财物，扣押证照，均涉嫌违法。一经发现， 立即举报,"医院,医药制造",http://www.zhaopin.com/jobdetail/CC380673480J40806248001.htm?refcode=4019&srccode=401901&preactionid=f280a407-05cb-414a-b37a-59c932f02e56
产品经理,深圳市森安科技有限公司,8000-12000元,深圳·龙岗·坪地,广州,大专,1-3年,11月3日,zhilian,岗位职责 1、负责管理创产品； 2、负责处理客户反馈信息，维护客户关系，提升客户满意度； 3、负责产品知识的创建和优化； 4、负责产品需求的审核、提交、跟踪与反馈； 5、完成上级主管安排的其他工作事项。 任职资格 1、大专及以上学历，电子商务、计算机或相关专业； 2、具有良好的沟通表达能力、独立问题分析和解决能力； 3、具有良好的客户服务意识和团队合作意识，能够承受一定工作压力； 4、掌握数据库知识，熟悉网络和操作系统基础知识； 6、有电子监控安防行业，技术支持经验者优先考虑。 职位福利：五险一金、大小周、全勤奖、绩效奖金、带薪年假、节日福利、包住餐补 工作地点 龙岗区深圳飞莱特工业园 以担保或任何理由索要财物，扣押证照，均涉嫌违法。一经发现， 立即举报,"互联网电商,信息安全,贸易/进出口",http://www.zhaopin.com/jobdetail/CZ337571510J00065275208.htm?refcode=4019&srccode=401901&preactionid=f280a407-05cb-414a-b37a-59c932f02e56
产品经理,润和软件,1-1.4万,无锡·江阴·城东,广州,大专,5-10年,7月26日,zhilian,岗位职责： 具备供应商全生命周期（注册、准入、分类分级、年度评价、不良行为、质量异议、年度审核、淘汰、黑名单、供应商库等）数字化平台设计建设经验，包括产品需求文档编写、产品设计、产品原型绘制、产品功能详细设计、产品测试。 沟通能力强、设计与文档编写能力强，做事认真负责 工作地点 无锡江阴市中信泰富特钢集团股份有限公司 以担保或任何理由索要财物，扣押证照，均涉嫌违法。一经发现， 立即举报,"B端产品,SRM,供应商管理系统",http://www.zhaopin.com/jobdetail/CC171774410J40877495014.htm?refcode=4019&srccode=401901&preactionid=f280a407-05cb-414a-b37a-59c932f02e56
产品经理,苏州久元微电子有限公司,8000-16000元,苏州·吴江·江陵,广州,本科,经验不限,12月8日,zhilian,职位描述 半导体/芯片 1、网站&公众号维护 2、设备板卡方案投影片、规格书及相关推广文件和视频制作，并配合销售拜访客 户及培训 3、分析现有客户Install Base匹配有方案涉及但还未成为久元的客户市场 4、规划Workshop/Seminar推广方案，并与媒体合作推广 5、调研新产品主推市场及客户分析 6、与市场热门竞品板卡和方案对比 7、制作新品方案投影片、规格书及相关推广文件和视频制作 8、参与相关研讨会和展会，并提出实质性建议 9、追踪新产品研发过程，并规划新品备货和推广需求 工作地点 吴江区山湖西路558号苏州久元微电子有限公司 以担保或任何理由索要财物，扣押证照，均涉嫌违法。一经发现， 立即举报,半导体/芯片,http://www.zhaopin.com/jobdetail/CC874881510J40804555601.htm?refcode=4019&srccode=401901&preactionid=f280a407-05cb-414a-b37a-59c932f02e56
产品经理,信捷电气,1-1.5万·14薪,苏州·工业园区,广州,本科,经验不限,2月26日,zhilian,职位描述 硬件产品 软件产品 商业化产品 电气机械/电力设备 仪器仪表 工业自动化/机器人 1.结合公司战略，参与制定公司数字产品（PLC/HMI）驱动产品/变频器产品/工控机产品策略，对产品及方案提供可行性建议； 2.负责洞察市场，收集挖掘整理客户需求，跟进重点行业、客户，产品品牌与行业竞争格局分析，竞品详细调研与分析，输出市场洞察报告； 3.结合市场和客户需求进行产品规格定义，编制产品价值、核心功能、定义目标用户与目标市场并管理产品开发； 4.负责开发产品推广资料，组织策划区域\代理商\端客户\行业推介会、展会等推广活动； 5.跟进产品投产上市后的表现，主导新品导入期的推广，根据市场动态反馈、规划、持续优化市场策略； 6.协助制定产品成长期的营销策略，确保产品成长期销量； 任职资格： 1.统招本科，自动化、电气、电子、计算机等相关专业，曾有过研发岗或测试岗或产品岗或项目管理工作经验优先； 2.了解PLC编程、数电、模电和嵌入式相关知识，具有自动化行业背景； 3.有工业机器人相关的项目经验或者企划运营经验者优先考虑； 4.熟悉工业机器人产品专业技术，对机械手和工业机器人现场应用有一定经验； 5.具备市场敏锐度，收集信息能力：市场宏观政策、发展趋势、客户清单、竞争对手产品信息； 6.分析能力:信息收集后，SWOT分析机会点、风险点，制定有效策略； 7.项目管理:对现有资源进行合理评估，明确时间节点并跟进； 8.较强的产品发展规划思维，对产品价值、核心功能有深入理解； 9.有良好的市场判断及策划能力、沟通及谈判能力，清晰的逻辑思维，富有团队合作精神，适应出差。 奖金绩效 年底双薪 工作地点 苏州工业园区一斗山路 以担保或任何理由索要财物，扣押证照，均涉嫌违法。一经发现， 立即举报,"硬件产品,软件产品,商业化产品",http://www.zhaopin.com/jobdetail/CC432582010J40726235706.htm?refcode=4019&srccode=401901&preactionid=f280a407-05cb-414a-b37a-59c932f02e56
产品经理,福建拉森科技有限公司,1-1.5万·13薪,厦门·湖里·禾山,广州,本科,3-5年,7月8日,zhilian,职位描述 服装 互联网电商 产研销一体化公司，自研系统，主要针对内部用户，比如WMS，MES，财务，供应链 1、负责核心业务系统研发项目的统筹、落地推动、结果评估等工作。 2、负责业务系统的用户调研、需求分析，产品规划及原型设计。 3、以极致用户体验为目标，对产品进行持续打磨、迭代升级。 4、负责资源的协调与组织，与各合作方进行有效沟通，确保项目团队各干系人协同高效工作。 5、负责制定项目流程规范，擅于发现工作中的问题并快速迭代改进 工作地点 厦门湖里区火炬新科广场4号楼 以担保或任何理由索要财物，扣押证照，均涉嫌违法。一经发现， 立即举报,"服装,互联网电商",http://www.zhaopin.com/jobdetail/CCL1490657450J40862875501.htm?refcode=4019&srccode=401901&preactionid=f280a407-05cb-414a-b37a-59c932f02e56
产品经理,扬子江药业集团,3-4万,上海·徐汇·枫林路,广州,本科,5-10年,7月11日,zhilian,"职位描述 新药 化学药 精神科 神经科 负责精神类新产品的上市前到上市后全流程的运营发展 1、市场调研：根据产品发展的需求制定调研计划，为产品的进院、上量、活动设计等做准备； 2、年度/季度产品发展规划的制定（BP制定、POA制定）：研究所负责产品的自身特点，结合市场的情况制定该产品推广策略及发展方向； 3、学术活动&相关项目执行及预算管理：根据BP/POA规划高效落实学术活动及产品相关项目的开展,并对所负责产品部门费用预算&区域预算进行管理，季度末根据产品销售数据与预算使用情况形成投入产出分析报告； 4、专家库建设与维护：梳理关键意见领袖信息（省级/地市级主委和副主委），形成专家库建立和维护计划； 5、收集和评估领域相关的政策信息、行业发展动态评估与竞争格局发展情况，供管理层决策； 6、标杆打造：挑选单家市场或单个医药公司不同等级医院进行季度/年度标杆市场建立，总结经验案例供全国推广复制学习； 7、培训与学习：主动学习所负责产品的产品和医学知识，并对区域推广员、销售人员做出培训计划，每月定期展开培训，不仅限于产品相关知识，提升区域相关人员的专业化能力； 8、区域战术部相关产品线人员的培养及带教； 工作地点 上海徐汇区枫林国际中心 以担保或任何理由索要财物，扣押证照，均涉嫌违法。一经发现， 立即举报","新药,化学药,精神科,神经科",http://www.zhaopin.com/jobdetail/CC131937030J40860216401.htm?refcode=4019&srccode=401901&preactionid=f280a407-05cb-414a-b37a-59c932f02e56
产品经理,广东泽阳智能科技有限公司,8000-15000元·13薪,佛山·三水·西南街道,广州,本科,经验不限,6月7日,zhilian,岗位职责： 1. 产品战略与规划：跟踪全球光伏行业政策、技术趋势及竞品动态，结合公司光伏跟踪控制系统核心优势，制定TCU、NCU、SCADA系列产品短中长期路线图，明确产品定位与商业化落地目标。 2. 需求挖掘与定义：对接海内外客户及内部研发团队，深挖不同场景、不同工况下的产品痛点，输出标准化PRD文档，明确产品功能、性能参数及国际合规认证要求。 3. 产品全生命周期管理：负责光伏跟踪控制系统产品从0-1落地及迭代升级，管控项目进度、成本与风险；跟进市场反馈，持续优化产品算法与功能，闭环各类产品问题。 4. 技术协同与落地：衔接市场与研发，评估技术可行性，推动自研专利技术产品化。 5. 市场与销售赋能：提炼产品差异化优势，配合制定推广、定价方案，输出解决方案、技术资料等营销工具；支撑客户技术对接及内部产品培训。 任职要求： 1. 本科及以上学历，自动化、电子工程、计算机、能源工程等理工科相关专业。 2. 3年以上光伏、新能源或工业自动化领域产品经理经验，有跟踪支架控制系统、光伏控制器、SCADA系统相关产品经验者优先。 3. 具备产品全生命周期管理（0-1孵化/迭代）经验，熟悉硬件+软件+算法结合的产品开发流程。 福利待遇： 1、周末双休，8:30-18:00，8小时工作制，国家法定节假日、年假、婚假、产假等各种带薪假期及各类过节礼品； 2、购买五险； 3、丰富多彩的团队活动：不定期下午茶，团建（旅游、聚餐、户外拓展、烧烤、露营、看电影、唱K等）活动； 4、团队年轻有活力，工作氛围良好，技术支持响应快速。 工作地点 佛山三水区好帮手智慧园B区(华南智能网联集成园)-西门创研总部701 以担保或任何理由索要财物，扣押证照，均涉嫌违法。一经发现， 立即举报,"产品经理,光伏跟踪支架,TCU",http://www.zhaopin.com/jobdetail/CCL1507563980J40853560411.htm?refcode=4019&srccode=401901&preactionid=f280a407-05cb-414a-b37a-59c932f02e56
产品经理,永银文化发展集团有限公司,1.2-2万,南京·秦淮·中华门,广州,本科,3-5年,5月28日,zhilian,岗位职责： 1.负责一线营销需求的收集、梳理、分类，做好需求优先级排序与全生命周期管理，确保需求可落地。 2.独立组织市场调研、用户调研及竞品分析，规范调研流程，输出完整、有针对性的调研报告，为决策提供依据。 3.参与产品立项评审，结合调研数据、市场需求，提供专业的市场依据及数据支持，助力立项决策。 4.搭建并优化公司需求管理机制，梳理需求转化流程，提升需求流转效率与落地质量。 二、任职要求： 1.本科及以上学历，3年及以上产品相关或市场调研相关工作经验； 2.具备较强的数据分析能力，能熟练处理调研数据、提炼核心结论，同时具备清晰的逻辑表达能力。 3.熟练掌握用户调研方法、问卷设计技巧及竞品分析思路，能独立完成全流程调研工作。 4.有贵金属、文创产品或消费品行业经验者优先，了解行业市场特性者加分。 四、我们希望你： 1.对市场敏感、善于挖掘需求，逻辑严谨、细心负责，能独立完成调研与需求管理工作； 2.具备良好的沟通协调能力，能高效对接一线营销部门与产品团队，以数据为导向，助力产品贴合市场需求。 工作地点 秦淮区南京晨光1865创意产业园永银钱币博物馆 以担保或任何理由索要财物，扣押证照，均涉嫌违法。一经发现， 立即举报,珠宝/首饰/钟表/眼镜批发/零售/贸易,http://www.zhaopin.com/jobdetail/CC399069980J40885316713.htm?refcode=4019&srccode=401901&preactionid=f280a407-05cb-414a-b37a-59c932f02e56
产品经理,威海海鼎鲜水产专业合作社,5000-6000元,威海·温泉镇,广州,学历不限,1-3年,7月13日,zhilian,职位描述 电商产品 互联网电商 生鲜农产品批发/零售/贸易 嘿，就是你！我们正在寻找一位充满激情的产品经理，和我们一起打造让用户尖叫的产品！ 你的工作将是全方位的，从市场调研、需求分析到产品设计、项目管理，再到数据分析，我们一起创造产品的魔力！ 如果你： 1. 本科及以上学历，有产品经理工作经验者优先； 2. 熟练使用各种产品经理工具； 3. 擅长沟通，懂得团队协作的力量； 4. 对市场有敏锐的嗅觉，能快速捕捉用户需求； 5. 有成功的产品案例，那就更棒了！ 别犹豫了，加入我们吧！一起创造让用户爱不释手的产品！ 工作地点 威海环翠区温泉路339号威海农副产品批发市场水产区西15A 以担保或任何理由索要财物，扣押证照，均涉嫌违法。一经发现， 立即举报,电商产品,http://www.zhaopin.com/jobdetail/CCL1487788370J40660415712.htm?refcode=4019&srccode=401901&preactionid=f280a407-05cb-414a-b37a-59c932f02e56
产品经理,陕西集味食品有限公司,8000-15000元,安康·汉滨区·恒口镇,广州,本科,3-5年,7月24日,zhilian,岗位职责； 负责富硒食品全生命周期管理，牵头开展市场调研与需求分析，规划产品线含新品开发，制定产品策略（定价、上市、运营），协同生产研发部门推进产品落地与市场推广，确保产品符合消费需求与公司经营目标。 1、市场调研：调研魔芋食品消费趋势、竞品动态及用户需求，输出调研报告与需求清单； 2、产品线规划：结合调研结果规划产品线，制定新品开发计划方案，明确产品核心卖点与差异化定位； 3、策略制定：拟定产品定价策略，制定上市策略与运营优化策略； 4、市场推广协同：对接各事业部，提供产品卖点、推广素材支持，协助制定推广方案，跟踪推广效果并优化； 5、跨部门协调：联动生产研发中心，明确产品工艺、产能、交付周期需求，解决研发、生产过程中的产品适配问题；协调事业部反馈的销售端产品问题，推动整改。 二、任职条件： 学历经验：本科及以上学历，市场营销/食品科学及药品相关专业；3年以上食品行业或相类似产品开发工作经验，熟悉新品开发及迭代流程。 核心能力：1.具备食品消费趋势分析、竞品动态追踪及用户需求挖掘能力，能输出调研报告与需求清单。2.擅长结合调研结果规划产品线，制定差异化定位与核心卖点，明确新品开发及迭代方案。3.能制定定价、上市及运营策略，协同事业部推进市场推广，跟踪效果并优化。4.联动生产研发中心解决产品适配问题，协调事业部推动销售端问题整改。 综合素质：具备创新思维、市场分析能力、跨部门沟通协作能力及抗压能力。 工作地点 安康陕西集味食品有限公司汉滨区恒口示范区工业产业园区大道3号 以担保或任何理由索要财物，扣押证照，均涉嫌违法。一经发现， 立即举报,"农/林/牧/渔,食品/饮品/烟酒制造",http://www.zhaopin.com/jobdetail/CC659129030J40836652909.htm?refcode=4019&srccode=401901&preactionid=f280a407-05cb-414a-b37a-59c932f02e56
产品经理,重庆百计信用管理有限公司,8000-15000元,重庆·渝北,广州,本科,1-3年,1月6日,zhilian,职位描述 项目管理 策略 需求分析 企业服务 人工智能 云计算 职位描述： 1、研究市场和用户需求，提出产品发展计划； 2、参与公司产品的设计、配合开发和项目实施团队完成产品的研发和客户现场实施，完成产品业务需求的提出、产品原型的设计、需求规格说明书和用户操作手册的编写等工作； 3、与其他人员配合，完成公司产品宣传手册的设计和编写； 4、对产品相关数据指标进行统计分析，并提出相应的改进建议，持续改善产品； 5、与公司营销人员配合，对公司微信公众号、微博公众号、媒介新闻宣传提供支持； 任职资格: 1、本科及以上学历，2年以上征信、商业银行、互联网金融、大数据服务、金融it外包服务等领域从业经历，对普惠金融、征信服务市场有一定了解； 2、熟悉企业征信报告、大数据征信技术、信用评分相关分析理论知识，熟悉银行信贷业务和互金信贷业务； 3、精通excel、visio、axure等工具实现产品原型的建制，包括不限于产品业务流程设计、原型制作等。 4、具备优秀的文档写作能力，在高级产品经理指导下，能独立完成产品系统需求规格说明书的编写。 5、具备创业精神，充满激情，有一定的抗压能力。 职位福利：五险一金、绩效奖金、带薪年假、定期体检、员工旅游、节日福利、周末双休 工作地点 重庆渝北区黄山大道中段70号2栋18-1 以担保或任何理由索要财物，扣押证照，均涉嫌违法。一经发现， 立即举报,"项目管理,策略,需求分析",http://www.zhaopin.com/jobdetail/CC366474130J00255692206.htm?refcode=4019&srccode=401901&preactionid=f280a407-05cb-414a-b37a-59c932f02e56
产品经理,绍兴市达美户外用品有限公司,8000-12000元,绍兴·上虞区·崧厦街道,广州,本科,1-3年,7月23日,zhilian,职位描述 电商产品 运动户外用品批发/零售/贸易 工作职责 负责运动户外用品的产品规划与生命周期管理，包括市场调研、需求分析、竞品研究，输出产品路线图。 主导产品需求文档（PRD）的撰写，协调研发、设计、供应链等跨部门资源，推动产品从概念到上市的落地执行。 跟踪产品销售数据与用户反馈，分析产品市场表现，迭代优化产品功能与体验，提升用户满意度与市场份额。 联动销售团队，输出产品卖点与培训材料，助力终端销售转化。 任职要求 本科及以上学历，2年以上快消或运动户外行业产品经理经验，熟悉户外用品的用户群体与市场趋势。 具备扎实的市场调研与需求分析能力，能独立完成竞品分析与用户画像构建。 掌握产品全流程管理方法，熟练使用Axure、XMind等产品工具，能清晰输出PRD与原型设计。 具备良好的跨部门沟通协调能力，能推动复杂项目落地，有供应链协同经验者优先。 工作地点 上虞区绍兴市达美户外用品有限公司(泊清路南) 以担保或任何理由索要财物，扣押证照，均涉嫌违法。一经发现， 立即举报,电商产品,http://www.zhaopin.com/jobdetail/CCL1480612090J41024035004.htm?refcode=4019&srccode=401901&preactionid=f280a407-05cb-414a-b37a-59c932f02e56
产品经理,新乡市承安商贸有限公司,4000-5000元,新乡·红旗区·洪门镇,广州,学历不限,经验不限,6月28日,zhilian,职位描述 互联网电商 (1) 接受公司的专业培训，掌握并熟悉行业及品种的专业知识和技能： (2) 深刻领悟和高度认同公司的经营文化理念，遵循公司的交易法则，在公司的指引下重视自我能力的培养和提升： (3) 执行部门业务的电子盘分析，接受公司的交易指令，并按交易指令进行交易； (4) 做好相关配套工作和记录； (5) 协助部门领导完成相关工作并提出自己的见解和计划。 岗位要求： (1) 专科及以上学历，市场营销、统计学、计算机、信息管理、金融、经济等理工科背景； (2) 对行业有浓厚兴趣，了解一定的金融知识； (3) 具有一定的抗压能力： (4)逻辑性强，思维严谨，具有较强的分析能力和决策能力； (5) 踏实勤奋，有良好的学习研究实践能力，有钻研和主动学习精神和较强独立性； (6) 有良好的沟通协调能力，积极的态度，良好的团队合作精神； 工作时间： 9:30-11:30 1:30-4:00每周日休（国家法定节假日休息)提倡不加班文化! 工作地点 河南省新乡市红旗区金穗大道与新二街交汇处东北角100米2912 以担保或任何理由索要财物，扣押证照，均涉嫌违法。一经发现， 立即举报,互联网电商,http://www.zhaopin.com/jobdetail/CCL1525178210J40866814310.htm?refcode=4019&srccode=401901&preactionid=f280a407-05cb-414a-b37a-59c932f02e56
产品经理,厦门古龙食品有限公司,1.2-1.5万,厦门·同安·西柯,广州,本科,3-5年,6月12日,zhilian,岗位职责 1、市场洞察与战略规划 市场研究：持续追踪食品行业趋势、政策法规（如食品安全标准），并进行消费者需求调研与竞品分析。 策略制定：基于市场洞察，规划产品线的长期发展战略、竞争策略和年度计划，寻找新的产品机会。 2、产品全生命周期管理 新品开发：主导产品从0到1的全过程，包括产品概念设计、口味/配方/工艺定义、包装设计、成本核算与定价。 过程协调：高效协同研发、生产、品控、采购、设计等部门，推动产品按时、保质上市。 生命周期维护：对现有产品进行管理，包括产品改良、包装升级、制定促销方案以及产品线优化（如淘汰表现不佳的产品）。 跨部门沟通与赋能 对接市场与销售：为市场部和销售部提供产品知识培训、营销素材（如产品卖点、详情页文案），并协同制定上市推广方案。 对接研发与生产：将市场需求转化为清晰的产品需求文档（PRD），确保研发和生产团队准确理解目标。 收集反馈：主动收集来自市场、销售和消费者的反馈，并将其转化为产品优化的具体行动。 3、数据分析与商业负责 监控表现：跟踪产品上市后的核心数据，如销售额、市场份额、毛利率、库存周转率、用户复购率等。 数据驱动：通过数据分析，评估产品表现，发现问题并指导后续的产品迭代和营销策略调整。 二、任职要求 学历：本科及以上学历。 专业：食品科学与工程、食品加工、营养学等专业优先，有产品经理工作经验的，专业可以放宽。 行业经验：3-5年以上在快消品（FMCG）或食品行业的相关产品经理工作经验。 能够敏锐地发现市场机会和消费者未被满足的需求。 能够同时管理多个项目，具备优秀的组织、协调和时间管理能力。 能熟练运用Office办公软件及AI分析工具，具备较强的数据分析能力。 作为跨部门协作的中心，必须具备出色的沟通技巧和团队合作精神。具备创新思维，同时对成本、价格、利润等商业指标有清晰的认识。 深刻理解食品安全法规、标签规范等，具备极强的合规风险意识。 工作地点 厦门同安区古龙酱文化园 以担保或任何理由索要财物，扣押证照，均涉嫌违法。一经发现， 立即举报,食品/饮品/烟酒制造,http://www.zhaopin.com/jobdetail/CC504617520J40866846409.htm?refcode=4019&srccode=401901&preactionid=f280a407-05cb-414a-b37a-59c932f02e56
产品经理,淄博向量拟合人工智能有限公司,6000-10000元,淄博·周村区·北郊镇,广州,本科,5-10年,,zhilian,,"财务软件,OA系统,MES系统,ERP系统,B端产品",http://www.zhaopin.com/jobdetail/CCL1524650920J40878029410.htm?refcode=4019&srccode=401901&preactionid=08c1fcde-f93d-447b-a31e-3fcfadf193c9
产品经理,甘肃陆港云链科技有限公司,5000-10000元,定西·陇西县·巩昌镇,广州,大专,1-3年,,zhilian,,B端产品,http://www.zhaopin.com/jobdetail/CCL1293732960J41025707104.htm?refcode=4019&srccode=401901&preactionid=08c1fcde-f93d-447b-a31e-3fcfadf193c9
产品经理,赣州云鹭网络科技有限公司,7000-9000元,合肥·蜀山·西园,广州,学历不限,经验不限,,zhilian,,"软件产品,硬件产品,数据产品",http://www.zhaopin.com/jobdetail/CCL1508295500J40868534707.htm?refcode=4019&srccode=401901&preactionid=08c1fcde-f93d-447b-a31e-3fcfadf193c9
产品经理,北京中科软通科技有限责任公司,8000-10000元,海口·秀英·西秀,广州,本科,3-5年,,zhilian,,"CRM系统,B端产品",http://www.zhaopin.com/jobdetail/CC394717410J40899699913.htm?refcode=4019&srccode=401901&preactionid=08c1fcde-f93d-447b-a31e-3fcfadf193c9
产品经理,中安惟新(舟山)技术有限公司,9000-13000元,舟山·定海区·千岛街道,广州,大专,3-5年,,zhilian,,B端产品,http://www.zhaopin.com/jobdetail/CC860267980J40866074011.htm?refcode=4019&srccode=401901&preactionid=08c1fcde-f93d-447b-a31e-3fcfadf193c9
产品经理,徽通科技集团有限公司,1.2-1.3万,广州·天河·冼村,广州,本科,3-5年,,zhilian,,"金融系统设计,交易系统,证券系统,证券,理财子,平台",http://www.zhaopin.com/jobdetail/CC622613120J40884181705.htm?refcode=4019&srccode=401901&preactionid=549b6372-bb7d-4367-b9c8-706405b5d0c0
产品经理,山河智能装备股份有限公司,1.4-2万,长沙·长沙·黄花,广州,本科,5-10年,,zhilian,,"智能机器人,智能语音",http://www.zhaopin.com/jobdetail/CC136362810J40877622610.htm?refcode=4019&srccode=401901&preactionid=549b6372-bb7d-4367-b9c8-706405b5d0c0
产品经理,新乡市高新区恒盛五金有限公司,8000-12000元,新乡·红旗区·洪门镇,广州,大专,3-5年,,zhilian,,"产品规划,市场调研,数据分析,商业化产品,电商产品",http://www.zhaopin.com/jobdetail/CC703768120J40954567408.htm?refcode=4019&srccode=401901&preactionid=549b6372-bb7d-4367-b9c8-706405b5d0c0
产品经理,福建合诚信息科技有限公司,8000-11000元,福州·鼓楼·水部,广州,本科,3-5年,,zhilian,,"智慧园区,智慧建筑,智慧楼宇",http://www.zhaopin.com/jobdetail/CC476920320J40954010608.htm?refcode=4019&srccode=401901&preactionid=549b6372-bb7d-4367-b9c8-706405b5d0c0
产品经理,江西冠英智能科技股份有限公司廊坊分公司,8000-13000元,赣州·章贡区·湖边镇,广州,本科,3-5年,,zhilian,,大模型,http://www.zhaopin.com/jobdetail/CCL1492445960J40898828613.htm?refcode=4019&srccode=401901&preactionid=221055ba-8357-4da7-8c0e-20bc2980dbf5
产品经理,徽通科技集团有限公司,1.1-1.3万,广州·天河·冼村,广州,本科,3-5年,,zhilian,,"金融系统设计,证券系统",http://www.zhaopin.com/jobdetail/CC622613120J40884826605.htm?refcode=4019&srccode=401901&preactionid=221055ba-8357-4da7-8c0e-20bc2980dbf5
产品经理,杭州平航科技有限公司,1-1.5万·13薪,杭州·滨江·长河,广州,本科,1-3年,,zhilian,,"产品经理,PC端产品",http://www.zhaopin.com/jobdetail/CC468788427J00337967803.htm?refcode=4019&srccode=401901&preactionid=221055ba-8357-4da7-8c0e-20bc2980dbf5
产品经理,新疆星耀恒通商贸有限公司,6000-10000元,伊犁·伊宁市·解放路街道,广州,本科,1-3年,,zhilian,,"需求分析,项目管理,数据分析,电商产品",http://www.zhaopin.com/jobdetail/CCL1465361370J40849208201.htm?refcode=4019&srccode=401901&preactionid=221055ba-8357-4da7-8c0e-20bc2980dbf5
产品经理,安徽万泰地球物理技术有限公司,7000-10000元,淮南·田家庵区·三和镇,广州,本科,经验不限,,zhilian,,"国内市场,西南大区",http://www.zhaopin.com/jobdetail/CC672838620J40702353606.htm?refcode=4019&srccode=401901&preactionid=221055ba-8357-4da7-8c0e-20bc2980dbf5
产品经理,蓝羚汽车(山东)有限公司,1-1.2万,青岛·即墨·龙泉,广州,本科,1-3年,,zhilian,,"金融系统设计,汽车租赁产品管理,供应商商务谈判,市场调研分析",http://www.zhaopin.com/jobdetail/CCL1469053540J40887826413.htm?refcode=4019&srccode=401901&preactionid=221055ba-8357-4da7-8c0e-20bc2980dbf5
产品经理,济宁繁星文化传媒有限公司,7000-10000元,济宁·任城区·阜桥街道,广州,大专,3-5年,,zhilian,,软件产品,http://www.zhaopin.com/jobdetail/CCL1345355620J40866150711.htm?refcode=4019&srccode=401901&preactionid=221055ba-8357-4da7-8c0e-20bc2980dbf5
产品经理,山东智路信息科技有限公司,5000-9000元,烟台·莱山·滨海路,广州,本科,3-5年,,zhilian,,"B端产品,C端产品",http://www.zhaopin.com/jobdetail/CC600020030J40999717104.htm?refcode=4019&srccode=401901&preactionid=0fb784e7-6a1c-4511-908f-4f18835f6525
产品经理,甘肃陆港云链科技有限公司,5000-10000元,张掖·甘州区·新墩镇,广州,大专,1-3年,,zhilian,,B端产品,http://www.zhaopin.com/jobdetail/CCL1293732960J41025705104.htm?refcode=4019&srccode=401901&preactionid=0fb784e7-6a1c-4511-908f-4f18835f6525
产品经理,镕聚堂康健综合门诊(天津)有限责任公司,7000-10000元,天津·河西·陈塘庄,广州,本科,3-5年,,zhilian,,HIS系统,http://www.zhaopin.com/jobdetail/CCL1516258780J41007020702.htm?refcode=4019&srccode=401901&preactionid=0fb784e7-6a1c-4511-908f-4f18835f6525
产品经理,广东华研智启科技有限公司,7000-12000元,厦门·翔安·香山,广州,本科,3-5年,,zhilian,,"MAAS,UML建模,SQL,工业自动化",http://www.zhaopin.com/jobdetail/CCL1507495560J40853309607.htm?refcode=4019&srccode=401901&preactionid=0fb784e7-6a1c-4511-908f-4f18835f6525
产品经理,四川雄健实业有限公司,4000-7000元,德阳·中江县·兴隆镇,广州,大专,1-3年,,zhilian,,电商产品,http://www.zhaopin.com/jobdetail/CC547072920J40833880316.htm?refcode=4019&srccode=401901&preactionid=0fb784e7-6a1c-4511-908f-4f18835f6525
产品经理,海口胜浪网络科技有限公司,6000-12000元,海口·龙华·金贸,广州,本科,1-3年,,zhilian,,"CRM系统,B端产品,PC端产品,后台产品,云计算,SaaS,工具产品",http://www.zhaopin.com/jobdetail/CC306405230J40881049305.htm?refcode=4019&srccode=401901&preactionid=0fb784e7-6a1c-4511-908f-4f18835f6525
产品经理,深圳市正思科技有限公司,1-1.2万,深圳·南山·南头,广州,本科,1-3年,,zhilian,,"Axure,墨刀,Xmind,TO B,TO C",http://www.zhaopin.com/jobdetail/CC276280780J40951794408.htm?refcode=4019&srccode=401901&preactionid=0fb784e7-6a1c-4511-908f-4f18835f6525
产品经理,北京鸿联九五信息产业有限公司,1-1.5万,西安·雁塔·电子城,广州,本科,5-10年,,zhilian,,"B端产品,人事系统,招聘系统,大模型",http://www.zhaopin.com/jobdetail/CC120835170J40873595203.htm?refcode=4019&srccode=401901&preactionid=0fb784e7-6a1c-4511-908f-4f18835f6525
产品经理,江西汇仁药业股份有限公司,1-1.5万,南昌·南昌县·莲塘,广州,本科,1-3年,,zhilian,,"产品概念,产品复合体,产品开发",http://www.zhaopin.com/jobdetail/CC179767620J40826536807.htm?refcode=4019&srccode=401901&preactionid=057684c5-3f91-4d4d-8fc9-dd5ae37236bb
产品经理,河南省鹏辉电源有限公司,1.8-2.8万·14薪,驻马店·驿城区·顺河街道,广州,本科,3-5年,,zhilian,,新能源,http://www.zhaopin.com/jobdetail/CC605090480J41006825302.htm?refcode=4019&srccode=401901&preactionid=057684c5-3f91-4d4d-8fc9-dd5ae37236bb
产品经理,一通(河南)信息科技有限公司,8000-13000元,郑州·金水·丰产路,广州,本科,3-5年,,zhilian,,"软件产品,增长产品,商业化产品,会员权益",http://www.zhaopin.com/jobdetail/CCL1445690250J40877892610.htm?refcode=4019&srccode=401901&preactionid=057684c5-3f91-4d4d-8fc9-dd5ae37236bb
产品经理,甘肃陆港云链科技有限公司,5000-10000元,兰州·城关区·白银路街道,广州,大专,1-3年,,zhilian,,B端产品,http://www.zhaopin.com/jobdetail/CCL1293732960J41025703404.htm?refcode=4019&srccode=401901&preactionid=057684c5-3f91-4d4d-8fc9-dd5ae37236bb
产品经理,重庆长安跨越车辆有限公司,1.2-1.8万,重庆·九龙坡·巴福,广州,本科,3-5年,,zhilian,,"汽车底盘总布置,汽车零部件总布置,汽车车身总布置,汽车整车总布置",http://www.zhaopin.com/jobdetail/CC354367310J40944699315.htm?refcode=4019&srccode=401901&preactionid=057684c5-3f91-4d4d-8fc9-dd5ae37236bb
产品经理,成都蜀智云链科技股份有限公司,8000-15000元,成都·武侯·桂溪,广州,本科,5-10年,,zhilian,,"Axure,TO B,TO G,FIGMA,墨刀,Xmind,需求分析,产品设计,市场调研",http://www.zhaopin.com/jobdetail/CCL1472921240J40870063909.htm?refcode=4019&srccode=401901&preactionid=057684c5-3f91-4d4d-8fc9-dd5ae37236bb
产品经理,广州数据集团有限公司,1-1.8万·14薪,广州·天河·冼村,广州,本科,1-3年,,zhilian,,数据产品,http://www.zhaopin.com/jobdetail/CCL1479122530J40945548502.htm?refcode=4019&srccode=401901&preactionid=057684c5-3f91-4d4d-8fc9-dd5ae37236bb
产品经理,南京萨特科技发展有限公司,1.2-1.8万,南京·栖霞·马群,广州,本科,1-3年,,zhilian,,"需求分析,产品/版本迭代,使用场景分析,项目管理",http://www.zhaopin.com/jobdetail/CC142528620J40830603416.htm?refcode=4019&srccode=401901&preactionid=057684c5-3f91-4d4d-8fc9-dd5ae37236bb
产品经理,济南飞鸟文化传媒有限公司,7000-12000元,济南·历城·港沟,广州,本科,1-3年,,zhilian,,"功能产品,产品规划,需求分析,TO C",http://www.zhaopin.com/jobdetail/CC374838180J40777209706.htm?refcode=4019&srccode=401901&preactionid=057684c5-3f91-4d4d-8fc9-dd5ae37236bb
产品经理,威海睿博软件有限公司,7000-9000元,威海·环翠区·皇冠街道,广州,大专,3-5年,,zhilian,,"市场调研,产品规划,需求分析,产品设计,用户研究,项目管理,产品运营,用户增长",http://www.zhaopin.com/jobdetail/CC285960330J40389987708.htm?refcode=4019&srccode=401901&preactionid=fdda8bf3-8be9-439b-8db2-c70ae853d8f2
产品经理,甘肃陆港云链科技有限公司,5000-10000元,酒泉·肃州区·西南街街道,广州,大专,1-3年,,zhilian,,B端产品,http://www.zhaopin.com/jobdetail/CCL1293732960J41025706404.htm?refcode=4019&srccode=401901&preactionid=fdda8bf3-8be9-439b-8db2-c70ae853d8f2
产品经理,点控云(北京)智能科技有限公司,1-1.6万,北京·大兴·荣华街道,广州,本科,1-3年,,zhilian,,"CRM系统,ERP系统,智能客服,B端产品",http://www.zhaopin.com/jobdetail/CCL1433388110J40924923012.htm?refcode=4019&srccode=401901&preactionid=fdda8bf3-8be9-439b-8db2-c70ae853d8f2
产品经理,成都天星数字科技有限公司,8000-12000元,成都·双流·正兴,广州,本科,3-5年,,zhilian,,"PC端产品,支付产品",http://www.zhaopin.com/jobdetail/CCL1445414800J40778270406.htm?refcode=4019&srccode=401901&preactionid=fdda8bf3-8be9-439b-8db2-c70ae853d8f2
产品经理,安徽富佳泰智能科技有限公司,1-2万,芜湖·弋江区,广州,大专,1-3年,,zhilian,,"产品规划,产品设计,数据分析,硬件产品",http://www.zhaopin.com/jobdetail/CCL1481846780J40774158706.htm?refcode=4019&srccode=401901&preactionid=fdda8bf3-8be9-439b-8db2-c70ae853d8f2
产品经理,河南花花牛乳业集团股份有限公司郑州分公司,7000-14000元,郑州·二七区·马寨,广州,硕士,3-5年,,zhilian,,策略产品,http://www.zhaopin.com/jobdetail/CC687530830J40861781710.htm?refcode=4019&srccode=401901&preactionid=a81a6525-58d4-4faf-983d-31191b5b0487
产品经理,深圳市法本信息技术股份有限公司,7000-9000元,百色·平果市·平果铝,广州,本科,3-5年,,zhilian,,硬件产品,http://www.zhaopin.com/jobdetail/CC385622410J40792893506.htm?refcode=4019&srccode=401901&preactionid=a81a6525-58d4-4faf-983d-31191b5b0487
产品经理,青岛贝来国际贸易有限公司,9000-18000元,青岛·崂山·中韩,广州,学历不限,3-5年,,zhilian,,办公产品,http://www.zhaopin.com/jobdetail/CC206428110J40924417612.htm?refcode=4019&srccode=401901&preactionid=a81a6525-58d4-4faf-983d-31191b5b0487
产品经理,山东唐和智能科技有限公司,7000-14000元·13薪,潍坊·奎文·新城,广州,大专,3-5年,,zhilian,,"软件产品,ERP系统,MES系统",http://www.zhaopin.com/jobdetail/CC340350880J40821453714.htm?refcode=4019&srccode=401901&preactionid=a81a6525-58d4-4faf-983d-31191b5b0487
产品经理,众阳健康科技集团有限公司,1.2-2.4万,济南·历下·舜华路,广州,本科,经验不限,,zhilian,,软件产品,http://www.zhaopin.com/jobdetail/CC227606010J40548032706.htm?refcode=4019&srccode=401901&preactionid=a81a6525-58d4-4faf-983d-31191b5b0487
产品经理,上海万引数字科技集团有限公司西安分公司,8000-15000元,西安·雁塔·丈八沟,广州,本科,3-5年,,zhilian,,"B端产品,C端产品,智慧城市,数字营销工具,墨刀,数字孪生",http://www.zhaopin.com/jobdetail/CCL1461457530J40863904901.htm?refcode=4019&srccode=401901&preactionid=a81a6525-58d4-4faf-983d-31191b5b0487
产品经理,京北方,1.7-2万,北京·朝阳,广州,本科,经验不限,,zhilian,,ERP系统,http://www.zhaopin.com/jobdetail/CC315847110J40864422807.htm?refcode=4019&srccode=401901&preactionid=a81a6525-58d4-4faf-983d-31191b5b0487
产品经理,世纪恒通科技股份有限公司,1.2-1.5万,沈阳·沈河·五里河,广州,本科,3-5年,,zhilian,,"数据产品,智慧服务",http://www.zhaopin.com/jobdetail/CC324953310J40877984209.htm?refcode=4019&srccode=401901&preactionid=b83844d0-b87d-4e69-8f4d-5e354f7698a8
产品经理,广州市昭云互联网科技有限公司,100-150元/天,广州·番禺·南村,广州,学历不限,经验不限,,zhilian,,"软件产品,AI产品,商业化产品,大模型产品,ERP系统,CRM系统,MES系统,产品规划,产品运营,需求分析",http://www.zhaopin.com/jobdetail/CC251345230J40867632601.htm?refcode=4019&srccode=401901&preactionid=b83844d0-b87d-4e69-8f4d-5e354f7698a8
产品经理,大连科普信息技术有限公司,1-1.3万,宁波·慈溪·周巷,广州,大专,经验不限,,zhilian,,"车联网,OTA,软件产品",http://www.zhaopin.com/jobdetail/CC830312540J40953529108.htm?refcode=4019&srccode=401901&preactionid=b83844d0-b87d-4e69-8f4d-5e354f7698a8
产品经理,北京千方科技股份有限公司,1.2-1.6万,天津·南开·兴南,广州,本科,3-5年,,zhilian,,软件产品,http://www.zhaopin.com/jobdetail/CC679964920J40892551812.htm?refcode=4019&srccode=401901&preactionid=b83844d0-b87d-4e69-8f4d-5e354f7698a8
产品经理,浙江欧锐图科技有限公司,8000-10000元,杭州·萧山·盈丰,广州,本科,1-3年,,zhilian,,TO C,http://www.zhaopin.com/jobdetail/CCL1256117130J40865718405.htm?refcode=4019&srccode=401901&preactionid=b83844d0-b87d-4e69-8f4d-5e354f7698a8
产品经理,上海尼丹环保设备有限公司,9000-12000元,上海·松江·九亭,广州,大专,1-3年,,zhilian,,产品经理,http://www.zhaopin.com/jobdetail/CC562658580J40918792602.htm?refcode=4019&srccode=401901&preactionid=b83844d0-b87d-4e69-8f4d-5e354f7698a8
产品经理,上海新炬网络信息技术股份有限公司,1-1.3万·13薪,长沙·芙蓉·湘湖,广州,本科,3-5年,,zhilian,,运维,http://www.zhaopin.com/jobdetail/CCL1241548470J40609535012.htm?refcode=4019&srccode=401901&preactionid=b83844d0-b87d-4e69-8f4d-5e354f7698a8
产品经理,山东麦乐宝玩具有限公司,5000-10000元,临沂·兰山·兰山街道,广州,大专,经验不限,,zhilian,,"沙滩玩具,电子玩具,大型游乐玩具,塑胶玩具,儿童玩具",http://www.zhaopin.com/jobdetail/CC838118610J40790347406.htm?refcode=4019&srccode=401901&preactionid=b83844d0-b87d-4e69-8f4d-5e354f7698a8
产品经理,易自付(重庆)科技有限公司,6000-8000元,重庆·渝中·化龙桥,广州,本科,1-3年,,zhilian,,AI数据,http://www.zhaopin.com/jobdetail/CCL1370333250J40880288113.htm?refcode=4019&srccode=401901&preactionid=b83844d0-b87d-4e69-8f4d-5e354f7698a8
产品经理,天士力医药集团股份有限公司,1.4-2.8万·14薪,天津·北辰·宜兴埠,广州,本科,3-5年,,zhilian,,中药,http://www.zhaopin.com/jobdetail/CC516730880J40765633210.htm?refcode=4019&srccode=401901&preactionid=b83844d0-b87d-4e69-8f4d-5e354f7698a8
产品经理,联诚科技,9000-12000元,昆明·盘龙·东华,广州,大专,3-5年,,zhilian,,"用户研究,需求分析,产品规划",http://www.zhaopin.com/jobdetail/CC176412720J40921698712.htm?refcode=4019&srccode=401901&preactionid=15d895a4-47e3-42cb-9336-4eb87cf70feb
产品经理,徐州南普机电科技有限公司,8000-15000元,徐州·丰县·凤城街道,广州,大专,3-5年,,zhilian,,国内市场,http://www.zhaopin.com/jobdetail/CC253475680J40887554803.htm?refcode=4019&srccode=401901&preactionid=15d895a4-47e3-42cb-9336-4eb87cf70feb
产品经理,山东悦朋智能科技有限公司,7000-12000元,威海·环翠区·皇冠街道,广州,大专,5-10年,,zhilian,,"网页产品,APP产品",http://www.zhaopin.com/jobdetail/CC875892830J40422486204.htm?refcode=4019&srccode=401901&preactionid=15d895a4-47e3-42cb-9336-4eb87cf70feb
产品经理,山子高科技股份有限公司,4-7万,杭州·余杭·五常,广州,本科,5-10年,,zhilian,,头部潮牌,http://www.zhaopin.com/jobdetail/CCL1461146090J40878445510.htm?refcode=4019&srccode=401901&preactionid=15d895a4-47e3-42cb-9336-4eb87cf70feb
产品经理,青岛未来移动医疗科技有限公司,1.2-1.6万·13薪,青岛·崂山·沙子口,广州,本科,1-3年,,zhilian,,"人工智能产品,需求分析",http://www.zhaopin.com/jobdetail/CC252465980J40567977001.htm?refcode=4019&srccode=401901&preactionid=15d895a4-47e3-42cb-9336-4eb87cf70feb
产品经理,山东爱择商务信息咨询有限公司,4000-8000元,淄博·张店区·和平街道,广州,本科,经验不限,,zhilian,,商务拓展,http://www.zhaopin.com/jobdetail/CC629053130J40058999813.htm?refcode=4019&srccode=401901&preactionid=15d895a4-47e3-42cb-9336-4eb87cf70feb
产品经理,北京中兴通投资集团有限公司,1.2-1.5万,北京·海淀·马连洼,广州,本科,经验不限,,zhilian,,"财务软件,B端产品",http://www.zhaopin.com/jobdetail/CCL1242810140J40871307710.htm?refcode=4019&srccode=401901&preactionid=15d895a4-47e3-42cb-9336-4eb87cf70feb
产品经理,雅迪科技集团有限公司,1.5-2.6万,无锡·锡山·厚桥,广州,本科,5-10年,,zhilian,,"DMS,B端产品,C端产品",http://www.zhaopin.com/jobdetail/CC509603220J40913414103.htm?refcode=4019&srccode=401901&preactionid=15d895a4-47e3-42cb-9336-4eb87cf70feb
产品经理,宁夏华威鹏程电子科技有限公司,5000-10000元,银川·兴庆区·玉皇阁北街街道,广州,学历不限,1-3年,,zhilian,,"市场调研,需求分析,产品规划",http://www.zhaopin.com/jobdetail/CCL1321698780J40466426702.htm?refcode=4019&srccode=401901&preactionid=39c43b39-69d9-4862-bc0b-1e465786de5a
产品经理,魔饮咖啡(青岛)有限公司,2-2.2万,青岛·城阳·城阳街道,广州,学历不限,经验不限,,zhilian,,咖啡产品,http://www.zhaopin.com/jobdetail/CC890110320J40875908914.htm?refcode=4019&srccode=401901&preactionid=39c43b39-69d9-4862-bc0b-1e465786de5a
产品经理,山东数字人科技股份有限公司,8000-13000元,济南·历下·智远,广州,本科,3-5年,,zhilian,,"IT/互联网,软件行业,Axure,Xmind,Visio",http://www.zhaopin.com/jobdetail/CC313561230J40249027009.htm?refcode=4019&srccode=401901&preactionid=39c43b39-69d9-4862-bc0b-1e465786de5a
产品经理,爱玛科技集团股份有限公司,1.6-3万·16薪,重庆·铜梁·东城,广州,本科,5-10年,,zhilian,,"数据产品,产品规划",http://www.zhaopin.com/jobdetail/CC315121710J40849980701.htm?refcode=4019&srccode=401901&preactionid=39c43b39-69d9-4862-bc0b-1e465786de5a
产品经理,武汉蔚澜信息技术有限公司,8000-14000元,武汉·江夏,广州,本科,1-3年,,zhilian,,"软件产品,设计相关专业",http://www.zhaopin.com/jobdetail/CC838485890J40856428605.htm?refcode=4019&srccode=401901&preactionid=39c43b39-69d9-4862-bc0b-1e465786de5a
产品经理,陕西初斐科医学营养运营有限公司,1-1.1万,太原·杏花岭·巨轮,广州,硕士,经验不限,,zhilian,,"1年产品经理经验,产品经理",http://www.zhaopin.com/jobdetail/CCL1499459160J40883727703.htm?refcode=4019&srccode=401901&preactionid=39c43b39-69d9-4862-bc0b-1e465786de5a
产品经理,郑州迪维勒普科技有限公司,1.2-1.6万,郑州·中原·石佛,广州,本科,5-10年,,zhilian,,"通信行业,需求产品,需求分析",http://www.zhaopin.com/jobdetail/CC471522930J41006216102.htm?refcode=4019&srccode=401901&preactionid=39c43b39-69d9-4862-bc0b-1e465786de5a
产品经理,厦门极风网络科技有限公司,9000-13000元,厦门·思明·滨海,广州,本科,5-10年,,zhilian,,"智能医疗,FIGMA/AXURE等工具,互联网C端产品经验",http://www.zhaopin.com/jobdetail/CC310177180J40865677501.htm?refcode=4019&srccode=401901&preactionid=39c43b39-69d9-4862-bc0b-1e465786de5a
产品经理,山东鲁厨食品科技有限公司,8000-15000元,菏泽·成武县·永昌街道,广州,大专,3-5年,,zhilian,,"肉制品,全国市场,B端为主",http://www.zhaopin.com/jobdetail/CCL1477267510J40906030303.htm?refcode=4019&srccode=401901&preactionid=39c43b39-69d9-4862-bc0b-1e465786de5a
