job_name,company_name,salary,work_area,city,education,work_year,issue_date,source,skill_requirements,tech_tags,job_url
网络安全工程师,广东安联网络安全技术有限公司,8000-15000元,广州·天河·天河南,广州,本科,1-3年,7月26日,zhilian_direct,岗位职责 1. 安全服务交付与实施 1）主导或参与客户现场及远程安全服务项目，高质量完成安全巡检、漏洞扫描、配置核查、安全评估、渗透测试、系统加固等任务。 2）负责安全事件的应急响应，包括快速定位、遏制威胁、溯源分析及损失评估，并协助客户完成系统恢复。 2. 项目支持与客户协同 1）高效解决项目实施过程中的关键技术问题，确保项目按期优质交付。 2）作为技术接口，与客户保持顺畅沟通，准确理解需求并提供专业建议与技术支持，建立并维护良好的客户信任关系。 3. 文档与知识沉淀 1）负责编写各类技术服务文档，包括技术方案、项目实施报告、渗透测试报告、应急响应报告及项目总结等。 二、 任职要求 1）基础学历： 网络工程、网络安全、计算机科学等相关专业，本科及以上学历。 2）沟通能力： 具备出色的沟通与协调能力，能清晰、专业地向客户及团队主管阐述技术问题与解决方案。 3）法规标准： 熟悉国家网络安全法律法规、网络安全等级保护制度及相关行业政策规范。 4）技术基础： 扎实掌握TCP/IP协议栈等网络基础，了解路由器、交换机、防火墙等网络设备的配置与原理。 精通Windows、Linux及国产化操作系统（如麒麟）的安全配置、管理与加固。 熟悉防火墙、IDS/IPS、WAF、态势感知等主流安全设备的工作原理与策略配置。 5）安全能力： 深入理解OWASP Top 10、CWE Top 25等常见安全漏洞的原理、利用及修复方法。 熟练掌握Burp Suite、SQLMap、Metasploit、Cobalt Strike等主流渗透测试与安全评估工具。 具备基础的应急响应处置与安全事件分析能力。 6）个人素质： 责任心强，细心严谨，具备出色的团队合作精神，同时能独立承担任务；具备良好的文字表达能力，能胜任技术方案与报告的撰写。 三、优先考虑 1.实战经验： 有大型攻防演练（如“护网”行动）参与经验，并熟悉其整体流程与战术打法者优先。 2.专业认证： 持有CISSP、CISP-PTE、Security+、软考（信息安全方向）等行业权威认证者优先。 3.技术特长： 具备代码审计能力，能阅读并分析Java/Python/PHP/.NET等至少一种编程语言代码；具备数据安全风险评估能力，能熟悉数据安全风险评估相关标准、实施流程、现场实施、风险分析、报告编辑等内容。 4.能力证明： 在各大SRC或漏洞平台有高质量漏洞提交记录，或在CTF比赛中取得过良好名次。 公司福利： 1.福利保障：五险一金，定期体检、专业培训、享受法定节假日等各类带薪假期； 2.日常福利：定期团建、节日礼品、生日福利、下午茶； 3.办公环境：年轻化团队氛围，工作氛围轻松融洽。 工作地点 广州天河区三新大厦21FG 以担保或任何理由索要财物，扣押证照，均涉嫌违法。一经发现， 立即举报,"网络安全,CISSP,CISA,软考证书",http://www.zhaopin.com/jobdetail/CCL1348749700J40849971513.htm?refcode=4019&srccode=401903&preactionid=f984ba7f-d24c-43cd-be2e-a3ab54715574
销售总监（网络安全与系统集成方向）,山东同域网络安全技术有限公司,8000-15000元,威海·环翠区·田和街道,威海,本科,5-10年,7月26日,zhilian_direct,岗位职责 1. 销售战略制定与执行 （1）根据公司年度经营目标，制定针对网络安全服务（等保、渗透、运维）、软件定制开发及系统集成业务的销售策略与市场拓展计划。 （2）分析行业趋势（如政务、医疗、教育、能源等行业政策导向），挖掘客户潜在需求，推动公司解决方案在目标行业的落地。 2. 客户拓展与重大项目攻关 （1）主导大客户（To B/G）开发工作，重点攻克政务、国企、大型企事业单位的信息化建设项目。 （2）梳理并跟进项目线索，协调内外部资源（售前技术、产品研发）进行方案设计与报价，负责项目招投标、商务谈判及合同签订的全流程管理。 3. 渠道与生态合作管理：拓展并维护渠道合作伙伴（如硬件厂商、行业ISV等），建立稳固的生态合作体系，通过资源互换与联合方案推广，扩大业务覆盖面。 4. 团队建设与管理 （1）组建并管理销售团队，制定考核激励机制，提升团队的销售技能与行业认知（如网络安全政策法规、软件产品逻辑）。 （2）协助团队成员进行重点客户跟进，把控项目风险，确保销售回款目标的达成。 二、 任职资格 1. 经验要求 （1）学历专业： 本科及以上学历，计算机、信息安全、市场营销或相关专业优先。 （2）从业背景： 5年以上IT/B2B行业销售经验，其中至少2年网络安全、系统集成或软件销售相关行业背景。 （3）成功案例： 具备独立运作系统集成项目（如数据中心建设、网络改造）或网络安全服务项目（如等保测评、安全运维）的成功经验。 2. 核心能力 （1）商务谈判： 精通大客户公关技巧，具备优秀的沟通能力和应变能力，能够与客户高层进行有效对话。 （2）解决方案思维： 理解网络安全产品（如防火墙、态势感知）或软件系统的底层逻辑，能够引导客户需求，输出针对性方案。 （3）资源整合： 具备良好的跨部门协作能力，能有效协调技术、实施团队确保项目落地。 3. 行业认知 （1）了解网络安全相关政策法规（如等保2.0、数据安全法）及行业趋势，熟悉政府、医疗或教育行业的项目决策链。 （2）@拥有相关行业客户资源或渠道资源者优先考虑。 工作地点 环翠区哈尔滨工业大学(威海校区) 以担保或任何理由索要财物，扣押证照，均涉嫌违法。一经发现， 立即举报,信息安全,http://www.zhaopin.com/jobdetail/CCL1478645330J40878343505.htm?refcode=4019&srccode=401903&preactionid=f984ba7f-d24c-43cd-be2e-a3ab54715574
网络安全售后工程师-青海,北京天融信网络安全技术有限公司,6000-10000元·14薪,西宁·城西区·古城台街道,西宁,大专,3-5年,7月26日,zhilian_direct,"职位描述 网站安全 主机安全 售后支持工程师 售后工程师 信息安全 工作内容： 1、负责公司项目和产品的实施； 2、负责项目的售后维护，应急响应，故障排除等工作； 3、针对用户网络环境，制定合理的网络安全方案及实施方案； 4、在客户现场进行产品的测试、实施、故障调查、技术分析，并提供解决方案或建议。 任职要求： 1、计算机网络及相关专业，专科及专科以上学历； 2、拥有H3C,TCSP或思科等网络认证者优先； 3、熟悉常见的各种路由交换协议，熟悉主流网络安全产品； 4、熟悉路由器，交换机，防火墙等网络及安全设备的工作原理和特性，并能熟练配置； 5、具备UNIX、Linux、Windows操作系统的系统管理经验者优先考虑； 6、具备交换机、服务器应用系统维护经验者优先考虑； 7、具备较强的事业心、责任感以及良好的沟通表达能力和团队协作精神； 8、具有网络信息安全行业相关经验优先。 工作地点 西宁城西区水电大厦10楼 以担保或任何理由索要财物，扣押证照，均涉嫌违法。一经发现， 立即举报","网站安全,主机安全,售后支持工程师,售后工程师",http://www.zhaopin.com/jobdetail/CC380206280J40742895814.htm?refcode=4019&srccode=401903&preactionid=f984ba7f-d24c-43cd-be2e-a3ab54715574
网络安全等保测评师,山西赛盾网络安全测评技术有限公司,4000-8000元,太原·小店·平阳路,太原,本科,1-3年,7月26日,zhilian_direct,职位描述 等保测评师 信息安全 1.负责网络安全等级保护测评、风险评估、应急相应等技术服务和咨询； 2.对测评信息系统进行网络安全等级保护测评； 3.编制网络安全等级保护测评方案，出具网络安全等级保护测评报告。 任职要求： 1.计算机技术、网络工程、数学类、通信或电子工程等相关专业毕业，本科及以上学历； 2.有一年以上的网络安全或大型网络运维相关行业从业经验优先； 3.了解网络设备（路由器、交换机等）、服务器（Windows、Linux等）、数据库（SQL Server、Mysql、Oracle等）、安全设备（防火墙、堡垒机、入侵防御等）等相关设备工作原理及配置； 4.熟练掌握word、excel等办公软件的使用； 5.有较强的文字表达能力和学习能力； 6.能接受山西省内出差； 7.有网络安全等级保护测评师证书者，待遇从优。 工作地点 太原小店区智创城A座16层 以担保或任何理由索要财物，扣押证照，均涉嫌违法。一经发现， 立即举报,等保测评师,http://www.zhaopin.com/jobdetail/CCL1244599580J40808080407.htm?refcode=4019&srccode=401903&preactionid=f984ba7f-d24c-43cd-be2e-a3ab54715574
CERT网络安全应急驻场工程师,山东同域网络安全技术有限公司,6000-8000元,济南·市中·四里村,济南,大专,1-3年,7月26日,zhilian_direct,岗位职责： （一）日常安全值守与监测运维 1. 负责日常网络安全驻场值守，实时监控网络、业务系统及安全设备告警，甄别并处理各类基础安全风险告警。 2. 定期开展全网安全日常巡检，排查网络、服务器、业务系统安全隐患，整理巡检记录，输出日常巡检报告并上报。 3. 负责安全设备日常基础运维，保障设备正常运行，定期梳理优化基础防护策略。 （二）漏洞管理与风险整改 1. 配合开展全网漏洞扫描、风险排查工作，梳理漏洞及安全风险台账，对安全风险进行分级整理。 2. 对接各业务、运维部门，跟进漏洞修复、安全配置加固工作，全程跟进问题整改闭环，整理整改相关资料。 （三）网络安全事件应急处置 1. 负责处置日常各类基础网络安全事件，包括病毒感染、异常访问、网页异常等常见安全问题，及时隔离、清除安全隐患，恢复业务正常运行。 2. 完整记录安全事件处置全过程，撰写处置报告，总结问题并提出优化建议。 3. 配合上级主管部门完成安全核查、事件上报等相关工作。 （五）安全保障与专项工作 1. 负责重大节假日、重要会议等关键时期的网络安全重保值守工作，保障重保期间网络与业务安全稳定。 2. 协助客户完成网络安全自查、等级保护合规整改、安全审计等各类合规工作，整理相关资料。 3. 配合开展安全应急演练、安全培训等相关工作，优化基础安全防护流程。 （六）文档体系与知识沉淀 1. 规范整理日常值守、巡检、整改、应急处置等各类工作台账及文档，保证工作可追溯。 2. 积累日常安全工作经验，汇总常见问题处置方法，提升基础安全服务能力。 3. 完成客户交办的其他网络安全相关日常及临时保障工作。 岗位要求： 1. 大专及以上学历，计算机网络、网络安全相关专业，有相关网络安全、运维驻场工作经验即可。 2. 掌握基础网络安全常识，了解服务器、终端基础安全操作，会使用常规安全运维工具，能识别基础安全风险。 3. 了解基础网络安全事件处置流程，能够配合完成安全问题排查、处理、记录与上报工作。 4. 了解网络安全合规基础要求，熟悉安全巡检、漏洞整理、风险台账梳理等基础工作。 5. 持有CISP、CCNP证书优先考虑。 6. 思维灵活、学习能力强，愿意主动学习网络安全相关知识，能快速适配岗位工作。 工作地点 济南市中区八一立交桥 以担保或任何理由索要财物，扣押证照，均涉嫌违法。一经发现， 立即举报,信息安全,http://www.zhaopin.com/jobdetail/CCL1478645330J40881473605.htm?refcode=4019&srccode=401903&preactionid=f984ba7f-d24c-43cd-be2e-a3ab54715574
网络安全高级工程师,天津展望互联网络安全系统技术开发有限公司,1-1.1万,天津·南开·学府,天津,大专,3-5年,7月26日,zhilian_direct,职位描述 信息安全 熟悉渗透测试，熟悉红蓝队对抗，熟悉病毒种类，能够进行溯源分析 工作地点 天津市-南开区-鞍山西道259号 以担保或任何理由索要财物，扣押证照，均涉嫌违法。一经发现， 立即举报,信息安全,http://www.zhaopin.com/jobdetail/CC239158310J40788761806.htm?refcode=4019&srccode=401903&preactionid=f984ba7f-d24c-43cd-be2e-a3ab54715574
网络安全项目经理（合肥）,北京天融信网络安全技术有限公司,1-1.5万·13薪,合肥·包河,合肥,本科,3-5年,7月26日,zhilian_direct,岗位职责： 1、基础运维与账号权限管理：包含资产梳理、VPN 账号及认证、政务外网准入平台账号管理、基线策略运营调整。 2、日常安全监测与审计分析：涵盖日常安全监测、日志分析、安全审计、预警通告。 3、风险检测、验证与加固整改：包括漏洞验证、渗透测试、安全加固、“两网通联” 扫描、APP 合规隐私检测、仿钓鱼社工测试。 4、专项安全服务与应急保障：涉及攻防演习、风险评估、应急响应、应急演练、重要时期安全保障。 5、体系建设、咨询培训与新兴安全服务：包含安全管理、安全管理制度编制与咨询、安全培训、大模型安全评估、高质量数据集建设。 任职要求： 1. 本科及以上学历，3年以上网络安全相关工作经验；拥有网络安全运营中心、电子政务外网运维、政府单位大型项目经验者优先。 2. 具备优秀项目管理能力，可独立统筹项目全生命周期，负责进度管控、成本与风险管理、内外部资源协调、质量监督及验收；熟练开展方案设计、落地管控与客户对接工作。 3. 精准拆解客户需求并完成技术转化，擅长方案编制、汇报展示，具备良好的跨部门沟通协调能力。 4. 可组织团队处置各类安全事件，有攻防演练、重要时期安全重保相关实战经验。 5. 熟悉防火墙、IPS/IDS、WAF、SIEM、漏洞扫描、渗透测试、风险评估、防社工钓鱼等主流安全产品及服务。 6. 持有CISP、CISAW、信息安全工程师等相关资质证书者优先。 工作地点 合肥包河区百大心悦城 以担保或任何理由索要财物，扣押证照，均涉嫌违法。一经发现， 立即举报,信息安全,http://www.zhaopin.com/jobdetail/CC380206280J40874546314.htm?refcode=4019&srccode=401903&preactionid=f984ba7f-d24c-43cd-be2e-a3ab54715574
网络安全运营总监/经理,山东同域网络安全技术有限公司,9000-18000元,济南·历下,济南,本科,5-10年,7月26日,zhilian_direct,岗位职责 1.负责公司网络安全运营体系的规划、建设与优化，制定安全管理制度与操作流程。 2.组织开展日常安全监控、漏洞管理、安全审计等工作，及时发现并处置安全事件。 3.主导安全合规建设，推动等保测评、数据安全治理等工作的落地。 4.负责安全团队的管理与培养，提升团队整体作战能力。 5.跟踪网络安全技术发展趋势，引入适合企业的安全技术与工具。 岗位要求： 1.计算机、网络安全、信息安全等相关专业本科及以上学历，部分经验丰富者可放宽至大专。 2.需具备5年以上网络安全领域工作经验，其中3年以上管理岗位经验；熟悉网络安全运营全流程，包括安全监控、事件响应、漏洞管理等核心模块。 3.持有CISSP（注册信息系统安全师）、CISP（注册信息安全专业人员）、CISA（注册信息系统审计师）、CCSP（注册云安全专家）等专业认证者优先。 4.精通常见攻击手段与防御策略，如入侵检测、防火墙配置、漏洞扫描与修复、渗透测试等，能够独立完成安全事件的分析与处置。 5.熟练掌握各类安全设备（防火墙、IDS/IPS、WAF、SIEM等）的配置与维护，熟悉主流安全分析工具（如Splunk、ELK、Nessus等）的使用。 6.了解云计算、大数据、物联网等新技术环境下的安全防护体系，具备云安全（AWS、Azure、阿里云等）管理经验者优先。 7.熟悉国家网络安全法律法规（如《网络安全法》《数据安全法》）及行业标准（如等保2.0、PCI DSS），能够主导安全合规评估与风险治理工作。 8.具备搭建和管理安全运营团队的经验，能与研发、运维、业务等部门有效沟通，推动安全措施在业务全流程的落地。 9.根据企业业务需求，制定中长期网络安全运营战略，提升企业整体安全防护能力。 10.具备较强的书面与口头表达能力，能够向管理层汇报安全态势与风险情况，向业务部门解读安全要求。 11.面对复杂安全事件时，能够快速定位问题根源并制定解决方案，具备较强的抗压能力与应急处理能力。 12持续关注网络安全领域的新技术、新威胁，能够快速掌握并应用于实际工作中。 工作地点 济南历下区山东警察学院(文化东路校区) 以担保或任何理由索要财物，扣押证照，均涉嫌违法。一经发现， 立即举报,"网站安全,CISP,CISSP",http://www.zhaopin.com/jobdetail/CCL1478645330J40860711605.htm?refcode=4019&srccode=401903&preactionid=f984ba7f-d24c-43cd-be2e-a3ab54715574
网络安全服务工程师,天津展望互联网络安全系统技术开发有限公司,6000-8000元,天津·南开·学府,天津,学历不限,3-5年,7月26日,zhilian_direct,职位描述 信息安全 熟练使用安全设备比如防火墙，IPS，Waf，上网行为管理设备等，会配置安全策略，有三年以上工作经验 工作地点 天津市-南开区-鞍山西道259号 以担保或任何理由索要财物，扣押证照，均涉嫌违法。一经发现， 立即举报,信息安全,http://www.zhaopin.com/jobdetail/CC239158310J40786927006.htm?refcode=4019&srccode=401903&preactionid=f984ba7f-d24c-43cd-be2e-a3ab54715574
网络安全行业销售经理-河北各地市,北京天融信网络安全技术有限公司,8000-16000元·24薪,石家庄·新华·东焦,石家庄,大专,3-5年,7月26日,zhilian_direct,职位描述 信息化行业 计算机硬件 云计算 信息安全 工作内容： 1、负责公司在河北的石家庄（公安行业、教育行业等）或地市：保定、唐山、张家口、邢台、邯郸地区的销售； 2、依据河北办事处及公司销售要求，在客户处制定销售策略及实施； 3、开拓新市场，发展新客户，增加产品销售范围； 4、挖掘并逐步引导行业需求，树立公司产品在该行业的品牌和产品优势地位。 任职要求： 1、3年及3年以上直接客户的销售经验，熟悉网安产品或计算机专业优先考虑； 2、各地区有对应的办事处，河北总部在石家庄，优先考虑在当地有对应客户资源的人选； 3、熟悉行业市场状况与市场需求，精通项目运作，具备相当的销售公关及市场拓展能力； 4、拥有上述行业的良好背景资源积累、良好的客户资源者优先，能吃苦、勤奋、积极的工作，有团队精神； 职位福利：六险一金、交通补助、餐补、通讯补助、带薪年假、节日福利、年底奖金 工作地点 石家庄新华区中储广场A座1602 以担保或任何理由索要财物，扣押证照，均涉嫌违法。一经发现， 立即举报,信息化行业,http://www.zhaopin.com/jobdetail/CC380206280J40567257814.htm?refcode=4019&srccode=401903&preactionid=f984ba7f-d24c-43cd-be2e-a3ab54715574
销售经理（网络安全）,山东同域网络安全技术有限公司,6000-10000元,济南·历下,济南,大专,3-5年,7月26日,zhilian_direct,岗位职责: 1、负责公司网络安全服务的市场开拓，完成公司下达的销售任务； 2、建立和维护客户体系，负责客户体系的管理、支持、维护； 3、落实所负责区域或客户群体的营销策略，主动策划所承担客户的营销活动； 4、挖掘、反馈行业的市场信息及客户需求，构建有竞争力的市场、产品体系及策略； 5、负责本区域关系的管理，搞好与当地政府、企事业单位等的关系，树立企业形象; 6、负责销售团队的管理，包括团队的客户，商机，合同，回款等管理工作。 任职要求： 1、计算机相关专科及以上学历； 2、3年或以上IT行业软硬件以及相关服务产品的销售经验，至少两年以上销售团队管理经验； 3、具备网络信息安全行业销售工作经验，具备独立开发和完成业务能力； 4、有信息安全行业产品销售经验者优先； 5、具备独立运作系统集成项目（如数据中心建设、网络改造）或网络安全服务项目（如等保测评、安全运维）的成功经验。 ； 6、擅长与人交流合作，具有团队合作精神，工作中具有较强的主动性、积极性和创造性。 7、具备优秀的领导能力，团队管理能力; 工作地点 济南历下区山东警察学院(文化东路校区) 以担保或任何理由索要财物，扣押证照，均涉嫌违法。一经发现， 立即举报,信息安全,http://www.zhaopin.com/jobdetail/CCL1478645330J40855784305.htm?refcode=4019&srccode=401903&preactionid=f984ba7f-d24c-43cd-be2e-a3ab54715574
网络安全渠道销售,奇安星城网络安全技术(湖南)有限公司,7000-12000元·15薪,长沙·岳麓·天顶,长沙,大专,1-3年,7月26日,zhilian_direct,岗位职责 1、渠道建设与维护：负责区域内相关渠道（含集成商）的开发、拓展、维护及日常管理工作。 2、业绩目标达成：通过对渠道的赋能与推动，完成公司下达的渠道销售业绩指标。 3、项目过程管理：对接渠道资源，推动项目落地，跟进项目全流程，包括但不限于报备、报价、投标、合同签订及回款工作。 4、赋能与推广：严格执行公司的渠道政策，组织开展市场活动、产品技术培训及商机挖掘工作，持续提升渠道合作伙伴的业务能力。 二、任职要求 1、大专及以上学历，计算机、网络工程、信息安全等相关专业优先。拥有 1-3 年及以上网络安全行业渠道销售经验。 2、熟悉等保 2.0、数据安全等相关政策法规；了解防火墙、入侵防御、终端安全、日志审计等主流安全产品。 3、拥有集成商、渠道资源者优先考虑。具备独立开发、拓展及维护渠道与终端客户的能力。能够独立对渠道进行产品培训、项目交流及商机赋能。 4、具备结果导向思维，目标感强，能承担相应的业绩压力。学习能力强，能快速理解安全服务产品与技术；责任心强，执行力强，具备优秀的沟通能力。 5、其他要求：接受省内出差，具备独立拜访渠道与客户的能力。 工作地点 长沙岳麓区奇安星城网络安全技术(湖南)有限公司 以担保或任何理由索要财物，扣押证照，均涉嫌违法。一经发现， 立即举报,面销/陌拜,http://www.zhaopin.com/jobdetail/CCL1250985370J40836063709.htm?refcode=4019&srccode=401903&preactionid=f984ba7f-d24c-43cd-be2e-a3ab54715574
网络安全-民航行业销售总监,北京天融信网络安全技术有限公司,1.6-2万·24薪,北京·海淀·马连洼,北京,大专,5-10年,7月26日,zhilian_direct,职位描述 KA大客户 民航客户 云计算 信息安全 需求人数：1名 工作内容： 1、负责面向全国民航行业客户制定销售策略并执行； 2、负责民航行业营销团队的行业销售管理工作，带领团队成员完成公司下达的个人销售任务及团队销售任务； 3、挖掘并逐步引导行业需求，树立公司产品在该行业的品牌和产品优势地位； 4、负责公司产品的销售及推广，开拓新市场，发展新客户，增加产品销售范围； 5、负责辖区行业市场信息的收集及竞争对手的分析； 6、维系所辖行业的客户关系，建立长期稳固的行业客户关系； 7、分析客户需求，寻找项目机会； 8、跟进项目，组织相关资源完成项目整个周期的各项工作； 9、负责机会项目的商务谈判或投标，完成销售合同及合同收款。 任职要求： 1、专科及以上学历，信息安全或计算机相关专业优先； 2、三年以上直接客户销售经验，有良好的销售业绩，长期从事民航行业销售者优先； 3、了解和熟悉民航的业务和IT总体规划； 4、语言表达和思维逻辑清晰、具备良好的沟通协调能力以及分析问题的能力； 5、熟悉信息安全行业了解信息安全技术者优先考虑。 6、有同行业销售经验优先考虑。 工作地点 北京海淀区天融信大厦 以担保或任何理由索要财物，扣押证照，均涉嫌违法。一经发现， 立即举报,"KA大客户,民航客户",http://www.zhaopin.com/jobdetail/CC380206280J40715176014.htm?refcode=4019&srccode=401903&preactionid=f984ba7f-d24c-43cd-be2e-a3ab54715574
网络安全销售经理,山东同域网络安全技术有限公司,7000-12000元,济南·历下,济南,大专,3-5年,7月26日,zhilian_direct,岗位职责: 1、负责公司网络安全服务的市场开拓，完成公司下达的销售任务； 2、建立和维护客户体系，负责客户体系的管理、支持、维护； 3、落实所负责区域或客户群体的营销策略，主动策划所承担客户的营销活动； 4、挖掘、反馈行业的市场信息及客户需求，构建有竞争力的市场、产品体系及策略； 5、负责本区域关系的管理，搞好与当地政府、企事业单位等的关系，树立企业形象; 6、负责销售团队的管理，包括团队的客户，商机，合同，回款等管理工作。 任职要求： 1、计算机相关专科及以上学历； 2、3年或以上IT行业软硬件以及相关服务产品的销售经验，至少两年以上销售团队管理经验； 3、具备网络信息安全行业销售工作经验，具备独立开发和完成业务能力； 4、有信息安全行业产品销售经验者优先； 5、头脑灵活、抗压能力强； 6、擅长与人交流合作，具有团队合作精神，工作中具有较强的主动性、积极性和创造性。 7、具备优秀的领导能力，团队管理能力; 工作地点 济南历下区山东警察学院(文化东路校区) 以担保或任何理由索要财物，扣押证照，均涉嫌违法。一经发现， 立即举报,网络安全,http://www.zhaopin.com/jobdetail/CCL1478645330J40864401505.htm?refcode=4019&srccode=401903&preactionid=f984ba7f-d24c-43cd-be2e-a3ab54715574
网络安全大客户销售,奇安星城网络安全技术(湖南)有限公司,8000-13000元·16薪,长沙·岳麓·天顶,长沙,大专,3-5年,7月26日,zhilian_direct,岗位职责: 1、负责面向各行业大客户开展网络安全服务销售业务，包括客户开发、需求挖掘、项目调研、招投标牵引等工作。 2、负责重点行业客户突破，深入了解客户痛点，为客户提供完整解决方案;加强客户沟通拜访，建立长期稳定合作关系，推进项目落地。 3、促成项目签单、交付、回款，执行并达成年度销售业绩目标。 任职要求: 1、本科学历，经验丰富者学历可放宽至大专。 2、3年以上销售工作经验，了解IT行业、网络安全行业尤佳。 3、有党政、医疗、金融、教育等相关行业大客户销售经验优先。 4、形象气质佳，有良好的谈判能力和较强的公关能力及商务谈判技巧，极强的业务开拓能力与团队合作精神。 工作地点 长沙岳麓区奇安星城网络安全技术(湖南)有限公司 以担保或任何理由索要财物，扣押证照，均涉嫌违法。一经发现， 立即举报,面销/陌拜,http://www.zhaopin.com/jobdetail/CCL1250985370J40840887309.htm?refcode=4019&srccode=401903&preactionid=f984ba7f-d24c-43cd-be2e-a3ab54715574
网络安全行业销售经理-唐山/沧州/雄安,北京天融信网络安全技术有限公司,8000-16000元,唐山·路南区·学院南路街道,唐山,大专,3-5年,7月26日,zhilian_direct,职位描述 KA大客户 企业客户 政府客户 区域销售 渠道销售 信息安全 软件/IT服务 云计算 工作内容： 1、负责公司在河北的唐山、雄安、沧州地区的销售； 2、依据河北办事处及公司销售要求，在客户处制定销售策略及实施； 3、开拓新市场，发展新客户，增加产品销售范围； 4、挖掘并逐步引导行业需求，树立公司产品在该行业的品牌和产品优势地位。 任职要求： 1、3年及3年以上直接客户的销售经验，熟悉网安产品或计算机专业优先考虑； 2、各地区有对应的办事处，河北总部在石家庄，优先考虑在当地有对应客户资源的人选； 3、熟悉行业市场状况与市场需求，精通项目运作，具备相当的销售公关及市场拓展能力； 4、拥有上述行业的良好背景资源积累、良好的客户资源者优先，能吃苦、勤奋、积极的工作，有团队精神； 职位福利：六险一金、交通补助、餐补、通讯补助、带薪年假、节日福利、年底奖金 工作地点 唐山路南区渤海豪庭-8号楼 以担保或任何理由索要财物，扣押证照，均涉嫌违法。一经发现， 立即举报,"KA大客户,企业客户,政府客户,区域销售,渠道销售",http://www.zhaopin.com/jobdetail/CC380206280J40852130814.htm?refcode=4019&srccode=401903&preactionid=f984ba7f-d24c-43cd-be2e-a3ab54715574
网络安全研发工程师（C++）,威海天之卫网络空间安全科技有限公司,8000-14000元,青岛·城阳·城阳街道,青岛,本科,3-5年,7月26日,zhilian_direct,岗位职责： 1.负责网络流量分析与加密代理流量识别系统的设计与开发，重点针对代理/隧道类协议进行检测与分析； 2.构建基于五元组的 TCP/UDP 流表，实现 TCP 重组、乱序处理及流生命周期管理； 3.实现加密流量指纹提取与流量分类（JA3/SNI/行为特征等）； 4.负责网络抓包、协议分析、问题定位与性能调优。 任职要求： 1.计算机相关专业，本科及以上学历； 2.熟练掌握 C/C++，具备 3 年以上 C/C++ 开发经验，至少掌握 Shell 或 Python 脚本开发能力； 3.精通 TCP/IP 协议栈原理，熟悉 TCP 状态机、序列号机制、重传与乱序重组，具备 TCP 流表设计与生命周期管理经验； 4.熟悉Linux网络编程（epoll，socket等），具备高性能流量处理优化经验； 5.理解 TLS 握手流程，能够进行加密流量识别（SNI、JA3 等）； 6.熟悉常见代理/隧道协议原理及流量特征； 7.具备实际流量识别、协议分析或代理流量检测经验。 【加分项】 有旁路检测、镜像流量分析经验； 有 TCP 流重组、协议逆向或未知协议分析经验； 有网络安全、流量审计、加密流量识别相关项目经验； 有 DPDK / XDP / netmap 等高速转发经验； 能独立完成从抓包、协议分析、特征提取到识别落地的完整链路开发。 工作地点 城阳区哈尔滨工业大学(威海)青岛创新发展基地3#4F 以担保或任何理由索要财物，扣押证照，均涉嫌违法。一经发现， 立即举报,"C++,Linux开发,QT开发,Qt,MySQL",http://www.zhaopin.com/jobdetail/CC844556300J40902448612.htm?refcode=4019&srccode=401903&preactionid=f984ba7f-d24c-43cd-be2e-a3ab54715574
初级网络安全工程师,江西图登网络科技有限公司,7000-9000元·13薪,杭州·钱塘·白杨,杭州,大专,1年以下,7月26日,zhilian_direct,职位描述 主机安全 安全运维监控 漏洞扫描加固 安全事件响应 工作职责 1. 负责公司网络设备、服务器及安全系统的7×24小时实时监控，及时发现并处理异常告警，保障系统无间断稳定运行。 2. 定期执行漏洞扫描与基线核查，对操作系统、应用程序进行安全加固，主动消除潜在风险点。 3. 协助安全团队处理网络攻击、数据泄露等突发事件，完成日志分析与初步问题定位，输出标准化排查报告。 4. 维护防火墙、入侵检测系统（IDS）等安全设备的策略配置，确保访问控制规则与防护策略的有效性。 任职要求 1. 大专及以上学历，计算机、网络安全或相关专业，具备1年以内安全运维或IT支持经验者优先。 2. 熟练掌握Linux系统基础命令，熟悉TCP/IP、HTTP等网络协议，能独立使用Nmap、Wireshark等工具进行网络扫描与流量分析。 3. 了解防火墙访问控制、IDS/IPS检测原理，具备Windows/Linux系统漏洞修复与基线加固的实操能力。 4. 具备较强的问题排查思维与快速学习能力，能在指导下完成日常安全运维任务，有良好的文档记录习惯。 奖金绩效 五险一金、带薪年假、节日福利、下午茶、绩效奖金、年终奖，双休 工作地点 杭州钱塘区钱塘505 以担保或任何理由索要财物，扣押证照，均涉嫌违法。一经发现， 立即举报,"主机安全,安全运维监控,漏洞扫描加固,安全事件响应",http://www.zhaopin.com/jobdetail/CCL1523035900J40864080911.htm?refcode=4019&srccode=401903&preactionid=f984ba7f-d24c-43cd-be2e-a3ab54715574
行业经理（网络安全-政府行业）,北京天融信网络安全技术有限公司,9000-12000元,杭州·上城·四季青,杭州,大专,3-5年,7月26日,zhilian_direct,职位描述 区域销售 信息安全 工作职责 1、面向省级政府客户制定销售策略并执行； 2、负责行业团队的销售管理工作，带领团队成员完成公司下达的销售任务； 3、挖掘并逐步引导行业需求，树立公司产品在该行业的品牌和产品优势地位； 4、负责公司产品的销售及推广，开拓新市场，发展新客户，增加产品销售范围； 5、维系所辖行业的客户关系，建立长期稳固的行业客户关系； 6、负责机会项目的商务谈判或投标，完成销售合同及合同收款。 任职资格 1、大专及以上学历，信息安全或计算机相关专业优先； 2、三年以上直接客户销售管理经验； 3、了解和熟悉该行业的业务情况及IT总体规划； 4、语言表达和思维逻辑清晰、具备良好的沟通协调能力以及分析问题的能力； 5、熟悉信息安全行业了解信息安全技术者优先考虑； 6、有同行业销售经验且具有管理团队经验者优先考虑。 工作地点 杭州上城区东杭大厦 以担保或任何理由索要财物，扣押证照，均涉嫌违法。一经发现， 立即举报,区域销售,http://www.zhaopin.com/jobdetail/CC380206280J40844742714.htm?refcode=4019&srccode=401903&preactionid=f984ba7f-d24c-43cd-be2e-a3ab54715574
运营技术岗 （网络安全方向）,北京智慧城市网络有限公司,1.5-2万,北京·丰台·看丹,北京,本科,3-5年,7月26日,zhilian_direct,"职位描述 信息安全 1.负责公司网络安全中长期规划、组织架构、管理/技术/治理体系建设评估、持续改进； 2.负责对各信息系统网络安全管理/技术/治理体系开展自查、监督检查、等保/密保测评、合规审计检查等全面评估； 3.负责网络安全关键技术把控，提供重要技术方案审核及关键实施支持；负责网络安全复杂问题定位、排查、解决支持。 1.熟悉主流网络安全技术,如访问控制、防DDOS、WEB安全、身份认证、漏洞扫描、程序漏洞检测、角色权限管理、终端安全、病毒木马防范、公有云安全等； 2.了解网络安全法律法规及标准规范； 3.具有良好的沟通能力和团队协作能力。 工作地点 北京丰台区京投硅谷大厦 以担保或任何理由索要财物，扣押证照，均涉嫌违法。一经发现， 立即举报",信息安全,http://www.zhaopin.com/jobdetail/CCL1373505060J40854209001.htm?refcode=4019&srccode=401903&preactionid=f984ba7f-d24c-43cd-be2e-a3ab54715574
网信安全工程师-B6706D,华润微电子有限公司,面议,无锡·滨湖·荣巷,Guangzhou,本科,经验不限,7月24日,zhilian,职位描述 网络安全 IT 工作职责： 1、配合公司全域信息安全体系全周期建设与落地，覆盖网络、应用、数据、终端、云平台及业务系统安全规划、方案设计、安全实施、渗透测试、漏洞整改与安全上线评审，搭建适配制造业务场景的安全防护架构，满足等保、数据合规及公司安全管控要求。 2、配合公司业务系统、服务器、办公终端、网络设备的日常安全运维，按照安全保障处置流程，实时监测安全告警、病毒入侵、异常访问、数据泄露等风险事件，快速应急处置安全故障，保障业务系统持续安全稳定运行。 3、配合各业务部门开展常态化安全调研、业务流程安全风险梳理与安全优化整改，统筹上线系统安全准入、员工安全培训、安全问题闭环跟踪管理，规范业务操作安全规范。 4、定期开展漏洞扫描、渗透测试、安全基线核查、等保测评、数据安全自查工作，输出安全评估报告，跟进高危漏洞修复；制定应急预案，组织攻防演练，提升整体安全防御与应急响应能力。 任职资格： 1、本科及以上学历，计算机、网络空间安全、信息管理、软件工程等相关专业。 2、具备良好沟通协调能力，能对接业务、研发、运维团队推动安全整改；持有 CISSP、CISP、CEH、等保测评师等安全证书优先。 3、具备较强风险意识与问题闭环管理思维，能独立完成安全巡检、应急响应、安全培训、合规自查全流程工作。 工作地点 无锡市滨湖区梁溪路14号 以担保或任何理由索要财物，扣押证照，均涉嫌违法。一经发现， 立即举报,"网络安全,IT",http://www.zhaopin.com/jobdetail/CC433725510J40895477713.htm?refcode=4019&srccode=401901&preactionid=ad905abb-c52d-4bbd-b919-df06e92a60db
网络安全工程师（可无经验）,湖北新蜕智能科技有限公司,8000-12000元,兰州·安宁区·银滩路街道,Guangzhou,大专,经验不限,7月25日,zhilian,职位描述 无 男女不限，针对大学应届毕业生、IT 相关岗位转型的人员、有志于从事网络安全职业的退役军人、计划提升专项能力的在职人员四大群体 工作地点 安宁区吾悦广场(兰州银安路店) 以担保或任何理由索要财物，扣押证照，均涉嫌违法。一经发现， 立即举报,无,http://www.zhaopin.com/jobdetail/CCL1524995480J40911731803.htm?refcode=4019&srccode=401901&preactionid=ad905abb-c52d-4bbd-b919-df06e92a60db
网络安全工程师,上海絮然网络科技有限公司,1.1-1.4万,苏州·姑苏·金阊,Guangzhou,本科,1年以下,7月25日,zhilian,职位描述 信息安全 岗位内容： 1. 建立和维护企业信息安全基础设施，包括网络、系统、应用程序等。 2. 监测和分析安全事件和漏洞，制定相应的应对方案，确保系统的安全性。 3. 设计和实施安全策略和控制措施，保护企业的核心数据和业务流程。 4. 参与安全审计和风险评估，为公司提供专业的安全咨询和建议。 任职要求： 1. 具有网络安全、计算机科学、信息技术等相关专业背景。 2. 熟悉常见的安全攻击方式和防御措施，具备较强的安全意识和技能。 3. 熟练掌握主流安全工具和产品，如防火墙、入侵检测系统、安全监控系统等。 4. 具备良好的沟通协调能力和团队合作精神，能够有效解决各种安全问题。 工作地点 苏州市-姑苏区-广济南路18号 以担保或任何理由索要财物，扣押证照，均涉嫌违法。一经发现， 立即举报,信息安全,http://www.zhaopin.com/jobdetail/CCL1520923610J40862184611.htm?refcode=4019&srccode=401901&preactionid=ad905abb-c52d-4bbd-b919-df06e92a60db
网络安全助理（接受跨行业专业）,杭州垚金升网络科技有限公司,9000-11000元,杭州·拱墅·祥符,Guangzhou,大专,1-3年,7月25日,zhilian,职位描述 网络安全 计算机软件 信息安全 产业互联网平台 计算机硬件 通信/网络设备 本岗位为助理岗位，主要以辅助工程师做一些基础类重复性的工作，以及实际帮客户部署系统和答疑！学习能力强，稳定优先！ 岗位内容： 1. 负责公司为客户制定网络信息安全体系的规划、设计和实施，包括网络架构、安全设备等。 2. 制定安全策略和规范，完善安全管理制度，提高公司的安全意识和保护能力。 3. 进行安全漏洞扫描和风险评估，制定漏洞修补计划，提高系统的安全性。 4. 发现并及时处置安全事件，制定应急预案，减少安全事故发生率。 任职要求： 1. 具有网络安全、计算机科学、信息技术等相关专业背景为佳。只要能学，基础类的工作都简单，都是模板类开源的套用，难做的基本都是工程师在处理 2. 熟悉网络安全技术和相关产品，了解信息安全法规和标准。 3. 具备一定的安全攻防技能和安全运维经验，熟悉安全工具和安全产品的使用。 4. 具备良好的学习能力和团队合作精神，有一定的解决问题能力和应变能力。 工作地点 杭州拱墅区城西银泰城505 以担保或任何理由索要财物，扣押证照，均涉嫌违法。一经发现， 立即举报,网络安全,http://www.zhaopin.com/jobdetail/CCL1509701100J40868309405.htm?refcode=4019&srccode=401901&preactionid=ad905abb-c52d-4bbd-b919-df06e92a60db
网络安全值班员,安徽磐弘信息科技有限公司,3000-6000元,滁州·琅琊区·清流街道,Guangzhou,大专,1-3年,7月25日,zhilian,职位描述 调度系统运维 信息安全 网安平台监视，工作票审批，信号核对，工作票挂检修，机房巡视，日志记录等 工作地点 滁州市-琅琊区-清流街道凤凰路512号滁州电力大厦凤凰东路电业大厦 以担保或任何理由索要财物，扣押证照，均涉嫌违法。一经发现， 立即举报,"调度系统运维,信息安全",http://www.zhaopin.com/jobdetail/CCL1420595540J40911335903.htm?refcode=4019&srccode=401901&preactionid=ad905abb-c52d-4bbd-b919-df06e92a60db
初级网络安全运维工程师，双休,宏源豪实业(深圳)有限公司,9000-12000元·13薪,广州·越秀·洪桥,Guangzhou,本科,1-3年,7月25日,zhilian,职位描述 统招本科生 工作职责 负责公司网络与系统的日常安全运维，包括漏洞扫描、日志分析及安全事件响应。 熟练运用防火墙、入侵检测等安全工具，执行安全策略配置与优化。 协助完成安全基线检查与合规性评估，参与安全应急预案的制定与演练。 监控网络流量与系统状态，及时发现并处置潜在安全风险。 任职要求 本科及以上学历，计算机、网络安全相关专业优先。 掌握系统安全基础知识，熟练使用主流安全工具（如Wireshark、Nessus等）。 具备良好的团队协作精神与沟通能力，工作认真负责，有较强的问题排查能力。 周末双休 公司福利： 提供食宿，带薪年假，假节日福利，五险一金，餐补房补交通补贴，年底双薪，项目奖金 奖金绩效 项目奖金，餐补房补交通补贴，年底双薪 工作地点 广州越秀区金安大厦14楼E室 以担保或任何理由索要财物，扣押证照，均涉嫌违法。一经发现， 立即举报,统招本科生,http://www.zhaopin.com/jobdetail/CC832070960J40782403906.htm?refcode=4019&srccode=401901&preactionid=ad905abb-c52d-4bbd-b919-df06e92a60db
网络安全工程师,沪上灵犀科技(上海)有限公司,1-1.5万·13薪,杭州·西湖·翠苑,Guangzhou,本科,1年以下,7月26日,zhilian,职位描述 WEB安全 岗位内容： 1. 建立和维护企业信息安全基础设施，包括网络、系统、应用程序等。 2. 监测和分析安全事件和漏洞，制定相应的应对方案，确保系统的安全性。 3. 设计和实施安全策略和控制措施，保护企业的核心数据和业务流程。 4. 参与安全审计和风险评估，为公司提供专业的安全咨询和建议。 任职要求： 1. 具有网络安全、计算机科学、信息技术等相关专业背景。 2. 熟悉常见的安全攻击方式和防御措施，具备较强的安全意识和技能。 3. 熟练掌握主流安全工具和产品，如防火墙、入侵检测系统、安全监控系统等。 4. 具备良好的沟通协调能力和团队合作精神，能够有效解决各种安全问题。 工作地点 杭州西湖区拓峰科技园 以担保或任何理由索要财物，扣押证照，均涉嫌违法。一经发现， 立即举报,WEB安全,http://www.zhaopin.com/jobdetail/CCL1512826650J40822340810.htm?refcode=4019&srccode=401901&preactionid=ad905abb-c52d-4bbd-b919-df06e92a60db
网络安全员,杭州润革网络科技有限公司,8000-11000元,杭州·拱墅·和睦,Guangzhou,本科,1-3年,7月24日,zhilian,岗位职责 1. 负责公司内网、防火墙、交换机、路由器等网络设备日常运维与安全策略配置，防范入侵、病毒、木马等网络攻击 ​ 2. 监控全网运行状态，及时排查网络卡顿、断网、异常访问等故障，保障办公系统、服务器稳定运行 ​ 3. 管理员工账号权限、外网访问权限，规范U盘拷贝、文件外传等操作，防止数据泄露 ​ 4. 定期做漏洞扫描、渗透测试、病毒查杀、数据备份，出具安全巡检报告，落地安全整改方案 ​ 5. 落实等保相关要求，整理网络安全台账、日志文件，应对安全检查；组织员工网络安全培训 ​ 6. 对接安防、云服务商、网络维保厂商，处理设备升级、故障报修、安全续费等事宜 任职要求 1. 本科及以上计算机、网络安全相关专业，2年及以上网络安全/运维相关工作经验 ​ 2. 熟悉防火墙、VPN、入侵防御、上网行为管理设备配置，掌握常见网络攻击防御手段 ​ 3. 了解等级保护、数据安全相关法规，会漏洞检测与基础修复，掌握Windows/Linux基础运维 ​ 4. 具备风险预判能力，应急处置能力强，做事严谨有保密意识 ​ 5. 持有CISP、HCIA/HCIP、等保测评相关证书者优先 薪资福利 薪资：7000–11000元，绩效奖金+年终奖 福利：五险一金、周末双休、带薪年假、法定节假日、定期技术培训 公司 & 福利 年轻团队氛围轻松，发展稳定 完善薪资 + 绩效激励，回报看得见 双休｜早 9 晚 6｜纯不加班，时间自由可控 五险一金、带薪年假、法定节假日正常休 团建活动、节日礼品、日常下午茶全覆盖 清晰晋升路线 + 系统化内部培训，成长有保障 工作地点 杭州市-拱墅区-和睦新村北侧约240米22层 以担保或任何理由索要财物，扣押证照，均涉嫌违法。一经发现， 立即举报,信息安全,http://www.zhaopin.com/jobdetail/CCL1521756230J40912724512.htm?refcode=4019&srccode=401901&preactionid=ad905abb-c52d-4bbd-b919-df06e92a60db
网络安全工程师,贵州数果科技有限公司,5000-9000元,贵阳·南明,Guangzhou,本科,1-3年,7月24日,zhilian,岗位职责： 1. 负责编制与项目相关的技术文档，确保文档编写格式规范、内容清晰，具备良好的创新精神。 2. 负责项目的网络安全设备运行维护服务、故障解决及其他相关技术工作，确保客户满意度。 3. 具备数据中心网络架构的规划、设计、调整、性能优化； 4. 完成上级领导交待的其他工作。 岗位要求： 1. 本科以上学历，计算机/网络、通信相关专业，2年以上工作经验； 2. 具备丰富的华为、华三的路由交换及安全设备实施运维经验，掌握设备配置、排错能力，具备集成项目实施经验，大型网络的建设及割接经验； 3. 具备国内主流厂商的防火墙、WAF、IPS、堡垒机等安全设备实施运维经验，熟练掌握设备的配置，及安全日志分析； 4. 具备良好的服务意识、较强的责任心、积极主动的工作态度，以及出色沟通表达能力； 5. 具有华为、华三厂商HCIP及以上专业认证优先。 工作地点 贵阳南明区和丰国际大厦 以担保或任何理由索要财物，扣押证照，均涉嫌违法。一经发现， 立即举报,"网络安全,网络运维,硬件/设备运维,华为认证,华三认证,思科认证,CCNP,CCIE,HCIE,HCIP,H3CIE,H3CSE",http://www.zhaopin.com/jobdetail/CCL1505486250J40800860114.htm?refcode=4019&srccode=401901&preactionid=ad905abb-c52d-4bbd-b919-df06e92a60db
网络安全工程师,陕西九州智能科技有限公司,5000-8000元,安康·汉滨区·建民街道,Guangzhou,大专,经验不限,7月22日,zhilian,岗位职责： 负责防火墙、VPN、入侵检测 / 防御、上网行为管理、堡垒机、日志审计、Web 应用防火墙等安全设备的部署、调试、策略优化与上线交付。具有安全漏洞扫描、渗透测试、基线加固、安全巡检、应急响应与安全事件处置相关经验。协助开展等保测评、密评、合规整改等工作。 任职要求： 大专及以上学历，网络安全、信息安全、计算机、通信等相关专业。熟悉常见网络安全设备与安全技术，熟悉等保 2.0 基本要求、安全评估流程、渗透测试、漏洞扫描与加固方法。 具备较强的责任心、学习能力和服务意识，有信息安全相关证书或相关工作经验者优先。 薪资待遇： 薪资面议，福利保险及待遇优厚。 工作地点 汉滨区安康市九州智能科技有限公司 以担保或任何理由索要财物，扣押证照，均涉嫌违法。一经发现， 立即举报,"主机安全,WEB安全,网站安全",http://www.zhaopin.com/jobdetail/CC201918580J40856060214.htm?refcode=4019&srccode=401901&preactionid=ad905abb-c52d-4bbd-b919-df06e92a60db
信息安全专员,徐州鼎之昌传媒有限公司,7000-12000元,徐州·沛县·汉兴街道,Guangzhou,大专,经验不限,7月25日,zhilian,职位描述 安全监控与防护 安全合规落地 安全事件处置 工作职责： 1. 负责公司信息系统、办公网络及数据资产的日常安全监控与防护，及时识别并处置安全风险。 2. 执行信息安全合规要求，协助完成数据安全、网络安全等相关制度的落地与优化。 3. 参与公司内部安全意识培训，提升员工的信息安全防护能力。 4. 协助处理安全事件，记录事件过程并输出分析报告，推动问题整改。 任职要求： 1. 大专及以上学历，计算机、网络安全等相关专业优先。 2. 熟悉网络安全基础原理，了解防火墙、入侵检测等常见安全设备的配置与使用。 3. 具备信息安全合规意识，了解数据保护相关法律法规（如《网络安全法》）。 4. 有良好的沟通能力与问题解决能力，能独立完成基础安全运营任务。 工作地点 沛县科技创业园江苏省徐州市沛县经济开发区沛公路北侧、汉润路东侧(科技创业园D1栋2层215-x) 以担保或任何理由索要财物，扣押证照，均涉嫌违法。一经发现， 立即举报 公司信息 徐州鼎之昌传媒有限公司 未融资 · 20人以下 · 广告/公关/营销 已审核 10 个在招职位 工商信息 企业名称 徐州鼎之昌传媒有限公司 企业类型 有限责任公司（自然人独资） 法人代表 胡存笑 经营状态 存续 成立时间 2025-08-22 注册资本 1万元 查看全部信息 认证资质 营业执照信息,"安全监控与防护,安全合规落地,安全事件处置",http://www.zhaopin.com/jobdetail/CCL1526777450J40876865509.htm?refcode=4019&srccode=401901&preactionid=ad905abb-c52d-4bbd-b919-df06e92a60db
网络安全工程师,杭州湘葵科技有限公司,1.1-1.3万·13薪,杭州·滨江·西兴,Guangzhou,本科,1-3年,7月24日,zhilian,职位描述 WEB安全 应用安全 主机安全 安全事件响应 安全策略设计 安全审计 岗位内容： 1. 建立和维护企业信息安全基础设施，包括网络、系统、应用程序等。 2. 监测和分析安全事件和漏洞，制定相应的应对方案，确保系统的安全性。 3. 设计和实施安全策略和控制措施，保护企业的核心数据和业务流程。 4. 参与安全审计和风险评估，为公司提供专业的安全咨询和建议。 任职要求： 1. 具有网络安全、计算机科学、信息技术等相关专业背景。 2. 熟悉常见的安全攻击方式和防御措施，具备较强的安全意识和技能。 3. 熟练掌握主流安全工具和产品，如防火墙、入侵检测系统、安全监控系统等。 4. 具备良好的沟通协调能力和团队合作精神，能够有效解决各种安全问题。 薪资待遇 1. 工作时间：9:00-18:00 2. 排班信息：周末双休 3. 薪酬福利：缴纳社保，缴纳五险一金 4.公司不定时团建，聚餐，下午茶 工作地点 杭州滨江区金绣国际科技中心-B座 以担保或任何理由索要财物，扣押证照，均涉嫌违法。一经发现， 立即举报,"WEB安全,应用安全,主机安全,安全事件响应,安全策略设计,安全审计",http://www.zhaopin.com/jobdetail/CCL1520594280J40929817602.htm?refcode=4019&srccode=401901&preactionid=ad905abb-c52d-4bbd-b919-df06e92a60db
信息安全专员,上海澳益实业有限公司,8000-12000元,上海·嘉定·南翔,Guangzhou,本科,经验不限,7月25日,zhilian,职位描述 WEB安全 应用安全 数据安全合规 安全运维管理 渗透测试实践 工作职责 1. 负责公司信息系统的安全防护体系搭建与日常运维，保障业务数据的完整性与保密性。 2. 定期开展网络安全漏洞扫描与渗透测试，及时发现并修复潜在风险点。 3. 制定并落地数据安全管理制度，确保客户信息、交易数据等核心资产符合行业合规要求。 4. 组织员工信息安全培训，提升全员安全意识与风险防范能力。 任职要求 1. 本科及以上学历，计算机、信息安全等相关专业。 2. 熟悉网络安全技术（防火墙、入侵检测、数据加密等），掌握主流安全工具的使用。 3. 具备信息安全风险评估、安全审计或渗透测试的实践经验。 4. 了解食品零售行业数据合规规范（如个人信息保护法），有相关行业经验者优先。 工作地点 上海旭意电子商务有限公司上海市嘉定区浏翔公路955号2幢1层A区JT660室 以担保或任何理由索要财物，扣押证照，均涉嫌违法。一经发现， 立即举报 公司信息 上海澳益实业有限公司 未融资 · 20人以下 · 食品/饮料/酒水批发/零售/贸易 已审核 10 个在招职位 工商信息 企业名称 上海澳益实业有限公司 企业类型 有限责任公司（自然人投资或控股） 法人代表 颜一磊 经营状态 存续 成立时间 2004-11-11 注册资本 1000万元 查看全部信息 认证资质 营业执照信息,"WEB安全,应用安全,数据安全合规,安全运维管理,渗透测试实践",http://www.zhaopin.com/jobdetail/CCL1526777860J40876873609.htm?refcode=4019&srccode=401901&preactionid=ad905abb-c52d-4bbd-b919-df06e92a60db
网络安全工程师,天津武清区奥丁创客培训学校有限公司,1-1.5万·13薪,天津·河西·大营门,Guangzhou,中专/中技,1-3年,7月25日,zhilian,职位描述 桌面设备维护 技术支持服务 信息安全 工作职责 1. 负责办公区与教学区网络安全架构设计，搭建防火墙、入侵检测等防护系统，保障核心数据与设备安全。 2. 开展定期安全巡检与漏洞扫描，及时修复系统隐患，建立全链路安全事件应急响应机制。 3. 制定并落地教育场景下的安全管理制度，包括数据备份策略、用户权限管控及终端安全规范。 4. 响应内部安全咨询与事件处理，为师生提供安全操作培训，提升整体安全防护意识。 任职要求 1. 计算机相关专业，具备网络安全或系统运维经验，持有CISSP/CCNP等证书者优先。 2. 精通防火墙、VPN、IDS/IPS等安全设备配置，熟悉Windows/Linux系统安全加固与漏洞修复。 3. 具备教育行业或培训机构安全运维经验，了解教学数据合规与隐私保护要求。 4. 拥有良好的问题分析能力与沟通技巧，能独立完成安全方案设计与落地执行。 工作地点 天津河西区创展大厦 以担保或任何理由索要财物，扣押证照，均涉嫌违法。一经发现， 立即举报,"桌面设备维护,技术支持服务",http://www.zhaopin.com/jobdetail/CC885338290J40877285310.htm?refcode=4019&srccode=401901&preactionid=ad905abb-c52d-4bbd-b919-df06e92a60db
网络安全实习生,上海韫道信息科技有限公司,150-200元/天,上海·静安·彭浦,Guangzhou,大专,经验不限,7月9日,zhilian,职位描述 可转正 实习证明 远程实习 Java C++ PHP CISP-PTE NISP TCP/IP协议 IPSEC Linux 通信/网络设备 信息安全 仅招27届！！历届没有实习生岗位！售前和销售同步招聘中。 1.计算机应用、计算机网络、通信、信息安全等相关专业，； 2.熟悉网络安全技术：包括端口、服务漏洞扫描、程序漏洞分析检测、权限管理、入侵和攻击分析追踪、网站渗透、病毒木马防范等。 3.熟悉tcp/ip协议，熟悉sql注入原理和手工检测、熟悉内存缓冲区溢出原理和防范措施、熟悉信息存储和传输安全、熟悉数据包结构、熟悉ddos攻击类型和原理有一定的ddos攻防经验，熟悉iis安全设置、熟悉ipsec、组策略等系统安全设置； 4.熟悉windows或linux系统，精通php/shell/perl/python/c/c 等至少一种语言； 5.善于表达沟通，诚实守信，责任心强，讲求效率，具有良好的团队协作精神； 工作地点 上海市-静安区-江场三路153号301室 以担保或任何理由索要财物，扣押证照，均涉嫌违法。一经发现， 立即举报,"Java,C++,PHP,CISP-PTE,NISP,TCP/IP协议,IPSEC,Linux",http://www.zhaopin.com/jobdetail/CC442527580J40951707415.htm?refcode=4019&srccode=401901&preactionid=ad905abb-c52d-4bbd-b919-df06e92a60db
初级网络安全工程师,深圳市凯瑞佳易科技有限公司,9000-14000元·14薪,深圳·福田·华强北,Guangzhou,本科,3-5年,7月26日,zhilian,职位描述 本科 岗位内容： 1. 负责公司网络信息安全体系的规划、设计和实施，包括网络架构、安全设备等。 2. 制定安全策略和规范，完善安全管理制度，提高公司的安全意识和保护能力。 3. 进行安全漏洞扫描和风险评估，制定漏洞修补计划，提高系统的安全性。 4. 发现并及时处置安全事件，制定应急预案，减少安全事故发生率。 任职要求： 本科及以上学历 双休 1. 具有网络安全、计算机科学、信息技术等相关专业背景优先。 2. 了解网络安全技术和相关产品，了解信息安全法规和标准。 3. 了解一定的安全攻防技能和安全运维经验，熟悉安全工具和安全产品的使用。 4. 具备良好的学习能力和团队合作精神，有一定的解决问题能力和应变能力。 公司福利： 提供食宿，带薪年假，假节日福利，五险一金，餐补房补交通补贴，年底绩效奖金，项目奖金 奖金绩效 年底绩效奖金，餐补房补交通补贴，项目奖金 工作地点 深圳福田区南光大厦12楼 以担保或任何理由索要财物，扣押证照，均涉嫌违法。一经发现， 立即举报,本科,http://www.zhaopin.com/jobdetail/CCL1461615970J40925121815.htm?refcode=4019&srccode=401901&preactionid=ad905abb-c52d-4bbd-b919-df06e92a60db
网络安全工程师,燧浦(上海)智能科技有限公司,9000-13000元,宁波·鄞州·福明,Guangzhou,本科,1年以下,7月25日,zhilian,岗位职责： 1、参与公司网络安全体系搭建与优化，协助制定安全防护策略、应急预案及操作规范； 2、负责日常网络安全监控，排查系统漏洞、网络攻击等安全隐患，跟进并闭环处理安全事件； 3、协助开展网络安全合规性检查，配合完成等保测评、安全审计等相关工作； 4、参与安全技术研究与落地，包括防火墙、入侵检测 / 防御系统（IDS/IPS）、数据加密等产品的配置与维护； 5、协助组织内部网络安全培训，提升员工安全意识与操作规范； 6、跟进网络安全领域新技术、新漏洞动态，提出针对性防护建议。 任职要求： 1、24/25届本科及以上学历，计算机科学与技术、信息安全、网络工程、软件工程等相关专业； 2、掌握计算机网络基础（TCP/IP 协议、路由交换原理）、操作系统（Windows/Linux）基础操作； 3、了解常见网络安全技术（防火墙、VPN、数据加密、漏洞扫描等），对网络攻击原理（如 SQL 注入、XSS 跨站脚本）有基础认知； 4、具备良好的问题排查能力、逻辑思维能力及沟通协作能力，工作认真负责、积极主动； 5、持有 CISAW、CEH、CISP-PTE 等安全相关证书者优先，有网络安全相关实习经历者优先； 6、愿意深耕网络安全领域，接受系统项目实践锻炼。 时间安排： 工作时间： 9:30 - 18:30（午休12:00-13:30），周末双休，法定节假日固定休息。 工作地点 宁波鄞州区发展大厦-B座 以担保或任何理由索要财物，扣押证照，均涉嫌违法。一经发现， 立即举报,"网站安全,应用安全",http://www.zhaopin.com/jobdetail/CCL1514050790J40927485702.htm?refcode=4019&srccode=401901&preactionid=ad905abb-c52d-4bbd-b919-df06e92a60db
信息安全专员,东莞市公仔洗涤用品有限公司,9000-12000元,东莞·望牛墩镇,Guangzhou,本科,经验不限,7月25日,zhilian,职位描述 CISSP 信息安全体系搭建 安全风险评估 应急响应处置 工作职责 1. 负责公司信息安全体系的搭建与维护，制定并落地信息安全管理制度、流程及技术规范。 2. 开展日常安全巡检与风险评估，识别生产系统、办公网络及数据资产的安全漏洞并推动整改。 3. 监控信息安全事件，建立应急响应机制，及时处置网络攻击、数据泄露等安全威胁。 4. 组织员工信息安全培训，提升全员安全意识，规范数据操作与网络使用行为。 任职要求 1. 本科及以上学历，计算机、网络安全等相关专业，掌握信息安全领域基础理论。 2. 熟悉网络安全防护技术（如防火墙、入侵检测、数据加密）及主流安全工具的使用。 3. 具备信息安全风险评估、漏洞扫描与渗透测试的实践经验，能独立完成安全事件分析。 4. 了解制造业IT系统架构特点，有工业控制系统（ICS）安全或生产数据保护经验者优先。 5. 持有CISSP、CISM、CEH等信息安全认证者优先。 工作地点 东莞市建文洗涤用品有限公司广东省东莞市望牛墩镇朱平沙科技三路1号7号楼 以担保或任何理由索要财物，扣押证照，均涉嫌违法。一经发现， 立即举报 公司信息 东莞市公仔洗涤用品有限公司 未融资 · 20人以下 · 日化制造 已审核 10 个在招职位 工商信息 企业名称 东莞市公仔洗涤用品有限公司 企业类型 有限责任公司（非自然人投资或控股的法人独资） 法人代表 黄建文 经营状态 存续 成立时间 2024-10-30 注册资本 100万元 查看全部信息 认证资质 营业执照信息,"CISSP,信息安全体系搭建,安全风险评估,应急响应处置",http://www.zhaopin.com/jobdetail/CCL1526777520J40876865709.htm?refcode=4019&srccode=401901&preactionid=ad905abb-c52d-4bbd-b919-df06e92a60db
网络安全工程师,上海博达韵产家政服务有限公司,1-1.5万,武汉·江汉·万松街,Guangzhou,本科,1年以下,7月8日,zhilian,职位描述 WEB安全 岗位内容： 1. 负责网络安全系统的规划、设计和实施，建立严密的安全体系保障公司信息的安全。 2. 对重要系统进行安全审核和风险评估，并制定解决方案，确保系统运行的连续性、真实性和保密性。 3. 通过漏洞挖掘、渗透测试等手段及时发现并消除安全隐患。 4. 协调处理安全事件，及时做出应急响应措施，降低损失。 任职要求： 1. 具有计算机科学、网络安全、信息技术等相关专业背景。 2. 熟练掌握网络安全技术与安全产品，熟悉互联网安全趋势和法律法规。 3. 具备深厚的安全技术理论基础，熟练掌握多种安全攻防手段。 4. 具备优秀的团队合作和项目管理能力，具有较强的沟通表达能力。 工作地点 武汉市-江汉区-解放大道688号武商广场1101 以担保或任何理由索要财物，扣押证照，均涉嫌违法。一经发现， 立即举报 公司信息 上海博达韵产家政服务有限公司 未融资 · 500-999人 · 家政服务 已审核 11 个在招职位 公司介绍 盛世家合家政服务有限公司 本公司是一家多元化综合性企业，业务覆盖多个领域，坚持稳健经营、创新发展。公司凭借完善的管理体系、专业的人才团队与丰富的市场经验，为客户提供全方位优质服务。始终以诚信为本、合作共赢为理念，不断拓展业务布局，提升综合实力，致力于打造可持续发展的优质企业品牌。 工商信息 企业名称 上海博达韵产家政服务有限公司 企业类型 有限责任公司（自然人投资或控股） 法人代表 李尚峰 经营状态 存续 成立时间 2023-01-18 注册资本 100万元 查看全部信息 认证资质 营业执照信息,WEB安全,http://www.zhaopin.com/jobdetail/CCL1497060880J41020917504.htm?refcode=4019&srccode=401901&preactionid=7a4d6fdc-035d-4b53-b11e-6e58d640fb7f
网络安全运维工程师,新疆天山智汇信息科技有限公司,7000-14000元·13薪,乌鲁木齐·米东区·卡子湾街道,Guangzhou,大专,1-3年,7月25日,zhilian,岗位职责： 1、安全设备的日常监控和维护，包括态势感知日志监测、安全事件分析和处置，及时进行安全设备策略的变更和调整； 2、安全运维的相关文档、技术资料的编写； 3、协助客户进行安全隐患的排查、资产梳理、安全漏洞测试和相关设备的运维； 4、参与常态化网络安全运营，落实安全事件通报、安全事件响应和处置工作； 5、完成客户及公司交代的其他相关事宜 任职要求: 1、计算机、网络安全相关专业，专科及以上学历。 2、熟悉网络安全防护体系、掌握扎实的安全基础知识，了解各种攻击与防护技术。 3、具有一定的网络基础，熟悉网络路由器、防火墙、交换机等网络设备的维护; 4、熟悉常见网络安全设备，了解工作原理和部署方式，如防火墙、IDS、IPS、堡垒机、态势感知、漏洞评估工具等; 5、有相关的项目经验，对能编写安全运维相关文档和技术资料。 7、具有良好的沟通和协调能力，团队意识和客户服务意识强。 8、具有安全工程师CISP、CISAW、软考类信息安全工程师、网络工程师等认证证书者优先考虑。 工作地点 乌鲁木齐米东区红光山 以担保或任何理由索要财物，扣押证照，均涉嫌违法。一经发现， 立即举报,"WEB安全,主机安全,应用安全,CISP,网络工程师,CISAW",http://www.zhaopin.com/jobdetail/CC508498220J40556905602.htm?refcode=4019&srccode=401901&preactionid=7a4d6fdc-035d-4b53-b11e-6e58d640fb7f
网络安全工程师,辉煌财务代理(深圳)有限公司,1.3-1.7万·13薪,深圳·福田·福田街道,Guangzhou,中专/中技,1-3年,7月25日,zhilian,职位描述 办公设备运维 财务软件维护 财务数据安全管理 工作职责 1. 负责公司内部办公设备（电脑、打印机等）及网络系统的日常运维与故障排查，保障财务业务流程的连续性与稳定性。 2. 主导金蝶、用友等财务类核心软件的运行维护，深度参与系统操作问题的技术诊断与解决，支撑财务团队高效作业。 3. 对接外部技术供应商，统筹系统升级、数据备份与灾备方案落地，严格遵循财务数据安全规范，确保数据合规存储与传输。 4. 建立并更新IT设备台账，编写针对性操作手册，为员工提供财务系统操作培训与日常技术支持，提升团队数字化工具使用效率。 任职要求 1. 计算机、信息管理等相关专业优先，具备扎实的IT基础能力。 2. 拥有IT技术支持经验，精通Windows/Linux系统操作，能独立完成办公软件与硬件故障的快速排查。 3. 熟悉财务软件的操作逻辑与数据流转机制，有财务行业IT支持经验者优先，能理解财务业务场景的技术需求。 4. 具备良好的服务意识与跨部门沟通能力，能快速响应业务部门需求，高效解决技术问题。 工作地点 深圳福田区卓越世纪中心 以担保或任何理由索要财物，扣押证照，均涉嫌违法。一经发现， 立即举报,"办公设备运维,财务软件维护,财务数据安全管理",http://www.zhaopin.com/jobdetail/CCL1436301960J40897661013.htm?refcode=4019&srccode=401901&preactionid=7a4d6fdc-035d-4b53-b11e-6e58d640fb7f
网络安全工程师,快页信息技术有限公司,300-400元,南通·启东·吕四港,Guangzhou,学历不限,1-3年,7月24日,zhilian,职位描述 网站安全 信息安全 驻场 攻防蓝方 合同2个月左右 7*24两班倒班 持有安全认证、工龄 1 年以上，具备完整护网值守、渗透、应急处置能力 工作地点 南通启东市秦潭 以担保或任何理由索要财物，扣押证照，均涉嫌违法。一经发现， 立即举报,网站安全,http://www.zhaopin.com/jobdetail/CCL1388265610J40876803709.htm?refcode=4019&srccode=401901&preactionid=7a4d6fdc-035d-4b53-b11e-6e58d640fb7f
网络安全工程师,江西爱堡萝网络科技有限公司,5000-6000元,吉安·青原区·河东街道,Guangzhou,大专,1-3年,7月26日,zhilian,岗位职责 1、负责公司内网、服务器、业务系统日常安全巡检、漏洞扫描、风险排查； 2、监测网络攻击、异常访问、病毒木马，及时处置安全告警、应急响应； 3、定期开展渗透测试、安全加固、端口、权限、策略优化； 4、维护防火墙、堡垒机、WAF、日志审计等安全设备； 5、整理安全巡检报告、整改报告，跟进漏洞修复闭环； 6、落实网络安全合规、数据安全、等保相关基础工作。 任职要求 1、熟悉TCP/IP协议、网络架构，熟悉常见漏洞及攻击原理； 2、会漏洞扫描、渗透测试、安全加固、日志分析； 3、熟悉防火墙、安全策略配置，具备基础应急排障能力； 4、责任心强，具备良好的安全意识、学习能力； 5、有无相关经验均可，优秀应届生可培养。 岗位福利 双休、五险一金、技术提升空间大、团队年轻化、带薪年假、节日福利 工作地点 江西省吉安市青原区贸易广三街四号 以担保或任何理由索要财物，扣押证照，均涉嫌违法。一经发现， 立即举报,网站安全,http://www.zhaopin.com/jobdetail/CCL1525946490J40876767610.htm?refcode=4019&srccode=401901&preactionid=7a4d6fdc-035d-4b53-b11e-6e58d640fb7f
网络安全工程师助理,东莞市卓行盛途科技有限公司,9000-12000元,深圳·福田·福田街道,Guangzhou,大专,经验不限,7月26日,zhilian,职位描述 五险一金 年终奖 周末双休 我们正在寻找一位网络信息安全工程师，负责维护和保障公司网络系统的安全稳定。 工作内容： 1. 对公司网络系统进行安全策略的制定、实施和维护； 2. 定期进行系统漏洞扫描和风险评估； 3. 响应和处理各类网络安全事件； 4. 对员工进行网络安全培训和意识提升。 岗位要求： 1. 计算机、网络或相关专业大专及以上学历； 3. 精通各类网络安全技术和工具； 4. 良好的沟通能力和团队协作精神； 5. 持有相关网络安全证书者优先。 工作地点 深圳市-福田区-福华一路98号12 以担保或任何理由索要财物，扣押证照，均涉嫌违法。一经发现， 立即举报,"五险一金,年终奖,周末双休",http://www.zhaopin.com/jobdetail/CCL1525607540J40858292207.htm?refcode=4019&srccode=401901&preactionid=7a4d6fdc-035d-4b53-b11e-6e58d640fb7f
网络与信息安全工程师,中科软科技股份有限公司,4000-5000元,嘉峪关·钢城街道,Guangzhou,学历不限,经验不限,7月7日,zhilian,岗位职责： 1、硬件设备安装、网络建设与维护、桌面运维； 2、负责日常网络与网络安全平台的管理及监控，保障网络运行安全； 3、负责现场管辖设备的维护及排故，网络设备、安全设备、服务器等运行监控与管理； 4、编写技术方案及计划； 三、任职要求： 1、网络工程及计算机相关专业，从事相关工作三年以上； 2、熟悉华为交换机、路由器设备并能独立进行配置及维护； 3、根据集群服务器架构扩容及接入需求，及时对网络系统的扩建、改造等规划部署相应方案； 4、熟悉windows、linux服务器安装、应用、维护； 5、具备华为网络工程师及相关信息安全工程师认证或从事大型集群网络搭建相关工作者优先； 6、从事政府单位网络或相关项目改造、建设或配合相关分保评测工作者优先； 工作地点 嘉峪关市人民政府 以担保或任何理由索要财物，扣押证照，均涉嫌违法。一经发现， 立即举报,信息安全,http://www.zhaopin.com/jobdetail/CC120160390J40523165116.htm?refcode=4019&srccode=401901&preactionid=7a4d6fdc-035d-4b53-b11e-6e58d640fb7f
网络安全工程师（实习生）,河南源之点信息技术有限公司,3000-5000元,郑州·中原·枫杨,Guangzhou,大专,经验不限,3月12日,zhilian,岗位职责 （1）了解安全法规，分析网络现状；对网络系统进行安全评估和安全加固； （2）负责协调公司网络安全项目的售前和售后支持； （3）针对客户网络架构，建议合理的网络安全解决方案； （4）负责协调解决方案的客户化实施、部署于开发、退订解决方案上线。 2.任职要求： （1）大专及以上学历，经验不限，具有网络安全相关证书优先； （2）具有良好的沟通表达能力，掌握计算机网络安全知识 ； （3）熟练掌握常见WEB、APP安全漏洞原理、利用方式及修复方法； （4）了解主流安全厂商防火墙、入侵防御、**防护、漏洞扫描、审计系统等信息安全产品。 工作地点 郑州中原区总部企业基地2期68号楼10楼 以担保或任何理由索要财物，扣押证照，均涉嫌违法。一经发现， 立即举报,"路由协议,锐捷,深信服",http://www.zhaopin.com/jobdetail/CC483456980J40443581016.htm?refcode=4019&srccode=401901&preactionid=7a4d6fdc-035d-4b53-b11e-6e58d640fb7f
网络安全渗透测试工程师,中世国信(北京)信息技术有限公司,9000-10000元,武汉·江汉·常青街,Guangzhou,大专,1-3年,7月25日,zhilian,岗位职责: -负责公司内外网渗透测试，模拟攻击挖掘漏洞并提供修复方案。 -开展 Web 应用、API 等代码审计，识别注入、XSS、逻辑漏洞等安全风险。 -跟进漏洞修复与验证，形成闭环管理，定期输出安全评估报告。 -参与安全应急响应，处置突发安全事件，分析攻击链路并制定防御策略。 工作地点 武汉市-江汉区-唐家墩街办事处发展大道180号 以担保或任何理由索要财物，扣押证照，均涉嫌违法。一经发现， 立即举报,漏洞挖掘,http://www.zhaopin.com/jobdetail/CCL1219652640J40980041404.htm?refcode=4019&srccode=401901&preactionid=7a4d6fdc-035d-4b53-b11e-6e58d640fb7f
网络协议技术员,陕西盛利瑞祥建筑劳务有限公司,6000-9000元,西安·新城·中山门,Guangzhou,大专,经验不限,7月25日,zhilian,职位描述 主机安全 信息安全 通信/网络设备 工作职责 负责建筑项目现场网络设备的协议配置与调试，确保数据传输的稳定性与安全性。 诊断并解决网络协议层面的故障，优化网络链路性能以支撑工程管理系统的高效运行。 协助制定网络协议相关的技术规范与操作流程，保障项目网络环境的合规性。 配合工程团队完成网络系统的验收测试，输出技术文档与问题报告。 任职要求 大专及以上学历，计算机、网络工程等相关专业。 熟悉TCP/IP、OSI七层模型等基础网络协议，掌握路由交换设备的配置与管理。 具备网络故障排查经验，能独立分析并解决协议层面的技术问题。 有工程现场网络部署或建筑行业IT支持经验者优先。 工作地点 西安市-新城区-东大街119号5层5006 以担保或任何理由索要财物，扣押证照，均涉嫌违法。一经发现， 立即举报,主机安全,http://www.zhaopin.com/jobdetail/CCL1513431230J40865052907.htm?refcode=4019&srccode=401901&preactionid=7a4d6fdc-035d-4b53-b11e-6e58d640fb7f
网络安全定向培养岗（保底9000元/月）,蓝海乐创(广东)科技有限公司,9000-15000元,广州·海珠·赤岗,Guangzhou,大专,经验不限,7月26日,zhilian,岗位职责（培养内容）】 通过公司45天全封闭实战训练，达到初级安全工程师水平： 1️⃣ 理论筑基：计算机网络、Linux系统、TCP/IP与HTTP协议分析、安全漏洞原理剖析； 2️⃣ 项目实战：Web渗透测试、漏洞挖掘、内网横向渗透、应急响应与溯源分析、护网行动案例复盘； 3️⃣ 就业护航：简历优化、攻防模拟演练、名企内推及长达1-2年的持续技术顾问支持。 【任职要求】 1️⃣ 大专毕业2年以上，本科毕业1年以上，年龄不过32周岁，理工科专业（数理化、计算机、机械工程、电子、电气自动化等专业）； 2️⃣ 对网络安全行业有浓厚兴趣，愿意学习高薪IT技能； 3️⃣ 具备良好的学习能力和抗压能力，能接受45天全封闭脱产实训； 4️⃣ 有无相关技术基础均可，我们将带你从0到1实战入行。 【面试及入职流程】 1. 投递简历 - 2. 简历筛选与专业评估 - 3. 面试沟通 - 4. 签署定向培养及就业协议 - 5. 45天全封闭实战集训 - 6. 考核合格，直推名企入职（保底9K/月）。 (注：集训期间无薪资，正式入职后薪资保底9K。) 工作地点 海珠区广州城市职业学院(海珠校区)207号 以担保或任何理由索要财物，扣押证照，均涉嫌违法。一经发现， 立即举报,"应用安全,Python,Java,PHP,IDC安全,WEB安全",http://www.zhaopin.com/jobdetail/CCL1526563380J40910298203.htm?refcode=4019&srccode=401901&preactionid=7a4d6fdc-035d-4b53-b11e-6e58d640fb7f
信息安全专员,盘锦小时候商务有限公司,8000-12000元,盘锦·兴隆台区·兴盛街道,Guangzhou,本科,经验不限,7月25日,zhilian,职位描述 CISP CISSP 安全防护体系建设 渗透测试与漏洞修复 安全事件应急响应 工作职责 1. 负责公司网络与信息系统的安全防护体系建设，包括防火墙、入侵检测等安全设备的配置与运维。 2. 定期开展安全漏洞扫描与渗透测试，及时发现并修复系统潜在风险，输出安全评估报告。 3. 制定并执行信息安全管理制度与应急预案，组织员工安全意识培训，提升全员防护能力。 4. 监控网络安全态势，快速响应并处置各类安全事件，确保业务连续性。 任职要求 1. 本科及以上学历，计算机、网络安全等相关专业，基础扎实。 2. 熟悉常见网络安全技术（如防火墙、VPN、数据加密）及安全标准（如等保2.0）。 3. 具备安全漏洞挖掘、渗透测试或安全事件应急响应的实战经验。 4. 持有CISSP、CISP、CEH等安全认证者优先。 工作地点 蓝色康桥(E区)-26号楼辽宁省盘锦市兴隆台区惠宾街道康惠社区蓝色康桥E区2#1单元907号 以担保或任何理由索要财物，扣押证照，均涉嫌违法。一经发现， 立即举报,"CISP,CISSP,安全防护体系建设,渗透测试与漏洞修复,安全事件应急响应",http://www.zhaopin.com/jobdetail/CCL1526777630J40876865609.htm?refcode=4019&srccode=401901&preactionid=7a4d6fdc-035d-4b53-b11e-6e58d640fb7f
网络安全运维实习生,牧原食品集团股份有限公司,150-200元/天,南阳·内乡县·湍东镇,Guangzhou,本科,经验不限,7月25日,zhilian,岗位职责 1：员工离职安全处理：负责公司离职员工办公设备全流程安全清理与交割工作，主要包含办公电脑、笔记本、外接存储设备等终端设备的数据清零、隐私及业务数据彻底清除，严格按照,"系统运维,网络运维",http://www.zhaopin.com/jobdetail/CC495147320J40854892211.htm?refcode=4019&srccode=401901&preactionid=7a4d6fdc-035d-4b53-b11e-6e58d640fb7f
网络安全工程师,安徽小帆网络信息技术有限公司,9000-11000元·13薪,杭州·拱墅·米市巷,Guangzhou,本科,1-3年,7月26日,zhilian,职位描述 WEB安全 网站安全 安全设备运维 安全应急响应 等保合规落地 工作职责 1. 负责公司业务系统的日常安全巡检与漏洞扫描，及时发现并修复基础安全隐患。 2. 协助搭建基础安全防护体系，参与防火墙、WAF等安全设备的配置与日常维护。 3. 配合完成安全事件的应急响应工作，编写基础事件分析报告并推动整改。 4. 跟踪常见安全威胁情报，执行针对性的安全加固与补丁更新工作。 任职要求 1. 大专及以上学历，计算机、网络安全相关专业优先。 2. 1-2年网络安全领域工作经验，了解防火墙、IDS/IPS、WAF等安全设备的基本原理与操作。 岗位福利： 1、双休； 2、入职五险一金； 3、朝九晚六（8H）； 4、不定期聚餐、团建、年底旅游； 5、办公室茶水间、咖啡； 6、薪资组成（基本薪资+岗位、交通、住宿、餐补） 工作地点 杭州市-拱墅区-湖墅南路66-1号2301 以担保或任何理由索要财物，扣押证照，均涉嫌违法。一经发现， 立即举报,"WEB安全,网站安全,安全设备运维,安全应急响应,等保合规落地",http://www.zhaopin.com/jobdetail/CCL1510209320J40847140701.htm?refcode=4019&srccode=401901&preactionid=7a4d6fdc-035d-4b53-b11e-6e58d640fb7f
信息安全工程师（徐州乐园）,徐工集团,6000-8000元,徐州·泉山区·汉王镇,Guangzhou,大专,经验不限,7月25日,zhilian,岗位职责： 1. 负责园区内网、办公系统、票务收银系统、监控弱电系统日常信息安全巡检，排查网络漏洞与安全隐患。 2. 做好园区服务器、终端电脑、账号权限管理，规范员工系统使用权限，防范数据泄露、网络入侵风险。 3. 处理园区网络攻击、病毒入侵、系统异常等安全突发故障，制定应急处置方案，保障园区业务系统稳定运行。 4. 落实数据日常备份、日志留存工作，配合完成网络安全等级保护自查及整改工作。 5. 开展全员网络安全宣导培训，规范办公上网、外接设备使用规范，杜绝人为安全风险。 任职要求： 1. 大专及以上学历，网络安全、计算机、信息管理等相关专业，有园区/文旅行业网安工作经验优先。 2. 熟悉局域网架构、防火墙、病毒防护、网络漏洞扫描等基础安全运维工作。 3. 了解等保2.0基础要求，能够独立完成安全巡检、问题整改及台账记录。 4. 具备网络及系统故障排查能力，能快速处理各类网络安全突发问题。 5. 工作严谨细心，责任心强，可配合园区节假日应急值守，沟通配合能力良好。 工作地点 泉山区徐州乐园度假区 以担保或任何理由索要财物，扣押证照，均涉嫌违法。一经发现， 立即举报,网站安全,http://www.zhaopin.com/jobdetail/CC120076170J40920929712.htm?refcode=4019&srccode=401901&preactionid=7a4d6fdc-035d-4b53-b11e-6e58d640fb7f
网络安全实习生,嘉诚信息,2000-4000元,长春·朝阳·硅谷,Guangzhou,本科,经验不限,7月23日,zhilian,岗位职责： 1.负责公司信息安服业务项目实施（等级测评、安全整改集成、安全加固、漏洞扫描、安全检测等）； 2.具有优秀的文档编写能力，能够根据现场记录表单完成结果记录表和等级保护测评报告的编写； 3.完成上级领导交办的其它工作。 任职要求： 1、本科以上学历，计算机类、信息安全类、网络通信类专业； 2、具有计算机、网络、通信以及网络安全相关知识，热爱网络安全事业； 3、具有网络设备、安全设备、主机设备等相关工作经验； 4、具有较强的分析、解决问题的能力，较好的语言表达、文档编写能力，客户沟通能力强； 5、学习能力强，抗压能力强。 6、可接受适当加班、出差等。 7、有HCIA、HCIP、CISP、等保测评师证书或同等证书优先； 工作地点 朝阳区长春嘉诚信息技术股份有限公司(超群街店) 以担保或任何理由索要财物，扣押证照，均涉嫌违法。一经发现， 立即举报 公司信息 嘉诚信息 已上市 · 500-999人 · 软件/IT服务、软件/IT服务、计算机硬件 已审核 26 个在招职位 公司介绍 长春嘉诚信息技术股份有限公司（简称嘉诚信息）以软件和信息技术服务为主营业务（股票代码：833937），在北京、上海设有子公司，在山西、西藏设有分公司，集聚行业高端技术研发人才与资源优势，业务范围覆盖全国。公司自主研发了数十项高科技信息服务产品，可为党委、政府、检法司监、生态环境、自然资源、卫生医疗、金融、教育等多个领域的客户提供数智化服务综合解决方案。 公司技术实力雄厚，拥有国家高新技术企业、软件能力成熟度集成模型CMMI 5级、数据管理能力成熟度DCMM 3级、ISO9001质量管理体系认证、AAA级企业信用评定等多项核心资质，入选“2022中国数字安全百强报告”“2022年数据管理百项优秀案例”，获评“2021年全国网络安全等级保护测评机构表现突出单位”“2021行业信息化竞争力百强企业”等多项荣誉。 嘉诚信息不断创新，追求卓越。在大数据监督方面，嘉诚信息走向全国的拳头产品——“公益诉讼大数据应用平台”，以互联网+、大数据和人工智能、云计算等技术破解业务难题。2016年由长春市人民检察院牵头进行试点建设，并在吉林省全省推广。在北京、四川、甘肃、内蒙、江苏、安徽、辽宁、福建、陕西、山西、河南、青海、西藏等省份建设成果突出，成效显著。 在生态环境领域，基于国家新基建和生态环境“十四五”规划为大背景，以人工智能、融合创新、大数据计算、区块链、通信技术、3S空间等新技术为创新依托，着力发展环境数智化业务应用大板块。以“环境大数据”和“环境时空一张图”双基础底座为核心创建全国先进的“1+1+N”环境慧能大数据综合管理平台，融合构建环境数据治理、环境时空决策、大气环境综合、水生态环境综合、污染源精细化管理、环境协同及服务综合等多类环境业务应用场景，为客户提供良好交互体验、高效便捷实用、高性价比及专业的各类环境业务应用数智化产品。 在法院、司法、数字政府等方面，公司通过服务行业众多企业和单位，积累了丰富的项目经验，形成了完善的行业解决方案，打造以数据为中心的信息化服务平台，持续为客户创造价值。 在网络安全服务方面，公司以合规检测为基础，以攻防实战为关键，以安全运营为支撑，为客户提供网络安全及数据安全整体解决方案，公司拥有等保测评、密码测评、风险评估等多项核心测评资质，为客户提供全生命周期安全服务及安全运营整体解决方案。 嘉诚众志成城，服务面向全国。公司将以“信息技术成就智慧未来”为使命，向着“成为数智化服务领跑者”愿景，努力践行“客户第一、创新卓越、奋斗担当、诚信正直”核心价值观，发扬企业精神，不断升级完善，为全球客户带去更优质产品与服务，携手共赢未来！ 工商信息 企业名称 长春嘉诚信息技术股份有限公司 企业类型 股份有限公司（非上市、自然人投资或控股） 法人代表 庞景秋 经营状态 存续 成立时间 2001-01-09 注册资本 6570.54万元 查看全部信息 认证资质 营业执照信息,"密码安全,网站安全,等保测评师,CISP,CISSP",http://www.zhaopin.com/jobdetail/CC135175260J40866708607.htm?refcode=4019&srccode=401901&preactionid=7a4d6fdc-035d-4b53-b11e-6e58d640fb7f
网络信息安全工程师（超融合、服务器方向）,湖南联维科技发展有限公司,5000-7000元,长沙·雨花·高桥,Guangzhou,大专,1-3年,7月21日,zhilian,职位描述 主机安全 密码安全 WEB安全 计算机硬件 通信/网络设备 信息安全 [岗位要求]： 1、计算机、网络工程、信息安全等相关专业大专及以上学历； 2、有责任心、主动性强，有较强的自学能力，良好的沟通能力和团队协作能力；有一定的方案功底，熟练使用办公软件；吃苦耐劳，能承受工作压力，能够经常面对出差等工作安排； 3、熟悉主流操作系统、组件的装载和配置管理； 4、了解网络安全设备的基本原理和操作实施；熟悉网络基础知识、深入理解OSI七层模型、TCPIP协议体系等技术；熟悉信息安全相关服务技术（如漏扫、基线、加固、应急等）；熟悉管理服务器的日常维护、运营、备份等工作； 5、报读过网络专业课程，如思科、华为等网络认证课程，参加过安全竞赛取得成绩者优先考虑； [岗位描述]： 1、负责公司客户项目的技术支持工作，推进项目顺利进行；负责设备的安装部署、升级维护、远程调试、故障排查与处理等；接听客户咨询电话，向客户提供咨询、指导、解释相关技术问题，收集用户反馈信息； 2、配合销售部门积极拓展区域、行业新的目标客户与渠道，挖掘客户及产品渠道的需求，提供产品培训，产品咨询，编写技术方案等； 4、编写项目相关的实施文档、使用手册、测试文档、验收文档等； 5、密切关注最新产品及同业产品，能总结比较不同的特点。 职位福利：五险、绩效奖金、年终分红、餐补、通讯补助、定期体检、员工旅游、节日福利 工作地点 长沙雨花区民主路高桥现代商贸城4栋1单元（商务楼A座）12层湖南联维科技 以担保或任何理由索要财物，扣押证照，均涉嫌违法。一经发现， 立即举报,"主机安全,密码安全,WEB安全",http://www.zhaopin.com/jobdetail/CC264998510J40785334706.htm?refcode=4019&srccode=401901&preactionid=9aa46039-9731-47ee-8736-0029feccd237
网络安全运维工程师,河北国信安诚信息技术有限公司,3000-6000元,石家庄·新华·天苑,Guangzhou,本科,1-3年,7月24日,zhilian,岗位职责 1. 协助项目驻场运维人员解决部分工作，如：日常巡检、方案编制、资产梳理、困难解决等； 2. 开发内部自动化巡检、测评、漏扫等相关工具； 3. 参与部分网络安全售前、等保测评售前工作； 4. 撰写部分巡检方案、安全加固方案等； 5. 重保期间参与护网等活动。 任职需求 1. 熟悉操作系统，如Linux、Windows； 2. 具备或了解任意一门开发语言如golang、python、java； 3. 对常用中间件能够独立进行安装部署，并能够进行巡检； 4. 熟悉任意一种数据库如：MySQL、Oracle、Sqlserver、ES。 优先录取项 1. GitHub具备百星开源项目； 2. 具备前端能力； 3. 具备渗透能力； 4. 具备网络安全/大数据/人工智能相关从业经验； 5. 良好的文案编写能力 可以接受短期出差 工作地点 石家庄新华区中化大厦(联盟路) 以担保或任何理由索要财物，扣押证照，均涉嫌违法。一经发现， 立即举报,"GoLang,Python,Java",http://www.zhaopin.com/jobdetail/CC547572780J40492828704.htm?refcode=4019&srccode=401901&preactionid=9aa46039-9731-47ee-8736-0029feccd237
网络安全驻场运维工程师,安徽三实软件科技有限公司,8000-9000元,合肥·肥西·桃花,Guangzhou,本科,1-3年,7月24日,zhilian,职位描述 CISP 网络安全 防火墙/入侵防御/安全服务 信息安全 此岗位是需要在客户现场驻场 工作职责： （1）负责用户日常网络及安全设备硬件巡检；网络与安全设备相关配置管理； （2）对运维对象的运行状态进行检查和分析，及时发现故障，对设备资产进行管理登记，对设备变更进行管理，及时更新资产清单，完成资产报表更新， （3）监测分析网络与安全设备的日志情况，发现异常情况及时进行处置。 （4）定期对运维对象进行巡检，根据项目需求出具巡检报告。 （5）其他与本职相关工作。 专业知识要求： 思科、华为、华三等主流网络产品厂家H3CSE/HCNP/CCNP及以上认证证书，有安全厂商认证证书或CISP证书优先考虑。 能力要求（含综合能力）： （1）了解网络通信相关知识；熟悉路由、交换等网络相关设备及综合布线知识；能够进行网络故障的诊断与排除。 （2）熟练掌握市场主流防火墙、入侵防御、WAF等安全设备的原理、配置；能够进行故障诊断与排除。 （3）熟悉常见的安全加固方法，能够对安全设备日志进行有效分析，发现安全隐患。 （4）良好的网络安全意识，能够从日常基础工作中识别、判断相关网络安全问题，并能够积极采取有效措施及时消除网络安全隐患。熟悉等保相关流程。 （5）熟悉视频会议、监控等系统知识，能够进行日常运维工作。 （6）良好的服务意识，较好的沟通表达能力。 工作地点 合肥肥西县安徽三实科技发展有限公司D区6层 以担保或任何理由索要财物，扣押证照，均涉嫌违法。一经发现， 立即举报,CISP,http://www.zhaopin.com/jobdetail/CC312348230J40827562812.htm?refcode=4019&srccode=401901&preactionid=9aa46039-9731-47ee-8736-0029feccd237
网络安全服务工程师,西安起立网络科技有限公司,4000-8000元,咸阳·秦都区·上林街道,Guangzhou,大专,1年以下,7月25日,zhilian,岗位职责： - 负责网络安全服务项目落地实施，包括但不限于等级保护测评、安全风险评估、漏洞扫描、渗透测试、安全加固等核心工作，全程跟进项目进度，确保服务质量达标。 - 跟踪业界最新网络安全漏洞、攻击手法及防护技术，对客户安全事件进行快速响应、追踪溯源与应急处置，协助客户化解安全风险。 - 撰写各类安全服务相关文档，包括项目实施方案、测试报告、风险评估报告、安全加固建议等，确保文档规范、逻辑清晰、内容详实可落地。 - 与客户进行专业技术沟通，解读网络安全相关法律法规及标准规范，讲解安全解决方案与防护要点，提供技术咨询和技能培训服务，维护良好客户关系。 - 协助完成安全服务方案的优化与创新，参与公司安全技术分享，配合市场团队提供技术支撑，助力业务拓展。 - 负责安全运营相关技术支持，定期开展客户安全巡检，排查安全隐患，优化客户安全防护体系，保障客户IT设施安全稳定运行。 任职要求： - 学历与专业：大专及以上学历，计算机、网络工程、信息安全、电子信息等相关专业； - 工作经验：优秀应届生（具备相关实习/实战经验）可应聘初级岗位。 - 技术基础：精通TCP/IP协议，熟悉Windows、Linux等主流操作系统及MySQL、Oracle等数据库的安全配置与加固方法；了解主流网络设备（交换机、路由器）及安全设备（防火墙、WAF、IDS/IPS）的操作与运维。 - 安全技能：熟悉OWASP Top10漏洞原理，掌握SQL注入、XSS、文件上传等常见Web及内网渗透攻击手法，能使用Nmap、Burp Suite、Metasploit、Nessus等主流安全测试工具开展漏洞扫描与验证工作；具备基础日志分析与关联分析能力。 - 合规认知：了解网络安全法、数据安全法等相关法律法规，熟悉等级保护2.0、ISO27001等标准规范，能配合完成合规相关服务工作。 - 综合能力：具备良好的文字表达能力、沟通协调能力和问题分析解决能力；工作认真负责、积极主动，具备较强的学习能力、抗压能力和团队协作精神，能接受出差或驻场安排。 - 职业素养：无网络安全相关违法违规记录，严格遵守保密协议，对信息安全工作有高度的责任心和热情，具备持续学习行业新技术的意识。 福利待遇： - 薪资待遇：4k-8k/月（根据学历、经验、技能及证书等级面议），五险一金（按国家规定足额缴纳），每年1-2次调薪机会，薪资涨幅与能力、贡献挂钩。 - 基础福利：周末双休，法定节假日正常休假，带薪年假（满1年5天，逐年递增），带薪病假、婚假、产假等各类带薪假期； - 成长福利：完善的岗前培训、技能提升培训；定期组织技术分享会，提供充足的技术实践场景和晋升空间（技术路线：初级→中级→高级→安全专家；管理路线：工程师→项目组长→部门主管）。 - 补贴福利：出差补贴、交通补贴、餐费补贴、通讯补贴，驻场人员额外享有驻场补贴； 工作地点 咸阳秦都区国润城丝路金融中心F1号楼1003 以担保或任何理由索要财物，扣押证照，均涉嫌违法。一经发现， 立即举报,"WEB安全,Python",http://www.zhaopin.com/jobdetail/CCL1484973690J40869987613.htm?refcode=4019&srccode=401901&preactionid=9aa46039-9731-47ee-8736-0029feccd237
网络安全工程师,陕西慧缘网络科技有限公司,6000-9000元,西安·雁塔·丈八沟,Guangzhou,本科,经验不限,7月13日,zhilian,岗位职责： 1.负责公司信息安服业务项目实施（安全评估咨询、等级测评）； 2.安全培训（客户内部），协助网安技术检查支持.客户回访巡检等工作。 任职要求： 1.计算机相关专业； 2.熟悉网络安全基础知识；掌握网络设备，安全设备操作技能；了解安全风险评估基本技术，工具使用技能，了解等保政策、标准、流程、指标要求； 3.沟通能力强，协调能力好，形象气质佳； 4.学习能力强，适应能力强，省内出差。 职位福利：五险一金、绩效奖金、周末双休、带薪年假 工作地点 雁塔区西安软件园东区-F座三层 以担保或任何理由索要财物，扣押证照，均涉嫌违法。一经发现， 立即举报 公司信息 陕西慧缘网络科技有限公司 未融资 · 20-99人 · 软件/IT服务、信息安全、软件/IT服务 已审核 8 个在招职位 公司介绍 陕西慧缘网络科技有限公司，成立于2016年5月，主营业务以网络安全服务和信息技术咨询服务为主，是国家高新技术企业。公司依托自有智能渗透攻击、主机攻击监测预警等核心技术，聚焦政府机构、能源、交通、医疗卫生、教育、金融等重要行业和领域，致力于为客户提供信息化全生命周期的第三方网络岁安全服务与信息技术咨询服务。公司自成立以来，荟萃业界技术精英、信息安全专家，组成一支专业的网络安全服务队伍，具有自主知识产权项目管理系统，凭借规范的技术手段、质量管理措施、保密管理措施和专业的测评设备，进行全方位、全过程的专业服务。公司坚持以客户为中心，以质量为基石，以技术为根基，聚焦用户、快速响应客户需求，持续为客户创造长期价值。 工商信息 企业名称 陕西慧缘网络科技有限公司 企业类型 有限责任公司（自然人投资或控股） 法人代表 蒋卫东 经营状态 存续 成立时间 2016-05-24 注册资本 1000万元 查看全部信息 认证资质 营业执照信息,"等保测评,网络安全,渗透测试,安全评估",http://www.zhaopin.com/jobdetail/CC409211080J40388658611.htm?refcode=4019&srccode=401901&preactionid=9aa46039-9731-47ee-8736-0029feccd237
初级网络安全工程师,内蒙古起立网络科技有限公司,4000-6000元,呼和浩特,Guangzhou,大专,经验不限,7月24日,zhilian,职位描述 网络安全 安全加固 信息安全 云计算 信息安全 产业互联网平台 负责网络安全服务项目落地实施，包括但不限于等级保护测评、安全风险评估、漏洞扫描、渗透测试、安全加固等核心工作，全程跟进项目进度，确保服务质量达标。 - 跟踪业界最新网络安全漏洞、攻击手法及防护技术，对客户安全事件进行快速响应、追踪溯源与应急处置，协助客户化解安全风险。 - 撰写各类安全服务相关文档，包括项目实施方案、测试报告、风险评估报告、安全加固建议等，确保文档规范、逻辑清晰、内容详实可落地。 - 与客户进行专业技术沟通，解读网络安全相关法律法规及标准规范，讲解安全解决方案与防护要点，提供技术咨询和技能培训服务，维护良好客户关系。 - 协助完成安全服务方案的优化与创新，参与公司安全技术分享，配合市场团队提供技术支撑，助力业务拓展。 - 负责安全运营相关技术支持，定期开展客户安全巡检，排查安全隐患，优化客户安全防护体系，保障客户IT设施安全稳定运行。 任职要求： - 学历与专业：大专及以上学历，计算机、网络工程、信息安全、电子信息等相关专业； - 工作经验：优秀应届生（具备相关实习/实战经验）可应聘初级岗位。 - 技术基础：精通TCP/IP协议，熟悉Windows、Linux等主流操作系统及MySQL、Oracle等数据库的安全配置与加固方法；了解主流网络设备（交换机、路由器）及安全设备（防火墙、WAF、IDS/IPS）的操作与运维。 - 安全技能：熟悉OWASP Top10漏洞原理，掌握SQL注入、XSS、文件上传等常见Web及内网渗透攻击手法，能使用Nmap、Burp Suite、Metasploit、Nessus等主流安全测试工具开展漏洞扫描与验证工作；具备基础日志分析与关联分析能力。 - 合规认知：了解网络安全法、数据安全法等相关法律法规，熟悉等级保护2.0、ISO27001等标准规范，能配合完成合规相关服务工作。 - 综合能力：具备良好的文字表达能力、沟通协调能力和问题分析解决能力；工作认真负责、积极主动，具备较强的学习能力、抗压能力和团队协作精神，能接受出差或驻场安排。 - 职业素养：无网络安全相关违法违规记录，严格遵守保密协议，对信息安全工作有高度的责任心和热情，具备持续学习行业新技术的意识。 福利待遇： - 薪资待遇：4k-6k/月（根据学历、经验、技能及证书等级面议），五险一金（按国家规定足额缴纳），每年1-2次调薪机会，薪资涨幅与能力、贡献挂钩。 - 基础福利：周末双休，法定节假日正常休假，带薪年假，带薪病假、婚假、产假等各类带薪假期； - 成长福利：完善的岗前培训、技能提升培训；定期组织技术分享会，提供充足的技术实践场景和晋升空间（技术路线：初级→中级→高级→安全专家；管理路线：工程师→项目组长→部门主管）。 - 补贴福利：出差补贴、交通补贴、餐费补贴、通讯补贴，驻场人员额外享有驻场补贴； 工作地点 内蒙古自治区呼和浩特市新城区哲里木路文苑大厦A座13层1304号 以担保或任何理由索要财物，扣押证照，均涉嫌违法。一经发现， 立即举报,"网络安全,安全加固,信息安全",http://www.zhaopin.com/jobdetail/CC568532830J40183055404.htm?refcode=4019&srccode=401901&preactionid=9aa46039-9731-47ee-8736-0029feccd237
网络信息安全工程师,济南泓睿网络科技有限公司,5000-7000元·13薪,济南·济南·杆石桥,Guangzhou,学历不限,经验不限,7月8日,zhilian,职位描述 WEB安全 岗位内容： 1. 负责公司网络信息安全体系的规划、设计和实施，包括网络架构、安全设备等。 2. 制定安全策略和规范，完善安全管理制度，提高公司的安全意识和保护能力。 3. 进行安全漏洞扫描和风险评估，制定漏洞修补计划，提高系统的安全性。 4. 发现并及时处置安全事件，制定应急预案，减少安全事故发生率。 任职要求： 1. 具有网络安全、计算机科学、信息技术等相关专业背景。 2. 熟悉网络安全技术和相关产品，了解信息安全法规和标准。 3. 具备一定的安全攻防技能和安全运维经验，熟悉安全工具和安全产品的使用。 4. 具备良好的学习能力和团队合作精神，有一定的解决问题能力和应变能力。 工作地点 山东省济南市市中区纬二路济南大厦山东省济南市市中区纬二路济南大厦 以担保或任何理由索要财物，扣押证照，均涉嫌违法。一经发现， 立即举报,WEB安全,http://www.zhaopin.com/jobdetail/CCL1418013290J40876176413.htm?refcode=4019&srccode=401901&preactionid=9aa46039-9731-47ee-8736-0029feccd237
网络安全工程师,甘肃金诺安电子科技有限公司,5000-8000元,兰州·七里河区·西湖街道,Guangzhou,本科,1-3年,7月25日,zhilian,职位描述 信息安全 技术服务 1、具有较强的文档编写能力、汇报能力以及学习能力，要求有阶段性工作总结、专项工作编制、专项工作汇报等工作经验。 2、具备一定的网络安全知识及等保相关经验。 3、可高质量完成客户交办的工作任务，并对工作内容进行整体规划、制定计划及完成后的总结汇报。 4、学历要求本科及以上，熟悉电力行业相关流程者优先。 工作地点 兰州七里河区西津东路648号，国网甘肃省电力,"信息安全,技术服务",http://www.zhaopin.com/jobdetail/CC592138320J40876283910.htm?refcode=4019&srccode=401901&preactionid=9aa46039-9731-47ee-8736-0029feccd237
网络安全运维工程师,浙江卡赢科技股份有限公司,5000-8000元,温州·龙湾区·蒲州街道,Guangzhou,本科,1-3年,7月7日,zhilian,岗位职责】 1、网络管理与负载监管：负责交换机、路由器、防火墙等网络设备的配置与运维，实时监控网络流量与设备负载，及时优化和排除故障，保障网络稳定高效。 2、网络环境与系统部署：负责各类网络环境（办公网、测试网、生产网）的搭建与配置；负责自研系统的线上部署、环境调优及持续部署（CI/CD）流程的维护与落地。 3、服务器维护与运维保障：负责Linux/Windows服务器的日常巡检、补丁更新、性能调优及故障处理，保障服务器高可用与业务连续性。 4、基础安全运维：配置和管理防火墙策略、VPN、WAF等安全设备，定期进行漏洞扫描与基础加固，快速响应安全事件（如病毒、入侵）并完成恢复。 5、监控与文档管理：部署网络与系统监控工具（如Zabbix、Prometheus），维护网络拓扑、资产台账及运维文档，配合合规审查。 【任职要求】 1.专科及以上学历，计算机相关专业，2年以上网络管理与系统运维经验。 2.了解常见网络攻击原理，熟练配置防火墙策略，会使用漏洞扫描工具。 3.具备良好的文档习惯和故障排查逻辑，能适应快速响应的工作节奏。 工作地点 温州龙湾区北航大厦11楼 以担保或任何理由索要财物，扣押证照，均涉嫌违法。一经发现， 立即举报,"网站安全,WEB安全,云安全",http://www.zhaopin.com/jobdetail/CCL1506314530J40865078110.htm?refcode=4019&srccode=401901&preactionid=9aa46039-9731-47ee-8736-0029feccd237
网络与安全助理工程师——四川遂宁,江西华创新材有限公司,8000-10000元,遂宁·船山区·保升镇,Guangzhou,本科,3-5年,7月22日,zhilian,"职位描述 网站安全 主机安全 云安全 信息安全 1、负责公司IT类固定资产台帐管理和定期盘点； 2、负责公司电脑、IT类办公设备、音视频多媒体会议设备维护管理； 3、负责公司内部视频监控系统、食堂一卡通消费和门禁及停车场管理系统、安防电子围栏等智能化系统维护管理； 4、负责中心机房网络设备（防火墙、上网行为、交换机等）的配置安装、调试、测试、排错等，定期进行网络容灾演练； 5、负责公司内部各类应用服务器操作系统（windows/linux）配置、维护和日常管理； 6、负责虚拟化平台服务器和存储安装，调试及日常运维管理； 7、负责备份管理平台运维管理、备份策略优化及应急故障处理，定期进行备份恢复演练； 8、负责公司zabbix监控平台、视频监控系统、门禁和停车场管理系统、安防电子围栏等系统维护管理。 9、定期对员工进行信息安全培训并宣贯软件正版化，不定期对办公场所进行信息安全检查并出具检查报告。 任职要求： 1.本科以上学历、计算机科学与技术相关专业； 2.有网络工程师、信息安全工程师或PMP等证书优先； 3.精通主流防火墙、IPS、VPN、入侵检测、攻防技术、漏洞扫描、入侵防御、防病毒、系统加固等安全技术。 4.精通网络架构设计，路由、交换、负载均衡和网络管理等技术，熟悉交换机、路由器、防火墙的工作和运行原理，能熟练进行配置。 5,熟练掌握windows/Linux服务器操作系统维护管理。 6.熟悉弱电工程建设内容与管理流程。 7.熟悉主流备份软件的相关技术原理和实操经验。 8.熟悉IT类资产管理流程。 工作地点 遂宁船山区四川华创新材有限公司 以担保或任何理由索要财物，扣押证照，均涉嫌违法。一经发现， 立即举报","网站安全,主机安全,云安全",http://www.zhaopin.com/jobdetail/CCL1393508790J41023813504.htm?refcode=4019&srccode=401901&preactionid=9aa46039-9731-47ee-8736-0029feccd237
网络安全工程师,厦门锦融信息科技有限公司,6000-8000元,厦门·思明·嘉莲,Guangzhou,大专,1-3年,7月22日,zhilian,岗位职责： 1. 机房网络基础设施运维：机房网络设备日常巡检、运行状态实时监测、安全漏洞扫描，保障网络设备稳定运行。 2. 网络安全管控：网络基础设施安全防护、漏洞排查与风险隐患处理，保障集团网络环境安全。 3. 网络故障响应与处理：及时响应网络异常、中断等问题，快速排查修复，保障业务网络连续性。 任职要求： 1. 计算机、网络等相关专业背景，专科及以上学历，2年以上相关工作经验； 2. 熟悉常见的安全产品（如防火墙、防病毒、入侵测试、VPN、流量分析等）的配置与维护； 3. 掌握主流IT应用架构和部署应用，对网络架构有深入理解，具备较强的故障排查与安全风险应对能力。 工作地点 厦门思明区宝福大厦 以担保或任何理由索要财物，扣押证照，均涉嫌违法。一经发现， 立即举报,"护网行动,网络安全,网络故障排障",http://www.zhaopin.com/jobdetail/CCL1446811380J40843153311.htm?refcode=4019&srccode=401901&preactionid=9aa46039-9731-47ee-8736-0029feccd237
安全运营工程师,云上(江西)安全技术有限公司,6000-10000元·13薪,吉安·吉州区·禾埠街道,Guangzhou,本科,1-3年,7月22日,zhilian,岗位职责： 1.负责对安全应急事件响应处置，输出必要的服务报告和汇报材料； 2.负责参与安全运营平台的建设，洞察客户需求，优化平台安全运营能力； 3.负责安全运营平台的功能规划，运营规则/告警规则的优化与编写，负责安全大模型的测试与优化； 4.负责跟踪1day/nday漏洞，形成POC测试用例； 5.负责规划安全运营中心各项工作内容，如：资产管理、漏洞管理、事件管理等，形成标准化工作流程与模板并持续优化； 6.完成上级交办的其他工作。 任职要求： 1.本科及以上学历，计算机类、信息与计算技术相关专业，具有1年及以上安全服务相关工作经验，熟悉TCP/IP协议，熟悉路由交换，了解Waf、ips、终端安全产品原理； 2.具备安全运营工作经验，或参加省级攻防演练活动攻击队并取得优秀成绩； 3.具备常见病毒事件，入侵事件的分析和处置能力，有大客户服务经验者优先考虑； 4.熟悉各类SOC平台、SEIM平台底层原理、熟悉安全领域垂直大模型技术路线与原理； 5.具备优秀沟通表达或有项目管理经验者优先； 6.熟练使用PPT、word进行可视化呈现，具备各类公文书写的能力。 工作地点 吉州区吉安市大数据中心 以担保或任何理由索要财物，扣押证照，均涉嫌违法。一经发现， 立即举报,"渗透测试,安全服务,安全运营",http://www.zhaopin.com/jobdetail/CCL1368469020J40803334705.htm?refcode=4019&srccode=401901&preactionid=9aa46039-9731-47ee-8736-0029feccd237
网络安全工程师,中保网盾科技(云南)有限公司,6000-12000元,昆明·西山·前卫,Guangzhou,本科,经验不限,7月26日,zhilian,职位描述 云安全 CISP NISP 信息安全 云计算 岗位内容： 1. 建立和维护企业信息安全基础设施，包括网络、系统、应用程序等。 2. 监测和分析安全事件和漏洞，制定相应的应对方案，确保系统的安全性。 3. 设计和实施安全策略和控制措施，保护企业的核心数据和业务流程。 4. 参与安全审计和风险评估，为公司提供专业的安全咨询和建议。 任职要求： 1. 具有网络安全、计算机科学、信息技术等相关专业背景。 2. 熟悉常见的安全攻击方式和防御措施，具备较强的安全意识和技能。 3. 熟练掌握主流安全工具和产品，如防火墙、入侵检测系统、安全监控系统等。 4. 具备良好的沟通协调能力和团队合作精神，能够有效解决各种安全问题。 工作地点 昆明市-西山区-南悦城1603 以担保或任何理由索要财物，扣押证照，均涉嫌违法。一经发现， 立即举报,"云安全,CISP,NISP",http://www.zhaopin.com/jobdetail/CCL1231461310J40827906705.htm?refcode=4019&srccode=401901&preactionid=9aa46039-9731-47ee-8736-0029feccd237
网络安全工程师,甘肃亿成环境科技有限公司,5000-6000元,白银·白银区·王岘镇,Guangzhou,大专,1-3年,7月26日,zhilian,职位描述 网站安全 主机安全 信息安全 产业互联网平台 软件/IT服务 岗位内容： 1. 负责网络安全系统的规划、设计和实施，建立严密的安全体系保障公司信息的安全。 2. 对重要系统进行安全审核和风险评估，并制定解决方案，确保系统运行的连续性、真实性和保密性。 3. 通过漏洞挖掘、渗透测试等手段及时发现并消除安全隐患。 4. 协调处理安全事件，及时做出应急响应措施，降低损失。 任职要求： 1. 具有计算机科学、网络安全、信息技术等相关专业背景。 2. 熟练掌握网络安全技术与安全产品，熟悉互联网安全趋势和法律法规。 3. 具备深厚的安全技术理论基础，熟练掌握多种安全攻防手段。 4. 具备优秀的团队合作和项目管理能力，具有较强的沟通表达能力。 工作地点 甘肃省白银市白银区王岘镇雒家滩村蓆芨沟118号 以担保或任何理由索要财物，扣押证照，均涉嫌违法。一经发现， 立即举报 公司信息 甘肃亿成环境科技有限公司 未融资 · 20-99人 · 环保 已审核 9 个在招职位 工商信息 企业名称 甘肃亿成环境科技有限公司 企业类型 其他有限责任公司 法人代表 邵兴华 经营状态 存续 成立时间 2012-09-06 注册资本 6000万元 查看全部信息 认证资质 营业执照信息,"网站安全,主机安全",http://www.zhaopin.com/jobdetail/CC581800320J40945255508.htm?refcode=4019&srccode=401901&preactionid=9aa46039-9731-47ee-8736-0029feccd237
网络信息安全工程师,江西多勒科技发展有限公司,4000-6000元·13薪,南昌·朝阳洲,Guangzhou,学历不限,1-3年,7月16日,zhilian,职位描述 系统安全 主机安全 云安全 数据安全 信息安全 1、分析网络现状。对网络系统进行平安评估和平安加固，设计平安的网络解快方案； 2、在出现网络攻击或平安事件时，提高效劳，帮助用户恢复系统及调查取证； 3、针对客户网络架构，建议合理 的网络平安解决方案 4、负责协调解決方案的容户化实施、部署与开发，推定解决方案上线; 5、负责协调公司网络平安工程的售前和售后支持。 工作地点 南昌西湖区西河滩巷1-3号 以担保或任何理由索要财物，扣押证照，均涉嫌违法。一经发现， 立即举报,"系统安全,主机安全,云安全,数据安全",http://www.zhaopin.com/jobdetail/CC567105220J40464525701.htm?refcode=4019&srccode=401901&preactionid=9aa46039-9731-47ee-8736-0029feccd237
宿州网络安全值班员,合肥屹卓森科技有限公司,3000-4000元,宿州·埇桥区·宿州高新技术产业开发区,Guangzhou,学历不限,经验不限,7月7日,zhilian,职位描述 运维监控 网络安全 运维 1为国网公司主站进行网络设备，网络安全设备，安全管理平台等设备进行日常监控 2工作地点在宿州 3适应值班工作 工作地点 埇桥区国家电网(宿州供电公司) 以担保或任何理由索要财物，扣押证照，均涉嫌违法。一经发现， 立即举报,"运维监控,网络安全,运维",http://www.zhaopin.com/jobdetail/CC559702380J40775507606.htm?refcode=4019&srccode=401901&preactionid=9aa46039-9731-47ee-8736-0029feccd237
网络安全市场营销岗,雄安人才服务有限公司,1.5-2.5万,保定·容城·大河,Guangzhou,本科,5-10年,7月25日,zhilian,职位描述 信息安全 【职责描述】： 1.负责公司网络与信息安全事业部业务的市场推广和销售工作，编制网络安全推广材料，制定并执行销售策略和计划； 2.发掘和拓展潜在客户，建立和维护良好的客户关系，在目标市场搭建渠道、客户体系，挖掘与收集商机信息； 3.深入了解客户需求，能独立完成专业的网络安全解决方案，引导客户促成项目落地； 4.收集和分析市场信息，掌握用户最新动态，做好商机跟踪，及时反馈并调整销售策略； 5.协调相关资源，解决客户在购买和使用过程中的问题，协助推进项目交付落地，提高客户满意度； 6.负责商务谈判和合同签订。 【任职要求】： 1.本科及以上学历，5年及以上工作经验； 2.网络安全、通信工程、计算机等相关专业； 3.熟练掌握网络安全市场营销技能，具备2年以上网络安全市场营销从业经验，熟悉安全解决方案、主流网络安全产品； 4.具有良好的关系建立能力，优秀的逻辑思维能力和成就导向意识，能承受较高工作压力； 5.有网络安全相关证书，如CISP、CISSP者优先；有中大型企业安全规划、安全运维经验优先； 6.熟练使用办公软件进行文字处理，具有良好的写作能力。 工作地点 保定容城县雄才大厦1 以担保或任何理由索要财物，扣押证照，均涉嫌违法。一经发现， 立即举报,信息安全,http://www.zhaopin.com/jobdetail/CCL1493806110J40748207214.htm?refcode=4019&srccode=401901&preactionid=95839055-6807-4e47-9165-650426cb47b8
网络工程师,陕西盛利瑞祥建筑劳务有限公司,7000-14000元,西安·新城·中山门,Guangzhou,大专,经验不限,7月25日,zhilian,职位描述 信息安全 云计算 工作职责 负责公司建筑项目现场的网络架构设计、部署与优化，保障施工数据传输的稳定性与安全性。 实时监控网络运行状态，快速定位并解决施工现场网络故障，确保项目管理系统、视频监控等关键业务的持续在线。 制定网络安全策略，防范外部攻击与数据泄露风险，定期完成网络设备的巡检与维护。 对接项目团队需求，提供网络技术支持与培训，提升现场人员的网络操作规范性。 任职要求 大专及以上学历，计算机、网络工程等相关专业，基础扎实。 拥有2年以上网络运维经验，熟悉路由器、交换机、防火墙等网络设备的配置与管理。 具备网络故障排查能力，能独立解决复杂网络环境下的技术问题。 了解建筑工程行业特性，有施工现场网络部署经验者优先。 工作地点 西安市-新城区-东大街119号5层5006 以担保或任何理由索要财物，扣押证照，均涉嫌违法。一经发现， 立即举报,"信息安全,云计算",http://www.zhaopin.com/jobdetail/CCL1513431230J40865054507.htm?refcode=4019&srccode=401901&preactionid=95839055-6807-4e47-9165-650426cb47b8
网络安全工程师,新疆天山智汇信息科技有限公司,7000-14000元·13薪,乌鲁木齐·水磨沟区·七道湾街道,Guangzhou,大专,1-3年,7月25日,zhilian,"职位描述 信息安全 技术服务 1、熟悉主流厂商的安全产品，包括但不限于防火墙，WAF，IPS/IDS，EDR，审计系统，态势感知系统等； 2、熟悉国内外主流安全设备及部分网络设备,了解运作原理； 3、了解等级保护、风险评估相关实施流程； 任职要求： 1、计算机应用、计算机网络、通信、信息安全等相关专业专科以上学历，两年以上网络安全领域工作经验； 2、具有CISA、CISP、CISSP、CISP-PTE等专业资质证书者优先； 3、拥有较强的学习力，具备缜密的逻辑思维能力，能够熟练使用如Office等办公软件，具有良好的文档编辑能力； 4、能力较高者，工资可谈！ 职位福利：五险一金、周末双休、年底双薪、绩效奖金、节日福利、通讯补助、交通补助、带薪年假 工作地点 乌鲁木齐水磨沟区红光山路2558号附近绿地中心领海806室 以担保或任何理由索要财物，扣押证照，均涉嫌违法。一经发现， 立即举报","信息安全,技术服务",http://www.zhaopin.com/jobdetail/CC508498220J40613580702.htm?refcode=4019&srccode=401901&preactionid=95839055-6807-4e47-9165-650426cb47b8
网络安全工程师,河北世舟工程科技有限公司,5000-9000元,沧州·肃宁县·肃宁镇,Guangzhou,本科,3-5年,7月22日,zhilian,职位描述 网站安全 信息安全 任职条件 工作地点：河北省沧州市肃宁县 网络安全工程师： 1.计算机类、通信类、自动化类相关专业，大学本科及以上学历，3年及以上网络安全相关工作经验； 2.熟悉主流安全技术及安全厂商产品，如终端安全防护、漏扫、WAF、SOC、IPS、IDS、VPN、防火墙等的部署和使用，熟悉各类攻击特征，具备日志安全分析的能力； 3.熟悉渗透测试流程、方法，具备独立开展渗透测试工作能力。熟悉漏洞报告编写及漏洞整改工作； 4.了解主要的网络端口协议，网络设备的基本配置，办公终端网络故障排查等； 5.具备网络基础知识，了解ISO七层模型，了解ipv4协议，了解各类网络协议，理解网络结构，了解网络设备，交换机，路由器； 6.具备机房维护管理经验，服务器及信息系统管理和维护能力； 7.有责任心，为人正派，不怕吃苦，良好的团队协作能力； 8.较强的文档方案设计编写和书面表达能力； 9.具备安全相关认证（CISP、 CISSP)或者PMP等项目管理相关证书者优先。 工作职责 网络安全工程师： 1.安全运维，负责各类网络安全产品的运维管理及相关安全服务的开展； 2.负责监测安全设备，分析攻击流量，及时发现攻击，进行解决措施，给出解决建议，进行渗透测试自挖漏洞及时跟用户沟通编写安全报告，给出问题和详细建议； 3.IPS、IDS、防病毒、正版化等安全产品的管理和策略调优； 4.漏洞扫描，利用主流漏扫工具中展开漏洞扫描； 5.终端安全指标考核，通过各类终端安全工具保障客户终端安全考核指标； 6.负责常用办公软件（如WPS、金山PDF）的安装、调试、故障修复； 7.负责打印机等外设的安装、调试、故障修复； 8.负责广域网设备的日常监控与巡检、维护与故障处理； 9.负责广域网业务的开通与变更、路由策略优化与安全策略调整。 工作地点 沧州市-肃宁县-新修路61号 以担保或任何理由索要财物，扣押证照，均涉嫌违法。一经发现， 立即举报,网站安全,http://www.zhaopin.com/jobdetail/CCL1376333790J40890804813.htm?refcode=4019&srccode=401901&preactionid=95839055-6807-4e47-9165-650426cb47b8
网络安全工程师,长春蓝星网络科技发展有限公司,5000-6000元,长春·南关·幸福,Guangzhou,大专,1-3年,6月25日,zhilian,岗位职责(一) 了解网络安全行业 ，安全设备调测、运维、等保测评、安全加固，配合做好安全方面做一些安全合规检查，编写一些相关方案和文档。 1.负责驻场单位机房的相关日常运维工作; 2.负责驻场单位现场的应急事件沟通协调工作; 3.协助二线运维人员处理应急事件; 4.负责对客户资产进行定期巡检、梳理; 5.通过数据分析和其他相关工具，排查解决运维过程中的一般网络故障问题; 6.根据公司运维流程，规范化的进行运维工作并编写输出运维报告。 7.完成部门领导安排的其他工作。 网络安全工程师岗位职责(二) 1、主持项目网络安全产品的需求分析、项目可行性分析; 2、主持项目网络安全产品的技术评测，方案规划和搭建，提供相关技术支持; 3、设计满足顾客和网络安全性要求的网络安全解决方案; 4、规划及管理项目中的设备辅材; 5、通过数据分析和其他相关工具，排查解决项目实施过程中的复杂网络故障问题; 6、根据公司流程，规范化的进行项目实施并编写输出实施报告; 7、处理和解决客户的疑问与困难，做好客户的支持与服务工作; 8、其他专项或上级领导安排或支撑工作。 网络安全工程师岗位职责(三) 1.完成等保等安全评估工作; 2.对公司各类系统进行安全加固; 3.对公司网站、业务系统进行安全评估测试(黑盒、白盒测试); 4.对公司安全事件进行响应，清理后门，根据日志分析攻击途径; 5.安全技术研究，包括安全防范技术，黑客技术等; 6.跟踪最新漏洞信息，进行业务产品的安全检查; 7.负责开展信息安全技术与管理领域相关培训。 网络安全工程师岗位职责(四) 1、熟悉网络协议(静态路由，NAT，VPN，策略路由，ACL)的原理和配置。 2、熟悉相关网络设备厂家H3C、华为产品路由器、交换机的配置; 3、能够及时定位网络运行过程中的故障，并且对一般的故障能够迅速处理; 4、负责集成项目网络方案的制定，项目中网络部分的验收及测试; 5、负责网络系统的规划、选型工作、网络系统的建设实施工作、网络系统的监控和运维管理工作、网络技术咨询和支持工作。 6、熟悉网络安全产品，掌握防火墙、WAF、IDS、SOC、审计系统等安全设备的原理和使用方法。 7、熟悉网络安全技术：包括常用端口、漏洞扫描、渗透测试、病毒木马防范等，处理和分析各类安全报警，并定期发布信息安全运维报告。 职位福利：交通补助、通讯补助、五险一金 工作地点 长春南关区金宇大路 以担保或任何理由索要财物，扣押证照，均涉嫌违法。一经发现， 立即举报,"信息安全,漏洞扫描,网络安全,安全加固,Web安全,HCIE,H3CNA,H3CNE",http://www.zhaopin.com/jobdetail/CC347692910J40195472512.htm?refcode=4019&srccode=401901&preactionid=95839055-6807-4e47-9165-650426cb47b8
网络与信息安全工程师,贵州贵银设备工程有限公司,7000-10000元·13薪,南昌·西湖·西湖街,Guangzhou,大专,1-3年,7月19日,zhilian,职位描述 局域网运维 信息安全 工作内容： 对公司网络系统进行安全策略的制定、实施和维护； 定期进行系统漏洞扫描和风险评估； 响应和处理各类网络安全事件； 对员工进行网络安全培训和意识提升。 奖金绩效 双休 五险一金 年终奖 工作地点 南昌西湖区地王大厦公寓楼1256 以担保或任何理由索要财物，扣押证照，均涉嫌违法。一经发现， 立即举报,局域网运维,http://www.zhaopin.com/jobdetail/CC826847310J40926433215.htm?refcode=4019&srccode=401901&preactionid=95839055-6807-4e47-9165-650426cb47b8
信息安全工程师（初级）,宏源豪实业(深圳)有限公司,8000-12000元·14薪,深圳·福田·沙头,Guangzhou,本科,1-3年,7月26日,zhilian,职位描述 统招本科生 岗位内容： 1. 建立和维护企业信息安全基础设施，包括网络、系统、应用程序等。 2. 监测和分析安全事件和漏洞，制定相应的应对方案，确保系统的安全性。 3. 设计和实施安全策略和控制措施，保护企业的核心数据和业务流程。 4. 参与安全审计和风险评估，为公司提供专业的安全咨询和建议。 任职要求： 1. 本科以上学历 2. 熟悉常见的安全攻击方式和防御措施，具备较强的安全意识和技能。 3. 熟练掌握主流安全工具和产品，如防火墙、入侵检测系统、安全监控系统等。 4. 具备良好的沟通协调能力和团队合作精神，能够有效解决各种安全问题。 周末双休 公司福利： 提供食宿，带薪年假，假节日福利，五险一金，餐补房补交通补贴，年底双薪，项目奖金 奖金绩效 业绩奖金，餐补房补交通补贴，年底双薪 工作地点 深圳福田区金润大厦14B 以担保或任何理由索要财物，扣押证照，均涉嫌违法。一经发现， 立即举报,统招本科生,http://www.zhaopin.com/jobdetail/CC832070960J40696184206.htm?refcode=4019&srccode=401901&preactionid=95839055-6807-4e47-9165-650426cb47b8
信息安全专员助理,保定市棉非帆电子商务有限公司,8000-12000元,保定·满城·白龙,Guangzhou,大专,经验不限,7月20日,zhilian,职位描述 WEB安全 网站安全 主机安全 安全防护体系建设 安全应急响应 合规体系建设 工作职责： 1. 负责公司网络系统、业务平台及数据资产的安全防护体系建设与日常运维。 2. 定期开展安全漏洞扫描与渗透测试，及时发现并修复系统安全隐患。 3. 制定并执行信息安全管理制度与应急预案，组织员工安全意识培训。 4. 监控网络安全事件，快速响应并处置各类安全威胁，输出事件分析报告。 任职要求： 1. 大专及以上学历，计算机、网络安全等相关专业优先。 2. 熟悉网络安全协议（TCP/IP、SSL）、防火墙、入侵检测系统等安全技术。 3. 掌握常见漏洞类型及修复方法，具备安全事件应急响应经验。 4. 了解信息安全相关法律法规（如《网络安全法》），有合规体系建设经验者优先。 工作地点 白堡村保定市满城区白龙乡白堡村村委会路18号 以担保或任何理由索要财物，扣押证照，均涉嫌违法。一经发现， 立即举报,"WEB安全,网站安全,主机安全,安全防护体系建设,安全应急响应,合规体系建设",http://www.zhaopin.com/jobdetail/CCL1526547380J40910207403.htm?refcode=4019&srccode=401901&preactionid=95839055-6807-4e47-9165-650426cb47b8
网络安全工程师,江西省爱堡萝母婴用品有限公司,5000-6000元,深圳·龙岗·坂田,Guangzhou,大专,经验不限,7月14日,zhilian,职位描述 信息安全 1、负责公司服务器、业务系统、办公网络日常安全巡检、漏洞扫描与风险排查。 2、处理网络异常、入侵、病毒等安全事件，做好应急处置与复盘。 3、制定网络安全管理制度、权限规范，定期开展安全自查与数据防护。 4、配合完成等保测评、安全整改，优化防火墙、访问策略。 任职要求 1、熟悉TCP/IP协议、防火墙、交换机等网络设备基础配置。 2、了解Windows、Linux系统安全加固，具备漏洞排查与问题处置能力。 3、责任心强，具备风险意识，有等保、渗透测试相关经验优先。 福利待遇 五险一金、双休、绩效奖金、带薪年假、技术培训、节日福利。 工作地点 深圳龙岗区星河双子塔西塔31层 以担保或任何理由索要财物，扣押证照，均涉嫌违法。一经发现， 立即举报,信息安全,http://www.zhaopin.com/jobdetail/CCL1480354670J40995581302.htm?refcode=4019&srccode=401901&preactionid=95839055-6807-4e47-9165-650426cb47b8
网络安全等级测评师,福建省微森信息科技有限公司,6000-10000元,厦门·思明·莲前,Guangzhou,大专,经验不限,7月10日,zhilian,"岗位职责： 1、网络安全等级保护测评项目现场实施工作的组织协调管理，熟悉网络、主机、应用、数据，管理制度现场测评工作； 2、具有出色的文档编写能力，能够完成测评指导书的开发，等级保护、风险评估等项目实施方案和报告编制； 3、出色的沟通能力，能够完成网络安全等级保护测评、信息安全咨询、信息安全风险评估等项目的技术支持工作及其他信息安全知识的培训。 任职要求： 1、具有较强的自主学习能力，良好的工作责任心； 2、具有良好的沟通及表达能力，具有团队合作精神； 3、较好的文档撰写能力，行文严谨；能够适应短期出差； 4、熟悉掌握office Word、Excel、PPT等文档编辑软件。 5、熟悉主流操作系统（Windows server、Linux、Unix）等基本操作和安全配置优化； 6、了解主流数据库（oracle、mssql、mysql）等基本操作和安全配置优化； 7、网络及网络安全基础知识扎实，熟悉TCP/IP协议、熟悉数据包结构，对网络及网络安全设备比较熟悉； 8、了解信息安全攻防和主流的渗透测试等技术； 9、了解国家信息安全相关政策、规范与要求； 薪资福利： 1、月薪6000-10000，缴纳五险一金，过节费，年终奖金; 2、上班时间：8:30-18:00，周末双休, 法定节假日按国家规定放假; 3、 提供前往北京参加有国家公安部认证的信息安全等级保护测评师培训和考试的机会。 职位福利：五险一金、节日福利、周末双休、餐补、交通补助、带薪年假、年底双薪、项目奖金 工作地点 厦门市-思明区-观日路52之1号301-6 以担保或任何理由索要财物，扣押证照，均涉嫌违法。一经发现， 立即举报","WEB安全,主机安全,应用安全,Shell,等保测评师,网络安全,Linux,Windows",http://www.zhaopin.com/jobdetail/CC698201620J00415545603.htm?refcode=4019&srccode=401901&preactionid=95839055-6807-4e47-9165-650426cb47b8
网络安全工程师,深圳市金湾飞讯科技有限公司,9000-15000元,深圳·光明·玉塘,Guangzhou,本科,3-5年,7月26日,zhilian,岗位职责内各项工作及领导交办的相关工作。 任职资格: 1.大学本科或以上学历，网络工程、电子信息与技术、计算机技术、物联网等相关专业毕业，具有相关岗位工作经验3年或以上； 2.熟悉企业网络架构，熟悉各类网络安全设备（如防毒墙、IPS、WAF等），熟悉TCP/IP、HTTP等网络协议及网络分析工具，能完成信息系统和网络安全的运维管理，能完成各类网络安全问题的跟踪分析，并对网络安全事件的应急响应； 3.熟悉主流安全技术及防范手段，具备系统漏洞扫描、渗透测试、安全加固、日志分析、等相关经验；熟练掌握Linux、windows操作系统和原理，熟悉常用数据库（Oracle/MySQL）的配置方法，能进行安全加固。 4.具备较强的责任心，具备较强的逻辑思维，具有良好的团队协作精神，学习和抗压能力强； 5.取得软考、思科认证网络专家（CCNP）、认证网络防御者（CND）、认证信息系统安全专家（CISSP）和 GIAC 安全基础(GSEC)等网络或安全认证证书者优先。 上班地点：深圳 工作地点 深圳市光明区七号路51号附近天王星科技园C栋1楼C7口 以担保或任何理由索要财物，扣押证照，均涉嫌违法。一经发现， 立即举报,"网站安全,云安全,主机安全,CISP,CISSP,VPN,TCP/IP协议,IPS",http://www.zhaopin.com/jobdetail/CC879150770J40854764214.htm?refcode=4019&srccode=401901&preactionid=95839055-6807-4e47-9165-650426cb47b8
网络安全运维工程师,新疆鑫宇亿程信息技术服务有限公司,5000-8000元,巴音郭楞·塔什店镇,Guangzhou,学历不限,1-3年,7月24日,zhilian,职位描述 网站安全 软件/IT服务 通信/网络设备 1. 维护公司网络系统安全，制定实施安全策略。 2. 定期扫描系统漏洞，评估风险。 3. 快速响应网络安全事件。 4. 进行网络安全培训和意识提升。 5. 要求计算机或相关专业本科及以上学历，3年以上经验。 6. 精通网络安全技术和工具，良好的沟通和团队精神，有证书者优先。 工作地点 新疆维吾尔自治区巴音郭楞蒙古自治州库尔勒市北环路3栋2-17A 以担保或任何理由索要财物，扣押证照，均涉嫌违法。一经发现， 立即举报,网站安全,http://www.zhaopin.com/jobdetail/CCL1506603020J40863851711.htm?refcode=4019&srccode=401901&preactionid=95839055-6807-4e47-9165-650426cb47b8
网络安全运维工程师,新疆石榴融媒信息科技股份有限公司,5000-8000元,乌鲁木齐·天山区·团结路街道,Guangzhou,本科,经验不限,7月23日,zhilian,岗位职责： 1、负责公司交换机、路由器、防火墙等网络设备的日常监控与例行巡检，保障核心网络基础设施的稳定、安全运行； 2、根据业务需求进行网络设备的配置和调试工作；定位并解决网络故障，确保网络服务的连续性和稳定性。岗位职责职责； 3、根据公司业务需求和安全标准，制定网络安全策略，包括访问控制策略、加密策略等；及时响应并处理网络安全事件，如病毒攻击、网络入侵等； 4、参与制定和完善网络安全相关的流程和规范；编写网络运维相关的技术文档和操作指南； 5、协同安全团队进行安全事件的追踪、分析和处置，降低安全事件对公司业务的影响。 任职要求： 1、教育背景： 统招本科及以上，限计算机科学与技术、信息安全、网络工程类专业； 2、技能要求： （1）熟悉TCP/IP协议、OSI七层模型等网络基础知识，了解网络拓扑结构、路由与交换技术、网络架构设计等； （2）熟悉网络安全的基本原理和常见攻击手段，能够制定并实施有效的安全防护策略； （3）精通各类主流网络设备的配置与管理，如路由器、交换机等； （4）熟悉并掌握常见网络安全产品，如防火墙、WAF、VPN、IDS/IPS、堡垒机、病毒防护、日志审计等的运维操作； （5）熟悉应急响应流程，能够迅速有效地处理网络安全事件； （6）具备中、大型网络系统的规划、设计、管理、实施和维护经验。 3、其他要求： （1）具有强烈的责任心、事业心，具备独立解决问题的能力及很强的抗压能力； （2）具备良好的沟通能力，能够与团队成员、开发人员等进行有效的沟通和协作； 工作地点 乌鲁木齐天山区团结路 以担保或任何理由索要财物，扣押证照，均涉嫌违法。一经发现， 立即举报,"网站安全,WEB安全,主机安全",http://www.zhaopin.com/jobdetail/CC707988930J40996514104.htm?refcode=4019&srccode=401901&preactionid=95839055-6807-4e47-9165-650426cb47b8
网络安全（保密）工程师,四川九洲投资控股集团有限公司,1-1.5万·15薪,绵阳·涪城区·城郊街道,Guangzhou,本科,3-5年,7月22日,zhilian,"岗位职责: 1.负责总部信息设备保密制度建设及相关设备的管理、审计工作； 2.负责总部保密相关系统/工具的规划、建设及运维工作； 3.负责集团网络安全工作监督、检查及培训工作； 4.参与集团涉密网、局域网、互联网的网络安全体系建设与维护； 5.参与健全集团网络安全管理制度、操作规范、安全策略、应急预案等制度体系文件； 6.参与集团网络安全防护项目的论证、立项、需求调研、安装部署等项目推进工作； 7.参与数字化转型建设项目网络安全方面方案论证。 任职资格: 1.本科及以上学历，工学类、理学类专业优先； 2. 3.具有较高的工作热情及责任心，耐心、细致，具备良好的沟通能力和团队协作能力； 4.熟悉国家网络安全等级保护、分级保护、密码建设等网络安全标准及相关基础知识； 5.具备一定的网络安全防护及风险处置能力、熟悉常用网络安全产品的配置和应用,具备能快速应对外部攻击的能力； 6.具备较强的逻辑分析能力和文字功底； 7.熟悉国产化软硬件设备或担任过“三员”角色的人员优先考虑。 工作地点 绵阳涪城区九洲集团 以担保或任何理由索要财物，扣押证照，均涉嫌违法。一经发现， 立即举报","网站安全,三员",http://www.zhaopin.com/jobdetail/CCL1293754320J40862914510.htm?refcode=4019&srccode=401901&preactionid=95839055-6807-4e47-9165-650426cb47b8
网络运维专员,山东未来导航科技有限公司,6000-10000元,济南·高新区·港沟,Guangzhou,本科,1-3年,7月7日,zhilian,岗位职责： 1、负责网络和安全设备的日常运维、调优和故障处置； 2、负责计算机软硬件、打印机、视频监控等设备的日常运维、调优和故障处置； 3、负责运维报告等相关文档编写工作； 4、参与服务器、存储设备、数据库和中间件的日常运维、调优和故障处置。 任职要求： 1、熟悉网络和安全产品（交换机、路由器、防火墙等）的配置和管理； 2、熟悉网络协议和路由交换技术，可运用协议解析、网络流量分析等手段分析网络故障； 3、熟悉信息安全技术，可运用安全扫描、渗透测试等工具对入侵和攻击行为进行分析； 4、熟悉办公设备、Windows系统、桌面云的配置和管理； 5、了解Linux、VMware ESXI、容器、MySQL、Kafka、Prometheus等的配置和管理，具备编程能力（JavaScript、Python等）优先； 6、具有独立解决问题能力，具有良好的学习能力和团队合作精神； 7、计算机、通信、电子等相关专业，本科及以上学历，具有相关工作经验。 工作地点 济南高新区人工智能大厦16楼 以担保或任何理由索要财物，扣押证照，均涉嫌违法。一经发现， 立即举报,"信息安全,网络安全",http://www.zhaopin.com/jobdetail/CCL1305191890J40185003707.htm?refcode=4019&srccode=401901&preactionid=95839055-6807-4e47-9165-650426cb47b8
网络安全运维工程师,活悦企业服务有限公司,7000-8000元,北京·丰台·看丹,Guangzhou,本科,1-3年,7月24日,zhilian,岗位职责 1. 负责交换机、服务器等设备日常巡检、故障排查，保障网络稳定运行； 2. 落实网络安全运维，完成漏洞核查、策略配置，处置各类安全风险； 3. 执行7×24小时轮班、夜班值守，快速响应突发技术故障； 4. 整理运维台账、更新设备文档，配合完成系统升级与优化工作。 任职要求 1. 本科及以上学历，一年及以上工作经验，计算机、电子信息等相关专业优先 2. 精通网络、服务器、交换机、网络安全相关实操，业务能力扎实； 3. 能接受夜班、轮休调休，具备应急故障处置抗压能力； 4. 学习能力强，作为储备人员参与运维全流程轮岗培养。 工作地点 丰台区北京诺德中心三期19号楼 以担保或任何理由索要财物，扣押证照，均涉嫌违法。一经发现， 立即举报,信息安全,http://www.zhaopin.com/jobdetail/CCL1333264370J40832680216.htm?refcode=4019&srccode=401901&preactionid=95839055-6807-4e47-9165-650426cb47b8
网络安全运维技术员/五险一金,江西众畅人力科技有限公司,1.1-1.4万,长沙·岳麓·望城坡,Guangzhou,大专,经验不限,7月24日,zhilian,职位描述 CISP CISSP 安全设备运维 漏洞扫描与渗透测试 安全事件响应 工作职责： 1. 负责公司网络安全防护体系的日常运维，包括防火墙、入侵检测系统等设备的配置与监控。 2. 定期执行漏洞扫描与渗透测试，及时修复系统安全隐患，保障数据资产安全。 3. 响应并处理各类网络安全事件，制定应急预案并推动落地，降低安全风险。 4. 协助制定安全管理制度与操作规范，开展内部安全培训，提升全员安全意识。 任职要求： 1. 大专及以上学历，计算机、网络安全相关专业优先。 2. 熟悉网络安全防护技术，掌握防火墙、VPN、IDS/IPS等安全设备的配置与管理。 3. 具备安全漏洞扫描、渗透测试经验，了解常见攻击手段及防御策略。 4. 持有CISSP、CISP、CEH等安全认证者优先。 补充说明 1. 薪酬福利：五险一金 工作地点 岳麓区长沙西中心 以担保或任何理由索要财物，扣押证照，均涉嫌违法。一经发现， 立即举报 客户,"CISP,CISSP,安全设备运维,漏洞扫描与渗透测试,安全事件响应",http://www.zhaopin.com/jobdetail/CCL1398581540J40883216505.htm?refcode=4019&srccode=401901&preactionid=95839055-6807-4e47-9165-650426cb47b8
网络安全工程师,天津市昊驰科技发展有限公司,5000-10000元,天津·西青·精武镇,Guangzhou,大专,经验不限,4月15日,zhilian,职位描述 信息安全 软件/IT服务 产业互联网平台 主要职责： 1.负责网络安全设备的安装调试及售后； 2.对客户所在网络、系统进行安全评估和安全加固服务； 3. 在出现网络攻击或安全事件时，提供紧急响应服务，帮助用户恢复系统及调查取证； 4. 针对客户网络架构、安全缺陷，建议合理的网络安全解决方案； 5. 能够解决客户日常的安全问题，并为客户提供技术培训和咨询等。 任职要求： 1. 计算机或相关专业专科以上学历（能力突出者学历和专业不限）； 2. 有Unix、Windows系统知识经验，能熟练使用Unix、Windows系统平台下各种应用系统，如：MySQl、MSSQL、Oracle、Exchange等优先考虑； 3. 熟悉相关网络安全产品，如防火墙、IDS、防病毒，漏洞评估工具等； 4. 通过培训，能够独立完成各种系统（主机、网络、数据库等系统）的安全评估和加固； 5. 能够独立完成对客户的现场培训工作； 6. 具备较强的学习能力和动手操作能力； 7. 敬业、正直、诚实，无不良操守记录； 8. 喜欢学习新知识、乐于接受新鲜事物。 职位福利：周末双休、年底双薪、五险一金、带薪年假、绩效奖金、交通补助、定期体检、加班补助 工作地点 西青区天津市华苑产业区鑫茂科技园G座6楼D单元601号 以担保或任何理由索要财物，扣押证照，均涉嫌违法。一经发现， 立即举报,"信息安全,产业互联网平台",http://www.zhaopin.com/jobdetail/CC189852710J40765135412.htm?refcode=4019&srccode=401901&preactionid=95839055-6807-4e47-9165-650426cb47b8
网络安全工程师,广东亿网通科技有限公司,6000-10000元,珠海·香洲区·吉大街道,Guangzhou,大专,1-3年,7月3日,zhilian,岗位职责： 1．负责上架、监控、维护、优化客户的服务器、SAN/NAS/超融合、公有云及私有云平台、数据备份等； 2．负责上架、监控、维护、优化公司及分支机构的防火墙、VPN、路由器、交换机、无线控制器； 3．配合客户内部部门、根据业务员要求，搭建需求的网络环境，排查分析操作系统、网络相关的问题，提供适当的解决方案； 4.负责不同品牌的网络设备以及一切相关售后问题。 相关要求： 1、大专以上学历，计算机或IT相关专业毕业； 2、掌握网络拓扑构架，具备较强的技术基础； 3、熟悉网络设备（路由器、交换机、防火墙）、服务器的安装、调试、维护；熟悉计算机网络和网络安全的调试、具备网络故障的分析、判断、解决能力； 4、具有良好的沟通能力，能够与客户、供应商沟通。 优先条件： 1.熟悉华为、H3C、思科、深信服等厂商产品优先，拥有华为、H3C、思科等厂家的NA、NP认证或其他高级证书。 2.相关行业2年以上工作经验；优秀应届生可考虑。 工作地点 珠海香洲区格创新天地206-208 以担保或任何理由索要财物，扣押证照，均涉嫌违法。一经发现， 立即举报,"云计算,信息安全",http://www.zhaopin.com/jobdetail/CZ839225490J00174669906.htm?refcode=4019&srccode=401901&preactionid=95839055-6807-4e47-9165-650426cb47b8
网络信息安全工程师,陕西金顿网络系统工程有限公司,6000-10000元,西安·碑林·文艺路,Guangzhou,大专,3-5年,7月25日,zhilian,职位描述 网站安全 主机安全 IDC安全 软件/IT服务 信息安全 通信/网络设备 职位描述： 1、针对公司销售的安全产品（山石，青藤云等）为客户提供专业化的售前产品介绍； 2、能够独立完成安全设备的调试、技术支持、项目管理 、项目实施、客户培训工作； 3、负责售后技术支持，解答和解决客户的技术问题。 职位要求： 1. 大学统招计算机相关专业大专及以上学历； 2. 具备2年以上网络安全相关行业经验；或者愿意实习的也可以； 3. 具备良好的路由与交换基础，并熟悉国内主流安全产商的防火墙、ips、waf调试，如山石网科、深信服、绿盟等； 4. 精通TCP/IP结构，熟悉网络分析、协议解析等； 5. 踏实，好学，自学能力 强，自制力强，思维活跃，独立工作能力和解决问题能力强；具备网络故障的分析排除能力； 6. 具备良好的客户服务意识和团队协作精神 ； 7 具备相关认证背景、知名网络或安全厂商专业化服务经验者优先考虑；有网络系统集成工作经验者优先; 工作地点 西安碑林区百脑汇科技大厦7A19室陕西金顿 以担保或任何理由索要财物，扣押证照，均涉嫌违法。一经发现， 立即举报,"网站安全,主机安全,IDC安全",http://www.zhaopin.com/jobdetail/CC151667210J40899922303.htm?refcode=4019&srccode=401901&preactionid=53453231-9f5e-43e2-933e-0792403118af
网络安全工程师,河南源之点信息技术有限公司,4000-6000元,郑州·枫杨,Guangzhou,大专,经验不限,2月24日,zhilian,岗位职责 1.分析网络现状；对网络系统进行安全评估和安全加固，设计安全的网络解决方案； 2.在出现网络攻击或安全事件是，提高服务，帮助用户回复系统及调查取证，进行安全防护； 3.针对客户网络架构，建议合理的网络安全解决方案； 4。负责协调解决方案的客户化实施、部署于开发、退订解决方案上线； 5.负责协调公司网络安全项目的售前和售后支持； 二、任职要求 1、大专及以上学历，经验不限 2、具有良好的沟通表达能力，掌握计算机网络安全知识 3.具有良好的网络和系统基础，掌握终端安全知识，和服务器安全知识等，熟练公有云、私有云、混合云的网络架构； 4.具备网络安全规划和设计能力，掌握网络安全设备的安装、运维和管理工作； 5.熟练掌握常见WEB、APP安全漏洞原理、利用方式及修复方法； 6.了解主流安全厂商防火墙、入侵防御、**防护、漏洞扫描、审计系统等信息安全产品； 三、福利待遇： 1、无责任底薪+各种补助+提成+年终奖，综合月薪6K-8K； 2、法定节假日正常休假，带薪年假； 3、完善的绩效考核系统，给员工提供广阔的晋升空间； 4、各种节假日福利礼品，生日礼品； 5、不定期部门聚餐，公司聚餐聚会，丰富的工作文化生活； 6、良好的办公环境 职位福利：交通补助、通讯补助、节日福利、带薪年假、五险一金、年底双薪、绩效奖金、每年多次调薪 职位亮点：年底双薪/节假日福利/员工旅游/带薪休假 工作地点 郑州市高新区总部企业基地68号楼10层 以担保或任何理由索要财物，扣押证照，均涉嫌违法。一经发现， 立即举报,"信息安全,网络安全,漏洞扫描,安全加固,Web安全,安全防护,防火墙",http://www.zhaopin.com/jobdetail/CC483456980J40021175416.htm?refcode=4019&srccode=401901&preactionid=53453231-9f5e-43e2-933e-0792403118af
数据安全工程师,新疆云海视界信息科技有限公司,5000-10000元·13薪,乌鲁木齐·新市区·二工街道,Guangzhou,本科,经验不限,7月24日,zhilian,职位描述 WEB安全 网站安全 云安全 Python CISP CISSP CISP-PTE 云计算 信息安全 软件/IT服务 14 数据安全工程师：负责数据安全合规检测、风险评估、分类分级梳理，制定整改方案，助力政企数据安全合规建设。 2、薪资福利：应届生月薪4000-12000元，享有五险一金、13薪、项目绩效、出差补贴及年终奖金；提供岗前培训、免费证书指导、阶梯式晋升通道，配套节日福利、团建、年度体检等福利 3、招聘对象：2025、2026届本科及以上相关专业应届生。 奖金绩效 五险一金、13薪、年终奖、岗前培训、免费证书指导、年度体检 工作地点 乌鲁木齐新市区创业大厦 以担保或任何理由索要财物，扣押证照，均涉嫌违法。一经发现， 立即举报,"WEB安全,网站安全,云安全,Python,CISP,CISSP,CISP-PTE",http://www.zhaopin.com/jobdetail/CC842432130J40833518316.htm?refcode=4019&srccode=401901&preactionid=53453231-9f5e-43e2-933e-0792403118af
网络安全工程师,北京邦通盛达科技有限公司,9000-15000元,北京·朝阳,Guangzhou,大专,1-3年,7月23日,zhilian,岗位职责： 1.设备部署与维护：按计划完成网络及安全设备的部署调试、配置变更及日常运维管理； 2.故障应急处理：快速响应并解决项目中的突发网络与安全故障，保障系统持续稳定运行； 3.安全监控与分析：持续分析网络安全日志，主动识别并处置安全威胁事件，防范潜在风险； 4.重保与演练：参与重要时期的网络安全保障工作及安全攻防演练，提升应急响应能力； 5.运维报告与优化：定期提交日常巡检、故障记录、日志分析、运行状态等文档，评估网络安全健康状况，提出优化及加固建议； 6.合规支持：配合等保测评、密评等相关工作，确保符合监管要求。 任职要求 1.统招大专及以上学历，2年以上网络或安全相关工作经验； 2.具备独立分析和处置各类网络安全故障的能力； 3.熟悉国内主流网络安全厂商（如深信服、奇安信、绿盟、启明星辰等）的产品及解决方案； 4.良好的语言表达与沟通协调能力； 5.责任心强，工作细致、有条理，具备较强的文档整理能力； 6.有政府或医疗行业工作经验者优先。 职位福利 六险一金（含补充医疗保险）、带薪年假、节日福利、通讯补助、交通补助、餐补、全勤奖。 职位亮点 （1）深度参与项目实施，实战机会丰富； （2）提供厂商认证培训，持续学习前沿技术； （3）技术成长路径清晰，适合追求专业进阶的工程师。 工作地点 北京朝阳区金隅大成国际中心金隅大成国际中心A1座9层9A05 以担保或任何理由索要财物，扣押证照，均涉嫌违法。一经发现， 立即举报,"IT支持,故障处理,安全分析,CISP,NISP",http://www.zhaopin.com/jobdetail/CCL1242808640J40311483508.htm?refcode=4019&srccode=401901&preactionid=53453231-9f5e-43e2-933e-0792403118af
信息安全专员,重庆皓财文化传媒有限公司,7000-10000元,重庆·沙坪坝·覃家岗,Guangzhou,本科,经验不限,6月5日,zhilian,职位描述 网站安全 云安全 应用安全 信息安全 软件/IT服务 工作职责 1. 负责公司信息安全体系的日常运维，包括网络安全、数据安全等 2. 处理各类安全事件与威胁，参与应急响应与溯源分析，降低安全风险。 任职要求 1. 本科及以上学历，计算机、网络安全等相关专业，具备扎实的信息安全理论基础。 2. 熟悉网络安全技术（如防火墙、入侵检测、数据加密等）及主流安全工具的使用。 3. 了解数据安全合规要求（如等保2.0），具备安全事件处理或渗透测试经验者优先。 4. 具备良好的问题分析能力与沟通能力，能独立完成安全方案的制定与执行。 工作地点 重庆市-沙坪坝区-汇泉一路10号1栋4楼（融汇广场5号门旁）10号10-4 以担保或任何理由索要财物，扣押证照，均涉嫌违法。一经发现， 立即举报 公司信息 重庆皓财文化传媒有限公司 未融资 · 20-99人 · 文化艺术/娱乐 已审核 5 个在招职位 公司介绍 组织文化艺术交流活动;企业形象策划;品牌管理;企业管理咨询;市场营销策划;项目策划与公关服务;专业设计服务;平面设计;广告发布;广告设计、代理;广告制作;文艺创作;咨询策划服务;体育赛事策划;会议及展览服务;礼仪服务;摄像及视频制作服务:个人商务服务:文化用品设备出租:包装服务;礼品花卉销售;信息技术咨询服务;信息咨询服务(不含许可类信息咨询服务);技术服务、技术开发、技术咨询、技术交流、技术转让、技术推广:电影摄制服务;房地产经纪:住房租赁:房地产咨询:非居住房地产租赁市场调查(不含涉外调查)。(除依法须经批准的项目外，凭营业执照依法自主开展经营活动) 工商信息 企业名称 重庆皓财文化传媒有限公司 企业类型 有限责任公司（自然人独资） 法人代表 何号 经营状态 存续 成立时间 2025-03-21 注册资本 10万元 查看全部信息 认证资质 营业执照信息,"网站安全,云安全,应用安全",http://www.zhaopin.com/jobdetail/CCL1513607110J40854669507.htm?refcode=4019&srccode=401901&preactionid=53453231-9f5e-43e2-933e-0792403118af
网络安全工程师,伯特管理咨询公司,5000-7000元,中卫·海原县·海城镇,Guangzhou,本科,3-5年,7月18日,zhilian,岗位职责： 1.负责输出公司安全产品解决方案，对接用户需求，提供产品使用指导、辅助配置及故障排查； 2.承接上级网信安部门安全制度要求，负责内部宣贯、落地执行及台账上报； 3.挖掘县区用户安全潜在需求，收集区域安全业务市场信息，配合推进安全产品推广与业务拓展相关工作； 4.配合完成上级部门交办的安全检查、培训和攻防演练等专项工作，维护内外部沟通； 5.落地属地化安全解决方案，支撑政企、家庭、个人客户安全需求与业务拓展。岗位要求： 1.本科及以上学历，计算机、网络、信息安全等相关专业。 2.熟悉基础网络知识、安全产品常识，了解安全产品机制原理，能够独立完成产品部署、策略配置和故障排查处理。有CISP，等保测评师，CISAW等网络和数据安全专业相关证书者优先； 3.有三年及以上政企安全项目支撑、运维、网络和数据安全应急处置相关经验； 4.熟悉公文/台账基本处理，能承接安全制度宣贯、检查、材料上报等工作； 5.沟通表达顺畅，责任心强，踏实稳定，学习能力强，能长期在本地工作。 工作地点 中卫海原县中国电信(海原政府南街营业厅) 以担保或任何理由索要财物，扣押证照，均涉嫌违法。一经发现， 立即举报,"应用安全,WEB安全,CISP",http://www.zhaopin.com/jobdetail/CC120041060J40864851009.htm?refcode=4019&srccode=401901&preactionid=53453231-9f5e-43e2-933e-0792403118af
信息安全工程师,徐工集团,6000-8000元,徐州·泉山区·汉王镇,Guangzhou,学历不限,经验不限,7月18日,zhilian,岗位职责： 1. 负责园区内网、办公系统、票务收银系统、监控弱电系统日常信息安全巡检，排查网络漏洞与安全隐患。 2. 做好园区服务器、终端电脑、账号权限管理，规范员工系统使用权限，防范数据泄露、网络入侵风险。 3. 处理园区网络攻击、病毒入侵、系统异常等安全突发故障，制定应急处置方案，保障园区业务系统稳定运行。 4. 落实日常数据备份、系统日志留存，全程配合园区系统等保2.0测评、自查整改、资料归档，保障园区系统合规达标。 5. 开展全员网络安全宣导培训，规范办公上网、外接设备使用规范，杜绝人为安全风险。 任职要求： 1.大专及以上学历，网络安全、计算机、信息管理等相关专业，有园区/文旅行业网安工作经验优先。 2. 熟悉局域网架构、防火墙、病毒防护、网络漏洞扫描等基础安全运维工作。 3. 熟悉等保2.0基础流程，懂系统安全自查、漏洞整改、安全台账整理，可对接第三方完成等保测评工作。 4. 具备网络及系统故障排查能力，能快速处理各类网络安全突发问题。 5. 工作严谨细心，责任心强，可配合园区节假日应急值守，沟通配合能力良好。 工作地点 泉山区徐州乐园度假区 以担保或任何理由索要财物，扣押证照，均涉嫌违法。一经发现， 立即举报,"信息安全,物业管理,酒店/民宿",http://www.zhaopin.com/jobdetail/CC120076170J40914958712.htm?refcode=4019&srccode=401901&preactionid=53453231-9f5e-43e2-933e-0792403118af
网络信息安全工程师,上海拓昱先行信息科技有限公司,1.2-1.6万,上海·松江·叶榭,Guangzhou,本科,3-5年,7月24日,zhilian,职位描述 WEB安全 应用安全 渗透测试 应急响应 安全合规建设 工作职责 1. 负责公司网络与系统的安全架构设计，搭建覆盖终端、网络、应用的全链路防护体系。 2. 开展渗透测试与漏洞挖掘工作，主动发现并修复系统安全隐患，输出专业的安全评估报告。 3. 建立安全事件应急响应机制，快速处置网络攻击、数据泄露等突发事件，降低安全风险。 4. 跟踪前沿安全技术与威胁情报，制定安全加固方案并推动落地，提升整体安全防御能力。 任职要求 1. 本科及以上学历，计算机、网络安全等相关专业，基础扎实。 2. 拥有3年以上网络安全领域工作经验，精通防火墙、入侵检测系统（IDS/IPS）、WAF等安全设备的配置与管理。 3. 熟悉常见的攻击手段与防御技术，具备独立进行渗透测试、漏洞分析的实战能力。 4. 掌握安全合规标准（如等保2.0），能独立完成安全合规体系的建设与认证工作。 5. 具备良好的问题分析能力与沟通协调能力，能快速响应并解决复杂安全问题。 工作地点 上海市松江区叶榭镇斌颖烟酒附近48米 以担保或任何理由索要财物，扣押证照，均涉嫌违法。一经发现， 立即举报,"WEB安全,应用安全,渗透测试,应急响应,安全合规建设",http://www.zhaopin.com/jobdetail/CCL1523763770J40899244803.htm?refcode=4019&srccode=401901&preactionid=53453231-9f5e-43e2-933e-0792403118af
网络信息安全工程师,上海共联达建筑工程有限公司,7000-12000元,武汉·东西湖·金银湖,Guangzhou,大专,经验不限,7月26日,zhilian,岗位职责： 1. 负责公司总部及各项目部网络、终端、服务器日常安全巡检、漏洞修复，维护防火墙、VPN等安全设备。 2. 保护投标文件、工程图纸、财务数据等重要资料，做好防泄密、数据备份工作。 3. 保障智慧工地监控、物联网设备、工地无线网络安全，排查网络风险。 4. 处置病毒入侵、信息泄露等网络突发安全事件，及时应急抢修。 5. 落实等保合规要求，制定网络安全制度。 6. 管控第三方系统、合作方接入权限，定期输出安全工作报告。 岗位要求： 1. 计算机、网络空间安全、信息安全、通信工程等相关专业大专及以上学历； 2. 熟悉防火墙、IDS/IPS、终端安全、VPN、日志审计等安全产品部署调试；掌握Windows、Linux服务器基础运维； 3. 1年及以上信息安全相关工作经验优先，有建筑/工程行业信息化安全经验者优先。 工作地点 武汉东西湖区常青路 以担保或任何理由索要财物，扣押证照，均涉嫌违法。一经发现， 立即举报,主机安全,http://www.zhaopin.com/jobdetail/CCL1372479990J40955820315.htm?refcode=4019&srccode=401901&preactionid=53453231-9f5e-43e2-933e-0792403118af
网络安全工程师,甘肃城市大数据运营有限公司,8000-11000元,兰州·城关区·盐场路街道,Guangzhou,本科,3-5年,7月23日,zhilian,岗位职责 1.网络安全体系建设：负责公司信息系统网络安全管理制度、操作规范、应急预案等体系文件的制定、修订与落实，推动公司网络安全治理体系规范化、制度化。 2.风险评估与安全加固：开展信息系统等级保护、网络安全风险评估、安全测试等工作，实施系统安全加固措施，包括漏洞扫描、补丁管理、配置核查与基线加固等。 3.合规与测评支撑：组织实施等级保护测评、网络安全检查等工作，配合上级监管部门完成安全审计、专项治理任务等合规要求。 4.攻防演练与能力建设：参与组织公司护网演练、攻防对抗、桌面推演等活动，持续提升防护能力与实战响应水平。 5.安全培训与宣传：制定并实施公司网络安全培训计划，增强全员安全意识，普及数据安全、终端安全、操作规范等知识。 6.新技术应用研究：关注安全前沿动态，结合公司业务场景，评估并引入如零信任、态势感知、信创安全等先进安全技术与解决方案。 二、任职要求 （一）基本条件 1.品行端正、诚实守信，具有良好的思想品质和道德素质。 2.具备岗位所需的专业知识、技能和综合素质，学习成绩优良，能够按时取得毕业证和学位证。 3.身心健康，能够适应岗位工作要求。 （二）岗位要求 1.本科及以上学历，计算机、信息管理、数据科学等相关专业优先；对数据要素、数字政府、公共数据授权运营、人工智能等方向有学习兴趣。 2.具有3年以上网络安全或信息系统安全相关工作经验。 3.参与等保测评、护网演练、攻防实战、应急演练等项目者优先；有CISSP、CISP、信息安全等级保护测评师、网络安全管理员等相关资质证书者优先考虑。 4.熟悉主流网络安全防护技术，如防火墙、入侵检测、漏洞扫描、日志审计、病毒防护、访问控制等。 5.熟悉等级保护2.0相关标准及合规要求，具备安全测评、整改加固、合规材料编制等经验。 6.掌握网络协议、安全策略配置、操作系统安全（Linux/Windows）及数据库和中间件安全防护基本能力。 7.能阅读分析安全设备与系统日志，具备一定的安全事件分析与应急响应能力。 8.熟悉至少一种脚本语言（如Python、Shell）者优先，用于自动化工具编写和漏洞验证。 工作地点 兰州城关区丝绸之路信息港股份有限公司二楼 以担保或任何理由索要财物，扣押证照，均涉嫌违法。一经发现， 立即举报 公司信息 甘肃城市大数据运营有限公司 未融资 · 20-99人 · 大数据、软件/IT服务、产业互联网平台 已审核 1 个在招职位 公司介绍 甘肃城市大数据运营有限公司（简称“城市大数据公司”）是丝绸之路信息港股份有限公司（简称“信息港公司”）与杭州数梦工场科技有限公司（以下简称“杭州数梦”）联合投资的新型“互联网+”企业，是国家认定的高新技术企业。公司于2017年11月在兰州注册成立，注册资本金1000万元，定位为自主可控的省属国企，依托丝绸之路信息港和数梦工场，公司基于新型互联网架构、大数据、人工智能和区块链等核心能力基础上积极探索住建、人社、国土、金融、电力、水利、文旅、扶贫等纵向领域发展方向和路径。 城市大数据公司以DT技术为基础，探索构建城市大数据应用生态平台体系，聚焦主航道，通过“技术+资本+运营+服务”进行互联网化使能，业务模式创新，致力于成为国内领先的新型互联网架构、新型智慧城市、大数据智能运营的实践者和领航者。 在政务领域，城市大数据公司积极参与推进数字甘肃顶层设计规划，通过打造数字甘肃核心数据大脑，建设和完善全省数据资源体系，聚焦数据服务和运营，驱动各行业数字化转型和服务创新。同时紧跟用户需求，进行互联网+政务、政务移动办公、工程建设项目审批、农民工工资支付监管等项目交付及运营。 在城市领域，城市大数据公司加快推进以数据大脑为基础的新型智慧城市建设，选择优质地市探索新型智慧城市建设及运营模式。 城市大数据公司的愿景是通过持续不断地整合创新，聚焦数据治理和运营，助力政务、城市、产业数字化转型。 工商信息 企业名称 甘肃城市大数据运营有限公司 企业类型 有限责任公司 法人代表 白鹏飞 经营状态 存续 成立时间 2017-11-06 注册资本 1000万元 查看全部信息 认证资质 营业执照信息,"云计算,信息安全",http://www.zhaopin.com/jobdetail/CC465824730J40822502516.htm?refcode=4019&srccode=401901&preactionid=53453231-9f5e-43e2-933e-0792403118af
网络安全运维工程师,江西同力企业服务有限公司,6000-10000元,南昌·青山湖,Guangzhou,本科,1-3年,12月4日,zhilian,"职位描述 信息安全 岗位要求： 1.本科及以上学历，计算机相关专业，1-3年及以上相关 工作经验； 2.熟悉常见的操作系统(Windows,Limux)以及常见溺调原理、危害，了解典型漏洞利用方法和防御手段； 3.具备日志分析经验，能够从日志分析中发现异常事件： 4.有应急响应经验，具有较强的沟通表达能力和文档编写能力，工作态度端正、责任心强； 5.至少掌握一种常见的编程语言，能够自行开发安全渗透测试工具优先。 工作内容： 1.负责漏洞扫描、安全风险评估、渗透测试等安全服务项目实施； 2.负责各类重大演习保障时期的防守方工作： 3.跟踪安全动态、进行漏洞分析、挖掘等相关安全攻防技术研究； 负责对突发网络安全事件分析及应急响应处置： 5.负责公司网络安全项目方案沟通，技术交流等工作： 6.领导交待的其他事宜。 薪资待遇： 工作地点：南昌市高新区 薪资区间：6000-10000元/月(全年12薪) 福利事项：带薪年休假+通勤班车+五险一金+双休+兴趣小组 硬件配套：大小食堂+健身房+职工书屋 晋升发展：高频次专业技能培训、完善职业晋升通道 工作地点 南昌青山湖区科研通信楼国网江西信通公司 以担保或任何理由索要财物，扣押证照，均涉嫌违法。一经发现， 立即举报",信息安全,http://www.zhaopin.com/jobdetail/CC353957120J40808700205.htm?refcode=4019&srccode=401901&preactionid=53453231-9f5e-43e2-933e-0792403118af
网络工程师,江西省春丝食品有限公司,9000-11000元·13薪,大连·中山·青泥洼桥,Guangzhou,中专/中技,1-3年,7月25日,zhilian,职位描述 信息安全 工作职责 1. 负责公司局域网、广域网的架构设计、部署与日常运维，保障生产系统与办公网络的稳定运行。 2. 监控网络设备（交换机、路由器、防火墙）的运行状态，及时排查并解决网络故障，确保生产数据传输的安全性与可靠性。 3. 制定并执行网络安全策略，包括防火墙规则配置、病毒防护、数据备份等，防范网络攻击与数据泄露风险。 4. 对接ERP、MES等生产系统的网络需求，配合业务部门完成系统对接与优化，提升生产流程的信息化效率。 5. 定期进行网络性能评估与优化，编写运维文档并开展员工网络安全培训。 任职要求 1. 计算机、网络工程等相关专业，持有CCNA/HCIA等网络认证者优先。 2. 企业级网络运维经验，熟悉TCP/IP协议、路由交换技术及主流网络设备（华为、华三、Cisco）的配置与管理。 3. 掌握防火墙、VPN、入侵检测等网络安全技术，有制造业IT系统运维经验者优先。 4. 具备较强的问题分析与故障排查能力，能独立处理复杂网络问题，抗压能力强。 5. 良好的沟通能力与团队协作精神，能配合跨部门完成技术支持工作。 工作地点 大连中山区新星国际中心 以担保或任何理由索要财物，扣押证照，均涉嫌违法。一经发现， 立即举报,信息安全,http://www.zhaopin.com/jobdetail/CC282971410J40860783811.htm?refcode=4019&srccode=401901&preactionid=53453231-9f5e-43e2-933e-0792403118af
网络安全工技术程师,开封本善网络科技有限公司,3000-5000元,开封·龙亭区,Guangzhou,大专,1-3年,7月2日,zhilian,职位描述 网络安全 系统安全 数据安全 主机安全 网络安全工程师 要求： 1、大专以上学历 2、有行业从业经验或资源，计算机相关专业，了解信息安全等级保护规范。 3、熟悉网络安全设备、AF、AC、EDR、日志审计、服务器。 待遇：基本工资+绩效考核奖+全勤奖，节假日双休、缴纳五险。工作成绩优秀、价值观相投者有机会获得公司股权分红。 有合适人选者欢迎举荐。 工作地点 开封龙亭区河南大学金明校区(北门)56 以担保或任何理由索要财物，扣押证照，均涉嫌违法。一经发现， 立即举报,"网络安全,系统安全,数据安全,主机安全",http://www.zhaopin.com/jobdetail/CCL1389452900J40238345112.htm?refcode=4019&srccode=401901&preactionid=53453231-9f5e-43e2-933e-0792403118af
网络信息安全工程师,北京久道科技有限公司,1-1.3万,北京·顺义,Guangzhou,大专,5-10年,7月21日,zhilian,职位描述 云安全 主机安全 IDC安全 信息安全 1. 精通信息安全技术（加密解密、访问控制、漏洞管理、入侵检测等），熟悉常见OWASP TOP 10漏洞的攻击手段及防御策略； 2. 精通防火墙、WAF、全流量监控、终端安全、主机/容器安全等主流安全设备的策略配置、日志分析与优化调整，精通告警监控、分析与响应处置能力，能够进行策略编写与规则调优，能处理各类疑难安全问题； 3. 掌握网络、服务器及容器化技术，可支撑其他成员的信息安全工作开展； 4. 精通渗透测试能力，熟练掌握Burp Suite、nuclei、CS等渗透工具，可对Web应用、APP等进行渗透测试，编写测试报告； 5. 精通ISO27001、等保2.0等法律法规要求，能制定与更新信息安全制度（如数据安全规范、应急响应预案），提供安全培训支持，提升员工安全意识，精通数据安全分级分类、数据脱敏、数据备份与恢复管理； 6. 精通安全事件应急响应能力，能快速处置病毒爆发、账号泄露、网络攻击等突发事件； 7. 熟悉企业信息安全工作，可制定安全战略、管理制度与应急预案，安全事件的应急响应、调查分析与处置，开展安全评估与风险管控 8. 精通钓鱼邮件流程，能编写C2程序，可搭建钓鱼邮件平台进行常态化钓鱼测试，并编写测试报告； 9. 5年以上信息安全工作经验，具备HW或攻防演练经验；有大型企业安全防护体系搭建、真实安全事件处理经验优先。 工作地点 顺义区北京首都国际机场-T3航站楼 以担保或任何理由索要财物，扣押证照，均涉嫌违法。一经发现， 立即举报,"云安全,主机安全,IDC安全",http://www.zhaopin.com/jobdetail/CC443425680J40865900901.htm?refcode=4019&srccode=401901&preactionid=53453231-9f5e-43e2-933e-0792403118af
网络与信息安全工程师,上海思为系统集成有限公司,6000-8000元,上海·浦东·沪东新村,Guangzhou,本科,1-3年,7月10日,zhilian,岗位职责： 1、 从事计算机网络、信息安全、存储以及计算机基础设施等系统集成工作。 2、 负责网络产品的实施，能够解决常见网络故障； 3、 产品测试、安装、调试、售后培训等。 职位要求： 1、大学本科及其以上学历，网络及信息安全基础知识扎实； 2、熟练操作HUAWEI、深信服、H3C、Juniper、CISCO、NetApp、等知名网络厂商设备者，优先考虑； 3、熟悉网络路由交换、安全设备、无线、存储，负载均衡等产品和技术者，优先考虑； 4、具备JNCIS/JNCIP；HCNP/HCIE；CCNP/CCIE 证书优先考虑； 5、熟练linux、unix、windows操作系统、熟悉常用web安装配置； 6、人品端正，勤奋好学，良好的沟通和协作能力； 7、良好的英语读写能力； 8、具备良好的敬业精神和团队合作精神。 工作地点 上海浦东新区宏南投资大厦1110室 以担保或任何理由索要财物，扣押证照，均涉嫌违法。一经发现， 立即举报,"华为,华三,深信服,CCNA,CCNP,CCIE,HCIA,HCIP,HCIE,H3CNA,H3CNE",http://www.zhaopin.com/jobdetail/CC526713520J40494963709.htm?refcode=4019&srccode=401901&preactionid=53453231-9f5e-43e2-933e-0792403118af
网络安全运维工程师,天津盈信安信息科技有限公司,5000-9000元,天津·西青·西营门,Guangzhou,本科,经验不限,7月1日,zhilian,职位描述 云计算 技术服务 信息安全 职位描述 1、负责网络安全设备安装调试及售后服务； 2、与客户建立和保持良好关系，及时提出解决问题的方法，并为客户提供培训和技术咨询； 3、了解网络安全或虚拟化产品相关解决方案以及应用场景； 任职要求： 1、统招本科及以上学历，计算机专业，一年以上网络工程师工作经验优先； 2、精通路由交换相关知识，具有主流品牌相关网络技术资格证书优先； 3、具有相关工作经历优先 4、身体健康、敬业勤奋、诚实协作、责任心强； 5、良好的服务意识、团队合作意识，高度的责任感和使命感。 职位福利：六险一金、绩效奖金、员工旅游、节日福利 工作地点 天津西青区天百中心1号楼1101 以担保或任何理由索要财物，扣押证照，均涉嫌违法。一经发现， 立即举报,"云计算,技术服务,信息安全",http://www.zhaopin.com/jobdetail/CC358479310J40903384215.htm?refcode=4019&srccode=401901&preactionid=53453231-9f5e-43e2-933e-0792403118af
网络安全工程师,山东昊华轮胎有限公司,7000-9000元,潍坊·寿光·侯镇,Guangzhou,大专,3-5年,7月21日,zhilian,岗位职责： 1. 负责公司IT基础设施的运维管理，包括服务器、存储设备、网络设备及数据库的日常巡检、监控、故障处理与性能优化； 2. 负责ERP、MES、PDM、BPM等业务系统系统的备份还原、系统运行环境监测保障，确保生产及办公业务稳定运行； 3. 负责Windows/Linux服务器、虚拟化平台及相关系统的部署、配置、优化及安全管理； 4. 负责数据备份、恢复及容灾方案的实施与维护，保障数据安全和业务连续性； 5. 负责网络安全管理，包括漏洞扫描、补丁更新、安全加固、权限管理及日志审计等工作； 6. 参与运维制度、技术规范、操作流程及应急预案的制定和优化，推动运维标准化建设； 7. 配合内控、审计及安全管理要求，落实账号权限管理、操作留痕、日志管理及整改工作； 8. 参与ISO27001、网络安全等级保护等信息安全体系建设、认证或测评整改工作； 9. 协助开发工程师部署系统或发生网络故障时，开展服务器/网络技术支持保障工作。 任职要求： 1. 计算机、信息技术、网络工程等相关专业专科及以上学历；具备丰富相关经验者可适当放宽学历要求； 2. 3年以上IT运维相关工作经验，具备制造业企业运维经验者优先； 3. 熟悉Windows/Linux服务器管理、存储及备份相关技术； 4. 熟悉VMware、Docker等虚拟化、容器化，云化技术； 5. 熟悉MySQL、SQL Server、Oracle等数据库的基本管理与维护； 6. 熟悉交换机、路由器、防火墙等网络设备的配置与故障排查、网络架构规划； 7.熟悉及安装调试过 上网行为管理 态势感知 网闸 XDR IPS IDS WAF 等相关安全设备 8. 配合ERP、MES、PDM、BPM等外购、自研软件系统的基础系统部署、运维； 9. 熟悉信息安全管理体系、网络安全等级保护等相关要求； 10. 具有ISO27001、网络安全等级保护项目参与经验者优先； 11. 具备良好的文档编写能力、沟通协调能力和问题分析能力； 优先条件： * 参与过ISO27001认证项目； * 参与过网络安全等级保护建设或整改项目； * 持有RHCE、HCIP、CCNP、PMP、CISP等相关认证。 工作地点 潍坊寿光市山东昊华轮胎有限公司 以担保或任何理由索要财物，扣押证照，均涉嫌违法。一经发现， 立即举报,网站安全,http://www.zhaopin.com/jobdetail/CC597691020J40863831411.htm?refcode=4019&srccode=401901&preactionid=53453231-9f5e-43e2-933e-0792403118af
网络安全运维工程师,中科启迪网络空间安全技术有限公司,3000-6000元,聊城·东昌府区·新区街道,Guangzhou,大专,1-3年,7月22日,zhilian,职位描述 WEB安全 网站安全 应用安全 信息安全 计算机软件 软件/IT服务 岗位内容： 1. 负责网络安全系统的规划、设计和实施，建立严密的安全体系保障公司信息的安全。 2. 对重要系统进行安全审核和风险评估，并制定解决方案，确保系统运行的连续性、真实性和保密性。 3. 通过漏洞挖掘、渗透测试等手段及时发现并消除安全隐患。 4. 协调处理安全事件，及时做出应急响应措施，降低损失。 任职要求： 1. 具有计算机科学、网络安全、信息技术等相关专业背景。 2. 熟练掌握网络安全技术与安全产品，熟悉互联网安全趋势和法律法规。 3. 具备深厚的安全技术理论基础，熟练掌握多种安全攻防手段。 4. 具备优秀的团队合作和项目管理能力，具有较强的沟通表达能力。 工作地点 山东省聊城市东昌府区光岳北路与电大路交汇处4号楼 以担保或任何理由索要财物，扣押证照，均涉嫌违法。一经发现， 立即举报 公司信息 中科启迪网络空间安全技术有限公司 未融资 · 20-99人 · 产业互联网平台、信息安全 已审核 3 个在招职位 公司介绍 1、公司成立与2019年4月。 2、公司以网络安全综合解决方案提供服务为主营业务，覆盖信息化建设、智能化建设、数字乡村、数字城市、智慧城市、雪亮工程、天网工程、视频会议、亮化工程等工程项目服务。 3、主要客户：政府、事业单位、金融、教育、医疗、能源等行业服务。 4、网络安全培训、网络安全应急演练、网络安全风险评估、等级保护等网络安全服务。 5、公司使命：保障网络空间安全净土。 工商信息 企业名称 中科启迪网络空间安全技术有限公司 企业类型 有限责任公司（自然人独资） 法人代表 郑乾 经营状态 存续 成立时间 2019-04-12 注册资本 5000万元 查看全部信息 认证资质 营业执照信息 最新招聘 热门城市 热门职位 热门公司 郴州市智鑫房地产开发有限公司 剑河县玉裳饭食店 商丘市梁园区橙馨百货行（个体工商户） 阜新市太平区红旺超市 永春县立者贸易商行（个人独资） 贺兰县少伟家庭农场 金牛区智飏软件工作室 佛山市顺德区杏坛镇丽瑚副食店 山丹县昊隆誉建筑有限公司 深圳市南山区汉廷达五金商店 聊城招聘网 > 聊城网络信息安全工程师招聘 > 中科启迪网络空间安全技术有限公司网络信息安全工程师招聘 职位发布者 王海国 今日活跃 总经理 立即沟通 公司基本信息 中科启迪网络空间安全技术有限公司 已审核 未融资 20-99人 产业互联网平台、信息安全 查看在招职位 关于我们 公司介绍 联系我们 诚聘英才 产品与服务 人才招聘 企业招聘 使用与帮助 账号注销 意见反馈 发票制度 防骗指南 法律协议 资质公示 智联招聘 更懂你的价值 智联app小程序官方微信企业版APP 未经 Zhaopin.com 同意，不得转载本网站之所有招聘信息及作品 智联招聘网版权所有 京ICP备12025925号 京ICP证010207号 京公网安备 11010502059392号 人力资源许可证:1101051996081号 网上有害信息举报专区 违法不良信息举报电话:400-885-9898 关爱未成年举报热线:400-885-9898-3 朝阳区人力资源与社会保障局监督电话 网络110报警服务电子营业执照 暂无内容,"WEB安全,网站安全,应用安全",http://www.zhaopin.com/jobdetail/CC867066320J40845463610.htm?refcode=4019&srccode=401901&preactionid=53453231-9f5e-43e2-933e-0792403118af
网络安全工程师助理/双休+五险一金+十三薪,河北亿之星文化传媒有限公司,9000-12000元·13薪,北京·平谷·滨河,广州,大专,经验不限,7月24日,zhilian,职位描述 主机安全 安全巡检运维 安全事件应急响应 安全文档整理 任职要求 1. 大专及以上学历，计算机、网络安全等相关专业优先。 2. 掌握基础网络安全知识，了解常见攻击手段与防护策略。 3. 熟悉Windows/Linux系统操作，能使用基础安全工具进行漏洞排查。 4. 具备良好的学习能力与沟通能力，能快速适应新媒体行业的安全需求。 补充说明 1. 福利待遇：双休、五险一金、十三薪 工作地点 北京平谷区信息大厦六楼整层 以担保或任何理由索要财物，扣押证照，均涉嫌违法。一经发现， 立即举报,"主机安全,安全巡检运维,安全事件应急响应,安全文档整理",http://www.zhaopin.com/jobdetail/CCL1505065970J40876683409.htm?refcode=4019&srccode=401901&preactionid=f5ca9812-d218-4f79-b823-6f80edea9fd9
初级网络安全工程师+五险一金,武汉市蓿汐科技有限公司,8000-13000元,北京·海淀·上地,广州,大专,经验不限,7月17日,zhilian,岗位职责 1.负责公司网络基础设施的日常运维与管理，保障网络稳定运行； 2.负责网络安全设备的配置与策略优化； 3.开展网络安全漏洞威胁监测与深度分析，定期进行渗透测试与安全评估，并提供修复建议； 4.负责安全事件的应急响应与溯源分析，编制安全事件处置报告； 5.完成安全月报、安全评估报告等文档的编制工作。 任职要求 学历专业：计算机、网络信息安全、网络工程等相关专业优先； 工作经验：0-2年网络安全相关工作经验，应届生亦可培养； 专业技能： 熟悉网络安全基础攻防技术和常见安全工具； 了解常见系统漏洞或WEB应用漏洞的挖掘与修复方法； 熟悉主流网络设备的安装与配置； 个人特质：责任心强、具备良好的沟通能力与团队协作精神，能适应一定的工作压力； 薪资福利 薪资范围：月薪 8000 - 13000元（视经验与能力而定） 工作时间：9:00-18:00，周末双休，法定节假日正常休息 福利保障：五险一金、带薪年假、年终奖等 成长支持：清晰的晋升路径（工程师 → 高级工程师 → 安全架构师/安全负责人） 工作地点 北京海淀区辉煌国际广场1 以担保或任何理由索要财物，扣押证照，均涉嫌违法。一经发现， 立即举报,"网站安全,WEB安全",http://www.zhaopin.com/jobdetail/CCL1523969370J40865162501.htm?refcode=4019&srccode=401901&preactionid=f5ca9812-d218-4f79-b823-6f80edea9fd9
网络安全专员,汇宸九州(东莞)科技有限公司,1-1.2万,深圳·南山·粤海,广州,大专,经验不限,7月25日,zhilian,职位描述 网络安全运维 漏洞扫描与渗透测试 安全事件应急响应 工作职责： 1. 负责公司网络安全防护体系的日常运维，包括防火墙、入侵检测系统等安全设备的配置与监控。 2. 定期进行网络安全漏洞扫描与渗透测试，及时发现并修复系统潜在风险。 3. 参与安全事件应急响应，协助处理病毒感染、数据泄露等安全事件，并撰写分析报告。 4. 制定并落地员工网络安全培训计划，提升全员安全意识。 工作地点 深圳市-南山区-粤海街道海珠社区海德三道(深圳湾段)168号28 以担保或任何理由索要财物，扣押证照，均涉嫌违法。一经发现， 立即举报,"网络安全运维,漏洞扫描与渗透测试,安全事件应急响应",http://www.zhaopin.com/jobdetail/CCL1526069760J40881869905.htm?refcode=4019&srccode=401901&preactionid=f5ca9812-d218-4f79-b823-6f80edea9fd9
网络安全工程师（可无经验）,湖北新蜕智能科技有限公司,8000-12000元,石家庄·桥西·中山,广州,大专,经验不限,7月25日,zhilian,职位描述 无 男女不限，针对大学应届毕业生、IT 相关岗位转型的人员、有志于从事网络安全职业的退役军人、计划提升专项能力的在职人员四大群体 工作地点 桥西区石家庄华润万象城 以担保或任何理由索要财物，扣押证照，均涉嫌违法。一经发现， 立即举报,无,http://www.zhaopin.com/jobdetail/CCL1524995480J40911733003.htm?refcode=4019&srccode=401901&preactionid=f5ca9812-d218-4f79-b823-6f80edea9fd9
网络安全工程师,上海絮然网络科技有限公司,1.2-1.3万,杭州·拱墅·天水,广州,本科,1年以下,7月25日,zhilian,职位描述 信息安全 岗位内容： 1. 负责公司网络信息安全体系的规划、设计和实施，包括网络架构、安全设备等。 2. 制定安全策略和规范，完善安全管理制度，提高公司的安全意识和保护能力。 3. 进行安全漏洞扫描和风险评估，制定漏洞修补计划，提高系统的安全性。 4. 发现并及时处置安全事件，制定应急预案，减少安全事故发生率。 任职要求： 1. 具有网络安全、计算机科学、信息技术等相关专业背景。 2. 熟悉网络安全技术和相关产品，了解信息安全法规和标准。 3. 具备一定的安全攻防技能和安全运维经验，熟悉安全工具和安全产品的使用。 4. 具备良好的学习能力和团队合作精神，有一定的解决问题能力和应变能力。 工作地点 杭州市-拱墅区-中山北路491号301 以担保或任何理由索要财物，扣押证照，均涉嫌违法。一经发现， 立即举报,信息安全,http://www.zhaopin.com/jobdetail/CCL1520923610J40861396211.htm?refcode=4019&srccode=401901&preactionid=bc1d0adb-49ae-43dc-9e03-45dee6317606
网络信息安全工程师,天津达万培训学校有限公司,1.3-1.6万·14薪,天津·和平·南营门,广州,中专/中技,1-3年,7月26日,zhilian,职位描述 信息安全 信息安全 软件/IT服务 工作职责 1. 负责公司办公网络、教学系统服务器及学员服务平台的安全运维与实时监控，构建纵深防御体系，保障核心业务7×24小时安全稳定运行。 2. 主导网络、服务器及应用系统的安全事件响应与故障排查，制定并执行应急预案，快速恢复业务，最小化安全风险对教学服务的影响。 3. 定期开展IT基础设施的安全巡检、漏洞扫描与渗透测试，完成系统安全加固、数据备份与安全日志分析，输出风险评估报告。 4. 协助制定,信息安全,http://www.zhaopin.com/jobdetail/CCL1230351300J40957936115.htm?refcode=4019&srccode=401901&preactionid=bc1d0adb-49ae-43dc-9e03-45dee6317606
网络安全工程师,北京蓝环雷盛科技有限公司,1.2-1.8万,北京·丰台·五里店,广州,本科,1-3年,7月24日,zhilian,职位描述 WEB安全 应用安全 安全架构设计 应急响应处理 安全合规评估 工作职责 1. 负责公司网络与信息系统的安全架构设计，制定并落地安全防护策略与规范。 2. 开展日常安全巡检、漏洞扫描与渗透测试，及时发现并修复系统安全隐患。 3. 跟踪网络安全威胁态势，制定应急响应预案，处理各类安全事件并进行事后复盘。 4. 推动安全意识培训与技术赋能，提升团队整体安全防护能力。 任职要求 1. 本科及以上学历，计算机、网络安全等相关专业，基础扎实。 2. 掌握防火墙、入侵检测/防御系统（IDS/IPS）、VPN等安全设备的配置与运维。 3. 熟悉常见网络攻击手段与防护技术，具备漏洞挖掘、渗透测试或应急响应经验。 4. 了解安全合规标准（如等保2.0），能独立完成安全合规评估与整改。 工作地点 北京丰台区福顺里小区-2号楼1层 以担保或任何理由索要财物，扣押证照，均涉嫌违法。一经发现， 立即举报,"WEB安全,应用安全,安全架构设计,应急响应处理,安全合规评估",http://www.zhaopin.com/jobdetail/CCL1526609410J40866686401.htm?refcode=4019&srccode=401901&preactionid=bc1d0adb-49ae-43dc-9e03-45dee6317606
网络安全工程师（可无经验）,湖北新蜕智能科技有限公司,8000-12000元,广州·黄埔·联和,广州,大专,经验不限,7月25日,zhilian,职位描述 无 男女不限，针对大学应届毕业生、IT 相关岗位转型的人员、有志于从事网络安全职业的退役军人、计划提升专项能力的在职人员四大群体 工作地点 黄埔区万达广场(广州萝岗店) 以担保或任何理由索要财物，扣押证照，均涉嫌违法。一经发现， 立即举报,无,http://www.zhaopin.com/jobdetail/CCL1524995480J40911730403.htm?refcode=4019&srccode=401901&preactionid=bc1d0adb-49ae-43dc-9e03-45dee6317606
网络安全员,安徽小帆网络信息技术有限公司,8000-12000元·13薪,杭州·滨江·西兴,广州,大专,1-3年,7月24日,zhilian,职位描述 WEB安全 网站安全 安全防护体系搭建 漏洞扫描与渗透测试 安全应急响应 工作职责 1. 负责公司网络系统的安全防护体系搭建与日常运维，保障网络环境的稳定性与数据安全。 2. 定期开展网络安全漏洞扫描与渗透测试，及时发现并修复潜在安全风险。 3. 制定并执行网络安全应急预案，快速响应并处置各类网络安全事件。 4. 跟踪网络安全领域的最新威胁与技术趋势，优化安全防护策略。 任职要求 1. 大专及以上学历，计算机、网络安全等相关专业，基础扎实。 2. 熟悉网络安全防护技术，掌握防火墙、入侵检测系统（IDS）、漏洞扫描工具的配置与使用。 3. 具备网络安全事件应急响应经验，能独立分析并处置常见安全威胁。 4. 了解信息安全相关法律法规，具备良好的安全意识与风险防控思维。 工作地点 星耀城·二期浙江/杭州/滨江区 星耀城·二期23层 以担保或任何理由索要财物，扣押证照，均涉嫌违法。一经发现， 立即举报,"WEB安全,网站安全,安全防护体系搭建,漏洞扫描与渗透测试,安全应急响应",http://www.zhaopin.com/jobdetail/CCL1510209320J40859009501.htm?refcode=4019&srccode=401901&preactionid=bc1d0adb-49ae-43dc-9e03-45dee6317606
网络安全测试实习生,北京尚行德智软件技术有限公司,150-200元/天,北京·昌平,广州,大专,经验不限,4月14日,zhilian,职位描述 可转正 实习证明 信息安全 计算机软件 岗位要求： 性别不限， 计算机相关专业，系统学习软件开发课程 、测试部分课程及网安测试， 了解网络安全及信息安全等 。对网络安全工作有兴趣。 工作内容： 1 、熟悉漏洞原理 、攻击 、 防御方法， 有渗透 测试经验的优先； 2 、熟悉大型组网拓扑， 对系统进行安 全检测 、 系统加固； 3 、热爱网络安全 、好学 、抗压能力 强， 对技术有追求， 长期稳定 。 4 、 能接受严格的涉密工 作要求 。有二周岗前技术辅导。 补充： 1、实习地点：北京； 2、实习综合薪资（包含住宿补贴和餐费补贴）：专科3-3.5k，本科3.5-4k； 3、工作时间：全职实习（周一至周五）早9-晚6，周末双休； 4、公司不提供宿舍，餐饮有员工食堂（充值就餐），补助已包含在实习综合薪资里； 5、可协助院校签订实习协议； 6. 实习期要求满6个月以上，实习期满考核合格，可毕业后留单位工作。 7、长期稳定者，优先需求。 工作地点 北京市-昌平区-豆各庄11号 以担保或任何理由索要财物，扣押证照，均涉嫌违法。一经发现， 立即举报,"可转正,实习证明,信息安全",http://www.zhaopin.com/jobdetail/CC833618440J40947176602.htm?refcode=4019&srccode=401901&preactionid=bc1d0adb-49ae-43dc-9e03-45dee6317606
网络信息安全工程师,黑龙江谦格科技有限公司,1.1-1.5万·13薪,哈尔滨·南岗·芦家,广州,中专/中技,1-3年,7月26日,zhilian,职位描述 WEB安全 应用安全 安全架构设计 应急响应处置 安全合规评估 工作职责： 1. 负责公司网络与信息系统的安全架构设计，建立覆盖终端、网络、应用的全链路防护体系。 2. 开展渗透测试与漏洞扫描，主动发现系统安全隐患并推动修复，降低安全风险。 3. 监控安全事件并主导应急响应，快速处置病毒、勒索、数据泄露等安全威胁。 4. 制定安全管理制度与操作规范，定期开展员工安全意识培训与技术赋能。 任职要求： 1. 计算机、网络安全相关专业，信息安全领域工作经验。 2. 精通防火墙、入侵检测/防御系统（IDS/IPS）、WAF等安全设备的配置与运维。 3. 掌握渗透测试技术与工具（如Metasploit、Nmap），具备漏洞挖掘与漏洞修复经验。 4. 熟悉等保2.0、ISO27001等安全标准，能独立完成安全合规性评估与整改。 5. 具备较强的问题分析能力与应急处置能力，能快速响应并解决突发安全事件。 工作地点 哈尔滨南岗区中融国际大厦 以担保或任何理由索要财物，扣押证照，均涉嫌违法。一经发现， 立即举报,"WEB安全,应用安全,安全架构设计,应急响应处置,安全合规评估",http://www.zhaopin.com/jobdetail/CCL1524158930J40877832314.htm?refcode=4019&srccode=401901&preactionid=46c26305-b392-4394-8d22-885c83546d81
初级网络安全运维工程师，双休,宏源豪实业(深圳)有限公司,9000-12000元·13薪,长沙·岳麓·麓谷,广州,本科,1-3年,7月24日,zhilian,职位描述 统招本科生 岗位内容： 1. 设计和实施安全策略、标准和规程。 2. 漏洞扫描和渗透测试，评估系统安全性。 3. 分析日志数据以监控网络流量和检测异常活动。 4. 管理安全设备如防火墙、入侵检测/预防系统等。 5. 协调应急响应计划和事件响应。 任职要求： 本科及以上学历 1. 有很强的系统安全知识和技能，熟练使用安全工具和技术。 2. 认真负责，具备团队合作精神，良好的沟通能力。 周末双休 公司福利： 提供食宿，带薪年假，假节日福利，五险一金，餐补房补交通补贴，年底双薪，项目奖金 奖金绩效 项目奖金，餐补房补交通补贴，年底双薪 工作地点 长沙岳麓区麓谷信息港 以担保或任何理由索要财物，扣押证照，均涉嫌违法。一经发现， 立即举报,统招本科生,http://www.zhaopin.com/jobdetail/CC832070960J40719623406.htm?refcode=4019&srccode=401901&preactionid=46c26305-b392-4394-8d22-885c83546d81
网络安全驻场技术工程师,安恒信息,150-200元/天,济南·历城·彩石,广州,学历不限,经验不限,7月16日,zhilian,职位描述 实习证明 数据安全 安恒 WEB安全 Python 信息安全 技能要求： - 熟悉计算机网络基础，掌握TCP/IP协议、路由与交换技术、网络分层架构等核心知识，能看懂网络拓扑图。 - 熟悉网络安全基础概念，了解常见网络攻击原理（如SQL注入、XSS、CSRF、端口扫描等）及防御方法。 - 了解渗透测试基本流程和工具（如Nmap、Burp Suite、Metasploit等），有简单渗透测试实践经验者优先。 - 了解常见安全设备（防火墙、IDS/IPS、WAF等）的基本功能和巡检要点，能协助完成基础巡检操作。 - 具备基本的文档撰写能力，能清晰、规范地记录工作内容和测试结果。 素质要求： - 对网络安全领域有浓厚兴趣，学习能力强，能快速接受新知识、新技能。 - 工作认真负责、细致严谨，具备良好的问题排查能力和沟通协调能力。 - 遵守网络安全法律法规，恪守职业道德，不利用技术从事违规违法活动。 27届实习生 工作地点 济南市-历城区-超算中心科技园2号楼 以担保或任何理由索要财物，扣押证照，均涉嫌违法。一经发现， 立即举报,"数据安全,安恒,WEB安全,Python",http://www.zhaopin.com/jobdetail/CC209879310J40755188107.htm?refcode=4019&srccode=401901&preactionid=46c26305-b392-4394-8d22-885c83546d81
网络信息安全工程师,山东彩虹温泉有限公司,1.2-1.6万·13薪,潍坊·诸城·昌城,广州,中专/中技,1-3年,7月26日,zhilian,职位描述 WEB安全 应用安全 工作职责 1. 负责公司餐饮业务系统（含支付、会员、供应链模块）的全生命周期安全管理，从需求阶段介入安全方案设计。 2. 建立并运营网络安全监控体系，实时追踪异常流量与系统漏洞，主导安全事件的应急响应与溯源分析。 3. 针对餐饮行业特性，定期开展支付环节渗透测试与数据脱敏演练，输出可落地的风险整改清单。 4. 制定并推行员工安全操作规范，重点覆盖POS机使用、客户信息存储等场景的安全培训。 任职要求 1. 本计算机或网络安全相关专业，企业级信息安全实战经验。 2. 精通防火墙、WAF、数据防泄漏（DLP）等安全工具的部署与优化，熟悉餐饮行业系统架构特点。 3. 具备独立开展漏洞扫描、渗透测试的能力，能熟练使用Burp Suite、Nmap等工具。 4. 了解等保2.0标准，有支付领域数据安全合规经验者优先。 工作地点 潍坊诸城市得利斯服务中心 以担保或任何理由索要财物，扣押证照，均涉嫌违法。一经发现， 立即举报,"WEB安全,应用安全",http://www.zhaopin.com/jobdetail/CCL1459059610J40911862803.htm?refcode=4019&srccode=401901&preactionid=46c26305-b392-4394-8d22-885c83546d81
网络运维,深圳金富东实业有限公司,8000-12000元,深圳·罗湖·南湖,广州,本科,1-3年,7月23日,zhilian,职位描述 网络故障解决 1. 维护公司网络稳定，解决网络故障； 2. 配置和管理网络设备，保障网络安全； 3. 优化网络性能，提升用户体验； 4. 制定和执行网络安全策略； 5. 与其他部门合作，完成网络相关项目。 具备网络知识和运维经验，欢迎加入！ 工作地点 深圳市-罗湖区-建设路2020号 以担保或任何理由索要财物，扣押证照，均涉嫌违法。一经发现， 立即举报,网络故障解决,http://www.zhaopin.com/jobdetail/CCL1506998870J40761254206.htm?refcode=4019&srccode=401901&preactionid=46c26305-b392-4394-8d22-885c83546d81
网络安全检测人员,山西中创慧安信息技术有限公司,4000-5000元,太原·小店·龙城,广州,大专,1-3年,7月24日,zhilian,职位描述 网络安全 网络管理 网络运维 信息安全 通信/网络设备 熟悉防火墙、入侵检测 / 防御（IDS/IPS）、堡垒机、上网行为管理等主流安全设备基础功能，能够查看设备运行状态、在线会话、告警日志。 具备基础告警识别能力，可区分端口扫描、异常外联、暴力破解、违规访问等常见安全告警，初步判断告警真伪。 掌握基础网络知识，理解 IP、端口、路由、访问策略，能够结合网络拓扑定位安全告警对应的终端与业务链路。 能够按照规范完成安全设备日常巡检、告警台账记录、监测数据汇总，及时上报高危安全事件。 严格遵守信息安全管理制度，不随意修改安全设备配置，遇到无法判定的异常流量与告警，及时移交运维或安全专员处置 工作地点 太原小店区巨鑫国际 以担保或任何理由索要财物，扣押证照，均涉嫌违法。一经发现， 立即举报,"网络安全,网络管理,网络运维",http://www.zhaopin.com/jobdetail/CC632403780J40909356303.htm?refcode=4019&srccode=401901&preactionid=46c26305-b392-4394-8d22-885c83546d81
网络安全工程师,快页信息技术有限公司,300-400元,南京·栖霞·龙潭,广州,学历不限,1-3年,7月24日,zhilian,职位描述 网站安全 主机安全 信息安全 驻场 攻防蓝方 合同期2个月左右 7*24小时两班倒班 持有安全认证、工龄 1 年以上，熟悉网络 / 系统 / 数据库，可独立处置告警攻击 工作地点 南京栖霞区电厂路 以担保或任何理由索要财物，扣押证照，均涉嫌违法。一经发现， 立即举报,"网站安全,主机安全",http://www.zhaopin.com/jobdetail/CCL1388265610J40876803609.htm?refcode=4019&srccode=401901&preactionid=46c26305-b392-4394-8d22-885c83546d81
网络安全销售（无经验可培）/月休7天,北京中域永信网络科技有限公司,9000-16000元,北京·昌平·霍营,广州,本科,经验不限,7月24日,zhilian,职位描述 企业客户 个人客户 产业互联网平台 软件/IT服务 真诚招聘，无到面KPI ，合适之后再邀约面试 【薪资待遇】：无责5500-8500（根据业绩阶梯递增）+（10%-20%通提）+周/月度各项现金红包 【工作时间】：早8:30-晚18：00，周末双休，法定节假日休息； 刚入职新人均薪8k左右，6-12月均薪8k-10k，一年及以上均薪10k+。 我们的目标是：让员工入职5年实现买车买房！！！ 我们是做什么的： 互联网行业，主要做网络安全产品。不限制企业类型和行业。公司产品简单易学，只要肯努力月薪2万～3万～5万都可以实现，特别欢迎有目标、有赚钱欲望、肯努力的您加入。 【产品优势】： （1）开发新客户，复购也有续费客户！！！ （2）产品续费率高，客户复购率高 （3）好开单，周期短，快速赚钱。 【任职要求】： 1、表达流畅，熟练操作办公软件； 2、有挣钱欲望，有销售经验可优先录用; 3、不怕拒绝，有目标感，抗压能力强。 【晋升福利】： 1、培训：5天带薪岗前培训+入组一对一师傅带教（公司成立13年有完善的培训体系） 2、晋升：一年四次晋升机会，公平公正，公开透明。 3、福利：每天下午茶，免费晚餐； 月度各项现金及礼品奖励；月度团建，季度英雄宴让您在工作之余尽享生活的美好；每年一次免费国外或国内旅游（可带家属），让您体验不一样的风土人情，不一样的文化底蕴，一起看世界；优秀员工暖巢活动、父母礼品、孝心红包等等！！！ 工作地点 北京市-昌平区-龙锦三街29号院2号楼402N2 c电梯口 四层 以担保或任何理由索要财物，扣押证照，均涉嫌违法。一经发现， 立即举报,"企业客户,个人客户",http://www.zhaopin.com/jobdetail/CCL1212023440J40866879107.htm?refcode=4019&srccode=401901&preactionid=46c26305-b392-4394-8d22-885c83546d81
网络安全售前工程师,山西云之数信息技术有限公司,5000-8000元·13薪,太原·小店·平阳路,广州,大专,经验不限,7月21日,zhilian,岗位职责： 1. 负责客户需求调研、现场技术交流、痛点分析与方案引导，配合销售完成客户拜访、技术宣讲与产品演示。 2. 根据客户业务场景及需求，独立完成解决方案设计、产品选型等。 3. 负责POC测试规划、环境搭建、测试执行与报告输出，验证产品与方案可行性，解决测试过程中的技术问题。 4. 负责招投标全流程技术支持，包括技术标书编制、应答文件撰写、偏离表制作、报价配置、讲标与现场答疑。 5. 跟踪行业趋势、政策法规及竞品动态，沉淀行业解决方案、标准化文档，为销售团队提供技术赋能与培训支持。 任职要求： 1. 计算机、网络安全、信息工程等相关专业，大专及以上学历，1年及以上网络安全售前相关工作经验。 2. 熟悉主流网络安全产品：交换、路由、防火墙、WAF、IDS/IPS、VPN、堡垒机、EDR、漏洞扫描、日志审计、态势感知、数据安全、零信任等。 3. 熟悉TCP/IP协议、网络架构、主流操作系统与中间件，具备独立方案设计与现场技术交流能力。 岗位福利： 太原市早九晚六不多见，双休也少见，但我们都有，不仅如此，还有明确的晋升平台，奖金包等你来拿 工作地点 太原小店区智创城-A座26层 以担保或任何理由索要财物，扣押证照，均涉嫌违法。一经发现， 立即举报,"奇安信,云安全,WEB安全",http://www.zhaopin.com/jobdetail/CC818547380J40816537903.htm?refcode=4019&srccode=401901&preactionid=46c26305-b392-4394-8d22-885c83546d81
网络信息安全工程师,富士胶片(中国)投资有限公司,1-1.5万·14薪,苏州·虎丘·狮山,广州,大专,3-5年,7月26日,zhilian,"职位描述 网站安全 CISSP 信息安全 软件/IT服务 工作内容： 自主发现IT基础设施环境问题点/IT安全相关问题点,并将其课题化： 1.负责全球IT基础设施环境安全强化相关的具体项目的导入和管理 2.负责公司内部的成本削减的改善及实施 3.负责中国全社信息共享的改善及实施 IT基础设施环境安全的日常维护和技术支持： 1.确保公司IT相关设备正常运行，并向员工提供IT技术支持 2.根据公司的IT管理方针实施各种业务 3.许可证管理 4.负责中国全社IT基础设施环境安全的业务支持及安全意识教育 任职资格： 1. 大专或以上学历,IT相关专业,日语N2以上（听说读写商务水平）； 2. 具备网络安全、信息安全等方面的基础知识，有关联证书多项：CCNA/ITIL/CISA /CISP/CISSP的优先； 3. 具备协助事故对应、日志分析、评估安全漏洞的实操经验或者受过相关培训； 4. 懂得安全工具的基本操作（IDS/IPS/SIEM/防火墙等）； 5. 能够理解社内的基础设施安全政策并遵守，沟通流畅。 base：上海或者苏州 上海：浦东新区平家桥路100弄6号晶耀前滩T7-6楼 苏州：蘇州新区長江路138号 工作地点 虎丘区苏州富士胶片映像机器有限公司 以担保或任何理由索要财物，扣押证照，均涉嫌违法。一经发现， 立即举报","网站安全,CISSP",http://www.zhaopin.com/jobdetail/CC000600160J40914133608.htm?refcode=4019&srccode=401901&preactionid=46c26305-b392-4394-8d22-885c83546d81
网络安全运维工程师,苏州炜锶沌科技有限公司,8000-12000元,上海·静安·彭浦新村,广州,大专,1-3年,9月24日,zhilian,岗位职责： 1. 负责现场网络设备、安全设备、服务器及网站日志审查、外部安全漏洞的跟踪、安全审核与分析； 2. 负责防火墙、防毒系统、抗DDOS、IPS、终端安全、运维审计、VPN、WAF等安全系统策略的制定、实施、优化； 3. 负责主流网络设备安全优化加固和漏洞修复； 4. 负责攻击、病毒、漏洞等安全问题的响应处理，各系统安全策略优化； 5. 负责为网络建设信息安全体系和安全架构及管理； 6.有网络安全实施经验、网络运维经验和桌面运维经验。 三、任职资格： 1. 3年以上相关工作经历，要求网络/计算机相关专业，有大型项目工作经验优先； 2. 熟练掌握路由器、交换机、防火墙、WLAN等网络设备的配置与维护，故障排除；有H3C网络安全类认证者优先考虑； 3. 有丰富的网络安全理论知识，具有风险评估、等级保护、安全体系规划、安全集成等实施经验； 4. 深入掌握主流安全产品、防病毒软件、防火墙、入侵检测、漏洞扫描、WAF等安全产品的工作原理，并能够进行配置、调测及故障排查； 5. 精通网络安全技术，包括端口、服务漏洞扫描、网站渗透、入侵和攻击分析追踪、病毒木马防范等； 6. 熟练运用多种安全漏洞扫描软件； 四、福利 1.转正后可申请单位职工宿舍。 工作地点 上海静安区共和国际商务广场B栋 以担保或任何理由索要财物，扣押证照，均涉嫌违法。一经发现， 立即举报,"应用安全,WEB安全,主机安全,Python,Shell,工业互联网",http://www.zhaopin.com/jobdetail/CCL1501981390J40828282213.htm?refcode=4019&srccode=401901&preactionid=46c26305-b392-4394-8d22-885c83546d81
网络安全运维工程师,新疆恒鑫科讯信息技术有限公司,7000-9000元,乌鲁木齐·头屯河区,广州,本科,3-5年,7月25日,zhilian,岗位职责： 1. 业务系统部署与运维 -负责公司核心业务系统的日常运维，包括服务器环境部署、应用发布、配置管理与性能调优。 -负责中间件的安装、配置、优化及故障排查。 -管理数据库及缓存服务，保障数据服务的高可用与稳定运行。 -搭建和维护监控体系，实现自动化告警与故障快速响应。 -熟练排查运维过程中出现的服务故障、系统故障、网络故障，输出故障分析报告并推动改进。 2. 容器化与微服务运维 -负责容器化环境的部署（k8s）与维护工作，编写 Dockerfile 及 docker-compose 编排文件。 -对分布式、微服务架构有一定了解，能够保障微服务环境下各服务的稳定通信与运行。、 3. 系统迁移与交付 -参与现有业务系统向新架构或云平台的迁移全过程，负责服务器环境准备、软件部署迁移、数据迁移及迁移后的稳定性验证。 -编写迁移方案与操作手册，确保迁移过程中业务连续性与数据完整性。 -迁移完成后持续跟进系统运行状态，完成性能调优与问题收敛。 4. 基础安全保障 -负责日常漏洞补丁修复、SSL/TLS证书管理等。 -配合第三方安全厂商完成漏洞扫描、渗透测试及整改修复工作。 -协助完成等保测评相关的技术整改，配合安全审计与合规检查。 5. 自动化与脚本开发 -编写 Shell/Python 脚本实现运维自动化，包括自动化部署、日志分析、健康检查、备份恢复等。 -持续优化运维流程，提升运维效率与系统稳定性。 任职要求 -熟悉自有机房建设、运营维护经验（加分项）。 -本科及以上学历，计算机科学、软件工程、网络工程等相关专业。 -3年以上软件运维或系统运维相关工作经验，有自动化运维与互联网或医疗行业背景者优先。 -熟悉 Apache/Nginx、Tomcat 等应用服务器的配置、调优与日常维护。 -熟悉 MySQL 数据库，具备一定的 SQL 编写与数据库运维能力。 -了解 Redis、MongoDB 等 NoSQL 数据库及消息队列的基本使用与维护。 -熟悉 Docker 容器技术，有面向 Docker 运维的实际项目经验。 -熟悉 Kubernetes 集群运维，有实际集群部署、维护与排障经验。 -对分布式、微服务架构有一定了解。 -掌握 Prometheus、Zabbix、Grafana 等监控工具的部署与使用，具备自动化告警配置能力。 -了解《网络安全法》《数据安全法》及等保3.0，有网络安全或数据安全相关经验者优先。 -有业务系统迁移、上云迁移或跨环境部署的实际经验，能够独立完成环境准备、软件迁移与验证。 -良好的文档编写习惯，能够输出运维方案、操作手册及故障报告。 -具备一定的跨部门沟通能力，能够承受工作压力。 -持有软考中级及以上职称、CISP、CISA 等相关证书者优先。 工作地点 乌鲁木齐头屯河区新疆软件园-E1座9楼906室 以担保或任何理由索要财物，扣押证照，均涉嫌违法。一经发现， 立即举报,"Python,Shell",http://www.zhaopin.com/jobdetail/CCL1322693730J40882603205.htm?refcode=4019&srccode=401901&preactionid=4d27ec57-86d5-4ccf-8c28-d4d582941296
数据安全工程师,中世国信(北京)信息技术有限公司,8000-9000元,深圳·福田·沙头,广州,大专,1-3年,7月24日,zhilian,职位描述 数据安全 CISP 等保测评师 信息安全 1. 梳理数据资产，维护安全台账，开展等保自查、风险排查，跟踪隐患整改闭环 ​ 2. 审计账号权限、核查日志、分析异常访问，管控敏感数据流转，落实数据安全合规 ​ 3. 统筹系统定级备案，整理安全检查资料，编制审计报告、值守记录等各类材料 工作地点 深圳市-福田区-滨河大道9023号国通大厦10楼 以担保或任何理由索要财物，扣押证照，均涉嫌违法。一经发现， 立即举报,"数据安全,CISP,等保测评师",http://www.zhaopin.com/jobdetail/CCL1219652640J41018165604.htm?refcode=4019&srccode=401901&preactionid=4d27ec57-86d5-4ccf-8c28-d4d582941296
网络安全工程师（可无经验）,湖北新蜕智能科技有限公司,8000-12000元,成都·锦江·锦官驿,广州,大专,经验不限,7月25日,zhilian,职位描述 无 男女不限，针对大学应届毕业生、IT 相关岗位转型的人员、有志于从事网络安全职业的退役军人、计划提升专项能力的在职人员四大群体 工作地点 锦江区成都太古里 以担保或任何理由索要财物，扣押证照，均涉嫌违法。一经发现， 立即举报,无,http://www.zhaopin.com/jobdetail/CCL1524995480J40911730503.htm?refcode=4019&srccode=401901&preactionid=4d27ec57-86d5-4ccf-8c28-d4d582941296
网络信息安全工程师,杭州一念万相科技有限公司,1.3-1.5万·13薪,杭州·西湖·南苑,广州,学历不限,经验不限,7月15日,zhilian,职位描述 WEB安全 网站安全 Java CISSP 嘿，朋友！我们正在寻找一位充满激情的网络信息安全工程师，和我们一起守护公司的网络世界！ 你的冒险任务将包括： - 与团队一起制定和实施酷炫的安全策略； - 使用你的“魔法”工具定期扫描系统漏洞； - 当“恶龙”来袭时，勇敢地抵挡并消灭它们； - 带领你的“村民”（员工）提高网络安全意识。 如果你满足以下条件，就赶快拿起你的“宝剑”加入我们吧！ - 计算机、网络或相关专业的“魔法师”学位； - 有3年以上的“冒险”经验； - 精通各种“魔法”工具和技巧； - 擅长与其他“冒险家”沟通和合作； - 有网络安全“战利品”（证书）者优先。 工作地点 西湖区浙江省杭州市余杭区南苑街道南苑街103号B-栋-2-1056 以担保或任何理由索要财物，扣押证照，均涉嫌违法。一经发现， 立即举报,"WEB安全,网站安全,Java,CISSP",http://www.zhaopin.com/jobdetail/CCL1513598290J40858673014.htm?refcode=4019&srccode=401901&preactionid=4d27ec57-86d5-4ccf-8c28-d4d582941296
网络安全工程师（24、25届毕业生）,北京芯青科技有限公司,5000-8000元,北京·通州·中仓,广州,本科,经验不限,12月17日,zhilian,岗位职责： (1) 在导师指导下，接触并参与公司内部网络与系统的基础安全监控、巡检和日志分析； (2) 协助进行漏洞扫描、渗透测试及安全评估报告的基础整理工作； (3) 学习并参与安全事件的初步分析、响应与处置流程，跟进基础安全工单； 岗位要求： (4) 计算机、网络安全、信息安全、通信工程等相关理工科本科及以上学历； (5) 欢迎24届、25届应届毕业生及可全职实习的同学 (6) 思维逻辑清晰，对网络安全技术有浓厚兴趣，踏实肯学，有志于在安全领域实现职业理想； (7) 具备良好的抗压能力和钻研精神，意愿在网络安全行业长期深耕。 工作地点 北京通州区通州富力中心-B02座 以担保或任何理由索要财物，扣押证照，均涉嫌违法。一经发现， 立即举报,网站安全,http://www.zhaopin.com/jobdetail/CCL1514529480J40814865701.htm?refcode=4019&srccode=401901&preactionid=4d27ec57-86d5-4ccf-8c28-d4d582941296
初级网络安全运维工程师，双休,宏源豪实业(深圳)有限公司,9000-12000元·13薪,深圳·福田·沙头,广州,本科,1-3年,7月25日,zhilian,职位描述 主机安全 网络安全运维 安全事件处置 安全设备维护 工作职责 1. 负责公司网络与服务器的日常安全监控，及时发现并处置异常流量、漏洞告警等安全事件。 2. 执行服务器、网络设备的安全配置与加固，定期更新补丁与病毒库，保障系统安全基线达标。 3. 协助完成安全日志的收集、分析与归档，参与安全事件的应急响应与问题排查。 4. 维护防火墙、入侵检测等安全设备，确保其稳定运行并按策略有效拦截威胁。 任职要求 1. 本科及以上学历。 2. 了解TCP/IP协议、常见网络设备（交换机、路由器）及操作系统（Windows/Linux）的基础安全配置。 3. 了解防火墙、IDS/IPS等安全产品的基本原理，能独立完成日常运维操作。 4. 具备基础的安全漏洞识别能力，了解常见攻击手段与防护方法。 5. 工作细致严谨，具备良好的问题分析与沟通协作能力。 1. 工作制度：双休 2. 薪酬福利：提供食宿、带薪年假、节假日福利、五险一金、餐补房补交通补贴、年底双薪、项目奖金 奖金绩效 项目奖金，餐补房补交通补贴，年底双薪 工作地点 深圳福田区金润大厦4B 以担保或任何理由索要财物，扣押证照，均涉嫌违法。一经发现， 立即举报,"主机安全,网络安全运维,安全事件处置,安全设备维护",http://www.zhaopin.com/jobdetail/CC832070960J40782405106.htm?refcode=4019&srccode=401901&preactionid=4d27ec57-86d5-4ccf-8c28-d4d582941296
信息安全事务初级助理,外企德科数字技术有限公司,8000-9000元,东莞·大朗镇,广州,大专,1-3年,7月26日,zhilian,"岗位职责： 遵循热线人员操作指导，按照培训内容对客户的问题及投诉做出第一反应，能独立解决大部分信息安全问题及投诉（具体内容如下） 1. 通过电话、在线聊天、邮件等方式，为来自全球的客户提供专业、高效、友好的英文客服支持； 2. 处理客户关于公司政策、产品使用等各类咨询与诉求； 3. 能够清晰、准确、有礼貌地用英语与客户进行自然流畅的口语沟通； 4. 快速理解政策文件、产品说明等信息，确保服务准确无误； 5. 详细记录客户服务过程，并将服务信息上传至工单系统。 岗位要求： 工作语言要求 1. 大专或本科学历，计算机、外语相关专业优先； 2. 能用英语进行自然、清晰、有逻辑的电话沟通； 3. 能独立撰写语法正确、用词得体、表达清晰的英文邮件、服务工单等书面材料； 4. 能准确地阅读和理解英文文档、内部知识库等内容。 5. 英语能力通过以下四项专业认证中的一项： a) 托业：听力与阅读≥600分且口语≥110分 b) 雅思：总分≥5分且口语单项≥5分 c) 托福：总分≥70分且口语单项≥18分 d) 专业英语四级（TEM-4）≥60分"" 能力要求 遇到员工的问题，能主动寻找解决方案，与员工沟通解决 学历要求：大学专科以及以上学历。 工作地点 东莞华为溪流背坡村F区1111 以担保或任何理由索要财物，扣押证照，均涉嫌违法。一经发现， 立即举报 客户","信息安全,翻译",http://www.zhaopin.com/jobdetail/CCL1480117890J40881350205.htm?refcode=4019&srccode=401901&preactionid=4d27ec57-86d5-4ccf-8c28-d4d582941296
网络安全工程师,江苏微技科技有限公司,9000-10000元,苏州·工业园区,广州,本科,1-3年,7月23日,zhilian,职位描述 WEB安全 应用安全 CISSP CISP 漏洞扫描与渗透测试 应急响应 工作职责： 1. 参与制定并落地公司网络安全策略与技术规范，构建多维度安全防护体系。 2. 定期执行系统漏洞扫描与渗透测试，输出风险评估报告并推动修复闭环。 3. 负责网络安全事件的应急响应与处置，快速定位并消除安全威胁。 4. 策划并组织员工安全意识培训，提升全员网络安全防护能力。 任职要求： 1. 计算机、网络工程或信息安全相关专业本科及以上学历。 2. 网络安全领域工作经验，熟悉主流安全工具（如漏洞扫描器、防火墙、IDS/IPS等）的原理与操作。 3. 拥有良好的团队协作能力与沟通表达能力，能高效协同跨部门推进安全工作。 4. 持有CISSP、CISP、CEH等网络安全相关证书者优先。 工作地点 苏州工业园区星湖街 以担保或任何理由索要财物，扣押证照，均涉嫌违法。一经发现， 立即举报,"WEB安全,应用安全,CISSP,CISP,漏洞扫描与渗透测试,应急响应",http://www.zhaopin.com/jobdetail/CCL1518458130J40854907610.htm?refcode=4019&srccode=401901&preactionid=88dab285-26ef-468a-b5ab-f0a6f79bf2ae
等保测评网络安全工程师,福建智联瑞信科技有限公司,7000-14000元,福州·马尾·马尾,广州,本科,3-5年,7月25日,zhilian,职位描述 网站安全 密码安全 WEB安全 CISP 等保测评师 CISA 等级保护 信息安全 软件/IT服务 1. 全网安全态势监控、日志分析、风险预警，运维防火墙、WAF、态势感知等安全设备； 2. 内外网渗透测试、漏洞扫描整改、服务器与终端安全加固； 3. 网络安全突发事件应急处置、攻击溯源及复盘； 4. 落实等保、数据安全相关合规工作，编写安全制度； 5. 开展安全培训，组织攻防演练，更新防护策略。 6. 熟悉TCP/IP、常见Web漏洞，熟练使用渗透、扫描工具； 7. 会Windows/Linux运维，掌握Python等至少一种脚本语言； 8. 熟悉等保2.0、数据安全法规，能独立处理安全应急事件； 9. 持有CISP、HCIP安全等证书优先 工作地点 福州马尾区福建智联瑞信科技有限公司 以担保或任何理由索要财物，扣押证照，均涉嫌违法。一经发现， 立即举报,"网站安全,密码安全,WEB安全,CISP,等保测评师,CISA",http://www.zhaopin.com/jobdetail/CCL1253675830J40859267311.htm?refcode=4019&srccode=401901&preactionid=88dab285-26ef-468a-b5ab-f0a6f79bf2ae
网络安全工程师,西安幸运湖商业运营管理有限公司,1.1-1.4万·15薪,西安·碑林·长安路,广州,中专/中技,1-3年,7月26日,zhilian,职位描述 WEB安全 Python Java 渗透测试 等保合规落地 电商安全场景经验 工作职责 1. 负责公司电商平台的网络安全体系搭建与优化，覆盖Web安全、数据安全、服务器安全等全链路防护。 2. 开展渗透测试与漏洞挖掘，及时修复系统安全隐患，保障业务连续性与用户信息安全。 3. 监控网络安全态势，分析攻击行为并制定应急响应预案，快速处置安全事件。 4. 对接行业合规要求（如等保、数据安全法），推动安全制度落地与员工安全意识培训。 任职要求 1. 计算机、网络安全相关专业，网络安全实战经验。 2. 精通防火墙、WAF、IDS/IPS等安全设备配置，熟悉OWASP Top 10、渗透测试流程与工具（如Burp Suite、Nmap）。 3. 具备代码审计能力，熟悉至少一种编程语言（如Python、Java），能独立分析安全漏洞原理。 4. 了解电商行业安全场景，有支付安全、用户隐私保护相关项目经验者优先。 工作地点 西安碑林区中贸广场写字楼 以担保或任何理由索要财物，扣押证照，均涉嫌违法。一经发现， 立即举报,"WEB安全,Python,Java,渗透测试,等保合规落地,电商安全场景经验",http://www.zhaopin.com/jobdetail/CCL1320188830J40923826412.htm?refcode=4019&srccode=401901&preactionid=88dab285-26ef-468a-b5ab-f0a6f79bf2ae
网络信息安全工程师,青岛富喜多生物科技有限公司,1.1-1.6万·15薪,青岛·崂山·中韩,广州,中专/中技,1-3年,7月25日,zhilian,职位描述 CISP CISSP 安全架构设计 应急响应机制建设 安全合规管理 工作职责 1. 负责公司内部网络、服务器及业务系统的安全架构设计与实施，保障数据传输与存储安全。 2. 定期开展网络安全漏洞扫描与渗透测试，主动发现并修复系统潜在风险。 3. 建立并优化安全事件应急响应机制，处理网络攻击、数据泄露等突发事件。 4. 制定信息安全管理制度与操作规范，组织员工安全意识培训与考核。 5. 跟踪行业安全动态与法规要求（如数据安全法），确保,"CISP,CISSP,安全架构设计,应急响应机制建设,安全合规管理",http://www.zhaopin.com/jobdetail/CCL1526780590J40923759712.htm?refcode=4019&srccode=401901&preactionid=88dab285-26ef-468a-b5ab-f0a6f79bf2ae
网络安全技术,四川信达中创科技发展有限公司,4000-8000元,泸州·江阳区·华阳街道,广州,大专,1-3年,7月24日,zhilian,"职位描述 WEB安全 网站安全 网络安全 信息安全 通信/网络设备 一、岗位工资： 平均工资4k-18k,根据个人能力定薪。 二、招聘条件: 1.大学专科及以上学历，两年以上实际从事网络安全工作经验; 2.熟悉编程语言 ( Java，Python/PHP)、熟悉web前端和后端交互流程、安全工具 ( 如漏洞监测、网络漏洞扫描、端口扫描、手动分析包、密码破解其中一种或多种等 )。 3.熟悉相关漏洞原理及防范措施；熟悉PTES渗透测试流程并输出报告；熟悉内网渗透思路及免杀方法。 4.工作积极主动、善于思考、主动学习，具有主动的团队合作精神。愿意服从公司管理和工作安排，能够接受加班任务。 5.认同公司踏实做人、用心做事的行为准则；诚实守信、立行速达的价值观。 6.为人正值、品行优良、诚实守信、责任心强；与人沟通思路清晰、表达准确。 7.五官端正、身体健康、体检合格，个人无不良嗜好，无治安处罚及犯罪纪录。 8.四川泸州人或长期定居四川泸州者优先，特别优秀者可放宽条件（如CTF竞赛获奖者）。 ★工作地点：四川省泸州市江阳区 ★收入待遇：①底薪+②五险一金+③每周双休+④国家节假日全假+⑤重大节假日福利+⑥项目提成+⑦目标奖+⑧年终奖 工作地点 泸州市-江阳区-康城路一段华润万象汇7号楼 以担保或任何理由索要财物，扣押证照，均涉嫌违法。一经发现， 立即举报","WEB安全,网站安全,网络安全",http://www.zhaopin.com/jobdetail/CCL1248032730J40747348416.htm?refcode=4019&srccode=401901&preactionid=88dab285-26ef-468a-b5ab-f0a6f79bf2ae
网络安全工程师,重庆铭珏筑网络科技有限公司,1.1-1.6万,重庆·九龙坡·二郎,广州,本科,3-5年,7月24日,zhilian,职位描述 WEB安全 应用安全 安全架构设计 渗透测试 应急响应 工作职责 1. 负责公司网络与信息系统的安全架构设计，搭建防火墙、入侵检测/防御等核心安全防护体系。 2. 开展常态化漏洞扫描与渗透测试，及时发现并修复系统安全隐患，输出专业安全评估报告。 3. 制定安全事件应急响应预案，主导安全事件的分析、处置与溯源工作，降低安全风险。 4. 跟踪网络安全领域前沿技术与威胁情报，推动安全策略与技术防护手段的持续优化。 任职要求 1. 本科及以上学历，计算机、网络安全等相关专业，基础扎实。 2. 具备3年以上网络安全领域工作经验，精通防火墙、WAF、IDS/IPS等安全设备的配置与运维。 3. 掌握渗透测试技术与工具（如Metasploit、Nmap），熟悉OWASP Top 10等常见安全漏洞原理及防护方法。 4. 了解等保2.0、ISO27001等安全合规标准，具备安全合规体系建设或审计经验者优先。 5. 具备较强的问题分析能力与应急响应能力，能独立处理突发安全事件。 工作地点 重庆九龙坡区百可大楼3楼 以担保或任何理由索要财物，扣押证照，均涉嫌违法。一经发现， 立即举报,"WEB安全,应用安全,安全架构设计,渗透测试,应急响应",http://www.zhaopin.com/jobdetail/CCL1526585280J40876676709.htm?refcode=4019&srccode=401901&preactionid=88dab285-26ef-468a-b5ab-f0a6f79bf2ae
网络安全工程师助理,郑州星诺信息技术有限公司,5000-8000元,郑州·金水·经八路,广州,大专,经验不限,7月26日,zhilian,岗位职责： 1、主要负责公司的信息安全和网络安全工作。 2、负责信息机房、网络设备、服务器及计算机相关设备安装和日常运维工作 3、协助负责计算机软硬的安装维护、数据备份、计算机病毒防治、打印设备维护等技术工作。 4、协助对信息系统操作及使用人员，根据计划完成相关培训工作。 5、完成上级领导交办的其他工作任务。 岗位要求： 1、计算机等相关专业。 2、IT集成商网络运维实施工作经验，精通华为网络设备或专业防火墙配置及运维管理，精通各种服务器的安装。 3、具有网络相关证书优先。 工作地点 郑州金水区上都国际-A座 以担保或任何理由索要财物，扣押证照，均涉嫌违法。一经发现， 立即举报,信息安全,http://www.zhaopin.com/jobdetail/CCL1512548710J40979054404.htm?refcode=4019&srccode=401901&preactionid=88dab285-26ef-468a-b5ab-f0a6f79bf2ae
网络安全工程师（可无经验）,湖北新蜕智能科技有限公司,8000-12000元,洛阳·西工·唐宫路,广州,大专,经验不限,7月25日,zhilian,职位描述 无 男女不限，针对大学应届毕业生、IT 相关岗位转型的人员、有志于从事网络安全职业的退役军人、计划提升专项能力的在职人员四大群体 工作地点 洛阳西工区万达广场(中州店) 以担保或任何理由索要财物，扣押证照，均涉嫌违法。一经发现， 立即举报,无,http://www.zhaopin.com/jobdetail/CCL1524995480J40911733203.htm?refcode=4019&srccode=401901&preactionid=88dab285-26ef-468a-b5ab-f0a6f79bf2ae
网络安全工程师,快页信息技术有限公司,200-300元/天,常州·金坛·西城,广州,学历不限,1-3年,7月24日,zhilian,职位描述 主机安全 信息安全 驻场 攻防蓝方 合同2个月左右 会防火墙 / IDS 操作、有攻击处置经验； 工作地点 常州金坛区金湖路 以担保或任何理由索要财物，扣押证照，均涉嫌违法。一经发现， 立即举报,主机安全,http://www.zhaopin.com/jobdetail/CCL1388265610J40876803509.htm?refcode=4019&srccode=401901&preactionid=88dab285-26ef-468a-b5ab-f0a6f79bf2ae
网络信息安全工程师,湖南省中医药科技发展有限责任公司,3000-4000元,长沙·岳麓·银盆岭,广州,本科,3-5年,7月21日,zhilian,职位描述 CISSP CISP 等保测评师 等保合规实施 安全架构设计 应急响应处理 工作职责 1. 负责公司信息系统的安全架构设计与实施，建立覆盖研发、生产、运营全链路的安全防护体系。 2. 主导网络安全等保测评工作，确保系统满足国家及行业合规要求，输出合规性报告。 3. 开展漏洞扫描、渗透测试及安全基线检查，及时发现并修复系统安全隐患。 4. 制定安全应急响应预案，处理网络攻击、数据泄露等安全事件，降低业务风险。 5. 组织内部安全培训，提升全员信息安全意识与操作规范。 6、负责公司网络平台建立，小程序建设等 任职要求 1. 本科及以上学历，计算机、信息安全等相关专业，3年以上信息安全工作经验。 2. 熟悉网络安全技术栈，掌握防火墙、入侵检测/防御系统、数据加密等安全产品的配置与管理。 3. 具备等保2.0合规实施经验，了解医药行业数据安全相关法规（如《数据安全法》《个人信息保护法》）。 4. 掌握渗透测试、漏洞挖掘技术，能独立完成安全评估报告。 5. 拥有CISSP、CISP、等保测评师等相关认证者优先。 工作地点 长沙岳麓区湖南省中医药研究院中药研究所 以担保或任何理由索要财物，扣押证照，均涉嫌违法。一经发现， 立即举报 公司信息 湖南省中医药科技发展有限责任公司 未融资 · 20人以下 · 生物/制药 已审核 1 个在招职位 工商信息 企业名称 湖南省中医药科技发展有限责任公司 企业类型 有限责任公司（非自然人投资或控股的法人独资） 法人代表 黄建华 经营状态 存续 成立时间 1992-10-24 注册资本 200万元 查看全部信息 认证资质 营业执照信息,"CISSP,CISP,等保测评师,等保合规实施,安全架构设计,应急响应处理",http://www.zhaopin.com/jobdetail/CCL1524146440J40981255702.htm?refcode=4019&srccode=401901&preactionid=88dab285-26ef-468a-b5ab-f0a6f79bf2ae
安全运维工程师（内蒙古乌海）,北京天融信网络安全技术有限公司,4000-7000元·13薪,乌海·海勃湾区·滨河街道,广州,大专,1-3年,7月24日,zhilian,岗位职责： 漏洞扫描 定期对网络中资产进行漏洞扫描、 并提供加固的建议方案 基线核查 安全基线核查，对整体的网络安全进行安全基线核查，包括主机安全、应用安全、网络安全、数据安全等进行安全基线核查 态势监控 基于大数据及态势感知平台，对网络中的攻击事件进行实时监控，并且对高、中危安全事件进行告警。告警分析研判工作内容:基于告警信息，通过网络报文分析，对攻击成功性进行跟踪判断。 应急响应 在安全事件发生后，根据事件不同的严重程度而及时的采取相应的安全措施，从而把风险降为最低的过程;系统在需要进行现场支持时进行现场应急服务，处理具有严重破坏性质的事件的响应 日志审计 主要对系统日志、业务日志、数据库日志进行分析检查，发现其潜在的风险点 安全设备巡检 定期对现有安全设备进行巡检，巡检内容包含内存、CPU温度、风扇 、电源、策略有效性、日志有效性等内容。 任职要求： 1、大学专科以上学历，具有2年以上网络安全技术方面工作经验，有驻场项目相关经验优先。 2、熟悉安全事件的应急响应流程，能够对各类安全事件进行跟踪、分析和处置； 3、熟练运用各类漏洞扫描工具，能够对扫描结果进行准确分析和解读。 4、熟悉主流安全设备，如防火墙、waf、入防御等。能够独立完成设备配置及应急处置。 5、具备较强的学习能力和好奇心，能够紧跟网络安全领域的技术发展趋势，不断学习和掌握新的安全技术和工具。 6、工作认真负责，严谨细致，具备良好的问题分析和解决能力，能够在复杂的环境中快速定位和解决安全问题。 7、具备良好的团队协作精神，能够与团队成员密切配合，共同完成安全项目和任务。 工作地点 海勃湾区乌海市人民政府 以担保或任何理由索要财物，扣押证照，均涉嫌违法。一经发现， 立即举报,信息安全,http://www.zhaopin.com/jobdetail/CC380206280J40840450514.htm?refcode=4019&srccode=401901&preactionid=88dab285-26ef-468a-b5ab-f0a6f79bf2ae
网络安全工程师,上海诺康信息科技有限公司,8000-15000元,上海·闵行·梅陇,广州,本科,3-5年,7月23日,zhilian,职位描述 信息系统集成 网络安全 华为认证 思科认证 网络规划设计 CCIE HCIE CISP认证证书 深信服PT1 项目实施经验 通信/网络设备 信息安全 工作内容： 1、协助销售完成项目的推进，包括产品选型、售前技术交流、测试、解决方案、预算造价及投标方案的撰写； 2、能够组织并实施信安全及云计算相关项目的现场管理、安装、调试，并能够编制项目全套验收文件并协助销售及客户完成验收工作； 3、接受公司派遣工作，保障派驻项目/客户现场的信息系统，维护公司与派驻单位的合作关系，定期向公司总部汇报派驻现场工作进展、风险问题及需求，实现前后端工作协同高效。 4、定期参加安全厂商的高级工程师培训课程，并在规定的时间内完成相关安全厂商产品的高级工程师认证课程。 任职要求： 1、大学本科以上学历，计算机相关专业，具有至少3-5年工作经验； 2、熟练掌握VPN、IPS、IDS、WAF、上网行为管理、防病毒、身份认证、审计等信息安全技术； 3、精通主流的防火墙产品，如深信服、PA、huawei等。 4、参与过网络安全实施项目，具有一定项目实施经验（设备上架，部署，调试；机房，网络改造和搬迁项目；网络新建等项目）。 5、了解网络安全技术：漏洞扫描、基线检测、入侵和攻击分析追踪、病毒木马防范等； 6、具有较强心理素质及独立工作能力和主动性，具备良好团队合作合作意识以及沟通表达能力。 7、有很强的自学能力和对信息安全行业的兴趣、对网络熟悉、对操作系统了解； 8、具有深信服认证、阿里ACP或ACE、CCIE、HCIE、H3CIE认证者等网络安全证书认证的优先考虑。 9、接收公司。 工作地点 上海闵行区闵虹路166弄3号楼T31710 以担保或任何理由索要财物，扣押证照，均涉嫌违法。一经发现， 立即举报,"信息系统集成,网络安全,华为认证,思科认证,网络规划设计,CCIE,HCIE,CISP认证证书,深信服PT1",http://www.zhaopin.com/jobdetail/CC132146550J40731004102.htm?refcode=4019&srccode=401901&preactionid=88dab285-26ef-468a-b5ab-f0a6f79bf2ae
网络信息安全工程师,辽宁省霸气游科技有限公司,6000-9000元·13薪,沈阳·沈阳·新乐,广州,学历不限,经验不限,7月23日,zhilian,职位描述 WEB安全 岗位内容： 1. 建立和维护企业信息安全基础设施，包括网络、系统、应用程序等。 2. 监测和分析安全事件和漏洞，制定相应的应对方案，确保系统的安全性。 3. 设计和实施安全策略和控制措施，保护企业的核心数据和业务流程。 4. 参与安全审计和风险评估，为公司提供专业的安全咨询和建议。 任职要求： 1. 具有网络安全、计算机科学、信息技术等相关专业背景。 2. 熟悉常见的安全攻击方式和防御措施，具备较强的安全意识和技能。 3. 熟练掌握主流安全工具和产品，如防火墙、入侵检测系统、安全监控系统等。 4. 具备良好的沟通协调能力和团队合作精神，能够有效解决各种安全问题。 工作地点 辽宁省沈阳市皇姑区黄河南大街105号辽宁大厦1层辽宁省沈阳市皇姑区黄河南大街105号辽宁大厦1层 以担保或任何理由索要财物，扣押证照，均涉嫌违法。一经发现， 立即举报,WEB安全,http://www.zhaopin.com/jobdetail/CCL1523348980J41002278104.htm?refcode=4019&srccode=401901&preactionid=88dab285-26ef-468a-b5ab-f0a6f79bf2ae
网络安全工程师,佳音医院集团股份有限公司,7000-9000元,乌鲁木齐·天山区·和平路街道,广州,本科,3-5年,7月24日,zhilian,职位描述 信息安全 医院/诊所服务 软件/IT服务 工作职责 1.负责落实等保 2.0、密评相关工作，开展安全自查、整改及测评配合，搭建并优化医院网络架构，完成网络策略配置与安全隔离。 2.运维防火墙、IDS/IPS、漏洞扫描等安全设备，定期开展风险评估、漏洞检测与安全加固，保障网络环境稳定。 3.负责机房、服务器、存储设备日常巡检与维护，落实数据备份、恢复及容灾方案搭建、演练等工作。 4.针对 HIS、EMR 等医疗业务系统制定安全防护策略，处置黑客攻击、漏洞爆发等突发事件，完成问题排查、分析与整改。 5.对接院内科室及上级主管部门，配合安全检查、应急演练，撰写各类安全报告，落实保密要求，接受应急值守与加班安排。 岗位要求 1.本科及以上学历，计算机、网络工程、信息安全等相关专业，具备 3 年以上网络安全工作经验，有医疗行业、等保测评相关经验优先。 2.持有计算机相关初级及以上职称，拥有 CISAW、CISP 等网络安全证书或中级以上职称者优先；无违法违纪及网络安全违规记录，严守医疗数据保密规定。 3.精通网络协议、安全设备操作，熟悉机房、服务器运维，掌握数据容灾、备份恢复相关技能，了解医疗业务系统安全规范。 4.具备较强应急处置、问题排查与分析能力，沟通协调、文字撰写及自主学习能力良好。 5.工作严谨负责，具备团队协作精神，服从管理，能够适应加班及应急值守工作。 工作地点 乌鲁木齐天山区体育馆路402号 以担保或任何理由索要财物，扣押证照，均涉嫌违法。一经发现， 立即举报,"信息安全,医院/诊所服务",http://www.zhaopin.com/jobdetail/CC179014020J40781481406.htm?refcode=4019&srccode=401901&preactionid=5f14f1bc-ba92-4fad-8390-a1d708030674
网络信息安全工程师,富士胶片(中国)投资有限公司,1-1.5万·14薪,上海·浦东·三林,广州,大专,3-5年,7月25日,zhilian,"职位描述 网站安全 CISSP 信息安全 软件/IT服务 工作内容： 自主发现IT基础设施环境问题点/IT安全相关问题点,并将其课题化： 1.负责全球IT基础设施环境安全强化相关的具体项目的导入和管理 2.负责公司内部的成本削减的改善及实施 3.负责中国全社信息共享的改善及实施 IT基础设施环境安全的日常维护和技术支持： 1.确保公司IT相关设备正常运行，并向员工提供IT技术支持 2.根据公司的IT管理方针实施各种业务 3.许可证管理 4.负责中国全社IT基础设施环境安全的业务支持及安全意识教育 任职资格： 1. 大专或以上学历,IT相关专业,日语N2以上（听说读写商务水平）； 2. 具备网络安全、信息安全等方面的基础知识，有关联证书多项：CCNA/ITIL/CISA /CISP/CISSP的优先； 3. 具备协助事故对应、日志分析、评估安全漏洞的实操经验或者受过相关培训； 4. 懂得安全工具的基本操作（IDS/IPS/SIEM/防火墙等）； 5. 能够理解社内的基础设施安全政策并遵守，沟通流畅。 base：上海或者苏州 上海：浦东新区平家桥路100弄6号晶耀前滩T7-6楼 苏州：蘇州新区長江路138号 工作地点 上海浦东新区晶耀前滩T7办公楼 以担保或任何理由索要财物，扣押证照，均涉嫌违法。一经发现， 立即举报","网站安全,CISSP",http://www.zhaopin.com/jobdetail/CC000600160J40914133708.htm?refcode=4019&srccode=401901&preactionid=5f14f1bc-ba92-4fad-8390-a1d708030674
网络安全,武汉市洪山区达内慧才职业培训学校有限公司,8000-15000元,武汉·洪山·梨园,广州,大专,1-3年,6月26日,zhilian,职位描述 系统安全 数据安全 WEB安全 TCP/IP协议 Linux Windows 信息安全 工作职责： 1、对来访学员进行技术测试，及时与顾问沟通； 2、协助咨询顾问进行客户技术答疑，促进咨询达成； 3、知识串讲、指导学生上课操作，为学生答疑解惑； 任职要求： 1.熟悉各类网络设备（路由器、交换机、防火墙）的工作原理和相关配置方法， 精通tcp/ip架构原理，对rip、ospf、bgp等动态路由协议有深入了解，掌握目前主流数据中心技术， 对ipsec vpn、ssl vpn、mpsl vpn等安全技术要有一定的了解 2.熟悉网页基础，html+CSS+JS，至少掌握一门编程语言，Python/Java/PHP等 3. 具备优秀的表达、沟通能力和一定的协调能力，有很强的责任心和工作热情，乐于技术分享。 您可能会关心这些： 1、上班时间：9：00--18：00，周末双休（根据带班要求休息比较灵活，月休8天） 妥妥可以午休 2、入职缴纳五险一金+员工团建+定制节日礼物等超过20项各类公司福利 3、办公室宽敞明亮，氛围融洽友好，团队年轻而富有活力 4、 团队氛围好，高效工作，快乐生活 薪资：基础底薪+带班费+学员就业绩效+绩效，综合收入10K+ 职位福利：五险一金、绩效奖金、带薪年假 工作地点 武汉洪山区骏业·财富中心B座10楼达内教育 以担保或任何理由索要财物，扣押证照，均涉嫌违法。一经发现， 立即举报,"系统安全,数据安全,WEB安全,TCP/IP协议,Linux,Windows",http://www.zhaopin.com/jobdetail/CCL1426397270J40391857713.htm?refcode=4019&srccode=401901&preactionid=5f14f1bc-ba92-4fad-8390-a1d708030674
信息安全工程师,徐工集团,6000-10000元,徐州·铜山区·汉王镇,广州,学历不限,经验不限,7月23日,zhilian,岗位职责： 1. 负责园区内网、办公系统、票务收银系统、监控弱电系统日常信息安全巡检，排查网络漏洞与安全隐患。 2. 做好园区服务器、终端电脑、账号权限管理，规范员工系统使用权限，防范数据泄露、网络入侵风险。 3. 处理园区网络攻击、病毒入侵、系统异常等安全突发故障，制定应急处置方案，保障园区业务系统稳定运行。 4. 落实日常数据备份、系统日志留存，全程配合园区系统等保2.0测评、自查整改、资料归档，保障园区系统合规达标。 5. 开展全员网络安全宣导培训，规范办公上网、外接设备使用规范，杜绝人为安全风险。 任职条件： 1. 网络安全、计算机、信息管理等相关专业，有园区/文旅行业网安工作经验优先。 2. 熟悉局域网架构、防火墙、病毒防护、网络漏洞扫描等基础安全运维工作。 3. 熟悉等保2.0基础流程，懂系统安全自查、漏洞整改、安全台账整理，可对接第三方完成等保测评工作。 4. 具备网络及系统故障排查能力，能快速处理各类网络安全突发问题。 5. 工作严谨细心，责任心强，可配合园区节假日应急值守，沟通配合能力良好。 工作地点 铜山区徐州乐园 以担保或任何理由索要财物，扣押证照，均涉嫌违法。一经发现， 立即举报,信息安全,http://www.zhaopin.com/jobdetail/CC120076170J40916499312.htm?refcode=4019&srccode=401901&preactionid=5f14f1bc-ba92-4fad-8390-a1d708030674
网络安全运维工程师,山东红日科技有限公司,5000-8000元,威海·文登区,广州,大专,1-3年,7月14日,zhilian,岗位职责 1、负责公司网络安全防护，防范网络攻击和数据泄露，保障网络和信息系统的安全运行。 2、熟悉网络安全技术和工具，如防火墙、入侵检测系统、漏洞扫描工具等；了解TCP/IP协议、网络架构和安全攻防技术。 3、专科及以上学历：信息安全、计算机科学与技术、网络工程等相关专业。 4、工作主动性强，耐心细致，有责任心，具备团队合作精神。 5、工作地点：文登 6、拥有二建证书者优先考虑。 职位福利：定期体检、团建、节日福利、五险一金 工作地点 国网山东省电力公司威海市文登区供电公司 以担保或任何理由索要财物，扣押证照，均涉嫌违法。一经发现， 立即举报,信息安全,http://www.zhaopin.com/jobdetail/CC228790210J40783144306.htm?refcode=4019&srccode=401901&preactionid=5f14f1bc-ba92-4fad-8390-a1d708030674
总行-信息科技岗（信息安全）,国泰世华银行(中国)有限公司,8000-16000元,上海·浦东·陆家嘴,广州,本科,经验不限,7月25日,zhilian,岗位职责: 1、配合信息安全风险体系建设的相关工作。 2、配合信息系统的安全评审、安全功能设计、安全测试和安全事件应急响应等； 3、落实监管部门信息安全要求，履行信息科技风险一道防线职能。 4、领导交办的其他工作。 任职资格: 1、计算机相关专业； 2、具备良好沟通、协调能力、分析和解决问题的能力； 3、遵纪守法、诚实守信，具有良好的个人品质和职业道德，无不良记录，愿意履行本行员工义务和岗位职责； 4、具有较强的学习能力和较好的团队合作精神； 5、取得相关资格证书者或计算机技术与软件专业技术资格者优先。 工作地点 上海浦东新区富士康大厦 以担保或任何理由索要财物，扣押证照，均涉嫌违法。一经发现， 立即举报,"信息安全,银行",http://www.zhaopin.com/jobdetail/CC822179150J40874155003.htm?refcode=4019&srccode=401901&preactionid=5f14f1bc-ba92-4fad-8390-a1d708030674
网络安全工程师,深圳市丰沃创新信息技术有限公司,1.2-1.3万,重庆·荣昌·昌州,广州,大专,1-3年,7月23日,zhilian,职位描述 渗透测试 信息安全 要求会渗透测试和网络安全攻防 工作地点 重庆荣昌区荣升路 以担保或任何理由索要财物，扣押证照，均涉嫌违法。一经发现， 立即举报 公司信息 深圳市丰沃创新信息技术有限公司 未融资 · 100-299人 · 计算机硬件 已审核 19 个在招职位 工商信息 企业名称 深圳市丰沃创新信息技术有限公司 企业类型 有限责任公司（自然人投资或控股的法人独资） 法人代表 张金龙 经营状态 存续 成立时间 2023-10-27 注册资本 5万元 查看全部信息 认证资质 营业执照信息,"渗透测试,信息安全",http://www.zhaopin.com/jobdetail/CCL1516866130J41002900902.htm?refcode=4019&srccode=401901&preactionid=5f14f1bc-ba92-4fad-8390-a1d708030674
网络安全运维工程师,杭州啦哩网络科技有限公司,1.3-1.6万,杭州·拱墅·东新,广州,本科,1-3年,7月25日,zhilian,职位描述 CISP CISSP 安全运维 应急响应 等保合规 工作职责 1. 负责公司网络与系统的安全监控，实时检测并处置异常流量、入侵行为及漏洞风险。 2. 建立并完善安全运维流程，包括漏洞扫描、补丁管理、日志审计及应急响应机制。 3. 参与安全合规体系建设，确保业务系统符合等保、数据安全等相关法规要求。 4. 定期开展安全加固与渗透测试，输出风险评估报告并推动整改落地。 任职要求 1. 本科及以上学历，计算机、网络安全等相关专业，3年以上安全运维工作经验。 2. 精通防火墙、WAF、IDS/IPS等安全设备的配置与管理，熟悉主流安全工具（如Nessus、Metasploit）。 3. 掌握Linux/Windows系统安全加固、网络协议分析及日志分析技术，具备应急响应实战经验。 4. 了解等保2.0、数据安全法等合规要求，有相关认证（如CISSP、CISP）者优先。 上班时间：早九晚六 午休1.5小时。 单双休 工作地点 杭州市拱墅区东新路800号10楼 以担保或任何理由索要财物，扣押证照，均涉嫌违法。一经发现， 立即举报,"CISP,CISSP,安全运维,应急响应,等保合规",http://www.zhaopin.com/jobdetail/CCL1488896490J40817042416.htm?refcode=4019&srccode=401901&preactionid=5f14f1bc-ba92-4fad-8390-a1d708030674
网络安全运维工程师,天津市达恩华天智能科技有限公司,6000-9000元,天津·河西·陈塘庄,广州,本科,1-3年,7月23日,zhilian,岗位职责： 1、具备通过流量设备及时发现安全事件并处置的能力，能通过各种分析手段快速定位攻击特征及解决办法，负责对异常日志进行分析和处理 2、具备网络安全设备维护和管理能力，安全产品包括但不限于Web应用防火墙、IPS、态势感知、日志审计和数据库审计等安全产品。 3、具备应急响应能力，及时处理云、网、端的网络安全及信息化突发事件，对攻击事件进行溯源，并提出解决方案。 4、具备漏洞修复能力，对服务器内组件进行升级、定期更新windows补丁等。 5、具备基础安服工作的实施与报告输出，如漏洞扫描、渗透测试、基线检查、风险评估等，需要定期对客户指定系统进行渗透测试，并对系统提出加固建议。 7、完成领导交予的其他工作 岗位要求： 1、具备相关领域的安全风险管理和信息安全保护方面的管理和执行经验者优先，在相关单位有过安全运维驻场经历者优先（参与过大型攻防演练活动，并作为蓝队主要人员者优先）； 任职要求: 1、2年以上网络安全服务行业工作经验； 1、熟悉OWASPTOP10及其它通用漏洞原理及修复方案; 2、能熟练使用常见安全设备，并了解其工作原理; 3、具备独立分析告警的能力，能识别真实攻击与背景流量;对安全设备规则具有分析能力，并可提出优化建议;熟悉信息安全事件的应急响应流程。 4、熟练掌握一种编程技术(java/php/python等)将优先选择。 工作地点 天津市-河西区-内江道与怒江道交口创智东园 以担保或任何理由索要财物，扣押证照，均涉嫌违法。一经发现， 立即举报,网络运维,http://www.zhaopin.com/jobdetail/CC138527750J40954010715.htm?refcode=4019&srccode=401901&preactionid=5f14f1bc-ba92-4fad-8390-a1d708030674
网络安全工程师,赛尔网络,8000-11000元·13薪,杭州·西湖·三墩,广州,本科,1-3年,7月25日,zhilian,"岗位职责： 1. 负责安全运营服务交付，包括日常监控、规则建立优化、日志分析、威胁研判、事件处置、应急响应等； 2. 负责监控和分析各种安全事件，包括网络攻击、恶意软件、数据泄露等，并及时响应和处理； 3. 负责提供网络、主机和应用系统等信息资产的管理与风险评估服务，提供整改方案或安全基线设计，并协助用户开展安全整改工作； 4. 负责用户侧安全设备、安全软件的安装与调试工作。 任职要求： 1. 本科或本科以上学历，计算机、网络安全、电子信息、软件工程等相关专业； 2. 两年以上乙方网络安全服务工作经验，具有安全运营服务或者安全厂家工作经验者优先； 3. 了解漏洞挖掘技术原理，熟悉渗透测试流程，掌握常见漏洞（不限于OWASP Top10）原理、挖掘技巧及利用手段等； 4. 熟悉防火墙、入侵检测、日志审计、流量分析等安全设备或系统的配置管理； 5. 熟悉DNS、DHCP、WEB、MAIL等常见应用的工作原理、攻击手段和防护措施； 6. 具备良好的文字表达和文档编写能力,能独立撰写各类安全服务报告和技术方案； 7. 具备良好的沟通与协作能力，团队合作意识强； 8. 具有CISP、CISSP、CISAW等相关安全证书者优先； 福利待遇： 1、双休、法定假期、带薪年假等； 2、节日福利+通讯补贴+交通补贴+出差补助+年终奖金； 工作地点 杭州西湖区浙江大学(紫金港校区) 以担保或任何理由索要财物，扣押证照，均涉嫌违法。一经发现， 立即举报",CISP,http://www.zhaopin.com/jobdetail/CC000422110J40775570606.htm?refcode=4019&srccode=401901&preactionid=5f14f1bc-ba92-4fad-8390-a1d708030674
网络安全工程师,北京蓝芯智海科技有限公司,5000-10000元,北京·昌平·史各庄,广州,学历不限,经验不限,9月10日,zhilian,职位描述 Python 信息安全 产业互联网平台 计算机软件 岗位内容： 1. 负责网络安全系统的规划、设计和实施，建立严密的安全体系保障公司信息的安全。 2. 对重要系统进行安全审核和风险评估，并制定解决方案，确保系统运行的连续性、真实性和保密性。 3. 通过漏洞挖掘、渗透测试等手段及时发现并消除安全隐患。 4. 协调处理安全事件，及时做出应急响应措施，降低损失。 任职要求： 1. 具有计算机科学、网络安全、信息技术等相关专业背景。 2. 熟练掌握网络安全技术与安全产品，熟悉互联网安全趋势和法律法规。 3. 具备深厚的安全技术理论基础，熟练掌握多种安全攻防手段。 4. 具备优秀的团队合作和项目管理能力，具有较强的沟通表达能力。 工作地点 北京市昌平区史各庄街道史各庄桥 以担保或任何理由索要财物，扣押证照，均涉嫌违法。一经发现， 立即举报 公司信息 北京蓝芯智海科技有限公司 未融资 · 100-299人 · 软件/IT服务 已审核 9 个在招职位 工商信息 企业名称 北京蓝芯智海科技有限公司 企业类型 有限责任公司（自然人独资） 法人代表 李海龙 经营状态 存续 成立时间 2024-08-14 注册资本 100万元 查看全部信息 认证资质 营业执照信息,Python,http://www.zhaopin.com/jobdetail/CCL1510071010J40792146807.htm?refcode=4019&srccode=401901&preactionid=5f14f1bc-ba92-4fad-8390-a1d708030674
网络信息安全工程师,山东海纳信息技术有限公司,3000-6000元,青岛·城阳·上马,广州,大专,经验不限,7月17日,zhilian,职位描述 TCP/IP协议 华为 华三 CCNA CCIE CCNP HCIA 路由协议 主要工作内容：对路由器，交换机，网安装置等网络安全设备的日常维护，缺陷消除。 工作地点：日常工作以出差为主，出差范围主要为山东省内。 工作时间：周末双休，节假日休息。 其他待遇：五险一金、发放出差补助、加班补助、住宿费实报实销、绩效奖金、每年多次调薪、青岛地区提供宿舍、节日福利、定期团建。 工作地点 城阳区MAX科技园(青岛·红湾)B园区 以担保或任何理由索要财物，扣押证照，均涉嫌违法。一经发现， 立即举报,"TCP/IP协议,华为,华三,CCNA,CCIE,CCNP,HCIA,路由协议",http://www.zhaopin.com/jobdetail/CC298181480J40427823405.htm?refcode=4019&srccode=401901&preactionid=5f14f1bc-ba92-4fad-8390-a1d708030674
网络安全员,安徽小帆网络信息技术有限公司,9000-12000元,杭州·滨江·西兴,广州,本科,1-3年,7月25日,zhilian,职位描述 CISSP CISP 安全监测与风险评估 安全事件应急响应 信息安全合规建设 工作职责 1. 负责企业网络、系统及数据资产的日常安全监测与风险评估，及时发现并处置安全漏洞。 2. 主导安全事件的应急响应与溯源分析，制定针对性的防护策略与解决方案。 3. 推动信息安全合规体系建设，确保业务流程符合行业安全标准与监管要求。 4. 定期开展安全培训与意识宣导，提升全员安全防护能力。 任职要求 1. 本科及以上学历，计算机、网络安全等相关专业，基础扎实。 2. 熟悉主流网络安全技术（防火墙、入侵检测、漏洞扫描等）及安全产品的部署与运维。 3. 具备网络安全事件应急处理经验，能独立完成安全漏洞分析与修复。 4. 持有CISSP、CISP等安全认证者优先，熟悉等保2.0标准者优先。 工作地点 星耀城·二期浙江/杭州/滨江区 星耀城·二期23层 以担保或任何理由索要财物，扣押证照，均涉嫌违法。一经发现， 立即举报,"CISSP,CISP,安全监测与风险评估,安全事件应急响应,信息安全合规建设",http://www.zhaopin.com/jobdetail/CCL1510209320J40858812401.htm?refcode=4019&srccode=401901&preactionid=5f14f1bc-ba92-4fad-8390-a1d708030674
网络安全工程师（可无经验）,湖北新蜕智能科技有限公司,8000-12000元,开封·龙亭区,广州,大专,经验不限,7月25日,zhilian,职位描述 无 男女不限，针对大学应届毕业生、IT 相关岗位转型的人员、有志于从事网络安全职业的退役军人、计划提升专项能力的在职人员四大群体 工作地点 开封龙亭区S PARTY·KTV·宋派对(开元广场店) 以担保或任何理由索要财物，扣押证照，均涉嫌违法。一经发现， 立即举报,无,http://www.zhaopin.com/jobdetail/CCL1524995480J40911733103.htm?refcode=4019&srccode=401901&preactionid=5f14f1bc-ba92-4fad-8390-a1d708030674
网络安全工程师,青岛颐杰鸿利科技有限公司,6000-9000元·14薪,青岛·崂山·中韩,广州,本科,3-5年,7月25日,zhilian,职位描述 主机安全 IDC安全 工业控制安全 Python Shell C CISP CISSP NISP 信息安全 云计算 通信/网络设备 职位描述： 配合公司市场销售团队完成网络安全技术服务售前沟通、技术方案编写、网络安全系统部署实施等工作； 完成公司领导安排的其它相关工作； 任职要求： 了解常用网络技术，熟悉TCP/IP协议、OSI七层参考模型以及应用层协议，掌握信息安全（网络安全、系统安全、密码学等）相关理论； 熟悉Windows操作系统的DOS命令和Linux操作系统命令的基本操作，能针对操作系统存在的问题做漏洞修复工作； 熟悉主流网络安全产品部署，如防火墙、IPS/IDS、WAF、堡垒机、防病毒、日志分析等工具； 可接优秀收应届生 职位福利：五险一金、绩效奖金、带薪年假、通讯补助、餐补、交通补助、高温补贴 工作地点 青岛崂山区同安路882-1号 以担保或任何理由索要财物，扣押证照，均涉嫌违法。一经发现， 立即举报,"主机安全,IDC安全,工业控制安全,Python,Shell,C,CISP,CISSP,NISP",http://www.zhaopin.com/jobdetail/CC190489520J40320817809.htm?refcode=4019&srccode=401901&preactionid=5f14f1bc-ba92-4fad-8390-a1d708030674
网络安全管理岗,华润电力,7000-13000元,石家庄·桥西·维明,广州,本科,1-3年,7月18日,zhilian,职位描述 网站安全 电力/水利/热力/燃气 信息安全 通信/网络设备 一、基本任职资格要求 通讯工程、网络信息工程、计算机工程、电子信息工程、电力类等相关专业；本科及以上学历；具有2年及以上自动化运维或通信运维相关工作经验；掌握电力网络安全相关知识，熟悉风机集控及电气通讯远动系统自动调节装置、控制系统、通信自动化系统等设备的日常维护、检修管理、技术改造、技术监督、可靠性管理等工作技能。 二、工作职责 1.自动化设备维护 1.1 负责自动化设备维护计划制定工作。 1.2 负责自动化设备维护技术支持工作。 2.自动化设备检修 2.1 负责自动化设备检修计划制定工作。 2.2 负责自动化设备检修技术支持工作。 3.自动化设备技术改造 3.1 负责自动化设备技术改造方案造价审核工作。 3.2 负责自动化设备技术改造方案技术实施可能性审核工作。 4.自动化设备消缺 4.1 负责提供自动化设备消除缺陷技术支持工作。 4.2 负责收集自动化单台设备缺陷并进行设备可靠性分析工作。 5.通信设备维护 5.1 负责通信设备维护计划制定工作。 5.2 负责通信设备维护技术支持工作。 6.通信设备检修 6.1 负责通信设备检修计划制定工作。 6.2 负责通信设备检修技术支持工作。 7.通信设备技术改造 7.1 负责通信设备技术改造方案造价审核工作。 7.2 负责通信设备技术改造方案技术实施可能性审核工作。 8.通信设备消缺 8.1 负责通信设备消缺计划制定及技术支持工作。 8.2 负责收集通讯设备单台缺陷并进行设备可靠性分析工作。 9.网络安全 9.1 负责场站工控网络安全相关工作。 9.2 负责场站工控网络安全架构审核工作。 10.其他 10.1 负责审核自动化、通信设备采购提报、验收及审核工作。 10.2 负责与自动化厂家技术交流工作。 10.3 负责与国网自动化部门、信通部门技术交流、信息传达及反馈文件工作。 10.4 负责牵头下属场站等保测评、主机安全防护评估等事宜。 工作地点 石家庄桥西区中交财富中心 以担保或任何理由索要财物，扣押证照，均涉嫌违法。一经发现， 立即举报,网站安全,http://www.zhaopin.com/jobdetail/CC195096520J40877077508.htm?refcode=4019&srccode=401901&preactionid=314d701e-e201-4d67-8bf1-460bcdf31c87
总部岗位--月休7天--五险一金--网络工程师,石家庄氐宿企业管理咨询有限公司,4000-8000元,石家庄·长安·阜康,广州,本科,经验不限,7月23日,zhilian,岗位职责】 1. 协助运维公司骨干网络及办公网络，负责防火墙、交换机、路由器等数通设备的日常巡检与配置变更； 2. 参与VPN隧道技术（IPsec/SSL VPN）的配置与维护，保障分支机构及远程接入稳定； 3. 保障业务部门网络及终端设备稳定运行，完成故障定位与解决。 【任职要求】 1. 统招本科及以上学历，网络工程、通信工程、计算机科学与技术、信息安全等相关专业，应届毕业生； 2. 掌握数通基础知识：TCP/IP协议栈、OSPF/静态路由、VLAN、链路聚合、ACL、NAT等； 3. 了解VPN技术原理：IPsec VPN、SSL VPN的隧道建立过程及常用配置方式； 4. 了解防火墙/交换机基础命令，有模拟器实验经验即可； 5. 有学校网络中心维护、网络比赛或相关实习经验者优先； 6. 诚实守信，责任心强，具备良好沟通与团队协作精神。 工作地点 河北省石家庄市长安区胜利北街3号农资大厦10层 以担保或任何理由索要财物，扣押证照，均涉嫌违法。一经发现， 立即举报,信息安全,http://www.zhaopin.com/jobdetail/CC627597020J40887231713.htm?refcode=4019&srccode=401901&preactionid=314d701e-e201-4d67-8bf1-460bcdf31c87
信息安全专员,哈尔滨市赞春食品经销有限公司,8000-9000元,哈尔滨·香坊·安乐,广州,本科,1-3年,7月26日,zhilian,职位描述 WEB安全 主机安全 安全防护体系搭建 安全审计与漏洞修复 安全事件应急响应 工作职责 1. 负责公司信息系统的安全防护体系搭建，包括防火墙、入侵检测等安全设备的配置与维护。 2. 定期开展内部安全审计与漏洞扫描，识别并修复系统潜在风险，确保符合行业数据安全规范。 3. 监控业务系统的异常访问行为，及时响应并处置信息安全事件，形成闭环处理机制。 4. 制定员工信息安全培训计划，提升全员数据安全意识与操作规范。 任职要求 1. 本科及以上学历，计算机、网络安全等相关专业，基础扎实。 2. 拥有2年以上信息安全领域工作经验，熟悉主流安全工具（如WAF、IDS/IPS）的使用与运维。 3. 掌握网络安全协议与数据加密技术，具备安全事件应急响应的实战经验。 4. 了解食品贸易行业的业务流程，能结合业务场景制定针对性的安全策略。 工作地点 会展城上城黑龙江省哈尔滨市香坊区金香中路22号会展城上城二期9号楼3层04号 以担保或任何理由索要财物，扣押证照，均涉嫌违法。一经发现， 立即举报 公司信息 哈尔滨市赞春食品经销有限公司 未融资 · 20人以下 · 食品/饮料/酒水批发/零售/贸易 已审核 10 个在招职位 工商信息 企业名称 哈尔滨市赞春食品经销有限公司 企业类型 有限责任公司（自然人独资） 法人代表 刘秀云 经营状态 存续 成立时间 2025-11-21 注册资本 5万元 查看全部信息 认证资质 营业执照信息,"WEB安全,主机安全,安全防护体系搭建,安全审计与漏洞修复,安全事件应急响应",http://www.zhaopin.com/jobdetail/CCL1526792260J40953121808.htm?refcode=4019&srccode=401901&preactionid=314d701e-e201-4d67-8bf1-460bcdf31c87
网络安全运维工程师,福建世通信息产业发展有限公司,6000-12000元,福州·长乐·文武砂,广州,大专,3-5年,7月25日,zhilian,职位描述 LINU TCP/IP HTTP/HTTPS 通信/网络设备 信息安全 （1）熟练TCP/IP、HTTP/HTTPS、DNS、DHCP、ARP等主流网络协议，熟悉企业网络架构，具备扎实的网络排障、抓包分析能力；熟练掌握VLAN、静态路由、OSPF、ACL、NAT等网络配置。 （2）熟练运维深信服、华为、华三、天融信、山石等主流防火墙、WAF、AC、堡垒机、IDS/IPS、SSL VPN等安全设备，可独立完成配置、调优、故障排查与策略优化。 （3）熟练掌握Linux、Windows服务器日常运维与安全加固，熟悉系统权限、端口、日志、进程管理，可独立完成漏洞修复、病毒查杀、安全整改。 （4）熟悉网络安全常见攻击原理与防御方式，具备安全告警研判、攻击溯源、应急响应能力，可独立处理各类安全突发事件。 （5）熟悉等保2.0核心要求，具备等保测评、合规整改、安全巡检、报告编写能力。 （6）熟悉Wireshark抓包、漏洞扫描工具使用，会基础Shell/Python脚本者优先。 具备良好的沟通协调能力、文档编写能力，可独立输出巡检报告、整改报告、应急复盘报告。 有政企单位、校园、医院、金融行业安全运维经验优先。 面试地址：福州市鼓楼区软件园B区23号楼2#501 工作地点 福州长乐区数字福建云计算中心 以担保或任何理由索要财物，扣押证照，均涉嫌违法。一经发现， 立即举报,"LINU,TCP/IP,HTTP/HTTPS",http://www.zhaopin.com/jobdetail/CC285085010J40893938913.htm?refcode=4019&srccode=401901&preactionid=314d701e-e201-4d67-8bf1-460bcdf31c87
网络安全信息工程师,深圳市奥怡轩实业有限公司,8000-9000元,广州·海珠·琶洲,广州,大专,1-3年,5月27日,zhilian,职位描述 CISP CISSP CISP-PTE 网站安全 信息安全 1、负责安全事件的分析和应急响应。 2、负责各类安全设备运维管理和日志的分析报告。 3、跟踪网络安全趋势和规范，定期审查安全策略的有效性和合规性。 要求： 1、计算机相关专业毕业，2年以上网络安全领域相关工作经验。 2、具有安全设备日志分析、渗透测试基础经验。 3、熟悉常见的网络协议（TCP/IP、SSL/TLS、HTTP、DNS等）、攻击类型、安全加固防御机制。 4、了解APT、IPS、IDS、防病毒、漏洞扫描等系统的配置和原理。 5、出色的沟通和文档编写能力。 6、拥有CISSP、CISP-PTE、CISP等安全证书优先 工作地点 中国移动广州信息大厦广州市海珠区琶洲大街51号中国移动广州信息大厦 以担保或任何理由索要财物，扣押证照，均涉嫌违法。一经发现， 立即举报,"CISP,CISSP,CISP-PTE,网站安全",http://www.zhaopin.com/jobdetail/CC132242740J40653202302.htm?refcode=4019&srccode=401901&preactionid=314d701e-e201-4d67-8bf1-460bcdf31c87
售后网络安全工程师,河南源之点信息技术有限公司,4000-6000元,郑州·中原·沟赵,广州,大专,经验不限,1月20日,zhilian,岗位职责： 1、负责了解客户的网络安全需求和问题，并根据客户的实际情况进行提出网络安全策略并提供网络安全技术解决方案。 2、负责客户的网安解决方案的实施，对网络产品和安全产品（包括但不限于路由器、交换机、防火墙、 VPN 、入侵检测系统、上网行为管理系统等）的安装、配置、调试、故障诊断与排除等问题，并完成交付。 3、负责对客户所部署网络安全环境的运行维护，定期检测和维护客户的技术设备，确保其正常运行和稳定性。 4、负责对客户提出的技术问题进行分析和解决，帮助客户解决技术难题，提供技术支持和服务，为客户开发并提供安全产品相关的技术培训。 能力要求： 1、掌握计算机网络的基本原理和实践。 2、掌握网络产品和安全产品（包括但不限于路由器。交换机、防火墙、 VPN 、入侵检测系统、上网行为管理系统等）的功能、工作原理、性能指标、配置使用及管理维护。 3、了解常用网络安全渗透测试的工具和方法。 4、具备技术方案的理解和实施能力。 5、具有良好的沟通能力和服务意识，能够快速响应客户的需求和解决技术问题 立即投递 工作地点 郑州中原区总部企业基地-二期64号楼8楼 以担保或任何理由索要财物，扣押证照，均涉嫌违法。一经发现， 立即举报,WEB安全,http://www.zhaopin.com/jobdetail/CC483456980J40735805816.htm?refcode=4019&srccode=401901&preactionid=314d701e-e201-4d67-8bf1-460bcdf31c87
网络安全工程师（可无经验）,湖北新蜕智能科技有限公司,8000-12000元,西安·雁塔·小寨路,广州,大专,经验不限,7月25日,zhilian,职位描述 无 男女不限，针对大学应届毕业生、IT 相关岗位转型的人员、有志于从事网络安全职业的退役军人、计划提升专项能力的在职人员四大群体 工作地点 西安雁塔区赛格国际购物中心(小寨店) 以担保或任何理由索要财物，扣押证照，均涉嫌违法。一经发现， 立即举报,无,http://www.zhaopin.com/jobdetail/CCL1524995480J40911730303.htm?refcode=4019&srccode=401901&preactionid=314d701e-e201-4d67-8bf1-460bcdf31c87
网络安全工程师,安徽云轨信息科技有限公司,5000-10000元·13薪,马鞍山·雨山区·佳山乡,广州,本科,1-3年,7月25日,zhilian,职位描述 网络安全 信息安全 软件/IT服务 工作职责 1、驻点客户现场，负责现场安全测试需求，开展 web 、 APP 、公众号等系统的渗透测试工作； 2、配合项目经理开展日常工作，包括资产监控管理、漏洞扫描管理、风险评估、安全运维、安全检查、渗透测试及安全加固等工作； 3、负责网络安全设备的监测和告警分析服务，每月反馈网络安全分析月报等 4、根据客户要求开展网络安全培训和提供安全咨询服务等； 5、重保期间进行值守和相关支撑等； 6、在发生安全事件时，开展应急响应处置工作； 7、日常网络/安全运维工作，协助排查网络故障，配合安全设备上架调试等； 8、其它项目经理交的事项。 任职资格： 1、大学本科及以上学历，计算机、信息安全、网络工程等相关专业，具备1年以上信息安全领域工作经验； 2、熟悉网络攻击防御、安全评估、安全加固、等级保护等相关技术或技能； 3、熟悉常见 Web 安全漏洞的原理和利用方法，会熟练使用各种漏洞扫描工具如 appscan 、AWVS 、 burpsuit 等； 4、熟悉主流的互联网安全技术和安全产品维护，如防火墙， WAF 、 IPS ，态势感知、 EDR 等； 5、具有安全事件应急经验和能力，应急思路清晰，行值守和相关支撑等； 6、掌握网络基本概念，例如 ISO / OSI 、 TCP / IP 、 VLAN 、路由交换、 NAT 等等，具备一定的网络排查能力； 7、有网络安全重保保障的相关经验，具备告警研判分析、攻击溯源等能力； 8、具备优秀的沟通、表达、总结归纳、文档撰写能力。 拥有CISP、CISP-PTE、CISE等至少一项安全领域证书优先考虑 工作地点 马鞍山雨山区阳湖路398号富马智赢科技园14栋11层 以担保或任何理由索要财物，扣押证照，均涉嫌违法。一经发现， 立即举报,网络安全,http://www.zhaopin.com/jobdetail/CC673778130J40475284302.htm?refcode=4019&srccode=401901&preactionid=314d701e-e201-4d67-8bf1-460bcdf31c87
网络安全工程师,深圳市丰沃创新信息技术有限公司,1.1-1.2万,天津·静海·团泊,广州,大专,1-3年,7月24日,zhilian,职位描述 渗透测试 信息安全 要求会漏扫，和渗透测试 工作地点 天津静海区津王路 以担保或任何理由索要财物，扣押证照，均涉嫌违法。一经发现， 立即举报 公司信息 深圳市丰沃创新信息技术有限公司 未融资 · 100-299人 · 计算机硬件 已审核 19 个在招职位 工商信息 企业名称 深圳市丰沃创新信息技术有限公司 企业类型 有限责任公司（自然人投资或控股的法人独资） 法人代表 张金龙 经营状态 存续 成立时间 2023-10-27 注册资本 5万元 查看全部信息 认证资质 营业执照信息,"渗透测试,信息安全",http://www.zhaopin.com/jobdetail/CCL1516866130J41003720102.htm?refcode=4019&srccode=401901&preactionid=314d701e-e201-4d67-8bf1-460bcdf31c87
网络及安全运维工程师,山东玖讯信息技术有限公司,6000-8000元,济南·历下·燕山,广州,大专,3-5年,7月16日,zhilian,职位描述 IDC安全 应用安全 云安全 思科 华为 CISP HCIE 信息安全 云计算 软件/IT服务 CDN，负载均衡，网络安全，数据安全，数据处理，IT支持 1、进行公司产品技术层面的日常服务工作，包括远程或现场解决客户在产品应用上的疑惑和问题。 2、沟通客户，跟踪项目中产品的运行状况，及时了解接收客户反馈信息，提供售后技术支持，定期提供报告。 3、发展维护良好的客户关系，参与并执行客户服务计划。 4、具有良好的分析问题和解决问题的能力，能妥善解决突发问题； 5、工作认真负责，具有团队合作精神； 6、具有良好的学习能力。 7、熟悉思科、华为、H3C产品及负载均衡、网络安全产品及云平台架构者优先录用。 工作地点 济南市-历下区-山大路157号1306 室 以担保或任何理由索要财物，扣押证照，均涉嫌违法。一经发现， 立即举报,"IDC安全,应用安全,云安全,思科,华为,CISP,HCIE",http://www.zhaopin.com/jobdetail/CC570833520J40849663101.htm?refcode=4019&srccode=401901&preactionid=b03250cc-d69a-481a-8354-002f1ad325c0
【优质实习岗位】网络安全测评项目管理实习生,新疆量子通信技术有限公司,2000-3000元,乌鲁木齐·天山区·新华北路街道,广州,本科,经验不限,7月25日,zhilian,职位描述 密码安全 信息安全 网络安全测评项目管理实习生火热招募！ 想扎根乌鲁木齐、深耕网络安全、等保、密评核心赛道？ 新疆本地老牌权威网安企业，手把手带教，积攒硬核职场经验，快来解锁高质量暑期实习！ 关于我们：新疆量子通信技术有限公司（2005年成立），是新疆本地重点培育的国家级网络安全骨干企业，深耕网安行业近20年。 公司资质硬核、实力雄厚，持有等保测评、商用密码检测、CMA、CNAS 等多项权威资质，为网信、公安、密码、能源、教育等政企单位提供专业技术支撑，在全国多省市设有技术服务团队。 团队专业度拉满！公司员工中超百人是技术人员，七成员工持有专业网安资质，拥有专业网络安全实验室及全套测评设备，标准化管理体系完善，纯正规、高质量的实习平台！ 公司主营：等保测评、商用密码密评、数据安全评估、风险评估、代码审计等核心网安业务，是在校生入门网安行业的绝佳选择。 招聘岗位：网络安全测评项目管理实习生 面向对象：2027 届本科应届毕业生 任职要求： 计算机科学与技术、网络空间安全、软件工程、网络工程等计算机相关专业； 对等保测评、商用密码密评有基础认知，热爱网络安全行业，想深耕本赛道； 做事认真细致、踏实靠谱，具备良好的沟通表达、团队协作及自主学习能力。 实习工作内容： 协助跟进等保、密评、数据安全测评等核心网安项目全流程； 负责项目资料整理、文档归档、报告初稿辅助编写、台账统计； 配合团队完成现场勘查、问题记录、整改跟进、客户对接等基础工作； 协助完成项目日常统筹及进度跟进，积累项目管理实战经验。 实习福利 & 说明 ✅ 薪资待遇：实习月薪 2000元 ✅ 暖心福利：公司提供免费自助午餐，就餐无忧；周末双休，公休法休正常。 ✅ 成长加持：行业资深工程师一对一带教，实操真实政企项目，收获实打实的网安项目经验，为简历重磅加分！ ✅ 温馨提示：公司暂不提供员工宿舍，建议同学可自行就近解决住宿，通勤更自由便捷～ 投递寄语 实习是提升自我、积累职场履历的黄金时期！ 在这里，你告别打杂式实习，深度参与核心业务，从零接触正规网络安全测评项目，快速提升专业能力与职场阅历，为大学生涯添上浓墨重彩的精彩一笔！ 欢迎符合条件、有意向的同学整理个人简历，积极投递！期待热爱网安的你加入新疆量子大家庭！ 工作地点 新疆维吾尔自治区乌鲁木齐市天山区人民路183号兴亚大厦F1层兴亚大厦15楼 以担保或任何理由索要财物，扣押证照，均涉嫌违法。一经发现， 立即举报,密码安全,http://www.zhaopin.com/jobdetail/CCL1257228340J40916072212.htm?refcode=4019&srccode=401901&preactionid=b03250cc-d69a-481a-8354-002f1ad325c0
网络安全工程师,齐成控股集团有限公司,8000-12000元,东营·广饶县·广饶街道,广州,本科,3-5年,7月21日,zhilian,岗位职责: 1、负责制定全面且细致的网络安全策略与制度，涵盖访问控制、数据加密、漏洞管理等各个领域，以保障网络系统的安全性与合规性。 2、负责部署与维护防火墙、入侵检测系统（IDS）、入侵防御系统（IPS）、防病毒软件等安全设备与软件，构建多层次的安全防护体系，抵御外部的恶意攻击。 3、对网络设备、服务器、操作系统、数据库等进行安全配置，如设置访问权限、关闭不必要的服务和端口等，并根据安全态势不断优化配置，降低安全风险。 4、加密技术应用：运用加密技术对敏感数据进行加密处理，确保数据在传输和存储过程中的保密性和完整性，例如采用 SSL/TLS 协议对网络通信加密，使用加密算法对重要文件加密。 5、做好日常安全监控：利用网络监控工具和安全设备，实时监测网络活动和系统运行状态，及时发现异常流量、可疑行为和安全事件，如通过日志分析系统检测到暴力破解密码的行为。 6、安全事件响应：当发生安全事件时，迅速启动应急响应机制，进行事件的调查、分析与处理，采取措施遏制事件的蔓延，降低损失，并撰写事件报告，总结经验教训。 7、安全评估与优化 漏洞管理：定期开展网络系统的漏洞扫描和评估工作，发现并及时修复系统中的安全漏洞，跟踪漏洞修复情况，确保系统的安全性，可使用漏洞扫描工具如 Nessus 进行扫描。 8、安全风险评估：对企业的网络环境、业务系统等进行全面的安全风险评估，识别潜在的安全威胁和薄弱环节，提出合理的风险控制建议和整改措施。 9、技术支持与培训：为公司内部的其他部门提供网络安全技术支持，解答安全相关问题；同时，组织开展网络安全培训和教育活动，提高员工的安全意识和防范能力。 10、跟踪技术动态：持续关注网络安全领域的最新技术发展和安全威胁趋势，研究新的安全防护技术和方法，为企业的网络安全建设提供前瞻性的建议和方案。 任职要求: 技术能力： （1）熟悉TCP/IP 等网络协议，明晰网络拓扑结构，掌握交换机、路由器等网络设备的工作原理与配置方法，能够构建和管理安全的网络架构。 （2）精通 Windows 和 Linux 等操作系统的原理、安装、配置与管理 （3）熟悉密码学原理，掌握对称加密、非对称加密、哈希算法等加密技术；了解网络安全攻防技术，包括攻击手段和防御方法；掌握安全协议，如 SSL/TLS、IPsec 等的原理和应用。 （4）安全工具运用：熟练使用 Nmap、Wireshark 等网络扫描与分析工具，进行网络探测、漏洞发现和数据包分析；掌握 Metasploit 等渗透测试工具，能够模拟黑客攻击，发现系统安全漏洞。 （5）具备数据取证和分析能力：在面对复杂的网络安全问题时，能够迅速收集相关信息，进行系统的分析和判断，准确找出问题的根源，如通过分析网络流量和系统日志，确定是遭受了 DDoS 攻击还是内部违规操作；能够从系统日志、网络流量等数据中提取有用信息，追踪安全事件的来源和过程；掌握系统恢复和数据重建技术，在遭受安全攻击后能够快速恢复系统和数据； （6）掌握 Python、Java 等编程语言，能够编写网络安全相关的工具和脚本，如自动化漏洞扫描脚本、恶意代码检测工具等。 工作地点 东营广饶县山东齐成石化 以担保或任何理由索要财物，扣押证照，均涉嫌违法。一经发现， 立即举报,"Python,Java",http://www.zhaopin.com/jobdetail/CC626832830J40774335316.htm?refcode=4019&srccode=401901&preactionid=b03250cc-d69a-481a-8354-002f1ad325c0
网络信息安全工程师,山西聚兴汇峰信息科技有限公司,4000-5000元,太原·小店·平阳路,广州,大专,1-3年,7月24日,zhilian,岗位职责： 1、负责涉密集成项目及涉密信息系统的实施维护，实施现场问题协调解决等工作。 2、配合项目经理完成项目的实施工作，完成项目的进度、成本、质量和风险的控制。 3、配合售前人员、研发人员、完成标书、安装、验收等相关工作，推进项目整体进度，并输出技术文档、验收文档等。 4、负责对使用用户进行培训。 任职要求： 1、专科以上学历，具备信息安全或涉密项目实施运维经验。 2、3年以上相关工作经验，有政府信息化或信创项目实施经验者优先考虑。 3、熟悉保密单位涉密计算机的安全策略配置，为客户安装保密安全产品，熟悉奇安信、北信源等安全保密产品的安装。熟悉主流安全产品的技术原理并熟练操作，如：防火墙、VPN、入侵检测、漏洞扫描等；有参与过分保或等保项目优先。熟悉网络基本硬件设备，可以独立部署及运维，了解主流国内安全设备。 4、能独立完成实施方案、验收材料等文档编写工作。 5、具备良好的沟通协调能力，有强烈的服务意识及责任意识；有良好的保密意识，党员优先，涉密人员优先。 6、能够适应省内短期出差。 7、熟悉北信源、中孚等安全产品。 福利待遇： 上班时间：早8：30-晚6:00，法定节假日休息，双休（周六需值班轮休），出差补助，节日福利等 薪资计算：底薪+项目提成+出差补助 工作地点 小店区太原融创中心西区6-1-1402 以担保或任何理由索要财物，扣押证照，均涉嫌违法。一经发现， 立即举报,"涉密人员,网络安全",http://www.zhaopin.com/jobdetail/CCL1484660540J41022849804.htm?refcode=4019&srccode=401901&preactionid=b03250cc-d69a-481a-8354-002f1ad325c0
网络信息安全工程师,江西创御泰信息技术有限公司,6000-7000元·13薪,潍坊·潍坊·大虞,广州,学历不限,经验不限,7月10日,zhilian,职位描述 WEB安全 岗位内容： 1. 负责公司网络信息安全体系的规划、设计和实施，包括网络架构、安全设备等。 2. 制定安全策略和规范，完善安全管理制度，提高公司的安全意识和保护能力。 3. 进行安全漏洞扫描和风险评估，制定漏洞修补计划，提高系统的安全性。 4. 发现并及时处置安全事件，制定应急预案，减少安全事故发生率。 任职要求： 1. 具有网络安全、计算机科学、信息技术等相关专业背景。 2. 熟悉网络安全技术和相关产品，了解信息安全法规和标准。 3. 具备一定的安全攻防技能和安全运维经验，熟悉安全工具和安全产品的使用。 4. 具备良好的学习能力和团队合作精神，有一定的解决问题能力和应变能力。 工作地点 山东省潍坊市奎文区新华路74号山东省潍坊市奎文区新华路74号 以担保或任何理由索要财物，扣押证照，均涉嫌违法。一经发现， 立即举报,WEB安全,http://www.zhaopin.com/jobdetail/CCL1521954530J40934273202.htm?refcode=4019&srccode=401901&preactionid=b03250cc-d69a-481a-8354-002f1ad325c0
网络工程师（安全+云计算）,广州鹏龙数字技术有限公司,8000-13000元·13薪,广州·天河·五山,广州,大专,1-3年,7月24日,zhilian,岗位职责： 1.技术服务交付：负责与Sangfor产品网络、虚拟化、安全技术相关的技术方案测试、实施集成和售后技术服务工作； 2.项目质量管理：与市场及客户项目团队配合，完成产品及服务交付工作并全程确保交付质量和风险管理； 3.技术问题处理：为客户提供的技术服务包含不限于综合、复杂网络的场景、性能、数据包分析及相关项目问题的资源协调沟通； 4.客户沟通技能：能有效与客户进行日常项目沟通，达成技术认可，并协调和提供必要的技术服务； 5.负责客户现场的问题处理以及推动问题闭环，并提供结果反馈给对应负责人。 任职要求： 1.技术能力：熟悉深信服云产品、安全产品，梳理掌握产品技术原理； 2.沟通能力：具备良好的沟通表达理解能力、资源协调能力； 3.业务经验：较强的客户导向意识，能够充分理解用户（内外部用户）需求和分析本质原因并通过合适的沟通技巧达成工作目的。 薪资待遇： 1、工作时间：8:40-18:00 可周末双休 2、工作地点：看定位 3、假期：法定公众假期、带薪年假、产假/陪产假、丧假及婚假等法定假期； 4、福利：社保公积金齐全、年终奖金及节日礼品等； 5、员工关怀：员工生日礼品、优秀员工评选； 6、员工生活：员工户外活动、大型年会、部门聚餐等； 7、员工培训与发展：提供完善的晋升机制，注重人才培养计划。 工作地点 广州天河区深信服科技股份有限公司(广东分公司)601 以担保或任何理由索要财物，扣押证照，均涉嫌违法。一经发现， 立即举报,"深信服,防火墙,项目交付",http://www.zhaopin.com/jobdetail/CCL1504753210J40854343801.htm?refcode=4019&srccode=401901&preactionid=b03250cc-d69a-481a-8354-002f1ad325c0
网络安全员,杭州润革网络科技有限公司,1-1.3万,杭州·拱墅·和睦,广州,本科,1-3年,7月22日,zhilian,岗位职责 负责公司办公网络、服务器、业务系统日常安全巡检，监测病毒、漏洞、入侵、钓鱼攻击等安全风险； 定期开展漏洞扫描、渗透测试，输出安全整改报告，跟进系统、设备漏洞修复； 维护防火墙、堡垒机、EDR、监控告警等安全设备，配置访问权限，管控内外网访问规则； 处理网络安全突发事件：病毒爆发、数据泄露、账号被盗、网络攻击，快速应急处置并复盘； 制定公司网络安全管理制度、员工上网规范，定期开展全员网络安全培训； 备份核心业务数据，完善数据安全防护机制，保障业务系统稳定、数据不丢失。 任职要求 计算机、网络安全、信息工程相关专业，1-3 年企业 / 政企网络安全运维经验； 熟悉 TCP/IP 网络协议，防火墙、入侵检测、终端安全等主流安全产品运维； 掌握漏洞挖掘、基础渗透、病毒查杀、日志分析能力，能独立处理安全故障； 了解等保 2.0 基础要求，有等保测评对接经验优先； 责任心强，具备应急处置思维，能接受突发网络安全事件加班处理。 公司 & 福利 年轻团队氛围轻松，发展稳定 完善薪资 + 绩效激励，回报看得见 双休｜早 9 晚 6｜纯不加班，时间自由可控 五险一金、带薪年假、法定节假日正常休 团建活动、节日礼品、日常下午茶全覆盖 清晰晋升路线 + 系统化内部培训，成长有保障 工作地点 杭州市-拱墅区-和睦新村北侧约240米22楼 以担保或任何理由索要财物，扣押证照，均涉嫌违法。一经发现， 立即举报,信息安全,http://www.zhaopin.com/jobdetail/CCL1521756230J40913831812.htm?refcode=4019&srccode=401901&preactionid=b03250cc-d69a-481a-8354-002f1ad325c0
网络安全工程师,天津盛辉企业管理咨询服务有限公司,9000-12000元·13薪,焦作·修武县·小营工贸区,广州,本科,3-5年,7月6日,zhilian,岗位职责 1、负责公司整体网络安全、信息安全、数据安全体系建设与落地运维，覆盖办公网、研发网、生产工控网、服务器、业务系统、终端设备全场景，适配光通信企业研发资料、核心技术数据、客户信息安全管控需求。 2、负责防火墙、WAF、IPS/IDS、堡垒机、VPN、上网行为管理等安全设备的日常运维、策略配置、优化升级及故障排查，定期开展全网安全巡检、漏洞扫描、基线核查与渗透测试，及时发现并处置网络攻击、病毒木马、越权访问、数据泄露等安全风险。 3、落实等保2.0、网络安全法、数据安全法合规要求，主导等级保护测评、专项自查、整改落地、资料归档等全流程工作，保障企业合规经营。 4、负责服务器、业务系统、办公终端、账号权限的安全加固与权限审计，规范账号开通、变更、注销流程，定期输出安全审计报告，杜绝权限滥用、数据泄密风险。 5、负责网络安全突发事件的应急响应、溯源分析、故障处置与复盘整改，建立完善应急处置机制，定期组织全员网络安全培训、应急演练与安全宣导。 6、持续跟踪行业网络安全动态，优化安全防护策略，迭代安全管理制度与流程，配合完成各类安全专项检查、外部审计工作。 任职要求 本科及以上学历，网络安全、信息安全、计算机科学与技术、电子信息等相关专业，1-3年光通信、电子制造、高新科技企业网络安全运维经验。熟悉TCP/IP网络协议、主流网络及安全设备部署运维，熟练掌握漏洞扫描、安全加固、渗透测试、应急处置等技能。精通等保2.0合规建设及测评流程，了解工控安全、数据安全管控规范。具备基础日志分析、风险研判能力，逻辑清晰、原则性强，具备良好的跨部门沟通协调能力。持有CISP、HCIP-Security、HCIE-Security等权威证书者优先，有高新企业涉密、核心数据安全管控经验优先。 奖金绩效 年底双薪 工作地点 焦作修武县修武经济技术开发区 以担保或任何理由索要财物，扣押证照，均涉嫌违法。一经发现， 立即举报 客户,"WEB安全,网站安全,主机安全",http://www.zhaopin.com/jobdetail/CCL1289385330J40872332909.htm?refcode=4019&srccode=401901&preactionid=b03250cc-d69a-481a-8354-002f1ad325c0
网络安全工程师,四川融科智联科技有限公司,8000-13000元,昆明·盘龙·拓东,广州,本科,3-5年,7月25日,zhilian,职位描述 WAF 防火墙 IDS/IPS 堡垒机 EDR 漏洞扫描 日志审计等配置与运维 渗透测试 网络安全 信息安全 【岗位内容】 1.负责公司网络安全架构规划与安全策略落地，保障网络、服务器、业务系统及数据安全。 2.运维各类安全设备，开展漏洞扫描、渗透测试及日志分析，排查安全隐患并推动整改闭环。 3.管控数据全生命周期安全，依据相关法规及等保2.0标准开展合规审计，协助完成等保测评。 4.处置各类网络安全突发事件，对接内外部安全需求，跟踪行业安全动态，开展技术分享，提升团队整体防护能力。 【任职资格】 1.本科及以上学历，计算机/网络安全等相关专业，3年及以上安全工作经验 2.熟悉防火墙、WAF、IDS/IPS、堡垒机等安全设备配置运维 3.熟悉TCP/IP协议及路由交换技术，具备网络排查与安全分析能力 4.掌握渗透测试、漏洞扫描、应急响应、安全加固流程 5.熟悉Windows、Linux系统安全，了解常见攻击防御方法 6.具备良好的沟通协调能力与责任心，持有CISP/CISSP/CEH等证书者优先 工作地点 昆明盘龙区恒隆广场办公楼56楼 以担保或任何理由索要财物，扣押证照，均涉嫌违法。一经发现， 立即举报,"WAF,防火墙,IDS/IPS,堡垒机,EDR,漏洞扫描,日志审计等配置与运维,渗透测试",http://www.zhaopin.com/jobdetail/CC568392380J40938175808.htm?refcode=4019&srccode=401901&preactionid=b03250cc-d69a-481a-8354-002f1ad325c0
网络信息安全工程师,贵州康禾科技有限公司,4000-8000元,贵阳·南明,广州,本科,1-3年,3月12日,zhilian,职位描述 信息安全 1、负责公司及客户网络安全体系的搭建与维护，包括但不限于防火墙、入侵检测 / 防御系统（IDS/IPS）、VPN、WAF 等安全设备的配置、部署与日常运维； 2、定期开展网络安全漏洞扫描、渗透测试（含内部系统及客户委托项目），出具漏洞分析报告并推动修复，降低安全风险； 3、监控网络安全事件（如恶意攻击、数据泄露、病毒入侵等），建立应急响应机制，及时处置安全告警，撰写事件分析报告； 4、参与客户安全需求调研与方案设计，提供专业的网络安全咨询服务，协助制定安全策略（如访问控制、数据加密、权限管理等）； 5、配合业务部门完成安全合规相关工作，确保公司及客户系统符合等保 2.0、ISO27001、数据安全法等法律法规要求。 6、本科及以上学历，计算机科学与技术、网络工程、信息安全、软件工程等相关专业； 3 年及以上网络安全相关工作经验（优秀应届生或有突出项目经验者可适当放宽）。 （二）技能要求 7、熟悉 TCP/IP 协议栈，掌握局域网、广域网、无线网络的架构与原理，具备网络故障排查能力；精通至少 2 类主流安全设备的配置与运维，如华为 / 华三 / 深信服防火墙、启明星辰 IDS/IPS、F5 负载均衡、奇安信 WAF 等； 8、掌握漏洞扫描工具（如 Nessus、OpenVAS）、渗透测试工具（如 Metasploit、Burp Suite）的使用，能独立完成中小型系统的渗透测试；了解常见网络攻击手段（如 DDoS、SQL 注入、XSS、缓冲区溢出等）及防御策略，具备安全事件分析与溯源能力； 9、熟悉等保 2.0（GB/T 22239）、数据安全法、个人信息保护法等合规要求，有等保测评、安全合规项目经验者优先； 10、持有 CISAW（注册信息安全专业人员）、CISP（注册信息安全专业人员）、CEH（道德黑客）、SSCP 等安全认证者优先。 工作地点 南明区遵义路贵阳置地大厦1612-1613室 以担保或任何理由索要财物，扣押证照，均涉嫌违法。一经发现， 立即举报,信息安全,http://www.zhaopin.com/jobdetail/CC637053980J40819702213.htm?refcode=4019&srccode=401901&preactionid=b03250cc-d69a-481a-8354-002f1ad325c0
网络安全驻场运维工程师,山西因弗美讯科技有限公司,8000-15000元,北京·丰台·花乡,广州,本科,1-3年,5月22日,zhilian,岗位职责： 1、负责各类网络安全系统日常运维，包括巡检、系统问题处置，规则升级等工作; 2、负责各类安全告警监控分析，定期时报告安全事件; 3、负责安全事件处置跟踪，记录安全事件处理过程、处理结果、处理时间等，形成事件分析报告，同时定期跟踪事件暴露的风险整改进度; 4、负责定期对应用系统开展漏洞扫描、安全基线检查，整理检查报告，跟踪、验证整改情况。 5、监控安全设备告警日志、调整安全设备配置、检查安全基线;定期开展渗透测试、漏洞扫描等安全检测类工作 任职要求： 1、计算机相关专业大学专科及以上学历，具备1年以上网络安全运维工作经验； 2、熟悉常用的网络安全工具，能对常见的网络故障和安全事件进行分析和处理； 3、较好的沟通表达能力，能够妥善处理客户关系。 4、根据工作需要会外派驻场 工作地点 丰台区房天下大厦-A座北京丰台郭公庄房天下A座1009 以担保或任何理由索要财物，扣押证照，均涉嫌违法。一经发现， 立即举报,"系统运维,服务器运维,网络运维",http://www.zhaopin.com/jobdetail/CC465476630J40914803004.htm?refcode=4019&srccode=401901&preactionid=b03250cc-d69a-481a-8354-002f1ad325c0
网络安全技术工程师,南京中钮科技有限公司,100-150元/天,南京·鼓楼·华侨路,广州,大专,经验不限,3月16日,zhilian,岗位职责 1. 负责政府部委、央企、国企、金融电力等客户的信息安全咨询规划、方案的设计及实施； 2. 负责客户的安全管理体系制定，包括制度体系规划、安全管理制度编写和修订、沟通交流等工作； 3. 配合销售及售前进行重客户的交流和方案沟通及招投标相关工作； 4.跟踪行业动态，编写检查方案、实施手册、考核要求等； 5. 负责商机信息统计，协调、推进、参与和配合公司大型综合性项目、完成考核指标。 任职要求 1. 具备3年以上信息安全咨询服务项目的实施经验，独立交付过大型的安全咨询规划项目； 2. 熟悉主流安全技术原理，包括云安全，数据安全，网络安全，安全设备和产品等专项安全； 3. 具备良好的咨询方案编写及交付能力； 4. 具备优秀的沟通协调、快速学习能力及抗压能力; 5. 具有CISP、CISSP或CISA等证书者优先 。 职位福利：年终分红、五险一金、绩效奖金、公司重点项目、节日福利 工作地点 江苏省南京市鼓楼区虎踞路 以担保或任何理由索要财物，扣押证照，均涉嫌违法。一经发现， 立即举报,"数据安全,WEB安全,主机安全,网站安全,IDC安全,云安全,系统安全",http://www.zhaopin.com/jobdetail/CCL1356862560J40275489114.htm?refcode=4019&srccode=401901&preactionid=b03250cc-d69a-481a-8354-002f1ad325c0
网络安全实战领航（可无经验）,湖北新蜕智能科技有限公司,1.5-3万,武汉·洪山·狮子山,广州,大专,经验不限,7月25日,zhilian,职位描述 无 男女不限，针对大学应届毕业生、IT 相关岗位转型的人员、有志于从事网络安全职业的退役军人、计划提升专项能力的在职人员四大群体 工作地点 湖北省武汉市洪山区合富金生建材生态城V5馆S201-203 以担保或任何理由索要财物，扣押证照，均涉嫌违法。一经发现， 立即举报,无,http://www.zhaopin.com/jobdetail/CCL1524995480J40911729303.htm?refcode=4019&srccode=401901&preactionid=b03250cc-d69a-481a-8354-002f1ad325c0
网络安全咨询顾问,广州掌动智能科技有限公司,1.3-1.5万,广州·海珠·琶洲,广州,本科,1-3年,7月24日,zhilian,职位描述 WEB安全 信息安全 工作职责: 1.可独立完成网络安全/威胁分析专题报告的编辑； 2.分解工作要求、协调二线团队完成交办任务； 3.了解国内及国外网络安全热点，提供安全咨询建议。 任职要求: 1.本科以上学历，计算机科学、电子信息、通讯工程、网络空间安全等相关专业优先；党员优先。 2.有网络安全咨询、项目管理实施经验或党政机关驻场经验者优先。 3.熟悉网络安全安服行业，具备一定的技术功底，掌握典型安全漏洞原理。 4.掌握国家及行业网络安全法律法规和了解国际/国内主流安全标准。 5.具备优秀的安全材料撰写功底，能独立编制逻辑清晰、数据详实、符合监管要求的汇报材料，文字表达精准，重点突出。 6.具备较强的表达协同能力和高度责任心与保密意识。 工作地点 广州海珠区广报中心大厦-南门902室 以担保或任何理由索要财物，扣押证照，均涉嫌违法。一经发现， 立即举报,WEB安全,http://www.zhaopin.com/jobdetail/CC347759780J40957170815.htm?refcode=4019&srccode=401901&preactionid=b03250cc-d69a-481a-8354-002f1ad325c0
网络和应用系统【网络和网络安全】,拓保软件,8000-11000元,北京·昌平,广州,大专,5-10年,6月23日,zhilian,岗位职责 1、负责公司各办公区有线网络、无线网络、语音系统故障排查和处理; 2、负责网络设备日常巡检、维护、管理、优化等工作; 3、负责网络设备升级方案编写、实施等工作; 4、负责网络设备上、下架及设备调试工作; 5、负责服务器硬件及操作系统的安装、配置与日常运维管理; 6、负责公司视频会议的网络支持和技术保障等工作; 7、负责应用系统的部署、迁移及日常运维技术支持; 8、负责与相关部门对接，保障责任范围内的网络安全工作符合要求; 9、负责公司网络资产及服务器资产的登记、盘点工作; 10、负责日常周报、工作手册、故障报告等文档编写. 二、岗位要求 1、计算机、信息通讯相关专业，大专及以上学历，5年以上网络及系统运维相关工作经验; 2、具有网络工程项目建设经验或系统集成项目经验优先; 3、掌握TCP/IP传输协议及原理，熟悉各类WAN的接入配置，熟悉主流LAN的网络拓扑，具备网络规划能力和排错能力; 4、熟悉主流路由交换网络协议，如OSPF、VLAN、STP等; 5、能独立对网络进行规划并出具解决方案; 6、具备公司无线AP网络搭建调试能力; 7、具备服务器（Windows/Linux）安装、配置及运维管理能力; 8、熟悉虚拟化平台（VMware/Hyper-V/KVM等）的部署与管理; 9、熟悉主流应用系统（Web服务器、数据库、中间件等）的部署与运维; 10、具备网络安全意识，了解基本安全防护措施; 11、具有较强的文字能力、良好的沟通表达能力和团队协作精神; 12、具备CCIE、HCIE、RHCSA、RHCE等相关证书者优先. 【岗位二】网络和网络安全工程师，薪资：9000-11000 一、岗位职责 1、负责公司各办公区有线网络、无线网络、语音系统故障排查和处理; 2、负责网络设备日常巡检、维护、管理、优化等工作; 3、负责网络设备升级方案编写、实施等工作; 4、负责网络设备上、下架及设备调试工作; 5、负责网络安全设备的部署、配置与管理（防火墙、IDS/IPS、WAF等）; 6、负责公司网络安全架构的设计与持续改进，制定并完善网络安全策略; 7、负责公司网络安全事件的监测、分析与应急响应处理; 8、负责公司网络安全漏洞扫描、风险评估及整改跟踪; 9、负责与安全厂商、安全机构的沟通对接，推进网络安全专项工作; 10、负责公司网络安全防护体系的日常监控与值守，开展全网安全风险巡查，及时发现并处置网络攻击、异常行为等安全威胁; 11. 负责公司安全基线核查与系统加固工作，覆盖服务器、网络设备、数据库等关键基础设施，推动安全配置合规; 12. 负责公司常态化漏洞扫描与风险评估，跟踪漏洞修复闭环管理，协助完成整改验证，降低整体安全风险; 13、为内部同事或客户提供安全相关答疑与技术支持; 14、参与安全流程优化，协助推动安全措施落地; 15、负责公司网络资产登记、盘点及安全评估工作; 16、负责日常周报、工作手册、故障报告等文档编写. 二、岗位要求 1、计算机、信息通讯、网络安全相关专业，大专及以上学历，5年以上网络实施、运维或网络安全相关工作经验; 2、掌握TCP/IP传输协议及原理，熟悉各类WAN的接入配置，熟悉主流LAN的网络拓扑，具备网络规划能力和排错能力; 3、熟悉主流路由交换网络协议，如OSPF、VLAN、STP等; 4、能独立对网络进行规划并出具解决方案; 5、具备公司无线AP网络搭建调试能力; 6、掌握网络安全基础知识，熟悉常见网络攻击手段及防御原理; 7、熟悉主流网络安全产品（防火墙、WAF、IDS/IPS、漏洞扫描、堡垒机、日志审计等）的原理与配置; 8、具备网络安全风险评估及应急响应能力; 9、具备ACL、防火墙策略配置与管理经验，了解网络安全分区与访问控制原则; 10、具有漏洞扫描工具使用经验，能独立完成扫描、报告输出与漏洞解读，具备一定的日志分析能力; 11、具备系统或应用安全加固实践经验，熟悉常见安全漏洞修复方法; 12、良好的沟通与答疑能力，能向非技术人员解释安全问题和措施; 13、熟悉常见网络安全及分析工具，例如wireshark、burpsuite、poc框架等; 14、具备脚本编写能力（如Python、Shell），可辅助自动化日常任务; 15、需持有CCNP、CISP或以上同级别证书; 16、持有CCIE、CISAW或以上同级别相关证书优先考虑. 工作地点 北京昌平区A19地块东门【中石油科技园A19地块】 以担保或任何理由索要财物，扣押证照，均涉嫌违法。一经发现， 立即举报,"网络安全,网络运维,网络管理,CISSP认证证书,CISP认证证书,NISP证书",http://www.zhaopin.com/jobdetail/CC157088920J40826073916.htm?refcode=4019&srccode=401901&preactionid=b03250cc-d69a-481a-8354-002f1ad325c0
网络安全工程师,黑龙江大数据产业发展有限公司,5000-9000元,哈尔滨·香坊·安乐,广州,本科,经验不限,7月25日,zhilian,岗位职责： 1.负责分析网络现状，对网络及系统进行安全评估和安全加固，设计网络安全解决方案； 2.负责对出现的网络攻击或安全事件进行处理并形成总结报告； 3.负责对客户网络架构设计合理的网络安全解决方案； 4.负责对权属企业进行网络安全服务； 5.负责对态势感知平台进行监控和处置； 6.完成领导交代的其他工作。 任职资格： 1、网络工程、信息安全、计算机技术相关专业本科及以上学历； 2、具备扎实的网络基础知识，熟悉TCP、IP协议，熟练掌握网络相关设备的配置技术； 3、熟悉主流网络安全产品的相关功能以及应用场景； 4、了解常见的网络攻防思路与技术手段； 5、熟悉网络安全服务工作流程、内容以及20984/等级保护等行业信息安全标准、规范标准； 6、有较强的责任感，服务意识，具有较强的自主学习能力、沟通表达能力； 7、具有CISAW、CISP、CISSP等认证证书或安全厂商从业经验者优先录用 工作地点 哈尔滨香坊区黑龙江大数据产业发展有限公司 以担保或任何理由索要财物，扣押证照，均涉嫌违法。一经发现， 立即举报,信息安全,http://www.zhaopin.com/jobdetail/CC531499030J40560322911.htm?refcode=4019&srccode=401901&preactionid=59db067e-cfee-4484-a5f2-086e4305a45f
网络安全工程师(J20905),阳光保险集团,面议,北京·通州·永顺,广州,本科,经验不限,5月18日,zhilian,岗位职责: 1.负责制定与完善应用开发安全流程与标准规范。 2.负责对公司应用系统进行安全评估，包括但不限于安全技术方案评审、代码审计、渗透测试、漏洞扫描等。 3.协助研发团队修复安全漏洞，提供专业的安全建议和指导。 4.具备一定开发能力，负责参与完善安全工具建设。 5.负责公司应用安全事件应急响应。 任职要求: 1.本科及以上学历，有3年以上应用安全方向工作经验。 2.熟悉常见WEB漏洞的原理及攻击防御技术，对应用安全设计有一定了解。 3.熟悉常见安全测试工具（burpsuite、yakit、sqlmap、AWVS等），可独立完成WEB、APP的黑盒测试和白盒审计。 4.熟悉Linux操作系统，熟悉掌握一种或多种开发语言，Java、Python、golang等。 5.具有良好的学习能力、沟通能力和团队合作精神。 工作地点 北京通州区阳光金融城西门 以担保或任何理由索要财物，扣押证照，均涉嫌违法。一经发现， 立即举报,"网站安全,WEB安全,应用安全,CISP,CISSP,等保测评师",http://www.zhaopin.com/jobdetail/CC120868770J41007824804.htm?refcode=4019&srccode=401901&preactionid=59db067e-cfee-4484-a5f2-086e4305a45f
网络安全工程师,成都深普科技有限公司,5000-8000元,南宁·青秀·南湖,广州,大专,1-3年,7月21日,zhilian,岗位职责 1.国产网络设备运维：负责华为等主流国产交换机、深信服等主流国产防火墙的部署、配置、日常巡检与维护，优化网络及安全设备运行参数，保障设备稳定高效运行，建立完善的设备运维台账。 2.安全防护与漏洞管理：落实网络安全防护措施，定期开展漏洞扫描、风险评估，独立完成漏洞修复与安全加固工作；优化防火墙安全策略，防范网络攻击、数据泄露等安全事件，保障网络环境安全合规。 3.故障排查与应急处置：独立排查网络及安全设备（交换机、防火墙）运行故障，快速定位问题根源并完成修复；制定安全应急响应预案，组织开展日常安全演练，提升突发安全事件的处置能力，降低安全风险。 4.安全策略与合规管理：参与制定网络安全管理制度、操作规范，监督安全策略的落地执行；配合内部安全审计、等保测评等工作，整理相关资料并落实整改要求，确保网络安全工作合规有序。 5.日常安全监控与优化：实时监控网络安全状态及设备运行情况，及时发现并处置安全告警；持续优化网络安全架构与防护体系，结合业务需求调整安全策略，提升整体网络安全防护水平。 6.跨部门协同与支持：对接运维、业务等部门，提供网络安全技术支持，协助排查跨部门网络安全相关问题；开展内部网络安全知识宣导，提升全员安全防护意识。 任职要求 1.基本条件：大专及以上学历，计算机、网络安全、信息工程等相关专业；2年及以上网络安全及网络设备运维工作经验，有大型企业或单位网络安全运维经验者优先，有自动化运维经验者优先。 2.核心技术能力： （1）精通华为等国产交换机的配置、调试、巡检与故障处理，熟悉交换机VLAN、路由、端口聚合等核心技术。 （2）熟练掌握深信服等国产防火墙的部署、策略配置、日志分析及维护，具备防火墙安全策略优化与故障排查能力。 （3）掌握TCP/IP协议及网络安全基础理论，具备独立完成漏洞扫描、修复、安全加固及安全演练的实操能力。 （4）了解网络安全等级保护合规要求，有等保测评配合及整改经验者加分；熟悉常见网络攻击手段及防御方法。 （5）能熟练使用网络安全运维工具（漏洞扫描器、抓包软件、网络监控工具等），具备良好的问题分析与解决能力。 3.资质与素养：持有网络安全、网络设备相关认证（如华为HCIP、深信服认证、等保相关认证等）者优先；具备较强的责任心、应急处置能力与抗压能力，工作严谨细致，善于沟通协作，有持续学习新技术的意愿。 工作地点 南宁青秀区龙居苑 以担保或任何理由索要财物，扣押证照，均涉嫌违法。一经发现， 立即举报,信息安全,http://www.zhaopin.com/jobdetail/CC454588010J40918944912.htm?refcode=4019&srccode=401901&preactionid=59db067e-cfee-4484-a5f2-086e4305a45f
网络安全工程师,深圳市丰沃创新信息技术有限公司,1.3-1.4万,北京·海淀,广州,大专,1-3年,7月22日,zhilian,职位描述 渗透测试 网络攻防 信息安全 要求会渗透测试和网络安全攻防 工作地点 北京海淀区通元路 以担保或任何理由索要财物，扣押证照，均涉嫌违法。一经发现， 立即举报,"渗透测试,网络攻防,信息安全",http://www.zhaopin.com/jobdetail/CCL1516866130J41002369602.htm?refcode=4019&srccode=401901&preactionid=59db067e-cfee-4484-a5f2-086e4305a45f
网络及安全高级运维工程师,润建股份,1-1.5万,珠海·香洲区·唐家湾镇,广州,大专,1-3年,7月26日,zhilian,岗位职责： 1.负责珠海市大数据中心云平台（L2）网络系统的日常巡检、性能监控与告警处理，覆盖路由器、交换机、防火墙、负载均衡、网闸等150+台网络设备； 2.主导华为SDN控制器（Agile Controller-DCN）的运维管理，包括策略配置、故障排查和优化； 3.负责网络故障快速定位与处置，故障发生后5分钟内上报、50分钟内完成修复； 4.编制并维护网络拓扑图、LLD表、设备接线表等网络文档； 5.管理专线接入、公网地址分配及Global区网络资源； 6.定期输出网络性能报告、故障分析报告，提出拓扑优化和扩容建议； 7.配合安全工程师完成网络安全策略部署（访问控制、入侵检测/防御、VPN等）； 8.参与季度应急演练，编写网络应急预案。 任职要求： 1.必备条件 持有HCIE-R&S或HCIE-Security认证（必备） 2年以上中大型数据中心网络运维经验 精通华为SDN技术，熟悉AgileController-DCN控制器架构及运维 熟悉华为数通产品线：CE系列交换机（CE12800/CE8800/CE6800）、NE系列路由器、USG 系列防火墙 熟练掌握OSPF/BGP/VXLAN/EVPN等主流网络协议 具备独立排查复杂网络故障的能力 2.优先条件 同时持有CISP或HCIE-Security认证者优先 有政务云或运营商级数据中心运维经验优先 了解等保三级网络安全要求优先 熟悉网管平台eSight运维者优先 其他信息： 1、需两周内到岗！！！ 2、本岗位为项目制，周期暂定一年； 3、办公时间：08：30-18：00 周末双休（若有值班则按甲方轮班制度走）； 4、购买五险一金，项目上不包吃住； 5、持有HICE证（硬性要求）！！！ 工作地点 珠海香洲区大数据中心二期 以担保或任何理由索要财物，扣押证照，均涉嫌违法。一经发现， 立即举报,中大型数据中心网络运维经验,http://www.zhaopin.com/jobdetail/CC202740210J41023333704.htm?refcode=4019&srccode=401901&preactionid=59db067e-cfee-4484-a5f2-086e4305a45f
网络安全工程师（培训生）,上海安锐信科技有限公司武汉分公司,80-100元/天,武汉·洪山·关山,广州,本科,经验不限,7月14日,zhilian,职位描述 可转正 实习证明 网站安全 计算机软件 检测/认证/计量 技术服务 一、岗位亮点 1.资深导师一对一带教，从0到1搭建实战能力 2.参与安全合规、渗透测试、风险评估全流程项目 3.3-6个月培养期，考核合格直接定岗留用 二、培训内容 1.网络安全基础、漏洞原理、安全工具实操 2.协助开展系统安全审计、渗透测试与风险评估 3.接触安全合规，积累行业经验 三、任职要求 1.计算机、信息安全等相关专业 2.对网络安全有强烈兴趣，愿意长期深耕 3.能接受6个月培训周期，每周坐班5天，能稳定完成全程培养 四、我们提供 1.培养期出勤补贴+转正后完善福利 2.透明考核留用机制+清晰职业成长路径 工作地点 武汉洪山区琨瑜国际中心 以担保或任何理由索要财物，扣押证照，均涉嫌违法。一经发现， 立即举报,网站安全,http://www.zhaopin.com/jobdetail/CCL1521059350J40877606403.htm?refcode=4019&srccode=401901&preactionid=59db067e-cfee-4484-a5f2-086e4305a45f
网络安全工程师,云南致安科技有限公司,4000-8000元,昆明·盘龙·东华,广州,学历不限,1-3年,7月24日,zhilian,职位描述 态势感知 入侵检测 日志审计 加密装置 正反向隔离 华为证书 网络安全 电力通讯 信息安全 计算机硬件 通信/网络设备 工作内容:负责通信、网络安全、施工、技术调试等工作开展。配合技术经理相关工作安排，完成对应工作。 岗位要求: 1.熟悉网络通信设备安装及调试，如华为或者华三路由器、交换机等: 2.熟悉网络安全设备安装及调试，如主流东软、迪普、天融信等品牌的防火墙、入侵检测、日志审计、态势感知等: 3.具备HCIP、HCIE、低压电工、驾驶证优先: 4.拥有电力系统工作经验者优先。。 职位福利：双休、法定节假日、五险+商业险、年底双薪+项目奖金、节日福利、每年2次调薪、定期培训 、出差补贴、年轻化团队 工作地点 昆明盘龙区金平果国际商务3609 以担保或任何理由索要财物，扣押证照，均涉嫌违法。一经发现， 立即举报,"态势感知,入侵检测,日志审计,加密装置,正反向隔离,华为证书,网络安全,电力通讯",http://www.zhaopin.com/jobdetail/CCL1257957240J40355123505.htm?refcode=4019&srccode=401901&preactionid=59db067e-cfee-4484-a5f2-086e4305a45f
安全服务实习生,兰州大方电子有限责任公司,200-250元/天,兰州·七里河区·秀川街道,广州,大专,经验不限,7月25日,zhilian,岗位职责 1、协助开展网络安全评估工作，包括漏洞扫描、渗透测试及安全基线检查，使用 Nessus、AWVS 等工具识别系统弱点。 2.配合安全团队处理网络安全事件，记录事件详情并协助分析根本原因，参与应急响应流程演练。日常监控安全日志与威胁情报3.有蓝队经验，协助安全团队进行客户防守工作。 岗位要求 1、熟悉信息安全相关法律法规 2.参加过网络攻防，hw行动、红蓝对抗等项目，具备认 证优先考虑，如HCNP、CISP等; 3.熟悉网络安全设备(防火墙、IPS等)、主要操作系统(windows linux)的安全评估、加固工作，具备一定的黑客攻防技术: 4.具备良好的文档输出能力和沟通能力。 工作地点 甘肃省兰州市七里河区南滨河中路1500号三维商城电子商务产业孵化大厦9楼 以担保或任何理由索要财物，扣押证照，均涉嫌违法。一经发现， 立即举报,"实习证明,信息安全",http://www.zhaopin.com/jobdetail/CC175373720J40890249113.htm?refcode=4019&srccode=401901&preactionid=59db067e-cfee-4484-a5f2-086e4305a45f
信息安全运维工程师,上海五昊信息科技有限公司,7000-14000元,上海·徐汇·虹梅路,广州,学历不限,1-3年,7月24日,zhilian,岗位职责 1、负责防火墙、态势感知、WAF等安全设备日常运维，实时监控网络告警，区分误报与真实攻击，持续优化告警策略。2、定期开展全网资产漏洞扫描、端口巡检，跟进业务漏洞整改、复测，常态化开展风险治理。 3、处理病毒入侵、网页篡改、外部攻击等安全事件，完成日志溯源、恶意IP封堵、系统加固，输出应急处置报告。 4、承担重大活动、节假日网络安全重保值守，提供远程/现场安全技术支撑。 5、整理安全台账，编写巡检、月度安全报告，配合单位完成等保测评、内部安全自查工作。 6、跟进行业安全漏洞情报，输出安全加固建议，提升整体网络防护能力。 工作地点 上海市-徐汇区-桂平路555号46号616室 以担保或任何理由索要财物，扣押证照，均涉嫌违法。一经发现， 立即举报,"网站安全,云安全,主机安全",http://www.zhaopin.com/jobdetail/CC468032310J40832877116.htm?refcode=4019&srccode=401901&preactionid=59db067e-cfee-4484-a5f2-086e4305a45f
高级网络安全工程师,湖南立晓建设工程有限公司,4000-7000元,长沙·芙蓉·韭菜园,广州,本科,1年以下,7月24日,zhilian,职位描述 网站安全 信息安全 技术服务 工程施工 岗位内容： 1. 建立和维护企业信息安全基础设施，包括网络、系统、应用程序等。 2. 监测和分析安全事件和漏洞，制定相应的应对方案，确保系统的安全性。 3. 设计和实施安全策略和控制措施，保护企业的核心数据和业务流程。 4. 参与安全审计和风险评估，为公司提供专业的安全咨询和建议。 任职要求： 1. 具有网络安全、计算机科学、信息技术等相关专业背景。 2. 熟悉常见的安全攻击方式和防御措施，具备较强的安全意识和技能。 3. 熟练掌握主流安全工具和产品，如防火墙、入侵检测系统、安全监控系统等。 4. 具备良好的沟通协调能力和团队合作精神，能够有效解决各种安全问题。 工作地点 长沙芙蓉区银华大厦 以担保或任何理由索要财物，扣押证照，均涉嫌违法。一经发现， 立即举报,网站安全,http://www.zhaopin.com/jobdetail/CCL1247483580J40864752511.htm?refcode=4019&srccode=401901&preactionid=59db067e-cfee-4484-a5f2-086e4305a45f
网络安全工程师,苏州常立科技有限公司,1.2-1.6万,上海·浦东·唐镇,广州,大专,5-10年,7月24日,zhilian,岗位职责： 1、项目交付：交付所在局点H3C网络安全项目，包括项目前期网络规划、实施以及后期的运维支持，问题处理等； 2、技术支持：为所在局点客户提供网上问题远程和现场支持及专业技术培训； 3、合作赋能：和团队同事分享项目经验，技术案例。 工作地点 浦东新区交通银行数据处理中心(上海) 以担保或任何理由索要财物，扣押证照，均涉嫌违法。一经发现， 立即举报,"网站安全,网络系统,负载均衡,DISPLAY,、PING,TRACEROUTE,华三安全IE证书",http://www.zhaopin.com/jobdetail/CCL1342208670J40809480416.htm?refcode=4019&srccode=401901&preactionid=59db067e-cfee-4484-a5f2-086e4305a45f
网络安全实习生,天津恒御科技有限公司,100-160元/天,天津·和平·小白楼,广州,本科,经验不限,5月7日,zhilian,职位描述 密码安全 网络安全 CISP CISSP CISAW 信息安全 》岗位必须到面，没有线上面试。 》如无法现场面试或仅可短期实习，勿投 工作内容 1、按公司培养计划参加网络安全知识学习与考核，快速掌握各岗位应知应会的技能; 2、认真参与工作实践，从行为到心理完成学校到职场的全面过度 3、匹配适合发展的岗位进行上岗实训，参与岗位实际工作，在工作中锻炼提升能力; 4、服从公司在实训期的各项工作安排，通过自身不断努力实现快速成长。 岗位要求: 1、本科及以上学历，信息安全、计算机、网络、通信、密码等相关专业，25届或26年应届毕业生; 2、掌握网络及信息安全基础技术知识，包括但不限于网络、操作系统、数据库、密码、攻防技术等方向; 3、了解公司业务发展方向，具备快速学习能力，有意长期投身于网络及信息安全领域工作; 4、良好表达沟通能力者优先，良好理解能力、结构化思维能力者优先，良好抗压能力、情绪控制能力者优先; 5、思想端正、态度积极，有上进心，具备共情能力和服务意识的小伙伴优先。 工作地点 天津和平区京津国际中心 以担保或任何理由索要财物，扣押证照，均涉嫌违法。一经发现， 立即举报,"密码安全,网络安全,CISP,CISSP,CISAW",http://www.zhaopin.com/jobdetail/CC254027130J40846256111.htm?refcode=4019&srccode=401901&preactionid=59db067e-cfee-4484-a5f2-086e4305a45f
网络安全工程师,江苏盈中通信科技有限公司,4000-7000元,徐州·云龙区·黄山街道,广州,大专,1-3年,7月24日,zhilian,职位描述 应用安全 信息安全 软件/IT服务 通信/网络设备 1.熟悉数通知识，了解信息安全，网络安全等相关知识! 2.熟悉主流的安全产品技术和方案，了解最新的信息安全动态 熟悉Windows、[inux等操作系统的系统安全管 理，掌握系统、网络及相关安全攻防知识，熟悉常用网络攻击及预防方法: 3.熟悉入侵检测、网络攻击、据加密等安全技术，熟悉各类网络安全设备和系统。 4.具备较强的分析判断能力、组织协调能力沟通能力和创新能力。 5.熟悉主流安全厂家设备的调试与维护：如奇安信、天融信、启明星辰、深信服等 工作地点 云龙区徐州医科大学主校区 以担保或任何理由索要财物，扣押证照，均涉嫌违法。一经发现， 立即举报,应用安全,http://www.zhaopin.com/jobdetail/CC672013280J40530953513.htm?refcode=4019&srccode=401901&preactionid=59db067e-cfee-4484-a5f2-086e4305a45f
网络安全工程师（节假日休息）,山西聚兴汇峰信息科技有限公司,4000-5000元,太原·小店·平阳路,广州,大专,1-3年,7月17日,zhilian,岗位职责： 1、负责涉密集成项目及涉密信息系统的实施维护，实施现场问题协调解决等工作。 2、配合项目经理完成项目的实施工作，完成项目的进度、成本、质量和风险的控制。 3、配合售前人员、研发人员、完成标书、安装、验收等相关工作，推进项目整体进度，并输出技术文档、验收文档等。 4、负责对使用用户进行培训。 任职要求： 1、专科以上学历，具备信息安全或涉密项目实施运维经验。 2、3年以上相关工作经验，有政府信息化或信创项目实施经验者优先考虑。 3、熟悉保密单位涉密计算机的安全策略配置，为客户安装保密安全产品，熟悉奇安信、北信源等安全保密产品的安装。熟悉主流安全产品的技术原理并熟练操作，如：防火墙、VPN、入侵检测、漏洞扫描等；有参与过分保或等保项目优先。熟悉网络基本硬件设备，可以独立部署及运维，了解主流国内安全设备。 4、能独立完成实施方案、验收材料等文档编写工作。 5、具备良好的沟通协调能力，有强烈的服务意识及责任意识；有良好的保密意识，党员优先，涉密人员优先。 6、能够适应省内短期出差。 7、熟悉北信源、中孚等安全产品。 福利待遇： 上班时间：早8：30-晚6:00，法定节假日休息，双休（周六需值班轮休），出差补助，节日福利等 薪资计算：底薪+项目提成+出差补助 工作地点 小店区太原融创中心西区6-1-1402 以担保或任何理由索要财物，扣押证照，均涉嫌违法。一经发现， 立即举报,"网络安全,涉密人员",http://www.zhaopin.com/jobdetail/CCL1484660540J41022838304.htm?refcode=4019&srccode=401901&preactionid=59db067e-cfee-4484-a5f2-086e4305a45f
网络安全工程师,山东新捷迈信息科技有限公司,6000-8000元,济南·历城·港沟,广州,大专,1-3年,7月26日,zhilian,职位描述 网络安全 计算机软件 计算机硬件 信息安全 职位描述： 1、为客户提供专业的信息安全与网络实施和服务； 2、针对客户的网络环境设计相应的部署方案，进行设备上架，并进行设备调试、技术培训与排障等相关技术工作； 3、能够耐心细致地解答客户提出的技术问题，快速及时地处理客户设备所出现的故障。 任职要求： 1、计算机相关专业大专以上学历，具备一年及以上网络安全相关行业经验； 2、具有良好的服务意识，为人热情，细致耐心； 3、具备良好的表达与演讲能力，应变能力强，性情平和； 4、具有大中型网络安全项目实施及管理经验； 5、深入理解TCP/IP，并熟练运用路由/交换、状态检测、IPSec相关技术； 6、熟悉网络安全相关产品，包括防火墙、VPN、防病毒、IDS/IPS等； 7、具备深信服等相关知名网络或安全厂商技术相关经验的优先考虑，具有网络/安全相关认证证书者优先考虑，如：HCSA、HCSP、CCNP、CCIE、CISP等； 我们也欢迎想从技术岗转销售岗的优秀人才~ 职位福利：五险一金、绩效奖金、加班补助、餐补、交通补助、带薪年假 工作地点 历城区济南高新区舜华路1117号科汇大厦南区6层 以担保或任何理由索要财物，扣押证照，均涉嫌违法。一经发现， 立即举报,网络安全,http://www.zhaopin.com/jobdetail/CC391135520J40020151515.htm?refcode=4019&srccode=401901&preactionid=59db067e-cfee-4484-a5f2-086e4305a45f
网络安全工程师（硬件管理方向）,赛尔网络,8000-11000元·13薪,杭州·上城·清波,广州,本科,1-3年,7月15日,zhilian,"岗位职责： 1. 负责学校网络安全相关服务工作，包括设备日志监控、安全策略优化、日志分析、威胁研判、事件处置、应急响应等； 2. 负责常用安全设备策略配置，每日告警日志的监控、分析、漏洞验证、复现； 3. 负责安全事件的应急响应，包括流量溯源分析、攻击源定位、协助处置； 4. 协助用户完成日常安全管理工作。 任职要求： 1. 本科及以上学历，计算机、网络安全、电子信息、软件工程等相关专业； 2. 两年及以上乙方网络安全服务工作经验，具有安全运营服务或者安全厂家工作经验者优先； 3. 熟悉网络安全体系架构，熟悉网络安全与攻防技术，了解态势感知、流量分析、EDR、防火墙、IPS、WAF等安全类产品； 4. 了解漏洞挖掘技术原理，熟悉渗透测试流程，掌握常见漏洞（不限于OWASP Top10）原理、挖掘技巧及利用手段等； 5. 具备良好的文字表达和文档编写能力,能独立撰写各类安全服务报告和技术方案； 7. 具备良好的沟通与协作能力，团队合作意识强； 8. 具有CISP、CISSP、CISAW等相关安全证书者优先。 福利待遇： 1、按照国家规定周末双休，按时缴纳五险一金； 2、员工享有国家规定的法定假日及年假、婚假、产育假等假期； 3、话费补贴、交通补贴等 4、每年免费进行员工体检。 工作地点 杭州上城区中国美术学院(南山校区) 以担保或任何理由索要财物，扣押证照，均涉嫌违法。一经发现， 立即举报",网站安全,http://www.zhaopin.com/jobdetail/CC000422110J40782486706.htm?refcode=4019&srccode=401901&preactionid=59db067e-cfee-4484-a5f2-086e4305a45f
网络安全工程师（可无经验）,湖北新蜕智能科技有限公司,8000-12000元,济南·历下·姚家,广州,大专,经验不限,7月25日,zhilian,职位描述 无 男女不限，针对大学应届毕业生、IT 相关岗位转型的人员、有志于从事网络安全职业的退役军人、计划提升专项能力的在职人员四大群体 工作地点 历下区济南万象城 以担保或任何理由索要财物，扣押证照，均涉嫌违法。一经发现， 立即举报,无,http://www.zhaopin.com/jobdetail/CCL1524995480J40911730603.htm?refcode=4019&srccode=401901&preactionid=59db067e-cfee-4484-a5f2-086e4305a45f
网络安全运维工程师,新疆天山智汇信息科技有限公司,7000-14000元·13薪,乌鲁木齐·水磨沟区·七道湾街道,广州,大专,1-3年,7月25日,zhilian,岗位职责： 1、安全设备的日常监控和维护，包括态势感知日志监测、安全事件分析和处置，及时进行安全设备策略的变更和调整； 2、安全运维的相关文档、技术资料的编写； 3、协助客户进行安全隐患的排查、资产梳理、安全漏洞测试和相关设备的运维； 4、参与常态化网络安全运营，落实安全事件通报、安全事件响应和处置工作； 5、完成客户及公司交代的其他相关事宜 任职要求: 1、计算机、网络安全相关专业，专科及以上学历。 2、熟悉网络安全防护体系、掌握扎实的安全基础知识，了解各种攻击与防护技术。 3、具有一定的网络基础，熟悉网络路由器、防火墙、交换机等网络设备的维护; 4、熟悉常见网络安全设备，了解工作原理和部署方式，如防火墙、IDS、IPS、堡垒机、态势感知、漏洞评估工具等; 5、有相关的项目经验，对能编写安全运维相关文档和技术资料。 7、具有良好的沟通和协调能力，团队意识和客户服务意识强。 8、具有安全工程师CISP、CISAW、软考类信息安全工程师、网络工程师等认证证书者优先考虑。 工作地点 乌鲁木齐水磨沟区红光山路绿地中心806 以担保或任何理由索要财物，扣押证照，均涉嫌违法。一经发现， 立即举报,"应用安全,主机安全,WEB安全,CISP,NISP",http://www.zhaopin.com/jobdetail/CC508498220J40631790202.htm?refcode=4019&srccode=401901&preactionid=59db067e-cfee-4484-a5f2-086e4305a45f
网络安全工程师,西安诺眸网络科技有限公司,1.1-1.4万,西安·莲湖·枣园,广州,本科,经验不限,8月1日,zhilian,职位描述 WEB安全 主机安全 安全架构设计 安全合规建设 安全事件应急响应 工作职责 1. 负责公司网络与信息系统的安全架构设计，制定并落地安全防护策略。 2. 开展日常安全漏洞扫描与渗透测试，及时发现并修复系统安全隐患。 3. 监控网络安全态势，快速响应安全事件并进行溯源分析，输出解决方案。 4. 参与安全合规体系建设，确保系统符合行业安全标准与法规要求。 任职要求 1. 本科及以上学历，计算机、网络安全等相关专业，基础扎实。 2. 熟悉网络安全原理，掌握防火墙、入侵检测系统（IDS）、漏洞扫描工具的配置与使用。 3. 具备漏洞挖掘、渗透测试经验，能独立完成Web应用、服务器等安全评估。 4. 了解常见网络攻击手段与防御方法，有安全事件应急响应实战经验者优先。 工作地点 莲湖区西安恒大翡翠华庭3栋1层 以担保或任何理由索要财物，扣押证照，均涉嫌违法。一经发现， 立即举报,"WEB安全,主机安全,安全架构设计,安全合规建设,安全事件应急响应",http://www.zhaopin.com/jobdetail/CCL1526870040J40792413006.htm?refcode=4019&srccode=401901&preactionid=c54e28c1-9c54-4ac9-93e3-46f7c874a829
网络安全工程师(梧州),广州市卓欣信息技术有限公司,3000-5000元,梧州·万秀区·东兴街道,广州,大专,1-3年,,zhilian,岗位职责： 1、安全值守：日常安全分析、安全事件管理与响应、安全检测和发现、安全应对等。协助确保项目范围各变电站安全防护系统和业务不出现由于攻击等安全方面原因导致的安全事件或故障。 2、安全运维：及时处理项目范围的安防设备、系统异常及缺陷，包括二次安防交换机、加密装置、隔离装置、防火墙、态势感知系统等，确保安防设备、系统可用率达到要求。优化安全告警，更新安全系统软件及特征库。查找和发现网络配置、操作系统、中间件、数据库等关键基础设施的安全漏洞，并协助修复漏洞。 3、安全加固：协助定期开展电力监控系统、终端的病毒查杀工作，变电站病毒查杀、补丁安装。协助按照要求完成项目范围内电力监控系统的加固工作，关闭各类高危端口，安装安全补丁，关闭、封堵、拆除或禁用主机上不必要的USB、软盘驱动、光盘驱动、串行口、无线、蓝牙等各类接口，关闭系统中不必要的服务。 4、系统接入优化调整：根据新建、改造工作安排，按照安全防护技术规范、施工建设安全要求、安健环标准等，配合完成各类系统及设备安装部署、接入调试，确保系统建设规范性、安全性。 5、故障处理及应急响应：提供安全应急处置技术支持服务，当安全防护设备发生故障、电力监控系统或网络遭到攻击或发现被入侵的情况下，需要赶赴现场，协助解决问题。对重大漏洞、风险和安全事件，协助调查分析处理并出具相应报告。 6、能对客户提出的技术问题进行解答等。 7、按照项目管理的要求，记录实施或维护记录。 8、保供、重要节假日、系统重大变更等时期提供驻场值守和技术支持服务。 任职要求： 1、计算机或相关专科或以上学历，2年以上网络安全维护经验； 2、有相关证书优先考虑； 3、具备良好的服务意识与服务技巧，主动跟进各类事项并积极沟通协调，以提高客户满意度； 4、具有较强的责任感、具备能够独立的开展工作的能力； 5、具有较强的分析问题和解决问题的能力； 6、具有良好的团队合作精神。 驻场人员宜具备低压电工证，如暂无低压电工证的需在驻场三个月内取得低压电工证 工作地点 万秀区广西电网梧州供电局(西环路) 以担保或任何理由索要财物，扣押证照，均涉嫌违法。一经发现， 立即举报,"防火墙,加密装置,隔离装置,态势感知,安全加固,修复漏洞,安全漏洞,二次安防系统维保,电力监控系统",http://www.zhaopin.com/jobdetail/CC531869820J40861971913.htm?refcode=4019&srccode=401901&preactionid=c54e28c1-9c54-4ac9-93e3-46f7c874a829
网络安全技术员/包吃住,广州宇瑞人力资源有限公司,1.3-1.5万,佛山·顺德·北滘,广州,大专,经验不限,7月31日,zhilian,职位描述 主机安全 网络安全运维 漏洞管理 安全应急响应 工作职责 1. 负责企业网络系统的日常安全监控与维护，及时发现并处置潜在安全风险。 2. 执行服务器、终端设备的漏洞扫描与补丁管理，确保系统符合安全规范。 3. 协助搭建防火墙、入侵检测等安全防护体系，保障数据传输与存储安全。 4. 参与安全事件应急响应，记录并分析攻击日志，输出整改方案。 任职要求 1. 大专及以上学历，计算机、网络安全等相关专业优先。 2. 熟悉TCP/IP协议、常见网络设备（交换机、路由器）的配置与管理。 3. 掌握防火墙、杀毒软件、入侵检测系统等安全工具的基础操作。 4. 具备良好的问题排查能力，能独立处理常见网络安全故障。 补充说明 1. 福利：包吃包住 工作地点 佛山顺德区顺德未来城 以担保或任何理由索要财物，扣押证照，均涉嫌违法。一经发现， 立即举报 客户,"主机安全,网络安全运维,漏洞管理,安全应急响应",http://www.zhaopin.com/jobdetail/CCL1526650730J40878751410.htm?refcode=4019&srccode=401901&preactionid=c54e28c1-9c54-4ac9-93e3-46f7c874a829
网络安全工程师,深圳市福田区荣宏贸易商行(个体工商户),8000-16000元,深圳·福田·莲花,广州,大专,经验不限,8月1日,zhilian,职位描述 毕业一年以上的往届生 理工科优先 湾区数字人才培养： 网络安全工程师 集训：4个月 学历： 往届大专2年 往届本科1年 薪资：年薪15+万，保底9000/月 偏好：理工科优先，热爱网络攻防技术 适合：喜欢钻研技术，具备较强的理工科分析与解决能力，追求职业安全感的学员。 工作地点 广东省深圳市福田区景田东路与景田北三街交叉口东北150米74栋 以担保或任何理由索要财物，扣押证照，均涉嫌违法。一经发现， 立即举报,"毕业一年以上的往届生,理工科优先",http://www.zhaopin.com/jobdetail/CCL1526716600J40924503312.htm?refcode=4019&srccode=401901&preactionid=c54e28c1-9c54-4ac9-93e3-46f7c874a829
网络安全工程师助理,河南鑫科云信息科技有限公司,7000-11000元·13薪,深圳·南山·南头,广州,大专,经验不限,,zhilian,职位描述 WEB安全 网络安全设备运维 漏洞管理 安全事件响应 工作职责： 1. 协助执行网络安全设备（防火墙、IDS/IPS等）的日常监控与运维，及时发现并上报异常流量。 2. 参与漏洞扫描与渗透测试的辅助工作，整理并跟踪漏洞修复进度。 3. 协助编写安全事件报告，记录安全配置变更与应急响应过程。 4. 配合团队完成安全基线检查、数据备份与恢复等基础安全工作。 任职要求： 1. 大专及以上学历，计算机、网络安全相关专业优先。 2. 熟悉TCP/IP协议、常见网络攻击原理（如SQL注入、XSS）及防御方法。 3. 掌握至少一种安全工具（如Nessus、Wireshark）的基本操作。 4. 具备良好的学习能力与问题分析能力，能快速理解安全需求并执行任务。 5. 持有CCNA、Security+等基础安全认证者优先。 工作地点 深圳南山区南山大厦8楼 以担保或任何理由索要财物，扣押证照，均涉嫌违法。一经发现， 立即举报,"WEB安全,网络安全设备运维,漏洞管理,安全事件响应",http://www.zhaopin.com/jobdetail/CCL1524196370J41025367304.htm?refcode=4019&srccode=401901&preactionid=c54e28c1-9c54-4ac9-93e3-46f7c874a829
【网络安全】后勤—提供住宿,成都彩田网络科技有限公司,4000-6000元,成都·龙泉驿·大面,广州,大专,经验不限,8月1日,zhilian,职位描述 带薪年假 五险一金 提供住宿 互联网安全员 固定行政班次！！！月休6-8天 每天标准工作8小时工作制 大专及以上（需毕业） 坐班办公！冬暖夏凉！ 双休 独立工作环境 五险一金~节假日福利 工作地点 龙泉驿区成都经开科技产业孵化园b1-1栋4楼 以担保或任何理由索要财物，扣押证照，均涉嫌违法。一经发现， 立即举报,"带薪年假,五险一金,提供住宿",http://www.zhaopin.com/jobdetail/CCL1517004210J40924396112.htm?refcode=4019&srccode=401901&preactionid=c54e28c1-9c54-4ac9-93e3-46f7c874a829
网络安全工程师,北京国盛鑫科技有限公司,1-1.1万,天津·河西·陈塘庄,广州,本科,1-3年,7月28日,zhilian,职位描述 云安全 CISSP CISP 安全架构设计 渗透测试实战 应急响应处置 工作职责： 1. 负责公司产业互联网平台的安全架构设计与防护体系搭建，覆盖网络层、应用层及数据层全链路。 2. 主导安全漏洞扫描、渗透测试及应急响应工作，及时发现并处置系统安全风险。 3. 制定安全管理制度与技术规范，推动安全意识培训与技术落地，提升团队整体安全防护能力。 4. 跟踪网络安全领域最新威胁与技术趋势，引入前沿安全技术优化现有防御体系。 任职要求： 1. 本科及以上学历，计算机、网络安全相关专业优先，基础扎实。 2. 1年以上网络安全领域工作经验，熟悉防火墙、WAF、IDS/IPS等安全设备的配置与管理。 3. 具备渗透测试实战经验，熟悉OWASP Top 10漏洞原理及修复方案。 4. 掌握安全加固、数据加密、访问控制等核心安全技术，了解云安全防护体系优先。 工作地点 天津市-河西区-嘉江道与内江路交叉口 以担保或任何理由索要财物，扣押证照，均涉嫌违法。一经发现， 立即举报,"云安全,CISSP,CISP,安全架构设计,渗透测试实战,应急响应处置",http://www.zhaopin.com/jobdetail/CCL1509734300J40792282906.htm?refcode=4019&srccode=401901&preactionid=c54e28c1-9c54-4ac9-93e3-46f7c874a829
网络安全员,天津市星昊华仁医药销售有限公司,3000-5000元,天津·蓟州·洇溜,广州,大专,3-5年,7月9日,zhilian,职位描述 CISSP CISP 医疗行业合规 渗透测试实战 安全应急响应 薪资面议 工作职责： 1. 负责药店总部及连锁门店的网络安全体系建设，制定并落地安全管理制度与技术防护方案。 2. 定期开展网络安全风险评估与渗透测试，及时发现并修复系统漏洞，保障业务系统稳定运行。 3. 监控网络安全事件，建立应急响应机制，快速处置病毒攻击、数据泄露等安全威胁。 4. 对接监管机构要求，确保医疗数据存储、传输符合《网络安全法》及医药行业合规标准。 5. 组织内部安全培训，提升员工网络安全意识与操作规范。 任职要求： 1. 大专及以上学历，计算机、网络安全相关专业，基础扎实。 2. 拥有3年以上网络安全实战经验，熟悉防火墙、入侵检测系统（IDS/IPS）、数据加密等安全技术。 3. 具备医疗行业或零售连锁企业信息安全经验者优先，了解医药数据合规要求。 4. 掌握渗透测试、漏洞扫描工具的使用，能独立完成安全事件分析与报告撰写。 5. 持有CISSP、CISP、CEH等安全认证者优先。 工作地点 天津蓟州区洇溜镇中郑各庄村民委员会 以担保或任何理由索要财物，扣押证照，均涉嫌违法。一经发现， 立即举报,"CISSP,CISP,医疗行业合规,渗透测试实战,安全应急响应",http://www.zhaopin.com/jobdetail/CC393515410J40853758111.htm?refcode=4019&srccode=401901&preactionid=c54e28c1-9c54-4ac9-93e3-46f7c874a829
网络安全工程师,山西晋信安科技有限公司,5000-8000元,太原·小店·平阳路,广州,本科,经验不限,8月1日,zhilian,"岗位职责： 1.工作方向是根据等级保护测评规范，从事风险评估、等级保护、渗透测试等网络信息系统安全测评工作； 2.工作内容主要涉及网络、主机（linux、windows）、应用系统、数据库、安全管理、物理机房等方面的安全检测，并从攻击者角度分析网络安全风险； 3.负责信息安全产品和服务项目的实施以及项目支持的售前，售后服务。 任职要求： 1.计算机或信息安全相关专业, 本科及以上学历； 2.具有风险评估、等级保护测评、网络信息系统安全工作相关经验者优先； 3.获得CISP、CISSP、H3CNE、H3CNE/SE、CCNA/NP、OCP数据库或DJCP（初、中、高）等认证证书者优先。 工作地点 太原小店区环亚时代广场B座1806室 以担保或任何理由索要财物，扣押证照，均涉嫌违法。一经发现， 立即举报","网络安全,等级保护测评",http://www.zhaopin.com/jobdetail/CC476370930J40235683702.htm?refcode=4019&srccode=401901&preactionid=cd0be855-f62e-4768-a21d-9f437a3e9a23
网络安全实施工程师,北京创驰科技有限公司,8000-12000元·13薪,北京·海淀·上地,广州,大专,3-5年,6月15日,zhilian,职位描述 网站安全 信息安全 计算机硬件 岗位要求： 1. 华为&华三交换机、防火墙设备安装配置、故障排查； 2. 天融信、深信服安全设备的调试； 3. 具备较为清晰的排错思路和割接经验； 4. 熟悉国内主流厂商的产品系列，具备选型能力； 5. 具备大型互联网及较复杂的网络规划能力； 6. 具备大型网络安全项目集成经验优先； 任职要求： 1. 计算机或IT相关专业，有相关专业证书； 2. 具备3年以上网络安全工作经验，能对发生的故障进行快速定位和排除； 3. 熟悉TCP/IP协议和各种路由交换网络协议以及二三层转发原理，调试较复杂的网络； 4. 熟悉堆叠、链路聚合、STP、ACL、DHCP、NAT、VRRP、OSPF故障处理的思路 5. 熟悉常用隧道技术，如IPsec、GRE等技术 6. 熟练运用日常办公软件，有较强的文字表达能力，善于分析、总结工作中遇到的技术问题； 7. 具备责任心，团队意识，工作思路清晰，有条理； 工作地点 北京市海淀区上地三街9号A座706室 以担保或任何理由索要财物，扣押证照，均涉嫌违法。一经发现， 立即举报,网站安全,http://www.zhaopin.com/jobdetail/CC189086020J40765371014.htm?refcode=4019&srccode=401901&preactionid=cd0be855-f62e-4768-a21d-9f437a3e9a23
网络安全工程师,广州市卓欣信息技术有限公司,4000-5000元,梧州·万秀区·角嘴街道,广州,大专,3-5年,7月29日,zhilian,岗位职责： 1、辅助开展梧州供电局变电管理所管辖的变电站内电力监控系统网络安全运行专业巡视； 2、梧州供电局变电管理所管辖变电站电力监控系统网络安全巡检消缺； 3、梧州供电局变电管理所电力监控系统网络安全整改、加固； 4、协助做好技术支持、计算机及网络安全知识培训； 5、渗透测试、安全评估与整改； 6、应急响应； 7、应急演练支持； 8、在保供电、重要节假日、系统重大变更等关键敏感时期，根据招标方需要提供标准工作时间外的额外驻场值守和技术支持服务。 任职资格： 1、具备两年及以上网络安全运维的经验，计算机或信息安全相关专业大学大专及以上学历； 2、熟练掌握各类网络安全维护技术； 3、服从工作安排，具备耐心、细致，热诚的服务素质。 4、工作积极、认真负责、能吃苦耐劳，具有较强的沟通协调能力，有良好的团队合作精神。 工作地点 电业大厦(文澜路)梧州市万秀区文澜路3号（电业大厦） 以担保或任何理由索要财物，扣押证照，均涉嫌违法。一经发现， 立即举报,信息安全,http://www.zhaopin.com/jobdetail/CC531869820J40815329813.htm?refcode=4019&srccode=401901&preactionid=cd0be855-f62e-4768-a21d-9f437a3e9a23
网络防火墙运维工程师,北京阿提拉科技有限公司,9000-12000元,北京·西城·展览路,广州,本科,1-3年,8月1日,zhilian,职位描述 防火墙运维 网络安全应急处置 等保合规配合 工作职责 1. 负责新华保险项目边界安全设备（防火墙为主）的日常巡检、配置备份、固件升级及状态监控，保障设备稳定运行。 2. 主导防火墙策略的全流程管理，包括申请审核、开通变更、梳理优化、无效策略清理，以及NAT、VPN配置的日常维护。 3. 快速定位并处置网络丢包、访问异常、业务中断等故障，响应网络安全告警与攻击事件，执行应急处置流程。 4. 严格遵循金融行业规范，完成运维台账、变更记录、巡检报表的撰写，配合等保测评、安全合规整改及重大活动网络重保工作。 5. 对接内部业务部门，评审网络访问需求，落实权限隔离措施，完成业务上线前的安全核查。 任职要求 1. 统招本科及以上学历，学信网可查，专业不限。 2. 具备防火墙及网络安全运维经验：初级需1-3年基础运维能力，掌握TCP/IP原理及常规策略操作；中级需3-5年独立运维经验，可独立处理故障与甲方需求；高级需5-10年大型金融/政企架构运维经验，精通安全架构优化与应急统筹。 3. 工作严谨细致，责任心强，熟悉标准化IT变更流程。 4. 持有华为、深信服、天融信等防火墙厂商认证，或具备保险行业同类项目运维经验者优先。 工作地点 北京市西城区阜成门外大街2号万通金融中心A1008室A1008 以担保或任何理由索要财物，扣押证照，均涉嫌违法。一经发现， 立即举报,"防火墙运维,网络安全应急处置,等保合规配合",http://www.zhaopin.com/jobdetail/CC147646000J40879279014.htm?refcode=4019&srccode=401901&preactionid=cd0be855-f62e-4768-a21d-9f437a3e9a23
网络安全工程师,广州鸽创网络科技有限公司,1.2-1.7万,广州·白云·景泰,广州,本科,3-5年,,zhilian,职位描述 WEB安全 网站安全 安全体系建设 应急响应处置 等保合规 工作职责 1. 负责公司网络安全体系的规划与建设，包括防火墙、入侵检测系统等安全设备的部署与优化。 2. 开展日常安全巡检与漏洞扫描，及时发现并修复系统潜在安全风险。 3. 主导安全事件的应急响应与处置，分析攻击路径并输出针对性防护方案。 4. 制定安全管理制度与操作规范，组织内部安全培训，提升全员安全意识。 任职要求 1. 本科及以上学历，计算机、网络安全相关专业，基础扎实。 2. 3年以上网络安全领域工作经验，精通防火墙、WAF、IDS/IPS等安全设备的配置与管理。 3. 熟悉常见网络攻击手段与防护技术，具备渗透测试、漏洞挖掘的实战能力。 4. 掌握安全合规标准（如等保2.0），能独立完成安全评估与合规性整改。 工作地点 广州白云区羊城道胜创意谷3楼 以担保或任何理由索要财物，扣押证照，均涉嫌违法。一经发现， 立即举报,"WEB安全,网站安全,安全体系建设,应急响应处置,等保合规",http://www.zhaopin.com/jobdetail/CCL1526819820J40912094903.htm?refcode=4019&srccode=401901&preactionid=cd0be855-f62e-4768-a21d-9f437a3e9a23
网络安全工程师,广州市序景科技有限公司,4000-7000元,广州·番禺·南村,广州,大专,经验不限,,zhilian,职位描述 通信/网络设备 软件/IT服务 岗位内容： 1. 负责公司网络信息安全体系的规划、设计和实施，包括网络架构、安全设备等。 2. 制定安全策略和规范，完善安全管理制度，提高公司的安全意识和保护能力。 3. 进行安全漏洞扫描和风险评估，制定漏洞修补计划，提高系统的安全性。 4. 发现并及时处置安全事件，制定应急预案，减少安全事故发生率。 任职要求： 1. 具有网络安全、计算机科学、信息技术等相关专业背景。 2. 熟悉网络安全技术和相关产品，了解信息安全法规和标准。 3. 具备一定的安全攻防技能和安全运维经验，熟悉安全工具和安全产品的使用。 4. 具备良好的学习能力和团队合作精神，有一定的解决问题能力和应变能力。 工作地点 广州市-番禺区-汇智二路华新·智汇4楼 以担保或任何理由索要财物，扣押证照，均涉嫌违法。一经发现， 立即举报,漏洞扫描,http://www.zhaopin.com/jobdetail/CCL1525639680J40858786607.htm?refcode=4019&srccode=401901&preactionid=cd0be855-f62e-4768-a21d-9f437a3e9a23
驻点网络安全运维工程师,湖南美音网络技术有限公司,4000-6000元,永州·零陵区·七里店街道,广州,大专,1-3年,8月1日,zhilian,岗位职责 1.负责日常网络设备（路由器、交换机、防火墙等）的监控、配置、巡检、基线核查与维护； 2.负责基础安全事件应急响应； 3.编写运维报告和技术文档，协助团队完成服务交付； 4.与客户及团队成员保持良好沟通，及时反馈问题并跟进解决； 5.公司分配的其他任务。 二、任职要求 1.一年以上网络运维/安全运维相关经验，熟悉TCP/IP、OSPF、NAT等网络基础知识； 2.了解防火墙、入侵检测、准入、运维审计、日志系统等安全设备的基本原理。 三、必需条件： 1.良好的沟通表达能力，能够清晰描述技术问题并与团队协作； 2.做事踏实细致，具备较强的责任心和主动学习能力。 四、加分项（非必需）： 1.持有CISP或主流厂商安全方向认证证书； 2.对安全漏洞、安全合规、护网有初步了解。 职位福利：双休、五险、节假福利、各项补贴、团队活动 、各类培训、年终奖励。 工作地点 零陵区永州市中级人民法院 以担保或任何理由索要财物，扣押证照，均涉嫌违法。一经发现， 立即举报,"主机安全,云安全,IDC安全,CISP,CISAW",http://www.zhaopin.com/jobdetail/CC246088110J40788620808.htm?refcode=4019&srccode=401901&preactionid=cd0be855-f62e-4768-a21d-9f437a3e9a23
驻场运维工程师（网络及安全）,甘肃金悦通电子科技有限公司,3000-6000元,兰州·安宁区·西路街道,广州,中专/中技,经验不限,8月1日,zhilian,岗位职责 1、负责驻场单位网络设备及安全设备及系统的日常巡检、监控、维护与优化，包括防火墙、入侵检测/防御、日志审计、终端安全、漏洞扫描等； 2、负责安全告警分析、日志审计、风险事件处置及跟踪闭环，及时发现并上报网络安全隐患； 3、协助开展漏洞排查、基线核查、病毒木马查杀、弱口令整改及安全加固工作； 4、配合客户完成网络安全事件应急响应、故障排查与恢复，保障业务系统稳定、安全运行； 5、编制并维护巡检记录、运维日报/周报、安全事件报告、整改建议等相关文档； 6、配合项目实施及工作需求，完成网络设备调试、安全设备部署、策略调整、系统升级及技术支持工作； 7、严格遵守驻场单位的管理规范、安全管理制度及保密要求，确保服务质量和响应时效。 8、完成公司交办的其他工作。 任职要求 1、具备良好的沟通能力、服务意识和团队合作精神； 2、熟悉计算机网络基础知识，了解 TCP/IP、路由交换、VPN、DNS 等网络技术； 3、熟悉常见网络安全设备及产品，如防火墙、IPS/IDS、VPN、堡垒机、日志审计、EDR 等； 4、具备基础的安全事件分析、漏洞排查、日志分析和故障处理能力； 5、有责任心，能够独立处理驻场工作中常见的网络及安全运维问题； 6、能适应驻场工作环境，具备较强的学习能力和应急处理能力；持有网络安全相关证书或具备相关项目经验者优先。 工作地点 兰州安宁区 以担保或任何理由索要财物，扣押证照，均涉嫌违法。一经发现， 立即举报,"网络运维,桌面运维",http://www.zhaopin.com/jobdetail/CC877452480J40925570812.htm?refcode=4019&srccode=401901&preactionid=cd0be855-f62e-4768-a21d-9f437a3e9a23
初级网络安全工程师,深圳市华狮杰世软件技术有限公司,8000-12000元·13薪,深圳·龙岗·坂田,广州,本科,经验不限,,zhilian,岗位职责： 1、负责公司软件系统、网站、服务器、内网环境的日常安全运维与防护，定期开展安全巡检、漏洞扫描、风险排查，及时发现并修复各类安全隐患，保障公司业务系统稳定安全运行。 2、开展Web渗透测试、网络安全测试，对自研软件、客户项目系统进行安全检测，输出安全测试报告、整改建议，配合研发团队完成漏洞修复与安全加固。 3、负责网络安全事件应急响应，针对黑客攻击、病毒入侵、数据异常、越权访问等安全问题进行溯源分析、快速处置，形成事件复盘记录，建立应急处置机制。 4、跟进最新网络安全漏洞、威胁情报，梳理行业安全风险，定期更新安全防护策 任职要求： 1、本科学历，网络安全、计算机、软件技术、信息安全、网络工程等相关专业，应届生、实习生、有无经验均可，有相关实习或项目经验优先。 2、熟悉TCP/IP网络协议、常见网络架构，了解Web安全原理，掌握SQL注入、XSS、文件上传、越权访问等常见漏洞原理与防护方法。 4、了解Windows、Linux服务器基础运维，熟悉防火墙、VPN、入侵检测等安全设备基础配置，具备基础应急排障能力。 6、熟悉网络安全法律法规、等级保护基础规范，有等保项目、渗透测试、安全运维经验者优先。 薪资待遇： 1、薪资：8000-12000元/月（可根据经验、能力面议，应届生可带薪培养） 3、成长：定期技术培训、安全项目实战、技术晋升通道（安全工程师→高级安全工程师→安全主管/安全负责人） 公司主营软件开发、系统定制、信息化项目建设，网络安全为核心支撑岗位，工作稳定、技术含金量高，不局限单一运维工作，可全程参与软件项目安全测试、合规建设、攻防防护，适合长期深耕网络安全赛道。 工作地点 深圳龙岗区有所为大厦7楼 以担保或任何理由索要财物，扣押证照，均涉嫌违法。一经发现， 立即举报,"网站安全,云安全,主机安全",http://www.zhaopin.com/jobdetail/CCL1511879190J40867979607.htm?refcode=4019&srccode=401901&preactionid=cd0be855-f62e-4768-a21d-9f437a3e9a23
网络信息安全工程师,沧州领先未来电子商务有限公司,4000-8000元,沧州·沧县·纸房头镇,广州,本科,经验不限,7月30日,zhilian,职位描述 网站安全 信息安全 服务军政企客户，为客户提供信息化升级改造建设方案，提供网络安全维护，提供AI智能体维护，帮助客户安全高效运营。 工作地点 沧州沧县圣基大厦 以担保或任何理由索要财物，扣押证照，均涉嫌违法。一经发现， 立即举报,网站安全,http://www.zhaopin.com/jobdetail/CC814922420J40878350710.htm?refcode=4019&srccode=401901&preactionid=6506910c-c361-4f3b-baf1-f4ebaed5fb3b
助理网络安全工程师,重庆合晨电通科技有限公司,4000-6000元,重庆·两江新区,广州,大专,经验不限,7月29日,zhilian,岗位职责： 1. 熟悉自动化网络安全监测装置、纵向加密认证装置、防火墙、正反向隔离装置等安全防护设备； 2. 了解电力二次安全防护系统； 3. 熟悉国产操作系统麒麟系统、windows系统、Linux系统、Unix系统及相关系统数据库； 4. 了解二次安全防护系统结构； 5.熟悉各种操作系统及设备软件加固（高危端口）； 6.后期会有厂商专业培训。 任职条件： 1.计算机、电子信息及网络安全等相关专业专科及以上学历； 2.具有网络安全方面的专业知识、计算机网络知识、数据库方面知识。 工作地点 两江新区重庆合晨电通科技有限公司 以担保或任何理由索要财物，扣押证照，均涉嫌违法。一经发现， 立即举报,"主机安全,二次安防",http://www.zhaopin.com/jobdetail/CC385703080J40867913707.htm?refcode=4019&srccode=401901&preactionid=6506910c-c361-4f3b-baf1-f4ebaed5fb3b
网络安全工程师,石家庄中泰科技有限公司,4000-8000元,晋中·榆次区·张庆乡,广州,大专,经验不限,7月29日,zhilian,岗位职责: 1.负责网络安全架构规划，设计与建设，以及网络运维和标准化管理制定与落地; 2.负责配置.监测和维护路由器，交换机，防火墙， IDS， IPS等网络安全设备和工具; 3.负责进行网络漏洞扫描，渗透测试和安全审计等内外部安全事件响应; 4.负责与公司内部及供应商沟通协作，确保应用系统，数据和网络遵循安全标准和合规要求; 5.协助安全体系规划建设，支持等保测评等相关认证工作。 工作地点 山西省晋中市榆次区榆次工业园区8号路15号 以担保或任何理由索要财物，扣押证照，均涉嫌违法。一经发现， 立即举报,HCIE,http://www.zhaopin.com/jobdetail/CC261391010J40627416815.htm?refcode=4019&srccode=401901&preactionid=6506910c-c361-4f3b-baf1-f4ebaed5fb3b
网络安全工程师,内蒙古趣盼科技有限公司,5000-8000元,呼和浩特·新城,广州,大专,经验不限,8月1日,zhilian,职位描述 信息安全 工作内容 1、负责网络安全项目的规划与实施。 2、参与网络安全设备的配置与维护。 3、协助处理网络安全事件，确保网络稳定运行。 任职要求 I、具备网络安全相关知识和技能。 2、能够独立解决网络安全中的问题。 3、具有良好的团队合作精神和沟通能力。 工作地点 新城区呼和浩特科技城 以担保或任何理由索要财物，扣押证照，均涉嫌违法。一经发现， 立即举报,信息安全,http://www.zhaopin.com/jobdetail/CCL1502691000J40869654603.htm?refcode=4019&srccode=401901&preactionid=6506910c-c361-4f3b-baf1-f4ebaed5fb3b
网络安全,芜湖硕嘉信息技术有限公司,5000-7000元,张家口·桥东区·姚家庄镇,广州,大专,经验不限,7月30日,zhilian,职位描述 通信/网络设备 软件/IT服务 计算机硬件 1.负责公司网络、服务器、办公设备的日常安全巡检，及时排查安全隐患。 2.安装、维护防火墙、杀毒软件等安全防护工具，保障设备正常运行。 3.定期备份重要数据，防止数据丢失或泄露。 4.规范员工账号权限管理，做好密码、访问权限的安全管控。 5.记录安全工作台账，配合完成安全检查与整改工作。 入职要求: 1. 大专及以上学历，计算机、网络安全、信息技术等相关专业优先。 ​ 2. 了解基础网络知识、网络安全常识，熟悉防火墙、杀毒软件等基础安全工具。 ​ 3. 能独立完成日常安全巡检、简单故障排查和数据备份工作。 ​ 4. 具备基础的电脑操作能力，熟悉Windows/Linux系统优先。 ​ 5. 工作细心负责，有责任心，学习能力强，具备基本的问题解决能力。 ​ 6. 有相关网络安全实习经验、运维经验者优先；持有网络安全相关证书者优先。 工作地点 张家口桥东区站前东大街 以担保或任何理由索要财物，扣押证照，均涉嫌违法。一经发现， 立即举报,防火墙 Linux 故障排查,http://www.zhaopin.com/jobdetail/CCL1524291600J40897441703.htm?refcode=4019&srccode=401901&preactionid=6506910c-c361-4f3b-baf1-f4ebaed5fb3b
网络安全等保测评师,北京君云天下科技有限公司,9000-15000元,北京·朝阳,广州,本科,经验不限,3月2日,zhilian,岗位职责 1、负责网络安全等级保护测评项目的实施，完成等级测评项目相关计划、沟通工作，包括编写测评方案、现场测评、使用测评工具、编写测评报告等； 2、等保测评的项目实施及管理包括等保测评的安全物理环境、安全通信网络、安全计算环境、安全管理中心等； 3、了解各种网络设备、安全设备，知道交换机、防火墙、IPS等设备的主要功能和用途；了解各种服务器操作系统、数据库系统，知道windows、linux等操作系统的主要安全功能。 （二）任职要求 1、信息安全、网络安全、计算机科学与技术、软件工程等相关专业，本科及以上学历 2、 沟通能力强，具有较强的组织能力、推动能力，良好的客户服务观念、工作责任心及团队合作精神； 3、具有网络安全攻防、信息安全评测、风险评估项目管理经验者优先； 4、具有较宽的知识面，熟悉主流操作系统和数据库系统，具有较好的文档处理能力； 5、具有网络安全等级保护测评、风险评估、运维和集成实施经验，熟悉信息安全等级保护、风险评估相关标准者优先； 6、具有等级保护测评工程师证书、CISSP、CCNA、CCNP、 CISP证书者优先； 7、经验较少，但学习能力比较强，有意在信息安全方向发展的人员欢迎来提升自己。 工作地点 北京朝阳区龙立东方大厦A19八层8003 以担保或任何理由索要财物，扣押证照，均涉嫌违法。一经发现， 立即举报,"等保测评师,CISSP",http://www.zhaopin.com/jobdetail/CC520974230J40782418714.htm?refcode=4019&srccode=401901&preactionid=6506910c-c361-4f3b-baf1-f4ebaed5fb3b
网络安全技术员,九龙县雅砻江矿业有限责任公司,7000-8000元,甘孜·九龙县·呷尔镇,广州,本科,经验不限,7月30日,zhilian,岗位职责： 负责公司内部网络管理和对接公司智能化矿山建设工作，负责公司核心网络、数据中心、云平台的稳定运行与日常维护，保障网络舆情防控及网络安全管理工作。 3.公司福利 七险二金、带薪年假、绩效奖金、年终奖金、职业晋升通道、常态化专业技能培训、部门专项考核奖；享有节日福利、生日福利、高温补贴、取暖补贴、员工定期体检 工作地点 甘孜九龙县魁多镇江郎村 以担保或任何理由索要财物，扣押证照，均涉嫌违法。一经发现， 立即举报,培训,http://www.zhaopin.com/jobdetail/CCL1258932550J41025129104.htm?refcode=4019&srccode=401901&preactionid=6506910c-c361-4f3b-baf1-f4ebaed5fb3b
网络安全工程师,河南力致驰野实业有限公司,7000-12000元,成都·锦江·春熙路,广州,本科,1-3年,8月1日,zhilian,岗位职责： 1.安全运维、代码审计、等保测评； 2.应急响应、安全评估； 3.保护计算机系统、网络、数据安全。 岗位要求： 1.学历：本科及以上； 2.专业：计算机相关（非相关专业需增加岗训周期）； 3.其他：无犯罪记录、无纹身。 工作地点 成都锦江区玉沙路-98号 以担保或任何理由索要财物，扣押证照，均涉嫌违法。一经发现， 立即举报,网站安全,http://www.zhaopin.com/jobdetail/CCL1526926280J40879268414.htm?refcode=4019&srccode=401901&preactionid=b65a50d1-5b21-4ff2-a6b0-fe1e099c87c4
网络与信息安全工程师,陕西智合云图信息技术有限公司,8000-10000元,西安·新城·中山门,广州,大专,经验不限,,zhilian,职位描述 信息安全 云计算 通信/网络设备 工作职责 负责公司网络与信息系统的安全架构设计，建立完善的安全防护体系。 开展网络安全评估与渗透测试，及时发现并修复系统漏洞。 监控网络安全态势，快速响应并处置各类安全事件，制定应急预案。 跟踪行业安全动态，引入前沿安全技术，优化安全防护策略。 任职要求 本科及以上学历，计算机、网络安全等相关专业。 熟悉网络安全协议与技术，掌握防火墙、入侵检测系统等安全设备的配置与管理。 具备网络安全事件应急响应经验，能独立分析并解决安全问题。 持有CISSP、CISP等安全认证者优先。 工作地点 陕西省西安市新城区解放路103号 以担保或任何理由索要财物，扣押证照，均涉嫌违法。一经发现， 立即举报,"信息安全,云计算",http://www.zhaopin.com/jobdetail/CCL1500547650J40913186003.htm?refcode=4019&srccode=401901&preactionid=b65a50d1-5b21-4ff2-a6b0-fe1e099c87c4
网络安全运维工程师,河南豫信精密科技有限公司,6000-9000元,郑州·新郑·新港,广州,本科,1-3年,7月22日,zhilian,岗位职责： 1、负责网络、服务器、终端、云平台、安全设备的日常安全巡检、告警处置，及时发现并处理异常流量、违规操作、入侵攻击、病毒木马、等安全风险； 2、负责防火墙、IDS/IPS、EDR、堡垒机、等安全设备的策略运维、规则优化、故障排查； 3、负责账号、特权账号、运维权限管控，落实最小权限原则，定期清理弱口令、闲置账号、高危权限，规范运维操作审计流程； 4.负责日常工作中网络、终端等故障处理。 任职要求： 1、本科及以上学历，计算机相关专业； 2、熟练使用华为NeoSight等网管软件，熟练掌握 TCP/IP 四层、能独立完成中小型企业局域网规划、VLAN 划分、Trunk/Access 配置；熟练掌握 OSPF组网、BGP 路由协议、路由策略、ACL、前缀列表、路由过滤与路由优化，可解决路由收敛、路由选路、路由震荡等问题； 3、熟练配置与排查：STP/MSTP、VRRP、链路聚合、端口隔离，解决二层环路、网关漂移、链路单点故障； 4、掌握 IPsec、SSL VPN、GRE 等隧道技术，掌握 QoS、带宽限流、流量整形、端口限速技术，可独立处理丢包、延时、ARP 异常、跨VLAN不通、网络中断、端口Down等80%以上常见网络故障； 5、熟悉主流安全设备（深信服、安恒）配置、策略运维、规则优化、故障排查。 工作地点 郑州新郑市锦荣信息科技园豫发锦荣产业园5栋 以担保或任何理由索要财物，扣押证照，均涉嫌违法。一经发现， 立即举报,网站安全,http://www.zhaopin.com/jobdetail/CCL1373593060J40876199009.htm?refcode=4019&srccode=401901&preactionid=b65a50d1-5b21-4ff2-a6b0-fe1e099c87c4
驻场网络运维工程师（懂网络安全）,河南源华通信技术服务有限公司,3000-6000元,洛阳·洛龙,广州,大专,1-3年,,zhilian,岗位职责 1. 日常网络运维 - 负责客户园区/企业内网交换机、路由器、无线AC/AP、核心网关等网络设备日常巡检、配置备份、故障排查、带宽优化、VLAN、静态路由、OSPF、ACL、端口聚合、链路冗余等调试维护； - 处理终端上网故障、内网卡顿、跨网段不通专线故障等一线网络问题。 - 机房设备资产台账更新、机房环境巡检。 2. 网络安全设备运维（核心要求） 独立运维全系列安全设备：防火墙、行为管理、入侵防御IPS、入侵检测IDS、日志审计系统、防毒墙、堡垒机； - 防火墙：策略优化、NAT地址转换、域间访问控制、VPN（IPsec/SSL）、带宽管控、接口故障排查； - IDS/IPS：攻击特征库升级、入侵策略调优、异常流量拦截、病毒/渗透攻击告警分析、误报过滤； - 日志审计：全网设备日志采集、存储、检索、异常行为溯源、等保合规日志报表输出； - 防毒墙：病毒库定期升级、网关病毒查杀、恶意文件拦截、终端联动防护； 3. 安全合规与台账工作 - 定期导出安全审计报表、流量报表、风险告警报表，向甲方提交月度运维报告； - 配合等保测评、安全自查，梳理网络安全风险，输出整改方案并落地； - 完善网络拓扑、设备配置文档、安全策略台账、故障处理记录。 4. 应急与变更 - 网络/安全突发故障应急处置（断网、病毒爆发、外网攻击、内网渗透告警）； - 网络设备扩容、策略变更、版本升级、特征库更新执行变更流程，做好变更前后备份。 三、任职要求 硬性技能 1. 精通主流交换机、路由器（华为/华三/迪普任选其一熟练，两者优先），熟练配置VLAN、三层转发、链路聚合、STP、静态路由； 2. 熟练操作全套安全设备：防火墙、上网行为管理、IPS/IDS、日志审计、防毒墙，能独立调策略、排故障、分析告警； 3. 看懂全网安全日志，能溯源异常访问、攻击行为、违规上网行为； 4. 熟悉基础TCP/IP、路由交换原理，懂流量分析、端口排查、抓包基础； 5. 有相关驻场运维、政企/园区项目驻场经验优先； 6. 能长期驻客户现场，服从现场作息、值班安排。 加分项 1. 持有HCIA/HCIP、H3CSE、深信服SCSA/SCSP等网络安全证书； 2. 熟悉等保2.0要求，做过等保整改、日志合规建设； 3. 懂Windows服务器基础运维、终端病毒排查； 4. 有机房建设、综合布线、弱电项目实施经验； 5. 具备基础漏洞识别、渗透告警分析能力。 个人方面 1. 沟通能力良好，能对接甲方对接人，清晰汇报故障与安全风险； 2. 细心严谨，擅长文档整理、台账记录、定期巡检； 3. 抗压能力强，突发网络故障可快速到场处理； 4. 无不良从业记录，有保密意识。 四、待遇方面 1.试用期工资3500元/月，三个月可转正。（转正工资面议） 2.缴纳社保。法定节假日休息，过节福利都有。 工作地点 洛龙区洛阳广播电视台 以担保或任何理由索要财物，扣押证照，均涉嫌违法。一经发现， 立即举报,系统运维,http://www.zhaopin.com/jobdetail/CC828155160J40863016811.htm?refcode=4019&srccode=401901&preactionid=b65a50d1-5b21-4ff2-a6b0-fe1e099c87c4
网络安全工程师,河北永洋特钢集团有限公司,7000-8000元,邯郸·永年区·永合会镇,广州,本科,3-5年,7月31日,zhilian,职位描述 WEB安全 工控安全运维 工业控制系统防护 网络故障应急处置 工作职责 1. 负责集团生产网络与工业控制系统（ICS）的安全防护体系运维，保障设备稳定运行。 2. 快速定位并处置网络与安全故障，确保生产链路的连续性与安全性。 3. 配置与维护工控防火墙、WAF、IDS/IPS、堡垒机等安全设备，构建纵深防御体系。 4. 落实工控边界防护策略，防范外部入侵与内部数据泄漏风险。 任职要求 1. 本科及以上学历，计算机、网络工程等相关专业，基础扎实。 2. 3年以上网络安全工作经验，精通交换机、路由器配置及VLAN、路由、ACL等网络技术。 3. 熟练操作工控防火墙、WAF、IDS/IPS、堡垒机、日志审计、病毒防护等安全设备。 4. 理解工业控制系统边界防护逻辑，具备冶金或重工业网络安全经验者优先。 工作地点 邯郸永年区永洋特钢集团有限公司(西区) 以担保或任何理由索要财物，扣押证照，均涉嫌违法。一经发现， 立即举报,"WEB安全,工控安全运维,工业控制系统防护,网络故障应急处置",http://www.zhaopin.com/jobdetail/CC710249920J40877859709.htm?refcode=4019&srccode=401901&preactionid=b65a50d1-5b21-4ff2-a6b0-fe1e099c87c4
安全运营工程师（网络安全）,绵阳奇安优服科技有限公司,6000-12000元,广州·天河·五山,广州,大专,经验不限,10月10日,zhilian,岗位职责: 1、在客户现场提供驻场运维服务； 2、负责网络安全产品（如路由器、交换机、防火墙、上网行为管理、VPN等）运维； 3、对安全设备生成的日志和采集流量进行事件发现和挖掘，输出安全威胁分析报告； 4、能够独立进行项目实施、问题排查及处理； 5、能够适应短期出差。 任职资格: 1、大专及以上学历，计算机相关专业，从事网络安全工作满1年以上； 2、对终端安全、边界安全、身份认证安全、云安全等方面有较为踏实的理解； 3、具有一定操作系统、数据库部署安装、调试排错能力，熟悉TCP/IP协议与常见网络设备； 4、有较强的服务意识，善于沟通与协作，逻辑思维及问题推动能力较好； 5、具有CCNA、CCNP、CCIE以及CISP等相关职业资格证书优先。 职位福利：五险一金、交通补助、餐补、通讯补助 工作地点 广州天河区中公教育大厦 以担保或任何理由索要财物，扣押证照，均涉嫌违法。一经发现， 立即举报,"网络运维,系统运维,交换机、路由器、防火墙,系统安全",http://www.zhaopin.com/jobdetail/CCL1289846580J40276780706.htm?refcode=4019&srccode=401901&preactionid=b65a50d1-5b21-4ff2-a6b0-fe1e099c87c4
网络信息安全工程师,大连暗泉信息技术有限公司合肥分公司,7000-12000元,合肥·蜀山·南岗,广州,大专,经验不限,8月1日,zhilian,岗位职责 1.负责常见安全漏洞的复现、信息搜集与梳理，协同团队完成漏洞深度分析工作。 2.负责安全类数据整理、汇总与分析，承接团队日常技术支撑与项目辅助保障任务。 3.负责对目标系统实施深入的资产边界打点、漏洞挖掘与专项渗透测试。 任职要求 1.熟悉网络安全行业基础业务与专业概念，具备网络安全岗位相关认知。 2.熟练使用 Windows、Linux 操作系统及常用命令；掌握 TCP/IP、HTTP 等主流网络协议，理解常见 Web 及系统漏洞原理。 3.掌握 Python、Shell或JavaScript等至少一门编程语言，能够独立编写基础功能脚本或自动化代码。 4.具备AI工具应用能力：熟练使用大模型（如ChatGPT、DeepSeek等）辅助日常技术问题解决，了解并会运用AI 编程工具，提升工作效率。 5.具备良好的文档编写与沟通能力：能够规范输出各类安全测试报告、技术文档，具备较强的团队协作意识与主动学习能力。 6.熟悉常用的安全测试工具：了解Burp Suite、Namp、Sqlmap等基础安全工具的使用。 加分项: 1. 具备安全工具脚本、自动化漏扫程序、POC/EXP编写或前后端项目的独立/参与开发经验优先。 2.拥有个人技术博客，曾公开发布漏洞复现、技术笔记、开源工具实操等相关文章优先。 3.具有渗透测试和漏洞挖掘经验优先。 工作地点 合肥蜀山区中安创谷科技园一期 以担保或任何理由索要财物，扣押证照，均涉嫌违法。一经发现， 立即举报,Shell,http://www.zhaopin.com/jobdetail/CCL1484684170J40924602912.htm?refcode=4019&srccode=401901&preactionid=b65a50d1-5b21-4ff2-a6b0-fe1e099c87c4
网络安全运维工程师,中保网盾科技(云南)有限公司,5000-10000元,昭通·昭阳区·太平街道,广州,本科,1-3年,7月28日,zhilian,"职位描述 Windows 华为 系统安全 云安全 网络安全 云计算 信息安全 职责： 1.负责网络安全设备维护、漏洞排查及日志审计； 2.负责网络安全设备、操作系统和应用系统常见漏洞类型故障处理； 3.对操作系统（Linux/Windows）进行安全基线配置、漏洞修复及加固方案设计； 4.针对Web应用、数据库等业务系统实施安全加固（中间件安全配置、权限管控等）； 5.设计并实施云平台网络安全方案（VPC安全组、WAF配置、DDoS防护策略等），开展云环境安全风险评估，输出风险评估报告。 6.负责网络安全方案规划，合理配置安全设备及其策略； 7.负责云平台网络安全设备配置及接入工作，配合客户进行网络安全规划； 8.负责平台侧及用户侧网络安全规划方案、实施方案的撰写。 要求： 1.本科及以上学历，计算机科学与技术、软件工程、网络安全、通信等相关专业（条件优秀者可放宽至大专）。 2.一年以上相关网络安全的工作经验，熟悉了解阿里云/腾讯云/华为云等至少一家主流云平台云产品，具备IP网络运维及网络安全运维实际工作经验； 3.熟练掌握主流厂商网络、安全设备，或具有主流厂商安全设备的实操经验； 4.了解等级保护相关要求，能独立完成对现有业务进行等保安全设备接入； 5.熟悉当前主流安全攻击手段及其对应防御手段，熟练掌握各种安全工具的使用； 6.熟悉Linux/Windows系统安全加固和具备相关的操作经验； 7.具备网络安全合规架构设计能力（安全组策略、网络ACL、VPN隧道加密等），熟悉常见Web漏洞原理及防护方案（SQL注入、XSS、CSRF等）；了解态势感知、防火墙、waf，熟练使用者优先； 8.具备良好的技术文档编写能力（方案/报告/操作手册），良好的沟通交流能力，具有较强的问题排查能力，能快速定位云环境安全问题。 9.具备相关云安全相关认证：如CISP-CSE,CISSP、阿里云专家级认证等；或参与过等保合规项目经验及有信息安全渗透测试或红蓝对抗经验优先考虑。 热爱运维服务行业，崇尚技术、善于专研、敬业乐群者优先录用。 工作地点 云南省昭通市昭阳区太平街道国学路102 以担保或任何理由索要财物，扣押证照，均涉嫌违法。一经发现， 立即举报","Windows,华为,系统安全,云安全,网络安全",http://www.zhaopin.com/jobdetail/CCL1231461310J40770210205.htm?refcode=4019&srccode=401901&preactionid=b65a50d1-5b21-4ff2-a6b0-fe1e099c87c4
网络信息安全工程师（渗透）,重庆学一雅通信设备有限责任公司,8000-12000元,重庆·两江新区,广州,大专,1-3年,7月31日,zhilian,岗位职责 1. 按照工作实际需求，积极配合客户开展各类网络安全相关工作，服从安排，精准落实客户交办的各项任务，确保工作合规、高效推进； 2. 独立或协作完成客户单位渗透测试相关工作，包括WEB渗透、内网渗透、主机渗透等，全面排查网络、系统及应用中的安全漏洞，形成完整测试报告；根据实际参与客户单位HW攻防实战、安全演练等相关工作，承担技术岗位相关职责； 3. 负责日常网络安全监测、漏洞巡检，熟练运用各类安全工具及平台，及时响应安全事件，协助客户处置安全告警； 4. 输出规范、专业的文字材料，包括测试报告、工作总结、安全方案等，具备良好的沟通协调能力，高效对接客户，反馈工作进展；严格遵守客户单位及我司保密规定，坚守保密底线，杜绝信息泄露。 二、任职要求 1. 具备一定网络安全渗透测试能力，熟练掌握SQL注入、XSS、CSRF等漏洞挖掘与利用、内网渗透（权限提升、横向移动、域渗透等）及网络安全攻防等相关技术，能高效交付客户任务； 2. 具备项目实战经验，包括不限于HW、攻防实战（红队）等，熟悉渗透测试全流程（信息收集、漏洞扫描、漏洞利用、权限维持、痕迹清除、基线核查等）及网络安全攻防体系； 3. 熟悉TCP/IP协议、常见操作系统（Windows、Linux）、数据库（MySQL、Oracle、SQL Server）的安全配置与漏洞挖掘，了解各类中间件（Tomcat、Nginx、IIS）的安全隐患及防护方法； 4. 熟悉网络安全核心技术，包括防火墙配置、入侵检测/防御系统（IDS/IPS）部署与运维、数据加密、访问控制等，能应对各类常见网络安全威胁。 5. 熟练使用各类渗透测试工具：端口扫描工具（Nmap、Masscan）、漏洞扫描工具（Nessus、AWVS、Burp Suite）、漏洞利用工具（Metasploit、CS、MSF）、内网渗透工具（Empire、Cobalt Strike）等； 6.熟悉主流安全平台操作，包括安全态势感知平台、漏洞管理平台、日志分析平台等，能熟练运用平台开展安全监测、漏洞管理及事件分析工作； 7. 具备一定的脚本编写能力，能使用Python、Shell等语言编写脚本，辅助开展工作。 8. 工作积极主动，具备较强的问题分析与解决能力，能快速响应客户需求，高效完成工作任务；具备良好的沟通表达能力，具备良好的职业素养和团队协作精神，严格遵守保密规定，服从工作安排。 三、优先条件 - 持有CISP、CISAW、CISSP、CEH等相关网络安全职业资格证书者优先； - 有2年及以上驻场网络安全相关工作经验、大型网络安全攻防实战（红队）经验者优先； - 参与过大型CTF竞赛、省级及以上HW演练并取得良好成绩者优先。 四、薪资待遇 薪资面议，根据个人技能水平、工作经验提供具有竞争力的薪酬，配套完善的福利保障。 工作地点 重庆两江新区上丁商务楼 以担保或任何理由索要财物，扣押证照，均涉嫌违法。一经发现， 立即举报,"漏洞挖掘,内网渗透,外网渗透,数据安全,安全测试,web端测试,SqlMap,MSF,Nessus,AWVS",http://www.zhaopin.com/jobdetail/CC218571420J40865671611.htm?refcode=4019&srccode=401901&preactionid=b65a50d1-5b21-4ff2-a6b0-fe1e099c87c4
网络安全工程师,兰州艾科斯信息技术有限公司,6000-11000元,兰州·城关区·拱星墩街道,广州,本科,3-5年,7月21日,zhilian,岗位职责 1．配合行业主管部门网络安全工作人员开展日常网络安全监测、风险排查、漏洞梳理等工作，及时反馈安全隐患并协助落实整改。 2．负责基本红队相关工作，协助开展模拟渗透测试、漏洞挖掘与利用等基础攻防演练，配合完成攻防场景搭建与技术支撑。 3．承担基本蓝队相关工作，负责网络安全防御体系的基础运维，开展日志分析、异常流量监测、入侵检测等工作，协助加固网络与系统安全防护。 4．参与网络安全应急响应工作，配合行业主管部门处置突发网络安全事件，协助开展事件溯源、风险研判、应急处置及总结复盘，形成应急处置相关资料。 5．协助开展基本安全工具的调试与辅助开发工作，配合完成工具适配、简单功能优化，结合工作需求提供工具使用建议。 6．配合行业主管部门完成网络安全相关政策落实、数据统计、报告撰写、技术培训辅助等工作，确保各项工作合规有序推进。 7．跟踪网络安全领域最新技术动态、漏洞信息及攻击手法，及时学习相关知识，提升自身技术能力，适配岗位工作需求。 （二）任职要求 1.学历专业 本科及以上学历，计算机科学与技术、网络空间安全、信息安全等相关专业优先考虑。 2.工作经验 具有 3 年以上网络安全相关工作经验。熟悉网络安全工作内容。 有cisp-pte的优先 3.其他要求 工作认真负责，严谨细致，有较强的责任心和执行力，具有良好的职业操守和团队合作精神。 （三）福利待遇 1.薪酬待遇 6000-11000元之间，具体薪资将根据应聘者的能力、经验及岗位需求综合评定。另设有月度、季度、年度绩效奖金，表彰和奖励表现工作突出人员。 2.福利保障 (1)社会保险：缴纳养老保险、医疗保险、失业保险、工伤保险及生育保险。 (2)带薪休假：周末双休、国家法定节假日、年假、病假、婚假、产假/陪产假等带薪休假。 (3)员工培训与发展：提供多样化培训课程，包括新员工入职培训、专业技能培训、通用技能培训、领导力发展等，助力员工职业成长。 (4)职业发展：有明确的晋升通道和职业发展规划，鼓励内部晋升，提供广阔的职业发展空间。 (5)团队建设：定期组织团建活动，增强团队凝聚力，营造和谐、积极的工作氛围。 (6)其他福利：节日福利、生日祝福、交通补贴、误餐补贴、话费补贴、全勤奖等。 3.额外激励 公司鼓励创新思维和成果，对于提出并成功实施创新项目的员工，给予丰厚的奖励。 工作地点 兰州城关区创速空间8楼 以担保或任何理由索要财物，扣押证照，均涉嫌违法。一经发现， 立即举报,网站安全,http://www.zhaopin.com/jobdetail/CCL1342131740J40903444603.htm?refcode=4019&srccode=401901&preactionid=b65a50d1-5b21-4ff2-a6b0-fe1e099c87c4
网络安全测试技术员,广州盈纳人力资源有限公司,1.1-1.3万,天津·河东·上杭路,广州,大专,1-3年,8月1日,zhilian,职位描述 Java PHP 数据安全 信息安全 软件/IT服务 技术服务 工作职责 1. 执行公司网络与信息系统的日常安全巡检，负责防火墙、入侵检测系统（IDS）、漏洞扫描工具等安全设备的运维监控与性能调优。 2. 实时分析安全日志与告警数据，快速定位网络攻击、病毒感染等安全事件，主导处置流程并输出标准化事件报告。 3. 定期开展漏洞扫描与渗透测试工作，针对高风险漏洞制定修复方案，推动业务系统的安全加固与风险闭环管理。 4. 参与信息安全合规体系建设，协助完成等保测评、数据安全审计等专项工作，确保系统符合行业安全标准。 5. 维护安全文档与知识库，迭代安全策略与应急预案，组织内部安全培训与应急演练，提升团队安全防护意识。 任职要求 1. 大专及以上学历，计算机、网络安全相关专业，1年以上网络安全测试或运维经验。 2. 熟练配置与管理主流安全设备（防火墙、WAF、VPN），精通漏洞扫描工具（Nessus、AWVS）、日志分析工具（ELK）的实操应用。 3. 掌握常见网络攻击手段（DDoS、SQL注入、勒索病毒）的防御逻辑，具备应急响应与事件溯源的实战能力。 4. 熟悉等保2.0等信息安全标准，有安全合规项目或渗透测试项目经验者优先。 5. 具备较强的问题分析与沟通协调能力，工作严谨细致，能承受高强度的安全事件处置压力。 工作地点 天津河东万达广场天津市河东区津滨大道53号 以担保或任何理由索要财物，扣押证照，均涉嫌违法。一经发现， 立即举报 客户,"Java,PHP,数据安全,信息安全",http://www.zhaopin.com/jobdetail/CCL1514353710J40868634501.htm?refcode=4019&srccode=401901&preactionid=d6b2e619-ce53-40e0-97dc-9d9b161d17a1
高级网络信息安全工程师,云南壹伍捌科技有限公司,4000-7000元,临沧·临翔区·忙畔街道,广州,本科,1-3年,8月1日,zhilian,岗位职责 1. 场景化安全服务：深入客户单位网络环境，实地驻场开展风险评估、漏洞扫描、安全加固等安全服务项目；结合客户单位业务特性，量身定制安全测试方案与用例，输出涵盖通信网络、核心系统等专项分析的专业安全测试报告，为网络安全筑牢防线。 2. 专属漏洞管理：聚焦客户单位网络架构与业务系统，持续收集、整理适配的安全漏洞，并完成漏洞验证复现工作；面向客户单位网络安全人员开展定制化安全测试、攻防培训，强化驻场团队与客户单位的协同防御能力，提升整体安全水平 。 3. 应急响应支持：当客户单位遭遇网络攻击、通信中断、数据异常等安全事件时，迅速启动驻场应急响应机制，协助客户单位快速定位事件根源，提供符合通信行业规范的专业处置方案，全力保障客户单位网络及业务安全稳定运行。 二、岗位能力要求 1. 学历与专业：计算机科学与技术、网络安全、信息安全等相关专业本科及以上学历；熟悉通信网络基础知识，具备应对客户单位复杂网络环境的专业素养与能力。 2. 技术能力 - 工具与通信适配：熟练操作WireShark、Burp Suite等抓包工具，Nessus等漏扫工具及各类安全防护工具；熟悉客户单位SDN、NFV等新型网络架构，能够在客户单位网络环境中高效运用各类工具开展工作。 - 漏洞与渗透：熟悉客户单位业务系统常见Web应用漏洞（如BSS/OSS系统漏洞）和通信设备操作系统漏洞原理；熟练掌握客户单位网络渗透测试流程，具备针对通信网络的专业渗透测试能力。 - 文档与协作：精通办公软件及OA系统，能够撰写符合客户单位规范的高质量技术文档；熟悉客户单位工作流程，具备优秀的驻场沟通协作能力，保障工作高效推进。 - 网络技术：深入理解IP路由交换、MPLS VPN等通信网络原理，熟悉客户单位路由器、交换机、防火墙等设备工作机制；具备编写自动化安全检测脚本能力，满足客户单位多样化网络安全需求。 3. 资质要求：须持有CISAW、软考网络安全工程师、CISP、CISSP等专业证书之一，无相关证书者不予录用。 三、员工福利 1. 工作时间：周末双休，严格落实国家法定节假日休假制度；根据客户单位保障需求灵活安排值班调休，充分实现工作与生活的平衡。 2. 薪酬福利：月薪 5000 - 7000元，另设月度绩效奖金，依据驻场项目表现与客户单位考核结果发放；年终根据全年驻场工作业绩评估发放年终奖，多维度激励员工提升服务质量，助力薪资增长。 3. 社会保障：为员工缴纳 五险一金（养老保险、医疗保险、失业保险、工伤保险、生育保险及住房公积金），提供全面的基础保障；额外发放客户单位驻场专项补贴，为员工带来更优厚的福利待遇。 四、工作地点 云南省内客户单位指定驻场地点（因客户单位业务需要，需接受云南省范围内客户单位驻场调配） 工作地点 临沧市-临翔区-工业园区同康北城万象1栋3、4楼 以担保或任何理由索要财物，扣押证照，均涉嫌违法。一经发现， 立即举报,"CISSP,CISP-PTE,CISP,特种作业操作证,电工证，高空作业证",http://www.zhaopin.com/jobdetail/CC814738360J40954667402.htm?refcode=4019&srccode=401901&preactionid=d6b2e619-ce53-40e0-97dc-9d9b161d17a1
顺义区招聘网络安全工程师,鼎嶶人力资源服务有限公司,1.3-1.6万,北京·顺义,广州,本科,经验不限,7月31日,zhilian,职位描述 数据库运维 网络运维 系统运维 计算机硬件 软件/IT服务 货运物流 薪资：13-16K 上班时间：具体面谈 工作内容： 1、网络架构运维与优化 负责东航中心、新仓库全网架构日常运维、配置管理、故障排查；完善硬件 + 软件全生命周期维保体系，建立标准化技术支持与应急响应机制，保障办公与仓储网络稳定。 2、云网络与业务系统支撑 负责国药云服务器、CMS 司库系统、跨地域数据访问的网络配置与性能优化；提升云边直连稳定性，满足高带宽、低时延、高安全的业务网络需求。 3、数据接口运维与监控建设 负责海关、贝林、辉瑞、国内分销等流向接口程序运维；搭建自动化监控告警体系，替代人工巡检，降低运维成本，提升接口可用性与故障处置效率。 4、数据库与网络资源优化 针对 MA 系统数据库（继承北京国药物流共用数据）进行数据分离、备份策略优化；解决空港数据无法完全分离、备份文件大、耗时久、占用网络资源问题，提升备份效率与网络吞吐。 5、运维体系与文档建设 制定网络运维规范、变更流程、应急预案；完善配置备份、日志审计、性能监控、故障复盘等文档，支撑 IT 合规与持续优化。 岗位要求： 1、本科及以上学历，计算机、网络工程、通信等相关专业，3 年及以上企业网络工程师 / 运维工程师实战经验。 2、精通 TCP/IP、路由交换、VLAN、VPN、ACL、QoS 等网络技术；熟练配置华为 / H3C / 思科等主流交换机、路由器、防火墙、AC/AP 等设备。 3、熟悉云服务器网络架构，有国药云 / 企业私有云运维经验优先；具备混合云网络、跨地域专线 / VPN 接入实操能力。 4、了解数据库基础原理，有 SQL Server/MySQL 运维、数据备份优化、大文件传输与带宽优化经验优先。 5、具备接口监控、自动化运维工具落地能力；会 Shell/Python 等脚本语言，能实现巡检、告警、备份自动化者优先。 6、具备物流 / 医药行业 IT 运维、海关接口、流向数据系统运维经验者优先或者软考中级以上职称优先。 7、工作严谨负责，抗压能力强，具备独立故障定位、快速响应与跨部门协同能力。 工作地点 北京顺义区海航冷链附近 以担保或任何理由索要财物，扣押证照，均涉嫌违法。一经发现， 立即举报,"数据库运维,网络运维,系统运维",http://www.zhaopin.com/jobdetail/CCL1477023600J40959350615.htm?refcode=4019&srccode=401901&preactionid=d6b2e619-ce53-40e0-97dc-9d9b161d17a1
网络与信息安全工程师,中达宝通信息安全技术有限公司,5000-10000元,郑州·管城·圃田,广州,本科,经验不限,7月31日,zhilian,岗位职责： 1、负责网络设备和安全设备的安全配置及测试工作； 2、负责信息系统安全咨询和安全服务； 3、信息安全技术和产品的跟踪与研究； 4、相关安全事件的分析处置。 任职要求： 1、计算机科学与技术、信息安全、软件工程、网络工程等计算机相关专业； 2、熟悉综合布线及网络系统知识，能熟练配置主流的路由器、交换机、防火墙、IDS以及网闸等设备； 3、能独立分析和处理网络系统的常见安全问题； 4、具有较好的文档撰写能力； 5、具有良好的团队合作精神、沟通能力和责任心，学习能力强； 6、优秀毕业生可以面谈。 职位福利：五险一金、绩效奖金、加班补助、交通补助、通讯补助、补充医疗保险、定期体检、 工作地点 郑州管城回族区建正东方中心-C座5楼 以担保或任何理由索要财物，扣押证照，均涉嫌违法。一经发现， 立即举报,"安全,网络安全,信息安全,系统安全",http://www.zhaopin.com/jobdetail/CC527374224J00214731707.htm?refcode=4019&srccode=401901&preactionid=d6b2e619-ce53-40e0-97dc-9d9b161d17a1
驻场网络安全运维工程师,吉林嘉信科技有限公司,6000-10000元,长春·南关·新立城,广州,本科,1-3年,5月20日,zhilian,职位描述 云安全 信息安全 技术服务 工作职责： 1、 负责公司行业客户的网络安全管理工作，包含但不限于： （1）特殊时期（重要会议、重大节日、特殊事件等）网络安全技术保障； （2）突发网络安全事件的应急响应； （3）协助开展网络安全检查、风险评估、漏洞管理、信息资产梳理等； （4）网络安全舆情通告、态势感知监测、安全事件分析研判等； （5）协助开展重要信息系统的日志审计管理和数据治理等工作； （6）各类网络安全设备的运行维护、策略配置、故障分析处置等； （7）重要信息系统的可用性监测、安全评估和运行技术支持等工作。 2、工作认真负责，主动性强，根据客户需求，能够适应倒班、调休的工作安排。 3、具有一定的网络安全报告及总结性文档的编写能力。 4、完成公司及客户交办的其他工作。 技能要求： 1、统招计算机网络、通信、信息安全等相关专业大专及以上学历； 2、熟悉网络安全行业相关法律法规、标准规范和管理制度者优先录用； 3、具有网络或安全厂商认证、1年以上网络安全服务工作经验者优先录用； 4、有公有云运维经验优先录用； 5、持有cisp证书优先录用。 6、善于表达沟通、诚实守信，学习能力强，具有良好的团队协作精神； 福利待遇： 周末双休，法定假日按国家规定执行，缴纳六险一金。 工作地点 长春南关区恒丰国际大厦B座 以担保或任何理由索要财物，扣押证照，均涉嫌违法。一经发现， 立即举报,云安全,http://www.zhaopin.com/jobdetail/CC403427120J40566100203.htm?refcode=4019&srccode=401901&preactionid=d6b2e619-ce53-40e0-97dc-9d9b161d17a1
网络安全与信息管理岗,信阳航空职业学院,4000-7000元,信阳·平桥区·震雷山街道,广州,本科,经验不限,7月24日,zhilian,职位描述 信息安全 1. 负责学校官网建设管理，为各部门网站的建设、更新和维护提供技术支持 2. 负责学校网络与信息安全的规划落实，建立和完善相关规章制度，并提供技术支持； 3. 落实学校网络安全管理要求，开展网络安全防护、监测、事件处置和宣传教育工作; 4. 负责信息化支撑平台、智慧校园及应用系统的正常、稳定运行，做好数据备份和数据管理工作； 5. 跟踪技术发展，开展应用研究、推广和培训工作，提供技术支持服务 6. 负责协助处长完成上级调研问卷及检查材料整理 7. 常态化舆情监测 完成领导交办的其它工作任务。 1、拥护党的领导，遵守国家法律法规，无违法犯罪记录，严守网络安全与信息保密纪律，具有高度的政治责任感和大局意识。热爱教育事业和网络安全工作，工作严谨细致、责任心强，具备良好的服务意识和团队协作精神，能承受一定工作压力。 2、本科及以上学历，计算机科学与技术、网络工程、信息安全、通信工程等相关专业。掌握计算机网络原理、操作系统（Windows、Linux）、数据库管理、信息安全技术等专业知识；熟悉教育行业网络安全规范及相关政策法规。 3、具备一定的开发能力、内容管理系统（CMS）应用能力、服务器与运维技能会使用前端设计与可视化工具。 4、熟练掌握网络安全设备的配置与维护；熟悉漏洞扫描、入侵检测、数据备份与恢复等安全技术；具备一定的脚本编写能力，能辅助开展自动化运维工作。熟练使用网络监控、安全审计、办公自动化等工具。 5、具备良好的沟通表达能力，能与各部门有效对接，协调解决信息化需求；可独立完成技术文档撰写、工作汇报等任务。 6、有高校或教育行业信息化工作经验者优先。参与过校园网络建设、信息系统开发运维、网络安全防护等项目，具备独立解决网络故障和安全事件的能力、有等保测评、攻防演练、舆情处置相关经验者优先。持有CISP、CISSP、CCNP、ECSP、等保测评师等相关专业资格证书者优先。 工作地点 平桥区信阳航空职业学院 以担保或任何理由索要财物，扣押证照，均涉嫌违法。一经发现， 立即举报,信息安全,http://www.zhaopin.com/jobdetail/CC857187300J40886698103.htm?refcode=4019&srccode=401901&preactionid=d6b2e619-ce53-40e0-97dc-9d9b161d17a1
网络及安全中级运维工程师,润建股份,9000-12000元,珠海·香洲区·唐家湾镇,广州,大专,1-3年,7月23日,zhilian,岗位职责： 1.负责珠海市大数据中心云平台（L2）安全运维，确保全年网络安全事件0次; 2.安全防护运营：网络访问控制策略管理、入侵检测/防御（IDS/IPS）、VPN管理、Web应用防火墙（WAF）策略维护; 3.安全监控分析：SOC安全运营中心日常监控、安全审计日志分析、数据库审计、安全态势感知平台运维、隐患分析; 4.安全扫描与加固：定期漏洞扫描（月度常规+重要时期专项）、病毒查杀、操作系统安全加固（补丁管理、账号口令策略、访问控制、日志审计）; 5.管理华为安全设备：CIS&SecoManager、eLog日志审计、UMA堡垒机、VSCAN1508漏洞扫描、FireHunter6300沙箱; 6.参与护网行动值守与防守策略制定：负责护网期间的实时监测、攻击研判与应急处置，制定并优化防守方策略方案，协同红蓝对抗演练; 7.参与等保三级和商用密码应用安全性评估的年度复评配合工作; 8.编制月度漏洞扫描报告、安全事件报告、季度应急演练报告; 9.制定并维护安全应急预案，参与应急演练; 10.协助网络工程师处理IDC基础网络故障（交换机/路由器/防火墙基础配置与排障）; 11.配合网络团队完成日常网络巡检中的安全合规检查。 任职要求： 1.必备条件 持有CISP注册信息安全专业人员认证（必备） 2年以上网络安全运维经验 熟悉等保三级安全要求及网络安全法、数据安全法相关合规要求 熟练操作主流安全设备：防火墙策略、WAF、IDS/IPS、堡垒机、漏洞扫描器 掌握安全事件应急响应全流程（研判→处置→溯源→复盘） 具备安全日志分析能力（网络流量日志、主机日志、数据库审计日志） 熟悉TCP/IP协议、VLAN、路由交换基础知识，具备基础网络排障能力 2.优先条件 同时持有HCIP或CISP认证者优先 护网实战经验突出者优先：具备独立护网值守经历，熟悉国家级/省级护网攻防演练全流程（备战→临战→实战→复盘），有红蓝对抗实战经验，能在高压场景下独立完成攻击研判、溯源分析与防守策略调整 熟悉华为安全产品线（USG/FireHunter/SecoManager）优先 了解商用密码应用安全性评估要求优先 持有HCIP/HCIE-R&S等网络认证者优先 3.护网能力亮点 独立承担护网期间的安全值守与事件处置 基于攻击链模型（杀伤链/ATT&CK）进行威胁狩猎与溯源分析 参与防守策略制定，熟悉常见攻击手法（Web攻击、横向移动、权限维持等）的检测与阻断 具备红蓝对抗思维，能在演练后输出改进建议并推动安全策略优化 工作地点 珠海市-香洲区-新沙六路与新湾八路交叉路口往北约170米 以担保或任何理由索要财物，扣押证照，均涉嫌违法。一经发现， 立即举报,"华为,HCIP",http://www.zhaopin.com/jobdetail/CC202740210J41017724704.htm?refcode=4019&srccode=401901&preactionid=d6b2e619-ce53-40e0-97dc-9d9b161d17a1
网络安全运维工程师,新疆华域卓信科技股份有限公司,6000-7000元,塔城·塔城市·二工镇,广州,大专,1-3年,7月21日,zhilian,职位描述 信息安全 软件/IT服务 计算机硬件 工作内容： 1、负责信息安全的规划和实施工作； 2、进行风险评估和安全漏洞扫描，制定相应的防范措施； 3、负责安全事件的应急处理和安全日志的分析工作。 4、工作时间要求：按照用户方工作作息时间要求开展工作，并结合运维团队整体工作安排开展值班和加班。 岗位要求： 1、具备信息化项目建设或者运维信息安全工作经验， 2、具有安全规划能力，熟悉国家网络安全、数据安全技术标准规范 3、能够自主配置调试主流安全设备、操作系统、服务器、数据库。 4、有安全类证书优先考虑。 双休 法定节假日休息 新疆节假日休息 节假日福利购物卡 年底奖金 上班地址：塔城市某局 公司总部：乌鲁木齐新市区鲤鱼山北路集电港A座8-815 职位福利：节日福利、通讯补助、餐补、交通补助、绩效奖金、考证提升、周末双休、五险 工作地点 塔城塔城市六和广场西门 以担保或任何理由索要财物，扣押证照，均涉嫌违法。一经发现， 立即举报,信息安全,http://www.zhaopin.com/jobdetail/CC512579320J40791048803.htm?refcode=4019&srccode=401901&preactionid=d6b2e619-ce53-40e0-97dc-9d9b161d17a1
网络安全工程师,深圳市迅合智科技有限公司,1-1.4万·13薪,深圳·福田·香蜜湖,广州,本科,1-3年,7月31日,zhilian,职位描述 统招本科 工作职责 1. 负责公司网络安全架构的设计与优化，构建覆盖终端、网络、应用的纵深防御体系。 2. 开展日常安全监测与漏洞扫描，及时发现并修复系统潜在风险，输出专业的安全评估报告。 3. 主导安全事件的应急响应与溯源分析，制定针对性的防护策略并推动落地执行。 4. 参与安全合规体系建设，确保业务系统符合等保、ISO27001等相关标准要求。 任职要求 1. 统招本科及以上学历。 2. 精通防火墙、入侵检测/防御系统（IDS/IPS）、WAF等安全设备的配置与运维优先。 3. 熟悉常见的攻击手段与防护技术，具备漏洞挖掘、渗透测试或代码审计经验者优先。 4. 掌握安全合规标准（如等保2.0），有相关项目落地经验者优先。 1. 薪酬福利：五险一金、交通补贴、通讯补贴、绩效奖金、定期体检 2. 排班信息：周末双休 奖金绩效 绩效奖金，项目奖金 工作地点 深圳市-福田区-紫竹六道3号5楼 以担保或任何理由索要财物，扣押证照，均涉嫌违法。一经发现， 立即举报,统招本科,http://www.zhaopin.com/jobdetail/CCL1524937890J40864179009.htm?refcode=4019&srccode=401901&preactionid=d6b2e619-ce53-40e0-97dc-9d9b161d17a1
IT(IS网络安全）,中南国际科技发展(深圳)有限公司,9000-15000元,武汉·洪山·九峰,广州,大专,3-5年,7月29日,zhilian,岗位职责 1、负责FAB工控内网、办公网络整体运维与安全防护，规划内网分区、访问权限、防火墙策略； 2、定期开展漏洞扫描、风险巡检，对 EAP、MES、PLM 等业务系统、服务器进行安全加固； 3、处置网络入侵、病毒、非法访问、链路异常等安全告警与突发故障； 4、落实等保合规要求，编写安全制度、运维台账，完成安全自查与整改； 5、管控工业设备接入权限，保障生产工控网络隔离稳定，杜绝生产网安全隐患。 任职要求 1、精通FAB工厂生产网的维护，可熟练进行网络设备调试和故障处理； 2、熟悉windows操作系统，网络基础服务协议及端口 3、有HCIP及以上同类型证书者优先； 4、有强烈的责任感和良好的沟通能力； 5、3年网络相关工作经验 工作地点 武汉洪山区光谷国际人才港-B座 以担保或任何理由索要财物，扣押证照，均涉嫌违法。一经发现， 立即举报,半导体/芯片,http://www.zhaopin.com/jobdetail/CC635829180J40884362805.htm?refcode=4019&srccode=401901&preactionid=1598b0ce-972e-4cca-8ae3-7fdd0a56d610
网络安全中级/高级工程师,成都深普科技有限公司,5000-8000元,昆明·盘龙·龙泉,广州,大专,1-3年,7月28日,zhilian,"岗位职责 1. 对客户的业务需求进行项目可行性分析、跟踪及引导，为销售提供售前技术支持； 2. 负责售前技术交流、方案宣讲、投标应答、系统演示等工作； 3. 负责项目实施交付工作：项目技术方案设计、设备选型、项目交付管理及实施、为客户提供售后技术支持等工作； 4. 根据客户行业特点及要求提供专项安全技术服务：定制化输出安全策略、安全制度、运维体系等； 5. 负责输出项目文档：售前方案、项目实施方案、项目割接方案等； 6. 完成公司安排与技术相关的其他工作。 二、任职要求 1. 计算机、通信或相关专业大专及以上学历，4年以上网络安全项目的规划设计、交付实施、项目管理等相关工作经验，具有2年或以上安服工作经验者优先； 2. 熟悉网络体系结构、TCP/IP协议，具有扎实的信息安全理论知识；熟悉相关网络安全产品，如防火墙、IPS、ADS、WAF、堡垒机、态势感知等产品； 3. 了解常见的攻防手段、原理、防护体系和方法； 4. 熟悉信息安全的相关国际/国内标准及管理制度，熟悉等级保护建设及测评流程，熟悉风险评估的技术手段及流程； 5. 具有独立为客户定制网络安全解决方案的能力； 6. 具备较强的文字组织能力，良好的沟通技巧和项目协调能力,有项目管理经验者优先； 7. 良好的自我调节能力，富有责任心，可适应短期出差； 8. 具备CCNP、CISSP、HCIE、CCIE、PMP等认证并且有实战经验者优先； 9. 具备CISP-PTE、安全厂家安服技能等相关专业证书者或安全厂家工作经验者优先 工作地点 昆明盘龙区中洲阳光 以担保或任何理由索要财物，扣押证照，均涉嫌违法。一经发现， 立即举报",信息安全,http://www.zhaopin.com/jobdetail/CC454588010J40914770212.htm?refcode=4019&srccode=401901&preactionid=1598b0ce-972e-4cca-8ae3-7fdd0a56d610
驻场网络安全运维工程师,宁夏恒信安达信息技术服务有限公司,4000-6000元,银川·兴庆区·丽景街街道,广州,本科,经验不限,7月18日,zhilian,职位描述 安全运维和保障 SQLMAP 资质要求： 1.本科及以上学历，计算机相关专业 2.熟悉计算机及网络的基础维护 3.了解常见安全漏洞和基本原理，能够熟练使用Burp等漏洞挖掘工具 4.熟悉网络设备、防火墙、入侵检测、日志审计等安全设备的配置管理 5.熟悉绿盟漏洞扫描工具使用 6.具有较强沟通能力，吃苦耐劳 工作要求： 1.负责相关故障、疑难问题排查处理，负责网络的监控和应急保障 2.负责编写安全及加固报告，对日常安全状况进行总结汇报；编写运维日报及周报并按时提交 3.通过漏洞扫描和安全工具结合对目标进行测试，协助客户进行整改加固 福利待遇： 五险、节日福利、生日福利、国家法定节日正常休 上班时间： 早上：8：30-12:00 下午：14:30-18:30 工作地址： 银川区域内甲方驻场 工作地点 银川兴庆区济慈巷与凤凰北街交叉口东80米C座606室 以担保或任何理由索要财物，扣押证照，均涉嫌违法。一经发现， 立即举报,"安全运维和保障,SQLMAP",http://www.zhaopin.com/jobdetail/CCL1392196610J41022499704.htm?refcode=4019&srccode=401901&preactionid=1598b0ce-972e-4cca-8ae3-7fdd0a56d610
网络安全运维工程师,中能汇科(南京)科技有限公司,7000-12000元·13薪,连云港·连云区·高公岛街道,广州,本科,3-5年,7月31日,zhilian,职位描述 网站安全 主机安全 应用安全 CISP NISP 等保测评师 信息安全 通信/网络设备 电力/水利/热力/燃气 岗位描述： 1、负责公司的现场网络安全运维工作。 2、配合一级运维中心完成现场网络安全任务。 3、完成业主交代的其他网络安全相关管理工作。 任职要求： 1、具备一定的网络基础知识，熟悉交换机、路由器以及防火墙设备的配置: 2、具备一定的网络安全检查、安全整改、安全加固和应急处置的工作经验; 3、了解等保2.0、网络安全法等网络安全相关的政策法规者优先。 4、持有网络安全相关证书（如CISP、CISSP）者优先。 5、大专及以上学历，5年以上经验，具备良好的沟通与写作能力。 6、技能要求： 1）.安全防护：能够设计及部署安全架构（如审计系统、监测系统、防护设备等），优化安全策略。 2）.渗透测试/漏洞扫描：熟练使用渗透工具进行模拟攻击，编写渗透测试报告，提出修复方案及防护建议；具备分析漏洞影响范围、协助修复及验证漏洞。 3）.应急响应：熟练网络安全事件应急处置流程，具备网络安全事件分析、处置、溯源能力。 4）.文档记录：具备独立编制事件报告、应急预案、安全防护方案等能力。 5）.团队协作：具备协调系统开发、运维团队落实隐患整改，安全方案及需求落地；能够独立完成某些专项工作。 6）.操作能力：熟悉防火墙、WAF、审计等安全设备的部署与策略配置，能够执行态势感知、审计系统、防护设备等日志监控与异常告警处置，对设备进行配置备份及恢复；基线核查及配置，独立网安巡检，包括安全设备、服务器、网络设备等日志查看。 工作地点 连云港连云区中核集团江苏核电有限公司 以担保或任何理由索要财物，扣押证照，均涉嫌违法。一经发现， 立即举报,"网站安全,主机安全,应用安全,CISP,NISP,等保测评师",http://www.zhaopin.com/jobdetail/CC272909330J40823225513.htm?refcode=4019&srccode=401901&preactionid=1598b0ce-972e-4cca-8ae3-7fdd0a56d610
数据安全管理员,秦皇岛市创想信息网络有限公司,8000-10000元,秦皇岛·抚宁区·榆关镇,广州,本科,1-3年,8月1日,zhilian,职位描述 Java 数据梳理 软件/IT服务 （1）与安全科协同建立数据安全管理体系，提高数据安全性； （2）负责数据中台中数据全生命周期的安全，实现数据加密、脱敏、应用和共享的管理 （3）负责在数据中台内实现公司数据分级分类管理； （4）对接集团数据安全的相关工作； （5）数据安全风险的专项治理，建立数据安全风险应急预案； 工作地点 秦皇岛抚宁区中信戴卡股份有限公司 以担保或任何理由索要财物，扣押证照，均涉嫌违法。一经发现， 立即举报,"Java,数据梳理",http://www.zhaopin.com/jobdetail/CC180657720J40868023301.htm?refcode=4019&srccode=401901&preactionid=1598b0ce-972e-4cca-8ae3-7fdd0a56d610
网络安全工程师,星耀新材料(济南)有限公司,1-1.1万,济南·姚家,广州,大专,经验不限,7月14日,zhilian,职位描述 信息安全 嘿，朋友！我们正在寻找一位充满激情的网络信息安全工程师，和我们一起守护公司的网络世界！ 你的冒险任务将包括： - 与团队一起制定和实施酷炫的安全策略； - 使用你的“魔法”工具定期扫描系统漏洞； - 当“恶龙”来袭时，勇敢地抵挡并消灭它们； - 带领你的“村民”（员工）提高网络安全意识。 如果你满足以下条件，就赶快拿起你的“宝剑”加入我们吧！ - 计算机、网络或相关专业的“魔法师”学位； - 有3年以上的“冒险”经验； - 精通各种“魔法”工具和技巧； - 擅长与其他“冒险家”沟通和合作； - 有网络安全“战利品”（证书）者优先。 工作地点 山东省济南市历下区姚家街道花影路 以担保或任何理由索要财物，扣押证照，均涉嫌违法。一经发现， 立即举报,信息安全,http://www.zhaopin.com/jobdetail/CCL1525960030J40948339808.htm?refcode=4019&srccode=401901&preactionid=1598b0ce-972e-4cca-8ae3-7fdd0a56d610
网络安全室,北京中科航天人才服务有限公司,2.5-3万,北京·海淀·甘家口,广州,本科,5-10年,7月28日,zhilian,岗位职责： 1、负责集团公司网络安全顶层制度和标准的编制。 2、研究宏观安全趋势、网络安全新技术，制定网络安全战略规划。 3、负责网络安全、终端安全、信息加密、身份验证、安全监管等相关安全系统和平台的规划、设计。 4、负责审核集团公司重大网络安全工程项目技术方案。 5、负责集团公司网络安全管理系统建设。 6、负责集团公司网络安全技术体系建设。 7、完成领导交办的其他工作。 工作地点 北京海淀区阜成路 以担保或任何理由索要财物，扣押证照，均涉嫌违法。一经发现， 立即举报,数据安全,http://www.zhaopin.com/jobdetail/CC132807300J40867501007.htm?refcode=4019&srccode=401901&preactionid=e469d593-e4ee-4e56-866e-7c65013e1c9e
网络信息安全工程师,晋江市锐景数码科技有限公司,1-1.3万·14薪,泉州·晋江市·梅岭街道,广州,中专/中技,1-3年,7月29日,zhilian,职位描述 CISP CISSP 安全架构设计 应急响应处置 等保合规 工作职责 1. 负责公司网络与信息系统的安全架构设计，构建覆盖终端、网络、应用的纵深防御体系。 2. 主导安全漏洞扫描、渗透测试及风险评估工作，输出可落地的修复方案并推动执行。 3. 建立安全事件应急响应机制，快速处置病毒感染、数据泄露等突发安全事件，降低业务损失。 4. 制定并落地安全管理制度与技术规范，定期开展员工安全意识培训。 任职要求 1. 计算机、网络安全相关专业，基础扎实。 2. 网络信息安全领域工作经验，精通防火墙、入侵检测/防御系统（IDS/IPS）、VPN等安全设备的配置与运维。 3. 熟悉常见攻击手段与防护技术，具备独立进行渗透测试或漏洞挖掘的能力。 4. 掌握安全合规标准（如等保2.0），有相关认证（CISSP、CISP、CEH等）者优先。 5. 具备较强的问题分析能力与应急处置能力，能快速定位并解决复杂安全问题。 工作地点 泉州晋江市晋江万达写字楼 以担保或任何理由索要财物，扣押证照，均涉嫌违法。一经发现， 立即举报,"CISP,CISSP,安全架构设计,应急响应处置,等保合规",http://www.zhaopin.com/jobdetail/CCL1526892160J40924622312.htm?refcode=4019&srccode=401901&preactionid=e469d593-e4ee-4e56-866e-7c65013e1c9e
网络安全售前工程师,武汉通威电子有限公司,9000-14000元,武汉·武昌,广州,本科,1-3年,7月31日,zhilian,岗位职责： 1.主要负责公司主要代理产品解决方案和售前技术支持； 2.负责销售、技术人员定期的产品培训，提升团队产品认知度； 3.负责与客户交流，对技术方案进行展示和讲解，反馈和及时整理客户问题； 4.配合销售完成业绩指标的相关工作； 5.负责公司其他代理产品技术支持。 任职要求： 1.统招本科及以上学历，电子、计算机、软件工程等相关专业； 2.至少有2年及以上专业领域同岗位的工作经验； 了解编程语言能力，了解应用开发全流程，懂AI者优先。 3.熟悉信息安全技术，熟悉主流VPN、防火墙、入侵检测、上网行为等安全设备的特点和应用场景； 4.熟悉虚拟化、云计算、winodws或linux等相关知识； 5.具备良好的沟通能力和客户服务意识； 6.能承担工作压力，富有责任心，能接受base省内地市或者省内出差（接受base黄石或者荆门，优先考虑）。 工作地点 武汉武昌区楚天都市花园-B座23层 以担保或任何理由索要财物，扣押证照，均涉嫌违法。一经发现， 立即举报,"网络安全,售前工程师,深信服",http://www.zhaopin.com/jobdetail/CC147939340J40912560703.htm?refcode=4019&srccode=401901&preactionid=e469d593-e4ee-4e56-866e-7c65013e1c9e
网络安全工程师,中能汇科(南京)科技有限公司,8000-13000元·13薪,杭州·萧山·盈丰,广州,本科,3-5年,7月31日,zhilian,职位描述 网站安全 主机安全 应用安全 信息安全 通信/网络设备 电力/水利/热力/燃气 岗位描述：网络安全运营 1.负责网络安全驻场运维； 2.负责项目单位的网络安全需求统计、分析、沟通； 3.配合总部完成现场网络安全任务（系统升级、漏洞查补、设备部署、重大活动技术支撑等）。 任职要求 1、具备网络及网络安全基础知识，掌握Windows、Linux的基础入门； 2、对国家政策法规、行业规范有一定了解，如等保2.0、网络安全法、关基保护条例等； 3、具有网络安全或者信息系统项目管理、需求分析和转化、网络安全管理制度和程序编制经验； 4、具有电力系统网络安全工作经验优先考虑（电力系统网络安全工作经验包括电厂、电网等企业的网络安全技术服务、等保测评经验、网络安全设备部署及运维、网络安全整改经历、攻防演练及护网行动等）； 5.具有网络安全等级保护测评师证书的优先，具有网络安全等级保护整改工程师证书的优先，具有CISP、CISSP、CCRC-CSERE等网络安全相关证书的优先。 6.具有头部网络安全公司担任过售前技术支持、后期运维等工作经验的优先，本科及网络安全专业毕业生优先，在网络安全管理部门组织的比赛、活动中获得名次或者奖励的优先； 7.三年以上工作经验。 工作地点 杭州萧山区中核运维技术有限公司 以担保或任何理由索要财物，扣押证照，均涉嫌违法。一经发现， 立即举报,"网站安全,主机安全,应用安全",http://www.zhaopin.com/jobdetail/CC272909330J40638580213.htm?refcode=4019&srccode=401901&preactionid=e469d593-e4ee-4e56-866e-7c65013e1c9e
网络信息安全工程师,河北世舟工程科技有限公司,5000-9000元,沧州·肃宁县·肃宁镇,广州,本科,3-5年,7月6日,zhilian,职位描述 信息安全 任职条件 工作地点：河北省沧州市肃宁县 网络安全工程师： 1.计算机类、通信类、自动化类相关专业，大学本科及以上学历，3年及以上网络安全相关工作经验； 2.熟悉主流安全技术及安全厂商产品，如终端安全防护、漏扫、WAF、SOC、IPS、IDS、VPN、防火墙等的部署和使用，熟悉各类攻击特征，具备日志安全分析的能力； 3.熟悉渗透测试流程、方法，具备独立开展渗透测试工作能力。熟悉漏洞报告编写及漏洞整改工作； 4.了解主要的网络端口协议，网络设备的基本配置，办公终端网络故障排查等； 5.具备网络基础知识，了解ISO七层模型，了解ipv4协议，了解各类网络协议，理解网络结构，了解网络设备，交换机，路由器； 6.具备机房维护管理经验，服务器及信息系统管理和维护能力； 7.有责任心，为人正派，不怕吃苦，良好的团队协作能力； 8.较强的文档方案设计编写和书面表达能力； 9.具备安全相关认证（CISP、 CISSP)或者PMP等项目管理相关证书者优先。 工作职责 网络安全工程师： 1.安全运维，负责各类网络安全产品的运维管理及相关安全服务的开展； 2.负责监测安全设备，分析攻击流量，及时发现攻击，进行解决措施，给出解决建议，进行渗透测试自挖漏洞及时跟用户沟通编写安全报告，给出问题和详细建议； 3.IPS、IDS、防病毒、正版化等安全产品的管理和策略调优； 4.漏洞扫描，利用主流漏扫工具中展开漏洞扫描； 5.终端安全指标考核，通过各类终端安全工具保障客户终端安全考核指标； 6.负责常用办公软件（如WPS、金山PDF）的安装、调试、故障修复； 7.负责打印机等外设的安装、调试、故障修复； 8.负责广域网设备的日常监控与巡检、维护与故障处理； 9.负责广域网业务的开通与变更、路由策略优化与安全策略调整。 工作地点 沧州市-肃宁县-聚贤街 以担保或任何理由索要财物，扣押证照，均涉嫌违法。一经发现， 立即举报,信息安全,http://www.zhaopin.com/jobdetail/CCL1376333790J40892053913.htm?refcode=4019&srccode=401901&preactionid=e469d593-e4ee-4e56-866e-7c65013e1c9e
网络安全运维工程师,舜泰汽车有限公司,5000-10000元,淄博,广州,学历不限,1-3年,8月1日,zhilian,岗位职责 安全设备日常运维 负责防火墙、IDS/IPS、WAF、堡垒机、上网行为管理、EDR 终端安全、态势感知、VPN、抗 DDoS 等主流安全设备的上线部署、策略配置、日常巡检、故障排查、版本升级与策略优化，保障边界、内网、终端安全防护体系稳定运行。 安全监控与告警处置 7×24 小时监控 SOC / 态势感知平台日志、流量、安全告警，使用 Wireshark 分析异常流量，识别弱口令爆破、端口扫描、SQL 注入、恶意外联、挖矿、勒索病毒等攻击行为，完成告警研判、取证、闭环处置并输出处置报告。 漏洞与风险管控 定期开展全网漏洞扫描（Nessus/X-scan）、资产测绘、风险评估；跟踪 CVE 高危漏洞，推动服务器、中间件、数据库、业务系统补丁更新、基线加固；跟进整改闭环，输出月度安全风险报告。 安全应急响应 发生病毒感染、入侵、数据泄露、钓鱼攻击等安全事件时，按应急流程开展隔离溯源、取证分析、漏洞修复、复盘总结，完善应急处置预案；支撑护网、重保期间专项安全值守工作。 合规与安全体系落地 配合完成等保 2.0 测评、安全自查、审计、行业合规检查；整理运维台账、安全策略文档、应急预案、操作手册；组织内部员工安全意识培训、钓鱼演练。 自动化运维优化 使用 Shell/Python 编写简易自动化脚本，实现日志清洗、漏洞批量检测、告警自动汇总，提升安全运维效率；持续优化安全运营流程。 任职要求 计算机、网络空间安全、信息安全、通信工程等相关专业，大专及以上学历，1-3 年网络安全运维实战经验；有政企 / 制造业 / 互联网驻场运维经验优先51job。 精通 TCP/IP 网络协议，熟悉路由交换基础；熟练操作 Windows、Linux 服务器，掌握系统账号权限、基线加固、日志排查。 熟悉深信服、天融信、启明星辰、华三、奇安信等至少两类主流安全产品配置运维，能独立处理设备策略冲突、性能瓶颈、网络不通故障。 掌握 Nmap、Wireshark、漏洞扫描工具基础使用，了解常见 Web、内网攻击原理与防御手段，具备基础流量分析、日志分析能力。 熟悉等保 2.0 核心要求，有等保测评、护网重保、安全应急实战经历优先；持有 HCIA-Security、CEIS、CISP-PTE、等保测评师等证书加分。 具备基础 Shell/Python 脚本编写能力，能实现简单自动化运维；良好问题排查、文档编写、跨部门沟通能力，责任心强，能接受应急加班与重保值守。 工作地点 山东省淄博市临淄区齐鲁化学园区纬三路168号 以担保或任何理由索要财物，扣押证照，均涉嫌违法。一经发现， 立即举报,"主机安全,应用安全,WEB安全,Python,Shell,C++",http://www.zhaopin.com/jobdetail/CCL1236006940J40787296106.htm?refcode=4019&srccode=401901&preactionid=e469d593-e4ee-4e56-866e-7c65013e1c9e
网络信息安全讲师,四川智天远教育科技有限公司,5000-10000元·13薪,成都·武侯·火车南站,广州,本科,1-3年,7月31日,zhilian,岗位职责： 1.主要负责高校网络安全专业核心课程授课，包括应急响应类、渗透测试类、代码审计类课程； 2.负责网络安全专业课程资源开发（如课件、教学大纲、教案、项目式教学设计、实验手册、案例库等）; 3.支持网络安全相关认证培训以及行业客户培训项目； 4.网络安全攻防比赛培训及技术支持。 任职要求： 1.具有良好的沟通协调能力、较强的团队合作精神、优秀的执行能力； 2.强烈的责任心和敬业精神，能吃苦耐劳，能适应出差，分析和解决问题的能力强; 3.熟练掌握操作系统、数据库、路由交换、PHP/Python/Java/Go其中一种语言； 4.熟悉WAF、NGFW、漏洞扫描等网络安全产品； 5.对安全有浓厚的兴趣和较强的独立钻研能力； 6.熟悉信息安全服务及管理流程，具有实际服务项目经验； 7.具备行业工作经验或讲师授课经验者优先，获得各类认证证书者优先，如CISP、CISP-PTE等。 奖金绩效 绩效，年底双薪，带薪年假 工作地点 成都武侯区万科汇智中心3315 以担保或任何理由索要财物，扣押证照，均涉嫌违法。一经发现， 立即举报,信息安全,http://www.zhaopin.com/jobdetail/CCL1424962370J40654507302.htm?refcode=4019&srccode=401901&preactionid=e469d593-e4ee-4e56-866e-7c65013e1c9e
网络安全工程师,天津兴辰工程技术服务有限公司,7000-13000元,天津·北辰·天穆,广州,本科,经验不限,7月30日,zhilian,职位描述 信息安全 软件/IT服务 工作职责： 1、负责公司网络与信息系统的安全防护，包括防火墙、IDS/IPS、WAF、终端安全等设备的配置与管理； 2、实时监控网络安全态势，分析安全日志，及时响应并处置入侵、DDoS攻击、恶意软件等安全事件； 3、定期执行漏洞扫描、渗透测试，输出报告并推动修复； 4、参与安全体系建设，制定安全策略、应急预案，并协助通过等保2.0、ISO 27001等合规审计； 5、对开发团队进行安全编码指导，参与代码审计，防范SQL注入、XSS等Web漏洞； 跟踪最新安全威胁（如0day漏洞、APT攻击），研究防御方案并落地实施。 工作经历、工作年限及其它要求： 1、熟悉TCP/IP、DNS、DHCP、VPN等网络协议和技术，熟悉主流网络及安全硬件设备，具有配置和管理路由器、交换机、防火墙的经验； 2、熟悉网络安全、系统安全、数据安全相关的国家标准及行业规范，具备实施安全策略和措施的能力； 3、熟悉网络流量分析和安全检测监控技术原理，了解入侵检测相关知识，具备收集相关日志、制定入侵检测规则的能力； 4、熟练使用Nmap、Wireshark等常见安全工具，具备Python/Shell等脚本编写能力； 具有CISSP、CISA、HCIP、CCNP等网络和安全相关认证者优先。 要求大学英语四级证书 工作地点 天津北辰区中国天辰科技园京津路1号 以担保或任何理由索要财物，扣押证照，均涉嫌违法。一经发现， 立即举报,信息安全,http://www.zhaopin.com/jobdetail/CCL1373758300J40865411014.htm?refcode=4019&srccode=401901&preactionid=e469d593-e4ee-4e56-866e-7c65013e1c9e
网络安全工程师 ID202446,南德认证检测(中国)有限公司北京分公司,面议,北京·朝阳·望京,广州,本科,3-5年,6月30日,zhilian,"职位描述 信息安全 I. Position Summary This position is good at the domain areas of payment terminal quality audit, as well as a good breadth of experience across cyber security. II. Job Responsibilities • Desk reviews of quality management documentation • Performing 3rd party audits • Deliver technical training • Providing guidance to customers in meeting Mastercard Process and Requirements • Delivery of audit reports both internally and externally • CAP assessment • Complete the project management • Participate RED article 3.3 establishment • PT III. Job Requirements (knowledge, experience, skills, abilities, etc.)  Bachelor’s degree in electronic design, Electronic & Telecommunication Engineering, Cybersecurity, Computer Engineering, or related field.  Minimum of 4 years’ experience in electronic hardware design.  Experience of electronic manufacture and test – Minimum 2 years  Understanding of software design processes  Understanding of Engineering Change Management processes  Knowledge of project management process  Excellent verbal and written communication skills  Fluent written English  Cultural awareness: Experience of dealing with international customers.  Knowledge of RED, including safety, RF and EMC.  Knowledge of cyber security, especially for 5G, 4G, WIFI, BT, Zigbee etc.  Must be willing to work flexible hours, to include weekends; they must also be able to travel, as required. Comfortable working in a fast-paced environment. Experience of applying regulatory compliance schemes  Knowledge of Quality Management system processes and procedures  Electronic software design background – minimum 2 years  Configuration management experience 如何申请： 如果您对我们的职位感兴趣，欢迎投递您的申请。 投递后，您会收到一封来自关于数据保护确认相关邮件。温馨提醒：请及时查收并点击确认完成授权，这是启动后续招聘流程的关键一步。只有在您完成确认后，我们才能继续推进您的申请。 How to Apply: If you are interested in our positions, please feel free to submit your application. Upon submission, you will receive a data protection terms confirmation email. Please note: It is import",信息安全,http://www.zhaopin.com/jobdetail/CC000597840J40841214705.htm?refcode=4019&srccode=401901&preactionid=970cb0f5-065e-498c-8abf-6aaa68603d90
网络信息安全工程师,四川凌耘建科技有限公司,5000-8000元,德阳·广汉市·汉州街道,广州,大专,3-5年,7月28日,zhilian,岗位职责 1、负责企业网络、服务器、终端等设备的安全防护配置与日常巡检，处理病毒、木马、入侵和网络攻击等安全事件，并进行调查取证，确保防护机制有效运行。 2、定期开展漏洞扫描、渗透测试及安全风险评估，识别网络安全隐患，跟踪并协助修复漏洞，制定并推进整改方案。 3、监控网络流量与系统安全态势，及时发现、响应网络攻击、病毒入侵等安全事件，做好安全监控与应急处置与溯源分析。 4、制定并完善企业网络安全管理制度、操作规范及应急预案，推动安全合规落地。 5、组织员工网络安全培训与宣传，提升全员安全意识和操作规范。 6、日常运维与技术支持，负责机房、服务器、监控、网络设备及安全系统的日常巡检与维护，处理信息安全工单以及消除网络负面影响，跟踪网络安全技术动态，引入适配的安全技术与产品，优化企业安全防护体系。 二、任职要求： 1、计算机、网络工程、信息安全等相关专业大专及以上学历，3 年网络安全相关工作经验。 2、熟悉防火墙、入侵检测 / 防御系统（IDS/IPS）等安全设备的配置与运维；掌握漏洞扫描、渗透测试基础方法；了解网络安全相关法律法规与行业标准；具备基本的安全事件分析与应急处理能力。 3、有中小企业网络安全运维经验者优先；持有 CISAW、CCNA、CISP 等相关证书者加分。 4、具备较强的责任心、严谨性和问题解决能力；良好的沟通协调能力与团队协作意识；能快速响应突发安全事件。 工作地点 德阳广汉市四川鸿鹄安智能装备有限公司 以担保或任何理由索要财物，扣押证照，均涉嫌违法。一经发现， 立即举报,"网站安全,主机安全,IDC安全",http://www.zhaopin.com/jobdetail/CC318326880J40733357706.htm?refcode=4019&srccode=401901&preactionid=970cb0f5-065e-498c-8abf-6aaa68603d90
网络安全运维工程师,北京高维通科技发展有限公司,7000-12000元,北京·通州·马驹桥,广州,本科,1-3年,8月1日,zhilian,职位描述 系统运维 数据库运维 Java Oracle MySQL SQL 理赔 计算机软件 银行 保险 1) 统招本科毕业，学位证和毕业证在学信网可查； 2) 网络防火墙方面的运维 3）要求工作认真，细致，有责任感； 4）能够独立解决问题和一定的抗压能力。 工作地点 新华保险(北京亦庄后援中心)北京市通州区经海三路137号新华保险后援中心 以担保或任何理由索要财物，扣押证照，均涉嫌违法。一经发现， 立即举报,"系统运维,数据库运维,Java,Oracle,MySQL,SQL,理赔",http://www.zhaopin.com/jobdetail/CC882801580J40867965501.htm?refcode=4019&srccode=401901&preactionid=970cb0f5-065e-498c-8abf-6aaa68603d90
网络与信息安全工程师,北京中启航远科技有限公司,6000-12000元,北京·海淀·上地,广州,大专,经验不限,5月11日,zhilian,岗位职责： ·负责信息及网络安全软件项目的现场实施； . 负责开展远程或现场技术培训工作，以及用户使用过程中的系统问题排查解决工作； · 负责协助整理技术培训材料及相关培训视频； 职位福利：全勤奖、交通补助、餐补、通讯补助 工作地点 北京海淀区上地十街1号院 以担保或任何理由索要财物，扣押证照，均涉嫌违法。一经发现， 立即举报,"信息安全,网络安全,项目实施",http://www.zhaopin.com/jobdetail/CC579237220J40103876005.htm?refcode=4019&srccode=401901&preactionid=970cb0f5-065e-498c-8abf-6aaa68603d90
网络安全运维工程师,北京鸿果秋实科技有限公司,1-1.3万,昆明·盘龙·鼓楼,广州,大专,3-5年,7月23日,zhilian,职位描述 WEB安全 云安全 主机安全 CISP CISAW 信息安全 计算机软件 软件/IT服务 - 学历与专业：专科及以上学历，计算机、网络安全、信息安全等相关专业 - 工作经验：需3年及以上相关工作经验，复杂项目或高级岗位可能要求5年甚至更长时间经验。 - 专业技能：需精通常见安全设备如防火墙、入侵检测系统等的工作原理与技术，熟悉TCP/IP等网络协议。掌握漏洞扫描工具，熟悉渗透测试流程及主流攻防技术。还要精通Windows和Linux等主流操作系统的安全配置与漏洞修复。部分岗位要求具备脚本编写能力，能实现自动化运维。 - 证书要求：拥有HCIE、CISP、CISSP等相关认证者，在招聘中具有优势。 - 综合素质：要求具备良好的沟通能力与团队合作精神，有较强的责任心和服务意识，能承受工作压力，具备问题分析与解决能力，且有自主学习能力，可快速掌握新技术。 工作地点 昆明盘龙区中国民生银行(七彩俊园社区支行) 以担保或任何理由索要财物，扣押证照，均涉嫌违法。一经发现， 立即举报,"WEB安全,云安全,主机安全,CISP,CISAW",http://www.zhaopin.com/jobdetail/CC262965330J40796888205.htm?refcode=4019&srccode=401901&preactionid=970cb0f5-065e-498c-8abf-6aaa68603d90
网络安全管理员,西宁君信信息技术有限公司,5000-8000元,西宁·城中区·礼让街街道,广州,大专,经验不限,7月13日,zhilian,"职位描述 CISP 等保测评师 软考中级信息安全工程师 信息安全 软件/IT服务 技术服务 任职条件 1.大专、本科及以上学历,信息安全、网络安全、计算机等相关专业，具备软考中级信息安全师证(最低要求)或CISP相关资质； 2.了解主流网络安全产品，能够完成产品的运维工作，并排查和解决问题； 3.了解常见的IT基础设施如:操作系统、网络架构和通用安全产品经验; 4.对安全规划工作有较高的热情，工作主动、认真负责；5.具有较好的沟通表达、总结归纳、文档撰写能力，如：对外交流宣讲、文案撰写展示、信息梳理提炼、公司内部沟通等； 6.良好的团队合作精神,优秀的跨团队沟通推动能力； 7.在后续的工作当中，根据需要如果考取了等保测评师等更高的职业资格，从报考费用、考试时间等公司全力支持。 应届毕业生，在任职条件中可以相应降低实际工作经验的要求，具体面议 工作地点 西宁城中区商贸大厦 以担保或任何理由索要财物，扣押证照，均涉嫌违法。一经发现， 立即举报","CISP,等保测评师,软考中级信息安全工程师",http://www.zhaopin.com/jobdetail/CCL1461342500J40871939514.htm?refcode=4019&srccode=401901&preactionid=970cb0f5-065e-498c-8abf-6aaa68603d90
网络安全经理,承德北网通信工程有限公司,5000-10000元,承德·双桥区·大石庙镇,广州,大专,3-5年,7月30日,zhilian,岗位职责 1、负责业务线的营收目标、利润指标及成本控制，合理调配资源以确保各项经营指标的达成。核心内容包括： - 全面负责业务线的预算编制与执行管控 - 跟踪分析经营数据，制定改进措施以持续优化业务绩效 - 管理项目范围、时间节点及成本控制，并维护项目管理体系 - 协调安全服务项目中各方人员的工作，解决项目中出现的技术和管理问题，保证项目正常进行及交付 2、负责安全服务的全流程管理，确保服务交付质量和客户满意度，负责项目中各交付物的完成，带领团队或自行编写项目所需交付的相关文档及汇报材料。建立事件处理和升级支持流程，持续优化服务交付体系。 3、负责安全服务团队的组建、培养和管理 4、参与新客户开发，与销售和市场营销团队协同推进业务增长。深入洞察客户需求，提供专业的网络安全解决方案，包括需求调研、方案设计、报价谈判、合同签订及项目验收的全流程跟进。维护和发展现有客户关系，提升客户满意度和续约率。能够独立承担信息安全服务项目的技术交流、安全方案撰写、风险评估交付等售前及交付工作。 5、确保安全服务业务线的各项活动符合国家法律法规和行业标准要求 三、任职要求 （一）学历与经验 1、专科及以上学历，计算机科学与技术、网络工程、信息安全等相关专业优先。 2. 工作经验： - 信息安全行业从业经历不少于6年，其中安全服务、安全咨询、解决方案等相关岗位经验不少于3年 - 团队管理经验不少于3年，能够独立带领安全服务团队完成大型项目的全流程实施 - 具有风险评估、安全技术评估、等级保护、安全体系规划、安全集成等项目实施和项目管理经验 （二）专业能力 1. 技术能力 熟悉整体信息安全体系架构，了解国内外信息安全相关政策与标准，包括但不限于GB/T 30283、ISO 27000系列、等级保护2.0等标准体系。掌握主流安全技术原理，如防火墙、入侵检测、防病毒、VPN等。精通至少一个安全技术细分领域（如安全技术评估、安全咨询、安全建设服务等） 2. 管理能力 具有良好的技术方案和项目计划编制能力，熟悉信息安全服务项目管理流程和方法。具备较强的组织领导协调能力，善于沟通协调，能积极主动解决各类安全问题。 3. 业务能力 具备较强的业务经营意识，理解损益管理，能够将技术能力转化为商业价值。能够制定业务战略、服务产品方案及市场推广计划。 工作地点 承德双桥区北网通信工程有限公司 以担保或任何理由索要财物，扣押证照，均涉嫌违法。一经发现， 立即举报,网站安全,http://www.zhaopin.com/jobdetail/CC218950330J40792325706.htm?refcode=4019&srccode=401901&preactionid=970cb0f5-065e-498c-8abf-6aaa68603d90
网络安全工程师,郑州三华科技实业有限公司,7000-10000元,郑州·荥阳,广州,本科,3-5年,7月17日,zhilian,岗位职责： 1. 负责公司智慧园区所有网络设备的安全维护 2. 保障网络系统的稳定运行和数据安全 3. 监控网络流量，及时发现并处理安全威胁 4. 制定和实施网络安全策略和防护措施 5. 定期进行网络安全漏洞扫描和修复 6. 参与网络安全事件的应急响应和处理 7. 维护网络安全设备和系统，确保其正常运行 岗位要求： 1. 计算机相关专业本科及以上学历 2. 具备3年以上网络安全相关工作经验 3. 具备良好的问题分析和解决能力 4. 达到本岗位的工作考核要求 职位福利：五险一金、周末双休、交通补助、用餐补助、绩效奖金、年度旅游假、旅游补助金、多种节日福利、年终奖金 职位亮点：同行业国内第一、全球前三 青年人才驿站专属福利：高校应届/往届毕业生来郑求职，可享最长7天免费住宿！ 可在郑好办APP上申请办理 工作地点 荥阳市郑州三华科技实业有限公司-西门郑州荥阳豫龙路棋源路向西300米路北 以担保或任何理由索要财物，扣押证照，均涉嫌违法。一经发现， 立即举报,网络安全,http://www.zhaopin.com/jobdetail/CC120876180J40904395612.htm?refcode=4019&srccode=401901&preactionid=1c438670-195c-4488-91bd-197c51f3fe45
网络与信息安全工程师,河北世舟工程科技有限公司,5000-8000元,沧州·肃宁镇,广州,本科,1-3年,7月16日,zhilian,职位描述 CISP CISSP 信息安全 任职条件 工作地点：河北省沧州市肃宁县 网络安全工程师： 1.计算机类、通信类、自动化类相关专业，大学本科及以上学历，3年及以上网络安全相关工作经验； 2.熟悉主流安全技术及安全厂商产品，如终端安全防护、漏扫、WAF、SOC、IPS、IDS、VPN、防火墙等的部署和使用，熟悉各类攻击特征，具备日志安全分析的能力； 3.熟悉渗透测试流程、方法，具备独立开展渗透测试工作能力。熟悉漏洞报告编写及漏洞整改工作； 4.了解主要的网络端口协议，网络设备的基本配置，办公终端网络故障排查等； 5.具备网络基础知识，了解ISO七层模型，了解ipv4协议，了解各类网络协议，理解网络结构，了解网络设备，交换机，路由器； 6.具备机房维护管理经验，服务器及信息系统管理和维护能力； 7.有责任心，为人正派，不怕吃苦，良好的团队协作能力； 8.较强的文档方案设计编写和书面表达能力； 9.具备安全相关认证（CISP、 CISSP)或者PMP等项目管理相关证书者优先。 工作职责 网络安全工程师： 1.安全运维，负责各类网络安全产品的运维管理及相关安全服务的开展； 2.负责监测安全设备，分析攻击流量，及时发现攻击，进行解决措施，给出解决建议，进行渗透测试自挖漏洞及时跟用户沟通编写安全报告，给出问题和详细建议； 3.IPS、IDS、防病毒、正版化等安全产品的管理和策略调优； 4.漏洞扫描，利用主流漏扫工具中展开漏洞扫描； 5.终端安全指标考核，通过各类终端安全工具保障客户终端安全考核指标； 6.负责常用办公软件（如WPS、金山PDF）的安装、调试、故障修复； 7.负责打印机等外设的安装、调试、故障修复； 8.负责广域网设备的日常监控与巡检、维护与故障处理； 9.负责广域网业务的开通与变更、路由策略优化与安全策略调整。 工作地点 沧州市肃宁县清源街057号 以担保或任何理由索要财物，扣押证照，均涉嫌违法。一经发现， 立即举报,"CISP,CISSP",http://www.zhaopin.com/jobdetail/CCL1376333790J40891333213.htm?refcode=4019&srccode=401901&preactionid=1c438670-195c-4488-91bd-197c51f3fe45
网络安全工程师,胜通和科技有限公司河北雄安第一分公司,8000-16000元,保定·容城·大河,广州,本科,5-10年,7月30日,zhilian,岗位职责 1.派驻项目现场，实行5*8小时现场工作制，按现场工作安排开展日常工作;7*24小时电话响应支持，必要时到场统筹处。 2.负责云平台整体安全运营统筹，制定安全运营策略，指导安全运维人员开展工作。 3.负责安全相关技术方案设计，协助用户制定用云、上云安全方案，参与技术选型与评估。 4.提供安全产品、技术专题的汇报及培训工作;响应用户安全类问题，针对复杂安全问题进行根源分析，提出解决方案。 5.审核安全相关报告、预案，确保安全合规。 6.参与重大保障工作中的安全相关事宜，制定安全重保方案，统筹安全值守及应急处置，提交安全重保报告。 二、应聘要求 1.5年以上云平台安全运营、安全方案设计经验，拥有安全IE、CISP 等证书。 2.能统筹云平台安全运营，制定安全策略、指导团队开展工作；具备安全技术方案设计、上云安全方案制定及技术选型评估能力。 3.可开展安全产品 / 技术专题汇报与培训，处置复杂安全问题、分析根源并提出解决方案。 4.能审核安全报告与预案，确保合规；具备重保方案制定、安全值守统筹及应急处置能力，提交重保报告。 5.责任心强、统筹协调能力佳，接受 5×8 小时现场工作及 7×24 小时电话待命，必要时到场统筹，持有安全IE、CISP等证书者优先。 6.本科及以上，计算机、网络安全相关专业 工作地点 保定容城县中国电信智慧城市产业园 以担保或任何理由索要财物，扣押证照，均涉嫌违法。一经发现， 立即举报,CISP,http://www.zhaopin.com/jobdetail/CCL1477543760J40856414607.htm?refcode=4019&srccode=401901&preactionid=1c438670-195c-4488-91bd-197c51f3fe45
网络安全岗（网络方向）,九江银行,1-2万·13薪,九江·濂溪区·五里街道,广州,本科,3-5年,7月30日,zhilian,岗位职责: 1.负责全行网络基础设施的日常维护，包括路由器、交换机、防火墙、负载均衡、DNS、波分、无线、运营商线路等； 2.负责全行网络稳定运行，包括日常运维、容量规划、网络调优、故障排除等工作； 3.负责全行网络应急保障以及两地三中心网络灾备体系建设； 4.上级安排的其他工作。 任职要求: 1.初始学历为本科及以上，计算机、网络、电子、通讯等相关专业优先； 2. 3.具有3年及以上金融行业或网络维护等相关工作经验，精通路由交换、防火墙、负载均衡、DNS、无线设备的维护及主流网络架构设计；熟练掌握TCP/IP协议体系（含OSPF/ISIS/BGP等路由协议）、传统网络与安全技术（数据中心、云计算、SDN等）；熟悉Linux/Windows系统操作，掌握Shell/Python/C/Java至少一种编程语言，具备自动化脚本开发能力； 4.对集团级网络架构有深度理解，在云计算、SDN等新兴技术领域有实操经验者或持有HCIE/H3CIE/H3CTE/负载均衡类认证者优先； 5.特别优秀者可适当放宽条件。 工作地点 江西省九江市濂溪区长虹大道 以担保或任何理由索要财物，扣押证照，均涉嫌违法。一经发现， 立即举报,信息安全,http://www.zhaopin.com/jobdetail/CC450650120J40739052410.htm?refcode=4019&srccode=401901&preactionid=1c438670-195c-4488-91bd-197c51f3fe45
网络安全服务工程师,内蒙古起立网络科技有限公司,4000-7000元,呼和浩特·新城,广州,大专,经验不限,7月30日,zhilian,岗位职责： - 负责网络安全服务项目落地实施，包括但不限于等级保护测评、安全风险评估、漏洞扫描、渗透测试、安全加固等核心工作，全程跟进项目进度，确保服务质量达标。 - 跟踪业界最新网络安全漏洞、攻击手法及防护技术，对客户安全事件进行快速响应、追踪溯源与应急处置，协助客户化解安全风险。 - 撰写各类安全服务相关文档，包括项目实施方案、测试报告、风险评估报告、安全加固建议等，确保文档规范、逻辑清晰、内容详实可落地。 - 与客户进行专业技术沟通，解读网络安全相关法律法规及标准规范，讲解安全解决方案与防护要点，提供技术咨询和技能培训服务，维护良好客户关系。 - 协助完成安全服务方案的优化与创新，参与公司安全技术分享，配合市场团队提供技术支撑，助力业务拓展。 - 负责安全运营相关技术支持，定期开展客户安全巡检，排查安全隐患，优化客户安全防护体系，保障客户IT设施安全稳定运行。 任职要求： - 学历与专业：大专及以上学历，计算机、网络工程、信息安全、电子信息等相关专业； - 工作经验：优秀应届生（具备相关实习/实战经验）可应聘初级岗位。 - 技术基础：精通TCP/IP协议，熟悉Windows、Linux等主流操作系统及MySQL、Oracle等数据库的安全配置与加固方法；了解主流网络设备（交换机、路由器）及安全设备（防火墙、WAF、IDS/IPS）的操作与运维。 - 安全技能：熟悉OWASP Top10漏洞原理，掌握SQL注入、XSS、文件上传等常见Web及内网渗透攻击手法，能使用Nmap、Burp Suite、Metasploit、Nessus等主流安全测试工具开展漏洞扫描与验证工作；具备基础日志分析与关联分析能力。 - 合规认知：了解网络安全法、数据安全法等相关法律法规，熟悉等级保护2.0、ISO27001等标准规范，能配合完成合规相关服务工作。 - 综合能力：具备良好的文字表达能力、沟通协调能力和问题分析解决能力；工作认真负责、积极主动，具备较强的学习能力、抗压能力和团队协作精神，能接受出差或驻场安排。 - 职业素养：无网络安全相关违法违规记录，严格遵守保密协议，对信息安全工作有高度的责任心和热情，具备持续学习行业新技术的意识。 福利待遇： - 薪资待遇：4k-7k/月（根据学历、经验、技能及证书等级面议），五险一金（按国家规定足额缴纳），每年1-2次调薪机会，薪资涨幅与能力、贡献挂钩。 基础福利：周末双休，法定节假日正常休假，带薪年假（满1年5天，逐年递增），带薪病假、婚假、产假等各类带薪假期； - 成长福利：完善的岗前培训、技能提升培训；定期组织技术分享会，提供充足的技术实践场景和晋升空间（技术路线：初级→中级→高级→安全专家；管理路线：工程师→项目组长→部门主管）。 - 补贴福利：出差补贴、交通补贴、餐费补贴、通讯补贴，驻场人员额外享有驻场补贴； 工作地点 呼和浩特新城区文苑大厦A座13层1305 以担保或任何理由索要财物，扣押证照，均涉嫌违法。一经发现， 立即举报,"信息安全,技术服务",http://www.zhaopin.com/jobdetail/CC568532830J41007318904.htm?refcode=4019&srccode=401901&preactionid=1c438670-195c-4488-91bd-197c51f3fe45
网络信息安全工程师,眉山市天恒通瑞新能源科技有限公司,3-3.5万,眉山·大石桥街道,广州,学历不限,1-3年,7月31日,zhilian,职位描述 网站安全 岗位内容： 1. 负责公司网络信息安全体系的规划、设计和实施，包括网络架构、安全设备等。 2. 制定安全策略和规范，完善安全管理制度，提高公司的安全意识和保护能力。 3. 进行安全漏洞扫描和风险评估，制定漏洞修补计划，提高系统的安全性。 4. 发现并及时处置安全事件，制定应急预案，减少安全事故发生率。 任职要求： 1. 具有网络安全、计算机科学、信息技术等相关专业背景。 2. 熟悉网络安全技术和相关产品，了解信息安全法规和标准。 3. 具备一定的安全攻防技能和安全运维经验，熟悉安全工具和安全产品的使用。 4. 具备良好的学习能力和团队合作精神，有一定的解决问题能力和应变能力。 工作地点 眉山市东坡区眉州大道东三段186号 以担保或任何理由索要财物，扣押证照，均涉嫌违法。一经发现， 立即举报,网站安全,http://www.zhaopin.com/jobdetail/CCL1525937970J40861269101.htm?refcode=4019&srccode=401901&preactionid=1c438670-195c-4488-91bd-197c51f3fe45
网络安全工程师（半导体）,中南国际科技发展(深圳)有限公司,9000-12000元,武汉·洪山·九峰,广州,大专,3-5年,7月28日,zhilian,职位描述 HCIP 半导体/芯片 1、精通FAB工厂生产网的维护，可熟练进行网络设备调试和故障处理； 2、熟悉windows操作系统，网络基础服务协议及端口 3、有HCIP及以上同类型证书者优先； 4、有强烈的责任感和良好的沟通能力； 5、3年网络相关工作经验 工作地点 武汉洪山区光谷国际人才港1 以担保或任何理由索要财物，扣押证照，均涉嫌违法。一经发现， 立即举报,HCIP,http://www.zhaopin.com/jobdetail/CC635829180J40884035205.htm?refcode=4019&srccode=401901&preactionid=1c438670-195c-4488-91bd-197c51f3fe45
网络安全运营工程师,赛尔网络,7000-12000元,西安·碑林·太乙路,广州,本科,3-5年,7月20日,zhilian,"岗位职责： 1.负责安全运营服务交付，包括日常监控、规则建立优化、日志分析、威胁研判、事件处置、应急响应等； 2.负责监控和分析各种安全事件，包括网络攻击、恶意软件、数据泄露等，并及时响应和处理； 3.负责提供网络、主机和应用系统等信息资产的管理与风险评估服务，提供整改方案或安全基线设计，并协助用户开展安全整改工作； 4.负责用户侧安全设备、安全软件的安装与调试工作； 5.负责网络安全业务项目售前支持，包括需求分析、安全方案设计、招标方案设计、投标文件制作、技术答疑； 任职要求： 1.本科或本科以上学历，计算机、网络安全、电子信息、软件工程等相关专业； 2.三年以上乙方网络安全服务工作经验，具有安全运营服务经验者优先； 3.了解漏洞挖掘技术原理，熟悉渗透测试流程，掌握常见漏洞（不限于OWASP Top10）原理、挖掘技巧及利用手段等； 4.熟悉防火墙、入侵检测、日志审计、流量分析等安全设备或系统的配置管理； 5.熟悉DNS、DHCP、WEB、MAIL等常见应用的工作原理、攻击手段和防护措施； 6.具备良好的文字表达和文档编写能力,能独立撰写各类安全服务报告和技术方案； 7.具备良好的沟通与协作能力，团队合作意识强； 8.具有等保测评师、CISP、CISSP、CISAW证书者优先； 工作地点 西安碑林区天伦泛太国际 以担保或任何理由索要财物，扣押证照，均涉嫌违法。一经发现， 立即举报","主机安全,IDC安全,应用安全,CISP-PTE,等保测评师",http://www.zhaopin.com/jobdetail/CC000422110J40701556306.htm?refcode=4019&srccode=401901&preactionid=1c438670-195c-4488-91bd-197c51f3fe45
网络信息安全工程师,天津市开创恒信科技有限公司,6000-8000元,天津·南开·学府,广州,本科,1-3年,1月12日,zhilian,岗位职责： 1.参与前期建设方案设计、完善安全管理制度，以及安全服务过程中标准化文档与流程的落地及改进。 2.负责安全事件的应急响应，根据漏洞通告，排查客户各单位涉及情况。利用漏洞挖掘、渗透测试等手段及时发现并消除安全隐患，进行安全监测及时发现和处理安全威胁； 3.定期进行安全资产核查，安全漏洞扫描和评估，并跟进漏洞修复情况，提供改进建议，自主整理生成可提交给客户的完整报告； 4.进行网络安全整改加固，完成安全策略的制定和更新，确保公司网络和系统的安全； 5.负责安全漏洞信息的收集和分析，及时了解最新的安全动态。 6. 负责客户方日常安全运维工作，定期对相关安全设备进行巡查、配置核查、版本更新、策略优化等； 7. 参与开展安全监测、告警分析，渗诱测试，对各类安全事件进行分析、溯源及处置，包括web攻击、横向移动、域内渗透、主机异常等。 任职要求： 1.计算机、网络工程、通信工程、信息安全等相关专业；专科及以上学历； 2.熟悉防火墙、IDS/IPS、WAF、EDR、防病毒、漏洞扫描、堡垒机等安全产品；有配置实际操作经验优先。 3.对企业组网有一定经验，了解华为、H3C等路由交换设备并有一定实际操作经验和排障能力； 4.了解Linux，银河麒麟系统，对常用基本的配置和管理有一定的了解，掌握常见的基本操作命令优先； 5.有较高的文档编写能力。 6.有较强的学习和理解能力，具备较强的沟通表达能力、较强的服务意识。 福利待遇： 1.每年国内或国外旅游一次。 2.足额缴纳社保和公积金。 3.餐补25元每个工作日。 4.工作时间：朝九晚五，周末双休。 5.年底除奖金外，有额外过年福利，法定佳节福利以多种方式发放不一。 6.春节假期除法定假期外增加一周的带薪休假。 7.每月通讯补贴。 工作地点 天津市南开区鞍山西道信诚大厦 以担保或任何理由索要财物，扣押证照，均涉嫌违法。一经发现， 立即举报,"WEB安全,IDC安全,主机安全",http://www.zhaopin.com/jobdetail/CC143427580J40570187203.htm?refcode=4019&srccode=401901&preactionid=1c438670-195c-4488-91bd-197c51f3fe45
网络安全工程师,新疆中科丝路物联科技有限公司,9000-13000元,乌鲁木齐·沙依巴克区·西山街道,广州,本科,3-5年,7月14日,zhilian,岗位职责： 1、负责运维范围内网络信息安全日常运维及信息安全监控和防护； 2、负责审核网络安全日志和防火墙策略，分析网络安全趋势，参与风险评估以防御内部和外部的攻击； 3、负责监督信息系统安全标准的落实，组织对数据库、应用系统、网络安全、防火墙以及物理安全的预防检查； 4、定期主导对运维范围内各系统进行漏洞扫描和渗透测试； 5、对信息安全问题导致的紧急与突发事件需制定应急预案，快速定位问题和解决安全事件，负责信息系统安全事件的管理，对运维范围内信息安全隐患的挖掘与分析，跟踪安全漏洞，补丁信息，提出解决方案并定期发布安全报告； 6、保障运维范围内信息存储和传输安全，防止信息泄密。 7、负责信息安全体系的内部审核，客户或第三方信息安全管理体系的审核与对接，并通过体系认证。 8、完善应用安全管理体系、技术体系以及安全流程规范标准，保障规范的落地实施。 9、上级安排安排的其它工作，并及时完成任务 任职资格： 1、本科及以上学历，计算机、通信工程、信息安全等相关的专业； 2、三年及以上网信安领域相关工作经验；具有信息安全等级保护经验或其他同等标准落地实施经验者优先 3、承担过安全管理体系的规划和建设工作； 4、熟悉网络安全体系和架构与防护要求，包括但不局限于：等级保护、风险评估、安全渗透测试、ICP备案、网络攻防演练。 5、熟悉网络安全技术：包括端口、服务器漏洞扫描、程序漏洞分析检核、权限管理、入侵和攻击分析追踪、网络渗透、病毒木马防范等。 6、熟悉tcp/ip协议，了解利用Web漏洞攻击的主要方式和原理，熟悉常用的信息安全工具。 7、能接受项目地出差。 工作地点 乌鲁木齐市-沙依巴克区-喀纳斯湖北路455号 以担保或任何理由索要财物，扣押证照，均涉嫌违法。一经发现， 立即举报,信息安全,http://www.zhaopin.com/jobdetail/CC342402580J40773207102.htm?refcode=4019&srccode=401901&preactionid=1c438670-195c-4488-91bd-197c51f3fe45
网络安全服务工程师,贵州睿易通科技有限公司,5000-8000元,遵义·红花岗区·新中街道,广州,大专,1-3年,7月31日,zhilian,职位描述 WEB安全 应用安全 渗透测试 应急响应 安全加固 信息安全 工作职责 1. 负责为客户提供网络安全风险评估、漏洞扫描与渗透测试服务，输出专业的安全评估报告。 2. 协助客户进行安全事件应急响应，快速定位并处置网络攻击、病毒感染等安全问题。 3. 为客户提供安全加固方案，包括系统配置优化、安全策略部署等，提升客户系统的安全防护能力。 4. 配合团队完成安全服务项目的实施与交付，确保服务质量符合客户要求。 任职要求 1. 大专及以上学历，计算机、网络安全等相关专业，具备扎实的网络安全理论基础。 2. 熟悉常见的网络安全技术与工具，如防火墙、入侵检测系统（IDS）、漏洞扫描工具等。 3. 具备漏洞评估、渗透测试或应急响应的实战经验，能独立完成安全服务项目的核心工作。 4. 拥有良好的沟通能力与文档撰写能力，能清晰向客户反馈安全问题并提供解决方案。 工作地点 遵义市-红花岗区-长征大道遵义金融商务中心(CBD)20层 以担保或任何理由索要财物，扣押证照，均涉嫌违法。一经发现， 立即举报,"WEB安全,应用安全,渗透测试,应急响应,安全加固",http://www.zhaopin.com/jobdetail/CC871389650J40899655613.htm?refcode=4019&srccode=401901&preactionid=1c438670-195c-4488-91bd-197c51f3fe45
网络安全,同方鼎欣科技股份有限公司,1.3-1.5万,广州·番禺·化龙,广州,本科,5-10年,7月31日,zhilian,岗位职责】 负责夜间全网安全态势 7×12 小时监控，实时处理 各类安全告警，拦截暴力破解、注入、木马外联等网络攻击；记录夜班安全台账，高危事件及时上报协同应急；整理归档夜间攻击日志，落实重保夜间安全保障工作。 【任职要求】 1、学历：本科，网络空间安全、信息安全、计算机、信息工程、通信等相关专业优先； 2、能适应长期夜班轮班、通宵值班； 3、有3年以上网络安全值守及重保经验； 4、硬性作息要求：可接受夜班值守及周末值守（常见班次工作日17:30–次日 8:30，周末8：30-17：30），轮休制（1次夜班休息2个班次），能熬夜、无严重睡眠障碍。 【专业技能要求】 1、 基础网络安全能力： 熟悉 TCP/IP、HTTP/HTTPS、DNS 等基础协议；能看懂 IP、端口、访问流量异常，根据流量内容区分正常访问与扫描、爆破行为。 熟悉各类告警日志：暴力破解、SQL 注入、XSS 跨站、异常外联、挖矿木马、病毒、漏洞扫描等告警日志。 2、应急与溯源能力： 具备应急处置能力，发现高危攻击第一时间执行应急阻断：拉黑 IP、阻断恶意域名； 区分事件等级：一般告警按照现场流程处置，高危 / 重大事件立即按照现场流程上报； 悉基础应急流程、重保期间值守规范； 会使用态势感知平台、SIEM 日志分析系统；基础 Windows/Linux 命令。 急哦整理攻击日志、告警台账，分类归档，区分误报 / 真实攻击； 3、加分项： 具有CISP、CISSP、HCIP-Security、软考（网络安全工程师）证书； 具备渗透测试能力优先。 工作地点 广州广汽集团(番禺总部)广汽集团（番禺区化龙镇金山大道668号） 以担保或任何理由索要财物，扣押证照，均涉嫌违法。一经发现， 立即举报,网络安全,http://www.zhaopin.com/jobdetail/CC120137340J40878351009.htm?refcode=4019&srccode=401901&preactionid=33bcb6a5-1349-4c6c-a88f-32c431f220d7
网络安全工程师,济南盛行网络技术有限公司,1-1.6万·13薪,烟台·芝罘·黄务,广州,本科,3-5年,8月1日,zhilian,职位描述 WEB安全 云安全 CISSP CISP 安全架构设计 渗透测试与漏洞挖掘 安全应急响应 工作职责 1. 负责公司产业互联网平台的安全架构设计与落地，构建覆盖网络、系统、应用的全链路安全防护体系。 2. 开展日常安全渗透测试与漏洞挖掘，及时发现并修复系统潜在风险，输出专业的安全评估报告。 3. 制定安全应急响应预案，主导安全事件的处置与溯源，降低安全事件对业务的影响。 4. 跟踪前沿安全技术与威胁情报，推动安全技术在业务场景中的落地应用，提升团队安全能力。 任职要求 1. 统招本科及以上学历，计算机、网络安全等相关专业，基础扎实。 2. 具备3年以上网络安全领域工作经验，精通防火墙、WAF、IDS/IPS等安全设备的配置与运维。 3. 熟悉常见的Web安全漏洞（如SQL注入、XSS、CSRF）及防护手段，具备独立渗透测试能力。 4. 了解云安全架构与防护策略，熟悉主流云平台（如阿里云、腾讯云）的安全产品与服务。 5. 持有CISSP、CISP、CEH等安全认证者优先，具备安全体系建设或大型安全项目经验者优先。 工作地点 烟台芝罘区泰鸿大厦 以担保或任何理由索要财物，扣押证照，均涉嫌违法。一经发现， 立即举报,"WEB安全,云安全,CISSP,CISP,安全架构设计,渗透测试与漏洞挖掘,安全应急响应",http://www.zhaopin.com/jobdetail/CC458413730J40896828713.htm?refcode=4019&srccode=401901&preactionid=33bcb6a5-1349-4c6c-a88f-32c431f220d7
网络安全运维工程师,中国电子口岸数据中心乌鲁木齐分中心,9000-13000元,乌鲁木齐·水磨沟区·六道湾街道,广州,硕士,经验不限,7月31日,zhilian,岗位职责 1.安全运维与监控：负责电子口岸核心网络、服务器、安全设备（防火墙、IDS/IPS、 WAF、堡垒机、态势感知平台等）的日常巡检、监控、配置与策略优化；实时分析 安全日志、流量与告警，识别并处置入侵、病毒、异常访问等安全威胁。 2.漏洞与风险管控：定期开展漏洞扫描、渗透测试与安全评估，建立漏洞台账并跟踪 整改；落实系统补丁、安全加固与基线核查，降低系统安全风险。 3.应急响应与处置：制定并执行网络安全应急预案，快速响应安全事件（如DDoS、 数据泄露、系统入侵），完成溯源分析、处置与复盘，输出应急报告。 4.合规与体系建设：落实等保2.0、3.0，密评，海关及口岸网络与数据安全相关合规 要求；参与安全制度、流程、操作手册的编制与优化，完善安全运维体系。 5.运维保障与协同：保障电子口岸业务系统安全稳定运行；配合完成重大活动、节假 日安全值守与专项保障；协同技术团队完成故障排查、系统升级与安全改造。 6.文档与资产管理：规范编写运维日志、故障报告、安全月报；负责安全资产梳理、 台账管理与生命周期维护。 7.其他工作：完成部门交办的技术支持、安全培训、项目配合等任务。 二、任职要求 （一）基本条件 1.政治立场坚定，拥护党的领导，遵纪守法，无不良记录；具备良好的保密意识与职 业操守。 2.硕士研究生及以上学历，计算机科学与技术、信息安全、网络工程、软件工程等计算机类相关专业，专业基础扎实，无专业知识短板。 3.3年及以上独立专职网络安全运维工作经验，能够独立承担岗位全流程工作；有海 关、电子口岸、省级政务数据中心运维经验者优先。 4.能够完全适配7×24小时轮班、节假日值守、夜间突发应急响应工作机制，响应及时、 处置高效，服从岗位排班及应急工作安排。 （二）专业技能 1.网络与安全基础：精通TCP/IP协议、路由交换原理；熟悉主流网络设备（华为、 华三、思科等）配置与运维；掌握防火墙、VPN、IDS/IPS、WAF、堡垒机、日志审计、 漏洞扫描等安全设备/工具的部署、配置与运维。 2.系统与数据库：熟练掌握Windows、Linux（CentOS、麒麟等）系统运维；熟悉MySQL、 Oracle、达梦、人大金仓等数据库的安全配置与日常管理。 3.安全能力：具备安全事件分析、应急响应与溯源能力；熟悉常见攻击手段与防护技 术；了解等保2.0、3.0，密评，数据安全法、海关数据安全规范等合规要求。 4.工具与技术：熟练使用Wireshark、Nmap、Nessus、Snort等安全工具；具备 Shell/Python脚本编写能力者优先；了解信创技术栈（国产OS、数据库、中间件） 者优先。 5.问题解决：具备独立排查网络、系统、安全故障的能力；逻辑清晰，动手能力强， 能快速定位并解决问题。 （三）综合素质 1.具备良好的沟通协调、团队协作与服务意识；能高效对接业务部门与技术团队。 2.工作严谨细致、责任心强，能承受较大工作压力，具备快速学习与适应新技术的能 力。 3.具备良好的文档编写与汇报能力，能输出规范的运维报告与技术方案。 （四）优先条件 1.持有CISP、CISAW、信息安全工程师（软考）、CCNA/CCNP、华为HCIP-Security等 安全或网络相关认证者优先。 2.有等保测评、安全加固、应急演练、重大活动安全保障项目经验者优先。 3.熟悉电子口岸业务、海关信息化系统或新疆口岸（如霍尔果斯）业务场景者优先。 三、工作地点 新疆乌鲁木齐市南湖北路116号（中国电子口岸数据中心乌鲁木齐分中心） 工作地点 水磨沟区乌鲁木齐海关南湖办公区2楼数据分中心 以担保或任何理由索要财物，扣押证照，均涉嫌违法。一经发现， 立即举报,"网站安全,CISP,CISAW",http://www.zhaopin.com/jobdetail/CC311605130J40884235705.htm?refcode=4019&srccode=401901&preactionid=33bcb6a5-1349-4c6c-a88f-32c431f220d7
网络安全工程师,湖北赢在起点企业管理有限公司,9000-10000元,太原·小店·西温庄,广州,本科,5-10年,5月19日,zhilian,岗位职责： 1、负责重点客户的网络安全服务及工程项目管理工作，落实解决客户的各类网络安全需求和问题。 2、负责协调、组织网络安全规划设计、攻防演练、渗透测试、网络安全风险评估、网络安全应急响应、网络安全培训等工作的实施、管理及过程文档编制。 3、负责协调公司内外资源，协调项目干系人确保项目顺利开展，保障项目施工进度，完成项目交付验收工作。 4、完成智能应用研究院交办的其他工作。 任职要求： 1、本科及以上学历，计算机、信息安全及网络工程相关专业，具有网络安全工作5年以上工作经验。 2、具有大型企业信息化规划、信息安全管理体系、等级保护、密码评估等相关项目设计或实施经验，所属行业为大型生产企业优先。 3、熟悉各类常见的安全设备及系统原理，包括FWAPT\IDS\IPS\WAF\EDR，堡垒机、态势感知平台、安管平台等。 4、熟悉常见的网络漏洞原理、危害、利用方式、检测和修复方案，具有良好的网络安全攻防能力，掌握攻防或渗透测试过程中相关网络安全工具的使用，能够自行开发网络安全工具优先。 5、政治立场坚定，思想端正，拥有安全保密意识。 6、具有良好的团队意识、沟通能力强，工作遇到的各种问题能够及时分析、发现、处理，具备良好的文字能力、客户沟通能力及服务意识。 工作地点 太原小店区中核七院科技创新基地 以担保或任何理由索要财物，扣押证照，均涉嫌违法。一经发现， 立即举报 客户,"熟悉常见的安全设备及系统原理,具有良好的网络安全攻防能力",http://www.zhaopin.com/jobdetail/CC672459020J40849667511.htm?refcode=4019&srccode=401901&preactionid=33bcb6a5-1349-4c6c-a88f-32c431f220d7
网络安全工程师,天津市蓝快信息技术有限公司,6000-8000元,天津·滨海新区·塘沽,广州,大专,1-3年,6月19日,zhilian,岗位职责： 1. 负责网络安全项目的规划、设计、实施和管理，确保项目按时完成并满足客户需求 2. 负责对网络安全风险评估和威胁分析，制定相应的安全策略和解决方案 3. 负责对接与客户，协同完成网安工作，确保客户网络安全运维服务的质量和效率 5. 负责独立完成各种系统（主机、网络数据库等系统）的安全评估和加固 岗位要求： 1. 统招大专以上学历，计算机或软件工程等相关专业。 2. 熟悉网络安全相关法律法规和标准；熟悉相关网络安全产品，如防火墙、IDS、防病毒漏洞评估工具等 3. 具备良好的沟通协调能力，有较强的分析和解决问题的能力，能应对各种网络安全事件 4. 有Unix、Windows系统知识经验，能熟练使用Unix、Windows系统平台下各种应用系统，如MySQL、MSSQL、Oracle、Exchange等 5. 具备较强的学习能力和动手操作能力 6. 敬业、正直、诚实，无不良操守记录 工作地点 天津滨海新区贻航国际-10号楼806 以担保或任何理由索要财物，扣押证照，均涉嫌违法。一经发现， 立即举报,"网站安全,云安全,WEB安全,Java,CISP,CISP-PTE,NISP",http://www.zhaopin.com/jobdetail/CCL1474243550J40861391903.htm?refcode=4019&srccode=401901&preactionid=33bcb6a5-1349-4c6c-a88f-32c431f220d7
网络安全开发工程师,成都网信天成科技有限公司,1.2-1.6万,成都·武侯·桂溪,广州,本科,3-5年,8月1日,zhilian,岗位职责： 1、负责公司内部使用的安全工具的开发和运营。 2、参与公司网络安全建设和规划，包括安全基础设施运营和维护。 3、参与企业安全内部的日常安全维护，包括安全系统的部署、监控和应急响应。 岗位要求： 1、计算机相关专业，本科以上学历，3年以上企业安全建设相关的工作经验。 2、熟练使用 golang 开发安全工具或程序。 3、了解 OWASP top10 漏洞。 4、熟悉常见的安全设备如：防火墙、waf、堡垒机等的安全配置和运维。 工作地点 成都武侯区花样年·香年广场-3号楼 以担保或任何理由索要财物，扣押证照，均涉嫌违法。一经发现， 立即举报,信息安全,http://www.zhaopin.com/jobdetail/CC492786120J40994407702.htm?refcode=4019&srccode=401901&preactionid=33bcb6a5-1349-4c6c-a88f-32c431f220d7
网络安全服务工程师,盐城市网拓信息工程有限公司,7000-10000元,盐城·亭湖区·新河街道,广州,学历不限,1-3年,7月9日,zhilian,岗位职责： 1、熟悉主流网络设备的配置和管理； 2、熟悉网络安全防护，能通过运用各类安全防范设备（如防火墙、TDA、IPS等），有效防范黑客入侵。 3、具备一定的漏洞扫描能力，可熟练使用基本漏洞扫描技术，针对对应的漏洞，提出合理的解决方案。 任职要求： 1、信息安全、网络安全、计算机等相关专业本科及以上学历；2年以上相关工作经验 2、具有良好的语言表达能力，相对外向，能够把技术原理通过口语化的表述向客户描述清楚； 3、自身好学，对网络和安全技术有热情，具备较强的学习能力和技术钻研精神。 工作地点 亭湖区盐城绿色低碳科创园 以担保或任何理由索要财物，扣押证照，均涉嫌违法。一经发现， 立即举报,"网站安全,主机安全,WEB安全,CISP",http://www.zhaopin.com/jobdetail/CC526206720J40850722614.htm?refcode=4019&srccode=401901&preactionid=33bcb6a5-1349-4c6c-a88f-32c431f220d7
网络安全等级保护测评师,青海网盾信息技术服务有限公司,5000-6000元,西宁·城中区·南川西路街道,广州,大专,经验不限,7月18日,zhilian,职位描述 计算机相关专业 信息安全 技术服务 岗位内容： 实习期2000，实习期为1--3个月，转正后五险一金，节日双休，出差餐补、不定期体检、工龄工资、年终奖。经公司培训 学习后参加测评师考试，考上证书按档级工资，加入职称工资。 1.懂得网络安全等级保护相关法律法规，并能够独立完成等级保护测评的全流程工作； 2. 有经验者能够使用渗透测试工具对客户系统进行安全检测和漏洞扫描。 3. 进行保密性和完整性测试，评估系统安全性并提出改进建议。 4. 编写测试报告和安全咨询报告，向客户解释各类漏洞以及其严重性。 任职要求： 1. 具有一定的网络安全等级保护测评基础者优先。 2.具备渗透测试者优先，熟悉一种或多种主流的渗透测试工具，熟悉SQL注入、XSS、CSRF等常见漏洞类型。 2. 具备基本的网络安全知识，熟悉常见操作系统和应用软件的安全配置方法。 3. 具备较强的沟通表达能力，具备团队合作精神和自我管理能力，有较强的责任心和学习能力。 4.网络安全相关专业优先。 5.薪资范围为实习生，有经验者面议。 工作地点 西宁城中区青海网盾信息技术服务有限公司6楼 10626室 以担保或任何理由索要财物，扣押证照，均涉嫌违法。一经发现， 立即举报,"计算机相关专业,信息安全,技术服务",http://www.zhaopin.com/jobdetail/CCL1248030790J40630124514.htm?refcode=4019&srccode=401901&preactionid=33bcb6a5-1349-4c6c-a88f-32c431f220d7
网络安全员,深圳市卓行致远控股有限公司,7000-10000元,武汉·洪山·关山,广州,大专,1-3年,7月15日,zhilian,职位描述 WEB安全 应用安全 网络安全架构设计 安全应急响应 安全合规评估 工作职责： 1. 负责公司网络安全架构的设计与优化，建立覆盖终端、网络、应用的全链路防护体系。 2. 定期开展网络安全漏洞扫描与渗透测试，及时发现并修复系统安全隐患。 3. 监控网络流量与系统日志，快速响应并处置各类网络攻击事件，编写应急响应报告。 4. 制定并落地网络安全管理制度与操作规范，组织员工安全意识培训。 任职要求： 1. 本科及以上学历，计算机、网络安全相关专业，基础扎实。 2. 3年以上网络安全领域工作经验，熟悉防火墙、入侵检测系统（IDS/IPS）、VPN等安全设备的配置与管理。 3. 掌握常见网络攻击手段与防御技术，具备渗透测试、漏洞挖掘的实战能力。 4. 熟悉等保2.0、ISO27001等安全合规标准，能独立完成安全合规性评估。 工作地点 武汉市-洪山区-光谷软件园F区 以担保或任何理由索要财物，扣押证照，均涉嫌违法。一经发现， 立即举报,"WEB安全,应用安全,网络安全架构设计,安全应急响应,安全合规评估",http://www.zhaopin.com/jobdetail/CCL1524600340J40942123708.htm?refcode=4019&srccode=401901&preactionid=33bcb6a5-1349-4c6c-a88f-32c431f220d7
网络安全管理,北京商海文天科技发展有限公司,1-1.3万,银川·金凤区·北京中路街道,广州,本科,5-10年,7月31日,zhilian,岗位职责： 1、协助招标方统筹网络安全运维管理，完善网络安全管理制度、技术标准、应急预案等，建立统一的安全运维标准及安全防护细则。 2、协助招标方健全网络安全技术防护体系； 3、协助招标方组织所属三级单位开展应急演练；协助招标方编制年度网络安全工作计划； 4、协助招标方审查网络安全及网信基础设施相关项目技术规范； 5、协助招标方组织开展网络安全专题培训，不少于一次； 6、按照上级主管部门（包含但不仅限于集团公司）要求，策划并组织开展网络安全专项工作（包含重要时期网络安全保障工作）； 7、协助招标方完善网络安全考核细则； 8、协助招标方开展网络安全事件处理、分析、报告等相关工作； 9、每季度提交一份运维服务报告。 任职要求： 1.大学本科及以上学历； 2.5-8年及以上网络安全从业经验； 3.熟悉网络安全体系架构，熟悉网络安全、主机安全、数据安全等技术，熟悉安全网关、安全审计、入侵检测、SOC、安全服务等安全产品； 4.对云计算、大数据、工业控制等新兴领域以及国内外网络安全相关政策与标准有一定了解； 5.具有较强的行业业务方案设计和讲解能力，具有较强的文档撰写、沟通表达和项目管理能力;5.具备较强的学习和解决问题的能力； 6.具有CISSP/CISP/ISO27001LA/CISA/等保测评/PMP等相关认证者优先考虑。 工作地点 银川金凤区紫荆花商务中心 以担保或任何理由索要财物，扣押证照，均涉嫌违法。一经发现， 立即举报,"CISP,CISSP,WEB安全",http://www.zhaopin.com/jobdetail/CC143256030J40951196308.htm?refcode=4019&srccode=401901&preactionid=33bcb6a5-1349-4c6c-a88f-32c431f220d7
网络与信息安全工程师,江西华创新材有限公司,1.2-1.8万,南昌·新建·樵舍,广州,本科,5-10年,7月30日,zhilian,职位描述 WEB安全 网站安全 主机安全 CISP CISSP CISP-PTE 信息安全 软件/IT服务 【工作内容】 1、负责信息安全管理体系（ISMS）的规划、建设与落地，制定安全策略、管理制度、操作规范及应急响应预案。 2、负责防火墙、IPS、WAF、堡垒机、蜜罐等安全设备的配置部署、运维及策略优化；7×24小时监控安全日志与告警，及时识别并快速处置异常行为及入侵威胁。 3、定期开展信息安全风险评估并出具报告，制定风险处置方案并跟踪落实；负责关键资产的漏洞扫描与渗透测试，组织漏洞排查与整改，配合开发团队完成系统加固。 4、负责勒索病毒、数据泄露、DDoS攻击等安全事件的实时响应、调查取证及攻击溯源，完成根因分析并输出报告。 5、支撑等保2.0测评、ISO/IEC 27001体系建设，配合内外部信息安全审计，确保符合《网络安全法》《数据安全法》《个人信息保护法》等法规要求。 6、定期组织员工信息安全培训，每季度开展办公场所安全检查并出具报告，跟踪问题整改闭环。 7、研究攻防技术与攻防演练，跟踪零信任、云安全、AI安全等前沿技术；协助桌面运维及领导交办的其他工作。 【招聘要求】 1、本科及以上，计算机、信息安全、网络安全、网络工程等相关专业。 2、5年以上中大型制造企业信息安全运维、等保合规或网络安全相关经验。 3、精通TCP/IP及路由交换技术，熟悉Windows/Linux系统加固；掌握主流安全产品（防火墙、WAF、IPS、堡垒机、蜜罐、SIEM等）的部署配置与日志分析；熟悉常见攻击原理与防御策略，具备入侵溯源与取证能力；熟练使用Nessus、Burp Suite、SQLMap、Kali等渗透测试工具。 4、具备较强的风险识别、应急处置、逻辑分析及沟通协调能力，文字功底扎实，服务意识好，抗压能力强，能适应大小周工作制。 5、持有CISP/CISSP/CISA/OSCP等证书优先；熟悉Python/Shell脚本编写，有攻防演练实战经验或了解零信任/云安全/AI安全前沿技术优先。 工作地点 南昌新建区江西华创新材有限公司 以担保或任何理由索要财物，扣押证照，均涉嫌违法。一经发现， 立即举报,"WEB安全,网站安全,主机安全,CISP,CISSP,CISP-PTE",http://www.zhaopin.com/jobdetail/CCL1393508790J41020650004.htm?refcode=4019&srccode=401901&preactionid=33bcb6a5-1349-4c6c-a88f-32c431f220d7
工控网络安全工程师,北京中嘉瑞合科技有限公司,9000-15000元,北京·朝阳·和平街,深圳,大专,3-5年,,zhilian,,"红蓝对抗,内网渗透,协议、密码学、攻防,Python,C++,CISP,CISSP,CISA,系统安全,Nessus,Openvas",http://www.zhaopin.com/jobdetail/CCL1517004850J40924101512.htm?refcode=4019&srccode=401901&preactionid=79094458-e065-470a-a82d-077baebd6ab8
网络安全运营工程师,湖南一树数智科技有限公司,1.3-1.4万,北京·海淀·学院路,广州,本科,3-5年,,zhilian,,"CISP,CISP-PTE,攻防演练",http://www.zhaopin.com/jobdetail/CCL1391923370J40911018003.htm?refcode=4019&srccode=401901&preactionid=e5dfd140-281c-4d18-bb26-a4e364200ee8
网络工程师,深圳金富东实业有限公司,9000-12000元·13薪,深圳·罗湖·南湖,广州,本科,1-3年,,zhilian,,故障排除,http://www.zhaopin.com/jobdetail/CCL1506998870J40761243906.htm?refcode=4019&srccode=401901&preactionid=e5dfd140-281c-4d18-bb26-a4e364200ee8
网络安全服务工程师,湖南一树数智科技有限公司,1.2-1.8万,北京·海淀·学院路,广州,本科,3-5年,,zhilian,,"CISP,CISP-PTE,CISSP,监测研判,应急响应,渗透测试",http://www.zhaopin.com/jobdetail/CCL1391923370J40911483503.htm?refcode=4019&srccode=401901&preactionid=7f6f8e3e-7c9f-4510-b443-4f26d450be4d
高级网络安全工程师,中智(安徽)科技服务有限公司,1.6-2万,合肥·包河·包公,广州,本科,3-5年,,zhilian,,"CISSP,CISP",http://www.zhaopin.com/jobdetail/CCL1414445340J40899274313.htm?refcode=4019&srccode=401901&preactionid=7f6f8e3e-7c9f-4510-b443-4f26d450be4d
