job_name,company_name,salary,work_area,city,education,work_year,issue_date,source,skill_requirements,tech_tags,job_url
大模型风控算法工程师,智联招聘,3-4万·14薪,北京·朝阳·望京,北京,本科,3-5年,7月26日,zhilian_direct,岗位职责： 1，风险识别与预警：通过分析用户行为模式、发布内容、企业画像等多维数据，主动发现虚假招聘、诈骗、违规等风险岗位和问题企业； 2，安全策略制定：辅助制定业务的风控策略和处置规则，平衡用户体验与平台安全； 3，关注前沿技术，参与下一代智能风控技术探索与建设，并在工业上落地应用。为用户提供更好的体验。 岗位要求： 1，有过风控算法经验，扎扎实实解决了问题、在用户体验上有体现。技术上有一定的先进性； 2，有大模型落地经验者优先； 3，简单可依赖、沟通良好，能持续学习； 工作地点 北京朝阳区首开广场 以担保或任何理由索要财物，扣押证照，均涉嫌违法。一经发现， 立即举报,"自然语言处理,流量反欺诈,营销反欺诈",http://www.zhaopin.com/jobdetail/CCL1501502560J40873964814.htm?refcode=4019&srccode=401903&preactionid=959f198c-c7bd-4a71-871a-22e2dcc9877a
风控算法工程师（信贷风险建模）全额,慧博云通科技股份有限公司,2-2.6万,北京·昌平·回龙观,北京,本科,1-3年,7月26日,zhilian_direct,职位描述 风控建模 风控算法 金融信贷 金融科技/数字金融 岗位说明 1、负责支持金融信贷的风险算法研发，深刻理解具体的业务场景，设计研发具备良好区分度和解释性的模型； 2、深度挖掘海量平台数据及外部数据，开发有风险区分度的有效变量； 3、负责三方联合建模，包括需求沟通、模型开发、模型部署、模型回溯等全流程工作。 任职要求 1、本科及以上学历，数学、统计、计算机、金融等相关专业优先； 2、1年及以上金融机构（银行、信用卡中心、互联网金融等）算法相关工作经验，对信贷产品的风险模型和风险策略有一定了解。 3、掌握常见机器学习相关算法，优秀的编程能力； 4、工作细致、有责任心、自我驱动，具备良好的沟通能力与团队协作精神。 工作地点 北京昌平区万科天空之城 以担保或任何理由索要财物，扣押证照，均涉嫌违法。一经发现， 立即举报,"风控建模,风控算法,金融信贷",http://www.zhaopin.com/jobdetail/CCL1254757260J40882289005.htm?refcode=4019&srccode=401903&preactionid=959f198c-c7bd-4a71-871a-22e2dcc9877a
风控模型算法工程师（15-20k）,中数智创科技有限公司,1.5-2万,石家庄·长安·谈固,石家庄,硕士,经验不限,7月26日,zhilian_direct,职位描述 大模型算法 DOLPHINSCHEDULER SEATUNNEL CLICKHOUS 岗位描述： 1.模型构建与优化：承担信用风险模型的建模任务，涵盖样本合理选择、特征工程实施、算法优化以及联合建模等工作 2.模型与应用协调：负责模型和策略应用之间的协调沟通，依据实际业务需求，灵活运用不同算法定制相应模型。 3.数据分析与监控：承担模型相关的各类数据分析工作，完善模型生命周期的监控和质量保证。需要对模型运行过程中的数据进行持续分析，及时发现模型可能存在的问题，保障模型在整个生命周期内的稳定性和可靠性。 4.创新性研究：参与创新性研究，快速学习并将新方法应用到信贷风控工作中。 岗位要求 1.专业与学历：要求计算机、统计、金融、物理等相关专业背景，且学历为硕士及以上。 2.领域经验：在信贷风控、数据分析、机器学习、深度学习等相关领域有1 - 2年及以上经验优先。 3.编程与工具：具备良好的编程基础，熟练掌握至少一门编程语言（如python，c++，java等），有大数据处理经验（如hive，hadoop，spark）者优先。 4.技术与兴趣：对大数据技术有热情，熟悉并掌握常见的机器学习、深度学习算法，同时对金融相关感兴趣者优先。 工作地点 石家庄长安区中数智创科技有限公司8楼人资部 以担保或任何理由索要财物，扣押证照，均涉嫌违法。一经发现， 立即举报,"大模型算法,DOLPHINSCHEDULER,SEATUNNEL,CLICKHOUS",http://www.zhaopin.com/jobdetail/CC872191990J40907439415.htm?refcode=4019&srccode=401903&preactionid=959f198c-c7bd-4a71-871a-22e2dcc9877a
风控模型算法工程师,海南泽山软件科技有限责任公司北京分公司,2-4万,深圳·南山·粤海,深圳,本科,3-5年,7月26日,zhilian_direct,岗位职责： 1、通过数据挖掘技术，分析客户行为，开发风险预测模型； 2、协调各相关部门，推动模型的上线、投产、追踪、评估等工作； 3、结合模型与内外部数据，制定准入管理、客群管理、额度管理、定价管理等策略； 4、负责业务部门数据采集和分析工作，并定期出具风险报告，监控公司信贷资产质量； 岗位要求： 1、本科或以上学历，金融、数学、计算机、统计类相关专业毕业； 2、熟悉基本的数据挖掘模型，如回归、决策树、聚类、GBDT等算法模型； 3、2年以上数据挖掘工作经验，有消费信贷评分卡开发经验； 4、熟悉MySQL、Oracle等数据库； 5、熟悉Python语言，了解numpy， sicpy者优先； 6、工作积极主动，抗压能力强；能够熟练阅读英文专业资料优先； 7、出色的书面和口头沟通技巧，能够以清晰简洁的方式向各种受众呈现复杂的数据和信息 工作地点 南山区深圳湾科技生态园-10B号楼8楼 以担保或任何理由索要财物，扣押证照，均涉嫌违法。一经发现， 立即举报,"Python,机器学习算法,数据挖掘,数据分析,风控建模,金融反欺诈",http://www.zhaopin.com/jobdetail/CCL1391902410J40861787914.htm?refcode=4019&srccode=401903&preactionid=959f198c-c7bd-4a71-871a-22e2dcc9877a
风控模型算法工程师,海南泽山软件科技有限责任公司北京分公司,1.5-1.6万,北京·海淀,北京,本科,1-3年,7月26日,zhilian_direct,岗位职责： 1、通过数据挖掘技术，分析客户行为，开发风险预测模型； 2、协调各相关部门，推动模型的上线、投产、追踪、评估等工作； 3、结合模型与内外部数据，制定准入管理、客群管理、额度管理、定价管理等策略； 4、负责业务部门数据采集和分析工作，并定期出具风险报告，监控公司信贷资产质量； 岗位要求： 1、本科或以上学历，金融、数学、计算机、统计类相关专业毕业； 2、熟悉基本的数据挖掘模型，如回归、决策树、聚类、GBDT等算法模型； 3、2年以上数据挖掘工作经验，有消费信贷评分卡开发经验； 4、熟悉MySQL、Oracle等数据库； 5、熟悉Python语言，了解numpy， sicpy者优先； 6、工作积极主动，抗压能力强；能够熟练阅读英文专业资料优先； 7、出色的书面和口头沟通技巧，能够以清晰简洁的方式向各种受众呈现复杂的数据和信息 工作地点 北京市海淀区龙岗路奥北科技园29号楼 以担保或任何理由索要财物，扣押证照，均涉嫌违法。一经发现， 立即举报,"Python,机器学习算法,数据挖掘,数据分析,风控建模,金融反欺诈",http://www.zhaopin.com/jobdetail/CCL1391902410J40873952314.htm?refcode=4019&srccode=401903&preactionid=959f198c-c7bd-4a71-871a-22e2dcc9877a
算法工程师岗位（风控方向）,安徽淘才人才发展集团有限公司,3-4.5万·13薪,合肥·蜀山·南岗,合肥,博士,1-3年,7月26日,zhilian_direct,岗位职责： 1、风控模型研究与升级：基于业务场景（如信贷风控、反欺诈、合规监控等），探索研究科学的风险评估策略，持续迭代优化模型效果。 2、知识图谱应用与创新：结合知识图谱技术，挖掘实体关系网络中的潜在风险关联，牵头构建行业知识图谱支持动态风险识别，提升复杂风险场景的风险识别能力和预测能力。 3、掌握机器学习算法，线性模型(LR/逻辑回归)、树模型(XGBoost/LightGBM)、RNN系列(LSTM/GRU)、图模型(GCN/HGT)等，掌握scikit-learn、pytorch 4、掌握Neo4j或Nebula Graph图数据库构建，并能基于知识图谱应用图算法进行风控风险计算，包括关联关系挖掘、团伙检测、风险传播评分、异常社区识别等 5、具有预训练模型微调(Linear Probe/Adapter/LoRA)、领域迁移经验 二、任职要求： 1、博士学历，计算机科学、数学、统计学、信息工程、金融工程等相关专业。（特别优秀者可放宽至硕士） 2、熟练掌握Python/SQL，熟悉机器学习框架（如Scikit-learn、TensorFlow/PyTorch）。 3、熟悉图数据库（Neo4j、JanusGraph等）、图算法（社区发现、路径分析等）；有知识图谱构建（实体抽取、关系挖掘、图谱推理）或应用经验优先（如反欺诈关联网络）。 4、熟悉风控建模全流程（样本设计、模型开发、监控调优），掌握LR、GBDT、XGBoost等常用算法。 5、1年以上风控建模或知识图谱相关工作经验（优秀应届生可放宽）；有金融、互联网、电商等行业风控项目经验者优先。 工作地点 合肥蜀山区安徽科大国创慧联运科技有限公司18楼 以担保或任何理由索要财物，扣押证照，均涉嫌违法。一经发现， 立即举报 客户,金融反欺诈,http://www.zhaopin.com/jobdetail/CC696533430J40879212505.htm?refcode=4019&srccode=401903&preactionid=959f198c-c7bd-4a71-871a-22e2dcc9877a
风控总监,深圳市国升投资有限公司,2-4万,上海·浦东·陆家嘴,上海,本科,3-5年,7月26日,zhilian_direct,职位描述 金融业 风控建模 风控算法 合规审查 内部控制 风险管理 反洗钱 FRM金融风险管理师二级 基金 必须：有在中国基金业协会备案过 合规风控负责人 1.法律、经济、金融类等相关专业，有多年私募基金的合规工作，具有3年以上的风控经历 2.具有在证券公司、银行、保险等金融行业工作经验优先； 3.具有丰富的证券、股票和基金相关的金融基础知识，基本面研究工夫扎实； 职位福利：五险一金、绩效奖金 工作地点 上海浦东新区世纪大道100号19楼 以担保或任何理由索要财物，扣押证照，均涉嫌违法。一经发现， 立即举报,"金融业,风控建模,风控算法,合规审查,内部控制,风险管理,反洗钱,FRM金融风险管理师二级",http://www.zhaopin.com/jobdetail/CCL1344119780J40164571107.htm?refcode=4019&srccode=401903&preactionid=959f198c-c7bd-4a71-871a-22e2dcc9877a
风控模型算法工程师,海南泽山软件科技有限责任公司北京分公司,1.5-1.6万,深圳·南山·粤海,深圳,本科,1-3年,7月26日,zhilian_direct,岗位职责： 1、通过数据挖掘技术，分析客户行为，开发风险预测模型； 2、协调各相关部门，推动模型的上线、投产、追踪、评估等工作； 3、结合模型与内外部数据，制定准入管理、客群管理、额度管理、定价管理等策略； 4、负责业务部门数据采集和分析工作，并定期出具风险报告，监控公司信贷资产质量； 岗位要求： 1、本科或以上学历，金融、数学、计算机、统计类相关专业毕业； 2、熟悉基本的数据挖掘模型，如回归、决策树、聚类、GBDT等算法模型； 3、2年以上数据挖掘工作经验，有消费信贷评分卡开发经验； 4、熟悉MySQL、Oracle等数据库； 5、熟悉Python语言，了解numpy， sicpy者优先； 6、工作积极主动，抗压能力强；能够熟练阅读英文专业资料优先； 7、出色的书面和口头沟通技巧，能够以清晰简洁的方式向各种受众呈现复杂的数据和信息 工作地点 南山区深圳湾科技生态园-10B号楼8楼 以担保或任何理由索要财物，扣押证照，均涉嫌违法。一经发现， 立即举报,"Python,机器学习算法,数据挖掘,数据分析,风控建模,金融反欺诈",http://www.zhaopin.com/jobdetail/CCL1391902410J40873952214.htm?refcode=4019&srccode=401903&preactionid=959f198c-c7bd-4a71-871a-22e2dcc9877a
算法工程师（电力大厂）,科锐尔人力资源服务(苏州)有限公司,1-2万,北京·西城·金融街,北京,本科,1-3年,7月26日,zhilian_direct,岗位职责】 1．负责结合新能源数据进行风电/光伏功率预测算法的算法、模型研究设计，进行风电/光伏功率预测的模型、算法准确率提升优化改进； 2．负责风电/光伏功率预测模型在生产应用中的准确率监控、偏差分析、效率改进等； 3．负责项目交付中出现的模型算法相关问题的解决； 4. 负责风电/光伏功率预测技术方案的设计、编写，售前支持等； 岗位基本要求: 1、熟悉数据挖掘、数据分析等相关知识；具有机器学习等算法建模相关工作1年以上经验； 2、熟悉常用的统计方法、优化算法等机器学习方法，具备智能算法相关数据处理、特征提取和模型训练技能；具备数据挖掘和建模相关的核心算法和代码实现技能； 3、较好的沟通能力，能够熟练阅读英文文献，为人诚恳踏实，动手能力强，具备良好的逻辑思考和学习能力，以及良好的分析解决问题的能力； 工作地点 北京西城区中国华能大厦大厦内 以担保或任何理由索要财物，扣押证照，均涉嫌违法。一经发现， 立即举报 客户,"机器学习,深度学习,强化学习,风控算法,优化算法,推荐算法",http://www.zhaopin.com/jobdetail/CC453635220J40909398803.htm?refcode=4019&srccode=401903&preactionid=959f198c-c7bd-4a71-871a-22e2dcc9877a
风控总监,深圳市国升投资有限公司,2-4万,杭州·下沙,杭州,本科,3-5年,7月26日,zhilian_direct,职位描述 基金从业资格证 内部控制 风控建模 风控算法 风险管理 尽职调查 不良资产处置 合规审查 基金 必须：有在中国基金业协会备案过 合规风控负责人 1.法律、经济、金融类等相关专业，有多年私募基金的合规工作，具有3年以上的风控经历 2.具有在证券公司、银行、保险等金融行业工作经验优先； 3.具有丰富的证券、股票和基金相关的金融基础知识，基本面研究工夫扎实； 职位福利：五险一金、绩效奖金 工作地点 杭州金沙大道836号12楼 以担保或任何理由索要财物，扣押证照，均涉嫌违法。一经发现， 立即举报,"基金从业资格证,内部控制,风控建模,风控算法,风险管理,尽职调查,不良资产处置,合规审查",http://www.zhaopin.com/jobdetail/CCL1344119780J40164569707.htm?refcode=4019&srccode=401903&preactionid=959f198c-c7bd-4a71-871a-22e2dcc9877a
风控管培生,平安国际融资租赁有限公司,8000-12000元·20薪,上海·浦东·潍坊新村,Guangzhou,本科,经验不限,11月28日,zhilian,职位描述 融资租赁风控 金融技术风控 1、负责金融产品的风险数据分析，通过大数据管理，建立零售信贷业务风控评分模型，用于金融服务和信贷业务的发展。 2、从个人征信数据、行为数据、互联网数据等出发，构建大数据金融模型用于贷款自动化授信 3、负责数据驱动模型立项、数据清洗及衍生、开发、督促布置上线等工作，监控场景及业务变化，及时发现问题推进模型修复迭代，并撰写代码进行落地； 任职要求： 1、统计、数学、计量经济、金融工程、计算机专业等量化方向本科以上学历优先； 2、了解熟悉SAS、C/C++，Linux/Unix Shell，Python，PHP工具，了解决策树构建等软件； 3、意愿往金融风控方向发展，对在线风控技术，对大数据征信和在线信用评审具有一定的关注和兴趣。 工作地点 上海浦东新区平安财富大厦 以担保或任何理由索要财物，扣押证照，均涉嫌违法。一经发现， 立即举报,"融资租赁风控,金融技术风控",http://www.zhaopin.com/jobdetail/CC362140510J40854033712.htm?refcode=4019&srccode=401901&preactionid=150ddf84-d10a-45c1-822a-f649d2763b26
风控,支付宝(杭州)数字服务技术有限公司,5000-6000元·14薪,长沙·岳麓·洋湖,Guangzhou,本科,1-3年,6月2日,zhilian,职位描述 保理风控 银行业风控 基金业风控 证券业风控 信托风控 反舞弊 反作弊 反洗钱 反欺诈 贷款风控 银行信息风控 反洗钱审核服务部：对蚂蚁集团体系内的洗钱风险进行分析防控，及时上报相关洗钱风险情况，满足合规监管需要，善尽金融持牌机构义务。 一、职位描述（接受可能会排晚班） 1、熟悉各项反洗钱监管法规和工作要求，可基于监管要求完成客户可疑交易上报等工作； 2、熟悉各类洗钱手法特征和业务模式，分析和挖掘客户或交易中的洗钱及相关上游犯罪行为； 3、负责对可疑交易进行人工甄别分析，能够在标准流程指引下独立完成反洗钱风险分析任务审理； 4、保持对国内外监管政策和新型洗钱手法高度关注，并在日常工作中识别重点可疑交易线索，积极发现挖掘各类新型风险及未知风险。 二、职位要求（接受可能会排晚班） 1. 本科以上学历，金融等相关专业，1年以上工作经验，有反洗钱对口工作经验最佳，； 2. 能接受后续可能会轮班排晚班，有SQL等数据分析能力优先（非硬性要求）； 3.优先考虑银行背景，接受财务、审计、投资、基金等经验，提供培训； 4 有较强的风险意识、业务敏感度、能发现业务中的风险点和可优化点； 5. 有较强抗压能力，能高效能工作，能够并行处理多项工作任务，有灵活的协调沟通能力。 工作地点 长沙岳麓区恒伟星中心11楼 以担保或任何理由索要财物，扣押证照，均涉嫌违法。一经发现， 立即举报,"保理风控,银行业风控,基金业风控,证券业风控,信托风控,反舞弊,反作弊,反洗钱,反欺诈,贷款风控,银行信息风控",http://www.zhaopin.com/jobdetail/CC690041820J40485398309.htm?refcode=4019&srccode=401901&preactionid=150ddf84-d10a-45c1-822a-f649d2763b26
风控助理,浙江夯实投资管理有限公司,5000-6000元,绍兴·柯桥区·齐贤街道,Guangzhou,本科,经验不限,7月25日,zhilian,职位描述 风控合规 基金 配合风控完成日常风控工作。 1、 根据现有的法律法规和监管规则，建立、完善相关合规风控制度、流程、风险控制措施。 2、 对投资、研究、交易、市场、运营等业务进行合规监控，开展日常、定期、专项合规检查和考核。 3、 组织开展合规培训、合规考核、考试，加强公司合规文化建设。 4、 及时反馈监管机构要求、影响并提出合规建议。 5、 确保公司内部前、中、后台业务合法合规，建立全员的合规意识及合规能力，定期稽查，排查风险。 任职要求 1、 诚实守信、认真负责、热爱本职工作。 2、 3、 持有基金从业资格证。 工作时间：周一至周五9:00-17:00 假期：周末双休+法定节假日 工作地点 绍兴柯桥区世贸中心A2 以担保或任何理由索要财物，扣押证照，均涉嫌违法。一经发现， 立即举报,风控合规,http://www.zhaopin.com/jobdetail/CC584884880J41023868604.htm?refcode=4019&srccode=401901&preactionid=150ddf84-d10a-45c1-822a-f649d2763b26
风控岗(AI数字化方向）,神州数码（中国）有限公司,7000-10000元,郑州·金水·丰产路,Guangzhou,本科,经验不限,7月26日,zhilian,岗位职责： 1、风控岗位项目风险评估、应收管理、法务跟进等本职工作； 2、负责AI模型训练、数据标注及效果优化，保障各类模型适配风控业务。 3、开展风控数据挖掘、分析，输出报告为策略调整提供支撑。 4、推动传统风控流程数字化优化，跟踪AI风控前沿技术并探索应用。 岗位定位：聚焦AI自动审批、数字员工落地，推动部门风控数字化、AI化转型；具体负责AI模型训练、风控数据分析 任职资格： 1、学历及专业：本科及以上学历，计算机、AI、数据科学、应用数学、统计学等相关专业优先。 2、能力-优先考虑技能： - 具备RPA工具的开发或实施经验。 - 有机器学习模型（如分类、回归、聚类）的完整开发、训练与调优经验。 - 熟悉企业风控系统或信贷审批系统的架构与逻辑。 - 拥有Python、SQL等数据处理语言的扎实编程基础。 3、经验：有相关项目经验可优先考虑。优秀的应届毕业生可考虑。 4、其他：认同企业文化，具备良好沟通和学习能力。 工作地点 金水区郑州市经三路68号2号楼18层 以担保或任何理由索要财物，扣押证照，均涉嫌违法。一经发现， 立即举报,"数字化,RPA,Python,SQL,机器学习模型开发,风控建模,机器学习算法",http://www.zhaopin.com/jobdetail/CC000067670J40910882903.htm?refcode=4019&srccode=401901&preactionid=150ddf84-d10a-45c1-822a-f649d2763b26
反欺诈岗,新华人寿保险股份有限公司内蒙古分公司,5000-8000元,呼和浩特·赛罕,Guangzhou,本科,经验不限,7月7日,zhilian,职位描述 金融反欺诈 保险内勤 一、工作职责 1.欺诈风险监测、识别、应对、报告管理；欺诈黑名单管理；欺诈举报管理；制定反欺诈实施细则 2.规则、规范管理与优化 3.调研及应用外部大数据，数据服务商的管理及效果评估 4.宣传活动规划与实施，宣传工具管理 5.反欺诈人员培训管理，培训课程研发及实施 6.参与行业课题研究、反欺诈联席及其他工作 7.领导交办的其他任务 二、任职资格 1.大学本科及以上学历，医学、法律、公安、保险、金融经济类专业优先； 2.有同业工作经历优先。 工作地点 呼和浩特赛罕区绿地蓝海大厦绿地蓝海大厦B座六楼新华保险内蒙古分公司 以担保或任何理由索要财物，扣押证照，均涉嫌违法。一经发现， 立即举报,"金融反欺诈,保险内勤",http://www.zhaopin.com/jobdetail/CC534403320J40847413903.htm?refcode=4019&srccode=401901&preactionid=150ddf84-d10a-45c1-822a-f649d2763b26
风控管理专员,中联重科,7000-9000元·14薪,长沙·望城·雷锋,Guangzhou,本科,1-3年,6月10日,zhilian,职位描述 风控体系制定 数据风控 交易风控 工作职责： 1、负责风险相关数据的收集、校验与整合，建立和维护风险数据； 2、依托海外LTC系统搭建覆盖“贷前-贷中-贷后-资产处置”的全节点监控模块，设计开发风险监控关键指标、阈值和预警规则； 3、执行日常风险监控，编制常规与专项风险监控报告，针对特定风险进行专题分析。 任职要求： 1、本科及以上学历，统计学、数学、计算机科学等相关专业优先； 2、2年以上风险管理、数据分析相关工作经验，有大数据平台、风险监控系统建设经验； 3、工作严谨细心，对数据敏感，责任心强。 工作地点 长沙望城区中联重科总部科研大楼中联重科智慧产业城总部大楼 以担保或任何理由索要财物，扣押证照，均涉嫌违法。一经发现， 立即举报,"风控体系制定,数据风控,交易风控",http://www.zhaopin.com/jobdetail/CC130731060J40819146111.htm?refcode=4019&srccode=401901&preactionid=150ddf84-d10a-45c1-822a-f649d2763b26
风控管理岗,浙江省国有资本运营有限公司,1.2-1.5万,杭州·西湖·翠苑,Guangzhou,硕士,经验不限,7月14日,zhilian,岗位职责：协助开展公司全面风险管理，负责投资项目风险审查、风险预警、风险应对等工作。 2.任职资格： （1）2025、2026年应届毕业生； （2）硕士研究生及以上学历，法律、财务等相关专业； （3）熟悉资本市场及国资监管相关政策法规，具备法律职业资格、基金业从业资格、证券业从业资格、CPA、CFA、ACCA等专业证书者优先。 3.招聘程序 本次招聘将通过公开报名、资格审查、面谈面试、背景调查、择优录用等程序，确定聘用人选。 4.报名和资格审查 （一）报名时间 即日起至满足公司业务发展为止。 （二）报名材料 1.在公司公众号页面下方下载并填写《应聘报名表》《承诺书》； 2. 本人有效身份证件、学位证书、毕业证书（海外留学归国人员学历需提供国家教育部认证）、企事业任职、工作成果等证明材料； 3.相关职（执）业资格、专业技术资格（职务）证书、年度考核结果证明材料扫描件。 （三）报名方式 采用邮件报名形式，以上材料打包为一个压缩文件，以“应聘岗位+姓名”命名，发送至报名邮箱。 工作地点 杭州西湖区浙资大厦16楼 以担保或任何理由索要财物，扣押证照，均涉嫌违法。一经发现， 立即举报,"业务流程风控,投融资风控",http://www.zhaopin.com/jobdetail/CC335209280J40842661909.htm?refcode=4019&srccode=401901&preactionid=150ddf84-d10a-45c1-822a-f649d2763b26
量化风控岗,九江银行,1-2万,九江·濂溪区·五里街道,Guangzhou,本科,5-10年,7月21日,zhilian,岗位职责: 1.参与全行数据分析基础设施的建设，包括提出并维护全行数据分析数据环境，搭建全行数据量化基础架构等。 2.推进我行数据基础模型的建设，持续监控其有效性和稳定性，并及时优化。 3.持续监控对公、零售信贷产品的贷前、贷中和贷后策略，及时提出优化要求等。 4.设计开发各维度风险监控报表，提供风险分析报告。 5.进行对公、零售信贷产品的收益测算与监控。基于测算开展产品收益考核和经营分析工作。 任职资格: 1. 初始学历为本科及以上； 2. 3.具备零售信贷、信用卡等领域5年及以上数据分析或收益管理经验者优先； 4. 具备较强的数据分析能力、逻辑思维能力，具备数据分析基础技能，熟练使用 Python 等工具； 5. 熟练掌握各类数据模型和算法的使用，掌握风险定损、风险加权资产管理的原理及应用。 工作地点 江西省九江市濂溪区长虹大道 以担保或任何理由索要财物，扣押证照，均涉嫌违法。一经发现， 立即举报,"银行业风控,数据分析",http://www.zhaopin.com/jobdetail/CC450650120J40837135210.htm?refcode=4019&srccode=401901&preactionid=150ddf84-d10a-45c1-822a-f649d2763b26
风控 / 实盘分析师,科伊思(杭州)人工智能科技有限公司,8000-15000元,杭州·钱塘·下沙,Guangzhou,本科,经验不限,6月4日,zhilian,岗位职责】 实时监控投资组合与盘面，复盘交易数据、排查潜在风险，输出优化建议，辅助迭代交易策略。 【任职要求】 相关专业硕士，英语四级/六级；熟悉量化全流程，擅长风险监控与策略优化落地。 工作地点 钱塘区科伊思(杭州)人工智能科技有限公司 以担保或任何理由索要财物，扣押证照，均涉嫌违法。一经发现， 立即举报,投资风控,http://www.zhaopin.com/jobdetail/CCL1505646280J40867344914.htm?refcode=4019&srccode=401901&preactionid=150ddf84-d10a-45c1-822a-f649d2763b26
风控,深度(山东)数字科技集团有限公司,5000-8000元,临沂·兰山·兰山街道,Guangzhou,本科,经验不限,7月11日,zhilian,岗位职责 1、负责供应链票据平台业务的风险管理工作，对交易结构、核心企业准入等进行风险把控，并出具风控意见； 2、负责建立对供应链票据平台上中小企业客户的信用风险评价方法和授信方法，基于行业特点、交易数据及第三方外部征信数据源优化风控策略； 3、负责将供应链票据作业流程标准化，配合实现相关作业流程线上化运行；并负责日常的业务审核； 4、负责供应链票据平台上的核心企业和已授信客户的贷后风险监测和预警，针对重点客户开展现场和非现场常规贷后工作检查等。 任职要求 1、本科及以上学历，有金融学.会计.统计学背景为佳； 2、熟知风险管理基础理论和相关的监管政策法规，对线上金融风控业务有理解，具备风险分析、识别和管理能力。 3、有银行票据业务部、风控部或互联网供应链风控实习经验者优先。 4、沟通表达能力强，思维敏捷，具有较强的资源协调能力与学习能力，能熟练操作办公软件； 5、有较强的客户导向和服务意识，有高度的责任感，工作认真负责，仔细热情，工作主动性执行力较强。 工作地点 兰山区深度数科集团(临沂总部)C1-4 以担保或任何理由索要财物，扣押证照，均涉嫌违法。一经发现， 立即举报,"互联网金融风控,供应链金融风控",http://www.zhaopin.com/jobdetail/CC460869530J40879475005.htm?refcode=4019&srccode=401901&preactionid=150ddf84-d10a-45c1-822a-f649d2763b26
风控管理岗,通联支付,1-1.5万·13薪,杭州·上城·四季青,Guangzhou,本科,3-5年,6月24日,zhilian,职位描述 风控合规 业务流程风控 银行 1、协助健全分公司的风控制度体系，制定相应制度、流程和风控重点，确保分公司合规运行； 2、根据总公司及外部风控制度、法规等，及时制定分公司风控规则，并督查落实，进行全条线风险工作处置，包括外部风险案例、合规协查处理、内部风险自查自纠。 3、负责分公司各类业务的合规风险、市场风险及操作风险的日常监控、分析和管控工作； 4、其他日常风险控制及相关培训。 职位要求： 1、统招本科以上学历，计算机、经济学、金融学相关专业优先； 2、3年以上金融行业从业经验，有相关岗位工作经验优先； 3、具备一定沟通协调能力，及风险管理能力； 4、思维缜密、原则性强，有较强的责任心和工作抗压能力。 工作地点 杭州上城区圣奥中央商务大厦 以担保或任何理由索要财物，扣押证照，均涉嫌违法。一经发现， 立即举报,"风控合规,业务流程风控",http://www.zhaopin.com/jobdetail/CC236361810J40723437309.htm?refcode=4019&srccode=401901&preactionid=150ddf84-d10a-45c1-822a-f649d2763b26
风险策略岗(J28258) (MJ023783),北京五八信息技术有限公司,2-4万·15薪,上海·浦东·张江,Guangzhou,学历不限,经验不限,7月26日,zhilian,"职位描述 互联网金融风控 工作职责  负责分析消费金融平台的各项数据、表现；  监控平台运营的各种指标，设计报表，及时预警异常数据；  与产品、技术等合作部门沟通协作，根据产品需求及业务目标制定对应的策略，推动相关需求落地，并及时了解前端部门需求和变化，适配业务需求；  监测和分析平台风险政策与策略的执行情况和效果，监测和分析外部经济环境、监管政策和法规要求，持续优化平台风险政策流程，有效利用流量；  评估模型的效果，设计模型的使用方法，监测跟踪模型的效果与使用模型的线上策略的效果，快速迭代。 任职资格 任职资格：  大学本科（含）以上学历，数理、金融、计算机等专业毕业  良好的沟通以及团队协作能力  具有较强的数据分析能力逻辑思维能力，具有一定的模型经验  熟知风险管理理论和相关的监管政策法规  熟练处理各种数据,熟练运用SQL，  精通SAS/R/Python/Matlab等至少一种数据处理分析语言  熟练应用办公软件Excel、Word、Powerpoint等  具有1年以上银行、消费金融公司、P2P公司、小贷公司数据分析经验者优先 工作地点 上海浦东新区昌飞路186弄A1栋7楼 以担保或任何理由索要财物，扣押证照，均涉嫌违法。一经发现， 立即举报",互联网金融风控,http://www.zhaopin.com/jobdetail/CC330611210J40909407403.htm?refcode=4019&srccode=401901&preactionid=150ddf84-d10a-45c1-822a-f649d2763b26
风控建模,江西亚联美企业管理有限公司,1.2-2.1万,上饶·信州区·北门街道,Guangzhou,本科,1-3年,7月26日,zhilian,职位描述 风控体系制定 数据风控 风控建模 银行 金融科技/数字金融 岗位内容： 1. 分析市场风险情况，进行风险评估和控制方案设计； 2. 制定风险管理模型，建立并完善企业风险控制体系； 3. 负责监控市场风险变化，独立设计和开发风控系统； 4. 动态跟踪相关法规政策变化，及时更新风险计量模型以保证风险监管与合规要求。 5.需要有金融信贷建模的经验 任职要求： 1. 具备金融、数学、统计等相关专业本科以上学历； 2. 至少三年风险控制相关工作经验； 3. 熟悉风险控制体系和风险管理流程； 4. 具备较强的数据分析能力和风险意识； 5. 具备良好的沟通和团队合作能力。 展开该职位详情 最新招聘 热门城市 热门职位 热门公司 南漳县勇群商贸中心 菏泽乐邦木业有限公司 原阳县太平镇秀强货运部 云城区南盛镇卓利平早餐店 临沂市兰山区福临汽车用品销售部 西塞山区明盛吊装运输服务部 献县木羽谷物种植场 西安市临潼区均见百货店 南京梯之影文化传媒有限公司 台州市黄岩远琴餐饮店（个体工商户） 上饶招聘网 > 上饶风控招聘 > 江西亚联美企业管理有限公司风控招聘 职位发布者 邱云深 人事经理 立即沟通 公司基本信息 江西亚联美企业管理有限公司 已审核 未融资 20人以下 咨询服务 关于我们 公司介绍 联系我们 诚聘英才 产品与服务 人才招聘 企业招聘 使用与帮助 账号注销 意见反馈 发票制度 防骗指南 法律协议 资质公示 智联招聘 更懂你的价值 智联app小程序官方微信企业版APP 未经 Zhaopin.com 同意，不得转载本网站之所有招聘信息及作品 智联招聘网版权所有 京ICP备12025925号 京ICP证010207号 京公网安备 11010502059392号 人力资源许可证:1101051996081号 网上有害信息举报专区 违法不良信息举报电话:400-885-9898 关爱未成年举报热线:400-885-9898-3 朝阳区人力资源与社会保障局监督电话 网络110报警服务电子营业执照 暂无内容,"风控体系制定,数据风控,风控建模",http://www.zhaopin.com/jobdetail/CCL1350987220J40858746211.htm?refcode=4019&srccode=401901&preactionid=150ddf84-d10a-45c1-822a-f649d2763b26
金融风控师,京北方,5000-10000元,成都·武侯·桂溪,Guangzhou,大专,经验不限,7月25日,zhilian,"职位描述 银行业风控 行政班，周末双休，五险一金 岗位内容： 1.受理客户账单分期业务申请,规范完成业 务受理、信息核验手续办理全流程操 作： 2.专业解答客户关于分期费率期数选择. 还款规则.违约金等相关问题，提升客户 办理意愿； 3.合规审核客户资质.征信及申请材料,防 范业务风险.确保业务操作符合监管及行 内制度: 4.跟进分期业务落地，维护存量客户,挖掘 分期需求，助力完成业务考核指标: 5.做好客户信息保密业务台账登记及问题 客诉协同处理工作。 工作地点 四川省成都市武侯区吉泰五路88号27楼2702 以担保或任何理由索要财物，扣押证照，均涉嫌违法。一经发现， 立即举报",银行业风控,http://www.zhaopin.com/jobdetail/CC315847110J40849802207.htm?refcode=4019&srccode=401901&preactionid=150ddf84-d10a-45c1-822a-f649d2763b26
风控专员,奇点纵横(永州)科技有限公司,3000-4000元,驻马店·驿城区·金河街道,Guangzhou,大专,1-3年,7月25日,zhilian,职位描述 风控体系制定 数据风控 1. 负责客户资信审核、合同风险核查，核定客户信用账期； 2. 监控业务回款，跟进逾期账款催收，建立风控台账； 3. 识别经营、资金风险并预警，出具风险分析报表； 4. 完善风控流程，协同业务、财务处理风险事项，完成领导交办其他工作。 工作地点 驻马店驿城区爱家紫薇苑小区 以担保或任何理由索要财物，扣押证照，均涉嫌违法。一经发现， 立即举报,"风控体系制定,数据风控",http://www.zhaopin.com/jobdetail/CCL1522956120J40922279212.htm?refcode=4019&srccode=401901&preactionid=90e8b124-d62c-4d96-b3eb-9eb33a0a31f0
结算风控,正信期货有限公司,6000-9000元·14薪,武汉,Guangzhou,本科,1-3年,7月22日,zhilian,岗位职责】 1、负责客户日常风险预警通知工作，规范执行风险强平全流程操作，保障风控处置合规落地； 2、统筹客户异常交易实时监控与管理，按时完成大户持仓报告、客户实际控制关系报备、程序化交易报备等监管报送事项； 3、开展客户特殊特保持仓的核查、录入、撤销全流程操作，同步规范登记业务台账，留存完整业务记录； 4、撰写保证金公告、保证金调整温馨提示等各类风控公示文案； 5、通过公司官网、企业微信等渠道，统一发布保证金标准、交易限额、交割月限仓调整等结算风控公示信息； 6、完成特殊法定义务相关报送数据的生成、校验工作，确保数据无误并按期推送； 7、汇总实盘大赛参赛客户媒体信息及配套交易数据，按要求完成上报； 8、按月编制各类监管报送报表、内部风控统计分析报表，保证数据真实准确。 【任职要求】 1、工作细致有耐心，具备良好的书面及口头沟通表达能力，可顺畅对接客户、内部及监管相关事宜； 2、对数字敏感度高，擅长数字记忆、快速数字录入，能高效完成大批量数据核对工作； 3、工作责任心强，主动跟进各项风控、报送类工作，杜绝逾期、漏报问题； 4、处事严谨合规，具备较强风险意识，严格遵守监管规则与公司内控制度； 5、持有期货从业资格证者优先。 工作地点 武汉 以担保或任何理由索要财物，扣押证照，均涉嫌违法。一经发现， 立即举报,期货风控,http://www.zhaopin.com/jobdetail/CC121116400J40920741112.htm?refcode=4019&srccode=401901&preactionid=90e8b124-d62c-4d96-b3eb-9eb33a0a31f0
风险控制岗,比亚迪股份有限公司,1-2万,深圳·坪山·马峦,Guangzhou,硕士,1-3年,7月26日,zhilian,职位描述 风控体系制定 风控建模 投融资风控 交易风控 基金 保险 投资与资产管理 工作职责： 1、建立和完善资金运用风险管理各项制度、流程与管理措施； 2、建立健全投资风险监控指标及风险评估指标体系； 3、负责关键风险指标的维护、监控与汇报工作，并协助风险管理相关系统的维护与更新； 4、开发和建立投资风险控制策略与模型； 5、编制资金运用风险评估报告。 招聘要求： 1、硕士研究生及以上学历，应用数学、数理统计、金融工程、金融、经济、财务、工商管理等相关专业； 2、扎实的经济学、投资学、风险管理理论功底，具备较强的投资数据分析，金融建模能力，能独立编制风险管理相关报告，开发风险控制策略，拥有CFA、FRM等资格证书或具备VBA、Matlab等数据处理及编程能力者优先； 3、具有较强的文字功底，良好的沟通协调能力、团队合作意识和抗压能力，能熟练操作PPT、WORD等各类办公软件； 4、1年及以上保险行业资产负债管理、资产配置、风险管理相关岗位从业经验。 工作地点 比亚迪股份有限公司(六角大楼)深圳坪山区比亚迪深圳研发中心(六角大楼)深圳市坪山区坪山比亚迪路3009号 以担保或任何理由索要财物，扣押证照，均涉嫌违法。一经发现， 立即举报,"风控体系制定,风控建模,投融资风控,交易风控",http://www.zhaopin.com/jobdetail/CC132962990J41001543402.htm?refcode=4019&srccode=401901&preactionid=90e8b124-d62c-4d96-b3eb-9eb33a0a31f0
科技管培生（风控产品方向）,平安国际融资租赁有限公司,8000-12000元·20薪,上海·浦东·陆家嘴,Guangzhou,本科,经验不限,7月8日,zhilian,职位描述 融资租赁风控 工作职责： 1. 负责小微/对公业务风控预警、信审尽调相关产品的需求分析、方案设计与持续迭代优化； 2. 深入业务一线，协助业务团队梳理完整业务流程与交互链路，抽象为标准化产品能力； 3. 负责风控相关指标体系的设计与优化，支持风险识别、预警与决策能力建设； 4. 负责风控反欺诈图谱相关的产品，针对欺诈场景提炼分析欺诈特征； 5. 能够理解接口文档与数据结构，配合研发完成数据对接与产品落地； 6. 参与风控策略相关产品设计，推动策略规则在系统中的实现与效果评估； 7. 基于数据分析结果，持续优化风控模型及产品规则，提高风险识别准确率与覆盖率； 8. 协同业务、技术、数据团队，推动跨团队项目高效落地。 任职资格： 1. 本科以上学历； 2. 具备良好的学习能力、沟通协调能力、团队合作意识，工作积极主动，执行力强，善于接受新事物； 3. 以目标为导向，逻辑思维清晰，具备较强抽象建模能力； 4. 具有良好用户/产品思维、产品设计和项目落地能力，调研分析能力、能产出高质量的PRD、DEMO； 5. 具备AI大模型应用解决实际问题的能力，有AI coding/Vibe coding实践经验优先考虑； 6. 对金融财务、商业领域知识有一定了解，FRM等风控证书优先考虑； 7. 熟悉科技领域知识，系统建设相关实践经验； 8. 对数据结构、数据分析、风控建模等相关实践经验者优先。 工作地点 上海浦东新区平安金融大厦 以担保或任何理由索要财物，扣押证照，均涉嫌违法。一经发现， 立即举报,融资租赁风控,http://www.zhaopin.com/jobdetail/CC362140510J40918955012.htm?refcode=4019&srccode=401901&preactionid=90e8b124-d62c-4d96-b3eb-9eb33a0a31f0
金融风控,中洲信安产业投资发展有限公司,6000-7000元,成都·金牛·荷花池,Guangzhou,学历不限,1-3年,7月17日,zhilian,职位描述 供应链金融风控 基金业风控 投资风控 并购风控 岗位内容： 1. 设计、开发和维护风险管理模型，完成贷款申请、交易、客户信用评估等方面的风险控制； 2. 对业务线进行风险管理政策和流程的建议，并进行实施； 3. 基于风险管理方法和模型实现统计模型，监控风险水平，提出建议。 任职要求： 1. 熟悉金融风控理论和实践，具有良好的数据分析和建模能力； 2. 具备较高的沟通协调能力与团队合作精神，能够有效保持内部外部合作关系； 3. 了解当前行业监管政策，对风险管理相关法规和标准有一定掌握程度。 工作地点 成都金牛区人民北路二段118号 以担保或任何理由索要财物，扣押证照，均涉嫌违法。一经发现， 立即举报,"供应链金融风控,基金业风控,投资风控,并购风控",http://www.zhaopin.com/jobdetail/CCL1241085430J40497227113.htm?refcode=4019&srccode=401901&preactionid=90e8b124-d62c-4d96-b3eb-9eb33a0a31f0
风险管理岗,郑州航空港商品服务有限公司,8000-12000元,郑州·金水·祭城路,Guangzhou,本科,3-5年,5月19日,zhilian,岗位职责： 1.协助部门负责人建立并持续完善公司全面风险管理体系，组织制定风险管理规章制度； 2.制定与平台业务相匹配的风险管理策略、流程，及制定、修订部门职责范围内相关风险管理制度，并推动贯彻落实； 3.对平台交易及业务进行实时风险监测，对异常情况发出风险预警；对接会员、交易、交收、结算等业务部门，对业务部门报送的异常交易、风险数据进行汇总分析，并指导、协助业务部门拟定风险控制措施和解决方案，重大风险应逐层上报； 4.组织风险管理等相关培训，向员工提供风险管理咨询，培育员工防范风险意识，监督各部门风险管理落实情况，协助部门开展风险考核评价； 5.完成上级交办的其他工作。 任职资格： 1.具备五年及以上风险管理等相关工作经验；熟悉大宗商品现货交易、期货交易、供应链及金融业务，熟悉大宗商品行业相关政策和法规； 2.本科及以上学历，法律、经济、金融等相关专业； 3.法律、财务、金融（期货）等方面相关证书。具备法律职业资格证书、注册会计师证书、CFA、FRM者优先； 4.有较好的逻辑思维、综合分析和判断能力，具备较高风险意识；有较好的计划、组织、协调和控制能力，有较好的数据分析和语言表达能力。 工作地点 郑州金水区浙商银行大厦 以担保或任何理由索要财物，扣押证照，均涉嫌违法。一经发现， 立即举报,"风控体系制定,业务流程风控,FRM金融风险管理师一级,FRM金融风险管理师二级,大宗商品贸易",http://www.zhaopin.com/jobdetail/CCL1491583000J40942865115.htm?refcode=4019&srccode=401901&preactionid=90e8b124-d62c-4d96-b3eb-9eb33a0a31f0
总部-反欺诈管理(J84700),泰康在线,1-2万·14薪,武汉·江岸,Guangzhou,本科,5-10年,7月24日,zhilian,岗位职责: 1、根据公司车险理赔风险管控要求，制订反欺诈规则，并根据规则的落地实施情况，定期对反欺诈规则进行调优； 2、整合并管理反欺诈资源，为服务中心有效应用反欺诈资源提供培训与技术支持； 3、指导服务中心反欺诈工作，出具明确查勘指导意见，根据服务中心反馈跟进查勘进度； 4、根据车险理赔大数据，评估关联案件欺诈风险，识别团伙保险诈骗，进行风险管控； 5、稽核服务中心案件，出具完整的稽核报告，跟进落实整改情况； 6、完成领导交办的其他工作。 任职要求: 1、本科及以上学历，汽车、金融、保险、经济、管理类等相关专业； 2、具备3年以上查勘定损工作经验，同时有1年以上核损/反欺诈/稽核工作经验； 3、具备良好的沟通表达、团队协作、计划执行能力，掌握机动车查勘定损、风险识别与评估、风险体系搭建的知识和技能，熟悉交通法规、保险条款和机动车保险行业相关业务知识。 工作地点 武汉江岸区浙商大厦 以担保或任何理由索要财物，扣押证照，均涉嫌违法。一经发现， 立即举报,反欺诈,http://www.zhaopin.com/jobdetail/CC219857230J40855064201.htm?refcode=4019&srccode=401901&preactionid=90e8b124-d62c-4d96-b3eb-9eb33a0a31f0
风险管理 (MJ000156),东风汽车,1.5-2.5万,武汉·蔡甸·沌口,Guangzhou,本科,5-10年,7月18日,zhilian,职位描述 风控体系制定 【工作职责】 1. 负责建设公司全面风险管理体系； 2. 牵头协调识别、计量、评估、监测、控制和化解全面风险及各类重要领域风险； 3. 开展风险防范指导培训，构建完善公司风险库； 4. 开展风险监测模型和审计监督模型的建设与运营； 5. 负责部门综合工作，完成部门负责人交办的工作。 【任职要求】 1. 信息管理、会计、审计、法律等本科及以上学历； 2. 5年及以上相关工作经验、制造领域优先，会计事务所经验优先； 3. 具备较强的风险内控识别、分析及沟通协调能力、熟练掌握各类风险内控管理模型和方法； 4.有较强数据分析及建模能力，思维敏锐、逻辑性强； 5.具备较强的文字功底，有良好的沟通及团队协作能力，自驱力及执行力强。 工作地点 武汉蔡甸区东风汽车集团股份有限公司猛士汽车科技公司-南1号门 以担保或任何理由索要财物，扣押证照，均涉嫌违法。一经发现， 立即举报,风控体系制定,http://www.zhaopin.com/jobdetail/CC679989880J40881920805.htm?refcode=4019&srccode=401901&preactionid=90e8b124-d62c-4d96-b3eb-9eb33a0a31f0
合规风控(J12759),华安财产保险股份有限公司,4000-6000元,长春·朝阳·南湖,Guangzhou,本科,经验不限,5月22日,zhilian,岗位职责: 1、贯彻落实分公司的合规管理基本制度、年度合规管理计划。 2、组织实施本机构合规审查、合规风险监测与合规事件处理，推动严格执行合规规范。 3、组织和推动本机构反洗钱管理工作。 4、组织推动本机构涉刑案件风险防控工作、反商业贿赂、反垄断、防范和打击非法集资、扫黑除恶、反电信网络诈骗等工作。 5、发现本机构存在重大违法违规行为或者重大合规风险隐患时，及时主动向上级机构合规管理部门或岗位报告。 6、负责管理和办理本机构各类涉诉案件相关事项，包括保险案件、非保险案件、案件执行、外聘律师等相关事项。 7、负责本机构追偿追欠工作，跟踪、督导相关部门追偿追欠工作。 8、负责本机构操作风险管理、内控建设与管理相关工作，及时向上报告本机构的重大风险事件，落实解决方案和应急机制，防范各类经营风险。 9、组织培育本机构法律、合规、反洗钱、风险管理文化，开展法律、合规、反洗钱、风险管理培训，组织刑事犯罪预防教育，推动全体员工遵守行为合规准则，提升法律、合规、反洗钱、风险管理意识。 10、其他人事、行政相关工作。 任职要求: 1、2025、2026年应届生统招本科及以上学历，法学等相关专业优先； 2、具备办公软件操作、公文写作、数据分析、培训组织与实施等技能； 3、具备较强的沟通协调能力、语言表达能力，有较强的责任心和上进心 4、工作态度积极，认真负责，执行力强，具备一定抗压能力。 工作地点 长春朝阳区力旺广场 以担保或任何理由索要财物，扣押证照，均涉嫌违法。一经发现， 立即举报,"风控合规,内部风控",http://www.zhaopin.com/jobdetail/CC000582300J40764617306.htm?refcode=4019&srccode=401901&preactionid=90e8b124-d62c-4d96-b3eb-9eb33a0a31f0
理赔反欺诈岗,永安财产保险股份有限公司辽宁分公司,6000-8000元,沈阳·沈河·朱剪炉,Guangzhou,本科,3-5年,7月6日,zhilian,职位描述 金融反欺诈 保险 1、制定分公司理赔风险调查/检查计划； 2、在结案前重点监控理赔流程各环节“三性”质量，以核损通过案件和高风险案件为主，100%覆盖万元以上大案； 3、根据重点监控项目，按抽检规则对已决案件进行日常检查和监控，重点打击保险欺诈行为； 4、负责对分支机构第三方调查公司的日常管理，受理客户举报、信访，开展保险欺诈案件、举报案件的专项调查； 5、接受总公司统一派发的“质检调查”案件； 6、定期（月/年）撰写品控报告，对检查情况进行综合分析、通报，并对结果进行跟踪追偿、追责和整改。 工作地点 沈阳沈河区辽宁先锋大厦永安保险辽宁分公司 以担保或任何理由索要财物，扣押证照，均涉嫌违法。一经发现， 立即举报,金融反欺诈,http://www.zhaopin.com/jobdetail/CC131929810J40842697809.htm?refcode=4019&srccode=401901&preactionid=90e8b124-d62c-4d96-b3eb-9eb33a0a31f0
风控岗,方正中期期货有限公司,8000-12000元·16薪,北京·朝阳·朝外,Guangzhou,本科,经验不限,7月23日,zhilian,岗位职责： 1. 梳理完善公司场外衍生品、做市及其他投资业务的风控体系； 2.监控、评估公司各类业务以及投资组合的风险状况，编写风险指标评估报告或报表，确保投资组合风险暴 露符合风控限额要求； 3.对场外期权产品结构、定价模型进行合理有效的模型验证、风险评估； 4.对公司风险管理状况和风险管理能力及水平进行评价； 5.完成对交易对手方的资信评估及授信管理； 6.完成领导交办的其他工作。 任职要求： 1.金融工程、数学、物理相关专业，本科以上学历； 2.具备证券公司、期货子公司等风险管理一年以上相关工作经验优先考虑，可接受应届生（实习生勿投）； 3.熟练掌握VBA或python，具备FRM II级证书者优先考虑； 4.具有较强的协调沟通能力和学习能力； 5.具有良好职业操守和团队协作精神； 6.工作地点在北京，须持有期货从业资格证书。 工作地点 北京朝阳区兆泰国际中心AB座 以担保或任何理由索要财物，扣押证照，均涉嫌违法。一经发现， 立即举报,期货风控,http://www.zhaopin.com/jobdetail/CC152884120J41008862304.htm?refcode=4019&srccode=401901&preactionid=90e8b124-d62c-4d96-b3eb-9eb33a0a31f0
成都-打假反欺诈岗,太平洋产险,6000-12000元,成都·青羊·文家,Guangzhou,本科,经验不限,7月21日,zhilian,岗位职责】 1.根据风险策略及流程，对各类风险案件进行数据排查，提出风险问题，移交分公司进行落地（具体案件的落地调查、调查结论的确认为分公司负责）； 2.及时上报案件排查中发现的风险点及批量欺诈案件； 3.分析和研究各类新型的欺诈手段，优化欺诈调查策略； 4.负责反欺诈排查，识别欺诈相关风险问题，保证及时处理疑似欺诈场景，发现核实相应问题； 5.丰富现有疑案排查手段、优化工作流程，研究场景市场发展以及黑产市场动态； 6.跟进数据发现异常情况，并对之进行分析处理，辨别欺诈情况，并书面报告。 【任职要求】 1.汽车、医学相关专业，本科及以上学历，可招应届毕业生； 2.身体健康； 3.具有车险理赔查勘定损或核损工作经验； 4.有较强的逻辑思维及分析能力； 5.有较好的沟通及协作能力，高度的责任心和客户服务意识。 【工作地点】 成都市青羊区青羊工业园区C区1栋 工作地点 青羊区太平洋公司（成都营运分中心） 以担保或任何理由索要财物，扣押证照，均涉嫌违法。一经发现， 立即举报,"金融反欺诈,营销反欺诈,车险,理赔",http://www.zhaopin.com/jobdetail/CC197917010J40788237413.htm?refcode=4019&srccode=401901&preactionid=90e8b124-d62c-4d96-b3eb-9eb33a0a31f0
数据分析师（风控建模）,车300,1-2万,南京·鼓楼·挹江门,Guangzhou,本科,1-3年,6月30日,zhilian,岗位职责： 1. 基于对汽车行业各项业务、风控政策及客户风控需求的理解，对公司自有数据深度挖掘，构建用户画像，挖掘潜在风险特征，支持风控策略制定。 2. 负责车贷金融相关或车险风控相关的模型开发、验证及迭代优化。 3. 负责数据盲测，包括开展相关的数据分析，并生成相应的分析报告。 4. 主导模型部署、监控与迭代，设计自动化监控报表，及时预警模型失效风险；编写模型文档（开发报告、验证报告），满足内外部审计与合规要求。 5. 与业务、产品、技术团队紧密协作，推动模型在风控系统中的应用与效果验证；将复杂模型结果转化为可落地的业务规则，提升风控决策透明性与可解释性。 6. 对于负责项目生成过程化文件，撰写算法流程说明书，参与团队讨论，并提出自己的建设性意见。 岗位要求： 1. 本科及以上学历，统计学、数学、计算机科学、金融工程、数据科学、精算等专业。 2. 2年以上金融行业风控策略分析经验（银行、消费金融、支付机构、互联网金融等），熟悉车贷金融反欺诈、或车险反欺诈的优先。 3. 精通Python、SQL；深入掌握逻辑回归、GBDT、集成学习等算法，具备模型调优经验；熟悉图神经网络（GNN）、知识图谱在反欺诈中的应用者优先。 4. 独立开发过信用评分卡或反欺诈模型，并推动业务落地，需提供模型效果指标。 5. 能够快速理解业务需求，将风控问题转化为数据建模问题；具备跨部门沟通能力，能向非技术人员清晰阐述模型逻辑与价值；结果导向，对模型在业务中的实际效果负责。 工作地点 南京鼓楼区车300云计算平台古平岗4号智梦园C座6层 以担保或任何理由索要财物，扣押证照，均涉嫌违法。一经发现， 立即举报,"Python,SQL,金融反欺诈,数据挖掘,风控建模,excel",http://www.zhaopin.com/jobdetail/CC637006120J40719266314.htm?refcode=4019&srccode=401901&preactionid=90e8b124-d62c-4d96-b3eb-9eb33a0a31f0
风险管理岗,青岛英轩捷信科技有限公司,1.5-2.4万,青岛·崂山·中韩,Guangzhou,本科,3-5年,7月24日,zhilian,岗位职责： 1、风险监控及预警：定期跟踪合作方经营状况、财务状况、抵押物价值等，识别潜在风险信号； 2、撰写贷后风险分析报告，提出风险化解建议； 3、制定差异化贷后处置策略，协调法律团队启动司法程序，制定逾期资产处置方案； 4、培训并指导团队成员，提升整体专业素养； 5、风控及贷后其它工作。 任职要求： 1、学历背景：本科及以上学历，经济类、金融类、法律类等相关专业； 2、持有律师执业资格证书优先； 3、熟悉信贷产品流程及风险控制，有贷后管理经验者优先； 4、3-5年相关工作经验，具有债权项目、股权项目、房地产项目、不良资产处置等项目处置经验者优先； 5、良好的沟通协调能力，能够与内外部各方有效沟通； 6、责任心强，能承受一定的工作压力，具备良好的职业道德。 薪资面谈：基本工资+绩效/奖金 工作地点 青岛崂山区上实中心-1号楼702 以担保或任何理由索要财物，扣押证照，均涉嫌违法。一经发现， 立即举报,"风控体系制定,风控合规,投融资风控",http://www.zhaopin.com/jobdetail/CCL1500223720J40904988315.htm?refcode=4019&srccode=401901&preactionid=90e8b124-d62c-4d96-b3eb-9eb33a0a31f0
风控专员（银行准入、机构对接方向）,廊坊永诚融资担保有限公司,5000-7000元,廊坊·广阳区·南尖塔镇,Guangzhou,大专,1-3年,7月24日,zhilian,岗位职责 1. 合作银行准入对接 负责公司新增合作银行准入材料整理、申报、系统入驻、资质报审；对接各合作银行风控、授信、准入部门，完成年度准入复核、机构续报、白名单维护，保障公司银行合作渠道稳定有效。 2. 监管及行业信息报送 负责融资担保行业月度、季度、年度监管报表、经营数据、风控数据、代偿数据、业务台账的统计、核对、汇总及线上系统报送；确保报送数据真实、准确、及时，零错报、零漏报、零迟报。 3. 材料体系维护与更新 负责公司银行准入全套资质资料、授信资料、主体资质、制度文件、评级材料的整理、更新、归档、年审；根据银行最新准入要求，动态完善报审材料库。 4. 银行日常对接与沟通 对接各家合作银行日常问询、数据核查、资质核验、业务合规检查，配合银行开展尽调、抽检、年度复核工作，及时反馈、整改各类问题。 5. 风控台账与数据管理 建立、维护银行合作台账、准入有效期台账、报送台账、业务风控数据台账，定期梳理合作渠道风险点、准入到期节点，提前预警、跟进处置。 6. 部门综合文书工作 协助风控部完成各类专项报告、自查报告、合规材料、迎检资料整理等日常工作。 四、任职要求 （一）专业学历 1. 大专及以上学历，金融、经济、会计、统计、风险管理、财税、法律等相关专业优先； 2. 熟悉融资担保、银行信贷、金融监管体系者优先。 （二）工作经验 1. 有融资担保公司、小贷公司、银行对公、金融行业报送、机构准入相关经验者优先； 2. 应届生优秀可培养，有金融报表统计、资料报审、对接机构经验优先。 （三）能力要求 1. 极强的数据敏感度与细心度，擅长报表整理、数据核对、台账统计，熟练Excel函数、数据透视表、台账制作； 2. 熟悉金融行业监管报送逻辑、熟悉担保行业报表体系优先； 3. 沟通协调能力良好，能够独立对接银行机构，对外对接得体、高效； 4. 具备合规意识、风险意识，工作严谨、负责、抗压能力强，能够按时完成周期性报送工作； 5. 文字功底良好，可独立整理报审材料、简单工作报告。 素质要求 1. 原则性强、执行力高、保密意识强（金融岗位核心要求）； 2. 踏实稳定、不浮躁，能够长期从事数据报送、准入维护类精细化工作。 岗位核心亮点 1. 岗位稳定、核心刚需岗：为担保公司核心业务支撑岗位，不可替代、年度刚需； 2. 工作内容固定、清晰：以银行准入、监管报送、台账管理为主，压力可控、节奏稳定； 3. 成长性强：熟悉全行业银行合作规则、监管政策、风控逻辑，是担保公司核心风控培养方向； 4. 国企规范管理：制度完善、流程规范、平台稳定。 工作地点 廊坊市-广阳区-银河路上善颐园商业6栋7层 以担保或任何理由索要财物，扣押证照，均涉嫌违法。一经发现， 立即举报,"证券从业资格证,会计从业资格证,银行业风控,证券业风控,互联网金融风控,融资租赁风控,投资风控,银行信息风控,金融技术风控,催收风控,保理风控",http://www.zhaopin.com/jobdetail/CC551917320J40895865713.htm?refcode=4019&srccode=401901&preactionid=90e8b124-d62c-4d96-b3eb-9eb33a0a31f0
风控专员,一汽股权投资(天津)有限公司,1-2万,长春·绿园·城西,Guangzhou,本科,经验不限,6月22日,zhilian,岗位职责: 1.负责基金业务相关风险控制工作； 2.负责合同、协议的起草、审核，参与公司商务合同、协议的法律条款谈判，对商务条款谈判提供法律支持; 3.负责投资项目前期的风险尽职调査、风险论证、评估、分析，起草法律尽调报告; 4.负责其他合规、法务、风控合规相关工作; 5.负责完成领导交办的其他工作。 任职资格: 1.统招本科及以上学历; 2.原则上从事私募基金、股权投资相关法律、风险控制、财务、审计等工作满36个月，特别优秀者可放宽至24个月； 3.具有基金从业资格、法律职业资格证书的优先； 工作地点 长春绿园区一汽股权投资 以担保或任何理由索要财物，扣押证照，均涉嫌违法。一经发现， 立即举报,"投融资风控,业务流程风控,风控合规",http://www.zhaopin.com/jobdetail/CC674159180J40950563515.htm?refcode=4019&srccode=401901&preactionid=130215d1-2826-4894-b9ef-0fc7ac337b8c
风控实习生,平安国际融资租赁有限公司,150-200元/天,上海·浦东·陆家嘴,Guangzhou,本科,经验不限,7月14日,zhilian,职位描述 可转正 实习证明 风控 实习期：3-12 个月 工作职责 1. 重点参与零售、小微等业务的风险量化策略设计：包括但不限于准入、授信、定价、预警、催收等策略； 2. 基于模型分数或评级、规则等，对不同客群不同产品制定相应量化策略，关注通过率、坏账率、收益率等平衡管控； 3. 参与策略管理体系搭建，推进策略评审报批、检视排查等事项； 4. 对量化策略进行上线后定期监控，分析逾期率、收益率等核心指标；视策略效果及时调优或迭代策略；定期输出分析报告，为业务决策提供依据； 5. 对接业务、模型、资产数据分析等团队，推进策略执行及优化。 任职资格 1. 逻辑清晰，抗压能力强，擅长数据驱动决策； 2. 具备一定创新思维和能力，对新思想、新方案有探究精神； 3. 学历要求：金融学、经济学、统计学、数学等相关专业，本科及以上学历； 4. 能熟练使用Python/SQL等统计分析工具，能独立完成数据分析、数据可视化展示等；掌握EXCEL和PPT等重点工具应用。 工作地点 上海浦东新区平安金融大厦 以担保或任何理由索要财物，扣押证照，均涉嫌违法。一经发现， 立即举报,风控,http://www.zhaopin.com/jobdetail/CC362140510J40915527112.htm?refcode=4019&srccode=401901&preactionid=130215d1-2826-4894-b9ef-0fc7ac337b8c
分期合规跟进岗,招商银行股份有限公司信用卡中心,1-2万,上海·浦东·陆家嘴,Guangzhou,本科,经验不限,5月26日,zhilian,岗位职责 1. 负责对接车贷逾期6个月及以上的高风险客户，通过电话、外访等多渠道开展，精准传达逾期后果与还款方案，推动客户结清欠款或配合车辆处置。 2. 梳理逾期客户档案，核实客户身份、车辆信息、逾期金额等核心数据，建立专项回收台账，实时记录沟通进展、客户反馈及处置进度，确保信息完整可追溯。 3. 针对不同客户的逾期原因与还款能力，制定个性化的回收策略，降低公司资产损失。 4. 严格遵守公司催收合规制度与行业监管要求，规范沟通话术与操作流程. 5. 定期汇总回收工作数据，分析逾期客户特征与回收难点，向上级提交工作报表与优化建议，助力提升资产回收效率。 二、任职要求 1. 学历：本科及以上学历，金融、法律、市场营销等相关专业优先。 2. 经验：具备1年及以上车贷、信贷或消费金融领域催收经验，熟悉车贷业务流程、逾期处置规则及相关法律法规者优先； 3. 能力：具备优秀的沟通谈判、逻辑分析与抗压能力，能灵活应对客户的抵触、推诿等情况；熟练使用办公软件（Excel、Word等），具备良好的文档撰写与数据统计能力。 4. 素养：责任心强、执行力高，恪守职业操守，严守客户信息保密原则；认同公司合规催收理念，具备良好的团队协作意识。 5. 其他：能接受偶尔外访出差，持有驾驶证者优先。 三、薪资待遇 1. 薪酬结构：无责底薪 + 高额提成 多劳多得，上不封顶。 2. 福利保障：入职即缴纳五险一金（养老、医疗、失业、工伤、生育保险及住房公积金），保障员工权益。 3. 其他福利：带薪年假、节日福利、定期团建、专业培训、晋升通道完善。 工作地点 上海浦东新区国际航运金融大厦12F 以担保或任何理由索要财物，扣押证照，均涉嫌违法。一经发现， 立即举报,"银行业风控,汽车金融风控",http://www.zhaopin.com/jobdetail/CC000103360J40850098007.htm?refcode=4019&srccode=401901&preactionid=130215d1-2826-4894-b9ef-0fc7ac337b8c
风险控制专员,青岛联信商务咨询有限公司,8000-12000元,长沙·岳麓·咸嘉湖,Guangzhou,大专,经验不限,4月20日,zhilian,岗位职责：‌ 通过合规方式与客户建立良性沟通，协助制定还款计划 系统化记录沟通信息，保障数据信息安全 定期接受法务培训，及时更新行业政策知识 ‌任职要求：‌ 大专及以上学历（条件优秀者可放宽） 普通话标准，具备服务意识与共情能力 能适应智能化办公系统，有客服经验者优先 【我们提供】‌ √ 行业竞争力薪酬：基本薪资（含加班3000）+高额提成+奖金 √ 完善福利：五险一金+年度旅游+节日礼金+周年礼+高雅艺术赏析+团建活动 √ 发展体系：专业岗前培训→员工晋升→管理岗竞聘 √ 人文关怀：一对一代练+心理辅导机制+业务能力提升学习 ‌工作模式‌ • 工作时间：周一至周五 09:00-18:00（午休1.5小时） • 办公地点：长沙市岳麓区旭辉都会山写字楼（地铁直达，2号线金星路地铁口） ‌特别声明‌ 本公司严格执行《个人信息保护法》《互联网金融逾期债务催收自律公约》，严禁任何形式的言语失当行为，工作全程受智能质检系统监管，为员工提供安全、规范的工作环境。 工作地点 长沙岳麓区旭辉都会山写字楼写字楼7栋（温德姆花园酒店旁）11楼1101 联信集团 以担保或任何理由索要财物，扣押证照，均涉嫌违法。一经发现， 立即举报,"金融科技/数字金融,咨询服务,银行",http://www.zhaopin.com/jobdetail/CC133155890J40828012203.htm?refcode=4019&srccode=401901&preactionid=130215d1-2826-4894-b9ef-0fc7ac337b8c
风控合规专员,西安经济技术开发区人力资源开发有限公司,6000-10000元,西安·未央·汉城,Guangzhou,本科,5-10年,7月16日,zhilian,岗位职责 1. 开展风险评估研判，推进各部门业务合规建设，搭建合规管理体系 2. 紧跟政策法规，排查经营隐患，压降企业各类潜在风险 3. 熟悉内审流程细则，负责审计自查、核查及问题整改落实 4. 掌握国企采购制度，把控采购及招投标全流程合规性 任职要求 1. 本科及以上学历，经管、法务、财会等相关专业优先 2. 5年以上工作经验，具备风控、审计、采购招投标实操经验 3. 熟知国企内控管理模式，能独立完成风险研判与合规整改 4. 精通采购招投标及审计业务实操规范 5. 原则性强，沟通协调与执行能力突出 工作地点 西安未央区凤城九路 以担保或任何理由索要财物，扣押证照，均涉嫌违法。一经发现， 立即举报,财务/审计/税务,http://www.zhaopin.com/jobdetail/CC392927780J40943396815.htm?refcode=4019&srccode=401901&preactionid=130215d1-2826-4894-b9ef-0fc7ac337b8c
风险管理岗,平安健康保险股份有限公司江西分公司,6000-8000元,南昌·西湖,Guangzhou,本科,1-3年,7月26日,zhilian,职位描述 风控合规 内部风控 风控稽核 交易风控 风控体系制定 法务风控 法律 工作职责 1、落实反洗钱专项工作，全年不发生反洗钱监管风险、无反洗钱稽核亮牌。包括：（1）及时开展反洗钱作业，包括反洗钱可疑交易初审、名单初审、客户评级初审，作业无逾期，评审语准确；（2）对命中监测名单客户开展管控；（3）季度开展高风险客户管控；（4）月度开展查冻扣客户名单收集，并进行对应评级调整；（5）根据公司人员变化，进行反洗钱领导小组变更，并及时报备监管。（6）完善和修订反洗钱内控制度。 2、风险管理：完成月度风险监测指标报送、改进举措追踪；组织各部门完成风险管理能力自评估。 3、组织各部门按照年度自纠自纠计划开展自查，追踪问题整改；内控E审稽核模型下发数据，组织相关部门开展自查和问题整改； 4、监管收发文，确保监管报送100%准确及时，不出现迟报漏报； 5、行销辅助品评审，评审准确性和时效符合《机构法律合规授权考核细则》 任职资格 1、法学专业，通过司法考试者优先； 2、1-3年相关工作经验，有保险公司合规经验、稽核经验优先。 3、性格严谨，有责任心； 4、积极向上，做事认真负责，执行力强。 工作地点 南昌西湖区富润大厦18楼 以担保或任何理由索要财物，扣押证照，均涉嫌违法。一经发现， 立即举报,"风控合规,内部风控,风控稽核,交易风控,风控体系制定,法务风控",http://www.zhaopin.com/jobdetail/CCL1511748800J40980526904.htm?refcode=4019&srccode=401901&preactionid=130215d1-2826-4894-b9ef-0fc7ac337b8c
风险管理岗(J11655),浙江民泰商业银行,1-1.1万,温州·鹿城区·南郊街道,Guangzhou,本科,经验不限,7月20日,zhilian,岗位职责: 信用风险管理、信用卡业务风险管理、征信与放款、不良经济责任金管理、数据统计与监管部门对接。 任职要求: 本科学历，精通数据分析，熟悉人行及监管政策。同业同岗位优先考虑。 工作地点 鹿城区万诚大厦民泰银行温州分行 以担保或任何理由索要财物，扣押证照，均涉嫌违法。一经发现， 立即举报,财务风控,http://www.zhaopin.com/jobdetail/CC147146980J40875997010.htm?refcode=4019&srccode=401901&preactionid=130215d1-2826-4894-b9ef-0fc7ac337b8c
风控专员,浙江宇旸实业集团有限公司,6000-8000元,杭州·拱墅·上塘,Guangzhou,大专,3-5年,5月13日,zhilian,职位描述 风控经验 审计经验 业务合规 内控合规 尽职调查 合同审核 信用管理 风险管理 矿产/冶金 货运物流 工业原材料批发/零售/贸易 【工作时间】 周一-周五8:30-17:30；周六上午8:30-12:00（计加班工资） 【工作地点】拱墅区金地威新科技园。 可接受工作时间和地点再发起沟通哦！ 【工作内容】 1、合同风险审核：负责销售订单合同的全面评审，核算销售单价及运价合理性，识别信用条款、违约责任等风险点，协调多部门解决争议。 2、业务流程内控：线上合同内容审核、发货提单审核、银行承兑贴息及返贴息审核等 3、数据分析与支持：运用Excel进行日常统计，分析合同量、逾期率等核心指标，多维度为业务决策提供数据支持。 4、过程监控与检查：通过远程及实地抽查，监控合同执行合规性、客户经营状况及风险预警信号，编制检查报告并跟进整改。 5、其他风控工作：协助主管健全公司风险控制管理体系，并持续完善，以及整理风险案例并组织风险警示教育措训。 【职位要求】 1、大专及以上学历，金融、经济、财务、法律、管理类等相关专业优先。 2、具备信用管理或合同评审经验，熟悉客户资质尽调流程，有大宗商品贸易、物流、仓储相关从业经验者优先。 3、对数据高度敏感，精通Excel数据透视表、VLOOKUP等匹配与统计功能。 4、沟通协调能力强，能有效推动跨部门解决风险争议。 5、工作细致严谨、责任心强，能承受较多合同评审的工作强度。 工作地点 杭州拱墅区金地威新科技园 以担保或任何理由索要财物，扣押证照，均涉嫌违法。一经发现， 立即举报,"风控经验,审计经验,业务合规,内控合规,尽职调查,合同审核,信用管理,风险管理",http://www.zhaopin.com/jobdetail/CCL1402288250J40813298716.htm?refcode=4019&srccode=401901&preactionid=130215d1-2826-4894-b9ef-0fc7ac337b8c
农业金融风控岗,中和农信农业集团有限公司,1-1.5万,长沙·岳麓·麓谷,Guangzhou,本科,3-5年,6月28日,zhilian,岗位职责： 1、负责信贷农服金融业务风险控制体系搭建，包括但不限于 （1）负责农服服务商风险管理。联合农服建立服务商风险评估体系，制定分级管理标准并动态更新评估结果，制定服务商风险意识培养方案，赋能其进行客户筛选及风险防控；主导服务商合作洽谈中的风控条款设计，确保合作模式符合合规及风险控制要求。建立服务商风险预警机制。 （2）负责客户信用与风险评估。制定客户信用风险和种植风险评估标准，负责评估模型的搭建与优化，参与制定客户准入标准，确保业务风险可控。 （3）负责农服金融产品全流程风险管控。牵头梳理并优化农服金融业务贷款全流程管理动作，明确各环节（贷前、贷中、贷后管理）风险控制要点及操作标准。 2、负责行业研究与风控策略。针对特定种植行业，研究行业周期、上下游客户特征及风险点，输出风控策略及风险预警机制，为公司战略目标提高风控保障。 岗位要求： 1、本科及以上学历，金融、经济、农业经济、风险管理、统计学等相关专业优先。​ 2、具备 3-5 年及以上信贷风险控制、金融机构风险管理或农业相关信贷业务风控经验，有联营业务、供应链金融风控经验者优先。​ 3、熟悉种植行业的产业链运作模式、行业周期特征及核心风险点者优先。 工作地点 湖南省长沙市岳麓区芯城科技园4栋12楼 以担保或任何理由索要财物，扣押证照，均涉嫌违法。一经发现， 立即举报,"农业,金融风控",http://www.zhaopin.com/jobdetail/CC186969520J40869752609.htm?refcode=4019&srccode=401901&preactionid=130215d1-2826-4894-b9ef-0fc7ac337b8c
风控专员 （朝九晚六 周末双休 五险一金）,软通动力信息技术(集团)股份有限公司,5000-6000元,成都·武侯·桂溪,Guangzhou,学历不限,经验不限,8月22日,zhilian,职位描述 风控合规 风控体系制定 风控稽核 企业服务 银行 投资与资产管理 反洗钱风控 1、有敏锐的观察力与理解力，能够洞察并挖掘风险，有较好的总结归纳和文档输出能力； 2、本科（含）以上学历，应届毕业生或具有反洗钱或风控相关审核从业经验1年及以上； 4、良好的分析及文字表达能力，逻辑思维清晰，操作能力和学习能力好； 5、具有良好的沟通协调能力及风险意识； 6、能适应工作压力，工作细致耐心，责任心强； 7、熟练使用简单的Office办公软件。 必要条件：本科++相关经验 工作地点 成都武侯区天府软件园D区 以担保或任何理由索要财物，扣押证照，均涉嫌违法。一经发现， 立即举报,"风控合规,风控体系制定,风控稽核",http://www.zhaopin.com/jobdetail/CC000544460J40566580616.htm?refcode=4019&srccode=401901&preactionid=96bbfac6-a82e-4850-8edd-9df73f7164eb
合规风控,华安财产保险股份有限公司,6000-8000元,合肥·庐阳·亳州路,Guangzhou,本科,经验不限,7月8日,zhilian,职位描述 风控经验 岗位内容： 1. 制定并优化公司合规管理制度，负责合规政策的执行和监督； 2. 针对法律法规及行业规范进行研究分析，提出合规建议； 3. 参与企业内部合规培训，确保员工知晓并遵守公司合规要求； 4. 协助应对内外部审计、调查等合规事件，并及时报告上级领导。 任职要求： 1. 具备法律、法规或合规专业背景，熟悉国家及地方法律、法规和规章制度； 2. 具备较强的组织协调能力和沟通表达能力，能够有效与相关部门合作配合； 3. 有扎实的风险评估及应对能力、优秀的逻辑分析和解决问题能力； 4. 具有良好的诚信和职业道德素养，严谨细致，责任心强。 工作地点 合肥市庐阳区财富广场 以担保或任何理由索要财物，扣押证照，均涉嫌违法。一经发现， 立即举报,风控经验,http://www.zhaopin.com/jobdetail/CC000582300J40689940106.htm?refcode=4019&srccode=401901&preactionid=96bbfac6-a82e-4850-8edd-9df73f7164eb
风控专员,北京浩略律师事务所,8000-10000元,北京·东城·崇文门外,Guangzhou,本科,1-3年,7月16日,zhilian,职位描述 风控体系制定 风控合规 内部风控 数据风控 交易风控 业务流程风控 民商法 证券法 刑法 行政法 法律 工作内容： 1、负责律所案件利益冲突识别和检索； 2、负责律所业务用章、非业务用章等文书审核工作； 3、严格依照律所规章制度，规范执行收案、结案流程及用章； 4、完成上级领导交办的其他工作。 任职要求： 1、本科以上学历，法学或法律专业； 2、具有较强的敏感度和高度的责任感； 3、具有良好的人际交往、协调和沟通能力； 4、有律师事务所工作经验优先考虑。 工作地点 北京市-东城区-崇文门外街道哈德门广场东塔二层203、204、205号 以担保或任何理由索要财物，扣押证照，均涉嫌违法。一经发现， 立即举报,"风控体系制定,风控合规,内部风控,数据风控,交易风控,业务流程风控,民商法,证券法,刑法,行政法",http://www.zhaopin.com/jobdetail/CCL1481881940J40873396309.htm?refcode=4019&srccode=401901&preactionid=96bbfac6-a82e-4850-8edd-9df73f7164eb
金融交易风控岗,国磐集团有限公司,4000-6000元,邯郸·邯山区·滏东街道,Guangzhou,大专,5-10年,7月26日,zhilian,职位描述 基金业风控 投资风控 实时风险监控 风控规则优化 量化风险分析 工作职责 1. 负责交易全流程的实时风险监控，包括但不限于异常交易识别、合规阈值触发预警及风险事件处置。 2. 参与交易风控规则库的迭代优化，结合市场动态与监管要求更新风险指标体系。 3. 定期输出风控报告，分析交易风险趋势，为业务决策提供数据支持。 4. 协同交易、合规团队完成风险事件复盘，推动风控流程与系统的持续改进。 任职要求 1. 专科及以上学历。 2. 具备2年以上基金、证券或资管行业交易风控/合规相关工作经验。 3. 熟悉基金交易规则及监管要求（如《证券投资基金法》《公募基金交易管理办法》）。 4. 具备较强的风险敏感度与逻辑分析能力，能快速响应并处置突发风险事件。 工作地点 邯郸邯山区康桥国际24层 以担保或任何理由索要财物，扣押证照，均涉嫌违法。一经发现， 立即举报,"基金业风控,投资风控,实时风险监控,风控规则优化,量化风险分析",http://www.zhaopin.com/jobdetail/CCL1324369530J40866269501.htm?refcode=4019&srccode=401901&preactionid=96bbfac6-a82e-4850-8edd-9df73f7164eb
风险控制岗（重庆）,仲利国际租赁,5000-7000元,重庆·江北,Guangzhou,本科,经验不限,7月24日,zhilian,职位描述 融资租赁风控 工作内容 1、负责租赁项目审核，对客户进行资信调查、商业调查及行业市场分析； 2、根据租赁项目具体情况，通过资料分析、实地考察、外部照会等发现问题和有价值的信息，提供权限主管作为决策依据； 3、撰写风险评估报告并出具风险防范建议，与业务保持沟通合作关系，共同促成业绩目标达成； 4、跟踪租赁项目的执行情况，适时回访逾期客户，负责对高风险行业、区域、产品提出风险预警及规避建议； 5、进行数据统计和信息处理，完善风险控管流程与体系，协助制定风险控管标准与政策； 6、主管交办的其他事宜。 任职资格 1、大学本科及以上学历，金融、财会、审计等相关专业优先； 2、具备较强的财务分析、风险识别及问题解决能力； 3、具备良好的逻辑思维、沟通协调能力及抗压能力； 4、具备较强的工作责任心及良好的工作态度和团队合作精神； 5、具金融机构风险控制岗实习或工作经验者尤佳。 公司福利 1. 餐补、生活费补贴、职位补贴； 2. 舒适的办公环境，坐拥便利的市中心位置； 3. 月度团建、别墅轰趴、年度旅游、集体生日会、员工免费体检等； 4. 入职：社招：入职缴纳五险一金，转正六险一金； a) 校招：毕业前可签三方协议，提供全职实习，实习期时长可抵扣试用期时长 5. 年假7~10天（优于法定，随年资增长）； 6. 出行公司商务车接送，无需为路程担忧； 7. 专业的一对一师徒制，线上线下的培训课程学习； 8. 每年年底均有晋升机会，有公开透明的晋升体系。 工作地点 重庆江北区庆云路1号国金中心T1办公楼45楼 以担保或任何理由索要财物，扣押证照，均涉嫌违法。一经发现， 立即举报,融资租赁风控,http://www.zhaopin.com/jobdetail/CC130614350J40769519706.htm?refcode=4019&srccode=401901&preactionid=96bbfac6-a82e-4850-8edd-9df73f7164eb
风控经理,海南海控物产集团有限公司,1.5-3万,海口·美兰·蓝天,Guangzhou,本科,经验不限,7月16日,zhilian,职位描述 业务风控 大宗贸易 贸易/进出口 1、制度体系建设，制定公司风控的指导原则，组织推动风险管理制度和体系的建设，建立科学有效的内控机制，并根据战略规划不断完善和补充，适应新业务需求； 2、内外协调与统筹工作，主持风险管理工作，协调公司内外关系，统筹管理公司风险管控、合同管理法务管理、客户资信调查等工作； 3、投前投后管理，参与投资并购业务，为项目提供投前风险尽调和投后风险管理的服务； 4、业务评审与监管，全面组织管理业务风险评审及业务监管工作； 5、制定风险解决方案 积极协助业务制定业务方案规避风险，提出防范、化解等控制措施，针对不同的项目类型制定相对应的策略； 6、风险预警管理，组织制定公司内控体系建设方案，建设内部控制预警系统并进行动态管理，及时向公司管理层提出风险防范措施； 7、制定部门工作计划，负责本部门发展、管理和制度建设，组织编制并执行本部门工作计划。 1、本科及以上学历，国际经济与贸易、国际商务、法律、经济、金融、财会等相关专业； 2、8年及以上相关工作经验，3年及以上管理经验； 3、具有FRM、CPA、CFA、法律职业资格证、期货从业资格证者优先； 4、熟悉贸易企业业务和运营流程，熟悉担保法、公司法、合同法、金融法等相关法律法规，熟练掌握及运用各种风险评估及风险控制工具； 5、具有较强的风险意识、风险分析及化解能力，维护公司合法权益。 工作地点 海口美兰区互联网金融大厦 以担保或任何理由索要财物，扣押证照，均涉嫌违法。一经发现， 立即举报,"业务风控,大宗贸易,贸易/进出口",http://www.zhaopin.com/jobdetail/CCL1213570420J40709508602.htm?refcode=4019&srccode=401901&preactionid=96bbfac6-a82e-4850-8edd-9df73f7164eb
风控专员,阿坝州控股发展有限公司,7000-8000元,成都·武侯·桂溪,Guangzhou,本科,3-5年,7月17日,zhilian,岗位职责： 1.组织完成合同签署及相关检查工作、抵（质）押物登记（交付）及权属证书移交保管工作 2.负责审核公司、个人放款业务送审材料的有效性、合规性、合法性，包括客户基础材料、贷款合同、担保合同的核查、验印及其它前提条件的落实情况，统一意见反馈客户经理，督促落实补齐，及时催收待补事项资料等 3.负责项目的贷后检查、风险分类、风险预警，实时跟进项目动态，采取有针对性的风险管控措施 4.负责贯彻落实公司党风廉洁建设工作要点，按照公司党风廉政工作计划开展相关工作 5.负责对公司经营管理中存在的突出问题和薄弱环节进行监督检查，规范公司经营管理 6.负责受理公司有关党纪政纪和公司纪律方面的检举、控告和来信来访，以及信访举报资料的整理和归档 7.完成上级党委、纪委交办的其他工作。 任职要求： 1.本科及以上学历，至少具有3年以上相关金融岗位工作经历，其中具备金融信贷相关业务（小贷、担保、银行、融资租赁等）风控工作经验的优先 2.精通金融信贷业务风控审查，逻辑思维清晰 3.有良好的风险意识，掌握岗位必备的基础知识，有出色的执行能力和风险洞察力、风险分析能力，逻辑思维能力强，善于钻研，有良好的学习能力 4.无犯罪记录，无不良嗜好 5.文字功底较为扎实 6.具有较强的沟通与协调能力 职位福利：定期团建、包住、包吃、带薪年假、五险一金、优秀员工奖金、员工食堂、出差补贴 工作地点 成都武侯区天府三街实际上班地点：阿坝州汶川县七盘沟川甘青物流园区8#楼2楼 以担保或任何理由索要财物，扣押证照，均涉嫌违法。一经发现， 立即举报,"风控合规,合同法,内部风控",http://www.zhaopin.com/jobdetail/CCL1494878240J40876239314.htm?refcode=4019&srccode=401901&preactionid=96bbfac6-a82e-4850-8edd-9df73f7164eb
金融风控,温州锦诺企业管理有限公司沈阳分公司,5000-10000元,沈阳·大东·津桥,Guangzhou,学历不限,经验不限,7月10日,zhilian,职位描述 互联网金融风控 五险风控专员 任职要求： 会简单电脑操作，有无经验均可 工作内容: 通过电话+微信的形式，协商客户还款 薪资待遇: 无责底薪3300元+提点（最高可达13个点）+奖金，月薪平均6000-20000，上不封顶 试用期1-3个月，表现优异可次月转正，缴纳五险，节假日礼品，生日会礼品+现金，每个月小组团建，每季度大团建 上班时间： 早9-晚6，中午休息一个半小时，周日休息，法定节假日带薪休假。 工作地点 沈阳市大东区天润广场7号楼1304 以担保或任何理由索要财物，扣押证照，均涉嫌违法。一经发现， 立即举报,互联网金融风控,http://www.zhaopin.com/jobdetail/CCL1526206720J40874247314.htm?refcode=4019&srccode=401901&preactionid=96bbfac6-a82e-4850-8edd-9df73f7164eb
风控专员,东莞市律信企业管理服务有限公司佛山分公司,4000-8000元,佛山·禅城·张槎,Guangzhou,学历不限,经验不限,7月24日,zhilian,岗位职责 1、公司提供客户，员工根据培训，通过电话提醒，协助银行对逾期客户进行督导，同事帮助逾期账户解决还款问题，协助其尽快处理欠款项； 二、任职资格 1、对工作认真负责、品行端正，有较强的语言表达能力，能够吃苦耐劳，有较强的责任感、沟通能力、及团队合作意识； 2、具备基本的电脑运用知识，熟悉基本办公软件的操作； 3、若无工作经验者，将安排培训； 三、薪资福利 1、薪资组成：无责任底薪3000+业绩提成+个人/团队奖励+年终花红+工龄奖；综合薪资：5000-10000； 2、团体旅游、聚会等活动，日常小福利（生日会、下午茶，每月月次拓展活动）； 3、享有国家假期福利； 4、公司购买社保； 四、工作时间 上班时间：9:00-12:0013:30-18:00 职位福利：绩效奖金、年终分红、全勤奖、包住、节日福利、社保 工作地点 禅城区佛山创意产业园(季华四路)29栋10楼1008 以担保或任何理由索要财物，扣押证照，均涉嫌违法。一经发现， 立即举报,法务风控,http://www.zhaopin.com/jobdetail/CCL1333865090J40275632409.htm?refcode=4019&srccode=401901&preactionid=96bbfac6-a82e-4850-8edd-9df73f7164eb
风险经理岗,九江银行,1-2万,九江·濂溪区·五里街道,Guangzhou,本科,1-3年,7月21日,zhilian,岗位职责: 1.负责制定完善风险管理制度、流程、细则，建立健全风险管理机制； 2.负责推动风险管理政策及要求落实，对管辖机构风险管理工作做好检查、监督及指导； 3.负责组织开展各类风险排查，撰写风险排查报告，并追踪整改完成情况； 4.负责搭建风险监测体系，开展风险监测、识别、评估、预警等工作，及时发送风险提示，定期输出风险分析报告，为业务决策提供建议和有效支撑； 5.完成领导交办的其他工作。 任职要求: 1.初始学历为本科及以上学历，金融学、统计学、数学、计算机科学、金融工程、经济学等相关专业优先； 2. 3.具备2年及以上工作经验，具备银行风险管理、数据分析等相关工作经历者优先； 4.具备较强的文字写作能力、协调沟通能力、逻辑思维能力，具备数据分析基础技能，了解常用分析方法（如相关性分析、趋势分析等），掌握python、SQL等分析工具的优先； 5.持有法律职业资格证书的优先； 6.特别优秀者可适当放宽条件。 工作地点 濂溪区九江银行大厦 以担保或任何理由索要财物，扣押证照，均涉嫌违法。一经发现， 立即举报,风险管理,http://www.zhaopin.com/jobdetail/CC450650120J40782589310.htm?refcode=4019&srccode=401901&preactionid=96bbfac6-a82e-4850-8edd-9df73f7164eb
投资公司-法务风控岗,无锡地铁集团有限公司,1.2-2万,无锡·梁溪·清名桥,Guangzhou,本科,3-5年,7月10日,zhilian,职位描述 风控合规 法务风控 投资与资产管理 工作职责： 1、负责公司法律文件的起草、审核、修订以及公司业务模块标准合同模板的制定； 2、负责提供公司日常法律事务咨询，参与公司项目合同谈判； 3、负责对接及管理公司外部常年法律顾问单位及专项项目律师； 4、对公司新增合作客户及业务模式进行风险审查；对框架合同要素填写的审查；对合同等法律文本签约的见证； 5、风险管理相关制度的修订及落实管控； 6、负责组织公司内部的法律相关培训讲座等。 岗位要求： 1、法学、财务、审计或相关专业本科及以上学历，4年以上投融资领域法务或律所工作经验，法律职业资格证书A类；有CPA或风控相关工作经验的优先。 2、精通民商法、公司法等相关法律法规，熟悉保理、融资租赁或私募股权相关行业监管规则；熟悉财务、审计基本理论的优先。 3、具备较强文字功底和写作、表达能力； 4、善于人际沟通与协调，具有较强的责任感和执行力，具有团队合作精神。 工作地点 梁溪区无锡地铁集团有限公司 以担保或任何理由索要财物，扣押证照，均涉嫌违法。一经发现， 立即举报,"风控合规,法务风控",http://www.zhaopin.com/jobdetail/CC540555320J40410997511.htm?refcode=4019&srccode=401901&preactionid=96bbfac6-a82e-4850-8edd-9df73f7164eb
合规专员兼风控专员岗(J12405),渤海证券股份有限公司,7000-10000元,佛山·禅城·祖庙,Guangzhou,本科,3-5年,10月30日,zhilian,岗位职责: 1.负责组织分支机构落实合规管理总部下发的督导函，履行合规督导职责； 2.负责根据法律法规、自律规则及公司制度的规定，对分支机构经营事项及相关法律文件的合规性进行审查，对相关合规风险进行识别、揭示，履行合规审查职责，出具合规审查意见； 3.配合合规管理总部及当地监管机构对分支机构的检查和调查，适时自行开展内部合规检查； 4.负责合规报告工作，履职过程中发现分支机构存在合规风险隐患的，应及时提出整改建议并上报合规管理总部； 5.配合合规管理总部举办的各类合规培训，积极组织分支机构人员参加培训和培训考核； 6.负责分支机构合规监测工作，按照公司相关制度要求进行信息上报和变更工作； 7.负责分支机构反洗钱、隔离墙管理、廉洁从业、利益冲突以及其他合规管理工作； 8.建立健全分支机构风险管理体系，完善风险控制机制； 9.做好分支机构风险识别、评估、监控、报告、处置和定期检查工作； 10.组织分支机构员工进行风险管理相关培训、风险知识、风险案例学习，宣导风险文化； 11.接受风险管理总部委托，配合和参与风险问题调查； 12.持续完善分支机构应急预案，定期组织应急演练； 13.公司交办的其他工作。 任职要求: 1.身体健康； 2.大学本科及以上学历； 3.从事证券、金融等相关工作3年以上； 4.通过证券、基金、期货从业资格考试； 5.正直诚实，品行良好，不存在违法违规及被监管部门处罚的情况； 6.具有良好的组织协调能力、沟通能力、学习能力以及较强的团队精神、责任感、服务意识和风险防范意识，工作严谨细致、原则性强； 7.如特别优秀者，可适当放宽相关要求。 工作地点 佛山禅城区季华六路 以担保或任何理由索要财物，扣押证照，均涉嫌违法。一经发现， 立即举报,"风控,合规,证券,风险",http://www.zhaopin.com/jobdetail/CC000394950J40816751210.htm?refcode=4019&srccode=401901&preactionid=96bbfac6-a82e-4850-8edd-9df73f7164eb
交易风控,杭州遂玖私募基金管理有限公司,8000-16000元·15薪,杭州·上城·四季青,Guangzhou,本科,经验不限,5月11日,zhilian,"岗位职责： 1.根据基金经理的交易指令及时、准确完成交易下单，要求准确严谨，反应迅速； 2. 盘前做好准备工作，盘中负责做好实时汇报工作，盘后做好各交易账户的表格统计； 3. 妥善管理和保存与交易内容相关的记录和资料，做好保密工作； 4. 严格遵守股票、期货、债券、基金等业务交易制度及公司各业务规章制度，有效避免各项操作风险； 5. 做好领导交代的其他任务。 任职要求： 1.本科以上学历，专业不限，金融、数学、统计等相关专业优先； 2.工作认真，严谨细致，有较强的责任心、学习能力；有良好的风控意识，对数据敏感； 3. 熟练操作excel,word等办公软件； 4. 能适应夜盘（21:00—23:00）交易者优先； 5. 有下单工作经验优先；熟悉期货、股票交易规则者优先；有基金、期货、证券从业资格证优先。 奖金绩效 夜盘津贴 工作地点 杭州上城区越秀·维多利中心B座9楼 以担保或任何理由索要财物，扣押证照，均涉嫌违法。一经发现， 立即举报","基金业风控,期货风控,基金从业资格证",http://www.zhaopin.com/jobdetail/CC316832830J40618646216.htm?refcode=4019&srccode=401901&preactionid=96bbfac6-a82e-4850-8edd-9df73f7164eb
风险高级专员,内蒙古蒙牛乳业(集团)股份有限公司,6000-7000元,呼和浩特·和林格尔·盛乐,Guangzhou,本科,3-5年,7月14日,zhilian,职位描述 保理风控 工作职责 1、承担保理融资风控审查、审批工作：包括出具业务方案意见、协同开展客户尽调、组织开展项目评审、对业务放款进行审查； 2、负责保理业务存续期风险管理工作：包括风险预警追踪、客户及业务专项检查； 3、负责保理业务模型建设：包括重点业务风险模型建设及完善； 4、承担保理公司内控管理工作：包括规范规章制度建设及管理、对接监管专项检查工作、对接集团财务授权、完善风控标准相关工作。 任职资格 1、本科（含）以上学历，金融、财务会计相关专业，具备金融相关资格证优先； 2、具备3年以上银行等金融机构的信贷和风控工作经验； 3、具备出色的风险防控能力和意识； 4、熟练掌握常用办公软件和操作系统； 5、较强的逻辑思维和沟通能力， 认同公司蒙牛企业文化、做事严谨、具备责任担当。 工作地点 呼和浩特和林格尔县蒙牛乳业总部 以担保或任何理由索要财物，扣押证照，均涉嫌违法。一经发现， 立即举报,保理风控,http://www.zhaopin.com/jobdetail/CC000605800J40893263513.htm?refcode=4019&srccode=401901&preactionid=96bbfac6-a82e-4850-8edd-9df73f7164eb
须大专 MS银行资产风控岗1w+年终奖,广东鸿联九五信息产业有限公司成都分公司,7000-14000元,天津·和平·小白楼,Guangzhou,大专,经验不限,7月21日,zhilian,职位描述 银行业风控 互联网金融风控 刚毕业的小伙伴或者工作迷茫的小伙伴看过来，不限制你的经验，不限制专业的~~~央企直招派遣银行岗，入职购买五险一金，新人6000-8000，老员工8000-20000，都有年终奖哦详情点击立即沟通，接受25毕业的小伙伴 工作地点 和平区中国民生银行(天津分行)1 以担保或任何理由索要财物，扣押证照，均涉嫌违法。一经发现， 立即举报,"银行业风控,互联网金融风控",http://www.zhaopin.com/jobdetail/CC491716730J40990324604.htm?refcode=4019&srccode=401901&preactionid=4d22a714-eeb1-4394-a75a-3142269f75c1
律所风控专员,上海市海欣律师事务所,4000-6000元,上海·静安·北站,Guangzhou,本科,经验不限,7月22日,zhilian,岗位职责： 1.负责律所OA系统的案件管理； 2.审批律师收案的利益冲突问题； 3.客户投诉接待与处理； 4.律师结案审批及卷宗管理； 5.法律意见书的内核工作； 6.领导安排的其他工作。 岗位要求： 1.法学相关专业—我们需要你对法律有最基本的了解； 2.很强的责任心—任何工作，责任心是首要的； 3.开朗热情，积极主动，善于沟通—与律师交流，你懂的； 4.稳定，稳定，稳定—重要的事说三遍。 工作地点 上海静安区苏河湾中心-MT8层 以担保或任何理由索要财物，扣押证照，均涉嫌违法。一经发现， 立即举报,"风控体系制定,法务风控,内部风控",http://www.zhaopin.com/jobdetail/CC133228360J40922101712.htm?refcode=4019&srccode=401901&preactionid=4d22a714-eeb1-4394-a75a-3142269f75c1
风控管理员,山东临工,7000-11000元,临沂·河东·芝麻墩,Guangzhou,本科,1-3年,7月24日,zhilian,职位描述 证券业风控 信托风控 银行业风控 基金业风控 投资风控 1、公司应收数据的汇总与分析； 2、相关债权数据分析； 3、债权管控措施的督促实施与结果分析 工作地点 河东区临沂经济开发区临工路126号 以担保或任何理由索要财物，扣押证照，均涉嫌违法。一经发现， 立即举报,"证券业风控,信托风控,银行业风控,基金业风控,投资风控",http://www.zhaopin.com/jobdetail/CC120773980J40880720605.htm?refcode=4019&srccode=401901&preactionid=4d22a714-eeb1-4394-a75a-3142269f75c1
风控专员,四川商投黄金珠宝有限公司,6000-9000元,成都·锦江·锦官驿,Guangzhou,本科,经验不限,7月8日,zhilian,职位描述 风险管理 风控合规 交易风控 合同法 经济法 公司法 合规稽查 法律 财务/审计/税务 职位描述 1、协助建立风险管理体系并监督执行； 2、负责对项目的真实性、合法合规性及可行性进行评价，充分揭示项目风险，设计实施方案及风险控制措施，撰写风控报告，协助业务部完善风险控制相关手续； 3、做好合规风险管理，负责组织事前风险审核，事中风险控制，事后风险检查，出具风险预警提示和风险评估报告； 4、定期出具风险评估常规报告，针对即时风险问题，评估风险状态和风险程度，分析风险来源和影响，提出解决方案； 5、排查各环节内控漏洞、经营风险，完整留存审计底稿，出具审计报告，列明问题、成因及可落地优化建议； 6、协调部门相关人员和公司相关部门保持业务流程的高效运转，完成领导安排的其他工作。 任职要求： 1、大学本科及以上学历，法律、财务、审计相关专业优先； 2、具备企业内审或会计师事务所审计相关工作经验，熟悉企业财务、采购、资产管理全流程。 3、掌握会计准则、内审规范、财税法规，能独立完成现场审计、底稿编制、审计报告撰写；熟练使用 Excel。 4、逻辑清晰、原则性强，具备跨部门沟通协调能力，严谨细致，极强保密意识，可接受现场外勤审计。 5、党员优先，法律资格证优先； 职位福利：五险一金、绩效奖金、餐补、定期体检、节日福利、周末双休、交通补助、带薪年假 工作地点 成都锦江区东大街下东大街段99号平安金融中心2208 以担保或任何理由索要财物，扣押证照，均涉嫌违法。一经发现， 立即举报,"风险管理,风控合规,交易风控,合同法,经济法,公司法,合规稽查",http://www.zhaopin.com/jobdetail/CCL1228945710J40224060201.htm?refcode=4019&srccode=401901&preactionid=4d22a714-eeb1-4394-a75a-3142269f75c1
融资租赁风控岗,上海力合融资租赁股份有限公司,8000-12000元·13薪,上海·杨浦·平凉路,Guangzhou,本科,经验不限,7月22日,zhilian,岗位职责】 1.负责科创企业融资租赁项目租前尽调、资料审核、现场走访，评估企业经营、现金流及设备真实价值； 2.依托产业认知，针对科创行业非标准化情况，研判行业技术属性、行业迭代风险、资产可处置价值，输出贴合科创项目特性的风控评审意见及方案； 3.负责租后风险监控、异常预警、存续资产管理，跟进回款及风险缓释措施落地； 4.参与行业风险复盘、风控标准优化，配合合规及内部评审工作。 【任职要求】 1.统招重点本科及以上，金融、财会、风控相关专业均可，工科+金融复合背景优先； 2.两年以内产业金融风控、尽调相关经验或审计项目工作经验；接受优秀应届生投递； 3.性格开朗健谈、具备基础财务分析、风险识别能力，严谨细致、逻辑清晰，有较强的内外部沟通能力。 注：此岗位不接受异地线上面试，目前在上海或近期1-2周内来上海欢迎咨询。 工作地点 上海杨浦区光大安石中心T2栋21层 以担保或任何理由索要财物，扣押证照，均涉嫌违法。一经发现， 立即举报,融资租赁风控,http://www.zhaopin.com/jobdetail/CC547077780J40876905705.htm?refcode=4019&srccode=401901&preactionid=4d22a714-eeb1-4394-a75a-3142269f75c1
风控合规负责人,广州市海珠产业投资集团有限公司,2-3万,广州·海珠·江海,Guangzhou,本科,经验不限,7月16日,zhilian,岗位职责 1.全面负责公司大宗贸易业务风控管理工作，统筹搭建、优化完善公司大宗行业风控体系，制定标准化风控管理制度、流程及管控标准，实现业务全流程风险闭环管控。 2.深度研判大宗贸易行业模式、市场行情及行业风险特征，对信用、市场等各类风险进行整体研判、识别与评估，独立开展风控决策，有效规避经营风险。 3.负责金融衍生品业务风控管理，熟练掌握套期保值风控逻辑，搭建风险预警机制，实时监控交易风险、价格波动风险，及时处置各类风险隐患，严控业务风险敞口。 4.常态化开展业务风险排查、风险复盘工作，梳理业务风控漏洞并持续优化风控体系，输出风控分析报告，为公司业务稳健运营、战略决策提供专业风控支撑。 5.统筹团队风控日常管理、风险培训工作，规范各业务线风控执行标准，提升全员风控意识，保障公司大宗贸易业务合规、稳健、可持续运营。 任职要求 1.大学本科以上学历，有大型头部贸易企业从业经历者优先或开展过大宗贸易业务审计检查从业经历者优先； 2.熟悉大宗贸易行业风控合规要求，能高效落地各项风控管理制度与工作标准； 3.具备敏锐的风险洞察能力、严谨的逻辑思维，有较强学习能力，主动性和抗压能力强，注重团队精神； 4.具备良好的沟通协调、统筹管理能力，责任心强，工作细致严谨； 工作地点 广州海珠区敦和路 以担保或任何理由索要财物，扣押证照，均涉嫌违法。一经发现， 立即举报,风控合规,http://www.zhaopin.com/jobdetail/CCL1390235110J40862995211.htm?refcode=4019&srccode=401901&preactionid=4d22a714-eeb1-4394-a75a-3142269f75c1
风控合规专员（央企）,合肥智灵犀科技有限公司,3000-4000元·13薪,苏州·虎丘·狮山,Guangzhou,本科,1年以下,5月26日,zhilian,岗位职责： 1、根据公司合规要求审核业务流程中的相关材料，配合运营部门完成作业流程； 2、定期协助风控主管对公司业务活动进行合规性内部审计，确保公司运营符合相关法律法规及内部政策； 3、业务合同审核及归档工作； 4、与各部门协作，提高公司整体风险管理水平； 5、完成部门主管交办的其他工作。 任职资格： 1、本科及以上学历，法律相关专业优先； 2、1年以上相关工作经验（优秀应届生均可，公司将提供系统的培训和指导）；熟悉国家税收法律法规和政策，具备扎实的税务专业知识，并能应用于实际工作； 3、拥有较强的沟通能力，逻辑思维分析能力，观察及归纳能力，善于分析判断及发现问题的能力； 4、熟练操作各类办公软件，有一定文笔及PPT制作能力； 5、党员优先考虑。 奖金绩效 年底双薪 工作地点 苏州虎丘区人才广场狮山路22号 以担保或任何理由索要财物，扣押证照，均涉嫌违法。一经发现， 立即举报,"风控合规,内部风控",http://www.zhaopin.com/jobdetail/CCL1390651590J40851671011.htm?refcode=4019&srccode=401901&preactionid=4d22a714-eeb1-4394-a75a-3142269f75c1
风控审核专员（不直签）,汇银融资租赁有限公司,6000-10000元,青岛·黄岛·黄岛街道,Guangzhou,本科,1-3年,5月12日,zhilian,职位描述 风控建模 风控体系制定 风控合规 银行 投资与资产管理 汽车金融 职能职责： 1、负责合同签订合规性审查； 2、负责业务真实性核查； 3、负责业务资料完整性审查； 4、根据用户资质及审查要求，提出贷后管理建议； 5、公司安排的其他工作。 职位福利：五险一金、带薪年假、调休 任职要求： 学历水平：本科以上学历。 专业要求：金融、财会、管理、法律相关专业。 专业知识：金融、财会、管理、法律相关知识。 素质要求：风险识别、归纳分析、管理推进、风险评估、沟通交流。 工作经验：相关领域工作1年及以上。 任职资格：满足岗位工作要求，接受出差，接受在北京进行3个月岗位培训。 职位亮点：双休 五险一金 体检 工作地点 黄岛区潍柴(青岛)智慧重工有限公司 以担保或任何理由索要财物，扣押证照，均涉嫌违法。一经发现， 立即举报,"风控建模,风控体系制定,风控合规",http://www.zhaopin.com/jobdetail/CC580900220J40862891304.htm?refcode=4019&srccode=401901&preactionid=4d22a714-eeb1-4394-a75a-3142269f75c1
风控专员,天津厚朴商业保理有限公司,6000-8000元·13薪,天津·河西,Guangzhou,本科,经验不限,7月2日,zhilian,职位描述 风控体系制定 投融资风控 金融科技/数字金融 银行 租赁/拍卖/典当/担保 岗位内容： 银行/金融机构：3–6年对公信贷、授信审查、风控、公司金融经验 优先：对公尽调、贷前审查、贷后管理、授信审批、行业研究经验 风险识别与判断：独立评估信用/市场/操作/合规风险，出具专业意见 报告与沟通：撰写尽调/审查/风控报告，清晰表达风险，对接业务/评审会 合规与原则：严守政策、底线清晰、独立客观、保密 工作地点 天津市-河西区-环岛西路19号 以担保或任何理由索要财物，扣押证照，均涉嫌违法。一经发现， 立即举报,"风控体系制定,投融资风控",http://www.zhaopin.com/jobdetail/CCL1505506740J40782181302.htm?refcode=4019&srccode=401901&preactionid=4d22a714-eeb1-4394-a75a-3142269f75c1
风险合规岗,信泰人寿保险股份有限公司厦门分公司,6000-8000元·14薪,厦门·思明·筼筜,Guangzhou,本科,经验不限,6月23日,zhilian,岗位职责： 1、负责分公司关键风险指标数据的报送、预警单反馈、推进问题的整改落实。 2、负责分公司层面年度风险自我评估报告、内控评估报告等相关报告的编写。 3、组织开展分公司操作风险管理工作，包括但不限于操作风险损失事件的报送与分析、操作风险自我评估等。 4、组织开展分公司层面内控体系建设、内控评估和内控缺陷整改等工作。 5、根据反洗钱相关法律法规、监管规定和公司洗钱风险管理政策和程序，开展反洗钱相关工作。 6、领导搅交办的其他工作事项。 任职要求： 1、大学本科及以上学历，保险类、金融类、法律类及管理类等相关专业。985、211院校毕业生优先。 2、具有同行业同岗位工作经验；具备硕士及以上学历的应届毕业生亦可。 3、具备必要的履职能力和职业操守，学习和创新的能力，能承受压力，善于沟通协调，有全局观念及团队合作精神，有较强的语言及文字表达能力。 工作地点 厦门思明区禹洲广场23楼 以担保或任何理由索要财物，扣押证照，均涉嫌违法。一经发现， 立即举报,"保险业风控,反洗钱",http://www.zhaopin.com/jobdetail/CC618739020J40904656003.htm?refcode=4019&srccode=401901&preactionid=4d22a714-eeb1-4394-a75a-3142269f75c1
风控合规经理,安食惠(河南)供应链管理有限公司,8000-16000元,郑州·管城·圃田,Guangzhou,本科,3-5年,7月23日,zhilian,岗位职责： 1. 制度建设：设计并推行中心内部管理流程、风控合规指引及标准化文档体系，确保业务开展在规范的轨道上运行。 2. 过程监控：对处于不同阶段的项目进行常态化合规检视与风险预警，及时发现问题并督促整改。 3. 人员统筹：负责未来随项目落地而配置的“项目经理”团队的矩阵式管理（人事关系、绩效考核、能力建设），协调其在项目组与职能部门之间的工作平衡，制定并执行公平有效的绩效分配方案。 二、任职要求 1.本科及以上学历，法律、审计、企业管理专业优先，通过司法考试或持有CPA者优先。 2. 3年以上产业公司、金融/投资机构的风控合规或运营管理经验，有团队管理经验者优先。 3. 精通投资业务的全流程风控点（募投建管退），能设计出既严谨又不失灵活性的内控制度。熟悉合同法、公司法及私募监管相关法规。 三、薪酬福利 1.极具竞争力的总包收入：基本工资+绩效+项目/协同奖金 2.公司临近5号地铁口交通便利，优美舒适的办公环境 3. 处于快速发展期，成长空间巨大，表现优异者可享受年底分红，让奋斗者不只是拿死工资，更能分享公司发展的红利。 4. 其他福利：节日福利、生日礼金、团建旅游、公司提供午餐、奶茶、咖啡、饮料等。 工作地点 郑州管城回族区亚新广场B座16层 以担保或任何理由索要财物，扣押证照，均涉嫌违法。一经发现， 立即举报,"风控合规,风控体系制定,公司法,合同法,业务流程风控,投融资风控",http://www.zhaopin.com/jobdetail/CCL1475527530J40866580107.htm?refcode=4019&srccode=401901&preactionid=4d22a714-eeb1-4394-a75a-3142269f75c1
风控模型算法工程师,中数智创科技有限公司,1-1.8万,石家庄·长安·谈固,Guangzhou,硕士,1-3年,7月26日,zhilian,职位描述 机器学习算法 深度学习算法 金融反欺诈 金融科技/数字金融 岗位描述： 1.模型构建与优化：承担信用风险模型的建模任务，涵盖样本合理选择、特征工程实施、算法优化以及联合建模等工作，致力于提高模型的区分能力，以助力业务发展。 2.模型与应用协调：负责模型和策略应用之间的协调沟通，依据实际业务需求，灵活运用不同算法定制相应模型。 3.数据分析与监控：承担模型相关的各类数据分析工作，完善模型生命周期的监控和质量保证。对模型运行过程中的数据进行持续分析，及时发现模型可能存在的问题，保障模型在整个生命周期内的稳定性和可靠性。 4.创新性研究：参与创新性研究，快速学习并将新方法应用到信贷风控工作中。 岗位要求 1.专业与学历：要求计算机、统计、金融、物理等相关专业背景，硕士及以上学历。 2.领域经验：在信贷风控、数据分析、机器学习、深度学习等相关领域有1 - 2年及以上经验优先。 3.编程与工具：具备良好的编程基础，熟练掌握至少一门编程语言（如python，c++，java等），有大数据处理经验（如hive，hadoop，spark）者优先。 4.技术与兴趣：对大数据技术有热情，熟悉并掌握常见的机器学习、深度学习算法，同时对金融相关感兴趣者优先。 工作地点 石家庄长安区中数智创8楼 以担保或任何理由索要财物，扣押证照，均涉嫌违法。一经发现， 立即举报,"机器学习算法,深度学习算法,金融反欺诈",http://www.zhaopin.com/jobdetail/CC872191990J40957697715.htm?refcode=4019&srccode=401901&preactionid=4d22a714-eeb1-4394-a75a-3142269f75c1
风控合规专员,青岛市宇泰典当有限公司,4000-8000元,重庆·两江新区,Guangzhou,本科,1-3年,3月30日,zhilian,岗位职责： 1.协助风控经理完成项目资料的收集、整理及初步审核，包括但不限于：主体资质文件、财务报表、担保材料、融资合同等，协助风控经理审查项目合规性，核实是否存在新增隐性债务、违规担保、虚假包装等情形，对客户财务报表进行初步分析，计算关键财务指标（资产负债率、流动比率、现金流等），识别异常波动及潜在风险； 2.参与项目尽职调查，协助风控经理完成现场访谈、实地考察、资料核验等工作，整理尽调底稿，协助风控经理撰写《风险评估报告》，整理项目数据，汇总风险要点； 3.协助完成属地项目的贷后检查工作，包括但不限于：现场回访、资料收集、资金用途核实、还款提醒；发现项目异常情况（如逾期、经营恶化、担保物变更等），第一时间向风控经理报告； 4.负责分公司风控档案的整理、归档及保管，确保档案完整、规范、可追溯，负责区域项目数据、风险指标的统计汇总，定期提交区域风险数据周报/月报/季报/年报等报表。 任职要求： 1.金融、经济、财务、数学、统计、法律类专业优先； 2.1-3年银行、投行、证券、基金、资产管理或政府平台融资领域或会计师事务所审计/尽调相关工作经验； 3.持有基金从业资格、证券从业资格、银行从业资格、CPA部分科目通过、法律执业资格等证书者优先 4.具备数据分析能力和较强的风险意识； 5.具备较强的学习能力，良好的沟通和团队合作能力。 工作地点 重庆两江新区恒大中渝广场1号办公楼 以担保或任何理由索要财物，扣押证照，均涉嫌违法。一经发现， 立即举报,"投资与资产管理,基金,信托",http://www.zhaopin.com/jobdetail/CC227009130J40838203301.htm?refcode=4019&srccode=401901&preactionid=4d22a714-eeb1-4394-a75a-3142269f75c1
风控专员,平安融易(黑龙江)信息服务有限公司石家庄第一分公司,9000-15000元,石家庄·裕华·太行,广州,大专,经验不限,7月25日,zhilian,职位描述 风控专员 催收 风险管理 1)对公司存量帐户的提醒客户按时还款; 2)通过电话等方式与客户进行沟通维护正常还款;3)非销售，非保险，无任何销售考核! 1、学历:本科，综合素质非常优秀的放宽至大专，名额有限。 2、要求:有客服或客户沟通类工作经验者优先，无相关经验者入职公司提供完整培训。 3、专业能力:熟悉Office办公软件，思维清晰，表达能力优秀，善于沟通及换位思考。 4、核心能力:懂沟通，会谈判，有上进心，综合素质优秀。 5.公司每季度至少组织一次以上高端旅游，各类团队活动众多; 6.公司隶属平安集团子公司，处于快速发展期，薪资绩效公平公正，大平台晋升发展空间广。 五险一-金节日福利 年终分红 高温补贴 员工旅游 每年多次调薪 定期团建 平安普惠信息服务有限公司石家庄第一分公司 上班地址 石家庄裕华区天山银河广场C座 职位福利：五险一金、绩效奖金、补充医疗保险、定期体检、员工旅游、节日福利、每年多次调薪、定期团建 工作地点 石家庄市裕华区长江大道168号 以担保或任何理由索要财物，扣押证照，均涉嫌违法。一经发现， 立即举报,"风控专员,催收,风险管理",http://www.zhaopin.com/jobdetail/CC839306780J40182775210.htm?refcode=4019&srccode=401901&preactionid=677e05c6-107a-45c0-8bb2-66dc3adad5dc
风控管培生-商务方向,平安国际融资租赁有限公司,8000-12000元·20薪,上海·浦东·陆家嘴,广州,本科,经验不限,5月25日,zhilian,"职位描述 财务金融 经贸 法律 工作职责： 1. 负责业务合同的审核，授信条件及放款条件的落实； 2. 协助推进业务系统、流程、工具的持续优化及完善； 3. 协助推进风控科技化、数字化、自动化等事项，完善各类智能风控工具，支撑长期运营优化； 4. 上级交办的其他事务，包括但不限于文本材料整理、会务安排等事项。 任职资格： 1. 本科在读及以上学历（26年毕业优先），财务金融、经贸、法律等相关专业优先； 2. 具备金融、贸易行业相关实习经验优先； 3. 为人乐观积极，责任心强，能吃苦耐劳，学习能力好，勇于内省； 4. 具有较强的原则性和执行能力，沟通协调能力强，较好的说服能力，良好的抗压能力。 目标专业：金融学类 ，经济贸易类，法学类 目标院校标签：985,211，双一流 ，QS前100 工作地点 上海浦东新区平安金融大厦 以担保或任何理由索要财物，扣押证照，均涉嫌违法。一经发现， 立即举报","财务金融,经贸",http://www.zhaopin.com/jobdetail/CC362140510J40906535212.htm?refcode=4019&srccode=401901&preactionid=677e05c6-107a-45c0-8bb2-66dc3adad5dc
银行风险管控 15000+五险一金/年终奖,广东鸿联九五信息产业有限公司成都分公司,1-1.8万,天津·和平·小白楼,广州,大专,经验不限,7月24日,zhilian,职位描述 银行业风控 银行信息风控 银行哦! 入职五险一金肯定少不了的，该有的员工福利都有， 没有那些七七八八的条条理理，上班不外出，办公司白领待遇， 优势贷后提醒岗 薪资对比远超同行业 无销售性质 工龄奖(每年涨一次) 年终奖，带薪年假，下午茶统统都有哦 工作地点 和平区中国民生银行(天津分行)1 以担保或任何理由索要财物，扣押证照，均涉嫌违法。一经发现， 立即举报,"银行业风控,银行信息风控",http://www.zhaopin.com/jobdetail/CC491716730J40988631104.htm?refcode=4019&srccode=401901&preactionid=677e05c6-107a-45c0-8bb2-66dc3adad5dc
反洗钱审核（朝九晚六+周末双休）,软通动力信息技术(集团)股份有限公司,5000-6000元,成都·武侯·桂溪,广州,本科,经验不限,7月13日,zhilian,岗位职责： 1、有敏锐的观察力与理解力，能够洞察并挖掘风险，有较 好的总结归纳和文档输出能力； 2、良好的分析及文字表达能力，逻辑思维清晰，操作能力 和学习能力好； 3、具有良好的沟通协调能力及风险意识； 4、能适应工作压力，工作细致耐心，责任心强； 5、熟练使用简单的Office办公软件。 岗位要求： 1、本科（含）以上学历，应届毕业生或具有反洗钱或风控相关审核从业经验1年及以上 工作地点 成都武侯区阿里巴巴西部基地(阿里中心)15栋2号楼4楼 以担保或任何理由索要财物，扣押证照，均涉嫌违法。一经发现， 立即举报,交易风控,http://www.zhaopin.com/jobdetail/CC000544460J40572624416.htm?refcode=4019&srccode=401901&preactionid=677e05c6-107a-45c0-8bb2-66dc3adad5dc
风控专员,广东浩传管理服务有限公司齐河分公司,4000-8000元,德州·齐河县·晏城街道,广州,高中,经验不限,7月17日,zhilian,职位描述 银行业风控 投资风控 室内坐岗银行电话客服直聘［爆竹I［爆竹］坐岗客服+五险一金工作岗位：美团储备管理 通过电话形式为客户提供账户管理服务，带薪培训。 工作时间： 8:10-18:00，午休时间 1.5 小时，做六休一，周六双倍工资，节假日3倍工资。 工资待遇： 月综合6000-20000元，平均薪资4000-8000缴纳五险一金，提供宿舍。 职位要求：高中及以上学历，实习应届毕业生优先考虑。业务能力强者可放宽要求。要求无不良征信记录，无犯罪记录。 福利待遇： 节假日红包礼品奖励＋生日派对+团建活动＋带薪年假+婚假 产假＋月度荣誉 工作地址：齐河高新技术开发区创新大厦14楼 工作地点 山东省德州市齐河县凤凰路6号14楼 以担保或任何理由索要财物，扣押证照，均涉嫌违法。一经发现， 立即举报,"银行业风控,投资风控",http://www.zhaopin.com/jobdetail/CCL1412221810J40596413613.htm?refcode=4019&srccode=401901&preactionid=677e05c6-107a-45c0-8bb2-66dc3adad5dc
资金风控专员,山东方达商业运营集团股份有限公司,4000-6000元,淄博·周村区·南郊镇,广州,本科,3-5年,7月24日,zhilian,职位描述 基金业风控 催收风控 供应链金融风控 银行信息风控 1. 维护银行渠道，拓展授信、办理各类融资业务； ​ 2. 统筹企业整体负债结构，控制融资成本； ​ 3. 测算现金流、偿债指标，把控融资杠杆风险； ​ 4. 管理抵押物、对外担保，防范或有负债风险； ​ 5. 编制资金计划，提前规避贷款到期逾期风险； ​ 6. 配合银行尽调、审计，完善融资资料。 工作地点 淄博市-周村区-周隆路7226号 以担保或任何理由索要财物，扣押证照，均涉嫌违法。一经发现， 立即举报,"基金业风控,催收风控,供应链金融风控,银行信息风控",http://www.zhaopin.com/jobdetail/CC453497030J40875955809.htm?refcode=4019&srccode=401901&preactionid=677e05c6-107a-45c0-8bb2-66dc3adad5dc
结算风控岗,深圳市中金岭南期货有限公司,7000-10000元,深圳·罗湖·桂园,广州,本科,经验不限,6月16日,zhilian,岗位职责】 1、负责客户日常交易风险控制工作，包括盘中实时监控客户账户风险情况、对客户发送强平追保通知、异常交易情况监控、席位资金监控、客户持仓预警风险提示及报备等； 2、负责实时监控客户交易时间内的账户交易状况及持仓情况，预见交易风险的出现，提醒客户防止交易风险，必要时上报负责人，并按公司风险控制办法处理； 3、对于不足保证金要求的客户，对客户发出追加保证金通知，必要时发出强平通知，并通知关联业务部门； 4、根据每日收盘后的结算结果，列出高风险客户名单，评估其风险水平，并进行追加保证金通知，必要时发出强平通知； 5、负责为客户办理套保、套利额度申请业务，并做好资料存档工作； 6、根据交易所保证金的变动和公司风控的需求，及时监控交易行情的变化情况，提出公司交易保证金标准的建议及各席位资金调拨工作； 7、负责客户保证金调整申请业务的风险评估并给出调整建议； 8、按期梳理高风险客户情况，必要时进行高风险客户回访工作，定期提交交易风控画报； 9、负责客户交易风险控制数据的按期存档管理工作，包括客户交易风险追加台账及短信录音材料、客户保证金调整申请资料、套保/套利申请资料等； 10、熟练掌握交易所交易规则、公司业务办理流程，不断提升业务能力； 11、完成领导交办的临时工作任务或协同其他部门完成专项工作任务。 【任职要求】 1、大学本科及以上学历，经济、财务、数学、法律、管理类等专业优先； 2、具备1年以上期货相关工作经验或优秀应届毕业生； 3、熟悉期货法律、行政法规和中国证监会的规定，熟悉期货相关业务运作流程； 4、工作严谨细致，具有较强的组织能力、沟通能力与协调能力；具有较强的学习能力、抗压能力及责任心；具有敏锐的洞察力与行情分析研判能力； 5、持有期货从业资格考试合格证书优先。 工作地点 罗湖区深圳市中金岭南期货有限公司京基100大厦A座6601 以担保或任何理由索要财物，扣押证照，均涉嫌违法。一经发现， 立即举报,期货风控,http://www.zhaopin.com/jobdetail/CCL1430716260J40902840112.htm?refcode=4019&srccode=401901&preactionid=677e05c6-107a-45c0-8bb2-66dc3adad5dc
风控助理,海大集团,8000-10000元·20薪,广州·番禺·化龙,广州,本科,经验不限,12月24日,zhilian,岗位职责： 1. 风险识别与评估：能系统性识别专业领域的潜在风险，开展风险评估并输出风险清单与等级判定。 2. 动态监测与预警：建立风险指标监控体系，定期跟踪关键风险数据，及时发现异常并触发预警机制。 3. 风险报告与沟通：编制专项风险报告，向集团风控管理层及职能中心负责人双向反馈风险态势与改进建议。 4. 整改督导与闭环：针对高风险问题制定整改计划，跟踪验证整改措施落地效果，确保风险有效化解。 5. 赋能与协同：提供工具与方法培训，搭建风险案例库，推动风险管理与业务运作深度融合 6.领导安排的其他工作。 二、任职资格： 1.本科及以上学历，财务、审计、风险管理、金融、经济等等相关专业，具备CIA（国际注册内部审计师）、CPA（如有财务背景）优先； 2. 具备内控内审、风控合规、咨询公司实习经验优先； 3.熟练使用风险控制矩阵（RCM）、合规风险评估工具及方法论； 4.具备良好的业务理解力、沟通协调力、高敏锐度； 奖金绩效 五险一金、年终奖金、住房补贴、免费食堂、带薪年假、年度体检 工作地点 广州番禺区海大科学园 以担保或任何理由索要财物，扣押证照，均涉嫌违法。一经发现， 立即举报,"风控体系制定,内部风控",http://www.zhaopin.com/jobdetail/CC144300060J40851089912.htm?refcode=4019&srccode=401901&preactionid=677e05c6-107a-45c0-8bb2-66dc3adad5dc
风控运营（高级）专员,浙江恒逸集团有限公司,7000-12000元,杭州·萧山·宁围,广州,本科,3-5年,7月6日,zhilian,岗位职责: 1、风控体系搭建与治理：负责公司整体风险识别、风险防控与风险治理体系的搭建及迭代优化，全面把控平台各类业务风险，对风控策略落地效果、风险管控结果及业务平稳运营全权负责。 2、数据风控与策略落地：依托海量业务数据开展深度数据分析、风险复盘与案例拆解，精准挖掘黑产作弊模式、业务漏洞及潜在风险点；联动各业务部门推进风险漏洞修复、流程优化，落地线上自动化、人工风控策略，持续提升风险拦截效率。 3、风险监控与预判应对：搭建并完善全维度业务异动指标监控体系，覆盖交易、用户、流量、行为等核心风控维度，实时监测风险数据波动；提前预判风险趋势、识别潜在风控危机，制定标准化、可落地的风险应急预案，实现风险前置管控。 4、业务协同与风控平衡：深度联动业务运营、增长、产品等跨部门团队，前置参与业务规则、增长策略、新产品模式的设计评审工作；在合规风控、风险管控与业务增长之间寻找最优平衡点，保障业务合规、安全、可持续良性发展。 任职资格: 1、本科及以上学历，统计学、工商管理类专业优先，3 年及以上互联网平台风控、反作弊、数据风控相关工作经验，有全链路风控体系搭建经验者优先。 2、具备扎实的数据能力，精通 SQL、Python 等数据分析工具，能够独立完成海量数据提取、清洗、分析及风险特征挖掘；具备 AI 风控创新应用、风控模型优化、风控流程提效实战经验者优先。 3、拥有极强的攻防对抗思维，熟悉互联网黑产作弊套路、羊毛党、灰产攻击手段，擅长通过典型 case 复盘总结风险规律，独立拆解风险链路、制定针对性的风控对抗策略。 4、具备优秀的跨团队沟通协作、项目推进及问题解决能力，逻辑清晰、抗压性强，能够精准平衡风控合规约束与业务增长需求，高效推动跨部门风险治理项目落地。 5、工作细致严谨、责任心强，具备敏锐的风险敏感度和独立的问题研判能力，善于复盘总结、迭代优化风控策略，适配快速变化的业务场景和风险环境。 工作地点 杭州萧山区恒逸南岸明珠 以担保或任何理由索要财物，扣押证照，均涉嫌违法。一经发现， 立即举报,"风控合规,数据风控",http://www.zhaopin.com/jobdetail/CC140408290J40949232708.htm?refcode=4019&srccode=401901&preactionid=677e05c6-107a-45c0-8bb2-66dc3adad5dc
金融业务专员,山东恒杰信息技术有限公司,4000-8000元,潍坊·奎文·新城,广州,大专,经验不限,7月20日,zhilian,岗位职责： 1、根据公司提供的风控要求，在工作现场精准把控资金路径。 2、进行前期的风险评估和现场把控，确保业务资金的安全性。 3、负责制定和执行风险管理计划，及时发现和解决潜在资金风险。 4、利用现有资源拓展公司业务。 任职要求： 1、具备良好的沟通能力和语言表达能力，能够清晰准确地传达风险管理信息。 2、本岗位接受小白，吃苦耐劳，个人素质优秀公司可以培养。 3、8小时工作制，节假日全休。周休1天半，缴纳5险，餐补，加班费，节日福利。 薪资构成：底薪+公司固定业务提成+餐补+加班费+工龄 工作地点 潍坊奎文区高创·金融广场 以担保或任何理由索要财物，扣押证照，均涉嫌违法。一经发现， 立即举报,"贷款风控,银行业风控,供应链金融风控",http://www.zhaopin.com/jobdetail/CC403328080J40783422516.htm?refcode=4019&srccode=401901&preactionid=677e05c6-107a-45c0-8bb2-66dc3adad5dc
风险管理,集友银行有限公司厦门分行,7000-11000元,厦门·开元,广州,本科,经验不限,7月26日,zhilian,岗位职责】 贷后岗位内容： 1、牵头督进分行市场团队贷后管理开展，开展信用风险监测及预警工作，跟进贷后授信审批条件落实情况，及时收集贷后检查和管理相关报告； 2、准确做好客户信用评级及资产分类工作； 3、组织、指导辖内问题贷款项目、不良贷款项目的化解和处置，开展授信业务全面检查和专项检查，应对监管检查； 4、风险全景图指标监测工作； 5、贷前项目预审。 贷中岗位内容： 1、负责授信业务额度生效及放款管理，包括对授信合同复核、提供法律合规意见。 2、统筹办理抵、质押登记手续、合同见证签约工作。 3、负责信贷系统、征信系统、资本项目系统日常维护和管理。 4、负责组织总行、分行各类制度的重检和修订，完善各类信贷审批程序和操作规程。 5、负责部门对外报告的审核，牵头综合性的风险管理报告。 6、统筹总行、监管机构等重要政策的传导、培训。 7、系统操作及维护。 【任职要求】 1、本科及以上学历； 2、具有3年以上银行业信贷管理或公司业务市场拓展经验，熟悉相关金融法规制度； 3、具有良好的文字功底，较强的沟通能力，风险意识强； 4、严谨细致，责任心强，团队协作精神好。 职位福利：周末双休、五险一金、年终分红、餐补、通讯补助、带薪年假、补充医疗保险、定期体检 工作地点 厦门市湖滨南路90号立信广场101-103、202单元 以担保或任何理由索要财物，扣押证照，均涉嫌违法。一经发现， 立即举报,"信贷管理,对公客户管理,公司业务",http://www.zhaopin.com/jobdetail/CC203425910J00204496908.htm?refcode=4019&srccode=401901&preactionid=677e05c6-107a-45c0-8bb2-66dc3adad5dc
风控合规专员,中保大厦有限公司,8000-10000元,上海·浦东·陆家嘴,广州,本科,经验不限,4月15日,zhilian,职位描述 风控合规 工作职责： 1、识别业务中的操作风险，制定风险防控措施； 2、报告风控合规运行情况，提出依法合规建议； 3、制定并完善内部合规管理制度； 4、开展合规检查与风险排查； 5、完成领导交办的其他任务。 工作地点 上海市浦东新区陆家嘴东路166号中国保险大厦2206室 以担保或任何理由索要财物，扣押证照，均涉嫌违法。一经发现， 立即举报,风控合规,http://www.zhaopin.com/jobdetail/CC271220010J40999949004.htm?refcode=4019&srccode=401901&preactionid=677e05c6-107a-45c0-8bb2-66dc3adad5dc
风控专员,深圳万乘联合投资有限公司大连分公司,6000-8000元,大连·西岗·人民广场,广州,本科,经验不限,7月9日,zhilian,岗位职责： 1.协助银行处理信用卡逾期欠款或不良贷款，降低银行的信用风险； 2.电话外呼提醒的方式与欠款客户进行沟通，引导客户及时、正确的缴还欠款。 任职要求： 1.本科以上学历，男女不限。 2.金融相关专业优先考虑，应届毕业生也可以考虑。 3.遵规守法，品行端正，诚信廉洁，勤奋敬业，团结合作，作风严谨，有良好的职业素养。 待遇：周末双休、五险一金、法定假日、节日福利、年底奖金、定期团建、员工体检、采暖补贴、项目奖金 工作地点 大连西岗区新开路89号金广大厦A座2409室 以担保或任何理由索要财物，扣押证照，均涉嫌违法。一经发现， 立即举报,银行业风控,http://www.zhaopin.com/jobdetail/CC666523123J90250017000.htm?refcode=4019&srccode=401901&preactionid=4be28f8d-fe43-4d5b-a885-723a8fe19282
省公司法务-合规风控岗,中国平安财产保险股份有限公司河南分公司,6000-8000元·15薪,郑州·金水·祭城路,广州,本科,经验不限,7月26日,zhilian,岗位职责: 1、执行总公司合规制度，起草与组织执行机构合规内控方案； 2、参与机构监管事务处理，对所辖分支机构的监管对接、迎检管理及报送监管材料进行指导、管理； 3、推动机构反洗钱工作的落实，包括新开评级、持续评级、可疑交易评审等，以及客户身份识别、客户信息和交易记录保存等工作，指导、管理所辖分支机构反洗钱工作开展； 4、负责对机构人员的合规培训宣传，开展合规培训、宣传合规文化； 5、内部稽核、外部监管的沟通汇报及项目推动； 6、省公司自查自纠、重点风险治理、风险排查等工作； 7、领导安排的其他事务。 岗位要求: 1、本科及以上学历，法学、金融、财务、审计等相关专业优先； 2、具备较强的工作责任心、工作态度认真； 3、具备党建、纪委纪检监察实务工作经验者优先。 奖金绩效 六险两金，周末双休，年终丰厚 工作地点 河南省郑州市金水区祥盛街25号D座四楼 以担保或任何理由索要财物，扣押证照，均涉嫌违法。一经发现， 立即举报,合规风控,http://www.zhaopin.com/jobdetail/CC245593320J40795434109.htm?refcode=4019&srccode=401901&preactionid=4be28f8d-fe43-4d5b-a885-723a8fe19282
风控专员,烟台海曜合信投资有限公司,5000-8000元,烟台·芝罘·东山,广州,大专,经验不限,7月8日,zhilian,职位描述 公司资金的风险管理 一、任职要求： 1、对金融领域有兴趣者，想在金融领域施展抱负； 2、有其他工作经历者，但不满足于现状，想对金融方向做尝试和了解； 3、有资金管理经历者，但困惑却无解决之道，愿意来公司沟通互补交流者； 4、有较强学习能力、分析能力、风险控制能力和情绪管理能力； 5、对公司资金高度负责，把握市场机会，确保账户达到稳定收益。 二、工作时间： 上午9：00—下午17：30，时间灵活可以居家办公。 三、福利待遇： 1、周末双休不加班，法定节假日正常休息，带薪年假。 2、节日礼品，公司氛围良好，优异者提供出国旅游。 3、工作弹性，定期团建。 4、透明化晋升。 工作地点 烟台市芝罘区解放路156号B座 以担保或任何理由索要财物，扣押证照，均涉嫌违法。一经发现， 立即举报,公司资金的风险管理,http://www.zhaopin.com/jobdetail/CCL1516102080J40744318806.htm?refcode=4019&srccode=401901&preactionid=4be28f8d-fe43-4d5b-a885-723a8fe19282
反洗钱合规岗,中华联合财产保险股份有限公司珠海中心支公司,5000-9000元,珠海·香洲区·梅华街道,广州,本科,1-3年,7月25日,zhilian,岗位职责： 1. 负责公司软硬件、业务信息系统日常运维，处理系统故障、终端及网络问题。 2. 定期巡检设备、做好数据备份与安全防护，排查信息安全隐患。 3. 配合完成系统升级、权限管理，落实信息安全管理。 4. 负责公司内控合规、反洗钱日常管理工作。 5.根据公司行政管理规定，在办公室负责人的领导下开展行政、合规反洗钱工作，做好日常行政后勤保障。 6.根据公司职场管理规定，做好职场管理工作:职场卫生、职场安全、职场消防、职场维修、装修改造等。 7.配合落实行政采购，确保符合法律法规及公司管理规定。 8.根据公司规定，做好会议支持服务和行政接待等工作。 9.根据公司规定，做好固定资产登记、调拨、管理和年度盘点等工作。 10.根据公司要求，做好办公设备、IT设备、机房等设备设施的日常管理工作，确保电子设备正常使用。 11.完成领导交办的其他工作。(如费用报销、会议纪要撰写、党建工作等) 二、岗位要求： 1. 本科及以上学历； 2. 计算机软件、信息技术、通信工程等相关专业毕业； 3. 工作认真负责，具备较强数据分析、良好的沟通协调以及文案撰写能力。 三、薪酬福利： 1. 薪酬待遇：5000k-7000k； 2. 福利待遇：周末双休、六险一金（含补充商业保险）、绩效奖金、餐费补贴、带薪年假、法定假期、年度体检、岗位培训、工会福利及其他节日福利等。 工作地点 珠海香洲区人民西路291号日荣大厦608室 以担保或任何理由索要财物，扣押证照，均涉嫌违法。一经发现， 立即举报,保险业风控,http://www.zhaopin.com/jobdetail/CC292446180J40875602714.htm?refcode=4019&srccode=401901&preactionid=4be28f8d-fe43-4d5b-a885-723a8fe19282
理赔风控岗,江泰保险经纪股份有限公司,1-1.5万,北京·门头沟,广州,本科,3-5年,7月23日,zhilian,岗位职责： 1.保险产品风险评估 参与细分客群保险产品方案研讨及设计，结合理赔、核赔实操经验识别条款风险、预判潜在理赔纠纷，优化承保方案与特约条件。 2.理赔专业技术支撑 为业务团队提供理赔专业咨询，针对疑难、争议案件提供分析思路与谈判策略指导，赋能一线开展索赔沟通。 3.出险数据复盘与风险分析 汇总细分客群出险案例，统计出险原因、高频出险类型、常见拒赔原因等，形成风险分析报告。 4.支撑风险减量与客户风控服务 基于理赔规律，梳理细分客群典型风险隐患清单，支撑风险减量服务落地。 5.内部标准化体系与知识库搭建 梳理各细分客群产品理赔常见问题、单证要点、沟通注意事项，建立理赔专业知识库；牵头制定理赔服务指引、沟通规范、风险前置审查流程，推动后端服务标准化建设。 任职要求： 1.统招本科及以上学历，经济类相关专业优先； 2.3-5年保险公司意外险/责任险理赔/核赔相关工作经验，有互联网保险公司相关理赔/核赔工作经验优先； 3.具备较强的信息收集及分析能力、沟通能力、学习能力、协作能力以及文档写作能力； 4.熟练掌握WORD、EXCEL、PPT； 5.工作积极主动，具备高度责任心、执行力及具备团队合作精神，愿与公司长期发展，有强烈的责任心、事业心。 工作地点 北京门头沟区江泰保险大厦莲石湖西路98号院9号楼江泰保险大厦 以担保或任何理由索要财物，扣押证照，均涉嫌违法。一经发现， 立即举报,保险,http://www.zhaopin.com/jobdetail/CC120078280J40877356814.htm?refcode=4019&srccode=401901&preactionid=4be28f8d-fe43-4d5b-a885-723a8fe19282
模型管理与限额管理岗（2026应届生）,北汽汽车金融(杭州)有限公司,8000-10000元,北京·丰台·看丹,广州,硕士,经验不限,7月26日,zhilian,职位描述 汽车金融 工作职责 1. 负责风险模型的开发、测试、系统实施验证； 2. 构建汽车金融全生命周期风险模型体系，风险模型的开发辅助、数据整理与验证测试； 3. 负责模型监控与迭代，协助完成模型效果分析与迭代优化建议，预警模型失效风险； 4. 负责限额管理落地，协助搭建并完善公司风险限额管理体系。 任职资格 1. 计算机、统计学、数学等专业的应届毕业生； 2.具备良好的职业道德与合规意识，工作严谨细致、责任心强，具备较强的风险敏感度与逻辑思维能力。 3. 拥有优秀的学习能力、沟通协调能力与团队协作精神，能快速适应汽车金融行业节奏，抗压能力强。 工作地点 北京丰台区盈坤世纪-G座 以担保或任何理由索要财物，扣押证照，均涉嫌违法。一经发现， 立即举报,汽车金融,http://www.zhaopin.com/jobdetail/CC337901130J40888086213.htm?refcode=4019&srccode=401901&preactionid=4be28f8d-fe43-4d5b-a885-723a8fe19282
海外风控运营(全额公积金+三餐+6险一金）,外企德科数字技术有限公司,1-2万·15薪,杭州·余杭·仓前,广州,本科,经验不限,7月26日,zhilian,职位描述 反欺诈 反作弊 雅思 AI AGENT 职位描述 1.面对TikTok海外风控与AI模型训练场景，负责账号、内容、评论、直播切片、举报材料、用户行为等多类型样本的专家标注工作 2.根据风险标准和标注规范，对样本进行精细化标注，输出风险类型、违规程度、关键证据、判断依据和推荐处置方式 3.参与黄金样本库、黑样本库、白样本库、模型训练集、Agent评测集和风险判例库的建设，支持AI模型和自动化审核能力迭代 4.针对oncal疑难问题、问题申述、边界样本、争议样本等进行整理和反馈，协助优化标准、标签体系和风险定义 5.配合模型训练、模型评测、策略迭代和风险专项治理任务，提供高质量、结构化、可复用的数据输入 职位要求 1.本科及以上学历，计算机、人工智能、统计学、法律、社会学、心理学等相关专业优先 2.英文能作为工作语言 3.数据标注、内容审核、风控审核、模型训练数据生产、NLP/CV数据标注或数据质检相关经验优先 工作地点 余杭区杭州仓南广场T1栋1 以担保或任何理由索要财物，扣押证照，均涉嫌违法。一经发现， 立即举报 客户,"反欺诈,反作弊,雅思,AI AGENT",http://www.zhaopin.com/jobdetail/CCL1480117890J40883251005.htm?refcode=4019&srccode=401901&preactionid=f902e040-c0b2-404f-a835-5c8fa00bd0e1
风控专员,重庆地道礼合商贸有限责任公司,3000-6000元·25薪,重庆,广州,学历不限,1-3年,7月8日,zhilian,职位描述 财务风控 交易风控 综合商贸 银行 对公司管理的理财产品有风险意识，执行力强，有过股票期货交易经验者优先。 工作地点 重庆市-两江新区-新南路6号附18号（龙湖花园卜蜂莲花超市旁） 以担保或任何理由索要财物，扣押证照，均涉嫌违法。一经发现， 立即举报,"财务风控,交易风控",http://www.zhaopin.com/jobdetail/CCL1526203590J40861270811.htm?refcode=4019&srccode=401901&preactionid=f902e040-c0b2-404f-a835-5c8fa00bd0e1
风控审计专员,麦斯特人力资源有限公司厦门分公司,4000-5000元,福州·长乐·首占,广州,本科,1-3年,7月22日,zhilian,"岗位职责 1.协助部门搭建公司内部风险控制体系，降低企业运营风险； 2.协助部门负责风险评估工作，辨识、评估风险易发、高发领域，对风险的处置提出建议，并监督整改结果； 3.协助配合业务、财务等部门对于大宗交易或大客户进行背景调查、信用调查、财务调查等，确保交易之中的信用以及支付能力，有效降低交易风险，确保公司资金安全。 4.完成上级领导交办的其他相关工作事项。 任职要求 1、本科及以上学历；25-45 2、具有较强的沟通协调能力、执行能力、团队协作能力及抗压能力； 3、有较强的分析、写作能力，能够协助编写业务风险监控报告或内审报告； 4、能够了解公司法、经济法等相关法律法规； 上班时间冬令时08：30-12:00,14:30-17:30；夏令时08：30-12:00,15:00-18:00周末双休，入职缴纳五险一金 工作地点 福州长乐区产投大楼 以担保或任何理由索要财物，扣押证照，均涉嫌违法。一经发现， 立即举报","内部风控,风控稽核,公司法,经济法",http://www.zhaopin.com/jobdetail/CC844505130J40876220009.htm?refcode=4019&srccode=401901&preactionid=f902e040-c0b2-404f-a835-5c8fa00bd0e1
风控专员-外派,浙商中拓,1-1.8万,杭州·萧山·北干,广州,本科,5-10年,7月23日,zhilian,职位描述 风控合规 内部风控 风控稽核 【主要职责】 1.负责项目的风险评审工作，对项目的可行性和风险可控性进行评审，完成实地考察、撰写审查报告等工作； 2.跟进完成风控会授信工作； 3.对项目真实性及执行过程全流程跟踪监督； 4.重要合作伙伴滚动风控，并撰写尽调报告； 5.根据集团要求，完成风控台账工作。 【任职要求】 1.TOP院校财务、审计、金融等专业本科以上学历； 2.持有相关财务、金融、法律专业资格证书优先； 3.五年以上相关工作经验，具有较强的沟通协调能力和文字处理能力，具有团队合作精神。 工作地点 杭州萧山区浙商中拓总部大楼 以担保或任何理由索要财物，扣押证照，均涉嫌违法。一经发现， 立即举报,"风控合规,内部风控,风控稽核",http://www.zhaopin.com/jobdetail/CC478508880J40915053512.htm?refcode=4019&srccode=401901&preactionid=f902e040-c0b2-404f-a835-5c8fa00bd0e1
反洗钱岗,永安财产保险股份有限公司,8000-10000元,西安·雁塔·丈八沟,广州,本科,1-3年,9月8日,zhilian,岗位职责： 1. 制定和完善公司反洗钱相关管理制度，推动公司反洗钱管理的相关系统建设； 2. 推动相关部门开展客户身份识别、客户风险等级管理、高风险客户管控等工作； 3. 根据监管部门要求，制定可疑交易监测模型管理制度，完善公司的可疑交易监测模型。协助公司开展反洗钱工作，对可疑交易进行分析、核查，撰写可疑交易分析报告； 4.负责反洗钱管理系统的功能优化与日常维护； 5.负责组织开展反洗钱宣传、开展洗钱风险自评估等相关工作； 6.负责反洗钱日常管理，相关反洗钱义务履行。 岗位要求： 1.本科及以上学历，金融、财经、法律、经济等相关专业； 2.具有两年以上金融机构反洗钱工作从业经历； 3.熟悉反洗钱的监管要求； 4.诚信正直，逻辑思维能力强，具有良好的风险意识、责任意识，有较强的沟通表达能力。 工作地点 西安雁塔区万科金域国际企业总部大厦A栋26-28层 以担保或任何理由索要财物，扣押证照，均涉嫌违法。一经发现， 立即举报,"反洗钱,合规风控,保险业风控",http://www.zhaopin.com/jobdetail/CC120874820J40785936510.htm?refcode=4019&srccode=401901&preactionid=f902e040-c0b2-404f-a835-5c8fa00bd0e1
风控/风控经理,宁波渠成集团有限公司,1.8-3.5万,宁波·鄞州·首南,广州,本科,5-10年,4月29日,zhilian,岗位职责： 1、确保风险管理体系在各业务单元有效落地、执行和监督。 2、搭建、优化风险管理体系。 3、识别风险，整改并优化流程、管理工具等。 4、制定内部培训计划，提升员工风险意识、管理层风险管控水平等。 岗位要求： 1、5年以上工作经验，有内控、合规管理或只能业务领域基本管理工作； 2、本科及以上学历，专业不限，工商管理、财务专业优先； 3、具备良好的逻辑思维能力、归纳总结能力、文字表达能力及团队协作精神； 4、能快速理解采购、生产、销售、研发等核心业务流程，具备跨部门沟通、协调与项目推动能力； 5、具备良好的学习能力，能不断学习新工具提升风控水平。 工作地点 宁波鄞州区利时金融大厦1号楼23楼 以担保或任何理由索要财物，扣押证照，均涉嫌违法。一经发现， 立即举报,"合同法,内控,合规管理",http://www.zhaopin.com/jobdetail/CC388690030J40901869202.htm?refcode=4019&srccode=401901&preactionid=f902e040-c0b2-404f-a835-5c8fa00bd0e1
反洗钱岗(J12763),华安财产保险股份有限公司,1-2万,深圳·福田·福田街道,广州,本科,3-5年,7月17日,zhilian,岗位职责: 1.负责根据法律法规及监管要求，建立和完善公司反洗钱内控制度体系，组织、推动和监督各业务条线、分支机构反洗钱工作开展； 2.负责组织开展洗钱风险自评估工作，持续识别公司整体以及各业务中的洗钱风险，根据风险识别情况进行风险提示，提出反洗钱建议； 3.协助推进反洗钱系统的建设，开展系统的日常管理与维护； 4.监督指导各部门、机构及时对异常交易数据进行处理，并对上报的可疑交易报告进行审核和报送； 5.协助推动公司反洗钱合规文化建设，拟定反洗钱年度培训计划，提供反洗钱培训、宣传与咨询； 6.协助开展反洗钱内部检查和考核工作，指导分支机构配合当地监管部门开展的各类反洗钱监督检查工作； 7.跟进和落实反洗钱监管文件具体要求，配合完成各项风险排查，及时反馈相关意见和建议。 任职要求: 1.统招本科及以上学历，专业不限； 2.三年以上金融行业工作经验；具有反洗钱工作经验、IT经验者优先考虑； 3.熟悉反洗钱法律法规及监管规定，掌握履职必需的反洗钱知识和技能； 4.具备良好的沟通、协调、组织能力，具有一定的文字写作功底。 工作地点 深圳福田区华安保险总部大厦 以担保或任何理由索要财物，扣押证照，均涉嫌违法。一经发现， 立即举报,保险业风控,http://www.zhaopin.com/jobdetail/CC000582300J40765251106.htm?refcode=4019&srccode=401901&preactionid=f902e040-c0b2-404f-a835-5c8fa00bd0e1
风控专员,金慧科技,4000-5000元,长春·南关·新立城,广州,大专,1-3年,7月15日,zhilian,"职位描述 风控合规 内部风控 风控稽核 工作内容： 1、负责对运营信安管理提供专业支持，辅助项目经理进行内控核查工作 2、为项目运营提供风险预警和内控建设及咨询工作 3、辅助经理接待甲方客户信安巡查工作 4、日常工作场所巡检，监控核查、员工档案抽查、门禁权限管理工作 5、负责项目内的设备管理，辅助对接设备维修，公司I和后台行政人事 6、组织开展项目内部合规宣导与培训 7.负责信安相关报告输出以及信安规则制定 任职资格： 1、大专以上学历，学信网可查，具有风控管理经验 2、有自主学习能力和意愿，具备风险识别和判断能力 3、具备良好的沟通协调能力、书面和口头表达能力 4、有良好的服务意识和团队协作能力 5、熟练运用OFFICE软件，包括Excel,Word,PPT等 工作地点 吉林省长春市南关区生态大街与天富路交汇南侧(明宇金融广场)9楼 以担保或任何理由索要财物，扣押证照，均涉嫌违法。一经发现， 立即举报","风控合规,内部风控,风控稽核",http://www.zhaopin.com/jobdetail/CC612833320J40801431001.htm?refcode=4019&srccode=401901&preactionid=f902e040-c0b2-404f-a835-5c8fa00bd0e1
风控专员,天津东方律师事务所,5000-8000元,天津·河西·越秀路,广州,本科,经验不限,1月12日,zhilian,"岗位职责： 1.负责协助律师在综合信息管理系统上立案各流程的操作,并对各环节的文本材料进行用章合规性审查; 2.负责各类代收代付、第三方外包申请等业务流程的合规性审查; 3.负责配合落实案件专业、行业的登记、统计等工作 4.负责介绍信的信息填写及归档; 5.负责整理、登记并保管各类文书备案材料; 6.负责协助组织各类风控会议的召开及会议纪要等的撰写 7.完成领导交办的其他工作。 岗位要求: 1、大学本科以上学历,法律专业的优先录取; 2、能有一定的英语听、说、读、写能力; 3、良好的沟通能力、口齿清楚、反应灵敏、逻辑思维清晰; 4、工作态度积极进取、抗压能力强、具有良好的团队合作意识,服从管理安排。 可以接受应届毕业生，应届毕业生优先，法学专业优先 工作地点 天津河西区北方金融大厦20、21层 以担保或任何理由索要财物，扣押证照，均涉嫌违法。一经发现， 立即举报","风控合规,内部风控",http://www.zhaopin.com/jobdetail/CC302898930J40852507602.htm?refcode=4019&srccode=401901&preactionid=f902e040-c0b2-404f-a835-5c8fa00bd0e1
风险控制岗（青岛）,仲利国际租赁,5000-8000元,青岛·市南·香港中路,广州,本科,经验不限,3月20日,zhilian,职位描述 投融资风控 投资与资产管理 工作职责： 1、负责租赁项目审核，对客户进行资信调查、商业调查及行业市场分析； 2、根据租赁项目具体情况，通过资料分析、实地考察、外部照会等发现问题和有价值的信息，提供权限主管作为决策依据； 3、撰写风险评估报告并出具风险防范建议，与业务保持沟通合作关系，共同促成业绩目标达成； 4、跟踪租赁项目的执行情况，适时回访逾期客户，负责对高风险行业、区域、产品提出风险预警及规避建议； 5、进行数据统计和信息处理，完善风险控管流程与体系，协助制定风险控管标准与政策； 6、主管交办的其他事宜。 任职要求： 1、大学本科及以上学历，金融、财会、审计等相关专业； 2、具备较强的财务分析、风险识别及问题解决能力； 3、具备良好的逻辑思维、沟通协调能力及抗压能力； 4、具备较强的工作责任心及良好的工作态度和团队合作精神； 5、具金融机构风险控制岗实习或工作经验者尤佳。 职位福利：12薪、六险一金、餐补、通讯补助、带薪年假、员工旅游 工作地点 青岛市南区香港中路26号远雄国际广场 以担保或任何理由索要财物，扣押证照，均涉嫌违法。一经发现， 立即举报,投融资风控,http://www.zhaopin.com/jobdetail/CC130614350J40753523806.htm?refcode=4019&srccode=401901&preactionid=5f5a7c17-7668-43b3-866a-76271f096d84
基金风控,北京黑金时空资本管理有限公司,8000-10000元,北京·西城·白纸坊,广州,本科,经验不限,7月21日,zhilian,职位描述 基金业风控 1、学历本科，专业为经济金融相关的专业，必须有基金从业资格证 2、负责基金交易计划的下单和执行 3、负责基金的合规风险控制管理，以及统计报表等 4、负责基金的成立募集 备案 赎回 合规等工作 5、熟悉证监会、中基协等监管政策，完成基协日常信息更新等相关工作 6、具备良好的沟通能力，完成对内对外所有相关业务的对接 工作地点 北京西城区菜市口大街中信沁园 以担保或任何理由索要财物，扣押证照，均涉嫌违法。一经发现， 立即举报,基金业风控,http://www.zhaopin.com/jobdetail/CC859041580J40863479801.htm?refcode=4019&srccode=401901&preactionid=5f5a7c17-7668-43b3-866a-76271f096d84
风控审核专员,成都三环科技有限公司,7000-13000元,南充·高坪区·白塔街道,广州,本科,3-5年,6月28日,zhilian,职位描述 半导体/芯片 咨询服务 财务/审计/税务 金融科技/数字金融 工作内容： 1、对资金运转、供应链等业务流程的内控风险进行识别、评估、应对和监控。 2、通过数据分析深挖成本收支的问题，提出降本增效措施。 3、参与业务信息化及银行筹融资业务的项目落地。 岗位要求： 1、本科及以上学历，有企业内控内审、财务BP、银行融资、信息化系统导入等相关工作经验。 2、能识别企业的资金、内控风险，并提出有效的降本或优化措施。 3、有数据敏感度，具备沟通协调能力、团队协作能力和组织能力。 4、专业要求：财会相关专业，会计学、财务管理、审计学等，专业基础扎实。 5、态度积极、责任心强，抗压能力良好 工作地点 高坪区南充三环电子有限公司(三厂区) 以担保或任何理由索要财物，扣押证照，均涉嫌违法。一经发现， 立即举报,"半导体/芯片,咨询服务,财务/审计/税务,金融科技/数字金融",http://www.zhaopin.com/jobdetail/CCL1411331550J40895198503.htm?refcode=4019&srccode=401901&preactionid=5f5a7c17-7668-43b3-866a-76271f096d84
风控总监,中构建设有限公司,8000-16000元·13薪,西安·长安·郭杜,广州,本科,5-10年,12月12日,zhilian,职位描述 风控体系制定 财务风控 法务风控 风控合规 内部风控 风控稽核 投融资风控 业务流程风控 财务/审计/税务 法律 咨询服务 核心职责 体系构建与战略： 全面负责公司风险管理与控制体系的顶层设计、优化与实施，确保其符合国家监管要求、国有资产管理规定及现代企业治理准则。制定并推动公司整体风控战略。 全面风险管理： 牵头识别、评估、监控和报告公司运营中面临的战略风险、市场风险、信用风险、操作风险、合规风险及法律风险等。建立并维护关键风险指标（KRI）体系和预警机制。 制度与流程管控： 主持制定、修订并监督执行公司各类风险管理制度、政策与流程，确保业务开展在制度框架内安全、合规运行。 重大项目评审： 主导或参与重大投资、重大交易、重要合作等项目的风险评估与审核，提供独立、专业的风险意见，为决策层提供关键依据。 内控与合规督导： 强化内部控制，确保公司经营活动符合国家法律法规、行业监管规定及内部规章。组织应对监管检查，协调处理重大风险事件与合规问题。 文化与培训： 培育公司全员风险意识，建设严谨审慎的风险文化。组织对中高层管理人员及关键岗位员工进行风险管理和合规培训。 团队与部门管理： 领导风控部门团队建设，提升团队专业能力与履职效能。 任职要求 经验要求： 10年以上风险控制、合规管理、内部审计或相关领域工作经验，其中至少5年以上在大型国有企业（或国有控股企业）担任风控、审计、合规等部门负责人或核心管理岗位的经历。 具有主导搭建或全面优化国有企业风险管理体系并成功实施的经验。 熟悉国企决策流程、监管环境和运营特点，有成功处理国企复杂风险案例或通过关键监管审查的经验。 专业能力要求： 过硬的专业素质： 精通现代风险管理理论、工具与方法，熟悉国家相关法律法规、国资监管政策及行业监管规则。持有CPA、FRM、法律职业资格等相关权威证书者优先。 敏锐的风险嗅觉： 对风险具备高度的敏感性和前瞻性判断力，能于复杂局面中精准识别潜在风险，并作出审慎、独立的专业判断。 卓越的管控能力： 具备强大的风险量化分析、评估建模能力，以及设计并落地有效风险缓释措施和内部控制流程的实战能力。 出色的沟通与影响力： 具备出色的跨部门沟通协调能力，能在坚持风控原则的同时，有效推动业务部门理解并落实风控要求。具备向董事会、经营管理层清晰报告风险状况的能力。 综合素质要求： 政治素质高，原则性强，具备优秀的职业道德和廉洁自律意识。 大局观好，责任心重，抗压能力强，作风严谨务实。 出色的文字表达和综合分析能力。 教育背景： 金融、经济、法律、审计、财务等相关专业本科及以上学历，国内外知名院校毕业者或硕士学历优先。 我们提供 高位平台： 在国有企业担任核心管理职务，参与公司战略决策。 市场薪酬： 提供与职位价值、个人能力相匹配的具有市场竞争力的薪酬福利待遇（面议）。 资源支持： 赋予履行职务所需的充分职权和资源保障。 稳定发展： 提供清晰的职业发展路径和持续的专业成长空间。 奖金绩效 年底双薪 工作地点 西安长安区企业壹号公园J23栋 以担保或任何理由索要财物，扣押证照，均涉嫌违法。一经发现， 立即举报,"风控体系制定,财务风控,法务风控,风控合规,内部风控,风控稽核,投融资风控,业务流程风控",http://www.zhaopin.com/jobdetail/CC868031440J40908156415.htm?refcode=4019&srccode=401901&preactionid=5f5a7c17-7668-43b3-866a-76271f096d84
外场风控,中国人寿保险股份有限公司兰州市分公司雁滩营销服务部,3000-5000元,兰州·城关区·广武门街道,广州,大专,经验不限,7月25日,zhilian,职位描述 金融风控 嘿，你好！我司正在寻找一位热爱挑战、细心且充满好奇心的风控小伙伴加入我们！ 你的工作将是维护我们的公司和客户，做好风险控制和对策。 我们希望你能： 1. 持续学习，与风险赛跑，识别潜在的问题； 2. 与其他部门合作，共同制定风险管理策略； 3. 监控风险指标，确保公司在安全区域内运作； 4. 不断完善我们的风险管理制度和流程。 如果你满足以下条件，就赶快加入我们吧！ 1. 大专及以上学历，金融、风控等相关专业优先； 2. 对风控领域有浓厚兴趣，愿意持续学习； 3. 善于沟通，能与不同部门合作； 4. 细心、有责任心，不放过任何一个风险信号。 期待你的加入，一起成为公司风险的“守门员”！ 工作地点 兰州市-城关区-南滨河东路517号金色堤岸写字楼2楼10A 以担保或任何理由索要财物，扣押证照，均涉嫌违法。一经发现， 立即举报,金融风控,http://www.zhaopin.com/jobdetail/CCL1289999150J40931096615.htm?refcode=4019&srccode=401901&preactionid=5f5a7c17-7668-43b3-866a-76271f096d84
贷后风控（2027届）,招商银行股份有限公司信用卡中心,170-210元/天,成都·高新区·桂溪,广州,大专,经验不限,7月25日,zhilian,"岗位职责 (1)对信用卡延滞风险进预警管理； (2)客观分析客户违约原因，通过电话沟通等方式进行信用卡延滞款项的阶段性策略清收； (3)防范信用风险，预防资产损失. 二、任职条件 (1)本科学历，接受优秀大专毕业生投递，专业不限； (2)普通话标准，具有较强的沟通表达能力。 (3)能够全职实习至毕业，若有特殊事宜（如：论文答辩等）可申请休假。 三、实习期福利待遇： (1)平台实习机会：实习期满4个月，可开具实习证明； (2)实习期福利：190元左右/天的实习津贴（视业绩表现上下浮动），园区内部大蓉和食堂,实习期抵扣试用期等； (3)完善的内部培训体系与学习机会（带薪培训）：校园式的教学模式、定制化的课程、专业的讲师队伍等等 四、毕业留用后福利待遇（年收入9-15w，该岗位的劳动合同签订主体为上海聚力企业服务有限公司成都分公司） (1)丰富你的知识与阅历：完善的培训体系与学习机会（带薪培训）、开放透明的晋升机制（双通道职业发展） (2)保障你的生活：社会保险（六险）、住房公积金、商业保险 (3)解决你的温饱冷暖：餐费补贴、降温取暖费 (4)温暖你的心：生日礼物、节日慰问 (5)少不了的关心：年度体检、带薪年休假、生日关怀假、定制行服等 投递要求 (1)本岗位接受2027届毕业生投递（提供实习转正留用机会）； (2)请应聘者直接在智联招聘网站上进行岗位申请，同时申请多个岗位视为无效； (3)经审查符合面试条件者，将于近期通知笔试、面试，请保持手机畅通。 职位福利：绩效奖金、加班补助、带薪年假、定期体检、餐补 工作地点 成都高新区益州大道中段1555号 以担保或任何理由索要财物，扣押证照，均涉嫌违法。一经发现， 立即举报",银行业风控,http://www.zhaopin.com/jobdetail/CC000103360J40849309307.htm?refcode=4019&srccode=401901&preactionid=5f5a7c17-7668-43b3-866a-76271f096d84
风控合规专员,鹰潭市金信云仓供应链管理有限公司,5000-6000元,鹰潭·月湖区,广州,大专,3-5年,7月24日,zhilian,职位描述 风控合规 内部风控 风控稽核 法务风控 信息系统风控 金融科技/数字金融 银行 法律 财务/审计/税务 工作内容：1、客户资料的审查、复核，对企业关联风险点的查询，尽调问题的呈现；2、准备相关的合同文本并至企业签订后整理归档（影像资料和纸质）；3、关联风险的定期查询；4、每月准备风控部经营分析内容并汇总各部门经营分析报告；5、档案资料的归档整理；6、突发情况风险管控函的编写并发至银行，会同监管、业务现场风险的处置。 工作地点 月湖区鹰潭大厦-东塔3405 以担保或任何理由索要财物，扣押证照，均涉嫌违法。一经发现， 立即举报,"风控合规,内部风控,风控稽核,法务风控,信息系统风控",http://www.zhaopin.com/jobdetail/CCL1340066430J40990988202.htm?refcode=4019&srccode=401901&preactionid=5f5a7c17-7668-43b3-866a-76271f096d84
风控专员,广东省中保小额贷款有限公司,6000-12000元,广州·黄埔·联和,广州,大专,经验不限,8月14日,zhilian,岗位职责 1、根据公司风险管理控制体系要求，对不同的业务类型制定适合的风险管控方案； 2、对客户提供的抵押物权属、现状、登记信息等情况到房管局及有关部门进行调查； 3、对企业的情况开展现场或非现场调查； 4、办理相关事务、授权委托公证手续； 5、到房管局、工商局等登记机关办理抵、质押物的入押（质押）、变更及注销登记等手续； 6、根据授权，到相应机关领取他项权证或者回执，保管权证原件； 7、主要负责对放款项目进行贷后管理； 8、抵押物的定期检查，与业务部客项目经理沟通客户的资产质量变化情况，并协助项目经理进行催收工作； 9、及时解决权证业务相关问题，了解相关单位的办事流程及有关要求、政策； 10、按工作程序做好与相关部门的横向联系，提高工作效率，提升服务水平； 11、协调与银监、银行、律师事务所等相关部门的关系，完成以上部门要求的工作。 能力要求 1、 具有扎实的理论基础，较强的风控管理能力，优秀的协调沟通能力； 2、 具备一定的风险评估能力，较强的信息采集和分析判断能力，考虑问题细致，思路清晰； 3、 具备较全面的风控经验和技能，熟悉金融风险管理，具有较强的风险控制意识； 4、 具备较好的风控材料的书写能力，优秀的沟通协调能力； 5、 熟悉经济、金融和法律有关知识，熟悉风险管理政策制度； 责任性心强，工作中能坚持原则，做事严谨、细致，具备良好的职业操守。 上班时间：朝九晚六，双休。 职位福利：五险一金、餐补、节日福利、周末双休、团队气氛活泼 职位亮点：省级小贷牌照、资源丰富、平台发展力强 工作地点 广州黄埔区JIC创金国际中心 以担保或任何理由索要财物，扣押证照，均涉嫌违法。一经发现， 立即举报,"内部风控,法务风控,风控体系制定,贷款行业",http://www.zhaopin.com/jobdetail/CCL1414992970J40393053916.htm?refcode=4019&srccode=401901&preactionid=5f5a7c17-7668-43b3-866a-76271f096d84
风控代理人,中国平安人寿保险股份有限公司大连分公司,1-1.5万,大连·西岗·白云,广州,大专,1-3年,7月22日,zhilian,职位描述 银行 保险 金融科技/数字金融 嘿，你好！我司正在寻找一位热爱挑战、细心且充满好奇心的风控小伙伴加入我们！ 每一个人和每个家庭都需要专业的风险管理，作为专业的风控代理人，需要帮助每一个客户识别潜藏的风险，并运用不同的金融工具来防范风险的发生。 我们希望你能： 1. 持续学习，与风险赛跑，识别潜在的问题； 2. 与其他部门合作，共同制定风险管理策略； 如果你满足以下条件，就赶快加入我们吧！ 1. 大专及以上学历，金融、风控等相关专业优先； 2. 对风控领域有浓厚兴趣，愿意持续学习； 3. 善于沟通，能与不同部门合作； 4. 细心、有责任心，不放过任何一个风险信号。 期待你的加入，一起成为公司风险的“守门员”！ 工作地点 辽宁省大连市西岗区建业街84号 以担保或任何理由索要财物，扣押证照，均涉嫌违法。一经发现， 立即举报,"银行,保险,金融科技/数字金融",http://www.zhaopin.com/jobdetail/CC120686820J40856962614.htm?refcode=4019&srccode=401901&preactionid=5f5a7c17-7668-43b3-866a-76271f096d84
财产险风险管理岗,燕赵财产保险股份有限公司,7000-12000元·13薪,石家庄·桥西·红旗,广州,本科,3-5年,7月21日,zhilian,岗位职责： 1、根据相关法律法规、标准规范，编制安全生产责任保险事故预防服务工作管理制度、操作规程以及事故预防服务标准； 2、编制安全生产责任保险事故预防工作方案并组织实施； 3、对从事安责险预防服务的第三方事故预防公司进行管理，包括招标签约、任务安排、评价考核等； 4、审核第三方事故预防公司事故预防服务方案和报告； 5、事故预防费提取额度和使用额度管理和审批； 6、安全生产责 任保险事故预防服务客户的回访和确认； 7、建立安全生产责任保险事故预防服务档案，记录和保留事故预防技术服务文档资料，确保服务过程可追溯； 8、对本单位安全生产责任保险事故预防技术服务质量和效果定期自评，并形成书面报告； 9、按照应急厅要求对我司机构人员定期进行安全生产知识培训； 10、应急管理部门要求的安全生产责任保险事故预防相关工作上报； 11、安全生产责任保险信息管理应急平台管理和数据维护。 奖金绩效 年底双薪、绩效奖金 工作地点 石家庄桥西区燕赵金融中心 以担保或任何理由索要财物，扣押证照，均涉嫌违法。一经发现， 立即举报,安全,http://www.zhaopin.com/jobdetail/CC479948810J40920733412.htm?refcode=4019&srccode=401901&preactionid=4cd29746-619c-43df-8959-17bf00f4b51e
风控主管/专员,国恩股份,8000-15000元·13薪,宁波·鄞州·福明,广州,本科,5-10年,9月28日,zhilian,"职位描述 内部风控 交易风控 业务流程风控 岗位描述： 1、负责对公司新入客户、供应商、第三方服务企业进行评估审核； 2. 负责合同审核管理，出入库的审核,仓库库存管理； 3、负责公司整体业务流程的风控监督，货权安全监督，应收款安全监督，各部门头寸管理； 4、完成上级领导交办的其他事项。 任职条件： 1、本科及以上学历，法律、财务管理、金融、经济学等相关专业优先； 2、英语CET-4以上，有大宗商品行业经验的优先考虑； 3、性格开朗，善于学习，有较强的工作责任心，具备一定的抗压能力。 职位福利：五险一金、餐补、定期体检、节日福利、高温补贴、带薪年假 工作地点 宁波鄞州区中山东路1800号(海晏北路地铁站B口步行480米)2002室 以担保或任何理由索要财物，扣押证照，均涉嫌违法。一经发现， 立即举报","内部风控,交易风控,业务流程风控",http://www.zhaopin.com/jobdetail/CC252999510J40411088907.htm?refcode=4019&srccode=401901&preactionid=4cd29746-619c-43df-8959-17bf00f4b51e
投资作业监控（风控合规）,太平洋产险,2-4万·15薪,上海·浦东·陆家嘴,广州,本科,5-10年,12月3日,zhilian,职位描述 投资风控 1、 负责与保险资金运用相关的交易文件、规章制度的法律合规审核以及管理，包括委*投资以及直接投资协议条款的审阅并参与谈判； 2、 参与制定和修订投资相关的风险合规管理制度、政策和流程。梳理并管理保险资金运用相关的分级授权审批流程； 3、 对保险资金运用进行合规性审查，确保符合监管规定及公司各项内部规定； 4、 组织或参与编制并向监管机构、公司报送各类合规与风险报告；协助审核与投资业务相关的公开信息披露文件，确保内容真实、准确、完整； 5、 配合内部审计和外部监管检查，并跟踪后续整改措施的落实； 6、 对投资标的和交易对手方进行关联交易审查并负责关联交易相关的信息披露； 7、 对公司投后管理相关的交易文件及审核事项出具法律合规意见。 任职要求： 1、国内外知名大学硕士及以上学历，法律相关专业优先，熟悉金融市场、金融产品； 2、具有 5 年以上金融机构投资风控合规相关工作的经验，在保险或保险资管公司具有任职经历者优先； 3、熟悉中国金融市场的主要监管法规，对保险机构资金运用有关的监管法规、监管指标、风险管理等方面具有深入了解及相关工作经验的优先； 4、具备出色的文字表达能力及沟通协调、跨部门合作能力。 工作地点 上海浦东新区中国太平洋财产保险股份有限公司(银城中路) 以担保或任何理由索要财物，扣押证照，均涉嫌违法。一经发现， 立即举报,投资风控,http://www.zhaopin.com/jobdetail/CC197917010J40846773513.htm?refcode=4019&srccode=401901&preactionid=4cd29746-619c-43df-8959-17bf00f4b51e
风控实习生,平安国际融资租赁有限公司,150-200元/天,上海·浦东·陆家嘴,广州,本科,经验不限,6月25日,zhilian,职位描述 可转正 实习证明 咨询服务 实习期：3-6个月 工作职责 1. 重点参与零售、小微等业务的风险量化策略设计：包括但不限于准入、授信、定价、预警、催收等策略； 2. 基于模型分数或评级、规则等，对不同客群不同产品制定相应量化策略，关注通过率、坏账率、收益率等平衡管控； 3. 参与策略管理体系搭建，推进策略评审报批、检视排查等事项； 4. 对量化策略进行上线后定期监控，分析逾期率、收益率等核心指标；视策略效果及时调优或迭代策略；定期输出分析报告，为业务决策提供依据； 5. 对接业务、模型、资产数据分析等团队，推进策略执行及优化。 任职资格 1. 逻辑清晰，抗压能力强，擅长数据驱动决策； 2. 具备一定创新思维和能力，对新思想、新方案有探究精神； 3. 学历要求：金融学、经济学、统计学、数学等相关专业，本科及以上学历（27届毕业优先）； 4. 能熟练使用Python/SQL等统计分析工具，能独立完成数据分析、数据可视化展示等；掌握EXCEL和PPT等重点工具应用。 工作地点 上海浦东新区平安金融大厦 以担保或任何理由索要财物，扣押证照，均涉嫌违法。一经发现， 立即举报,"可转正,实习证明,咨询服务",http://www.zhaopin.com/jobdetail/CC362140510J40915354412.htm?refcode=4019&srccode=401901&preactionid=4cd29746-619c-43df-8959-17bf00f4b51e
风控专员,沈阳恒信安泰股权投资基金管理有限公司,5000-10000元,沈阳·沈河·北站,广州,本科,1-3年,9月12日,zhilian,岗位职责所必须的学历、学位、专业技术职称或职业资格，且符合法律法规及行业管理等对相关岗位规定的条件。 二、岗位资格条件 （一）任职资格条件 1.学历：本科及以上学历。 2.专业：法律、财经管理类相关专业，具有法律类、理工科相关复合背景者优先。 3. 4.岗位要求： ①具备1年以上的资本市场或私募股权方向的项目尽调、行业研究、合规管理、风控等相关工作经验；拥有律师工作经验者优先； ②具有良好的职业素养、职业道德与团队协作精神，心态积极，善于组织各方协作，执行力强，具有较强的事业心与责任感； ③具有一定的外部沟通与表达能力和文字综合能力； ④具备一定的风控合规、法律、财务及投资等专业知识，能够理解业务条线的法律合规与风险控制要求，能较好理解业务实质，把握关键环节，有较好的识别能力和分析判断力； ⑤身心健康、适应能力和抗压能力较强。 5.拥有律师资格证书、CPA等专业资格者优先。 （二）主要岗位职责 岗位业务职责： 1.参与公司内部业务流程与风险防控体系的优化，完善核心业务制度及各类业务模版与合同范本。 2.审核公司日常经营、投资项目投前投后及退出相关方案、协议及重大会议议案，出具合规审查意见，协调法律顾问提供法律支持。 3.配合业务部门参与投前尽职调查及投后法律事务，协调中介机构完善第三方尽职调查报告。 4.推进公司投后管理工作，组织编制公司整体定期投后管理报告、基金绩效评价及投资后评价，并协助应对外部监管审计巡查及沟通。 5.配合集团开展法律风控合规相关工作，包括年度合规内控评价、诉讼统计、风控专题研究、培训及普法宣传。 6.开展行业法规政策、法律课题及业务专题研究，撰写专项报告，评估政策与项目风险。 7.负责公司诉讼及重大风险项目的组织协调，协同主办部门识别与化解风险，保障公司合法权益。 8.参与外部律师事务所及专家的选聘、考核、评价与日常协调联络工作。 9.完善公司项目及基金档案管理标准，审核项目归档材料，规范管理合规风控相关文件、合同及档案。 10.完成公司交办的其他工作任务。 部门协同、业务综合和拓展职责： 1.负责内外部协调，对接监管部门、集团各部门及其子公司、合作机构、业务渠道与已投企业，协同公司内部跨部门协作。 2.承担业务相关报告、报表的统计分析与报送；推进业务信息宣传与综合事务处理。 3.拓展与维护外部渠道，参与创新业务开发及招商引资资源的挖掘与整合。 职位福利：五险一金、带薪年假、周末双休 工作地点 沈河区沈阳财富中心-A座 以担保或任何理由索要财物，扣押证照，均涉嫌违法。一经发现， 立即举报,风控合规,http://www.zhaopin.com/jobdetail/CC645401720J40688682109.htm?refcode=4019&srccode=401901&preactionid=4cd29746-619c-43df-8959-17bf00f4b51e
风控总监,临港产业发展(海南)有限公司,1.2-1.8万,海口·美兰·演丰,广州,本科,3-5年,7月25日,zhilian,职位描述 风控合规 交易风控 法务风控 风控体系制定 橡胶/塑料制品 一、岗位概况 - 岗位名称：风控总监（大宗贸易方向） - 所属部门：风控法务部 - 汇报对象：总经理 - 工作地点：海南海口 二、核心职责 1. 搭建大宗贸易风控体系与制度流程，对接国资审计、专项核查，落实风险整改闭环。 2. 负责上下游客户尽调、准入授信与分级管理，独立出具风控审批意见。 3. 全流程管控贸易风险，覆盖立项、采购、物流、仓储、回款全节点，监控价格敞口与库存风险。 4. 统筹应收账款管理与逾期账款处置，牵头制定催收、法律追偿等风险化解方案，保障资金安全。 5. 审核贸易合同核心风控条款，规范业务档案管理，定期输出风控分析报告。 三、任职要求 1. 统招本科及以上，法学、财务、金融、国际贸易等相关专业。 2. 3年以上国企/混改企业大宗贸易风控管理经验，熟悉农产品、橡胶等品类贸易模式及国资监管要求。 3. 精通贸易全流程风控、客户尽调、敞口管控、逾期处置，具备独立处理重大风险项目的能力。 4. 原则性强、逻辑严谨，具备良好的文字功底与跨部门协同能力。 5. 持有法律职业资格、CPA证书或有大宗贸易行业经验者优先。 工作地点 海南省海口市美兰区江东大道200号3楼303室 以担保或任何理由索要财物，扣押证照，均涉嫌违法。一经发现， 立即举报,"风控合规,交易风控,法务风控,风控体系制定",http://www.zhaopin.com/jobdetail/CCL1512163080J40904216203.htm?refcode=4019&srccode=401901&preactionid=4cd29746-619c-43df-8959-17bf00f4b51e
风控（财务）,物产中大集团投资有限公司,2-2.5万,杭州·拱墅·天水,广州,硕士,5-10年,7月21日,zhilian,岗位职责： 1.负责投资项目的财务、业务尽职调查工作，识别存在的风险，出具财务、业务等方面风控审核意见； 2.复核投资部门提交的项目财务数据、盈利预测、估值模型等，并提出意见和建议； 3.协调第三方尽调机构（会计师事务所等），提出尽调要求，监督三方机构尽职尽责完成尽调，出具高质量三方报告； 4.参与并购等复杂项目的前期讨论，方案制定等工作； 5.持续完善财务尽调标准化流程与工具，提升团队专业效率。； 6.领导交办的其他事务。 岗位要求： 1、硕士研究生及以上学历，财务、审计等相关专业，具有中国注册会计师证书； 2、五年以上工作经验，其中大型会计师事务所工作不低于三年，股权投资机构担任投资经理或风控经理不低于两年； 3、性格外向，善于沟通协调，适应出差。 工作地点 杭州拱墅区建银中心 以担保或任何理由索要财物，扣押证照，均涉嫌违法。一经发现， 立即举报,CPA全科通过,http://www.zhaopin.com/jobdetail/CCL1354098030J40939090902.htm?refcode=4019&srccode=401901&preactionid=4cd29746-619c-43df-8959-17bf00f4b51e
风控策略分析师,成都图巧科技有限公司,2.5-4.5万·13薪,成都·武侯·桂溪,广州,本科,3-5年,6月9日,zhilian,岗位职责 1、负责招聘业务的风险防控，基于数据分析与风控策略经验，挖掘潜在风险特征，设计并持续优化反欺诈策略，有效识别与对抗黑灰产团伙，防范各类作弊、欺诈行为。 2、结合外部环境与公司业务现状，独立开展数据分析工作，围绕用户行为、交易记录、风险事件等维度展开深度挖掘，为平台生态治理提供数据支持，并参与风控系统工具的优化与迭代。 3、对业务数据进行深度诊断与组合分析，挖掘潜在业务风险与机会，输出可落地的改善建议，推动业务流程与体验优化，助力业务健康持续发展。 4、协同产品、技术、运营等团队，推动风控策略在业务全流程中的落地，确保风控需求与系统功能有效匹配，提升整体风控效能。 任职要求 1、本科及以上学历，三年以上互联网、信息撮合类行业的数据分析、风控策略经验。 2、精通SQL，熟练使用Python、R等数据分析工具进行数据处理、建模和可视化。 3、有强烈的责任感与自驱力，思维敏捷，有丰富的数据分析的经验，可快速响应业务、政策、策略落地需求。 工作地点 成都武侯区天府软件园G区-南区5 以担保或任何理由索要财物，扣押证照，均涉嫌违法。一经发现， 立即举报,数据分析,http://www.zhaopin.com/jobdetail/CCL1430033070J40810886401.htm?refcode=4019&srccode=401901&preactionid=4cd29746-619c-43df-8959-17bf00f4b51e
顺德数科集团风控合规岗,佛山市顺德区顺融投资有限公司,8000-14000元,佛山·顺德·大良,广州,本科,5-10年,7月14日,zhilian,岗位职责： 1、参与合同、项目的论证、谈判等工作，负责起草、审核、修订、完善公司各类重要法律文书及经济合同。 2、制定合同管理体系，负责管理及跟踪合同审批流程。 3、建立合同管理电子及纸质台帐，对企业合同履行情况进行动态风险排查，对于存在重大风险的合同建立重大风险合同监控合帐，给予重点监控，按照公司授权管理的规定对授权书进行审核。 4、协助处理公司各类重大诉讼或非诉讼法律事务，参与解决公司重大经济纠纷。 5、为各业务部门日常工作提供法律支撑（含公司涉诉案件），依时及时提供合法合规性建议及意见。依法依规对合同条款进行合法合规性审查，把控合同协议签订、履行过程中的存在风险。 工作地点 佛山顺德区顺德置业广场 以担保或任何理由索要财物，扣押证照，均涉嫌违法。一经发现， 立即举报,"风控合规,内部风控",http://www.zhaopin.com/jobdetail/CC556147230J40909252403.htm?refcode=4019&srccode=401901&preactionid=4cd29746-619c-43df-8959-17bf00f4b51e
审计风控岗,青岛前哨精密机械有限责任公司,7000-10000元·13薪,青岛·城阳·棘洪滩,广州,本科,3-5年,7月21日,zhilian,"职位描述 风控合规 内部风控 审计 1.负责修订完善公司审计、内部控制、风险管理相关制度与流程规范，定期开展风险排查与内控宣导； 2.负责对接上级单位审计风控部门,组织协调公司各部门配合审计风控工作； 3.负责按照计划开展经济责任、合规管理等各类专项审计工作，跟踪、督促被审计单位（部门）整改情况,开展后续审计与效果评价； 4.负责识别公司内部经营风险、管理漏洞与违规问题,参与公司重大项目调研，撰写审计、风险评估相关报告,提出整改建议； 5.负责开展公司季度常态化风险监测工作，对公司内部控制、风险管理进行监督、评价，并撰写相关报告； 6.参与推动内部审计与风控管理信息化建设,运用相关软件与数据分析工具提升工作效率与覆盖面; 7.完成领导交办的其他工作。 岗位要求： 1.统招本科及以上学历,审计、会计、财务相关专业,持有中国注册会计师(CPA)、中级审计师等证书者优先。 2.具备3年及以上审计、内部控制、风险管理相关工作经验，熟悉审计、会计、公司法等相关法律和国资监管等相关政策法规。具有八大会计师事务所、央国企单位相关岗位工作经验者优先。 3.具有良好的组织协调能力、文字能力，具有较强的责任心和团队协作精神。 4.政治素质高，道德品质好，遵纪守法，无不良从业记录，中共党员优先。 5.身心健康,能承受一定的工作压力与强度，能接受国内出差。 奖金绩效 五险一金交通补助，取暖高温补助，工会福利。 工作地点 城阳区山东省青岛市高新区锦暄路61号 以担保或任何理由索要财物，扣押证照，均涉嫌违法。一经发现， 立即举报","风控合规,内部风控,审计",http://www.zhaopin.com/jobdetail/CC316760330J40952188508.htm?refcode=4019&srccode=401901&preactionid=4cd29746-619c-43df-8959-17bf00f4b51e
风控经理,易牛(天津)供应链服务有限公司,8000-15000元,天津·和平·南市,广州,本科,5-10年,6月23日,zhilian,岗位职责： 1、风险战略与体系建设： 协助制定公司风控政策，明确可接受风险水平，推动风险管控体系覆盖全业务流程。 建立健全风险管理制度、流程及标准，优化风控系统功能，提升风险响应效率。 将风险评估嵌入业务关键环节，确保风险管控与业务发展协同； 2、风险识别与评估： 主导风险识别机制建设，通过流程梳理、数据分析及行业调研，动态更新风险清单，覆盖信用、市场等核心领域。 运用专业方法，评估风险概率及影响程度，定期输出风险评估报告，为决策提供依据。 针对新业务或重大项目，牵头专项风险评估，识别潜在漏洞并提出优化建议； 3、风险监测与预警： 设计风险监测指标体系（如逾期率、交易异常率），实时跟踪核心风险指标，确保指标处于可控阈值。 建立风险预警机制，设定分级预警标准，及时发布风险信号并协调相关部门介入。 定期排查高风险业务及客户，形成排查报告并推动整改闭环； 4、风险应对与处置： 制定风险处置预案（如催收流程、对冲策略），明确责任分工与时限要求，降低风险损失。 组织跨部门（业务、法务、财务）应急处置已发生风险事件（如逾期违约、合规违规），主导复盘分析及流程优化。 跟踪处置进度，评估效果并形成总结报告，推动内控体系完善； 5、合规审查： 跟踪法律法规及监管政策变化（如《民法典》《金融监管条例》），及时更新公司合规制度。 开展合规审查（如合同、订单的审核），确保经营活动符合内外部规范。 监测员工行为及业务流程，防范违规操作与利益输送风险； 6、准入程序： 通过公开渠道及行业信息，查询借款企业、冷库等是否存在重大涉诉、是否被列入被执行人、股权结构是否异常等关键信息。根据结果审核，并给出专业性意见，是否通过准入； 7、放、还款审核：审核放、还款合规、合理、合法性；对现货质押等，要对质押物的审核提出要求、防控风险；审核还款流程，负责监控抵质押率变化。 8、抵押率监控：保障抵质押率始终处于安全范围。如抵质押率超过标准值，及时汇报并启动风险应对与处置流程。 9、舆情监控：对客户、冷库等进行全方位的舆情监控，如遇异常，第一时间发出预警。 10、其他方面：负责完成公司领导安排的其他各项工作。 。 任职要求： 1、本科及以上学历，财务、内控、审计、金融、囯际贸易等相关专业，8年以上工作经验，3年以上团队管理经验； 2、英语能力佳，有过外贸类外籍接触尤佳； 3、银行系、金融系经验优先，接触过冻品肉类及相关品类尤佳； 4、诚实正直，坚持原则，有敏感的风险意识，抗压能力强； 5、具备良好的口头和书面表达能力、逻辑思维能力以及快速学习能力，善于沟通和协调，有责任心和良好的团队合作精神；熟练操作办公软件，如Word、Excel、PPT。 职位福利：五险一金、周末双休、节日福利 工作地点 天津和平区合生国际大厦-B座1402-1403 以担保或任何理由索要财物，扣押证照，均涉嫌违法。一经发现， 立即举报,外贸,http://www.zhaopin.com/jobdetail/CCL1221714470J40140569802.htm?refcode=4019&srccode=401901&preactionid=4cd29746-619c-43df-8959-17bf00f4b51e
国企-合规风控岗,天津市景程企业管理咨讯顾问有限公司,2-2.7万,海口·秀英·西秀,广州,本科,5-10年,7月21日,zhilian,职位描述 国际贸易 航空航天 诉讼经验 基金 工作职责： 1、 根据集团发展和建立健全集团全面风险管理体系需要，拟订和贯彻风险管理制度、风控评审体系、风险指标与风险预警体系、风险评价机制等； 2、 拟订有关业务领域的风险评价标准、相关制度和工作流程； 3、 协调内外部风控检查和考核评价工作，负责草拟有关风控报告、总结计划等，信息披露文件等； 4、 审查业务的合规风险、市场风险和操作风险，对项目风险评审及运行过程中的相关风控要点出具分析评价意见； 5、 审查具体业务管理制度、操作流程的合规性和有效性，组织监督实施； 6、 研究有关法律、法规和政策，组织对重点行业、客户和产品进行跟踪检测和系统风险的研究； 7、 参与各项业务的尽职调查，撰写尽职调查报告，跟踪合作方的资信情况、合同履约情况、市场动态、行业趋势等进行动态跟踪，及时披露相关风险； 8、 参与风险事件或异常事件的处置、化解。 任职资格： 1、本科及以上学历，法律类相关专业，持有基金从业资格证书优先； 2、具备三年以上从事私募股权、证券、基金或上市公司的风险防控岗位工作经验，熟悉国有企业风险管理与合规管理流程，熟悉股权投资、国际贸易或航空产业中至少一个领域的风控要点及其应对，掌握该领域相关法律法规与监管政策； 3、具备三年以上的诉讼实务经验，熟悉诉讼（包括仲裁）法律程序和工作流程，能够独立办理诉讼案件、出庭应诉； 工作地点 海口秀英区S+Mall星茂购物中心详情请咨询景程猎头 以担保或任何理由索要财物，扣押证照，均涉嫌违法。一经发现， 立即举报,"国际贸易,航空航天,诉讼经验,基金",http://www.zhaopin.com/jobdetail/CC135256990J40905498708.htm?refcode=4019&srccode=401901&preactionid=39d95a79-39d9-4728-84dc-fa74dee6571c
风控结算员,吉林省净发人才发展集团有限公司,5000-6000元,长春·二道·荣光,广州,本科,3-5年,7月23日,zhilian,岗位职责： 1.负责业务相关档案的收集、整理和保管，业务相关会议的上会议题、记录； 2.负责每日收盘后对交易情况进行复核，并对头寸盈亏和资金风险进行复核； 3.制作套保期现对应台账，配合财务部门、现货部门完成对账工作； 4.负责监督套期保值业务的风险合规性，及时提示风险和控制风险。 职位要求： 学历：本科及以上学历，研究生学历优先。 资格：具备期货从业资格证，有期货投资分析资格证的优先考虑。 经验：具备3年以上金融行业工作经历，具备粮食行业期、现货从业经验优先。熟练运用文华财经等交易软件、风险管理软件，具备开展套期保值业务的经验者优先。 1.具备较好的沟通协调能力； 2.具有大局意识和团队协作意识； 3.具有较强的计划与执行能力，风险控制意识； 4.具备良好的职业道德和个人品德。 工作地点 长春二道区吉林省国企总部基地 以担保或任何理由索要财物，扣押证照，均涉嫌违法。一经发现， 立即举报,"银行信息风控,投资风控,融资租赁风控,期货风控,金融技术风控",http://www.zhaopin.com/jobdetail/CCL1353995780J40863008011.htm?refcode=4019&srccode=401901&preactionid=39d95a79-39d9-4728-84dc-fa74dee6571c
交易风控岗,招商证券股份有限公司,8000-15000元,深圳·福田·福田街道,广州,本科,1-3年,7月25日,zhilian,岗位职责： 1、负责经纪业务客户交易风险控制，及时对客户账户进行风险处置，确保风险可测、可控、可承受；负责国际业务的对接，相关合同审核及期权业务风险管理。 2、负责完善公司风险报告体系，对业务部门各业务环节存在的风险点提出风险控制措施并督导落实；完成季度、月度风险评估报告；完成其它风险报表。 3、支持新业务、新产品的风险评优估，提供专业意见或出具专项评估报告。 4、公司保证金相关管理工作，对客户保证金水平进行风险评估，适时提出调整建议。 5、领导交办的其他工作。 任职资格: 1、国内外院校金融、金融工程、IT、风险管理、数量经济学或财务相关专业本科以上学历，有期货从业资格、FRM、CFA优先； 2、具有扎实的金融相关知识背景，熟悉期货交易所交易、结算、交割、风控制度及相关规则； 3、擅长写作；熟悉使用各类办公软件；英语较好，有责任心，认真细致，协调沟通能力强。 工作地点 深圳福田区招商证券大厦 以担保或任何理由索要财物，扣押证照，均涉嫌违法。一经发现， 立即举报,证券业风控,http://www.zhaopin.com/jobdetail/CC138931020J40881919703.htm?refcode=4019&srccode=401901&preactionid=39d95a79-39d9-4728-84dc-fa74dee6571c
科技管培生（风控产品方向）,平安国际融资租赁有限公司,8000-12000元·20薪,上海·浦东·陆家嘴,广州,本科,经验不限,7月15日,zhilian,职位描述 融资租赁风控 工作职责 1.负责小微/对公业务风控预警、信审尽调相关产品的需求分析、方案设计与持续迭代优化； 2.深入业务一线，协助业务团队梳理完整业务流程与交互链路，抽象为标准化产品能力； 3.负责风控相关指标体系的设计与优化，支持风险识别、预警与决策能力建设； 4.负责风控反欺诈图谱相关的产品，针对欺诈场景提炼分析欺诈特征； 5.能够理解接口文档与数据结构，配合研发完成数据对接与产品落地； 6.参与风控策略相关产品设计，推动策略规则在系统中的实现与效果评估； 7.基于数据分析结果，持续优化风控模型及产品规则，提高风险识别准确率与覆盖率； 8.协同业务、技术、数据团队，推动跨团队项目高效落地。 任职资格 1.本科以上学历； 2.具备良好的学习能力、沟通协调能力、团队合作意识，工作积极主动，执行力强，善于接受新事物； 3.以目标为导向，逻辑思维清晰，具备较强抽象建模能力； 4.具有良好的用户/产品思维、产品设计和项目落地能力，调研分析能力强，能产出高质量的PRD、DEMO； 5.具备AI大模型应用解决实际问题的能力，有AI coding/Vibe coding实践经验优先考虑； 6.对金融财务、商业领域知识有一定了解，FRM等风控证书优先考虑； 7.熟悉科技领域知识，具备系统建设相关实践经验； 8.有数据结构、数据分析、风控建模等相关实践经验者优先。 学历：985、211、双一流、QS200，财经类相关专业优先，硕士优先 技能：有数据结构、数据分析、风控建模等相关实践经验者优先 工作地点 上海浦东新区平安金融大厦 以担保或任何理由索要财物，扣押证照，均涉嫌违法。一经发现， 立即举报,融资租赁风控,http://www.zhaopin.com/jobdetail/CC362140510J40920405512.htm?refcode=4019&srccode=401901&preactionid=39d95a79-39d9-4728-84dc-fa74dee6571c
风控审批专员,重庆霖华科技有限公司,7000-10000元,重庆·江北,广州,本科,1-3年,7月8日,zhilian,岗位职责： 1.负责对业务部门提交的客户申请（车辆融资租赁）进行电话核查，包括但不限于资料真实性审查，收入来源核查，银行流水核验等，进行资料真实性判断，防范金融欺诈； 2.依据公司风控政策以及行业监管要求，结合大数据工具、客户历史信用情况及人工电核内容，进行交叉验证，出具审批意见，为后续授信提供决策依据； 3.完成公司要求的审批效率及审批质量； 4.进行基础的数据统计和信息处理，协助制定风险控管标准与政策； 5.完成上级领导交办的其他临时工作任务。 任职资格： 1、本科及以上学历，具备数据处理能力和书面表达能力及金融、财会、审计等相关专业优先；（优秀者可放宽至大专学历） 2、具备较强的财务分析、风险识别及问题解决能力； 3、具备良好的逻辑思维、沟通协调能力及抗压能力； 4、具备较强的工作责任心及良好的工作态度和团队合作精神； 5、具有1年以上融资租赁机构或保理机构风险审查经验（有银行或其他持牌机构风控相关工作经历亦可）。 工作地点 重庆江北区金融城3号T2楼3501 以担保或任何理由索要财物，扣押证照，均涉嫌违法。一经发现， 立即举报,汽车金融风控,http://www.zhaopin.com/jobdetail/CCL1482594840J40965902702.htm?refcode=4019&srccode=401901&preactionid=39d95a79-39d9-4728-84dc-fa74dee6571c
风控管理,临工农业装备有限公司,8000-12000元,临沂·兰山·兰山街道,广州,大专,3-5年,7月16日,zhilian,职位描述 风控体系制定 风控合规 业务流程风控 一、职能职责 1. 营销渠道风险管控：经销商准入与退出管理、渠道合规监督； 2. 交易与回款风险管控：客户信用评估、应收账款管理，降低坏账风险。 3. 营销合规与政策风险管控：行业政策跟踪、内部合规培训与监督，防范违规操作风险。 4. 市场与经营风险管控：市场风险监测、业务数据风险预警，通过数据监控及时发现异常波动，启动风险排查与处置流程。 5. 风险体系建设与优化：制度与流程搭建、风险模型与工具开发（如经销商信用评级模型、客户违约概率模型），提升风险识别的精准度与效率。 6、风险复盘与改进：定期组织营销风险复盘，总结已发生风险事件的教训，更新风险管控策略，形成“识别-评估-处置-改进”的闭环管理机制。 二、岗位核心能力要求 1、专业知识：熟悉农机行业特性、营销业务流程、风险管理理论，掌握基础财务分析、法律合规基础知识。 2、核心技能：具备数据分析能力（如Excel），能独立开展风险评估与预警；熟悉合同管理、信用管理体系搭建；具备较强的沟通协调与跨部门协作能力。 3、职业素养：具备严谨的风险意识、合规意识，责任心强，能承受高压工作环境，有敏锐的市场洞察力与问题解决能力。 工作地点 临沂兰山区临工农业装备有限公司 以担保或任何理由索要财物，扣押证照，均涉嫌违法。一经发现， 立即举报,"风控体系制定,风控合规,业务流程风控",http://www.zhaopin.com/jobdetail/CCL1471791460J40948540415.htm?refcode=4019&srccode=401901&preactionid=39d95a79-39d9-4728-84dc-fa74dee6571c
风控经理/主管,海大集团,1.2-2.2万·13薪,广州·番禺·化龙,广州,本科,5-10年,1月26日,zhilian,岗位职责： 1. 业务风险识别与评估：深入大区/事业部业务场景，系统识别销售、采购、生产仓储等环节的风险点，开展风险评估并输出风险等级报告。 2. 动态监测与预警：建立业务风险指标体系（如经销商异常交易率、库存周转偏离值），通过数据监测及时发现业务异常并触发预警。 3. 风险报告与沟通：定期编制业务风险报告，向区域管理层和集团风控部双向反馈风险态势及改善建议。 4. 整改方案落地：针对高风险事项制定可执行的整改计划，跟踪验证业务部门的改进措施实施效果。 5. 业务赋能支持：参与新业务模式的风控方案设计，并结合业务实际需求，优化风控流程和工具，搭建区域风险案例库，为区域团队提供风控培训和案例指导。 6.领导安排的其他工作。 二、任职资格： 1.本科及以上学历，财务、审计、风险管理、金融、经济等等相关专业，具备CIA（国际注册内部审计师）、CPA（如有财务背景）优先； 2. 5年以上业务风控、内审、运营或区域管理经验，具备制造业、农牧行业的风控工作经验优先； 3.熟练使用风险控制矩阵（RCM）、合规风险评估工具及方法论； 4.可接受短期出差。 奖金绩效 五险一金、年终奖金、带薪年假、住房补贴、免费食堂、年度体检 工作地点 广州番禺区海大科学园 以担保或任何理由索要财物，扣押证照，均涉嫌违法。一经发现， 立即举报,风控合规,http://www.zhaopin.com/jobdetail/CC144300060J40872629912.htm?refcode=4019&srccode=401901&preactionid=39d95a79-39d9-4728-84dc-fa74dee6571c
投资风控专业经理,厦门地铁产业投资有限公司,1.2-2万,厦门·思明·梧村,广州,本科,经验不限,6月26日,zhilian,岗位职责： （1）投前尽调：独立与业务团队共同对拟投资企业/GP开展投前尽调、分析梳理、风控合规意见撰写等； （2）交易文本：负责投资项目/基金投资、自主管理基金设立募集的交易文本起草、修订、谈判； （3）投后管理：跟踪关注被投企业/基金的投后进展变化，对明显产生风险的项目开展实质性的风险处置与诉前争议解决。 任职要求： （1）本科以上学历，法学等相关专业，持有中国法律职业资格，具备一定财务功底者优先； （2）具备2年以上律师事务所、私募股权基金管理人、证券公司等相关金融机构工作经历； （3）熟悉私募股权、私募股权基金行业相关工作。 工作地点 思明区厦门地铁大厦 以担保或任何理由索要财物，扣押证照，均涉嫌违法。一经发现， 立即举报,"基金业风控,投资风控,基金从业资格证,A类法律职业资格证,B类法律职业资格证,C类法律职业资格证",http://www.zhaopin.com/jobdetail/CCL1478430290J40872039814.htm?refcode=4019&srccode=401901&preactionid=39d95a79-39d9-4728-84dc-fa74dee6571c
运营风险监控岗,宁波通商银行股份有限公司,1-1.9万·16薪,宁波·鄞州·福明,广州,本科,3-5年,4月22日,zhilian,岗位职责： 根据相关岗位管理职责，参与建立和完善各类运营风险管理体系、落实日常运营业务风险监测、牵头运营风险监测模型建设等管理工作。 岗位要求： 1.数学、金融、会计、市场营销、管理等相关专业本科及以上学历； 2.3年以上商业银行相关岗位工作经历； 3、有如下经验之一者优先： （1）具有金融机构或支付公司业务产品开发建设工作经验； （2）具有支付结算管理或银行结算账户管理经验； （3）具有需求分析及系统测试经验。 4.具备较强创新能力、进取精神、文字写作能力及良好的协助沟通能力； 5.具备良好的职业道德、品德操守及风险识别能力，诚实守信，无违法违规行为和不良记录。 工作地点 宁波鄞州区民安东路 以担保或任何理由索要财物，扣押证照，均涉嫌违法。一经发现， 立即举报,银行业风控,http://www.zhaopin.com/jobdetail/CC470210310J40513167702.htm?refcode=4019&srccode=401901&preactionid=8f94dc34-a6b8-4f8b-a815-f406604c513d
规控算法工程师,苏州泛像汽车技术有限公司,8000-16000元,苏州·昆山·花桥,广州,大专,1-3年,7月14日,zhilian,岗位职责： 1.负责智能无人化系统规划决策系统算法设计及开发，控制系统硬件选型； 2.研究方向包括但不限于：动态障碍物轨迹预测、行为决策、路径规划、速度规划、运动控制、自适应匹配控制、线控标定等； 3.负责相关算法在项目中的工程化部署和算法持续迭代升级工作，根据硬件资源，调试、部署和优化规控算法模型和软件。 任职要求： 1.专科以上学历，计算机科学、人工智能、控制工程、控制科学与工程、自动化等相关专业； 2.2年以上规划决策算法、强化学习算法、横纵向控制算法等工作经验； 3.具备良好的编程能力，熟悉至少一种编程语言，如ROS、Simulink、Python、Java 或 C++； 4.能够针对不同的业务应用场景和要求设计和实现相应的算法，在自动驾驶或机器人相关领域有工程化落地经验者优先； 工作地点 苏州昆山市昆山花桥国际创新港 以担保或任何理由索要财物，扣押证照，均涉嫌违法。一经发现， 立即举报,"机器学习,深度学习,多模态算法",http://www.zhaopin.com/jobdetail/CC889552450J40823800316.htm?refcode=4019&srccode=401901&preactionid=8f94dc34-a6b8-4f8b-a815-f406604c513d
行业风险治理实习生,网联清算有限公司,面议,北京·西城·月坛,广州,本科,经验不限,7月23日,zhilian,岗位职责： 1.信息处理支持：协助收集、整理成员机构的公开信息及风险核查反馈数据；开展机构风险特征的初步分析与归纳，为风险报告撰写提供数据支持。 2.报告撰写支持：协助开展行业趋势研究与数据分析，参与风险监测报告的资料搜集、报告撰写等工作。 3.流程与项目支持：协助进行机构对接沟通，跟进项目执行进度；参与内部文档及流程的优化工作，完成部门交办的其他辅助性事务。 任职资格： 1.本科及以上学历在读，统计、计算机、大数据、数学、人工智能、金融、经济、会计、管理等相关专业优先。 2.具备良好的逻辑思维与数据分析能力，对数据敏感；熟练使用 Excel（如数据透视表、函数等），掌握 SQL 基础者优先。 3.具备良好的沟通协调能力与团队合作精神，做事严谨细致，责任心强。 4.有相关实习经历或项目经验者优先。 工作地点 北京市西城区月坛街道月坛南街3-1号11层 以担保或任何理由索要财物，扣押证照，均涉嫌违法。一经发现， 立即举报,金融,http://www.zhaopin.com/jobdetail/CC472499030J40910668403.htm?refcode=4019&srccode=401901&preactionid=8f94dc34-a6b8-4f8b-a815-f406604c513d
交易风控岗,混沌天成期货股份有限公司,8000-12000元,深圳·福田街道,广州,本科,经验不限,6月4日,zhilian,职位描述 风险管理 内部控制 证券/期货 岗位要求： 1.风险监控及处理。对公司所有客户的资金和交易情况进行动态监控和风险管理； 2.严格审核客户出金申请及资金风险，实时提示客户风险状况、发出追加保证金和强平通知，对出现交易风险和持仓风险的客户做出有效处理及控制风险措施； 3.及时、准确地执行客户的交易指令。对客户下达的交易指令，审核其合法性、合规性与完整性，确认无误后严格执行； 4.交易期间各种情况的应急处理。在突发风险状况时，及时向领导汇报，并积极协助领导妥善处理风险事故； 5.完成领导交办的其他工作。 任职要求: 1.大学本科以上学历，金融、经济、数理统计或计算机相关专业； 2.沟通能力良好，责任心强； 3.有期货从业资格证； 4.能接受上夜班（公司发放夜班补贴）。 职位福利：五险一金、绩效奖金、餐补、带薪年假、定期体检、员工旅游、节日福利 工作地点 深圳市福田区卓越世纪中心3号楼A区2701 以担保或任何理由索要财物，扣押证照，均涉嫌违法。一经发现， 立即举报,"风险管理,内部控制",http://www.zhaopin.com/jobdetail/CC493970329J90250379000.htm?refcode=4019&srccode=401901&preactionid=8f94dc34-a6b8-4f8b-a815-f406604c513d
融资风控经理,太原重型机械集团有限公司,8000-10000元,太原·清徐·王答,广州,本科,3-5年,7月20日,zhilian,岗位职责： 1、负责公司业务部门合同合规性审核，建立和修订相应模块合同范本，健全法律保障体系； 2、审查公司各项合规政策和制度，分析与法律法规的符合情况，提出修订和风险防范意见； 3、负责公司重要合同事项的评估和审核，保证公司各类合同符合法律法规的要求； 4、参与商务谈判，结合公司业务起草、审核合同，编制和修订公司标准化合同范本，做好合同管理工作； 5、对公司运营管理范围内的合规风险进行识别、评估，给出预防和应对的建议，支持业务稳健发展； 6、监督和协调公司所在国家、地区的法律监管，对公司业务的法律风险进行分析和控制，避免公司法律纠纷的发生； 7、负责公司各项法律风险防范制度的建立与完善，确保公司的经营、管理依法进行，保护公司利益并规避风险。 工作地点 太原清徐县山西太重工程起重机有限公司 以担保或任何理由索要财物，扣押证照，均涉嫌违法。一经发现， 立即举报,"基金业风控,反欺诈",http://www.zhaopin.com/jobdetail/CC144441750J40875354309.htm?refcode=4019&srccode=401901&preactionid=8f94dc34-a6b8-4f8b-a815-f406604c513d
风控合规经理,陕西数启未来科技有限公司,1-2万,咸阳·秦都区·钓台街道,广州,本科,5-10年,7月21日,zhilian,岗位职责 1.全链路业务风控体系搭建：结合大宗贸易、能源供应链及数字化物流平台 的业务特性，主导搭建并持续优化“事前预防、事中管控、事后复盘”的 全周期业务流程风控体系，确保各项运营规则与公司战略及业务发展目标 高度一致。 2.税务与财务合规审查：紧跟“金税”工程常态化监管趋势，建立标准化财 税合规审查规则。精准甄别并防范虚假贸易、财务失真、税务异常及资金 空转等高频业务风险，严把业务准入与结算合规关口。 3.业务流程与交易合规把控：负责大宗贸易及能源交易的全流程合规把控。 建立穿透式客商资信审查规则，对合作主体进行背景核查与履约能力评 估；精细化设计合同支付与交割条款，确保“款货对等、权责清晰”；协 同法务审查业务操作、交易安全及隐私保障，规避业务逻辑漏洞与信用风 险。 4.法律风险合规体系搭建：全面负责公司业务风险合规管理体系的构建与完 善。跟踪大宗商品、能源及货运相关法律法规变化，及时制定合规指引及 规则，保障公司经营管理合法合规。 5.运输与交通合规监管：深度对接《网络货运承运平台经营管理办法》等法 规，确保线上平台与线下实际承运人资质一致，严防虚构运输交易、超载 超限等违规行为。依托智慧物流系统，对车辆轨迹、单证信息进行实时监 测，确保业务数据及时、完整、准确上传至省级网络货运信息监测系统， 保障交通运输合规。 6.数字化风控与预警处置：依托财务共享平台与智慧物流贸易系统数字化底 座，搭建业务合规预警指标体系。通过数据建模实现动态监测，牵头业务 风险事件的应急处理，协调业务、财务、法务等部门推动风险化解，并形 成“识别-评估-应对-复盘”的管理闭环。 7.合规文化与跨部门协同：协同业务、运营、财务等部门，推动风控与法律 合规规则嵌入业务流程，组织开展合规培训，提升全员风控意识。 二、任职要求 1.学历与专业背景：统招本科及以上学历，法学、财务、审计、国际贸易或 物流管理等相关专业；持有法律职业资格（A证/C证）、CPA或中高级会计 师/审计师职称者优先。 2.行业经验：5年以上风控、合规或内审工作经验，其中至少3年以上在大宗 贸易、能源化工或大型网络货运/物流数字化平台担任核心风控管理岗位的 经历。 3.专业知识储备： ◦熟悉大宗原材料交易规则、税务监管政策； ◦精通国内财税法规，具备丰富的业务涉税风险防范与合规审查经验； ◦熟悉《民法典》《公司法》及网络货运、交通运输相关合规要求； ◦具备扎实的法律专业素养，能独立处理合同起草、审核及法律纠纷等 事务。 4.核心能力： ◦具备极强的数据敏感度与业务逻辑判断能力，熟练使用数据分析工具 进行业务合规评估； ◦出色的合同审核与法律素养，能独立梳理并优化复杂交易结构中的业 务流程； ◦优秀的跨部门沟通协调与抗压能力，能有效推动合规规则在业务端的 落地。 5.职业素养：工作严谨细致，原则性强，具备高度的责任心与商业道德，无 不良从业记录。 工作地点 沣西国际大厦陕西省咸阳市秦都区钓台街道沣西国际大厦1栋24层 以担保或任何理由索要财物，扣押证照，均涉嫌违法。一经发现， 立即举报,"风控体系制定,风控合规,业务流程风控",http://www.zhaopin.com/jobdetail/CCL1502982790J40790792106.htm?refcode=4019&srccode=401901&preactionid=8f94dc34-a6b8-4f8b-a815-f406604c513d
风控合规岗/法务,成都天科航空制造股份有限公司,8000-15000元,成都·崇州·崇阳,广州,本科,3-5年,7月15日,zhilian,岗位职责： 1.负责牵头参与各类法律文件的合法性审核，包括法律文件起草、重大合同谈判、法律尽职调查、标准化法律文本制定、法律咨询等； 2. 参与公司内控管理体系的建设及优化完善工作，牵头公司各类规章制度的起草、修订，及合法性、有效性的审查工作； 3. 协助公司各部门开展招标采购工作，对公司招采活动合规性进行指导、监督； 4. 识别公司财务、资金、内控、信披等内部风险隐患，督促内部控制缺陷整改； 5. 负责组织公司各类业务合同的审查和评审，参与合同签订、合同执行和合同履约等合同全生命周期风险管控； 6. 负责对接上级单位风控部门、外部律师事务所，制定相应的风险控制措施； 7. 完成领导交办的其他工作。 任职资格： 1.大学本科及以上学历，法律类相关专业； 2.3年以上相关工作经验，具有有航空航天相关法律或风控工作经验、国企法务或风控工作经验者优先； 3.持有法律职业资格证书； 4.具有较好的公文写作能力； 5.具备较强的逻辑思维能力，良好的人际交往能力、组织协调能力、沟通能力以及解决复杂问题的能力； 6.人品正直，抗压能力较强，能承受短期较高负压、负荷工作。 【请注意】有以下情况者，不得参加应聘： 1.四川发展中层正职及以上管理人员的主要利害关系人（即配偶、子女及其配偶）。 2.四川发展各直接出资企业和重要子企业党组织书记、董事长（含执行董事）、总经理的主要利害关系人（即配偶、子女及其配偶）。 3.川发航投（川发国际）能够实际控制的同址办公下属企业党组织书记、董事长（含执行董事）及总经理的主要利害关系人（即配偶、子女及其配偶）。 报名人员应该提供完整、真实、有效的个人信息，提供虚假信息者，一经发现，公司有权取消应聘、聘用资格或解除劳动合同。 工作地点 崇州市成都天科航空制造股份有限公司 以担保或任何理由索要财物，扣押证照，均涉嫌违法。一经发现， 立即举报,"风控体系制定,法务风控,风控合规,内部风控",http://www.zhaopin.com/jobdetail/CC245653030J40881161605.htm?refcode=4019&srccode=401901&preactionid=8f94dc34-a6b8-4f8b-a815-f406604c513d
风险合规部主任,民生人寿保险股份有限公司,7000-9000元,宁波·江北·外滩,广州,本科,1-3年,6月11日,zhilian,"职位描述 风控合规 内部风控 风控稽核 保险 【岗位需求】 1.构建洗钱风险管理体系,完善反洗钱内控管理机制,贯彻落实监管机构反洗钱法律法规； 2.建设本机构操作风险管理相关流程,收集本机构损失事件情况及数据,并跟进事件的处置;实施操作风险与内部控制自评估(RCSA),完善操作风险与内部控制管理； 3.牵头本机构合规管理,开展反欺诈工作,落实合规审核、合规检查等工作,提升合规管理质效； 4.审核经营决策合法性,防控法律风险,保障经营管理合规开展； 5.推行合规宣导与知识管理,开展合规培训,强化全员合规意识,支撑科学决策； 6.根据公司内外部要求，完成审计检查及相关信息的报送，保障企业合规开展业务； 7.落实岗位涉及的各项合规、反洗钱及消保工作； 8.完成上级领导交办的其他工作。 【任职要求】 1.统招一本及以上学历，法律、审计相关专业优先； 2.有法律职业资格证书优先； 3.2年及以上金融业或1年及以上保险业业合规相关工作经验； 4.熟知保险业务知识，掌握反洗钱相关知识及法律知识； 5.热爱保险事业，认可民生企业文化和价值观； 6.政治素质好，自觉拥护中国共产党的领导，中共党员优先； 7.良好的人际协调能力、沟通能力、学习领悟能力和解决问题的能力； 8.良好的执行力、团队合作能力。 工作地点 宁波市-江北区-大闸南路500号17楼 以担保或任何理由索要财物，扣押证照，均涉嫌违法。一经发现， 立即举报","风控合规,内部风控,风控稽核",http://www.zhaopin.com/jobdetail/CC121019160J40855924611.htm?refcode=4019&srccode=401901&preactionid=8f94dc34-a6b8-4f8b-a815-f406604c513d
风控经理,基明资产管理(上海)有限公司,1-2万,上海·黄浦·小东门,广州,本科,经验不限,2月24日,zhilian,职位描述 风控体系制定 风控合规 职责描述： 1. 核心任务: 公司的财务分析和报告，主导风控流程 2. 负责项目管理，流程推动，文件归档，会议组织，会议纪要，搜集资料，整理数据等 3. 美化（要素表、招募说明书、PPT等） 完成产品推介材料的制定以及相关文案的撰写 4. 根据要求，跟踪各种事项的推进，完成交办的其他工作的督办、协调及落实任务 任职要求： 1. 性格: 主动，multi-tasking，灵活，有好奇心 本科以上学历，财务管理、金融、数学、法律等专业等，拥有CFA、CPA等金融专业认证资格优先。 2. 具有较强的逻辑和理科分析能力，财务分析等；有较强的文字功底、书面及现场报告能力 。 工作地点 上海黄浦区BFC外滩金融中心 以担保或任何理由索要财物，扣押证照，均涉嫌违法。一经发现， 立即举报,"风控体系制定,风控合规",http://www.zhaopin.com/jobdetail/CC534897480J40826515801.htm?refcode=4019&srccode=401901&preactionid=8f94dc34-a6b8-4f8b-a815-f406604c513d
AI风控运营,外企德科数字技术有限公司,1.2-2万,杭州·余杭·仓前,广州,本科,3-5年,7月26日,zhilian,职位描述 内部风控 风控合规 风控建模 风控 海外业务 需要 英语可以口语作为工作语言 1.面对TikTok海外风控与AI模型训练场景，专家风控工作 2.有安全风控、反作弊经验；做过互联网专项治理、金融反欺诈、行业治理等项目 3.具备英文/小语种能力者优先 工作地点 杭州仓南广场余杭区景兴路636号 以担保或任何理由索要财物，扣押证照，均涉嫌违法。一经发现， 立即举报 客户,"内部风控,风控合规,风控建模,风控",http://www.zhaopin.com/jobdetail/CCL1480117890J40880924705.htm?refcode=4019&srccode=401901&preactionid=8f94dc34-a6b8-4f8b-a815-f406604c513d
风控专员（兆翔科技）,翔业集团,9000-15000元,厦门·湖里·殿前,广州,本科,1-3年,7月14日,zhilian,岗位职责: 1、负责搭建公司风险控制体系，包括风险识别、评估、预警、应对和报告的闭环管理机制，起草、修订和完善公司风险管理制度、流程与实施细则； 2、负责对公司的规章制度、经济合同、重大决策等进行合规性审查，确保符合规定，负责公司法律合同、招标文件的审核、会签及法律合同管理工作，开发业务相关合同法律文件模板； 3、定期组织开展公司风险识别与评估工作，涵盖财务风险、运营风险、法律合规风险等，研究提出本公司各业务模式的风险控制策略并组织实施；协助并配合集团风控部做好各项风控管理及监督检查工作，对发现的问题督促相关部门整改； 4、针对公司重大投资项目、重要经营活动、关键业务流程开展专项风险评估，进行动态监测并出具风险审核意见，及时启动风险预警，协助制定应对预案； 5、撰写尽职调查报告，动态跟踪合作方的资信情况、合同履约情况、市场动态、行业趋势等，及时披露相关风险，负责协调处理公司涉及的法律纠纷，包括各类诉讼、仲裁或非诉讼法律事务； 6、组织公司各类业务相关新法律法规、风险管理等方面的培训。 任职要求: 1、本科及以上学历，法律等相关专业； 2、2年及以上风控、法务相关工作经验，有国有企业公司风控管理体系建设经验者优先，； 3、掌握相关行业法律法规政策，熟悉国有企业风险管理、合规管理流程；熟悉工程等业务领域的风控要点及应对措施； 4、具备出色的公文写作能力、沟通协调能力和分析判断能力； 5、原则性强，具备高度的责任心和保密意识，能够承受一定的工作压力。 工作地点 湖里区厦门高崎机场 以担保或任何理由索要财物，扣押证照，均涉嫌违法。一经发现， 立即举报,"法务风控,风控合规,内部风控,风控稽核,风控建模,数据风控,交易风控,财务风控",http://www.zhaopin.com/jobdetail/CC135389960J40842175213.htm?refcode=4019&srccode=401901&preactionid=8f94dc34-a6b8-4f8b-a815-f406604c513d
风控模型开发 (MJ013923),北京五八信息技术有限公司,2-4万·15薪,上海·浦东·张江,广州,本科,3-5年,7月26日,zhilian,"职位描述 推荐算法 工作职责 主导/参与申请评分卡（A卡）、行为评分卡（B卡）、催收评分卡（C卡）的设计、开发、验证和部署全流程工作。 基于业务场景，运用统计学、机器学习等方法，进行特征工程、变量筛选、模型训练与评估。 持续监控线上模型的表现（如KS, AUC, PSI等），定期进行模型评估与调优，确保模型的稳定性和预测准确性。 数据挖掘，通过对公司生态下的数据的深入研究，提取特征，为风险模型、风控决策做支持 评估模型的效果，设计模型的使用方法，监测跟踪模型的效果与使用模型的线上策略的效果，快速迭代 与产品、技术等合作部门沟通协作，根据产品需求及业务目标制定对应的风险政策与策略，推动风险政策与策略在具体业务层面进行落实，并及时了解前端部门需求和变化，在合理控制风险前提下推动业务发展 任职资格 大学本科（含）以上学历，数理、金融、计算机等专业毕业 良好的沟通以及团队协作能力 具有较强的数据分析能力逻辑思维能力，具有一定的模型经验 熟知风险管理理论和相关的监管政策法规 熟练处理各种数据,熟练运用SQL， 精通SAS/R/Python/Matlab等至少一种数据处理分析语言 熟练应用办公软件Excel、Word、Powerpoint等 具有2年以上银行、消费金融公司、互联网金融公司策略、风险管理等相关工作经验 工作地点 上海浦东新区昌飞路186弄A1栋7楼 以担保或任何理由索要财物，扣押证照，均涉嫌违法。一经发现， 立即举报",推荐算法,http://www.zhaopin.com/jobdetail/CC330611210J40861233303.htm?refcode=4019&srccode=401901&preactionid=8f94dc34-a6b8-4f8b-a815-f406604c513d
四川-风控品质岗,太平洋产险,6000-8000元,成都·武侯·桂溪,广州,本科,经验不限,2月27日,zhilian,岗位职责： 1、负责理赔和客服运营服务的品质管控，落实集约化质检品控要求，完成人伤案件的质检日常监控； 2、负责打假反欺诈和内部反舞弊工作，落实集约化反欺诈风控要求，完成赔案调查和打假； 3、落实理赔、客服人员反舞弊警示教育，统筹、协同相关岗位推进风险管控，强化管理闭环； 4、承接领导交办的其他事项。 任职要求： 1、统招本科，保险、医学类相关专业优先。 2、工作责任心强，踏实细心。有较强的沟通协调能力及统筹管理能力，有良好的学习能力。 3、2年以上理赔相关领域工作经验；熟悉人伤案件管控流程。 【工作地点】 成都市天府三街199号太平洋保险大厦 工作地点 成都武侯区太平洋保险金融大厦 以担保或任何理由索要财物，扣押证照，均涉嫌违法。一经发现， 立即举报,"财产险,车险产品,人身险",http://www.zhaopin.com/jobdetail/CC197917010J40799869413.htm?refcode=4019&srccode=401901&preactionid=8f94dc34-a6b8-4f8b-a815-f406604c513d
车险建模,车300,1.3-2万,南京·鼓楼·挹江门,广州,本科,3-5年,7月9日,zhilian,职位描述 Python 金融反欺诈 数据挖掘 风控建模 车险 定价模型 汽车金融 保险 金融科技/数字金融 岗位描述： 1.基于对汽车行业、车险业务、风控政策及客户风控需求的深入理解，深度挖掘公司自有车险数据，构建精准的车险用户画像，识别并挖掘潜在风险特征，为车险风控策略制定提供有力支持。​ 2.主导车险风控相关的模型开发、验证及迭代优化工作，精准预测车险业务中的风险，如欺诈风险、赔付风险等。​ 3.开展车险数据盲测，进行深入的数据分析，洞察数据背后的规律与问题，生成专业、详实的分析报告，为业务决策提供数据依据。​ 4.统筹车险风控模型的部署、监控与迭代，设计自动化监控报表，实时监测模型运行状态，及时预警模型失效风险；撰写完整的模型文档，包括开发报告、验证报告等，确保满足内外部审计与合规要求。​ 5.与业务、产品、技术等团队保持紧密协作，推动车险风控模型在风控系统中的高效应用与效果验证；将复杂的模型结果转化为可落地执行的业务规则，提升车险风控决策的透明性与可解释性。​ 6.针对负责的车险项目生成过程化文件，撰写详尽的算法流程说明书，积极参与团队讨论，提出创新性、建设性意见，推动车险风控工作优化升级。​ 岗位要求：​ 1.本科及以上学历，统计学、数学、计算机科学、金融工程、数据科学、精算等相关专业。​ 2.拥有 2 年以上金融行业风控策略分析经验，熟悉车险反欺诈、车险风险评估等工作的优先考虑。​ 3.精通 Python、SQL 等数据处理工具；深入掌握逻辑回归、GBDT、集成学习等算法，具备丰富的模型调优经验；熟悉图神经网络（GNN）、知识图谱在车险反欺诈中的应用者优先。​ 4.独立开发过车险相关的风险评估模型或反欺诈模型，并成功推动业务落地，需提供模型效果指标。​ 5.能够快速理解车险业务需求，将车险风控问题高效转化为数据建模问题；具备出色的跨部门沟通能力，能向非技术人员清晰阐述模型逻辑与价值；以结果为导向，对车险风控模型在业务中的实际效果全面负责。 工作地点 南京鼓楼区古平岗4号6楼 以担保或任何理由索要财物，扣押证照，均涉嫌违法。一经发现， 立即举报,"Python,金融反欺诈,数据挖掘,风控建模,车险,定价模型",http://www.zhaopin.com/jobdetail/CC637006120J40874408714.htm?refcode=4019&srccode=401901&preactionid=8f94dc34-a6b8-4f8b-a815-f406604c513d
风险控制岗（杭州）,仲利国际租赁,7000-11000元,杭州·上城·四季青,广州,本科,经验不限,3月13日,zhilian,职位描述 投融资风控 投资与资产管理 工作职责 1、负责租赁项目审核，对客户进行资信调查、商业调查及行业市场分析； 2、根据租赁项目具体情况，通过资料分析、实地考察、外部照会等发现问题和有价值的信息，提供权限主管作为决策依据； 3、撰写风险评估报告并出具风险防范建议，与业务保持沟通合作关系，共同促成业绩目标达成； 4、跟踪租赁项目的执行情况，适时回访逾期客户，负责对高风险行业、区域、产品提出风险预警及规避建议； 5、进行数据统计和信息处理，完善风险控管流程与体系，协助制定风险控管标准与政策； 6、主管交办的其他事宜。 任职资格 1、大学本科及以上学历，金融、财会、审计等相关专业优先； 2、具备较强的财务分析、风险识别及问题解决能力； 3、具备良好的逻辑思维、沟通协调能力及抗压能力； 4、具备较强的工作责任心及良好的工作态度和团队合作精神； 5、具金融机构风险控制岗实习或工作经验者尤佳。 工作地点 杭州上城区鑫亚·钱江国际时代广场3号楼 以担保或任何理由索要财物，扣押证照，均涉嫌违法。一经发现， 立即举报,投融资风控,http://www.zhaopin.com/jobdetail/CC130614350J40723553206.htm?refcode=4019&srccode=401901&preactionid=8f94dc34-a6b8-4f8b-a815-f406604c513d
风控审核专员,福建广方供应链有限公司,5000-7000元,福州·鼓楼·洪山,广州,本科,经验不限,7月21日,zhilian,职位描述 网络审核 个人客户（2C） 负责手机租赁业务的客户资质审核与风险评估，通过数据分析和规则应用，控制逾期与坏账风险，保障资产安全。 主要职责： 1.审核租赁申请：对客户提交的资料进行真实性、完整性核查，识别潜在风险。 2.执行风控规则：依据公司风控策略，进行信用评分、反欺诈排查及决策建议。 3.数据监测：监控审核数据与逾期表现，定期反馈风险趋势。 4.协作沟通：与各部门团队配合，优化审核流程与用户体验。 5.档案管理：确保审核记录完整、合规保存。 任职要求： 1.本科及以上学历，专业不限，有相关经验优先。 2.沟通清晰，责任心强，能适应重复性工作。 工作时间：排班轮流单休，白班10:00-20:00，午休2小时；晚班15:00-23:00。 薪酬福利： 薪资面议，提成另算；提供五险、节日福利、团队活动等。 工作地点 福州鼓楼区华润万象城三期TB栋2909 以担保或任何理由索要财物，扣押证照，均涉嫌违法。一经发现， 立即举报,"网络审核,个人客户（2C）",http://www.zhaopin.com/jobdetail/CCL1435943390J40826375807.htm?refcode=4019&srccode=401901&preactionid=8f94dc34-a6b8-4f8b-a815-f406604c513d
风控经理,重庆优乐租科技有限公司,7000-10000元,重庆·江北·五里店,广州,大专,3-5年,3月4日,zhilian,岗位职责 1、负责风险管理团队日常管理和运营； 2、有风控审核的实战能力； 3、负责监控和分析，通过有效的数据分析，开展监控规则优化； 4、通过风险审核组的数据进行总结归纳适合公司的风控管理流程； 5、负责催审核组的定期总结、培训。 任职要求 1、5年以上风险管理或内部控制的相关经验，并且具有3年以上团队管理经验者优先； 2、熟练掌握授信业务及产品的主要风险点，对各类风险管理防范和化解有深厚的经验； 3、熟悉消费金融行业者优先； 4、要求统招本科及以上学历，经验特别丰富或退役军人条件可放宽至大专； 5、具有良好的职业操守，工作细致认真，责任心强，富有团队协作精神。 三、薪资福利： 1、高于同业的奖金提成制度， 2、签订公司劳动合同，购买五险； 3、底薪+绩效+奖金+补贴+带薪年假； 4、公司邻近轻轨站，公司楼下就是公交车站； 工作地点 重庆江北区科技金融中心-二期B3 栋14楼 13A-3 以担保或任何理由索要财物，扣押证照，均涉嫌违法。一经发现， 立即举报,消费金融,http://www.zhaopin.com/jobdetail/CCL1348191760J40570860015.htm?refcode=4019&srccode=401901&preactionid=8f94dc34-a6b8-4f8b-a815-f406604c513d
风控专员,河北纵横集团丰南钢铁有限公司,8000-12000元,唐山·丰南区·黑沿子镇,广州,本科,1-3年,7月1日,zhilian,岗位职责： 1. 参与公司重大业务，并提供法务决策支持。全程参与产融部、运力部等业务部门对外业务，全程参与公司重大项目谈判（融资、并购、重组等），负责法律风险评估，提供选择方案和相应的法律依据，设计合规交易架构。 2. 参与重大项目谈判（如投融资、并购），出具法律意见。 3. 负责合同合规，防范风险，审核及修改业务合同（如销售合同、采购合同、合作协议、知识产权协议等），确保条款合法合规。 4. 深入了解物流行业。深度参与需求、产品、运营、技术等方案，提供法律法规依据，前置风险管控。 5. 在风控部长的组织下，负责公司合同协议标准化建设，制定公司标准合同模板，优化合同审批流程建立合同归档管理体系，确保文件可追溯。 6. 在风控部长的领导下，负责公司合规体系搭建及内控优化，起草/修订公司规章制度，确保符合一般法律法规要求以及《网络安全法》、《数据安全法》、《电商法》等互联网监管要求。 7. 定期评估业务合规性，提出风险预警及改进方案。 8. 负责跟踪行业动态，研究新出台法律法规（如生成式AI监管政策等），调整公司合规策略。 9. 负责产品与业务合规管理，为产品设计、运营活动提供法律支持，识别数据保护、用户隐私、广告合规等风险。 10. 负责公司日常法律咨询。解答各部门法律问题（如劳动纠纷、知识产权、消费者权益）。 11. 监督合同履行情况，协调解决合同争议。 12. 代理或协助处理诉讼/仲裁案件（如合同违约、劳动仲裁）。 13. 对接集团律师或外部律师，协调证据收集与应诉策略。 14. 负责公司知识产权保护，监测商标、专利侵权，发起维权行动。 15. 开展员工法律培训，提升风险意识。 任职基本条件： 1. 法律专业本科及以上学历。 2. 通过法律职业资格考试（A证） 3. 熟悉互联网行业监管政策。 4. 2年以上大中型企业法务经验，具备大型网络物流平台工作经验者优先。 5. 精通《民法典》、《公司法》、《知识产权法》、《网络安全法》、《电商法》等基础法律，熟悉互联网行业监管政策（如生成式AI、数据合规、用户隐私等）。 6. 具备法律逻辑分析能力，能独立处理诉讼/仲裁案件，制定应诉策略。 7. 熟悉物流领域及上下游业务。 8.具备财税知识基础，熟悉增值税、企业所得相关政策，了解运输行业税收政策及发票管理规定。 9. 熟练起草、审核合同（包括用户协议、授权书、合作协议等），平衡合规性与商业利益。在合规的前提下，使公司利益最大化。 10. 谈判协调与跨部门沟通能力。 11.定居或者户口为唐山及周边县区者优先 工作地点 唐山丰南区河北纵横集团丰南钢铁有限公司-东职门 以担保或任何理由索要财物，扣押证照，均涉嫌违法。一经发现， 立即举报,"风控体系制定,法务风控,风控合规,投融资风控,业务流程风控,交易风控,信息系统风控,民商法",http://www.zhaopin.com/jobdetail/CC467650080J40969719702.htm?refcode=4019&srccode=401901&preactionid=8f94dc34-a6b8-4f8b-a815-f406604c513d
风控专员（商业保理风控）,中财招商投资集团有限公司,9000-14000元·13薪,上海·徐汇·天平路,广州,本科,3-5年,6月3日,zhilian,岗位职责： 1、商业保理、典当业务评审及轧账； 2、保理业务台账管理及分析； 3、违约业务现场检查分析； 4、商业保理业务止盈分析； 5、对接区域团队进行培训训练。 任职要求： 1、本科及以上学历； 2、 3、经济学／金融学／财务／审计等相关专业毕业，熟悉相关经济方面法律法规； 4、3年及以上大额对公客户经理或审计或风控从业经验; 5、工作细心、认真，有团队合作意识； 6、具备优秀的学习能力、逻辑思维能力； 7、具有极强的执行力、工作责任心和抗压力 8、熟练使用办公软件，包括但不限于EXCEL、PPT等。 工作地点 徐汇区中财金融广角(上海)-A座3楼 以担保或任何理由索要财物，扣押证照，均涉嫌违法。一经发现， 立即举报,"风控体系制定,交易风控,投融资风控,信审",http://www.zhaopin.com/jobdetail/CC120648220J40942135708.htm?refcode=4019&srccode=401901&preactionid=8f94dc34-a6b8-4f8b-a815-f406604c513d
风控（汽车金融）,四川敬善金美商务信息咨询有限公司,5000-10000元,成都·双流·西航港,广州,大专,经验不限,6月30日,zhilian,职位描述 汽车金融风控 融资租赁风控 贷款风控 催收风控 风险审核与评估，申请材料合规性核查，风险案例复盘与优化，有电核反欺诈的经验，跨部门协同与沟通，日常工作管理 大专及以上学历，有风控审核工作经验者优先考虑，具备良好的风险判断能力、逻辑思维能力及细节把控能力 团队年轻化、专业度高，定期组织业务交流与团建活动，朝九晚六，大小休，节假日正常休息，购买五险 工作地点 成都双流区四川敬善金美商务信息咨询有限公司 以担保或任何理由索要财物，扣押证照，均涉嫌违法。一经发现， 立即举报,"汽车金融风控,融资租赁风控,贷款风控,催收风控",http://www.zhaopin.com/jobdetail/CCL1453269960J40872795405.htm?refcode=4019&srccode=401901&preactionid=cf5e546f-1342-4724-aef9-4f31f13687f0
风控经理,三一集团有限公司,1.2-1.8万·14薪,湖州·吴兴区·八里店镇,广州,本科,5-10年,7月7日,zhilian,职位描述 风控体系制定 数据风控 风控建模 风险评估与管理 法律法规跟进 岗位内容： 1. 进行风险评估和管理，制定风险控制策略并完善风险管理体系； 2. 研究并设计风险监测与预警模型，快速响应市场风险变化； 3. 对各类风险进行分类处理，定期评估风险水平，为业务部门提供专业建议； 任职要求： 1. 具备金融、数学、统计等相关专业本科以上学历，或有扎实的工作经验； 2. 熟悉风险控制体系和风险管理流程，了解行业准则和法规政策； 3. 具备较强的数据统计分析能力，熟悉风险度量和模型，经验丰富者优先； 4. 具备较强的逻辑思维能力、风险意识和判断能力； 工作地点 浙江省湖州市吴兴区中兴大道1040号 以担保或任何理由索要财物，扣押证照，均涉嫌违法。一经发现， 立即举报,"风控体系制定,数据风控,风控建模,风险评估与管理,法律法规跟进",http://www.zhaopin.com/jobdetail/CC134218700J40853277710.htm?refcode=4019&srccode=401901&preactionid=cf5e546f-1342-4724-aef9-4f31f13687f0
风险管理（公募风控类）-27届暑期 (MJ002948),东方财富,1-2万,上海·徐汇·徐家汇,广州,本科,经验不限,6月27日,zhilian,"岗位职责： 1、有效履行组合日常的投资监督，参与基金运作全流程风控； 2、对投资组合进行定期或不定期风险绩效归因分析； 3、对新产品、新业务进行风险评估，提出潜在风险影响及应对措施； 4、根据公司风控体系和风控标准要求，协助制定并完善相关风险管理流程与制度； 5、完成公司交办的其他工作。 任职要求： 1、本科及以上学历，经济类、金融类、数理统计类等相关专业，FRM、CFA优先考虑； 2、有公募基金风险管理或其他机构资产管理相关实习经验者优先考虑； 3、能够熟练使用数据库、Python或VBA等编程语言，具备较好的数据分析和处理能力者优先； 4、具有敏感的风险触觉和较强的风险防范意识,，工作细致、踏实认真，沟通表达能力、团队合作精神。 该岗位需要通过实习考核后发放正式offer 工作地点 上海徐汇区东方财富大厦 以担保或任何理由索要财物，扣押证照，均涉嫌违法。一经发现， 立即举报","风控体系制定,交易风控,风控建模,投融资风控",http://www.zhaopin.com/jobdetail/CC152251410J40855573511.htm?refcode=4019&srccode=401901&preactionid=cf5e546f-1342-4724-aef9-4f31f13687f0
风控审核专员,浙江宇旸实业集团有限公司,7000-9000元,杭州·拱墅·上塘,广州,大专,1-3年,5月27日,zhilian,职位描述 风控合规 业务流程风控 职位详情 【工作时间】 周一-周五8:30-17:30；周六上午8:30-12:00（计加班工资） 【工作地点】拱墅区金地威新科技园。 可接受工作时间和地点再发起沟通哦！ 【工作内容】 1、合同风险审核：负责销售订单合同的全面评审，核算销售单价及运价合理性，识别信用条款、违约责任等风险点，协调多部门解决争议。 2、业务流程内控：线上合同内容审核、发货提单审核、银行承兑贴息及返贴息审核等。 3、数据分析与支持：运用Excel进行日常统计，分析合同量、逾期率等核心指标，多维度为业务决策提供数据支持。 4、过程监控与检查：通过远程及实地抽查，监控合同执行合规性、客户经营状况及风险预警信号，编制检查报告并跟进整改。 5、其他风控工作：协助主管健全公司风险控制管理体系，并持续完善，以及整理风险案例并组织风险警示教育措训。 【职位要求】 1、大专及以上学历，金融、经济、财务、法律、管理类等相关专业优先。 2、具备信用管理或合同评审经验，熟悉客户资质尽调流程，有大宗商品贸易、物流、仓储相关从业经验者优先。 3、对数据高度敏感，精通Excel数据透视表、VLOOKUP等匹配与统计功能。 4、沟通协调能力强，能有效推动跨部门解决风险争议。 5、工作细致严谨、责任心强，能承受较多合同评审的工作强度。 工作地点 杭州拱墅区金地威新科技园16幢16楼 以担保或任何理由索要财物，扣押证照，均涉嫌违法。一经发现， 立即举报,"风控合规,业务流程风控",http://www.zhaopin.com/jobdetail/CCL1402288250J40819513316.htm?refcode=4019&srccode=401901&preactionid=cf5e546f-1342-4724-aef9-4f31f13687f0
合规风控负责人,江苏金百临,8000-15000元,无锡·滨湖·雪浪,广州,本科,5-10年,7月26日,zhilian,岗位职责： 1、负责建立健全公司合规管理体系，制定并持续完善合规管理、风险控制制度与流程； 2、跟踪解读监管政策，确保公司各项业务符合法律法规及自律规则要求； 3、对公司产品募集、投资、运营、信息披露等环节进行合规审查与监控，防范合规风险； 4、组织合规培训，提升全员合规意识；处理监管沟通、自查、检查及报送工作； 5、负责员工执业行为监督、利益冲突管理、反洗钱等工作； 6、定期向管理层及监管机构报告合规管理情况。 任职要求： 1、具有基金从业资格，熟悉私募基金相关法律法规、监管政策及自律规则； 2、具有3年以上投资相关的法律、会计、审计、监察、稽核，或者资产管理行业合规、风控、监管和自律管理等相关工作经验； 3、最近 5 年未从事过冲突业务（民间借贷、民间融资、小额理财、小额借贷、担保、保理、典当、融资租赁、网络借贷信息中介、众筹、场外配资、房地产开发、交易平台等与私募基金管理相冲突的业务）； 4、无不良诚信记录及监管处罚记录； 5、具备较强的合规风险识别、评估与控制能力； 6、工作严谨细致，责任心强，具备良好的职业操守。 本岗位工作地点为江苏无锡，欢迎江浙沪地区符合条件且对来锡发展有意向的专业人士投递简历。 工作地点 江苏省无锡市滨湖区科教软件园9栋 以担保或任何理由索要财物，扣押证照，均涉嫌违法。一经发现， 立即举报,"基金从业资格证,基金业风控",http://www.zhaopin.com/jobdetail/CC420501310J40833986605.htm?refcode=4019&srccode=401901&preactionid=cf5e546f-1342-4724-aef9-4f31f13687f0
风控合规专员,青岛市宇泰典当有限公司,4000-8000元,南京·秦淮·五老村,广州,本科,1-3年,3月30日,zhilian,岗位职责： 1.协助风控经理完成项目资料的收集、整理及初步审核，包括但不限于：主体资质文件、财务报表、担保材料、融资合同等，协助风控经理审查项目合规性，核实是否存在新增隐性债务、违规担保、虚假包装等情形，对客户财务报表进行初步分析，计算关键财务指标（资产负债率、流动比率、现金流等），识别异常波动及潜在风险； 2.参与项目尽职调查，协助风控经理完成现场访谈、实地考察、资料核验等工作，整理尽调底稿，协助风控经理撰写《风险评估报告》，整理项目数据，汇总风险要点； 3.协助完成属地项目的贷后检查工作，包括但不限于：现场回访、资料收集、资金用途核实、还款提醒；发现项目异常情况（如逾期、经营恶化、担保物变更等），第一时间向风控经理报告； 4.负责分公司风控档案的整理、归档及保管，确保档案完整、规范、可追溯，负责区域项目数据、风险指标的统计汇总，定期提交区域风险数据周报/月报/季报/年报等报表。 任职要求： 1.金融、经济、财务、数学、统计、法律类专业优先； 2.1-3年银行、投行、证券、基金、资产管理或政府平台融资领域或会计师事务所审计/尽调相关工作经验； 3.持有基金从业资格、证券从业资格、银行从业资格、CPA部分科目通过、法律执业资格等证书者优先 4.具备数据分析能力和较强的风险意识； 5.具备较强的学习能力，良好的沟通和团队合作能力。 工作地点 南京秦淮区正洪大厦 以担保或任何理由索要财物，扣押证照，均涉嫌违法。一经发现， 立即举报,"投资与资产管理,基金,信托",http://www.zhaopin.com/jobdetail/CC227009130J40838203501.htm?refcode=4019&srccode=401901&preactionid=cf5e546f-1342-4724-aef9-4f31f13687f0
银行风控专员,青岛联信商务咨询有限公司,7000-9000元,兰州·城关区·白银路街道,广州,大专,经验不限,7月26日,zhilian,岗位职责： 1、受银行和金融机构委托通过电话形式告知逾期及影响 2、协助银行和金融机构资金回笼，信用卡逾期催收催告、跟进还款 3、及时获取、更新客户资料，保持资料的有效性 4、客户资源由银行和金融机构提供，无需出去寻找客户 5、遵守电催规范，合法合规催收 二、岗位要求： 1、试用期2个月，经验不限，统招大专及以上学历，无征信不良记录，无犯罪记录，接受应届生 2、具有良好的沟通表达能力，工作认真负责，良好的团队合作精神 你们要的 1、薪资：基础工资前三个月保底3500，基本操作收入5000+，努力工作收入8500+，优秀15000以上 2、入职缴纳五险一金，节日福利、加班补助、活动补助、年终绩效、带薪年假等； 3、享受国家法定节假日及婚丧假等； 4、每天下午三点是下午茶时间 三、晋升：法务专员-队长-副组长-组长-经理助理-经理 段位：白带-黄带-绿带-蓝带-红带-黑带 上班时间： 9:00-12:00、 13:30-18:00 ，工作日加班1.5倍加班薪资 周末2倍加班工资，节假日当天3倍加班工资！ 职位福利：五险一金、全勤奖、带薪年假、加班补助、绩效奖金、定期体检、公费旅游 工作地点 兰州城关区广星大厦 以担保或任何理由索要财物，扣押证照，均涉嫌违法。一经发现， 立即举报,银行业风控,http://www.zhaopin.com/jobdetail/CC133155890J40478445003.htm?refcode=4019&srccode=401901&preactionid=cf5e546f-1342-4724-aef9-4f31f13687f0
风控经理,黑龙江省首建投资有限公司,8000-13000元,哈尔滨·道里·康安,广州,本科,经验不限,7月8日,zhilian,岗位职责： 1、学习并研究市场最新动态，提升技能技巧，完善系统； 2、对于市场风险要有一定的敏锐度，严格制定并执行风控体系，管理好账户，将账户风险最小化； 3、合理运用公司资源，将公司提供的资源利益最大化。 二、任职要求： 1、本科学历及以上学历。 2、有金融方面相关工作经验者优先考虑，对于金融行业有一定的兴趣，并愿意在此行长远发展； 3、具有较强的学习能力，对于新鲜事物有一定的敏锐度，善于思考和总结。 三、工作时间： 周一至周五，上午9：00—下午17：30，周末双休，节假日正常放假。 福利待遇： 1、周末双休不加班，法定节假日正常休息，带薪年假。 2、节日礼品，公司氛围良好，优异者提供出国旅游。 3、工作弹性，定期团建。 4、透明化晋升。 工作地点 哈尔滨道里区富力中心-t2座2309 以担保或任何理由索要财物，扣押证照，均涉嫌违法。一经发现， 立即举报,"投资风控,证券业风控,期货风控",http://www.zhaopin.com/jobdetail/CCL1512282750J40864435510.htm?refcode=4019&srccode=401901&preactionid=cf5e546f-1342-4724-aef9-4f31f13687f0
风控经理,烟台海曜合信投资有限公司,8000-13000元,烟台·芝罘·东山,广州,本科,3-5年,7月8日,zhilian,岗位职责： 1、学习并研究市场最新动态，提升技能技巧，完善系统； 2、对于市场风险要有一定的敏锐度，严格制定并执行风控体系，管理好账户，将账户风险最小化； 3、合理运用公司资源，将公司提供的资源利益最大化。 二、任职要求： 1、本科学历及以上学历。 2、有金融方面相关工作经验者优先考虑，对于金融行业有一定的兴趣，并愿意在此行长远发展； 3、具有较强的学习能力，对于新鲜事物有一定的敏锐度，善于思考和总结。 三、工作时间： 周一至周五，上午9：00—下午17：30，周末双休，节假日正常放假。 福利待遇： 1、周末双休不加班，法定节假日正常休息，带薪年假。 2、节日礼品，公司氛围良好，优异者提供出国旅游。 3、工作弹性，定期团建。 4、透明化晋升。 工作地点 烟台市芝罘区解放路156号B座 以担保或任何理由索要财物，扣押证照，均涉嫌违法。一经发现， 立即举报,风控,http://www.zhaopin.com/jobdetail/CCL1516102080J40744332106.htm?refcode=4019&srccode=401901&preactionid=cf5e546f-1342-4724-aef9-4f31f13687f0
风控部长,阿坝州控股发展有限公司,1-1.3万,成都·武侯·桂溪,广州,本科,5-10年,7月17日,zhilian,岗位职责及具体要求： 1.负责建设和完善公司合规风险控制体系，起草业务风险控制和内部管理风险控制的相关工作流程、制度； 2.负责贷款项目的风控控制，组织及参与项目贷前审批、贷后管理及风险控制； 3.依据年度风险管理评估方案，开展风险管理评价，形成阶段性和年度性风险管理评价报告; 4.负责针对不同类型的风险情况，制定相应的防控 措施，减少和避免潜在风险发生； 5.负责处理和应对公司发生的风险事件，及时进行调查和分析，制定应对措施，防止事件扩大化，并与相关部门协调推动问题解决； 6.负责监测和分析外部风险，及时预警和应对可能对公司经营产生影响的外部风险； 7.负责组织和开展风险教育和培训活动，提高公司员工对风险管理的认知，增强风险意识和防范意识，提升风险管理能力； 8.负责公司党风廉洁建设和反腐败工作，规范公司内部经营管理； 9.监督检查公司员工遵纪守法、廉洁自律和内部规章制度执行情况； 10.建立建全公司部门、重点岗位风险防控体系、监督管理措施并对其实施监督监察。 职位福利：定期团建、包住、包吃、带薪年假、五险一金、优秀员工奖金、员工食堂、出差补贴 工作地点 成都武侯区天府三街实际上班地点：阿坝州汶川县七盘沟川甘青物流园区8#楼2楼 以担保或任何理由索要财物，扣押证照，均涉嫌违法。一经发现， 立即举报,"风控合规,担保法,合同法,内部风控",http://www.zhaopin.com/jobdetail/CCL1494878240J40876237714.htm?refcode=4019&srccode=401901&preactionid=cf5e546f-1342-4724-aef9-4f31f13687f0
风险经理,江苏苏商银行股份有限公司,1.5-3万,南京·建邺·沙洲,广州,本科,经验不限,11月24日,zhilian,职位描述 I9 职责描述： 1、牵头组织实施IFRS9预期信用损失法，按监管政策规定完成内部制度建设、模型管理、系统开发、维护监控、监管报送等工作； 2、牵头负责银行客户风险统计报送工作； 3、负责推动本部门各类内外部检查的组织协调及事后整改督办工作； 4、其他风险管理相关及上级交办的工作。 任职要求： 1、本科及以上学历； 2、熟悉信用风险相关监管报表以及数据处理、统计，具有客户风险统计报送工作经验者优先； 3、了解资产减值准备计量、风险损失测算方法，有较强的数理计量能力，精通excel等办公软件； 4、具有较强的文字功底、沟通能力和团队协作能力。 工作地点 建邺区南京金融城-4号楼 以担保或任何理由索要财物，扣押证照，均涉嫌违法。一经发现， 立即举报,I9,http://www.zhaopin.com/jobdetail/CCL1482151740J40811614307.htm?refcode=4019&srccode=401901&preactionid=cf5e546f-1342-4724-aef9-4f31f13687f0
风控经理,华友控股集团有限公司,3-3.5万,印度尼西亚,广州,本科,5-10年,7月2日,zhilian,岗位职责： 1.建立并完善覆盖大宗商品贸易为主，其他包括投资、开采、物流板块为辅的全流程风险控制与合规管理体系； 2.制定并优化公司风险管理制度、内部控制流程及合规管理机制，确保公司经营活动合法、规范及可控； 3.审核投资项目、贸易合同及重大商务协议中的关键条款，包括价格机制、付款条件、交付安排、违约责任及风险分担条款； 4.组织开展投资项目、客户、供应商及合作伙伴的风险尽职调查与信用评估，建立客户及供应商信用管理体系； 5.识别并评估市场价格波动、履约、资金、物流、法律、税务及合规等风险，并制定风险控制方案； 6.监控重大业务执行情况，包括贸易结算、库存、物流运输、资金流转及合同履约风险； 7.跟踪印尼相关法律法规、行业政策及监管要求变化，包括矿业、贸易、税务、海关、投资及公司治理等领域； 8.对重大业务、投资项目及经营活动提供风险评估及合规意见，为管理层决策提供支持； 9.建立风险预警机制及重大风险事件应急处理流程，参与重大风险事件、纠纷及异常事项处理； 10.协调法务、财务、商务、运营及物流等部门，推动公司整体风险管理体系落地； 11.组织开展风险控制及合规培训，提高员工风险意识及合规管理水平； 完成公司领导交办的其他风控及合规管理工作。 岗位要求： 1.本科及以上学历，法律、金融、审计、财务、国际贸易或相关专业，法律专业优先； 2.7年以上风控、合规、法务、审计或企业风险管理相关工作经验； 3.熟悉国际贸易规则、大宗商品贸易流程及风险控制模式； 4.熟悉印尼公司法、贸易法规、海关、税务、投资及矿业相关法律法规者优先； 5.具备较强的风险识别、分析判断及问题解决能力； 6.熟悉合同审核、信用管理、资金风险控制及内部控制体系建设； 7.具备较强跨部门沟通协调及团队管理能力； 8.英语可作为工作语言，印语优先； 9.工作严谨细致，责任心强，具备较强抗压能力及职业操守； 工作地点 印度尼西亚雅加达 以担保或任何理由索要财物，扣押证照，均涉嫌违法。一经发现， 立即举报,风控体系制定,http://www.zhaopin.com/jobdetail/CCL1467300470J41013992804.htm?refcode=4019&srccode=401901&preactionid=cf5e546f-1342-4724-aef9-4f31f13687f0
合规风控助理,沈阳盛京股权私募基金管理有限公司,3000-6000元,沈阳·和平·南湖,广州,本科,1-3年,6月16日,zhilian,岗位职责： 1.负责协助制定相关制度和流程，并推动制度和流程落地执行。 2.负责跟踪行业法律法规动态，解读行业政策。 3.负责对公司项目的合规性进行审查，撰写相关报告。 4.负责公司各类合同文本及文件的法务审核、起草及修改。 5.协助处理公司相关的法律事宜，例如诉讼、仲裁等。 工作地点 沈阳和平区三好街文萃路 以担保或任何理由索要财物，扣押证照，均涉嫌违法。一经发现， 立即举报,"风控合规,公司法,合伙企业法",http://www.zhaopin.com/jobdetail/CC848117020J40872435405.htm?refcode=4019&srccode=401901&preactionid=cf5e546f-1342-4724-aef9-4f31f13687f0
风险管理（信审）,福田时代新能源科技有限公司,8000-12000元,北京·怀柔,广州,本科,3-5年,7月3日,zhilian,岗位职责： 1、负责渠道入网的初审（包括材料收集、资信调查等），并出具审查意见； 2、负责一次性租赁法人客户的准入审查（初审）； 3、负责自然人及一次性租法人客户的准入审批； 4、负责客户的还款提醒及还款进度落实； 5、负责业务运营风险监控； 6、负责风险预警的情况落实及反馈； 7、执行逾期订单的逾期催收动作； 8、配合盘点工作执行。 任职资格： 1、本科以上学历，金融、经济、财务及营销类专业，表现优秀人员可适当放宽专业要求； 2、有法人客户风险评估经验的优先； 3、熟练使用电脑办公软件，具备基本网络知识； 4、具有风险识别能力、判断决策能力、业务协调沟通能力； 5、具有风险管理经验或金融行业从业经历人员； 6、工作认真、严谨，沟通能力、抗压能力强。 工作地点 怀柔区北京福田戴姆勒新办公楼 以担保或任何理由索要财物，扣押证照，均涉嫌违法。一经发现， 立即举报,TO B 信贷审核,http://www.zhaopin.com/jobdetail/CCL1472387930J40906640903.htm?refcode=4019&srccode=401901&preactionid=cf5e546f-1342-4724-aef9-4f31f13687f0
（国企）投资风控合规岗,青岛飞扬人力资源开发有限公司,1-1.3万,青岛·城阳·棘洪滩,广州,本科,3-5年,7月17日,zhilian,岗位职责： 1.负责审查及把控公司股权直投、基金、债权等业务的全流程风险； 2.参与项目的实地调查，出具项目风险审查报告； 3.跟踪各项业务进程，汇总各类业务的风险情况及风险控制措施； 4.监督检查公司所有存续业务的投后工作，针对风险项目制定解决方案，督导项目安全退出； 5.完成公司领导交办的其他工作 二、任职要求： 1.统招硕士研究生及以上学历，国内985/211院校可放宽至本科，法律、财务、审计、金融等相关专业； 2.具备投资、财务和法律等专业知识；具有3年以上的股权/基金风险控制、项目投资、财务尽调、法律尽调等相关工作经验，具备扎实的风险评估能力； 3.熟悉资本市场及国资监管等相关政策法规、熟悉投资项目风险审查机制； 4.具有良好的组织协调能力、文字能力、抗压能力及问题解决能力，具有较强的责任心和团队协作精神。 工作地点 青岛市-城阳区-春阳路东北角 以担保或任何理由索要财物，扣押证照，均涉嫌违法。一经发现， 立即举报 客户,"基金业风控,保理风控,融资租赁风控,投资风控",http://www.zhaopin.com/jobdetail/CCL1345133460J40896277613.htm?refcode=4019&srccode=401901&preactionid=33223539-d535-4cc7-9272-9177c7df38c3
反洗钱审核-周末双休五险一金,软通动力信息技术(集团)股份有限公司,5000-7000元,成都·武侯·桂溪,广州,本科,经验不限,6月9日,zhilian,职位描述 财务风控 交易风控 反洗钱经验 银行风控经验 审计经验 任职要求： 1、有敏锐的观察力与理解力，能够洞察并挖掘风险，有较 好的总结归纳和文档输出能力。 2、本科（含）以上学历，应届毕业生或具有反洗钱或风控相关审核从业经验1年及以上 3、良好的分析及文字表达能力，逻辑思维清晰，操作能力 和学习能力好； 4、具有良好的沟通协调能力及风险意识； 5、能适应工作压力，工作细致耐心，责任心强； 6、熟练使用简单的Office办公软件。 工作地点 成都武侯区阿里中心2号楼 以担保或任何理由索要财物，扣押证照，均涉嫌违法。一经发现， 立即举报,"财务风控,交易风控,反洗钱经验,银行风控经验,审计经验",http://www.zhaopin.com/jobdetail/CC000544460J40771551716.htm?refcode=4019&srccode=401901&preactionid=33223539-d535-4cc7-9272-9177c7df38c3
信控风控专员,福建国晟祥商务咨询有限公司泉州分公司,8000-10000元,泉州·丰泽区·泉秀街道,广州,中专/中技,1-3年,7月8日,zhilian,岗位职责：受理客户咨询、协助账户管理、维护客群关系。要求普通话标准，有电话客服经验优先。公司提供完善培训体系与晋升机制，实行8小时工作制（含2小时午休），秉承“简单生活、高效工作”理念，打造专业化服务团队，助力金融机构优化客户服务体验。 工商信息 企业名称 福建国晟祥商务咨询有限公司泉州分公司 企业类型 有限责任公司分公司（自然人投资或控股） 法人代表 蒋健伟 经营状态 存续 成立时间 2021-01-05 注册资本 - 查看全部信息 认证资质 营业执照信息,"催收,银行业风控,互联网金融风控,催收风控",http://www.zhaopin.com/jobdetail/CCL1310184850J40694080008.htm?refcode=4019&srccode=401901&preactionid=33223539-d535-4cc7-9272-9177c7df38c3
反欺诈数据分析师,北京国舜科技有限公司,9000-16000元,北京·顺义·双丰,广州,本科,3-5年,7月24日,zhilian,职位描述 SQL Python 机器学习算法 金融反欺诈 数据分析 交易风控 风控建模 银行 岗位描述 1、负责利用数据分析平台制作数据报表，或利用sql语句或进行数据挖掘和分析，并撰写分析报告。根据需要可能为word或者ppt形式。 2、负责利用实时处置平台，挖掘客户实时行为，并撰写分析报告。 3、通过实际沟通和数据建模的方式，发掘客户潜在风险 2017年开始的反欺诈项目，截止目前已经7年，项目稳定。 任职要求 1.统招本科及以上学历，数学、统计、金融、计算机、人工智能、商务智能等相关专业，熟悉数据分析流程、熟悉数据挖掘者，熟悉用户画像者，硕士或从业5年以上者优先考虑。 4.了解银行企业用户相关业务或大中型企业财务相关业务流程。 5.有丰富的数据分析或数据建模经验，有反洗钱或反欺诈业务实操者、（金融业）动账数据分析或时间序列建模经验者优先。 6.能够熟练运用SQL（或NoSQL，如ES）进行数据查询与处理，掌握python、R、MLSQL、matlab、SAS或SPSS等分析工具至少一种，或熟悉大数据ETL工具者（如kettle），优先考虑。 7.对数据敏感，有好奇心，能从大量的数据中发现数据价值，为产品优化、用户运营提供支持。 8.较强的学习能力和良好的沟通能力，能承担一定的工作压力。 9.有较强得报告撰写能力，熟练掌握ppt技能为加分项。 10.有统计类建模或机器学习建模经验者优先。 需要可以熟练使用SQL，并具备一定抗压能力。 工作地点 北京顺义区民生银行总部基地 以担保或任何理由索要财物，扣押证照，均涉嫌违法。一经发现， 立即举报,"SQL,Python,机器学习算法,金融反欺诈,数据分析,交易风控,风控建模",http://www.zhaopin.com/jobdetail/CC136395810J40864105411.htm?refcode=4019&srccode=401901&preactionid=33223539-d535-4cc7-9272-9177c7df38c3
风控经理,上海厚信达科技有限公司,5-10万,上海·浦东·陆家嘴,广州,硕士,5-10年,11月24日,zhilian,岗位职责 1. 监控策略回撤与风险敞口； 2. 构建实时风险指标（VaR、ES、Beta、IR）； 3. 策略归因分析； 4. 出具风险与绩效报告； 5. 参与风控参数制定与止损机制。 任职要求 1．数理统计、金融工程专业； 2． 熟悉风险管理理论与指标； 3． 有 CTA / 多策略风控经验。 工作地点 浦东新区上海银行大厦 以担保或任何理由索要财物，扣押证照，均涉嫌违法。一经发现， 立即举报,期货风控,http://www.zhaopin.com/jobdetail/CCL1511148740J40851401212.htm?refcode=4019&srccode=401901&preactionid=33223539-d535-4cc7-9272-9177c7df38c3
风控负责人,基明资产管理(上海)有限公司,1.5-2.5万,上海·黄浦·小东门,广州,本科,3-5年,6月20日,zhilian,职位描述 风控体系制定 风控合规 基金 投资与资产管理 职责描述： 1、完善公司项目风险管理控制体系，优化并更新业务项目风控流程和标准； 2、负责基金、项目立项审批，参与业务磋商谈判，确保相关业务实施过程中风控措施的有效落实执行； 3、负责各类项目尽调工作（财务、法律尽调）以及项目风险评估，出具书面风控审核意见，参与项目上会，提供风控专项意见供投委会决策； 4、负责已投项目的投后管理以及风险控制，根据项目实际运作情况，适时发现风险并协同投资团队、法务积极寻求投后解决方案； 任职要求： 1、本科及以上学历，金融、会计、法学等专业，掌握金融业、基金业、私募股权投资相关政策法规知识，具有注册会计师或法律职业资格证书； 2、三年以上私募股权基金管理公司、投资公司风控岗工作经历，具备丰富的项目投资风控经验，曾在基金业协会备案私募股权基金风控岗位； 3、细致严谨，具有较强的逻辑思维能力、分析能力、判断能力、应变能力及大局观； 4、具有较强的团队协作精神，团队组织能力较强，有良好的口头表达与协调沟通能力； 5、具有基金从业证书； 工作地点 上海黄浦区中山东二路600号S2-1206 以担保或任何理由索要财物，扣押证照，均涉嫌违法。一经发现， 立即举报,"风控体系制定,风控合规",http://www.zhaopin.com/jobdetail/CC534897480J40604632101.htm?refcode=4019&srccode=401901&preactionid=33223539-d535-4cc7-9272-9177c7df38c3
风控策略岗,兴业消费金融股份公司,2-2.5万,上海·静安·天目西路,广州,硕士,3-5年,1月8日,zhilian,职位描述 银行业风控 工作职责 1. 负责线上小额产品风险审批策略开发和验证，包括授信、支用、反欺诈和定额定价等模块，支持自营、分润等业务模式的风险策略优化； 2. 监测各业务模式的转化数据与风险数据，识别风险异动提供优化建议； 3. 负责征信报告深入解析应用、信源引入评估和定制化算法模型的需求提报； 4. 完成领导交办的其他工作。 任职要求 1. 硕士及以上学历，统计、数学、物理、计算机、计量经济及金融等相关专业； 2. 具备良好的数据处理、分析及数据运营能力，熟练使用编程软件（如Python）和数据库查询语言（如SQL）； 3. 具备3年及以上的策略及模型研发相关工作经验； 4. 熟悉银行业务、金融学理论、审查审批理论知识、算法、统计、数学以及建模相关理论知识； 5. 具有较强的逻辑分析能力、沟通协调以及团队合作等能力； 6. 工作认真负责，具有较强的责任心及抗压能力；遵纪守法、勤勉敬业，具有良好的个人品质和职业道德。 工作地点 上海市-静安区-中兴路1777号(假日酒店对面) 以担保或任何理由索要财物，扣押证照，均涉嫌违法。一经发现， 立即举报,银行业风控,http://www.zhaopin.com/jobdetail/CC219109530J40837351105.htm?refcode=4019&srccode=401901&preactionid=33223539-d535-4cc7-9272-9177c7df38c3
全面风险管理岗,财信吉祥人寿保险股份有限公司,8000-12000元·15薪,长沙·岳麓·观沙岭,广州,本科,5-10年,7月23日,zhilian,岗位职责： 1.组织偿二代风险管理相关与全面风险管理战略相关的各项规章制度与流程的制定，并根据制度、流程的实施情况和公司未来业务发展需要，每年定期对制度与流程进行修订、维护。 2.根据偿二代11号文及12号文的相关要求定期开展风险综合评级与风险管理能力评估，撰写评估报告，持续追踪相关整改情况，并向领导汇报进展情况； 3.建立公司风险偏好体系，重点完善投资风险控制指标体系的搭建，并对保险资金投资组合进行日常风险监控、跟踪与预警，建立并维护投资风险量化工具与评估模型，为公司经营目标决策提供参考； 4.协助对具体投资项目（含标准化资产与非标资产）进行投前风险评估、投中监控及投后风险跟踪，出具独立的风险评估意见； 5.定期组织开展风险管理相关培训，覆盖各部门、各机构人员，推进风险文化宣传； 6.负责全面风险管理工作，协助并指导完成监管事项、内部报告、外部对接等工作事项。 任职要求： 1.硕士及以上学历，原则上本科或硕士应毕业于国内外知名院校，经济学类、管理学类、法学类等相关专业； 3.3年以上保险行业相关经验或5年以上金融机构相关经验；具有金融行业投资、风控、研究、内控、合规经验者优先； 4.熟悉保险行业基础知识，熟悉保险产品特点；了解国家宏观金融政策、行业发展动态，精通监管政策；熟悉保险公司内部控制及全面风险管理； 5.具备良好的沟通协调能力、分析判断能力和文字撰写能力； 6.具有注册会计师（CPA）、特许金融分析师（CFA）、金融风险管理师（FRM）、国际注册内部审计师（CIA）等资格证或具有咨询公司工作经验者优先考虑。 工作地点 长沙岳麓区楷林国际A座财信人寿 以担保或任何理由索要财物，扣押证照，均涉嫌违法。一经发现， 立即举报,保险,http://www.zhaopin.com/jobdetail/CC500476520J40923354012.htm?refcode=4019&srccode=401901&preactionid=33223539-d535-4cc7-9272-9177c7df38c3
风险控制岗（天津）,仲利国际租赁,6000-8000元,天津·东丽·华明,广州,本科,经验不限,7月26日,zhilian,职位描述 融资租赁风控 工作职责 1、搜集所辖区域产业及客户的动态讯息，完成市场开拓与营销活动； 2、执行租赁业务各项工作，包括客户开发、拜访沟通、需求挖掘、租赁项目架构等，完成各项业绩指标； 3、依公司规范，拟定与租赁业务流程相关的各类文件、合同，并负责谈判与签约； 4、负责发展、协调跨部门业务合作关系，推进租赁业务积极运行； 5、持续关注客户经营状况，与客户维持良好关系，及时完成租金回收等管理工作； 6、主管交办的其他事宜。 任职资格 1、大学本科及以上学历，金融、财会、审计等相关专业优先； 2、具备较强的财务分析、风险识别及问题解决能力； 3、具备良好的逻辑思维、沟通协调能力及抗压能力； 4、具备较强的工作责任心及良好的工作态度和团队合作精神； 5、具金融机构风险控制岗实习或工作经验者尤佳。 工作地点 天津东丽区空港商务园W13-4楼 以担保或任何理由索要财物，扣押证照，均涉嫌违法。一经发现， 立即举报,融资租赁风控,http://www.zhaopin.com/jobdetail/CC130614350J40755919306.htm?refcode=4019&srccode=401901&preactionid=33223539-d535-4cc7-9272-9177c7df38c3
风控,福建星驿支付科技有限公司,7000-12000元·14薪,福州·马尾·马尾,广州,本科,1-3年,7月10日,zhilian,职位描述 风控体系制定 风控合规 金融科技/数字金融 【考虑综合素质优秀，3年以内工作经验，有潜质的人选进行培养】 工作职责： 1、参与构建风险管理体系，设计并持续优化风控策略和模型，确保其科学性和有效性；（占比20%） 2、监控交易数据和用户行为，利用数据分析技术识别潜在风险点；（占比30%） 3、分析风险数据趋势，定期输出风险报告，提出策略优化建议，为决策提供依据；（占比30%） 4、对新产品和新业务进行风险评估，提供专业风控意见，确保项目平稳启动和健康发展。（占比20%） 任职要求： 1、统招本科及以上学历，金融、经济、统计、数学、计算机等相关专业。 2、具备支付、金融科技、银行或第三方支付机构风控策略相关实战经验优先。 3、熟悉盗刷、套现、欺诈等支付核心风险场景，具备独立的风控策略落地与迭代经验。 4、具备优秀的沟通协作、问题解决和抗压能力，学习能力强，适应性好。 我们为你提供！！！ 1、五险一金、餐补和交通补贴 2、办公环境：配有4层食堂和免费健身房的落地窗户办公大楼，园区还有篮球场+免费停车场 3、不定期组织节日活动或抽奖，每月一次员工生日会，还有年终体检福利 4、年轻化的工作团队和NICE的领导 5、覆盖福州市区几十个站点的免费班车往返接送，通勤无忧 工作地点 福州马尾区新大陆科技园弘卓楼10-13层 以担保或任何理由索要财物，扣押证照，均涉嫌违法。一经发现， 立即举报,"风控体系制定,风控合规",http://www.zhaopin.com/jobdetail/CC356063210J40726062815.htm?refcode=4019&srccode=401901&preactionid=33223539-d535-4cc7-9272-9177c7df38c3
风控,江西亦博国际贸易有限公司杭州分公司,1.5-2.5万,杭州·余杭·仓前,广州,本科,3-5年,7月16日,zhilian,"岗位职责 1、搭建交易风控管理制度与风险监控预警体系，全面管控公司期现业务全流程的风险； 2、监控交易账户识别异常交易或违规行为，及时反馈账户风险进行预警提醒； 3、监控交易账户资金状况，盈亏、敞口以及保证金变动跟踪； 4、协助业务部门办理套保、交割等相关业务； 5、盘后归集交易相关数据，对现货台账与期货结算单进行核对与匹配； 6、配合财务等部门完成各项期现交易数据的核对与利润核算； 7、负责各项交易数据的收集分析与报表编制，为公司与各部门的决策判断提供数据支持； 8、上级交办的其他工作。 任职要求： 1、本科及以上学历，金融、统计、数学等专业优先，获得期货从业资格证优先； 2、3年以上期货公司/大宗商品交易风控管理经验，同时熟悉期货与现货业务逻辑，具备0-1搭建期现业务风控体系经验，熟悉SHFE, LME的交易规则； 3.责任心强、细致严谨、严格遵守业务规章制度具备良好的风控意识和较强的抗压能力； 4、具备较强的数据分析能力，熟练掌握excel等各种办公软件及其他数据分析工具。 行业：有色金属 能力优者，薪资可面议。 工作地点 杭州余杭区欧美金融城 以担保或任何理由索要财物，扣押证照，均涉嫌违法。一经发现， 立即举报","期货风控,期现结算,交易风控,有色金属,大宗商品",http://www.zhaopin.com/jobdetail/CCL1482649460J40832425609.htm?refcode=4019&srccode=401901&preactionid=33223539-d535-4cc7-9272-9177c7df38c3
风控合规专员,武汉临空经济区人力资源服务有限公司,5000-7000元,武汉·黄陂·盘龙经开区,广州,本科,3-5年,7月10日,zhilian,岗位职责 1.负责搭建完善公司内控合规管理制度体系与工作流程，指导并督促各单位制度落地执行。 2.负责制定年度内控合规工作计划，组织实施监督检查，保障计划落地并撰写年度总结。 3.负责统筹重大经济合同的谈判、审核及履约监督，规范合同全流程合规管理。 4.负责牵头法律风险防控，处理诉讼与非诉事务，提供法律咨询并开展合规法律培训。 5.负责组织开展专项审计、经济责任审计及重难点问题审计，强化经营合规监督；协调配合外部审计工作，统筹下属单位风险管理体系的评估与审核。 岗位要求： 1.本科及以上学历； 2.法律类、财务审计类、金融类、经济学类相关专业； 3.6年及以上工龄，3年及以上相关合规管理、审计类工作经验； 4、中共党员优先考虑； 5、拥有中级及以上职称优先考虑； 6.具备履行岗位职责所需的专业知识； 7.具有较好的沟通协调能力；有较强的管理能力，具有较强风险管控能力、组织协调能力及应变能力； 8.能力和业绩突出者可适当放宽资格条件； 9.服从调剂。 工作地点 武汉黄陂区空港中心A座 以担保或任何理由索要财物，扣押证照，均涉嫌违法。一经发现， 立即举报,法务风控,http://www.zhaopin.com/jobdetail/CCL1363349130J40880181805.htm?refcode=4019&srccode=401901&preactionid=33223539-d535-4cc7-9272-9177c7df38c3
风控合规岗,横琴人才集团有限公司,1-2万,珠海·香洲区·横琴镇,广州,本科,3-5年,7月25日,zhilian,岗位职责： 1、负责统筹公司风险管控与合规管理体系搭建及落地； 2、深入参与招商、服务等业务沟通与谈判，能识别并防范各类经营风险； 3、统筹开展风险评估与合规审查，牵头合规培训与监督检查，保障公司运营符合法律法规及内部制度要求； 4、配合处理合规相关纠纷与问题，维护公司合法权益； 5、协助团队完成各项工作目标，完成上级交办的其他相关工作。 任职要求： 1、学历背景：本科及以上学历，法学、审计学等相关专业优先； 2、经验要求：具备3年以上国央企风险控制、法务、审计等相关工作经验，熟悉产业招商、企业服务等业务流程及相关法律法规。具有国央企、律所、审计咨询机构等工作经验的优先； 3、能力要求：掌握风控合规管理、审计等核心知识与技能，具备较强的风险识别、评估、分析及处置能力；具备良好的文字撰写、沟通协调及问题解决能力，具有强烈的责任心与原则性，工作严谨细致，具备良好的团队协作精神与抗压能力； 4、技能要求：持有法律职业资格证、初级及以上审计师等相关资格证书者优先；熟悉产业园区招商相关政策法规者优先。 横琴深合产业发展服务有限公司招聘岗位 工作地点 珠海香洲区中葡经贸中心 以担保或任何理由索要财物，扣押证照，均涉嫌违法。一经发现， 立即举报,"风控合规,风控体系制定,招商",http://www.zhaopin.com/jobdetail/CCL1486219090J40846165711.htm?refcode=4019&srccode=401901&preactionid=33223539-d535-4cc7-9272-9177c7df38c3
算法工程师,拼多多,2.5-5万·16薪,上海·长宁·天山路,广州,本科,3-5年,7月23日,zhilian,职位描述 算法 风控 电商 AI 多模态 平台治理 人工智能 1. 理解电商平台业务，负责风控模型、算法的研究和优化，研究行业方案和技术更新迭代； 2. 负责风控场景的数据特征分析挖掘，针对具体业务场景训练和优化模型和算法，推进方案落地。 任职要求 1. 具备2年以上数据模型、机器学习算法相关经验，有电商风控模型背景者优先； 2. 熟悉机器学习原理，了解常用机器学习算法，学习能力强，能熟练运用模型解决真实风控问题； 3. 在电商领域拥有风控和安全经验，有团队管理经验者加分； 4. 具有团队精神、责任感强、具备服务意识。 工作地点 上海市-长宁区-娄山关路533号金虹桥国际中心 以担保或任何理由索要财物，扣押证照，均涉嫌违法。一经发现， 立即举报,"算法,风控,电商,AI,多模态,平台治理,人工智能",http://www.zhaopin.com/jobdetail/CC625242220J40819171610.htm?refcode=4019&srccode=401901&preactionid=33223539-d535-4cc7-9272-9177c7df38c3
风控专员,烟台海曜合信投资有限公司,5000-8000元,烟台·芝罘·东山,广州,大专,经验不限,7月8日,zhilian,职位描述 投资与资产管理 一、任职要求： 1、对金融领域有兴趣者，想在金融领域施展抱负； 2、有其他工作经历者，但不满足于现状，想对金融方向做尝试和了解； 3、有资金管理经历者，但困惑却无解决之道，愿意来公司沟通互补交流者； 4、有较强学习能力、分析能力、风险控制能力和情绪管理能力； 5、对公司资金高度负责，把握市场机会，确保账户达到稳定收益。 二、工作时间： 上午9：00—下午17：30，时间灵活可以居家办公。 三、福利待遇： 1、周末双休不加班，法定节假日正常休息，带薪年假。 2、节日礼品，公司氛围良好，优异者提供出国旅游。 3、工作弹性，定期团建。 4、透明化晋升。 工作地点 烟台市芝罘区解放路156号B座 以担保或任何理由索要财物，扣押证照，均涉嫌违法。一经发现， 立即举报,投资与资产管理,http://www.zhaopin.com/jobdetail/CCL1516102080J40744318406.htm?refcode=4019&srccode=401901&preactionid=33223539-d535-4cc7-9272-9177c7df38c3
风险总监,南宁威宁投资集团有限责任公司,2-2.5万,南宁·良庆·良庆镇,广州,本科,5-10年,6月23日,zhilian,职位描述 风控体系制定 财务风控 业务流程风控 经济法 旅游业 大宗贸易 投资与资产管理 1.坚决拥护中国共产党的领导，自觉学习贯彻习近平新时代中国特色社会主义思想，具备较高的政治觉悟和大局意识。坚持原则，作风民主，密切联系群众，廉洁自律，处事公正。 2.具有法学、金融、经济、管理类大学本科及以上学历； 3.持有法律职业资格证书（A证），同时具备注册会计师（CPA）、注册风险管理师（FRM）、企业合规师、证券从业资格等相关资质证书者优先。 4.具有8年以上风险管理、法律、合规相关经验，其中3—5年以上国企、金融机构或大型民企风控管理经验。 5.熟悉《公司法》《企业国有资产法》等国家法律法规，精通国资监管政策要求，熟悉所在行业的业务模式、监管规则和风险特征，能够平衡风控要求与业务发展需求，提出可落地的风险解决方案。 6.有主导重大风险处置案例、参与过私募基金、国企混改等项目的风控经验，或有千万级以上经济纠纷处置成功案例者优先。 7.具备较强的统筹管理能力、沟通协调能力、应急处置能力，能够带领团队完成复杂项目的风险管控工作，有效协调内外部专业资源。 8.特别优秀的，可适当放宽条件。 工作地点 良庆区南宁威宁市场发展有限责任公司 以担保或任何理由索要财物，扣押证照，均涉嫌违法。一经发现， 立即举报 客户,"风控体系制定,财务风控,业务流程风控,经济法",http://www.zhaopin.com/jobdetail/CCL1318355140J40894577603.htm?refcode=4019&srccode=401901&preactionid=33223539-d535-4cc7-9272-9177c7df38c3
风控合规专员,青岛市宇泰典当有限公司,4000-8000元,郑州·管城·航海东路,广州,本科,1-3年,3月30日,zhilian,岗位职责： 1.协助风控经理完成项目资料的收集、整理及初步审核，包括但不限于：主体资质文件、财务报表、担保材料、融资合同等，协助风控经理审查项目合规性，核实是否存在新增隐性债务、违规担保、虚假包装等情形，对客户财务报表进行初步分析，计算关键财务指标（资产负债率、流动比率、现金流等），识别异常波动及潜在风险； 2.参与项目尽职调查，协助风控经理完成现场访谈、实地考察、资料核验等工作，整理尽调底稿，协助风控经理撰写《风险评估报告》，整理项目数据，汇总风险要点； 3.协助完成属地项目的贷后检查工作，包括但不限于：现场回访、资料收集、资金用途核实、还款提醒；发现项目异常情况（如逾期、经营恶化、担保物变更等），第一时间向风控经理报告； 4.负责分公司风控档案的整理、归档及保管，确保档案完整、规范、可追溯，负责区域项目数据、风险指标的统计汇总，定期提交区域风险数据周报/月报/季报/年报等报表。 任职要求： 1.金融、经济、财务、数学、统计、法律类专业优先； 2.1-3年银行、投行、证券、基金、资产管理或政府平台融资领域或会计师事务所审计/尽调相关工作经验； 3.持有基金从业资格、证券从业资格、银行从业资格、CPA部分科目通过、法律执业资格等证书者优先 4.具备数据分析能力和较强的风险意识； 5.具备较强的学习能力，良好的沟通和团队合作能力。 工作地点 郑州管城回族区正商国际广场 以担保或任何理由索要财物，扣押证照，均涉嫌违法。一经发现， 立即举报,"投资与资产管理,基金,信托",http://www.zhaopin.com/jobdetail/CC227009130J40838203201.htm?refcode=4019&srccode=401901&preactionid=33223539-d535-4cc7-9272-9177c7df38c3
风控审核专员,平安车管家服务有限公司,8000-12000元·14薪,上海·浦东·潍坊新村,广州,本科,1-3年,11月19日,zhilian,职位描述 贷款审核 汽车金融 工作职责： 1、负责对客户车辆信息及融资方案进行确认，熟练运用各项资源进行资料防伪鉴别以及信息交叉验证; 2、负责根据公司风控政策对客户进行评审; 3、负责防控客户欺诈风险，有一定的欺诈识别技术及能力; 4、负责对风控政策、业务流程、系统建设提出优化及改进建议; 5、完成部门交办的其他事项。 任职要求： 1、具备一年及以上贷款审批经验(有汽车金融审批经验优先); 2、熟悉零售审核业务工作流程、标准以及相关的风控政策、制度; 3、具有敏锐的风险识别能力，较强的风险防范和处理能力; 4、具备良好的职业道德，沟通能力佳； 5、具备基本数据分析及项目分析经验。 工作地点 上海浦东新区平安财富大厦 以担保或任何理由索要财物，扣押证照，均涉嫌违法。一经发现， 立即举报,贷款审核,http://www.zhaopin.com/jobdetail/CCL1328809050J40647603909.htm?refcode=4019&srccode=401901&preactionid=33223539-d535-4cc7-9272-9177c7df38c3
风控专员,厦门象屿金象控股集团有限公司,1-1.5万·15薪,深圳·福田·福田街道,广州,本科,1-3年,3月2日,zhilian,职位描述 制造业 财务/审计/税务 工作职责： 1、负责范围内的产业金融业务（制造业、矿业等企业）全流程风险管理工作的具体实施，包括业务项目尽调及评审工作。 2、针对业务提报的项目，通过现场访谈、资料收集、实地考察等，协助业务团队对客户的生产经营情况进行核实分析，对客户进行资信评价并出具可行性评审意见。 3、协助内控体系建设、评价与完善工作。 4、上级主管交代的其他事项。 任职要求： 1、本科以上学历，优先理科或工科、其次商科相关专业毕业； 2、1-2年制造业企业的财务工作经验或者审计工作经验； 3、具备较强的学习能力及分析能力，针对全新的客户，能快速了解及分析客户的盈利和负债水平，具备一定的审计思路； 4、具备尽职调查的能力，能够通过访谈、财务审计等综合手段分析客户的资信状况； 5、独立客观、严谨细致，具有高度的责任感、敬业精神及职业操守，有良好的团队协作能力； 6、乐于学习新的知识与接受新的事物与挑战，能接受一定频率的出差，抗压能力强。 工作地点 深圳福田区华嵘大厦 以担保或任何理由索要财物，扣押证照，均涉嫌违法。一经发现， 立即举报,财务/审计/税务,http://www.zhaopin.com/jobdetail/CC329629930J40855330213.htm?refcode=4019&srccode=401901&preactionid=33223539-d535-4cc7-9272-9177c7df38c3
风控专员(J10078),银川威力传动技术股份有限公司,6000-9000元,银川·西夏区·北京西路街道,广州,本科,3-5年,7月8日,zhilian,岗位职责: 1. 风险识别与评估：通过数据分析、资料审核等方式，识别业务中的信用、操作、合规等风险。 2. 流程监控与审核：监控业务流程，确保符合内控制度与监管要求。 3. 数据监测与分析：定期收集业务数据，监控风险指标，撰写分析报告。 4. 合同与文件审核：审核业务合同及相关法律文件，评估合规性与风险。 5. 专项风险处理：部分岗位涉及应收账款清收、逾期设备处置或供应链金融业务的风险审核。 任职要求: 1. 学历与专业：普遍要求本科及以上学历，金融、经济、会计、审计、法律、统计学等相关专业。 2. 专业知识：需掌握风险管理、财务分析或法律合规知识。 3. 技能与工具：熟练使用Office办公软件（尤其是Excel）；掌握SQL、Python等数据分析工具者优先。 4. 证书：拥有初级会计、CPA（注册会计师）或法律职业资格等相关证书是重要加分项。 工作地点 西夏区银川威力传动技术股份有限公司 以担保或任何理由索要财物，扣押证照，均涉嫌违法。一经发现， 立即举报,"风控体系制定,风控合规",http://www.zhaopin.com/jobdetail/CC539218120J40951969502.htm?refcode=4019&srccode=401901&preactionid=dfb46e42-efb4-4a39-91dc-5df7b5bdd89f
风控法务岗,物产中大化工(宁波)有限公司,1.3-1.7万,宁波·鄞州·福明,广州,本科,1-3年,5月30日,zhilian,岗位职责： 1.合同与合规执行: -处理公司业务全流程法律文件(采购/销售/物流合同等)的起草、审核与执行跟踪； -参与公司业务的合规审查，执行日常合规检查工作。 2.客商评估： -负责供应商及客户的信用风险评估工作 3.诉讼与纠纷处理: -协助承办公司涉诉案件，协助立案、证据梳理、出庭应诉、执行跟进等全流程工作; -协助处理非诉纠纷(如谈判、发函)，整理纠纷台账并跟踪进展。 4.基础法律支持: -为业务部门提供日常法律咨询(如贸易条款解读、合规疑问)； -对接外聘律师，协助跟进案件进展并整理法务文件档案。 5.其他 -部门内部事务 -领导交办的其他事务 岗位要求： 1. 本科及以上学历，法学专业（民商事法学专业优先），持有法律职业资格证书（有CPA证书优先）； 2. 2-5年大宗商品行业风控法务岗工作经验； 3. 熟悉民商事法律法规，可单独处理内外贸业务相关合同的拟定与修改及相关法律事务的处理； 4. 工作地点宁波，可适应出差。 工作地点 宁波鄞州区交通银行大厦 以担保或任何理由索要财物，扣押证照，均涉嫌违法。一经发现， 立即举报,民商法,http://www.zhaopin.com/jobdetail/CCL1519641160J40857806309.htm?refcode=4019&srccode=401901&preactionid=dfb46e42-efb4-4a39-91dc-5df7b5bdd89f
风控管理经理,兄弟科技股份有限公司,1-1.2万·14薪,嘉兴·海宁市·周王庙镇,广州,本科,3-5年,7月9日,zhilian,岗位职责： 1、负责公司全面风险管理战略规划与相关政策制订； 2、负责公司全面风险管理系统的规划、设计、建立健全、运行监控、评价和改进； 3、负责组织集团重大战略性、系统性风险，特别是外部宏观环境变化导致的风险的观察、分析、研判、预警和制订防范措施； 4、负责协同战略发展部开展国际政治风险的分析识别，并提出防范措施建议并督导执行； 5、推动、监督、协调、指导各职能系统与事业部的风险预防、处理和改善工作； 6、负责组织、推动全集团风险防控宣传和教育工作，包括但不限于风险管理意识、预防知识和识别方法等的培训与宣导活动； 7、负责定期或不定期向管理层汇报公司风险管控工作状况，包括但不限于风险管理系统建设、运行、成效和改进等； 8、负责公司法律事务的统筹策划与外部对接，组织法务经理依管理权限开展相关评审工作； 9、负责组织公司投资（包括对外投资和项目建设）风险评估及风险防范措施制订及措施落地跟踪和预警； 10、负责协同财务中心开展金融和汇率风险的分析识别，并提出防范措施建议并督导执行。 岗位要求： 1、5年以上大型制造业财务工作经验，其中3年以上管理经验，外资企业优先； 2、精通财经法规，良好的沟通，协调以及解决实际问题的能力，持续的学习精神和能力，执行力强，文笔流畅。中级会计师或以上职称，有较强的抗压能力。 工作地点 嘉兴海宁市兄弟科技集团公司 以担保或任何理由索要财物，扣押证照，均涉嫌违法。一经发现， 立即举报,"法务风控,风控合规,风控稽核,内部风控",http://www.zhaopin.com/jobdetail/CC184083610J40873000303.htm?refcode=4019&srccode=401901&preactionid=dfb46e42-efb4-4a39-91dc-5df7b5bdd89f
风控经理,黑龙江省首建投资有限公司,8000-13000元,哈尔滨·道里·康安,广州,本科,经验不限,7月8日,zhilian,岗位职责： 1、学习并研究市场最新动态，提升技能技巧，完善系统； 2、对于市场风险要有一定的敏锐度，严格制定并执行风控体系，管理好账户，将账户风险最小化； 3、合理运用公司资源，将公司提供的资源利益最大化。 二、任职要求： 1、本科学历及以上学历。 2、有金融方面相关工作经验者优先考虑，对于金融行业有一定的兴趣，并愿意在此行长远发展； 3、具有较强的学习能力，对于新鲜事物有一定的敏锐度，善于思考和总结。 三、工作时间： 周一至周五，上午9：00—下午17：30，周末双休，节假日正常放假。 福利待遇： 1、周末双休不加班，法定节假日正常休息，带薪年假。 2、节日礼品，公司氛围良好，优异者提供出国旅游。 3、工作弹性，定期团建。 4、透明化晋升。 工作地点 哈尔滨道里区富力中心-t2座 以担保或任何理由索要财物，扣押证照，均涉嫌违法。一经发现， 立即举报,"互联网金融风控,投资风控,期货风控,证券业风控,基金业风控",http://www.zhaopin.com/jobdetail/CCL1512282750J40864446110.htm?refcode=4019&srccode=401901&preactionid=dfb46e42-efb4-4a39-91dc-5df7b5bdd89f
国企-合规风控岗,天津市景程企业管理咨讯顾问有限公司,2-2.7万,厦门·同安·洪塘,广州,本科,5-10年,12月10日,zhilian,职位描述 国际贸易 航空航天 诉讼经验 基金 工作职责： 1、 根据集团发展和建立健全集团全面风险管理体系需要，拟订和贯彻风险管理制度、风控评审体系、风险指标与风险预警体系、风险评价机制等； 2、 拟订有关业务领域的风险评价标准、相关制度和工作流程； 3、 协调内外部风控检查和考核评价工作，负责草拟有关风控报告、总结计划等，信息披露文件等； 4、 审查业务的合规风险、市场风险和操作风险，对项目风险评审及运行过程中的相关风控要点出具分析评价意见； 5、 审查具体业务管理制度、操作流程的合规性和有效性，组织监督实施； 6、 研究有关法律、法规和政策，组织对重点行业、客户和产品进行跟踪检测和系统风险的研究； 7、 参与各项业务的尽职调查，撰写尽职调查报告，跟踪合作方的资信情况、合同履约情况、市场动态、行业趋势等进行动态跟踪，及时披露相关风险； 8、 参与风险事件或异常事件的处置、化解。 任职资格： 1、本科及以上学历，法律类相关专业，持有基金从业资格证书优先； 2、具备三年以上从事私募股权、证券、基金或上市公司的风险防控岗位工作经验，熟悉国有企业风险管理与合规管理流程，熟悉股权投资、国际贸易或航空产业中至少一个领域的风控要点及其应对，掌握该领域相关法律法规与监管政策； 3、具备三年以上的诉讼实务经验，熟悉诉讼（包括仲裁）法律程序和工作流程，能够独立办理诉讼案件、出庭应诉； 工作地点 厦门同安区苏颂文化广场详情请咨询景程猎头 以担保或任何理由索要财物，扣押证照，均涉嫌违法。一经发现， 立即举报,"国际贸易,航空航天,诉讼经验,基金",http://www.zhaopin.com/jobdetail/CC135256990J40905498808.htm?refcode=4019&srccode=401901&preactionid=dfb46e42-efb4-4a39-91dc-5df7b5bdd89f
期货风控专员,陕西滋华贸易有限责任公司,4000-6000元,西安·灞桥·新筑,广州,本科,1-3年,7月3日,zhilian,职位描述 期货风控 期货风险监控 风控指标体系搭建 风控报告输出 工作职责 1. 负责公司期货交易的日常风险监控，实时跟踪持仓头寸、保证金充足率及市场波动情况，及时识别潜在风险点。 2. 建立并优化期货风控指标体系，包括但不限于敞口限额、止损机制及压力测试模型，确保风险可控。 3. 与交易、业务部门协同，对期货交易策略进行风险评估，提供专业风控建议，保障业务合规开展。 4. 定期输出风控报告，分析市场风险趋势，为管理层决策提供数据支持。 任职要求 1. 本科及以上学历，计算机应用、数学、金融、经济、统计学等相关专业优先。 2. 熟悉期货市场交易规则及风险管理流程，具备1年以上期货风控或相关岗位工作经验。 3. 掌握风险识别、评估及控制方法，能熟练使用Excel、Wind等工具进行数据分析。 4. 具备较强的责任心与风险敏感度，能在压力下快速响应并解决问题。 福利 1、上班时间：8：50-16：30，周末双休，法定节假日全休 2、缴纳社保 工作地点 西安灞桥区中西部陆港金融小镇-C座 以担保或任何理由索要财物，扣押证照，均涉嫌违法。一经发现， 立即举报,"期货风控,期货风险监控,风控指标体系搭建,风控报告输出",http://www.zhaopin.com/jobdetail/CC433105180J40861222701.htm?refcode=4019&srccode=401901&preactionid=dfb46e42-efb4-4a39-91dc-5df7b5bdd89f
风控专员,唐山物流产业有限公司,6000-10000元,唐山·路北区·翔云道街道,广州,本科,1-3年,7月17日,zhilian,岗位职责：负责公司风险排查与识别，建立风险台账；协助制定风险防控措施及应急预案；收集行业风险信息。 任职要求：本科及以上学历，金融学类、法学类、经济与贸易类、工商管理类、统计学类专业；2年及以上风险管控或相关领域工作经验，熟悉尽职调查流程，熟悉风险管理相关理论及方法，具备较强的数据分析和报告撰写能力；具有金融、大宗商贸及供应链金融服务领域风控工作经验。特别优秀者年龄可适当放宽（如高学历、高职称、重大项目经验等）。 工作地点 路北区唐山金融中心-3号楼 以担保或任何理由索要财物，扣押证照，均涉嫌违法。一经发现， 立即举报,风控合规,http://www.zhaopin.com/jobdetail/CCL1515851550J40847758811.htm?refcode=4019&srccode=401901&preactionid=dfb46e42-efb4-4a39-91dc-5df7b5bdd89f
风控合规,北京益安资本管理有限公司,6-8万,济南·历下·姚家,广州,本科,3-5年,12月30日,zhilian,职位描述 基金 法律、金融、经济、风险管理或相关专业本科及以上学历。 持有基金从业资格。 具备FRM、法律职业资格或相关证书者、或具有3年以上投资相关的法律、会计、审计、监察、稽核或者资产管理行业合规、风控、监管和自律等相关工作经验者优先。 全面负责公司私募证券投资基金业务的风险管理与合规控制工作，确保基金运作符合法律法规、监管规定及公司内部制度，能够深入理解并持续跟踪与私募证券投资基金相关的法律法规，同时能够对基金投资运作进行独立监控和风险评估。 工作地点 济南历下区银丰财富广场 以担保或任何理由索要财物，扣押证照，均涉嫌违法。一经发现， 立即举报,基金,http://www.zhaopin.com/jobdetail/CCL1506766400J40783829614.htm?refcode=4019&srccode=401901&preactionid=dfb46e42-efb4-4a39-91dc-5df7b5bdd89f
风控管培生,安徽秦淮天下商务咨询有限公司,6000-8000元,徐州·鼓楼区·琵琶街道,广州,中专/中技,经验不限,7月24日,zhilian,职位描述 互联网金融风控 催收风控 职位要求： 1、中专及以上学历； 2、良好的语言沟通能力； 3、良好的自我管理能力与团队协作能力； 4、应届生和实习生优先考虑，工作经验不限； 工作内容： 1、日常电话业务处理，协助客户处理银行贷款，维护客户人行征信； 2、与客户接触中识别客户风险，调查其风险情况； 3、日常电话工作经验总结，寻找新的方法，提升工作效率； 4、协助领导优化业务流程； 5、经验分享，与同事共同进步。 工作时间：早8:30-晚6:30，午休1.5小时，月休6天 徐州分公司有三个办事处，可以就近安排工作地点 东区：徐海路7号高铁时代广场 西区：泉山区盛景国际写字楼 北区：鼓楼区祥和泽惠家园附近 职位福利：享受五险、绩效奖金、节日福利、生日福利、加班补贴 工作地点 徐州鼓楼区泽惠家园 以担保或任何理由索要财物，扣押证照，均涉嫌违法。一经发现， 立即举报,"互联网金融风控,催收风控",http://www.zhaopin.com/jobdetail/CC536667880J40253456911.htm?refcode=4019&srccode=401901&preactionid=dfb46e42-efb4-4a39-91dc-5df7b5bdd89f
风控专员--双休--五险一金,软通动力信息技术(集团)股份有限公司,5000-6000元,成都·武侯·桂溪,广州,本科,1-3年,6月2日,zhilian,职位描述 风控体系制定 风控稽核 风控合规 金融科技/数字金融 1、有敏锐的观察力与理解力，能够洞察并挖掘风险，有较 好的总结归纳和文档输出能力。 2、本科（含）以上学历，应届毕业生或具有反洗钱或风控相关审核从业经验1年及以上 3、良好的分析及文字表达能力，逻辑思维清晰，操作能力 和学习能力好； 4、具有良好的沟通协调能力及风险意识； 5、能适应工作压力，工作细致耐心，责任心强； 6、熟练使用简单的Office办公软件。 工作地点 武侯区阿里中心成都市高新区益州大道1999号15栋2号楼（即阿里中心2号楼，位于天府四街蚂蚁C空间后面） 以担保或任何理由索要财物，扣押证照，均涉嫌违法。一经发现， 立即举报,"风控体系制定,风控稽核,风控合规",http://www.zhaopin.com/jobdetail/CC000544460J40812008816.htm?refcode=4019&srccode=401901&preactionid=dfb46e42-efb4-4a39-91dc-5df7b5bdd89f
汽金风控负责人,芜湖瑞盈汽车服务有限公司,1-2万·15薪,合肥·包河,广州,本科,3-5年,6月9日,zhilian,岗位职责： 1、负责零售客户贷前初审，审核策略的制定，保质高效完成审核工作； 2、负责零售客户业务数据的监测，防范集中性欺诈风险的发生； 3、负责资方审批政策的解读、操作与传达，制定内部操作规程； 4、完成领导交办的其他工作。 任职要求： 1、本科及以上学历，专业不限，金融、经济等专业优先，熟练使用办公软件，具备数据处理分析能力； 2、3年及以上信贷行业审核和管理相关经验； 3、熟悉车贷行业的风险特征，严格履行风险审核职责； 4、良好的承压能力，具备根据公司目标有指导自身和团队的工作方向与思路。 职位福利：五险一金、周末双休、交通补助、餐补、通讯补助、带薪年假、节日福利、绩效奖金 职位亮点：周末双休 年终奖金 五险一金 工作地点 合肥包河区滨湖宝文中心1号楼宝文中心1号写字楼35楼 以担保或任何理由索要财物，扣押证照，均涉嫌违法。一经发现， 立即举报,贷款审核,http://www.zhaopin.com/jobdetail/CC834174370J40868533114.htm?refcode=4019&srccode=401901&preactionid=dfb46e42-efb4-4a39-91dc-5df7b5bdd89f
安全治理/风险治理,贝壳找房,8000-12000元·14薪,成都·锦江·春熙路,广州,本科,3-5年,7月24日,zhilian,岗位职责 1. 房屋安全风险全链路治理：聚焦甲醛、漏水、燃气、火灾、虫害、高空坠物等高发房屋风险场景，定义风险特征与分级标准；设计并持续优化风险管控策略，建立预防-监测-处置闭环。 2. 数据驱动的策略优化：基于历史房客风险数据（如赔付、负反馈等），进行多维下钻分析（房屋特征/客源特征/治理供应商服务质量等维度），定位风险根因，迭代房客准入、房屋排查、供应商管理等策略。 3. 关键指标协同运营：根据风险治理指标，联动城市资管/租务/审核团队制定过程管控标准及规则，推动落地风险管控策略 4. 供应商引入和管理：监控治理供应商服务质量，建立质检规则与奖惩机制（权益分级/罚款/淘汰等），持续推动供应商服务标准化与风险化解效率提升 5. 治理系统化能力建设：抽象高频风险场景（如甲醛、漏水溯源），提出治理产品需求，协同产品/技术团队推动系统优化 岗位要求 1.统招本科及以上学历，3年及以上风险治理、风险策略运营或房屋托管运营等相关工作经验，熟悉风险管控流程。 2.具备较强的数据分析和下钻能力，能够独立完成数据解析，熟练使用SQL者优先。 3.目标感强，有一定的抗压能力，善于深度思考问题，具备良好的业务理解能力； 4.项目工作经验：参加过项目的设计或管理工作并担任过项目经理优先 工作地点 成都锦江区航天科技大厦贝壳租房 以担保或任何理由索要财物，扣押证照，均涉嫌违法。一经发现， 立即举报,"风控体系制定,业务流程风控",http://www.zhaopin.com/jobdetail/CC300255130J40957790315.htm?refcode=4019&srccode=401901&preactionid=dfb46e42-efb4-4a39-91dc-5df7b5bdd89f
大数据建模岗位4人（专职反诈1人）,胜通和科技有限公司广州分公司,7000-11000元,石家庄·裕华·长江,广州,本科,3-5年,7月26日,zhilian,岗位职责 1.负责客户运营、精准营销、风险识别、服务保障、投诉预警、业务发展及渠道运营等场景的数据建模。 2.基于业务数据、行为数据、网络数据、服务数据和工单数据等多源数据，开展数据清洗、样本构建、特征提取、标签加工和训练数据集建设。 3.参与用户画像、客户分群、流失预警、价值评估、风险识别、策略推荐和异常检测等模型的开发、验证、优化及迭代。 4.根据业务目标设计建模方案，明确样本口径、特征逻辑、模型方法、评估指标和应用策略。 5.跟踪模型准确率、召回率、覆盖率、命中率、转化率和稳定性等指标，持续开展模型效果评估和优化。 6.参与标签体系、特征库、模型库和样本库等基础能力建设，推动建模能力沉淀复用。 7.对接业务、数据开发、系统开发及运营团队，完成需求拆解、数据核查、模型上线、效果复盘和问题排查。 任职要求 1.本科及以上学历，统计学、数学、计算机、人工智能、大数据或通信工程等相关专业优先。 2.具备数据建模、机器学习、用户画像、精准营销、推荐算法或预测模型等相关经验。 3.熟练掌握SQL，能够独立完成数据提取、样本构建、特征加工、多表关联和数据核查。 4.熟悉Python数据建模工具，能够使用Pandas、NumPy、Scikit-learn、XGBoost、LightGBM等完成数据处理、模型训练和效果评估。 5.理解分类、回归、聚类、排序、异常检测和时间序列预测等常用模型及建模流程。 6.具备较强的特征工程能力，能够结合业务构建用户行为、消费、渠道、服务及风险等特征。 7.熟悉准确率、召回率、F1、AUC、KS、Lift、覆盖率、命中率和转化率等评估指标。 8.了解Hadoop、Hive、Spark、Flink、ClickHouse、MySQL、PostgreSQL等大数据组件或数据库。 9.具备较强的业务理解和问题抽象能力，能够将业务问题转化为可建模、可验证和可落地的数据问题。 10.工作严谨，具备良好的数据质量意识、问题排查、沟通协作和文档编写能力。 加分项 1.具有电信运营商、金融风控、互联网用户运营或政企行业数据建模经验。 2.具有客户分群、流失预警、精准营销、风险识别、投诉预警、用户画像或推荐模型项目经验。 3.具有模型上线、模型监控、效果复盘和策略闭环运营经验。 4.具有标签体系、特征库、模型库或样本库建设经验。 工作地点 石家庄裕华区润都盛和广场-E座4楼 以担保或任何理由索要财物，扣押证照，均涉嫌违法。一经发现， 立即举报 客户,Java,http://www.zhaopin.com/jobdetail/CC702648730J40952215108.htm?refcode=4019&srccode=401901&preactionid=dfb46e42-efb4-4a39-91dc-5df7b5bdd89f
金融风控总监,河北太行投控融资担保有限公司,1.1-2万,保定·竞秀·韩村北路,广州,大专,3-5年,,zhilian,岗位职责 1、制定公司风控战略，搭建覆盖准入评审、额度管理、保后监控、理赔追偿的全流程风控管理体系，为业务部门提供风控培训与专业支持，参与公司重大业务决策。 2、建立风险分类分级管理制度，针对不同业务模式制定差异化风控策略。 3、主导基建、房建、市政等领域千万级以上保函项目的风险评估与审批。 4、跟踪《民法典》担保制度、银保监会监管规定等法规动态，保障业务合规；牵头风险事件应急响应，组织风险排查与压力测试，定期出具风险评估报告。 二、任职要求 1、 法律、金融、经济等相关专业本科及以上学历。 2、5年以上银行保函、工程担保或相关金融领域风控经验，其中3年以上管理岗经验；具备商业保函或银行保函风控实操经验，具备大型项目风控主导经验。 3、精通《民法典》担保制度、银保监会《融资担保公司监督管理条例》等核心法规；具备财务分析、信用评分、风险敞口计算等风险量化能力。 4、优秀的跨部门协作与资源整合能力，能够平衡风险管控与业务发展。 展开该职位详情,"银行业风控,保险业风控,供应链金融风控,互联网金融风控,融资租赁风控,金融技术风控,保理风控",http://www.zhaopin.com/jobdetail/CC548618280J40863336410.htm?refcode=4019&srccode=401901&preactionid=dfb46e42-efb4-4a39-91dc-5df7b5bdd89f
风控合规管理岗,XX公司,1-1.5万,苏州·姑苏·平江,广州,硕士,3-5年,7月21日,zhilian,职位描述 风控体系制定 建筑/土木/市政设计 持有法律职业资格证者优先；熟悉民商法、经济法、劳动法等法律法规；具有较强的语言文字表达能力 职位福利：五险一金、绩效奖金、全勤奖、带薪年假、节日福利、项目奖金 工作地点 姑苏区苏州市贸易局 以担保或任何理由索要财物，扣押证照，均涉嫌违法。一经发现， 立即举报 客户,风控体系制定,http://www.zhaopin.com/jobdetail/CCL1318355140J40390584403.htm?refcode=4019&srccode=401901&preactionid=dfb46e42-efb4-4a39-91dc-5df7b5bdd89f
风险控制岗（上海）,仲利国际租赁,7000-14000元,上海·长宁·新泾,广州,本科,经验不限,3月13日,zhilian,职位描述 投融资风控 投资与资产管理 工作内容 1、负责租赁项目审核，对客户进行资信调查、商业调查及行业市场分析； 2、根据租赁项目具体情况，通过资料分析、实地考察、外部照会等发现问题和有价值的信息，提供权限主管作为决策依据； 3、撰写风险评估报告并出具风险防范建议，与业务保持沟通合作关系，共同促成业绩目标达成； 4、跟踪租赁项目的执行情况，适时回访逾期客户，负责对高风险行业、区域、产品提出风险预警及规避建议； 5、进行数据统计和信息处理，完善风险控管流程与体系，协助制定风险控管标准与政策； 6、主管交办的其他事宜。 任职资格 1、大学本科及以上学历，金融、财会、审计等相关专业优先； 2、具备较强的财务分析、风险识别及问题解决能力； 3、具备良好的逻辑思维、沟通协调能力及抗压能力； 4、具备较强的工作责任心及良好的工作态度和团队合作精神； 5、具金融机构风险控制岗实习或工作经验者尤佳。 工作地点 上海长宁区金钟路631弄1号楼 以担保或任何理由索要财物，扣押证照，均涉嫌违法。一经发现， 立即举报,投融资风控,http://www.zhaopin.com/jobdetail/CC130614350J40751747606.htm?refcode=4019&srccode=401901&preactionid=dfb46e42-efb4-4a39-91dc-5df7b5bdd89f
合规风控反洗钱岗,大家保险集团有限责任公司,面议,上海·浦东·上钢新村,广州,本科,1-3年,3月31日,zhilian,岗位职责： 1.负责制定内部合规制度，审核机构日常工作合规相关事项。 2.接受合规咨询，撰写合规工作报告。 3.负责反洗钱管理，合规制度宣导等工作。 4.负责推动分公司建立健全内控制度体系。 5.牵头分公司风险日常监测及报告。 6.牵头分公司相关风险防范工作。 7.统筹对接地方监管机构的风险管理专项工作。 任职要求： 1.同业从业经验一年以上。 2.学历本科以上，法学专业。 3.持律师资格证优先。 职位福利：五险一金、绩效奖金、餐补、带薪年假、定期体检、高温补贴 工作地点 上海浦东新区中铝大厦 以担保或任何理由索要财物，扣押证照，均涉嫌违法。一经发现， 立即举报,"风控经验,反洗钱经验,业务合规",http://www.zhaopin.com/jobdetail/CC120104400J40311087108.htm?refcode=4019&srccode=401901&preactionid=dfb46e42-efb4-4a39-91dc-5df7b5bdd89f
风控管培生,深度(山东)数字科技集团有限公司,7000-9000元,临沂·兰山·兰山街道,广州,本科,经验不限,7月31日,zhilian,岗位职责 1、贴合公司票据金融、供应链金融核心业务，参与集团智能风控体系搭建与落地，聚焦B端中小微企业票据交易、供应链授信场景，协助开展全流程风险识别、风险研判与合规管控工作。 2、依托集团产业大数据、票据交易数据，协助优化风控规则与智能风控模型，跟进模型落地效果，针对企业准入、信用评级、额度核定、票据流转等核心场景完成风险复盘与规则迭代。 3、负责风控业务台账梳理、案例沉淀，定期输出票据金融、供应链金融风控分析报告，排查业务风险隐患，保障集团普惠金融、产业数字化服务业务合规稳健运行。 4、跟进金融行业监管政策及票据、供应链风控行业前沿技术，配合团队优化数字化风控流程、升级风控系统，助力集团产业数据可信流通与智能风控决策升级。 5、参与集团风控专项轮岗学习，熟悉企业服务、金融机构赋能、产业数据服务等核心业务生态，深耕产业智能风控赛道，逐步成长为适配集团数字化发展的风控专项骨干。 任职要求 1、学历：211/985院校统招本科及以上，或硕士学历，2025、2026届应届毕业生优先；（只看三年内毕业生） 2、专业：金融、经济、统计、数学、大数据、会计、风险管理、计算机等相关专业优先； 3、具备基本的数据敏感度、逻辑思维能力，对金融风控、数据分析、金融科技业务有浓厚兴趣； 4、熟练使用Excel数据处理，了解基础数据分析、风控模型、信贷业务流程者优先； 5、责任心强、踏实稳重，具备良好的学习能力、沟通能力和团队协作意识，愿意长期深耕风控领域。 工作地点 临沂兰山区商谷智慧产业园深度数科总部 以担保或任何理由索要财物，扣押证照，均涉嫌违法。一经发现， 立即举报,三年以内毕业生,http://www.zhaopin.com/jobdetail/CC460869530J40883907105.htm?refcode=4019&srccode=401901&preactionid=3581dc9b-1449-4827-b779-83230617ab82
风控管理,上海厚孚资产管理有限公司,6000-9000元,上海·虹口·曲阳路,广州,本科,经验不限,7月30日,zhilian,职位描述 风险管理 工作内容: 1、负责公司风控管理，政策合规事务； 2、负责公司对基金业协会、公司客户及相关披露平台信息披露事务； 3、基金维护，负责与托管机构进行沟通和业务往来； 4、公司领导交办的其他事务； 任职要求： 1、金融经济类、会计财务类本科及以上，应届生优先； 2、具有较强的风险控制意识，工作仔细认真； 3、有良好的团队意识与合作意识； 4、具有基金从业资格优先。 工作地点 上海市虹口区曲阳路910号（复城国际11号楼）13楼 以担保或任何理由索要财物，扣押证照，均涉嫌违法。一经发现， 立即举报,风险管理,http://www.zhaopin.com/jobdetail/CC327157480J40884579705.htm?refcode=4019&srccode=401901&preactionid=3581dc9b-1449-4827-b779-83230617ab82
全面风险管理岗,江南金融租赁股份有限公司,2.5-3.5万,常州·天宁·青龙,广州,本科,3-5年,7月29日,zhilian,职位描述 风控合规 内部风控 金融科技/数字金融 银行 财务/审计/税务 咨询服务 工作职责 构建覆盖信用风险、市场风险、操作风险、科技风险的全面风险管理体系，制定标准化风险评估流程与管控策略。 跟踪监管政策动态，解读行业合规要求，确保公司风险管理框架符合最新监管规范。 协同业务部门开展风险尽职调查，识别业务流程中的潜在风险点并提出优化建议。 任职要求 本科及以上学历，金融、经济、会计、统计等相关专业，基础扎实。 具备3年以上会计师事务所审计经验或金融机构全面风险管理工作经验。 熟悉金融行业监管政策，掌握风险识别、评估与控制的核心方法论。 持有CFA、FRM、CPA等专业证书者优先，具备良好的数据分析能力与报告撰写能力。 工作地点 常州天宁区江南金融租赁股份有限公司 以担保或任何理由索要财物，扣押证照，均涉嫌违法。一经发现， 立即举报,"风控合规,内部风控",http://www.zhaopin.com/jobdetail/CC266390780J40778933306.htm?refcode=4019&srccode=401901&preactionid=3581dc9b-1449-4827-b779-83230617ab82
反欺诈模型岗,兴业消费金融股份公司,2.5-3.5万,上海·静安·天目西路,广州,本科,1-3年,7月31日,zhilian,职位描述 反欺诈 策略 模型 银行 金融科技/数字金融 工作职责 1. 牵头制定公司整体反欺诈策略及模型体系规划，结合各业务场景优化反欺诈模型，负责模型全生命周期管理，提升欺诈风险识别能力。 2. 开展反欺诈专项技术研发，包括构建风险知识图谱、设计图算法，实现视觉识别算法（人脸验证、证件识别等），构建时序分析模型及异常检测算法，适配不同欺诈场景需求。 3. 协调跨部门工作，推动反欺诈策略、模型及技术成果落地，对接业务、风控团队优化预警阈值及规则；制定反欺诈模型监测方案，跟踪运行效果，及时预警欺诈风险异动。 任职要求 1. 具备多源数据处理、整合能力，能从交易、行为、身份等数据中挖掘欺诈风险特征；了解消费金融欺诈手段、趋势及合规要求，能将业务需求转化为技术方案。 2. 具备较强的跨部门协作能力及问题解决能力：专家岗需具备项目管理及跨部门协调能力；其余岗位需能对接反欺诈、风控团队，输出清晰的分析报告及技术成果。 3. 具备高度的责任心、风险敏感度，能应对新型欺诈风险，有金融反欺诈场景经验者优先。 工作地点 上海静安区金融街融悦中心-A栋 以担保或任何理由索要财物，扣押证照，均涉嫌违法。一经发现， 立即举报,"反欺诈,策略,模型,银行,金融科技/数字金融",http://www.zhaopin.com/jobdetail/CC219109530J40841823705.htm?refcode=4019&srccode=401901&preactionid=3581dc9b-1449-4827-b779-83230617ab82
反欺诈策略岗,吉林亿联银行,1.4-1.7万·17薪,长春·南关·明珠,广州,本科,3-5年,7月17日,zhilian,职位描述 银行 金融科技/数字金融 1.推动账户交易安全体系的建设，参与账户及交易全流程设计，控制欺诈风险，并结合各环节需要进行相关技术与策略的制定、优化与迭代； 2.监测、识别、分析潜在的账户及交易欺诈行为，通过数据分析技术手段，发现欺诈风险，并进行攻防处置； 3.推动电信网络诈骗与资金链治理工作，负责反诈专班日常运转，牵头全行相关部门，落实人民银行、公安反诈中心等反诈及治理工作要求； 4.监控业务流程控制与反欺诈策略的实施效果，定期出具分析报告，为管理层提供决策支持； 5.结合实际需要分析、引入并应用第三方数据，提升风险管控的有效性； 6.持续跟踪行业欺诈行为动态与反欺诈技术更新动态，并提出优化调整建议，持续提高反欺诈技术水平。 任职要求： 1.大学本科及以上学历，金融、计算机、数学等相关专业优先； 2.丰富的风控策略经验，能够独立完成策略和规则的制定、分析、验证等工作，有3年以上体系化的账户安全、交易欺诈风控策略经验优先； 3.深入了解电信网络诈骗与资金链治理工作，对监管、行业动向和技术有深刻理解，具备较强的数据处理能力和分析能力； 4.抗压能力强，具有优秀的协调能力，善于沟通。 工作地点 长春南关区东北亚国际金融中心吉林亿联银行 以担保或任何理由索要财物，扣押证照，均涉嫌违法。一经发现， 立即举报,"银行,金融科技/数字金融",http://www.zhaopin.com/jobdetail/CC467823080J40931975115.htm?refcode=4019&srccode=401901&preactionid=3581dc9b-1449-4827-b779-83230617ab82
风控合规岗,国铁融资租赁有限公司,面议,海口·龙华·滨海,广州,本科,经验不限,7月30日,zhilian,职位描述 岗位要求： 1.经济学类、法学类、工商管理类相关专业； 2.了解融资租赁行业监管规定，熟悉法律合规、风险管理、财务会计等相关知识； 3.具有较强的沟通协调能力； 4.本岗位社保、公积金、个税等在海口缴纳。 工作地点 海南省 / 海口市 / 龙华区 以担保或任何理由索要财物，扣押证照，均涉嫌违法。一经发现， 立即举报,合规 风险管理,http://www.zhaopin.com/jobdetail/CC823978130J40876653710.htm?refcode=4019&srccode=401901&preactionid=50d29b2a-007a-4ea3-a542-527ea936780c
风险管理师,中国平安人寿保险股份有限公司吉林分公司1,1.5-3万,长春·南关·全安,广州,大专,经验不限,8月1日,zhilian,岗位职责 1. 负责高净值客户家庭财务风险诊断，识别债务风险、婚变风险、传承风险、企业经营连带风险； ​ 2. 结合平安寿险、年金险、信托、保单工具，制定债务隔离、资产保全、税务规划方案； ​ 3. 审核客户投保资质，做好投保风控、健康告知审核、保单合规管理，规避理赔纠纷； ​ 4. 对接监理企业、小微企业主客群，做家企资产分离风控方案，定期为老客户做财务复盘。 任职要求 大专及以上学历，金融、法律、财会优先；有保险风控、银行信贷、法务经验优先；逻辑缜密，善于分析家庭与企业财务结构；零基础可参加平安系统培训。 薪资待遇 底薪+方案服务费+高额提成+年度奖金；六险二金，专业合规培训，可免费考取相关证书。 工作地点 长春市-南关区-恒兴国际城中国平安8楼 以担保或任何理由索要财物，扣押证照，均涉嫌违法。一经发现， 立即举报,保险业风控,http://www.zhaopin.com/jobdetail/CCL1478997900J40884518905.htm?refcode=4019&srccode=401901&preactionid=50d29b2a-007a-4ea3-a542-527ea936780c
AI算法工程师（智能风控与大模型方向）,北京保险服务中心股份有限公司,2-3.5万,北京·朝阳·三里屯,广州,本科,3-5年,7月27日,zhilian,岗位职责： AI大模型在风控中的应用落地 1.负责将大语言模型（LLM）技术应用于保险风控领域，构建基于大模型的风险评估、智能核保与理赔辅助决策系统。 2.探索并实践检索增强生成（RAG）、智能体（Agent）技术在保险知识库构建、非结构化数据分析中的应用，提升风控模型的泛化能力和可解释性。 智能风控模型体系构建 1.负责保险风险模型的全生命周期管理，运用机器学习、深度学习及生成式AI技术，设计并开发高精度的风险预测模型，覆盖定价、核保、理赔等核心环节。 2.深入挖掘业务数据与外部多模态数据（文本、图像等），通过特征工程与向量数据库技术，构建动态化的风险画像体系。 AI智能体与自动化决策 1.研发具备自主规划与工具调用能力的AI智能体，实现风控流程的自动化与智能化（如自动风险排查、欺诈线索挖掘）。 2.跟踪大模型、智能体、因果推断等前沿技术，探索其在保险反欺诈、个性化定价等复杂场景中的创新应用。 业务协同与模型治理 1.与相关部门合作，将算法模型无缝嵌入业务流程，确保模型的业务价值落地。 2.负责模型的评估、验证与监控，建立模型效果的持续反馈闭环，保障模型的稳定性、合规性与公平性。 任职要求： 1.计算机、数学、统计学、金融工程等相关专业重点本科及以上学历。 2.扎实的编程功底，精通 Python，熟悉 Java/SQL，具备良好的代码规范和工程化思维。 3.熟悉主流大模型（如GPT、LLaMA、Qwen等）原理，具备大模型微调（Fine-tuning）、提示工程（Prompt Engineering）、RAG或智能体（Agent）开发实战经验。 4.精通传统机器学习算法（如XGBoost、LightGBM、神经网络等），具备从数据清洗到模型部署的全流程经验。 5.熟悉PyTorch/TensorFlow框架，了解LangChain、LlamaIndex等大模型应用开发框架者优先。 6.有保险、金融行业AI项目经验，熟悉保险业务逻辑、精算原理或反欺诈场景者优先；有向量数据库（如Milvus， Pinecone）或大模型应用平台搭建经验者优先；3)在Kaggle、天池等竞赛中取得优异成绩，或在AI顶会发表过相关论文者优先。 工作地点 北京朝阳区嘉盛中心 以担保或任何理由索要财物，扣押证照，均涉嫌违法。一经发现， 立即举报,"大模型算法,机器学习,反欺诈/风控,PyTorch,TensorFlow,Python,Java",http://www.zhaopin.com/jobdetail/CC679709920J40898427713.htm?refcode=4019&srccode=401901&preactionid=50d29b2a-007a-4ea3-a542-527ea936780c
模型管理岗,吉林亿联银行,1.2-1.8万·15薪,长春·南关·明珠,广州,本科,3-5年,7月15日,zhilian,职位描述 金融科技/数字金融 银行 1.负责建立和完善预期信用损失法实施办法，按照实施办法落实预期信用损失法的实施工作； 2.负责预期信用损失法模型的开发和维护等工作； 3.负责模型评审委员会的日常管理； 4.负责部门领导交办的其他工作。 任职要求： 1.大学本科及以上学历，统计学、应用数学、金融工程、计算机等相关专业； 2.3年及以上个人信贷业务风控建模工作经验，有信用卡中心、消费金融机构、互联网金融机构相关工作经验者优先； 3.熟悉常用数据挖掘、机器学习算法，如逻辑回归、聚类、随机森林、GBDT、Xgboost等； 4.具有Python、R、SAS等统计分析工具的开发经验，熟悉spark、hive等工具的使用； 5.工作勤奋努力、逻辑思维强、数据分析能力强，善于团队协作，具有一定的跨部门沟通能力。 工作地点 长春南关区东北亚国际金融中心吉林亿联银行 以担保或任何理由索要财物，扣押证照，均涉嫌违法。一经发现， 立即举报,"金融科技/数字金融,银行",http://www.zhaopin.com/jobdetail/CC467823080J40931975615.htm?refcode=4019&srccode=401901&preactionid=50d29b2a-007a-4ea3-a542-527ea936780c
风控专员,北京信复创值投资管理有限公司,8000-15000元,北京·东城·建国门,广州,本科,经验不限,5月20日,zhilian,岗位职责： 1、投资交易风控： 1）实时监控投资组合的风险敞口、集中度、流动性、杠杆水平及投资限制等关键指标，对异常波动及时预警； 2）审核投资交易指令的合规性，确保各项操作符合监管法规及公司内部制度； 3）识别并记录投资相关的风险事件，协助制定风险缓释方案。 2、运营风控与内控： 1）协助完善公司风险管理制度和操作流程，参与内控体系的建设与优化； 2）识别、评估公司日常运营中的潜在风险，跟进风险事件的处置与整改。 3、监管合规与信息报送： 1）负责私募基金定期信息披露、监管信息报送及中基协相关系统维护； 2）跟踪最新监管政策及自律规则动态，评估对公司业务的影响，及时提出合规调整建议并协助落实。 4、风控报告与数据管理： 1）定期编制风险管理报告，向上级汇报公司风险管理工作的执行情况； 2）按照监管要求归档留存交易数据、运营数据及其他合规备查资料。 5、完成公司交办的其他风险管理工作。 任职要求： 1、本科及以上学历，金融、经济、法律、数学、统计等相关专业优先； 2、1-3年风控、合规或审计相关工作经验，有私募基金、券商、公募基金背景者优先； 3、熟悉私募基金监管法规及中基协相关自律规则，了解资管行业合规要求； 4、具备较强的数据敏感度和逻辑分析能力，熟练使用Excel及基础数据分析工具； 5、细致严谨，风险意识强，能在繁琐工作中保持高度专注； 6、持有基金从业资格； 7、品行端正，具备良好的职业道德、保密意识及抗压能力。 加分项： 1、熟悉Python/SQL，能进行数据抓取、清洗和自动化报表开发； 2、具备CFA/FRM相关资质或通过部分科目； 3、有量化策略风险评估或模型验证经验。 工作地点 北京东城区恒基中心办公一座1902 以担保或任何理由索要财物，扣押证照，均涉嫌违法。一经发现， 立即举报,"风控合规,内部风控,交易风控",http://www.zhaopin.com/jobdetail/CC653498320J40861676310.htm?refcode=4019&srccode=401901&preactionid=1b3c41b9-33fe-4817-945d-77b4187c1145
风控专员,南京盈达基炻产业投资有限公司,6000-9000元,南京·玄武·锁金村,广州,本科,1-3年,6月23日,zhilian,岗位职责 1.全账户实时监控：对公司所有交易账户（包括外部合作、内部基金及内部账户）进行盘中实时监控，跟踪仓位、盈亏、成交等关键指标。 2.指令执行与审核：负责投研部门指令的合规审核与准确执行；严格落实各项风控指令（如止损、强平等） 3.预警响应与处置：监控系统预警，一单触发，立即按预案启动响应流程，执行相应风控措施，并做好详实记录。 4.日志记录与反馈：准确、完整的记录每日监控日志、预警处置情况及交易结果，确保所有操作留痕、可回溯，并及时向相关团队反馈。 任职要求： 1.学历：金融、数学、计算机等相关专业本科及以上学历。 2.具备2年以上证券、期货、基金公司交易员、风控监控或运营相关工作经验。熟悉量化交易监控者尤佳。 3.专业技能：对市场波动敏感，反应迅速；熟练使用至少一种主流交易或风险监控系统；具备良好的数据理解和Excel处理能力。 4.核心素质：能在高压下保持高度专注和冷静，执行力强，纪律性高；具备极强的责任心和风险意识。 岗位福利： 1.五险+带薪年假，完善的法定福利保障； 2.应届生专属培养体系，导师带教+专业技能培训，快速提升职业能力； 3.扁平化管理，团队氛围轻松，跨部门协作机会多； 4.节日福利、定期团建、下午茶等丰富的员工关怀； 5.清晰的职业晋升通道，风控体系内纵向发展 + 跨业务线横向发展机会。 工作地点 江苏省南京市玄武区锁金村街道南师大玄武科技园5栋104 以担保或任何理由索要财物，扣押证照，均涉嫌违法。一经发现， 立即举报,"金融机构策略开发,Python,数学/统计相关专业,计算机相关专业",http://www.zhaopin.com/jobdetail/CCL1492504030J40921564208.htm?refcode=4019&srccode=401901&preactionid=1b3c41b9-33fe-4817-945d-77b4187c1145
风控专员,深度(山东)数字科技集团有限公司,5000-8000元,临沂·兰山·兰山街道,广州,本科,3-5年,7月14日,zhilian,职位描述 供应链金融风控 票据业务 1、负责供应链票据平台业务的风险管理工作，对交易结构、核心企业准入等进行风险把控，并出具风控意见； 2、负责建立对供应链票据平台上中小企业客户的信用风险评价方法和授信方法，基于行业特点、交易数据及第三方外部征信数据源优化风控策略； 3、负责将供应链票据作业流程标准化，配合实现相关作业流程线上化运行；并负责日常的业务审核； 4、负责供应链票据平台上的核心企业和已授信客户的贷后风险监测和预警，针对重点客户开展现场和非现场常规贷后工作检查等。 任职要求 1、本科及以上学历，有金融学.会计.统计学背景为佳； 2、熟知风险管理基础理论和相关的监管政策法规，对线上金融风控业务有全面深入的理解，具备独立的风险分析、识别和管理能力。 3、2-3年以上风控相关工作经验，必须具备1年以上供应链金融风控经验，有银行票据业务部、风控部或互联网供应链风控经验者优先。 4、沟通表达能力强，思维敏捷，具有较强的资源协调能力与学习能力，能熟练操作办公软件； 5、有较强的客户导向和服务意识，有高度的责任感，工作认真负责，仔细热情，工作主动性执行力较强。 工作地点 兰山区深度数科集团(临沂总部)C1-4 以担保或任何理由索要财物，扣押证照，均涉嫌违法。一经发现， 立即举报,"供应链金融风控,票据业务",http://www.zhaopin.com/jobdetail/CC460869530J40871714505.htm?refcode=4019&srccode=401901&preactionid=1b3c41b9-33fe-4817-945d-77b4187c1145
风控策略专家,南京快舟科技有限公司,9000-14000元,南京·玄武·玄武湖,广州,本科,3-5年,7月10日,zhilian,岗位职责 1、以量化分析为基础，完成并持续优化信贷准入与授信政策的设计开发工作，有效识别反欺诈与信用风险； 2、跟踪策略实施情况，并对出现的风险案件进行深度挖掘，持续完善风控体系； 3、将策略转化为具体实时或离线的规则并跟进落实，最终部署在决策系统中； 4、与技术部门、业务部门沟通推进相关合作项目落地； 5、完成各类分析及监控报告等。 二、任职要求 1、本科及以上学历，计算机、数学、统计学、金融学等相关专业。 2、有3年以上现金贷或消费分期的风控经验，互联网金融公司、电商、银行卡中心风险建模或策略相关经验； 3、具有较强的风险控制意识与危机应对能力； 4、熟练使用SQL、Python等软件进行数据分析； 5、有建模与策略开发经验者优先； 6、对互联网金融、第三方数据源熟悉且有运用经验者优先。 工作地点 南京玄武区江苏柯菲平医药股份有限公司2栋 以担保或任何理由索要财物，扣押证照，均涉嫌违法。一经发现， 立即举报,"银行业风控,互联网金融风控",http://www.zhaopin.com/jobdetail/CCL1255323190J40861950911.htm?refcode=4019&srccode=401901&preactionid=1b3c41b9-33fe-4817-945d-77b4187c1145
合规风控岗 (MJ000613),国泰君安期货,1.2-2万·18薪,上海·静安·石门二路,广州,硕士,经验不限,6月10日,zhilian,岗位职责： 1、日常合规审查：负责对资产管理计划（包括集合、单一、专项资管计划）的产品结构设计、销售宣传材料、法律合同（如资产管理合同、托管协议、代销协议）等进行合规审查，出具合规意见书； 2、制度体系建设：根据监管政策（如资管新规及配套细则、基金业协会自律规则等），建立和完善公司资管业务的合规管理制度、操作流程，并督导制度有效执行； 3、合规监测与检查：对自有资金及资管业务的投资交易行为（如公平交易、异常交易、关联交易、信用风险集中度等）进行日常合规监控；定期组织内部合规自查，识别并处置合规风险事件； 4、合规专项咨询：参与业务部门自有资金投资及资产管理相关合规事宜评估及解答相关合规咨询 任职要求： 1、硕士及以上学历（优秀者可放宽至本科），法律、金融、经济、会计等相关专业，复合背景（法律+金融）优先； 2、具有至少3年及以上知名公募、私募、券商资管、券商自营等合规风控工作经验；熟悉资管产品全生命周期合规管理，有监管对接或现场检查应对经验者优先； 3、具备CPA、CFA、FRM、国家法律职业资格优先，英语可作为工作语言； 4、具备良好的综合分析、研究能力和文字运用能力，逻辑思维能力强； 5、具备较强的责任心组织协调能力，工作主动、严谨、细致，作风踏实、稳重； 6、具有期货或证券行业相关知识和工作经验优先。 工作地点 上海静安区国泰君安期货有限公司 以担保或任何理由索要财物，扣押证照，均涉嫌违法。一经发现， 立即举报,"风控经验,反洗钱经验,审计经验,反舞弊,业务合规",http://www.zhaopin.com/jobdetail/CC290232610J40942457608.htm?refcode=4019&srccode=401901&preactionid=1b3c41b9-33fe-4817-945d-77b4187c1145
风控专员,建滔集團有限公司,8000-10000元,深圳·南山·南头,广州,本科,3-5年,4月8日,zhilian,职位描述 财务风控 风控合规 法务风控 财务/审计/税务 【工作内容】 - 负责公司业务中的风险识别、评估与监控，确保业务合规安全运行； - 协助制定和优化风险控制流程及制度，提升整体风控能力； - 分析业务数据，及时发现潜在风险并提出应对建议； - 与其他部门协作，推动风险控制措施的有效执行。 【任职要求】 - 本科及以上学历，专业不限，金融、经济、统计等相关专业优先； - 具有一定的财务知识； - 具备良好的逻辑思维和数据分析能力； - 具备较强的责任心和沟通协调能力，能适应快节奏工作环境； - 需要接受出差； - 熟练使用办公软件。 工作地点 深圳南山区建滔集团 以担保或任何理由索要财物，扣押证照，均涉嫌违法。一经发现， 立即举报,"财务风控,风控合规,法务风控",http://www.zhaopin.com/jobdetail/CC872505120J40847560709.htm?refcode=4019&srccode=401901&preactionid=fc6a3640-2dd1-4853-adef-cd7cc278c190
风险控制岗,景德镇合盛产业投资发展有限公司,5000-8000元,景德镇·昌江区·鲇鱼山镇,广州,本科,3-5年,7月4日,zhilian,岗位职责： 1、根据公司的风险防控目标，建立健全公司风险防控体系，监督检查制度执行情况，制定风控管理培训计划并实施，制定年度工作计划。 2、制定和完善公司的风险防控、风险监管等管理制度和文件。 3、建立合规审查管理机制，定期对各业务的制度和流程进行审查，提供评估和改进建议，并督促整改。 4、与公司各部门及子公司积极配合，跟踪对接工作事务。 任职要求： 1、全曰制本科及以上学历，法学、审计、经管相关专业优先。 2、具有大中型企业或律所等有关单位风控、法务、审计、投资、运营、内部管理等3年及以上相关工作经验（能力突出者可放宽条件）。 3、具有较强的文字功底、思维逻辑、沟通协调和适应能力，可接受出差。 薪酬福利 工作经验丰富且业务能力突出者，工资待遇可面议。 职位福利：五险一金、补充医疗保险、企业年金、带薪年假、节日福利、周末双休、定期体检、免费早中餐及人才公寓。 工作地点 昌江区景德镇航空科技园 以担保或任何理由索要财物，扣押证照，均涉嫌违法。一经发现， 立即举报,风控合规,http://www.zhaopin.com/jobdetail/CCL1210125530J40825502413.htm?refcode=4019&srccode=401901&preactionid=fc6a3640-2dd1-4853-adef-cd7cc278c190
反欺诈数据建模岗,广州广汽汇理融资租赁有限公司,1.9-2.5万,广州·天河·员村,广州,本科,3-5年,7月20日,zhilian,岗位职责： 1．主要负责数据探查、分析、模型设计、模型构建、规则优化等工作。 2．负责对反欺诈相关数据进行监控及风险预警，对异常数据表现进行分析排查，快速定位问题来源并及时采取有效措施； 3．负责研究和制定反欺诈策略，确保反欺诈策略的正确性和有效性； 4．负责优化反欺诈风控体系，含反欺诈系统、流程规划和设计； 5．从欺诈事件出发，定期进行重大案件复盘，研究应对措施，降低欺诈案件发生概率； 6．参与反欺诈技术应用分析，包括反欺诈数据埋点采集、复杂网络以及核身技术应用，优化反欺诈技术应用策略。 任职资格： 1. 本科及以上学历，统计学、数学、计量经济、金融、计算机等专业优先； 2．3年以上信用卡、消费金融、互联网金融反欺诈相关从业经验，有复杂网络、反欺诈行为模型等项目经验优先； 3．能够对大规模数据集进行复杂的数据预处理、特征工程和模型调参，提高模型性能和泛化能力； 4．熟悉常用的分析软件，例如：SAS，Python，SQL等； 5．熟悉业界常用的数据分析模型及算法，对逻辑回归、决策树、神经网络、GBDT、SVM模型有深度了解； 6．具有良好的团队合作能力、沟通协调能力、推动能力和较强的责任心。 工作地点 天河区广州广汽汇理融资租赁有限公司18-19楼 以担保或任何理由索要财物，扣押证照，均涉嫌违法。一经发现， 立即举报,"风控建模,数据挖掘,数据分析",http://www.zhaopin.com/jobdetail/CC213534630J40841188014.htm?refcode=4019&srccode=401901&preactionid=fc6a3640-2dd1-4853-adef-cd7cc278c190
风险管理岗,潍坊知行企业咨询有限公司,8000-14000元,威海·环翠区·怡园街道,广州,本科,1-3年,8月1日,zhilian,职位描述 风控体系制定 交易风控 业务流程风控 财务风控 内部风控 风控建模 银行 金融科技/数字金融 该职位是为甲方的客户提供咨询服务。 工作职责 落实前中后台分离，开展现券、票据、福费廷、资金业务、基金投资事中风险复核，防控操作及合规风险。 跟踪债市动态，预警市场波动；落实基金盯市，持续监测净值、收益率等核心风险指标。 参与拟定风险限额、内控流程与业务政策，整理交易数据、完善复核台账，推进风控体系标准化。 根据授信批复完成票据、债券、同业业务系统额度配置，定期核查用信，防范超授信风险。 复盘投资交易行为，结合宏观与货币政策分析，撰写债市专题报告，支撑投资决策。 工作地点 环翠区威海蓝海银行 以担保或任何理由索要财物，扣押证照，均涉嫌违法。一经发现， 立即举报,"风控体系制定,交易风控,业务流程风控,财务风控,内部风控,风控建模",http://www.zhaopin.com/jobdetail/CCL1481905860J40864832701.htm?refcode=4019&srccode=401901&preactionid=fc6a3640-2dd1-4853-adef-cd7cc278c190
风险控制岗,浙江巨元矿业有限公司,7000-8000元,衢州·开化县·村头镇,广州,本科,3-5年,7月15日,zhilian,职位描述 内部风控 风控合规 财务/审计/税务 法律 1.法律、审计等相关专业； 2.3年以上工作经历、1年以上相关工作经验； 3.具有国企工作经验或中共党员优先；特别优秀者可适当放宽条件； 4.具有风险管控、合规管理等工作经验； 5.具有一定的文字基础和沟通协调能力； 6.具有较好的适应能力和学习能力。 工作地点 衢州开化县浙江巨元矿业有限公司 以担保或任何理由索要财物，扣押证照，均涉嫌违法。一经发现， 立即举报,"内部风控,风控合规",http://www.zhaopin.com/jobdetail/CCL1500183980J40837843307.htm?refcode=4019&srccode=401901&preactionid=fc6a3640-2dd1-4853-adef-cd7cc278c190
风控专员,跨越速运,8000-10000元,深圳·宝安·航城,广州,大专,1-3年,7月28日,zhilian,岗位职责： 1、针对现有合作客户财务风险、行业风险、合同风险的监控及分析； 2、针对风险客户出具体解决方案通知销售配合执行及落实； 3、监控销售对风险客户的处理结果。 任职要求： 1、大专以上学历，有信贷审核、合规稽查等经验优先； 2、熟悉office办公软件，基本函数的熟练使用； 3、积极主动，善于沟通，执行力强，能承受一定工作压力。 【物流行业上班时间】 单休 9:00-18:30/12:00-21:00 双班次一月一换 【福利待遇】 1、入职缴纳五险一金，各类带薪休假（法定假日、生日假、年假、婚假、产假、陪产假等）； 2、公司包住以及免费大巴车接送上下班服务； 3、内设员工餐厅菜品多样，口味齐全，经济实惠； 4、工作疲惫可在咖啡厅享用免费咖啡，有图书馆和健身房丰富业余生活； 5、部门工作氛围融洽、办公环境高大上。 工作地点 深圳宝安区跨越速运总部A栋2楼 以担保或任何理由索要财物，扣押证照，均涉嫌违法。一经发现， 立即举报,"信贷,客户资质,内部风控,风控合规,交易风控,风控稽核,投融资风控",http://www.zhaopin.com/jobdetail/CC574811320J40459655611.htm?refcode=4019&srccode=401901&preactionid=fc6a3640-2dd1-4853-adef-cd7cc278c190
支付风控产品经理,美的集团,1.2-2万,深圳·南山·粤海,广州,大专,5-10年,1月23日,zhilian,岗位职责： 1、 负责支付风控板块建设。 2、 整合不同业务的风控需求，研究设计多业务的通用风控产品服务。 3、负责风控安全策略、反欺诈策略、交易安全模型等模块的设计，保障生态安全。 4、 有在线支付和信贷需求的平台设计反欺诈相关策略。 5、 了解行业主要的安全技术，能够有效收集开源情报信息、独立运用各种手段进行安全分析，并应用到实际产品中。 6、与法务，合规，风险、大数据及运营团队紧密合作，确保相关功能的设计符合部门要求，以保护业务和用户的利益。 岗位要求： 1、 3年以上支付、信贷风控等金融领域工作经验。 2、 有风控、反作弊、反欺诈及相关领域（如B端平台产品、人工智能、机器审核、深度学习框架、评分卡等）项目经验优先。 3、 熟悉大数据工作环境，能够与负责建模及机器学习的数据科学家/工程师良好合作；有大数据工作背景、实施经验的候选人优先。 工作地点 深圳南山区怡化金融科技大厦 以担保或任何理由索要财物，扣押证照，均涉嫌违法。一经发现， 立即举报,"金融系统设计,风控系统,支付系统",http://www.zhaopin.com/jobdetail/CC000175860J40917728915.htm?refcode=4019&srccode=401901&preactionid=fc6a3640-2dd1-4853-adef-cd7cc278c190
风控管理岗,工信(北京)产业发展研究院有限公司,7000-12000元,北京·海淀·万寿路,广州,本科,1-3年,3月9日,zhilian,"岗位职责： 1.负责资产管理,完善资产管理制度,明确责任主体,制定管理流程与风险防范机制;开展公司资产情况分析及监控,定期开展资产质量盘查,编写资产质量工作报告等工作； 2.负责财务监督检查管理,完善财务监督管理制度;组织开展财务监督检查工作,编制检查方案、检查报告;负责组织配合内外部审计、巡视等各类监督检查。 任职条件： 1.具备1年以上专业工作经验,专业基础扎实,具备财务管理相关专业知识;熟悉会计准则、国家财税相关政策法规知识; 2.职称达到中级及以上、或通过注册会计师考试; 3.沟通、协调、组织、文字、逻辑能力、责任感均较强; 4.中共党员优先。 工作地点 北京海淀区万寿路27号院9号楼 以担保或任何理由索要财物，扣押证照，均涉嫌违法。一经发现， 立即举报","财务风控,风控体系制定",http://www.zhaopin.com/jobdetail/CCL1248725280J40849012805.htm?refcode=4019&srccode=401901&preactionid=49fed2f5-ce9c-4cb2-9aec-b2b68a1d6bf3
风控经理,天津金马控股有限公司,8000-12000元,天津·和平·五大道,广州,本科,5-10年,7月31日,zhilian,职位描述 风控体系制定 法务风控 财务/审计/税务 法律 1、统筹风控、法律合规、合同管理全板块工作，牵头建立、持续完善公司风控管理制度、法律合规管理体系、全流程合同管理规范；结合监管政策、行业趋势动态更新业务准入标准、风险审查规则、法务作业流程，推动制度落地执行与迭代优化。 2、统筹业务及税务风险管控工作，组织开展商务拓客准入资料审核、合作场景合规研判、客户风险识别；组织常态化风险排查、异常风险分析，组织撰写风险分析报告，制定整体风险防控策略与风险客户处置方案，向管理层提供风险决策依据，保障业务合规开展。 3、统筹公司各类合同全生命周期管理，规范合同起草、审核、电子化审批、用印、归档管理流程；牵头经营项目法律风险评估、政策风险研判，为公司经营战略、业务拓展提供整体法律支撑；统筹知识产权管理、资质申报、劳动法律管理、投诉处理、法律函件、诉讼与仲裁纠纷处置，防范化解重大法律风险。 3、带领法务 BP 深度嵌入业务线，常态化开展业务法律与风险防控宣导；紧跟行业监管热点、政策变动，及时向业务端输出合规提示，前置识别业务模式潜在法律风险、税务风险，平衡业务发展与合规底线。 4、负责风控岗、法务 BP、合同管理岗人员管理、工作分工、任务督办；搭建内部工作协同流程，推进法务信息化、风控数字化建设；组织团队专业能力提升，统筹跨岗位工作衔接，提升合同审核、风险审查、纠纷处置工作效率。 任职要求： 1、本科及以上学历，法学、税务、风控相关专业，持有法律职业资格证书优先； 2、5 年以上企业风控、法务综合管理经验，具备团队管理经验，熟悉商事法律、民法典、劳动法、税务合规、业务风控全流程； 3、熟悉合同全生命周期管理，具备重大纠纷处置、业务合规体系搭建经验； 4、具备较强数据分析、风险研判能力，优秀统筹协调、抗压能力。 工作地点 天津和平区张茂霖故居1F 以担保或任何理由索要财物，扣押证照，均涉嫌违法。一经发现， 立即举报,"风控体系制定,法务风控",http://www.zhaopin.com/jobdetail/CCL1526511220J40959409115.htm?refcode=4019&srccode=401901&preactionid=49fed2f5-ce9c-4cb2-9aec-b2b68a1d6bf3
银行风控专员,河北鑫晟合典当有限责任公司,4000-5000元,保定·竞秀·韩村,广州,本科,3-5年,7月27日,zhilian,岗位职责： 1、负责对公司业务进行风险评估，识别潜在风险点，提出有效的风险控制措施； 2、建立和完善风控管理体系，优化风控流程，确保业务操作符合法律法规及公司政策； 3、监控业务风险动态，定期出具风险报告，为管理层决策提供支持； 4、参与新业务的尽职调查，评估潜在风险，为业务拓展提供风控建议。 任职要求： 1、金融相关专业背景，本科及以上学历； 2、熟悉金融行业法规及风险控制流程，具备较强风险识别与评估能力； 3、具备良好的数据分析能力，能够通过数据洞察风险趋势； 4、具有较强的沟通协调能力，能够与各部门有效合作，推动风控措施落实； 5、工作细致严谨，具有较强的责任心和保密意识； 6、有银行及典当行工作经验者优先。 工作地点 保定市-竞秀区-韩村乡利家街1888号 以担保或任何理由索要财物，扣押证照，均涉嫌违法。一经发现， 立即举报,银行业风控,http://www.zhaopin.com/jobdetail/CCL1513102090J40837582014.htm?refcode=4019&srccode=401901&preactionid=49fed2f5-ce9c-4cb2-9aec-b2b68a1d6bf3
风控专员,南华期货股份有限公司,7000-10000元,杭州·上城·望江,广州,硕士,经验不限,6月8日,zhilian,岗位职责 1. 监控账户资金状况，发送保证金通知； 2. 市场风险监控与预警提醒； 3. 盈亏与保证金变动跟踪； 4. 交易系统稳定性监控； 5. 权限审批与风险控制操作； 6. 客户支持与合规沟通； 7. 专项风险分析与项目执行； 8. 协助系统优化与模型维护； 9. 跟进合规要求与监管政策。 任职要求 1. 金融、经济、数理统计、金融工程等相关专业硕士及以上学历； 2. 熟悉国际及本地期货、期权市场交易机制，拥有3年以上风控经验者优先； 3. 熟悉期权定价和估值原理； 4. 优秀的中英文书面及口头沟通能力，能作为工作语言与全球员工、系统商、交易所及监管方高效沟通；能独立操作全英文版各类交易和风控软件； 5. 熟练使用 Microsoft Office软件，尤其是 Excel，包括 VBA 宏功能； 子公司岗位 工作地点 杭州上城区横店大厦 以担保或任何理由索要财物，扣押证照，均涉嫌违法。一经发现， 立即举报,期货风控,http://www.zhaopin.com/jobdetail/CC339369110J40587616109.htm?refcode=4019&srccode=401901&preactionid=49fed2f5-ce9c-4cb2-9aec-b2b68a1d6bf3
风险模型开发工程师,长沙市卓驰电子科技有限公司,8000-15000元,北京·东城·东四,广州,本科,3-5年,7月16日,zhilian,职位描述 机器学习算法 推荐算法 数据挖掘 数据分析 数据仓库 风控建模 精通 SQL Python PANDAS、SKLEARN 云计算 金融科技/数字金融 风险模型开发工程师 工作职责 1. 熟悉企业常用数据库、表结构及字段含义，能够基于业务需求完成数据接口对接、取数逻辑开发与数据预处理 2. 将分析需求转化为可执行的代码方案，独立完成数据探查、异常识别、关联分析及结果输出 3. 参与风险特征库、指标计算逻辑及模型相关数据模块的建设，完成核心代码开发与版本迭代 4. 面向穿透式监管等场景，开发多层主体、多环节、全链路的数据关联、探查及风险识别程序 5. 负责特征工程、规则校验、模型训练、评估、部署及相关可视化脚本的开发与优化 6. 配合专题核查、内控测试及报送工作，基于已有系统或脚本输出分析结果，支撑业务团队使用 7. 按部门要求编写取数脚本、特征代码、模型实现说明、技术文档等可复用文档 任职条件 1. 本科及以上学历，统计、数学、计算机等相关专业，3-5 年数据分析或风险建模开发经验 2. 精通 SQL，熟练使用 Python，具备良好的代码实现能力，熟悉 pandas、sklearn 等常用库 3. 熟悉常用数据分析、统计方法及机器学习基础算法，能够将建模方案落地为可运行代码 4. 工作严谨，注重代码质量、数据准确性和结果可复现性，沟通顺畅，团队协作意识强 5. 有企业数据开发、风险建模系统建设或监管科技相关项目开发经验者优先 工作地点 北京市-东城区-朝阳门北大街19号 以担保或任何理由索要财物，扣押证照，均涉嫌违法。一经发现， 立即举报,"机器学习算法,推荐算法,数据挖掘,数据分析,数据仓库,风控建模,精通 SQL,Python,PANDAS、SKLEARN",http://www.zhaopin.com/jobdetail/CC567623120J40859116207.htm?refcode=4019&srccode=401901&preactionid=49fed2f5-ce9c-4cb2-9aec-b2b68a1d6bf3
风控专员,深圳中电技术,1.2-1.7万·15薪,深圳·南山·西丽,广州,硕士,1-3年,1月28日,zhilian,岗位职责： 1、协助公司进行风控管理体系的建设； 2、识别、评估重大风险，定期编制重大重要风险清单与年度风险管理工作报告； 3、处理客户&合同全面风险辨识及评估，进行与之相对应的风险预警、风险监督、风险应对措施制订等； 4、梳理关键业务流程并分析可能出现的风险，提出风控建议，设置风控节点； 5、开展日常风险管理培训，提升公司员工风险管理意识和水平； 6、完成领导安排的其他工作。 任职要求： 1、大学硕士研究生及以上学历，法学、会计、财务、审计等专业优先考虑 2、两年以上企业风险评审、风险控制相关工作经验，有开展大型企业全面风险管理体系建设经验的优先； 3、具有良好的职业道德和职业操守，工作热情、细致、严谨、敬业，坚守底线、诚信正直； 4、具有较强的综合分析能力和独立思考能力，具有出色的文字撰写能力； 5、具有良好的抗压能力、沟通协调能力和团队合作精神； 6、能熟练使用各种办公软件。 工作地点 南山区深圳国际创新谷6栋33~35F 以担保或任何理由索要财物，扣押证照，均涉嫌违法。一经发现， 立即举报,"风控体系制定,法务风控,财务风控,风控合规,业务流程风控",http://www.zhaopin.com/jobdetail/CC120993410J40789540701.htm?refcode=4019&srccode=401901&preactionid=4523181a-d70c-4965-8c9e-a205b26121c9
机器学习工程师5人（含专职反诈2人）,胜通和科技有限公司广州分公司,7000-11000元,石家庄·裕华·长江,广州,本科,3-5年,8月1日,zhilian,岗位职责 1.负责客户运营、精准营销、风险识别、服务保障、投诉预警、业务发展及渠道运营等场景的数据建模。 2.基于业务数据、行为数据、网络数据、服务数据和工单数据等多源数据，开展数据清洗、样本构建、特征提取、标签加工和训练数据集建设。 3.参与用户画像、客户分群、流失预警、价值评估、风险识别、策略推荐和异常检测等模型的开发、验证、优化及迭代。 4.根据业务目标设计建模方案，明确样本口径、特征逻辑、模型方法、评估指标和应用策略。 5.跟踪模型准确率、召回率、覆盖率、命中率、转化率和稳定性等指标，持续开展模型效果评估和优化。 6.参与标签体系、特征库、模型库和样本库等基础能力建设，推动建模能力沉淀复用。 7.对接业务、数据开发、系统开发及运营团队，完成需求拆解、数据核查、模型上线、效果复盘和问题排查。 任职要求 1.本科及以上学历，统计学、数学、计算机、人工智能、大数据或通信工程等相关专业优先。 2.具备数据建模、机器学习、用户画像、精准营销、推荐算法或预测模型等相关经验。 3.熟练掌握SQL，能够独立完成数据提取、样本构建、特征加工、多表关联和数据核查。 4.熟悉Python数据建模工具，能够使用Pandas、NumPy、Scikit-learn、XGBoost、LightGBM等完成数据处理、模型训练和效果评估。 5.理解分类、回归、聚类、排序、异常检测和时间序列预测等常用模型及建模流程。 6.具备较强的特征工程能力，能够结合业务构建用户行为、消费、渠道、服务及风险等特征。 7.熟悉准确率、召回率、F1、AUC、KS、Lift、覆盖率、命中率和转化率等评估指标。 8.了解Hadoop、Hive、Spark、Flink、ClickHouse、MySQL、PostgreSQL等大数据组件或数据库。 9.具备较强的业务理解和问题抽象能力，能够将业务问题转化为可建模、可验证和可落地的数据问题。 10.工作严谨，具备良好的数据质量意识、问题排查、沟通协作和文档编写能力。 加分项 1.具有电信运营商、金融风控、互联网用户运营或政企行业数据建模经验。 2.具有客户分群、流失预警、精准营销、风险识别、投诉预警、用户画像或推荐模型项目经验。 3.具有模型上线、模型监控、效果复盘和策略闭环运营经验。 4.具有标签体系、特征库、模型库或样本库建设经验。 工作地点 石家庄裕华区润都盛和广场-E座4楼 以担保或任何理由索要财物，扣押证照，均涉嫌违法。一经发现， 立即举报 客户,Java,http://www.zhaopin.com/jobdetail/CC702648730J40953721708.htm?refcode=4019&srccode=401901&preactionid=4523181a-d70c-4965-8c9e-a205b26121c9
风险管理岗,集友银行有限公司厦门分行,9000-15000元,厦门·思明·筼筜,广州,本科,5-10年,6月1日,zhilian,岗位职责】 1.贷后监督与风险监测，跟进授信审批条件落实，开展信用风险动态监测与预警； 2.评级分类与资产处置，完成资产风险分类，组织推动问题及不良贷款的化解与处置； 3.授信检查与监管应对，组织授信业务全面及专项检查，配合应对监管检查； 4.风险指标监测，跟踪关键指标，分析异常波动并及时预警； 5.贷后督导与报告管理，督进市场团队贷后管理执行，收集审核贷后检查及管理报告。 【岗位要求】 1.本科以上学历，金融或法律相关专业优先； 2.有3年及以上相关银行业风险管理工作经验，熟悉银行业经营管理相关法律法规及监管规定； 3.具有较强的沟通协调能力.分析问题能力及较强的文字报告能力; 4.敬业爱岗、严谨细致、有高度责任感、具备学习创新能力、风险敏感度以及良好的团队合作精神； 5.具备良好的职业道德.品德操守及风险识别能力，诚实守信，无违法违纪行为和不良记录。 工作地点 厦门思明区湖滨南路90号立信广场101-103、202单元 以担保或任何理由索要财物，扣押证照，均涉嫌违法。一经发现， 立即举报,"贷款风控,银行业风控",http://www.zhaopin.com/jobdetail/CC203425910J40534906301.htm?refcode=4019&srccode=401901&preactionid=4523181a-d70c-4965-8c9e-a205b26121c9
风控专员,合肥市金信云仓供应链管理有限公司,4000-7000元,合肥·包河·望湖,广州,大专,3-5年,7月4日,zhilian,职位描述 风控稽核 风控合规 业务流程风控 岗位内容： 1. 分析市场风险情况，进行风险评估和控制方案设计； 2. 对相关贸易及其它合同条款，进行有效风险控制； 3. 负责监控市场风险变化； 4. 动态跟踪相关法规政策变化，及时更新风险计量模型以保证风险监管与合规要求。 任职要求： 1. 具备金融、管理等相关专业大专以上学历； 2. 有从事过风险控制相关工作经验； 3. 熟悉风险控制体系和风险管理流程； 4. 具备较强的数据分析能力和风险意识； 5. 具备良好的沟通和团队合作能力。 6、要求持有驾驶证 工作地点 合肥包河区加侨国际广场 以担保或任何理由索要财物，扣押证照，均涉嫌违法。一经发现， 立即举报,"风控稽核,风控合规,业务流程风控",http://www.zhaopin.com/jobdetail/CCL1463987760J40659726703.htm?refcode=4019&srccode=401901&preactionid=4523181a-d70c-4965-8c9e-a205b26121c9
游戏风控工程师,深圳市新睿能科技有限公司,2-4万·13薪,深圳·南山·粤海,广州,本科,5-10年,7月7日,zhilian,"岗位职责 1，负责游戏全场景风控监控，针对外挂，工作室刷金，账号盗骗，违规言论，恶意营销等黑产行为制定落地打击策略 2，通过数据分析挖掘异常账号，异常行为，持续优化风控规则，阈值与拦截策略，定期输出风控效果复盘报告 3，快速响应新型作弊手段，联动研发迭代风控机制，处理游戏日常安全风险与突发风控问题 4，搭建游戏账号，用户行为，交易场景风控模型，精准识别外挂作弊，工作室批量操作，异常交易等风险行为 5，运用机器学习，深度学习，图神经网络，时序模型等算法优化风控识别能力，提升风险拦截准确率与召回率 6，负责实时风控系统迭代与优化，基于Flink实时计算监控线上风控效果，持续迭代算法策略 7，落地风控算法项目，完成模型训练，调优与线上部署，解决复杂黑产规模化作弊问题 岗位要求 1，熟练使用Excel,SQL进行数据提取，清洗与异常分析，具备基础数据分析，风险甄别能力 2,Python/Go开发，SQL数据建模，机器学习/深度学习，图神经网络，时序风控模型，黑产行为建模，实时风控，Flink实时计算，模型部署与迭代优化 3，具备游戏风控核心认知，熟悉游戏黑产，，外挂，工作室作弊完整链路，具备强对抗思维与风险敏感度 4，拥有极强保密意识，高压抗压能力，逻辑清晰，可快速跟进新型作弊手法，独立完成策略迭代与问题复盘 5，擅长跨部门协作，可对接研发，客服，运营团队落地风控规则，处理游戏安全与生态合规问题 公司福利： 1.周末双休，弹性上班； 2.固定13薪资、年终奖金； 3.社保公积金全额缴纳； 4.带薪年假、带薪病假等； 5.法定节假日福利、生日福利等； 6.员工婚育福利慰问金、年度体检等； 7.每周下午茶、不定期团建、咖啡零食角等~ 奖金绩效 年底双薪+年终奖金 工作地点 深圳南山区科兴科学园-B2号楼B2-905 以担保或任何理由索要财物，扣押证照，均涉嫌违法。一经发现， 立即举报","深度学习算法,视觉图像算法",http://www.zhaopin.com/jobdetail/CCL1525230880J40871453814.htm?refcode=4019&srccode=401901&preactionid=4523181a-d70c-4965-8c9e-a205b26121c9
风险经理助理,深圳方贞私募股权基金管理有限公司,7000-10000元,深圳·南山·粤海,广州,本科,经验不限,7月3日,zhilian,岗位职责： 1、协助风险经理制定和完善风险管理相关制度、流程及操作指引。 2、协助开展项目的风险识别与初审，收集项目材料，参与项目风控分析与评估，形成初步风险判断意见。 3、配合对合作渠道及机构进行基础资质审核与风险信息收集。 4、协助业务团队完成项目尽调中的风控资料整理及风险点记录，支持风控前置工作的落实。 5、参与投后风险跟踪工作，定期收集项目财务报表、舆情信息等，协助建立和维护风险监测台账。 6、完成领导及风险经理交办的其他相关工作。 任职资格： 1、本科及以上学历，金融、经济、法律、统计、财务管理等相关专业应届毕业生。 2、了解风险管理、内部控制或财务审计基础理论，有金融机构、会计师事务所或风控相关实习经验者优先。 3、熟练使用Office办公软件及各类AI工具，具备基础的数据统计与分析能力。 4、逻辑思维清晰，工作细致严谨，诚实守信，有较强的责任心。 5、具备良好的书面和口头沟通能力，有团队协作意识。 6、抗压能力及适应能力强，能接受出差。 工作地点 深圳南山区卓越后海中心24楼 以担保或任何理由索要财物，扣押证照，均涉嫌违法。一经发现， 立即举报,"投资风控,基金从业资格证",http://www.zhaopin.com/jobdetail/CCL1413330750J40962146802.htm?refcode=4019&srccode=401901&preactionid=4523181a-d70c-4965-8c9e-a205b26121c9
私募基金风控专员,北京睿中资本管理有限公司,8000-12000元,北京·朝阳·八里庄,广州,本科,经验不限,6月9日,zhilian,职位描述 风控合规 基金 法律 金融科技/数字金融 项目端参与立项、尽职调查，出具独立风险评审意见，审核投资协议、对赌回购等条款。 投后持续跟踪标的经营、财务与合规状况，识别经营、债务、法律风险并推送预警。监督关联交易、利益冲突隔离，落实反洗钱、信息披露要求。 配合中基协备案、监管检查与内外审计，组织员工风控合规培训，全程留存风控档案资料。 工作地点 北京市-朝阳区-朝阳路与甘露园南里路交叉路口向东北约100米 以担保或任何理由索要财物，扣押证照，均涉嫌违法。一经发现， 立即举报,风控合规,http://www.zhaopin.com/jobdetail/CC650034720J40980749402.htm?refcode=4019&srccode=401901&preactionid=4523181a-d70c-4965-8c9e-a205b26121c9
风控管理岗,北京北控健康产业投资管理有限公司,8000-15000元,北京·朝阳·望京,广州,本科,1-3年,5月14日,zhilian,职位描述 风控合规 内部风控 1.负责与上级集团相关部门沟通协调，监控公司业务运营，收集和分析业务数据，识别潜在风险点，并跟踪风险整改进度。 2.负责公司养老运营服务类业务运营风控管理，收集和分析业务数据，识别潜在风险点，并跟踪风险整改进度。 3.有会计职业资格或法律职业资格者优先。 工作地点 北京朝阳区万科时代中心望京-C座 以担保或任何理由索要财物，扣押证照，均涉嫌违法。一经发现， 立即举报,"风控合规,内部风控",http://www.zhaopin.com/jobdetail/CC462012520J40898565612.htm?refcode=4019&srccode=401901&preactionid=4523181a-d70c-4965-8c9e-a205b26121c9
算法工程师（风控算法）,安徽淘才人才发展集团有限公司,3-5万,合肥·蜀山·南岗,广州,本科,5-10年,7月24日,zhilian,岗位职责 1、负责公司产品整体规划、版本迭代及全生命周期管理，输出产品方案与落地节奏。 2、跟进大模型、AI智能化应用行业趋势，结合业务场景挖掘需求，打造贴合业务的AI产品功能与解决方案。 3、对接算法、研发、业务团队，推进AI功能落地、模型应用优化、产品上线及效果复盘。 4、负责产品团队管理、需求统筹、项目推进，提升产品整体体验与商业化价值。 任职要求 1、本科及以上学历，5年以上产品负责人经验，2年以上AI产品负责人/总监经验。 2、必须有真实AI落地经验：熟悉大模型应用、RAG、知识库、AI智能赋能等相关产品设计，有从0到1AI产品落地案例。 3、具备B/C端产品思维，懂业务流程数字化、智能化改造，能独立做产品规划和方案设计。 4、逻辑清晰、统筹能力强，能带团队、跨部门推进项目落地。 工作地点 合肥蜀山区安徽科大国创慧联运科技有限公司18 以担保或任何理由索要财物，扣押证照，均涉嫌违法。一经发现， 立即举报 客户,"产业互联网平台,金融科技/数字金融,互联网生活服务(O2O)",http://www.zhaopin.com/jobdetail/CC696533430J40878290105.htm?refcode=4019&srccode=401901&preactionid=4523181a-d70c-4965-8c9e-a205b26121c9
科技风险兼征信管理岗,威海蓝海银行股份有限公司,1-2万,威海·环翠区·怡园街道,广州,本科,3-5年,8月1日,zhilian,岗位职责 1.制度体系建设：制定信息科技风险管理政策、内控制度，并组织实施 2.风险监测：负责信息科技风险的日常监测、评价与定期报告 3.业务连续性管理：牵头连续性制度制定、应急演练组织及风险评估 4.系统管理：负责信息科技风险管理信息系统的建设与运维 5.组织开展征信合规管理工作，负责系统建设维护以及征信数据上报及质量管理 6.其他事项：完成领导交办的相关工作 工作地点 环翠区威海蓝海银行 以担保或任何理由索要财物，扣押证照，均涉嫌违法。一经发现， 立即举报,银行业风控,http://www.zhaopin.com/jobdetail/CC466289980J40855049601.htm?refcode=4019&srccode=401901&preactionid=4e451e04-4acd-44ba-9f3f-194ce1b31cbc
风控专员,北京安邦典当有限公司,6000-8000元,北京·丰台·太平桥,广州,大专,1-3年,6月23日,zhilian,岗位职责： 1、制定和完善公司风险控制制度，包括风险审核、评估、监控、预警； 2、根据公司发展战略，制定风险管理部工作规划，构建公司风险控制体系； 3、负责项目评审、风控评估，进行数据采集、数据分析、资信评估，提出风险防范措施，提交风险评审报告； 4、关注经济市场信息，纪实风居政策形势研究分析业务运营中出现的潜在问题，形成风控建议供管理层决策。 任职要求： 1、有相关工作经验、相关专业、从业相关证件者优先录取； 2、具备相当的风险管理理论基础，熟悉各种风险控制模型； 3、熟知企业投融资风险； 4、具备较强的沟通能力。 职位福利：带薪年假、包住、全勤奖、绩效奖金、五险一金、周末双休 工作地点 北京丰台区丽泽SOHO3002 以担保或任何理由索要财物，扣押证照，均涉嫌违法。一经发现， 立即举报,"风险管理,合规审查,催收",http://www.zhaopin.com/jobdetail/CC402032380J00107535214.htm?refcode=4019&srccode=401901&preactionid=4e451e04-4acd-44ba-9f3f-194ce1b31cbc
交易风控,万宝盛华企业管理咨询(上海)有限公司大连分公司,1-1.5万,南京·雨花台·铁心桥,广州,本科,1-3年,7月28日,zhilian,"岗位职责:负责云交易风控、流程内控、业务合规的运营工作 1、交易风险定义和规则管理:参与交易风控运营体系的业务规划，识别交易风险场景、发布交易风险地图，制定风控运营策略、指标、流程和规则; 2、流程内控运营:瞄准部分重点流程内控风险，负责风控策略执行和风控规则的配置上线，并对探针规则的增删改等进行全生命周期维护，并负责风险探针的日常运营，构建预警运作和闭环机制，通过运营来推动探针风险预警的及时闭环; 3、业务合规运营:包括涉诈、色情、赌博、政治、虚拟货币交易、翻墙、ICP未备案等合规风险的运营和治理，涵盖风险专项治理、数据分析运营等; 4、风控业务作业:涵盖风险监控、预警、沟通、确认和处置等日常作业和运营，以及重保期间的重点风险看护和管理等; 5、风控流程建设:负责资金安全、业务合规、账号业务等风控领域的风控流程建设、流程运营等工作; 6、负责交易风控运营能力建设，组织问题回溯、发布运营报告、开展宣传赋能、支撑交易风控能力持续改进。 7.支撑业务流程的数字化需求识别和整理，推动和追踪数字化能力实现，协同研发团队完成流程的平台固化工作。"" 岗位要求: 1、具备一定的流程内控、风险管控、安全治理、业务合规等岗位经验; 2、具备营销、销售、服务、流程 IT等业务领域经验的优先; 3、具备云服务领域产品管理、流程设计、业务运营的优先。 工作地点 南京雨花台区江苏软件园雨花产业基地1 以担保或任何理由索要财物，扣押证照，均涉嫌违法。一经发现， 立即举报 客户","产业互联网平台,云计算",http://www.zhaopin.com/jobdetail/CC880319660J40958392115.htm?refcode=4019&srccode=401901&preactionid=4e451e04-4acd-44ba-9f3f-194ce1b31cbc
面审风控,苏州鑫鼎晟商务信息咨询有限公司,5000-7000元,苏州·吴中·长桥,广州,大专,1-3年,10月12日,zhilian,职位描述 风控合规 风控稽核 金融科技/数字金融 汽车金融 保险 银行 企业服务 我们正在寻找一位风险控制专员，负责为公司识别和评估潜在的风险，并制定相应的管理策略。 工作内容： 1、负责所有业务合同的当面签署及身份核实工作(含实地上门面签)，确保合同的真实、完整、有效。 2、负责签约室的日常管理。 3、负责业务合同的系统录入工作。 4、负责所有业务合同的内容审核工作。 5、严格执行风险管控要求并落实相关规定。 6、负责陪同客户打印个人征信报告，确保报告的真实性。 7、负责签约过程中合同条款的解释工作及标准话术的宣讲。 8、负责客户的投诉受理与反馈工作。 9、负责合同及其他档案材料的整理及移交工作。 10、安排相关人员进行监控及定位系统的安装，每日查看相关影像系统并做好记录。 11、服从并执行上级主管安排的其他工作。 工作地点 苏州市-吴中区-中润中心丽丰购物中心(宝带东路店) 以担保或任何理由索要财物，扣押证照，均涉嫌违法。一经发现， 立即举报,"风控合规,风控稽核",http://www.zhaopin.com/jobdetail/CC832837900J40818176805.htm?refcode=4019&srccode=401901&preactionid=4e451e04-4acd-44ba-9f3f-194ce1b31cbc
合规风控总监,青岛清晨资本管理有限公司,1.2-1.8万,青岛·市南·香港中路,广州,本科,5-10年,7月29日,zhilian,岗位职责： 1、负责公司业务、产品法律性及合规行审查、识别、管理与控制风险，保障公司业务、产品符合国家法律法规和监管政策规定； 2、负责公司日常合规类审查，为公司业务及其他部门提供法律支持，包括但不限于合同起草、审查、法律咨询等工作； 3、持续学习与公司业务相关的各项法律法规及新政，迅速理解及解读监管要求并落实； 优先录用条件： 五年内在中基协备案合规风控负责人工作超过3年的优先录用； 工作地点 青岛市南区华普大厦 以担保或任何理由索要财物，扣押证照，均涉嫌违法。一经发现， 立即举报,"风控合规,合伙企业法,金融业,基金行业,银行业",http://www.zhaopin.com/jobdetail/CC515875820J40443501603.htm?refcode=4019&srccode=401901&preactionid=4e451e04-4acd-44ba-9f3f-194ce1b31cbc
法律风控岗,深圳市投控东海投资有限公司,1.5-3万,深圳·南山·粤海,广州,本科,3-5年,5月19日,zhilian,岗位职责： 1.根据业务需求参与项目尽调，从法律的角度对潜在风险点进行把控与梳理，出具风控报告； 2.参与公司基金业务的相关法律文件的草拟、修改和完善； 3.根据业务发展需要，配合公司商务谈判，提供法律专业支持； 4.负责根据公司业务需求，设计常规业务的模板性文件； 5.根据公司业务发展需要，协助风险管理部负责人从法律角度拟定和完善公司的风控及管理体系； 6.协助处理已投项目的投后事项的法律事务，出具投后法务意见/建议； 7.负责定期对公司行业相关法律规章制度进行编辑整理，开展公司内部法律知识培训； 8.部门负责人安排的其他事务。 任职资格： 1.本科及以上学历，有法律相关专业，具有基金从业资格、律师执业资格优先； 2.3年及以上私募股权投资、创业投资、投行等市场化投资机构法务相关工作经验；或律师事务所同等同类工作经验； 3.熟悉金融、投资行业各项监管政策，准确把握合规风险； 4.熟悉IPO、私募股权投资、并购基金、定增基金等适用的相关法律法规； 5.有私募基金设立、争议解决等经验者优先； 6.诚实守信、责任心强，具有较强的学习能力和团队合作精神。 工作地点 南山区深圳湾创业投资大厦 以担保或任何理由索要财物，扣押证照，均涉嫌违法。一经发现， 立即举报,"合同法,公司法,诉讼/非诉讼",http://www.zhaopin.com/jobdetail/CC256543180J40942906215.htm?refcode=4019&srccode=401901&preactionid=4e451e04-4acd-44ba-9f3f-194ce1b31cbc
风控合规岗（浙江分公司辖区营业部）(J11120),南京证券,8000-15000元,绍兴·越城区·塔山街道,广州,本科,3-5年,7月22日,zhilian,岗位职责: 1、负责监督管理营业部的合规经营情况； 2、负责处理合规风控平台日常工作； 3、负责部门员工的合规教育、展业监督和培训工作； 4、负责与外部监管部门对接，完成与监管部门相关的合规工作； 5、参与营业部业务尽职调查工作，对相关材料进行审核； 6、配合公司合规风控部门落实营业部风险控制措施，处置各类风险事项。 任职要求: 1、本科及以上学历； 2、具有3年以上证券从业经验，熟练掌握证券运营业务规范； 3、具有良好的团队合作能力、沟通协调能力； 4、具有证券从业资格； 5、拥有证券行业合规从业经验者优先。 工作地点 绍兴越城区南京证券股份有限公司 以担保或任何理由索要财物，扣押证照，均涉嫌违法。一经发现， 立即举报,证券从业资格,http://www.zhaopin.com/jobdetail/CC544360620J40925447508.htm?refcode=4019&srccode=401901&preactionid=4e451e04-4acd-44ba-9f3f-194ce1b31cbc
风控合规经理,兄弟科技股份有限公司,1.5-2万·14薪,嘉兴·海宁市·海洲街道,广州,本科,5-10年,7月9日,zhilian,职位描述 风控体系制定 财务风控 法务风控 风控合规 内部风控 1 负责公司全面风险管理战略规划与相关政策制订 2 负责公司全面风险管理系统的规划、设计、建立健全、运行监控、评价和改进 3 负责公司全面风险管理系统的规划、设计、建立健全、运行监控、评价和改进 4 负责组织集团重大战略性、系统性风险，特别是外部宏观环境变化导致的风险的观察、分析、研判、预警和制订防范措施 5 负责协同战略发展部开展国际政治风险的分析识别，并提出防范措施建议并督导执行 6 推动、监督、协调、指导各职能系统与事业部的风险预防、处理和改善工作 7 负责组织、推动全集团风险防控宣传和教育工作，包括但不限于风险管理意识、预防知识和识别方法等的培训与宣导活动 8 负责定期或不定期向管理层汇报公司风险管控工作状况，包括但不限于风险管理系统建设、运行、成效和改进等。 9 负责公司法律事务的统筹策划与外部对接，组织法务经理依管理权限开展相关评审工作 10 负责组织公司投资（包括对外投资和项目建设）风险评估及风险防范措施制订及措施落地跟踪和预警 11 负责协同财务中心开展金融和汇率风险的分析识别，并提出防范措施建议并督导执行 工作地点 嘉兴海宁市兄弟科技股份有限公司(总部大楼) 以担保或任何理由索要财物，扣押证照，均涉嫌违法。一经发现， 立即举报,"风控体系制定,财务风控,法务风控,风控合规,内部风控",http://www.zhaopin.com/jobdetail/CC184083610J40874759003.htm?refcode=4019&srccode=401901&preactionid=eb9aae74-194f-458c-a69f-8f7d839d3213
风控岗,中国轻工业品进出口集团有限公司,8000-10000元,北京·朝阳·双井,广州,硕士,经验不限,3月3日,zhilian,岗位职责： （1）负责参与制定、修订并持续优化公司全面风险管理相关制度、流程及操作指引，推动风控政策在各业务条线的有效落地与执行； （2）负责统筹开展公司内控流程梳理、关键控制点识别、穿行测试及有效性评估；编制和更新公司内控手册，提升内控体系的规范性与可操作性； （3）负责组织开展公司风险识别与评估，综合研判各类风险发生的可能性与潜在影响程度，提出具有针对性和可操作性的风险管理建议； （4）负责公司客商准入审核与尽职调查工作；组织开展客商资信评级、授信额度核定及动态调整；建立健全信用风险监控与预警机制，及时识别并应对潜在信用风险事件，保障公司资产安全； （5）完成领导交办的其他日常工作。 2.任职要求： （1）具有良好的道德品行和职业操守，中共党员优先； （2）应届硕士研究生及以上学历，经济学、国际经济与贸易、金融学及财务管理相关专业优先；具备相关职业资格或者职称者优先； （4）具有较强的组织能力、沟通能力和较强的文字写作功底。 工作地点 北京朝阳区中国轻工业品进出口集团有限公司 以担保或任何理由索要财物，扣押证照，均涉嫌违法。一经发现， 立即举报,内部风控,http://www.zhaopin.com/jobdetail/CC120142920J40835111814.htm?refcode=4019&srccode=401901&preactionid=eb9aae74-194f-458c-a69f-8f7d839d3213
风控经理,仲信国际融资租赁有限公司,1.2-1.8万·16薪,东莞·南城街道,广州,本科,5-10年,7月14日,zhilian,职位描述 风控体系制定 职责描述： 1、 负责租赁业务信用风险案件审核，对客户进行现场尽职调查、客户评估和项目审核，确保资产品质的安全； 2、 撰写风险评估报告并出具风险防范建议，与业务保持沟通合作关系，共同促成业绩目标达成； 3、 根据宏观经济、行业、市场变化情况及风险管理要求，负责收集区域内行业及客户风险信息，协助公司风险管理政策和流程的修订； 4、 根据公司整体风险管理文化，协助负责区域内经营的风险管理培训，并为相关工作提供必要支持，以强化风险意识提高操作水平。 任职要求： 1. 本科及以上学历，金融、投资、财务、管理类专业，具有较强分析判断和解决问题的能力； 2. 四年以上融资租赁信贷审批工作经验，能独立完成尽职调查、项目评审等工作； 3. 了解工业制造业领域的行业知识和相关产业政策； 4. 能独立完成尽职调查、项目评审等工作； 5. 具有良好的沟通能力与应变能力； 6. 团队意识较好，能够承受一定的工作压力。 工作地点 东莞民盈·国贸中心 以担保或任何理由索要财物，扣押证照，均涉嫌违法。一经发现， 立即举报,风控体系制定,http://www.zhaopin.com/jobdetail/CC175804420J40912478612.htm?refcode=4019&srccode=401901&preactionid=eb9aae74-194f-458c-a69f-8f7d839d3213
车金融风控策略岗,黑龙江好车帮信息技术有限公司,2-4万,北京·朝阳·呼家楼,广州,本科,5-10年,7月3日,zhilian,岗位职责 1、负责车辆抵押贷全流程风控策略体系搭建、优化、落地。 2、搭建车抵贷反欺诈策略，制定场景规则模型。 3、制定产品差异化准入政策、差异化风控阈值。 4、建立车辆估值风控模型， 5、搭建贷中行为监控策略。 6、设计利率、风险定价、阶梯成数策略，平衡坏账率与业务规模，输出风险分级定价方案。 7、定期复盘逾期、坏账、代偿数据，定位风险漏洞，输出策略优化方案。 8、跟进银保监会、地方金融监管、车贷新规、抵押登记法规，确保风控策略合规； 任职要求 1、本科及以上学历，统计学、数学、金融、风险管理、计算机、数据分析相关专业优先； 2、5 年及以上汽车金融 / 车辆抵押贷风控策略工作经验。熟悉汽车金融全业务流程。 3、精通车贷全流程风险点： 4、具备数据分析能力：熟练使用 SQL 提取业务数据，能使用 Excel 透视、VLOOKUP、数据建模；会 Python/SAS/SPSS 做特征筛选、逻辑回归评分卡建模者优先； 5、跨部门协同能力，可对接业务、渠道、审批、技术等团队落地策略； 6、逻辑清晰，具备完整策略文档撰写、复盘汇报能力； 7、能承受业务规模与坏账平衡压力，可适应月度、季度风控指标复盘迭代节奏。 工作地点 北京财富中心写字楼-A座北京市朝阳区东三环中路财富中心写字楼A座809 以担保或任何理由索要财物，扣押证照，均涉嫌违法。一经发现， 立即举报,汽车金融风控,http://www.zhaopin.com/jobdetail/CCL1509910790J40783128306.htm?refcode=4019&srccode=401901&preactionid=eb9aae74-194f-458c-a69f-8f7d839d3213
0961FA-合规风控岗,中国平安,面议,郑州,广州,本科,1-3年,7月16日,zhilian,职位描述 工作职责要求： 1.根据外部监管相关要求，完成监管政策内化、工作落实并撰写合规报告； 2.根据总部要求开展内控评价工作；落实员工合规内控宣导培训，推动分公司合规文化建设； 3.根据合规督导、监管检查、自查自纠发现风险问题，督导后续问题整改，建立合规评价及合规处罚管理机制； 4.推动全面风险管理体系建设，完善风险管理制度，负责分公司操作风险数据收集、报送及内控评价； 5.负责公司反洗钱检查、管理及年度分类评级专项工作，负责客户尽职调查工作，进行反洗钱的宣导培训工作； 6. 领导交办的其他事宜。 任职资格： 1.本科及以上学历，法律、金融、保险等相关专业优先； 2.具备法律职业资格证书优先； 3.3年以上行业合规风控工作经验，熟悉人身保险公司业务流程； 4.具有较强的公文写作、沟通协调能力，具有一定的领悟、规划、分析并解决问题能力。 工作地点 郑州市东风南路与榆林北路绿地双子塔南塔50层5013室 以担保或任何理由索要财物，扣押证照，均涉嫌违法。一经发现， 立即举报,合规 培训 风险管理,http://www.zhaopin.com/jobdetail/CC000204810J40526136812.htm?refcode=4019&srccode=401901&preactionid=eb9aae74-194f-458c-a69f-8f7d839d3213
风控经理/高级风控经理,荣程集团,1.5-2.5万,天津·津南·葛沽,广州,本科,5-10年,3月18日,zhilian,职位描述 金融 贸易/进出口 钢铁/有色金属冶炼及加工 工业自动化/机器人 货运物流 财务/审计/税务 新能源 工作职责： 紧密结合集团公司风险管理战略，全面完成风险管理与内控体系的更新迭代。 严格监督风险管理体系的实施，有力组织落实风险管理与内控体系建设相关措施。 定期周期性组织对公司内部流程的风险评估，精准提出管理和流程优化意见。 有序组织风控部对宏观经济环境和行业发展趋势进行深入分析，准确评估集团发展面临的外部风险，包括战略、技术、竞争等，为集团经营决策提供有力输入。 岗位要求： 本科以上学历，5 年以上相关工作经验。 同时具备丰富的风控管理和业务管理经验，能深入业务精准把握风险。 曾在生产、采购、销售等部门任职或轮岗，对业务开展关键环节极为熟悉，能敏锐把握可能产生的风险点，尤其对钢铁行业风险特点有深入了解。 拥有集团化风控体系搭建和项目落地实施经验。 能够主导风控体系的搭建和落地，负责精准监控、及时预警和有效提示经营风险，具备较强的沟通协调能力以与多部门协作。 工作地点 天津津南区荣程集团5G+三智园 以担保或任何理由索要财物，扣押证照，均涉嫌违法。一经发现， 立即举报,"贸易/进出口,钢铁/有色金属冶炼及加工,工业自动化/机器人,货运物流,财务/审计/税务",http://www.zhaopin.com/jobdetail/CC240944810J40582846016.htm?refcode=4019&srccode=401901&preactionid=eb9aae74-194f-458c-a69f-8f7d839d3213
风控专员,上海方乔贸易有限公司,5000-7000元,广州·南沙·南沙,广州,本科,1-3年,7月13日,zhilian,岗位职责： 1、负责采购订单的审核工作； 2、负责信用证及交单单据的审核工作； 3、负责其他与业务相关单据的审核； 4、负责公司相关风险控制方面的监督工作； 5、定期向上级汇报客户情况及工作； 6、对公司及本部门工作流程正确执行及负责； 7、与本部门工作相关联的其他部门进行协调与协作； 8、完成上级交办的其他工作任务。 任职要求： 1、正规大学统招本科以上学历，国际贸易、英语语言类专业优先考虑； 2、英语六级及以上水平，读写流利； 3、能够熟练使用计算机办公软件和网络工具； 4、工作严谨踏实认真，进取心强，有开拓精神； 5、吃苦耐劳，抗压能力强； 6、具备良好的沟通、协调及执行能力。 工作地点 广州南沙区星河山海湾G25栋2901 以担保或任何理由索要财物，扣押证照，均涉嫌违法。一经发现， 立即举报,内部风控,http://www.zhaopin.com/jobdetail/CC830232080J40950596408.htm?refcode=4019&srccode=401901&preactionid=eb9aae74-194f-458c-a69f-8f7d839d3213
风控专员（财控助理）,国磐集团有限公司,3000-4000元,邯郸·邯山区·滏东街道,广州,大专,1-3年,7月30日,zhilian,职位描述 财务风控 内部风控 证券法 经济法 财税法 基金 财务/审计/税务 ·学历背景：专科及以上学历，金融、会计、经济等相关专业。 ·资格证书：具备基金从业资格证者优先考虑。 ·工作经验：有1年左右相关工作经验或相关实习经验即可，部分岗位无严格工作年限要求。 ·专业能力：了解国家财经政策、会计及税务法规，能熟练使用常用办公软件及基本财务软件，可完成基础财务核算、数据统计等任务。 ·其他能力：有良好职业操守、团队合作精神，及较强沟通、理解与分析能力，做事细致认真、责任心强。 工作地点 邯郸邯山区康桥国际 以担保或任何理由索要财物，扣押证照，均涉嫌违法。一经发现， 立即举报,"财务风控,内部风控,证券法,经济法,财税法",http://www.zhaopin.com/jobdetail/CCL1324369530J40781570001.htm?refcode=4019&srccode=401901&preactionid=eb9aae74-194f-458c-a69f-8f7d839d3213
风控主管,山东民生资源开发集团有限公司,7000-10000元,济南·历下·姚家,广州,本科,5-10年,6月23日,zhilian,职位描述 风控合规 业务流程风控 供应链 大宗商品贸易 法律 工作职责： 1.主导公司业务合规与风控体系搭建，完善合同管理、合规审查、融资法律操作等制度流程，保障公司经营、业务合规运营。 2.处理大宗商品贸易、供应链金融及融资相关风控事务，供应链融资、保理融资等业务模式合规评估、交易结构合规设计、履约风险监控，保障业务合法合规。 3. 全流程排查业务风险，进行风控管理指引并监督执行，防范化解贸易业务纠纷及违规风险。 4.为公司重大经营决策、方案提供论证，参与商务谈判及机构对接，制定专项业务合规解决方案。 5.开展合规培训，提升内部团队的风险意识与操作规范。 6. 完成上级交办的其他各项相关工作。 任职要求： 1.统招本科及以上学历，法律、财务相关专业。 2.5年以上供应链、贸易行业风控业务经验，熟悉贸易业务流程。 3.具备独立处理复杂风控事务的能力。 4.具备较强的风险预判能力与跨部门沟通协调能力，能高效推动风险解决方案落地。 工作地点 济南历下区国家开发银行大厦 以担保或任何理由索要财物，扣押证照，均涉嫌违法。一经发现， 立即举报,"风控合规,业务流程风控",http://www.zhaopin.com/jobdetail/CCL1481716040J41006309304.htm?refcode=4019&srccode=401901&preactionid=eb9aae74-194f-458c-a69f-8f7d839d3213
内容安全风控,外企德科,1-1.4万,北京·海淀,广州,本科,3-5年,,zhilian,职位描述 安全内容风控 安全内容治理 安全内容策略 安全风控 安全规则运营 职位描述 1. 需求沟通推进：负责内外部需求对接、沟通确认、进度跟进，推动需求高效落地执行。 2. 安全风险研判：负责安全内容风险研判与定级，输出研判结论与处置建议。基于风险场景持续迭代内容安全规则与策略，提升识别精准度与防控效率。 3. 安全风险处置：负责风险闭环处置，推进跨部门协同，确保风险快速有效落地解决。 4. 治理方案输出：负责数据汇总、复盘分析、经验沉淀，输出优化方案与报告。 5. 完成领导交付的其他工作。 任职要求 1. 具备基础的安全内容理解能力，能准确识别与处理安全相关内容。 2. 沟通表达清晰，执行力强，擅长推进事项、跟进闭环。 3. 工作认真负责、细致严谨，能按时保质完成任务。 4. 有内容运营、安全运营、审核运营经验优先。 简历需要具备的硬性要求 安全内容理解能力、项目推进能力 工作地点 北京市-海淀区-唐家岭路188号万家灯火 以担保或任何理由索要财物，扣押证照，均涉嫌违法。一经发现， 立即举报 客户,"安全内容风控,安全内容治理,安全内容策略",http://www.zhaopin.com/jobdetail/CC138117190J40880745405.htm?refcode=4019&srccode=401901&preactionid=eb9aae74-194f-458c-a69f-8f7d839d3213
风险内控(J12488),华安财产保险股份有限公司,6000-12000元,福州·晋安·新店,广州,本科,3-5年,7月30日,zhilian,岗位职责: 1.及时跟踪、解读国家及地方金融监管机构发布的与财产保险相关的法律法规、监管规定及政策指引。 2.建立维护分公司合规及风险内控制度。 3.识别、评估、监测操作风险与合规风险。 4.检查业务合规性，报告风险及违规事件。 5.评估内控有效性，推动缺陷整改。 6. 组织培训，提升全员合规意识。 任职要求: 1.本科及以上学历，法律、金融、保险、审计、风险管理或相关专业优先。 2.具备3年以上金融保险行业合规、风险控制、内审、法务或核保、核赔相关岗位经验，有3.省级分公司或类似层级工作经验者优先。 3.了解财产保险核心业务流程（承保、理赔、销售、再保等）。 工作地点 福州晋安区稻田创业小镇A3号楼A3精耕楼4层华安财产保险 以担保或任何理由索要财物，扣押证照，均涉嫌违法。一经发现， 立即举报,"风控合规,内部风控",http://www.zhaopin.com/jobdetail/CC000582300J40689032806.htm?refcode=4019&srccode=401901&preactionid=eb9aae74-194f-458c-a69f-8f7d839d3213
AI算法工程师-未来互联,山东未来集团有限公司,1.1-2.2万,济南·市中·兴隆,广州,本科,经验不限,4月15日,zhilian,岗位职责 1.负责核心业务算法的设计、开发、实现与优化，涵盖机器学习、深度学习、数据挖掘等方向，解决业务场景中的复杂计算与优化问题，推动算法从原型到产品化落地全过程。 2.深入理解业务需求，结合海量数据进行特征分析、选择与组合，构建高效、可扩展的算法模型，持续优化模型性能、精度与运行效率，提升业务核心指标（如推荐转化率、预测准确率、风控识别率等）。 3.跟踪国内外算法领域前沿技术（如大模型应用、量子计算适配算法、神经架构搜索等），开展技术调研与预研，将新技术、新方法融入现有业务体系，推动算法创新与技术迭代。 4.参与算法相关的技术方案评审、代码审查，撰写清晰的算法设计文档、技术文档与测试报告，规范算法开发流程，保障代码质量与可维护性。 5.与数据工程师、软件工程师、产品经理等跨团队协作，打通数据采集、模型训练、工程部署全流程，解决算法落地过程中的技术瓶颈，确保算法方案的可行性与实用性。 6.负责算法的线上监控与迭代优化，及时发现并解决模型运行过程中的异常问题，持续提升算法的稳定性、鲁棒性与安全性，确保符合AI伦理规范与业务合规要求。 任职要求 1.本科及以上学历，计算机科学、数学、统计学、人工智能、数据科学等相关专业。 2.编程能力：熟练掌握Python，具备良好的编码习惯与代码优化能力；熟悉C++/Java/Scala中至少一门语言，了解CUDA编程、GPU加速者优先；熟练使用Linux环境，能编写Shell脚本完成自动化任务者优先。 3.算法与框架：熟练掌握常见机器学习算法（如LR、SVM、决策树、随机森林、GBDT、XGBoost等）与深度学习算法（如CNN、RNN、LSTM、Transformer等），理解其原理与应用场景；精通TensorFlow、PyTorch等至少一种深度学习框架，熟悉Scikit-learn、XGBoost等工具库，有分布式训练、模型压缩（量化、剪枝）经验者优先。 4.数据处理能力：熟悉大数据处理技术（Hadoop、Spark、Flink等），能熟练使用SQL/Hive进行复杂数据查询与分析，具备海量数据清洗、预处理、特征工程的实战经验。 5.加分项：有大模型（LLaMA、GPT等）微调、RAG、Agent等相关开发经验；熟悉NLP、计算机视觉、推荐系统、风控算法等任一细分领域；有量子计算框架使用、神经架构搜索相关经验；具备专利申请或学术论文发表经历者优先。 6.具备较强的问题分析与解决能力，能快速定位算法问题、提出有效解决方案，有独立负责算法项目从设计到落地的经验者优先。 工作地点 济南市中区国家大学科技园4号楼5层 以担保或任何理由索要财物，扣押证照，均涉嫌违法。一经发现， 立即举报,"深度学习,多模态算法,大模型算法,Python",http://www.zhaopin.com/jobdetail/CCL1373465420J40850005709.htm?refcode=4019&srccode=401901&preactionid=eb9aae74-194f-458c-a69f-8f7d839d3213
风控专员,重药控股(黑龙江)有限公司,6000-8000元,哈尔滨·松北·松浦,广州,本科,1-3年,7月29日,zhilian,岗位职责： 1、贯彻集团及公司各项风控管理规定要求，负责公司采购、存货、销售相关业务审批。 2、审核公司各类合同条款，防范业务各环节风险。 3、负责业务的信用管理工作，负责客商资信管理、客商信用分析、应收账款管理及超期应收账款跟踪管理。 4、跟踪业务履行，做好业务的过程监管和事后风险处置。 5、维护信息管理系统的相关数据及时准确，统计各项业务风险指标并及时反馈。 任职要求： 1、学历专业：本科及以上学历，法律相关专业优先，具备相关专业从业资格证书（如法律职业资格、审计师等）者优先。 2、工作经验：1－3年企业内部审计、监察、反舞弊或风控调查相关工作经验；有医药行业相关工作经验，熟悉医药商业企业经营业务模式者优先。 3、素质素养：原则性强，作风严谨细致，具备良好的沟通协调能力；严格遵守保密制度，保密意识极强，能坚守职业底线，公正客观开展工作。 4、技能要求：熟练使用Office办公软件，具备较强的文字撰写能力和数据分析能力，能高效完成相关报告及材料编制。 5、认同公司企业文化，遵守公司各项规章制度，具备良好的职业操守。 工作地点 哈尔滨市-松北区-北岳新城小区2号商服 以担保或任何理由索要财物，扣押证照，均涉嫌违法。一经发现， 立即举报,"风控合规,内部风控",http://www.zhaopin.com/jobdetail/CC616412230J40912033612.htm?refcode=4019&srccode=401901&preactionid=eb9aae74-194f-458c-a69f-8f7d839d3213
期货风控员,大连北方现代塑胶有限公司,5000-10000元,大连·西岗·人民广场,广州,本科,经验不限,6月21日,zhilian,职位描述 期货风控 本科学历 懂期货，有风险控制意识 薪资5千到1万加效益奖金 工作地点 大连市-西岗区-民政街83号民政街83号 以担保或任何理由索要财物，扣押证照，均涉嫌违法。一经发现， 立即举报,期货风控,http://www.zhaopin.com/jobdetail/CC120536300J40903344908.htm?refcode=4019&srccode=401901&preactionid=da99af04-e467-4185-b936-072b08e987ae
风控经理,中国高科集团,1.5-3万,武汉·武昌,广州,本科,3-5年,4月21日,zhilian,岗位职责： 1、负责建立公司风险管理体系，设计、完善和执行风险管理流程和标准，指导督促部门开展投资相关工作，保证系统运行有效和合规性； 2、对各类业务数据进行风险评估分析，定期对关键风险事件进行分析和预测，为决策提供依据支持； 3、负责对项目进行市场调研、数据收集和可行性分析并起草项目建议书，确定项目的成本、收益和风险，出具风险评估意见； 4、负责风控模型分析，建立并按公司风控要求提出风控措施； 5、梳理及优化集团各业务线的风险管理模型，协助制定各类业务的风险评价标准和风险管理指引； 6、监控、分析风险数据，提出业务调整的解决建议，并及时沟通、监督操作效果； 7、对项目实施评估、测算、分析工作，监控和分析项目的经营管理。 任职要求： 1、本科及以上学历，金融、经济、法律等相关专业，3年以上投资公司分控工作经验； 2、具备良好的识别和分析各种投资风险能力，同时具备一定计算机应用能力、逻辑思维能力、风险数据分析能力 3、能通过财务分析、行业研究预判风险，设计应对方案； 4、熟悉风险管理知识、金融业务知识，诚实守信，高度的团队合作精神和工作热情。 工作地点 武汉武昌区襄阳大厦 以担保或任何理由索要财物，扣押证照，均涉嫌违法。一经发现， 立即举报,"风控体系制定,财务风控,法务风控",http://www.zhaopin.com/jobdetail/CC000273090J40844216801.htm?refcode=4019&srccode=401901&preactionid=da99af04-e467-4185-b936-072b08e987ae
资产管理中心风险控制岗,信泰人寿保险股份有限公司,1-1.8万·18薪,杭州·萧山·盈丰,广州,硕士,3-5年,7月24日,zhilian,岗位职责: 1．负责金融产品、不动产、未上市公司股权等非标准化投资业务风险管理的具体工作，对项目进行详尽调查，评估交易对手风险情况及项目风控措施的充分性和有效性，撰写风险评估报告； 2．审查非标准化投资业务合同、协议等法律文件核心条款，并出具风险意见； 3．对非标准化投资业务中的各类风险开展分析、监测和控制，并监督整改;对债权项目各方主体的信用状况进行持续跟踪监测和风险管控； 4．对重要的投资行为、财务行为、资金运用行为和机构管理行为进行风险审查； 5．协助完善和优化相关制度和流程，以及上级领导交办的其他工作。 任职要求： 1、硕士及以上学历，熟悉保险、金融知识，精通投资业务知识，了解监管政策、法律、财务等方面知识，金融、法律、风险管理等专业优先，具有FRM、CFA、律师从业资格证等优先； 2、3年以上保险资金运用风险管理或相关投资行业工作经验； 3、具备优秀的组织协调能力、分析判断能力、文案撰写能力。 工作地点 杭州萧山区信泰人寿保险股份有限公司 以担保或任何理由索要财物，扣押证照，均涉嫌违法。一经发现， 立即举报,风控合规,http://www.zhaopin.com/jobdetail/CC146589060J40632783413.htm?refcode=4019&srccode=401901&preactionid=da99af04-e467-4185-b936-072b08e987ae
信控专员,佳都科技集团股份有限公司,7000-10000元,北京·丰台·看丹,广州,本科,1-3年,7月29日,zhilian,岗位职责 1、贯彻执行信控部既定相关风险管理政策及相关规定； 2、负责客户授信评估的资料收集，按照授信管理规范评估授信； 3、负责授信客户担保类文件归档及保管； 4、通过动态跟踪与走访，确认客户经营状况； 5、负责催款函的制作和发出，并对催款函发出后进行超期应收跟进； 6、合作客户的对账单的发出和收取； 7、对责任区域高风险应收协助催收，区域履约情况监控并督促改善 8、向业务部门人员宣导信控部相关政策，做好风险意识的宣传工作 任职要求 1、本科及以上学历，具有财务专业、法学专业初级职称者优先； 2、两年以上风险控制管理或财务管理工作经验； 3、了解国内ICT行业业务模式和运作特点，具备较强的原则性和抗压性，具备一定的沟通能力、协调能力和谈判技巧； 4、涉及出差工作。 工作地点 北京丰台区交控大厦B座 以担保或任何理由索要财物，扣押证照，均涉嫌违法。一经发现， 立即举报,风控合规,http://www.zhaopin.com/jobdetail/CC136549670J40879698005.htm?refcode=4019&srccode=401901&preactionid=da99af04-e467-4185-b936-072b08e987ae
风险管理部 内控管理岗,富泽人寿保险股份有限公司,面议,北京·朝阳·三里屯,广州,本科,3-5年,8月1日,zhilian,岗位职责 1、体系建设：参与制定与优化内控政策、管理流程和管理工具，重点负责资金运用领域（固收、权益、另类投资等）或负债端业务及运营领域的制度流程梳理、关键控制点识别与风险控制矩阵维护。 2、评估检查：独立开展或牵头对资金运用或负债端业务及运营流程的内控检查，设计并执行穿行测试、抽样测试，识别内控缺陷，出具评估报告。 3、整改闭环：跟踪检查发现问题的整改，验证整改效果，形成管理闭环。 4、协同赋能：与资管、业务及运营、财务、合规、审计、IT等部门协作，推动内控措施落地，提供内控培训与咨询。 5、系统建设：参与风险管理信息系统内控模块的需求分析、设计与测试工作。 任职要求 1、基本条件 （1）本科及以上学历，财务、会计、法律、金融等相关专业； （2）具备3年以上金融机构（保险、银行、证券等）运营条线、资管、风险管理、内控、合规或审计工作经验； （3）熟悉保险资金运用或保险业务运营监管政策，了解公司内控管理的基本框架与方法； （4）具备较强的风险敏感性、逻辑分析能力和文字表达能力，工作严谨细致； （5）具备良好的沟通协调能力与团队合作精神。 2、专业能力 （1）必备经验：具备3年以上保险及保险资管、银行/证券资产管理等机构投资风控或运营、内控或内审经验，熟悉投资、业务及运营等流程与核心风险。具备财务分析或法律合规复合背景者优先。 （2）掌握内部控制框架（如COSO）、风险评估、流程梳理与穿行测试等方法。有参与内控体系建设项目经验者优先。 （3）具备一定的数据提取与分析能力，能运用工具支持风险监测（如EXCEL、SQL、PYTHON等）； （4）持有CPA、CIA、CFA、FRM、法律职业资格等相关证书者优先。 工作地点：目前在北京，未来接受北京、济南两地办公 工作地点 北京市 / 市辖区 / 朝阳区 以担保或任何理由索要财物，扣押证照，均涉嫌违法。一经发现， 立即举报,SQL Python 合规 审计 培训 风险管理 需求分析,http://www.zhaopin.com/jobdetail/CCL1498711510J40866567607.htm?refcode=4019&srccode=401901&preactionid=da99af04-e467-4185-b936-072b08e987ae
风控负责人,淮安金地广场商业管理有限公司,1-2万,南京·江宁·麒麟,广州,本科,经验不限,4月23日,zhilian,职位描述 财务风控 风控体系制定 证券/期货 岗位要求： 1、有从事大宗商品交易、期货、证券等公司风险控制岗位相关工作经验； 2、熟悉并负责市场风险管理系统规划，建立业务风险评估方法体系以及标准化操作流程； 3、负责日常交易行为的风险控制以及市场异常行为的监督管理； 4、薪资面议。 工作地点 南京江宁区光华路 以担保或任何理由索要财物，扣押证照，均涉嫌违法。一经发现， 立即举报,"财务风控,风控体系制定",http://www.zhaopin.com/jobdetail/CC444419020J40884509603.htm?refcode=4019&srccode=401901&preactionid=da99af04-e467-4185-b936-072b08e987ae
金融风控审批岗（上海）,仲利国际租赁,8000-10000元,上海·长宁·新泾,广州,本科,经验不限,3月20日,zhilian,职位描述 基金业风控 证券业风控 工作职责 1、负责租赁项目审核，对客户进行资信调查、商业调查及行业市场分析； 2、根据租赁项目具体情况，通过资料分析、实地考察、外部照会等发现问题和有价值的信息，提供权限主管作为决策依据； 3、撰写风险评估报告并出具风险防范建议，与业务保持沟通合作关系，共同促成业绩目标达成； 4、跟踪租赁项目的执行情况，适时回访逾期客户，负责对高风险行业、区域、产品提出风险预警及规避建议； 5、进行数据统计和信息处理，完善风险控管流程与体系，协助制定风险控管标准与政策； 6、主管交办的其他事宜。 任职资格 1、大学本科及以上学历，金融、财会、审计等相关专业优先； 2、具备较强的财务分析、风险识别及问题解决能力； 3、具备良好的逻辑思维、沟通协调能力及抗压能力； 4、具备较强的工作责任心及良好的工作态度和团队合作精神； 5、具金融机构风险控制岗实习或工作经验者尤佳。 工作地点 长宁区金钟路631弄1号楼（上海总部） 以担保或任何理由索要财物，扣押证照，均涉嫌违法。一经发现， 立即举报,"基金业风控,证券业风控",http://www.zhaopin.com/jobdetail/CC130614350J40723622306.htm?refcode=4019&srccode=401901&preactionid=da99af04-e467-4185-b936-072b08e987ae
海丝科技公司 风控经理,泉州海丝产业投资集团有限公司,1-1.5万,泉州·丰泽区·城东街道,广州,本科,5-10年,7月22日,zhilian,职位描述 基金业风控 投资风控 并购风控 1.学历要求：本科及以上学历； 2.专业要求：法学类专业。 3.5年及以上从事金融投资领域的合规管理、风险控制、法律事务工作经验。 工作地点 泉州丰泽区城建·水墨芳林 以担保或任何理由索要财物，扣押证照，均涉嫌违法。一经发现， 立即举报,"基金业风控,投资风控,并购风控",http://www.zhaopin.com/jobdetail/CCL1511793760J40862412601.htm?refcode=4019&srccode=401901&preactionid=da99af04-e467-4185-b936-072b08e987ae
交易风控岗 (MJ000309),国泰君安期货,1.2-2万·18薪,上海·浦东·陆家嘴,广州,硕士,经验不限,6月10日,zhilian,岗位职责： 1、负责公司风控工作的日常监督与管理，确保公司风险控制体系的有效运行； 2、负责监控公司客户交易风险和处理异常交易情况，并实施风控措施； 3、负责公司通用及个性化保证金适当性管理； 4、负责办理金融期货套保及套利额度申请及风险管控； 5、负责实时监控与调整各交易所席位资金； 6、负责应急情况下协助客户进行交易工作； 7、完善系统建设，提供专业服务，及时响应及协调处理客户的各类需求。 任职要求： 1、硕士及以上学历。金融、数学、统计等相关专业优先。 2、具有期货从业资格，接受并适应夜班轮班的工作安排。 3、熟悉各交易所交易和风控相关规则，具有期货交易经历、风险控制、行情研究等相关工作经验优先。 4、有一定的计算机专业技能、熟练使用常用上期技术软件，熟悉SQL、phython、VBA等编程语言者优先。 5、具有较强的抗压能力，责任心强、细致严谨、善于沟通和应变，具有良好的团队合作精神和奉献精神。 工作地点 浦东新区新上海国际大厦 以担保或任何理由索要财物，扣押证照，均涉嫌违法。一经发现， 立即举报,期货风控,http://www.zhaopin.com/jobdetail/CC290232610J40916892508.htm?refcode=4019&srccode=401901&preactionid=da99af04-e467-4185-b936-072b08e987ae
风控总监,华荣资产管理(深圳)有限公司,8000-16000元·15薪,成都·成华·龙潭,广州,本科,5-10年,4月21日,zhilian,职位描述 基金从业资格证书 内部风控 风控建模 风控体系制定 法务风控 证券法 保险法 投资与资产管理 基金 私募股权基金风控总监（代基金公司招聘） （一）基本要求 1.本科及以上学历，金融、法律、财务、审计等相关专业，基金从业资格证必备（严格符合中基协私募从业人员任职要求），持有CPA、法律职业资格、FRM、CFA等证书者优先。 2.无违法违规记录、无失信行为，未被监管机构或中基协采取禁入措施、处罚，无利益输送、内幕交易、违规风控等从业历史，符合私募行业合规任职条件。 3.具备严谨的职业操守、强烈的责任意识和风险敏感度，坚守合规底线，严格遵守私募监管法规及中基协自律规则，杜绝违规操作。 （二）专业能力与经验要求 1.在国企工作过、并且能提供相关工作经历者优先，具备5年及以上私募股权/创投基金、金融机构风控相关工作经验，其中3年及以上风控管理岗位经验，熟悉私募股权基金全流程风控体系，有完整基金产品风控管理经验者优先。 2.精通《私募投资基金监督管理暂行办法》《私募投资基金管理人内部控制指引》《证券投资基金法》等中基协及监管相关法规，熟练掌握私募股权基金合规风控要求，能独立搭建、优化公司风控体系及管理制度。 3.具备扎实的风险识别、评估、管控能力，能覆盖股权投资全流程（项目尽调、投资决策、投后管理、退出）风控，精准识别合规风险、财务风险、法律风险、操作风险及道德风险。 4.熟悉私募股权基金关联交易、信息披露、资金管控、反洗钱、内幕信息管理等核心风控环节，能制定针对性风控措施，落实内控要求，防范各类违规风险。 5.具备较强的合规审核、风险研判能力，能独立审核投资项目尽调报告、交易方案、投资协议等核心文件，提出合规风控意见，监督整改落实；熟悉财务审计、法律尽调流程，能协同中介机构开展风控相关工作。 （三）管理与统筹能力要求 1.具备风控团队管理经验，能搭建风控团队架构，制定团队工作目标及考核标准，带领团队开展日常风控、合规审核、监管对接等工作，提升团队专业能力。 2.具备较强的统筹协调能力，能统筹公司整体风控工作，协调投研、募集、运营、财务等各部门，推动风控制度落地，确保基金运作全流程合规。 3.具备良好的监管对接能力，能高效配合中基协、监管机构的检查、自查、专项核查及信息报送工作，及时响应监管要求，妥善处理合规风控相关问题。 （四）其他要求 1.能承受较高工作压力，具备较强的抗压能力、执行力及问题解决能力，适应私募行业监管动态更新、项目风控审核等工作节奏，严谨细致、原则性强。 2.具备持续学习能力，能及时跟踪私募监管政策、行业风控动态，持续优化公司风控体系、管理制度及风控措施，适配监管要求及行业发展。 3.认同公司投资理念及企业文化，具备良好的职业素养和敬业精神，能坚守风控原则，主动防范各类风险，保障公司及基金出资人合法权益。 奖金绩效 项目奖金，朝九晚六，双休，五险一金，节假日正常放 工作地点 四川省成都市成华区成致路6号14栋A座1901 以担保或任何理由索要财物，扣押证照，均涉嫌违法。一经发现， 立即举报,"基金从业资格证书,内部风控,风控建模,风控体系制定,法务风控,证券法,保险法",http://www.zhaopin.com/jobdetail/CCL1482659040J40889868503.htm?refcode=4019&srccode=401901&preactionid=da99af04-e467-4185-b936-072b08e987ae
风控专员,广东诚投工程项目担保有限公司,6000-10000元,广州·花都·花山,广州,大专,1-3年,5月26日,zhilian,"岗位职责： 合同合规审查 负责审查、修订公司全类型业务合同（主要包括：委托合同、工程保函文本等与公司业务相关的法律文书）； 确保保函出具的内容、格式及法律效力符合合作要求及监管规定。 项目风险初审与尽调支持 协助风控经理对申请担保的企业进行法律尽职调查； 重点核查被担保人涉诉情况、行政处罚记录、股权冻结情况、实际控制人征信法律风险； 出具法务风险初审意见书，明确提示法律层面的承保风险。 保后法律跟踪与风险化解 对在保项目进行动态法律风险监控，关注被担保人经营异常、涉诉新增等预警信号； 主责处理索赔案件的证据收集、法律文书准备及谈判工作； 主责代偿后的追偿法律程序（包括但不限于发送律师函、启动诉讼/仲裁、申请强制执行等）。 制度与合规建设 协助风控部经理更新和完善公司标准合同库、业务操作流程中的法律风控节点； 定期整理工程担保行业最新法律法规及司法判例，进行内部宣贯。 法律培训与文化宣导 定期组织业务人员开展基础法律知识培训（如保函效力、印章管理、证据留存等）； 营造合规经营的企业法律文化。 任职要求： 1. 教育背景 本科及以上学历，法学专业； 具备扎实的民商法、经济法理论基础，熟悉《民法典》《公司法》《招标投标法》《保障中小企业款项支付条例》及工程担保相关司法解释。 2. 工作经验 1年以上法务或律所工作经验，具备扎实的法学功底及较强的学习能力； 有工程担保公司、保险公司保证险部门、工程类企业或金融机构法务实习/从业经验者优先； 熟悉投标担保、履约担保、业主支付担保、农民工工资支付担保等业务流程者重点考虑。 3. 专业技能 精通合同审核，能快速识别并规避工程类保证合同中的法律陷阱； 熟悉工程项目全生命周期涉及的法律风险点（如招投标阶段、施工阶段、竣工验收及结算阶段）； 具备较强的法律文书撰写能力，能够独立起草、修改、审核反担保函、和解协议及律师函等； 通过国家统一法律职业资格考试（法考）或持有律师执业证者优先。 4. 能力与素质 逻辑清晰，细致严谨：能够在大量业务合同中发现细微的合规漏洞； 沟通能力良好：能够将专业的法律意见转化为业务部门易懂的风险提示，配合业务团队完成项目谈判； 执行力强：能够高效处理突发法律事件（如索赔应对、紧急代偿后的追偿启动）； 职业道德：严守公司商业秘密，具备高度的责任心。 福利待遇： 薪资结构：基本工资+绩效工资+全勤+年终奖金 福利待遇：五险一金+带薪年假+节日福利+生日礼金+团建活动+优越的办公环境 工作时间： 夏令时：8:30-12:00,14:30-18:00（午休2.5个小时），周末双休 冬令时：8:30-12:00,14:00-17:30（午休2个小时），周末双休 工作地点 广州市-花都区--花山镇花山大道2号广东诚投大厦 以担保或任何理由索要财物，扣押证照，均涉嫌违法。一经发现， 立即举报","法务风控,投融资风控,法务审核,担保法,民商法,合同法,经济法,保险法",http://www.zhaopin.com/jobdetail/CCL1430625940J40852446701.htm?refcode=4019&srccode=401901&preactionid=da99af04-e467-4185-b936-072b08e987ae
风险评估技术人员,中国船级社实业有限公司,1-2万,天津·滨海新区·塘沽,广州,硕士,经验不限,6月1日,zhilian,职位描述 技术服务 承担港口航运、船舶与海洋工程及相关设备设施安全技术评估类技术服务产品开发及相关科研工作。 任职要求： 1、985或211应届毕业生，硕士研究生及以上学历，毕业证和学位证双证齐全；CET-6或其他等效合格证书，熟练操作计算机；具有良好的中英文表达能力。 2、具有安全、机电专业背景；了解港口航运、船舶与海洋工程、海上油气方面工艺流程等相关基础知识；熟练掌握常用风险分析软件的使用方法及相关理论知识；能够独立编制项目策划、立项、研究报告。 3、工作积极主动，有独立工作能力，能吃苦耐劳，有责任心，善于沟通。 工作地点 天津滨海新区瑞众金融中心 以担保或任何理由索要财物，扣押证照，均涉嫌违法。一经发现， 立即举报,技术服务,http://www.zhaopin.com/jobdetail/CC132320630J40820847116.htm?refcode=4019&srccode=401901&preactionid=da99af04-e467-4185-b936-072b08e987ae
风控专员,北京掌跃互动信息技术有限公司,4000-6000元,天津·南开·向阳路,广州,大专,1-3年,3月10日,zhilian,岗位职责 一、风险识别与审核（核心日常） 1.广告全链路审核：对广告账户、资质、素材、落地页、直播/短视频内容做合规审核，核查是否符合《广告法》、平台规则及行业规范（如医疗、教育、金融等）。 2.风险排查：巡查在投广告，识别虚假宣传、资质造假、违规营销、黑灰产套利等风险，及时预警、下线或处置。 3.客户/项目尽调：对高风险客户、新行业客户做准入评估与风险审批。 二、风控策略制定与优化 1.制定规则：结合行业特性，设计准入规则、审核标准、违规处罚、白名单/限流等差异化风控策略。 2.规则迭代：分析违规案例，持续优化风控规则库，降低二次违规。 3.培训宣贯：向业务/销售团队做风控政策、审核标准、违规案例培训，提升合规意识。 三、数据与长效治理 1.数据分析：用数据定位风险源头，输出风险报告、优化建议，支撑决策。 2.案例沉淀：梳理违规案例，形成风控知识库、治理指南。 四、合规与应急处理 1.合规把控：确保广告业务符合国家法规、平台政策、行业监管要求。 2.应急响应：处理突发违规、投诉、舆情，快速处置并复盘优化 工作地点 品所中心天津南开区品所中心10楼1001 以担保或任何理由索要财物，扣押证照，均涉嫌违法。一经发现， 立即举报,"数据风控,风控合规",http://www.zhaopin.com/jobdetail/CCL1241032510J40921278108.htm?refcode=4019&srccode=401901&preactionid=da99af04-e467-4185-b936-072b08e987ae
风控主管,广东省中保小额贷款有限公司,8000-12000元,广州·黄埔·联和,广州,大专,3-5年,7月24日,zhilian,岗位职责 1、岗位描述： 协助部门经理负责项目的跟进，统筹工作；培养人才，认真做到全方位服务；管理部门工作的实施、检查、督促、落实执行情况。 2、工作职责： 1) 执行公司与部门相关风控制度与政策，运用风险管理知识，核查、分析与评估项目风险，出具评价性意见。 2) 通过失信被执行人网、企业信用网、全国法院、地区法院等网站，核查相关借款主体基础信息、企业股权结构信息、法案信息、及其他各类关联信用信息； 3) 通过人行征信报告、企业信用报告以及新闻报导、行业信息等核查、分析借款主体个人、企业及实际控制人与股东以及担保人/企业的信用情况，并对其负债情况进行核实、统计、测算与分析； 4) 对抵押物、质押物进行价值评估、变现能力分析、法律风险分析等。要求与评估公司保持联系，跟进项目评估，与当地中介房产机构核实物业市场价值，及时反馈评估结果。 5) 对申报的项目资料进行合法性、合规性、完整性审核（公司指定的相关借款法律合同、各类业务品种须提供的资料、以及其它应提供的资料等）； 6) 对项目借款用途的合理性、还款来源的真实可靠性、担保措施的可靠性进行审核； 7) 辅助或负责部分项目的尽职调查工作（如：实地考察企业经营场所，核实企业目前真实经营情况，以及抵（质）押物的现状、到银行核实银行贷款批复及放款情况等）； 8) 面谈借款客户（了解借款人各项信息：如家庭情况、就职/经营情况、负债情况、资产情况、还款意愿等）； 9) 外部法律、法规及最新政策或信息的收集。（如：国家及相关部门对现行相关的法律、法规进行修订或解释及其实践中的运用、行业市场情况与信息、公证处或国土部门或行业新政策等）； 10）及时更新、完善风控数据台账，每日及时更新，保持与财务的数据统一； 11）密切关注后续办案流程（含核实贷后客户的付息还本情况），对超出合理时限的项目应纳入关注状态，做到每天及时跟进项目进度信息，以求提前防范风险。 12) 有垫资过桥、大宗物业交易、短期企业资金运营、资本市场业务、不良资产项目处理经验。 职位福利：五险一金、餐补、节日福利、团队气氛活泼 上班时间：早九晚六，双休 职位亮点：省级小贷牌照、团队专业、氛围良好 工作地点 广州黄埔区JIC创金国际中心 以担保或任何理由索要财物，扣押证照，均涉嫌违法。一经发现， 立即举报,"贷款行业,金融业,银行业,基金行业,风控合规,风控体系制定,法务风控",http://www.zhaopin.com/jobdetail/CCL1414992970J40342224516.htm?refcode=4019&srccode=401901&preactionid=da99af04-e467-4185-b936-072b08e987ae
风险管理部系统风控岗(000770),国盛证券股份有限公司,1.5-2.5万,南昌·红谷滩·沙井,广州,硕士,经验不限,7月31日,zhilian,岗位职责: 1.协助维护和优化现有的各类风险管理系统，确保系统稳定、高效运行； 2.参与新功能的需求分析、开发测试与上线部署，将业务需求转化为技术解决方案； 3.协助开发、回测和验证各类风险计量模型； 4.运用Python、SQL等工具进行大规模金融数据的处理、分析与可视化； 5.研究各类金融科技技术、公司金融科技技术应用风险评估与审核、金融科技技术风险管理应用支持； 6.开发智能化的风险监测、预警和报告工具，推动风控流程的自动化与智能化升级 任职资格: 基本要求：硕士研究生及以上学历 专业：信息与通信工程、计算机科学与技术、电子信息相关专业 资格证书：具有证券从业资格 工作经验：具有3年及以上相关金融机构工作经验 其他要求： 1.至少熟练掌握一门编程语言（Python、Java、R等），有扎实的数据结构和算法基础； 2.熟悉数据库操作，能熟练编写SQL进行数据查询和处理； 3.强烈的学习欲望和快速学习能力，对金融科技、风险管理领域有浓厚兴趣； 4.具备良好的逻辑思维能力、分析问题和解决问题的能力，做事认真细致，有责任心； 5.具备良好的沟通能力和团队合作精神，能够清晰地进行技术表达和交流。 优先条件： 1.有相关领域（金融科技、数据分析、系统开发）的工作或项目经历优先； 2.对证券市场、风险管理有深入认知优先； 3.取得CPA、CFA、FRM等相当职业资格证书优先。 工作地点 红谷滩区北京银行(南昌分行营业部)12层 以担保或任何理由索要财物，扣押证照，均涉嫌违法。一经发现， 立即举报,"风控,计算机",http://www.zhaopin.com/jobdetail/CCL1513175570J40831247907.htm?refcode=4019&srccode=401901&preactionid=a2b65942-abe6-464c-99dc-6debb5bf194d
风控经理,中金旅投资控股有限公司,5000-10000元,西安·长安·韦曲,广州,本科,1-3年,5月8日,zhilian,岗位职责： 1.负责对公司拟投资项目进行投资方案分析、投资风险审查、全面风险尽职调查，独立出具风险审查报告； 2.负责审查项目投资合同，对接外聘律师完成法务咨询； 3.负责公司存续项目的投后管理； 4.参与深入研究公司重点投资行业； 5.完成上级及领导交办的其他工作。 任职要求： 1.需有2年以上工作经验，有国有投资类公司工作经验优先，有法务、风控相关工作经验优先； 2.有私募股权基金项目投资经验，熟悉私募股权基金投资流程； 3.具备较强的逻辑判断力和良好的沟通技能，责任心强，具有团队合作精神，能独立完成工作； 4.本科学历以上，法律、经济、金融等相关专业。 工作地点 西安长安区陕旅集团豪布斯卡总部大楼15楼 以担保或任何理由索要财物，扣押证照，均涉嫌违法。一经发现， 立即举报,法务风控,http://www.zhaopin.com/jobdetail/CC276498730J40962196902.htm?refcode=4019&srccode=401901&preactionid=a2b65942-abe6-464c-99dc-6debb5bf194d
授信模型开发岗,顺德农商银行,面议,佛山·顺德·大良,广州,本科,3-5年,,zhilian,岗位职责 1.利用数据分析结果，结合需求及实际，建设信贷专属风控模型，如申请评分卡（A卡模型）、行为评分卡（B卡模型）、预警模型、催收模型、违约概率预测模型、风险评级模型等； 2.负责风控模型验证、训练、调优、上线、部署； 3.对接业务场景迭代模型特征，提升模型精准度； 4.常态化开展模型监测与分析，定期评估模型性能及表现，及时根据实际情况优化迭代风控模型，并提出模型应用的优化建议。 （二）岗位要求。 1.本科及以上学历，硕士研究生学历优先； 2. 统计学、应用数学、计算机科学与技术、金融工程、数据科学、机器学习等相关专业，具备复合型知识背景者优先； 3.具有3年或以上风控模型开发工作经历，熟悉商业银行信贷业务场景和相关金融政策法规，了解金融科技相关技术，具备独立开发、落地核心风控模型的能力，有金融机构数字化风控项目经验优先考虑； 4.具备扎实的数据分析及处理能力、统计学及机器学习基础，熟练使用SQL、Python、SAS、JAVA等工具进行数据分析，熟悉大数据、云计算在授信模型开发应用者优先； 5.具备较强的逻辑思维及风险敏感度，较强的学习能力、抗压能力、执行力、沟通协调能力，具备合规意识。 工作地点 佛山顺德区顺德农商银行总行大楼 以担保或任何理由索要财物，扣押证照，均涉嫌违法。一经发现， 立即举报,"银行,金融科技/数字金融",http://www.zhaopin.com/jobdetail/CC384611710J40893601403.htm?refcode=4019&srccode=401901&preactionid=a2b65942-abe6-464c-99dc-6debb5bf194d
合规风控专员,山东五洲热联电气科技有限公司,5000-8000元,潍坊·奎文·大虞,广州,本科,3-5年,7月21日,zhilian,职位描述 法务风控 风控合规 风控体系制定 1、合同全周期风控：负责销售、采购、服务、项目类合同的起草、审核、修订与谈判，识别法律、财务、履约风险并给出防控方案。 2、主体与信用风控：核查合作方资质、股权、涉诉及失信信息，建立合作方资信台账，动态更新风险评级，输出准入 / 禁入建议。 3、履约监控与预警：监控项目交付、验收、回款、变更等关键节点，建立红黄绿灯预警机制，及时处置违约、逾期、索赔等异常。 4、制度与体系建设：制定合同管理办法、标准模板、审批流程，搭建合同台账与电子档案库，确保可检索、可追溯、可审计。 5、纠纷与合规支持：协助处理合同纠纷、仲裁 / 诉讼证据整理；开展业务部门合同风控培训，提升全员风险意识。 6、员工入职离职手续、资料审核。 工作地点 潍坊奎文区电力三公司宿舍综合办公楼5楼 以担保或任何理由索要财物，扣押证照，均涉嫌违法。一经发现， 立即举报,"法务风控,风控合规,风控体系制定",http://www.zhaopin.com/jobdetail/CCL1347290340J40861255910.htm?refcode=4019&srccode=401901&preactionid=a2b65942-abe6-464c-99dc-6debb5bf194d
基金公司风控合规负责人,湖南省昊康建设有限公司,1-1.5万,长沙·天心·青园,广州,本科,3-5年,7月13日,zhilian,职位描述 基金业风控 投资风控 A类法律职业资格证 B类法律职业资格证 C类法律职业资格证 基金全业务风控合规体系搭建 监管政策解读与合规指引制定 投资组合风险监测与压力测试 工作职责： 1. 统筹搭建基金公司全业务链条的风控合规管理体系，覆盖产品设计、募集销售、投资运作、信息披露等核心环节。 2. 跟踪解读资管新规、基金法等监管政策，制定适配公司业务的合规操作指引与风险应急预案。 3. 主导基金产品的合规审核，包括产品备案材料、合同条款、宣传推介文件的合规性把关。 4. 组织开展投资组合的风险监测与压力测试，识别流动性风险、信用风险等潜在隐患并推动整改。 5. 对接证监会、基金业协会等监管机构，配合完成现场检查、非现场监管及整改工作，维护公司合规评级。 6. 设计并实施全员合规培训计划，强化投研、销售、运营等岗位的合规意识与操作规范。 任职要求： 1. 本科及以上学历，法律、金融、经济等相关专业，持有法律职业资格证或CFA/FRM证书者优先。 2. 具备3年以上基金/证券行业风控合规经验，熟悉资管行业监管框架及基金业务全流程，有律所、券商合规、私募风控经验优先。 3. 拥有基金产品合规设计或净值化转型项目经验，能独立完成复杂产品的合规论证。 4. 精通风险量化工具与模型，具备投资组合风险评估与压力测试的实操能力。 5. 具备优秀的跨部门协调能力与监管沟通技巧，能高效推动合规要求落地执行。 6. 具有较强的政策敏感度与文字功底，能独立撰写合规报告、制度文件及监管回复材料。 工作地点 长沙天心区昊康建设有限公司中欣国际7楼701 以担保或任何理由索要财物，扣押证照，均涉嫌违法。一经发现， 立即举报,"基金业风控,投资风控,A类法律职业资格证,B类法律职业资格证,C类法律职业资格证,基金全业务风控合规体系搭建,监管政策解读与合规指引制定,投资组合风险监测与压力测试",http://www.zhaopin.com/jobdetail/CC456042380J40874488410.htm?refcode=4019&srccode=401901&preactionid=a2b65942-abe6-464c-99dc-6debb5bf194d
基金法务专员兼风控,方富天元(北京)资产管理有限公司,1.1-2万,北京·海淀·中关村,广州,本科,3-5年,6月17日,zhilian,岗位职责： 1、负责起草、修订、审查公司对外签订的合同文本；参与公司重大合同的谈判工作，争取和维护公司合法权益； 2、参与处理公司各类纠纷、仲裁、诉讼等案件； 3、参与产品架构设计，提出合理的法律意见与建议； 4、参与投资及并购项目的前期调研、尽职调查、机会风险评估、架构设计、交易谈判等运作； 5、制定风险管理业务操作流程、各类项目审查指引； 6、负责私募基金业务法律体系的建设和落实； 任职要求： 1、统招本科及以上学历，法学、金融相关专业，通过司法考试者，有律所经验优先； 2、具有3年以上金融行业法律合规、风险内控等岗位相关工作经验，熟悉金融相关业务及基金产品者优先； 3、熟悉相关法律法规及行业监管政策； 4、熟悉供应链金融、投资投行、基金业务，了解资本市场运作模式； 5、具有较强的责任心、执行力、学习能力，具备良好的团队合作精神。 工作地点 北京海淀区北四环西路9号银谷大厦 以担保或任何理由索要财物，扣押证照，均涉嫌违法。一经发现， 立即举报,"兼并收购,改制重组,律师事务所",http://www.zhaopin.com/jobdetail/CC443275480J40706757911.htm?refcode=4019&srccode=401901&preactionid=a2b65942-abe6-464c-99dc-6debb5bf194d
风控审批,云信保科技(河北)有限公司,5000-8000元,石家庄·长安·谈固,广州,本科,1-3年,7月21日,zhilian,岗位职责】 1、负责审查项目相关企业信息，出具最终审核意见； 2、对企业运营和企业财务风险点进行深度分析和汇总说明； 3、做好保后工作，向存在企业运营问题或重大财务问题的项目提出预警，做出相应防范措施； 4、完善公司风险把控体系与合作企业的风险监控标准和流程； 【岗位要求】 1、统招本科及以上学历，金融、法律、财务、建筑相关专业； 2、有工程、贸易、生产等审计工作经验或担任过担保、融资贷款财务管理岗经验优先； 3、有一定抗压能力，熟悉相关法律法规，合规意识和原则性较强，有责任心和良好职业道德意识； 4、对公司风险具有较强的预判能力，有良好的合规意识和审慎意识； 5、具备独立解决危机事件的能力，有商务谈判、危机事件处理能力，切具有较强的逻辑思维能力； 6、可适应短期出差。 工作地点 石家庄长安区瑞城国际广场-8号写字楼25层 以担保或任何理由索要财物，扣押证照，均涉嫌违法。一经发现， 立即举报,担保法,http://www.zhaopin.com/jobdetail/CCL1514426030J40876331710.htm?refcode=4019&srccode=401901&preactionid=a2b65942-abe6-464c-99dc-6debb5bf194d
BK81TE-风险政策管理岗,平安银行股份有限公司汽车消费金融中心,1.5-2万,深圳·福田·莲花,广州,本科,1-3年,7月31日,zhilian,职位描述 银行业风控 汽车金融风控 工作职责 : 1、负责制定整体风控体系框架及流程，拟定风险管理流程和风险管理制度； 2、负责定期对业务部门工作合规性的检查与管理，监控各类业务风险的分析及防范措施的制定； 3、参与风险审批和风险定价、参与评估产品风险，根据具体情况提出风险规范建议并提出风险预警。 4、客户群体与行为特征深入挖掘分析，提升优质客户资产占比； 5、负责信贷政策在全流程风险管控中的落地，确保系统对信贷政策的正确应用。 任职资格 : 1.硕士及以上学历学位，经济学、金融或统计类专业； 2.3年以上金融相关行业信贷政策制定、风险策略管理经验； 3.精通金融信贷业务、风险管理基础知识和银行、汽车金融信贷管理知识； 4.精通Excel、PPT、WORD等办公软件，能够熟练使用数据分析工具（Eg：SAS Python Excel VBA）; 5.思维敏锐，具备一定的数据分析能力、逻辑思维能力、对内外组织沟通能力、执行能力和团队精神；有诚信、愿意分享和承担责任，勇于探索与坚持创新。 工作地点 深圳福田区荣超大厦 以担保或任何理由索要财物，扣押证照，均涉嫌违法。一经发现， 立即举报,"银行业风控,汽车金融风控",http://www.zhaopin.com/jobdetail/CCL1200504700J40921320808.htm?refcode=4019&srccode=401901&preactionid=a2b65942-abe6-464c-99dc-6debb5bf194d
风控岗,兴业期货有限公司,1-1.8万,上海·浦东·陆家嘴,广州,本科,1-3年,7月10日,zhilian,职位描述 期货风控 工作职责： 1.负责实时监控公司所有客户的期货交易风险状况，资金变化情况； 2.负责盘中实时席位资金调拨工作； 3.负责大户持仓报告、异常交易等业务； 4.负责程序化交易报备等流程工作； 5.负责公司夜盘的风险控制工作； 6.负责编制、制作、审核各类监管报表及风险报告。 任职要求： 1.大学本科及以上； 2.熟悉期货市场各类交易规则；知晓期货、期权基本交易规则及基本计算； 3.熟练使用EXCEL，熟练使用python、sql等软件者优先； 4.工作踏实认真，具有责任心； 5.身体健康，可以上夜班； 6.具备期货从业资格者优先。 工作地点 上海浦东新区兴业银行大厦 以担保或任何理由索要财物，扣押证照，均涉嫌违法。一经发现， 立即举报,期货风控,http://www.zhaopin.com/jobdetail/CC273167280J40920234815.htm?refcode=4019&srccode=401901&preactionid=a2b65942-abe6-464c-99dc-6debb5bf194d
风控信息审核,北京网聘信息技术有限公司,8000-16000元,北京·朝阳·望京,广州,本科,1-3年,2月2日,zhilian,岗位职责 负责网络招聘平台B 端企业与C 端求职者的信息审核，包括企业资质、岗位信息、简历内容的真实性与合规性校验。 识别并处置违规信息，涵盖虚假招聘、身份冒用、违规话术、涉诈涉黄等风险内容，执行平台风控规则。 处理用户申诉与反馈，完成违规信息复核，记录处置结果并同步至相关团队。 参与风控规则落地执行，反馈审核过程中发现的规则漏洞与新型风险，优化审核标准。 统计日常审核数据，完成日报、周报填报，完成专项治理任务。 负责风控自动化工具的全生命周期运营与迭代优化，通过性能调优与场景拓展，提升风险识别的覆盖广度与响应速度。 主导平台业务风控数据的深度梳理与分析，挖掘潜在风险点与流程优化空间，输出可落地的分析结论与改进方向。 端到端管理风控系统需求：从业务场景中提炼核心风险诉求，与技术团队协同完成方案设计，全程跟进开发、测试与上线流程，确保需求高质量落地并完成效果验证与复盘。 任职要求： 统招本科及以上学历，法律、计算机、数学或统计学相关专业优先。 具备1年以上业务安全或风控领域经验，熟悉互联网平台常见风险类型（如欺诈、引流、内容违规等），熟悉内容审核流程与风险识别逻辑，，具备较强的合规判断能力。 掌握数据分析方法与工具，能独立完成复杂业务场景下的数据建模与风险归因分析。 具备优秀的跨部门沟通能力与项目推动能力，能有效协调技术、产品等资源达成风控目标。 公司福利： 福利保障：五险一金+补充商业保险，覆盖带薪年假、婚假、产假等法定节假日。 团队活动：定期团建、节日福利、年度体检，营造轻松和谐的团队氛围。 成长发展：完善的培训体系、清晰的职业晋升通道，助力员工实现个人职业目标。 工作地点 北京朝阳区首开广场B1层悦食里(阜通地铁站B1西北口步行150m) 以担保或任何理由索要财物，扣押证照，均涉嫌违法。一经发现， 立即举报,"业务流程风控,SQL",http://www.zhaopin.com/jobdetail/CC120019970J40873109503.htm?refcode=4019&srccode=401901&preactionid=a2b65942-abe6-464c-99dc-6debb5bf194d
风控专员,湖南聚宝金昊生物科技有限公司,4000-6000元,湘潭·雨湖区,广州,本科,1-3年,6月29日,zhilian,岗位职责 搭建并执行公司业务全流程风险管控体系，识别、评估经营、交易、合规等各类风险，制定风险防控方案与预警机制。 负责客户信用、合同条款、交易流程全环节审核，开展风险尽职调查，出具风险评估报告，提出防控建议。 跟踪监控业务执行过程中的风险动态，及时预警异常情况，推动风险问题闭环整改，降低经营损失。 梳理风控相关制度、流程与标准，定期复盘风险案例，输出风控分析报告，优化风控策略与管控机制。 配合法务、财务、业务部门开展风险排查，参与合规检查、风险培训，保障公司业务合规稳健运行。 二、任职要求 本科及以上学历，法律实务类、法学类、公共管理类相关专业优先。 身体健康，具备 1 年以上企业风控、合规或法务相关工作经验，熟悉企业风险管控流程优先。 掌握风控、合规相关法律法规与行业规范，具备风险识别、尽职调查、数据分析与报告撰写能力。 具备严谨的逻辑思维、风险研判能力，责任心强、原则性强，沟通协调与抗压能力良好。 有食品 / 农产品行业风控经验、熟悉企业内控与合规管理流程者优先。 工作地点 湘潭雨湖区潭州大道与纬一路交叉口西南100米 以担保或任何理由索要财物，扣押证照，均涉嫌违法。一经发现， 立即举报,"风控体系制定,财务风控,法务风控,风控合规,内部风控",http://www.zhaopin.com/jobdetail/CC811894420J40769509506.htm?refcode=4019&srccode=401901&preactionid=a2b65942-abe6-464c-99dc-6debb5bf194d
风控主管,重庆海尔家电销售有限公司,面议,青岛,广州,本科,3-5年,7月8日,zhilian,职位描述 职责描述： 1、融入业务开展海内外高风险、高复杂度板块内控测试项目，开展设计/执行内控测试程序，针对发现的问题，形成内控报告和专项治理项目； 2、对内控测试发现的问题提出整改建议，并联业务主人深入还原分析及优化流程机制，对发现问题的整改进度及效果进行重点跟进，推动内控测试问题整改闭环； 3、针对业务顽症，沉淀高价值案例库，举一反三优化全流程断点；构建风险地图，辅助业务决策； 任职要求： 基础要求： 1. 英语可作为工作语言，听说读写，可当面沟通开展工作。 2. 本科及以上学历，具备懂业务懂技术有专业的复合型能力； 3、根据以上复合型能力，具有3年以上工作经验； 4、拥有较强的逻辑思维和数据分析能力、学习能力、报告撰写及文字表达能力、还原风险能力、团队协作能力，熟练运用office办公软件。 5、品德兼优：维护国家利益，坚持智家战略 6、适应国内国外短/长期出差 业务技术专业要求： 优先考虑符合以下任一条件的候选人： 1. 业务和技术场景：①具有市场管理经验（线上营销/线下建店/渠道管理/客户管理等）；②具有工厂管理经验（生产订单/质量/成本等）； 2. 专业和管理场景：①具备行业领先公司风控/审计经验，取得相应专业资格；②具有海外公司工作和管理经验（如产品经理等）；③具备流程体系建设、测试及管理经验。 工作地点 青岛海尔路1号海尔科创园 以担保或任何理由索要财物，扣押证照，均涉嫌违法。一经发现， 立即举报,数据分析 审计,http://www.zhaopin.com/jobdetail/CC358862320J40837209714.htm?refcode=4019&srccode=401901&preactionid=a2b65942-abe6-464c-99dc-6debb5bf194d
风险管理岗（市场风险）(J11164),卫星化学股份有限公司,2-3万,上海·静安·南京西路,广州,本科,5-10年,6月13日,zhilian,岗位职责: 1. 日常风险控制与报告 ①编制、核对并分析实物及衍生品交易组合的每日盈亏及风险敞口报告； ②使用独立市场数据，对交易头寸、价格及估值进行核对； ③监控并调查盈亏差异、市场波动及新交易带来的影响； ④及时上报超限额或异常的风险敞口； ⑤监控市场风险指标，包括风险价值（VaR）、压力测试及情景分析； ⑥分析关键驱动因素（商品价格、外汇、利率、运费）的风险敞口； ⑦支持交易对手敞口分析、信用额度使用情况追踪及限额监控。 2. 系统与数据完整性 ①维护并改进交易录入及风险报告系统； ②验证远期曲线、外汇汇率、运费指数等输入数据的独立性与准确性。 3. 完成管理层交办的其他相关工作。 任职要求: 1. 本科及以上学历，金融、经济学等相关专业。 2. 具有5年及以上的相关工作经验，具备大宗商品贸易或相关风险管理经验者优先。 3. 具备良好的职业操守和诚信品质，责任心强，同时拥有出色的团队合作与沟通能力。 4. 具备良好的组织协调与时间管理能力，能够在压力下有效处理多项优先事务。 5. 具备优秀的中英文书面及口头表达能力。该岗位需频繁与内外部相关方沟通，并负责撰写、整理及审核中英文业务文件、报告及演示材料。 工作地点 静安区上海静安嘉里中心JAKC 以担保或任何理由索要财物，扣押证照，均涉嫌违法。一经发现， 立即举报,"期货风控,金融技术风控",http://www.zhaopin.com/jobdetail/CC451189010J40874409305.htm?refcode=4019&srccode=401901&preactionid=a2b65942-abe6-464c-99dc-6debb5bf194d
法务风控-国有企业,智联猎头,1.2-1.5万,泰州·海陵区·凤凰街道,广州,本科,1-3年,6月24日,zhilian,职位描述 A类法律职业资格证 股权投资 法律 基金 职位描述： 起草、修订、审查公司及基金的各类合同；参与商业谈判工作；具体负责项目的法律尽调工作，提供法律意见；参与投后管理工作，负责为投后管理、项目退出提供法律咨询并处理相关文件；负责处理公司及基金的涉诉与纠纷工作；负责团队培训工作。 任职要求： 具备2年以上经济类法律事务工作经验，参与过股权投资相关法律工作（尽职调查或投资执行、投后管理）。 学历及证书要求： 1.本科及以上，经济类、法律类、财务财会类； 2.法律职业资格证（A证）。 工作地点 海陵区泰州市金融控股集团有限公司(泰州金融广场店) 以担保或任何理由索要财物，扣押证照，均涉嫌违法。一经发现， 立即举报,"A类法律职业资格证,股权投资",http://www.zhaopin.com/jobdetail/CCL1318355140J40903331203.htm?refcode=4019&srccode=401901&preactionid=a2b65942-abe6-464c-99dc-6debb5bf194d
金融资产风控专家,中国平安人寿保险股份有限公司赣州中心支公司,5000-10000元,赣州·章贡区·水南街道,北京,学历不限,经验不限,,zhilian,,"银行业风控,保险业风控,信托风控",http://www.zhaopin.com/jobdetail/CC180742120J40760681806.htm?refcode=4019&srccode=401901&preactionid=7567968f-a66e-4137-9dd7-8cef033a16be
银行监管报送-正常班-六日双休,京北方,1.1-1.2万,北京·东城·东直门,北京,本科,1-3年,,zhilian,,"银行业风控,基金业风控,证券业风控,信托风控,互联网金融风控,保险业风控,期货风控,投资风控,银行信息风控",http://www.zhaopin.com/jobdetail/CC315847110J40714205907.htm?refcode=4019&srccode=401901&preactionid=95b146c1-165e-42e8-ac05-ab19393bcf0b
风险管控,山西网灵通科技有限公司,6000-12000元,太原·郝庄,北京,学历不限,1-3年,,zhilian,,"交易风控,实盘交易经验",http://www.zhaopin.com/jobdetail/CCL1342126180J40878217914.htm?refcode=4019&srccode=401901&preactionid=95b146c1-165e-42e8-ac05-ab19393bcf0b
反欺诈经理（车金融）,江西金融发展集团股份有限公司,1.5-3万,深圳·南山·粤海,广州,本科,3-5年,,zhilian,,金融反欺诈,http://www.zhaopin.com/jobdetail/CC295644380J40892300512.htm?refcode=4019&srccode=401901&preactionid=5ec4d1c3-6e18-4f85-9e87-817d7e9185ff
反欺诈(J12831),华安财产保险股份有限公司,1.5-2.5万,深圳·福田·福田街道,广州,本科,3-5年,,zhilian,,"金融反欺诈,营销反欺诈,流量反欺诈",http://www.zhaopin.com/jobdetail/CC000582300J40774215206.htm?refcode=4019&srccode=401901&preactionid=68737317-0440-432e-9d34-94135908d4d8
风险经理,厦门国贸资本集团有限公司,1-2万,厦门·湖里·金山,广州,本科,3-5年,,zhilian,,"贷款风控,催收风控,信贷风控",http://www.zhaopin.com/jobdetail/CC493529480J40831833409.htm?refcode=4019&srccode=401901&preactionid=68737317-0440-432e-9d34-94135908d4d8
风控综合岗,中辉期货有限公司,5000-8000元,东莞·南城街道,广州,本科,1-3年,,zhilian,,"风险管理,合规审查,电话审核,期货从业资格证",http://www.zhaopin.com/jobdetail/CC172559810J40190892915.htm?refcode=4019&srccode=401901&preactionid=68737317-0440-432e-9d34-94135908d4d8
风控产品经理 (MJ026500),北京五八信息技术有限公司,2-4万·15薪,北京·朝阳,广州,学历不限,经验不限,,zhilian,,互联网金融风控,http://www.zhaopin.com/jobdetail/CC330611210J40909100903.htm?refcode=4019&srccode=401901&preactionid=68737317-0440-432e-9d34-94135908d4d8
风控合规专员,上海仁联企业服务(集团)有限公司,8000-12000元,杭州·西湖·翠苑,广州,本科,3-5年,,zhilian,,"法务风控,风控合规,财务风控",http://www.zhaopin.com/jobdetail/CC641703630J40865007107.htm?refcode=4019&srccode=401901&preactionid=cd71889c-ea79-4ac6-8572-104b1fdeb0c1
风控合规岗,中牟人才集团有限公司,6000-8000元,郑州·中牟·郑庵,广州,本科,3-5年,,zhilian,,"风控合规,内部风控,风控稽核,业务流程风控,投融资风控,财务风控,合规稽查,风控,合规,金融风险",http://www.zhaopin.com/jobdetail/CCL1467627660J40862590911.htm?refcode=4019&srccode=401901&preactionid=cd71889c-ea79-4ac6-8572-104b1fdeb0c1
合规风控专员,上海邦芒人力资源有限公司,6000-7000元,晋城·阳城县·芹池镇,广州,大专,1-3年,,zhilian,,风控合规,http://www.zhaopin.com/jobdetail/CC558031420J40955044215.htm?refcode=4019&srccode=401901&preactionid=cd71889c-ea79-4ac6-8572-104b1fdeb0c1
风控专员,领新半导体产业有限公司,6000-8000元,长沙·岳麓·观沙岭,广州,本科,3-5年,,zhilian,,"风控合规,风控稽核,信息系统风控,业务流程风控,公司法,合同法",http://www.zhaopin.com/jobdetail/CC891050550J40831585010.htm?refcode=4019&srccode=401901&preactionid=e54a7841-f3c7-4ffb-9b5f-428492524f0b
风险合规部-风控岗,上海海证风险管理有限公司,8000-15000元,上海·黄浦·老西门,广州,本科,3-5年,,zhilian,,"风控合规,风控稽核",http://www.zhaopin.com/jobdetail/CCL1327472130J40431563016.htm?refcode=4019&srccode=401901&preactionid=e54a7841-f3c7-4ffb-9b5f-428492524f0b
