job_name,company_name,salary,work_area,city,education,work_year,issue_date,source,skill_requirements,tech_tags,job_url
IT技术支持,铁蜻蜓(成都)科技有限公司,1-1.5万,南京·鼓楼·华侨路,南京,学历不限,经验不限,7月25日,zhilian_direct,职位描述 软件运维 网络运维 售后支持 Java C++ Python 云计算 信息安全 软件/IT服务 岗位内容： 1. 为客户提供一线/二线技术支持，包括故障排除、应用问题解决、网络设置等。 2. 协助团队完成IT项目的实施和部署工作，包括硬件设备的安装、软件应用的配置等。 3. 撰写技术文档、培训材料和操作手册，以推动技术知识共享。 任职要求： 1. 具备计算机或相关专业背景，熟悉基本的计算机硬件和软件知识。 2. 精通Windows/Linux系统，熟悉Shell或批处理脚本编程。 3. 能够快速学习各种应用软件，如数据库、Web服务器、虚拟化等。 4. 具备优秀的沟通能力和团队协作精神，对服务质量有较高要求。 工作地点 南京鼓楼区江苏科技大厦 以担保或任何理由索要财物，扣押证照，均涉嫌违法。一经发现， 立即举报,"软件运维,网络运维,售后支持,Java,C++,Python",http://www.zhaopin.com/jobdetail/CCL1510869120J40881102305.htm?refcode=4019&srccode=401901&preactionid=4a1e56eb-02a3-4c36-aec0-94a0a7446f86
新能源发电大数据实习生（技术方向）,北京智慧空间科技有限责任公司,100-120元/天,兰州·城关区·盐场路街道,兰州,本科,经验不限,7月25日,zhilian_direct,"岗位职责: 1、负责大数据平台相关的系统软硬件安装、配置与部署； 2、负责项目实施类文档的编制，对实施项目进行管理与维护； 3、参与系统集成方案的编写，协助项目测试； 4、负责数据采集字典表配置整理导入工作。 5、协助项目经理完成项目实施、验收工作； 任职要求: 1、了解大数据的基本知识和Hadoop生态系统，例如：HDFS, HBase, Hive, Spark, Kafka, Sqoop等； 2、熟练掌握Linux、CentOS操作系统常规命令，掌握MySQL、SQLserver、Oracle等数据库常见命令操作，能够编写shell或Python脚本； 3、熟练掌握JAVA基础，有JAVA项目开发、系统测试的经验； 4、熟悉软件工程和软件开发流程，具备良好的软件开发相关文档的编写经验；具有职业化的自我管理能力、强烈的责任心、善于学习；理解能力强，有较强的逻辑思维分析能力； 5、对海量数据的分析、挖掘有浓厚兴趣，有海量数据处理或者同类项目经验优先录用； 6、本科以上学历，计算机、应用数学、自动化、通信等相关专业。 职位福利：弹性工作 工作地点 兰州城关区名城广场 以担保或任何理由索要财物，扣押证照，均涉嫌违法。一经发现， 立即举报","Hadoop,HDFS,Scala,MySQL,PostgreSQL,数据平台,HBase,Hive",http://www.zhaopin.com/jobdetail/CC681945820J40637821509.htm?refcode=4019&srccode=401901&preactionid=4a1e56eb-02a3-4c36-aec0-94a0a7446f86
信息化岗,新疆交通科学研究院有限责任公司,1.6-2万,乌鲁木齐·沙依巴克区·长江路街道,乌鲁木齐,本科,经验不限,7月21日,zhilian_direct,岗位职责： 智慧交通相关信息化建设工作 二、岗位要求： 1、教育背景，大学及以上学历，计算机类、交通运输类专业方向，智慧交通、计算机科学与技术、软件工程、智能科学与技术、电子与计算机工程、数据科学与大数据技术等相关专业 2、工作经验，不限 3、技能要求，精通信息化数据分析软件 4、其它要求，具有良好的语言表达，沟通协调及解决问题的能力，良好团队合作及吃苦耐劳的工作精神 二、任职资格 1、具备较强的逻辑思维能力 2、细心、责任心强，具备沟通协调能力和保密意识 四、职位福利 1、五险一金、绩效奖励、法定节假日、定期体检、采暖补贴、节日福利、租房补贴 2、薪酬待遇：20万-25万/年 工作地点 乌鲁木齐市-沙依巴克区-经一路126号 以担保或任何理由索要财物，扣押证照，均涉嫌违法。一经发现， 立即举报,"人工智能,物联网,云计算,信息安全",http://www.zhaopin.com/jobdetail/CCL1367137430J40765475601.htm?refcode=4019&srccode=401901&preactionid=4a1e56eb-02a3-4c36-aec0-94a0a7446f86
通信技术工程师助理,南昌玢耀信息技术有限公司,4000-6000元,南昌·青云谱·京山,南昌,大专,经验不限,7月26日,zhilian_direct,职位描述 测试 嵌入式系统开发 硬件电路设计 C/C++编程 工作职责 1. 协助完成通信系统硬件电路板、嵌入式软件及应用程序的设计、开发与维护工作。 2. 参与通信系统的性能测试与故障排查，配合提供技术支持及售后服务。 3. 辅助制定产品标准与规范，参与产品质量改进的相关工作。 4. 跟踪通信领域新技术与市场趋势，整理信息并为团队提供参考建议。 任职要求 1. 热爱通信技术领域，具备较强的自主学习能力与新知识接受意愿。 2. 熟悉嵌入式系统开发流程，掌握C/C++编程技能。 3. 了解Verilog或VHDL等数字电路设计语言，具备基础的电路设计认知。 4. 具备问题分析与解决能力，逻辑清晰，能快速定位并协助处理技术问题。 5. 拥有良好的团队协作意识与沟通能力，能高效配合团队完成任务。 6. 优秀应届毕业生可放宽经验要求。 工作地点 南昌青云谱区巨成广场(巨成·金山街店) 以担保或任何理由索要财物，扣押证照，均涉嫌违法。一经发现， 立即举报,"测试,嵌入式系统开发,硬件电路设计,C/C++编程",http://www.zhaopin.com/jobdetail/CCL1468722750J40674358102.htm?refcode=4019&srccode=401901&preactionid=4a1e56eb-02a3-4c36-aec0-94a0a7446f86
信息技术专员,卡啦(杭州)网络科技有限公司,7000-9000元·13薪,杭州·拱墅·米市巷,杭州,大专,经验不限,7月25日,zhilian_direct,职位描述 IT系统运维 云平台技术支持 IT资产管理 工作职责 1. 负责公司内部IT系统（含硬件、软件、网络）的日常运维与故障排查，保障系统稳定运行。 2. 协助云计算相关业务的技术支持工作，包括云平台基础环境的搭建、配置与维护。 3. 处理员工日常IT需求，提供软硬件使用指导与技术支持，提升内部办公效率。 4. 参与IT资产的管理与盘点，建立并更新IT设备台账，确保资产信息准确。 任职要求 1. 大专及以上学历，计算机、信息技术等相关专业优先。 2. 熟悉计算机硬件、网络设备及常用办公软件的安装与维护，具备基础故障排查能力。 3. 了解云计算基础概念，有云平台（如阿里云、腾讯云）操作经验者优先。 4. 具备良好的沟通能力与服务意识，能快速响应并解决问题。 工作地点 杭州拱墅区武林壹号B区b座 以担保或任何理由索要财物，扣押证照，均涉嫌违法。一经发现， 立即举报 客户,"IT系统运维,云平台技术支持,IT资产管理",http://www.zhaopin.com/jobdetail/CC866314460J40873925110.htm?refcode=4019&srccode=401901&preactionid=4a1e56eb-02a3-4c36-aec0-94a0a7446f86
3C电子产品售后技术客服-双休-十三薪,聚思鸿信息技术服务(大连)有限公司,4000-6000元·13薪,苏州·虎丘,苏州,大专,经验不限,6月3日,zhilian_direct,职位描述 电话客服 倒班制 咨询服务 工作内容： 1) 负责通过接听电话帮助客户解答售后咨询( 如：账单消费查询/退款处理及软件排查/硬件维修等），向客户提供迅速、准确、周到的服务； 2) 负责客户关系管理及维护服务； 3) 能通过与客户的沟通分析客户的需求，通过高效准确的解答和专业的服务提升客户的满意度； 4) 对服务中发现的问题及时反馈，并积极提出改进意见和建议 培训13个工作日 岗位要求： 大专及以上学历，中专/高中需要有一年以上客服经验 工作时间： 一周两天休息，但不一定在周末； 09:00-18:00；10：00-19：00；12:15-21:15；09:00-21:00(13:00-17:00 break) 工作地点 江苏省苏州市虎丘区苏州工业园区星湖街328号创意产业园B3区23栋 以担保或任何理由索要财物，扣押证照，均涉嫌违法。一经发现， 立即举报,"电话客服,倒班制",http://www.zhaopin.com/jobdetail/CC620432920J40821546316.htm?refcode=4019&srccode=401901&preactionid=4a1e56eb-02a3-4c36-aec0-94a0a7446f86
it技术支持工程师,贵州安盛科技技术服务有限公司,7000-13000元·13薪,南昌·红谷滩,南昌,本科,经验不限,7月25日,zhilian_direct,职位描述 桌面运维 系统运维 IT系统运维支持 技术文档整理 客户需求对接 软件运维 Python C++ Java 软件/IT服务 信息安全 云计算 工作职责 1. 负责公司客户的IT系统日常运维支持，包括软硬件故障排查、系统调试与问题解决。 2. 对接客户技术需求，提供远程或现场技术支持服务，确保问题及时响应与闭环。 3. 整理技术支持文档与知识库，优化支持流程，提升团队服务效率。 奖金绩效 五险一金、年终奖、13薪、周末双休 工作地点 南昌红谷滩区红谷瑞仕城际广场A座5楼 以担保或任何理由索要财物，扣押证照，均涉嫌违法。一经发现， 立即举报,"桌面运维,系统运维,IT系统运维支持,技术文档整理,客户需求对接,软件运维,Python,C++,Java",http://www.zhaopin.com/jobdetail/CCL1502840300J40947846608.htm?refcode=4019&srccode=401901&preactionid=4a1e56eb-02a3-4c36-aec0-94a0a7446f86
it运维工程师,武汉浩洋启汇机械科技有限公司,6000-8000元,武汉·洪山·关山,武汉,大专,1-3年,7月25日,zhilian_direct,岗位职责： 1、负责终端设备（PC、笔记本、复印机、打印机、扫描仪等）的维护、管理、故障排除等日常工作； 2、负责所驻单位办公环境的软硬件和桌面系统的日常维护； 3、维护和监控用户单位局域网，保证其正常运行，确保局域网在工作期间内安全稳定运行； 4、安装和维护用户单位计算机系统软件和应用软件，同时为其他部门提供软硬件技术支持； 5、解决排除各种软硬件故障，做好记录，定期制作运维报告。 任职要求： 1、计算机、网络工程、通信工程相关专业毕业，大专学历以上； 2、具有良好的沟通能力和团队合作意识，工作积极主动，有强烈的责任心； 福利待遇： 五险一金、无试用期、周末双休、交通补贴、绩效奖金、购物卡、节日福利、生日问候、免费零食和咖啡。 总工资=基本工资+绩效工资+五险一金+月度奖金 【工作时间】 ▪ 周一至周五：早9：30－12：00，午14：00－18：00 ▪ 放假规定：周末双休，国家法定节日正常放假，带薪年假15天。 职位福利：五险一金、绩效奖金、带薪年假、大牛带队、周末双休、加班补助、多次晋升机会 工作地点 武汉洪山区高新大道与光谷大道交叉口 以担保或任何理由索要财物，扣押证照，均涉嫌违法。一经发现， 立即举报,"半导体/芯片,物联网,产业互联网平台,云计算,信息安全,人工智能",http://www.zhaopin.com/jobdetail/CCL1402052680J40455185704.htm?refcode=4019&srccode=401901&preactionid=4a1e56eb-02a3-4c36-aec0-94a0a7446f86
后端助理,江西晟裕网络科技有限公司,4000-6000元,南昌·青山湖·京东镇,南昌,大专,经验不限,7月25日,zhilian_direct,职位描述 计算机软件 云计算 软件/IT服务 工作职责 1. 协助完成公司系统架构的设计规划、性能优化及应用场景落地工作。 2. 参与需求分析阶段的技术支持，为开发团队提供可行性建议与方案参考。 3. 辅助进行新技术方案的调研、评估，并参与技术规范的制定与更新。 4. 配合解决开发过程中的技术难点，提供解决方案并推动实施。 任职要求 1. 计算机相关专业，具备扎实的技术基础。 2. 了解系统架构设计原理，能理解常见技术方案的逻辑与应用场景。 3. 具备良好的沟通协作能力，能高效配合开发团队推进技术工作。 4. 有较强的学习能力，能快速掌握新技术并应用于实际工作中。 双休 （偶尔需要加班） 上班时间9点-6点 工作地点 南昌青山湖区天幕国际 以担保或任何理由索要财物，扣押证照，均涉嫌违法。一经发现， 立即举报,云计算,http://www.zhaopin.com/jobdetail/CCL1285848370J40923351308.htm?refcode=4019&srccode=401901&preactionid=4a1e56eb-02a3-4c36-aec0-94a0a7446f86
技术服务实习生（福州）,上海华讯网络系统有限公司,150-200元/天,福州·鼓楼·洪山,福州,本科,经验不限,7月25日,zhilian_direct,职位描述 实习证明 通信设备 网络工程 CCNA HCIA 信息安全 通信/网络设备 云计算 工作内容： - 运用路由、交换、网络安全、无线网络、云计算、存储等技术，为客户提供网络系统平台的设计、实施、维护、优化等专业技术服务。 招聘专业及要求： - 通信工程、计算机科学与技术、网络工程、信息工程、信息安全、网络空间安全等相关专业2027届毕业生； - 在校成绩良好，专业基础知识扎实，有较好的计算机网络课程、通信工程基础， 对所应聘职位有浓厚兴趣； - 能对新技术保持不断学习的态度； - 具有良好的沟通表达能力和承压能力。 工作地点 福州鼓楼区华润置地中心-3期 以担保或任何理由索要财物，扣押证照，均涉嫌违法。一经发现， 立即举报,"通信设备,网络工程,CCNA,HCIA",http://www.zhaopin.com/jobdetail/CC000420630J41009176304.htm?refcode=4019&srccode=401901&preactionid=4a1e56eb-02a3-4c36-aec0-94a0a7446f86
云桌面、网络集成方向技术实习生,江苏易纬电子科技有限公司,150-200元/天,苏州·相城·澄阳,苏州,本科,经验不限,6月24日,zhilian_direct,职位描述 Python 网络协议 虚拟化运维 VMware认证专家 云桌面运维 网络集成项目实施 技术文档整理 工作职责 1. 协助云桌面系统的部署与运维，参与虚拟桌面池的创建、配置及性能优化工作。 2. 配合完成企业级网络集成项目，包括局域网架构设计、网络设备调试及安全策略配置。 3. 参与云桌面与网络系统的测试验证，输出详细的测试报告与问题修复建议。 4. 学习并应用主流云桌面技术（如VMware Horizon、Citrix）及网络协议（TCP/IP、VLAN），协助技术文档的整理与更新。 任职要求 1. 计算机、网络工程、云计算相关专业在读本科或研究生。 2. 掌握至少一种编程语言（Python/Java优先），具备基础的脚本编写能力。 3. 了解云桌面基本架构，对虚拟化技术（KVM、Hyper-V）或网络设备（交换机、路由器）有实践经验者优先。 4. 具备良好的问题分析能力与沟通能力，能独立完成分配的技术任务。 5. 每周可保证至少3天实习时间，实习周期不少于3个月。 工作地点 苏州相城区天虹广场公寓5号楼27楼 以担保或任何理由索要财物，扣押证照，均涉嫌违法。一经发现， 立即举报,"Python,网络协议,虚拟化运维,VMware认证专家,云桌面运维,网络集成项目实施,技术文档整理",http://www.zhaopin.com/jobdetail/CC412540120J40915265912.htm?refcode=4019&srccode=401901&preactionid=4a1e56eb-02a3-4c36-aec0-94a0a7446f86
IDC基础运维技术网管工程师(兰溪),浙江新超网络科技有限公司,4000-7000元,金华·兰溪市·兰江街道,金华,本科,经验不限,7月22日,zhilian_direct,职位描述 运维 云计算 信息安全 软件/IT服务 请好好看内容，对于新手不学习，没兴趣，混日子的请勿扰！ 薪资： P0 3800元/月 有理论基础，培养型、应届生（学不进去的，就别耽误大家时间了！） P1 5000-6000元/月 有理论基础，软硬件水平达到电脑城熟练技工水平，实操过硬 P2 6000-12000元/月 P1基础上带特长如CCNP、微软系统应用MCSE、开发类 一门语言熟练。 岗位描述 1.负责IDC机房的值守、巡检、维护、维修、监控； 2.配合客户维护服务器，如软硬件故障诊断排除、备份数据、重装系统； 3.负责对客户设备上下架，联网调试和布线用电规范管理； 4.负责设备进出机房管理，仓储管理； 5.机房安全保障工作； 7.协助同事保障公司与所属业务平稳运行 任职要求： 服从管理，积极上进 计算机硬件有熟练组装能力，软件系统可培训上岗 网络基础知识有初步了解 Windwos Server 系列 Linux 发行版Centos Ubuntu 熟练者优先考虑 需能接受夜间值班 做一休二 需能接受派驻金华全区 工作地址 兰溪市丹溪大道37号 浙中云计算兰溪分中心 职位福利：包住、全勤奖、定期体检、绩效奖金、五险、加班补助、创业公司、项目奖金 工作地点 金华兰溪市丹溪大道37号中国电信大楼 以担保或任何理由索要财物，扣押证照，均涉嫌违法。一经发现， 立即举报,运维,http://www.zhaopin.com/jobdetail/CC382602084J00230310201.htm?refcode=4019&srccode=401901&preactionid=4a1e56eb-02a3-4c36-aec0-94a0a7446f86
信息技术助理,深圳市辰万嘉贸科技有限公司,8000-12000元,深圳·南山·粤海,深圳,大专,1-3年,6月29日,zhilian_direct,岗位职责： 1、负责协助项目经理和项目工程部对接工作流程及细节； 2、跟进产品进度，汇报数据； 3、协助产品研发及上线，完成领导交待的其他工作。 福利待遇： 1、五天7.5小时小时工作制，周末双休，享受法定节假日以及节日福利； 2、签订正式劳动合同，入职享受国家规定的五险一金； 3、每月举行员工生日会，季度出国旅游，定期公司聚餐； 4、五险一金，带薪休假，人身意外伤害商业保险等； 5、可享受公司组织的：国内外旅游、部门聚餐、公司聚餐、年底分红、国外年会等等！ 6、完善的员工内部制度，高效的工作环境和氛围； 工作地点 广东省深圳市南山区粤海街道高新区社区科苑南路3099号 以担保或任何理由索要财物，扣押证照，均涉嫌违法。一经发现， 立即举报,"物联网,互联网电商,产业互联网平台,云计算,信息安全",http://www.zhaopin.com/jobdetail/CCL1521566640J40872126814.htm?refcode=4019&srccode=401901&preactionid=4a1e56eb-02a3-4c36-aec0-94a0a7446f86
信息专员,三胖蛋(上海)食品科技有限公司,4000-5000元,巴彦淖尔·五原县·隆兴昌镇,巴彦淖尔,本科,经验不限,7月24日,zhilian_direct,"职位描述 Python Java 信息系统运维 网络基础设施维护 办公设备管理 工作职责 1. 负责公司信息系统的日常巡检、故障排查与优化迭代，建立运维规范 2. 承接各业务部门的信息化需求，提供从需求分析到落地的全流程技术支持 3. 主导公司局域网、服务器等网络基础设施的维护与安全加固，防范网络攻击与数据泄露风险。 任职要求 1. 本科及以上学历，计算机科学、软件工程、信息技术等相关专业，985/211院校或硕士学历优先。 2. 具备快速学习能力，能主动跟进云计算、数据分析等前沿技术，适配公司技术迭代需求。 3. 拥有跨部门沟通协调经验，能高效配合业务团队推进系统开发；熟悉敏捷开发流程，具备项目管理基础。 4. 具备强烈的责任心与抗压能力，严格遵守信息安全规范，能系统化拆解技术问题并输出创新性解决方案。 工作地点 巴彦淖尔五原县三胖蛋(内蒙古)食品科技有限公司 以担保或任何理由索要财物，扣押证照，均涉嫌违法。一经发现， 立即举报 公司信息 三胖蛋(上海)食品科技有限公司 B轮 · 1000-9999人 · 食品/饮料/酒水批发/零售/贸易 已审核 36 个在招职位 公司介绍 三胖蛋创始于2010年，创始团队拥有超过20年的农业从业经验，从内蒙古优质原产地出发，自建种植基地，基于葵花子、南瓜籽及旗下多元化系列产品，打造高端农业""上游种业端-中游加工生产端-品牌终端""的全产业链模式，持续为消费者提供高品质的三胖蛋食品，蝉联高端瓜子类目TOP1，产品销量遥遥领先，成为中国农业品牌化经典案例。 三胖蛋致力于推动乡村振兴和产业革新，紧抓种植优势，拓展全球优质土地，培养专业科研人员进行全球化试验示范田的打造，深挖种业安全护城河，持续打造中国特色高品质产品矩阵。为中国高品质农副品产业专业化、体系化、全球化运营探索新方向。 工商信息 企业名称 三胖蛋（上海）食品科技有限公司 企业类型 有限责任公司（外商投资企业法人独资） 法人代表 张小三 经营状态 存续 成立时间 2025-05-16 注册资本 1000万元 查看全部信息 认证资质 营业执照信息","Python,Java,信息系统运维,网络基础设施维护,办公设备管理",http://www.zhaopin.com/jobdetail/CCL1504311390J40827240907.htm?refcode=4019&srccode=401901&preactionid=4a1e56eb-02a3-4c36-aec0-94a0a7446f86
IT工程师,南京翰华通信技术服务有限公司,3000-5000元,兰州·城关区·临夏路街道,兰州,大专,经验不限,7月4日,zhilian_direct,职位描述 云计算实施 云计算 软件/IT服务 华为IT工程师岗位要求: 1、大专及以上学历，计算机相关专业的应届或实习生 2、具有存储，云计算，AI等相关认证证书，持有HCIP/HCIE证书者优先 3.吃亏耐劳，有较好的沟通表达能力，适应短期省内出差 4.干事情积极主动，学习和适应能力强。 工作地点 兰州市-城关区-西关什字临夏路57号 以担保或任何理由索要财物，扣押证照，均涉嫌违法。一经发现， 立即举报,云计算实施,http://www.zhaopin.com/jobdetail/CC811284130J40335088404.htm?refcode=4019&srccode=401901&preactionid=4a1e56eb-02a3-4c36-aec0-94a0a7446f86
H3C技术支持工程师(实习),紫光云数,150-200元/天,大连·沙河口·凌水,大连,本科,经验不限,7月24日,zhilian_direct,岗位职责： 1. 负责为客户及合作伙伴提供网上问题远程技术支持和远程运维工作，确保客户服务满意度 2. 负责服务器/存储/交换机/路由器/云计算等产品的技术支持与问题分析，提出产品及资料的改进建议 3. 负责为客户及合作伙伴提供远程的故障诊断和维护服务，协调实施现场服务 职位要求： 1. 本科或以上学历，计算机类相关专业优先 2. 普通话标准，具备较好的沟通协调能力 3. 具备良好的客户服务意识，具有良好的团队合作精神，抗压能力强，能够服从工作安排 4. 精通X86架构服务器与网络基础知识，熟悉主流服务器操作系统 5. 具备英语文档阅读学习能力，有良好英语听说能力者优先 热衷技术学习，善于总结分享，具有H3C证书（H3CSE/H3CTE/H3CIE）或行业内技术证书优先 工作地点 沙河口区大连东软信息学院B3栋新华三技术有限公司 以担保或任何理由索要财物，扣押证照，均涉嫌违法。一经发现， 立即举报,"硬件产品,通信设备,软件产品",http://www.zhaopin.com/jobdetail/CC466500680J40565685404.htm?refcode=4019&srccode=401901&preactionid=4a1e56eb-02a3-4c36-aec0-94a0a7446f86
实习初级系统工程师(J22888),神州数码（中国）有限公司,100-115元/天,沈阳·浑南·五三,沈阳,本科,经验不限,5月28日,zhilian_direct,岗位职责: 1.负责所在业务产品的售前技术支持工作，包括客户交流、方案编写、配置报价、投标应标、测试等； 2.与厂商相关人员建立和保持良好的关系，相互配合，提高项目成功率和厂商满意度。 3.配合部门销售把控好项目动向，及时沟通和反馈人员和项目变化情况。 4.了解厂商、渠道需求，做好对渠道技术人员进行产品和技术知识的普及和提升培训。 5.保持良好的学习状态，紧跟技术发展，完成各阶段的技能认证和提升要求。 6.按时、按质、按量完成公司总部下发的季度MBO任务（涉及资质、能力提升等）。 任职要求: 1、计算机、电子信息、通信等相关专业。 27届本科毕业生优先！ 2、至少熟悉华为、华三、思科等主流品牌之一的数通安全产品和技术情况。 3、具备良好的理解、沟通能力，有面向客户的售前经验者/培训宣讲经验者更佳。 4、熟悉TCP/IP协议，熟悉数据通信原理，熟悉动态路由协议、VPN技术等基本网络技术；对华为交换机、WLAN、路由器、防火墙等具体设备有项目实施或调试经验者优先。 工作地点 沈阳浑南区同方大厦A14 以担保或任何理由索要财物，扣押证照，均涉嫌违法。一经发现， 立即举报,"华为,售前,交换机路由器",http://www.zhaopin.com/jobdetail/CC000067670J40898845903.htm?refcode=4019&srccode=401901&preactionid=4a1e56eb-02a3-4c36-aec0-94a0a7446f86
初级售前工程师,陆华数字科技(南昌)有限公司,7000-9000元,武汉·武昌,武汉,本科,经验不限,7月26日,zhilian_direct,职位描述 自动化设备 云计算 工作内容： 1.与客户进行深入的需求沟通，提供专业的产品解决方案； 2.进行产品演示和培训，确保客户充分了解产品功能和优势； 3.协助销售团队完成销售目标，提高客户满意度； 4.跟进客户反馈，不断优化产品和服务。 岗位要求： 1.本科及以上学历，计算机或相关专业优先； 2.良好的沟通能力和表达能力； 3.具备较强的学习能力和解决问题的能力； 4.对技术和市场趋势有敏锐的洞察力。 工作地点 湖北省武汉市武昌区中南路2号(中南路地铁站D2口步行270米)15 以担保或任何理由索要财物，扣押证照，均涉嫌违法。一经发现， 立即举报,自动化设备,http://www.zhaopin.com/jobdetail/CCL1523366910J40791502406.htm?refcode=4019&srccode=401901&preactionid=4a1e56eb-02a3-4c36-aec0-94a0a7446f86
卫星通信网络技术支持工程师,交通运输通信信息集团有限公司,9000-15000元,北京·朝阳·安贞,北京,本科,经验不限,7月26日,zhilian_direct,岗位职责： 1.负责公司产品资料、技术培训手册、安装操作手册的编制、整理与动态更新； 2.承担全线产品现场交付、设备安装及系统调试工作；负责技术问题知识库信息收集、搭建与持续维护； 3.开展售前技术支撑，开展产品功能研究、测试验证，提供产品与系统设备演示保障； 4.配合业务部门市场拓展工作，提供远程或现场技术支撑； 5.开展售后技术服务，负责故障设备检修、故障设备入库登记与台账管理； 6.负责事业部系统集成项目工程统筹、组织实施、现场施工及全过程技术保障。 岗位任职条件： 1. 本科及以上学历，通信、计算机、网络工程等相关专业；大学英语四级及以上，具备岗位所需英语听说能力。 2. 掌握计算机基础、通信技术，掌握网络架构搭建、运维、安全防护等专业知识，持有网络与信息安全相关职业资格证书者优先。 3. 具备各类集成应用系统的安装、调试及运维能力，可完成相关业务的用户培训工作。 4. 具备良好的服务意识、团队协作能力与业务沟通能力，可高效配合完相关工作落实。 5. 身体健康，能承受一定工作压力，可适应经常性出差，能胜任本职工作。 工作地点 北京朝阳区安外外馆后身1号 中国交通通信信息中心 以担保或任何理由索要财物，扣押证照，均涉嫌违法。一经发现， 立即举报,卫星通信,http://www.zhaopin.com/jobdetail/CC121031870J40866607907.htm?refcode=4019&srccode=401901&preactionid=4a1e56eb-02a3-4c36-aec0-94a0a7446f86
it技术支持,河北卓米网络科技有限公司,3000-5000元,邢台·临城县·临城镇,Guangzhou,大专,经验不限,7月25日,zhilian,职位描述 软件运维 系统运维 软件/IT服务 招聘IT技术支持 1.维护公司网络、硬件和软件正常运行。 2.快速响应和解决员工技术问题。 3.参与信息化项目实施。 4.保障,"软件运维,系统运维",http://www.zhaopin.com/jobdetail/CCL1454645670J40883499605.htm?refcode=4019&srccode=401901&preactionid=54e7cddf-72f3-4d9f-a926-5bb7c88486de
技术工程师,黑龙江国富融网络技术服务有限公司,5000-8000元,哈尔滨·香坊·六顺,Guangzhou,本科,1-3年,7月26日,zhilian,"岗位职责 1、参与设计、建设、优化公司内部IT系统，信息化项目和产品的体系架构； 2、参与项目前期对接、需求调研，协调开发部门，负责项目部署、实施及后续运维，定期出具运维报告； 3、负责公司运维信息化项目的运行监控、资源监测与动态扩容，提出系统升级建议，配合开发、测试单位，对平台进行优化升级； 4、负责协助开发单位搭建基础环境和测试环境，协助开发完成需求解析、设计、实施，并推动迭代改进； 5、对接客户进行服务，并能及时找出相关故障、疑难问题排查处理，编制汇总故障、问题，定期提交汇总报告。 6、完成内部分派下发，对实施结果负责。 7、建立面向开发部门，业务部门的服务流程和服务标准。 任职资格： 1、计算机、通信、信息技术、软件开发相关专业本科及以上学历，具备两年以上软件开发经验，具备B/S架构应用系统软件部署和实施经验； 2、具有较为完善的云计算、大数据知识体系，熟悉微服务架构，熟悉常用的设计模式； 3、具有过硬的计算机编程能力，能够熟练掌握主流Web应用编程语言，熟悉应用服务器中间件工作原理； 4、熟悉主流数据库管理系统，具备扎实的SQL功底，能够对数据资源进行有效组织、管理，并实现数据库管理系统的优化，能够舒熟练操作liunx、windows、国产操作系统； 5、具备较强的学习能力，能够独立解决问题； 6、善于沟通、协调，有责任心、事业心,以及团队协作与奉献精神，有一定的承压能力。 福利待遇 1、薪资待遇：基本薪资+岗位奖金+绩效奖金+年终奖+五险一金 2、工作时间：早八晚五，法定节假日统一放假 3、发展空间：新人入职培训，晋升考核，一季度考核优秀新人，先进员工，年终奖金 工作地点 哈尔滨香坊区赣水路12-9号11楼D 以担保或任何理由索要财物，扣押证照，均涉嫌违法。一经发现， 立即举报","数据库运维,网络运维",http://www.zhaopin.com/jobdetail/CC405427630J40911067103.htm?refcode=4019&srccode=401901&preactionid=54e7cddf-72f3-4d9f-a926-5bb7c88486de
工程师技术助理,北京芯青科技有限公司,4000-6000元,廊坊·广阳区·爱民东道街道,Guangzhou,本科,经验不限,7月25日,zhilian,岗位职责 协助运维防火墙、WAF 等安全设备，完成服务器、终端安全加固。 配合监控安全告警、参与漏洞扫描，整理安全报告。 协助等保、ISO27001 等合规材料整理及安全台账更新。 完成上级交办的其他安全相关辅助工作。 任职要求 本科以上学历，专业不限。 熟悉 TCP/IP 协议，了解 Windows/Linux 基础运维及常见安全工具。 细心负责，具备良好的沟通协作能力和自主学习能力。 有 Python/Shell 基础。 工作地点 廊坊广阳区幸福大厦 以担保或任何理由索要财物，扣押证照，均涉嫌违法。一经发现， 立即举报,工程施工,http://www.zhaopin.com/jobdetail/CCL1514529480J40821677901.htm?refcode=4019&srccode=401901&preactionid=54e7cddf-72f3-4d9f-a926-5bb7c88486de
技术运维工程师（接受优秀应届毕业生及实习生）,杰云通(北京)技术有限公司,7000-10000元·13薪,北京·朝阳,Guangzhou,本科,1年以下,5月6日,zhilian,"职位描述 Docker Python Shell LIUNX 产业互联网平台 信息安全 通信/网络设备 一、职位描述（职责包括但不限于:） 1、负责公司各类公私有云平台的部署、配置、监控、维护及故障处理； 2、负责按客户情况制定建设方案，执行部署动作，建设所需的相关资料的提供和提交； 3、负责CI/CD系统的管理和建设，配合研发和厂商的产品测试，灰度发布测试、搭建和管理测试环境； 4、负责服务的ITIL管理、处理服务过程的事情和突发事件、问题管理和变更方案的执行，保障系统和服务稳定、安全、高效运行； 5、负责服务和产品的容量管理，保证资源和服务平衡性，参与产品基线的测试活动、执行基线标准； 6、负责端（最终用户）侧技术咨询和故障解决，配合售前工程师的售前活动； 7、公司安排的其他临时性的工作； 二、岗位要求 1、计算机、通信、电子、自动化等相关专业，本科学历； 2、有互联网运维工作经验，有IaaS或PaaS平台架设和维护经验者优先； 3、掌握网络通信(路由,交换,防火墙)和协议(tcp,udp,http/https,rtmp,sip,h323,webrtc)，有抓包分析问题的能力； 4、精通Linux操作系统,虚拟化、容器化，掌握salt，ansible类常用的自动化运维工具； 5、熟悉Nginx、Mysql、Redis、RabbitMQ、HA、集群化、高可用等配置及优化和常用服务配置，并能够快速部署、配置及排错； 6、精通Shell、Python最少一种语音，熟练使用脚本来完成日常系统运维工作； 7、掌握音视频硬件、会议系统和终端的配置和使用； 8、具备良好的沟通协调能力，语言表达和思维逻辑清晰，良好的团队合作意识与创新精神，阳光思维、责任感强、积极进取。 工作地点 北京朝阳区创意总社1949传媒产业基地 以担保或任何理由索要财物，扣押证照，均涉嫌违法。一经发现， 立即举报","Docker,Python,Shell,LIUNX",http://www.zhaopin.com/jobdetail/CC208379580J40768497511.htm?refcode=4019&srccode=401901&preactionid=54e7cddf-72f3-4d9f-a926-5bb7c88486de
国企助理工程师 包吃住+独卫 双休 可晋升,北京睿达立业企业管理有限公司,7000-8000元,北京·大兴·荣华街道,Guangzhou,学历不限,经验不限,6月17日,zhilian,职位描述 云计算 计算机软件 工业自动化/机器人 国企工程师助理 岗位：工程师助理 工作内容： ✔协助工程师进行产线内投片生产； ✔负责完成产线内产品生产制造； ✔负责按照工程师要求对产品进行质量检测； ✔负责产品相关数据统计反馈等。 工作时间： 上六休一，8:30-8:30，中间包含1.5小时吃饭休息时间，实际上班10.5小时，后期根据生产需求，陆续调正成两班倒 薪资：5500-6500元/月 ✔ 免费两餐（双食堂可选） ✔ 6人间宿舍（空调地暖，24小时热水） 工作地点 北京大兴区地泽路11号东门 以担保或任何理由索要财物，扣押证照，均涉嫌违法。一经发现， 立即举报 客户,"云计算,工业自动化/机器人",http://www.zhaopin.com/jobdetail/CC364645080J40837747705.htm?refcode=4019&srccode=401901&preactionid=54e7cddf-72f3-4d9f-a926-5bb7c88486de
技术支持工程师/实习生,杭州湘云信息技术有限公司,3000-5000元,杭州·闻堰,Guangzhou,大专,经验不限,2月15日,zhilian,职位描述 远程技术支持 售前技术支持 售后技术支持 软件技术支持 信息安全 计算机软件 云计算 任职要求： 1、计算机、软件相关专业大专以上学历，有相关工作经验者优先，优秀应届毕业生也可。 2、熟悉Windows、Linux等操作系统的安装和配置，熟悉Oracle数据库、weblogic或tomcat中间件的安装和配置，具备一定的计算机硬件及有相关网络知识； 3、具有良好的文档能力、学习能力、执行能力、自我驱动能力，具有良好的与客户沟通的能力； 4、富有责任心，性格开朗，勤奋、正直，有团队合作精神； 5、协助组长完成对应任务。 职位福利：五险一金、绩效奖金、股票期权 工作地点 杭州萧山区闻堰街道万达中路127号三江汇谷 以担保或任何理由索要财物，扣押证照，均涉嫌违法。一经发现， 立即举报,"远程技术支持,售前技术支持,售后技术支持,软件技术支持",http://www.zhaopin.com/jobdetail/CC601607930J40279971907.htm?refcode=4019&srccode=401901&preactionid=54e7cddf-72f3-4d9f-a926-5bb7c88486de
设备驻场调试技术员,河北序威科技有限公司,8000-10000元,石家庄·长安·西兆通,Guangzhou,大专,经验不限,7月24日,zhilian,职位描述 网络设备 计算机硬件 云计算设备部署 驻场技术支持 技术文档编写 工作职责： 1. 负责客户现场云计算相关设备的安装、调试与部署工作，确保设备按规范上线运行。 2. 处理设备运行过程中的故障排查与问题修复，提供现场技术支持，保障系统稳定性。 3. 记录设备调试过程中的数据与问题，形成技术文档，协助优化后续调试流程。 4. 与客户方技术团队对接，准确理解需求并反馈设备运行情况，维护良好合作关系。 任职要求： 1. 大专及以上学历，计算机、电子信息或相关专业，具备硬件设备调试经验者优先。 2. 熟悉服务器、网络设备等硬件的基本原理，掌握设备安装、配置的操作流程。 3. 具备较强的动手能力与问题分析能力，能独立完成现场设备调试与故障处理。 4. 拥有良好的沟通能力与服务意识，能适应驻场工作模式，快速响应客户需求。 工作地点 石家庄长安区十里铺西街 以担保或任何理由索要财物，扣押证照，均涉嫌违法。一经发现， 立即举报,"网络设备,计算机硬件,云计算设备部署,驻场技术支持,技术文档编写",http://www.zhaopin.com/jobdetail/CCL1379392290J40833351916.htm?refcode=4019&srccode=401901&preactionid=54e7cddf-72f3-4d9f-a926-5bb7c88486de
信息化技术员（工程师）,黔南州联合电子网络系统有限公司,3000-6000元,黔南·都匀市·文峰街道,Guangzhou,大专,经验不限,7月19日,zhilian,职位描述 售前售后技术支持 企业服务 云计算 信息安全 软件/IT服务 计算机软件 计算机硬件 通信/网络设备 1. 具有大专或以上学历，计算机科学、信息技术或相关专业优先； 2. 有技术支持经验，熟悉常见支持工具和技术，如操作系统、网络、安全、数据库等； 3. 良好的客户服务技巧，沟通能力和抗压能力； 职位描述： 1、弱电系统技术售前和售后，项目管理； 2、网络工程师或具备网络设备安装调试能力； 3、办公设备安装调试及运维； 4、软件二次开发，软件售前及运维； 热爱信息化相关工作，学习能力强，有上进心，吃苦耐劳，坚持自信；熟悉办公软件及绘图软件； 职位福利：五险一金、绩效奖金、年终分红、餐补、交通补助、节日福利、包住 职位亮点：公司以客户为中心，勤者享，能者上。 工作地点 黔南都匀市贵州联合信息网络系统有限公司 以担保或任何理由索要财物，扣押证照，均涉嫌违法。一经发现， 立即举报,售前售后技术支持,http://www.zhaopin.com/jobdetail/CC858972330J40223797512.htm?refcode=4019&srccode=401901&preactionid=54e7cddf-72f3-4d9f-a926-5bb7c88486de
网络技术工程师,山东亮建物流科技有限公司,7000-9000元,德州·齐河县·晏北街道,Guangzhou,本科,1-3年,7月3日,zhilian,岗位职责： 1、负责物流信息系统的技术架构设计与优化，保障系统稳定高效运行； 2、主导技术日常开发管理工作，制定开发规范并监督执行； 3、协调跨部门技术需求对接，推动信息化项目落地实施； 4、组织技术难题攻关，提升系统安全性、可扩展性与运维效率； 5、推动新技术在物流业务场景中的应用，提升整体技术竞争力。 任职要求： 1、具备扎实的软件开发背景，熟悉主流编程语言及分布式系统设计； 2、熟悉微服务架构、数据库设计及高并发系统优化方法； 3、具备较强的项目统筹能力，能有效推动技术落地； 4、技术栈:vue，SpringMVC、JAVA、MySQL、Tomcat。 5、本科及以上学历，计算机相关专业。 6、近2年未脱离一线研发工作，具备解决关键技术问题能力。 7、有AI大模型经验优先。 8、有产品设计研发、重构经验优先。 9、了解物流行业业务流程，对运输、仓储、调度等环节有技术理解； 10、具备良好的沟通协调能力，能适应快节奏的业务发展需求。有网络货运工作经验者优先。 职位福利：五险一金、绩效奖金、通讯补助、免费停车 工作地点 德州齐河县齐河盖世冠威国际物流信息大楼206 以担保或任何理由索要财物，扣押证照，均涉嫌违法。一经发现， 立即举报,"网络管理,网络运维,系统运维,NISP证书,CISSP认证证书,CISP认证证书",http://www.zhaopin.com/jobdetail/CCL1249815540J00264680514.htm?refcode=4019&srccode=401901&preactionid=54e7cddf-72f3-4d9f-a926-5bb7c88486de
软件技术支持,南京迦眸意网络科技有限公司,1.1-1.3万·13薪,南京·玄武·新街口,Guangzhou,大专,经验不限,7月26日,zhilian,职位描述 售后支持 Sql 客户技术咨询 知识库优化 产品使用培训 网络运维 硬件/设备运维 C# C++ 技术服务 云计算 信息安全 工作职责 1. 负责公司软件产品的客户技术咨询与问题响应，通过远程或现场支持快速定位并解决系统使用中的技术故障。 2. 整理客户反馈的高频问题，输出标准化解决方案文档，优化知识库内容，提升问题解决效率。 3. 协同研发团队复现并跟进客户问题，推动产品迭代优化，形成技术支持与产品改进的闭环。 4. 为客户提供产品使用培训与操作指导，确保客户熟练掌握系统功能，提升产品使用价值。 任职要求 1. 大专及以上学历，计算机、软件工程等相关专业优先。 2. 熟悉Windows/Linux操作系统基础操作，掌握SQL基础查询语句，具备基础的网络知识。 3. 具备良好的沟通表达能力与服务意识，能耐心解答客户疑问，快速理解并转化客户需求。 4. 有软件技术支持、客户服务或IT运维相关经验者优先，具备快速学习新产品的能力。 工作地点 南京玄武区德基广场-二期 以担保或任何理由索要财物，扣押证照，均涉嫌违法。一经发现， 立即举报,"售后支持,Sql,客户技术咨询,知识库优化,产品使用培训,网络运维,硬件/设备运维,C#,C++",http://www.zhaopin.com/jobdetail/CCL1510599770J40866418507.htm?refcode=4019&srccode=401901&preactionid=54e7cddf-72f3-4d9f-a926-5bb7c88486de
通信技术工程师,上海科光通信技术有限公司,8000-16000元,上海·徐汇·虹梅路,Guangzhou,大专,经验不限,6月8日,zhilian,职位描述 光传输 传输网 光网络 定位故障 网络割接 安装调试 云计算 信息安全 通信/网络设备 工作职责： 1、公司产品的售前、售后技术服务工作； 2、处理客户的电话投诉；收集理解客户需求并及时反馈； 3、解决客户软件硬件的技术问题； 4、建立良好的客户关系，对客户进行技术培训和疑难解答； 5、编写相关产品问题和技术问题的报告； 6、负责技术方案、技术类文档的编写工作。 7、负责软件硬件的组装测试等。 任职资格： 1、计算机、网络工程、信息技术、通信相关专业实习生 2、熟练使用相关软件，熟练产品和服务的安装和调试；能进行远程技术支持，能独立解决技术类问题； 3、熟练编写一般的演示课件、技术说明文档与用户使用手册； 4、善于与客户沟通，有良好的客户服务意识，以客户为本； 5、流利的普通话口语和书写能力，基本的英语阅读理解能力； 6、具有较强的工作责任心和事业心；具备良好的逻辑分析、组织沟通协调能力和团队协作精神； 7、熟悉熟悉交换机／服务器／局域网组建者优先； 8、能适应出差需要。 对于特别优秀的，公司可以协助申办上海市人才引进落户或者《上海市居住证》。 工作地点 上海市-徐汇区-科技产业化大楼A座5楼 以担保或任何理由索要财物，扣押证照，均涉嫌违法。一经发现， 立即举报,"光传输,传输网,光网络,定位故障,网络割接,安装调试",http://www.zhaopin.com/jobdetail/CC421224410J40570819608.htm?refcode=4019&srccode=401901&preactionid=54e7cddf-72f3-4d9f-a926-5bb7c88486de
数据中心运维技术员,北京铂维科技有限公司,5000-7000元,中卫·沙坡头区·镇罗镇,Guangzhou,大专,1-3年,7月15日,zhilian,职位描述 IDC/机房运维 数据中心 云计算 无操作证、无经验不接受 工作地点 沙坡头区中国联通中卫云数据中心 以担保或任何理由索要财物，扣押证照，均涉嫌违法。一经发现， 立即举报,"IDC/机房运维,数据中心",http://www.zhaopin.com/jobdetail/CCL1493384030J40943571908.htm?refcode=4019&srccode=401901&preactionid=54e7cddf-72f3-4d9f-a926-5bb7c88486de
C语言开发技术员,河北国石节能科技有限公司,6000-9000元,聊城·东昌府区·古楼街道,Guangzhou,大专,经验不限,6月26日,zhilian,职位描述 C语言 Python C# 计算机软件 云计算 人工智能 岗位要求： 1、专科及以上学历，计算机、软件等专业 2、熟悉C语言编程语言，了解基本语法和面向对象编程思想，了解常用的 框架，熟悉数据处理、人工智能算法等 3、对数据库有一定的了解，熟练掌握基本的数据库操作。 工作地点 聊城市-东昌府区-湖南路(交大小区西侧约50米) 以担保或任何理由索要财物，扣押证照，均涉嫌违法。一经发现， 立即举报,"C语言,Python,C#",http://www.zhaopin.com/jobdetail/CC281182780J40854404214.htm?refcode=4019&srccode=401901&preactionid=54e7cddf-72f3-4d9f-a926-5bb7c88486de
技术支持工程师,西安智科芯能电子科技有限公司,5000-8000元,西安·雁塔·漳浒寨,Guangzhou,大专,经验不限,6月22日,zhilian,岗位职责 1. 负责客户产品使用问题的咨询、解答、故障排查，通过电话、微信、远程、现场等方式提供技术支持。 2. 处理软件/硬件/系统的安装、调试、配置、升级。 3. 记录并跟进客户问题，形成工单、问题报告、解决方案文档。 4. 协助测试、反馈产品 BUG，推动问题闭环。 5. 对客户进行简单培训，讲解产品操作与使用规范。 6. 配合销售、实施、研发团队，完成项目交付与售后维护。 二、任职要求 1. 计算机、电子、通信等相关专业优先，大专及以上。 2. 了解基本计算机软硬件知识，会装系统、装软件、排网络问题。 3. 熟悉 Windows、Office，了解基本网络知识（IP、DNS、路由器等）。 4. 沟通表达清晰，有耐心，服务意识强。 5. 有 IT 运维、客服、技术支持经验优先。 工作地点 雁塔区西安智科芯能电子科技有限公司昆明路330号12幢12604室 以担保或任何理由索要财物，扣押证照，均涉嫌违法。一经发现， 立即举报,软件产品,http://www.zhaopin.com/jobdetail/CCL1494799650J40934526415.htm?refcode=4019&srccode=401901&preactionid=54e7cddf-72f3-4d9f-a926-5bb7c88486de
成都地铁资阳线-信号系统-检修工,四川良哲信息技术服务有限公司,4000-5000元·13薪,资阳·雁江区·临江镇,Guangzhou,大专,1-3年,7月20日,zhilian,职位描述 地铁 信号系统 转辙机 LTE车地无线系统 轨道交通检修 轨道交通调试 控制系统 CBTC 轨道交通信号系统 通信/网络设备 岗位名称 资阳-地铁-信号系统-检修工 工作范围： 轨道交通资阳线全线（车站，区间，车辆段，控制中心等）信号系统 工作对象： （1）信号系统、专用通信系统（通号车间）的设备，信号为主，通号融合发展。 工作内容： 日常巡检、维护检修、故障响应处置、岗位值守、隐患整改、应急抢险、防汛及演练、施工配合、现场调查、数据收集、网络安全日常维护、仪器仪表定期送检、设备资产清查、软件维护（包含软件授权、版本更新和病毒库更新等）以及网络安全等级保护测评工作。 工作地点： 根据岗位安排可能分布在工作范围内相关站点，有工班值班室，不是长时间在户外。 学历及工作经验要求： （1）专科及以上学历，计算机、电子信息、通信、网络安全、自动化等专业； （2）1-3年轨道交通信号系统维护工作经验； （3）持有低压电工作业特种作业操作证、高处作业特种作业操作证优先； （4）持有华为/H3C等厂家中级技术服务认证，通信专业技术人员职业水平证书优先。 工作时间： （1）日间岗8小时工作制，双休，如安排夜间加班，安排调休。 （2）值班岗是“白-夜-休-休”每四天一个倒换，第一天“9:00-17:00”工作，第二天“17:00-次日9点”工作，第三天“9:00-24:00”休息，第四天“00:00-24:00”休息。所有新入职检修工，均要经历值班岗锻炼，一定有夜班。夜班不是睡觉接电话，是按计划进行设备检修或针对故障进行处置等运维工作，值班岗是轮班倒班，没有双休（可调休）。 （3）加班调休：依法依规工时统计，日间岗夜班后安排调休。值班岗加班后安排调休。优先安排调休，调休未弥补的加班工时按相关规定结算加班费。 （4）信号检修工班分布成都轨道资阳线福田站、资阳北站、临空车辆段、控制中心，具体工作地点由项目安排。 专业技能要求（四选一）： （1）熟悉信号系统，了解CBTC系统（基于通信的列车控制技术），了解ATC（列车自动控制系统）的组成，ATC三个功能模块（ATP，ATO，ATS）的作用（ATP列车自动防护，ATO列车自动驾驶，ATS列车自动监控）。了解信号系统主要子系统（地面子系统、车载子系统、数据通信子系统）的主要构成。 职业发展通道： 维护维修工程师→维护维修工班长→系统专业工程师→系统专业负责人（专项产品技术专家）→车间副主任→车间主任。 薪酬福利： （1）维修工程师： 专科（应届或无行业经验）：3000，试用期6个月，试用期95折【暂不考虑】； 专科（有技术和行业经验）：4000-5500；试用期6个月，试用期95折； 本科（应届或无行业经验）：4000；试用期6个月，试用期95折【暂不考虑】； 本科（有技术和行业经验）：5000-6000；试用期6个月，试用期95折； （2）加班调休：所有岗位夜班后优先安排调休，调休未补的加班工时按规定结算加班费。 （3）调薪机制：工作满一年后每年有一次调薪机会；表现突出有调薪机会；重大贡献有激励机制。在完成基本工作基础上，有其他突出贡献，有奖励机制。 社会福利保障： （1）五险：基本养老保险、基本医疗保险、失业保险、工伤保险、生育保险（生育险已并入基本医疗保险）； （2）一金：住房公积金； （3）按基础工资缴纳，公司缴纳公司部分，个人按国家规定从个人收入中缴纳个人部分。 假勤管理： （1）有考勤制度和假勤管理，按现场规定执行。 （2）有：年假、婚假、产假、丧假，参考国家政策。 （3）没有：夜班补贴、高温补贴、烤火费、过节费。 合同模式： 签订正式劳动合同（含试用期）。 奖金绩效 13薪按上年度实际工作月份占全年12个月的比例折算计发。 工作地点 资阳雁江区(在建)S3号线/资阳线资阳线各站点机电维护 以担保或任何理由索要财物，扣押证照，均涉嫌违法。一经发现， 立即举报,"地铁,信号系统,转辙机,LTE车地无线系统,轨道交通检修,轨道交通调试,控制系统,CBTC",http://www.zhaopin.com/jobdetail/CCL1308569880J40842573009.htm?refcode=4019&srccode=401901&preactionid=5e663c61-7d51-44ff-b730-d91aab432545
网络运维技术,江苏驰诚网络科技有限公司,4000-6000元,常州·武进·南夏墅,Guangzhou,大专,1-3年,6月27日,zhilian,职位描述 RHCE 华为 HCIP HCIE 机房网络运维 VLAN BGP Linux 云计算 信息安全 通信/网络设备 一、经验要求1.大学专科以上学历，计算机相关专业优先； 2.从事相关工作3年以上，具有ISP、ICP、电信等机房运维、大型数据中心工作经验者、了解网络及运维专业或云产品方面等技术； 3.2年以上面对客户咨询，运维、网络或云产品的售前售后服务类相关经验； 4.拥有机房搭建项目或机房部署方案设计经验者优先。 二、技能要求 1.掌握IDC相关的专业技术知识，了解IDC数据中心物理基础架构并且能向客户清晰表达沟通，包括：配电系统（UPS/高压直流、发电机、配电柜、PDU）、空调制冷系统、机柜及冷通道系统、动力环境监控、KVM等； 2.熟悉IDC机房网络光缆传输，企业传输专线，机房pop点规划与建设； 3.熟悉网络构架的原理和网络交换机维护，并能制定方案，解决故障问题，具有红帽RHCE系统或华为HCIP或HCIE网络工程师认证证书者优先； 4.熟悉各大云厂商的ECS、OBS、迁移、安全等产品项的部署交付； 5.了解主流硬件厂商、服务器、防火墙、交换机等相关专业知识； 6.认真和细致的文案输出能力（word、PPT等）。 三、能力要求 1.能够对客户提供问题，编写提出解决方案并进行内部技术人员培训沟通实施； 2.能够对技术部内部管理优化调整和服务标准进行更高效的协作； 3.能够对技术产品创新升级，包装产品和推行方案的制定； 4.能够配合商务部门进行招投标相关的方案制定，进行技术指导和讲解培训； 5.能够解决网络、运维技术、客户问题，机房问题，运营商沟通及云厂商沟通，提出来的任何技术性问题的处理； 6.具备优秀的沟通能力，有良好的服务意识。四、常州本地人或定居常州者优先。 五、薪资福利 1、社保、公积金：个人社保、个人公积金、个税属岗位人负责由公司代扣代缴；公司缴纳社保和公积金的公司部分； 2、技术工单提成：根据当月的工单操作数量，计费，不同的工单，费用不一，月底统一核算。 3、技术增值服务提成：单笔增值服务项目销售额10%的提成； 4、全勤200元/月，在岗餐补20元/天。 5、节假日员工福利，带薪年假福利，团建活动 工作地点 常州市-武进区-常武南路588号天安数码城1004 以担保或任何理由索要财物，扣押证照，均涉嫌违法。一经发现， 立即举报,"RHCE,华为,HCIP,HCIE,机房网络运维,VLAN,BGP,Linux",http://www.zhaopin.com/jobdetail/CC856468160J41009906204.htm?refcode=4019&srccode=401901&preactionid=5e663c61-7d51-44ff-b730-d91aab432545
售后技术支持工程师,南京云开科技有限公司,1.1-1.2万,南京·江宁·秣陵,Guangzhou,大专,1-3年,7月25日,zhilian,职位描述 软件运维 桌面运维 网络运维 软件/IT服务 云计算 工作职责 1. 负责客户系统的日常运维支持，快速响应并解决客户反馈的技术问题，包括软件故障排查、系统配置调整等。 2. 主导客户问题的全流程跟进，通过远程协助、电话沟通等方式，提供专业的技术解决方案，确保问题闭环。 3. 整理客户常见问题及解决方案，更新知识库，优化技术支持流程，提升团队响应效率。 4. 与研发、产品团队协作，反馈客户需求与系统缺陷，推动产品迭代与优化。 任职要求 1. 大专及以上学历，计算机、软件工程等相关专业优先。 2. 具备1年以上软件/IT行业技术支持经验，熟悉常见操作系统（Windows/Linux）及数据库（MySQL/Oracle）的基础操作。 3. 拥有较强的问题分析与定位能力，能独立解决客户现场或远程的技术问题。 4. 具备良好的沟通表达能力与服务意识，能耐心、高效地与客户沟通，准确理解需求。 5. 学习能力强，能快速掌握新产品的技术特性，适应技术迭代。 工作地点 南京江宁区江苏软件园东吉大道1号 以担保或任何理由索要财物，扣押证照，均涉嫌违法。一经发现， 立即举报,"软件运维,桌面运维,网络运维",http://www.zhaopin.com/jobdetail/CC886731600J40864832411.htm?refcode=4019&srccode=401901&preactionid=5e663c61-7d51-44ff-b730-d91aab432545
项目助理实习生,北京芯青科技有限公司,3000-4000元,北京·通州·中仓,Guangzhou,本科,经验不限,2月9日,zhilian,职位描述 IT设备维护 网络维护 计算机软件 产业互联网平台 建筑设备安装 房地产开发经营 工程专业服务 岗位内容： 1. 协助项目经理做好日常工作，包括制定、监控和调整项目计划； 2. 负责收集项目数据和资料，供项目经理分析和决策使用； 3. 组织、协调和参与项目各阶段的会议和沟通工作； 4. 撰写和整合项目相关的文件和报告； 5. 跟进项目现场的工作进展和质量，及时发现和处理问题。 任职要求： 1. 大学本科及以上学历； 2. 具备严谨、细致的工作态度和高度的自我管理能力； 3. 具备较好的人际交往能力、协调能力和解决问题的能力； 4. 熟悉项目管理流程和工具，熟练掌握办公常用应用软件； 5. 有1年以上项目管理或相关行业从业经验者优先考虑。 工作地点 北京市通州区赵登禹大街208号东60米 以担保或任何理由索要财物，扣押证照，均涉嫌违法。一经发现， 立即举报,"IT设备维护,网络维护",http://www.zhaopin.com/jobdetail/CCL1514529480J40825284901.htm?refcode=4019&srccode=401901&preactionid=5e663c61-7d51-44ff-b730-d91aab432545
技术服务实习生（厦门）,上海华讯网络系统有限公司,150-200元/天,厦门·思明·梧村,Guangzhou,本科,经验不限,7月25日,zhilian,职位描述 通信设备 CCNA 计算机网络 HCIA 信息安全 通信/网络设备 工作内容： - 运用路由、交换、网络安全、无线网络、云计算、存储等技术，为客户提供网络系统平台的设计、实施、维护、优化等专业技术服务。 招聘专业及要求： - 通信工程、计算机科学与技术、网络工程、信息工程、信息安全、网络空间安全等相关专业2027届毕业生； - 在校成绩良好，专业基础知识扎实，有较好的计算机网络课程、通信工程基础， 对所应聘职位有浓厚兴趣； - 能对新技术保持不断学习的态度； - 具有良好的沟通表达能力和承压能力。 工作地点 思明区厦门华润大厦-B座 以担保或任何理由索要财物，扣押证照，均涉嫌违法。一经发现， 立即举报,"通信设备,CCNA,计算机网络,HCIA",http://www.zhaopin.com/jobdetail/CC000420630J41009177604.htm?refcode=4019&srccode=401901&preactionid=5e663c61-7d51-44ff-b730-d91aab432545
信息技术岗,兰州新区优图教育科技有限公司,4000-8000元,兰州·皋兰县,Guangzhou,本科,经验不限,7月25日,zhilian,职位描述 C++ Python 软件/IT服务 教育科技/教育软件 人工智能 通信/网络设备 信息安全 产业互联网平台 计算机硬件 云计算 岗位要求： 1.计算机或相关专业本科及以上学历； 2.具备扎实的计算机技术基础； 3.良好的沟通能力和问题解决能力； 4.对新技术和新方法有持续的学习热情。 工作地点 皋兰县兰州新区黄河大道1666号兰州新区优图教育 以担保或任何理由索要财物，扣押证照，均涉嫌违法。一经发现， 立即举报,"C++,Python",http://www.zhaopin.com/jobdetail/CCL1210030920J40862557114.htm?refcode=4019&srccode=401901&preactionid=5e663c61-7d51-44ff-b730-d91aab432545
软件开发/报表开发/技术实施实习生应届毕业生,杭州湘云信息技术有限公司,150-200元/天,杭州·萧山·闻堰,Guangzhou,本科,经验不限,2月15日,zhilian,职位描述 MySQL Oracle 云计算 计算机软件 致：未来实习生 实习生=廉价劳动力？ NOOOO！我们认为实习生就是企业的未来！ 正迈向社会之路的莘莘学子们，我们不需要你以汗为泉，只期待你以梦为马，以青春激昂为畴。如果你是踏实的，肯用心学习的，积极乐观的应届毕业生，欢迎成为我们的实习生。 我们有互助互信的良好工作氛围，我们杜绝勾心斗角的可怕人际，“做正确的事，做正直的人”是我们的信条。期待你在我们专业而又热情的前辈们的耐心指导之下，早日成为我们的团队不可或缺的一份子。 基本要求： 1、应届毕业生，计算机、软件等相关专业； 2、有上进心，能吃苦，有担当，愿意通过自身努力改变人生。 3、学习能力突出，基础扎实，有责任心，有较好的沟通能力和团队协作精神； 4、有一定的计算机基础，热爱软件开发工作； 4、经过专业培训机构的优先；有相关实习经验优先； 5、待遇从优，表现优异者可在实习期结束后转为正式员工； 职位福利：五险一金、包吃、带薪年假、节日福利、定期团建、项目奖金、周末双休 工作地点 杭州萧山区闻堰街道万达中路127号三江汇谷 以担保或任何理由索要财物，扣押证照，均涉嫌违法。一经发现， 立即举报,"MySQL,Oracle",http://www.zhaopin.com/jobdetail/CC601607930J40248251707.htm?refcode=4019&srccode=401901&preactionid=5e663c61-7d51-44ff-b730-d91aab432545
就业见习工程师,宁夏吉虎科技有限公司,2000-3000元,银川·金凤区·北京中路街道,Guangzhou,本科,经验不限,7月23日,zhilian,"职位描述 售后支持 【此岗位为就业见习，不是实习！！不是实习！！具体见习政策可咨询金凤区就业创业和人才服务中心】 【任职要求】 1、2025年毕业生、2026年应届毕业生，计算机、网络、云计算等相关专业，本科及以上学历； 2、有符合岗位的专业技术知识与能力，如数通网络、后端开发等； 3、有较强的工作责任心和客户服务意识，能提供良好的服务态度； 4、具有积极主动的学习和工作态度，愿意学习和不断自我提高； 5、良好的书面和口头沟通和表达能力，具备一定的技术基础和实施能力。 【工作岗位】 1.网络工程师：负责网络故障处理、网络设备的调试及其他网络维护工作，并就相关技术问题、故障情况与客户进行详细讲解和沟通； 2.云计算工程师：负责指导客户上云、用云，根据客户需求及云产品应用场景为客户提供云业务部署实施，按公司要求完成工作总结、报告输出等工作； 3.项目交付工程师：协助部门完成项目管理所需的资料采集、分析、总结、归档等工作，配合项目经理进行沟通协调，推进项目完成进度，确保项目顺利交付。 4.后端开发工程师：完成公司内部管理平台及系统的开发与维护，包括功能迭代、性能优化及日常故障排查，保障各平台稳定高效运行。 【其他待遇】 上班时间：8:30-12:00,14:30-18:00 保险：商业险 休息：周末双休、国家法定节假日休、带薪年休假（转正后享有） 补助：交通补助、通讯补助； 其他：节日福利、定期团建等 工作地点 银川市金凤区新昌西路21号紫荆花商务中心商务写字楼C座1601 以担保或任何理由索要财物，扣押证照，均涉嫌违法。一经发现， 立即举报",售后支持,http://www.zhaopin.com/jobdetail/CC578250820J40870876810.htm?refcode=4019&srccode=401901&preactionid=5e663c61-7d51-44ff-b730-d91aab432545
算力平台技术岗,雄安人才服务有限公司,2.1-3万,保定·容城·大河,Guangzhou,本科,3-5年,7月24日,zhilian,岗位职责】 1.负责算力调度平台技术建设、资源纳管、异构算力接入、调度联调工作； 2.对接各机房、GPU集群、国产算力设备、云资源，完成算力资源对接、适配、上线、监控； 3.负责算力调度、任务编排、资源分配、负载优化、算力运维、故障排查； 4.配合平台版本迭代、功能开发、测试验收，输出技术方案、对接方案、运维文档； 5.负责平台与政务系统、监管系统、上级算力平台的接口对接与互联互通； 6.负责算力资源使用率、任务成功率、平台稳定性优化，保障平台7×24小时稳定运行。 【任职要求】 1.本科及以上学历，计算机、软件工程、云计算、大数据、网络工程相关专业； 2.熟悉服务器、GPU集群、虚拟化、K8s、容器、云资源基本架构； 3.3年及以上算力服务平台体系搭建相关工作经验，了解算力调度、资源纳管、异构算力、算力监控、计费体系者优先； 4.具备基础故障排查、网络调试、系统运维能力； 5.思维严谨、责任心强，能够独立完成技术对接与落地工作； 6.有算力平台、云平台、大数据平台建设经验或政务项目经验优先。 工作地点 保定容城县雄安人力资源服务产业园容德东路43号 以担保或任何理由索要财物，扣押证照，均涉嫌违法。一经发现， 立即举报 客户,云计算,http://www.zhaopin.com/jobdetail/CCL1493806110J40874793414.htm?refcode=4019&srccode=401901&preactionid=5e663c61-7d51-44ff-b730-d91aab432545
it运维,永辉彩食鲜股份有限公司,4000-6000元,石家庄·鹿泉·大河,Guangzhou,大专,经验不限,7月24日,zhilian,职位描述 企业服务 云计算 软件/IT服务 1、办公环境保障(桌面运维、会议系统、办公设备等)； 2、各业务系统应用运维工作、故障响应，IT设施设备日常运维、故障响应； 3、业务系统需求优化上传下达，项目推动落地； 4、区域业务数据分析与异常监控； 工作地点 石家庄鹿泉区大河路166号 以担保或任何理由索要财物，扣押证照，均涉嫌违法。一经发现， 立即举报,"企业服务,云计算",http://www.zhaopin.com/jobdetail/CC855609730J40476660909.htm?refcode=4019&srccode=401901&preactionid=5e663c61-7d51-44ff-b730-d91aab432545
物联网售后技术专员,四川创一智慧科技有限公司,4000-6000元,成都·青羊·文家,Guangzhou,大专,经验不限,5月13日,zhilian,岗位职责 负责公司物联网产品售后技术支持，解答客户及客服端技术咨询、故障排查； 全程对接售后客服团队，统筹跟进售后全流程流转、问题登记、跟进闭环； 收集售后常见问题，整理技术 FAQ，同步给到产品、销售团队优化改进； 协助处理产品售后报修、退换、调试指导，协调内部资源推进售后事宜； 态度踏实有耐心，愿意做服务对接、流程跟进类基础事务工作。 任职要求 大专及以上学历，专业不限，物联网、电子、机电、计算机相关专业优先； 有无相关经验均可，愿意从事售后技术、客服对接、流程跟进工作即可； 沟通表达顺畅，有耐心、责任心，能接受日常售后问题协调处理； 对物联网智能产品有基础认知或学习意愿，愿意长期稳定发展； 工作细心，有条理，能做好台账记录、流程跟进与问题闭环。 工作地点：成都市青羊区青羊工业总部基地K20 工作时间：早九晚六 双休 工作地点 成都青羊区青羊工业总部基地K区20栋三楼 以担保或任何理由索要财物，扣押证照，均涉嫌违法。一经发现， 立即举报,"电子产品,数码电子产品,办公电子产品",http://www.zhaopin.com/jobdetail/CC482914230J40965708702.htm?refcode=4019&srccode=401901&preactionid=5e663c61-7d51-44ff-b730-d91aab432545
AI技术运维/招商专员（可接受应届生）,陕西智巢产业发展投资管理有限公司,3000-5000元,西安·未央·草滩,Guangzhou,本科,1-3年,5月31日,zhilian,岗位职责 1、技术运维工作：负责公司AI相关产品、系统的日常运维与技术支撑，熟悉基础AI技术原理，协助完成AI模型、程序的调试、落地与优化，保障AI系统稳定运行。 2、服务器部署维护：独立或协助完成服务器的搭建、部署、调试、扩容及日常维护工作，负责系统环境配置、数据备份、故障排查，保障服务器及网络设备安全稳定运行。 3、招商拓展工作：参与公司相关业务的招商对接、渠道拓展、客户沟通洽谈工作，整理招商资料、跟进客户需求、维护合作渠道，完成基础招商指标。 4、综合协同工作：结合AI技术优势，为招商业务提供技术答疑、方案讲解、产品演示等支撑，衔接技术端与市场端，助力业务落地；完成领导交办的其他相关工作。 任职要求 1、学历专业：计算机科学与技术、人工智能、软件工程、网络工程、大数据等相关专业，2024-2026届应届毕业生优先，无硬性工作经验要求，优秀应届生可放宽条件。 2、技术能力：具备扎实的计算机基础知识，熟悉计算机软硬件原理；了解AI基础技术、大模型、人工智能模型训练、应用等相关知识；掌握服务器基础部署、系统安装、环境配置、运维排查等相关技能。 3、岗位适配：对招商、市场拓展、渠道合作类工作有浓厚兴趣，愿意兼顾技术运维与招商业务，接受技术+业务双向发展模式。 4、综合素质：具备良好的学习能力、沟通表达能力和逻辑思维，工作认真负责、积极主动，有较强的执行力和团队协作意识，能接受新鲜事物，愿意长期深耕行业。 5、加分项：有服务器部署、AI项目实操经验；有校园招商、社团商务合作、市场拓展相关经历；熟悉基础网络架构、云服务器运维者优先。 工作地点 西安市-未央区-草滩十路1155号 以担保或任何理由索要财物，扣押证照，均涉嫌违法。一经发现， 立即举报,"云计算,人工智能",http://www.zhaopin.com/jobdetail/CC488116420J41011425404.htm?refcode=4019&srccode=401901&preactionid=5e663c61-7d51-44ff-b730-d91aab432545
售前工程师助理,福州华赛通信信息咨询有限公司,4000-6000元,福州·鼓楼·水部,Guangzhou,大专,经验不限,9月23日,zhilian,岗位职责：协助工程师进行信息化建设项目的前期调研、资料查找、协助编制可行性研究报告、文档整理等。 任职要求： 1、计算机、软件开发、通信信息、智能化等相关专业毕业，优秀应届毕业生亦可； 2、具备较强的文案能力，熟练使用Word/Excel/PPT软件； 3、对可行性研究编制，方案设计、IT咨询服务感兴趣，有经验优先； 4、较好的语言表达能力及沟通能力，具备团队合作精神及服务意识； 薪资待遇：基础年薪+业务提成+期权分红；年度总收入8W-15W。 职位福利：五险一金、绩效奖金、年终分红、餐补、带薪年假、员工旅游、周末双休 工作地点 鼓楼区福州市五一北路榕城商贸中心1002 以担保或任何理由索要财物，扣押证照，均涉嫌违法。一经发现， 立即举报,"需求调研,文案编写,可行性研究,计算机技术,软件开发,智能化",http://www.zhaopin.com/jobdetail/CC459346610J00477196606.htm?refcode=4019&srccode=401901&preactionid=5e663c61-7d51-44ff-b730-d91aab432545
技术创新中心前后端开发实习生,云南现代物流规划设计研究院有限公司,150-200元/天,昆明·呈贡·洛龙,Guangzhou,硕士,经验不限,7月25日,zhilian,岗位职责与任职要求 1. 岗位职责 本岗位将深度参与公司物流大数据平台及大模型应用系统的开发工作，在资深工程师指导下积累实战经验： （1）系统开发与调试：协助参与物流大数据平台及大模型应用系统的前后端开发与功能调试工作。 （2）技术实现与对接：配合团队完成跨平台交互实现、接口开发、数据对接、Bug修复及版本管理，保障项目顺利落地。 （3）文档与运维支持：协助整理技术文档、接口文档，并参与基础的运维工作。 （4）完成主管人员交办的其他相关技术支持工作。 2. 任职要求 （1）基本条件 硕士研究生（特别优秀的可放宽至本科），2027应届毕业。计算机科学与技术、软件工程、人工智能等相关专业（在读研究生及有实战项目经验者优先）。 （2）核心能力（满足以下1-2项） 具备良好的前端基础（HTML/CSS/JavaScript），熟悉Vue或React前端框架； 掌握Java/Python任一后端语言，了解SpringBoot/Django等基础后端框架； 熟悉SQL基础操作，能使用MySQL/PostgreSQL完成基础数据处理； 了解Git版本控制、Linux基础操作，有课程设计/小型项目经验者优先。 （3）综合素质 对智慧物流与交通科技领域抱有浓厚兴趣，愿意深入行业场景； 逻辑思维清晰，具备良好的沟通表达与文档撰写能力； 学习能力强，具备责任心与团队协作精神。 四、福利待遇 1.实习补贴：2600元/月（食宿交通自理）。 2.培养体系：由行业资深导师一对一指导，参与真实项目，积累实战经验，快速提升技术能力。 3.职业发展： 实习期满可开具正规实习证明； 表现优异者可获得正式岗优先录用机会； 可积累参与省级科研项目、物流大数据平台开发的实战履历，为求职增色。 4.平台机遇： 技术交流氛围：定期组织技术分享会、行业专家交流，拓宽技术视野； 深度接触行业：有机会参与物流与供应链行业重大课题，了解智慧物流前沿应用场景； 五、申请方式 1.简历投递：发送个人简历至邮箱，邮件标题格式：“前后端开发实习生-姓名-学校-专业-最近一次工作单位”； 2.申请材料： （1）简历需包含个人基本信息、教育背景、相关经历及技能；近期免冠2寸正面电子证件照； （2）务必相关成果附件（如项目报告、论文、研究报告等）。 3.面试流程：简历筛选→电话面试→线下面试→复试→录用通知。 注：本公司承诺对应聘者信息严格保密。 工作地点 昆明呈贡区新南亚第一国际 以担保或任何理由索要财物，扣押证照，均涉嫌违法。一经发现， 立即举报,"JavaScript,Python,CSS,Spring,Hibernate,MySQL,PostgreSQL,Oracle",http://www.zhaopin.com/jobdetail/CCL1276665980J40843438309.htm?refcode=4019&srccode=401901&preactionid=5e663c61-7d51-44ff-b730-d91aab432545
遥感技术工程师,石家庄贝林生态技术开发有限公司,5000-10000元,石家庄·长安·建安,Guangzhou,本科,经验不限,7月26日,zhilian,岗位职责： 负责林草资源 AI 识别模型开发、训练与优化； 林草资源数据标注、整理与入库； 配合智慧林业项目落地与技术调试。 专业：林学、地理信息、计算机、人工智能，智慧林业，遥感相关专业；具备遥感图像解析处理、数据标注、目标检测基础；熟悉图像处理和机器学习算法，具备较强的编程能力优先。 工作地点 石家庄长安区建设北大街与华新路交汇处以南风尚宜都4区402 以担保或任何理由索要财物，扣押证照，均涉嫌违法。一经发现， 立即举报,"图像识别产品,智能硬件,智能运载设备,CCD,ViT,CLIP,GIS，NV软件",http://www.zhaopin.com/jobdetail/CC264557810J40813838913.htm?refcode=4019&srccode=401901&preactionid=5af05355-3bf6-44eb-adf3-6999574dfb34
计算机技术员,深圳市五湖商界电子商务有限公司,7000-9000元,深圳·龙华·龙华,Guangzhou,大专,1-3年,7月10日,zhilian,职位描述 软件运维 计算机软件 信息安全 云计算 岗位要求： 1、大专及以上学历，男女不限； 2、可接受无经验，对计算机有基础经验优先考虑 ； 3、性格开朗，擅于与人沟通，工作责任心强，细致，耐心； 4、具备发现问题，分析问题的能力；有较强的学习能力及应变能力； 5、有良好的团队合作精神，服从上级安排； 6、具备文档撰写能力，良好的英文阅读能力； 福利待遇： 1、五天8小时工作制，按照国家法定节假日作息，提供住宿； 2、缴纳五险一金：医疗保险、养老保险、工伤保险、失业保险、生育保险、住房公积金； 3、基本福利：员工活动经费（每月）、结婚礼金、生育礼金、节日礼金、生日礼物、带薪年假等福利等； 4、提供在同行中具有竞争力的薪酬福利待遇，提供项目奖、绩效奖等，年底发放年终奖和企业分红； 5、定期组织团体活动（如羽毛球、乒乓球、足球、桌球，等等），趣味运动会，同时，每年至少一次员工旅游，不定期聚餐，还包括员工户外拓展训练等等； 6、除了享有国家规定的法定假日及年假、婚假、产育假等假期外，公司还提供额外的带薪春节假期，以及根据服务时长享受更多的公司假期； 7、每天都有定时的下午茶时间，提供不同的零食和水果、饮料等等； 8、公司提供系统的专业内训，同时，提供灵活的岗位轮换和晋升通道，为员工的职业生涯发展提广阔的平台。 工作时间： 5天8小时制，中午休息2小时，周六日双休。 工作地点 深圳市-龙华区-龙华街道人民路4218203 以担保或任何理由索要财物，扣押证照，均涉嫌违法。一经发现， 立即举报,软件运维,http://www.zhaopin.com/jobdetail/CCL1515734180J40745394506.htm?refcode=4019&srccode=401901&preactionid=5af05355-3bf6-44eb-adf3-6999574dfb34
中智技术支持工程师,中兴通讯股份有限公司青海分公司,7000-13000元,西宁·城东区·乐家湾镇,Guangzhou,本科,经验不限,7月24日,zhilian,职位描述 通信设备 通信/网络设备 云计算 计算机硬件 招聘技术支持工程，有经验者优先（包括但不限于运营商承载、核心网、多媒体、数通、大数据、接入网、家端等产品运维工作，或者从事IDC或者其他集成项目） 1、负责运营商产品日常运维。 2、负责维护产品网络巡检及问题整改。 3、负责产品项目交付，达成客户交付需求。及时完成项目到货及验收。 4、配合商务完成商务技术方案输出等。 工作地点 西宁城东区新力·景瑞新城(昆仑东路南50米) 以担保或任何理由索要财物，扣押证照，均涉嫌违法。一经发现， 立即举报,通信设备,http://www.zhaopin.com/jobdetail/CCL1500103550J40836132707.htm?refcode=4019&srccode=401901&preactionid=5af05355-3bf6-44eb-adf3-6999574dfb34
运维技术员,甘肃恒立智能信息科技有限公司,5000-6000元,酒泉·玉门市·玉门镇,Guangzhou,大专,3-5年,7月21日,zhilian,岗位职责： 1、办公室电脑、打印机、网络线路、电话线路，水晶头维护； 2、安防监控设备维护，简单VLAN划分，地址分配（可培训）； 3、挖掘甲方需求，拓展新业务（不作要求）； 岗位要求： 1、品行端正，无刑事犯罪记录。‌ 2‌、遵纪守法，未曾受过刑事处罚。‌ ‌3、需提供户籍所在地派出所出具的《无犯罪记录证明》，且近五年内无行政拘留及以上处罚记录。 工作地点 酒泉玉门市低窝铺/矿区出口 以担保或任何理由索要财物，扣押证照，均涉嫌违法。一经发现， 立即举报,安防监控,http://www.zhaopin.com/jobdetail/CCL1332413600J40894418513.htm?refcode=4019&srccode=401901&preactionid=5af05355-3bf6-44eb-adf3-6999574dfb34
技术员,北京芯青科技有限公司,6000-8000元,北京·通州·中仓,Guangzhou,本科,1-3年,12月23日,zhilian,岗位职责：‌ 1、负责企业网络系统的规划、部署与日常运维，包括路由器、交换机、防火墙等设备的配置与优化。 2、参与网络故障排查与应急响应，确保系统稳定运行，降低业务中断风险。 3、协助设计综合布线方案，管理机房设备及线路，完成网络升级与性能调优。 4、维护内部办公网络，支持终端设备（如电脑、打印机）的安装与故障处理。 5、编写技术文档，包括网络拓扑图、运维手册及故障报告。 岗位要求：‌ ‌1、本科及以上学历。 2、熟悉TCP/IP协议、VLAN划分、路由交换技术及ACL安全策略。3、具备主流网络设备（如Cisco/Huawei）配置经验，能独立完成网络搭建与调试。4、掌握基础服务器管理（如Windows Server）及虚拟化技术者优先。 4、1-3年网络运维或相关岗位经验，应届生需具备实习或项目经历。 ‌5、责任心强，学习能力突出，具备良好的沟通与问题解决能力。 工作地点 北京通州区通州富力中心-B02座 以担保或任何理由索要财物，扣押证照，均涉嫌违法。一经发现， 立即举报,"网络运维,技术员,售后支持",http://www.zhaopin.com/jobdetail/CCL1514529480J40816112201.htm?refcode=4019&srccode=401901&preactionid=5af05355-3bf6-44eb-adf3-6999574dfb34
在校实习生（电力技术员方向）,山东综能能源管理有限公司,120-200元/天,济南·市中·六里山,Guangzhou,本科,经验不限,7月10日,zhilian,岗位职责/工作内容： 1、在导师带教下整理工商业用户用电数据、电量账单、分时负荷数据，完成数据录入、核对； 2、协助技术人员套用测算模板，辅助做售电套餐、购电成本、客户收益基础测算； 3、学习 Excel 函数、数据透视，逐步学习简易自动化表格、基础脚本逻辑，参与优化测算工具； 4、跟进各省电力交易政策更新，协助更新测算参数、整理政策台账； 5、参与团队技术培训、案例分享等活动，不断提升自身专业能力，配合主管完成团队交办的其他售前相关工作; 6、配合商务端需求，整理测算报表、客户数据分析资料。 工作要求/任职条件： 1、本科在校实习生，电气、能源与动力工程、电力系统自动化、新能源科学与工程、计算机、能源经济等相关专业； 2、学习能力强，做事认真有耐心，具备强烈的责任心、自驱力与抗压能力，目标感强，定向培养无经验可教，有导师带岗，公司统一培训行业知识+商务话术； 3、掌握Office软件，对数字敏感，逻辑条理清晰，愿意深耕电力数据方向； 4、踏实好学、细心耐心，能稳定坐班；认同公司价值观，具备良好的团队领导能力与创新意识。表现优秀可预留转正名额。 5、会Python/SQL/VBA 优先，意向长期从事电力能源行业的在校学生、山东财经大学、山东理工大学的学生优先。 工作地点 济南市中区祥泰广场-1号楼 以担保或任何理由索要财物，扣押证照，均涉嫌违法。一经发现， 立即举报,"电力运维,电力调度",http://www.zhaopin.com/jobdetail/CCL1525626390J40869585110.htm?refcode=4019&srccode=401901&preactionid=5af05355-3bf6-44eb-adf3-6999574dfb34
政企信息化工程师（乌鲁木齐）,华信咨询设计研究院有限公司新疆分公司,8000-16000元·13薪,乌鲁木齐·沙依巴克区·西山街道,Guangzhou,大专,经验不限,7月9日,zhilian,职位描述 云计算 软件/IT服务 工作内容： 1. 主要负责政府、行业等 ICT系统、云计算、大数据、网络安全类工程项目可行性研究、工程勘察设计，以及其他技术支撑服务工作（包含绘制标准规范CAD图纸、预算和说明文件），根据要求进行相关专业咨询、规划等工作。 2. 负责与客户的技术汇报、交流和沟通，现场解决客户提出的专业问题。 3. 理解客户、合作伙伴及行业需求，为政企客户定制设计业务解决方案。 专业要求： 1. 本科及以上学历，计算机科学与技术、计算机软件、通信工程、电子工程等通信相关专业； 2. 有3年以上IT行业或者通信行业工作经验者优先； 3. 有较全面的相关专业基础理论知识和专业技术知识，有较好的学习能力和实践能力。熟悉主流IT设备、网络设备、安全类设备，对数据库、操作系统有一定了解，对大数据、云计算知识体系有一定了解； 4. 能够熟练使用CAD、PPT、VISIO、OFFICE等常用工具，熟悉方案撰写、方案讲解、产品演示、工作汇报等工作； 5. 有较好的理解、沟通、表达能力，爱学习能吃苦，工作热情、积极向上，入职后长期稳定，有团队合作意识。 工作地点 沙依巴克区乌鲁木齐经济技术开发区万达中心 以担保或任何理由索要财物，扣押证照，均涉嫌违法。一经发现， 立即举报,云计算,http://www.zhaopin.com/jobdetail/CC656214580J40453137906.htm?refcode=4019&srccode=401901&preactionid=5af05355-3bf6-44eb-adf3-6999574dfb34
AI短视频技术研发实习生,重庆智谦通科技有限公司,4000-6000元,重庆·两江新区,Guangzhou,本科,经验不限,3月26日,zhilian,岗位职责 1. 技术辅助支持：协助上级兼职项目经理及研发团队，开展AI短视频相关软件（AI剪辑、内容生成等）的研发辅助工作，包括需求整理、文档撰写、代码辅助编写与调试。 2. AI与短视频技术落地协助：配合团队推进AI技术在短视频生产中的落地，协助完成素材处理、AI算法辅助测试、短视频生产流程优化等基础工作。 3. 项目协同配合：服从上级项目经理统筹安排，远程或现场配合跨部门协同工作，及时反馈研发过程中的问题，协助跟进项目进度，完成交办的其他研发相关辅助任务。 4. 技术学习与实践：主动学习AI短视频相关技术（如智能剪辑、内容生成）及软件开发流程，结合专业知识参与实践，积累项目研发经验，提升技术应用能力。 二、补充说明 1. 实习期间可得到专业研发团队及上级项目经理指导，贴合AI短视频行业实际需求，积累实战经验； 2. 可根据学业安排灵活调整实习时间，适配在校生节奏，优先考虑能保证固定实习时长者。 三、实习人群 重庆大学、重庆邮电大学、西南大学在读本科生、研究生（计算机科学与技术、软件工程、人工智能、电子信息等相关专业优先）。 工作地点 重庆两江新区金开协信中心4栋14-1 以担保或任何理由索要财物，扣押证照，均涉嫌违法。一经发现， 立即举报,"人工智能,新媒体,云计算",http://www.zhaopin.com/jobdetail/CCL1243456540J40802548516.htm?refcode=4019&srccode=401901&preactionid=5af05355-3bf6-44eb-adf3-6999574dfb34
售后技术支持,卡啦(杭州)网络科技有限公司,8000-10000元·13薪,杭州·拱墅·米市巷,Guangzhou,本科,1-3年,5月15日,zhilian,职位描述 软件产品 云计算售后技术支持 云平台运维 跨部门协同优化 工作职责 1. 负责云计算产品的售后技术支持，包括客户问题咨询、故障排查与解决方案落地，确保服务SLA达标。 2. 跟进客户问题全生命周期，通过远程协助、文档指导等方式快速定位并解决云服务器、网络、存储等相关技术问题。 3. 整理常见问题库与技术支持文档，沉淀最佳实践，提升团队支持效率与客户自助解决能力。 4. 协同研发、产品团队反馈客户需求与产品缺陷，推动产品优化迭代。 任职要求 1. 本科及以上学历，计算机、网络工程等相关专业优先。 2. 熟悉云计算基础架构（如服务器、网络、存储），了解主流云平台（如阿里云、AWS、腾讯云）产品特性者优先。 3. 具备较强的问题分析与解决能力，能独立排查系统故障，快速定位根因。 4. 拥有良好的客户服务意识与沟通能力，能耐心解答客户疑问，高效协调资源推动问题解决。 5. 具备团队协作精神，能跨部门配合完成复杂问题的闭环处理。 工作地点 杭州拱墅区武林壹号B区b座 以担保或任何理由索要财物，扣押证照，均涉嫌违法。一经发现， 立即举报 客户,"软件产品,云计算售后技术支持,云平台运维,跨部门协同优化",http://www.zhaopin.com/jobdetail/CC866314460J40860629910.htm?refcode=4019&srccode=401901&preactionid=5af05355-3bf6-44eb-adf3-6999574dfb34
智慧城市方向技术实习生,浙江省长三角基础设施科学研究院,120-200元/天,杭州·拱墅·上塘,Guangzhou,本科,经验不限,1月27日,zhilian,职位描述 可转正 实习证明 后端开发 前端可视化 物联网 云计算 1. 学历及专业： 本科及以上，计算机、软件工程、物联网、地理信息系统、人工智能等相关专业。 2. 基础技能： ·（1）掌握至少一门编程语言（Python/Java/Go/C++ 等）。 ·（2）了解数据库（SQL/NoSQL）和计算机网络基础。 ·（3）对以下至少一项有初步了解：物联网协议、数据分析/可视化、Web开发、Linux环境。 3. 能力素质： ·（1）对智慧城市、数字政府等领域有强烈好奇心和探索欲。 ·（2）具备良好的逻辑思维和学习能力，乐于接受挑战。 ·（3）能保证稳定的实习时间（如每周至少4天，持续3个月以上）。 4. 有以下经验者优先考虑： · （1）接触过传感器、嵌入式开发或物联网项目。 · （2）使用过 Pandas、Sklearn、ECharts、Three.js 等数据分析或可视化库。 · （3）有 GIS（地理信息系统）相关知识或项目经验。 5. 实习表现较好者可在毕业后签订劳动合同。 工作地点 杭州拱墅区浙江省长三角基础设施科学研究院 以担保或任何理由索要财物，扣押证照，均涉嫌违法。一经发现， 立即举报,"后端开发,前端可视化",http://www.zhaopin.com/jobdetail/CC450513130J40823353601.htm?refcode=4019&srccode=401901&preactionid=5af05355-3bf6-44eb-adf3-6999574dfb34
IT技术支持助理,广州市潜力马科技有限公司,5000-7000元,广州·五山,Guangzhou,大专,1-3年,7月1日,zhilian,职位描述 软件运维 网络运维 系统运维 计算机软件 云计算 软件/IT服务 1、跟踪项目进展，负责项目的前期工作，比如需求分析、研发、测试和上线，了解项目信息并与客户及时沟通，与设计团队协作寻找最佳解决方案，确保项目按计划进行， 2、根据日常运营的实际情况对合作提供补充和修改的建议 落实业务服务相关资料的规范性和合理性； 3、负责协助或参与制定营销及推广策略、报价政策、竞品 析等； 4、完成上级领导交办的其它工作。 二、岗位要求 1、本科以上学历，有互联网行业营销经验及一定的市场资 源优先考虑； 2、具备较强的学习能力，思维敏捷，良好的逻辑分析能力，沟通能力强， 事高效且有团队协作意识。 3、管理和组织能力强，可独立与资深职位客户开展沟通及 拓客户； 三、福利待遇 1、早九晚六、五险一金 2、法定节假日、年假等 3、下午茶丰富部门活动：户外拓展、团建，聚餐等 工作地点 广州市-天河区-东莞庄路110号E栋 以担保或任何理由索要财物，扣押证照，均涉嫌违法。一经发现， 立即举报,"软件运维,网络运维,系统运维",http://www.zhaopin.com/jobdetail/CCL1516445330J40876881413.htm?refcode=4019&srccode=401901&preactionid=5af05355-3bf6-44eb-adf3-6999574dfb34
技术服务实习生（呼和浩特）,上海华讯网络系统有限公司,150-200元/天,呼和浩特·和林格尔·盛乐,Guangzhou,本科,经验不限,7月25日,zhilian,职位描述 通信设备 通信/网络设备 云计算 信息安全 工作内容： 运用云计算、网络、安全等相关技术，为客户提供覆盖多技术栈的信息系统平台架构设计服务、项目实施并参与多厂商协同的系统集成与性能调优工作，确保项目成功交付和客户满意。 招聘专业及要求： - 计算机、软件、网络、通信、信息安全、大数据、物联网等相关专业2027届本科和硕士毕业生； - 成绩优秀，英语良好； - 对所应聘职位有浓厚兴趣和专业基础； - 具有良好的沟通和表达能力； - 积极乐观，主动好学。 工作地点 呼和浩特和林格尔县和林新区 以担保或任何理由索要财物，扣押证照，均涉嫌违法。一经发现， 立即举报,通信设备,http://www.zhaopin.com/jobdetail/CC000420630J41006640804.htm?refcode=4019&srccode=401901&preactionid=5af05355-3bf6-44eb-adf3-6999574dfb34
信息系统运维技术工程师,河北五维航电科技股份有限公司,8000-15000元,张家口·涿鹿县·涿鹿镇,Guangzhou,本科,3-5年,7月26日,zhilian,"职位描述 Java Python Shell SQL Socket技术 网络交换技术 容器技术 服务器配置 云计算 计算机软件 计算机硬件 工作地点：河北张家口涿鹿 1、从事项目与需求的对接，参与公司内部的业务需求分析调研及设计； 2、负责软件系统的日常维护工作，跟踪解决公司内部用户的问题和故障； 3、配合软件服务商完成软件系统的维护、升级，基础数据录入更新。 4、了解部门需求,沟通，推动项目问题解决。 5、培训内部相关岗位人员对系统的使用和遇到问题联系厂家解决问题。 6、有用友、U8项目经验者优先。 工作地点 张家口河北省涿鹿县工业园区3号(季家寺村东) 以担保或任何理由索要财物，扣押证照，均涉嫌违法。一经发现， 立即举报","Java,Python,Shell,SQL,Socket技术,网络交换技术,容器技术,服务器配置",http://www.zhaopin.com/jobdetail/CC332420710J40864509304.htm?refcode=4019&srccode=401901&preactionid=5af05355-3bf6-44eb-adf3-6999574dfb34
售前售后工程师,四川科达锐信息技术有限公司,5000-6000元,成都·锦江·牛市口,Guangzhou,学历不限,经验不限,3月2日,zhilian,职位描述 软件产品 智慧产品 网络通信设备 智慧城市 智慧公安 智慧医疗 计算机软件 云计算 通信/网络设备 岗位内容： 1. 提供产品或技术咨询服务，帮助客户了解公司产品特点及使用方法。 2. 参与售前技术支持方案的制定和实施，提供技术支持和解决方案。 3. 协助销售人员推进项目进展，完成销售目标。 任职要求： 1. 具有良好的沟通能力和客户服务意识，能够有效处理客户问题和投诉。 2. 熟悉计算机基础知识，了解主流操作系统和网络软件等相关知识。 3. 具有较强的学习和理解能力，能够快速掌握公司产品特点和技术特点。 4. 具有良好的团队合作精神，能够适应不同的工作环境和工作压力。 工作地点 成都市-锦江区-一环路东5段-58号12楼 以担保或任何理由索要财物，扣押证照，均涉嫌违法。一经发现， 立即举报,"软件产品,智慧产品,网络通信设备,智慧城市,智慧公安,智慧医疗",http://www.zhaopin.com/jobdetail/CCL1512996540J40975632404.htm?refcode=4019&srccode=401901&preactionid=5af05355-3bf6-44eb-adf3-6999574dfb34
信息技术经理/主管,青岛员智教育科技有限公司,2-2.1万,青岛·市南·香港中路,Guangzhou,本科,1-3年,7月25日,zhilian,职位描述 C语言 Java 人工智能 工作职责： 1. 负责公司整体IT架构的规划与设计，制定技术发展路线，确保系统的稳定性、安全性与可扩展性。 2. 带领技术团队完成项目开发、系统维护及优化工作，把控项目进度与质量，解决关键技术难题。 3. 对接业务部门需求，将业务目标转化为技术方案，推动技术与业务的深度融合。 4. 建立并完善技术团队的管理制度与流程规范，提升团队整体技术水平与协作效率。 任职要求： 1. 本科及以上学历，计算机相关专业，5年以上IT行业工作经验，2年以上技术团队管理经验。 2. 精通至少一种主流技术栈（如Java、Python、.NET等），具备大型系统架构设计与优化经验。 3. 熟悉云计算、大数据或人工智能等前沿技术，能够结合业务需求引入新技术提升效率。 4. 具备优秀的沟通协调能力与问题解决能力，能够有效推动跨部门协作。 工作地点 青岛市南区新贵都 以担保或任何理由索要财物，扣押证照，均涉嫌违法。一经发现， 立即举报,"C语言,Java",http://www.zhaopin.com/jobdetail/CC618223080J40957821715.htm?refcode=4019&srccode=401901&preactionid=31edbf86-52f4-4077-822f-8f94beff4ede
售后技术员,江苏云盛汇才数字科技有限公司,1-1.3万,深圳·龙华·民治,Guangzhou,大专,1-3年,7月24日,zhilian,职位描述 软件产品 云基础设施运维 信息安全 软件/IT服务 工作职责 1. 负责售后技术支持，快速响应客户的故障申报与咨询需求。 2. 独立完成云服务器、存储、网络等基础设施的故障排查与修复，确保客户业务连续性。 3. 协助客户进行云产品的部署、配置与优化，提供技术指导与操作培训。 4. 记录并整理客户问题及解决方案，形成知识库，持续优化服务流程。 任职要求 1. 大专及以上学历，计算机、网络工程等相关专业优先。 2. 熟悉主流云计算平台（如阿里云、华为云、腾讯云）的基础架构与操作流程。 3. 具备服务器运维、网络配置（TCP/IP、路由交换）或虚拟化技术（VMware/KVM）的实操经验。 4. 拥有良好的沟通能力与服务意识，能清晰理解客户需求并提供专业解决方案。 5. 具备较强的问题分析能力，能独立定位并解决常见技术故障。 补充：双休，早9晚6，有餐补房补。 工作地点 深圳龙华区启航大厦-东区-903-2 以担保或任何理由索要财物，扣押证照，均涉嫌违法。一经发现， 立即举报,"软件产品,云基础设施运维",http://www.zhaopin.com/jobdetail/CCL1523595660J40854986111.htm?refcode=4019&srccode=401901&preactionid=31edbf86-52f4-4077-822f-8f94beff4ede
通信技术工程师,河北序威科技有限公司,9000-11000元,石家庄·长安·跃进,Guangzhou,中专/中技,经验不限,7月25日,zhilian,职位描述 研发 1.负责通信设备的组装、安装、调试及维护工作； 2.确保通信设备的质量和性能符合标准； 3.解决通信过程中出现的技术问题； 4.参与通信系统的设计和优化工作； 5.按照项目需求完成通信设备的部署和调试。 工作地点 石家庄长安区百川大厦1302 以担保或任何理由索要财物，扣押证照，均涉嫌违法。一经发现， 立即举报,研发,http://www.zhaopin.com/jobdetail/CCL1379392290J40712577116.htm?refcode=4019&srccode=401901&preactionid=31edbf86-52f4-4077-822f-8f94beff4ede
ERP技术/应用,山西金冠佳盈科技有限公司,7000-14000元,太原·平阳路,Guangzhou,大专,1-3年,7月21日,zhilian,岗位职责： 1、 主要从事ERP软件产品的实施、支持及售后服务工作； 2、对客户进行规划和并辅导落地 3、负责与客户沟通，整理实施计划； 4、负责客户实施过程中的培训工作，保证项目的顺利实施，顺利交付。 岗位要求： 1、 大专以上学历，财会或计算机相关专业优先；应届毕业生亦可。 2、 积极热情、沟通能力强，有强烈的责任心，能够承受工作压力，具有良好的团队合作精神和敬业精神 待遇：五险 周休一天半 法定节假日正常休息 交通、通讯、饭补补助 工作地点 山西省太原市小店区南内环街1号金茂国际数码中心A座26层B 以担保或任何理由索要财物，扣押证照，均涉嫌违法。一经发现， 立即举报,"ERP,MES,CRM,软件实施,WMS",http://www.zhaopin.com/jobdetail/CCL1499413760J40820773705.htm?refcode=4019&srccode=401901&preactionid=31edbf86-52f4-4077-822f-8f94beff4ede
科研助理 （数字化方向）,海南海钢集团有限公司,7000-10000元,昌江·石碌镇,Guangzhou,本科,1-3年,7月26日,zhilian,岗位职责： 1.负责协助梳理业务系统需求，参与功能设计、开发、运维及升级全流程，提供技术支持和运营保障； 2.负责轻量级IT系统项目实施，独立跟进开发测试、系统部署及上线运营，确保项目交付与系统稳定； 3.负责使用低代码平台快速搭建业务应用，协助完成AI智能体等工具的初步开发与部署； 4.负责协助推进软件正版化、安可替代等专项工作，配合落实相关管理要求。 任职要求： 1.大学本科及以上学历，信息管理与信息系统、软件工程、计算机科学与技术、数据分析等相关专业； 2.了解软件项目全流程，具备业务流程梳理和需求分析基础能力，能使用至少一种低代码平台搭建应用，熟悉云计算、大数据等常用数字化技术； 3.具有1年以上信息化项目助理、系统实施相关经验者优先，在校有项目实践、竞赛获奖或系统实施经验者优先； 4.具备良好的需求理解、沟通协调和项目跟进能力，基础的文档编写与总结能力，能够主动学习并应用新技术解决问题，工作认真细致； 5.持有项目管理（如PMP、软考）、低代码平台认证或软件研发相关证书者优先。 工作地点 昌江海南海钢集团有限公司 以担保或任何理由索要财物，扣押证照，均涉嫌违法。一经发现， 立即举报,系统维护,http://www.zhaopin.com/jobdetail/CC201934420J40845016514.htm?refcode=4019&srccode=401901&preactionid=31edbf86-52f4-4077-822f-8f94beff4ede
信息技术岗助理,重庆市信息通信咨询设计院有限公司,100-150元/天,重庆·九龙坡·渝州路,Guangzhou,本科,经验不限,7月26日,zhilian,职位描述 实习证明 通信/网络设备 信息安全 软件/IT服务 物联网 人工智能 产业互联网平台 技术服务 通信工程/技术服务 协助公司工程师处理面向省市各级政府单位和企业提供信息化系统、云计算、大数据平台、智能化建筑系统等项目建设咨询和设计服务，工作内容包括项目前期咨询，可行性研究报告、初步设计、工程勘察方案编制等。 任职资格： 1. 计算机、软件工程、通信、管理科学与工程等相关专业； 2.大学本科及以上学历； 3.综合能力优秀，沟通能力较强，有良好的组织协调能力，有强烈进取心； 4.初步了解网络基础及信息化系统应用知识，大数据和云计算理论，具有较强文字编制能力； 5.在校期间对外发表相关专业论文者优先； 6.熟练使用 Excel、Word等办公软件，熟练使用PPT优先； 7.可接受适当加班； 8.要求可实习六个月及以上，应届毕业生长期/大四学期学生优先。 工作地点 重庆市-九龙坡区-科园四路257号(陈家坪地铁站4B口步行450米) 以担保或任何理由索要财物，扣押证照，均涉嫌违法。一经发现， 立即举报,"实习证明,信息安全,物联网,人工智能,产业互联网平台,技术服务,通信工程/技术服务",http://www.zhaopin.com/jobdetail/CC634148720J41016890804.htm?refcode=4019&srccode=401901&preactionid=31edbf86-52f4-4077-822f-8f94beff4ede
技术支持助理（应届生）,北京芯青科技有限公司,5000-7000元,石家庄·裕华·裕兴,Guangzhou,本科,经验不限,12月17日,zhilian,岗位职责： (1) 受理客户技术咨询，通过电话、邮件、远程工具等渠道提供实时支持； (2) 诊断网络安全产品（如防火墙、IDS/IPS、终端安全等）的故障或异常，协调研发团队定位问题并推动解决； (3) 编写技术文档，记录常见问题及解决方案，完善知识库。 (4) 协助完成产品安装、配置及基础运维，确保客户顺利使用； (5) 参与客户培训会议，讲解产品功能及操作流程； (6) 配合销售团队完成技术方案演示，解答客户技术疑问。 (7) 跟踪客户问题处理进度，确保SLA达标； (8) 收集客户需求及产品改进建议，反馈至研发团队； (9) 参与制定标准化服务流程，提升支持效率。 岗位要求：‌ (1) 本科及以上学历，计算机、信息安全、网络工程等相关专业，对网络感兴趣，其他专业也可以考虑； (2) 熟悉TCP/IP协议、常见网络设备及安全设备基础配置； (3) 1年以上技术支持或IT运维经验，有网络安全行业经验者优先； (4) 熟悉Windows/Linux系统操作，具备基础脚本编写能力者加分； (5) 持有CISP、CISSP、HCIA-Security等网络安全认证者优先； (6) 熟练使用远程协助工具（如TeamViewer、AnyDesk）及办公软件。 (7) 逻辑清晰，具备较强的沟通表达能力及问题分析能力； (8) 抗压能力强，能适应紧急情况下的快速响应； (9) 具备服务意识，注重客户体验。 工作地点 石家庄裕华区国网河北培训中心-E座 以担保或任何理由索要财物，扣押证照，均涉嫌违法。一经发现， 立即举报,对网络或计算机感兴趣,http://www.zhaopin.com/jobdetail/CCL1514529480J40814884801.htm?refcode=4019&srccode=401901&preactionid=31edbf86-52f4-4077-822f-8f94beff4ede
ERP技术/应用,重庆垒积医疗科技有限公司,9000-11000元,重庆·南岸·南坪,Guangzhou,本科,3-5年,7月25日,zhilian,职位描述 软件/IT服务 云计算 工作职责 1. 负责ERP系统的需求调研与分析，结合业务场景设计定制化解决方案。 2. 主导ERP系统的实施部署、功能配置与二次开发，确保系统与业务流程深度适配。 3. 提供ERP系统日常运维支持，快速响应并解决系统运行中的技术问题。 4. 编写系统操作手册与培训文档，组织用户培训，提升系统使用效率。 5. 跟踪ERP系统运行数据，持续优化系统性能与业务流程。 任职要求 1. 本科及以上学历，计算机、信息管理或相关专业。 2. 3年以上ERP系统实施或运维经验，熟悉主流ERP产品（如SAP、用友、金蝶等）。 3. 具备需求分析与系统设计能力，能独立完成模块功能规划。 4. 掌握SQL数据库操作，有一定的编程基础（如Python、Java）者优先。 5. 具备良好的沟通能力与问题解决能力，能快速理解业务需求并转化为技术方案。 工作地点 重庆南岸区帝景摩尔写字楼 以担保或任何理由索要财物，扣押证照，均涉嫌违法。一经发现， 立即举报,云计算,http://www.zhaopin.com/jobdetail/CCL1318729170J40876812309.htm?refcode=4019&srccode=401901&preactionid=31edbf86-52f4-4077-822f-8f94beff4ede
信息化工程师(无经验),天元瑞信通信技术股份有限公司,4000-6000元·13薪,武汉·江汉·经开区,Guangzhou,本科,经验不限,7月21日,zhilian,岗位职责： 1.项目交付管理 负责政企客户（运营商、政府、央企、国企等）信息化项目的全生命周期提供规划设计咨询服务，包括客户需求分析、方案设计、造价分析等。 需要有设计交付经验，具备一阶段、深化设计能力 。 调内外部资源，确保项目按计划高质量交付，满足客户业务需求。 2.需求沟通与方案落地 与客户技术部门对接，梳理业务流程，提供定制化解决方案，并推动技术方案落地。 3. 问题处理与风险管控 识别项目交付中的技术风险，解决系统兼容性、性能优化等问题，确保交付稳定性。 4. 文档编写与知识传递 编制项目交付文档（项目建议书、可行性研究报告、设计方案、造价分析、汇报材料等），并完成客户评审及技术交底。 二、任职要求 1.学历与专业 本科及以上学历，计算机、通信、软件工程、电子信息等相关专业。 熟悉网络安全及数据合规要求。 具备信息通信、计算机、互联网等专业基础知识； 2、对云计算、大数据、物联网等技术应用、重点行业领域信息化业务系统等有一定了解； 具备项目建议书、可行性研究报告、初步设计编制能力； 参与过行业信息化咨询、信息系统设计和开发，具备信息系统架构设计 3、软技能 出色的沟通协调能力，能高效对接客户；逻辑清晰，具备独立分析问题、解决问题的能力；抗压能力强，适应经常出差工作环境。 三、公司福利 五险一金（西安缴纳）、带薪年假、节日福利、绩效奖金、通讯补助、差旅补助等；提供技术培训、职业发展通道，提供宿舍； 工作地点 武汉江汉区CBD楚世家-崇章中心1003 以担保或任何理由索要财物，扣押证照，均涉嫌违法。一经发现， 立即举报,"人工智能,通信运营商/电信增值服务",http://www.zhaopin.com/jobdetail/CC133058570J40855203502.htm?refcode=4019&srccode=401901&preactionid=31edbf86-52f4-4077-822f-8f94beff4ede
it工程师,四川易创天宇科技有限公司,1.4-2.8万·13薪,齐齐哈尔·铁锋区·龙华街道,Guangzhou,中专/中技,1-3年,7月14日,zhilian,职位描述 桌面运维 软件运维 网络运维 Java Python C++ 云计算 软件/IT服务 大数据 工作职责 1. 负责公司大数据平台及相关系统的日常运维与技术支持，保障系统稳定运行。 2. 参与数据处理流程的优化与调试，协助提升数据处理效率与准确性。 3. 配合团队完成技术文档编写、系统部署及版本更新工作。 4. 快速响应并解决系统运行中的技术问题，确保业务连续性。 任职要求 1. 计算机、软件工程等相关专业。 2. 熟悉Linux操作系统，掌握Shell/Python等至少一种脚本语言。 3. 了解大数据相关技术（如Hadoop、Spark、Hive等）优先，具备数据处理经验者优先。 4. 具备较强的问题分析能力与学习能力，能独立完成简单的技术任务。 5. 有良好的沟通能力与团队协作意识，能承受一定的工作压力。 奖金绩效 五险一金，项目奖金，绩效奖金，年终奖，氛围好。 工作地点 齐齐哈尔铁锋区明珠写字楼 以担保或任何理由索要财物，扣押证照，均涉嫌违法。一经发现， 立即举报,"桌面运维,软件运维,网络运维,Java,Python,C++",http://www.zhaopin.com/jobdetail/CCL1511490410J40986134202.htm?refcode=4019&srccode=401901&preactionid=31edbf86-52f4-4077-822f-8f94beff4ede
技术支持工程师,江苏海辰云科信息技术有限公司,5000-10000元·13薪,无锡·滨湖·河埒,Guangzhou,大专,1-3年,1月13日,zhilian,岗位职责： 1、负责公司客户深信服网络、虚拟化、安全设备等全线产品的现场测试、交付和售后技术服务工作； 2、负责处理日常技术问题的协调和沟通； 3、负责与厂家工程师的技术对接； 任职要求： 1.技术能力：专科以上学历，1年以上技服类岗位工作经验，或有相关路由交换、系统运维或集成工作经验，熟悉OSI七层模型、TCP/IP原理；熟悉超融合，桌面云。 2.沟通能力：具备良好的沟通表达人际理解力、资源协调能力； 3.业务经验：较强的客户导向意识，能够充分理解用户（内外部用户）需求和分析本质原因并通过合适的沟通技巧达成工作目的； 4、有强大的激情和良好的协作精神，具有较好的快速学习能力和出色的问题解决以及客户沟通能力。 5、积极开朗，能适应快节奏和高强度工作环境并具有优秀的客户服务意识。 6、保持不断学习的习惯 7、优秀应届毕业生亦可考虑； 职位福利：五险一金、绩效奖金、全勤奖、交通补助、通讯补助、带薪年假、员工旅游、节日福利 职位亮点：团队氛围好，待遇福利高，发展空间大 奖金绩效 按照实施项目提成 工作地点 无锡滨湖区梁清路88号无锡运河湾现代产业发展中心705 以担保或任何理由索要财物，扣押证照，均涉嫌违法。一经发现， 立即举报,"软件产品,硬件产品",http://www.zhaopin.com/jobdetail/CCL1309952720J40654324616.htm?refcode=4019&srccode=401901&preactionid=31edbf86-52f4-4077-822f-8f94beff4ede
IT技术支持,中汇大通科技有限公司,4000-6000元·13薪,洛阳·洛龙·太康东路,Guangzhou,大专,1-3年,7月21日,zhilian,岗位职责： 1、负责多媒体音视频设备、网络设备、监控设备的安装调试; 2、负责公司项目的技术支持，安装调试、售后维护工作 ; 3、负责公司项目的售后技术支持（音视频项目、网络安全项目，监控项目皆可）； 任职要求： 1、大专及以上学历，计算机相关专业，具备一定的多媒体音视频设备、网络安全、云计算相关知识 ； 2、工作责任心强、抗压能力强，有较好的团队合作精神和学习能力 3. 有弱电项目施工经验优先。 工作地点 洛阳洛龙区863创智广场 以担保或任何理由索要财物，扣押证照，均涉嫌违法。一经发现， 立即举报,"系统运维,网络安全,桌面运维,服务器运维,IT支持,网络运维",http://www.zhaopin.com/jobdetail/CC333571730J40545764703.htm?refcode=4019&srccode=401901&preactionid=31edbf86-52f4-4077-822f-8f94beff4ede
技术支持工程师,中兴通讯股份有限公司青海分公司,6000-12000元·13薪,西宁·城东区·乐家湾镇,Guangzhou,本科,经验不限,7月24日,zhilian,职位描述 软件产品 硬件产品 云计算 信息安全 通信/网络设备 招聘技术支持工程，有经验者优先（包括但不限于运营商承载、核心网、多媒体、大数据、接入网、家端等产品运维工作，或者从事IDC或者其他集成项目） 1、负责运营商产品日常运维。 2、负责维护产品网络巡检及问题整改。 3、负责产品项目交付，达成客户交付需求。及时完成项目到货及验收。 4、配合商务完成商务技术方案输出等。 工作地点 西宁城东区新力·景瑞新城(昆仑东路南50米) 以担保或任何理由索要财物，扣押证照，均涉嫌违法。一经发现， 立即举报,"软件产品,硬件产品",http://www.zhaopin.com/jobdetail/CCL1500103550J40734033607.htm?refcode=4019&srccode=401901&preactionid=31edbf86-52f4-4077-822f-8f94beff4ede
华为IT售前工程师(J16254),神州数码（中国）有限公司,1-1.4万,宁波·鄞州·福明,Guangzhou,大专,经验不限,7月24日,zhilian,职位描述 网络通信设备 云计算 信息安全 通信/网络设备 岗位描述： 我司为华为总经销商，该岗位专职负责华为IT相关产品技术支持 1.工作地点：宁波办事处 2. 负责华为服务器、存储、云计算等产品：产品宣讲、方案引导、配置选型、技术咨询等工作； 3. 配合销售和厂商人员完成解决方案培训工作； 4. 对代理商进行相关产品、解决方案、行业趋势等方面进行技术培训赋能； 任职资格： 1、了解超融合、存储、云计算相关方案内容，掌握服务器、存储等常用售后技术基础，熟悉基础组网架构。 2、能实现方案输出、产品选型、招投标等工作。 3、沟通流畅，表达清晰。 任职要求: 1. 专科及以上学历。 2. 有行业相关认证证书优先考虑 可接受实习 工作地点 鄞州区宁波国华金融中心 以担保或任何理由索要财物，扣押证照，均涉嫌违法。一经发现， 立即举报,网络通信设备,http://www.zhaopin.com/jobdetail/CC000067670J40518240903.htm?refcode=4019&srccode=401901&preactionid=31edbf86-52f4-4077-822f-8f94beff4ede
华为售前工程师（IT）,深圳市金华威数码科技有限公司,6000-8000元·14薪,沈阳·浑南·白塔,Guangzhou,本科,1年以下,2月26日,zhilian,岗位职责： 1、协助销售人员完成销售项目中的售前相关技术和项目工作； 2、负责华为IT产品线的服务器存储云计算等相关产品的配置、测试、方案设计、方案编写、解决方案等售前支持； 3、对渠道销售人员和用户进行针对性的技术交流与培训，完成产品和方案的PPT讲解投标的相关工作； 4、定期进行工作总结和规划，向区域技术经理汇报； 岗位要求： 1、大专及以上学历，计算机、电子通讯专业; 2、具备服务器、存储、云计算等相关产品的基础知识; 3、具有IT售前工作经验者优先; 4、具备华为产品线相关认证优先； 工作地点 沈阳市-浑南区-高深东路7号辽宁省沈阳市浑南区中海天誉1号楼2401室 以担保或任何理由索要财物，扣押证照，均涉嫌违法。一经发现， 立即举报,信息安全,http://www.zhaopin.com/jobdetail/CC216525110J40150719813.htm?refcode=4019&srccode=401901&preactionid=31edbf86-52f4-4077-822f-8f94beff4ede
erp技术支持工程师,天津市企飞科技有限公司,3000-4000元,天津·河东·春华,Guangzhou,大专,经验不限,7月23日,zhilian,职位描述 Oracle SQL Server 财务系统 供应商管理系统 仓储系统 Linux 云计算/大数据 金蝶 云计算 计算机软件 计算机硬件 职位描述： 1.负责用户售后并协助客户进行项目技术操作指导等； 2.用户现场技术支持及日常维护，向用户提供咨询、指导、收集反馈信息； 做好问题跟踪记录，及时响应和回复客户，落实问题并全面解决； 3.具备良好的抗压能力，学习能力和团队合作精神； 任职要求： 1.专科及本科以上学历应届生，实习生，软件工程，计算机等相关专业， 2.精通Oracle、SQL Server等数据库； 3..具备良好的沟通、表达能力，具备较强的业务理解能力和团队合作 工作地点 天津市河东区新浦路远洋国际中心A-1103 以担保或任何理由索要财物，扣押证照，均涉嫌违法。一经发现， 立即举报,"Oracle,SQL Server,财务系统,供应商管理系统,仓储系统,Linux,云计算/大数据,金蝶",http://www.zhaopin.com/jobdetail/CC378311410J40446486007.htm?refcode=4019&srccode=401901&preactionid=31edbf86-52f4-4077-822f-8f94beff4ede
云计算技术员,重庆皓财文化传媒有限公司,8000-10000元,重庆·沙坪坝·覃家岗,Guangzhou,本科,1-3年,12月10日,zhilian,岗位职责： 1、负责云计算平台的设计、部署与维护，确保系统稳定运行； 2、参与云服务项目的技术方案制定，优化云资源使用效率； 3、监控云基础设施性能，及时发现并解决技术问题； 4、协助开发团队进行云应用的迁移和性能优化。 任职要求： 1、大学本科学历及以上、深入理解云计算架构和技术，熟悉主流云服务提供商（如AWS、Azure、阿里云）的产品； 2、具备丰富的虚拟化技术和容器化技术（如KVM、Docker、Kubernetes）实践经验； 3、具有较强的故障排查能力，能够快速定位并解决云平台相关问题； 4、良好的团队合作精神和沟通能力，能够与开发、运维团队有效协作。 工作地点 重庆市-沙坪坝区-汇泉一路10号1栋4楼（融汇广场5号门旁）10号10-4 以担保或任何理由索要财物，扣押证照，均涉嫌违法。一经发现， 立即举报,"云计算,产业互联网平台",http://www.zhaopin.com/jobdetail/CCL1513607110J40816013507.htm?refcode=4019&srccode=401901&preactionid=31edbf86-52f4-4077-822f-8f94beff4ede
技术服务实习生（青岛）,上海华讯网络系统有限公司,150-200元/天,青岛·市南·香港中路,Guangzhou,本科,经验不限,5月13日,zhilian,职位描述 通信设备 通信/网络设备 云计算 信息安全 工作内容： 运用云计算、网络、安全等相关技术，为客户提供覆盖多技术栈的信息系统平台架构设计服务、项目实施并参与多厂商协同的系统集成与性能调优工作，确保项目成功交付和客户满意。 招聘专业及要求： - 计算机、软件、网络、通信、信息安全、大数据、物联网等相关专业2027届本科和硕士毕业生； - 成绩优秀，英语良好； - 对所应聘职位有浓厚兴趣和专业基础； - 具有良好的沟通和表达能力； - 积极乐观，主动好学。 工作地点 青岛市南区远洋大厦 以担保或任何理由索要财物，扣押证照，均涉嫌违法。一经发现， 立即举报,通信设备,http://www.zhaopin.com/jobdetail/CC000420630J41006641904.htm?refcode=4019&srccode=401901&preactionid=31edbf86-52f4-4077-822f-8f94beff4ede
业务岗,中铁物资集团(天津)有限公司,6000-8000元,天津·南开·鼓楼,Guangzhou,本科,经验不限,4月21日,zhilian,岗位职责 1.负责与公司各部门之间的沟通协调 2.负责混凝土平台信息化系统搭建、数据录入、运维相关工作 3.负责对客户在使用混凝土平台信息化系统过程中出现的问题、须办理的手续，高效对接，联系公司有关部门或单位帮助妥善解决 4.负责混凝土业务承揽与拓展，完成规定或承诺的业绩指标 5.全面负责经手业务执行，对应收的款项和货物，按照合同的规定追踪和催收，出现问题及时汇报、请示并处理 6.完成领导交办的其他工作 二、基本要求 1.教育水平：大学本科及以上学历（双一流院校优先） 2.政治面貌：中共党员（含中共预备党员）优先 3.专业要求：信息工程、大数据、电气工程及相关专业 4.工作地点：天津、北京、河北、山西（具体以公司实际需要为准） 5.计算机技能：能够熟练使用办公软件 6.自然条件：身体健康 7.其他能力：接受短期或长期出差，具有较强的沟通协调能力、抗压能力、应急处置能力 工作地点 天津南开区铭隆大厦 以担保或任何理由索要财物，扣押证照，均涉嫌违法。一经发现， 立即举报,"云计算,电力/水利/热力/燃气,电气机械/电力设备,工业自动化/机器人",http://www.zhaopin.com/jobdetail/CCL1413825380J40822045401.htm?refcode=4019&srccode=401901&preactionid=75083794-02d0-4c10-adf5-a099637201b2
IT服务工程师-云南楚雄,联想云领(成都)科技有限公司,4000-5000元,楚雄·禄丰市·金山镇,Guangzhou,大专,1-3年,7月23日,zhilian,岗位职责： 1、负责日常工单承接、处理、跟进 任职要求： 1、大专1年及以上学历，熟练支持 Windows操作系统及 Office 办公套件安装、配置、故障排查； 2、具备硬件诊断能力，掌握基础网络排查和故障定位； 3、可同时响应电话、工单、现场请求，优先级判断准确； 4、良好的沟通能力和服务意识； 5、有责任心、能吃苦耐劳； 工作地点：云南省楚雄州禄丰市金山镇官洼社区 上班时间 8：30-17：30，双休 工作地点 官洼社区云南省楚雄州禄丰市金山镇官洼社区 以担保或任何理由索要财物，扣押证照，均涉嫌违法。一经发现， 立即举报,桌面运维,http://www.zhaopin.com/jobdetail/CC853777900J40866486501.htm?refcode=4019&srccode=401901&preactionid=75083794-02d0-4c10-adf5-a099637201b2
AI信息管理岗,德州天元集团有限责任公司,4000-8000元,德州·德城区·长河街道,Guangzhou,本科,经验不限,7月22日,zhilian,职位描述 云计算 计算机软件 1、负责企业施工数据、业务数据的整理、清洗、分析，运用数据语言完成数据指标梳理与报表输出。 2、承担数据库日常维护、数据备份、权限管理、数据质量校验及基础优化工作。 3、熟练应用 AI 工具 / 平台，完成 AI 软件需求梳理、应用设计、场景落地（如智慧工地、文档处理、流程自动化、图像识别等施工场景）。 4、配合信息化部门推进数字化项目，对接业务部门输出 AI + 数据解决方案并落地执行。 5、负责 AI 工具使用培训、数据规范制定及日常技术支持。 工作地点 德州德城区德城经济开发区长河大道126号天元集团 以担保或任何理由索要财物，扣押证照，均涉嫌违法。一经发现， 立即举报,云计算,http://www.zhaopin.com/jobdetail/CC662711520J40837382807.htm?refcode=4019&srccode=401901&preactionid=75083794-02d0-4c10-adf5-a099637201b2
智能互联网络技术,大同数据科技职业学院有限责任公司,9000-14000元,大同·云州区·倍加造镇,Guangzhou,本科,1-3年,7月24日,zhilian,职位描述 网络运维 网络安全 华为认证 CISP认证证书 HCIE HCIP 计算机软件 云计算 人工智能 智能互联网络技术 职位描述： 软件相关专业、智能网络工程师 【岗位亮点】 导师带教:资深教师+企业导师双轨指导，快速积累教研经验 技术成长:每学期不低于100小时的技术培训预算，可旁听所有专业课程 晋升通道:优秀者可1-2年内晋升，或推荐至合作企业技术岗 灵活福利:五险一金、餐补、带薪寒暑假、大学教师公寓 职责定位:教学为主 【核心职责】 1.教学讲授 完成专业核心技术课程的准备与批改作业、实验报告; 承担课后答疑、实践课带班，辅导学生代码调试与项目整理: 维护校园在线学习平台，上传资料、管理题库。 2.实践指导 协助指导软件实验室日常活动，带学生完成课程设计作业: 支持学科竞赛备赛，负责环境搭建、技术文档整理等工作; 协助对接企业实训项目，跟进学生进度并定期反馈。 3.平台建设 参与建设课程资源库:录制微课视频、编写实验指导书、整理项目案例。 【任职资格】 一、硬性要求： （1）学历经验:计算机相关专业硕士及以上学历(优秀应届毕业生条件可放宽) 或者本科毕业有丰富的工作实践经验可适当放宽 （2）技术基础: 1.熟练掌握服务器虚拟化和云计算相关技术、私有云、混合云解决方案架构，具有腾讯云和百度云经验者优先； 2.掌握基本的网络技术和TCP或IP协议原理； 3.熟悉常见的微服务架构、设计和部署，熟悉Docker、SDN等技术的使用和维护； 4.了解基本的安全技术，如入侵检测、病毒防护、防火墙、VPN； 5.有三年以上云网运维经验 6.能负责智能网络（含SDN/NFV、5G专网、物联网）架构规划 7.持有HCIE/CCIE/CISP等认证优先 二、软性要求： 表达清晰，有耐心，乐于解答技术问题(有博客、开源社区贡献者优先) 责任心强，能承担重复性工作并保持细致 实习或工作期间有做技术分享的经历 加分项 有校内助教、家教或培训机构答疑经验 获得过专业相关比赛的省级以上竞赛奖项 工作地点 云州区大同数据科技职业学院 以担保或任何理由索要财物，扣押证照，均涉嫌违法。一经发现， 立即举报,"网络运维,网络安全,华为认证,CISP认证证书,HCIE,HCIP",http://www.zhaopin.com/jobdetail/CCL1501151400J40912107415.htm?refcode=4019&srccode=401901&preactionid=75083794-02d0-4c10-adf5-a099637201b2
ICT售前技术支持（懂云计算）,万宝盛华企业管理咨询(上海)有限公司大连分公司,1-1.2万,佛山·禅城·祖庙,Guangzhou,本科,3-5年,7月25日,zhilian,职位描述 云服务产品 智慧产品 网络通信设备 云计算 软件/IT服务 通信运营商/电信增值服务 1、云基础设施解决方案方向 （1）参照流程规范，独立完成系统工程方案导入，版本、基线、标准规范的管理及平台化，及系统工程业务需求梳理、架构方案设计与验证等基础性工作； （2）参照流程规范，独立完成云基础设施网络采购中的基础性工作。 （3）在指导下，基于标准化方案负责HLD、BOQ、LLD等方案输出，以及建设自动化工具等工作； （4）协助看护和优化Region技术架构、云基础设施技术方案和建设模式，及局点信息的整理维护与治理； 2、上云及专业服务解决方案方向 （1）按模板和指导，独立完成项目售前技术方案、项目建议书、可研报告、投标文件等的编写与制作等事务性工作； （2）在指导下，独立承担售前流程事务性工作，如项目分析会组织、问题跟踪等； （3）针对基础性问题，可独立完成技术问题的分析与处理，提供技术支持。 （4）协助完成上云/专业服务解决方案开发中流程事务性工作，需求整理、辅助测试、案例知识管理、经验总结整等； （5）在指导下协助完成售前阶段相关工作，如客户交流、需求分析等； （6）协助进行数据可视化工作，如业务报表设计及搭建、维护、临时数据提取、数据监控、数据分析等 任职要求： 1、知识：熟悉云基础知识，或IT基础知识；熟悉解决方案的基础知识 2、技能：能独立完成中小型云基础设施或上云专业服务类项目的技术方案，具备标准解决方案技术支持、赋能培训能力，实现1~N批量复制的能力。可承担导师职责，具备指导其他员工完成制定工作的能力；熟练掌握IT基础设施、云计算、数据库、大数据、安全等某一领域IT技能； 3、能力：学习能力强，抗压能力强，有积极进取的精神，开放、内外部沟通能力良好 工作地点 佛山禅城区万科金融中心-C座10 以担保或任何理由索要财物，扣押证照，均涉嫌违法。一经发现， 立即举报 客户,"云服务产品,智慧产品,网络通信设备",http://www.zhaopin.com/jobdetail/CC880319660J40957851015.htm?refcode=4019&srccode=401901&preactionid=75083794-02d0-4c10-adf5-a099637201b2
信息化开发工程师,北京云帆沧海安全防范技术有限公司,5000-10000元,北京·房山·拱辰,Guangzhou,大专,1-3年,3月31日,zhilian,岗位职责】 一、内部平台搭建（核心）：使用简道云、明道云、氚云或Power Apps等低代码平台，搭建公司内部的项目管理、客户信息库、运维工单流转等系统，实现业务流程的线上化。 二、AI Agent 配合开发：配合公司的核心开发人员，负责AI Agent的前端交互界面搭建，或利用Coze、Dify等平台编排工作流，将大模型能力接入实际业务场景（如智能客服初筛、安全报告自动生成助手等）。 三、流程自动化：利用Power Automate、集简云等工具，打通不同SaaS软件之间的数据，实现数据自动同步和消息提醒，减少团队重复劳动。 四、需求对接与落地：与公司内部业务部门沟通，将他们的纸质化或Excel办公需求，转化为实际可操作的信息化应用。 五、文档编写：记录所搭建平台的配置逻辑和操作手册，方便后续同事维护和使用。 【任职要求】 （一）基础经验：大专及以上学历，计算机或相关专业优先。1年以上开发或项目实施经验。 （二）技术认知：具备基本的代码理解能力（如懂一点Python、JavaScript或SQL），能看懂代码逻辑，便于和开发同事顺畅沟通。 （三）平台能力：对低代码／无代码平台有浓厚兴趣，有实际搭建经验者优先 （四）逻辑思维：逻辑清晰，能把复杂的业务流程梳理清楚，并在平台上配置出来。 （五）协作态度：责任心强，善于沟通，愿意配合团队完成目标。 工作地点 北京房山区绿地诺亚方舟北区-2号楼502 以担保或任何理由索要财物，扣押证照，均涉嫌违法。一经发现， 立即举报,"信息安全,云计算",http://www.zhaopin.com/jobdetail/CC469352710J40918526408.htm?refcode=4019&srccode=401901&preactionid=75083794-02d0-4c10-adf5-a099637201b2
运维支持工程师,杭州湘云信息技术有限公司,5000-10000元,杭州·萧山·闻堰,Guangzhou,大专,1年以下,6月16日,zhilian,职位描述 Java SQL 网络运维 云计算 软件/IT服务 计算机软件 任职要求： 1、计算机、软件相关专业大专以上学历，有相关工作经验者优先，优秀应届毕业生也可。 2、熟悉Windows系统的操作，具有良好的文档编写能力。 3、熟悉Linux类系统的命令端，可进行程序的安装部署。 4、熟悉Nginx、Tomcat等中间件的配置 5、熟悉Sql命令，能进行数据查询等工作 6、具有排查问题的能力，有良好的学习力、执行力、自驱力以及与客户的沟通力 7、富有责任心，性格开朗，有团队合作精神，协助组长完成团队任务 公司福利： 1.社保福利：养老保险 医疗保险 工伤保险 失业保险 生育保险； 2.住房公积金； 3.其他福利：带薪年假、团建聚餐、生日福利、 端午、中秋、春节等传统节假日福利； 工作时间：周一至周五，8：30-17:30 职位福利：五险一金、绩效奖金、股票期权 工作地点 杭州萧山区闻堰街道万达中路127号三江汇谷 以担保或任何理由索要财物，扣押证照，均涉嫌违法。一经发现， 立即举报,"Java,SQL,网络运维",http://www.zhaopin.com/jobdetail/CC601607930J40280018307.htm?refcode=4019&srccode=401901&preactionid=75083794-02d0-4c10-adf5-a099637201b2
it技术支持,卡啦(杭州)网络科技有限公司,8000-12000元·13薪,杭州·拱墅·米市巷,Guangzhou,大专,1-3年,7月25日,zhilian,职位描述 桌面运维 系统运维 网络运维 IT资产管理 云平台运维 技术文档整理 工作职责 1. 负责公司内部IT系统（含云计算平台、办公设备、网络环境）的日常运维与故障排查，确保系统稳定运行。 2. 响应业务部门的技术支持需求，提供软硬件安装、配置及使用指导，快速解决终端设备、网络连接等问题。 3. 协助完成IT资产的管理与维护，包括设备台账更新、系统补丁升级及数据备份等工作。 4. 整理技术支持文档与常见问题库，优化支持流程，提升服务效率。 任职要求 1. 大专及以上学历，计算机相关专业，具备1年以上IT技术支持或运维经验。 2. 熟悉Windows/Linux操作系统，掌握网络基础原理，能独立排查网络故障。 3. 了解云计算基础概念（如虚拟机、容器），有阿里云/腾讯云等云平台使用经验者优先。 4. 具备良好的沟通能力与服务意识，能快速响应并解决问题，抗压能力强。 工作地点 杭州拱墅区武林壹号B区b座 以担保或任何理由索要财物，扣押证照，均涉嫌违法。一经发现， 立即举报 客户,"桌面运维,系统运维,网络运维,IT资产管理,云平台运维,技术文档整理",http://www.zhaopin.com/jobdetail/CC866314460J40876778910.htm?refcode=4019&srccode=401901&preactionid=75083794-02d0-4c10-adf5-a099637201b2
售后网络工程师（交付）,山东中网云安智能科技有限公司,5000-10000元,济南·历下·龙洞,Guangzhou,大专,经验不限,4月22日,zhilian,岗位职责： 1.根据客户的不同需求进行网络规划、配置、调试，并形成实际安装步骤的文字性描述； 2.在完整网络环境下进行网络实施、维护、优化等工作； 3.为系统集成项目提供技术支持，包括：客户交流，需求调研和分析，架构和方案设计，技术方案编写和相关产品安装调试。 任职要求： 1.专科以上学历，计算机网络相关专业； 2. 熟悉路由交换设备，参加过系统学习，通过HCNA、HCNP认证或达到同等水平，具有网络系统实施、维护经验，熟悉政府机关网络结构优先； 3. 熟悉H3C、华为、锐捷等交换机、路由器等设备，具有网络系统实施、维护经验，熟悉政府机关网络结构； 4. 熟悉各种操作系统，如：FreeBSD，Linux，Windows等；参加过系统学习，通过RHCSA认证或达到同等水平； 5. 能熟练配置主流防火墙、网闸、VPN、上网行为、WAF、堡垒机等安全设备； 6. 具有熟练的文档处理能力，包括Word、PPT、VISIO等，有同行业工作经验者优先； 7.党员优先，优秀者可考虑应聘管理人员。 工作地点 济南市历下区龙奥北路8号玉兰广场2号楼20层 以担保或任何理由索要财物，扣押证照，均涉嫌违法。一经发现， 立即举报,软件产品,http://www.zhaopin.com/jobdetail/CC423352730J40602180808.htm?refcode=4019&srccode=401901&preactionid=75083794-02d0-4c10-adf5-a099637201b2
售后支撑中心客服,江苏冬云云计算股份有限公司,4000-7000元,镇江·润州区·金山街道,Guangzhou,大专,经验不限,9月26日,zhilian,职位描述 信息安全 计算机硬件 通信/网络设备 回复处理客户的报障工作，负责监控机房的网络状态，安排好运维任务的派发。 职责： 1、负责IT基础设施的日常运营和维护，包括交换机、服务器、存储、数据库。 2、监控机房网络状况，确保高可用性和稳定性。 3、监控网络流量，正常处理网络故障。 4、编写和维护自动化脚本，提高工作效率。 5、使用公司运维相关工单系统。 该岗位有夜班 需要倒班 工作地点 镇江润州区冬云创新发展中心 以担保或任何理由索要财物，扣押证照，均涉嫌违法。一经发现， 立即举报,信息安全,http://www.zhaopin.com/jobdetail/CC371616530J00429168006.htm?refcode=4019&srccode=401901&preactionid=75083794-02d0-4c10-adf5-a099637201b2
信息技术工程师,河北尚锋物流有限公司,4000-6000元,保定·清苑·清苑镇,Guangzhou,本科,1-3年,7月25日,zhilian,职位描述 OA系统 ERP系统 HR系统 Java 软件/IT服务 计算机软件 1、负责信息化软硬件项目建设，包括需求调研、文档编写、产品甄选、计划实施、培训指导； 2、负责跟踪项目进度，协调各项目成员之间的合作，以及检查监督； 3、负责向各部门宣贯当前最新的IT技术，提升各部门信息化使用水平； 4、负责应用系统运行部署、网络设备调试、服务器管理； 5、负责各类应用系统的故障分析和错误排除； 6、负责为项目提供有针对性的解决方案，并采取各种实际措施，推动解决方案的落实； 7、负责网络工程的规划设计、项目实施、技术支持； 8、负责公司Internet域名、邮箱域名、DNS指向等互联网业务申请、分理和维护； 9、负责视频监控、车辆监控系统管理与维护； 10、负责IT技术、应用系统的不断创新、创造和升级； 11、完成上级交办的其他工作。 薪资模式： 基本工资+岗位工资+加班工资+全勤奖+利润分红 职位权限： 合伙人+经营者+决策者 任职要求： 1、专业：计算机科学与技术、软件工程、信息管理与信息系统、物联网工程、大数据技术与应用、云计算计数与应用等计算机相关专业； 2、具备经营意识、思维和能力； 3、具备自驱力、学习力、探索力、创新力和韧性。 工作地点 保定清苑区河北尚锋物流有限公司协作街26号 以担保或任何理由索要财物，扣押证照，均涉嫌违法。一经发现， 立即举报,"OA系统,ERP系统,HR系统,Java",http://www.zhaopin.com/jobdetail/CC511798920J40643408906.htm?refcode=4019&srccode=401901&preactionid=75083794-02d0-4c10-adf5-a099637201b2
华为技术工程师,新疆云睿信息技术有限公司,7000-9000元,乌鲁木齐·沙依巴克区·西山街道,Guangzhou,大专,1-3年,7月24日,zhilian,岗位职责： 1、负责公司系统集成项目售后维护及华为企业网产品项目实施工作，以数通为主； 2、辅助商务人员根据客户需求进行商务谈判，负责招投标工作及售后跟进处理； 3、建立并维护服务客户关系，收集客户声音、推动解决客户问题，提升客户满意度； 4、辅助客户经理推进销售合同的签订、回款、项目验收等。 二、岗位要求： 1、专科及以上学历，具备2年的IT行业工作经验，有华为相关HCIE证书优先考虑； 2、熟悉项目管理流程，负责信息化集成项目售前支持、文档编制、项目实施，项目交付及项目验收； 3、善于交流，有良好的沟通能力和技能，有创造性有驾驭产品市场的能力、协作能力； 4、能够迅速适应工作环境，工作中具有较强的主动性、积极性与创造性。 三、培养和晋升： 1、华为培训体系：岗前培训+岗中培训+晋升培训+华为专家授课 2、纵向晋升：每年绩优人员可在职级序列、岗位序列内晋升 3、横向转岗：绩优且符合岗位要求人员给予机会转岗至其他岗位 四、薪资与福利  薪资构成：基本工资+岗位工资+绩效工资+奖金 +股权激励  主要福利： 1、五险+公积金 2、多元化激励奖金 3、车补+通讯费补贴 3、节假日关怀、团队建设、文体活动等 具体薪资构成和福利，根据岗位进行匹配，具体以面试签约沟通情况为准。 五、公司简介 新疆云睿信息是华为在新疆战略级合作伙伴，致力于为客户提供最有价值的信息服务。 业务领域涉及金融、医疗、教育、能源、交通、旅游等行业。公司主营业务方向为：云计算、物联网、大数据、人工智能（AI）。 公司是新疆领先的云计算、云服务产品和解决方案提供商；华为企业网BG全产品和解决方案提供商；华为云BG在新疆的总经销商（战略级经销商）、解决方案提供商、CSSP伙伴；华为企业网BG新疆唯一授权服务中心（ASC）。 工作地点 沙依巴克区乌鲁木齐经济技术开发区新疆软件园创智大厦A座22层2211室 以担保或任何理由索要财物，扣押证照，均涉嫌违法。一经发现， 立即举报,"硬件产品,HCIP,HCIE",http://www.zhaopin.com/jobdetail/CC847068280J40165832812.htm?refcode=4019&srccode=401901&preactionid=75083794-02d0-4c10-adf5-a099637201b2
信息技术部副经理,云南中云投资有限公司,1-1.5万,昆明·五华·华山,Guangzhou,本科,5-10年,7月24日,zhilian,岗位职责： 1、协助部门经理开展信息技术部日常管理工作，具体负责服务器、防火墙、路由器、交换机等硬件设备的日常运维、故障排查与性能调优，确保基础设施稳定可靠； 2、主导公司各业务软件系统（含ERP、OA、CRM等）的具体实施、二次开发对接与日常维护，保障公司办公网络、业务系统及数据存储的持续稳定运行； 3、协助经理制定,"OA系统,ERP系统,Java,Python,Shell,Linux",http://www.zhaopin.com/jobdetail/CC180309020J40883344905.htm?refcode=4019&srccode=401901&preactionid=75083794-02d0-4c10-adf5-a099637201b2
售后技术支持（外企直聘，13薪，双休）,聚思鸿信息技术服务(大连)有限公司,3000-5000元·13薪,大连·甘井子·凌水,Guangzhou,大专,经验不限,3月15日,zhilian,岗位职责： 1.为客户处理账户账单问题，提供高质量的产品技术支持及售后咨询服务 2.通过接听电话帮助客户解决问题 3.根据流程规定，准确记录客户诉求、问题故障以及解决方案 4.与其他业务线同事沟通，转接或升级问题 5.团队内的日常行政或报表等特殊安排。 工作地点 大连市-甘井子区-凌水街道大连腾飞园区 以担保或任何理由索要财物，扣押证照，均涉嫌违法。一经发现， 立即举报,"普通话标准流利,电话客服",http://www.zhaopin.com/jobdetail/CC620432920J40422841816.htm?refcode=4019&srccode=401901&preactionid=75083794-02d0-4c10-adf5-a099637201b2
网络安全产品售前工程师,江西渝融云安全科技有限公司,4000-5000元,新余·渝水区·观巢镇,Guangzhou,大专,3-5年,6月26日,zhilian,岗位职责： • 负责客户需求分析，提供技术解决方案及产品演示； • 协同销售团队完成项目投标及技术文档编写； • 收集市场反馈，推动产品功能优化与迭代。 任职要求： • 大专及以上学历，男女不限； • 3年以上网络安全行业经验，熟悉主流安全产品； • 具备较强的技术沟通能力及客户需求洞察力； • 党员优先，工作积极主动，抗压能力强。 福利待遇 • 具体薪资面议； • 五险一金、带薪年假、节日福利； • 定期培训、技术交流及职业晋升通道； • 舒适办公环境，团队氛围融洽。 工作地点 新余渝水区科创芯孵化产业园1号楼10楼 以担保或任何理由索要财物，扣押证照，均涉嫌违法。一经发现， 立即举报,软件产品,http://www.zhaopin.com/jobdetail/CCL1242077810J40828145013.htm?refcode=4019&srccode=401901&preactionid=75083794-02d0-4c10-adf5-a099637201b2
技术支持（驻场某运营商）,北京神州数字科技有限公司,8000-14000元,厦门·集美·杏林,Guangzhou,本科,1-3年,7月24日,zhilian,"岗位职责： 1、客户工单与客户群响应处理，为客户使用天翼云提供技术支持，包含问题解决、需求处理、咨询顾问与技术指导; 2、配置和部署云计算服务器，应用、维护云计算相关产品( CDN 、边缘安全、零信任、边缘计算、存储、Al 、大数据等）; 3、监控和维护云资源池网络、服务器，并进行故障处理。 任职要求： 1、本科及以上计算机相关专业； 2、了解操作系统原理，熟悉 Linux （或 Windows ）系统及配置、管理； 3、掌握 web 服务及 DNS 原理，熟悉 web 、 Bind 等服务的架设与管理； 4、熟悉 TCP / IP 网络原理，掌握路由、 IP 管理；熟悉数据原理，掌握 MySql 的使用与管理； 5、掌握 Linux 下脚本编程，至少掌握 python , shell中的一种； 6、了解网络安全、服务器安全； 7、思维清晰，逻辑分析能力较强，有主动学习习惯； 8、责任心强、工作严谨，遵守流程，能主动分析、跟踪问题； 9、沟通良好，有客户服务意识和团队协作精神。 10、可接受7*24三班倒工作制。 工作地点 厦门软件园三期厦门集美区厦门软件园三期B区软件园三期B21 以担保或任何理由索要财物，扣押证照，均涉嫌违法。一经发现， 立即举报",linux,http://www.zhaopin.com/jobdetail/CCL1280870410J40767511206.htm?refcode=4019&srccode=401901&preactionid=75083794-02d0-4c10-adf5-a099637201b2
IT技术助理,北京诺康莱科技信息有限责任公司,6000-8000元,北京·大兴·荣华街道,Guangzhou,本科,经验不限,7月14日,zhilian,岗位职责： · 负责网站开发、应用开发相关工作，使用Git进行版本控制（含代码提交、分支管理、冲突解决等），根据需求完成代码编写、调试、优化及上线部署。 · 运用MySQL进行数据查询优化、数据备份及日常维护，保障数据安全与高效运行。 · 基于ollama、主流大模型开展AI相关开发工作，结合AI Coding提升开发效率，搭建适配业务的AI工作流，实现AI业务高效落地。 · 负责Coze工作流的搭建、配置、优化及落地，联动AI大模型、RAG/MCP/Skills等相关模块，衔接业务需求与技术实现，保障AI工作流高效顺畅运行。 · 熟练运用相关技术完成PowerBI数据可视化开发、配置，支撑业务数据展示与分析需求。 · 负责AI相关的RAG（检索增强生成）、MCP（模型上下文协议）及Skills模块的开发、部署与优化，结合业务场景梳理技术实现方案，完成功能开发、测试调试及后期问题排查与迭代优化，支撑AI业务顺畅推进，契合ollama及主流大模型的应用需求。 · 配合团队完成需求评审、技术方案讨论，对接前后端协同开发，使用接口调试工具完成联调，跟进项目进度，及时解决开发过程中的各类技术问题。 · 关注技术迭代，主动引入合适的新技术、新方法，优化现有系统性能与开发流程，熟练运用对应IDE开发工具，独立完成开发、测试环境配置。 任职要求： · 编程语言：掌握PHP、HTML、Python、JAVA中的至少两种开发语言，具备扎实的代码功底和编程思维，熟练使用对应IDE开发工具（如VS Code、IDEA等）。 · 核心技能：掌握MySQL数据库操作与优化，熟悉ollama部署与使用，了解主流大模型特性及应用场景，具备AI Coding实操能力；熟练使用Git进行版本控制，掌握基础的接口调试方法（如Postman）；熟悉Coze工作流的搭建、配置与应用逻辑，能联动AI相关技术实现业务落地。 · 业务能力：具备网站开发、应用开发、PowerBI数据可视化、AI工作流（含Coze工作流）搭建相关经验，能够独立完成对应模块开发，具备良好的前后端协同联调能力，可联动Coze工作流实现AI业务与常规开发业务的衔接。 · 相关技术：了解或熟悉AI领域RAG（检索增强生成）、MCP（模型上下文协议）及Skills相关技术与实现逻辑，掌握其核心应用方法。 · 能够快速完成相关模块的开发、部署与落地，适配Coze工作流及AI工作流整体搭建需求。 综合素质：具备良好的沟通协调能力、问题解决能力和团队协作精神，工作认真负责，有较强的学习能力，能独立配置开发、测试环境。 工作地点 北京大兴区亦城财富中心1号楼30层3002 以担保或任何理由索要财物，扣押证照，均涉嫌违法。一经发现， 立即举报,"系统维护,IT设备维护,机房服务器维护,网络维护",http://www.zhaopin.com/jobdetail/CCL1515192420J40932788608.htm?refcode=4019&srccode=401901&preactionid=75083794-02d0-4c10-adf5-a099637201b2
网络技术,杭州宥瑞网络科技有限公司,7000-13000元·13薪,杭州·拱墅·湖墅,广州,大专,经验不限,7月26日,zhilian,职位描述 网络管理 网络安全 网络架构优化 网络故障排查 云计算网络 工作职责： 1. 负责公司网络架构的设计、部署与优化，保障在线教育平台的稳定运行。 2. 监控网络性能指标，快速定位并解决网络故障，确保教学业务的连续性。 3. 参与数据中心网络规划，制定安全策略，防范网络攻击与数据泄露风险。 4. 对接业务部门需求，提供网络技术支持，推动教学场景的技术落地。 任职要求： 1. 本科及以上学历，计算机、网络工程等相关专业，基础扎实。 2. 3年以上网络技术经验，精通路由交换、防火墙、VPN等网络设备配置。 3. 熟悉TCP/IP协议栈，具备网络故障排查与性能优化能力。 4. 了解云计算网络架构（如AWS/Azure/阿里云）者优先。 5. 具备良好的沟通能力与问题解决能力，能快速响应业务需求。 工作地点 杭州市-拱墅区-长乐路97号103 以担保或任何理由索要财物，扣押证照，均涉嫌违法。一经发现， 立即举报,"网络管理,网络安全,网络架构优化,网络故障排查,云计算网络",http://www.zhaopin.com/jobdetail/CCL1526160400J40833632116.htm?refcode=4019&srccode=401901&preactionid=7466a387-2ee4-4f90-8df6-b36b8cc77dbf
IT技术支持,铁蜻蜓(成都)科技有限公司,1-1.5万,杭州·上城·笕桥,广州,学历不限,经验不限,7月25日,zhilian,职位描述 软件运维 网络运维 售后支持 Java C++ Python 云计算 信息安全 软件/IT服务 岗位内容： 1. 为客户提供一线/二线技术支持，包括故障排除、应用问题解决、网络设置等。 2. 协助团队完成IT项目的实施和部署工作，包括硬件设备的安装、软件应用的配置等。 3. 撰写技术文档、培训材料和操作手册，以推动技术知识共享。 任职要求： 1. 具备计算机或相关专业背景，熟悉基本的计算机硬件和软件知识。 2. 精通Windows/Linux系统，熟悉Shell或批处理脚本编程。 3. 能够快速学习各种应用软件，如数据库、Web服务器、虚拟化等。 4. 具备优秀的沟通能力和团队协作精神，对服务质量有较高要求。 工作地点 杭州上城区万事利科技大厦 以担保或任何理由索要财物，扣押证照，均涉嫌违法。一经发现， 立即举报,"软件运维,网络运维,售后支持,Java,C++,Python",http://www.zhaopin.com/jobdetail/CCL1510869120J40881102405.htm?refcode=4019&srccode=401901&preactionid=7466a387-2ee4-4f90-8df6-b36b8cc77dbf
实习初级系统工程师(J23279),神州数码（中国）有限公司,130-200元/天,济南·历下·龙洞,广州,大专,经验不限,7月23日,zhilian,岗位职责: 1、负责所在业务产品的售前技术支持工作，包括客户交流、方案编写、配置报价、投标应标、测试等； 2、与厂商相关人员建立和保持良好的关系，相互配合，提高项目成功率和厂商满意度。 3、配合部门销售把控好项目动向，及时沟通和反馈人员和项目变化情况。 4、了解厂商、渠道需求，做好对渠道技术人员进行产品和技术知识的普及和提升培训。 5、保持良好的学习状态，紧跟技术发展，完成各阶段的技能认证和提升要求。 6、按时、按质、按量完成公司总部下发的季度MBO任务（涉及资质、能力提升等）。 任职要求: 1、计算机、电子信息、通信等相关专业，即日起可开始实习； 2、至少熟悉华为、华三、思科等主流品牌之一的数通安全产品和技术情况。 3、具备良好的理解、沟通能力，有面向客户的售前经验者/培训宣讲经验者更佳。 4、熟悉TCP/IP协议，熟悉数据通信原理，熟悉动态路由协议、VPN技术等基本网络技术；对华为交换机、WLAN、路由器、防火墙等具体设备有项目实施或调试经验者优先。 工作地点 历下区济南市高新区龙奥金座1号楼16层经十路8000号 以担保或任何理由索要财物，扣押证照，均涉嫌违法。一经发现， 立即举报,"网络通信设备,华为",http://www.zhaopin.com/jobdetail/CC000067670J40911292703.htm?refcode=4019&srccode=401901&preactionid=616cd5c9-0add-4965-9a51-88f0c81da7b2
ERP技术/应用,湖北威泰斯石化设备制造有限公司,1.1-1.2万,武汉·汉南·纱帽,广州,本科,1-3年,7月26日,zhilian,职位描述 软件/IT服务 云计算 工作职责 1. 负责公司ERP系统的日常运维与技术支持，保障系统稳定运行。 2. 深入理解制造业业务流程（如生产计划、物料管理、成本核算），基于ERP系统进行流程优化与功能配置。 3. 对接业务部门需求，完成ERP系统的二次开发与定制化功能实现，提升系统适配性。 4. 制定ERP系统操作规范与培训文档，组织内部用户培训，推动系统高效使用。 任职要求 1. 本科及以上学历，计算机、信息管理或相关专业，具备扎实的IT基础。 2. 拥有2年以上ERP系统（如SAP、用友、金蝶等）实施或运维经验，熟悉制造业ERP模块优先。 3. 掌握SQL数据库操作，具备一定的编程能力（如Python、ABAP），能独立完成简单的二次开发任务。 4. 具备良好的业务理解能力与跨部门沟通能力，能快速响应业务需求并提供技术解决方案。 工作地点 武汉汉南区汉武国际城 以担保或任何理由索要财物，扣押证照，均涉嫌违法。一经发现， 立即举报,云计算,http://www.zhaopin.com/jobdetail/CCL1526779370J40864938311.htm?refcode=4019&srccode=401901&preactionid=616cd5c9-0add-4965-9a51-88f0c81da7b2
技术服务实习生（武汉）,上海华讯网络系统有限公司,150-200元/天,武汉·江岸,广州,本科,经验不限,3月9日,zhilian,职位描述 实习证明 信息安全 通信/网络设备 云计算 工作内容： 运用路由、交换、安全、可编程网络等技术，为客户提供网络系统平台的设计、实施、维护、优化等专业技术服务。 专业能力要求： -计算机、软件、网络、通信、信息安全、大数据、物联网等相关专业2026届、2027届本科生； -成绩优秀，英语良好； -对所应聘职位有浓厚兴趣和专业基础； -具有良好的沟通和表达能力； -积极乐观，主动好学。 工作地点 武汉江岸区环球智慧中心26层2-6单元 以担保或任何理由索要财物，扣押证照，均涉嫌违法。一经发现， 立即举报,"实习证明,信息安全,云计算",http://www.zhaopin.com/jobdetail/CC000420630J40987898404.htm?refcode=4019&srccode=401901&preactionid=4d5376e9-92bd-435e-85dd-543c34d6f0e5
网络空间安全技术研究岗,航空工业信息中心,2-4万,北京·朝阳·小关,广州,本科,3-5年,7月26日,zhilian,"岗位职责】 1、从事国内外信息技术在网络安全领域相关应用的跟踪研究； 2、开展网络安全治理体系、防护架构、代码安全等方面的研究，形成相关研究成果； 3、开展网络安全应用防护研究、网络攻防与渗透研究以及相关的攻防实战与安全服务； 4、开展网络安全性评估、检测与分析、风险评估、代码安全审计等工作； 5、基于网络安全防护趋势，开展相关安全防护产品的研发，并完成相关工程应用实践； 6.开展相关安全技术研究,申报并完成相关科研项目; 7.开展安全实验室和xx测评中心的相关建设。 【岗位要求】 1、具备信息技术、数据库、操作系统、网络组网和网络安全基础知识,掌握云计算、大数据、人工智能等方面的技能者优先； 2、具备一定的编程能力，掌握一般应用系的基本架构、系统集成原理等； 3、熟悉常见的网络分析和渗透测试工具，具有渗透测试技术者优先； 4、具有较好的沟通交流及文字写作能力。 工作地点 北京朝阳区中航发展大厦B座 以担保或任何理由索要财物，扣押证照，均涉嫌违法。一经发现， 立即举报",信息安全,http://www.zhaopin.com/jobdetail/CC539182920J40877852314.htm?refcode=4019&srccode=401901&preactionid=4d5376e9-92bd-435e-85dd-543c34d6f0e5
IT技术支持,铁蜻蜓(成都)科技有限公司,1-1.5万,广州·黄埔·联和,广州,学历不限,经验不限,7月25日,zhilian,职位描述 软件运维 网络运维 售后支持 Java C++ Python 云计算 信息安全 软件/IT服务 岗位内容： 1. 为客户提供一线/二线技术支持，包括故障排除、应用问题解决、网络设置等。 2. 协助团队完成IT项目的实施和部署工作，包括硬件设备的安装、软件应用的配置等。 3. 撰写技术文档、培训材料和操作手册，以推动技术知识共享。 任职要求： 1. 具备计算机或相关专业背景，熟悉基本的计算机硬件和软件知识。 2. 精通Windows/Linux系统，熟悉Shell或批处理脚本编程。 3. 能够快速学习各种应用软件，如数据库、Web服务器、虚拟化等。 4. 具备优秀的沟通能力和团队协作精神，对服务质量有较高要求。 工作地点 黄埔区光宝广州科技园区 以担保或任何理由索要财物，扣押证照，均涉嫌违法。一经发现， 立即举报,"软件运维,网络运维,售后支持,Java,C++,Python",http://www.zhaopin.com/jobdetail/CCL1510869120J40881102105.htm?refcode=4019&srccode=401901&preactionid=4d5376e9-92bd-435e-85dd-543c34d6f0e5
网络技术工程师,沈阳星拓科技有限公司,1.2-2.4万·14薪,深圳·龙岗·平湖,广州,大专,经验不限,6月16日,zhilian,职位描述 信息安全 通信/网络设备 计算机软件 岗位内容： 1. 负责公司网络环境的设计、搭建和维护，确保网络服务的正常运行。 2. 配置和管理相关的网络设备和服务，例如路由器、交换机、防火墙等。 3. 检测和分析网络上的安全风险，制定相应的安全策略和措施。 4. 持续推动网络运维自动化和效率的提升。 任职要求： 1. 具备网络工程师相关的工作经验，对网络原理和体系结构有较深入的了解。 2. 熟悉常见的网络设备和服务的配置和管理，有一定的网络安全知识。 3. 具备解决问题和推动项目的能力，能够与团队成员有效合作。 4. 认真负责，能够适应较大压力的工作环境。 奖金绩效 五险一金带薪休假 工作地点 深圳龙岗区宏电大厦 以担保或任何理由索要财物，扣押证照，均涉嫌违法。一经发现， 立即举报,信息安全,http://www.zhaopin.com/jobdetail/CCL1515009310J40816787901.htm?refcode=4019&srccode=401901&preactionid=4d5376e9-92bd-435e-85dd-543c34d6f0e5
成都地铁-17、18、19号线-专用通信系统-检修工,四川良哲信息技术服务有限公司,4000-5000元·13薪,成都·武侯·华兴,广州,大专,1-3年,7月2日,zhilian,职位描述 地铁 通信系统 轨道交通检修 通信/网络设备 岗位名称 成都地铁-17、18、19号线-专用通信系统-检修工 项目范围： （1）9号线一期公安通信系统、通信电源屏及UPS、通信MSO设备； （2）17号线一二期通信系统（含公安通信系统）； （3）18号线一二三期通信系统（含公安通信系统）； （4）19号线一二期通信系统（含公安通信系统）； （5）安防系统。 工作对象： 项目范围内某一条线的通信系统的设备 工作内容： 日常巡检、保养与维修、运行值班、设备监控、隐患整改、故障响应处理、配合监护、材料备件运输、设备资产清查、应急抢险、应急处置、区域保驾、专项排查、仪器仪表定期送检、等保测评（含专用通信、公安通信）等各项维保工作。 工作地点： 根据岗位安排可能分布在工作范围内相关站点，有工班值班室，不是长时间在户外。 学历及工作经验要求： （1）专科及以上学历，计算机、电子信息、通信、网络安全、自动化等专业； （2）1-3年工作经验，有轨道交通专用通信系统维护工作经验优先； （3）持有低压电工作业特种作业操作证、高处作业特种作业操作证优先； （4）持有华为/H3C等厂家中级技术服务认证，通信专业技术人员职业水平证书优先。 工作时间： （1）日间岗8小时工作制，双休，如安排夜间加班，安排调休。 （2）值班岗是“白-夜-休-休”每四天一个倒换，第一天“9:00-17:00”工作，第二天“17:00-次日9点”工作，第三天“9:00-24:00”休息，第四天“00:00-24:00”休息。所有新入职员工，均要经历值班岗锻炼，一定有夜班。夜班不是睡觉接电话，是按计划进行设备检修或针对故障进行处置等运维工作。 （3）加班调休：依法依规工时统计，日间岗夜班后安排调休。值班岗加班后安排调休。优先安排调休，调休未弥补的加班工时按相关规定结算加班费。 （4）维修工班分布成都轨道9号线、17号线、18号线、19号线控制中心及车站。具体工作地点由项目根据实际情况安排。 专业技能要求： 熟悉城市轨道交通专用通信系统。了解地铁专用通信系统的构成，了解各子系统（传输、公务电话、专用电话、专用无线通信、广播、视频监控、视频会议、时钟、集中告警、办公自动化、电源及接地、乘客信息系统、集中录音等）的作用，常见的系统架构和设备构成。 职业发展通道： 维护维修工程师→维护维修工班长→系统专业工程师→系统专业负责人（专项产品技术专家）→车间副主任→车间主任。 薪酬福利： （1）维修工程师： 专科（有技术和行业经验）：4500；试用期6个月，试用期95折； 本科（应届或无行业经验）：4500；试用期6个月，试用期95折； 本科（有技术和行业经验）：5000；试用期6个月，试用期9折； （2）加班调休：依法依规工时统计，日间岗夜班后安排调休。值班岗加班后安排调休。优先安排调休，调休未补的加班工时按规定结算加班费。 （3）调薪机制：工作满一年后每年有一次调薪机会；表现突出有调薪机会；重大贡献有激励机制。在完成基本工作基础上，有其他突出贡献，有奖励机制。 社会福利保障 （1）五险：基本养老保险、基本医疗保险、失业保险、工伤保险、生育保险（生育险已并入基本医疗保险） （2）一金：住房公积金 （3）按基础工资缴纳，公司缴纳公司部分，个人按国家规定从个人收入中缴纳个人部分 假勤管理： （1）有考勤制度，有假勤管理。 （2）有：年假、婚假、产假、丧假。 （3）没有：夜班补贴、高温补贴、烤火费。 合同模式： 签订正式劳动合同（含试用期） 奖金绩效 13薪按上年度实际工作月份占全年12个月的比例折算计发。 工作地点 成都市-武侯区-簇桥后街199号17/18/19号线专用通信检修工班 以担保或任何理由索要财物，扣押证照，均涉嫌违法。一经发现， 立即举报,"地铁,通信系统,轨道交通检修",http://www.zhaopin.com/jobdetail/CCL1308569880J40848536509.htm?refcode=4019&srccode=401901&preactionid=4d5376e9-92bd-435e-85dd-543c34d6f0e5
自动化测试技术员,重庆简工人力资源服务有限公司,8000-10000元,贵阳·云岩,广州,大专,1-3年,7月26日,zhilian,职位描述 Java Python Windows Linux MacOS 云计算 工作职责： 1. 负责公司软件产品的自动化测试方案设计与执行，搭建并维护自动化测试框架。 2. 编写、优化自动化测试用例，覆盖功能、接口及性能测试场景，提升测试覆盖率。 3. 与开发团队协作，参与需求评审与缺陷跟踪，推动问题高效解决。 4. 持续优化测试流程，引入新工具与技术，提升团队整体测试效率。 任职要求： 1. 大专及以上学历，计算机相关专业，1年以上自动化测试经验。 2. 精通至少一种自动化测试工具（如Selenium、Appium、Postman），熟悉Python/Java等编程语言。 3. 掌握接口测试、UI测试的核心方法，具备测试用例设计与缺陷分析能力。 4. 具备良好的沟通能力与团队协作精神，能快速融入项目节奏。 补充说明 1. 福利：包吃住 工作地点 新城玺樾台贵州省贵阳市云岩区黎苏路与马王路交叉口 以担保或任何理由索要财物，扣押证照，均涉嫌违法。一经发现， 立即举报 客户,"Java,Python,Windows,Linux,MacOS",http://www.zhaopin.com/jobdetail/CCL1520840930J40953130308.htm?refcode=4019&srccode=401901&preactionid=4d5376e9-92bd-435e-85dd-543c34d6f0e5
【大厂外包】400售前岗（IT/数通产品售前助理）,河南诚猎人力资源有限公司,7000-11000元·14薪,成都·武侯·桂溪,广州,本科,1-3年,6月22日,zhilian,职位描述 数通 HCIP HCIE 通信/网络设备 云计算 IT相关方向 岗位要求： （1）熟悉服务器、存储、虚拟化和云计算、视频会议、行业感知等相关技术知识，了解计算、存储、智能协作等相关产品者优先 （2）普通话标准，口齿清晰，语言表达能力良好，沟通交流能力较强，且具备较强的学习、应变和抗压能力，工作态度细致认真，能够长期稳定工作 （3）HCIP、HCIE或其他相关产品领域认证证书者优先 数通网络安全方向 岗位要求： （1）熟悉路由、交换、网络安全、传输/接入相关技术知识，了解交换机、路由器、防火墙、传输、接入等相关产品者优先 （2）普通话标准，口齿清晰，语言表达能力良好，沟通交流能力较强，且具备较强的学习、应变和抗压能力，工作态度细致认真，能够长期稳定工作 （3）HCIP、HCIE或其他相关产品领域认证证书者优先 工作地点 成都武侯区易上·OCG国际中心. 以担保或任何理由索要财物，扣押证照，均涉嫌违法。一经发现， 立即举报 客户,"数通,HCIP,HCIE",http://www.zhaopin.com/jobdetail/CCL1483514250J40862901610.htm?refcode=4019&srccode=401901&preactionid=4d5376e9-92bd-435e-85dd-543c34d6f0e5
实习初级系统工程师(J22080),神州数码（中国）有限公司,120-150元/天,南宁·青秀·南湖,广州,大专,经验不限,3月2日,zhilian,岗位职责: 1.负责所在业务产品的售前技术支持工作，包括客户交流、方案编写、配置报价、投标应标、测试等； 2.与厂商相关人员建立和保持良好的关系，相互配合，提高项目成功率和厂商满意度。 3.配合部门销售把控好项目动向，及时沟通和反馈人员和项目变化情况。 4.了解厂商、渠道需求，做好对渠道技术人员进行产品和技术知识的普及和提升培训。 5.保持良好的学习状态，紧跟技术发展，完成各阶段的技能认证和提升要求。 6.按时、按质、按量完成公司总部下发的季度MBO任务（涉及资质、能力提升等）。 任职要求: 1、计算机、电子信息、通信等相关专业。 2、至少熟悉华为、华三、思科等主流品牌之一的数通安全产品和技术情况。 3、具备良好的理解、沟通能力，有面向客户的售前经验者/培训宣讲经验者更佳。 4、熟悉TCP/IP协议，熟悉数据通信原理，熟悉动态路由协议、VPN技术等基本网络技术；对华为交换机、WLAN、路由器、防火墙等具体设备有项目实施或调试经验者优先。 工作地点 南宁青秀区龙光世纪中心2号楼中柬路8号龙光世纪2号楼第35层3522、3523号房 以担保或任何理由索要财物，扣押证照，均涉嫌违法。一经发现， 立即举报,网络通信设备,http://www.zhaopin.com/jobdetail/CC000067670J40876980603.htm?refcode=4019&srccode=401901&preactionid=01483d0a-ec0f-4ab9-bd2b-bde4bafc4ab5
IT技术支持,铁蜻蜓(成都)科技有限公司,1-1.5万,大连·甘井子·凌水,广州,学历不限,经验不限,7月25日,zhilian,职位描述 软件运维 网络运维 售后支持 Java C++ Python 云计算 信息安全 软件/IT服务 岗位内容： 1. 为客户提供一线/二线技术支持，包括故障排除、应用问题解决、网络设置等。 2. 协助团队完成IT项目的实施和部署工作，包括硬件设备的安装、软件应用的配置等。 3. 撰写技术文档、培训材料和操作手册，以推动技术知识共享。 任职要求： 1. 具备计算机或相关专业背景，熟悉基本的计算机硬件和软件知识。 2. 精通Windows/Linux系统，熟悉Shell或批处理脚本编程。 3. 能够快速学习各种应用软件，如数据库、Web服务器、虚拟化等。 4. 具备优秀的沟通能力和团队协作精神，对服务质量有较高要求。 工作地点 大连甘井子区科技园大厦-C座 以担保或任何理由索要财物，扣押证照，均涉嫌违法。一经发现， 立即举报,"软件运维,网络运维,售后支持,Java,C++,Python",http://www.zhaopin.com/jobdetail/CCL1510869120J40881102805.htm?refcode=4019&srccode=401901&preactionid=01483d0a-ec0f-4ab9-bd2b-bde4bafc4ab5
it信息专员,捷胜海洋工程装备有限公司,6000-7000元,舟山·岱山县·东沙镇,广州,大专,3-5年,7月19日,zhilian,职位描述 云计算 信息安全 软件/IT服务 计算机软件 1. 熟悉TCP/IP协议，掌握交换机、路由器、防火墙等设备的配置与调试方法。 2. 具备Windows Server、Linux等服务器系统的运维经验，能熟练搭建文件、数据库等服务。 3. 了解数据备份技术（如快照、增量备份），掌握至少一种数据库（如MySQL、SQL Server）的基础管理。 4. 具备网络故障排查能力，能快速定位并解决网络卡顿、断连、IP冲突等常见问题。 5. 熟悉网络安全基础知识，掌握病毒查杀、漏洞扫描、权限管理等安全防护手段。 6. 能熟练使用Office办公软件，具备基础的脚本编写能力（如Python、BAT）者优先。 经验要求 1. 具备3年以上网络管理及IT办公设备运维相关经验。 2. 持有网络工程师、华为、思科等相关网络证书者优先。 工作地点 舟山岱山县捷胜海洋工程装备有限公司 以担保或任何理由索要财物，扣押证照，均涉嫌违法。一经发现， 立即举报,"云计算,信息安全",http://www.zhaopin.com/jobdetail/CCL1441829080J40834284705.htm?refcode=4019&srccode=401901&preactionid=01483d0a-ec0f-4ab9-bd2b-bde4bafc4ab5
售前工程师,上海骥章信息科技有限公司,6000-12000元,上海·嘉定·江桥,广州,大专,1-3年,5月17日,zhilian,岗位职责: 1.协助处理服务器、存储、云计算相关问题; 2.可以独立/配合高级工程师完成产品或解决方案的POC工作; 3.可以独立撰写、输出交付过程资料; 4.每日输出工作日志，重点交付项目需输出项目日报; 5.交付过程中遇到问题要及时跟踪及反馈，在相应日报里描述问题进展及处理况; 6.负责与客户的沟通管理、提高客户满意度; 7.积极参与项目交付或设备调试工作; 任职资格: 1.专科及以上学历，计算机相关专业，诚实正直 2.有上进心，性格开朗，对待工作积极热情，有责任心 3.了解IT行业相关设备及产品，包括但不限于服务器、存储、云计算等;了解华为云桌面、虚拟化等； 4.上海户口优先考虑 员工福利： 五险一金、带薪年假、节日福利、通讯补贴、餐补、旅游团建活动、年终奖 工作地点 上海嘉定区巧帛人文原地A栋201室 以担保或任何理由索要财物，扣押证照，均涉嫌违法。一经发现， 立即举报,云计算,http://www.zhaopin.com/jobdetail/CCL1499496960J40784200208.htm?refcode=4019&srccode=401901&preactionid=01483d0a-ec0f-4ab9-bd2b-bde4bafc4ab5
技术服务实习生（南京）,上海华讯网络系统有限公司,150-200元/天,南京·鼓楼·华侨路,广州,本科,经验不限,7月21日,zhilian,职位描述 可转正 实习证明 软件产品 硬件产品 通信/网络设备 软件/IT服务 云计算 工作内容： 运用云计算、网络、安全等相关技术，为客户提供覆盖多技术栈的信息系统平台架构设计服务、项目实施并参与多厂商协同的系统集成与性能调优工作，确保项目成功交付和客户满意。 招聘专业及要求： - 计算机、软件、网络、通信、信息安全、大数据、物联网等相关专业2027届本科和硕士毕业生； - 成绩优秀，英语良好； - 对所应聘职位有浓厚兴趣和专业基础； - 具有良好的沟通和表达能力； - 积极乐观，主动好学。 工作地点 鼓楼区南京世界贸易中心西楼1051-1057单元 以担保或任何理由索要财物，扣押证照，均涉嫌违法。一经发现， 立即举报,"软件产品,硬件产品",http://www.zhaopin.com/jobdetail/CC000420630J41023441004.htm?refcode=4019&srccode=401901&preactionid=01483d0a-ec0f-4ab9-bd2b-bde4bafc4ab5
通信技术工程师助理,山西飞马数据科技有限公司,7000-14000元,武汉·洪山·关山,广州,本科,经验不限,10月20日,zhilian,职位描述 测试 无线通信 C++ 岗位内容： 1. 设计、测试、维护和优化通信系统的各种硬件和软件组件。 2. 熟悉无线通信、网络安全和互联网协议。 3. 使用模拟和数字仿真工具对设备进行性能评估和验证。 4. 客户支持和问题解决。 任职要求： 1. 本科及以上学历，通信、电子工程等相关专业背景。 2. 熟悉通信产品和系统开发流程。 3. 熟悉C/C++或Python等编程语言。 4. 熟练掌握常用电子元器件和仪器的使用方法。 工作地点 武汉市-洪山区-关山街道光谷商圈珞喻路887号 以担保或任何理由索要财物，扣押证照，均涉嫌违法。一经发现， 立即举报,"测试,无线通信,C++",http://www.zhaopin.com/jobdetail/CCL1390472480J40894000408.htm?refcode=4019&srccode=401901&preactionid=d1b2e56d-4d19-4d8f-8c8f-1363fd26b47c
研发助理工程师,深圳市合和村科技有限公司,6000-7000元,深圳·龙华·民治,广州,大专,1-3年,7月21日,zhilian,职位描述 IT设备维护 资料管理 系统维护 研发助理 大模型 测试助理 人工智能 云计算 软件/IT服务 通信/网络设备 工作职责： 1. 协助研发工程师完成项目模块的编码实现、单元测试及文档编写工作。 2. 参与技术需求分析与方案讨论，提供可行性建议并跟进落地。 3. 负责日常技术问题的排查与解决，保障研发流程的高效运转。 4. 协助维护代码仓库与技术文档，确保版本管理的规范性。 任职要求： 1. 大专及以上学历，计算机科学、软件工程等相关专业。 2. 掌握至少一种主流编程语言（如Java、Python、C++），熟悉基础数据结构与算法。 3. 具备良好的逻辑思维能力与问题分析能力，能独立完成简单功能模块的开发。 4. 学习能力强，对新技术有探索精神，具备团队协作意识与沟通能力。 工作地点 深圳龙华区融创智汇大厦14层 以担保或任何理由索要财物，扣押证照，均涉嫌违法。一经发现， 立即举报,"IT设备维护,资料管理,系统维护,研发助理,大模型,测试助理",http://www.zhaopin.com/jobdetail/CCL1515639610J40865981007.htm?refcode=4019&srccode=401901&preactionid=d1b2e56d-4d19-4d8f-8c8f-1363fd26b47c
ERP专员,海瑞弗云计算(江西)有限公司,4000-6000元,赣州·大余县·南安镇,广州,大专,1-3年,7月6日,zhilian,职位描述 ERP 系统运维 云计算 工作职责： 1、负责金蝶K3系统的实施、运维、升级等工作； 2、对公司计算机硬件系统进行实施与维护； 3、公司其他部门新系统上线技术方案、协助上线安装调试和实施运维； 4、解答使用部门的疑问并解决相关问题； 5、新系统或新功能上线及升级的必要培训和讲解说明； 6、信息化系统使用的监督，重要数据的备份、保护数据安全； 任职资格： 1、信息管理、财务、计算机等专业背景，本科以上学历，接受应届生; 2、熟悉sqlserver数据库，常用生产、采购、财务软件和企业会计流程; 3、有ERP、财务软件实施相关经验者优先考虑; 4、熟悉金蝶者优先考虑; 5、良好的沟通能力，团队协作意识，责任心强; 工作地点 赣州大余县新华工业小区 以担保或任何理由索要财物，扣押证照，均涉嫌违法。一经发现， 立即举报,"ERP,系统运维",http://www.zhaopin.com/jobdetail/CCL1521948460J40888366212.htm?refcode=4019&srccode=401901&preactionid=d1b2e56d-4d19-4d8f-8c8f-1363fd26b47c
IT技术支持,铁蜻蜓(成都)科技有限公司,1-1.5万,苏州·工业园区,广州,学历不限,经验不限,7月25日,zhilian,职位描述 软件运维 网络运维 售后支持 Java C++ Python 云计算 信息安全 软件/IT服务 岗位内容： 1. 为客户提供一线/二线技术支持，包括故障排除、应用问题解决、网络设置等。 2. 协助团队完成IT项目的实施和部署工作，包括硬件设备的安装、软件应用的配置等。 3. 撰写技术文档、培训材料和操作手册，以推动技术知识共享。 任职要求： 1. 具备计算机或相关专业背景，熟悉基本的计算机硬件和软件知识。 2. 精通Windows/Linux系统，熟悉Shell或批处理脚本编程。 3. 能够快速学习各种应用软件，如数据库、Web服务器、虚拟化等。 4. 具备优秀的沟通能力和团队协作精神，对服务质量有较高要求。 工作地点 苏州工业园区中新科技大厦 以担保或任何理由索要财物，扣押证照，均涉嫌违法。一经发现， 立即举报,"软件运维,网络运维,售后支持,Java,C++,Python",http://www.zhaopin.com/jobdetail/CCL1510869120J40881102605.htm?refcode=4019&srccode=401901&preactionid=d1b2e56d-4d19-4d8f-8c8f-1363fd26b47c
IT开发工程师,泰山玻纤,6000-8000元,泰安·岱岳区·满庄镇,广州,本科,3-5年,7月8日,zhilian,岗位职责： 1.负责信息化项目全周期策划，衔接业务需求与技术实现，确保项目目标匹配企业战略； 2.主导需求调研、方案设计，协调跨部门（业务、技术、运维等）资源，保障策划方案可行性； 3.把控项目策划质量，规避需求偏差、技术风险，为项目立项、预算申请提供支撑； 4.输出策划相关文档，并同步至项目团队，确保各方对项目目标、范围、路径达成共识。 5.负责信息化系统（业务/办公/数据类）项目的落地、运维与问题响应，保障系统稳定运行； 6.负责系统二次开发、数据治理等开发建设工作； 工作地点 山东省泰安市岱岳区G104国道和古泉街十字路口东南 以担保或任何理由索要财物，扣押证照，均涉嫌违法。一经发现， 立即举报,云计算,http://www.zhaopin.com/jobdetail/CC252465323J00209417512.htm?refcode=4019&srccode=401901&preactionid=d1b2e56d-4d19-4d8f-8c8f-1363fd26b47c
（周末双休）ERP财务软件运维工程师,昆明财友科技有限公司,4000-8000元,昆明·五华·华山,广州,学历不限,1年以下,7月25日,zhilian,岗位职责: 1.维护和优化企业资源规划（ERP）系统的运行。 2.负责ERP系统的日常管理、监控和故障排除。 3.协助企业部门与ERP系统之间的数据集成和流程优化。 4.参与ERP系统的升级和扩展计划。 任职要求： 1.从事过用友，金蝶，畅捷通，管家婆的实施运维 2.能够独立处理和解决问题。 3.具有较强的学习能力和适应能力，能够快速掌握新知识。 4.有责任心， 能够承担系统运维相关工作。无相关经验者勿扰。 工作地点 昆明市-五华区-翠湖东路20号 以担保或任何理由索要财物，扣押证照，均涉嫌违法。一经发现， 立即举报,"系统运维,软件实施,金蝶,用友,乙方公司",http://www.zhaopin.com/jobdetail/CC702239780J40947718215.htm?refcode=4019&srccode=401901&preactionid=d1b2e56d-4d19-4d8f-8c8f-1363fd26b47c
通信技术工程师-双休,成都雄博科技发展有限公司,6000-8000元,成都·武侯·石羊,广州,本科,1-3年,7月23日,zhilian,职位描述 运维 光缆通信 光纤通信 1.施工过程中，负责工序、操作的优化，解决施工过程中出现的专业技术问题; 2.具备通信线路、变电站设备等基础知识，认识基本通信运营商所用设备； 3.熟悉光缆维护仪器仪表功能、参数及简单故障处理； 4. 能够讲解和演示公司拥有的软件平台(含APP)和仪表设备，解答客户日常咨询； 5. 依据客户业务的实际需求，可独立与客户进行有效沟通，参与设计针对用户需求的测试业务解决方案； 6.在项目执行工作中向业主方提供技术支持或培训工作; 7.能协助项目经理进行项目管理工作； 8.持电工证及登高证上岗。 9.能适应川内短期出差。 有出差及项目实施补贴，不加班，周末双休，定期团建，团队氛围好。 工作地点 武侯区成都市高新区环球中心W5区11楼1106号 以担保或任何理由索要财物，扣押证照，均涉嫌违法。一经发现， 立即举报,"运维,光缆通信,光纤通信",http://www.zhaopin.com/jobdetail/CC285174710J40517418506.htm?refcode=4019&srccode=401901&preactionid=d1b2e56d-4d19-4d8f-8c8f-1363fd26b47c
华为售前工程师（数通）,深圳市金华威数码科技有限公司,6000-8000元·14薪,沈阳·浑南·五三,广州,本科,1年以下,7月15日,zhilian,岗位职责： 1、负责华为数通产品线用户需求规划、选型、设计、报价及方案制定工作； 2、负责华为数通产品线项目投标文件的编写及应答，对应投标项目的澄清、讲标等工作； 3、负责华为数通产品线解决方案讲解、渠道培训工作； 4、厂家、渠道相关人员的日常关系维护，确保项目资源渠道畅通。 任职要求： 1、有相应的1-2年售后数通（WLAN、交换机、路由器等）、安全（防火墙、入侵检测、AntiDDoS硬件设备等）运维工作经验； 2、了解思科、锐捷、华三、华为等业界主流厂家的网络设备，能够做相应的竞争分析； 3、具有华为、思科、H3C、锐捷等业界网络工程师、NA、NP、RHCSA等证书； 4、做事踏实细致，对工作敬业，有较强的学习能力和语言沟通表达能力； 5、本科以上学历，计算机网络相关专业，优秀者可适当放宽要求（接受优秀应届毕业生）。 【我们为你提供的福利】 薪资福利： 基本工资+岗位津贴+司龄工资+浮动工资（入职即购买六险一金） 职位福利：五险一金、绩效奖金、全勤奖、通讯补助、补充医疗保险、定期体检、员工旅游、节日福利 工作地点 浑南三路1-6号沈阳市浑南区浑南三路1-6号德馨宛6号楼二单元21楼1号 以担保或任何理由索要财物，扣押证照，均涉嫌违法。一经发现， 立即举报,"软件工程,CCIE,HCIP,HCIE,HCIA",http://www.zhaopin.com/jobdetail/CC216525110J40150715713.htm?refcode=4019&srccode=401901&preactionid=d1b2e56d-4d19-4d8f-8c8f-1363fd26b47c
云计算技术支持工程师,南京翰华通信技术服务有限公司,8000-10000元,大连·中山·青泥洼桥,广州,本科,1-3年,7月1日,zhilian,岗位职责： 1、云服务技术支持方向（可独立承担方向内2-3项工作） （1）参照流程规范，理解客户需求根据HLD高阶方案，能够完成DTRB评审方案输出，提交评审，并在SLA范围内推动风险闭环和结论发布等基础性工作； （2）能够完成云基础设施、大数据、数据库项目交付与常见问题处理等基础性工作。 （3）基于标准化方案，负责云基础设施、大数据、数据库实施方案、应急预案、验收测试用例等方案输出工作； （4）独立看护局点，包含局点信息的整理维护，整改和变更任务的实施； 知识/技能/能力要求： 1、知识：熟悉掌握云、大数据、数据库等基础知识；掌握交付与维护的基础知识 2、技能：能独立完成中小型云基础设施/大数据/数据库/上云专业服务类项目的交付与维护。具备IT基础设施、云计算基础知识，熟练掌握IT基础设施、云计算、数据库、大数据等领域IT技能 3、能力：学习能力强，抗压能力强，有积极进取的精神，开放、内外部沟通能力良好 资格要求： 1、学历要求：统招本科及以上学历，本科1年以上相关工作经验； 特殊场景经验说明： 1、云厂商大客户服务或互联网公司云服务相关工作经验优先。 2、持有云HCIP/HCIE证书优先。 工作地点 大连中心·裕景辽宁省大连市中山区长江路280号裕景国际中心56层华为办事处 以担保或任何理由索要财物，扣押证照，均涉嫌违法。一经发现， 立即举报,"云计算,产业互联网平台,通信运营商/电信增值服务",http://www.zhaopin.com/jobdetail/CC811284130J40999470004.htm?refcode=4019&srccode=401901&preactionid=d1b2e56d-4d19-4d8f-8c8f-1363fd26b47c
网络技术专员,河北安在信息技术有限公司,4000-7000元,石家庄·长安·河东,广州,大专,3-5年,7月17日,zhilian,岗位职责： 1、负责公司SAAS及信息化项目的技术方案撰写、现场技术交流，技术培训等工作。 2、负责负责与政府部门、企业客户、市场部门、技术部门的对接沟通，对客户需求就行评估并推进项目进度。 3、配合销售团队与客户进行技术支持，根据客户需求，撰写和讲解技术方案、演示产品。 4、负责立项研发项目的技术研究项目推进、项目验收工作。 5、深度挖掘用户需求，根据公司产品战略完成产品需求文档，推进研发工作。 6、定期为销售团队提供产品、技术及行业解决方案的培训，提升团队整体售前能力。 岗位要求： 1、虚拟机搭建，Vps搭建 2、 精通网络技术，主流交换机，防火墙，路由器的配置。 3、熟悉网络环境搭建 ，熟悉Linux 。 4、要有编程基础。 5、有较强的学习能力，并且具有和客户沟通交流能力。 6、3年以上工作经验，不接受应届生。 福利待遇： 周末双休，五险，法定节假日休， 工作时间： 8:30-17:30，午休1小时 薪资构成： 试用期底薪3200，转正底薪4000+（500-1000绩效）+提成 行业前景广阔，产品使用市场大，公司地理位置优越，有完善的产品培训机制和行业知识。 工作地点 石家庄长安区中恒大厦-北塔904 以担保或任何理由索要财物，扣押证照，均涉嫌违法。一经发现， 立即举报,"网络安全,网络运维,服务器运维",http://www.zhaopin.com/jobdetail/CC844916770J41021765604.htm?refcode=4019&srccode=401901&preactionid=d1b2e56d-4d19-4d8f-8c8f-1363fd26b47c
it工程师,四川易创天宇科技有限公司,1.4-2.8万·13薪,十堰·茅箭区·二堰街道,广州,中专/中技,1-3年,7月24日,zhilian,职位描述 桌面运维 软件运维 网络运维 Java Python C++ 云计算 软件/IT服务 大数据 工作职责 1. 负责公司大数据平台及相关系统的日常运维与技术支持，保障系统稳定运行。 2. 参与数据处理流程的优化与调试，协助提升数据处理效率与准确性。 3. 配合团队完成技术文档编写、系统部署及版本更新工作。 4. 快速响应并解决系统运行中的技术问题，确保业务连续性。 任职要求 1. 计算机、软件工程等相关专业。 2. 熟悉Linux操作系统，掌握Shell/Python等至少一种脚本语言。 3. 了解大数据相关技术（如Hadoop、Spark、Hive等）优先，具备数据处理经验者优先。 4. 具备较强的问题分析能力与学习能力，能独立完成简单的技术任务。 5. 有良好的沟通能力与团队协作意识，能承受一定的工作压力。 奖金绩效 五险一金，项目奖金，绩效奖金，年终奖，氛围好。 工作地点 十堰茅箭区东正国际 以担保或任何理由索要财物，扣押证照，均涉嫌违法。一经发现， 立即举报,"桌面运维,软件运维,网络运维,Java,Python,C++",http://www.zhaopin.com/jobdetail/CCL1511490410J40986134802.htm?refcode=4019&srccode=401901&preactionid=d1b2e56d-4d19-4d8f-8c8f-1363fd26b47c
云计算技术支持工程师,河南简实信息技术有限公司,8000-12000元,郑州·金水·祭城路,广州,本科,3-5年,4月28日,zhilian,岗位职责】 1、全面负责公司云计算项目的售后交付工作，根据售前方案制定详细的实施计划。 2、主导完成云平台（含计算、存储、网络、容器等）的部署、配置、调试与上线，确保项目按时、高质量交付。 3、为客户提供专业的技术支持，覆盖系统日常巡检、故障排查、性能优化、版本升级等。 4、负责保障客户业务在云环境上的稳定、高效运行，及时响应并处理各类技术事件。 5、对客户进行云平台产品、解决方案及操作规范的技术培训和知识转移。 6、深入理解客户业务场景，主动识别潜在风险与性能瓶颈，及时反馈推动解决方案持续迭代。 【任职要求】 1、本科及以上，计算机科学、网络工程、软件工程等相关专业。 2、3年以上云计算领域项目实施、技术支持或运维工作经验；持有 HCIE / H3CSE-Cloud / CKA 等认证证书者优先；有大型云计算项目交付经验者优先。 3、精通主流云平台（如阿里云、华为云、腾讯云等）的核心服务（计算、网络、存储、虚拟化、容器服务Docker/Kubernetes）；熟练掌握 Linux / Windows Server 操作系统的管理与维护；熟悉 TCP/IP、HTTP、DNS 等网络协议，具备扎实的网络基础，能独立进行网络问题排查；至少掌握一门脚本语言（如 Python、Shell、PowerShell），能利用脚本实现运维自动化。 4、具备出色的问题分析、定位与解决能力，能在压力下快速响应并处理客户线上紧急故障。 5、优秀的客户沟通与技术服务意识，能清晰耐心地向客户解释技术问题，具备良好的团队协作精神。 工作地点 郑州金水区绿地新都会6座12A1307号 以担保或任何理由索要财物，扣押证照，均涉嫌违法。一经发现， 立即举报,"云计算运维,云计算实施,MySQL,Oracle",http://www.zhaopin.com/jobdetail/CC217566010J40859083514.htm?refcode=4019&srccode=401901&preactionid=d1b2e56d-4d19-4d8f-8c8f-1363fd26b47c
信息数字化工程师,金诃藏药股份有限公司,5000-8000元,西宁·城北区·廿里铺镇,广州,本科,3-5年,7月23日,zhilian,职位描述 信息安全 计算机硬件 人工智能 计算机软件 云计算 1、熟悉SQL Server/Mysql/Oracle等标准数据库，并能够编写高效的SQL查询语句，实现数据的提取和处理； 2、熟悉python 、java等简单的程序开发，参与过完整信息系统项目开发； 3、熟悉ETL工具，对数据进行提取、转换和加载，确保数据准确性和一致性； 4、熟练AI工具的使用； 5、熟悉数据分析平台、如帆软Report，BI、DataV等平台使用 6、要求学习和适应能力强，对AI技术的应用有很高的兴趣。 工作地点 西宁城北区金诃藏药股份有限公司 以担保或任何理由索要财物，扣押证照，均涉嫌违法。一经发现， 立即举报,"信息安全,人工智能,云计算",http://www.zhaopin.com/jobdetail/CC000552040J40746532108.htm?refcode=4019&srccode=401901&preactionid=d1b2e56d-4d19-4d8f-8c8f-1363fd26b47c
信息技术（智慧农业方向）,山东农大肥业科技股份有限公司,7000-10000元,泰安·肥城市·王瓜店街道,广州,本科,5-10年,7月25日,zhilian,岗位职责； 1.开发、维护农业大数据平台及相关核心系统，支撑农业数据采集、存储、计算与分析。 2.对农业数据（如气象、土壤、遥感等）进行整合挖掘。研发、优化农业领域的算法与模型，如产量预测、病虫害预警、生长周期模拟、资源优化、市场趋势分析等。 3.参与制定农业大数据项目的整体技术方案与系统架构，确保其可扩展性、稳定性与安全性。 4. 跟踪大数据、人工智能（机器学习/深度学习）、云计算及物联网技术在农业领域的前沿进展，并推动其落地应用。 5. 与农业技术员、业务团队合作，了解业务需求，将数转化为业务价值 任职要求： 1. 硕士及以上，具有农业大数据方向相关经验。 2. 熟悉数据处理和存储技术。 3. 熟练使用SQL和至少一种编程语言，如Java、Python等。 4. 具备较强的问题解决能力和良好的沟通技巧，能够快速响应和解决问题。 5. 有志于数据领域的发展，愿意不断学习和提升自己的技能。； 工作地点 山东省泰安市肥城市创业路249号 以担保或任何理由索要财物，扣押证照，均涉嫌违法。一经发现， 立即举报,Java,http://www.zhaopin.com/jobdetail/CC317815310J40826129607.htm?refcode=4019&srccode=401901&preactionid=e5213ab9-19b9-4815-9300-8d052e0d1aa8
网络技术支持-L1,软通动力信息技术(集团)股份有限公司,1-1.3万,杭州·西湖·三墩,广州,大专,3-5年,7月24日,zhilian,职位描述 网络运维 云计算 通信/网络设备 1、要对接新生态企业钉群客户，具备服务客户意识能力 2、在某个技术领域有独到的见解或者处理过这个领域很难的技术问题 3、对线上客户系统稳定性、技术咨询、定制需求问题进行分析总结，形成可复用的知识案例、工具、产品需求，提升服务质量和效率��本科 五年以上 招聘网络的L1 1、计算机通信或相关专业毕业，具备至少3年的技术支持服务或者某个领域研发经验； 2、具备良好的分析和解决问题的能力，良好的沟通协调能力，尤其责任心强，具备良好的服务意识； 3、熟悉网络垂直领域技术能力，在某个领域技术功底扎实，比如做过研发、处理过很难的case等 4、做过阿里云TAM L1、AES或者研发的同学优先考虑 5、有技术热情和较强的学习能力，以及良好的沟通能力、抗压能力和团队协作能力。 6、具有优秀的沟通技巧、团队合作经验、敬业精神，确实把客户第一做到言行一致； 岗位特殊说明 早班：8:00-17:00 白班：9:30-18:30 晚班：15:00-24:00 中班：13:00-22:00 1.夜班模式+晚班 2.周末早班优先周内夜班 3.当天有人休息，KA人员顶班 4.尽量本次周末早班下次是轮这个人是晚班oncall 5.按上一次间隔时间最长的排周末班次 注意： 1.周五的晚班尽量不接周六早班 2.周日的晚班oncall尽量不接周一的早班、白班 工作地点 杭州西湖区阿里巴巴云谷园区 以担保或任何理由索要财物，扣押证照，均涉嫌违法。一经发现， 立即举报,网络运维,http://www.zhaopin.com/jobdetail/CC000544460J40824540816.htm?refcode=4019&srccode=401901&preactionid=e5213ab9-19b9-4815-9300-8d052e0d1aa8
售前技术支持工程师-六险一金/双休/带薪培训,天津盈信安信息科技有限公司,9000-12000元,天津·西青·西营门,广州,本科,经验不限,7月25日,zhilian,岗位职责： 1、负责项目售前咨询服务，包括项目需求分析、技术交流引导和项目方案设计，指导项目技术架构设计与技术风险控制； 2、负责项目售前全生命周期的管理，使项目售前方案及技术服务满足项目各阶段的进度、质量和目标要求； 3、对公司相关领域进行用户业务需求调研，定期搜集市场、竞争对手信息，开展行业分析、竞品分析； 4、理解客户需求，正确解读客户业务系统架构与规划建设目标，引导客户认知并抽提共性需求，取得客户对公司产品及方案的认可。 5、配合销售进行项目投标相关工作，包括投标文件制作和述标等。 岗位要求： 1、统招本科及以上学历； 2、需具备相关工作经验，1-3 年售前或相关行业工作经验者优先； 3、计算机类相关专业，掌握软件开发技能与网络基础知识，具备低代码开发、轻量化AI应用能力者优先； 4、具备优秀的沟通表达、逻辑分析与归纳总结能力； 5、能够承受高强度工作压力，具备良好的抗压能力； 6、具备优秀的方案撰写能力与口头宣讲、汇报能力； 7、责任心强，具备良好的团队协作精神。 工作地点 天津西青区天百中心1号楼1101 以担保或任何理由索要财物，扣押证照，均涉嫌违法。一经发现， 立即举报,"云服务产品,网络安全硬/软件产品,数通产品",http://www.zhaopin.com/jobdetail/CC358479310J40949672615.htm?refcode=4019&srccode=401901&preactionid=e5213ab9-19b9-4815-9300-8d052e0d1aa8
技术支持工程师,紫光云数,8000-12000元·13薪,大连·沙河口·凌水,广州,本科,经验不限,11月20日,zhilian,岗位职责： 1，负责为客户及合作伙伴提供网上问题远程技术支持和远程运维工作，确保客户服务满意度 2，负责服务器/存储/交换机/路由器/云计算等产品的技术支持与问题分析，提出产品及资料的改进建议 3，负责为客户及合作伙伴提供远程的故障诊断和维护服务，协调实施现场服务 职位要求： 1，本科或以上学历，计算机类相关专业优先 2，普通话标准，具备较好的沟通协调能力 3，具备良好的客户服务意识，具有良好的团队合作精神，抗压能力强，能够服从工作安排 4，具一定英语文档阅读学习能力 5，热衷技术学习，善于总结分享，具有H3C证书（H3CSE/H3CTE/H3CIE）或行业内技术证书优先 职位福利：五险一金、定期体检、通讯补助、年终奖、节日福利、带薪年假、加班补助、绩效奖金 奖金绩效 五险一金、定期体检、值班补助、年终奖、节日福利、带薪年假 工作地点 沙河口区大连东软信息学院B3栋新华三技术有限公司 以担保或任何理由索要财物，扣押证照，均涉嫌违法。一经发现， 立即举报,"售后技术支持,远程技术支持,服务器/存储,硬件技术支持,IT/互联网,网络/信息安全,网络技术支持,解决方案技术支持",http://www.zhaopin.com/jobdetail/CC466500680J40413858204.htm?refcode=4019&srccode=401901&preactionid=e5213ab9-19b9-4815-9300-8d052e0d1aa8
计算机科学与技术教师,福州理工学院,8000-12000元,福州·连江·潘渡,广州,硕士,经验不限,3月16日,zhilian,职位描述 大学教师 计算机软件 学校/学历教育 云计算 基本条件 1. 拥护党和国家的教育方针和政策，热爱高等教育事业，具有良好的师德师风及思想政治素质； 2. 具有较强的育人意识及育人能力； 3. 具有研究生学历，硕士及以上学位，专业基础扎实，科研能力强； 4. 语言组织表达能力强，能胜任一线教学工作； 5. 身体健康，积极向上，品行端正，有强烈的事业心和责任感； 6. 计算机科学与技术、计算机应用技术、大数据、人工智能等相关专业。 灵活的薪酬体系：学校提供灵活的薪酬体系，打破职称壁垒，以对学校贡献及综合能力作为依据，达到相应级别要求即可享受相应待遇！ 独特的双师模式：依托应用型高校平台打造“双师双能型”教师培养模式，组建“讲师+工程师+技术股东”教学科研创新团队，参与专项研发项目，教学、技术两不误！ 全面的福利保障：五险一金、节日津贴、生日礼、结婚礼金、亲属慰问金、用餐补贴、免费校车、教师公寓、健身房等！ 浓厚的学术氛围: 为教职工专设FIT紫竹林讲堂、为学生专设FIT博学讲坛，一起交流研讨，传道受业！ 轻松的办公环境：学校组织丰富的文化体育活动，一起默契互动、尽情舒展，充分放松！ 持续的继续教育：“吾生也有涯，而知也无涯”，全力支持您继续学习，与学校共同成长、共创未来！ 广阔的晋升空间：学校具备良好的发展趋势和优势，令您拥有一份令人尊重的事业和广阔的职业发展空间！ 职位福利：带薪寒暑假、餐补、教职工宿舍、五险一金、节日福利、免费班车、周末双休、健身俱乐部 工作地点 福州连江县潘渡镇西江滨大道8号 以担保或任何理由索要财物，扣押证照，均涉嫌违法。一经发现， 立即举报,大学教师,http://www.zhaopin.com/jobdetail/CC295667180J40227791303.htm?refcode=4019&srccode=401901&preactionid=e5213ab9-19b9-4815-9300-8d052e0d1aa8
IT技术支持,铁蜻蜓(成都)科技有限公司,1-1.5万,武汉·洪山·珞南,广州,学历不限,经验不限,7月25日,zhilian,职位描述 软件运维 网络运维 售后支持 Java C++ Python 云计算 信息安全 软件/IT服务 岗位内容： 1. 为客户提供一线/二线技术支持，包括故障排除、应用问题解决、网络设置等。 2. 协助团队完成IT项目的实施和部署工作，包括硬件设备的安装、软件应用的配置等。 3. 撰写技术文档、培训材料和操作手册，以推动技术知识共享。 任职要求： 1. 具备计算机或相关专业背景，熟悉基本的计算机硬件和软件知识。 2. 精通Windows/Linux系统，熟悉Shell或批处理脚本编程。 3. 能够快速学习各种应用软件，如数据库、Web服务器、虚拟化等。 4. 具备优秀的沟通能力和团队协作精神，对服务质量有较高要求。 工作地点 武汉洪山区融科中心大厦 以担保或任何理由索要财物，扣押证照，均涉嫌违法。一经发现， 立即举报,"软件运维,网络运维,售后支持,Java,C++,Python",http://www.zhaopin.com/jobdetail/CCL1510869120J40881102205.htm?refcode=4019&srccode=401901&preactionid=e5213ab9-19b9-4815-9300-8d052e0d1aa8
互联网it助理,深圳市五湖商界电子商务有限公司,6000-8000元,深圳·龙华·龙华,广州,大专,1-3年,7月10日,zhilian,职位描述 网络维护 系统维护 云计算 产业互联网平台 任职要求： 1、对互联网有浓厚的兴趣，并有打算从事互联网开始的意向； 2、愿意从零开始，虚心学习； 3、吃苦耐劳，有一定的自我约束和控制能力，意志力坚强； 4、表达能力好，听说能力强； 5、熟练使用计算机办公软件，应届毕业生优先录取。 6、大专以上学历； 福利待遇： 1、五天7.5小时小时工作制，周末双休，享受法定节假日以及节日福利； 2、签订正式劳动合同，入职享受国家规定的五险一金； 3、每月举行员工生日会，季度出国旅游，定期公司聚餐； 4、五险一金，带薪休假，人身意外伤害商业保险等； 5、可享受公司组织的：国内外旅游、部门聚餐、公司聚餐、年底分红、国外年会等等； 工作地点 深圳市-龙华区-龙华街道人民路4218203 以担保或任何理由索要财物，扣押证照，均涉嫌违法。一经发现， 立即举报,"网络维护,系统维护",http://www.zhaopin.com/jobdetail/CCL1515734180J40746841606.htm?refcode=4019&srccode=401901&preactionid=e5213ab9-19b9-4815-9300-8d052e0d1aa8
产品技术中级助理-云计算,重庆中邮信科集团股份有限公司,6000-8000元,昆明·呈贡·洛龙,广州,本科,1-3年,7月14日,zhilian,"岗位职责： 承担如下1-4中至少一项工作： 1、负责单产品的交付技术工作，负责网络规划、网络设计、部署与系统集成，客户化适配，产线编排，站点方案设计、验证验收、解决单产品技术风险和问题，对项目交付质量负责，确保网络安全运行。 2、负责单产品的网络或业务质量维护工作，负责客户支撑与保障工作，支持单产品问题在项目清零，保障网络稳定，支撑客户满意度目标达成。 3、售前拓展辅助支撑工作，协助相关技术方案及信息的收集输出工作,支撑完成方案设计。 4、在服务解决方案开发项目中，协助完成单服务产品模块/工具的需求和痛点梳理、支撑产品开发实现、实施验证以及推广运营，输出对应服务交付件，支撑对应服务产品方案的可交付性、可维护性目标达成。 任职标准： 知识：HCS+智能协作方向，具备本产品域和相关产品域的技术知识，熟悉SD流程、维护流程及开发流程，了解网络安全主流产品的特性，交付方案，典型交付场景等。 技能：熟练使用IT系统和工具。 能力：具备良好的沟通协调能力和推动执行能力，有单产品能力、复杂产品技术问题解决能力 资格要求： 学历：本科及以上学历 工作年限：2年及以上 工作经验：通信经验，从事过开发、交付或维护工作，或者从事过友商的开发、工程维护交付或具备互联网或运营商行业运营工作经验 工作地点 昆明呈贡区华为云南区域总部 以担保或任何理由索要财物，扣押证照，均涉嫌违法。一经发现， 立即举报","软件产品,HCS",http://www.zhaopin.com/jobdetail/CC120064570J40821255016.htm?refcode=4019&srccode=401901&preactionid=e5213ab9-19b9-4815-9300-8d052e0d1aa8
计算机科学与技术教师,齐鲁理工学院,8000-16000元,济南·双山,广州,本科,经验不限,6月24日,zhilian,职位描述 计算机类 计算机软件 计算机硬件 1、模式识别、云计算与物联网、大数据技术与应用、智能信息处理、新一代信息技术，系统地担任一门以上课程的主讲，指导实习、社会调查、毕业设计； 2、参与科研项目，任期内公开发表本专业学术论文； 3、参与教育教学改革、专业建设、课程建设或实验室建设，参与教材及教学参考书编写； 4、完成学校规定的教学和科研工作量； 5、完成学校规定的其他教学、科研、公益服务工作； 6、完成领导交办的其他工作。 7、请到我校官网https://www.qlit.edu.cn/rsc/tzgg/2021/0310/30067.html，按要求填写一份《应聘人员申请表》，发到我们指定邮箱******************。 职位福利：五险一金、带薪年假、免费班车、节日福利 工作地点 济南市经十东路3028号 以担保或任何理由索要财物，扣押证照，均涉嫌违法。一经发现， 立即举报,计算机类,http://www.zhaopin.com/jobdetail/CC575084328J90250257000.htm?refcode=4019&srccode=401901&preactionid=e5213ab9-19b9-4815-9300-8d052e0d1aa8
售前咨询,温州大学大数据与信息技术研究院,5000-7000元·14薪,温州·龙湾区·永中街道,广州,本科,经验不限,7月23日,zhilian,岗位职责 1、和客户进行技术交流，了解客户业务需求: 2、负责项目的技术设计，根据客户需求设计技术方案完成技术方案的编写，为客户提供技术指导和咨询 3、完成领导交办的其他工作 岗位要求: 1、计算机相关专业 2、具有很强的沟通、协调、计划、组织、执行、风险控制能力，高度的责任心和团队合作意识; 3、熟悉软件开发流程，了解数据分析、数据挖掘技，擅长与客户沟通，善于发掘客户需求优先; 学历：本科及以上 薪资5-7k 工作地点 温州市龙湾区浙南科技城创新创业新天地1号楼7层740 以担保或任何理由索要财物，扣押证照，均涉嫌违法。一经发现， 立即举报,人工智能,http://www.zhaopin.com/jobdetail/CCL1235009470J40764440201.htm?refcode=4019&srccode=401901&preactionid=e5213ab9-19b9-4815-9300-8d052e0d1aa8
中智技术支持工程师,中兴通讯股份有限公司青海分公司,6000-12000元·13薪,西宁·城东区·乐家湾镇,广州,本科,经验不限,7月24日,zhilian,职位描述 软件产品 硬件产品 云计算 信息安全 通信/网络设备 招聘技术支持工程，有经验者优先（包括但不限于运营商承载、核心网、多媒体、数通、大数据、接入网、家端等产品运维工作，或者从事IDC或者其他集成项目） 1、负责运营商产品日常运维。 2、负责维护产品网络巡检及问题整改。 3、负责产品项目交付，达成客户交付需求。及时完成项目到货及验收。 4、配合商务完成商务技术方案输出等。 奖金绩效 年底双薪 工作地点 西宁城东区新力·景瑞新城(昆仑东路南50米) 以担保或任何理由索要财物，扣押证照，均涉嫌违法。一经发现， 立即举报,"软件产品,硬件产品",http://www.zhaopin.com/jobdetail/CCL1500103550J40822881007.htm?refcode=4019&srccode=401901&preactionid=e5213ab9-19b9-4815-9300-8d052e0d1aa8
数字技术工程师培育（培训）项目 招募产教融合合作单位,河北工业大学,7000-14000元,天津·红桥·丁字沽,广州,本科,经验不限,7月22日,zhilian,职位描述 人工智能 大数据 线上教育 线下教育 数字技术工程师培育（培训）项目 招募产教融合合作单位 一、项目介绍 人力资源和社会保障部办公厅《专业技术人才知识更新工程数字技术工程师培育项目实施办法》指出，2021年至2030年围绕人工智能、物联网、大数据、云计算、数字化管理、智能制造、工业互联网、虚拟现实、区块链、集成电路等数字技术技能领域，每年培养培训数字技术技能人员8万人左右，培育壮大高水平数字技术工程师队伍。 河北工业大学紧扣国家数字经济发展战略，聚焦数字技术人才队伍发展需求，依托学校深厚的教学科研底蕴、完善的教学设施及专业的师资团队，现已获批10项数字技术工程师培训资质，涵盖大数据工程技术人员、物联网工程技术人员、云计算工程技术人员、人工智能工程技术人员、区块链工程技术人员、数字化管理人员、工业互联网工程技术人员、智能制造工程技术人员、增材制造工程技术人员、密码工程技术人员。同时获批5项考核站点资质，包括区块链工程技术人员、数字化管理人员、大数据工程技术人员、云计算工程技术人员和物联网工程技术人员。学校持续为行业输送大批高素质数字技术人才，得到社会各界与广大学员的高度认可。 为进一步推进该项目提质增效、扩大项目影响力，整合优质社会资源，现面向社会公开招募数字技术工程师培训项目优质合作伙伴、招聘工作人员，以“资源互补、互利共赢”为核心，共拓发展新机遇，助力国家数字技术人才队伍建设。 二、产教融合合作单位招募 （一）合作对象 在中华人民共和国境内注册，资信良好的人力资源服务机构、科技企业、行业协会、产业园区，具备相应资源与运营能力的企事业单位、社会机构，以及具备相关专业能力与资源条件、愿意参与数字技术人才培养工作的自然人。 （二）合作方向 1.产教融合教学合作 围绕数字技术工程师培育项目，共同开展人才培养、课程共建、实训实践、企业内训、定向人才输送等教学与实践合作，服务区域数字经济人才需求。 2.人力资源服务合作 依托人力资源服务机构、行业协会等渠道优势，开展人才信息对接、政策宣传、学员组织与咨询服务，为项目提供合规的生源信息与人才服务支持。 3.资源协同与推广合作 整合各方在行业、企业、园区等方面的资源，共同开展项目宣传、政策普及、行业交流，提升数字技术人才培养覆盖面与社会影响力。 （三）合作条件 （1）拥护中国共产党领导，遵纪守法，诚信经营，无违法失信记录、不良经营记录及重大经营风险。 （2）拥有数字技术、人力资源或产业相关资源，具备市场宣传、信息对接、组织协调与合规运营能力，服务规范、口碑良好。 （3）认同国家数字技术人才培养战略与项目理念，遵守项目管理规定与属地监管要求，坚持培训质量优先、规范办学，具备良好合作意识与长期稳定合作意愿。 （4）承诺不从事违规宣传、虚假承诺、违规办学等行为，共同维护项目品牌与公信力。 投递后未接到面试通知的应聘者，恕不一 一回复，敬请谅解 工作地点 天津红桥区河北工业大学(红桥校区) 以担保或任何理由索要财物，扣押证照，均涉嫌违法。一经发现， 立即举报,"人工智能,大数据,线上教育,线下教育",http://www.zhaopin.com/jobdetail/CC139153310J40843413001.htm?refcode=4019&srccode=401901&preactionid=e5213ab9-19b9-4815-9300-8d052e0d1aa8
技术支持工程师（云南）(J10531),噢易云计算,8000-10000元,昆明·呈贡·龙城,广州,本科,经验不限,7月8日,zhilian,岗位职责: 1.负责云计算全线产品在客户端的交付及售后工作，验证解决方案可行性，对项目实施问题进行决策和掌控，为客户提供满意的解决方案和技术服务 2.收集并反馈产品需求建议及问题，提高产品竞争力和客户满意度 任职要求: 1、对TCP/IP、路由交换、操作系统、物联网、云计算等技术有过学习或接触； 2、了解各种计算机硬件、软件、网络、数据库及相关应用等知识； 3、同学眼中的高手，动手能力强，装机、维修、破解十八般武艺都能拿出手； 4、喜欢游历全国各地，为客户解决问题，认为这也是一种乐趣。 工作地点 昆明呈贡区置信银河广场-A座1902号室 以担保或任何理由索要财物，扣押证照，均涉嫌违法。一经发现， 立即举报,"软件产品,硬件产品,实施,linux,网络知识",http://www.zhaopin.com/jobdetail/CC256213330J40878011005.htm?refcode=4019&srccode=401901&preactionid=1042faa4-14ea-420f-b297-209e0d93931a
售前工程师（数通）,深圳市金华威数码科技有限公司,7000-9000元·14薪,沧州·运河区·南陈屯镇,广州,本科,1-3年,7月25日,zhilian,岗位职责： 1、负责华为数通产品线用户需求规划、选型、设计、报价及方案制定工作； 2、负责华为数通产品线项目投标文件的编写及应答，对应投标项目的澄清、讲标等工作； 3、负责华为数通产品线解决方案讲解、渠道培训工作； 4、厂家、渠道相关人员的日常关系维护，确保项目资源渠道畅通。 任职要求： 1、有相应的1-2年售后数通（WLAN、交换机、路由器等）、安全（防火墙、入侵检测、AntiDDoS硬件设备等）运维工作经验； 2、了解思科、锐捷、华三、华为等业界主流厂家的网络设备，能够做相应的竞争分析； 3、具有华为、思科、H3C、锐捷等业界网络工程师、NA、NP、RHCSA等证书； 4、做事踏实细致，对工作敬业，有较强的学习能力和语言沟通表达能力； 5、本科以上学历，计算机网络相关专业，优秀者可适当放宽要求（接受优秀应届毕业生）。 【我们为你提供的福利】 薪资福利： 基本工资+岗位津贴+司龄工资+浮动工资（入职即购买六险一金） 职位福利：周末双休、五险一金、绩效奖金、全勤奖、通讯补助、定期体检、员工旅游、带薪年假 工作地点 渤海紫信大厦沧州市运河区渤海紫信大厦 以担保或任何理由索要财物，扣押证照，均涉嫌违法。一经发现， 立即举报,"故障排查,HCIE,HCIP,产品咨询,硬件集成调试,技术沟通,系统调试,HCIA",http://www.zhaopin.com/jobdetail/CC216525110J40258831913.htm?refcode=4019&srccode=401901&preactionid=1042faa4-14ea-420f-b297-209e0d93931a
深信服工程师,江苏宝时德信息技术有限公司,8000-12000元,无锡·新吴·江溪,广州,大专,3-5年,2月9日,zhilian,职位描述 信息安全 工作内容：1、负责设备（例：防火墙、交换机、路由器、上网行为管理等）的上架与调试安装。2、每天编写工作日报。3、善于与客户进行沟通，能帮助客户解决问题。4、定期给客户的设备做巡检，排查隐患。 职位要求：1、专业：计算机类、网络通信类、网络安全类、软件工程等相关专业，大专以上学历，；2、身体健康；3、有良好的责任性、和一定沟通能力，能独立解决问题；4、有相关工作经验及条件优秀者，要求可以适当放宽，待遇从优。 技术要求（以下技术掌握优先录取）：1、熟悉网络基本知识。2、较熟练使用计算机及周围设备 。3、了解Linux操作系统的基础知识，能在其上进行简单操作；4、熟悉Windows/Windows server操作系统基本操作；5、具备一定的文字表述能力，能协助编写工程验收相关文档及汇报材料；6拥有：深信服安全技术认证和深信服云计算认证。 工作地点 新吴区无锡市新区纺城大道299号深港亚太中心 以担保或任何理由索要财物，扣押证照，均涉嫌违法。一经发现， 立即举报,信息安全,http://www.zhaopin.com/jobdetail/CC287081330J40570117209.htm?refcode=4019&srccode=401901&preactionid=1042faa4-14ea-420f-b297-209e0d93931a
AI售前技术支持,外企德科,1.5-2.5万,杭州·西湖·三墩,广州,大专,3-5年,7月26日,zhilian,岗位职责： 售前技术支持：为销售团队提供专业的AI产品解决方案售前支持，包括产品演示、技术交流、解决方案讲解、培训赋能，有效促进销售进程，并达成公司交付的业绩任务目标。 需求挖掘与分析： 深入了解客户业务场景，精准把握客户需求，推荐个性化AI技术方案策略，提升客户满意度。 AI解决方案设计： 根据客户的具体需求，设计创新的AI解决方案，重点围绕人工智能类云服务产品，确保方案合理性并满足客户需求。 跨团队协作： 与公司内部AI产品团队与技术专家紧密合作，合作解决客户问题与提供方案。 岗位要求： 技术要求： 技术实践能力为刚性，具备大模型的动手实践\PoC的能力，有ai项目开发经验的优先 学历要求：大专及以上，IT相关专业 3年以上云计算/IT产业售前/IT运维交付/开发工作经验，1年以上人工智能领域相关技术岗位工作经验 了解AI基础理论与算法、GPU计算、深度学习框架（如TensorFlow、PyTorch）。 具备大模型开发、调优、提示词工程经验，对人工智能类云服务产品有实际操作经验者优先，有阿里云ACP认证优先。 良好的沟通能力和技术文档编写技巧，能够清晰地向非技术人员传达技术方案。 工作地点 浙江省杭州市西湖区三墩镇灯彩街1008号8栋 以担保或任何理由索要财物，扣押证照，均涉嫌违法。一经发现， 立即举报,软件产品,http://www.zhaopin.com/jobdetail/CC138117190J40881114405.htm?refcode=4019&srccode=401901&preactionid=1042faa4-14ea-420f-b297-209e0d93931a
弱电技术员,吉林省佰岩信息科技有限公司,6000-9000元,长春·南关·明珠,广州,大专,经验不限,3月26日,zhilian,职位描述 弱电设计 弱电施工 网络系统 信息安全 计算机软件 装饰装修 弱电工程设计、施工现场管理、运维 一、学历要求：大专以上学历。 二、任职要求： 1、有智能化弱电工程施工经验；有独立承担大型工程前期设计及深化设计经验者优先考虑； 2、精通监控、网络、门禁、机房工程、停车场、背景音乐、视频会议、综合布线等系统安装、调试，具备扎实的弱电专业知识，熟知弱电行业各项设计、施工与验收标准规范；做工程验收资料整理归档。 大专以上学历，电气自动化/电子信息等相关专业优先，持有机电专业二级建造师及以上证书 3、会熟练运用常规办公软件、广联达及CAD进行方案及图纸的编制，有较强的沟通能力及丰富的项目管理经验，能独立进行工程项目管理； 4、热爱本职工作，服从上级领导安排，加强学习，善于钻研新技术新知识； 5、学习能力和主动性强，富有吃苦钻研精神，和良好的团队合作精神，协助项目经理对现场进行辅助性管理工作； 6、有相关建筑行业投标经验； 职位福利：节日福利、周末休息、五险 工作地点 长春南关区新星宇商誉a4栋1202 以担保或任何理由索要财物，扣押证照，均涉嫌违法。一经发现， 立即举报,"弱电设计,弱电施工,网络系统",http://www.zhaopin.com/jobdetail/CC439929930J40592870009.htm?refcode=4019&srccode=401901&preactionid=1042faa4-14ea-420f-b297-209e0d93931a
技术支持,山西并合禹顺数智科技有限公司,4000-5000元,太原·平阳路,广州,本科,经验不限,7月8日,zhilian,职位描述 软件产品 熟悉数据库基础 对客户培训 软件/IT服务 产业互联网平台 云计算 系统运维•软硬件修理维护•客户培训•远程+现场支持 工作地点 太原市-小店区-平阳路街道长治路323号507 以担保或任何理由索要财物，扣押证照，均涉嫌违法。一经发现， 立即举报,"软件产品,熟悉数据库基础,对客户培训",http://www.zhaopin.com/jobdetail/CCL1525279360J40948673715.htm?refcode=4019&srccode=401901&preactionid=1042faa4-14ea-420f-b297-209e0d93931a
技术员,北京芯青科技有限公司,6000-8000元,天津·河西·陈塘庄,广州,本科,1-3年,12月23日,zhilian,岗位职责：‌ 1、负责企业网络系统的规划、部署与日常运维，包括路由器、交换机、防火墙等设备的配置与优化。 2、参与网络故障排查与应急响应，确保系统稳定运行，降低业务中断风险。 3、协助设计综合布线方案，管理机房设备及线路，完成网络升级与性能调优。 4、维护内部办公网络，支持终端设备（如电脑、打印机）的安装与故障处理。 5、编写技术文档，包括网络拓扑图、运维手册及故障报告。 岗位要求：‌ ‌1、本科及以上学历。 2、熟悉TCP/IP协议、VLAN划分、路由交换技术及ACL安全策略。3、具备主流网络设备（如Cisco/Huawei）配置经验，能独立完成网络搭建与调试。4、掌握基础服务器管理（如Windows Server）及虚拟化技术者优先。 4、1-3年网络运维或相关岗位经验，应届生需具备实习或项目经历。 ‌5、责任心强，学习能力突出，具备良好的沟通与问题解决能力。 工作地点 天津河西区青林大厦 以担保或任何理由索要财物，扣押证照，均涉嫌违法。一经发现， 立即举报,"网络运维,技术员,售后支持",http://www.zhaopin.com/jobdetail/CCL1514529480J40816112001.htm?refcode=4019&srccode=401901&preactionid=1042faa4-14ea-420f-b297-209e0d93931a
ERP数据运维工程师,浙江鼎力,7000-8000元,湖州·德清县·雷甸镇,广州,大专,1-3年,7月26日,zhilian,岗位职责： 1、负责ERP系统的物料、BOM等数据的维护和管理，确保系统正常运行使用； 2、负责ERP\MES系统的日常监控、故障排查，解决生产部门现场使用问题； 3、做好内部用户支持，对终端用户进行操作指导、培训； 4、完成部门领导安排的其他工作。 工作地点 湖州德清县浙江鼎力机械股份有限公司-四期 以担保或任何理由索要财物，扣押证照，均涉嫌违法。一经发现， 立即举报,"系统运维,ERP,MES,CRM",http://www.zhaopin.com/jobdetail/CC456485420J40844571605.htm?refcode=4019&srccode=401901&preactionid=1042faa4-14ea-420f-b297-209e0d93931a
技术支持工程师（校招-重庆）,上海华讯网络系统有限公司,8000-10000元·14薪,重庆·两江新区,广州,本科,经验不限,3月10日,zhilian,职位描述 信息安全 云计算 通信/网络设备 工作内容： -在技术支持中心通过电话、邮件等远程方式，运用路由、交换、安全、可编程网络等技术，帮助客户解决网络相关问题。 招聘专业及要求： -计算机、软件、网络、通信、信息安全、大数据、物联网等相关专业本科毕业生； -成绩优秀，英语良好； -对所应聘职位有浓厚兴趣和专业基础； -具有良好的沟通和表达能力； -积极乐观，主动好学。 奖金绩效 14薪，交通补贴，餐费补贴 工作地点 重庆两江新区国金中心t6写字楼19层19-1、19-2、19-10单元 以担保或任何理由索要财物，扣押证照，均涉嫌违法。一经发现， 立即举报,"信息安全,云计算",http://www.zhaopin.com/jobdetail/CC000420630J40969972304.htm?refcode=4019&srccode=401901&preactionid=1042faa4-14ea-420f-b297-209e0d93931a
IT技术支持,铁蜻蜓(成都)科技有限公司,1-1.5万,成都·龙泉驿·龙泉,广州,学历不限,经验不限,7月25日,zhilian,职位描述 软件运维 网络运维 售后支持 Java C++ Python 云计算 信息安全 软件/IT服务 岗位内容： 1. 为客户提供一线/二线技术支持，包括故障排除、应用问题解决、网络设置等。 2. 协助团队完成IT项目的实施和部署工作，包括硬件设备的安装、软件应用的配置等。 3. 撰写技术文档、培训材料和操作手册，以推动技术知识共享。 任职要求： 1. 具备计算机或相关专业背景，熟悉基本的计算机硬件和软件知识。 2. 精通Windows/Linux系统，熟悉Shell或批处理脚本编程。 3. 能够快速学习各种应用软件，如数据库、Web服务器、虚拟化等。 4. 具备优秀的沟通能力和团队协作精神，对服务质量有较高要求。 工作地点 成都龙泉驿区桃都大道中段888号1栋附1224 以担保或任何理由索要财物，扣押证照，均涉嫌违法。一经发现， 立即举报,"软件运维,网络运维,售后支持,Java,C++,Python",http://www.zhaopin.com/jobdetail/CCL1510869120J40881095105.htm?refcode=4019&srccode=401901&preactionid=1042faa4-14ea-420f-b297-209e0d93931a
售前/售后技术支持工程师,江苏江波信息科技股份有限公司,4000-6000元,南京·浦口·顶山,广州,大专,经验不限,7月13日,zhilian,职位描述 技术支持 计算机软件 通信/网络设备 云计算 √ 熟悉计算机硬件，具有操作系统安装、使用、调试基本知识。 √ 具有网络和网络设备基本知识。 √ 勤奋，好学，细心，责任心强。 √ 要求思维敏捷，吐字清楚，语言表达能力强，具有与客户技术沟通能力。 √ 网络工程专业优先。 √ 能接受出差和长期驻外 √ 应届毕业生优先 职位福利：绩效奖金、带薪年假、加班补助 工作地点 南京浦口区景枫乐创中心-A1栋1405室 以担保或任何理由索要财物，扣押证照，均涉嫌违法。一经发现， 立即举报,技术支持,http://www.zhaopin.com/jobdetail/CC825996790J40187234012.htm?refcode=4019&srccode=401901&preactionid=1042faa4-14ea-420f-b297-209e0d93931a
it工程师,四川易创天宇科技有限公司,1.4-2.8万·13薪,宝鸡·金台区·十里铺街道,广州,中专/中技,1-3年,7月23日,zhilian,职位描述 桌面运维 软件运维 网络运维 Java Python C++ 云计算 软件/IT服务 大数据 工作职责 1. 负责公司大数据平台及相关系统的日常运维与技术支持，保障系统稳定运行。 2. 参与数据处理流程的优化与调试，协助提升数据处理效率与准确性。 3. 配合团队完成技术文档编写、系统部署及版本更新工作。 4. 快速响应并解决系统运行中的技术问题，确保业务连续性。 任职要求 1. 计算机、软件工程等相关专业。 2. 熟悉Linux操作系统，掌握Shell/Python等至少一种脚本语言。 3. 了解大数据相关技术（如Hadoop、Spark、Hive等）优先，具备数据处理经验者优先。 4. 具备较强的问题分析能力与学习能力，能独立完成简单的技术任务。 5. 有良好的沟通能力与团队协作意识，能承受一定的工作压力。 奖金绩效 五险一金，项目奖金，绩效奖金，年终奖，氛围好。 工作地点 金台区宝鸡国金中心 以担保或任何理由索要财物，扣押证照，均涉嫌违法。一经发现， 立即举报,"桌面运维,软件运维,网络运维,Java,Python,C++",http://www.zhaopin.com/jobdetail/CCL1511490410J40986134502.htm?refcode=4019&srccode=401901&preactionid=1042faa4-14ea-420f-b297-209e0d93931a
办公信息化级网络管理（运维工程师）,襄阳五二五泵业有限公司,6000-10000元,襄阳·襄州区,广州,本科,1-3年,7月18日,zhilian,职位描述 Java Python C++ 通信/网络设备 云计算 信息安全 软件/IT服务 【岗位内容】 1. 信息化系统实施与维护：参与企业信息化系统（如ERP、OA、CRM等）的规划、部署、测试及运维，推动系统落地应用；协助解决系统运行中的技术问题，优化系统功能，提升用户体验。 2.网络与设备的运行维护：负责网络及网络安全设备的日常维护与管理，保障网络通畅与信息安全，负责公司员工日常办公软硬件（电脑、打印机、扫描仪、投影仪、电话等）的安装、配置与故障排除。 3. 制度修订与标准化建设：负责信息化相关管理制度、操作流程的修订与标准化，确保符合公司业务需求及行业规范；制定技术文档标准模板，统一系统开发、运维等环节的文档规范。 4. 开发与技术支持：根据业务需求，使用至少2种编程语言（如Java/Python/C#等）完成小型功能开发或脚本编写；为业务部门提供信息化技术支持，协助数据对接、接口调试及系统集成。 5. 项目管理与协作：协助信息化项目的需求调研、方案设计、进度跟踪及验收交付；协调内外部资源，推动跨部门协作，确保项目按时高质量完成。 6. 数据安全与流程优化：参与企业数据安全管理，制定数据备份、权限管控等规范；分析业务流程痛点，提出信息化解决方案并推动落地。 7. 其他职责：定期开展信息化培训，提升员工系统操作能力；跟踪新兴技术趋势（如云计算、低代码平台等），探索技术应用场景。 【任职要求】 1. 学历与专业：本科及以上学历，计算机科学与技术、软件工程、信息管理等相关专业；持有信息系统项目管理师（软考）、PMP等证书者优先。 2. 技能要求：熟练掌握至少2种编程语言（如Java/Python/C#/PHP等），具备基础开发能力； 熟悉数据库（SQL/NoSQL）、网络架构及常见信息化系统（如ERP/OA）逻辑；了解Linux/Windows服务器运维、接口开发（API）等技术者优先。 3. 工作经验： 1-3年信息化项目实施、系统运维或开发经验，有完整项目落地经验者优先；具备制度修订、标准化文档编写或流程优化经验，熟悉ISO体系者加分。 4. 核心能力：逻辑清晰，具备较强的需求分析与问题解决能力；良好的跨部门沟通能力及项目管理意识；学习能力强，能快速理解业务需求并转化为技术方案。 5. 其他要求：熟练使用Office、Visio、Project等办公及项目管理工具；熟悉网络安全法、数据安全法等法规者优先。 【公司福利】 1.一旦录用即签订劳动合同，缴纳五险二金，提供免费通勤车和餐补。 2.长白班，享受国家法定节假日及年休假。 3.提供优良的培训和良好的个人职业发展空间。 4.公司有优秀的企业文化和丰富的文化生活。 5.有较好的沟通和创新氛围。 工作地点 襄州区湖北省襄阳市高新区日产工业园新光路2号 以担保或任何理由索要财物，扣押证照，均涉嫌违法。一经发现， 立即举报,"Java,Python,C++",http://www.zhaopin.com/jobdetail/CC692983020J40738156407.htm?refcode=4019&srccode=401901&preactionid=1042faa4-14ea-420f-b297-209e0d93931a
IT工程师,广东南方通信建设有限公司八分公司,8000-12000元,佛山·禅城·石湾镇,广州,大专,1-3年,11月21日,zhilian,"职位描述 硬件/设备运维 售后支持 云计算 软件/IT服务 1、2年以上华为云计算项目交付经验；（技能出众者可放宽交付年限） 2、具备独立交付Fusion Access桌面云的能力（含实施方案和LLD输出） 3、具备独立交付fusionCloud 6.5的能力或参与此类项目能完成大部份功能模块的实施能力； 4、具备华为企业存储OceanStor及云存储FusionStorge的交付能力； 5、具备初级的数通知识；如：vlan ,ip 规划； 工作地点 佛山禅城区季华园 以担保或任何理由索要财物，扣押证照，均涉嫌违法。一经发现， 立即举报","硬件/设备运维,售后支持",http://www.zhaopin.com/jobdetail/CC586418220J40827308502.htm?refcode=4019&srccode=401901&preactionid=1042faa4-14ea-420f-b297-209e0d93931a
技术工程师,长春赛搏集团股份有限公司,4000-5000元,长春·南关·新立城,广州,大专,经验不限,7月24日,zhilian,岗位职责： 项目实施与交付： 负责公司机器人及项目的现场安装、调试、系统部署与验收工作，确保项目按时高质量交付； 售后技术支持： 及时响应并处理客户现场及远程的故障问题，提供专业的技术诊断与解决方案； 客户培训与关系维护： 面向客户开展产品操作与维护培训，建立良好的客户关系，主动挖掘潜在需求，提升客户满意度； 现场布局与指导： 根据客户实际场景，提供合理的设备布局及使用建议，优化产品应用效果； 闭环反馈： 收集整理客户现场问题与需求，协同内部团队推动产品与服务持续改进。 任职要求： 学历专业： 大专及以上学历，计算机、自动化、电子、通信、人工智能等相关专业优先； 技术基础： 具备一定的计算机软硬件基础，对人工智能、机器人技术有浓厚兴趣； 熟悉Linux操作系统，了解ROS（机器人操作系统）基本操作者优先； 具备基础编程能力（如Python、C++等）者优先考虑； 综合能力： 动手能力强，善于主动学习，能快速掌握新产品、新技术； 具备良好的沟通表达能力和客户服务意识，能清晰传递技术信息； 执行力强，有责任心，能适应短期出差（项目现场支持）； 团队协作： 具备良好的团队合作精神，乐于分享与协作，能有效协同内外部资源。 加分项（非必须）： 有机器人、智能硬件或系统集成类项目交付经验； 熟悉网络配置、串口通信、传感器调试等相关技能。 我们提供： 成长平台： 深度参与机器人及AI项目的全流程实施，积累稀缺技术经验； 培训支持： 公司提供系统的产品技术培训，帮助你快速上手； 团队氛围： 扁平化管理，鼓励技术交流与创新； 工作地点 长春南关区赛搏集团(总部) 以担保或任何理由索要财物，扣押证照，均涉嫌违法。一经发现， 立即举报,"人工智能,工业自动化/机器人",http://www.zhaopin.com/jobdetail/CCL1474018380J41002660902.htm?refcode=4019&srccode=401901&preactionid=1042faa4-14ea-420f-b297-209e0d93931a
网络技术专员（系统集成）,广州市齐源信息技术有限公司,5000-7000元,广州·天河·长兴,广州,大专,3-5年,5月28日,zhilian,职位描述 交换机配置 路由器配置 OLT ONU 故障处理 视频监控 弱电智能化 安防 计算机硬件 通信/网络设备 软件/IT服务 一、工作职责： 负责客户网络系统、WiFi网络、视频监控等弱电智能化项目的现场实施与设备调试，确保项目按要求交付。 承担公司IT、弱电智能化项目、校园网（以太网、GPON）项目等的售后运维工作，及时响应并解决网络故障，保障系统稳定运行。 跟进项目售中实施环节，配合团队完成设备安装、配置与联调，输出清晰的技术文档。 二、任职要求： 具有计算机网络或安防行业等系统集成相关工作经验； 三、具备以下任三项以上者可优先录用： 1. 熟悉数据网络知识，对各种网络设备有一定了解，了解网络系统架构优先录用； 2. 有一线品牌设备相关技术案例撰写或实施等经验的优先录用（例如：华为、锐捷、华三、深信服、信锐、海康、大华、科华等）； 3. 熟悉路由器、交换机、防火墙、无线AP等网络设备的安装、调试、维护优先录用； 4. 有综合布线项目施工经验； 5. 会设计网络拓扑图、相关CAD图纸； 6. 做事勤劳细心，责任心强，能吃苦耐劳；有团队合作精神优先录用。 四、薪酬福利： 欢迎走近齐源，合作共赢，持续发展。我们将为您提供： 1. 良好的工作环境，交通便捷； 2. 广阔的发展空间：提供定期培训，资深技术人员带领，阶梯式成长； 3. 优厚的福利待遇：节日礼品、生日贺金、法定带薪假期、产假、配偶带薪陪产假等； 4. 丰富的文化活动：员定期团建活动、年度旅游； 5. 完善的薪酬体系：能力突出者每年有调薪机会，年终奖金等。 五、其他福利：带薪年假、周末双休、五险一金、通讯补助。 工作地点 广州天河区睿志创意园G栋201 以担保或任何理由索要财物，扣押证照，均涉嫌违法。一经发现， 立即举报,"交换机配置,路由器配置,OLT,ONU,故障处理",http://www.zhaopin.com/jobdetail/CCL1203358490J00485435502.htm?refcode=4019&srccode=401901&preactionid=1042faa4-14ea-420f-b297-209e0d93931a
售后技术支持,广州鹏龙数字技术有限公司,5000-7000元·13薪,广州·天河·石牌,广州,大专,1-3年,5月13日,zhilian,岗位职责： 1、技术服务交付：负责网络、虚拟化、安全技术相关的技术方案测试、实施集成和售后技术服务工作； 2、项目质量管理：与市场及客户项目团队配合，完成产品及服务交付工作并全程确保交付质量和风险管理； 3、技术问题处理：为用户提供的技术服务包含不限于综合、复杂网络的场景、性能、数据包分析及相关项目问题的资源协调沟通； 4、客户沟通技能：能有效与项目相关的客户、合作伙伴进行日常项目沟通，达成技术认可，并协调和提供必要的技术、产品交付服务 岗位要求： 1、 网络基础扎实，一年数通、安全或者云计算相关工作经验优先考虑； 2、持有深信服网络技术认证证书或安全厂商工作经验等优先考虑，可独立工作，具备分析和独立解决问题的能力； 3、具备坚实的的网络项目技术实施和部署能力；能够协同或独立完成各种网络项目的实施调试工作； 3、有一定的文档编写能力，能独自编写故障处理报告、网络分析报告、网络优化报告等文档； 4、工作积极主动、较强的学习能力、良好的沟通能力和客户服务意识。 薪资待遇： 1、工作时间：9:00-18:00 月休7天（每月第一周单休，其余双休）； 2、假期：法定公众假期、带薪年假、产假/陪产假、丧假及婚假等法定假期； 3、福利：社保公积金齐全、年终奖金； 4、员工关怀：员工生日祝福及礼物、传统节日礼品发放； 5、员工生活：员工团建活动、拓展活动、大型年会、部门聚餐； 7、员工晋升：有完善具体的晋升调薪制度标准。 工作地点 广州天河区地中海大厦2601 以担保或任何理由索要财物，扣押证照，均涉嫌违法。一经发现， 立即举报,深信服,http://www.zhaopin.com/jobdetail/CCL1504753210J40847957801.htm?refcode=4019&srccode=401901&preactionid=1042faa4-14ea-420f-b297-209e0d93931a
数据库产品技术支持工程师（双休五险一金）,河北达梦软件技术有限公司,5000-8000元,石家庄·裕华·建通,广州,本科,经验不限,7月24日,zhilian,岗位职责： 1.达梦数据库单库安装实施； 2.达梦数据库集群安装实施； 3.数据库相关技术问题咨询、解决； 4.数据库相关技术内容培训； 5.与相关合作方就产品、项目内容进行技术交流； 6.达梦新产品启云数据库、分布式数据库等的安装实施； 7.达梦数据库产品销售售前支持。 招聘要求： 1.统招本科学历，计算机或软件相关专业，985或211院校优先； 2.学习过数据库原理，熟悉oracle数据库或者达梦数据库安装； 3.熟悉集群的安装部署、了解集群的原理、了解常用配置； 4.熟悉数据库安装、运维常用配置，常见问题等； 5.熟悉Linux系统各种常用指令； 6.自主学习能力强，可以快速定位、解决问题； 7.具备较强沟通协调能力，工作积极主动。 工作地点 石家庄裕华区河北商会万达广场 以担保或任何理由索要财物，扣押证照，均涉嫌违法。一经发现， 立即举报,"Linux,MySQL,Oracle,SQL Server,OCP,计算机相关专业",http://www.zhaopin.com/jobdetail/CC539263620J40950242715.htm?refcode=4019&srccode=401901&preactionid=cbb5b10b-eaa0-459b-b037-577fe8dc0f29
IT运营支撑,中国电信昌吉分公司,6000-8000元,昌吉·昌吉市·延安北路街道,广州,本科,经验不限,7月9日,zhilian,职位描述 IT支持 网络安全 服务器运维 系统运维 云计算 通信/网络设备 软件/IT服务 计算机系统维护、网络维护。 任职要求:计算机相关专业，应届本科及以上 职位福利：五险一金、绩效奖金、餐补、通讯补助、带薪年假、补充医疗保险、采暖补贴、住房补贴 工作地点 昌吉昌吉市中国电信 以担保或任何理由索要财物，扣押证照，均涉嫌违法。一经发现， 立即举报,"IT支持,网络安全,服务器运维,系统运维",http://www.zhaopin.com/jobdetail/CCL1241817550J00395714204.htm?refcode=4019&srccode=401901&preactionid=cbb5b10b-eaa0-459b-b037-577fe8dc0f29
技术服务工程师（云平台）,深圳市星火电子工程公司,1.1-1.8万,深圳·罗湖·东晓,广州,本科,3-5年,7月1日,zhilian,岗位职责： 1、维护和扩建现网云平台及相关服务器、存储； 2、协助维护现有大数据集群和数据库集群； 3、协助管理维护现有AI资源管理平台及相关技术研究； 4、对现有相关应用系统架构及资源使用情况、通算、智算资源进行分析并提出优化建议； 5、排查现有系统存在的运行隐患并提出优化建议； 6、完成领导交办的其它工作。 岗位要求： 1、本科及以上学历，计算机、网络、信息工程、人工智能等相关专业； 2、3年以上相关工作经验，有政务行业相关经验优先； 3、必备技能： 1）熟悉云平台技术，存储，服务器维护； 2）熟悉大数据平台技术，Hadoop生态的相关技术：Hive、ElasticSearch、HBase、Yarn，MapReduce等以及Spark计算框架； 3）熟悉主流数据库技术（如MySQL、Oracle、SQL Server、MongoDB、Redis、达梦、TDSQL、崖山等）； 4）具备成熟的系统设计架构能力，丰富的高可用、高并发、分布式的系统设计经验； 5）熟悉大模型等AI相关技术； 4、具有良好的沟通能力、组织能力及团队协作精神，有较强的分析和独立解决问题的能力，对新技术保持求知欲 5、拥有华为HCIE-Cloud Computing、HCIP-Big Data、崖山YCP、TDSQL TCCE/TCCP、华为AI认证 (HCIA/HCIP/HCIE-AI)相关证书优先考虑 6、服从公司安排，能接受值班。 工作地点 深圳罗湖区罗湖投资控股大厦 以担保或任何理由索要财物，扣押证照，均涉嫌违法。一经发现， 立即举报,"云计算开发,云计算运维,云计算实施,云计算架构",http://www.zhaopin.com/jobdetail/CC143298250J40974263002.htm?refcode=4019&srccode=401901&preactionid=cbb5b10b-eaa0-459b-b037-577fe8dc0f29
售后技术工程师,山东神州四季通信技术有限公司,5000-10000元,济南·历城·山大路,广州,大专,1-3年,7月24日,zhilian,岗位职责： 负责公司项目售后产品的安装、调试及培训。 三、薪酬福利 公司提供具有竞争力薪资的待遇及广阔的发展空间；签订劳动合同并交纳五险一金；享受国家法定节假日；年休假；交通、通讯补助。 职位福利：五险一金、员工旅游、定期体检、节日福利、绩效奖金 工作地点 历城区济南市山大路47号数码港大厦A-1007 以担保或任何理由索要财物，扣押证照，均涉嫌违法。一经发现， 立即举报,"售后技术支持,网络/信息安全,云计算/大数据,教育培训,政府机构,网络技术支持,集成服务",http://www.zhaopin.com/jobdetail/CC280474217J90250267000.htm?refcode=4019&srccode=401901&preactionid=cbb5b10b-eaa0-459b-b037-577fe8dc0f29
信息化工程师,天元瑞信通信技术股份有限公司,4000-6000元,石家庄·裕华·槐底,广州,学历不限,经验不限,7月23日,zhilian,岗位职责： 1.项目交付管理 负责政企客户（运营商、政府、央企、国企等）信息化项目的全生命周期提供规划设计咨询服务，包括客户需求分析、方案设计、造价分析等。 调内外部资源，确保项目按计划高质量交付，满足客户业务需求。 2.需求沟通与方案落地 与客户技术部门对接，梳理业务流程，提供定制化解决方案，并推动技术方案落地。 3.问题处理与风险管控 识别项目交付中的技术风险，解决系统兼容性、性能优化等问题，确保交付稳定性。 4.文档编写与知识传递 编制项目交付文档（项目建议书、可行性研究报告、设计方案、造价分析、汇报材料等），并完成客户评审及技术交底。 二、任职要求 1.学历与专业 本科及以上学历，计算机、通信、软件工程、电子信息等相关专业。 2.工作经验 2年以上信息化项目交付经验，有政务云、智慧城市、智慧医疗、企业数字化转型项目经验者优先； 3.技术能力 具备基础网络知识（TCP/IP、VPN、防火墙配置），熟悉网络安全及数据合规要求。 具备信息通信、计算机、互联网等专业基础知识； 对云计算、大数据、物联网等技术应用、重点行业领域信息化业务系统等有一定了解； 具备项目建议书、可行性研究报告、初步设计编制能力； 参与过行业信息化咨询、信息系统设计和开发，具备信息系统架构设计、获得过IT信息系或信息安全相关认证证书者优先； 4.软技能 出色的沟通协调能力，能高效对接客户；逻辑清晰，具备独立分析问题、解决问题的能力；抗压能力强，适应经常出差工作环境。 5.加分项 持有PMP、软考（系统集成/信息系统项目管理师）、咨询工程师、一级/二级建造师等认证者优先；熟悉政务行业政策（如等保2.0、数据安全法）或央企信息化建设标准者优先。 三、公司福利 五险一金、带薪年假、节日福利、绩效奖金、通讯补助、差旅补助等；提供 技术培训、职业发展通道 工作地点 裕华区石家庄东信数字经济产业园东信经济产业园8栋402 以担保或任何理由索要财物，扣押证照，均涉嫌违法。一经发现， 立即举报,"信息安全,云计算,物联网",http://www.zhaopin.com/jobdetail/CC133058570J40886416402.htm?refcode=4019&srccode=401901&preactionid=cbb5b10b-eaa0-459b-b037-577fe8dc0f29
工程师技术助理,北京芯青科技有限公司,4000-6000元,北京·丰台·六里桥,广州,本科,经验不限,1月19日,zhilian,岗位职责 协助运维防火墙、WAF 等安全设备，完成服务器、终端安全加固。 配合监控安全告警、参与漏洞扫描，整理安全报告。 协助等保、ISO27001 等合规材料整理及安全台账更新。 完成上级交办的其他安全相关辅助工作。 任职要求 本科及以上学历，专业不限 熟悉 TCP/IP 协议，了解 Windows/Linux 基础运维及常见安全工具。 细心负责，具备良好的沟通协作能力和自主学习能力。 有 Python/Shell 基础。 工作地点 北京丰台区首发大厦 以担保或任何理由索要财物，扣押证照，均涉嫌违法。一经发现， 立即举报,"工程施工,主机安全,IDC安全",http://www.zhaopin.com/jobdetail/CCL1514529480J40821681201.htm?refcode=4019&srccode=401901&preactionid=cbb5b10b-eaa0-459b-b037-577fe8dc0f29
实习初级系统工程师(J22071),神州数码（中国）有限公司,135-185元/天,长沙·芙蓉·定王台,广州,本科,经验不限,7月16日,zhilian,岗位职责: 1.负责所在业务产品的售前技术支持工作，包括客户交流、方案编写、配置报价、投标应标、测试等； 2.与厂商相关人员建立和保持良好的关系，相互配合，提高项目成功率和厂商满意度。 3.配合部门销售把控好项目动向，及时沟通和反馈人员和项目变化情况。 4.了解厂商、渠道需求，做好对渠道技术人员进行产品和技术知识的普及和提升培训。 5.保持良好的学习状态，紧跟技术发展，完成各阶段的技能认证和提升要求。 6.按时、按质、按量完成公司总部下发的季度MBO任务（涉及资质、能力提升等）。 任职要求: 1、计算机、电子信息、通信等相关专业。 2、至少熟悉华为、华三、思科等主流品牌之一的数通安全产品和技术情况。 3、具备良好的理解、沟通能力，有面向客户的售前经验者/培训宣讲经验者更佳。 4、熟悉TCP/IP协议，熟悉数据通信原理，熟悉动态路由协议、VPN技术等基本网络技术；对华为交换机、WLAN、路由器、防火墙等具体设备有项目实施或调试经验者优先。 工作地点 长沙市芙蓉区长沙市芙蓉区建湘路与五一路交汇处世茂环球金融中心43层07-08房 以担保或任何理由索要财物，扣押证照，均涉嫌违法。一经发现， 立即举报,网络通信设备,http://www.zhaopin.com/jobdetail/CC000067670J40876783303.htm?refcode=4019&srccode=401901&preactionid=cbb5b10b-eaa0-459b-b037-577fe8dc0f29
售前工程师,江西省天网大数据有限公司,8000-10000元,南昌·红谷滩,广州,本科,1-3年,7月22日,zhilian,职位描述 方案文档撰写 计算机硬件 工作职责 1. 负责公司项目的售前支持，包括需求调研、技术方案设计与成本测算，输出满足客户业务场景的可行性方案。 2. 配合销售团队完成客户拜访、产品演示与技术答疑，精准传递云计算产品的核心优势与业务价值。 3. 参与行业解决方案的沉淀与优化，结合客户反馈迭代技术文档与案例库，提升方案复用效率。 4. 跟踪云计算行业技术趋势与竞品动态，为公司产品迭代与市场策略提供技术参考。 任职要求 1. 本科及以上学历； 2. 具备优秀的方案撰写能力与逻辑表达能力，能独立完成技术白皮书。 3. 具备良好的客户沟通与需求挖掘能力，能快速理解客户业务痛点并提供针对性技术解决方案。 4.懂弱电，有公安系统设备搭建经验优先。 工作地点 南昌市红谷滩区石钟山路华硕御龙苑南侧约90米 以担保或任何理由索要财物，扣押证照，均涉嫌违法。一经发现， 立即举报,方案文档撰写,http://www.zhaopin.com/jobdetail/CCL1322412370J40922723012.htm?refcode=4019&srccode=401901&preactionid=cbb5b10b-eaa0-459b-b037-577fe8dc0f29
信息化工程师,大中矿业股份有限公司,1.5-1.8万,阿坝·马尔康市·马尔康镇,广州,大专,5-10年,7月14日,zhilian,职位描述 信息安全 通信/网络设备 软件/IT服务 矿产/冶金 工作内容与职责： 1、系统设计与开发 1）工作任务描述根据矿山企业业务需求，独立或带领团队设计信息化系统架构，涵盖数据架构、应用架构、技术架构，输出包含技术选型依据、接口规范、安全防护策略的设计方案；负责系统核心模块开发，开展单元测试及代码优化，解决开发过程中的兼容性、性能瓶颈等问题，确保功能满足业务场景需求。 2）工作成果描述《矿山企业信息化系统架构设计方案》《技术选型报告》《系统模块开发文档》《单元测试报告》《代码优化前后性能对比分析表》 3）工作规范描述系统架构设计需符合行业信息化标准及公司数据安全要求，方案需经业务部门及直属上级审核通过后方可落地；模块开发需遵循公司代码规范，单元测试需覆盖所有核心功能，未通过测试的模块不得进入下一环节；代码优化后系统响应时间需较优化前缩短 20% 以上，且无新增 bug。 2、系统实施与部署 1）工作任务描述主导或参与矿山企业信息化项目，结合业务优先级制定实施计划，明确关键节点、资源分配及风险管控方案；协调跨部门资源，推进项目落地；负责系统部署配置、历史数据迁移，对接外部运营商，确保网络带宽、稳定性满足系统运行需求。2）工作成果描述《信息化项目实施计划及风险管控方案》《系统部署配置清单》《数据迁移报告》《跨部门协调会议纪要》《运营商对接确认单》3）工作规范描述 3、实施计划需明确各环节责任人及完成时限，偏差率需控制在 5% 以内；数据迁移前需进行全量备份，迁移准确率需达 100%，迁移后需联合业务部门验证数据完整性；系统上线前需完成压力测试，确保无宕机风险；运营商对接需在项目启动前 15 个工作日完成，避免因网络资源延迟影响项目进度。系统运维与优化 1）工作任务描述建立 7×24 小时信息系统运行监控机制，定期巡检服务器、数据库、网络设备运行状态，记录监控数据；及时响应并处理系统故障，制定故障解决方案，协调资源修复；每季度开展系统性能优化，包括数据库索引优化、服务器扩容、冗余代码重构；制定数据备份策略及恢复预案，定期开展恢复测试。2）工作成果描述《信息系统运行监控日志》《故障处理报告》《系统性能优化方案及执行记录》《数据备份与恢复策略文档》《数据恢复测试报告》3）工作规范描述运行监控需确保无漏检，关键设备故障预警响应时间≤10 分钟；故障处理需区分等级：紧急故障 1 小时内启动修复，4 小时内恢复；一般故障 4 小时内启动修复，24 小时内恢复；性能优化后系统故障率需较优化前降低 30% 以上；数据备份需存储在异地服务器，恢复测试每半年开展 1 次，确保极端情况下数据可完整恢复。 4、技术支持与创新 1）工作任务描述为公司各部门提供信息化系统使用技术支持，解答操作疑问，远程或现场协助解决系统使用问题；梳理各部门业务流程，提出数字化优化方案，推动业务效率提升；每半年跟踪云计算、大数据、人工智能、物联网等行业新技术，评估其在矿山业务中的应用价值，形成调研报告并提出技术创新提案。2）工作成果描述《技术支持记录表》《业务流程数字化优化方案及落地效果报告》《行业新技术调研报告》《矿山信息化技术创新提案》 3）工作规范描述技术支持需在收到需求后 24 小时内响应，解决方案用户满意度≥80%；业务流程优化方案需结合部门实际需求，落地后需使业务办理时长缩短 15% 以上；新技术调研需覆盖至少 3 项主流技术，报告需包含技术原理、应用案例、成本测算；创新提案需经技术可行性论证，每年至少 1 项提案进入试点阶段。 5、安全与合规管理 1）工作任务描述落实,"信息安全,矿产/冶金",http://www.zhaopin.com/jobdetail/CC660429520J40881658013.htm?refcode=4019&srccode=401901&preactionid=cbb5b10b-eaa0-459b-b037-577fe8dc0f29
数智化工程师助理,格致(重庆)智能控制系统有限公司,4000-8000元,重庆·两江新区,广州,本科,经验不限,7月25日,zhilian,岗位职责： 负责 NocoBase 或 致远 OA 系统的日常配置、流程搭建、表单设计及用户权限管理； 根据业务需求，独立完成工作流、审批流、数据模型等低代码应用的开发与维护； 协助处理系统使用中的问题排查、数据整理、用户支持等日常运维事务； 使用 岗位职责： 岗位职责： 负责 NocoBase 或 致远 OA 系统的日常配置、流程搭建、表单设计及用户权限管理； 根据业务需求，独立完成工作流、审批流、数据模型等低代码应用的开发与维护； 协助处理系统使用中的问题排查、数据整理、用户支持等日常运维事务； 使用 Inkscape（或其他矢量工具）设计和绘制 SCADA/HMI 风格的人机界面原型图（如设备监控面板、数据看板等）； 完成其他临时性、琐碎但重要的辅助性工作（如文档整理、简单脚本编写、截图标注等）。 任职要求： 熟悉 NocoBase 或 致远协同 OA（A8/A6/M3 等）至少一种平台，有实际配置或二次开发经验； 能理解业务流程，并将其转化为系统逻辑（如审批、通知、数据联动等）； 熟练使用 Inkscape（或 Illustrator/Figma），能制作清晰、美观、可交互示意的矢量界面图； 具备基本的 IT 素养，沟通顺畅，责任心强，能独立推进任务； 有工业自动化、SCADA、组态软件相关经验者优先（非必需，但加分）； 工作地点 两江新区格致(重庆)智能控制系统有限公司格致（重庆）智能控制系统有限公司 以担保或任何理由索要财物，扣押证照，均涉嫌违法。一经发现， 立即举报,"OA系统,HTML,HTML5,Linux",http://www.zhaopin.com/jobdetail/CCL1400123410J40823631311.htm?refcode=4019&srccode=401901&preactionid=cbb5b10b-eaa0-459b-b037-577fe8dc0f29
售前技术支持,卡啦(杭州)网络科技有限公司,8000-10000元·13薪,杭州·拱墅·米市巷,广州,本科,经验不限,7月24日,zhilian,职位描述 云服务产品 云计算售前支持 云架构方案设计 技术方案输出 工作职责： 1. 负责云计算产品的售前技术支持，深度理解客户业务场景，输出针对性的技术解决方案。 2. 主导客户需求调研与分析，结合公司产品能力设计架构方案，支撑销售团队完成项目攻坚。 3. 完成产品演示、技术宣讲及POC验证，协助客户完成技术选型与决策。 4. 沉淀行业解决方案与技术文档，为销售团队提供持续的技术赋能。 任职要求： 1. 本科及以上学历，计算机、通信等相关专业，具备扎实的云计算技术基础。 2. 熟悉主流云计算平台（如阿里云、AWS、华为云）的核心产品与服务，了解云原生、容器化等技术趋势。 3. 具备良好的沟通表达能力与方案撰写能力，能独立完成技术方案输出与客户汇报。 4. 有云计算行业售前、技术咨询或解决方案经验者优先。 工作地点 杭州拱墅区武林壹号B区b座 以担保或任何理由索要财物，扣押证照，均涉嫌违法。一经发现， 立即举报 客户,"云服务产品,云计算售前支持,云架构方案设计,技术方案输出",http://www.zhaopin.com/jobdetail/CC866314460J40870342610.htm?refcode=4019&srccode=401901&preactionid=cbb5b10b-eaa0-459b-b037-577fe8dc0f29
设备技术员,江苏云盛汇才数字科技有限公司,1-1.4万,深圳·龙岗·龙岗街道,广州,大专,1-3年,7月17日,zhilian,职位描述 网络设备 计算机硬件 数据中心硬件运维 故障排查修复 预防性维护 工作职责 1. 负责服务器、网络设备、存储设备等硬件的日常巡检与维护，确保设备稳定运行。 2. 执行设备的安装、调试、升级与更换操作，严格遵循标准化流程，保障操作安全合规。 3. 快速响应设备故障告警，通过故障排查定位问题并实施修复，减少业务中断时间。 4. 记录设备运行数据与维护日志，定期整理分析，提出预防性维护建议。 任职要求 1. 大专及以上学历，计算机、电子信息、机电工程等相关专业优先。 2. 具备1年以上硬件设备维护经验，熟悉服务器、交换机、存储等设备的硬件结构与原理。 3. 掌握基础的网络知识与设备诊断工具，能独立完成常见硬件故障的排查与修复。 4. 具备较强的责任心与执行力，能适应轮班制及紧急故障处理的工作需求。 岗位福利 五险一金，双休，法定正常放。突发或特殊情况需要到岗（有加班费或调休） 有房补或提供简易宿舍，有餐补。 工作地点 深圳市-龙岗区-龙岗大道6018号B楼-南区1407-2 以担保或任何理由索要财物，扣押证照，均涉嫌违法。一经发现， 立即举报,"网络设备,计算机硬件,数据中心硬件运维,故障排查修复,预防性维护",http://www.zhaopin.com/jobdetail/CCL1523595660J40856790611.htm?refcode=4019&srccode=401901&preactionid=cbb5b10b-eaa0-459b-b037-577fe8dc0f29
计算机老师,河南泽智林科技有限公司,5000-7000元,郑州·新郑·和庄,广州,本科,经验不限,7月4日,zhilian,岗位职责： 1、负责计算机课程（动态网页、Java、Android应用基础、Python、C语言、access、vb、mySQL、计算机组装与维护、计算机网络技术等）的课程讲授； 2、解题技巧以及教学方法的讲授； 3、熟练编程、网络设备管理，具有人工智能、大数据、云计算项目经历者优先 4、保障教学任务顺利完成； 任职资格： 1、本科及以上学历，有工作经验者优先； 2、计算机科学与技术、软件工程、网络工程、大数据等专业； 工作地点 新郑市郑州财税金融职业学院中专部航空港校区 以担保或任何理由索要财物，扣押证照，均涉嫌违法。一经发现， 立即举报,"IT培训,集体授课",http://www.zhaopin.com/jobdetail/CCL1491057830J40705024201.htm?refcode=4019&srccode=401901&preactionid=cbb5b10b-eaa0-459b-b037-577fe8dc0f29
技术支持工程师,金蝶软件(中国)有限公司沈阳分公司,6000-8000元·14薪,沈阳·皇姑,广州,本科,1-3年,7月21日,zhilian,职位描述 售后技术支持 计算机软件 云计算 软件/IT服务 1.负责按客户SLA（服务水平协议）、技术支持交付规范和流程提供技术支持服务（包括远程与现场服务），处理在软件产品使用过程中遇到的问题，确保客户产品应用正常，问题被及时有效处理，提升客户服务满意度； 2.发现风险、识别问题、挖掘客户的需求，结合客户业务目标、发展规划及行业特性等，提取价值信息，反馈产品改善建议，持续为客户创造价值； 3.负责专项服务交付与保障； 4.被指定为列名客户、战略客户的技术支持负责人，负责上述客户技术支持工作与统筹相关服务资源。 任职要求： 1.本科及以上学历，有财务会计基础知识，管理科学、会计、会计电算化、财务管理、计算机信息管理等相关专业优先;； 2.熟悉至少一种主流ERP系统（如金蝶、用友、SAP、Oracle等）的合并报表业务逻辑及系统操作‌，能独立完成系统配置； 3.2年以上IT服务/财务/会计相关工作经验，具有较好的服务意识、语言表达能力和沟通能力; 4.能适应短期的省内出差； 5.熟悉企业会计准则、合并报表编制流程及财务数据分析方法者优先； 5.有大型集团企业信息化实施或运维经验者优先。 工作地点 皇姑区沈阳信悦汇F2座20楼 以担保或任何理由索要财物，扣押证照，均涉嫌违法。一经发现， 立即举报,售后技术支持,http://www.zhaopin.com/jobdetail/CC226090410J40226986610.htm?refcode=4019&srccode=401901&preactionid=cbb5b10b-eaa0-459b-b037-577fe8dc0f29
互联网信息技术工程师（南昌）,华信咨询设计研究院有限公司江西分公司,7000-14000元,南昌·西湖·绳金塔,广州,本科,1-3年,7月18日,zhilian,职位描述 咨询 通信/网络设备 云计算 软件/IT服务 产业互联网平台 信息安全 计算机软件 工程技术与设计服务 工作内容： 1. 主要负责运营商、政企、行业等 ICT系统、云计算、大数据、网络安全类工程项目可行性研究、工程勘察设计，以及其他技术支撑服务工作（包含绘制标准规范CAD图纸、预算和说明文件），根据要求进行相关专业咨询、规划等工作。 2. 负责与客户的技术汇报、交流和沟通，现场解决客户提出的专业问题。 3. 理解客户、合作伙伴及行业需求，为政企客户定制设计业务解决方案。 专业要求： 1. 本科及以上学历，信息与通信工程、网络及信息安全、计算机科学与技术等通信相关专业； 2. 有2年以上IT行业或者通信行业工作经验者优先； 3. 有较全面的相关专业基础理论知识和专业技术知识，有较好的学习能力和实践能力。熟悉主流IT设备、网络设备、安全类设备，对数据库、操作系统、主流第三方软件有一定了解，对大数据、云计算知识体系有一定了解； 4. 能够熟练使用CAD、OFFICE等常用工具，熟悉方案撰写、方案讲解、产品演示、工作汇报等工作； 5. 有较好的理解、沟通、表达能力，爱学习能吃苦，工作热情、积极向上，入职后长期稳定，有团队合作意识。 工作地点 南昌西湖区南宾国际金融大厦9F 以担保或任何理由索要财物，扣押证照，均涉嫌违法。一经发现， 立即举报,"咨询,云计算,产业互联网平台,信息安全,工程技术与设计服务",http://www.zhaopin.com/jobdetail/CC385133580J40847748913.htm?refcode=4019&srccode=401901&preactionid=cbb5b10b-eaa0-459b-b037-577fe8dc0f29
AI数据自动技术支撑员,顺丰速运,1.5-2万·14薪,厦门·集美·杏林,广州,本科,1-3年,7月24日,zhilian,职位描述 人工智能 云计算 物联网 软件/IT服务 一、核心工作职责 1. 全域数据治理与孤岛打通 盘点公司分散多业务平台数据源，梳理数据口径冲突、重复数据；通过脚本、轻量化工具完成多系统数据自动抓取、清洗、统一归集，搭建企业轻量化统一数据底座，消除跨部门反复导数、核数工作。 2. AI自动化流程开发落地 基于Python、LLM大模型API、n8n/RPA工具，开发自动化报表、智能经营通报、台账自动更新、数据异常预警工具，替代各部门纯手工数据整理、发布通报工作；搭建简易AI工作流模板，交付给各部门AI种子人员复用。 3. 业务需求转化与一线赋能 对接业务/运营/经营AI BP、各部门AI种子联络员，收集一线数据低效痛点，把业务人员非标准化需求转化为可落地的自动化技术方案；编写操作手册、开展种子人员AI工具培训，扩大AI落地触达面。 4. 全项目交付支撑 配合工作组负责人输出阶段性提效报告、人员优化测算数据；归档所有自动化脚本、数据标准、技术文档；持续迭代优化AI工具，跟进全周期7-12月分阶段落地任务。 5. 跨小组协同 常态化联动工作价值巡视组，基于巡视组Excel工作摸排清单，识别高耗时数据工作，输出AI替代技术可行性方案。 二、任职要求（硬性+软性，汇报领导可直接使用） （一）硬性专业要求 1. 学历专业：本科及以上，计算机、大数据、统计学、人工智能相关专业；业务数字化实战经验丰富可放宽大专。 2. 代码&数据能力：熟练Python（Pandas、NumPy）、SQL，能独立编写数据清洗、跨系统数据同步脚本；精通Excel高级函数、Power Query数据处理。 3. AI自动化工具能力： ◦ 熟练调用主流大模型API（通义千问、DeepSeek等），掌握Prompt工程，能自动生成经营报表、数据通报文档； ◦ 掌握n8n、影刀、Power Automate任一自动化工作流平台，有RPA流程搭建经验； ◦ 了解RAG知识库、文档OCR解析，可实现PDF/表格数据自动提取。 4. 数据治理经验：有企业多系统数据整合、数据口径标准化、数据质量校验实操经验，处理过多部门分散数据场景优先。 工作地点 厦门市-集美区-诚毅大街 以担保或任何理由索要财物，扣押证照，均涉嫌违法。一经发现， 立即举报,"人工智能,云计算,物联网",http://www.zhaopin.com/jobdetail/CC131486150J40875955014.htm?refcode=4019&srccode=401901&preactionid=cbb5b10b-eaa0-459b-b037-577fe8dc0f29
技术人员,仁宁悟技术服务有限公司,7000-10000元,成都·金牛·营门口,广州,大专,经验不限,12月4日,zhilian,岗位职责： 1、负责技术部门的统筹管理； 2、负责项目实施交付验收的管理； 2、负责已建项目的售后服务的管理； 3、协助销售提供技术支持； 4、协助办公室提供标前支持； 5、完成公司交办的其它工作。 任职要求： 1、计算机、网络、通讯等相关专业大专及以上学历； 2、熟练掌握3Dmax，CAD，PHOTOSHOP等常用软件，有效果图方案设计经验者优先； 3、具备IP网络基础知识，了解TCP、IP以及互联网等网络相关概念与技术原理，对网络产品、电子产品、音视频技术等有基本的认识和调试能力； 4、良好的学习能力，对技术有专研的热情；热爱技术、有志长期服务技术专业； 良好的沟通能力和服务意识，能够承受一定的工作压力。工作认真负责，积极主动，较好的执行力和沟通能力，良好的服务意识，有相关工作经验者优先。 薪资：面议 工作地点 成都金牛区金璐天下1栋1单元13层1302号 以担保或任何理由索要财物，扣押证照，均涉嫌违法。一经发现， 立即举报,"软件产品,硬件产品,智能产品",http://www.zhaopin.com/jobdetail/CCL1398888720J40699454608.htm?refcode=4019&srccode=401901&preactionid=cbb5b10b-eaa0-459b-b037-577fe8dc0f29
云计算售前咨询（非外包）,概泽信息科技(大连)有限公司,3000-6000元,大连·甘井子·凌水,广州,大专,经验不限,7月25日,zhilian,岗位职责： 1.承接官方数据，按照实际要求完成数据跟进及相关转化，通过行业相关知识准确判断客户问题并完成商机转化； 2.需要对客户所在行业有了解，提出有价值的解决方案； 岗位要求： 1、有顾问型销售能力，善于把握需求、分析问题、解决问题； 2、有云从、互联网电话销售、微信客户维护经验优先； 3、口齿清晰，普通话标准流利，具备良好沟通能力； 4、积极上进，性格开朗，善于思考，学习能力强，团队合作精神； 5、有韧性、有抗压能力； 6、接受实习生，头脑灵活，学习能力强，喜欢与人沟通者优先； 7、属于技术支持岗，需要有Iaas层基础知识（接受0经验学习能力强）+主动沟通能力 薪资待遇： 1、薪资组成：无责薪资3000+职级+提成+绩效 2、工作时间：早9-晚6，周末双休，法定节假日正常休息；公司提供免费零食； 3、国家规定社会保障福利； 4、公司提供完善的各项专业培训（相关产品+企业级客户沟通技巧+互联网、IT各方面行业） 5、性别不限，大专及以上学历优先； 工作地点 大连甘井子区御府国际大厦12层01室 以担保或任何理由索要财物，扣押证照，均涉嫌违法。一经发现， 立即举报,云服务产品,http://www.zhaopin.com/jobdetail/CCL1417198170J40731576014.htm?refcode=4019&srccode=401901&preactionid=c0d7be28-dd09-4a6d-84aa-daa955aa9e1a
工科专岗（接受小白）双休 有住宿,聚思鸿信息技术服务(大连)有限公司,4000-7000元·13薪,西安·长安·斗门,广州,大专,经验不限,6月11日,zhilian,职位描述 双休 社保 年终奖 offer当天拿，工资当月发，无经验要求，双休交社保，还提供公寓式住宿！ 工科专业的小伙伴可享受工科津贴哦~ HR详细给您介绍，没有套路，欢迎咨询~ 公司直招，全职岗位，上市外企，资金实力雄厚，长期稳定发展的第一选择！ 工作时间：5天8h工作制，保证每周双休！ 工作内容：国内知名电子品牌售后技术类答疑工作，每天接听量在30-40之间，工作轻松不销售！ 福利待遇： 1.入职即缴纳六险一金（第6险公司全额缴纳，生病住院100%报销，直系亲属也能用！） 2.5-15天带薪年假，各类假期福利丰厚！生日当天也可以全薪休假！（这简直不要太给力好嘛！） 3.5A级办公环境，愉悦舒适的办公氛围，各种节日礼品享不停！ 4.接受无经验小白，我们有专业体系化的带薪培训，新人上岗有组长全程带教 任职要求： 1.大专及以上学历，工科专业优先； 2.普通话标准流利，沟通表达清晰； 3.具备基本电脑操作能力； 公司位于鱼化寨地铁口附近-沣悦云创中心17-25层共9层约1600人，生活交通都很便利！楼下就有公交站，附近就有3号线和5号线！ Concentrix/聚盟，上市外企，全球500强，总部在大连，中国区有1.5万万名员工，10家运营中心，全球75个国家20多万员工，团队基本都是90后00后，工作氛围轻松愉悦！欢迎咨询 奖金绩效 交通补助、生日福利、节日福利、员工旅游、带薪年假、年终奖 工作地点 西安长安区沣悦云创中心 以担保或任何理由索要财物，扣押证照，均涉嫌违法。一经发现， 立即举报,"双休,社保,年终奖",http://www.zhaopin.com/jobdetail/CC620432920J40767081116.htm?refcode=4019&srccode=401901&preactionid=c0d7be28-dd09-4a6d-84aa-daa955aa9e1a
通信工程师,郑州森能信息科技有限公司,4000-8000元,郑州·中原·石佛,广州,本科,1-3年,3月12日,zhilian,岗位职责： 1、现场勘察：负责客户现场网络环境实地勘察，精准采集场地布局、设备部署条件、链路资源等关键信息。 2、组网设计：基于勘察结果与业务场景，独立完成网络拓扑设计，制定技术方案，确保方案。 3、机柜安装与设备部署：主导机柜及网络设备（交换机、路由器、防火墙等）的现场安装、调试与上架工作，严格遵循行业规范与安全标准， 4、故障排查与运维支持：负责网络系统日常运维监控，快速定位并解决网络连通性、性能瓶颈、设备故障等问题，提供 7×12 小时应急故障响应支持，降低业务中断风险；定期输出运维报告，提出优化建议。 5、有工业物联网、智慧园区类项目经验者优先。 任职要求： 1、通讯网络工程、物联网工程等本科相关学历，具备 2 年以上网络现场勘察与组网设计经验， 2、熟练掌握机柜安装规范，有物联网设备（网关、边缘节点、传感器）上架、布线、调试实操经验，能妥善处理复杂场景下的终端接入与组网问题（如远距离传输、多终端并发接入） 3、精通 TCP/IP 协议，熟悉主流厂商（华为、华三、Cisco 等）网络设备及物联网网关配置，了解 LoRa、NB-IoT、WiFi、5G 等物联网通信技术，具备较强的物联网网络故障排查能力，能快速解决终端接入失败、数据传输异常等问题。 4、持有 HCNA、HCNP、CCNA、CCNP 或物联网相关认证（如华为 IoT 认证、阿里云 IoT 认证）者优先。 职位福利：五险一金、全勤奖、绩效奖金、交通补助、餐补、年终分红 工作地点 郑州中原区河南省国家大学科技园-西区 以担保或任何理由索要财物，扣押证照，均涉嫌违法。一经发现， 立即举报,"光纤通信,数据通信,电力通信",http://www.zhaopin.com/jobdetail/CC171880710J40815781808.htm?refcode=4019&srccode=401901&preactionid=c0d7be28-dd09-4a6d-84aa-daa955aa9e1a
售前工程师,北京神州数字科技有限公司,7000-12000元,大理·大理市·下关街道,广州,本科,1-3年,7月21日,zhilian,岗位职责： 1、具备教育、农商、文旅、无人机等某一行业售前能力，且能同时兼顾多行业商机需求挖掘与引导、需求收集与分析、方案制定、方案汇报等工作。 2、日常能完成省内汇报材料、支撑方案、数据统计分析等材料的撰写工作。 3.负责组织编写建议书，技术方案及演讲PPT等材料，并协助投标商务，进行项目述标。 支撑产品行业展会、客户推介会、研讨会等业务推介活动开展。 任职要求： 1、本科及以上学历，通信、计算机、市场营销、电子、网络工程、物联网、云计算等相关专业； 2、2年及以上通信、网络、IT等相关售前工作经验，教育、农商、文旅、无人机等关联行业售前支撑等工作经历优先； 3、熟练掌握office办公软件的使用； 4、优秀的沟通能力，工作效率高，责任心强，乐观向上，具有积极的工作态度，有良好的团队精神和服务意识；能接受省内出差。 双休 五险一金 工作地点 云南省大理白族自治州大理市人民街5号云南省大理白族自治州大理市人民街5号 以担保或任何理由索要财物，扣押证照，均涉嫌违法。一经发现， 立即举报,物联网,http://www.zhaopin.com/jobdetail/CCL1280870410J40523203406.htm?refcode=4019&srccode=401901&preactionid=c0d7be28-dd09-4a6d-84aa-daa955aa9e1a
项目驻场（技术方向）,北京智视数策科技发展有限公司,7000-9000元,北京·通州,广州,本科,1-3年,3月18日,zhilian,岗位职责： 1、项目支持：与政府部门及相关各方保持密切沟通，确保项目信息及时准确传递。 2、系统支持：甲方系统的日常操作问题解答，系统维护及演示等工作。 3、及时发现项目实施过程中的问题，并向政府部门及相关领导进行反馈，并提出合理的解决方案建议。 4、支持局内系统平台运维，包括数据运维、安全运维等； 5、支持局内大型活动的举办，到现场参与会务支持、宣传等；配合局内老师的日常工作等； 6、积极配合领导交办的其他任务。 任职要求： 1、本科及以上学历，计算机相关专业，优秀的应届生亦可； 2、3年以上工作经验，有1年以上政府项目驻场经验或国央企/事业单位工作经验优先考虑； 3、有一定的文字功底：有编辑或政府报告书写经验优先考虑； 4、为人机灵，踏实，善于学习与思考，保密意识强； 5、心思细腻，逻辑思维敏捷，可快速抓住任务重点，及拆解任务要求； 6、熟练使用各种办公软件，如PPT、Word、Excel等。 7、工作积极主动，遇事沉稳，有大局意识； 8、中共党员优先。 工作地点 北京通州区达济街5号院 以担保或任何理由索要财物，扣押证照，均涉嫌违法。一经发现， 立即举报,政企软件项目,http://www.zhaopin.com/jobdetail/CCL1228917270J40700733605.htm?refcode=4019&srccode=401901&preactionid=c0d7be28-dd09-4a6d-84aa-daa955aa9e1a
IT实习生,银联企业服务(上海)有限公司,140-150元/天,成都·龙泉驿·大面,广州,学历不限,经验不限,7月2日,zhilian,"岗位职责】 1、在公司工程岗位实习； 2、熟悉公司各部门的运作情况； 3、配合领导做好各部门的衔接工作； 4、完成领导交办的其他工作。 【任职资格】 1、熟练掌握C/C++/JAVA/python等开发语言中的一种或多种,有丰富编程经验和开发经验，熟悉大中型软件的开发流程；能熟练运用Mysql、SQLServer、linux、云计算等系统软件，有较丰富的系统维护和测试经验； 2、具备较强的工作责任心和解决问题能力、良好的沟通表达能力和文档编写能力，具有良好的团队协作精神、创新激情和客户服务精神，能承担一定压力； 工作地点 成都市-龙泉驿区-四川成都市龙泉驿区金茶路508~510号爱达乐龙泉店爱达乐蛋糕4楼401室 以担保或任何理由索要财物，扣押证照，均涉嫌违法。一经发现， 立即举报","系统维护,软件开发",http://www.zhaopin.com/jobdetail/CC120996590J40289246804.htm?refcode=4019&srccode=401901&preactionid=c0d7be28-dd09-4a6d-84aa-daa955aa9e1a
数据中心-基础运维技术员,天津江天智云科技有限公司,5000-7000元·13薪,天津·北辰·西堤头,广州,大专,1-3年,6月12日,zhilian,"岗位职责： 1.负责数据中心7*24小时的现场值班工作,包括动环监控、安防监控等系统，并负责统计日常的运维数据报表；； 2.负责执行数据中心每天定时或不定时的巡检任务; 3.负责人员和设备的进出管理和登记,客户需求的登记和记录，并对客户问题予以及时响应； 4.当现场发现应急事件时，应及时通过相应主管，由主管指导相关的事项的处理； 5.负责对本班次的巡检工器具、仪表、钥匙等工作用品进行管理； 6.负责每日接班时清点公用应急工具及仪器仪表确认无遗失； 7.领导安排的其他工作。 任职资格: 1.大专及同等以上学历； 2.电气和暖通相关专业； 3.具备电工证或制冷证; 4.值班人员要求从事值班维护运行工作1 年以上；应届生可适当放低要求，但是操作现场设备时必须具备1年以上的工作经验； 5.应能达到对中低压配电设备、暖通设备熟练操作，可以处理复杂故障和应急操作的技能要求，应了解数据中心低压配电系统和中压配电系统以及暖通系统，应具有配电、暖通一次系统读图能力。 6.有良好的职业素养和职业道德；有一定的抗压能力。 职位福利：五险一金、绩效奖金、带薪年假、餐补、交通补助 工作地点 北辰区天津江天数据科技有限公司津榆公路609号 以担保或任何理由索要财物，扣押证照，均涉嫌违法。一经发现， 立即举报",云计算,http://www.zhaopin.com/jobdetail/CC840899790J40463440203.htm?refcode=4019&srccode=401901&preactionid=c0d7be28-dd09-4a6d-84aa-daa955aa9e1a
网络技术工程师（医疗驻场运维项目）,武汉市德发电子信息有限责任公司,7000-8000元,武汉·硚口·六角亭,广州,本科,3-5年,7月18日,zhilian,岗位职责 1、负责局域网、广域网、数据中心网络架构设计、落地与持续优化，保障网络稳定可靠； 2、负责华为、思科、锐捷、华三主流网络设备（路由器、交换机、OLT、无线 AP 等）配置、调试、日常运维； 3、快速排查定位复杂网络故障，保障医疗业务不间断运行，熟悉医疗行业网络操作规范与业务流程。 4、持续学习网络前沿技术，结合医疗项目业务场景落地技术优化方案； 5、梳理项目技术经验，编写标准化技术文档、故障案例库，完成内部知识沉淀。 二、任职要求 （一）硬性基础条件 1、学历专业：本科及以上，网络工程、计算机通信等相关专业； 2、工作经验：3 年及以上网络实施 / 运维工作经验； （二）专业技术能力 1、精通 OSPF、STP 等路由交换协议，具备交换机堆叠实施经验，熟练掌握二层、三层网络原理，可独立设计、优化复杂网络拓扑； 2、精通华为、思科、锐捷、华三全系列交换机、路由器配置调试，具备华为 OLT、华为 AP、思科 AP 调试实操经验； 3、了解 SD-WAN 组网架构，具备全光网络部署、运维实操能力； 4、熟悉医院信息化网络架构、医疗行业网络运维规范者优先录用。 （三）综合职业素养 1、自主学习能力强，主动跟进网络新技术、行业新方案； 2、工作严谨负责，具备极强责任心，保障医院网络 7×24 小时稳定运行； 3、抗压能力优秀，突发网络故障可快速响应、连夜排查处置； 4、沟通协调顺畅，擅长跨团队协作，性格外向温和，善于对接客户与内部同事。 工作地点 硚口区武汉市第一医院 以担保或任何理由索要财物，扣押证照，均涉嫌违法。一经发现， 立即举报,网络运维,http://www.zhaopin.com/jobdetail/CC121118070J40873965214.htm?refcode=4019&srccode=401901&preactionid=c0d7be28-dd09-4a6d-84aa-daa955aa9e1a
信息技术专员,辽宁汇通通信服务有限公司,4000-6000元,沈阳·浑南·白塔,广州,本科,经验不限,4月3日,zhilian,职位描述 云计算 产业互联网平台 二）主要职责 负责网络服务平台、管理平台的全流程研发搭建、系统测试、功能优化及日常运维保障工作，确保平台稳定高效运行。 二、任职条件要求 1.身体健康，能适应岗位工作要求。本科及以上学历，原则上计算机相关专业。 2.具备智慧化系统独立研发实战能力，熟练掌握各类相关开发技术与工具，精通岗位所需人工智能（AI）核心技术。 3.至少拥有3年及以上软件开发相关工作经验，具有人工智能、云计算、物联网等智慧化技术领域项目实操或从业经历者优先考虑。 三、薪酬福利待遇 月工资4600元-4800元，享受年终绩效奖金、十三薪、节假日福利、生日福利、用餐补助，每年提供一次年度体检，试用期满后按规定缴纳五险一金。 工作地点 沈阳浑南区智慧二街 以担保或任何理由索要财物，扣押证照，均涉嫌违法。一经发现， 立即举报,"云计算,产业互联网平台",http://www.zhaopin.com/jobdetail/CC539106280J40944199302.htm?refcode=4019&srccode=401901&preactionid=c0d7be28-dd09-4a6d-84aa-daa955aa9e1a
智算IT运维工程师（怀柔机房）,北京北龙云海网络数据科技有限责任公司,6000-12000元,北京·怀柔·北房,广州,大专,经验不限,2月6日,zhilian,岗位职责: 1.负责智算中心IT设施的交付，服务器上架与装机； 2.负责智算中心IT设施设备的验收与测试，bios、布线、接口等硬件参数调试； 3.负责服务器的故障处理和跟进、软硬件参数调优、软硬件性能测试与优化； 4.负责在硬件层面支持智算中心IT自动化运维平台的开发、部署、日常运行优化工作； 5.面向企业级AI计算和高性能计算应用场景，组织实施智能算力集群的建设、运维、优化工作: 6.评估各类异构AI计算芯片，在各类场景下的适配性，组织算力调度系统研发工作； 7.设计、优化、评估智算中心网络，测试、评估各类软、硬件及方案适配性； 8.支撑算力用户设计并实施个性化解决方案，配合用户完成算力增值服务。 任职要求: 1.熟悉主流GPU硬件架构，熟悉环境部署，有智算中心排障调优经验； 2.熟悉至少一种主流深度学习编程框架、熟悉智算底层架构和实现机制; 3.熟悉liuxn，网络设备、安全设备，有相关认证优先； 4.有全流程的LLM/多模态大模型部署应用经验，熟悉多机、多卡集群的部署、调优； 5.具备扎实的编程能力，良好的工程素养，团队合作能力和沟通能力强，抗压能力强，具有较强的自我驱动力； 6、有云计算，存储经验，有相关认证优先； 7、熟悉Docker和Kubernetes； 8、一定的脚本编写能力； 9、熟悉监控工具； 10、对服务器硬件及参数，硬件适配、排障有一定了解。 工作地点 北京怀柔区中国科学院计算机网络信息中心怀柔分中心 以担保或任何理由索要财物，扣押证照，均涉嫌违法。一经发现， 立即举报,"智算中心,Docker,硬件/设备运维",http://www.zhaopin.com/jobdetail/CC671106520J40638536802.htm?refcode=4019&srccode=401901&preactionid=c0d7be28-dd09-4a6d-84aa-daa955aa9e1a
算力平台技术岗,雄安云网科技有限公司,1.6-3万,保定·容城·容城镇,广州,本科,3-5年,7月22日,zhilian,岗位职责： 1.负责算力调度平台技术建设、资源纳管、异构算力接入、调度联调工作； 2.对接各机房、GPU集群、国产算力设备、云资源，完成算力资源对接、适配、上线、监控； 3.负责算力调度、任务编排、资源分配、负载优化、算力运维、故障排查； 4.配合平台版本迭代、功能开发、测试验收，输出技术方案、对接方案、运维文档； 5.负责平台与政务系统、监管系统、上级算力平台的接口对接与互联互通； 6.负责算力资源使用率、任务成功率、平台稳定性优化，保障平台7×24小时稳定运行。 任职要求： 1.本科及以上学历，计算机、软件工程、云计算、大数据、网络工程相关专业； 2.熟悉服务器、GPU集群、虚拟化、K8s、容器、云资源基本架构； 3.3年及以上算力服务平台体系搭建相关工作经验，了解算力调度、资源纳管、异构算力、算力监控、计费体系者优先； 4.具备基础故障排查、网络调试、系统运维能力； 5.思维严谨、责任心强，能够独立完成技术对接与落地工作； 6.有算力平台、云平台、大数据平台建设经验或政务项目经验优先。 工作地点 保定容城县雄安城市计算(超算云)中心 以担保或任何理由索要财物，扣押证照，均涉嫌违法。一经发现， 立即举报,"算力体系,算力平台",http://www.zhaopin.com/jobdetail/CCL1242311940J40863464807.htm?refcode=4019&srccode=401901&preactionid=c0d7be28-dd09-4a6d-84aa-daa955aa9e1a
it工程师,四川鸿洲合创科技有限公司,1.3-2.6万,兰州·城关区·广武门街道,广州,中专/中技,3-5年,5月30日,zhilian,职位描述 桌面运维 软件运维 网络运维 云计算 软件/IT服务 计算机硬件 工作职责： 1. 负责公司AI相关系统的日常运维与故障排查，保障系统稳定运行。 2. 参与AI项目的技术支持工作，协助开发团队完成系统部署与优化。 3. 编写技术文档，记录系统配置与维护流程，提升团队协作效率。 4. 跟踪行业技术动态，引入适用的工具与方法，持续优化技术支持体系。 任职要求： 1. 计算机、软件工程等相关专业。 2. 熟悉Linux系统操作，掌握至少一种编程语言（如Python、Java）。 3. 具备基础的网络知识与数据库操作能力，能独立解决常见技术问题。 4. 有AI项目经验或了解机器学习基础概念者优先。 5. 具备良好的沟通能力与团队协作精神，能快速响应业务需求。 工作地点 兰州城关区宏丰大厦A座 以担保或任何理由索要财物，扣押证照，均涉嫌违法。一经发现， 立即举报,"桌面运维,软件运维,网络运维",http://www.zhaopin.com/jobdetail/CCL1516044170J40907417112.htm?refcode=4019&srccode=401901&preactionid=c0d7be28-dd09-4a6d-84aa-daa955aa9e1a
IT文档工程师,卡啦(杭州)网络科技有限公司,8000-12000元·13薪,杭州·拱墅·米市巷,广州,本科,1-3年,7月24日,zhilian,职位描述 云计算技术文档撰写 文档体系搭建 文档标准化推进 工作职责 1. 负责云计算产品（如云平台、API接口、工具链）的技术文档体系搭建，包括用户手册、操作指南、API文档等。 2. 深入理解研发团队的技术方案与产品功能，与工程师、产品经理协作，将技术细节转化为逻辑清晰、易于理解的文档内容。 3. 跟踪产品迭代，及时更新文档版本，确保文档与产品功能的一致性，同时优化文档的可读性与用户体验。 4. 参与文档规范制定，推动团队形成标准化的文档撰写流程，提升整体文档质量与交付效率。 任职要求 1. 本科及以上学历，计算机、通信、电子等相关专业，具备扎实的技术背景。 2. 拥有2年以上IT技术文档撰写经验，熟悉云计算领域优先，能独立完成从需求分析到文档交付的全流程。 3. 具备优秀的逻辑思维与文字表达能力，能将复杂技术内容转化为简洁易懂的文档，熟练使用Markdown、Confluence等文档工具。 4. 具备良好的跨团队沟通能力，能快速理解技术需求并协调资源推进文档产出。 工作地点 杭州拱墅区武林壹号B区b座 以担保或任何理由索要财物，扣押证照，均涉嫌违法。一经发现， 立即举报 客户,"云计算技术文档撰写,文档体系搭建,文档标准化推进",http://www.zhaopin.com/jobdetail/CC866314460J40873787710.htm?refcode=4019&srccode=401901&preactionid=c0d7be28-dd09-4a6d-84aa-daa955aa9e1a
数据中心运维技术员,北京铂维科技有限公司,5000-7000元,银川·永宁县·闽宁镇,广州,大专,1-3年,6月9日,zhilian,职位描述 IDC/机房运维 数据中心 云计算 无操作证、无经验不接受 工作地点 银川永宁县闽宁产业园 以担保或任何理由索要财物，扣押证照，均涉嫌违法。一经发现， 立即举报,"IDC/机房运维,数据中心",http://www.zhaopin.com/jobdetail/CCL1493384030J40943571808.htm?refcode=4019&srccode=401901&preactionid=c0d7be28-dd09-4a6d-84aa-daa955aa9e1a
信息管理岗,上海同济工程项目管理咨询有限公司,8000-11000元,上海·杨浦·四平路,广州,硕士,经验不限,5月27日,zhilian,职位描述 OA系统 Python SQL Server MySQL 云计算 职位概述：数字管理岗是同济管理核心岗位之一，主要负责公司数据的全面收集、协调与管理。该岗位需紧密配合各部门的业务需求，通过数据统计分析形成有价值的报告，为数字化转型提供有力支持，最终实现数据要素的有效管理和数据资产的增值。 主要职责： o 负责制定并执行数据收集计划，确保公司数据的全面、准确、及时收集。 o 负责企业信息化系统的日常运维管理工作，包括组织二次开发、运维监控、系统更新升级、问题跟踪处理、数据库管理、中间件管理、系统及数据备份等。 o 协调各部门间的数据共享与交换，促进数据资源的整合与利用。 o 跟踪数据收集过程中的问题，及时与相关部门沟通解决，确保数据收集工作的顺利进行。 o 对收集到的数据进行分类、整理、存储和备份，确保数据资产的安全性和完整性。 o 制定数据资产管理规范，明确数据的使用权限和流程，防止数据泄露和滥用。 o 根据公司各部门和业务的需要，对数据进行深度挖掘和分析。 o 编制各类统计报表和报告，如日报、周报、月报、年报等，为管理层提供决策支持。 任职要求： 1. 教育背景：计算机科学、数学、统计学、信息管理等相关专业硕士及以上学历。 2. 工作经验：具备3年以上数据分析、数据管理或相关领域工作经验，有大型企业或金融机构工作经验者优先。 3. 专业技能： o 熟练掌握数据分析工具和技术，如SQL、Python、R等。 o 熟悉数据仓库、数据挖掘、大数据处理等相关技术和平台。 o 具备优秀的统计分析能力和逻辑思维能力，能够独立完成复杂的数据分析项目。 o 了解数字化转型相关知识和技术趋势，具备创新思维和解决问题的能力。 4. 其他要求： o 具备良好的沟通能力和团队合作精神，能够与不同部门和团队有效协作。 o 具备较强的责任心和执行力，能够按时按质完成工作任务。 o 对数据敏感度高，能够从中发现业务问题和机会。 薪资待遇：面议 工作地点 上海市杨浦区国康路100号12楼 以担保或任何理由索要财物，扣押证照，均涉嫌违法。一经发现， 立即举报,"OA系统,Python,SQL Server,MySQL",http://www.zhaopin.com/jobdetail/CC392542920J40662310014.htm?refcode=4019&srccode=401901&preactionid=c0d7be28-dd09-4a6d-84aa-daa955aa9e1a
华为IT售前工程师,上海伟仕佳杰科技有限公司北京分公司,1.2-1.8万,金华·婺城区·西关街道,广州,大专,1-3年,6月26日,zhilian,职位描述 云服务产品 售前 华为政企 HCIE 计算机硬件 云计算 软件/IT服务 1、负责所在区域IT产品的售前技术支持工作，包括客户交流、方案编写、配置报价、投标应标、测试、赋能等； 2、与厂商相关人员建立和保持良好的关系，相互配合，提高项目成功率和厂商满意度； 3、配合部门销售把控好项目动向，及时沟通和反馈人员和项目变化情况； 4、了解厂商、渠道需求，做好对渠道技术人员进行产品和技术知识的普及和提升培训； 5、保持良好的学习状态，紧跟技术发展，完成各阶段的技能认证和提升要求。 职位福利：交通补助、弹性工作、绩效奖金、五险一金、年轻化团队、出差补贴 工作地点 婺城区金华之心 以担保或任何理由索要财物，扣押证照，均涉嫌违法。一经发现， 立即举报,"云服务产品,售前,华为政企,HCIE",http://www.zhaopin.com/jobdetail/CC624540020J40913150312.htm?refcode=4019&srccode=401901&preactionid=c0d7be28-dd09-4a6d-84aa-daa955aa9e1a
服务器售后工程师,北京亚康智算科技有限公司,6000-9000元,天津·东丽·金桥,广州,大专,1-3年,5月25日,zhilian,职位描述 服务硬件更换 服务器售后自维修 工作职责 1.接收客户故障报修（电话/工单/系统），7×24小时响应客户服务； 2.根据客户报修故障类型，制定服务器维修计划，携带对应备件前往客户机房现场进行维修，保障工单在客户SLA时效内完成； 3.按客户响应级别到现场对服务器做基础排查（如查看告警灯、导出日志、服务器故障排查等），备件更换及固件刷新等操作； 4.严格按照服务器原厂操作规范和客户机房制度，完成服务器硬件部件更换、调试、加电测试，确保服务器恢复正常运行； 5.客户重保期间，现场人员的驻场技术服务工作； 6.完成上级交办的其他工作； 任职资格 1.大专以上学历统招，计算机硬件、网络工程、通信工程等相关专业，1年以上服务器售后维修经验； 2.熟悉x86架构服务器硬件构成，掌握基本故障检测排查及硬件更换调试； 3.掌握RAID 阵列（RAID0/1/5/6/10等）的配置、故障恢复、配置导出/导入等； 4.熟悉Linux操作系统，能够进行基本的系统管理和维护； 5.满足客户的7*24*4响应，节假日或其他重保期间的值守需求；接受项目出差、加班、值守、异地支持等； 6.具备良好的服务意识、沟通协调能力和责任感，良好的沟通能力； 7.具备持有浪潮、H3C、超聚变等厂商服务经验、Linux等认证优先； 工作地点 东丽区天津联通(空港国际数据港)天津市空港经济区西七道与中环西路交口中国联通国际数据港 以担保或任何理由索要财物，扣押证照，均涉嫌违法。一经发现， 立即举报,"服务硬件更换,服务器售后自维修",http://www.zhaopin.com/jobdetail/CCL1474396600J40904881312.htm?refcode=4019&srccode=401901&preactionid=40f01328-fd4f-4bd7-a9f2-90d94e1c1bcb
售前技术支持,外企德科数字技术有限公司,7000-9000元,苏州·工业园区,广州,本科,3-5年,7月26日,zhilian,职位描述 软件产品 网络通信设备 解决方案 产业互联网平台 云计算 通信/网络设备 外包，六险一金 【工作职责】 1、支持服务产品的售前问题答疑，为客户&伙伴提供服务配置报价方案，支撑服务产业目标达成； 2、支持一线&伙伴售前自主自主能力建设，参与配置报价流程优化，不断提升配置报价效率； 3、例行支持服务重大项目分析和专项经营分析； 【岗位要求】 1、学历要求：统招本科 2、专业要求： 1）具有较好的逻辑思维能力和分析能力，具备问题总结和复盘能力 2）具有良好的向上向下沟通力，善于周边合作，富有亲和力； 3）执行力强，工作积极主动，认真细致，勇于承担责任，团队合作意识强； 4）具有服务销售相关工作经验优先； 工作地点 工业园区华为苏州研究所(苏州独墅湖科教创新区站)西门 以担保或任何理由索要财物，扣押证照，均涉嫌违法。一经发现， 立即举报 客户,"软件产品,网络通信设备,解决方案",http://www.zhaopin.com/jobdetail/CCL1480117890J40877178705.htm?refcode=4019&srccode=401901&preactionid=40f01328-fd4f-4bd7-a9f2-90d94e1c1bcb
数据中心运维技术员(工作地点:张家口怀来),北京中科仙络智算科技股份有限公司,4000-7000元·13薪,乌兰察布·集宁区·白海子镇,广州,中专/中技,经验不限,7月10日,zhilian,职位描述 电气设备 云计算 电气机械/电力设备 电力/水利/热力/燃气 工作职责： 1、负责日常数据中心基础设施巡检工作； 2、负责日常设备维护保养工作； 3、负责监控数据中心设施运行状态，对于监控报警及时上报处理； 4、负责设备故障的简单处理； 5、完成上级领导安排的其他日常工作。 任职要求： 1、中专及以上学历，机电、电气及自动化专业优先考虑； 2、经验不限，有数据中心经验者优先； 3、持有高/低压操作证者优先； 4、熟悉高低压配电系统、UPS系统、柴油发电机等强电系统工作原理者优先； 职位福利：五险一金、餐补、通讯补助、带薪年假、节日福利、定期体检、包住、年底绩效 工作地点 集宁区乌兰察布华为云数据中心 以担保或任何理由索要财物，扣押证照，均涉嫌违法。一经发现， 立即举报,电气设备,http://www.zhaopin.com/jobdetail/CC264054380J40575018506.htm?refcode=4019&srccode=401901&preactionid=40f01328-fd4f-4bd7-a9f2-90d94e1c1bcb
技术服务专员,宁夏英杰达信息产业有限公司,4000-8000元,银川·金凤区·丰登镇,广州,本科,3-5年,7月24日,zhilian,岗位职责 1、基础能力：学习掌握无人车交付部署运营维护的各类软硬件工具（地图编辑平台、基础车辆维修工具等）； 2、无人车交付规划：根据自动驾驶运行域进行无人车线路规划，输出无人车运行方案 3、部署落地：将线路、运行方案进行部署落地，使用工具进行高精地图采集、验证以及培训交付用户使用无人车； 4、分析管理：对无人车运行时效、效率进行分析并提升，根据现场或数据分析得出的问题提出产品、软硬件、运营流程优化需求，跟踪解决方案落地，推动无人车高效、标准运营并进行降本增效。 任职要求 1、本科及以上学历；交通规划、物流、计算机、自动化、电子等相关专业优先； 2、热爱科学技术，对无人驾驶商业化落地及对物流行业应用具有强烈的兴趣； 3、吃苦耐劳，良好的人际沟通能力和团队合作能力，乐观好学，积极主动，抗压能力强，实事求是，具有主动思考/学习能力、经营意识，落地及执行能力强，服从安排； 4、有C类驾驶证（C1/C2），实际驾龄3年及以上。 5、能熟练操作PS、PR 软件者优先考虑。 工作地点 银川金凤区宁夏英杰达信息产业有限公司 以担保或任何理由索要财物，扣押证照，均涉嫌违法。一经发现， 立即举报,人工智能,http://www.zhaopin.com/jobdetail/CC522793420J40740859109.htm?refcode=4019&srccode=401901&preactionid=40f01328-fd4f-4bd7-a9f2-90d94e1c1bcb
it工程师,四川易创天宇科技有限公司,1.4-2.8万·13薪,牡丹江·西安区·火炬街道,广州,中专/中技,1-3年,7月16日,zhilian,职位描述 桌面运维 软件运维 网络运维 Java Python C++ 云计算 软件/IT服务 大数据 工作职责 1. 负责公司大数据平台及相关系统的日常运维与技术支持，保障系统稳定运行。 2. 参与数据处理流程的优化与调试，协助提升数据处理效率与准确性。 3. 配合团队完成技术文档编写、系统部署及版本更新工作。 4. 快速响应并解决系统运行中的技术问题，确保业务连续性。 任职要求 1. 计算机、软件工程等相关专业。 2. 熟悉Linux操作系统，掌握Shell/Python等至少一种脚本语言。 3. 了解大数据相关技术（如Hadoop、Spark、Hive等）优先，具备数据处理经验者优先。 4. 具备较强的问题分析能力与学习能力，能独立完成简单的技术任务。 5. 有良好的沟通能力与团队协作意识，能承受一定的工作压力。 奖金绩效 五险一金，项目奖金，绩效奖金，年终奖，氛围好。 工作地点 牡丹江西安区新宏基大厦 以担保或任何理由索要财物，扣押证照，均涉嫌违法。一经发现， 立即举报,"桌面运维,软件运维,网络运维,Java,Python,C++",http://www.zhaopin.com/jobdetail/CCL1511490410J40986134302.htm?refcode=4019&srccode=401901&preactionid=40f01328-fd4f-4bd7-a9f2-90d94e1c1bcb
售前工程师（系统集成方向）,云南联横利众科技有限公司,8000-10000元,昆明·五华·黑林铺,广州,大专,5-10年,7月24日,zhilian,职位描述 信息安全 计算机硬件 一、任职要求： 1、精通网络技术，具备不低于NP的经验水平; 2、熟悉信息安全，熟悉国家各信息安全的标准、体系; 3、熟悉数据中心基础设施技术、架构和经验，包括且不限于算力、存储、虚拟化、操作系统; 4、熟悉或了解音视频技术，具有一定的运用经验水平。 5、方案编制能力强，行文水平好; 6、沟通表达好，形象气质良好; 7、具有售前工作经验。 二、工作内容： 1、在技术方面，负责需求识别、需求挖掘，能应对以上技术范围的交流、答疑; 2、按照需求、依托项目背景，负责以上技术版块的方案编制，汇报，交流，答疑; 3、服从工作安排，有大局观，职业素养良好，具备吃苦耐劳精神，踏实上进和正确的三观。 加分项： 有以下行业经验:计算机硬件·计算机软件·计算机服务 工作地点 昆明五华区西城心景西塔701 以担保或任何理由索要财物，扣押证照，均涉嫌违法。一经发现， 立即举报,信息安全,http://www.zhaopin.com/jobdetail/CCL1200170950J40876581910.htm?refcode=4019&srccode=401901&preactionid=40f01328-fd4f-4bd7-a9f2-90d94e1c1bcb
信息管理员,深圳市第二人民医院(深圳市转化医学研究院),1.6-2.3万,深圳·龙华·观湖,广州,硕士,5-10年,6月10日,zhilian,岗位职责： 负责医院信息化建设的规划、设计、建设与管理等工作。 任职要求： 1、精通应用系统、网络平台、数据中心、信息安全等方面的规划与设计。 2、精通人工智能、大数据、云计算、区块链等新型信息技术。 3、具有较强的独立工作能力，工作有激情，抗压能力强。 4、具有良好的团队合作精神，具有较强的领导能力和组织协调能力。 5、身体健康，遵纪守法，无不良记录。 6、热爱本职工作，责任感和服务意识强，乐于奉献。 7、硕士及以上学历，计算机相关专业。 工作地点 深圳市-龙华区-平安路 以担保或任何理由索要财物，扣押证照，均涉嫌违法。一经发现， 立即举报,"Oracle,SQL Server,Windows,Linux",http://www.zhaopin.com/jobdetail/CCL1463133400J40861718213.htm?refcode=4019&srccode=401901&preactionid=40f01328-fd4f-4bd7-a9f2-90d94e1c1bcb
超算运维技术员-澳门科技大学,澳門科技大學基金會,1.2-1.8万,澳门,广州,本科,3-5年,7月23日,zhilian,职位描述 云运维 服务器运维 系统运维 并行计算 OPENM PMPI linux 架构设计和运维 网络安全 云计算 信息安全 软件/IT服务 【工作职责】 1. 负责超算平台的日常运维工作，确保系统的稳定运行。 2. 协助用户账号创建、环境配置及优化，提供技术支持以满足教学和科研需求。 3. 定期更新和升级超算平台的软件和系统环境，确保系统的最新和安全性。 4. 为使用超算平台的教师和研究人员提供技术支持，解决日常使用中的问题。 5. 协助并行计算相关的技术工作，提升计算效能和资源利用率。 6. 参与超算平台的安全策略制定和实施，确保系统和数据的安全性。 7. 监控系统安全状况，及时发现和处理安全隐患。 8. 参与制定和完善超算平台的运行流程和规范，提升运行效率。 9. 根据需要，参与其他与超算和安全相关的技术项目。 【任职资格】 1. 计算机科学、信息技术、网络安全或相关专业的本科学历三年以上相关经验，硕士一年以上相关经验。 2. 熟悉超算平台的架构设计和运维，具备相关工作经验者优先。 3. 精通Linux操作系统，具备良好的系统管理和故障排除能力。 4. 具备并行计算、PMPI、OpenM等相关技术经验者优先。 5. 熟悉网络安全基本原理和技术，具备一定的安全管理经验。 6. 具备良好的沟通能力和团队合作精神，能够与不同背景的用户有效沟通。 7. 具备较强的学习能力和适应能力，能够快速掌握新技术并应用于工作中。 8. 工作态度积极主动，具备良好的问题解决能力和责任心。 【工作地点】 澳门氹仔 澳门科技大学（如不接受请勿投递） *岗位福利待遇同澳门科技大学标准（不同于内地） 【申请程序】 有意者请于官方招聘主页申请职位，并上载个人履历、学历证明及相关工作证明副本等资料。 *应征者提供的个人资料只作招聘用途，所有资料将绝对保密。 工作地点 澳门科技大学 以担保或任何理由索要财物，扣押证照，均涉嫌违法。一经发现， 立即举报,"云运维,服务器运维,系统运维,并行计算,OPENM,PMPI,linux,架构设计和运维,网络安全",http://www.zhaopin.com/jobdetail/CCL1368719320J40882281415.htm?refcode=4019&srccode=401901&preactionid=40f01328-fd4f-4bd7-a9f2-90d94e1c1bcb
云技术经理,云上陕西科技运营有限公司,1.5-2.5万,西安·新城·中山门,广州,本科,5-10年,7月24日,zhilian,岗位职责： 1.负责政务云平台的整体架构设计，包括基础设施层、平台层、应用层等，制定技术路线图和演进策略。 2.设计高可用、高并发、高性能、可扩展的政务云平台架构和安全架构，满足海量用户访问和海量数据处理需求。 3.优化政务云平台的资源利用率，设计和实现政务云平台的监控和预警系统。 4.参与制定政务云平台相关技术标准、规范和流程，推动政务云平台标准化和规范化建设。 5.推动政务云平台相关技术标准的落地实施，促进政务云平台互联互通和资源共享。 6.编写技术文档，包括架构设计文档、技术规范文档、接口文档等，为开发、测试、运维人员提供技术指导。 7.参与政务云平台相关项目的运营工作，提供技术支持和保障。 任职要求： 1.本科及以上学历，计算机、通信、云计算相关专业。 2.8年以上相关工作经验，5年以上云计算领域经验，有政务云平台建设经验者优先。 3.精通云计算相关技术，包括虚拟化、容器、微服务、分布式存储、分布式计算等。 4.熟悉主流云计算平台，如OpenStack、Kubernetes、AWS、Azure、阿里云等。 5.具备丰富的系统架构设计经验，熟悉高可用、高并发、高性能系统的设计和实现。 6.具备较强的技术研究能力和问题解决能力。 7.具备良好的文档编写能力和沟通表达能力 工作地点 西安新城区复兴商务中心 以担保或任何理由索要财物，扣押证照，均涉嫌违法。一经发现， 立即举报,云计算,http://www.zhaopin.com/jobdetail/CCL1363727070J40910244815.htm?refcode=4019&srccode=401901&preactionid=40f01328-fd4f-4bd7-a9f2-90d94e1c1bcb
华为售前工程师（数通安全）,深圳市金华威数码科技有限公司,6000-8000元·14薪,乌鲁木齐·新市区·长春中路街道,广州,本科,1-3年,4月16日,zhilian,岗位职责： 1、负责华为数通产品线用户需求规划、选型、设计、报价及方案制定工作； 2、负责华为数通产品线项目投标文件的编写及应答，对应投标项目的澄清、讲标等工作； 3、负责华为数通产品线解决方案讲解、渠道培训工作； 4、厂家、渠道相关人员的日常关系维护，确保项目资源渠道畅通。 任职要求： 1、有相应的1-2年售后数通（WLAN、交换机、路由器等）、安全（防火墙、入侵检测、AntiDDoS硬件设备等）运维工作经验； 2、了解思科、锐捷、华三、华为等业界主流厂家的网络设备，能够做相应的竞争分析； 3、具有华为、思科、H3C、锐捷等业界网络工程师、NA、NP、RHCSA等证书； 4、做事踏实细致，对工作敬业，有较强的学习能力和语言沟通表达能力； 5、本科以上学历，计算机网络相关专业，优秀者可适当放宽要求（接受优秀应届毕业生）。 【我们为你提供的福利】 薪资福利： 基本工资+岗位津贴+司龄工资+浮动工资（入职即购买六险一金） 职位福利：五险一金、绩效奖金、全勤奖、通讯补助、定期体检、员工旅游、节日福利、带薪年假 工作地点 新市区北京路二宫体育馆旁新疆乌鲁木齐市高新区北京路18号华联大厦1栋B座8H室 以担保或任何理由索要财物，扣押证照，均涉嫌违法。一经发现， 立即举报,"软件工程,售前工程师,华为",http://www.zhaopin.com/jobdetail/CC216525110J40157194213.htm?refcode=4019&srccode=401901&preactionid=40f01328-fd4f-4bd7-a9f2-90d94e1c1bcb
实习岗-IT及AI工程师,钠存科技(杭州)有限公司,100-120元/天,杭州·萧山·宁围,广州,本科,经验不限,7月7日,zhilian,职位描述 软件运维 桌面运维 Java Python 计算机软件 云计算 信息安全 岗位内容： 1. 针对客户的IT问题进行分析和解决，确保及时有效地提供技术支持服务。 2. 维护公司内部IT系统的运行稳定性和数据安全性，并及时发现和解决潜在的问题。 3. 参与IT项目的规划和实施，推动整个团队的数字化转型进程。 任职要求： 1. 具备3年以上的IT技术支持经验，熟悉常见IT平台、软件和工具。 2. 熟悉网络、操作系统、数据库、存储等技术领域，具备一定的技术突破能力。 3. 具备良好的问题诊断和解决能力，重视客户满意度和服务质量。 4. 具备良好的团队合作精神和自我驱动能力，善于与跨部门进行沟通协作。 工作地点 萧山区浙江大学杭州国际科创中心8号楼8323A 以担保或任何理由索要财物，扣押证照，均涉嫌违法。一经发现， 立即举报,"软件运维,桌面运维,Java,Python",http://www.zhaopin.com/jobdetail/CCL1501692680J40853372712.htm?refcode=4019&srccode=401901&preactionid=40f01328-fd4f-4bd7-a9f2-90d94e1c1bcb
技术工程师,科衡信息产业有限公司,6000-8000元,济南·历下·舜华路,广州,本科,经验不限,7月16日,zhilian,职位描述 售前工程师 售后工程师 工作职责： 1、 按照公司要求，负责公司产品的日常调试、配置、维护、故障排查及维修工作，及时处理客户反馈的技术问题，提供技术支持和服务； 2、负责面向客户的产品演示、安装培训及技术指导工作，落实安全管理制度，杜绝安全隐患； 3、 协助销售团队完成售前技术支持、标书编制等工作； 4、负责技术文档的整理、归档及更新，包括安装手册、维护手册等。 任职资格： 1、 通信工程、电子信息工程、计算机等相关专业，本科及以上学历； 2、 熟悉常用操作系统、应用软件及公司产品的安装、调试、维护流程，具备一定的硬件、网络集成能力； 3、具备良好的客户服务沟通技巧，能够耐心解答客户技术疑问，具备较强的技术设备维护能力和问题解决能力； 4、 工作认真负责，有较强的责任心和团队协作精神，能够适应国内出差及施工现场工作环境； 5 、具备相关技术认证或有通信设备安装、维护相关工作经验者优先； 工作地点 济南历下区鲁商国奥城 以担保或任何理由索要财物，扣押证照，均涉嫌违法。一经发现， 立即举报,"售前工程师,售后工程师",http://www.zhaopin.com/jobdetail/CCL1241809380J40832901601.htm?refcode=4019&srccode=401901&preactionid=40f01328-fd4f-4bd7-a9f2-90d94e1c1bcb
技术支持工程师（河北）(J10506),噢易云计算,8000-10000元,石家庄·桥西·东里,广州,本科,经验不限,1月21日,zhilian,岗位职责: 1、负责公司产品的项目实施、调试及售后服务工作; 2、为业务人员推进项目成交过程，提供良好的配合与技术支持工作; 3、解答并解决客户提出的技术以及系统使用方面的问题; 4、对产品/系统使用中的问题进行汇总反馈，协助销售部门维护客户关系; 任职要求: 1.本科及以上，计算机相关专业 2.了解计算机基础知识、网络及数据库基础知识、了解服务器及云计算相关技术 3.熟练使用linux、windows系统，熟练掌握计算机，网络相关技能。 4.具备教育、政企、医疗等相关行业的云桌面或集成类项目实施及运维方面经验优先 5.学习力强，能吃苦耐劳 工作地点 石家庄桥西区海悦天地购物广场场04-1119房间 以担保或任何理由索要财物，扣押证照，均涉嫌违法。一经发现， 立即举报,"软件产品,硬件产品",http://www.zhaopin.com/jobdetail/CC256213330J40840193205.htm?refcode=4019&srccode=401901&preactionid=40f01328-fd4f-4bd7-a9f2-90d94e1c1bcb
AI合伙人 / 技术合伙人（AI方向）,湖南联厚信息服务有限公司,2-3万,长沙·开福·东风路,广州,本科,1-3年,3月26日,zhilian,岗位职责 战略与技术规划：负责公司AI方向的整体技术规划与落地路径设计，结合公司支付核心能力与场景金融业务（如智慧景区、智慧酒店、智慧零售等），识别并定义高价值的AI应用场景。 产品创新与开发：组建并带领AI小组，主导AI产品的原型验证、快速迭代与场景定制开发。重点方向包括但不限于：智能客服、商户经营数据分析与决策辅助、自动化营销、支付风控模型优化、业务流程自动化等。 AI能力建设：构建并持续优化公司的AI中台能力，包括大语言模型（LLM）的微调与部署、RAG（检索增强生成）知识库的搭建、以及面向具体业务的AI Agent（智能体）开发。 业务赋能与落地：深入公司现有各行业解决方案（农批、物业、教培等），推动AI技术与业务场景的深度融合，切实解决客户痛点，提升产品竞争力和商户运营效率。 团队与文化：作为AI小组的负责人，制定并执行全员AI认知提升计划，培养内部AI人才，在团队中建立“敏捷、务实、结果导向”的研发文化。 任职资格 经验背景：统招本科及以上学历，计算机、人工智能、软件工程等相关专业。5年以上软件开发经验，其中至少2年以上AI/NLP/机器学习相关领域的技术团队管理或核心项目主导经验。有支付、金融科技、SaaS行业背景者优先。 技术能力： 精通Python/Java/Go等至少一种主流编程语言，具备扎实的工程化能力。 熟悉主流大语言模型（如GPT系列、文心一言、通义千问等）的原理、应用开发与微调。 熟悉LangChain、Semantic Kernel等AI Agent开发框架，有实际项目落地经验。 了解向量数据库、Prompt Engineering、RAG等技术，并有实际应用经验。 业务思维：具备敏锐的业务洞察力，能将复杂的AI技术与实际的商业问题相结合，找到技术投入的价值增长点。不唯技术论，以解决问题、创造价值为导向。 合伙人特质：具备强烈的创业心态和主人翁意识，愿意“一起打猎，分钱”。有较强的自驱力、抗压能力和跨部门沟通协作能力，能适应快节奏的创业环境。 加分项 有成功从0到1构建AI产品或团队的经验。 在AI相关领域（如机器学习、数据挖掘）有知名会议/期刊论文或专利。 熟悉支付行业监管政策、风控体系及业务痛点。 我们提供 平台与资源：公司拥有完善的支付底座（打通多家主流银行与支付机构）、中国支付清算协会会员资质、20+自研行业解决方案及10万+合作商户，为您提供丰富的落地场景与数据土壤。 文化与机制：开放的“AI合伙人”文化，实行“项目小组制”。我们承诺“打到猎物再分钱”，提供极具吸引力的“底薪+高额项目分红/股权期权”组合激励方案，让您分享公司成长的红利。 成长与空间：告别“中年危机”的瓶颈，引领一场从“支付服务”到“智能服务”的升级。您将拥有高度的技术决策权和业务探索空间，与公司核心团队并肩作战。 支持与保障：公司位于长沙（设有贵阳、合肥、广州办事处），为您提供稳定的后端支持（安全合规、运营、客户服务），让您专注于前沿探索与产品创新。 工作地点 长沙开福区湖南联厚信息服务有限公司芙蓉中路179号芙蓉数智产融综合服务港4楼 以担保或任何理由索要财物，扣押证照，均涉嫌违法。一经发现， 立即举报,"人工智能,云计算",http://www.zhaopin.com/jobdetail/CC848141400J40869564413.htm?refcode=4019&srccode=401901&preactionid=40f01328-fd4f-4bd7-a9f2-90d94e1c1bcb
网络安全售前工程师,浙江实强网络科技有限公司,7000-14000元,台州·椒江区·葭沚街道,广州,本科,1-3年,7月14日,zhilian,职位描述 ERP系统 CRM系统 安防系统 智慧产品 信息安全 产业互联网平台 云计算 职位描述： 1.负责计算机方向相关业务线项目的售前、咨询服务与实施； 2.负责与销售团队配合，完成相关项目的前期中期、后期咨询工作:包括产品及案例介绍，功能演示，用户答疑，用户解决方案编写等； 3.配合销售进行项目投标相关工作:包括投标方案，投标参数编写等； 任职资格： 1.专科以上学历，计算机电子通信等相关专业。 2.2年以上相关工作经验； 3.有良好的逻辑分析能力和沟通能力，快速学习能力。 工作时间： 夏令时：8:30-12:00 13:30-17:30 冬令时：8:30-12:00 13:00-17:00 工作地点 台州椒江区浙江实强网络科技有限公司 以担保或任何理由索要财物，扣押证照，均涉嫌违法。一经发现， 立即举报,"ERP系统,CRM系统,安防系统,智慧产品",http://www.zhaopin.com/jobdetail/CCL1247173560J40739171705.htm?refcode=4019&srccode=401901&preactionid=40f01328-fd4f-4bd7-a9f2-90d94e1c1bcb
IT售前工程师(J22762),神州数码（中国）有限公司,8000-10000元,大连·西岗·香炉礁,广州,大专,经验不限,6月30日,zhilian,岗位职责: 1、技能要求：掌握华为服务器、存储、云等产品相关售前知识，并定期学习新产品知识。通过厂商及公司要求的相关考试认证，如 HCIP 、HCIE、HCSP、HCSE等认证者优先考虑。 2、售前技术支持：负责与华为厂商沟通，配合原厂及代理商进行华为IT项目的客户需求交流、产品选型报价、方案制作等工作。 3、招投标支持：配合原厂及代理商进行华为IT项目的招标参数撰写、标书质疑、应标文件技术部分撰写及资质文件归纳准备、现场讲标及技术澄清。 4、产品功能测试：配合原厂及代理商进行华为计算存储产品的用户测试工作。 任职要求: 1、计算机、电子信息、通信等相关专业。 2、至少熟悉华为、华三、浪潮等主流品牌之一的IT安全产品和技术情况。 3、具备良好的理解、沟通能力，有面向客户的售前经验者/培训宣讲经验者更佳。 4、熟悉数据存储、对华为服务器、存储、云服务等具体设备有项目实施或调试经验者优先。 5、有售前经验者优先。 工作地点 大连西岗区百年港湾 以担保或任何理由索要财物，扣押证照，均涉嫌违法。一经发现， 立即举报,"华为服务器,IT,售前工程师",http://www.zhaopin.com/jobdetail/CC000067670J40894131603.htm?refcode=4019&srccode=401901&preactionid=40f01328-fd4f-4bd7-a9f2-90d94e1c1bcb
售前工程师,成都山康技术服务有限公司,8000-16000元,杭州·滨江·长河,广州,本科,1-3年,7月25日,zhilian,岗位职责 1、负责培训重大项目交付管理工作，按照合同与客户沟通履行交付计划，2、协助负责人对项目目标（收入、利润、满意度等）进行跟踪管理； 3、聚焦培训项目价值，管理项目干系人，制定项目交付策略，进行交付质量管理、风险识别及问题解决，通过项目运作实现项目价值最大化，保证客户满意度。 任职要求 1、岗位需具备销售或交付经验，能与客户沟通方案优势，熟悉华为产品及服务解决方案者优先 2、项目助理负责重大培训项目的协调与管理。岗位需独立设计培训方案，具备项目统筹协调能力。 3、候需具备良好的沟通能力，在工作中需要与市场线、交付侧等多个角色以及客户进行频繁沟通；面对客户时能讲解公司的方案优势，促进客户下单。注重沟通能力和有冲劲的候选人。 4、 培训业务涉及涵盖从销售支持到交付管理的端到端全业务流程，涉及从销售到交付的多个环节，候选人需具备全局业务理解能力，沟通能力极强，能协调多方干系人，与客户及代表处多个部门有效沟通。 工作地点 杭州滨江区华为办事处 以担保或任何理由索要财物，扣押证照，均涉嫌违法。一经发现， 立即举报 客户,"网络通信设备,云服务产品,华为,慧通,售前",http://www.zhaopin.com/jobdetail/CCL1258186750J40865657410.htm?refcode=4019&srccode=401901&preactionid=40f01328-fd4f-4bd7-a9f2-90d94e1c1bcb
python爬虫工程师,河南路建科技有限公司,7000-11000元,郑州·中牟,广州,本科,1-3年,,zhilian,,"Python,数据挖掘,爬虫开发,反爬虫",http://www.zhaopin.com/jobdetail/CCL1363648020J40834765916.htm
python开发工程师,西安软玥信息技术有限公司,9000-13000元,西安·雁塔·丈八沟,广州,本科,1-3年,,zhilian,,"Django,Flask,MySQL,Redis,PYTHON后端开发,接口设计优化,跨团队协作",http://www.zhaopin.com/jobdetail/CCL1476319810J40957237915.htm
python开发助理工程师,宏源豪实业(深圳)有限公司,9000-13000元·14薪,深圳·福田·沙头,广州,本科,1-3年,,zhilian,,本科,http://www.zhaopin.com/jobdetail/CC832070960J40758533706.htm
python软件工程师,湖北凤希嘉智能科技有限公司,1-1.4万,武汉·江岸,广州,大专,1年以下,,zhilian,,"软件工程师,MySQL,Oracle,MongoDB,Linux",http://www.zhaopin.com/jobdetail/CCL1527009230J40868449901.htm
Python教师,宜昌市现代信息中等职业技术学校,5000-8000元,宜昌·伍家岗区·伍家乡,广州,本科,经验不限,,zhilian,,Python,http://www.zhaopin.com/jobdetail/CC287834080J40872063410.htm
python后端开发工程师助理,深圳市智元数创科技有限公司,8000-13000元·13薪,深圳·南山·粤海,广州,本科,1-3年,,zhilian,,"Flask,MySQL,后端服务开发,系统集成与联调,技术文档整理,Python",http://www.zhaopin.com/jobdetail/CCL1522430040J40856264614.htm
python后端开发工程师,外企德科数字技术有限公司,1.2-2.4万,上海·青浦·金泽,广州,本科,经验不限,,zhilian,,"Java,C++,C",http://www.zhaopin.com/jobdetail/CCL1480117890J40832060405.htm
Python程序员,杭州弈无忧科技有限公司,7000-12000元,宁波·余姚·凤山,广州,本科,1-3年,,zhilian,,Python,http://www.zhaopin.com/jobdetail/CCL1431715770J40596143603.htm
python后端开发工程师,山东诚宸信息科技有限公司,8000-13000元,济南·历下·姚家,广州,本科,经验不限,,zhilian,,"Python,AI算法开发",http://www.zhaopin.com/jobdetail/CCL1522445760J40872826313.htm
Python工程师(线上兼职),河南九页科技有限公司,2000-4000元,广州·海珠·赤岗,广州,本科,经验不限,,zhilian,,"Java,Python,MATLAB,Django,MySQL,深度学习,机器学习,计算机视觉",http://www.zhaopin.com/jobdetail/CCL1523896180J40935290908.htm
Python开发工程师,苏州谋迅智能科技有限公司,1.2-2.4万,苏州·虎丘,广州,本科,1-3年,,zhilian,,"Python,PYQT,中级软件工程师,软件工程师",http://www.zhaopin.com/jobdetail/CC868738960J40331536302.htm
python后端开发（Django）,四川创一智慧科技有限公司,8000-15000元·13薪,成都·青羊·文家,广州,本科,1-3年,,zhilian,,"全栈开发,服务器开发,MySQL,Python web框架,Django",http://www.zhaopin.com/jobdetail/CC482914230J40457263302.htm
python工程师（爬虫）,宁波渠成集团有限公司,1-1.5万,宁波·鄞州·首南,广州,本科,1-3年,,zhilian,,"数据分析,数据库,大数据",http://www.zhaopin.com/jobdetail/CC388690030J40621943002.htm
初级Python开发工程师,成都零夏八度科技有限公司,6000-10000元,成都·武侯·桂溪,广州,本科,经验不限,,zhilian,,Python,http://www.zhaopin.com/jobdetail/CCL1470276410J40978720004.htm
Python开发工程师,杭州朝辉电子信息科技有限公司,8000-16000元,杭州·钱塘·白杨,广州,本科,经验不限,,zhilian,,Python,http://www.zhaopin.com/jobdetail/CC312832080J40809690116.htm
软件技术支持,南京迦眸意网络科技有限公司,1-1.2万·13薪,南京·玄武·新街口,广州,大专,经验不限,,zhilian,,"软件产品,技术支持,问题排查,客户需求反馈,医疗设备,智能产品",http://www.zhaopin.com/jobdetail/CCL1510599770J40867825007.htm?refcode=4019&srccode=401901&preactionid=7ccf8313-41a8-4a5e-b80d-8bbd2d88f8b5
it技术工程师,河北野人体育文化发展有限公司,5000-7000元,石家庄·裕华·槐底,广州,本科,3-5年,,zhilian,,"Python,Java,C++",http://www.zhaopin.com/jobdetail/CC403073030J40663983901.htm?refcode=4019&srccode=401901&preactionid=7ccf8313-41a8-4a5e-b80d-8bbd2d88f8b5
技术助理工程师,北京中创慧谷数据科技有限公司,50-60元/天,北京·朝阳·呼家楼,广州,大专,经验不限,,zhilian,,"3D MAX,施工单位,超高层建筑,商业建筑,办公建筑,公共建筑,高层建筑",http://www.zhaopin.com/jobdetail/CC382719680J40956057315.htm?refcode=4019&srccode=401901&preactionid=7ccf8313-41a8-4a5e-b80d-8bbd2d88f8b5
it技术,南京迦眸意网络科技有限公司,1.1-1.3万·13薪,南京·玄武·新街口,广州,大专,3-5年,,zhilian,,"Java,Python,C,系统开发维护,需求分析与方案设计,代码质量优化,网络运维,软件运维,售前支持",http://www.zhaopin.com/jobdetail/CCL1510599770J40867822907.htm?refcode=4019&srccode=401901&preactionid=9834c298-20b9-45c9-a2da-90733558ce28
售前工程师,江西云偌信息科技有限公司,6000-12000元,南昌·青云谱·青云谱镇,广州,本科,经验不限,,zhilian,,"云服务产品,网络通信设备,医疗设备,安防系统",http://www.zhaopin.com/jobdetail/CCL1490248760J40777795408.htm?refcode=4019&srccode=401901&preactionid=9834c298-20b9-45c9-a2da-90733558ce28
云计算运维技术员/包吃住,合肥蓝波人力资源有限公司,9000-11000元,郑州·金水·祭城路,广州,大专,经验不限,,zhilian,,"云运维,Shell,公有云平台运维,基础设施故障排查,运维规范制定",http://www.zhaopin.com/jobdetail/CCL1499491510J40913172503.htm?refcode=4019&srccode=401901&preactionid=9834c298-20b9-45c9-a2da-90733558ce28
技术支持工程师（初级）,北京宽捷网络信息技术有限公司,6000-8000元,北京·朝阳·大屯,广州,大专,1-3年,,zhilian,,"服务器,虚拟化,深信服,虚拟桌面,灾备,存储",http://www.zhaopin.com/jobdetail/CC120487350J40823957207.htm?refcode=4019&srccode=401901&preactionid=9834c298-20b9-45c9-a2da-90733558ce28
售前技术支持,杭州华衡智慧科技有限公司,5000-9000元,杭州·余杭街道,广州,大专,1-3年,,zhilian,,"网络通信设备,智慧产品,智慧交通,智慧水利,智慧农业,安防系统",http://www.zhaopin.com/jobdetail/CCL1514748620J40924799912.htm?refcode=4019&srccode=401901&preactionid=9834c298-20b9-45c9-a2da-90733558ce28
IT技术,广西霏桐科技有限公司,9000-11000元·13薪,南宁·青秀·津头,广州,大专,3-5年,,zhilian,,"系统运维,网络运维,云计算环境运维,虚拟化技术,IT基础设施优化,硬件/设备运维,C++,Shell,C#",http://www.zhaopin.com/jobdetail/CCL1511490830J41006213802.htm?refcode=4019&srccode=401901&preactionid=9834c298-20b9-45c9-a2da-90733558ce28
信息化专员,新疆天翼国际物流有限责任公司,5000-7000元,乌鲁木齐·新市区·地窝堡乡,广州,本科,经验不限,,zhilian,,"Java,HTML,C语言",http://www.zhaopin.com/jobdetail/CCL1469396090J41024209804.htm?refcode=4019&srccode=401901&preactionid=9834c298-20b9-45c9-a2da-90733558ce28
数据算力技术员,苏州福泽能源科技有限公司,150-200元/天,苏州·工业园区,广州,学历不限,经验不限,,zhilian,,"C++,Python,大模型算法,深度学习,多模态算法,ALIGN,CoCa,BLIP,自编码机,DNN,Transformer,GPT,XLNet,RoBERTa,能耗数据预测,PyTorch,OpenCV,TensorFlow,Java,熟悉基本电力知识",http://www.zhaopin.com/jobdetail/CC285750230J40758342306.htm?refcode=4019&srccode=401901&preactionid=9834c298-20b9-45c9-a2da-90733558ce28
售后技术支持（佛山）,广州鹏龙数字技术有限公司,5000-7000元·13薪,佛山·南海·桂城,广州,大专,1-3年,,zhilian,,"深信服,网络安全",http://www.zhaopin.com/jobdetail/CCL1504753210J40868420801.htm?refcode=4019&srccode=401901&preactionid=9834c298-20b9-45c9-a2da-90733558ce28
it工程师,四川鸿洲合创科技有限公司,1.3-2.6万,厦门·思明·梧村,广州,中专/中技,1-3年,,zhilian,,"桌面运维,软件运维,网络运维,Java,Python,C",http://www.zhaopin.com/jobdetail/CCL1516044170J40914616912.htm?refcode=4019&srccode=401901&preactionid=9ebf5b62-455c-428b-aa3c-f19cbae9f159
it技术支持专员,南京迦眸意网络科技有限公司,1.1-1.3万·13薪,南京·江宁·秣陵,广州,大专,1-3年,,zhilian,,"桌面运维,售后支持,办公系统运维,IT资产管理,技术支持流程优化,网络运维,C#,C++,C",http://www.zhaopin.com/jobdetail/CCL1510599770J40867814607.htm?refcode=4019&srccode=401901&preactionid=9ebf5b62-455c-428b-aa3c-f19cbae9f159
售前工程师（光/服务器/存储/数通/存储/计算 等售前）,河南诚猎人力资源有限公司,9000-13000元·14薪,北京·丰台·太平桥,广州,本科,1-3年,,zhilian,,"IT,售前,解决方案,光,服务器,数通,电网,交通",http://www.zhaopin.com/jobdetail/CCL1483514250J40878167310.htm?refcode=4019&srccode=401901&preactionid=9ebf5b62-455c-428b-aa3c-f19cbae9f159
it技术支持工程师,广西霏桐科技有限公司,9000-11000元·13薪,南宁·青秀·津头,广州,大专,1-3年,,zhilian,,"系统运维,售后支持,云计算平台运维,云技术支持,客户需求对接,网络运维,C#,C++,Shell",http://www.zhaopin.com/jobdetail/CCL1511490830J41006213302.htm?refcode=4019&srccode=401901&preactionid=9ebf5b62-455c-428b-aa3c-f19cbae9f159
信息主管,新疆陆铁港投资(集团)有限公司,6000-10000元,乌鲁木齐·米东区,广州,本科,3-5年,,zhilian,,OA系统,http://www.zhaopin.com/jobdetail/CC490263280J40693805607.htm?refcode=4019&srccode=401901&preactionid=9ebf5b62-455c-428b-aa3c-f19cbae9f159
技术支持-懂技术,武汉佰钧成技术有限责任公司,9000-13000元,武汉·洪山·关山,广州,大专,3-5年,,zhilian,,"软件产品,智能产品",http://www.zhaopin.com/jobdetail/CC364485720J40884148905.htm?refcode=4019&srccode=401901&preactionid=fc96c9e5-b737-4d79-9a57-727856602d93
IT规划与运维主管,上海数智世界工业科技集团有限公司,1.3-1.8万,长沙·岳麓·洋湖,广州,大专,3-5年,,zhilian,,CAD,http://www.zhaopin.com/jobdetail/CCL1468463130J40958631915.htm?refcode=4019&srccode=401901&preactionid=fc96c9e5-b737-4d79-9a57-727856602d93
it工程师,四川易创天宇科技有限公司,1.4-2.8万·13薪,汉中·汉台区·北关街道,广州,中专/中技,1-3年,,zhilian,,"桌面运维,软件运维,网络运维,Java,Python,C++",http://www.zhaopin.com/jobdetail/CCL1511490410J40986135502.htm?refcode=4019&srccode=401901&preactionid=fc96c9e5-b737-4d79-9a57-727856602d93
it技术,广西霏桐科技有限公司,9000-11000元·13薪,南宁·青秀·南湖,广州,大专,3-5年,,zhilian,,"系统运维,Shell,Python,云计算运维,云平台安全加固,网络故障排查,网络运维,硬件/设备运维,C#",http://www.zhaopin.com/jobdetail/CCL1511490830J41006230902.htm?refcode=4019&srccode=401901&preactionid=fc96c9e5-b737-4d79-9a57-727856602d93
it技术支持维护专员,南京迦眸意网络科技有限公司,1.1-1.3万·13薪,南京·秦淮·朝天宫,广州,大专,1-3年,,zhilian,,"桌面运维,网络运维,硬件/设备运维,IT资产管理,系统巡检备份,办公软硬件维护,C#,C++,C",http://www.zhaopin.com/jobdetail/CCL1510599770J40867827907.htm?refcode=4019&srccode=401901&preactionid=fc96c9e5-b737-4d79-9a57-727856602d93
IT工程师,浪潮通信信息系统有限公司,6000-8000元,长沙·湘湖,广州,大专,1-3年,,zhilian,,"硬件/设备运维,系统运维,网络运维",http://www.zhaopin.com/jobdetail/CC601264720J40828028016.htm?refcode=4019&srccode=401901&preactionid=fc96c9e5-b737-4d79-9a57-727856602d93
售后服务工程师,天津市天河计算机技术有限公司,6000-8000元,临沂·兰山·枣园,广州,大专,1-3年,,zhilian,,计算机、通信等信息技术相关专业,http://www.zhaopin.com/jobdetail/CC466758210J40752683106.htm?refcode=4019&srccode=401901&preactionid=d92b0210-0f98-42b1-87f9-ba330ea48b55
数据中心运维技术员,北京铂维科技有限公司,5000-7000元,呼和浩特·和林格尔·盛乐,广州,中专/中技,1-3年,,zhilian,,IDC/机房运维,http://www.zhaopin.com/jobdetail/CCL1493384030J40921570408.htm?refcode=4019&srccode=401901&preactionid=d92b0210-0f98-42b1-87f9-ba330ea48b55
it工程师,四川易创天宇科技有限公司,1.4-2.8万·13薪,荆州·荆州区·东城街道,广州,中专/中技,1-3年,,zhilian,,"桌面运维,软件运维,网络运维,Java,Python,C++",http://www.zhaopin.com/jobdetail/CCL1511490410J40986135202.htm?refcode=4019&srccode=401901&preactionid=d92b0210-0f98-42b1-87f9-ba330ea48b55
办公室技术助理,深圳市五湖商界电子商务有限公司,6000-7000元,深圳·龙华·龙华,广州,大专,1-3年,,zhilian,,"系统维护,网络维护",http://www.zhaopin.com/jobdetail/CCL1515734180J40746675606.htm?refcode=4019&srccode=401901&preactionid=d92b0210-0f98-42b1-87f9-ba330ea48b55
it技术支持工程师,广西霏桐科技有限公司,1-1.2万·13薪,南宁·良庆·良庆镇,广州,大专,经验不限,,zhilian,,"系统运维,网络运维,售后支持,云计算运维,故障排查处理,客户需求对接,C++,C#,Shell",http://www.zhaopin.com/jobdetail/CCL1511490830J41006243202.htm?refcode=4019&srccode=401901&preactionid=d92b0210-0f98-42b1-87f9-ba330ea48b55
基础设施运维技术员,维谛技术服务(深圳)有限公司,5000-6000元,张家口·怀来县·东花园镇,广州,大专,1-3年,,zhilian,,IDC/机房运维,http://www.zhaopin.com/jobdetail/CC622907580J40590633011.htm?refcode=4019&srccode=401901&preactionid=d92b0210-0f98-42b1-87f9-ba330ea48b55
it工程师,四川鸿洲合创科技有限公司,1.3-2.6万,长春·南关·南岭,广州,中专/中技,3-5年,,zhilian,,"桌面运维,软件运维,网络运维",http://www.zhaopin.com/jobdetail/CCL1516044170J40907417012.htm?refcode=4019&srccode=401901&preactionid=44859ec0-0fea-4c24-acbe-fd1b80c0a1c8
IT规划与运维主管,上海数智世界工业科技集团有限公司,1.5-1.8万,乌鲁木齐·水磨沟区·七道湾街道,广州,大专,3-5年,,zhilian,,CAD,http://www.zhaopin.com/jobdetail/CCL1468463130J40954536615.htm?refcode=4019&srccode=401901&preactionid=44859ec0-0fea-4c24-acbe-fd1b80c0a1c8
网络技术支持-L1,软通动力信息技术(集团)股份有限公司,1-1.3万,西安·雁塔·漳浒寨,广州,大专,3-5年,,zhilian,,网络运维,http://www.zhaopin.com/jobdetail/CC000544460J40824540716.htm?refcode=4019&srccode=401901&preactionid=44859ec0-0fea-4c24-acbe-fd1b80c0a1c8
信息专员（虹桥人才公寓）,上海新长宁(集团)有限公司,8000-10000元·15薪,上海·长宁·新泾,广州,本科,1-3年,,zhilian,,"C++,Python",http://www.zhaopin.com/jobdetail/CC397601110J40860706401.htm?refcode=4019&srccode=401901&preactionid=44859ec0-0fea-4c24-acbe-fd1b80c0a1c8
算力技术开发工程师,新疆数算电科技技术有限责任公司,8000-15000元,哈密·伊吾县·吐葫芦乡,广州,本科,3-5年,,zhilian,,"Python,C++,算力调度系统开发,DCIM动环监控平台开发,GPU资源管理",http://www.zhaopin.com/jobdetail/CCL1522288770J40831949416.htm?refcode=4019&srccode=401901&preactionid=44859ec0-0fea-4c24-acbe-fd1b80c0a1c8
IT运维工程师,北京北龙云海网络数据科技有限责任公司,4000-7000元,威海·环翠区·苘山镇,广州,大专,1-3年,,zhilian,,"硬件/设备运维,系统运维,网络运维",http://www.zhaopin.com/jobdetail/CC671106520J40548115502.htm?refcode=4019&srccode=401901&preactionid=44859ec0-0fea-4c24-acbe-fd1b80c0a1c8
技术支撑岗,江苏有线网络发展有限责任公司昆山分公司,6000-10000元,苏州·昆山·玉山,广州,本科,1-3年,,zhilian,,"硬件产品,软件产品,智能产品",http://www.zhaopin.com/jobdetail/CC390336530J40803803216.htm?refcode=4019&srccode=401901&preactionid=44859ec0-0fea-4c24-acbe-fd1b80c0a1c8
技术支持工程师,信动互联(北京)科技有限公司,6000-12000元,北京·昌平·史各庄,广州,本科,经验不限,,zhilian,,"SQL,SQL Server",http://www.zhaopin.com/jobdetail/CZ679672920J00038907410.htm?refcode=4019&srccode=401901&preactionid=9538ecd9-9f9e-4ab0-a314-9f1ba98df53c
it工程师,四川鸿洲合创科技有限公司,1.3-2.6万,太原·迎泽·庙前,广州,中专/中技,3-5年,,zhilian,,"桌面运维,软件运维,网络运维",http://www.zhaopin.com/jobdetail/CCL1516044170J40907416912.htm?refcode=4019&srccode=401901&preactionid=9538ecd9-9f9e-4ab0-a314-9f1ba98df53c
it工程师,四川易创天宇科技有限公司,1.4-2.8万·13薪,延安·宝塔区,广州,中专/中技,1-3年,,zhilian,,"桌面运维,软件运维,网络运维,Java,Python,C++",http://www.zhaopin.com/jobdetail/CCL1511490410J40986135302.htm?refcode=4019&srccode=401901&preactionid=9538ecd9-9f9e-4ab0-a314-9f1ba98df53c
信息项目助理（AI方向）,中国国际贸易促进委员会纺织行业分会,6000-10000元,北京·朝阳·朝外,广州,本科,经验不限,,zhilian,,"OA系统,Python",http://www.zhaopin.com/jobdetail/CC158889810J40841104109.htm?refcode=4019&srccode=401901&preactionid=9538ecd9-9f9e-4ab0-a314-9f1ba98df53c
技术工程师,中汇大通科技有限公司,5000-8000元·13薪,洛阳·洛龙·太康东路,广州,大专,1-3年,,zhilian,,"硬件产品,通信设备,智能产品",http://www.zhaopin.com/jobdetail/CC333571730J40654193403.htm?refcode=4019&srccode=401901&preactionid=9538ecd9-9f9e-4ab0-a314-9f1ba98df53c
售前支撑岗（央国企行业）,中电信数智科技有限公司北京分公司,2.5-3.5万,北京·朝阳·朝外,广州,本科,3-5年,,zhilian,,央国企AI转型,http://www.zhaopin.com/jobdetail/CC711174220J40768275406.htm?refcode=4019&srccode=401901&preactionid=9538ecd9-9f9e-4ab0-a314-9f1ba98df53c
华为售前工程师（数通）,深圳市金华威数码科技有限公司,6000-8000元·14薪,哈尔滨·南岗·燎原,广州,本科,1-3年,,zhilian,,"软件工程,华为,HCIA",http://www.zhaopin.com/jobdetail/CC216525110J40155710613.htm?refcode=4019&srccode=401901&preactionid=9538ecd9-9f9e-4ab0-a314-9f1ba98df53c
密码技术工程师（售后支持）,北京江南天安科技有限公司,6000-10000元,北京·朝阳,广州,本科,经验不限,,zhilian,,"软件产品,自动化设备",http://www.zhaopin.com/jobdetail/CC134174310J40849716314.htm?refcode=4019&srccode=401901&preactionid=9538ecd9-9f9e-4ab0-a314-9f1ba98df53c
技术文档工程师,北京文泽智远信息技术有限公司,8000-12000元,北京·海淀·北下关,广州,本科,经验不限,,zhilian,,"技术文档,开发文档,项目文档",http://www.zhaopin.com/jobdetail/CC487016930J40173433008.htm?refcode=4019&srccode=401901&preactionid=e38da593-2e17-4e4d-8521-f6edc76fbe83
技术支持工程师,北京网方华信网络技术有限公司,7000-14000元,北京·海淀,广州,本科,1-3年,,zhilian,,"软件产品,硬件产品",http://www.zhaopin.com/jobdetail/CC179873920J40648462501.htm?refcode=4019&srccode=401901&preactionid=e38da593-2e17-4e4d-8521-f6edc76fbe83
技术支持工程师,科曼智能科技有限公司,5000-10000元·13薪,烟台·福山·古现,广州,本科,经验不限,,zhilian,,"售前技术支持,现场技术支持",http://www.zhaopin.com/jobdetail/CC698618480J40386187710.htm?refcode=4019&srccode=401901&preactionid=e38da593-2e17-4e4d-8521-f6edc76fbe83
华为IT售前工程师,上海伟仕佳杰科技有限公司北京分公司,9000-12000元,烟台·莱山·初家,广州,大专,1-3年,,zhilian,,"华为,存储,服务器,虚拟化,桌面云,云桌面,IT",http://www.zhaopin.com/jobdetail/CC624540020J40246240912.htm?refcode=4019&srccode=401901&preactionid=e38da593-2e17-4e4d-8521-f6edc76fbe83
it技术工程师,广西霏桐科技有限公司,1.1-1.3万·13薪,南宁·青秀·津头,广州,大专,1-3年,,zhilian,,"系统运维,网络运维,云计算平台运维,云资源规划优化,跨团队协作支持,硬件/设备运维,C++,Shell,C#",http://www.zhaopin.com/jobdetail/CCL1511490830J41006216202.htm?refcode=4019&srccode=401901&preactionid=e38da593-2e17-4e4d-8521-f6edc76fbe83
技术运维工程师,山东麦港数据系统有限公司,5000-6000元,济南·历下·舜华路,广州,本科,经验不限,,zhilian,,"Nginx,Tomcat,Docker",http://www.zhaopin.com/jobdetail/CC672839220J40833386907.htm?refcode=4019&srccode=401901&preactionid=e38da593-2e17-4e4d-8521-f6edc76fbe83
it技术支持工程师讲师,济宁高新区华创职业培训学校,8000-12000元,济宁·任城区·李营街道,广州,大专,5-10年,,zhilian,,"桌面运维,硬件/设备运维,STP、LACP,OSPF,BGP、VPN",http://www.zhaopin.com/jobdetail/CCL1484409230J40648382309.htm?refcode=4019&srccode=401901&preactionid=e38da593-2e17-4e4d-8521-f6edc76fbe83
AI 应用专员,山东尚正新材料科技股份有限公司,4000-6000元,淄博·桓台县·马桥镇,广州,本科,1-3年,,zhilian,,"Python,Java,RAG,LANGCHAIN",http://www.zhaopin.com/jobdetail/CC871179090J40771183711.htm?refcode=4019&srccode=401901&preactionid=6504b075-4d68-48db-b6d2-65100b955838
售前工程师,中汇大通科技有限公司,5000-10000元·13薪,洛阳·洛龙·太康东路,广州,本科,1-3年,,zhilian,,"网络通信设备,方案设计,项目需求分析,安防系统",http://www.zhaopin.com/jobdetail/CC333571730J40545762003.htm?refcode=4019&srccode=401901&preactionid=6504b075-4d68-48db-b6d2-65100b955838
售前工程师（IT）,深圳市金华威数码科技有限公司,7000-9000元·14薪,天津·河东·大王庄,广州,大专,经验不限,,zhilian,,"HCIP,HCIA,HCIE,CCIE,虚拟机技术,网络协议",http://www.zhaopin.com/jobdetail/CC216525110J40410252713.htm?refcode=4019&srccode=401901&preactionid=6504b075-4d68-48db-b6d2-65100b955838
IT经理,湖北登峰尤尼飞电力设备冷却系统有限公司,1.2-1.5万,武汉·青山·工人村,广州,本科,5-10年,,zhilian,,"OA系统,ERP系统,PLM系统,SAP系统",http://www.zhaopin.com/jobdetail/CC143064480J40849644308.htm?refcode=4019&srccode=401901&preactionid=6504b075-4d68-48db-b6d2-65100b955838
技术支持工程师,武汉博远减灾科技股份有限公司,8000-10000元,武汉·江夏,广州,本科,3-5年,,zhilian,,硬件产品,http://www.zhaopin.com/jobdetail/CCL1477376930J40820022016.htm?refcode=4019&srccode=401901&preactionid=6504b075-4d68-48db-b6d2-65100b955838
信息化售前工程师,湖南省邮电规划设计院有限公司,7000-10000元,怀化·鹤城区·城北街道,广州,本科,3-5年,,zhilian,,智慧产品,http://www.zhaopin.com/jobdetail/CC475245720J40808989613.htm?refcode=4019&srccode=401901&preactionid=6504b075-4d68-48db-b6d2-65100b955838
通信技术工程师,河北正尔科技有限公司,4000-8000元,石家庄·裕华·建华南,广州,大专,经验不限,,zhilian,,"测试,硬件测试,软件测试,双休,五险",http://www.zhaopin.com/jobdetail/CC891412960J40931371904.htm?refcode=4019&srccode=401901&preactionid=6504b075-4d68-48db-b6d2-65100b955838
售前方案技术支持工程师,青海云汉信息科技股份有限公司,6000-8000元,西宁·城北区·廿里铺镇,广州,大专,3-5年,,zhilian,,"智慧产品,网络通信设备,智慧教育,智慧医疗,智慧城市",http://www.zhaopin.com/jobdetail/CCL1448588370J40916391412.htm?refcode=4019&srccode=401901&preactionid=6504b075-4d68-48db-b6d2-65100b955838
