job_name,company_name,salary,work_area,city,education,work_year,issue_date,source,skill_requirements,tech_tags,job_url
FPGA测试实习生（上海)——提供转正机会,北京市科学技术研究院,200-250元/天,上海·闵行·马桥,上海,本科,经验不限,7月21日,zhilian_direct,岗位职责 1、全流程验证参与： 协助团队完成FPGA测试验证全流程工作，包括但不限于编写测试计划（Test Plan）、构建测试用例（Test Case），确保FPGA设计的功能正确性与可靠性 2、自动化脚本开发（Python/Tcl）： 协助参与开发基于 Python 或 Tcl 的自动化测试脚本，搭建高效的回归测试环境； 3、仿真与调试： 掌握并使用主流的仿真工具（如 ModelSim / VCS / Verdi / Questasim），进行门级仿真和时序仿真 ； 配合设计工程师进行 RTL代码调试，运用Verdi等工具快速定位逻辑bug ； 4、文档规范与标准化： 协助参与FPGA测试文档的整理与编写， 整理并编写规范的测试文档，包括测试计划、测试报告等； 二、任职要求 1、基本要求 教育背景：本科及以上学历在读（可长期实习者优先，最少6个月），电子信息、计算机、通信工程、应用数学等具备扎实数理基础的专业 。 理论基础：熟悉数字电路基础，理解FPGA内部结构（如LUT、FF、BRAM等），对Verilog或VHDL语言有一定了解 。 逻辑思维：具备较强的问题分析和定位能力，耐心且细心，能够接受“死磕”bug带来的成就感。 2、加分（具备其一即可脱颖而出）： 熟悉 Python/Perl/Tcl/Bash 中的至少一种脚本语言，有编写自动化脚本的经验 。 在学校实验室或比赛中接触过 ModelSim/Vivado/Quartus 等EDA工具 。 对 UART/SPI/I2C/AXI/Ethernet 等常见接口协议有基本认知 。 了解UVM验证方法学或System Verilog 。中共党员优先。 通过英语6级（CET-6）者优先； 三、我们提供 1、技能培训： 入职即享“老带新”导师制，带你系统学习FPGA测试方法论、UVM验证平台搭建、覆盖率驱动验证等核心技术 。 不定期内部技术分享，涵盖PCIe、DDR等高速接口测试、时序收敛等进阶话题。 2、参与项目： 深入项目一线，参与芯片测试，积累业内极具含金量的实战履历； 3、实习保障： 具有竞争力的实习补贴 + 舒适办公环境。 表现优异者可获得转正直通卡，提前锁定校招Offer，毕业即就业。 （转正后缴纳北京社保） 如果你对FPGA测试充满热情，渴望在该领域有所作为，欢迎加入我们！ 工作地点 上海闵行区中青路 以担保或任何理由索要财物，扣押证照，均涉嫌违法。一经发现， 立即举报,"Verilog HDL,VHDL,System Verilog,FPGA测试",http://www.zhaopin.com/jobdetail/CC137220240J40991843404.htm?refcode=4019&srccode=401901&preactionid=3c617fe9-48b2-4384-84a4-a4910debb296
fpga实习,南通昇目微电子科技有限公司,3000-6000元,南通·崇川·新开,南通,本科,经验不限,7月23日,zhilian_direct,岗位职责】 移植、适配及相关设计文档的编写; 1.负责根据ASIC原型验证需求，完成FPGA端RTL代码 2.负责ASIC原型验证相关测试用例的编写，执行FPGA原型功能验证与调试工作，记录并反馈验证问题; 3.参与ASIC原型验证前端流程工作，包括逻辑综合、时序分析、形式验证等，保障FPGA原型与ASIC设计的一致性; 试阶段的技术问题，提供相应技术支持; 4.协助解决ASIC原型在系统集成、板级测试及应用调 5.参与ASIC原型验证相关技术评审会议，整理验证报 告与问题清单。 [职位要求] 1.微电子、通信工程、电子信息工程等相关专业本科及以上学历在读，具备ASIC原型验证相关项目经验者优 先; 2.具备扎实的数字集成电路设计理论基础，精通数字前端设计流程，能够支撑ASIC原型验证工作开展; 3.精通Verilog/SystemVerilog硬件描述语言，熟练掌握Xilinx/AlteraFPGA全流程开发方法，能独立完成逻辑综合、时序约束、板级调试等核心工作; 4.熟悉硬件原理图设计规范，具备独立读懂硬件原理图的能力，可配合完成FPGA板卡的硬件调试与问题定 5.熟悉Linux操作系统环境，了解C/C++编程语言及gcc编译流程，能辅助编写验证脚本或调试工具; 6.优先条件:熟悉MCU常用外设(UART/SPI/IIC/USB/CAN)或RISC-V子系统架构(core、int、bus.cache等)者优先; 7.具备良好的英语读写能力 工作地点 南通市崇川区崇州大道紫琅公园西北侧约170米 以担保或任何理由索要财物，扣押证照，均涉嫌违法。一经发现， 立即举报,"C++,Verilog,Linux,FPGA",http://www.zhaopin.com/jobdetail/CCL1515634900J40997774902.htm?refcode=4019&srccode=401901&preactionid=3c617fe9-48b2-4384-84a4-a4910debb296
FPGA研发工程师,北京质胜康华科技有限公司,8000-12000元,北京,北京,本科,经验不限,7月24日,zhilian_direct,岗位职责 1. 根据研发任务需求，负责使用SoC进行程序开发（包括ARM和FPGA），与功能单元开展系统集成和性能调优等工作。 2. 参与项目需求分析，完成方案设计和技术评估，提供可行的解决方案。 3. 根据仪器各功能单元的电气接口和指标需求，进行相关硬件方案的论证。 4. 编写测试文档，进行功能仿真和时序分析，确保产品正确实现。 5. 跟踪行业技术发展，持续学习新技术，提升团队技术储备。 任职要求 1. 本科及以上学历，电子信息、电子科学与技术、电气工程、通信工程等相关专业毕业。 2. 掌握 Verilog/SystemVerilog 语言，具有 FPGA 或 ASIC 开发经验。 3. 熟悉 FPGA 设计开发和调试流程，熟练使用 Xilinx 或 Altera 的 FPGA 开发工具链； 4. 熟练使用ModelSim等仿真工具，了解时序仿真和验证方法。 5. 熟练掌握IIC、SPI、RS232/485、以太网、AXI等接口协议； 6. 熟练使用各类调试工具、示波器、逻辑分析仪等测试仪器。 工作地点 北京市海淀区东升(地区)镇建材城中路海开园2期2号院5号楼一层质胜康华 以担保或任何理由索要财物，扣押证照，均涉嫌违法。一经发现， 立即举报,"Verilog HDL,System Verilog,FPGA",http://www.zhaopin.com/jobdetail/CCL1504822840J40775901406.htm?refcode=4019&srccode=401901&preactionid=3c617fe9-48b2-4384-84a4-a4910debb296
FPGA工程师实习生（有转正名额！）,成都星象科技有限公司,100-200元/天,成都·武侯·肖家河,成都,本科,经验不限,7月23日,zhilian_direct,岗位职责： 1. 主要负责FPGA开发，包括代码编写、仿真、时序约束、时序分析、调试和测试工作； 2. 编写相关的设计文档； 3. 熟练运用Verilog HDL语言，具有良好的编码风格，会使用仿真工具对逻辑代码进行仿真； 4. 熟悉VIVADO、ModelSim等逻辑开发工具，熟悉Xilinx的ZYNQ或7系列FPGA架构和开发流程； 任职要求： 1.优秀的沟通能力、理解能力； 2.思维活跃，工作态度积极，积极地学习并掌握新技术； 3.有良好的沟通和学习能力、较强的团队协作能力以及快速解决问题的能力； 4.可以承受工作压力，有良好乐观的心态； 5.具有责任意识、敬业诚信、对工作认真负责。 工作地点 武侯区四川省成都市高新区高朋大道科园三路4号 以担保或任何理由索要财物，扣押证照，均涉嫌违法。一经发现， 立即举报,可转正,http://www.zhaopin.com/jobdetail/CC466984510J40905998908.htm?refcode=4019&srccode=401901&preactionid=3c617fe9-48b2-4384-84a4-a4910debb296
fpga工程师/讲师，硬件设计工程师/讲师，嵌入式硬件设计工程师/讲师,中科华积电(郑州)科技有限公司,200-250元/天,郑州·中原·石佛,郑州,本科,经验不限,7月24日,zhilian_direct,岗位职责】 1. 负责FPGA系统的开发工作 2. 能够根据课程大纲进行备课、讲课 【岗位要求】 1. 电子、通信、计算机等相关专业； 2. 有过FPGA项目经验； 3. 熟练掌握Verilog/VHDL等硬件描述语言； 4. 熟悉Xilinx/Altera等主流FPGA芯片及其开发工具； 5. 具备较好的语言表达和沟通能力 6. 对教育培训和授课感兴趣，愿意和学生沟通交流 7. 有责任心，有耐心，能接受出差 二、硬件设计工程师/嵌入式硬件工程师/讲师： 【岗位职责】 1. 负责硬件原理图设计，电路分析仿真，PCB layout 指导，焊接指导； 2. 能够根据课程大纲进行备课、授课 【岗位要求】 1. 电子、集成电路、计算机、通信或自动化相关专业； 2. 有过硬件项目经验； 3. 熟悉模拟电路设计，包括开关电源、LDO、运算放大器等； 4. 熟悉MCU/FPGA/SOC/DSP等小系统 5. 熟练使用常见测试设备，包括示波器、频谱分析仪、网络分析仪等； 6. 具备较好的语言表达和沟通能力 7. 对教育培训和授课感兴趣，愿意和学生沟通交流 8. 有责任心，有耐心，能接受出差 9.会有免费培训】 【您能获得】 1. 每天不低于200元的课时费 2. 提供研究院项目学习资料 3. 提供研究院实习证明 4. 表现优秀有转正机会 【公司实力】 郑州中科集成电路与系统应用研究院由郑州市人民政府批准成立，是由郑州高新技术产业开发区管理委员会举办的事业法人单位。研究院坚持以“企业为主体，市场为导向、自主技术为核心、促进产业化为主线”，构建“政、产、学、研、用、金”六位一体的开放创新平台，建立政府支持、产学研结合、市场化运作的新型研发机构，在前瞻性技术研究、科技成果转化、重大项目攻关、科技人才培养等方面展开紧密合作，努力构建郑州市高端芯片创新研发和产业化集群高地，推动中原城市群集成电路及相关信息产业发展。 中科华积电科技有限公司是中科集成电路与系统应用研究院旗下集成电路人才培养公共服务平台运营单位，是一家集半导体产品开发、集成电路设计外包、行业投资等为一体的新型产教融合型科技企业。依托研究院核心研发团队，自主开发了一套集成电路产教融合体系，形成了集科技研发、实习实训、人才培养、创新创业为一体的综合集成电路平台。 工作地点 中原区河南省郑州市高新区长椿路6号西美大厦A座 以担保或任何理由索要财物，扣押证照，均涉嫌违法。一经发现， 立即举报,"FPGA,PCB,嵌入式",http://www.zhaopin.com/jobdetail/CCL1463720460J40951994208.htm?refcode=4019&srccode=401901&preactionid=3c617fe9-48b2-4384-84a4-a4910debb296
fpga助理工程师,广东奥普特科技股份有限公司,6000-10000元·13薪,东莞·长安镇,东莞,本科,经验不限,7月23日,zhilian_direct,职位描述 FPGA 计算机软件 计算机硬件 工业自动化/机器人 任职要求： 1.本科及以上学历，电子，计算机或自动化相关专业，英语六级优先。 2.数电、模电基础知识扎实，有FPGA设计经验。 3.良好的沟通能力，态度端正，有责任心，能承受一定工作压力。 4.有意往FPGA方向发展，从事机器视觉相关行业。 工作内容： 1.协助新产品的设计方案规划，并执行。 2.负责样机试产阶段的工作，如样机物料采购，实验测试，样机评审等。 3.负责小批量试产前的技术资料准备工作，包括产品电路原理图、BOM、PCB板图等。 工作地点 东莞广东奥普特科技股份有限公司 以担保或任何理由索要财物，扣押证照，均涉嫌违法。一经发现， 立即举报,FPGA,http://www.zhaopin.com/jobdetail/CC278982910J40263736306.htm?refcode=4019&srccode=401901&preactionid=3c617fe9-48b2-4384-84a4-a4910debb296
硬件工程师,金华飞光科技有限公司,4000-8000元,金华·婺城区·秋滨街道,金华,本科,经验不限,7月25日,zhilian_direct,岗位职责： 1、 有较强的电路分析和设计能力，有较强的调试和问题解决能力； 2、编写项目文档、研发质量记录、设计说明等相关技术文档； 任职要求： 1、本科及以上学历，计算机类相关专业； 2、运用设计工具（AD、Cadence或Mentor）设计原理图及PCB； 3、具备利用示波器、逻辑分析仪测试硬件的能力； 4、掌握常用的标准电路的设计能力； 5、有良好的沟通协调能力，良好的团队精神。； 6、具备一定的文档撰写能力和英文文档读写能力； 7、有高速电路或FPGA电路设计经验的优先。 职位福利：绩效奖金、年终分红 工作地点 金华婺城区那云·海棠小微创业园12幢4楼 以担保或任何理由索要财物，扣押证照，均涉嫌违法。一经发现， 立即举报,"FPGA开发,电路设计,嵌入式硬件开发",http://www.zhaopin.com/jobdetail/CC417678439J90250002000.htm?refcode=4019&srccode=401901&preactionid=3c617fe9-48b2-4384-84a4-a4910debb296
fpga工程师,国科电雷(北京)电子装备技术有限公司,6000-8000元,合肥·蜀山·莲花社区,合肥,本科,经验不限,7月23日,zhilian_direct,岗位职责 1. 参与FPGA相关项目的开发工作，协助完成FPGA逻辑设计、代码编写、仿真验证及板级调试等基础工作。 2. 熟练使用VIVADO开发工具，完成工程搭建、综合、实现、时序分析、比特流生成等全流程开发操作。 3. 配合团队完成硬件电路与FPGA接口联调，协助解决项目开发过程中的技术问题。 4. 参与项目文档编写，包括设计方案、调试记录、测试报告等技术文档的整理与归档。 5. 学习并掌握公司相关技术规范、开发流程，快速融入团队完成分配的开发任务。 6. 协助完成FPGA模块的功能测试、性能优化，保障项目开发进度与质量。 三、任职要求 1. 学历专业：本科及以上学历，电子信息工程、通信工程、自动化、电子科学与技术等相关电子类专业应届生。 2. 专业技能：- 掌握数字电路、FPGA开发基础理论知识，熟悉Verilog/VHDL硬件描述语言。 - 在校期间有独立或参与FPGA项目开发经验，熟悉FPGA开发全流程。 - 熟练使用Xilinx VIVADO开发工具，能够独立完成工程开发、仿真调试、时序约束等操作。 - 了解基本的通信协议、接口原理（如UART、SPI、I2C、DDR等）者优先。 3. 能力素质：- 具备扎实的专业理论基础，学习能力强，对FPGA开发有浓厚兴趣。 - 具备良好的逻辑思维能力、问题分析与解决能力，做事严谨细心。 - 拥有良好的团队协作意识、沟通表达能力，能积极配合团队完成项目工作。 - 具备较强的责任心，能主动跟进工作任务，服从团队工作安排。 4. 其他：无工作经验要求，欢迎优秀应届生投递，可接受无全职工作经验。 四、福利待遇 1. 完善的应届生培养体系，一对一导师带教，助力快速掌握岗位技能、适应职场。 2. 具有竞争力的薪资待遇、五险一金、带薪年假、节日福利、定期团建。 3. 舒适的办公环境、免费下午茶、餐补/交通补等各项补贴。 4. 清晰的职业发展通道，丰富的技术培训与晋升机会，支持个人能力长期提升。 5. 弹性工作时间、人性化管理模式，平衡工作与生活。 工作地点 合肥市-蜀山区-香馨科创中心7楼 以担保或任何理由索要财物，扣押证照，均涉嫌违法。一经发现， 立即举报,"Verilog,VHDL,仿真调试,Vivado",http://www.zhaopin.com/jobdetail/CC828175270J40934072515.htm?refcode=4019&srccode=401901&preactionid=3c617fe9-48b2-4384-84a4-a4910debb296
FPGA开发工程师,深圳市华汉伟业科技有限公司,2-3.5万,深圳·南山·西丽,深圳,本科,经验不限,7月26日,zhilian_direct,职位描述 FPGA 以太网 Verilog Linux 嵌入式硬件开发 驱动开发 嵌入式技术 BSP开发 计算机硬件 计算机软件 人工智能 1、与算法工程师对接，完成算法功能的FPGA功能转换 2、负责FPGA系统的开发和调试 3、利用FPGA实现图像的采集、传输及处理加速 4、实现控制器与相机之间的通信（以太网） 5、FPGA与ARM之间的交互等 6、实现深度学习边缘端部和优化 工作地点 南山区深圳国际创新谷6栋A座17楼 以担保或任何理由索要财物，扣押证照，均涉嫌违法。一经发现， 立即举报,"FPGA,以太网,Verilog,Linux,嵌入式硬件开发,驱动开发,嵌入式技术,BSP开发",http://www.zhaopin.com/jobdetail/CC280373830J40265951105.htm?refcode=4019&srccode=401901&preactionid=3c617fe9-48b2-4384-84a4-a4910debb296
FPGA助理工程师,福州高新区才拓科技有限公司,7000-10000元,贵阳·白云,贵阳,大专,经验不限,7月24日,zhilian_direct,岗位职责 协助高级工程师开展基于 Xilinx、Altera 等主流 FPGA 器件及开发环境的项目开发工作，包括但不限于搭建 FPGA 开发环境与仿真平台，并完成 FPGA 逻辑代码的仿真任务。​ 参与 FPGA 功能模块的逻辑设计，依据产品或项目的详细设计需求，进行符合功能与性能要求的 FPGA 设计、开发以及验证工作。​ 协同软硬件工程师完成芯片选型以及接口设计相关工作，为项目的整体推进提供支持。​ 负责编写产品开发、生产相关的技术文档，为生产环节提供必要的技术支撑。​ 参与项目需求沟通会议，根据需求文档进行可行性分析，并在必要时能够适应出差工作，与客户交流产品信息。​ 福利待遇​ 薪资构成：具备竞争力的基本工资 + 丰厚的项目奖励 + 高额年终奖金，充分肯定您的工作价值与贡献。​ 补贴福利：入职即可申请 500 - 800 元的住宿补贴，同时享有餐费补贴，为您的日常生活减轻负担。​ 保险保障：完善的五险一金，让您无后顾之忧。此外，额外提供商业险，进一步增强保障力度。​ 员工关怀：定期举办文体活动（如篮球、羽毛球、足球等）、月度生日会，节日发放丰厚福利，定期安排全面的年度体检。​ 晋升发展：公司拥有完善的内部晋升制度，从助理工程师开始，为您提供广阔的晋升空间，助力您的职业发展一路畅通。​ 工作氛围：优越舒适的办公环境，轻松快乐的工作氛围，以及一群可爱友好且优秀的工作伙伴，让您每天都能愉快工作。 工作地点 贵阳白云区七冶压力容器制造有限责任公司 以担保或任何理由索要财物，扣押证照，均涉嫌违法。一经发现， 立即举报,"C++,C语言,Python",http://www.zhaopin.com/jobdetail/CCL1491047900J40791620807.htm?refcode=4019&srccode=401901&preactionid=3c617fe9-48b2-4384-84a4-a4910debb296
FPGA工程师,天津勤恩通信技术有限公司,1-1.6万,天津·东丽·华明,天津,本科,经验不限,7月23日,zhilian_direct,"职位描述 Verilog HDL VHDL 电子设备制造 专用设备制造 职位描述 岗位内容： 1. 设计数字信号处理电路和FPGA原型。 2.负责项目中数字信号处理相关算法的FPGA设计开发。 3. 编写Verilog HDL，VHDL代码，进行模拟仿真、综合和布局布线。 4. 完成FPGA验证测试，并发现并解决设计问题。 5. 实现FPGA设计规格书，包括架构、设计、实现和验证。 任职要求： 1. 精通数字电路设计和FPGA设计流程。 2. 具有丰富的HDL编程经验，熟练使用Verilog HDL,VHDL语言。 3. 对数字信号处理和FPGA设计算法有深入了解。 4. 熟悉EDA工具链，如Vivado、Modelsim等。 5. 有良好的沟通、团队协作能力和问题解决技巧。 6. 本科及以上学历，专业是电子、通信、计算机或相关领域。 工作地点 天津东丽区天保智谷汇盈产业园 以担保或任何理由索要财物，扣押证照，均涉嫌违法。一经发现， 立即举报","Verilog HDL,VHDL",http://www.zhaopin.com/jobdetail/CCL1327630160J40862076214.htm?refcode=4019&srccode=401901&preactionid=3c617fe9-48b2-4384-84a4-a4910debb296
FPGA开发工程师**,南京华昇智航科技有限公司,1.5-3万,南京·建邺·江心洲,南京,本科,经验不限,7月24日,zhilian_direct,岗位职责 1.负责雷达、电子对抗、通信系统相关的FPGA逻辑设计与开发，包括需求拆解、模块设计、代码编写、功能仿真、时序分析与优化。 2.负责数字信号处理算法的FPGA硬件化落地，包括脉冲压缩、数字上下变频、滤波、FFT、调制解调、干扰算法等模块的开发与验证。 3.负责FPGA板级调试、系统联调与问题定位，配合硬件团队完成原理图评审、硬件调试与测试，配合算法团队完成算法优化与落地适配。 4.负责高速接口（SRIO、PCIE、Aurora、JESD204B等）、基带处理、数据交互等相关模块的开发与调试。 5.负责项目相关设计文档、仿真报告、调试记录、测试报告等技术资料的编制、归档与更新。 （二）任职要求 1.基本要求 （1）学历：本科及以上学历，应届毕业生与社会人才均可报名。 （2）专业：电子工程、通信工程、微电子学与固体电子学、数字信号处理、集成电路设计等相关专业。 （3）其他：遵纪守法，品行端正，无不良从业记录，具备良好的职业素养、保密意识与团队协作精神。 2.专业能力要求 （1）熟练掌握Verilog/VHDL硬件描述语言，精通FPGA开发全流程，能独立完成模块级与系统级的逻辑设计、仿真验证与板级调试。 （2）熟悉Xilinx/Intel主流FPGA器件的架构、资源与开发工具链（Vivado/Quartus等），熟练使用Modelsim/VCS等仿真工具。 （3）掌握数字信号处理基础理论，熟悉常用数字信号处理算法的原理与FPGA实现方法，具备时序收敛、资源优化的相关能力。 （4）具备良好的问题排查能力、逻辑思维与文档撰写能力，能适应项目研发节奏与外场调试出差任务。 3.优先录用条件 （1）具有2年及以上雷达、电子对抗或通信系统FPGA程序开发相关项目经验者优先。 （2）有雷达信号处理、电子对抗干扰算法硬件化落地、高速数字接口开发调试经验者优先。 （3）具备型号项目研发、外场试验联调相关工作经验者优先。 工作地点 南京建邺区江岛智立方 以担保或任何理由索要财物，扣押证照，均涉嫌违法。一经发现， 立即举报,"ＦＰＧＡ,船舶/航空/航天/军工",http://www.zhaopin.com/jobdetail/CCL1503970380J40945222202.htm?refcode=4019&srccode=401901&preactionid=3c617fe9-48b2-4384-84a4-a4910debb296
FPGA验证,中软国际,面议,杭州·余杭·仓前,杭州,本科,经验不限,5月14日,zhilian_direct,职位描述 Verilog HDL FPGA开发 公办统招本科及以上，熟练掌握systemverilog、Verilog或VHDL等硬件描述语言，有大规模FPGA项目开发经验者优先; 熟练FPGA设计和验证流程，掌握各种4、FPGA工具，如ISE，Questa等: 熟练掌握FPGA的实现技能，熟悉FPG5、A系统仿真、综合和板级调试方法; 熟悉软件工程化、可靠性设计、安全6、性设计等相关知识者优先; 7、熟悉ADC、DAC、串口、SS1、1553B总线、CAN总线等优先: 具有较强的责任心及团队合作精神8、较强的沟通能力、学习能力等。 工作地点 杭州余杭区中软国际科技有限公司1 以担保或任何理由索要财物，扣押证照，均涉嫌违法。一经发现， 立即举报,Verilog HDL,http://www.zhaopin.com/jobdetail/CC508620120J40753274312.htm?refcode=4019&srccode=401901&preactionid=3c617fe9-48b2-4384-84a4-a4910debb296
FPGA工程师助理,长沙知电信息技术有限公司,100-150元/天,长沙·开福·伍家岭,长沙,本科,经验不限,7月23日,zhilian_direct,岗位职责】 1、实现 FPGA 外围接口和总线调试处理； 2、基于 FPGA 实现信号处理功能； 3、配合硬件工程师进行器件选型，方案设计； 4、配合算法工程师完成算法验证与集成。 【任职要求】 1、本科或以上学历； 2、电子信息、通信工程、计算机、自动化等相关专业； 3、熟练掌握 verilog 进行 RTL 设计，有相关设计经验者优先； 4、熟练使用 vivado、modelsim、matlab 等开发仿真工具，有相关设计经验者优先； 职位福利：五险一金、绩效奖金、员工旅游、项目奖金、带薪年假、周末双休、年终奖、餐补房补交补 工作地点 开福区长沙知电信息技术有限公司 以担保或任何理由索要财物，扣押证照，均涉嫌违法。一经发现， 立即举报,通信工程,http://www.zhaopin.com/jobdetail/CC842854340J40785722206.htm?refcode=4019&srccode=401901&preactionid=3c617fe9-48b2-4384-84a4-a4910debb296
嵌入式开发工程师,西安迅华信息科技有限公司,7000-10000元·13薪,西安·雁塔·丈八沟,西安,本科,经验不限,6月25日,zhilian_direct,职位描述 C语言 计算机软件 计算机硬件 通信/网络设备 岗位内容： 1. 设计、开发和维护嵌入式硬件系统，包括电路板设计、原型制作和测量测试。 2. 根据项目需求编写嵌入式软件程序，并对其进行调试和优化。 3. 配合团队完成产品的开发计划和技术难题的解决。 任职要求： 1. 大专本科及以上学历，电子工程、计算机科学等相关专业背景。 2. 熟悉嵌入式系统设计流程，具备电路设计、FPGA开发经验。 3. 熟练掌握C/C++等嵌入式编程语言，能够进行底层驱动开发和移植。 4. 具备较强的沟通协作能力和团队合作精神，有扎实的解决问题能力和自主学习意识。 工作地点 西安雁塔区科技二路72号零壹广场B座 以担保或任何理由索要财物，扣押证照，均涉嫌违法。一经发现， 立即举报,C语言,http://www.zhaopin.com/jobdetail/CC523599630J40651865315.htm?refcode=4019&srccode=401901&preactionid=3c617fe9-48b2-4384-84a4-a4910debb296
fpga/数字芯片设计/验证（25届也可）,信必优(深圳)信息技术有限公司,1.9-3.5万,西安·未央·三桥,西安,本科,经验不限,7月25日,zhilian_direct,岗位职责】： 1、编写芯片概要设计文档； 2、参与芯片安全性、可靠性、测试性分析； 3、完成需求→概要设计→RTL代码的双向追踪； 4、执行代码规则检查及分析。 【任职要求】： 1、统招本科及以上学历，电子/微电子/通信/计算机等相关专业； 2、1年以上数字IC或FPGA设计经验；25年微电子等相关专业985/211本、硕，0.5年及以上工作经验也可以。 3、参与过已流片项目，担任设计工程师； 4、熟练使用Office/WPS、EDA工具； 5、掌握Verilog/VHDL/SystemVerilog； 6、掌握状态机提取与代码转换。 加分项： 1、有脚本能力（Python/Perl/Tcl）； 2、有低功耗、车规、安全芯片经验。 工作地点 未央区西安环普创新城A1 以担保或任何理由索要财物，扣押证照，均涉嫌违法。一经发现， 立即举报,"Verilog HDL,VHDL,System Verilog,Verilog",http://www.zhaopin.com/jobdetail/CC641354530J40851709010.htm?refcode=4019&srccode=401901&preactionid=3c617fe9-48b2-4384-84a4-a4910debb296
硬件实习生,哈尔滨明斯特科技有限公司,150-200元/天,哈尔滨·南岗·燎原,哈尔滨,本科,经验不限,6月30日,zhilian_direct,职位描述 可转正 实习证明 半导体/芯片 仪器仪表 电子设备制造 岗位要求： 电子类相关专业，本科及以上学历； 有扎实的数字电路、模拟电路基础优先； 熟悉单片机、DSP、FPGA开发流程优先； 熟悉AltiumDesigner PCB设计工具，具有电路板设计经验优先; 参加过电子实验室、有电子设计类大赛经历优先； 具备基本文档编辑能力； 要求在校大学生，暑假期间可以来单位实习的； 实习试用期为一周，试用期内薪资为70/天，如签订三方，薪资为4000/月 工作地点 哈尔滨南岗区上和置地广场407室 以担保或任何理由索要财物，扣押证照，均涉嫌违法。一经发现， 立即举报,"可转正,实习证明,半导体/芯片,仪器仪表,电子设备制造",http://www.zhaopin.com/jobdetail/CCL1250520480J40948060708.htm?refcode=4019&srccode=401901&preactionid=3c617fe9-48b2-4384-84a4-a4910debb296
初级硬件开发岗（FPGA方向）,南通嘉骏信息科技有限公司,6000-10000元,南通·崇川·新开,南通,本科,经验不限,7月24日,zhilian_direct,职位描述 Verilog HDL 半导体/芯片 招聘2026届统招本科、硕士优秀毕业生； 培养方向： FPGA开发（FPGA器件选型、框架设计、逻辑设计、仿真） 招聘要求： 1、专业要求：电子信息工程、微电子，自动化、通信工程等相关专业； 2、具备Verilog 硬件描述语言能力，有 FPGA 相关项目实操经验优先； 3、要求学习能力强、行动力强、有责任心、思路清晰； 4、毕业后长期在南通发展，有定居意向； 5、英文沟通良好(读、写、说)优先考虑 。 工作地点 南通崇川区紫琅科技城1号楼7层 以担保或任何理由索要财物，扣押证照，均涉嫌违法。一经发现， 立即举报,Verilog HDL,http://www.zhaopin.com/jobdetail/CC598696320J40950143208.htm?refcode=4019&srccode=401901&preactionid=3c617fe9-48b2-4384-84a4-a4910debb296
FPGA开发工程师(RD06),浙江宇视科技有限公司,1-1.5万,济南·历城·港沟,济南,本科,1年以下,7月24日,zhilian_direct,岗位职责: 1、参与公司FPGA有关的产品的方案设计，器件选型等工作； 2、参与公司FPGA有关产品的开发、仿真、调试和维护工作。 任职资格: 1、熟练使用Verilog编程语言； 2、熟悉FPGA芯片架构，时序约束等基础概念； 3、了解FPGA开发流程，能够使用ISE、VIVADO或者Quartus等软件； 4、英语读写能力良好（CET-4以上），熟练阅读专业相关的技术资料； 5、性格稳重，善于沟通合作，能承受一定的工作压力。 工作地点 济南历城区侨梦苑2号楼13层 以担保或任何理由索要财物，扣押证照，均涉嫌违法。一经发现， 立即举报,Verilog HDL,http://www.zhaopin.com/jobdetail/CC451534410J40851411014.htm?refcode=4019&srccode=401901&preactionid=ea425973-e16f-4213-a56b-01a35bfda944
FPGA助理工程师,江苏屹信航天科技股份有限公司,6000-10000元,南京·玄武·孝陵卫,南京,本科,经验不限,9月17日,zhilian_direct,职位描述 Verilog VHDL FPGA开发 通信/网络设备 半导体/芯片 船舶/航空/航天/军工 一、任职资格： 1. 通信电子类相关专业本科及以上学历； 2. 具备扎实的通信专业基础知识，有一定的数字电路调试能力； 3. 了解FPGA相关开发软件，对Verilog HDL或VHDL语言有一定了解； 4. 具有一定的抗压能力，及较强的学习能力； 5. 无FPGA 相关经验但有意愿往 FPGA 方向学习和发展亦可考虑。 工作职责： 1. 根据公司安排，按时完成项目节点； 2. 编写HDL程序，完成单元电路模块调试测试和子系统集成； 3. 配合软硬件人员完成相关调试任务，完成相关文档编写。 职位福利：带薪年假、节日福利、定期体检、六险一金、职称证书补贴、定期培训、出差补贴 工作地点 南京玄武区光华路桃园路A幢 以担保或任何理由索要财物，扣押证照，均涉嫌违法。一经发现， 立即举报,"Verilog,VHDL,FPGA开发",http://www.zhaopin.com/jobdetail/CC628083930J40349197203.htm?refcode=4019&srccode=401901&preactionid=ea425973-e16f-4213-a56b-01a35bfda944
FPGA工程师,银河航天,1.5-2.5万·15薪,西安·长安·韦曲,西安,本科,经验不限,7月23日,zhilian_direct,职位描述 船舶/航空/航天/军工 1. 负责多ADC/DAC芯片同步及时钟管理设计，具备数字锁相环调试经验 2. 具备高速AD/DA开发经验及数字信号处理相关经验 3. 拥有Zynq开发经验及PS与PL交互开发经验 4. 负责数字相控阵FPGA架构设计、模块划分、数据交互及系统集成 5. 负责高速数据采集、数字下变频（DDC）、数字上变频（DUC）、数字波束形成（DBF）、三模冗余等信号处理模块开发 6. 负责FFT、FIR、多通道幅相一致性在线校准、实时校准、波束赋形等算法FPGA实现 7. 负责高速接口（GTX/GTH）、DDR、PCIe、SRIO、Aurora、JESD204B/C等接口开发 8. 完成FPGA时序优化、资源优化、跨时钟域处理及板级调试 9. 具有大型项目开发经验，在时序违例处理、跨时钟域设计方面拥有丰富的项目实践经验 10. 配合整机联调，完成数字相控阵系统测试、性能验证及问题定位 工作地点 西安长安区航天基地陕铁大厦10层 以担保或任何理由索要财物，扣押证照，均涉嫌违法。一经发现， 立即举报,船舶/航空/航天/军工,http://www.zhaopin.com/jobdetail/CC480008230J40950153008.htm?refcode=4019&srccode=401901&preactionid=ea425973-e16f-4213-a56b-01a35bfda944
FPGA实习生,成都汇蓉国科微系统技术有限公司,150-200元/天,成都·双流·兴隆,成都,硕士,经验不限,6月11日,zhilian_direct,岗位职责： 1. 在工程师指导下，参与雷达系统FPGA模块的设计、编码、仿真与基础调试； 2. 协助完成雷达信号处理算法的RTL实现与功能验证； 3. 参与高速接口（如JESD204B、Aurora、PCIe、以太网等）的逻辑调试与数据收发测试； 4. 配合硬件工程师完成板卡、射频前端的联合调试，记录并分析基础问题； 5. 参与方案讨论与文档编写，学习FPGA开发全流程规范； 任职要求： 1. 硕士及以上在校生(研一、研二），电子信息、通信工程、自动化、计算机等相关专业； 2. 学习过数字电路、信号与系统、数字信号处理等课程，成绩良好； 3. 了解C/Verilog/VHDL语言，有FPGA开发板实验或课程设计经历； 4. 了解Vitis、Vivado、Modelsim的基本使用。 工作地点 成都双流区天府海创园一期4号楼4楼 以担保或任何理由索要财物，扣押证照，均涉嫌违法。一经发现， 立即举报,"Verilog HDL,System Verilog,汇编语言,雷达,逻辑",http://www.zhaopin.com/jobdetail/CC502659180J40902202103.htm?refcode=4019&srccode=401901&preactionid=04d5296a-ebec-4ed5-8aba-5c0bddba877a
FPGA开发工程师,北京中科航天人才服务有限公司,2.5-3万,广州·黄埔·云埔,广州,本科,3-5年,6月3日,zhilian,岗位职责： 1. 负责多类型传感器接口开发，包括MIPI、SLVS-EC、SLVDS等协议的实现与优化； 2. 设计高速存储子系统，如NVMe协议实现及与DDR4、PCIe等总线的协同开发； 3. 开发专业级视频接口，包括12G-SDI、HDMI 2.0/2.1等标准的FPGA逻辑实现； 4. 构建高精度同步系统，实现GENLOCK、TC（Timecode）IN/OUT、PTP（IEEE 1588）等同步机制； 5. 主导或协作完成基于FPGA的ISP模块开发（3A算法、降噪、HDR等），或具备集成第三方IP核并完成定制化适配的经验； 6. 具备需求分析、RTL设计、仿真验证到板级调试及系统联调。 任职要求： 1. 本科及以上学历，电子工程、微电子、通信工程等相关专业； 2. 精通Xilinx UltraScale+/Versal或Intel Agilex系列FPGA开发，熟练使用Vivado/Quartus及配套仿真工具； 3. 必备接口开发经验（任意两项满足皆可）： a) 传感器接口：MIPI-CSI2/D-PHY、SLVS-EC等 b) 视频接口：12G-SDI、HDMI 2.0及以上 c) 同步接口：GENLOCK、PTP精确时钟协议 d) 存储接口：NVMe协议栈开发经验 4. 具备ISP算法FPGA实现经验，或有Xilinx Vitis Video、Intel ISP等IP核集成经验（加分项）； 5. 掌握高速信号设计要点：熟悉时序收敛、信号完整性分析、跨时钟域处理； 6. 具备Camera Link等工业接口开发经验。 工作地点 黄埔区广州博冠光电科技股份有限公司 以担保或任何理由索要财物，扣押证照，均涉嫌违法。一经发现， 立即举报,FPGA开发,http://www.zhaopin.com/jobdetail/CC132807300J40853827007.htm?refcode=4019&srccode=401901&preactionid=57c138c5-5a83-4851-ace3-5297d635dccd
FPGA开发工程师,广东国天时空科技有限公司,8000-15000元·13薪,佛山·南海·桂城,广州,本科,经验不限,7月21日,zhilian,岗位职责： 1.负责FPGA需求分析、方案设计、代码编写、算法移植、功能仿真验证、维护等工作； 2.分析并解决开发过程中的问题，优化FPGA资源及时序，提高系统性能； 3.参与FPGA与DSP/ARM及硬件外设的联合调试； 4.协助制定测试计划，配合完成最终测试； 5.负责技术文档编写。 任职要求： 1.本科及以上学历；电子、通信、自动化、计算机等相关专业，经验不限； 2.熟悉Verilog/VHDL语言，掌握一种以上的开发环境的使用；熟练使用Matlab者优先； 3.熟练掌握数字电路原理，有高速信号处理、通信协议栈或信号处理项目经历者优先； 4.具有国产FPGA芯⽚开发/调试相关经验者优先； 5.具备良好的逻辑思维与问题解决能力，工作严谨负责，能适应项目节点压力。 工作地点 佛山市-南海区-深海路17号 以担保或任何理由索要财物，扣押证照，均涉嫌违法。一经发现， 立即举报,"Verilog HDL,VHDL",http://www.zhaopin.com/jobdetail/CC883642570J40876316310.htm?refcode=4019&srccode=401901&preactionid=57c138c5-5a83-4851-ace3-5297d635dccd
初级fpga工程师,苏州金以太网络科技有限公司,8000-13000元,长沙·开福·伍家岭,广州,本科,1-3年,7月24日,zhilian,岗位职责： 1、运用Xilinx、Altera等公司主流FPGA器件及开发环境进行开发； 2、负责整体或模块功能编码、仿真、时序约束/分析、RTL逻辑综合、调试、测试； 3、联合软件/硬件工程师开展功能调试和性能优化； 4、负责项目相关文档、代码等撰写和维护。 任职要求： 1、本科及以上，电子、计算机、软件类相关专业； 2、熟练使用verilog/VHDL/systemverilog等语言及相关EDA工具开发； 3、>1年工作经验，有FPGA项目经验优先，熟悉gtx gty等高速接口和网络协议； 4、良好的沟通和文档编写能力和英文阅读能力； 工作地点 长沙开福区凯乐·微谷-A栋2428 以担保或任何理由索要财物，扣押证照，均涉嫌违法。一经发现， 立即举报,"Verilog HDL,VHDL,System Verilog",http://www.zhaopin.com/jobdetail/CCL1486077970J40896827213.htm?refcode=4019&srccode=401901&preactionid=57c138c5-5a83-4851-ace3-5297d635dccd
fpga工程师,烟台图蓝电子科技有限公司,6000-11000元,烟台·高新区·马山,广州,本科,经验不限,7月26日,zhilian,职位描述 Verilog HDL VHDL C语言 通信/网络设备 仪器仪表 船舶/航空/航天/军工 1、 本科及以上； 2、 电子信息工程，通信专业、自动化等相关专业； 3、熟悉VHDL、Verilog等FPGA编程语言，可对赛灵思等系列进行编程； 4、对FPGA开发有丰富科研、开发经验者优先。 工作地点 烟台高新区北航科技园 以担保或任何理由索要财物，扣押证照，均涉嫌违法。一经发现， 立即举报,"Verilog HDL,VHDL,C语言",http://www.zhaopin.com/jobdetail/CC517584880J40788209316.htm?refcode=4019&srccode=401901&preactionid=57c138c5-5a83-4851-ace3-5297d635dccd
FPGA开发工程师,上海怡贝自动化控制技术有限公司,1-1.5万,上海·宝山·淞南,广州,本科,1-3年,7月23日,zhilian,岗位职责: 1、电机控制FPGA相关开发，系统应用、调试等工作； 2、FPGA系统方案设计分析； 3、FPGA数字信号处理、IP模块设计； 4、编写FPGA相关的通信协议 5、电机驱动器系统联调、问题定位，技术攻关。 任职资格： 1. 本科及以上学历，电子、微电子、计算机、通信、自动化等相关专业； 2. 具有扎实数字电路理论基础知识，熟悉FPGA开发流程和相关工具使用，能熟练使用开发语言进行逻辑电路和算法设计； 3. 对伺服，工业控制有一定的了解； 4.良好的硬件基础，熟悉FPGA、ARM和DSP协同工作过程； 5.熟悉技术文档的编写； 6.具有较强的逻辑分析能力； 7.具有良好的团队合作精神，善于沟通，责任心强。 职位福利：五险一金、绩效奖金、股票期权、创业公司 工作地点 上海市-宝山区-长江路390号 以担保或任何理由索要财物，扣押证照，均涉嫌违法。一经发现， 立即举报,"Verilog,VHDL,FPGA",http://www.zhaopin.com/jobdetail/CC135085620J40285111513.htm?refcode=4019&srccode=401901&preactionid=57c138c5-5a83-4851-ace3-5297d635dccd
FPGA应用工程师,洛阳纵横电子科技有限公司,5000-10000元,洛阳·洛龙·开元路,广州,本科,经验不限,7月8日,zhilian,职位描述 Verilog HDL VHDL C语言 半导体/芯片 通信/网络设备 信息安全 工作内容： 1. 根据项目需求，完成FPGA逻辑构架和产品开发； 2. 负责通信相关的FPGA开发、系统应用、调试等工作； 3. 负责FPGA设计方案实现、逻辑代码实现以及相关文档的编写； 4. 对逻辑代码进行功能仿真、综合实现等检查、故障分析、问题处理； 5. 与硬件工程师配合，进行产品或样件的调试、实验工作； 6. 与相关设计人员配合，保障项目进展与质量； 7. 根据项目进展需要，配合团队完成其他工作。 基本要求： 1.本科以上学历，电子信息、通信相关专业； 2. 四六级成绩良好，能够独立阅读datasheet文件； 3. 熟悉Verilog、VHDL语言，具有较强的编码能力； 4. 熟悉Xilinx/Altera器件、modlelsim/ISE/Vivado等开发工具； 5. 熟悉质量管理体系、FPGA程序开发流程及科研生产流程； 6. 具备良好的沟通能力、逻辑思维能力以及团队协作能力，高度责任心和敬业精神。 工作地点 洛阳洛龙区新区王城大道与古城路交汇处西北角 以担保或任何理由索要财物，扣押证照，均涉嫌违法。一经发现， 立即举报,"Verilog HDL,VHDL,C语言",http://www.zhaopin.com/jobdetail/CCL1227328670J40803642616.htm?refcode=4019&srccode=401901&preactionid=57c138c5-5a83-4851-ace3-5297d635dccd
PGA底层通信开发工程师,上海同湛新能源科技有限公司,200-250元/天,上海·嘉定·外冈,广州,本科,经验不限,7月9日,zhilian,岗位职责 负责 FPGA 高速接口（如 PCIe、SRIO 等）菊花链级联模块的逻辑设计、仿真与板级调试。 使用 C 语言进行底层通信协议开发，实现基于 TCP/IP 的 Socket 网络编程与数据交互。 负责 FPGA 与上位机的软硬协同联调，利用 Wireshark、ILA 等工具进行抓包分析与问题排查。 解决 TCP 粘包/拆包、跨时钟域（CDC）、SPI 时序匹配及硬件时序违例等底层技术难题。 【任职要求】 27届本科及以上在读，通信、电子等相关专业。 C 语言功底扎实，精通指针与内存管理，熟悉 Linux 环境开发。 深入理解 TCP/IP 协议栈，熟练掌握 Socket 网络编程。 熟练使用 Verilog 及 Vivado/Quartus 工具，熟悉 SPI 等常见总线协议，具备较强的板级硬件调试能力 要求：27届毕业生 工作地点 上海嘉定区联东U谷(恒裕路店)32号 以担保或任何理由索要财物，扣押证照，均涉嫌违法。一经发现， 立即举报,"TCP协议,FPGA,Verilog HDL,C语言",http://www.zhaopin.com/jobdetail/CC370277330J40879252905.htm?refcode=4019&srccode=401901&preactionid=57c138c5-5a83-4851-ace3-5297d635dccd
fpga开发工程师/项目经理,北京中创科仪科技有限公司,3000-6000元,北京·昌平·回龙观,广州,本科,经验不限,7月16日,zhilian,职位描述 Verilog HDL FPGA全流程设计 算法移植与优化 跨模块技术问题解决 工作职责 1. 主导FPGA解决方案的全流程设计，涵盖模块划分、代码实现、仿真验证及系统维护。 2. 负责算法移植与性能优化，通过资源时序调整提升系统运行效率。 3. 协同嵌入式软件、硬件团队完成板级调试与系统联调，解决跨模块技术问题。 4. 参与测试计划制定，配合完成系统级功能验证与性能测试。 5. 输出规范的技术文档，沉淀开发经验与项目成果。 任职要求 1. 2年以上FPGA开发经验，熟悉从需求分析到量产交付的全流程。 2. 精通Verilog语言，掌握至少一种主流开发环境（如Vivado、Quartus），具备独立编码与调试能力。 3. 具有高速接口（SRIO/PCIE/千兆网）或高速存储（DDR4/SATA）开发经验，有ZYNQ或图像算法移植经验者优先。 4. 具备DSP/ARM联调经验，能独立完成故障定位与问题解决。 5. 掌握硬件调试工具（逻辑分析仪/示波器），具备扎实的硬件基础。 6. 有较强的技术文档撰写能力，具备团队协作精神与责任心。 工作地点 昌平区北京龙祥制版集团工业园-6号院 以担保或任何理由索要财物，扣押证照，均涉嫌违法。一经发现， 立即举报,"Verilog HDL,FPGA全流程设计,算法移植与优化,跨模块技术问题解决",http://www.zhaopin.com/jobdetail/CC823360380J40806983316.htm?refcode=4019&srccode=401901&preactionid=57c138c5-5a83-4851-ace3-5297d635dccd
硬件工程师,哈尔滨诺信工大测控技术有限公司,5000-7000元,哈尔滨·松北·松北街道,广州,本科,1-3年,7月26日,zhilian,岗位职责： 1、模拟及数字电路设计、开发及调试； 2、FPGA、DSP、单片机等控制器的最小系统设计及编程； 3、系统集成及技术支持； 4、相关文档及技术资料撰写。 任职要求： 1、电子类相关专业，本科及以上学历； 2、有扎实的数字电路、模拟电路基础； 3、熟悉单片机、DSP、FPGA开发流程； 4、具备基本文档编辑能力； 5、熟悉AltiumDesign/Candence等PCB设计工具，具有电路板设计经验； 6、参加过电子实验室，有过电子设计大赛、飞思卡尔大赛经历优先； 7、工作经验丰富者薪资面议。 工作地点 哈尔滨市松北区科技二街哈尔滨新光光电科技有限公司 以担保或任何理由索要财物，扣押证照，均涉嫌违法。一经发现， 立即举报,"PCB设计,FPGA研发,设计,硬件测试,技术支持",http://www.zhaopin.com/jobdetail/CC653039220J40876735615.htm?refcode=4019&srccode=401901&preactionid=57c138c5-5a83-4851-ace3-5297d635dccd
嵌入式硬件及fpga工程师,苏州哈工安伏电力电子技术有限公司,9000-10000元,苏州·吴中·越溪,广州,本科,1-3年,7月23日,zhilian,岗位职责 1. 负责电力电子设备（如逆变器、储能PCS、SVG等）中FPGA的逻辑设计、仿真与实现； 2. 完成FPGA代码编写、模块调试及系统集成，包括PWM控制、AD采样、通信协议（SPI、I2C、EtherCAT等）接口逻辑； 3. 配合硬件工程师完成FPGA外围电路方案设计及板级调试； 4. 协同DSP/ARM软件工程师完成控制算法的软硬件分工与联调； 5. 编写FPGA设计文档、测试报告及生产维护指导文件； 6. 跟踪FPGA前沿技术，优化资源利用率、时序收敛及系统可靠性。 任职要求 1. 学历专业：电子、通信、自动化、计算机及相关专业，本科及以上； 2. 工作经验：3年以内FPGA开发经验（含应届生），能独立完成中小规模逻辑设计与调试； 3. 开发工具：熟悉Vivado / Quartus II / Modelsim等EDA工具，掌握Verilog或VHDL语言； 4. 基础知识： · 熟悉数字电路基础、有限状态机设计、时序约束与分析方法； · 了解常用接口协议（SPI、UART、I2C等）； 5. 调试能力：熟练使用示波器、逻辑分析仪、信号发生器进行FPGA硬件调试； 6. 素养：具备良好的代码规范、文档意识和团队协作能力。 优先考虑条件 · 有电力电子设备（光伏逆变器、储能PCS、变频器、UPS、SVG等）FPGA开发经验； · 熟悉PWM调制策略（SVPWM、SPWM等）、闭环控制算法或数字滤波器设计； · 掌握高速接口（PCIe、Gigabit Ethernet）或嵌入式软核（Nios II）开发； · 熟悉Matlab/Simulink与FPGA联合仿真，或具备HLS开发经验； · 了解工业通信总线（Modbus、ProfiNet、EtherCAT）或继电保护逻辑。 我们提供 · 参与大功率电力电子装置核心控制逻辑研发，技术含金量高； · 五险一金、年度体检、提供午餐补贴； · 良好的研发氛围。 工作地点 江苏省苏州市吴中区南官渡路12号旺山航空航天产业园1 栋 以担保或任何理由索要财物，扣押证照，均涉嫌违法。一经发现， 立即举报,"Verilog HDL,Verilog,示波器,逻辑分析仪",http://www.zhaopin.com/jobdetail/CCL1512641660J40839888701.htm?refcode=4019&srccode=401901&preactionid=57c138c5-5a83-4851-ace3-5297d635dccd
FPGA开发工程师,安徽白鹭电子科技有限公司,2-3万·14薪,合肥·蜀山·南岗,广州,本科,1-3年,7月25日,zhilian,岗位职责： 1、根据项目需求编写FPGA设计方案； 2、负责FPGA模块的代码编写，仿真及调试； 3、FPGA硬件调试，以实现各种需要的功能及性能； 4、配合软、硬件设计人员完成相关系统调试工作； 5、具有良好的表达能力和沟通能力。 任职资格： 1、本科及以上学历，电子学相关专业； 2、具有2年以上FPGA逻辑设计经验； 3、熟练掌握Verilog、VHDL等硬件设计语言； 4、熟练使用Vivado、synplify等综合工具、有Xilinx FPGA开发经验者优先； 5、熟悉时序约束和跨时钟域处理方法； 6、具备良好的英文文献阅读能力、代码阅读能力、datasheet阅读能力； 7、熟悉AXI总线协议，对ARM架构有开发设计经验者优先； 8、具有IIC、SPI、VGA、DDR3等相关经验者优先。 职位福利：五险一金、绩效奖金、带薪年假、加班补助、定期团建、餐补、全勤奖、出差补贴 工作地点 蜀山区合肥软件园一期C4-103/705 以担保或任何理由索要财物，扣押证照，均涉嫌违法。一经发现， 立即举报,"VHDL,Verilog",http://www.zhaopin.com/jobdetail/CC419923520J40381407603.htm?refcode=4019&srccode=401901&preactionid=57c138c5-5a83-4851-ace3-5297d635dccd
FPGA工程师,苏州尚臻半导体设备有限公司,1-1.5万,宁波·鄞州·首南,广州,本科,3-5年,7月24日,zhilian,岗位职责： 1.负责产品维护、开发和升级； 2.根据产品项目需求，进行需求分析、FPGA程序设计、仿真及调试； 3.与硬件工程师配合完成硬件原理图可行性验证； 4.学习并掌握ZYNQ平台PL端程序开发，能够与PS端开发工程师协同合作； 5.熟练使用安路、Altera、Lattice等主流厂家FPGA芯片； 6.精通各类接口通信及总线协议； 7.使用常用测试仪器进行信号分析和问题定位； 8.完成上级领导交代的其他任务FPGA 任职要求： 1.电子信息类相关专业，本科及以上学历，3年以上FPGA编程工作经验； 2.精通Verilog，有良好的编程风格； 3.参加过至少2个完整项目的FPGA开发工作； 4.具备良好的沟通能力及积极的态度，与团队一起共同成长； 5.熟悉相关算法，有相关FPGA实现经验者优先； 工作地点 宁波鄞州区卓悦大厦14楼 以担保或任何理由索要财物，扣押证照，均涉嫌违法。一经发现， 立即举报,"FPGA程序设计,Verilog HDL",http://www.zhaopin.com/jobdetail/CCL1519986380J40999939502.htm?refcode=4019&srccode=401901&preactionid=57c138c5-5a83-4851-ace3-5297d635dccd
广州企业直签FPGA开发工程师 摄像头25-45万,昀通(天津)人力资源服务有限公司,2-4万,广州·黄埔·联和,广州,本科,1-3年,7月26日,zhilian,岗位职责】 1. 负责多类型传感器接口开发，包括MIPI、SLVS-EC、SLVDS等协议的实现与优化； 2. 设计高速存储子系统，如NVMe协议实现及与DDR4、PCIe等总线的协同开发； 3. 开发专业级视频接口，包括12G-SDI、HDMI 2.0/2.1等标准的FPGA逻辑实现； 4. 构建高精度同步系统，实现GENLOCK、TC（Timecode）IN/OUT、PTP（IEEE 1588）等同步机制； 5. 主导或协作完成基于FPGA的ISP模块开发（3A算法、降噪、HDR等），或具备集成第三方IP核并完成定制化适配的经验； 6. 具备需求分析、RTL设计、仿真验证到板级调试及系统联调。 【任职要求】 1. 本科及以上学历，电子工程、微电子、通信工程等相关专业，3 2. 精通Xilinx UltraScale+/Versal或Intel Agilex系列FPGA开发，熟练使用Vivado/Quartus及配套仿真工具； 3. 必备接口开发经验（任意两项满足皆可）： (a) 传感器接口：MIPI-CSI2/D-PHY、SLVS-EC等 (b) 视频接口：12G-SDI、HDMI 2.0及以上 (c) 同步接口：GENLOCK、PTP精确时钟协议 (d) 存储接口：NVMe协议栈开发经验 4. 具备ISP算法FPGA实现经验，或有Xilinx Vitis Video、Intel ISP等IP核集成经验（加分项）； 5. 掌握高速信号设计要点：熟悉时序收敛、信号完整性分析、跨时钟域处理； 6. 具备Camera Link等工业接口开发经验。 7.有过摄像机、医疗设备摄像头、航天、工业设备、工业设备、超清监视设备等相关行业的经验优先； 【工作时间】 早9：00-晚17：15，休息时间:午饭11:45-13：00，每周双休，法定节假日休息。 周末加班可以支付加班工资或补休，工作日加班8：00有20元补贴，加班10：00有40元补贴。 【薪资待遇】 1、岗位税前年薪总数区间：25-45万。 2、月薪资构成明细：基础工资+岗位津贴+绩效工资+餐补+通讯补贴+加班费等，每月15号发上个月工资。 3、有健康体检、（无住宿）有免费固定班车，节假日福利、通讯补贴、餐费补贴等（园区有食堂、餐补每月400）。 【五险一金比例】 社保缴纳基数2500元，住房公积金缴纳基数6400元，公积金缴纳比例5%（五险一金）。 【试用期】试用期3-6个月，按照具体岗位来定。 【工作地点】 广州科学城。 工作地点 广州市-黄埔区-科智路科城大厦 以担保或任何理由索要财物，扣押证照，均涉嫌违法。一经发现， 立即举报 客户,"RTL设计,Verilog HDL",http://www.zhaopin.com/jobdetail/CC715584580J40833304716.htm?refcode=4019&srccode=401901&preactionid=57c138c5-5a83-4851-ace3-5297d635dccd
FPGA测试工程师（上海)——26年应届毕业生,北京市科学技术研究院,7000-10000元,上海·闵行·颛桥,广州,本科,经验不限,7月24日,zhilian,岗位职责 1、产出大纲：基于FPGA设计需求文档（如SRS），制定详细的验证测试大纲，确保覆盖功能、时序、接口、性能、可靠性等关键维度。 2、验证环境搭建：搭建仿真验证环境。 3、测试用例设计与执行：设计覆盖功能点、性能点、异常场景（如数据丢失、时钟抖动）等的测试用例； 4、产出报告：编写验证测试报告，包括测试覆盖率、问题单、记录集等内容。 任职要求 1、本科及以上学历，电子信息工程、微电子、计算机科学与技术、自动化等相关专业。 2、FPGA验证测试相关工作经验，有工业控制、通信设备、航空航天等领域 FPGA 项目验证经验者优先；应届生需有 FPGA 课程设计或竞赛经历，经短期培训可上岗。 3、熟悉FPGA架构及开发流程（设计、综合、实现、下载）；掌握数字电路设计原理，熟悉Verilog/VHDL硬件描述语言，能读懂设计代码并分析逻辑功能。 4、了解常用通信协议（UART、SPI、I2C）及接口时序，具备协议验证能力。 5、熟练使用仿真工具（ModelSim/QuestaSim）及FPGA开发工具（Vivado、Quartus）；掌握示波器、逻辑分析仪、频谱仪等硬件测试仪器操作，能分析信号完整性及时序问题。 6、良好的沟通协作能力，可高效对接跨团队成员；工作严谨负责，具备抗压能力及项目推动能力。 职位福利 年终奖金、五险一金（社保缴纳地为：北京）、企业年金、补充商业保险、年度健康体检、带薪年假、午餐补贴、交通补贴、出差补贴、节日关怀、技能提升、全勤奖、发展空间大、岗位晋升 工作地点 上海闵行区中春路 以担保或任何理由索要财物，扣押证照，均涉嫌违法。一经发现， 立即举报,"Verilog HDL,VHDL,System Verilog",http://www.zhaopin.com/jobdetail/CC137220240J40992805404.htm?refcode=4019&srccode=401901&preactionid=6b22066b-7370-451d-84e0-11b7b1eda297
FPGA开发助理设计师,六奕波束(成都)科技有限公司,6000-12000元,成都·郫都·犀浦,广州,学历不限,1-3年,7月19日,zhilian,职位描述 Verilog HDL VHDL 仪器仪表 1、熟练使用vivado、ISE或quartus等FPGA开发工具； 2、熟练使用Modelsim、Vivado simulation等仿真工具； 3、熟练使用Verilog或VHDL语言，有实际Verilog或VHDL代码编写经验； 4、具备或者了解低速接口设计，如IIC，UART，SPI等； 5、熟练使用移动电源、万用表、示波器等调试测试设备。 6、熟练使用word、excel等办公软件编写技术文档，包括设计规范、测试计划和操作手册等。 7、具备良好的沟通能力。 工作地点 成都郫都区汇都总部园1期2号门8栋3楼 以担保或任何理由索要财物，扣押证照，均涉嫌违法。一经发现， 立即举报,"Verilog HDL,VHDL",http://www.zhaopin.com/jobdetail/CCL1523083030J40859759811.htm?refcode=4019&srccode=401901&preactionid=6b22066b-7370-451d-84e0-11b7b1eda297
FPGA 硬件开发工程师,甘肃启峰核科科技开发有限公司,1.5-2.8万·13薪,珠海·香洲区·唐家湾镇,广州,本科,1-3年,7月25日,zhilian,岗位职责 1. 负责 LLRF 射频控制系统硬件全流程开发：射频调理、高速 ADC/DAC、低抖动同步时钟、FPGA 外围电路，完成原理图、PCB 与信号完整性设计； 2. 独立板卡调试自测，善用 AI 工具辅助硬件仿真、故障定位，对接 FPGA 开发输出引脚约束、硬件规范； 3. 完成加速器定时时序同步开发，交付全套硬件图纸、测试文档。 任职要求 1. 电子 / 射频本科及以上，1年以上高速数模混合硬件经验，有 LLRF、高速 AD/DA 项目经验优先； 2. 精通射频电路、低抖动时钟、JESD204B/LVDS、FPGA 外围硬件，熟练主流 EDA 设计工具； 3. 自主学习前沿硬件技术与 AI 辅助设计工具，能常态化借助 AI 完成仿真、问题排查； 4. 独立硬件调测、规范输出技术文档，熟悉加速器射频脉冲同步场景优先。 工作地点 香洲区珠海中科先进技术研究院创新科技园1栋2单元705、706室 以担保或任何理由索要财物，扣押证照，均涉嫌违法。一经发现， 立即举报,"C++,Python,Verilog HDL",http://www.zhaopin.com/jobdetail/CCL1506111090J40949794215.htm?refcode=4019&srccode=401901&preactionid=6b22066b-7370-451d-84e0-11b7b1eda297
初级fpga工程师,西安天宏航空电子科技有限公司,100-150元/天,西安·雁塔·丈八沟,广州,本科,经验不限,11月3日,zhilian,职位描述 Verilog HDL 通信/网络设备 半导体/芯片 工业自动化/机器人 1.熟悉Verilog\VHDL硬件描述语言； 2.熟悉Xilinx开发环境； 3.有图像开发经验和高速接口的优先。 工作地点 西安雁塔区旺座现代城D座2904 以担保或任何理由索要财物，扣押证照，均涉嫌违法。一经发现， 立即举报,Verilog HDL,http://www.zhaopin.com/jobdetail/CC845012420J40596608304.htm?refcode=4019&srccode=401901&preactionid=6b22066b-7370-451d-84e0-11b7b1eda297
fpga助理工程师,洛阳纵横电子科技有限公司,5000-10000元,洛阳·洛龙·开元路,广州,本科,经验不限,7月17日,zhilian,职位描述 C语言 半导体/芯片 通信/网络设备 工作内容： 1. 根据项目需求，完成FPGA逻辑构架和产品开发； 2. 负责通信相关的FPGA开发、系统应用、调试等工作； 3. 负责FPGA设计方案实现、逻辑代码实现以及相关文档的编写； 4. 对逻辑代码进行功能仿真、综合实现等检查、故障分析、问题处理； 5. 与硬件工程师配合，进行产品或样件的调试、实验工作； 6. 与相关设计人员配合，保障项目进展与质量； 7. 根据项目进展需要，配合团队完成其他工作。 基本要求： 1.本科以上学历，电子信息、通信相关专业； 2. 四六级成绩良好，能够独立阅读datasheet文件； 3. 熟悉Verilog、VHDL语言，具有较强的编码能力； 4. 熟悉Xilinx/Altera器件、modlelsim/ISE/Vivado等开发工具； 5. 熟悉质量管理体系、FPGA程序开发流程及科研生产流程； 6. 具备良好的沟通能力、逻辑思维能力以及团队协作能力，高度责任心和敬业精神。 工作地点 洛阳洛龙区 以担保或任何理由索要财物，扣押证照，均涉嫌违法。一经发现， 立即举报,C语言,http://www.zhaopin.com/jobdetail/CCL1227328670J40819354716.htm?refcode=4019&srccode=401901&preactionid=6b22066b-7370-451d-84e0-11b7b1eda297
FPGA研发工程师,湖南方土电子科技有限公司,1-2万,长沙·岳麓·麓谷,广州,大专,1-3年,7月24日,zhilian,职位描述 Verilog HDL System Verilog 计算机软件 通信/网络设备 电气机械/电力设备 1.参与电子设备的FPGA解决方案设计； 2.进行模块设计、代码编写、仿真、测试、维护等工作； 3.进行算法移植、仿真验证等工作； 4.分析并解决开发过程中的问题，优化FPGA资源及时序，提高系统性能； 5.配合嵌入式软件、硬件设计人员进行板级调试以及系统联调工作； 6.协助制定测试计划，配合完成最终测试； 7.负责技术文档编写。 职位要求： 1、熟悉FPGA开发工具（如ISE、QUARTUS、VIVADO），具备FPGA逻辑开发调试经验。 2、熟悉单片机开发工具（如Keil），具备C程序开发调试经验。 3、能够正常分析硬件电路图，掌握Verilog HDL或VHDL语言、C语言，熟悉常用通讯接口（如CAN、UART、Ethernet等）。 4、熟悉有源芯片控制（如DDS、PLL等），能够进行FPGA和STM32程序设计。 5、有良好的英文阅读能力，能读懂芯片datasheet和英文文档。 6、性格开朗，能积极配合客户进行设备维护。 7、熟悉测试系统和频综组件等产品。 8、熟悉光口通讯优先。 工作地点 长沙岳麓区欧富安科技园1栋901-05 以担保或任何理由索要财物，扣押证照，均涉嫌违法。一经发现， 立即举报,"Verilog HDL,System Verilog",http://www.zhaopin.com/jobdetail/CCL1226621490J40857944913.htm?refcode=4019&srccode=401901&preactionid=6b22066b-7370-451d-84e0-11b7b1eda297
FPGA开发工程师,南京冉思电子科技有限公司,7000-14000元·14薪,南京·江宁·东山,广州,本科,经验不限,10月26日,zhilian,职位描述 Verilog 嵌入式硬件开发 Layout设计 芯片设计 电路设计 器件选型 射频开发 信号发生器 计算机硬件 半导体/芯片 通信/网络设备 职位描述： 1、负责项目开发过程中的FPGA开发工作； 2、负责项目SG开发工作； 3、负责组内硬件平台的建设和维护； 职位要求： 1、本科及以上学历，电子类相关专业； 2、了解AD 、CAD、protel、FPGA、cpld、stm32单片机等相关软件； 3、认真负责，积极主动，具有良好的团队合作精神及专研精神。 工作地点 南京江宁区东麒路33号东山国际企业研发园G座 以担保或任何理由索要财物，扣押证照，均涉嫌违法。一经发现， 立即举报,"Verilog,嵌入式硬件开发,Layout设计,芯片设计,电路设计,器件选型,射频开发,信号发生器",http://www.zhaopin.com/jobdetail/CC390624280J40541313416.htm?refcode=4019&srccode=401901&preactionid=6b22066b-7370-451d-84e0-11b7b1eda297
嵌入式硬件工程师,成都梓京能源科技有限公司,6000-8000元,成都·新都·新都街道,广州,本科,1-3年,7月23日,zhilian,职位描述 ARM处理器 DSP 电路设计 FPGA开发 FPGA 仪器仪表 专用设备制造 电气机械/电力设备 岗位内容： 1. 设计、开发和维护嵌入式硬件系统，包括电路板设计、原型制作和测量测试。 2. 根据项目需求编写嵌入式软件程序，并对其进行调试和优化。 3. 配合团队完成产品的开发计划和技术难题的解决。 任职要求： 1. 本科及以上学历，电子工程、计算机科学等相关专业背景。 2、精通模拟/数字电路设计，能够独立完成原理图，PCB等图纸绘制，熟练使用EDA和仿真工具，了解数据信号完整性和EMC设计方法； 3、具有嵌入式软件开发能力，熟悉ARM，DSP，FPGA，STM32等平台的硬件开发与编程，精通C/C++，具备Verilog硬件语言基础，熟练掌握FreeRTOS、RT-Thread等操作系统； 4、具备行业背景经验，了解石油井下工具的应用环境，熟悉高温、高压、振动、腐蚀环境下的器件选型，了解井下工具及钻完井、测井等前沿技术 5. 具备较强的沟通协作能力和团队合作精神，有扎实的解决问题能力和自主学习意识。 工作地点 新都区成都市金芙蓉大道二段与拓源路交叉路口往南约200米c2-2 以担保或任何理由索要财物，扣押证照，均涉嫌违法。一经发现， 立即举报,"ARM处理器,DSP,电路设计,FPGA开发,FPGA",http://www.zhaopin.com/jobdetail/CCL1241979530J40864456111.htm?refcode=4019&srccode=401901&preactionid=6b22066b-7370-451d-84e0-11b7b1eda297
fpga工程师,北京云际航电智能科技有限公司,1.5-2万,天津·东丽·新立,广州,本科,5-10年,7月25日,zhilian,岗位职责: 1.负责通信产品数字信号处理相关波形算法的开发； 2.负责产品FPGA的数据、时钟处理，通信协议开发，功能仿真、验证及优化。 3.与硬件沟通协调以及联调，确保项目的顺利进行和按时完成。 4.建立、健全FPGA产品标准化功能模块。 任职要求： 1.精通Verilog或者VHDL语言，具备良好的编程能力和逻辑思维，能够独立完成编码，仿真和时序分析。 2.熟悉Vivado的开发工具和流程，熟练掌握逻辑综合、时序约束及调试方法。 3.具有数字信号处理基础，熟悉滤波器、FFT等算法硬件实现。 4.具备低速接口（UART/I2C/SPI等）及高速接口（PCIe/MIPI/CAN/DDR等）开发经验。 5.熟悉MATLAB软件的使用，根据需求编写对应算法代码的能力。 6.良好的团队合作精神和沟通能力。 7.加分项（任一项）： 具有超短波电台AM/FM等波形开发经验； 具有ADS-B、ATC应答机波形开发经验。 工作地点：北京，天津均可 工作地点 天津东丽区天开东丽园F座4020室 以担保或任何理由索要财物，扣押证照，均涉嫌违法。一经发现， 立即举报,船舶/航空/航天/军工,http://www.zhaopin.com/jobdetail/CCL1512766940J40839676114.htm?refcode=4019&srccode=401901&preactionid=6b22066b-7370-451d-84e0-11b7b1eda297
fpga工程师,北京科森德电子科技有限公司,1-2万,北京·通州·潞城,广州,本科,经验不限,7月21日,zhilian,职位描述 Verilog HDL VHDL FPGA逻辑开发 编码器算法 工业通信协议 半导体/芯片 仪器仪表 工业自动化/机器人 工作职责 1. 主导光电/磁编码器/电感编码器核心算法的FPGA落地，负责正余弦信号ADC采集、高精度位置解算、信号归一化及零漂/温漂/非线性补偿等逻辑开发，完成从方案设计到Verilog/VHDL编码、编译调试与功能验证的全流程工作。 2. 负责编码器数据模型的建立与优化，完成滤波降噪、角度解算、误差补偿等数学模型的设计与仿真验证，确保满足工业级≤0.005°高精度与强实时性要求。 3. 规划并优化编码器FPGA逻辑架构，按产品规格开发底层驱动，输出标准化设计文档、测试报告及版本迭代记录，保障代码的可复用性与可维护性。 4. 完成FPGA逻辑仿真（Modelsim）、板级验证、时序分析与优化，解决高速采样（≥1MSps）、高精度场景下的稳定性与EMC问题，满足IP65+、-40℃~105℃工业级标准。 5. 配合硬件、DSP/MCU工程师完成RS485、CAN、EtherCAT/Profinet等接口联调，将FPGA算法与数据模型高效移植适配到TI C2000、STM32H7等平台，完成跨平台验证与性能优化。 6. 跟踪FPGA、信号处理、MCU/DSP前沿技术，参与新产品预研与技术攻关，负责FPGA平台选型、性能评估与方案落地。 任职要求 1. 本科及以上学历，电子、自动化、计算机等相关专业，具备扎实的数字电路与信号处理基础。 2. 精通Verilog/VHDL硬件描述语言，熟练使用Modelsim等仿真工具，具备1-3年以上FPGA逻辑开发经验。 3. 掌握编码器核心算法（如正余弦信号处理、高精度位置解算、误差补偿），有工业级编码器FPGA开发经验者优先。 4. 熟悉高速ADC采样（≥1MSps）、时序分析与优化，能解决工业环境下的EMC、温度适应性等稳定性问题。 5. 具备跨平台移植经验，熟悉TI C2000、STM32H7等MCU/DSP平台，能完成FPGA与MCU/DSP的接口联调。 6. 了解RS485、CAN、EtherCAT/Profinet等工业通信协议，具备硬件协同开发能力。 7. 具备良好的文档撰写能力，能输出规范的设计文档、测试报告，有较强的问题分析与解决能力。 工作地点 北京通州区潮白河大桥 以担保或任何理由索要财物，扣押证照，均涉嫌违法。一经发现， 立即举报,"Verilog HDL,VHDL,FPGA逻辑开发,编码器算法,工业通信协议",http://www.zhaopin.com/jobdetail/CCL1425335820J40827536207.htm?refcode=4019&srccode=401901&preactionid=6b22066b-7370-451d-84e0-11b7b1eda297
FPGA助理工程师,深圳市凯瑞佳易科技有限公司,8000-12000元·13薪,深圳·福田·华强北,广州,本科,1-3年,7月25日,zhilian,职位描述 本科 工作职责 1. 协助完成FPGA模块的逻辑设计、代码编写与功能仿真验证。 2. 参与硬件电路调试，配合解决FPGA相关的硬件问题。 3. 负责FPGA开发文档的编写与维护，确保技术资料的完整性。 4. 配合团队完成项目的技术方案评审与问题排查。 任职要求 1. 本科及以上学历。 2. 熟悉Verilog/VHDL硬件描述语言，掌握FPGA开发流程及常用工具（如Vivado、Quartus）优先。 3. 具备数字电路设计基础，了解通信协议（如PCIe、Ethernet）者优先。 4. 具备良好的学习能力与团队协作精神，能快速适应项目需求。 薪酬福利：提供食宿、带薪年假、节假日福利、五险一金、餐补房补交通补贴、年底绩效奖金、项目奖金 奖金绩效 年底绩效奖金，餐补房补交通补贴，项目奖金 工作地点 深圳福田区南光大厦12楼 以担保或任何理由索要财物，扣押证照，均涉嫌违法。一经发现， 立即举报,本科,http://www.zhaopin.com/jobdetail/CCL1461615970J40945873915.htm?refcode=4019&srccode=401901&preactionid=6b22066b-7370-451d-84e0-11b7b1eda297
FPGA开发工程师（双休）,软通动力信息技术(集团)股份有限公司,1-1.5万,东莞·大朗镇,广州,本科,1-3年,7月10日,zhilian,职位描述 C++ C语言 面试需要手写代码 主要从事数据中心能源、通信能源、服务器电源、充电电源等电源产品及解决方案的FPGA逻辑架构设计、特性设计、代码实现到维护等开发各个环节业务交付；负责FPGA相关问题的定位和解决；负责FPGA模块性能优化和竞争力提升。 加分项：通信接口的驱动开发、数据处理（滤波）做过电源项目，语言要求会：Verilog 岗位要求 1、计算机、电力电子、通信、自动化等相关专业，有良好的英文读写能力； 2、熟悉数字电路、数字信号处理基础知识； 3、熟悉FPGA逻辑开发流程，具备一个及以上大型实际FPGA项目经验，独立承担过关键子模块的开发工作； 4、熟练掌握Verilog编程语言，熟悉FPGA逻辑开发工具的使用，熟练常见IP核的使用，了解FPGA芯片器件特性； 5、熟悉DSP、stm32、ARM等嵌入式处理器，熟悉SPI、CAN、UART、IIC、Modbus、TCP/IP等通信协议； 6、有电源相关产品开发调测和开发经验者优先。 工作地点 东莞松山湖天安云谷 以担保或任何理由索要财物，扣押证照，均涉嫌违法。一经发现， 立即举报,"C++,C语言",http://www.zhaopin.com/jobdetail/CC000544460J40829830016.htm?refcode=4019&srccode=401901&preactionid=6b22066b-7370-451d-84e0-11b7b1eda297
fpga开发工程师,武汉森福瑞科技有限公司,1.6-2.2万·13薪,武汉·江岸·百步亭花园,广州,本科,5-10年,7月26日,zhilian,岗位职责 1. 负责工业超声相控阵探伤设备前端采集板FPGA逻辑开发，实现多通道AD同步采集、波束延时聚焦硬件算法，保障信号采集精度与同步稳定性。 2. 负责DDR3/DDR4、Aurora、SRIO、Rocket IO等高速接口开发调试，基于BRAM、DDR搭建乒乓缓存架构，实现超声回波高速、无丢包实时数据流传输。 3. 开发LVDS、千兆网、SPI、I2C等通信接口，完成FPGA与瑞芯微RK、龙芯Linux主控及单片机的数据、指令交互与对接。 4. 实现FIR滤波、包络检波、TGC时间增益控制等信号处理逻辑，优化算法抑制工业电磁干扰，提升超声信号纯净度。 5. 完成FPGA功能、时序仿真与时序约束优化，解决亚稳态、时序违例、数据异常等问题，配合团队完成软硬件整机联调。 6. 输出标准化设计、仿真及版本文档，跟进设备调试、试产与量产，排查整改逻辑问题，保障设备稳定落地量产。 任职要求 1. 电子工程、微电子学、通信、数字信号处理等相关专业，本科及以上学历，3年以上FPGA Verilog独立开发经验。 2. 熟练使用Vivado、Quartus、Modelsim开发仿真工具，精通跨时钟域处理、时序分析与约束优化，可独立解决各类底层时序问题。 3. 精通高速AD采集、DDR缓存、千兆网高速数据传输，具备成熟的高速数据流处理项目经验。 4. 熟悉各类数字信号处理算法，可独立完成FIR滤波、信号检波等DSP硬件逻辑的开发与优化。 5. 熟悉Xilinx 7系列、Intel系列FPGA平台，掌握完整的FPGA开发、调试、落地流程。 6. 掌握单片机底层开发及固件通信逻辑，可高效配合单片机、嵌入式Linux团队完成软硬件联调与数据对接。 优先条件 拥有超声探伤、相控阵NDT无损检测设备开发经验，熟悉多通道微弱信号采集与降噪处理者优先。 奖金绩效 年底双薪 项目奖金 工作地点 江岸区武汉森福瑞科技有限公司 以担保或任何理由索要财物，扣押证照，均涉嫌违法。一经发现， 立即举报,"Verilog HDL,VHDL,C语言",http://www.zhaopin.com/jobdetail/CCL1347428180J41019122004.htm?refcode=4019&srccode=401901&preactionid=06b3b8b5-9f91-4f13-af89-3213fca9d860
FPGA/DSP工程师,北方车辆仪表,8000-16000元,新乡·红旗区·洪门镇,广州,本科,经验不限,7月26日,zhilian,"职位描述 嵌入式 Linux 嵌入式操作系统 系统集成 新能源/燃油车零部件 仪器仪表 电子设备制造 任职要求： 1、本科及以上学历，计算机、软件工程等相关专业； 2、英语四级以上； 3、具有创新意识和钻研精神，较强的分析判断能力； 4、掌握C/C++语言,具备一定的编程能力； 5、掌握FPGA/DSP嵌入式软件开发流程； 6、熟悉linux操作系统下软件开发流程。 职位福利：绩效奖金、餐补、房补、免费班车、员工旅游、节日福利、六险一金 工作地点 新乡市红旗区科隆大道1069号 以担保或任何理由索要财物，扣押证照，均涉嫌违法。一经发现， 立即举报","嵌入式,Linux,嵌入式操作系统,系统集成",http://www.zhaopin.com/jobdetail/CC229639125J90250116000.htm?refcode=4019&srccode=401901&preactionid=06b3b8b5-9f91-4f13-af89-3213fca9d860
FPGA测试实习生（北京）——提供转正机会,北京市科学技术研究院,200-250元/天,北京·朝阳,广州,本科,经验不限,7月21日,zhilian,岗位职责 1、全流程验证参与： 协助团队完成FPGA测试验证全流程工作，包括但不限于编写测试计划（Test Plan）、构建测试用例（Test Case），确保FPGA设计的功能正确性与可靠性； 2、自动化脚本开发（Python/Tcl）： 协助参与开发基于 Python 或 Tcl 的自动化测试脚本，搭建高效的回归测试环境； 3、仿真与调试： 掌握并使用主流的仿真工具（如 ModelSim / VCS / Verdi / Questasim），进行门级仿真和时序仿真 ； 配合设计工程师进行 RTL代码调试，运用Verdi等工具快速定位逻辑bug ； 4、文档规范与标准化： 协助参与FPGA测试文档的整理与编写， 整理并编写规范的测试文档，包括测试计划、测试报告等； 二、任职要求 1、基本要求 教育背景：本科及以上学历在读（可长期实习者优先，最少6个月）； 专业：电子信息类、计算机类、通信工程类、应用数学类等具备扎实数理基础的专业 。 了解数字电路基础知识，对FPGA工作原理有一定认知； 熟悉Verilog或VHDL硬件描述语言者优先； 具备脚本编程基础（Python/Tcl/Perl/Shell）者优先； 了解FPGA开发工具（Vivado/Quartus II）或仿真工具（ModelSim/VCS）者优先； 对 UART/SPI/I2C/AXI/Ethernet 等常见接口协议有基本认知 。 逻辑思维：具备较强的问题分析和定位能力，学习能力较强，具备良好的逻辑思维与分析能力； 工作认真细致，有责任心，具备良好的团队协作意识； 具备良好的书面与口头表达能力； 2、加分项： 中共党员优先。 有FPGA相关课程设计或项目经验者优先。 通过英语6级（CET-6）者优先； 三、我们提供 1、技能培训： 提供系统的培训与在岗指导，帮助实习生掌握FPGA测试方法、仿真工具使用、脚本开发等实用技能； 2、参与项目： 实习生将有机会参与客户一线项目，深入理解FPGA测试在实际工程中的应用场景，积累宝贵的项目经验； 3、实习保障： 提供具有市场竞争力的实习补贴； 配备舒适的办公环境与专业的工作设备； 实习结束后可提供实习证明与鉴定意见； 表现优异者可获得转正直通卡，提前锁定校招Offer，毕业即就业。 如果你对FPGA测试充满热情，渴望在该领域有所作为，欢迎加入我们！ 工作地点 北京朝阳区酒仙桥北路甲10号院-201号楼 以担保或任何理由索要财物，扣押证照，均涉嫌违法。一经发现， 立即举报,"Verilog HDL,VHDL",http://www.zhaopin.com/jobdetail/CC137220240J40991843604.htm?refcode=4019&srccode=401901&preactionid=06b3b8b5-9f91-4f13-af89-3213fca9d860
FPGA开发工程师（深圳）(J10464),西安诺瓦星云科技股份有限公司,1.8-2.5万·14薪,深圳·南山·西丽,广州,本科,经验不限,7月25日,zhilian,岗位职责: 1. 负责显示或者视频处理相关的产品设计、开发工作； 2. 负责显示或者视频处理产品中的算法实现工作； 3. 编写相关的设计文档； 4. 同软、硬件设计人员一起完成联调； 5. 分析、定位、解决产品相关问题。 任职要求: 1. 电子、通信、自动化等相关专业本科及以上，1年以上FPGA开发经验； 2. 熟悉 FPGA 的开发流程，熟悉AMD、Altera等主流FPGA的特性和开发工作； 3. 熟练掌握Verilog或VHDL进行逻辑电路设计编程经验； 4. 具有良好的英文阅读能力； 5. 具有高速存储或高速传输接口经验者优先； 6. 具备显示或者视频处理产品的开发经验者优先。 工作地点 深圳-南山区南山智谷产业园F座 以担保或任何理由索要财物，扣押证照，均涉嫌违法。一经发现， 立即举报,"Verilog HDL,VHDL,System Verilog",http://www.zhaopin.com/jobdetail/CC208688710J40832667116.htm?refcode=4019&srccode=401901&preactionid=06b3b8b5-9f91-4f13-af89-3213fca9d860
FPGA工程师,珞光电子,2-3万·15薪,武汉·江夏,广州,本科,经验不限,7月26日,zhilian,"岗位职责： 1. 负责FPGA及外围设备的软件移植开发，完成FPGA代码开发和交付； 2. 根据项目的需求完成设计方案制定、代码框架规划及文档撰写； 3. 完成FPGA代码的模块级、单板级仿真验证； 4. 完成单板测试和系统测试，参与FPGA在系统中的硬件设计和调试； 5. 主要负责无线产品的开发和通信技术的研究。 任职要求： 1.本科及以上学历，电子通信类专业背景； 2.精通FPGA、通信或雷达算法设计、底层驱动设计,有较强数字模拟电路、AD/DA电路； 3.熟悉射频微波测试仪表、软件无线电技术； 4.具备较强的的人际沟通、协调能力，分析和解决问题的能力； 5.有较强的学习能力、分析能力、沟通能力，有较好的团队合作精神； 薪资福利： 1、富有行业竞争力的薪酬待遇和福利体系； 2、全体员工购买五险一金； 3、月度项目绩效奖金、交通补助、加班餐补等； 4、奖金：年底评估员工表现发放丰厚奖金； 5、除按国家规定享有各类假期外,还享有带薪年假； 6、工作时间：五天工作制 9：00-17：00； 7、丰富的员工活动：篮球、羽毛球活动、生日庆祝、聚餐、户外活动等； 8、舒适的工作环境及和谐的团队氛围； 9、完善的员工培训体系等； 10、高速增长的朝阳产业,活力平等的团队氛围，人性化管理，学习型企业。 工作地址：武汉东湖高新区长城园知源楼4楼 职位福利：五险一金、带薪年假、周末双休、弹性工作、绩效奖金、项目奖金、交通补助、通讯补助 职位亮点：湖北省首批“海创板”挂牌的高速成长型企业 工作地点 武汉江夏区长城创新科技园8号知源楼A座404 以担保或任何理由索要财物，扣押证照，均涉嫌违法。一经发现， 立即举报","FPGA,Zynq,信号处理算法,FPGA算法,通信算法,物理层,数字信号处理,5G",http://www.zhaopin.com/jobdetail/CC367984930J40415871616.htm?refcode=4019&srccode=401901&preactionid=06b3b8b5-9f91-4f13-af89-3213fca9d860
FPGA 工程师,三和视讯,8000-13000元,郑州·中原·沟赵,广州,大专,经验不限,7月24日,zhilian,岗位职责： 1.通过FPGA进行通信及算法等相关项目研发； 2.通过FPGA进行视音频编解码等相关项目研发； 3.负责上述相关项目的FPGA编程调试及测试。 4.上述两项不必同时具备，或者具有相关工作经验亦可； 任职资格： 1.热爱电子行业，热爱智能硬件研发工作，具有吃苦耐劳，敢想敢干的精神； 2.电子、通信、自动化、计算机等相关专业; 3.熟悉C语言开发，精通FPGA开发流程，具有独立使用Xilinx或ALTREA芯片进行开发过项目经验优先考虑； 4.CET-4以上，具备一定的英文读写能力，能熟练阅读本专业相关英文资料； 5.熟悉模拟电路、具有良好的数字电路基础，能灵活使用电路板设计工具； 6.熟悉视音频基本格式，视频处理算法及FPGA实现，具备视音频相关研发经验优先。 职位福利：五险一金、年底双薪、绩效奖金、交通补助、餐补、弹性工作、股票期权 职位亮点：可持续性发展平台。技术大牛多 能力提升快 工作地点 中原区郑州高新技术开发区电子电器产业园东区圣世嘉业三期8号楼1单元501（东侧1号电梯上5楼） 以担保或任何理由索要财物，扣押证照，均涉嫌违法。一经发现， 立即举报,"Verilog,高速接口,Zynq,MATLAB,VHDL,图像处理算法,以太网",http://www.zhaopin.com/jobdetail/CC403690927J90250123000.htm?refcode=4019&srccode=401901&preactionid=06b3b8b5-9f91-4f13-af89-3213fca9d860
FPGA工程师（科研助理2）,中国人民解放军军事科学院国防科技创新研究院,2-4万,北京·丰台·丰台街道,广州,本科,经验不限,7月25日,zhilian,岗位职责： 1、参与软硬件协同验证环境建设，协同软、硬件开发人员共同完成系统联调和测试； 2、承担FPGA项目的方案制定、器件选型、详细设计、代码编程、验证平台的搭建和仿真； 3、构建可重用验证FPGA平台，开发FPGA集成设计仿真原型平台。 4、协助完成项目相关文档编写工作； 任职要求： 1、计算机、电子和通信等相关专业，硕士毕业，或本科毕业有两年以上技术行业相关领域工作经历； 2、熟悉Verilog或SystemVerilog； 3、熟悉Xilinx或Altera FPGA设计软件； 4、熟悉FPGA开发相关的流程，有FPGA开发经验者优先。 5. 具有良好的沟通、团队协作能力，能以结果为导向，能承受压力并实现工作目标。 其他事项： 优秀者薪资面议 工作地点 北京市丰台区丰台东大街 以担保或任何理由索要财物，扣押证照，均涉嫌违法。一经发现， 立即举报,System Verilog,http://www.zhaopin.com/jobdetail/CCL1251034670J40652691710.htm?refcode=4019&srccode=401901&preactionid=06b3b8b5-9f91-4f13-af89-3213fca9d860
FPGA工程师/讲师，硬件设计工程师/讲师，嵌入式硬件工程师,中科华积电(郑州)科技有限公司,200元/天,郑州·中原·石佛,广州,本科,经验不限,7月22日,zhilian,岗位职责】 1. 负责FPGA系统的开发工作 2. 能够根据课程大纲进行备课、讲课 【岗位要求】 1. 电子、通信、计算机等相关专业； 2. 有过FPGA项目经验； 3. 熟练掌握Verilog/VHDL等硬件描述语言； 4. 熟悉Xilinx/Altera等主流FPGA芯片及其开发工具； 5. 具备较好的语言表达和沟通能力 6. 对教育培训和授课感兴趣，愿意和学生沟通交流 7. 有责任心，有耐心，能接受出差 二、硬件设计工程师/嵌入式硬件工程师/讲师： 【岗位职责】 1. 负责硬件原理图设计，电路分析仿真，PCB layout 指导，焊接指导； 2. 能够根据课程大纲进行备课、授课 【岗位要求】 1. 电子、集成电路、计算机、通信或自动化相关专业； 2. 有过硬件项目经验； 3. 熟悉模拟电路设计，包括开关电源、LDO、运算放大器等； 4. 熟悉MCU/FPGA/SOC/DSP等小系统 5. 熟练使用常见测试设备，包括示波器、频谱分析仪、网络分析仪等； 6. 具备较好的语言表达和沟通能力 7. 对教育培训和授课感兴趣，愿意和学生沟通交流 8. 有责任心，有耐心，能接受出差 9.会有免费培训】 【您能获得】 1. 每天不低于200元的课时费 2. 提供研究院项目学习资料 3. 提供研究院实习证明 4. 表现优秀有转正机会 【公司实力】 郑州中科集成电路与系统应用研究院由郑州市人民政府批准成立，是由郑州高新技术产业开发区管理委员会举办的事业法人单位。研究院坚持以“企业为主体，市场为导向、自主技术为核心、促进产业化为主线”，构建“政、产、学、研、用、金”六位一体的开放创新平台，建立政府支持、产学研结合、市场化运作的新型研发机构，在前瞻性技术研究、科技成果转化、重大项目攻关、科技人才培养等方面展开紧密合作，努力构建郑州市高端芯片创新研发和产业化集群高地，推动中原城市群集成电路及相关信息产业发展。 中科华积电科技有限公司是中科集成电路与系统应用研究院旗下集成电路人才培养公共服务平台运营单位，是一家集半导体产品开发、集成电路设计外包、行业投资等为一体的新型产教融合型科技企业。依托研究院核心研发团队，自主开发了一套集成电路产教融合体系，形成了集科技研发、实习实训、人才培养、创新创业为一体的综合集成电路平台。 工作地点 河南省郑州市中原区长椿路5号西美大厦A座 以担保或任何理由索要财物，扣押证照，均涉嫌违法。一经发现， 立即举报,"VHDL,Verilog,PCB",http://www.zhaopin.com/jobdetail/CCL1463720460J40952000808.htm?refcode=4019&srccode=401901&preactionid=06b3b8b5-9f91-4f13-af89-3213fca9d860
中级FPGA开发工程师,西安智芯通达科技有限公司,1.2-1.8万,西安·雁塔·丈八沟,广州,本科,1-3年,7月24日,zhilian,岗位职责： 1、负责雷达、导航、通信等信号处理与FPGA涉及的信号采集、传输、处理整体架构设计和开发实现； 2、负责FPGA概要设计、详细设计等文档编写； 3、负责FPGA 模块设计，HDL代码编写及仿真； 4、负责FPGA上板调试，分析并解决开发过程中的问题； 5、配合软、硬件设计人员及测试人员完成相关任务目标； 6、完成上级交办的其他任务。 任职资格： 1、本科及以上学历，通信、电子、自动化等电子信息类专业方向； 2、具有扎实的数字电路基础及较强的动手能力; 3、精通Verilog硬件编程语言； 4、熟悉FPGA设计开发、调试流程，能够使用相关测试工具和示波器等仪表； 5、良好的英语阅读能力，能够自如地查阅各种器件手册； 6、有使用Modelsim等仿真工具并编写过testbench经验者优先； 7、熟悉GTX高速通信处理，SR/IO光通道处理经验优先； 8、同类岗位三年以上工作经验，有熟悉电子对抗、信号处理、FPGA的PCB设计经验者优先。 工作地点 西安雁塔区瞪羚谷B座二楼203室 以担保或任何理由索要财物，扣押证照，均涉嫌违法。一经发现， 立即举报,FPGA开发,http://www.zhaopin.com/jobdetail/CCL1365215370J40714725915.htm?refcode=4019&srccode=401901&preactionid=06b3b8b5-9f91-4f13-af89-3213fca9d860
FPGA逻辑工程师招聘要求,广东七星半导体设备有限公司,1.5-3万,东莞·大朗镇,广州,本科,5-10年,7月12日,zhilian,职位描述 Verilog HDL VHDL System Verilog 半导体/芯片 仪器仪表 1、协助硬件工程师完成外围芯片与FPGA部分接口的设计、仿真及验证 2、开发高速AD、DA等外围芯片的FPGA逻辑固件程序 3、设计并实现数字滤波等常用信号处理算法的FPGA程序 4、协助软、硬件工程师完成产品测试 5、承担该产品FPGA部分相关文档和技术培训 1、本科以上学历，电子/通信等相关专业，五年以上逻辑开发经验 2、熟练运用Verilog进行Xilinx FPGA硬件逻辑的仿真、设计、开发，具备基本的硬件调试能力 3、熟练掌握Verilog或VHDL 4、具备通信、信号处理相关知识 5、具有高速接口开发经验者优先 6、具有tcl脚本开发经验者优先 7、具有良好的英文阅读能力及中文沟通能力 8、人品端正、工作细心、团队合作意识强 工作地点 东莞瑞鹰国际科技创新园7栋3楼 以担保或任何理由索要财物，扣押证照，均涉嫌违法。一经发现， 立即举报,"Verilog HDL,VHDL,System Verilog",http://www.zhaopin.com/jobdetail/CCL1525301020J40876035305.htm?refcode=4019&srccode=401901&preactionid=06b3b8b5-9f91-4f13-af89-3213fca9d860
嵌入式工程师,中科星图股份有限公司,8000-14000元,廊坊·三河市·高楼镇,广州,本科,3-5年,7月26日,zhilian,岗位职责： 1. 使用仿真验证工具进行FPGA软件验证，进行FPGA软件静态时序分析、规则检查、逻辑等效验证； 2. 组织/参与项目全流程工作，包括测试需求分析、制定测试计划，编写测试激励、生成测试数据、编写完成测试工作的相关文档； 3. 搭建测试环境，编写测试用例并执行测试用例，提交测试报告； 4. 参与板卡/单机接口、功能、性能等测试，对测试中发现的问题进行及时跟踪、反馈，重现，与开发协同解决问题； 5. 部门内项目资料文档的整理审核； 6. 其他。 任职要求： 1. 两年以上航天相关专业软件测评和测评相关工作经验； 2. 本科及以上学历，集成电路/电子/通讯/计算机/自动化控制相关专业，具有FPGA开发或验证经验优先； 3. 具有良好的电路基础，能够读懂电路图； 4. 熟悉Verilog/VHDL、Tcl等语言； 5. 熟悉vivado、Libero、Quartus等FPGA开发工具，ModelSim/VCS仿真工具之一； 6. 深入理解基于FPGA技术产品生命周期及开发流程，熟练掌握VHDL/Verilog HDL语言的RTL编码、逻辑综合和静态时序分析等技能； 7. 了解常用通信等协议以及校验算法； 8. 具有较强的团队合作精神，责任心强，具有较强的承压能力。 工作地点 河北省廊坊市三河市留山大街4号 以担保或任何理由索要财物，扣押证照，均涉嫌违法。一经发现， 立即举报,FPGA,http://www.zhaopin.com/jobdetail/CC142710110J40789237106.htm?refcode=4019&srccode=401901&preactionid=06b3b8b5-9f91-4f13-af89-3213fca9d860
FPGA工程师（硬件工程师）,安徽蓝盾光电子股份有限公司,1.2-2.4万,合肥·蜀山·新产业园,广州,本科,3-5年,7月26日,zhilian,岗位职责： 1、FPGA方案设计与实现 负责根据项目需求完成FPGA架构设计、模块划分与核心逻辑实现，输出设计方案文档并进行代码实现。 2、RTL代码开发与仿真验证 主导使用Verilog/VHDL进行RTL代码编写，构建完备的仿真测试平台，执行功能仿真与覆盖率分析，确保设计功能正确性。 3、FPGA硬件调试与性能达标 负责在目标硬件平台进行FPGA逻辑调试，定位并解决功能、时序问题，优化资源利用率和时序性能以满足系统指标。 4、跨团队协同与系统集成 紧密配合软件、硬件及测试工程师，参与系统级联调，解决FPGA相关接口与交互问题，保障系统整体功能与性能。 5、开发流程构建与工具应用 主导基于Vivado/Synplify等EDA工具的设计综合、实现、时序约束与签核流程，构建高效可靠的FPGA开发环境。 6、前沿技术预研与协议应用 跟踪研究国产FPGA平台、接口协议（如PCIe，Ethernet，SPI，I2C，UART，USB等）、新型架构（如SoC FPGA）等前沿技术，评估其可行性并推动在项目中的应用。 任职资格： 1、学历背景：计算机、电子、通信、自动化等相关专业本科及以上学历。 2、工作经验：3年以上FPGA开发经验，具备完整项目生命周期（设计、开发、测试、维护）参与经历。 3、行业适配：有仪器仪表、工业控制、物联网等嵌入式系统开发经验者优先。 工作地点 合肥蜀山区蓝盾智谷 以担保或任何理由索要财物，扣押证照，均涉嫌违法。一经发现， 立即举报,Verilog HDL,http://www.zhaopin.com/jobdetail/CC200262810J40611644106.htm?refcode=4019&srccode=401901&preactionid=06b3b8b5-9f91-4f13-af89-3213fca9d860
嵌入式工程师,长沙知电信息技术有限公司,8000-15000元,长沙·开福·伍家岭,广州,本科,1-3年,7月17日,zhilian,岗位职责】 1、根据产品功能要求提出实现方案，能独立开展Zynq系列 FPGA嵌入式开发； 2、与硬件工程师开展联调联试工作； 3、辅助设计开发新的功能，实现产品的优化升级。 【任职要求】 1、具有1年及以上Zynq系列 FPGA嵌入式开发经验； 2、本科及以上学历，电子信息、通信或计算机软件等相关专业； 3、有嵌入式开发经验，熟悉Linux操作系统开发； 4、有硬件、FPGA、CPLD基础或开发经验者优先； 5、有良好的沟通能力，学习能力好，有团队精神，技术表达清晰，爱好挑战，能承受一定压力。 职位福利：五险一金、周末双休、员工旅游、节日福利、带薪年假、项目奖金、餐补房补交补、年终奖 工作地点 开福区长沙知电信息技术有限公司 以担保或任何理由索要财物，扣押证照，均涉嫌违法。一经发现， 立即举报,"嵌入式,嵌入式Linux,FPGA",http://www.zhaopin.com/jobdetail/CC842854340J40785721006.htm?refcode=4019&srccode=401901&preactionid=06b3b8b5-9f91-4f13-af89-3213fca9d860
FPGA开发工程师（工业传感）南京,陕西泽兰人力资源有限公司,2.5-4万·14薪,南京·栖霞·栖霞街道,广州,本科,3-5年,7月9日,zhilian,岗位职责 1. 参与项目的FPGA开发、调试、维护等相关工作； 2. 实现功能级模块需求，建立仿真环境，编写测试用例，完成模块的设计验证； 3. 编写所负责功能模块的详细设计和调试文档； 4. 参与产品系统级调试，完成模块间的联调。 5. 为公司研发具有市场竞争力的新产品，提供高质量、高性能的产品设计和可靠的解决方案。 二、任职资格 1.具有3年以上工作经验，有完整项目的开发经验； 2.具有良好的数字电路基础； 3.熟悉I2C 、SPI、UART、TCP/IP等通信协议； 4.熟悉FPGA高速接口设计、时序约束和分析、资源优化； 5.熟练掌握FPGA开发的硬件描述语言verilog/VHDL以及开发和仿真流程，熟练掌握开发工具，懂得时序分析，可以看懂硬件原理图； 6.熟练使用示波器、信号源等仪器。 7.具备1年以上soc开发经验 工作地点 南京栖霞区红枫科技园B栋 以担保或任何理由索要财物，扣押证照，均涉嫌违法。一经发现， 立即举报,"Verilog HDL,VHDL,1年以上SOC开发经验",http://www.zhaopin.com/jobdetail/CC845268700J41021179904.htm?refcode=4019&srccode=401901&preactionid=06b3b8b5-9f91-4f13-af89-3213fca9d860
FPGA开发工程师,深圳市科楠科技开发有限公司,1.6-2.5万,深圳·南山·西丽,广州,本科,经验不限,7月26日,zhilian,岗位职责】 1. 根据FPGA系统方案，编写逻辑模块的详细设计方案； 2. 按照公司编码规范，开发逻辑模块代码； 3. 编写仿真脚本，对模块进行仿真验证，并输出仿真报告； 4. 建立FPGA工程，编写约束文件，对模块代码进行集成，并编译； 5. 搭建调试环境，对模块进行调试，并记录调试过程； 6. 配合系统工程师完成项目中FPGA相关工作； 7. 掌握项目设备的工作原理和使用方法； 8. 对现有产品的模块进行维护和修改； 【岗位要求】 1. 应聘者有一定的FPGA开发经验，特别是在FPGA高速通信接口开发上有一定的经验； 2. 对常用的通信协议，UART、PCIe、SRIO、万兆网口等，有一定的了解。可以现在不用精通，但是入职后，在公司要求的方向上（比如PCIe）迅速钻研，以达到精通的水平； 3. 希望在处理高速通信丢帧、误码上，有一定的经验； 4. 精通Verilog语言；掌握数字电路原理；掌握ILA、VIO等常用调试方法 【公司福利】 1. 项目奖金、绩效奖金、年终奖金、 午餐补贴、节日礼品、年度体检、年度旅游、生日会、下午茶等； 2. 周末双休； 【特别要求】 1. 要求身体健康，无基础疾病，最好不抽烟。入职后，公司安排体检； 2. 公司地址为：深圳南山区西丽街道深圳国际创新谷7B栋；西安市长安区西长安街599号智慧国际507。请根据以上地址，评估上班的通勤时间。公司希望通勤时间在40分钟以内； 工作地点 深圳南山区打石一路与留新四街交叉口东北约60米8楼 以担保或任何理由索要财物，扣押证照，均涉嫌违法。一经发现， 立即举报,"Modelsim,仿真验证,Verilog,Verilog HDL,System Verilog",http://www.zhaopin.com/jobdetail/CC334399380J40276179015.htm?refcode=4019&srccode=401901&preactionid=06b3b8b5-9f91-4f13-af89-3213fca9d860
FPGA开发工程师,辽宁汉德科技有限公司,5000-7000元,沈阳·和平·北市场,广州,本科,1-3年,7月26日,zhilian,职位描述 FPGA Verilog VHDL 任职资格： 1.电子、计算机、自动化或相关专业本科及以上学历； 2.熟练掌握Verilog或VHDL开发语言，掌握FPGA体系结构； 3.具有1年以上相关工作经验； 4.具有良好的合作精神，勤奋，有专研精神。 职位福利：五险一金、绩效奖金、节日福利、免费班车、补充医疗保险、周末双休 工作地点 沈阳和平区市府大路224-3号3-19-2 以担保或任何理由索要财物，扣押证照，均涉嫌违法。一经发现， 立即举报,"FPGA,Verilog,VHDL",http://www.zhaopin.com/jobdetail/CC443103310J40043399215.htm?refcode=4019&srccode=401901&preactionid=06b3b8b5-9f91-4f13-af89-3213fca9d860
fpga开发工程师,能动机器人科技(深圳)有限公司,2-4万,深圳·宝安·西乡,广州,本科,3-5年,7月26日,zhilian,岗位职责 • 负责伺服电机、BLDC/PMSM 驱动软件开发，实现FOC 磁场定向控制 • 负责电机闭环算法调试、参数整定、低速/高速/带载性能优化 • 负责 EtherCAT 从站/主站协议开发、通讯调试与周期同步控制 • 完成伺服系统整体联调、问题定位、量产验证与文档输出 任职要求 • 本科及以上，自动化/电子/电气相关专业 • 精通嵌入式 C 语言，有电机驱动底层开发经验 • 熟练掌握 FOC 算法，有实际伺服驱动器项目经验 • 有 EtherCAT 开发与调试经验 • 具备完整伺服系统开发/量产落地经验优先 • 熟悉编码器、电流采样、保护逻辑、硬件联调 工作地点 广东省深圳市宝安区西乡街道宝安大道3096号1栋A座905 以担保或任何理由索要财物，扣押证照，均涉嫌违法。一经发现， 立即举报,"Verilog HDL,VHDL",http://www.zhaopin.com/jobdetail/CCL1520195130J40910620603.htm?refcode=4019&srccode=401901&preactionid=06b3b8b5-9f91-4f13-af89-3213fca9d860
fpga开发工程师,软通动力信息技术(集团)股份有限公司,1-1.7万,东莞·寮步镇,广州,本科,1-3年,7月26日,zhilian,职位描述 Verilog HDL VHDL FPGA逻辑设计 高速接口设计 FPGA板级调试 工作职责 1. 负责FPGA芯片的逻辑设计、仿真验证及原型开发，基于Verilog/VHDL实现算法硬件加速方案。 2. 参与FPGA系统架构规划，包括高速接口（PCIe、DDR、Ethernet）设计与时序约束优化。 3. 主导FPGA板级调试与性能优化，解决硬件逻辑与软件协同工作中的关键问题。 4. 输出FPGA设计文档、测试报告，推动团队技术规范与流程落地。 任职要求 1. 电子信息、计算机、自动化等相关专业本科及以上学历，基础扎实。 2. 精通Verilog/VHDL硬件描述语言，熟练使用Vivado/Quartus等主流FPGA开发工具。 3. 具备FPGA逻辑设计、时序分析、静态时序验证（STA）经验，熟悉高速接口协议。 4. 有算法硬件加速（如AI推理、信号处理）或大规模FPGA项目开发经验者优先。 工作地点 东莞市科技二路光大We谷产业园西北侧约120米B1-2 以担保或任何理由索要财物，扣押证照，均涉嫌违法。一经发现， 立即举报,"Verilog HDL,VHDL,FPGA逻辑设计,高速接口设计,FPGA板级调试",http://www.zhaopin.com/jobdetail/CC000544460J40827639416.htm?refcode=4019&srccode=401901&preactionid=06b3b8b5-9f91-4f13-af89-3213fca9d860
中级FPGA开发工程师（TSN&网络）,全信股份,2.2-4万,上海·徐汇·虹梅路,广州,本科,3-5年,7月26日,zhilian,职位描述 TSN 通信/网络设备 1、负责FPGA的设计方案； 2、负责FPGA的RTL代码编写； 3、负责RTL代码的仿真； 4、负责FPGA的综合和测试工作。 任职条件： 1、大学本科或以上学历，电子信息技术、通信工程、计算机网络等相关专业； 2、本科学历至少3年以上FPGA设计相关工作经验； 3、熟练掌握Verilog或VHDL等逻辑设计语言； 4、熟悉test bench 的编写； 5、熟练FPGA的设计和开发流程，熟悉光纤或网络产品者优先。 6、参与过TSN相关产品（协议栈、交换机、控制器）研发者优先。 工作地点 上海徐汇区民润大厦1号楼18A 以担保或任何理由索要财物，扣押证照，均涉嫌违法。一经发现， 立即举报,TSN,http://www.zhaopin.com/jobdetail/CC144659490J40911203303.htm?refcode=4019&srccode=401901&preactionid=24f8ff5d-b7ca-4189-b66e-0224dd77ed90
嵌入式软件及fpga测试工程师（沈阳）,中国航空综合技术研究所,8000-16000元,沈阳·皇姑,广州,本科,经验不限,7月9日,zhilian,职位描述 通信/网络设备 半导体/芯片 船舶/航空/航天/军工 电子设备制造 嵌入式或FPGA软件测试工程师 15-20K 北京/西安/成都/沈阳 职位描述： 嵌入式或FPGA软件测试工程师，技能要求：C语言或 Verilog/VHDL，代码审查、静态分析等或功能仿真、时序仿真、静态时序分析等 工作内容： 1. 按照测评中心质量体系和测试流程，在项目组长带领下完成项目测试工作； 2. 参与能力验证机构发布的嵌入式或FPGA软件能力验证项目； 3. 参与新技术研究和技术创新项目； 4. 参与质量体系和测试流程的持续改进工作。 岗位要求： 1、电子信息技术相关专业，本科及以上学历。应届生，熟练掌握VHDL、Verilog或C语言； 2、具有良好的责任心，上进心，领悟能力，较强的理解能力和快速学习能力，良好的团队合作精神，较强的沟通和表达能力； 3、具有开发或测试经验者优先； 4、熟悉GJB141、或GJB 9433标准优先； 5、熟悉规则检查、功能仿真、门级仿真、时序仿真、静态时序分析、逻辑等效性分析、跨时钟域分析优先； 6、熟悉Testbed、klocwork、QuartusII、QustaSim等工具优先。 工作地点 沈阳皇姑区中信泰富广场F2座 以担保或任何理由索要财物，扣押证照，均涉嫌违法。一经发现， 立即举报,"半导体/芯片,船舶/航空/航天/军工,电子设备制造",http://www.zhaopin.com/jobdetail/CC130648740J40783422508.htm?refcode=4019&srccode=401901&preactionid=24f8ff5d-b7ca-4189-b66e-0224dd77ed90
FPGA开发工程师,上海传慎医疗器材有限公司,1.5-2.5万,上海·闵行·浦江,广州,本科,3-5年,7月26日,zhilian,岗位职责 1、负责医疗影像、检测设备FPGA方案设计、器件选型、模块开发及全流程落地。 2、依托 Xilinx 可编程逻辑平台开展软硬件协同开发，采用 AXI、DMA 总线架构实现高速数据交互，完成底层驱动联合调试。 3、依托Xilinx 等平台进行PL&PS协同开发，通过AXI、DMA实现高速数据交互，配合完成底层驱动联调。 4、负责DDR、LVDS、网口、ADC/DAC等高速接口与图像采集链路开发，独立完成板级调试、故障定位。 5、完成图像预处理、滤波、数据压缩等算法的FPGA硬件实现，保障设备成像、数据采集稳定性。 6、配合各团队完成整机联调与优化，输出合规技术文档，满足医疗产品研发归档规范。 7、沉淀可复用IP模块，跟进技术预研，提升项目迭代效率。 任职要求 1、本科及以上，电子信息、微电子、通信等相关专业，3年以上FPGA开发经验，有Zynq落地项目经验。 2、精通Verilog，具备模块化设计思维，熟练使用Vivado、Modelsim等开发仿真工具。 3、扎实数字电路与时序基础，熟练时序约束、时序分析、跨时钟域处理，可独立完成时序收敛与资源优化。 4、熟悉AXI、DDR、LVDS、以太网等高速接口，可看懂硬件原理图，独立排查软硬件联调问题。 5、掌握基础C语言，熟悉DMA、中断配置，有裸机/Linux驱动调试经验者优先。 工作地点 上海闵行区江月路999号奇亚特中心2号601 以担保或任何理由索要财物，扣押证照，均涉嫌违法。一经发现， 立即举报,"Verilog HDL,VHDL",http://www.zhaopin.com/jobdetail/CC203283930J40909306403.htm?refcode=4019&srccode=401901&preactionid=24f8ff5d-b7ca-4189-b66e-0224dd77ed90
FPGA开发工程师,南通嘉骏信息科技有限公司,1.2-2.4万,南通·崇川·新开,广州,本科,1-3年,7月21日,zhilian,"岗位职责 1. 负责FPGA器件选型、框架设计、逻辑设计、仿真、调试和维护； 2. 编写系统设计文档、测试文档与使用文档等； 3. 配合软、硬件工程师完成设计任务和系统测试； 任职要求 1.精通数字逻辑系统设计，精通Verilog语言，负责RTL代码及testbench测试程序的编写； 2.熟悉 FPGA 的开发流程，熟练使用 Lattice Diamond，Vivado , Quartus 中的一种； 3.熟悉 I2C/SPI/UART接口， 熟悉 DDR，AXI更好; 4.有视频相关经验优先，熟悉parallel，MIPI，LVDS,SLVS-EC,HiSPI等视频接口 5.分析并解决开发过程中的问题，优化FPGA资源及时序； 6.具有良好的理解能力和英文阅读能力； 职位福利：周末双休、 五险一金、带薪年假、员工旅游、节日福利、绩效奖金、餐补、年终奖金 工作地点 南通崇川区紫琅科技城-1号楼1A栋7楼 以担保或任何理由索要财物，扣押证照，均涉嫌违法。一经发现， 立即举报","仿真调试,FPGA,Verilog",http://www.zhaopin.com/jobdetail/CC598696320J40405865308.htm?refcode=4019&srccode=401901&preactionid=24f8ff5d-b7ca-4189-b66e-0224dd77ed90
初级FPGA工程师,浙江赛思电子科技有限公司,1-1.8万,嘉兴·南湖区·大桥镇,广州,本科,经验不限,7月3日,zhilian,"职位描述 半导体/芯片 通信/网络设备 工作职责： 1、产品研发：负责FPGA需求分解、设计、验证、联调工作，编写相关设计文档、使用说明文档，负责Verilog/VHDL代码编写、仿真、时序优化； 2 、对产品功能测试提供帮助：协助软硬件版本测试，随时修改测试中遇到的问题； 3、技术支持：与客户交流，进一步熟悉客户需求，进行产品及业务的改进。 任职要求： 1、本科及以上学历，计算机、无线电、电子等相关专业； 2、有良好的数字电路基础； 3、熟悉Verilog/VHDL； 4、熟练使用Modelsim/ISE/Vivado/Quartus等工具； 5、熟悉电路设计软件，能够熟练的查看原理图、PCB，可以设计简单的原理图； 6、具备开拓创新精神，乐于迎接挑战，有较强的学习、独立解决问题能力和良好的团队合作精神； 7、优先：熟悉常见的I2C,UART, PCI等通信协议及存储器；对同步时钟设计有了解，熟悉数字锁相环原理。 快速入职通道： 无论本硕，只要满足以下任一或多项特质，欢迎自荐。 1、在高校重点实验室参与科研项目并做出突出贡献； 2、曾在知名赛事中获得突出成绩； 3、以第一作者身份发表过顶会顶刊论文或拥有时频、导航、定位、计算机、信息通信技术方向专利； 4、当前在读学历内获得过国家奖学金或其他重量级奖学金； 5、当前在读学历成绩名列TOP10。 工作地点 嘉兴南湖区浙江赛思电子科技有限公司 以担保或任何理由索要财物，扣押证照，均涉嫌违法。一经发现， 立即举报",半导体/芯片,http://www.zhaopin.com/jobdetail/CC565929420J40862743409.htm?refcode=4019&srccode=401901&preactionid=24f8ff5d-b7ca-4189-b66e-0224dd77ed90
FPGA工程师,安图生物,1.2-2.4万,苏州·工业园区,广州,本科,1-3年,7月26日,zhilian,岗位职责: 1、负责关键模块的FPGA方案设计，完成时序控制逻辑的编码及优化。实现高速数据采集与处理（如ADC/DAC信号链控制），确保信号精度与实时性。 2、开发仪器专用通信接口（如SPI、I²C）及高速数据传输模块（PCIe等），支持与上位机或检测模块的数据交互。 3、联合硬件团队完成电路调试，解决电磁干扰（EMI）问题，确保符合医疗设备安规标准。 4、编写设计文档、测试报告及维护手册，支持医疗器械注册申报。 任职要求: 1、电子/通信/自动化等相关专业，本科及以上学历，硕士优先。 2、精通Verilog/VHDL，熟练掌握Xilinx/Vivado或Altera/Quartus开发流程。深入理解数字电路及时序约束（跨时钟域同步、低抖动设计）。 3、熟悉信号调理电路设计；具备高速接口（PCIe、DDR）开发经验优先。 4、掌握精密仪器调试技能（示波器、逻辑分析仪应用），能定位时序偏差问题。 5、有IVD行业开发经验和具备高速数据采集工作经验者优先。 工作地点 工业园区腾飞苏州创新园 B幢 301 以担保或任何理由索要财物，扣押证照，均涉嫌违法。一经发现， 立即举报,医疗设备/器械/耗材,http://www.zhaopin.com/jobdetail/CC224773320J40792279405.htm?refcode=4019&srccode=401901&preactionid=24f8ff5d-b7ca-4189-b66e-0224dd77ed90
FPGA测试工程师,南京亚兴为信息技术有限公司,5000-10000元,南京·玄武·梅园新村,广州,本科,经验不限,7月14日,zhilian,岗位职责： 1、开展FPGA编码规则检查、代码审查测试，功能仿真、时序仿真； 2、开展测试需求分析、编写用例设计、开展测试工作并出具测试文档； 3、开展FPGA测试能力建设。 任职要求： 1、具有FPGA开发或测试经验，熟悉FPGA测试要求； 2、熟练使用Modelsim、Questasim、PrimeTime、ISE工具，了解常用通信等协议以及校验算法； 3、深入理解基于FPGA技术产品生命周期及开发流程，熟练掌握VHDL/VerilogHDL语言的RTL编码、逻辑综合和静态时序分析等技能； 4、能够编写、调试和仿真Testcase，至少熟悉一种仿真工具； 6、本科及以上学历，集成电路/电子信息/通讯/计算机/自动化控制相关专业，具有FPGA开发或验证经验优先； 7、具有良好的沟通和团队协作能力，具备足够的自驱能力，对质量有追求； 8、具有产品开发经验及接受出差者优先； 9、有FPGA测试相关工作经验。 工作地点：南京 工作地点 南京玄武区黄埔大厦22楼 以担保或任何理由索要财物，扣押证照，均涉嫌违法。一经发现， 立即举报,"Verilog HDL,VHDL",http://www.zhaopin.com/jobdetail/CC683856820J40827140316.htm?refcode=4019&srccode=401901&preactionid=24f8ff5d-b7ca-4189-b66e-0224dd77ed90
【工作地：西安】FPGA开发,信必优(深圳)信息技术有限公司广州分公司,1.8-3.5万,重庆·两江新区,广州,本科,1-3年,7月25日,zhilian,职位描述 Verilog HDL RTL设计 半导体/芯片 岗位要求 a.专业知识： a)熟练使用office、WPS等办公软件； b)熟悉SoC芯片设计流程； c)掌握相关编程语言（如Verilog、VHDL、SystemVerilog）； d)熟练使用EDA工具； e)掌握状态机提取以及到代码的转换。 b.项目经验： a)具备数字集成电路相关项目独立设计的经验，也可以是FPGA设计； c)至少0.5年工作经验。 c.学历：本科及以上 工作内容： a.芯片概要设计文档编写； b.芯片安全性、可靠性、测试性分析工作； c.需求到概要设计文档的双向追踪； d.概要设计文档到RTL代码的双向追踪； e.代码规则检查及分析。 工作地点 重庆两江新区金通大道1 以担保或任何理由索要财物，扣押证照，均涉嫌违法。一经发现， 立即举报,"Verilog HDL,RTL设计",http://www.zhaopin.com/jobdetail/CCL1486636660J40894016512.htm?refcode=4019&srccode=401901&preactionid=24f8ff5d-b7ca-4189-b66e-0224dd77ed90
FPGA开发工程师,厦门泰斯泰克仪器有限公司,1.8-2.8万,厦门·集美·灌口,广州,本科,3-5年,7月24日,zhilian,职位描述 VHDL System Verilog Verilog HDL 通道的原理性 专用设备制造 岗位核心目标：​​ 负责涡流探伤仪核心数字信号处理单元的架构设计、FPGA实现、仿真验证与性能优化。主导从算法模型到高可靠性、高性能硬件电路的转化，确保仪器在高速、高精度、实时性方面的业界领先水平。 ​主要职责：​​ 1.架构与设计​：参与系统方案论证，负责涡流检测系统内FPGA部分的架构设计、模块划分、接口定义（如与ADC/DAC、DSP/ARM、存储器等的接口）。 2.算法硬件化​：将涡流检测中的核心数字信号处理算法（如数字正交解调、数字滤波、相位旋转、阻抗平面分析、混频、CORDIC等）进行优化，并在FPGA上实现高性能、低延迟的硬件逻辑。 3.高速数据流处理​：设计并实现高速、实时的数据采集、处理和传输通道，处理来自高速ADC的原始数据流，并满足高吞吐量要求。 4.系统集成与调试​：与硬件工程师、嵌入式软件工程师紧密协作，完成FPGA与外围电路的联调，解决信号完整性问题，优化系统时序和功耗。 5.仿真与验证​：搭建完善的仿真测试平台（基于SystemVerilog/UVM或类似方法学），编写测试用例，进行模块级和系统级功能验证、时序验证。 6.文档与维护​：编写高质量的设计文档、用户指南和技术报告，并为生产、测试及其他部门提供技术支持。 ​技术要求（硬技能）：​​ 1.必备基础​： l 电子工程、通信工程、微电子等相关专业本科及以上学历，3年以上FPGA开发经验。 l 精通Verilog/VHDL硬件描述语言，具备丰富的RTL设计、仿真、综合、时序分析及调试经验。 l 熟练掌握FPGA开发工具链（如Xilinx Vivado / Intel Quartus）。 l 深刻理解数字电路、信号与系统、数字信号处理理论。 2.核心专业技能​： l ​信号处理硬件实现经验​：具有在FPGA上实现数字下变频、FIR/IIR滤波器、FFT、数字锁相放大、调制解调等模块的实战经验。 l ​高速接口开发经验​：具备高速串行接口开发能力，如JESD204B/C、PCIe、Ethernet（特别是UDP协议）、DDR3/4存储器控制器等的开发与调试经验。 l ​ADC/DAC协同设计​：熟悉高速、高精度ADC/DAC（如16位以上，100MSPS以上）与FPGA的接口设计和数据同步机制。 l ​数学算法硬件化​：有CORDIC算法、坐标变换、三角函数计算等模块的优化设计经验，这对涡流信号的相位和幅度分析至关重要。 3.优先考虑条件​： l 有无损检测设备（特别是涡流、超声）​、高端仪器仪表、医疗影像、雷达/通信系统等产品开发经验者优先。 l 了解涡流检测基本物理原理（电磁感应、集肤效应、阻抗分析）者优先。 l 熟悉ARM SoC FPGA开发，具备软硬件协同设计经验者优先。 l 具有算法建模经验（使用MATLAB/Simulink、System Generator或HLS进行算法前期验证和原型设计）者优先。 ​素质要求（软技能）：​​ 1.分析与解决问题​：具备极强的逻辑分析能力和解决复杂技术问题的能力。 2.质量与可靠性意识​：对代码质量、设计可靠性、时序安全有极致追求，理解工业产品的严苛要求。 3.团队协作​：优秀的沟通能力和团队协作精神，能够与跨职能团队高效合作。 4.学习与创新​：对新技术保持热情，能快速学习并应用于实际项目，有创新思维。 我们能提供：​​ l 参与高端精密仪器研发，挑战技术前沿的机会。 l 与行业专家共事，持续学习和成长的技术环境。 l 具有竞争力的薪资福利和广阔的职业发展空间。 工作地点 厦门集美区软件园三期-F06栋F06-16楼03号-01 以担保或任何理由索要财物，扣押证照，均涉嫌违法。一经发现， 立即举报,"VHDL,System Verilog,Verilog HDL,通道的原理性",http://www.zhaopin.com/jobdetail/CC618204530J40922889412.htm?refcode=4019&srccode=401901&preactionid=24f8ff5d-b7ca-4189-b66e-0224dd77ed90
FPGA测试工程师,西安凯翔计算机软件有限责任公司,1.5-3万,西安·碑林·张家村,广州,本科,经验不限,7月26日,zhilian,职位描述 Verilog HDL VHDL System Verilog 计算机软件 计算机硬件 工作职责 1. 负责FPGA功能测试、性能测试与兼容性验证，模块级到系统级的测试。 2. 基于硬件描述语言（Verilog/VHDL）与测试平台，设计并执行自动化测试用例，提升测试效率与覆盖率。 3. 分析测试过程中发现的硬件逻辑缺陷，与研发团队协同定位问题根因并推动修复，输出完整的测试报告与质量评估。 4. 参与测试流程的优化与标准化建设，沉淀可复用的测试方法论与工具脚本。 任职要求 1. 本科及以上学历，电子工程、计算机科学或相关专业，具备扎实的数字电路与嵌入式系统基础。 2. 掌握FPGA验证流程，熟悉Verilog/VHDL语言，能独立搭建测试环境并编写测试用例。 3. 熟悉主流测试工具（如ModelSim、Vivado、Questa等），具备自动化测试脚本开发经验者优先。 4. 具备较强的逻辑分析能力与问题定位能力，能快速响应并解决测试过程中的复杂技术问题。 工作地点 碑林区航空工业西安航空计算技术研究所 以担保或任何理由索要财物，扣押证照，均涉嫌违法。一经发现， 立即举报,"Verilog HDL,VHDL,System Verilog",http://www.zhaopin.com/jobdetail/CC156069210J40849366905.htm?refcode=4019&srccode=401901&preactionid=24f8ff5d-b7ca-4189-b66e-0224dd77ed90
FPGA开发工程师,西安智芯通达科技有限公司,1.2-2.4万,西安·雁塔·丈八沟,广州,本科,3-5年,7月24日,zhilian,职位描述 Verilog HDL FPGA 信号处理 通信/网络设备 工作内容： 我们正在寻找一位有经验的FPGA高级工程师，负责开发和验证高性能的FPGA功能，支持并带领公司内的FPGA研发团队开发项目。 主要职责： - 负责设计和开发FPGA功能，包括GTH等高速接口，高速以太网UDP协议等； - 根据工程师需求，参与FPGA架构设计，并与其他工程师紧密合作； - 使用FPGA工具链对FPGA设计进行验证，并对设计进行调试和测试； - 撰写FPGA设计文档，包括输入输出描述、时序分析和布局等； - 参与FPGA项目的开发和测试工作，并确保项目按照计划进行并达到预期目 标。 - 能够带领团队成员和客户进行有效的沟通和合作，并协调成员完成开发任务达成目标。 职位要求： - 大学本科及以上学历，电子、计算机、自动化等相关专业； - 3年以上的FPGA工程师经验，有独立开发FPGA项目的能力； - 熟悉ALTERA和XILINX架构，掌握FPGA VIVADO MODELSIM工具； - 熟悉数字信号处理、通信协议、嵌入式系统等知识； - 有以太网UDP纯逻辑开发经验或者通信行业经验优先录取； - 具备良好的项目管理和沟通能力，能够与团队成员和客户进行有效的沟通； - 良好的团队合作精神，能够与团队成员和客户进行有效的沟通和合作。 工作地点 西安雁塔区瞪羚谷B座二楼201室 以担保或任何理由索要财物，扣押证照，均涉嫌违法。一经发现， 立即举报,"Verilog HDL,FPGA,信号处理",http://www.zhaopin.com/jobdetail/CCL1365215370J40640511715.htm?refcode=4019&srccode=401901&preactionid=24f8ff5d-b7ca-4189-b66e-0224dd77ed90
fpga工程师,中软国际,面议,绵阳·涪城区·朝阳街道,广州,本科,经验不限,7月25日,zhilian,职位描述 Verilog HDL VHDL System Verilog 公办统招本科及以上，熟练掌握systemverilog、Verilog或VHDL等硬件描述语言，有大规模FPGA项目开发经验者优先; 熟练FPGA设计和验证流程，掌握各种4、FPGA工具，如ISE，Questa等: 熟练掌握FPGA的实现技能，熟悉FPG5、A系统仿真、综合和板级调试方法; 熟悉软件工程化、可靠性设计、安全6、性设计等相关知识者优先; 熟悉ADC、DAC、串口、SS1、1553B总线、CAN总线等优先: 具有较强的责任心及团队合作精神8、较强的沟通能力、学习能力等。 工作地点 涪城区绵阳站1 以担保或任何理由索要财物，扣押证照，均涉嫌违法。一经发现， 立即举报,"Verilog HDL,VHDL,System Verilog",http://www.zhaopin.com/jobdetail/CC508620120J40909890912.htm?refcode=4019&srccode=401901&preactionid=24f8ff5d-b7ca-4189-b66e-0224dd77ed90
FPGA开发工程师,成都众志天成科技有限公司,1-1.5万·13薪,成都·郫都·合作街道,广州,本科,1-3年,4月10日,zhilian,职位描述 FPGA Verilog VHDL 仿真验证 Quartus 半导体/芯片 电子设备制造 仪器仪表 职责描述： 主要负责模块产品的FPGA开发工作，FPGA各个功能模块的代码编写、仿真及调试优化。 任职要求： 1、熟练掌握 Verilog/VHDL 语言，FPGA设计及仿真验证流程，具有较丰富的FPGA设计与调试经验； 2、熟练使用Ise、vivado、Quartus其中之一软件； 3、熟悉常用的通信协议，SPI、UAST、IIC等； 4、逻辑思维清晰，学习能力强。 职位福利：五险一金、绩效奖金、员工旅游、节日福利、全勤奖、13薪、定期体检、每年多次调薪 工作地点 成都郫都区天虹路3号优创园B栋 以担保或任何理由索要财物，扣押证照，均涉嫌违法。一经发现， 立即举报,"FPGA,Verilog,VHDL,仿真验证,Quartus",http://www.zhaopin.com/jobdetail/CC287192080J40242951708.htm?refcode=4019&srccode=401901&preactionid=24f8ff5d-b7ca-4189-b66e-0224dd77ed90
fpga工程师(洛阳）,洛阳聚恒智能装备有限公司,8000-16000元·13薪,洛阳·涧西,广州,硕士,经验不限,7月26日,zhilian,职位描述 计算机硬件 通信/网络设备 仪器仪表 岗位内容： 1. 基于DSP算法需求（如实时滤波、多通道FFT），设计Zynq SoC整体架构 2. 用Verilog HDL编写PL端逻辑，同时基于Zynq PS端需求，设计PS-PL交互接口。 3. 完成FPGA验证测试，并发现并解决设计问题。 4. 实现FPGA设计规格书，包括架构、设计、实现和验证。 任职要求： 1. 精通Zynq架构，熟悉PS-PL协同开发全流程。 2. 深入理解AXI总线在Zynq中的应用，能设计PS-PL间控制接口、高速数据流接口，优化跨时钟域。 3. 了解DSP算法原理（如FIR/IIR、FFT、卷积），更能结合Zynq特点设计“硬件加速方案”。 4. 有良好的沟通、团队协作能力和问题解决技巧。 5. 本科及以上学历，专业是电子、通信、计算机或相关领域。 奖金绩效 年终奖 工作地点 洛阳涧西区机器人智能化装备产业园E2 以担保或任何理由索要财物，扣押证照，均涉嫌违法。一经发现， 立即举报,仪器仪表,http://www.zhaopin.com/jobdetail/CCL1482815940J40944335015.htm?refcode=4019&srccode=401901&preactionid=24f8ff5d-b7ca-4189-b66e-0224dd77ed90
FPGA开发工程师(J10091),西安诺瓦星云科技股份有限公司,1.5-2.5万·13薪,西安·雁塔·漳浒寨,广州,本科,1-3年,7月26日,zhilian,岗位职责: 工作职责： 1. 负责显示或者视频处理相关的产品设计、开发工作； 2. 负责显示或者视频处理产品中的算法实现工作； 3. 编写相关的设计文档； 4. 同软、硬件设计人员一起完成联调； 5. 分析、定位、解决产品相关问题。 任职要求: 1. 电子、通信、自动化等相关专业本科及以上学历，1年以上FPGA开发经验； 2. 熟悉 FPGA 的开发流程，熟悉AMD、Altera等主流FPGA的特性和开发工作； 3. 熟练掌握Verilog或VHDL进行逻辑电路设计编程经验； 4. 具有良好的英文阅读能力； 5. 具有高速存储或高速传输接口经验者优先； 6. 具备显示或者视频处理产品的开发经验者优先。 工作地点 雁塔区西安-高新区诺瓦科技产业化研发基地(东门) 以担保或任何理由索要财物，扣押证照，均涉嫌违法。一经发现， 立即举报,"Verilog HDL,VHDL,System Verilog",http://www.zhaopin.com/jobdetail/CC208688710J40817601816.htm?refcode=4019&srccode=401901&preactionid=24f8ff5d-b7ca-4189-b66e-0224dd77ed90
逻辑工程师（逻辑处理）,成都津研科技有限公司,9000-15000元,成都·郫都·犀浦,广州,本科,经验不限,2月26日,zhilian,岗位职责： 1.参与产品的设计、开发、研制工作； 2.根据设计方案进行FPGA的开发、调试及相应问题解决； 3.配合高级逻辑工程师完成FPGA程序的编写、算法的设计仿真、FPGA调试； 4.配合高级逻辑工程师完成软硬件联合调试及相关开发文档编写。按要求对设计文件、资料进行整理、汇总、归档管理； 5.在设计开发过程中认真落实贯彻公司保密规定； 6.完成领导交办的其他事项。 二、任职资格： 教育背景: ◆通信、电子、计算机类相关专业本科以上学历。 经 验: ◆应届本科以上工作经验。 技能技巧: ◆了解Xilinx FPGA的开发流程和各类工具（Vivado/ISE/Modelsim等），熟悉Verilog设计； ◆熟悉FPGA设计流程（仿真，综合，布局布线，时序分析），能够在高级逻辑工程师指导下进行FPGA需求分析，芯片评估，器件选型并完成FPGA系统设计、代码开发、仿真和调试工作； ◆熟悉逻辑开发的基本概念，了解时序约束的原理和实现方法，如建立时间，保持时间，竞争冒险，消除毛刺的方法等等； ◆熟练使用FIFO、RAM、ROM、SDRAM等资源进行数据处理，掌握流控、反压、门限相关设计方法，掌握与上位机的各种通信方式，如寄存器、DMA等； ◆熟悉FPGA、ARM、MCU等开发流程； ◆了解各种常用接口，如JESD204B、PCIe、DDR3、DDR4、SPI、IIC、UART等接口的开发； ◆了解数字信号处理的基本原理； ◆英语水平良好，能熟练阅读英文技术资料； ◆有扎实的理论基础。 综合素质: ◆知识面广、善于与各类性格的人交往，善于沟通与交际； ◆有较强应变能力，有责任心，对人热情，良好的团队合作精神。 工作地点 郫都区成都智能信息产业园 以担保或任何理由索要财物，扣押证照，均涉嫌违法。一经发现， 立即举报,Verilog HDL,http://www.zhaopin.com/jobdetail/CCL1234276690J40986221604.htm?refcode=4019&srccode=401901&preactionid=24f8ff5d-b7ca-4189-b66e-0224dd77ed90
fpga工程师(应届生可培养),广东奥普特科技股份有限公司,6000-12000元,深圳·宝安·松岗,广州,本科,3-5年,7月26日,zhilian,职位描述 Verilog HDL 工业自动化/机器人 任职要求： 1.本科及以上学历，电子，计算机或自动化相关专业，英语六级优先。 2.数电、模电基础知识扎实，有FPGA设计经验。 3.良好的沟通能力，态度端正，有责任心，能承受一定工作压力。 4.有意往FPGA方向发展，从事机器视觉相关行业。 工作内容： 1.协助新产品的设计方案规划，并执行。 2.负责样机试产阶段的工作，如样机物料采购，实验测试，样机评审等。 3.负责小批量试产前的技术资料准备工作，包括产品电路原理图、BOM、PCB板图等。 4.完成领导安排的其他工作 工作地点 深圳宝安区松岗 以担保或任何理由索要财物，扣押证照，均涉嫌违法。一经发现， 立即举报,Verilog HDL,http://www.zhaopin.com/jobdetail/CC278982910J40790999406.htm?refcode=4019&srccode=401901&preactionid=24f8ff5d-b7ca-4189-b66e-0224dd77ed90
fpga工程师,合肥智皖电子科技有限公司,1.5-2.5万·13薪,合肥·蜀山·南岗,广州,本科,5-10年,11月18日,zhilian,岗位职责： 1、负责FPGA硬件平台的软件设计、开发与调试工作； 2、参与FPGA产品的需求分析与方案设计，确保产品功能实现； 3、优化FPGA程序性能，提升系统处理效率和稳定性； 4、与硬件工程师协作，完成从逻辑设计到产品交付的全流程开发； 5、撰写相关技术文档，包括设计文档、测试报告及用户手册等。 任职要求： 1、电子、计算机或相关专业本科及以上学历，5年以上开发经验； 2、精通Verilog或VHDL硬件描述语言，具备扎实的编程基础和逻辑思维能力； 3、熟悉Xilinx、Altera等主流FPGA开发工具与环境，有实际项目开发经验； 4、了解嵌入式系统原理，具备一定的硬件基础知识： 上班地点 工作地点 安徽省合肥市蜀山区高新技术开发区长宁大道与长安路交叉口向西100米天堂寨路进入 d3 2楼 以担保或任何理由索要财物，扣押证照，均涉嫌违法。一经发现， 立即举报,"Verilog HDL,VHDL",http://www.zhaopin.com/jobdetail/CC623370830J40821582110.htm?refcode=4019&srccode=401901&preactionid=24f8ff5d-b7ca-4189-b66e-0224dd77ed90
FPGA/数字测试工程师,软通动力信息技术(集团)股份有限公司,8000-12000元,南京·雨花台·雨花,广州,本科,1-3年,7月26日,zhilian,职位描述 Python Verilog HDL 半导体/芯片 工作职责： 1.负责一些简单数字模块的开发/验证工作，负责FPGA烧录后的测试工作； 2.负责客户一些简单FPGA问题的支撑。 任职要求： 1.具备良好的硬件/FPGA基础，了解硬件/FPGA测试相关知识，掌握硬件原理图/PCB阅读能力，能够读懂常见的模拟芯片数据手册； 2.电子信息类专业毕业，熟悉数电/模电等课程，熟悉相关工具软件及测试仪器仪表使用； 3.熟悉Verilog语言，有过verilog编程开发经验，熟悉xilinx FPGA相关知识，有FPGA开发测试经验者优先； 4.熟悉python脚本语言，有自动化测试脚本开发经者优先。 工作地点 雨花台区华为南京研究所 以担保或任何理由索要财物，扣押证照，均涉嫌违法。一经发现， 立即举报,"Python,Verilog HDL",http://www.zhaopin.com/jobdetail/CC000544460J40832800116.htm?refcode=4019&srccode=401901&preactionid=9c3c2562-110b-449c-862d-eff8efef27a4
fpga测试工程师,西安汇智众泽电子科技有限公司,1.6-3万,西安·雁塔·杜城,广州,本科,1-3年,9月2日,zhilian,岗位职责： 根据被测软件设计文档需求，按照GJB9433-2018要求，进行测试需求分析和策划、测试设计和实现，熟练使用静态测试工具及动态仿真测试工具进行测试执行，完成FPGA软件测试并总结测试过程中发现的问题，对被测软件进行评价。 岗位要求： 1.熟练使用VHDL、Verilog HDL语言及其编程准则和规范； 2.熟练使用ISE、Vivado、Quartus ||、Libero等FPGA软件开发工具； 3.熟练使用Modelsim、Questasim等FPGA软件仿真测试工具； 4.熟悉数字电路、模拟电路、数字通信原理等相关专业知识； 5.具有一定的FPGA软件开发经验或测试经验。 职位福利：年底双薪、带薪年假、包住、五险一金 工作地点 西安雁塔区西沣一级公路与锦业二路交叉口西北150米I都会1号楼2单元815 以担保或任何理由索要财物，扣押证照，均涉嫌违法。一经发现， 立即举报,"C语言,C++,Verilog,芯片设计,电路设计,芯片开发",http://www.zhaopin.com/jobdetail/CC823193760J40150745609.htm?refcode=4019&srccode=401901&preactionid=9c3c2562-110b-449c-862d-eff8efef27a4
fpga测试工程师,中科星图股份有限公司,8000-14000元,廊坊·三河市·高楼镇,广州,本科,1-3年,7月26日,zhilian,岗位职责： 1. 使用仿真验证工具进行FPGA软件验证，进行FPGA软件静态时序分析、规则检查、逻辑等效验证； 2. 组织/参与项目全流程工作，包括测试需求分析、制定测试计划，编写测试激励、生成测试数据、编写完成测试工作的相关文档； 3. 搭建测试环境，编写测试用例并执行测试用例，提交测试报告； 4. 参与板卡/单机接口、功能、性能等测试，对测试中发现的问题进行及时跟踪、反馈，重现，与开发协同解决问题； 5. 部门内项目资料文档的整理审核； 6. 其他。 任职要求： 1. 两年以上航天相关专业软件测评和测评相关工作经验； 2. 本科及以上学历，集成电路/电子/通讯/计算机/自动化控制相关专业，具有FPGA开发或验证经验优先； 3. 具有良好的电路基础，能够读懂电路图； 4. 熟悉Verilog/VHDL、Tcl等语言； 5. 熟悉vivado、Libero、Quartus等FPGA开发工具，ModelSim/VCS仿真工具之一； 6. 深入理解基于FPGA技术产品生命周期及开发流程，熟练掌握VHDL/Verilog HDL语言的RTL编码、逻辑综合和静态时序分析等技能； 7. 了解常用通信等协议以及校验算法； 8. 具有较强的团队合作精神，责任心强，具有较强的承压能力。 工作地点 河北省廊坊市三河市留山大街4号 以担保或任何理由索要财物，扣押证照，均涉嫌违法。一经发现， 立即举报,FPGA,http://www.zhaopin.com/jobdetail/CC142710110J40786526206.htm?refcode=4019&srccode=401901&preactionid=9c3c2562-110b-449c-862d-eff8efef27a4
FPGA测试工程师,天津智能轨道交通研究院有限公司,8000-12000元,北京·海淀·北下关,广州,本科,经验不限,7月25日,zhilian,"职位描述 Verilog HDL 半导体/芯片 【岗位定位】 专注于单板FPGA程序逻辑功能的正确性、时序和板级验证。 【核心职责】 1.参与制定FPGA验证策略，搭建仿真和板级测试环境。 2.编写和运行测试用例，进行功能仿真和时序分析。 3.协助硬件工程师进行调试和故障定位。 4.学习并使用不同的FPGA测试软件 【我们期待您】 了解FPGA开发流程和数字电路设计，熟悉VHDL/Verilog语言。 有使用仿真工具（如ModelSim, VCS）的经验者优先。 逻辑清晰，具备较强的分析和解决问题的能力。 工作地点 北京市海淀区大柳树路2号院(西区)附近 以担保或任何理由索要财物，扣押证照，均涉嫌违法。一经发现， 立即举报",Verilog HDL,http://www.zhaopin.com/jobdetail/CCL1355561550J40808340109.htm?refcode=4019&srccode=401901&preactionid=9c3c2562-110b-449c-862d-eff8efef27a4
FPGA工程师,河南翊轩光电科技有限公司,1-1.2万,郑州·金水·龙子湖,广州,本科,1-3年,7月26日,zhilian,岗位职责 1、负责无人机机载FPGA图像系统开发，配合RK3576/RK3588平台完成整套视觉链路协同开发； 2、实现GMSL/MIPI/LVDS等多路相机图像解串、时序接收、微秒级多传感器硬件同步； 3、基于FPGA实现图像预处理流水线：畸变校正、降噪、图像增强、缩放裁剪、红外伪彩、双光谱融合； 4、实现SLAM前端硬件加速：FAST/角点提取、光流跟踪等图像算子硬件化，减轻主控算力负载； 5、负责H264/H265视频编码、高速PCIe/千兆以太网数据传输、跨芯片数据交互； 6、负责系统时序收敛、稳定性优化、电磁兼容适配、机载环境工程化落地。 任职要求 1、本科及以上，电子、微电子、通信、自动化相关专业，熟练Verilog开发； 2、熟练FPGA图像流水线架构，熟悉图像处理基础算法； 3、有GMSL、MIPI、LVDS高速图像接口实战经验优先； 4、熟悉时序约束、时序收敛、流水线设计、状态机、跨时钟域处理； 5、熟悉PCIe/千兆网高速数据传输开发者优先； 6、有FPGA+瑞芯微平台联合开发经验、无人机/吊舱/视觉设备经验优先； 7、能独立完成模块设计、仿真、上板调试、问题定位。 工作地点 郑州市-金水区-木华广场(湖心五路南) 以担保或任何理由索要财物，扣押证照，均涉嫌违法。一经发现， 立即举报,"Verilog,Verilog HDL,VHDL,C++",http://www.zhaopin.com/jobdetail/CC247148480J40921987412.htm?refcode=4019&srccode=401901&preactionid=9c3c2562-110b-449c-862d-eff8efef27a4
电源软件-base深圳/东莞/西安,锐仕方达人才科技集团有限公司,1-1.7万,深圳·福田·沙头,广州,学历不限,经验不限,7月26日,zhilian,职位描述 FPGA开发 1、承担电源产品项目软件需求分析、概要设计、总体方案设计、详细方案设计、开发与测试平台建设、规范编写等工作； 2、组织解决项目疑难问题、网上难题攻关等任务； 3、参与技术、平台、产品规划，交付对应子项，支撑规划项目的完成。 任职要求： 1、电力电子、微电子、自动化等相关专业，具有良好模拟电路、数字电路基础，熟悉电源常用功率拓扑的工作原理； 2、熟悉应用C/C++语言及数据结构算法； 岗位技能： 1、具备独立开展电源类产品、平台或关键技术的软件需求分析，制定软件总体技术方案； 2、能熟悉应用C/C++进行产品开发、调试，熟悉数字电源产品常见拓扑以及控制算法(如CCM/DCM 多项交错 图腾柱PFC。三相维也纳PFC，多电平LLC等)，了解TI/ST等MCU底层驱动和应用； 3、具备较强的交流沟通能力，有服务器电源产品开发经验优先。 工作地点 深圳福田区超聚变技术有限公司A座 以担保或任何理由索要财物，扣押证照，均涉嫌违法。一经发现， 立即举报 客户,FPGA开发,http://www.zhaopin.com/jobdetail/CCL1236606730J40876946814.htm?refcode=4019&srccode=401901&preactionid=9c3c2562-110b-449c-862d-eff8efef27a4
fpga工程师,成都星象科技有限公司,1-2万·13薪,成都·武侯·肖家河,广州,本科,1-3年,3月30日,zhilian,岗位职责： 1. 主要负责FPGA开发，包括代码编写、仿真、时序约束、时序分析、调试和测试工作； 2. 编写相关的设计文档； 3. 熟练运用Verilog HDL语言，具有良好的编码风格，会使用仿真工具对逻辑代码进行仿真； 4. 熟悉VIVADO、ModelSim等逻辑开发工具，熟悉Xilinx的ZYNQ或7系列FPGA架构和开发流程； 素质要求： 1.优秀的沟通能力、理解能力； 2.思维活跃，工作态度积极，积极地学习并掌握新技术； 3.有良好的沟通和学习能力、较强的团队协作能力以及快速解决问题的能力； 4.可以承受工作压力，有良好乐观的心态； 5.具有责任意识、敬业诚信、对工作认真负责。 工作地点 四川省成都市武侯区肖家河科园三路4号 以担保或任何理由索要财物，扣押证照，均涉嫌违法。一经发现， 立即举报,"高速接口,FPGA,Verilog HDL,Modelsim,ADC,C语言",http://www.zhaopin.com/jobdetail/CC466984510J40380751108.htm?refcode=4019&srccode=401901&preactionid=9c3c2562-110b-449c-862d-eff8efef27a4
FPGA开发工程师,无锡锐莱伯光电科技有限公司,6000-12000元,无锡·新吴·鸿山,广州,大专,1-3年,7月15日,zhilian,岗位职责： 1、参与项目需求分析、系统架构设计，完成详细方案设计、编码实现和仿真验证工作 2、使用VHDL/Verilog语言完成复杂电路的FPGA的开发工作 3、协同测试人员完成或参与完成硬件调试工作 4、负责编写相关设计文档 任职要求： 1、掌握VHDL/Verilog语言 2、熟悉FPGA的设计流程和简单应用 3、掌握基本数字电子逻辑设计 4、熟悉Altera FPGA架构、Lattice FPGA架构或国产化FPGA平台者优先 5、熟悉运动控制等相关产品者优先 6、大专及以上学历，电子电路、微电子等相关专业，两年及以上相关经验 工作地点 新吴区无锡锐莱伯光电科技有限公司 以担保或任何理由索要财物，扣押证照，均涉嫌违法。一经发现， 立即举报,"VHDL,Verilog HDL,熟悉ALTERA FPGA架构,LATTICE FPGA架构,国产化FPGA平台",http://www.zhaopin.com/jobdetail/CC889405490J40895778113.htm?refcode=4019&srccode=401901&preactionid=9c3c2562-110b-449c-862d-eff8efef27a4
FPGA开发（图像）,科锐尔人力资源服务(苏州)有限公司,2-3万,西安·未央·三桥,广州,本科,5-10年,7月15日,zhilian,职位描述 Verilog HDL 图像 PCIe DDR 【任职要求】 •5年以上FPGA开发经验，至少2个完整图像处理或高速通信类项目交付经验； •精通Verilog/VHDL，熟练使用Vivado/Quartus工具链及仿真验证（VCS/ModelSim）； •深入理解图像信号处理流程（RAW域处理、色彩空间转换、去噪增强）或高速接口协议栈（物理层编码、链路训练、数据包解析）； •具备PCIe Endpoint设计、DDR控制器调优、或JESD204B多片同步经验者优先。 工作地点 未央区西安环普创新城A1楼，10层，11层 以担保或任何理由索要财物，扣押证照，均涉嫌违法。一经发现， 立即举报 客户,"Verilog HDL,图像,PCIe,DDR",http://www.zhaopin.com/jobdetail/CC453635220J40909392603.htm?refcode=4019&srccode=401901&preactionid=9c3c2562-110b-449c-862d-eff8efef27a4
fpga工程师,广东纳睿雷达科技股份有限公司,1.2-2.4万·16薪,珠海·香洲区·唐家湾镇,广州,本科,经验不限,6月27日,zhilian,岗位职责： 1.负责雷达设备中FPGA的设计与开发，按流程、规范完成所承担FPGA项目的分析、设计、实现和验证工作； 2.根据IP接口规范，设计子模块状态转移图； 3.实现相关子模块/IP核的RTL代码； 4.负责搭建子模块测试平台，编写测试用例，执行验证工作； 5.负责配合嵌入式工程师/硬件工程师完成电路板调试； 6.负责完成所承担工作的文档并输出给生产； 7.完成领导交办的其他工作。 任职要求： 1.本科及以上学历，电子信息工程、电子科学与技术、信号与信息处理、微电子科学与工程、集成电路设计与集成系统等相关专业； 2.熟练掌握Verilog语言及FPGA开发工具（Vivado/Quartus）； 3.熟悉FPGA设计及仿真验证流程，有FPGA板级调试经验； 4.英语六级或同等水平，具备英文技术文献阅读能力； 5.工作积极主动，具备良好的沟通能力、责任心及团队合作精神。 工作地点 珠海香洲区广东纳睿雷达科技股份有限公司 以担保或任何理由索要财物，扣押证照，均涉嫌违法。一经发现， 立即举报,"Verilog HDL,C++,Python,逻辑验证,FPGA,板级调试",http://www.zhaopin.com/jobdetail/CC673445620J40853611305.htm?refcode=4019&srccode=401901&preactionid=9c3c2562-110b-449c-862d-eff8efef27a4
fpga开发工程师,智来光电科技(苏州)有限公司,1.8-2.5万,苏州·昆山·玉山,广州,本科,3-5年,7月26日,zhilian,职位描述 图像处理 机器视觉 半导体/芯片 工作职责 负责图像产品中FPGA模块的需求分析、逻辑设计与代码实现，确保硬件功能满足高精度测量与控制要求。 主导高速接口（如PCIe、LVDS、Ethernet）的FPGA驱动开发，保障数据传输的稳定性与实时性。 参与FPGA原型验证与硬件调试，解决板级联调中的逻辑问题与时序约束难题。 编写FPGA设计文档与测试用例，推动团队技术规范与知识沉淀。 任职要求 本科及以上学历，电子工程、计算机或自动化相关专业，基础扎实。 掌握Verilog/VHDL硬件描述语言，熟悉Xilinx/Altera等主流FPGA平台的开发流程。 具备高速接口协议（如PCIe Gen3/4、SFP+）或数字信号处理（如FFT、滤波）的FPGA开发经验。 了解图像传感器行业的信号采集、数据处理等业务场景者优先。 工作地点 昆山市智来光电科技（苏州）有限公司 以担保或任何理由索要财物，扣押证照，均涉嫌违法。一经发现， 立即举报,"图像处理,机器视觉,半导体/芯片",http://www.zhaopin.com/jobdetail/CC484072330J40950860308.htm?refcode=4019&srccode=401901&preactionid=9c3c2562-110b-449c-862d-eff8efef27a4
嵌入式开发工程师,迪佳特能源科技(杭州)有限公司,6000-12000元,保定·涿州·刁窝,广州,本科,经验不限,7月21日,zhilian,岗位职责 1. 负责公司核心产品（地震勘探节点仪器及相关硬件设备）的嵌入式固件全流程开发，涵盖底层驱动开发、地震信号采集、数据预处理、通信协议栈搭建与优化等核心工作。 2. 针对地震勘探场景的特殊性，优化微弱地震信号采集算法、噪声抑制方案、滤波及相位补偿技术，保障信号采集的高精度、低失真。 3. 负责固件的低功耗设计与电源管理优化，提升产品在高温、低温、高湿度等极端环境下的运行稳定性和可靠性，以及续航能力。 4. 协同硬件研发团队完成产品调试工作，精准定位软硬件协同过程中的问题，高效完成适配调试，支持SPI/I2C/UART/CAN等通信接口、GPS/北斗定位模块、无线传输模块。 5. 负责专用数据通信协议的设计与实现，完成产品自校准、自检、断点续传等功能开发，确保产品兼容行业相关标准。 6. 编写固件开发文档、测试文档、用户手册等相关资料，负责固件版本管理、迭代优化，及时解决产品量产阶段及现场应用中的固件相关问题。 四、任职要求 1. 学历与专业：本科及以上学历，电子信息工程、自动化、计算机科学与技术、应用地球物理等相关专业。 2. 专业技能：精通C语言编程，熟练掌握中断管理、内存管理、指针操作等核心知识点；熟悉ARM/STM32/DSP等主流芯片架构，熟练使用Keil/IAR/GCC等开发工具，具备独立完成固件开发的能力。 3. 硬件与算法：能够独立开发ADC、SPI、I2C等常用外设驱动；掌握高精度信号采集、滤波、放大等相关算法。 4. 调试能力：具备硬件读图能力，能够熟练使用示波器、逻辑分析仪等测试设备，独立完成固件调试、故障定位与排查工作。 5. 开发经验：熟悉RTOS或裸机开发流程，有工业设备、野外环境设备固件开发经验者优先。 6. 加分项： l 有地震勘探仪器、MEMS传感器相关固件开发经验； l 熟悉GPS/北斗定位模块、LoRa/4G等无线传输技术的固件开发； l 了解SEG-Y和SEG-D地震数据格式标准； l 了解信号抗干扰设计相关技术； l 具备FPGA开发、高速数据传输相关经验。 7. 软素质：工作严谨负责，具备较强的抗压能力；善于团队协作，具备良好的沟通协调能力；热爱技术钻研，有强烈的学习意愿和创新意识。 五、福利待遇 1. 薪酬激励：提供行业内有竞争力的薪资待遇，包括基本工资+绩效工资+项目奖金+年终奖金，核心技术人才可享受股权激励，实现个人与公司共同成长。 2. 基础保障：缴纳五险一金，提供带薪年假，法定节假日正常休假。 3. 福利保障：节日福利（春节、中秋等）。 4. 职业发展：提供完善的技术培训、学术交流机会，助力员工提升专业技能；搭建技术、管理双通道晋升体系。 六、其他 邮件主题格式：嵌入式开发工程师 - 姓名 工作地点 保定涿州市涿州中关村和谷创新产业园 以担保或任何理由索要财物，扣押证照，均涉嫌违法。一经发现， 立即举报,"C语言,32位单片机,汇编语言,应用地球物理专业背景",http://www.zhaopin.com/jobdetail/CCL1526221450J40894296013.htm?refcode=4019&srccode=401901&preactionid=9c3c2562-110b-449c-862d-eff8efef27a4
fpga工程师/讲师,中科华积电(郑州)科技有限公司,1.1-1.6万,郑州·中原·石佛,广州,学历不限,经验不限,7月16日,zhilian,岗位职责】 1. 负责FPGA系统的设计和开发工作 2. 根据项目需求，独立进行模块设计、编码和测试 3. 能够根据课程大纲进行备课、讲课 4. 参与课程研发与优化 【岗位要求】 1. 电子、通信、计算机等相关专业； 2. 1年以上FPGA开发经验； 3. 熟练掌握Verilog/VHDL等硬件描述语言； 4. 熟悉Xilinx/Altera等主流FPGA芯片及其开发工具； 5. 熟悉IP核、存储器、图像接口、串口、高速接口等； 6. 具备较好的语言表达和沟通能力 7. 对教育培训和授课感兴趣，愿意和学生沟通交流 8. 有责任心，有耐心，具备一定抗压能力 【不要求有教学或讲课经验，入职后会有培训】 【您能获得】 1.基础需求有保障： 双休 + 五险一金 + 法定节假日 + 节日福利 + 春节过年14天假期 2.个人价值能实现： - 专业路径：新人——优秀讲师——学科负责人； - 管理路径：新人——优秀讲师——教学组长——教学主管。 【公司实力】 郑州中科集成电路与系统应用研究院由郑州市人民政府批准成立，是由郑州高新技术产业开发区管理委员会举办的事业法人单位。研究院坚持以“企业为主体，市场为导向、自主技术为核心、促进产业化为主线”，构建“政、产、学、研、用、金”六位一体的开放创新平台，建立政府支持、产学研结合、市场化运作的新型研发机构，在前瞻性技术研究、科技成果转化、重大项目攻关、科技人才培养等方面展开紧密合作，努力构建郑州市高端芯片创新研发和产业化集群高地，推动中原城市群集成电路及相关信息产业发展。 中科华积电科技有限公司是中科集成电路与系统应用研究院旗下集成电路人才培养公共服务平台运营单位，是一家集半导体产品开发、集成电路设计外包、行业投资等为一体的新型产教融合型科技企业。依托研究院核心研发团队，自主开发了一套集成电路产教融合体系，形成了集科技研发、实习实训、人才培养、创新创业为一体的综合集成电路平台。 工作地点 郑州中原区中科院微电子所中原研究院（西美大厦A座） 以担保或任何理由索要财物，扣押证照，均涉嫌违法。一经发现， 立即举报,"Verilog HDL,VHDL,仿真器,FPGA",http://www.zhaopin.com/jobdetail/CCL1463720460J40912754808.htm?refcode=4019&srccode=401901&preactionid=9c3c2562-110b-449c-862d-eff8efef27a4
FPGA开发工程师,盛鼎东方光学科技(深圳)有限公司,9000-12000元,深圳·宝安·新安,广州,本科,1-3年,7月26日,zhilian,岗位职责： 1、负责工业级机器视觉系统的算法设计与开发，包括图像预处理、特征提取、目标检测与缺陷识别等核心模块。 2、针对精密光学检测场景，优化深度学习模型（如CNN、Transformer）的推理速度与准确率，解决复杂光照、微小缺陷等实际问题。 3、参与硬件选型和设计，完成视觉系统与工业产线的集成调试，确保端到端检测流程的稳定性与实时性。 4、跟踪机器视觉领域前沿技术，与其他先进成像技术协同，推动算法创新与工程化落地，提升产品的核心竞争力。 任职要求： 1、本科及以上学历，计算机、自动化、光学工程等相关专业，基础扎实。 2、精通C++/Python编程语言，熟练使用OpenCV、TensorFlow/PyTorch等主流视觉算法框架。 3、具备1-3年机器视觉算法研发经验，有3D成像和工业检测（如表面缺陷、尺寸测量）项目落地案例优先。 4、熟悉相机标定、镜头选型等硬件知识，能独立完成视觉系统的方案设计与性能调优。 5、具备良好的项目管理能力和较强的团队协作意识。 注：优秀大三实习生亦可接受 工作地点 广东省深圳市宝安区留仙一路2号高新奇产业园2期二号楼603 以担保或任何理由索要财物，扣押证照，均涉嫌违法。一经发现， 立即举报,"C++,Python,TensorFlow,pytorch",http://www.zhaopin.com/jobdetail/CCL1523679100J40955922815.htm?refcode=4019&srccode=401901&preactionid=9c3c2562-110b-449c-862d-eff8efef27a4
fpga开发工程师,中软国际,面议,西安·雁塔·鱼化寨,广州,本科,5-10年,11月13日,zhilian,职位描述 FPGA 网络协议 嵌入式硬件开发 FPGA开发，有交换机架构、网络协议重写经验 工作地点 雁塔区中软国际西安科技园 以担保或任何理由索要财物，扣押证照，均涉嫌违法。一经发现， 立即举报,"FPGA,网络协议,嵌入式硬件开发",http://www.zhaopin.com/jobdetail/CC508620120J40470742612.htm?refcode=4019&srccode=401901&preactionid=9c3c2562-110b-449c-862d-eff8efef27a4
FPGA工程师,武汉市智通人力资源公司,1.5-3万·14薪,清远·清城区,广州,本科,3-5年,7月26日,zhilian,岗位职责 1）根据项目需求转换成固件需求，编写FPGA固件的整体方案； 2）分解功能模块，编写通信协议，完成代码设计； 3）根据通信协议调试代码，实现射频电源功能需求，协助上位机完成软件开发； 4）协助硬件工程师完成模块以及整机功能、性能调试和测试。 任职要求 1）本科及以上，电子技术、自动控制、仪器仪表或相关专业，3年以上工作经验； 2）模拟电路、数字电路基础知识，熟悉EDA原理图设计，能理解电路原理图； 3）掌握VHDL、Verilog设计语言；掌握FPGA设计开发环境；熟悉高速信号PCB设计要求； 4）能够使用Xilinx或Altera的FPGA行产品开发； 5）能够使用FPGA对高速ADC、DAC、DDS相关外围设备进行控制； 6）射频电源控制方面工作经验优先考虑。 工作地点 清远清城区先导公司 以担保或任何理由索要财物，扣押证照，均涉嫌违法。一经发现， 立即举报 客户,"VHDL,Verilog HDL",http://www.zhaopin.com/jobdetail/CC262851910J40900003403.htm?refcode=4019&srccode=401901&preactionid=9c3c2562-110b-449c-862d-eff8efef27a4
FPGA开发工程师（合肥）,国科电雷(北京)电子装备技术有限公司,1.8-3.5万·13薪,合肥·蜀山·莲花社区,广州,本科,3-5年,6月27日,zhilian,职位描述 Verilog Vivado Modelsim VHDL 数字信号处理 MATLAB 电路设计 通信/网络设备 半导体/芯片 一、职位描述： 1、根据项目需求，完成FPGA的需求规格说明，代码编写、仿真验证以及烧录； 2、配合项目总师完成联合调试工作； 3、配合客户参与产品联调、适配及验收。 二、任职资格： 1、具有电子工程相关专业的本科以上学历； 2、熟悉FPGA开发流程，两年以上FPGA产品开发经验； 3、精通Verilog/VHDL语言，熟练使用VIVADO/ISE、Quartus、Modelsim等开发工具； 4、熟悉Xilinx/Altera公司的主流FPGA产品系列，具有相关项目开发经验； 5、熟悉常见高速接口(PCIE，SRIO，DDR3/4，千兆以太网等)，有高速接口开发经验优先； 6、具备较强的逻辑分析和独立解决问题的能力，具有良好的团队精神。 三、优先条件 1．具有2年以上大规模FPGA系统设计编程经验者优先； 2．具有雷达开发行业相关工作经验者优先。 职位福利：大牛带队、项目奖金、周末双休、定期团建、带薪年假、节日福利 工作地点 合肥市-蜀山区-香馨科创中心7楼 以担保或任何理由索要财物，扣押证照，均涉嫌违法。一经发现， 立即举报,"Verilog,Vivado,Modelsim,VHDL,数字信号处理,MATLAB,电路设计",http://www.zhaopin.com/jobdetail/CC828175270J00265106411.htm?refcode=4019&srccode=401901&preactionid=9c3c2562-110b-449c-862d-eff8efef27a4
FPGA工程师（校招）,成都汇蓉国科微系统技术有限公司,1-2万·13薪,成都·双流·兴隆,广州,本科,经验不限,6月11日,zhilian,岗位职责： 1.负责雷达系统（相控阵雷达、反无人机系统等）中FPGA模块的逻辑设计、编码、仿真与调试； 2.参与雷达信号处理算法（如DDC、DBF、脉冲压缩、MTI/MTD、CFAR等）的RTL实现与验证； 3.协助完成高速接口（JESD204B、Aurora、PCIe、SRIO、千兆/万兆以太网等）的逻辑开发与数据收发测试； 4.配合硬件工程师完成数字板卡、射频前端联调，参与时序分析与资源优化； 5.参与系统方案讨论、FPGA选型评估，编写相关设计文档与测试报告； 6. 与算法、软件、硬件团队协作，完成系统联调与外场试验支持。 任职要求： 1. 本科及以上学历；电子信息、通信工程、自动化、计算机等相关专业； 2. 扎实掌握数字电路、信号与系统、数字信号处理等专业课程； 3. 熟悉C/Verilog/VHDL硬件描述语言，具备FPGA基础开发能力（仿真、综合、板级调试）； 4.了解Vitis、Vivado、Modelsim等EDA工具，有开发板或课程项目实践经验； 5.了解雷达或通信系统基本原理（如脉冲雷达、LFM、DDC、FFT等）； 6.逻辑清晰，具备良好的学习能力和团队合作精神，能够承受一定的工作压力； 优先条件 ： 参加过电子设计竞赛、雷达/通信相关竞赛并获奖； 有独立完成的FPGA项目（如数字滤波器、波形发生器、简易接口控制器等）； 熟悉Xilinx Zynq系列，了解AXI总线或嵌入式PS开发； 了解高速接口协议或有实际调试经验； 熟练使用MATLAB进行信号仿真或算法验证； 有软件无线电（SDR）、相控阵或雷达相关实验室科研经历。 工作地点 成都双流区天府海创园一期4号楼4楼（与瑞幸同一栋） 以担保或任何理由索要财物，扣押证照，均涉嫌违法。一经发现， 立即举报,"Verilog HDL,System Verilog,汇编语言,雷达,逻辑",http://www.zhaopin.com/jobdetail/CC502659180J40902201603.htm?refcode=4019&srccode=401901&preactionid=9c3c2562-110b-449c-862d-eff8efef27a4
FPGA开发工程师,南京国立电子科技有限公司,1-2万·13薪,南京·栖霞·马群,广州,本科,3-5年,7月26日,zhilian,岗位职责： 1.负责FPGA逻辑设计 2.根据部门工作安排，承担其他FPGA相关研发工作 任职要求： 1.本科及以上学历，计算机、电子、通信工程、自动化类专业 2.熟悉Xilinx/Altera 系列芯片和开发环境 3.熟悉常见接口如：GTX，PCIE，以太网，DDR，SPI，IIC，UART等；了解具体协议，有开发经验者优先 4.具有丰富的ADC/DAC高低速接口开发和调试经验的优先 5.具有FPGA开发经验，能够熟练使用示波器、万用表、信号源、频谱仪等调试工具 职位福利：周末双休、五险一金、带薪年假、餐补、交通补助、员工食堂 工作地点 南京栖霞区金马智汇科技产业园9栋6楼 以担保或任何理由索要财物，扣押证照，均涉嫌违法。一经发现， 立即举报,ADC/DAC,http://www.zhaopin.com/jobdetail/CC636077580J40324849213.htm?refcode=4019&srccode=401901&preactionid=9c3c2562-110b-449c-862d-eff8efef27a4
fpga测试工程师,赛瑞测评(西安)科技有限公司,7000-13000元,成都·郫都·犀浦,广州,本科,3-5年,4月29日,zhilian,职位描述 Verilog HDL VHDL FPGA测试方案设计 硬件故障定位 自动化测试环境搭建 工作职责 1. 负责FPGA芯片及板卡的功能测试、性能测试与兼容性测试方案设计及执行。 2. 基于Verilog/VHDL语言编写测试用例，搭建自动化测试环境，提升测试效率。 3. 分析测试数据并定位硬件故障，输出详细的测试报告与问题改进建议。 4. 参与测试流程优化，推动测试标准与规范的落地执行。 任职要求 1. 本科及以上学历，电子信息、自动化、计算机等相关专业。 2. 掌握FPGA硬件测试原理，熟悉JTAG、边界扫描等测试技术。 3. 具备Verilog/VHDL编程基础，能独立编写测试脚本与测试用例。 4. 熟悉示波器、逻辑分析仪等测试仪器的使用，具备硬件问题定位能力。 5. 具备良好的逻辑思维与问题分析能力，能独立完成复杂测试任务。 工作地点 成都市-郫都区-天辰路88号3-1=2 以担保或任何理由索要财物，扣押证照，均涉嫌违法。一经发现， 立即举报,"Verilog HDL,VHDL,FPGA测试方案设计,硬件故障定位,自动化测试环境搭建",http://www.zhaopin.com/jobdetail/CCL1515309380J40878470313.htm?refcode=4019&srccode=401901&preactionid=2968c100-ca15-4cb4-a71a-d7e1de5072f3
FPGA工程师（科研助理2）,中国人民解放军军事科学院国防科技创新研究院,2-4万,长沙·长沙·泉塘,广州,本科,经验不限,7月17日,zhilian,岗位职责： 1、参与软硬件协同验证环境建设，协同软、硬件开发人员共同完成系统联调和测试； 2、承担FPGA项目的方案制定、器件选型、详细设计、代码编程、验证平台的搭建和仿真； 3、构建可重用验证FPGA平台，开发FPGA集成设计仿真原型平台。 4、协助完成项目相关文档编写工作； 任职要求： 1、计算机、电子和通信等相关专业，硕士毕业，或本科毕业有两年以上技术行业相关领域工作经历； 2、熟悉Verilog或SystemVerilog； 3、熟悉Xilinx或Altera FPGA设计软件； 4、熟悉FPGA开发相关的流程，有FPGA开发经验者优先。 5. 具有良好的沟通、团队协作能力，能以结果为导向，能承受压力并实现工作目标。 其他事项： 优秀者薪资面议 工作地点 湖南省长沙市长沙县盼盼路 以担保或任何理由索要财物，扣押证照，均涉嫌违法。一经发现， 立即举报,System Verilog,http://www.zhaopin.com/jobdetail/CCL1251034670J40685027110.htm?refcode=4019&srccode=401901&preactionid=2a9bb3e3-a024-401b-974f-f79b3613a787
fpga测试工程师,赛瑞测评(西安)科技有限公司,9000-13000元,石家庄·桥西·振头,广州,本科,3-5年,7月26日,zhilian,职位描述 Verilog HDL VHDL FPGA测试方案设计 硬件故障定位 自动化测试环境搭建 工作职责 1. 负责FPGA芯片及板卡的功能测试、性能测试与兼容性测试方案设计及执行。 2. 基于Verilog/VHDL语言编写测试用例，搭建自动化测试环境，提升测试效率。 3. 分析测试数据并定位硬件故障，输出详细的测试报告与问题改进建议。 4. 参与测试流程优化，推动测试标准与规范的落地执行。 任职要求 1. 本科及以上学历，电子信息、自动化、计算机等相关专业。 2. 掌握FPGA硬件测试原理，熟悉JTAG、边界扫描等测试技术。 3. 具备Verilog/VHDL编程基础，能独立编写测试脚本与测试用例。 4. 熟悉示波器、逻辑分析仪等测试仪器的使用，具备硬件问题定位能力。 5. 具备良好的逻辑思维与问题分析能力，能独立完成复杂测试任务。 工作地点 石家庄桥西区紫金大厦6楼 以担保或任何理由索要财物，扣押证照，均涉嫌违法。一经发现， 立即举报,"Verilog HDL,VHDL,FPGA测试方案设计,硬件故障定位,自动化测试环境搭建",http://www.zhaopin.com/jobdetail/CCL1515309380J40878470113.htm?refcode=4019&srccode=401901&preactionid=2a9bb3e3-a024-401b-974f-f79b3613a787
fpga开发工程师,软通动力信息技术(集团)股份有限公司,1-1.7万,深圳·龙岗·平湖,广州,本科,1-3年,7月21日,zhilian,职位描述 Verilog HDL VHDL FPGA逻辑设计 高速接口设计 FPGA板级调试 工作职责 1. 负责FPGA芯片的逻辑设计、仿真验证及原型开发，基于Verilog/VHDL实现算法硬件加速方案。 2. 参与FPGA系统架构规划，包括高速接口（PCIe、DDR、Ethernet）设计与时序约束优化。 3. 主导FPGA板级调试与性能优化，解决硬件逻辑与软件协同工作中的关键问题。 4. 输出FPGA设计文档、测试报告，推动团队技术规范与流程落地。 任职要求 1. 电子信息、计算机、自动化等相关专业本科及以上学历，基础扎实。 2. 精通Verilog/VHDL硬件描述语言，熟练使用Vivado/Quartus等主流FPGA开发工具。 3. 具备FPGA逻辑设计、时序分析、静态时序验证（STA）经验，熟悉高速接口协议。 4. 有算法硬件加速（如AI推理、信号处理）或大规模FPGA项目开发经验者优先。 工作地点 深圳龙岗区平湖智造园 以担保或任何理由索要财物，扣押证照，均涉嫌违法。一经发现， 立即举报,"Verilog HDL,VHDL,FPGA逻辑设计,高速接口设计,FPGA板级调试",http://www.zhaopin.com/jobdetail/CC000544460J40827639616.htm?refcode=4019&srccode=401901&preactionid=2a9bb3e3-a024-401b-974f-f79b3613a787
FPGA测试工程师,中科星图股份有限公司,8000-14000元,廊坊·三河市·高楼镇,广州,本科,1-3年,7月23日,zhilian,岗位职责： 1. 使用仿真验证工具进行FPGA软件验证，进行FPGA软件静态时序分析、规则检查、逻辑等效验证； 2. 组织/参与项目全流程工作，包括测试需求分析、制定测试计划，编写测试激励、生成测试数据、编写完成测试工作的相关文档； 3. 搭建测试环境，编写测试用例并执行测试用例，提交测试报告； 4. 参与板卡/单机接口、功能、性能等测试，对测试中发现的问题进行及时跟踪、反馈，重现，与开发协同解决问题； 5. 部门内项目资料文档的整理审核； 6. 其他。 任职要求： 1. 两年以上航天相关专业软件测评和测评相关工作经验； 2. 本科及以上学历，集成电路/电子/通讯/计算机/自动化控制相关专业，具有FPGA开发或验证经验优先； 3. 具有良好的电路基础，能够读懂电路图； 4. 熟悉Verilog/VHDL、Tcl等语言； 5. 熟悉vivado、Libero、Quartus等FPGA开发工具，ModelSim/VCS仿真工具之一； 6. 深入理解基于FPGA技术产品生命周期及开发流程，熟练掌握VHDL/Verilog HDL语言的RTL编码、逻辑综合和静态时序分析等技能； 7. 了解常用通信等协议以及校验算法； 8. 具有较强的团队合作精神，责任心强，具有较强的承压能力。 工作地点 河北省廊坊市三河市留山大街4号 以担保或任何理由索要财物，扣押证照，均涉嫌违法。一经发现， 立即举报,FPGA,http://www.zhaopin.com/jobdetail/CC142710110J40787295806.htm?refcode=4019&srccode=401901&preactionid=43ec8ae6-6f1a-4b92-afc8-719c943d84c8
FPGA工程师,合肥海特微波科技有限公司,1.5-2万,合肥·蜀山·高新区,广州,本科,3-5年,7月25日,zhilian,岗位职责： 1、负责分析项目中FPGA的设计需求，提供FPGA设计方案； 2、负责完成产品FPGA详细设计和资料编写； 3、负责编写FPGA模块逻辑代码与软硬件系统联试； 4、负责FPGA新技术的调研和技术攻关。 任职要求： 1、计算机、通信、电子类、自动化等专业毕业，3年以上工作经验； 2、具有丰富的FPGA设计经验，精通VHDL或Verilog语言； 3、可独立完成模块的逻辑设计仿真时序分析和约束； 4、具备独立工作能力和解决问题的能力，善于沟通，乐于合作，热衷新技术，善于总结分享，热爱动手实践。 工作地点 合肥蜀山区海特微波 以担保或任何理由索要财物，扣押证照，均涉嫌违法。一经发现， 立即举报,"VHDL,Verilog HDL",http://www.zhaopin.com/jobdetail/CC276524880J40880191812.htm?refcode=4019&srccode=401901&preactionid=ccbb34bd-e5ed-4eb9-b7d0-46ab7c60c690
FPGA软件工程师,麦格米特,1.5-3万,长沙·长沙·榔梨,广州,硕士,经验不限,7月24日,zhilian,岗位职责: 1、电源相关FPGA程序编写、模块设计与调试； 2、配合其他软件工程师和硬件工程师进行系统联调，解决调试过程中的问题； 3、负责编写开发过程中各种技术文档； 4、完成上级交办的其他任务。 任职资格: 1、硕士及以上学历或者985/211院校本科，电力电子、电气自动化等相关专业； 2、能熟练使用Verilog编写并调试复杂FPGA程序；同时熟悉DSP或其他MCU者优先； 3、工作责任感强，具备较好的钻研精神，团队合作性强，有良好的沟通表达和解决问题的能力； 4、熟悉开关电源相关拓扑、调制及控制方式；具备电源行业相关岗位经验者优先。 工作地点 湖南省长沙市长沙县19梨街道红树坡路76号 以担保或任何理由索要财物，扣押证照，均涉嫌违法。一经发现， 立即举报,半导体/芯片,http://www.zhaopin.com/jobdetail/CC154405010J40858759205.htm?refcode=4019&srccode=401901&preactionid=ccbb34bd-e5ed-4eb9-b7d0-46ab7c60c690
fpga助理工程师,智来光电科技(苏州)有限公司,1.5-2.2万,苏州·昆山·玉山,广州,硕士,经验不限,7月25日,zhilian,职位描述 半导体/芯片 工业自动化/机器人 人工智能 工作职责 负责图像产品中FPGA模块的需求分析、逻辑设计与代码实现，确保硬件功能满足高精度测量与控制要求。 主导高速接口（如PCIe、LVDS、Ethernet）的FPGA驱动开发，保障数据传输的稳定性与实时性。 参与FPGA原型验证与硬件调试，解决板级联调中的逻辑问题与时序约束难题。 编写FPGA设计文档与测试用例，推动团队技术规范与知识沉淀。 任职要求 硕士及以上学历，电子工程、计算机或自动化相关专业，基础扎实。 掌握Verilog/VHDL硬件描述语言，熟悉Xilinx/Altera等主流FPGA平台的开发流程。 具备高速接口协议（如PCIe Gen3/4、SFP+）或数字信号处理（如FFT、滤波）的FPGA开发经验。 了解仪器仪表行业的信号采集、数据处理等业务场景者优先。 工作地点 苏州昆山市昆山模具路61号1号厂房2楼 以担保或任何理由索要财物，扣押证照，均涉嫌违法。一经发现， 立即举报,"半导体/芯片,工业自动化/机器人,人工智能",http://www.zhaopin.com/jobdetail/CC484072330J40950861008.htm?refcode=4019&srccode=401901&preactionid=ccbb34bd-e5ed-4eb9-b7d0-46ab7c60c690
fpga开发工程师,中软国际,面议,成都·青羊·苏坡,广州,本科,1-3年,7月24日,zhilian,岗位职责： 1、负责公司FPGA相关产品需求分析、需求管理、架构设计、FPGA设计文档编写。 2、负责FPGA代码的开发及仿真，参与上板调试以及客户问题的维护。 3、负责配合产品软硬件人员进行系统联调以及问题的定位。 4、负责完成嵌入式软件与FPGA软件外场升级工作 任职要求： 1、统招本科及以上学历，2年以上FPGA开发相关工作经验； 2、熟悉民用航空产品电子硬件设计和开发原理及过程的优先； 工作地点 青羊区成都凯天电子股份有限公司 以担保或任何理由索要财物，扣押证照，均涉嫌违法。一经发现， 立即举报,船舶/航空/航天/军工,http://www.zhaopin.com/jobdetail/CC508620120J40923400912.htm?refcode=4019&srccode=401901&preactionid=ccbb34bd-e5ed-4eb9-b7d0-46ab7c60c690
研发工程师,浙江康阔光智能科技有限公司,8000-13000元,嘉兴·平湖市·钟埭街道,广州,本科,经验不限,7月2日,zhilian,岗位职责要求 1、负责FPGA代码编写修改、仿真验证等； 2、负责实现高速数据采集相关的协议的开发、实现与维护； 3、负责完成方案设计文档、自测文档及其他发布文档的编写； 4、能胜任出差。 招聘条件 1.本科或以上学历，具有通信、计算机、自控、电子等相关专业的知识； 2.具有Verilog或VHDL开发经验； 3.具有基本的电气原理图的阅读分析能力； 4.熟悉Xilinx FPGA器件、开发环境及仿真调试工具； 5.具有高速数据采集、分析等FPGA项目开发经验者从优； 6.具有光纤电流传感器或光纤陀螺丰富的实战经验从优； 7.具备良好的职业道德、敬业和团队合作精神； 8.为人正直、吃苦耐劳、沟通能力佳、工作认真、细致、踏实、学习能力强等。 工作地点 嘉兴平湖市宏建路2199号领军人才创业园7号楼7号楼 以担保或任何理由索要财物，扣押证照，均涉嫌违法。一经发现， 立即举报,"Verilog HDL,C++",http://www.zhaopin.com/jobdetail/CCL1212613750J40843927705.htm?refcode=4019&srccode=401901&preactionid=ccbb34bd-e5ed-4eb9-b7d0-46ab7c60c690
FPGA工程师（质谱仪研发）,湖南格致分析仪器有限公司,1.5-3万,岳阳·岳阳楼区·康王乡,广州,本科,经验不限,7月23日,zhilian,岗位职责 1. 负责质谱仪FPGA整体方案设计、器件选型，基于Verilog完成功能模块开发、仿真调试； 2. 开发离子源灯丝、高压时序、真空检测等设备控制逻辑，实现整机电控协同运行； 3. 完成电子倍增器等微弱信号采集，通过FPGA实现滤波、基线校正、峰解卷积等谱图信号处理； 4. 调试JESD204B、LVDS、以太网、ADC/DAC等高速接口，打通FPGA与上位机、MCU数据传输链路； 5. 排查时序异常、电磁干扰、数据丢包等硬件问题，配合完成整机联调、性能标定； 6. 输出配套设计文档，沉淀可复用仪器专用FPGA模块，配合科研项目研发相关工作。 任职要求 1. 电子信息、自动化、精密仪器等相关专业，本科及以上学历，具备FPGA独立开发经验； 2. 熟练使用Verilog语言，精通Vivado开发工具，掌握跨时钟域、时序约束与时序收敛优化； 3. 熟悉高速ADC/DAC、LVDS、千兆网等接口开发，具备小信号采集、噪声优化经验； 4. 能够将信号处理算法转化为FPGA硬件逻辑，有流水线、定点化开发经验； 5. 优先考虑：有质谱/光谱分析仪器研发经验、了解真空高压控制系。 工作地点 岳阳岳阳楼区湖南格致分析仪器有限公司17 栋 501、502、503、504 号 以担保或任何理由索要财物，扣押证照，均涉嫌违法。一经发现， 立即举报,FPGA,http://www.zhaopin.com/jobdetail/CCL1390753740J40856760201.htm?refcode=4019&srccode=401901&preactionid=ccbb34bd-e5ed-4eb9-b7d0-46ab7c60c690
软件设计（FPGA）,合肥美亚光电技术股份有限公司,2-3万·15薪,合肥·蜀山·南岗,广州,本科,经验不限,7月24日,zhilian,岗位职责: 1、负责智能产品高速通信架构的设计、高速通信接口的开发与调试； 2、负责医疗图像处理方案的设计、实现及优化，提升图像显示质量； 3、负责软件架构及时序优化，提升系统处理速度； 4、编写软件设计方案、软件测试用例和软件功能发布说明。 任职资格: 1、本科及以上学历， 电子、通信、自动化等相关专业； 2、具备高速通讯架构设计、高速时序设计、图像压缩等相关项目经历； 3、具备数字图像处理ISP项目开发相关经历者优先； 4、具备国产FPGA平台开发相关经历者优先； 5、熟练掌握硬件描述语言verilog； 6、熟练掌握高速通讯接口的原理及使用；熟练掌握图像处理算法、高速时序设计等原理. 工作地点 合肥蜀山区望江西路 以担保或任何理由索要财物，扣押证照，均涉嫌违法。一经发现， 立即举报,"FPGA,高速通信,数字图像处理了",http://www.zhaopin.com/jobdetail/CC157321620J40865926309.htm?refcode=4019&srccode=401901&preactionid=ccbb34bd-e5ed-4eb9-b7d0-46ab7c60c690
FPGA开发工程师,深圳力合精密装备科技有限公司,1.5-2.5万,深圳·宝安·沙井,广州,本科,3-5年,7月17日,zhilian,岗位职责：(可接受应往届对口专业毕业生) 1、负责测量机相关产品的FPGA开发，包括需求分析、架构和方案设计、RTL代码编写、模块设计仿真、测试验证； 2、配合硬件及上位机软件工程师进行系统联调测试，攻关解决开发过程遇到的问题； 3、撰写FPGA功能设计说明书，描述功能设计架构/数据流程图； 4、参与产品系统方案评审，提升产品设计质量； 5、参与产品的新技术预研及在线产品的维护，协助解决售后反馈的问题。 岗位要求（学历、专业、经验、技能等）： 1、本科以上学历，计算机/电子类相关专业，三年以上工作经验； 2、精通FPGA设计流程和Verilog设计语言，具备实际开发调试经验； 3、精通Altera、anlogic（安路）、Gowin（高云）中一款FPGA及相关开发平台； 4、熟练掌握相关通讯接口：TCP/IP、SPI、LVDS、UART、I2C等； 5、具有良好的团队合作精神和沟通协调能力，有独立攻关解决问题的能力； 6、具备多轴运动控制开发经验，熟悉电机PID控制算法者优先。 工作地点 宝安区深圳力合精密装备科技有限公司 以担保或任何理由索要财物，扣押证照，均涉嫌违法。一经发现， 立即举报,"ALTERA、ANLOGIC安路,GOWIN（高云）,Verilog HDL",http://www.zhaopin.com/jobdetail/CC538237280J40850639313.htm?refcode=4019&srccode=401901&preactionid=ccbb34bd-e5ed-4eb9-b7d0-46ab7c60c690
FPGA开发工程师,上海介方信息技术有限公司,1.2-2万·14薪,长沙·开福·新河,广州,本科,3-5年,7月24日,zhilian,"岗位职责： 1、负责开发FPGA上的驱动及底软，主要涉及高速总线/网络协议的配置、调试和封装； 2、承担SoC的硬件设计和通信协议开发、封装； 3、负责与市场人员或客户进行沟通，对底层逻辑功能和接口定义进行规划； 4、参与客户现场的调试工作，对调试现场出现的问题能够进行总结，并向客户以文档的形式汇报。 岗位要求： 1、本科及以上学历，通信、物联网、计算机软件、自动化等相关专业； 2、具有2年以上独立完成FPGA项目经验； 3、熟悉Xilinx公司的Vivado、ISE等开发工具； 4、熟悉主流FPGA芯片，精通Verilog语言，熟练掌握FPGA设计及仿真验证流程，能独立完成FPGA设计、实现和调试； 5、具备较强的沟通协调能力，目标导向性强、良好的第一性思维能力，学习能力强； 6、熟悉高速接口GTX/GTH设计,有RapidIO、PCIe、以太网、FC、LVDS相关接口开发经验者优先； 7、有软件无线电领域从业经验者优先，熟悉Xilinx ZYNQ系列芯片开发者优先。 工作地点 长沙开福区凤凰天阶苑-2栋34036 以担保或任何理由索要财物，扣押证照，均涉嫌违法。一经发现， 立即举报",VHDL,http://www.zhaopin.com/jobdetail/CC347646830J40873352714.htm?refcode=4019&srccode=401901&preactionid=ccbb34bd-e5ed-4eb9-b7d0-46ab7c60c690
FPGA IP 工程师,艾可萨科技(成都)有限公司,1.2-2.4万·13薪,成都·成华·跳蹬河,广州,本科,经验不限,6月28日,zhilian,岗位职责 在团队负责人指导下，承接 1-2 个 IP 模块的端到端交付：设计、验证、上板、回归 重点 IP 模块：NVMe Controller、RAID IP、跨盘条带化、高吞吐数据通路、 CRC / ECC 硬化、异步事件触发（AEN）等 参与 FPGA 软核功能向硬 IP 下沉的工程实践 参与 FW / 硬件 / SSD 控制器之间的接口定义与协同调试 与团队共同推进工程方法论的迭代 任职要求 数字 IC / FPGA 实战经验 2-3 年起步（应届优秀者也欢迎，但项目经历要扎实 Verilog / SystemVerilog 工程化经验，写得出可综合、可仿真、可维护的代码 单点 IP 模块的深度积累（NVMe / RAID / DDR / NAND / 高速接口 任一深入即可） Testbench 自动化、仿真覆盖率分析经验 愿意学新东西、愿意把工程经验沉淀成可复用资产的工程师 加分项 1. 存储控制器 / 闪存接口 / PCIe 总线相关项目经验 2. 综合时序收敛实战经 3. 开源 FPGA 项目贡献或个人技术博客 / 文档积累 4. 跨芯片协同 / 多 FPGA 联调经验 5. 日常用 AI 辅助开发（Cursor / Claude / Copilot / 自建 Agent 等任意工具组合）写 RTL/ 写 Testbench / 排时序 / 看波形的真实经验 我们提供 1.跟资深 Lead 学习平台级架构思维的机会 2.真实的星载产品项目，从设计到上板的全链路参与 3.清晰的技术成长路径（IP 工程师 → 资深 IP → 模块 Owner → 架构方向 4.把 AI 辅助开发用进日常 IP 设计的开放环境，工具自由、试错自由 5.五险一金 / 节日福利 / 工程师文化 6.薪资：面议（依个人能力与项目经历定级；可对标成都主流半导体公司同级别） 工作地点 成华区艾可萨科技(成都)有限公司 以担保或任何理由索要财物，扣押证照，均涉嫌违法。一经发现， 立即举报,"DDR,SATA,NVME",http://www.zhaopin.com/jobdetail/CC821658910J40871088110.htm?refcode=4019&srccode=401901&preactionid=ccbb34bd-e5ed-4eb9-b7d0-46ab7c60c690
FPGA开发工程师,积成电子,1.2-1.6万·14薪,济南·历城·孙村,广州,本科,3-5年,7月20日,zhilian,岗位职责： 1、评估FPGA技术方案，承担FPGA功能模块的架构与单元设计； 2、 使用Verilog或VHDL完成RTL级代码开发，符合设计规范； 3、负责FPGA模块功能仿真、时序优化和板级调试，确保功能和性能满足设计要求； 4、协同软硬件工程师完成产品联调测试，定位并解决FPGA相关技术问题； 5、编写及维护FPGA设计、测试等相关文档。 岗位要求： 1、本科及以上学历，电子信息、通信、自动化、微电子等相关专业； 2、2年及以上FPGA开发工作经验，具备扎实的数字电路基础，熟练掌握Verilog/VHDL硬件描述语言，可独立完成RTL代码编写与调试； 3、具有Xilinx、Intel或国产FPGA中一种及以上芯片的使用经验，掌握FPGA开发全部流程； 4、具备UART、SPI、I2C等常用接口开发经验，有以太网、LVDS高速接口开发经验者优先； 5、能够独立完成RTL模块功能仿真，时序报告分析，时序优化收敛，熟练使用示波器、逻辑分析仪进行板级调试； 6、具备良好的团队协作意识，能够配合软硬件团队完成系统联调测试，规范输出技术文档。 工作地点 济南历城区积成电子股份有限公司(科航路园区) 以担保或任何理由索要财物，扣押证照，均涉嫌违法。一经发现， 立即举报,"Verilog HDL,VHDL",http://www.zhaopin.com/jobdetail/CC120759120J40865759907.htm?refcode=4019&srccode=401901&preactionid=3ed0c5d9-584d-41e4-b85e-85ba050a40ae
FPGA 软硬件开发工程师,北京东方富力建筑安装工程有限公司,1-1.5万,北京·大兴,广州,本科,1-3年,7月19日,zhilian,职位描述 Verilog HDL 计算机硬件 1、负责 FPGA 整体方案设计、逻辑开发、仿真验证、时序优化及量产调试； 2、使用 Verilog HDL 进行模块编码、功能实现，独立完成项目开发； 3、负责时钟、复位、时序约束、跨时钟域等关键设计，保障系统稳定运行； 4、完成各类高速接口开发与调试，配合硬件完成整机联调； 5、跟进产品迭代，修复问题、优化性能，保障项目落地量产。 工作地点 大兴区国网北京电力公司双实基地 以担保或任何理由索要财物，扣押证照，均涉嫌违法。一经发现， 立即举报,Verilog HDL,http://www.zhaopin.com/jobdetail/CC303405510J40886779613.htm?refcode=4019&srccode=401901&preactionid=3ed0c5d9-584d-41e4-b85e-85ba050a40ae
fpga工程师,软通动力信息技术(集团)股份有限公司,1-1.6万,深圳·龙岗·平湖,广州,本科,1-3年,7月22日,zhilian,职位描述 Verilog HDL VHDL FPGA开发 数字电路设计 EDA工具使用 岗位内容： 1. 设计数字电路和FPGA原型，包括架构设计、算法添加和IP集成。 2. 编写Verilog HDL代码进行仿真、综合和布局布线。 3. 完成FPGA验证测试，并对设计问题进行排查修复。 4. 参与产品级FPGA设计规格书的制定和执行。 任职要求： 1. 具有数字电路设计和FPGA开发经验。 2. 熟练掌握HDL编程语言（如Verilog、VHDL）。 3. 熟悉数字信号处理和可编程逻辑器件。 4. 熟练使用EDA工具，例如Quartus、Vivado等。 5. 具备良好的沟通与团队协作能力以及问题解决能力。 工作地点 深圳龙岗区罗山科技园D 以担保或任何理由索要财物，扣押证照，均涉嫌违法。一经发现， 立即举报,"Verilog HDL,VHDL,FPGA开发,数字电路设计,EDA工具使用",http://www.zhaopin.com/jobdetail/CC000544460J40806540516.htm?refcode=4019&srccode=401901&preactionid=3ed0c5d9-584d-41e4-b85e-85ba050a40ae
FPGA设计师,航天恒星,2-2.5万,西安·长安·韦曲,广州,本科,经验不限,7月25日,zhilian,岗位职责： 1、负责FPGA的设计开发工作，包括：代码编写，仿真，验证，测试等； 2，负责FPGA的单板调试，测试，软硬件联调和系统联调； 3，负责按照设计流程完成相应的文档编写工作； 4，负责提出测试方案及外协设计的技术要求。 任职要求: 1，掌握通信系统，通信体制等基本知识，熟悉控制理论知识； 2，熟悉FPGA仿真和在线调测流程； 3，具备FPGA的开发经验，熟悉FPGA的设计和开发流程； 4，熟练使用VIVADO开发软件； 5，具有Verilog.HDL编程和高速数据处理时序约束经验； 6，具有FPGA软核使用经验； 7，具有使用RS422串口，RS323串口，RS485串口，网口，FSMC总线以及SPI通信经验； 8，良好的代码风格，具有丰富的代码时序逻辑设计经验： 9，良好的技术文件撰写能力。 工作地点 长安区西安航天天绘数据技术有限公司国家超算中心二期西门 以担保或任何理由索要财物，扣押证照，均涉嫌违法。一经发现， 立即举报,"VHDL,Verilog",http://www.zhaopin.com/jobdetail/CC120501580J40400569405.htm?refcode=4019&srccode=401901&preactionid=3ed0c5d9-584d-41e4-b85e-85ba050a40ae
FPGA开发工程师,四川九洲防控科技有限责任公司,1.2-2.4万,成都·郫都·合作街道,广州,硕士,经验不限,5月7日,zhilian,岗位职责 1.负责FPGA的软件方案设计。 2.负责FPGA软件编写和产品调试工作。 3.撰写软件开发过程中的相关技术文档。 任职要求： 1.硕士研究生及以上学历，电子大类、计算机大类、通信大类等相关专业优先 2. 3.技能要求：熟悉Verilog、VHDL编程语言、Vivado等开发环境；熟悉雷达原理相关知识；具有文档编写能力，较强的逻辑思维能力问题分析解决能力。 4.工作经验：有3年以上FPGA软件开发经验者优先；熟悉雷达信号处理相关知识者优先。 职位福利：周末双休、五险两金、高温假、带薪年假、餐补、加班补助、交通补助、股票期权、节日福利 工作地点1：成都市高新西区龙湖时代天街17栋801 工作地点2： 绵阳市涪城区九华路6号 工作地点 成都郫都区合作路89号合作路80号 以担保或任何理由索要财物，扣押证照，均涉嫌违法。一经发现， 立即举报,"FPGA,Verilog,VHDL,Vivado,高速接口,Quartus,FPGA算法",http://www.zhaopin.com/jobdetail/CC569121930J40141624801.htm?refcode=4019&srccode=401901&preactionid=3ed0c5d9-584d-41e4-b85e-85ba050a40ae
FPGA应用工程师,洛阳纵横电子科技有限公司,8000-13000元,洛阳·洛龙·开元路,广州,本科,3-5年,7月8日,zhilian,职位描述 仿真调试 C语言 Verilog VHDL RTL设计 示波器 频谱仪 信号发生器 通信/网络设备 工作内容： 1. 根据项目需求，完成FPGA逻辑构架和产品开发； 2. 负责通信相关的FPGA开发、系统应用、调试等工作； 3. 负责FPGA设计方案实现、逻辑代码实现以及相关文档的编写； 4. 对逻辑代码进行功能仿真、综合实现等检查、故障分析、问题处理； 5. 与硬件工程师配合，进行产品或样件的调试、实验工作； 6. 与相关设计人员配合，保障项目进展与质量； 7. 根据项目进展需要，配合团队完成其他工作。 基本要求： 1.本科以上学历，电子信息、通信相关专业； 2. 三年以上航空、航天领域通信行业FPGA逻辑设计工作经验； 3. 四六级成绩良好，能够独立阅读datasheet文件； 4. 精通Verilog、VHDL语言，具有较强的编码能力； 5. 熟悉Xilinx/Altera器件、modlelsim/ISE/Vivado等开发工具； 6. 熟悉质量管理体系、FPGA程序开发流程及科研生产流程； 7. 具备良好的沟通能力、逻辑思维能力以及团队协作能力，高度责任心和敬业精神。 职位福利：五险一金、带薪年假、加班补助、定期团建、项目奖金 工作地点 洛阳洛龙区金泰·盛唐至尊20号楼 以担保或任何理由索要财物，扣押证照，均涉嫌违法。一经发现， 立即举报,"仿真调试,C语言,Verilog,VHDL,RTL设计,示波器,频谱仪,信号发生器",http://www.zhaopin.com/jobdetail/CCL1227328670J40348752716.htm?refcode=4019&srccode=401901&preactionid=3ed0c5d9-584d-41e4-b85e-85ba050a40ae
fpga工程师,四川长虹电子控股集团有限公司,面议,成都·武侯·桂溪,广州,本科,3-5年,7月24日,zhilian,岗位职责： 1.负责多轴电机驱动板 FPGA 方案设计、模块划分、逻辑架构设计、时序约束、仿真验证和上板调试； 2.负责 FPGA 侧硬实时模块开发，包括 PWM 发生、ADC 采样同步、编码器采集、位置锁存、故障保护、同步触发、时间戳、轴间同步等； 3.负责多轴驱动板内部 FPGA 与 MCU 的高速通信接口设计，包括 SPI、并口、AXI、FSMC、SRAM-like 总线或自定义高速总线； 4.负责 FPGA 与 EtherCAT 从站控制器、编码器接口、电流采样芯片、隔离 IO、安全 IO、PWM 驱动芯片之间的接口逻辑设计； 5.参与多轴驱动板实时控制架构设计，明确 FPGA 与 MCU 的任务边界，保证控制周期、采样周期、PWM 周期和通信周期的确定性； 6.支持产品从原型验证、小批试产到量产阶段的 FPGA 相关问题分析和闭环解决。 岗位要求： 1.微电子、电子信息、通信、自动化、计算机、控制工程等相关专业，本科及以上学历，硕士优先； 2.5 年以上 FPGA 开发经验，具备完整产品级 FPGA 项目交付经验，有伺服驱动、运动控制、工业控制、电力电子或医疗设备项目经验优先； 3.精通 Verilog HDL / SystemVerilog，具备良好的 RTL 编码规范、模块化设计能力和代码可维护性意识； 4.熟悉 Xilinx / AMD、Intel / Altera、Lattice、国产 FPGA 中至少一种平台，熟悉 Vivado、Quartus、ModelSim、Verilator、SignalTap、ILA 等开发和调试工具； 5.熟悉常见外设接口，包括 SPI、I2C、UART、CAN、LVDS、RS485、SDRAM、DDR、eMMC、并行总线等； 6.有多轴伺服驱动器、EtherCAT 从站、机器人关节驱动器、CNC 控制器、运动控制卡开发、FPGA + MCU 协同架构设计经验者优先 7.工作责任心强，具备高强度研发项目交付经验，能适应项目制开发节奏和阶段性加班。 工作地点 成都武侯区长虹科技大厦A座 以担保或任何理由索要财物，扣押证照，均涉嫌违法。一经发现， 立即举报,FPGA,http://www.zhaopin.com/jobdetail/CC285896080J40950022008.htm?refcode=4019&srccode=401901&preactionid=3ed0c5d9-584d-41e4-b85e-85ba050a40ae
fpga开发工程师,中软国际,面议,东莞·大朗镇,广州,本科,经验不限,7月24日,zhilian,职位描述 FPGA 负责汽车电子产品（自动驾驶/域控制器/车载感知/车控硬件等）FPGA平台的方案设计、逻辑开发、仿真验证、板级调试与量产落地，遵循车规开发流程与质量标准，支撑车载硬件产品从样机、试产到批量交付的全流程FPGA技术开发与问题闭环。 1、熟练Verilog开发，具备完整FPGA开发、仿真、时序收敛、板调经验； 2、熟悉常用车载高速/低速接口（MIPI、LVDS、SPI、I2C、UART、CAN等）； 3、了解车规研发流程、可靠性要求，有汽车电子/自动驾驶硬件FPGA开发经验优先； 4、熟悉跨时钟域处理、时序约束、静态时序分析，具备独立问题定位与闭环能力。 工作地点 东莞松木岭1 以担保或任何理由索要财物，扣押证照，均涉嫌违法。一经发现， 立即举报,FPGA,http://www.zhaopin.com/jobdetail/CC508620120J40918575712.htm?refcode=4019&srccode=401901&preactionid=3ed0c5d9-584d-41e4-b85e-85ba050a40ae
fpga工程师,合肥综合性国家科学中心能源研究院(安徽省能源实验室),1-2万,合肥·庐阳·三十岗,广州,硕士,1-3年,7月24日,zhilian,岗位职责： 1. 负责太赫兹激光器系统FPGA控制系统开发及系统集成。 2. 参与激光器核心模块（如谐振腔、泵浦源、探测器等）的仿真建模与实验验证，解决关键技术问题。 3. 主导或配合完成激光器控制系统的开发，包括FPGA硬件电路设计、信号处理算法实现及调试。 工作要求及标准： 1、电子信息技术、通信工程、光信息、计算机等相关专业； 2、有FPGA设计、AD设计相关工作经验； 3、熟练掌握Verilog或VHDL等逻辑设计语言 学历学位： 硕士/博士 专业： 计算器、电子电路、自动化控制等相关专业 从业经验： 2年以上FPGA 、电路设计经验 所需知识与技能： - 具备FPGA开发经验（Xilinx/Altera平台），熟悉Verilog/VHDL编程及硬件电路设计。 工作地点 庐阳区合肥综合性国家科学中心能源研究院能源研究院 以担保或任何理由索要财物，扣押证照，均涉嫌违法。一经发现， 立即举报,"C语言,VHDL,Verilog HDL",http://www.zhaopin.com/jobdetail/CCL1237831530J40839154007.htm?refcode=4019&srccode=401901&preactionid=3ed0c5d9-584d-41e4-b85e-85ba050a40ae
FPGA开发工程师,杭州长川科技股份有限公司,2-4万·15薪,杭州·滨江·长河,广州,本科,5-10年,7月24日,zhilian,岗位职责： 1.根据前期评估进行FPGA选型； 2.根据模块需求完成设计、开发、调试工作； 3.根据成本、性能要求进行优化设计； 4.硬件电路的整机调试，问题定位，指标优化； 5.产品、技术资料的设计整理和归档。 任职要求： 1.本科及以上，5年以上工作经验； 2.熟练使用各类片上资源，进行资源优化、性能优化； 3.精通Xilinx芯片开发环境及仿真调试工具；精通VerilogHDL语言和时序约束、时序分析、时序优化方法，掌握FPGA设计、开发流程和仿真技术，具有独立的FPGA编码、仿真、调试能力； 4.有DDR3/4、USB3.0、GIGE、PCIe接口FPGA开发经验优先； 5.有Soc架构FPGA/ASIC设计经验，掌握AXI总线协议者优先。 工作地点 杭州市滨江区东冠支路 以担保或任何理由索要财物，扣押证照，均涉嫌违法。一经发现， 立即举报,"Verilog HDL,VHDL",http://www.zhaopin.com/jobdetail/CC300003880J40897178803.htm?refcode=4019&srccode=401901&preactionid=3ed0c5d9-584d-41e4-b85e-85ba050a40ae
FPGA工程师(J15509),深南电路,1.5-2.5万·14薪,深圳·龙岗·坪地,广州,本科,经验不限,7月15日,zhilian,岗位职责: 1、产品FPGA系统的需求分析、设计实现、功能验证、维护； 2、编写Verilog代码，完成功能仿真和时序仿真； 3、完成产品中FPGA部分的逻辑接口设计开发&算法设计开发； 4、协助硬件工程师完成相关硬件接口的功能测试验证，解决硬件问题； 5、与软件工程师一起完成相关驱动、接口、性能优化等功能的调试； 6、解决FPGA设计中的时序问题、资源优化问题和功耗问题； 7、编写FPGA设计文档、测试报告和技术手册，确保设计可追溯和可维护； 8、跟踪FPGA和算法领域的最新技术动态，推动技术创新和优化。 任职要求: 1、学历与专业：本科及以上学历，电子工程、微电子、自动化等相关专业； 2、技术能力： - 有芯片测试行业经验； - 熟悉FPGA芯片（如Xilinx、等）特性，有一定的模拟设计经验； - 有2年以上FPGA应用开发经验，熟悉Verlog语言编程，matlab语言，熟悉vivado软件的使用； - 熟悉常用的通信协议(如UART、SPI、I2C、PCIe等)和接口标准(如DDR、MIPI等)； - 掌握跨平台调试工具与逻辑分析仪、示波器等； - 良好的技术文档撰写能力。 工作地点 深圳龙岗区天芯互联科技有限公司 以担保或任何理由索要财物，扣押证照，均涉嫌违法。一经发现， 立即举报,"Verilog HDL,System Verilog,Python",http://www.zhaopin.com/jobdetail/CC563009880J40864510801.htm?refcode=4019&srccode=401901&preactionid=3ed0c5d9-584d-41e4-b85e-85ba050a40ae
fpga逻辑工程师,赛瑞测评(西安)科技有限公司,1-1.2万·13薪,石家庄·桥西·友谊,广州,本科,3-5年,7月15日,zhilian,"职位描述 Verilog HDL VHDL FPGA逻辑开发 FPGA测试验证 嵌入式测试 工作职责 1. 按照GJB 141,Te003,Te004,Te007主导FPGA逻辑从需求分析到测试大纲编制，完成模块划分、接口定义及可测试性方案规划。 2. 基于Verilog/VHDL语言实现数字信号处理、接口协议等核心功能的代码开发。 3. 承担50%以上的测试工作：搭建全流程仿真环境，完成功能仿真、时序分析、覆盖率分析及板级验证，确保设计满足性能与可靠性指标。 4. 独立定位并解决逻辑设计与测试过程中的技术问题，输出详细的调试报告与优化方案。 5. 配合硬件团队完成FPGA板卡联调，参与系统集成测试，保障检测设备的功能稳定性。 6. 独立编写过GJB 141 438C的测试大纲，设计文档、测试用例及验证报告，建立标准化的技术资料体系。 任职要求 1. 本科及以上学历，电子信息、计算机、自动化等相关专业。 2. 掌握Verilog/VHDL硬件描述语言，具备2年以上FPGA逻辑开发或测试经验。 3. 精通FPGA开发全流程，熟悉Modelsim/Questa等仿真工具及Xilinx/Altera器件特性。 4. 具备扎实的数字电路基础，深入理解时序约束、时钟树设计及高速接口（如PCIe、DDR）原理。 5. 拥有丰富的测试验证经验，能独立设计测试用例、分析覆盖率并定位复杂逻辑问题。 6. 具备较强的责任心与细节把控能力，能高效完成重复性测试任务并输出精准报告。 奖金绩效 餐补，话补，交通补助等 工作地点 石家庄桥西区中国电子科技集团公司第五十四研究所 以担保或任何理由索要财物，扣押证照，均涉嫌违法。一经发现， 立即举报","Verilog HDL,VHDL,FPGA逻辑开发,FPGA测试验证,嵌入式测试",http://www.zhaopin.com/jobdetail/CCL1515309380J40887866513.htm?refcode=4019&srccode=401901&preactionid=3ed0c5d9-584d-41e4-b85e-85ba050a40ae
FPGA开发工程师,创远信科(上海)技术股份有限公司,1-1.5万·14薪,南京·江宁·秣陵,广州,本科,3-5年,9月15日,zhilian,岗位职责： 1、根据公司高端通信测量仪器产品和重大科研项目的系统需求，完成FPGA架构设计、模块划分、整体逻辑设计、高速时钟设计、约束条件设定等； 2 、FPGA相关逻辑的程序开发； 3、负责项目中硬件数字电路原理设计。 任职要求： 1、通信、信号处理、电子等专业本科及以上学历，3-5年工作经验； 2、熟悉Xilinx、Altera公司的FPGA产品系列，熟练使用相关开发软件，具有软件仿真、逻辑分析仪调试的经验； 2、精通VHDL或Verilog语言，具有编写FPGA程序的经验； 3、熟悉LAN、PCIe、SRIO等常用高速接口，有完整的电路设计与调试经验； 4、有高速FPGA产品开发经验。 工作地点 南京市-江宁区-秣周东路9号无线谷B3栋9楼 以担保或任何理由索要财物，扣押证照，均涉嫌违法。一经发现， 立即举报,"逻辑分析仪,VHDL,Verilog,电路设计",http://www.zhaopin.com/jobdetail/CC346077610J40821820413.htm?refcode=4019&srccode=401901&preactionid=f06de09e-0859-407b-a513-a1a29caeef4b
嵌入式软硬件研发助理工程师,天津老徐科技有限公司,4000-7000元·13薪,天津·西青·精武镇,广州,大专,3-5年,7月19日,zhilian,岗位职责 1、辅助研发工程师进行硬件开发 负责协助嵌入式硬件系统设计，查阅资料、验证电路及打样电路板的焊接及电路调试。 熟悉常见接口(UART/I2C/SPI/CAN/USB/Ethernet等)及传感器/执行器驱动电路。 参与硬件测试、EMC/可靠性验证及生产支持。 2、协助软件开发 协助嵌入式软件工程师进行软件开发。编写模块程序及测试。 3、系统集成 协助实施系统集成验证等。 任职要求 基本条件 专科及以上学历，电子/通信/自动化/计算机等相关专业。3年以上嵌入式开发经验(应届生可放宽至项目/竞赛经验) 技能要求 1 硬件能力: 熟练使用Altium Desiqner等EDA工具。 掌握信号完整性分析、电源设计、EMC整改经验者优先。 2 软件能力: 精通C/C++，熟悉汇编、数据结构及常用算法。 熟悉RTOS、Linux驱动开发(如设备树、字符设备驱动)者加分， 3 工具链: 熟练使用示波器、逻辑分析仪、JTAG/SWD调试工具。 熟悉Git、Keil/IAR等工具。 优先条件 有无线通信(BLE/Wi-Fi/LoRa)、电机控制、FPGA开发经验: 工作地点 西青区天津老徐科技有限公司 以担保或任何理由索要财物，扣押证照，均涉嫌违法。一经发现， 立即举报,"C语言,C++,32位单片机",http://www.zhaopin.com/jobdetail/CCL1509973180J40803777205.htm?refcode=4019&srccode=401901&preactionid=f06de09e-0859-407b-a513-a1a29caeef4b
嵌入式/FPGA工程师,鲁科检测科技(山东)有限公司,8000-16000元,济宁·任城区·接庄街道,广州,本科,经验不限,7月17日,zhilian,岗位职责 1.参与微弱信号采集与处理系统设计（类似示波器/数据采集卡） 2.负责STM32与FPGA协同开发（FSMC/并行总线/DMA） 3.编写数字滤波（FIR/IIR）、FFT等信号处理算法 4.配合模拟工程师完成低噪声采集电路调试 任职要求 1.本科及以上学历，电子/测控/通信专业 2.熟练掌握C/C++，有STM32高速数据流处理经验 3.有FPGA开发经验（Verilog/VHDL），能独立完成跨时钟域设计 4.了解精密ADC（16bit/24bit）驱动开发 5.有仪器仪表、医疗电子或传感器前端项目经历者优先 工作地点 山东省济宁市任城区接贾路2-2 以担保或任何理由索要财物，扣押证照，均涉嫌违法。一经发现， 立即举报,"Verilog HDL,VHDL",http://www.zhaopin.com/jobdetail/CC670641720J40849427201.htm?refcode=4019&srccode=401901&preactionid=f06de09e-0859-407b-a513-a1a29caeef4b
FPGA开发工程师,南京悦世耀科技有限公司,1.5-2.5万,南京·栖霞·尧化,广州,本科,经验不限,6月30日,zhilian,岗位职责： （1）负责通信对抗类产品FPGA模块的设计、开发、测试及优化; （2）完成相关设计文档的编写，确保产品能顺利交付生产; 2. 任职资格: （1）本科以上学历，3年以上主流FPGA开发经验； （2）熟悉通信原理、信号处理、MATLAB仿真工具； （3）具有RFSoC/AD9361/ADRV9009等芯片的开发测试经验； （4）从事过信号侦察/干扰/模拟/对抗等项目者优先考虑。 工作地点 南京栖霞区兴智科技园-B座18楼 以担保或任何理由索要财物，扣押证照，均涉嫌违法。一经发现， 立即举报,"FPGA,通信对抗",http://www.zhaopin.com/jobdetail/CCL1455667540J40898941703.htm?refcode=4019&srccode=401901&preactionid=f06de09e-0859-407b-a513-a1a29caeef4b
FPGA逻辑工程师,成都博宇利华科技有限公司,9000-18000元·14薪,成都·武侯·机投桥,广州,本科,经验不限,7月13日,zhilian,"岗位职责： 1、根据部门的相关制度及流程，确认产品的大逻辑需求； 2、负责逻辑设计； 3、负责大逻辑测试及产品联试工作； 4、负责技术支持工作； 5、上级交办的其他工作。 任职要求： 1、电子工程、通信工程、自动化等相关专业，本科或以上学历，英语四级以上，能够熟练阅读和理解英文资料； 2、具有DDR3、DDR4、RapidIO、PCIE、JESD204B等高速接口调试经验优先； 3、本科2年以上，硕士1年以上的FPGA设计经验; 熟练掌握Verilog/VHDL语言，具有较为复杂的逻辑设计经验，优良的RTL代码风格； 4、熟悉XILINX或ALTERA FPGA内部结构，熟悉相关开发工具(Vivado，Quartus II, synplify，ModelSim等)和流程； 5、具有一定的系统验证和调试经验，能够根据设计目标确定仿真验证和调试测试点； 6、具有良好的学习意识、团队意识、沟通能力。 职位福利：创业公司、五险一金、通讯补助、定期体检、节日福利、绩效奖金、股票期权、弹性工作 工作地点 成都武侯区武兴二路17号力德时代13栋B座501 以担保或任何理由索要财物，扣押证照，均涉嫌违法。一经发现， 立即举报","FPGA,VHDL,Verilog",http://www.zhaopin.com/jobdetail/CC490129033J90250001000.htm?refcode=4019&srccode=401901&preactionid=f06de09e-0859-407b-a513-a1a29caeef4b
fpga开发工程师/项目经理,希林科(西安)电子技术有限公司,1.4-2.6万·13薪,西安·长安·郭杜,广州,本科,1-3年,7月3日,zhilian,岗位职责： 1、负责FPGA逻辑架构方案、子模块详细方案设计及验证方案设计及优化; 2、承担FPGA各类通用模块的RTL代码开发或模块验证; 3、承担逻辑模块的器件选型，实现计算核、cache、内存控制器、各类算法、各类高速接口协议、各类通信协议的逻辑产品交付; 岗位要求： 1、通信、电子、自动化、光电、集成电路等相关专业本科及以上学历; 2、2年以上相关工作的工作经验； 3、满足以下任一条件者优先： （1）熟悉以下一门或多门语言：Verilog、SystemVerilog、Chisel或其他硬件描述语言; （2）有扎实的数电功底或对数字电路兴趣浓厚; （3）熟悉器件特性(Xilinx、Altera、复旦微器件等)，熟悉Vivado、Quartus等电路后端工具，熟悉vcs、verdi等逻辑仿真工具; （4）熟悉常用接口或通信协议(AXI、PCIe、I2C、Serdes、DDR、CAN、TCP/IP、SDH、OTN等) （5）熟悉高速设计、异步设计、仿真方法学等高端逻辑技术; 工作地点 陕西省西安市长安区造字台路109号 以担保或任何理由索要财物，扣押证照，均涉嫌违法。一经发现， 立即举报,"Verilog HDL,System Verilog",http://www.zhaopin.com/jobdetail/CCL1503853360J40851255313.htm?refcode=4019&srccode=401901&preactionid=f06de09e-0859-407b-a513-a1a29caeef4b
FPGA软件工程师,四川英杰电气股份有限公司,8000-16000元·14薪,德阳·旌阳区·八角井街道,广州,本科,经验不限,7月25日,zhilian,岗位职责： 1、负责FPGA与外设接口驱动开发； 2、负责FPGA应用算法实现； 3、进行FPGA与单片机及硬件外设的联调； 4、负责相关设计文档的编写。 任职要求： 1、电气、电子、自动化等相关专业，本科及以上学历； 2、熟悉Xilinx，Inter FPGA器件，至少使用过一款FPGA器件； 3、具备独立开发能力，熟练掌握Verilog或VHDL语言，掌握嵌入式逻辑分析仪、示波器等仪器的使用；具有实际的硬件电路调试经验； 4、具有外设通讯总线相关接口调试经验值优先； 5、具备良好的沟通协调能力，对工作热情，认真负责，具有团队协作精神。 职位福利：五险一金、绩效奖金、带薪年假、补充医疗保险、定期体检、节日福利、包吃、周末双休 工作地点 德阳旌阳区四川英杰电气股份有限公司 以担保或任何理由索要财物，扣押证照，均涉嫌违法。一经发现， 立即举报,"Verilog,VHDL",http://www.zhaopin.com/jobdetail/CC522880720J40378467716.htm?refcode=4019&srccode=401901&preactionid=f06de09e-0859-407b-a513-a1a29caeef4b
fpga工程师,宁波英凯智能装备有限公司,1.2-1.8万,宁波·海曙·古林,广州,本科,1-3年,6月27日,zhilian,"职位描述 Verilog HDL 电机驱动 FPGA l 从事电机驱动等设备的FPGA开发工作； l 参与产品调试； Ø 工作要求： l 本科及以上学历，有一年以上相关专业从业背景（硕士以上无限制）； l 熟悉FPGA（Actel,Xilinx等）主流开发平台及其开发流程； l 熟悉电机控制 l 精通Verilog开发语言； l 具有良好的沟通能力、协调能力，能适应短期出差； Ø 工作地点： l 宁波。 Ø 待遇： l 能力突出者，待遇可以一事一议，薪金有竞争力； 工作地点 宁波海曙区云林中路/段梅路(路口)浙江创新中心 以担保或任何理由索要财物，扣押证照，均涉嫌违法。一经发现， 立即举报",Verilog HDL,http://www.zhaopin.com/jobdetail/CCL1467126330J40757893506.htm?refcode=4019&srccode=401901&preactionid=f06de09e-0859-407b-a513-a1a29caeef4b
高级fpga工程师,苏州金以太网络科技有限公司,1.2-2.4万,长沙·开福·伍家岭,广州,本科,5-10年,7月24日,zhilian,岗位职责： 1、负责或协助开展需求分析、芯片选型和方案设计； 2、运用Xilinx、Altera等公司主流FPGA器件及开发环境进行开发； 3、负责整体或模块功能编码、仿真、时序约束/分析、RTL逻辑综合、调试、测试； 4、联合软件/硬件工程师开展功能调试和性能优化； 5、负责项目相关文档、代码等撰写和维护。 任职要求： 1、本科以上，电子、计算机、软件类相关专业； 2、熟练使用verilog/VHDL/systemverilog等语言及相关EDA工具开发； 3、>5年工作经验，有基于FPGA开展网络处理项目实施履历； 4、熟悉GTH、GTY等高速接口调试，有较为深厚的网络协议知识背景； 5、良好的沟通和文档编写能力和英文阅读能力； 6、有中等及以上复杂度开源工程移植或应用经验者优先。 7、有网络相关领域开发经验。 工作地点 长沙开福区凯乐·微谷-A栋2428 以担保或任何理由索要财物，扣押证照，均涉嫌违法。一经发现， 立即举报,"Verilog HDL,VHDL,System Verilog",http://www.zhaopin.com/jobdetail/CCL1486077970J40896832113.htm?refcode=4019&srccode=401901&preactionid=f06de09e-0859-407b-a513-a1a29caeef4b
FPGA工程师（福利待遇优，行业稳定）,扬州宇安电子科技股份有限公司,1.5-2.5万,扬州·广陵区·湾头镇,广州,本科,经验不限,6月26日,zhilian,岗位职责： 1、负责FPGA逻辑设计； 2、根据部门工作安排，承担其他FPGA相关研发工作； 任职要求： 1、本科及以上学历，计算机、电子、通信工程、自动化类专业； 2、熟悉Xilinx/Altera 系列芯片和开发环境； 3、熟悉常见接口如：SRIO，PCIE，以太网，DDR，SPI，IIC，UART等，了解具体协议，有开发经验者优先。 4、具有丰富的ADC/DAC高低速接口开发和调试经验的优先； 5、具有FPGA开发经验，能够熟练使用示波器、万用表、信号源、频谱仪等调试工具。 职位福利：节日福利、交通补助、餐补、通讯补助、五险一金 职位亮点：六险一金，住宿餐补 工作地点 广陵区扬州宇安电子科技有限公司 以担保或任何理由索要财物，扣押证照，均涉嫌违法。一经发现， 立即举报,"频谱仪,万用表,信号发生器,示波器,SolidWorks,CAD",http://www.zhaopin.com/jobdetail/CC326647730J40583362207.htm?refcode=4019&srccode=401901&preactionid=f06de09e-0859-407b-a513-a1a29caeef4b
FPGA研发工程师（科研助理 1、4）,中国人民解放军军事科学院国防科技创新研究院,1.6-3万,北京·丰台·五里店,广州,本科,经验不限,7月20日,zhilian,岗位职责 1.参与雷达、通信、感知等电磁信号处理系统设计、指标制定与系统验收； 2.负责雷达、通信、感知等电磁算法和接口设计相关的FPGA开发； 3.协助硬件电路设计和测试； 4.实施路径和进度分析，协助完成项目相关文档编写工作； 5.部门交办的其他事项。 岗位要求 1.电子科学技术、信息与通信工程等相关专业本科及以上学历。 2.熟悉雷达工作原理和无线通信数字信号处理算法；熟悉雷达射频指标和高速接口设计；熟悉雷达射频指标和高速接口设计； 3.熟练使用Verilog/VHDL硬件描述语言进行FPGA设计代码以及仿真Testbench的编写； 4.熟悉Xilinx/ALTERA的FPGA器件，熟练使用VIVADO/ISE以及Quartus工具； 熟练使用FPGA的仿真Questasim/Modelsim和综合Synplify等其他相关工具； 5.有FPGA高速接口GTX/GTH设计经验、SRIO /PCIe /Ethernet /FC /LVDS /DDR相关经验者优先; 有FMCW雷达信号处理、射频测向、目标识别或者毫米波雷达开发经验者优先； 6.熟悉FPGA、DSP和ARM协同工作过程，具有Xilinx Zynq或RFSoC类FPGA开发经验者优先； 7.具备协同工作能力，学习能力较强，能吃苦耐劳，具备独立思考和解决问题的能力；良好的英语能力，能够读懂雷达相关专业英文资料。 岗位薪酬 年薪20～35万，具体视实际面试情况而定。 岗位二（4） 岗位职责 1. 负责FPGA原型系统的设计、调试及维护； 2. 分析解决开发过程中的问题，优化FPGA资源及时序，提高系统性能； 3. 跟进FPGA原型验证方法学的演进，参与设计完善FPGA设计流程 4. 配合ASIC设计人员、软件开发人员进行板级调试以及系统联调工作。 岗位要求 1. 本科及以上学历，电子、计算机、自动化等相关专业 2. 一年以上FPGA开发经验，熟悉FPGA设计、开发流程，具备独立进行FPGA编码、仿真和调试的能力； 3. 熟练掌握Verilog/SystemVerilog语言，掌握Vivado等FPGA开发环境的使用，具有一定的FPGA时序优化、资源优化能力； 4. 下列至少两项能力： a) 熟悉AXI、AHB、APB等总线协议，具有SoC系统集成／验证经验； b) 具有DDR/PCIE等高速IP集成开发经验； c) 熟悉常见外设协议，具有相关开发调试经验。 d) 具备脚本编写能力，能够将工作流程脚本化。 岗位薪酬 年薪20万～60万，具体视实际面试情况而定。 工作地点 北京 职位福利：五险一金、绩效奖金、全勤奖、餐补、交通补助、免费班车、定期体检、带薪年假 工作地点 北京丰台区丰台东大街 以担保或任何理由索要财物，扣押证照，均涉嫌违法。一经发现， 立即举报,"Linux,芯片,常见硬件及接口",http://www.zhaopin.com/jobdetail/CCL1251034670J40098110510.htm?refcode=4019&srccode=401901&preactionid=f06de09e-0859-407b-a513-a1a29caeef4b
硬件&FPGA工程师,北京航宇天穹科技有限公司,1-1.5万·14薪,北京·石景山·老山,广州,本科,经验不限,7月7日,zhilian,岗位职责： 1、协助进行硬件及FPGA方案的设计； 2、负责硬件原理图的设计，组织原理图设计评审，完成器件选型，硬件设计仿真，生成BOM表； 3、负责预研产品的功能测试和信号完整性测试； 4、负责产品的FPGA开发与调试 ； 5、配合软件及生产人员调试，解决产品试验中遇到的问题并做好经验总结，分析定位及解决在量产过程中存在的问题； 6、负责编制硬件及FPGA研发过程中的技术文档编写与归档。 岗位要求： 1、统招本科；测控技术、电子技术、通信工程、自动化、武器系统及相关专业； 2、具备扎实的数字和模拟电路理论基础知识，熟悉硬件及FPGA工作原理以及开发流程； 3、熟悉Altium designer、Cadence等CAD设计工具，有独立设计原理图的项目经验； 4、工作严谨细致、责任心强，具备良好的沟通协作能力。 薪酬待遇： 1、提供优厚薪酬+通讯补助+七险一金 2、解决北京市户口 选择1：应届生：“双一流”学科的硕士、“清北及华东五校”的本科或硕士，入职一年办成北京市户口； 选择2：非应届生：按《北京市引进人才管理办法（试行）》（京人社调发〔2018〕38号）办理本人、配偶、子女的北京市户口）。 3、解决北京市工作居住证 ​公司福利： l 免费食宿、带薪年假、年度体检、节日福利、生日福利、团建活动、兴趣俱乐部 l 自有内部食堂，为员工提供免费三餐，四菜一汤+应季水果 l 提供免费宿舍，距离公司步行5分钟 l 节假日礼品福利、生日福利、年度旅游、团建聚餐 l 羽毛球俱乐部、跑步俱乐部、休闲散步俱乐部 l 城堡式独门独院办公环境，紧邻老山休闲公园，环境优美、空气清新 工作地点 北京市石景山区老山西街8-4号 以担保或任何理由索要财物，扣押证照，均涉嫌违法。一经发现， 立即举报,Verilog HDL,http://www.zhaopin.com/jobdetail/CC219146730J40841284810.htm?refcode=4019&srccode=401901&preactionid=f06de09e-0859-407b-a513-a1a29caeef4b
fpga开发(FPGA软件开发工程师),西安大合智能科技有限公司,2-3万,西安·长安·韦曲,广州,本科,5-10年,7月18日,zhilian,职位描述 Verilog HDL VHDL DDR3 FPGA PCLE RapidIO 计算机硬件 半导体/芯片 通信/网络设备 任职资格： 1、重点统本及以上学历，5年+同岗经验，精通FPGA芯片特性，精通verilog语言。 2、在器件资源估算、RTL编码、仿真调试、时序约束方面有较深造诣，开发设计经验丰富。 3、熟练使用设计、办公软件。有一定的设计文档编写水平，良好的英文阅读能力。 4、熟悉RapidIO、PCIe、DDR3等高速接口者优先。 岗位JD： 1、根据要求，参与系统需求分析、系统概要设计工作，负责FPGA逻辑概要设计及详细设计文档。 2、根据要求，设计、开发、调试、维护、管理符合功能、性能要求的产品FPGA逻辑设计。 3、参与解决各种逻辑设计技术问题，参与分析与FPGA逻辑设计相关的硬件板卡或系统的故障原因。 4、参与编写和评审FPGA逻辑设计规范，对其他FPGA设计进行评审。 5、规划并编写FPGA逻辑设计方面专利并协助进行申报。 薪资面议！ 弹性上班打卡、年终奖、项目奖、 下午茶、生日购物卡、节日红包或福利品、免费体检卡、五险一金、双休、各类法定假齐全、餐补、（交通便利，地铁口出即到）........... 工作地点 长安区西安派恩电气有限责任公司B座4层 以担保或任何理由索要财物，扣押证照，均涉嫌违法。一经发现， 立即举报,"Verilog HDL,VHDL,DDR3,FPGA,PCLE,RapidIO",http://www.zhaopin.com/jobdetail/CC822351230J40782852015.htm?refcode=4019&srccode=401901&preactionid=98569a48-d781-4bca-aea6-c4f8490c67c4
FPGA工程师,科大国盾量子技术股份有限公司,1.4-2.5万·14薪,合肥·蜀山·南岗,广州,本科,经验不限,7月24日,zhilian,岗位职责： 1、负责系统功能定义，算法实现，系统功能分解工作等； 2、负责代码设计与开发，模块设计及仿真、调试； 3、FPGA资源及时序优化，分析并解决开发过程中遇到的问题； 4、负责相关设计文档编写。 任职要求： 1、硕士及以上学历或本科三年以上工作经经验，电子信息相关专业，有算法设计经验者优先； 2、具有良好的数字电路、逻辑设计和计算机体系结构等专业知识； 3、具有 FPGA设计经验，能够熟练使用相关开发工具，熟练使用仿真工具； 4、良好的英文阅读能力， 可以阅读相关英文技术资料文档； 5、热爱开发工作，工作积极主动、热情、细心并且有耐心，善于发现和解决问题； 6、善于沟通，团队意识强，积极上进，乐于分享。 工作地点 合肥蜀山区安徽省合肥市蜀山区高新区文曲路与燕子河路交口东北方向 以担保或任何理由索要财物，扣押证照，均涉嫌违法。一经发现， 立即举报,"FPGA,微电子,Verilog HDL,VHDL,Verilog",http://www.zhaopin.com/jobdetail/CC201133026J90250254000.htm?refcode=4019&srccode=401901&preactionid=98569a48-d781-4bca-aea6-c4f8490c67c4
fpga测试工程师,北京赛迪软件测评工程技术中心有限公司,1.2-2万·13薪,无锡·滨湖·河埒,广州,本科,经验不限,7月14日,zhilian,"岗位职责： 1. 组织/参与FPGA软件第三方测试项目； 2. 组织/参与项目全流程工作，包括测试需求分析、测试策划、测试用例设计、测试执行和测试总结工作； 3. 主要进行FPGA软件代码审查、功能仿真、静态时序分析等相关测试工作, 对测试中发现的问题进行及时跟踪、反馈，重现，与开发协同解决问题； 4. 参与FPGA软件测试技术研究，进行技术交流、总结，发表技术性文章等。 5.领导安排的其他工作 任职要求： 1. 具有本科及以上学历，电子信息类、微电子学、集成电路、应用物理学、计算机类、自动化类等相关专业； 2. 熟悉VHDL/Verilog语言、了解System Verilog语言； 3. 熟悉FPGA仿真技术及相关工具使用； 4. 具有清晰的逻辑思维，较强的学习钻研能力； 5. 具有较强的团队合作精神，责任心强； 6. 具有较强的承压能力； 7. 能够适应短期出差。 职位福利：五险一金、带薪年假、补充医疗保险、项目奖金、年终奖金、节日福利 工作地点 滨湖区无锡运河湾现代产业发展中心3号楼407 以担保或任何理由索要财物，扣押证照，均涉嫌违法。一经发现， 立即举报",FPGA,http://www.zhaopin.com/jobdetail/CC308440780J40380829608.htm?refcode=4019&srccode=401901&preactionid=98569a48-d781-4bca-aea6-c4f8490c67c4
伺服软件工程师(FPGA),埃夫特智能机器人股份有限公司,1.5-3万·16薪,芜湖·鸠江区·芜湖经济技术开发区,广州,本科,5-10年,7月24日,zhilian,职位描述 Verilog HDL VHDL FPGA 工业自动化/机器人 职责描述： 1. 负责嵌入式产品的软件架构设计、开发、调试与量产维护，参与产品从需求分析、方案设计到量产交付的完整开发流程； 2. 负责嵌入式底层驱动、控制算法及应用层软件开发，完成MCU/ARM平台软件移植、驱动开发及性能优化； 3. 负责驱控嵌入式产品核心控制逻辑开发，配合硬件工程师完成软硬件联调，解决开发、测试及量产阶段的软件问题； 4. 参与产品稳定性、实时性及可靠性优化，输出问题分析报告与优化方案，保障产品高质量量产交付； 5. 参与软件开发规范、设计文档、测试文档及版本管理体系建设，提升研发过程标准化与可追溯性； 6. 跟踪嵌入式软件相关技术发展，持续优化系统架构与代码质量，支持团队技术攻关与产品迭代； 任职要求： 1. 本科及以上学历，计算机、电子信息、自动化、软件工程、控制工程等相关专业； 2. 具备5年及以上嵌入式软件开发经验，具有完整量产产品开发经验； 3. 熟练掌握C/C++语言，熟悉嵌入式软件开发流程、编译调试工具及Git等版本管理工具； 4. 熟练掌握C/C++，熟悉MCU、ARM、DSP等平台的软件开发、调试及代码优化； 5. 熟悉UART、SPI、I2C、CAN、EtherCAT等常用接口或工业通信协议开发； 6. 具备伺服驱动器、运动控制、工业自动化相关产品开发经验，熟悉电机控制或驱控系统开发流程优先； 7. 具备较强的问题定位与解决能力，能够独立完成模块开发、联调及量产问题闭环； FPGA/Verilog/VHDL作为必备技能 工作地点 芜湖鸠江区埃夫特智能装备股份有限公司 以担保或任何理由索要财物，扣押证照，均涉嫌违法。一经发现， 立即举报,"Verilog HDL,VHDL,FPGA",http://www.zhaopin.com/jobdetail/CC406659880J40911623503.htm?refcode=4019&srccode=401901&preactionid=98569a48-d781-4bca-aea6-c4f8490c67c4
FPGA逻辑开发工程师,江苏阿瑞斯智能设备有限公司,1.2-2.3万,无锡·新吴·新安,广州,本科,3-5年,7月20日,zhilian,岗位职责： （1）负责FPGA逻辑设计、仿真、综合、布局布线等开发工作。 （2）根据项目需求，进行FPGA器件选型和配置。 （3）编写和维护相关技术文档。 （4）配合软件工程师完成系统集成和测试工作。 （5）参与产品优化和改进，提高系统性能和稳定性。 2、岗位要求： （1）电子、通信、计算机等相关专业本科及以上学历，3-5年以上的相关工作经验，熟悉数字电路设计和FPGA开发流程。 （2）精通Verilog或VHDL编程语言，熟练掌握C++语言，有实际FPGA代码编写和调试经验，参与过项目研发全流程，具备大规模逻辑开发经验。 （3）熟悉Xilinx、Intel、Altera等主流FPGA器件及开发工具。 （4）具备较强的逻辑分析能力和问题解决能力，善于沟通协作。 （5）有高速接口（如PCIe、HDMI、USB等）开发经验者优先。 （6）具备良好的团队合作意识和精神，能够有效配合并协同团队解决项目开发与调试过程中遇到的问题。 （7）英语四级以上，能熟练阅读和理解英文资料、读写能力熟练。 3、技能要求： （1）熟练使用EDA工具进行逻辑综合、布局布线等操作。 （2）熟悉硬件调试和测试方法，能够进行硬件调试和故障排查。 （3）有音频、视频处理或高速通信领域相关经验者优先。 4、知识要求： （1）了解FPGA工作原理及开发流程。 （2）熟悉数据传输和处理算法。 （3）对硬件设计的安全性、可靠性和稳定性有深入的理解。 工作地点 无锡新吴区江苏阿瑞斯智能设备有限公司601室 以担保或任何理由索要财物，扣押证照，均涉嫌违法。一经发现， 立即举报,"Verilog HDL,C++",http://www.zhaopin.com/jobdetail/CC290814880J40762093514.htm?refcode=4019&srccode=401901&preactionid=98569a48-d781-4bca-aea6-c4f8490c67c4
fpga助理工程师,智来光电科技(苏州)有限公司,1.5-2.2万,苏州·昆山·玉山,广州,硕士,经验不限,7月26日,zhilian,职位描述 半导体/芯片 工业自动化/机器人 人工智能 工作职责 负责图像产品中FPGA模块的需求分析、逻辑设计与代码实现，确保硬件功能满足高精度测量与控制要求。 主导高速接口（如PCIe、LVDS、Ethernet）的FPGA驱动开发，保障数据传输的稳定性与实时性。 参与FPGA原型验证与硬件调试，解决板级联调中的逻辑问题与时序约束难题。 编写FPGA设计文档与测试用例，推动团队技术规范与知识沉淀。 任职要求 硕士及以上学历，电子工程、计算机或自动化相关专业，基础扎实。 掌握Verilog/VHDL硬件描述语言，熟悉Xilinx/Altera等主流FPGA平台的开发流程。 具备高速接口协议（如PCIe Gen3/4、SFP+）或数字信号处理（如FFT、滤波）的FPGA开发经验。 了解仪器仪表行业的信号采集、数据处理等业务场景者优先。 工作地点 昆山市智来光电科技（苏州）有限公司 以担保或任何理由索要财物，扣押证照，均涉嫌违法。一经发现， 立即举报,"半导体/芯片,工业自动化/机器人,人工智能",http://www.zhaopin.com/jobdetail/CC484072330J40950860808.htm?refcode=4019&srccode=401901&preactionid=98569a48-d781-4bca-aea6-c4f8490c67c4
[微波射频行业]FPGA开发工程师,成都众志天成科技有限公司,8000-15000元·13薪,成都·郫都·合作街道,广州,本科,经验不限,4月7日,zhilian,职位描述 FPGA Verilog VHDL 仿真验证 Quartus 半导体/芯片 电子设备制造 仪器仪表 职责描述： 主要负责模块产品的FPGA开发工作，FPGA各个功能模块的代码编写、仿真及调试优化。 任职要求： 1、本科及以上学历，电子、通信、计算机相关专业； 2、熟练掌握 Verilog/VHDL 语言，FPGA设计及仿真验证流程，具有较丰富的FPGA设计与调试经验； 3、熟练使用Ise、vivado、Quartus其中之一软件； 4、熟悉常用的通信协议，SPI、UAST、IIC等； 5、逻辑思维清晰，学习能力强。 职位福利：五险一金、绩效奖金、员工旅游、节日福利、全勤奖、定期体检、每年多次调薪、年底双薪 工作地点 成都郫都区天虹路3号优创园B栋 以担保或任何理由索要财物，扣押证照，均涉嫌违法。一经发现， 立即举报,"FPGA,Verilog,VHDL,仿真验证,Quartus",http://www.zhaopin.com/jobdetail/CC287192080J40321940608.htm?refcode=4019&srccode=401901&preactionid=98569a48-d781-4bca-aea6-c4f8490c67c4
FPGA 工程师,杭州高谱成像技术有限公司,1.5-3万·14薪,杭州·西湖·转塘,广州,本科,3-5年,7月22日,zhilian,岗位职责 1. 负责 FPGA 的逻辑设计与开发，根据相机性能指标和功能需求，完成详细的 FPGA 设计方案。 2. 进行 FPGA 代码编写、仿真验证及综合实现，确保代码的可靠性、稳定性和高效性，提升相机数据处理速度和图像采集质量。 3. 参与相机硬件电路设计，与硬件工程师紧密配合，完成 FPGA 与其他硬件模块的接口设计与调试，保障硬件系统协同工作。 4. 负责相机图像处理算法在 FPGA 上的移植与优化，实现图像的实时处理，如降噪、增强、特征提取等功能。 5. 协助测试团队制定测试方案，对相机进行功能测试、性能测试和稳定性测试，及时解决测试过程中发现的 FPGA 相关问题。 6. 维护和优化现有相机的 FPGA 程序，根据产品反馈和市场需求，对程序进行升级和改进，持续提升产品竞争力。 二、任职要求 1. 教育背景：电子工程、计算机科学、自动化等相关专业，本科及以上学历。 2. 专业技能： 1） 精通 Verilog 或 VHDL 硬件描述语言，具备丰富的 FPGA 开发经验，熟练使用 Xilinx、Altera 等主流 FPGA 开发工具。 2） 熟悉数字电路设计，掌握常用的数字电路芯片，如 DDR、SPI、I2C 等接口电路设计。 3） 了解图像处理算法，熟悉图像的采集、传输、处理流程，能够在 FPGA 上实现基本的图像处理功能。 4） 具备一定的硬件调试能力，熟练使用示波器、逻辑分析仪等硬件测试工具，能够独立解决硬件调试过程中的问题。 3. 工作经验：具有 3 年以上 FPGA 开发工作经验，有相机或图像采集处理相关项目经验者优先。 4. 综合素质： 1）具备较强的问题解决能力和创新思维，能够在复杂的技术问题中找到解决方案。 2）良好的团队协作精神和沟通能力，能够与跨部门团队有效合作，共同完成项目目标。 3）工作认真负责，注重细节，有较强的责任心，能够在规定时间内高质量完成工作任务 奖金绩效 五险一金、周末双休、定期团建、年终奖金、带薪年假、定期体检、 工作地点 杭州西湖区HIAS科创园总部园区503 以担保或任何理由索要财物，扣押证照，均涉嫌违法。一经发现， 立即举报,"Verilog HDL,XILINX,Altera",http://www.zhaopin.com/jobdetail/CC887878130J40642223106.htm?refcode=4019&srccode=401901&preactionid=98569a48-d781-4bca-aea6-c4f8490c67c4
FPGA逻辑开发工程师,华清瑞达,1-1.8万,天津·西青·中北,广州,本科,经验不限,12月9日,zhilian,"岗位职责： 1、运用 Altera、Xilinx 等公司的 FPGA/CPLD 器件参与整体系统方案并完成 FPGA 相关部分设计； 2、负责产品研发中 FPGA 资源的评估及代码设计，与硬件人员沟通协调完成设 计； 3、负责各功能模块的编写、仿真、时序约束/分析、RTL 代码的逻辑综合、调 试、测试； 4、参与 FPGA在系统中的调试，协助定位设计中的 Bug；配合软件/ 应用人员 进行调试； 5、项目相关文档撰写和维护，项目相关代码、工程维护。 任职要求： 1、电子工程、半导体物理与器件、微电子学、通信、数字信号处理相关专业，本科及以上学历； 2、熟练使用 Verilog 或 VHDL,有实际 FPGA 代码编写经验； 3、掌握 FPGA 设计方法，熟悉 Xilinx 或 Altera 等公司的 FPGA/CPLD 器件； 4、熟练使用 Quartus/ISE/Vivado、Modelsim 等 FPGA 设计工具； 5、具有 SRIO、PCIe、DDR、nand-flash、网口、USB、光口等开发经验者优 先； 6、有实际的 FPGA 调试经验，有良好的硬件基础知识； 7、可熟练阅读英文手册，具有良好的代码编写习惯，良好的技术文档编写能力； 8、具有良好的团队合作精神，具有良好的道德观，有强烈地实现自我价值的愿望。 职位福利：五险一金、全勤奖、餐补、带薪年假、定期体检、节日福利、周末双休、健身俱乐部 工作地点 天津西青区新城市中心写字楼B座8-9层 以担保或任何理由索要财物，扣押证照，均涉嫌违法。一经发现， 立即举报","FPGA,Altera,CPLD,时序约束",http://www.zhaopin.com/jobdetail/CC247186020J40264628802.htm?refcode=4019&srccode=401901&preactionid=98569a48-d781-4bca-aea6-c4f8490c67c4
fpga开发工程师,安徽快易电新能源科技集团有限公司,1.5-3万,合肥·包河·大圩,广州,本科,5-10年,7月25日,zhilian,岗位职责： 1、电力电子产品嵌入式单板软件开发。 2、根据产品的方案，梳理软件需求规格。 3、负责逆变器等产品软件部分的概要设计和详细设计输出文档。 4、负责开发和维护数字电源的程序架构，发现和解决存在的设计问题。 二、任职要求： 1、电力电子相关专业，本科以上学历。有5年以上大功率数字电源软件开发工作经验。 2、熟悉常见电路拓扑（无桥，全桥等PFC 设计，熟悉LLC设计，DC/DC等），对各类拓扑的控制策略有深刻理解; 3、熟悉常用fpga。 4、熟悉I2C、SPI等接口，熟悉MODBUS、CAN等主要的总线协议。 5、有逆变器或大功率电源开发经验者优先。 工作地点 合肥包河区安徽快易电新能源科技集团有限公司 以担保或任何理由索要财物，扣押证照，均涉嫌违法。一经发现， 立即举报,"C++,FPGA",http://www.zhaopin.com/jobdetail/CCL1360633360J40872893309.htm?refcode=4019&srccode=401901&preactionid=98569a48-d781-4bca-aea6-c4f8490c67c4
FPGA逻辑开发工程师,凌云光技术股份有限公司,1.9-2.5万,西安·长安·郭杜,广州,硕士,1-3年,7月21日,zhilian,职位描述 Verilog Verilog HDL System Verilog 图像处理 相机 岗位内容： 1. 设计相机FPGA原型，包括架构设计、算法添加和IP集成。 2. 编写Verilog HDL代码进行仿真、综合和布局布线。 3. 完成FPGA验证测试，并对设计问题进行排查修复。 4. 参与产品级FPGA设计规格书的制定和执行。 任职要求： 1. 具有相机，图像处理逻辑FPGA开发经验。 2. 熟练掌握HDL编程语言（如Verilog、VHDL）。 3. 熟悉数字信号处理和可编程逻辑器件。 4. 熟练使用EDA工具，例如Quartus、Vivado等。 5. 具备良好的沟通与团队协作能力以及问题解决能力。 工作地点 陕西省西安市长安区新型工业园西部大道2号J14号楼 以担保或任何理由索要财物，扣押证照，均涉嫌违法。一经发现， 立即举报,"Verilog,Verilog HDL,System Verilog,图像处理,相机",http://www.zhaopin.com/jobdetail/CCL1290237120J40884129213.htm?refcode=4019&srccode=401901&preactionid=98569a48-d781-4bca-aea6-c4f8490c67c4
fpga测试工程师,厦门海景微电子有限公司,1.3-1.6万·14薪,厦门·思明·莲前,广州,本科,3-5年,7月25日,zhilian,职位描述 FPGA 半导体/芯片 计算机硬件 1、负责导航通信产品中FPGA功能的板级测试与系统验证； 2、负责FPGA程序及模块的编写、算法的仿真、调试、测试验证； 3、负责所完成产品的可靠性和稳定性维护及改进; 4、负责所完成产品的相关设计文档、说明文档和测试文档的编写、维护; 5、支持硬件工程师调试。 工作地点 厦门思明区软件园-望海路39号楼 以担保或任何理由索要财物，扣押证照，均涉嫌违法。一经发现， 立即举报,"FPGA,半导体/芯片",http://www.zhaopin.com/jobdetail/CCL1491718490J40771873006.htm?refcode=4019&srccode=401901&preactionid=98569a48-d781-4bca-aea6-c4f8490c67c4
FPGA开发（高速接口方向）(J15283),中航华东光电有限公司,2-3.5万,芜湖·弋江区·芜湖高新技术产业开发区,广州,本科,5-10年,7月24日,zhilian,岗位职责: 职位描述： 1、常规逻辑功能开发； 2、基于FPGA的高速接口扩展开发； 3、高速视频信号处理； 任职要求: 岗位要求： 1.熟练使用相关软件，独立开展代码编写，综合，布局布线、时序约束及静态时序分析； 2.独立开展仿真用例及tb文件编写，功能仿真，时序仿真； 3.熟悉FPGA高速serdes接口，有以太网口、PCIE、光纤、DDR3、MIPI、LVDS、HDMI等接口开发经验。 工作地点 芜湖弋江区中航华东光电有限公司 以担保或任何理由索要财物，扣押证照，均涉嫌违法。一经发现， 立即举报,"HDMI,MIPI,GTX",http://www.zhaopin.com/jobdetail/CC239600020J40732155516.htm?refcode=4019&srccode=401901&preactionid=98569a48-d781-4bca-aea6-c4f8490c67c4
fpga开发工程师,中软国际,面议,成都·青羊·苏坡,广州,本科,3-5年,7月9日,zhilian,职位描述 Verilog HDL VHDL System Verilog 半导体/芯片 计算机硬件 通信/网络设备 熟悉常用的FPGA器件及开发，能够熟练应用逻辑设计开发工具，熟练掌握Verilog或VHDL语言设计，熟悉系统验证及调试，能够根据需求进行任务分解与实现，能够编写清晰的技术文档和用户文档 工作地点 青羊区成都凯天电子股份有限公司 以担保或任何理由索要财物，扣押证照，均涉嫌违法。一经发现， 立即举报,"Verilog HDL,VHDL,System Verilog",http://www.zhaopin.com/jobdetail/CC508620120J40910130812.htm?refcode=4019&srccode=401901&preactionid=988c0d20-d399-4ea0-8000-8fb6e1cb6921
FPGA开发工程师,北京青云航空仪表有限公司,1.6-3万,北京·顺义·旺泉,广州,硕士,经验不限,3月24日,zhilian,职位描述 Verilog System Verilog C语言 C++ 半导体/芯片 计算机软件 船舶/航空/航天/军工 我们正在寻找一位资深的FPGA开发工程师， 工作内容： 1. 负责FPGA系统的设计和开发工作； 2. 根据项目需求，独立进行模块设计、编码和测试； 3. 负责FPGA系统的调试和优化工作，确保系统性能达到预期； 4. 与硬件、软件团队紧密合作，完成系统联调和集成工作； 5. 根据公司开发流程，编写相关文档，参加代码评审。 岗位要求： 1. 电子、通信、计算机等相关专业硕士及以上学历； 2. 具有FPGA软/硬件开发经验； 3. 熟练掌握Verilog等硬件描述语言； 4. 熟悉主流FPGA芯片及其开发工具； 5. 良好的沟通能力和团队协作精神。 工作地点 北京市-顺义区-时骏街5号 以担保或任何理由索要财物，扣押证照，均涉嫌违法。一经发现， 立即举报,"Verilog,System Verilog,C语言,C++",http://www.zhaopin.com/jobdetail/CC000568200J40867226108.htm?refcode=4019&srccode=401901&preactionid=988c0d20-d399-4ea0-8000-8fb6e1cb6921
FPGA设计工程师,XX公司,8000-12000元,苏州·姑苏·吴门桥,广州,本科,3-5年,7月21日,zhilian,职位描述 C语言 互联网电商 熟练使用PCB绘图软件，能够独立完成数字系统板卡的layout；熟练使用Verilog硬件描述语言，基本掌握状态机设计等；熟悉PCIE、USB、ISA、 CAN等常用高速接口；有相关基础者亦可 职位福利：五险一金、绩效奖金、全勤奖、带薪年假、节日福利、项目奖金 工作地点 姑苏区苏州燃气大厦 以担保或任何理由索要财物，扣押证照，均涉嫌违法。一经发现， 立即举报 客户,C语言,http://www.zhaopin.com/jobdetail/CCL1318355140J40390568503.htm?refcode=4019&srccode=401901&preactionid=988c0d20-d399-4ea0-8000-8fb6e1cb6921
资深FPGA数字开发工程师,苏州魁特思信息科技有限公司,1-2万,苏州·工业园区,广州,本科,经验不限,12月1日,zhilian,岗位职责： 1、从事视频图像采集和处理系统的FPGA系统研发； 2、负责项目中FPGA方案设计、FPGA设计文档撰写、维护； 3、负责FPGA代码编写、模块设计及仿真调试和验证、资源优化与时序优化。主要涉及各种SerDes接口和控制逻辑设计、DDR3控制器、图像处理算法硬件实现； 任职要求： 1、电子、微电子、通信、计算机等相关专业，硕士0~3年经验或本科2~6年经验； 2、熟练Verilog/VHDL代码设计和仿真；熟悉FPGA开发流程与开发工具，熟悉FPGA芯片架构，熟悉电路设计相关知识； 3、有FPGA采集、控制和简单图像处理算法的经验； 4、有DDR、MIPI CPHY、MIPI DPHY、PCIE、SerDes接口、Ethernet等相关的开发经验者优先； 职位福利：年底双薪、五险一金、餐补、带薪年假、定期体检、绩效奖金、加班补助、节日福利 工作地点 工业园区苏州蓝思科技发展有限公司B栋B1五楼苏州魁特思信息科技有限公司 以担保或任何理由索要财物，扣押证照，均涉嫌违法。一经发现， 立即举报,VHDL，FPGA，DDR,http://www.zhaopin.com/jobdetail/CC368202181J00466677003.htm?refcode=4019&srccode=401901&preactionid=988c0d20-d399-4ea0-8000-8fb6e1cb6921
FPGA设计工程师,智冠华高科技(大连)有限公司,1-1.8万,大连·甘井子·凌水,广州,本科,3-5年,7月2日,zhilian,"岗位职责： 1、负责FPGA总体逻辑设计，关键功能调试与实现。 3、 Verilog/VHDL代码编写、仿真、时序约束/分析。 4、编写相关设计文档、调测试过程文档、使用说明文档。 5、根据要求负责FPGA逻辑概要设计及详细设计文档。 6、根据要求设计、开发、调试、维护、管理符合功能、性能要求的产品FPGA逻辑设计。 7、参与解决各种逻辑设计技术问题，参与分析与FPGA逻辑设计相关的硬件板卡或系统的故障原因。 8、参与编写和评审FPGA逻辑设计规范，对其他FPGA设计进行评审。 9、根据部门工作安排，承担FPGA项目其他相关研发工作。 任职条件： 1、本科及以上学历，微电子、通信或相关专业； 2、熟练掌握至少一种FPGA开发工具，如ISE,Vivado,Diamond； 4、能独立完成FPGA逻辑设计； 5、熟悉模拟/数字信号采样电路及常用通信电路； 6、有良好的编程习惯和过程文档编写能力； 7、极强的团队合作和沟通协调能力。 工作地点 大连甘井子区创业大厦A座1701室 以担保或任何理由索要财物，扣押证照，均涉嫌违法。一经发现， 立即举报","Verilog HDL,VHDL",http://www.zhaopin.com/jobdetail/CC632863230J00204882111.htm?refcode=4019&srccode=401901&preactionid=988c0d20-d399-4ea0-8000-8fb6e1cb6921
fpga工程师,南京安太芯电子有限公司,1.2-2.4万·13薪,南京·秦淮·瑞金路,广州,本科,1-3年,7月23日,zhilian,岗位职责： 1. 通信遥感与雷达系统中数字电路及软件设计与调测； 2. 负责协同测试、硬件等同事解决研发测试，生产测试和量产产品中出现的相关问题； 3. 技术文件的编写。 二、岗位要求（满足以下其中一条均可）： 1. 熟悉 LabView 或者 C_Sharp 和 C++等编程语言； 2. 有FPGA 开发经验，熟悉 VIVADO 或 Quartus 等软件； 3. 有嵌入式（单片机或者 ARM）开发经验。 工作地点 南京市-秦淮区-中山东路524号 以担保或任何理由索要财物，扣押证照，均涉嫌违法。一经发现， 立即举报,"labview,C语言",http://www.zhaopin.com/jobdetail/CC828501310J40873568005.htm?refcode=4019&srccode=401901&preactionid=988c0d20-d399-4ea0-8000-8fb6e1cb6921
FPGA开发工程师,北京信而泰科技股份有限公司,1-1.8万,西安·雁塔·丈八沟,广州,本科,经验不限,7月3日,zhilian,岗位职责： 1、独立完成较复杂逻辑项目/模块的特性分析、设计、编码、仿真和上板调试，相关问题的定位与解决，配套文档的编写； 2、及时定位解决客户反馈或内部测试中发现的逻辑相关问题； 3、与周边同事通力合作密切配合，有领导能力能够负责整个产品/项目的协调和端到端交付者优先考虑。 4、能有效应对一段时期的较重的进度和工作量压力，按时保质交付。 任职要求: 1、具有良好的数字电路基础知识，有较强的逻辑思维能力，工作踏实细心； 2、精通FPGA设计开发的专业能力，熟悉器件结构，精通Verilog HDL语言，熟练使用Vivado、Quartus，熟悉VCS、Modelsim等工具。 3、具备高速外存接口设计经验，例如DDR、QDR、RLDRAM等； 4、具备高速串行接口使用经验，例如100GMAC、40GMAC、PCIe-DMA、Interlaken等； 5、熟悉以太网协议，具备高速以太网开发和测试经验，例如100G、400G以太网； 6、具通信领域经验者优先； 7、有很好的团队协作意识和沟通能力，抗压能力强，自我管理能力强； 8、优秀应届毕业生。 工作地点 雁塔区绿地蓝海大厦西安市高新区丈八一路绿地蓝海大厦3层311室 以担保或任何理由索要财物，扣押证照，均涉嫌违法。一经发现， 立即举报,"Verilog HDL,System Verilog,以太网,高速接口",http://www.zhaopin.com/jobdetail/CC156343810J40847344607.htm?refcode=4019&srccode=401901&preactionid=988c0d20-d399-4ea0-8000-8fb6e1cb6921
fpga开发工程师,江苏阿瑞斯智能设备有限公司,1.3-2.5万,无锡·新吴·新安,广州,本科,5-10年,7月20日,zhilian,岗位职责： （1）负责FPGA逻辑设计、仿真、综合、布局布线等开发工作。 （2）根据项目需求，进行FPGA器件选型和配置。 （3）编写和维护相关技术文档。 （4）配合软件工程师完成系统集成和测试工作。 （5）参与产品优化和改进，提高系统性能和稳定性。 2、岗位要求： （1）电子、通信、计算机等相关专业本科及以上学历，5-10年以上的相关工作经验，熟悉数字电路设计和FPGA开发流程。 （2）精通Verilog或VHDL编程语言，熟练掌握C++语言，有实际FPGA代码编写和调试经验，参与过项目研发全流程，具备大规模逻辑开发经验。 （3）熟悉Xilinx、Intel、Altera等主流FPGA器件及开发工具。 （4）具备较强的逻辑分析能力和问题解决能力，善于沟通协作。 （5）有高速接口（如PCIe、HDMI、USB等）开发经验者优先。 （6）具备良好的团队合作意识和精神，能够有效配合并协同团队解决项目开发与调试过程中遇到的问题。 （7）英语四级以上，能熟练阅读和理解英文资料、读写能力熟练。 3、技能要求： （1）熟练使用EDA工具进行逻辑综合、布局布线等操作。 （2）熟悉硬件调试和测试方法，能够进行硬件调试和故障排查。 （3）有音频、视频处理或高速通信领域相关经验者优先。 4、知识要求： （1）了解FPGA工作原理及开发流程。 （2）熟悉数据传输和处理算法。 （3）对硬件设计的安全性、可靠性和稳定性有深入的理解。 工作地点 无锡新吴区江苏阿瑞斯智能设备有限公司 以担保或任何理由索要财物，扣押证照，均涉嫌违法。一经发现， 立即举报,"高速接口开发经验,FPGA全流程开发经验",http://www.zhaopin.com/jobdetail/CC290814880J40868482614.htm?refcode=4019&srccode=401901&preactionid=988c0d20-d399-4ea0-8000-8fb6e1cb6921
FPGA/数字测试工程师,软通动力信息技术(集团)股份有限公司,8000-10000元,南京·江宁·淳化,广州,本科,1-3年,7月23日,zhilian,职位描述 Verilog HDL FPGA 软件/IT服务 FPGA/数字测试工程师 工作职责： 1.负责一些简单数字模块的开发/验证工作，负责FPGA烧录后的测试工作； 2.负责客户一些简单FPGA问题的支撑。 任职要求： 1.具备良好的硬件/FPGA基础，了解硬件/FPGA测试相关知识，掌握硬件原理图/PCB阅读能力，能够读懂常见的模拟芯片数据手册； 2.电子信息类专业毕业，熟悉数电/模电等课程，熟悉相关工具软件及测试仪器仪表使用； 3.熟悉Verilog语言，有过verilog编程开发经验，熟悉xilinx FPGA相关知识，有FPGA开发测试经验者优先； 4.熟悉python脚本语言，有自动化测试脚本开发经者优先。 工作地点 江宁区南京软通动力信息技术有限公司 以担保或任何理由索要财物，扣押证照，均涉嫌违法。一经发现， 立即举报,"Verilog HDL,FPGA",http://www.zhaopin.com/jobdetail/CC000544460J40832632916.htm?refcode=4019&srccode=401901&preactionid=988c0d20-d399-4ea0-8000-8fb6e1cb6921
fpga工程师,华明传感技术(深圳)有限公司,2.8-4万,东莞·凤岗镇,广州,本科,3-5年,7月9日,zhilian,岗位职责: 1. 负责线激光3D轮廓扫描仪ZYNQ平台方案设计：**包括多源触发时序（PLC/编码器/相机）协同**、数据流规划与实时性保障。 2. 负责PL端FPGA核心功能开发： - 激光条纹图像预处理与**亚像素光条中心提取**； - **编码器信号（差分/正交/单端）滤波、倍频、鉴相与位置计数**； - **PLC外部触发信号的消抖、同步、与编码器位置的硬件锁定逻辑**； - **基于编码器等间距触发或PLC位置列表触发的图像采集时序控制**。 3. 负责PS端嵌入式软件开发：轮廓数据融合、**编码器位置与轮廓数据的绑定**、FIFO/缓存管理、实时通信协议（Ethernet/EtherCAT/串口）。 4. 配合现场工程师解决**运动抖动、丢脉冲、触发抖动、位置与轮廓对不齐**等时序关键问题。 5. 编写触发时序图、编码器配置规范、多设备同步方案及现场调试文档。 工作地点 东莞都市慧谷 以担保或任何理由索要财物，扣押证照，均涉嫌违法。一经发现， 立即举报,"半导体/芯片,工业自动化/机器人",http://www.zhaopin.com/jobdetail/CCL1414344220J40946065908.htm?refcode=4019&srccode=401901&preactionid=988c0d20-d399-4ea0-8000-8fb6e1cb6921
fpga工程师,成都迈硕电气有限公司,1.5-2.5万·13薪,成都·郫都·犀浦,广州,本科,3-5年,5月19日,zhilian,岗位职责： 1、负责产品交付中的产品功能的FPGA开发、移植； 2、负责基于行业应用的产品功能、算法开发； 3、负责产品的逻辑开发、自验、转测试； 4、开发总结和设计流程文档编写； 5、负责交付产品的逻辑层技术支持。 任职要求： 1、熟练掌握Verilog，具备高速FPGA开发经验。 2、熟悉常用高速ADC/DAC/时钟芯片配置与调试，了解时钟树设计。 3、熟悉DDC/DUC、FFT等数字信号处理算法的FPGA实现。 4、具备板级硬件调试能力，熟练使用示波器、逻辑分析仪等工具。 5、本科及以上学历，通信、电子、计算机等相关专业 工作地点 四川省成都市郫都区天虹路3号C栋1号门5楼 以担保或任何理由索要财物，扣押证照，均涉嫌违法。一经发现， 立即举报,"Verilog HDL,C++,System Verilog",http://www.zhaopin.com/jobdetail/CC411633510J40843062401.htm?refcode=4019&srccode=401901&preactionid=988c0d20-d399-4ea0-8000-8fb6e1cb6921
FPGA开发工程师,中国航空工业集团公司雷华电子技术研究所,面议,无锡·北大街,广州,硕士,5-10年,7月17日,zhilian,职位描述 半导体/芯片 岗位内容： 1. 设计数字信号处理电路和FPGA原型。 2. 编写Verilog HDL代码，进行模拟仿真、综合和布局布线。 3. 完成FPGA验证测试，并发现并解决设计问题。 4. 实现FPGA设计规格书，包括架构、设计、实现和验证。 任职要求： 1. 精通数字电路设计和FPGA设计流程。 2. 具有丰富的HDL编程经验，熟练使用Verilog HDL语言。 3. 对数字信号处理和FPGA设计算法有深入了解。 4. 熟悉EDA工具链，如Vivado、Quartus等。 5. 有良好的沟通、团队协作能力和问题解决技巧。 6. 研究生及以上学历，专业是电子、通信、计算机或相关领域。 工作地点 无锡市-梁溪区-车站路1号 以担保或任何理由索要财物，扣押证照，均涉嫌违法。一经发现， 立即举报,半导体/芯片,http://www.zhaopin.com/jobdetail/CC516740720J40863024904.htm?refcode=4019&srccode=401901&preactionid=988c0d20-d399-4ea0-8000-8fb6e1cb6921
FPGA开发工程师,桂林长海发展有限责任公司,1-1.3万,桂林·秀峰区·甲山街道,广州,硕士,经验不限,7月1日,zhilian,职位描述 Verilog HDL VHDL C++ 半导体/芯片 1、具备扎实的数字信号处理、数电等理论知识； 2、精通Verlog/VHDL语言，掌握Xilinx/Altera至少一种FPGA开发工具，掌握C语言及DSP开发工具； 3、熟练使用matlab进行信号处理算法仿真。 工作地点 桂林秀峰区长海五村(公交站)长海路3号 以担保或任何理由索要财物，扣押证照，均涉嫌违法。一经发现， 立即举报,"Verilog HDL,VHDL,C++",http://www.zhaopin.com/jobdetail/CC144907280J40701304711.htm?refcode=4019&srccode=401901&preactionid=988c0d20-d399-4ea0-8000-8fb6e1cb6921
初级FPGA工程师,成都恩菲特科技有限公司,8000-11000元,成都·武侯·肖家河,广州,本科,1-3年,7月1日,zhilian,职位描述 Verilog HDL VHDL 数字系统设计 半导体/芯片 任职要求： 1、熟悉xilinx系列fpga； 2、熟悉复旦微系列fpga； 3、具有mb和zynq设计经验； 4、具有丰富的接口设计经验，熟悉spi，iic，gtx，uart等常用接口； 5、工作经验1年以上； 6、工作内容：参与产品研发和项目研发中的逻辑开发工作，包括方案讨论和设计，fpga编程，硬件协议（寄存器接口和操作说明）等文档编写；常用IP库的维护和开发；产品问题排故。 工作地点 武侯区成都市高新区科园二路10号航利研发中心3栋1单元5楼 以担保或任何理由索要财物，扣押证照，均涉嫌违法。一经发现， 立即举报,"Verilog HDL,VHDL,数字系统设计",http://www.zhaopin.com/jobdetail/CC232180710J40871364304.htm?refcode=4019&srccode=401901&preactionid=988c0d20-d399-4ea0-8000-8fb6e1cb6921
FPGA开发工程师,陕西佳帮手集团控股有限公司,1.9-2.3万,西安·长安·郭杜,广州,硕士,1-3年,7月23日,zhilian,职位描述 Verilog HDL VHDL 专用设备制造 工业自动化/机器人 通信/网络设备 工作职责： 1.负责从设备级/硬件级需求中捕获分解FPGA配置项需求，并且符合RTCA/DO-254标准。 2.负责基于Microchip (Actel)/Xilinx等系列FPGA的系统架构设计及RTL代码（VHDL/Verilog）编写。 3.完成代码的仿真验证（ModelSim等）、静态时序分析（STA）、编码规则检查，确保设计的正确性、可靠性与可综合实现。 4.负责FPGA与外围电路的联合调试，协同硬件工程师进行电路板级调试与问题定位。 5.编写FPGA计划、需求、设计、验证等相关文档。 岗位要求： 1.精通VHDL或Verilog语言，具备良好的代码风格，能独立完成复杂逻辑的代码设计与优化。 2.熟练掌握FPGA开发全流程（综合、布局布线、STA），熟练使用Libero SoC、Vivado等主流开发环境。 3.熟练使用ModelSim等工具进行功能仿真和时序仿真。 4.熟悉Microchip (原Actel) 系列FPGA（如SmartFusion2、ProASIC3等）的架构特点。 5.熟练掌握Libero SoC设计套件，熟悉其集成的Synplify综合及ModelSim仿真流程。 6.具备严谨的逻辑思维能力和在复杂系统中定位问题的能力。 7.具有较强的责任心，以及良好的团队协作精神和沟通能力。 8.有民机项目FPGA研制经验者优先。 工作地点 西安长安区郭杜街道 以担保或任何理由索要财物，扣押证照，均涉嫌违法。一经发现， 立即举报,"Verilog HDL,VHDL",http://www.zhaopin.com/jobdetail/CC864264610J40946506508.htm?refcode=4019&srccode=401901&preactionid=988c0d20-d399-4ea0-8000-8fb6e1cb6921
初级FPGA工程师,上海瀚儒通信技术有限公司,8000-10000元,上海·浦东·张江,广州,本科,经验不限,7月25日,zhilian,"职位描述 FPGA Verilog DSP开发 ARM开发 通信/网络设备 职位描述： 1、 从事无线通信基带算法实现。 2、 采用FPGA完成中频滤波、基带调制解调等数字信号处理模块的设计。 3、 采用FPGA完成ZYNQ架构的PL和PS模块设计。 4、 完成FPGA的概要设计、编码、仿真验证和平台测试等工作。 职位要求： 1、本科及以上学历，电子、通信专业，2年以上大规模FPGA设计经验； 2、熟悉无线通信的相关知识，具有中频或者基带算法开发经验，掌握数字信号处理的FPGA实现技术； 3、熟练掌握基于FPGA的设计流程，精通verilog或者VHDL语言，能够完成从系统要求、架构设计到详细设计、代码设计、仿真验证等工作，熟悉ZYNQ等SOC平台的优先考虑； 4、良好的数字电路基础，较强的电路设计、调试能力，熟练使用信号源、频谱仪和示波器等常用仪器； 5、具备良好的职业道德和工作态度，服从管理，踏实谦虚勤奋，爱岗敬业负责任，肯于钻研技术难题，具备良好的理解能力、沟通能力和团队合作精神； 福利待遇： 工作时间朝9晚6中午有一个半小时休息时间、周末双休、带薪年假、法定节假日休息、节日福利、员工旅游、五险一金、年终奖。 工作表现优异者有绩效奖金。 一年两次加薪考核,表现优异者可以获得加薪。 * 我们需要：踏实能干，有能力，谦虚奋进，能吃苦，有团队精神的年轻人。如果你是，就加入我们吧！ 职位福利：五险一金、带薪年假、员工旅游、节日福利、周末双休 工作地点 上海浦东新区九洲中心二楼C201室 以担保或任何理由索要财物，扣押证照，均涉嫌违法。一经发现， 立即举报","FPGA,Verilog,DSP开发,ARM开发",http://www.zhaopin.com/jobdetail/CC302029310J40192654813.htm?refcode=4019&srccode=401901&preactionid=988c0d20-d399-4ea0-8000-8fb6e1cb6921
FPGA设计开发工程师,上海北恩科技有限公司,1.5-2.5万,上海·浦东·张江,广州,本科,3-5年,7月24日,zhilian,岗位职责： 1) 参与项目(产品)需求分析； 2) 负责FPGA的相关功能方案设计、时序设计、代码编码、逻辑仿真以及功能调试； 3) 与硬件工程师协作完成相关FPGA的硬件电路方案设计与接口定义，配合软件、硬件、测试完成系统级测试； 4) 配合甲方支持项目验收的现场问题，分析定位解决项目中的遇到的问题、产品测试中出现和用户反馈的问题； 5) 负责FPGA设计及项目研制所需相关文档编制、评审、修改和存档。 任职要求： 1) 电子技术，电子信息工程，通信，电子信息，计算机等相关专业，本科及以上学历（应届要求为硕士，必要条件）； 2) 熟练掌握数字电路、模拟电路及数字信号处理等相关知识，三年以上FPGA开发设计经验； 3) 熟悉Xilinx FPGA器件，开发环境及仿真调试工具（必要条件），熟悉兼容国产平台； 4) 熟悉VerilogHDL语言及FPGA开发流程和仿真技术，具有独立的FPGA设计仿真、调试能力（必要条件）； 5) 熟悉FPGA各种接口调试，USB、网口、光纤接口、PCIe总线、FPGA和DSP之间的各种总线以及SRIO接口的调试；职能类别：FPGA开发工程师 6)熟练掌握TTP、TTE或TSN协议的人员优先 工作地点 上海浦东新区895创新基地401室 以担保或任何理由索要财物，扣押证照，均涉嫌违法。一经发现， 立即举报,FPGA 、TTP、XILINX,http://www.zhaopin.com/jobdetail/CC213765430J40857902005.htm?refcode=4019&srccode=401901&preactionid=988c0d20-d399-4ea0-8000-8fb6e1cb6921
FPGA工程师,厦门海景微电子有限公司,1.3-1.6万·14薪,厦门·思明·莲前,广州,硕士,3-5年,7月22日,zhilian,职位描述 Verilog HDL 半导体/芯片 通信/网络设备 岗位描述： 1、负责导航通信产品中FPGA逻辑的设计、实现、仿真和调试； 2、完成与GNSS基带、信号处理、高速接口等相关的FPGA开发任务； 3、配合硬件和软件团队进行系统联调和性能优化； 4、编写相关设计文档和技术报告； 5、参与产品从概念到量产的全周期开发，提供技术支持与解决方案。 任职要求： 1、电子、通信相关专业硕士及以上学历，3年以上FPGA开发经验； 2、熟练掌握Verilog/VHDL语言和常用EDA工具（Vivado/Quartus）； 3、有信号处理、数字滤波、高速接口开发经验者优先； 4、了解卫星导航或无线通信原理者优先； 5、具备良好的分析和解决问题能力； 6、接受应届毕业生。 工作地点 厦门思明区软件园-望海路39号楼 以担保或任何理由索要财物，扣押证照，均涉嫌违法。一经发现， 立即举报,Verilog HDL,http://www.zhaopin.com/jobdetail/CCL1491718490J40734339106.htm?refcode=4019&srccode=401901&preactionid=93a0856f-3576-4478-b76d-5d78ccf01b8d
电子工程师（FPGA）,成都金飞凌科技有限公司,1.5-2.5万·13薪,成都·武侯·金花桥,广州,本科,5-10年,7月20日,zhilian,岗位职责】： 1、根据项目需求，负责需求分析、功能划分、方案设计、逻辑实现以及FPGA选型； 2、负责FPGA架构设计、逻辑设计、编程开发、仿真验证和测试等工作； 3、负责FPGA模块级的方案设计、代码实现及验证； 4、负责上板调试，时序优化、性能优化或片上资源优化等； 5、协同软、硬件完成系统联调、测试； 6、负责项目中涉及的相关文档编写及维护。 【任职要求】: 1、计算机/电子信息/微电子/通信等相关专业，本科及以上学历； 2、对PFGA芯片架构和资源有深入理解，熟练掌握时序约束、时序分析、时序优化等方法； 3、5年及以上FPGA工作经验，熟悉FPGA外部存储控制及数据传输接口； 4、熟悉FPGA开发环境、开发工具、仿真调试工具以及FPGA开发流程； 5、熟练掌握verilog或者vhdl语言； 7、熟悉音视频、图像处理工作经验的优先； 8、工作严谨务实、具备良好的文档能力和沟通能力； 工作地点 成都武侯区神州智慧天地B座B座701 以担保或任何理由索要财物，扣押证照，均涉嫌违法。一经发现， 立即举报,"Verilog HDL,VHDL,System Verilog,LVDS,HDMI",http://www.zhaopin.com/jobdetail/CC373991530J40865730507.htm?refcode=4019&srccode=401901&preactionid=93a0856f-3576-4478-b76d-5d78ccf01b8d
FPGA设计工程师,上海咏绎仪器仪表有限公司,1.5-2.5万·13薪,青岛·黄岛·长江路,广州,本科,5-10年,7月18日,zhilian,"岗位职责 1.负责FPGA软件代码编写、模块设计及仿真调试，包括控制逻辑设计、数字信号处理算法设计、通讯接口设计等； 2.负责FPGA相关文档的编写； 3.负责FPGA方案设计，参与项目的整体规划与实施； 4.配合软、硬件人员完成整系统联调测试； 岗位要求 1) 电子工程、通讯工程、信号与信息处理、测控技等专业本科及以上学历，有3年以上实际工作经验者优先； 2) 熟悉Xlinx等公司FPGA芯片、熟悉Vivado、ISE、Modelsim等FPGA设计和仿真工具； 3) 熟悉FPGA高速IO接口设计,具有基于FPGA SerDesD的高速接口设计经验； 4) 具有SPI、以太网、PCIe、USB总线接口设计经验者优先； 5) 具备较多的故障定位、问题分析和解决问题的调试经历； 6) 具有良好的硬件基础，能够使用逻辑分析仪、示波器等工具； 7) 具有良好的沟通能力和团队合作精神。 工作地点 黄岛区青岛研创中心 以担保或任何理由索要财物，扣押证照，均涉嫌违法。一经发现， 立即举报","半导体/芯片,仪器仪表",http://www.zhaopin.com/jobdetail/CC157801810J40873879509.htm?refcode=4019&srccode=401901&preactionid=93a0856f-3576-4478-b76d-5d78ccf01b8d
fpga工程师,南京谱数光电科技有限公司,1-2万,南京·玄武·孝陵卫,广州,本科,1-3年,7月14日,zhilian,岗位职责： 1.基于Xilinx/Altera开发平台进行产品研发，负责FPGA代码的设计、实现、仿真与调试； 2.负责FPGA的模块化设计和系统集成，完成硬件/软件接口的定义，以及相关需求分析及管理工作； 3.承担FPGA工程的综合、实现、布局布线及时序分析，优化时序性能，解决芯片资源占用、时序违例等问题； 4.负责部分原理图设计和硬件调试工作，配合完成硬件板卡测试与问题排查； 5.负责处理器和上位机的C语言编程，配合嵌入式软件工程师完成软硬件协同开发与联调； 6.参与FPGA硬件选型，结合项目需求评估芯片资源、性能及成本，提供技术选型建议； 7.完成设计开发过程文档的编写整理，包括逻辑设计文档、仿真报告、调试手册、接口说明等，做好项目技术沉淀。 任职要求： 1.本科及以上学历，电子信息工程、微电子、通信工程、自动化等电子类相关专业； 2.熟练使用Verilog/VHDL硬件描述语言编码，熟练使用EDA开发软件，具有独立完成FPGA编码、仿真、调试的能力； 3.对FPGA器件结构、资源评估有深入了解，掌握时序分析、跨时钟域处理等核心技术，能独立解决开发中的技术问题； 4.具有一定硬件基础，能熟练使用示波器、逻辑分析仪等测试仪器开展硬件调试工作； 5.熟悉matlab/C语言编程优先，熟悉FPGA、DSP和ARM协同工作过程优先； 6.熟悉layout设计规则、原理图设计，具有图像处理开发或者SOC系统设计经验优先； 7.具备良好的项目把控能力，能够独立承担FPGA相关研发项目，有良好的技术文档编写习惯； 8.具备团队协作精神，沟通协调能力良好，能高效配合软件、架构工程师完成项目联调与交付 工作地点 玄武区南京理工大学光学前沿交叉研究中心 以担保或任何理由索要财物，扣押证照，均涉嫌违法。一经发现， 立即举报,半导体/芯片,http://www.zhaopin.com/jobdetail/CC843489740J40830937801.htm?refcode=4019&srccode=401901&preactionid=93a0856f-3576-4478-b76d-5d78ccf01b8d
嵌入式软件及fpga测试工程师(西安),中国航空综合技术研究所,1.5-2万,西安·长安·郭杜,广州,本科,经验不限,7月22日,zhilian,职位描述 通信/网络设备 半导体/芯片 船舶/航空/航天/军工 电子设备制造 嵌入式或FPGA软件测试工程师 15-20K 北京/西安/成都/沈阳 职位描述： 嵌入式或FPGA软件测试工程师，技能要求：C语言或 Verilog/VHDL，代码审查、静态分析等或功能仿真、时序仿真、静态时序分析等 工作内容： 1. 按照测评中心质量体系和测试流程，在项目组长带领下完成项目测试工作； 2. 参与能力验证机构发布的嵌入式或FPGA软件能力验证项目； 3. 参与新技术研究和技术创新项目； 4. 参与质量体系和测试流程的持续改进工作。 岗位要求： 1、电子信息技术相关专业，本科及以上学历。应届生，熟练掌握VHDL、Verilog或C语言； 2、具有良好的责任心，上进心，领悟能力，较强的理解能力和快速学习能力，良好的团队合作精神，较强的沟通和表达能力； 3、具有开发或测试经验者优先； 4、熟悉GJB141、或GJB 9433标准优先； 5、熟悉规则检查、功能仿真、门级仿真、时序仿真、静态时序分析、逻辑等效性分析、跨时钟域分析优先； 6、熟悉Testbed、klocwork、QuartusII、QustaSim等工具优先。 工作地点 长安区企业壹号公园1栋西安高新区西部大道 以担保或任何理由索要财物，扣押证照，均涉嫌违法。一经发现， 立即举报,"半导体/芯片,船舶/航空/航天/军工,电子设备制造",http://www.zhaopin.com/jobdetail/CC130648740J40464540808.htm?refcode=4019&srccode=401901&preactionid=93a0856f-3576-4478-b76d-5d78ccf01b8d
fpga开发工程师,爱克斯瑞真空技术(苏州)有限公司,2-4万,苏州·虎丘·枫桥,广州,大专,5-10年,6月30日,zhilian,职位描述 电路设计 VHDL 示波器 烙铁 C++ Verilog HDL 仪器仪表 专用设备制造 电气机械/电力设备 岗位内容： 1. 设计数字电路和FPGA原型，包括硬件架构设计、关键元器件选型（芯片、芯片、电源树设计）。 2. 编写Verilog HDL代码进行仿真、综合和布局布线。 3. 完成FPGA验证测试，并对设计问题进行排查修复。 4. 板级调试和软硬联调，快速定位并解决底层故障。 任职要求： 1. 具有数字电路设计和FPGA开发经验。 2. 熟练掌握HDL编程语言（如Verilog、VHDL）。 3. 熟悉数字信号处理和可编程逻辑器件。 4. 熟练使用EDA工具，示波器、电烙铁。 5. 具备良好的沟通与团队协作能力以及问题解决能力。 工作地点 苏州市-虎丘区-枫桥街道木桥街19号E幢5楼 以担保或任何理由索要财物，扣押证照，均涉嫌违法。一经发现， 立即举报,"电路设计,VHDL,示波器,烙铁,C++,Verilog HDL",http://www.zhaopin.com/jobdetail/CC628190430J40870093314.htm?refcode=4019&srccode=401901&preactionid=93a0856f-3576-4478-b76d-5d78ccf01b8d
FPGA逻辑开发工程师,河北微探科技有限公司,1.1-2万,秦皇岛·海港区·黄河道街道,广州,本科,3-5年,7月24日,zhilian,"岗位职责： 1.需求分析与方案设计： 参与FPGA相关模块或系统的需求分析，进行FPGA架构设计、资源评估、关键技术选型（器件、IP核、接口方案等），并制定详细设计文档。 2.RTL设计与实现： （1）使用硬件描述语言（HDL：Verilog HDL 或 VHDL）进行模块级或系统级的寄存器传输级（RTL）设计、编写清晰、可综合、可维护、可复用的代码。 （2）根据需求进行逻辑功能实现（如：数据处理流水线、状态机、控制逻辑、接口协议实现、算法硬件加速等）。 3.功能仿真与验证： (1)制定验证计划和测试用例。 (2)使用仿真工具（如 ModelSim, QuestaSim, VCS, Xcelium 等）进行RTL级功能仿真、时序仿真（后仿）。 (3)搭建和优化基于UVM（Universal Verification Methodology）或类似方法的验证平台（适用于复杂设计或需要高级验证技术的岗位）。 (4)使用SystemVerilog等语言编写测试平台（Testbench）和测试用例。 (5)进行覆盖率（Code Coverage, Functional Coverage）收集与分析，确保验证充分性。 4.综合、布局布线与时序分析： (1)使用FPGA厂商工具（Xilinx Vivado, Intel Quartus Prime）进行综合（Synthesis）、布局布线（Place & Route）。 (2)定义和约束时序（Timing Constraints），进行静态时序分析（STA），识别并解决时序违例（Timing Violation），确保设计满足时序要求（Timing Closure）。 (3)分析并优化资源利用率（LUT, FF, BRAM, DSP Slice）和功耗。 5.板级调试与测试： (1)将生成的Bitstream文件下载到目标FPGA开发板或产品中进行调试。 (2)编写测试脚本辅助自动化测试。 任职要求 1.学历专业： 电子工程、微电子、通信工程等相关专业本科及以上学历。 2.编程语言：熟悉至少一种硬件描述语言（HDL）： Verilog HDL 或 VHDL。理解可综合子集与仿真结构。 熟悉至少一种验证/测试平台语言： SystemVerilog（特别是用于验证的特性）或 VHDL 的验证库，或 C/C++（用于协同仿真/测试）。 3.EDA工具： 熟练使用至少一家主流FPGA厂商（Xilinx 或 Intel/Altera）的开发工具套件（Xilinx Vivado / ISE, Intel Quartus Prime）进行设计、综合、实现、调试。 4.仿真工具： 熟练使用至少一种主流仿真工具（如 ModelSim/QuestaSim, VCS, IES, Riviera-PRO）进行RTL仿真和调试。 5.时序约束与分析： 理解时序概念（建立时间/保持时间、时钟偏斜、时钟抖动、关键路径），能编写基本的时序约束（SDC），并能使用工具进行STA分析。 6.调试能力： 具备较强的逻辑思维能力和问题定位能力，能熟练使用ILA（Integrated Logic Analyzer）/ChipScope/SignalTap等片上调试工具以及外部逻辑分析仪进行板级调试。 经验要求： 3年及以上独立负责FPGA模块设计、实现、验证和调试的经验。 优先考虑条件 ：有雷达信号处理、高速测试测量仪器（高速示波器、逻辑/协议分析仪）开发经验者。 工作地点 秦皇岛海港区侨商大厦B座 以担保或任何理由索要财物，扣押证照，均涉嫌违法。一经发现， 立即举报",嵌入式技术,http://www.zhaopin.com/jobdetail/CC475662180J40533250514.htm?refcode=4019&srccode=401901&preactionid=93a0856f-3576-4478-b76d-5d78ccf01b8d
开发工程师（PCB设计/嵌入式开发/FPGA）,无锡凌诺微芯有限责任公司,1.5-2.5万,无锡·新吴·旺庄,广州,本科,1-3年,7月15日,zhilian,职位描述 PCB设计和调试 MCU单片机开发 FPGA 半导体/芯片 人工智能 主要职责 · 负责针对公司设计的芯片开发应用； · 负责对公司设计的芯片进行测试和调试； · 编写芯片应用手册及相关文档； · 编写芯片测试手册及相关文档； · 编写规范的设计文档，并参与团队技术评审与知识分享。 任职要求 · 本科及以上学历，电子信息大类相关专业； · 有如下经验一条或多条者优先：具有丰富的PCB设计和调试经验，能够独立完成原理图到版图的设计；具有丰富的MCU单片机开发经验；具有丰富的FPGA开发经验。 · 具备良好的团队合作精神、沟通能力与解决问题的主导意识。 工作地点 新吴区无锡(国家)软件园B栋212 以担保或任何理由索要财物，扣押证照，均涉嫌违法。一经发现， 立即举报,"PCB设计和调试,MCU单片机开发,FPGA",http://www.zhaopin.com/jobdetail/CCL1441644510J40910218212.htm?refcode=4019&srccode=401901&preactionid=93a0856f-3576-4478-b76d-5d78ccf01b8d
FPGA开发工程师,深圳市科楠科技开发有限公司,1.5-2.5万,苏州·虎丘·东渚,广州,本科,3-5年,7月16日,zhilian,岗位职责】 1. 根据FPGA系统方案，编写逻辑模块的详细设计方案； 2. 按照公司编码规范，开发逻辑模块代码； 3. 编写仿真脚本，对模块进行仿真验证，并输出仿真报告； 4. 建立FPGA工程，编写约束文件，对模块代码进行集成，并编译； 5. 搭建调试环境，对模块进行调试，并记录调试过程； 6. 配合系统工程师完成项目中FPGA相关工作； 7. 掌握项目设备的工作原理和使用方法； 8. 对现有产品的模块进行维护和修改； 【岗位要求】 1. 应聘者有一定的FPGA开发经验，特别是在FPGA高速通信接口和信号处理开发上有一定的经验； 2. 对常用的通信协议，如：SPI、UART、AURORA、CPRI、AXI等，有一定的了解； 3. 对常用的IP core，如：FIR、DDS、FIFO、RAM等，有一定的了解； 4. 精通Verilog语言；掌握数字电路原理；掌握ILA、VIO等常用调试方法. 工作地点 苏州虎丘区中国兵器工业集团北方微电子研究院-南门 以担保或任何理由索要财物，扣押证照，均涉嫌违法。一经发现， 立即举报,Verilog HDL,http://www.zhaopin.com/jobdetail/CC334399380J40949044515.htm?refcode=4019&srccode=401901&preactionid=93a0856f-3576-4478-b76d-5d78ccf01b8d
fpga工程师,安徽耀峰雷达科技有限公司,1-2万·13薪,合肥·蜀山·锦绣社区,广州,本科,1-3年,9月8日,zhilian,岗位职责： 1)负责 FPGA 需求分解、设计、验证: 2)负责项目集成、联调工作; 3)Verilog/VHDL 代码编写、仿真、时序约束/分析: 4)支持硬件工程师调试; 5)编写相关设计文档、调测试过程文档、使用说明文档: 6)根据要求负责 FPGA 逻辑概要设计及详细设计文档: 7)根据要求设计、开发、调试、维护、管理符合功能、性能要求的产品 FPGA 逻辑设计: 8)参与解决各种逻辑设计技术问题，参与分析与 FPGA 逻辑设计相关的硬件板卡或系统的故障原因; 9)参与编写和评审 FPGA 逻辑设计规范，对其他 FPGA 设计进行评审: 10)根据部门工作安排，承担 FPGA 项目其他相关研发工作: 11)负责版本测试及修改工作: 12)随时修改测试中遇到的问题; 13)完成售后支持保障工作; 14)对解决的问题做好记录，为以后类似问题的解决积累经验: 15)与客户交流，进一步熟悉客户需求，进行产品及业务的改进; 任职条件： 1)要求： a)学历:本科及以上。 b)专业:电子工程、通信工程、自动化等相关专业。 c）有一年及以上相关工作经验。 2)技能： a)精通 Verilog 语言，FPGA 开发流程，熟练使用 FPGA 开发（Vivado、ISE、Matlab等）工具; b)熟练使用各种调试工具，示波器，逻辑分析仪等: c)具有良好的模拟电路和数字电路基础，有信号处理理论功底优先; d)有 DSP、ARM 硬件开发经验优先; e)具备良好的书面写作能力、动手能力、学习能力、抗压能力以及制度执行能力。 补充说明：公司为人才提供具有竞争力的薪酬福利方案和成长发展空间，试用期薪资根据面试者的学历、学校、经验及技能等情况确定。 奖金绩效 年底双薪、五险一金、免费食宿 工作地点 合肥蜀山区安徽耀峰雷达科技有限公司 以担保或任何理由索要财物，扣押证照，均涉嫌违法。一经发现， 立即举报,半导体/芯片,http://www.zhaopin.com/jobdetail/CC838334870J40722950314.htm?refcode=4019&srccode=401901&preactionid=93a0856f-3576-4478-b76d-5d78ccf01b8d
fpga工程师,软通动力信息技术(集团)股份有限公司,1.8-2.5万,南京·秦淮·双塘,广州,本科,5-10年,7月15日,zhilian,"岗位职责： 1，负责无线通信产品中FPGA逻辑代码的开发与调试。基于物理层规范完成从C到RTL代码的移植、优化与集成工作，确保代码的高效与稳定。 2，负责物理层算法的算法仿真和FPGA全流程实现。利用MATLAB进行算法建模、链路级仿真及性能验证，完成RTL代码实现与优化。 3，配合ARM端软件工程师进行软硬件联合调试，定位并解决系统联调过程中出现的问题，完成整机物理层功能的闭环验证。 4，负责相关模块的设计文档编写及技术攻关，参与系统架构的迭代优化。 任职要求： 1，本科及以上学历，计算机、电子、通信工程、自动控制等相关专业。 2，5年以上无线通信领域FPGA开发经验，有基于FPGA的SDR平台（FPGA+ARM）开发经验者优先；有LTE/NR/WiFi物理层开发经验者优先。 3，熟练掌握Verilog/VHDL硬件描述语言，具备扎实的RTL设计、仿真和时序分析能力，具备良好的代码移植思维。 4，具备扎实的通信原理基础（如OFDM、调制解调等），能够熟练使用MATLAB进行物理层算法的建模、仿真与性能分析。 5，具备独立解决复杂技术问题的能力，能够主动承担技术攻关任务，具备良好的团队协作精神。"" 工作地点 天翼物联科技有限公司江苏省南京市秦淮区中通服大厦天翼物联 以担保或任何理由索要财物，扣押证照，均涉嫌违法。一经发现， 立即举报","Verilog HDL,VHDL,C语言",http://www.zhaopin.com/jobdetail/CC000544460J40801705516.htm?refcode=4019&srccode=401901&preactionid=93a0856f-3576-4478-b76d-5d78ccf01b8d
FPGA开发工程师,浙江工正智能设备股份有限公司,1.2-1.8万,温州·永嘉县·三江街道,广州,本科,5-10年,7月15日,zhilian,岗位职责： 1. 负责公司喷墨打印设备（包括喷绘机、写真机、图文机等）的板卡硬件开发与应用层软件编写工作。 2. 参与打印设备相关板卡的原理图设计、PCB Layout及调试工作。 3. 完成元器件选型、BOM制作及硬件调试，确保板卡功能与可靠性。 4. 基于STM32、51单片机等平台进行应用层代码开发、调试与维护。 5. 实现电机控制、泵/阀门控制、传感器采集与通信等功能。 6. 参与整机系统功能调试，定位并解决硬件及软件问题。 7. 配合完成模块测试与系统联调，保障产品稳定运行。 8. 与软件、机械、测试等团队成员协作，推动产品开发进度。 9. 编写相关技术文档，参与设计评审并提供生产支持。 任职要求： 1. 电子、自动化、通信等相关专业本科及以上学历，具备3年以上硬件开发经验。 2. 熟练掌握数字/模拟电路知识，能独立完成4层及以上PCB设计。 3. 精通C语言，具有STM32或51单片机等常用MCU的项目开发经验。 4. 熟悉UART（RS-232/RS -485）、I2C、SPI等常用通信接口协议。 5.精通FPGA开发。 6. 具备电机、泵、阀门等执行器控制电路或程序设计经验。 7. 优先考虑：了解MATLAB控制系统仿真或有相关项目经验者优先。 8.熟悉PID控制。 9. 有喷墨打印设备、工业控制系统或相关行业经验者优先。 10. 具备主控板、喷头板等板卡开发经验者优先。 综合能力： 1. 具备良好的问题分析与解决能力。 2. 具有良好的团队协作与沟通能力。 3. 能阅读英文技术资料，具备基本技术文档撰写能力。 主要福利： 免费住宿2-3人间：独浴、空调、热水器； 平价食堂（4.5元/餐）； 五险一金、节假日馈礼、团建、旅游、高温补贴、餐补、分岁酒宴、春节报到奖、文化评优奖； 健身房、乒乓球室、台球室、KTV等。双通道发展，以公司价值观、态度、能力、业绩表现为评定标准，往管理通道或专业通道发展。 工作地点 温州永嘉县工正集团有限公司缪北工业区缪中路8号 以担保或任何理由索要财物，扣押证照，均涉嫌违法。一经发现， 立即举报,"C语言,C++,FPGA",http://www.zhaopin.com/jobdetail/CCL1469110270J40785844506.htm?refcode=4019&srccode=401901&preactionid=93a0856f-3576-4478-b76d-5d78ccf01b8d
FPGA工程师（子公司）,南京钢铁股份有限公司,2-4万,南京·六合·龙池,广州,本科,3-5年,7月7日,zhilian,岗位职责： 1. 完成FPGA逻辑设计（Verilog/VHDL），实现信号处理（FFT/滤波器）、高速接口（PCIe/DDR）及控制算法；开发嵌入式驱动（ARM/RISC-V），控制外设并实现通信协议栈（TCP/IP/Modbus）。 2. 主导FPGA与CPU协同设计，优化系统性能与功耗；使用仿真/调试工具（Vivado/示波器/GDB）解决软硬件交互问题。 3. 联合硬件团队优化PCB设计（SI/PI）；构建FPGA-CPU高效通信机制（AXI总线/共享内存）。 4. 维护固件安全更新，输出设计/测试文档。 任职要求： 1. 电子/计算机类本科，3年及以上FPGA+嵌入式开发经验； 2. 精通以下任一领域： FPGA侧：Verilog/VHDL、Vivado/Quartus、高速接口（PCIe/Ethernet）、时序约束；嵌入式侧：C/C++、MCU开发（ARM/STM32）、通信协议（TCP/IP/CAN）。 3. 深入理解FPGA-CPU协同架构（AXI总线等）；独立完成板级联合调试（定位跨域问题）。掌握Python/Tcl脚本自动化；有Linux驱动开发经验。 4.熟悉超声检测、超声相控阵检测原理及实际操作经验者优先。 工作地点 南京六合区江苏金宇智能检测系统有限公司 以担保或任何理由索要财物，扣押证照，均涉嫌违法。一经发现， 立即举报,半导体/芯片,http://www.zhaopin.com/jobdetail/CC447570610J40761772102.htm?refcode=4019&srccode=401901&preactionid=93a0856f-3576-4478-b76d-5d78ccf01b8d
FPGA开发工程师（成都南）,杭州长川科技股份有限公司,2-4万·15薪,成都·武侯·石羊,广州,本科,5-10年,6月15日,zhilian,岗位职责： 1.根据前期评估进行FPGA选型； 2.根据模块需求完成设计、开发、调试工作； 3.根据成本、性能要求进行优化设计； 4.硬件电路的整机调试，问题定位，指标优化； 5.产品、技术资料的设计整理和归档。 任职要求： 1.本科及以上，5年以上工作经验； 2.熟练使用各类片上资源，进行资源优化、性能优化； 3.精通Xilinx芯片开发环境及仿真调试工具；精通VerilogHDL语言和时序约束、时序分析、时序优化方法，掌握FPGA设计、开发流程和仿真技术，具有独立的FPGA编码、仿真、调试能力； 4.有DDR3/4、USB3.0、GIGE、PCIe接口FPGA开发经验优先； 5.有Soc架构FPGA/ASIC设计经验，掌握AXI总线协议者优先。 工作地点 武侯区杭州长川科技股份有限公司成都分公司天府新谷2号楼2单元6楼 以担保或任何理由索要财物，扣押证照，均涉嫌违法。一经发现， 立即举报,"Verilog HDL,VHDL",http://www.zhaopin.com/jobdetail/CC300003880J40902995803.htm?refcode=4019&srccode=401901&preactionid=93a0856f-3576-4478-b76d-5d78ccf01b8d
FPGA开发工程师,沈大内窥镜,6000-12000元,沈阳·大东·二台子,广州,本科,1-3年,7月1日,zhilian,职位描述 医疗设备/器械/耗材 半导体/芯片 1、FPGA程序方案设计，代码编写，功能仿真，逻辑资源及时序优化，验证。 2、测试报告、技术文档编写。 3、与硬件工程师、软件工程师合作完成需求定义和架构设计，执行代码开发、仿真及布局布线。 4. 为项目提供设计支持，从需求定义、集成测试到最终生产全流程支持。 5. 编写项目各阶段必要的相关文档。 岗位要求： 1. 计算机、电子工程或相关专业本科2年以上FPGA开发经验或相关专业研究生以上学历。 2. 具有良好的数字电路基础。 3. 具有丰富的Verilog或者VHDL开发编码经验。 4. 了解Xilinx或者Altera的FPGA。 5. 工作积极主动，能独立调试和解决复杂问题。 6. 具备良好的沟通和团队合作能力，逻辑性强，乐观、扎实，勇于接受挑战。 7. 良好的学习能力，自我驱动力强，刻苦专研，对于技术工作有强烈的意愿。 8. 有等离子手术设备或者高频电刀开发经验者优先。 工作地点 沈阳大东区北大营街13号北大营街13号 以担保或任何理由索要财物，扣押证照，均涉嫌违法。一经发现， 立即举报,"医疗设备/器械/耗材,半导体/芯片",http://www.zhaopin.com/jobdetail/CC137314200J40821969402.htm?refcode=4019&srccode=401901&preactionid=93a0856f-3576-4478-b76d-5d78ccf01b8d
FPGA实习生(J15303),中航华东光电有限公司,150-200元/天,芜湖·弋江区·芜湖高新技术产业开发区,广州,硕士,经验不限,7月9日,zhilian,岗位职责: FPGA方向实习生，主要配合专业主管开展FPGA相关工作。 实习期最少1年。实习期表现优秀者，可优先考虑留用。 任职要求: 在校研一/研二电子类相关硕士研究生，专业基础扎实，有充足的实习时间。 工作地点 芜湖弋江区中航华东光电有限公司 以担保或任何理由索要财物，扣押证照，均涉嫌违法。一经发现， 立即举报,"Verilog HDL,实习岗",http://www.zhaopin.com/jobdetail/CC239600020J40733658416.htm?refcode=4019&srccode=401901&preactionid=93a0856f-3576-4478-b76d-5d78ccf01b8d
fpga工程师,旷智(贵州)科技有限公司,8000-10000元,贵阳·观山湖·长岭,广州,本科,3-5年,7月24日,zhilian,职位描述 VHDL C语言 C++ 嵌入式软件开发 Linux 驱动开发 半导体/芯片 船舶/航空/航天/军工 通信/网络设备 一、 岗位核心职责 1.负责服务器/计算平台底层系统管理逻辑（如启动管理、电源时序控制等）的设计与开发。。 2.负责基于FPGA的特种通信协议解析、转换及总线扩展开发。 3.负责高速扩展卡及存储接口相关硬件逻辑的设计、仿真与板级调试。 4.负责PCIe等高速总线的底层控制例程编写，配合完成软硬件系统级联调与测试验证。 5.撰写并归档相关的设计文档、接口规范及测试报告。 6.承担部门安排的其他相关硬件研发及技术支持工作 二、 核心技能要求 1.学历与专业： 本科及以上学历，电子信息、通信工程、微电子、计算机等相关专业。 2.工作经验： 具备3年以上FPGA/CPLD相关开发工作经验优先。 3.FPGA开发： 精通Verilog/VHDL，熟练掌握Xilinx/Altera等主流FPGA开发流程及仿真工具，具备扎实的底层逻辑设计与开发经验。 4.特种总线经验： 熟悉工业/航空/jun工等领域的特种通信协议，具备相关协议在FPGA上的解析、转换与扩展开发经验者优先。 5.PCIe与软件能力： (1)熟悉PCIe等高速总线协议，有底层设备驱动或控制例程编写经验。 (2)熟练掌握C语言，具备良好的嵌入式软件开发能力。 (3)熟悉基本的Linux操作系统及常用命令，能在Linux环境下进行驱动开发与调试。 6.硬件基础： 具备扎实的数字电路基础，能熟练阅读原理图，会使用示波器、逻辑分析仪等仪器进行板级调试与问题定位。 三、 加分项（可根据实际情况保留） 1.有服务器主板、高速存储接口或高速总线（如DDR、SRIO等）设计调试经验者优先。 2.熟悉Linux内核子系统、中断处理或内存管理机制者优先。 3.具有航空航天、jun工电子或特种装备等相关行业背景者优先。 工作地点 贵阳观山湖区中天金融101大厦-B座 以担保或任何理由索要财物，扣押证照，均涉嫌违法。一经发现， 立即举报,"VHDL,C语言,C++,嵌入式软件开发,Linux,驱动开发",http://www.zhaopin.com/jobdetail/CCL1500478200J40877692314.htm?refcode=4019&srccode=401901&preactionid=93a0856f-3576-4478-b76d-5d78ccf01b8d
FPGA工程师,上海星环聚能科技有限公司,1.2-2.3万,上海·嘉定·徐行,广州,本科,3-5年,7月23日,zhilian,岗位职责： 1.负责电源控制系统中的FPGA架构设计、代码编写、仿真及板级调试； 2.实现多通道AD/DA采集控制，以及高速以太网、PCIe或现场总线（EtherCAT、CANopen）通3.配合电源算法工程师，完成电源控制系统相关算法模块的设计与实现。 任职要求：1.本科及以上学历，电力电子、自动化或电子工程相关专业；3年以上FPGA开发经验。 2.精通 Verilog/VHDL，具备扎实的时序约束与收敛能力； 3.熟练掌握 Xilinx、Altera等 主流芯片及其工具，具有 Zynq 架构开发经验者优先。 工作地点 嘉定区上海星环聚能科技有限公司 以担保或任何理由索要财物，扣押证照，均涉嫌违法。一经发现， 立即举报,"电气机械/电力设备,半导体/芯片",http://www.zhaopin.com/jobdetail/CCL1374087520J40866106307.htm?refcode=4019&srccode=401901&preactionid=09a656ea-e0fb-48d8-a6d5-b1e977fbf70a
fpga工程师,中软国际,面议,西安·高新区·丈八沟,广州,本科,1-3年,7月24日,zhilian,职位描述 半导体/芯片 计算机硬件 岗位内容： 1. 设计数字电路和FPGA原型，包括架构设计、算法添加和IP集成。 2. 编写Verilog HDL代码进行仿真、综合和布局布线。 3. 完成FPGA验证测试，并对设计问题进行排查修复。 4. 参与产品级FPGA设计规格书的制定和执行。 任职要求： 1. 具有数字电路设计和FPGA开发经验。 2. 熟练掌握HDL编程语言（如Verilog、VHDL）。 3. 熟悉数字信号处理和可编程逻辑器件。 4. 熟练使用EDA工具，例如Quartus、Vivado等。 5. 具备良好的沟通与团队协作能力以及问题解决能力。 工作地点 西安高新技术产业开发区中软国际 以担保或任何理由索要财物，扣押证照，均涉嫌违法。一经发现， 立即举报,半导体/芯片,http://www.zhaopin.com/jobdetail/CC508620120J40896121812.htm?refcode=4019&srccode=401901&preactionid=09a656ea-e0fb-48d8-a6d5-b1e977fbf70a
FPGA开发工程师,四川润泽经伟信息技术有限公司,3-5万,成都·武侯·机投桥,广州,本科,5-10年,9月21日,zhilian,"岗位职责 1. 根据系统或产品要求，负责FPGA系统的需求分析和方案架构设计； 2. 负责FPGA软件代码编写、模块设计、仿真，以及资源和时序优化； 3. 协助测试工程师制定测试计划，分析并解决开发过程中遇到的问题； 4. 负责FPGA版本的维护和升级工作； 5. 负责相关的设计方案及文档的编写； 6. 参与系统联调，定位问题，保障项目的交付。 岗位要求： 1. 电子、通信、无线电等相关专业本科及以上学历，参与过大型FPGA项目开发，5年以上FPGA工作经验，英语四级以上，能够熟练阅读和理解英文技术文献； 2. 熟悉XILINX或ALTERA FPGA内部结构，精通Verilog/VHDL，熟悉相关开发工具(Vivado、Quartus II,、synplify、ModelSim等)和流程； 3. 熟悉基带信号的处理，掌握数字信号处理基本原理，具有DDC、DUC、调制解调等数字中频原理及应用优先； 4. 具有高速FPGA系统和高速FPGA接口设计经验，具有高速AD/DA、ETH、DDR3、DDR4、RapidIO、PCIE、JESD204B等高速接口开发和调试经验优先； 5. 熟悉常规硬件开发知识，能够与硬件工程师良好交流，提出硬件设计需求或根据硬件特点优化逻辑软件； 6. 具有优良的代码风格和良好的编程习惯； 7. 具有较强的团队意识，性格开朗，善于与他人交流，有较强责任心。 职位福利：创业公司、五险一金、绩效奖金、交通补助、餐补、带薪年假、节日福利、定期体检 工作地点 成都武侯区武科东四路18号1-1-204 以担保或任何理由索要财物，扣押证照，均涉嫌违法。一经发现， 立即举报","FPGA,Verilog,高速接口,信号处理算法,仿真验证,时序优化",http://www.zhaopin.com/jobdetail/CC307785880J40077121709.htm?refcode=4019&srccode=401901&preactionid=09a656ea-e0fb-48d8-a6d5-b1e977fbf70a
FPGA开发工程师,成都能通科技股份有限公司,1.5-3万·15薪,成都·武侯·金花桥,广州,本科,3-5年,7月9日,zhilian,职位描述 FPGA Verilog 电路设计 薪酬福利： 1、独立园区+社会五险+公积金+工作餐补助+生日慰问+结婚贺礼+过节费+带薪年假+绩效奖等福利。 2、双休，按规定享受婚假、产假、病假、丧假等法定假。 3、良好的办公环境，轻松愉快的工作氛围。 4、广阔的成长空间和学习机会。 5、丰多彩的员工活动 工作职责： 1.参与产品系统方案研讨、设计、评审，协助信号处理系统方案设计，完成产品的FPGA 实现方案； 2.根据产品需求完成算法仿真、逻辑设计以及调试工作； 3.配合产品的技术创新与改进，持续提高产品竞争力； 4.编写FPGA 开发的相关设计文档； 任职要求： 1.本科及以上学历，电子工程、信号处理、通信工程、数学、计算机相关专业； 2.3年左右FPGA 工作经验，有信号处理工作经验者优先； 3.熟悉各种高速传输接口设计。 职位福利：五险一金、年底双薪、餐补、定期体检、节日福利 工作地点 成都武侯区武侯新质创谷803号1栋5楼 以担保或任何理由索要财物，扣押证照，均涉嫌违法。一经发现， 立即举报,"FPGA,Verilog,电路设计",http://www.zhaopin.com/jobdetail/CC120864570J40214477316.htm?refcode=4019&srccode=401901&preactionid=09a656ea-e0fb-48d8-a6d5-b1e977fbf70a
FPGA工程师3,中国人民解放军32806部队,2-2.5万,北京·海淀·青龙桥,广州,本科,经验不限,7月25日,zhilian,岗位职责： 1.负责FPGA验证板的选型、开发设计与调试； 2.完成RTL到FPGA的移植、综合、布局布线及时序收敛； 将ASIC设计代码适配到FPGA平台（替换存储器、时钟、PLL、SerDes等不兼容单元）； 3.处理异步电路、门控时钟等ASIC特定逻辑在FPGA上的等效实现； 4.对设计进行分区（partition），解决FPGA资源不足时的多芯片拆分问题; 5.编写测试用例和仿真脚本，在VCS上进行FPGA仿真验证； 6.使用逻辑分析仪、ILA/ChipScope等工具进行片上调试。 任职要求： 1.本科及以上学历，电子工程相关专业； 2.熟悉数字电路设计，熟练掌握Verilog/SystemVerilog/VHDL语言； 3.熟悉Xilinx/AMD 或Intel FPGA开发流程，熟练使用 Vivado/VCS； 4.有 FPGA 时序分析与约束编写经验，能独立解决时序收敛问题； 5.熟练使用逻辑分析仪、示波器等硬件调试设备； 6.了解常见高速接口协议（PCIe、DDR、Ethernet、JESD204等）优先； 7.有 ASIC 设计或 FPGA 原型验证项目经验者优先。 工作地点 北京海淀区中国银行(香山支行) 以担保或任何理由索要财物，扣押证照，均涉嫌违法。一经发现， 立即举报,"System Verilog,VHDL",http://www.zhaopin.com/jobdetail/CCL1455679640J40954082815.htm?refcode=4019&srccode=401901&preactionid=09a656ea-e0fb-48d8-a6d5-b1e977fbf70a
2026届硬件工程师,爱迪特(秦皇岛)科技股份有限公司,1.2-2.4万,秦皇岛·抚宁区·榆关镇,广州,本科,经验不限,7月17日,zhilian,职位描述 设计 硬件测试 医疗设备硬件开发 EDA工具应用 技术文档编写 技术支持 PCB设计 FPGA研发 电气机械/电力设备 计算机硬件 工作职责 1. 参与医疗设备硬件产品的设计与开发，包括原理图绘制、PCB Layout及原型验证。 2. 协助完成硬件测试与调试工作，解决产品开发过程中的技术问题。 3. 参与硬件技术文档的编写与维护，确保设计规范与质量标准的落地。 任职要求 1. 2026届应届毕业生，本、硕学历，电子信息工程、自动化、生物医学工程等相关专业本科及以上学历。 2. 掌握电路原理、模拟/数字电路设计等专业知识，熟悉Altium Designer等EDA工具。 3. 具备良好的学习能力与问题解决能力，对医疗设备硬件开发有浓厚兴趣。 工作地点 抚宁区爱迪特(秦皇岛)科技股份有限公司 以担保或任何理由索要财物，扣押证照，均涉嫌违法。一经发现， 立即举报,"设计,硬件测试,医疗设备硬件开发,EDA工具应用,技术文档编写,技术支持,PCB设计,FPGA研发",http://www.zhaopin.com/jobdetail/CC599187620J40896050703.htm?refcode=4019&srccode=401901&preactionid=09a656ea-e0fb-48d8-a6d5-b1e977fbf70a
fpga工程师,北京云际航电智能科技有限公司,1.5-2万,北京·大兴·荣华街道,广州,本科,5-10年,1月29日,zhilian,岗位职责: 1.负责通信产品数字信号处理相关波形算法的开发； 2.负责产品FPGA的数据、时钟处理，通信协议开发，功能仿真、验证及优化。 3.与硬件沟通协调以及联调，确保项目的顺利进行和按时完成。 4.建立、健全FPGA产品标准化功能模块。 任职要求： 1.精通Verilog或者VHDL语言，具备良好的编程能力和逻辑思维，能够独立完成编码，仿真和时序分析。 2.熟悉Vivado的开发工具和流程，熟练掌握逻辑综合、时序约束及调试方法。 3.具有数字信号处理基础，熟悉滤波器、FFT等算法硬件实现。 4.具备低速接口（UART/I2C/SPI等）及高速接口（PCIe/MIPI/CAN/DDR等）开发经验。 5.熟悉MATLAB软件的使用，根据需求编写对应算法代码的能力。 6.良好的团队合作精神和沟通能力。 7.加分项（任一项）： 具有超短波电台AM/FM等波形开发经验； 具有ADS-B、ATC应答机波形开发经验。 工作地点：北京，天津均可 工作地点 大兴区北京亦庄智能制造国际科创产业园西门客车入口7层 以担保或任何理由索要财物，扣押证照，均涉嫌违法。一经发现， 立即举报,船舶/航空/航天/军工,http://www.zhaopin.com/jobdetail/CCL1512766940J40839676214.htm?refcode=4019&srccode=401901&preactionid=09a656ea-e0fb-48d8-a6d5-b1e977fbf70a
FPGA开发工程师,英视睿达,1-1.5万,南通·崇川·新开,广州,本科,3-5年,7月3日,zhilian,岗位职责： 1.负责FPGA逻辑架构设计。 2.负责基于FPGA的神经网络模型加速落地，将深度学习算法模型（如CNN、Transformer等）部署到FPGA平台。 3.设计和优化加速器，如卷积计算但愿、池化单元、激活函数处理单元等，实现模型推理的硬件加速。 4.完成FPGA开发的完整流程，包括RTL设计、功能方针、逻辑综合、布局布线、时序分析、生成比特流文件、完成板级下载与烧录。 5.负责功耗优化，提高能耗比。 任职要求： 1.电子、计算机、通信、自动化等相关专业本科及以上学历。 2.精通Verilog/SystemVerilog硬件描述语言。 3.三年以上FPGA开发经验，有完整的独立项目开发经历，数量掌握常用FPGA的开发工具链。 4.具有AI加速经验，熟悉PyTorch等主流深度学习框架，具有基于FPGA加速神经网络模型推理经验。 工作地点 南通崇川区紫琅科技城-8号楼 以担保或任何理由索要财物，扣押证照，均涉嫌违法。一经发现， 立即举报,"Verilog HDL,System Verilog,C++",http://www.zhaopin.com/jobdetail/CC347042880J40922327402.htm?refcode=4019&srccode=401901&preactionid=09a656ea-e0fb-48d8-a6d5-b1e977fbf70a
FPGA 工程师（成都高新区九兴大道、涉密内网,成都愚创科技有限公司,8000-13000元,成都·武侯·肖家河,广州,大专,经验不限,7月10日,zhilian,岗位职责： 1.负责产品FPGA的应用功能的设计和开发； 2.参与产品FPGA方案的设计和实现； 3.参与整机功能的集成调试和验证； 4.配合产品的技术支持。 岗位要求： 1.本科及以上学历，计算机网络、计算机应用、信息安全、通信工程等相关专业； 2.熟悉Verilog语言，熟练掌握ISE/VIVADO等开发工具；具备良好的FPGA编码风格和一定的FPGA开发调试经验； 3.熟悉TCP/IP计算机网络协议者优先，有大规模高速FPGA开发经验者优先； 4.具有较强的调试和解决问题的能力； 5.具有良好的沟通能力和团队合作精神。 6.可接受应届毕业生，至少3个月以上的相关实习经验。 工作地点 成都武侯区中国电子科技集团公司第三十研究所 以担保或任何理由索要财物，扣押证照，均涉嫌违法。一经发现， 立即举报,"Verilog HDL,C语言,汇编语言",http://www.zhaopin.com/jobdetail/CC699205520J40880175705.htm?refcode=4019&srccode=401901&preactionid=09a656ea-e0fb-48d8-a6d5-b1e977fbf70a
FPGA开发工程师,成都天创微波技术股份有限公司,1.3-1.7万,成都·武侯·金花桥,广州,本科,3-5年,6月25日,zhilian,岗位职责： 1、完成基于FPGA的电子通信类、通信抗干扰类产品信号处理开发验证，包括详细设计、仿真、验证、调试等； 2、解决开发验证过程中遇到的技术难题； 3、完成软硬件联合调试、验证； 3、完成电子通信类、通信抗干扰类部分子模块算法仿真。 三、薪酬福利 老板nice、氛围简单、周末双休 薪酬=基本工资+绩效+奖金+餐补+交通补贴+职务补贴+通讯补贴+加班午餐费； 试用期薪酬=基础工资*80%+绩效+奖金+餐补+交通补贴+职务补贴+通讯补贴+加班午餐费； 福利：生日party、生日假、带薪年假、年度体检、节日礼品、结婚/生育住祝福金、伤病慰问金、各种团建活动、旅游…… 我们为你提供广阔的发展空间，完善的晋升通道、专业培训、带薪外部培训、一对一导师指导、跨部门学习…… 职位福利：五险一金、绩效奖金、交通补助、餐补、带薪年假、定期体检、节日福利 工作地点 成都武侯区武兴四路166号2栋2单元8楼 以担保或任何理由索要财物，扣押证照，均涉嫌违法。一经发现， 立即举报,半导体/芯片,http://www.zhaopin.com/jobdetail/CC396031710J40923038715.htm?refcode=4019&srccode=401901&preactionid=09a656ea-e0fb-48d8-a6d5-b1e977fbf70a
fpga工程师,北京理工安徽空天信息研究院,1.5-2.5万,合肥·蜀山·南岗,广州,本科,3-5年,1月8日,zhilian,岗位职责】： 1. 负责通信、雷达或图像处理系统中中FPGA算法、接口逻辑设计； 2. FPGA相关设计的仿真、调试及测试验证； 3. 参与系统联试，分析、定位及解决联试过程中出现的问题； 4. 负责相关技术文档编制，参与技术讨论与交流。 【任职要求】： 1. 通信、电子、微电子、计算机相关专业，本科3年/硕士2年以上工作经历； 2. 熟练掌握verilog/system verilog等硬件描述语言； 3. 熟悉主流的FPGA芯片及其开发软件，具有Xilinx系列芯片开发经验； 4. 熟悉PCIE/SRIO/DDR等其中一种高速IP工作过程的优先； 5. 态度认真负责，具备良好的团队合作和协调沟通能力。 工作地点 合肥蜀山区中安创谷B4栋 以担保或任何理由索要财物，扣押证照，均涉嫌违法。一经发现， 立即举报,"Verilog HDL,System Verilog",http://www.zhaopin.com/jobdetail/CCL1492321810J40705892701.htm?refcode=4019&srccode=401901&preactionid=09a656ea-e0fb-48d8-a6d5-b1e977fbf70a
FPGA/数字测试工程师,软通动力信息技术(集团)股份有限公司,1-1.3万,南京·雨花台·雨花,广州,本科,1-3年,7月25日,zhilian,职位描述 Python Verilog FPGA开发 半导体/芯片 工作职责：1.负责一些简单数字模块的开发/验证工作，负责FPGA烧录后的测试工作； 2.负责客户一些简单FPGA问题的支撑。 任职要求：1.具备良好的硬件/FPGA基础，了解硬件/FPGA测试相关知识，掌握硬件原理图/PCB阅读能力，能够读懂常见的模拟芯片数据手册； 2.电子信息类专业毕业，熟悉数电/模电等课程，熟悉相关工具软件及测试仪器仪表使用； 3.熟悉Verilog语言，有过verilog编程开发经验，熟悉xilinx FPGA相关知识，有FPGA开发测试经验者优先； 4.熟悉python脚本语言，有自动化测试脚本开发经者优先。 工作地点 雨花台区华为南京研究所 以担保或任何理由索要财物，扣押证照，均涉嫌违法。一经发现， 立即举报,"Python,Verilog,FPGA开发",http://www.zhaopin.com/jobdetail/CC000544460J40832478616.htm?refcode=4019&srccode=401901&preactionid=09a656ea-e0fb-48d8-a6d5-b1e977fbf70a
fpga工程师,厦门赛飞智传科技有限公司,1.5-2.5万,厦门·集美·天马农场,广州,本科,1-3年,7月14日,zhilian,岗位职责 1、负责光纤陀螺FPGA的软件设计、算法开发及电路调试，确保产品满足高精度测量与信号处理要求。 2、协同硬件工程师完成元器件选型、仿真验证、板级调试及信号完整性分析。 3、与软硬件团队协作完成系统集成与联调联试。 4、编写设计文档与测试报告，记录开发与调试过程。 5、为生产环节提供FPGA相关技术支持，排查量产异常问题。 二、任职资格： 1、本科及以上学历，电子、自动化、通信等相关专业。 2、拥有2年以上光纤陀螺或高精度测量仪器行业FPGA设计经验。 3、熟悉主流FPGA开发平台，具备独立完成逻辑设计、仿真及调试的能力。 4、熟悉数字/模拟电路基础，具备信号完整性与电磁兼容问题分析能力。 5、逻辑清晰，善于沟通，文档编写意识强。 工作地点 集美区厦门产业技术研究院(集美大道) 以担保或任何理由索要财物，扣押证照，均涉嫌违法。一经发现， 立即举报,"数字信号处理,系统集成,信号完整性分析",http://www.zhaopin.com/jobdetail/CCL1434994520J40983070602.htm?refcode=4019&srccode=401901&preactionid=09a656ea-e0fb-48d8-a6d5-b1e977fbf70a
实习生（重庆）,上海简仪科技有限公司,150-200元/天,重庆·渝北·鸳鸯,广州,本科,经验不限,9月23日,zhilian,职位描述 可转正 实习证明 PCB设计 FPGA研发 设计 硬件测试 计算机软件 计算机硬件 半导体/芯片 1. 嵌入式和智能硬件项目的硬件调试和测试； 2. 完成相关的硬件文档编写和修改； 3.负责产品性能测试、故障分析和解决方案的制定 4.要有较多的硬件设计（原理图，PCB）经验 工作地点 重庆市渝北区金渝大道85号汉国中心(金童路地铁站2号口步行430米) 以担保或任何理由索要财物，扣押证照，均涉嫌违法。一经发现， 立即举报,"PCB设计,FPGA研发,设计,硬件测试",http://www.zhaopin.com/jobdetail/CC403205130J40580221805.htm?refcode=4019&srccode=401901&preactionid=09a656ea-e0fb-48d8-a6d5-b1e977fbf70a
FPGA开发工程师,合肥巨阙电子有限公司,1.6-2.5万,合肥·蜀山·南岗,广州,本科,1-3年,7月8日,zhilian,岗位职责： 1、负责高速AD/DA、 DDR3、EEPROM等外围接口的FPGA程序设计、开发和调试； 2、基于ZYNQ设计开发信号处理； 3、基于 VIVADO 开发工具的时序约束与时序分析； 4、用fpga 做视频接口，实现视频流信号的高速传输。 任职资格: 1、计算机、电子信息、微电子类等相关专业本科及以上学历； 2、熟悉verilog语言和C语言，熟练使用Vivado SDK； 3、熟悉Xilinx FPGA器件，以及Vivado集成开发环境； 4、熟悉SPI、I2C、UART、USB2.0/3.0、PCIe、网络通信的通信接口。 工作地点 蜀山区合肥巨阙电子有限公司 以担保或任何理由索要财物，扣押证照，均涉嫌违法。一经发现， 立即举报,"FPGA,Verilog HDL,Verilog,芯片验证,仿真调试,信号发生器,DDR,SPI,I2C,高速电路",http://www.zhaopin.com/jobdetail/CCL1252136580J40263613608.htm?refcode=4019&srccode=401901&preactionid=09a656ea-e0fb-48d8-a6d5-b1e977fbf70a
FPGA开发工程师,成都汇蓉国科微系统技术有限公司,1-2万·13薪,成都·双流·兴隆,广州,本科,1-3年,6月11日,zhilian,岗位职责： 负责相控阵雷达FPGA的逻辑架构设计、模块划分、代码开发与调试。 完成雷达信号处理算法的RTL实现与优化，包括但不限于：高速数据采集、数字下变频（DDC）、数字波束形成（DBF）、脉冲压缩、MTI/MTD、CFAR、滤波、幅相校正、收发时序同步等。 设计并调试高速接口逻辑，保障多通道同步与高带宽数据传输，如：JESD204B/C、Aurora、PCIe、SRIO、万兆以太网（10G MAC）、LVDS、DDR3/4等。 配合硬件工程师完成数字板卡、射频前端联调，解决信号完整性、时序收敛、资源优化及功耗优化等问题。 参与系统方案设计、FPGA选型评估、资源与功耗评估，编写技术方案、详细设计文档、测试用例及版本管理。 与算法、软件、嵌入式、射频等团队紧密协作，完成单机及系统联调、外场试验、问题定位与现场保障。 任职要求： 本科及以上学历，电子信息、通信工程、自动化、计算机等相关专业； 2年以上FPGA开发经验，具有独立完整的项目实践经历； 精通C/Verilog/VHDL，熟练使用Vitis、Vivado、Modelsim等EDA开发工具，具备独立完成复杂模块设计的能力； 熟悉Xilinx（如Kintex/Virtex/Zynq/UltraScale）系列FPGA平台，有Zynq MPSoC开发经验优先； 具备FPGA完整开发流程经验：编码、仿真（前仿/后仿）、综合、布局布线、时序收敛、板级调试； 熟练掌握数字信号处理知识，具备DDC、DUC、FFT、滤波、调制解调、脉冲压缩、MTI/MTD、CFAR等算法硬件实现经验； 了解相控阵雷达基本原理（DBF、T/R控制、幅相校正、波束指向、同步时序）者优先； 具备实际高速接口开发经验，如JESD204B、PCIe、Aurora、SRIO、千兆/万兆以太网、DDR3/4等； 熟悉常用芯片（ADC、DAC、PLL、时钟芯片）的调试； 熟练使用示波器、逻辑分析仪、ILA/SignalTap等调试工具； 逻辑清晰，动手调试能力强，能承担外场联调任务，具备良好的团队协作与沟通能力，有雷达、通信、导航等JG从业经历优先。 工作地点 成都双流区天府海创园一期4号楼4楼（与瑞幸同一栋） 以担保或任何理由索要财物，扣押证照，均涉嫌违法。一经发现， 立即举报,"Verilog HDL,System Verilog,雷达,逻辑",http://www.zhaopin.com/jobdetail/CC502659180J40902199003.htm?refcode=4019&srccode=401901&preactionid=09a656ea-e0fb-48d8-a6d5-b1e977fbf70a
FPGA工程师(J10183),深圳市经纬开物仪器有限公司,1.5-2.5万·16薪,深圳·龙华·观澜,广州,硕士,经验不限,7月17日,zhilian,岗位职责: 1、根据PCB硬件外围电路配置及电路系统功能，设计硬件控制整体方案； 2、根据既定的程序框架设计Verilog代码，并建立测试用例完成各模块功能验证； 3、参与FPGA板卡调试，包括板级功能上电调试、装备系统联合调试等； 4、输出完整设计资料，汇总改善方案，建立标准化设计库； 任职要求: 1、电子科学、电子信息、电气、自动化、控制工程、电路、微电子、仪器科学等相关专业； 2、掌握模拟电路、数字电路基本原理，了解常规数字信号处理原理或方法； 3、熟练使用至少一种FPGA开发软件； 4、具备逻辑开发、数字信号处理、接口开发、嵌入式开发相关经验者优先； 5、海内外2027届优秀硕士应届毕业生； 6、通过CET-4，具有良好的英语应用能力，读写流利； 工作地点 龙华区深圳市经纬开物仪器有限公司 以担保或任何理由索要财物，扣押证照，均涉嫌违法。一经发现， 立即举报,硬件设计,http://www.zhaopin.com/jobdetail/CCL1464703670J40956136215.htm?refcode=4019&srccode=401901&preactionid=09a656ea-e0fb-48d8-a6d5-b1e977fbf70a
FPGA工程师（无锡）,星测未来科技(北京)有限责任公司,1.5-2.5万·15薪,无锡·梁溪·扬名,广州,本科,经验不限,,zhilian,,"Verilog HDL,VHDL,System Verilog,板级调试,XILINX,整机功能测试",http://www.zhaopin.com/jobdetail/CCL1254906780J40877694410.htm?refcode=4019&srccode=401901&preactionid=71c0c09d-e609-4ded-9d2f-378b063d2cf6
FPGA工程师,北京中宝伦自动化技术有限公司,6000-8000元,苏州·吴江·松陵,广州,本科,经验不限,,zhilian,,FPGA，VERILOG语言,http://www.zhaopin.com/jobdetail/CC120146560J41007018602.htm?refcode=4019&srccode=401901&preactionid=71c0c09d-e609-4ded-9d2f-378b063d2cf6
FPGA开发工程师,北理工东方创新研究院,1.2-2.4万,烟台·海阳·凤城,广州,本科,3-5年,,zhilian,,"VHDL,Verilog HDL,C++",http://www.zhaopin.com/jobdetail/CCL1523183560J40958015715.htm?refcode=4019&srccode=401901&preactionid=a8d15be1-1fb9-48fa-977b-d87f0ab3e72d
FPGA测试工程师,北京赛迪软件测评工程技术中心有限公司,1.5-2万,西安·碑林·张家村,广州,本科,经验不限,,zhilian,,"FPGA,Verilog HDL,System Verilog",http://www.zhaopin.com/jobdetail/CC308440780J40940268508.htm?refcode=4019&srccode=401901&preactionid=a8d15be1-1fb9-48fa-977b-d87f0ab3e72d
FPGA研发工程师,威海华菱光电股份有限公司,1-1.4万,威海·环翠区·怡园街道,广州,本科,经验不限,,zhilian,,"FPGA工程师,产品调试",http://www.zhaopin.com/jobdetail/CC201229730J40385355113.htm?refcode=4019&srccode=401901&preactionid=a8d15be1-1fb9-48fa-977b-d87f0ab3e72d
FPGA工程师,成都凯天电子股份有限公司,1.5-2.5万,成都·青羊·苏坡,广州,本科,经验不限,,zhilian,,"FPGA逻辑开发,航空航天领域项目经验,Verilog HDL,VHDL",http://www.zhaopin.com/jobdetail/CC226320720J40830866416.htm?refcode=4019&srccode=401901&preactionid=c45c7ebf-f898-4e20-ae9a-d9cef8b3eb2d
硬件助理工程师,无锡市同源电气技术有限公司,6000-8000元·14薪,苏州·吴中·太湖,广州,本科,经验不限,,zhilian,,"设计,PCB设计,FPGA研发",http://www.zhaopin.com/jobdetail/CCL1474355240J40913154903.htm?refcode=4019&srccode=401901&preactionid=c45c7ebf-f898-4e20-ae9a-d9cef8b3eb2d
FPGA开发工程师,紫光天际(南京)科技有限公司,1.2-1.8万·13薪,郑州·中原·沟赵,广州,本科,3-5年,,zhilian,,"协议栈,C语言,SDR",http://www.zhaopin.com/jobdetail/CCL1512250410J40875249910.htm?refcode=4019&srccode=401901&preactionid=c45c7ebf-f898-4e20-ae9a-d9cef8b3eb2d
FPGA软件测试工程师,天津新聘信息技术有限公司,7000-14000元·13薪,无锡·滨湖·河埒,广州,本科,1-3年,,zhilian,,"Verilog HDL,System Verilog,适航验证,发动机控制器,C语言",http://www.zhaopin.com/jobdetail/CC827052890J40924401912.htm?refcode=4019&srccode=401901&preactionid=c45c7ebf-f898-4e20-ae9a-d9cef8b3eb2d
FPGA工程师,西安艾尚智汇电子科技有限公司,1-2万,西安·长安·韦曲,广州,本科,1-3年,,zhilian,,"Verilog HDL,精通MATLAB等仿真软件",http://www.zhaopin.com/jobdetail/CC606054880J40776221606.htm?refcode=4019&srccode=401901&preactionid=c45c7ebf-f898-4e20-ae9a-d9cef8b3eb2d
FPGA开发工程师,成都华创电科信息技术有限公司,8000-10000元·13薪,成都·郫都·犀浦,广州,本科,3-5年,,zhilian,,FPGA开发,http://www.zhaopin.com/jobdetail/CC638322520J40282710102.htm?refcode=4019&srccode=401901&preactionid=c45c7ebf-f898-4e20-ae9a-d9cef8b3eb2d
FPGA软件开发工程师,上海帕特尼智能科技有限公司,1.5-3万,上海·闵行·吴泾,广州,本科,1-3年,,zhilian,,"FPGA,伺服驱动器,以太网,ETHERCAT",http://www.zhaopin.com/jobdetail/CCL1378999510J40842668007.htm?refcode=4019&srccode=401901&preactionid=528c2bbd-1f66-4d14-b38f-ae1765e717e1
FPGA开发工程师,北京天地一格科技有限公司,1.5-2.5万,成都·郫都·犀浦,广州,本科,1-3年,,zhilian,,"Verilog,FPGA",http://www.zhaopin.com/jobdetail/CC420099980J40138246803.htm?refcode=4019&srccode=401901&preactionid=528c2bbd-1f66-4d14-b38f-ae1765e717e1
FPGA开发工程师,柏飞电子,1-2万·14薪,上海·徐汇·虹梅路,广州,本科,1-3年,,zhilian,,"Verilog,高速接口,硬件调试,时序约束,SRIO,RapidIO,Zynq,FPGA",http://www.zhaopin.com/jobdetail/CC134637430J40156554613.htm?refcode=4019&srccode=401901&preactionid=aa138f3b-61bd-4292-b59c-a26168223a02
fpga工程师,西安天宏航空电子科技有限公司,6000-12000元·13薪,西安·高新区·丈八沟,广州,本科,1-3年,,zhilian,,Verilog HDL,http://www.zhaopin.com/jobdetail/CC845012420J40992925604.htm?refcode=4019&srccode=401901&preactionid=aa138f3b-61bd-4292-b59c-a26168223a02
FPGA开发,大束科技(北京)有限责任公司,2-4万,北京·昌平·史各庄,广州,本科,10年以上,,zhilian,,FPGA,http://www.zhaopin.com/jobdetail/CC840143720J40958966115.htm?refcode=4019&srccode=401901&preactionid=aa138f3b-61bd-4292-b59c-a26168223a02
初级fpga工程师,蔚云光电(南京)有限公司,1-1.5万·13薪,南京·浦口·顶山,广州,本科,1-3年,,zhilian,,"SystemC,C++,Verilog HDL,FPGA高速时序开发",http://www.zhaopin.com/jobdetail/CCL1263438920J40860723014.htm?refcode=4019&srccode=401901&preactionid=aa138f3b-61bd-4292-b59c-a26168223a02
FPGA开发工程师,华曙高科,1.2-1.8万·13薪,长沙·岳麓·麓谷,广州,本科,经验不限,,zhilian,,"Verilog HDL,VHDL",http://www.zhaopin.com/jobdetail/CC330525710J40872588713.htm?refcode=4019&srccode=401901&preactionid=a3ab955e-76f6-4ca1-b8a2-105a6258922a
FPGA开发工程师,成都沃特塞恩电子技术有限公司,1-2万,成都·双流·怡心,广州,本科,3-5年,,zhilian,,Verilog HDL,http://www.zhaopin.com/jobdetail/CC302643980J40892224103.htm?refcode=4019&srccode=401901&preactionid=a3ab955e-76f6-4ca1-b8a2-105a6258922a
FPGA开发工程师,北京芯能电子科技有限公司,3-4.5万,北京·东城·朝阳门,广州,本科,3-5年,,zhilian,,Verilog HDL,http://www.zhaopin.com/jobdetail/CCL1368651860J40555031611.htm?refcode=4019&srccode=401901&preactionid=a3ab955e-76f6-4ca1-b8a2-105a6258922a
fpga开发工程师,中软国际,面议,武汉·江夏·豹澥,广州,本科,1-3年,,zhilian,,Verilog HDL,http://www.zhaopin.com/jobdetail/CC508620120J40909579112.htm?refcode=4019&srccode=401901&preactionid=a3ab955e-76f6-4ca1-b8a2-105a6258922a
fpga工程师,奥巴国际贸易(北京)有限公司,1.3-2.6万,北京·昌平·天通苑北,广州,本科,3-5年,,zhilian,,"System Verilog,VHDL,Python,FPGA算法,MATLAB",http://www.zhaopin.com/jobdetail/CCL1476330430J40832778010.htm?refcode=4019&srccode=401901&preactionid=a3ab955e-76f6-4ca1-b8a2-105a6258922a
嵌入式工程师（行业稳定，福利待遇优）,扬州宇安电子科技股份有限公司,1.2-2万·13薪,扬州·广陵区·湾头镇,广州,本科,经验不限,,zhilian,,"VHDL,Verilog,Linux,嵌入式软件开发,FPGA开发,Zynq",http://www.zhaopin.com/jobdetail/CC326647730J40583364807.htm?refcode=4019&srccode=401901&preactionid=a3ab955e-76f6-4ca1-b8a2-105a6258922a
FPGA开发工程师,天津光电通信技术有限公司,1.2-2万,天津·河西·尖山,广州,本科,1-3年,,zhilian,,"Verilog HDL,VHDL",http://www.zhaopin.com/jobdetail/CC131118960J40566094314.htm?refcode=4019&srccode=401901&preactionid=0cc3b668-cf3e-4d2a-9342-aec5f009689b
FPGA开发工程师,北京西派科技有限公司,1.5-3万,北京,广州,本科,经验不限,,zhilian,,FPGA,http://www.zhaopin.com/jobdetail/CC285252080J41020471204.htm?refcode=4019&srccode=401901&preactionid=0cc3b668-cf3e-4d2a-9342-aec5f009689b
FPGA研发工程师,广东奥普特科技股份有限公司,1-2万,东莞·长安镇,广州,本科,1-3年,,zhilian,,FPGA,http://www.zhaopin.com/jobdetail/CC278982910J40281340506.htm?refcode=4019&srccode=401901&preactionid=0cc3b668-cf3e-4d2a-9342-aec5f009689b
fpga工程师,无锡创信航电子科技有限公司,1.5-2万,无锡·滨湖·蠡园,广州,硕士,3-5年,,zhilian,,"Verilog HDL,VHDL",http://www.zhaopin.com/jobdetail/CCL1325340650J40891318212.htm?refcode=4019&srccode=401901&preactionid=0cc3b668-cf3e-4d2a-9342-aec5f009689b
FPGA开发工程师,江苏阿瑞斯智能设备有限公司,1.2-2.3万,无锡·新吴·新安,广州,本科,3-5年,,zhilian,,Verilog HDL,http://www.zhaopin.com/jobdetail/CC290814880J40773171914.htm?refcode=4019&srccode=401901&preactionid=0cc3b668-cf3e-4d2a-9342-aec5f009689b
FPGA工程师,正泰电气股份有限公司,2-4万·15薪,咸阳·秦都区·马泉街道,广州,本科,3-5年,,zhilian,,Verilog HDL,http://www.zhaopin.com/jobdetail/CC140743870J40864278807.htm?refcode=4019&srccode=401901&preactionid=0cc3b668-cf3e-4d2a-9342-aec5f009689b
FPGA图像算法(J15284),中航华东光电有限公司,2-3.5万,芜湖·弋江区·芜湖高新技术产业开发区,广州,本科,5-10年,,zhilian,,"FPGA,图像算法,图像处理",http://www.zhaopin.com/jobdetail/CC239600020J40732541616.htm?refcode=4019&srccode=401901&preactionid=0cc3b668-cf3e-4d2a-9342-aec5f009689b
fpga工程师,通达电磁能股份有限公司,1.2-1.8万,长沙·岳麓·麓谷,广州,本科,3-5年,,zhilian,,Python,http://www.zhaopin.com/jobdetail/CC826945950J40864545401.htm?refcode=4019&srccode=401901&preactionid=0cc3b668-cf3e-4d2a-9342-aec5f009689b
FPGA开发工程师,北京理工大学深圳汽车研究院(电动车辆国家工程实验室深圳研究院),1.2-1.8万,深圳·坪山·坑梓,广州,本科,1-3年,,zhilian,,"VHDL,Verilog HDL",http://www.zhaopin.com/jobdetail/CCL1200185750J40834200809.htm?refcode=4019&srccode=401901&preactionid=0cc3b668-cf3e-4d2a-9342-aec5f009689b
FPGA工程师,天津海瑞电子科技有限公司,1.6-2.5万·13薪,天津·西青·张家窝,广州,本科,3-5年,,zhilian,,Verilog HDL,http://www.zhaopin.com/jobdetail/CC295856610J40709325916.htm?refcode=4019&srccode=401901&preactionid=e92986bf-e7db-4568-b7bb-c24e0dee6f4f
FPGA开发工程师,奥太电气,1.5-3万·14薪,济南·历下·舜华路,广州,硕士,经验不限,,zhilian,,"Verilog,VHDL",http://www.zhaopin.com/jobdetail/CC140227540J40434467803.htm?refcode=4019&srccode=401901&preactionid=e92986bf-e7db-4568-b7bb-c24e0dee6f4f
FPGA软件工程师,无锡兴华衡辉科技有限公司,1.2-2万,无锡·新吴·硕放,广州,本科,3-5年,,zhilian,,"System Verilog,Verilog HDL",http://www.zhaopin.com/jobdetail/CCL1290477890J40891722213.htm?refcode=4019&srccode=401901&preactionid=e92986bf-e7db-4568-b7bb-c24e0dee6f4f
fpga开发工程师,厦门海景微电子有限公司,1.3-1.6万·14薪,厦门·思明·莲前,广州,本科,3-5年,,zhilian,,GNSS,http://www.zhaopin.com/jobdetail/CCL1491718490J40771859606.htm?refcode=4019&srccode=401901&preactionid=e92986bf-e7db-4568-b7bb-c24e0dee6f4f
FPGA工程师,成都微泰科技有限公司,8000-16000元,成都·双流·怡心,广州,本科,1-3年,,zhilian,,"高速接口,ZYNQ平台",http://www.zhaopin.com/jobdetail/CC383420080J40908681612.htm?refcode=4019&srccode=401901&preactionid=e92986bf-e7db-4568-b7bb-c24e0dee6f4f
FPGA开发工程师（杭州）,杭州长川科技股份有限公司,2-4万·15薪,杭州·滨江·长河,广州,本科,5-10年,,zhilian,,"Verilog HDL,VHDL",http://www.zhaopin.com/jobdetail/CC300003880J40912426103.htm?refcode=4019&srccode=401901&preactionid=e92986bf-e7db-4568-b7bb-c24e0dee6f4f
FPGA工程师,上海雄博精密仪器股份有限公司,2-3.5万·14薪,上海·宝山·大场,广州,本科,3-5年,,zhilian,,FPGA,http://www.zhaopin.com/jobdetail/CC142975360J40487037615.htm?refcode=4019&srccode=401901&preactionid=e92986bf-e7db-4568-b7bb-c24e0dee6f4f
FPGA硬件工程师,南京启智电气技术有限公司,1-1.3万,南京·秦淮·光华路,广州,本科,1-3年,,zhilian,,Verilog HDL,http://www.zhaopin.com/jobdetail/CCL1442828260J40914501012.htm?refcode=4019&srccode=401901&preactionid=e92986bf-e7db-4568-b7bb-c24e0dee6f4f
fpga开发工程师,广州仁合时创信息技术有限公司,1.4-2万,广州·黄埔·联和,广州,本科,5-10年,,zhilian,,"Verilog HDL,VHDL,C语言",http://www.zhaopin.com/jobdetail/CC814732930J40919615212.htm?refcode=4019&srccode=401901&preactionid=09b65d53-d365-47b0-bc87-f2f47c50d6bf
FPGA应用工程师,中国电子科技集团公司第四十七研究所,8000-15000元,沈阳·沈北·正良,广州,硕士,3-5年,,zhilian,,Verilog HDL,http://www.zhaopin.com/jobdetail/CC701088120J40832285716.htm?refcode=4019&srccode=401901&preactionid=09b65d53-d365-47b0-bc87-f2f47c50d6bf
FPGA工程师岗位,硕方科技（北京）有限公司,2-4万·13薪,北京·昌平·史各庄,广州,本科,5-10年,,zhilian,,"AXI总线，DMA、中断等机制,使用过ZYNQ芯片,Verilog HDL,System Verilog,SystemC",http://www.zhaopin.com/jobdetail/CC130140670J40917730812.htm?refcode=4019&srccode=401901&preactionid=09b65d53-d365-47b0-bc87-f2f47c50d6bf
FPGA开发工程师,成都大公博创信息技术有限公司,1.5-3万·14薪,成都·郫都·德源,广州,本科,5-10年,,zhilian,,"FPGA,Altera,时序约束,Verilog,C语言,Verilog HDL,Python,无线电信号监测",http://www.zhaopin.com/jobdetail/CC638939220J40259315711.htm?refcode=4019&srccode=401901&preactionid=09b65d53-d365-47b0-bc87-f2f47c50d6bf
fpga开发工程师,阿米精控科技(山东)有限公司,1.2-2万,济南·历下·千佛山,广州,本科,3-5年,,zhilian,,FPGA,http://www.zhaopin.com/jobdetail/CCL1368554720J40877646510.htm?refcode=4019&srccode=401901&preactionid=09b65d53-d365-47b0-bc87-f2f47c50d6bf
FPGA工程师,天津瑞源电气有限公司,1.5-2万,天津·西青·大寺,广州,本科,3-5年,,zhilian,,"变流器,逆变器,电力电子",http://www.zhaopin.com/jobdetail/CC382623310J40958876415.htm?refcode=4019&srccode=401901&preactionid=09b65d53-d365-47b0-bc87-f2f47c50d6bf
fpga开发工程师,中电科星河北斗技术(西安)有限公司,1-2万,西安·雁塔·电子城,广州,本科,3-5年,,zhilian,,Verilog HDL,http://www.zhaopin.com/jobdetail/CCL1324537750J40875973609.htm?refcode=4019&srccode=401901&preactionid=09b65d53-d365-47b0-bc87-f2f47c50d6bf
fpga工程师(视频面试+双休+五险一金）,软通动力信息技术(集团)股份有限公司,1-1.8万,东莞·南城街道,广州,本科,经验不限,,zhilian,,"Verilog HDL,VHDL,FPGA开发,数字电路设计,EDA工具使用",http://www.zhaopin.com/jobdetail/CC000544460J40790878016.htm?refcode=4019&srccode=401901&preactionid=09b65d53-d365-47b0-bc87-f2f47c50d6bf
fpga逻辑工程师（成都）,湖南艾科诺维科技有限公司,1.1-2.1万·14薪,成都·金牛·金泉,广州,本科,3-5年,,zhilian,,"Verilog HDL,VHDL",http://www.zhaopin.com/jobdetail/CC702988030J40924469512.htm?refcode=4019&srccode=401901&preactionid=09b65d53-d365-47b0-bc87-f2f47c50d6bf
fpga工程师/培训师,中科华积电(郑州)科技有限公司,1.1-1.6万,郑州·中原·石佛,广州,大专,经验不限,,zhilian,,"Verilog HDL,FPGA",http://www.zhaopin.com/jobdetail/CCL1463720460J40936247708.htm?refcode=4019&srccode=401901&preactionid=09b65d53-d365-47b0-bc87-f2f47c50d6bf
FPGA开发人员,广东芯培森技术有限公司,2-4万,长沙·岳麓·岳麓街道,广州,本科,5-10年,,zhilian,,"Vivado,C++,Verilog HDL",http://www.zhaopin.com/jobdetail/CCL1509648250J40766609716.htm?refcode=4019&srccode=401901&preactionid=09b65d53-d365-47b0-bc87-f2f47c50d6bf
FPGA\DSP软件开发工程师,江苏同芯电气科技有限公司,1-2万·13薪,南京·江宁·秣陵,广州,本科,1-3年,,zhilian,,"DSP,FPGA,嵌入式单片机开发,C28335,C6747,C6655",http://www.zhaopin.com/jobdetail/CC262312080J40627905908.htm?refcode=4019&srccode=401901&preactionid=09b65d53-d365-47b0-bc87-f2f47c50d6bf
高级FPGA开发工程师,成都金博天科技有限公司,1.4-2.8万·13薪,成都·郫都·犀浦,广州,本科,3-5年,,zhilian,,"FPGA,数字信号处理,UART,SPI,SERDES,RapidIO,Aurora,Verilog",http://www.zhaopin.com/jobdetail/CCL1314148170J40161389004.htm?refcode=4019&srccode=401901&preactionid=09b65d53-d365-47b0-bc87-f2f47c50d6bf
高级fpga工程师,河北东森电子科技有限公司,1-2万·14薪,石家庄·鹿泉·鹿泉经开区,广州,本科,3-5年,,zhilian,,"FPGA,微波射频",http://www.zhaopin.com/jobdetail/CC707560920J40932947808.htm?refcode=4019&srccode=401901&preactionid=09b65d53-d365-47b0-bc87-f2f47c50d6bf
开发工程师（PCB设计/嵌入式开发/FPGA）,无锡凌诺微芯有限责任公司,1.5-2.5万,蚌埠·龙子湖区·李楼乡,广州,本科,1-3年,,zhilian,,"PCB设计和调试,MCU单片机开发,FPGA",http://www.zhaopin.com/jobdetail/CCL1441644510J40910218312.htm?refcode=4019&srccode=401901&preactionid=09b65d53-d365-47b0-bc87-f2f47c50d6bf
fpga工程师,北京嘉恒中自图像技术有限公司,1.5-2.8万·13薪,北京·海淀·中关村,广州,本科,经验不限,,zhilian,,Verilog,http://www.zhaopin.com/jobdetail/CC131818890J40511511910.htm?refcode=4019&srccode=401901&preactionid=0bfda07e-d0f1-43e2-9c6a-11d15cc45c88
FPGA开发工程师,金华飞光科技有限公司,1.5-2万,杭州·滨江·浦沿,广州,本科,1-3年,,zhilian,,"FPGA,Vivado,Verilog,Modelsim,VHDL,ISE",http://www.zhaopin.com/jobdetail/CC417678430J40048792914.htm?refcode=4019&srccode=401901&preactionid=0bfda07e-d0f1-43e2-9c6a-11d15cc45c88
FPGA开发工程师,北京信而泰科技股份有限公司,2-3万,西安·雁塔·丈八沟,广州,本科,5-10年,,zhilian,,"Verilog HDL,C语言,System Verilog,DDR,以太网,PCIe",http://www.zhaopin.com/jobdetail/CC156343810J40596067107.htm?refcode=4019&srccode=401901&preactionid=0bfda07e-d0f1-43e2-9c6a-11d15cc45c88
嵌入式工程师,湖南致德测控技术有限公司,1.2-1.7万·14薪,长沙·岳麓·麓谷,广州,大专,1-3年,,zhilian,,"C语言,32位单片机,ARM处理器,DSP",http://www.zhaopin.com/jobdetail/CCL1486049780J40631126901.htm?refcode=4019&srccode=401901&preactionid=0bfda07e-d0f1-43e2-9c6a-11d15cc45c88
FPGA工程师,贵州佰仕佳信息工程有限公司,8000-15000元,贵阳·南明·后巢,广州,本科,5-10年,,zhilian,,"C++,Python,C语言",http://www.zhaopin.com/jobdetail/CC575861020J40857358705.htm?refcode=4019&srccode=401901&preactionid=0bfda07e-d0f1-43e2-9c6a-11d15cc45c88
FPGA开发,北京轩涌科技发展有限公司,2.5-4万,北京·海淀·马连洼,广州,本科,5-10年,,zhilian,,"FPGA开发/验证,电子对抗,雷达信号",http://www.zhaopin.com/jobdetail/CC872365370J40866042513.htm?refcode=4019&srccode=401901&preactionid=0bfda07e-d0f1-43e2-9c6a-11d15cc45c88
FPGA开发工程师,北京网测科技有限公司,3-4万,北京·海淀·上地,广州,本科,5-10年,,zhilian,,"Verilog HDL,网络协议开发经验,FPGA开发/验证经验,以太网开发经验,熟悉网络通信原理,计算机相关专业",http://www.zhaopin.com/jobdetail/CCL1365268520J41024185004.htm?refcode=4019&srccode=401901&preactionid=0bfda07e-d0f1-43e2-9c6a-11d15cc45c88
Fpga开发工程师,青岛融创信为技术有限公司,1.1-2.2万·14薪,青岛·城阳·棘洪滩,广州,本科,3-5年,,zhilian,,"Verilog HDL,FPGA,逻辑",http://www.zhaopin.com/jobdetail/CC848007510J40852644007.htm?refcode=4019&srccode=401901&preactionid=0bfda07e-d0f1-43e2-9c6a-11d15cc45c88
FPGA开发工程师,成都华兴大地科技有限公司,1-2万,成都·武侯·桂溪,广州,本科,1-3年,,zhilian,,FPGA,http://www.zhaopin.com/jobdetail/CC831499590J40030756111.htm?refcode=4019&srccode=401901&preactionid=0bfda07e-d0f1-43e2-9c6a-11d15cc45c88
软件设计,卧龙电气集团辽宁荣信电气传动有限公司,8000-15000元·13薪,鞍山·铁西区·永发街道,广州,本科,经验不限,,zhilian,,"C语言,嵌入式软件开发,FPGA开发",http://www.zhaopin.com/jobdetail/CC437223930J40817750007.htm?refcode=4019&srccode=401901&preactionid=0bfda07e-d0f1-43e2-9c6a-11d15cc45c88
fpga开发工程师,烟台睿创微纳技术股份有限公司,2.2-2.5万·14薪,北京·朝阳·奥运村,广州,本科,3-5年,,zhilian,,"Verilog HDL,VHDL,Verilog",http://www.zhaopin.com/jobdetail/CC200206520J40863996114.htm?refcode=4019&srccode=401901&preactionid=0bfda07e-d0f1-43e2-9c6a-11d15cc45c88
嵌入式软件工程师（上市公司，工作地点可议）-J1688N,翔宇医疗,1.5-2.5万·13薪,安阳·内黄县,广州,本科,5-10年,,zhilian,,"C++,C,示波器,IAR,Git",http://www.zhaopin.com/jobdetail/CC381255110J40857988907.htm?refcode=4019&srccode=401901&preactionid=7488ee78-0341-468e-b85e-f75a669002eb
FPGA开发工程师（社招）,国科量子通信网络有限公司,1-2万,合肥·蜀山·南岗,广州,本科,5-10年,,zhilian,,"XILINX,Verilog",http://www.zhaopin.com/jobdetail/CC458077180J40886094013.htm?refcode=4019&srccode=401901&preactionid=7488ee78-0341-468e-b85e-f75a669002eb
FPGA工程师（w）,天津先进技术研究院,1.2-2.2万,天津·滨海新区·新河,广州,硕士,经验不限,,zhilian,,"Verilog HDL,VHDL,Python",http://www.zhaopin.com/jobdetail/CCL1290239460J40958149215.htm?refcode=4019&srccode=401901&preactionid=7488ee78-0341-468e-b85e-f75a669002eb
FPGA工程师-短期半年,四川智服人力资源有限公司,1.2-1.8万,杭州·萧山·宁围,广州,本科,3-5年,,zhilian,,"Verilog HDL,VHDL,FPGA开发",http://www.zhaopin.com/jobdetail/CC854626770J40980437902.htm?refcode=4019&srccode=401901&preactionid=7488ee78-0341-468e-b85e-f75a669002eb
硬件设计与技术支持工程师,核芯光电科技(山东)有限公司,5000-8000元,枣庄·山亭区·桑村镇,广州,本科,1-3年,,zhilian,,"硬件测试,技术支持,设计,PCB设计,FPGA研发",http://www.zhaopin.com/jobdetail/CCL1219807200J40924047115.htm?refcode=4019&srccode=401901&preactionid=7488ee78-0341-468e-b85e-f75a669002eb
FPGA工程师,瑞日电子,1-2万,西安·长安·韦曲,广州,本科,1-3年,,zhilian,,"硬件调试,仿真验证,EMC电磁兼容,电路设计,FPGA算法,信号处理算法,FPGA验证,仿真",http://www.zhaopin.com/jobdetail/CC144606441J90250126000.htm?refcode=4019&srccode=401901&preactionid=7488ee78-0341-468e-b85e-f75a669002eb
fpga硬件工程师,中航富士达科技股份有限公司,1-1.5万·13薪,西安·长安·斗门,广州,本科,5-10年,,zhilian,,"FPGA全流程开发,数字信号处理硬件实现,FPGA",http://www.zhaopin.com/jobdetail/CC269602780J40623916302.htm?refcode=4019&srccode=401901&preactionid=7488ee78-0341-468e-b85e-f75a669002eb
dsp嵌入式软件工程师,江阴市天马电源制造有限公司,1-1.8万·13薪,无锡·惠山·长安,广州,本科,1-3年,,zhilian,,"C语言,嵌入式软件开发,单片机开发,FPGA开发,通信接口/总线,数字信号处理",http://www.zhaopin.com/jobdetail/CC215976410J40594561208.htm?refcode=4019&srccode=401901&preactionid=7488ee78-0341-468e-b85e-f75a669002eb
FPGA工程师,威海蓝天科技有限公司,6000-12000元,成都·郫都·犀浦,广州,本科,3-5年,,zhilian,,"FPGA,仿真验证,板级调试,数字信号处理",http://www.zhaopin.com/jobdetail/CC261458030J40239315802.htm?refcode=4019&srccode=401901&preactionid=7488ee78-0341-468e-b85e-f75a669002eb
fpga开发工程师,软通动力信息技术(集团)股份有限公司,1-1.7万,广州·天河·冼村,广州,本科,1-3年,,zhilian,,"Verilog HDL,VHDL,FPGA逻辑设计,高速接口设计,FPGA板级调试",http://www.zhaopin.com/jobdetail/CC000544460J40827639516.htm?refcode=4019&srccode=401901&preactionid=7488ee78-0341-468e-b85e-f75a669002eb
FPGA软件工程师（哈尔滨）,深圳大仪加行科技有限公司,1.2-2.4万,哈尔滨·香坊·王兆,广州,硕士,3-5年,,zhilian,,VHDL、VERILOG语言,http://www.zhaopin.com/jobdetail/CCL1480108650J40736493912.htm?refcode=4019&srccode=401901&preactionid=7488ee78-0341-468e-b85e-f75a669002eb
FPGA开发工程师,智联猎头,1.5-3万·13薪,南京·江宁·麒麟,广州,硕士,1-3年,,zhilian,,SENSOR,http://www.zhaopin.com/jobdetail/CCL1318355140J40909159103.htm?refcode=4019&srccode=401901&preactionid=7488ee78-0341-468e-b85e-f75a669002eb
FPGA工程师,无锡领声科技有限公司,1.3-2.5万·14薪,无锡·惠山·长安,广州,本科,5-10年,,zhilian,,"高速通信,超声",http://www.zhaopin.com/jobdetail/CCL1422652240J40833031512.htm?refcode=4019&srccode=401901&preactionid=7488ee78-0341-468e-b85e-f75a669002eb
FPGA验证工程师,新岸线(北京)科技集团有限公司,2.3-2.8万,北京·清华园,广州,本科,3-5年,,zhilian,,"Verilog,FPGA,VHDL,Shell,Perl,Python",http://www.zhaopin.com/jobdetail/CCL1206468380J00248954213.htm?refcode=4019&srccode=401901&preactionid=7488ee78-0341-468e-b85e-f75a669002eb
fpga软件开发工程师,武汉凡谷,1.5-3万,成都·郫都·合作街道,广州,本科,5-10年,,zhilian,,"FPGA,MATLAB",http://www.zhaopin.com/jobdetail/CC121125720J40426728905.htm?refcode=4019&srccode=401901&preactionid=7488ee78-0341-468e-b85e-f75a669002eb
