job_name,company_name,salary,work_area,city,education,work_year,issue_date,source,skill_requirements,tech_tags,job_url
python爬虫工程师,上海策贸科技有限公司,1.4-1.7万,上海·徐汇·龙华,上海,本科,3-5年,7月25日,zhilian_direct,岗位职责 1. 结合大模型训练需求，设计和优化高效、智能化的爬虫系统，进行多源（文本、语音、视觉）数据采集。 2. 针对大模型数据预处理要求，优化爬虫数据格式和质量，提升爬取数据对训练和推理的适用性。 3. 结合大模型场景，构建半自动/自动化定向抓取能力，推进数据抓取工作平台化建设。 4. 跟进最新的反爬技术与反制策略，持续优化爬虫架构和性能，保障数据采集的稳定性与持续性。 5. 负责数据存储方案设计与基础查询优化，确保大规模数据的高效存取。 二、职位要求 1. 本科及以上学历，计算机科学、人工智能、网络安全等相关专业，具备多年爬虫开发相关工作经验。 2. 精通Python 编程语言，熟练掌握 Scrapy、BeautifulSoup、Selenium、Playwright 等爬虫相关框架与工具。 3. 熟悉并能绕过常见的反爬技术，具备独立解决IP 代理、验证码识别、动态渲染、JS 加密等反爬问题的能力。 4. 熟悉HTTP/HTTPS 协议及常见 Web 前端技术（HTML、CSS、JavaScript），能分析动态网页加载逻辑，对复杂数据进行高效提取和清洗。 5. 熟悉大模型训练和数据处理流程，能够根据模型需求灵活调整数据抓取策略。 6. 熟悉MySQL、MongoDB 等数据库的使用，能完成数据的存储与基本的查询优化。 7. 具备良好的问题排查能力、沟通协作能力和责任心，有较强的学习能力和技术钻研精神。 三、加分项 1. 有大规模数据抓取与处理经验，尤其是针对大模型训练数据的采集和优化。 2. 有大模型或AI 相关领域的爬虫应用经验，能够理解和支持模型数据需求。 3. 熟悉数据加密与解密技术，能够破解复杂的加密算法。 具备AI 或大模型领域的技术背景，对模型训练全流程有深入理解。 工作地点 徐汇区上海库帕思科技有限公司 以担保或任何理由索要财物，扣押证照，均涉嫌违法。一经发现， 立即举报,"Scrapy,BeautifulSoup,SELENIU",http://www.zhaopin.com/jobdetail/CC716548080J41022525504.htm?refcode=4019&srccode=401903&preactionid=b7625d13-5ac4-43a8-9723-56db0d315af8
爬虫工程师,北京迈迪培尔信息技术有限公司,6000-12000元,北京·门头沟·永定,北京,本科,经验不限,7月23日,zhilian_direct,"岗位职责： 1. 熟悉搜索引擎和网络爬虫相关技术,有爬虫系统开发经验； 2. 熟练掌握网页抓取原理及技术，熟悉网页解析过程，具备数据的过滤、清洗、去重、结构化导入经验； 3. 熟悉分布式爬虫应用和调度策略，掌握各类网站的反爬机制和验证码机制； 4. 熟悉TCP/IP协议及HTTP协议,了解基本的前端技术，HTML、CSS、JS、Ajax等； 5. 熟练使用mysql，mongodb等数据库，熟悉mysql的各种存储引擎，熟悉索引工作原理。 任职要求： 1. 大学本科及以上学历，计算机相关专业，基础扎实； 2. 具有Python开发工作经验，熟悉Python常用函数库和包； 3. 熟练掌握python，熟悉常用爬虫框架中的一种或多种，熟悉Scrapy、Pyspider框架中的至少一种； 4. 熟悉MySql、Redis、MongoDB等数据库，对SQL优化有一定的经验； 5.熟悉网页抓取原理及技术，熟练掌握正则表达式、XPath、CSS等网页信息抽取技术； 6.具有优秀的团队合作和沟通协作能力，善于学习，能承受较大的工作压力。 公司介绍： 北京迈迪培尔信息技术有限公司（MedPeerTM）坐落于风景秀丽的京西中关村门头沟科技园，是一家专注于生物医学教育与科研服务的创新型公司，公司创始人涵盖国内著名院校、科研机构、临床医院和投资公司的业务精英，具有极其丰富的教育与科研服务实践经验，以及广泛的业务领域平台和人脉资源。公司率先在国内提出“融合型人工智能”概念，将“人工智能”、“大数据分析”和生物医学科研教育有机融合，致力于创建新型科技创新模式，促进生物医学技术研发平台整体跃升。 工作地点 北京市 门头沟区 莲石湖西路98号院801 以担保或任何理由索要财物，扣押证照，均涉嫌违法。一经发现， 立即举报","数据挖掘,数据清洗,数据采集",http://www.zhaopin.com/jobdetail/CC522223780J40653913015.htm?refcode=4019&srccode=401903&preactionid=b7625d13-5ac4-43a8-9723-56db0d315af8
python爬虫工程师,北京碧博格尔科技服务有限公司,1.5-3万,西安·长安·郭杜,西安,硕士,1-3年,7月25日,zhilian_direct,职位描述 数据挖掘 爬虫开发 Python 1、负责辅助决策系统的数据采集全流程工作，包括数据接口开发、数据抓取、数据清洗与整理，确保数据的准确性与完整性。 2、负责28个省份辅助决策系统相关工具的开发与维护，提升数据处理与系统操作的效率。 3、负责系统数据运维工作，排查数据异常问题，优化数据处理流程，保障数据稳定供应。 4、配合研发团队与产品经理，根据业务需求开发数据相关功能，支撑系统迭代优化。 5、参与系统测试与上线工作，确保数据相关功能正常运行。 1、学历要求：硕士及以上学历，计算机、数据科学、统计学、电力系统及其自动化等相关专业优先，了解电力交易业务者加分。 2、经验要求：1-3年及以上Python应用开发经验，有数据采集、数据处理及电力行业相关系统开发经验者优先；熟悉电力交易辅助决策系统、电力市场数据特点，有相关系统Python开发经验者优先。 3、技术要求：精通Python编程语言，具备扎实的Python应用开发功底，能独立完成电力交易辅助决策系统相关的Python程序开发、调试与优化；熟悉requests、scrapy等数据采集工具，熟练操作MySQL、MongoDB等数据库；具备数据清洗、数据可视化、接口开发相关能力，能适配电力交易数据的特殊性（如实时性、准确性要求）；了解电力交易相关业务逻辑，能结合业务需求完成Python开发相关工作者优先。 4、其他要求：具备较强的问题解决能力与学习能力，能快速适应电力交易业务需求变化及系统迭代；工作认真细致，具备良好的团队协作精神；注重代码规范性与可维护性，能配合研发团队完成电力交易辅助决策系统的开发与运维工作；严格遵守电力行业数据安全相关规定，保障系统数据与交易相关信息的安全性、保密性。 工作地点 西安长安区中交科技城-东区 以担保或任何理由索要财物，扣押证照，均涉嫌违法。一经发现， 立即举报,"数据挖掘,爬虫开发,Python",http://www.zhaopin.com/jobdetail/CC849264270J40826789716.htm?refcode=4019&srccode=401903&preactionid=b7625d13-5ac4-43a8-9723-56db0d315af8
爬虫工程师,河南策知科教有限公司,8000-12000元,郑州·金水·祭城路,郑州,本科,1-3年,7月23日,zhilian_direct,职位描述 Python requests 数据爬虫 反爬虫 多端数据源采集 分布式爬虫 GO Scrapy 爬虫系统运维优化 反爬策略落地 工作职责 1. 负责 Web 网站、微信公众号、微信小程序等数据源的采集开发与维护，根据业务需求编写、优化爬虫程序，保障数据采集的稳定性和准确性。 2. 根据目标网站变化及时调整采集策略，解决常见反爬问题（如 Cookie、请求参数、访问频率限制等），保证采集任务正常运行。 3. 负责爬虫程序的日常维护，及时排查数据异常、接口变更等问题，持续优化程序性能与采集效率。 4. 参与爬虫系统功能开发，配合完成数据解析、数据清洗及入库等相关工作。 5. 编写相关技术文档，参与团队技术交流，不断学习和提升爬虫开发能力。 任职要求 1. 1-3 年 Python 开发或爬虫开发经验，计算机相关专业优先。 2. 熟练掌握 Python，熟悉 Requests、BeautifulSoup、lxml、XPath、正则表达式等常用数据采集技术。 3. 熟悉 HTTP/HTTPS 协议，了解 Cookie、Session、Header 等基本原理。 4. 熟悉 MySQL、Redis 等常见数据库及缓存的基本使用。 5. 了解多线程、多进程或 asyncio 等并发编程方式，有一定的数据采集项目经验。 6. 具备良好的代码规范、学习能力和问题分析能力，工作认真负责。 福利待遇 早9晚6，大小周，社保、餐补、每周下午茶、生日福利、定期团建。 团队年轻有活力，公司氛围良好。 工作地点 郑州金水区永和龙子湖中央广场-A座北塔7楼708 以担保或任何理由索要财物，扣押证照，均涉嫌违法。一经发现， 立即举报,"Python,requests,数据爬虫,反爬虫,多端数据源采集,分布式爬虫,GO,Scrapy,爬虫系统运维优化,反爬策略落地",http://www.zhaopin.com/jobdetail/CC801054320J40876012014.htm?refcode=4019&srccode=401903&preactionid=b7625d13-5ac4-43a8-9723-56db0d315af8
爬虫工程师,浙江同洲项目管理有限公司,8000-9000元,杭州·上城·四季青,杭州,本科,1-3年,7月25日,zhilian_direct,岗位职责： 1. 负责设计和开发高效、稳定的网络爬虫系统，针对不同网站结构制定爬取策略，处理反爬机制，确保数据采集的准确性和时效性。 2. 参与爬虫系统的优化与维护，解决爬取过程中的性能瓶颈、数据去重、异常处理等问题，提升系统稳定性和爬取效率。 3. 结合业务需求，对爬取的数据进行清洗、解析和结构化处理，为后续数据分析或应用提供支持。 4.对逆向加密，算法还原，jsvmp补环境等有一定的操作基础 任职要求： 1. 本科及以上学历，计算机、软件工程等相关专业，2年以上爬虫开发经验。 2. 熟练掌握Python编程语言，精通Scrapy、BeautifulSoup、Requests等爬虫框架和工具。 3. 熟悉各类反爬机制（如验证码、IP封锁、JS混淆等），有丰富的反爬解决方案经验。 4. 具备llm部署经验，熟悉模型部署流程、性能优化及故障排查。 5. 有MCP（模型控制平台）相关开发或使用经验者优先，了解模型监控、调度等核心功能。 6. 熟悉数据库（如MySQL、MongoDB）的使用，具备数据处理和分析能力。 7. 具备良好的问题分析与解决能力，较强的沟通能力和团队协作精神。 工作地点 杭州上城区三新银座1506 以担保或任何理由索要财物，扣押证照，均涉嫌违法。一经发现， 立即举报,"Python,Scrapy,BeautifulSoup,requests",http://www.zhaopin.com/jobdetail/CC704600620J40831028008.htm?refcode=4019&srccode=401903&preactionid=b7625d13-5ac4-43a8-9723-56db0d315af8
爬虫工程师,北京盈科千信科技有限公司,1.1-1.5万,北京·海淀·北下关,北京,本科,3-5年,7月25日,zhilian_direct,"岗位职责 1、负责公司爬虫核心技术开发，满足公司对多源数据海量、实时、高质量采集要求 2、积极主动思考探索爬虫在实际业务中的价值，参与设计数据有效利用策略，从数据合理性、完整性角度提供建议 3、把握网络爬虫核心技术研究方向，研究优化方向，提升爬虫系统的稳定性、可扩展性 4、设计爬虫策略和防屏蔽规则，提升网页抓取的效率和质量 5、负责攻克实际业务中遇到的难题 任职要求 1、统招本科以上学历，3年以上爬虫项目经验 2、有丰富的web端逆向经验，对web端环境补全，算法还原有一定经验 3、熟练使用使用 App 逆向工具frida，ida，apktool，xposed, 还原算法,java 层、so 层调用等 4、熟悉linux系统，熟悉mongodb，nosql（redis/kafka/rabbitmq），elasticsearch 5、充分的耐心以及灵活的头脑 工作地点 北京海淀区九龙商务中心A座 以担保或任何理由索要财物，扣押证照，均涉嫌违法。一经发现， 立即举报","反爬虫,数据采集,数据挖掘",http://www.zhaopin.com/jobdetail/CC589888620J40578169816.htm?refcode=4019&srccode=401903&preactionid=b7625d13-5ac4-43a8-9723-56db0d315af8
爬虫工程师-海外数据方向（成都MG）,新讯数字科技(杭州)有限公司北京分公司,1.2-1.6万,成都·双流·华阳,成都,大专,3-5年,7月23日,zhilian_direct,岗位职责 1. 开发分布式爬虫，抓取海外音乐平台音频、歌词、艺人、歌单、乐评元数据，进行数据清洗及结构化； 2. 自研全套反爬方案：代理池、指纹伪装、验证码识别、IP轮换，应对各类站点高强度风控限制； 3. 处理CSR/SSR/Wasm动态页面、网页JS逆向、移动端APP抓包解密，打通全链路采集流程； 4. 设计分布式调度策略，优化海外带宽与服务器资源，保障大规模稳定采集； 任职要求 1. 计算机相关专业，精通爬虫工作，2年以上爬虫开发及数据爬取经验，有海外站点采集经验优先； 2. 熟练Python，掌握Scrapy、Playwright等采集工具；熟悉Redis、MongoDB、Kafka中间件； 3. 具备JS逆向、Frida/抓包APP解密能力，能独立破解接口加密签名； 4. 了解Celery/Airflow分布式任务调度，会Docker、K8s云原生部署； 5. 具备数据治理基础，擅长跨团队协作，主动解决采集各类线上问题； 加分项 1. 有海外流媒体、多媒体平台采集实战经验； 2. 独立搭建过高并发代理调度、实时流式ETL系统； 3. 有AI模型训练数据处理、多语种数据处理相关经验； 4. 熟悉海外跨境网络优化方案； 5. 有音乐数据标注、音乐理解、音乐生成评测、歌词/音频/多模态对齐相关经验； 工作地点 双流区海思科广场四川省成都高新区中和街道 新通南三路10号1号楼5层 以担保或任何理由索要财物，扣押证照，均涉嫌违法。一经发现， 立即举报,"海外数据,Python,Scrapy,PLAYWRIGHT",http://www.zhaopin.com/jobdetail/CC120409680J40875741809.htm?refcode=4019&srccode=401903&preactionid=b7625d13-5ac4-43a8-9723-56db0d315af8
python爬虫工程师,达华工程管理（集团）有限公司,6000-9000元,北京·东城·建国门,北京,本科,1-3年,7月25日,zhilian_direct,职位描述 Python HTML CSS 数据采集 爬虫开发 反爬虫 Scrapy 房地产行业数据采集 反反爬策略优化 非结构化数据处理 工作职责 1. 负责房地产行业相关数据（如楼盘信息、市场动态、政策法规等）的爬虫系统设计与开发，实现高效、稳定的数据采集。 2. 针对目标网站的反爬机制，制定并优化反反爬策略，保障爬虫的持续可用性。 3. 对采集到的非结构化数据进行清洗、转换与结构化存储，输出符合业务需求的高质量数据集。 4. 监控爬虫运行状态，及时排查并解决数据采集过程中的异常问题，确保数据的完整性与准确性。 5. 与业务团队协作，理解数据需求，持续优化爬虫策略与数据输出形式，支撑业务决策。 任职要求 1. 本科及以上学历，计算机、软件工程等相关专业，具备扎实的编程基础。 2. 精通Python语言，熟练掌握Scrapy、BeautifulSoup、Selenium等主流爬虫框架与工具。 3. 熟悉HTTP协议、HTML/CSS解析、JavaScript渲染等前端技术，能应对动态网页的数据采集。 4. 具备反反爬经验，了解常见的反爬手段（如IP限制、验证码、UA检测等）并能提出有效解决方案。 5. 熟悉数据库（如MySQL、MongoDB）的基本操作，能独立完成数据的存储与管理。 6. 具备良好的问题分析与解决能力，能独立承担复杂爬虫项目的开发与维护。 7. 有房地产行业数据采集经验或相关领域项目经验者优先。 工作地点 北京东城区恒基中心-办公楼三座8层815 以担保或任何理由索要财物，扣押证照，均涉嫌违法。一经发现， 立即举报,"Python,HTML,CSS,数据采集,爬虫开发,反爬虫,Scrapy,房地产行业数据采集,反反爬策略优化,非结构化数据处理",http://www.zhaopin.com/jobdetail/CC120896620J40831277716.htm?refcode=4019&srccode=401903&preactionid=b7625d13-5ac4-43a8-9723-56db0d315af8
爬虫工程师-线上面试,深圳市法本信息技术股份有限公司,1.2-1.8万,上海·徐汇·龙华,上海,本科,经验不限,7月23日,zhilian_direct,岗位职责 1.结合大模型训练需求，设计和优化高效、智能化的爬虫系统，进行多源（文本、语音、视觉）数据采集。 2.针对大模型数据预处理要求，优化爬虫数据格式和质量，提升爬取数据对训练和推理的适用性。 3.结合大模型场景，构建半自动/自动化定向抓取能力，推进数据抓取工作平台化建设。 4.跟进最新的反爬技术与反制策略，持续优化爬虫架构和性能，保障数据采集的稳定性与持续性。 5.负责数据存储方案设计与基础查询优化，确保大规模数据的高效存取。 二、职位要求 1.本科及以上学历，计算机科学、人工智能、网络安全等相关专业，具备多年爬虫开发相关工作经验。 2.精通Python 编程语言，熟练掌握 Scrapy、BeautifulSoup、Selenium、Playwright 等爬虫相关框架与工具。 3.熟悉并能绕过常见的反爬技术，具备独立解决IP 代理、验证码识别、动态渲染、JS 加密等反爬问题的能力。 4.熟悉HTTP/HTTPS 协议及常见 Web 前端技术（HTML、CSS、JavaScript），能分析动态网页加载逻辑，对复杂数据进行高效提取和清洗。 5.熟悉大模型训练和数据处理流程，能够根据模型需求灵活调整数据抓取策略。 6.熟悉MySQL、MongoDB 等数据库的使用，能完成数据的存储与基本的查询优化。 7.具备良好的问题排查能力、沟通协作能力和责任心，有较强的学习能力和技术钻研精神。 三、加分项 1.有大规模数据抓取与处理经验，尤其是针对大模型训练数据的采集和优化。 2.有大模型或AI 相关领域的爬虫应用经验，能够理解和支持模型数据需求。 3.熟悉数据加密与解密技术，能够破解复杂的加密算法。 具备AI 或大模型领域的技术背景，对模型训练全流程有深入理解。 工作地点 上海徐汇区星云1号大厦 以担保或任何理由索要财物，扣押证照，均涉嫌违法。一经发现， 立即举报,"Python,Java,爬虫开发,反爬虫,分布式爬虫,数据清洗,数据采集",http://www.zhaopin.com/jobdetail/CC385622410J40789399506.htm?refcode=4019&srccode=401903&preactionid=b7625d13-5ac4-43a8-9723-56db0d315af8
爬虫工程师,长沙麦都网络科技有限公司,6000-8000元,长沙·长沙·星沙,长沙,大专,1-3年,7月24日,zhilian_direct,"岗位职责： 1.负责数据采集与维护工作； 2.负责数据的清洗、提取、去重及入库等工作； 3.负责数据业务处理的准确性，且不断的研究与攻克相关数据业务处理上技术难点； 4.发现据业务团队工作瓶颈，利用相关技术帮助数据团队进行工作提效。 任职要求 1.专科及以上学历，1~2年爬虫开发工作经验，优秀应届毕业生亦可； 2.有分布式爬虫开发经验或熟悉PHP和go语言,有一定的后端开发经验优先； 3.熟悉linux，了解Nginx、docker，熟悉scrapy、selenium、requests等常用模块； 4.熟悉MySQL、Redis等数据库； 5.熟悉HTTP协议，熟悉网页抓取原理，熟练掌握XPath、正则表达式、bs4等提取； 6.有良好的代码习惯，逻辑性强，命名规范，责任心强。 职位福利：节日福利、五险一金、餐补、带薪年假、年底双薪 工作地点 长沙长沙县华润·置地广场一期12栋25楼 以担保或任何理由索要财物，扣押证照，均涉嫌违法。一经发现， 立即举报","PHP,分布式爬虫,SQL,Python,GO",http://www.zhaopin.com/jobdetail/CC439286310J40415558106.htm?refcode=4019&srccode=401903&preactionid=b7625d13-5ac4-43a8-9723-56db0d315af8
爬虫工程师,东微电子ORIENTAL MATERIALS M,1.2-2万,郑州·新郑·和庄,郑州,本科,1-3年,7月22日,zhilian_direct,岗位职责 1. 负责设计、开发、优化网络爬虫系统，针对抖音、百度、Web、APP、小程序等多端主流数据源，实现高效、稳定的数据采集，确保数据的准确性、完整性和时效性，支撑业务数据需求与大数据分析工作。 2. 深入研究各类反爬机制（如IP封禁、验证码、JS混淆、行为检测等），制定并落地应对策略，包括IP代理池搭建、User-Agent轮换、Cookie维持、验证码识别等，持续提升爬虫抓取成功率与稳定性。 3. 负责爬虫系统的日常维护与迭代，监控爬虫运行状态，排查抓取异常、数据缺失等问题，优化抓取策略、并发控制与资源占用，保障系统7×24小时稳定运行。 4. 完成数据采集后的清洗、去重、结构化处理，对接MySQL、MongoDB、Redis、Elasticsearch等存储介质，搭建完整的数据采集-处理-存储链路，输出符合业务标准的数据格式。 5. 参与分布式爬虫架构设计与实现，运用Scrapy-Redis等技术实现任务分发与负载均衡，提升海量数据抓取效率，探索智能爬虫、增量爬取等高级技术的应用。 6. 配合产品、数据团队，根据业务需求优化数据采集方案，参与技术难点攻关，输出技术文档，沉淀爬虫开发与反爬对抗经验。 7. 严格遵守《网络安全法》等相关法律法规，确保数据采集行为合法合规，坚守数据伦理，杜绝违规抓取行为。 任职要求 基础要求 1. 学历：本科及以上，计算机相关专业（计算机科学、软件工程、网络工程等），1-5年爬虫开发相关经验（可接受优秀应届生投递实习岗），有抖音、百度等主流平台大规模数据采集或分布式爬虫经验者优先。 2. 语言：熟练掌握Python编程语言，具备扎实的面向对象编程基础，熟悉异常处理机制、多线程/多进程/协程（asyncio）等并发编程技术；熟悉Java编程语言，能运用Java辅助完成爬虫相关开发、数据交互者优先；可根据需求补充掌握JavaScript、Go等辅助语言者优先。 3. 协议与解析：深入理解HTTP/HTTPS协议，熟悉GET/POST等请求方法、各类状态码含义及请求头/响应头关键信息，精通XPath、CSS选择器、正则表达式，熟练使用BeautifulSoup等解析工具，能处理HTML、JSON等多种格式数据，应对动态内容抓取需求。 4. 框架与工具：熟练使用Scrapy、Requests、Urllib等爬虫框架与库，掌握Selenium、Playwright、Pyppeteer等自动化工具/无头浏览器的使用，能处理复杂页面交互与动态渲染问题，有Scrapy扩展组件（如scrapy-splash、scrapy-proxies）使用经验者优先。 5. 数据存储：熟练掌握MySQL数据库，熟悉PostgreSQL等其他关系型数据库，MongoDB等文档型数据库，以及Redis缓存的使用，能独立完成数据存储方案设计与实现，熟练编写MySQL复杂查询语句、优化SQL性能，了解Elasticsearch等搜索型存储者加分。 能力要求 1. 反爬能力：具备丰富的反爬对抗经验，能独立分析并破解抖音、百度等平台常见反爬手段，有JS逆向、WebSocket协议分析、WASM解析等高级反爬经验者优先，能快速响应数据源改版后的适配调整需求。 2. 工程能力：具备良好的代码规范与工程化思维，能独立完成爬虫项目的设计、开发、测试与部署，熟悉Linux环境及常用命令，掌握Docker容器化部署、crontab/APScheduler定时任务调度者优先，有线上故障排查与性能优化经验更佳。 3. 工具使用：熟练使用浏览器开发者工具、Fiddler/Charles等抓包工具，Postman等API测试工具，能快速分析网络请求、定位抓取问题，了解mitmproxy等中间人代理工具者加分。 4. 学习与沟通：具备较强的自主学习能力，能快速跟进反爬技术、爬虫框架的最新发展，具备良好的逻辑思维、问题解决能力与团队协作能力，能清晰对接业务需求，输出技术方案与沟通进度。 加分项 1. 有抖音、百度、AI产品、内容平台、社交平台或垂直领域（如金融、医疗、电商）相关爬虫项目经验者优先，参与过大模型数据采集平台建设者优先。 2. 具备安卓逆向、小程序逆向经验，或有验证码识别（OCR/打码平台接入）、账号池搭建、代理池维护等专项经验者优先。 3. 熟悉分布式爬虫架构设计，有Scrapy-Redis、BloomFilter去重、一致性哈希分配等实践经验者优先，了解Kubernetes大规模爬虫部署与监控者加分。 4. 有开源爬虫项目、技术博客或对外技术输出经历，或具备机器学习辅助页面结构识别、智能爬虫开发经验者优先。 工作地点 郑州新郑市智能手机产业园B区12号楼3楼 以担保或任何理由索要财物，扣押证照，均涉嫌违法。一经发现， 立即举报,"Python,反爬虫",http://www.zhaopin.com/jobdetail/CC810233050J40860554409.htm?refcode=4019&srccode=401903&preactionid=b7625d13-5ac4-43a8-9723-56db0d315af8
爬虫工程师（AI数据采集）,小葱(江苏)信息科技股份有限公司,1.3-1.5万,杭州·余杭·五常,杭州,本科,1-3年,7月24日,zhilian_direct,岗位职责 1. 负责互联网公开数据的采集、清洗、结构化与入库，支撑 AI 应用、模型训练、知识库和数据分析业务。设计并开发高稳定性的爬虫系统，包括网页解析、动态页面采集、反爬策略应对、任务调度、代理管理和异常监控。 2. 针对不同网站结构，构建可复用的数据抽取规则和自动化解析流程，提升采集效率和数据质量。 3. 参与数据治理工作，包括去重、字段标准化、质量校验、数据溯源和更新机制设计。 4. 与算法、产品和业务团队协作，理解 AI 场景下的数据需求，输出可用于 RAG、训练、评测或业务分析的数据集。 5. 跟踪大模型、Agent、智能解析、网页理解等技术，探索 AI 辅助爬虫和自动化数据采集方案。 6. 遵守数据合规要求，确保采集范围、使用方式和存储流程符合相关法律法规及网站规则。 任职要求 1. 本科及以上学历，计算机、软件工程、数据科学等相关专业优先。 2. 熟练掌握 Python，熟悉 Scrapy、Requests、BeautifulSoup、Playwright、Selenium 等爬虫和浏览器自动化工具。 3. 熟悉 HTML、CSS、JavaScript、网络协议、浏览器渲染机制，能独立分析网页结构和接口请求。 4. 熟悉常见反爬机制及应对思路，如验证码、动态渲染、签名参数、频控、IP 限制、登录态管理等。 5. 熟悉 MySQL、PostgreSQL、MongoDB、Elasticsearch、Redis 中至少一种数据存储或检索系统。 6. 具备良好的数据清洗、文本处理和结构化能力，能处理多源异构数据。 7. 了解大模型、RAG、向量数据库、Embedding 或 AI 数据工程相关概念者优先。 8. 具备较强的问题排查能力、工程稳定性意识和合规意识。 工作地点 杭州余杭区阿里巴巴西溪C区 以担保或任何理由索要财物，扣押证照，均涉嫌违法。一经发现， 立即举报,"反爬虫,Python,CSS,Scrapy,爬虫",http://www.zhaopin.com/jobdetail/CCL1216963320J40908403903.htm?refcode=4019&srccode=401903&preactionid=b7625d13-5ac4-43a8-9723-56db0d315af8
python高级爬虫工程师,西安中天商旅服务有限公司,1-2万,西安·雁塔·等驾坡,西安,本科,3-5年,7月21日,zhilian_direct,职位描述 Python GO 爬虫开发 数据挖掘 数据采集 反爬虫 计算机软件 岗位要求： 1.负责设计开发爬虫系统以及优化爬虫策略，进行多平台信息的抓取和分析 2.设计爬虫策略和防屏蔽规则，完成对复杂网站和APP的信息抓取 3.参与业务功能需求探讨，数据分析处理落地，并提供后端接口 任职资格： 1.熟悉web、APP抓取原理及技术，熟悉常用的爬虫网络框架及重要组件; 2.至少熟悉Python、Nodejs、Go等一种编程语言，熟练掌握MySQL、Redis等数据库的使用 3.了解常见的反爬机制，能够破解常见的反爬机制 4.了解抓包技巧，突破抓包验证 5.具备优秀的逻辑思维能力，对解决挑战性问题充满热情，善于分析问题解决问题 加分项（非必须）： 1.了解相关APP逆向技术、js逆向和相关调试工具 2.掌握软件加密解密知识 3.了解反爬虫相关技术栈 4.有机票行业相关经验优先 工作地点 西安雁塔区交大南洋时代B座807室 以担保或任何理由索要财物，扣押证照，均涉嫌违法。一经发现， 立即举报,"Python,GO,爬虫开发,数据挖掘,数据采集,反爬虫",http://www.zhaopin.com/jobdetail/CCL1338430440J40712051414.htm?refcode=4019&srccode=401903&preactionid=b7625d13-5ac4-43a8-9723-56db0d315af8
python爬虫工程师,软通动力信息技术(集团)股份有限公司,1.1-1.5万,东莞·南城街道,东莞,本科,经验不限,7月21日,zhilian_direct,职位描述 Python 爬虫开发 岗位内容: 1. 设计和实现高效稳定的爬虫程序，收集海量数据并进行处理和分析。 2. 优化爬虫程序，提升抓取效率和准确性，降低被目标网站识别的风险。 3. 熟悉反爬虫策略和应对方法，保证爬虫程序持续稳定运行。 4. 配合团队完成数据采集与处理相关的技术难点解决。 任职要求: 1. 拥有扎实的编程能力，熟悉 Python 或其他主流编程语言。 2. 熟悉网络基础知识和常用协议，了解 HTTP、HTTPS、FTP 等协议原理及使用方法。 3. 精通 Web 相关技术，包括 HTML、CSS 和 JavaScript，并有相关开发经验。 4. 具备良好的沟通能力和团队意识，有解决问题的积极心态和创新精神。 工作地点 东莞华为欧洲小镇 以担保或任何理由索要财物，扣押证照，均涉嫌违法。一经发现， 立即举报,"Python,爬虫开发",http://www.zhaopin.com/jobdetail/CC000544460J40700710516.htm?refcode=4019&srccode=401903&preactionid=b7625d13-5ac4-43a8-9723-56db0d315af8
安卓APP逆向爬虫工程师,小葱(江苏)信息科技股份有限公司,1.4-1.5万,杭州·余杭·五常,杭州,本科,3-5年,7月25日,zhilian_direct,岗位职责 - 独立负责android端采集客户端的开发，不断迭代风控对抗，保障整体APP的稳定性 - 独立负责android端APP采集逆向工作，破解各类反爬限制，设计稳定、高效、可拓展的爬虫APP - 针对性解决android端复杂反爬场景，包括但不限于验证码、滑块、设备指纹、IP封禁、Cookie校验、JS混淆、动态渲染、行为风控等对抗问题 - 实时跟进目标风控策略、运营策略、加密策略等，快速迭代采集策略并保障采集APP的长期稳定可用 任职要求 - 具备APP爬虫逆向经验，会使用Frida、IDA、Jadx等工具完成android端APP的接口抓包、加密破解、参数还原 - 熟练各类反爬对抗：精通代理池搭建与使用、验证码识别、滑块破解、设备指纹伪造、请求头伪装、行为模拟、限流绕过等主流反爬技术 - 熟悉分布式爬虫技术：熟悉 Redis、MQ 等中间件，具备爬虫实战经验 - 精通网络协议：深入理解 HTTP/HTTPS 协议、TCP/UDP、Cookie、Session、Token 认证逻辑，熟悉网络抓包与协议分析 - 具备良好的问题排查、抗压能力，能独立解决风控、数据处理失败等各类线上突发问题 加分项 - 有大厂平台、电商、社交、短视频、资讯等高反爬难度深度抓取、逆向对抗实战经验。 - 熟悉机器学习验证码识别、AI滑块破解、流量混淆、私有协议逆向。 - 有过autojs等二次重打包经验 工作地点 杭州余杭区阿里巴巴西溪园区 以担保或任何理由索要财物，扣押证照，均涉嫌违法。一经发现， 立即举报,"Android,HTTP/HTTPS 协议,TCP/UDP,高反爬难度深度抓取",http://www.zhaopin.com/jobdetail/CCL1216963320J40909780103.htm?refcode=4019&srccode=401903&preactionid=b7625d13-5ac4-43a8-9723-56db0d315af8
爬虫工程师,东微电子ORIENTAL MATERIALS M,1.2-2万,郑州·新郑·和庄,郑州,本科,1-3年,7月21日,zhilian_direct,岗位职责 1.负责设计、开发、优化网络爬虫系统，针对抖音、百度、Web、APP、小程序等多端主流数据源，实现高效、稳定的数据采集，确保数据的准确性、完整性和时效性，支撑业务数据需求与大数据分析工作。 2.深入研究各类反爬机制（如IP封禁、验证码、JS混淆、行为检测等），制定并落地应对策略，包括IP代理池搭建、User-Agent轮换、Cookie维持、验证码识别等，持续提升爬虫抓取成功率与稳定性。 3.负责爬虫系统的日常维护与迭代，监控爬虫运行状态，排查抓取异常、数据缺失等问题，优化抓取策略、并发控制与资源占用，保障系统7×24小时稳定运行。 4.完成数据采集后的清洗、去重、结构化处理，对接MySQL、MongoDB、Redis、Elasticsearch等存储介质，搭建完整的数据采集-处理-存储链路，输出符合业务标准的数据格式。 5.参与分布式爬虫架构设计与实现，运用Scrapy-Redis等技术实现任务分发与负载均衡，提升海量数据抓取效率，探索智能爬虫、增量爬取等高级技术的应用。 6.配合产品、数据团队，根据业务需求优化数据采集方案，参与技术难点攻关，输出技术文档，沉淀爬虫开发与反爬对抗经验。 7.严格遵守《网络安全法》等相关法律法规，确保数据采集行为合法合规，坚守数据伦理，杜绝违规抓取行为。 任职要求 基础要求 1.学历：本科及以上，计算机相关专业（计算机科学、软件工程、网络工程等），1-5年爬虫开发相关经验（可接受优秀应届生投递实习岗），有抖音、百度等主流平台大规模数据采集或分布式爬虫经验者优先。 2.语言：熟练掌握Python编程语言，具备扎实的面向对象编程基础，熟悉异常处理机制、多线程/多进程/协程（asyncio）等并发编程技术；熟悉Java编程语言，能运用Java辅助完成爬虫相关开发、数据交互者优先；可根据需求补充掌握JavaScript、Go等辅助语言者优先。 3.协议与解析：深入理解HTTP/HTTPS协议，熟悉GET/POST等请求方法、各类状态码含义及请求头/响应头关键信息，精通XPath、CSS选择器、正则表达式，熟练使用BeautifulSoup等解析工具，能处理HTML、JSON等多种格式数据，应对动态内容抓取需求。 4.框架与工具：熟练使用Scrapy、Requests、Urllib等爬虫框架与库，掌握Selenium、Playwright、Pyppeteer等自动化工具/无头浏览器的使用，能处理复杂页面交互与动态渲染问题，有Scrapy扩展组件（如scrapy-splash、scrapy-proxies）使用经验者优先。 5.数据存储：熟练掌握MySQL数据库，熟悉PostgreSQL等其他关系型数据库，MongoDB等文档型数据库，以及Redis缓存的使用，能独立完成数据存储方案设计与实现，熟练编写MySQL复杂查询语句、优化SQL性能，了解Elasticsearch等搜索型存储者加分。 能力要求 1.反爬能力：具备丰富的反爬对抗经验，能独立分析并破解抖音、百度等平台常见反爬手段，有JS逆向、WebSocket协议分析、WASM解析等高级反爬经验者优先，能快速响应数据源改版后的适配调整需求。 2.工程能力：具备良好的代码规范与工程化思维，能独立完成爬虫项目的设计、开发、测试与部署，熟悉Linux环境及常用命令，掌握Docker容器化部署、crontab/APScheduler定时任务调度者优先，有线上故障排查与性能优化经验更佳。 3.工具使用：熟练使用浏览器开发者工具、Fiddler/Charles等抓包工具，Postman等API测试工具，能快速分析网络请求、定位抓取问题，了解mitmproxy等中间人代理工具者加分。 4.学习与沟通：具备较强的自主学习能力，能快速跟进反爬技术、爬虫框架的最新发展，具备良好的逻辑思维、问题解决能力与团队协作能力，能清晰对接业务需求，输出技术方案与沟通进度。 加分项 1.有**抖音、百度、AI产品、内容平台、社交平台或垂直领域（如金融、医疗、电商）**相关爬虫项目经验者优先，参与过大模型数据采集平台建设者优先。 2.具备安卓逆向、小程序逆向经验，或有验证码识别（OCR/打码平台接入）、账号池搭建、代理池维护等专项经验者优先。 3.熟悉分布式爬虫架构设计，有Scrapy-Redis、BloomFilter去重、一致性哈希分配等实践经验者优先，了解Kubernetes大规模爬虫部署与监控者加分。 有开源爬虫项目、技术博客或对外技术输出经历，或具备机器学习辅助页面结构识别、智能爬虫开发经验者优先。 工程师：12-16K 高级工程师：15-20K 特别优秀面议 工作地点 新郑市智能手机产业园郑州手机产业园b区12号楼郑州航空港区新港大道与人民路交叉口智能终端手机产业,"Python,Java,JavaScript,GO",http://www.zhaopin.com/jobdetail/CC810233050J40864476209.htm?refcode=4019&srccode=401903&preactionid=b7625d13-5ac4-43a8-9723-56db0d315af8
python爬虫工程师,山西掌柜鼎科技股份有限公司,5000-10000元,太原·万柏林·千峰,太原,大专,5-10年,7月21日,zhilian_direct,岗位职责： 1. 负责开发和维护各种开源信息的爬取、解析和存储。 2. 设计和实现爬虫策略，解决反爬机制，确保爬取效率和质量。 3. 参与爬虫算法与策略的研究，优化抓取效果和适应新的网络环境。 4. 与业务团队合作，理解数据需求，提供高质量的数据支持和解决方案。 5. 负责爬虫系统的架构设计、技术选型和性能优化。 6. 跟踪爬虫系统的运行状态，及时发现和解决问题。 7. 不断学习新技术和爬虫开发框架，保持在该领域的技术领先地位。 任职要求： 1.统招本科及以上学历，计算机科学、软件工程、信息技术或相关专业。 2.熟悉常见的网络基础知识，包括HTTP/HTTPS协议、TCP/IP等。 3.熟练使用编程语言，如Python、Java、JavaScript等，以及相应的数据处理工具。 4.熟练掌握主流的爬虫开发框架，如Scrapy、Beautiful Soup等。 5.熟悉Linux基本命令，熟练运用MySQL、Redis等数据库操作。 6.具备解决反爬机制的能力，熟悉常见的反爬手段和对策。 7.了解不同端的抓包分析方法，具备基本的JS或移动端逆向能力。 8.具备数据处理和数据清洗经验，能够确保获取的数据质量。 9.能独立解决实际开发过程中遇到的各类问题。 10.具备良好的英语能力者优先，能够阅读相关技术文档和论文。 11.良好的沟通能力和团队合作精神，能够与不同团队紧密协作。 12.有开发过车险、非车险 或者保险SaaS系统开发经验的优先 13.有开发过代驾系统、救援系统及其余和车辆后市场有关的系统优先 工作地点 太原万柏林区信达国际金融中心48层 以担保或任何理由索要财物，扣押证照，均涉嫌违法。一经发现， 立即举报,"Python,爬虫开发",http://www.zhaopin.com/jobdetail/CCL1359125360J40854221105.htm?refcode=4019&srccode=401903&preactionid=b7625d13-5ac4-43a8-9723-56db0d315af8
python爬虫工程师,青岛格兰德信用管理咨询有限公司,7000-12000元,青岛·市南·金门路,青岛,本科,3-5年,7月24日,zhilian_direct,岗位职责： 1.根据业务部门提供新增数据源进行爬取代码编写； 2.对爬取数据的简单清洗、结构化； 3.优化爬取代码的性能，提升爬取效率； 4.老数据源爬取任务的巡检或监控； 5.完成因数据源改版而需要的爬取代码修改。 任职要求： 1.本科或以上，软件工程类、计算机类等计算机专业方向 2.熟悉Python或java开发 工作地点 市南区青岛软件园4号楼 以担保或任何理由索要财物，扣押证照，均涉嫌违法。一经发现， 立即举报,Python,http://www.zhaopin.com/jobdetail/CC200824010J40879713808.htm?refcode=4019&srccode=401903&preactionid=b7625d13-5ac4-43a8-9723-56db0d315af8
爬虫工程师,四川柒零卡科技有限公司,1.2-1.7万,成都·武侯·桂溪,成都,大专,3-5年,7月21日,zhilian_direct,职位描述 Python 反爬虫 爬虫开发 数据采集 产业互联网平台 工作职责： 1.负责Web网页数据及接口的抓取工作，包括动态网页、API接口以及小程序的数据抓取，确保数据抓取的准确性和时效性。 2.开发并维护小程序接口抓取系统，优化抓取链路，提升数据获取效率和质量。 3. 开发、维护现有爬虫系统，包括调度、抓取、维护、验证等爬虫工作。 4. 对不同网站的防御机制和反爬虫策略进行深入研究，提炼关键技术点。 5. 能够解决协议反爬、风控、人机识别等高级问题。 6. 负责爬虫技术难点的攻克。 7.撰写相关技术文档，确保代码和系统具有良好的可维护性。 任职要求： 1. 对Python和计算机网络有深入理解，能够熟练运用多线程技术，掌握主流爬中框架，具备小程序抓取相关经验； 2. 精通JavaScript逆向工程、虚拟机、代码混淆、抽象语法树(AST)等技术，并有实际的JavaScript逆向和分析，能独立完成小程序包解析、反编译及接口逆向； 3. 熟悉常见反爬机制，验证码识别，IP代理池应用lp池、headers认证和cookie等; 4. 能够分析网络链路，并处理TLS/HTTP2等协议流量识别、IP识别问题； 5. 了解基本的机器学习算法，可解决一些基础的图像验证码识别、人机对抗等问题； 6. 熟悉Redis、MySQL、redis、git等常用中间件使用； 工作地点 成都武侯区东方希望天祥广场B座3709 以担保或任何理由索要财物，扣押证照，均涉嫌违法。一经发现， 立即举报,"Python,反爬虫,爬虫开发,数据采集",http://www.zhaopin.com/jobdetail/CCL1217651550J40874235903.htm?refcode=4019&srccode=401903&preactionid=b7625d13-5ac4-43a8-9723-56db0d315af8
爬虫工程师,青岛凯盛浩丰智慧农业科技有限公司,8000-11000元·13薪,青岛·城阳·上马,青岛,本科,1-3年,7月21日,zhilian_direct,岗位职责 1.数据采集：熟练运用 Python 编写高效稳定的爬虫程序，从各类网站、API 接口等多渠道采集数据；根据业务需求制定合理的爬虫策略，解决反爬机制，确保数据采集的准确性和完整性；持续优化爬虫性能，提升采集效率； 2.数据处理：对采集到的数据进行深度清洗，运用 Pandas、Numpy 等库去除重复、错误、缺失数据，进行标准化和规范化处理，为后续分析和挖掘提供高质量数据基础； 3.数据存储：负责数据的存储与管理工作，熟练使用 MySQL、SQLServer 等数据库，设计合理的数据存储结构，确保高效存储和快速查询；定期进行数据备份和维护，保障数据安全。 任职要求 1.计算机相关专业，本科及以上学历，有丰富实践经验者优先考虑； 2.熟悉网络爬虫原理，有丰富的爬虫开发经验，能熟练使用 Scrapy 等爬虫框架，熟悉常见反爬机制及应对方法； 3.熟练掌握至少一种数据库（MySQL、DuckDB 等）的使用，了解数据库设计和优化； 4.有较强的学习能力和自我驱动力，能够快速掌握新技术、新工具。 加分项 1.了解 Apache Doris 或其他OLAP数据库经验； 2.接触过实时数据处理技术（Flink、Kafka 等）； 3.有 BI 工具（FineBI、Power BI、观远 等）使用或开发经验。 工作地点 山东省青岛市城阳区环岛路城阳区凯丰国际金融广场A座(环岛路南) 以担保或任何理由索要财物，扣押证照，均涉嫌违法。一经发现， 立即举报,"爬虫开发,数据采集,分布式爬虫,Scrapy,PySpider",http://www.zhaopin.com/jobdetail/CCL1462635870J40862803011.htm?refcode=4019&srccode=401903&preactionid=b7625d13-5ac4-43a8-9723-56db0d315af8
爬虫工程师助理,汇宸九州(东莞)科技有限公司,8000-10000元,深圳·龙华·龙华,Guangzhou,大专,1-3年,7月26日,zhilian,职位描述 Python HTML CSS 数据采集 数据清洗 Scrapy 反爬策略应对 爬虫日志整理 数据报表制作 工作职责 1. 协助工程师完成目标网站的数据采集任务，执行爬虫脚本的日常运行与监控。 2. 负责采集数据的初步清洗、格式转换与存储，确保数据的完整性与准确性。 3. 参与爬虫工具的基础维护与优化，协助解决简单的反爬策略应对问题。 4. 整理爬虫执行日志与数据报表，为团队技术决策提供基础数据支持。 任职要求 1. 大专及以上学历，有经验者或相关专业优先。 2. 掌握Python基础语法，熟悉至少一种爬虫框架（如Scrapy、BeautifulSoup）。 3. 了解HTTP协议、HTML/CSS结构，具备基础的反爬机制认知（如IP代理、User-Agent伪装）。 4. 具备良好的学习能力与问题解决意识，能快速掌握新工具与技术。 5. 工作细致耐心，有较强的责任心与团队协作精神。 工作地点 深圳龙华区国鸿大厦18 以担保或任何理由索要财物，扣押证照，均涉嫌违法。一经发现， 立即举报,"Python,HTML,CSS,数据采集,数据清洗,Scrapy,反爬策略应对,爬虫日志整理,数据报表制作",http://www.zhaopin.com/jobdetail/CCL1526069760J40883226705.htm?refcode=4019&srccode=401901&preactionid=86b316a6-e1de-4f23-a966-dffd24ed22bf
python爬虫工程师,太原元溪科技有限公司,700-1400元/周,深圳·南山·桃源,Guangzhou,学历不限,经验不限,7月21日,zhilian,职位描述 Python SQL 数据挖掘 数据清洗 数据采集 岗位内容: 1. 设计和开发符合业务需求的爬虫系统，实现数据采集、处理和分析。 2. 优化爬虫程序，提升数据采集效率和准确性，保证数据的完整性和正确性。 3. 参与和配合团队进行数据分析和挖掘相关工作，为业务决策提供支持。 4. 关注技术前沿及发展趋势，不断优化爬虫系统并推进爬虫技术的发展。 任职要求: 1. 具备较强的编程能力，熟练掌握 Python 或其他主流编程语言。 2. 具备一定的计算机基础，熟悉网络协议和 Web 技术，能够解决常见问题。 3. 具备良好的团队合作和沟通能力，能够与团队成员紧密配合完成任务。 4. 有自我学习和探索的能力，关注行业动态和技术趋势，不断提升个人技能水平。 工作地点 南山区深圳大学城 以担保或任何理由索要财物，扣押证照，均涉嫌违法。一经发现， 立即举报,"Python,SQL,数据挖掘,数据清洗,数据采集",http://www.zhaopin.com/jobdetail/CCL1505999800J40886399315.htm?refcode=4019&srccode=401901&preactionid=86b316a6-e1de-4f23-a966-dffd24ed22bf
爬虫开发工程师,上海保携智能科技有限公司,7000-14000元·13薪,上海·闵行·浦江,Guangzhou,大专,1-3年,7月24日,zhilian,"职位描述 Python 爬虫开发 工作职责： 1、采用多种数据获取技术、方式, 对授权网站的数据进行网络抓取，确保数据获取的效率和准确性； 2、对抓取数据进行清洗、整理、入库； 3、解决常见的反爬虫问题； 任职要求 1、熟悉常用Python爬虫框架Scrapy、Feapder中的至少一种; 2、熟悉网页抓取原理及解析技术，熟练使用基于正则表达式、XPath、CSS等网页信息抽取技术; 3、熟悉网络抓包工具，如Fiddler、Wireshark等； 4、熟悉 Web JS 逆向分析，反混淆等（优先）； 5、熟悉 selenium 等自动化框架； 6、熟悉python web框架等； 7、熟悉 MySQL、redis等常用组件； 8、良好的分析问题、解决问题的能力，能独立承担开发任务； 9、良好的沟通能力和理解能力，以及自我推动的主观能动性； 奖金绩效 项目奖金 工作地点 上海闵行区临港浦江科技广场5号楼5楼502 以担保或任何理由索要财物，扣押证照，均涉嫌违法。一经发现， 立即举报","Python,爬虫开发",http://www.zhaopin.com/jobdetail/CCL1369786440J40534754910.htm?refcode=4019&srccode=401901&preactionid=86b316a6-e1de-4f23-a966-dffd24ed22bf
Python游戏脚本开发,以太网络科技(太原)有限公司,2000-4000元,太原·小店·平阳路,Guangzhou,学历不限,经验不限,7月24日,zhilian,岗位职责： 1，参与游戏项目Python功能脚本开发； 2，按计划提交任务并反馈开发进度； 3，配合进行问题定位、功能测试和版本回归。 任职要求： 1，学历不限，接受在校生和应届毕业生； 2，有Python基础，不要求正式工作经验； 3，对游戏开发感兴趣，愿意主动学习； 4，能够稳定线上办公并按时完成任务。 岗位优势： 1，全程远程办公，无需到公司坐班； 2，有实际项目和开发任务，不是单纯观看课程； 3，提供任务指导和代码反馈，可以边做边学； 4，完成约定实习内容后可提供实习证明。 工作地点 太原小店区山西转型综合改革示范区阳曲产业园新和路10号2幢黑马创新中心1层105室 以担保或任何理由索要财物，扣押证照，均涉嫌违法。一经发现， 立即举报,Python,http://www.zhaopin.com/jobdetail/CCL1526763190J40864789611.htm?refcode=4019&srccode=401901&preactionid=86b316a6-e1de-4f23-a966-dffd24ed22bf
python开发工程师,西安软玥信息技术有限公司,9000-13000元,西安·雁塔·丈八沟,Guangzhou,本科,1-3年,7月22日,zhilian,职位描述 Django Flask MySQL Redis PYTHON后端开发 接口设计优化 跨团队协作 工作职责 1. 参与公司核心业务系统的Python后端开发与功能迭代，保障代码质量与系统性能。 2. 负责接口设计、数据处理及模块优化，解决开发过程中的技术难点。 3. 与产品、测试团队协作，完成需求分析、方案设计及功能交付。 4. 参与技术文档编写与维护，推动团队代码规范落地。 任职要求 1. 本科及以上学历，计算机相关专业，具备扎实的编程基础。 2. 熟练掌握Python语言，熟悉Django、Flask等至少一种Web框架。 3. 了解MySQL、Redis等数据库的基本使用与优化，具备数据处理能力。 4. 具备良好的逻辑思维与问题分析能力，能独立完成模块开发任务。 5. 拥有团队协作意识，具备良好的沟通能力与学习能力。 工作地点 西安雁塔区和发智能大厦B座 以担保或任何理由索要财物，扣押证照，均涉嫌违法。一经发现， 立即举报,"Django,Flask,MySQL,Redis,PYTHON后端开发,接口设计优化,跨团队协作",http://www.zhaopin.com/jobdetail/CCL1476319810J40957237915.htm?refcode=4019&srccode=401901&preactionid=86b316a6-e1de-4f23-a966-dffd24ed22bf
爬虫工程师,杭州财塔科技有限公司,8000-12000元,杭州·东新,Guangzhou,学历不限,1-3年,7月26日,zhilian,职位描述 Python 数据采集 爬虫开发 分布式爬虫 Flask Scrapy requests 岗位内容: 1. 设计和实现高效稳定的爬虫程序，收集海量数据并进行处理和分析。 2. 优化爬虫程序，提升抓取效率和准确性，降低被目标网站识别的风险。 3. 熟悉反爬虫策略和应对方法，保证爬虫程序持续稳定运行。 4. 配合团队完成数据采集与处理相关的技术难点解决。 任职要求: 1. 拥有扎实的编程能力，熟悉 Python 或其他主流编程语言。 2. 熟悉网络基础知识和常用协议，了解 HTTP、HTTPS、FTP 等协议原理及使用方法。 3. 精通 Web 相关技术，包括 HTML、CSS 和 JavaScript，并有相关开发经验。 4. 具备良好的沟通能力和团队意识，有解决问题的积极心态和创新精神。 工作地点 浙江省杭州市拱墅区白石巷318号 以担保或任何理由索要财物，扣押证照，均涉嫌违法。一经发现， 立即举报,"Python,数据采集,爬虫开发,分布式爬虫,Flask,Scrapy,requests",http://www.zhaopin.com/jobdetail/CC325454280J40876638814.htm?refcode=4019&srccode=401901&preactionid=86b316a6-e1de-4f23-a966-dffd24ed22bf
python爬虫助理工程师,合肥红青职业技术培训学校有限公司,5000-6000元,合肥,Guangzhou,大专,经验不限,7月25日,zhilian,职位描述 人工智能 计算机软件 岗位内容: 1. 协助爬虫系统的设计和开发，实现高效稳定的数据采集和分析处理。 2. 参与数据清洗、去重、格式化等操作，确保数据质量满足业务需求。 3. 参与爬虫程序，提高爬取效率和成功率，降低误差率以及被封禁的风险。 4. 承担部分自动化测试脚本开发，保证爬虫系统的稳定性和可靠性。 任职要求: 1. 熟练掌握 Python 语言，了解 HTTP 协议及常见的反爬虫算法。 2. 具备良好的算法和数据结构基础，熟悉多线程、异步编程等技术。 3. 熟悉各类数据库，如 MySQL、Redis、MongoDB 等，并有实际项目应用经验。 4. 具备良好的英文阅读能力，能够阅读英文技术文档和资料。 工作地点 合肥工投创智天地A2号楼 以担保或任何理由索要财物，扣押证照，均涉嫌违法。一经发现， 立即举报,人工智能,http://www.zhaopin.com/jobdetail/CCL1462723410J40878997503.htm?refcode=4019&srccode=401901&preactionid=86b316a6-e1de-4f23-a966-dffd24ed22bf
PYthon维护开发工程师,南京太能塔信息科技有限公司,1.4-1.7万·13薪,济南·市中·港沟,Guangzhou,高中,经验不限,7月25日,zhilian,职位描述 JavaScript Oracle NoSQL PHP Hey，你好呀！我们公司正在寻找一位充满激情和责任心的Python开发工程师小伙伴，一起加入我们的冒险旅程！ 你的冒险任务将包括： 和我们一起研发酷炫的后端系统； 独立完成模块设计和编码； 寻找并修复系统中的bug； 参加代码评审，和团队一起优化代码； 编写软件系统相关文档。 如果你满足以下条件，就赶快加入我们吧！ 热爱编程和冒险，对Python有浓厚兴趣； 计算机相关专业本科及以上学历； 有Python开发经验更佳（但不是必须哦）； 善于学习和沟通，勇于面对挑战； 责任心强，热爱团队工作。 工作地点 市中区山东省济南市高新区经十路7000号汉峪金谷商务区A1-5号楼F-座-6-1438 以担保或任何理由索要财物，扣押证照，均涉嫌违法。一经发现， 立即举报 客户,"JavaScript,Oracle,NoSQL,PHP",http://www.zhaopin.com/jobdetail/CCL1512293500J40883483105.htm?refcode=4019&srccode=401901&preactionid=86b316a6-e1de-4f23-a966-dffd24ed22bf
爬虫工程师,上海策贸科技有限公司,1.4-1.7万,上海·徐汇·龙华,Guangzhou,本科,3-5年,7月25日,zhilian,岗位职责 1. 结合大模型训练需求，设计和优化高效、智能化的爬虫系统，进行多源（文本、语音、视觉）数据采集。 2. 针对大模型数据预处理要求，优化爬虫数据格式和质量，提升爬取数据对训练和推理的适用性。 3. 结合大模型场景，构建半自动/自动化定向抓取能力，推进数据抓取工作平台化建设。 4. 跟进最新的反爬技术与反制策略，持续优化爬虫架构和性能，保障数据采集的稳定性与持续性。 5. 负责数据存储方案设计与基础查询优化，确保大规模数据的高效存取。 二、职位要求 1. 本科及以上学历，计算机科学、人工智能、网络安全等相关专业，具备多年爬虫开发相关工作经验。 2. 精通Python 编程语言，熟练掌握 Scrapy、BeautifulSoup、Selenium、Playwright 等爬虫相关框架与工具。 3. 熟悉并能绕过常见的反爬技术，具备独立解决IP 代理、验证码识别、动态渲染、JS 加密等反爬问题的能力。 4. 熟悉HTTP/HTTPS 协议及常见 Web 前端技术（HTML、CSS、JavaScript），能分析动态网页加载逻辑，对复杂数据进行高效提取和清洗。 5. 熟悉大模型训练和数据处理流程，能够根据模型需求灵活调整数据抓取策略。 6. 熟悉MySQL、MongoDB 等数据库的使用，能完成数据的存储与基本的查询优化。 7. 具备良好的问题排查能力、沟通协作能力和责任心，有较强的学习能力和技术钻研精神。 三、加分项 1. 有大规模数据抓取与处理经验，尤其是针对大模型训练数据的采集和优化。 2. 有大模型或AI 相关领域的爬虫应用经验，能够理解和支持模型数据需求。 3. 熟悉数据加密与解密技术，能够破解复杂的加密算法。 具备AI 或大模型领域的技术背景，对模型训练全流程有深入理解。 工作地点 上海徐汇区星云1号大厦 以担保或任何理由索要财物，扣押证照，均涉嫌违法。一经发现， 立即举报,"Scrapy,BeautifulSoup",http://www.zhaopin.com/jobdetail/CC716548080J41022509604.htm?refcode=4019&srccode=401901&preactionid=86b316a6-e1de-4f23-a966-dffd24ed22bf
AI数据抓取工程师,广东恒云祥泰教育科技有限公司,1-2万,广州·黄埔·联和,Guangzhou,本科,1-3年,7月25日,zhilian,岗位职责： 1、负责互联网公开数据的抓取、采集与落地，搭建稳定、高并发、可扩展的分布式爬虫系统，支持结构化、非结构化文本、图片、图文混合等多类型数据采集，满足AI模型训练、业务数据分析等核心数据需求。 2、深耕AI数据场景，结合大模型能力优化爬虫全流程，完成数据集构建、公开语料抓取、数据筛选、文本清洗、信息抽取、内容分类标注等工作，输出高质量AI训练数据集，支撑模型迭代与优化。 3、深度分析各类网站、接口、动态页面的请求逻辑，攻克复杂反爬场景，针对性解决IP封禁、频率限制、验证码、JS动态渲染、参数签名、登录态校验、设备指纹风控等各类反爬问题，持续提升爬虫采集成功率与稳定性。 4、负责爬虫框架的迭代优化与日常维护，优化爬虫并发调度、增量更新、去重校验机制，解决爬虫卡顿、漏采、重复采集等问题，提升大规模数据采集的效率与覆盖率。 5、对接AI算法团队、产品团队，精准匹配业务数据需求，配合完成Prompt优化、模型测试、数据专项采集等工作，根据业务迭代快速开发适配新的采集规则与数据处理流程。 6、严格遵守网络安全规范、robots协议及相关法律法规，合规开展公开数据采集工作，规避数据采集风险，沉淀标准化的爬虫开发与数据处理规范。 任职要求： 1、本科及以上学历，计算机、软件工程、数据科学、人工智能等相关专业，1-3年及以上爬虫开发、数据采集相关工作经验，有AI数据集搭建、大模型语料处理经验者优先。 2、熟练掌握Python编程语言，精通Scrapy、BeautifulSoup、Playwright、Selenium等主流爬虫框架，具备从零搭建分布式爬虫系统的能力。 3、扎实掌握网络基础原理，精通HTTP/HTTPS、TCP/IP网络协议，熟练使用抓包工具分析接口请求、解析网页结构，熟悉前端HTML、CSS、JS基础语法，可独立逆向分析动态接口与加密参数。 4、具备丰富的反爬对抗经验，熟练掌握代理池搭建、账号池维护、验证码破解、请求指纹伪装、请求频率优化等主流反爬解决方案，可独立处理各类复杂风控场景。 5、熟悉数据存储与处理技术，熟练使用MySQL、MongoDB、Redis等数据库，掌握数据去重、数据清洗、格式标准化、异常数据过滤等数据加工能力。 6、熟悉Linux开发环境，掌握基础Shell运维命令，具备脚本编写、爬虫服务部署、日志排查、性能调优能力，保障爬虫服务7*24小时稳定运行。 7、具备AI数据处理思维，了解大模型训练语料、数据集制作流程，能够根据模型需求完成数据筛选、提纯、分类、标注等工作者优先。 8、逻辑清晰、责任心强，具备良好的问题排查能力、自主学习能力和团队协作能力，有大规模爬虫项目、海外平台数据采集经验者加分。 工作地点 黄埔区广州国际企业孵化器-G座1716-1720 以担保或任何理由索要财物，扣押证照，均涉嫌违法。一经发现， 立即举报,"爬虫开发,大数据与计算机",http://www.zhaopin.com/jobdetail/CCL1493953910J40865007701.htm?refcode=4019&srccode=401901&preactionid=86b316a6-e1de-4f23-a966-dffd24ed22bf
爬虫工程师,长沙智拓无界信息科技有限公司,100-150元/天,长沙·雨花·砂子塘,Guangzhou,大专,经验不限,7月17日,zhilian,"岗位职责: 1. 进行数据采集和爬虫实习项目； 2. 分析和处理爬取到的数据； 3. 与团队合作，确保数据质量和准确性； 4. 优化爬虫策略和流程。 任职要求： 1. 对数据采集和网络爬虫有浓厚的兴趣； 2. 能够熟练使用相关工具和语言； 3. 具备良好的团队合作能力和沟通技巧； 4. 能够独立解决技术难题。 薪资福利: 1、上班时间(9:00-12:00，13.30-18:00,8小时工作时间制) 2、薪资福利:同您的能力和岗位工作相匹配(高于同行业同岗位的薪资)的完善的薪资管理体系,底薪+绩效+提成+奖金+年终奖 3、缴纳五险,公司提供微波炉，冰箱，饮水机，零食，团建 4、公司目前为创业型新公司，目前多岗位空缺，晋升空间大，团队年轻化，工作气氛极佳 5、带薪年假·字受国家法定节假日:公司端午节、中秋节、春节等重大节日为员工发放节日礼包,员工娱乐活动定期举行团队建设，聚餐、生日pary、下午茶点心、季度旅游等活动 工作地点 湖南省长沙市雨花区韶山中路495号(新建路与韶山路交汇处)3203 以担保或任何理由索要财物，扣押证照，均涉嫌违法。一经发现， 立即举报","数据清洗,数据采集,爬虫开发,反爬虫",http://www.zhaopin.com/jobdetail/CCL1525717990J40876495705.htm?refcode=4019&srccode=401901&preactionid=86b316a6-e1de-4f23-a966-dffd24ed22bf
实习Python工程师,河南秉奇数字技术有限公司,100-150元/天,郑州·中原·石佛,Guangzhou,本科,经验不限,7月25日,zhilian,岗位职责： １. 负责大模型智能体应用开发，包括架构设计、算法优化、模型部署、测试验证工作； ２. 负责将相应的大模型集成到应用系统中，开发相关接口、服务及功能模块； ３. 负责大模型构建、训练、部署、测试、调优等全流程； ４. 负责开发Python爬虫解决方案，提供测试数据； ５. 负责公司软件与互联网产品的测试工作； ６. 公司交办的其他事项。 任职要求： １. 统招本科及以上学历，仅限2026/2027届毕业生； ２. 熟悉LangChain和LangGraph两种智能体开发框架； ３. 熟悉PyTorch和TensorFlow两种深度学习框架； ４. 熟练掌握Python编程语言并具备爬虫经验； ５. 熟悉机器学习和深度学习相关算法； ６. 要求有AI智能体开发经验。 职位福利：五险一金、周末双休、节日福利、绩效奖金、带薪年假、每年多次调薪、优秀员工奖金、多次晋升机会 工作地点 郑州中原区云投小镇 以担保或任何理由索要财物，扣押证照，均涉嫌违法。一经发现， 立即举报,"Python,SQL,Java,数据清洗,数据采集,爬虫开发,反爬虫,分布式爬虫",http://www.zhaopin.com/jobdetail/CCL1389828730J41011487604.htm?refcode=4019&srccode=401901&preactionid=86b316a6-e1de-4f23-a966-dffd24ed22bf
网络安全/爬虫工程师,西安闪电逸动网络科技有限公司,1.2-2万,西安·雁塔·丈八沟,Guangzhou,本科,3-5年,7月17日,zhilian,岗位职责: 1. 跟踪网络安全领域的发展趋势，研究相关技术与安全事件; 2. 参与安全漏洞的分析与评估，提出应对策略; 3. 针对网络攻击行为进行技术分析与研究; 4. 探索新兴技术对网络安全的影响，提供专业建议。 5. 参与内网横向渗透、权限维持及流量隐匿技术研究 要求： 1. 熟练掌握Python编程语言，熟悉常用的爬虫框架（如Scrapy、BeautifulSoup、Selenium等） 2. 熟练掌握JS逆向、过反调试，浏览器指纹分析，AST反混淆 3. 熟练掌握APP爬取技术，过抓包检查，对第三方厂商安全验证码有破解经验 4. 精通网络反爬技术，能应对验证码、IP封禁、UA验证、Cookie验证等反爬机制 5. 具备各类平台登录验证解决方案开发能力，确保自动化登录稳定可靠 6. 具备扎实的数据清洗、标准化、校验开发能力，能设计自定义规则引擎，处理采集过程中的不规整数据、异常数据，确保数据准确性和规范性。 工作地点 西安雁塔区旺都-A座708 以担保或任何理由索要财物，扣押证照，均涉嫌违法。一经发现， 立即举报,"Python,反爬虫",http://www.zhaopin.com/jobdetail/CC863092150J41014740304.htm?refcode=4019&srccode=401901&preactionid=86b316a6-e1de-4f23-a966-dffd24ed22bf
python爬虫工程师,海口美兰区璃堃网络科技工作室(个体工商户),1.6-2.8万·16薪,海口·龙华·大同,Guangzhou,学历不限,5-10年,7月19日,zhilian,职位描述 Python 反爬虫 分布式爬虫 1. 负责爬虫系统的研发工作。 2. 根据开发规范与流程独立完成爬虫的设计、编码与测试。 3. 定位并修改系统中暴露出的bug。 4. 持续优化爬虫的抓取效率与稳定性。 5. 完成相关文档的编写工作。 6. 与其他部门配合完成数据需求。 感兴趣联系我，欢迎加入我们的团队！ 工作地点 海口市-龙华区-义龙东路62-1号 以担保或任何理由索要财物，扣押证照，均涉嫌违法。一经发现， 立即举报,"Python,反爬虫,分布式爬虫",http://www.zhaopin.com/jobdetail/CCL1523052000J40911658712.htm?refcode=4019&srccode=401901&preactionid=86b316a6-e1de-4f23-a966-dffd24ed22bf
爬虫工程师（兼职）,重庆瞻视科技有限公司,2000-3500元,重庆·渝北,Guangzhou,本科,3-5年,7月22日,zhilian,岗位职责： 1、负责设计、开发和维护高效、稳定的网络爬虫系统，优化现有爬虫脚本，提升数据获取效率与稳定性； 2、优化爬虫策略和算法，提升爬虫系统的性能、效率和稳定性；处理反爬机制（IP代理、验证码绕过、动态渲染等） 3、负责电商平台（银行系电商平台、航空系电商平台、自建小程序、自建商城等）商品数据、评论、销量的自动化爬取，清洗、结构化爬取数据，并存储至数据库（MySQL/MongoDB等） 4、对接电商平台/ERP系统API，实现数据自动同步 5、配合业务部门，提供数据抓取方案，支持营销、库存等决策 6、定期输出数据报告（如竞品价格监控、用户评论情感分析等） 7、领导交办的其它工作事务。 任职要求： 1、本科及以上学历，计算机类、电子商务、数据类相关专业优先； 2、必须熟练运用各类办公软件，特别是各类AI工具、Python语言及erp系统； 3、熟悉网站与系统的数据结构和API接口，具备数据抓取和整合能力； 4、有电商或批发零售行业工作经验优先； 5、能适应一专多能的工作要求，吃苦耐劳； 6、具有创造性思维，良好的逻辑思维，具备独立分析问题的能力，优秀的沟通能力和团队合作能力，做事认真负责； 具备良好的情绪管理能力与抗压能力。 工作时间及薪资待遇面议 工作地点 重庆渝北区食品城大道18号(上湾路地铁站3号口步行120米)17栋2单元1-12 以担保或任何理由索要财物，扣押证照，均涉嫌违法。一经发现， 立即举报,"Python,爬虫开发,数据采集",http://www.zhaopin.com/jobdetail/CC411635280J40798171603.htm?refcode=4019&srccode=401901&preactionid=86b316a6-e1de-4f23-a966-dffd24ed22bf
初级爬虫工程师,深圳市凯瑞佳易科技有限公司,9000-13000元·13薪,深圳·福田·华强北,Guangzhou,本科,1-3年,7月26日,zhilian,职位描述 本科 工作职责： 负责通信行业公开数据的爬虫开发与维护，实现高效、稳定的数据采集。 针对反爬机制设计解决方案，保障数据抓取的持续性与准确性。 对采集数据进行清洗、存储与初步分析，输出结构化数据报告。 配合业务团队需求，优化爬虫策略与数据处理流程。 任职要求： 本科及以上学历。 熟悉Python语言，掌握Scrapy、BeautifulSoup等主流爬虫框架。 了解HTTP协议、HTML/CSS结构，能独立分析网页结构并提取数据。 具备基本的数据库操作能力（如MySQL），能完成数据的存储与管理。 具备良好的问题分析能力，能独立解决爬虫过程中的技术难题。 公司福利： 提供食宿，带薪年假，假节日福利，五险一金，餐补房补交通补贴，年底绩效奖金，项目奖金 奖金绩效 年底绩效奖金，餐补房补交通补贴，项目奖金 工作地点 深圳福田区南光大厦12楼 以担保或任何理由索要财物，扣押证照，均涉嫌违法。一经发现， 立即举报,本科,http://www.zhaopin.com/jobdetail/CCL1461615970J40942233215.htm?refcode=4019&srccode=401901&preactionid=86b316a6-e1de-4f23-a966-dffd24ed22bf
爬虫采集开发工程师,吉林省雯渡科技有限公司,9000-11000元·13薪,长春·二道·荣光,Guangzhou,本科,经验不限,7月24日,zhilian,职位描述 Python HTML CSS 数据采集 反爬虫 分布式爬虫 Scrapy 数据清洗结构化处理 分布式爬虫架构设计 反反爬策略制定 云计算 工作职责 1. 负责产业互联网领域目标网站的数据采集方案设计与开发，实现高效、稳定的信息抓取。 2. 针对反爬机制制定应对策略，优化爬虫性能与稳定性，解决IP封禁、验证码识别等技术难题。 3. 完成采集数据的清洗、结构化处理及存储，确保数据质量符合业务需求。 4. 参与分布式爬虫系统的架构设计与迭代，提升大规模数据采集的效率与可扩展性。 任职要求 1. 本科及以上学历，计算机相关专业，具备扎实的编程基础。 2. 精通Python语言，熟练使用Scrapy、BeautifulSoup、Selenium等爬虫框架与工具。 3. 熟悉HTTP协议、HTML/CSS解析及动态网页渲染技术，掌握常见反反爬手段。 4. 具备数据清洗、结构化处理经验，熟悉MySQL、MongoDB等数据库的使用。 5. 有大规模分布式爬虫系统开发或复杂网站采集经验者优先。 工作地点 长春二道区中海大厦 以担保或任何理由索要财物，扣押证照，均涉嫌违法。一经发现， 立即举报,"Python,HTML,CSS,数据采集,反爬虫,分布式爬虫,Scrapy,数据清洗结构化处理,分布式爬虫架构设计,反反爬策略制定",http://www.zhaopin.com/jobdetail/CCL1511520210J40832279016.htm?refcode=4019&srccode=401901&preactionid=86b316a6-e1de-4f23-a966-dffd24ed22bf
爬虫工程师,四川览岳科技发展有限责任公司,1-1.8万,成都·武侯·桂溪,Guangzhou,学历不限,5-10年,7月21日,zhilian,岗位职责 1. 负责各类公开数据源的爬虫系统设计与开发，根据业务需求制定数据采集策略，实现高效、稳定的数据抓取。 2. 应对目标网站的反爬机制，优化爬虫策略，包括但不限于动态代理池、验证码识别、请求频率控制等方案的落地。 3. 参与数据清洗、结构化处理与存储工作，保障采集数据的准确性、完整性和时效性，对接下游数据应用系统。 4. 维护现有爬虫系统，监控运行状态，及时解决爬取过程中的异常问题，提升系统的容错性和可扩展性。 5. 跟踪行业内爬虫技术的发展趋势，引入新技术、新工具优化数据采集效率和质量。 任职要求 1. 大专及以上学历，计算机、软件工程等相关专业，5年以上爬虫开发经验。 2. 熟练掌握Python语言，精通 requests 、 Scrapy 、 BeautifulSoup 、 Selenium 等爬虫框架与库。 3. 熟悉HTTP/HTTPS协议，了解Cookie、Session、Headers等请求参数的作用，具备应对反爬策略的实战经验。 4. 掌握MySQL、MongoDB等数据库的基本操作，能够将采集数据高效存储与检索。 5. 具备良好的逻辑思维能力和问题排查能力，能够独立分析并解决爬虫开发中的技术难点。 6. 了解前端技术（HTML/CSS/JavaScript）优先，熟悉分布式爬虫架构者优先。 7. 具备良好的沟通协作能力和责任心，能够承受一定的工作压力。 工作地点 成都武侯区花样年福年广场-T1写字楼9楼909号 以担保或任何理由索要财物，扣押证照，均涉嫌违法。一经发现， 立即举报,"Python,爬虫开发",http://www.zhaopin.com/jobdetail/CCL1514341740J40833543205.htm?refcode=4019&srccode=401901&preactionid=86b316a6-e1de-4f23-a966-dffd24ed22bf
爬虫工程师,软通动力信息技术(集团)股份有限公司,8000-10000元·13薪,东莞·寮步镇,Guangzhou,本科,1-3年,7月7日,zhilian,职位描述 Python HTML CSS 爬虫开发 反爬虫 Scrapy 反反爬技术 数据清洗处理 工作职责 1. 负责各类目标网站的数据采集方案设计与爬虫脚本开发，确保数据的准确性与完整性。 2. 针对反爬机制（如验证码、IP封锁、动态渲染）制定有效的突破策略，优化爬虫稳定性与效率。 3. 设计分布式爬虫架构，提升数据采集的并发能力与可扩展性，满足大规模数据需求。 4. 对采集到的原始数据进行清洗、去重与结构化处理，输出符合业务标准的数据集。 5. 监控爬虫运行状态，及时排查异常问题，保障数据采集任务的持续稳定执行。 任职要求 1. 本科及以上学历，计算机、软件工程等相关专业，基础扎实。 2. 精通Python语言，熟练使用Scrapy、BeautifulSoup、Selenium等爬虫工具与框架。 3. 熟悉HTTP/HTTPS协议、HTML/CSS解析及AJAX动态加载原理，能应对复杂网页结构。 4. 具备反反爬经验，掌握IP代理池、验证码识别、浏览器指纹模拟等技术手段。 5. 了解分布式系统设计思想，有Redis、MongoDB等数据存储工具的使用经验。 6. 具备良好的问题分析与解决能力，能独立完成复杂爬虫项目的开发与维护。 工作地点 东莞光大We谷产业园 以担保或任何理由索要财物，扣押证照，均涉嫌违法。一经发现， 立即举报,"Python,HTML,CSS,爬虫开发,反爬虫,Scrapy,反反爬技术,数据清洗处理",http://www.zhaopin.com/jobdetail/CC000544460J40823110916.htm?refcode=4019&srccode=401901&preactionid=2600530f-6095-4e03-b1c3-a4f124ad0da2
爬虫开发工程师,湖南乐旅网络科技有限公司,6000-8000元,常德·武陵区·南坪街道,Guangzhou,学历不限,1-3年,7月24日,zhilian,职位描述 Python 数据清洗 数据采集 爬虫开发 自动化测试脚本开发 多线程与异步编程 数据库管理 岗位内容: 1. 负责爬虫系统的设计和开发，实现高效稳定的数据采集和分析处理。 2. 进行数据清洗、去重、格式化等操作，确保数据质量满足业务需求。 3. 优化爬虫程序，提高爬取效率和成功率，降低误差率以及被封禁的风险。 4. 开发自动化测试脚本，保证爬虫系统的稳定性和可靠性。 任职要求: 1. 熟练掌握 Python 语言，了解 HTTP 协议及常见的反爬虫算法。 2. 具备良好的算法和数据结构基础，熟悉多线程、异步编程等技术。 3. 精通各类数据库，如 MySQL、Redis、MongoDB 等，并有实际项目应用经验。 4. 具备良好的英文阅读能力，能够阅读英文技术文档和资料。 工作地点 常德武陵区和瑞国际和瑞国际8楼 以担保或任何理由索要财物，扣押证照，均涉嫌违法。一经发现， 立即举报,"Python,数据清洗,数据采集,爬虫开发,自动化测试脚本开发,多线程与异步编程,数据库管理",http://www.zhaopin.com/jobdetail/CCL1493760230J40790838316.htm?refcode=4019&srccode=401901&preactionid=2600530f-6095-4e03-b1c3-a4f124ad0da2
爬虫工程师,四川华盛云端航空服务有限公司,2.2-3万,成都·武侯·桂溪,Guangzhou,本科,5-10年,7月24日,zhilian,"职位描述 Python Java HTML JS 爬虫开发 反爬虫 分布式爬虫 职位说明： 1.参与公司主要机票相关业务系统产品的研发，负责公司主要业务的技术开发工作。 2.针对业务需求进行技术方案选型，并负责功能模块的开发和文档编写工作。 3.团队内code review的工作，确保相关代码的有效性和正确性； 4.与团队其他成员一起协作进行技术攻关，快速迭代和持续交付高质量的产品。 5.保障日常的系统稳定和线上问题的预警监控以及应急解决方案。 6.关注业务体验，关注代码质量，持续改进设计实现，提高系统质量。 任职要求： 1.期望您有机票行业相关系统经验。 2.有爬虫相关实操经验，熟悉爬虫相关技术及反爬方案。 3.熟练使用HTML/CSS/JavaScrip，熟悉 Web 前端框架，如 React.js, Vue.js 等。 4.熟练使用python语言，掌握爬虫及数据分析常用框架； 5.熟悉HTTP/HTTPS，TCP/IP等协议的抓包工具使用。 6.熟悉Http，对Web前台的性能优化以及Web常见漏洞有一定的理解和实践。 7.熟悉JAVA编程，对spring，springMVC，SpringCloud，springboot，mybatis等有实际开发经验或有深入研究，Java基础知识扎实，熟悉集合、多线程编程。 8.熟悉MySQL数据库，精通高性能SQL语句编写和性能优化，熟悉常用NoSQL存储（如Redis）。 9.熟悉Linux环境，掌握常用的设计模式，能进行基础的docker容器操作。 加分项： 1.517、去哪儿、同程、携程、飞猪等机票团队从业经验。 2.强烈的主人翁意思，自驱力和学习能力。 工作地点 武侯区成都国际科技节能大厦A座2207 以担保或任何理由索要财物，扣押证照，均涉嫌违法。一经发现， 立即举报","Python,Java,HTML,JS,爬虫开发,反爬虫,分布式爬虫",http://www.zhaopin.com/jobdetail/CCL1422334530J40611267814.htm?refcode=4019&srccode=401901&preactionid=2600530f-6095-4e03-b1c3-a4f124ad0da2
逆向爬虫工程师,莆田乐享互娱科技有限公司,1.5-2万,莆田·荔城区·拱辰街道,Guangzhou,大专,3-5年,6月26日,zhilian,"岗位职责 1. 熟悉Android、小程序、iOS等逆向分析，破解加密算法与反调试机制。 2. 分析网络协议，实现数据抓取与接口模拟。 3. 熟悉自动化脚本编写,根据需求编写相应脚本。 任职要求 1. 至少精通一种编程语言，如Python/C++等。 2. 熟练使用IDA Pro、Frida、x64dbg等工具，掌握脱壳、反混淆技术。 3. 熟悉反爬策略（如验证码、IP代理）。 4. 适应高强度开发，能独立解决复杂技术问题。 工作地点 莆田荔城区恒业大厦 以担保或任何理由索要财物，扣押证照，均涉嫌违法。一经发现， 立即举报","Python,Java,数据挖掘,爬虫开发,反爬虫,分布式爬虫",http://www.zhaopin.com/jobdetail/CCL1493696050J40824476416.htm?refcode=4019&srccode=401901&preactionid=2600530f-6095-4e03-b1c3-a4f124ad0da2
python工程师（爬虫）,宁波渠成集团有限公司,1-1.5万,宁波·鄞州·首南,Guangzhou,本科,1-3年,7月24日,zhilian,"岗位职责： 1、负责公司数据源抓取需求，满足公司对多源数据采集要求； 2、负责开发分布式爬虫框架，管理分布式爬虫服务器，开发任务调度引擎； 3、负责爬虫核心算法的策略优化研究，提升爬虫抓取效率和质量，提升网页抓取的效率和质量； 4、设计爬虫策略和防屏蔽规则，解决封账号、封IP、验证码、JS加密等难点攻克； 5、利用主流的大数据相关技术，对抓取后的网页数据进行清洗、存储等；并持续优化平台，以便满足各种爬取业务需求； 6、负责RPA相关开发工作，提升业务能效； 7、负责部分AI（RAG）相关开发工作。 岗位要求: 1、有扎实的数据结构和算法功底； 2、工作认真细致踏实，有较强的学习能力，熟悉常用爬虫工具； 3、熟悉linux开发环境，熟悉python等，熟悉其他开发语言优先； 4、理解http，熟悉html, DOM, xpath,css,js,ajax； 5、有Python分布式抓取系统的开发、架构经验，至少熟悉并使用过一种主流爬虫架构，如Scrapy、Gocolly、Webmagic等； 6、熟悉第三方RPA软件（弘玑、影刀、UiBot等）优先； 7、熟悉RAG流程优先，熟悉AI模型、RAG框架等优先； 8、熟悉反爬策略的应对，能够解决封账号、封IP、验证码、JS加密等问题； 9、熟悉Mysql、Redis、MongoDB等数据库，有过数据库调优和海量数据存储经验者优先。 工作地点 宁波鄞州区利时金融大厦1号楼23楼 以担保或任何理由索要财物，扣押证照，均涉嫌违法。一经发现， 立即举报","数据分析,数据库,大数据",http://www.zhaopin.com/jobdetail/CC388690030J40621943002.htm?refcode=4019&srccode=401901&preactionid=2600530f-6095-4e03-b1c3-a4f124ad0da2
信息采集工程师（初级）,哈尔滨中招国联科技有限公司,4000-6000元,哈尔滨·香坊·和平路,Guangzhou,本科,1-3年,7月26日,zhilian,职位描述 运营数据分析 JavaScript HTML 薪资待遇：4~6k，双休、五险、员工福利 职位要求： 1. 熟悉Java、python等语言编程，有爬虫开发经验； 2. 熟悉JavaScript、jQuery、Html、CSS等网页技术； 3. 了解XML、XPATH、HTTP协议、正则表达式、json等技术。 4. 能够在高级工程师的指导下编写实现各类爬虫程序。 任职资格： 1、专科及以上学历； 2、具有良好的学习能力、沟通能力，乐于承担工作压力。 职位福利：年底双薪、周末双休、加班补助 工作地点 哈尔滨香坊区常青国际大厦10层 以担保或任何理由索要财物，扣押证照，均涉嫌违法。一经发现， 立即举报,"运营数据分析,JavaScript,HTML",http://www.zhaopin.com/jobdetail/CC253209780J40311923709.htm?refcode=4019&srccode=401901&preactionid=2600530f-6095-4e03-b1c3-a4f124ad0da2
爬虫工程师,上海微创软件股份有限公司,2-4万,北京·海淀·海淀街道,Guangzhou,大专,经验不限,4月9日,zhilian,职位描述 Python 数据采集 人工智能 在线音乐/视频/阅读 职位名称：爬虫工程师（音视频数据方向） 工作职责： 1. 负责互联网音频、视频平台的数据采集，包括节目/专辑/视频元数据、评论、播放数据等信息的抓取与结构化整理。 2. 设计并实现稳定高效的音视频爬虫系统，支持大规模、多站点的持续采集与更新。 3. 针对主流音视频平台的反爬机制（登录态校验、频控、滑块验证码、JS 加密、动态接口、加密链接等）进行分析与对抗，持续提升成功率与稳定性。 4. 参与音视频资源解析相关工作，如播放地址/m3u8/DASH 等协议分析、加密参数解析、接口抓包与协议还原（仅用于合法合规场景）。 5. 搭建数据采集监控体系，包含任务调度、失败重试、数据质量监控、告警与日志分析。 6. 持续优化爬虫框架与采集策略，提升抓取效率、降低带宽与存储开销。 7. 与产品、算法、数据、内容运营等团队配合，根据业务需求设计数据采集方案，为推荐、内容分析、风控等场景提供数据支持。 8. 编写和维护相关技术文档、开发规范，参与爬虫平台的架构演进。 任职要求： 1. 本科及以上学历，计算机相关专业优先，具备 1 年及以上互联网爬虫或数据采集相关经验（优秀者可适当放宽）。 2. 精通 Python，熟悉 Scrapy、Requests、Playwright、Selenium 等至少一种爬虫/自动化框架，有实际项目经验。 3. 深刻理解 HTTP/HTTPS 协议和浏览器工作机制，熟练使用抓包工具（如 Charles、Fiddler、Wireshark、Chrome DevTools 等）进行接口分析与问题排查。 4. 有针对主流网站或 APP 的反爬对抗经验，熟悉登录维持、Cookie/Token 管理、代理池、UA 伪装、JS 逆向、加密参数还原等技术手段。 5. 对音视频播放相关协议和格式有一定了解，例如： * 常见音视频封装格式与编码（MP4、FLV、HLS/m3u8、DASH 等）； * 简单理解 CDN、分片下载、防盗链等机制者优先。 6. 熟悉常见存储与缓存，如 MySQL、Redis、MongoDB、Elasticsearch 等，了解基本的数据清洗、去重和索引优化。 加分项： * 有自研或主导搭建过大规模分布式爬虫/采集平台的经验； * 有面向音视频内容的搜索、推荐、内容理解、版权分析等相关项目经验； * 熟悉 Linux 环境，能够进行基础运维与部署，有 Docker/Kubernetes 经验者优先； * 在 GitHub、技术博客、社区有技术输出或开源项目经历。持续学习 工作地点 北京海淀区理想国际大厦 以担保或任何理由索要财物，扣押证照，均涉嫌违法。一经发现， 立即举报,"Python,数据采集",http://www.zhaopin.com/jobdetail/CC000638920J40854631214.htm?refcode=4019&srccode=401901&preactionid=2600530f-6095-4e03-b1c3-a4f124ad0da2
RPA自动化与网页爬虫开发工程师,吉林省智广恒胜科技有限公司,5000-8000元,长春·南关·鸿城,Guangzhou,大专,1-3年,7月26日,zhilian,岗位职责 1、负责 Windows、Linux 双环境下 RPA 流程自动化开发、调试、部署，实现网页操作系统、业务系统、桌面程序、文件批量处理等自动化流程。 2、负责网页数据爬虫开发，针对各类业务网站、政务平台、企业系统进行数据抓取、解析、清洗、结构化存储，适配动态网页、异步加载页面。 3、独立完成自动化脚本、采集任务的编写、定时调度、异常重试、日志监控，保障任务稳定长期运行。 4、处理反爬、动态元素、登录态、验证码绕过、接口抓包、加密数据解析等复杂采集场景。 5、负责现有RPA机器人、爬虫项目的维护、迭代、BUG修复、兼容性适配，适配Windows客户端与Linux服务器部署环境。 6、根据业务需求输出自动化方案、流程文档、使用手册，沉淀可复用自动化组件与采集模板。 任职要求 1、熟练 Windows + Linux 双环境开发与部署，熟悉 Linux 命令、后台进程、定时任务、权限配置、服务托管。 2、精通 RPA流程自动化开发，熟练桌面自动化、网页自动化、表单自动填写、元素定位、键鼠模拟、文件批量处理。 3、精通网页爬虫开发，能独立搞定静态/动态网页数据抓取、AJAX 异步数据采集、接口解析、数据清洗入库。 4、熟练掌握脚本开发，能独立编写自动化脚本、批处理脚本，实现批量文件处理与系统自动化。 5、熟悉常见反爬策略处理：Cookie、Token、请求头、频率限制、代理池、指纹伪装、动态加密参数解析。 6、熟悉 MySQL、Oracle 数据库，可完成数据入库、去重、更新、批量同步等数据业务。 7、具备独立问题排查能力，能快速解决采集超时、元素找不到、环境兼容、程序闪退、任务中断等线上问题。 优先条件 1、有政务平台、企业后台、复杂业务系统自动化+数据采集落地经验优先。 2、有开源RPA二次开发、自动化组件封装、爬虫分布式部署经验优先。 3、熟悉异步爬虫、无头浏览器自动化、复杂JS渲染页面采集者优先。 工作地点 长春市公安局交通警察支队南关区大队 以担保或任何理由索要财物，扣押证照，均涉嫌违法。一经发现， 立即举报,爬虫开发,http://www.zhaopin.com/jobdetail/CCL1283587270J40909148103.htm?refcode=4019&srccode=401901&preactionid=2600530f-6095-4e03-b1c3-a4f124ad0da2
爬虫工程师,北京间微科技有限责任公司,1.5-2万,北京·海淀·学院路,Guangzhou,本科,3-5年,7月13日,zhilian,职位描述 Python 爬虫开发 数据采集 数据清洗 数据挖掘 熟练使用软件进行网络数据采集开发 熟悉 requests / httpx / aiohttp 等 HTTP 库 熟悉 HTML 解析（XPath / CSS Selector / lxml / BeautifulSoup） 熟悉 JSON / 接口逆向分析 熟悉多线程 / 多进程 / asyncio 熟悉常见数据库（MySQL / SQLite / MongoDB） 工作地点 北京市-海淀区-金码大厦2012 以担保或任何理由索要财物，扣押证照，均涉嫌违法。一经发现， 立即举报,"Python,爬虫开发,数据采集,数据清洗,数据挖掘",http://www.zhaopin.com/jobdetail/CC394851980J40876459603.htm?refcode=4019&srccode=401901&preactionid=2600530f-6095-4e03-b1c3-a4f124ad0da2
计算机编程实习生,泰丽诗(上海)信息技术有限公司杭州分公司,100-150元/天,杭州·滨江·西兴,Guangzhou,本科,经验不限,7月14日,zhilian,职位描述 SQL 数据清洗 每周一至周五需出勤 1 协助爬取指定日本电商网站页面打折促销商品信息 2 按照需求清洗整理数据，存档至本地 任职要求 1 计算机编程类专业在校生 2 熟悉JAVA、Python、Scale等编程语言，熟悉常用的爬虫框架和工具，具备基本的网页分析能力 3 了解常见的反爬虫策略及应对方法，如IP 代理、验证码识别、动态页面解析等 4 具备数据库操作能力，如 MySQL、redis、MongoDB等，能够将抓取的数据进行有效存储 【薪资面议】 【泰丽诗集团（TALIRIS）实习生招募计划】 ——跨境技术驱动，链接中日商机，赋能未来人才—— 集团核心优势 -资本实力 由中日上市公司联合注资成立，聚焦跨境进出口电商，搭建中日优质商品双向流通平台，业务覆盖全球供应链体系。 -技术引擎 汇聚AI大模型、数据采集与分析、中台架构等领域技术专家，以数字化能力驱动业务创新，为实习生提供前沿技术实践场景。 -全球办公网络 覆盖日本、香港、上海、杭州等国际枢纽城市，实习生可深度参与跨区域协作，积累国际化职场经验。 坐标：杭州运营中心 黄金区位：滨江核心CBD区（5号线江晖路站地铁口直达），通勤便捷 环境配置：开放式智能办公空间，配备茶水间/休息区 团队氛围：扁平化管理，包容多元文化，资深的对日业务专家以及技术专家亲自指导，助力快速成长 工作地点 杭州滨江区春风大楼-9栋 以担保或任何理由索要财物，扣押证照，均涉嫌违法。一经发现， 立即举报,"SQL,数据清洗",http://www.zhaopin.com/jobdetail/CCL1497116230J40890278012.htm?refcode=4019&srccode=401901&preactionid=2600530f-6095-4e03-b1c3-a4f124ad0da2
全栈工程师,猴子说话(武汉)科技有限公司,150-300元/天,武汉·洪山·关山,Guangzhou,本科,经验不限,7月25日,zhilian,"岗位职责 参与核心ViceMe功能的前端开发与优化(基于React),你的代码将直接影响用户体验与产品价值; 配合团队完成后端接口开发与维护(Nodejs或Golang),你的工作将贯穿产品从构思到上线的完整流程; 借助AI辅助编程工具提升开发效率,探索更优的技术实现方案,你的创新想法有机会直接落地并影响产品方向。 任职要求 前提条件 深度体验ViceMe，提炼Skill创作、SKill发布等核心产品卖点。 此外 掌握前端基础技术栈:HTML、CSS、JavaScript、React; 了解后端开发,能够使用Nodejs或Golang进行基础开发 熟练使用Claude Code或其他Al辅助编程工具,对Al应用开发有浓厚兴趣; 我们并不苛求你的技术栈完全匹配、学历背景或专业出身---我们更看重你是否具备自驱力,能够主动学习并快速掌握所需技术,在实践中持续成长;同时希望你保有对创新的追求,愿意探索更优的解决方案,与团队一起打磨更好的产品。 加分项: 有Al相关的小型产品开发经验,或参与过开源项目、实习项目。如有相关经历,请在简历中注明项目地址,或于面试时向面试官展示。 工作地点 武汉洪山区泛悦城写字楼-T211层 以担保或任何理由索要财物，扣押证照，均涉嫌违法。一经发现， 立即举报","前端开发,后端开发,架构开发",http://www.zhaopin.com/jobdetail/CCL1520777800J40835548309.htm?refcode=4019&srccode=401901&preactionid=2600530f-6095-4e03-b1c3-a4f124ad0da2
逆向爬虫工程师,北京金杉知识产权代理有限公司石家庄分公司,6000-8000元,石家庄·长安·谈固,Guangzhou,本科,3-5年,7月25日,zhilian,岗位职责 一、数据采集 1、负责设计并落地覆盖 Web、H5数据采集架构稳定抓取； 2、主导分布式爬虫平台的开发与迭代，包括智能调度、动态代理池、指纹伪装、行为模拟等核心模块； 3、建立数据质量监控体系，保障采集数据的完整性、时效性与准确性。 二、逆向分析与协议还原 4. 对目标 App（Android/iOS）进行逆向分析，脱壳还原、Hook 关键函数，提取加密算法、签名逻辑及私有通信协议； 5. 针对 Web 端的 JS 混淆、WASM、字体加密、CSS 偏移、Canvas 指纹等反爬手段进行逆向还原与自动化破解； 6. 研究并对抗设备指纹、行为风控、人机验证（滑块、点选、无感验证）等安全机制，设计稳定绕过方案 任职要求： 1、计算机相关专业本科及以上学历，5 年以上爬虫开发或逆向工程经验，至少 3 年以上跨领域实战经验； 2、精通 Python，具备扎实的工程能力，代码规范、可维护性强。 爬虫方向： 3. 深入理解 HTTP/2、WebSocket、TCP/IP 协议栈，熟练掌握 Scrapy、Playwright、Selenium、Puppeteer 等框架； 4. 具备大规模分布式爬虫架构设计经验，熟悉 Redis、Kafka、Elasticsearch 等中间件在采集链路中的应用； 5. 对各类反爬机制（IP 封禁、验证码、JS 加密、Cookie 池、浏览器指纹）有丰富的实战对抗经验。 逆向方向： 6. 熟练使用 IDA Pro、Ghidra、JEB、Frida、Objection、Charles/Fiddler 等逆向与抓包工具； 7. 精通 ARM/x86 汇编，具备脱壳、混淆还原、Native 层 Hook 的实战能力； 8. 深入理解常见加密算法（AES/RSA/ECC/HMAC）及自定义协议的逆向还原，能够独立完成签名算法提取与重放。 工作地点 石家庄长安区中山东路567号4号写字楼15楼1502－2 以担保或任何理由索要财物，扣押证照，均涉嫌违法。一经发现， 立即举报,"Python,Java,数据采集,爬虫开发",http://www.zhaopin.com/jobdetail/CCL1478809650J40874391009.htm?refcode=4019&srccode=401901&preactionid=63cd826b-e7c7-407e-9731-cf643f7ef6b7
Python开发工程师,湖南对数科技有限公司,4000-6000元,长沙·天心·先锋,Guangzhou,学历不限,经验不限,7月23日,zhilian,职位描述 Flask Java JavaScript Shell MySQL PostgreSQL 软件/IT服务 互联网医疗 招聘Python，感兴趣随时和我联系~ 工作地点 湖南省长沙市天心区新岭路 以担保或任何理由索要财物，扣押证照，均涉嫌违法。一经发现， 立即举报,"Flask,Java,JavaScript,Shell,MySQL,PostgreSQL",http://www.zhaopin.com/jobdetail/CCL1499212690J40921607812.htm?refcode=4019&srccode=401901&preactionid=63cd826b-e7c7-407e-9731-cf643f7ef6b7
中级python爬虫工程师,河南灿光信息科技服务有限公司,6000-7000元,郑州·二七区·京广路,Guangzhou,本科,1-3年,7月21日,zhilian,"岗位职责 : 负责网络爬虫采集规则编写及相关维护工作 ; 任职要求: 1 、本科及以上学历 ，1-3年及以上工作经验； 2、熟练掌握Python ，熟悉scrapyiscrapy-redis,scrapyd,Pyspider等常用的框架以及原理； 3、熟悉爬虫和反爬技术 ( 如封禁ip ，模拟登陆，封禁账号等 ) ，精通http底层协议 ; 4、对主流爬虫架构有研究 ，具有成熟爬虫工具的设计及运维经验; 职位亮点：科学研究行业 工作地点 郑州二七区连云路与长江路交叉口西北角3号楼 以担保或任何理由索要财物，扣押证照，均涉嫌违法。一经发现， 立即举报","Python,PySpider,SQL,数据清洗,反爬虫,分布式爬虫,数据采集,爬虫开发",http://www.zhaopin.com/jobdetail/CC844494030J40354116814.htm?refcode=4019&srccode=401901&preactionid=63cd826b-e7c7-407e-9731-cf643f7ef6b7
python爬虫,软通动力信息技术(集团)股份有限公司,8000-13000元·13薪,东莞·寮步镇,Guangzhou,本科,经验不限,6月27日,zhilian,职位描述 Python HTML CSS 数据采集 爬虫开发 反爬虫 Scrapy 反反爬技术 数据结构化处理 爬虫性能优化 工作职责 1. 负责目标网站的数据采集方案设计与爬虫脚本开发，确保数据的准确性与完整性。 2. 针对反爬机制（如验证码、IP封禁、动态渲染）制定有效的突破策略，保障爬虫的稳定性与效率。 3. 对采集到的数据进行清洗、去重与结构化处理，输出符合业务需求的数据集。 4. 监控爬虫运行状态，优化爬虫性能，解决大规模数据采集过程中的技术问题。 任职要求 1. 本科及以上学历，计算机、软件工程等相关专业优先。 2. 精通Python编程语言，熟练使用Scrapy、BeautifulSoup、Selenium等爬虫框架与工具。 3. 熟悉HTTP协议、HTML/CSS解析及AJAX动态加载原理，具备反反爬技术经验。 4. 掌握数据存储技术（如MySQL、MongoDB），能独立完成数据清洗与结构化工作。 5. 具备良好的问题分析与解决能力，能快速定位并修复爬虫运行中的异常。 工作地点 东莞光大We谷产业园 以担保或任何理由索要财物，扣押证照，均涉嫌违法。一经发现， 立即举报,"Python,HTML,CSS,数据采集,爬虫开发,反爬虫,Scrapy,反反爬技术,数据结构化处理,爬虫性能优化",http://www.zhaopin.com/jobdetail/CC000544460J40813668116.htm?refcode=4019&srccode=401901&preactionid=63cd826b-e7c7-407e-9731-cf643f7ef6b7
python爬虫工程师,西安易行慧通旅游发展有限公司,8000-16000元,西安·雁塔·丈八沟,Guangzhou,大专,3-5年,6月27日,zhilian,岗位职责： 1.对指定的网站进行网页抓取、数据提取、破解反爬策略; 2.负责多平台信息抽取、数据清洗、入库、服务化等研发和优化工作; 3.参与开发和设计分布式网络爬虫系统，进行信息的抓取和分析工作; 4.研究优化爬虫算法，提升爬虫系统的稳定性、可扩展性; 5.独立解决实际开发过程中碰到的各类产品数据需求和接口问 题。 任职要求： 1.本科及以上学历，计算机相关专业，3年以上相关工作经验; 2.精通网页抓取原理及技术，精通正则表达式，熟练从结构化和非结构化的数据中获取信息; 3.精通JAVA/PYTHON语言，熟悉数据库性能优化与常见缓存技术与策略; 4.精通一种开源爬虫框架，熟悉反爬虫.验证码识别技术者优先; 5.了解互联网的常用技术点，通用技术解决方案，深入源码或者开源committer者优先; 6.具备优秀的逻辑思维能力，对解决挑战性问题充满热情，善于分析问题/解决问题; 7.熟悉APP脱壳、APP逆向反编译、JS解密逆向等相关内容者优先。 加分项： 1）有App端数据采集经验 2）有部署Airflow或DolphinScheduler或xxl-job等开源调度平台经验 3）有浏览器插件采集数据经验 4）在机票行业做过优先考虑 工作地点 雁塔区西安国际人才大厦A1005 以担保或任何理由索要财物，扣押证照，均涉嫌违法。一经发现， 立即举报,"数据清洗,数据采集,反爬虫,Python,机票",http://www.zhaopin.com/jobdetail/CCL1350747430J40833621711.htm?refcode=4019&srccode=401901&preactionid=63cd826b-e7c7-407e-9731-cf643f7ef6b7
python爬虫工程师,上海瞬速信息技术有限公司郑州分公司,6000-10000元·13薪,郑州·金水·文化路,Guangzhou,本科,1-3年,3月13日,zhilian,岗位职责 使用 Python开发爬虫程序，爬取各类网站的数据； 负责爬虫程序的日常维护与迭代，及时处理网站反爬机制，保障数据爬取的稳定性和时效性； 配合数据分析师 / 产品经理，根据业务需求调整爬虫策略，优化数据爬取范围和频率； 编写爬虫开发文档、维护手册，沉淀技术方案和反爬应对经验。 二、基础要求 本科及以上学历，计算机、软件工程、信息工程等相关专业优先，1-3 年爬虫开发经验； 熟练掌握 Python（Scrapy、pyspider 等）或 Java（Jsoup、HttpClient、Selenium-Java 等）爬虫开发技术栈； 熟悉 HTTP/HTTPS 协议、Cookie/Session、User-Agent、请求头构造等网络基础，能分析网页请求（抓包、解析接口）； 了解常见反爬机制，并有实际应对经验； 熟悉 HTML/CSS 结构，能使用 XPath、CSS 选择器、正则表达式解析网页数据； 具备基础的数据处理能力，能使用 Python（Pandas/Numpy）或 Java 处理爬取后的原始数据。 有数据库（Oracle/MySQL/Redis）基础，能将爬取数据高效存储与缓存。 三、加分项 熟悉分布式爬虫、异步爬虫开发，能优化爬虫效率；AI相关技术应用 奖金绩效 年度根据工作量和贡献情况计算产品建设奖和项目奖 工作地点 郑州金水区国际企业中心B座2903室 以担保或任何理由索要财物，扣押证照，均涉嫌违法。一经发现， 立即举报,"Scrapy,Python,PySpider,MySQL,Oracle",http://www.zhaopin.com/jobdetail/CCL1249412290J40982630504.htm?refcode=4019&srccode=401901&preactionid=63cd826b-e7c7-407e-9731-cf643f7ef6b7
爬虫,新乡市跃界科技有限公司,8000-13000元,新乡·卫辉市·柳庄乡,Guangzhou,大专,3-5年,7月18日,zhilian,岗位职责： 1.设计、开发及维护高效的爬虫系统，从互联网上收集相关数据； 2.分析目标网站结构，制定数据抓取策略，确保数据的准确性和时效性； 3.优化爬虫性能，解决抓取过程中遇到的技术难题，提升系统稳定性； 任职要求： 1.精通Python，了解JavaScript，要求有APP爬取的经验，具备良好的编程习惯； 2.熟悉Linux操作系统，能够进行服务器环境下的开发工作； 3.熟练使用Scrapy、BeautifulSoup等主流爬虫框架； 4.掌握正则表达式、XPath、CSS选择器等网页解析技术，具备良好的数据处理能力； 5.具有良好的团队合作精神，具备较强的学习能力和解决问题的能力。 公司情况： 福利：缴纳五险，提供食宿 工作地点：卫辉市（距新乡路程约20分钟） 工作地点 新乡卫辉市S101与比干大道南段交叉口 以担保或任何理由索要财物，扣押证照，均涉嫌违法。一经发现， 立即举报,"Python,Java,爬虫开发",http://www.zhaopin.com/jobdetail/CCL1521149490J40891279413.htm?refcode=4019&srccode=401901&preactionid=63cd826b-e7c7-407e-9731-cf643f7ef6b7
gis数据实施工程师,内蒙古迈测科技测绘有限公司,5000-8000元,呼和浩特·回民区·攸攸板,Guangzhou,学历不限,1年以下,7月6日,zhilian,职位描述 GIS数据处理 遥感应用 地图开发 ArcGIS ArcMap 林草普查数据库 数据库建设， 做过三调库的优先 满足业务需求的数据提供； 有经验者、精通爬虫者优先。 工作地点 呼和浩特回民区成吉思汗西街民族风情广场北 以担保或任何理由索要财物，扣押证照，均涉嫌违法。一经发现， 立即举报,"GIS数据处理,遥感应用,地图开发,ArcGIS,ArcMap",http://www.zhaopin.com/jobdetail/CC818164150J40437050704.htm?refcode=4019&srccode=401901&preactionid=63cd826b-e7c7-407e-9731-cf643f7ef6b7
谷歌SEO工程师,洛阳彤润信息科技有限公司,8000-12000元,洛阳·涧西·瀛洲,Guangzhou,本科,3-5年,7月24日,zhilian,职位描述 Google 谷歌SEO全流程管理 技术SEO优化 英文搜索市场分析 工作职责 1. 负责公司海外网站的谷歌SEO全流程管理，制定并执行符合谷歌算法的优化策略。 2. 深度分析网站流量数据（如Google Analytics、Search Console），通过关键词研究、内容优化提升自然排名与转化效果。 3. 主导网站技术SEO优化，包括页面加载速度、移动适配、Schema标记等，解决爬虫抓取与索引问题。 4. 跟踪行业动态与算法更新，及时调整优化方案，确保网站在搜索引擎中的竞争力。 任职要求 1. 本科及以上学历，计算机、市场营销或相关专业优先。 2. 3年以上谷歌SEO实战经验，熟悉谷歌搜索算法及排名规则，有跨境电商或海外业务优化经验者优先。 3. 精通关键词挖掘工具（如Ahrefs、SEMrush），能独立完成竞品分析与策略制定。 4. 具备扎实的技术SEO基础，了解HTML/CSS/JS对SEO的影响，能与开发团队协作推动技术优化。 5. 良好的英文读写能力，能独立分析英文搜索市场与用户需求。 工作地点 洛阳市-涧西区-高新自贸区河洛路与卓飞路西100米1号楼3A层404-405 以担保或任何理由索要财物，扣押证照，均涉嫌违法。一经发现， 立即举报,"Google,谷歌SEO全流程管理,技术SEO优化,英文搜索市场分析",http://www.zhaopin.com/jobdetail/CC236428480J40922176112.htm?refcode=4019&srccode=401901&preactionid=63cd826b-e7c7-407e-9731-cf643f7ef6b7
Python爬虫工程师,长沙麦都网络科技有限公司,5000-8000元·13薪,长沙·长沙·星沙,Guangzhou,大专,1-3年,12月29日,zhilian,"岗位职责 1.负责数据采集与维护工作； 2.配合数据的清洗、提取、去重及入库等工作； 3.及时响应业务需求进行开发。 岗位要求 1.大专及以上学历，1~2年爬虫开发工作经验，优秀应届毕业生亦可； 2.有分布式爬虫开发经验或熟悉PHP和go语言,有一定的后端开发经验优先； 3.熟悉linux，了解Nginx、docker，熟悉scrapy、selenium、requests等常用模块； 4.熟悉MySQL、Redis等数据库； 5.熟悉HTTP协议，熟悉网页抓取原理，熟练掌握XPath、正则表达式、bs4等提取； 6.有良好的代码习惯，逻辑性强，命名规范，责任心强。 职位福利：五险一金、年底双薪、餐补、节日福利、员工旅游、带薪年假 工作地点 长沙县开元路与东六路交汇处华润置地广场写字楼25楼整层 以担保或任何理由索要财物，扣押证照，均涉嫌违法。一经发现， 立即举报","Python,python爬虫,数据采集,后端开发,爬虫开发,Xpath",http://www.zhaopin.com/jobdetail/CC439286310J40233162206.htm?refcode=4019&srccode=401901&preactionid=63cd826b-e7c7-407e-9731-cf643f7ef6b7
python工程师,北京迈迪培尔信息技术有限公司,7000-14000元,北京·门头沟,Guangzhou,本科,经验不限,6月1日,zhilian,职位描述 Python 职位描述： 负责产品的开发及技术设计； 进行数据库、程序模块的主要设计与开发； 定期检查并且维护网站程序； 根据项目计划，与项目组其他成员协同工作实现开发目的。 职位要求： • 本科或以上学历，计算机相关专业； • 熟悉MySql、Redis、MongoDB等数据库，对SQL优化有一定的经验； • 熟悉Linux操作系统，能独立进行服务部署和日常运维； • 熟悉Git等版本管理工具，有良好的代码规范意识； • 熟悉常用Web框架（如Django、Flask、FastAPI等）中的一种或多种； • 了解前端开发的基本流程，能与前端团队进行有效的接口对接与协作； • 优秀的团队合作和沟通能力，善于学习。 职位福利：五险一金、周末双休、全勤奖、交通补助、餐补、定期体检、节日福利 工作地点 北京门头沟区永定莲石湖西路98号院7号楼801 以担保或任何理由索要财物，扣押证照，均涉嫌违法。一经发现， 立即举报,Python,http://www.zhaopin.com/jobdetail/CC522223780J40653911815.htm?refcode=4019&srccode=401901&preactionid=63cd826b-e7c7-407e-9731-cf643f7ef6b7
python助教（双休）,山西信思智学教育科技有限公司,3000-6000元,晋中·榆次区·晋中经济开发区,Guangzhou,本科,1年以下,7月14日,zhilian,职位描述 Python 全栈 爬虫 测试 AI课程 教育科技/教育软件 软件/IT服务 职业培训 职位描述： 协助讲师完成日常教学与辅导工作，包括随堂跟课、课后答疑、作业批改、实验指导、学习进度跟踪等。 帮助学员掌握 Python 编程、Web 全栈基础、爬虫入门、软件测试基本方法及人工智能初级应用。 岗位要求： 技术基础（了解即可，不要求深度项目经验）： 熟悉 Python 语言，能用 Python 完成基本的数据处理、文件读写等任务。 了解全栈开发基本概念，例如前端基础（HTML/CSS/JavaScript）和后端框架（如 Flask/Django 之一）的简单使用。 了解网络爬虫基本原理，会使用 requests / BeautifulSoup / Scrapy 中的至少一种工具抓取静态网页数据。 了解软件测试基本类型（单元测试、功能测试）及常用测试框架（如 unittest / pytest），能看懂简单测试用例。 了解人工智能基础概念（如机器学习流程、常见模型调用），会使用常见 AI 库（如 scikit-learn、pytorch 或 tensorflow）完成简单示例者优先。 其他通用要求： 本科及以上学历，计算机相关专业优先（能力强可放宽）。 具备 Linux 基础命令操作能力。 了解 HTTP 协议、正则表达式或 XPath 的基本使用。 对反爬、JS 防护等不做强制要求，但有所了解可加分。 软性要求： 耐心细致，善于沟通，能清晰解答学生的基础问题。 责任心强，能够按时批改作业并记录共性问题。 热爱技术分享，愿意在教育行业积累经验。 有助教/家教/培训辅导经验者优先。 工作职责： 跟课维持课堂秩序，记录学员出勤与课堂表现。 线上/线下解答学生关于 Python、全栈、爬虫、测试、AI 课程的疑问。 批改作业、实验报告，整理常见错误反馈给讲师。 协助讲师准备环境配置、测试数据、代码样例等教学资源。 参与录制部分补充讲解视频或整理知识小贴士。 加分项： 熟悉 NoSQL（如 MongoDB、Redis）或分布式概念。 有实际项目作品或 GitHub 开源贡献。 能独立完成小型爬虫+数据可视化的练习题辅导。 我们提供： 接触多技术领域的教学辅助机会，提升综合技术理解力。 有竞争力的助教津贴及表现奖励。 优秀者可转讲师或推荐技术岗位。 工作地点 晋中榆次区文华街米加U天地 以担保或任何理由索要财物，扣押证照，均涉嫌违法。一经发现， 立即举报,"Python,全栈,爬虫,测试,AI课程",http://www.zhaopin.com/jobdetail/CC818751020J40667222315.htm?refcode=4019&srccode=401901&preactionid=63cd826b-e7c7-407e-9731-cf643f7ef6b7
程序员,重庆桥头食品有限公司,5000-8000元,重庆·江津·德感,Guangzhou,本科,1-3年,8月23日,zhilian,岗位职责： 1、负责公司网站，内部系统，管理系统需求开发； 2、根据业务需求，完成设计方案与代码编写； 3、对现有的业务系统进行功能维护及优化升级； 4、进行自测，保障系统稳定性，提高系统的性能，持续交付。 任职要求： 1、熟悉python 或 C#开发语言（可接受应届生）； 2、熟悉SQL及常见ORM等开发框架； 3、熟悉面向对象编程思想及常用的设计模式； 工作地点 重庆江津区德感街道草坝支路2号(新同连饲料厂旁) 以担保或任何理由索要财物，扣押证照，均涉嫌违法。一经发现， 立即举报,"C#,Python",http://www.zhaopin.com/jobdetail/CC645634880J40626213202.htm?refcode=4019&srccode=401901&preactionid=63cd826b-e7c7-407e-9731-cf643f7ef6b7
Python程序员,杭州弈无忧科技有限公司,7000-12000元,宁波·余姚·凤山,Guangzhou,本科,1-3年,7月25日,zhilian,岗位职责： 1. 参与软件系统的设计、开发和维护工作。 2. 编写高质量的代码，确保代码的高效性和可维护性。 3. 负责项目的需求分析与技术实现，解决开发过程中遇到的各种问题。 4. 参与项目的测试和部署工作，保证项目按时交付。 5. 协助团队进行技术难题的攻关和技术创新。 岗位要求： 1. 本科及以上学历，计算机相关专业优先考虑。 2. 1年以上 Python 开发经验，熟悉 Python 常用框架和库。 3. 具备良好的代码风格和编程习惯，熟悉 Git 版本控制系统。 4. 具有较强的逻辑思维能力和问题解决能力，数学能力优秀者优先。 5. 有良好的团队合作精神和沟通能力，能承受一定的工作压力。 职业发展路径： 1. 初级程序员 2. 中级程序员 3. 高级程序员 4. 技术经理 工作地点 宁波余姚市科创中心 以担保或任何理由索要财物，扣押证照，均涉嫌违法。一经发现， 立即举报,Python,http://www.zhaopin.com/jobdetail/CCL1431715770J40596143603.htm?refcode=4019&srccode=401901&preactionid=63cd826b-e7c7-407e-9731-cf643f7ef6b7
python开发工程师,葫芦岛茂达建设工程管理有限公司,6000-12000元,葫芦岛·龙港区·连湾街道,Guangzhou,本科,3-5年,7月11日,zhilian,职位描述 人工智能 嘿，Python大师们！我们正在寻找一位幽默、聪明的Python开发工程师，为我们的团队增添一抹亮色！ 你的工作将是： 用Python研发后端系统，让世界因你的代码而美好； 找出系统中的bug，让bug无处遁形； 和团队一起优化代码，让代码更加优雅； 编写软件文档，让你的智慧得以传承。 工作地点 葫芦岛市-龙港区-兴嘉王府南门8-1门市 以担保或任何理由索要财物，扣押证照，均涉嫌违法。一经发现， 立即举报,人工智能,http://www.zhaopin.com/jobdetail/CCL1503283880J40904147803.htm?refcode=4019&srccode=401901&preactionid=63cd826b-e7c7-407e-9731-cf643f7ef6b7
高级python爬虫工程师,北京金蚁汇智能科技有限公司,7000-10000元,郑州·金水·祭城路,Guangzhou,本科,1-3年,7月14日,zhilian,职位描述 Python SQL Java 数据挖掘 数据采集 爬虫开发 反爬虫 分布式爬虫 数据清洗 计算机软件 1、熟练运用 Python 爬虫相关技术，负责多源数据采集工作，独立构建稳定的爬虫采集链路，为数据分析提供高质量数据源； 2、主导数据分析，挖掘数据价值，为业务诉求、痛点及问题提供建议； 3、深入理解业务场景，进行数据分析开展策略研究，利用数据分析手段，及时发现业务流程中存在的问题，进行原因分析，提出解决方案，发现业务增长点，输出高质量的洞察和判断，为决策提供引导； 4、与项目及产品团队紧密合作，理解业务 / 产品背景与需求，挖掘算法应用需求，形成解决方案，并进行可行性评估； 5、分析并应对网站反爬机制（如 IP 封锁、验证码、User-Agent 验证、动态加载），具备代理池搭建、验证码识别、模拟浏览器行为等反爬应对能力，优化爬虫策略降低采集风险； 6、熟练掌握 XPath、CSS Selectors、正则表达式等数据提取技术，完成采集数据的结构化处理，保障数据分析数据源质量； 7、负责爬虫采集系统的日常维护、迭代优化，监控采集数据质量，及时处理采集异常，保障数据采集的稳定性和准确性； 8、配合业务需求，优化数据采集节奏、采集维度，结合数据分析结果提升采集效率和数据价值。 任职要求: 1、统招大学本科；统计学、应用数学、计算机等专业背景； 2、3年以上数据采集 / 数据分析相关工作经验，有大规模分布式爬虫系统设计和开发经验者优先。 3、能够独立熟练使用 Python、R、Matlab 等至少一种编程语言进行独立建模；熟练使用 Python 处理网络请求、解析 HTML/XML、异步编程、多线程 / 协程等爬虫核心技术； 4、熟练使用 HIVE、Oracle、MySQL 等数据库，有 TB 级数据处理经验优先；熟悉 MongoDB、Redis 等 NoSQL 存储，具备大规模爬虫数据的结构化存储与高效查询能力；了解分布式数据采集与数据流处理架构； 5、掌握常用的机器学习算法原理、框架和应用；熟悉数理统计、数据挖掘理论知识，可熟练运用数据挖掘、数据分析、数据可视化等技术进行海量数据分析和处理；熟悉 Python 爬虫开发体系（Requests、BeautifulSoup、Scrapy、Playwright、Pyppeteer 等），能独立构建稳定可靠的采集系统； 6、了解爬虫分布式架构、任务调度机制，熟悉 Kafka/RabbitMQ 等消息队列、Docker/Kubernetes 容器化技术者优先； 7、熟悉 1 个或以上行业知名的 BI 软件，并有用于数据分析项目中的经验者优先；具备前端动态页面分析能力，了解 JS 逆向工程、反爬分析技术者优先； 8、能够独立负责采集模块开发、维护与迭代，具备应对复杂反爬场景的能力； 9、对数据敏感，具备良好的问题分析解决能力、语言表达能力和文档写作能力；能快速分析采集链路瓶颈、数据异常、采集失败原因等问题，并提出有效优化方案； 10、优秀的理解沟通能力，能快速理解业务背景，并协调推进执行落地；能与业务、开发、算法团队高效协作，推动采集系统落地与迭代； 工作地点 郑州金水区德厚街与正光北街交叉口 以担保或任何理由索要财物，扣押证照，均涉嫌违法。一经发现， 立即举报,"Python,SQL,Java,数据挖掘,数据采集,爬虫开发,反爬虫,分布式爬虫,数据清洗",http://www.zhaopin.com/jobdetail/CCL1389727860J40927250415.htm?refcode=4019&srccode=401901&preactionid=63cd826b-e7c7-407e-9731-cf643f7ef6b7
后端开发（实习生）,深圳市优美利投资管理有限公司,300-500元/天,深圳·福田·福田街道,Guangzhou,本科,经验不限,6月23日,zhilian,岗位职责： 1.协助老师完成交易系统、行情系统的辅助模块开发、功能测试与 Bug 修复，配合核心业务模块的迭代优化。 2.参与数据处理相关工作，协助搭建简单的数据统计与分析脚本。 3.协助整理技术文档、接口文档，参与代码评审环节的基础检查。 4.配合构建监控与日志收集的辅助功能，协助排查简单的系统异常问题，提供基础定位支持。 5.完成带教老师安排的其他技术辅助工作，在实践中提升后端开发相关技能。 任职要求： 1.计算机科学、软件工程等相关理工专业本科及以上学历，在校学生，能保证至少 3 个月全职实习。 2.掌握 Python 编程语言，熟悉 Pandas、Numpy 等数据处理库的基础使用，具备简单的代码编写与调试能力。 3.了解 SQL 基础语法，能够完成基础的数据库查询、数据提取与简单数据处理操作。 4.对后端开发、金融科技领域有浓厚兴趣。 5.工作认真负责、态度积极，具备良好的沟通能力和团队协作意识，服从带教老师安排。 福利待遇： 1.专属带教一对一辅导，全程指导技术实践与业务学习。 2.提供入职培训、技术研讨会、投研分享会等多元化学习机会，快速积累行业经验。 3.表现优秀者可获得全职留用机会，可提供实习证明。 工作地点 深圳福田区金中环商务大厦A座3006-09 以担保或任何理由索要财物，扣押证照，均涉嫌违法。一经发现， 立即举报,"Python,C++,MySQL,Pandas,NumPy,爬虫经验,量化交易开发经验,机器学习经验",http://www.zhaopin.com/jobdetail/CC684595620J40881435303.htm?refcode=4019&srccode=401901&preactionid=21148d43-630c-4a97-b0cd-1b739c9aeb95
开发工程师(自动化方向),易豹网络科技有限公司,1-2万,宁波·鄞州·福明,Guangzhou,本科,3-5年,6月30日,zhilian,岗位职责： 1、独立完成相关RPA项目方案的设计与实现，包括：计划、流程 、业务影响范围、相关技术选择。 2、熟练使用RPA工具，自动化日常的数据采集任务和流程。 3、深入了解和应对目标网站的反爬策略，确保RPA/爬取系统的 长期有效性；掌握并应用常见的爬取框架，如 Selenium/Puppeteer/Scrapy/PhantomJS等。 4、负责各类网站/APP的数据爬取系统设计、开发与优化，确保 数据采集的高效性、稳定性与准确性。 5、主导解决爬取过程中的核心技术难题，包括但不限于JS逆向 分析、各类验证码(图形验证码、滑动验证码、点选验证码等) 识别与突破、反爬机制规避等。 任职资格： 1、本科及以上学历，计算机相关专业，3-5年RPA或者数据爬取相 关工作经验。 2、拥有RPA或者数据爬取工作经验、有RPA项目交付与实施经验，能独立 完成业务需求调研。 3、熟练掌握Python、JavaScript等开发语言，良好的代码规范。 4、熟悉HTTP协议、XPath、CSS Path、正则表达式等相关技术。 5、熟悉MySQL、PostgreSQL等常用数据库，能够高效的编写高性能、规范 的SQL语句。 6、精通Python编程语言，熟练掌握Scrapy、Requests、BeautifulSoup 、Selenium、Playwright等常用数据爬取框架与工具。 工作地点 宁波鄞州区易豹网络科技有限公司19楼 以担保或任何理由索要财物，扣押证照，均涉嫌违法。一经发现， 立即举报,"Python,JavaScript,SQL",http://www.zhaopin.com/jobdetail/CC844598510J40775593306.htm?refcode=4019&srccode=401901&preactionid=21148d43-630c-4a97-b0cd-1b739c9aeb95
python爬虫工程师,北京保盛航空服务有限公司,1.6-3万,北京·朝阳·朝外,Guangzhou,大专,3-5年,11月27日,zhilian,岗位职责 1、负责设计、开发和维护高效、稳定的爬虫系统，提升数据采集的效率和质量； 2、负责多平台信息抽取、数据清洗、入库、服务化等研发和优化工作； 3、解决实际开发过程中碰到的各类产品数据需求和接口问题。 任职要求 1、大专及以上学历，熟练使用Python或其他相关语言进行爬虫开发，拥有扎实的编码和调试能力，并能够编写高质量的可维护代码； 2、熟悉各种爬虫框架和工具，如Scrapy、BeautifulSoup、Selenium等，能够根据需求灵活使用，同时熟悉反爬虫机制的解决方案； 3、具备大规模分布式爬虫系统设计和开发经验，能够解决分布式爬虫中的挑战和问题，如任务调度、数据同步和去重等； 4、深入理解网络协议和网页结构，能够处理复杂的页面结构和动态内容； 5、熟悉数据库的使用，能够设计和优化数据存储和查询方案，具备数据清洗和处理的能力。 工作地点 北京朝阳区佳汇中心B座905 以担保或任何理由索要财物，扣押证照，均涉嫌违法。一经发现， 立即举报,"Python,JavaScript,SQL,数据挖掘,爬虫开发",http://www.zhaopin.com/jobdetail/CC146603620J40648660511.htm?refcode=4019&srccode=401901&preactionid=21148d43-630c-4a97-b0cd-1b739c9aeb95
高级爬虫工程师,南京开缘智能科技有限公司,2-3.5万,北京·海淀·北下关,Guangzhou,本科,5-10年,7月10日,zhilian,"岗位职责 1. 负责公司核心分布式爬虫平台产品的架构设计、技术选型、核心模块开发与持续优化，确保系统的高并发、高可用性和可扩展性。 2. 负责对各类国外网站进行数据采集，包括但不限于： · 社交媒体与自媒体： X (Twitter), Facebook, Instagram, YouTube, Reddit, TikTok 等。 · 知识社区与论坛： Quora, Stack Overflow, 知名行业论坛等。 · 新闻媒体与智库： 路透社、彭博社、布鲁金斯学会等权威媒体和智库网站。 3. 深入研究目标网站的反爬虫机制（如动态渲染、验证码、行为分析、JS加密等），并制定有效的应对策略和解决方案。 4. 对数据爬取项目的全生命周期负责，包括需求沟通、方案设计、开发实施、上线部署和后期维护，确保项目高质量按时交付。 5. 建立和完善数据清洗、去重、质量校验体系，优化爬虫策略和调度算法，不断提升数据采集的效率和准确性。 6. 编写高质量的技术文档，进行代码审查，分享技术经验，指导并提升团队整体技术水平。 任职要求 1. 经验背景： · 计算机科学、信息技术或相关专业，本科及以上学历。 · 5年以上爬虫开发经验，至少2年作为核心成员主导或深度参与过大型分布式爬虫系统的设计与开发。 · 必须具备对 X (Twitter), Facebook, Instagram, YouTube 等至少两种以上国外主流社交平台进行大规模、稳定数据爬取的成功实战经验。 2. 技术栈： · 编程语言： 精通 Python，熟悉 Scrapy, Requests, BeautifulSoup, Parsel 等主流爬虫框架和库。 · 分布式架构： 深入理解分布式系统原理，有使用 Celery, Scrapy-Redis, Redis 等构建分布式爬虫的实战经验。 · 动态页面处理： 精通 Selenium, Playwright, Puppeteer 等自动化测试工具，能有效处理复杂的JS渲染和异步加载页面。 · 数据存储： 熟练使用 MySQL, PostgreSQL, MongoDB, Redis 等至少两种数据库。 · 网络与协议： 深刻理解 HTTP/HTTPS 协议、TCP/IP网络模型，熟练掌握浏览器开发者工具进行抓包和分析。 3. 核心能力： · 反爬应对能力： 拥有丰富的反爬虫对抗经验，能熟练处理IP代理池、验证码识别、User-Agent轮换、请求频率控制等关键技术点。 · 架构与设计能力： 具备优秀的系统设计能力，能独立完成复杂爬虫系统的架构设计和技术方案撰写。 · 问题解决能力： 面对复杂和技术难题，具备强大的分析、定位和解决问题的能力。 · 责任心与项目驱动： 对项目交付有强烈的责任感，能主动推动项目进展，确保目标达成。 优先考虑条件 1. 有使用 Docker, Kubernetes 进行爬虫部署和管理的经验。 2. 熟悉机器学习/深度学习，有应用在验证码识别、内容分类或NLP相关项目的经验。 3. 有海外云服务（如 AWS, GCP）使用经验，了解其相关大数据组件。 4. 对数据治理、数据仓库或数据中台有一定了解。 5. 具备良好的英文技术文档阅读能力。 工作地点 北京市-海淀区-中关村南大街甲12号510 以担保或任何理由索要财物，扣押证照，均涉嫌违法。一经发现， 立即举报","分布式爬虫,数据采集,反爬虫,数据清洗,爬虫开发,Python,Scrapy,推特,Facebook,脸书",http://www.zhaopin.com/jobdetail/CCL1517524700J41021295104.htm?refcode=4019&srccode=401901&preactionid=21148d43-630c-4a97-b0cd-1b739c9aeb95
分布式爬虫调度研发工程师,陕西宏程博运建筑安装工程有限公司,9000-11000元·13薪,西安·雁塔·长延堡,Guangzhou,本科,1-3年,7月25日,zhilian,职位描述 Python Java 分布式爬虫 反爬虫 Kafka Scrapy 分布式爬虫调度系统开发 反反爬技术落地 爬虫系统工程化建设 新材料 教育科技/教育软件 工作职责 1. 负责分布式爬虫调度系统的架构设计与核心模块开发，支撑大规模数据采集任务的高效执行。 2. 设计并实现爬虫任务的动态调度策略，优化任务分配、资源利用率及失败重试机制。 3. 研究并落地反反爬技术方案，解决IP封禁、验证码识别、UA检测等常见爬虫阻碍问题。 4. 监控爬虫系统运行状态，定位并解决系统瓶颈、数据质量异常等生产问题。 5. 推动爬虫系统的工程化建设，完善代码规范、文档体系及自动化测试流程。 任职要求 1. 本科及以上学历，计算机相关专业，3年以上后端研发经验，其中1年以上分布式爬虫系统开发经验。 2. 精通Python/Java等编程语言，熟悉Scrapy、Celery、Airflow等爬虫或调度框架的底层原理。 3. 掌握分布式系统设计思想，熟悉消息队列（如RabbitMQ、Kafka）、分布式存储（如Redis、MongoDB）的应用。 4. 具备反反爬实战经验，了解常见反爬机制（如动态渲染、签名验证、行为分析）及应对策略。 5. 拥有良好的问题分析能力与代码调试能力，能独立解决复杂技术问题。 工作地点 西安雁塔区科泰大厦 以担保或任何理由索要财物，扣押证照，均涉嫌违法。一经发现， 立即举报,"Python,Java,分布式爬虫,反爬虫,Kafka,Scrapy,分布式爬虫调度系统开发,反反爬技术落地,爬虫系统工程化建设",http://www.zhaopin.com/jobdetail/CCL1515550280J40876774614.htm?refcode=4019&srccode=401901&preactionid=21148d43-630c-4a97-b0cd-1b739c9aeb95
爬虫工程师,飞友科技有限公司,1-1.5万,合肥·蜀山·高新区,Guangzhou,本科,3-5年,6月27日,zhilian,岗位职责 1. 负责海外网站及相关平台的数据采集工作； 2. 根据业务需求，完成数据抓取、解析、清洗和入库； 3. 分析目标网站结构、接口逻辑及反爬策略； 4. 开发、维护和优化爬虫程序，提升采集稳定性和成功率； 5. 处理采集异常、接口变更、频控、验证码、加密参数等问题； 6. 配合业务和数据团队完成价格数据、市场数据等相关采集需求。 任职要求 1. 本科及以上学历，计算机、软件工程或相关专业优先； 2. 3 年及以上爬虫开发经验，熟悉爬虫原理和常见反爬技术； 3. 精通 Python，熟悉 Scrapy、Requests、Pandas、Beautiful Soup、Selenium 等常用框架或工具； 4. 熟悉 HTML、JavaScript、HTTP/HTTPS 协议及常见数据格式； 5. 具备良好的数据清洗、处理和分析能力； 6. 具备较强的问题分析能力、沟通能力和团队协作意识。 加分项 1. 有海外网站、价格数据采集相关经验优先； 2. 有 AI 工具使用经验优先； 3. 有 App 数据采集、接口分析、加密参数分析等相关经验者优先。 工作地点 合肥蜀山区飞友科技有限公司 以担保或任何理由索要财物，扣押证照，均涉嫌违法。一经发现， 立即举报,"Python,爬虫开发,分布式爬虫,Scrapy",http://www.zhaopin.com/jobdetail/CC391090920J40976888602.htm?refcode=4019&srccode=401901&preactionid=21148d43-630c-4a97-b0cd-1b739c9aeb95
数据采集工程师,上海现代通用识别技术有限公司,1-2万,上海·闵行·浦江,Guangzhou,本科,经验不限,7月15日,zhilian,岗位职责： 1、负责设计和开发高效、稳定的网络爬虫系统，从各种数据源中抓取数据； 2、对抓取到的数据进行清洗、去重、转换等处理，确保数据的质量和准确性； 3、解决爬虫过程中遇到的各种技术问题，如反爬机制、IP封锁、验证码识别等； 4、持续优化爬虫策略和算法，提高数据抓取的效率和覆盖率； 5、与数据分析师、开发团队等合作，将抓取到的数据集成到公司的数据平台或应用中。 任职要求： 1、计算机、软件工程等统招本科及以上学历，2026年应届生或有相关开发经验； 2、熟练掌握 Python、Java 等至少一种编程语言，熟悉常用的爬虫框架和工具，如 Requests、BeautifulSoup、Selenium（Python）/Jsoup、OkHttp、Selenium（Java） 等； 3、熟悉 HTTP 协议、HTML、CSS、JavaScript 等 web 技术，能够分析网页结构和数据提取逻辑； 4、具备较强的问题解决能力和创新思维，能够应对各种复杂的反爬机制； 5、熟悉数据库操作，如 MySQL、MongoDB 等； 6、有良好的代码规范和文档编写习惯，具备团队合作精神和沟通能力； 7、了解分布式爬虫架构和技术，有大规模数据抓取经验者优先；对数据敏感，有AI数据爬取、数据分析、挖掘经验者优先。 工作地点 闵行区上海通用识别技术研究所-西门 以担保或任何理由索要财物，扣押证照，均涉嫌违法。一经发现， 立即举报,"数据爬虫,分布式爬虫,Python",http://www.zhaopin.com/jobdetail/CC168270920J40838379514.htm?refcode=4019&srccode=401901&preactionid=21148d43-630c-4a97-b0cd-1b739c9aeb95
爬虫/逆向工程师,北京金杉知识产权代理有限公司河北分公司,5000-9000元,石家庄·长安·谈固,Guangzhou,本科,3-5年,7月24日,zhilian,岗位职责 一、数据采集 1、负责设计并落地覆盖 Web、H5数据采集架构稳定抓取； 2、主导分布式爬虫平台的开发与迭代，包括智能调度、动态代理池、指纹伪装、行为模拟等核心模块； 3、建立数据质量监控体系，保障采集数据的完整性、时效性与准确性。 二、逆向分析与协议还原 4. 对目标 App（Android/iOS）进行逆向分析，脱壳还原、Hook 关键函数，提取加密算法、签名逻辑及私有通信协议； 5. 针对 Web 端的 JS 混淆、WASM、字体加密、CSS 偏移、Canvas 指纹等反爬手段进行逆向还原与自动化破解； 6. 研究并对抗设备指纹、行为风控、人机验证（滑块、点选、无感验证）等安全机制，设计稳定绕过方案 任职要求： 1、计算机相关专业本科及以上学历，5 年以上爬虫开发或逆向工程经验，至少 3 年以上跨领域实战经验； 2、精通 Python，具备扎实的工程能力，代码规范、可维护性强。 爬虫方向： 3. 深入理解 HTTP/2、WebSocket、TCP/IP 协议栈，熟练掌握 Scrapy、Playwright、Selenium、Puppeteer 等框架； 4. 具备大规模分布式爬虫架构设计经验，熟悉 Redis、Kafka、Elasticsearch 等中间件在采集链路中的应用； 5. 对各类反爬机制（IP 封禁、验证码、JS 加密、Cookie 池、浏览器指纹）有丰富的实战对抗经验。 逆向方向： 6. 熟练使用 IDA Pro、Ghidra、JEB、Frida、Objection、Charles/Fiddler 等逆向与抓包工具； 7. 精通 ARM/x86 汇编，具备脱壳、混淆还原、Native 层 Hook 的实战能力； 8. 深入理解常见加密算法（AES/RSA/ECC/HMAC）及自定义协议的逆向还原，能够独立完成签名算法提取与重放。 工作地点 石家庄长安区嘉和广场写字楼4号楼 以担保或任何理由索要财物，扣押证照，均涉嫌违法。一经发现， 立即举报,"Python,数据挖掘,Heritrix,Kettle",http://www.zhaopin.com/jobdetail/CCL1290140980J40922277312.htm?refcode=4019&srccode=401901&preactionid=21148d43-630c-4a97-b0cd-1b739c9aeb95
影刀RPA专员,洛阳市苇玖诚商贸有限公司,4000-5000元,洛阳·涧西·工农,Guangzhou,大专,经验不限,7月24日,zhilian,"岗位职责 1、负责公司RPA项目的研发、测试及部署上线； 2、根据具体的业务场景需求，使用RPA工具设计和开发RPA应用； 3、参与公司RPA项目开发流程设计、规范制定、技术文档编写等； 4、负责RPA项目的问题跟踪解决和技术支持，持续优化RPA应用。 岗位要求： ● 大专及以上学历（面试优秀可放宽学历），计算机相关专业，了解电商行业者加分； ● 熟悉软件开发流程和方法,熟悉至少一种编程语言（Python、JS、JAVA等），熟悉Python者优先；（面试优秀可放宽到应届毕业生） ● 有电商类企业，数据分析从业经验优先；能把复杂的技术语言解释的通俗易懂，易于操作； ● 具备跨团队横向沟通能力，有 Owner 意识，能推进流程优化或者产品改进； ● 学习能力强，能快速熟悉陌生领域的知识，有较强的分析问题和解决问题的能力； ● 性格开朗大方，主动服务意识强，有责任心，适应扁平化架构和快速沟通。 工作地点 洛阳涧西区中弘中央广场A座12楼 以担保或任何理由索要财物，扣押证照，均涉嫌违法。一经发现， 立即举报","Python爬虫框架,后端开发,影刀,RPA",http://www.zhaopin.com/jobdetail/CCL1348673600J40854996901.htm?refcode=4019&srccode=401901&preactionid=21148d43-630c-4a97-b0cd-1b739c9aeb95
数据采集工程师,北京东方华数信息技术有限公司,1.2-1.7万,西安·雁塔·丈八沟,Guangzhou,大专,3-5年,7月21日,zhilian,职位描述 数据爬虫 反爬虫 分布式爬虫 Python Scrapy Hadoop Hive 软件/IT服务 职位描述 1、负责采集脚本维护，对指定的网站进行网页抓取、破解反爬策略、数据提取、清洗、入库； 2、负责数据采集平台的运行维护，并能实时监控爬虫的进度和警报反馈； 3、负责数据业务处理平台的运行维护，并能实时监控数据处理的进度和异常反馈； 4、python基础扎实，JS精通，有JS逆向经历优先； 5、使用过dolphinscheduler、selenium、pandas、sqlserver、redis、git优先。 职位要求 1、大专及以上学历，计算机及相关专业优先； 2、具备良好的团队合作意识。 工作地点 西安雁塔区启迪科技园-D座1402 以担保或任何理由索要财物，扣押证照，均涉嫌违法。一经发现， 立即举报,"数据爬虫,反爬虫,分布式爬虫,Python,Scrapy,Hadoop,Hive",http://www.zhaopin.com/jobdetail/CC696440820J40950684308.htm?refcode=4019&srccode=401901&preactionid=21148d43-630c-4a97-b0cd-1b739c9aeb95
python爬虫开发工程师,拓尔思信息技术股份有限公司,1-1.5万,北京·海淀·西三旗,Guangzhou,本科,1-3年,7月7日,zhilian,岗位职责： 1. 根据业务需求，研究爬虫策略和防屏蔽规则，设计和开发分布式爬虫，支持高并发多平台抓取； 2. 负责网页信息抽取、简单清洗、数据入库等开发； 3. 提升爬虫稳定性及可扩展性，充分利用资源，优化爬虫效率和质量。 任职资格： 1. 计算机软件及相关专业本科毕业； 2. 1年以上爬虫项目开发经验，优秀毕业生亦可； 3.了解或处理过手机端抓包、源码分析等； 4.了解或处理过webpack、jsvmp等 5. 熟悉爬虫原理及常见的反爬虫技术，如cookie、js加密、base64等； 6. 熟练运用python及多进程、多线程开发； 7. 熟练使用scrapy、requests、selenium、pyppeteer等爬虫包； 8. 熟悉html，正则、xpath等提取技术； 9. 熟悉Mysql、Redis等数据库及相关操作； 10. 熟悉Linux基础命令； 11. 有Django/Flask等web框架开发经验者优先。 工作地点 北京海淀区拓尔思集团总部金隅西三旗科技园3号楼 以担保或任何理由索要财物，扣押证照，均涉嫌违法。一经发现， 立即举报,"爬虫开发,反爬虫,分布式爬虫,Scrapy",http://www.zhaopin.com/jobdetail/CC000614790J40687152106.htm?refcode=4019&srccode=401901&preactionid=21148d43-630c-4a97-b0cd-1b739c9aeb95
高级逆向工程师,武汉赛福科技有限公司,1.5-2万,成都·双流·华阳,Guangzhou,大专,1-3年,7月25日,zhilian,岗位职责： 1.业务对接：比价、商机、素材、商业化、支付、搜索等20+需求（常态化/进行中）； 2.工程开发：供应商能力对接、机器算价、爬虫平台日常开发维护； 3.各项汇报； 岗位要求： 1. 熟练掌握 Java/Python/Go/JS/C++ 等一种编程语言； 2. 掌握 js逆向，web 常用反爬技术及主流爬虫框架； 3. 深入掌握app逆向、掌握常用的抓包、反编译、hook 等技术原理和框架应用； 4. 对so逆向有深度经验，对汇编指令、花指令、vmp都有深度研究； 5. 了解Android系统架构及Android NDK开发，了解 x86 和 ARM 汇编，掌握使用IDA、GDB等分析调试工具； 6. 有良好的沟通协调能力，能承受一定压力，工作主动性强，责任心强。 工作地点 成都双流区新川创新科技园C2-1 以担保或任何理由索要财物，扣押证照，均涉嫌违法。一经发现， 立即举报,"数据采集,数据挖掘,分布式爬虫,JS逆向,安卓逆向,IOS逆向,逆向工程师",http://www.zhaopin.com/jobdetail/CCL1492056770J40952610208.htm?refcode=4019&srccode=401901&preactionid=21148d43-630c-4a97-b0cd-1b739c9aeb95
Python互联网数据采集（爬虫）开发工程师,北京万智信达智能科技有限公司,8000-16000元,北京·海淀·马连洼,Guangzhou,本科,经验不限,7月23日,zhilian,"岗位职责： 用Python开发大规模互联网数据采集工具（网络爬虫），满足项目和自有产品的数据需求。 任职资格： 1、统招本科及以上学历，计算机相关专业； 2、掌握计算机软件的基础知识，精通Python开发，熟悉Scrap； 3、具备一定的算法基础,具有良好的编程习惯，具备较好的分析解决问题的能力； 4、主动性强，做事认真负责，善于学习，乐于分享，能承受较大工作压力，具有优秀的团队合作和沟通协作能力。 5、具有大规模互联网数据采集开发经验者优先。 工作地点 海淀区北京华胜天成科研大楼3层101 以担保或任何理由索要财物，扣押证照，均涉嫌违法。一经发现， 立即举报","Python,数据采集,爬虫开发,分布式爬虫,Scrapy",http://www.zhaopin.com/jobdetail/CCL1483224160J40803469608.htm?refcode=4019&srccode=401901&preactionid=21148d43-630c-4a97-b0cd-1b739c9aeb95
AI工程师,新疆信泽供应链管理有限公司,6000-8000元,乌鲁木齐·新市区·北京路街道,Guangzhou,本科,3-5年,7月23日,zhilian,职位描述 Java Python 数据库SKU数据的向量化处理并完成千问大模型的精准匹配。项目完善收尾，精准度提升，会全栈。具体面议 工作地点 乌鲁木齐市-新市区-盈科广场-B座 以担保或任何理由索要财物，扣押证照，均涉嫌违法。一经发现， 立即举报,"Java,Python",http://www.zhaopin.com/jobdetail/CCL1397864900J40950558508.htm?refcode=4019&srccode=401901&preactionid=21148d43-630c-4a97-b0cd-1b739c9aeb95
大数据爬虫工程师,深圳市蜻蜓旅游有限公司,1-1.5万·13薪,深圳·龙华·龙华,Guangzhou,本科,3-5年,7月4日,zhilian,"岗位职责： 1、负责数据采集系统的技术架构设计与核心功能开发;产品开发和技术研究工作，解决各类技术疑难问题; 2、负责数据抓取收集的框架搭建和维护; 3、对数据抓取策略和机制的快速调整优化。 4、数据采集:负责基于PythonJava/RPA等语言或者工具开发高效稳定的数据爬虫,完成对海外平台商品、评论、价格、销量等数据的抓取。 5、反爬机制应对:深入研究目标网站反爬机制,制定绕过方案,包括但不限于验证码识别、IP代理、User-Agent伪装、动态渲染了页面处理等。 6、负责解决自动化登录等模拟人工操作的程序。 任职要求： 1、本科或以上学历，五年以上大规模爬虫/反爬经验，熟悉HTTP协议/HTML/CSS/前端JS/APP抓取，精通Python或C++编程语言，能熟练分析和解析网页结构; 2、熟练使用Scrapy、Playwright、Selenium、BeautifulSoup等技术框架，能独立完成爬虫系统的设计和开发，具备反爬对抗能力; 3、熟悉数据库(如MySQL、OSS等)的使用，熟悉数据清洗和存储方法; 4、有海外爬虫开发经验者优先; 5、熟悉主流的反爬机制，能够熟练地提出对应的方案并实行; 6、有独立项目(前后台)开发经验优先。 7、有数据挖掘、自然语言处理、信息检索、机器学习背景者优先。 奖金绩效 绩效 工作地点 深圳龙华区盛龙时代广场B 座 14楼 i 以担保或任何理由索要财物，扣押证照，均涉嫌违法。一经发现， 立即举报","Python,爬虫开发",http://www.zhaopin.com/jobdetail/CC837255660J40860435307.htm?refcode=4019&srccode=401901&preactionid=21148d43-630c-4a97-b0cd-1b739c9aeb95
高级爬虫工程师,弘奎(西安)智能科技有限公司,1.3-2万,西安·雁塔·漳浒寨,Guangzhou,本科,3-5年,7月16日,zhilian,"岗位职责： 1、负责Web端数据全流程采集(爬取、清洗、入库)，可独立设计多源数据采集方案； 2、熟练掌握Python，能使用FastAPI构建后端接口并进行联调； 3、熟悉数据库(Redis、MySQL),能进行结构设计与性能优化； 4、熟练使用Docker进行服务容器化与多服务编排(Compose)，了解K8S优先； 5、掌握多种抓取技术(网页爬取、动态渲染、API调用)，能处理代理池、验证码识别等场景； 6、精通反爬破解技术(JSHook、AST分析、混淆还原等)； 7、参与分布式爬虫系统设计与优化，搭建采集调度与监控体系； 任职要求： 1、本科以上学历，3年以上同岗位工作经，验熟练使用Scrapy、PySpider框架，具备二次开发与中间件扩展能力； 2、具备良好的沟通能力，可与产品、数据、后端团队协同开发； 3、有APP逆向与协议分析经验者优先。 工作地点 雁塔区大华股份西安数智产业园6号楼9F901 以担保或任何理由索要财物，扣押证照，均涉嫌违法。一经发现， 立即举报","Python,Docker,Redis,MySQL,数据清洗,数据挖掘,数据采集,爬虫开发,反爬虫",http://www.zhaopin.com/jobdetail/CCL1242416230J40830897216.htm?refcode=4019&srccode=401901&preactionid=0347661f-837d-4689-8e53-44c398883611
python爬虫工程师,河北金控知识产权服务有限公司,1.1-1.5万,石家庄·长安·谈固,Guangzhou,本科,3-5年,7月18日,zhilian,岗位职责 一、数据采集 1、负责设计并落地覆盖 Web、H5数据采集架构稳定抓取； 2、主导分布式爬虫平台的开发与迭代，包括智能调度、动态代理池、指纹伪装、行为模拟等核心模块； 3、建立数据质量监控体系，保障采集数据的完整性、时效性与准确性。 二、逆向分析与协议还原 4. 对目标 App（Android/iOS）进行逆向分析，脱壳还原、Hook 关键函数，提取加密算法、签名逻辑及私有通信协议； 5. 针对 Web 端的 JS 混淆、WASM、字体加密、CSS 偏移、Canvas 指纹等反爬手段进行逆向还原与自动化破解； 6. 研究并对抗设备指纹、行为风控、人机验证（滑块、点选、无感验证）等安全机制，设计稳定绕过方案 任职要求： 1、计算机相关专业本科及以上学历，5 年以上爬虫开发或逆向工程经验，至少 3 年以上跨领域实战经验； 2、精通 Python，具备扎实的工程能力，代码规范、可维护性强。 爬虫方向： 3. 深入理解 HTTP/2、WebSocket、TCP/IP 协议栈，熟练掌握 Scrapy、Playwright、Selenium、Puppeteer 等框架； 4. 具备大规模分布式爬虫架构设计经验，熟悉 Redis、Kafka、Elasticsearch 等中间件在采集链路中的应用； 5. 对各类反爬机制（IP 封禁、验证码、JS 加密、Cookie 池、浏览器指纹）有丰富的实战对抗经验。 逆向方向： 6. 熟练使用 IDA Pro、Ghidra、JEB、Frida、Objection、Charles/Fiddler 等逆向与抓包工具； 7. 精通 ARM/x86 汇编，具备脱壳、混淆还原、Native 层 Hook 的实战能力； 8. 深入理解常见加密算法（AES/RSA/ECC/HMAC）及自定义协议的逆向还原，能够独立完成签名算法提取与重放。 福利待遇： 1、薪资待遇面议 2、每天工作时间：上午8：30-12:00 下午13:30-18:00 3、固定六日双休、国家法定节假日带薪休息。 4、公司有良好的晋升空间，定期晋升一次。 职位福利：周末双休、团队气氛活泼、优秀员工奖金 工作地点 石家庄长安区嘉和广场写字楼4号楼15楼1502-1503 以担保或任何理由索要财物，扣押证照，均涉嫌违法。一经发现， 立即举报,"Python,Java,爬虫开发,反爬虫,分布式爬虫",http://www.zhaopin.com/jobdetail/CC879000310J40951362508.htm?refcode=4019&srccode=401901&preactionid=0347661f-837d-4689-8e53-44c398883611
python数据爬虫工程师,上海博为峰信息技术有限公司,1.3-1.8万,上海·徐汇·龙华,Guangzhou,本科,3-5年,7月24日,zhilian,岗位职责 1. 结合大模型训练需求，设计和优化高效、智能化的爬虫系统，进行多源（文本、语音、视觉）数据采集。 2. 针对大模型数据预处理要求，优化爬虫数据格式和质量，提升爬取数据对训练和推理的适用性。 3. 结合大模型场景，构建半自动/自动化定向抓取能力，推进数据抓取工作平台化建设。 4. 跟进最新的反爬技术与反制策略，持续优化爬虫架构和性能，保障数据采集的稳定性与持续性。 5. 负责数据存储方案设计与基础查询优化，确保大规模数据的高效存取。 二、职位要求 1. 本科及以上学历，计算机科学、人工智能、网络安全等相关专业，具备多年爬虫开发相关工作经验。 2. 精通Python 编程语言，熟练掌握 Scrapy、BeautifulSoup、Selenium、Playwright 等爬虫相关框架与工具。 3. 熟悉并能绕过常见的反爬技术，具备独立解决IP 代理、验证码识别、动态渲染、JS 加密等反爬问题的能力。 4. 熟悉HTTP/HTTPS 协议及常见 Web 前端技术（HTML、CSS、JavaScript），能分析动态网页加载逻辑，对复杂数据进行高效提取和清洗。 5. 熟悉大模型训练和数据处理流程，能够根据模型需求灵活调整数据抓取策略。 6. 熟悉MySQL、MongoDB 等数据库的使用，能完成数据的存储与基本的查询优化。 7. 具备良好的问题排查能力、沟通协作能力和责任心，有较强的学习能力和技术钻研精神。 三、加分项 1. 有大规模数据抓取与处理经验，尤其是针对大模型训练数据的采集和优化。 2. 有大模型或AI 相关领域的爬虫应用经验，能够理解和支持模型数据需求。 3. 熟悉数据加密与解密技术，能够破解复杂的加密算法。 具备AI 或大模型领域的技术背景，对模型训练全流程有深入理解。 工作地点 上海徐汇区星云1号大厦12F 以担保或任何理由索要财物，扣押证照，均涉嫌违法。一经发现， 立即举报,"Python,SQL,数据采集,数据挖掘,Hadoop,Hive,Scrapy,Flask",http://www.zhaopin.com/jobdetail/CC662730330J40877035610.htm?refcode=4019&srccode=401901&preactionid=0347661f-837d-4689-8e53-44c398883611
逆向工程师,四川览岳科技发展有限责任公司,1-2万,成都·武侯·桂溪,Guangzhou,大专,5-10年,7月2日,zhilian,职位描述 Python 反爬虫 爬虫开发 计算机软件 工作职责: 1.负责现有机票项目的开发工作 2.负责公司后端系统的开发、维护与优化工作保障系统的稳定性与高效性。 3.依据需求分析和系统设计文档，编写高质量代码，参与系统架构设计和技术方案的研讨。 4.开展数据库设计与优化，确保数据具备高可用性和高性能。 5.对现有系统进行问题排查和性能调优，并提出优化建议与解决方案。 6.参与公司技术平台的持续迭代与创新，提升技术水平和开发效率。 7.撰写相关技术文档，确保代码和系统具有良好的可维护性。 任职要求: 1.专科及以上学历，计算机、软件工程或相关专业。 2.拥有5年以上Python开发经验，精通Python语言及常用框架(如Django、Flask、FastAPI等) 3.善于使用AI工具提升工作效率，具备快速学习和解决问题的能力。 4.熟悉常见数据库(MySQL、Redis.PostgreSQL等)及数据库优化技术，目前公司主要使用MySQL。 5.熟练使用Git进行版本控制，具备高并发处理经验，有团队协作经验。 6.具备良好的代码规范、文档撰写能力以及问题分析解决能力。 7.了解前端技术(如HTML、CSS. JavaScript)以及相关前端框架，能够与前端团队协同开发。 8.能够快速理解已有源码并进行二次开发，与前端开发团队紧密配合，确保开发进度和质量。 9.具备良好的沟通能力，能够理解业务需求并提供合理的技术解决方案。加 工作地点 成都武侯区花样年福年广场-T1写字楼9楼909号 以担保或任何理由索要财物，扣押证照，均涉嫌违法。一经发现， 立即举报,"Python,反爬虫,爬虫开发",http://www.zhaopin.com/jobdetail/CCL1514341740J40839318805.htm?refcode=4019&srccode=401901&preactionid=0347661f-837d-4689-8e53-44c398883611
python开发工程师,天津伯哈科技有限公司,1-1.5万,天津·红桥·芥园,Guangzhou,本科,1-3年,7月23日,zhilian,岗位职责： 负责分布式爬虫系统设计、开发与优化，基于主流网络协议完成数据采集、接口对接，保障采集稳定性与效率，处理反爬、登录态维持等各类场景问题。 承担 Python 全栈业务开发，参与前后端业务逻辑落地，搭建稳定可靠的业务服务模块。 开展数据预处理、数据清洗、数据规整工作，对海量原始数据进行去重、纠错、格式转换、结构化处理，保障数据质量。 熟练运用多线程、多进程、协程等并发技术，优化程序运行效率，解决高并发、大数据量场景下的性能瓶颈。 负责MySQL数据库表设计、SQL 编写、索引优化、数据读写及日常运维，保障数据存储与查询高效稳定。 基于Linux环境完成项目部署、调试、线上问题排查，承担基础运维工作，保障服务 7×24 小时稳定运行。 配合业务需求迭代，持续优化现有系统架构、代码逻辑与运维流程，输出相关技术文档。 任职要求： 计算机、软件工程等相关专业，2 年及以上 Python 实际开发经验，扎实的 Python 语言功底。 精通爬虫技术，熟悉 HTTP/HTTPS、TCP/IP 等主流网络通讯协议，熟练使用爬虫框架，具备复杂反爬应对经验。 具备丰富数据清洗、数据预处理实战经验，能独立完成非结构化、半结构化数据结构化转换。 深入理解线程、进程、锁机制、并发编程原理，有大规模并发程序开发、调优经验。 熟练使用 MySQL，精通 SQL 语句、索引优化、事务、分表等数据库实操，具备数据库问题排查能力。 熟练使用 Linux 操作系统，掌握常用命令、服务部署、日志排查、权限管理等基础运维技能。 具备 Python 全栈开发能力，了解前后端交互逻辑，能独立完成功能模块开发。 具备良好的问题排查能力、代码规范意识与团队协作能力，学习能力强，能承受工作压力。 工作地点 红桥区天津陆家嘴金融广场-A座 以担保或任何理由索要财物，扣押证照，均涉嫌违法。一经发现， 立即举报,PHP,http://www.zhaopin.com/jobdetail/CCL1481367690J40866611407.htm?refcode=4019&srccode=401901&preactionid=0347661f-837d-4689-8e53-44c398883611
python开发工程师,软通动力信息技术(集团)股份有限公司,8000-10000元,上海·青浦·金泽,Guangzhou,本科,1-3年,6月12日,zhilian,职位描述 PYTHON开发 技术支持 软件/IT服务 直接搜python开发，我这边岗位像运维工作内容 :人工智能模型迁移和适配，如果技术能力达到，可以转模型和算子开发 备注：运维的开发 是做运维的技术支持 工作地点 青浦区华为练秋湖研发中心H区-H1栋上海华为练秋湖基地H1 以担保或任何理由索要财物，扣押证照，均涉嫌违法。一经发现， 立即举报,"PYTHON开发,技术支持",http://www.zhaopin.com/jobdetail/CC000544460J40824014916.htm?refcode=4019&srccode=401901&preactionid=0347661f-837d-4689-8e53-44c398883611
后端开发技术员/五险一金,江西众畅人力科技有限公司,1.4-1.7万,南京·玄武·新街口,Guangzhou,大专,经验不限,7月24日,zhilian,职位描述 Python Spring MySQL NoSQL 后端模块开发维护 高并发性能优化 企业级应用开发 工作职责 1. 负责公司人力资源管理系统后端模块的设计、开发与维护，保障系统的高可用性与数据安全。 2. 参与需求分析与技术方案评审，将业务需求转化为可落地的技术实现。 3. 优化系统性能，解决高并发场景下的技术瓶颈，提升用户体验。 4. 与前端、产品团队协作，完成接口设计与联调，确保功能模块的高效对接。 任职要求 1. 大专及以上学历，计算机相关专业，具备扎实的编程基础。 2. 熟悉至少一种后端开发语言（如Java、Python、Go）及主流框架（如Spring Boot、Django）。 3. 掌握关系型数据库（如MySQL）的设计与优化，了解NoSQL数据库的应用场景。 4. 具备良好的代码规范意识，能独立完成模块开发与单元测试。 5. 有企业级应用或SaaS系统开发经验者优先。 补充说明 1. 福利：五险一金 工作地点 南京玄武区新世界中心写字楼 以担保或任何理由索要财物，扣押证照，均涉嫌违法。一经发现， 立即举报 客户,"Python,Spring,MySQL,NoSQL,后端模块开发维护,高并发性能优化,企业级应用开发",http://www.zhaopin.com/jobdetail/CCL1398581540J40883204605.htm?refcode=4019&srccode=401901&preactionid=0347661f-837d-4689-8e53-44c398883611
python工程师,北京盘拓数据科技有限公司,1-2万,北京·海淀·北下关,Guangzhou,本科,1-3年,4月22日,zhilian,职位描述 Python 1) 职责描述 参与采集平台的设计和开发，确保数据采集的稳定性、准确性、及时性； 负责开源网站的爬虫程序开发，包括但不限于：新闻、官网、智库等各种类型的网页、音视频数据； 从结构化/非结构化数据中提取关键信息，完成数据清洗、消重、入库及服务化，确保数据质量与时效性； 与业务团队协作，分析需求可行性并提供数据解决方案，支持业务决策。 2) 任职要求 精通Python/Java，熟悉Scrapy、BeautifulSoup等框架，掌握正则表达式、XPath、CSS选择器等数据抽取技术； 熟悉HTTP/HTTPS协议、TCP/IP网络编程，具备JS逆向、APP脱壳或验证码破解经验者优先； 本科及以上学历，计算机相关专业，1年以上爬虫开发经验，有分布式系统或大数据处理（Hadoop/Spark）经验者加分; 熟悉Linux环境及数据库技术（MySQL/MongoDB/Redis），具备海量数据存储与调优能力。 3) 其他要求 逻辑思维强，能独立解决复杂技术问题，具备自驱力与团队协作精神。 对数据敏感，具有良好的逻辑分析能力和问题排查技巧； 具备良好的团队合作精神，能够适应快节奏的工作环境； 良好的跨团队沟通能力（与业务、分析师、运维协作）； 工作地点 北京海淀区中国农业科学院(中关村南大街)信息楼406 以担保或任何理由索要财物，扣押证照，均涉嫌违法。一经发现， 立即举报,Python,http://www.zhaopin.com/jobdetail/CCL1369677690J40828723513.htm?refcode=4019&srccode=401901&preactionid=0347661f-837d-4689-8e53-44c398883611
全栈初级,长春市烽运互联网科技有限公司,1-1.1万,长春·南关,Guangzhou,中专/中技,经验不限,7月25日,zhilian,职位描述 后端开发 前端开发 Java Python Python Oracle MySQL Oracle 我们正在寻找一位全栈工程师，负责公司Web应用的研发与维护。 工作内容： 1. 负责公司网站和Web应用的开发、测试和维护； 2. 与团队成员协作，参与项目需求分析和技术方案制定； 3. 根据开发规范与流程独立完成模块的设计、编码和测试工作； 4. 通过代码评审，持续优化代码质量和性能； 5. 配合其他部门完成从原型到产品的落地。 岗位要求： 1. 计算机相关专业本科及以上学历，3年以上全栈开发工作经验； 2. 熟练掌握HTML/CSS/JavaScript，熟悉至少一种前端框架（如Vue.js/React.js/Angular.js）； 3. 熟练掌握Python/Java/Node.js等至少一种后端开发语言，具备良好的编程习惯； 4. 熟悉MySQL/MongoDB等数据库应用开发，熟悉Nginx等服务器配置； 5. 具备良好的沟通能力和团队协作精神，具备较强的解决问题的能力。 工作地点 吉林省长春市南关区临河街道仙台大街1468号C楼1309 以担保或任何理由索要财物，扣押证照，均涉嫌违法。一经发现， 立即举报,"后端开发,前端开发,Java,Python,Python,Oracle,MySQL,Oracle",http://www.zhaopin.com/jobdetail/CCL1524349610J40894736513.htm?refcode=4019&srccode=401901&preactionid=0347661f-837d-4689-8e53-44c398883611
爬虫数据采集工程师,阳风新能(江苏)电力科技有限公司,2-4万,苏州·工业园区,Guangzhou,硕士,1-3年,7月9日,zhilian,职位描述 数据采集 分布式爬虫 数据清洗 Python 电力/水利/热力/燃气 互联网电商 信息安全 产业互联网平台 工作内容 1. 开发各省电力交易平台爬虫，实现千万级行情、交易数据每日自动抓取；同时采集抖音、小红书等新媒体行业公开信息。 ​ 2. 搭建分布式爬虫集群，做多代理、多账号、并发任务调度，对抗JS加密、指纹风控、APP签名等反爬限制。 ​ 3. 做APP接口逆向抓包，使用Frida、mitmproxy破解加密参数，稳定抓取移动端电力数据。 ​ 4. 开发API对接程序，同步第三方平台接口数据；对原始数据清洗去重，保证交付算法团队的数据质量。 ​ 5. 搭建监控告警，保障采集链路稳定；严格遵守数据法律法规，做到合规抓取。 岗位要求 （硬性要求：学历） 1. 985本科，985/211硕士，计算机、数学、电气相关专业，1-3年爬虫全职开发经验。 ​ 2. Python主力开发，会Scrapy-Redis、Playwright，精通JS逆向、浏览器指纹对抗、代理池建设。 ​ 3. 会APP抓包+Frida逆向，能独立破解接口签名加密。 ​ 4. 熟悉Redis、MongoDB、消息队列与任务调度，能设计海量数据存储方案。 优先录用 - 做过社交平台舆情爬虫、电力/大宗商品数据采集项目； ​ - 有验证码绕过、浏览器指纹对抗、容器化部署经验； ​ - 熟悉网络安全与数据采集合规条款。 福利待遇 五险一金+年终奖+项目奖金，综合年薪30w—50w，业务长期稳定，电力能源赛道，技术团队氛围单纯，支持技术沉淀与长期成长。 工作地点 江苏省苏州市苏州工业园区展业路10号 以担保或任何理由索要财物，扣押证照，均涉嫌违法。一经发现， 立即举报,"数据采集,分布式爬虫,数据清洗,Python",http://www.zhaopin.com/jobdetail/CCL1524166480J40785839106.htm?refcode=4019&srccode=401901&preactionid=0347661f-837d-4689-8e53-44c398883611
Python工程师,辽宁北斗云数字科技有限公司,7000-10000元,沈阳·和平·北市场,Guangzhou,本科,1-3年,11月28日,zhilian,职位描述 网络爬虫技术 云计算 人工智能 负责 AI 应用系统的开发与落地，集成计算机视觉、语音识别、LLM 等 AI 功能模块； 将深度学习模型部署到边缘计算平台、云端或终端设备，优化模型推理性能； 开发和优化 AI 算法在感知（如目标检测、场景理解）、交互（如智能对话、语义理解）等场景的应用； 针对展馆、教育互动、智能服务等具体场景，设计并实现端到端的 AI 解决方案； 负责 AI 系统的集成、调试、测试及性能优化，保障系统稳定运行； 编写技术文档，包括设计方案、接口文档、部署手册等。 职位要求： 本科及以上学历，计算机、人工智能、软件工程等相关专业； 精通 Python 编程，熟练掌握 C++； 熟悉至少一种深度学习框架（PyTorch/TensorFlow），具备模型训练与优化经验； 熟悉计算机视觉（OpenCV）或自然语言处理（NLP）基础，有 LLM 应用开发经验者优先； 具备 AI 模型部署经验，了解边缘计算或云端部署技术者优先； 了解实时系统开发或高性能计算者优先； 具备良好的问题解决能力、逻辑思维能力和动手实践能力。 工作地点 沈阳和平区南京北街 以担保或任何理由索要财物，扣押证照，均涉嫌违法。一经发现， 立即举报,网络爬虫技术,http://www.zhaopin.com/jobdetail/CCL1315196900J40363096912.htm?refcode=4019&srccode=401901&preactionid=0347661f-837d-4689-8e53-44c398883611
爬虫开发工程师（双休+五险一金）,济南职伴互联网有限公司,7000-12000元,济南·历城·港沟,Guangzhou,本科,3-5年,7月19日,zhilian,岗位职责： 1. 负责爬虫项目的需求分析与方案设计，针对各类目标网站（如公开数据平台、行业资讯站点等）制定高效、合规的爬取策略 2. 独立完成爬虫程序的开发、调试与优化，熟练运用requests、Scrapy、BeautifulSoup、Selenium等工具，解决反爬机制（如IP封锁、验证码、动态加载）问题 3. 负责爬取数据的清洗、解析、存储（如MySQL、MongoDB）及质量校验，确保数据的准确性、完整性和时效性 4. 维护现有爬虫系统的稳定运行，监控数据抓取状态，及时处理异常情况（如网站结构变更、爬取效率下降）并迭代优化 5. 与数据分析师、产品经理等协作，根据业务需求输出标准化数据成果，支撑业务决策与产品迭代。 岗位要求： 1. 本科及以上学历，计算机、软件工程、数据科学等相关专业优先，3-5年Python爬虫开发经验，有大规模分布式爬虫、高并发数据抓取项目经验者优先 2. 精通Python语言基础，熟练掌握爬虫核心库（requests、Scrapy、lxml、PyQuery）及异步爬虫技术（aiohttp、asyncio） 3. 熟悉常见反爬手段（UA伪装、Cookie池、IP代理池、滑块验证识别），能独立设计应对方案 4. 掌握HTML/CSS/JavaScript解析，能处理动态渲染页面（如Selenium、Playwright、Pyppeteer） 5. 熟练使用至少一种数据库（MySQL/MongoDB/Redis），具备数据清洗、格式转换及批量处理能力 工作地点 济南历城区汉浴金谷A4-3-10层 以担保或任何理由索要财物，扣押证照，均涉嫌违法。一经发现， 立即举报,"反爬虫,分布式爬虫,爬虫开发,数据采集,数据清洗,Python,Flask,Django,SELENIUM MYSQL,MongoDB",http://www.zhaopin.com/jobdetail/CC311830530J40729314006.htm?refcode=4019&srccode=401901&preactionid=0347661f-837d-4689-8e53-44c398883611
全栈开发工程师 / 后端开发工程师,石家庄安成网络科技有限公司,8000-9000元,石家庄·长安·河东,Guangzhou,大专,3-5年,7月25日,zhilian,岗位职责 Python自动化开发 负责业务自动化脚本的开发与维护，主要使用Python配合Playwright/Selenium进行网页自动化操作； 针对网站改版、页面元素变化，快速定位并修复自动化脚本，确保业务流程稳定运行； 处理各类反爬策略（IP封禁、验证码识别、请求频率限制等），持续优化自动化方案的稳定性； 负责爬虫数据的采集、清洗与存储，保障数据质量。 PHP后端维护 负责现有PHP后端系统的日常维护和代码修改，能够看懂并理解现有代码逻辑； 根据业务需求对PHP代码进行功能调整、Bug修复（不要求从零开发大型功能，不要求精通框架）。 服务器运维与综合支持 负责Linux服务器的日常维护，包括服务部署、日志查看、故障排查等； 配置和管理定时任务（cron），保障自动化脚本和日常任务的稳定执行； 配合团队完成网站日常维护工作，包括简单的HTML/CSS/JS前端页面调整。 必备技能 熟练掌握Python，有爬虫/自动化方向的实际项目经验； 熟悉Playwright或Selenium等浏览器自动化工具的使用； 能看懂PHP代码，具备简单的PHP修改和调试能力（不要求精通框架）； 掌握HTML、CSS、JavaScript基础知识，能进行简单的页面修改和调试； 熟悉Linux操作系统，能熟练使用常用命令，具备基本的服务器运维能力； 熟悉cron定时任务配置与管理。 经验要求 3年以上Python自动化/爬虫开发经验； 有实际自动化脚本从开发到上线的完整项目经历； 具备独立分析问题和解决问题的能力，能够快速响应脚本异常并修复。 加分项 熟悉G2G、Eldorado或其他游戏交易平台； 有处理复杂反爬策略（如Cloudflare、人机验证等）的经验； 了解常用PHP框架（如ThinkPHP、Laravel等）。 薪资福利： 薪资 8000元/月 单休 五险 满一年后享有工龄补贴，逐年递增 工作日中午提供工作餐 工作地点 石家庄长安区建华城市广场A座1101 以担保或任何理由索要财物，扣押证照，均涉嫌违法。一经发现， 立即举报,"网络爬虫技术,后端开发",http://www.zhaopin.com/jobdetail/CC405430930J40788699406.htm?refcode=4019&srccode=401901&preactionid=0347661f-837d-4689-8e53-44c398883611
Python工程师（初级/中级）,广州睿思管理咨询有限公司,5000-7000元·13薪,海口·秀英·西秀,Guangzhou,本科,1-3年,7月7日,zhilian,岗位职责】 1.根据业务需求，负责具体的 RPA 自动化流程编写与调试，确保脚本在各种环境下稳定运行。 2.参与 Python Web 系统的模块开发、接口编写及日常维护工作。 3.协助高级工程师完成数据的抓取、清洗及简单的统计分析任务。 4.负责上线流程/rpa的监控，快速响应并修复脚本运行中的突发问题。 【资格条件】 1.扎实的 Python 编程基础，熟悉常用的数据结构与标准库；熟悉 FastAPI、Flask 或 Django 等任一框架。 2.熟悉 Selenium、Playwright等自动化工具，有网页爬虫或 RPA 实际操作经验。 3.熟悉mysql、oracle、达梦等数据库，熟悉Java优先。 4.本科及以上学历，1-3 年开发经验。 奖金绩效 年底双薪 工作地点 海口秀英区长滨东三街200 以担保或任何理由索要财物，扣押证照，均涉嫌违法。一经发现， 立即举报 客户,"Java,PHP,Flask,Django",http://www.zhaopin.com/jobdetail/CCL1208941850J40881631413.htm?refcode=4019&srccode=401901&preactionid=0347661f-837d-4689-8e53-44c398883611
Python 爬虫开发实习生,广州麦媒信息科技有限公司,180-250元/天,广州·天河·天园,Guangzhou,本科,经验不限,7月17日,zhilian,职位描述 可转正 Python HTML 数据采集 数据清洗 反爬虫 Scrapy requests 多平台信息抓取 爬虫策略优化 爬虫逻辑维护 工作职责 1. 负责多平台公开信息的定向抓取、清洗与结构化存储，支撑业务数据分析需求。 2. 研究目标网站的反爬机制与数据结构，优化爬虫策略以提升抓取效率与稳定性。 3. 开发并维护爬虫逻辑，对接内部API接口，快速响应业务场景的动态调整。 任职要求 1. 计算机、软件工程等相关专业在读本科生或研究生，具备扎实的Python编程基础。 2. 熟悉requests、Scrapy等爬虫框架，了解HTML/XML解析及正则表达式的使用。 3. 具备良好的逻辑思维能力，能独立分析并解决爬虫过程中的反爬、数据异常等问题。 4. 对数据抓取与分析有浓厚兴趣，具备快速学习新技术的能力。 工作地点 广州天河区伟诚商务大厦1402 以担保或任何理由索要财物，扣押证照，均涉嫌违法。一经发现， 立即举报,"Python,HTML,数据采集,数据清洗,反爬虫,Scrapy,requests,多平台信息抓取,爬虫策略优化,爬虫逻辑维护",http://www.zhaopin.com/jobdetail/CC285607630J40858529307.htm?refcode=4019&srccode=401901&preactionid=0347661f-837d-4689-8e53-44c398883611
python爬虫（实习）,深圳市胖达摸鱼科技有限公司,100-200元/天,深圳·宝安·西乡,Guangzhou,大专,经验不限,7月26日,zhilian,"职位描述 可转正 实习证明 Python SQL 欢迎2027届实习生加入，需线下面试 我们只考虑人在深圳的小伙伴，请投递简历时留意这点。 工作描述： 1. 参与公司数据采集与分析项目工作； 2. 参与数据采集与分析代码编写、单元测试和bug修复工作； 3. 根据产品和项目情况，优化及维护代码； 4. 根据产品开发规范，完成相关技术文档编写； 技能要求： 1、需熟悉js逆向； 2、负责分布式爬虫系统的核心架构设计以及系统规划; 4、破解反爬机制，优化爬虫路由调度策略 5、分析静态网页结构，解析网页数据，对数据进行过滤，去重，结构化处理; 6、设计优化爬虫调度系统，优化调度策略 7、负责高性能爬虫系统的后台监控、报警模块的开发。 关键词,爬虫,js逆向,验证码破解 展开该职位详情","Python,SQL",http://www.zhaopin.com/jobdetail/CCL1330884060J40930417104.htm?refcode=4019&srccode=401901&preactionid=0347661f-837d-4689-8e53-44c398883611
全栈工程师,渔贝牧场(山东)海洋科技有限公司,5000-6000元,烟台·只楚,Guangzhou,学历不限,1-3年,7月17日,zhilian,岗位职责 1. 负责特定行业、特定场景专用AI智能体的整体设计、开发、迭代落地，独立完成智能体逻辑编排、工具调用、记忆模块、任务规划、自主决策能力搭建。 2. 负责智能体配套前后端全栈开发，包括Web应用、业务后台、管理系统、场景化功能模块开发与优化，实现智能体与真实业务场景深度适配。 3. 根据垂直领域业务需求，梳理行业专属流程、业务规则，定制开发领域专用智能体，实现自动化作业、智能分析、智能决策、业务闭环。 4. 对接大模型底座、向量数据库、知识库、RAG检索、工具集API，完成智能体长短期记忆、任务拆解、多轮推理、自主执行能力优化。 5. 负责项目功能迭代、性能优化、Bug修复、部署上线，保障智能体系统稳定、高效、可商业化落地。 6. 跟进AI智能体前沿技术，结合行业场景持续优化智能体架构，提升场景适配度、自动化率、准确率。 任职要求 1. 计算机、软件工程、软件开发等相关专业，1-3年及以上软件开发经验，有智能体/大模型应用落地经验优先。 2. 熟练掌握前后端全栈技术：Vue/React、Node.js/Java/Python任意主力后端栈，熟悉接口开发、权限系统、后台业务开发。 3. 有真实智能体开发经验：熟悉Agent工作机制、Prompt工程、RAG、向量数据库、智能体任务调度、多工具集成。 4. 具备垂直场景业务抽象能力，能够根据行业需求定制专属智能体逻辑，不局限于通用大模型调用。 5. 熟悉Linux环境、项目部署、版本管理、接口联调，能够独立负责项目从0到1落地。 6. 逻辑清晰、自驱力强，具备独立解决复杂问题能力，有项目独立落地经验优先。 岗位优势 1.全栈深度参与：从智能体内核逻辑到业务系统前后端，全程独立主导，技术成长快、成果可视化强。 2.场景商业化落地：所有开发内容均为行业真实落地场景，可沉淀个人标杆项目、作品集。 3.团队年轻化、技术氛围强，无低效内耗，专注产品与技术落地。 薪资福利 • 薪资：5000-6000 • 五险、带薪年假、项目奖金、季度绩效、节日福利 • 技术自由、方案自主、鼓励创新试错，支持个人技术沉淀与成果输出 工作地点 烟台市-芝罘区-小沙埠西街1号 以担保或任何理由索要财物，扣押证照，均涉嫌违法。一经发现， 立即举报,"后端开发,架构开发,Python,Java",http://www.zhaopin.com/jobdetail/CCL1406855000J40865205507.htm?refcode=4019&srccode=401901&preactionid=0347661f-837d-4689-8e53-44c398883611
python脚本开发工程师,北京凌迅创科科技有限公司,1.4-1.6万,北京·平谷·兴谷,广州,大专,经验不限,7月26日,zhilian,职位描述 Python 爬虫开发 数据处理与分析 系统自动化 API接口对接 工作职责 1. 负责根据业务需求编写高效、稳定的Python脚本，实现数据采集、清洗、分析及系统自动化任务。 2. 参与跨系统数据交互与集成工作，通过脚本对接各类API接口，提升数据流转效率。 3. 优化现有脚本的性能与可维护性，解决脚本运行中的异常问题，保障业务流程顺畅。 4. 配合业务团队梳理自动化需求，输出技术方案并推动落地。 任职要求 1. 大专及以上学历，计算机相关专业，具备扎实的Python编程基础。 2. 熟悉Python常用库（如requests、pandas、BeautifulSoup等），能独立完成数据处理与脚本开发任务。 3. 了解数据库基本操作（MySQL/PostgreSQL优先），具备数据提取与分析能力。 4. 具备良好的问题排查能力，能快速定位并解决脚本运行中的技术问题。 5. 有自动化测试、数据爬虫或系统集成相关经验者优先。 工作地点 北京平谷区中关村科技园区 以担保或任何理由索要财物，扣押证照，均涉嫌违法。一经发现， 立即举报,"Python,爬虫开发,数据处理与分析,系统自动化,API接口对接",http://www.zhaopin.com/jobdetail/CCL1281871760J40957949915.htm?refcode=4019&srccode=401901&preactionid=d1452e26-9cc2-458c-8199-bfd3f840426a
PYthon维护开发工程师,南京太能塔信息科技有限公司,1.4-1.5万·13薪,济南·市中·港沟,广州,中专/中技,经验不限,7月26日,zhilian,职位描述 Java Scrapy Tornado PHP 岗位内容： 1. 构建和维护Python应用程序、模块和库。 2. 开发和维护自动化测试套件，确保代码质量和稳定性。 3. 解决软件开发生命周期中出现的各种问题，并提供技术支持。 4. 协助团队开发和维护产品文档和用户手册。 任职要求： 1. 两年以上Python开发经验。 2. 熟悉Python的常用框架和库，如Django、Flask、Pandas等。 3. 熟悉版控工具Git，具备团队协作经验。 4. 熟悉Linux操作系统，能够独立完成基础系统管理任务。 5. 良好的英文阅读、写作和表达能力。 工作地点 市中区山东省济南市高新区经十路7000号汉峪金谷商务区A1-5号楼F-座-6-1438 以担保或任何理由索要财物，扣押证照，均涉嫌违法。一经发现， 立即举报 客户,"Java,Scrapy,Tornado,PHP",http://www.zhaopin.com/jobdetail/CCL1512293500J40883555205.htm?refcode=4019&srccode=401901&preactionid=d1452e26-9cc2-458c-8199-bfd3f840426a
python全栈工程师,知物科技(赤峰)有限公司,4000-6000元,赤峰·红山区·西城街道,广州,本科,1-3年,7月24日,zhilian,职位描述 Tornado Django FASTAPI Flask MySQL PostgreSQL Redis JavaScript 产业互联网平台 互联网电商 软件/IT服务 岗位内容： 1. 负责开发和维护网站、移动端和 PC 端的软件系统等相关项目。 2. 参与系统架构设计和关键技术选型，优化系统性能和稳定性。 3. 配合测试人员进行系统测试和用户验收，修复存在的缺陷和问题。 4. 支持相关业务团队进行数据处理和分析，提供技术支持和解决方案。 5. 负责按时间进度开发收银系统/MES系统。 6. 负责和ERP等外部API对接。 7. 有搭建、配置、部署及运维服务器经验，熟悉windows server服务器系统操作。 8. 负责云服务维护。 9. 完成领导交代的其他编程任务。 任职要求： 1. 良好的计算机基础知识和编程能力，熟悉 python，有JavaScript使用基础。 2. 熟悉常见的 Web 后端开发框架和数据库相关知识。 3. 具备良好的文档撰写和阅读能力，能够快速理解和借鉴技术方案。 4. 加强学习能力和团队协作精神，积极主动地处理工作中遇到的难题，具备创新精神和对未知领域的探索欲望。 工作地点 内蒙古自治区赤峰市红山区西拉沐沦大街万达广场甲级写字楼 以担保或任何理由索要财物，扣押证照，均涉嫌违法。一经发现， 立即举报,"Tornado,Django,FASTAPI,Flask,MySQL,PostgreSQL,Redis,JavaScript",http://www.zhaopin.com/jobdetail/CCL1468175630J40826484915.htm?refcode=4019&srccode=401901&preactionid=71764d6f-c6fe-454a-b4ce-be2ccb540547
爬虫数据采集工程师,北京金诚同达(济南)律师事务所,8000-16000元,济南·历城·港沟,广州,本科,3-5年,7月6日,zhilian,岗位职责 负责网站、APP、接口等多端数据源的定向采集，支持业务数据需求。 负责JS 逆向、接口逆向、签名算法分析、参数破解，实现高难度数据采集。 处理各类反爬：验证码识别、滑块、Cookie 池、IP 代理池、请求签名、设备指纹等。 负责 企业工商类数据（如某查查、某眼查）的稳定、合规采集与增量更新。 对采集数据进行清洗、去重、格式化、入库，保证数据完整性与准确性。 维护采集脚本与调度任务，优化采集效率、稳定性、并发与容错机制。 任职要求 本科及以上，计算机、大数据、软件相关专业。 3年以上数据采集 / 爬虫开发经验，能独立完成全站 / 接口采集。 熟练使用 Python 进行爬虫开发，熟悉 requests、aiohttp、scrapy 等。 掌握 JS 逆向、接口逆向、抓包分析、加密 / 签名破解（如 AES/RSA/MD5/SHA 等）。 有验证码识别、滑块、OCR、行为验证处理经验，能对接或自研识别方案。 必须有企业工商数据平台的实际采集经验，了解其反爬机制。 熟悉 IP 代理池、Cookie 池、账号池、分布式采集、调度机制优先。 熟悉 MySQL/Redis/MongoDB 等数据存储与去重策略。 具备良好的排错能力、抗压能力、任务闭环意识。 加分项 有 APP 爬虫、小程序爬虫、模拟器 / 无痕框架经验。 了解风控、设备指纹、token 刷新、签名算法还原。 有大规模并发采集、分布式爬虫、定时调度平台使用经验。 了解数据清洗、ETL、数据治理流程。 工作地点 济南历城区山东铁投基金大厦26楼 以担保或任何理由索要财物，扣押证照，均涉嫌违法。一经发现， 立即举报,"数据爬虫,反爬虫",http://www.zhaopin.com/jobdetail/CC203563380J40849899311.htm?refcode=4019&srccode=401901&preactionid=bdf1f091-fa28-4cab-a2f2-829aeb9d9116
技术研发,上海有大信息科技,1.2-1.3万,上海·徐汇·龙华,广州,本科,5-10年,6月17日,zhilian,"职位描述 爬虫 数据采集 岗位内容 1. 搭建企业级爬虫平台，构建数据采集标准化体系，能解决跨平台、跨行业的复杂采集需求，规避法律风险，可参与企业数据战略规划，支撑核心业务数据需求； 2. 构建企业级数据中台，统筹企业数据资产建设,能解决 PB 级数据存储、计算与调度难题； 3. 优化跨集群运维协同方案，构建企业级容灾备份体系，能解决超大规模集群运维难题，降低运维成本。 岗位要求 1.能够独立搭建企业级分布式爬虫平台，构建全流程数据采集标准化体系，解决跨平台、跨网站、跨行业的复杂采集与反爬难题；精通爬虫合规风控，有效规避法律风险；可参与企业数据战略规划，统筹数据架构与采集方案，为核心业务提供稳定、高质量的数据支撑； 2.能够搭建企业级数据中台，统筹规划企业数据资产体系；具备 PB级大数据架构优化能力，可解决海量数据在存储、计算及调度方面的核心难题，保障数据平台高效稳定运行； 3.能够统筹规划并优化跨机房、跨集群的运维协同机制，设计并落地企业级多地域容灾、全量备份与快速恢复体系；具备超大规模大数据集群的深度运维能力，可解决节点调度、资源瓶颈、高可用架构等核心复杂问题，通过自动化与架构优化提升整体稳定性，持续降低运维成本与故障风险。 工作地点 上海徐汇区星云1号大厦 以担保或任何理由索要财物，扣押证照，均涉嫌违法。一经发现， 立即举报","爬虫,数据采集",http://www.zhaopin.com/jobdetail/CC462451910J40903520803.htm?refcode=4019&srccode=401901&preactionid=bdf1f091-fa28-4cab-a2f2-829aeb9d9116
高级数据采集工程师,万户良方(北京)健康管理有限公司,8000-15000元,西安·碑林·长安路,广州,本科,经验不限,7月8日,zhilian,"职位描述 分布式爬虫 反爬虫 数据爬虫 人工智能 信息安全 ❶ 职位定位：我们要找的是“数据特种兵” 在 GEO（生成式引擎优化）的战场上，数据采集就是我们的前沿侦察。我们需要一位能够游走于全球互联网、突破各类防御围墙、在混乱的网页中提取高价值情报的专家。 你负责构建的不是简单的脚本，而是一套全球分布式、具备高鲁棒性、能自我进化的自动化采集矩阵。你是 AI 引擎“知识血液”的源头。 ❷ 你将面对的真实硬核挑战 极端的反爬攻防对抗：面对 Cloudflare 盾、指纹识别、行为分析、以及动态变化的 WAF。你需要通过浏览器指纹模拟、TLS 指纹修改、动态代理池调度等黑产级的技术手段，保障采集链路在 24/7 高强度对抗中不掉线。 深度逆向与协议破解：针对复杂的 JS 加密逻辑、自定义协议、或是移动端 App。你需要通过 JS 逆向、Hook 技术、甚至反编译，直接从协议层打通数据链路，实现从“模拟操作”到“接口直取”的性能飞跃。 海量非结构化数据的“瞬时漂白”：采集只是开始。你需要面对每天千万级的脏数据，设计极高效的分布式清洗 Pipeline。利用正则、DOM 树解析甚至轻量级模型，在毫秒级内完成去噪、脱敏与结构化，确保入库数据的原子级精度。 ❸ 我们的技术品味（任职要求） 采集技术栈深度：精通 Python，熟练掌握 Playwright / Puppeteer 等无头浏览器技术，深谙 Scrapy 架构并能进行深度定制。有大规模分布式爬虫集群（如分布式调度、分片存储）的实战经验。 协议与逆向功底：对 HTTP/2, QUIC, WebSocket 等协议有深度理解。精通 Chrome DevTools 调试，具备一定的 JS 逆向能力（如混淆还原、加密算法破解）。 底层原理直觉：理解浏览器渲染引擎的工作原理，熟悉 TCP 链接管理。看到一个封禁报错，你能立刻判断出是 IP、指纹、还是行为频率出了问题。 极致的工程规范：拒绝“能跑就行”的一次性脚本。你应推崇模块化设计，能维护清晰的中间件系统，并利用 Claude Code / Cursor 等 AI 工具极速辅助逆向分析与代码重构。 ❹ 我们寻找这样的“同路人” 天生的破局者：你享受那种突破层层防御、最终获取数据的快感。面对封禁，你的第一反应不是沮丧，而是兴奋地寻找漏洞。 细节控与效率狂：你会为了降低 0.1% 的带宽损耗或提升 5% 的解析速度而反复打磨代码。 基础扎实且稳定：相比于追逐浮躁的业务逻辑，你更倾向于在“底层的采集技术”上构筑自己的护城河。 ❺ 福利保障与生产力支撑 核心权益：你将主导采集平台的架构选型，直接掌握公司最核心的原始资产。 硬核成长：你将直接参与核心架构决策。这里没有大厂的内卷，只有纯粹的技术交流。我们全天候提供顶级 AI 工具（Claude Code / Cursor）支持，鼓励你用 AI 辅助写出更高质量的代码。 成长空间：直接参与 GEO 这一前沿赛道的底层建设。这里没有由于数据不准导致的扯皮，只有不断通过逆向和优化去解决问题的极客氛围。 工作地点 西安碑林区长安国际中心-E座1710 以担保或任何理由索要财物，扣押证照，均涉嫌违法。一经发现， 立即举报","分布式爬虫,反爬虫,数据爬虫",http://www.zhaopin.com/jobdetail/CC288032730J40829061816.htm?refcode=4019&srccode=401901&preactionid=bdf1f091-fa28-4cab-a2f2-829aeb9d9116
python后端开发工程师（大厂 双休）,科锐尔人力资源服务(苏州)有限公司,1.3-2.6万·14薪,南京·雨花台·铁心桥,广州,本科,经验不限,3月30日,zhilian,职位描述 Python Java C++ 云计算 计算机软件 人工智能 软件后端/测开/算法/数据开发都有，感兴趣详聊~ 核心亮点 核心业务！接触云计算、AI、5G 等前沿场景，技术成长快 门槛友好：优秀本科可投，大牛带教，零基础也能入门实战 杭州滨江核心团队，弹性工作 + 年轻氛围，福利拉满（食堂 / 健身房等） 你将负责 参与云计算、AI 等业务的算法研发与优化（机器学习 / 深度学习方向） 设计可落地的算法方案，完成模型训练、调优及部署 处理大规模数据，做特征工程和模型优化，提升业务指标 跟踪前沿技术，和团队一起把创新算法用到实际业务中 我们希望你 本科及以上学历（计算机 / 数学等相关专业，优秀本科生放宽） 了解 Python（会基础语法即可），对机器学习 / 深度学习有兴趣 有简单数据处理经验更佳，懂 SQL 或 TensorFlow/PyTorch 优先 学习能力强，愿意跟着导师从零积累，有责任心 为什么选我们 带教体系：1v1 导师带教，从基础到项目实战，快速上手 平台硬核：亿级用户项目 + 华为技术栈，简历加分 buff 待遇给力：有竞争力薪资（基薪 + 绩效 + 年终奖）+ 完善福利 成长清晰：技术培训 + 行业峰会，支持从入门到精通的全路径发展 工作地点 江苏省南京市雨花台区软件大道101号N15 以担保或任何理由索要财物，扣押证照，均涉嫌违法。一经发现， 立即举报 客户,"Python,Java,C++",http://www.zhaopin.com/jobdetail/CC453635220J40868656103.htm?refcode=4019&srccode=401901&preactionid=6285402a-448b-4eb7-ab18-6e6406f917f3
分布式爬虫调度开发工程师,沈阳宁源建筑有限公司,1-1.2万·13薪,沈阳·和平·长白,广州,本科,3-5年,7月24日,zhilian,职位描述 Python Java 分布式爬虫 反爬虫 Kafka Scrapy 分布式系统架构设计 反反爬机制实现 数据采集调度优化 工程施工 产业互联网平台 工作职责 1. 负责分布式爬虫系统的架构设计与核心模块开发，实现大规模数据的高效采集与调度。 2. 优化爬虫任务的分布式调度策略，提升系统的稳定性、可扩展性与数据采集效率。 3. 设计并实现反反爬机制，应对目标网站的访问限制与数据保护策略。 4. 与业务团队协作，明确数据采集需求，输出高质量的结构化数据成果。 任职要求 1. 本科及以上学历，计算机相关专业，3年以上爬虫开发或分布式系统开发经验。 2. 精通Python或Java语言，熟悉Scrapy、Celery等爬虫与任务调度框架。 3. 具备分布式系统设计能力，熟悉Redis、Kafka等中间件的使用与原理。 4. 掌握反反爬技术，包括IP代理池、验证码识别、浏览器指纹模拟等。 5. 具备良好的问题分析能力与代码调试能力，能独立解决复杂技术问题。 工作地点 沈阳和平区中海广场 以担保或任何理由索要财物，扣押证照，均涉嫌违法。一经发现， 立即举报,"Python,Java,分布式爬虫,反爬虫,Kafka,Scrapy,分布式系统架构设计,反反爬机制实现,数据采集调度优化",http://www.zhaopin.com/jobdetail/CCL1515604840J41023482104.htm?refcode=4019&srccode=401901&preactionid=6285402a-448b-4eb7-ab18-6e6406f917f3
高级爬虫工程师,北京道略文旅科技有限公司,1-1.2万,北京·西城·天桥,广州,本科,3-5年,7月1日,zhilian,"岗位职责】 1、系统设计与开发：运维现有的系统，编写高效的Python爬虫脚本，从指定的公开网站、API接口、APP、微信公号等渠道，自动化抓取多源数据； 2、数据处理与清洗： 对爬取到的原始数据进行清洗、去重、格式化、转换和集成，确保数据的准确性和一致性，使其满足报告研究人员的使用； 3、技术难题攻坚： 解决爬取过程中遇到的各种技术挑战，包括但不限于动态渲染（JS）、验证码识别、IP封禁、API限制等。 4、质量与效率： 建立数据质量监控体系，持续优化爬虫策略和系统架构，提升数据采集的覆盖度、及时性和效率。 5、合规与伦理： 严格遵守Robots协议、数据安全法与版权法规，确保所有数据采集活动的合法合规性。 【技术要求】 1、精通 Python 编程语言，熟练使用Python、Java、php语言，掌握 Scrapy, Requests, Selenium/Playwright 等主流爬虫框架和工具。 2、深刻理解HTTP/HTTPS协议，熟悉Web前端技术（HTML, CSS, JavaScript）。 3、具备处理复杂反爬机制（如IP速率限制、验证码、动态加载、用户行为检测、加密参数等）的实战经验。 4、熟悉至少一种数据库（如 MySQL, PostgreSQL, MongoDB, Redis）。 5、具备优秀的数据清洗和处理能力，熟悉 Pandas, NumPy 等工具。 6、了解分布式爬虫原理，有使用 Scrapy-Redis, Celery 等工具的经验。 符合条件且有相关经验的人员也可兼职录用本工作岗位 工作地址：北京市西城区天桥南大街1号天桥艺术大厦B1-104室 职位福利：周末双休、每年多次调薪、加班补助、节日福利、餐补、年底双薪、员工旅游、带薪年假 职位亮点：全国第一的演艺、音乐和文旅大数据机构！ 工作地点 西城区北京天桥艺术大厦天桥南大街1号天桥艺术大厦B1-104室 以担保或任何理由索要财物，扣押证照，均涉嫌违法。一经发现， 立即举报","Python,数据挖掘,数据采集",http://www.zhaopin.com/jobdetail/CC281484580J40868733812.htm?refcode=4019&srccode=401901&preactionid=6285402a-448b-4eb7-ab18-6e6406f917f3
影刀RPA专员,洛阳市苇玖诚商贸有限公司,5000-7000元,洛阳·涧西·工农,广州,大专,经验不限,7月24日,zhilian,职位描述 Python爬虫框架 后端开发 影刀 RPA 岗位职能： 1：可视化流程开发：熟练拖拽组件，独立搭建网页自动化、桌面软件操作、Excel/Word 批量处理、文件管理、数据录入 / 抓取等流程； 2：数据处理能力：Excel 高级操作（公式、透视、批量读写）、文本 / JSON/XML 解析、数据清洗与转换、数据库（MySQL/SQL Server）增删改查；3：API 与系统集成：HTTP/HTTPS 调用、接口签名、参数传递；对接钉钉 / 企业微信、飞书、ERP、CRM、电商平台等。 技能要求： Python：基础语法、函数、模块、Pandas 数据处理、脚本编写与调试，用于拓展影刀能力（复杂计算、数据清洗、接口调用）。 辅助技能：HTML/CSS/JavaScript 基础（网页元素定位）、SQL（数据库交互）、JSON/XML（数据解析）。 加分技能 行业经验：电商、跨境电商、财务、银行、政务等 RPA 项目经验的优先考虑。 学历：大专及以上，计算机、软件、信息管理等相关专业优先。 经验：1–3 年 RPA 开发经验，影刀优先；优秀应届生可放宽。 证书：影刀 RPA 认证（部分企业硬性要求）。 工具：影刀 RPA、Python、Excel、SQL、XPath 工作地点 洛阳涧西区中弘中央广场A座12楼 以担保或任何理由索要财物，扣押证照，均涉嫌违法。一经发现， 立即举报,"Python爬虫框架,后端开发,影刀,RPA",http://www.zhaopin.com/jobdetail/CCL1348673600J40854359601.htm?refcode=4019&srccode=401901&preactionid=6285402a-448b-4eb7-ab18-6e6406f917f3
python开发工程师,慧博云通科技股份有限公司,1.1-1.2万,合肥·蜀山·高刘,广州,本科,5-10年,6月30日,zhilian,岗位职责及要求 1、本科学历，5年以上经验，精通Python/Java任意一种语言即可，岗位是做自动化数据分析工具开发 3、具有半导体行业经验 4、熟悉数据库操作与数据处理与分析 5、有机器学习/算法项目经验更佳。 工作地点 合肥蜀山区长鑫存储技术有限公司 以担保或任何理由索要财物，扣押证照，均涉嫌违法。一经发现， 立即举报,"MySQL,PTYHON,爬虫",http://www.zhaopin.com/jobdetail/CCL1254757260J40877807605.htm?refcode=4019&srccode=401901&preactionid=6285402a-448b-4eb7-ab18-6e6406f917f3
研发工程师,寰球孪生科技昆明有限公司,8000-16000元,昆明·官渡·小板桥,广州,本科,3-5年,8月15日,zhilian,"职位描述 云计算 软件/IT服务 计算机软件 1、 熟悉JAVA，3年及以上Java后端开发经验。 2、 熟悉使用Spring Boot等主流框架进行开发。 3、 熟悉 HTML/CSS/JavaScript 基础，能独立完成简单页面开发者优先。 4、 熟悉三维可视化相关知识,对OpenGL和WebGL有一定了解者优先。 5、 熟悉Restful接口，熟悉分布式开发。 6、 熟悉使用常用的缓存框架，如：Redis。 7、 熟悉使用关系型数据库（MySQL/PostgreSQL），具有一定的SQL优化能力。 8、 熟悉常用的设计模式，并能够根据产品要求进行系统设计。 9、 本科及以上学历，计算机或地理信息系统相关专业，较强的分析能力和解决问题能力。 工作地点 昆明官渡区保利·堂悦1栋 以担保或任何理由索要财物，扣押证照，均涉嫌违法。一经发现， 立即举报",云计算,http://www.zhaopin.com/jobdetail/CC443322110J40746193510.htm?refcode=4019&srccode=401901&preactionid=6285402a-448b-4eb7-ab18-6e6406f917f3
Python工程师,广东鑫浪信息科技有限公司,7000-9000元,广州·海珠·琶洲,广州,大专,1-3年,6月23日,zhilian,岗位职责： 1. 负责 SaaS 系统后端服务的设计、开发与维护，编写高质量、可复用的 API 接口。 2. 设计并实现高性能、高并发、可扩展的后端服务架构，支持 Web 端与移动端业务需求。 3. 参与数据库设计与优化，提升系统在高数据量场景下的性能与稳定性。 4. 编写技术文档与接口文档，确保代码规范性与可维护性。 5. 与前端、运维团队协作，优化 API 调用流程与系统整体性能。 6. 参与系统部署、监控及问题排查，保障线上服务稳定运行。 任职要求： 1. 精通 Python，具备扎实的编程基础和良好的代码习惯。 2. 熟练使用 FastAPI 或其他 Python Web 框架进行后端开发。 3. 熟练使用 Git 进行代码管理和团队协作。 4. 熟悉 MySQL、PostgreSQL 或 SQL Server 等关系型数据库，具备数据库设计与优化经验。 5. 熟悉 Redis，能够设计合理的缓存策略，提升系统性能。 6. 熟悉 Docker 容器化技术，能够进行应用容器化部署。 7. 熟悉 Linux 系统环境，能够进行基本的服务器管理与问题排查。 8. 熟悉 Nginx 配置及优化，能够进行反向代理、负载均衡等基础配置。 工作地点 广州海珠区凤浦科技广场703-706 以担保或任何理由索要财物，扣押证照，均涉嫌违法。一经发现， 立即举报,"FASTAPI,Python",http://www.zhaopin.com/jobdetail/CC531530620J40870046810.htm?refcode=4019&srccode=401901&preactionid=6285402a-448b-4eb7-ab18-6e6406f917f3
智能获客工程师,河南科锐化工有限公司,9000-12000元,郑州·中原·石佛,广州,本科,经验不限,2月24日,zhilian,岗位职责： 1.智能线索挖掘：利用爬虫技术、NLP（自然语言处理）和AI算法，自动化获取目标客户信息，提高销售线索质量。 2.网站与SEO优化：优化公司官网及相关页面，提升搜索引擎排名和流量，增加潜在客户的访问量。 3.营销自动化：搭建和优化询盘获取流程，结合邮件营销、智能聊天机器人等手段，提高用户转化率。 4.数据分析与用户行为追踪：使用Google Analytics、SEO工具、用户画像分析等手段，优化流量转化路径。 5.跨部门协作：与市场、销售、技术团队合作，确保线索转化的有效性，并不断优化获客策略。 6.技术创新：研究并应用最新的AI技术，如大模型（LLMs）、推荐系统等，以提升询盘获取的智能化水平。 任职要求（： 1.编程能力：熟练掌握Python，熟悉爬虫（Scrapy、Selenium等）、数据处理（Pandas）、机器学习（Scikit-learn等）技术。 2.SEO和网站优化经验：了解SEO优化规则、Google排名机制，有网站架构优化经验者优先。 3.数据分析能力：熟练使用Google Analytics、Matomo等数据分析工具，具备数据驱动优化能力。 4.营销技术（MarTech）经验：了解邮件营销、CRM、自动化营销工具（如HubSpot、Marketo）者优先。 5.商业敏感度：具备基本的市场分析能力，能够理解客户需求并结合技术手段进行优化。 6.团队协作与执行力：良好的沟通能力，能够推动跨部门合作，高效执行增长策略。 7.有B2B行业增长黑客（Growth Hacking）经验者优先 8.具备一定的前端开发经验（HTML、CSS、JavaScript）者优先 9.有大型数据处理、推荐系统或AI营销相关项目经验者优先 工作地点 郑州中原区河南省国家大学科技园东区10号楼702 以担保或任何理由索要财物，扣押证照，均涉嫌违法。一经发现， 立即举报,SEO,http://www.zhaopin.com/jobdetail/CC289582280J40733339114.htm?refcode=4019&srccode=401901&preactionid=6285402a-448b-4eb7-ab18-6e6406f917f3
Python开发工程师,四川食铁兽业财信息技术有限公司山东分公司,6000-10000元,济南·历城·东风,广州,本科,1-3年,4月1日,zhilian,岗位职责： 1.参与需求分析、系统设计以及后端服务开发，保障代码质量和可维护性； 2. 使用Django框架开发高效稳定的Web应用 3. 优化数据库查询及系统性能，提升高并发场景下的服务稳定性 4. 编写技术文档，参与代码评审，确保代码符合代码规范 5.协助排查和解决线上故障，持续改进系统架构 岗位要求： 1.本科及以上学历，英语过4级，通过6级者优先考虑。 2.2年以上Python开发经验，熟练掌握Django框架及其生态（ORM、中间件、模版引擎等） 3. 熟悉MySQL数据库设计与优化，了解Redis等缓存技术 4. 了解Linux基础操作以及Nginx部署配置 5. 数据单元测试，具备良好的代码规范意识 6. 了解http协议，能够与前端工程师高效协作 7. 具备良好的逻辑思维能力和技术文档撰写能力 8. 主动性强，能够独立承担模块开发并推动问题解决 9. 良好的团队协作意识和沟通能力 福利待遇：早九晚六、五险一金、周末双休、交通补贴、通讯补贴、餐补、保密补贴、定期团建 主要看能力定薪 工作地点 济南历城区东风街道鑫苑鑫中心营销a1写字楼 以担保或任何理由索要财物，扣押证照，均涉嫌违法。一经发现， 立即举报,Django,http://www.zhaopin.com/jobdetail/CCL1489289260J40717706009.htm?refcode=4019&srccode=401901&preactionid=6285402a-448b-4eb7-ab18-6e6406f917f3
全栈工程师,猴子说话(武汉)科技有限公司,1-2万,武汉·洪山·关山,广州,本科,经验不限,7月25日,zhilian,"岗位职责 参与核心ViceMe功能的前端开发与优化(基于React),你的代码将直接影响用户体验与产品价值; 配合团队完成后端接口开发与维护(Nodejs或Golang),你的工作将贯穿产品从构思到上线的完整流程; 借助AI辅助编程工具提升开发效率,探索更优的技术实现方案,你的创新想法有机会直接落地并影响产品方向。 任职要求 前提条件 深度体验ViceMe，提炼Skill创作、SKill发布等核心产品卖点。 此外 掌握前端基础技术栈:HTML、CSS、JavaScript、React; 了解后端开发,能够使用Nodejs或Golang进行基础开发 熟练使用Claude Code或其他Al辅助编程工具,对Al应用开发有浓厚兴趣; 我们并不苛求你的技术栈完全匹配、学历背景或专业出身---我们更看重你是否具备自驱力,能够主动学习并快速掌握所需技术,在实践中持续成长;同时希望你保有对创新的追求,愿意探索更优的解决方案,与团队一起打磨更好的产品。 加分项: 有Al相关的小型产品开发经验,或参与过开源项目、实习项目。如有相关经历,请在简历中注明项目地址,或于面试时向面试官展示。 工作地点 武汉洪山区泛悦城写字楼-T211层 以担保或任何理由索要财物，扣押证照，均涉嫌违法。一经发现， 立即举报","前端开发,后端开发,架构开发",http://www.zhaopin.com/jobdetail/CCL1520777800J40835527109.htm?refcode=4019&srccode=401901&preactionid=bdee2037-097c-4dd8-b45c-8d30144a6298
Python开发工程师,曼迪匹艾(大连)科技服务有限公司,1.1-2.2万,大连·甘井子·凌水,广州,本科,3-5年,7月24日,zhilian,职位描述 Python 职位描述 一、工作职责 1. 设计、开发和维护Python应用程序，包括但不限于Web应用，数据处理ETL，网络爬虫等多种业务需求； 2. 编写高质量、可维护的代码，并进行代码评审； 3. 与团队成员协作，制定技术解决方案，解决问题和优化性能； 4. 参与产品开发周期的各个阶段，包括需求分析、设计和测试； 5. 负责确保代码的安全性、可扩展性和可维护性； 6. 解决技术问题，提供技术支持，并与团队合作，确保项目按计划完成。 二、职位要求 1. 本科或以上学历，计算机科学或相关领域； 2. 至少3年的Python开发经验，熟悉Python语言和相关的库和框架； 3. 熟悉Web开发、数据处理ETL、网络爬虫中至少一种方向，并有相应的开发经验； 4. 熟悉版本控制工具（如Git）和协同开发工作流程； 5. 具备良好的问题解决能力和自主学习能力； 6. 逻辑清晰严谨，对数据敏感，跨团队协作能力、沟通能力强。 加分项： *有良好的英语口语和书面沟通能力； *具备odoo开发经验。 三、工资待遇 1. 薪资待遇：11000-22000； 2. 基础福利：六险一金，带薪年假，年度体检，节日福利，活动经费，丰富茶歇，营养晚餐等； 3. 进阶福利：子女福利，父母福利，团队奖励，培训津贴，岗位津贴； 4. 职业发展：导师培养，技能培训，管理培训。 四、办公地点 辽宁省大连高新技术产业园区黄浦路浦项IT中心A塔13层 五、联系方式 求职者请提供中英文简历 (含照片)，邮件标题格式请用：Python开发工程师-姓名-学校-专业-学历 联系电话：************* 联系邮箱：****************** 工作地点 甘井子区黄浦路辽宁省大连高新技术产业园区黄浦路浦项IT中心A塔13层 以担保或任何理由索要财物，扣押证照，均涉嫌违法。一经发现， 立即举报,Python,http://www.zhaopin.com/jobdetail/CCL1360068390J40943845604.htm?refcode=4019&srccode=401901&preactionid=bdee2037-097c-4dd8-b45c-8d30144a6298
python爬虫工程师,海天工程咨询有限公司,8000-10000元,郑州·金水·祭城路,广州,本科,3-5年,6月17日,zhilian,岗位职责： 1、负责分布式网络爬虫系统设计，搭建系统框架，开发分布式网络爬虫系统； 2、负责数据的抓取、提取、数据分析等工作，满足业务部门对数据的需求。 3、设计和优化数据抓取策略，能够应对各种反爬策略，提高数据抓取的效率和质量。 4、理解数据需求，快速响应和解决数据相关问题。 5、建立和维护数据抓取任务的监控系统，确保数据抓取的稳定性和及时性。 任职要求： 1、计算机相关专业本科及以上学历，有2年以上爬虫开发经验。 2、精通Python语言，至少熟练掌握主流爬虫框架中的一种； 3、熟悉常见反爬机制，验证码识别，IP代理池、应用Ip池、headers认证和cookie等； 4、有处理大规模数据的经验，对分布式爬虫有实际操作经验者优先。 5、良好的问题解决能力，善于沟通和团队合作，喜欢研究新技术，能够在压力下工作。 工作地点 郑州金水区利丰国际大厦15层 以担保或任何理由索要财物，扣押证照，均涉嫌违法。一经发现， 立即举报,"分布式爬虫,Python,Python爬虫框架,数据清洗,数据采集",http://www.zhaopin.com/jobdetail/CC221070010J40689728114.htm?refcode=4019&srccode=401901&preactionid=bdee2037-097c-4dd8-b45c-8d30144a6298
AI 大数据线索开发专员,保定博远文化传播有限公司,1-1.5万,保定·竞秀·东风路,广州,大专,3-5年,7月22日,zhilian,职位描述 数据挖掘 数据清洗 数据采集 客户线索挖掘 AI工具应用 获客策略优化 工作职责 1. 利用大数据工具及爬虫技术，从线上平台、公开渠道批量挖掘并收集行业潜在客户资料，完成信息清洗、去重与分类，搭建企业专属客户线索库。 2. 熟练运用AI文案生成、智能筛选、对话机器人等工具，优化获客话术、行业方案及跟进文案，提升线索触达效率。 3. 基于大数据分析客户需求分层，精准筛选高意向客户，输出优质线索至销售团队。 4. 持续优化获客渠道与数据采集方式，借助AI工具降低获客成本，提升线索转化率。 5. 定期统计线索数据，通过AI复盘拓客效果，迭代获客策略。 任职要求 1. 大专及以上学历，计算机、市场营销、数据科学等相关专业优先。 2. 熟悉大数据挖掘工具、爬虫技术及数据清洗方法，能独立完成客户线索库搭建。 3. 具备AI工具（如AI文案生成、智能筛选系统）应用经验，能利用技术提升获客效率。 4. 具备数据分析能力，能通过数据洞察客户需求，优化线索筛选与转化策略。 5. 具备良好的逻辑思维与问题解决能力，能快速迭代获客方法以适应业务需求。 工作地点 保定竞秀区新茂业中心24楼2403室 以担保或任何理由索要财物，扣押证照，均涉嫌违法。一经发现， 立即举报,"数据挖掘,数据清洗,数据采集,客户线索挖掘,AI工具应用,获客策略优化",http://www.zhaopin.com/jobdetail/CCL1502689570J40866203501.htm?refcode=4019&srccode=401901&preactionid=bdee2037-097c-4dd8-b45c-8d30144a6298
Python程序员,青岛谋远科技有限公司,8000-15000元,青岛·崂山·中韩,广州,本科,1-3年,5月12日,zhilian,职位描述 C++ MySQL Redis Python 计算机软件 证券/期货 基金 Python程序员 1、负责量化程序维护，QMT条件单程序维护，新闻舆情系统的研发等，以及部分重复性劳动的自动化工作（例如每天的转账、数据的日常处理等）； 2、负责大模型的调优，量化，蒸馏，以及智能体的开发等工作； 3、协助进行海量金融数据进行研究分析、挖掘有效信号，开发和优化量化模型策略）。 任职要求： 1.计算机相关专业、有量化策略开发经验者优先； 2.精通python，C/C++，JAVA。熟悉计算机网络技术和通讯技术，熟悉多线程开发和分布式软件架构；具有SQL Server、Oracle等数据库应用开发经验，熟悉SQL。 3.熟悉聚宽、米筐、tradestation、A股量化工具等相关软件 4.具备基本证券知识，具有证券、基金和期货公司行业经验者优先考虑。 工作地点 崂山区青岛银丰财富广场银丰财富广场A区5号楼 804 室 以担保或任何理由索要财物，扣押证照，均涉嫌违法。一经发现， 立即举报,"C++,MySQL,Redis,Python",http://www.zhaopin.com/jobdetail/CCL1500686120J40737646614.htm?refcode=4019&srccode=401901&preactionid=bdee2037-097c-4dd8-b45c-8d30144a6298
python工程师,河南银金达新材料股份有限公司,7000-12000元,新乡·长垣市·蒲北街道,广州,本科,1-3年,7月26日,zhilian,职位描述 Sql 数据采集与分析 自动化报表搭建 生产流程自动化优化 工作职责： 1. 负责公司生产数据的采集、清洗与分析，搭建自动化报表系统，支撑业务决策。 2. 开发Python工具链，实现生产流程的自动化优化，降低人工操作成本。 3. 维护现有系统的稳定性，解决生产环境中的技术问题，保障业务连续性。 任职要求： 1. 本科及以上学历，计算机、自动化或相关专业，基础扎实。 2. 精通Python语言，熟练使用Pandas、NumPy等数据处理库，具备数据可视化能力。 3. 熟悉SQL数据库操作，能独立完成数据查询与分析任务。 4. 具备良好的问题分析能力与逻辑思维，能快速定位并解决技术问题。 工作地点 新乡长垣市河南源宏高分子新材料有限公司-西门 以担保或任何理由索要财物，扣押证照，均涉嫌违法。一经发现， 立即举报,"Sql,数据采集与分析,自动化报表搭建,生产流程自动化优化",http://www.zhaopin.com/jobdetail/CC572543480J40955940515.htm?refcode=4019&srccode=401901&preactionid=bdee2037-097c-4dd8-b45c-8d30144a6298
中高级python爬虫工程师,华能信息技术有限公司,1.5-2.5万,青岛·黄岛·辛安,广州,本科,5-10年,7月3日,zhilian,岗位职责（外包派遣用工） 1. 负责设计、开发和维护高效稳定的Python爬虫系统，抓取指定网站或接口的数据 2. 优化爬虫性能，深入研究并突破各类反爬机制，确保数据抓取的准确性和及时性 3. 对抓取的数据进行清洗、存储和处理，为后续数据分析提供支持 4. 监控爬虫运行状态，及时处理异常情况并优化系统稳定性 5. 应用机器学习与AI技术提升爬虫智能化水平 6. 使用Docker等容器技术实现爬虫系统的快速部署和扩展 任职要求： 1. 本科及以上学历，计算机相关专业，5年以上Python爬虫开发经验 2. 精通Python语言，熟悉Scrapy、Requests、BeautifulSoup等爬虫框架和库 3. 熟悉HTTP协议、HTML/CSS/JavaScript，精通各类反爬机制及应对策略 4. 熟悉MySQL、MongoDB等数据库，具备数据清洗和处理能力 5. 了解机器学习与AI技术在实际爬虫项目中的应用 6. 熟练使用Docker等容器化技术进行系统部署 工作地点 青岛华能信息技术有限公司黄岛区金榜山路6号 以担保或任何理由索要财物，扣押证照，均涉嫌违法。一经发现， 立即举报,"Python,爬虫开发,反爬虫,分布式爬虫,JavaScript,Hadoop",http://www.zhaopin.com/jobdetail/CC846483000J40869909203.htm?refcode=4019&srccode=401901&preactionid=bdee2037-097c-4dd8-b45c-8d30144a6298
后端开发工程师（招投标爬虫 / 标书 AI 生成）,安徽稳中智能科技有限公司,1.5-2万,合肥·肥西,广州,硕士,3-5年,7月23日,zhilian,岗位职责： 1.开发招投标信息聚合模块，构建稳定的爬虫采集体系； 2.维护并迭代标书生成、效果图生成等核心功能； 3.负责服务部署、监控告警和线上问题排查； 4.深度参与产品功能设计与技术决策。 任职资格： 1.硕士研究生及以上学历，计算机科学与技术、软件工程、网络工程、人工智能、数据科学与大数据技术、信息与计算科学、电子信息工程等相关专业； 2.3 年及以上 Python 后端开发经验，具备完整的后端项目独立落地经验；一年以上技术团队管理经历； 3.Python 后端开发：能独立开发 RESTful 接口， 熟悉常见 Web 框架（Flask / FastAPI / Django 任一即可）， 使用过关系型数据库（MySQL / PostgreSQL）； 4.网络爬虫：完成过实际爬虫项目， 熟悉 HTTP 请求、HTML 解析、数据持久化， 能应对常见的页面结构变化； 5.Linux基础：熟悉常用命令行操作， 能在云服务器上部署项目、查看日志、排查简单问题； 6.AI 编程协作：日常使用 AI 编程工具辅助开发 （Cursor / Claude Code / GitHub Copilot 等）， 具备良好的提示词编写能力。 团队整体采用 AI 协同开发模式，希望你能快速融入。 加分项： 1.调用过大语言模型 API（OpenAI / Claude / DeepSeek 等）； 2.有 PDF / Word 等文档处理经验； 3.了解 React 或 Vue 等前端框架； 4.有独立完成项目并上线的经验。 我们将提供： 1.本岗位享受公司股权激励，共享公司发展红利。 2.接触 AI 应用前沿，技术快速成长； 3.团队氛围简单直接，沟通无障碍； 4.工作时间：9:00-17:30，双休、法休。 工作地点 合肥肥西县湖畔创谷208室 以担保或任何理由索要财物，扣押证照，均涉嫌违法。一经发现， 立即举报,"爬虫开发,Python",http://www.zhaopin.com/jobdetail/CCL1505108230J41007269904.htm?refcode=4019&srccode=401901&preactionid=bdee2037-097c-4dd8-b45c-8d30144a6298
python后端开发工程师,北京海天起点技术服务股份有限公司,8000-13000元,株洲·荷塘区·月塘街道,广州,本科,1-3年,3月20日,zhilian,职位描述 Sql Redis MySQL Django 计算机软件 工作内容 1、负责Python相关的软件开发与维护，确保代码质量和系统稳定性。 2、参与系统设计，包括功能设计和数据库设计，确保系统架构合理。 3、与团队合作，完成项目需求，包括但不限于爬虫技术的应用和开发。 任职要求 1、熟练使用Python语言，具备Flask、Docker、Nginx、MySQL、Redis等技术栈的应用经验。 2、具备Linux开发和部署经验，能够高效进行系统配置和问题排查。 3、具有良好的团队合作精神，能够理解业务需求，具备较强的问题解决能力。 工作地点 荷塘区湖南株洲电业局 以担保或任何理由索要财物，扣押证照，均涉嫌违法。一经发现， 立即举报,"Sql,Redis,MySQL,Django",http://www.zhaopin.com/jobdetail/CC120214180J40630985906.htm?refcode=4019&srccode=401901&preactionid=bdee2037-097c-4dd8-b45c-8d30144a6298
python后端开发工程师（大厂 双休）,科锐尔人力资源服务(苏州)有限公司,1.3-2.6万·14薪,深圳·龙岗·坂田,广州,本科,经验不限,4月1日,zhilian,职位描述 Python Java C++ 人工智能 云计算 计算机软件 软件后端/测开/算法/数据开发都有，感兴趣详聊~ 核心亮点 核心业务！接触云计算、AI、5G 等前沿场景，技术成长快 门槛友好：优秀本科可投，大牛带教，零基础也能入门实战 杭州滨江核心团队，弹性工作 + 年轻氛围，福利拉满（食堂 / 健身房等） 你将负责 参与云计算、AI 等业务的算法研发与优化（机器学习 / 深度学习方向） 设计可落地的算法方案，完成模型训练、调优及部署 处理大规模数据，做特征工程和模型优化，提升业务指标 跟踪前沿技术，和团队一起把创新算法用到实际业务中 我们希望你 本科及以上学历（计算机 / 数学等相关专业，优秀本科生放宽） 了解 Python（会基础语法即可），对机器学习 / 深度学习有兴趣 有简单数据处理经验更佳，懂 SQL 或 TensorFlow/PyTorch 优先 学习能力强，愿意跟着导师从零积累，有责任心 为什么选我们 带教体系：1v1 导师带教，从基础到项目实战，快速上手 平台硬核：亿级用户项目 + 技术栈，简历加分 buff 待遇给力：有竞争力薪资（基薪 + 绩效 + 年终奖）+ 完善福利 成长清晰：技术培训 + 行业峰会，支持从入门到精通的全路径发展 工作地点 坂田广东省深圳市龙岗区坂田 以担保或任何理由索要财物，扣押证照，均涉嫌违法。一经发现， 立即举报 客户,"Python,Java,C++",http://www.zhaopin.com/jobdetail/CC453635220J40868656003.htm?refcode=4019&srccode=401901&preactionid=bdee2037-097c-4dd8-b45c-8d30144a6298
数据挖掘工程师,上海市弘安律师事务所,8000-16000元,上海·黄浦·打浦桥,广州,本科,1-3年,3月18日,zhilian,岗位职责： 1、 根据业务需求，开发盗版监测产品。 2、 负责自有网站、小程序等互联网产品的研发、维护及更新。 3、 负责协调与公司其他部门的工作，在技术上帮助实现数据分析、互联网营销、公司内部工作邮件系统的搭建。 任职要求 1、 熟练掌握Python，具备扎实的编程基础和良好的代码习惯； 2、 熟悉Web自动化框架（如Selenium、Playwright）及安卓自动化工具（如uiautomator2），能独立完成数据采集任务； 3、 熟悉爬虫，了解常见的反爬机制； 4、 对AI有一定了解，有应用开发经验（如调用大模型API协助网站开发）者优先； 5、 熟悉C#或Java者优先，有多语言开发能力者更佳； 6、 具备良好的沟通能力和协作意识，能主动与产品、运营、数据分析等岗位协作推动项目落地； 7、 有搜索引擎开发或运营经验者优先，具备大规模数据处理经验者加分。 职位福利：年休假，五险一金！ 工作地点 上海黄浦区海丽大厦(打浦路)20层D室 以担保或任何理由索要财物，扣押证照，均涉嫌违法。一经发现， 立即举报,"网络爬虫,Python,数据挖掘,机器学习,爬虫架构",http://www.zhaopin.com/jobdetail/CC868442140J00330102407.htm?refcode=4019&srccode=401901&preactionid=bdee2037-097c-4dd8-b45c-8d30144a6298
php研发工程师,深圳市巨米网络科技有限责任公司,1.4-1.8万,深圳·南山·粤海,广州,大专,3-5年,6月30日,zhilian,"职位描述 网络爬虫技术 消息队列 多进程 计算机软件 产业互联网平台 工作内容： 1. 后台管理系统开发 负责公司内部高并发后台管理系统的架构设计与功能开发（如订单管理、数据看板、权限控制等）。 负责MySQL数据库优化、API接口性能调优，保障系统在高数据量下的稳定性。 参与业务逻辑梳理，编写可维护、高复用的PHP代码（熟悉框架ThinkPHP）。 2. 逆向与协议分析 负责对特定客户端/Web端的通讯协议进行逆向分析，破解加密算法、请求参数及签名逻辑。 模拟合法客户端的网络请求行为，编写稳定的抓取或交互协议。 维护现有爬虫/自动化协议的稳定性，应对反爬策略的升级（如滑块、验证等）。 任职要求 核心能力： 1、精通PHP，掌握至少一种主流框架（ThinkPHP框架必需熟练），具备独立完成中型后台系统的能力。 2、具备扎实的逆向功底： 熟悉逆向工程流程，能熟练使用IDA Pro、OllyDbg、Fiddler、Charles、Wireshark等分析工具。通过抓包、反编译等手段，还原出通信协议、加密算法和业务流程。 3、 熟悉HTTP/HTTPS、TCP/IP协议栈，精通JS逆向（针对Web端）或 Android/iOS 逆向（针对App端）。 4、具备用户权限、日志记录、环境控制等模块的开发经验。 5、协议还原： 核心要求，App或客户端的请求通常经过加密，需要定位加密逻辑（如RSA/AES），抠出算法，实现合法生成参数，绕过风控。 逻辑模拟： 针对反爬策略（如滑块、验证），通过Hook技术篡改检测数据，模拟出真实用户环境。 6、网络与环境设置能力： 能编写自动化协议更换 IP / 代理（熟悉 proxychains, VPN自动切换 等工具更佳）能控制本地或云端网络环境模拟（如Docker容器、虚拟机） 7、数据库设计与操作： 熟悉 MySQL / MongoDB等数据库，能理解多表之间的关联关系，通过多表关联查询得到想要的数据。能编写复杂的查询和数据修改协议，理解数据库事务、数据一致性、索引优化等基本知识 8、数据存储安全： （1）防泄漏、防篡改。 （2）访问控制与接口安全：防越权、防篡改 （3）服务端防护：防渗透、防拖库 9、能独立完成开发部署的闭环工作 有文档编写与版本控制习惯（如使用Git、写API文档）。 会使用git等代码管理工具、使用服务器等操作。 有数据安全意识，特别是在操作数据库时避免误操作。 工作地点 深圳南山区迅雷大厦 以担保或任何理由索要财物，扣押证照，均涉嫌违法。一经发现， 立即举报","网络爬虫技术,消息队列,多进程",http://www.zhaopin.com/jobdetail/CCL1502795950J40843330511.htm?refcode=4019&srccode=401901&preactionid=bdee2037-097c-4dd8-b45c-8d30144a6298
数据采集工程师,悠派才选(上海)人力资源有限公司,4000-6000元,大连·沙河口·星海湾,广州,本科,经验不限,7月17日,zhilian,职位描述 数据爬虫 Python 反爬虫 分布式爬虫 工作职责 负责测试、调整、发布API接口&网爬相关代码。 了解经销商数据库环境、了解经销商/商务意见、为经销商/商务解答疑问等； 统计幵记录经销商对接信息； 优化运营流程，提升运营效能； 完成上级交办的其他任务 任职资格 1. 计算机相关与业，本科以上学历 2. 掌握Windows、Linux、Unix等主流操作系统基本使用； 3. 运用HTML、CSS、JavaScript等前端基础知识分析页面结构 4. 负责设计和开发高效、稳定、可扩展的Python爬虫程序，应对复杂网络环境(如反爬机制)， 5. 获取和处理大规模数据，使用SQL Server数据库进行数据存储、管理、优化，确保数据的一致性、安全性不高效访问 6. 加分项：精通C#和.NET Framework，用winform开发过webservervice接口 7. 富有责仸心、创新精神和团队合作精神，能够承受相应工作压力，工作积极主劢； 思路清晰，具有独立解决问题的能力。 工作地点 大连沙河口区诺德大厦35层 以担保或任何理由索要财物，扣押证照，均涉嫌违法。一经发现， 立即举报 客户,"数据爬虫,Python,反爬虫,分布式爬虫",http://www.zhaopin.com/jobdetail/CCL1264621710J40883544713.htm?refcode=4019&srccode=401901&preactionid=bdee2037-097c-4dd8-b45c-8d30144a6298
python开发工程师,湖南双菱电子科技有限公司,8000-10000元,长沙·岳麓·麓谷,广州,本科,1-3年,7月22日,zhilian,岗位职责】 1. 负责公司后端业务系统、接口服务的设计、开发、迭代与维护，保障系统稳定高效运行。 2. 参与产品需求评审、技术方案讨论，根据业务需求输出合理的技术实现方案，落地开发任务。 3. 负责现有系统的性能优化、bug修复、代码重构，提升系统稳定性、并发能力和响应速度。 4. 配合前端、测试、产品及运维团队完成联调、测试、上线、运维等全流程工作。 5. 参与数据处理、脚本开发、自动化工具搭建，支撑业务高效运转，沉淀通用技术组件。 6. 跟进Python技术生态新技术，持续优化技术架构，提升团队开发效率。 【企业资质】 国家专精特新小巨人企业 国家双高双软 国内领先的广播电视设备研发生产厂家 广播电视融媒体云平台技术开发与运营服务商 微信公号：湖南双菱电子（hunanshuangln1996） 企业官网：www.shuangln.com 【企业简介】 湖南双菱电子科技有限公司，成立于2006年，位于湖南长沙岳麓区的国家高新技术产业园——麓谷企业广场，是一家通过国家双高、双软、ISO9001认证、ISO14001认证、IS045001认证、 两化融合管理体系和音视频集成工程资质的国家专精特新 “小巨人”企业，已连续多年获得守合同重信用单位认证和AAA信用等级证书。 公司工作氛围和谐融洽，培训及晋升体系完善，公司一直致力于计箄机软硬件产品、广播电视产品、自动控制技术、和电教产品的研究、开发、生产、销售，拥有专利及软件著作权350余项，80多个系列400余品种的产品，并在数字广播、高清电视自动播控与 “融合媒体”技术方面具有国内领先水平。 公司主要提供媒体技术产品、媒体技术服务和媒体运营服务，拥有广播、电视、融媒体、新时代文明实践中心四大方向全系列解决方案，产品广泛应用于广电、教育、文旅等多个领域。 工作地点 长沙岳麓区湖南双菱电子科技有限公司科技金融大厦18楼 以担保或任何理由索要财物，扣押证照，均涉嫌违法。一经发现， 立即举报,"Django,Flask",http://www.zhaopin.com/jobdetail/CC197867610J40863833911.htm?refcode=4019&srccode=401901&preactionid=bdee2037-097c-4dd8-b45c-8d30144a6298
Golang,新疆建交工程服务有限公司,8000-12000元,乌鲁木齐·新市区·三工街道,广州,本科,1-3年,7月25日,zhilian,岗位职责 1.负责后端服务设计、开发、测试与维护，保障系统高性能、高可用 2.参与需求评审，协同产品、前端、测试完成业务迭代 3.优化系统架构，提升代码质量、服务性能与扩展性 4.快速定位并解决生产环境故障与技术问题 5.编写技术设计、接口文档及单元测试 工作地点 乌鲁木齐新市区新疆首融能源科技有限公司乐天孵化基地C8 以担保或任何理由索要财物，扣押证照，均涉嫌违法。一经发现， 立即举报,"PostgreSQL,MySQL,SQL Server,金融项目,Python,Java",http://www.zhaopin.com/jobdetail/CCL1254292260J41017280604.htm?refcode=4019&srccode=401901&preactionid=bdee2037-097c-4dd8-b45c-8d30144a6298
Python 开发工程师,重庆翎昀智建筑工程有限公司,1.2-1.4万·13薪,重庆·渝中·解放碑,广州,本科,3-5年,7月23日,zhilian,职位描述 Django Flask PYTHON自动化工具开发 数据处理与分析 业务系统开发维护 JavaScript Shell PHP PyQt Oracle MongoDB SQLServer 产业互联网平台 软件/IT服务 银行 工作职责 1. 负责基于Python的自动化工具、数据处理脚本及业务系统的开发与维护。 2. 参与业务需求分析，将咨询场景中的数据处理、流程优化需求转化为技术实现方案。 3. 优化现有系统的性能与稳定性，解决开发过程中的技术难题。 4. 与业务团队协作，提供技术支持并推动技术方案的落地执行。 任职要求 1. 本科及以上学历，计算机相关专业，具备扎实的编程基础。 2. 精通Python语言，熟悉常用库（如Pandas、NumPy、Requests等）及Web开发框架（如Django/Flask）。 3. 具备数据处理、分析或自动化工具开发经验，能独立完成从需求到上线的全流程工作。 4. 具备良好的逻辑思维能力与问题解决能力，能快速定位并解决技术问题。 5. 具备团队协作精神，能有效沟通需求并推动项目进展。 工作地点 渝中区重庆环球金融中心 以担保或任何理由索要财物，扣押证照，均涉嫌违法。一经发现， 立即举报,"Django,Flask,PYTHON自动化工具开发,数据处理与分析,业务系统开发维护,JavaScript,Shell,PHP,PyQt,Oracle,MongoDB,SQLServer",http://www.zhaopin.com/jobdetail/CCL1515542730J40791347806.htm?refcode=4019&srccode=401901&preactionid=bdee2037-097c-4dd8-b45c-8d30144a6298
python后端工程师,河南宛帧科技实业有限公司,6000-8000元,郑州·二七区·长江路,广州,大专,经验不限,7月12日,zhilian,职位描述 Python 【工作内容】 - 负责公司核心业务系统的后端开发与维护，保障系统稳定运行； - 参与需求分析、系统设计及技术方案制定，推动项目高效落地； - 与前端、测试及产品团队协作，优化系统性能和用户体验； - 持续进行代码质量提升与技术架构优化，提高系统可扩展性。 【任职要求】 - 熟悉Python编程语言，具备良好的代码规范和逻辑思维能力； - 具备良好的沟通能力和团队协作精神，责任心强； - 有独立解决问题的能力，对新技术有较强的学习兴趣。 工作地点 二七区万达广场(郑州二七店)A座12楼 以担保或任何理由索要财物，扣押证照，均涉嫌违法。一经发现， 立即举报,Python,http://www.zhaopin.com/jobdetail/CCL1525178520J40867938910.htm?refcode=4019&srccode=401901&preactionid=bdee2037-097c-4dd8-b45c-8d30144a6298
研发工程师（海外自动化/脚本工具方向）,中禾华誉(广东)项目管理有限公司,8000-10000元,广州·黄埔·鱼珠,广州,本科,1-3年,7月7日,zhilian,岗位职责 1. 根据产品需求完成海外社交平台自动化群控脚本工具的独立开发、迭代与维护； 2. 基于需求完成爬虫、批量运营、消息推送、账号管理、数据采集类自动化脚本编写； 3. 对接海外社媒运营业务，梳理业务流程，输出可落地自动化工具，替代重复人工操作； 4. 持续跟进海外平台规则更新，及时调整脚本逻辑，规避封号、限流风险； 5. 深入研究海外平台防关联、防封号等机制，持续优化脚本的存活率和稳定度； 6. 编写工具使用文档、部署手册，配合运营完成工具落地调试与问题排查。 任职要求 1. 1 年及以上自动化脚本开发实战经验，有 Facebook/TikTok/IG 脚本工具开发案例优先； 2. 至少精通 Python、Go、Node.js 或 C++ 中的一种，具备扎实的数据结构与算法功底； 3. 熟悉 HTTP/HTTPS 协议、代理 IP、Cookie、请求指纹、UA 伪装、多环境隔离等反风控基础方案； 4. 具备独立排错能力，能自主解决脚本卡顿、平台拦截、验证码、账号异常等问题； 5. 逻辑清晰，具备业务理解能力，可根据运营需求快速产出定制化自动化工具； 6. 良好的表达能力和团队沟通协作能力； 7. 加分项：懂 JS、简单前端界面开发、多线程 / 异步优化、数据库存储、海外云服务器部署经验。 我们提供： 1. 明确业务场景，需求稳定，海量海外社媒运营落地场景，可充分发挥自动化技术价值； 2. 完善服务器、代理 IP、测试账号资源配套，无需个人自备测试环境； 3. 薪资根据项目经验、过往成型工具案例面议，绩效奖金 + 项目提成； 4. 鼓励自主优化工具架构，无重复无意义杂活； 5. 团队深耕海外社媒多年，业务成熟，无频繁需求变动。 工作地点 广州黄埔区鱼珠AI智慧港西塔B303 以担保或任何理由索要财物，扣押证照，均涉嫌违法。一经发现， 立即举报,"Python,C++,C语言,Java,多线程",http://www.zhaopin.com/jobdetail/CCL1504529920J40861278601.htm?refcode=4019&srccode=401901&preactionid=f7b4b78d-75bb-4d29-bde2-f5f531c474fd
Go开发工程师,成都锦属狗科技有限公司,1.1-2.2万·13薪,成都·温江·柳城,广州,学历不限,经验不限,7月16日,zhilian,岗位职责： 1. 使用 Gin 框架设计与开发后端服务与API，编写高质量、可维护的 Go 代码。 2. 基于 GORM 进行数据建模与访问；合理设计并优化 MySQL 表结构与索引。 3. 使用 Redis 实现缓存、会话、队列与限流，提升系统性能与稳定性。 4. 参与需求分析与技术方案设计，持续迭代功能模块，保障系统的稳定性、扩展性与可靠性。 5. 进行单元/集成测试与接口文档维护，参与代码评审与持续集成，定位并解决线上问题。 任职要求： 1. 熟悉 goroutine、channel、context 等并发编程。 2. 熟练使用 Gin：路由与中间件、参数校验、鉴权与性能优化；熟练使用 GORM：模型定义、事务处理、关联/预加载、迁移。 3. 扎实的 MySQL 能力：表设计、索引与查询优化、事务与隔离级别，能使用 EXPLAIN/慢查询进行分析。 4. 熟悉 MongoDB：文档/集合建模、索引与聚合管道，具备基础性能调优能力。 5. 熟练使用 Redis：常用数据结构与缓存策略、过期/淘汰机制，了解队列与分布式锁。 6. 理解 HTTP/REST 与常见 Web 安全（防注入、XSS、CSRF），能编写清晰的接口文档。 7. 熟悉 Linux 环境与 Git，具备良好的编码规范、沟通协作与问题解决能力； 8.在校 / 在职期间获得荣誉奖项、评优评先者优先考虑。 福利：六险一金，十三薪，周末双休，零食饮料免费畅享。 工作地点 成都温江区新光天地写字楼1013室 以担保或任何理由索要财物，扣押证照，均涉嫌违法。一经发现， 立即举报,"GO开发,Golang",http://www.zhaopin.com/jobdetail/CCL1516109160J40869797613.htm?refcode=4019&srccode=401901&preactionid=f7b4b78d-75bb-4d29-bde2-f5f531c474fd
Python开发工程师,曼迪匹艾(大连)科技服务有限公司,1.1-2.2万,大连·甘井子·凌水,广州,本科,3-5年,8月20日,zhilian,职位描述 计算机科学 WEB开发 数据处理ETL 计算机软件 一、工作职责 1. 设计、开发和维护Python应用程序，包括但不限于Web应用，数据处理ETL，网络爬虫等多种业务需求； 2. 编写高质量、可维护的代码，并进行代码评审； 3. 与团队成员协作，制定技术解决方案，解决问题和优化性能； 4. 参与产品开发周期的各个阶段，包括需求分析、设计和测试； 5. 负责确保代码的安全性、可扩展性和可维护性； 6. 解决技术问题，提供技术支持，并与团队合作，确保项目按计划完成。 二、职位要求 1. 本科或以上学历，计算机科学或相关领域； 2. 至少3年的Python开发经验，熟悉Python语言和相关的库和框架； 3. 熟悉Web开发、数据处理ETL、网络爬虫中至少一种方向，并有相应的开发经验； 4. 熟悉版本控制工具（如Git）和协同开发工作流程； 5. 具备良好的问题解决能力和自主学习能力； 6. 逻辑清晰严谨，对数据敏感，跨团队协作能力、沟通能力强。 加分项： *有良好的英语口语和书面沟通能力； *具备odoo开发经验。 三、工资待遇 1. 薪资待遇：11000-22000； 2. 基础福利：六险一金，带薪年假，年度体检，节日福利，活动经费，丰富茶歇，营养晚餐等； 3. 进阶福利：子女福利，父母福利，团队奖励，培训津贴，岗位津贴； 4. 职业发展：导师培养，技能培训，管理培训。 四、办公地点 辽宁省大连高新技术产业园区黄浦路浦项IT中心A塔13层 工作地点 辽宁省大连市甘井子区黄浦路555号A塔13层 以担保或任何理由索要财物，扣押证照，均涉嫌违法。一经发现， 立即举报,计算机科学,http://www.zhaopin.com/jobdetail/CCL1360068390J40943598104.htm?refcode=4019&srccode=401901&preactionid=f7b4b78d-75bb-4d29-bde2-f5f531c474fd
全栈研发工程师（双休六险一金）,长沙米恩源数字科技有限公司,1-1.2万,长沙·岳麓·麓谷,广州,本科,3-5年,7月25日,zhilian,"岗位职责】 1.负责项目的需求分析、系统设计、编码和测试等工作； 2.与团队成员进行有效的沟通和协作，保证项目的进度和质量； 3.根据项目需求，不断拓展自己的技能边界，为团队提供更加全面的技术支持； 4.对项目进行持续优化和改进，提高系统的性能和稳定性。 【岗位要求】 1.计算机相关专业本科毕业（必要条件，不是学信网全-曰制请勿投递谢谢），三--五年Java/C#项目开发经验（备注：简历合适可放宽年限要求）； 2.精通编程工具Eclipse或IDEA；熟悉HTML, CSS, JavaScript,Vue.js； 3.精通J2EE相关技术，精通SpringBoot、SpringCloud、Mybatis； 4.熟悉ORACLE、MYSQL、MSSQL等数据库开发技术； 5.熟悉工作流、自定义表单的开发经验优先； 6.熟悉系统软件、应用软件的安装配置及测试程序； 7.有企业信息化审批流或医院信息系统开发经验的优先。 【 福利待遇】 1、上班时间9:00-17:30； 2、按国家法定假日休息，周末双休； 3、购买六险一金（含商业险）； 4、表现优秀者享受额外绩效奖金。 工作地点 长沙岳麓区麓谷科技创新创业园-A1号楼2402 以担保或任何理由索要财物，扣押证照，均涉嫌违法。一经发现， 立即举报","前端开发,后端开发,全栈,JavaScript,Vue,JS,Java,Python,C#,医疗,研发,计算机",http://www.zhaopin.com/jobdetail/CCL1485887330J40912238215.htm?refcode=4019&srccode=401901&preactionid=f7b4b78d-75bb-4d29-bde2-f5f531c474fd
后端工程师,仁和药业,8000-10000元,上海·闵行·莘庄,广州,本科,3-5年,3月5日,zhilian,岗位职责： 1.负责公司后端服务的设计、开发、部署及优化工作，确保系统的高性能和高可用性； 2.使用 Python语言进行后端开发，设计并实现高质量的代码和服务； 3.负责数据采集任务的设计与开发，处理反爬虫机制，确保数据采集的稳定性和高效性； 4.负责数据库设计与管理，熟练操作MySQL，进行数据库优化与性能调优； 5.熟悉 Linux 操作系统，负责后端服务的部署、运维及管理； 6.参与需求分析，设计并开发高并发、高可用的分布式系统和接口服务； 7.与前端工程师协作，定义并实现 API 接口规范，确保前后端协作顺畅； 8.负责后端服务的性能优化、日志监控及问题排查，保障系统稳定运行； 9.优先考虑具备以下经验的候选人： ①.有前端开发经验，能够协助前端工程师完成项目； ②.熟悉 阿里云 平台，熟练使用其服务（如 ECS、RDS、OSS 等）； ③.具备一定的运维经验，能够管理服务器、监控系统及处理突发问题； ④.有医疗行业相关项目经验，对医疗行业业务需求有一定理解； ⑤.有大规模数据采集项目经验，熟悉常见的反爬策略及应对方案 任职要求： 1.本科及以上学历，计算机科学、软件工程、信息技术相关专业优先； 2.3年及以上后端开发经验，具备扎实的编程基础和系统设计能力； 3.技术能力： ①.熟练掌握 Python，具备良好的代码规范和开发能力； ②.熟悉常见的 Python Web 框架，并能根据需求选择合适的框架； ③.熟悉 MySQL 数据库设计、优化及调优，掌握数据库索引优化、查询优化等技能； ④.熟悉 Linux 操作系统，具备基本的命令行操作能力，能够进行服务器环境的部署与管理； ⑤.熟悉常见的后端技术栈，如缓存、消息队列等； ⑥.熟悉 HTTP、RESTful API 的设计及开发，掌握常见的接口调试工具； ⑦.熟练掌握爬虫相关技术，包括但不限于 Requests/Scrapy 等框架，具备丰富的反爬虫应对经验； 4.软性技能： ①.优秀的逻辑思维能力和问题解决能力，能够快速定位并解决问题 ②.良好的沟通能力和团队协作能力，与产品、前端及测试团队保持高效协同； ③.强烈的责任心，能够独立完成任务并主动推动项目进展； ④.学习能力强，能够快速掌握新技术并应用到实际开发中。 工作地点 上海市-闵行区 以担保或任何理由索要财物，扣押证照，均涉嫌违法。一经发现， 立即举报,"MySQL,Linux,消息队列,Scrapy",http://www.zhaopin.com/jobdetail/CC188537410J40836836009.htm?refcode=4019&srccode=401901&preactionid=f7b4b78d-75bb-4d29-bde2-f5f531c474fd
全栈工程师,麦乐峰(厦门)智能科技有限公司,1.2-1.8万,厦门·思明·莲前,广州,本科,5-10年,7月3日,zhilian,岗位职责】： 1. 负责全栈开发项目，包括但不限于Java、前端框架等技术的结合使用，并保证产品开发质量； 2. 参与需求分析、系统设计、开发与部署的全过程，确保技术解决方案与业务需求的高度一致性； 3. 进行系统性能优化，确保应用的稳定运行； 4. 与产品和业务团队紧密合作，确保项目的高效推进和高质量完成； 5. 编写技术文档，分享开发经验与技术规范； 6. 对开发过程出现的技术难点进行攻关及非产品核心技术的难点的预研。 【岗位要求】： 1. 本科及以上学历，计算机类相关专业，5年以上全栈项目设计与开发经验； 2. 熟悉Java语言，具有扎实的编程基础和良好的编程习惯以及代码规范，精通数据结构及相关算法； 3. 熟练掌握前端开发技术HTML、CSS、JS、Ajax、JSON 等，熟悉各项技术的相关标准； 4. 熟练掌握开源框架技术，并能够用各大框架进行大型项目的开发； 5. 熟悉 jQuery、Node.js、Bootstrap、react、vue.js 等JavaScript 开发框架，并有过任意一种框架相关的项目经验； 6. 能够理解和实现复杂业务场景的技术需求； 7. 具备良好的系统设计和问题解决能力，能够独立完成项目开发； 8. 拥有优秀的团队协作能力和跨部门沟通能力； 9. 对新技术有持续学习的意愿和能力，能够快速掌握并应用于项目开发中； 10. 能接受公司出差制度； 11. 有相关软考证书者优先。 工作地点 厦门思明区塔埔东路171号观音山营运中心5号楼1401 以担保或任何理由索要财物，扣押证照，均涉嫌违法。一经发现， 立即举报,"后端开发,前端开发,JavaScript,Vue",http://www.zhaopin.com/jobdetail/CC847198900J40810252914.htm?refcode=4019&srccode=401901&preactionid=f7b4b78d-75bb-4d29-bde2-f5f531c474fd
Python开发工程师（年底双薪/培养）,科锐尔人力资源服务(苏州)有限公司,1.5-3万·14薪,深圳·龙岗·坂田,广州,本科,经验不限,12月2日,zhilian,职位描述 Java Django Flask MySQL Oracle Redis 产业互联网平台 计算机软件 互联网电商 职位描述 1、负责后端服务的设计、开发与维护，支撑业务系统高效稳定运行； 2、参与需求分析、技术方案设计，并完成代码实现与单元测试； 3、优化系统性能，保障服务高可用、可扩展性； 4、协助团队攻克技术难题，推动代码规范与质量提升； 5、配合跨部门协作，完成系统集成与模块交付。 职位要求 1、本科及以上学历，计算机相关专业 2、精通Python，熟悉常用框架（如Django/Flask/FastAPI等）； 3、熟悉MySQL/Redis等数据库，具备SQL优化经验； 4、了解Linux环境、Docker容器化及常用中间件； 工作地点 深圳龙岗区坂田1 以担保或任何理由索要财物，扣押证照，均涉嫌违法。一经发现， 立即举报 客户,"Java,Django,Flask,MySQL,Oracle,Redis",http://www.zhaopin.com/jobdetail/CC453635220J40860547603.htm?refcode=4019&srccode=401901&preactionid=f7b4b78d-75bb-4d29-bde2-f5f531c474fd
全栈工程师,内蒙古一米科技发展有限公司,5000-7000元,赤峰·红山区·西城街道,广州,大专,3-5年,7月9日,zhilian,岗位职责: 1、负责公司核心产品的全栈架构设计与开发，独立完成系统搭建与迭代; 2、参与产品需求分析与技术方案制定，推动前后端协同高效落地; 3、持续优化系统性能与用户体验，保障系统的稳定性与可扩展性; 4、参与新技术探索与落地，提升团队整体研发效率与技术水平;任职要求: 1、具备扎实的编程基础，熟练掌握主流前后端开发技术及框架;熟悉JAVA，有JAVAScript使用基础。 2、会使用原型软件，AxureRP、墨刀等。 3、熟悉数据库(MSSQL、MYSQL)设计与优化，具备良好的系统架构思维; 4、具备较强的业务理解能力，能快速响应复杂需求并提出合理技术方案; 5、具备良好的沟通协作能力，有较强的责任心和自我驱动力; 工作地点 赤峰红山区恒信财富大厦 以担保或任何理由索要财物，扣押证照，均涉嫌违法。一经发现， 立即举报,"JavaScript,Python,MySQL,Oracle,SQLServer",http://www.zhaopin.com/jobdetail/CCL1526176000J40829527416.htm?refcode=4019&srccode=401901&preactionid=f7b4b78d-75bb-4d29-bde2-f5f531c474fd
数据采集工程师,阳风新能(江苏)电力科技有限公司,2-4万,苏州·工业园区,广州,硕士,1-3年,7月22日,zhilian,职位描述 Python SQL JavaScript 数据爬虫 反爬虫 数据抽取 PySpider requests Scrapy 云计算 电力/水利/热力/燃气 工作内容 1. 开发各省电力交易平台爬虫，实现千万级行情、交易数据每日自动抓取；同时采集抖音、小红书等新媒体行业公开信息。 ​ 2. 搭建分布式爬虫集群，做多代理、多账号、并发任务调度，对抗JS加密、指纹风控、APP签名等反爬限制。 ​ 3. 做APP接口逆向抓包，使用Frida、mitmproxy破解加密参数，稳定抓取移动端电力数据。 ​ 4. 开发API对接程序，同步第三方平台接口数据；对原始数据清洗去重，保证交付算法团队的数据质量。 ​ 5. 搭建监控告警，保障采集链路稳定；严格遵守数据法律法规，做到合规抓取。 岗位要求 1.985/211 硕士研究生学历（985本），计算机、数学、统计学、电气相关专业，1-3年分布式爬虫全职开发经验。 ​ 2. Python主力开发，会Scrapy-Redis、Playwright，精通JS逆向、浏览器指纹对抗、代理池建设。 ​ 3. 会APP抓包+Frida逆向，能独立破解接口签名加密。 ​ 4. 熟悉Redis、MongoDB、消息队列与任务调度，能设计海量数据存储方案。 优先录用 - 做过社交平台舆情爬虫、电力/大宗商品数据采集项目； ​ - 有验证码绕过、浏览器指纹对抗、容器化部署经验； ​ - 熟悉网络安全与数据采集合规条款。 福利待遇 五险一金+年终奖+项目奖金，业务长期稳定，电力能源赛道，技术团队氛围单纯，支持技术沉淀与长期成长。 工作地点 江苏省苏州市苏州工业园区展业路10号 以担保或任何理由索要财物，扣押证照，均涉嫌违法。一经发现， 立即举报,"Python,SQL,JavaScript,数据爬虫,反爬虫,数据抽取,PySpider,requests,Scrapy",http://www.zhaopin.com/jobdetail/CCL1524166480J40785561006.htm?refcode=4019&srccode=401901&preactionid=f7b4b78d-75bb-4d29-bde2-f5f531c474fd
Python开发工程师,软通动力信息技术(集团)股份有限公司,8000-16000元,深圳·龙岗·坂田,广州,本科,1-3年,3月24日,zhilian,岗位职责: 1. 负责系统功能模块的设计、开发与优化 2. 编写高质量、可维护的 Python 代码 3. 参与技术方案讨论与代码评审 4. 配合团队完成项目迭代与交付 5. 持续改进系统性能与稳定性 任职要求： 1. 善于沟通、按时完成上级交给的工作； 2. 拥有良好的团队合作精神，能迅速融入团队； 3. 具备良好的学习能力，能够不断改进工作方法； 4. 统招本科及以上学历，2年经验起； 工作地点 深圳龙岗区金荣达产业园 以担保或任何理由索要财物，扣押证照，均涉嫌违法。一经发现， 立即举报,Python,http://www.zhaopin.com/jobdetail/CC000544460J40802127116.htm?refcode=4019&srccode=401901&preactionid=f7b4b78d-75bb-4d29-bde2-f5f531c474fd
后端Python工程师（河南）(J11586),立信会计师事务所（特殊普通合伙）,6000-8000元,郑州·金水·龙子湖,广州,本科,1-3年,6月18日,zhilian,岗位职责: 立信会计师事务所(特殊普通合伙)数据管理中心成立于2025年11月，是立信会计师事务所审计数字化转型的核心基础设施，承担着全所审计业务数据的统一归集、治理与赋能职责。该中心立足于提升审计质量与效率，通过构建标准化、可分析、可追溯的数据资产体系，为各类审计场景提供坚实的数据支撑。 1、协助审计数据清洗、转换、整合及质量校验，使用Python编写数据处理脚本； 2、根据业务需求，从数据库提取数据，完成预处理、缺失值处理、异常值识别等基础任务； 3、参与数据ETL流程的开发与维护，编写可复用的数据处理模块； 4、配合审计项目组完成数据验证、数据比对、抽样分析等支撑工作； 5、编写数据处理相关技术文档（数据字典、处理逻辑说明、操作手册等）。 任职要求: 1、本科及以上学历，计算机相关专业，1年以上Python开发经验，有软考证书的优先； 2、熟练使用常用web服务框架，如flask、fastapi等； 3、熟练使用数据处理类，如pandas、openpyxl等； 4、熟练使用网络爬虫技术，如Scrapy、BeautifulSoup等； 5、熟练使用基础SQL，能编写简单查询语句，了解MySQL等数据库； 6、了解数据清洗、数据转换的基本流程，对数据质量有意识； 7、工作细致、责任心强，具备良好的沟通能力和团队协作精神； 8、可接受每年1-4月份忙季的轮岗值班。 工作地点 河南省郑州市金水区善知里14楼1401 以担保或任何理由索要财物，扣押证照，均涉嫌违法。一经发现， 立即举报,"Scrapy,SQLServer",http://www.zhaopin.com/jobdetail/CC277459310J40903893803.htm?refcode=4019&srccode=401901&preactionid=f7b4b78d-75bb-4d29-bde2-f5f531c474fd
软件开发工程师,上海宝源胜知投资管理有限公司,2-3万,上海·静安·南京西路,广州,本科,经验不限,4月14日,zhilian,职位描述 人工智能 云计算 计算机软件 任职要求 具备LLM API（如GPT、Claude等）调用经验，能独立完成prompt工程的场景化落地。 熟练掌握爬虫技术与数据清洗流程，具备API对接与数据管道搭建能力。 熟悉Web应用开发（如Flask/Django或前端框架），能独立完成功能模块的端到端实现。 了解agent架构原理，有复杂系统集成或多智能体协作项目经验者优先。 具备快速学习能力，能紧跟AI技术迭代并应用于实际业务场景。 补充说明 工作地点：灵活 工作地点 静安区上海招商局广场北楼1505室 以担保或任何理由索要财物，扣押证照，均涉嫌违法。一经发现， 立即举报,"人工智能,云计算",http://www.zhaopin.com/jobdetail/CC134554640J40852694810.htm?refcode=4019&srccode=401901&preactionid=f7b4b78d-75bb-4d29-bde2-f5f531c474fd
Python开发工程师,深圳市南电云商有限公司,1.3-2万,广州·黄埔·联和,广州,大专,3-5年,5月9日,zhilian,职位描述 计算机软件 人工智能 python开发工程师 一、工作职责 1、基于Python框架，开发高可用的后端服务与API接口； 2、结合大模型（如GPT、Llama等）、RAG技术，优化信息检索与生成任务（如智能问答、知识库构建）； 3、探索Agent技术在实际业务中的落地场景（如自动化流程、决策支持）； 4、协助算法团队实现模型服务化，完成API封装与性能调优。 二、任职要求 1、大专及以上学历，计算机/软件工程相关专业，3年以上Python开发经验。 2、熟悉大模型应用开发框架如 langchain ，dify 等 3、熟悉大模型原理，有Pytorch 和模型部署、模型微调等相关经验优先 4、良好的沟通和团队协作能力，突出的学习能力和解决问题的能力 工作地点 广州黄埔区云升科学园-B2栋 以担保或任何理由索要财物，扣押证照，均涉嫌违法。一经发现， 立即举报,人工智能,http://www.zhaopin.com/jobdetail/CC255244630J40887850512.htm?refcode=4019&srccode=401901&preactionid=f7b4b78d-75bb-4d29-bde2-f5f531c474fd
python开发工程师,广州西麦科技股份有限公司,6000-8000元,河源·源城区·源西街道,广州,本科,经验不限,7月25日,zhilian,岗位职责： 1. RPA流程开发：负责企业业务流程的梳理与自动化改造，使用 Python 及相关 RPA 工具完成 器人流程的设计、开发、部署与运维。 2. 智能体开发：基于大模型 API 及 Agent 框架，设计并开发面向业务场景的智能体应 实现任务规划、工具调用、多轮对话及自主决策能力。 3. 智能分析与数据挖掘：利用 Python 数据分析生态对业务数据进行清洗、建模与分析，输出 化报表及决策建议；参与机器学习模型的训练、调优与工程化落地。 4. 系统集成与接口开发：负责与甲方现有业务系统进行接口对接，完成数据采集、流转及自动化触发。 5. 驻场技术支持：驻点河源客户现场，响应业务需求变更，完成机器人及智能应用的日常监控、异常处理与迭代优化。 6. 技术文档编写：撰写需求文档、技术方案、操作手册及培训材料，协助业务人员完成 RPA 及智能工具的推广使用。 任职资格： 1. Python 基础扎实：精通 Python 编程，熟悉常用标准库及第三方库，代码规范性强，具备独立完成中大型模块的能力。 2. RPA 技能：熟悉至少一种主流 RPA 平台（UiPath、Blue Prism、影刀、来也、达观等），或有基于 Python（PyAutoGUI、Selenium laywright、Requests 等）的自动化脚本开发经验。 3. AI 与智能体：了解 LLM 基本原理，有使用 OpenAI、Claude、文心一言、通义千问等模型 API 的经验；熟悉 Agent 开发框架及 P pt Engineering，具备将大模型能力集成到业务系统的实践经验。 4. 数据分析能力：熟悉 SQL，能够使用 Pandas、NumPy 进行数据处理；了解常用机器学习算法具备 BI 报表（FineBI、Tableau、Power BI 或 Pyecharts/Plotly）开发能力者优先。 5.学历要求：本科及以上学历，计算机、软件工程、人工智能、数据科学等相关专业优先。 工作地点 河源源城区中国南方电网 以担保或任何理由索要财物，扣押证照，均涉嫌违法。一经发现， 立即举报,Sql,http://www.zhaopin.com/jobdetail/CC199540820J41021410704.htm?refcode=4019&srccode=401901&preactionid=f7b4b78d-75bb-4d29-bde2-f5f531c474fd
采集工程师（外包）,南京莱斯网信技术研究院有限公司,7000-12000元·13薪,南京·秦淮·月牙湖,广州,本科,1-3年,7月17日,zhilian,职位描述 JavaScript Python 数据采集 1、Python或Java开发经验，熟悉爬虫相关解析库，编码风格优雅、整洁，遵守规范； 2、具有扎实的编程基础，熟悉多线程、多协程、多进程等基础框架； 3、熟悉MySQL、Redis、Kafka、Node.js等开源组件，了解分布式、缓存、消息中间件等技术； 4、精通HTTP/HTTPS协议，了解中间人攻击原理，熟练使用Selenium、Appium等自动化测试工具； 5、熟悉JavaScript逆向与解密，掌握移动端（APP）程序及SO库的逆向分析流程，熟悉反调试、Hook技术、脱壳技术，有Android逆向经验者优先。 工作经验：2-3年 学历要求：本科及以上 工作地点 南京秦淮区中电莱斯信息系统有限公司901楼 以担保或任何理由索要财物，扣押证照，均涉嫌违法。一经发现， 立即举报,"JavaScript,Python,数据采集",http://www.zhaopin.com/jobdetail/CC860406460J40775492406.htm?refcode=4019&srccode=401901&preactionid=696d2033-35c0-4c83-b1bd-72592756affa
数据采集工程师,北京金蚁汇智能科技有限公司,7000-10000元,郑州·金水·祭城路,广州,本科,3-5年,7月14日,zhilian,职位描述 数据爬虫 数据抽取 反爬虫 分布式爬虫 Python 计算机软件 1、熟练运用 Python 爬虫相关技术，负责多源数据采集工作，独立构建稳定的爬虫采集链路，为数据分析提供高质量数据源； 2、主导数据分析，挖掘数据价值，为业务诉求、痛点及问题提供建议； 3、深入理解业务场景，进行数据分析开展策略研究，利用数据分析手段，及时发现业务流程中存在的问题，进行原因分析，提出解决方案，发现业务增长点，输出高质量的洞察和判断，为决策提供引导； 4、与项目及产品团队紧密合作，理解业务 / 产品背景与需求，挖掘算法应用需求，形成解决方案，并进行可行性评估； 5、分析并应对网站反爬机制（如 IP 封锁、验证码、User-Agent 验证、动态加载），具备代理池搭建、验证码识别、模拟浏览器行为等反爬应对能力，优化爬虫策略降低采集风险； 6、熟练掌握 XPath、CSS Selectors、正则表达式等数据提取技术，完成采集数据的结构化处理，保障数据分析数据源质量； 7、负责爬虫采集系统的日常维护、迭代优化，监控采集数据质量，及时处理采集异常，保障数据采集的稳定性和准确性； 8、配合业务需求，优化数据采集节奏、采集维度，结合数据分析结果提升采集效率和数据价值。 任职要求： 1、统招大学本科；统计学、应用数学、计算机等专业背景； 2、3年以上数据采集 / 数据分析相关工作经验，有大规模分布式爬虫系统设计和开发经验者优先。 3、能够独立熟练使用 Python、R、Matlab 等至少一种编程语言进行独立建模；熟练使用 Python 处理网络请求、解析 HTML/XML、异步编程、多线程 / 协程等爬虫核心技术； 4、熟练使用 HIVE、Oracle、MySQL 等数据库，有 TB 级数据处理经验优先；熟悉 MongoDB、Redis 等 NoSQL 存储，具备大规模爬虫数据的结构化存储与高效查询能力；了解分布式数据采集与数据流处理架构； 5、掌握常用的机器学习算法原理、框架和应用；熟悉数理统计、数据挖掘理论知识，可熟练运用数据挖掘、数据分析、数据可视化等技术进行海量数据分析和处理；熟悉 Python 爬虫开发体系（Requests、BeautifulSoup、Scrapy、Playwright、Pyppeteer 等），能独立构建稳定可靠的采集系统； 6、了解爬虫分布式架构、任务调度机制，熟悉 Kafka/RabbitMQ 等消息队列、Docker/Kubernetes 容器化技术者优先； 7、熟悉 1 个或以上行业知名的 BI 软件，并有用于数据分析项目中的经验者优先；具备前端动态页面分析能力，了解 JS 逆向工程、反爬分析技术者优先； 8、能够独立负责采集模块开发、维护与迭代，具备应对复杂反爬场景的能力； 9、对数据敏感，具备良好的问题分析解决能力、语言表达能力和文档写作能力；能快速分析采集链路瓶颈、数据异常、采集失败原因等问题，并提出有效优化方案； 10、优秀的理解沟通能力，能快速理解业务背景，并协调推进执行落地；能与业务、开发、算法团队高效协作，推动采集系统落地与迭代； 工作地点 郑州金水区德厚街与正光北街交叉口 以担保或任何理由索要财物，扣押证照，均涉嫌违法。一经发现， 立即举报,"数据爬虫,数据抽取,反爬虫,分布式爬虫,Python",http://www.zhaopin.com/jobdetail/CCL1389727860J40927251815.htm?refcode=4019&srccode=401901&preactionid=696d2033-35c0-4c83-b1bd-72592756affa
Java高级开发工程师,新乡市跃界科技有限公司,8000-13000元,新乡·卫辉市·柳庄乡,广州,大专,3-5年,7月8日,zhilian,"职位描述 Python JavaScript Spring MySQL 1. 计算机相关专业； 2. 有扎实的专业基础； 3. 有真实项目开发经验；（Java，vue, 可以使用爬虫） 4. 对自己做过的项目，用过的方案有深入思考； 5. 对技术充满热情，自驱力强，有高度责任心，有一定的抗压能力； 6. 具备良好的表达和沟通能力、团队合作精神、独立分析能力，并乐于分享。 工作地点 新乡卫辉市S101与比干大道南段交叉口 以担保或任何理由索要财物，扣押证照，均涉嫌违法。一经发现， 立即举报","Python,JavaScript,Spring,MySQL",http://www.zhaopin.com/jobdetail/CCL1521149490J40865074513.htm?refcode=4019&srccode=401901&preactionid=696d2033-35c0-4c83-b1bd-72592756affa
数据采集工程师,苏州人瑞普惠人力资源服务有限公司,1.8-2万,杭州·拱墅·东新,广州,本科,3-5年,7月24日,zhilian,"岗位职责: 1. 设计、开发与维护网页数据抓取系统,搭建高效稳定采集体系,实现多场景数据精准采集、解析与清洗。 2. 针对反爬机制制定应对策略,优化采集性能,保障数据抓取完整性与时效性。 3. 按需开发 Chrome 浏览器插件辅助抓取,提升效率与适配性。 4. 对接数据存储分析环节,完成结构化处理与交付,配合业务应用落地。 5. 关注采集技术趋势,迭代优化框架,沉淀开发方法论。 任职要求: (一)硬性条件 1. 本科及以上学历,计算机相关专业优先,英语四级及以上。 2. 有实际采集工具/系统开发经验,有可验证项目案例。 3. 熟练掌握 Python 或 Java,具备扎实后端开发能力。 4. 精通 JavaScript(ES6+),熟悉 HTML5/CSS3、DOM 操作。 (二)核心技术能力 1. 精通网页数据抓取核心技术,掌握动态页面抓取方案。 2. 熟悉采集场景,有验证码、IP 代理池搭建等实操经验。 3. 了解浏览器扩展开发,有 Chrome 插件开发经验者优先。 4. 熟悉 HTTP/HTTPS 协议,熟练使用相关工具及 Git。 (三)综合素质 1. 具备独立分析解决问题能力,能快速定位采集异常。 2. 良好沟通协作能力,能将业务需求转化为技术方案。 3. 对数据抓取技术有持续学习热情,适应技术迭代。 工作地点 杭州拱墅区创新中国产业园 以担保或任何理由索要财物，扣押证照，均涉嫌违法。一经发现， 立即举报 客户","CHROME 浏览器插件辅助抓取,Python,Java,JavaScript,HTML,CSS",http://www.zhaopin.com/jobdetail/CC427775130J40911309515.htm?refcode=4019&srccode=401901&preactionid=696d2033-35c0-4c83-b1bd-72592756affa
国际GEO技术架构工程师,常州数智来客网络科技有限公司,1.2-2.4万,常州·天宁·雕庄,广州,本科,5-10年,7月26日,zhilian,岗位职责 • 负责外贸企业独立站GEO（生成式引擎优化）底层技术搭建，打通ChatGPT、Gemini、Claude、Google AI、Bing AI全平台爬虫收录通道 • 独立部署 llms.txt、llms-full.txt 大模型专属索引文件，配置AI标准化阅读规则 • 调试robots.txt、Sitemap、抓取优先级，解决网站收录失败、抓取异常、收录延迟等问题 • 全站Schema结构化数据部署与优化（LocalBusiness/Product/FAQ等），提升AI采信、品牌背书准确率 • 负责多国家、多语种网站架构优化，配置hreflang标签，解决地域权重分散、内容冲突问题 • 负责网站性能优化、移动端适配、服务器调试，保障AI稳定抓取，规避降权风险 • 跟进各大AI大模型、搜索引擎算法更新，迭代优化技术方案，保障项目长期稳定出效果 任职要求（硬性技术标准） • 熟悉Google、Bing搜索引擎爬虫规则，了解GPTBot、Google AI、Claude等AI爬虫机制 • 具备独立操作网站后台、服务器配置、代码微调能力 • 熟练掌握Schema结构化数据、Sitemap、robots调试优化 • 有外贸独立站SEO、GEO优化、海外站点优化经验者优先 • 懂多语种站点优化、海外本地搜索优化者优先 • 逻辑清晰，具备问题排查、故障复盘、技术迭代能力 工作地点 常州天宁区雕庄街道凤凰岛北路528号数智来客 以担保或任何理由索要财物，扣押证照，均涉嫌违法。一经发现， 立即举报,"网络爬虫技术,搜索引擎技术",http://www.zhaopin.com/jobdetail/CCL1514611370J40905556903.htm?refcode=4019&srccode=401901&preactionid=696d2033-35c0-4c83-b1bd-72592756affa
Python自动化开发工程师,吉林省智广恒胜科技有限公司,4000-8000元,长春·南关·鸿城,广州,大专,经验不限,7月25日,zhilian,岗位职责 1、使用Python结合Selenium完成网页自动化操作、业务流程自动执行、模拟人工浏览器操作。 2、编写自动化脚本，实现网页登录、表单填写、页面点击跳转、数据采集、信息录入等工作。 3、定位网页元素，处理普通网页、动态加载页面，解决页面等待、弹窗、iframe等常见问题。 4、维护现有自动化脚本，排查运行报错、页面改版导致的定位失效等问题，持续优化稳定性。 5、完成简单数据清洗、文件读写、采集数据入库等配套工作，可在Windows、Linux环境部署运行脚本。 6、按照业务需求新增自动化任务，做好简单使用说明与运行日志维护。 任职要求 1、熟练使用Python基础语法，能够独立编写完整运行脚本。 2、熟练掌握Selenium工具使用，熟悉元素八大定位方式、浏览器驱动配置、等待策略设置。 3、能够处理弹窗、iframe嵌套、页面异步加载等常见网页自动化场景。 4、了解基础HTML、DOM结构，能看懂页面源码快速定位元素。 5、具备基础MySQL或文件存储能力，可把抓取数据进行保存整理。 6、了解Windows、Linux基础操作，能在对应环境部署运行自动化脚本。 7、工作细心，能够耐心调试脚本，主动排查程序运行异常。 加分项 1、掌握Playwright、PyAutoGUI等其他自动化工具； 2、有简单反爬应对、验证码简单处理经验； 3、具备基础爬虫、RPA流程开发经验； 4、会使用定时任务实现脚本自动运行。 工作地点 长春市公安局交通警察支队南关区大队 以担保或任何理由索要财物，扣押证照，均涉嫌违法。一经发现， 立即举报,Python,http://www.zhaopin.com/jobdetail/CCL1283587270J40911234703.htm?refcode=4019&srccode=401901&preactionid=696d2033-35c0-4c83-b1bd-72592756affa
数据分析与挖掘工程师1（苏州）,鹏劳人力,1.2-1.6万,苏州·虎丘·枫桥,广州,本科,1-3年,6月2日,zhilian,职位描述 模型部署 数据分析算法 Python 中广核智造科技（苏州）有限公司 招聘：数据分析与挖掘工程师 一、任职要求： 1. 扎实的机器学习基础，熟悉常见的深度学习模型。 2.熟练使用Python，并至少掌握一种深度学习框架（如PyTorch或TensorFlow），具有其他语言开发经验，如JAVA/C++/C#开发部署者优先。 3.具备数据分析与挖掘方向的实际项目经验，能够使用Spark、Pandas等进行数据挖掘和分析。 4.（优先）有模型部署到实际环境或参加相关算法竞赛的经验。 二、工作范围： 1. 负责数据分析算法的开发、训练、调优和评估。 2.针对具体业务场景，设计和实现复杂的算法和数据结构。 3.追踪前沿的技术趋势和研究成果，持续推动算法创新和优化。 三、薪酬待遇：12000-16000元/月（条件优秀者具体谈工资），有年终奖、五险一金； 工作地点：苏州高新区泰山路2号39幢东 工作地点 虎丘区泰山路苏州高新区泰山路2号39幢东 以担保或任何理由索要财物，扣押证照，均涉嫌违法。一经发现， 立即举报 客户,"模型部署,数据分析算法,Python",http://www.zhaopin.com/jobdetail/CC138924830J40883751312.htm?refcode=4019&srccode=401901&preactionid=696d2033-35c0-4c83-b1bd-72592756affa
全栈工程师,浙江亚棕科技有限公司,1.2-1.8万,杭州·西湖·西溪,广州,本科,3-5年,7月25日,zhilian,职位描述 前端开发 后端开发 Java GoLang Python 全栈开发 工作职责 1. 负责公司内部生产管理平台及AI拓客系统的全栈开发，涵盖需求调研、技术方案设计、代码实现与上线交付全流程。 2. 主导AI智能体与现有业务系统的融合开发，重点支撑AI拓客场景的功能落地，提升客户获取效率与精准度。 3. 参与AI业务开拓工作，结合化学制品行业特性，探索AI技术在客户画像分析、智能营销等场景的创新应用。 4. 优化前端交互逻辑与数据可视化呈现，保障后端服务的高可用性与数据安全性，支撑业务系统的稳定运行。 任职要求 1. 本科及以上学历，计算机相关专业，3年以上全栈开发经验。 2. 精通React/Vue等前端框架，熟悉HTML5/CSS3/JavaScript及数据可视化工具，能独立完成复杂界面开发。 3. 熟练掌握至少一种后端语言（Java/Go/Python）及主流框架，具备生产级数据库设计与优化能力。 4. 具备AI智能体开发或业务系统集成经验，能独立完成AI拓客模块的技术方案设计与落地。 5. 具备业务开拓意识，能结合行业特性提出AI拓客场景的创新思路，具备跨部门协作与需求转化能力。 6. 了解化学制品行业生产流程或客户开发流程优先，有工业互联网或AI营销领域经验者优先。 工作地点 杭州西湖区耀江文欣大厦 以担保或任何理由索要财物，扣押证照，均涉嫌违法。一经发现， 立即举报,"前端开发,后端开发,Java,GoLang,Python,全栈开发",http://www.zhaopin.com/jobdetail/CCL1214687600J40952272215.htm?refcode=4019&srccode=401901&preactionid=696d2033-35c0-4c83-b1bd-72592756affa
数据采集工程师（爬虫方向）,中资检验认证有限公司,1.3-1.8万,北京·丰台·看丹,广州,本科,1-3年,7月25日,zhilian,岗位职责 1. 深入了解各部门业务，为业务部门提供数据支持。 2. 负责分布式爬虫系统的架构设计、开发与维护，完成多平台（Web/App）大规模数据的稳定采集。 2. 攻克各类反爬策略（如验证码、IP封禁、动态Token、设备指纹等），设计高可用绕过方案。 3. 实现数据清洗、结构化抽取、去重及增量更新，对接下游存储（MySQL/ES/Hive等）。 4. 监控爬虫任务运行状态，优化请求并发、解析效率及资源利用率。 5. 配合大数据团队完成数据质量校验与链路稳定性保障。 任职要求 硬性条件： 1. 精通Python，3年以上开发经验，2年以上爬虫专项经验。 2. 熟练使用Scrapy、PySpider、Selenium/Playwright等框架，能独立定制中间件及Pipeline。 3. 深度理解HTTP/HTTPS协议，掌握请求抓包分析、Cookie/Session管理、Ajax数据解析。 4. 熟悉异步编程（asyncio/aiohttp），能实现高并发采集（>1000 QPS/节点）。 5. 熟练应对常见的反爬手段：IP代理池（住宅代理/隧道代理）、验证码OCR/打码平台、浏览器指纹绕过（如Puppeteer Extra）。 6. 掌握正则、XPath、CSS选择器、JSONPath及BeautifulSoup/lxml解析库。 7. 熟悉至少一种消息队列（RabbitMQ/Kafka）和分布式存储（Redis/MongoDB）。 软性能力： 1. 具备逆向思维，能通过JS断点调试、代码混淆还原（AST）等手段逆向App或Web端加密参数。 2. 熟悉MySQL、PostgreSQL等关系型数据库。 3. 了解法律边界，具备合规意识，能设计robots.txt友好、数据脱敏的采集方案。 4. 熟练使用AI模型进行数据清洗、特征提取等。 5. 熟练使用AI编程工具。 工作地点 北京丰台区海鹰路六号院-12号楼中资检验认证 以担保或任何理由索要财物，扣押证照，均涉嫌违法。一经发现， 立即举报,"Python,数据采集,Scrapy,Django",http://www.zhaopin.com/jobdetail/CCL1337269640J40873577205.htm?refcode=4019&srccode=401901&preactionid=696d2033-35c0-4c83-b1bd-72592756affa
Python爬虫工程师（风电大厂，3年经验）,科锐尔人力资源服务(苏州)有限公司,1-1.5万,无锡·新吴·新安,广州,本科,3-5年,7月15日,zhilian,"职位描述 Python 反爬虫 分布式爬虫 爬虫开发 数据挖掘 数据采集 电力/水利/热力/燃气 1．根据产品需求,对电网各个省份的oms、双细则等网站进行数据抓取 2．开发并维护内网环境下的API服务、实现任务调度与远程设备协同及设备上相关爬虫； 3．根据实际情况,对中心端爬虫框架进行优化。 4．持续优化爬虫稳定性、性能及可扩展性，快速适配新市场接入需求 岗位基本要求: 1．精通python语言和常见开发框架, 熟悉Scrapy, selenium等主流爬虫相关框架, 熟悉代理技术及应用 2．熟练掌握常见的加密算法（如 AES、RSA、SM2 等）及其应用场景 3．具备逆向分析能力，能够处理 Webpack 加密、混淆、瑞数等常见防护手段 4．具备使用主流框架（如FastAPI、Flask、Django）构建高效、稳定的API服务的经验 5．熟悉Git版本控制，熟悉Docker容器技术 6．熟练使用mysql、redis数据库 通用要求: 1．具有良好的沟通能力和团队协作能力； 2．逻辑分析能力强； 3．工作积极，有高度的责任心； 4．具备良好的文档编写能力 工作地点 新吴区金风科技无锡研发中心123 以担保或任何理由索要财物，扣押证照，均涉嫌违法。一经发现， 立即举报 客户","Python,反爬虫,分布式爬虫,爬虫开发,数据挖掘,数据采集",http://www.zhaopin.com/jobdetail/CC453635220J40909387903.htm?refcode=4019&srccode=401901&preactionid=696d2033-35c0-4c83-b1bd-72592756affa
AI数据工程师（数据采集、清洗、分析等）,山东舜山投资有限公司,8000-16000元·13薪,济南·历城·港沟,广州,本科,1-3年,7月23日,zhilian,岗位职责 1. 会爬虫，具有熟练的网页数据采集能力，例如天眼查数据等。 2. 负责多模态、非结构化数据全链路数据清洗，包括文本、图像、音频等数据，完成图片识别解析、降噪清洗、格式归一、模态对齐、语义规整、结构化映射等 3. 负责数据ETL处理，完成数据去重、纠错、脱敏、跨模态对齐、样本筛选、分层归档与版本管理，产出高质量可复用AI训练数据集。 4. 搭建多模态数据质量校验体系，把控数据完整性、唯一性、一致性、纯净度，常态化巡检、坏例归因、偏差修复，实现数据质量闭环。 5. 优化数据清洗流水线，迭代并发、容错、断点续跑机制，提升数据处理效率与稳定性。 6. 沉淀标准化数据治理规范与工具链，形成可复用的skill，跟进多模态AI数据前沿技术，持续优化数据生产全链路效率。 7. 对接外包团队，对数据质量进行把控。 ------------------------------------------------------------------------------------------------------ 任职要求 1. 本科及以上学历，计算机、大数据、软件工程、人工智能、数据科学等相关专业。 2. 1-3年多模态数据治理、非结构化数据清洗经验，熟悉大模型SFT、Embedding数据集制作流程。 3. 熟练使用Python，掌握pandas、numpy、OpenCV等工具库。 4. 精通OCR图像识别解析、图像降噪、分辨率归一、掌握样本均衡、噪声过滤、异常样本剔除逻辑。 5. 熟练多模态数据标准化治理，具备数据精准去重、模态对齐、质量校验、偏差修正等落地能力。 6. 熟悉MySQL、Redis、MongoDB，掌握数据入库、索引优化、批量去重、版本快照与分层存储机制。 7. 熟练使用AI工具，适应AI协同工作模式，可依托大模型高效完成数据治理、规则迭代、问题排查与脚本优化。 8. 具备优秀数据敏感度、异常排查能力，有任务闭环意识，对AI技术有强烈探索欲。 工作地点 济南历城区山东铁投基金大厦26楼 以担保或任何理由索要财物，扣押证照，均涉嫌违法。一经发现， 立即举报,"数据爬虫,数据抽取,反爬虫,数据分析、数据清洗、,数据采集、AI数据处理",http://www.zhaopin.com/jobdetail/CCL1525087220J40955039615.htm?refcode=4019&srccode=401901&preactionid=696d2033-35c0-4c83-b1bd-72592756affa
后端开发工程师,河南晨帆智能科技有限公司,8000-15000元,郑州·中原·梧桐,广州,本科,3-5年,7月25日,zhilian,岗位职责： 1. 独立负责软件功能实现，具备一定软件功能分析、设计能力 2. 深刻理解业务需求，并能针对需求给出软件整体设计方案。 3. 负责应用需求开发和交付，包括制定概要设计和详细设计，方案评审、开发编码、代码检查、单元测试、联调测试、测试缺陷问题修复等，保障版本交付质量。 5. 负责软件产品相关功能迭代及相关文档的编写。 任职要求： 1. 本科以上学历，计算机相关专业，5 年以上软件开发或设计相关工作经验； 2. 专业知识扎实，熟悉软件工程规范、面向对象思想和设计模式，具有技术文档编写能力。 3. 熟练掌握JAVA语言和Spring全家桶，熟悉微服务技术架构，如Spring Cloud Alibaba，熟悉底层原理更佳 4. 具备关系型数据库分析设计能力，包含熟练使用sql语句以及性能优化，熟悉powerdesigner等设计工具更佳 5. 具备较好的沟通及表达能力，较好的文档编制能力，自主学习意识，良好的执行力，强烈的责任心； 6. 有矿智能矿山、智能工厂、装备制造、智慧港口等行业MES、数字孪生、MIS、GIS系统设计、开发、管理等工作经验者优先。 7、具有物联网或工业互联网平台相关开发经验优先，包含但不限于海量时序数据处理、空间数据处理、软硬件对接。 8、熟悉Linux，掌握Linux常用命令，熟悉常见的虚拟化技术，如docker，k8s 优先； 工作地点 郑州中原区国弘大厦B座17楼 以担保或任何理由索要财物，扣押证照，均涉嫌违法。一经发现， 立即举报,"JavaScript,Python,MySQL",http://www.zhaopin.com/jobdetail/CCL1485465150J40605591709.htm?refcode=4019&srccode=401901&preactionid=696d2033-35c0-4c83-b1bd-72592756affa
python开发工程师（双休）,软通动力信息技术(集团)股份有限公司,1.2-1.5万,东莞·大岭山镇,广州,本科,3-5年,1月5日,zhilian,岗位职责 自动化脚本和应用程序的开发 岗位要求 1、熟悉掌握python开发语言，有较强的编码能力与软件设计能力 2、熟悉pytest、unitest、appium等py语言测试框架 3、具备基础数据库知识，了解mysql/MariaDB/pgsql任意一个数据库 工作地点 东莞中京科技园 以担保或任何理由索要财物，扣押证照，均涉嫌违法。一经发现， 立即举报,Python,http://www.zhaopin.com/jobdetail/CC000544460J40785451116.htm?refcode=4019&srccode=401901&preactionid=696d2033-35c0-4c83-b1bd-72592756affa
Python开发工程师,曼迪匹艾(大连)科技服务有限公司,1.5-2.5万,深圳·福田·福保,广州,本科,3-5年,6月2日,zhilian,职位描述 Python 一、工作职责 1. 设计、开发和维护Python应用程序，包括但不限于Web应用，数据处理ETL，网络爬虫等多种业务需求； 2. 编写高质量、可维护的代码，并进行代码评审； 3. 与团队成员协作，制定技术解决方案，解决问题和优化性能； 4. 参与产品开发周期的各个阶段，包括需求分析、设计和测试； 5. 负责确保代码的安全性、可扩展性和可维护性； 6. 解决技术问题，提供技术支持，并与团队合作，确保项目按计划完成。 二、职位要求 1. 本科或以上学历，计算机科学或相关领域； 2. 至少3年的Python开发经验，熟悉Python语言和相关的库和框架； 3. 熟悉Web开发、数据处理ETL、网络爬虫中至少一种方向，并有相应的开发经验； 4. 熟悉版本控制工具（如Git）和协同开发工作流程； 5. 具备良好的问题解决能力和自主学习能力； 6. 逻辑清晰严谨，对数据敏感，跨团队协作能力、沟通能力强。 加分项： *有良好的英语口语和书面沟通能力； *具备odoo开发经验。 三、薪资福利 1. 薪酬待遇：15K-25K 2. 基础福利：六险一金，带薪年假，年度体检，节日福利，活动经费，丰富茶歇，营养晚餐等； 3. 进阶福利：子女福利，团队奖励，培训津贴，岗位津贴； 4. 职业发展：导师培养，技能培训，管理培训。 四、办公地点 广东省深圳市福田区福保街道福保社区市花路南侧长富金茂大厦1号楼4106 工作地点 深圳福田区长富金茂大厦-1号楼 以担保或任何理由索要财物，扣押证照，均涉嫌违法。一经发现， 立即举报,Python,http://www.zhaopin.com/jobdetail/CCL1360068390J40986650704.htm?refcode=4019&srccode=401901&preactionid=696d2033-35c0-4c83-b1bd-72592756affa
研发工程师（IDL代码移植方向）,武汉地大坤迪科技有限公司,1-1.5万,武汉·江夏·佛祖岭,广州,本科,1-3年,7月25日,zhilian,岗位职责：研发工程师负责研发IDL代码向其他编程语言（如C++/Python/Java等）的移植、重构与优化，确保原有算法逻辑的准确性与迁移后系统的稳定运行。 薪资：10-15k 薪资构成：基本工资+岗位工资+工作绩效+效益奖金 福利待遇：五险一金，带薪年假，调休政策 应聘方式：与劳务派遣公司签约，由劳务派遣公司委派到武汉地大坤迪科技有限公司工作，并由武汉地大坤迪科技有限公司进行管理与考核。 工作地点 武汉江夏区中国地质大学科技园二栋一单元3楼 以担保或任何理由索要财物，扣押证照，均涉嫌违法。一经发现， 立即举报,"IDL,功能移植,Java,C++,Python",http://www.zhaopin.com/jobdetail/CC240968910J40951461408.htm?refcode=4019&srccode=401901&preactionid=696d2033-35c0-4c83-b1bd-72592756affa
python开发工程师,广州图灵科技有限公司,1.2-1.6万,广州·天河·新塘,广州,本科,1-3年,7月4日,zhilian,岗位职责: 1.智能体系统代码开发，支持业务功能开，保障系统稳定性与可扩展性。 2. 参与技术方案评审与关键模块实现。 3. 持续优化系统性能，解决复杂技术问题，支持业务持续迭代与发展。 任职要求： 1. 精通Python语言，掌握主流框架并具备较大型项目开发经验， 2. 熟悉deerflow源码，有基于此代码实际开发的经验。 3. 具备扎实的编程基础和良好的代码规范，能独立完成模块设计与实现； 4. 具有较强的逻辑思维和问题解决能力，善于学习新技术； 5. 具备良好的沟通协作能力，工作积极主动，责任心强。 工作地点 天河区广州图灵科技有限公司1033 以担保或任何理由索要财物，扣押证照，均涉嫌违法。一经发现， 立即举报,人工智能,http://www.zhaopin.com/jobdetail/CC316996430J41018913004.htm?refcode=4019&srccode=401901&preactionid=696d2033-35c0-4c83-b1bd-72592756affa
Python后端开发工程师（爬虫维护&业务迭代）,好企融(郑州)企业服务有限公司,8000-12000元,郑州·中原·航海西路,广州,大专,5-10年,7月26日,zhilian,职位描述 Python 工作内容 负责现有自研Python爬虫程序日常维护，处理网站反爬机制、页面改版造成的抓取失效、程序异常报错，保证数据稳定采集； 完成爬虫原始数据清洗、脏数据剔除、去重纠错、字段补齐、多源数据格式标准化转换，使用Python工具规整数据，保障入库数据整洁统一、可直接用于业务使用； 使用FastAPI或Django进行后端接口开发，完成薪税服务后台新功能迭代、逻辑开发； 负责MySQL数据库设计、数据入库管理，配合清洗后的数据做索引优化、数据查询优化； 配合前端工程师进行接口联调，对接小程序、网页端后台数据交互； 服务器基础运维：Linux环境部署项目、配置定时爬取任务、查看程序日志、线上问题排查； 优化爬虫运行效率，优化代理访问策略，减少账号、IP被封禁问题。 任职要求 熟练掌握Python编程语言，熟练运用requests、BeautifulSoup、Playwright/Selenium爬虫常用库，具备真实爬虫维护排错经验； 熟练使用Pandas、Numpy完成大批量数据清洗、字段处理、格式转换、数据合并拆分，能够自主处理杂乱爬虫原始数据； 熟练掌握FastAPI / Django任意一款主流Python后端框架，能够独立开发前后端交互接口； 熟悉MySQL数据库，懂基础建表、索引优化、复杂查询、数据整理； 了解Linux基础操作命令，会部署Python项目、配置定时任务； 看得懂接口文档，能够和前端高效配合对接调试； 有财税、个税相关系统开发经验优先，会Docker简单部署优先。 福利待遇 薪资面议，根据个人技术能力定级； 工作时间弹性，日常以程序维护、功能迭代为主； 项目长期稳定，不用频繁更换项目，长期负责整套系统升级维护； 节日福利、转正缴纳社保，稳定发展空间大。 工作地点 郑州中原区升龙金中环财富中心-B座 以担保或任何理由索要财物，扣押证照，均涉嫌违法。一经发现， 立即举报,Python,http://www.zhaopin.com/jobdetail/CCL1464520380J40950567508.htm?refcode=4019&srccode=401901&preactionid=6d7e3bf4-b881-47f3-ba31-5e578e18bc8b
Python工程师（智能体方向）,广东旭普空间信息技术产业发展有限公司,1-1.5万,广州·天河·凤凰,广州,本科,1-3年,5月15日,zhilian,岗位职责： 1、架构设计：负责搭建Python技术架构，基于Python技术栈设计和实现高可用、高性能的服务； 2、后端开发：负责公司核心业务系统的后端模块开发与维护； 3、前沿技术探索与应用：负责研究新兴技术（如：Dify智能体的构建、大数据分析等技术），在业务场景中的创新应用。 任职要求： 1、本科及以上学历，计算机相关专业，3年以上Python开发经验，具有扎实的操作系统、网络、数据库相关基础知识；； 2、熟悉Python核心语法、数据结构、多线程/协程编程及常用设计模式； 3、具有Dify源代码、爬虫工具经验者优先，熟悉相关技术栈和框架； 4、熟悉Linux操作系统，熟练使用常用命令； 5、能使用vue、ElementUI、nodejs等前端框架； 6、具备较强的逻辑思维能力，主动积极有责任感，能够承担工作压力 7、具备较强的事业心、责任心和职业道德操守。 工作地点 广州天河区金发科技创新社区5栋105室 以担保或任何理由索要财物，扣押证照，均涉嫌违法。一经发现， 立即举报,"Python,爬虫,大模型,智能体",http://www.zhaopin.com/jobdetail/CC136813870J40759731513.htm?refcode=4019&srccode=401901&preactionid=6d7e3bf4-b881-47f3-ba31-5e578e18bc8b
Python数据工程师,青岛凯盛浩丰智慧农业科技有限公司,1-1.3万·14薪,青岛·城阳·上马,广州,本科,3-5年,7月6日,zhilian,岗位职责 1.数据采集：熟练运用 Python 编写高效稳定的爬虫程序，从各类网站、API 接口等多渠道采集数据；根据业务需求制定合理的爬虫策略，解决反爬机制，确保数据采集的准确性和完整性；持续优化爬虫性能，提升采集效率； 2.数据处理：对采集到的数据进行深度清洗，运用 Pandas、Numpy 等库去除重复、错误、缺失数据，进行标准化和规范化处理，为后续分析和挖掘提供高质量数据基础； 3.数据存储：负责数据的存储与管理工作，熟练使用 MySQL、SQLServer 等数据库，设计合理的数据存储结构，确保高效存储和快速查询；定期进行数据备份和维护，保障数据安全。 任职要求 1.计算机相关专业，本科及以上学历，有丰富实践经验者优先考虑； 2.熟悉 Python，了解 TensorFlow / PyTorch 等框架； 3.熟悉网络爬虫原理，有丰富的爬虫开发经验，能熟练使用 Scrapy 等爬虫框架，熟悉常见反爬机制及应对方法； 4.熟练掌握至少一种数据库（MySQL、DuckDB 等）的使用，了解数据库设计和优化； 5.有较强的学习能力和自我驱动力，能够快速掌握新技术、新工具。 加分项 1.了解 Apache Doris 或其他OLAP数据库经验； 2.接触过实时数据处理技术（Flink、Kafka 等）； 3.有 BI 工具（FineBI、Power BI、观远 等）使用或开发经验。 工作地点 青岛城阳区凯丰国际金融广场A座写字楼 以担保或任何理由索要财物，扣押证照，均涉嫌违法。一经发现， 立即举报,Python,http://www.zhaopin.com/jobdetail/CCL1462635870J40860723411.htm?refcode=4019&srccode=401901&preactionid=6d7e3bf4-b881-47f3-ba31-5e578e18bc8b
Python工程师 （J10563）,立信会计师事务所（特殊普通合伙）,1.2-2万,上海·黄浦·外滩,广州,本科,1-3年,1月28日,zhilian,职位描述 AI 爬虫 基础应用开发 计算机软件 产业互联网平台 信息安全 工作职责 1.负责基于Python的技术研发； 2.配合完成开发规范，根据产品功能模块设计编码实现各模块功能，并确保开发质量； 3.深入理解业务需求，提供高效的算法实现方案； 4.具有良好的学习能力、问题解决能力，良好的沟通能力和团队合作精神，能在压力下独立解决问题。 任职资格 1. 2年以上Python开发经验； 2. 精通爬虫及RPA技术，会通过模拟器或者python代码操作，有处理过验证码识别技术等 3. 熟练掌握常见web服务框架，如flask、fastapi、django等； 4. 熟练使用MySQL、MongoDB、ES、Kafka、Redis等常用数据库或中间件 5. 熟练掌握Linux shell和Git的常用命令，会通过jenkins部署环境，会使用sentry；； 6. 有VUE/React等前端框架经验的优先； 7. 有使用Docker/k8s经验的优先； 8. 有AI模型训练经验的优先。 工作地点 上海市黄浦区外滩街道南京东路61号-601室 以担保或任何理由索要财物，扣押证照，均涉嫌违法。一经发现， 立即举报,"AI,爬虫,基础应用开发",http://www.zhaopin.com/jobdetail/CC277459310J40872435203.htm?refcode=4019&srccode=401901&preactionid=6d7e3bf4-b881-47f3-ba31-5e578e18bc8b
python工程师,脑与竞未(黑龙江)智能科技有限公司,6000-11000元,哈尔滨·香坊·王兆,广州,硕士,5-10年,7月24日,zhilian,职位描述 Django Flask SQL Linux MySQL 软件/IT服务 岗位内容： 1. 开发Python应用程序、模块和库。 2. 设计并维护高质量的代码库，确保代码易于理解、可维护和可扩展。 3. 开发和维护自动化测试套件，确保代码质量和稳定性。 4. 调查和解决与应用程序、库或基础设施相关的技术问题。 任职要求： 1. 五年及以上Python编程经验。 2. 熟悉常见的Python框架和工具，如Django、Flask、Pyramid、Requests等。 3. 熟悉SQL和NoSQL数据库，并能够设计和优化数据库模式。 4. 熟悉Linux操作系统，并熟练使用命令行工具。 5. 具备良好的团队合作精神和沟通能力。 工作地点 黑龙江省哈尔滨市香坊区王兆街道和兴路38号1号楼3层306 以担保或任何理由索要财物，扣押证照，均涉嫌违法。一经发现， 立即举报,"Django,Flask,SQL,Linux,MySQL",http://www.zhaopin.com/jobdetail/CCL1525643760J40861049011.htm?refcode=4019&srccode=401901&preactionid=6d7e3bf4-b881-47f3-ba31-5e578e18bc8b
PHP全栈开发工程师,舜风传媒集团股份有限公司,8000-15000元,济南·槐荫,广州,本科,5-10年,7月14日,zhilian,岗位职责： 1.核心业务系统开发：负责公司核心业务系统的后端开发、维护与迭代，基于Laravel/webman/Yii等PHP框架进行高质量代码编写、重构，确保系统高可用性与稳定性。 2.AI应用原型开发：使用Dify等低代码AI平台，快速搭建和配置AIAgent及工作流原型，完成提示词设计与调优。 3.定制功能与接口开发：结合Python、PHP技术，开发定制化功能模块、工具插件及API接口，打通巨量引擎、微信开发平台、阿里云、小红书等平台各类接口，增强低代码平台能力，满足特定业务逻辑；同时参与AIAgent系统后端服务开发，包括API接口实现、日志记录、基础监控等。 4.系统集成与部署：协助将开发完成的AI应用集成到现有系统，并支持企业内网本地化部署。 5.技术优化与协作：参与系统性能优化、服务治理、数据库与缓存方案优化；与产品、前端、测试团队协作，推动项目稳定交付。 6.技术调研与文档：跟踪并测试新的AI开发工具与框架，编写清晰的技术文档和测试报告；持续探索和引入新的AI工具与工作流，提高开发效率。 7.前端及相关开发：具备基本的前端开发能力（HTML/CSS/JS），熟练使用Vue或React框架，独立完成简单的管理后台页面或工具界面开发；负责微信小程序开发及可视化看板数据大屏搭建，确保界面美观、功能可用。 岗位要求： 1.学历专业：计算机、软件工程、人工智能等相关专业本科及以上学历，或具备同等技术能力的证明；5年及以上php后端开发经验。 2.编程技术：熟练掌握Python、PHP编程；具备Python爬虫技术能力，有使用FastAPI或Flask等框架进行简单后端开发的经验；PHP基础扎实，精通面向对象编程，熟悉常用设计模式，具备良好的代码规范。 3.框架与工具：深入掌握Laravel、webman、yii2框架原理，熟悉其他高性能PHP框架；熟悉或能快速上手Dify、Coze等至少一款低代码/AI应用平台；熟练使用ClaudeCode/Codex/Cursor等CodingAgent，能使用AICoding工具完成从需求到上线的端到端开发，熟练利用AI完成代码生成、调试、发布、重构工作。 4.数据库与运维：精通MySQL数据库设计与优化，熟练使用Redis等缓存技术，具备处理高并发、大数据量场景的经验；熟悉Linux环境下的开发与运维，具备优秀的线上问题排查与解决能力。 5.核心素质：具备优秀的学习能力、逻辑思维和解决问题的能力，良好的沟通能力和团队协作精神；强学习能力、强执行力、强自驱力，能高效完成指定开发任务，可独立负责复杂业务模块。 6.项目经验：有AI产品的开发经历者优先 工作地点 济南槐荫区西城·汇金金融中心27楼舜风传媒 以担保或任何理由索要财物，扣押证照，均涉嫌违法。一经发现， 立即举报,"网络爬虫技术,消息队列,全栈开发,小程序开发,PC端网站开发,ThinkPHP,Laravel,MySQL,Redis",http://www.zhaopin.com/jobdetail/CC293769610J40874215809.htm?refcode=4019&srccode=401901&preactionid=6d7e3bf4-b881-47f3-ba31-5e578e18bc8b
python全栈工程师,北京阿提拉科技有限公司,1.2-2万,北京·西城·展览路,广州,本科,3-5年,7月17日,zhilian,职位描述 后端开发 Python MySQL PostgreSQL 全栈开发 前端技术栈 数据库设计与优化 工作职责 1. 负责公司Web应用的全栈开发，涵盖后端接口设计、数据库建模及前端页面实现。 2. 基于Python技术栈构建高可用、易扩展的后端服务，保障系统性能与稳定性。 3. 参与需求分析与技术方案评审，主导核心功能模块的设计与编码实现。 4. 优化前后端交互逻辑，提升用户体验与系统响应速度。 5. 与产品、测试团队协作，推动项目从需求到上线的全流程落地。 任职要求 1. 本科及以上学历，计算机相关专业，3年以上全栈开发经验。 2. 精通Python语言及主流框架（如Django/Flask/FastAPI），熟悉后端开发流程。 3. 掌握前端核心技术（HTML/CSS/JavaScript），能熟练使用至少一种前端框架（如React/Vue）。 4. 熟悉关系型数据库（MySQL/PostgreSQL）的设计与优化，了解NoSQL数据库的应用场景。 5. 具备良好的代码规范与工程化意识，能独立解决复杂技术问题。 工作地点 西城区北京万通金融中心-A座写字楼1 以担保或任何理由索要财物，扣押证照，均涉嫌违法。一经发现， 立即举报,"后端开发,Python,MySQL,PostgreSQL,全栈开发,前端技术栈,数据库设计与优化",http://www.zhaopin.com/jobdetail/CC147646000J40853161614.htm?refcode=4019&srccode=401901&preactionid=6d7e3bf4-b881-47f3-ba31-5e578e18bc8b
IT开发工程师JDTD09,张家港保税区泰德瑞尔轨道科技有限公司,7000-10000元,苏州·张家港·金港,广州,大专,3-5年,7月25日,zhilian,岗位职责 负责CRM系统与低代码平台的数据打通，在无API文档的情况下，通过直连MySQL数据库、编写复杂SQL查询或构建数据中间表等方式，实现核心业务数据的实时/定时同步； 负责竞价系统与低代码平台的数据打通，解析MySQL底层数据结构，将竞价数据、转化数据等安全、稳定地接入低代码平台，支持业务报表与流程自动化； 设计并开发针对本地人才网的自动化简历抓取程序，通过网页解析、RPA或浏览器自动化技术，实现简历信息的自动提取、清洗，并无缝推送至低代码平台； 设计高可用、高安全性的数据同步方案，包含数据校验、异常告警、断点续传及日志监控，确保数据一致性与系统稳定性； 任职要求 计算机相关专业大专及以上学历，3年以上系统集成、数据ETL、爬虫开发或RPA自动化经验； 精通MySQL数据库，具备极强的SQL编写与调优能力，熟悉数据库底层架构、索引原理及锁机制，有在无文档情况下进行数据库逆向分析、表结构梳理经验者优先； 具备丰富的无API系统对接经验，能独立设计基于数据库层面的数据同步方案，并具备数据安全与合规意识； 熟练掌握网页数据抓取技术，精通至少一种自动化/RPA工具（如Python Selenium/Playwright/Puppeteer、UiPath、影刀等），有针对招聘网站或复杂动态页面的抓取实战经验； 精通至少一种后端语言（Python/Java/Go/.NET），熟悉HTTP协议、JSON/XML数据格式及RESTful接口设计； 熟悉主流低代码平台的连接器开发或数据接入规范者优先； 具备较强的抗压能力与独立攻坚能力，能在信息不全、文档缺失的极端情况下快速定位问题并输出解决方案； 具备良好的技术文档编写习惯，能输出清晰的集成方案、数据字典与自动化脚本说明。 工作地点 苏州市-张家港市-港澳路8号 以担保或任何理由索要财物，扣押证照，均涉嫌违法。一经发现， 立即举报,"数据挖掘,Python,Java",http://www.zhaopin.com/jobdetail/CC295051030J40833124111.htm?refcode=4019&srccode=401901&preactionid=6d7e3bf4-b881-47f3-ba31-5e578e18bc8b
Ai数据工程师,顺鑫(北京)国际贸易有限公司,150-200元/天,北京·东城·朝阳门,广州,本科,经验不限,7月5日,zhilian,职位描述 Python 人工智能 云计算 贸易/进出口 岗位内容： 1. 收集和整理大量的数据，设计并实施数据分析模型和算法。 2. 评估现有的数据集，并根据需要进行清理、转换和预处理。 3. 对数据结果进行解释和汇报，向相关部门提供数据分析技术支持。 4. 利用机器学习和人工智能技术改进公司的数据分析和决策过程。 任职要求： 1.本科及以上学历，并取得相应学位，计算机/统计学/数据科学相关专业，3 年以上数据处理与爬虫相关工作经验。 2.精通网络爬虫技术，能独立设计并实现高稳定性、高反爬能力的爬虫方案，熟练使用 Scrapy、Selenium、Playwright 等爬虫工具，掌握代理池、验证码识别等反爬技巧。 3.熟练掌握数据处理工具与技术：精通 Pandas、NumPy 数据处理，熟悉 SQL 语句编写与优化，了解 Hadoop/Spark 等大数据框架的基本使用。 加分项：持有 AWS/GCP 数据工程师认证，或具备分布式爬虫部署、大规模数据处理、RAG 知识库数据支撑实战经验。 工作地点 北京东城区顺鑫控股(朝阳门商务中心) 以担保或任何理由索要财物，扣押证照，均涉嫌违法。一经发现， 立即举报,Python,http://www.zhaopin.com/jobdetail/CC202024230J40920875608.htm?refcode=4019&srccode=401901&preactionid=6d7e3bf4-b881-47f3-ba31-5e578e18bc8b
全栈工程师,麦乐峰(厦门)智能科技有限公司,8000-12000元,郑州·中原·石佛,广州,本科,3-5年,7月8日,zhilian,岗位职责： 1. 负责全栈开发项目，包括但不限于Java、前端框架等技术的结合使用，并保证产品开发质量； 2. 参与需求分析、系统设计、开发与部署的全过程，确保技术解决方案与业务需求的高度一致性； 3. 进行系统性能优化，确保应用的稳定运行； 4. 与产品和业务团队紧密合作，确保项目的高效推进和高质量完成； 5. 编写技术文档，分享开发经验与技术规范； 6. 对开发过程出现的技术难点进行攻关及非产品核心技术的难点的预研。 岗位要求： 1. 本科及以上学历，计算机类相关专业，5年以上全栈项目设计与开发经验； 2. 熟悉Java语言，具有扎实的编程基础和良好的编程习惯以及代码规范，精通数据结构及相关算法； 3. 熟练掌握前端开发技术HTML、CSS、JS、Ajax、JSON 等，熟悉各项技术的相关标准； 4. 熟练掌握开源框架技术，并能够用各大框架进行大型项目的开发； 5. 熟悉 jQuery、Node.js、Bootstrap、react、vue.js 等JavaScript 开发框架，并有过任意一种框架相关的项目经验； 6. 能够理解和实现复杂业务场景的技术需求； 7. 具备良好的系统设计和问题解决能力，能够独立完成项目开发； 8. 拥有优秀的团队协作能力和跨部门沟通能力； 9. 对新技术有持续学习的意愿和能力，能够快速掌握并应用于项目开发中； 10. 能接受公司出差制度； 11. 有相关软考证书者优先。 工作地点 郑州中原区信息工程大学 以担保或任何理由索要财物，扣押证照，均涉嫌违法。一经发现， 立即举报,"后端开发,前端开发,JavaScript,Vue,Java",http://www.zhaopin.com/jobdetail/CC847198900J40849563314.htm?refcode=4019&srccode=401901&preactionid=6d7e3bf4-b881-47f3-ba31-5e578e18bc8b
数据采集师（爬虫方向 双休+五险一金）,上海嗅探信息技术有限公司,1-2万,郑州·金水·祭城路,广州,大专,3-5年,7月22日,zhilian,职位描述 数据爬虫 反爬虫 Python MySQL MongoDB Redis WebMagic requests 社媒 KOL 互联网电商 职位详情 1.负责抖音、快手、小红书、视频号、淘宝、京东、拼多多等社媒电商平台数据采集需求分析、方案设计与开发实现，包括公开数据、直播数据、短视频数据、商品数据、评论舆情等采集。 2.负责分布式爬虫架构开发与优化，使用Python/Go等语言开发高可用、高并发、分布式采集服务，保障采集效率与稳定性。 3.针对平台反爬机制(验证码、IP封禁、设备指纹、加密参数、动态渲染等)进行逆向分析与突破，持续维护采集策略。 4.负责数据清洗、解析、去重、结构化处理与质量校验，保障数据完整性、准确性、时效性。 5.对接业务、产品、项目经理，理解数据需求，输出采集方案、接口文档与技术文档。 6.负责采集服务部署、监控、日志排查、故障处理与性能调优，保障7x24小时稳定运行。 工作地点 郑州金水区永和龙子湖中央广场-B座 以担保或任何理由索要财物，扣押证照，均涉嫌违法。一经发现， 立即举报,"数据爬虫,反爬虫,Python,MySQL,MongoDB,Redis,WebMagic,requests",http://www.zhaopin.com/jobdetail/CCL1523180960J40905772312.htm?refcode=4019&srccode=401901&preactionid=6d7e3bf4-b881-47f3-ba31-5e578e18bc8b
python开发工程师,广州西麦科技股份有限公司,1-1.5万,广州·黄埔·联和,广州,大专,3-5年,6月11日,zhilian,岗位职责： 1. 负责公司产品后端研发工作，包括不限于上游API对接、提供API接口供前端或下游客户调用，数据统计分析等。 2. 参与框架优化、性能优化和系统重构等相关工作； 3. 根据产品需求完成代码编写、调试、测试及日常维护； 4. 分析并解决开发过程中的各类技术问题。 5. 根据上游API的接口能力，规范业务逻辑，完成产品开发。 任职资格： 1. 计算机相关专业本科及以上学历 2. 3年以上Python后端开发经验； 3. 熟练掌握Gunicorn、Flask Web框架，具备相关项目开发经验； 4. 熟悉PostgreSQL、MySQL数据库，掌握常见的调优技巧； 5. 熟练使用Redis中间件，对其工作原理有一定理解； 6. 了解Linux系统操作； 7. 了解Java/Go编程语言者优先； 8. 责任心强，具备良好的沟通协作能力。 9. 具有较强的问题解决能力 工作地点 广州黄埔区华南新材料创新园-G5栋 以担保或任何理由索要财物，扣押证照，均涉嫌违法。一经发现， 立即举报,Python,http://www.zhaopin.com/jobdetail/CC199540820J41014626004.htm?refcode=4019&srccode=401901&preactionid=6d7e3bf4-b881-47f3-ba31-5e578e18bc8b
python后端开发工程师（大厂 双休）,科锐尔人力资源服务(苏州)有限公司,1.3-2.6万·14薪,上海·浦东·金桥,广州,本科,经验不限,3月30日,zhilian,职位描述 Python Java C++ 人工智能 云计算 计算机软件 软件后端/测开/算法/数据开发都有，感兴趣详聊~ 核心亮点 核心业务！接触云计算、AI、5G 等前沿场景，技术成长快 门槛友好：优秀本科可投，大牛带教，零基础也能入门实战 杭州滨江核心团队，弹性工作 + 年轻氛围，福利拉满（食堂 / 健身房等） 你将负责 参与云计算、AI 等业务的算法研发与优化（机器学习 / 深度学习方向） 设计可落地的算法方案，完成模型训练、调优及部署 处理大规模数据，做特征工程和模型优化，提升业务指标 跟踪前沿技术，和团队一起把创新算法用到实际业务中 我们希望你 本科及以上学历（计算机 / 数学等相关专业，优秀本科生放宽） 了解 Python（会基础语法即可），对机器学习 / 深度学习有兴趣 有简单数据处理经验更佳，懂 SQL 或 TensorFlow/PyTorch 优先 学习能力强，愿意跟着导师从零积累，有责任心 为什么选我们 带教体系：1v1 导师带教，从基础到项目实战，快速上手 平台硬核：亿级用户项目 + 技术栈，简历加分 buff 待遇给力：有竞争力薪资（基薪 + 绩效 + 年终奖）+ 完善福利 成长清晰：技术培训 + 行业峰会，支持从入门到精通的全路径发展 工作地点 上海浦东新区新金桥路金桥路2222号 以担保或任何理由索要财物，扣押证照，均涉嫌违法。一经发现， 立即举报 客户,"Python,Java,C++",http://www.zhaopin.com/jobdetail/CC453635220J40868656203.htm?refcode=4019&srccode=401901&preactionid=6d7e3bf4-b881-47f3-ba31-5e578e18bc8b
技术工程师,新疆信泽供应链管理有限公司,6000-8000元,乌鲁木齐·新市区·北京路街道,广州,本科,1-3年,7月24日,zhilian,职位描述 Python Java 技能要求： 1、后端掌握springboot/springcloud框架，前端掌握vue2/3，具备基本的移动端或小程序(uniapp)的开发能力 2、使用mysql等关系型数据库，能够依据功能需求进行表结构设计 3、从事java开发工作2年及以上，参与过2个以上的项目的开发全流程(商城项目优先)，具备局部模块功能设计能力 4、有一定的linux服务的运维能力，保障线上项目的平稳运行(具有云服务器使用经验的优先) 工作地点 乌鲁木齐市-新市区-盈科广场-B座 以担保或任何理由索要财物，扣押证照，均涉嫌违法。一经发现， 立即举报,"Python,Java",http://www.zhaopin.com/jobdetail/CCL1397864900J40952468108.htm?refcode=4019&srccode=401901&preactionid=6d7e3bf4-b881-47f3-ba31-5e578e18bc8b
python开发工程师,软通动力信息技术(集团)股份有限公司,1-1.8万,深圳·龙岗·坂田,广州,本科,1-3年,3月18日,zhilian,"职位描述 Python并发框架 Python爬虫框架 Python可视化库 后端开发 图形图像处理 Django 深度学习框架 Tornado Flask SPARK-CORE Linux 1、熟悉linux平台环境的开发，掌握linux常用命 2、1-4年以上Python经验，熟悉Django,Tornado,Flask框架中至少一种。 3、具备spark-core数据清理、分析能力和爬虫经验优先。 4、具备良好的学习能力和独立分析解决问题的能力，对新技术有较强的敏锐度，有钻研精神和创新意识 工作地点 深圳龙岗区天安云谷天安云谷 以担保或任何理由索要财物，扣押证照，均涉嫌违法。一经发现， 立即举报","Python并发框架,Python爬虫框架,Python可视化库,后端开发,图形图像处理,Django,深度学习框架,Tornado,Flask,SPARK-CORE,Linux",http://www.zhaopin.com/jobdetail/CC000544460J40464365116.htm?refcode=4019&srccode=401901&preactionid=6d7e3bf4-b881-47f3-ba31-5e578e18bc8b
Python全栈开发工程师（外派驻场）,四川省信达恒创科技有限责任公司,1.2-1.6万,上海·浦东·金桥,广州,大专,5-10年,7月16日,zhilian,职位描述 Python Django Vue MySQL AI Redis Java 软件/IT服务 一、工作描述： 1、负责前端、后端功能开发和重构，完成模块详细设计与开发 2、根据业务需求进行技术编码、调试及单元测试，解决技术问题 3、负责k8s服务集群部署和运维 二、硬性要求： 1、专科以上学历，5年以上开发经验 2、熟练使用HTML5/CSS3/XML/JSON/Ajax等技术，有2年以上vue前端项目开发经验 3、熟练使用python开发后端框架接口，熟练掌握关系型数据库的使用 4、熟悉大模型应用技术，如RAG、ES向量数据库、skills等等 三、常规要求： 1、熟悉docker、k8s集群部署、git版本管理、消息队列 2、具有较强的责任感和沟通能力，能承担一定压力，能够根据业务需求分析系统要点及系统开发点 四、加分项： 1、熟悉java技术框架 2、计算机相关专业，本科以上学历（4年以上经验） 工作地点 上海浦东新区联合汽车电子有限公司1 以担保或任何理由索要财物，扣押证照，均涉嫌违法。一经发现， 立即举报,"Python,Django,Vue,MySQL,AI,Redis,Java",http://www.zhaopin.com/jobdetail/CCL1486688620J40831639616.htm?refcode=4019&srccode=401901&preactionid=6d7e3bf4-b881-47f3-ba31-5e578e18bc8b
大数据运维工程师,福建人人共享安全服务有限公司,7000-12000元,福州·鼓楼·温泉,广州,本科,1-3年,4月27日,zhilian,职位描述 数据库运维 Python Django Vue SQL AI大模型部署 系统运维 Vmware Perl MYSQL 信息安全 人工智能 大数据运维工程师及开发人员 ====================== （后端开发+Python爬虫） ====================== 招聘：驻点开发工程师（机关单位） 工作内容 独立负责机关单位现有系统的开发、维护与迭代，完成全流程工作。 技术要求 1. 熟练使用 Python 开发，掌握 Django 后端框架； 2. 能使用 Vue 完成前端页面开发与接口联调； 3. 熟悉 MySQL 数据库设计、SQL编写与优化； 4. 具备爬虫开发能力，可独立完成数据采集、清洗与入库； 5. 具备基础数据分析能力，能处理业务数据需求。 优先条件： ☆有 AI大模型项目经验，能够独立部署大模型、对接模型接口者优先录用。 ☆本科或以上学历，具有计算机、大数据、统计学等相关专业背景，有软件设计师、数据分析师、数据库系统工程师等相关证书的优先。 待遇面议。 工作地点 福州鼓楼区新天地大厦(五四路) 以担保或任何理由索要财物，扣押证照，均涉嫌违法。一经发现， 立即举报,"数据库运维,Python,Django,Vue,SQL,AI大模型部署,系统运维,Vmware,Perl",http://www.zhaopin.com/jobdetail/CC482448730J40607587816.htm?refcode=4019&srccode=401901&preactionid=6d7e3bf4-b881-47f3-ba31-5e578e18bc8b
Python开发工程师 ∙ 大连∙ IT,曼迪匹艾(大连)科技服务有限公司,1.1-2.2万,大连·甘井子·凌水,广州,本科,3-5年,6月29日,zhilian,职位描述 Python 职位描述 职位描述 一、工作职责 1. 设计、开发和维护Python应用程序，包括但不限于Web应用，数据处理ETL，网络爬虫等多种业务需求； 2. 编写高质量、可维护的代码，并进行代码评审； 3. 与团队成员协作，制定技术解决方案，解决问题和优化性能； 4. 参与产品开发周期的各个阶段，包括需求分析、设计和测试； 5. 负责确保代码的安全性、可扩展性和可维护性； 6. 解决技术问题，提供技术支持，并与团队合作，确保项目按计划完成。 二、职位要求 1. 本科或以上学历，计算机科学或相关领域； 2. 至少3年的Python开发经验，熟悉Python语言和相关的库和框架； 3. 熟悉Web开发、数据处理ETL、网络爬虫中至少一种方向，并有相应的开发经验； 4. 熟悉版本控制工具（如Git）和协同开发工作流程； 5. 具备良好的问题解决能力和自主学习能力； 6. 逻辑清晰严谨，对数据敏感，跨团队协作能力、沟通能力强。 加分项： *有良好的英语口语和书面沟通能力。 三、工资待遇 1. 薪资待遇：11000-22000； 2. 基础福利：六险一金，带薪年假，年度体检，节日福利，活动经费，丰富茶歇，营养晚餐等； 3. 进阶福利：子女福利，父母福利，团队奖励，培训津贴，岗位津贴； 4. 职业发展：导师培养，技能培训，管理培训。 四、办公地点 辽宁省大连高新技术产业园区黄浦路浦项IT中心A塔13层 工作地点 大连甘井子区浦项IT中心13层 以担保或任何理由索要财物，扣押证照，均涉嫌违法。一经发现， 立即举报,Python,http://www.zhaopin.com/jobdetail/CCL1360068390J41018709704.htm?refcode=4019&srccode=401901&preactionid=7ae01a06-4458-4089-8955-99d354e91fb4
数据采集 pipeline 方向工程师,杭州奈睿信息技术有限公司,5-10万·16薪,杭州·拱墅·祥符,广州,硕士,1-3年,7月23日,zhilian,岗位职责】 1.全网数据选取策略设计开发 (1)根据数据清洗反馈信号设计全网数据选取、调度系统，包括链接质量预估、属性聚合、站点抓取配额、数据优先级等，保证数据多样性，最大化数据覆盖，为模型训练提供丰富的世界知识。 (2)面向 RAG 等时效场景，负责时效性种子挖掘、调度与有效性验证，保障关键信息的新鲜度。 2.全网数据采集环路 (1)负责全网数据采集环路的设计与开发，包括但不限于下载、任务调度、流式数据处理、DNS、连通性等核心组件，构建高吞吐、可容错的分布式采集系统。 3.链接规模控制 (1)通过识别低质站群、重复镜像站点、清洗 URL 冗余参数、规范化链接等手段，控制链接规模、去除重复与噪声，提升链接库的有效性与数据纯净度。 【岗位要求】 1.计算机或数学相关专业，本科及以上学历。 2.熟练使用至少一种编程语言，包括但不限于 Python/C++/Rust。 【加分项】 1.数学或信息学竞赛中取得优秀成绩。 2.有大规模数据采集、爬虫或数据 pipeline 系统研发经验。 工作地点 杭州拱墅区金通国际大厦-B座 以担保或任何理由索要财物，扣押证照，均涉嫌违法。一经发现， 立即举报,"数据抽取,数据采集",http://www.zhaopin.com/jobdetail/CC408095430J40957460315.htm?refcode=4019&srccode=401901&preactionid=7ae01a06-4458-4089-8955-99d354e91fb4
java高级开发工程师,龙刍冷链科技(徐州)有限公司,6000-12000元,徐州·泉山区·泰山街道,广州,本科,5-10年,7月25日,zhilian,职位描述 JavaScript Java Python Spring SPRING BOOT Netty MySQL Redis TDENGINE数据库 linux Docker Nginx 设备管理 物联网 计算机软件 职位描述 Java、物联网 任职要求 1. 设备全生命周期管理：设备信息维护、设备报修、在线接单、工单处理等功能的设计和代码编写。 2. IoT能力开发与集成：了解做过物联网系统的工作。 3. 系统优化与运维支持：负责平台功能持续优化、日常维护与性能提升，为设备接入、数据流转等环节提供技术支持，保障平台稳定运行。 4. 技术攻关与架构演进：承担数据集成、高并发接入、系统解耦等关键技术攻关，参与系统架构设计与演进。 职位要求 1. 核心开发能力：精通Java语言，熟悉Spring boot、SpringCloud、Redis、Kafka等主流开源框架与中间件，具备扎实的后端开发能力。 2. 具备系统架构设计能力：设备全生命周期管理系统的架构设计与现有系统兼容。 3. IoT与数据能力： - 具备物联网开发经验，深入理解至少一种常见物联网通讯协议（如MQTT、CoAP、HTTP/HTTPS） - 熟练掌握SQL，tdengine数据库经验者优先 4. 架构与运维基础：熟悉MySQL、PostgreSQL等数据库设计与优化，了解Linux及Docker等容器化技术，具备系统问题排查能力。 5. 业务与综合素质：有工业物联网平台或大型IoT项目经验者优先，逻辑清晰，具备良好的业务理解、沟通协作和技术文档编写能力。 工作地点 徐州泉山区中国矿业大学国家大学科技园 以担保或任何理由索要财物，扣押证照，均涉嫌违法。一经发现， 立即举报,"JavaScript,Java,Python,Spring,SPRING BOOT,Netty,MySQL,Redis,TDENGINE数据库,linux,Docker,Nginx",http://www.zhaopin.com/jobdetail/CCL1450616960J40916150408.htm?refcode=4019&srccode=401901&preactionid=7ae01a06-4458-4089-8955-99d354e91fb4
python开发工程师,北京金蚁汇智能科技有限公司,8000-15000元,郑州·金水·祭城路,广州,本科,3-5年,4月1日,zhilian,岗位职责 1. 公司产品 / 项目的Python 后端开发、接口开发、功能模块实现。 2. 参与需求分析、技术方案设计、数据库设计与接口文档编写。 3. 完成代码编写、单元测试、联调、上线及线上问题排查与优化。 4. 配合前端、测试、产品，推进需求落地与版本迭代。 5. 负责系统性能优化、代码规范维护、技术债务清理。 6. 参与服务部署、日志监控、数据处理及自动化脚本开发。 7. 配合团队完成代码评审、技术沉淀与文档输出。 二、任职要求 1. 基础要求 · 大专及以上学历，计算机 / 软件工程 / 通信 / 电子等相关专业优先。 · 3年及以上Python 后端开发实际项目经验。 2. 技术技能 · 熟练掌握 Python 基础语法、面向对象、常用标准库与第三方库。 · 熟悉至少一种主流 Web 框架：Django/Flask/FastAPI/Tornado。 · 熟悉 MySQL/PostgreSQL 等关系型数据库，能编写优化 SQL。 · 了解 Redis/MongoDB 等缓存 / 非关系型数据库优先。 · 熟悉 HTTP/HTTPS、RESTful API、JSON 接口开发与调试。 · 了解 Git 版本管理、Linux 基本操作、服务部署流程。 3. 加分项 · 有爬虫、数据分析、自动化运维、微服务项目经验。 · 熟悉 Docker、Nginx、Celery 异步任务等。 · 有 SaaS、中台、企业管理系统、支付 / 消息 / 推送等开发经验。 4. 软素质 · 逻辑清晰，学习能力强，能快速定位并解决问题。 · 良好的编码习惯、沟通能力与团队协作意识。 · 责任心强，能承受一定项目迭代压力。 工作地点 郑州金水区德厚街与正光北街交叉口 以担保或任何理由索要财物，扣押证照，均涉嫌违法。一经发现， 立即举报,"Python,Java,MySQL,Redis",http://www.zhaopin.com/jobdetail/CCL1389727860J40924088315.htm?refcode=4019&srccode=401901&preactionid=7ae01a06-4458-4089-8955-99d354e91fb4
python开发工程师,北京易速聘人力资源有限公司,1.4-2.2万,成都·双流·东升,广州,本科,3-5年,5月25日,zhilian,岗位职责： 1.负责开发CAE软件自动化测试工具和测试平台； 2.负责CAE软件正确性测试、回归测试、性能测试等工作； 3.建立并持续优化CAE软件测试体系，提升测试效率和测试质量； 4.协助定位、分析CAE软件缺陷，推动测试结果在研发流程中的有效反馈与闭环。 任职要求： 1.软件工程、计算机科学与技术、力学等相关专业，本科及以上学历； 2.熟悉软件测试理论，梳理CI/CD流程及常见工具链，具备独立规划和实施测试工作的能力； 3.具备3年及以上测试开发经验，基于python的fastapi django flask等框架开发测试平台经验； 4.具备良好的文档能力和跨部门沟通能力，有CAE领域经验者优先。 工作地点 成都双流区银河596科研综合楼 以担保或任何理由索要财物，扣押证照，均涉嫌违法。一经发现， 立即举报 客户,"Django,Flask,测试工具开发,平台开发,Python,CAE",http://www.zhaopin.com/jobdetail/CC344767830J40944232915.htm?refcode=4019&srccode=401901&preactionid=7ae01a06-4458-4089-8955-99d354e91fb4
（数据岗）数据开发工程师,福州无比欢信息科技有限公司,8000-12000元,福州·鼓楼·南街,广州,本科,1-3年,7月22日,zhilian,岗位职责： 1、利用工具或编程语言实现对数据的采集、分析、挖掘、可视化，让数据充分发挥价值。 2、从事数据仓库的设计、开发、优化工作。 3、参与数据治理工作，提升数据易用性及数据质量。 4、深入理解业务，开发数据产品和数据模型。 二、任职要求： 1、熟练使用python进行数据处理和数据建模。 2、熟练掌握SQL语言。 3、熟悉数据仓库的建设流程，有数据仓库的设计和落地经验。 4、熟练使用kettle等ETL工具和调度工具。 5、熟练使用至少一种数据可视化分析工具。 6、优秀的问题分析与解决能力，条理逻辑清晰；具备良好的分析、组织、沟通能力。 7、能够积极主动学习，并乐意为团队进行技术分享。 8、有RPA开发经验和爬虫经验者优先。 9、有用AI进行数据处理经验的优先。 三、 薪资福利： 1、高薪资：底薪+绩效+全勤奖+五险一金+带薪年假+生日福利+节日福利+团建活动+免费下午茶+法定节假日等！ 2、工作时间：9:00-18:00，午休12:00-14:00，周末双休。 3、上班地点：福州市鼓楼区杨桥东路中闽大厦B座16层（三坊七巷商圈） 四、产品展示： https://www.toubiaole.com/ http://www.51zhongbiaole.com/ 工作地点 福州鼓楼区中闽大厦-B座16层 以担保或任何理由索要财物，扣押证照，均涉嫌违法。一经发现， 立即举报,"Python,Oracle,SQL,数仓开发经验",http://www.zhaopin.com/jobdetail/CC831704270J40790213008.htm?refcode=4019&srccode=401901&preactionid=7ae01a06-4458-4089-8955-99d354e91fb4
python后端开发工程师,青岛博弈资产管理有限公司,1.3-1.6万,青岛·崂山·中韩,广州,本科,5-10年,3月25日,zhilian,职位描述 Java C++ PHP NoSQL SQLServer Redis Tornado Django Flask 云计算 银行 证券/期货 负责金融／互联网领域后端系统的设计、开发和维护（根据实际业务调整） 2．基于FastAPI框架构建高性能RESTful API服务 3．参与技术方案设计，解决系统高并发、高可用性等技术挑战 4．编写规范的单元测试，实施代码审查，保障代码质量 5．持续优化系统架构，提升服务性能和稳定性 6．配合DevOps团队完善CI/CD自动化流程 任职要求 1.统招本科及以上学历，计算机相关专业优先 2.5年及以上Python开发经验，熟悉异步编程、多线程等机制 3．精通FastAPI框架，熟悉OpenAPI/Swagger规范 4．熟悉Redis基础应用（缓存设计、分布式锁等） 5．掌握Elasticsearch基础查询与索引管理 6．熟练使用Git进行版本控制，有GitFlow实践经验 7．熟悉CI/CD流程 (Jenkins/GitLab Cl等），具备Docker容器化经验8．具备良好的代码规范意识，熟悉PEP8、单元测试、日志规范 ．熟悉MySQL/PostgreSQL等关系型数据库开发 加分项 有金融量化系统／交易系统开发经验 □熟悉Celery异步任务框架 了解消息队列（RabbitMQ/Kafka) 有微服务架构设计经验 熟悉金融数据API对接（如交易所接口、行情数据源） 我们提供 技术驱动型团队氛围 完善的研发流程规范 金融，互联网领域前沿项目经验（根据业务调整） 有竞争力的薪酬体系与晋升通道 工作地点 青岛银丰财富广场青岛市崂山区香港东路179号青岛银丰财富广场A区1201室 以担保或任何理由索要财物，扣押证照，均涉嫌违法。一经发现， 立即举报,"Java,C++,PHP,NoSQL,SQLServer,Redis,Tornado,Django,Flask",http://www.zhaopin.com/jobdetail/CC468849380J40721415601.htm?refcode=4019&srccode=401901&preactionid=7ae01a06-4458-4089-8955-99d354e91fb4
AI应用开发工程师,广东旭普空间信息技术产业发展有限公司,1-1.5万,广州·天河·凤凰,广州,本科,3-5年,7月15日,zhilian,岗位职责： 1、架构设计：负责搭建Python技术架构，基于Python技术栈设计和实现高可用、高性能的服务； 2、后端开发：负责公司核心业务系统的后端模块开发与维护； 3、前沿技术探索与应用：负责研究新兴技术（如：Dify智能体的构建、大数据分析、AI应用开发等技术），在业务场景中的创新应用。 任职要求： 1、本科及以上学历，计算机相关专业，3年以上Python开发经验，具有扎实的操作系统、网络、数据库相关基础知识；； 2、熟悉Python核心语法、数据结构、多线程/协程编程及常用设计模式； 3、具有Dify源代码、爬虫工具经验者优先，熟悉相关技术栈和框架； 4、熟悉Linux操作系统，熟练使用常用命令； 5、能使用vue、ElementUI、nodejs等前端框架； 6、具备较强的逻辑思维能力，主动积极有责任感，能够承担工作压力 7、具备较强的事业心、责任心和职业道德操守。 工作地点 广州天河区金发科技创新社区5栋105室 以担保或任何理由索要财物，扣押证照，均涉嫌违法。一经发现， 立即举报,"Python,Django,Flask,MySQL,AI应用开发经验,有过前端开发经验,DIFY二次开发",http://www.zhaopin.com/jobdetail/CC136813870J40777051613.htm?refcode=4019&srccode=401901&preactionid=7ae01a06-4458-4089-8955-99d354e91fb4
Java工程师,湖南机企猫科技有限公司,1-1.5万,长沙·岳麓·学士,广州,本科,3-5年,2月12日,zhilian,岗位职责： 1、负责公司电商、中台系统产品开发工作； 2、参与整个产品的开发流程，负责系统需求的收集和落地； 3、定时整理、编写行业用户解决方案，结合行业发展方向和当前系统、产品特性，形成标准产品、系统需求文档，推动公司产品迭代。 任职要求： 1、本科或以上学历，计算机或软件工程等工科相关专业； 2、三年以上工作经验，有能源行业MES、成品组装MES等多行业MES系统构建经验者优先； 2、精通Java语言，缓存，关系型数据库； 3、熟悉制造业数字化规划方法，熟悉电商、ERP等数字化制造软件产品范畴，有工业大数据相关工作经验优先； 5、理解简单、可靠的价值观，服从管理，工作态度积极，追求极致，对技术有追求。 工作地点 长沙岳麓区湖南机企猫网络科技有限公司慧谷产业园B1栋401 以担保或任何理由索要财物，扣押证照，均涉嫌违法。一经发现， 立即举报,"Python,C++",http://www.zhaopin.com/jobdetail/CCL1368201740J40832492809.htm?refcode=4019&srccode=401901&preactionid=7ae01a06-4458-4089-8955-99d354e91fb4
AI数据工程师，主要负责（数据采集、清洗、分析等）,山东舜山投资有限公司,7000-14000元·13薪,济南·历城·港沟,广州,本科,1-3年,7月18日,zhilian,岗位职责 1. 会爬虫，具有熟练的网页数据采集能力，例如天眼查数据等。 2. 负责多模态、非结构化数据全链路数据清洗，包括文本、图像、音频等数据，完成图片识别解析、降噪清洗、格式归一、模态对齐、语义规整、结构化映射等 3. 负责数据ETL处理，完成数据去重、纠错、脱敏、跨模态对齐、样本筛选、分层归档与版本管理，产出高质量可复用AI训练数据集。 4. 搭建多模态数据质量校验体系，把控数据完整性、唯一性、一致性、纯净度，常态化巡检、坏例归因、偏差修复，实现数据质量闭环。 5. 优化数据清洗流水线，迭代并发、容错、断点续跑机制，提升数据处理效率与稳定性。 6. 沉淀标准化数据治理规范与工具链，形成可复用的skill，跟进多模态AI数据前沿技术，持续优化数据生产全链路效率。 7. 对接外包团队，对数据质量进行把控。 ------------------------------------------------------------------------------------------------------ 任职要求 1. 本科及以上学历，计算机、大数据、软件工程、人工智能、数据科学等相关专业。 2. 1-3年多模态数据治理、非结构化数据清洗经验，熟悉大模型SFT、Embedding数据集制作流程。 3. 熟练使用Python，掌握pandas、numpy、OpenCV等工具库。 4. 精通OCR图像识别解析、图像降噪、分辨率归一、掌握样本均衡、噪声过滤、异常样本剔除逻辑。 5. 熟练多模态数据标准化治理，具备数据精准去重、模态对齐、质量校验、偏差修正等落地能力。 6. 熟悉MySQL、Redis、MongoDB，掌握数据入库、索引优化、批量去重、版本快照与分层存储机制。 7. 熟练使用AI工具，适应AI协同工作模式，可依托大模型高效完成数据治理、规则迭代、问题排查与脚本优化。 8. 具备优秀数据敏感度、异常排查能力，有任务闭环意识，对AI技术有强烈探索欲。 工作地点 济南历城区山东铁投基金大厦26楼 以担保或任何理由索要财物，扣押证照，均涉嫌违法。一经发现， 立即举报,"数据爬虫,数据抽取,反爬虫,数据分析、数据清洗、,数据采集、AI数据处理",http://www.zhaopin.com/jobdetail/CCL1525087220J40955040615.htm?refcode=4019&srccode=401901&preactionid=7ae01a06-4458-4089-8955-99d354e91fb4
后端Python工程师（河南）（J11586）,立信会计师事务所（特殊普通合伙）,6000-8000元,郑州·金水·龙子湖,广州,本科,1-3年,6月5日,zhilian,职位描述 Python MySQL 工作职责 1、协助审计数据清洗、转换、整合及质量校验，使用Python编写数据处理脚本； 2、根据业务需求，从数据库提取数据，完成预处理、缺失值处理、异常值识别等基础任务； 3、参与数据ETL流程的开发与维护，编写可复用的数据处理模块； 4、配合审计项目组完成数据验证、数据比对、抽样分析等支撑工作； 5、编写数据处理相关技术文档（数据字典、处理逻辑说明、操作手册等）。 任职资格 1、本科及以上学历，计算机相关专业，1年以上Python开发经验，有软考证书的优先； 2、熟练使用常用web服务框架，如flask、fastapi等； 3、熟练使用数据处理类，如pandas、openpyxl等； 4、熟练使用网络爬虫技术，如Scrapy、BeautifulSoup等； 5、熟练使用基础SQL，能编写简单查询语句，了解MySQL等数据库； 6、了解数据清洗、数据转换的基本流程，对数据质量有意识； 7、工作细致、责任心强，具备良好的沟通能力和团队协作精神； 8、可接受每年1-4月份忙季的轮岗值班。 工作地点 郑州金水区智慧岛创智天地 以担保或任何理由索要财物，扣押证照，均涉嫌违法。一经发现， 立即举报,"Python,MySQL",http://www.zhaopin.com/jobdetail/CC277459310J40900926503.htm?refcode=4019&srccode=401901&preactionid=7ae01a06-4458-4089-8955-99d354e91fb4
Python数据开发工程师,青岛凯盛浩丰智慧农业科技有限公司,1.2-1.5万,青岛·城阳·上马,广州,本科,3-5年,7月6日,zhilian,岗位职责 1.数据采集：熟练运用 Python 编写高效稳定的爬虫程序，从各类网站、API 接口等多渠道采集数据；根据业务需求制定合理的爬虫策略，解决反爬机制，确保数据采集的准确性和完整性；持续优化爬虫性能，提升采集效率； 2.数据处理：对采集到的数据进行深度清洗，运用 Pandas、Numpy 等库去除重复、错误、缺失数据，进行标准化和规范化处理，为后续分析和挖掘提供高质量数据基础； 3.数据存储：负责数据的存储与管理工作，熟练使用 MySQL、SQLServer 等数据库，设计合理的数据存储结构，确保高效存储和快速查询；定期进行数据备份和维护，保障数据安全。 任职要求 1.计算机相关专业，本科及以上学历，有丰富实践经验者优先考虑； 2.熟悉 Python，了解 TensorFlow / PyTorch 等框架； 3.熟悉网络爬虫原理，有丰富的爬虫开发经验，能熟练使用 Scrapy 等爬虫框架，熟悉常见反爬机制及应对方法； 4.熟练掌握至少一种数据库（MySQL、DuckDB 等）的使用，了解数据库设计和优化； 5.有较强的学习能力和自我驱动力，能够快速掌握新技术、新工具。 加分项 1.了解 Apache Doris 或其他OLAP数据库经验； 2.接触过实时数据处理技术（Flink、Kafka 等）； 3.有 BI 工具（FineBI、Power BI、观远 等）使用或开发经验。 工作地点 青岛城阳区凯丰国际金融广场A座写字楼 以担保或任何理由索要财物，扣押证照，均涉嫌违法。一经发现， 立即举报,"MySQL,TensorFlow,pytorch,SQLServer,Shell,Python,DUCKDB",http://www.zhaopin.com/jobdetail/CCL1462635870J40860767311.htm?refcode=4019&srccode=401901&preactionid=7ae01a06-4458-4089-8955-99d354e91fb4
软件开发技术经理-erp,东莞市恒亚罗斯计算机科技有限公司,8000-16000元,东莞·虎门镇,广州,本科,3-5年,7月21日,zhilian,"岗位职责：1.参与项目的需求分析，负责项目的架构设计.模块设计和开发；核心模块重构;2.带领并指导开发团队按时.优质地完成相关的开发.测试工作；负责解决项目中的技术难点和技术把关；3.与产品.运营配合，负责ERP,MES,产业互联网管理平台的数据拉取及相关技术支持工作；4.总结项目开发经验，形成项目知识文档，并进行内部知识共享；5.管理开发团队日常事务，如技术面试.人员考核;6.领导交办的其他工作事务；任职要求：1.计算机相关专业本科及以上学历，5年以上Java项目开发经验，3年以上开发团队管理经验，独立领导负责过中大型以上项目的开发，并担任过较大型项目的架构设计和核心开发工作；2.精通JavaEE开发.精通SpringBoot/SpringMVC/MyBati等多种开源框架，熟悉Spring底层原理，了解Spring的运行机制，熟悉微服务SpringCloud；3.精通Orcle或MySQL等数据库；精通SQL语法，熟悉SQL调优；熟悉MongoDB.Redi等其他非关系型数据库；4.对高并发.JVM性能调优.优化迭代等有实际经验；5.具有代码质量管理和进度管理能力；6.具备良好的学习能力与技术文档书写能力，具备良好的表达和沟通的能力；7.熟悉软件项目开发流程.具备较强的团队精神和合作精神，抗压能力强，有一定的领导力； 工作地点 百达国际电商城东莞市恒亚罗斯计算机科技有限公司 以担保或任何理由索要财物，扣押证照，均涉嫌违法。一经发现， 立即举报","全栈开发,Windows开发,移动开发,JQuery,Vue,React,Angular,Bootstrap,爬虫工程师,iOS开发,嵌入式软件开发",http://www.zhaopin.com/jobdetail/CC668565120J40562656805.htm?refcode=4019&srccode=401901&preactionid=7ae01a06-4458-4089-8955-99d354e91fb4
高级数据抽取工程师,北京展云科技有限公司,1-1.3万,北京·西城·展览路,广州,本科,3-5年,7月14日,zhilian,职位描述 Python 1、本科及以上学历，计算机相关专业； 2、具备多源数据对接、抓取、解析与清洗相关工作经验； 3、精通Python，熟练使用Scrapy、BeautifulSoup、Selenium、Playwright等爬虫框架及工具； 4、熟悉网页解析（XPath、CSS选择器、正则表达式），具备反爬策略应对经验（IP代理、验证码识别、JS逆向等）； 5、熟悉非结构化数据解析（PDF、Word、OCR等）和各类主流数据接入协议，能将清洗后的结构化数据写入数据库或图库； 6、具备良好的职业操守，严格遵守数据安全与合规要求，沟通能力强。 工作地点 北京西城区车公庄 以担保或任何理由索要财物，扣押证照，均涉嫌违法。一经发现， 立即举报,Python,http://www.zhaopin.com/jobdetail/CC483343630J40955347015.htm?refcode=4019&srccode=401901&preactionid=7ae01a06-4458-4089-8955-99d354e91fb4
Java开发工程师,小黄豆智能科技(南京)有限公司,1-1.2万·13薪,南京·雨花台·雨花,广州,大专,3-5年,7月9日,zhilian,职位描述 Java Servlet Javascript JavaScript Mybatis Spring 达梦数据库 MySQL Redis 一、职位描述： 主要负责公司后端开发，除了JAVA后端技术外还需要熟悉前端VUE和Element-UI，能编写前端脚本；项目采用产品+个性化开发方式； 二、岗位要求： 1、熟练掌握JAVA编程语言，熟悉JVM原理、内存管理、垃圾回收机制等 2、精通Spring Boot、Spring Framework、Spring Cloud等框架，有3年以上实际项目经验，在项目团队中担任主力开发； 3、熟悉RESTful API设计，熟悉HTTP协议，了解JSON、XML等数据交换格式 4、需要具备与第三方系统接口对接经验 5、熟悉MySQL、Redis、MongoDB等常用数据库和缓存技术，了解SQL优化方法 6、掌握前端技术栈，如Vue、Element-UI等，能够使用vue的树列表以及编写钩子事件等 7、具备良好的编程习惯，熟悉常用的设计模式，对代码质量有较高要求 8、具备良好的团队合作精神和沟通能力，能够主动承担责任，解决问题 9、有项目管理系统开发经验、如：MIS系统等 10、计算机相关专业专科及以上学历，3年以上JAVA后端开发经验 三、工作职责 1、负责后端服务的开发、测试、部署及优化工作； 2、参与系统设计，完成数据库设计、接口设计等相关文档编写； 3、配合前端团队进行接口开发，确保数据交互的准确性与高效性； 4、对现有系统进行性能调优，提升系统稳定性与可扩展性； 5、完成上级交办的其他任务 四、福利 五险、带薪年假、节假日福利 奖金绩效 年底双薪，13薪根据当年绩效情况进行评分折算系数 工作地点 南京雨花台区喜玛拉雅L座8204 以担保或任何理由索要财物，扣押证照，均涉嫌违法。一经发现， 立即举报,"Java,Servlet,Javascript,JavaScript,Mybatis,Spring,达梦数据库,MySQL,Redis",http://www.zhaopin.com/jobdetail/CC873132360J40094734412.htm?refcode=4019&srccode=401901&preactionid=7ae01a06-4458-4089-8955-99d354e91fb4
python开发工程师,成都迈思信息技术有限公司,1.1-1.4万,成都·武侯·桂溪,广州,本科,3-5年,7月9日,zhilian,职位描述 Java Django MySQL 产业互联网平台 - 熟练掌握Python编程语言，熟悉Python核心语法、数据结构与算法，具备扎实的编程基础，代码风格规范。 - 熟练掌握至少一种主流Python后端框架，如FastAPI、Flask，理解框架底层原理，能够独立完成接口开发与业务搭建。 - 熟练掌握MySQL数据库、国产数据库Kingbase、达梦，精通SQL编写、索引优化、事务处理，了解Redis缓存的使用及场景优化，具备数据库调优经验者优先。 - 具备实际落地的项目经验，有大型项目经验者优先，了解Langchain、MCP、RAG相关技术者优先。 - 熟悉RESTful API设计规范，具备前后端接口联调、接口文档编写能力，了解接口限流、熔断、加密等安全优化方案。 - 了解Linux操作系统，熟练使用常用Linux命令，具备基础的服务器部署、日志排查、项目运维能力。 - 熟悉Git版本控制工具，掌握分支管理、代码提交、合并、冲突解决等团队协作流程。 - 有自动化测试、爬虫开发、数据分析、微服务开发任意相关经验者优先；了解Docker、容器化部署者优先。 - 有一定大数据经验，有Flink、Spark经验者且有实际项目落地者优先。 工作地点 成都武侯区国家西部信息安全产业基地-3号门 以担保或任何理由索要财物，扣押证照，均涉嫌违法。一经发现， 立即举报,"Java,Django,MySQL",http://www.zhaopin.com/jobdetail/CC153170410J40995365702.htm?refcode=4019&srccode=401901&preactionid=7ae01a06-4458-4089-8955-99d354e91fb4
深度学习算法工程师,福州高新区晴天信息技术咨询服务部,300-500元/时,福州·闽侯·上街,广州,本科,经验不限,7月16日,zhilian,岗位职责&要求] 1、精通Matlab/python优化强化、以太坊区块链，机器学习、深度学习、仿真、复现、算法、神经网络、建模、数字图像识别等其中一项或多项技术 2、愿意用专业的技能与经验帮助他人，个性严谨，为人谦和，细心认真，责任心强，业余时间较多。 3、愿意利用业余碎片化时间赚取丰厚佣金。 欢迎各位在校学生/职场新人们踊跃报名参加，加入我们，我们能为你带来一份不错的额外收入。 工作地点 福建省福州市闽侯县上街镇国宾大道280号世纪金源域景酒店(六楼)深融财富中心3号1401 以担保或任何理由索要财物，扣押证照，均涉嫌违法。一经发现， 立即举报,"深度学习,图像算法,机器视觉,自然语言处理,知识图谱,Python,强化学习",http://www.zhaopin.com/jobdetail/CCL1456322900J40494299002.htm?refcode=4019&srccode=401901&preactionid=7ae01a06-4458-4089-8955-99d354e91fb4
python后端开发工程师,陕西三泽机电科技有限公司,8000-13000元,西安·雁塔·电子城,广州,大专,1-3年,4月16日,zhilian,岗位职责 负责物联网平台后端 API 接口开发，使用 Django + DRF + SimpleJWT 框架 设计和优化 MySQL 数据库结构，编写高效的 SQL 语句 数剧 PostgreSQL +TimescaleDB / MySQL 对接 MQTT 物联网网关，处理设备上报数据 开发 RESTful API，对接前端和第三方系统 编写接口文档，进行接口测试和性能优化 🎯 任职要求 学历要求：大专及以上学历，计算机相关专业 经验要求：2年以上后端开发经验 核心技能：精通 Django + DRF + SimpleJWT 框架 数据库：熟练使用 MySQL，掌握 SQL 优化、索引设计 缓存：熟悉 Redis 缓存应用 其他：了解 MQTT、WebSocket、RESTful API 设计规范 ⭐ 加分项 有物联网平台开发经验，熟悉 MQTT/CoAP 协议 熟悉 Docker 容器化部署 有 Linux 服务器运维经验 有前端Vue 3 + TypeScript + Element Plus + Vite经验者优先 工作地点 西安雁塔区荣禾云图中心2501号 以担保或任何理由索要财物，扣押证照，均涉嫌违法。一经发现， 立即举报,"JavaScript,Django,MySQL,PostgreSQL,Redis",http://www.zhaopin.com/jobdetail/CCL1262911130J40932416715.htm?refcode=4019&srccode=401901&preactionid=7ae01a06-4458-4089-8955-99d354e91fb4
软件研发工程师,广州市海珠区琶洲数字经济创新发展服务中心,1.5-2.5万,广州·天河·冼村,广州,本科,3-5年,7月25日,zhilian,职位描述 后端开发 大数据开发 SpringBoot SpringCloud 工作描述: 1．负责各类主流电商平台、短视频平台的数据抓取平台建设(偏工程方向)和维护； 2．负责爬虫自研基础工具和框架开发和维护，配合逆向开发同学解决爬虫遇到的各种反爬问题； 3. 负责爬虫数据的清洗，存储等大数据开发工作。 4．与项目经理、产品、下游团队等部门人员沟通，对外提供各种服务完成整体业务需求达成业务目标； 职位要求: 1. 计算机相关专业本科以上学历，3年以上Java编程经验； 2. 熟练掌握Java开发技术，基础扎实，熟悉Java技术体系(JVM、类装载机制、多线程并发、IO、网络等) 3. 了解常用开源爬虫技术框架，了解前端js技术。 4. 有大数据相关开发经验，有良好的数据建模能力，能熟练使用hive，sparksql。有odps等使用经验更佳。 5. 熟悉分布式和高并发系统的设计与开发，熟悉Mysql 、Memcache、Redis、消息队列、ES等常用组件的使用与调优； 6. 熟悉 Linux 环境下常用的系统工具，能利用工具排查 CPU、内存和网络 IO 等问题； 7. 积极乐观，责任心强，工作认真细致，具有良好的团队沟通与协作能力，抗压能力强，有较强的自我驱动能力。 工作地点 广州天河区珠江城 以担保或任何理由索要财物，扣押证照，均涉嫌违法。一经发现， 立即举报 客户,"后端开发,大数据开发,SpringBoot,SpringCloud",http://www.zhaopin.com/jobdetail/CCL1318355140J40430818403.htm?refcode=4019&srccode=401901&preactionid=7ae01a06-4458-4089-8955-99d354e91fb4
爬虫工程师,山东云图易购电子商务有限公司,6000-8000元·13薪,潍坊·奎文·清池,北京,本科,经验不限,,zhilian,,"数据采集,爬虫开发",http://www.zhaopin.com/jobdetail/CCL1414417800J40782974101.htm?refcode=4019&srccode=401901&preactionid=bb1b85cc-af72-45e4-a903-c9149c42d8cb
爬虫工程师,北京金安明信科技有限公司,1-2万,北京·昌平,北京,本科,1-3年,,zhilian,,"Python,Scrapy,PySpider,数据采集,分布式爬虫,爬虫开发",http://www.zhaopin.com/jobdetail/CC289330230J41004621102.htm?refcode=4019&srccode=401901&preactionid=bb1b85cc-af72-45e4-a903-c9149c42d8cb
python爬虫工程师,河南路建科技有限公司,7000-11000元,郑州·中牟,北京,本科,1-3年,,zhilian,,"Python,数据挖掘,爬虫开发,反爬虫",http://www.zhaopin.com/jobdetail/CCL1363648020J40834765916.htm?refcode=4019&srccode=401901&preactionid=bb1b85cc-af72-45e4-a903-c9149c42d8cb
初级爬虫工程师,深圳市卓行致远控股有限公司,8000-10000元,武汉·洪山·关山,北京,大专,1-3年,,zhilian,,"Python,HTML,CSS,数据采集,爬虫开发,反爬虫,Scrapy,requests,数据清洗,爬虫监控维护,反反爬实践",http://www.zhaopin.com/jobdetail/CCL1524600340J40940384808.htm?refcode=4019&srccode=401901&preactionid=bb1b85cc-af72-45e4-a903-c9149c42d8cb
爬虫工程师,弘奎(西安)智能科技有限公司,1.1-2万,西安·雁塔·漳浒寨,北京,本科,3-5年,,zhilian,,"数据清洗,爬虫开发,反爬虫,数据采集",http://www.zhaopin.com/jobdetail/CCL1242416230J40773486816.htm?refcode=4019&srccode=401901&preactionid=bb1b85cc-af72-45e4-a903-c9149c42d8cb
Python开发工程师,江西盟小氪信息科技有限公司,4000-5000元,南昌·红谷滩·卫东,北京,大专,经验不限,,zhilian,,"Python,Django,MySQL,Oracle,PostgreSQL,AI自动化",http://www.zhaopin.com/jobdetail/CCL1345146980J40875517010.htm?refcode=4019&srccode=401901&preactionid=c8bfb004-194f-45c0-8069-726ee19b5219
Python爬虫工程师,天下药仓股份有限公司,8000-15000元,武汉·武昌,北京,本科,1-3年,,zhilian,,"C++,Django,RPA,反爬,JS逆向,Python",http://www.zhaopin.com/jobdetail/CC266799380J40958148315.htm?refcode=4019&srccode=401901&preactionid=c8bfb004-194f-45c0-8069-726ee19b5219
Python开发工程师,苏州谋迅智能科技有限公司,1.2-2.4万,苏州·虎丘,北京,本科,1-3年,,zhilian,,"Python,PYQT,中级软件工程师,软件工程师",http://www.zhaopin.com/jobdetail/CC868738960J40331536302.htm?refcode=4019&srccode=401901&preactionid=4ad60baf-5b71-4d14-9fd1-a599e0b92d42
android逆向爬虫工程师,小葱(江苏)信息科技股份有限公司,1.4-1.5万,杭州·余杭·五常,北京,本科,3-5年,,zhilian,,"电商项目,高反爬难度深度抓取,TCP/UDP,HTTP/HTTPS 协议",http://www.zhaopin.com/jobdetail/CCL1216963320J40913088003.htm?refcode=4019&srccode=401901&preactionid=4ad60baf-5b71-4d14-9fd1-a599e0b92d42
高级爬虫工程师,协合运维,1.5-3万,北京·丰台·看丹,北京,本科,5-10年,,zhilian,,"Python,SQL,Java,Shell,数据挖掘,数据清洗,数据采集,爬虫开发,反爬虫,JavaScript,Spark",http://www.zhaopin.com/jobdetail/CC430134810J40691204906.htm?refcode=4019&srccode=401901&preactionid=d98cf165-5bb2-40c1-a6c5-b3b4b030467a
开发工程师,台州银信智数科技有限公司,6000-10000元·14薪,台州·天台县·坦头镇,北京,本科,1-3年,,zhilian,,"JavaScript,Python,Mybatis,Spring",http://www.zhaopin.com/jobdetail/CZ643896930J00161276306.htm?refcode=4019&srccode=401901&preactionid=d98cf165-5bb2-40c1-a6c5-b3b4b030467a
后端工程师,北京通合智能科技有限公司,1.6-2.2万,北京·海淀·西三旗,北京,本科,3-5年,,zhilian,,"爬虫开发,分布式爬虫,反爬虫",http://www.zhaopin.com/jobdetail/CCL1372110400J40837872514.htm?refcode=4019&srccode=401901&preactionid=d98cf165-5bb2-40c1-a6c5-b3b4b030467a
全栈工程师,知物科技(赤峰)有限公司,4000-6000元,赤峰·红山区·西城街道,北京,本科,经验不限,,zhilian,,"MySQL,JavaScript,Java,前端开发,后端开发",http://www.zhaopin.com/jobdetail/CCL1468175630J40842446615.htm?refcode=4019&srccode=401901&preactionid=d98cf165-5bb2-40c1-a6c5-b3b4b030467a
初级python开发工程师,沪上灵犀科技(上海)有限公司,9000-12000元,杭州·西湖·翠苑,广州,本科,经验不限,,zhilian,,"Django,Flask,MySQL,PostgreSQL,Web开发,代码质量保障,团队协作",http://www.zhaopin.com/jobdetail/CCL1512826650J40878690210.htm?refcode=4019&srccode=401901&preactionid=016532b1-7c73-40ad-a9d4-b045b75c6707
python后端开发技术员/五险一金,广州宇瑞人力资源有限公司,9000-12000元,重庆·两江新区,广州,大专,经验不限,,zhilian,,"Django,Flask,MySQL,PostgreSQL,Redis,后端开发维护,RESTFUL API设计,数据库优化",http://www.zhaopin.com/jobdetail/CCL1526650730J40878674110.htm?refcode=4019&srccode=401901&preactionid=a982e695-b49c-4bb2-a448-004c7492275e
Python后端开发（爬虫+小程序全栈）,好企融(郑州)企业服务有限公司,8000-15000元,郑州·中原·航海西路,广州,大专,3-5年,,zhilian,,Python,http://www.zhaopin.com/jobdetail/CCL1464520380J40954383908.htm?refcode=4019&srccode=401901&preactionid=83569830-152f-4dbb-8dd9-53ee1f64578c
java开发工程师,贵州超擎科技有限公司,8000-16000元,贵阳·云岩·黔灵,广州,学历不限,5-10年,,zhilian,,"JavaScript,Python,CSS,Spring,MySQL,Java,WEB开发",http://www.zhaopin.com/jobdetail/CCL1526605450J40899862213.htm?refcode=4019&srccode=401901&preactionid=00e30445-bf50-4698-90fe-82025689e558
数据采集爬虫开发工程师,郑州讯客建筑有限公司,9000-11000元·13薪,郑州·金水·祭城路,广州,本科,3-5年,,zhilian,,"Python,HTML,爬虫开发,反爬虫,Scrapy,建筑行业数据采集,数据结构化处理,爬虫性能优化,GO,Scala",http://www.zhaopin.com/jobdetail/CCL1511978880J40877795810.htm?refcode=4019&srccode=401901&preactionid=015dad42-6d52-4df3-bdf9-8f648ea293f3
RPA开发工程师,合肥言行科技有限公司,8000-12000元,合肥·蜀山·新产业园,广州,本科,1-3年,,zhilian,,"RPA开发,PYTHON开发,爬虫工程师",http://www.zhaopin.com/jobdetail/CCL1524393070J40873891209.htm?refcode=4019&srccode=401901&preactionid=015dad42-6d52-4df3-bdf9-8f648ea293f3
Golang开发工程师,福州高岭数据科技有限公司,8000-13000元,福州·闽侯·上街,广州,本科,1-3年,,zhilian,,"Golang,AI项目,软件项目,MySQL",http://www.zhaopin.com/jobdetail/CCL1509398670J40792051606.htm?refcode=4019&srccode=401901&preactionid=8b5607ed-6385-42a8-aedb-7c2b984a4b0a
python开发工程师/python爬虫方向,深圳市猎芯科技有限公司,1.4-2.5万,深圳·龙岗·坂田,广州,本科,3-5年,,zhilian,,数据采集,http://www.zhaopin.com/jobdetail/CC347226980J40833770810.htm?refcode=4019&srccode=401901&preactionid=8b5607ed-6385-42a8-aedb-7c2b984a4b0a
全栈工程师,长沙米恩源数字科技有限公司,1-1.2万,长沙·岳麓·麓谷,广州,本科,3-5年,,zhilian,,"前端开发,后端开发,Vue,Java,JavaScript,C#,JS,全栈,本科,开发",http://www.zhaopin.com/jobdetail/CCL1485887330J40709263615.htm?refcode=4019&srccode=401901&preactionid=cb7775a5-5792-4900-a4e1-26d08a2dce0a
全栈工程师,海口智乐科技有限公司,6000-9000元,海口·美兰·蓝天,广州,大专,1-3年,,zhilian,,"后端开发,Python,Java,GoLang,MySQL,Redis,MongoDB",http://www.zhaopin.com/jobdetail/CCL1478751530J40958620515.htm?refcode=4019&srccode=401901&preactionid=cb7775a5-5792-4900-a4e1-26d08a2dce0a
后端工程师26062502,华能信息技术有限公司,2.5-3.5万,北京·朝阳·望京,广州,硕士,5-10年,,zhilian,,爬虫开发,http://www.zhaopin.com/jobdetail/CC846483000J40905307303.htm?refcode=4019&srccode=401901&preactionid=cb7775a5-5792-4900-a4e1-26d08a2dce0a
高级数据采集工程师,浪潮集团,1.5-2.5万,济南·历下·舜华路,广州,本科,3-5年,,zhilian,,"Python,分布式爬虫,反爬虫,数据爬虫",http://www.zhaopin.com/jobdetail/CC120143600J40958622615.htm?refcode=4019&srccode=401901&preactionid=cb7775a5-5792-4900-a4e1-26d08a2dce0a
软件开发-Python,深圳市凯瑞佳易科技有限公司,9000-14000元·14薪,深圳·福田·华强北,广州,本科,3-5年,,zhilian,,本科,http://www.zhaopin.com/jobdetail/CCL1461615970J40933154315.htm?refcode=4019&srccode=401901&preactionid=cb7775a5-5792-4900-a4e1-26d08a2dce0a
python全栈工程师,南京众信慧德网络科技有限公司,6000-12000元,南京·浦口·泰山,广州,学历不限,1-3年,,zhilian,,"Django,Flask,MySQL,Tornado,Redis,MongoDB",http://www.zhaopin.com/jobdetail/CC257684739J00122413202.htm?refcode=4019&srccode=401901&preactionid=cb7775a5-5792-4900-a4e1-26d08a2dce0a
Java全栈工程师,北京虎蜥信息技术有限公司,6000-8000元,沈阳·皇姑·三台子,广州,本科,1-3年,,zhilian,,"后端开发,前端开发,Java,MySQL,国产化适配,JavaScript,Vue,ElementUI",http://www.zhaopin.com/jobdetail/CC133974930J40792554306.htm?refcode=4019&srccode=401901&preactionid=cb7775a5-5792-4900-a4e1-26d08a2dce0a
RPA与数据开发工程师（电商运营数字化方向）,洛阳市苇玖诚商贸有限公司,8000-12000元,洛阳·涧西·工农,广州,大专,3-5年,,zhilian,,"数据架构,Python,Java,RPA,数据库开发",http://www.zhaopin.com/jobdetail/CCL1348673600J40860445201.htm?refcode=4019&srccode=401901&preactionid=195a3674-19fa-4a6f-a5f5-23de03e414a5
python开发工程师,西安兴汇电力科技有限公司,1.1-1.6万,西安·长安·王寺,广州,本科,3-5年,,zhilian,,"Django,Flask",http://www.zhaopin.com/jobdetail/CC142143830J40959387315.htm?refcode=4019&srccode=401901&preactionid=195a3674-19fa-4a6f-a5f5-23de03e414a5
开发工程师,鹏劳人力,8000-16000元,深圳·南山·南山,广州,本科,1-3年,,zhilian,,"Flask,Sql,Redis",http://www.zhaopin.com/jobdetail/CC138924830J40915639612.htm?refcode=4019&srccode=401901&preactionid=195a3674-19fa-4a6f-a5f5-23de03e414a5
数据采集开发实习生（上海）,上海寰通商务科技有限公司,120-150元/天,上海·静安·天目西路,广州,本科,经验不限,,zhilian,,"Python,SQL,数据清洗,数据采集,RPA,PLAYWRIGHT,REST API",http://www.zhaopin.com/jobdetail/CC137751860J40856059307.htm?refcode=4019&srccode=401901&preactionid=195a3674-19fa-4a6f-a5f5-23de03e414a5
Python开发工程师,八六三软件,1.6-2.4万,上海·黄浦·外滩,广州,本科,5-10年,,zhilian,,"Flask,MySQL,MongoDB,Redis",http://www.zhaopin.com/jobdetail/CC621497980J40877712909.htm?refcode=4019&srccode=401901&preactionid=bf5b8d56-8454-496b-84af-d7d85b4621db
全栈开发工程师,杭州有因有果科技有限公司,1-1.5万,杭州·钱塘·白杨,广州,本科,1-3年,,zhilian,,"Python,MySQL,node.js,后端开发,前端开发",http://www.zhaopin.com/jobdetail/CCL1476375120J40866578007.htm?refcode=4019&srccode=401901&preactionid=bf5b8d56-8454-496b-84af-d7d85b4621db
资深后端开发工程师（物流行业优先）,青岛智远环球供应链管理有限公司,9000-15000元·13薪,青岛·市南·湛山,广州,大专,5-10年,,zhilian,,"Java,Python,J2EE,Redis,Oracle",http://www.zhaopin.com/jobdetail/CCL1477389290J40474899213.htm?refcode=4019&srccode=401901&preactionid=bf5b8d56-8454-496b-84af-d7d85b4621db
软件开发技术经理,东莞市恒亚罗斯计算机科技有限公司,8000-16000元,东莞·虎门镇,广州,本科,3-5年,,zhilian,,"全栈开发,Windows开发,移动开发,JQuery,Vue,React,Angular,Bootstrap,爬虫工程师,iOS开发,嵌入式软件开发",http://www.zhaopin.com/jobdetail/CC668565120J40824414805.htm?refcode=4019&srccode=401901&preactionid=bf5b8d56-8454-496b-84af-d7d85b4621db
Python后端开发工程师,深圳邦芒人力资源有限公司,1.6-2.2万,广州·天河·林和,广州,本科,3-5年,,zhilian,,"Django,PostgreSQL,Redis,Python",http://www.zhaopin.com/jobdetail/CC620799920J40936899415.htm?refcode=4019&srccode=401901&preactionid=bf5b8d56-8454-496b-84af-d7d85b4621db
python工程师（驻点河源）,广州西麦科技股份有限公司,6000-8000元,河源·源城区·源西街道,广州,本科,经验不限,,zhilian,,"Sql,AGENT,RPA",http://www.zhaopin.com/jobdetail/CC199540820J41012101604.htm?refcode=4019&srccode=401901&preactionid=bf5b8d56-8454-496b-84af-d7d85b4621db
python工程师（Agent）,北京睿智融科控股股份有限公司,1.5-2万·13薪,北京·朝阳·东湖,广州,本科,3-5年,,zhilian,,"PHP,Django,MySQL,爬虫,数据采集",http://www.zhaopin.com/jobdetail/CC446509720J40895566213.htm?refcode=4019&srccode=401901&preactionid=bf5b8d56-8454-496b-84af-d7d85b4621db
数据工程师,浪潮集团,1.5-2万,北京·海淀·马连洼,广州,本科,3-5年,,zhilian,,"数据管道建设,多维数据统计,数据质量监控,Python",http://www.zhaopin.com/jobdetail/CC120143600J40936977915.htm?refcode=4019&srccode=401901&preactionid=bf5b8d56-8454-496b-84af-d7d85b4621db
数据采集清洗工程师,国研科技集团有限公司,100-150元/天,北京·东城·景山,广州,本科,经验不限,,zhilian,,"Python,requests,Scrapy,数据采集清洗,结构化存储",http://www.zhaopin.com/jobdetail/CC000275200J40892988103.htm?refcode=4019&srccode=401901&preactionid=825d75c1-1108-45f8-89a5-260b8dfb0f91
全栈开发工程师（Python）,深圳市法本信息技术股份有限公司,1.4-2万,上海·徐汇·龙华,广州,本科,3-5年,,zhilian,,"Java,Django,MySQL",http://www.zhaopin.com/jobdetail/CC385622410J40792973006.htm?refcode=4019&srccode=401901&preactionid=825d75c1-1108-45f8-89a5-260b8dfb0f91
Python 自动化开发工程师（全栈方向）,深圳市东方合信家族财富管理有限公司,1.2-1.5万,深圳·福田·梅林,广州,本科,3-5年,,zhilian,,"Python,PHP",http://www.zhaopin.com/jobdetail/CC505937780J40831467701.htm?refcode=4019&srccode=401901&preactionid=825d75c1-1108-45f8-89a5-260b8dfb0f91
Java开发工程师,山东上正信息科技有限公司,8000-15000元,济南·历下·智远,广州,本科,5-10年,,zhilian,,"Java,软件工程师,SQL,SQL Server,HTML5,MySQL,Oracle,Mybatis",http://www.zhaopin.com/jobdetail/CC269247630J40820091615.htm?refcode=4019&srccode=401901&preactionid=825d75c1-1108-45f8-89a5-260b8dfb0f91
全栈高级开发工程师,北京金蚁汇智能科技有限公司,1-1.8万,郑州·金水·祭城路,广州,本科,5-10年,,zhilian,,"前端开发,后端开发,架构开发,JavaScript,Vue,react,Python,Java,PHP,MySQL,Oracle,SQL Server",http://www.zhaopin.com/jobdetail/CCL1389727860J40907582815.htm?refcode=4019&srccode=401901&preactionid=825d75c1-1108-45f8-89a5-260b8dfb0f91
服务端研发经理,北京百灵心语国际健康管理有限公司,1.5-2.5万,北京·昌平·龙泽园,广州,本科,经验不限,,zhilian,,"Go,SQL,数据结构,服务器配置,服务端开发,爬虫工程师,iOS开发,前后端开发,客户端开发",http://www.zhaopin.com/jobdetail/CCL1455662440J40711674314.htm?refcode=4019&srccode=401901&preactionid=825d75c1-1108-45f8-89a5-260b8dfb0f91
java后端工程师,美的集团,1-1.2万,佛山·顺德·北滘,广州,大专,3-5年,,zhilian,,"JavaScript,Python,Spring,Mybatis,MySQL,Oracle",http://www.zhaopin.com/jobdetail/CC000175860J40916477915.htm?refcode=4019&srccode=401901&preactionid=825d75c1-1108-45f8-89a5-260b8dfb0f91
python全栈工程师,软通计算机有限公司,1.6-3万,北京·海淀·马连洼,广州,本科,1-3年,,zhilian,,PYTHON全栈工程师,http://www.zhaopin.com/jobdetail/CC611769920J40858276109.htm?refcode=4019&srccode=401901&preactionid=825d75c1-1108-45f8-89a5-260b8dfb0f91
java开发工程师,江西比特犬云数据服务有限公司,9000-12000元,南昌·红谷滩,广州,本科,3-5年,,zhilian,,测评系统开发经验,http://www.zhaopin.com/jobdetail/CC452284080J40914063212.htm?refcode=4019&srccode=401901&preactionid=825d75c1-1108-45f8-89a5-260b8dfb0f91
全栈工程师,成都刀盾科技有限公司,7000-10000元,成都·武侯·桂溪,广州,本科,3-5年,,zhilian,,"MySQL,Redis,MongoDB,全栈开发,React,Node.js,前端开发,后端开发,架构开发,Vue,Python,Java",http://www.zhaopin.com/jobdetail/CCL1525685650J40878772905.htm?refcode=4019&srccode=401901&preactionid=825d75c1-1108-45f8-89a5-260b8dfb0f91
java后端工程师,山西掌柜鼎科技股份有限公司,8000-16000元,太原·万柏林·千峰,广州,大专,5-10年,,zhilian,,"JavaScript,Python,Spring",http://www.zhaopin.com/jobdetail/CCL1359125360J40851244705.htm?refcode=4019&srccode=401901&preactionid=d8b4e6da-b73a-41a5-800e-c554cc42d802
JAVA工程师,北京敬辉汽车租赁服务有限公司,1.2-1.5万·13薪,北京·昌平·回龙观,广州,本科,3-5年,,zhilian,,"MySQL,MongoDB,Spring,Mybatis,Python,JavaScript",http://www.zhaopin.com/jobdetail/CCL1488846400J40878020414.htm?refcode=4019&srccode=401901&preactionid=d8b4e6da-b73a-41a5-800e-c554cc42d802
python开发工程师,同方鼎欣科技股份有限公司,1.4-1.6万,北京·朝阳·酒仙桥,广州,大专,5-10年,,zhilian,,"Shell,MySQL,Python",http://www.zhaopin.com/jobdetail/CC120137340J40734797709.htm?refcode=4019&srccode=401901&preactionid=d8b4e6da-b73a-41a5-800e-c554cc42d802
反爬专家-国际化安全,北京嘀嘀无限科技发展有限公司,2.5-4.5万·15薪,北京·昌平·回龙观,广州,本科,3-5年,,zhilian,,"流量安全,反爬",http://www.zhaopin.com/jobdetail/CC564378120J40833652010.htm?refcode=4019&srccode=401901&preactionid=d8b4e6da-b73a-41a5-800e-c554cc42d802
AI搜索技术工程师,上海荧通网络信息技术有限公司,1.5-3万,上海·徐汇·虹梅路,广州,本科,1-3年,,zhilian,,"推荐算法,AGENT工作流,CHATGPT,GEMINI,PERPLEXITY,DEEPSEEK,文心一言",http://www.zhaopin.com/jobdetail/CC133483150J40855946111.htm?refcode=4019&srccode=401901&preactionid=d8b4e6da-b73a-41a5-800e-c554cc42d802
Data Infrastructure & Crawling Engineer,深圳麦客骐科技有限公司,1.5-2万·13薪,深圳·龙岗·坂田,广州,本科,3-5年,,zhilian,,"Sql,PyQt,PostgreSQL",http://www.zhaopin.com/jobdetail/CCL1385804700J40908656312.htm?refcode=4019&srccode=401901&preactionid=d8b4e6da-b73a-41a5-800e-c554cc42d802
中高级Python开发工程师,华能信息技术有限公司,1.6-2.5万,北京·朝阳·望京,广州,本科,5-10年,,zhilian,,"Java,Django,MySQL,requests,BeautifulSoup,HTML/CSS,JavaScript",http://www.zhaopin.com/jobdetail/CC846483000J40873405103.htm?refcode=4019&srccode=401901&preactionid=d8b4e6da-b73a-41a5-800e-c554cc42d802
Python高级开发工程师（数据方向）,上海洛书投资管理有限公司,2.5-3万,上海·浦东·花木,广州,本科,3-5年,,zhilian,,"MySQL,SQLServer",http://www.zhaopin.com/jobdetail/CC246060330J40905205712.htm?refcode=4019&srccode=401901&preactionid=d8b4e6da-b73a-41a5-800e-c554cc42d802
Python金融数据工程师（需要有金融经验）,深圳市睿服科技有限公司,1.8-2万,北京·丰台·太平桥,广州,本科,5-10年,,zhilian,,"Sql,AGENT,万得AP1、彭博,爬虫,金融数据挖掘",http://www.zhaopin.com/jobdetail/CC603465980J40874687409.htm?refcode=4019&srccode=401901&preactionid=d8b4e6da-b73a-41a5-800e-c554cc42d802
AI 数据工程师—数字出版公司,新华文轩,8000-10000元,成都·武侯·石羊,广州,本科,1-3年,,zhilian,,AI数据工程师,http://www.zhaopin.com/jobdetail/CC132684580J40912304112.htm?refcode=4019&srccode=401901&preactionid=d8b4e6da-b73a-41a5-800e-c554cc42d802
全栈工程师（Python / Go）,好水(南京)环保科技有限公司,1.4-1.6万,南京·江宁·秣陵,广州,本科,3-5年,,zhilian,,"Python,GoLang,后端开发",http://www.zhaopin.com/jobdetail/CCL1373929800J40874971909.htm?refcode=4019&srccode=401901&preactionid=d8b4e6da-b73a-41a5-800e-c554cc42d802
大模型数据运营（数据治理项目经理、数据治理工程师）,中视天合信息科技有限公司,2-2.5万·13薪,北京·海淀·羊坊店,广州,本科,5-10年,,zhilian,,数据采集,http://www.zhaopin.com/jobdetail/CCL1492648310J40946531508.htm?refcode=4019&srccode=401901&preactionid=d8b4e6da-b73a-41a5-800e-c554cc42d802
数据工程&内容创作工程师（创意写作方向）,上海微创软件股份有限公司,1-1.6万,西安·雁塔·漳浒寨,广州,本科,经验不限,,zhilian,,"编剧,数据采集",http://www.zhaopin.com/jobdetail/CC000638920J40875728814.htm?refcode=4019&srccode=401901&preactionid=d8b4e6da-b73a-41a5-800e-c554cc42d802
初级AI爬虫工程师,掌起(成都)供应链管理有限公司,1-1.5万,成都·青羊·光华,广州,本科,经验不限,,zhilian,,"Python,数据采集,数据清洗,爬虫",http://www.zhaopin.com/jobdetail/CCL1289438920J40724643414.htm?refcode=4019&srccode=401901&preactionid=1a27b803-e346-4d9a-b019-7d6bdb4c12eb
Python爬虫工程师,河南豫程航空票务服务有限公司,7000-14000元,郑州·金水·祭城路,广州,大专,1-3年,,zhilian,,网络爬虫技术,http://www.zhaopin.com/jobdetail/CCL1210361120J40405910509.htm?refcode=4019&srccode=401901&preactionid=1a27b803-e346-4d9a-b019-7d6bdb4c12eb
PYthon用开发程序员,河北谱飞科特人力资源服务有限公司,1.2-1.5万,长春·九台·南岭,广州,中专/中技,经验不限,,zhilian,,Shell,http://www.zhaopin.com/jobdetail/CCL1485238940J40793303106.htm?refcode=4019&srccode=401901&preactionid=1a27b803-e346-4d9a-b019-7d6bdb4c12eb
python爬虫工程师,深圳市汇创智科控股有限责任公司,7000-10000元,深圳·南山·粤海,广州,大专,1-3年,,zhilian,,"Python,数据采集,反爬虫,Scrapy,requests,反反爬实战,数据清洗结构化,爬虫系统维护优化",http://www.zhaopin.com/jobdetail/CCL1523505760J40852082401.htm?refcode=4019&srccode=401901&preactionid=1a27b803-e346-4d9a-b019-7d6bdb4c12eb
python爬虫开发工程师（兼职）,陕西会飞的猫网络科技所(个人独资企业),1.4-1.5万,西安·未央·未央湖,广州,学历不限,3-5年,,zhilian,,"Python,爬虫开发,数据采集,数据清洗,反爬虫,分布式爬虫,网页自动化",http://www.zhaopin.com/jobdetail/CCL1494438830J40772410406.htm?refcode=4019&srccode=401901&preactionid=1a27b803-e346-4d9a-b019-7d6bdb4c12eb
高级python爬虫工程师（资管）,成都海润新能科技有限公司,1-1.2万,太原·晋源·义井,广州,本科,3-5年,,zhilian,,Python,http://www.zhaopin.com/jobdetail/CCL1492762800J40843863810.htm?refcode=4019&srccode=401901&preactionid=1a27b803-e346-4d9a-b019-7d6bdb4c12eb
python爬虫工程师,广州全芃信息技术有限公司,8000-16000元,广州·天河·凤凰,广州,本科,5-10年,,zhilian,,"Python,GO,反爬虫,爬虫开发,数据采集,数据清洗,分布式爬虫,Scrapy,requests,Django",http://www.zhaopin.com/jobdetail/CCL1502663510J40762685307.htm?refcode=4019&srccode=401901&preactionid=1a27b803-e346-4d9a-b019-7d6bdb4c12eb
数据采集,杭州奥利菲贸易有限公司,1-1.3万,杭州·滨江·长河,广州,大专,1-3年,,zhilian,,"数据爬虫,Python,SQL,Scrapy,多源数据采集,数据质量管控,采集流程监控",http://www.zhaopin.com/jobdetail/CCL1525972410J41019396004.htm?refcode=4019&srccode=401901&preactionid=1a27b803-e346-4d9a-b019-7d6bdb4c12eb
python脚本开发工程师,沙臾海(上海)科技有限公司,1.4-1.6万,上海·静安·彭浦,广州,大专,1年以下,,zhilian,,"Python,高并发,自动化脚本开发,数据处理,脚本性能优化",http://www.zhaopin.com/jobdetail/CCL1524387900J40910706203.htm?refcode=4019&srccode=401901&preactionid=1a27b803-e346-4d9a-b019-7d6bdb4c12eb
python脚本开发工程师,北京善洁卫康科技有限公司,1.4-1.5万,北京·门头沟,广州,大专,经验不限,,zhilian,,"Python,爬虫开发,自动化脚本开发,数据处理,DEVOPS自动化",http://www.zhaopin.com/jobdetail/CC710651030J40862211611.htm?refcode=4019&srccode=401901&preactionid=1a27b803-e346-4d9a-b019-7d6bdb4c12eb
python脚本开发工程师,北京古波特农业科技有限公司,1.4-1.5万,北京·怀柔·桥梓,广州,大专,经验不限,,zhilian,,"Python,自动化脚本开发,数据处理分析,工具优化迭代",http://www.zhaopin.com/jobdetail/CC568154080J40875753610.htm?refcode=4019&srccode=401901&preactionid=1a27b803-e346-4d9a-b019-7d6bdb4c12eb
数据采集员,吉林省宏锦信息咨询服务有限公司,6000-11000元,长春·二道·东盛,广州,大专,3-5年,,zhilian,,"数据爬虫,数据抽取,反爬虫,Python,Java,HTML,CSS",http://www.zhaopin.com/jobdetail/CCL1523342940J40867309414.htm?refcode=4019&srccode=401901&preactionid=1a27b803-e346-4d9a-b019-7d6bdb4c12eb
初级开发工程师,广州乐斯汀科技有限公司,1.5-2万,广州·黄埔·南岗,广州,本科,经验不限,,zhilian,,"架构开发,Python,C++",http://www.zhaopin.com/jobdetail/CCL1526519060J40865387007.htm?refcode=4019&srccode=401901&preactionid=1a27b803-e346-4d9a-b019-7d6bdb4c12eb
AI数据工程师招聘--主要负责（数据采集、清洗、分析等）,山东舜山投资有限公司,8000-16000元·13薪,济南·历城·港沟,广州,本科,1-3年,,zhilian,,"数据爬虫,数据抽取,反爬虫,数据分析、数据清洗、,数据采集、AI数据处理",http://www.zhaopin.com/jobdetail/CCL1525087220J40955040815.htm?refcode=4019&srccode=401901&preactionid=7b9d9c3f-7793-48ba-9e2b-1f54e1ba8dda
python脚本开发工程师,北京风速风向科技有限公司,1.4-1.5万,北京·密云·鼓楼,广州,大专,经验不限,,zhilian,,"Python,爬虫开发,自动化脚本开发,系统运维效率提升,技术文档输出",http://www.zhaopin.com/jobdetail/CC529290420J40874285110.htm?refcode=4019&srccode=401901&preactionid=7b9d9c3f-7793-48ba-9e2b-1f54e1ba8dda
数据采集,河南秀太木商贸有限公司,9000-11000元,郑州·管城·十八里河,广州,大专,1-3年,,zhilian,,"数据爬虫,Python,Scrapy,requests,数据采集方案制定,数据清洗校验,采集流程维护优化",http://www.zhaopin.com/jobdetail/CCL1379565940J40894979013.htm?refcode=4019&srccode=401901&preactionid=7b9d9c3f-7793-48ba-9e2b-1f54e1ba8dda
python脚本开发工程师,赛德克巴莱(北京)科技有限公司,1.4-1.6万,北京·房山·拱辰,广州,大专,经验不限,,zhilian,,"Python,爬虫开发,数据处理,系统自动化,脚本性能优化",http://www.zhaopin.com/jobdetail/CCL1526334640J40875041614.htm?refcode=4019&srccode=401901&preactionid=7b9d9c3f-7793-48ba-9e2b-1f54e1ba8dda
数据采集,洁棉宝科技(湖北)有限公司,9000-10000元,武汉·江汉·经开区,广州,大专,1-3年,,zhilian,,"数据爬虫,Python,SQL,Scrapy,多源异构数据采集,数据采集流程搭建维护,数据质量监控",http://www.zhaopin.com/jobdetail/CCL1526160300J40829394216.htm?refcode=4019&srccode=401901&preactionid=7b9d9c3f-7793-48ba-9e2b-1f54e1ba8dda
数据采集,广州莎耶耶网络信息科技有限公司,9000-10000元,广州·白云·石门,广州,本科,1-3年,,zhilian,,"数据爬虫,反爬虫,Python,Scrapy,数据清洗校验,多维度数据采集,反爬策略制定",http://www.zhaopin.com/jobdetail/CCL1526085590J40878786705.htm?refcode=4019&srccode=401901&preactionid=7b9d9c3f-7793-48ba-9e2b-1f54e1ba8dda
政府网站采集工程师,立信(重庆)数据科技股份有限公司,7000-8000元,重庆·渝中·化龙桥,广州,本科,3-5年,,zhilian,,"数据爬虫,数据抽取,Python",http://www.zhaopin.com/jobdetail/CC628093580J40896772813.htm?refcode=4019&srccode=401901&preactionid=7b9d9c3f-7793-48ba-9e2b-1f54e1ba8dda
Python后端开发工程师,湖南鲲跃传媒有限公司,6000-10000元,长沙·雨花·洞井,广州,学历不限,经验不限,,zhilian,,"FASTAPI,PostgreSQL",http://www.zhaopin.com/jobdetail/CCL1496071840J40844957207.htm?refcode=4019&srccode=401901&preactionid=7b9d9c3f-7793-48ba-9e2b-1f54e1ba8dda
调度研发Python技术工程师,杭州博贯文化科技有限公司,1.6-1.7万·13薪,杭州·拱墅·东湖,广州,中专/中技,经验不限,,zhilian,,"Sql,Tornado,Django,MySQL,MySQL,PostgreSQL",http://www.zhaopin.com/jobdetail/CCL1513612660J40907321112.htm?refcode=4019&srccode=401901&preactionid=7b9d9c3f-7793-48ba-9e2b-1f54e1ba8dda
java后端工程师,青岛哈船道一科技有限公司,1.2-1.4万,青岛·李沧·世园,广州,本科,经验不限,,zhilian,,"前端开发,架构开发,JavaScript",http://www.zhaopin.com/jobdetail/CC627305180J40874611209.htm?refcode=4019&srccode=401901&preactionid=7b9d9c3f-7793-48ba-9e2b-1f54e1ba8dda
RPA开发工程师,潍坊海纳百川电子商务有限公司,6000-10000元,潍坊·奎文·新城,广州,本科,1-3年,,zhilian,,"Scrapy,MySQL",http://www.zhaopin.com/jobdetail/CC346579280J40832961003.htm?refcode=4019&srccode=401901&preactionid=7b9d9c3f-7793-48ba-9e2b-1f54e1ba8dda
python脚本开发工程师,品诚晶曜绿能科技(杭州)有限公司,1.3-1.4万,杭州·滨江·长河,广州,本科,经验不限,,zhilian,,"Python,爬虫开发,自动化脚本开发,数据处理,系统监控",http://www.zhaopin.com/jobdetail/CCL1502117740J40878258205.htm?refcode=4019&srccode=401901&preactionid=7b9d9c3f-7793-48ba-9e2b-1f54e1ba8dda
python脚本开发工程师,深圳市玉龙婷科技集团有限公司,1.3-1.5万,深圳·罗湖·南湖,广州,大专,1-3年,,zhilian,,"Python,自动化脚本开发,数据处理,新零售业务",http://www.zhaopin.com/jobdetail/CCL1359438870J40874641114.htm?refcode=4019&srccode=401901&preactionid=7b9d9c3f-7793-48ba-9e2b-1f54e1ba8dda
python脚本开发工程师,宝古佬(成都)科技有限公司,1.3-1.4万,成都·武侯·金花桥,广州,大专,1-3年,,zhilian,,"Python,自动化脚本开发,数据处理与清洗,ETL流程开发",http://www.zhaopin.com/jobdetail/CCL1492480880J40831418916.htm?refcode=4019&srccode=401901&preactionid=7b9d9c3f-7793-48ba-9e2b-1f54e1ba8dda
php全栈工程师,陕西会飞的猫网络科技所(个人独资企业),70元/时,西安·未央·未央宫,广州,学历不限,5-10年,,zhilian,,"Python,Laravel,ThinkPHP,MySQL,Redis,Linux",http://www.zhaopin.com/jobdetail/CCL1494438830J40761779506.htm?refcode=4019&srccode=401901&preactionid=7b9d9c3f-7793-48ba-9e2b-1f54e1ba8dda
python脚本开发工程师,深圳丰民科技集团有限公司,1.3-1.5万,深圳·南山·粤海,广州,大专,1-3年,,zhilian,,"Python,爬虫开发,自动化脚本开发,数据处理分析,技术文档编写",http://www.zhaopin.com/jobdetail/CCL1480052390J41020367804.htm?refcode=4019&srccode=401901&preactionid=7b9d9c3f-7793-48ba-9e2b-1f54e1ba8dda
RPA开发工程师（Python方向）,重庆森粮汇电子商务有限公司,5000-8000元,重庆·南岸·南坪,广州,大专,经验不限,,zhilian,,PyQt,http://www.zhaopin.com/jobdetail/CCL1219050380J40842695910.htm?refcode=4019&srccode=401901&preactionid=7b9d9c3f-7793-48ba-9e2b-1f54e1ba8dda
java全栈工程师,杭州潜兔科技有限公司,1.5-1.7万,杭州·西湖·翠苑,广州,本科,3-5年,,zhilian,,"前端开发,后端开发,Java,MySQL,Oracle,Redis,全栈开发,微服务架构,系统性能优化",http://www.zhaopin.com/jobdetail/CCL1311738320J40876103510.htm?refcode=4019&srccode=401901&preactionid=7b9d9c3f-7793-48ba-9e2b-1f54e1ba8dda
