job_name,company_name,salary,work_area,city,education,work_year,issue_date,source,skill_requirements,tech_tags,job_url
物联网调试助理,沈阳嘉裕恒信息咨询有限公司,4000-7000元,沈阳·和平·太原街,沈阳,大专,经验不限,7月25日,zhilian_direct,职位描述 功能测试 性能测试 安全测试 Python C语言 C++ Java 信号测试 移动通信测试 网优测试 岗位内容： 1. 进行通信硬件、软件及系统验证测试，包括功耗、电磁兼容等测试； 2. 编写测试计划、测试用例、测试报告等相关文档； 3. 协助工程师进行问题的排查与分析，并提供技术支持； 4. 参与开展新产品测试和工艺改进测试。 任职要求： 1. 具有通信或电子工程相关专业大专及以上学历； 2. 熟悉通信基础知识，掌握硬件、软件、系统测试方法和流程； 3. 熟练使用各种通信测试仪器和设备； 4. 精通至少一种编程语言，熟悉Linux操作系统和Shell编程； 5. 具备良好的沟通能力和团队协作精神。 工作地点 辽宁省沈阳市和平区中山路65号百川教育大厦6 以担保或任何理由索要财物，扣押证照，均涉嫌违法。一经发现， 立即举报,"功能测试,性能测试,安全测试,Python,C语言,C++,Java,信号测试,移动通信测试,网优测试",http://www.zhaopin.com/jobdetail/CCL1523443400J40895689003.htm?refcode=4019&srccode=401901&preactionid=546de55e-4129-4fba-83e4-197dc031bc73
【入职五险一金】嵌入式开发助理+双休+住宿,深圳市深信网络科技有限公司,8000-13000元·13薪,深圳·龙岗·龙城,深圳,本科,经验不限,7月12日,zhilian_direct,职位描述 C语言 C++ 32位单片机 硬件电路设计调试 嵌入式系统开发 硬件工具使用 任职要求： 1. 本科及以上学历，电子信息、自动化、计算机等相关专业，基础扎实。 2. 熟悉C/C++编程语言，了解嵌入式系统开发流程，有STM32等单片机开发经验优先。 3. 掌握硬件电路基础，能使用示波器、万用表等工具进行硬件调试。 4. 具备良好的学习能力与问题解决能力，工作细致，责任心强。 补充说明 1. 入职即缴纳五险一金 2. 双休制 3. 提供住宿 工作地点 深圳龙岗区荣超英隆大厦六楼整层 以担保或任何理由索要财物，扣押证照，均涉嫌违法。一经发现， 立即举报,"C语言,C++,32位单片机,硬件电路设计调试,嵌入式系统开发,硬件工具使用",http://www.zhaopin.com/jobdetail/CCL1520701140J40895006013.htm?refcode=4019&srccode=401901&preactionid=546de55e-4129-4fba-83e4-197dc031bc73
通信数据专员-助理,江苏云盛汇才数字科技有限公司,9000-14000元,深圳·龙华·民治,深圳,本科,经验不限,7月25日,zhilian_direct,职位描述 5G 网络协议 通信数据处理 数据可视化 网络运维支撑 C语言 通信项目管理 通信设备装维 数字信号处理 工作职责 1. 负责通信网络数据的采集、清洗与标准化处理，确保数据的完整性与准确性。 2. 监控通信系统运行数据，及时识别异常指标并协助定位问题根源。 3. 参与通信数据报表与可视化报告的制作，为网络优化提供数据支撑。 4. 维护数据处理流程与工具，提升数据处理效率与质量。 任职要求 1. 本科及以上学历，通信工程、计算机、数据科学等相关专业优先。 2. 熟悉通信网络基础知识，了解TCP/IP、5G等主流通信协议。 3. 具备较强的逻辑思维与问题解决能力，能快速响应数据异常情况。 4. 有通信行业数据处理或网络运维经验者优先。 工作地点 深圳龙华区启航大厦-东区-903-2 以担保或任何理由索要财物，扣押证照，均涉嫌违法。一经发现， 立即举报,"5G,网络协议,通信数据处理,数据可视化,网络运维支撑,C语言,通信项目管理,通信设备装维,数字信号处理",http://www.zhaopin.com/jobdetail/CCL1523595660J40855893311.htm?refcode=4019&srccode=401901&preactionid=546de55e-4129-4fba-83e4-197dc031bc73
嵌入式开发工程师,西安鹏耀博文信息技术有限公司,6000-12000元,西安·莲湖·北院门,西安,本科,经验不限,1月26日,zhilian_direct,职位描述 C语言 C++ 计算机软件 岗位内容： 1. 设计和开发嵌入式系统的软件 2. 与硬件工程师合作，确保软件与硬件的紧密集成 3. 软硬件相结合，开发相应的自动化控制产品。 任职要求： 1. 熟练掌握C/C++语言，单片机传感器技术 2. 熟悉操作系统和网络协议栈 3.理工类相关专业优先考虑。 工作地点 西安莲湖区旭弘大厦 以担保或任何理由索要财物，扣押证照，均涉嫌违法。一经发现， 立即举报,"C语言,C++",http://www.zhaopin.com/jobdetail/CCL1509995720J40823058611.htm?refcode=4019&srccode=401901&preactionid=546de55e-4129-4fba-83e4-197dc031bc73
C/C++研发—智能驾驶/芯片半导体等（接受25届无经验、考研断档等）,外企德科数字技术有限公司,1.6-3万·14薪,南京·雨花台·雨花,南京,本科,经验不限,7月26日,zhilian_direct,职位描述 C语言 C++ Java 计算机软件 新能源汽车 在未来，把数字世界带入每一辆车，就能真正实现智能的驾驶、智慧的空间、智慧的服务和智能的生产，让汽车产业与ICT技术加速融合，跨界合作共赢将成为新的趋势。我们的业务将会涉及到智能驾驶、智能座舱产品部、融合感知、集成与验证、解决方案适配等。 岗位要求： 1、大学本科及以上学历，计算机、通信、自动化等相关专业。 2、掌握C/C++/Java/Python等一种或多种语言的开发应用，掌握数据结构、算法相关知识。 3、具有良好的沟通能力，刻苦、敬业、有上进心，对技术有激情，喜欢钻研，有较强的独立、主动的学习能力。 4、没有工作经验的应届生同学亦可，需要具备较好的学习能力 可以接触到最新的技术：图形识别、目标检测、异常检车、视频检测、AI 、神经网络、机器人感知规控等相关 其他业务：业务简介： ●Car Bu：问界智能车、智能驾驶、驾驶座舱、车载软件 ●终端：华为手机、PC、平板、可穿戴产品、智慧办公等产品研发 ●数存：华为数据存储部门主要着力于数据存储技术研发，业务排名国内第一。发展快，技术前沿。 ●数字能源：部门业务涵盖了光伏发电、智能锂电池、电车机电系统、超速充电桩、模块电池、网络配电数据中心（国家新基建重点项目）、能源云等方向。是现在发展最快的行业之一。 ●华为云：华为云计算部门主要做云服务、公有云、云平台及数字化平台等云相关业务。 ●2012中央媒体院： 中媒鸿蒙项目新增软件开发和软件测试（开发和测试都必须是C++） ●除此以外，智能车、计算产品线、2012实验室、GTS、海思等部门都有需求 在招岗位： Java开发 C/C++研发 Python研发 算法研发 web前端 软件测试 数据开发/大数据 大模型算法 奖金绩效 全额缴纳五险一金 ；2-4个月年终；补带薪培训；有趣团建 工作地点 华为南京研究所南京市雨花台区软件大道101号 以担保或任何理由索要财物，扣押证照，均涉嫌违法。一经发现， 立即举报 客户,"C语言,C++,Java",http://www.zhaopin.com/jobdetail/CCL1480117890J40849613505.htm?refcode=4019&srccode=401901&preactionid=546de55e-4129-4fba-83e4-197dc031bc73
初级嵌入式测试/接受无经验/应届,福州高新区才拓科技有限公司,6000-8000元,苏州·工业园区,苏州,本科,经验不限,4月14日,zhilian_direct,岗位职责： 参与公司嵌入式产品的底层软件设计与开发，包括但不限于编写驱动程序、优化系统性能。​ 协助硬件工程师进行硬件与软件的联调工作，及时解决调试过程中出现的问题。​ 根据项目需求，完成相关功能模块的代码编写、测试及维护。​ 整理和编写技术文档，记录开发过程中的技术细节和问题解决方案。​ 任职要求：​ 本科及以上学历，电子信息、计算机、自动化等相关专业应届毕业生或毕业 1 - 2 年的新人优先。​ 熟悉 C/C++ 编程语言，有一定的编程基础和良好的代码规范习惯。​ 了解嵌入式系统的基本概念，对硬件电路有初步认识。​ 具备较强的学习能力和责任心，能够积极主动地解决问题，有良好的团队协作精神。​ 薪资福利：​ 月薪 6000 - 8000 元，根据个人能力和表现有较大的调薪空间。​ 五险一金，额外商业保险。​ 提供丰富的培训机会，包括内部技术分享、外部培训课程等，助力员工快速成长。​ 享受带薪年假、病假，节日福利，定期团建活动，轻松愉悦的工作氛围。​ 工作地点 工业园区苏州人工智能产业园(园区) 以担保或任何理由索要财物，扣押证照，均涉嫌违法。一经发现， 立即举报,"PIC单片机,32位单片机,Python,C++,C语言",http://www.zhaopin.com/jobdetail/CCL1491047900J40790973707.htm?refcode=4019&srccode=401901&preactionid=546de55e-4129-4fba-83e4-197dc031bc73
VC++/ C++程序员(也考虑实习和应届毕业生),北京中维数通软件有限公司,5000-8000元,北京·昌平·霍营,北京,本科,经验不限,7月9日,zhilian_direct,职位描述 C语言 C# Qt OpenCV MFC QT开发 计算机软件 1.本科及以上学历，计算机相关专业或工程相关专业； 2.熟练使用VC++开发程序； 3.熟悉MFC编程、数据库编程； 4.熟悉AUTOCAD二次开发接口ObjectArx者优先； 5.能吃苦耐劳，有团队合作精神； 6.有良好的学习能力和强烈的进取心。工作积极主动，善于沟通、表达， 有团队协作精神 ，有独自解决问题的能力，能够承受一定工作压力。 职位福利：五险一金、年底双薪、绩效奖金、加班补助、餐补、带薪年假、员工旅游、节日福利 工作地点 北京市-昌平区-科星西路19号院中顺大厦8层 以担保或任何理由索要财物，扣押证照，均涉嫌违法。一经发现， 立即举报,"C语言,C#,Qt,OpenCV,MFC,QT开发",http://www.zhaopin.com/jobdetail/CC429332625J00140318810.htm?refcode=4019&srccode=401901&preactionid=546de55e-4129-4fba-83e4-197dc031bc73
嵌入式工程师,青岛一跃具身机器人有限公司,8000-12000元,青岛·城阳·棘洪滩,青岛,本科,经验不限,6月17日,zhilian_direct,岗位职责(偏软): 1.参与嵌入式系统的硬件设计、开发与调试，确保系统稳定高效运行; 2.负责嵌入式软件的开发、测试与维护，优化产品性能; 3.与团队合作，完成机器人从概念设计到产品量产的全流程工作; 4.解决生产及现场反馈的技术问题，持续改进产品性能与可靠性。 任职要求: 1.熟悉嵌入式系统的硬件架构设计与软件编程，具备扎实的电子电路基础; 2.精通C/C++语言，有实际嵌入式操作系统(如FreeRTOS、Linux等)开发经验; 3.具备电机控制和驱动相关经验，良好的问题分析与解决能力，能够独立承担项目模块的开发与调试; 4.有机器人或自动化设备相关开发经验优先，具有较强的学习能力和创新意识; 5.良好的团队合作精神，沟通协调能力强，能适应快节奏的工作环境。 工作地点 山东省青岛市城阳区泰鸿路67号9B栋 以担保或任何理由索要财物，扣押证照，均涉嫌违法。一经发现， 立即举报,"C++,C语言,32位单片机",http://www.zhaopin.com/jobdetail/CCL1512269560J40889800413.htm?refcode=4019&srccode=401901&preactionid=546de55e-4129-4fba-83e4-197dc031bc73
agv机器人实施工程师,成都惠云通科技有限公司,4000-8000元,成都·成华·龙潭,成都,大专,经验不限,7月7日,zhilian_direct,职位描述 工业机器人 C语言 Python 计算机软件 职位描述： 1.根据厂家提供的机器人，负责现场安装调试机器人。 2. 负责客户现场机器人调度软件部署调试。 3. 负责产品的系统技术指导，主要是系统与平台调试，试运行保障和辅助验收，帮助客户可以正常运行实体系统。 4.负责与客户保持良好关系；与公司技术人员及时沟通反馈问题。 要求： 1. 大专以上学历，有计算机、电子类、测控类和机械类、通信类、网络类专业优先。 2. 接受公司安排工作地点，接受全国出差项目常驻。（必要条件） 3. 具有良好的分析能力、学习能力、理解能力和沟通能力。 4. 半年以上技术支持或交付运维的工作经验。 5. 能够熟悉掌握Linux系统。 6.具有团队合作和吃苦耐劳的精神，有责任心和工作抗压能力。 工作地点 成都市-成华区-成致路丛树新型社区西北侧约280米1501 以担保或任何理由索要财物，扣押证照，均涉嫌违法。一经发现， 立即举报,"工业机器人,C语言,Python",http://www.zhaopin.com/jobdetail/CCL1455068410J40685913312.htm?refcode=4019&srccode=401901&preactionid=546de55e-4129-4fba-83e4-197dc031bc73
移动通信工程师,郑州利观汽车科技有限公司,6000-8000元·13薪,郑州·二七区·长江路,郑州,大专,经验不限,7月24日,zhilian_direct,职位描述 5G 无线通信 C语言 C++ 车载移动通信系统 V2X技术应用 车载总线协议 工作职责 1. 负责车载移动通信系统的技术方案设计与落地，保障车联网通信链路的稳定性与安全性。 2. 对接上下游团队，完成通信模块的需求分析、功能开发及性能优化。 3. 跟踪5G/V2X等前沿通信技术在汽车领域的应用，推动技术创新与产品升级。 4. 解决车载通信系统在实际场景中的技术问题，输出技术文档与解决方案。 任职要求 1. 通信工程、电子信息等相关专业，基础扎实。 2. 移动通信领域工作经验，精通LTE/5G通信协议栈及无线通信原理。 3. 具备车载通信或智能网联汽车项目经验者优先，熟悉CAN/LIN等车载总线协议更佳。 4. 掌握至少一种编程语言（如C/C++/Python），具备独立分析与解决技术问题的能力。 工作地点 郑州市-二七区-二七万达广场12号楼B座28楼 以担保或任何理由索要财物，扣押证照，均涉嫌违法。一经发现， 立即举报,"5G,无线通信,C语言,C++,车载移动通信系统,V2X技术应用,车载总线协议",http://www.zhaopin.com/jobdetail/CCL1525089850J40856996901.htm?refcode=4019&srccode=401901&preactionid=546de55e-4129-4fba-83e4-197dc031bc73
嵌入式工程师,武汉戎汇电通科技有限公司,4000-8000元,武汉·东西湖·将军路,武汉,本科,经验不限,7月16日,zhilian_direct,职位描述 32位单片机 ARM处理器 C语言 C++ Python 通信/网络设备 人工智能 电气机械/电力设备 【工作内容】 - 负责嵌入式系统（如单片机、ARM架构）底层驱动开发与调试，完成硬件资源分配及通信协议实现； - 参与公司产品的研发和维护； - 编写嵌入式C/C++代码； - 根据项目需求完成裸机/Linux操作系统的软件编写，编写设备管理程序及数据采集处理逻辑； 【任职要求】 - 计算机科学、电子工程、自动化等相关专业本科及以上学历，接受优秀应届毕业生； - 熟悉C语言编程规范，掌握STM32/ESP32等主流MCU开发环境，具备独立调试能力； - 掌握UART/I2C/SPI等常用外设接口原理，了解CAN总线、Modbus等工业通信协议者优先； - 具备良好的文档撰写习惯，能清晰记录开发日志及技术方案； - 学习能力强，对嵌入式系统底层机制有浓厚兴趣，能适应快速迭代的技术挑战； - 拥有智能家居、工业控制等领域项目经验者优先考虑。 工作地点 武汉东西湖区宏图路8号 以担保或任何理由索要财物，扣押证照，均涉嫌违法。一经发现， 立即举报,"32位单片机,ARM处理器,C语言,C++,Python",http://www.zhaopin.com/jobdetail/CCL1378389130J40877732605.htm?refcode=4019&srccode=401901&preactionid=546de55e-4129-4fba-83e4-197dc031bc73
软件助理工程师（BIOS方向-26届应届生）,宝德计算机,7000-9000元,深圳·龙华·观湖,深圳,本科,经验不限,7月15日,zhilian_direct,岗位职责： 1. 负责BIOS固件问题解决及版本发布 2. 负责相关BIOS功能开发及单元测试 3. 配合硬件，测试，SI，BIOS等部门联合调试分析问题 4. 负责相关技术文档的编写输出 岗位要求： 1. 2026届本科，电子信息类，计算类专业 2. 熟悉C/C++语言， 3. 了解Python3、linux、shell命令等优先 4. 有责任心，学习能力、动手能力强 工作地点 深圳龙华区宝德计算机系统股份有限公司 以担保或任何理由索要财物，扣押证照，均涉嫌违法。一经发现， 立即举报,"C语言,C++,BIOS,服务器",http://www.zhaopin.com/jobdetail/CC247341320J40895826113.htm?refcode=4019&srccode=401901&preactionid=546de55e-4129-4fba-83e4-197dc031bc73
RTOS软件工程师（会FreeRTOS）,河南企宝宝企业管理咨询有限公司,9000-11000元,梧州·长洲区·长洲镇,梧州,学历不限,经验不限,7月23日,zhilian_direct,职位描述 C语言 时间自由，欢迎加入我们 1.公司自己订单，建模/机械设计等。 2、电商店铺稳定订单 3.能对客户认真负责 4.热爱设计 工作内容： 负责在FreeRTOS等轻量级操作系统上进行任务调度和应用开发 工作地点 梧州长洲区文化大厦902 以担保或任何理由索要财物，扣押证照，均涉嫌违法。一经发现， 立即举报,C语言,http://www.zhaopin.com/jobdetail/CC879873150J40845815701.htm?refcode=4019&srccode=401901&preactionid=546de55e-4129-4fba-83e4-197dc031bc73
通信工程师助理,重庆蓝思晨科技有限公司,6000-8000元,重庆·沙坪坝·渝碚路,重庆,大专,经验不限,7月26日,zhilian_direct,职位描述 C语言 岗位内容： 1. 协助设计、测试、维护和优化通信系统的各种硬件和软件组件。 2. 熟悉无线通信、网络安全和互联网协议。 3. 学习并熟练使用模拟和数字仿真工具对设备进行性能评估和验证。 4. 客户支持和问题解决。 任职要求： 1. 本科及以上学历，通信、电子工程等相关专业背景。 2. 熟悉通信产品和系统开发流程。 工作地点 重庆沙坪坝区时代星空 以担保或任何理由索要财物，扣押证照，均涉嫌违法。一经发现， 立即举报,C语言,http://www.zhaopin.com/jobdetail/CCL1504338550J40822285602.htm?refcode=4019&srccode=401901&preactionid=546de55e-4129-4fba-83e4-197dc031bc73
双休+无线网络优化工程师,河南明和通信技术有限公司,6000-12000元,郑州·金水·祭城路,郑州,大专,经验不限,6月2日,zhilian_direct,"职位描述 5G 无线通信 室分设计 4G 传输线路设计 光缆通信 天线设计 C语言 宽带装维 网络维护 薪资待遇： 录用人员转正定级后参考年薪： 1、硕士研究生学历员工9W-12W，五险一金; 2、本科学历员工及普通职位研究生学历员工8W-10W，五险一金; 3、普通职位本科学历员工7W-10W，五险一金; 4、普通职位专科学历员工5W-8W,五险一金 工作职责： 1. 参与5G等前沿新技术、新功能的测试和落地；开展网络无线质量及性能的监测、评估和分析工作； 2. 预测网络发展趋势，参与制订网络规划，提出容量和覆盖规划建议；开展无线网络频率规划工作； 3. 收集无线网络运行数据，分析评估无线网络性能质量，制订网络调整方案； 4. 开展重大活动专项保障工作，处理无线网络质量和覆盖投诉。 专业要求： 计算机、计算机网络技术、计算机科学与技术、计算机应用、软件工程、信息工程、网络工程、电子信息工程、电子科学与技术、通信工程、光通信、微电子、云计算、云计算技术与应用、云计算与数据科学、物联网工程、人工智能、数据科学与大数据技术、大数据采集与管理、数学与应用数学、信息与计算科学、数理基础科学、统计学、概率论与数理统计、大数据处理与高性能计算等IT/DT/CT类专业技术背景。 工作地点 郑州金水区中国移动(商务内环营业厅) 以担保或任何理由索要财物，扣押证照，均涉嫌违法。一经发现， 立即举报","5G,无线通信,室分设计,4G,传输线路设计,光缆通信,天线设计,C语言,宽带装维,网络维护",http://www.zhaopin.com/jobdetail/CCL1296806610J40465814206.htm?refcode=4019&srccode=401901&preactionid=546de55e-4129-4fba-83e4-197dc031bc73
嵌入式助理,瑞安市智远自动化设备有限公司,5000-8000元,温州·瑞安市·东山街道,温州,本科,经验不限,7月23日,zhilian_direct,职位描述 C语言 32位单片机 半导体/芯片 计算机硬件 任职要求： 1. 熟悉 STM32 系列单片机开发，能够完成常用外设的基本应用开发； 2. 熟悉至少一种 EDA 设计软件，能够独立完成电路原理图设计及 PCB 绘制； 3. 熟悉数字电路、模拟电路基础知识，具备良好的电子电路理论基础； 4. 掌握常规硬件信号处理方法，如开关量输入输出、模拟量采集、滤波、隔离、驱动、保护等电路设计思路； 5. 具备一定的电路调试能力，能够使用万用表、示波器、逻辑分析仪等常用工具进行问题定位； 6. 了解 PID 控制算法及常见闭环控制思路； 7. 具备良好的沟通能力、学习能力和团队协作精神，能够配合完成项目开发和问题排查； 加分项 1. 有工业控制、自动化设备、PLC、伺服、电机、传感器、仪表等相关项目经验者优先； 2. 有电机驱动硬件设计经验，如步进电机、伺服驱动等经验者优先； 3. 熟悉 Linux 嵌入式开发、工业通信协议者优先； 4. 有全国大学生电子设计竞赛、智能车竞赛、机器人竞赛等获奖经历者优先； 工作地点 温州瑞安市豪华小微创业园-A幢 以担保或任何理由索要财物，扣押证照，均涉嫌违法。一经发现， 立即举报,"C语言,32位单片机",http://www.zhaopin.com/jobdetail/CC339263430J40949194615.htm?refcode=4019&srccode=401901&preactionid=546de55e-4129-4fba-83e4-197dc031bc73
技术助理工程师,河南迪炯智能科技有限公司,5000-8000元,石家庄·长安·育才,石家庄,大专,经验不限,7月24日,zhilian_direct,职位描述 C语言 1. 负责公司软硬件的日常维护和管理。 2. 协助解决员工的技术问题。 3. 管理相关技术文档和合同。 4. 与供应商沟通，确保技术支持的及时性。 5. 持续学习新技术，提高技能水平。 6. 完成上级交办的其他任务。 感兴趣联系我，欢迎加入我们的团队！ 工作地点 石家庄市-长安区-长安区天元商务大厦 以担保或任何理由索要财物，扣押证照，均涉嫌违法。一经发现， 立即举报,C语言,http://www.zhaopin.com/jobdetail/CCL1522710720J40789849906.htm?refcode=4019&srccode=401901&preactionid=546de55e-4129-4fba-83e4-197dc031bc73
移动通信工程师,福州九州联创通信科技有限公司,7000-9000元,福州·马尾,福州,大专,1年以下,7月22日,zhilian_direct,职位描述 C语言 C++ 通信协议/软件开发 岗位内容： 1. 基于移动通信领域的需求，进行需求分析、系统设计和架构设计； 2. 参与移动通信系统的软件、硬件设计和实现，编写代码并调试； 3. 主导各种端到端测试工作，准确把握问题根源和优化空间； 4. 解决客户反馈的问题，并在第一时间响应和解决问题，保证服务质量； 5. 技术攻关和平台建设，最大限度推进团队技术成长。 任职要求： 1. 本科及以上学历，通信、电子工程等相关专业背景； 2. 精通C/C++等编程语言，熟悉Python或其他脚本语言； 3. 熟悉LTE、5G等移动通信标准，精通无线通信原理； 4. 有良好的英语和中文读写能力，能够流畅地进行技术交流； 5. 具备项目管理和团队管理经验，有耐心和毅力，追求卓越。 工作地点 福州市-马尾区-江滨东大道170号附近 以担保或任何理由索要财物，扣押证照，均涉嫌违法。一经发现， 立即举报,"C语言,C++,通信协议/软件开发",http://www.zhaopin.com/jobdetail/CCL1520346100J40874585510.htm?refcode=4019&srccode=401901&preactionid=546de55e-4129-4fba-83e4-197dc031bc73
嵌入式软件工程师,西安天泰电子有限公司,6000-12000元·14薪,西安·高陵·泾渭,西安,本科,经验不限,7月22日,zhilian_direct,岗位职责： 职责一：代码设计及上位机开发 1、完成产品软件功能定义、负责算法框架搭建； 2、负责软件架构设计、负责上位机（测试用）、驱动程序及各功能模块的开发与实现。 职责二：软件资料的管理及下发 负责源代码、烧录文件、通信协议、上位机等资料全流程管理，确保版本迭代可追溯； 职责三：问题闭环处理及跨部门协作 1、负责配合客户进行软件联调； 2、协同硬件工程师完成硬件电路联调； 3、协助解决生产、客户现场或售后阶段出现的软件相关问题。 职责四：其他 1、跟踪行业新技术、新工具和新芯片，持续优化软件开发流程和代码质量； 2、完成领导交办的其他任务。 任职要求 学历专业：本科及以上，计算机、电子、自动化等相关专业 核心技能 精通 C/C++、C# 或 Python，有上位机开发经验（WinForms/WPF/Qt 等）。 熟悉常见 MCU（如 STM32）驱动开发，能看懂原理图 具备软件架构设计能力，熟悉 Git 版本管理与文档规范。 调试与协作： 能独立完成问题定位与闭环修复 可与硬件工程师配合联调，配合客户完成现场调试。 能协助生产/售后解决软件问题。 其他要求 关注新技术，持续优化代码质量。 责任心强，能完成领导交办的其他任务。 工作地点 高陵区西安天泰电子有限公司陕西省西安市经济技术开发区泾渭新城泾高北路西段21号 以担保或任何理由索要财物，扣押证照，均涉嫌违法。一经发现， 立即举报,"C语言,Python",http://www.zhaopin.com/jobdetail/CC296320810J40817745616.htm?refcode=4019&srccode=401901&preactionid=546de55e-4129-4fba-83e4-197dc031bc73
应用软件开发工程师,四川君恒泰电子电器有限公司,6000-11000元,成都·郫都·红光,成都,大专,经验不限,7月26日,zhilian_direct,岗位职责（一）TV软件调试与版本管理 1. 协助软件工程师完成电视主板固件烧录、样机测试、屏参记录，使用RT809H、硕飞烧录器完成批量程序烧写作业。 2. 完成样机开关机、HDMI、USB、遥控、音频、老化等功能测试，汇总不良问题，建立BUG台账，跟进复测与闭环改善。 3. 分类存档各机型屏参、固件版本、开机LOGO、OSD菜单等资料，做好版本管控，保证技术资料可追溯。 4. 协助串口抓取LOG、整理升级固件、打包U盘升级包，配合产线完成软件替换与量产适配工作。 5. 在工程师指导下完成开机画面、待机画面、红外键值修改及常规参数调试，配合完成软件迭代优化。 6. 对接车间生产异常问题分析解决工作。 7.临时交办事务。 （二）光学、软件、硬件优化与设计辅助 1. 光学设计优化：协助工程师开展显示光学参数调试、光学效果优化、配色参数校准、亮度/对比度/色温适配优化工作；收集光学显示异常问题，配合完成光学方案调整与整改验证，提升整机显示效果与视觉体验。 2. 软件优化设计：协助工程师进行电视主板软件功能优化、参数适配、版本迭代、功能整改，配合完成新功能调试、系统适配、BUG修复验证，参与软件方案优化讨论与落地。 3. 硬件优化设计：协助PCB硬件改版、电路适配、结构优化、配件匹配验证，跟进硬件不良分析、整改调试，辅助完成硬件优化方案落地，提升产品稳定性与量产良率。 （三）新品样板制作与验证 1. 负责新品样板、改版机型的组装、样板搭建、配件匹配、试样制作等前期打样工作，配合工程师完成新品落地筹备。 2. 开展新品样板全维度验证测试，包含功能测试、软硬件适配测试、光学显示测试、老化测试、可靠性测试，记录测试数据与样板问题。 3. 汇总新品样板制作过程中的各类异常，跟进问题整改、复测、闭环，输出样板验证报告，为新品量产提供可靠数据支撑。 4. 整理新品样板技术资料、参数标准、优化记录，归档留存，完善新品开发台账。 （四）ISO9000体系执行 1. 落实ISO9000质量管理体系标准，协助更新、归档作业指导书、检验规范、质量记录等体系文件。 2. 日常自查现场作业规范性，跟进问题整改闭环，配合公司内审、外审及资料对接工作。 （五）生产文件管理与品质管控 1. 负责生产工艺文件、BOM、技术变更、作业指导书的整理更新、版本管控与台账维护，确保现场使用有效文件。 2. 协助制程、成品品质抽检与可靠性验证，跟进品质异常分析、整改与闭环记录。 （六）工装治具制作与维护 1. 协助测试工装、烧录治具的组装、接线、调试与校准，满足测试及量产需求。 2. 负责治具日常点检、保养、精度校验、故障排查与台账记录，保障设备正常使用。 三、任职要求 1. 电子、机电、计算机相关大专及以上学历，有TV主板、电子技术、光学调试相关经验优先。 2. 具备基础软件认知与基础调试能力，有光学调试、软硬件学习或实操经验优先。 3. 熟练电脑基础操作，会使用万用表、示波器，了解液晶电视基础结构与主板原理。 4. 工作细心严谨，会做文档台账，服从安排，愿意持续学习显示软硬件及光学技术。 工作地点 郫都区联东U谷成都高新国际企业港14栋符2号 四川君恒泰电子电器有限公司 以担保或任何理由索要财物，扣押证照，均涉嫌违法。一经发现， 立即举报,"Java,C语言,音视频编解码,嵌入式技术,OpenGL,Shader,CUDA",http://www.zhaopin.com/jobdetail/CC329172510J41015399404.htm?refcode=4019&srccode=401901&preactionid=546de55e-4129-4fba-83e4-197dc031bc73
软件开发（在校/应届本科或硕士毕业生）,常州新途软件有限公司,6000-10000元·13薪,常州·新北·三井,常州,本科,经验不限,7月23日,zhilian_direct,职位描述 C语言 Java 32位单片机 安卓 嵌入式 软件开发 计算机软件 新能源/燃油整车研发制造 工作职责： 1、入职即可享受专业的培训； 2、在导师的指导下，学习汽车行业标准化的软件开发流程，体验项目实施过程，锻炼开发能力； 3、根据专业方向和技术专长，学习公司的技术产品与技术架构，适当参与公司项目的软件开发、数据处理、软件测试或文档编写等工作； 4、完成主管布置的其他工作。 任职要求： 1、在校生/应届毕业生，计算机技术与科学、软件工程、电子信息、自动化等相关专业； 2、至少掌握一门编程语言（/C/C++/Java）； 3、认真踏实、勤奋好学； 4、有相关课题或实训项目经验者，优先考虑； 5、至少能连续实习2-3个月以上； 6、致力于成为一名优秀的软件开发人员。 工作地点 新北区常州创意园E座 以担保或任何理由索要财物，扣押证照，均涉嫌违法。一经发现， 立即举报,"C语言,Java,32位单片机,安卓,嵌入式,软件开发",http://www.zhaopin.com/jobdetail/CC329917280J40485954313.htm?refcode=4019&srccode=401901&preactionid=4dc81f0a-e3f3-4e2a-a3c1-5db4f34f3001
软件工程师,武汉辰龙精密仪器有限公司,6000-10000元,武汉·江夏·佛祖岭,武汉,本科,经验不限,7月14日,zhilian_direct,岗位职责： 负责各种机电设备上位机控制软件开发，基于C#独立完成设备测控程序设计、界面开发、逻辑编写；负责相机、传感器、采集卡、测试仪器SDK对接与数据采集；实现设备自动测试、数据运算、精度判定、数据存储及报表追溯；完成与下位机、PLC通讯联动，优化软件稳定性和设备测试精度，配合现场调试与项目交付。 任职要求： 1、本科及以上，自动化，机械电子，电子信息，测控，计算机及软件相关专业； 2、有非标设备上位机软件开发经验； 3、熟练C# WinForm、.NET、数据库、工业串口及网络通讯； 4、熟悉VC++/MFC编程和自动化测量控制或对VC有一定开发经验； 5、熟悉硬件SDK二次开发、数据采集、测控逻辑； 6、能独立开发调试、解决软件bug。 有非标检测、自动化测控、视觉配套软件经验优先。 工作地点 湖北省武汉市江夏区光谷大道303号 以担保或任何理由索要财物，扣押证照，均涉嫌违法。一经发现， 立即举报,"C语言,C#,机电设备上位机控制软件开发,VS+QT   VS+MFC",http://www.zhaopin.com/jobdetail/CC304616410J40950743408.htm?refcode=4019&srccode=401901&preactionid=c4f57068-4b62-4ae3-8c09-c50135103c21
移动通信工程师,江西晟裕网络科技有限公司,7000-14000元,南昌·青山湖·京东镇,南昌,大专,经验不限,7月25日,zhilian_direct,职位描述 C语言 通信项目管理 移动通信 网络交换技术 5G 物联网 云计算 信息安全 岗位内容： 1. 设计和实现移动通信系统的硬件、软件模块； 2. 对通信协议进行分析和优化，提升系统性能； 3. 研究通信领域新技术，掌握核心算法； 4. 负责系统测试、故障排查和优化； 5. 参与对新产品和解决方案的评估和开发。 任职要求： 1. 大专及以上学历，通信、电子工程等相关专业背景； 2. 精通C/C++等编程语言，熟练掌握Linux/Unix操作系统； 3. 熟悉LTE、5G等移动通信标准，了解无线通信原理； 4. 具备较强的团队合作能力和沟通能力； 5. 有通信系统设计实践经验者优先考虑。 工作地点 南昌青山湖区天幕国际 以担保或任何理由索要财物，扣押证照，均涉嫌违法。一经发现， 立即举报,"C语言,通信项目管理,移动通信,网络交换技术,5G",http://www.zhaopin.com/jobdetail/CCL1285848370J40701670508.htm?refcode=4019&srccode=401901&preactionid=f56fb9e4-e9b2-4c6a-8c61-93de97af2fda
产品调试工程师（会C语言）,深圳虹跃光电有限公司西安分公司,3000-5000元,西安·雁塔·漳浒寨,广州,大专,经验不限,7月25日,zhilian,岗位职责： 负责光电吊舱等产品生产阶段软件的相关工作： 1、负责各单体可见光相机、红外热像仪、激光测距机和视频跟踪记录板装机前功能性能检查测试； 2、负责伺服陀螺板、电机装机前功能性能检查测试； 3、负责光电吊舱产品嵌入式软件烧录； 4、负责伺服性能参数调试； 5、烧录完成后对光电吊舱功能性能进行调试测试； 6、负责光电吊舱高低温出厂检验； 7、配合光电吊舱校轴工作； 8、负责生产过程中光电吊舱出现的问题并协调相关人员解决，跟踪问题闭环； 9、负责外场试验等工作。 任职要求： 1、软件、电子信息相关专业，专科及以上学历； 2、熟悉linux操作系统； 3、精通C语言； 4、善于发现、分析和总结问题，责任心强； 5、具备较强的沟通能力，富有团队精神； 6、能适应出差。 双休+五险一金+节假日礼品+工龄工资+团建培训+年终绩效奖+年度体检等。 工作地点 雁塔区大华股份西安数智产业园8-1201 以担保或任何理由索要财物，扣押证照，均涉嫌违法。一经发现， 立即举报,"仪器测试,功能测试,性能测试,C",http://www.zhaopin.com/jobdetail/CCL1492956250J40923721312.htm?refcode=4019&srccode=401903&preactionid=15896a88-e4a8-422c-a42a-325a63eca292
AVR单片机C语言实践课教师（大学兼职教师）,吉林省智视界传媒有限公司,4000-8000元,长春·南关·新立城,广州,本科,经验不限,7月25日,zhilian,职位描述 AVR单片机 大学教师 一、授课时间 1. 开课时间：9月份开学第一周正式开始 2. 上课周期：整学期授课，总计 64课时 3. 固定课表：每周三上午 4课时 二、授课内容 1. AVR单片机基础硬件认知与实操 2. C语言单片机底层编程教学 3. 单片机IO口、定时器、中断、串口等外设实操 4. 课堂实操指导、项目调试、作业答疑 三、任职要求 1. 熟练掌握 AVR单片机 + C语言编程，能独立带实践实验课 2. 熟悉大学实训授课节奏，有耐心、责任心，能管好课堂纪律 3. 有高校授课、单片机实训代课经验者优先 4. 本科及以上学历，电子、自动化、机电、计算机等相关专业优先 四、工作说明 1. 纯线下大学课堂授课，仅固定周三上午上课，时间非常固定、轻松 2. 总课时固定64课时，课时量清晰透明 3. 学校提供课件、实验设备、开发板，只需负责课堂教学与实操指导 六、薪资待遇 面议（高校长期稳定兼职，结算靠谱，长期合作优先） 工作地点 长春南关区空天大数据产业园 以担保或任何理由索要财物，扣押证照，均涉嫌违法。一经发现， 立即举报,"AVR单片机,大学教师",http://www.zhaopin.com/jobdetail/CCL1512935930J40865340507.htm?refcode=4019&srccode=401903&preactionid=15896a88-e4a8-422c-a42a-325a63eca292
c语言开发工程师,山东威银智能科技有限公司,7000-9000元,济南·历下,广州,大专,1-3年,7月25日,zhilian,职位描述 C语言 人工智能 工作职责 负责AI算法的C语言工程化实现，优化核心模块的执行效率与内存占用。 参与嵌入式设备端AI模型的部署与性能调优，解决低功耗场景下的计算瓶颈。 与算法团队协作，将科研级模型转化为可生产的高性能代码，保障系统稳定性。 任职要求 专科及以上学历1-3年工作经验，计算机相关专业，基础扎实。 精通C语言编程，熟悉数据结构、内存管理及多线程开发。 具备嵌入式系统或高性能计算开发经验，有AI模型部署经验者优先 工作地点 济南历下区燕山立交桥1 以担保或任何理由索要财物，扣押证照，均涉嫌违法。一经发现， 立即举报,C语言,http://www.zhaopin.com/jobdetail/CCL1471988570J41013630404.htm?refcode=4019&srccode=401903&preactionid=15896a88-e4a8-422c-a42a-325a63eca292
c语言嵌入式开发工程师,外企德科数字技术有限公司,1-2万,杭州·滨江·长河,广州,本科,经验不限,7月26日,zhilian,职位描述 C语言 C# Java Linux开发 通信/网络设备 信息安全 核心职责 1. 负责5G基站、智驾OS等核心产品的嵌入式系统开发，用C语言完成底层驱动、硬件接口控制及操作系统（如Linux、VxWorks）移植工作。 2. 参与3GPP协议栈等相关模块的编码实现，优化算法实时性与内存占用，解决多线程同步、中断处理等并发场景技术难点。 3. 运用Trace32、GDB等工具排查系统崩溃、内存泄漏等问题，通过代码性能剖析完成系统瓶颈优化与代码重构。 4. 参与产品需求分析和技术方案评审，编写开发设计文档，开展单元测试与集成测试，保障产品交付质量。 5. 可涉及DSP/FPGA多核处理器的并行计算模块开发，或预研嵌入式领域新技术并落地到产品中，提升产品技术优势。 任职要求 1. 统招本科及以上学历，计算机、通信工程、电子信息等相关专业，英语四级及以上，3年及以上嵌入式开发经验。 2. 精通C语言，深入理解指针、内存管理及编译器原理，熟悉ARM等架构，掌握SPI、UART等常见外设接口技术。 3. 熟悉RTOS（如uCOS）或Linux内核相关开发，了解TCP/IP等网络协议，具备交叉编译、Makefile等开发工具使用能力。 4. 具备高速逻辑分析仪、示波器等设备的调试经验，有独立解决复杂技术问题的能力。 5. 有5G通信设备、智能驾驶相关嵌入式开发经验，或DSP协同开发经验者优先加分。 工作地点 杭州滨江区华为科研基地华为基地360 以担保或任何理由索要财物，扣押证照，均涉嫌违法。一经发现， 立即举报 客户,"C语言,C#,Java,Linux开发",http://www.zhaopin.com/jobdetail/CCL1480117890J40826910705.htm?refcode=4019&srccode=401903&preactionid=15896a88-e4a8-422c-a42a-325a63eca292
大学C语言授课教师,成都蒙彼利埃拉伯雷教育咨询有限公司,1.8-2.2万,成都·双流·西航港,广州,博士,1-3年,7月24日,zhilian,"职位描述 C语言 学校/学历教育 Lecturer in C Programming (Bachelor Programme)Sino-French Institute in Chengdu, China Join the first Sino-French engineering institute in Southwest China and contribute to an ambitious international educational project. We are looking for a passionate Lecturer who enjoys sharing knowledge, supporting students in their academic development, and contributing to an innovative international learning environment. The successful candidate will teach undergraduate engineering students and actively contribute to the continuous improvement of the programme through engaging, project-based learning. Position Details Position: Full-time Lecturer Location: CHENG DU - CHINA Starting date: September 2026 - Contract: Fixed-term contract (renewable) Language of instruction : English Main Responsibilities As a member of the academic team, you will be responsible for delivering high-quality teaching in programming and computer science fundamentals. Your duties will include: Teaching C Programming to Bachelor students through lectures, tutorials and laboratory sessions. Delivering courses in English in accordance with the programme curriculum. Preparing teaching materials, laboratory exercises and learning resources. Designing practical programming assignments and project-based activities. Assessing students through examinations, assignments and practical evaluations. Providing academic guidance and mentoring to students. Contributing to curriculum development and continuous improvement of teaching practices. Participating in programme meetings, examination boards and other academic activities. Working collaboratively with an international teaching team. Courses The successful candidate will primarily teach subjects including: C Programming Algorithms and Problem Solving Data Structures (introductory level) Software Development Fundamentals Programming Laboratory Sessions Depending on experience, additional introductory computer science courses may be ass",C语言,http://www.zhaopin.com/jobdetail/CC455270430J40791737306.htm?refcode=4019&srccode=401903&preactionid=15896a88-e4a8-422c-a42a-325a63eca292
c语言开发工程师,维恩贝特科技有限公司,1.1-1.5万,乌鲁木齐·天山区·和平路街道,广州,本科,3-5年,7月24日,zhilian,职位描述 C语言 银行 一、基本要求 1.统招本科及以上学历，学信网可查。 二技术能力 1.熟练掌握C语言编程。 2.熟练掌握Oracle等主流数据库的设计与开发，具备相关项目经验。 3.熟练使用Claude、OpenCode等AI辅助开发工具者优先。 4.熟悉中联核心系统，或了解银行存、贷、汇业务者优先。 三、综合素质 1.具备较强的问题分析与解决能力，沟通协调能力良好，能够独立承担工作任务。 2.具备良好的团队合作精神，能够承受较大的工作压力。 3.思维严谨、条理清晰，工作习惯规范，态度认真负责。 工作地点 乌鲁木齐天山区新疆农信(金银路分社) 以担保或任何理由索要财物，扣押证照，均涉嫌违法。一经发现， 立即举报,C语言,http://www.zhaopin.com/jobdetail/CC272648910J40952973408.htm?refcode=4019&srccode=401903&preactionid=15896a88-e4a8-422c-a42a-325a63eca292
嵌入式芯片测试（熟悉C语言或者Python测试）,软通动力信息技术(集团)股份有限公司,1-1.5万,深圳·龙岗·坂田,广州,本科,3-5年,7月26日,zhilian,职位描述 接口芯片 通信芯片 自动化测试 嵌入式 PYTHON测试 业务技能要求： 1 有软件测试经验，有自动化测试能力； 2、业务理解力强，对技术有激情，喜欢钻研，能快速接受和掌握新技术，有较强的独立、主动的学习能力； 3、有TCON、 DDIC Touch、超声波指纹基础知识更优 专业知识要求： 1 教育背景：本科及以上学历。 2、孰悉基本的测试方法和理论，如边界划分、白盒测试、黑盒测试等常用技能； 3、熟练python或者lua 语言其中之熟练掌握自动化测试技术更优； 4、具备软件测试设计及缺陷定位分析能力，掌握常用测试设计工程方法，具有特性测试设计成功经验。 项目亮点:产品形态电视机PAD、笔记本、显示器、手机、AR眼镜的屏体驱动芯片的测试。芯片解决方案测试。芯片验证、产品解决方案开发等。做的业务涉及旗舰店手机、pad等驱动芯片，个人综合提升高，会有很大成就感，持续长期稳定发展的业务，也是公司战略性业务. 工作地点 龙岗区深圳华为坂田园区-H区 以担保或任何理由索要财物，扣押证照，均涉嫌违法。一经发现， 立即举报,"接口芯片,通信芯片,自动化测试,嵌入式,PYTHON测试",http://www.zhaopin.com/jobdetail/CC000544460J40833343216.htm?refcode=4019&srccode=401903&preactionid=15896a88-e4a8-422c-a42a-325a63eca292
c语言嵌入式开发工程师,无锡创想分析仪器有限公司,9000-13000元,无锡·滨湖·马山,广州,本科,1-3年,7月24日,zhilian,岗位职责： 1、负责软件系统设计，包含概要设计、详细设计、代码编写及代码测试等工作； 2、编写软件使用手册等说明性文件，编制软件操作手册等发布文档。 工作要求： 1、统招本科及以上学历，计算机等相关专业毕业，熟悉C、C++等基本编程语言； 2、有光学分析仪器相关行业工作经验，有实际项目设计经验优先； 3、熟悉各种信号处理算法，有较好的数学功底； 4、熟悉软件的基本测试技能熟悉SQL语言及数据库的基础知识； 5、有较好英文阅读能力，熟悉office等基本操作。 工作地点 江苏省无锡市滨湖区马山五号桥工业园梁通路19号 以担保或任何理由索要财物，扣押证照，均涉嫌违法。一经发现， 立即举报,"C#,SQL,多线程,软件工程师",http://www.zhaopin.com/jobdetail/CC131746390J41002009602.htm?refcode=4019&srccode=401903&preactionid=15896a88-e4a8-422c-a42a-325a63eca292
软件测试工程师（c语言）,中科创达软件股份有限公司,1-1.5万,西安·雁塔·杜城,广州,本科,3-5年,7月24日,zhilian,职位描述 C语言 软件/IT服务 甲方：航空工业集团西安凯翔计算机软件有限责任公司 主要职责 1.使用C语言，为嵌入式环境（特别是飞机控制设备）设计、编写和维护高效的测试用例。 2.将开发的测试用例与客户的被测试软件进行集成和打包，部署到客户的飞机控制设备上进行实地运行和验证。 3.通过调用主线程程序的特定接口和消息机制，精确执行预定的测试动作，验证软件功能和性能。 4.分析测试结果，定位并报告软件缺陷，协助开发团队进行问题排查和修复。 5.参与测试框架的持续改进和优化，提升测试效率和覆盖率。 6.与客户沟通，理解测试需求，提供专业的技术支持和解决方案。 任职要求 1.计算机科学、电子工程、自动化或相关专业本科及以上学历。 2.具备2年以上嵌入式软件测试相关经验。 3.熟练掌握C语言，有实际的项目开发经验。 4.熟悉Linux操作系统，能够熟练使用常用的Linux指令进行开发、调试和环境配置。 5.具备扎实的自动化测试理论和实践经验，了解常见的自动化测试框架和工具。 6.了解嵌入式系统的基本原理和开发流程，有航空电子或相关领域经验者优先。 7.具备良好的问题分析、解决能力和逻辑思维能力。 8.具备良好的沟通能力和团队协作精神，能够承受一定的工作压力。 工作地点 西安雁塔区航空工业千山 以担保或任何理由索要财物，扣押证照，均涉嫌违法。一经发现， 立即举报,C语言,http://www.zhaopin.com/jobdetail/CC285451210J40850442111.htm?refcode=4019&srccode=401903&preactionid=15896a88-e4a8-422c-a42a-325a63eca292
C语言工程师,深蓝智造,1-2万,长春·朝阳,广州,本科,经验不限,7月24日,zhilian,"岗位职责： 负责智能网联电子产品基于嵌入式Linux或android平台应用层软件的设计与开发； 根据需求文档，编写概要设计、详细设计，并开发相应模块代码； 与底层软件开发人员共同制定底层驱动与上层软件接口； 与硬件开发人员配合，进行硬件和应用层软件联合调试； 负责与供应商沟通，解决开发过程中遇到的问题； 任职要求： 相关专业本科及以上学历； 精通C/C++语言，数据结构，丰富的产品应用开发经验 可以驱动TFT彩屏，并围绕彩屏做相关的应用程序设计。 熟练掌握和使用OpenGL/ES等开源库 熟悉Linux或android设备驱动的各种编程接口和机制； 精通嵌入式linux或android系统，对嵌入式OS有比较深入的认识； 熟悉ARM处理器架构的工作原理，熟悉linux或android系统下视频播放OpenGL/ES开发经验者优先。 熟悉3G/4G, WiFi, GPS, NFC等无线网络协议。 .对Touch, Camera,等传感器协议了解 对eMMC, DRAM, MicroSD, Flash等储存装置协议有所了解 具有良好的英语读写能力； 具有良好的沟通和团队协作能力，有较强的主观能动性和责任心。 职位福利：五险一金、餐补、带薪年假、节日福利、定期体检、周末双休、全额公积金、绩效奖金 工作地点 朝阳区长春市高新区前进大街欢乐城写字楼 以担保或任何理由索要财物，扣押证照，均涉嫌违法。一经发现， 立即举报",半导体/芯片,http://www.zhaopin.com/jobdetail/CC421839780J40877595215.htm?refcode=4019&srccode=401903&preactionid=15896a88-e4a8-422c-a42a-325a63eca292
c语言测试,西安旭东京晟科技有限公司,8000-13000元·13薪,西安·碑林·张家村,广州,本科,1-3年,7月23日,zhilian,岗位职责: 1、根据项目测试需求编写测试计划、测试用例； 2、执行测试用例以发现软件缺陷，并对发现的缺陷进行跟踪； 3、编写测试报告和问题报告； 4、定期总结测试问题和经验，提高自身测试水平。 任职要求: 1、本科及以上学历，计算机、电子、自动化、通信工程、电子信息工程等相关专业，1年以上软件测试经验； 2、熟悉C编程语言； 3、熟悉软件生命周期及测试理论、测试流程，了解测试文档编制标准； 4、熟悉并可编写测试文档主要内容，如测试计划、测试用例、测试报告等； 5、具有应用软件、嵌入式软件项目测试经验者优先； 6、具备良好的学习能力、沟通能力及团队协作意识，工作认真、细致、负责，热爱测评行业。 工作地点 西安市-碑林区-劳动南路17-18号1902 以担保或任何理由索要财物，扣押证照，均涉嫌违法。一经发现， 立即举报,"自动化测试,性能测试,C",http://www.zhaopin.com/jobdetail/CCL1434997210J40801993205.htm?refcode=4019&srccode=401903&preactionid=15896a88-e4a8-422c-a42a-325a63eca292
全栈-一体化平台开发Python\C语言,科锐尔人力资源服务(苏州)有限公司,1.3-2万,天津·滨海新区·塘沽,广州,本科,10年以上,7月23日,zhilian,职位描述 后端开发 Python C++ C# MySQL 人大金仓 达梦 一体化平台开发 三维引擎 工业设计 仿真分析 通讯求解器 计算分析 软件/IT服务 人力资源 技术要求： 前后端开发技术需求： 1. 前端技术栈：熟练使用 Vue3 框架、TS 构建高交互性页面，掌握 Electron 开发桌面应用者优先； 2. 后端技术：熟悉 C++/Java/Go/Python 任一后端语言，有基于 Electron 开发桌面应用经验者优先； 3. 数据库技术：熟练使用 MySQL 数据库开发，熟悉达梦、人大金仓等国产数据库者优先。 其他技术需求： 1. 熟悉版本控制系统（如 Git），能够高效协作并管理代码版本； 2. 具备良好的问题分析与解决能力，能够应对前后端开发及数据库应用中的各类技术问题； 3. 具备信创环境软件开发和部署能力优先。 工作地点 天津滨海新区海滨十五路199号 以担保或任何理由索要财物，扣押证照，均涉嫌违法。一经发现， 立即举报 客户,"后端开发,Python,C++,C#,MySQL,人大金仓,达梦,一体化平台开发,三维引擎,工业设计,仿真分析,通讯求解器",http://www.zhaopin.com/jobdetail/CC453635220J40911431203.htm?refcode=4019&srccode=401903&preactionid=15896a88-e4a8-422c-a42a-325a63eca292
高薪聘请 C语言工程师,江苏朗誉企业服务有限公司,1.9-2.5万,苏州·昆山·花桥,广州,本科,3-5年,7月23日,zhilian,职位描述 C# 嵌入式开发 果链 半导体/芯片 工业自动化/机器人 1、负责 AOI 视觉检测设备的上位机软件开发，基于 C# 完成设备运动控制、视觉模块对接、人机交互界面的设计与实现。 2、配合算法、电气调试团队，完成 AOI 设备的软件集成与联调，解决设备现场调试中的软件问题，保障设备稳定运行。 3、参与产品需求分析与技术方案设计，根据设备检测场景优化软件性能，提升 AOI 检测流程的运行效率与稳定性。 4、负责与 Halcon/OpenCV 视觉算法库对接，实现图像采集、缺陷检测结果展示、数据报表输出等功能开发。 任职要求 1、本科及以上学历，计算机、自动化、电子信息等相关专业，3 年以上 C# 软件开发经验。 2、熟练掌握 C#、.NET Framework/.NET Core，精通 WinForm/WPF 界面开发，具备完整的上位机软件项目经验。 工作地点 苏州昆山市昆山立旭电子科技有限公司 以担保或任何理由索要财物，扣押证照，均涉嫌违法。一经发现， 立即举报,"C#,嵌入式开发,果链",http://www.zhaopin.com/jobdetail/CCL1212063460J40957467715.htm?refcode=4019&srccode=401903&preactionid=15896a88-e4a8-422c-a42a-325a63eca292
嵌入式c语言软件测试,西安旭东京晟科技有限公司,8000-13000元·13薪,西安·碑林·张家村,广州,本科,3-5年,7月23日,zhilian,职位描述 功能测试 系统测试 安全测试 C C++ Python 禅道 导航，雷达，数据链 通信/网络设备 半导体/芯片 船舶/航空/航天/军工 主要工作： 1.负责嵌入式软件的功能模块研发及测试，c语言编写。 2.负责研制项目软件研发及功能、性能测试，能够熟练研读c语言代码，能编写测试大纲，测试用例，测试报告等文档。 3.完成上级安排的其他工作。 任职要求： 1.本科及以上学历，3年以上，计算机、软件工程、通信，电子工程等相关专业； 2.具备熟练的c语言编程能力阅读能力。 3.熟悉c指针，数据结构，结构体，数组等基本知识。 4.有良好的沟通和合作能力，具有团队精神和敬业精神，有一定的抗压能力。 5.有创新能力，工作积极主动，具有高度的责任感。 6.熟悉导航，雷达，数据链测试优先。 工作地点 西安市-碑林区-劳动南路17-18号 以担保或任何理由索要财物，扣押证照，均涉嫌违法。一经发现， 立即举报,"功能测试,系统测试,安全测试,C,C++,Python,禅道,导航，雷达，数据链",http://www.zhaopin.com/jobdetail/CCL1434997210J40871950505.htm?refcode=4019&srccode=401903&preactionid=15896a88-e4a8-422c-a42a-325a63eca292
成都工作-嵌入式白盒测试【C语言】,信必优(深圳)信息技术有限公司广州分公司,1.3-1.6万,重庆·渝中·两路口,广州,大专,3-5年,7月23日,zhilian,职位描述 C语言 VECTORCAST LDRA TESTBED TESSY 软件/IT服务 船舶/航空/航天/军工 工作内容： 1、负责飞控机载软件的静态测试（文档审查、代码审查、编码规范检查）和动态测试（单元测试、集成测试、功能测试），编写测试程序和测试脚本，确保需求覆盖率达到100%。 2、按照 DO-178C / GJB 标准，完成语句覆盖率、分支覆盖率、MC/DC覆盖率的测试与报告输出。 3、使用 Testbed、LDRA、Klockwork、VCast 等工具执行静态分析和单元动态测试。 4、使用串口调试工具、CAN工具、TCP/UDP工具执行系统级功能测试与接口测试。 5、对测试中发现的问题进行记录、跟踪、回归验证，协助开发团队定位缺陷。 6、输出测试大纲、测试说明、测试报告、问题报告单等适航/JG级验证文档。 7、参与需求评审、测试用例评审、代码走查，支持项目验收和适航审查。 任职要求 基本要求： 1、本科及以上学历，计算机、软件工程、电子信息、自动化等相关专业。 2、3年以上（中级） 嵌入式软件测试或开发经验。 3、熟练掌握 C/C++语言，能阅读、分析、理解嵌入式代码逻辑。 4、了解 DO-178C 或 GJB 等适航/JG软件标准，了解软件验证流程。 5、了解白盒测试方法（单元测试、集成测试、静态分析、覆盖率分析），有实际项目经验者优先。 6、了解黑盒测试方法（功能测试、接口测试、系统测试），能设计系统级测试用例。 7、至少了解一种测试工具：Testbed、LDRA、VCast、Klockwork、C++Test 等。 8、具备良好的文档编写能力和沟通协作能力。 加分项 1、有飞控系统、无人机、航电系统相关测试经验 2、有JG三方测评、鉴定测评项目经验 3、有 DO-178C 适航项目实际参与经验 4、有 MC/DC覆盖率分析 实战经验 5、熟悉 CAN、RS422/RS485、ARINC429、1553B 等通信总线调试 6、熟悉 Polarion、DOORS 等需求管理工具 7、有 Python、CAPL 等脚本语言能力，能编写自动化辅助脚本 我们提供 1、参与国内头部 eVTOL 企业飞控机载软件的适航验证工作 接触完整的 DO-178C 适航审定流程，积累高门槛行业经验 2、白盒 + 黑盒 双方向成长路径，根据个人能力倾向灵活发展 3、北欧外企管理模式，弹性工作制，工作生活平衡 4、成都高新区办公，项目长期稳定 工作地点 重庆渝中区两路口1 以担保或任何理由索要财物，扣押证照，均涉嫌违法。一经发现， 立即举报,"C语言,VECTORCAST,LDRA TESTBED,TESSY",http://www.zhaopin.com/jobdetail/CCL1486636660J40921479912.htm?refcode=4019&srccode=401903&preactionid=15896a88-e4a8-422c-a42a-325a63eca292
c语言工程师（银行）,软通动力信息技术(集团)股份有限公司,1.1-1.3万,福州·台江·鳌峰,广州,本科,经验不限,7月23日,zhilian,职位描述 C语言 嵌入式开发 底层系统开发 内存管理 多线程同步 工作职责 1. 负责底层系统或嵌入式应用的C语言代码开发与维护，确保代码的高效性与稳定性。 2. 参与需求分析与技术方案设计，解决内存管理、多线程同步等核心技术问题。 3. 编写单元测试用例，配合测试团队完成系统集成测试与性能优化。 4. 参与技术文档编写，沉淀开发经验与最佳实践。 任职要求 1. 本科及以上学历，计算机、电子信息等相关专业，基础扎实。 2. 精通C语言编程，熟悉数据结构、算法及操作系统原理。 3. 具备嵌入式系统开发或底层驱动开发经验者优先。 4. 掌握Git等版本控制工具，具备良好的代码规范与文档编写习惯。 5. 具备较强的问题分析与解决能力，能独立完成模块开发任务。 工作地点 福州台江区宝地广场1 以担保或任何理由索要财物，扣押证照，均涉嫌违法。一经发现， 立即举报,"C语言,嵌入式开发,底层系统开发,内存管理,多线程同步",http://www.zhaopin.com/jobdetail/CC000544460J40826716116.htm?refcode=4019&srccode=401903&preactionid=15896a88-e4a8-422c-a42a-325a63eca292
c语言开发工程师,鑫锡软件(朝阳)有限公司,1-1.6万,福州·台江·鳌峰,广州,本科,1-3年,7月23日,zhilian,岗位职责： 1. 基于C语言开展数据库后台、底层工具及配套服务开发，负责模块编码、单元测试、bug修复； 2. 编写、优化SQL语句，完成数据库查询性能调优，处理业务数据存储、事务相关问题； 3. 参与分布式数据库环境部署、功能迭代，支撑业务稳定运行； 4. 输出开发文档、接口说明，配合测试、运维团队定位线上故障。 任职要求 1. 本科及以上学历； 2. C语言实际项目开发经验，熟悉Linux开发环境； 3. 熟练掌握SQL语法，了解索引、事务、执行计划等数据库基础原理； 4. 有GoldenDB分布式数据库、TongEasy工具使用或二次开发经验者优先。 工作地点 福州市-台江区-江滨中大道380号 以担保或任何理由索要财物，扣押证照，均涉嫌违法。一经发现， 立即举报,"SQL,Linux,C语言",http://www.zhaopin.com/jobdetail/CCL1387109580J40879285105.htm?refcode=4019&srccode=401903&preactionid=15896a88-e4a8-422c-a42a-325a63eca292
c语言开发工程师,安徽中科软科技信息有限公司,8000-13000元,合肥·蜀山·高新区,广州,本科,经验不限,7月22日,zhilian,职位描述 C语言 半导体/芯片 1，本科及以上学历，有C/C++编程基础 2，有Linux嵌入式相关经验 3，有1~2年工作经验 4，加分： - Android Graphics/Display相关经验 - Android Video 编解码相关经验 工作地点 合肥蜀山区创新大道与皖水路交叉口 以担保或任何理由索要财物，扣押证照，均涉嫌违法。一经发现， 立即举报,C语言,http://www.zhaopin.com/jobdetail/CC659319520J40854058007.htm?refcode=4019&srccode=401903&preactionid=15896a88-e4a8-422c-a42a-325a63eca292
c语言研发工程师,威海电美世光机电有限公司,5000-7000元,威海·环翠区·西苑街道,广州,本科,经验不限,7月22日,zhilian,职位描述 C语言 C# 计算机软件 半导体/芯片 岗位内容： 1. 设计、开发和维护C语言应用程序； 2. 根据产品需求，完成相应领域的研究及开发； 3. 参与项目需求分析和技术选型； 4. 负责代码编写、单元测试、Bug修复等工作。 任职要求： 1. 熟悉C语言，了解C Sharp（C#）编程语言 ，具备扎实的编程基础； 2. 具有良好的算法和数据结构基础； 3. 熟练使用常见的开发工具，如VS、Eclipse等； 4. 具备较强的沟通协调能力和团队合作精神； 5. 具备分析问题、解决问题的能力； 工作地点 环翠区威海经济技术开发区贝卡尔特路88-1号 以担保或任何理由索要财物，扣押证照，均涉嫌违法。一经发现， 立即举报,"C语言,C#",http://www.zhaopin.com/jobdetail/CC251354120J40822080010.htm?refcode=4019&srccode=401903&preactionid=9fca8670-f6e2-423b-b4b3-93712c330c81
C语言开发工程师（长春）,长光工程师培训中心(长春)有限公司,8000-15000元,长春·二道·东方广场,广州,本科,3-5年,7月21日,zhilian,职位描述 32位单片机 C语言 1.岗位描述：负责C语言嵌入式方向新人培养及项目研发 2.人员要求： ① 计算机、自动化、电子信息等相关专业本科及以上学历，具备嵌入式软件相关开发经验3年以上； ② 具备ARM、单片机等嵌入式系统软件框架和架构设计能力； ③ 熟练掌握C及C++，熟悉linux或其他RTOS系统的开发和应用，熟悉TCP/IP协议栈及熟练的Linux网络应用程序开发能力； ④ 熟练掌握Keil开发工具 ⑤ 有独立实施或负责过完整嵌入式系统软件设计开发和调试经验； ⑥ 熟练掌握各种通讯接口和协议开发（UART、I2C、SPI、USB、CAN等）； ⑦ 具备模拟和数字电路基础知识，能看懂原理图； ⑧ 熟悉FPGA外围电路，熟练使用VHDL语言、QuartesII等开发工具；了解Matlab应用操作； ⑨ 工作认真、有责任心、学习能力强，具备良好的团队合作能力和沟通表达能力； ⑩ 有教师资格证者优先； 3.福利待遇：底薪5~10K+课时费+五险一金+双休+年假+公司福利+高温假期（综合薪资7~14K） 工作地点 长春二道区光电信息产业园7栋6楼西侧 以担保或任何理由索要财物，扣押证照，均涉嫌违法。一经发现， 立即举报,"32位单片机,C语言",http://www.zhaopin.com/jobdetail/CC649582830J40554092714.htm?refcode=4019&srccode=401903&preactionid=9fca8670-f6e2-423b-b4b3-93712c330c81
AVR单片机C语言实践课,吉林省智视界传媒有限公司,4000-8000元,长春·南关·新立城,广州,本科,经验不限,7月26日,zhilian,职位描述 AVR单片机 大学教师 一、授课时间 1. 开课时间：9月份开学第一周正式开始 2. 上课周期：整学期授课，总计 64课时 3. 固定课表：每周三上午 4课时 二、授课内容 1. AVR单片机基础硬件认知与实操 2. C语言单片机底层编程教学 3. 单片机IO口、定时器、中断、串口等外设实操 4. 课堂实操指导、项目调试、作业答疑 三、任职要求 1. 熟练掌握 AVR单片机 + C语言编程，能独立带实践实验课 2. 熟悉大学实训授课节奏，有耐心、责任心，能管好课堂纪律 3. 有高校授课、单片机实训代课经验者优先 4. 本科及以上学历，电子、自动化、机电、计算机等相关专业优先 四、工作说明 1. 纯线下大学课堂授课，仅固定周三上午上课，时间非常固定、轻松 2. 总课时固定64课时，课时量清晰透明 3. 学校提供课件、实验设备、开发板，只需负责课堂教学与实操指导 六、薪资待遇 面议（高校长期稳定兼职，结算靠谱，长期合作优先） 工作地点 长春南关区空天大数据产业园 以担保或任何理由索要财物，扣押证照，均涉嫌违法。一经发现， 立即举报,"AVR单片机,大学教师",http://www.zhaopin.com/jobdetail/CCL1512935930J40864893307.htm?refcode=4019&srccode=401903&preactionid=9fca8670-f6e2-423b-b4b3-93712c330c81
测试工程师（C语言）,中软国际,面议,上海·闵行·吴泾,广州,本科,1-3年,7月20日,zhilian,岗位职责​​ ​​测试设计与执行​​： 根据软件需求及设计文档，制定测试计划，设计并执行测试用例，确保软件功能、性能及可靠性符合要求。 运用等价类划分、边界值分析、场景法等测试方法，高效覆盖需求场景。 ​​代码验证与静态分析​​： 对C/C++代码进行审查，分析代码逻辑及潜在缺陷，确保符合编码规范及安全标准。 使用LDRA Testbed等工具开展静态分析、结构覆盖分析及单元测试，生成测试报告并推动问题闭环。 ​​测试工具与流程优化​​： 参与测试工具链的搭建与维护，提升自动化测试覆盖率及效率。 制定并优化验证流程，推动测试标准化和可追溯性。 ​​跨部门协作​​： 与开发、产品团队紧密沟通，快速定位问题根因并提出改进建议。 参与需求评审及技术方案讨论，从验证角度提供风险预判。 ​​文档编写与交付​​： 输出测试报告、缺陷分析报告及验证总结文档，支撑软件版本发布决策。 ​​ 任职要求​​ ​​1. 教育背景与经验​​ 统招公办本科及以上学历，计算机科学、软件工程、电子信息等相关专业，计算机理论基础扎实。 1年及以上软件测试或验证工程经验，熟悉嵌入式系统或工业软件测试者优先。 工作地点 上海闵行区中航民用航空电子产业园 以担保或任何理由索要财物，扣押证照，均涉嫌违法。一经发现， 立即举报,"软件测试,C",http://www.zhaopin.com/jobdetail/CC508620120J40789333612.htm?refcode=4019&srccode=401903&preactionid=9fca8670-f6e2-423b-b4b3-93712c330c81
C语言开发岗,南京迈特望科技股份有限公司,8000-10000元,南京·雨花台·雨花,广州,大专,3-5年,7月26日,zhilian,职位描述 C语言 Linux开发 嵌入式开发 通信/网络设备 软件/IT服务 任职要求： 1、学历与专业：本科及以上学历，计算机、通信、电子等相关专业。 2、编程语言：熟练掌握C语言，有makefile、shell脚本开发经验的优先 3、专业与技能：熟练掌握linux基本操作，有嵌入式uboot、内核启动、flash（emmc）文件系统调试经验，有I2C、GPIO、UART、USB、电机等硬件驱动调试经验 4、综合素质：具有良好的团队协作意识，有独立解决技术问题的能力和良好的沟通表达能力。 工作园区:南京南站园区 工作地点 南京雨花台区中兴1F 以担保或任何理由索要财物，扣押证照，均涉嫌违法。一经发现， 立即举报,"C语言,Linux开发,嵌入式开发",http://www.zhaopin.com/jobdetail/CC142971790J40863677511.htm?refcode=4019&srccode=401903&preactionid=9fca8670-f6e2-423b-b4b3-93712c330c81
C语言-工作人员,山东英大招投标有限公司,5000-8000元,济南·历下·趵突泉,广州,本科,3-5年,7月26日,zhilian,职位描述 C语言 本岗位必须在工作实践中，熟练应用C语言。 特别说明：有体育运动特长者，优先聘用。 职位福利：周末双休、五险一金、绩效奖金、全勤奖、节日福利、定期团建、每年多次调薪、通讯补助 工作地点 历下区济南市马鞍山路2-1号 山东大厦 8406室 以担保或任何理由索要财物，扣押证照，均涉嫌违法。一经发现， 立即举报,C语言,http://www.zhaopin.com/jobdetail/CC138178950J40985606102.htm?refcode=4019&srccode=401903&preactionid=9fca8670-f6e2-423b-b4b3-93712c330c81
c语言开发工程师,北京捷科智诚科技有限公司上海分公司,1-1.5万,福州·台江·鳌峰,广州,本科,3-5年,7月18日,zhilian,职位描述 C语言 C# Python 图形图像处理 MySQL Oracle Redis C语言开发 银行 产业互联网平台 软件/IT服务 接受福建福州常驻 初级本科及以上学历，社保满足2年以上 1年及以上C语言开发经验，sql掌握，有GoldenDB、TongEasy技能优先 中级：社保满足3年以上 本科及以上学历，3年及以上C语言开发经验，sql熟练，有GoldenDB、TongEasy技能优先 高级，社保满足5年以上： 本科及以上学历，5年及以上C语言开发经验，sql精通，有GoldenDB、TongEasy技能优先 工作地点 福州台江区宝地广场380 以担保或任何理由索要财物，扣押证照，均涉嫌违法。一经发现， 立即举报,"C语言,C#,Python,图形图像处理,MySQL,Oracle,Redis,C语言开发",http://www.zhaopin.com/jobdetail/CCL1405333700J40880252705.htm?refcode=4019&srccode=401903&preactionid=9fca8670-f6e2-423b-b4b3-93712c330c81
c语言嵌入式开发工程师,深圳市法本信息技术股份有限公司,1.2-2.2万,成都·双流·华阳,广州,本科,3-5年,7月26日,zhilian,"岗位职责： 1. 负责基于Autoasr CP系统的嵌入式产品的MCU软件开发、调试与验证，覆盖系统、通信、诊断、升级、设备抽象等模块 2. 负责使用Autosar CP工具链，完成嵌入式系统中SWC、BSW、驱动模块设计、开发、测试及维护 3. 负责软件研发过程中的功能类、性能类、可靠性类、DFX维测类等问题的定位和修复 4. 参与项目需求分析,参与或独立进行系统框架和核心模块的设计及开发，与相关干系人进行有效沟通 任职要求： 1）本科及以上学历，车辆工程、电子信息工程、自动化、通信工程相关专业毕业 2) 良好的C语言编程能力，有扎实的算法及数据结构基础，良好的编程能力和工作习惯 3) 熟悉RTOS（FreeRTOS、LiteOS和RT-Thread等常见OS中的一种或多种）或Linux下内核/驱动/应用层开发 4) 熟练掌握MCU外设驱动开发与调试（CAN/LIN/Ethernet、SPI/I²C/UART、ADC、PWM、Watchdog、Flash等） 5）工作细致有耐心，有责任感，积极主动，较强的抗压和动手实践能力 加分项： 1）熟悉Autosar软件架构及规范，有CP软件配置开发经验（包括MCAL、BSW、RTE、SWC） 2）熟悉车载总线通信协议（车载以太网、SOME/IP、CAN等） 3）熟悉UDS/OBD诊断协议或OTA升级 4）具有车身对手件、热管理域相关部件、悬架、底盘域、电子锁等相关领域开发经验 工作地点 成都双流区AI创新中心A4 以担保或任何理由索要财物，扣押证照，均涉嫌违法。一经发现， 立即举报","ARM处理器,C语言,linux,RTOS系统底层开发",http://www.zhaopin.com/jobdetail/CC385622410J40789729106.htm?refcode=4019&srccode=401903&preactionid=9fca8670-f6e2-423b-b4b3-93712c330c81
嵌入式白盒测试【C语言】,信必优(深圳)信息技术有限公司广州分公司,1.3-1.6万,成都·武侯·桂溪,广州,大专,3-5年,7月16日,zhilian,职位描述 C语言 VECTORCAST LDRA TESTBED TESSY 船舶/航空/航天/军工 软件/IT服务 工作内容： 1、负责飞控机载软件的静态测试（文档审查、代码审查、编码规范检查）和动态测试（单元测试、集成测试、功能测试），编写测试程序和测试脚本，确保需求覆盖率达到100%。 2、按照 DO-178C / GJB 标准，完成语句覆盖率、分支覆盖率、MC/DC覆盖率的测试与报告输出。 3、使用 Testbed、LDRA、Klockwork、VCast 等工具执行静态分析和单元动态测试。 4、使用串口调试工具、CAN工具、TCP/UDP工具执行系统级功能测试与接口测试。 5、对测试中发现的问题进行记录、跟踪、回归验证，协助开发团队定位缺陷。 6、输出测试大纲、测试说明、测试报告、问题报告单等适航/JG级验证文档。 7、参与需求评审、测试用例评审、代码走查，支持项目验收和适航审查。 任职要求 基本要求： 1、本科及以上学历，计算机、软件工程、电子信息、自动化等相关专业。 2、3年以上（中级） 嵌入式软件测试或开发经验。 3、熟练掌握 C/C++语言，能阅读、分析、理解嵌入式代码逻辑。 4、了解 DO-178C 或 GJB 等适航/JG软件标准，了解软件验证流程。 5、了解白盒测试方法（单元测试、集成测试、静态分析、覆盖率分析），有实际项目经验者优先。 6、了解黑盒测试方法（功能测试、接口测试、系统测试），能设计系统级测试用例。 7、至少了解一种测试工具：Testbed、LDRA、VCast、Klockwork、C++Test 等。 8、具备良好的文档编写能力和沟通协作能力。 加分项 1、有飞控系统、无人机、航电系统相关测试经验 2、有JG三方测评、鉴定测评项目经验 3、有 DO-178C 适航项目实际参与经验 4、有 MC/DC覆盖率分析 实战经验 5、熟悉 CAN、RS422/RS485、ARINC429、1553B 等通信总线调试 6、熟悉 Polarion、DOORS 等需求管理工具 7、有 Python、CAPL 等脚本语言能力，能编写自动化辅助脚本 我们提供 1、参与国内头部 eVTOL 企业飞控机载软件的适航验证工作 接触完整的 DO-178C 适航审定流程，积累高门槛行业经验 2、白盒 + 黑盒 双方向成长路径，根据个人能力倾向灵活发展 3、北欧外企管理模式，弹性工作制，工作生活平衡 4、成都高新区办公，项目长期稳定 工作地点 成都武侯区菁蓉汇 以担保或任何理由索要财物，扣押证照，均涉嫌违法。一经发现， 立即举报,"C语言,VECTORCAST,LDRA TESTBED,TESSY",http://www.zhaopin.com/jobdetail/CCL1486636660J40921478512.htm?refcode=4019&srccode=401903&preactionid=9fca8670-f6e2-423b-b4b3-93712c330c81
C语言软件研发,东方威思顿,6000-8000元,烟台·莱山·初家,广州,本科,经验不限,7月26日,zhilian,岗位职责： 参与电力相关仪器仪表产品的研发设计工作，包括概要设计、详细设计、代码实现、调试及测试等，主要技术栈涉及单片机程序开发、ucos/FreeRTOS嵌入式系统、C语言、数据结构等。 任职要求： 1、本科及以上学历，测控、电子、计算机、电力电子系统、自动化等相关专业； 2、熟练掌握C语言编程、熟悉单片机原理、熟悉常用的通讯协议、了解嵌入式操作系统，使用过ST的cortexM0、M3、M4系列或ARM其他系列MCU者优先； 3、具有电能表、高压表或电力监测仪表等相关产品软件开发经验者优先； 4、乐学好问，勤于动手，工作认真负责，服从领导安排，具有团队合作和敬业精神； 5、若为应届毕业生，要求专业基础扎实、擅长学习、动手能力强，在校期间有丰富的项目开发经验。 工作地点 莱山区烟台东方威思顿电气有限公司 以担保或任何理由索要财物，扣押证照，均涉嫌违法。一经发现， 立即举报,"C语言,嵌入式开发,Linux开发",http://www.zhaopin.com/jobdetail/CC218688710J40771918616.htm?refcode=4019&srccode=401903&preactionid=9fca8670-f6e2-423b-b4b3-93712c330c81
芯片测试工程师（C语言）,科锐尔人力资源服务(苏州)有限公司,1.5-3万,西安·碑林·张家村,广州,本科,经验不限,7月14日,zhilian,职位描述 接口芯片 通信芯片 性能测试 功能测试 存储芯片 1.基于需求2.0需求-验证追踪矩阵 2.物理测试规范、物理测试用例编写； 3.物理测试； 4.物理测试报告 5.C语言 1.基于需求2.1需求（重点功能包含数据流性能需求、模式选择、功能禁止，配置需求、可测试性需求与安全性架构减缓需求、安全性需求）-验证追踪矩阵； 2.物理测试规范、物理测试用例编写； 3.物理测试； 4.物理测试报告 工作地点 西安碑林区航空科技大厦翔腾微电子 以担保或任何理由索要财物，扣押证照，均涉嫌违法。一经发现， 立即举报 客户,"接口芯片,通信芯片,性能测试,功能测试,存储芯片",http://www.zhaopin.com/jobdetail/CC453635220J40806951603.htm?refcode=4019&srccode=401903&preactionid=9fca8670-f6e2-423b-b4b3-93712c330c81
嵌入式C语言白盒测试/带薪年假12-15天,新拓尼克科技研发中心 / Syntronic Beijing R&D Center,9000-12000元,成都·双流·西航港,广州,本科,3-5年,7月26日,zhilian,职位描述 C语言 船舶/航空/航天/军工 项目需要的机载软件验证人员角色定义如下：（C语言代码开发能力） a) 初级测试工程师：本科及以上学历；计算机软件相关专业； 2年以上嵌入式软件测试工作经验；了解软件适航标准DO-178C；熟练掌握C语言；了解机载软件的软件架构与机载软件测试流程。 b) 中级测试工程师：本科及以上学历； 4年以上嵌入式软件测试工作经验；熟悉软件适航标准DO-178C；熟练掌握C语言并具有一定的软件开发能力；熟悉机载软件架构与机载软件测试流程。 有机载软件验证、软件适航、无人机、J工测试经验优先。 工作地点 成都双流区天府五街 以担保或任何理由索要财物，扣押证照，均涉嫌违法。一经发现， 立即举报,C语言,http://www.zhaopin.com/jobdetail/CC134310320J40789015206.htm?refcode=4019&srccode=401903&preactionid=9fca8670-f6e2-423b-b4b3-93712c330c81
C语言/C++/C#开发工程师温州应届生,浙江精通自动控制技术有限公司,7000-14000元·14薪,温州·洞头区·灵昆街道,广州,本科,经验不限,7月26日,zhilian,岗位职责： 汽车电子软件测试；应用；黑盒/白盒测试； 根据产品系统/架构设计，编写测试计划，测试规范，并实施测试； 协助开发测试平台，基于C语言进行相关嵌入式底层开发； 对相关部门和客户进行初级技术支持； 完成公司安排的其他任务； 任职要求： 本科及以上学历（电子、自动化、通信、信息、电子、计算机、软件等专业）； 熟悉电路原理，熟悉基本电子元器件，含元器件基本功能，基本使用方法，基本规格等 熟悉各种实验室仪器，如：万用表，示波器，电子负载，功率计，频谱仪等 掌握汇编，C语言等，熟悉labview，C/C++，Matlab任意一种开发工具 了解电磁兼容基础知识 英语CET4级及以上，口语流利者优先 有上进心，学习能力强，思路清晰，逻辑性强，有良好的沟通能力 职位福利：节日福利、带薪年假、年底双薪、员工旅游、五险一金、全勤奖、餐补、项目奖金 奖金绩效 技术奖金/项目奖金 工作地点 浙江万宜汽车技术有限公司 浙江温州洞头区灵展路699号-台商科技园12号楼-浙江万宜汽车技术有限公司 5楼综合部 以担保或任何理由索要财物，扣押证照，均涉嫌违法。一经发现， 立即举报,"C#,电子,汽车电子,C语言,C++,硬件开发,嵌入式",http://www.zhaopin.com/jobdetail/CC343948910J40280579512.htm?refcode=4019&srccode=401903&preactionid=9fca8670-f6e2-423b-b4b3-93712c330c81
芯片测试（线上面试 要求C语言）,科锐尔人力资源服务(苏州)有限公司,1-2万,西安·碑林·张家村,广州,本科,经验不限,7月14日,zhilian,职位描述 可靠性测试 封装测试 自动化测试 通信芯片 1.熟悉C语言。基于需求2.1需求（重点功能包含数据流性能需求、模式选择、功能禁止，配置需求、可测试性需求与安全性架构减缓需求、安全性需求）-验证追踪矩阵； 2.物理测试规范、物理测试用例编写； 3.物理测试； 4.物理测试报告 工作地点 西安碑林区航空科技大厦1 以担保或任何理由索要财物，扣押证照，均涉嫌违法。一经发现， 立即举报 客户,"可靠性测试,封装测试,自动化测试,通信芯片",http://www.zhaopin.com/jobdetail/CC453635220J40855610703.htm?refcode=4019&srccode=401903&preactionid=9fca8670-f6e2-423b-b4b3-93712c330c81
合肥C语言开发（银行项目）,软通动力信息技术(集团)股份有限公司,1-1.7万,合肥·包河·烟墩,广州,本科,3-5年,7月26日,zhilian,职位描述 C语言 银行 C 1、根据业务需求，完成需求分析、详细设计、开发、测试等工作; 2、快速完成生产问题排查与解决。 管理本人工作，与组内沟通顺畅，独立进行组间问题沟通及解决。业务能力: 具备银行业开发、推广经验者优先;技术能力: 1.熟悉c程序、pc 程序开发; 2.熟悉 Linux C开发，具有 Linux 下应用系统开发经验; 3.熟悉 Linux操作系统的基本操作以及 shell 脚本的编写; 4.熟悉 oracle数据库，sql语言; 5.了解目前主流中间件，例如 weblogic、tuxedo等; SDK开发，涉及设备端的SDK和固件开发 工作地点 包河区中国邮政储蓄银行合肥基地-北门 以担保或任何理由索要财物，扣押证照，均涉嫌违法。一经发现， 立即举报,C语言,http://www.zhaopin.com/jobdetail/CC000544460J40822886116.htm?refcode=4019&srccode=401903&preactionid=9fca8670-f6e2-423b-b4b3-93712c330c81
STM32 C语言开发工程师(J10402),卡莱特云科技股份有限公司,1.1-1.8万·14薪,成都·武侯·桂溪,广州,本科,3-5年,7月11日,zhilian,岗位职责: 1‌. 系统开发设计‌：根据业务需求完成嵌入式系统的架构设计、模块划分及接口定义；编写系统需求分析报告、概要设计文档和详细设计文档； 2. ‌功能实现‌：使用C语言完成系统核心代码开发，包括模块功能实现、算法优化及性能调优；编写单元测试代码，进行功能验证和异常处理； 3‌. 系统调试‌：完成系统集成测试、功能联调及性能测试；编写测试方案、用例及问题修复报告； ‌ 4‌. 技术文档‌：整理技术文档（包括设计文档、单元测试报告等），确保符合项目规范；参与技术培训，持续提升团队成员的编码能力。 任职要求: 1. 本科及以上学历，计算机、电子、自动化等相关专业，3年以上相关软、硬件系统开发工作经验； 2. 熟悉C语言，熟悉相关C51、STM32的开发、调试、仿真工具和手段，熟悉C51、STM32外围接口比如CAN、USB、eMMC、SGMII、GMII、NAND、PCIe、SATA等； 3. 深入的STM32应用经验，熟悉业务逻辑，能够解决复杂技术难题和性能优化问题； 4. 对嵌入式系统架构设计和硬件软件协同设计有较深的理解和实践经验，针对具体应用场景进行系统级和代码级的优化； 5. 熟悉常见的通信协议和接口标准，能够设计和实现高性能、稳定的嵌入式应用； 6. 具备一定技术领导力和创新意识，能够推动团队解决技术挑战并提升整体技术水平，提高产品的竞争力。 工作地点 成都武侯区卡莱特云科技股份有限公司15楼 以担保或任何理由索要财物，扣押证照，均涉嫌违法。一经发现， 立即举报,"C语言,嵌入式开发,STM32",http://www.zhaopin.com/jobdetail/CC462571410J40862026011.htm?refcode=4019&srccode=401903&preactionid=9fca8670-f6e2-423b-b4b3-93712c330c81
C语言开发（全额公积金+双休）,深圳市法本信息技术股份有限公司,1.1-1.4万,福州·台江·鳌峰,广州,本科,3-5年,7月26日,zhilian,职位描述 C语言 嵌入式开发 Linux开发 系统级软件开发 内存管理 多线程同步 工作职责 1. 负责基于C语言的系统级或嵌入式软件模块开发、编码与单元测试，确保代码的高效性与稳定性。 2. 参与底层技术方案设计，解决内存管理、多线程同步、性能优化等核心技术问题。 3. 配合测试团队完成系统联调与bug修复，保障产品交付质量。 4. 编写技术文档，沉淀开发经验与最佳实践，支持团队知识共享。 任职要求 1. 本科及以上学历 2. 3年以上C语言开发经验，精通C语言语法、指针操作及内存管理，熟悉Linux/Unix环境下的开发流程。 3. 具备系统级编程或嵌入式开发经验，了解操作系统原理、数据结构与算法。 4. 具备良好的问题分析能力与调试能力，能独立定位并解决复杂技术问题。 工作地点 宝地广场福建省福州市台江区江滨中大道宝地广场 以担保或任何理由索要财物，扣押证照，均涉嫌违法。一经发现， 立即举报,"C语言,嵌入式开发,Linux开发,系统级软件开发,内存管理,多线程同步",http://www.zhaopin.com/jobdetail/CC385622410J40787898106.htm?refcode=4019&srccode=401903&preactionid=9fca8670-f6e2-423b-b4b3-93712c330c81
c语言开发工程师,箴言科技(陕西)有限责任公司,1.3-1.5万,大连·甘井子·凌水,广州,大专,3-5年,7月9日,zhilian,职位描述 C语言 国产MCU 电池包BMS软件开发 1、编程语言:C语言 2、有电池管理系统相关或充电器相关开发经验者更佳 3、熟悉瑞萨MCU，国产MCU 4、会日语者更佳 5、能够接受单次一个月左右的出差，需要轮番驻在苏州 工作地点 大连甘井子区蔡大岭 以担保或任何理由索要财物，扣押证照，均涉嫌违法。一经发现， 立即举报,"C语言,国产MCU",http://www.zhaopin.com/jobdetail/CCL1381969850J40863088201.htm?refcode=4019&srccode=401903&preactionid=4bdf1e9a-38f5-474b-b169-4f514a8c1f58
C语言开发工程师,京北方,1.2-1.4万,合肥·包河·烟墩,广州,本科,3-5年,7月26日,zhilian,职位描述 C语言 金融科技/数字金融 银行 1、熟悉C语言编程调试、熟悉linux操作指令、tcp/ip协议等； 2、熟练掌握mysql、oracle数据库； 3、熟悉使用SVN、Git等开发工具； 4、了解Linux、RabbitMQ等中间件技术； 5、具有良好的编码习惯、文档写作能力，一定的需求分析、程序设计能力； 职位福利：五险一金、餐补 工作地点 合肥包河区中国科学技术大学国际金融研究院 以担保或任何理由索要财物，扣押证照，均涉嫌违法。一经发现， 立即举报,C语言,http://www.zhaopin.com/jobdetail/CC315847110J40863148907.htm?refcode=4019&srccode=401903&preactionid=4bdf1e9a-38f5-474b-b169-4f514a8c1f58
c语言开发工程师,南京迈特望科技股份有限公司,8000-15000元,南京·雨花台·雨花,广州,本科,5-10年,7月26日,zhilian,职位描述 C语言 嵌入式开发 Linux开发 通信/网络设备 任职要求： 1、学历与专业：本科及以上学历，计算机、通信、电子等相关专业。 2、编程语言：熟练掌握C语言，有makefile、shell脚本开发经验的优先 3、专业与技能：熟练掌握linux基本操作，有嵌入式uboot、内核启动、flash（emmc）文件系统调试经验，有I2C、GPIO、UART、USB、电机等硬件驱动调试经验 4、综合素质：具有良好的团队协作意识，有独立解决技术问题的能力和良好的沟通表达能力。 工作地点 南京雨花台区luckincoffee瑞幸咖啡(中兴和泰酒店店)软件大道50号 以担保或任何理由索要财物，扣押证照，均涉嫌违法。一经发现， 立即举报,"C语言,嵌入式开发,Linux开发",http://www.zhaopin.com/jobdetail/CC142971790J40861371511.htm?refcode=4019&srccode=401903&preactionid=4bdf1e9a-38f5-474b-b169-4f514a8c1f58
c语言工程师,青岛利诚达软件科技有限公司,5000-8000元,青岛·市南·金门路,广州,本科,经验不限,7月8日,zhilian,职位描述 C语言 Linux开发 高并发系统开发 底层算法优化 代码规范落地 工作职责 1. 负责C语言开发与维护，保障系统的高并发处理能力。 2. 参与底层算法优化与性能调优，提升系统响应速度与资源利用率。 3. 编写技术文档，推动团队代码规范与工程化实践落地。 任职要求 1. 计算机相关专业本科及以上学历，基础扎实。 2. 熟悉Linux环境下的多线程、网络编程，具备高性能服务器开发经验优先。 3. 具备良好的问题分析与解决能力，能独立完成复杂模块的设计与实现。 工作地点 市南区青岛软件园 以担保或任何理由索要财物，扣押证照，均涉嫌违法。一经发现， 立即举报,"C语言,Linux开发,高并发系统开发,底层算法优化,代码规范落地",http://www.zhaopin.com/jobdetail/CC466908380J40918926812.htm?refcode=4019&srccode=401903&preactionid=4bdf1e9a-38f5-474b-b169-4f514a8c1f58
C语言开发,鑫锡软件(朝阳)有限公司,1.1-1.5万,福州·台江·鳌峰,广州,本科,3-5年,7月7日,zhilian,岗位职责： 1. 基于C语言开展数据库后台、底层工具及配套服务开发，负责模块编码、单元测试、bug修复； 2. 编写、优化SQL语句，完成数据库查询性能调优，处理业务数据存储、事务相关问题； 3. 参与分布式数据库环境部署、功能迭代，支撑业务稳定运行； 4. 输出开发文档、接口说明，配合测试、运维团队定位线上故障。 任职要求 1. 本科及以上学历； 2. C语言实际项目开发经验，熟悉Linux开发环境； 3. 熟练掌握SQL语法，了解索引、事务、执行计划等数据库基础原理； 4. 有GoldenDB分布式数据库、TongEasy工具使用或二次开发经验者优先。 工作地点 福州台江区宝地广场 以担保或任何理由索要财物，扣押证照，均涉嫌违法。一经发现， 立即举报,"C语言,GOLDENDB分布式数据库,TONGEASY",http://www.zhaopin.com/jobdetail/CCL1387109580J40879133205.htm?refcode=4019&srccode=401903&preactionid=4bdf1e9a-38f5-474b-b169-4f514a8c1f58
c语言开发工程师/初中级/银行方向,京北方,1.2-1.5万,福州·台江·鳌峰,广州,本科,1-3年,7月26日,zhilian,职位描述 C语言 银行 1、本科及以上学历，2年以上c语言经验 2、sql掌握熟练，有GoldenDB、TongEasy技能优先; 3、有银行相关项目优先 工作地点 福州台江区宝地广场 以担保或任何理由索要财物，扣押证照，均涉嫌违法。一经发现， 立即举报,C语言,http://www.zhaopin.com/jobdetail/CC315847110J40860506707.htm?refcode=4019&srccode=401903&preactionid=4bdf1e9a-38f5-474b-b169-4f514a8c1f58
嵌入式C语言软件工程师,深圳市西迪特科技股份有限公司,1-1.5万,深圳·南山·桃源,广州,本科,1-3年,7月26日,zhilian,岗位职责 1、在嵌入式环境下进行网络通讯设备的软件开发工作； 2、进行需求分析、代码编写、单元自测、集成测试等工作； 3、进行软件代码的开发、维护和改进等工作； 4、解决产品在测试、生产和使用过程中相关的问题; 5、完成部分安排的其他相关研发工作； 任职要求 1、教育背景：计算机、通信、电信、电子、物理、数学、自动化类专业，统招本科以上学历； 2、工作经验：3年以上嵌入式软件开发工作经验； 3、专业知识：熟悉C/C++语言程序设计，熟悉单片机、VxWorks、Linux或者其他嵌入式操作系统； 4、技能要求：具备以下一项或者多项技能的优先录取; 1）从事过交换机、路由器、PON、OLT相关产品或者其他数通产品开发的； 2）熟悉TCP/IP、DHCP、IGMP，PPPoE，OMCI协议，其中的一项或者多项； 3）熟悉Linux内核驱动； 工作地点 深圳南山区南山智园-A4栋2楼 以担保或任何理由索要财物，扣押证照，均涉嫌违法。一经发现， 立即举报,C语言,http://www.zhaopin.com/jobdetail/CCL1388376710J40942581608.htm?refcode=4019&srccode=401903&preactionid=4bdf1e9a-38f5-474b-b169-4f514a8c1f58
STM32 C语言开发工程师(J10399),卡莱特云科技股份有限公司,1.3-2万·14薪,深圳·南山·西丽,广州,本科,3-5年,7月1日,zhilian,岗位职责: 1‌. 系统开发设计‌：根据业务需求完成嵌入式系统的架构设计、模块划分及接口定义；编写系统需求分析报告、概要设计文档和详细设计文档； 2. ‌功能实现‌：使用C语言完成系统核心代码开发，包括模块功能实现、算法优化及性能调优；编写单元测试代码，进行功能验证和异常处理； 3‌. 系统调试‌：完成系统集成测试、功能联调及性能测试；编写测试方案、用例及问题修复报告； ‌ 4‌. 技术文档‌：整理技术文档（包括设计文档、单元测试报告等），确保符合项目规范；参与技术培训，持续提升团队成员的编码能力。 任职要求: 1. 一本及以上学历，计算机、电子、自动化等相关专业，3年以上相关软、硬件系统开发工作经验； 2. 熟悉C语言，熟悉相关C51、STM32的开发、调试、仿真工具和手段，熟悉C51、STM32外围接口比如CAN、USB、eMMC、SGMII、GMII、NAND、PCIe、SATA等； 3. 深入的STM32应用经验，熟悉业务逻辑，能够解决复杂技术难题和性能优化问题； 4. 对嵌入式系统架构设计和硬件软件协同设计有较深的理解和实践经验，针对具体应用场景进行系统级和代码级的优化； 5. 熟悉常见的通信协议和接口标准，能够设计和实现高性能、稳定的嵌入式应用； 6. 具备一定技术领导力和创新意识，能够推动团队解决技术挑战并提升整体技术水平，提高产品的竞争力。 工作地点 南山区深圳国际创新谷-8栋A座37F-40 以担保或任何理由索要财物，扣押证照，均涉嫌违法。一经发现， 立即举报,C语言,http://www.zhaopin.com/jobdetail/CC462571410J40859725111.htm?refcode=4019&srccode=401903&preactionid=4bdf1e9a-38f5-474b-b169-4f514a8c1f58
c语言开发工程师（福州，线上面试，非出差）,京北方,1.5-1.7万,上海·浦东·张江,广州,本科,5-10年,7月26日,zhilian,职位描述 C语言 Web开发 GOLDENDB TONGEASY 银行 实际上班地址：福建福州 线上面试 本科及以上学历，5年及以上C语言开发经验，sql熟练，有GoldenDB、TongEasy技能优先。有银行金融项目开发经验优先。 工作地点：福州市台江区宝地广场 工作时间：9：00-17：30 午休13：00-13：30 工作地点 上海浦东新区张江高科1 以担保或任何理由索要财物，扣押证照，均涉嫌违法。一经发现， 立即举报,"C语言,Web开发,GOLDENDB,TONGEASY",http://www.zhaopin.com/jobdetail/CC315847110J40860915607.htm?refcode=4019&srccode=401903&preactionid=4bdf1e9a-38f5-474b-b169-4f514a8c1f58
C语言实习生,南京百敖,4000-8000元,上海·闵行·吴泾,广州,硕士,经验不限,7月26日,zhilian,岗位职责: 1. 参与C语言和Python相关软件或系统的开发与维护工作 2. 协助完成代码编写、调试及基础功能实现 3. 根据指导完成模块化程序设计与文档整理 4. 配合团队进行基础技术问题排查与优化 任职要求： 1. 硕士在读，对C语言和Python有基本理解和实践能力 2. 具备良好的逻辑思维和学习能力 3. 能够在指导下按时完成开发任务 4. 具备团队协作意识，沟通顺畅 工作地点 上海闵行区英特尔亚太研发有限公司 以担保或任何理由索要财物，扣押证照，均涉嫌违法。一经发现， 立即举报,"C语言,Python",http://www.zhaopin.com/jobdetail/CC148096950J40827435216.htm?refcode=4019&srccode=401903&preactionid=4bdf1e9a-38f5-474b-b169-4f514a8c1f58
C语言开发技术员,河北国石节能科技有限公司,6000-9000元,聊城·东昌府区·古楼街道,广州,大专,经验不限,6月26日,zhilian,职位描述 C语言 Python C# 计算机软件 云计算 人工智能 岗位要求： 1、专科及以上学历，计算机、软件等专业 2、熟悉C语言编程语言，了解基本语法和面向对象编程思想，了解常用的 框架，熟悉数据处理、人工智能算法等 3、对数据库有一定的了解，熟练掌握基本的数据库操作。 工作地点 聊城市-东昌府区-湖南路(交大小区西侧约50米) 以担保或任何理由索要财物，扣押证照，均涉嫌违法。一经发现， 立即举报,"C语言,Python,C#",http://www.zhaopin.com/jobdetail/CC281182780J40854404214.htm?refcode=4019&srccode=401903&preactionid=4bdf1e9a-38f5-474b-b169-4f514a8c1f58
c语言开发工程师,安徽中科国创高可信软件有限公司,1-2万,上海·闵行·吴泾,广州,本科,3-5年,6月25日,zhilian,职位描述 C语言 1、2名具有C语言开发能力，岗位能力需求如下： 1）具有扎实的计算机基础知识； 2）熟练使用C语言开发； 3）具有VXWORKS嵌入式开发经验者优先； 4）具有良好的英语读写能力； 5）具备好奇心和非常强的学习能力，有较强的逻辑思维能力和沟通能力，具有良好的团队合作精神，责任感强并能承受工作压力； 6）有产品展示，优先录取。 工作地点 上海闵行区中航无线电电子技术有限公司 以担保或任何理由索要财物，扣押证照，均涉嫌违法。一经发现， 立即举报,C语言,http://www.zhaopin.com/jobdetail/CC558428930J40915680812.htm?refcode=4019&srccode=401903&preactionid=4bdf1e9a-38f5-474b-b169-4f514a8c1f58
c语言嵌入式开发工程师,西安博联航空电子科技有限公司,1.3-2.5万,西安·雁塔·丈八沟,广州,本科,3-5年,6月17日,zhilian,职位描述 C语言 DSP 计算机软件 岗位内容： 1. 设计和开发嵌入式系统的软件 2. 与硬件工程师合作，确保软件与硬件的紧密集成 3. 编写软件文档 任职要求： 1. 熟练掌握C/C++语言 2. 熟悉操作系统和网络协议栈 3. 具备良好的沟通及解决问题的能力 工作地点 西安雁塔区高新区瞪羚一路8号奇维科技5楼 以担保或任何理由索要财物，扣押证照，均涉嫌违法。一经发现， 立即举报,"C语言,DSP",http://www.zhaopin.com/jobdetail/CC397095280J40607214807.htm?refcode=4019&srccode=401903&preactionid=4bdf1e9a-38f5-474b-b169-4f514a8c1f58
c语言工程师,深圳市美林医疗科技有限公司,7000-10000元,深圳·坪山·坑梓,广州,本科,1-3年,7月26日,zhilian,岗位职责 1. 负责医疗器械嵌入式底层软件、主控程序、驱动程序的设计、开发、调试与迭代优化，覆盖医用检测设备、治疗设备、监护设备等嵌入式软件场景。 2. 根据产品需求和硬件原理图，完成单片机、ARM等嵌入式芯片的程序开发，实现设备数据采集、信号处理、设备控制、逻辑运算、故障检测等核心功能。 3. 负责嵌入式软件与硬件、上位机、移动端的联调对接，解决软硬件适配、数据交互、设备运行异常等问题，保障医疗器械稳定、安全运行。 4. 跟进嵌入式新技术、医疗设备嵌入式开发规范，参与新产品技术预研、技术攻关，优化现有产品程序架构和运行性能。 任职要求 1. 本科及以上学历，电子信息、自动化、嵌入式、计算机等相关专业，1年及以上嵌入式C语言开发经验，有医疗器械、监护仪嵌入式开发经验优先。 2. 精通C语言编程，熟悉嵌入式开发流程，熟练掌握STM32、ARM、51等常用单片机开发，能够独立完成底层驱动和应用程序开发。 3. 熟悉UART、I2C、SPI、CAN等常用外设接口及通信协议，具备传感器数据采集、信号滤波、设备控制逻辑开发经验。 4. 工作严谨细致，责任心强，具备良好的团队协作和问题攻关能力，能适配医疗产品高标准、高合规性的研发要求。 工作地点 坪山区深圳市生物医药创新产业园-11号楼12楼 以担保或任何理由索要财物，扣押证照，均涉嫌违法。一经发现， 立即举报,C语言,http://www.zhaopin.com/jobdetail/CCL1474721110J40852848801.htm?refcode=4019&srccode=401903&preactionid=4bdf1e9a-38f5-474b-b169-4f514a8c1f58
C语言开发,南京绛门信息科技有限公司,6000-12000元,南京·雨花台·雨花,广州,本科,经验不限,6月4日,zhilian,职位描述 C语言 通信/网络设备 软件/IT服务 【岗位1-方向VUP：开发工程师】 1、计算机科学、通信工程、电子工程等相关专业本科及以上学历。 2、精通TCP/IP协议栈（IPv4/IPv6）、UDP、VLAN、OSPF、BGP等核心协议，掌握二层/三层数据转发原理。 3、熟练掌握DPDK、OpenStack、KVM、docker等虚拟化技术和平台。 4、有vBRAS、虚拟路由器、DPDK、VPP转发相关经验优先。 5、熟悉linux操作系统和编程，熟练掌握C编程语言，具备高性能网络应用开发经验。 6、熟悉路由器等数据通信设备应用、软硬件架构，具有丰富的相关产品研发、设计工作经验。 【岗位2-方向多核：开发工程师】 1、计算机、通信、电子等相关专业，熟悉路由器或者交换机等数据通信设备应用、软硬件架构，从事相关产品研发； 2、有C语言开发经验者优先，熟悉数据结构和计算机网络； 3、具有良好的抗压能力，积极向上，有良好的沟通能力。 工作地点 雨花台区中兴通讯股份有限公司(南京南站研发中心) 以担保或任何理由索要财物，扣押证照，均涉嫌违法。一经发现， 立即举报,C语言,http://www.zhaopin.com/jobdetail/CC426773320J40872054505.htm?refcode=4019&srccode=401903&preactionid=4bdf1e9a-38f5-474b-b169-4f514a8c1f58
C语言开发工程师（中级）,北京密码云芯科技有限公司,1.8-2.6万,北京·海淀·上地,广州,本科,3-5年,6月4日,zhilian,岗位职责： 1、负责网络通信类安全产品的开发工作，产品包括但不限于交换路由、网络安全等产品的开发； 2、负责商用密码类产品的开发工作，产品包括但不限于服务器密码机、签名服务器、协同签名服务器、密钥管理系统等； 3、负责软件设计实现、开发维护，以及性能优化、设计文档编写等相关工作； 4、嵌入式软件开发工作，熟悉裸机软件、前后台系统以及嵌入式操作系统等不同层次、多方向的工作内容。 岗位要求： 1、3年以上嵌入式行业软件开发经验，精通C开发语言； 2、熟悉通信设备常见软件功能（例如：VPN、拨号、DHCP、动态路由等）； 3、熟悉linux操作系统，具备至少驱动、内核、应用层某一领域开发经验，多领域更佳； 4、熟悉安全算法(对称AES/DES、 公钥ECC/RSA)及国密算法；(SM2/SM3/SM4) ，有相关安全软件算法库设计和开发经验者优先； 5、熟悉防火墙软件ACL、DPI、IPS、防病毒、垃圾邮件等特性实现方案者优先； 6、学习能力强，善于分析解决问题，有创业精神； 7、有商用密码、网络安全、隐私计算技术方面产品和项目经验的优先； 8、有量子和抗量子相关技术储备和实际工作经验的优先录用。 工作地点 北京海淀区昊海大厦二层 206室 以担保或任何理由索要财物，扣押证照，均涉嫌违法。一经发现， 立即举报,C语言,http://www.zhaopin.com/jobdetail/CC844626550J40971429302.htm?refcode=4019&srccode=401903&preactionid=4bdf1e9a-38f5-474b-b169-4f514a8c1f58
c语言开发工程师,常熟市奥特软件技术有限公司,1.5-2万,苏州·相城·澄阳,广州,本科,5-10年,7月26日,zhilian,岗位职责： 1、基于Linux产品的Qt开发； 2、基于C＋＋上位机的Qt模块应用产品开发； 3、参与产品的需求分析，系统设计、代码编写、单元测试和bug修复工作； 4、学习和研究新技术以满足产品的需求； 5、优化产品细节，现场问题分析与解决； 6、其它领导安排的工作。 岗位要求： 1、熟练掌握C／C＋＋编程语言，熟悉面向对象的编程思想，熟练掌握常见编程模型，有良好的编码风格； 2、熟练掌握STM32开发平台及软件调试方法； 3、熟悉UART、SPI、I2C、CAN数据传输技术，熟悉Keil MDK； 4、熟练Qt应用程序图形界面开发，熟悉掌握Qt库各控件使用及架构，熟悉相关开发环境及QtCreator，熟练掌握QGraphicsView框架者优先； 5、理解Qt内部机制者优先，如QObject，信号槽机制，事件机制，绘图、多线程、协程编程、进程间通信等； 6、除掌握Qt外，掌握．Net Framework或．Net Core，可以熟练运用C语言的优先。 工作地点 相城区苏州大数据产业园3号楼103室 以担保或任何理由索要财物，扣押证照，均涉嫌违法。一经发现， 立即举报,"C++,C,QT开发,Linux开发,Socket技术,多线程,网络协议",http://www.zhaopin.com/jobdetail/CC394502810J40779025006.htm?refcode=4019&srccode=401903&preactionid=4bdf1e9a-38f5-474b-b169-4f514a8c1f58
机载软件验证（C语言白盒测试）,新拓尼克科技研发中心 / Syntronic Beijing R&D Center,9000-12000元,成都·武侯·桂溪,广州,本科,1-3年,7月26日,zhilian,职位描述 嵌入式测试 C 白盒 船舶/航空/航天/军工 项目需要的机载软件验证人员角色定义如下： 初级测试工程师：本科及以上学历；计算机软件相关专业； 2年以上嵌入式软件测试工作经验；了解软件适航标准DO-178C；熟练掌握C语言；了解机载软件的软件架构与机载软件测试流程。 工作地点 成都武侯区菁蓉汇-1C座2 以担保或任何理由索要财物，扣押证照，均涉嫌违法。一经发现， 立即举报,"嵌入式测试,C,白盒",http://www.zhaopin.com/jobdetail/CC134310320J40778747406.htm?refcode=4019&srccode=401903&preactionid=ea48a672-3b17-487c-aa17-ccc99465bdda
ISP图像工程师（C语言和C++，嵌入式linux系统）,深圳市思创奇科技有限公司,1-1.5万,深圳·龙岗·坂田,广州,大专,5-10年,5月29日,zhilian,"职位描述 图像识别产品 智能硬件 智慧医疗 医疗检测 医疗设备/器械/耗材 ISP图像工程师（C语言和C++，嵌入式linux系统）， 工作地点：坂田杨梅站B出口附近 此职位薪资：基本薪资+加班费+项目奖金（季度发放）+项目分红（季度发放） 任职要求： 1、有扎实的图像处理理论基础知识和3A图像算法开发和优化经验； 2、熟悉图像滤波去噪、增强、特征提取等图像算法； 3、精通摄像机ISP的调试、有宽动态、强光抑制调试经验； 4、熟悉海思，安霸，瑞芯微平台，用过 IQ Tuning tool优先； 5、需接触过微型Camera，对Sensor厂家：OV , ON , SONY都有了解； 6、会Linux底层驱动，能用Mini GUI的修改界面优先； 公司现有主推方案： 高清内窥镜Linux方案： 100万，200万像素，全数字方案，支持HDMI输出，WIFI透传 应用范围：工业内窥镜，医疗内窥镜，动物检查内窥镜 LCD屏显RTOS方案： 开机速度快，安卓类似界面风格，RTOS系统，精简，性价比高， 应用范围：家电显示器面板，工业仪表显示面板，新风机显示面板 职位福利：五险一金、绩效奖金、加班补助、周末双休、年终分红、通讯补助 工作地点 深圳龙岗区亿源通雪象工业园-A栋A栋6楼 以担保或任何理由索要财物，扣押证照，均涉嫌违法。一经发现， 立即举报","图像识别产品,智能硬件,智慧医疗",http://www.zhaopin.com/jobdetail/CC497722680J00384975705.htm?refcode=4019&srccode=401903&preactionid=ea48a672-3b17-487c-aa17-ccc99465bdda
嵌入式软件工程师（C语言）,永创智能,1-1.2万,合肥·蜀山·高新区,广州,本科,3-5年,7月26日,zhilian,职位描述 32位单片机 ARM处理器 C语言 C++ 工业自动化/机器人 计算机软件 一、职位描述： 1、设计可编程序控制器PLC产品的底层Runtime软件； 2、已有ARM软件工程移植； 3、为ARM软件工程编写驱动或驱动移植； 二、任职资格: 1、具备计算机相关专业、自动化、测控和精密仪器、电子信息工程、等专业工学学士或以上学历；2-3年同岗位工作经验 2、精通 C 语言编程，精通至少一种IDE集成开发环境的使用，如MDK、VS、cube IDE等；其中精通STM32 cube IDE的优先录用； 3、1年以上ARM相关软件开发经验，非常熟悉ARM体系IIC、SPI、GPIO、CAN、UART、EEPROM、FLASH、RAM、USB、TCP/IP等的资源配置使用及编程； 4、精通ARM平台的体系构架及驱动编写移植； 5、至少精通一种实时操作系统RTOS：ecos、ucos、freeRTOS、threadX、RTEMS等，并精通RTOS上的驱动编写及移植； 6、精通232、485、CAN、USB、TCP/IP、modbus RTU通讯开发； 7、熟练开发至少一种基于如下通讯协议的产品： CANopen、Ethercat、Profinet、modbus TCP/IP、等总线或工业实时以太网通信协议，熟练使用这些协议的软件产品移植，有Ethercat开发、移植经验的优先录用； 8、熟练操作任何一款ARM开发板的BSP，或主持（承担）过任何一个ARM软硬件开发工程； 9、擅长总结和归纳，擅长软硬件开发文档的编写； 10、与人为善，与人沟通灵便，团队意识强； 工作地点 合肥蜀山区安徽省科学技术研究院 以担保或任何理由索要财物，扣押证照，均涉嫌违法。一经发现， 立即举报,"32位单片机,ARM处理器,C语言,C++",http://www.zhaopin.com/jobdetail/CC194577410J40823826701.htm?refcode=4019&srccode=401903&preactionid=ea48a672-3b17-487c-aa17-ccc99465bdda
ZXD软件开发工程师（车载，C语言）,上海华驿汽车技术有限公司,1.5-2.4万,上海·嘉定·安亭,广州,本科,1-3年,5月11日,zhilian,职位描述 C语言 Autosar MCU 新能源汽车 两年及以上车载嵌入式MCU软件开发经验 - 一年及以上CP AUTOSAR项目开发经验(有Vector Davinci使用经验者优先) - 熟练掌握SWC开发技术 - 熟练掌握C语言开发技术 - 熟练掌握CAN/LIN/Eth通信 - 熟练使用劳特巴赫或UDE等开发调试工具 - 熟练使用CANoe等网络通信测试设备 - 熟悉DOIP、UDS等通信协议 工作地点 嘉定区上海汽车集团股份有限公司创新研究开发总院 以担保或任何理由索要财物，扣押证照，均涉嫌违法。一经发现， 立即举报,"C语言,Autosar,MCU",http://www.zhaopin.com/jobdetail/CC273877480J40809052405.htm?refcode=4019&srccode=401903&preactionid=ea48a672-3b17-487c-aa17-ccc99465bdda
c语言嵌入式开发工程师,北京童盾科技有限公司,1.5-2.5万,北京·丰台·卢沟桥,广州,大专,3-5年,4月17日,zhilian,职位描述 C语言 嵌入式开发 ARM处理器 物联网 计算机硬件 通信/网络设备 岗位要求： 1. 熟练掌握C/C++软件开发，熟悉操作系统原理（Linux）并掌握Linux开发环境； 2. ﻿熟悉Arm-cortex cpu架构，熟悉UCoS、freeRtos等至少一种RTOS系统，并有成功的应用开发经验； 3. 熟悉物联网软件架构，有工业物联网开发经验； 4. 熟悉软件编译、链接原理，熟悉编译器的各种优化机制； 5.熟悉小程序硬件框架或云对云框架； 6. 有微信VOIP开发经验优先，参考 https://developers.weixin.qq.com/miniprogram/dev/framework/device/voip/le-device-sdk.html 7.熟练掌握Gstreamer、FFmpeg、VLC等常用多媒体框架，熟悉rtp/rtsp协议； 8. 熟悉C/C++，开发过基于Linux的音视频、图像处理相关项目； 9.熟悉ESP32或STM32嵌入式微控制器（MCU） 10. 有低功耗设计经验者优先。 工作地点 北京丰台区中国关心下一代健康体育基金会一层 以担保或任何理由索要财物，扣押证照，均涉嫌违法。一经发现， 立即举报,"C语言,嵌入式开发,ARM处理器",http://www.zhaopin.com/jobdetail/CCL1492067480J40871834403.htm?refcode=4019&srccode=401903&preactionid=ea48a672-3b17-487c-aa17-ccc99465bdda
对日C语言开发,上海朗裕信息科技有限公司,9000-13000元,杭州·滨江·浦沿,广州,大专,3-5年,7月26日,zhilian,职位描述 C语言 嵌入式开发 Linux开发 内存管理优化 日语技术文档阅读 1. 大专及以上学历，计算机相关专业，具备扎实的编程基础。 2. C语言开发经验，熟悉C标准库及内存管理机制，能独立完成功能模块开发。 3. 掌握数据结构与算法基础，能针对复杂场景设计高效的解决方案。 4. 熟悉Linux/Unix环境下的开发流程，了解Makefile、GCC等工具的使用。 5. 具备日语N3及以上水平，能认写日语文档。 工作地点 滨江区杭州高新软件园 以担保或任何理由索要财物，扣押证照，均涉嫌违法。一经发现， 立即举报,"C语言,嵌入式开发,Linux开发,内存管理优化,日语技术文档阅读",http://www.zhaopin.com/jobdetail/CC378016610J40807974616.htm?refcode=4019&srccode=401903&preactionid=ea48a672-3b17-487c-aa17-ccc99465bdda
对日C语言开发工程师（杭州）,北京永生鼎立科技有限公司,7000-10000元,杭州·滨江·长河,广州,大专,1-3年,4月15日,zhilian,职位描述 C语言 日语 汽车 对日项目 职位描述 1.日语水平N2及以上，可以读写日文式样书和沟通交流； 2.C语言水平良好，有C语言开发经验2年及以上经验 3.做事严谨踏实，责任心强，条理清楚，善于学习总结，稳定性好，有良好的团队合作精神和沟通协调能力。 工作地点 杭州滨江区新东忠科技园-1号楼 以担保或任何理由索要财物，扣押证照，均涉嫌违法。一经发现， 立即举报,"C语言,日语,汽车,对日项目",http://www.zhaopin.com/jobdetail/CC477837880J40874450813.htm?refcode=4019&srccode=401903&preactionid=ea48a672-3b17-487c-aa17-ccc99465bdda
嵌入式C语言工程师,深圳市绘森科技有限公司,1-1.5万,深圳·龙岗·南湾,广州,学历不限,1-3年,4月7日,zhilian,"岗位职责： 1、无线充电产品软件开发，调试与验证； 2、负责无线通信芯片的驱动设计及芯片原型验证； 3、负责无线通信算法模块的实现方案，并能够协助硬件实现交付； 4、软件架构设计和代码编写，整体性能调优； 5、负责系统的嵌入式软件开发，设计，调试配合完成产品落地，包括嵌入式算法编程等。 任职要求： 1、精通C/C++语言编程,有嵌入式系统开发经验； 2、熟悉一些常用RTOS框架及系统驱动，例如FREE RTOS, uCOS等； 3、有系统维护及硬件驱动编写能力； 4、有积极的工作态度和良好的团队合作精神； 5、有1~3年RTOS系统开发经验。 备注：优秀应届生也可以考虑。 职位福利：全勤奖、年底双薪、五险一金、包住、创业公司、员工旅游、项目奖金 工作地点 深圳龙岗区建华暖通大厦509 以担保或任何理由索要财物，扣押证照，均涉嫌违法。一经发现， 立即举报","C语言,C51,嵌入式软件开发,KeilC51,蓝牙,单片机开发",http://www.zhaopin.com/jobdetail/CCL1278786020J40239091602.htm?refcode=4019&srccode=401903&preactionid=ea48a672-3b17-487c-aa17-ccc99465bdda
C语言 开发工程师 高薪酬,天津星瞳智网科技有限责任公司,2.5-3.5万,天津·西青·西营门,广州,本科,10年以上,7月26日,zhilian,职位描述 C语言 DPDK 信息安全 通信运营商/电信增值服务 1.基于DPDK、Hyperscan等底层技术栈，负责高性能网络流量处理系统（DPI）的软件设计与编码实现； 2.负责Linux网络编程开发，深入处理TCP/IP协议及HTTP、HTTPS、QUIC等应用层协议的分析与解析； 3.负责Redis相关功能模块的对接与开发，基于Redis数据模型和存储原理实现高效的数据缓存与交互； 4.负责系统的性能调优、单元测试、集成测试、版本发布及日常维护，确保产品稳定可靠； 5.承担技术文档的编写工作，输出规范的设计文档和技术方案。 任职要求： 1.本科及以上学历，计算机相关专业、8年以上同岗位开发经验； 2.精通Linux下C/C++高性能开发，熟练使用Ubuntu、CentOS、openEuler等发行版的开发环境和调试环境； 3.深入理解内存使用、锁机制、文件操作及进程间通信，熟练掌握多进程、多线程编程； 4.熟练使用GDB、GCC、Strace、Netstat、Tcpdump等调试分析工具，掌握Makefile、CMake等构建工具； 5.具备DPI（深度包分析）、信息安全、网络安全行业经验者优先； 6.具备DPDK、Hyperscan实际开发经验者优先； 7.熟悉电信网络RADIUS鉴权流程、网络NAT原理者优先； 8.具备熟练的英文阅读能力者优先。 福利待遇： 五险一金、年度体检、项目奖金、年底双薪、年度出国游、扁平化管理、氛围轻松。 工作地点 天津西青区普辰大厦-D座602室 以担保或任何理由索要财物，扣押证照，均涉嫌违法。一经发现， 立即举报,"C语言,DPDK",http://www.zhaopin.com/jobdetail/CCL1512179360J40871170903.htm?refcode=4019&srccode=401903&preactionid=ea48a672-3b17-487c-aa17-ccc99465bdda
C语言开发,北京南天信息工程有限公司,1.5-1.8万,北京·朝阳,广州,本科,5-10年,7月26日,zhilian,职位描述 C语言 银联JSON报文规范升级 银行 岗位内容： 之前有银联json报文规范升级的项目经验或者有c语言系统信创经验的db2迁移goldenDB 数据库项目经验，简历上得明确体现出相关的项目经验（腾讯线上面试） 本科毕业，5年及以上开发经验 工作地点 北京朝阳区惠通时代广场中信银行 以担保或任何理由索要财物，扣押证照，均涉嫌违法。一经发现， 立即举报,"C语言,银联JSON报文规范升级",http://www.zhaopin.com/jobdetail/CC190963110J40880854903.htm?refcode=4019&srccode=401903&preactionid=ea48a672-3b17-487c-aa17-ccc99465bdda
c#上位机开发工程师,苏州齐物智能装备有限公司,1.2-1.8万·13薪,天津·西青·精武镇,广州,本科,3-5年,7月25日,zhilian,岗位职责: 1、负责工控机、上位机的软件设计、方案制定和软件代码的编写; 2、负责对工控机、上位机的软件代码的单元测试、现场调试、问题分析定位等; 3、参与软件系统的需求分析和方案设计，组织编写开发设计文档、用户手册等; 4、快速响应客户的需求变化，高质量的完成系统变更并及时交付。 岗位要求: 1、具有3-5年Winform或者WPF或者Asp.net的工控机、上位机的项目开发经验; 2、精通C#语言、熟练使用VS开发环境，有良好的编程风格; 3、有过通信开发经验，例如Socket通信、 RS232通信、CAN通讯等; 4、精通SQL Server和MySQL等主流数据库，能够熟练使用SQL编程，索引优化; 5、熟悉面向对象的开发，熟悉Prism框架及基本的设计模式; 6、具备一定的功能需求分析、系统设计的经验，能独立开展工作。描述自己的设计思路，且承担过独立模块设计工作; 7、能接受不定期出差(全国范围) 工作地点 西青区天津西青学府慧谷工业园-东区 以担保或任何理由索要财物，扣押证照，均涉嫌违法。一经发现， 立即举报,"C#,上位机,WPF",http://www.zhaopin.com/jobdetail/CCL1272269240J40880056313.htm?refcode=4019&srccode=401903&preactionid=ea48a672-3b17-487c-aa17-ccc99465bdda
被动双目算法工程师,弘景光电,3-5万,中山·中山港街道,广州,硕士,3-5年,7月26日,zhilian,岗位职责： 1.核心算法研发 负责被动双目立体视觉深度估计算法全流程开发，包括图像预处理、特征提取与匹配、立体校正、视差计算、深度图优化等模块； 2.技术攻关 针对复杂场景下算法痛点开展技术攻关，优化算法性能，提升深度估计精度和环境适应性； 3.深度学习融合 探索深度学习在深度估计中的应用，研发并融合深度学习增强型算法，提升算法整体性能； 4.工程化部署 与硬件、工程团队紧密配合，完成算法在目标硬件平台的移植、优化与调试，保障算法高效适配； 5.技术跟踪与储备 跟踪双目立体视觉领域前沿技术，开展技术调研与预研，形成技术储备，推动算法创新与产品升级； 6.技术沉淀 撰写算法设计文档、技术报告，参与专利申报，开展团队技术分享，完成技术沉淀； 任职要求： 1、硕士及以上学历，计算机、电子信息、自动化、人工智能等相关专业 2、3~5年或以上被动双目立体视觉深度估计算法研发经验。机器视觉、智能硬件、机器人、自动驾驶等相关行业优先。 3、岗位经验要求：①熟悉被动双目立体视觉核心原理，有完整的算法设计与落地经验；②有图像预处理、特征匹配、立体校正、视差计算等核心模块开发经验； 4、项目经验要求：①有完整的双目立体视觉深度估计算法项目研发与落地经验； ②有图像预处理、特征匹配、立体校正、视差计算等核心模块开发经验； 5、技能要求：熟练使用C/C++/Python编程语言、熟悉常见特征提取算法（SIFT、SURF、ORB等）和立体匹配算法（块匹配、SGM、立体匹配网络等）； 6、具备较强的学习能力、技术洞察力以及具备一定的抗压能力。 工作地点 广东省中山市勤业路27号 以担保或任何理由索要财物，扣押证照，均涉嫌违法。一经发现， 立即举报,"机器学习,大模型算法,图像算法,机器视觉,智能驾驶,自然语言处理,HALCON,OpenCV,C++,C语言,Python",http://www.zhaopin.com/jobdetail/CC416398780J40876275714.htm?refcode=4019&srccode=401903&preactionid=ea48a672-3b17-487c-aa17-ccc99465bdda
初级软件测试工程师,南京创元智梦网络科技有限公司,150-200元/天,贵阳·云岩,广州,本科,经验不限,7月26日,zhilian,职位描述 可转正 实习证明 远程实习 功能测试 JIRA Postman 学生服务类产品测试 线上办公 实习岗位 工作职责 1. 参与学生服务类产品的功能测试，执行测试用例并记录缺陷，确保产品功能符合需求规范。 2. 协助完成测试计划制定、测试报告编写，跟踪缺陷修复进度，保障产品迭代质量。 3. 学习并应用基础测试工具（如JIRA、Postman），参与自动化测试脚本的辅助编写与执行。 任职要求 1. 计算机相关专业大学及以上学历，对软件测试工作有清晰认知。 2. 掌握软件测试基础理论（黑盒测试、等价类划分等），了解测试流程与缺陷管理规范。 3. 具备良好的沟通能力与学习能力，能快速理解学生群体的产品需求。 补充说明 1. 工作形式：线上办公 2. 实习支持：提供实习证明、三方协议 工作地点 贵阳云岩区中建大厦2107 以担保或任何理由索要财物，扣押证照，均涉嫌违法。一经发现， 立即举报,"功能测试,JIRA,Postman,学生服务类产品测试,线上办公,实习岗位",http://www.zhaopin.com/jobdetail/CCL1515109130J40883510505.htm?refcode=4019&srccode=401903&preactionid=ea48a672-3b17-487c-aa17-ccc99465bdda
软件测试工程师,陕西勋德信息技术有限公司,6000-9000元,西安·长安·郭杜,广州,本科,1-3年,7月25日,zhilian,岗位职责 1、参与需求评审，依据需求文档编写测试计划、测试用例并完成评审。 2、执行功能、回归、兼容性等测试，精准提交、跟踪、闭环 Bug。 3、使用数据库、抓包、接口工具辅助定位问题，输出测试报告，评估上线风险。 4、配合产品、开发推进缺陷修复，保障版本稳定上线，沉淀测试经验优化流程。 二、任职要求 1、本科及以上学历，计算机相关专业，具备软件测试相关工作经验。 2、精通测试基础理论与常用用例设计方法，熟练使用自动化测试管理工具。 3、掌握 MySQL 常用 SQL 语句、Linux 基础命令。 4、熟悉 HTTP 网络协议，具备 Web/APP/H5 任一类型项目测试经验。 5、逻辑缜密，细心负责，沟通及抗压能力良好，有接口、自动化测试经验优先。 工作地点 西安长安区田园公寓新型工业园田园公寓1号商务楼1003室 以担保或任何理由索要财物，扣押证照，均涉嫌违法。一经发现， 立即举报,"功能测试,自动化测试,性能测试,JIRA,Fiddler",http://www.zhaopin.com/jobdetail/CCL1406613130J40878388305.htm?refcode=4019&srccode=401903&preactionid=ea48a672-3b17-487c-aa17-ccc99465bdda
软件测试工程师,杭州众萃人力资源服务有限公司,1.3-1.6万·13薪,杭州·滨江·彭埠,广州,中专/中技,经验不限,7月25日,zhilian,职位描述 通信测试 嘿，软件测试达人！我们正在寻找你，一起为我们的软件产品保驾护航！ 你的工作将是编写和执行测试用例，找出那些“捣乱分子”（缺陷），并与开发团队一起消灭它们！同时，你也会参与到需求评审和设计评审中，提前发现潜在的问题，让我们的产品更加完美。 如果你： 1. 热爱软件测试工作，有浓厚的兴趣和热情； 2. 熟练掌握至少一种主流测试工具； 3. 具备良好的沟通能力和团队协作精神； 4. 有3年以上软件测试工作经验； 5. 是计算机相关专业的本科及以上学历。 那么，赶快加入我们吧！让我们一起打造最棒的软件产品！ 工作地点 杭州滨江区九环路6号A楼-7-1043 以担保或任何理由索要财物，扣押证照，均涉嫌违法。一经发现， 立即举报 客户,通信测试,http://www.zhaopin.com/jobdetail/CCL1512077500J40898240513.htm?refcode=4019&srccode=401903&preactionid=ea48a672-3b17-487c-aa17-ccc99465bdda
嵌入式开发工程师18298,柳工,9000-10000元,柳州·柳北区·锦绣街道,广州,本科,3-5年,7月26日,zhilian,岗位职责: 1. 负责防碰撞系统车载终端嵌入式软件开发 2. 毫米波雷达、摄像头等传感器驱动开发与数据融合 3. 车端协议对接（CAN总线、车辆协议）、数据采集与上传 4. 嵌入式硬件选型、原理图评审与联调测试 5. 编写技术文档与测试用例，保障终端可靠性 任职资格: 1. 本科及以上学历，电子、自动化、计算机相关专业 2. 3年以上嵌入式Linux/MCU开发经验，精通C/C++ 3. 熟悉CAN总线、车载电子、毫米波雷达、摄像头相关技术 4. 有车载终端、工程机械、ADAS相关项目经验优先 5. 具备硬件基础，能独立完成软硬件联调 6. 严谨细致，具备良好的问题排查与调试能力 7. 自驱力强，能独立承担模块开发并对质量负责 8. 良好的团队协作与沟通能力 工作地点 柳州柳北区保利国际中心39楼广西七识数字科技有限公司 以担保或任何理由索要财物，扣押证照，均涉嫌违法。一经发现， 立即举报,"C++,C语言",http://www.zhaopin.com/jobdetail/CC131197040J40898243613.htm?refcode=4019&srccode=401903&preactionid=ea48a672-3b17-487c-aa17-ccc99465bdda
机器视觉算法工程师,苏州沐光技术有限公司,1.5-2万,苏州·工业园区,广州,本科,3-5年,7月26日,zhilian,岗位职责： 1、深入PCB/IC载板制造现场，理解AOI检测与复判业务，将客户需求转化为PRD和功能规格； 2、输出产品交互原型，组织需求评审，推动产品从概念到落地； 3、作为算法团队、工程团队与客户侧的中枢，制定排期、管理风险、协调交付 支持POC现场部署与功能演示，参与技术销售环节。 任职要求： 必备条件： 学历与经验： 1、统招本科及以上，计算机、自动化、电子信息、工业工程等相关专业； 2、3年以上工业软件、AI产品、机器视觉或智能制造领域的产品/项目管理经验； 开发技能（必须会写代码）： 1、精通 Python，能独立完成数据处理、API联调、原型系统搭建及自动化测试；2、掌握至少一种前端框架（Vue/React），能搭建产品Demo或管理界面 3、熟悉 RESTful API 设计与调用，理解前后端分离架构； 4、掌握 Git 工作流和CI/CD基本概念； 业务能力： 1、理解AI/ML基本概念（分类、检测、训练推理），能与算法团队有效沟通； 2、熟悉软件产品全流程：需求→原型→开发→测试→部署→迭代 3、优秀的技术文档撰写能力，能独立输出PRD、规格书、验收方案； 4、跨团队协作推动能力，适应创业公司快节奏。 加分项 PCB、半导体或电子制造行业经验 AI产品（计算机视觉类）从0到1经验 客户现场POC部署或项目交付经验 熟悉 FastAPI/Flask 等Python后端框架 熟悉 SQL（PostgreSQL/MySQL/SQLite） 工作地点 工业园区苏州纳米技术国家大学科技园-B栋1203 以担保或任何理由索要财物，扣押证照，均涉嫌违法。一经发现， 立即举报,"图像识别产品,人脸识别产品,机器人,Transformer,OpenCV,HALCON,PCL,C语言,C#,Python",http://www.zhaopin.com/jobdetail/CCL1526198140J40791832706.htm?refcode=4019&srccode=401903&preactionid=ea48a672-3b17-487c-aa17-ccc99465bdda
蜜雪测试工程师+满额一金+食堂,软语科技,9000-12000元,郑州·管城·圃田,广州,大专,3-5年,7月25日,zhilian,职位描述 系统测试 1、参与软件需求评审，评估需求的可测试性、完整性和一致性，识别潜在的业务逻辑漏洞和风险点 2、执行专项测试，接口测试，功能验证，性能/压力测试，容错恢复测试，安装部署与升级测试 3、缺陷生命周期管理 4、软件质量分析与报告 工作地点 郑州管城回族区蜜雪冰城(总部旗舰店) 以担保或任何理由索要财物，扣押证照，均涉嫌违法。一经发现， 立即举报,系统测试,http://www.zhaopin.com/jobdetail/CC404924910J40923785812.htm?refcode=4019&srccode=401903&preactionid=00d0049f-2467-427f-9ab4-ed76d0a2a3fb
上位机外协-基于FreeCAD的拓展功能,逸顿机电,1-1.2万,上海·青浦·徐泾,广州,学历不限,5-10年,7月25日,zhilian,职位描述 C++ C FREECAD 工业自动化/机器人 现有自研模型编辑软件基础界面已成型，需要完整对接FreeCAD开源建模工具核心能力。通过导入FreeCAD Mod功能模块的方式，自动解析FreeCAD原生菜单、功能、参数配置、功能说明，持久化存储至本地SQLite数据库，实现菜单自定义显隐、动态刷新、参数弹窗复用、模型条件化界面展示、模型控制全套功能，完全复刻FreeCAD操作逻辑，同时适配自研软件UI风格，打造一体化模型编辑、参数配置、仿真、测量、气压监控、零件装配的完整工作流。 兼职外协工作，工期报酬可详细沟通。 工作地点 上海青浦区东方明珠花园 以担保或任何理由索要财物，扣押证照，均涉嫌违法。一经发现， 立即举报,"C++,C,FREECAD",http://www.zhaopin.com/jobdetail/CC535511530J40856528307.htm?refcode=4019&srccode=401903&preactionid=00d0049f-2467-427f-9ab4-ed76d0a2a3fb
视觉算法工程师,苏州沐光技术有限公司,1.5-2万,苏州·工业园区,广州,本科,3-5年,7月26日,zhilian,岗位职责： 1、深入PCB/IC载板制造现场，理解AOI检测与复判业务，将客户需求转化为PRD和功能规格； 2、输出产品交互原型，组织需求评审，推动产品从概念到落地； 3、作为算法团队、工程团队与客户侧的中枢，制定排期、管理风险、协调交付 支持POC现场部署与功能演示，参与技术销售环节。 任职要求： 必备条件： 学历与经验： 1、统招本科及以上，计算机、自动化、电子信息、工业工程等相关专业； 2、3年以上工业软件、AI产品、机器视觉或智能制造领域的产品/项目管理经验； 开发技能（必须会写代码）： 1、精通 Python，能独立完成数据处理、API联调、原型系统搭建及自动化测试；2、掌握至少一种前端框架（Vue/React），能搭建产品Demo或管理界面 3、熟悉 RESTful API 设计与调用，理解前后端分离架构； 4、掌握 Git 工作流和CI/CD基本概念； 业务能力： 1、理解AI/ML基本概念（分类、检测、训练推理），能与算法团队有效沟通； 2、熟悉软件产品全流程：需求→原型→开发→测试→部署→迭代 3、优秀的技术文档撰写能力，能独立输出PRD、规格书、验收方案； 4、跨团队协作推动能力，适应创业公司快节奏。 加分项 PCB、半导体或电子制造行业经验 AI产品（计算机视觉类）从0到1经验 客户现场POC部署或项目交付经验 熟悉 FastAPI/Flask 等Python后端框架 熟悉 SQL（PostgreSQL/MySQL/SQLite） 工作地点 工业园区苏州纳米技术国家大学科技园-B栋1203 以担保或任何理由索要财物，扣押证照，均涉嫌违法。一经发现， 立即举报,"人脸识别产品,图像识别产品,机器人,Transformer,OpenCV,HALCON,PCL,Python,C#,C语言",http://www.zhaopin.com/jobdetail/CCL1526198140J40791832506.htm?refcode=4019&srccode=401903&preactionid=00d0049f-2467-427f-9ab4-ed76d0a2a3fb
软件工程师,上海时空星帆航天科技有限公司,1.5-3万·14薪,上海·松江·新桥,广州,硕士,3-5年,7月26日,zhilian,岗位职责 负责航天器飞行控制软件与组合导航软件的全生命周期设计、开发与验证工作； 编制软件需求规格、概要设计、详细设计等技术文档； 设计测试用例并完成配置测试、单元测试、集成测试； 配合第三方确认测试，负责问题调试、根因分析与缺陷解决方案制定； 深度参与型号大型试验，完成飞控软件需求、功能及代码级验证。 任职要求 计算机科学与技术、软件工程、电子信息工程、自动化、导航制导与控制、飞行器设计等相关专业硕士及以上学历； 熟练掌握C/C++编程，具备扎实的嵌入式软件开发能力；熟悉Java、Python者优先； 熟悉主流嵌入式平台（DSP、ARM等）开发，掌握CAN、1553B总线及串行通信协议者优先； 有相关航天院所实习或工作经验者优先； 热爱航天事业，具备较强的学习能力、问题分析能力和跨团队协作精神。 奖金绩效 根据研制任务的验收节点发放节点奖励 工作地点 上海松江区G60科创云廊(一期) 以担保或任何理由索要财物，扣押证照，均涉嫌违法。一经发现， 立即举报,船舶/航空/航天/军工,http://www.zhaopin.com/jobdetail/CCL1516165660J40868807405.htm?refcode=4019&srccode=401903&preactionid=00d0049f-2467-427f-9ab4-ed76d0a2a3fb
嵌入式软件开发工程师,华为技术有限公司,面议,东莞·大朗镇,广州,本科,经验不限,7月26日,zhilian,职位描述 PIC单片机 计算机软件 计算机硬件 通信/网络设备 岗位要求 1、计算机、软件、通信等相关专业本科及以上学历； 2、热爱编程，基础扎实，熟悉掌握但不限于JAVA/C++/C/Python/JS/HTML/GO等编程语言中的一种或数种，有良好的编程习惯； 3、具备独立工作能力和解决问题的能力、善于沟通，乐于合作，热衷新技术，善于总结分享，喜欢动手实践； 4、对数据结构、算法有一定了解； base地南京北京东莞 职位福利：五险一金、绩效奖金、股票期权、加班补助 工作地点 东莞溪流背坡村(华为) 以担保或任何理由索要财物，扣押证照，均涉嫌违法。一经发现， 立即举报,PIC单片机,http://www.zhaopin.com/jobdetail/CC000542940J40295432514.htm?refcode=4019&srccode=401903&preactionid=00d0049f-2467-427f-9ab4-ed76d0a2a3fb
BMC工程师,研扬科技(苏州)有限公司,1-2万,武汉·洪山·关山,广州,本科,1-3年,7月26日,zhilian,"岗位职责： 1.根据项目及产品要求评估项目可行性及方案定制； 2.根据项目及产品要求，完成服务器主板的BMCFirmware设计、开发、调试与维护工作； 3.输出BMC设计相关的技术文档； 4.负责BMC特殊功能的开发与调试，能与BIOS或上层软件沟通协商处理问题； 5.配合软件工程师进行产品设计过程中的软硬件联调和验证； 6.负责产品的研发与维护，协助团队进行整机测试和调试； 7.完成项目相关技术文档的撰写和整理。 任职资格： 1.本科，计算机/电子/通信/自动化等相关专业； 2.具有2年及以上服务器BMC/OpenBMC开发经验;具有2年以上基于PILOT3/AST2400/2500BMC芯片开发经验，熟悉Redfish并有相关经验者优先考虑； 3.精通C/C++语言，熟悉JavaScript，熟悉ARM嵌入式系统的原理及组成，了解ARM,X86硬件体系结构，具备嵌入式软件设计/开发及调试经验； 4.熟悉BMC的相关协议，如：IPMI,SEL,SOL,KCS等，熟悉I2C/SMBUS/UART/USB/LPC/SPI/LAN/CAN等协议；熟悉一种或多种OS如Linux/Window； 5.有良好的英文文档阅读能力，书面表达能力，通过CET6的优先考虑； 6.思维敏捷，动手能力强，具备独立解决问题的能力，具有高度的敬业精神和良好的团队精神同时具有良好的沟通能力。 工作地点 洪山区武汉市东湖新技术开发区光谷大道现代国际设计城一期3栋4层05号房 以担保或任何理由索要财物，扣押证照，均涉嫌违法。一经发现， 立即举报","ARM处理器,X86处理器,BMC",http://www.zhaopin.com/jobdetail/CC134364410J40832931412.htm?refcode=4019&srccode=401903&preactionid=00d0049f-2467-427f-9ab4-ed76d0a2a3fb
图像算法工程师,深圳市新凯来技术有限公司,2-4万,上海·浦东·金桥,广州,本科,3-5年,7月25日,zhilian,岗位职责 1.负责图像处理算法，涉及传统CPU算法和深度学习算法模块的设计、开发和维护 2.在实现建模算法的基础上，有效利用面向对象方法，代码重用等原则对项目代码进行优化，使其有良好的可维护性和可扩展性 3.持续探索和研究行业前沿的图像算法处理技术，对算法性能提出观点 4.配合完成项目的联调、联试、运维工作 专业要求 1. 数学、计算机、数字图像处理、计算机图形学相关专业，本科及以上学历； 2.熟悉图像增强、畸变矫正、图像检测/分割、特征识别等算法更佳，熟悉Pytorch或Tensorflow等至少一种深度学习框架，熟悉NPU/CUDA开发； 3.熟悉各种基本图像处理算法，熟悉高性能运算加速工具更佳； 4. 具有较强的编程工程能力，熟练使用python/c++等编程语言，掌握面向对象编程思想，具备良好的代码风格 5. 快速学习的能力和较强的责任感； 6. 英文熟练，有良好的英语阅读能力； 工作地点 上海浦东新区锦绣申江3号楼9楼 以担保或任何理由索要财物，扣押证照，均涉嫌违法。一经发现， 立即举报,"机器人,图像识别产品,智慧医疗,Python,C语言",http://www.zhaopin.com/jobdetail/CCL1362239030J40957885715.htm?refcode=4019&srccode=401903&preactionid=00d0049f-2467-427f-9ab4-ed76d0a2a3fb
智能软件测试助理一周歇二,深圳市中吉人才科技有限公司,1.1-1.2万·13薪,苏州·工业园区·琴川,广州,中专/中技,经验不限,7月25日,zhilian,职位描述 安全测试 自动化测试 岗位内容： 1. 设计并执行测试用例，记录测试结果并准备测试报告。 2. 协调开发人员、项目经理和测试团队成员，以确保遵守时间表和产品质量标准。 3. 使用自动化测试框架和工具来提高测试效率和覆盖率。 4. 不断改进测试流程和方法，以提高质量和效率。 5. 关注产品质量和客户需求，确保稳定、可靠和用户友好的软件交付。 任职要求： 1. 熟悉软件测试方法和流程。 2. 掌握至少一种自动化测试框架和脚本语言（如Selenium、Python、Robot Framework）。 3. 具备良好的团队合作精神和沟通能力。 4. 能够承受压力，在快节奏的环境中高效工作。 5. 有问题解决的能力和主动学习的态度。 工作地点 工业园区江苏省苏州市常熟市海虞南路1号D-1-1064 以担保或任何理由索要财物，扣押证照，均涉嫌违法。一经发现， 立即举报 客户,"安全测试,自动化测试",http://www.zhaopin.com/jobdetail/CCL1482690630J41004135002.htm?refcode=4019&srccode=401903&preactionid=00d0049f-2467-427f-9ab4-ed76d0a2a3fb
软件工程师,东莞市俊熙智能科技有限公司,1.2-2.4万·13薪,东莞·寮步镇,广州,大专,1-3年,7月25日,zhilian,岗位职责： 1、编写Labview平台下的自动化测试软件。 2、独立负责项目软件系统的各模块研发、软件编写及系统调试。 3、编写系统技术文档和标准化资料、使用说明书等相关文档。 4、优化现有测试系统，提升产品测试直通率和测试覆盖率。 5、引入新的测试技术，提升测试能力。 6、解决测试系统现场使用问题。 任职要求： 1、计算机或相关技术专业的专科以上学历； 2、具有1年以上网络通信类C/C++开发经验； 3、熟悉Linux环境下多线程、TCP/IP、Socket等相关技术和编程； 4、有SDN/NFV及虚拟化开发经验者优先； 5、有开关电源、光伏、逆变器测试行业经验优先； 6、 奖金绩效 项目奖金，年底双薪，福利补贴 工作地点 东莞康华制造公园-2栋 以担保或任何理由索要财物，扣押证照，均涉嫌违法。一经发现， 立即举报,"图形图像处理,客户端开发,C语言,C++,Windows",http://www.zhaopin.com/jobdetail/CCL1242504460J40453937508.htm?refcode=4019&srccode=401903&preactionid=00d0049f-2467-427f-9ab4-ed76d0a2a3fb
软件测试负责人,河北谱飞科特人力资源服务有限公司,8000-11000元,长春·九台·南岭,广州,中专/中技,经验不限,7月25日,zhilian,职位描述 安全测试 功能测试 我们正在寻找一位资深的软件测试工程师，负责确保公司软件产品的质量和稳定性。 工作内容： 1. 根据需求文档和设计文档，编写测试用例； 2. 执行测试用例，记录并跟踪缺陷； 3. 与开发团队紧密合作，定位并修复缺陷； 4. 参与软件产品的需求评审和设计评审； 5. 根据测试结果，编写测试报告。 岗位要求： 1. 计算机相关专业本科及以上学历； 2. 3年以上软件测试工作经验； 3. 熟练掌握至少一种主流测试工具； 4. 良好的沟通能力和团队协作精神； 5. 对软件测试有浓厚的兴趣和热情。 工作地点 长春九台区亚泰大街5211号B-5013号 以担保或任何理由索要财物，扣押证照，均涉嫌违法。一经发现， 立即举报 客户,"安全测试,功能测试",http://www.zhaopin.com/jobdetail/CCL1485238940J40791827606.htm?refcode=4019&srccode=401903&preactionid=00d0049f-2467-427f-9ab4-ed76d0a2a3fb
高级上位机开发工程师,深圳市丰源升科技有限公司,1.8-2.5万,深圳·龙华·福城,广州,大专,5-10年,7月26日,zhilian,"岗位职责： 1. 负责自动化机器（3C,新能源，激光设备）控制系统架构设计； 2. 负责运动控制卡二次开发(雷赛，固高)，激光卡二次开发； 3. 各种通迅模块开发，各种外设仪器仪表通迅，量具，传感数据采集和显示控件开发； 4. 各种数据库操作模块开发，客户定制UI,数据图表控件开发； 5. 程序调试，培训，程序使用文档编写； 任职要求： 1.专科及以上学历，计算机、自动化和工业控制等相关专业，3年以上相关工作经验； 2.使用 C#与下位机串口通信、MODBUS_TCP、Socket 等网络通讯； 3.使用 C#操作 Access ,MySql等数据库； 4、能够独立完成上位机软件开发工作，有独立完成设备软件开发的经历，有大型上位机系统框架开发经验者优先； 5.有线体程序开发经验者优先。 工作地点 深圳市-龙华区-福城街道茜坑社区鸿荣源鸿创科技中心2栋二单元701号 以担保或任何理由索要财物，扣押证照，均涉嫌违法。一经发现， 立即举报","运动控制,WPF",http://www.zhaopin.com/jobdetail/CC333354310J40877305410.htm?refcode=4019&srccode=401903&preactionid=00d0049f-2467-427f-9ab4-ed76d0a2a3fb
部门软件测试工程师,厦门久唯人力资源有限公司,1.1-1.3万,长沙·芙蓉·秀峰,广州,中专/中技,经验不限,7月25日,zhilian,职位描述 性能测试 安全测试 禅道 1. 编写、执行测试用例，确保软件质量。 2. 跟踪、管理缺陷，确保缺陷得到修复。 3. 参与需求评审、设计评审，提前发现潜在问题。 4. 编写测试报告，总结测试成果。 5. 与开发团队紧密合作，共同推进项目进度。 感兴趣联系我，欢迎加入我们的团队！ 工作地点 芙蓉区长沙市开福区兴联路339号F1042 以担保或任何理由索要财物，扣押证照，均涉嫌违法。一经发现， 立即举报 客户,"性能测试,安全测试,禅道",http://www.zhaopin.com/jobdetail/CCL1512022740J40791811406.htm?refcode=4019&srccode=401903&preactionid=00d0049f-2467-427f-9ab4-ed76d0a2a3fb
bms软件工程师,深圳市欧力普能源与自动化技术有限公司,1.5-2万,东莞·东坑镇,广州,本科,3-5年,7月25日,zhilian,岗位职责： 1、根据BMS的需求文档完成相关业务开发工作； 2、完成相关设计文档、试验报告等技术文件编写、评审、归档、更新； 3、负责BMS基础软件开发、软件集成和系统联测，推动解决项目中遇到的相关技术问题。 岗位要求： 1、本科及以上学历，电子信息工程、自动化等相关专业； 2、2年以上BMS软件开发经验； 3、有工商储能或家庭储能开发经验优先； 4、能够独立阅读相关英文技术资料； 5、具有较强的团队精神，学习能力较强，能吃苦耐劳。 工作地点 东莞源磊联动智谷E栋10楼 以担保或任何理由索要财物，扣押证照，均涉嫌违法。一经发现， 立即举报,BMS,http://www.zhaopin.com/jobdetail/CC830697250J40803148609.htm?refcode=4019&srccode=401903&preactionid=00d0049f-2467-427f-9ab4-ed76d0a2a3fb
课程教练兼顾问,天津市朵苑餐饮有限公司,6000-12000元,天津·河西·越秀路,广州,大专,经验不限,7月25日,zhilian,岗位职责 1、负责少儿机器人、AI科创、编程体验课及常规课程授课，把控课堂质量与学员体验； 2、独立备课、磨课、输出课评，维护学员及家长关系，提升满意度与续费率； 3、可独立编写教案、课件、迭代课程体系、开发新研学课程者优先； 4、接待散客及研学团体咨询，讲解课程体系，完成体验课转化及续费； 5、配合场馆科普活动、研学营、科技主题活动落地执行。 任职要求 1、大专及以上，理工科、计算机、师范类优先，应届生可培养； 2、普通话标准、亲和力强、擅长课堂互动控场，热爱科创教育； 3、具备课程研发、课件编写、课程体系优化经验优先录取； 4、沟通能力好，愿意教销一体，稳定踏实； 5、可接受场馆轮班排班。 工作地点 天津河西区卡乐乐园里 以担保或任何理由索要财物，扣押证照，均涉嫌违法。一经发现， 立即举报,"授课老师,线下教育,课程顾问",http://www.zhaopin.com/jobdetail/CCL1262134940J40791809406.htm?refcode=4019&srccode=401903&preactionid=00d0049f-2467-427f-9ab4-ed76d0a2a3fb
软件设计工程师（尿液有形成分分析）,山东博科生物产业有限公司,9000-11000元,济南·历城·郭店,广州,本科,1-3年,7月26日,zhilian,岗位职责 1.负责尿液有形成分分析仪上位机软件的架构设计与功能开发，实现仪器自动化操作、数据采集、数据存储、数据处理分析全流程功能 2.开发友好的用户操作界面，实现样品管理、方法编辑、结果可视化展示、报告输出等核心功能，优化用户操作体验 3.开发数据分析模块，结果判读等核心算法，满足临床检测的准确性要求 4.配合硬件团队完成系统集成与联调，设计自动化测试用例，保障软件功能、性能与稳定性符合产品设计要求 5.开发远程监控与故障诊断功能，对接售后服务需求，持续优化软件功能，解决用户反馈的技术问题 6.有尿液、粪便、分泌物等有形成分分析开发经验者，也可以进行线下业务洽谈合作。 任职要求 1.计算机科学与技术、软件工程、生物医学工程、控制科学与工程等相关专业本科及以上学历，2年以上桌面端软件开发经验 2.熟练掌握C#/C++/Python中至少一种开发语言，熟悉Qt、WPF等主流GUI开发框架，掌握数据库设计与开发技能 3.具备数据处理、信号处理算法开发经验，熟悉尿液或者粪便或者分泌物等样本有形成分分析 4.有医疗器械、分析仪器上位机软件开发经验，参与过IVD产品软件开发注册流程者优先 5.具备良好的文档编写习惯，能够按照医疗器械开发规范输出合规的软件开发文档 工作地点 济南历城区历城博科美谷 以担保或任何理由索要财物，扣押证照，均涉嫌违法。一经发现， 立即举报,C#,http://www.zhaopin.com/jobdetail/CC249284610J41024535804.htm?refcode=4019&srccode=401903&preactionid=00d0049f-2467-427f-9ab4-ed76d0a2a3fb
C/C++（base上海浦东-QT-线上面试-流程快）,深圳建广数字科技有限公司青岛分公司,1.2-1.6万,苏州·姑苏·苏锦,广州,大专,3-5年,7月25日,zhilian,职位描述 C语言 QT开发 工业自动化/机器人 基本情况： 1、外包项目；1周到岗；线上2轮面试； 2、方向：硬件控制、上位机、机械控制、工业设备控制的开发； 3、薪资：13-15K；全额社保；5号发薪；劳动合同，试用期3个月8-9折； 4、【统招本科】2年起，【统招大专】4年起；学信网可查； 5、作息：弹性打卡，8:30/9:30-17：00/18:00 午休1.5小时； 6、人选性格温和、有抗压能力、灵活主动； 7、地点：上海浦东新区张东路1525号； 技能要求： 1. 熟练使用C/C++编程语言，熟练掌握面向对象思想编程 2. 熟练掌握 Qt Framework（Qt Widgets 或 QML/Qt Quick），深入理解 Qt 的信号与槽（Signals & Slots）机制、事件循环、元对象系统。 3. 熟练使用 Qt Creator 开发环境，掌握 CMake 或 QMake 构建工具。 4. 熟练使用 linux 系统，熟悉git版本管理 工作地点 苏州姑苏区万达广场(平江店) 以担保或任何理由索要财物，扣押证照，均涉嫌违法。一经发现， 立即举报,"C语言,QT开发",http://www.zhaopin.com/jobdetail/CCL1320891960J40864908611.htm?refcode=4019&srccode=401903&preactionid=00d0049f-2467-427f-9ab4-ed76d0a2a3fb
C++和JAVA软件研发工程师,山东科汇电力自动化股份有限公司,1-1.5万,淄博·张店区·四宝山街道,广州,本科,3-5年,7月26日,zhilian,职位描述 C语言 Java Linux开发 QT开发 岗位工作职责： l 参与电力自动化系统主站软件的研发 l 参与需求分析、技术方案设计，完成模块开发与编码实现。 l 负责单元测试、联调测试，修复测试中出现的问题。 l 负责接口开发、联调测试、现场部署。 l 配合硬件开发人员完成产品的调试、试验等活动。 l 跟进新技术、新框架，提升团队开发效率及产品质量。 人员要求： 学历专业：本科以上学历，计算机科学与技术、软件工程、电气自动化等相关专业； 技能要求： l 精通Java或C++开发语言，熟悉QT开发优先。 l 熟练使用SpringBoot、Vue进行前后端开发。 l 有三年以上工作经验者优先。 l 熟悉Linux操作系统，掌握常用命令与服务部署。具备Linux操作系统下环境搭建与开发能力。 l 熟悉数据库表结构设计与优化、熟悉Redis缓存使用及常见业务场景应用。 l 熟悉IEC61850标准体系以及103、104、Modbus等规约，并可进行相关的开发工作优先。 l 具备不断钻研新技术、新工具的能力。 素质要求：责任心强，具备良好的沟通能力与团队协作精神，能接受短期出差。 福利待遇： ●工资薪酬：提供有竞争力的工资。 ●晋升体系：管理、技术岗位完善的晋升通道，后备梯队建设办法、萌芽计划管理办法、技术职称、重点岗位竞聘选拔等。 ●休息休假：八小时工作制，周末双休，带薪年假，法定节假日休息，外省员工探亲假及其他福利性假期。 ●餐饮住宿：餐补、租房补贴，购房无息贷款(本科10万，硕士15万) ●其他福利：入职即缴纳五险一金，定期体检，热心红娘，研发弹性工作制。 工作地点 淄博张店区山东科汇电力自动化股份有限公司三赢路16号 以担保或任何理由索要财物，扣押证照，均涉嫌违法。一经发现， 立即举报,"C语言,Java,Linux开发,QT开发",http://www.zhaopin.com/jobdetail/CC623621220J40855853005.htm?refcode=4019&srccode=401903&preactionid=00d0049f-2467-427f-9ab4-ed76d0a2a3fb
不加班软件测试工程师,吉林省禹彤工程管理有限公司,4000-7000元,长春·绿园·同心,广州,大专,经验不限,7月26日,zhilian,岗位职责： 1、理解产品的功能要求，并对其进行测试，检查软件有没有错误（Bug）； 2、测试软件是否具有稳定性（Robustness）； 3、写出相应的测试规范和测试用例。 任职要求： 1、大专以上学历，通信工程、计算机、物联网等相关专业； 2、具备优秀的沟通协调能力； 3、接受应届生，身体健康。 福利待遇： 1、底薪4K+餐补+绩效奖金+各项补助（节日福利、交通补助、话补） 2、早九晚五、双休、五险、法定假日正常休息。 工作地点 长春绿园区中海景阳公馆 以担保或任何理由索要财物，扣押证照，均涉嫌违法。一经发现， 立即举报,"安全测试,系统测试,测试助理",http://www.zhaopin.com/jobdetail/CCL1516087490J40866270107.htm?refcode=4019&srccode=401903&preactionid=00d0049f-2467-427f-9ab4-ed76d0a2a3fb
EAP工程师（MJ000648）,景旺电子,1.2-1.6万,珠海·金湾区·南水镇,广州,学历不限,经验不限,7月26日,zhilian,职位描述 Java MySQL Oracle C++ EAP 1、负责新工厂EAP系统的设计，开发、实施和改进及功能上线的培训工作； 2、负责新工厂设备对接标准接口文档设计，供应商技术沟通洽谈，设备&EAP对接测试工作； 3、负责新工厂EAP实施涉及的服务器部署及使用工作； 4、负责新工厂设备的数据采集、资料下发、自动化物流AGV对接工作。 5、负责配合用户进行生产工艺改善，追溯要求优化的信息化支持工作 ； 6、负责对EAP系统设备驱动支持，性能、稳定性优化的开发工作； 7、能够出差支持基地各工厂的EAP信息化建设工作。 任职要求： 1、精通C#/java等.Net/Java平台下的其中一门编程开发语言； 精通Oracle/SQLServer/Mysql等其中一种数据库技术的应用；有PLC、工控机开发经验优先； 2、3年以上计算机软件开发或设备端软件开发相关工作经验； 3、熟悉PCB行业生产工艺流程； 工作地点 珠海金湾区景旺电子 以担保或任何理由索要财物，扣押证照，均涉嫌违法。一经发现， 立即举报,"Java,MySQL,Oracle,C++,EAP",http://www.zhaopin.com/jobdetail/CC612273720J40854931001.htm?refcode=4019&srccode=401903&preactionid=00d0049f-2467-427f-9ab4-ed76d0a2a3fb
软件工程师,大豪科技,1-2万,苏州·常熟·常福,广州,本科,1-3年,7月26日,zhilian,岗位职责： 1、负责公司PC打版软件（类似CAD的图形处理软件）新功能的开发、维护； 2、负责上位机数据处理逻辑、驱动等开发工作； 3、负责实现产品三维渲染方面的功能需求； 4、根据公司的规定编写技术文档； 任职要求： 1、本科及以上学历，计算机相关专业； 2、具有Windows程序开发经验； 3、能够按照项目与产品业务要求，负责核心业务代码编写； 4、精通C++编程和面向对象程序设计，精通UI设计与实现，熟悉界面库； 5、有绘图相关开发的优先 ； 6、有MFC开发经验的优先； 7、熟悉OpenGL核心模式，熟悉着色器编写方法，熟悉实物仿真； 8、资深薪资另议。 备注：本岗位周六需加班 工作地点 苏州常熟市通林路28号2号楼4层 以担保或任何理由索要财物，扣押证照，均涉嫌违法。一经发现， 立即举报,C++,http://www.zhaopin.com/jobdetail/CC464581210J40423817705.htm?refcode=4019&srccode=401903&preactionid=00d0049f-2467-427f-9ab4-ed76d0a2a3fb
RTOS软件工程师（会FreeRTOS）,河南企宝宝企业管理咨询有限公司,9000-11000元,西宁·城西区·胜利路街道,广州,学历不限,经验不限,7月26日,zhilian,职位描述 C语言 时间自由，欢迎加入我们 1.公司自己订单，建模/机械设计等。 2、电商店铺稳定订单 3.能对客户认真负责 4.热爱设计 工作内容： 负责在FreeRTOS等轻量级操作系统上进行任务调度和应用开发 工作地点 西宁城西区申宝大厦601 以担保或任何理由索要财物，扣押证照，均涉嫌违法。一经发现， 立即举报,C语言,http://www.zhaopin.com/jobdetail/CC879873150J40845814901.htm?refcode=4019&srccode=401901&preactionid=80aa3f98-af81-4a67-9f14-c5b0b36ec1e4
Matlab 【线上兼职】,云南广地建筑设计有限公司,6000-8000元,贵阳·云岩,广州,本科,经验不限,7月15日,zhilian,职位描述 C语言 Java Python 图形图像处理 数据分析 嵌入式开发 图像识别 3D图形处理 OpenCV PyTorch MySQL 电气机械/电力设备 通信/网络设备 工业自动化/机器人 一、工作内容： 承接我们公司旗下淘宝、天猫、拼多多等电商平台店铺的“Matlab”服务相关的任务需求 二、兼职要求： 1、熟悉常见的编程语音（python、c、java等）一种或多种均可； 2、掌握Matlab及相关软件或插件的使用； 3、使用Matlab完成数据处理、分析可视化、仿真等工作； 4、电气、电子、自动化、控制工程、计算机、软件工程等相关专业本科及以上学历； 三、工作时间: 时间不限，利用自己空余时间接单，按照发单时间要求完成就行； A、可专职线上接单:单量稳定，多劳多得，长期稳定大单； B、也可兼职线上接单:学生、应届生、已参加工作的等有空余时间，想要兼职赚钱的任何人； 四、工作地点： 地点不限，在家就行(有电脑网络即可线上接单)。 工作地点 贵阳云岩区龙泉大厦16楼 以担保或任何理由索要财物，扣押证照，均涉嫌违法。一经发现， 立即举报,"C语言,Java,Python,图形图像处理,数据分析,嵌入式开发,图像识别,3D图形处理,OpenCV,PyTorch,MySQL",http://www.zhaopin.com/jobdetail/CCL1486759320J40860863307.htm?refcode=4019&srccode=401901&preactionid=80aa3f98-af81-4a67-9f14-c5b0b36ec1e4
软件开发类,海汇集团有限公司,5000-9000元,日照·莒县·城阳街道,广州,大专,经验不限,7月8日,zhilian,职位描述 Java C语言 专科及以上学历，软件开发、计算机科学与技术、大数据等相关专业，有前端、后端项目经验者优先。 工作地点 日照莒县海汇集团-1号门 以担保或任何理由索要财物，扣押证照，均涉嫌违法。一经发现， 立即举报,"Java,C语言",http://www.zhaopin.com/jobdetail/CC614145120J40844932201.htm?refcode=4019&srccode=401901&preactionid=80aa3f98-af81-4a67-9f14-c5b0b36ec1e4
计算机工程师,诸暨任仓智能科技有限公司,7000-14000元,绍兴·诸暨市·陶朱街道,广州,本科,经验不限,7月25日,zhilian,职位描述 C语言 Python 机器人开发 工业自动化/机器人 计算机软件 可以接受应届毕业生，对C++\payton具备一定的设计和通讯协议的应用 工作地点 浙江省绍兴市诸暨市陶朱街道千禧路18-7号 以担保或任何理由索要财物，扣押证照，均涉嫌违法。一经发现， 立即举报,"C语言,Python,机器人开发",http://www.zhaopin.com/jobdetail/CC837195760J40832686911.htm?refcode=4019&srccode=401901&preactionid=80aa3f98-af81-4a67-9f14-c5b0b36ec1e4
c++开发工程师,长沙智启芯辰信息技术有限公司,6000-9000元,长沙·岳麓·麓谷,广州,本科,经验不限,7月25日,zhilian,职位描述 C语言 C# 工作职责 1. 负责C/C++ 代码开发、编码实现、单元测试，完成功能模块设计与迭代。 2. 参与产品需求评审、技术方案设计、架构讨论，输出技术文档、接口文档。 3. 排查线上/线下 Bug、性能问题、内存泄漏、崩溃、死锁等问题，优化代码质量。 4. 配合测试、产品、运维团队，完成联调、上线、版本发布与问题跟进。 5. 维护现有代码库，进行代码重构、技术优化、技术债务清理。 6. 跟进新技术、框架、开源组件，落地技术方案提升研发效率与系统稳定性。 任职要求 1. 扎实 C/C++ 基础：熟练掌握语法、指针、内存管理、引用、面向对象、STL。 2. 了解操作系统基础：进程、线程、协程、锁、信号量、内存、IO、调度。 3. 熟悉 Linux 环境：常用命令、Shell、Makefile/CMake、GDB 调试。 4. 掌握代码调试、问题排查：内存泄漏、段错误、崩溃、死锁定位。 5. 具备良好编码习惯，了解版本管理：Git/SVN。 工作地点 长沙市-岳麓区-麓谷大道658号 以担保或任何理由索要财物，扣押证照，均涉嫌违法。一经发现， 立即举报,"C语言,C#",http://www.zhaopin.com/jobdetail/CCL1522929370J40856211301.htm?refcode=4019&srccode=401901&preactionid=80aa3f98-af81-4a67-9f14-c5b0b36ec1e4
fpga工程师,烟台图蓝电子科技有限公司,6000-11000元,烟台·高新区·马山,广州,本科,经验不限,7月26日,zhilian,职位描述 Verilog HDL VHDL C语言 通信/网络设备 仪器仪表 船舶/航空/航天/军工 1、 本科及以上； 2、 电子信息工程，通信专业、自动化等相关专业； 3、熟悉VHDL、Verilog等FPGA编程语言，可对赛灵思等系列进行编程； 4、对FPGA开发有丰富科研、开发经验者优先。 工作地点 烟台高新区北航科技园 以担保或任何理由索要财物，扣押证照，均涉嫌违法。一经发现， 立即举报,"Verilog HDL,VHDL,C语言",http://www.zhaopin.com/jobdetail/CC517584880J40788209316.htm?refcode=4019&srccode=401901&preactionid=80aa3f98-af81-4a67-9f14-c5b0b36ec1e4
电子工程师,湖北三思科技股份有限公司,8000-11000元,宜昌·西陵区·窑湾街道,广州,大专,经验不限,7月26日,zhilian,职位描述 C语言 设计 研发 嵌入式软件研发 嵌入式硬件研发 PCB设计 1. 精通C语言编程，独立完成嵌入式软件代码编写、调试与优化，保障产品软件稳定运行。 2. 熟练进行PCB版图设计、原理图绘制，跟进电路板打样与设计优化，满足产品硬件设计需求。 3. 参与硬件电路设计、元器件选型及硬件调试，解决产品软硬件研发、测试中的技术问题。 4. 整理编写技术研发文档，完成技术资料归档，配合项目推进产品研发与量产工作。 5. 配合团队完成产品技术迭代、售后技术支持，完成部门交办的其他电子技术相关工作。 工作地点 宜昌西陵区清华科技园2号楼1001 以担保或任何理由索要财物，扣押证照，均涉嫌违法。一经发现， 立即举报,"C语言,设计,研发,嵌入式软件研发,嵌入式硬件研发,PCB设计",http://www.zhaopin.com/jobdetail/CC392675420J40649564503.htm?refcode=4019&srccode=401901&preactionid=80aa3f98-af81-4a67-9f14-c5b0b36ec1e4
应届生/考研考公失败均可,外企德科数字技术有限公司,1.5-3万·14薪,武汉·江夏·豹澥,广州,本科,经验不限,7月26日,zhilian,职位描述 C语言 Java Python Web开发 嵌入式开发 QT开发 Qt TensorFlow PyTorch 人工智能 产业互联网平台 计算机软件 [C/C++/JAVA/Python/SQL/web/Android/IOS/ Flutter/GO/大数据/AI/开发/运维/测试均有岗位需求] PS:北京，上海，南京，杭州，深圳，东莞，成都，西安，武汉，长沙均有需求开放 [岗位要求] 1、本科及以上学历; 2、掌握C++/Java/Go/Web(Vue、React、js前端开发、前端框架...)/python/H5一种或多种编程语言，有良好的编程习惯、热爱编程; 3、对基本数据结构和算法有一定了解，熟悉Linux、 Android、iOS、Windows其中一种或多种系统知识; 4、具备良好的解决问题能力、善于沟通、乐于合作; 5、熟练使用ldea/Maven/SVN(git)等软件开发工具; 6、扎实的计算机基础，具备优秀的学习能力和逻辑思维能力，善于分析问题和解决问题有关键独立模块设计、开发和维护经验【福利待遇] 1、五险一金全额缴纳、为期半年的老员工1对1带教，周末双休、年终奖丰厚、双倍加班费、班车福利、每年1-2次调薪机会; 2、初级、中级、高级岗位均有招聘需求 3、每年有一次调薪/职级调整机会; 4、薪资构成:基本薪资+绩效工资，定级薪资和绩效考核标准参考正式员工标准。 工作地点 江夏区华为武汉研究所1 以担保或任何理由索要财物，扣押证照，均涉嫌违法。一经发现， 立即举报 客户,"C语言,Java,Python,Web开发,嵌入式开发,QT开发,Qt,TensorFlow,PyTorch",http://www.zhaopin.com/jobdetail/CCL1480117890J40836523505.htm?refcode=4019&srccode=401901&preactionid=80aa3f98-af81-4a67-9f14-c5b0b36ec1e4
助理工程师,成都多普力电子科技有限公司,4000-8000元,重庆·大足·万古,广州,本科,经验不限,7月12日,zhilian,职位描述 C语言 C++ Java 32位单片机 8位单片机 大学本科及其以上 仪器仪表 招聘需求： 职位：助理工程师 测试工程师 需求：1、电子类相关专业本科及以上学历。 2、熟悉嵌入式相关知识，对嵌入式有浓厚的兴趣。 3、熟悉C语言、C++、java等相关编程语言。 4、熟悉PCB绘制软件。 5、熟悉PS、word、excel等相关办公软件。 工作地点 重庆市大足区万古镇千秋大道602号(附1号、附2号、附3号) 以担保或任何理由索要财物，扣押证照，均涉嫌违法。一经发现， 立即举报,"C语言,C++,Java,32位单片机,8位单片机,大学本科及其以上",http://www.zhaopin.com/jobdetail/CC358434280J40977735902.htm?refcode=4019&srccode=401901&preactionid=80aa3f98-af81-4a67-9f14-c5b0b36ec1e4
初级嵌入式软件开发工程师(RD46),浙江宇视科技有限公司,7000-14000元,天津·西青·中北,广州,本科,1年以下,12月30日,zhilian,岗位职责: 1、C语言开发。 2、负责网络摄像机软件的日常问题维护、定制需求开发。 任职要求: 1、有良好的C语言编程能力及编程习惯； 2、熟悉LINUX、网络更佳； 3、工作上有责任心、有上进心。 工作地点 西青区天津市新城市中心 以担保或任何理由索要财物，扣押证照，均涉嫌违法。一经发现， 立即举报,C语言,http://www.zhaopin.com/jobdetail/CC451534410J40751126114.htm?refcode=4019&srccode=401901&preactionid=abfa1fdb-980a-4323-b9a9-d6ae75de9bae
初级软件工程师,江苏佳诚智能科技有限公司,6000-10000元·13薪,无锡·滨湖·雪浪,广州,本科,经验不限,7月24日,zhilian,岗位职责： 1、提取和识别产品需求，并转化为软件开发需求 2、基于客户要求和平台开发要求实现项目嵌入式软件开发 3、项目代码的集成调试及bug解决，开发及设计文档编写 4、完成上级交办的其它工作 任职要求： 1、统招本科以上学历，电子技术、嵌入式软件、自动控制、自动化、通信、计算机等相关专业，应届生优先 2、熟悉单片机原理，熟悉C/C++语言编程 3、具备良好的英文阅读及文档编写能力，能够看懂软件接口文档及器件数据手册 4、具有优秀的学习能力、独立解决问题的能力和钻研精神 工作地点 无锡滨湖区信成道 以担保或任何理由索要财物，扣押证照，均涉嫌违法。一经发现， 立即举报,"32位单片机,C++,C语言",http://www.zhaopin.com/jobdetail/CCL1485464220J40613514708.htm?refcode=4019&srccode=401901&preactionid=abfa1fdb-980a-4323-b9a9-d6ae75de9bae
RTOS软件工程师（会FreeRTOS）,河南企宝宝企业管理咨询有限公司,9000-11000元,玉溪·红塔区,广州,学历不限,经验不限,7月21日,zhilian,职位描述 C语言 时间自由，欢迎加入我们 1.公司自己订单，建模/机械设计等。 2、电商店铺稳定订单 3.能对客户认真负责 4.热爱设计 工作内容： 负责在FreeRTOS等轻量级操作系统上进行任务调度和应用开发 工作地点 玉溪红塔区东安大厦802 以担保或任何理由索要财物，扣押证照，均涉嫌违法。一经发现， 立即举报,C语言,http://www.zhaopin.com/jobdetail/CC879873150J40845815801.htm?refcode=4019&srccode=401901&preactionid=abfa1fdb-980a-4323-b9a9-d6ae75de9bae
电子研发助理工程师,浙江长江汽车电子有限公司,4000-7000元·13薪,温州·星海街道,广州,本科,经验不限,7月26日,zhilian,职位描述 Layout PCB工艺 C语言 C++ 单片机 软件 硬件 应届生 工作职责： 在老师带领下尽快熟悉岗位工作环境、学习应有技能。 岗位要求： 1、本科及以上学历，17-21届应届生。 2、机电、电子、计算机等相关专业，品学兼优。 3、个人职业规划期望走电子/电气研发方向。 公司提供： 提供完善技能培训、直线晋升渠道。 定向培养方向： 电子研发中心（嵌入式软件开发、硬件开发、软件测试）； 自动化部（电气软件工程师） 职位福利：五险一金、年底双薪、加班补助、包住、通讯补助、免费班车、员工旅游、节日福利 职位亮点：储备干部、应届生、助理工程师 工作地点 温州经济技术开发区2道289号 以担保或任何理由索要财物，扣押证照，均涉嫌违法。一经发现， 立即举报,"Layout,PCB工艺,C语言,C++,单片机,软件,硬件,应届生",http://www.zhaopin.com/jobdetail/CC408437220J40169727705.htm?refcode=4019&srccode=401901&preactionid=abfa1fdb-980a-4323-b9a9-d6ae75de9bae
软件工程师/无经验（接受应届生）,湖北三环汽车电器有限公司,8000-10000元,武汉·蔡甸·沌口,广州,本科,经验不限,12月16日,zhilian,职位描述 C语言 嵌入式开发 Linux开发 新能源/燃油整车研发制造 1、本科及以上学历（统招），电子电气、计算机、电子信息、自动化等专业； 2、了解C、C++汇编软件开发语言； 3、具备良好的沟通能力和团队协作精神。 工作地点 武汉蔡甸区湖北三环汽车电器有限公司 以担保或任何理由索要财物，扣押证照，均涉嫌违法。一经发现， 立即举报,"C语言,嵌入式开发,Linux开发",http://www.zhaopin.com/jobdetail/CC441512110J40906785908.htm?refcode=4019&srccode=401901&preactionid=abfa1fdb-980a-4323-b9a9-d6ae75de9bae
工业机器人测试技术员（吴忠）,安徽擎天智能科技有限公司,5000-8000元·13薪,吴忠·利通区·金积镇,广州,本科,1-3年,7月24日,zhilian,职位描述 工业机器人 机器人安装维护 C语言 现场操作与功能测试 问题排查与报告 工作职责 1. 负责工业机器人的现场操作与功能测试，精准执行测试用例并记录结果。 2. 参与机器人系统的现场安装、调试与部署实施，确保设备稳定运行。 3. 协助排查测试过程中出现的技术问题，输出清晰的问题报告与改进建议。 4. 配合团队完成其他技术支持类工作，保障项目交付进度。 任职要求 1. 本科及以上学历，计算机、自动化或相关专业背景。 2. 掌握C语言基础，具备自动化测试或机器人系统相关实践经验者优先。 3. 具备较强的动手能力与现场问题解决能力，能适应长期出差需求。 奖金绩效 年终奖、项目奖金 工作地点 吴忠利通区秦汉街 以担保或任何理由索要财物，扣押证照，均涉嫌违法。一经发现， 立即举报,"工业机器人,机器人安装维护,C语言,现场操作与功能测试,问题排查与报告",http://www.zhaopin.com/jobdetail/CCL1419125010J40853658405.htm?refcode=4019&srccode=401901&preactionid=abfa1fdb-980a-4323-b9a9-d6ae75de9bae
软件工程师,宁德岭阳电子科技有限公司,5000-10000元·13薪,宁德·福安市·城北街道,广州,本科,经验不限,7月21日,zhilian,职位描述 Python 汇编语言 C语言 嵌入式硬件开发 嵌入式软件开发 单片机开发 自动化技术 PCB设计 嵌入式技术 计算机硬件 半导体/芯片 1、负责与客户沟通，快速理解和转化客户的需求为软件设计输入: 2、负责公司电子产品的软件设计，含基于51、 ARM-cortex MCU、DSP的底层驱动开发，产品应用程序开发及与客户整机软件联调等， 3、负责旧产品的维护和新技术平台的软件研发。 岗位要求: 1、自动化、计算机、软件工程等相关专业，大专及以上学历: 2、熟悉IAR、keil、eclipse等软件，有51单片 立即沟通应用程序开发及与客户整机软件联调等， 3、负责旧产品的维护和新技术平台的软件研发。 岗位要求: 1、自动化、计算机、软件工程等相关专业，大专及以上学历; 2、熟悉IAR、keil、eclipse等软件，有51单片机、ARM等相关开发经验; 3、具有一定的技术文档撰写能力，和一定的英文阅读能力，能熟练阅读英文类技术文档等 4、有物联网相关产品开发经验的优先; 5、有工业控制相关产品开发经验的优先; 6、具备良好的分析解决问题能力，有技术难题攻关经验，因为网站要会员才能联系牛人。所以有意向的可以联系我们 奖金绩效 业绩绩效/13薪 工作地点 福安市宁德岭阳电子科技有限公司 以担保或任何理由索要财物，扣押证照，均涉嫌违法。一经发现， 立即举报,"Python,汇编语言,C语言,嵌入式硬件开发,嵌入式软件开发,单片机开发,自动化技术,PCB设计,嵌入式技术",http://www.zhaopin.com/jobdetail/CC851592670J40488515808.htm?refcode=4019&srccode=401901&preactionid=abfa1fdb-980a-4323-b9a9-d6ae75de9bae
数通工程师-华为400热线,深圳市讯方技术股份有限公司,6000-9000元,成都·郫都·合作街道,广州,本科,1-3年,7月22日,zhilian,职位描述 C语言 网络交换技术 Linux HCIP HCIE 通信项目管理 光传输 数据通信 1、学历与专业要求 1）学历要求：参考职位底座要求，推荐院校>本科（IE/IP证书）>专升本（IE/IP证书）>专科（一定是特别优秀+IE/IP证书） 2）专业要求：信息安全、网络工程、计算机网络、计算机科学与技术、通信或计算机相关专业-熟悉TCP/IP、HTTP、DNS等基础网络协议 2、证书与经验要求： 1）熟悉主流厂商（华为、H3C、Cisco）交换机、路由器、防火墙等常见网络设备的配置及排障 2）具备数通认证（如华为HCIA/HCIP/HCIE、HCNP/HCIP、H3CSE、CCNP、CCIE/HCIE等）优先 3、综合素质要求： 1）具备较强的学习能力、逻辑思维能力和问题解决能力 2）具备良好的沟通能力与服务意识，能耐心倾听并正确解答客户问题 3）有责任心，能承受一定工作压力，可以适应客户服务中心的7*24小时工作制，适应轮班安排。 工作地点 郫都区华为成都研究所 以担保或任何理由索要财物，扣押证照，均涉嫌违法。一经发现， 立即举报,"C语言,网络交换技术,Linux,HCIP,HCIE,通信项目管理,光传输,数据通信",http://www.zhaopin.com/jobdetail/CC132230560J40782714906.htm?refcode=4019&srccode=401901&preactionid=abfa1fdb-980a-4323-b9a9-d6ae75de9bae
Matlab 【线上兼职】,云南广地建筑设计有限公司,6000-8000元,南昌·红谷滩·沙井,广州,本科,经验不限,7月14日,zhilian,职位描述 C语言 Java Python 图形图像处理 数据分析 嵌入式开发 图像识别 3D图形处理 OpenCV PyTorch MySQL 电气机械/电力设备 通信/网络设备 工业自动化/机器人 一、工作内容： 承接我们公司旗下淘宝、天猫、拼多多等电商平台店铺的“Matlab”服务相关的任务需求 二、兼职要求： 1、熟悉常见的编程语音（python、c、java等）一种或多种均可； 2、掌握Matlab及相关软件或插件的使用； 3、使用Matlab完成数据处理、分析可视化、仿真等工作； 4、电气、电子、自动化、控制工程、计算机、软件工程等相关专业本科及以上学历； 三、工作时间: 时间不限，利用自己空余时间接单，按照发单时间要求完成就行； A、可专职线上接单:单量稳定，多劳多得，长期稳定大单； B、也可兼职线上接单:学生、应届生、已参加工作的等有空余时间，想要兼职赚钱的任何人； 四、工作地点： 地点不限，在家就行(有电脑网络即可线上接单)。 工作地点 南昌红谷滩区金控大厦18楼 以担保或任何理由索要财物，扣押证照，均涉嫌违法。一经发现， 立即举报,"C语言,Java,Python,图形图像处理,数据分析,嵌入式开发,图像识别,3D图形处理,OpenCV,PyTorch,MySQL",http://www.zhaopin.com/jobdetail/CCL1486759320J40860863407.htm?refcode=4019&srccode=401901&preactionid=abfa1fdb-980a-4323-b9a9-d6ae75de9bae
嵌入式软件工程师,丹东瑞特科技有限公司,7000-13000元,丹东·振兴区·浪头镇,广州,本科,1-3年,7月19日,zhilian,职位描述 C语言 32位单片机 ARM处理器 岗位要求： 1.电子信息、测控技术与仪器等相关专业毕业，本科以上学历； 2.熟练使用单片机、ARM等控制器，熟练使用C语言编程软件； 3.有硬件研发工作经验者优先； 4.接受专业相符并专研科技研发工作的应届毕业生。 职位福利：五险一金、绩效奖金、加班补助、车餐补、节日福利 。 工作地点 辽宁省丹东市振兴区仪器仪表园二期70-41号楼东侧5楼 以担保或任何理由索要财物，扣押证照，均涉嫌违法。一经发现， 立即举报,"C语言,32位单片机,ARM处理器",http://www.zhaopin.com/jobdetail/CC547668330J40541423904.htm?refcode=4019&srccode=401901&preactionid=abfa1fdb-980a-4323-b9a9-d6ae75de9bae
嵌入式工程师,陕西玄度智能科技有限公司,7000-13000元·13薪,苏州·太仓·娄东,广州,本科,经验不限,6月25日,zhilian,职位描述 ARM处理器 C语言 C++ 嵌入式AI模型部署 硬件驱动开发 边缘计算设备开发 工作职责： 1. 负责嵌入式硬件平台的驱动开发与系统优化，保障AI算法的稳定运行。 2. 参与AI模型的轻量化部署工作，通过算子优化、内存管理等手段提升边缘设备的推理效率。 3. 与算法团队协作，将深度学习模型转化为嵌入式平台可执行的代码，并解决跨平台兼容性问题。 4. 负责嵌入式系统的调试与性能调优，确保产品满足低功耗、高实时性的设计要求。 任职要求： 1. 本科及以上学历，电子信息、计算机、自动化等相关专业。 2. 精通C/C++编程语言，熟悉ARM架构及Linux系统开发，具备扎实的嵌入式底层知识。 3. 掌握至少一种嵌入式AI推理框架），有模型部署经验者优先。 5. 有边缘计算设备（如嵌入式AI盒子、智能摄像头）开发经验者优先。 工作地点 苏州太仓市太仓软件园东-G幢1205A 以担保或任何理由索要财物，扣押证照，均涉嫌违法。一经发现， 立即举报,"ARM处理器,C语言,C++,嵌入式AI模型部署,硬件驱动开发,边缘计算设备开发",http://www.zhaopin.com/jobdetail/CCL1513104120J40826611516.htm?refcode=4019&srccode=401901&preactionid=abfa1fdb-980a-4323-b9a9-d6ae75de9bae
c++程序员,东营奥佰捷克特电子科技有限公司,5000-10000元,东营·东营区·文汇街道,广州,本科,1-3年,7月19日,zhilian,职位描述 C语言 Javascript CAD开发 STL GIS数据处理 GIS开发 图形图像处理 软件/IT服务 编写图形程序，了解神经网络进行数据分析，了解c++，后期需要用javascript 进行网页图形开发。 工作地点 东营市-东营区济南路华凌大厦 以担保或任何理由索要财物，扣押证照，均涉嫌违法。一经发现， 立即举报,"C语言,Javascript,CAD开发,STL,GIS数据处理,GIS开发,图形图像处理",http://www.zhaopin.com/jobdetail/CC572783130J40938237915.htm?refcode=4019&srccode=401901&preactionid=abfa1fdb-980a-4323-b9a9-d6ae75de9bae
视觉应用工程师,上海轶炫自动化科技有限公司,8000-15000元·13薪,上海·奉贤·南桥,广州,本科,1-3年,6月24日,zhilian,职位描述 C语言 C# 图形图像处理 Linux开发 图像识别 工业自动化/机器人 -负责公司核心专用设备相关软件的C++应用设计与维护，保障系统的稳定性与高效运行 - 与产品经理、测试团队协作，完成需求分析与功能实现； - 跟踪行业技术动态，推动技术创新与应用。 -熟悉银河V10版本系统，能适配该系统完成应用开发与调试。 - 具备图像识别项目经验，了解视觉算法原理，能将图像识别技术应用于专用设备 -会C++应用，了解C#，完成跨语言协作应用任务。 工作地点 奉贤区联东U谷·上海南桥创新科技园1005 以担保或任何理由索要财物，扣押证照，均涉嫌违法。一经发现， 立即举报,"C语言,C#,图形图像处理,Linux开发,图像识别",http://www.zhaopin.com/jobdetail/CCL1488089650J40869509109.htm?refcode=4019&srccode=401901&preactionid=abfa1fdb-980a-4323-b9a9-d6ae75de9bae
业务平台开发岗（武汉）,招商证券股份有限公司,8000-16000元,武汉·洪山·关山,广州,本科,1-3年,6月16日,zhilian,职位描述 C语言 Java Python 招聘部门：武汉科技分公司 招聘岗位：业务平台开发岗（武汉） 工作地点：武汉 负责共通业务平台或业务中台系统的设计、开发与落地。 任职资格: 1、大学本科及以上学历，具备专业扎实的计算机理论基础，1年及以上系统开发经验； 2、具有C++、Java开发经验，持续关注并实践新的语言特性； 3、具有抽象建模能力，对DDD领域驱动设计方法有深入理解； 4、具有处理高并发的分布式系统架构设计和开发经验； 5、热爱编程，始终对业界最新技术有强烈的求知欲和好奇心。 工作地点 洪山区中国特种飞行器研究所(武汉研发中心) 以担保或任何理由索要财物，扣押证照，均涉嫌违法。一经发现， 立即举报,"C语言,Java,Python",http://www.zhaopin.com/jobdetail/CC138931020J40903420303.htm?refcode=4019&srccode=401901&preactionid=abfa1fdb-980a-4323-b9a9-d6ae75de9bae
初级linuxC语言开发工程师,大连柏盛源科技有限公司,4000-8000元,大连·甘井子·凌水,广州,本科,经验不限,7月7日,zhilian,职位描述 C语言 Linux开发 嵌入式开发 QT开发 计算机软件 物联网 工业自动化/机器人 职责描述： 1.负责轨道交通行车在线监测系统的研发； 2. 参与软件需求分析与设计，撰写相关技术文档。 3. 完成编码、测试、上线等软件开发工作，确保软件质量。 4. 配合团队解决项目中遇到的技术难题。 任职要求： 1.统招本科以上学历，具备Linux系统下的开发经验，熟练应用C、C++等编程语言； 2.具备ARM-Linux平台的开发调试及GDB工具使用经验，掌握进程、线程、Socket、文件、IO等开发能力； 3.掌握CAN、ETH、TRDP、MVB等通信协议及应用原理。 工作地点 甘井子区大连柏盛源科技有限公司 以担保或任何理由索要财物，扣押证照，均涉嫌违法。一经发现， 立即举报,"C语言,Linux开发,嵌入式开发,QT开发",http://www.zhaopin.com/jobdetail/CC402275710J40799051803.htm?refcode=4019&srccode=401901&preactionid=abfa1fdb-980a-4323-b9a9-d6ae75de9bae
软件研发助理,北京凯尔科技发展有限公司,5000-10000元,保定·涿州,广州,本科,经验不限,7月17日,zhilian,职位描述 C语言 C# LabVIEW 计算机软件 通信/网络设备 仪器仪表 软件研发助理【双休！五险一金！欢迎应届生！】 1、北京凯尔科技发展有限公司，是集研发，生产，销售激光分析仪于一体的高新技术企业。 2、公司提供双休，五险一金，享受国家法定节假日，带薪年假等。 3、要求2026年应届毕业生，本科及以上学历。 4、熟悉LabVIEW图形化编程和掌握C++ 编程语言，熟悉MATLAB，了解基本软件开发流程与设计模式优先。 5、参与公司的项目研发，表现优秀者可获得丰厚的项目奖金和绩效奖金。 工作地点 保定涿州市凯尔科技工厂 以担保或任何理由索要财物，扣押证照，均涉嫌违法。一经发现， 立即举报,"C语言,C#,LabVIEW",http://www.zhaopin.com/jobdetail/CC287231010J40850702815.htm?refcode=4019&srccode=401901&preactionid=abfa1fdb-980a-4323-b9a9-d6ae75de9bae
初级嵌入式软件工程师（接受实习/应届生）,福建富昌维控电子科技股份有限公司,8000-10000元·13薪,福州·马尾·马尾,广州,本科,经验不限,7月26日,zhilian,岗位职责： 1) 参与或主导公司工业自动化控制器相关软件的设计及开发； 2) 完成岗位要求的软件开发、设备测试及文档编写等工作； 岗位要求： 1) 本科及以上学历，计算机、电子、通信等相关专业； 2) 能熟练使用C/C++语言，熟悉C++11及以上标准，对数据结构有比较深刻的理解； 3) 具有良好的源码阅读能力、逻辑分析能力、快速排错能力和文档编写能力； 4) 熟悉网络编程概念和多线程编程技术，具备较强的抗压能力和解决复杂问题的能力； 5) 有嵌入式linux开发经验者有优先，有设备性能调优经验者优先，有团队协作开发经验者优先，有电子类比赛获奖者优先； 【研发岗上班时间】： 上班时间：5天7.5h弹性工作制。 【研发岗福利】： 1、保险：六险一金（医保、社保、住房公积金、意外险）； 2、员工关怀：加班餐补、午餐餐补、过节费、生日福利、节假日福利、婚育礼金； 3、住宿交通：提供员工宿舍及地铁2号线接驳车（洋里—维控科技园） 4、员工体检：每年一次员工体检； 5、员工活动：羽毛球、篮球、六一、程序员日、游园会等相关主题活动； 6、调薪机会：提供年度调薪机会； 7、个人发展：带薪培训，完善的培训体系，双职业通道规划； 8、带薪假期：国家法定假期，婚假、产假、陪产假、年休假、超长春节假期； 9、其他：年终奖金，工会活动、部门团建等 10：享受多项人才奖励和补助政策，包括但不限： （1）高校毕业生来榕留榕就业可享受一次性生活补贴等相关人才补贴福利； （2）人才住房保障政策； （3）工科类青年专业人才补助等。 【公司地址】：邻近台江万达 工作地点 福州马尾区维控科技园 以担保或任何理由索要财物，扣押证照，均涉嫌违法。一经发现， 立即举报,"C++,C语言,嵌入式软件开发",http://www.zhaopin.com/jobdetail/CC291402110J40309799510.htm?refcode=4019&srccode=401901&preactionid=abfa1fdb-980a-4323-b9a9-d6ae75de9bae
C++/Qt上位机开发工程师,长春市芯捷科技有限公司,5000-10000元,长春·朝阳,广州,本科,经验不限,7月24日,zhilian,岗位职责： 1.参与产品需求分析，设计并实现高效、可维护的C++代码 2.与团队成员合作，完成模块的设计、编码、测试和维护工作 3.优化现有代码，提高系统性能，确保软件的质量和稳定性 4.跟踪并解决软件开发过程中的技术问题，确保项目按时完成 5.绘制项目架构图 6.编写产品手册、说明书 岗位要求： 1..本科及以上学历，计算机等相关专业，工作年限不限，接受应届生 2.熟练使用 C/C++/Python 语言，具有良好的编程习惯 3.熟悉 Qt开发，有上位机软件开发经验优先 4.拥有英文文档阅读能力，熟悉电子测试仪器仪表优先 5.英语四级以上具有良好读写外文文献能力 计算机二级以上 公司基本福利待遇 12薪+年终奖 五险一金 周末双休 年度体检 入职年假 节日福利 团队建设 工作地点 长春市-朝阳区-卫星路7440号 以担保或任何理由索要财物，扣押证照，均涉嫌违法。一经发现， 立即举报,"C语言,C#,嵌入式开发,Qt",http://www.zhaopin.com/jobdetail/CCL1335101310J40837997413.htm?refcode=4019&srccode=401901&preactionid=36d8c064-1158-452f-af50-157d02b162ae
C/C++,活水智慧(河北)科技有限公司,8000-16000元,廊坊·高楼镇,广州,本科,1-3年,7月1日,zhilian,职位描述 ARM处理器 C语言 C++ Java 计算机软件 计算机硬件 半导体/芯片 新品开发，熟悉嵌入式实时系统UCOS、FREERTOS，熟悉NXP RT11XX系列MCU 熟悉LINUX和Android系统裁剪编译 工作地点 河北省廊坊市三河市留山大街4号4-2-401 以担保或任何理由索要财物，扣押证照，均涉嫌违法。一经发现， 立即举报,"ARM处理器,C语言,C++,Java",http://www.zhaopin.com/jobdetail/CCL1488331660J40757112311.htm?refcode=4019&srccode=401901&preactionid=36d8c064-1158-452f-af50-157d02b162ae
物理测试【接受26届，要求嵌入式经验,中科创达软件股份有限公司,8000-14000元,西安·未央·三桥,广州,本科,经验不限,7月24日,zhilian,"岗位职责】 a)芯片功能仿真验证、代码覆盖率分析； b)芯片时序仿真验证、接口时序分析； c)编写清晰的技术文档并满足评审要求； d)样片物理测试工作。"" 【任职要求】 a. 专业知识： a)熟悉芯片测试流程（含FPGA原型、板级、系统级测试）； b)熟悉C编程语言； c)熟悉嵌入式平台开发环境(如Vxworks、天脉、linux操作系统、workbench、vs2010开发环境等)； d)能够独立搭建验证平台、基于需求失败测试目标、开发测试用例、测试并对测试结果进行分析、解决问题，； e)熟悉至少两种接口协议（pcie、spi、a664、axi等）并具有相关驱动开发经验； b. 项目经验： a)参与芯片验证项目，并在其中担任物理测试工程师角色； b)编写过项目验证策划、验证规程、验证用例、验证追踪、验证报告（包括覆盖率分析）文件；"" 工作地点 未央区西安环普创新城 以担保或任何理由索要财物，扣押证照，均涉嫌违法。一经发现， 立即举报","嵌入式,C语言",http://www.zhaopin.com/jobdetail/CC285451210J40864690311.htm?refcode=4019&srccode=401901&preactionid=36d8c064-1158-452f-af50-157d02b162ae
WT-C/C++开发工程师,日通技研(杭州)科技有限公司,8000-13000元,杭州·滨江·西兴,广州,本科,1-3年,7月14日,zhilian,职位描述 C语言 Linux开发 软件/IT服务 【工作职责】 打印机产品的嵌入式软件开发。 【任职资格】 1、计算机、物联网、通信等相关专业本科及以上学历。 2、熟悉精通C\C++。 3、有实际嵌入式或Linux相关开发经验的优先。 4、有日语基础的优先。 【公司福利】 1.试用期工资不打折； 2.五险一金； 3.周末双休； 4.带薪年假； 5.晋升/调薪机会； 6.各种培训和学习机会 工作地点 杭州市-滨江区-江陵路88号 以担保或任何理由索要财物，扣押证照，均涉嫌违法。一经发现， 立即举报,"C语言,Linux开发",http://www.zhaopin.com/jobdetail/CCL1503988430J41014204504.htm?refcode=4019&srccode=401901&preactionid=36d8c064-1158-452f-af50-157d02b162ae
初级嵌入式软件工程师,青岛利诚达软件科技有限公司,5000-8000元,青岛·市南·金门路,广州,本科,经验不限,7月1日,zhilian,岗位职责 - 协助资深工程师完成嵌入式产品（单片机、ARM等）的硬件调试、软件编程与测试工作，快速熟悉产品开发流程。 - 学习并使用C/C++语言进行嵌入式程序开发、调试，配合团队完成代码编写、注释及文档整理。 - 协助进行嵌入式系统的需求分析、方案讨论，参与简单的模块设计与实现，积累开发经验。 - 配合测试团队完成产品功能测试、bug排查，记录问题并协助跟进解决，确保产品正常运行。 - 学习嵌入式相关硬件知识，协助完成硬件与软件的联调工作。 - 完成上级交办的其他技术相关辅助工作，积极参与团队技术交流与培训。 1. 学历与专业 本科及以上学历，应届生优先，电子信息工程、电气工程、计算机科学与技术、自动化、通信工程等相关专业。 工作地点 市南区青岛软件园 以担保或任何理由索要财物，扣押证照，均涉嫌违法。一经发现， 立即举报,"32位单片机,C语言",http://www.zhaopin.com/jobdetail/CC466908380J40909666112.htm?refcode=4019&srccode=401901&preactionid=36d8c064-1158-452f-af50-157d02b162ae
单片机软件工程师,西安鹏耀博文信息技术有限公司,8000-12000元,西安·莲湖·北院门,广州,本科,1-3年,4月14日,zhilian,职位描述 单片机开发 C语言 汇编语言 嵌入式软件研发 计算机软件 通信/网络设备 岗位内容： 1. 开发、维护和优化基于单片机的控制系统； 2. 分析并解决技术问题，参与方案的设计和评估； 3. 根据项目需求完成嵌入式系统代码设计和开发。 任职要求： 1. 本科以上学历，电子工程、计算机等相关专业背景优先； 2. 一到两年以上单片机开发及相关领域经验 3. 熟悉常用单片机芯片及其应用，熟练掌握C语言和汇编语言编程； 4. 具有较强的技术分析和解决问题的能力，具备团队合作能力和主动学习的精神。 工作地点 西安市-莲湖区-莲湖西大街81号 以担保或任何理由索要财物，扣押证照，均涉嫌违法。一经发现， 立即举报,"单片机开发,C语言,汇编语言,嵌入式软件研发",http://www.zhaopin.com/jobdetail/CCL1509995720J40838982511.htm?refcode=4019&srccode=401901&preactionid=36d8c064-1158-452f-af50-157d02b162ae
软件开发工程师,连云港飞扬网络科技有限公司,7000-12000元,连云港·海州区·新东街道,广州,本科,经验不限,7月21日,zhilian,职位描述 Python C++ Java C语言 Golang PHP Lua 计算机软件 互联网游戏 一、技能要求： 会一项基础的计算机语言，基本功扎实，有良好的编辑习惯。 二、职位要求: 1、应届生，本科及以上学历，计算机相关专业 2、工作难度不大，但需要精通游戏、细心谨慎。工作中主要使用lua语言进行游戏玩法开发。（有编程功底的无上手难度，公司会有专门的课程进行培训） 3、热爱游戏，至少深玩过一款客户端网游或手游，玩过传奇、梦幻西游或者类似游戏优先 4、入职需体检，员工身体健康无传染性疾病，入职后公司报销体检费用。 三、我们提供​ 薪资：7K-12K / 月 + 项目奖金（每年平均2个项目上线，每个项目完成后，若无重大BUG，所有开发人员发放项目奖金）；​ 福利：入职缴纳五险一金、定期体检、下午茶 、节日福利、生日福利、团建聚餐；​ 成长：内部培训、导师带教，清晰晋升路径；​ 环境：弹性工作、扁平化管理、年轻化团队。 四、备注: 1、试用期3个月 2、转正后，您达到以下条件，起薪会有相应增加:本一+1000元、硕士+1500元、博士+2000元。本科院校为211的额外+500元，985的额外+1000元。 3、公司主要产品是:2DMMO、回合制两种游戏，手机端、PC端都有产品。 工作地点 海州区连云港飞扬网络科技有限公司 以担保或任何理由索要财物，扣押证照，均涉嫌违法。一经发现， 立即举报,"Python,C++,Java,C语言,Golang,PHP,Lua",http://www.zhaopin.com/jobdetail/CC668398180J40828143014.htm?refcode=4019&srccode=401901&preactionid=36d8c064-1158-452f-af50-157d02b162ae
软件助理工程师,深圳熙斯特新能源技术有限公司,8000-10000元,惠州·惠阳区·西区街道,广州,学历不限,经验不限,7月21日,zhilian,职位描述 32位单片机 C语言 新能源/燃油车零部件 新能源/燃油整车研发制造 电气机械/电力设备 职务说明： 电动汽车电机控制器嵌入式软件开发、调试以及技术分析 必备技能： 1、熟悉C或汇编语言编程，有嵌入式单片机项目开发经验； 2、熟悉STM32或TI芯片编程者优先； 4、熟悉CCS或keil相关软件 相关经验： 优秀应届生 工作内容： 1、负责电动汽车电机控制器软件功能模块程序编写与维护； 2、负责控制器测试及调试、现场技术分析； 福利： 1、每年调薪一次，工作满一年可参与绩效评比，绩效奖金500-3000/月不等。 2、出粮准时、包吃住、五险一金、带薪年假、节假日福利、年度旅游、晋升培训。 职位福利：五险一金、包住、包吃、餐补、员工旅游、节日福利 工作地点 惠阳区大亚湾科创惠州软件园5栋6楼 以担保或任何理由索要财物，扣押证照，均涉嫌违法。一经发现， 立即举报,"32位单片机,C语言",http://www.zhaopin.com/jobdetail/CC486816080J40820086316.htm?refcode=4019&srccode=401901&preactionid=36d8c064-1158-452f-af50-157d02b162ae
（单片机/嵌入式）初级软硬件开发工程师,成都中大华瑞科技有限公司,6000-12000元·13薪,成都·高新区·桂溪,广州,本科,经验不限,6月16日,zhilian,职位描述 PCB设计 单片机 STM32 C语言 通信/网络设备 仪器仪表 电子设备制造 任职要求： 1.电子信息、电气工程、自动控制、软件、计算机、机电工程等相关专业； 2.精通C语言，熟练使用编程及调试软件； 3.精通STM32的硬件系统设计及编程，熟悉基于uC/OS的应用软件开发； 4.熟练掌握模拟电路和数字电路基础知识，熟练使用立创EDA进行相关电路原理图及PCB设计，对于有Altium Designer使用经验的，可在公司进行培训后掌握立创EDA再上岗； 5.熟练阅读英文数据手册； 6.熟悉基本程序开发流程，具有良好编程习惯，有较强的学习、创新能力，具有挑战精神； 职位福利：五险一金、年底双薪、绩效奖金、全勤奖、带薪年假、节日福利、周末双休 工作地点 成都市高新区天府大道北段28号茂业中心B塔2107 (地铁一号线高新站附近） 以担保或任何理由索要财物，扣押证照，均涉嫌违法。一经发现， 立即举报,"PCB设计,单片机,STM32,C语言",http://www.zhaopin.com/jobdetail/CC239214817J00462143902.htm?refcode=4019&srccode=401901&preactionid=36d8c064-1158-452f-af50-157d02b162ae
通信工程技术员,河北国石节能科技有限公司,7000-9000元,运城·盐湖区·中城街道,广州,本科,经验不限,7月17日,zhilian,职位描述 数据通信 卫星通信 5G C语言 数电 模电 岗位内容： 1. 协助通信工程师设计、测试、维护和优化通信系统的各种硬件和软件组件。 2. 熟悉无线通信、网络安全和互联网协议。 3. 使用模拟和数字仿真工具对设备进行性能评估和验证。 4. 客户支持和问题解决。 任职要求： 1. 本科及以上学历，通信、电子工程等相关专业背景。 2. 具有扎实的编程和算法基础，熟悉C/C++或Python等编程语言。 3. 熟练掌握常用电子元器件和仪器的使用方法。 工作地点 运城市-盐湖区-人民中城街道人民北路147号丰喜财富大厦1楼 以担保或任何理由索要财物，扣押证照，均涉嫌违法。一经发现， 立即举报,"数据通信,卫星通信,5G,C语言,数电,模电",http://www.zhaopin.com/jobdetail/CC281182780J40860401514.htm?refcode=4019&srccode=401901&preactionid=36d8c064-1158-452f-af50-157d02b162ae
助理软件工程师（韶关）,比亚迪股份有限公司,7000-14000元,韶关·浈江区·犁市镇,广州,本科,1-3年,7月26日,zhilian,岗位职责： 1.协助分析产品软件需求，确保软件需求的可行性 2.负责上位机软件开发、wed端系统开发、机器视觉相关软件开发 3.协助实施软件详细设计，输出符合编码规范的代码或模型 4.协助实施单元验证、软件现场调试及运维 岗位要求： 1、计算机科学与技术、软件工程等相关专业优先 2、本科以上学历优先 3、有1年以上相关经验， 比亚迪坚持以人为本的人力资源方针， 尊重人， 培养人， 善待人， 为员工建立一个公平、 公正、 公开的工作和发展环境，期待您的加入！ 工作地点 韶关市浈江区工业园犁市镇石下村比亚迪大道1号 以担保或任何理由索要财物，扣押证照，均涉嫌违法。一经发现， 立即举报,"C#,C语言,机器人开发,图形图像处理",http://www.zhaopin.com/jobdetail/CC132962990J40945426902.htm?refcode=4019&srccode=401901&preactionid=36d8c064-1158-452f-af50-157d02b162ae
嵌入式软件开发助理工程师,佛山市新智杰光电有限公司,8000-16000元,佛山·南海·里水,广州,本科,经验不限,7月21日,zhilian,职位描述 C语言 C++ Linux RTOS 岗位内容： 1. 设计和开发嵌入式系统中单片机的底层驱动程序； 2.熟悉C与c++相关开发语言 3.在学校有实际项目经验更佳 任职要求： 1.主要了解硬件电路设计原理，具备一定的电路调试能力； 2. 具备扎实的编程基础、严谨的逻辑思维和良好的团队沟通协作能力； 工作地点 佛山南海区宏成合创(南海)智慧产业园一期2栋703 以担保或任何理由索要财物，扣押证照，均涉嫌违法。一经发现， 立即举报,"C语言,C++,Linux,RTOS",http://www.zhaopin.com/jobdetail/CCL1481329750J40769066601.htm?refcode=4019&srccode=401901&preactionid=36d8c064-1158-452f-af50-157d02b162ae
fpga助理工程师,洛阳纵横电子科技有限公司,5000-10000元,洛阳·洛龙·开元路,广州,本科,经验不限,7月17日,zhilian,职位描述 C语言 半导体/芯片 通信/网络设备 工作内容： 1. 根据项目需求，完成FPGA逻辑构架和产品开发； 2. 负责通信相关的FPGA开发、系统应用、调试等工作； 3. 负责FPGA设计方案实现、逻辑代码实现以及相关文档的编写； 4. 对逻辑代码进行功能仿真、综合实现等检查、故障分析、问题处理； 5. 与硬件工程师配合，进行产品或样件的调试、实验工作； 6. 与相关设计人员配合，保障项目进展与质量； 7. 根据项目进展需要，配合团队完成其他工作。 基本要求： 1.本科以上学历，电子信息、通信相关专业； 2. 四六级成绩良好，能够独立阅读datasheet文件； 3. 熟悉Verilog、VHDL语言，具有较强的编码能力； 4. 熟悉Xilinx/Altera器件、modlelsim/ISE/Vivado等开发工具； 5. 熟悉质量管理体系、FPGA程序开发流程及科研生产流程； 6. 具备良好的沟通能力、逻辑思维能力以及团队协作能力，高度责任心和敬业精神。 工作地点 洛阳洛龙区 以担保或任何理由索要财物，扣押证照，均涉嫌违法。一经发现， 立即举报,C语言,http://www.zhaopin.com/jobdetail/CCL1227328670J40819354716.htm?refcode=4019&srccode=401901&preactionid=36d8c064-1158-452f-af50-157d02b162ae
熟练运营,义乌市缘馨日用品有限公司,5000-10000元,金华·东阳市·江北街道,广州,学历不限,经验不限,7月20日,zhilian,职位描述 数据架构 数据挖掘 数据仓库 C语言 招聘数据开发，感兴趣随时和我联系~ 工作地点 浙江省金华市东阳市东阳经济开发区曙光街889号 以担保或任何理由索要财物，扣押证照，均涉嫌违法。一经发现， 立即举报,"数据架构,数据挖掘,数据仓库,C语言",http://www.zhaopin.com/jobdetail/CCL1526588680J40922162512.htm?refcode=4019&srccode=401901&preactionid=36d8c064-1158-452f-af50-157d02b162ae
C语言开发,南京绛门信息科技有限公司,7000-14000元,南京·雨花台·雨花,广州,本科,经验不限,5月22日,zhilian,职位描述 C语言 1、计算机、通信、电子等相关专业，熟悉路由器或者交换机等数据通信设备应用、软硬件架构，从事相关产品研发; 2、有C语言开发经验者优先，熟悉数据结构和计算机网络; 3、具有良好的抗压能力，积极向上，有良好的沟通能力。 工作地点 江苏省南京市雨花台区软件大道50号50号 以担保或任何理由索要财物，扣押证照，均涉嫌违法。一经发现， 立即举报,C语言,http://www.zhaopin.com/jobdetail/CC426773320J40868791705.htm?refcode=4019&srccode=401901&preactionid=36d8c064-1158-452f-af50-157d02b162ae
初级开发工程师,上海铱控自动化系统工程有限公司郑州分公司,4000-8000元·14薪,郑州·管城·城东路,广州,本科,经验不限,4月3日,zhilian,岗位职责: 1. 可在指导下快速掌握新的开发语言和开发工具，完成模块的开发工作； 2. 可独立的完成一些单一的、局部的功能开发和BUG修复工作； 3. 可在规定时间内完成常规客户问题或需求分析，并给出解决方案； 4. 遵守部门流程规范，并严格按照规范执行； 5. 可在指导下完成常规的开发文档撰写； 6. 具备良好的主动学习沟通能力、执行力、团队协作能力； 任职要求: 1. 计算机技术/通信/电力自动化相关专业; 2. 熟悉计算机和软件开发的基础知识，熟悉Linux系统； 3. 熟悉C/C++或VUE前端开发，至少熟悉一种开发调试工具； 4. 熟悉脚本语言（shell、python）优先； 奖金绩效 通讯补贴 年终奖金 五险 带薪年假 周末双休 工作地点 管城回族区上海铱控自动化系统工程有限公司郑州分公司东明路41号6号楼 以担保或任何理由索要财物，扣押证照，均涉嫌违法。一经发现， 立即举报,"Python,C语言,QT开发,嵌入式开发,Linux开发,Qt,MySQL,SQLite",http://www.zhaopin.com/jobdetail/CCL1291101120J40871823113.htm?refcode=4019&srccode=401901&preactionid=33f6ad2b-a22f-4eac-8fbc-7fcdfdc39c63
单片机工程师,秦皇岛广控科技有限公司,4000-8000元,秦皇岛·海港区·腾飞路街道,广州,大专,经验不限,7月24日,zhilian,职位描述 C语言 VHDL Verilog UCOS 单片机开发 PCB设计 电路设计 半导体/芯片 从事ARM，51单片机开发，具备电子电路编程基础 工作地点 河北省秦皇岛市海港区镜泊湖路2号秦皇岛市索特模具制造有限公司 以担保或任何理由索要财物，扣押证照，均涉嫌违法。一经发现， 立即举报,"C语言,VHDL,Verilog,UCOS,单片机开发,PCB设计,电路设计",http://www.zhaopin.com/jobdetail/CC826621940J40411946513.htm?refcode=4019&srccode=401901&preactionid=33f6ad2b-a22f-4eac-8fbc-7fcdfdc39c63
软件工程师（应届生）,中电科电子装备集团有限公司,7000-12000元,无锡·新吴·旺庄,广州,本科,经验不限,7月25日,zhilian,岗位职责： 1.完成软件操作手册的编写，相关人员使用培训及设备软件的安装、运行数据和日志的收集分析工作。协助工程师完成其他工作任务安排。 2.负责设备的自动化运行、晶圆的调度传递、加工job管理、EAP交互等软件设计开发工作； 任职要求： 学历背景：26届应届生毕业生，计算机、软件工程、通信工程、电子信息类相关专业，本科及以上学历⁠⁣ 。 编程技能：熟悉C、C++或C#等任意一种编程语言⁠⁣ 。了解Java/C#/C++其中一种语言，熟悉分布式系统设计原理⁠⁣ ⁠⁣。 数据库管理：熟悉MySQL/SQL Server等一种数据库的管理、开发及SQL调优⁠⁣ ⁠⁣。 其他技能：具备良好的代码编写习惯和文档编写能力，有较强的团队合作能力和时间管理能力⁠⁣ ⁠⁣。 前期base北京，下半年会搬迁回去无锡，后期固定在无锡。可接受者再投递。 工作地点 无锡新吴区闻泰科技 以担保或任何理由索要财物，扣押证照，均涉嫌违法。一经发现， 立即举报,"C#,Qt,C语言",http://www.zhaopin.com/jobdetail/CC437574280J40784315206.htm?refcode=4019&srccode=401901&preactionid=33f6ad2b-a22f-4eac-8fbc-7fcdfdc39c63
RTOS软件工程师（会FreeRTOS）,河南企宝宝企业管理咨询有限公司,9000-11000元,龙岩·新罗区·西城街道,广州,学历不限,经验不限,7月13日,zhilian,职位描述 C语言 时间自由，欢迎加入我们 1.公司自己订单，建模/机械设计等。 2、电商店铺稳定订单 3.能对客户认真负责 4.热爱设计 工作内容： 负责在FreeRTOS等轻量级操作系统上进行任务调度和应用开发 工作地点 龙岩新罗区嘉华大厦705 以担保或任何理由索要财物，扣押证照，均涉嫌违法。一经发现， 立即举报,C语言,http://www.zhaopin.com/jobdetail/CC879873150J40845815401.htm?refcode=4019&srccode=401901&preactionid=33f6ad2b-a22f-4eac-8fbc-7fcdfdc39c63
嵌入式软件开发,四川任由行通信科技有限公司,8000-10000元,成都·武侯·桂溪,广州,本科,经验不限,7月23日,zhilian,职位描述 C语言 C++ ARM处理器 RTOS移植 通信协议栈优化 硬件驱动开发 工作职责 1. 负责通信设备嵌入式系统的需求分析、方案设计与代码实现，保障硬件与软件的高效协同。 2. 完成底层驱动开发、实时操作系统（RTOS）移植及通信协议栈（如TCP/IP、MQTT）的适配与优化。 3. 参与系统联调与性能测试，定位并解决嵌入式软件在稳定性、功耗及响应速度等方面的问题。 4. 编写技术文档，包括需求规格说明书、设计文档及测试报告，确保开发过程的可追溯性。 任职要求 1. 本科及以上学历，计算机、电子信息或通信工程等相关专业，基础扎实。 2. 掌握C/C++编程语言，熟悉ARM等主流嵌入式处理器架构，具备硬件驱动开发经验。 3. 熟悉至少一种实时操作系统（如FreeRTOS、uC/OS），了解其任务调度、内存管理等核心机制。 4. 具备通信协议（如UART、SPI、I2C、以太网）开发经验，有通信设备嵌入式开发背景者优先。 5. 具备较强的问题分析能力，能独立完成嵌入式系统的调试与故障排查。 工作地点 成都武侯区天府三街 以担保或任何理由索要财物，扣押证照，均涉嫌违法。一经发现， 立即举报,"C语言,C++,ARM处理器,RTOS移植,通信协议栈优化,硬件驱动开发",http://www.zhaopin.com/jobdetail/CCL1304679950J40866571907.htm?refcode=4019&srccode=401901&preactionid=33f6ad2b-a22f-4eac-8fbc-7fcdfdc39c63
程序员,山西中航天拓科技股份有限公司,4000-8000元,晋中·榆次区·郭家堡乡,广州,本科,1-3年,6月26日,zhilian,职位描述 嵌入式开发 C语言 计算机软件 职责描述： 1. 负责产品的功能设计、实现、测试及维护； 2. 负责开发过程中设计文档的编制与修订； 3. 负责产品在现场的应用效果跟踪、评估以及技术问题解决。 任职要求： 1. 本科及以上学历，电子科学与技术、通信工程、测控类相关专业； 2. 精通C或QT，具有良好的编程习惯，具备51、STM32等单片机及嵌入式应用的开发能力； 3. 熟练掌握串口等编程技巧，熟悉CAN等总线技术； 4. 熟练掌握工具软件的使用，具有良好的硬件基础知识； 5. 具有较强的沟通能力、抗压能力和执行力，工作认真细致、责任心强，具有良好的学习能力和技术创新能力，具有良好的文档编写能力，具有独立处理问题和开发项目的能力。 职位福利：包住、包吃、周末双休、节日福利、五险一金 工作地点 晋中榆次区大学城产业园区金科智慧科技城B10-02号 以担保或任何理由索要财物，扣押证照，均涉嫌违法。一经发现， 立即举报,"嵌入式开发,C语言",http://www.zhaopin.com/jobdetail/CC390439580J40228771107.htm?refcode=4019&srccode=401901&preactionid=33f6ad2b-a22f-4eac-8fbc-7fcdfdc39c63
实施工程师,东华医为科技有限公司,7000-14000元,贵阳,广州,本科,经验不限,7月26日,zhilian,职位描述 金仓数据库 CACHE数据库 软件实施 HIS软件 Java Javascript C语言 计算机软件 医院/诊所服务 软件/IT服务 项目经理也可投此岗位，薪资面议。 1. 学习能力强，能较快掌握和应用新技术，具备较好的独立解决问题的能力，有较强的适应能力、吃苦耐劳、能担重任； 2. 工作敬业，责任心强，能够按照规定的工作流程开展工作，积极主动，发现问题及时提出意见和建议； 3. 善于沟通，有较好的表达能力和职业素质，具备客户服务意识； 4. 有团队协作精神，能够与各方面的领导和同事融洽合作； 5. 有一定的编程基础，至少熟练掌握Java、VB、VC、C、C#之一种计算机语言； 6. 熟悉关系型数据，熟悉Linux操作系统，熟悉SQL语句编写； 7. 能适应长期出差，能够承受高强度加班，具备抗压能力； 8. 要求大学本科一批及以上学历； 9. 具备医疗软件实施或者开发经验优先； 10、提供住宿； 加分项 有以下行业工作经验：软件实施交付；11、文档编写能力优秀者优先。 工作地点 贵阳市-观山湖区-都匀路联合广场 以担保或任何理由索要财物，扣押证照，均涉嫌违法。一经发现， 立即举报,"金仓数据库,CACHE数据库,软件实施,HIS软件,Java,Javascript,C语言",http://www.zhaopin.com/jobdetail/CC649781480J40778234805.htm?refcode=4019&srccode=401901&preactionid=33f6ad2b-a22f-4eac-8fbc-7fcdfdc39c63
嵌入式自动化开发工程师（偏设备控制方向）,济南吉发智能科技有限公司,5000-10000元,济南·历城·仲宫,广州,大专,1-3年,7月26日,zhilian,职位描述 C语言 专用设备制造 工业自动化/机器人 岗位描述： 1、负责特种机器人单片机控制程序开发、调试与迭代优化； 2、完成设备多电机联动控制，实现行走、启停等自动化作业逻辑； 3、适配各类传感器，搭建设备限位、避障、故障急停等安全防护控制系统； 4、配合样机调试、故障排查，优化设备运行稳定性与作业精度，输出相关调试文档。 5、能够独立承担小型机器人的控制程序开发、电机驱动调试、自动运行功能落地，配合完成设备样机优化、功能迭代、故障排查。 任职要求： 1、大专及以上学历，自动化、电子信息、嵌入式、机电一体化等相关专业，技术实操能力优秀者可放宽学历； 2、从业年限：1-3年嵌入式设备控制、单片机自动化开发经验，接受优秀应届生（有完整机器人/自控设备样机开发作品）； 3、能看懂基础电气原理图，熟悉单片机最小系统、电机驱动电路、电源电路的搭建与调试；具备基础焊接、硬件排查能力，可独立解决程序、电路、电机匹配带来的设备故障；掌握串口调试、日志调试、示波器基础使用，高效完成样机功能测试与优化。 4、熟练掌握主流工业级单片机，以STM32为主，精通51、ESP32等通用单片机亦可，熟练使用Keil、STM32CubeMX等开发工具；精通C语言嵌入式编程，能够独立编写底层驱动、功能逻辑程序，代码规范、可读性强，可自主完成程序调试、BUG修复。 5、具备小型自动化设备多电机协同控制经验，熟练掌握步进电机、直流减速电机、伺服电机的驱动原理与调试；精通常用驱动模块的电路适配与程序控制，可实现电机正反转、调速、定点启停、精准走位控制。 6、掌握传感器适配、设备自动化逻辑编写，具备基础电路识图、硬件排查及样机调试能力； 工作地点 历城区哪吒智能科技(济南)有限公司 以担保或任何理由索要财物，扣押证照，均涉嫌违法。一经发现， 立即举报,C语言,http://www.zhaopin.com/jobdetail/CCL1485008550J40833633616.htm?refcode=4019&srccode=401901&preactionid=33f6ad2b-a22f-4eac-8fbc-7fcdfdc39c63
工业机器人测试技术员（合肥）,安徽擎天智能科技有限公司,5000-8000元·13薪,合肥·蜀山·南岗,广州,本科,1-3年,7月25日,zhilian,职位描述 工业机器人 机器人安装维护 C语言 现场操作与功能测试 问题排查与报告 工作职责 1. 负责工业机器人的现场操作与功能测试，精准执行测试用例并记录结果。 2. 参与机器人系统的现场安装、调试与部署实施，确保设备稳定运行。 3. 协助排查测试过程中出现的技术问题，输出清晰的问题报告与改进建议。 4. 配合团队完成其他技术支持类工作，保障项目交付进度。 任职要求 1. 本科及以上学历，计算机、自动化或相关专业背景。 2. 掌握C语言基础，具备自动化测试或机器人系统相关实践经验者优先。 3. 具备较强的动手能力与现场问题解决能力，能适应长期出差需求。 奖金绩效 年终奖、项目奖金 工作地点 蜀山区联东U谷·合肥高新国际企业港8-01栋 以担保或任何理由索要财物，扣押证照，均涉嫌违法。一经发现， 立即举报,"工业机器人,机器人安装维护,C语言,现场操作与功能测试,问题排查与报告",http://www.zhaopin.com/jobdetail/CCL1419125010J40880135405.htm?refcode=4019&srccode=401901&preactionid=33f6ad2b-a22f-4eac-8fbc-7fcdfdc39c63
软件开发工程师,合肥红青职业技术培训学校有限公司,4000-8000元,合肥,广州,大专,经验不限,3月9日,zhilian,职位描述 C语言 1.独立设计与开发产品核心组件与功能模块; 2.负责对产品进行编码、测试和功能优 化， 3.参与项目技术的攻关; 4.协助团队成员完成相关工作任务; 5.参与产品功能升级与设计。 任职资格: 1.大专及以上学历; 2.计算机软件及相关专业; 3.具备良好的职业道德和敬业精神; 工作地点 合肥工投创智天地A2号楼 以担保或任何理由索要财物，扣押证照，均涉嫌违法。一经发现， 立即举报,C语言,http://www.zhaopin.com/jobdetail/CCL1462723410J40879005003.htm?refcode=4019&srccode=401901&preactionid=33f6ad2b-a22f-4eac-8fbc-7fcdfdc39c63
Matlab 【线上兼职】,云南广地建筑设计有限公司,6000-8000元,烟台·莱山·初家,广州,本科,经验不限,7月17日,zhilian,职位描述 C语言 Java Python 图形图像处理 数据分析 嵌入式开发 图像识别 3D图形处理 OpenCV PyTorch MySQL 电气机械/电力设备 通信/网络设备 工业自动化/机器人 一、工作内容： 承接我们公司旗下淘宝、天猫、拼多多等电商平台店铺的“Matlab”服务相关的任务需求 二、兼职要求： 1、熟悉常见的编程语音（python、c、java等）一种或多种均可； 2、掌握Matlab及相关软件或插件的使用； 3、使用Matlab完成数据处理、分析可视化、仿真等工作； 4、电气、电子、自动化、控制工程、计算机、软件工程等相关专业本科及以上学历； 三、工作时间: 时间不限，利用自己空余时间接单，按照发单时间要求完成就行； A、可专职线上接单:单量稳定，多劳多得，长期稳定大单； B、也可兼职线上接单:学生、应届生、已参加工作的等有空余时间，想要兼职赚钱的任何人； 四、工作地点： 地点不限，在家就行(有电脑网络即可线上接单)。 工作地点 烟台莱山区飞龙天润大厦15楼 以担保或任何理由索要财物，扣押证照，均涉嫌违法。一经发现， 立即举报,"C语言,Java,Python,图形图像处理,数据分析,嵌入式开发,图像识别,3D图形处理,OpenCV,PyTorch,MySQL",http://www.zhaopin.com/jobdetail/CCL1486759320J40860863607.htm?refcode=4019&srccode=401901&preactionid=33f6ad2b-a22f-4eac-8fbc-7fcdfdc39c63
嵌入式软件工程师,锎量(宁夏)自动化科技有限公司,8000-16000元,银川·金凤区·黄河东路街道,广州,本科,经验不限,7月22日,zhilian,职位描述 嵌入式 电子 Python Java C语言 C++ 嵌入式硬件开发 嵌入式软件开发 职责概述：参与公司生产项目上位机程序开发调试工作；参与公司嵌入式电子产品程序开发调试工作；协助优化，改进,"嵌入式,电子,Python,Java,C语言,C++,嵌入式硬件开发,嵌入式软件开发",http://www.zhaopin.com/jobdetail/CC819836500J40242097312.htm?refcode=4019&srccode=401901&preactionid=33f6ad2b-a22f-4eac-8fbc-7fcdfdc39c63
项目实施工程师,东方电子股份有限公司,5000-8000元·16薪,兰州·城关区·盐场路街道,广州,本科,经验不限,7月14日,zhilian,岗位职责】 1）负责公司变电站、电力调度、视频监控项目的管理及系统集成工作； 2）负责收集、分析用户工作管理流程，结合公司产品特点，制定适合当地的现场实施方案，承担客户现场和公司联络的纽带； 3）根据合同、技术协议、用户计划制定现场服务计划，并负责实施和质量进度控制； 【任职条件】 1） 具备良好的文档撰写、沟通表达及团队协作能力，可完成项目的进度、质量、成本管理等相关文档的编写工作； 2）可培养胜任系统软件的测试、安装、部署、调试等现场交付工作； 3）了解常用的操作系统、数据库、网络基础知识； 4） 计算机、电气、自动化相关专业优先，能接受出差（国内）。 工作地点 兰州城关区国家电网国网甘肃省电力公司(北滨河东路) 以担保或任何理由索要财物，扣押证照，均涉嫌违法。一经发现， 立即举报,"软件实施,C语言,C++,Java",http://www.zhaopin.com/jobdetail/CC279072610J40823000216.htm?refcode=4019&srccode=401901&preactionid=33f6ad2b-a22f-4eac-8fbc-7fcdfdc39c63
嵌入式软件开发工程师助理,无锡悟莘科技有限公司,7000-14000元,无锡·新吴·新安,广州,学历不限,经验不限,7月26日,zhilian,职位描述 8位单片机 32位单片机 ARM处理器 C语言 C++ C# 半导体/芯片 物联网 通信/网络设备 一、基本要求： 1、如果你认为自己：真实、简单、自然、健康； 2、如果你希望：通过自己的一丝微薄之力，在有生之年做些什么。 那么至少你已经符合了我们悟莘人的基本需要。 二、职位要求： 1、熟悉AVR软件开发，具有一年以上AVR软件开发经验； 2、熟悉使用C/C++语言； 3、熟悉802.15.4 有无线通信方面开发经验； 4、工作经验一年以上，也可招实习生。 三、薪资待遇： 1、合理优厚的薪资：基本工资+绩效工资+奖金等； 2、完善的假期组合：带薪年假、带薪病假、带薪婚丧假等及法定假期； 3、优厚的福利体系：五险一金； 4、良好晋升机会：内部转职（横向发展）、纵向提升； 5、舒适的工作环境。 条件优秀者可相应放宽。不符合条件者勿扰，入职后签订劳动就业合同，五险一金+双休法定假日，有良好的晋升空间。 职位福利：五险一金、加班补助、餐补、带薪年假、高温补贴、节日福利、绩效奖金、周末双休 工作地点 新吴区无锡市新区太湖国际科技园大学科技园530创业大厦D501室 以担保或任何理由索要财物，扣押证照，均涉嫌违法。一经发现， 立即举报,"8位单片机,32位单片机,ARM处理器,C语言,C++,C#",http://www.zhaopin.com/jobdetail/CC352636110J40687647812.htm?refcode=4019&srccode=401901&preactionid=33f6ad2b-a22f-4eac-8fbc-7fcdfdc39c63
嵌入式软件助理工程师,西安泰德汽车技术有限公司,4000-8000元,西安·高陵·泾渭,广州,本科,经验不限,1月12日,zhilian,职位描述 C语言 8位单片机 32位单片机 ARM处理器 新能源汽车 新能源/燃油车零部件 新能源/燃油整车研发制造 你将在这里做什么？ 你将加入一个充满活力的软件团队，在资深导师的带领下，从参与真实的车规级项目开始你的职业生涯。我们为你规划了清晰的成长路径： 基础培养期（1-3个月）：系统学习汽车嵌入式软件开发流程、C语言深度编程规范（MISRA C）、基础RTOS概念及AUTOSAR架构入门。 模块实践期（3-12个月）：在导师指导下，开始承担具体模块的开发与测试任务，例如： 参与某ECU的应用层功能模块（如车窗控制逻辑、灯光管理状态机）的编码实现。 学习和协助完成底层驱动（如ADC采集、CAN/LIN通信、PWM输出）的配置与调试。 负责编写和运行单元测试用例，参与代码评审，培养高质量编码习惯。 协助进行软件集成测试，学习使用CANoe、调试器等工具进行问题定位。 项目融入期（1年后）：逐步独立负责子模块的全流程开发，参与技术方案讨论，成长为项目团队的核心开发力量之一。 我们寻找这样的你 （我们不为经验设限，我们为潜力喝彩。我们寻找的是具备优秀工程师潜质的你。） 必备基础（我们考核的重点） 扎实的编程功底： 熟练掌握C语言，理解指针、内存管理、数据结构等核心概念。 有良好的编程习惯，代码结构清晰。 有单片机（如STM32、NXP等）或嵌入式Linux的课程设计或项目经验。 良好的计算机基础：理解操作系统基本原理、数据结构与常用算法。 逻辑思维与问题解决能力：热爱解谜，能系统地分析问题，并享受通过代码解决问题的成就感。 团队协作与沟通意愿：具备开放的心态，乐于分享，能与团队成员有效沟通。 对汽车技术的热情：对智能驾驶、新能源汽车或汽车软件架构（如AUTOSAR）抱有好奇心和学习欲望。 闪耀的加分项（满足任何一项都会让你脱颖而出） 出色的实践记录：在电子设计竞赛（如智能车、电赛）、编程大赛、或具有挑战性的课程/个人项目中担任主要开发角色，并有可展示的成果（代码、报告、视频）。 深入的理论理解：操作系统、编译原理、计算机网络等核心课程成绩优异，并能阐述自己的理解。 熟悉汽车软件生态：自学或通过课程了解过AUTOSAR、OSEK/VDX、CAN/LIN通信协议、UDS诊断等概念。 工具链爱好者：使用过Git进行版本控制，了解持续集成（CI）概念，有在Linux环境下开发的经验。 开源贡献者：有自己的技术博客、GitHub开源项目或参与过开源项目贡献，这展现了你的技术热情和主动性。 有竞争力的起薪与福利： 提供具有市场竞争力的应届生起薪。 完善的五险一金、带薪年假、节日福利、丰富的团队建设活动。 员工宿舍。 参与前沿项目的机会：你将有机会直接参与到公司最新的研发项目中，接触行业前沿技术。 开放与包容的文化：我们鼓励提问、鼓励试错、鼓励创新，这里是你从校园走向职场最理想的缓冲带和加速器。 工作地点 陕西省西安市高陵区泾诚路8号德仕电子楼 以担保或任何理由索要财物，扣押证照，均涉嫌违法。一经发现， 立即举报,"C语言,8位单片机,32位单片机,ARM处理器",http://www.zhaopin.com/jobdetail/CC393363210J40868644803.htm?refcode=4019&srccode=401901&preactionid=33f6ad2b-a22f-4eac-8fbc-7fcdfdc39c63
软件工程师,无锡宏源机电科技股份有限公司,5000-10000元,无锡·锡山·厚桥,广州,本科,经验不限,7月25日,zhilian,职位描述 C# Python C语言 软件/IT服务 岗位要求： 1.计算机科学、软件工程、自动化或相关专业本科及以上学历。 2.精通至少一种主流编程语言（如C++/Python/Java/C#），具备扎实的软件设计与开发功底。 3.具备以下条件者优先考虑： 熟悉3D图形学原理，有Unity3D、Unreal Engine、WebGL等至少一种三维引擎的开发经验。 对物联网(IoT)、数据可视化、时空数据处理有深入理解和实践经验。 具备优秀的系统分析和架构设计能力，有大型复杂系统设计经验者优先。 工作地点 锡山区无锡宏源机电科技股份有限公司 以担保或任何理由索要财物，扣押证照，均涉嫌违法。一经发现， 立即举报,"C#,Python,C语言",http://www.zhaopin.com/jobdetail/CC421899210J40863896011.htm?refcode=4019&srccode=401901&preactionid=33f6ad2b-a22f-4eac-8fbc-7fcdfdc39c63
嵌入式工程师,成飞航空科技(临沂)有限公司,5000-10000元,临沂·罗庄·盛庄,广州,本科,1-3年,7月25日,zhilian,职位描述 32位单片机 PIC单片机 ARM处理器 C语言 C++ Python 计算机软件 通信/网络设备 半导体/芯片 岗位内容： 1. 设计和开发嵌入式系统的软件、硬件。 2. 确保软件与硬件的紧密集成 3. 编写嵌入式软件文档 任职要求： 1. 熟练掌握C/C++语言 2. 熟悉操作系统和网络协议栈 3. 具备良好的沟通及解决问题的能力 工作地点 临沂罗庄区鲁南企业智谷 以担保或任何理由索要财物，扣押证照，均涉嫌违法。一经发现， 立即举报,"32位单片机,PIC单片机,ARM处理器,C语言,C++,Python",http://www.zhaopin.com/jobdetail/CCL1509589220J40837913705.htm?refcode=4019&srccode=401901&preactionid=33f6ad2b-a22f-4eac-8fbc-7fcdfdc39c63
聘IT网络运维,天津市北辰区英才高级中学有限公司,5000-8000元,天津·北辰·宜兴埠,广州,大专,1-3年,5月26日,zhilian,岗位职责 1. 负责单位计算机、服务器、网络、打印机、投影仪、会议设备等软硬件安装、调试、巡检及故障维修。 2. 负责局域网、无线网络日常运维，保障网络稳定畅通，处理IP配置、网络卡顿、掉线等问题。 3. 负责办公系统、业务系统、企业微信/钉钉等平台日常维护，账号开通、权限分配、密码重置。 4. 负责系统安装、软件部署、病毒查杀、补丁更新、数据备份与信息安全防护工作。 5. 负责IT资产台账管理，设备登记、盘点、调拨、报废及耗材领用与管控。 6. 及时响应各部门技术报修，提供高效现场技术支持与问题解决。 7. 负责会议、活动现场技术保障，确保音视频、网络、投屏等正常使用。 8. 完成信息中心交办的其他信息化相关工作。 任职要求 1. 大专及以上学历，计算机类、电子信息类、通信类、物联网类、机电类等相关专业均可。 2. 熟悉电脑软硬件维修，掌握网络基础调试、办公软件安装与维护。 3. 具备良好的服务意识、沟通能力与责任心，动手能力强。 4. 工作积极主动，能及时处理突发故障，适应日常运维工作。 5. 有学校、教育机构或企业IT运维相关工作经验者优先。 工作地点 北辰区天津北辰英才高级中学 以担保或任何理由索要财物，扣押证照，均涉嫌违法。一经发现， 立即举报,"网络管理员,信息化运维,高中 IT 运维,Python,Java,C语言,HCIP,HCIA",http://www.zhaopin.com/jobdetail/CCL1483313940J40851197901.htm?refcode=4019&srccode=401901&preactionid=aa55a163-db72-4d0d-8880-017ce7e0371c
嵌入式软件工程师助理,河南斯贝克仪表科技有限公司,5000-10000元,新乡·延津县·榆林乡,广州,本科,经验不限,7月25日,zhilian,职位描述 C语言 C++ QT linux 工作时间：周一至周五8:30-17:30，提供午餐，周六日双休，有员工宿舍 联位类别：嵌入软件开发 嵌位职责： - 负责嵌入式触屏软件维护 - 协助进行嵌入式软件开发 - 与硬件工程师协作，完成软硬件联调及问题排查 - 与测试工程师协作，确认和验证产品问题 任职要求： - 本科及以上学历，电子、通信、自动化、计算机相关专业 - 工作经验不限 - 熟悉C/C++编程语言 - 能用Qt库进行触屏软件开发者更佳 - 了解嵌入式Linux应用开发者更佳 - 了解MCU软件开发者更佳 - 有良好的逻辑思维能力和问题分析能力 - 对新技术有较强的学习兴趣和适应能力 - 有团队合作精神，责任心强 工作地点 新乡延津县中开企业城(工业园区)B26 以担保或任何理由索要财物，扣押证照，均涉嫌违法。一经发现， 立即举报,"C语言,C++,QT,linux",http://www.zhaopin.com/jobdetail/CC615920830J40791728516.htm?refcode=4019&srccode=401901&preactionid=aa55a163-db72-4d0d-8880-017ce7e0371c
嵌入式开发工程师,兴化泛舟智能科技有限公司,8000-16000元,泰州·兴化市·昭阳街道,广州,本科,经验不限,6月30日,zhilian,岗位职责 1、负责物联网（AIoT）平台软件的开发与优化，包括设备接入、数据通信、云端服务等功能模块； 2、参与物联网硬件设备（如传感器、控制器等）与软件系统的联调与协议开发对接； 3、协助硬件团队完成电路设计、调试及性能优化，解决硬件与软件交互问题； 4、开发设备固件，实现低功耗、高稳定性的嵌入式系统功能； 5、跟踪物联网行业技术趋势，推动新技术在项目中的落地应用。 任职要求 学历与专业： 本科及以上学历，计算机、电子工程、自动化、通信等相关专业； 技术能力： 1、熟练掌握C/C++、Python、Java等编程语言，具备良好的代码编写习惯； 2、熟悉物联网通信协议（MQTT、CoAP、HTTP、LoRa、NB-IoT、MODBUS等）；熟悉边缘计算、AI算法在物联网中的应用； 3、了解电子电路设计、低压电器电路知识，具备嵌入式开发经验和基础的硬件调试能力； 4、熟悉常见传感器、MCU（如STM32、ESP32）及外围电路设计； 5、动手能力强，有物联网、工业控制、智能硬件相关项目经验，能独立完成软硬件联调； 6、对技术有热情，具备较强的学习能力、团队协作精神，能够独立解决问题； 工作地点 泰州兴化市星海温泉公馆-东门长安北路85号 以担保或任何理由索要财物，扣押证照，均涉嫌违法。一经发现， 立即举报,"C语言,C++,Python",http://www.zhaopin.com/jobdetail/CCL1280454480J40661305106.htm?refcode=4019&srccode=401901&preactionid=aa55a163-db72-4d0d-8880-017ce7e0371c
后端架构助理,江西晟裕网络科技有限公司,4000-7000元,南昌·青山湖·京东镇,广州,大专,经验不限,7月25日,zhilian,职位描述 Java C语言 Python 微服务架构 网络爬虫技术 搜索引擎技术 嵌入式技术 音视频编解码 MVC PhoneGap 云计算 岗位内容： 1. 负责公司系统架构设计规划、优化和应用场景落地。 2. 协同开发团队，在需求分析阶段提供技术支持和建议。 3. 负责技术方案的研究、方案评估和技术规范制定。 4. 负责开发中遇到的技术难点解决方案的提供和实施。 任职要求： 1. 掌握多种架构分布式技术、云计算技术和框架，并有丰富的实践经验。 2. 坚持代码质量，具有出色的编码习惯及良好的工作风格。 3. 具备较强的学习能力、自我驱动力和自我修复力，能独立思考解决问题。 4. 拥有良好的团队合作精神和沟通能力，能够有效协调和推进工作。 工作地点 南昌青山湖区天幕国际 以担保或任何理由索要财物，扣押证照，均涉嫌违法。一经发现， 立即举报,"Java,C语言,Python,微服务架构,网络爬虫技术,搜索引擎技术,嵌入式技术,音视频编解码,MVC,PhoneGap",http://www.zhaopin.com/jobdetail/CCL1285848370J40896718108.htm?refcode=4019&srccode=401901&preactionid=aa55a163-db72-4d0d-8880-017ce7e0371c
RTOS软件工程师（会FreeRTOS）,河南企宝宝企业管理咨询有限公司,9000-11000元,张家口·宣化区·皇城街道,广州,学历不限,经验不限,7月24日,zhilian,职位描述 C语言 时间自由，欢迎加入我们 1.公司自己订单，建模/机械设计等。 2、电商店铺稳定订单 3.能对客户认真负责 4.热爱设计 工作内容： 负责在FreeRTOS等轻量级操作系统上进行任务调度和应用开发 工作地点 张家口宣化区皇城大厦502 以担保或任何理由索要财物，扣押证照，均涉嫌违法。一经发现， 立即举报,C语言,http://www.zhaopin.com/jobdetail/CC879873150J40845815301.htm?refcode=4019&srccode=401901&preactionid=aa55a163-db72-4d0d-8880-017ce7e0371c
BLDC应用研发工程师（周末双休、五险一金）,池州市广郁电子科技有限公司,7000-13000元,池州·贵池区,广州,硕士,经验不限,7月25日,zhilian,职位描述 32位单片机 8位单片机 C语言 C++ 通信/网络设备 半导体/芯片 学历专业：硕士研究生学历，电子电气、自动化、控制等相关专业；具备相关工作经验者，学历可灵活放宽。 核心技能：熟练掌握 8 位 / 32 位 MCU 编程；拥有电子电路软硬件综合处理经验；精通直流单相 / 三相马达无刷控制原理，具备直流无刷马达控制落地能力，有三年 FOC 算法经验者优先录用。 工作经验：具备 BLDC 方案开发及项目量产实战经验，熟悉电机控制中的故障诊断、在线参数辨识、冗余设计等关键技术。 公司福利： 基础保障：周末双休、法定节假日、五险一金 薪酬激励：年度调薪、年中分红、年终奖 生活关怀：集体旅游、员工聚餐、生日福利 健康保障：年度体检、带薪年假等等 工作地点 贵池区池州开发区电子信息产业园 以担保或任何理由索要财物，扣押证照，均涉嫌违法。一经发现， 立即举报,"32位单片机,8位单片机,C语言,C++",http://www.zhaopin.com/jobdetail/CCL1469107030J40911364603.htm?refcode=4019&srccode=401901&preactionid=aa55a163-db72-4d0d-8880-017ce7e0371c
嵌入式软件工程师,昕锐至成(江苏)光电科技有限公司,7000-14000元,淮安·淮阴区·新渡口街道,广州,本科,1-3年,7月21日,zhilian,"岗位职责： 1. 根据编程规范、研发进度和任务分配，开发系统中的功能模块和算法； 2. 按照开发流程和设计要求，完成软件模块的详细设计、代码实现、单元测试； 3. 协助硬件工程师完成硬件设计； 4. 根据公司技术文档规范编写相关的技术文档； 5. 参与项目需求分析，研究项目的技术细节，根据需要进行一定的预研工作； 6. 对业务部门提供软件的技术支持。 任职要求： 1. 学历要求：本科及以上学历； 2. 专业：计算机、自动化、通信、电子技术等相关专业； 3. 熟悉C/C++语言和相关调试工具，具有良好的编码习惯； 4. 熟悉STM32等单片机开发，熟悉Linux开发者优先； 5. 熟悉常用算法、数据结构、设计模式； 6. 具备蓝牙通信开发经验者优先； 7. 有责任心和团队合作意识，有良好的学习能力、沟通能力。 工作地点 淮阴区淮安智车城产业园6-3,6-4 以担保或任何理由索要财物，扣押证照，均涉嫌违法。一经发现， 立即举报","C语言,C++,Python",http://www.zhaopin.com/jobdetail/CCL1386626010J40932060502.htm?refcode=4019&srccode=401901&preactionid=aa55a163-db72-4d0d-8880-017ce7e0371c
嵌入式软件工程师,长沙市宸佐科技有限责任公司,8000-12000元,长沙·岳麓·麓谷,广州,大专,经验不限,7月8日,zhilian,"岗位职责： 1、IP摄像头的linux应用程序设计、开发、移植、调试和维护； 2、负责第三方产品的接入与开发工作； 3、负责对接第三方协议； 4、负责撰写软件开发相关文档，参与需求分析和讨品 岗位要求： 1、熟练掌握嵌入式linux下的C/C++开发； 2、熟悉Linux操作系统，熟悉Linux下网络编程，对进程通信、多线程编程有深入理解； 3、熟悉Linux下的代码调试工具，如gdb、valgrind.strace等； 4、熟悉音视频编码，有H264/H265、aac/g711/pcm/mp3等编解码经验优先； 5、有P2P(TUTK、尚云等)相关经验优先； 6、熟悉ffmpeg、vlc、gstreamer等开源项目经验者优先； 7、熟悉linux下各种工具链的制作，熟悉makefileshell，有builtroot、docker实际使用经验者优先； 8、熟悉原理图，能量板子，能焊串口； 9、具有良好的团队意识，责任心强，能够独立分析和解决问题； 岗位信息 1、上班时间：9:00-12:00,13:30-18:30，周末双休； 2、上班地点：梅溪悦章写字楼2栋1706-1707室（宸佐科技） 工作地点 长沙岳麓区梅溪悦章2栋1706-1709 以担保或任何理由索要财物，扣押证照，均涉嫌违法。一经发现， 立即举报","C++,C语言",http://www.zhaopin.com/jobdetail/CCL1517623730J40858724007.htm?refcode=4019&srccode=401901&preactionid=aa55a163-db72-4d0d-8880-017ce7e0371c
嵌入式软件开发工程师,北京精微致合测试技术有限公司成都分公司,7000-11000元,沈阳·于洪·陵西,广州,本科,1-3年,6月9日,zhilian,岗位职责： 参与地面站自研软件编码、测试及集成项目。 1.参与系统的需求调研、需求分析； 2.参与系统架构设计； 3.参与软件编码、软件测试； 4.参与相关技术文档编写； 5.参与项目交付、系统升级等售后服务工作。 任职要求： 1.大学正规本科及以上学历，计算机、软件工程、电子通信、数学、自动化等相关专业毕业； 2.1年以上软件设计开发经验； 3.熟悉飞机设计、航空产品、计算机、电子、通信等方面的专业知识； 4.具有C/C++编程开发经验，熟悉C/C++语言特性，熟练使用VS进行软件开发； 5.熟悉基本通信原理，熟练使用QT开发，掌握OpenGL基本图形开发； 6.具有良好的编程规范与技术文档编写习惯，工作认真负责，具有优良的团队合作精神与较强的自主学习能力，逻辑思维清晰，能承受较高的工作压力； 7.具有良好的语言表达及沟通能力，对软件编程有高度的热情和兴趣爱好； 8.从事过无人机项目者优先； 9.从事过航空专业者优先。 不接受实习！不接受实习！不接受实习！ 福利待遇： 五险一金、定期体检、团建、年底奖金、带薪年假、节日福利、高温假等。 工作地点 于洪区启点创客基地北京精微致合测试技术有限公司沈阳分公司 以担保或任何理由索要财物，扣押证照，均涉嫌违法。一经发现， 立即举报,"Qt,QT开发,Linux开发,C语言",http://www.zhaopin.com/jobdetail/CCL1405492410J41012816804.htm?refcode=4019&srccode=401901&preactionid=aa55a163-db72-4d0d-8880-017ce7e0371c
嵌入式软件工程师,福安市亿微电子科技有限公司,5000-7000元·13薪,宁德·福安市·城阳镇,广州,本科,1-3年,7月23日,zhilian,岗位职责：1. 参与产品需求评审，完成系统模块、接口及数据库设计，输出相关技术文档； 2. 按设计规范完成代码开发，参与代码评审，保障代码质量与可维护性； 3. 编写测试用例，配合团队完成联调，定位并修复测试及线上Bug； 4. 优化系统性能、稳定性及安全性，排查线上故障并完成根因分析； 5. 参与敏捷开发流程，按时交付开发任务，与产品、测试等团队高效协作； 6. 跟踪行业新技术，沉淀技术经验，参与团队技术分享与建设。 任职要求：1、计算机、软件工程、电子信息、自动化等相关专业，本科及以上学历 2、1～3 年及以上软件开发相关工作经验 3、有嵌入式 / 物联网 / 硬件开发经验（如 ESP32、STM32、单片机） 4、逻辑清晰，能独立解决问题 工作时间： 1、早上8：00—11:30 下午13:30—17：30 2、固定每周日休息 公司福利： 五险、年终奖、节日福利、年假、团建、满勤奖、法定节假日等 工作地点 宁德福安市亿微电子科技有限公司 以担保或任何理由索要财物，扣押证照，均涉嫌违法。一经发现， 立即举报,"32位单片机,C++,C语言,汇编语言",http://www.zhaopin.com/jobdetail/CC492520530J40922202008.htm?refcode=4019&srccode=401901&preactionid=aa55a163-db72-4d0d-8880-017ce7e0371c
软件助理工程师（BMC方向，26届毕业生）,宝德计算机,7000-9000元,深圳·龙华·观湖,广州,本科,经验不限,7月15日,zhilian,岗位职责： 1. 负责BMC固件问题解决 2. 负责功能需求底层实现接口开发 3. 配合硬件，测试，BIOS等部门联合调试分析问题 4. 负责相关技术文档的编写输出 岗位要求： 1. 2026届本科，电子信息类，计算类专业 2. 熟悉C/C++语言 3. 有嵌入式系统项目开发经验优先 工作地点 深圳龙华区宝德计算机系统股份有限公司 以担保或任何理由索要财物，扣押证照，均涉嫌违法。一经发现， 立即举报,"C语言,C++,ARM处理器,嵌入式,服务器,BMC",http://www.zhaopin.com/jobdetail/CC247341320J40895827213.htm?refcode=4019&srccode=401901&preactionid=aa55a163-db72-4d0d-8880-017ce7e0371c
it信息技术专员,蜂巢汽车科技集团有限公司,6000-7000元·14薪,天津·东丽·军粮城,广州,本科,经验不限,9月12日,zhilian,职位描述 英语四级 Python C语言 计算机软件 岗位内容： 1. 负责公司信息系统的日常运维和管理，确保系统的稳定性和安全性； 2. 协调处理用户请求和故障，并对问题进行排查和解决； 3. 负责编写、制定并实施信息技术相关的流程、政策和规范标准； 4. 研究信息技术新技术与产品，为公司信息化发展提供技术支持。 任职要求： 1. 本科及以上学历，计算机或相关专业优先考虑； 2. 熟悉网络和数据库管理等相关知识； 3. 熟练掌握至少一门编程语言； 4. 具有良好的沟通能力、团队合作意识，能够承受工作压力。 注：此岗位为校园招聘25届优先 奖金绩效 年终奖 工作地点 天津市东丽区南大街102号 以担保或任何理由索要财物，扣押证照，均涉嫌违法。一经发现， 立即举报 公司信息 蜂巢汽车科技集团有限公司 未融资 · 10000人以上 · 新能源/燃油车零部件 已审核 112 个在招职位 公司介绍 负责汽车零部件、汽车配件、发动机及零件、变速器及零件、减速器及零件、新能源电机及零件、新能源控制器及零件、智能转向系统及零件、汽车自动驾驶系统及零件的研发、制造、检测、试验、试制、设计和技术服务、咨询服务、技术转让、销售及售后服务；电子设备和机械设备的制造；汽车零部件修理；普通货物道路运输；仓储（不含易燃易爆危险化学品）服务；自有房屋及设备的租赁；自营和代理除国家组织统一联合经营的出口商品和国家实行核定公司经营的进口商品以外的其他各类货物的进出口业务；企业管理咨询服务；企业形象策划服务；公共关系服务；会议服务。(依法须经批准的项目，经相关部门批准后方可开展经营活动）（依法须经批准的项目，经相关部门批准后方可开展经营活动） 工商信息 企业名称 蜂巢汽车科技集团有限公司 企业类型 有限责任公司（外商投资企业法人独资） 法人代表 郑春来 经营状态 存续 成立时间 2018-06-13 注册资本 45.4亿元 查看全部信息 认证资质 营业执照信息,"英语四级,Python,C语言",http://www.zhaopin.com/jobdetail/CC813010360J40757007102.htm?refcode=4019&srccode=401901&preactionid=aa55a163-db72-4d0d-8880-017ce7e0371c
嵌入式开发工程师,品镀研康(北京)生物科技有限公司,7000-12000元·13薪,深圳·光明·玉塘,广州,大专,经验不限,5月26日,zhilian,岗位职责： 1. 负责嵌入式系统的设计与开发。 2. 完成嵌入式软件的编码和测试。 3. 编写技术文档，确保开发过程的可追溯性。 岗位要求： 1. 熟悉嵌入式系统架构和开发流程。 2. 掌握常用的嵌入式开发语言和工具。 3. 具备良好的硬件基础，能够阅读原理图和PCB。 4. 有较强的独立解决问题能力和团队协作精神 可接受优秀应届生 工作地点 深圳光明区裕丰达工业园 以担保或任何理由索要财物，扣押证照，均涉嫌违法。一经发现， 立即举报,"C语言,Java",http://www.zhaopin.com/jobdetail/CCL1448369570J40716146001.htm?refcode=4019&srccode=401901&preactionid=aa55a163-db72-4d0d-8880-017ce7e0371c
智能系统集成工程师,贵州汕悠建筑工程有限公司,8000-10000元,贵阳·南明·后巢,广州,本科,1-3年,7月25日,zhilian,职位描述 Python C语言 建筑智能系统集成 跨系统对接调试 项目全生命周期管理 工作职责 1. 负责建筑项目中智能系统（如楼宇自控、安防监控、能源管理等）的方案设计与集成实施，确保系统间的兼容性与稳定性。 2. 主导智能系统与建筑原有设施的对接调试，解决跨系统数据交互、协议适配等技术难题。 3. 参与项目全生命周期管理，从需求分析、方案评审到现场施工指导，保障智能系统的落地效果。 4. 梳理智能系统运维流程，制定标准化操作规范，提升系统的长期运行可靠性。 任职要求 1. 本科及以上学历，自动化、计算机、建筑电气等相关专业，基础扎实。 2. 拥有2年以上智能系统集成或建筑智能化项目经验，熟悉主流智能系统（如BA、BMS、视频监控等）的技术原理。 3. 掌握至少一种编程语言（如Python、C），具备一定的系统调试与二次开发能力。 4. 具备良好的沟通协调能力，能有效对接业主、施工方及设备供应商，推动项目顺利推进。 工作地点 贵阳南明区金融大厦 以担保或任何理由索要财物，扣押证照，均涉嫌违法。一经发现， 立即举报,"Python,C语言,建筑智能系统集成,跨系统对接调试,项目全生命周期管理",http://www.zhaopin.com/jobdetail/CCL1450356930J41023996004.htm?refcode=4019&srccode=401901&preactionid=aa55a163-db72-4d0d-8880-017ce7e0371c
软件工程师（上位机软件）,广州宇曦电子科技有限公司,8000-15000元,广州·番禺·东环,广州,本科,1-3年,7月25日,zhilian,"岗位职责： 1、从事测试系统软件开发； 2、承担测试模块、 仪器驱动库、 测试程序集和测试软件开发； 3、与其它工程师进行协作，推进项目进度； 4、完成软件的系统调试、维护与培训工作。 5、完成相关技术文档的编写工作。 岗位要求： 1、本科及以上学历，男女不限； 2、掌握 C#语言和 CVI 开发，了解 Git 等版本控制工具及开发环境配置，具备 一年以上软件程序开发经验（含校内实习）； 3、具备较强的学习和技术钻研能力，有良好的团队合作精神，具有强烈的责任 心和敬业心；身体健康，道德品质良好； 4、熟知软件开发流程及代码调试； 5、熟知基于 C#/C++/CVI 的仪器控制、数据采集、信号处理、数据管理、网络 通信等基础工具包运用, 熟知 MYSQL， SQLite 数据库； 6、具有 LabVIEW 开发经验的优先。 工作地点 广州番禺区天安节能科技园-2号楼601 以担保或任何理由索要财物，扣押证照，均涉嫌违法。一经发现， 立即举报","C语言,C#,C++,上位机软件",http://www.zhaopin.com/jobdetail/CC544072820J40947855508.htm?refcode=4019&srccode=401901&preactionid=aa55a163-db72-4d0d-8880-017ce7e0371c
c++软件研发工程师,西安迅华信息科技有限公司,7000-10000元·13薪,西安·雁塔·丈八沟,广州,大专,经验不限,5月28日,zhilian,职位描述 C++ 数据结构 C语言 岗位内容： 1. 设计、开发和维护高质量的C++应用程序； 2. 实现并优化算法和数据结构； 3. 负责软件系统的性能优化和调试； 4. 参与项目需求分析和技术选型。 任职要求： 1. 熟悉C++编程语言，具备扎实的编程基础； 2. 具有良好的算法和数据结构基础； 3. 熟练使用常见的开发工具，如VS、Eclipse等； 4. 具备较强的沟通协调能力和团队合作精神； 5. 有扎实的计算机科学/软件工程背景。 工作地点 陕西省西安市雁塔区科技二路68号西安软件园内 以担保或任何理由索要财物，扣押证照，均涉嫌违法。一经发现， 立即举报,"C++,数据结构,C语言",http://www.zhaopin.com/jobdetail/CC523599630J40747087415.htm?refcode=4019&srccode=401901&preactionid=23fe47fa-06c0-4836-868b-47320b3f75ab
c++软件工程师,绵阳科技城光子技术研究院,8000-9000元,绵阳·游仙区·石马镇,广州,本科,1-3年,7月16日,zhilian,岗位职责 1.依据研发项目的需求，进行软件系统的整体架构设计，综合考虑系统的性能、可扩展性、稳定性等因素，制定合理的技术方案。 2.负责软件项目的详细设计与编码实现，按照设计规范和编程标准，使用主流编程语言（如 Java、C++、Python 等）进行高质量代码编写； 3.参与软件系统的测试工作，制定测试计划和测试用例，通过单元测试、集成测试、系统测试等多种测试手段，发现并修复软件中的缺陷和漏洞，提高软件质量； 4.负责软件系统的维护与优化，对已上线的软件进行性能监测和分析，针对运行过程中出现的问题及时进行优化和改进； 5.领导交办的其他工作。 岗位要求 1.具有1-2年桌面应用程序开发经验； 2.熟悉C++语言，具备Java、python语言开发能力，并掌握其主流开发框架，精通桌面应用开发框架者优先； 3.具有完整软件项目开发经验，参与过从项目立项、需求分析、设计、开发、测试到上线运维的全流程工作者优先； 4.具有良好自我学习能力，有责任心及团队意识，具有良好的沟通能力； 5.软件工程、计算机科学与技术、信息与通信工程等相关专业，硕士或博士学历优先。 工作地点 游仙区绵阳科技城光子技术研究院 以担保或任何理由索要财物，扣押证照，均涉嫌违法。一经发现， 立即举报,"C语言,C#,Qt,QT开发",http://www.zhaopin.com/jobdetail/CCL1461775670J40888531515.htm?refcode=4019&srccode=401901&preactionid=23fe47fa-06c0-4836-868b-47320b3f75ab
上位机软件工程师,安徽彭工智能装备科技有限公司,7000-12000元,合肥·蜀山·新产业园,广州,本科,1-3年,7月3日,zhilian,岗位职责: 1、 负责水下机器人系统上位机的架构设计、功能开发与持续迭代，覆盖设备管理、任务配；置、遥操作、状态监测、数据回放等核心能力； 2、 负责人机交互界面与业务流程设计、通信链路开发与维护、日志系统与数据建设； 3、编写相关技术文档，确保开发过程规范化； 4、与团队合作，进行软件集成测试及性能优化。 任职要求： 1、 本科及以上学历，计算机/软件工程/自动化/电子信息等相关专业； 2、 精通C/C++或Python等编程语言，具备良好的编程习惯； 3、 熟悉工业自动化控制软件，了解水下机器人行业背景优先； 4、 具备较强的问题分析和解决能力，有独立承担项目的能力； 5、 良好的团队合作精神和沟通能力，能适应项目需求变化。 6、 具备web开发能力 工作地点 合肥蜀山区安徽彭工智能装备科技有限公司 以担保或任何理由索要财物，扣押证照，均涉嫌违法。一经发现， 立即举报,"C语言,Python,机器人开发,Web开发",http://www.zhaopin.com/jobdetail/CCL1220459940J40860239911.htm?refcode=4019&srccode=401901&preactionid=23fe47fa-06c0-4836-868b-47320b3f75ab
固件工程师,中山旭贵明电子有限公司,8000-10000元,中山·中山港街道,广州,本科,1-3年,7月23日,zhilian,职位描述 DSP ARM处理器 C++ C语言 半导体/芯片 工作职掌 固件设计与开发：根据产品需求，负责嵌入式系统固件的架构设计、模块划分、代码编写与实现 调试、测试与验证：对固件与硬件进行联合调试，解决功能、性能和稳定性问题，确保产品在真实环境下的可靠性。 文档撰写与维护：撰写并维护固件设计文档、技术规格书、测试报告等工程文档，同时也会涉及与客户的技术沟通，处理售前售后问题。 专业技能要求 熟练掌握C语言； 熟悉ARM等主流微处理器架构，并能阅读芯片数据手册（Datasheet） 与技术规格书； 需要熟悉I2C、SPI、UART等常用通信协议。 精通TI C2000等MCU，有逆变器、UPS等相关产品经验优先。 人格特质或其它要求 本科及以上学历，计算机、电子、通信、自动化专业。 工作经验：有逆变器、UPS等相关产品经验优先； 良好的英语阅读能力，用于阅读英文技术文档和芯片手册； 具备团队合作精神和清晰的沟通表达能力； 具备逻辑分析与强大的问题解决能力、积极主动、责任心强，并能承受工作压力 工作地点 中山市火炬开发区十涌路8号 以担保或任何理由索要财物，扣押证照，均涉嫌违法。一经发现， 立即举报,"DSP,ARM处理器,C++,C语言",http://www.zhaopin.com/jobdetail/CC427804630J40923316112.htm?refcode=4019&srccode=401901&preactionid=23fe47fa-06c0-4836-868b-47320b3f75ab
技术研发,山东吉特工业科技股份有限公司,4000-8000元,日照·五莲县·洪凝街道,广州,大专,1-3年,7月4日,zhilian,职位描述 嵌入式硬件研发 嵌入式软件研发 STM32单片机 MCS-51单片机 C语言 PCB设计 1）电子、电气类或计算机等相关专业； （2）熟练使用C语言，熟悉51、stm32等主流单片机； （3）熟悉软、硬件开发； （4）熟悉UART、SPI、I2C、485、CAN等各类外设通信协议，可以熟练完成相关硬件驱动程序设计； （5）熟练使用各类嵌入式编程工具，如Keil、IAR等 （6）了解硬件设计，能看懂原理图、PCB设计； （7）良好的编程习惯，清晰的逻辑思维，能解决调试过程中出现的各种bug； （8）有良好的沟通能力，工作认真负责，主动、严谨务实，有团队协作精神。 工作地点 日照市五莲县人民路与烟台路交叉路口往南约50米 以担保或任何理由索要财物，扣押证照，均涉嫌违法。一经发现， 立即举报,"嵌入式硬件研发,嵌入式软件研发,STM32单片机,MCS-51单片机,C语言,PCB设计",http://www.zhaopin.com/jobdetail/CCL1281794770J40878780002.htm?refcode=4019&srccode=401901&preactionid=23fe47fa-06c0-4836-868b-47320b3f75ab
对日C语言软件开发工程师,斯科(大连)电子商务有限公司,1.5-2.3万,大连·甘井子·泡崖,广州,本科,1-3年,10月24日,zhilian,职位描述 C# Java Python SOCKET技术 后端开发 网络编程 日语N2 计算机软件 云计算 产业互联网平台 1.需要对日，日语N2以上，能表达并看懂式样书 2. 开发和维护C语言项目； 3. 参与需求分析、设计以及系统测试和维护； 4. 研究新的技术方案，并持续优化现有系统； 5.有三年以上编写相关文档和协助其他团队成员經驗 6. 熟悉C语言开发，具备2年以上相关经验； 7. 对数据结构与算法有深入理解，具备良好的编程习惯和规范； 8. 具备较好的问题排查和解决能力； 9. 能够在团队合作中积极主动，具备良好的沟通能力。 工作地点 大连甘井子区玉泉街(公交站) 以担保或任何理由索要财物，扣押证照，均涉嫌违法。一经发现， 立即举报,"C#,Java,Python,SOCKET技术,后端开发,网络编程,日语N2",http://www.zhaopin.com/jobdetail/CCL1219887990J40897842215.htm?refcode=4019&srccode=401901&preactionid=23fe47fa-06c0-4836-868b-47320b3f75ab
RTOS软件工程师（会FreeRTOS）,河南企宝宝企业管理咨询有限公司,9000-11000元,长治·潞州区·常青街道,广州,学历不限,经验不限,7月26日,zhilian,职位描述 C语言 时间自由，欢迎加入我们 1.公司自己订单，建模/机械设计等。 2、电商店铺稳定订单 3.能对客户认真负责 4.热爱设计 工作内容： 负责在FreeRTOS等轻量级操作系统上进行任务调度和应用开发 工作地点 长治潞州区金德利大厦1003 以担保或任何理由索要财物，扣押证照，均涉嫌违法。一经发现， 立即举报,C语言,http://www.zhaopin.com/jobdetail/CC879873150J40845815201.htm?refcode=4019&srccode=401901&preactionid=23fe47fa-06c0-4836-868b-47320b3f75ab
嵌入式开发,四川星峰景晨科技有限公司,7000-8000元,成都·武侯·桂溪,广州,本科,经验不限,3月17日,zhilian,职位描述 C语言 C++ 嵌入式系统设计 软硬件集成 文档编写 岗位内容： 1. 设计和开发嵌入式系统的软件 2. 与硬件工程师合作，确保软件与硬件的紧密集成 3. 编写嵌入式软件文档 任职要求： 1. 熟练掌握C/C++语言，本科及以上学历 2. 熟悉操作系统和网络协议栈 3. 具备良好的沟通及解决问题的能力 工作地点 成都市-武侯区-天府大道中段108号 以担保或任何理由索要财物，扣押证照，均涉嫌违法。一经发现， 立即举报,"C语言,C++,嵌入式系统设计,软硬件集成,文档编写",http://www.zhaopin.com/jobdetail/CCL1452448830J40799752116.htm?refcode=4019&srccode=401901&preactionid=23fe47fa-06c0-4836-868b-47320b3f75ab
嵌入式工程师,广州创科工程质量检测有限公司,5000-10000元,潮州·湘桥区·凤新街道,广州,大专,1-3年,7月22日,zhilian,岗位职责： 1、贯彻执行国家和工程所在地政府的有关法律、法规和政策。执行企业的各项管理制度，自觉维护企业和职工的利益，确保公司下达的各项经济技术指标的全面完成； 2、工程项目施工须实行全面管理与有效控制，自觉执行有关技术规范和标准，积极推广应用新技术； 3、协调信息化项目中RTU协议对接问题，提供项目解决方案； 任职要求： 1、大专以上学历，软件工程、自动化、工民建或建筑学相关专业； 2、熟悉设备嵌入式开发（c语言、c++）、上位机的开发，包括MCU、RTU、水位计、静力水准仪、水文水资源协议的编写、水污染协议的编写等，其中1年以上同岗位工作经验； 3、熟悉制作、施工工艺和项目管理流程，对工程的安全、质量、成本、进度有全面的掌握能力，熟悉工程验收规范及相关法律法规； 4、具有很强的协调能力，执行力和应变能力以及团队管理能力； 5、熟悉C++、C语言、图片识别、AI边缘计算等软件开发工作。 职位福利：五险、包住、年终奖。 工作地点 湘桥区北站二路与立信路交叉口潮州市汇能电机厂有限公司 以担保或任何理由索要财物，扣押证照，均涉嫌违法。一经发现， 立即举报,"C语言,C++,32位单片机,PIC单片机,Python,ARM处理器",http://www.zhaopin.com/jobdetail/CCL1201443360J40481221603.htm?refcode=4019&srccode=401901&preactionid=23fe47fa-06c0-4836-868b-47320b3f75ab
C++程序员,潍坊北大青鸟华光照排有限公司,5000-8000元,潍坊·奎文·清池,广州,本科,经验不限,7月16日,zhilian,职位描述 C语言 计算机软件 C语言编程 TCP编程、远程调用，数据压缩还原，内存管理、缓存管理，点阵拼接，Windows服务编程，多进程协同 色彩管理、加网算法、PDF解析、字形优化、设备调度等 对编程有兴趣 肯吃苦耐劳 身体健康。 能够出差。 能够根据项目情况加班 工作地点 潍坊奎文区元宇宙未来创新谷 以担保或任何理由索要财物，扣押证照，均涉嫌违法。一经发现， 立即举报,C语言,http://www.zhaopin.com/jobdetail/CC598543620J40918315815.htm?refcode=4019&srccode=401901&preactionid=23fe47fa-06c0-4836-868b-47320b3f75ab
嵌入式软件开发助理工程师(RD47),浙江宇视科技有限公司,7000-14000元,西安·长安·韦曲,广州,本科,1年以下,6月23日,zhilian,岗位职责: 1、协助完成前端IPC产品软件的开发、维护 2、协助完成嵌入式软件音视频编解码、OSD等媒体业务开发 3、协助完成嵌入式软件模块设计、资源分析与性能优化 任职资格: 1、精通C语言和数据结构，有良好的编程习惯； 2、电子、通信、计算机相关专业本科及以上学历； 3、熟悉linux 操作系统，有linux 下的开发经验； 4. 具有坚强的责任心和团队合作能力，适应抗压能力； 5、热爱视频安防监控行业，有相关开发工作经验者优先。 工作地点 西安长安区中煤航测遥感集团公司智慧大厦12层 以担保或任何理由索要财物，扣押证照，均涉嫌违法。一经发现， 立即举报,C语言,http://www.zhaopin.com/jobdetail/CC451534410J40767856414.htm?refcode=4019&srccode=401901&preactionid=23fe47fa-06c0-4836-868b-47320b3f75ab
FPGA应用工程师,洛阳纵横电子科技有限公司,5000-10000元,洛阳·洛龙·开元路,广州,本科,经验不限,7月8日,zhilian,职位描述 Verilog HDL VHDL C语言 半导体/芯片 通信/网络设备 信息安全 工作内容： 1. 根据项目需求，完成FPGA逻辑构架和产品开发； 2. 负责通信相关的FPGA开发、系统应用、调试等工作； 3. 负责FPGA设计方案实现、逻辑代码实现以及相关文档的编写； 4. 对逻辑代码进行功能仿真、综合实现等检查、故障分析、问题处理； 5. 与硬件工程师配合，进行产品或样件的调试、实验工作； 6. 与相关设计人员配合，保障项目进展与质量； 7. 根据项目进展需要，配合团队完成其他工作。 基本要求： 1.本科以上学历，电子信息、通信相关专业； 2. 四六级成绩良好，能够独立阅读datasheet文件； 3. 熟悉Verilog、VHDL语言，具有较强的编码能力； 4. 熟悉Xilinx/Altera器件、modlelsim/ISE/Vivado等开发工具； 5. 熟悉质量管理体系、FPGA程序开发流程及科研生产流程； 6. 具备良好的沟通能力、逻辑思维能力以及团队协作能力，高度责任心和敬业精神。 工作地点 洛阳洛龙区新区王城大道与古城路交汇处西北角 以担保或任何理由索要财物，扣押证照，均涉嫌违法。一经发现， 立即举报,"Verilog HDL,VHDL,C语言",http://www.zhaopin.com/jobdetail/CCL1227328670J40803642616.htm?refcode=4019&srccode=401901&preactionid=23fe47fa-06c0-4836-868b-47320b3f75ab
软件工程师,郑州辰维科技股份有限公司,8000-15000元,郑州·高新区·石佛,广州,本科,经验不限,12月10日,zhilian,岗位职责 1、 负责软件开发相关工作； 2、 负责软件维护、软件操作说明书编写等工作； 二、 任职要求 1、 本科及以上学历； 2、 测绘工程、遥感科学与技术、测控技术与仪器、机械工程、机械设计制造及其自动化相关专业。 3、 具有摄影测量、计算机视觉、机器视觉、图像处理、模式识别等专业方向的经验者优先。 4、 会熟练C++语言进行软件开发。熟悉MFC/QT。有跨平台开发经验者优先。 5、性格活泼开朗，具有较好的人际交流与沟通能力；具备组织协调能力者优先。 工作地点 高新区河南省郑州市高新开发区云杉路9号 以担保或任何理由索要财物，扣押证照，均涉嫌违法。一经发现， 立即举报,"C语言,C++,图形图像处理,图像识别,3D图形处理",http://www.zhaopin.com/jobdetail/CC146453830J40797571705.htm?refcode=4019&srccode=401901&preactionid=23fe47fa-06c0-4836-868b-47320b3f75ab
初级嵌入式软件工程师,江西华伍,7000-12000元,宜春·丰城市,广州,本科,1-3年,7月23日,zhilian,岗位职责: 1.参与嵌入式软件系统的设计与开发，完成模块编码、调试及优化工作; 2.协助完成软硬件联调，确保系统稳定运行和功能实现; 3.根据项目需求进行技术文档编写与维护，支持产品全周期迭代; 4.配合团队完成关键技术问题的分析与解决。 任职要求: 1.具备良好的C/C++编程能力，熟悉嵌入式开发环境; 2.熟悉常用单片机或嵌入式处理器架构，了解基本硬件原理; 3.具备较强的学习能力和问题分析能力，能独立开展工作; 4.具有良好的沟通能力和团队协作意识。 工作地点 宜春丰城市江西华伍制动器股份有限公司 以担保或任何理由索要财物，扣押证照，均涉嫌违法。一经发现， 立即举报,"C++,C语言,Java",http://www.zhaopin.com/jobdetail/CC205455110J40945464815.htm?refcode=4019&srccode=401901&preactionid=23fe47fa-06c0-4836-868b-47320b3f75ab
机器人工程师（技术+运营）,衢州联源电气有限公司,5000-10000元,衢州·柯城区·航埠镇,广州,本科,经验不限,7月23日,zhilian,职位描述 机器人结构设计 SolidWorks AutoCAD C语言 ROS系统开发 电力厂区巡检机器人 新媒体运营 物联网 人工智能 工业自动化/机器人 工作职责 1. 负责巡检机器人的结构设计，使用SolidWorks、CAD等工具完成机械结构建模与图纸输出。 2. 基于ROS系统进行机器人功能开发，通过C/C++实现嵌入式硬件、传感器的数据读写与通信交互。 3. 主导巡检机器人的软硬件联调与故障排查，保障产品在电力/厂区场景下的稳定运行。 4. 独立撰写技术文案、产品介绍、项目案例等专业内容，精准传递产品技术优势与应用价值。 5. 负责新媒体平台（公众号、短视频等）的运营维护，策划技术类内容选题，提升品牌与产品的行业曝光度。 任职要求 1. 本科及以上学历，机器人工程、自动化、电子信息、新媒体、等相关专业。 2. 熟悉电力/厂区巡检场景，掌握巡检机器人的产品架构与典型应用场景。 3. 精通SolidWorks、CAD等绘图软件，能独立完成机器人结构设计与图纸交付。 4. 熟练掌握ROS系统，具备C/C++嵌入式开发能力，能实现硬件、传感器的数据读写与通信协议适配。 5. 具备文案撰写能力，能将技术内容转化为通俗易懂的宣传软文、产品资料。 6. 熟悉公众号、短视频等新媒体平台运营规则，有技术类内容运营经验者优先。 7. 有巡检机器人项目开发、调试经验者优先。 8.英语能熟练交流， 工作地点 衢州市-柯城区-G320(沪瑞线)网驿工厂 以担保或任何理由索要财物，扣押证照，均涉嫌违法。一经发现， 立即举报,"机器人结构设计,SolidWorks,AutoCAD,C语言,ROS系统开发,电力厂区巡检机器人,新媒体运营",http://www.zhaopin.com/jobdetail/CC432161880J40856021901.htm?refcode=4019&srccode=401901&preactionid=23fe47fa-06c0-4836-868b-47320b3f75ab
C语言工程师,深蓝智造,1-2万,长春·朝阳,广州,本科,经验不限,7月22日,zhilian,"岗位职责： 负责智能网联电子产品基于嵌入式Linux或android平台应用层软件的设计与开发； 根据需求文档，编写概要设计、详细设计，并开发相应模块代码； 与底层软件开发人员共同制定底层驱动与上层软件接口； 与硬件开发人员配合，进行硬件和应用层软件联合调试； 负责与供应商沟通，解决开发过程中遇到的问题； 任职要求： 相关专业本科及以上学历； 精通C/C++语言，数据结构，丰富的产品应用开发经验 可以驱动TFT彩屏，并围绕彩屏做相关的应用程序设计。 熟练掌握和使用OpenGL/ES等开源库 熟悉Linux或android设备驱动的各种编程接口和机制； 精通嵌入式linux或android系统，对嵌入式OS有比较深入的认识； 熟悉ARM处理器架构的工作原理，熟悉linux或android系统下视频播放OpenGL/ES开发经验者优先。 熟悉3G/4G, WiFi, GPS, NFC等无线网络协议。 .对Touch, Camera,等传感器协议了解 对eMMC, DRAM, MicroSD, Flash等储存装置协议有所了解 具有良好的英语读写能力； 具有良好的沟通和团队协作能力，有较强的主观能动性和责任心。 职位福利：五险一金、餐补、带薪年假、节日福利、定期体检、周末双休、全额公积金、绩效奖金 工作地点 朝阳区长春市高新区前进大街欢乐城写字楼 以担保或任何理由索要财物，扣押证照，均涉嫌违法。一经发现， 立即举报",半导体/芯片,http://www.zhaopin.com/jobdetail/CC421839780J40919796415.htm?refcode=4019&srccode=401901&preactionid=23fe47fa-06c0-4836-868b-47320b3f75ab
c++开发工程师 大厂接受应届,外企德科数字技术有限公司,8000-16000元,上海·青浦·金泽,广州,本科,1年以下,7月26日,zhilian,职位描述 C语言 通信/网络设备 岗位优势： 1、导师制培训机制，新人入职后至少半年以上会有导师一对一辅导开展工作和学习。 2、部门:ICT(公开，光，计算，无线，数存等)、华为云、2012(中硬，中软，中媒)、消费者BG、BPIT、上海海思、Carbu、数字能源等 3、主要地点:(东莞、深圳、杭州、西安，苏州、上海，武汉，成都、南京、北京)十大研究所，少量(广州、长沙、济南)三个办事处 基本要求： 1、熟练掌握C/C++/python/java/go等语言开发； 2、熟悉一种以上脚本语言，shell、python等； 3、掌握常用数据结构、常用算法； 4、良好的表达能力，钻研精神，注重团队协作，主动担责。 5、统招全本科及以上学历，学信网可查 公司福利: 1.入职即缴纳五险一金+商业险，全额缴纳社保及公积金 3.一年数次考评，薪资、职级可上浮 4.带薪年假5天（刚入职第一年没有） 5.免费夜宵，城际班车，舒适的办公环境 6.免费健身房，各种娱乐活动(可自行选择是否参加，不参加就早点下班哦） 工作地点 青浦区上海练秋湖安朴大厂 以担保或任何理由索要财物，扣押证照，均涉嫌违法。一经发现， 立即举报 客户,C语言,http://www.zhaopin.com/jobdetail/CCL1480117890J40881964905.htm?refcode=4019&srccode=401901&preactionid=23fe47fa-06c0-4836-868b-47320b3f75ab
上位机软件工程师（26届校招）,浙江水晶光电科技股份有限公司,6000-12000元·13薪,东莞·东坑镇,广州,本科,经验不限,7月24日,zhilian,岗位职责： 1、负责摄像头模组测试上位机软件的设计、开发与维护，包括图像采集、参数配置、自动化测试流程等核心功能模块； 2、基于C/C++开发与相机模组、传感器、工业相机等硬件设备的通信驱动及控制接口（USB、MIPI、I2C、SPI、UART等）； 3、开发图像处理算法模块，包括分辨率、MTF、色彩还原、畸变、噪点等光学指标的采集与分析； 4、设计并实现自动化测试框架，提升产线测试效率，降低人工误判率； 5、参与测试工装与软硬件联调，配合硬件工程师完成设备集成与调试； 6、编写技术文档，包括软件设计规格书、接口说明、测试报告等； 7、配合量产需求持续优化软件性能，跟进并解决产线测试过程中的软件问题。 基本要求： 1、应届一本及以上，计算机、软件工程、电子信息、自动化、光学工程等相关专业； 2、熟练掌握C/C++编程语言，具备扎实的数据结构与算法基础； 3、了解Windows平台下的软件开发，有MFC、Qt或WinAPI开发经验者优先。 工作地点 东莞市102号路与兴达路交叉路口西侧东莞东坑镇东沣科技园8栋 以担保或任何理由索要财物，扣押证照，均涉嫌违法。一经发现， 立即举报,"C语言,C++",http://www.zhaopin.com/jobdetail/CC387759320J40950853815.htm?refcode=4019&srccode=401901&preactionid=23fe47fa-06c0-4836-868b-47320b3f75ab
嵌入式软件工程师实习生双休,河南芯铂数字科技有限公司,8000-11000元·13薪,郑州·二七区·淮河路,广州,大专,经验不限,,zhilian,,C语言,http://www.zhaopin.com/jobdetail/CCL1525868270J40925541012.htm?refcode=4019&srccode=401901&preactionid=60e12240-a020-4544-99cd-7d9bb86e7777
C语言开发工程师,软通动力信息技术(集团)股份有限公司,9000-12000元·13薪,东莞·寮步镇,广州,本科,1-3年,,zhilian,,"C语言,Java,C++",http://www.zhaopin.com/jobdetail/CC000544460J40834381416.htm?refcode=4019&srccode=401901&preactionid=60e12240-a020-4544-99cd-7d9bb86e7777
c++开发工程师,常州兴燃科技有限公司,5000-7000元,常州·武进·南夏墅,广州,本科,经验不限,,zhilian,,C语言,http://www.zhaopin.com/jobdetail/CCL1481301180J40883864805.htm?refcode=4019&srccode=401901&preactionid=60e12240-a020-4544-99cd-7d9bb86e7777
c语言开发工程师,鹏讯科技(大连)有限公司,1-1.2万,上饶·广信区·石狮乡,广州,本科,3-5年,,zhilian,,"C语言,Linux开发,STL,Oracle",http://www.zhaopin.com/jobdetail/CC569576920J40950094808.htm?refcode=4019&srccode=401901&preactionid=60e12240-a020-4544-99cd-7d9bb86e7777
少儿编程老师,临沂市兰山区萌乐谷艺术培训学校有限公司第二教学点,4000-8000元,临沂·兰山·柳青,广州,本科,1-3年,,zhilian,,"Python,C#,C语言,线下授课,全职,热爱教育事业喜欢孩子",http://www.zhaopin.com/jobdetail/CCL1383502700J40878454414.htm?refcode=4019&srccode=401901&preactionid=60e12240-a020-4544-99cd-7d9bb86e7777
无线自组网工程师,成都源创视达科技有限公司,6000-10000元·13薪,成都·金牛·金泉,广州,本科,经验不限,,zhilian,,"C语言,网络协议,网络交换技术,数字信号处理,通信协议/软件开发,数据通信,自组网",http://www.zhaopin.com/jobdetail/CC371029210J40456808805.htm?refcode=4019&srccode=401901&preactionid=ddb2b52f-9e42-4ea3-88e5-81f59ff4334e
软件开发工程师,兰州奥普信息技术有限公司,6000-8000元,兰州·城关区,广州,本科,1-3年,,zhilian,,"C语言,C#,LabVIEW,Linux开发,嵌入式开发,数据接口,光纤传感,人工智能,电子软件开发",http://www.zhaopin.com/jobdetail/CC325447814J90250153000.htm?refcode=4019&srccode=401901&preactionid=ddb2b52f-9e42-4ea3-88e5-81f59ff4334e
c++程序员,漯河市晓铭云途网络有限公司,5000-10000元,漯河·召陵区·天桥街街道,广州,学历不限,1-3年,,zhilian,,C语言,http://www.zhaopin.com/jobdetail/CCL1525083230J40855105011.htm?refcode=4019&srccode=401901&preactionid=ddb2b52f-9e42-4ea3-88e5-81f59ff4334e
软件工程师,亚亚电路板设备(深圳)有限公司,7000-14000元,深圳·宝安·新安,广州,大专,经验不限,,zhilian,,"C语言,MySQL",http://www.zhaopin.com/jobdetail/CC516952530J40953974008.htm?refcode=4019&srccode=401901&preactionid=ddb2b52f-9e42-4ea3-88e5-81f59ff4334e
通信工程师助理,河北国石节能科技有限公司,7000-10000元,邢台·信都区·团结路街道,广州,本科,经验不限,,zhilian,,"无线通信,数据通信,卫星通信,C语言,数字电路,模拟电路",http://www.zhaopin.com/jobdetail/CC281182780J40855516514.htm?refcode=4019&srccode=401901&preactionid=ddb2b52f-9e42-4ea3-88e5-81f59ff4334e
软件工程师,凌顶世纪科技成都有限公司,6000-12000元,成都·郫都·犀浦,广州,本科,经验不限,,zhilian,,"C语言,OpenCV,C++,Qt",http://www.zhaopin.com/jobdetail/CC846260050J41025882904.htm?refcode=4019&srccode=401901&preactionid=489fbea7-27db-491e-904e-4e50614664f2
AI软件研发工程师,东莞市状元节能科技有限公司,5000-10000元,东莞·中堂镇,广州,本科,1-3年,,zhilian,,"深度学习,机器学习,TensorFlow,PyTorch,Python,C++,建筑材料AI应用,工业场景AI落地,AI系统工程化,图像算法,ViT,CLIP,VGGNet,K-means算法,GBDT,XGBoost,Transformer,自编码机,DNN,自然语言处理,知识图谱,搜索/推荐算法,OpenCV,C语言",http://www.zhaopin.com/jobdetail/CC344590780J40879083414.htm?refcode=4019&srccode=401901&preactionid=489fbea7-27db-491e-904e-4e50614664f2
嵌入式软件研发工程师,昆明聚讯科技有限公司,5000-10000元·13薪,昆明·官渡·阿拉,广州,本科,1-3年,,zhilian,,"Java,Python,C语言",http://www.zhaopin.com/jobdetail/CC320131910J40743421103.htm?refcode=4019&srccode=401901&preactionid=489fbea7-27db-491e-904e-4e50614664f2
Matlab 【线上兼职】,云南广地建筑设计有限公司,6000-8000元,佛山·南海·桂城,广州,本科,经验不限,,zhilian,,"C语言,Java,Python,图形图像处理,数据分析,嵌入式开发,图像识别,3D图形处理,OpenCV,PyTorch,MySQL",http://www.zhaopin.com/jobdetail/CCL1486759320J40860863507.htm?refcode=4019&srccode=401901&preactionid=489fbea7-27db-491e-904e-4e50614664f2
软件开发工程师,无锡市比奥迪科技有限公司,6000-12000元,无锡·滨湖·雪浪,广州,本科,经验不限,,zhilian,,"C语言,C++",http://www.zhaopin.com/jobdetail/CC498341720J40864055905.htm?refcode=4019&srccode=401901&preactionid=489fbea7-27db-491e-904e-4e50614664f2
软件开发工程师,河北正午科技有限公司,5000-10000元,石家庄·桥西·长兴,广州,学历不限,1-3年,,zhilian,,"C语言,Java",http://www.zhaopin.com/jobdetail/CC877619250J40647752803.htm?refcode=4019&srccode=401901&preactionid=489fbea7-27db-491e-904e-4e50614664f2
软件开发,东华医为科技有限公司,7000-12000元,泰安·岱岳区·北集坡街道,广州,本科,经验不限,,zhilian,,"C语言,Java",http://www.zhaopin.com/jobdetail/CC649781480J40666198005.htm?refcode=4019&srccode=401901&preactionid=489fbea7-27db-491e-904e-4e50614664f2
C/C++,软通动力信息技术(集团)股份有限公司,8000-13000元,上海·青浦·金泽,广州,本科,1-3年,,zhilian,,"C语言,C#,SPI,I2C",http://www.zhaopin.com/jobdetail/CC000544460J40829118216.htm?refcode=4019&srccode=401901&preactionid=489fbea7-27db-491e-904e-4e50614664f2
软件助理工程师（应届生）,厦门拓宝科技有限公司,7000-12000元,厦门·海沧·海沧,广州,本科,1年以下,,zhilian,,"C语言,32位单片机",http://www.zhaopin.com/jobdetail/CC242510213J00043887506.htm?refcode=4019&srccode=401901&preactionid=489fbea7-27db-491e-904e-4e50614664f2
软件助理工程师,深圳市鑫巴斯信息技术有限公司,8000-15000元,深圳·福田·福保,广州,本科,1-3年,,zhilian,,"C语言,C++",http://www.zhaopin.com/jobdetail/CC345667910J40610713203.htm?refcode=4019&srccode=401901&preactionid=489fbea7-27db-491e-904e-4e50614664f2
软件工程师,南京乐金电子研发有限公司,6000-10000元·14薪,南京·秦淮·光华路,广州,本科,经验不限,,zhilian,,"C语言,Python",http://www.zhaopin.com/jobdetail/CCL1517533470J40862958913.htm?refcode=4019&srccode=401901&preactionid=082edff8-1c4a-4558-a4dd-46f5b7a75f8d
单片机开发人员,济南研华分析仪器有限公司,6000-12000元,济南·天桥·北园,广州,大专,经验不限,,zhilian,,"C语言,C#,32位单片机",http://www.zhaopin.com/jobdetail/CC640367220J40958299115.htm?refcode=4019&srccode=401901&preactionid=082edff8-1c4a-4558-a4dd-46f5b7a75f8d
软件工程师,比亚迪股份有限公司,1-1.5万,南宁·武鸣·南宁华侨投资区,广州,本科,1-3年,,zhilian,,C语言,http://www.zhaopin.com/jobdetail/CC132962990J40916620902.htm?refcode=4019&srccode=401901&preactionid=082edff8-1c4a-4558-a4dd-46f5b7a75f8d
软件开发工程师,沈阳天眼智云信息科技有限公司,6000-8000元,沈阳·浑南·五三,广州,本科,经验不限,,zhilian,,"C语言,Java,LabVIEW",http://www.zhaopin.com/jobdetail/CC506147430J40493938303.htm?refcode=4019&srccode=401901&preactionid=082edff8-1c4a-4558-a4dd-46f5b7a75f8d
初中高级软件开发工程师（全国）,外企德科数字技术有限公司,1.2-2.4万·14薪,芜湖·弋江区·三山街道,广州,本科,1-3年,,zhilian,,"C语言,Java,Python,算法,ICPC,C++",http://www.zhaopin.com/jobdetail/CCL1480117890J40866924705.htm?refcode=4019&srccode=401901&preactionid=082edff8-1c4a-4558-a4dd-46f5b7a75f8d
初级软件开发工程师,成都飞航智云科技有限公司,6000-10000元·13薪,成都·青羊·苏坡,广州,本科,经验不限,,zhilian,,"C语言,C#,嵌入式开发,QT开发",http://www.zhaopin.com/jobdetail/CC629107580J40610005003.htm?refcode=4019&srccode=401901&preactionid=082edff8-1c4a-4558-a4dd-46f5b7a75f8d
嵌入式软件开发工程师,成都芯合成科技有限公司,5000-8000元,成都·温江·金马,广州,本科,经验不限,,zhilian,,"C语言,C++,32位单片机",http://www.zhaopin.com/jobdetail/CC236417130J40867470501.htm?refcode=4019&srccode=401901&preactionid=082edff8-1c4a-4558-a4dd-46f5b7a75f8d
单片机开发工程师,烟台易尚电子科技有限公司,8000-15000元,烟台·初家,广州,本科,1-3年,,zhilian,,"C语言,C++,嵌入式硬件开发,自动化技术,嵌入式技术,单片机开发,单板开发,信号发生器",http://www.zhaopin.com/jobdetail/CC620130320J40332802502.htm?refcode=4019&srccode=401901&preactionid=082edff8-1c4a-4558-a4dd-46f5b7a75f8d
计算机硬件维护工程师,广西霏桐科技有限公司,9000-11000元·13薪,南宁·青秀·南湖,广州,大专,1-3年,,zhilian,,"服务器运维,硬件故障排查,设备台账管理,硬件部署支持,视频监控运维,Unix,Java,C语言,Python,Windows,C++",http://www.zhaopin.com/jobdetail/CCL1511490830J41006241402.htm?refcode=4019&srccode=401901&preactionid=082edff8-1c4a-4558-a4dd-46f5b7a75f8d
初级嵌入式软件开发工程师(RD46),浙江宇视科技有限公司,7000-14000元,杭州·滨江·西兴,广州,本科,1年以下,,zhilian,,C语言,http://www.zhaopin.com/jobdetail/CC451534410J40869598614.htm?refcode=4019&srccode=401901&preactionid=082edff8-1c4a-4558-a4dd-46f5b7a75f8d
技术开发工程师,跃迁科技(天津)有限公司,8000-15000元,天津·西青·西营门,广州,本科,1-3年,,zhilian,,C语言,http://www.zhaopin.com/jobdetail/CCL1352518780J40792828706.htm?refcode=4019&srccode=401901&preactionid=082edff8-1c4a-4558-a4dd-46f5b7a75f8d
AI＆软件开发工程师,勤敏志行(重庆)科技有限公司,5000-8000元,重庆,广州,本科,经验不限,,zhilian,,"C语言,C#,Java,Web开发,Linux开发",http://www.zhaopin.com/jobdetail/CCL1522271130J40958887515.htm?refcode=4019&srccode=401901&preactionid=082edff8-1c4a-4558-a4dd-46f5b7a75f8d
上位机软件开发工程师,南京诺聚仁合医药科技有限公司,8000-15000元,南京·雨花台·铁心桥,广州,本科,1-3年,,zhilian,,"C语言,Python,QML,图形图像处理,QT开发,图像识别,OpenCV,PyTorch,MySQL",http://www.zhaopin.com/jobdetail/CC843078100J40556851706.htm?refcode=4019&srccode=401901&preactionid=082edff8-1c4a-4558-a4dd-46f5b7a75f8d
信息化专员,新疆天翼国际物流有限责任公司,5000-7000元,乌鲁木齐·新市区·地窝堡乡,广州,本科,经验不限,,zhilian,,"Java,HTML,C语言",http://www.zhaopin.com/jobdetail/CCL1469396090J41024209804.htm?refcode=4019&srccode=401901&preactionid=0a39451d-f8b6-4612-a942-27a691b2f454
嵌入式开发工程师,哈尔滨华界科技有限公司,4000-8000元,哈尔滨·南岗·哈西,广州,大专,经验不限,,zhilian,,"C语言,C++,嵌入式系统软件开发,软硬件集成,文档编写",http://www.zhaopin.com/jobdetail/CCL1501274190J40839107510.htm?refcode=4019&srccode=401901&preactionid=0a39451d-f8b6-4612-a942-27a691b2f454
软件工程师,江苏亚威机床股份有限公司,7000-11000元·13薪,扬州·江都区·仙女镇,广州,本科,1-3年,,zhilian,,"C语言,图形图像处理,Qt,图像识别",http://www.zhaopin.com/jobdetail/CC320096610J40778920016.htm?refcode=4019&srccode=401901&preactionid=0a39451d-f8b6-4612-a942-27a691b2f454
嵌入式软件工程师,株洲市安泰讯信息技术有限公司,6000-10000元,株洲·天元区·马家河街道,广州,本科,1-3年,,zhilian,,"C++,Shell,嵌入式软件开发,驱动开发,单片机开发,C语言",http://www.zhaopin.com/jobdetail/CCL1246508240J40339875512.htm?refcode=4019&srccode=401901&preactionid=0a39451d-f8b6-4612-a942-27a691b2f454
RTOS软件工程师（会FreeRTOS）,河南企宝宝企业管理咨询有限公司,9000-11000元,扬州·邗江区·邗上街道,广州,学历不限,经验不限,,zhilian,,C语言,http://www.zhaopin.com/jobdetail/CC879873150J40845815901.htm?refcode=4019&srccode=401901&preactionid=0a39451d-f8b6-4612-a942-27a691b2f454
嵌入式软件工程师,江苏普西米新能源科技有限公司,6000-10000元,扬州·仪征市·新城镇,广州,本科,1-3年,,zhilian,,"单片机,C语言,C++",http://www.zhaopin.com/jobdetail/CCL1465492470J41024955304.htm?refcode=4019&srccode=401901&preactionid=0a39451d-f8b6-4612-a942-27a691b2f454
初中高级软件开发工程师（全国）,外企德科数字技术有限公司,1.2-2.4万·14薪,苏州·虎丘,广州,本科,1-3年,,zhilian,,"C语言,Java,Python,算法,ICPC,C++",http://www.zhaopin.com/jobdetail/CCL1480117890J40821001805.htm?refcode=4019&srccode=401901&preactionid=0a39451d-f8b6-4612-a942-27a691b2f454
AI应用工程师(J10191),唐山开元自动焊接装备有限公司,6000-8000元,唐山·路北区·果园镇,广州,本科,经验不限,,zhilian,,"大模型算法,搜索/推荐算法,C++,C语言",http://www.zhaopin.com/jobdetail/CC271694010J40877990414.htm?refcode=4019&srccode=401901&preactionid=0a39451d-f8b6-4612-a942-27a691b2f454
助理软件工程师,珠海市迅科达智能科技有限公司,6000-10000元,深圳·龙华·观湖,广州,本科,1-3年,,zhilian,,"C语言,C#,Java",http://www.zhaopin.com/jobdetail/CCL1478852910J40988097304.htm?refcode=4019&srccode=401901&preactionid=0a39451d-f8b6-4612-a942-27a691b2f454
嵌入式软件工程师助理,森霸传感,7000-9000元,宁波·鄞州·潘火,广州,学历不限,1年以下,,zhilian,,"8位单片机,C语言",http://www.zhaopin.com/jobdetail/CC700609230J40867487501.htm?refcode=4019&srccode=401901&preactionid=0a39451d-f8b6-4612-a942-27a691b2f454
C语言工程师,深蓝智造,1-2万,长春·朝阳,广州,本科,1-3年,,zhilian,,"C/C++,Linux,网络协议",http://www.zhaopin.com/jobdetail/CC421839780J40819350815.htm?refcode=4019&srccode=401901&preactionid=0a39451d-f8b6-4612-a942-27a691b2f454
数据开发工程师,海心信息,6000-12000元,大连·甘井子·凌水,广州,本科,经验不限,,zhilian,,"数据治理,Python,Java,C语言,数据分析,人工智能",http://www.zhaopin.com/jobdetail/CC223800020J40913027108.htm?refcode=4019&srccode=401901&preactionid=0a39451d-f8b6-4612-a942-27a691b2f454
c语言开发工程师,鑫锡软件(朝阳)有限公司,1.1-1.5万,福州·台江·鳌峰,广州,本科,1-3年,,zhilian,,"SQL,Linux,C语言",http://www.zhaopin.com/jobdetail/CCL1387109580J40879125405.htm?refcode=4019&srccode=401901&preactionid=0a39451d-f8b6-4612-a942-27a691b2f454
初级嵌入式软件工程师,江西华伍,7000-12000元,南昌·红谷滩,广州,本科,1-3年,,zhilian,,"C++,C语言,Java",http://www.zhaopin.com/jobdetail/CC205455110J40957457015.htm?refcode=4019&srccode=401901&preactionid=bb44c265-2665-478d-89fa-583dc0ee7fdb
软件开发,上海仪电物理光学仪器有限公司,9000-12000元,上海·松江·中山,广州,本科,经验不限,,zhilian,,"C语言,Java,C++",http://www.zhaopin.com/jobdetail/CC458471615J00264870102.htm?refcode=4019&srccode=401901&preactionid=bb44c265-2665-478d-89fa-583dc0ee7fdb
嵌入式软件工程师,四川中久新光科技有限公司,1.2-2.4万,绵阳·游仙区·石马镇,广州,本科,1-3年,,zhilian,,"C++,C语言,Python,8位单片机,32位单片机,ARM处理器",http://www.zhaopin.com/jobdetail/CCL1344050270J40375224802.htm?refcode=4019&srccode=401901&preactionid=bb44c265-2665-478d-89fa-583dc0ee7fdb
软件开发工程师,宁波量讯科技有限公司,8000-16000元,宁波·海曙·月湖,广州,本科,1-3年,,zhilian,,"C语言,Java,C#,嵌入式开发,Linux开发",http://www.zhaopin.com/jobdetail/CCL1491698960J40709157802.htm?refcode=4019&srccode=401901&preactionid=bb44c265-2665-478d-89fa-583dc0ee7fdb
【高新技术企业】嵌入式软件工程师,厦门赫德曼电子科技有限公司,8000-15000元,厦门·同安·西柯,广州,本科,1-3年,,zhilian,,"32位单片机,C语言,Python,C++",http://www.zhaopin.com/jobdetail/CC816403720J40799393803.htm?refcode=4019&srccode=401901&preactionid=bb44c265-2665-478d-89fa-583dc0ee7fdb
实施工程师/技术支持工程师,东华医为科技有限公司,5000-10000元,石家庄,广州,本科,经验不限,,zhilian,,"软件实施,HIS软件,MySQL,Oracle,SQL Server,Java,C语言,C++",http://www.zhaopin.com/jobdetail/CC649781480J40800531005.htm?refcode=4019&srccode=401901&preactionid=bb44c265-2665-478d-89fa-583dc0ee7fdb
嵌入式软件工程师,杭州洲钜电子科技有限公司长春研究院,8000-16000元·13薪,长春,广州,本科,经验不限,,zhilian,,"32位单片机,ARM处理器,C语言,C++",http://www.zhaopin.com/jobdetail/CCL1242526790J40712443614.htm?refcode=4019&srccode=401901&preactionid=bb44c265-2665-478d-89fa-583dc0ee7fdb
物联网工程师,江苏纽普兰能源环境科技有限公司,6000-10000元,南京·鼓楼·挹江门,广州,本科,1-3年,,zhilian,,"32位单片机,C语言,C++,Python",http://www.zhaopin.com/jobdetail/CC385071480J40959317915.htm?refcode=4019&srccode=401901&preactionid=bb44c265-2665-478d-89fa-583dc0ee7fdb
上位机软件开发工程师,重庆唯哲科技有限公司,6000-8000元,重庆·两江新区,广州,本科,1-3年,,zhilian,,"C语言,LabVIEW,C#,图形图像处理,Web开发",http://www.zhaopin.com/jobdetail/CC607156180J41025082504.htm?refcode=4019&srccode=401901&preactionid=bb44c265-2665-478d-89fa-583dc0ee7fdb
QT研发工程师,清川(南通)智能科技有限公司,8000-15000元·13薪,深圳·宝安·松岗,广州,本科,1-3年,,zhilian,,"C语言,C#",http://www.zhaopin.com/jobdetail/CCL1479595130J40859328911.htm?refcode=4019&srccode=401901&preactionid=bb44c265-2665-478d-89fa-583dc0ee7fdb
软件开发工程师,上海思晋智能科技有限公司,9000-11000元,上海·闵行·吴泾,广州,大专,经验不限,,zhilian,,"C语言,C++",http://www.zhaopin.com/jobdetail/CC572015320J40956521515.htm?refcode=4019&srccode=401901&preactionid=483c317b-145b-475e-b191-b388ea67b5a1
C++/鸿蒙开发工程师,外企德科数字技术有限公司,1.2-2.4万,东莞·大朗镇,广州,本科,1-3年,,zhilian,,"C语言,Python,Web开发,嵌入式开发,Linux开发",http://www.zhaopin.com/jobdetail/CCL1480117890J40882032405.htm?refcode=4019&srccode=401901&preactionid=483c317b-145b-475e-b191-b388ea67b5a1
软件工程师,长沙永程科技有限公司,7000-14000元,长沙·雨花·左家塘,广州,本科,1-3年,,zhilian,,"C++,C语言,QT开发",http://www.zhaopin.com/jobdetail/CC196983410J40726801907.htm?refcode=4019&srccode=401901&preactionid=483c317b-145b-475e-b191-b388ea67b5a1
软件工程师,苏州江南航天机电工业有限公司,6000-8000元,苏州·昆山·巴城,广州,本科,经验不限,,zhilian,,"C++,C语言",http://www.zhaopin.com/jobdetail/CC140192530J40831181816.htm?refcode=4019&srccode=401901&preactionid=483c317b-145b-475e-b191-b388ea67b5a1
车辆设计工程师（低速智驾方向）,北方车辆仪表,6000-10000元,新乡·红旗区·洪门镇,广州,本科,经验不限,,zhilian,,"Python,C语言,C++,视觉图像算法,运动控制算法,PyTorch,TensorFlow",http://www.zhaopin.com/jobdetail/CC229639120J40718828607.htm?refcode=4019&srccode=401901&preactionid=483c317b-145b-475e-b191-b388ea67b5a1
软件工程师 周末双休 五险一金,浙江桃园智能科技有限公司,5000-8000元,湖州·德清县·阜溪街道,广州,本科,经验不限,,zhilian,,"C语言,C#",http://www.zhaopin.com/jobdetail/CC722995830J40839917203.htm?refcode=4019&srccode=401901&preactionid=483c317b-145b-475e-b191-b388ea67b5a1
软件开发工程师,广东伍纵技术有限公司,8000-15000元,东莞·寮步镇,广州,本科,经验不限,,zhilian,,"C++,C语言,工业自动化软件开发,设备数据采集分析,Python,ARM处理器",http://www.zhaopin.com/jobdetail/CCL1516768390J40826368816.htm?refcode=4019&srccode=401901&preactionid=483c317b-145b-475e-b191-b388ea67b5a1
C++软件工程师,江苏均天电子科技股份有限公司,8000-15000元,沈阳·于洪·北陵,广州,本科,经验不限,,zhilian,,"C++,QT,C语言,C,GUI界面,软件工程师,自动化,计算机",http://www.zhaopin.com/jobdetail/CC254166129J90250264000.htm?refcode=4019&srccode=401901&preactionid=483c317b-145b-475e-b191-b388ea67b5a1
软件开发工程师,广东泽阳智能科技有限公司,6000-12000元·13薪,佛山·三水·西南街道,广州,本科,经验不限,,zhilian,,"C++,C语言,C#",http://www.zhaopin.com/jobdetail/CCL1507563980J40832922511.htm?refcode=4019&srccode=401901&preactionid=483c317b-145b-475e-b191-b388ea67b5a1
嵌入式软件工程师,威海艾迪科电子科技股份有限公司,8000-15000元,杭州·钱塘·白杨,广州,本科,经验不限,,zhilian,,"ARM处理器,C语言,Python",http://www.zhaopin.com/jobdetail/CC246896330J40793736216.htm?refcode=4019&srccode=401901&preactionid=483c317b-145b-475e-b191-b388ea67b5a1
软件开发与技术支持工程师,核芯光电科技(山东)有限公司,5000-7000元,枣庄·山亭区·桑村镇,广州,大专,1-3年,,zhilian,,"C语言,Python",http://www.zhaopin.com/jobdetail/CCL1219807200J40952660115.htm?refcode=4019&srccode=401901&preactionid=483c317b-145b-475e-b191-b388ea67b5a1
C语言设计工程师,扬州万方科技股份有限公司,8000-14000元,成都·青羊·文家,广州,本科,1-3年,,zhilian,,"C,Shell,Ruby,Python",http://www.zhaopin.com/jobdetail/CC415606720J40722677206.htm?refcode=4019&srccode=401901&preactionid=483c317b-145b-475e-b191-b388ea67b5a1
初级嵌入式软件开发工程师,成都极趣科技有限公司,7000-12000元,成都·温江·天府,广州,本科,经验不限,,zhilian,,"32位单片机,ARM处理器,C++,C语言,Python",http://www.zhaopin.com/jobdetail/CC454083310J40784487803.htm?refcode=4019&srccode=401901&preactionid=483c317b-145b-475e-b191-b388ea67b5a1
项目实施工程师,东方电子股份有限公司,5000-8000元·16薪,烟台·芝罘·世回尧,广州,本科,经验不限,,zhilian,,"软件实施,C语言,C++,Java",http://www.zhaopin.com/jobdetail/CC279072610J40641620516.htm?refcode=4019&srccode=401901&preactionid=483c317b-145b-475e-b191-b388ea67b5a1
c++软件研发工程师,山东中飞科技有限公司,8000-13000元,济南·历下·智远,广州,大专,经验不限,,zhilian,,"图形图像处理,C语言",http://www.zhaopin.com/jobdetail/CC419034110J40624600110.htm?refcode=4019&srccode=401901&preactionid=4657a03b-99dd-453a-8daa-e5f67c5f8979
C开发工程师,株式会社GSD,8000-16000元,大连·甘井子·凌水,广州,大专,1-3年,,zhilian,,C语言,http://www.zhaopin.com/jobdetail/CC293515380J40846921911.htm?refcode=4019&srccode=401901&preactionid=4657a03b-99dd-453a-8daa-e5f67c5f8979
c++程序员,软通动力信息技术(集团)股份有限公司,7000-12000元,武汉·洪山·九峰,广州,本科,1-3年,,zhilian,,"Qt,C语言,Java,C++",http://www.zhaopin.com/jobdetail/CC000544460J40818576116.htm?refcode=4019&srccode=401901&preactionid=4657a03b-99dd-453a-8daa-e5f67c5f8979
嵌入式工程师,安徽彭工智能装备科技有限公司,5000-10000元,合肥·蜀山·新产业园,广州,本科,经验不限,,zhilian,,"ST,C语言,RTOS,RT-THREAD,UART / I2C / SPI,PWM / DMA",http://www.zhaopin.com/jobdetail/CCL1220459940J40861914011.htm?refcode=4019&srccode=401901&preactionid=4657a03b-99dd-453a-8daa-e5f67c5f8979
嵌入式软件工程师,广东新劲刚科技股份有限公司,8000-10000元·14薪,佛山·禅城·张槎,广州,本科,经验不限,,zhilian,,"FPGA,XILINX,C语言",http://www.zhaopin.com/jobdetail/CCL1374249830J40729653409.htm?refcode=4019&srccode=401901&preactionid=4657a03b-99dd-453a-8daa-e5f67c5f8979
RTOS软件工程师（会FreeRTOS）,河南企宝宝企业管理咨询有限公司,9000-11000元,渭南·临渭区·崇业路街道,广州,学历不限,经验不限,,zhilian,,C语言,http://www.zhaopin.com/jobdetail/CC879873150J40845815601.htm?refcode=4019&srccode=401901&preactionid=4657a03b-99dd-453a-8daa-e5f67c5f8979
Matlab 【线上兼职】,云南广地建筑设计有限公司,6000-8000元,韶关·浈江区·风采街道,广州,本科,经验不限,,zhilian,,"C语言,Java,Python,图形图像处理,数据分析,嵌入式开发,图像识别,3D图形处理,OpenCV,PyTorch,MySQL",http://www.zhaopin.com/jobdetail/CCL1486759320J40860863207.htm?refcode=4019&srccode=401901&preactionid=4657a03b-99dd-453a-8daa-e5f67c5f8979
机器视觉应用工程师,广东奥普特科技股份有限公司,6000-12000元,东莞·长安镇,广州,大专,经验不限,,zhilian,,"C++,C语言,HALCON",http://www.zhaopin.com/jobdetail/CC278982910J40744229006.htm?refcode=4019&srccode=401901&preactionid=4657a03b-99dd-453a-8daa-e5f67c5f8979
嵌入式开发工程师,深圳网博信息技术有限公司,8000-15000元·14薪,深圳·宝安·松岗,广州,本科,经验不限,,zhilian,,"C语言,C++,Shell,ARM处理器",http://www.zhaopin.com/jobdetail/CCL1504565730J40835533105.htm?refcode=4019&srccode=401901&preactionid=4657a03b-99dd-453a-8daa-e5f67c5f8979
软件工程师,深圳市视联卓创科技有限公司,8000-16000元·16薪,深圳·龙华·大浪,广州,大专,经验不限,,zhilian,,"嵌入式,单片机,STM32,C语言,C51,单片机开发,Keil",http://www.zhaopin.com/jobdetail/CC691234530J40041056702.htm?refcode=4019&srccode=401901&preactionid=4657a03b-99dd-453a-8daa-e5f67c5f8979
软件工程师,无锡尚积半导体科技股份有限公司,6000-10000元·14薪,无锡·新吴·硕放,广州,本科,1-3年,,zhilian,,"C语言,Java",http://www.zhaopin.com/jobdetail/CCL1349330980J40982208402.htm?refcode=4019&srccode=401901&preactionid=4657a03b-99dd-453a-8daa-e5f67c5f8979
软件工程师,江苏佳诚智能科技有限公司,6000-10000元·13薪,无锡·滨湖·雪浪,广州,本科,1-3年,,zhilian,,"32位单片机,8位单片机,C++,C语言",http://www.zhaopin.com/jobdetail/CCL1485464220J40783146908.htm?refcode=4019&srccode=401901&preactionid=4657a03b-99dd-453a-8daa-e5f67c5f8979
嵌入式软件工程师,耐力股份有限公司,8000-13000元,石家庄·元氏·马村,广州,本科,经验不限,,zhilian,,"32位单片机,C语言,C++,C#",http://www.zhaopin.com/jobdetail/CC214456110J40911198908.htm?refcode=4019&srccode=401901&preactionid=4657a03b-99dd-453a-8daa-e5f67c5f8979
FAE-现场技术支持-成都 大厂-六险一金,外企德科数字技术有限公司,7000-12000元,成都·郫都·合作街道,广州,本科,1-3年,,zhilian,,"Linux,Android,C语言,Python,C++,C#",http://www.zhaopin.com/jobdetail/CCL1480117890J40884277805.htm?refcode=4019&srccode=401901&preactionid=4657a03b-99dd-453a-8daa-e5f67c5f8979
c++程序员,南京磨洁自动化科技有限公司,7000-8000元,南京·栖霞·栖霞街道,广州,大专,1-3年,,zhilian,,"QT开发,C语言",http://www.zhaopin.com/jobdetail/CC876215450J40677384907.htm?refcode=4019&srccode=401901&preactionid=4657a03b-99dd-453a-8daa-e5f67c5f8979
嵌入式开发工程师,重庆泳辰科技有限公司,8000-10000元·13薪,重庆·两江新区,广州,本科,经验不限,,zhilian,,"C语言,C++,ARM处理器,嵌入式系统开发,传感器驱动开发,环保监测设备开发",http://www.zhaopin.com/jobdetail/CCL1520541020J40894536613.htm?refcode=4019&srccode=401901&preactionid=72cf4ca7-af38-44b5-8192-8f618cbf167b
软件开发工程师,丹东百特仪器有限公司,6000-10000元,丹东·振兴区·浪头镇,广州,硕士,经验不限,,zhilian,,"C++,C语言",http://www.zhaopin.com/jobdetail/CC634388020J90250000000.htm?refcode=4019&srccode=401901&preactionid=72cf4ca7-af38-44b5-8192-8f618cbf167b
嵌入式软件工程师,上海诺行信息技术有限公司,8000-12000元,泰安·泰山区·财源街道,广州,本科,1-3年,,zhilian,,"C语言,RTOS,嵌入式技术,FreeRTOS",http://www.zhaopin.com/jobdetail/CC402600910J40901555608.htm?refcode=4019&srccode=401901&preactionid=72cf4ca7-af38-44b5-8192-8f618cbf167b
软件实施工程师,云南盈联设备制造有限公司,5000-10000元,曲靖·麒麟区·西城街道,广州,大专,1-3年,,zhilian,,"MySQL,软件实施,硬件实施,MES系统,PLM软件,PLC,C语言,Python,Java",http://www.zhaopin.com/jobdetail/CC862695720J40866506807.htm?refcode=4019&srccode=401901&preactionid=72cf4ca7-af38-44b5-8192-8f618cbf167b
嵌入式软件工程师,唐山市青年民营企业家协会,7000-10000元·14薪,唐山·路北区·果园镇,广州,本科,经验不限,,zhilian,,"C语言,ARM处理器,电子,电路",http://www.zhaopin.com/jobdetail/CCL1311155990J40912000803.htm?refcode=4019&srccode=401901&preactionid=72cf4ca7-af38-44b5-8192-8f618cbf167b
实施工程师,东华医为科技有限公司,7000-14000元,贵阳,广州,本科,经验不限,,zhilian,,"软件实施,HIS软件,金仓数据库,SQL Server,CACHE,Java,C语言,C++",http://www.zhaopin.com/jobdetail/CC649781480J40778234705.htm?refcode=4019&srccode=401901&preactionid=72cf4ca7-af38-44b5-8192-8f618cbf167b
RTOS软件工程师（会FreeRTOS）,河南企宝宝企业管理咨询有限公司,9000-11000元,十堰·茅箭区·武当路街道,广州,学历不限,经验不限,,zhilian,,C语言,http://www.zhaopin.com/jobdetail/CC879873150J40845815101.htm?refcode=4019&srccode=401901&preactionid=72cf4ca7-af38-44b5-8192-8f618cbf167b
嵌入式开发工程师,迪佳特能源科技(杭州)有限公司,6000-12000元,保定·涿州·刁窝,广州,本科,经验不限,,zhilian,,"C语言,32位单片机,汇编语言,应用地球物理专业背景",http://www.zhaopin.com/jobdetail/CCL1526221450J40894296013.htm?refcode=4019&srccode=401901&preactionid=72cf4ca7-af38-44b5-8192-8f618cbf167b
Linux软件助理工程师,深圳市鑫巴斯信息技术有限公司,8000-15000元,深圳·福田·福保,广州,本科,1-3年,,zhilian,,"C语言,C++",http://www.zhaopin.com/jobdetail/CC345667910J40807408503.htm?refcode=4019&srccode=401901&preactionid=72cf4ca7-af38-44b5-8192-8f618cbf167b
初级嵌入式软件工程师,北京中科安源网络科技有限公司,7000-10000元,北京,广州,本科,1年以下,,zhilian,,"C语言,C++,ARM处理器,嵌入式系统开发,操作系统开发经验,硬件协作联调",http://www.zhaopin.com/jobdetail/CCL1523503100J40949984415.htm?refcode=4019&srccode=401901&preactionid=72cf4ca7-af38-44b5-8192-8f618cbf167b
c++开发工程师,北京国泰星云科技有限公司青岛分公司,7000-14000元·13薪,青岛·黄岛·长江路,广州,本科,经验不限,,zhilian,,"C语言,Linux开发,MySQL",http://www.zhaopin.com/jobdetail/CCL1521212320J40924071312.htm?refcode=4019&srccode=401901&preactionid=72cf4ca7-af38-44b5-8192-8f618cbf167b
嵌入式软件开发工程师,爱德克斯(常州)汽车技术研发有限公司,7000-10000元,常州·武进·湖塘,广州,本科,经验不限,,zhilian,,C语言,http://www.zhaopin.com/jobdetail/CC513592420J40952784508.htm?refcode=4019&srccode=401901&preactionid=72cf4ca7-af38-44b5-8192-8f618cbf167b
嵌入式软件工程师,贵州安盛科技技术服务有限公司,7000-13000元·13薪,珠海·香洲区·唐家湾镇,广州,本科,经验不限,,zhilian,,"C语言,C++,ARM处理器,32位单片机,嵌入式驱动开发,RTOS/嵌入式LINUX开发,硬件接口适配,PIC单片机,Python",http://www.zhaopin.com/jobdetail/CCL1502840300J40935095308.htm?refcode=4019&srccode=401901&preactionid=72cf4ca7-af38-44b5-8192-8f618cbf167b
嵌入式软件工程师,山东微纳电子科技有限公司,6000-12000元,东营·东营区·东城街道,广州,本科,1-3年,,zhilian,,"嵌入式硬件开发,嵌入式软件开发,C语言,C++,Java,Android,Ubuntu,RT-Thread",http://www.zhaopin.com/jobdetail/CC577358030J40381397014.htm?refcode=4019&srccode=401901&preactionid=72cf4ca7-af38-44b5-8192-8f618cbf167b
软件工程师（五险一金+双休）,深圳市智越盛电子科技有限公司,5000-9000元,深圳·宝安·石岩,广州,本科,经验不限,,zhilian,,"32位单片机,C语言,8位单片机,ARM处理器,C++,汇编语言",http://www.zhaopin.com/jobdetail/CCL1286802530J40617053502.htm?refcode=4019&srccode=401901&preactionid=72cf4ca7-af38-44b5-8192-8f618cbf167b
C++应用工程师,上海轶炫自动化科技有限公司,8000-15000元·13薪,上海·奉贤·南桥,广州,本科,1-3年,,zhilian,,"C语言,C#,图形图像处理,Linux开发,图像识别",http://www.zhaopin.com/jobdetail/CCL1488089650J40869085709.htm?refcode=4019&srccode=401901&preactionid=72cf4ca7-af38-44b5-8192-8f618cbf167b
